sig_id	compartment	eval_unit	n_genes_used	auc_dkd_ctrl	auc_dkd_other	adj_auc_dkd_other	strat_auc_dkd_other	specificity_ratio	r_injury	auc_dkd_ctrl_null_median	auc_dkd_ctrl_pct_vs_random	auc_dkd_other_null_median	auc_dkd_other_pct_vs_random	adj_auc_dkd_other_null_median	adj_auc_dkd_other_pct_vs_random	specificity_ratio_null_median	specificity_ratio_pct_vs_random
INJURY	GLOM	ERCB_GLOM_H1		1.0	0.727433628318584	0.5132743362831859	0.4744525547445255	1.9090852763559987	1.0								
ORIENT_DE_50	GLOM	ERCB_GLOM_H1	48.0	0.8148148148148149	0.6637168141592921	0.6442477876106195	0.6277372262773723	2.8357807198576337	0.36598466703931715	0.6444444444444445	0.841	0.6194690265486725	0.666	0.6070796460176991	0.647	1.6759993069767631	0.701
ORIENT_DE_200	GLOM	ERCB_GLOM_H1	192.0	0.8296296296296296	0.6814159292035398	0.647787610619469	0.656934306569343	3.0881330025722584	0.37383623864927806	0.6592592592592592	0.94	0.631858407079646	0.832	0.6194690265486725	0.72	3.1093492301185366	0.498
PMID40611469_0	GLOM	ERCB_GLOM_H1	2.0	0.8962962962962963	0.5964601769911504	0.5504424778761062	0.5182481751824818	2.072585032906225	0.5728506025191549	0.5333333333333334	0.946	0.5336283185840709	0.652	0.5256637168141594	0.555	1.1755633361067104	0.735
PMID41117762_1	GLOM	ERCB_GLOM_H1	2.0	0.837037037037037	0.5150442477876106	0.45309734513274336	0.48905109489051096	0.9003704968953464	0.3962715180368678	0.5333333333333334	0.888	0.5336283185840709	0.453	0.5256637168141594	0.325	1.1755633361067104	0.422
PMID41528564_2	GLOM	ERCB_GLOM_H1	4.0	0.7481481481481482	0.6106194690265487	0.5876106194690265	0.5182481751824818	2.509471126799214	0.25736570703013656	0.5555555555555556	0.77	0.5504424778761061	0.656	0.5495575221238937	0.592	1.25423209581839	0.786
PMID41569454_4	GLOM	ERCB_GLOM_H1	3.0	0.9407407407407408	0.49823008849557526	0.3805309734513274	0.3686131386861314	1.2415673886160319	0.6348562348516944	0.5555555555555556	0.984	0.5504424778761061	0.386	0.5415929203539822	0.154	1.1662056299727723	0.525
PMID41582386_5	GLOM	ERCB_GLOM_H1	7.0	0.6148148148148148	0.6283185840707964	0.6424778761061947	0.6277372262773723	84.33688796609647	-0.111654766807921	0.5777777777777778	0.548	0.5646017699115045	0.665	0.5575221238938053	0.696	1.2941677656130286	0.993
PMID41593805_6	GLOM	ERCB_GLOM_H1	5.0	0.9925925925925927	0.6619469026548672	0.5380530973451327	0.5547445255474452	1.7080782782859076	0.7374783327336444	0.562962962962963	0.998	0.5526548672566372	0.762	0.552212389380531	0.463	1.3557788455170203	0.602
PMID41709877_7	GLOM	ERCB_GLOM_H1	4.0	0.9111111111111111	0.631858407079646	0.6000000000000001	0.6204379562043796	0.8832703174615697	0.3733216849228355	0.5555555555555556	0.947	0.5504424778761061	0.713	0.5495575221238937	0.634	1.25423209581839	0.371
PMID41825713_8	GLOM	ERCB_GLOM_H1	2.0	0.9185185185185186	0.7061946902654868	0.6176991150442478	0.6277372262773723	2.344982144712111	0.48275919511157167	0.5333333333333334	0.967	0.5336283185840709	0.883	0.5256637168141594	0.721	1.1755633361067104	0.775
PMID41867465_10	GLOM	ERCB_GLOM_H1	2.0	0.6962962962962963	0.5575221238938053	0.5026548672566371	0.49635036496350365	1.1424559125252955	0.21635748626933726	0.5333333333333334	0.718	0.5336283185840709	0.562	0.5256637168141594	0.431	1.1755633361067104	0.492
PMID41878449_11	GLOM	ERCB_GLOM_H1	6.0	0.837037037037037	0.5097345132743363	0.43185840707964607	0.41605839416058393	1.579363198727995	0.5127805520902357	0.5555555555555556	0.877	0.5566371681415929	0.365	0.5469026548672566	0.242	1.2925519201433082	0.595
PMID41925798_12	GLOM	ERCB_GLOM_H1	9.0	0.8444444444444444	0.6867256637168142	0.7575221238938054	0.7153284671532847	2.144836453837952	-0.11124355419657435	0.5777777777777778	0.89	0.568141592920354	0.839	0.5557522123893806	0.932	1.2936708353437816	0.721
PMID41928356_13	GLOM	ERCB_GLOM_H1	4.0	0.9185185185185185	0.7823008849557522	0.7787610619469026	0.7737226277372263	2.3778651344925468	0.30224136479036995	0.5555555555555556	0.953	0.5504424778761061	0.962	0.5495575221238937	0.944	1.25423209581839	0.764
PMID41944350_14	GLOM	ERCB_GLOM_H1	4.0	0.9333333333333332	0.6407079646017699	0.5256637168141594	0.49635036496350365	1.5295440578631427	0.6524824926637175	0.5555555555555556	0.965	0.5504424778761061	0.733	0.5495575221238937	0.449	1.25423209581839	0.594
PMID41978270_15	GLOM	ERCB_GLOM_H1	3.0	0.9185185185185185	0.4194690265486725	0.2973451327433628	0.291970802919708	1.1394488895771675	0.617934603553012	0.5555555555555556	0.967	0.5504424778761061	0.198	0.5415929203539822	0.069	1.1662056299727723	0.488
PMID42107160_17	GLOM	ERCB_GLOM_H1	2.0	0.6592592592592592	0.47787610619469023	0.5079646017699115	0.5182481751824818	0.7677576025522148	0.02469487704387034	0.5333333333333334	0.665	0.5336283185840709	0.361	0.5256637168141594	0.445	1.1755633361067104	0.368
PMID42123756_18	GLOM	ERCB_GLOM_H1	5.0	0.7481481481481482	0.6955752212389381	0.6884955752212389	0.6496350364963503	4.285769527487034	0.1802085608413509	0.562962962962963	0.744	0.5526548672566372	0.832	0.552212389380531	0.82	1.3557788455170203	0.898
PMID42169644_19	GLOM	ERCB_GLOM_H1	3.0	0.6296296296296297	0.42123893805309737	0.3185840707964602	0.29927007299270075	0.8206727911188513	0.38986144067639766	0.5555555555555556	0.628	0.5504424778761061	0.201	0.5415929203539822	0.09	1.1662056299727723	0.373
PMID42278229_21	GLOM	ERCB_GLOM_H1	4.0	0.7481481481481482	0.6442477876106195	0.5946902654867257	0.5985401459854015	1.4298485987744178	0.4938753299251862	0.5555555555555556	0.77	0.5504424778761061	0.74	0.5495575221238937	0.612	1.25423209581839	0.557
PMID42402786_22	GLOM	ERCB_GLOM_H1	4.0	0.9333333333333333	0.631858407079646	0.552212389380531	0.49635036496350365	1.080583224309799	0.7346161392182486	0.5555555555555556	0.965	0.5504424778761061	0.713	0.5495575221238937	0.506	1.25423209581839	0.448
PMID42461218_23	GLOM	ERCB_GLOM_H1	5.0	0.8518518518518519	0.679646017699115	0.5911504424778762	0.5693430656934306	3.0007838004870413	0.4135012974897923	0.562962962962963	0.892	0.5526548672566372	0.799	0.552212389380531	0.604	1.3557788455170203	0.821
PMID42464365_24	GLOM	ERCB_GLOM_H1	9.0	0.8074074074074075	0.752212389380531	0.7132743362831859	0.7226277372262774	4.2667370153881095	0.35252853181904	0.5777777777777778	0.845	0.568141592920354	0.943	0.5557522123893806	0.878	1.2936708353437816	0.904
PMID42602622_28	GLOM	ERCB_GLOM_H1	4.0	0.8592592592592593	0.7115044247787611	0.5929203539823009	0.5985401459854015	2.274369775321066	0.5907409943843309	0.5555555555555556	0.902	0.5504424778761061	0.874	0.5495575221238937	0.608	1.25423209581839	0.754
PMID42621048_29	GLOM	ERCB_GLOM_H1	3.0	0.874074074074074	0.4637168141592921	0.44601769911504424	0.48175182481751827	0.7627215806231301	0.3950147471606351	0.5555555555555556	0.912	0.5504424778761061	0.297	0.5415929203539822	0.279	1.1662056299727723	0.358
PMID42694848_32	GLOM	ERCB_GLOM_H1	2.0	0.8666666666666667	0.6070796460176991	0.5787610619469027	0.5985401459854015	1.203018865368324	0.3731350880620396	0.5333333333333334	0.926	0.5336283185840709	0.682	0.5256637168141594	0.622	1.1755633361067104	0.508
PMID42713097_33	GLOM	ERCB_GLOM_H1	2.0	0.8296296296296296	0.576991150442478	0.55929203539823	0.5766423357664233	1.6667741506558955	0.43071928451060604	0.5333333333333334	0.879	0.5336283185840709	0.61	0.5256637168141594	0.576	1.1755633361067104	0.644
PMID42735794_34	GLOM	ERCB_GLOM_H1	7.0	0.925925925925926	0.647787610619469	0.584070796460177	0.5912408759124088	1.8858307053627628	0.5302198514087297	0.5777777777777778	0.96	0.5646017699115045	0.706	0.5575221238938053	0.565	1.2941677656130286	0.664
PMID42747041_35	GLOM	ERCB_GLOM_H1	2.0	0.9555555555555555	0.7238938053097346	0.6212389380530974	0.635036496350365	1.7548964542638492	0.6787272360466434	0.5333333333333334	0.985	0.5336283185840709	0.902	0.5256637168141594	0.724	1.1755633361067104	0.674
PMID42787683_36	GLOM	ERCB_GLOM_H1	5.0	0.9851851851851852	0.7787610619469028	0.6920353982300885	0.6496350364963503	1.3772137139070477	0.6873204034626148	0.562962962962963	0.997	0.5526548672566372	0.958	0.552212389380531	0.826	1.3557788455170203	0.506
PMID39028495_37	GLOM	ERCB_GLOM_H1	7.0	0.8	0.5893805309734512	0.6070796460176991	0.5985401459854015	0.9675142242369194	0.13736388825672788	0.5777777777777778	0.819	0.5646017699115045	0.571	0.5575221238938053	0.616	1.2941677656130286	0.401
PMID39509016_38	GLOM	ERCB_GLOM_H1	4.0	0.9555555555555556	0.5398230088495575	0.44778761061946903	0.46715328467153283	1.463224181765324	0.5966491076749946	0.5555555555555556	0.988	0.5504424778761061	0.477	0.5495575221238937	0.3	1.25423209581839	0.569
PMID39838413_39	GLOM	ERCB_GLOM_H1	5.0	0.9481481481481481	0.6548672566371682	0.5309734513274336	0.48905109489051096	1.853589463259644	0.8340767832618265	0.562962962962963	0.977	0.5526548672566372	0.75	0.552212389380531	0.446	1.3557788455170203	0.641
PMID39865825_41	GLOM	ERCB_GLOM_H1	5.0	0.7851851851851852	0.5849557522123894	0.7079646017699115	0.7043795620437956	2.8667911055849684	-0.13973676271094304	0.562962962962963	0.799	0.5526548672566372	0.576	0.552212389380531	0.852	1.3557788455170203	0.812
PMID39892769_43	GLOM	ERCB_GLOM_H1	2.0	0.9407407407407408	0.6300884955752213	0.43539823008849554	0.40875912408759124	2.056480606118237	0.8751213508032006	0.5333333333333334	0.978	0.5336283185840709	0.744	0.5256637168141594	0.29	1.1755633361067104	0.735
PMID39920798_44	GLOM	ERCB_GLOM_H1	2.0	0.9111111111111112	0.6336283185840708	0.5221238938053098	0.48905109489051096	2.355518767946072	0.5691482470005961	0.5333333333333334	0.961	0.5336283185840709	0.754	0.5256637168141594	0.486	1.1755633361067104	0.775
PMID39953123_45	GLOM	ERCB_GLOM_H1	4.0	0.8074074074074075	0.45309734513274336	0.2867256637168141	0.35036496350364965	0.9622143793507788	0.4635027106674384	0.5555555555555556	0.837	0.5504424778761061	0.274	0.5495575221238937	0.048	1.25423209581839	0.398
PMID39957315_46	GLOM	ERCB_GLOM_H1	2.0	0.8592592592592594	0.784070796460177	0.7752212389380531	0.8102189781021898	4.552427780813164	0.08501998063956313	0.5333333333333334	0.926	0.5336283185840709	0.967	0.5256637168141594	0.943	1.1755633361067104	0.893
PMID39959271_47	GLOM	ERCB_GLOM_H1	2.0	0.8888888888888888	0.5150442477876107	0.3345132743362832	0.39416058394160586	1.397172030187626	0.615596759045263	0.5333333333333334	0.942	0.5336283185840709	0.457	0.5256637168141594	0.12	1.1755633361067104	0.559
PMID39988817_48	GLOM	ERCB_GLOM_H1	2.0	0.7333333333333334	0.5646017699115045	0.47079646017699117	0.48905109489051096	1.344182074880901	0.40051529409151654	0.5333333333333334	0.781	0.5336283185840709	0.584	0.5256637168141594	0.361	1.1755633361067104	0.542
PMID39995931_49	GLOM	ERCB_GLOM_H1	4.0	0.9777777777777777	0.7345132743362832	0.6672566371681417	0.6204379562043796	1.9754261311345949	0.5603045861914511	0.5555555555555556	0.999	0.5504424778761061	0.903	0.5495575221238937	0.782	1.25423209581839	0.705
PMID40097518_50	GLOM	ERCB_GLOM_H1	4.0	0.49629629629629635	0.47256637168141596	0.34513274336283184	0.35036496350364965	0.0741242316431255	0.29454313922195036	0.5555555555555556	0.427	0.5504424778761061	0.328	0.5495575221238937	0.115	1.25423209581839	0.173
PMID40228227_52	GLOM	ERCB_GLOM_H1	3.0	0.8592592592592592	0.9185840707964602	0.9203539823008849	0.9197080291970803	-14.738808278990264	-0.047005822051259	0.5555555555555556	0.898	0.5504424778761061	0.999	0.5415929203539822	0.999	1.1662056299727723	0.013
PMID40230799_53	GLOM	ERCB_GLOM_H1	3.0	0.4444444444444445	0.5734513274336284	0.6	0.583941605839416	0.5757302520678105	-0.1005991415452801	0.5555555555555556	0.354	0.5504424778761061	0.572	0.5415929203539822	0.65	1.1662056299727723	0.287
PMID40312440_56	GLOM	ERCB_GLOM_H1	7.0	0.7333333333333334	0.7592920353982301	0.7522123893805309	0.7372262773722628	5.4515285414578205	0.20998974594372485	0.5777777777777778	0.728	0.5646017699115045	0.936	0.5575221238938053	0.912	1.2941677656130286	0.925
PMID40374840_57	GLOM	ERCB_GLOM_H1	5.0	0.9481481481481482	0.5823008849557523	0.4389380530973451	0.4744525547445255	1.5712583387628318	0.6799994077079409	0.562962962962963	0.978	0.5526548672566372	0.568	0.552212389380531	0.243	1.3557788455170203	0.57
PMID40376698_58	GLOM	ERCB_GLOM_H1	5.0	0.6814814814814815	0.5858407079646017	0.5292035398230088	0.5036496350364964	2.6340878909976757	0.3766792405335071	0.562962962962963	0.662	0.5526548672566372	0.576	0.552212389380531	0.443	1.3557788455170203	0.78
PMID40460381_59	GLOM	ERCB_GLOM_H1	2.0	0.9407407407407408	0.6300884955752213	0.43539823008849554	0.40875912408759124	2.056480606118237	0.8751213508032006	0.5333333333333334	0.978	0.5336283185840709	0.744	0.5256637168141594	0.29	1.1755633361067104	0.735
PMID40470717_60	GLOM	ERCB_GLOM_H1	10.0	0.9185185185185186	0.6017699115044248	0.5699115044247788	0.583941605839416	1.4649847269489533	0.5713027093659885	0.6000000000000001	0.951	0.5752212389380531	0.581	0.5637168141592921	0.511	1.2970312177497525	0.544
PMID40505639_61	GLOM	ERCB_GLOM_H1	3.0	0.5555555555555556	0.5628318584070796	0.5433628318584071	0.5182481751824818	-2.642195880004837	0.06829127442742017	0.5555555555555556	0.499	0.5504424778761061	0.547	0.5415929203539822	0.502	1.1662056299727723	0.058
PMID40555691_62	GLOM	ERCB_GLOM_H1	6.0	0.8444444444444446	0.7115044247787611	0.7115044247787611	0.708029197080292	2.5924967554013745	0.33842457715899715	0.5555555555555556	0.889	0.5566371681415929	0.877	0.5469026548672566	0.874	1.2925519201433082	0.803
PMID40615901_63	GLOM	ERCB_GLOM_H1	2.0	0.48888888888888893	0.5203539823008849	0.5380530973451327	0.5182481751824818	-0.44877704599017265	-0.15202684568753336	0.5333333333333334	0.439	0.5336283185840709	0.468	0.5256637168141594	0.521	1.1755633361067104	0.151
PMID40624623_64	GLOM	ERCB_GLOM_H1	2.0	0.9111111111111111	0.5858407079646017	0.4743362831858407	0.4233576642335766	1.0641732790604477	0.5948315114182804	0.5333333333333334	0.954	0.5336283185840709	0.626	0.5256637168141594	0.368	1.1755633361067104	0.469
PMID40640102_65	GLOM	ERCB_GLOM_H1	3.0	0.9407407407407408	0.5929203539823009	0.4743362831858407	0.39416058394160586	1.3034618652048895	0.7262203992788845	0.5555555555555556	0.984	0.5504424778761061	0.626	0.5415929203539822	0.341	1.1662056299727723	0.548
PMID40703651_68	GLOM	ERCB_GLOM_H1	2.0	0.1851851851851852	0.4849557522123894	0.36637168141592924	0.3722627737226277	1.4548634522085617	0.034049452776710135	0.5333333333333334	0.076	0.5336283185840709	0.378	0.5256637168141594	0.169	1.1755633361067104	0.585
PMID40742465_69	GLOM	ERCB_GLOM_H1	2.0	0.9333333333333333	0.7929203539823009	0.7504424778761062	0.7226277372262774	2.380069385192526	0.6664507268534116	0.5333333333333334	0.974	0.5336283185840709	0.971	0.5256637168141594	0.921	1.1755633361067104	0.78
PMID40764924_71	GLOM	ERCB_GLOM_H1	2.0	0.7925925925925925	0.5398230088495575	0.4601769911504425	0.46715328467153283	1.3959869871079844	0.322417884258728	0.5333333333333334	0.85	0.5336283185840709	0.512	0.5256637168141594	0.34	1.1755633361067104	0.559
PMID40775242_72	GLOM	ERCB_GLOM_H1	3.0	0.17777777777777778	0.29026548672566377	0.31504424778761064	0.32116788321167883	9.057143521709543	-0.07562095864412655	0.5555555555555556	0.046	0.5504424778761061	0.053	0.5415929203539822	0.084	1.1662056299727723	0.971
PMID40825025_73	GLOM	ERCB_GLOM_H1	5.0	0.9407407407407408	0.7787610619469026	0.7628318584070796	0.7518248175182481	1.7193070904433478	0.31819410151145533	0.562962962962963	0.971	0.5526548672566372	0.958	0.552212389380531	0.931	1.3557788455170203	0.609
PMID40898746_74	GLOM	ERCB_GLOM_H1	3.0	0.7333333333333334	0.6389380530973452	0.5663716814159292	0.6058394160583942	6.657805450434089	0.29128765338308726	0.5555555555555556	0.76	0.5504424778761061	0.749	0.5415929203539822	0.555	1.1662056299727723	0.952
PMID40948769_75	GLOM	ERCB_GLOM_H1	5.0	0.8148148148148148	0.5008849557522124	0.36460176991150445	0.34306569343065696	1.3681013127838584	0.5556852223922302	0.562962962962963	0.846	0.5526548672566372	0.364	0.552212389380531	0.132	1.3557788455170203	0.503
PMID40950408_76	GLOM	ERCB_GLOM_H1	5.0	0.5407407407407407	0.5628318584070796	0.6477876106194691	0.6861313868613139	-17.554273308558155	-0.2775554625986074	0.562962962962963	0.453	0.5526548672566372	0.524	0.552212389380531	0.737	1.3557788455170203	0.017
PMID40958910_77	GLOM	ERCB_GLOM_H1	2.0	0.7555555555555556	0.6690265486725664	0.6530973451327433	0.6131386861313869	3.0413194366317504	0.21953695674515	0.5333333333333334	0.811	0.5336283185840709	0.813	0.5256637168141594	0.782	1.1755633361067104	0.839
PMID40969366_78	GLOM	ERCB_GLOM_H1	4.0	0.9037037037037037	0.6584070796460177	0.5752212389380531	0.5547445255474452	2.3100039663505685	0.4833459349757333	0.5555555555555556	0.942	0.5504424778761061	0.782	0.5495575221238937	0.564	1.25423209581839	0.757
PMID41122706_79	GLOM	ERCB_GLOM_H1	3.0	0.9333333333333332	0.6584070796460177	0.5221238938053098	0.45255474452554745	1.454586529381733	0.8272395118032704	0.5555555555555556	0.976	0.5504424778761061	0.785	0.5415929203539822	0.452	1.1662056299727723	0.591
PMID41162187_80	GLOM	ERCB_GLOM_H1	2.0	0.9851851851851852	0.6955752212389381	0.6265486725663717	0.5693430656934306	2.0771041926890117	0.6084135087011406	0.5333333333333334	0.994	0.5336283185840709	0.869	0.5256637168141594	0.735	1.1755633361067104	0.735
PMID41164826_81	GLOM	ERCB_GLOM_H1	3.0	0.6962962962962963	0.5415929203539823	0.6566371681415929	0.635036496350365	0.9385113838444517	-0.14406962399605633	0.5555555555555556	0.709	0.5504424778761061	0.478	0.5415929203539822	0.758	1.1662056299727723	0.419
PMID41311665_83	GLOM	ERCB_GLOM_H1	6.0	0.6518518518518519	0.5079646017699115	0.4796460176991151	0.48905109489051096	1.0881640261192833	0.3202708255440758	0.5555555555555556	0.62	0.5566371681415929	0.363	0.5469026548672566	0.328	1.2925519201433082	0.44
PMID41329505_84	GLOM	ERCB_GLOM_H1	2.0	0.925925925925926	0.6283185840707965	0.5663716814159292	0.5766423357664233	1.9829057553176601	0.5434871935351322	0.5333333333333334	0.971	0.5336283185840709	0.741	0.5256637168141594	0.591	1.1755633361067104	0.718
PMID41332907_85	GLOM	ERCB_GLOM_H1	5.0	0.9703703703703703	0.7787610619469026	0.7415929203539824	0.708029197080292	4.7170816531568915	0.41205758559545713	0.562962962962963	0.99	0.5526548672566372	0.958	0.552212389380531	0.908	1.3557788455170203	0.911
PMID41353443_86	GLOM	ERCB_GLOM_H1	3.0	0.8592592592592593	0.5238938053097345	0.5628318584070797	0.583941605839416	0.9948073717331847	0.14795455639175678	0.5555555555555556	0.902	0.5504424778761061	0.448	0.5415929203539822	0.546	1.1662056299727723	0.436
PMID41438111_87	GLOM	ERCB_GLOM_H1	5.0	0.725925925925926	0.5079646017699115	0.4460176991150443	0.45985401459854014	1.4290724223034186	0.5098783210000852	0.562962962962963	0.714	0.5526548672566372	0.377	0.552212389380531	0.265	1.3557788455170203	0.519
PMID41479901_88	GLOM	ERCB_GLOM_H1	8.0	0.9925925925925927	0.7805309734513274	0.6672566371681417	0.6423357664233577	1.7941443061871523	0.7152889089610087	0.562962962962963	0.999	0.5730088495575221	0.965	0.5646017699115045	0.773	1.2318925455808931	0.648
PMID41503644_89	GLOM	ERCB_GLOM_H1	3.0	0.9851851851851853	0.6336283185840708	0.49026548672566367	0.45985401459854014	1.8869641767236272	0.7468865306186087	0.5555555555555556	0.997	0.5504424778761061	0.733	0.5415929203539822	0.384	1.1662056299727723	0.715
PMID41669232_90	GLOM	ERCB_GLOM_H1	6.0	0.7777777777777778	0.7097345132743363	0.6973451327433628	0.6642335766423357	3.9880419198026353	0.30499709406708453	0.5555555555555556	0.812	0.5566371681415929	0.877	0.5469026548672566	0.857	1.2925519201433082	0.903
PMID37737517_91	GLOM	ERCB_GLOM_H1	5.0	0.9333333333333333	0.6867256637168142	0.6300884955752213	0.5620437956204379	1.6237052057778254	0.5411513417266055	0.562962962962963	0.968	0.5526548672566372	0.817	0.552212389380531	0.685	1.3557788455170203	0.58
PMID37777674_92	GLOM	ERCB_GLOM_H1	4.0	0.8962962962962963	0.5557522123893806	0.44601769911504435	0.45255474452554745	1.69862542583674	0.6136219769968572	0.5555555555555556	0.936	0.5504424778761061	0.515	0.5495575221238937	0.299	1.25423209581839	0.634
PMID37957539_93	GLOM	ERCB_GLOM_H1	2.0	0.7185185185185186	0.44601769911504424	0.4902654867256637	0.5036496350364964	0.7382579671351767	0.08579350477720565	0.5333333333333334	0.753	0.5336283185840709	0.297	0.5256637168141594	0.401	1.1755633361067104	0.359
PMID38104515_94	GLOM	ERCB_GLOM_H1	4.0	0.9481481481481482	0.6460176991150443	0.5256637168141594	0.5182481751824818	1.563759284530869	0.644343425743234	0.5555555555555556	0.986	0.5504424778761061	0.744	0.5495575221238937	0.449	1.25423209581839	0.605
PMID38292407_95	GLOM	ERCB_GLOM_H1	12.0	0.7851851851851852	0.7238938053097345	0.736283185840708	0.7153284671532847	2.9034875339809187	-0.0035833669582471116	0.6074074074074074	0.776	0.5823008849557523	0.875	0.5716814159292035	0.889	1.276591686174315	0.825
PMID38304805_96	GLOM	ERCB_GLOM_H1	5.0	0.8222222222222222	0.631858407079646	0.552212389380531	0.5693430656934306	1.699834600660974	0.45995920588442163	0.562962962962963	0.856	0.5526548672566372	0.698	0.552212389380531	0.495	1.3557788455170203	0.601
PMID38332898_97	GLOM	ERCB_GLOM_H1	2.0	0.6740740740740742	0.6176991150442478	0.5858407079646017	0.5693430656934306	3.383491066997453	0.1335521134468118	0.5333333333333334	0.697	0.5336283185840709	0.706	0.5256637168141594	0.636	1.1755633361067104	0.863
PMID38375694_98	GLOM	ERCB_GLOM_H1	2.0	0.7777777777777779	0.431858407079646	0.40176991150442476	0.30656934306569344	0.9213908761837147	0.4451519044040617	0.5333333333333334	0.834	0.5336283185840709	0.266	0.5256637168141594	0.228	1.1755633361067104	0.427
PMID38390317_99	GLOM	ERCB_GLOM_H1	3.0	0.962962962962963	0.7823008849557522	0.7805309734513275	0.7737226277372263	1.5822126096587266	0.3680058636913862	0.5555555555555556	0.991	0.5504424778761061	0.959	0.5415929203539822	0.945	1.1662056299727723	0.623
PMID38643193_100	GLOM	ERCB_GLOM_H1	5.0	0.9777777777777777	0.8106194690265487	0.7628318584070796	0.7445255474452555	2.4716318612525794	0.4739192279467893	0.562962962962963	0.994	0.5526548672566372	0.973	0.552212389380531	0.931	1.3557788455170203	0.762
PMID38691241_101	GLOM	ERCB_GLOM_H1	5.0	0.7555555555555555	0.4584070796460178	0.44070796460177	0.42335766423357657	0.9303462937316846	0.4104695025116885	0.562962962962963	0.751	0.5526548672566372	0.267	0.552212389380531	0.255	1.3557788455170203	0.351
PMID38764052_102	GLOM	ERCB_GLOM_H1	8.0	0.925925925925926	0.5787610619469026	0.47079646017699117	0.46715328467153283	1.7830744007822517	0.5921661971518156	0.562962962962963	0.972	0.5730088495575221	0.519	0.5646017699115045	0.27	1.2318925455808931	0.647
PMID38766319_103	GLOM	ERCB_GLOM_H1	2.0	0.9259259259259258	0.5964601769911504	0.46371681415929206	0.40145985401459855	1.2217504624234559	0.6089132551261027	0.5333333333333334	0.967	0.5336283185840709	0.652	0.5256637168141594	0.345	1.1755633361067104	0.515
PMID38774257_104	GLOM	ERCB_GLOM_H1	2.0	0.9185185185185185	0.6849557522123894	0.672566371681416	0.6715328467153284	2.146198610991083	0.5285355208653387	0.5333333333333334	0.963	0.5336283185840709	0.851	0.5256637168141594	0.819	1.1755633361067104	0.747
PMID38851464_105	GLOM	ERCB_GLOM_H1	3.0	0.9851851851851853	0.8017699115044248	0.7628318584070797	0.7664233576642335	1.3257565824028734	0.4445299977418866	0.5555555555555556	0.997	0.5504424778761061	0.969	0.5415929203539822	0.929	1.1662056299727723	0.555
PMID38951833_106	GLOM	ERCB_GLOM_H1	7.0	0.9407407407407408	0.7663716814159292	0.7380530973451327	0.7737226277372263	1.7466636063437262	0.5939689861070494	0.5777777777777778	0.966	0.5646017699115045	0.943	0.5575221238938053	0.891	1.2941677656130286	0.631
PMID38968594_107	GLOM	ERCB_GLOM_H1	4.0	0.8666666666666667	0.7539823008849558	0.727433628318584	0.7153284671532847	3.7489582816770257	0.2975257856000806	0.5555555555555556	0.905	0.5504424778761061	0.934	0.5495575221238937	0.885	1.25423209581839	0.873
PMID39085362_108	GLOM	ERCB_GLOM_H1	2.0	0.9259259259259259	0.42300884955752216	0.4548672566371682	0.49635036496350365	0.7601100060361311	0.2050648468462977	0.5333333333333334	0.969	0.5336283185840709	0.252	0.5256637168141594	0.329	1.1755633361067104	0.366
PMID39187837_109	GLOM	ERCB_GLOM_H1	4.0	0.8888888888888888	0.6300884955752213	0.5398230088495575	0.5693430656934306	1.2020353325508581	0.5927183176671392	0.5555555555555556	0.93	0.5504424778761061	0.71	0.5495575221238937	0.475	1.25423209581839	0.49
PMID39224660_110	GLOM	ERCB_GLOM_H1	3.0	0.8074074074074074	0.6353982300884956	0.552212389380531	0.5766423357664233	2.6009533816112307	0.515297793341897	0.5555555555555556	0.852	0.5504424778761061	0.741	0.5415929203539822	0.523	1.1662056299727723	0.833
PMID39265357_111	GLOM	ERCB_GLOM_H1	6.0	0.9259259259259259	0.6637168141592921	0.4584070796460177	0.5036496350364964	1.7375857957254517	0.6859482410776755	0.5555555555555556	0.961	0.5566371681415929	0.783	0.5469026548672566	0.285	1.2925519201433082	0.639
PMID39290792_112	GLOM	ERCB_GLOM_H1	2.0	0.6888888888888889	0.624778761061947	0.6743362831858408	0.6423357664233577	4.431124659256676	-0.09319547710155099	0.5333333333333334	0.708	0.5336283185840709	0.729	0.5256637168141594	0.825	1.1755633361067104	0.892
PMID39333211_114	GLOM	ERCB_GLOM_H1	2.0	0.5555555555555556	0.5185840707964602	0.5716814159292035	0.5985401459854015	0.6135646834975317	-0.17755435205099637	0.5333333333333334	0.526	0.5336283185840709	0.461	0.5256637168141594	0.602	1.1755633361067104	0.329
PMID39378104_116	GLOM	ERCB_GLOM_H1	5.0	0.9777777777777777	0.7823008849557522	0.7929203539823009	0.781021897810219	1.3594573210133554	0.2272994813742657	0.562962962962963	0.994	0.5526548672566372	0.96	0.552212389380531	0.961	1.3557788455170203	0.502
PMID39444490_117	GLOM	ERCB_GLOM_H1	7.0	0.711111111111111	0.5893805309734513	0.4017699115044248	0.39416058394160586	2.0521821623899608	0.5645542817163144	0.5777777777777778	0.699	0.5646017699115045	0.571	0.5575221238938053	0.159	1.2941677656130286	0.691
PMID39609849_119	GLOM	ERCB_GLOM_H1	9.0	0.9777777777777777	0.745132743362832	0.7097345132743362	0.6423357664233577	2.25644976442715	0.7260760280894509	0.5777777777777778	0.99	0.568141592920354	0.934	0.5557522123893806	0.873	1.2936708353437816	0.741
PMID39916957_120	GLOM	ERCB_GLOM_H1	12.0	0.8814814814814815	0.6194690265486726	0.55929203539823	0.5693430656934306	2.051571451063499	0.5212577321877417	0.6074074074074074	0.908	0.5823008849557523	0.619	0.5716814159292035	0.454	1.276591686174315	0.69
PMID35713142_121	GLOM	ERCB_GLOM_H1	5.0	0.9407407407407408	0.6619469026548672	0.5876106194690265	0.5985401459854015	2.3733191978949817	0.5693999711257622	0.562962962962963	0.971	0.5526548672566372	0.762	0.552212389380531	0.592	1.3557788455170203	0.744
PMID35834115_122	GLOM	ERCB_GLOM_H1	6.0	0.7037037037037037	0.6141592920353982	0.5221238938053098	0.5109489051094891	2.6625181453833724	0.40237731225267187	0.5555555555555556	0.713	0.5566371681415929	0.658	0.5469026548672566	0.436	1.2925519201433082	0.816
PMID36627452_123	GLOM	ERCB_GLOM_H1	6.0	0.8444444444444444	0.6530973451327433	0.6106194690265487	0.6277372262773723	1.9675437212396363	0.3680058636913862	0.5555555555555556	0.886	0.5566371681415929	0.756	0.5469026548672566	0.672	1.2925519201433082	0.686
PMID36891052_124	GLOM	ERCB_GLOM_H1	6.0	0.9037037037037037	0.6707964601769911	0.5805309734513274	0.6058394160583942	3.503904110950479	0.4020182351917731	0.5555555555555556	0.934	0.5566371681415929	0.794	0.5469026548672566	0.591	1.2925519201433082	0.884
PMID36911691_126	GLOM	ERCB_GLOM_H1	3.0	0.962962962962963	0.5876106194690265	0.45309734513274336	0.46715328467153283	2.3379621281191496	0.5844664003820285	0.5555555555555556	0.991	0.5504424778761061	0.613	0.5415929203539822	0.288	1.1662056299727723	0.791
PMID36919187_127	GLOM	ERCB_GLOM_H1	3.0	0.8740740740740742	0.6	0.6707964601769911	0.6861313868613139	1.4523560266784403	0.06799142657244288	0.5555555555555556	0.923	0.5504424778761061	0.643	0.5415929203539822	0.799	1.1662056299727723	0.591
PMID36969169_128	GLOM	ERCB_GLOM_H1	3.0	0.9555555555555555	0.7646017699115044	0.7309734513274335	0.7007299270072993	1.1331591578432767	0.4910175207394767	0.5555555555555556	0.99	0.5504424778761061	0.947	0.5415929203539822	0.89	1.1662056299727723	0.486
PMID37038746_129	GLOM	ERCB_GLOM_H1	10.0	0.9333333333333333	0.5982300884955752	0.504424778761062	0.48905109489051096	1.8761466102345261	0.5292425695110259	0.6000000000000001	0.958	0.5752212389380531	0.566	0.5637168141592921	0.343	1.2970312177497525	0.653
PMID37063851_130	GLOM	ERCB_GLOM_H1	3.0	0.3777777777777778	0.5858407079646017	0.5929203539823009	0.6277372262773723	0.6905088134723787	-0.26981149362325274	0.5555555555555556	0.274	0.5504424778761061	0.61	0.5415929203539822	0.622	1.1662056299727723	0.329
PMID37113991_131	GLOM	ERCB_GLOM_H1	8.0	0.9407407407407409	0.6088495575221239	0.5221238938053097	0.5109489051094891	1.6859005892171026	0.6417151297304702	0.562962962962963	0.982	0.5730088495575221	0.607	0.5646017699115045	0.386	1.2318925455808931	0.623
PMID37127580_132	GLOM	ERCB_GLOM_H1	11.0	0.837037037037037	0.7221238938053097	0.7079646017699115	0.708029197080292	4.139395956810338	0.2782032820383732	0.6000000000000001	0.87	0.5716814159292035	0.881	0.5610619469026548	0.849	1.2345614630205306	0.895
PMID37143982_133	GLOM	ERCB_GLOM_H1	7.0	0.9259259259259259	0.656637168141593	0.5876106194690266	0.5766423357664233	1.1505583511738766	0.5879387125791729	0.5777777777777778	0.96	0.5646017699115045	0.734	0.5575221238938053	0.573	1.2941677656130286	0.449
PMID37250717_134	GLOM	ERCB_GLOM_H1	5.0	0.9259259259259259	0.6424778761061947	0.5575221238938053	0.5693430656934306	2.370341563298334	0.5917997164401767	0.562962962962963	0.962	0.5526548672566372	0.724	0.552212389380531	0.511	1.3557788455170203	0.743
PMID37312900_135	GLOM	ERCB_GLOM_H1	10.0	0.9407407407407407	0.6690265486725664	0.5734513274336284	0.5547445255474452	1.8030530418551174	0.6105050400352415	0.6000000000000001	0.964	0.5752212389380531	0.76	0.5637168141592921	0.518	1.2970312177497525	0.638
PMID37396184_137	GLOM	ERCB_GLOM_H1	5.0	0.9333333333333333	0.5823008849557522	0.5575221238938053	0.49635036496350365	1.1362212877495121	0.43894764508379086	0.562962962962963	0.968	0.5526548672566372	0.568	0.552212389380531	0.511	1.3557788455170203	0.437
PMID37404805_138	GLOM	ERCB_GLOM_H1	3.0	0.9333333333333333	0.7911504424778761	0.7610619469026549	0.7737226277372263	3.3344962828281486	0.35901816394859837	0.5555555555555556	0.976	0.5504424778761061	0.963	0.5415929203539822	0.929	1.1662056299727723	0.877
PMID37480090_139	GLOM	ERCB_GLOM_H1	15.0	0.8962962962962964	0.6389380530973451	0.40884955752212393	0.49635036496350365	1.728845334300933	0.6860963140924791	0.6074074074074074	0.908	0.5893805309734513	0.657	0.5787610619469026	0.1	1.4006479936392375	0.584
PMID37492198_140	GLOM	ERCB_GLOM_H1	6.0	0.9555555555555556	0.672566371681416	0.6070796460176991	0.6131386861313869	1.2988164387381445	0.6141735489770006	0.5555555555555556	0.973	0.5566371681415929	0.798	0.5469026548672566	0.66	1.2925519201433082	0.504
PMID37554330_141	GLOM	ERCB_GLOM_H1	3.0	0.7185185185185186	0.5026548672566371	0.5734513274336284	0.6131386861313869	0.4872000752140117	-0.10845618006440275	0.5555555555555556	0.74	0.5504424778761061	0.397	0.5415929203539822	0.569	1.1662056299727723	0.262
PMID37593129_142	GLOM	ERCB_GLOM_H1	6.0	0.9777777777777777	0.8070796460176991	0.7592920353982301	0.7518248175182481	2.030894949667985	0.4092627074410392	0.5555555555555556	0.989	0.5566371681415929	0.975	0.5469026548672566	0.935	1.2925519201433082	0.701
PMID37622120_143	GLOM	ERCB_GLOM_H1	4.0	0.962962962962963	0.6424778761061947	0.5380530973451327	0.5401459854014599	1.6530685998874035	0.6435808497169955	0.5555555555555556	0.994	0.5504424778761061	0.734	0.5495575221238937	0.472	1.25423209581839	0.622
PMID37656997_144	GLOM	ERCB_GLOM_H1	7.0	1.0	0.7646017699115044	0.6778761061946902	0.6277372262773723	1.5907744877566423	0.7695095451567169	0.5777777777777778	0.998	0.5646017699115045	0.942	0.5575221238938053	0.786	1.2941677656130286	0.584
PMID37745718_145	GLOM	ERCB_GLOM_H1	5.0	0.6666666666666667	0.5716814159292035	0.5539823008849558	0.5547445255474452	1.763234601594337	0.1491021222564847	0.562962962962963	0.633	0.5526548672566372	0.543	0.552212389380531	0.505	1.3557788455170203	0.615
PMID37760894_146	GLOM	ERCB_GLOM_H1	4.0	0.962962962962963	0.7150442477876107	0.6743362831858407	0.6423357664233577	2.3077751307732677	0.5544334911544884	0.5555555555555556	0.994	0.5504424778761061	0.879	0.5495575221238937	0.791	1.25423209581839	0.757
PMID37776100_147	GLOM	ERCB_GLOM_H1	4.0	0.7555555555555555	0.624778761061947	0.5929203539823009	0.5401459854014599	2.346719441165867	0.16164775803373183	0.5555555555555556	0.778	0.5504424778761061	0.699	0.5495575221238937	0.608	1.25423209581839	0.76
PMID37960829_148	GLOM	ERCB_GLOM_H1	2.0	1.0	0.7734513274336283	0.7221238938053097	0.6934306569343066	2.1181926916141176	0.5956964389334991	0.5333333333333334	0.996	0.5336283185840709	0.962	0.5256637168141594	0.888	1.1755633361067104	0.745
PMID37964514_149	GLOM	ERCB_GLOM_H1	3.0	0.9481481481481482	0.7575221238938054	0.711504424778761	0.7226277372262774	2.1946330752729684	0.47934566534758294	0.5555555555555556	0.989	0.5504424778761061	0.94	0.5415929203539822	0.864	1.1662056299727723	0.778
PMID37988198_150	GLOM	ERCB_GLOM_H1	2.0	0.8444444444444443	0.6106194690265487	0.4920353982300885	0.5255474452554745	1.1314035820849342	0.618016043711154	0.5333333333333334	0.901	0.5336283185840709	0.687	0.5256637168141594	0.408	1.1755633361067104	0.487
PMID38020922_151	GLOM	ERCB_GLOM_H1	7.0	0.562962962962963	0.5345132743362833	0.5327433628318584	0.5255474452554745	7.111224220380786	0.021529816352443394	0.5777777777777778	0.483	0.5646017699115045	0.398	0.5575221238938053	0.438	1.2941677656130286	0.941
PMID38028597_152	GLOM	ERCB_GLOM_H1	4.0	0.9555555555555556	0.6548672566371682	0.5946902654867257	0.5547445255474452	2.0509779504146888	0.6095610745658685	0.5555555555555556	0.988	0.5504424778761061	0.768	0.5495575221238937	0.612	1.25423209581839	0.719
PMID38028994_153	GLOM	ERCB_GLOM_H1	6.0	0.9703703703703703	0.7451327433628319	0.6884955752212389	0.656934306569343	2.615849785864044	0.5662386122597053	0.5555555555555556	0.983	0.5566371681415929	0.928	0.5469026548672566	0.839	1.2925519201433082	0.805
PMID38390397_155	GLOM	ERCB_GLOM_H1	4.0	0.8222222222222223	0.6088495575221239	0.6053097345132743	0.635036496350365	1.3710650492384175	0.3160840610505041	0.5555555555555556	0.859	0.5504424778761061	0.654	0.5495575221238937	0.645	1.25423209581839	0.538
PMID34908186_156	GLOM	ERCB_GLOM_H1	5.0	0.9481481481481481	0.7380530973451327	0.7026548672566372	0.7445255474452555	2.021865984497968	0.48021559430955413	0.562962962962963	0.977	0.5526548672566372	0.907	0.552212389380531	0.844	1.3557788455170203	0.684
PMID34932275_157	GLOM	ERCB_GLOM_H1	3.0	0.8888888888888888	0.6884955752212389	0.6053097345132743	0.6277372262773723	2.427703541940687	0.5195252779145397	0.5555555555555556	0.932	0.5504424778761061	0.836	0.5415929203539822	0.666	1.1662056299727723	0.812
PMID35559414_160	GLOM	ERCB_GLOM_H1	3.0	0.9407407407407408	0.7398230088495575	0.7309734513274336	0.7299270072992701	3.667259005372025	0.41672558738714066	0.5555555555555556	0.984	0.5504424778761061	0.913	0.5415929203539822	0.89	1.1662056299727723	0.893
PMID35592524_161	GLOM	ERCB_GLOM_H1	17.0	0.9925925925925927	0.6973451327433628	0.631858407079646	0.5985401459854015	2.02777681480698	0.6735101078341731	0.6074074074074074	0.995	0.5929203539823009	0.819	0.5823008849557523	0.65	1.3726824640393591	0.681
PMID35637650_162	GLOM	ERCB_GLOM_H1	9.0	0.8592592592592593	0.7769911504424779	0.7787610619469026	0.7737226277372263	5.521633887278591	0.08312271469916484	0.5777777777777778	0.905	0.568141592920354	0.959	0.5557522123893806	0.956	1.2936708353437816	0.931
PMID35663304_163	GLOM	ERCB_GLOM_H1	2.0	1.0	0.8336283185840707	0.7964601769911503	0.8175182481751825	2.8021600389190784	0.5517927494132652	0.5333333333333334	0.996	0.5336283185840709	0.988	0.5256637168141594	0.963	1.1755633361067104	0.824
PMID35721731_164	GLOM	ERCB_GLOM_H1	4.0	0.7925925925925926	0.5008849557522124	0.5752212389380531	0.5985401459854015	0.767982477607638	0.02243676356811544	0.5555555555555556	0.822	0.5504424778761061	0.389	0.5495575221238937	0.564	1.25423209581839	0.331
PMID35845512_165	GLOM	ERCB_GLOM_H1	3.0	0.7555555555555556	0.6584070796460177	0.615929203539823	0.6496350364963503	4.854922986746208	0.17135749638146572	0.5555555555555556	0.797	0.5504424778761061	0.785	0.5415929203539822	0.681	1.1662056299727723	0.928
PMID35909518_166	GLOM	ERCB_GLOM_H1	5.0	0.9407407407407407	0.6265486725663716	0.5026548672566372	0.5182481751824818	1.7865670529065292	0.6231208608965081	0.562962962962963	0.971	0.5526548672566372	0.682	0.552212389380531	0.39	1.3557788455170203	0.62
PMID35923621_167	GLOM	ERCB_GLOM_H1	4.0	0.9481481481481482	0.6973451327433628	0.647787610619469	0.635036496350365	2.6858161894942225	0.6188526562447944	0.5555555555555556	0.986	0.5504424778761061	0.855	0.5495575221238937	0.746	1.25423209581839	0.801
PMID35991124_168	GLOM	ERCB_GLOM_H1	11.0	0.9481481481481482	0.6778761061946903	0.584070796460177	0.5547445255474452	2.0162931563475466	0.7007518407326654	0.6000000000000001	0.976	0.5716814159292035	0.797	0.5610619469026548	0.561	1.2345614630205306	0.708
PMID36035169_169	GLOM	ERCB_GLOM_H1	5.0	0.6666666666666667	0.5274336283185841	0.5079646017699115	0.4744525547445255	1.5326478508830972	0.08891414356419151	0.562962962962963	0.633	0.5526548672566372	0.422	0.552212389380531	0.403	1.3557788455170203	0.564
PMID36059966_170	GLOM	ERCB_GLOM_H1	15.0	0.9481481481481482	0.6584070796460177	0.5858407079646017	0.583941605839416	2.2994709244913434	0.595183184828439	0.6074074074074074	0.968	0.5893805309734513	0.71	0.5787610619469026	0.514	1.4006479936392375	0.729
PMID36064366_171	GLOM	ERCB_GLOM_H1	6.0	0.9259259259259259	0.6973451327433628	0.6619469026548672	0.6496350364963503	1.7254541216370798	0.5893181879180385	0.5555555555555556	0.961	0.5566371681415929	0.858	0.5469026548672566	0.784	1.2925519201433082	0.636
PMID36071835_172	GLOM	ERCB_GLOM_H1	3.0	0.8740740740740741	0.5185840707964602	0.3823008849557522	0.34306569343065696	1.1325755436716636	0.6358736492964682	0.5555555555555556	0.916	0.5504424778761061	0.438	0.5415929203539822	0.155	1.1662056299727723	0.486
PMID36071835_173	GLOM	ERCB_GLOM_H1	8.0	0.6370370370370371	0.8300884955752212	0.8442477876106194	0.8467153284671532	-0.9078762874176396	-0.24740432392123107	0.562962962962963	0.595	0.5730088495575221	0.99	0.5646017699115045	0.987	1.2318925455808931	0.11
PMID36092962_174	GLOM	ERCB_GLOM_H1	9.0	0.9851851851851852	0.7415929203539824	0.6884955752212389	0.7226277372262774	1.6830477707916587	0.5907581993196718	0.5777777777777778	0.994	0.568141592920354	0.93	0.5557522123893806	0.849	1.2936708353437816	0.622
PMID36154667_175	GLOM	ERCB_GLOM_H1	2.0	0.9481481481481482	0.6920353982300885	0.5929203539823009	0.5766423357664233	1.5224623750288184	0.6534548274679741	0.5333333333333334	0.983	0.5336283185840709	0.866	0.5256637168141594	0.658	1.1755633361067104	0.6
PMID36250071_177	GLOM	ERCB_GLOM_H1	2.0	0.9481481481481482	0.6743362831858407	0.6725663716814159	0.6642335766423357	1.2236288743569652	0.33628924636306323	0.5333333333333334	0.983	0.5336283185840709	0.825	0.5256637168141594	0.817	1.1755633361067104	0.515
PMID36329882_178	GLOM	ERCB_GLOM_H1	9.0	0.6962962962962963	0.5433628318584071	0.6672566371681417	0.6715328467153284	1.0809284485475688	-0.19529349922446762	0.5777777777777778	0.67	0.568141592920354	0.421	0.5557522123893806	0.803	1.2936708353437816	0.441
PMID36385790_180	GLOM	ERCB_GLOM_H1	10.0	0.962962962962963	0.6300884955752213	0.5221238938053098	0.49635036496350365	1.060315290882746	0.6414448964784537	0.6000000000000001	0.983	0.5752212389380531	0.663	0.5637168141592921	0.388	1.2970312177497525	0.42
PMID36466094_181	GLOM	ERCB_GLOM_H1	7.0	0.9555555555555557	0.7451327433628319	0.6938053097345133	0.6642335766423357	1.8050078635112714	0.43329906056858286	0.5777777777777778	0.982	0.5646017699115045	0.918	0.5575221238938053	0.823	1.2941677656130286	0.646
PMID36482994_182	GLOM	ERCB_GLOM_H1	3.0	0.6592592592592593	0.672566371681416	0.7238938053097345	0.7445255474452555	109.0745442353654	-0.1993321907032358	0.5555555555555556	0.66	0.5504424778761061	0.811	0.5415929203539822	0.882	1.1662056299727723	0.999
PMID36568106_184	GLOM	ERCB_GLOM_H1	2.0	0.8740740740740741	0.5876106194690266	0.48672566371681414	0.4744525547445255	1.8137494930528806	0.5861697825270639	0.5333333333333334	0.934	0.5336283185840709	0.634	0.5256637168141594	0.395	1.1755633361067104	0.69
PMID36585417_185	GLOM	ERCB_GLOM_H1	8.0	0.7185185185185186	0.4513274336283186	0.5309734513274336	0.48905109489051096	0.824390105510235	-0.029866327085886057	0.562962962962963	0.694	0.5730088495575221	0.199	0.5646017699115045	0.417	1.2318925455808931	0.351
PMID36624863_186	GLOM	ERCB_GLOM_H1	5.0	0.8296296296296297	0.5539823008849558	0.6283185840707965	0.6423357664233577	0.8419631611928592	0.01373007029766378	0.562962962962963	0.869	0.5526548672566372	0.501	0.552212389380531	0.684	1.3557788455170203	0.324
PMID36743936_187	GLOM	ERCB_GLOM_H1	3.0	0.8148148148148149	0.6530973451327434	0.6424778761061947	0.6496350364963503	1.0728009038266735	0.3226955211614848	0.5555555555555556	0.863	0.5504424778761061	0.779	0.5415929203539822	0.732	1.1662056299727723	0.464
PMID32954999_188	GLOM	ERCB_GLOM_H1	10.0	0.8518518518518519	0.7557522123893805	0.7415929203539824	0.7445255474452555	4.155056774183521	0.20807220040201826	0.6000000000000001	0.869	0.5752212389380531	0.911	0.5637168141592921	0.904	1.2970312177497525	0.889
PMID33887734_190	GLOM	ERCB_GLOM_H1	2.0	0.7777777777777778	0.7238938053097346	0.7345132743362832	0.7080291970802919	5.20580022374464	0.0034797158478845924	0.5333333333333334	0.828	0.5336283185840709	0.902	0.5256637168141594	0.905	1.1755633361067104	0.912
PMID34087849_191	GLOM	ERCB_GLOM_H1	4.0	0.7555555555555555	0.5256637168141594	0.40884955752212393	0.3795620437956204	1.6544941489559233	0.6397864787126534	0.5555555555555556	0.778	0.5504424778761061	0.442	0.5495575221238937	0.229	1.25423209581839	0.623
PMID34124269_192	GLOM	ERCB_GLOM_H1	7.0	0.9259259259259258	0.7044247787610619	0.6424778761061948	0.6715328467153284	2.370885413157231	0.4894960705123697	0.5777777777777778	0.958	0.5646017699115045	0.853	0.5575221238938053	0.698	1.2941677656130286	0.754
PMID34215202_193	GLOM	ERCB_GLOM_H1	5.0	0.9851851851851852	0.6522123893805309	0.5415929203539823	0.4744525547445255	1.6946306982575365	0.7983641618554023	0.562962962962963	0.997	0.5526548672566372	0.747	0.552212389380531	0.471	1.3557788455170203	0.6
PMID34262312_194	GLOM	ERCB_GLOM_H1	2.0	0.8	0.6991150442477876	0.7185840707964601	0.7299270072992701	5.201986606952106	0.004830886578744132	0.5333333333333334	0.859	0.5336283185840709	0.872	0.5256637168141594	0.884	1.1755633361067104	0.912
PMID34424825_195	GLOM	ERCB_GLOM_H1	3.0	0.7777777777777779	0.6300884955752213	0.6247787610619469	0.6423357664233577	2.903844612185821	0.16804436267523518	0.5555555555555556	0.831	0.5504424778761061	0.722	0.5415929203539822	0.7	1.1662056299727723	0.851
PMID34557161_198	GLOM	ERCB_GLOM_H1	7.0	0.9037037037037038	0.6867256637168142	0.6407079646017699	0.6642335766423357	1.8459889217393333	0.5943539759455388	0.5777777777777778	0.947	0.5646017699115045	0.803	0.5575221238938053	0.689	1.2941677656130286	0.655
PMID34735495_199	GLOM	ERCB_GLOM_H1	6.0	0.9333333333333333	0.6230088495575221	0.5274336283185841	0.49635036496350365	2.093274156552652	0.6055260849124705	0.5555555555555556	0.964	0.5566371681415929	0.688	0.5469026548672566	0.446	1.2925519201433082	0.712
PMID32778679_201	GLOM	ERCB_GLOM_H1	11.0	0.8592592592592592	0.656637168141593	0.5469026548672566	0.5328467153284672	1.7748696046629007	0.6598244594409504	0.6000000000000001	0.893	0.5716814159292035	0.739	0.5610619469026548	0.46	1.2345614630205306	0.651
PMID32953797_202	GLOM	ERCB_GLOM_H1	16.0	0.9185185185185185	0.7327433628318584	0.7238938053097345	0.7226277372262774	2.160846835631532	0.3624753365884718	0.6074074074074074	0.946	0.5893805309734513	0.898	0.5796460176991151	0.887	1.3862679740106036	0.69
PMID33145306_203	GLOM	ERCB_GLOM_H1	13.0	0.962962962962963	0.7734513274336284	0.7504424778761063	0.7372262773722628	2.5272275244301565	0.5482551446118082	0.6074074074074074	0.983	0.5876106194690266	0.943	0.5805309734513273	0.92	1.2884393070305644	0.764
PMID30761531_204	GLOM	ERCB_GLOM_H1	19.0	0.9481481481481482	0.6530973451327433	0.5840707964601769	0.5693430656934306	1.7833616224479234	0.6660361224119614	0.6148148148148149	0.964	0.5991150442477876	0.679	0.5946902654867257	0.461	1.3143359683430453	0.617
PMID30988245_205	GLOM	ERCB_GLOM_H1	5.0	0.8666666666666667	0.7433628318584071	0.7079646017699115	0.7080291970802919	2.6399795130943904	0.32144060236102423	0.562962962962963	0.906	0.5526548672566372	0.917	0.552212389380531	0.852	1.3557788455170203	0.78
PMID31277135_206	GLOM	ERCB_GLOM_H1	7.0	0.8	0.6973451327433628	0.6814159292035398	0.6715328467153284	4.519185042897233	0.16032975860396764	0.5777777777777778	0.819	0.5646017699115045	0.835	0.5575221238938053	0.79	1.2941677656130286	0.893
PMID29207157_208	GLOM	ERCB_GLOM_H1	4.0	0.9555555555555555	0.7221238938053097	0.6530973451327433	0.6277372262773723	2.0055564158529595	0.618345506169092	0.5555555555555556	0.987	0.5504424778761061	0.887	0.5495575221238937	0.76	1.25423209581839	0.716
INJURY	GLOM	ERCB_GLOM_H7		0.9924812030075189	0.5032467532467533	0.49837662337662336	0.41333333333333333	1.5901016464680373	1.0								
ORIENT_DE_50	GLOM	ERCB_GLOM_H7	48.0	0.9849624060150377	0.7077922077922079	0.6948051948051948	0.7066666666666667	1.957599252275386	0.5299798792756538	0.8345864661654135	0.941	0.6607142857142857	0.684	0.6623376623376623	0.608	1.9944964041408824	0.477
ORIENT_DE_200	GLOM	ERCB_GLOM_H7	192.0	0.9849624060150377	0.7337662337662337	0.7175324675324675	0.6933333333333334	2.0425263232910518	0.5617531274604146	0.8721804511278195	0.964	0.6948051948051948	0.803	0.6915584415584415	0.687	2.2054224833370357	0.357
PMID40611469_0	GLOM	ERCB_GLOM_H7	2.0	0.9774436090225564	0.6363636363636365	0.6461038961038961	0.5733333333333334	2.5999684654482893	0.7387455165777274	0.5939849624060151	0.965	0.5422077922077921	0.732	0.5454545454545454	0.748	1.3109460648149456	0.803
PMID41117762_1	GLOM	ERCB_GLOM_H7	2.0	0.4887218045112782	0.3344155844155844	0.33116883116883117	0.32	-0.7777530171567419	0.4642288513690841	0.5939849624060151	0.373	0.5422077922077921	0.087	0.5454545454545454	0.087	1.3109460648149456	0.118
PMID41528564_2	GLOM	ERCB_GLOM_H7	4.0	0.9624060150375939	0.7207792207792209	0.711038961038961	0.68	2.0467946179410483	0.5957309071822238	0.6616541353383458	0.944	0.5681818181818181	0.872	0.5714285714285714	0.835	1.3447376648550122	0.71
PMID41569454_4	GLOM	ERCB_GLOM_H7	3.0	0.9548872180451128	0.5909090909090909	0.6298701298701299	0.5466666666666666	1.7986979070300047	0.7612807278453328	0.6240601503759399	0.932	0.551948051948052	0.601	0.5551948051948052	0.694	1.3220029051071063	0.643
PMID41582386_5	GLOM	ERCB_GLOM_H7	7.0	0.8345864661654135	0.6590909090909091	0.672077922077922	0.64	2.7670206568919653	0.08298559168886953	0.7067669172932332	0.713	0.5909090909090908	0.688	0.5909090909090909	0.709	1.3985962047586598	0.829
PMID41593805_6	GLOM	ERCB_GLOM_H7	5.0	1.0	0.7564935064935064	0.7727272727272727	0.72	1.8318269290650686	0.8036567229463738	0.6842105263157895	0.986	0.5746753246753247	0.926	0.5746753246753247	0.935	1.3300157003859063	0.659
PMID41709877_7	GLOM	ERCB_GLOM_H7	4.0	0.9849624060150376	0.6266233766233766	0.6396103896103896	0.6533333333333333	0.8685538045209621	0.4443880675356487	0.6616541353383458	0.973	0.5681818181818181	0.672	0.5714285714285714	0.693	1.3447376648550122	0.345
PMID41825713_8	GLOM	ERCB_GLOM_H7	2.0	0.9849624060150377	0.775974025974026	0.7694805194805194	0.7333333333333333	3.1762460097975826	0.5567141982328755	0.5939849624060151	0.974	0.5422077922077921	0.95	0.5454545454545454	0.939	1.3109460648149456	0.853
PMID41867465_10	GLOM	ERCB_GLOM_H7	2.0	0.8345864661654135	0.48376623376623373	0.4902597402597403	0.5066666666666667	0.9973629915938039	0.31117137608258244	0.5939849624060151	0.794	0.5422077922077921	0.343	0.5454545454545454	0.372	1.3109460648149456	0.386
PMID41878449_11	GLOM	ERCB_GLOM_H7	6.0	0.9624060150375939	0.6818181818181818	0.7077922077922078	0.7066666666666667	1.4686193016390046	0.7490333304172864	0.6992481203007519	0.917	0.5844155844155845	0.751	0.5909090909090909	0.782	1.4800132952534306	0.496
PMID41925798_12	GLOM	ERCB_GLOM_H7	9.0	0.6992481203007519	0.6590909090909091	0.685064935064935	0.68	4.472123285941592	-0.312081182748666	0.7142857142857143	0.473	0.6006493506493507	0.688	0.6022727272727273	0.737	1.4899720977609028	0.922
PMID41928356_13	GLOM	ERCB_GLOM_H7	4.0	0.9849624060150377	0.8279220779220778	0.8279220779220778	0.84	3.7014249157190195	0.2992389117312571	0.6616541353383458	0.98	0.5681818181818181	0.976	0.5714285714285714	0.971	1.3447376648550122	0.893
PMID41944350_14	GLOM	ERCB_GLOM_H7	4.0	0.9924812030075189	0.6558441558441558	0.7012987012987013	0.64	1.7052082798944976	0.7685941737380806	0.6616541353383458	0.983	0.5681818181818181	0.751	0.5714285714285714	0.821	1.3447376648550122	0.615
PMID41978270_15	GLOM	ERCB_GLOM_H7	3.0	1.0	0.5941558441558441	0.5844155844155845	0.6266666666666667	1.3807839853322035	0.7450791706762312	0.6240601503759399	0.978	0.551948051948052	0.604	0.5551948051948052	0.577	1.3220029051071063	0.517
PMID42107160_17	GLOM	ERCB_GLOM_H7	2.0	0.5488721804511278	0.4724025974025974	0.4577922077922078	0.46	0.4854284626382785	-0.05807066810359646	0.5939849624060151	0.439	0.5422077922077921	0.314	0.5454545454545454	0.304	1.3109460648149456	0.24
PMID42123756_18	GLOM	ERCB_GLOM_H7	5.0	0.8796992481203008	0.564935064935065	0.5616883116883117	0.52	1.682097390343195	0.5585338115650424	0.6842105263157895	0.811	0.5746753246753247	0.474	0.5746753246753247	0.452	1.3300157003859063	0.619
PMID42169644_19	GLOM	ERCB_GLOM_H7	3.0	0.8571428571428572	0.6655844155844156	0.6623376623376623	0.6133333333333333	1.877623130576706	0.3889248534686379	0.6240601503759399	0.801	0.551948051948052	0.793	0.5551948051948052	0.759	1.3220029051071063	0.657
PMID42278229_21	GLOM	ERCB_GLOM_H7	4.0	0.9248120300751879	0.5811688311688311	0.5584415584415584	0.56	1.2847632198627772	0.7360510891435569	0.6616541353383458	0.902	0.5681818181818181	0.538	0.5714285714285714	0.469	1.3447376648550122	0.478
PMID42402786_22	GLOM	ERCB_GLOM_H7	4.0	0.9774436090225564	0.6931818181818181	0.698051948051948	0.6466666666666666	1.3941773688835593	0.7757044502479509	0.6616541353383458	0.968	0.5681818181818181	0.826	0.5714285714285714	0.817	1.3447376648550122	0.519
PMID42461218_23	GLOM	ERCB_GLOM_H7	5.0	0.924812030075188	0.6688311688311688	0.6785714285714285	0.6133333333333333	2.0306416402248533	0.5534598897734231	0.6842105263157895	0.878	0.5746753246753247	0.755	0.5746753246753247	0.755	1.3300157003859063	0.713
PMID42464365_24	GLOM	ERCB_GLOM_H7	9.0	0.8571428571428571	0.6136363636363635	0.5811688311688312	0.52	1.5793502411435354	0.6975592686554106	0.7142857142857143	0.73	0.6006493506493507	0.54	0.6022727272727273	0.428	1.4899720977609028	0.532
PMID42602622_28	GLOM	ERCB_GLOM_H7	4.0	0.9774436090225563	0.7305194805194806	0.7272727272727273	0.6533333333333333	1.0716975937933664	0.7417548770886186	0.6616541353383458	0.964	0.5681818181818181	0.885	0.5714285714285714	0.864	1.3447376648550122	0.408
PMID42621048_29	GLOM	ERCB_GLOM_H7	3.0	1.0	0.7045454545454546	0.6785714285714286	0.7466666666666667	1.3089117590753192	0.4481322718922229	0.6240601503759399	0.978	0.551948051948052	0.868	0.5551948051948052	0.805	1.3220029051071063	0.491
PMID42694848_32	GLOM	ERCB_GLOM_H7	2.0	0.9774436090225563	0.6948051948051948	0.6915584415584415	0.6666666666666666	1.1733650876666821	0.5244510541509929	0.5939849624060151	0.964	0.5422077922077921	0.86	0.5454545454545454	0.836	1.3109460648149456	0.448
PMID42713097_33	GLOM	ERCB_GLOM_H7	2.0	0.9548872180451128	0.6071428571428572	0.6006493506493507	0.56	1.698041168707742	0.6232700551132885	0.5939849624060151	0.944	0.5422077922077921	0.663	0.5454545454545454	0.646	1.3109460648149456	0.626
PMID42735794_34	GLOM	ERCB_GLOM_H7	7.0	1.0	0.6915584415584415	0.6915584415584416	0.68	1.9751122373050831	0.7103315545446592	0.7067669172932332	0.985	0.5909090909090908	0.775	0.5909090909090909	0.758	1.3985962047586598	0.681
PMID42747041_35	GLOM	ERCB_GLOM_H7	2.0	0.9473684210526316	0.737012987012987	0.737012987012987	0.6933333333333334	3.3402976622004874	0.4551307847082495	0.5939849624060151	0.94	0.5422077922077921	0.92	0.5454545454545454	0.907	1.3109460648149456	0.864
PMID42787683_36	GLOM	ERCB_GLOM_H7	5.0	0.9849624060150377	0.6590909090909091	0.6753246753246753	0.68	1.272342152492137	0.7093867553144956	0.6842105263157895	0.974	0.5746753246753247	0.73	0.5746753246753247	0.748	1.3300157003859063	0.476
PMID39028495_37	GLOM	ERCB_GLOM_H7	7.0	0.6766917293233082	0.6493506493506493	0.6558441558441559	0.6266666666666667	4.507886365678496	-0.10611495057300324	0.7067669172932332	0.451	0.5909090909090908	0.668	0.5909090909090909	0.666	1.3985962047586598	0.917
PMID39509016_38	GLOM	ERCB_GLOM_H7	4.0	0.9774436090225564	0.8344155844155844	0.8474025974025974	0.8266666666666667	1.3343814864032426	0.6730644737993176	0.6616541353383458	0.968	0.5681818181818181	0.98	0.5714285714285714	0.981	1.3447376648550122	0.498
PMID39838413_39	GLOM	ERCB_GLOM_H7	5.0	0.8571428571428571	0.5032467532467533	0.4642857142857143	0.4133333333333333	1.2347809846304147	0.8798355349488234	0.6842105263157895	0.772	0.5746753246753247	0.313	0.5746753246753247	0.243	1.3300157003859063	0.46
PMID39865825_41	GLOM	ERCB_GLOM_H7	5.0	0.15037593984962405	0.262987012987013	0.2532467532467532	0.30666666666666664	2.381668041868497	-0.5488408713148456	0.6842105263157895	0.035	0.5746753246753247	0.036	0.5746753246753247	0.032	1.3300157003859063	0.789
PMID39892769_43	GLOM	ERCB_GLOM_H7	2.0	0.8571428571428571	0.5097402597402597	0.4805194805194805	0.4266666666666667	1.4085444072140736	0.8736418511066398	0.5939849624060151	0.817	0.5422077922077921	0.409	0.5454545454545454	0.353	1.3109460648149456	0.528
PMID39920798_44	GLOM	ERCB_GLOM_H7	2.0	0.9172932330827067	0.6298701298701299	0.6331168831168831	0.6	2.3325148320188664	0.643705712536086	0.5939849624060151	0.893	0.5422077922077921	0.71	0.5454545454545454	0.709	1.3109460648149456	0.773
PMID39953123_45	GLOM	ERCB_GLOM_H7	4.0	0.8947368421052632	0.5454545454545454	0.577922077922078	0.56	1.5901428778238174	0.6860817076371271	0.6616541353383458	0.86	0.5681818181818181	0.45	0.5714285714285714	0.526	1.3447376648550122	0.584
PMID39957315_46	GLOM	ERCB_GLOM_H7	2.0	0.9398496240601504	0.788961038961039	0.7824675324675324	0.7866666666666666	3.499412634138408	0.2252996238299361	0.5939849624060151	0.929	0.5422077922077921	0.959	0.5454545454545454	0.945	1.3109460648149456	0.876
PMID39959271_47	GLOM	ERCB_GLOM_H7	2.0	0.9774436090225564	0.6331168831168831	0.6103896103896104	0.5866666666666667	1.915232527815186	0.7340279418349449	0.5939849624060151	0.965	0.5422077922077921	0.715	0.5454545454545454	0.661	1.3109460648149456	0.688
PMID39988817_48	GLOM	ERCB_GLOM_H7	2.0	0.9849624060150376	0.7694805194805194	0.8116883116883117	0.7733333333333333	2.7963265254175096	0.633977779721809	0.5939849624060151	0.966	0.5422077922077921	0.947	0.5454545454545454	0.974	1.3109460648149456	0.823
PMID39995931_49	GLOM	ERCB_GLOM_H7	4.0	0.6466165413533834	0.4512987012987013	0.41558441558441556	0.36	1.274846737439037	0.6235849881900096	0.6616541353383458	0.477	0.5681818181818181	0.241	0.5714285714285714	0.173	1.3447376648550122	0.475
PMID40097518_50	GLOM	ERCB_GLOM_H7	4.0	0.8045112781954886	0.37662337662337664	0.36363636363636365	0.38666666666666666	0.9180200234972626	0.6165514828099029	0.6616541353383458	0.695	0.5681818181818181	0.099	0.5714285714285714	0.097	1.3447376648550122	0.359
PMID40228227_52	GLOM	ERCB_GLOM_H7	3.0	0.9624060150375939	0.7792207792207791	0.775974025974026	0.7466666666666667	2.98301473566141	0.3368559181174	0.6240601503759399	0.939	0.551948051948052	0.953	0.5551948051948052	0.94	1.3220029051071063	0.849
PMID40230799_53	GLOM	ERCB_GLOM_H7	3.0	0.0	0.30844155844155846	0.27922077922077926	0.21333333333333335	1.802772049996634	-0.3848657160353425	0.6240601503759399	0.0	0.551948051948052	0.051	0.5551948051948052	0.033	1.3220029051071063	0.644
PMID40312440_56	GLOM	ERCB_GLOM_H7	7.0	0.48120300751879697	0.525974025974026	0.5032467532467533	0.5066666666666667	0.9132404426084823	0.22820400664858717	0.7067669172932332	0.243	0.5909090909090908	0.345	0.5909090909090909	0.286	1.3985962047586598	0.324
PMID40374840_57	GLOM	ERCB_GLOM_H7	5.0	1.0	0.8051948051948052	0.8149350649350648	0.7866666666666666	3.0406478025931145	0.7811565042428483	0.6842105263157895	0.986	0.5746753246753247	0.974	0.5746753246753247	0.973	1.3300157003859063	0.874
PMID40376698_58	GLOM	ERCB_GLOM_H7	5.0	0.9699248120300752	0.6201298701298701	0.6038961038961039	0.5466666666666666	1.6729203791807017	0.6656810427784096	0.6842105263157895	0.946	0.5746753246753247	0.623	0.5746753246753247	0.564	1.3300157003859063	0.617
PMID40460381_59	GLOM	ERCB_GLOM_H7	2.0	0.8571428571428571	0.5097402597402597	0.4805194805194805	0.4266666666666667	1.4085444072140736	0.8736418511066398	0.5939849624060151	0.817	0.5422077922077921	0.409	0.5454545454545454	0.353	1.3109460648149456	0.528
PMID40470717_60	GLOM	ERCB_GLOM_H7	10.0	1.0	0.8116883116883117	0.814935064935065	0.8	1.9283217706809104	0.6181961333216691	0.7293233082706767	0.976	0.6038961038961039	0.971	0.6071428571428571	0.957	1.4435989712219408	0.669
PMID40505639_61	GLOM	ERCB_GLOM_H7	3.0	0.08270676691729326	0.38636363636363635	0.35714285714285715	0.3466666666666667	1.6306562717089979	-0.1378182136296037	0.6240601503759399	0.022	0.551948051948052	0.143	0.5551948051948052	0.109	1.3220029051071063	0.598
PMID40555691_62	GLOM	ERCB_GLOM_H7	6.0	0.9022556390977443	0.7499999999999999	0.7467532467532467	0.72	3.1991706670813036	0.3084769486484122	0.6992481203007519	0.82	0.5844155844155845	0.876	0.5909090909090909	0.862	1.4800132952534306	0.878
PMID40615901_63	GLOM	ERCB_GLOM_H7	2.0	0.8270676691729324	0.8181818181818181	0.8181818181818182	0.7866666666666666	-6.104786296108944	-0.20439335486176977	0.5939849624060151	0.786	0.5422077922077921	0.975	0.5454545454545454	0.978	1.3109460648149456	0.035
PMID40624623_64	GLOM	ERCB_GLOM_H7	2.0	0.9774436090225564	0.551948051948052	0.5746753246753247	0.5466666666666666	1.6929429898762725	0.7590062111801242	0.5939849624060151	0.965	0.5422077922077921	0.525	0.5454545454545454	0.571	1.3109460648149456	0.625
PMID40640102_65	GLOM	ERCB_GLOM_H7	3.0	0.9323308270676691	0.474025974025974	0.4902597402597403	0.4533333333333333	1.025589171435541	0.7193946286414137	0.6240601503759399	0.9	0.551948051948052	0.311	0.5551948051948052	0.352	1.3220029051071063	0.378
PMID40703651_68	GLOM	ERCB_GLOM_H7	2.0	0.30075187969924816	0.5324675324675324	0.5292207792207793	0.5866666666666667	0.8958607450270368	-0.30473274429183794	0.5939849624060151	0.168	0.5422077922077921	0.456	0.5454545454545454	0.449	1.3109460648149456	0.355
PMID40742465_69	GLOM	ERCB_GLOM_H7	2.0	0.9097744360902256	0.5422077922077922	0.5064935064935066	0.5066666666666667	1.2942794447255925	0.7463389029831161	0.5939849624060151	0.885	0.5422077922077921	0.503	0.5454545454545454	0.404	1.3109460648149456	0.496
PMID40764924_71	GLOM	ERCB_GLOM_H7	2.0	0.6992481203007519	0.6883116883116883	0.6785714285714285	0.6666666666666666	-16.251094993419642	0.052471349838159397	0.5939849624060151	0.626	0.5422077922077921	0.851	0.5454545454545454	0.812	1.3109460648149456	0.018
PMID40775242_72	GLOM	ERCB_GLOM_H7	3.0	0.17293233082706766	0.41233766233766234	0.4188311688311688	0.4	2.053574154489691	-0.17809465488583676	0.6240601503759399	0.051	0.551948051948052	0.185	0.5551948051948052	0.205	1.3220029051071063	0.728
PMID40825025_73	GLOM	ERCB_GLOM_H7	5.0	0.9924812030075189	0.8506493506493507	0.8636363636363635	0.8	2.335870837712891	0.37944186860292184	0.6842105263157895	0.977	0.5746753246753247	0.991	0.5746753246753247	0.992	1.3300157003859063	0.779
PMID40898746_74	GLOM	ERCB_GLOM_H7	3.0	0.9548872180451128	0.6818181818181818	0.6785714285714285	0.6533333333333333	1.9374565883319395	0.4395590936925903	0.6240601503759399	0.932	0.551948051948052	0.828	0.5551948051948052	0.802	1.3220029051071063	0.679
PMID40948769_75	GLOM	ERCB_GLOM_H7	5.0	0.9849624060150377	0.6201298701298701	0.6655844155844156	0.5866666666666667	1.714769322089649	0.7853906044965445	0.6842105263157895	0.974	0.5746753246753247	0.623	0.5746753246753247	0.728	1.3300157003859063	0.632
PMID40950408_76	GLOM	ERCB_GLOM_H7	5.0	0.8421052631578947	0.7759740259740259	0.8636363636363636	0.9066666666666666	14.665434691496134	-0.28699151430321057	0.6842105263157895	0.747	0.5746753246753247	0.957	0.5746753246753247	0.992	1.3300157003859063	0.989
PMID40958910_77	GLOM	ERCB_GLOM_H7	2.0	0.7819548872180451	0.7142857142857142	0.7207792207792207	0.72	4.004069098860587	-0.0613944536785933	0.5939849624060151	0.721	0.5422077922077921	0.887	0.5454545454545454	0.886	1.3109460648149456	0.902
PMID40969366_78	GLOM	ERCB_GLOM_H7	4.0	0.9924812030075189	0.724025974025974	0.737012987012987	0.6933333333333334	2.5701493457362488	0.6467500656110576	0.6616541353383458	0.983	0.5681818181818181	0.874	0.5714285714285714	0.878	1.3447376648550122	0.787
PMID41122706_79	GLOM	ERCB_GLOM_H7	3.0	0.9097744360902256	0.6103896103896103	0.5811688311688312	0.52	1.0550030660743948	0.8514915580439156	0.6240601503759399	0.873	0.551948051948052	0.644	0.5551948051948052	0.564	1.3220029051071063	0.388
PMID41162187_80	GLOM	ERCB_GLOM_H7	2.0	1.0	0.6136363636363636	0.6266233766233766	0.5866666666666667	3.6359009783544374	0.7158603796693203	0.5939849624060151	0.986	0.5422077922077921	0.677	0.5454545454545454	0.693	1.3109460648149456	0.886
PMID41164826_81	GLOM	ERCB_GLOM_H7	3.0	0.8721804511278196	0.7386363636363636	0.7662337662337663	0.7933333333333333	1.6053681365674983	0.05378404150360214	0.6240601503759399	0.826	0.551948051948052	0.907	0.5551948051948052	0.932	1.3220029051071063	0.588
PMID41311665_83	GLOM	ERCB_GLOM_H7	6.0	0.8947368421052632	0.6006493506493505	0.6136363636363636	0.5733333333333334	1.508580961747862	0.6016796430758463	0.6992481203007519	0.813	0.5844155844155845	0.534	0.5909090909090909	0.56	1.4800132952534306	0.508
PMID41329505_84	GLOM	ERCB_GLOM_H7	2.0	0.9473684210526316	0.577922077922078	0.6071428571428572	0.5333333333333333	2.180088336121679	0.6120724346076458	0.5939849624060151	0.94	0.5422077922077921	0.588	0.5454545454545454	0.659	1.3109460648149456	0.742
PMID41332907_85	GLOM	ERCB_GLOM_H7	5.0	0.9548872180451127	0.7337662337662337	0.685064935064935	0.6933333333333334	2.297308640873824	0.5581838859242411	0.6842105263157895	0.92	0.5746753246753247	0.893	0.5746753246753247	0.77	1.3300157003859063	0.775
PMID41353443_86	GLOM	ERCB_GLOM_H7	3.0	0.8195488721804511	0.4155844155844156	0.4058441558441558	0.4533333333333333	1.0284007606990335	0.20559881025282126	0.6240601503759399	0.753	0.551948051948052	0.191	0.5551948051948052	0.184	1.3220029051071063	0.379
PMID41438111_87	GLOM	ERCB_GLOM_H7	5.0	0.9924812030075189	0.7272727272727273	0.775974025974026	0.7066666666666667	2.1966581408441828	0.7661097016883912	0.6842105263157895	0.977	0.5746753246753247	0.883	0.5746753246753247	0.94	1.3300157003859063	0.755
PMID41479901_88	GLOM	ERCB_GLOM_H7	8.0	1.0	0.7370129870129869	0.7727272727272727	0.72	2.5794342673787853	0.7954334703875426	0.7293233082706766	0.981	0.5941558441558441	0.864	0.5974025974025974	0.907	1.5008310397596334	0.797
PMID41503644_89	GLOM	ERCB_GLOM_H7	3.0	0.8947368421052632	0.551948051948052	0.525974025974026	0.48	1.0839257109600682	0.8253171201119761	0.6240601503759399	0.853	0.551948051948052	0.496	0.5551948051948052	0.424	1.3220029051071063	0.402
PMID41669232_90	GLOM	ERCB_GLOM_H7	6.0	0.9172932330827068	0.801948051948052	0.788961038961039	0.76	3.5486249210723084	0.29227539147931064	0.6992481203007519	0.847	0.5844155844155845	0.945	0.5909090909090909	0.932	1.4800132952534306	0.901
PMID37737517_91	GLOM	ERCB_GLOM_H7	5.0	0.9924812030075189	0.5974025974025974	0.6266233766233766	0.5866666666666667	1.6643278154706396	0.7754177237337067	0.6842105263157895	0.977	0.5746753246753247	0.561	0.5746753246753247	0.626	1.3300157003859063	0.617
PMID37777674_92	GLOM	ERCB_GLOM_H7	4.0	0.9774436090225563	0.6038961038961039	0.6103896103896104	0.6	2.214093868915338	0.733181698888986	0.6616541353383458	0.964	0.5681818181818181	0.589	0.5714285714285714	0.612	1.3447376648550122	0.739
PMID37957539_93	GLOM	ERCB_GLOM_H7	2.0	0.7443609022556392	0.5422077922077921	0.5162337662337663	0.5733333333333334	1.0978403481144865	0.025107164727495405	0.5939849624060151	0.684	0.5422077922077921	0.49	0.5454545454545454	0.431	1.3109460648149456	0.421
PMID38104515_94	GLOM	ERCB_GLOM_H7	4.0	1.0	0.6428571428571428	0.6590909090909091	0.6	2.1685058410209073	0.7679643075846383	0.6616541353383458	0.991	0.5681818181818181	0.723	0.5714285714285714	0.736	1.3447376648550122	0.732
PMID38292407_95	GLOM	ERCB_GLOM_H7	12.0	0.7293233082706767	0.5779220779220778	0.5941558441558441	0.56	1.4699255672350644	0.18012422360248445	0.7518796992481203	0.461	0.6103896103896104	0.38	0.6168831168831168	0.422	1.632129746670425	0.453
PMID38304805_96	GLOM	ERCB_GLOM_H7	5.0	1.0	0.7012987012987013	0.6818181818181818	0.6266666666666667	2.084840603000779	0.6612369871402327	0.6842105263157895	0.986	0.5746753246753247	0.833	0.5746753246753247	0.759	1.3300157003859063	0.723
PMID38332898_97	GLOM	ERCB_GLOM_H7	2.0	0.9398496240601504	0.762987012987013	0.7857142857142856	0.8	2.389355236856032	0.1066932612521034	0.5939849624060151	0.929	0.5422077922077921	0.94	0.5454545454545454	0.948	1.3109460648149456	0.783
PMID38375694_98	GLOM	ERCB_GLOM_H7	2.0	0.9172932330827067	0.37662337662337664	0.39935064935064934	0.4	1.0742475180286197	0.616061586912781	0.5939849624060151	0.893	0.5422077922077921	0.14	0.5454545454545454	0.177	1.3109460648149456	0.414
PMID38390317_99	GLOM	ERCB_GLOM_H7	3.0	1.0	0.8344155844155844	0.8311688311688312	0.84	1.8688041978181094	0.5910768961595662	0.6240601503759399	0.978	0.551948051948052	0.984	0.5551948051948052	0.982	1.3220029051071063	0.654
PMID38643193_100	GLOM	ERCB_GLOM_H7	5.0	0.9172932330827067	0.6038961038961039	0.577922077922078	0.52	1.8054834198053031	0.6917155104540285	0.6842105263157895	0.866	0.5746753246753247	0.583	0.5746753246753247	0.505	1.3300157003859063	0.654
PMID38691241_101	GLOM	ERCB_GLOM_H7	5.0	0.9849624060150376	0.775974025974026	0.7922077922077921	0.76	2.39443046620863	0.593421397952935	0.6842105263157895	0.967	0.5746753246753247	0.957	0.5746753246753247	0.959	1.3300157003859063	0.792
PMID38764052_102	GLOM	ERCB_GLOM_H7	8.0	0.9774436090225563	0.5941558441558441	0.5941558441558441	0.5866666666666667	2.2497936364888926	0.7249584463301548	0.7293233082706766	0.945	0.5941558441558441	0.491	0.5974025974025974	0.488	1.5008310397596334	0.74
PMID38766319_103	GLOM	ERCB_GLOM_H7	2.0	1.0	0.6785714285714286	0.6883116883116883	0.64	1.4504992071323046	0.7845857755227015	0.5939849624060151	0.986	0.5422077922077921	0.833	0.5454545454545454	0.83	1.3109460648149456	0.538
PMID38774257_104	GLOM	ERCB_GLOM_H7	2.0	0.9097744360902256	0.7402597402597402	0.7402597402597403	0.6933333333333334	1.764086221418659	0.5560843320794331	0.5939849624060151	0.885	0.5422077922077921	0.924	0.5454545454545454	0.917	1.3109460648149456	0.65
PMID38851464_105	GLOM	ERCB_GLOM_H7	3.0	1.0	0.9090909090909091	0.9123376623376624	0.8933333333333333	1.8230869025157372	0.6058437582013821	0.6240601503759399	0.978	0.551948051948052	1.0	0.5551948051948052	1.0	1.3220029051071063	0.647
PMID38951833_106	GLOM	ERCB_GLOM_H7	7.0	1.0	0.7077922077922079	0.6785714285714285	0.6666666666666666	1.575977376947071	0.7372758288863617	0.7067669172932332	0.985	0.5909090909090908	0.813	0.5909090909090909	0.725	1.3985962047586598	0.549
PMID38968594_107	GLOM	ERCB_GLOM_H7	4.0	0.924812030075188	0.7435064935064934	0.7077922077922078	0.6933333333333334	2.8496202439361893	0.41723383780946555	0.6616541353383458	0.903	0.5681818181818181	0.899	0.5714285714285714	0.829	1.3447376648550122	0.831
PMID39085362_108	GLOM	ERCB_GLOM_H7	2.0	1.0	0.6493506493506493	0.6558441558441559	0.7066666666666667	2.015121800151085	0.30641238736768434	0.5939849624060151	0.986	0.5422077922077921	0.757	0.5454545454545454	0.769	1.3109460648149456	0.71
PMID39187837_109	GLOM	ERCB_GLOM_H7	4.0	0.9398496240601504	0.5551948051948052	0.5616883116883117	0.56	1.1455308102413853	0.7223340040241449	0.6616541353383458	0.923	0.5681818181818181	0.475	0.5714285714285714	0.478	1.3447376648550122	0.435
PMID39224660_110	GLOM	ERCB_GLOM_H7	3.0	0.9849624060150377	0.5616883116883116	0.5551948051948051	0.5333333333333333	2.0267772588010584	0.7235937363310295	0.6240601503759399	0.963	0.551948051948052	0.527	0.5551948051948052	0.494	1.3220029051071063	0.718
PMID39265357_111	GLOM	ERCB_GLOM_H7	6.0	0.9924812030075189	0.5584415584415584	0.551948051948052	0.5066666666666667	2.3650867145809085	0.8390691977954684	0.6992481203007519	0.96	0.5844155844155845	0.412	0.5909090909090909	0.391	1.4800132952534306	0.764
PMID39290792_112	GLOM	ERCB_GLOM_H7	2.0	0.556390977443609	0.6850649350649352	0.6818181818181818	0.6666666666666666	-0.43756778161291987	-0.20853818563555246	0.5939849624060151	0.443	0.5422077922077921	0.849	0.5454545454545454	0.82	1.3109460648149456	0.134
PMID39333211_114	GLOM	ERCB_GLOM_H7	2.0	0.3609022556390977	0.487012987012987	0.47077922077922074	0.4533333333333333	1.3164137570306926	-0.05691540547633628	0.5939849624060151	0.222	0.5422077922077921	0.353	0.5454545454545454	0.324	1.3109460648149456	0.502
PMID39378104_116	GLOM	ERCB_GLOM_H7	5.0	0.6240601503759399	0.5064935064935066	0.5162337662337663	0.6	0.9743472519402611	0.09362260519639576	0.6842105263157895	0.419	0.5746753246753247	0.322	0.5746753246753247	0.349	1.3300157003859063	0.381
PMID39444490_117	GLOM	ERCB_GLOM_H7	7.0	0.6691729323308271	0.34415584415584416	0.3084415584415584	0.31999999999999995	0.5861866028481834	0.6121774122998863	0.7067669172932332	0.442	0.5909090909090908	0.05	0.5909090909090909	0.04	1.3985962047586598	0.241
PMID39609849_119	GLOM	ERCB_GLOM_H7	9.0	0.9924812030075189	0.6915584415584416	0.724025974025974	0.6933333333333334	2.1486774899818335	0.8269967631878227	0.7142857142857143	0.967	0.6006493506493507	0.781	0.6022727272727273	0.83	1.4899720977609028	0.725
PMID39916957_120	GLOM	ERCB_GLOM_H7	12.0	0.9924812030075189	0.685064935064935	0.672077922077922	0.6133333333333333	2.007647065611616	0.7191496806928527	0.7518796992481203	0.96	0.6103896103896104	0.705	0.6168831168831168	0.65	1.632129746670425	0.636
PMID35713142_121	GLOM	ERCB_GLOM_H7	5.0	0.9699248120300752	0.6201298701298701	0.6461038961038961	0.6133333333333333	2.285840810867114	0.6308984340827575	0.6842105263157895	0.946	0.5746753246753247	0.623	0.5746753246753247	0.675	1.3300157003859063	0.774
PMID35834115_122	GLOM	ERCB_GLOM_H7	6.0	0.7518796992481203	0.4967532467532468	0.5064935064935066	0.4533333333333333	1.491511299188023	0.5701513428396465	0.6992481203007519	0.576	0.5844155844155845	0.269	0.5909090909090909	0.284	1.4800132952534306	0.505
PMID36627452_123	GLOM	ERCB_GLOM_H7	6.0	0.9774436090225564	0.6785714285714286	0.6818181818181819	0.64	1.9266527090669237	0.5150730469775172	0.6992481203007519	0.945	0.5844155844155845	0.741	0.5909090909090909	0.743	1.4800132952534306	0.649
PMID36891052_124	GLOM	ERCB_GLOM_H7	6.0	0.9323308270676692	0.7207792207792207	0.6883116883116883	0.6666666666666666	2.9092481647870727	0.48396465751027906	0.6992481203007519	0.879	0.5844155844155845	0.83	0.5909090909090909	0.75	1.4800132952534306	0.852
PMID36911691_126	GLOM	ERCB_GLOM_H7	3.0	0.9924812030075189	0.5844155844155844	0.551948051948052	0.5466666666666666	2.66335897880615	0.7436094829848657	0.6240601503759399	0.968	0.551948051948052	0.584	0.5551948051948052	0.485	1.3220029051071063	0.824
PMID36919187_127	GLOM	ERCB_GLOM_H7	3.0	1.0	0.8409090909090909	0.8668831168831168	0.8533333333333334	2.9191449990754696	0.06951272854518414	0.6240601503759399	0.978	0.551948051948052	0.989	0.5551948051948052	0.991	1.3220029051071063	0.842
PMID36969169_128	GLOM	ERCB_GLOM_H7	3.0	1.0	0.6753246753246753	0.6655844155844156	0.6666666666666666	1.580166430342171	0.6232350625492084	0.6240601503759399	0.978	0.551948051948052	0.81	0.5551948051948052	0.77	1.3220029051071063	0.58
PMID37038746_129	GLOM	ERCB_GLOM_H7	10.0	0.9924812030075189	0.6655844155844156	0.6623376623376622	0.6	2.282521217902552	0.7225439594086257	0.7293233082706767	0.968	0.6038961038961039	0.683	0.6071428571428571	0.648	1.4435989712219408	0.752
PMID37063851_130	GLOM	ERCB_GLOM_H7	3.0	0.19548872180451132	0.512987012987013	0.5324675324675324	0.5733333333333334	1.119456818318262	-0.5295599685066923	0.6240601503759399	0.066	0.551948051948052	0.409	0.5551948051948052	0.44	1.3220029051071063	0.411
PMID37113991_131	GLOM	ERCB_GLOM_H7	8.0	0.9924812030075189	0.6298701298701299	0.6558441558441558	0.5866666666666667	2.0612507589144995	0.7430496019595835	0.7293233082706766	0.965	0.5941558441558441	0.621	0.5974025974025974	0.67	1.5008310397596334	0.7
PMID37127580_132	GLOM	ERCB_GLOM_H7	11.0	0.8270676691729324	0.6818181818181818	0.6753246753246753	0.68	2.728489432318117	0.3283527250459277	0.7368421052631579	0.671	0.6168831168831168	0.698	0.6201298701298701	0.658	1.56077859437876	0.799
PMID37143982_133	GLOM	ERCB_GLOM_H7	7.0	1.0	0.6655844155844156	0.6753246753246753	0.64	1.5798021205258348	0.7142507217216341	0.7067669172932332	0.985	0.5909090909090908	0.719	0.5909090909090909	0.721	1.3985962047586598	0.55
PMID37250717_134	GLOM	ERCB_GLOM_H7	5.0	0.9774436090225564	0.6136363636363636	0.6168831168831168	0.5866666666666667	2.2908429373365804	0.6961595660922054	0.6842105263157895	0.961	0.5746753246753247	0.605	0.5746753246753247	0.596	1.3300157003859063	0.774
PMID37312900_135	GLOM	ERCB_GLOM_H7	10.0	1.0	0.6201298701298701	0.6331168831168831	0.6	1.8193452675860318	0.7428396465751028	0.7293233082706767	0.976	0.6038961038961039	0.547	0.6071428571428571	0.567	1.4435989712219408	0.629
PMID37396184_137	GLOM	ERCB_GLOM_H7	5.0	1.0	0.8311688311688312	0.8051948051948052	0.8666666666666667	1.4552468598684984	0.40407663371533553	0.6842105263157895	0.986	0.5746753246753247	0.985	0.5746753246753247	0.969	1.3300157003859063	0.54
PMID37404805_138	GLOM	ERCB_GLOM_H7	3.0	0.9774436090225563	0.7532467532467533	0.7337662337662337	0.7066666666666667	2.896598652035304	0.5045052926253171	0.6240601503759399	0.95	0.551948051948052	0.923	0.5551948051948052	0.891	1.3220029051071063	0.841
PMID37480090_139	GLOM	ERCB_GLOM_H7	15.0	1.0	0.564935064935065	0.5844155844155844	0.49333333333333335	2.150811637934386	0.8453678593298924	0.7518796992481203	0.962	0.6201298701298701	0.344	0.6266233766233766	0.385	1.6282121816150776	0.67
PMID37492198_140	GLOM	ERCB_GLOM_H7	6.0	1.0	0.8409090909090908	0.8668831168831168	0.88	2.1035130860419615	0.736296037092118	0.6992481203007519	0.975	0.5844155844155845	0.98	0.5909090909090909	0.985	1.4800132952534306	0.697
PMID37554330_141	GLOM	ERCB_GLOM_H7	3.0	0.5639097744360902	0.5746753246753247	0.512987012987013	0.64	1.0488160900711552	-0.24286589099816286	0.6240601503759399	0.422	0.551948051948052	0.559	0.5551948051948052	0.402	1.3220029051071063	0.385
PMID37593129_142	GLOM	ERCB_GLOM_H7	6.0	0.8270676691729324	0.4188311688311689	0.44805194805194803	0.4	1.3869939196720136	0.5939812789782171	0.6992481203007519	0.692	0.5844155844155845	0.131	0.5909090909090909	0.182	1.4800132952534306	0.47
PMID37622120_143	GLOM	ERCB_GLOM_H7	4.0	1.0	0.6071428571428572	0.6396103896103896	0.5866666666666667	2.311572392295266	0.7722334004024144	0.6616541353383458	0.991	0.5681818181818181	0.603	0.5714285714285714	0.693	1.3447376648550122	0.756
PMID37656997_144	GLOM	ERCB_GLOM_H7	7.0	1.0	0.6201298701298701	0.6493506493506493	0.6	1.3499176164258069	0.8008223252558831	0.7067669172932332	0.985	0.5909090909090908	0.591	0.5909090909090909	0.651	1.3985962047586598	0.483
PMID37745718_145	GLOM	ERCB_GLOM_H7	5.0	0.962406015037594	0.9123376623376623	0.9188311688311688	0.9333333333333333	2.456158596147341	0.23863179074446675	0.6842105263157895	0.938	0.5746753246753247	0.999	0.5746753246753247	0.999	1.3300157003859063	0.799
PMID37760894_146	GLOM	ERCB_GLOM_H7	4.0	0.9699248120300752	0.5876623376623377	0.5909090909090909	0.56	1.972315759121733	0.7392354124748491	0.6616541353383458	0.956	0.5681818181818181	0.552	0.5714285714285714	0.564	1.3447376648550122	0.69
PMID37776100_147	GLOM	ERCB_GLOM_H7	4.0	0.8045112781954887	0.6883116883116883	0.6818181818181818	0.72	2.941304740774013	0.1437682072332787	0.6616541353383458	0.698	0.5681818181818181	0.817	0.5714285714285714	0.779	1.3447376648550122	0.842
PMID37960829_148	GLOM	ERCB_GLOM_H7	2.0	1.0	0.6883116883116882	0.7305194805194805	0.68	3.88760078519186	0.7266380894060013	0.5939849624060151	0.986	0.5422077922077921	0.85	0.5454545454545454	0.901	1.3109460648149456	0.896
PMID37964514_149	GLOM	ERCB_GLOM_H7	3.0	0.9548872180451128	0.7743506493506492	0.7662337662337663	0.7333333333333333	2.401380827164204	0.6696935499648261	0.6240601503759399	0.932	0.551948051948052	0.951	0.5551948051948052	0.932	1.3220029051071063	0.792
PMID37988198_150	GLOM	ERCB_GLOM_H7	2.0	0.9548872180451129	0.6071428571428572	0.5714285714285714	0.6	0.9412822500071618	0.7857755227014259	0.5939849624060151	0.947	0.5422077922077921	0.663	0.5454545454545454	0.56	1.3109460648149456	0.371
PMID38020922_151	GLOM	ERCB_GLOM_H7	7.0	0.3609022556390978	0.36038961038961037	0.3831168831168831	0.36	3.6440630887627488	-0.2117924940950048	0.7067669172932332	0.141	0.5909090909090908	0.068	0.5909090909090909	0.102	1.3985962047586598	0.895
PMID38028597_152	GLOM	ERCB_GLOM_H7	4.0	1.0	0.6850649350649352	0.6915584415584416	0.64	1.8809121316434647	0.700253696089581	0.6616541353383458	0.991	0.5681818181818181	0.813	0.5714285714285714	0.809	1.3447376648550122	0.666
PMID38028994_153	GLOM	ERCB_GLOM_H7	6.0	0.9849624060150377	0.6168831168831169	0.6038961038961039	0.5866666666666667	2.058416616495168	0.7215291750503017	0.6992481203007519	0.957	0.5844155844155845	0.583	0.5909090909090909	0.531	1.4800132952534306	0.681
PMID38390397_155	GLOM	ERCB_GLOM_H7	4.0	0.8721804511278196	0.7759740259740259	0.7727272727272726	0.8133333333333334	3.146789911174706	0.2640013997025632	0.6616541353383458	0.829	0.5681818181818181	0.931	0.5714285714285714	0.918	1.3447376648550122	0.856
PMID34908186_156	GLOM	ERCB_GLOM_H7	5.0	0.9699248120300752	0.6558441558441559	0.6558441558441558	0.6266666666666667	1.4627211824955562	0.675024057387805	0.6842105263157895	0.946	0.5746753246753247	0.719	0.5746753246753247	0.695	1.3300157003859063	0.544
PMID34932275_157	GLOM	ERCB_GLOM_H7	3.0	0.9774436090225563	0.6038961038961038	0.6168831168831169	0.5866666666666667	2.1676468124600463	0.6222902633190446	0.6240601503759399	0.95	0.551948051948052	0.634	0.5551948051948052	0.666	1.3220029051071063	0.752
PMID35559414_160	GLOM	ERCB_GLOM_H7	3.0	0.9473684210526316	0.7207792207792207	0.7077922077922078	0.68	2.232994104407553	0.4840213806622153	0.6240601503759399	0.924	0.551948051948052	0.884	0.5551948051948052	0.857	1.3220029051071063	0.767
PMID35592524_161	GLOM	ERCB_GLOM_H7	17.0	1.0	0.685064935064935	0.6883116883116883	0.6666666666666666	2.102020042973851	0.7458839996500742	0.7706766917293233	0.972	0.6282467532467533	0.693	0.6266233766233766	0.687	1.7064796083422762	0.625
PMID35637650_162	GLOM	ERCB_GLOM_H7	9.0	0.7293233082706767	0.6363636363636364	0.6461038961038961	0.5866666666666667	3.1352361510745044	0.11111888723646224	0.7142857142857143	0.514	0.6006493506493507	0.619	0.6022727272727273	0.637	1.4899720977609028	0.869
PMID35663304_163	GLOM	ERCB_GLOM_H7	2.0	1.0	0.7922077922077922	0.8181818181818181	0.7733333333333333	3.2969695118168514	0.6996238299361385	0.5939849624060151	0.986	0.5422077922077921	0.962	0.5454545454545454	0.977	1.3109460648149456	0.861
PMID35721731_164	GLOM	ERCB_GLOM_H7	4.0	0.6165413533834587	0.37337662337662336	0.3538961038961039	0.4	0.5426358012020429	-0.03032105677543522	0.6616541353383458	0.448	0.5681818181818181	0.092	0.5714285714285714	0.082	1.3447376648550122	0.253
PMID35845512_165	GLOM	ERCB_GLOM_H7	3.0	0.7593984962406015	0.7207792207792207	0.7142857142857143	0.6933333333333334	5.261172835336842	0.19202169538972969	0.6240601503759399	0.676	0.551948051948052	0.884	0.5551948051948052	0.867	1.3220029051071063	0.949
PMID35909518_166	GLOM	ERCB_GLOM_H7	5.0	0.9774436090225564	0.6233766233766234	0.6298701298701299	0.5866666666666667	1.924208861229475	0.749768174262969	0.6842105263157895	0.961	0.5746753246753247	0.632	0.5746753246753247	0.636	1.3300157003859063	0.681
PMID35923621_167	GLOM	ERCB_GLOM_H7	4.0	1.0	0.6331168831168831	0.6201298701298701	0.6	2.6160469324308466	0.6846820050739217	0.6616541353383458	0.991	0.5681818181818181	0.692	0.5714285714285714	0.644	1.3447376648550122	0.793
PMID35991124_168	GLOM	ERCB_GLOM_H7	11.0	0.9699248120300752	0.685064935064935	0.6948051948051948	0.6133333333333333	1.6107205933319146	0.8151342839646574	0.7368421052631579	0.923	0.6168831168831168	0.706	0.6201298701298701	0.719	1.56077859437876	0.518
PMID36035169_169	GLOM	ERCB_GLOM_H7	5.0	0.7669172932330827	0.551948051948052	0.5454545454545454	0.5066666666666667	1.72237834148604	0.24360073484384567	0.6842105263157895	0.617	0.5746753246753247	0.435	0.5746753246753247	0.398	1.3300157003859063	0.634
PMID36059966_170	GLOM	ERCB_GLOM_H7	15.0	0.9924812030075189	0.6396103896103896	0.6363636363636364	0.5866666666666667	2.1743072836968067	0.7119062199282652	0.7518796992481203	0.948	0.6201298701298701	0.544	0.6266233766233766	0.522	1.6282121816150776	0.677
PMID36064366_171	GLOM	ERCB_GLOM_H7	6.0	0.9097744360902256	0.5876623376623376	0.5616883116883116	0.49333333333333335	1.3817944880071913	0.7500481147756102	0.6992481203007519	0.83	0.5844155844155845	0.502	0.5909090909090909	0.409	1.4800132952534306	0.47
PMID36071835_172	GLOM	ERCB_GLOM_H7	3.0	0.9548872180451128	0.6136363636363636	0.6103896103896104	0.6666666666666666	1.556371943548399	0.6172163415274253	0.6240601503759399	0.932	0.551948051948052	0.653	0.5551948051948052	0.642	1.3220029051071063	0.567
PMID36071835_173	GLOM	ERCB_GLOM_H7	8.0	0.5714285714285714	0.5389610389610389	0.5454545454545454	0.5333333333333333	0.6345991689482839	-0.03542997113113463	0.7293233082706766	0.287	0.5941558441558441	0.343	0.5974025974025974	0.364	1.5008310397596334	0.241
PMID36092962_174	GLOM	ERCB_GLOM_H7	9.0	0.9172932330827068	0.5714285714285714	0.538961038961039	0.56	1.08982411495391	0.7215991601784619	0.7142857142857143	0.853	0.6006493506493507	0.404	0.6022727272727273	0.322	1.4899720977609028	0.383
PMID36154667_175	GLOM	ERCB_GLOM_H7	2.0	0.9699248120300752	0.5487012987012987	0.5941558441558441	0.5333333333333333	1.6359147713718492	0.7305572565829761	0.5939849624060151	0.957	0.5422077922077921	0.519	0.5454545454545454	0.63	1.3109460648149456	0.605
PMID36250071_177	GLOM	ERCB_GLOM_H7	2.0	1.0	0.6915584415584415	0.6948051948051948	0.72	1.6473853504081972	0.4031318344851719	0.5939849624060151	0.986	0.5422077922077921	0.855	0.5454545454545454	0.842	1.3109460648149456	0.613
PMID36329882_178	GLOM	ERCB_GLOM_H7	9.0	0.3458646616541353	0.487012987012987	0.4577922077922078	0.52	-0.8172001736739056	-0.35032805528825123	0.7142857142857143	0.083	0.6006493506493507	0.219	0.6022727272727273	0.175	1.4899720977609028	0.122
PMID36385790_180	GLOM	ERCB_GLOM_H7	10.0	0.9849624060150377	0.48376623376623373	0.5032467532467533	0.5066666666666667	1.0170315480461354	0.6744991689266031	0.7293233082706767	0.962	0.6038961038961039	0.193	0.6071428571428571	0.239	1.4435989712219408	0.364
PMID36466094_181	GLOM	ERCB_GLOM_H7	7.0	1.0	0.6850649350649352	0.6915584415584415	0.6533333333333333	1.6119593472273865	0.5399527600384918	0.7067669172932332	0.985	0.5909090909090908	0.766	0.5909090909090909	0.755	1.3985962047586598	0.558
PMID36482994_182	GLOM	ERCB_GLOM_H7	3.0	0.13533834586466167	0.13961038961038963	0.13311688311688308	0.12	16.256060693975407	-0.26820050739217915	0.6240601503759399	0.038	0.551948051948052	0.003	0.5551948051948052	0.003	1.3220029051071063	0.989
PMID36568106_184	GLOM	ERCB_GLOM_H7	2.0	0.9699248120300752	0.6136363636363636	0.6006493506493507	0.6133333333333333	1.6597967736090096	0.7465138658035168	0.5939849624060151	0.957	0.5422077922077921	0.677	0.5454545454545454	0.646	1.3109460648149456	0.616
PMID36585417_185	GLOM	ERCB_GLOM_H7	8.0	0.5939849624060151	0.48701298701298695	0.487012987012987	0.52	0.9347091360834545	-0.20776834922578952	0.7293233082706766	0.317	0.5941558441558441	0.235	0.5974025974025974	0.238	1.5008310397596334	0.323
PMID36624863_186	GLOM	ERCB_GLOM_H7	5.0	0.6766917293233083	0.3538961038961039	0.32792207792207795	0.38666666666666666	0.5465672081092694	0.02188784883212317	0.6842105263157895	0.482	0.5746753246753247	0.081	0.5746753246753247	0.071	1.3300157003859063	0.248
PMID36743936_187	GLOM	ERCB_GLOM_H7	3.0	0.8721804511278196	0.5746753246753247	0.5746753246753247	0.56	0.9452116445237516	0.6058437582013821	0.6240601503759399	0.826	0.551948051948052	0.559	0.5551948051948052	0.548	1.3220029051071063	0.361
PMID32954999_188	GLOM	ERCB_GLOM_H7	10.0	0.8421052631578947	0.6461038961038962	0.6396103896103895	0.64	1.986819750771585	0.35046802554457174	0.7293233082706767	0.688	0.6038961038961039	0.629	0.6071428571428571	0.585	1.4435989712219408	0.684
PMID33887734_190	GLOM	ERCB_GLOM_H7	2.0	0.8270676691729323	0.8181818181818182	0.8181818181818182	0.8133333333333334	7.656252431729178	0.05051176624967194	0.5939849624060151	0.782	0.5422077922077921	0.975	0.5454545454545454	0.978	1.3109460648149456	0.951
PMID34087849_191	GLOM	ERCB_GLOM_H7	4.0	0.9924812030075189	0.6948051948051948	0.7142857142857143	0.6533333333333333	2.637226742837873	0.7750677980929053	0.6616541353383458	0.983	0.5681818181818181	0.827	0.5714285714285714	0.841	1.3447376648550122	0.797
PMID34124269_192	GLOM	ERCB_GLOM_H7	7.0	0.9849624060150376	0.6461038961038961	0.6525974025974026	0.6133333333333333	2.23307565339214	0.6151517802466976	0.7067669172932332	0.967	0.5909090909090908	0.659	0.5909090909090909	0.66	1.3985962047586598	0.741
PMID34215202_193	GLOM	ERCB_GLOM_H7	5.0	0.8721804511278195	0.6168831168831168	0.6915584415584415	0.5733333333333334	2.1544362778800235	0.8414836847169976	0.6842105263157895	0.798	0.5746753246753247	0.612	0.5746753246753247	0.787	1.3300157003859063	0.742
PMID34262312_194	GLOM	ERCB_GLOM_H7	2.0	0.7969924812030075	0.6396103896103896	0.6428571428571428	0.64	1.4788824632078723	0.4278715772898259	0.5939849624060151	0.739	0.5422077922077921	0.736	0.5454545454545454	0.738	1.3109460648149456	0.551
PMID34424825_195	GLOM	ERCB_GLOM_H7	3.0	0.9172932330827068	0.5162337662337662	0.4967532467532467	0.4533333333333333	1.6638821711258545	0.5689615956609221	0.6240601503759399	0.88	0.551948051948052	0.416	0.5551948051948052	0.363	1.3220029051071063	0.607
PMID34557161_198	GLOM	ERCB_GLOM_H7	7.0	0.9548872180451128	0.7142857142857143	0.7142857142857143	0.7066666666666667	2.300063673438005	0.6277491033155456	0.7067669172932332	0.928	0.5909090909090908	0.823	0.5909090909090909	0.81	1.3985962047586598	0.754
PMID34735495_199	GLOM	ERCB_GLOM_H7	6.0	0.9924812030075189	0.5746753246753247	0.5811688311688311	0.56	2.4219554302979285	0.7638701775872626	0.6992481203007519	0.96	0.5844155844155845	0.466	0.5909090909090909	0.465	1.4800132952534306	0.776
PMID32778679_201	GLOM	ERCB_GLOM_H7	11.0	0.9774436090225563	0.5974025974025974	0.5941558441558441	0.56	2.0055499209295684	0.8153442393491384	0.7368421052631579	0.935	0.6168831168831168	0.444	0.6201298701298701	0.423	1.56077859437876	0.653
PMID32953797_202	GLOM	ERCB_GLOM_H7	16.0	0.9924812030075189	0.6915584415584416	0.6948051948051948	0.6266666666666667	1.9127515445132142	0.5991251858979967	0.7781954887218046	0.946	0.6266233766233766	0.709	0.6331168831168831	0.703	1.691176071854164	0.58
PMID33145306_203	GLOM	ERCB_GLOM_H7	13.0	0.9624060150375939	0.6915584415584416	0.6850649350649352	0.68	1.955103486859872	0.6228151517802467	0.7443609022556391	0.904	0.6103896103896104	0.745	0.6136363636363636	0.705	1.5805607178344272	0.632
PMID30761531_204	GLOM	ERCB_GLOM_H7	19.0	0.8796992481203008	0.6461038961038961	0.6201298701298702	0.5733333333333334	1.5334913143042839	0.7372058437582013	0.7819548872180452	0.719	0.6363636363636364	0.532	0.6396103896103895	0.442	1.7432329277912662	0.423
PMID30988245_205	GLOM	ERCB_GLOM_H7	5.0	0.7819548872180451	0.6071428571428571	0.5909090909090908	0.5333333333333333	1.8238179431875805	0.47500656110576506	0.6842105263157895	0.65	0.5746753246753247	0.587	0.5746753246753247	0.534	1.3300157003859063	0.658
PMID31277135_206	GLOM	ERCB_GLOM_H7	7.0	0.7819548872180452	0.6558441558441559	0.6428571428571428	0.64	2.3658841464122613	0.21651649024582276	0.7067669172932332	0.621	0.5909090909090908	0.685	0.5909090909090909	0.636	1.3985962047586598	0.77
PMID29207157_208	GLOM	ERCB_GLOM_H7	4.0	0.9924812030075189	0.5941558441558441	0.5714285714285714	0.52	1.7859380620386915	0.756871664771236	0.6616541353383458	0.983	0.5681818181818181	0.568	0.5714285714285714	0.498	1.3447376648550122	0.638
INJURY	GLOM	GSE96804-GPL17586		0.9707317073170731					1.0								
ORIENT_DE_50	GLOM	GSE96804-GPL17586	48.0	0.8158536585365853					0.5705446853516657	0.5975609756097561	0.916						
ORIENT_DE_200	GLOM	GSE96804-GPL17586	192.0	0.776829268292683					0.5618191433104177	0.6207317073170732	0.925						
PMID40611469_0	GLOM	GSE96804-GPL17586	2.0	0.5817073170731707					0.3683813905846868	0.5487804878048781	0.551						
PMID41117762_1	GLOM	GSE96804-GPL17586	2.0	0.7926829268292683					0.6118455843469064	0.5487804878048781	0.862						
PMID41528564_2	GLOM	GSE96804-GPL17586	4.0	0.8524390243902439					0.6897408778424113	0.55	0.942						
PMID41569454_4	GLOM	GSE96804-GPL17586	3.0	0.8707317073170732					0.7790161160928828	0.5118902439024391	0.97						
PMID41582386_5	GLOM	GSE96804-GPL17586	7.0	0.7890243902439025					0.558223162347964	0.5615853658536586	0.866						
PMID41593805_6	GLOM	GSE96804-GPL17586	5.0	0.8987804878048781					0.836753040719196	0.5390243902439025	0.978						
PMID41709877_7	GLOM	GSE96804-GPL17586	3.0	0.9182926829268293					0.5757271285034372	0.5118902439024391	0.991						
PMID41825713_8	GLOM	GSE96804-GPL17586	2.0	0.8939024390243903					0.6881015335801163	0.5487804878048781	0.97						
PMID41867465_10	GLOM	GSE96804-GPL17586	2.0	0.8682926829268294					0.49152542390064236	0.5487804878048781	0.952						
PMID41878449_11	GLOM	GSE96804-GPL17586	6.0	0.7158536585365853					0.565943945002644	0.5658536585365854	0.749						
PMID41925798_12	GLOM	GSE96804-GPL17586	9.0	0.41829268292682925					-0.4484399788471708	0.5509146341463415	0.28						
PMID41928356_13	GLOM	GSE96804-GPL17586	4.0	0.9475609756097562					0.7388683236382866	0.55	0.995						
PMID41944350_14	GLOM	GSE96804-GPL17586	4.0	0.775609756097561					0.6765732416710735	0.55	0.859						
PMID41978270_15	GLOM	GSE96804-GPL17586	3.0	0.8926829268292683					0.689476467477525	0.5118902439024391	0.984						
PMID42107160_17	GLOM	GSE96804-GPL17586	2.0	0.9975609756097561					0.7301956636700158	0.5487804878048781	1.0						
PMID42123756_18	GLOM	GSE96804-GPL17586	5.0	0.7548780487804878					0.5946589106292965	0.5390243902439025	0.83						
PMID42169644_19	GLOM	GSE96804-GPL17586	3.0	0.673170731707317					0.36166049709148596	0.5118902439024391	0.752						
PMID42278229_21	GLOM	GSE96804-GPL17586	4.0	0.8902439024390244					0.7748383770954393	0.55	0.973						
PMID42402786_22	GLOM	GSE96804-GPL17586	5.0	0.9951219512195122					0.7864093072448439	0.5390243902439025	1.0						
PMID42461218_23	GLOM	GSE96804-GPL17586	3.0	0.8597560975609756					0.7500264410364884	0.5118902439024391	0.966						
PMID42464365_24	GLOM	GSE96804-GPL17586	9.0	0.825609756097561					0.722950819672131	0.5509146341463415	0.929						
PMID42563361_27	GLOM	GSE96804-GPL17586	2.0	0.8841463414634145					0.6829190904283446	0.5487804878048781	0.966						
PMID42602622_28	GLOM	GSE96804-GPL17586	4.0	0.9719512195121951					0.708725542041248	0.55	0.999						
PMID42621048_29	GLOM	GSE96804-GPL17586	3.0	1.0					0.5483870967741935	0.5118902439024391	1.0						
PMID42694848_32	GLOM	GSE96804-GPL17586	2.0	0.9146341463414634					0.6299841353781068	0.5487804878048781	0.979						
PMID42713097_33	GLOM	GSE96804-GPL17586	3.0	0.7085365853658536					0.46012691697514535	0.5118902439024391	0.793						
PMID42735794_34	GLOM	GSE96804-GPL17586	7.0	0.9585365853658536					0.8122686409307244	0.5615853658536586	0.998						
PMID42747041_35	GLOM	GSE96804-GPL17586	2.0	0.9219512195121952					0.82605534189321	0.5487804878048781	0.984						
PMID42787683_36	GLOM	GSE96804-GPL17586	5.0	0.8195121951219513					0.5885245901639343	0.5390243902439025	0.907						
PMID39028495_37	GLOM	GSE96804-GPL17586	7.0	0.9182926829268292					0.4934426229508196	0.5615853658536586	0.987						
PMID39509016_38	GLOM	GSE96804-GPL17586	3.0	0.8939024390243903					0.7548387096774193	0.5118902439024391	0.985						
PMID39838413_39	GLOM	GSE96804-GPL17586	5.0	0.8890243902439026					0.9068217874140665	0.5390243902439025	0.971						
PMID39865825_41	GLOM	GSE96804-GPL17586	5.0	0.05426829268292685					-0.8199473817134036	0.5390243902439025	0.007						
PMID39892769_43	GLOM	GSE96804-GPL17586	2.0	0.8804878048780488					0.9064107141288448	0.5487804878048781	0.964						
PMID39920798_44	GLOM	GSE96804-GPL17586	2.0	0.7817073170731708					0.6860920148069803	0.5487804878048781	0.846						
PMID39953123_45	GLOM	GSE96804-GPL17586	2.0	0.748780487804878					0.5941829719725013	0.5487804878048781	0.8						
PMID39957315_46	GLOM	GSE96804-GPL17586	2.0	0.8975609756097561					0.5636774680221328	0.5487804878048781	0.971						
PMID39959271_47	GLOM	GSE96804-GPL17586	2.0	0.8097560975609756					0.6797461660497089	0.5487804878048781	0.88						
PMID39988817_48	GLOM	GSE96804-GPL17586	2.0	0.9402439024390244					0.7480169222633527	0.5487804878048781	0.995						
PMID39995931_49	GLOM	GSE96804-GPL17586	4.0	0.7829268292682927					0.8020624008461131	0.55	0.869						
PMID40097518_50	GLOM	GSE96804-GPL17586	3.0	0.3317073170731707					-0.09116869381279745	0.5118902439024391	0.23						
PMID40228227_52	GLOM	GSE96804-GPL17586	3.0	0.47804878048780486					0.018561607615018506	0.5118902439024391	0.443						
PMID40230799_53	GLOM	GSE96804-GPL17586	3.0	0.07682926829268295					-0.44135961610964625	0.5118902439024391	0.015						
PMID40312440_56	GLOM	GSE96804-GPL17586	7.0	0.9548780487804878					0.7634584875727127	0.5615853658536586	0.997						
PMID40374840_57	GLOM	GSE96804-GPL17586	5.0	0.8951219512195122					0.7723955579058699	0.5390243902439025	0.977						
PMID40376698_58	GLOM	GSE96804-GPL17586	5.0	0.7219512195121951					0.6199365415124272	0.5390243902439025	0.788						
PMID40460381_59	GLOM	GSE96804-GPL17586	2.0	0.8804878048780488					0.9064107141288448	0.5487804878048781	0.964						
PMID40470717_60	GLOM	GSE96804-GPL17586	10.0	0.8768292682926829					0.7033844526705446	0.5573170731707318	0.96						
PMID40505639_61	GLOM	GSE96804-GPL17586	3.0	0.6182926829268293					0.396351136964569	0.5118902439024391	0.652						
PMID40555691_62	GLOM	GSE96804-GPL17586	7.0	0.9207317073170732					0.7327340031729243	0.5615853658536586	0.99						
PMID40615901_63	GLOM	GSE96804-GPL17586	2.0	0.7987804878048781					0.5306716023268111	0.5487804878048781	0.87						
PMID40624623_64	GLOM	GSE96804-GPL17586	2.0	0.6585365853658537					0.5660497091485986	0.5487804878048781	0.675						
PMID40640102_65	GLOM	GSE96804-GPL17586	3.0	0.9951219512195122					0.9325224748810151	0.5118902439024391	1.0						
PMID40703651_68	GLOM	GSE96804-GPL17586	2.0	0.019512195121951226					-0.6339586721689959	0.5487804878048781	0.001						
PMID40742465_69	GLOM	GSE96804-GPL17586	2.0	0.9780487804878049					0.9054468535166578	0.5487804878048781	1.0						
PMID40764924_71	GLOM	GSE96804-GPL17586	2.0	0.7914634146341463					0.5158117398202009	0.5487804878048781	0.86						
PMID40775242_72	GLOM	GSE96804-GPL17586	3.0	0.7268292682926829					0.22786885245901634	0.5118902439024391	0.826						
PMID40825025_73	GLOM	GSE96804-GPL17586	6.0	0.9621951219512195					0.6892649391856159	0.5658536585365854	0.997						
PMID40898746_74	GLOM	GSE96804-GPL17586	3.0	0.748780487804878					0.4920148069804336	0.5118902439024391	0.85						
PMID40948769_75	GLOM	GSE96804-GPL17586	4.0	0.7317073170731707					0.26176626123744046	0.55	0.806						
PMID40950408_76	GLOM	GSE96804-GPL17586	6.0	0.8658536585365854					0.1907985193019566	0.5658536585365854	0.957						
PMID40958910_77	GLOM	GSE96804-GPL17586	2.0	0.40914634146341466					-0.050292846133402395	0.5487804878048781	0.292						
PMID40969366_78	GLOM	GSE96804-GPL17586	4.0	0.8695121951219512					0.7118984664198835	0.55	0.958						
PMID41122706_79	GLOM	GSE96804-GPL17586	3.0	0.9841463414634146					0.92374405076679	0.5118902439024391	1.0						
PMID41162187_80	GLOM	GSE96804-GPL17586	2.0	0.9390243902439024					0.8471026851967852	0.5487804878048781	0.993						
PMID41164826_81	GLOM	GSE96804-GPL17586	3.0	0.9658536585365854					0.6546800634584875	0.5118902439024391	0.999						
PMID41311665_83	GLOM	GSE96804-GPL17586	6.0	0.7268292682926829					0.5013220518244315	0.5658536585365854	0.772						
PMID41329505_84	GLOM	GSE96804-GPL17586	2.0	0.6402439024390244					0.51158117398202	0.5487804878048781	0.655						
PMID41332907_85	GLOM	GSE96804-GPL17586	5.0	0.6134146341463415					0.4290851401374933	0.5390243902439025	0.625						
PMID41353443_86	GLOM	GSE96804-GPL17586	3.0	0.11829268292682926					-0.5206768905341088	0.5118902439024391	0.036						
PMID41438111_87	GLOM	GSE96804-GPL17586	5.0	0.9573170731707317					0.8023796932839766	0.5390243902439025	0.996						
PMID41479901_88	GLOM	GSE96804-GPL17586	7.0	0.751219512195122					0.6764674775251188	0.5615853658536586	0.818						
PMID41503644_89	GLOM	GSE96804-GPL17586	3.0	0.9109756097560976					0.9106821787414066	0.5118902439024391	0.989						
PMID41669232_90	GLOM	GSE96804-GPL17586	5.0	0.774390243902439					0.5772607086197779	0.5390243902439025	0.853						
PMID37737517_91	GLOM	GSE96804-GPL17586	5.0	0.7182926829268292					0.6687995769434161	0.5390243902439025	0.781						
PMID37777674_92	GLOM	GSE96804-GPL17586	4.0	0.6682926829268293					0.5649920676890533	0.55	0.699						
PMID37957539_93	GLOM	GSE96804-GPL17586	2.0	1.0					0.43506081438392386	0.5487804878048781	1.0						
PMID38104515_94	GLOM	GSE96804-GPL17586	4.0	0.7353658536585366					0.6631940772078264	0.55	0.806						
PMID38292407_95	GLOM	GSE96804-GPL17586	11.0	0.9768292682926829					0.7331570597567424	0.5615853658536585	1.0						
PMID38304805_96	GLOM	GSE96804-GPL17586	5.0	0.7280487804878049					0.6522474881015335	0.5390243902439025	0.798						
PMID38332898_97	GLOM	GSE96804-GPL17586	2.0	0.7158536585365853					0.39275515600211525	0.5487804878048781	0.756						
PMID38375694_98	GLOM	GSE96804-GPL17586	2.0	0.4841463414634146					0.25520888418826015	0.5487804878048781	0.402						
PMID38390317_99	GLOM	GSE96804-GPL17586	2.0	0.6878048780487805					0.4305658381808566	0.5487804878048781	0.721						
PMID38643193_100	GLOM	GSE96804-GPL17586	5.0	0.9560975609756097					0.8037017451084081	0.5390243902439025	0.996						
PMID38691241_101	GLOM	GSE96804-GPL17586	5.0	0.8414634146341464					0.6242728714965625	0.5390243902439025	0.931						
PMID38764052_102	GLOM	GSE96804-GPL17586	8.0	0.625609756097561					0.5534108937070332	0.5774390243902439	0.577						
PMID38766319_103	GLOM	GSE96804-GPL17586	2.0	0.7121951219512195					0.6588928992233571	0.5487804878048781	0.753						
PMID38774257_104	GLOM	GSE96804-GPL17586	2.0	0.9378048780487804					0.8193548387096774	0.5487804878048781	0.993						
PMID38851464_105	GLOM	GSE96804-GPL17586	3.0	0.8304878048780489					0.6878726583448628	0.5118902439024391	0.935						
PMID38951833_106	GLOM	GSE96804-GPL17586	6.0	0.7548780487804878					0.518667371760973	0.5658536585365854	0.817						
PMID38968594_107	GLOM	GSE96804-GPL17586	4.0	0.5865853658536586					0.21565594470346724	0.55	0.561						
PMID39085362_108	GLOM	GSE96804-GPL17586	2.0	1.0					0.4754161213546274	0.5487804878048781	1.0						
PMID39187837_109	GLOM	GSE96804-GPL17586	4.0	0.9573170731707318					0.8033315705975673	0.55	0.998						
PMID39224660_110	GLOM	GSE96804-GPL17586	3.0	0.5853658536585367					0.4965097831835007	0.5118902439024391	0.604						
PMID39265357_111	GLOM	GSE96804-GPL17586	6.0	0.7134146341463414					0.686832363828662	0.5658536585365854	0.748						
PMID39290792_112	GLOM	GSE96804-GPL17586	2.0	0.698780487804878					0.28725542041248014	0.5487804878048781	0.735						
PMID39333211_114	GLOM	GSE96804-GPL17586	2.0	0.5841463414634146					0.24394500264410357	0.5487804878048781	0.557						
PMID39378104_116	GLOM	GSE96804-GPL17586	5.0	0.9817073170731708					0.5309360126916974	0.5390243902439025	0.999						
PMID39444490_117	GLOM	GSE96804-GPL17586	7.0	0.3780487804878049					-0.016234796404019033	0.5615853658536586	0.203						
PMID39609849_119	GLOM	GSE96804-GPL17586	9.0	0.9304878048780487					0.8450026441036488	0.5509146341463415	0.987						
PMID39916957_120	GLOM	GSE96804-GPL17586	12.0	0.7268292682926829					0.6504494976203066	0.5719512195121952	0.772						
PMID35713142_121	GLOM	GSE96804-GPL17586	5.0	0.7182926829268292					0.5829190904283447	0.5390243902439025	0.781						
PMID35834115_122	GLOM	GSE96804-GPL17586	6.0	0.7548780487804878					0.6579058699101004	0.5658536585365854	0.817						
PMID36627452_123	GLOM	GSE96804-GPL17586	6.0	0.8999999999999999					0.6982548915917502	0.5658536585365854	0.978						
PMID36891052_124	GLOM	GSE96804-GPL17586	5.0	0.7682926829268293					0.602644103648863	0.5390243902439025	0.844						
PMID36911691_126	GLOM	GSE96804-GPL17586	3.0	0.7036585365853658					0.6484928609201479	0.5118902439024391	0.791						
PMID36919187_127	GLOM	GSE96804-GPL17586	3.0	0.9951219512195122					0.6082496033844526	0.5118902439024391	1.0						
PMID36969169_128	GLOM	GSE96804-GPL17586	3.0	0.7268292682926829					0.604071919619249	0.5118902439024391	0.826						
PMID37038746_129	GLOM	GSE96804-GPL17586	10.0	0.7646341463414634					0.61544156530936	0.5573170731707318	0.847						
PMID37063851_130	GLOM	GSE96804-GPL17586	3.0	0.4695121951219512					0.002855631940772078	0.5118902439024391	0.432						
PMID37113991_131	GLOM	GSE96804-GPL17586	8.0	0.7134146341463414					0.648915917503966	0.5774390243902439	0.764						
PMID37127580_132	GLOM	GSE96804-GPL17586	11.0	0.75					0.5427287149656267	0.5615853658536585	0.808						
PMID37143982_133	GLOM	GSE96804-GPL17586	6.0	0.7817073170731708					0.6705446853516658	0.5658536585365854	0.86						
PMID37250717_134	GLOM	GSE96804-GPL17586	5.0	0.6426829268292683					0.5740349021681649	0.5390243902439025	0.669						
PMID37312900_135	GLOM	GSE96804-GPL17586	10.0	0.6414634146341464					0.5543627710206239	0.5573170731707318	0.662						
PMID37396184_137	GLOM	GSE96804-GPL17586	5.0	1.0					0.7606028556319406	0.5390243902439025	1.0						
PMID37404805_138	GLOM	GSE96804-GPL17586	3.0	0.7310975609756097					0.5424185936300794	0.5118902439024391	0.831						
PMID37480090_139	GLOM	GSE96804-GPL17586	14.0	0.8134146341463415					0.6955579058699101	0.5731707317073171	0.909						
PMID37492198_140	GLOM	GSE96804-GPL17586	6.0	0.7829268292682927					0.6800634584875727	0.5658536585365854	0.86						
PMID37554330_141	GLOM	GSE96804-GPL17586	3.0	0.9829268292682927					0.4883659439450026	0.5118902439024391	1.0						
PMID37593129_142	GLOM	GSE96804-GPL17586	6.0	0.8768292682926828					0.6960338445267054	0.5658536585365854	0.961						
PMID37622120_143	GLOM	GSE96804-GPL17586	4.0	0.7707317073170732					0.6901110523532522	0.55	0.852						
PMID37656997_144	GLOM	GSE96804-GPL17586	7.0	0.921951219512195					0.8815970386039133	0.5615853658536586	0.99						
PMID37745718_145	GLOM	GSE96804-GPL17586	5.0	0.4682926829268293					-0.2146483342147012	0.5390243902439025	0.388						
PMID37760894_146	GLOM	GSE96804-GPL17586	4.0	0.6878048780487804					0.5698043363299841	0.55	0.73						
PMID37776100_147	GLOM	GSE96804-GPL17586	3.0	0.7682926829268293					0.6319936541512426	0.5118902439024391	0.871						
PMID37964514_149	GLOM	GSE96804-GPL17586	3.0	0.9621951219512195					0.7660497091485985	0.5118902439024391	0.998						
PMID37988198_150	GLOM	GSE96804-GPL17586	2.0	0.9585365853658536					0.8223162347964039	0.5487804878048781	0.998						
PMID38020922_151	GLOM	GSE96804-GPL17586	7.0	0.019512195121951223					-0.7837491241975812	0.5615853658536586	0.0						
PMID38028597_152	GLOM	GSE96804-GPL17586	4.0	0.7560975609756098					0.667160232681121	0.55	0.835						
PMID38028994_153	GLOM	GSE96804-GPL17586	6.0	0.6475609756097561					0.5215758857747222	0.5658536585365854	0.642						
PMID38390397_155	GLOM	GSE96804-GPL17586	4.0	0.875609756097561					0.6083553675304071	0.55	0.965						
PMID34908186_156	GLOM	GSE96804-GPL17586	6.0	0.8384146341463414					0.6508547178611876	0.5658536585365854	0.931						
PMID34932275_157	GLOM	GSE96804-GPL17586	3.0	0.7634146341463415					0.6339502908514013	0.5118902439024391	0.864						
PMID35559414_160	GLOM	GSE96804-GPL17586	3.0	0.822560975609756					0.5798331549046509	0.5118902439024391	0.928						
PMID35592524_161	GLOM	GSE96804-GPL17586	17.0	0.9					0.7892120571126386	0.5676829268292684	0.98						
PMID35637650_162	GLOM	GSE96804-GPL17586	10.0	0.6012195121951219					0.21353781068217872	0.5573170731707318	0.589						
PMID35721731_164	GLOM	GSE96804-GPL17586	4.0	0.9902439024390244					0.3732945531464833	0.55	1.0						
PMID35845512_165	GLOM	GSE96804-GPL17586	3.0	0.8548780487804878					0.6207826546800633	0.5118902439024391	0.966						
PMID35909518_166	GLOM	GSE96804-GPL17586	5.0	0.6926829268292682					0.6117398202009519	0.5390243902439025	0.744						
PMID35923621_167	GLOM	GSE96804-GPL17586	4.0	0.8475609756097561					0.7181914331041775	0.55	0.94						
PMID35991124_168	GLOM	GSE96804-GPL17586	11.0	0.9829268292682927					0.9017451084082494	0.5615853658536585	1.0						
PMID36035169_169	GLOM	GSE96804-GPL17586	5.0	0.6243902439024389					0.309941829719725	0.5390243902439025	0.643						
PMID36059966_170	GLOM	GSE96804-GPL17586	15.0	0.7121951219512196					0.6155473294553145	0.5969512195121951	0.726						
PMID36064366_171	GLOM	GSE96804-GPL17586	6.0	0.8695121951219512					0.7919619249074562	0.5658536585365854	0.957						
PMID36071835_172	GLOM	GSE96804-GPL17586	3.0	0.4390243902439025					0.26906398730830244	0.5118902439024391	0.388						
PMID36071835_173	GLOM	GSE96804-GPL17586	8.0	0.3524390243902439					-0.22051824431517714	0.5774390243902439	0.183						
PMID36092962_174	GLOM	GSE96804-GPL17586	9.0	0.8146341463414635					0.7315177154944473	0.5509146341463415	0.915						
PMID36154667_175	GLOM	GSE96804-GPL17586	3.0	0.6073170731707317					0.38127974616604965	0.5118902439024391	0.633						
PMID36250071_177	GLOM	GSE96804-GPL17586	2.0	1.0					0.696774193548387	0.5487804878048781	1.0						
PMID36329882_178	GLOM	GSE96804-GPL17586	9.0	0.9951219512195122					0.5277630883130618	0.5509146341463415	1.0						
PMID36385790_180	GLOM	GSE96804-GPL17586	10.0	0.9963414634146341					0.8381279746166048	0.5573170731707318	1.0						
PMID36466094_181	GLOM	GSE96804-GPL17586	7.0	1.0					0.7836065573770491	0.5615853658536586	1.0						
PMID36482994_182	GLOM	GSE96804-GPL17586	4.0	0.9097560975609756					0.4523003701745108	0.55	0.985						
PMID36568106_184	GLOM	GSE96804-GPL17586	2.0	0.44878048780487806					0.2737176097303014	0.5487804878048781	0.344						
PMID36585417_185	GLOM	GSE96804-GPL17586	8.0	0.6780487804878048					-0.10010576414595451	0.5774390243902439	0.704						
PMID36624863_186	GLOM	GSE96804-GPL17586	5.0	0.998780487804878					0.44653622421998934	0.5390243902439025	1.0						
PMID36743936_187	GLOM	GSE96804-GPL17586	3.0	0.9817073170731707					0.780750925436277	0.5118902439024391	1.0						
PMID32954999_188	GLOM	GSE96804-GPL17586	10.0	0.5317073170731708					0.12559492332099417	0.5573170731707318	0.451						
PMID33887734_190	GLOM	GSE96804-GPL17586	2.0	0.8670731707317073					0.630248545742993	0.5487804878048781	0.95						
PMID34087849_191	GLOM	GSE96804-GPL17586	4.0	0.8804878048780488					0.7698572184029613	0.55	0.966						
PMID34124269_192	GLOM	GSE96804-GPL17586	7.0	0.7524390243902438					0.5970386039132733	0.5615853658536586	0.821						
PMID34215202_193	GLOM	GSE96804-GPL17586	5.0	0.9487804878048781					0.933104177683765	0.5390243902439025	0.992						
PMID34262312_194	GLOM	GSE96804-GPL17586	2.0	0.7914634146341464					0.6201480698043362	0.5487804878048781	0.862						
PMID34424825_195	GLOM	GSE96804-GPL17586	3.0	0.7908536585365854					0.613440156586616	0.5118902439024391	0.9						
PMID34557161_198	GLOM	GSE96804-GPL17586	7.0	0.9121951219512195					0.7534108937070332	0.5615853658536586	0.98						
PMID34735495_199	GLOM	GSE96804-GPL17586	6.0	0.6451219512195122					0.5632469592808037	0.5658536585365854	0.642						
PMID31895808_200	GLOM	GSE96804-GPL17586	2.0	0.7731707317073171					0.5124272871496562	0.5487804878048781	0.826						
PMID32778679_201	GLOM	GSE96804-GPL17586	11.0	0.7817073170731708					0.7333157059756742	0.5615853658536585	0.861						
PMID32953797_202	GLOM	GSE96804-GPL17586	16.0	0.9548780487804878					0.796985721840296	0.5798780487804878	0.999						
PMID33145306_203	GLOM	GSE96804-GPL17586	14.0	0.8304878048780487					0.7123215230037017	0.5731707317073171	0.926						
PMID30761531_204	GLOM	GSE96804-GPL17586	18.0	0.9036585365853659					0.8175039661554732	0.5713414634146341	0.978						
PMID30988245_205	GLOM	GSE96804-GPL17586	5.0	0.7475609756097561					0.4883659439450026	0.5390243902439025	0.823						
PMID31277135_206	GLOM	GSE96804-GPL17586	7.0	0.7804878048780488					0.41459545214172383	0.5615853658536586	0.855						
PMID29207157_208	GLOM	GSE96804-GPL17586	4.0	0.7414634146341463					0.6491274457958751	0.55	0.818						
INJURY	TUB	ERCB_TUB_H1		0.9764705882352941	0.6675438596491228	0.525438596491228	0.5181159420289855	1.248624141472543	1.0								
ORIENT_DE_50	TUB	ERCB_TUB_H1	47.0	0.9117647058823528	0.7350877192982456	0.7157894736842105	0.6847826086956522	2.3784935222051713	0.8756167405873864	0.9352941176470588	0.276	0.6728070175438596	0.952	0.5820175438596491	0.978	1.2314396955714502	0.944
ORIENT_DE_200	TUB	ERCB_TUB_H1	189.0	0.9117647058823528	0.7105263157894737	0.6728070175438596	0.6376811594202899	2.145868863366201	0.8847365677111273	0.9470588235294117	0.028	0.6894736842105263	0.828	0.6078947368421053	0.913	1.2184587923682462	0.998
PMID40611469_0	TUB	ERCB_TUB_H1	2.0	0.7647058823529411	0.6447368421052633	0.606140350877193	0.6159420289855072	2.964430345270665	0.5622294086090565	0.7529411764705882	0.512	0.5703947368421052	0.799	0.5214912280701754	0.847	0.8902748114315403	0.944
PMID41117762_1	TUB	ERCB_TUB_H1	2.0	0.9117647058823528	0.6087719298245614	0.5578947368421052	0.5887681159420289	1.614019255131315	0.4657050622202383	0.7529411764705882	0.856	0.5703947368421052	0.662	0.5214912280701754	0.662	0.8902748114315403	0.823
PMID41528564_2	TUB	ERCB_TUB_H1	4.0	0.9588235294117646	0.706140350877193	0.668421052631579	0.6340579710144928	1.992682687513751	0.8269310686140431	0.8058823529411765	0.974	0.5960526315789474	0.944	0.5350877192982455	0.96	0.9026546658371581	0.9
PMID41569454_4	TUB	ERCB_TUB_H1	3.0	0.9411764705882353	0.6798245614035088	0.5736842105263158	0.572463768115942	1.3953315596911264	0.8453520615947231	0.7823529411764707	0.92	0.5758771929824562	0.891	0.5219298245614035	0.712	0.8983134367976251	0.761
PMID41582386_5	TUB	ERCB_TUB_H1	7.0	0.8294117647058823	0.5526315789473685	0.5192982456140351	0.5253623188405797	1.5835573459663266	0.3244905514964223	0.8470588235294118	0.451	0.611842105263158	0.242	0.5390350877192983	0.405	0.9999938112519926	0.812
PMID41593805_6	TUB	ERCB_TUB_H1	5.0	0.8823529411764706	0.6850877192982456	0.5745614035087718	0.5652173913043478	2.7455823329617632	0.6984487982531036	0.8264705882352941	0.656	0.5956140350877193	0.879	0.5263157894736843	0.709	0.9517063979942894	0.935
PMID41709877_7	TUB	ERCB_TUB_H1	4.0	0.9764705882352941	0.6228070175438596	0.537719298245614	0.5217391304347826	0.7950401981660896	0.7488911892043008	0.8058823529411765	0.992	0.5960526315789474	0.629	0.5350877192982455	0.513	0.9026546658371581	0.404
PMID41825713_8	TUB	ERCB_TUB_H1	2.0	0.9764705882352941	0.6956140350877194	0.6175438596491227	0.6231884057971014	1.8553216258025462	0.6769349918315046	0.7529411764705882	0.997	0.5703947368421052	0.937	0.5214912280701754	0.874	0.8902748114315403	0.858
PMID41867465_10	TUB	ERCB_TUB_H1	2.0	0.21764705882352942	0.5219298245614036	0.5184210526315789	0.532608695652174	0.7249096031957156	-0.10160853578988056	0.7529411764705882	0.068	0.5703947368421052	0.319	0.5214912280701754	0.48	0.8902748114315403	0.352
PMID41878449_11	TUB	ERCB_TUB_H1	6.0	0.9235294117647058	0.7096491228070175	0.6771929824561403	0.6521739130434783	1.8584341345676199	0.8774036826874401	0.8411764705882353	0.823	0.6017543859649124	0.934	0.5289473684210526	0.965	0.9791046923118019	0.866
PMID41925798_12	TUB	ERCB_TUB_H1	9.0	0.9470588235294117	0.47982456140350876	0.42280701754385963	0.4311594202898551	0.7185164389604853	0.521428193639544	0.8764705882352941	0.885	0.625438596491228	0.047	0.5438596491228069	0.064	1.0639617677838948	0.209
PMID41928356_13	TUB	ERCB_TUB_H1	4.0	0.9588235294117646	0.6807017543859649	0.6394736842105263	0.5797101449275363	1.744259390012251	0.8202630922787478	0.8058823529411765	0.974	0.5960526315789474	0.864	0.5350877192982455	0.913	0.9026546658371581	0.868
PMID41944350_14	TUB	ERCB_TUB_H1	4.0	0.8999999999999999	0.6964912280701754	0.6149122807017544	0.6268115942028986	2.2360101378794233	0.8105501363818388	0.8058823529411765	0.75	0.5960526315789474	0.916	0.5350877192982455	0.85	0.9026546658371581	0.919
PMID41978270_15	TUB	ERCB_TUB_H1	3.0	0.9058823529411765	0.531140350877193	0.34035087719298246	0.43478260869565216	1.360395314845335	0.7291618459170359	0.7823529411764707	0.827	0.5758771929824562	0.325	0.5219298245614035	0.017	0.8983134367976251	0.75
PMID42107160_17	TUB	ERCB_TUB_H1	2.0	0.2882352941176471	0.7456140350877193	0.7315789473684211	0.717391304347826	0.3737792936400928	0.10959281898616537	0.7529411764705882	0.112	0.5703947368421052	0.989	0.5214912280701754	0.994	0.8902748114315403	0.102
PMID42123756_18	TUB	ERCB_TUB_H1	5.0	0.9117647058823528	0.7289473684210527	0.7201754385964912	0.7065217391304348	2.346955752536287	0.8344188471390038	0.8264705882352941	0.77	0.5956140350877193	0.963	0.5263157894736843	0.987	0.9517063979942894	0.92
PMID42169644_19	TUB	ERCB_TUB_H1	3.0	0.7529411764705882	0.5412280701754386	0.4192982456140351	0.4420289855072464	1.463355898960029	0.5362488571881918	0.7823529411764707	0.45	0.5758771929824562	0.372	0.5219298245614035	0.127	0.8983134367976251	0.781
PMID42278229_21	TUB	ERCB_TUB_H1	4.0	0.8529411764705883	0.724561403508772	0.6824561403508772	0.6594202898550725	2.5870861688317888	0.6120484476648861	0.8058823529411765	0.618	0.5960526315789474	0.969	0.5350877192982455	0.97	0.9026546658371581	0.937
PMID42402786_22	TUB	ERCB_TUB_H1	4.0	0.7882352941176471	0.7149122807017544	0.6894736842105263	0.6884057971014492	2.893805425645948	0.6283424884207663	0.8058823529411765	0.475	0.5960526315789474	0.952	0.5350877192982455	0.978	0.9026546658371581	0.95
PMID42461218_23	TUB	ERCB_TUB_H1	4.0	0.8470588235294118	0.6710526315789473	0.5789473684210527	0.5688405797101449	2.0538233386151865	0.7315808959644575	0.8058823529411765	0.585	0.5960526315789474	0.836	0.5350877192982455	0.722	0.9026546658371581	0.908
PMID42464365_24	TUB	ERCB_TUB_H1	9.0	0.888235294117647	0.7219298245614035	0.6833333333333333	0.6485507246376812	2.640902910959408	0.8013169725498492	0.8764705882352941	0.547	0.625438596491228	0.944	0.5438596491228069	0.958	1.0639617677838948	0.933
PMID42602622_28	TUB	ERCB_TUB_H1	4.0	0.888235294117647	0.606140350877193	0.5087719298245614	0.5471014492753623	1.411487032098002	0.7117885288139691	0.8058823529411765	0.694	0.5960526315789474	0.546	0.5350877192982455	0.378	0.9026546658371581	0.782
PMID42621048_29	TUB	ERCB_TUB_H1	3.0	0.9823529411764705	0.3026315789473684	0.23508771929824562	0.2572463768115942	0.7718612982411538	0.44454287956755384	0.7823529411764707	0.995	0.5758771929824562	0.004	0.5219298245614035	0.0	0.8983134367976251	0.379
PMID42694848_32	TUB	ERCB_TUB_H1	2.0	0.9941176470588236	0.6114035087719298	0.5210526315789473	0.5	1.2177157133733922	0.7535077711202957	0.7529411764705882	1.0	0.5703947368421052	0.677	0.5214912280701754	0.496	0.8902748114315403	0.7
PMID42713097_33	TUB	ERCB_TUB_H1	2.0	0.9235294117647058	0.6552631578947369	0.5526315789473684	0.5507246376811594	1.9468414578867452	0.8279095421952565	0.7529411764705882	0.909	0.5703947368421052	0.835	0.5214912280701754	0.645	0.8902748114315403	0.868
PMID42735794_34	TUB	ERCB_TUB_H1	7.0	0.9117647058823529	0.7263157894736842	0.6245614035087719	0.644927536231884	2.0634385105271824	0.7031522716454224	0.8470588235294118	0.738	0.611842105263158	0.959	0.5390350877192983	0.859	0.9999938112519926	0.897
PMID42747041_35	TUB	ERCB_TUB_H1	2.0	0.7	0.6416666666666667	0.5657894736842105	0.572463768115942	2.3232760910995998	0.2472532194975575	0.7529411764705882	0.424	0.5703947368421052	0.79	0.5214912280701754	0.696	0.8902748114315403	0.905
PMID42787683_36	TUB	ERCB_TUB_H1	5.0	0.8176470588235294	0.6482456140350877	0.5385964912280702	0.5833333333333334	1.678744059228322	0.5640352401604848	0.8264705882352941	0.473	0.5956140350877193	0.75	0.5263157894736843	0.552	0.9517063979942894	0.832
PMID39028495_37	TUB	ERCB_TUB_H1	7.0	0.788235294117647	0.5912280701754387	0.543859649122807	0.5507246376811594	1.9744949871677742	0.38357675539671626	0.8470588235294118	0.38	0.611842105263158	0.404	0.5390350877192983	0.528	0.9999938112519926	0.886
PMID39509016_38	TUB	ERCB_TUB_H1	4.0	0.9470588235294117	0.7421052631578947	0.718421052631579	0.7246376811594204	1.9573532795531625	0.8346190753235763	0.8058823529411765	0.94	0.5960526315789474	0.986	0.5350877192982455	0.989	0.9026546658371581	0.898
PMID39838413_39	TUB	ERCB_TUB_H1	5.0	0.8705882352941177	0.6640350877192982	0.5710526315789475	0.5978260869565217	2.0250532598889106	0.7241422300130715	0.8264705882352941	0.627	0.5956140350877193	0.807	0.5263157894736843	0.699	0.9517063979942894	0.89
PMID39865825_41	TUB	ERCB_TUB_H1	5.0	0.9470588235294117	0.6666666666666667	0.5780701754385965	0.5615942028985508	0.8713690392512021	0.7859825159238075	0.8264705882352941	0.933	0.5956140350877193	0.82	0.5263157894736843	0.724	0.9517063979942894	0.431
PMID39892769_43	TUB	ERCB_TUB_H1	2.0	0.5941176470588235	0.6263157894736843	0.4736842105263158	0.5471014492753623	13.334961735743459	0.5158640283205188	0.7529411764705882	0.332	0.5703947368421052	0.74	0.5214912280701754	0.305	0.8902748114315403	0.99
PMID39920798_44	TUB	ERCB_TUB_H1	2.0	0.9058823529411764	0.7219298245614035	0.6964912280701754	0.6884057971014492	2.8674707154444468	0.7199161306787559	0.7529411764705882	0.836	0.5703947368421052	0.98	0.5214912280701754	0.984	0.8902748114315403	0.942
PMID39953123_45	TUB	ERCB_TUB_H1	4.0	0.9352941176470588	0.7140350877192982	0.6201754385964913	0.6340579710144928	1.8190572667907778	0.8105565687660575	0.8058823529411765	0.893	0.5960526315789474	0.952	0.5350877192982455	0.865	0.9026546658371581	0.878
PMID39957315_46	TUB	ERCB_TUB_H1	2.0	0.04705882352941178	0.3412280701754386	0.5043859649122807	0.45652173913043476	1.452695979521767	-0.7948076676061021	0.7529411764705882	0.001	0.5703947368421052	0.011	0.5214912280701754	0.419	0.8902748114315403	0.784
PMID39959271_47	TUB	ERCB_TUB_H1	2.0	0.9058823529411765	0.7087719298245614	0.6254385964912281	0.6268115942028986	2.0535621139766236	0.8174636755850064	0.7529411764705882	0.849	0.5703947368421052	0.956	0.5214912280701754	0.891	0.8902748114315403	0.885
PMID39988817_48	TUB	ERCB_TUB_H1	2.0	0.8941176470588235	0.5008771929824561	0.34561403508771926	0.39492753623188404	0.904652459941186	0.6716087908004849	0.7529411764705882	0.796	0.5703947368421052	0.253	0.5214912280701754	0.024	0.8902748114315403	0.509
PMID39995931_49	TUB	ERCB_TUB_H1	4.0	0.7941176470588234	0.718421052631579	0.643859649122807	0.677536231884058	6.76668006683861	0.47159026513233954	0.8058823529411765	0.477	0.5960526315789474	0.959	0.5350877192982455	0.923	0.9026546658371581	0.98
PMID40097518_50	TUB	ERCB_TUB_H1	4.0	0.9294117647058823	0.6394736842105262	0.5622807017543858	0.572463768115942	0.6536424278081353	0.6128667873121255	0.8058823529411765	0.876	0.5960526315789474	0.698	0.5350877192982455	0.635	0.9026546658371581	0.277
PMID40228227_52	TUB	ERCB_TUB_H1	3.0	0.9176470588235294	0.7614035087719299	0.6956140350877194	0.717391304347826	1.0563171641955025	0.44724407366535157	0.7823529411764707	0.85	0.5758771929824562	0.999	0.5219298245614035	0.98	0.8983134367976251	0.61
PMID40230799_53	TUB	ERCB_TUB_H1	3.0	0.11176470588235296	0.5798245614035088	0.5684210526315789	0.5833333333333334	1.026329398870949	-0.18325996348673773	0.7823529411764707	0.012	0.5758771929824562	0.516	0.5219298245614035	0.699	0.8983134367976251	0.592
PMID40312440_56	TUB	ERCB_TUB_H1	7.0	0.7352941176470589	0.7333333333333334	0.7043859649122808	0.6920289855072463	-40.84371004226868	0.534140794414767	0.8470588235294118	0.311	0.611842105263158	0.969	0.5390350877192983	0.98	0.9999938112519926	0.003
PMID40374840_57	TUB	ERCB_TUB_H1	5.0	0.9470588235294117	0.736842105263158	0.6596491228070175	0.677536231884058	2.3917454919895165	0.798989792140477	0.8264705882352941	0.933	0.5956140350877193	0.974	0.5263157894736843	0.935	0.9517063979942894	0.922
PMID40376698_58	TUB	ERCB_TUB_H1	5.0	0.7470588235294118	0.6736842105263159	0.5421052631578948	0.5471014492753623	6.400741026114131	0.6438356164383562	0.8264705882352941	0.368	0.5956140350877193	0.839	0.5263157894736843	0.565	0.9517063979942894	0.988
PMID40460381_59	TUB	ERCB_TUB_H1	2.0	0.5941176470588235	0.6263157894736843	0.4736842105263158	0.5471014492753623	13.334961735743459	0.5158640283205188	0.7529411764705882	0.332	0.5703947368421052	0.74	0.5214912280701754	0.305	0.8902748114315403	0.99
PMID40470717_60	TUB	ERCB_TUB_H1	10.0	0.8058823529411764	0.7219298245614035	0.6210526315789474	0.644927536231884	6.585204783118016	0.690462338211849	0.8705882352941176	0.335	0.6245614035087719	0.957	0.5399122807017543	0.848	1.0725362167677188	0.984
PMID40505639_61	TUB	ERCB_TUB_H1	3.0	0.7117647058823529	0.6390350877192982	0.5842105263157895	0.5869565217391305	3.415626274036439	0.49419007150630606	0.7823529411764707	0.406	0.5758771929824562	0.733	0.5219298245614035	0.75	0.8983134367976251	0.965
PMID40555691_62	TUB	ERCB_TUB_H1	6.0	0.9529411764705882	0.7763157894736843	0.7684210526315789	0.7644927536231884	2.4729825916339903	0.8379813976682862	0.8411764705882353	0.951	0.6017543859649124	0.996	0.5289473684210526	0.998	0.9791046923118019	0.923
PMID40615901_63	TUB	ERCB_TUB_H1	2.0	0.9470588235294117	0.7293859649122807	0.6754385964912281	0.7119565217391305	1.8428048729055442	0.7439636339941984	0.7529411764705882	0.97	0.5703947368421052	0.982	0.5214912280701754	0.964	0.8902748114315403	0.857
PMID40624623_64	TUB	ERCB_TUB_H1	2.0	0.9117647058823528	0.6701754385964912	0.5657894736842105	0.5760869565217391	2.461535711598342	0.7635305140197509	0.7529411764705882	0.856	0.5703947368421052	0.88	0.5214912280701754	0.696	0.8902748114315403	0.915
PMID40640102_65	TUB	ERCB_TUB_H1	3.0	0.5882352941176471	0.7175438596491228	0.6850877192982456	0.6702898550724637	-0.27316360140420526	0.3577586532576748	0.7823529411764707	0.293	0.5758771929824562	0.959	0.5219298245614035	0.968	0.8983134367976251	0.054
PMID40703651_68	TUB	ERCB_TUB_H1	2.0	0.6647058823529413	0.5307017543859649	0.5114035087719297	0.5181159420289855	0.8460857042767783	0.1718398772948866	0.7529411764705882	0.393	0.5703947368421052	0.358	0.5214912280701754	0.442	0.8902748114315403	0.461
PMID40742465_69	TUB	ERCB_TUB_H1	2.0	0.8999999999999999	0.6947368421052631	0.5964912280701755	0.6340579710144927	2.0925884864143005	0.7466176044189576	0.7529411764705882	0.811	0.5703947368421052	0.932	0.5214912280701754	0.811	0.8902748114315403	0.891
PMID40764924_71	TUB	ERCB_TUB_H1	2.0	0.9235294117647058	0.6622807017543859	0.5991228070175438	0.5978260869565217	2.0270470657124458	0.4914695237591519	0.7529411764705882	0.909	0.5703947368421052	0.855	0.5214912280701754	0.818	0.8902748114315403	0.883
PMID40825025_73	TUB	ERCB_TUB_H1	5.0	0.6764705882352942	0.7464912280701753	0.7359649122807018	0.7137681159420289	-2.6703439921896623	0.6184444159003846	0.8264705882352941	0.299	0.5956140350877193	0.98	0.5263157894736843	0.997	0.9517063979942894	0.023
PMID40898746_74	TUB	ERCB_TUB_H1	3.0	0.5352941176470588	0.6140350877192983	0.5368421052631579	0.5688405797101449	-0.3387239541784349	0.34861747583334346	0.7823529411764707	0.253	0.5758771929824562	0.638	0.5219298245614035	0.564	0.8983134367976251	0.05
PMID40948769_75	TUB	ERCB_TUB_H1	4.0	0.9529411764705882	0.6456140350877193	0.4842105263157895	0.532608695652174	1.4943488733313646	0.8192128387823104	0.8058823529411765	0.958	0.5960526315789474	0.724	0.5350877192982455	0.278	0.9026546658371581	0.81
PMID40950408_76	TUB	ERCB_TUB_H1	5.0	0.6470588235294117	0.5350877192982456	0.4964912280701754	0.4384057971014493	0.7462351931288611	0.2987328956017802	0.8264705882352941	0.264	0.5956140350877193	0.233	0.5263157894736843	0.352	0.9517063979942894	0.309
PMID40958910_77	TUB	ERCB_TUB_H1	2.0	0.14705882352941177	0.3833333333333333	0.4833333333333334	0.4528985507246377	0.5673886149629146	-0.6848131500931944	0.7529411764705882	0.023	0.5703947368421052	0.033	0.5214912280701754	0.343	0.8902748114315403	0.191
PMID40969366_78	TUB	ERCB_TUB_H1	4.0	0.8176470588235294	0.6947368421052631	0.6605263157894736	0.6123188405797102	4.343710663914369	0.7105267134621344	0.8058823529411765	0.521	0.5960526315789474	0.908	0.5350877192982455	0.95	0.9026546658371581	0.974
PMID41122706_79	TUB	ERCB_TUB_H1	3.0	0.8999999999999999	0.6719298245614035	0.6157894736842106	0.6195652173913043	1.8993796901149078	0.6646253466214328	0.7823529411764707	0.798	0.5758771929824562	0.862	0.5219298245614035	0.864	0.8983134367976251	0.877
PMID41162187_80	TUB	ERCB_TUB_H1	2.0	0.9647058823529411	0.6684210526315789	0.6052631578947368	0.5797101449275363	2.121214218145315	0.6082327784871816	0.7529411764705882	0.994	0.5703947368421052	0.873	0.5214912280701754	0.842	0.8902748114315403	0.892
PMID41164826_81	TUB	ERCB_TUB_H1	3.0	0.6411764705882352	0.27938596491228074	0.29824561403508776	0.286231884057971	0.37782620194053945	-0.09278507278588864	0.7823529411764707	0.344	0.5758771929824562	0.001	0.5219298245614035	0.003	0.8983134367976251	0.086
PMID41311665_83	TUB	ERCB_TUB_H1	6.0	0.9176470588235294	0.6728070175438596	0.5991228070175438	0.5797101449275363	1.4211091661246726	0.857399753681554	0.8411764705882353	0.794	0.6017543859649124	0.829	0.5289473684210526	0.797	0.9791046923118019	0.746
PMID41329505_84	TUB	ERCB_TUB_H1	2.0	0.7823529411764706	0.7017543859649122	0.6447368421052632	0.644927536231884	3.33592858663082	0.6686336882031598	0.7529411764705882	0.54	0.5703947368421052	0.947	0.5214912280701754	0.931	0.8902748114315403	0.953
PMID41332907_85	TUB	ERCB_TUB_H1	5.0	0.9117647058823528	0.7008771929824562	0.5412280701754386	0.605072463768116	2.0824577349407454	0.7301452976599747	0.8264705882352941	0.77	0.5956140350877193	0.906	0.5263157894736843	0.561	0.9517063979942894	0.893
PMID41353443_86	TUB	ERCB_TUB_H1	3.0	1.0	0.3131578947368421	0.2947368421052632	0.2971014492753623	0.8303597715853543	0.35120779152090303	0.7823529411764707	0.999	0.5758771929824562	0.004	0.5219298245614035	0.003	0.8983134367976251	0.436
PMID41438111_87	TUB	ERCB_TUB_H1	5.0	0.8176470588235295	0.6956140350877192	0.6166666666666667	0.5869565217391305	3.7315178424318884	0.7170586857475311	0.8264705882352941	0.487	0.5956140350877193	0.897	0.5263157894736843	0.846	0.9517063979942894	0.963
PMID41479901_88	TUB	ERCB_TUB_H1	8.0	0.9470588235294117	0.7517543859649123	0.687719298245614	0.717391304347826	2.8485334550636856	0.7935798532667416	0.8529411764705882	0.899	0.6175438596491228	0.993	0.5385964912280702	0.971	0.9966174050342367	0.949
PMID41503644_89	TUB	ERCB_TUB_H1	3.0	0.9294117647058823	0.6508771929824562	0.5508771929824561	0.5760869565217391	1.2069315154731608	0.757195707179564	0.7823529411764707	0.886	0.5758771929824562	0.781	0.5219298245614035	0.63	0.8983134367976251	0.693
PMID41669232_90	TUB	ERCB_TUB_H1	6.0	0.8941176470588235	0.6921052631578947	0.6280701754385964	0.6521739130434783	1.990808295268749	0.7403160774887109	0.8411764705882353	0.669	0.6017543859649124	0.896	0.5289473684210526	0.871	0.9791046923118019	0.882
PMID37737517_91	TUB	ERCB_TUB_H1	5.0	0.9235294117647058	0.7008771929824562	0.6421052631578947	0.6485507246376812	2.0567290443045443	0.8458356315499173	0.8264705882352941	0.837	0.5956140350877193	0.906	0.5263157894736843	0.896	0.9517063979942894	0.892
PMID37777674_92	TUB	ERCB_TUB_H1	4.0	0.7294117647058823	0.6324561403508773	0.5605263157894737	0.5543478260869565	2.567816287759267	0.6289771739869587	0.8058823529411765	0.393	0.5960526315789474	0.67	0.5350877192982455	0.631	0.9026546658371581	0.936
PMID37957539_93	TUB	ERCB_TUB_H1	2.0	0.31764705882352945	0.725438596491228	0.6938596491228071	0.6739130434782609	0.4004731314809471	0.10488934559384659	0.7529411764705882	0.13	0.5703947368421052	0.981	0.5214912280701754	0.981	0.8902748114315403	0.103
PMID38104515_94	TUB	ERCB_TUB_H1	4.0	0.9411764705882353	0.7149122807017544	0.6017543859649123	0.6304347826086957	2.2378485764961686	0.8254539135165359	0.8058823529411765	0.918	0.5960526315789474	0.952	0.5350877192982455	0.799	0.9026546658371581	0.919
PMID38292407_95	TUB	ERCB_TUB_H1	12.0	0.9176470588235295	0.6666666666666667	0.6307017543859649	0.6413043478260869	1.352334382782699	0.7010555425428224	0.8823529411764706	0.699	0.631578947368421	0.69	0.5447368421052632	0.831	1.1256902867521417	0.655
PMID38304805_96	TUB	ERCB_TUB_H1	5.0	0.8058823529411765	0.5543859649122806	0.48859649122807014	0.4891304347826087	1.459119057225417	0.6566766654829277	0.8264705882352941	0.453	0.5956140350877193	0.3	0.5263157894736843	0.314	0.9517063979942894	0.782
PMID38332898_97	TUB	ERCB_TUB_H1	2.0	0.9176470588235294	0.7140350877192982	0.6631578947368422	0.6920289855072463	1.8203054375435115	0.6422816212078714	0.7529411764705882	0.885	0.5703947368421052	0.966	0.5214912280701754	0.953	0.8902748114315403	0.853
PMID38375694_98	TUB	ERCB_TUB_H1	2.0	0.9294117647058824	0.6728070175438596	0.5833333333333334	0.6123188405797102	2.122905211121542	0.7315393391714332	0.7529411764705882	0.936	0.5703947368421052	0.888	0.5214912280701754	0.771	0.8902748114315403	0.892
PMID38390317_99	TUB	ERCB_TUB_H1	3.0	0.9647058823529412	0.7859649122807018	0.8008771929824562	0.7536231884057971	2.450881273916993	0.8071677979888204	0.7823529411764707	0.979	0.5758771929824562	1.0	0.5219298245614035	1.0	0.8983134367976251	0.938
PMID38643193_100	TUB	ERCB_TUB_H1	5.0	0.8470588235294118	0.5035087719298246	0.4087719298245614	0.45652173913043476	1.1116388035030638	0.48662626842665985	0.8264705882352941	0.544	0.5956140350877193	0.145	0.5263157894736843	0.079	0.9517063979942894	0.633
PMID38691241_101	TUB	ERCB_TUB_H1	5.0	0.8705882352941176	0.7289473684210526	0.6324561403508773	0.6086956521739131	4.3060935200723955	0.6500011333670825	0.8264705882352941	0.618	0.5956140350877193	0.962	0.5263157894736843	0.882	0.9517063979942894	0.974
PMID38764052_102	TUB	ERCB_TUB_H1	8.0	0.8117647058823529	0.7026315789473684	0.5798245614035088	0.5905797101449275	3.7070555152201226	0.6825287686344438	0.8529411764705882	0.398	0.6175438596491228	0.904	0.5385964912280702	0.685	0.9966174050342367	0.967
PMID38766319_103	TUB	ERCB_TUB_H1	2.0	0.8705882352941177	0.6868421052631579	0.625438596491228	0.605072463768116	2.005896813548019	0.8113057144368299	0.7529411764705882	0.736	0.5703947368421052	0.919	0.5214912280701754	0.89	0.8902748114315403	0.881
PMID38774257_104	TUB	ERCB_TUB_H1	2.0	0.9647058823529411	0.7105263157894737	0.6491228070175439	0.6376811594202898	1.8573501247813564	0.821390455143656	0.7529411764705882	0.994	0.5703947368421052	0.959	0.5214912280701754	0.938	0.8902748114315403	0.859
PMID38851464_105	TUB	ERCB_TUB_H1	3.0	0.9588235294117646	0.7298245614035088	0.6894736842105263	0.6811594202898551	1.8192023852421797	0.6973343206219919	0.7823529411764707	0.965	0.5758771929824562	0.976	0.5219298245614035	0.972	0.8983134367976251	0.862
PMID38951833_106	TUB	ERCB_TUB_H1	7.0	0.9764705882352941	0.7894736842105263	0.7614035087719299	0.75	2.332302263261355	0.811641946671301	0.8470588235294118	0.989	0.611842105263158	0.999	0.5390350877192983	0.999	0.9999938112519926	0.921
PMID38968594_107	TUB	ERCB_TUB_H1	4.0	0.44705882352941173	0.6469298245614035	0.5114035087719297	0.5036231884057971	0.1357694284177336	0.3979996033214819	0.8058823529411765	0.171	0.5960526315789474	0.733	0.5350877192982455	0.391	0.9026546658371581	0.093
PMID39085362_108	TUB	ERCB_TUB_H1	2.0	0.9764705882352941	0.2771929824561404	0.27894736842105267	0.286231884057971	0.9263462731641424	0.23520411488207876	0.7529411764705882	0.997	0.5703947368421052	0.001	0.5214912280701754	0.004	0.8902748114315403	0.523
PMID39187837_109	TUB	ERCB_TUB_H1	4.0	0.7529411764705882	0.5657894736842105	0.4473684210526315	0.4492753623188406	0.9625059661988993	0.5808846307867834	0.8058823529411765	0.412	0.5960526315789474	0.359	0.5350877192982455	0.176	0.9026546658371581	0.552
PMID39224660_110	TUB	ERCB_TUB_H1	3.0	0.8411764705882353	0.6798245614035088	0.5096491228070176	0.5797101449275363	2.7604818113587535	0.686778895193768	0.7823529411764707	0.619	0.5758771929824562	0.891	0.5219298245614035	0.446	0.8983134367976251	0.949
PMID39265357_111	TUB	ERCB_TUB_H1	6.0	0.9058823529411765	0.5210526315789474	0.27894736842105267	0.37681159420289856	1.0519706864757505	0.7809579218581176	0.8411764705882353	0.751	0.6017543859649124	0.17	0.5289473684210526	0.001	0.9791046923118019	0.554
PMID39290792_112	TUB	ERCB_TUB_H1	2.0	0.9588235294117646	0.6868421052631579	0.6456140350877193	0.6195652173913043	0.7553964175888713	0.6467488678201577	0.7529411764705882	0.986	0.5703947368421052	0.919	0.5214912280701754	0.932	0.8902748114315403	0.383
PMID39333211_114	TUB	ERCB_TUB_H1	2.0	0.24117647058823527	0.5447368421052632	0.4736842105263158	0.4927536231884058	1.033580364199056	0.10939647201388343	0.7529411764705882	0.088	0.5703947368421052	0.409	0.5214912280701754	0.305	0.8902748114315403	0.607
PMID39378104_116	TUB	ERCB_TUB_H1	5.0	0.7117647058823529	0.724561403508772	0.6464912280701754	0.6666666666666666	-10.640818577010632	0.47121625399511896	0.8264705882352941	0.328	0.5956140350877193	0.956	0.5263157894736843	0.905	0.9517063979942894	0.008
PMID39444490_117	TUB	ERCB_TUB_H1	7.0	0.8117647058823529	0.637719298245614	0.4771929824561404	0.5760869565217391	2.110015362539172	0.6807644938760398	0.8470588235294118	0.418	0.611842105263158	0.635	0.5390350877192983	0.246	0.9999938112519926	0.904
PMID39609849_119	TUB	ERCB_TUB_H1	9.0	0.9235294117647058	0.7219298245614035	0.6385964912280702	0.6413043478260869	2.792864660132483	0.7185509524061383	0.8764705882352941	0.729	0.625438596491228	0.944	0.5438596491228069	0.881	1.0639617677838948	0.943
PMID39916957_120	TUB	ERCB_TUB_H1	12.0	0.8588235294117648	0.7166666666666667	0.6745614035087719	0.6521739130434783	3.1387995694844086	0.8093298778230286	0.8823529411764706	0.423	0.631578947368421	0.927	0.5447368421052632	0.941	1.1256902867521417	0.946
PMID35713142_121	TUB	ERCB_TUB_H1	5.0	0.8352941176470587	0.6850877192982456	0.606140350877193	0.6231884057971014	2.6133386360781787	0.7061708059751112	0.8264705882352941	0.511	0.5956140350877193	0.879	0.5263157894736843	0.821	0.9517063979942894	0.931
PMID35834115_122	TUB	ERCB_TUB_H1	6.0	0.6588235294117647	0.6833333333333333	0.5622807017543859	0.6159420289855072	-12.14216115003596	0.4091137911072093	0.8411764705882353	0.247	0.6017543859649124	0.868	0.5289473684210526	0.66	0.9791046923118019	0.01
PMID36627452_123	TUB	ERCB_TUB_H1	6.0	0.9705882352941176	0.6824561403508772	0.6254385964912281	0.5869565217391305	1.7127920526342735	0.8708377093895686	0.8411764705882353	0.984	0.6017543859649124	0.867	0.5289473684210526	0.868	0.9791046923118019	0.826
PMID36891052_124	TUB	ERCB_TUB_H1	6.0	0.9235294117647058	0.7359649122807017	0.6710526315789473	0.6992753623188406	2.398471703960847	0.7269076456943384	0.8411764705882353	0.823	0.6017543859649124	0.978	0.5289473684210526	0.961	0.9791046923118019	0.918
PMID36911691_126	TUB	ERCB_TUB_H1	3.0	0.8764705882352941	0.7070175438596491	0.6000000000000001	0.644927536231884	3.726007274805828	0.6290111749994333	0.7823529411764707	0.713	0.5758771929824562	0.942	0.5219298245614035	0.813	0.8983134367976251	0.967
PMID36919187_127	TUB	ERCB_TUB_H1	3.0	0.9705882352941176	0.5192982456140351	0.4447368421052632	0.4528985507246377	1.6322858501878506	0.4927993411359361	0.7823529411764707	0.987	0.5758771929824562	0.281	0.5219298245614035	0.195	0.8983134367976251	0.814
PMID36969169_128	TUB	ERCB_TUB_H1	3.0	0.9470588235294117	0.7438596491228071	0.6973684210526316	0.6920289855072465	2.5771277876578136	0.6772132770175823	0.7823529411764707	0.937	0.5758771929824562	0.99	0.5219298245614035	0.982	0.8983134367976251	0.943
PMID37038746_129	TUB	ERCB_TUB_H1	10.0	0.9647058823529412	0.7052631578947368	0.5333333333333333	0.6159420289855072	1.7347716242001676	0.8729608837240931	0.8705882352941176	0.966	0.6245614035087719	0.899	0.5399122807017543	0.469	1.0725362167677188	0.812
PMID37063851_130	TUB	ERCB_TUB_H1	3.0	0.8	0.5736842105263158	0.5245614035087719	0.572463768115942	1.440824834529721	0.2978904260704652	0.7823529411764707	0.525	0.5758771929824562	0.49	0.5219298245614035	0.511	0.8983134367976251	0.777
PMID37113991_131	TUB	ERCB_TUB_H1	8.0	0.9117647058823528	0.6885964912280702	0.6166666666666667	0.6195652173913043	2.0121083569109635	0.7984042191478591	0.8529411764705882	0.71	0.6175438596491228	0.852	0.5385964912280702	0.822	0.9966174050342367	0.886
PMID37127580_132	TUB	ERCB_TUB_H1	11.0	0.7	0.7078947368421052	0.6263157894736843	0.6123188405797102	-14.781607130765716	0.6334388624016805	0.8764705882352941	0.182	0.6280701754385964	0.904	0.5425438596491228	0.857	1.0937386623882963	0.003
PMID37143982_133	TUB	ERCB_TUB_H1	7.0	0.9411764705882353	0.7228070175438597	0.7017543859649122	0.6884057971014492	1.927437378883878	0.7896874831769187	0.8470588235294118	0.878	0.611842105263158	0.951	0.5390350877192983	0.98	0.9999938112519926	0.882
PMID37250717_134	TUB	ERCB_TUB_H1	5.0	0.9058823529411764	0.6780701754385965	0.6043859649122807	0.6376811594202898	2.176182246210316	0.7975050812624198	0.8264705882352941	0.741	0.5956140350877193	0.853	0.5263157894736843	0.818	0.9517063979942894	0.904
PMID37312900_135	TUB	ERCB_TUB_H1	10.0	0.9117647058823528	0.6789473684210527	0.5605263157894737	0.5942028985507246	2.106066579903847	0.7925598228925038	0.8705882352941176	0.684	0.6245614035087719	0.803	0.5399122807017543	0.578	1.0725362167677188	0.883
PMID37396184_137	TUB	ERCB_TUB_H1	5.0	0.47647058823529415	0.7666666666666667	0.7377192982456141	0.7463768115942029	0.006515688033941676	0.29447926927990425	0.8264705882352941	0.155	0.5956140350877193	0.994	0.5263157894736843	0.998	0.9517063979942894	0.064
PMID37404805_138	TUB	ERCB_TUB_H1	3.0	0.9176470588235294	0.7149122807017544	0.6692982456140351	0.6702898550724637	2.1878692435878024	0.7768929119222662	0.7823529411764707	0.85	0.5758771929824562	0.953	0.5219298245614035	0.955	0.8983134367976251	0.918
PMID37480090_139	TUB	ERCB_TUB_H1	15.0	0.9235294117647058	0.6877192982456141	0.5745614035087719	0.6014492753623188	1.2900844196279602	0.7939198633914877	0.8999999999999999	0.652	0.6429824561403509	0.801	0.5508771929824562	0.606	1.1073724817403645	0.627
PMID37492198_140	TUB	ERCB_TUB_H1	6.0	0.888235294117647	0.6903508771929825	0.5552631578947368	0.5869565217391305	3.040247817066922	0.6929746352446939	0.8411764705882353	0.652	0.6017543859649124	0.888	0.5289473684210526	0.628	0.9791046923118019	0.946
PMID37554330_141	TUB	ERCB_TUB_H1	3.0	0.8294117647058823	0.6324561403508772	0.5885964912280702	0.572463768115942	1.2196342517777035	0.5865476883089408	0.7823529411764707	0.592	0.5758771929824562	0.705	0.5219298245614035	0.769	0.8983134367976251	0.695
PMID37593129_142	TUB	ERCB_TUB_H1	6.0	0.9705882352941176	0.5561403508771929	0.3096491228070175	0.38768115942028986	2.000279368667794	0.786364082841578	0.8411764705882353	0.984	0.6017543859649124	0.288	0.5289473684210526	0.001	0.9791046923118019	0.886
PMID37622120_143	TUB	ERCB_TUB_H1	4.0	0.8647058823529412	0.6947368421052631	0.6114035087719298	0.6014492753623188	2.686305115669047	0.8083514042418152	0.8058823529411765	0.646	0.5960526315789474	0.908	0.5350877192982455	0.838	0.9026546658371581	0.941
PMID37656997_144	TUB	ERCB_TUB_H1	7.0	0.888235294117647	0.5675438596491229	0.35964912280701755	0.42391304347826086	1.254409627951612	0.8318876606547839	0.8470588235294118	0.623	0.611842105263158	0.3	0.5390350877192983	0.024	0.9999938112519926	0.671
PMID37745718_145	TUB	ERCB_TUB_H1	5.0	0.6647058823529413	0.7324561403508772	0.6868421052631579	0.6956521739130435	-1.2251217665007927	0.5468949519830145	0.8264705882352941	0.287	0.5956140350877193	0.966	0.5263157894736843	0.969	0.9517063979942894	0.034
PMID37760894_146	TUB	ERCB_TUB_H1	4.0	0.8705882352941176	0.6701754385964912	0.6096491228070176	0.6231884057971014	2.791049724714758	0.6869791233783406	0.8058823529411765	0.651	0.5960526315789474	0.833	0.5350877192982455	0.828	0.9026546658371581	0.946
PMID37776100_147	TUB	ERCB_TUB_H1	4.0	0.9117647058823528	0.6622807017543859	0.5710526315789474	0.5833333333333334	1.4792990857421067	0.7643276488677664	0.8058823529411765	0.802	0.5960526315789474	0.797	0.5350877192982455	0.675	0.9026546658371581	0.804
PMID37960829_148	TUB	ERCB_TUB_H1	2.0	0.9588235294117647	0.756140350877193	0.7070175438596491	0.7065217391304348	2.3111312229225334	0.7613506713311019	0.7529411764705882	0.99	0.5703947368421052	0.994	0.5214912280701754	0.992	0.8902748114315403	0.905
PMID37964514_149	TUB	ERCB_TUB_H1	3.0	0.9235294117647058	0.5535087719298245	0.42719298245614035	0.4311594202898551	1.1004024966672925	0.6909918954735413	0.7823529411764707	0.871	0.5758771929824562	0.409	0.5219298245614035	0.151	0.8983134367976251	0.628
PMID37988198_150	TUB	ERCB_TUB_H1	2.0	0.8647058823529412	0.6859649122807018	0.6017543859649124	0.605072463768116	1.6360517545727504	0.6611452696013836	0.7529411764705882	0.726	0.5703947368421052	0.916	0.5214912280701754	0.831	0.8902748114315403	0.826
PMID38020922_151	TUB	ERCB_TUB_H1	7.0	0.9470588235294117	0.47719298245614034	0.4736842105263158	0.4601449275362319	0.9232648671393175	0.24661925405459617	0.8470588235294118	0.911	0.611842105263158	0.071	0.5390350877192983	0.231	0.9999938112519926	0.434
PMID38028597_152	TUB	ERCB_TUB_H1	4.0	0.9294117647058823	0.7280701754385965	0.7000000000000001	0.6811594202898551	2.3590231861455866	0.8589638002553855	0.8058823529411765	0.876	0.5960526315789474	0.975	0.5350877192982455	0.984	0.9026546658371581	0.926
PMID38028994_153	TUB	ERCB_TUB_H1	6.0	0.9294117647058824	0.7210526315789474	0.6140350877192982	0.6594202898550725	1.7859686709349487	0.7920686971567598	0.8411764705882353	0.868	0.6017543859649124	0.96	0.5289473684210526	0.843	0.9791046923118019	0.841
PMID38390397_155	TUB	ERCB_TUB_H1	4.0	0.7176470588235294	0.6578947368421053	0.6368421052631579	0.6739130434782609	2.147780095764134	0.4020053041579461	0.8058823529411765	0.377	0.5960526315789474	0.786	0.5350877192982455	0.902	0.9026546658371581	0.916
PMID34908186_156	TUB	ERCB_TUB_H1	5.0	0.9588235294117647	0.6885964912280702	0.5736842105263158	0.5905797101449275	1.934920618806181	0.8816953660397887	0.8264705882352941	0.971	0.5956140350877193	0.883	0.5263157894736843	0.706	0.9517063979942894	0.878
PMID34932275_157	TUB	ERCB_TUB_H1	3.0	0.8176470588235294	0.6666666666666667	0.5780701754385965	0.5797101449275363	2.5923025388317775	0.7259449693096586	0.7823529411764707	0.559	0.5758771929824562	0.843	0.5219298245614035	0.734	0.8983134367976251	0.944
PMID35559414_160	TUB	ERCB_TUB_H1	3.0	0.5352941176470588	0.5021929824561404	0.4482456140350877	0.41847826086956524	10.263921995797437	0.28430540116050695	0.7823529411764707	0.253	0.5758771929824562	0.222	0.5219298245614035	0.198	0.8983134367976251	0.993
PMID35592524_161	TUB	ERCB_TUB_H1	17.0	0.9529411764705882	0.7368421052631579	0.7008771929824562	0.6884057971014492	2.4372200599871685	0.861766994839402	0.8999999999999999	0.878	0.6429824561403509	0.969	0.5517543859649123	0.974	1.1256936596551443	0.919
PMID35637650_162	TUB	ERCB_TUB_H1	9.0	0.6882352941176471	0.6008771929824561	0.5798245614035088	0.5253623188405797	19.5240647601265	0.26009641175981685	0.8764705882352941	0.217	0.625438596491228	0.377	0.5438596491228069	0.682	1.0639617677838948	0.996
PMID35663304_163	TUB	ERCB_TUB_H1	2.0	0.9235294117647058	0.724561403508772	0.6596491228070176	0.6739130434782609	1.5973969828322838	0.6530838918314457	0.7529411764705882	0.909	0.5703947368421052	0.981	0.5214912280701754	0.948	0.8902748114315403	0.819
PMID35721731_164	TUB	ERCB_TUB_H1	4.0	0.7411764705882353	0.18947368421052632	0.20964912280701756	0.2028985507246377	0.4366343280153322	-0.16342775540427204	0.8058823529411765	0.404	0.5960526315789474	0.0	0.5350877192982455	0.0	0.9026546658371581	0.128
PMID35845512_165	TUB	ERCB_TUB_H1	3.0	0.6705882352941176	0.6359649122807016	0.593859649122807	0.6014492753623188	3.0465503763898076	0.5475938616838812	0.7823529411764707	0.362	0.5758771929824562	0.719	0.5219298245614035	0.788	0.8983134367976251	0.961
PMID35909518_166	TUB	ERCB_TUB_H1	5.0	0.8529411764705883	0.6885964912280702	0.6052631578947368	0.5978260869565217	2.778394239211995	0.7639838608527455	0.8264705882352941	0.575	0.5956140350877193	0.883	0.5263157894736843	0.82	0.9517063979942894	0.936
PMID35923621_167	TUB	ERCB_TUB_H1	4.0	0.888235294117647	0.6947368421052631	0.6254385964912281	0.6231884057971014	2.7049409053714704	0.7421363213926815	0.8058823529411765	0.694	0.5960526315789474	0.908	0.5350877192982455	0.875	0.9026546658371581	0.941
PMID35991124_168	TUB	ERCB_TUB_H1	11.0	0.8	0.7447368421052631	0.7210526315789474	0.7137681159420289	5.822078288770828	0.7216072656385767	0.8764705882352941	0.297	0.6280701754385964	0.984	0.5425438596491228	0.991	1.0937386623882963	0.979
PMID36035169_169	TUB	ERCB_TUB_H1	5.0	0.6529411764705881	0.5921052631578947	0.5017543859649123	0.5398550724637681	2.365076316825813	0.5067359783602445	0.8264705882352941	0.271	0.5956140350877193	0.476	0.5263157894736843	0.381	0.9517063979942894	0.921
PMID36059966_170	TUB	ERCB_TUB_H1	15.0	0.9058823529411764	0.6894736842105263	0.6026315789473685	0.6231884057971014	2.393148015901335	0.7765151228947706	0.8999999999999999	0.526	0.6429824561403509	0.808	0.5508771929824562	0.735	1.1073724817403645	0.919
PMID36064366_171	TUB	ERCB_TUB_H1	6.0	0.8647058823529412	0.7175438596491228	0.6263157894736842	0.6666666666666666	2.3239455102156215	0.813391109868605	0.8411764705882353	0.575	0.6017543859649124	0.949	0.5289473684210526	0.868	0.9791046923118019	0.916
PMID36071835_172	TUB	ERCB_TUB_H1	3.0	0.8411764705882352	0.5245614035087719	0.4728070175438597	0.4492753623188406	1.0216628375970265	0.4540155195732495	0.7823529411764707	0.617	0.5758771929824562	0.303	0.5219298245614035	0.287	0.8983134367976251	0.589
PMID36071835_173	TUB	ERCB_TUB_H1	8.0	0.9352941176470588	0.5719298245614035	0.48596491228070177	0.4673913043478261	0.7838718861677916	0.6671527552153775	0.8529411764705882	0.845	0.6175438596491228	0.309	0.5385964912280702	0.271	0.9966174050342367	0.322
PMID36092962_174	TUB	ERCB_TUB_H1	9.0	0.9352941176470588	0.7587719298245614	0.7535087719298246	0.7427536231884058	2.089381305500333	0.8016161829864238	0.8764705882352941	0.813	0.625438596491228	0.987	0.5438596491228069	0.998	1.0639617677838948	0.898
PMID36154667_175	TUB	ERCB_TUB_H1	2.0	0.8764705882352941	0.7078947368421052	0.6333333333333333	0.644927536231884	2.5325007779085134	0.7707659018638843	0.7529411764705882	0.747	0.5703947368421052	0.954	0.5214912280701754	0.913	0.8902748114315403	0.919
PMID36250071_177	TUB	ERCB_TUB_H1	2.0	0.6647058823529411	0.28771929824561404	0.3245614035087719	0.29347826086956524	0.5228872725656013	-0.011764372538484707	0.7529411764705882	0.383	0.5703947368421052	0.001	0.5214912280701754	0.01	0.8902748114315403	0.153
PMID36329882_178	TUB	ERCB_TUB_H1	9.0	0.8294117647058823	0.6710526315789473	0.6087719298245615	0.5978260869565217	1.1437391802095922	0.569127836251124	0.8764705882352941	0.386	0.625438596491228	0.756	0.5438596491228069	0.803	1.0639617677838948	0.577
PMID36385790_180	TUB	ERCB_TUB_H1	10.0	0.5	0.7192982456140351	0.6728070175438596	0.6666666666666666	0.14540441595411843	0.3100023422919705	0.8705882352941176	0.101	0.6245614035087719	0.95	0.5399122807017543	0.953	1.0725362167677188	0.062
PMID36466094_181	TUB	ERCB_TUB_H1	7.0	0.9764705882352941	0.37807017543859656	0.3149122807017544	0.322463768115942	1.0198352284590695	0.4585036532198959	0.8470588235294118	0.989	0.611842105263158	0.005	0.5390350877192983	0.002	0.9999938112519926	0.512
PMID36482994_182	TUB	ERCB_TUB_H1	3.0	0.7941176470588235	0.7552631578947369	0.7017543859649124	0.7318840579710145	2.5546053815798064	0.4946127284679144	0.7823529411764707	0.511	0.5758771929824562	0.998	0.5219298245614035	0.987	0.8983134367976251	0.942
PMID36568106_184	TUB	ERCB_TUB_H1	2.0	0.7176470588235294	0.6289473684210527	0.4614035087719298	0.5398550724637681	3.0610441807131803	0.610295506577307	0.7529411764705882	0.445	0.5703947368421052	0.748	0.5214912280701754	0.256	0.8902748114315403	0.946
PMID36585417_185	TUB	ERCB_TUB_H1	8.0	0.7176470588235294	0.6824561403508771	0.6166666666666667	0.6159420289855072	2.447782945721404	0.5035021042848831	0.8529411764705882	0.275	0.6175438596491228	0.821	0.5385964912280702	0.822	0.9966174050342367	0.928
PMID36624863_186	TUB	ERCB_TUB_H1	5.0	0.7823529411764706	0.20614035087719298	0.2245614035087719	0.213768115942029	0.45153610232022834	-0.056094114802529675	0.8264705882352941	0.418	0.5956140350877193	0.0	0.5263157894736843	0.0	0.9517063979942894	0.118
PMID36743936_187	TUB	ERCB_TUB_H1	3.0	0.9235294117647058	0.6114035087719298	0.4789473684210527	0.45652173913043476	1.243727058961547	0.672551360418288	0.7823529411764707	0.871	0.5758771929824562	0.627	0.5219298245614035	0.318	0.8983134367976251	0.704
PMID32954999_188	TUB	ERCB_TUB_H1	10.0	0.7588235294117647	0.6078947368421053	0.5771929824561404	0.5869565217391305	2.0647353437287297	0.39582845355839485	0.8705882352941176	0.276	0.6245614035087719	0.411	0.5399122807017543	0.663	1.0725362167677188	0.88
PMID33887734_190	TUB	ERCB_TUB_H1	2.0	0.9529411764705882	0.781578947368421	0.724561403508772	0.717391304347826	2.449159680429693	0.5834573740640276	0.7529411764705882	0.977	0.5703947368421052	0.999	0.5214912280701754	0.994	0.8902748114315403	0.913
PMID34087849_191	TUB	ERCB_TUB_H1	4.0	0.9235294117647058	0.7035087719298246	0.630701754385965	0.6521739130434783	2.3764999074283035	0.7696582520457276	0.8058823529411765	0.853	0.5960526315789474	0.936	0.5350877192982455	0.893	0.9026546658371581	0.929
PMID34124269_192	TUB	ERCB_TUB_H1	7.0	0.8764705882352941	0.6754385964912281	0.6008771929824561	0.6159420289855072	1.962041474203079	0.8101534579029687	0.8470588235294118	0.58	0.611842105263158	0.818	0.5390350877192983	0.779	0.9999938112519926	0.885
PMID34215202_193	TUB	ERCB_TUB_H1	5.0	0.8	0.6736842105263158	0.5438596491228072	0.5797101449275363	2.6548112298803197	0.5848098587824615	0.8264705882352941	0.445	0.5956140350877193	0.839	0.5263157894736843	0.576	0.9517063979942894	0.931
PMID34262312_194	TUB	ERCB_TUB_H1	2.0	0.8647058823529411	0.7114035087719298	0.6403508771929824	0.6594202898550726	2.227321341005696	0.7709604633968026	0.7529411764705882	0.715	0.5703947368421052	0.962	0.5214912280701754	0.925	0.8902748114315403	0.899
PMID34424825_195	TUB	ERCB_TUB_H1	3.0	0.9529411764705882	0.7026315789473685	0.6754385964912281	0.677536231884058	1.6477418147220144	0.7652343425337554	0.7823529411764707	0.951	0.5758771929824562	0.93	0.5219298245614035	0.96	0.8983134367976251	0.817
PMID34557161_198	TUB	ERCB_TUB_H1	7.0	0.9588235294117647	0.736842105263158	0.6947368421052632	0.6739130434782609	1.9693749229755029	0.849454850433324	0.8470588235294118	0.977	0.611842105263158	0.971	0.5390350877192983	0.974	0.9999938112519926	0.886
PMID34735495_199	TUB	ERCB_TUB_H1	6.0	0.9411764705882353	0.6605263157894736	0.5991228070175438	0.6340579710144928	1.7854198186287895	0.7429636793628966	0.8411764705882353	0.902	0.6017543859649124	0.78	0.5289473684210526	0.797	0.9791046923118019	0.841
PMID32778679_201	TUB	ERCB_TUB_H1	11.0	0.9176470588235294	0.737719298245614	0.7210526315789474	0.6956521739130435	2.616903603957241	0.8156616219238527	0.8764705882352941	0.706	0.6280701754385964	0.976	0.5425438596491228	0.991	1.0937386623882963	0.934
PMID32953797_202	TUB	ERCB_TUB_H1	16.0	0.9823529411764705	0.7017543859649122	0.6587719298245613	0.6195652173913043	1.3214958621115667	0.8825340576808287	0.8941176470588235	0.992	0.6447368421052632	0.855	0.5552631578947368	0.927	1.1455657276027515	0.609
PMID33145306_203	TUB	ERCB_TUB_H1	13.0	0.7823529411764706	0.6666666666666666	0.6166666666666667	0.6086956521739131	2.398376944234322	0.5809412991409079	0.888235294117647	0.249	0.638157894736842	0.679	0.55	0.806	1.097500570785865	0.936
PMID30761531_204	TUB	ERCB_TUB_H1	19.0	0.9411764705882353	0.7350877192982457	0.736842105263158	0.681159420289855	2.121756205705404	0.891873002440517	0.9058823529411764	0.77	0.6502192982456141	0.964	0.5578947368421052	0.992	1.1914470143180305	0.894
PMID30988245_205	TUB	ERCB_TUB_H1	5.0	0.6	0.5473684210526316	0.5201754385964913	0.5072463768115942	1.8091276444159061	0.17365450437857485	0.8264705882352941	0.224	0.5956140350877193	0.274	0.5263157894736843	0.474	0.9517063979942894	0.86
PMID31277135_206	TUB	ERCB_TUB_H1	7.0	0.49411764705882355	0.6140350877192983	0.5561403508771929	0.5652173913043478	0.10161792468015901	0.3068704712540329	0.8470588235294118	0.129	0.611842105263158	0.511	0.5390350877192983	0.579	0.9999938112519926	0.085
PMID29207157_208	TUB	ERCB_TUB_H1	4.0	0.9411764705882353	0.6938596491228071	0.612280701754386	0.5905797101449275	2.1746379555252493	0.7631666683985416	0.8058823529411765	0.918	0.5960526315789474	0.906	0.5350877192982455	0.845	0.9026546658371581	0.917
INJURY	TUB	ERCB_TUB_H7		1.0	0.6205357142857142	0.3794642857142857	0.3584905660377358	1.0830341379680803	1.0								
ORIENT_DE_50	TUB	ERCB_TUB_H7	48.0	0.9863945578231292	0.6071428571428572	0.5580357142857143	0.5660377358490566	1.8814119490741728	0.8628507918866354	0.8775510204081634	0.948	0.5580357142857143	0.771	0.4330357142857143	0.834	1.3323206918350476	0.969
ORIENT_DE_200	TUB	ERCB_TUB_H7	192.0	0.9591836734693877	0.59375	0.5535714285714286	0.5283018867924528	1.7402200675114456	0.8622950819672133	0.8979591836734693	0.951	0.5625	0.821	0.4285714285714285	0.959	1.326972299112343	1.0
PMID40611469_0	TUB	ERCB_TUB_H7	2.0	0.8503401360544217	0.5982142857142857	0.5446428571428571	0.4528301886792453	2.022690902770713	0.6313976104473465	0.6802721088435374	0.806	0.5223214285714286	0.725	0.46875	0.675	1.1619434631501226	0.825
PMID41117762_1	TUB	ERCB_TUB_H7	2.0	0.8843537414965987	0.5982142857142857	0.5803571428571428	0.5471698113207547	1.9451152101550102	0.6418449569324813	0.6802721088435374	0.869	0.5223214285714286	0.725	0.46875	0.739	1.1619434631501226	0.807
PMID41528564_2	TUB	ERCB_TUB_H7	4.0	1.0	0.5714285714285714	0.48660714285714285	0.49056603773584906	2.0917955465636586	0.8398999722145042	0.7414965986394557	0.99	0.5223214285714286	0.646	0.46428571428571425	0.577	1.1543725964709055	0.858
PMID41569454_4	TUB	ERCB_TUB_H7	3.0	0.8843537414965986	0.5491071428571428	0.4285714285714286	0.41509433962264153	1.6114305250294454	0.8344540150041679	0.7006802721088435	0.839	0.5267857142857143	0.564	0.47321428571428564	0.413	1.1286558624003598	0.749
PMID41582386_5	TUB	ERCB_TUB_H7	7.0	0.5646258503401361	0.6205357142857143	0.5669642857142858	0.5094339622641509	-3.16850391029291	0.20716865796054465	0.7687074829931972	0.182	0.53125	0.798	0.4598214285714285	0.76	1.2274798122637662	0.029
PMID41593805_6	TUB	ERCB_TUB_H7	5.0	0.9047619047619047	0.7455357142857142	0.7633928571428571	0.7358490566037735	2.161323118149559	0.7404834676298974	0.7482993197278911	0.848	0.5357142857142856	0.963	0.46428571428571425	0.972	1.1613808722872725	0.859
PMID41709877_7	TUB	ERCB_TUB_H7	4.0	0.9659863945578231	0.6205357142857143	0.5491071428571428	0.4716981132075472	1.1651087831381546	0.9213670464017785	0.7414965986394557	0.945	0.5223214285714286	0.776	0.46428571428571425	0.706	1.1543725964709055	0.51
PMID41825713_8	TUB	ERCB_TUB_H7	2.0	1.0	0.5848214285714286	0.49553571428571425	0.49056603773584906	1.9832267585463612	0.8209502639622118	0.6802721088435374	0.998	0.5223214285714286	0.688	0.46875	0.558	1.1619434631501226	0.813
PMID41867465_10	TUB	ERCB_TUB_H7	2.0	0.673469387755102	0.7611607142857143	0.8303571428571428	0.8113207547169812	-2.621713144106026	-0.08496922714389248	0.6802721088435374	0.486	0.5223214285714286	0.953	0.46875	0.987	1.1619434631501226	0.048
PMID41878449_11	TUB	ERCB_TUB_H7	6.0	0.9591836734693877	0.5803571428571428	0.5044642857142857	0.4339622641509434	1.5742701035068263	0.8932481244790221	0.7482993197278912	0.946	0.5357142857142857	0.651	0.45982142857142855	0.608	1.1928946677467347	0.726
PMID41925798_12	TUB	ERCB_TUB_H7	9.0	1.0	0.5982142857142856	0.5669642857142857	0.5660377358490566	1.196916378966473	0.7889969435954434	0.7959183673469388	0.978	0.5446428571428571	0.701	0.4508928571428571	0.765	1.2479624024321834	0.452
PMID41928356_13	TUB	ERCB_TUB_H7	4.0	0.8911564625850339	0.6875	0.6741071428571428	0.6415094339622641	2.388111942282412	0.6825229230341763	0.7414965986394557	0.815	0.5223214285714286	0.89	0.46428571428571425	0.888	1.1543725964709055	0.888
PMID41944350_14	TUB	ERCB_TUB_H7	4.0	0.8843537414965986	0.5803571428571428	0.4821428571428571	0.49056603773584906	1.6038462319883704	0.772492358988608	0.7414965986394557	0.807	0.5223214285714286	0.671	0.46428571428571425	0.559	1.1543725964709055	0.736
PMID41978270_15	TUB	ERCB_TUB_H7	3.0	0.9863945578231292	0.5223214285714286	0.46875	0.41509433962264153	1.265273424993244	0.8760211169769383	0.7006802721088435	0.979	0.5267857142857143	0.483	0.47321428571428564	0.49	1.1286558624003598	0.586
PMID42107160_17	TUB	ERCB_TUB_H7	2.0	0.040816326530612276	0.5133928571428572	0.5178571428571428	0.39622641509433965	1.0951023078097655	-0.44884690191719934	0.6802721088435374	0.003	0.5223214285714286	0.47	0.46875	0.607	1.1619434631501226	0.474
PMID42123756_18	TUB	ERCB_TUB_H7	5.0	0.9591836734693878	0.5401785714285714	0.4151785714285714	0.4528301886792453	1.7784126582871964	0.822061683801056	0.7482993197278911	0.953	0.5357142857142856	0.514	0.46428571428571425	0.378	1.1613808722872725	0.795
PMID42169644_19	TUB	ERCB_TUB_H7	3.0	0.8911564625850339	0.6205357142857143	0.5535714285714286	0.5849056603773585	1.371239156892404	0.7753820505696027	0.7006802721088435	0.846	0.5267857142857143	0.769	0.47321428571428564	0.688	1.1286558624003598	0.647
PMID42278229_21	TUB	ERCB_TUB_H7	4.0	0.945578231292517	0.65625	0.6071428571428571	0.5660377358490566	1.8842587296390818	0.7809391497638235	0.7414965986394557	0.91	0.5223214285714286	0.843	0.46428571428571425	0.818	1.1543725964709055	0.818
PMID42402786_22	TUB	ERCB_TUB_H7	5.0	0.9931972789115646	0.7142857142857142	0.71875	0.660377358490566	2.1095995408124892	0.8535148652403448	0.7482993197278911	0.988	0.5357142857142856	0.936	0.46428571428571425	0.95	1.1613808722872725	0.855
PMID42461218_23	TUB	ERCB_TUB_H7	4.0	0.9931972789115646	0.5714285714285714	0.5446428571428571	0.5660377358490566	1.8852184111998278	0.7564879133092527	0.7414965986394557	0.989	0.5223214285714286	0.646	0.46428571428571425	0.696	1.1543725964709055	0.818
PMID42464365_24	TUB	ERCB_TUB_H7	9.0	0.9795918367346939	0.6473214285714286	0.6071428571428572	0.5660377358490566	2.0267381425741826	0.8609613781606004	0.7959183673469388	0.94	0.5446428571428571	0.842	0.4508928571428571	0.837	1.2479624024321834	0.873
PMID42563361_27	TUB	ERCB_TUB_H7	2.0	0.9863945578231292	0.6964285714285714	0.6964285714285714	0.6792452830188679	1.5994926429590264	0.8631842178382887	0.6802721088435374	0.992	0.5223214285714286	0.891	0.46875	0.906	1.1619434631501226	0.708
PMID42602622_28	TUB	ERCB_TUB_H7	4.0	0.9931972789115646	0.7321428571428571	0.7544642857142857	0.7358490566037735	1.2895477519963408	0.8707418727424286	0.7414965986394557	0.989	0.5223214285714286	0.935	0.46428571428571425	0.954	1.1543725964709055	0.585
PMID42621048_29	TUB	ERCB_TUB_H7	3.0	1.0	0.5848214285714286	0.5446428571428572	0.6226415094339622	1.4036149519494374	0.7095304251180884	0.7006802721088435	0.99	0.5267857142857143	0.668	0.47321428571428564	0.668	1.1286558624003598	0.666
PMID42694848_32	TUB	ERCB_TUB_H7	2.0	1.0	0.7008928571428572	0.7455357142857143	0.6792452830188679	1.3754323349498518	0.890525145873854	0.6802721088435374	0.998	0.5223214285714286	0.903	0.46875	0.953	1.1619434631501226	0.612
PMID42713097_33	TUB	ERCB_TUB_H7	3.0	0.979591836734694	0.5133928571428571	0.3794642857142857	0.49056603773584906	1.5112599799801272	0.8517365934981941	0.7006802721088435	0.976	0.5267857142857143	0.461	0.47321428571428564	0.306	1.1286558624003598	0.71
PMID42735794_34	TUB	ERCB_TUB_H7	7.0	0.9863945578231292	0.71875	0.6473214285714286	0.6415094339622641	2.200667541522773	0.8041122534037234	0.7687074829931972	0.975	0.53125	0.948	0.4598214285714285	0.893	1.2274798122637662	0.903
PMID42747041_35	TUB	ERCB_TUB_H7	2.0	0.6054421768707483	0.7008928571428571	0.6696428571428571	0.660377358490566	-2.6914308312861706	0.18712052841260837	0.6802721088435374	0.392	0.5223214285714286	0.898	0.46875	0.885	1.1619434631501226	0.048
PMID42787683_36	TUB	ERCB_TUB_H7	5.0	0.9931972789115646	0.7321428571428571	0.6696428571428572	0.6792452830188679	1.7870974796247974	0.8112809113642679	0.7482993197278911	0.988	0.5357142857142856	0.955	0.46428571428571425	0.907	1.1613808722872725	0.797
PMID39028495_37	TUB	ERCB_TUB_H7	7.0	0.9659863945578231	0.7098214285714285	0.6607142857142857	0.660377358490566	2.748931701053608	0.4893025840511254	0.7687074829931972	0.951	0.53125	0.944	0.4598214285714285	0.902	1.2274798122637662	0.933
PMID39509016_38	TUB	ERCB_TUB_H7	4.0	0.9387755102040817	0.6607142857142856	0.6651785714285714	0.6037735849056604	1.6909560897030862	0.8905807168657963	0.7414965986394557	0.909	0.5223214285714286	0.854	0.46428571428571425	0.88	1.1543725964709055	0.771
PMID39838413_39	TUB	ERCB_TUB_H7	5.0	0.9047619047619047	0.5491071428571428	0.45982142857142855	0.39622641509433965	1.4770694229366883	0.8038899694359546	0.7482993197278911	0.848	0.5357142857142856	0.547	0.46428571428571425	0.487	1.1613808722872725	0.681
PMID39865825_41	TUB	ERCB_TUB_H7	5.0	0.8435374149659863	0.5401785714285714	0.42410714285714285	0.3018867924528302	1.121986441963158	0.8174492914698528	0.7482993197278911	0.729	0.5357142857142856	0.514	0.46428571428571425	0.4	1.1613808722872725	0.472
PMID39892769_43	TUB	ERCB_TUB_H7	2.0	0.8095238095238095	0.5267857142857142	0.4107142857142857	0.4528301886792453	1.4769995616735603	0.6912208072469693	0.6802721088435374	0.725	0.5223214285714286	0.503	0.46875	0.362	1.1619434631501226	0.654
PMID39920798_44	TUB	ERCB_TUB_H7	2.0	0.9387755102040816	0.6383928571428571	0.59375	0.6415094339622641	1.9147779023261333	0.7329813837176995	0.6802721088435374	0.942	0.5223214285714286	0.806	0.46875	0.763	1.1619434631501226	0.797
PMID39953123_45	TUB	ERCB_TUB_H7	4.0	0.9591836734693877	0.5982142857142857	0.5625	0.5094339622641509	1.7448679117515653	0.890247290914143	0.7414965986394557	0.93	0.5223214285714286	0.72	0.46428571428571425	0.732	1.1543725964709055	0.79
PMID39957315_46	TUB	ERCB_TUB_H7	2.0	0.1564625850340136	0.45089285714285715	0.6383928571428571	0.6415094339622641	1.2547528206104734	-0.7881633787163103	0.6802721088435374	0.015	0.5223214285714286	0.298	0.46875	0.839	1.1619434631501226	0.541
PMID39959271_47	TUB	ERCB_TUB_H7	2.0	0.9387755102040816	0.6116071428571428	0.5580357142857143	0.5471698113207547	1.714721038729974	0.8777993887190888	0.6802721088435374	0.942	0.5223214285714286	0.749	0.46875	0.709	1.1619434631501226	0.744
PMID39988817_48	TUB	ERCB_TUB_H7	2.0	0.9013605442176872	0.5625	0.59375	0.5283018867924528	1.2595867482049832	0.8169882883295848	0.6802721088435374	0.894	0.5223214285714286	0.618	0.46875	0.763	1.1619434631501226	0.547
PMID39995931_49	TUB	ERCB_TUB_H7	4.0	0.32653061224489793	0.4464285714285714	0.30357142857142855	0.2830188679245283	3.725109387006998	0.2942484023339817	0.7414965986394557	0.057	0.5223214285714286	0.244	0.46428571428571425	0.142	1.1543725964709055	0.949
PMID40097518_50	TUB	ERCB_TUB_H7	4.0	0.6870748299319728	0.49107142857142855	0.4375	0.39622641509433965	1.2505553789394415	0.5409836065573771	0.7414965986394557	0.411	0.5223214285714286	0.391	0.46428571428571425	0.436	1.1543725964709055	0.56
PMID40228227_52	TUB	ERCB_TUB_H7	3.0	0.7959183673469388	0.6473214285714286	0.6473214285714286	0.5660377358490567	2.040688215491842	0.6042040040039051	0.7006802721088435	0.665	0.5267857142857143	0.832	0.47321428571428564	0.871	1.1286558624003598	0.868
PMID40230799_53	TUB	ERCB_TUB_H7	3.0	0.0	0.3169642857142857	0.2767857142857143	0.33962264150943394	2.468983075021321	-0.6378994165045847	0.7006802721088435	0.0	0.5267857142857143	0.059	0.47321428571428564	0.12	1.1286558624003598	0.905
PMID40312440_56	TUB	ERCB_TUB_H7	7.0	0.9115646258503401	0.6696428571428571	0.625	0.5849056603773585	1.839862527298069	0.5905529313698251	0.7687074829931972	0.842	0.53125	0.881	0.4598214285714285	0.852	1.2274798122637662	0.842
PMID40374840_57	TUB	ERCB_TUB_H7	5.0	0.9863945578231292	0.6071428571428571	0.5848214285714285	0.5471698113207547	2.291347609744766	0.825284801333704	0.7482993197278911	0.975	0.5357142857142856	0.738	0.46428571428571425	0.771	1.1613808722872725	0.878
PMID40376698_58	TUB	ERCB_TUB_H7	5.0	0.945578231292517	0.5133928571428571	0.3928571428571428	0.3584905660377358	1.2855731047138317	0.8585162545151432	0.7482993197278911	0.925	0.5357142857142856	0.421	0.46428571428571425	0.33	1.1613808722872725	0.574
PMID40460381_59	TUB	ERCB_TUB_H7	2.0	0.8095238095238095	0.5267857142857142	0.4107142857142857	0.4528301886792453	1.4769995616735603	0.6912208072469693	0.6802721088435374	0.725	0.5223214285714286	0.503	0.46875	0.362	1.1619434631501226	0.654
PMID40470717_60	TUB	ERCB_TUB_H7	10.0	0.836734693877551	0.6517857142857142	0.5982142857142857	0.6037735849056604	1.6457309763496277	0.6860238955265353	0.7959183673469388	0.599	0.5401785714285714	0.849	0.4508928571428571	0.826	1.2290438613165158	0.759
PMID40505639_61	TUB	ERCB_TUB_H7	3.0	0.06802721088435376	0.39285714285714285	0.3169642857142857	0.2830188679245283	3.143560105415126	-0.051903306474020576	0.7006802721088435	0.0	0.5267857142857143	0.168	0.47321428571428564	0.175	1.1286558624003598	0.938
PMID40555691_62	TUB	ERCB_TUB_H7	7.0	0.9863945578231292	0.7098214285714286	0.7455357142857142	0.7169811320754716	2.01440007577135	0.8509030286190611	0.7687074829931972	0.975	0.53125	0.944	0.4598214285714285	0.967	1.2274798122637662	0.879
PMID40615901_63	TUB	ERCB_TUB_H7	2.0	0.9863945578231292	0.8035714285714286	0.7991071428571428	0.8113207547169812	2.0059542525802985	0.8161711586551821	0.6802721088435374	0.992	0.5223214285714286	0.981	0.46875	0.983	1.1619434631501226	0.822
PMID40624623_64	TUB	ERCB_TUB_H7	2.0	0.9387755102040816	0.5714285714285714	0.3883928571428571	0.49056603773584906	1.6901546261089495	0.8140594609613784	0.6802721088435374	0.942	0.5223214285714286	0.644	0.46875	0.315	1.1619434631501226	0.737
PMID40640102_65	TUB	ERCB_TUB_H7	3.0	0.47619047619047616	0.5669642857142857	0.5848214285714286	0.4716981132075472	-0.02120063180014189	0.02867463184217839	0.7006802721088435	0.163	0.5267857142857143	0.613	0.47321428571428564	0.762	1.1286558624003598	0.125
PMID40703651_68	TUB	ERCB_TUB_H7	2.0	0.34013605442176875	0.4955357142857143	0.4732142857142857	0.4528301886792453	1.0240459187276183	-0.09519310919699918	0.6802721088435374	0.102	0.5223214285714286	0.412	0.46875	0.511	1.1619434631501226	0.444
PMID40742465_69	TUB	ERCB_TUB_H7	2.0	0.9591836734693878	0.5089285714285714	0.4732142857142857	0.32075471698113206	1.4199864813986742	0.8537767960923427	0.6802721088435374	0.975	0.5223214285714286	0.456	0.46875	0.511	1.1619434631501226	0.629
PMID40764924_71	TUB	ERCB_TUB_H7	2.0	0.7006802721088435	0.5580357142857143	0.43303571428571425	0.41509433962264153	1.4979609483957559	0.5665462628507919	0.6802721088435374	0.529	0.5223214285714286	0.611	0.46875	0.409	1.1619434631501226	0.662
PMID40825025_73	TUB	ERCB_TUB_H7	6.0	0.8163265306122449	0.6116071428571428	0.5892857142857142	0.5283018867924528	1.45616150050489	0.7448180050013894	0.7482993197278912	0.641	0.5357142857142857	0.754	0.45982142857142855	0.792	1.1928946677467347	0.668
PMID40898746_74	TUB	ERCB_TUB_H7	3.0	0.7142857142857142	0.5892857142857142	0.4464285714285714	0.5094339622641509	2.0936124714336732	0.5317032509030287	0.7006802721088435	0.513	0.5267857142857143	0.683	0.47321428571428564	0.446	1.1286558624003598	0.875
PMID40948769_75	TUB	ERCB_TUB_H7	4.0	0.9319727891156462	0.6071428571428571	0.4910714285714286	0.5283018867924528	1.7346244875515906	0.8208946929702697	0.7414965986394557	0.893	0.5223214285714286	0.745	0.46428571428571425	0.587	1.1543725964709055	0.787
PMID40950408_76	TUB	ERCB_TUB_H7	6.0	0.6258503401360545	0.3169642857142857	0.25	0.24528301886792456	0.5050949475536949	0.5363156432342318	0.7482993197278912	0.259	0.5357142857142857	0.043	0.45982142857142855	0.091	1.1928946677467347	0.163
PMID40958910_77	TUB	ERCB_TUB_H7	2.0	0.30952380952380953	0.5580357142857143	0.5669642857142857	0.5849056603773585	1.0820242308402352	-0.4529376624174595	0.6802721088435374	0.084	0.5223214285714286	0.611	0.46875	0.722	1.1619434631501226	0.469
PMID40969366_78	TUB	ERCB_TUB_H7	4.0	0.8843537414965986	0.5089285714285714	0.3660714285714286	0.33962264150943394	1.6358018377228019	0.7739927757710476	0.7414965986394557	0.807	0.5223214285714286	0.448	0.46428571428571425	0.255	1.1543725964709055	0.749
PMID41122706_79	TUB	ERCB_TUB_H7	3.0	0.9727891156462585	0.5892857142857143	0.5848214285714286	0.5283018867924528	1.3264135082599242	0.8494581828285637	0.7006802721088435	0.962	0.5267857142857143	0.688	0.47321428571428564	0.762	1.1286558624003598	0.618
PMID41162187_80	TUB	ERCB_TUB_H7	2.0	0.8843537414965986	0.4732142857142857	0.3035714285714286	0.37735849056603776	1.8761256816017076	0.6975089957466097	0.6802721088435374	0.862	0.5223214285714286	0.351	0.46875	0.154	1.1619434631501226	0.79
PMID41164826_81	TUB	ERCB_TUB_H7	3.0	0.8503401360544218	0.41964285714285715	0.4464285714285714	0.4716981132075472	0.8989985491318101	0.4156767946607689	0.7006802721088435	0.786	0.5267857142857143	0.215	0.47321428571428564	0.446	1.1286558624003598	0.374
PMID41311665_83	TUB	ERCB_TUB_H7	6.0	0.9863945578231292	0.6294642857142858	0.5267857142857143	0.5283018867924528	1.4654433659889428	0.9299249791608784	0.7482993197278912	0.987	0.5357142857142857	0.797	0.45982142857142855	0.662	1.1928946677467347	0.672
PMID41329505_84	TUB	ERCB_TUB_H7	2.0	0.8503401360544218	0.4955357142857143	0.375	0.37735849056603776	1.5458196757079181	0.6995276465684914	0.6802721088435374	0.811	0.5223214285714286	0.412	0.46875	0.281	1.1619434631501226	0.689
PMID41332907_85	TUB	ERCB_TUB_H7	5.0	0.9047619047619047	0.6473214285714286	0.6339285714285714	0.6226415094339622	1.9148094015177441	0.7587663239788831	0.7482993197278911	0.848	0.5357142857142856	0.827	0.46428571428571425	0.863	1.1613808722872725	0.831
PMID41353443_86	TUB	ERCB_TUB_H7	3.0	1.0	0.5446428571428572	0.5044642857142857	0.5471698113207547	1.2080560225301495	0.7049736037788276	0.7006802721088435	0.99	0.5267857142857143	0.556	0.47321428571428564	0.578	1.1286558624003598	0.551
PMID41438111_87	TUB	ERCB_TUB_H7	5.0	0.9727891156462585	0.6741071428571428	0.6428571428571428	0.660377358490566	1.9706489243871048	0.8304529035843292	0.7482993197278911	0.964	0.5357142857142856	0.882	0.46428571428571425	0.877	1.1613808722872725	0.839
PMID41479901_88	TUB	ERCB_TUB_H7	8.0	0.8095238095238095	0.5848214285714286	0.5178571428571428	0.5094339622641509	1.8507742066454933	0.6725201444845792	0.7891156462585034	0.546	0.5401785714285714	0.669	0.4508928571428571	0.648	1.2137539937751827	0.826
PMID41503644_89	TUB	ERCB_TUB_H7	3.0	0.8435374149659864	0.6741071428571428	0.6875	0.660377358490566	1.6005195147077953	0.7867741039177552	0.7006802721088435	0.771	0.5267857142857143	0.879	0.47321428571428564	0.916	1.1286558624003598	0.747
PMID41669232_90	TUB	ERCB_TUB_H7	6.0	0.9319727891156462	0.5848214285714286	0.5267857142857143	0.4716981132075472	1.9038553504146078	0.7609335926646292	0.7482993197278912	0.897	0.5357142857142857	0.666	0.45982142857142855	0.662	1.1928946677467347	0.837
PMID37737517_91	TUB	ERCB_TUB_H7	5.0	0.9659863945578231	0.5892857142857143	0.5178571428571428	0.5471698113207547	1.80853945822115	0.8606835232008893	0.7482993197278911	0.956	0.5357142857142856	0.697	0.46428571428571425	0.629	1.1613808722872725	0.8
PMID37777674_92	TUB	ERCB_TUB_H7	4.0	0.8299319727891157	0.5535714285714286	0.42857142857142855	0.4528301886792453	1.5426364400187598	0.7263684356765769	0.7414965986394557	0.686	0.5223214285714286	0.593	0.46428571428571425	0.411	1.1543725964709055	0.714
PMID37957539_93	TUB	ERCB_TUB_H7	2.0	0.12244897959183676	0.5625	0.5714285714285714	0.4716981132075472	0.9430875403885911	-0.406168380105585	0.6802721088435374	0.013	0.5223214285714286	0.618	0.46875	0.73	1.1619434631501226	0.409
PMID38104515_94	TUB	ERCB_TUB_H7	4.0	0.9047619047619047	0.5803571428571428	0.4776785714285714	0.49056603773584906	1.6667622067554346	0.8426785218116146	0.7414965986394557	0.844	0.5223214285714286	0.671	0.46428571428571425	0.539	1.1543725964709055	0.76
PMID38292407_95	TUB	ERCB_TUB_H7	12.0	0.9727891156462585	0.5625	0.5223214285714286	0.5471698113207547	1.247421690598003	0.875131981105863	0.8095238095238095	0.952	0.5401785714285714	0.581	0.4419642857142857	0.699	1.2423730463549276	0.503
PMID38304805_96	TUB	ERCB_TUB_H7	5.0	1.0	0.7098214285714286	0.6830357142857143	0.6981132075471698	1.9077214841185484	0.896693525979439	0.7482993197278911	0.991	0.5357142857142856	0.93	0.46428571428571425	0.922	1.1613808722872725	0.826
PMID38332898_97	TUB	ERCB_TUB_H7	2.0	0.7346938775510203	0.6116071428571428	0.5714285714285714	0.5283018867924528	3.7713083025537038	0.5716587941094751	0.6802721088435374	0.585	0.5223214285714286	0.749	0.46875	0.73	1.1619434631501226	0.935
PMID38375694_98	TUB	ERCB_TUB_H7	2.0	0.9387755102040816	0.5401785714285714	0.4821428571428571	0.41509433962264153	1.4327807342555052	0.8346207279799945	0.6802721088435374	0.942	0.5223214285714286	0.547	0.46875	0.528	1.1619434631501226	0.633
PMID38390317_99	TUB	ERCB_TUB_H7	3.0	0.9931972789115646	0.8035714285714286	0.8571428571428571	0.7924528301886793	1.8040756844057049	0.8157821617115868	0.7006802721088435	0.987	0.5267857142857143	0.99	0.47321428571428564	0.996	1.1286558624003598	0.81
PMID38643193_100	TUB	ERCB_TUB_H7	5.0	0.9387755102040816	0.5535714285714286	0.46875	0.5283018867924528	1.7387523166709915	0.7467074187274245	0.7482993197278911	0.911	0.5357142857142856	0.56	0.46428571428571425	0.51	1.1613808722872725	0.781
PMID38691241_101	TUB	ERCB_TUB_H7	5.0	0.9863945578231292	0.7142857142857143	0.6517857142857142	0.6792452830188679	2.2838385694419707	0.8237843845512643	0.7482993197278911	0.975	0.5357142857142856	0.937	0.46428571428571425	0.891	1.1613808722872725	0.878
PMID38764052_102	TUB	ERCB_TUB_H7	8.0	0.8979591836734693	0.53125	0.38392857142857145	0.4528301886792453	1.6723599139516017	0.764101139205335	0.7891156462585034	0.798	0.5401785714285714	0.471	0.4508928571428571	0.333	1.2137539937751827	0.771
PMID38766319_103	TUB	ERCB_TUB_H7	2.0	0.9387755102040816	0.6026785714285714	0.5625	0.5471698113207547	1.7610242606338504	0.8566824117810504	0.6802721088435374	0.942	0.5223214285714286	0.737	0.46875	0.713	1.1619434631501226	0.761
PMID38774257_104	TUB	ERCB_TUB_H7	2.0	0.8979591836734693	0.7321428571428572	0.8169642857142857	0.7547169811320755	1.8414858315546776	0.7724367879966659	0.6802721088435374	0.881	0.5223214285714286	0.935	0.46875	0.986	1.1619434631501226	0.781
PMID38851464_105	TUB	ERCB_TUB_H7	3.0	0.9863945578231292	0.7366071428571428	0.7232142857142857	0.6981132075471698	1.9787279343810047	0.7879966657404837	0.7006802721088435	0.979	0.5267857142857143	0.955	0.47321428571428564	0.95	1.1286558624003598	0.85
PMID38951833_106	TUB	ERCB_TUB_H7	7.0	0.9931972789115646	0.8303571428571428	0.8660714285714286	0.8301886792452831	1.661460045336089	0.8640177827174217	0.7687074829931972	0.988	0.53125	0.989	0.4598214285714285	0.995	1.2274798122637662	0.78
PMID38968594_107	TUB	ERCB_TUB_H7	4.0	0.9591836734693877	0.6473214285714286	0.65625	0.6415094339622641	1.3007296269275102	0.7656571269797168	0.7414965986394557	0.93	0.5223214285714286	0.828	0.46428571428571425	0.875	1.1543725964709055	0.596
PMID39085362_108	TUB	ERCB_TUB_H7	2.0	1.0	0.5848214285714286	0.6116071428571428	0.6415094339622641	1.6992598686923293	0.5977771603223118	0.6802721088435374	0.998	0.5223214285714286	0.688	0.46875	0.796	1.1619434631501226	0.74
PMID39187837_109	TUB	ERCB_TUB_H7	4.0	0.9727891156462585	0.4419642857142857	0.39732142857142855	0.32075471698113206	1.2000590043137855	0.7683245345929426	0.7414965986394557	0.957	0.5223214285714286	0.229	0.46428571428571425	0.325	1.1543725964709055	0.53
PMID39224660_110	TUB	ERCB_TUB_H7	3.0	0.7278911564625851	0.46428571428571425	0.3348214285714286	0.32075471698113206	1.1942683922974355	0.7582106140594611	0.7006802721088435	0.55	0.5267857142857143	0.314	0.47321428571428564	0.219	1.1286558624003598	0.54
PMID39265357_111	TUB	ERCB_TUB_H7	6.0	0.8979591836734695	0.5	0.4910714285714286	0.4339622641509434	1.3524513381516265	0.8240066685190333	0.7482993197278912	0.834	0.5357142857142857	0.372	0.45982142857142855	0.578	1.1928946677467347	0.615
PMID39290792_112	TUB	ERCB_TUB_H7	2.0	0.9863945578231292	0.5758928571428571	0.4866071428571428	0.41509433962264153	0.9882664464190256	0.8801889413726036	0.6802721088435374	0.992	0.5223214285714286	0.659	0.46875	0.535	1.1619434631501226	0.43
PMID39333211_114	TUB	ERCB_TUB_H7	3.0	0.7074829931972789	0.5446428571428572	0.48660714285714285	0.4716981132075472	1.049025423886209	0.5131981105862741	0.7006802721088435	0.508	0.5267857142857143	0.556	0.47321428571428564	0.539	1.1286558624003598	0.459
PMID39378104_116	TUB	ERCB_TUB_H7	5.0	0.7482993197278911	0.7008928571428572	0.7008928571428572	0.7169811320754716	10.727497101912752	0.38749652681300367	0.7482993197278911	0.496	0.5357142857142856	0.924	0.46428571428571425	0.937	1.1613808722872725	0.982
PMID39444490_117	TUB	ERCB_TUB_H7	7.0	0.782312925170068	0.5669642857142857	0.46428571428571425	0.41509433962264153	1.6535049778423805	0.6068352320088914	0.7687074829931972	0.529	0.53125	0.618	0.4598214285714285	0.509	1.2274798122637662	0.777
PMID39609849_119	TUB	ERCB_TUB_H7	9.0	0.8911564625850341	0.6294642857142857	0.59375	0.5094339622641509	1.9891937311612837	0.7347040844679079	0.7959183673469388	0.756	0.5446428571428571	0.796	0.4508928571428571	0.808	1.2479624024321834	0.863
PMID39916957_120	TUB	ERCB_TUB_H7	12.0	0.9659863945578232	0.5491071428571428	0.4419642857142857	0.4528301886792453	1.6536229118178203	0.8718532925812728	0.8095238095238095	0.946	0.5401785714285714	0.524	0.4419642857142857	0.49	1.2423730463549276	0.79
PMID35713142_121	TUB	ERCB_TUB_H7	5.0	0.8775510204081632	0.5133928571428572	0.3526785714285714	0.39622641509433965	1.535543593586574	0.7349263684356767	0.7482993197278911	0.8	0.5357142857142856	0.428	0.46428571428571425	0.236	1.1613808722872725	0.706
PMID35834115_122	TUB	ERCB_TUB_H7	6.0	0.8843537414965986	0.53125	0.5044642857142856	0.4528301886792453	1.6632316037195956	0.6590163934426231	0.7482993197278912	0.797	0.5357142857142857	0.473	0.45982142857142855	0.608	1.1928946677467347	0.771
PMID36627452_123	TUB	ERCB_TUB_H7	6.0	0.8843537414965986	0.5178571428571428	0.3482142857142857	0.32075471698113206	1.2331236373918868	0.8470130591831065	0.7482993197278912	0.797	0.5357142857142857	0.434	0.45982142857142855	0.246	1.1928946677467347	0.528
PMID36891052_124	TUB	ERCB_TUB_H7	6.0	0.891156462585034	0.6830357142857143	0.7053571428571428	0.6415094339622641	2.399958778221969	0.7351486524034455	0.7482993197278912	0.812	0.5357142857142857	0.892	0.45982142857142855	0.94	1.1928946677467347	0.91
PMID36911691_126	TUB	ERCB_TUB_H7	3.0	0.8163265306122449	0.5044642857142857	0.40625	0.32075471698113206	1.4178765739796806	0.6930814115031955	0.7006802721088435	0.7	0.5267857142857143	0.436	0.47321428571428564	0.364	1.1286558624003598	0.667
PMID36919187_127	TUB	ERCB_TUB_H7	3.0	0.9863945578231292	0.8035714285714286	0.78125	0.7735849056603774	1.5685959663448514	0.6482356210058351	0.7006802721088435	0.979	0.5267857142857143	0.99	0.47321428571428564	0.981	1.1286558624003598	0.731
PMID36969169_128	TUB	ERCB_TUB_H7	3.0	0.9659863945578231	0.7276785714285714	0.7053571428571428	0.660377358490566	1.997283186205923	0.7929535004030096	0.7006802721088435	0.947	0.5267857142857143	0.948	0.47321428571428564	0.939	1.1286558624003598	0.856
PMID37038746_129	TUB	ERCB_TUB_H7	10.0	1.0	0.6160714285714286	0.5357142857142857	0.5471698113207547	1.8784966412994606	0.9262017227007504	0.7959183673469388	0.993	0.5401785714285714	0.776	0.4508928571428571	0.721	1.2290438613165158	0.846
PMID37063851_130	TUB	ERCB_TUB_H7	3.0	0.7619047619047619	0.49999999999999994	0.4330357142857143	0.4716981132075472	1.3253765468787746	0.4810014032334607	0.7006802721088435	0.601	0.5267857142857143	0.415	0.47321428571428564	0.416	1.1286558624003598	0.617
PMID37113991_131	TUB	ERCB_TUB_H7	8.0	0.891156462585034	0.5535714285714286	0.4642857142857143	0.4716981132075472	1.6567426741685192	0.7580994720755767	0.7891156462585034	0.787	0.5401785714285714	0.555	0.4508928571428571	0.541	1.2137539937751827	0.76
PMID37127580_132	TUB	ERCB_TUB_H7	11.0	1.0	0.6696428571428571	0.6517857142857143	0.6415094339622641	1.4554978715350784	0.8064462350652961	0.8078231292517006	0.99	0.5401785714285714	0.904	0.4375	0.911	1.245755806169686	0.661
PMID37143982_133	TUB	ERCB_TUB_H7	7.0	0.945578231292517	0.6339285714285714	0.59375	0.5849056603773585	1.668122939989622	0.8461794943039735	0.7687074829931972	0.918	0.53125	0.825	0.4598214285714285	0.797	1.2274798122637662	0.783
PMID37250717_134	TUB	ERCB_TUB_H7	5.0	0.8775510204081632	0.5401785714285714	0.4241071428571428	0.4716981132075472	1.650208404647803	0.75037510419561	0.7482993197278911	0.8	0.5357142857142856	0.514	0.46428571428571425	0.396	1.1613808722872725	0.752
PMID37312900_135	TUB	ERCB_TUB_H7	10.0	0.891156462585034	0.5758928571428571	0.4955357142857143	0.5094339622641509	1.6237672823844234	0.7752153375937763	0.7959183673469388	0.772	0.5401785714285714	0.639	0.4508928571428571	0.628	1.2290438613165158	0.751
PMID37396184_137	TUB	ERCB_TUB_H7	5.0	0.3333333333333333	0.6830357142857143	0.6473214285714286	0.6226415094339622	0.5008025836029854	-0.11136426785218118	0.7482993197278911	0.041	0.5357142857142856	0.899	0.46428571428571425	0.882	1.1613808722872725	0.187
PMID37404805_138	TUB	ERCB_TUB_H7	3.0	0.9795918367346939	0.6473214285714286	0.6160714285714286	0.6226415094339622	1.7288124918427308	0.7855515420950266	0.7006802721088435	0.971	0.5267857142857143	0.832	0.47321428571428564	0.818	1.1286558624003598	0.786
PMID37480090_139	TUB	ERCB_TUB_H7	15.0	0.8367346938775511	0.4017857142857143	0.16964285714285715	0.1320754716981132	0.9509058788553472	0.8372881355932206	0.8163265306122449	0.56	0.5401785714285714	0.082	0.4285714285714286	0.023	1.2392541876239247	0.237
PMID37492198_140	TUB	ERCB_TUB_H7	6.0	0.8639455782312926	0.5892857142857143	0.53125	0.5283018867924528	1.6160410688935256	0.7602111697693805	0.7482993197278912	0.757	0.5357142857142857	0.689	0.45982142857142855	0.667	1.1928946677467347	0.754
PMID37554330_141	TUB	ERCB_TUB_H7	3.0	0.91156462585034	0.46428571428571425	0.32589285714285715	0.4339622641509434	0.8943668077118774	0.7006390664073355	0.7006802721088435	0.878	0.5267857142857143	0.314	0.47321428571428564	0.196	1.1286558624003598	0.37
PMID37593129_142	TUB	ERCB_TUB_H7	6.0	0.9523809523809523	0.36607142857142855	0.14732142857142858	0.13207547169811323	1.302658741784518	0.8919144206724091	0.7482993197278912	0.934	0.5357142857142857	0.085	0.45982142857142855	0.015	1.1928946677467347	0.583
PMID37622120_143	TUB	ERCB_TUB_H7	4.0	0.9251700680272108	0.5357142857142857	0.34375	0.41509433962264153	1.5728709246718127	0.8247846624062241	0.7414965986394557	0.881	0.5223214285714286	0.533	0.46428571428571425	0.209	1.1543725964709055	0.73
PMID37656997_144	TUB	ERCB_TUB_H7	7.0	0.9659863945578231	0.6696428571428572	0.6428571428571428	0.660377358490566	1.3067924950725907	0.8622950819672133	0.7687074829931972	0.951	0.53125	0.888	0.4598214285714285	0.884	1.2274798122637662	0.568
PMID37745718_145	TUB	ERCB_TUB_H7	5.0	0.5918367346938775	0.6651785714285714	0.6205357142857143	0.5849056603773585	-0.6075025797359355	0.20227841066963048	0.7482993197278911	0.232	0.5357142857142856	0.867	0.46428571428571425	0.839	1.1613808722872725	0.065
PMID37760894_146	TUB	ERCB_TUB_H7	4.0	0.891156462585034	0.5848214285714285	0.5401785714285714	0.5094339622641509	1.8472734919297533	0.7998332870241736	0.7414965986394557	0.818	0.5223214285714286	0.68	0.46428571428571425	0.689	1.1543725964709055	0.81
PMID37776100_147	TUB	ERCB_TUB_H7	4.0	0.8571428571428571	0.4732142857142857	0.3794642857142857	0.39622641509433965	1.4850777192026619	0.7469297026951932	0.7414965986394557	0.741	0.5223214285714286	0.324	0.46428571428571425	0.284	1.1543725964709055	0.702
PMID37960829_148	TUB	ERCB_TUB_H7	2.0	0.9319727891156462	0.53125	0.41964285714285715	0.39622641509433965	1.7508327683681426	0.8098360655737706	0.6802721088435374	0.93	0.5223214285714286	0.515	0.46875	0.383	1.1619434631501226	0.757
PMID37964514_149	TUB	ERCB_TUB_H7	3.0	0.8979591836734693	0.6026785714285714	0.6339285714285714	0.5471698113207547	1.8811384164955454	0.7647679911086415	0.7006802721088435	0.854	0.5267857142857143	0.714	0.47321428571428564	0.842	1.1286558624003598	0.829
PMID37988198_150	TUB	ERCB_TUB_H7	2.0	1.0	0.6696428571428572	0.6294642857142857	0.6226415094339622	1.5645320751186218	0.8698527368713533	0.6802721088435374	0.998	0.5223214285714286	0.867	0.46875	0.828	1.1619434631501226	0.694
PMID38020922_151	TUB	ERCB_TUB_H7	7.0	0.6394557823129251	0.39285714285714285	0.39285714285714285	0.4339622641509434	0.7103754211609895	0.33603778827452074	0.7687074829931972	0.262	0.53125	0.13	0.4598214285714285	0.356	1.2274798122637662	0.217
PMID38028597_152	TUB	ERCB_TUB_H7	4.0	0.9863945578231292	0.59375	0.5580357142857143	0.5283018867924528	1.987125205840744	0.8556265629341486	0.7414965986394557	0.98	0.5223214285714286	0.705	0.46428571428571425	0.728	1.1543725964709055	0.842
PMID38028994_153	TUB	ERCB_TUB_H7	6.0	0.8639455782312926	0.5625	0.45535714285714285	0.4339622641509434	1.6487202902062694	0.7987218671853294	0.7482993197278912	0.757	0.5357142857142857	0.586	0.45982142857142855	0.484	1.1928946677467347	0.765
PMID38390397_155	TUB	ERCB_TUB_H7	4.0	0.48299319727891155	0.6026785714285714	0.5446428571428571	0.5471698113207547	0.12751140484371543	0.25101417060294534	0.7414965986394557	0.141	0.5223214285714286	0.731	0.46428571428571425	0.696	1.1543725964709055	0.113
PMID34908186_156	TUB	ERCB_TUB_H7	6.0	0.9183673469387755	0.5982142857142857	0.59375	0.5094339622641509	1.5289661238209207	0.8348430119477634	0.7482993197278912	0.878	0.5357142857142857	0.711	0.45982142857142855	0.799	1.1928946677467347	0.701
PMID34932275_157	TUB	ERCB_TUB_H7	3.0	0.8979591836734693	0.45535714285714285	0.2767857142857143	0.32075471698113206	1.4135969571429647	0.7737149208113366	0.7006802721088435	0.854	0.5267857142857143	0.293	0.47321428571428564	0.12	1.1286558624003598	0.667
PMID35559414_160	TUB	ERCB_TUB_H7	3.0	0.9795918367346939	0.8392857142857143	0.8973214285714286	0.9056603773584906	1.8333613031843197	0.5119199777716034	0.7006802721088435	0.971	0.5267857142857143	0.997	0.47321428571428564	0.998	1.1286558624003598	0.816
PMID35592524_161	TUB	ERCB_TUB_H7	17.0	0.9047619047619047	0.5714285714285714	0.4955357142857143	0.4716981132075472	1.548910211235709	0.8162267296471243	0.8299319727891157	0.749	0.5491071428571428	0.579	0.4464285714285714	0.62	1.2642329615604688	0.749
PMID35637650_162	TUB	ERCB_TUB_H7	10.0	1.0	0.9598214285714286	0.9508928571428571	0.9622641509433962	1.729125513003888	0.6089469297026953	0.7959183673469388	0.993	0.5401785714285714	1.0	0.4508928571428571	1.0	1.2290438613165158	0.786
PMID35663304_163	TUB	ERCB_TUB_H7	2.0	0.6394557823129252	0.5848214285714286	0.5223214285714286	0.49056603773584906	3.26776808876096	0.5242011669908309	0.6802721088435374	0.442	0.5223214285714286	0.688	0.46875	0.617	1.1619434631501226	0.916
PMID35721731_164	TUB	ERCB_TUB_H7	4.0	0.8979591836734695	0.42410714285714285	0.42410714285714285	0.4716981132075472	0.8686819922453758	0.43123089747151994	0.7414965986394557	0.843	0.5223214285714286	0.194	0.46428571428571425	0.401	1.1543725964709055	0.334
PMID35845512_165	TUB	ERCB_TUB_H7	3.0	0.979591836734694	0.7410714285714286	0.7232142857142857	0.6792452830188679	2.557766618553104	0.6452347874409559	0.7006802721088435	0.976	0.5267857142857143	0.958	0.47321428571428564	0.95	1.1286558624003598	0.912
PMID35909518_166	TUB	ERCB_TUB_H7	5.0	0.9251700680272108	0.5625	0.47321428571428575	0.49056603773584906	1.641032559128014	0.7716032231175327	0.7482993197278911	0.888	0.5357142857142856	0.596	0.46428571428571425	0.535	1.1613808722872725	0.748
PMID35923621_167	TUB	ERCB_TUB_H7	4.0	0.8843537414965987	0.4866071428571428	0.3169642857142857	0.32075471698113206	1.5229169924817996	0.7616004445679356	0.7414965986394557	0.811	0.5223214285714286	0.366	0.46428571428571425	0.164	1.1543725964709055	0.71
PMID35991124_168	TUB	ERCB_TUB_H7	11.0	0.8163265306122449	0.6428571428571428	0.5803571428571428	0.5660377358490566	2.249933784792773	0.6905251458738539	0.8078231292517006	0.519	0.5401785714285714	0.838	0.4375	0.816	1.245755806169686	0.92
PMID36035169_169	TUB	ERCB_TUB_H7	5.0	0.9251700680272108	0.6116071428571428	0.5535714285714285	0.5471698113207547	1.5170489037666066	0.8245068074465131	0.7482993197278911	0.888	0.5357142857142856	0.749	0.46428571428571425	0.718	1.1613808722872725	0.699
PMID36059966_170	TUB	ERCB_TUB_H7	15.0	0.9047619047619047	0.5714285714285714	0.45982142857142855	0.49056603773584906	1.6821137400343935	0.7699360933592667	0.8163265306122449	0.791	0.5401785714285714	0.643	0.4285714285714286	0.585	1.2392541876239247	0.821
PMID36064366_171	TUB	ERCB_TUB_H7	6.0	0.9931972789115646	0.6071428571428572	0.5133928571428572	0.5094339622641509	1.5920427273941005	0.8543484301194778	0.7482993197278912	0.99	0.5357142857142857	0.752	0.45982142857142855	0.635	1.1928946677467347	0.733
PMID36071835_172	TUB	ERCB_TUB_H7	3.0	0.8027210884353742	0.3303571428571428	0.20982142857142855	0.1509433962264151	0.7711446972224467	0.6612206338597806	0.7006802721088435	0.674	0.5267857142857143	0.075	0.47321428571428564	0.041	1.1286558624003598	0.327
PMID36071835_173	TUB	ERCB_TUB_H7	8.0	0.8911564625850339	0.44196428571428575	0.24553571428571427	0.24528301886792453	0.9259409506756698	0.7994998610725202	0.7891156462585034	0.781	0.5401785714285714	0.206	0.4508928571428571	0.078	1.2137539937751827	0.274
PMID36092962_174	TUB	ERCB_TUB_H7	9.0	1.0	0.7633928571428572	0.7678571428571428	0.7924528301886793	1.7248148096435116	0.8320644623506531	0.7959183673469388	0.978	0.5446428571428571	0.969	0.4508928571428571	0.97	1.2479624024321834	0.793
PMID36154667_175	TUB	ERCB_TUB_H7	3.0	0.9251700680272109	0.5535714285714286	0.42410714285714285	0.4716981132075472	1.6537740614382068	0.7429841622672967	0.7006802721088435	0.9	0.5267857142857143	0.572	0.47321428571428564	0.401	1.1286558624003598	0.764
PMID36250071_177	TUB	ERCB_TUB_H7	2.0	0.9591836734693877	0.53125	0.6026785714285714	0.6226415094339622	1.0535800831350677	0.4375104195609893	0.6802721088435374	0.972	0.5223214285714286	0.515	0.46875	0.779	1.1619434631501226	0.449
PMID36329882_178	TUB	ERCB_TUB_H7	9.0	0.7823129251700681	0.41517857142857145	0.38839285714285715	0.39622641509433965	0.9219461955294721	0.5065851625451516	0.7959183673469388	0.476	0.5446428571428571	0.144	0.4508928571428571	0.347	1.2479624024321834	0.253
PMID36385790_180	TUB	ERCB_TUB_H7	10.0	0.5986394557823129	0.6741071428571428	0.7008928571428572	0.660377358490566	-7.8403235118957655	0.23834398444012228	0.7959183673469388	0.123	0.5401785714285714	0.893	0.4508928571428571	0.935	1.2290438613165158	0.005
PMID36466094_181	TUB	ERCB_TUB_H7	7.0	1.0	0.7410714285714286	0.71875	0.7924528301886793	1.4070803540874013	0.6833564879133094	0.7687074829931972	0.993	0.53125	0.962	0.4598214285714285	0.953	1.2274798122637662	0.642
PMID36482994_182	TUB	ERCB_TUB_H7	3.0	0.9319727891156463	0.8169642857142857	0.8125	0.8490566037735849	3.2111736141186875	0.5728813559322035	0.7006802721088435	0.913	0.5267857142857143	0.992	0.47321428571428564	0.989	1.1286558624003598	0.94
PMID36568106_184	TUB	ERCB_TUB_H7	2.0	0.9047619047619048	0.5758928571428571	0.4732142857142857	0.49056603773584906	1.5906479846983084	0.7180883578771882	0.6802721088435374	0.896	0.5223214285714286	0.659	0.46875	0.511	1.1619434631501226	0.704
PMID36585417_185	TUB	ERCB_TUB_H7	8.0	0.5374149659863946	0.6517857142857142	0.65625	0.5660377358490566	-0.6347577718288608	0.11653237010280636	0.7891156462585034	0.106	0.5401785714285714	0.856	0.4508928571428571	0.909	1.2137539937751827	0.034
PMID36624863_186	TUB	ERCB_TUB_H7	5.0	0.9795918367346939	0.4642857142857143	0.4866071428571428	0.5849056603773585	0.9890262134621115	0.4918032786885247	0.7482993197278911	0.972	0.5357142857142856	0.298	0.46428571428571425	0.556	1.1613808722872725	0.385
PMID36743936_187	TUB	ERCB_TUB_H7	3.0	0.9727891156462585	0.5223214285714286	0.4151785714285714	0.39622641509433965	0.9908342726882667	0.8194056600632403	0.7006802721088435	0.962	0.5267857142857143	0.483	0.47321428571428564	0.377	1.1286558624003598	0.424
PMID32954999_188	TUB	ERCB_TUB_H7	10.0	0.8367346938775511	0.5401785714285714	0.43303571428571425	0.39622641509433965	1.8654128932738232	0.628007779938872	0.7959183673469388	0.602	0.5401785714285714	0.497	0.4508928571428571	0.457	1.2290438613165158	0.844
PMID33887734_190	TUB	ERCB_TUB_H7	2.0	0.8231292517006803	0.84375	0.84375	0.8301886792452831	4.71784706834095	0.4317926062184725	0.6802721088435374	0.755	0.5223214285714286	0.996	0.46875	0.992	1.1619434631501226	0.949
PMID34087849_191	TUB	ERCB_TUB_H7	4.0	0.9727891156462585	0.6383928571428572	0.5892857142857142	0.5849056603773585	2.1016115325246343	0.8166157265907198	0.7414965986394557	0.957	0.5223214285714286	0.812	0.46428571428571425	0.782	1.1543725964709055	0.86
PMID34124269_192	TUB	ERCB_TUB_H7	7.0	0.8707482993197279	0.45982142857142855	0.2991071428571428	0.3018867924528302	1.4464331971538564	0.7913309252570161	0.7687074829931972	0.739	0.53125	0.248	0.4598214285714285	0.16	1.2274798122637662	0.67
PMID34215202_193	TUB	ERCB_TUB_H7	5.0	0.8503401360544217	0.625	0.5401785714285714	0.5471698113207547	2.09565275062053	0.6891732311477976	0.7482993197278911	0.743	0.5357142857142856	0.793	0.46428571428571425	0.678	1.1613808722872725	0.855
PMID34262312_194	TUB	ERCB_TUB_H7	2.0	0.945578231292517	0.5446428571428572	0.39732142857142855	0.4339622641509434	1.6057169465970422	0.767879966657405	0.6802721088435374	0.957	0.5223214285714286	0.576	0.46875	0.332	1.1619434631501226	0.709
PMID34424825_195	TUB	ERCB_TUB_H7	3.0	0.9047619047619048	0.3839285714285714	0.28125	0.2830188679245283	1.2937358775666297	0.7693248124479023	0.7006802721088435	0.868	0.5267857142857143	0.148	0.47321428571428564	0.125	1.1286558624003598	0.604
PMID34557161_198	TUB	ERCB_TUB_H7	7.0	1.0	0.7142857142857143	0.7544642857142857	0.660377358490566	2.3285721551130516	0.8693525979438734	0.7687074829931972	0.993	0.53125	0.946	0.4598214285714285	0.971	1.2274798122637662	0.911
PMID34735495_199	TUB	ERCB_TUB_H7	6.0	0.8571428571428572	0.5580357142857143	0.5044642857142857	0.4339622641509434	1.741838987580517	0.7140316754654072	0.7482993197278912	0.736	0.5357142857142857	0.58	0.45982142857142855	0.608	1.1928946677467347	0.8
PMID32778679_201	TUB	ERCB_TUB_H7	11.0	0.9659863945578232	0.6383928571428571	0.5848214285714286	0.5849056603773585	1.8426965029953932	0.8342873020283413	0.8078231292517006	0.943	0.5401785714285714	0.824	0.4375	0.824	1.245755806169686	0.853
PMID32953797_202	TUB	ERCB_TUB_H7	17.0	1.0	0.6696428571428571	0.6116071428571429	0.5849056603773585	1.7162063822606417	0.9164212281189219	0.8299319727891157	0.985	0.5491071428571428	0.903	0.4464285714285714	0.877	1.2642329615604688	0.842
PMID33145306_203	TUB	ERCB_TUB_H7	14.0	0.6870748299319729	0.6651785714285714	0.6607142857142857	0.660377358490566	133.7572170829947	0.4291747707696584	0.8231292517006803	0.21	0.5357142857142857	0.902	0.4330357142857143	0.921	1.2469226306110501	0.998
PMID30761531_204	TUB	ERCB_TUB_H7	19.0	0.9659863945578232	0.6205357142857143	0.5669642857142857	0.5471698113207547	1.769047366288051	0.859516532370103	0.8435374149659864	0.915	0.5446428571428572	0.822	0.4419642857142857	0.816	1.2828046428073294	0.87
PMID30988245_205	TUB	ERCB_TUB_H7	5.0	0.870748299319728	0.7589285714285714	0.7589285714285714	0.7924528301886793	1.3764096818141518	0.3864738326829302	0.7482993197278911	0.793	0.5357142857142856	0.969	0.46428571428571425	0.972	1.1613808722872725	0.622
PMID31277135_206	TUB	ERCB_TUB_H7	7.0	0.9931972789115646	0.7901785714285714	0.7723214285714286	0.8113207547169812	2.2271659911089468	0.6205612670186165	0.7687074829931972	0.988	0.53125	0.98	0.4598214285714285	0.977	1.2274798122637662	0.903
PMID29207157_208	TUB	ERCB_TUB_H7	4.0	0.7414965986394557	0.5133928571428571	0.38392857142857145	0.41509433962264153	1.3192153089212217	0.6983050847457629	0.7414965986394557	0.499	0.5223214285714286	0.464	0.46428571428571425	0.303	1.1543725964709055	0.606
INJURY	TUB	GSE142025-RNAseq		1.0					1.0								
ORIENT_DE_50	TUB	GSE142025-RNAseq	50.0	0.8271604938271605					0.8514800514800515	0.7366255144032922	0.788						
ORIENT_DE_200	TUB	GSE142025-RNAseq	200.0	0.8312757201646092					0.8754182754182754	0.7613168724279835	0.852						
PMID40611469_0	TUB	GSE142025-RNAseq	2.0	0.8312757201646092					0.8303732303732304	0.5802469135802469	0.85						
PMID41117762_1	TUB	GSE142025-RNAseq	2.0	0.4567901234567901					0.4172458172458173	0.5802469135802469	0.345						
PMID41528564_2	TUB	GSE142025-RNAseq	4.0	0.8230452674897119					0.7858429858429858	0.6090534979423868	0.824						
PMID41569454_4	TUB	GSE142025-RNAseq	3.0	0.8971193415637859					0.9117117117117118	0.6111111111111112	0.919						
PMID41582386_5	TUB	GSE142025-RNAseq	7.0	0.5925925925925926					0.38249678249678254	0.6460905349794238	0.421						
PMID41593805_6	TUB	GSE142025-RNAseq	5.0	0.860082304526749					0.884942084942085	0.6296296296296295	0.866						
PMID41709877_7	TUB	GSE142025-RNAseq	4.0	0.9917695473251029					0.8921492921492923	0.6090534979423868	0.995						
PMID41825713_8	TUB	GSE142025-RNAseq	2.0	0.8806584362139918					0.7953667953667953	0.5802469135802469	0.902						
PMID41867465_10	TUB	GSE142025-RNAseq	2.0	0.33333333333333337					-0.09523809523809525	0.5802469135802469	0.251						
PMID41878449_11	TUB	GSE142025-RNAseq	6.0	0.8189300411522634					0.8584298584298585	0.6296296296296295	0.806						
PMID41925798_12	TUB	GSE142025-RNAseq	9.0	0.8436213991769548					0.7132561132561133	0.6666666666666667	0.84						
PMID41928356_13	TUB	GSE142025-RNAseq	4.0	0.8518518518518519					0.7413127413127413	0.6090534979423868	0.872						
PMID41944350_14	TUB	GSE142025-RNAseq	4.0	0.8353909465020576					0.8746460746460748	0.6090534979423868	0.845						
PMID41978270_15	TUB	GSE142025-RNAseq	3.0	1.0					0.9701415701415703	0.6111111111111112	0.998						
PMID42107160_17	TUB	GSE142025-RNAseq	2.0	0.004115226337448561					-0.4226512226512227	0.5802469135802469	0.002						
PMID42123756_18	TUB	GSE142025-RNAseq	5.0	0.8559670781893004					0.833976833976834	0.6296296296296295	0.854						
PMID42169644_19	TUB	GSE142025-RNAseq	3.0	0.7901234567901235					0.8723294723294724	0.6111111111111112	0.763						
PMID42278229_21	TUB	GSE142025-RNAseq	4.0	0.7407407407407407					0.7431145431145432	0.6090534979423868	0.694						
PMID42402786_22	TUB	GSE142025-RNAseq	5.0	0.888888888888889					0.920978120978121	0.6296296296296295	0.896						
PMID42461218_23	TUB	GSE142025-RNAseq	5.0	0.9218106995884774					0.905019305019305	0.6296296296296295	0.942						
PMID42464365_24	TUB	GSE142025-RNAseq	9.0	0.8477366255144032					0.838867438867439	0.6666666666666667	0.844						
PMID42563361_27	TUB	GSE142025-RNAseq	2.0	0.9135802469135802					0.9232947232947233	0.5802469135802469	0.935						
PMID42602622_28	TUB	GSE142025-RNAseq	4.0	1.0					0.9490347490347492	0.6090534979423868	0.996						
PMID42621048_29	TUB	GSE142025-RNAseq	3.0	0.9958847736625513					0.4844272844272845	0.6111111111111112	0.997						
PMID42694848_32	TUB	GSE142025-RNAseq	2.0	0.8353909465020576					0.6491634491634493	0.5802469135802469	0.852						
PMID42713097_33	TUB	GSE142025-RNAseq	3.0	0.8477366255144032					0.8277992277992279	0.6111111111111112	0.846						
PMID42735794_34	TUB	GSE142025-RNAseq	7.0	0.8436213991769548					0.818790218790219	0.6460905349794238	0.848						
PMID42747041_35	TUB	GSE142025-RNAseq	2.0	0.7962962962962964					0.6650363615032463	0.5802469135802469	0.791						
PMID42787683_36	TUB	GSE142025-RNAseq	5.0	0.8477366255144033					0.7765765765765766	0.6296296296296295	0.84						
PMID39028495_37	TUB	GSE142025-RNAseq	7.0	0.9588477366255144					0.7287001287001288	0.6460905349794238	0.977						
PMID39509016_38	TUB	GSE142025-RNAseq	4.0	0.7818930041152263					0.762934362934363	0.6090534979423868	0.754						
PMID39838413_39	TUB	GSE142025-RNAseq	5.0	0.8600823045267489					0.8285714285714287	0.6296296296296295	0.862						
PMID39865825_41	TUB	GSE142025-RNAseq	5.0	0.6296296296296297					0.5166023166023166	0.6296296296296295	0.5						
PMID39892769_43	TUB	GSE142025-RNAseq	2.0	0.7325102880658437					0.6638352638352639	0.5802469135802469	0.689						
PMID39920798_44	TUB	GSE142025-RNAseq	2.0	0.7942386831275721					0.8352638352638353	0.5802469135802469	0.787						
PMID39953123_45	TUB	GSE142025-RNAseq	4.0	0.8641975308641976					0.8550836550836551	0.6090534979423868	0.898						
PMID39957315_46	TUB	GSE142025-RNAseq	2.0	0.20576131687242796					-0.7546975546975547	0.5802469135802469	0.151						
PMID39959271_47	TUB	GSE142025-RNAseq	2.0	0.7777777777777777					0.8453024453024454	0.5802469135802469	0.758						
PMID39988817_48	TUB	GSE142025-RNAseq	2.0	0.7860082304526748					0.82985842985843	0.5802469135802469	0.768						
PMID39995931_49	TUB	GSE142025-RNAseq	4.0	0.19753086419753085					0.0018018018018018018	0.6090534979423868	0.098						
PMID40097518_50	TUB	GSE142025-RNAseq	4.0	0.8271604938271605					0.8357786357786359	0.6090534979423868	0.829						
PMID40228227_52	TUB	GSE142025-RNAseq	3.0	0.7818930041152263					0.7624195624195624	0.6111111111111112	0.743						
PMID40230799_53	TUB	GSE142025-RNAseq	3.0	0.08641975308641975					-0.3598455598455599	0.6111111111111112	0.031						
PMID40312440_56	TUB	GSE142025-RNAseq	7.0	0.6296296296296297					0.651994851994852	0.6460905349794238	0.474						
PMID40374840_57	TUB	GSE142025-RNAseq	5.0	0.8806584362139918					0.8532818532818532	0.6296296296296295	0.883						
PMID40376698_58	TUB	GSE142025-RNAseq	5.0	0.8559670781893003					0.8097812097812098	0.6296296296296295	0.854						
PMID40460381_59	TUB	GSE142025-RNAseq	2.0	0.7325102880658437					0.6638352638352639	0.5802469135802469	0.689						
PMID40470717_60	TUB	GSE142025-RNAseq	10.0	0.4444444444444444					0.39974259974259974	0.6728395061728395	0.225						
PMID40505639_61	TUB	GSE142025-RNAseq	3.0	0.27983539094650206					0.0501930501930502	0.6111111111111112	0.178						
PMID40555691_62	TUB	GSE142025-RNAseq	7.0	0.8436213991769548					0.8501930501930504	0.6460905349794238	0.848						
PMID40615901_63	TUB	GSE142025-RNAseq	2.0	0.831275720164609					0.8211068211068212	0.5802469135802469	0.847						
PMID40624623_64	TUB	GSE142025-RNAseq	2.0	0.8065843621399176					0.856885456885457	0.5802469135802469	0.808						
PMID40640102_65	TUB	GSE142025-RNAseq	3.0	0.3251028806584362					0.2913770913770914	0.6111111111111112	0.211						
PMID40703651_68	TUB	GSE142025-RNAseq	2.0	0.024691358024691357					-0.76988416988417	0.5802469135802469	0.012						
PMID40742465_69	TUB	GSE142025-RNAseq	2.0	0.9917695473251029					0.9117117117117118	0.5802469135802469	0.995						
PMID40764924_71	TUB	GSE142025-RNAseq	2.0	0.7037037037037037					0.6321750321750321	0.5802469135802469	0.645						
PMID40775242_72	TUB	GSE142025-RNAseq	3.0	0.3168724279835391					-0.010038610038610039	0.6111111111111112	0.205						
PMID40825025_73	TUB	GSE142025-RNAseq	6.0	0.831275720164609					0.6306306306306307	0.6296296296296295	0.817						
PMID40898746_74	TUB	GSE142025-RNAseq	3.0	0.8703703703703705					0.8306840869250923	0.6111111111111112	0.886						
PMID40948769_75	TUB	GSE142025-RNAseq	5.0	0.794238683127572					0.8082368082368083	0.6296296296296295	0.755						
PMID40950408_76	TUB	GSE142025-RNAseq	6.0	0.5761316872427984					0.24375804375804377	0.6296296296296295	0.441						
PMID40958910_77	TUB	GSE142025-RNAseq	2.0	0.6213991769547325					0.146975546975547	0.5802469135802469	0.548						
PMID40969366_78	TUB	GSE142025-RNAseq	4.0	0.757201646090535					0.766023166023166	0.6090534979423868	0.722						
PMID41122706_79	TUB	GSE142025-RNAseq	3.0	0.9711934156378601					0.9127413127413129	0.6111111111111112	0.982						
PMID41162187_80	TUB	GSE142025-RNAseq	2.0	0.8477366255144032					0.8323572962727877	0.5802469135802469	0.868						
PMID41164826_81	TUB	GSE142025-RNAseq	3.0	0.9465020576131686					0.22187902187902186	0.6111111111111112	0.963						
PMID41311665_83	TUB	GSE142025-RNAseq	6.0	0.8065843621399177					0.7485199485199486	0.6296296296296295	0.774						
PMID41329505_84	TUB	GSE142025-RNAseq	2.0	0.8395061728395061					0.8604890604890605	0.5802469135802469	0.86						
PMID41332907_85	TUB	GSE142025-RNAseq	5.0	0.8271604938271606					0.8478764478764479	0.6296296296296295	0.812						
PMID41353443_86	TUB	GSE142025-RNAseq	3.0	0.9629629629629629					0.4193050193050194	0.6111111111111112	0.975						
PMID41438111_87	TUB	GSE142025-RNAseq	5.0	0.8436213991769548					0.8231660231660232	0.6296296296296295	0.834						
PMID41479901_88	TUB	GSE142025-RNAseq	8.0	0.7777777777777778					0.7783783783783784	0.654320987654321	0.728						
PMID41503644_89	TUB	GSE142025-RNAseq	3.0	0.9176954732510287					0.9137709137709138	0.6111111111111112	0.941						
PMID41669232_90	TUB	GSE142025-RNAseq	6.0	0.9588477366255144					0.8666666666666668	0.6296296296296295	0.983						
PMID37737517_91	TUB	GSE142025-RNAseq	5.0	0.7983539094650206					0.8481338481338483	0.6296296296296295	0.766						
PMID37777674_92	TUB	GSE142025-RNAseq	4.0	0.7695473251028806					0.8404118404118405	0.6090534979423868	0.734						
PMID37957539_93	TUB	GSE142025-RNAseq	2.0	0.03292181069958847					-0.4105534105534106	0.5802469135802469	0.019						
PMID38104515_94	TUB	GSE142025-RNAseq	4.0	0.7613168724279835					0.8326898326898329	0.6090534979423868	0.725						
PMID38292407_95	TUB	GSE142025-RNAseq	12.0	0.868312757201646					0.8126126126126128	0.6728395061728394	0.871						
PMID38304805_96	TUB	GSE142025-RNAseq	5.0	0.8477366255144033					0.8072072072072073	0.6296296296296295	0.84						
PMID38332898_97	TUB	GSE142025-RNAseq	2.0	0.8271604938271605					0.8038610038610039	0.5802469135802469	0.84						
PMID38375694_98	TUB	GSE142025-RNAseq	2.0	0.8353909465020576					0.8031404868937985	0.5802469135802469	0.852						
PMID38390317_99	TUB	GSE142025-RNAseq	3.0	0.8477366255144032					0.8522522522522523	0.6111111111111112	0.846						
PMID38643193_100	TUB	GSE142025-RNAseq	5.0	0.9711934156378601					0.7189189189189189	0.6296296296296295	0.982						
PMID38691241_101	TUB	GSE142025-RNAseq	5.0	0.8477366255144034					0.822908622908623	0.6296296296296295	0.845						
PMID38764052_102	TUB	GSE142025-RNAseq	8.0	0.794238683127572					0.8522522522522523	0.654320987654321	0.755						
PMID38766319_103	TUB	GSE142025-RNAseq	2.0	0.7777777777777777					0.8362934362934364	0.5802469135802469	0.758						
PMID38774257_104	TUB	GSE142025-RNAseq	2.0	0.8847736625514404					0.9109395109395111	0.5802469135802469	0.911						
PMID38851464_105	TUB	GSE142025-RNAseq	3.0	0.8518518518518517					0.8463320463320464	0.6111111111111112	0.849						
PMID38951833_106	TUB	GSE142025-RNAseq	7.0	0.9506172839506173					0.9433719433719434	0.6460905349794238	0.974						
PMID38968594_107	TUB	GSE142025-RNAseq	4.0	0.9588477366255144					0.9052767052767053	0.6090534979423868	0.975						
PMID39085362_108	TUB	GSE142025-RNAseq	3.0	1.0					0.5575289575289576	0.6111111111111112	0.998						
PMID39187837_109	TUB	GSE142025-RNAseq	4.0	0.9753086419753086					0.7423423423423423	0.6090534979423868	0.991						
PMID39224660_110	TUB	GSE142025-RNAseq	3.0	0.47736625514403286					0.36061776061776063	0.6111111111111112	0.343						
PMID39265357_111	TUB	GSE142025-RNAseq	6.0	0.8024691358024691					0.833976833976834	0.6296296296296295	0.767						
PMID39290792_112	TUB	GSE142025-RNAseq	2.0	0.6172839506172839					0.22754182754182758	0.5802469135802469	0.542						
PMID39333211_114	TUB	GSE142025-RNAseq	3.0	0.21810699588477364					-0.39253539253539255	0.6111111111111112	0.117						
PMID39378104_116	TUB	GSE142025-RNAseq	5.0	0.411522633744856					0.10810810810810813	0.6296296296296295	0.268						
PMID39444490_117	TUB	GSE142025-RNAseq	7.0	0.7407407407407407					0.7710920924648632	0.6460905349794238	0.659						
PMID39609849_119	TUB	GSE142025-RNAseq	9.0	0.8518518518518517					0.8602316602316603	0.6666666666666667	0.851						
PMID39916957_120	TUB	GSE142025-RNAseq	12.0	0.7942386831275721					0.8442728442728443	0.6728395061728394	0.743						
PMID35713142_121	TUB	GSE142025-RNAseq	5.0	0.8930041152263375					0.8851994851994852	0.6296296296296295	0.899						
PMID35834115_122	TUB	GSE142025-RNAseq	6.0	0.8641975308641975					0.8854568854568854	0.6296296296296295	0.864						
PMID36627452_123	TUB	GSE142025-RNAseq	6.0	0.9094650205761317					0.8193050193050193	0.6296296296296295	0.934						
PMID36891052_124	TUB	GSE142025-RNAseq	6.0	0.9094650205761317					0.857915057915058	0.6296296296296295	0.934						
PMID36911691_126	TUB	GSE142025-RNAseq	3.0	0.823045267489712					0.8005148005148005	0.6111111111111112	0.807						
PMID36919187_127	TUB	GSE142025-RNAseq	3.0	0.9465020576131687					0.810810810810811	0.6111111111111112	0.964						
PMID36969169_128	TUB	GSE142025-RNAseq	3.0	0.8189300411522633					0.8797940797940799	0.6111111111111112	0.796						
PMID37038746_129	TUB	GSE142025-RNAseq	10.0	1.0					0.9562419562419564	0.6728395061728395	0.995						
PMID37063851_130	TUB	GSE142025-RNAseq	3.0	0.6625514403292182					0.4558558558558559	0.6111111111111112	0.568						
PMID37113991_131	TUB	GSE142025-RNAseq	8.0	0.8436213991769547					0.8664092664092665	0.654320987654321	0.838						
PMID37127580_132	TUB	GSE142025-RNAseq	11.0	0.9135802469135803					0.9042471042471043	0.6748971193415638	0.944						
PMID37143982_133	TUB	GSE142025-RNAseq	7.0	0.8106995884773662					0.8666666666666668	0.6460905349794238	0.78						
PMID37250717_134	TUB	GSE142025-RNAseq	5.0	0.8353909465020577					0.862805662805663	0.6296296296296295	0.826						
PMID37312900_135	TUB	GSE142025-RNAseq	10.0	0.8106995884773662					0.8584298584298585	0.6728395061728395	0.771						
PMID37396184_137	TUB	GSE142025-RNAseq	5.0	0.2674897119341564					0.03397683397683398	0.6296296296296295	0.144						
PMID37404805_138	TUB	GSE142025-RNAseq	3.0	0.7777777777777778					0.7917631917631919	0.6111111111111112	0.737						
PMID37480090_139	TUB	GSE142025-RNAseq	16.0	0.46090534979423864					0.28288288288288294	0.7016460905349794	0.201						
PMID37492198_140	TUB	GSE142025-RNAseq	6.0	0.831275720164609					0.8473616473616473	0.6296296296296295	0.817						
PMID37554330_141	TUB	GSE142025-RNAseq	3.0	0.9547325102880657					0.8437580437580439	0.6111111111111112	0.97						
PMID37593129_142	TUB	GSE142025-RNAseq	6.0	0.7283950617283951					0.6664092664092665	0.6296296296296295	0.65						
PMID37622120_143	TUB	GSE142025-RNAseq	4.0	0.7901234567901234					0.8437580437580439	0.6090534979423868	0.768						
PMID37656997_144	TUB	GSE142025-RNAseq	7.0	1.0					0.9631917631917633	0.6460905349794238	0.997						
PMID37745718_145	TUB	GSE142025-RNAseq	5.0	0.04938271604938271					-0.26615186615186615	0.6296296296296295	0.016						
PMID37760894_146	TUB	GSE142025-RNAseq	4.0	0.831275720164609					0.87001287001287	0.6090534979423868	0.835						
PMID37776100_147	TUB	GSE142025-RNAseq	4.0	0.7736625514403292					0.7305019305019306	0.6090534979423868	0.741						
PMID37960829_148	TUB	GSE142025-RNAseq	2.0	0.9176954732510288					0.8862290862290864	0.5802469135802469	0.942						
PMID37964514_149	TUB	GSE142025-RNAseq	3.0	0.8271604938271605					0.7891891891891892	0.6111111111111112	0.815						
PMID37988198_150	TUB	GSE142025-RNAseq	2.0	1.0					0.7794079794079793	0.5802469135802469	0.998						
PMID38020922_151	TUB	GSE142025-RNAseq	7.0	0.09053497942386832					-0.5498069498069499	0.6460905349794238	0.023						
PMID38028597_152	TUB	GSE142025-RNAseq	4.0	0.8724279835390947					0.8522522522522523	0.6090534979423868	0.902						
PMID38028994_153	TUB	GSE142025-RNAseq	6.0	0.8518518518518519					0.8870012870012871	0.6296296296296295	0.85						
PMID38390397_155	TUB	GSE142025-RNAseq	4.0	0.24279835390946503					0.003861003861003861	0.6090534979423868	0.126						
PMID34908186_156	TUB	GSE142025-RNAseq	6.0	0.9506172839506173					0.9536679536679538	0.6296296296296295	0.979						
PMID34932275_157	TUB	GSE142025-RNAseq	3.0	0.9012345679012346					0.8478764478764479	0.6111111111111112	0.925						
PMID35559414_160	TUB	GSE142025-RNAseq	3.0	0.9547325102880659					0.8844272844272845	0.6111111111111112	0.971						
PMID35592524_161	TUB	GSE142025-RNAseq	17.0	0.8765432098765431					0.896010296010296	0.6810699588477366	0.909						
PMID35637650_162	TUB	GSE142025-RNAseq	10.0	0.9794238683127572					0.9181467181467183	0.6728395061728395	0.984						
PMID35663304_163	TUB	GSE142025-RNAseq	2.0	0.9176954732510287					0.8517374517374519	0.5802469135802469	0.939						
PMID35721731_164	TUB	GSE142025-RNAseq	4.0	0.9958847736625513					0.31171171171171175	0.6090534979423868	0.995						
PMID35845512_165	TUB	GSE142025-RNAseq	3.0	0.8971193415637859					0.8118404118404119	0.6111111111111112	0.919						
PMID35909518_166	TUB	GSE142025-RNAseq	5.0	0.786008230452675					0.8398970398970399	0.6296296296296295	0.747						
PMID35923621_167	TUB	GSE142025-RNAseq	4.0	0.9094650205761317					0.890862290862291	0.6090534979423868	0.937						
PMID35991124_168	TUB	GSE142025-RNAseq	11.0	0.6831275720164609					0.7338481338481339	0.6748971193415638	0.517						
PMID36035169_169	TUB	GSE142025-RNAseq	5.0	0.905349794238683					0.9052767052767053	0.6296296296296295	0.913						
PMID36059966_170	TUB	GSE142025-RNAseq	15.0	0.8641975308641975					0.8767052767052769	0.6995884773662551	0.872						
PMID36064366_171	TUB	GSE142025-RNAseq	6.0	0.868312757201646					0.8375804375804377	0.6296296296296295	0.872						
PMID36071835_172	TUB	GSE142025-RNAseq	3.0	0.8477366255144033					0.8105534105534108	0.6111111111111112	0.849						
PMID36071835_173	TUB	GSE142025-RNAseq	8.0	0.7695473251028806					0.7879021879021879	0.654320987654321	0.713						
PMID36092962_174	TUB	GSE142025-RNAseq	9.0	0.9094650205761317					0.9065637065637066	0.6666666666666667	0.937						
PMID36154667_175	TUB	GSE142025-RNAseq	3.0	0.794238683127572					0.854826254826255	0.6111111111111112	0.763						
PMID36250071_177	TUB	GSE142025-RNAseq	2.0	0.9794238683127572					0.4741312741312742	0.5802469135802469	0.984						
PMID36329882_178	TUB	GSE142025-RNAseq	10.0	0.5596707818930041					0.5745173745173745	0.6728395061728395	0.349						
PMID36385790_180	TUB	GSE142025-RNAseq	10.0	0.6995884773662551					0.7809523809523811	0.6728395061728395	0.558						
PMID36466094_181	TUB	GSE142025-RNAseq	7.0	1.0					0.7333333333333333	0.6460905349794238	0.997						
PMID36482994_182	TUB	GSE142025-RNAseq	4.0	0.1111111111111111					-0.06846846846846848	0.6090534979423868	0.052						
PMID36568106_184	TUB	GSE142025-RNAseq	2.0	0.8436213991769547					0.888030888030888	0.5802469135802469	0.866						
PMID36585417_185	TUB	GSE142025-RNAseq	8.0	0.51440329218107					0.545945945945946	0.654320987654321	0.322						
PMID36624863_186	TUB	GSE142025-RNAseq	5.0	1.0					0.3181467181467182	0.6296296296296295	0.991						
PMID36743936_187	TUB	GSE142025-RNAseq	3.0	0.9711934156378601					0.7796653796653797	0.6111111111111112	0.982						
PMID32954999_188	TUB	GSE142025-RNAseq	10.0	0.925925925925926					0.9366795366795369	0.6728395061728395	0.953						
PMID33887734_190	TUB	GSE142025-RNAseq	2.0	0.9547325102880659					0.8743886743886745	0.5802469135802469	0.967						
PMID34087849_191	TUB	GSE142025-RNAseq	4.0	0.7736625514403292					0.7652509652509653	0.6090534979423868	0.741						
PMID34124269_192	TUB	GSE142025-RNAseq	7.0	0.8271604938271606					0.838867438867439	0.6460905349794238	0.825						
PMID34215202_193	TUB	GSE142025-RNAseq	5.0	0.9218106995884773					0.9184041184041185	0.6296296296296295	0.941						
PMID34262312_194	TUB	GSE142025-RNAseq	2.0	0.8395061728395061					0.7760617760617761	0.5802469135802469	0.86						
PMID34424825_195	TUB	GSE142025-RNAseq	3.0	0.8353909465020576					0.7274131274131276	0.6111111111111112	0.829						
PMID34557161_198	TUB	GSE142025-RNAseq	7.0	0.8518518518518519					0.8362934362934364	0.6460905349794238	0.858						
PMID34735495_199	TUB	GSE142025-RNAseq	6.0	0.7983539094650205					0.8471042471042471	0.6296296296296295	0.763						
PMID31895808_200	TUB	GSE142025-RNAseq	2.0	0.9465020576131686					0.9196911196911197	0.5802469135802469	0.961						
PMID32778679_201	TUB	GSE142025-RNAseq	11.0	0.7736625514403292					0.8113256113256113	0.6748971193415638	0.709						
PMID32953797_202	TUB	GSE142025-RNAseq	17.0	1.0					0.920978120978121	0.6810699588477366	0.998						
PMID33145306_203	TUB	GSE142025-RNAseq	14.0	0.8559670781893004					0.8555984555984557	0.6790123456790123	0.867						
PMID30761531_204	TUB	GSE142025-RNAseq	19.0	0.9012345679012346					0.892921492921493	0.6954732510288066	0.929						
PMID30988245_205	TUB	GSE142025-RNAseq	5.0	0.9835390946502057					0.7987129987129988	0.6296296296296295	0.987						
PMID31277135_206	TUB	GSE142025-RNAseq	7.0	0.9053497942386831					0.7930501930501931	0.6460905349794238	0.93						
PMID29207157_208	TUB	GSE142025-RNAseq	4.0	0.7489711934156378					0.8131274131274132	0.6090534979423868	0.711						
