gene	injury_effect
A1CF	-1.4344013
A2M	1.1115643
A4GALT	-0.050714485
A4GNT	-0.6213623
AAAS	-0.07905742
AACS	0.1352048
AADAC	-0.52861106
AAGAB	0.021764211
AAK1	-0.43633538
AAMDC	0.45559514
AAMP	0.37034214
AANAT	-0.39844236
AAR2	0.38782883
AARS1	0.3820641
AARSD1	0.68412495
AASDHPPT	-0.5466229
AASS	-1.1372051
AATF	0.4246771
ABAT	-1.1336718
ABCA1	0.25962916
ABCA11P	-0.5299695
ABCA12	0.23561196
ABCA2	0.4002272
ABCA3	0.91275716
ABCA4	0.0344448
ABCA5	-0.8515981
ABCA6	-0.5689229
ABCA7	0.85376406
ABCA8	-0.16451545
ABCB1	-0.8026801
ABCB11	-0.23183556
ABCB4	0.33566225
ABCB6	0.4289477
ABCB7	-0.82639885
ABCB8	0.48144478
ABCB9	-0.09791148
ABCC1	1.1417925
ABCC10	1.1716311
ABCC2	-1.3740833
ABCC3	0.6312698
ABCC4	-0.689176
ABCC5	0.25461668
ABCC6	-1.0039052
ABCC8	0.09303512
ABCC9	0.08644597
ABCD1	0.17637148
ABCD2	-0.38814265
ABCD3	-1.2145011
ABCD4	-0.051110655
ABCE1	0.1518928
ABCF1	0.4767869
ABCF2	0.8491781
ABCF3	-0.030647025
ABCG1	0.81069106
ABCG2	-0.6379949
ABCG4	-0.30694568
ABCG5	-0.42106026
ABHD10	-1.1826893
ABHD11	-0.27783307
ABHD14A	0.33360276
ABHD17B	-0.82442707
ABHD18	-0.18931016
ABHD2	0.7053412
ABHD3	-0.17527792
ABHD4	0.38756728
ABHD5	0.35393882
ABHD6	-0.66322166
ABHD8	0.4088983
ABI1	-0.87055385
ABI2	-0.35382554
ABITRAM	-0.21106428
ABL1	0.54219085
ABL2	0.07818052
ABLIM1	-0.34762952
ABLIM3	0.000920251
ABO	-0.4115476
ABR	0.98666126
ABRAXAS2	-0.51932824
ABT1	-0.18911062
ABTB2	-0.7892512
ACAA1	-1.1418555
ACAA2	-1.2636191
ACACA	0.11287996
ACACB	-0.5507138
ACAD10	-1.025283
ACAD8	-0.41169277
ACADL	-1.2868099
ACADM	-1.4070154
ACADS	-0.84041643
ACADSB	-1.3882072
ACADVL	0.29341656
ACAN	0.33873725
ACAP1	-0.086089745
ACAP2	-0.18153183
ACAT1	-1.4494748
ACAT2	-0.16678938
ACBD3	-0.4788887
ACBD4	-0.8379595
ACD	0.6618892
ACE	-0.9435171
ACE2	-1.3154321
ACHE	-0.05389175
ACIN1	0.08288068
ACKR1	0.32365462
ACKR2	0.00746046
ACKR3	-0.5718982
ACKR5	-0.14845912
ACLY	0.4206733
ACO1	-1.4494905
ACO2	-0.85833454
ACOT11	-0.88932943
ACOT13	-0.65050596
ACOT7	-0.677407
ACOT8	0.19909038
ACOT9	0.94616973
ACOX1	-0.42581898
ACOX2	-1.120846
ACOX3	0.09182902
ACOXL	0.12320796
ACP1	-0.5509552
ACP2	0.5276309
ACP3	0.092304595
ACP5	-0.5196582
ACP6	-0.23607196
ACRV1	-0.6363863
ACSBG1	-0.32807285
ACSBG2	-0.51002574
ACSF2	-1.2887313
ACSL1	-1.2176726
ACSL3	-0.107707836
ACSL4	0.08133858
ACSL5	0.18437934
ACSL6	0.19795121
ACSM1	0.062146947
ACSM3	-1.3504813
ACSM5	-1.0452727
ACSS3	-1.2357812
ACTA1	0.006828688
ACTA2	1.279512
ACTB	0.31807014
ACTC1	0.19214159
ACTG1	0.5401349
ACTG2	-0.23586193
ACTL6A	0.29847682
ACTL6B	-0.48785406
ACTL7A	-0.18695238
ACTL7B	-0.22430342
ACTL8	-0.47508198
ACTMAP	0.6172905
ACTN1	1.6925893
ACTN2	-0.37652683
ACTN3	-0.34309816
ACTN4	0.7221364
ACTR10	0.31063014
ACTR1A	1.1940651
ACTR1B	0.5337455
ACTR2	-0.09924194
ACTR3	0.6457108
ACTR3B	0.1176689
ACTR5	0.41169494
ACTR6	-0.32362136
ACTR8	0.28023165
ACVR1	-0.02113486
ACVR1B	-0.6829047
ACVR2A	-0.88440156
ACVR2B	0.43143326
ACVRL1	1.432904
ACY1	-1.1057258
ACYP1	0.7396729
ACYP2	0.50306845
ADA	0.83325577
ADA2	0.843354
ADAM10	0.70076317
ADAM11	-0.56114435
ADAM12	1.3874097
ADAM15	1.245288
ADAM17	0.38264358
ADAM18	-0.45208585
ADAM19	0.435544
ADAM2	0.07777899
ADAM20	-0.34961122
ADAM21	-0.44134218
ADAM22	-0.15121594
ADAM23	-0.157915
ADAM28	-0.4054309
ADAM29	-0.23080207
ADAM30	-0.44875765
ADAM3A	-0.06513707
ADAM5	-0.6139389
ADAM7	-0.29790255
ADAM8	0.53455716
ADAM9	0.39568678
ADAMDEC1	0.5561714
ADAMTS1	1.5999408
ADAMTS12	-0.28551108
ADAMTS13	0.077011704
ADAMTS2	0.70836544
ADAMTS3	0.29697114
ADAMTS5	0.8189549
ADAMTS6	0.5322515
ADAMTS7	-0.22367823
ADAMTS8	-0.075516775
ADAMTSL2	0.77005196
ADAMTSL3	0.2969358
ADAP1	0.14733097
ADAP2	1.1192373
ADAR	1.1189003
ADARB1	1.1366053
ADARB2	-0.24749032
ADAT1	0.52017283
ADCK2	0.3396326
ADCY1	-0.95199025
ADCY10	-0.28904116
ADCY2	0.003967181
ADCY3	1.3407313
ADCY6	0.1421523
ADCY7	1.1281275
ADCY8	-0.738889
ADCY9	-0.023999002
ADCYAP1	0.055234604
ADCYAP1R1	-0.22393306
ADD1	0.50434005
ADD2	-0.68427336
ADD3	-0.6078126
ADGB	-0.57032436
ADGRA2	1.8218707
ADGRA3	-0.81720215
ADGRB1	0.2081115
ADGRB2	0.49944967
ADGRB3	0.49017584
ADGRE1	0.9481912
ADGRE2	0.8883406
ADGRE3	0.09925881
ADGRE5	2.5897794
ADGRF1	-0.52886677
ADGRF5	0.068067975
ADGRG1	0.19054882
ADGRG2	0.6880594
ADGRG3	-0.24426487
ADGRG6	-0.7557651
ADGRL1	0.8660876
ADGRL2	0.5618794
ADGRL3	-0.39375472
ADH1A	0.09799087
ADH1B	0.08896592
ADH1C	-0.06678817
ADH5	-0.96114933
ADH6	-1.3403351
ADH7	-0.32103518
ADI1	-1.188755
ADIPOQ	-0.34846604
ADIPOR1	-0.23034512
ADIPOR2	-0.9740663
ADIRF	0.41599765
ADISSP	0.6703452
ADK	-0.9339201
ADM	1.0110307
ADM2	-0.259222
ADNP	-0.25498304
ADNP2	-0.50752425
ADO	0.33182156
ADORA1	0.34979284
ADORA2A	0.5168584
ADORA2B	0.30103025
ADORA3	0.40158057
ADPGK	-0.11264515
ADPRH	0.5457268
ADPRM	-0.24296126
ADRA1A	-0.48916695
ADRA1B	-0.36253643
ADRA1D	-0.45664576
ADRA2A	0.49502993
ADRA2B	0.09774625
ADRA2C	-0.3789592
ADRB1	-0.16227043
ADRB2	1.1375697
ADRB3	-0.44530007
ADRM1	0.970138
ADSL	0.9813497
ADSS2	-0.050043225
ADTRP	-0.5688929
AEBP1	1.3020726
AEN	0.65181625
AFAP1	0.25688553
AFDN	0.03764768
AFF1	-0.7041743
AFF2	-0.7065835
AFF3	0.2419609
AFF4	-1.266979
AFG2B	0.28410488
AFG3L2	-0.99517447
AFM	-1.5682437
AFP	-0.9725505
AFTPH	-1.1123986
AGA	-0.15197551
AGAP1	-0.4353024
AGAP2	0.09333317
AGBL2	-0.074534014
AGBL5	-0.5541205
AGER	0.06124291
AGFG1	0.1862036
AGFG2	0.04670851
AGGF1	0.690233
AGK	-0.5322977
AGL	-0.96366537
AGO1	0.08728975
AGO3	0.29911336
AGO4	0.40875196
AGPAT1	0.94875324
AGPAT2	-0.16430984
AGPAT3	-0.60823977
AGPAT4	1.1403975
AGPAT5	-0.06286576
AGPS	0.28306472
AGR2	0.43517303
AGRN	0.3724087
AGRP	0.030609637
AGT	-1.0514002
AGTPBP1	-0.15517032
AGTR1	0.9152533
AGTR2	-0.4078495
AGXT	-0.9274744
AHCTF1	-0.44579244
AHCY	-1.1455698
AHCYL1	-0.28542203
AHCYL2	-0.7398368
AHDC1	0.14041942
AHI1	-0.8425623
AHNAK	-0.04841008
AHNAK2	0.6837108
AHR	0.956866
AHSA1	0.57076913
AHSG	-0.46036586
AHSP	-0.6888094
AICDA	-0.27350518
AIDA	0.41616324
AIF1	-0.98607576
AIFM1	-0.93778414
AIM2	0.17007151
AIMP1	-0.61828506
AIMP2	-0.1257562
AIP	0.4025524
AIPL1	-0.8868128
AIRE	-0.30545354
AIRIM	0.29347786
AJAP1	0.58877295
AK1	1.7469958
AK2	-0.4790111
AK5	0.6698898
AKAP1	-0.55145425
AKAP10	-0.11388586
AKAP11	-0.64005727
AKAP12	0.15738252
AKAP13	-0.65153134
AKAP3	-0.25976887
AKAP4	-0.16261429
AKAP5	-0.1750435
AKAP6	-0.2630713
AKAP7	-0.3973961
AKAP8	-0.42223758
AKAP8L	0.15862182
AKAP9	-0.37854087
AKIP1	0.62666553
AKIRIN1	-0.73890257
AKR1A1	-1.0423902
AKR1B1	0.780067
AKR1B10	-0.29704934
AKR1C1	-1.0912954
AKR1C2	-0.13501316
AKR1C3	-0.9403253
AKR1C4	-0.49257326
AKR1D1	0.25988653
AKR7A2	-0.33603323
AKR7A3	-1.2151785
AKT1	0.52924734
AKT2	0.1644288
AKT3	-0.010986039
AKTIP	-0.49990237
ALAD	-0.9392034
ALAS1	0.86302966
ALAS2	0.264296
ALB	-1.9513421
ALCAM	-0.112050325
ALDH18A1	0.64216006
ALDH1A1	-0.44949213
ALDH1A2	0.45628595
ALDH1A3	0.1376303
ALDH1B1	-0.5693321
ALDH1L1	-1.3403335
ALDH2	-1.3262956
ALDH3A1	-0.58839566
ALDH3A2	-1.3311439
ALDH3B1	-0.631661
ALDH3B2	0.10560298
ALDH4A1	-1.2492874
ALDH5A1	-1.0741605
ALDH6A1	-1.6453595
ALDH7A1	-0.79800415
ALDH8A1	-1.3743968
ALDH9A1	-0.86565816
ALDOA	0.4232155
ALDOB	-0.78182024
ALDOC	-0.7900199
ALG12	0.13688391
ALG13	-0.31448665
ALG3	0.78979367
ALG5	0.40369582
ALG6	0.14072977
ALG8	0.5230848
ALG9	0.4822113
ALK	-0.13514623
ALKBH1	-0.27015167
ALKBH4	0.551525
ALLC	-0.5781052
ALMS1	-0.31765485
ALOX12	-0.06512645
ALOX12B	-0.60681814
ALOX12P2	-0.5292782
ALOX15	-0.71703887
ALOX15B	-0.3204738
ALOX5	1.091254
ALOX5AP	-0.08177368
ALOXE3	-0.5973744
ALPG	-0.39781985
ALPI	-0.089518815
ALPK3	0.9133581
ALPL	-1.3775107
ALPP	-0.3700878
ALS2CL	-0.23629472
ALX1	0.09126445
ALX3	-0.2546422
ALX4	0.32703835
AMACR	-0.20283493
AMBN	-0.5049536
AMBP	-0.73146933
AMBRA1	0.37037703
AMD1	-0.30665833
AMDHD2	0.4713266
AMELX	0.30884188
AMELY	-0.093033165
AMFR	-0.7977604
AMH	0.11302959
AMHR2	-0.6445621
AMIGO2	0.4762162
AMMECR1	0.5577573
AMN	-0.48471037
AMOT	0.05010882
AMOTL2	-0.5178188
AMPD1	0.24879032
AMPD2	0.10968897
AMPD3	0.5205128
AMPH	0.62613225
AMT	-0.96302795
AMZ2	-0.35167316
ANAPC10	0.12190944
ANAPC13	-0.32517478
ANAPC15	0.37267664
ANAPC2	0.16533555
ANAPC5	-0.17305948
ANG	-0.97963244
ANGEL1	0.3107298
ANGEL2	-0.20533031
ANGPT1	0.2134326
ANGPT2	0.04718192
ANGPT4	-0.17565279
ANGPTL2	1.2726007
ANGPTL3	-1.0357617
ANGPTL4	-0.044697985
ANGPTL7	0.059346966
ANGPTL8	-0.45496088
ANK1	0.80168355
ANK2	-1.4484186
ANK3	-1.1294625
ANKEF1	-0.9124284
ANKFY1	0.2703538
ANKHD1	-0.36445266
ANKLE2	0.60245454
ANKMY1	0.429282
ANKMY2	-0.28499126
ANKRA2	-0.61762494
ANKRD1	-0.35908028
ANKRD10	-1.0586169
ANKRD11	0.20113686
ANKRD12	-0.7680059
ANKRD13C-DT	-0.18206412
ANKRD17	-0.44764814
ANKRD2	-0.27743545
ANKRD26	-0.31355438
ANKRD27	0.23146753
ANKRD28	-0.88134235
ANKRD40CL	-0.3620391
ANKRD46	-0.6307632
ANKRD49	-0.15282303
ANKRD55	-0.5206156
ANKRD6	0.09029374
ANKRD7	-0.23477066
ANKS1A	-0.48475748
ANKS1B	-1.1208545
ANKZF1	0.3273558
ANO1	1.306561
ANO10	0.4574353
ANO2	-0.21546076
ANO3	0.031761423
ANOS1	0.14556728
ANP32A	0.5312879
ANP32A-IT1	0.18994276
ANP32B	0.69390917
ANP32CP	-0.06225011
ANP32D	-0.10811633
ANP32E	-0.39023253
ANPEP	-0.6490863
ANTKMT	0.5091777
ANTXR1	1.38095
ANXA1	1.1616862
ANXA10	-0.04295122
ANXA11	1.3547918
ANXA13	-0.5399593
ANXA2	0.11312454
ANXA2P1	-0.14790343
ANXA2P3	-0.49888188
ANXA3	0.1265687
ANXA4	0.012026269
ANXA5	1.1456933
ANXA6	1.378833
ANXA7	-0.3776781
ANXA9	-0.78532624
AOAH	1.457766
AOC1	-1.0601813
AOC2	-0.37820685
AOC3	0.45210046
AOC4P	-0.14561741
AOPEP	0.4142636
AOX1	-0.8942347
AP1AR	-0.83584654
AP1B1	0.92688763
AP1G1	0.25607356
AP1G2	0.4059867
AP1M2	-1.4021744
AP1S1	-0.11181669
AP1S2	0.6044725
AP2A2	0.86432385
AP2B1	0.58773047
AP2M1	1.1015539
AP2S1	1.5111052
AP3B1	-0.71592885
AP3B2	-0.06895943
AP3D1	0.3160205
AP3M2	1.1157818
AP3S2	0.4295321
AP4E1	0.5888972
AP4M1	0.6724129
AP4S1	-0.17756695
AP5M1	-0.24444126
AP5S1	0.67472494
AP5Z1	0.87871706
APAF1	-0.24280645
APBA1	-0.56513345
APBA2	0.09553893
APBA3	1.0008073
APBB1	-0.021952868
APBB1IP	0.9563534
APBB2	-0.15030439
APBB3	0.25810146
APC	-0.3688883
APC2	-0.10797426
APCS	-0.8311049
APEH	0.16090947
APEX1	-0.09868625
APEX2	0.39693913
APH1A	0.027641878
APH1B	-0.08915241
API5	-0.3883334
APLNR	1.4919188
APLP1	0.41192415
APLP2	-0.3509396
APMAP	0.85520744
APOA1	-0.520232
APOA2	-0.3981744
APOA4	-0.23999812
APOB	-0.52456254
APOBEC1	-0.55057573
APOBEC2	-0.4030224
APOBEC3A	0.76062816
APOBEC3B	0.7112766
APOBEC3C	0.3072715
APOBEC3F	1.2216487
APOBEC3G	0.90054977
APOBR	1.1386838
APOC1	0.98253286
APOC2	-0.52959853
APOC3	-1.019108
APOC4	-0.23383196
APOD	-0.37658608
APOE	-0.79230785
APOF	0.22592562
APOH	-1.4922295
APOL1	1.0807259
APOL2	0.3160458
APOL3	0.71502954
APOL5	-0.23685236
APOL6	0.92885756
APOLD1	-1.5227194
APOM	-1.3892167
APOO	-0.7867602
APOOL	0.30659777
APP	1.152225
APPBP2	-1.2078936
APPL1	-0.10247851
APPL2	-0.27385688
APRT	0.64915866
APTX	-0.1554507
AQP1	0.36304703
AQP2	-1.1178834
AQP3	0.060607895
AQP4	-0.11418658
AQP6	-1.4287729
AQP7	-0.46386918
AQP8	-0.31732842
AQP9	0.01089856
AQR	0.27661422
AR	0.5870309
ARAF	0.60247624
ARAP1	0.37388325
ARAP2	-0.3461117
ARAP3	1.5872185
ARB2A	-0.77272093
ARC	-1.1525915
ARCN1	-0.036477953
AREL1	0.35652107
ARF1	-0.21406445
ARF3	0.31408304
ARF4	0.7361634
ARF5	0.4849402
ARF6	-0.17045052
ARFGAP1	0.82189095
ARFGAP2	0.10483365
ARFGAP3	-0.08833718
ARFGEF1	-0.52847224
ARFGEF2	-0.010609299
ARFIP1	-0.61750937
ARFIP2	-0.18080038
ARFRP1	0.3680377
ARG1	-1.051976
ARG2	-2.02649
ARGLU1	-0.047759116
ARHGAP1	1.3455677
ARHGAP10	-0.07719594
ARHGAP11A	0.60924184
ARHGAP12	-0.3318698
ARHGAP15	0.6124251
ARHGAP17	0.89266634
ARHGAP19	-0.7680629
ARHGAP22	0.28786248
ARHGAP24	-1.3218532
ARHGAP25	0.6894824
ARHGAP26	0.42480713
ARHGAP28	0.0933779
ARHGAP29	0.10294336
ARHGAP32	-1.297457
ARHGAP33	-0.57987475
ARHGAP35	-0.1311341
ARHGAP4	1.2482245
ARHGAP44	0.5121881
ARHGAP45	1.7863086
ARHGAP5	-0.9079176
ARHGAP6	0.07225748
ARHGDIA	0.959508
ARHGDIB	0.9606588
ARHGDIG	0.181037
ARHGEF1	0.38850346
ARHGEF10	0.10905659
ARHGEF10L	0.28876418
ARHGEF11	0.5061173
ARHGEF12	0.0475927
ARHGEF15	2.3839793
ARHGEF16	-0.9435337
ARHGEF17	0.4677213
ARHGEF18	-0.23081166
ARHGEF2	1.0355496
ARHGEF28	-1.3495593
ARHGEF3	0.33414465
ARHGEF38	-0.80833733
ARHGEF4	-0.1147688
ARHGEF40	0.52167034
ARHGEF5	-0.46184072
ARHGEF6	1.1664088
ARHGEF7	0.1954223
ARHGEF9	-0.26091725
ARID1A	0.36468473
ARID3A	0.7696059
ARID4A	-0.43256566
ARID4B	-0.5735935
ARID5A	0.476241
ARID5B	-1.445862
ARIH1	0.066132054
ARIH2	-0.5057574
ARK2N	0.17925528
ARL1	-0.10864535
ARL14	-0.28130546
ARL15	-0.28279924
ARL2	-0.09285055
ARL2BP	-0.4152941
ARL3	-0.7390746
ARL4C	1.1229653
ARL4D	-0.13423674
ARL5A	-0.09717091
ARL6IP1	0.14324723
ARL6IP4	0.31380284
ARL6IP5	0.7898774
ARL8B	-0.115901545
ARMC1	-0.18860155
ARMC6	0.33892047
ARMC7	0.5527378
ARMC8	-0.44979966
ARMC9	0.9023265
ARMCX1	0.018737525
ARMCX2	-0.24996482
ARMCX3	0.4673195
ARMCX5	-0.23428646
ARMH3	0.022017352
ARNT	-0.124437585
ARNT2	-0.14081882
ARPC1A	0.31027174
ARPC1B	2.2568169
ARPC2	2.234136
ARPC4	0.5880418
ARPC5	0.8956405
ARPC5L	0.49519137
ARPP19	0.40103203
ARPP21	-0.17694841
ARR3	-0.44053358
ARRB1	0.7736978
ARRB2	0.93852365
ARSA	0.45246103
ARSB	-0.100369304
ARSD	-0.10022135
ARSF	-0.8631662
ARSJ	-0.036537096
ARSL	-0.90649045
ART1	-0.67744046
ART3	-0.2116487
ART4	-0.62190384
ARTN	-0.2189402
ARVCF	0.17646834
ASAH1	-0.010503881
ASAP1	1.3938527
ASAP1-IT1	-0.21015756
ASAP2	1.1461811
ASAP3	-0.13483688
ASB1	-0.043907315
ASB13	-0.55382925
ASB4	-0.52397156
ASB6	0.91841364
ASB7	-0.047400426
ASB8	-0.5196901
ASB9	-0.5689929
ASCC1	-0.21112694
ASCC2	0.07035732
ASCC3	0.5311761
ASCL1	-0.5428462
ASCL2	0.6485
ASCL3	-0.99150205
ASF1A	0.07051043
ASF1B	0.5055491
ASGR1	0.81689763
ASGR2	-0.16578956
ASH1L	-0.36692062
ASH2L	0.23445675
ASIC1	-0.4304075
ASIC2	0.034852106
ASIC3	-0.55206966
ASIC4	-0.2926854
ASIP	-0.26756614
ASL	-0.3332879
ASNS	0.25996506
ASNSD1	0.19828895
ASPA	-0.98444605
ASPH	-1.2617179
ASPHD1	1.0535662
ASPM	0.5834332
ASPN	0.3900351
ASPSCR1	0.05916907
ASRGL1	-0.46157888
ASS1	-1.2148649
ASTE1	0.028302267
ASTN1	0.055912644
ASTN2	-0.20117907
ASXL1	-0.5131788
ASXL2	0.06767663
ATAD2	-0.11496408
ATAD2B	-0.020241829
ATAD3A	0.44874007
ATAD5	-0.2782428
ATAT1	-0.42236608
ATF2	-0.7296095
ATF3	-1.9121895
ATF5	0.7197848
ATF6	-0.1534464
ATF6B	0.437366
ATF7	0.15713394
ATF7IP	0.62194693
ATF7IP2	0.015806317
ATG101	0.6282854
ATG12	0.19822952
ATG13	0.36470008
ATG14	-0.19774556
ATG2A	0.226379
ATG2B	-0.15721019
ATG3	0.6420824
ATG4A	0.78863794
ATG4B	0.5183849
ATG5	0.017850325
ATG7	0.374817
ATG9A	0.7784349
ATIC	0.22627294
ATM	-0.31239545
ATMIN	-0.27908644
ATN1	0.42723927
ATOH1	-0.14074522
ATOSB	0.17538044
ATOX1	0.103089765
ATP10A	0.23160616
ATP10B	-0.75275576
ATP10D	-0.8006401
ATP11A	0.15602997
ATP11B	-0.5547278
ATP12A	-0.89395875
ATP13A1	1.5957855
ATP13A2	1.156775
ATP1A1	-0.2245366
ATP1A2	0.9389614
ATP1A3	0.21753901
ATP1B1	-0.8763325
ATP1B2	0.47106564
ATP1B3	0.87769353
ATP1B4	-0.16257386
ATP2A1	0.2064705
ATP2A2	0.90425485
ATP2A3	1.0691565
ATP2B1	0.24594513
ATP2B2	-0.5387513
ATP2B3	-0.43986046
ATP2B4	0.8199265
ATP2C1	0.08024709
ATP2C2	-0.51803
ATP4A	-0.021412611
ATP4B	-0.11907032
ATP5F1A	-0.73204374
ATP5F1B	-0.77157915
ATP5F1C	-0.69741666
ATP5F1D	0.4363351
ATP5F1E	0.8575586
ATP5IF1	-0.43593067
ATP5MC1	0.13265187
ATP5MC2	-0.14565852
ATP5MC3	-0.5724048
ATP5ME	0.2504521
ATP5MF	0.5732058
ATP5MG	-0.7219791
ATP5MJ	0.024574587
ATP5PB	-0.3338709
ATP5PD	-0.4647713
ATP5PF	-0.44852254
ATP5PO	-0.1198184
ATP6AP1	0.8529259
ATP6AP2	0.10144911
ATP6V0A1	-0.3422773
ATP6V0A2	0.9075038
ATP6V0A4	-1.0448465
ATP6V0B	0.67930067
ATP6V0C	0.5340529
ATP6V0D1	0.8888328
ATP6V0E1	0.5385485
ATP6V0E2	-0.31338337
ATP6V1A	-0.7342547
ATP6V1B1	-0.67589426
ATP6V1B2	-0.2843244
ATP6V1C1	-0.67139965
ATP6V1D	-0.2697795
ATP6V1E1	-0.16857922
ATP6V1F	-0.44938365
ATP6V1G1	-0.68568516
ATP6V1G2	-0.35828727
ATP6V1H	-0.38280457
ATP7A	0.11408796
ATP7B	-0.28765714
ATP8A1	-0.70403004
ATP8A2	0.9831958
ATP8B2	0.66613996
ATP8B3	0.12048882
ATP8B4	0.51016927
ATP9A	0.14342359
ATP9B	0.08034967
ATPAF2	0.4620354
ATR	0.33610818
ATRAID	0.12851167
ATRN	0.0022749156
ATRNL1	0.613063
ATRX	-0.24257438
ATXN1	0.42746225
ATXN10	-0.6380649
ATXN2	-0.2979857
ATXN2L	0.16325246
ATXN3	0.98535013
ATXN3L	0.041948393
ATXN7	-0.63157886
ATXN7L1	-0.48882923
ATXN8OS	-0.6581305
AUH	-1.1894542
AUNIP	0.077161826
AUP1	1.1363147
AURKA	1.1148517
AURKAIP1	0.26832584
AURKB	0.8167003
AURKC	-0.62858796
AUTS2	-0.5504556
AVEN	0.4583949
AVIL	0.19222626
AVL9	-0.03280896
AVP	-0.2861476
AVPI1	-1.4117944
AVPR1A	-0.15012069
AVPR1B	-0.42378193
AVPR2	0.064984545
AXIN1	-0.63009024
AXL	1.1620296
AZGP1	-1.4017091
AZGP1P1	-0.60920125
AZI2	-0.5095363
AZIN1	-0.102733314
AZU1	-0.064109325
B2M	0.1579688
B3GALNT1	-0.0516975
B3GALT1	-0.6134124
B3GALT2	-0.59606993
B3GALT4	0.6088117
B3GALT5	-0.17363337
B3GAT1	-0.08903688
B3GAT3	0.55652404
B3GNT2	0.27007675
B3GNT3	-0.508459
B3GNT4	-0.34995353
B4GALNT1	0.2854186
B4GALT1	-0.2559468
B4GALT2	-0.14905305
B4GALT3	0.16000596
B4GALT4	-0.3355794
B4GALT5	1.2515155
B4GALT6	0.08917466
B4GALT7	0.8159987
B4GAT1	-0.059610486
B9D1	-0.41806203
B9D2	0.3578812
BAALC	0.23297898
BAAT	-0.64267194
BABAM1	1.0054797
BABAM2	-0.28502405
BACE1	-0.4153895
BACE2	0.38014695
BACH1	-0.13442706
BACH2	-0.14647353
BAD	0.12853435
BAG1	-0.1774525
BAG2	0.99018437
BAG3	-0.9914909
BAG4	0.68669355
BAG5	-0.7283234
BAG6	0.96591705
BAHCC1	0.25002408
BAHD1	0.29269305
BAIAP2	-1.211476
BAIAP3	-0.14753628
BAK1	1.0640925
BAMBI	1.4327176
BANF1	0.20648813
BANK1	-0.79895455
BANP	0.8813117
BAP1	0.16799816
BARD1	0.009550869
BARX1	-0.10734883
BARX2	0.045829587
BASP1	0.53044856
BATF	0.13167521
BATF3	0.09438825
BAX	0.9161584
BAZ1A	0.668187
BAZ1B	0.026647516
BAZ2A	-0.023278058
BAZ2B	-0.75728834
BBC3	0.08389512
BBLN	0.9117993
BBOF1	-0.7431656
BBOX1	-1.0956441
BBS1	-0.946922
BBS10	0.24704018
BBS4	-0.23719208
BBS7	0.33068043
BBS9	-0.013727851
BCAM	-0.24091963
BCAN	-0.64363086
BCAP29	0.7734963
BCAP31	0.81859195
BCAR3	-0.41534358
BCAS1	-0.33036256
BCAS2	-0.37809393
BCAS3	-0.8719161
BCAS4	0.1925661
BCAT1	1.0055056
BCAT2	0.69901115
BCCIP	-0.18140788
BCHE	-0.42329004
BCKDHA	-0.13578129
BCKDHB	-0.40720856
BCKDK	0.19577798
BCL10	0.09174174
BCL11A	0.2832979
BCL11B	0.7709353
BCL2	-0.9381727
BCL2A1	0.9103823
BCL2L1	-0.35408264
BCL2L10	-0.75361025
BCL2L11	-0.52632344
BCL2L13	-1.7306303
BCL2L14	-0.7560022
BCL2L2	0.109791085
BCL3	0.74257904
BCL6	0.17633145
BCL7A	-0.49129575
BCL7B	0.28909796
BCL7C	0.6411196
BCL9	-0.25762364
BCLAF1	-0.6174205
BCO1	-0.5818218
BCOR	-0.019653752
BCORL1	-0.13950661
BCR	0.33732343
BCS1L	0.32829797
BDH1	-0.97877276
BDH2	-1.2548633
BDKRB1	-0.63645726
BDKRB2	0.031486697
BDNF	0.82234037
BECN1	0.2379445
BEGAIN	0.29239947
BEND5	-0.091983914
BEST1	0.15962037
BEST2	-0.48444986
BET1	0.4778444
BET1L	0.82543284
BEX1	-0.27028728
BEX3	-0.45184195
BEX4	-0.8359268
BFAR	0.35514158
BFSP1	1.044075
BFSP2	-0.13748652
BGLAP	0.73079944
BGN	1.9763085
BHLHE40	-1.5990655
BHLHE41	0.09709493
BHMT	-0.9978198
BHMT2	-1.3753492
BICC1	-0.3293931
BICD1	-0.18874767
BICD2	0.87190604
BICRA	0.16179849
BICRAL	-0.23192447
BID	1.0085344
BIK	-0.5346815
BIN1	-1.0590718
BIN2	0.9664113
BIN3	0.1885986
BIN3-IT1	-0.15737179
BIRC2	-0.45103312
BIRC3	-0.2520911
BIRC5	1.2077899
BIRC7	0.10119042
BLCAP	0.10627122
BLK	0.5835005
BLM	0.014021343
BLMH	0.20551871
BLNK	0.0657852
BLOC1S1	0.4222461
BLTP1	-1.2084577
BLTP2	0.8004669
BLTP3B	-0.9527634
BLVRA	0.3347253
BLVRB	-0.37694493
BMAL1	-0.050915107
BMAL2	0.96839446
BMERB1	0.163298
BMI1	0.6714579
BMP1	0.57195723
BMP10	-0.4685038
BMP15	-0.46752885
BMP2	1.3732145
BMP2K	0.2800195
BMP3	-0.10745746
BMP4	0.3475141
BMP5	-0.79429215
BMP6	0.31896564
BMP7	-0.9002659
BMP8A	-0.4774134
BMP8B	-0.5458571
BMPR1A	-1.1862624
BMPR1B	-0.90791935
BMPR2	0.78390795
BMS1	0.7587687
BMX	-0.633759
BNC1	-0.59440875
BNC2	-0.6846917
BNIP1	0.5550685
BNIP2	-0.25543272
BNIP3	-0.77924335
BNIP3L	-0.9809382
BOLA1	0.6177829
BORA	0.65340734
BORCS6	0.22796124
BORCS8-MEF2B	-0.47433388
BPGM	0.46355343
BPHL	-1.1751542
BPI	-0.46878654
BPIFA1	-0.39705297
BPNT2	0.30590063
BPTF	-0.17880623
BRAF	-0.42236936
BRAP	0.70802045
BRCA1	0.6070676
BRCA2	0.3882693
BRCC3	0.100859165
BRD1	0.12091504
BRD2	0.5474179
BRD3	0.7754926
BRD3OS	0.19705047
BRD4	0.61486864
BRD7	-0.067039534
BRD7P3	-1.112488
BRD8	0.074107975
BRD9	0.15465906
BRDT	-0.21242389
BRF1	-0.171937
BRF2	0.60775566
BRINP1	-0.71730345
BRINP2	-0.4981444
BRINP3	0.22423933
BRIP1	0.07578636
BRIX1	-0.20599045
BRME1	-0.4911285
BRMS1	0.589155
BRPF1	0.64586
BRSK2	-0.10444208
BRWD1	-0.22461551
BSCL2	-0.28206298
BSDC1	0.35042456
BSG	0.44129702
BSN	-0.46691275
BSPRY	-0.41787103
BST1	-1.0460081
BST2	1.3694026
BTAF1	0.12414245
BTBD1	0.11609521
BTBD2	-0.032136794
BTBD3	0.19090092
BTBD7	0.7937296
BTC	-0.774171
BTD	0.020435005
BTF3	0.5731795
BTG1	0.10497583
BTG2	-1.9113431
BTG3	-0.9341138
BTG4	-0.16523197
BTK	0.94170666
BTN1A1	-0.5369722
BTN2A1	0.683183
BTN2A2	1.2923839
BTN2A3P	-0.31056526
BTN3A1	0.8095759
BTN3A2	0.6341529
BTN3A3	1.2728585
BTNL2	-0.52958274
BTNL3	-0.24623713
BTNL8	-0.059857532
BTRC	-0.37700838
BUB1	0.35578865
BUB1B	0.94849724
BUB3	0.17776614
BUD23	0.123137586
BUD31	0.8534158
BYSL	0.3616683
BZW2	0.958641
C10orf88	-0.26763684
C10orf95	-0.2722655
C11orf16	-0.33803126
C11orf24	1.3442822
C11orf58	-0.66849756
C11orf68	0.8707968
C11orf71	-0.7849031
C12orf43	0.5044594
C14orf132	-0.072608694
C14orf93	0.54854345
C17orf75	-0.09381883
C19orf53	0.2865041
C19orf73	-0.3779062
C1D	0.021690935
C1GALT1	-0.5992848
C1GALT1C1	0.7867069
C1QA	1.4007392
C1QB	1.1732664
C1QBP	0.034574546
C1QL1	0.26462334
C1QTNF1	0.11579696
C1QTNF3	0.2164018
C1R	1.0626229
C1RL	0.17052516
C1S	0.40328586
C1orf105	-0.7630301
C1orf115	0.0005130917
C1orf116	0.1442391
C1orf159	0.47680014
C1orf174	0.6334438
C1orf21	-1.2128173
C1orf216	0.87025034
C1orf35	0.6254775
C1orf50	0.7753908
C1orf54	1.0105071
C1orf56	0.35429803
C2	0.67418563
C21orf91	-0.25830883
C22orf31	-0.43182248
C22orf46P	-0.3879891
C2CD2	1.1635529
C2CD2L	0.904083
C2CD5	-0.77891505
C2orf42	0.2422772
C2orf72	-0.7414008
C3	0.9098222
C3AR1	1.677404
C3orf18	-0.23372139
C3orf36	-0.22883372
C3orf52	-0.38126302
C4BPA	-0.2470144
C4BPB	-0.2393436
C5	-0.97387743
C5AR1	0.78326726
C5AR2	0.34236693
C5orf15	0.34461755
C6	-0.6305244
C6orf120	-0.02897912
C6orf15	-0.5411501
C6orf47	1.3420911
C6orf62	0.23360984
C7	-0.016638756
C7orf25	0.26743406
C8A	-0.114136145
C8B	-0.38365468
C8G	0.35976693
C8orf33	0.71660733
C8orf44	-0.13993119
C9orf40	0.22789602
C9orf78	0.017094895
CA1	-0.3466465
CA10	-0.6447759
CA11	0.06501429
CA12	-0.8627113
CA14	-0.7111654
CA2	-1.0408792
CA3	-0.5335098
CA4	-0.74201345
CA5A	0.09097371
CA5B	-0.6582273
CA6	-0.34447843
CA7	-0.31305757
CA8	-0.15494975
CA9	-0.5886655
CAAP1	-0.4846465
CAB39	-0.16963722
CAB39L	-0.861868
CABIN1	0.3660246
CABP1	-0.39579195
CABP2	0.2753073
CABP5	-0.48601085
CABYR	0.29116008
CACFD1	0.28737044
CACNA1A	0.8829991
CACNA1B	0.31118354
CACNA1C	0.5938999
CACNA1D	-0.51182705
CACNA1E	-0.9818072
CACNA1F	-0.39111403
CACNA1G	-0.054981064
CACNA1H	-0.43709195
CACNA1I	-0.66649294
CACNA1S	-0.021643408
CACNA2D1	-0.5778128
CACNA2D2	-0.26551867
CACNA2D3	0.51403093
CACNB1	0.032704175
CACNB2	-0.9677435
CACNB3	1.0663023
CACNB4	-0.4410391
CACNG1	-0.23296233
CACNG2	-0.40741262
CACNG3	-0.5584365
CACNG4	-0.30959985
CACNG5	-0.5384326
CACTIN	-0.19761193
CACYBP	-0.115194574
CAD	0.33455038
CADM1	-0.09094154
CADM3	0.043263495
CADM4	-0.21537788
CADPS	-0.6191237
CADPS2	0.019675314
CALB1	-1.2334921
CALB2	-0.38130343
CALCA	-0.66629565
CALCB	0.09772752
CALCOCO1	-0.031001754
CALCOCO2	0.025554623
CALCR	-0.052042015
CALCRL	0.32774568
CALD1	0.6442119
CALHM2	2.531358
CALM1	1.2565062
CALM2	-0.61776865
CALM3	0.9528089
CALML3	-1.2395602
CALML4	-1.0680403
CALML5	0.14092007
CALR	0.48641267
CALU	1.1945646
CALY	0.3153582
CAMK1	1.4151535
CAMK1D	0.59641457
CAMK1G	0.14939302
CAMK2A	0.30753517
CAMK2B	0.22102423
CAMK2G	-0.75695735
CAMK4	-0.1336591
CAMKK2	0.9710505
CAMKMT	-0.5126893
CAMKV	-0.4621394
CAMLG	0.23189807
CAMP	-0.16742207
CAMSAP1	0.062495545
CAMSAP2	-0.31756085
CAMTA1	-0.26045215
CAMTA2	1.2870028
CAND1	-0.29813018
CAND2	0.70361805
CANT1	0.6938931
CANX	-0.057827532
CAP1	1.2446854
CAP2	0.12055112
CAPG	0.5052465
CAPN1	0.9273916
CAPN10	0.21518704
CAPN11	-0.4036156
CAPN15	0.5295849
CAPN2	-0.061133906
CAPN3	-0.4867433
CAPN5	-0.08954296
CAPN6	0.20813751
CAPN7	-1.0869619
CAPN9	-0.36784866
CAPNS1	0.9780018
CAPRIN1	-0.2613652
CAPRIN2	-0.008872002
CAPZA1	1.1684684
CAPZA2	-0.14970808
CAPZB	0.953765
CARD10	0.6853236
CARD14	-0.3612897
CARD8	1.0956008
CARD9	0.6323724
CARF	-0.6164404
CARHSP1	1.075668
CARM1	0.91629
CARMIL1	0.09419736
CARS1	0.34844223
CARS2	0.47303757
CARTPT	-0.12710531
CASC3	0.51150995
CASD1	-0.16525282
CASK	-0.52921796
CASKIN2	1.2850444
CASP1	1.5263509
CASP10	0.6000834
CASP2	0.7406415
CASP3	0.3898989
CASP4	0.9538582
CASP5	0.33594713
CASP6	0.1542294
CASP7	0.6647175
CASP8	0.87365204
CASP8AP2	-0.22257021
CASP9	-0.3363757
CASQ1	-0.21266563
CASQ2	-0.21620335
CASR	-0.56698424
CASS4	-0.08651723
CAST	-0.21901456
CASZ1	-0.16447836
CAT	-0.66033834
CATSPERB	-0.42457962
CATSPERG	-0.44316053
CAV1	0.24189356
CAV2	0.7364365
CAV3	-0.51980466
CAVIN1	1.6924319
CAVIN2	-0.9032248
CAVIN3	1.7983313
CBFA2T2	-0.7157742
CBFA2T3	0.4328522
CBFB	0.46101314
CBL	0.90970075
CBLB	-0.77805716
CBLC	-0.4585891
CBLIF	-0.12862
CBLL1	0.2791641
CBLN1	0.2287644
CBR1	-0.12299737
CBR3	2.1970499
CBR4	-0.58286804
CBS	-0.21453488
CBX1	0.4285233
CBX2	0.14552811
CBX3	0.22134067
CBX4	1.2927829
CBX5	0.37052888
CBX6	1.0476483
CBX7	0.21901876
CBX8	0.0008523762
CBY1	-0.2541863
CC2D1A	0.5993324
CCDC102B	-0.01879935
CCDC106	-0.013917131
CCDC121	-0.07774796
CCDC134	0.0028307885
CCDC15	-0.41759896
CCDC170	-0.3728967
CCDC177	-0.71992743
CCDC181	-0.5323022
CCDC186	-1.0711383
CCDC198	-0.6063951
CCDC22	0.9092547
CCDC25	-0.26074356
CCDC28A	-0.11173386
CCDC28B	-0.15853842
CCDC33	-0.063884854
CCDC40	0.3767311
CCDC47	0.011202082
CCDC51	0.66131014
CCDC59	-0.29810303
CCDC6	-0.78205955
CCDC68	0.0112303505
CCDC69	1.3819141
CCDC7	-1.093189
CCDC70	-0.11162406
CCDC81	-0.29031104
CCDC85B	1.6592659
CCDC86	0.3230365
CCDC87	-0.014973417
CCDC88A	0.17516086
CCDC9	-0.3461575
CCDC90B	0.23475721
CCDC91	-1.4309474
CCDC92	0.5925012
CCDC93	-0.08442678
CCHCR1	0.6658365
CCIN	-0.025177235
CCK	0.21598761
CCKAR	-0.5671363
CCKBR	-0.5836812
CCL1	-0.6159033
CCL11	0.17600295
CCL13	0.7541957
CCL14	-0.014792969
CCL15	-0.30188793
CCL16	-0.5597972
CCL17	-0.069403134
CCL18	0.7411239
CCL19	0.4252985
CCL2	0.25837904
CCL20	0.3783382
CCL21	0.283004
CCL22	0.021359276
CCL23	-0.08451648
CCL24	0.0077705383
CCL25	-0.55252755
CCL27	0.1540452
CCL4	1.1470507
CCL5	1.1889644
CCL7	0.18563727
CCL8	0.98901325
CCN1	-0.94545424
CCN2	-0.023946919
CCN3	-0.9123602
CCN4	0.7021493
CCN5	-0.27777365
CCN6	-0.23350863
CCNA1	-0.0873844
CCNA2	0.41885898
CCNB1	0.75814134
CCNB1IP1	-0.98911166
CCNB2	0.669889
CCNC	-0.22478563
CCND1	2.3025837
CCND2	0.5835078
CCND3	0.700642
CCNE1	0.52272916
CCNE2	0.6053456
CCNF	0.26457223
CCNG1	-1.0047275
CCNG2	-0.15734139
CCNH	-0.39091438
CCNI	-0.012693137
CCNJ	0.095663674
CCNJL	-0.11483299
CCNK	0.58117604
CCNL1	-1.6039764
CCNL2	0.3448493
CCNO	0.1643252
CCNP	-0.2789775
CCNT1	-0.68594074
CCNT2	-0.07668478
CCP110	-0.36888945
CCPG1	0.15882128
CCR1	1.1303424
CCR10	0.5279551
CCR2	1.068752
CCR3	-0.254149
CCR4	-0.33890325
CCR5	0.9546424
CCR6	0.10666549
CCR7	0.15281332
CCR8	-0.33800584
CCR9	-0.28815073
CCRL2	1.4563141
CCS	-0.3134947
CCSER2	-0.3211819
CCT2	-0.046945423
CCT3	0.90112925
CCT4	0.7610308
CCT5	0.06443563
CCT6A	0.86840886
CCT6B	-0.79862595
CCT7	0.83696735
CCT8	1.0447023
CCT8L2	-0.3269773
CD101	-0.3267912
CD14	1.6920048
CD151	1.4243622
CD160	0.380737
CD163	0.4743665
CD164	-0.89424133
CD177	-0.604001
CD180	1.0673176
CD19	0.16224392
CD1A	-0.0679916
CD1B	0.4392694
CD1C	0.28921655
CD1D	1.0064857
CD1E	0.104634985
CD2	0.695617
CD200	-0.19563484
CD207	-0.19569537
CD209	0.40939802
CD22	0.15952551
CD226	0.21223478
CD244	0.57088995
CD247	1.0192513
CD248	1.786062
CD27	0.4068662
CD28	0.61726516
CD2AP	0.079655334
CD2BP2	1.1122301
CD300A	1.337064
CD300C	0.7829619
CD302	0.6299834
CD320	0.26317194
CD33	0.40822908
CD34	1.5922538
CD36	1.2457249
CD37	0.8753663
CD38	0.693444
CD3D	0.8953022
CD3E	-0.078286424
CD3G	0.038213853
CD4	1.423559
CD40	0.8656368
CD40LG	-0.783743
CD44	1.798283
CD46	-0.5372872
CD47	0.58590484
CD48	1.615772
CD5	-0.36068
CD52	1.5705707
CD53	1.491174
CD55	0.55575746
CD58	1.1189873
CD59	0.08379421
CD5L	0.15750858
CD6	-0.056130305
CD63	0.8296741
CD68	0.6235793
CD69	-1.3409941
CD7	-0.053163707
CD70	0.05966613
CD72	0.4148321
CD74	1.1141973
CD79A	0.1311872
CD79B	1.4063991
CD80	0.66141796
CD81	1.0965
CD82	0.0104066655
CD83	-0.16425905
CD84	0.8348031
CD86	1.4080507
CD8A	0.64780635
CD8B	0.2653806
CD9	0.15206292
CD93	1.2332543
CD96	0.4108016
CDA	-0.14506522
CDADC1	-0.6313969
CDC123	1.0084138
CDC14A	-0.2942024
CDC14B	-0.5329656
CDC16	-0.22682115
CDC20	0.68866915
CDC23	0.05304612
CDC25A	-0.22562744
CDC25B	1.1585959
CDC25C	0.22139812
CDC27	0.39087647
CDC34	0.8031386
CDC37	1.3470461
CDC37L1	-0.964173
CDC40	0.015022695
CDC42	-0.04901194
CDC42BPA	0.2346035
CDC42BPB	1.3045185
CDC42EP1	1.2893697
CDC42EP2	-0.18951403
CDC42EP3	0.11638056
CDC42EP4	-0.9611038
CDC42SE1	1.0521368
CDC45	0.26183665
CDC50A	0.20656493
CDC50B	-0.67216027
CDC5L	-0.26549453
CDC6	0.6065851
CDC7	-0.018465243
CDC73	0.25097016
CDCA3	0.31493175
CDCA4	0.6970618
CDCA8	0.29936692
CDCP1	0.37132162
CDH1	-0.6680312
CDH10	-0.5710713
CDH11	1.1794105
CDH12	0.3350483
CDH13	0.24800517
CDH15	-0.3927127
CDH16	-1.0031459
CDH17	-0.1469766
CDH18	-0.5191401
CDH19	0.10334542
CDH2	0.07943167
CDH20	-0.23578776
CDH22	0.1821884
CDH3	0.34406713
CDH4	0.4313951
CDH5	1.301647
CDH6	0.15303846
CDH7	-0.1563091
CDH8	-0.4100983
CDH9	-1.2854681
CDHR1	-0.2774462
CDHR2	-1.1051573
CDHR5	-1.2739233
CDIP1	0.006826639
CDIPT	1.0800713
CDK1	0.936507
CDK10	0.5335671
CDK11A	-0.49217096
CDK12	0.44227058
CDK13	0.036709204
CDK14	-1.3586986
CDK16	0.9224833
CDK17	-0.36163834
CDK18	-0.5669918
CDK19	-0.20589551
CDK2	0.4781891
CDK20	-0.638212
CDK2AP1	1.3490758
CDK2AP2	1.0094172
CDK3	0.015134998
CDK4	0.58176875
CDK5	0.68937296
CDK5R1	0.028571963
CDK5R2	0.07912105
CDK5RAP1	0.35068738
CDK5RAP2	-0.29276553
CDK5RAP3	0.16133201
CDK6	0.81101215
CDK7	0.14975193
CDK9	-0.16273348
CDKAL1	-0.7687634
CDKL1	-0.83283055
CDKL2	-1.2739233
CDKL3	-0.54504097
CDKL5	-0.15541719
CDKN1A	-0.8124467
CDKN1B	-0.06544429
CDKN1C	0.1240573
CDKN2A	0.22565693
CDKN2AIP	-1.0392675
CDKN2B	0.5452416
CDKN2C	1.2087775
CDKN2D	0.35444304
CDKN3	0.8275802
CDO1	1.2523053
CDON	0.9376081
CDR1	-0.13117507
CDR2	0.0065209568
CDR2L	2.060849
CDS1	-0.7732772
CDS2	0.30633095
CDSN	-0.32051665
CDT1	0.4472869
CDV3	-0.29848626
CDX1	-0.1964528
CDX2	-0.37953466
CDX4	-0.4202437
CDYL	-0.61220205
CEACAM1	0.36476737
CEACAM21	0.25653
CEACAM3	-0.23256789
CEACAM4	-0.024351466
CEACAM5	-0.06842815
CEACAM6	-0.033501133
CEACAM7	-0.1937383
CEACAM8	-0.008239783
CEBPA	2.086502
CEBPB	-1.1463755
CEBPD	-1.9947574
CEBPE	-0.19907153
CEBPG	0.3012183
CEBPZ	-0.5574218
CEL	-0.59405375
CELA2A	0.2507053
CELA2B	-0.06829516
CELA3A	0.08371662
CELA3B	-0.43970942
CELF1	0.19241399
CELF2	0.8155254
CELF3	-0.71238625
CELP	-0.57643425
CELSR1	-0.9316511
CELSR2	0.32713726
CELSR3	-0.70807993
CEMIP	0.6573307
CEMIP2	-1.3384255
CEND1	-0.13108337
CENPA	0.39308226
CENPB	1.0830085
CENPBD2P	0.15606873
CENPC	-0.67808956
CENPE	0.51136863
CENPF	0.919734
CENPI	-0.062014885
CENPM	0.9729234
CENPN	0.363231
CENPO	0.23657027
CENPQ	0.22156392
CENPS	-0.93643475
CENPT	0.361202
CENPU	0.89439654
CENPX	0.36352935
CEP104	-0.3723652
CEP112	-0.69073147
CEP131	0.77098393
CEP135	0.2845537
CEP15	0.51650774
CEP152	0.0796504
CEP162	-0.26373497
CEP164	0.37589735
CEP170	0.42051828
CEP170B	0.37443054
CEP192	-0.4686244
CEP250	-0.2037873
CEP290	-0.44463408
CEP350	-0.12362726
CEP43	-0.48395243
CEP55	0.9058516
CEP57	-0.12742285
CEP63	-0.09558678
CEP68	0.29278103
CEP70	-1.0195372
CEP72	-0.3773657
CEP76	0.39481673
CEP83	0.17905915
CEP85	-0.5767714
CEPT1	0.15102983
CER1	-0.74829936
CERK	-0.1883385
CERS2	-0.18216707
CERS4	0.06493673
CERS6	-0.7229728
CERT1	0.28625113
CES1P1	0.3052618
CES2	-1.1243975
CETN1	-0.4793424
CETN2	-0.42092744
CETN3	-0.011668071
CETP	0.43718588
CFAP20	-0.58714306
CFAP298	-0.4655858
CFAP410	0.15291509
CFAP43	-0.6823974
CFAP45	-0.5969415
CFAP46	0.046100594
CFAP68	-0.65186894
CFAP69	-1.1670508
CFAP74	-0.43880385
CFB	0.8555748
CFD	1.4590702
CFDP1	0.07258225
CFH	0.34657526
CFHR2	0.18259983
CFHR5	-0.21505198
CFI	-0.77099323
CFL1	0.65226626
CFLAR	0.260919
CFP	1.0284183
CFTR	-0.07005274
CGA	-0.57278967
CGGBP1	-0.1319345
CGREF1	-0.34603062
CGRRF1	-0.12233953
CH25H	0.47650626
CHAC1	-0.3561414
CHAD	-0.39294264
CHAF1A	0.08338039
CHAF1B	0.051148094
CHAT	-0.04968661
CHCHD2	-0.32895878
CHCHD3	-0.55814326
CHCHD7	0.08723604
CHD1	-0.85777223
CHD1L	-0.29639727
CHD2	-0.4981719
CHD3	1.0329088
CHD4	-0.1519566
CHD5	-0.6462988
CHD7	-0.7619482
CHD8	0.22660437
CHD9	-0.8096428
CHEK1	0.67282164
CHEK2	0.32848826
CHERP	-0.022390515
CHFR	0.61490923
CHGA	0.57256126
CHGB	-1.0257204
CHI3L1	-0.6220627
CHI3L2	0.34600133
CHIA	-0.15234438
CHIC2	-0.72152716
CHIT1	0.6521665
CHKA	-0.90134984
CHKB	0.31702232
CHL1	-0.515797
CHM	-0.074130446
CHML	-0.31726
CHMP1A	0.92219347
CHMP1B	-0.41813296
CHMP2A	0.49370468
CHMP2B	-0.59045684
CHMP3	0.06636718
CHMP4A	0.6314547
CHMP5	-0.1848776
CHMP6	0.5533243
CHMP7	0.27547255
CHN1	0.54039264
CHN2	-0.7885982
CHODL	0.4999429
CHORDC1	-0.10508956
CHP1	-0.02048244
CHP2	-1.030659
CHPF	0.27122974
CHPF2	1.4038463
CHPT1	-0.79130876
CHRD	-0.106252946
CHRM2	-0.7158082
CHRM4	-0.21366346
CHRM5	-0.68450356
CHRNA1	-0.21245076
CHRNA10	0.15806556
CHRNA2	-0.017809048
CHRNA3	-0.66803086
CHRNA4	-0.13116218
CHRNA5	-0.12693664
CHRNA6	-0.03460647
CHRNA9	-0.26096943
CHRNB1	0.12940851
CHRNB2	-0.31613207
CHRNB3	-0.2821136
CHRNB4	0.010528345
CHRND	-0.33569595
CHRNE	-0.092784986
CHRNG	-0.16103785
CHST1	-0.33317825
CHST10	-0.41881555
CHST11	0.6973089
CHST12	0.33585733
CHST15	0.9760586
CHST2	0.12961805
CHST3	0.58073187
CHST4	-0.3818243
CHST5	-0.873891
CHST7	0.7927881
CHST8	-0.40302446
CHSY1	-0.18417078
CHTOP	0.49058717
CHUK	-0.41461673
CIAO1	0.40219054
CIAO2B	0.19496591
CIAO3	0.2549076
CIAPIN1	1.0798178
CIB1	0.13147603
CIB2	0.30880824
CIC	0.49087209
CIDEA	-0.8411716
CIDEB	-0.53131545
CIDEC	-0.44613135
CIITA	0.0009170752
CILK1	-0.1765494
CILP	0.53251827
CINP	1.6200686
CIRBP	-0.43446296
CIRSR	0.05854085
CISD1	-0.7666931
CISH	-2.1934102
CIT	-0.2077846
CITED1	-0.25481376
CITED2	-0.91709614
CIZ1	0.9606062
CKAP2	0.4179684
CKAP4	0.37371734
CKAP5	0.038029917
CKB	-0.25068069
CKLF	1.0569311
CKM	-0.28794512
CKMT2	-0.70973206
CKS2	0.012226701
CLASP1	-0.49242166
CLASP2	-0.67850876
CLASRP	0.3961691
CLBA1	-0.53881836
CLC	0.096346065
CLCA1	-0.59113055
CLCA2	-0.4033239
CLCA3P	-0.3675303
CLCA4	0.393178
CLCC1	0.9795079
CLCF1	-0.84391403
CLCN1	-0.33601454
CLCN2	0.027951479
CLCN3	0.0045695156
CLCN4	0.19874905
CLCN5	-1.14498
CLCN6	-0.42801315
CLCN7	0.22431684
CLCNKB	-0.97792506
CLDN1	0.20843728
CLDN10	-0.8455806
CLDN11	0.30585596
CLDN14	-0.79723537
CLDN15	-0.4471803
CLDN16	-0.27972502
CLDN17	-0.3031351
CLDN18	-0.32703772
CLDN3	-0.1562524
CLDN4	-0.30646086
CLDN5	0.104918644
CLDN6	-0.33532205
CLDN7	-0.4430689
CLDN8	-1.1771747
CLDN9	-0.43502182
CLDND1	0.2566406
CLEC10A	0.9735941
CLEC11A	0.9890778
CLEC16A	-0.266782
CLEC1A	-0.5130513
CLEC1B	-0.16193885
CLEC2B	0.4278742
CLEC2D	0.24826892
CLEC3B	0.48721576
CLEC4A	1.0682478
CLEC4E	-0.64827526
CLEC4M	0.19267657
CLEC5A	0.7937199
CLEC7A	1.2013662
CLGN	0.029038226
CLIC1	1.744932
CLIC1P1	0.03787088
CLIC2	1.2213523
CLIC3	1.2437645
CLIC4	0.8595823
CLIC5	-0.48573712
CLINT1	-1.259483
CLIP1	-0.72777325
CLIP2	1.1818185
CLIP3	0.33784175
CLIP4	-0.9622444
CLK1	-0.91875297
CLK2	0.8437325
CLK3	0.007834002
CLK4	-0.8666192
CLMN	-0.71721804
CLN3	-0.027898103
CLN5	0.03879617
CLN6	0.27071214
CLN8	0.66549677
CLNS1A	0.5137023
CLOCK	-0.0381791
CLP1	0.5523844
CLPB	-0.2809674
CLPP	0.22586572
CLPS	-0.26157695
CLPTM1	0.20022468
CLPX	-0.73719245
CLSTN1	0.07436027
CLSTN2	-0.8445226
CLTA	0.3618253
CLTB	0.18185434
CLTC	0.4677031
CLTCL1	-0.31837347
CLU	0.22291976
CLUH	-0.4116186
CLUL1	0.0042243153
CLXN	-0.38278213
CMA1	-0.09146255
CMAHP	-0.8123446
CMAS	-0.5511688
CMC2	-0.06949064
CMKLR1	0.59920067
CMKLR2	1.2287943
CMPK1	0.22664155
CMTM6	0.5317173
CMTR1	-0.12594464
CNBP	-0.5176129
CNDP2	-0.83183515
CNGA1	0.69011134
CNGA3	-0.11728859
CNGB1	-0.2421338
CNGB3	-0.69748557
CNIH1	0.5629371
CNIH3	-0.6554414
CNIH4	0.6040929
CNKSR1	-0.3404524
CNMD	-0.23748527
CNN1	0.40341875
CNN2	0.7353648
CNN3	0.09670471
CNN3P1	0.047875956
CNNM1	-0.28736132
CNNM2	-1.0852659
CNNM3	0.12628281
CNNM4	0.6835678
CNOT1	-0.4968376
CNOT2	-0.23447333
CNOT3	0.8930201
CNOT4	-0.23112398
CNOT6	0.66640425
CNOT7	-0.26364604
CNOT8	0.25000575
CNP	0.37711537
CNPPD1	0.045192696
CNPY2	0.5631708
CNPY3	0.8811854
CNR1	0.042332992
CNR2	-0.37015533
CNTF	-0.8868103
CNTFR	-0.14932176
CNTLN	-0.07140088
CNTN1	-0.6257132
CNTN2	-0.29357803
CNTN5	-0.4173356
CNTN6	-0.14934316
CNTNAP1	0.45115066
CNTNAP2	-0.05107054
CNTRL	-0.15169053
COA1	0.27989835
COA3	-0.41194922
COA4	-0.24723688
COA7	-0.3073003
COASY	0.35185307
COBL	-0.9197795
COBLL1	-0.89240885
COCH	-0.5334735
COG2	0.36407822
COG4	0.4929834
COG5	-0.29426563
COG7	-0.33419657
COIL	0.05418507
COL10A1	-0.34858978
COL11A1	0.38780904
COL11A2	0.06618504
COL13A1	0.6563346
COL14A1	-0.21289724
COL15A1	1.3013678
COL16A1	0.8739419
COL17A1	-0.41707093
COL18A1	0.42789286
COL19A1	-0.18930137
COL1A1	1.1351421
COL1A2	2.2497015
COL21A1	0.7413954
COL2A1	0.21173269
COL3A1	1.449252
COL4A1	2.1537123
COL4A2	2.0004942
COL4A3	-0.22809058
COL4A4	0.21310371
COL4A5	-0.49251005
COL4A6	-0.20309155
COL5A1	1.1330619
COL5A2	1.6302817
COL5A3	-0.2842833
COL6A1	1.0418029
COL6A2	1.1531041
COL6A3	1.1424625
COL7A1	0.4921546
COL8A2	0.10461347
COL9A1	-0.11531823
COL9A2	0.027772699
COL9A3	0.019224867
COLEC10	-0.6014998
COLEC11	-1.3439319
COLEC12	0.8063599
COLGALT1	1.4544842
COLGALT2	0.58546793
COLQ	-0.18429294
COMMD10	-0.24405915
COMMD3	0.72441995
COMMD4	0.54079115
COMMD8	-0.04514762
COMMD9	0.55955493
COMP	0.8795606
COMT	0.67797613
COPA	-0.31803006
COPB1	0.4601115
COPB2	0.96826506
COPE	0.45584333
COPG1	0.31570056
COPS2	0.00817734
COPS3	-0.05542761
COPS4	-0.2177028
COPS5	0.9364812
COPS6	0.7947713
COPS7A	0.6943344
COPS7B	-0.11099347
COPS8	0.18697311
COPZ1	0.16989192
COPZ2	0.36539114
COQ10B	-0.45680666
COQ2	0.4615137
COQ3	0.25397345
COQ4	-0.09903415
COQ6	-0.23150808
COQ7	-0.53923666
COQ8A	-0.19483101
COQ9	-0.24773364
CORIN	-0.24360317
CORO1A	1.1193085
CORO1B	0.40663475
CORO1C	1.2463158
CORO2A	-0.44719356
CORO2B	0.5201075
CORO7	0.4958795
COTL1	0.81223583
COX10	0.08595188
COX11	-0.88912255
COX15	-0.2718221
COX4I1	-0.1480591
COX5A	-0.3821057
COX5B	-0.26455155
COX6A2	-0.4162473
COX6B1	-0.07174164
COX6C	-0.5154219
COX7A1	0.41773403
COX7A2	0.39965793
COX7A2L	-0.43587807
COX7B	-0.38245806
COX7C	-0.47977698
COX8A	-0.6410439
COXFA4	-0.24414435
COXFA4L2	0.9233848
CP	0.30374485
CPA1	0.45794654
CPA2	0.17360088
CPA3	0.49652684
CPA4	0.7062412
CPAP	0.09844594
CPB1	-0.038071815
CPB2	-0.5430316
CPD	0.090132475
CPE	0.6176759
CPEB3	-0.5161943
CPED1	0.6171025
CPLANE1	-0.507968
CPLANE2	0.38164085
CPLX2	-0.31969026
CPLX3	-0.5259957
CPM	-0.53525686
CPN1	-0.35021642
CPN2	-1.079072
CPNE1	0.4280324
CPNE3	-0.78748447
CPNE6	-0.7726186
CPNE7	-0.24415177
CPOX	0.43489355
CPPED1	0.27352932
CPQ	-0.055398032
CPS1	-0.5655664
CPS1-IT1	-0.22041357
CPSF1	0.8589922
CPSF4	-0.264467
CPSF6	-0.10546106
CPSF7	-0.42422554
CPT1A	0.22561623
CPT1B	0.33193475
CPT2	-0.35937774
CPTP	0.50188404
CPVL	0.6301486
CPZ	-0.30321407
CR1	-1.076534
CR2	-1.0355157
CRABP1	-0.5518251
CRABP2	-0.23717827
CRADD	-0.39233744
CRAT	-0.4354588
CRB1	-0.9345162
CRBN	0.24194747
CRCP	-0.43103302
CRCT1	-0.220614
CREB1	0.58444023
CREB3	0.77545846
CREB3L1	-0.044848785
CREB3L2	0.58781004
CREB5	0.26769993
CREBBP	0.19061975
CREBL2	-0.33761293
CREBZF	-0.56439424
CREG1	0.12951002
CRELD1	0.7402337
CRELD2	1.9221661
CREM	-0.6841693
CRH	-0.45744997
CRHBP	0.5043057
CRHR1	-0.14522031
CRHR2	-0.53977305
CRIM1	-0.46380603
CRIP1	1.9709796
CRIP2	0.6092921
CRIPT	0.20829228
CRISP1	-0.53334713
CRISP2	-0.61020416
CRISP3	-0.30079427
CRISPLD2	-0.7971158
CRK	0.9860182
CRKL	0.2698137
CRLF1	0.7685031
CRLF3	0.3280777
CRMP1	-0.37537485
CRNKL1	0.20327811
CRNN	-0.40549517
CROCC	0.6754892
CROCCP3	-0.14065902
CROT	0.5024612
CRP	-0.018690847
CRTAC1	0.5905969
CRTAM	1.153158
CRTAP	1.1468126
CRTC1	-0.07547628
CRX	-0.41458496
CRY1	0.11988454
CRY2	-0.86989963
CRYAA	-1.1702831
CRYAB	-0.94556415
CRYBA1	-0.19322571
CRYBA2	-0.100976795
CRYBA4	0.05766133
CRYBB1	-0.038188502
CRYBB2	-0.10594002
CRYBB3	-0.7328748
CRYBG1	0.19726573
CRYBG2	-0.1711866
CRYBG3	0.07718014
CRYGA	-0.0016836375
CRYGB	-0.17869176
CRYGC	0.010743886
CRYGD	0.101530045
CRYL1	-1.4079423
CRYM	-1.4797713
CRYZ	-1.2573647
CRYZL1	-0.7499147
CS	-0.379089
CSAD	-0.035314385
CSDC2	0.45365545
CSDE1	-0.74132633
CSE1L	0.6446442
CSF1	0.28552073
CSF1R	1.9153397
CSF2	-0.27585202
CSF3	-0.21728829
CSF3R	0.14541602
CSGALNACT1	1.0044779
CSGALNACT2	-0.41403973
CSH1	-0.02194295
CSH2	-0.25456458
CSHL1	-0.8149539
CSK	1.5937502
CSN1S1	-0.1970922
CSN2	-0.5007732
CSN3	-0.27865365
CSNK1A1	-0.017044276
CSNK1D	0.6125897
CSNK1E	1.1867249
CSNK1G1	0.5623462
CSNK1G2	0.79585254
CSNK1G3	-0.13735555
CSNK2A1	0.19749598
CSNK2A2	0.4053071
CSNK2A3	-0.032326262
CSNK2B	0.18940055
CSPG4	0.8426642
CSPG5	0.03227543
CSPP1	-1.4755864
CSRNP2	-0.6126268
CSRNP3	-0.6036302
CSRP1	0.33102724
CSRP2	0.9366541
CSRP3	-0.2171214
CST1	0.37829918
CST2	0.1084321
CST3	1.0136174
CST4	0.13832596
CST5	0.015454181
CST6	1.1057599
CST7	1.1680576
CST8	-0.1537385
CSTA	1.2436681
CSTB	0.99738085
CSTF1	0.3482427
CSTF2	0.55565965
CSTF2T	0.84221554
CSTF3	-0.83241135
CSTPP1	0.14273304
CT62	-0.42594355
CTAG2	-0.33843386
CTAGE1	-0.5954382
CTAGE11P	-0.39456606
CTBP1	0.148639
CTBP2	0.33101764
CTBS	-0.05719401
CTC1	1.0148809
CTCF	0.84752524
CTDNEP1	1.160472
CTDP1	0.18361026
CTDSP1	0.89580965
CTDSP2	0.57483876
CTDSPL	-0.4087602
CTF1	-0.9029949
CTH	-1.4350567
CTIF	0.9543927
CTLA4	-0.32549798
CTNNA1	-0.04683104
CTNNA2	-0.35625046
CTNNA3	-0.75580525
CTNNAL1	0.08522923
CTNNB1	-0.45394665
CTNNBIP1	-0.38167384
CTNNBL1	0.306863
CTNND1	-0.8192528
CTNND2	0.19932824
CTNS	0.7895692
CTPS1	0.33132038
CTPS2	0.078042015
CTR9	0.16887456
CTRB2	0.10120052
CTRC	-0.11611836
CTRL	-0.24736121
CTSA	0.4510341
CTSB	-0.13555461
CTSC	0.10167709
CTSD	0.38776225
CTSE	-0.0008107424
CTSF	0.22709428
CTSG	-0.29756767
CTSH	-0.64416224
CTSK	0.66695595
CTSL	0.005657837
CTSO	0.0021434836
CTSS	1.5839103
CTSV	-0.8700119
CTSW	0.87134683
CTSZ	0.9228819
CTTN	0.04278016
CUBN	-1.1651688
CUEDC1	0.9200915
CUEDC2	0.7942183
CUL1	-0.028210372
CUL2	0.47158828
CUL3	-0.026709225
CUL4A	-0.14710781
CUL4B	0.55225956
CUL5	-0.71238244
CUL7	-0.21948364
CUL9	0.1049532
CUTA	0.0094999075
CUTC	-0.11878551
CUX1	0.45401227
CUX2	-0.1920102
CUZD1	-0.2154702
CWC25	0.075045824
CWF19L1	-0.041953146
CWH43	-0.850692
CX3CL1	0.429997
CX3CR1	1.9660954
CXADR	-0.8886787
CXCL1	0.20317322
CXCL10	0.6396682
CXCL11	0.58502674
CXCL12	0.032941446
CXCL13	0.19892104
CXCL14	-0.82869714
CXCL2	-1.0431606
CXCL3	0.06860891
CXCL5	0.2772646
CXCL6	0.71910924
CXCL8	0.11403904
CXCL9	0.2711613
CXCR1	-0.4947569
CXCR2	-0.2056815
CXCR3	0.11230602
CXCR4	0.5980811
CXCR5	-0.21710375
CXCR6	0.07356465
CXXC1	0.20831491
CXXC4	-0.20702139
CYB561	0.25448874
CYB561D2	0.6055869
CYB5A	-1.4876494
CYB5B	0.1171423
CYB5R1	0.24946387
CYB5R2	-0.5283005
CYB5R3	0.7173674
CYB5R4	0.16184065
CYBA	0.75548375
CYBB	1.7506269
CYBC1	1.0313749
CYBRD1	0.47979218
CYC1	-0.3031992
CYCS	-0.5601955
CYFIP1	1.9950905
CYFIP2	-1.0401473
CYLC1	-0.38837928
CYLC2	-0.23513488
CYLD	0.45536864
CYP11A1	-0.025134377
CYP11B1	0.008380696
CYP11B2	-0.7390741
CYP17A1	-0.9761571
CYP19A1	-0.18803596
CYP1A1	-0.28300157
CYP1A2	-0.11271523
CYP1B1	0.19750047
CYP20A1	0.45514953
CYP21A2	0.007992119
CYP24A1	0.2964804
CYP26A1	-0.088508666
CYP26B1	0.7831367
CYP27A1	-0.07488855
CYP27B1	-2.7688184
CYP2A13	-0.9214734
CYP2A6	-0.32749283
CYP2A7	-0.29967442
CYP2B6	-1.6156317
CYP2B7P	-0.6339878
CYP2C18	-0.5025804
CYP2C19	0.15236479
CYP2C8	-0.6466376
CYP2C9	-0.7332365
CYP2E1	-0.32022727
CYP2J2	-0.46074045
CYP2W1	0.11496246
CYP39A1	-1.0778216
CYP3A4	-0.9411225
CYP3A43	-0.8955983
CYP3A5	-1.1068773
CYP3A7	-1.4594463
CYP46A1	-0.5215505
CYP4A11	-1.332293
CYP4B1	0.088403106
CYP4F11	-0.23517755
CYP4F12	-0.14006414
CYP4F2	-1.0763121
CYP4F3	-0.6525912
CYP4F8	-0.07590386
CYP51A1	0.30495015
CYP7A1	-0.15150893
CYP7B1	0.05531834
CYREN	0.53229856
CYRIA	0.69228387
CYRIB	0.39595824
CYSLTR2	-0.022601396
CYTH1	0.2015976
CYTH2	0.2233164
CYTH3	0.657287
CYTH4	0.8904048
CYTIP	0.39794233
CYTL1	-0.09267637
CZIB	0.31495252
DAAM1	0.20108044
DAAM2	1.4918625
DAB1	-0.26962
DAB2	-1.1381116
DACH1	-0.725362
DACT1	0.883289
DAD1	0.39286086
DAG1	0.89115894
DAGLA	0.33468643
DALRD3	-0.1031847
DAO	-1.2613459
DAP	0.48660475
DAP3	0.7888435
DAPK1	-1.0175337
DAPK2	1.0840333
DAPK3	1.1056348
DAPP1	0.6783738
DARS1	-0.61857504
DARS2	-0.6336379
DAXX	0.084344156
DAZAP1	0.81080526
DAZAP2	-0.3057783
DAZL	-0.31298867
DBF4	0.2234255
DBF4B	-0.083916605
DBH	-0.34610194
DBI	-0.21512267
DBN1	0.612515
DBNDD1	-0.39941436
DBNDD2	0.9021425
DBP	-0.2178413
DBR1	0.7179538
DBT	0.07382215
DCAF1	-0.3526446
DCAF10	-0.029406883
DCAF11	-0.03715107
DCAF15	0.6741532
DCAF16	-0.498407
DCAF17	-0.020694047
DCAF6	-0.14730453
DCAF7	0.14297293
DCAF8	-0.7804877
DCAKD	0.251288
DCBLD2	-1.41592
DCC	-0.26752877
DCHS1	1.267741
DCHS2	-0.27621967
DCK	0.959544
DCLK1	0.22219801
DCLRE1A	0.0012762882
DCLRE1B	-0.0040794313
DCLRE1C	0.737293
DCN	-0.7987409
DCP1A	-0.63829255
DCP2	-0.0533472
DCPH1	-0.19677886
DCPS	0.99394846
DCSTAMP	-0.18756974
DCT	-0.98668337
DCTD	-0.25123802
DCTN1	0.99208385
DCTN2	0.97584146
DCTN3	0.24946022
DCTN4	-0.36179674
DCTN5	0.67311984
DCTN6	-0.45160753
DCTPP1	0.26422882
DCUN1D2	-0.65203744
DCUN1D4	-0.60789627
DCX	-0.14263025
DCXR	-1.164826
DDA1	1.018203
DDAH1	-1.0551871
DDAH2	1.4456662
DDB1	-0.32533956
DDB2	0.7103608
DDC	-1.6097716
DDIT3	-0.20686024
DDIT4	-1.2599913
DDN	0.4031842
DDO	-0.23804303
DDOST	0.8970594
DDR1	0.5303367
DDR2	0.8906469
DDRGK1	1.6231457
DDT	-0.16564626
DDX1	-0.021987017
DDX10	-0.5117382
DDX11	0.025379043
DDX17	-0.44318277
DDX18	0.103439875
DDX19A	0.9902142
DDX21	0.42734447
DDX23	0.49064314
DDX24	-0.39455736
DDX25	-0.9447253
DDX27	0.11382334
DDX28	0.30636644
DDX31	-0.32390612
DDX39A	1.1844835
DDX39B	0.50912005
DDX3X	-0.9864427
DDX3Y	0.0018578023
DDX4	0.05588855
DDX41	1.2889231
DDX42	-0.7018645
DDX43	0.0942287
DDX46	-0.48373282
DDX47	0.6749691
DDX49	1.2514668
DDX5	-0.8861433
DDX50	0.25721216
DDX51	0.53961676
DDX52	0.36455855
DDX54	0.38774598
DDX56	-0.19484328
DDX6	-0.17183717
DDX60	-0.22871085
DEAF1	0.5017768
DECR1	-0.81079113
DECR2	-0.5406137
DEDD	-0.27439523
DEF6	0.47556168
DEF8	0.72258145
DEFA4	0.15227263
DEFA5	-0.46488607
DEFA6	-0.28107238
DEFB1	-0.87926286
DEFB126	-0.43788588
DEGS1	0.9092316
DEK	0.029494835
DELE1	1.0064832
DELEC1	-0.43784112
DENND1A	0.018269815
DENND1C	0.20539162
DENND2A	0.22455879
DENND2B	0.20011848
DENND2D	0.49592477
DENND3	0.7099007
DENND4A	0.2738906
DENND4B	1.0450624
DENND4C	-0.52076244
DENND5A	1.67609
DENND5B	-0.52054614
DENR	0.4950455
DEPDC5	-0.5096308
DEPP1	-0.8626782
DEPTOR	-0.89952636
DERA	-0.44512403
DERL1	0.74605477
DERL2	0.64114344
DES	0.0879924
DESI1	0.86812377
DESI2	0.72417724
DET1	0.21297677
DEXI	-0.19727257
DFFA	0.6084225
DFFB	0.9463384
DGAT1	0.9284223
DGCR2	-0.023831796
DGCR8	0.5507432
DGKA	0.93364894
DGKB	-0.8338973
DGKD	0.31916964
DGKE	0.40251714
DGKG	0.08354257
DGKI	0.17820725
DGKQ	0.731665
DGKZ	0.7666359
DGLUCY	-0.25339416
DGUOK	0.13504256
DHCR24	0.6289692
DHCR7	-0.56646335
DHDDS	-0.53172714
DHODH	0.087082416
DHPS	0.33048674
DHRS1	0.17299351
DHRS11	-0.5797832
DHRS12	-0.8171318
DHRS2	-0.10307779
DHRS3	-0.500859
DHRS7	0.71441996
DHRS7B	-0.012939081
DHRS9	0.5947975
DHTKD1	-0.99070615
DHX15	0.022111163
DHX16	0.29478118
DHX29	-0.07360561
DHX30	0.025230862
DHX32	-0.63828284
DHX34	0.08859561
DHX35	-0.57184213
DHX38	0.3784008
DHX40	-0.37800685
DHX57	0.3440994
DHX58	0.037087142
DHX8	1.0204706
DHX9	-0.21772225
DHX9-AS1	-0.11013463
DIABLO	0.061111484
DIAPH1	0.24643022
DIAPH2	0.24568622
DICER1	0.5261197
DIDO1	-0.17366685
DIMT1	0.5117017
DIO1	-1.2936339
DIO2	-0.1526317
DIO3	-0.67231274
DIP2C	-1.0941157
DIPK2B	0.6674927
DIRAS2	0.15042315
DIRAS3	-0.38705617
DIS3	-0.48597652
DISC1	-0.048843827
DIXDC1	-0.72444755
DKC1	0.14756632
DKFZP586I1420	0.0486328
DKK1	0.28940505
DKK2	0.44443464
DKK3	0.9766507
DKK4	-0.4783178
DKKL1	-0.088062376
DLAT	-0.39793727
DLC1	0.43881044
DLD	-0.76621354
DLEC1	-0.74019086
DLEU1	-0.4148522
DLG1	-0.49105245
DLG2	-0.6198201
DLG3	-0.18220478
DLG4	0.7650518
DLG5	-0.5192995
DLGAP1	-0.39326978
DLGAP2	-0.8976572
DLGAP4	1.5935161
DLGAP5	0.75220716
DLK1	-0.41313165
DLK2	-0.48518297
DLL3	-0.13564558
DLST	-0.15375781
DLX2	-0.593782
DLX4	-0.17267564
DLX5	0.13650768
DLX6	-0.41494516
DMAC2	0.87660456
DMAC2L	-0.19773203
DMBT1	-0.22664805
DMC1	-0.49864656
DMD	-0.7666247
DMP1	-0.30235064
DMPK	0.35678586
DMRT1	-0.6348022
DMTF1	-0.30361384
DMTN	-0.44699526
DMWD	0.30044338
DMXL1	-0.897245
DNA2	-0.5129663
DNAAF1	-0.39935434
DNAAF11	-0.3661589
DNAAF2	-0.09609825
DNAAF5	0.30576414
DNAAF8	0.16622774
DNAH17	-0.12429255
DNAH3	-0.27798054
DNAH7	-1.1544772
DNAH9	-0.21579741
DNAI1	-0.44037765
DNAI2	-0.19745466
DNAI4	-0.65855783
DNAI7	-0.7411318
DNAJA1	0.24004096
DNAJA2	-0.14487989
DNAJA3	-0.007665582
DNAJB1	-1.7335668
DNAJB12	0.054232724
DNAJB14	-0.3444649
DNAJB2	0.5459499
DNAJB4	-1.3481293
DNAJB5	-0.18559399
DNAJB6	0.10986773
DNAJB9	-0.4143237
DNAJC1	0.8443763
DNAJC10	0.6843079
DNAJC11	-0.38758415
DNAJC12	-1.0375017
DNAJC13	-0.46640566
DNAJC15	0.8394098
DNAJC16	-0.54380244
DNAJC17	1.082767
DNAJC2	0.21916886
DNAJC22	-0.7031417
DNAJC24	-0.541192
DNAJC28	-0.26062614
DNAJC3	0.7496078
DNAJC4	0.04423628
DNAJC6	-0.4461541
DNAJC7	-0.006838262
DNAJC8	0.40447387
DNAL4	-0.3624982
DNALI1	-0.40574598
DNASE1	-0.44019914
DNASE1L1	1.2856923
DNASE1L2	-0.00686574
DNASE1L3	-0.2263088
DNASE2	0.4720171
DNASE2B	-0.1494222
DNM1	0.634948
DNM1L	0.8107472
DNM2	0.15732493
DNM3	0.478131
DNMT1	1.8036108
DNMT3A	1.1082684
DNMT3B	0.42100996
DNMT3L	-0.4889648
DNPEP	1.1140443
DNPH1	-1.0257618
DNTT	-0.10908489
DNTTIP2	-0.4168859
DOC2A	0.09435306
DOCK1	-0.7239015
DOCK10	1.2197943
DOCK2	1.2117282
DOCK3	-0.08846107
DOCK4	0.10753056
DOCK5	-0.42521727
DOCK6	1.7201631
DOCK9	-0.3430879
DOHH	0.6736649
DOK1	0.9775468
DOK2	1.4151363
DOK3	0.571587
DOK4	0.15498978
DOK5	0.5696221
DOLK	0.83087355
DOLPP1	0.24395241
DONSON	-0.15946461
DOP1A	-1.1289214
DOP1B	0.6936284
DOT1L	0.16618732
DPAGT1	0.6805414
DPEP1	-1.3180112
DPEP2	1.0574772
DPEP3	-0.077562794
DPF1	-0.573931
DPF2	0.83624816
DPF3	-0.27384079
DPH2	0.55967814
DPH5	0.51199865
DPM1	-0.102548644
DPM2	0.90259016
DPM3	0.3678289
DPP3	0.7350522
DPP4	-0.70035964
DPP6	-0.80644774
DPP8	0.78360236
DPPA4	-0.21599206
DPT	-0.49553436
DPY19L1	0.63896596
DPY19L4	-0.0966894
DPYD	-0.03754448
DPYS	-1.360182
DPYSL2	0.08801429
DPYSL3	0.6510076
DPYSL4	-0.18440357
DR1	0.46228927
DRAM1	0.98797226
DRAP1	0.9076892
DRC11	-0.26358083
DRC3	-0.34219813
DRC4	-0.5034018
DRC8	0.3022626
DRC9	-0.026941255
DRD1	-0.52490515
DRD2	0.03576073
DRD3	-0.45650142
DRD4	0.028845437
DRD5	-0.45778036
DRG1	0.07016829
DRG2	-0.00083830976
DRICH1	-0.674859
DROSHA	0.314538
DRP2	-0.61145705
DSC1	-0.42483753
DSC2	0.17291178
DSC3	-0.018441506
DSCAM	-0.41179323
DSCC1	0.51351863
DSCR4	-0.4429892
DSE	0.92829984
DSG1	0.40311635
DSG3	-0.28601778
DSN1	0.29876006
DSP	-0.09051134
DSPP	-0.15637663
DST	-0.49799854
DSTN	-0.19397163
DSTYK	-0.2076152
DTL	0.8713765
DTNA	-1.0526114
DTNB	-0.42587098
DTWD1	0.037870824
DTX2	0.10306881
DTX3	-0.057210863
DTX4	0.5746945
DTYMK	1.3162496
DUOX1	-0.13479161
DUOX2	-0.23054975
DUS1L	0.4981451
DUS2	0.16809186
DUS4L	-0.488572
DUSP1	-2.867
DUSP10	0.4506821
DUSP11	0.22092207
DUSP12	-0.23196873
DUSP13B	-0.03716939
DUSP14	0.12295921
DUSP2	-0.9636617
DUSP21	0.36990643
DUSP22	1.3953075
DUSP26	0.08954935
DUSP3	0.5666941
DUSP4	0.42207816
DUSP5	0.1498267
DUSP6	-0.2712221
DUSP7	1.1054207
DUSP8	0.5421371
DUSP9	-0.68446505
DUT	-0.24360387
DVL1	0.3503203
DVL2	0.35127106
DVL3	0.5628711
DXO	-0.25620067
DYNC1H1	-0.15635535
DYNC1I1	0.021340288
DYNC1LI1	-0.15239607
DYNC1LI2	0.47125554
DYNC2H1	-1.4425293
DYNC2I1	-0.24868147
DYNC2LI1	-0.51623803
DYNLL1	0.022968784
DYNLRB1	-0.4027331
DYNLT1	0.61984426
DYNLT3	0.5370313
DYRK1A	-0.82685566
DYRK1B	0.06492846
DYRK2	1.3825371
DYRK3	0.0656055
DYRK4	0.14335065
DYSF	1.5952035
DZANK1	-0.50097346
DZIP1	0.43863496
DZIP3	-1.148911
E2F1	0.05051376
E2F2	-0.02432628
E2F3	1.2436405
E2F4	0.2700359
E2F5	-0.3304323
E2F8	0.644964
E4F1	0.57986104
EAF2	-1.2270198
EAPP	-0.2552663
EBAG9	-0.7024488
EBF2	-0.19431211
EBI3	1.0004985
EBLN2	-0.17397967
EBNA1BP2	0.6177087
EBP	-1.0621974
ECD	0.37759006
ECE1	0.65829504
ECE2	-0.008294455
ECEL1	-0.029219693
ECH1	-0.57419384
ECHDC1	-0.7284676
ECHDC2	-0.5742718
ECHDC3	-1.2935859
ECHS1	-0.9281004
ECI1	-0.3696659
ECI2	-1.2333807
ECM1	2.11516
ECM2	-0.47640502
ECPAS	-0.385979
ECSIT	-0.22085233
ECT2	0.74878514
EDA	-1.1184024
EDA2R	-0.38324472
EDAR	-0.82569695
EDC3	0.3113396
EDC4	0.6013333
EDDM3A	-0.69707865
EDDM3B	-0.40770498
EDEM1	0.08128978
EDEM2	0.22017473
EDEM3	0.0055917203
EDF1	1.0232937
EDIL3	-0.22217527
EDN1	0.09685233
EDN2	-0.13394246
EDN3	-0.377168
EDNRA	0.4382477
EDNRB	0.28580442
EDRF1	0.36168754
EEA1	-0.18614145
EED	0.90714115
EEF1A1P42	-0.52706933
EEF1A2	0.13864884
EEF1AKMT3	-1.0799916
EEF1D	0.43833023
EEF1E1	0.16473775
EEF2	0.29558626
EEIG1	-0.7079963
EFCAB11	0.22007242
EFCAB14	0.055226877
EFCAB6	-0.88683254
EFCC1	-0.0107640475
EFEMP1	-0.10902831
EFEMP2	1.2539976
EFHC1	-0.32500678
EFHC2	0.18095455
EFHD1	0.81773436
EFHD2	1.1089603
EFL1	0.1820288
EFNA1	0.6176313
EFNA2	0.3237865
EFNA3	0.04588654
EFNA4	0.5005074
EFNA5	-0.09682972
EFNB1	0.994745
EFNB2	0.83525574
EFNB3	0.53703773
EFR3A	0.4107188
EFS	0.4248941
EGF	-1.4378083
EGFL6	-0.22316991
EGFL7	1.268813
EGFL8	-0.024043575
EGFR	-0.9788723
EGLN1	-0.5000607
EGLN2	0.2504711
EGLN3	-0.017410863
EGR1	-2.1558292
EGR2	-0.24142963
EGR3	-0.1402595
EGR4	-0.8363414
EHBP1	-1.6379228
EHBP1L1	1.1900076
EHD1	-0.030732833
EHD2	1.1801772
EHD3	0.7089671
EHD4	0.6291636
EHF	-0.70518196
EHHADH	-1.1634438
EHMT1	0.14258443
EHMT2	0.23401748
EI24	-0.13947411
EID1	-0.10569632
EIF1	-0.47163427
EIF1AX	-0.2542486
EIF1AY	0.24638703
EIF1B	-0.85706156
EIF2AK1	-0.45635176
EIF2AK2	0.61944735
EIF2AK3	-0.65142536
EIF2B1	0.7469803
EIF2B2	0.46188203
EIF2B3	0.48219088
EIF2B4	0.82804275
EIF2B5	0.5099923
EIF2D	-0.086592905
EIF2S1	0.26402533
EIF2S2	0.14699763
EIF3A	0.2636376
EIF3B	0.2581343
EIF3D	0.7168381
EIF3E	-0.13233407
EIF3G	1.2337208
EIF3H	0.033028364
EIF3I	0.64880085
EIF3J	0.043702617
EIF3K	-0.07056713
EIF3L	0.07061809
EIF3M	-0.28278783
EIF4A1	0.4886709
EIF4A2	-0.849117
EIF4A3	0.23760413
EIF4E	-0.36763787
EIF4E2	0.68832916
EIF4EBP1	0.40638453
EIF4EBP2	0.5474686
EIF4ENIF1	0.26962203
EIF4G1	0.75705105
EIF4G2	1.0007374
EIF4G3	0.66751504
EIF5	-0.63688505
EIF5A	0.12187833
EIF5A2	0.40244368
EIF5B	0.088513285
EIF6	-0.22924002
EIPR1	-0.26535827
ELAC1	-0.11602925
ELAC2	0.68172646
ELANE	-0.037082434
ELAVL1	-0.5477013
ELAVL2	-0.7453857
ELAVL3	-0.46699175
ELAVL4	-0.32684088
ELF1	-0.6314026
ELF2	-0.5992285
ELF3	-0.3582759
ELF4	1.5997906
ELF5	-0.83947074
ELK1	-0.89492023
ELK3	1.6957408
ELK4	0.07866423
ELL	-0.88350683
ELL2	-1.1074765
ELL3	0.44381422
ELMO1	0.43002605
ELMO2	0.32100707
ELMO3	-0.16455562
ELN	0.32139823
ELOA	-0.0829903
ELOA2	-0.35339236
ELOB	0.0061182976
ELOC	0.0012260973
ELOCP3	-0.43382052
ELOVL1	1.7543991
ELOVL2	-0.41445893
ELOVL4	-0.5838215
ELOVL5	0.5579337
ELOVL6	0.7275624
ELP1	0.6159053
ELP3	0.42752028
ELP4	0.36890256
ELP5	-0.049959466
ELSPBP1	-0.14787228
EMC1	0.4327816
EMC2	-0.5242284
EMC3	1.1433642
EMC6	0.31854966
EMC7	0.90847826
EMC8	0.99941146
EMC9	0.541595
EMCN	0.4066866
EMD	0.12024678
EMG1	0.59982586
EMID1	1.1772273
EMILIN1	1.4264915
EML1	0.6155509
EML2	0.5144906
EML3	1.3836392
EML4	-0.9874855
EMP1	0.5507629
EMP2	1.5923892
EMP3	2.5058746
EMSY	0.07045092
EMX1	-0.35223505
EMX2	-0.8287715
EN1	-0.010860372
EN2	-0.34390628
ENAH	1.2711186
ENC1	0.94437945
ENDOD1	0.7769772
ENDOG	-0.07976335
ENDOU	-0.6085454
ENG	2.2504468
ENGASE	0.60529613
ENO1	-0.19657727
ENO2	1.4361768
ENO3	0.47481522
ENOPH1	-0.4228411
ENOSF1	-0.7025026
ENOX1	-0.012745839
ENOX2	-0.30049014
ENPEP	-0.55731213
ENPP1	-0.3839687
ENPP2	-0.4335612
ENPP4	-0.24034284
ENSA	0.066372
ENTPD1	1.0859783
ENTPD2	-0.5434224
ENTPD3	0.09278411
ENTPD4	0.39843196
ENTPD5	-1.033957
ENTPD6	0.4937082
ENTPD7	0.8235787
ENTR1	0.40066394
ENTREP1	1.0418888
ENTREP3	0.59296453
ENY2	-0.9805237
EOGT	0.33366817
EP300	-0.0151347965
EP400	0.7706923
EPAS1	0.46964058
EPB41	0.14681777
EPB41L1	-0.22061843
EPB41L2	1.516588
EPB41L3	-0.59621346
EPB41L4A	0.62990475
EPB41L4A-DT	0.15704331
EPB41L4B	-0.63102263
EPB41L5	-1.4666371
EPB42	-0.6142819
EPCAM	-0.993428
EPCIP	-0.59725577
EPHA1	-0.18821035
EPHA2	0.16000754
EPHA3	0.32867205
EPHA4	-0.31671396
EPHA5	-0.20534907
EPHA7	-0.72712874
EPHB1	-0.19650456
EPHB2	0.66168135
EPHB3	0.16065635
EPHB4	1.4121804
EPHB6	0.24122575
EPHX1	-0.3667575
EPHX2	-1.0310793
EPHX3	0.3887068
EPM2A	-0.59689707
EPM2AIP1	-0.5546933
EPN1	-0.23956934
EPN2	0.14631194
EPN3	0.35017848
EPO	-0.3703665
EPOR	0.0235851
EPPIN	-0.59068304
EPRS1	0.20115837
EPS15	-0.54973245
EPS15L1	0.08120151
EPS8	-0.13589036
EPS8L1	-0.27710396
EPS8L2	-0.7399508
EPS8L3	-0.27539304
EPYC	-0.4012853
ERAL1	0.49264294
ERAP1	0.332188
ERAP2	-0.6426077
ERBB2	-0.26228812
ERBB3	-0.08550151
ERBB4	-0.65634847
ERBIN	-1.3646353
ERC1	-0.51143575
ERC2	-0.45241186
ERCC1	0.61616683
ERCC2	-0.61163425
ERCC3	-0.00079485774
ERCC4	-0.57095015
ERCC5	0.041658647
ERCC6	-0.05900026
ERCC6L	-0.01012296
ERCC8	-0.55639684
EREG	-0.013155319
ERF	-0.09032136
ERG	0.816902
ERG28	0.22306745
ERGIC2	0.84725463
ERGIC3	0.64343864
ERH	-0.17985985
ERI3	-0.07630025
ERLIN1	-0.4072611
ERLIN2	-0.46469337
ERMAP	-0.15769568
ERMP1	-0.45641044
ERN1	-0.0762188
ERN2	0.011123538
ERO1A	0.9715328
ERO1B	0.062254272
ERP29	0.6455681
ERP44	0.23689762
ESD	-0.22523902
ESF1	-0.34513754
ESPL1	-0.41912368
ESR1	-0.8012703
ESR2	-0.8111773
ESRP1	-0.7101703
ESRP2	-0.89367926
ESRRA	-0.5238974
ESRRG	-1.7875581
ESS2	0.30650195
ESYT1	1.1615999
ETAA1	-0.44254783
ETF1	0.032907203
ETFA	-0.7539548
ETFB	-0.30077103
ETFDH	-0.8897242
ETHE1	0.19028902
ETNK1	-0.6473297
ETNK2	-2.2126513
ETNPPL	-1.0561336
ETS1	0.9498498
ETS2	0.57167995
ETV1	0.19589245
ETV2	0.61851525
ETV3	-0.32303196
ETV4	0.019040108
ETV5	0.42777798
ETV6	0.44382298
ETV7	0.10558495
EVA1B	1.3516915
EVC	-1.0547178
EVI2A	0.7712375
EVI2B	0.8365238
EVI5	-0.3527329
EVL	-0.3015394
EVPL	-0.17865947
EVX1	-0.6081298
EWSR1	0.07506901
EXD2	-0.20899065
EXO1	0.23469415
EXO5	0.5717797
EXOC1	0.25584877
EXOC2	-0.04524596
EXOC3	0.49221027
EXOC5	0.35387745
EXOC7	0.4835973
EXOG	0.6016598
EXOSC10	0.90980697
EXOSC2	0.29828718
EXOSC4	0.47705853
EXOSC5	0.46347097
EXOSC7	0.14565876
EXOSC8	0.25223142
EXOSC9	-0.17050478
EXPH5	-0.9692232
EXT1	0.82742256
EXT2	0.49991024
EXTL1	0.39473444
EXTL2	0.4839488
EXTL3	0.8927825
EYA1	0.0038763806
EYA2	-1.0041325
EYA3	-0.51174074
EYA4	-0.88272357
EZH1	-0.51193565
EZH2	0.9241505
EZR	-1.3589413
F10	-0.20020954
F11	-1.1574078
F11R	0.42699835
F12	0.22646114
F13A1	0.5301318
F13B	-0.38296273
F2	0.0047719553
F2R	0.44916168
F2RL1	-0.9735265
F2RL2	0.8974709
F3	-0.3710469
F5	-0.009924501
F7	-0.22006607
F8	0.79951984
F9	-0.74018276
FA2H	-0.561749
FAAH	-0.78285015
FAAP100	0.81654775
FAAP24	-0.018537425
FABP1	-1.3804119
FABP2	-0.75377244
FABP3	-0.56554306
FABP4	0.62005466
FABP6	0.115550674
FABP7	-0.31521618
FADD	0.7809379
FADS1	1.5228207
FADS2	0.9122082
FADS3	1.2447722
FAF1	-0.46260193
FAF2	0.15221328
FAH	-0.76600313
FAHD2A	0.066829756
FAIM	0.33563575
FAIM2	0.059680082
FAM106A	0.3714972
FAM107A	-0.33257163
FAM110B	0.81424046
FAM110D	0.48407447
FAM111A	0.40408713
FAM114A2	-0.022031315
FAM117A	-0.5282565
FAM120A	0.11744478
FAM120C	0.14029682
FAM124B	-0.3361225
FAM131A	-0.4049963
FAM131B	-0.017367944
FAM135A	-1.0539668
FAM13A	-1.4709536
FAM13B	0.35612154
FAM149A	-0.43253887
FAM162A	-0.6294277
FAM163A	-0.3842038
FAM168B	0.14825438
FAM171A1	0.3160682
FAM174B	0.13478614
FAM174C	0.48775107
FAM182A	0.18888737
FAM182B	-0.8882535
FAM184A	-0.7511435
FAM193A	0.70968515
FAM193B	0.49216855
FAM204A	-0.43577904
FAM20B	-0.4682243
FAM215A	0.42230475
FAM216A	0.4213803
FAM222B	0.032459438
FAM234B	0.008353591
FAM30A	0.15022263
FAM32A	0.69880736
FAM3A	0.025970655
FAM50A	1.1757605
FAM50B	-0.5640121
FAM53B	0.5131709
FAM53C	0.51932925
FAM76A	-0.76602906
FAM89B	1.6029711
FAM8A1	-0.38109565
FAM90A1	-0.021174517
FAN1	-0.21902908
FANCA	0.65040207
FANCC	-0.3595463
FANCE	0.15763336
FANCF	0.878157
FANCG	0.6976902
FANCI	0.9994848
FANCL	-0.42276803
FAP	0.76062995
FAR2	0.91975635
FARP1	0.3864935
FARP2	0.30167106
FARS2	0.08989087
FARSA	0.5327085
FAS	0.7014252
FASLG	-0.22781058
FASN	0.46574333
FASTK	0.19165428
FASTKD1	0.4017304
FASTKD2	0.018814787
FASTKD3	-0.27435863
FASTKD5	0.48551053
FAT1	-0.36771378
FAT2	-0.09518416
FAU	0.6349281
FAXDC2	-0.15627989
FBL	0.33941105
FBLN1	0.2787838
FBLN2	0.14994623
FBLN5	-0.020431906
FBN1	1.1882892
FBN2	0.3264165
FBP1	-1.2863308
FBP2	-0.42012173
FBRS	0.3649126
FBXL12	-0.084795445
FBXL15	0.43487012
FBXL2	-0.07997218
FBXL4	0.11825817
FBXL5	-0.83604985
FBXL6	0.49678165
FBXL7	-0.28315586
FBXL8	0.36063
FBXO11	0.5617256
FBXO17	-0.9000371
FBXO2	0.23395196
FBXO21	-1.8489051
FBXO22	0.5258734
FBXO24	0.032918394
FBXO28	0.009278923
FBXO3	-0.5734575
FBXO34	-1.0600978
FBXO38	-0.13019672
FBXO40	-0.20678794
FBXO41	0.6202189
FBXO42	-0.053431027
FBXO46	0.23751396
FBXO5	0.21298364
FBXO7	-0.5754961
FBXO9	-0.42185497
FBXW10B	0.4188944
FBXW11	-0.2605605
FBXW2	0.1817674
FBXW4	-0.011644527
FBXW7	-0.37618244
FCAR	0.15318657
FCER1A	0.4515125
FCER1G	2.0053923
FCER2	0.1528228
FCF1	0.022940278
FCGBP	0.39163604
FCGR2B	0.7361454
FCGR3B	0.036291093
FCGRT	0.26180506
FCHO1	0.52678645
FCHSD2	0.72367597
FCMR	0.96515733
FCN1	1.551241
FCN2	0.23851365
FCN3	0.73278004
FCRL2	-0.1050781
FDFT1	-0.14761673
FDPS	0.87010247
FDX1	-1.0939819
FDXR	0.05397965
FECH	-0.71902263
FEM1B	-0.082175225
FEM1C	-0.43179375
FEN1	0.10490224
FER	-0.4713424
FER1L4	0.08855479
FERMT1	-0.38010326
FERMT2	-0.348511
FERRY3	1.0304377
FES	1.0550821
FETUB	0.10861535
FEV	-0.77066445
FEZ1	1.404624
FEZ2	0.20300317
FEZF2	-0.09018746
FFAR2	0.24171199
FGA	-0.8087126
FGB	-0.4917847
FGD1	0.49570626
FGD6	1.0792022
FGF1	-0.69653785
FGF12	0.22740065
FGF13	-0.012120664
FGF14	-0.5035308
FGF16	-0.09599957
FGF17	0.47164428
FGF18	0.3752778
FGF2	0.37823364
FGF20	0.11220917
FGF21	-0.14230561
FGF22	-0.34236506
FGF23	-0.6204579
FGF3	0.21412429
FGF5	-0.07732722
FGF6	-0.22935928
FGF7	0.09894355
FGF8	0.1380266
FGF9	-0.2811447
FGFBP1	-0.381352
FGFR1	0.4212573
FGFR2	-1.2178826
FGFR3	0.728577
FGFR4	-0.632699
FGG	-0.4550551
FGGY	-1.0753967
FGL1	-0.3454101
FGL2	1.5970228
FGR	1.4112663
FH	-0.75179625
FHIP2B	0.6560016
FHIT	-0.60348773
FHL1	-0.30998424
FHL2	0.6185551
FHL3	1.2962809
FHL5	0.9510649
FHOD1	1.3138639
FHOD3	-0.58283067
FIBP	1.1334649
FICD	0.66067356
FIG4	0.36142126
FILIP1L	-0.20274834
FIP1L1	-0.14779924
FIRRM	0.034430057
FIS1	0.21539553
FJX1	-0.002247721
FKBP10	0.74156487
FKBP11	1.2102139
FKBP14	1.0380825
FKBP15	0.46987432
FKBP1A	0.4321042
FKBP1B	0.6622965
FKBP2	0.72002876
FKBP3	0.37834445
FKBP4	-0.2139381
FKBP5	-0.9360814
FKBP6	-0.5352658
FKBP8	-0.14124954
FKBPL	0.5463276
FKRP	0.5608535
FKTN	0.40521607
FLAD1	0.46189353
FLG	0.018871669
FLI1	1.0368158
FLII	1.2562107
FLJ13224	-0.21351391
FLNA	1.1960205
FLNB	0.2604043
FLNC	0.6099844
FLOT1	1.3476791
FLOT2	0.45584732
FLRT1	-0.21047176
FLRT2	-0.20290595
FLRT3	-1.1672416
FLT3	-0.09486002
FLT3LG	1.1526738
FLT4	0.7850966
FLVCR2	0.25397667
FMNL1	0.31823564
FMO1	-0.9741634
FMO2	-0.23392569
FMO3	0.21877077
FMO4	-1.117566
FMO5	-0.9801828
FMO6P	-0.311229
FMOD	0.4079279
FMR1	-0.97236526
FN1	1.8044492
FN3K	-0.35847372
FN3KRP	0.09429364
FNBP1	0.86934924
FNBP1L	-0.55808556
FNBP4	-0.16858223
FNDC11	-0.031580277
FNDC3A	-0.2104418
FNDC3B	0.1532128
FNDC4	0.28275645
FNDC8	-0.2776735
FNTA	0.8040004
FNTB	-0.23563766
FOCAD	0.5519532
FOLH1	-0.6810224
FOLH1B	-1.1061946
FOLR1	-0.89083487
FOLR2	0.7420046
FOLR3	-0.21562025
FOS	-1.9137219
FOSB	-3.9902358
FOSL1	-0.3572969
FOSL2	-1.2876488
FOXA1	0.065536544
FOXA2	-0.7553748
FOXB1	-0.3627132
FOXC2	-0.22790048
FOXD1	0.25364512
FOXD2	-0.1073168
FOXD3	-0.08856799
FOXE1	0.19512941
FOXE3	0.023107879
FOXF1	0.29144067
FOXF2	-0.17098431
FOXG1	-0.5616831
FOXH1	-0.22263765
FOXI1	-0.5336498
FOXJ1	-0.45199665
FOXJ2	0.8493266
FOXJ3	-0.860186
FOXK2	0.29127148
FOXL1	-0.13211602
FOXL2	0.062908016
FOXM1	0.79450786
FOXN1	-0.5286724
FOXN2	-0.38495415
FOXN3	0.6437248
FOXO1	-0.79111415
FOXO3	-0.5853435
FOXO4	0.272681
FOXP3	-0.080346785
FOXRED2	-0.32294428
FPGS	0.21271853
FPGT	0.1551216
FPR1	-0.037342533
FPR2	-0.044960678
FPR3	1.6207035
FRAT1	0.09412238
FRAT2	0.8319395
FRG1	0.31531292
FRK	-0.4633445
FRMD1	-0.26887435
FRMD4A	0.94666505
FRMD4B	-0.4207909
FRMPD1	-0.6964159
FRS2	-1.0341645
FRS3	-0.058979917
FRY	-0.66198635
FRZB	0.8719784
FSCN1	2.6769688
FSCN2	0.3639688
FSCN3	-0.2610808
FSD1	0.08793457
FSHB	-0.12589648
FSHR	-0.16701183
FST	-0.36247474
FSTL1	0.66052943
FSTL3	0.02737151
FSTL4	-0.5376273
FTCD	-1.4232079
FTH1	0.18998154
FTL	-0.8225814
FTO	-0.5471321
FTSJ1	0.30911642
FTSJ3	0.28860813
FUBP1	-0.011737108
FUBP3	0.01729881
FUCA1	0.22807014
FURIN	0.8136631
FUS	0.07306281
FUT1	1.314462
FUT2	-0.048677605
FUT3	-0.88892806
FUT4	0.75601083
FUT5	-0.16432557
FUT6	-1.1673009
FUT7	-0.23765704
FUT8	-0.22367659
FUT9	0.094329074
FUZ	0.03736879
FXN	0.85984683
FXR1	-0.7057486
FXR2	-0.48116302
FXYD1	-0.4873583
FXYD2	-0.9124663
FXYD3	-0.6328838
FXYD5	2.6771598
FXYD6	1.2763584
FXYD7	-0.292185
FYB1	0.8714117
FYCO1	0.03547144
FYN	-0.6393771
FZD1	0.6409477
FZD10	-0.075106464
FZD2	-0.36551312
FZD3	0.034608528
FZD4	-0.34905136
FZD5	-0.9119607
FZD6	-0.6132672
FZD7	-0.5638623
FZD8	-0.5103074
FZD9	-0.1711998
FZR1	0.40843636
G0S2	-0.77817434
G3BP1	0.18190274
G3BP2	-0.0067490637
G6PC1	-1.8139766
G6PC2	-0.4296826
G6PC3	0.5370247
G6PD	0.74012005
GAA	0.4446199
GAB1	-0.30343577
GAB2	0.24549529
GABARAP	0.70896626
GABARAPL1	-1.1008766
GABARAPL2	0.122073814
GABBR1	-0.05160661
GABBR2	-0.4720501
GABPA	0.3072562
GABPB1	0.22776158
GABRA1	-0.6771794
GABRA2	-0.108747676
GABRA3	-0.24560976
GABRA4	-0.37527326
GABRA5	-0.23610803
GABRA6	-0.25288045
GABRB1	-0.21128418
GABRB2	-0.50932187
GABRB3	-0.39547932
GABRD	0.3084277
GABRE	0.48031288
GABRG2	-0.6081745
GABRG3	-0.22245234
GABRP	0.06044045
GABRQ	-0.2874569
GABRR1	0.9272119
GABRR2	-1.0712569
GAD1	-0.7419515
GAD2	-0.50218487
GADD45A	1.2026521
GADD45B	-1.5205
GADD45G	-1.1397398
GADD45GIP1	0.644579
GAGE1	0.033698823
GAK	0.7832993
GAL	0.1880413
GAL3ST1	-0.8044684
GAL3ST4	1.0079795
GALC	-0.48077625
GALE	-0.2719068
GALK1	-0.53945684
GALK2	-0.21868336
GALNS	0.84048474
GALNT1	1.2196833
GALNT10	0.642758
GALNT11	-0.63138455
GALNT14	-0.46303833
GALNT2	0.64769983
GALNT3	-0.026221089
GALNT4	-0.48563275
GALNT6	0.68465984
GALNT7	0.28572416
GALNT8	-0.017138712
GALR1	-0.16620648
GALR2	-0.19554624
GALR3	-0.42238075
GALT	0.21665327
GAMT	-0.8146429
GAN	0.1404879
GANAB	-0.005808927
GAP43	0.32157308
GAPDH	0.041816548
GAPDHS	-0.45724362
GAPVD1	0.0662715
GAR1	0.535415
GAREM1	-1.1944044
GARRE1	1.7058914
GARS1	0.27610117
GART	0.48581555
GAS1	-0.3074963
GAS2	0.417975
GAS2L1	0.16636744
GAS6	0.55761975
GAS7	0.49541008
GAS8-AS1	-0.14586657
GASK1B	0.43965065
GAST	-0.86364603
GATA1	-0.6217018
GATA2	0.84737384
GATA3	2.4536502
GATA4	-0.19318272
GATA6	-0.79605246
GATAD1	-0.3070757
GATAD2A	0.788036
GATB	-0.027309135
GATD3	-1.1526052
GATM	-0.97035944
GBA3	-1.3504741
GBE1	0.18246615
GBF1	0.2753158
GBP1	1.1024828
GBP2	1.9554563
GBX2	-0.14705707
GC	-0.46296257
GCA	-0.28451043
GCAT	-0.48855937
GCC1	0.060186364
GCC2	-1.0241423
GCDH	-0.5458113
GCFC2	-0.6698754
GCG	0.03142664
GCH1	0.5822236
GCHFR	-0.9776468
GCK	-0.03659252
GCKR	-0.26149398
GCLC	-0.526644
GCLM	-0.3376984
GCM1	-0.34365773
GCM2	0.08577007
GCN1	0.9061606
GCNT1	0.057081405
GCNT2	-0.07419531
GCNT3	-0.0757595
GCNT4	-0.2797784
GDAP1	-0.49863702
GDAP1L1	-0.0662421
GDAP2	-0.19615752
GDE1	0.53934747
GDF1	0.22174019
GDF10	-0.20183608
GDF11	0.87579125
GDF15	-1.5233979
GDF2	-0.17433634
GDF3	-0.056247875
GDF5	-0.47741032
GDF9	-0.71643007
GDI1	0.81188637
GDI2	-0.14692543
GDNF	-0.11497182
GDPD2	-0.85131705
GDPD3	-0.63702434
GDPD5	0.6429502
GEM	0.90860736
GEMIN2	0.1206005
GEMIN4	0.35833162
GEMIN6	0.14515036
GEMIN7	0.31120986
GEMIN8	-0.18409686
GET1	-0.4987307
GET3	-0.06952354
GFAP	-0.23864539
GFER	0.5258461
GFI1	0.19614288
GFI1B	0.50576234
GFOD1	0.27325398
GFOD2	0.6576736
GFOD3P	0.34926468
GFPT1	0.47265595
GFPT2	-0.00900235
GFRA1	-0.0047439337
GFRA2	0.009821456
GFRA3	-0.3727457
GFRA4	-0.0627677
GFUS	1.3295099
GGA1	0.8050366
GGA2	-0.65176535
GGA3	0.35296765
GGCT	-0.26649198
GGCX	0.46915317
GGH	-1.1210033
GGNBP2	-0.50275564
GGPS1	0.1222962
GGT1	-0.62623394
GGT5	0.5729836
GGTLC1	-0.75264764
GH1	0.051179245
GH2	-0.4312707
GHITM	-0.8784306
GHR	-1.2672391
GHRH	-0.029830739
GHRHR	-0.12002618
GHSR	-0.45329243
GID4	0.22690257
GID8	-0.07637474
GIGYF2	-0.5619908
GIMAP4	1.5612336
GIMAP5	0.6635461
GIMAP6	1.401181
GIN1	0.38473457
GINS2	0.8339505
GINS3	0.23598562
GINS4	0.65220755
GIP	-0.05084987
GIPC1	0.24813332
GIPC2	-1.391874
GIPR	-0.395361
GIT1	0.31504107
GIT2	1.2674596
GJA1	-0.6749064
GJA3	0.20263298
GJA4	1.3932928
GJA5	1.2819157
GJA8	-0.77894866
GJA9	-0.24967752
GJB1	-0.9193109
GJB3	-0.332629
GJB5	-0.022543387
GJC1	1.2300386
GJC2	-0.5656296
GJD2	-0.8157083
GK	-1.6941205
GK2	-0.040160935
GKN1	-0.20135939
GLA	1.5199213
GLB1	1.0624611
GLB1L	-0.20695233
GLB1L2	-1.171451
GLCE	-0.7276702
GLDC	-1.3596597
GLE1	0.21082927
GLG1	0.011951424
GLI1	0.015032146
GLI2	0.18466908
GLI3	-0.47365895
GLIPR1	1.1261176
GLMN	0.22037864
GLO1	-0.5252222
GLOD4	-0.5110099
GLP1R	-0.4856435
GLP2R	-0.16627663
GLRA1	0.08443363
GLRA2	-0.25596604
GLRA3	0.010182679
GLRB	0.97508097
GLRX	-0.85168767
GLRX2	0.7746716
GLRX3	0.5525243
GLRX3P2	0.3696304
GLRX5	-0.36178157
GLS	-1.6310805
GLS2	-0.4620822
GLT8D1	0.024203382
GLT8D2	0.6495731
GLTP	1.0424434
GLUD1	-0.97431785
GLUD2	-0.4566043
GLUL	-1.3622563
GLYAT	-1.3020034
GLYR1	0.06472862
GM2A	0.4305805
GMDS	-0.17709552
GMEB1	0.43206316
GMEB2	0.20948832
GMFB	0.080191955
GMFG	1.4360832
GMIP	0.64818937
GML	-0.56481165
GMNN	-0.23198706
GMPPA	0.3543108
GMPPB	1.4193025
GMPR	0.34133193
GMPR2	-0.29948378
GNA11	1.1977527
GNA12	0.9705839
GNA13	0.108257614
GNA14	-0.07110001
GNA15	1.1221299
GNAI1	1.1992779
GNAI2	1.4397821
GNAI3	0.3704953
GNAL	-0.2907048
GNAO1	0.18980813
GNAQ	-0.1786572
GNAS	0.49692988
GNAT1	-0.18091047
GNAT2	-0.16626284
GNAT3	-0.7537677
GNAZ	-0.4804358
GNB1	1.1859913
GNB1L	-0.1402413
GNB2	1.2176914
GNB3	-0.48581672
GNB5	-0.28716913
GNE	-0.19368435
GNG11	1.4073954
GNG12	-0.5294855
GNG13	0.006179057
GNG3	0.03565424
GNG4	-0.12841028
GNG5	0.6266384
GNG7	0.6070017
GNGT1	-0.04764332
GNL1	0.54534364
GNL2	0.37813798
GNL3	-0.4583375
GNL3L	0.37389868
GNLY	0.6953697
GNMT	-0.5492378
GNPAT	-0.17473346
GNPDA1	-0.21360868
GNPTAB	0.116265565
GNRH1	-0.42141834
GNRH2	-0.37674814
GNRHR	-0.6840612
GNS	0.39044094
GOLGA1	0.16742592
GOLGA2	0.30047512
GOLGA2P5	-0.8344877
GOLGA3	1.0751102
GOLGA4	-0.8076733
GOLGA5	-0.2985245
GOLGA7	-0.1540685
GOLGA8A	0.04836458
GOLGA8B	-0.5680912
GOLGB1	-0.63462764
GOLIM4	-0.516026
GOLM1	-0.16113092
GOLPH3	-0.7007002
GOLPH3L	-0.19860087
GOLT1B	0.7906356
GORASP1	-0.013306797
GORASP2	0.6388457
GOSR1	-0.04797367
GOSR2	0.1345188
GOT1	-1.2406619
GOT2	-0.08891358
GOT2P1	-1.0391023
GP1BA	0.047035955
GP2	-0.81018484
GP5	-0.86630666
GP6	0.29112223
GP9	0.12578137
GPA33	-0.41646266
GPAA1	0.4540013
GPALPP1	0.6194229
GPATCH1	0.099628784
GPATCH2	-0.60985017
GPATCH2L	0.5017831
GPATCH3	-0.17188527
GPATCH8	-0.29445705
GPBP1L1	-0.49289587
GPC1	0.6134406
GPC3	-0.10457427
GPC4	-0.75067276
GPC5	-0.07409621
GPD1	-0.91921836
GPD1L	-0.97977006
GPD2	0.43676674
GPER1	0.39451143
GPHN	-1.043135
GPI	0.1740812
GPKOW	0.66469014
GPLD1	-0.5433454
GPM6A	-0.32169712
GPM6B	0.86811936
GPN1	0.38667333
GPN2	1.0379497
GPN3	0.07641113
GPNMB	0.030041587
GPR107	0.95142794
GPR12	-0.7301153
GPR132	0.25333956
GPR135	-0.6784971
GPR137	-0.024863806
GPR137B	-0.84359425
GPR143	0.32074067
GPR15	-0.14248914
GPR161	-0.4147428
GPR162	-0.054446116
GPR17	0.26681268
GPR171	0.26021114
GPR173	-0.64034224
GPR176	0.30766952
GPR18	0.34988028
GPR183	0.17741711
GPR19	-0.10699032
GPR20	0.4203959
GPR21	-0.5858938
GPR22	-0.8441331
GPR25	-0.011099279
GPR27	0.24863663
GPR3	-0.9664496
GPR31	-0.23116425
GPR32	-0.4832382
GPR35	0.6141522
GPR37	0.06879082
GPR37L1	-0.15417287
GPR39	0.06434038
GPR4	1.6839788
GPR45	-0.18530783
GPR50	-0.21065961
GPR52	-1.1531295
GPR6	0.4061476
GPR63	0.27668402
GPR65	1.8236964
GPR68	0.43431607
GPR75	-0.31852302
GPR85	0.10847761
GPR87	-0.23492348
GPR88	-0.016362831
GPRASP1	-0.9482666
GPRASP3	0.18608351
GPRC5A	0.021114431
GPRC5B	1.4812264
GPRC5C	-0.62456787
GPRC5D	-0.37465328
GPS1	-0.075146005
GPS2	0.045185003
GPSM2	0.9625772
GPSM3	0.4175071
GPT	-0.32348704
GPX1	0.58615464
GPX2	-0.63225305
GPX3	-1.0327723
GPX4	0.0094717
GPX5	-0.29664785
GPX7	-0.097199135
GRAMD1C	-0.7672225
GRAMD2B	-0.011339899
GRAMD4	0.09681646
GRAP	0.98287714
GRAP2	-0.0052315146
GRB10	0.2516289
GRB14	-0.73703337
GRB2	0.9786803
GRB7	-0.10434665
GREB1	-1.1214651
GREB1L	-0.47835007
GREM1	0.57858145
GREM2	-0.61812276
GRHL2	-0.6416307
GRHPR	-0.7454634
GRIA1	-0.09523349
GRIA2	-0.06823215
GRIA3	-0.29432017
GRIA4	-0.18567695
GRID2	-0.26407197
GRIK1	-0.7472407
GRIK3	-0.4615981
GRIK4	0.16523597
GRIK5	-0.4801039
GRIN1	-0.2900551
GRIN2A	-0.19979924
GRIN2B	-0.62688506
GRIN2C	0.16601717
GRIN2D	0.26308087
GRINA	0.21522461
GRIP1	-0.055076037
GRK2	0.5883692
GRK3	-0.24837
GRK4	0.08233489
GRK5	-0.06858643
GRK6	1.0642545
GRM1	-0.40676343
GRM2	0.05730228
GRM3	0.18494013
GRM4	0.09089536
GRM5	-0.67827386
GRM6	-0.091014214
GRM7	0.23841245
GRM8	-0.41571546
GRN	1.2576869
GRP	-0.298865
GRPEL1	-0.8317091
GRPR	-0.83906794
GRSF1	-0.18635255
GRTP1	-0.47947532
GRWD1	0.7968061
GSC2	0.21649499
GSDMB	0.006655425
GSDMD	0.9023992
GSDME	0.11282942
GSE1	0.21671782
GSG1	0.21515144
GSK3A	-0.0949232
GSK3B	0.62725353
GSN	0.94990313
GSPT1	0.3339213
GSPT2	0.2509201
GSR	-0.35573095
GSS	-0.35782772
GSTA1	-1.1099225
GSTA3	-1.7195086
GSTA4	-0.7836163
GSTCD	-1.1234585
GSTK1	0.05309122
GSTM3	-0.27632257
GSTM4	-0.93647695
GSTM5	0.3848775
GSTO1	0.837003
GSTP1	0.3632801
GSTT1	-0.026316695
GSTT4	-0.760691
GSTZ1	-0.16849779
GTF2A1	-0.42898327
GTF2A2	-0.65928966
GTF2B	-0.052064545
GTF2E1	0.44378048
GTF2E2	0.7138233
GTF2F1	-0.14549105
GTF2F2	-0.109119736
GTF2H1	-0.32130346
GTF2H4	0.72919464
GTF2H5	0.38489315
GTF2I	0.06326596
GTF2IRD1	-0.6003093
GTF3C1	-0.15857236
GTF3C2	-0.31367588
GTF3C3	0.4360219
GTF3C4	-0.102081925
GTF3C5	0.34253266
GTPBP1	-0.5957895
GTPBP2	0.4320383
GTPBP3	-0.19168401
GTPBP4	0.6703993
GTPBP8	0.53958184
GTSE1	0.7064148
GUCA1A	-0.25477028
GUCA1B	-0.42416313
GUCA2A	-0.6104976
GUCA2B	0.16526906
GUCY1A1	1.7307037
GUCY1A2	0.5101235
GUCY1B1	0.79233074
GUCY1B2	-0.67131174
GUCY2C	0.021710105
GUCY2D	0.0033623688
GUCY2F	-0.034369756
GUF1	-0.28212756
GUK1	1.4385037
GULP1	-1.5326295
GUSB	1.3058658
GVINP1	0.8457428
GYG1	0.5641072
GYG2	-1.2410386
GYPA	-1.0565282
GYPB	-0.12235438
GYPC	0.83389485
GYPE	-0.09878133
GYS1	0.33374947
GYS2	-0.4642593
GZMA	1.356513
GZMB	0.68484855
GZMH	0.8047608
GZMK	0.7095142
GZMM	0.4018939
H1-0	0.8293763
H1-1	0.36043546
H1-10	0.73180133
H1-2	0.4905822
H1-3	-0.19487123
H1-4	0.5064548
H1-5	0.092294864
H2AC11	0.62285113
H2AC13	0.34042993
H2AC15	-0.119510114
H2AC16	-0.25755924
H2AC17	-0.008496523
H2AC4	0.17794636
H2AC8	0.34333038
H2AJ	-0.49821597
H2AP	-0.32269213
H2AX	0.100780666
H2AZ1	0.9320891
H2AZ2	0.35173202
H2BC10	-0.090851456
H2BC12	0.820114
H2BC13	-0.22698435
H2BC14	0.52054065
H2BC17	-0.27664247
H2BC21	1.2944764
H2BC3	-0.0022724345
H2BC5	-0.19498569
H2BC6	0.17310359
H2BC7	0.10217776
H2BC8	0.099668026
H2BC9	-0.13202493
H3-3B	-0.17192943
H3-4	0.4439976
H3C1	0.07141471
H3C11	0.24546663
H3C2	0.6398715
H3C3	-0.18338785
H3C4	0.2839277
H3C7	0.30110523
H3C8	0.55446464
H4C1	-0.070344314
H4C13	0.38022977
H4C2	-0.27801675
H4C3	-0.09690062
H4C4	0.33671606
H4C5	-0.41845873
H4C6	0.17012097
H4C7	0.24674234
H4C8	0.67952585
H6PD	-0.034712866
HAAO	-0.56194806
HABP2	-0.21413067
HABP4	0.26622027
HACD1	0.6021058
HACD2	0.117105104
HACD3	-0.06666029
HACL2	0.040767618
HADH	-1.5476866
HADHA	-0.35596752
HADHB	-0.35288054
HAGH	-0.5373962
HAL	-0.3968678
HAMP	0.36050582
HAND1	-0.4956074
HAND2	-0.3306601
HAND2-AS1	-0.1768654
HAO1	-0.8726927
HAO2	-1.3026501
HAP1	-0.21583053
HAPLN1	0.3129732
HAPLN2	-0.12718593
HARS1	1.0267041
HARS2	0.23685583
HAS1	-0.16036099
HAS2	-0.18340628
HAT1	0.056551546
HAUS2	0.79848427
HAUS3	0.11539006
HAUS4	0.067978635
HAUS5	0.1972912
HAUS6	0.24053784
HAUS7	0.589001
HAX1	0.33062792
HBA2	2.2535713
HBB	2.0347767
HBBP1	0.26697105
HBD	0.5789413
HBE1	-0.5946917
HBEGF	0.22334373
HBG2	-0.33310598
HBP1	-0.40933955
HBQ1	-0.25885
HBS1L	-0.2699257
HBZ	-0.5165866
HCCS	0.29323238
HCFC1	0.28906426
HCFC1R1	0.3637616
HCFC2	0.13730049
HCG26	0.60278976
HCG4	0.017127007
HCG4B	-0.6808636
HCG9	0.08409876
HCK	1.5245899
HCLS1	1.8127135
HCN2	0.09860316
HCN4	-0.5428211
HCP5	1.174643
HCRT	0.12500924
HCRTR1	-0.17690364
HCRTR2	0.10216892
HDAC1	1.1226145
HDAC11	-0.57742923
HDAC2	0.22365555
HDAC3	0.50655204
HDAC4	0.70767015
HDAC5	1.3252981
HDAC6	-0.872587
HDAC7	1.2915812
HDAC9	1.1959865
HDC	0.09628953
HDDC2	-0.98301184
HDGF	0.07054658
HDGFL3	0.21528092
HDHD3	-1.1957886
HDHD5	0.28952694
HDLBP	0.6312201
HEATR1	0.27144754
HEATR6	0.6798116
HEBP1	-0.30417377
HEBP2	-0.16247772
HECA	0.90759915
HECTD3	0.8106421
HECW1	-0.78851414
HEG1	0.9289618
HELZ	0.012874124
HEMK1	0.368446
HEMK2	0.49284542
HEPH	0.82377803
HERC1	0.19207223
HERC2	0.15222174
HERC3	-0.63189787
HERC4	-0.37332928
HERC5	-0.34086812
HERC6	0.5300499
HERPUD1	-0.6544385
HES1	-0.041380033
HES2	0.20915566
HESX1	0.16813241
HEXA	0.42273387
HEXA-AS1	-0.30495334
HEXB	1.0805775
HEXIM1	0.17253713
HEY1	0.57794094
HEY2	1.0624194
HEYL	0.791164
HFE	-0.0962299
HGF	0.30153897
HGFAC	-0.06951301
HGS	0.41764158
HGSNAT	0.073974356
HHAT	0.60014176
HHCM	-0.7220441
HHEX	1.7503365
HHIPL2	-0.37753975
HHLA1	-0.697605
HHLA2	-0.38009733
HIBCH	-0.83449185
HIC1	0.47220927
HIC2	0.11059506
HIF1A	-0.10144822
HIF1AN	0.5858501
HIF3A	-0.05333426
HIGD1A	-0.9169338
HIGD1B	-0.13785653
HIGD2A	-0.15213755
HIKESHI	0.28869382
HILPDA	-0.7556581
HINFP	-0.102559954
HINT1	-0.09886992
HIP1	1.2240987
HIPK1	-0.36145794
HIPK2	0.21883376
HIPK3	-0.8627666
HIRA	0.28111756
HIRIP3	0.06974775
HIVEP1	0.31327826
HIVEP2	0.32763046
HIVEP3	0.41490054
HJURP	0.4689473
HK1	1.5686588
HK2	0.8153374
HK3	0.905799
HKDC1	-0.26564652
HLA-A	1.1213291
HLA-B	0.6428818
HLA-C	1.1378345
HLA-DMA	1.2787987
HLA-DMB	1.2393534
HLA-DOA	0.5757738
HLA-DOB	-0.06411488
HLA-DPA1	1.096596
HLA-DPA2	-0.023713395
HLA-DPB1	0.8649765
HLA-DQA1	0.3064255
HLA-DQB1	1.1733416
HLA-DQB2	0.51866734
HLA-DRA	0.81344044
HLA-DRB1	1.1135598
HLA-DRB6	0.6132263
HLA-E	0.96258986
HLA-F	0.95996577
HLA-G	0.51754093
HLCS	0.032835066
HLF	-0.8628086
HLTF	-0.23326424
HLX	2.6666088
HMBOX1	0.3693887
HMBS	0.09195188
HMCES	-0.90990114
HMG20A	-0.058973268
HMG20B	0.25226662
HMGA1	0.70970017
HMGA2	-0.03583041
HMGB2	0.30226153
HMGB3	0.24104257
HMGB3P1	-0.16036119
HMGCL	-0.6184931
HMGCR	-0.20835909
HMGCS1	-0.55252695
HMGCS2	-1.0483707
HMGN1	-0.045207277
HMGN3	-0.33053428
HMGN4	-0.095536456
HMGN5	-0.57441175
HMGXB4	-0.59035224
HMHB1	0.05528912
HMMR	0.79383135
HMOX1	0.34972548
HMOX2	0.19385885
HNF1A	-0.81462
HNF1B	-0.089044616
HNF4A	-0.95594424
HNF4G	-0.802114
HNMT	-0.4213116
HNRNPA0	0.3492169
HNRNPA1	-0.42605966
HNRNPA2B1	0.12910452
HNRNPA3P1	0.5619402
HNRNPAB	0.68587863
HNRNPC	-0.13676137
HNRNPD	-0.1440558
HNRNPDL	-1.473172
HNRNPF	-0.34048408
HNRNPH1	-0.43883246
HNRNPH2	-0.418808
HNRNPH3	0.1333071
HNRNPK	-0.29400587
HNRNPL	-0.22602126
HNRNPM	0.47859523
HNRNPR	0.50700015
HNRNPU	-0.30361003
HNRNPUL1	1.2962873
HNRNPUL2	0.25449023
HOMER1	-0.5589147
HOMER2	-0.091109
HOMER3	0.9810003
HOOK1	-1.2155575
HOOK2	-0.07212592
HOPX	0.7363682
HOXA1	-0.0844303
HOXA10	0.34984887
HOXA11	1.0076208
HOXA2	-0.25455287
HOXA3	0.55453223
HOXA4	0.3872307
HOXA5	-0.16006789
HOXA6	-0.05820772
HOXA7	0.4391824
HOXA9	0.28043404
HOXB1	-0.2471814
HOXB13	-0.00051249564
HOXB2	0.99748933
HOXB3	0.7574941
HOXB5	0.96305275
HOXB6	1.5470419
HOXB7	1.1952468
HOXB8	0.9438367
HOXB9	0.14147633
HOXC10	0.20006603
HOXC11	0.020669715
HOXC13	-0.37036526
HOXC4	0.36957255
HOXC5	0.72444713
HOXC6	1.3473536
HOXC8	-0.39163166
HOXD1	-0.05087751
HOXD10	-0.12685342
HOXD11	0.56917745
HOXD12	0.10040478
HOXD13	-0.52728105
HOXD3	-0.6054589
HOXD9	-0.12152788
HP	-0.139239
HP1BP3	-0.4323547
HPCA	-0.33433902
HPCAL1	0.33340198
HPCAL4	0.118664764
HPD	-1.4932755
HPF1	0.17624187
HPGD	-0.17656332
HPGDS	0.43334073
HPN	-1.0487993
HPR	0.17399868
HPRT1	0.49567312
HPS1	0.35368556
HPS4	-0.15094179
HPS5	-0.62223
HPS6	0.39223093
HPSE	0.88910246
HPSE2	-0.7390607
HPX	-0.7100262
HR	-0.16176389
HRAS	0.7734567
HRC	0.2684865
HRG	-1.6242781
HRH1	0.15339173
HRH2	0.07071191
HRH3	-0.4975617
HRH4	-0.5352464
HRK	0.11563811
HROB	-0.26933587
HS1BP3	0.1155269
HS2ST1	-0.44922566
HS3ST1	0.24684468
HS3ST2	0.5051838
HS3ST3A1	-0.08902694
HS3ST3B1	0.26327235
HSBP1	0.36540142
HSD11B1	0.35884053
HSD11B2	-1.0915965
HSD17B1	0.73051935
HSD17B10	0.19595665
HSD17B11	-0.053828634
HSD17B12	0.44183964
HSD17B14	-1.241945
HSD17B2	-0.521864
HSD17B3	-0.3315311
HSD17B4	0.3124668
HSD17B6	0.2226798
HSD17B8	-0.48160887
HSD3B1	-0.40605655
HSD3B2	-0.8840118
HSD3BP1	-0.335401
HSDL2	-1.1540489
HSF1	0.55120236
HSF2	-0.23935577
HSF2BP	-0.20330073
HSF4	-0.3972925
HSP90AA1	-0.44024807
HSP90AB1	-0.65934
HSP90B1	0.09631287
HSPA12A	-0.59927964
HSPA13	-0.29527372
HSPA14	-0.06868769
HSPA1A	-0.99907327
HSPA1B	-0.92373705
HSPA1L	-1.0937448
HSPA2	-0.3978725
HSPA4	0.23098183
HSPA4L	-1.2549511
HSPA5	0.8937348
HSPA6	-0.89053345
HSPA8	-0.17365357
HSPA9	-1.3442127
HSPB2	0.60887367
HSPB3	0.80387646
HSPB6	0.1866262
HSPB7	-0.3704563
HSPB8	-1.143938
HSPBAP1	0.7001654
HSPBP1	0.050176278
HSPE1	0.27404058
HSPG2	1.1706698
HSPH1	-0.8694245
HTATIP2	1.0286157
HTATSF1	0.24935085
HTN1	-0.4797004
HTN3	-0.44873518
HTR1A	-0.1746019
HTR1B	-0.1209877
HTR1D	-0.23989964
HTR1E	-0.14282888
HTR1F	-0.7073891
HTR2A	-0.8740902
HTR2B	1.3611994
HTR2C	-0.1734957
HTR3A	-0.3875737
HTR3B	-0.12499817
HTR4	-0.5508424
HTR5A	-0.14878762
HTR7	-0.19416833
HTR7P1	0.31788528
HTRA1	-0.5273399
HTRA2	0.8692542
HTT	0.9917056
HUNK	-0.28787783
HUS1	0.69008917
HUWE1	-0.16702205
HYAL1	-0.14345409
HYAL2	0.874097
HYAL3	0.6217053
HYAL4	-0.2978721
HYDIN	-0.15432294
HYI	-0.20203295
HYMAI	-0.110241495
HYOU1	0.8104021
HYPK	0.7520485
IAPP	-0.21276838
IARS1	-0.09573651
IARS2	0.047845453
IBSP	-0.092413075
IBTK	-0.41837066
ICA1	0.4552006
ICAM1	0.6038186
ICAM2	1.3955312
ICAM3	0.051902533
ICAM4	0.2566093
ICAM5	-0.13734546
ICE1	0.21902002
ICE2	-0.87335306
ICMT	0.9239638
ICOS	0.29659235
ICOSLG	-0.97348976
ID1	1.1936024
ID2	0.10392497
ID3	1.2491834
ID4	-1.1939601
IDE	-0.08705563
IDH1	-0.39360738
IDH2	0.24245594
IDH3A	-0.3136198
IDH3B	-0.2631554
IDH3G	-0.13753179
IDI1	-0.73342603
IDI2-AS1	-0.6636884
IDO1	1.0244098
IDS	1.4373834
IDUA	0.40857548
IER2	-0.20051286
IER3	0.14301443
IER5	0.97131675
IFFO1	0.6187762
IFI16	1.0431025
IFI27	1.0284584
IFI30	1.6666892
IFI35	1.085549
IFI44	0.8239069
IFI44L	0.24762939
IFI6	0.5736743
IFIH1	0.87058944
IFIT1	0.53018117
IFIT2	0.4957885
IFIT3	0.93055403
IFIT5	0.3144194
IFITM1	0.81615317
IFITM2	0.8377739
IFITM3	0.2045455
IFITM3P7	0.7119919
IFNA1	-0.49471942
IFNA10	-0.26938832
IFNA16	-0.06286563
IFNA2	-0.56883895
IFNA21	-0.1274643
IFNA5	-0.67415076
IFNA6	-0.21902888
IFNA7	-0.3060336
IFNA8	0.20117547
IFNAR1	1.7187098
IFNAR2	1.3243921
IFNB1	-0.06924479
IFNG	-0.0050599463
IFNGR1	-0.30083752
IFNGR2	1.0008595
IFNW1	-0.18663324
IFRD1	-0.6524767
IFRD2	0.7351117
IFT122	-0.07211255
IFT140	-0.026702888
IFT20	0.6086345
IFT22	-0.5335321
IFT25	-0.8028481
IFT27	0.16625081
IFT38	-0.34112632
IFT46	-0.20560205
IFT52	0.13016295
IFT54	0.20396453
IFT56	-0.47271037
IFT57	-1.3291595
IFT70A	-0.14728305
IFT74	-0.34173834
IFT81	-0.9428724
IFT88	-0.5948719
IGBP1	-0.24934195
IGF1	-0.66316664
IGF2	-0.07757487
IGF2-AS	-0.06998881
IGF2BP3	-0.32241857
IGF2BP3P1	-0.018503144
IGF2R	0.24235533
IGFALS	-0.3142253
IGFBP1	0.08690265
IGFBP2	0.3911873
IGFBP3	0.2308726
IGFBP4	0.7432371
IGFBP5	1.0297657
IGFBP6	1.4475756
IGFBP7	0.42836085
IGFLR1	0.41280353
IGHA1	0.019660413
IGHD	0.08563675
IGHE	0.01271496
IGHM	0.6986778
IGHMBP2	0.07817392
IGHV1-2	0.47057045
IGHV1-69	0.0815551
IGHV3-23	0.3291483
IGHV3-47	-0.098139934
IGHV3-72	-0.49528012
IGHV3-73	-0.036785915
IGHV3-9	0.34394258
IGHV4-34	-0.14381036
IGKC	0.111080386
IGKV1-37	0.039165236
IGKV1D-8	-0.014064029
IGKV3-20	0.18342869
IGKV4-1	0.2723651
IGLL1	0.21287078
IGLL3P	0.22623083
IGLV1-40	0.292238
IGLV2-14	-0.17760056
IGLV3-10	-0.08898751
IGLV3-19	0.2612716
IGLV3-25	0.09547947
IGLV4-60	-0.25276566
IGLV6-57	0.054321326
IGSF1	-0.13329718
IGSF3	0.054505162
IGSF6	0.8893893
IGSF9B	0.19506891
IK	0.72997886
IKBKB	1.2854369
IKBKE	0.7974038
IKZF1	0.9723624
IKZF2	-0.5607806
IKZF3	0.1475273
IKZF4	-0.26468378
IKZF5	-0.9785838
IL10	0.050697986
IL10RA	1.6442368
IL10RB	1.5458885
IL11	-0.26579323
IL11RA	-0.025498495
IL12A	0.43184894
IL12B	-0.20320986
IL12RB1	1.0083971
IL12RB2	-0.23904847
IL13	-0.7045754
IL13RA1	0.5325928
IL13RA2	0.22801772
IL15	0.33001268
IL15RA	1.3033661
IL16	1.217726
IL17A	-0.19900174
IL17B	0.35566342
IL17RA	0.5060804
IL17RB	-0.7818021
IL17RC	-0.13533317
IL18	-0.076235846
IL18R1	0.25031894
IL18RAP	-0.48158193
IL19	-0.15411991
IL1A	0.018782988
IL1B	0.80679095
IL1R1	0.5802954
IL1R2	-0.41897222
IL1RAP	-0.11639835
IL1RAPL1	-0.55276865
IL1RAPL2	-0.6572042
IL1RL1	0.18174335
IL1RL2	-0.35825664
IL1RN	0.37060797
IL2	0.002749391
IL20RA	-0.24472214
IL21	-0.19687285
IL21R	1.3289387
IL22	-0.60487676
IL22RA1	-0.5961477
IL23A	-0.6397983
IL24	-0.55614734
IL25	-0.5679481
IL26	0.26937646
IL27RA	1.2144711
IL2RA	-0.21464744
IL2RB	1.2709968
IL2RG	0.8088198
IL3	-0.33381194
IL32	0.72959584
IL33	0.7640246
IL36A	-0.6206087
IL36G	0.17797384
IL36RN	-0.04284653
IL37	0.18794794
IL4	0.06887944
IL4R	0.4656678
IL5	-0.4251774
IL5RA	0.20471133
IL6	-0.3871471
IL6R	-1.0781642
IL6ST	-0.2999913
IL7	0.39085752
IL7R	0.4418909
IL9	-0.6164293
ILF2	-0.14918196
ILF3	0.58993655
ILK	1.3818183
ILKAP	-0.05810493
ILRUN	0.38342407
IMMT	-0.14142272
IMP3	-0.050615013
IMP4	0.34779453
IMPA1	-0.28653082
IMPA2	-1.1745156
IMPACT	-0.39534765
IMPDH1	0.79296094
IMPDH2	0.40600145
IMPG1	0.06594397
IMPG2	-0.22499087
INA	-0.032342985
INCENP	0.2470625
INE1	-0.54518175
INF2	0.24069485
ING1	-1.0272624
ING2	-0.9151963
ING3	0.32526332
ING4	0.2583012
INHA	-0.7794667
INHBA	0.096103616
INHBB	-0.08082129
INHBC	-0.22583765
INHBE	-0.030706301
INKA2	-0.21719968
INO80B	-0.3598616
INO80D	-0.4432934
INPP1	-0.112820834
INPP4A	0.7148036
INPP4B	0.6664816
INPP5A	0.83867794
INPP5B	0.33244064
INPP5D	1.5968893
INPP5E	0.47637495
INPP5F	0.4431097
INPP5J	-0.4024943
INPP5K	1.1598282
INPPL1	0.8886889
INS	-0.22420503
INSIG1	-0.09634593
INSIG2	-0.6469617
INSL3	0.07348055
INSL4	0.831483
INSL5	-0.4293937
INSL6	0.07489535
INSM1	-0.010026127
INSR	-1.2393124
INSRR	-0.31727046
INTS1	0.6226511
INTS11	0.6035694
INTS12	0.25004405
INTS13	0.74564874
INTS14	-0.7137883
INTS15	0.47246206
INTS3	0.08937733
INTS5	0.59048665
INTS6	-0.15496244
INTS7	0.12433499
INTS8	0.50733435
INTS9	0.38943487
INVS	0.12156963
IP6K1	0.6909995
IP6K2	-1.1418037
IPCEF1	-0.48428214
IPO13	0.0061274134
IPO4	0.17383347
IPO5	-0.31404957
IPO8	0.15166722
IPP	-0.28950405
IPPK	0.13508582
IQCB1	-0.8137416
IQCC	-0.23247367
IQCE	0.5315177
IQCH	-0.71245193
IQCK	-0.103557795
IQGAP1	0.7815404
IQGAP2	-0.7374269
IQSEC1	1.6122841
IQSEC2	-0.40726843
IRAG2	0.15312642
IRAK1	0.9298289
IRAK3	-0.6558069
IRAK4	0.47581097
IRF1	1.6524699
IRF2	0.6004258
IRF2BP1	-0.3022589
IRF3	0.315083
IRF4	0.05293835
IRF5	0.3931894
IRF7	0.9987398
IRF8	0.7705358
IRF9	0.4968981
IRGC	0.33209562
IRS1	0.38737565
IRS2	-1.317577
IRS4	-0.43844834
IRX4	0.04613675
IRX5	0.391209
ISCA1	-0.6532056
ISCU	0.11189875
ISG15	1.3708911
ISG20	0.9924741
ISG20L2	-0.2818521
ISL1	0.17102653
ISLR	0.58607984
ISOC1	-0.749632
ISOC2	-0.5876204
IST1	0.21069619
ISYNA1	0.9261906
ITCH	-0.75609547
ITFG1	0.25129548
ITFG2	0.25964868
ITGA10	0.46246445
ITGA2	0.36541218
ITGA2B	0.25041598
ITGA3	1.0543841
ITGA4	1.1196203
ITGA5	1.468237
ITGA6	0.061441064
ITGA7	0.522778
ITGA8	0.5554275
ITGA9	-0.10319127
ITGAE	0.8177407
ITGAL	1.384691
ITGAM	1.1392691
ITGAV	0.45459557
ITGAX	0.8580636
ITGB1	0.017630408
ITGB1BP1	0.98397803
ITGB1BP2	0.0028446838
ITGB2	1.4621842
ITGB3	0.3097973
ITGB3BP	-0.038240865
ITGB4	0.006142795
ITGB5	0.30413362
ITGB6	0.24222212
ITGB7	0.13746206
ITGB8	-0.056832835
ITGBL1	0.19551142
ITIH1	-0.12727879
ITIH2	-0.06634718
ITIH3	0.84874856
ITIH4	-0.067343414
ITIH5	-0.35739407
ITK	0.34947437
ITM2A	0.7211549
ITM2B	-0.50836337
ITM2C	0.75224733
ITPA	0.66191745
ITPK1	0.10704855
ITPKA	-0.00633768
ITPKB	1.5222001
ITPKC	-0.30983418
ITPR1	-0.32047632
ITPR2	-0.5755518
ITPR3	0.65251344
ITPRID2	-0.16670215
ITSN1	-0.32055607
ITSN2	-0.027286101
IVD	-0.41714063
IVL	-0.4975637
IVNS1ABP	-0.8771323
IZUMO4	0.0027292334
JADE2	-0.12080589
JADE3	0.92079365
JAG1	0.65959036
JAG2	1.5392976
JAK2	-0.76655483
JAK3	0.34489495
JAKMIP2	0.37707168
JAM2	1.1353266
JAM3	0.4344207
JARID2	-0.086894155
JCAD	1.9180675
JCHAIN	0.22279464
JHY	-0.8008046
JMJD1C	-1.1436672
JMJD4	0.47821623
JMJD6	-0.50724596
JMJD7-PLA2G4B	-0.03985284
JOSD1	-0.8344493
JPH2	0.100411266
JPH3	-0.2167823
JPT1	2.3080347
JPT2	0.5177967
JRKL	0.04908429
JTB	0.14968292
JUN	-2.1648173
JUNB	-1.5719593
JUND	-1.3698683
JUP	0.6969786
KALRN	-0.16227259
KANK1	-1.243396
KANK2	0.39467093
KANK3	1.2759049
KANSL1L	-1.0200893
KANSL2	-0.12867326
KANSL3	0.54661524
KARS1	0.6266316
KAT2A	0.41474286
KAT2B	-0.3011904
KAT5	-0.5113122
KAT6A	-0.09180937
KAT6B	-0.34246504
KAT8	-0.6608006
KATNA1	0.12228957
KATNB1	0.4990596
KATNBL1	-0.09319022
KATNIP	0.30670005
KAZALD1	0.21409188
KAZN	0.22066194
KBTBD11	-1.0858294
KBTBD2	-0.51915246
KBTBD4	-0.5158188
KCMF1	-0.065501586
KCNA1	0.35144755
KCNA10	-0.5914258
KCNA2	-0.31311035
KCNA3	-0.034195382
KCNA4	-0.691983
KCNA5	-0.3552999
KCNAB1	0.013236187
KCNAB2	-0.24446158
KCNAB3	-0.37457657
KCNB1	0.19604906
KCNB2	-0.34453744
KCNC1	-0.5134458
KCNC3	-0.24320807
KCNC4	1.1194186
KCND1	0.9937783
KCND2	0.26881862
KCND3	-0.198291
KCNE1	0.16229412
KCNE2	-0.30021933
KCNE5	-0.03939668
KCNF1	-0.32364362
KCNG1	-0.62723327
KCNG2	-0.5621929
KCNH1	-0.23534092
KCNH2	0.7442816
KCNH4	-0.67395794
KCNH6	-0.82127583
KCNIP1	-0.6784736
KCNIP2	-0.3964815
KCNJ1	-0.601856
KCNJ10	-0.6786524
KCNJ12	0.8202388
KCNJ13	-0.7114835
KCNJ14	0.022374073
KCNJ15	-0.99806297
KCNJ16	-1.2721916
KCNJ2	0.78800917
KCNJ3	-0.99251103
KCNJ4	-0.19907974
KCNJ5	0.14855927
KCNJ6	-0.24037956
KCNJ8	0.046909418
KCNJ9	-0.11469032
KCNK1	-0.3449585
KCNK10	-0.5166521
KCNK12	-0.29776025
KCNK13	-0.059374563
KCNK15	0.605257
KCNK2	-0.51153547
KCNK3	0.47874632
KCNK5	-1.8176031
KCNK7	-0.43347996
KCNMA1	0.03403534
KCNMB1	1.4561827
KCNMB2	-0.75822407
KCNMB4	-0.38228995
KCNN1	-0.31489354
KCNN2	0.8879832
KCNN3	0.52730143
KCNN4	0.697445
KCNQ1	-0.2741149
KCNQ1DN	-0.4325105
KCNQ2	-0.3218627
KCNQ3	-0.726106
KCNQ4	0.009543873
KCNS1	-0.53004956
KCNS3	0.19461882
KCNV1	-0.6081603
KCNV2	-0.5509988
KCTD12	0.93659294
KCTD13	0.45648485
KCTD14	0.3629576
KCTD15	1.492296
KCTD17	0.23666283
KCTD2	-0.57903576
KCTD20	0.10691188
KCTD3	-1.5497093
KCTD5	0.3102122
KDELR1	0.8923396
KDELR2	0.9156493
KDELR3	1.3833839
KDM1A	-0.23271653
KDM2A	-0.543534
KDM3A	0.037743717
KDM3B	-0.92016816
KDM4A	0.027292062
KDM4B	-0.13548964
KDM4C	-0.62786376
KDM4D	0.08354917
KDM5A	0.9755317
KDM5B	0.62722266
KDM5C	-0.29986578
KDM5D	0.27746895
KDM6A	-0.41787845
KDM6B	-0.43411857
KDM7A	-0.33544183
KDM8	0.07767683
KDR	0.9338358
KDSR	-0.04406953
KEAP1	1.29937
KEL	-0.43497863
KERA	-0.17747793
KHDC1	0.5719894
KHDC4	0.35055467
KHDRBS1	-0.073383644
KHDRBS2	-0.2833255
KHDRBS3	0.8509518
KHK	-1.2247717
KHNYN	1.5245059
KHSRP	-0.09746571
KIAA0040	0.8374471
KIAA0232	-0.6977289
KIAA0319	-0.15102573
KIAA0319L	-0.31970453
KIAA0408	-0.06114632
KIAA0513	0.6423123
KIAA0586	-0.2931218
KIAA0753	-0.092268616
KIAA0930	1.2266273
KIAA1614	-0.053620964
KIDINS220	-0.01572454
KIF11	0.80227864
KIF13B	-0.6129792
KIF14	0.8274926
KIF15	0.2806401
KIF16B	-0.8368045
KIF17	0.6029497
KIF18A	0.30914003
KIF1A	0.8840492
KIF1B	-0.40496233
KIF1C	1.1025264
KIF20A	0.9210112
KIF20B	0.5241438
KIF21B	0.37490132
KIF22	-0.3281397
KIF23	0.6589999
KIF25	0.025198134
KIF26B	0.3865781
KIF2A	0.78745013
KIF2C	0.6841252
KIF3A	0.004162416
KIF3B	0.37654176
KIF3C	0.45608816
KIF4A	0.51198316
KIF5A	-0.3158821
KIF5B	0.24929652
KIFAP3	-0.13361269
KIFBP	0.2038693
KIFC1	0.3956039
KIFC3	1.1079036
KIN	0.31038088
KIR2DL1	0.17913224
KIR2DL3	-0.16874582
KIR2DS4	-0.21511456
KIR3DL1	0.09640792
KIR3DL2	0.03664457
KIR3DL3	0.12501465
KIRREL1	0.046694607
KISS1	-0.1569462
KIT	-0.7089872
KITLG	0.4216578
KIZ	-0.69644594
KL	-1.1922805
KLC1	1.1275191
KLC2	0.40452713
KLF1	-0.053827066
KLF10	-0.81703055
KLF11	0.2619413
KLF12	0.095287584
KLF13	0.76851285
KLF15	-1.6244875
KLF2	0.2780195
KLF3	0.6367837
KLF4	-1.4418614
KLF5	-0.8217541
KLF6	-1.5031443
KLF8	0.2742875
KLF9	-1.7985146
KLHDC10	-0.24488683
KLHDC2	-0.7302275
KLHDC3	-0.08456405
KLHDC4	0.19304538
KLHDC8A	-0.5592525
KLHL1	-0.46300206
KLHL11	-0.096865594
KLHL12	-0.19911024
KLHL18	0.019990057
KLHL2	0.3890016
KLHL20	-0.037694644
KLHL21	-0.43447235
KLHL22	0.29003966
KLHL24	0.31242922
KLHL25	-0.11199483
KLHL26	-0.64586484
KLHL3	-0.6328789
KLHL36	0.3406408
KLHL4	0.024550118
KLHL41	0.10478912
KLHL7	-0.06780029
KLHL9	0.19012004
KLK1	-1.1015892
KLK10	-0.42689818
KLK11	-0.64670646
KLK12	-0.45346135
KLK13	-0.44266358
KLK14	-0.16226587
KLK15	-0.14803751
KLK2	-0.057035968
KLK3	-0.8934518
KLK5	-0.46858048
KLK6	0.47073638
KLK7	-0.28541082
KLK8	0.14704001
KLKB1	-0.4959395
KLRA1P	-0.5826403
KLRB1	0.3033648
KLRC3	0.33761966
KLRC4	-0.2201839
KLRD1	0.65177935
KLRF1	0.7889347
KLRG1	-0.28997198
KLRK1	0.20558381
KMO	-0.8494868
KMT2A	-0.35017246
KMT2B	0.64592427
KMT2D	0.9160058
KMT5B	0.35859227
KNG1	-1.0227696
KNOP1	1.3833448
KNTC1	0.22924326
KPNA1	0.12433919
KPNA2	1.5890213
KPNA3	0.2882795
KPNA5	-0.7676189
KPNA6	0.32542175
KPNB1	0.48241442
KPTN	0.46001709
KRABD4	0.2647119
KRAS	0.2867854
KRCC1	-1.2177662
KREMEN2	-0.33676642
KRI1	0.539404
KRIT1	0.007170908
KRR1	-0.2132293
KRT1	-0.41001877
KRT10	1.0592604
KRT12	-0.22729054
KRT13	-0.14587675
KRT14	0.2866177
KRT15	0.2409795
KRT16	-0.16513586
KRT17	0.24011867
KRT18	-0.14040469
KRT18P27	-0.37554193
KRT18P38	-0.064602904
KRT18P44	0.050149202
KRT18P50	-0.24353886
KRT19	0.2856818
KRT2	0.20986047
KRT20	0.1963107
KRT23	0.06475888
KRT24	0.16167223
KRT3	0.06668688
KRT31	0.087701246
KRT32	-0.43471104
KRT33A	-0.015949836
KRT33B	-0.2922486
KRT34	0.3001724
KRT35	-0.36848798
KRT36	-0.10439819
KRT37	-0.3018912
KRT38	-0.4374805
KRT4	-0.28424394
KRT5	-0.060846448
KRT6B	-0.39545968
KRT7	0.041810125
KRT75	-0.49546474
KRT76	-0.81773674
KRT81	-0.50519633
KRT83	-0.4392501
KRT84	-0.10003453
KRT85	-0.18305062
KRT86	-0.31908745
KRT9	-0.21484445
KRTAP1-1	-0.019756727
KRTAP1-3	-0.24457952
KRTAP2-4	-0.3400824
KRTAP5-9	-0.54298335
KSR1	-0.16404186
KTN1	-0.7048778
KXD1	0.68415475
KYAT1	-1.0168759
KYAT3	-0.48026532
KYNU	-0.089641124
L1CAM	-0.24588892
L1TD1	0.10207632
L2HGDH	-0.73763764
L3MBTL1	0.07284121
LACTB2	-0.9064281
LAD1	-0.60589373
LAG3	0.16121463
LAGE3	1.0848975
LAGE3P1	1.0195875
LAIR1	1.1792665
LAIR2	0.384858
LALBA	0.30803898
LAMA2	0.6103885
LAMA3	-0.6008834
LAMA4	0.91422
LAMA5	0.8462592
LAMB1	-0.4545189
LAMB2	0.6932251
LAMB3	0.46457905
LAMB4	-0.044838067
LAMC1	1.6451535
LAMC2	0.3494525
LAMC3	0.14100046
LAMP1	0.35851163
LAMP2	0.18580109
LAMP3	0.06674449
LAMP5	-0.063865624
LAMTOR2	0.7962106
LAMTOR3	-0.49245435
LAMTOR5	-1.056446
LANCL1	-0.44034517
LANCL2	-0.12225004
LAP3	0.68580925
LAPTM4A	-0.072401784
LAPTM4B	1.0388162
LAPTM5	1.9779932
LARGE1	0.12651265
LARP1	0.22241893
LARP4	-0.92392564
LARP4B	-0.3902983
LARP6	0.08552492
LARP7	-0.1568494
LARS2	0.34102547
LAS1L	-0.11481604
LASP1	1.222911
LAT	1.1086987
LAT2	0.83312654
LATS1	-0.44450405
LAX1	0.14841345
LBH	1.1992766
LBHD1	0.94497395
LBP	-0.25675952
LBR	0.320142
LBX1	0.3639422
LCAT	0.70608234
LCE2B	-0.30297077
LCK	0.83667374
LCMT1	0.808174
LCMT2	0.14279598
LCN1	0.089491226
LCN2	0.32401597
LCP1	1.1990848
LCP2	1.1478658
LCT	-0.621661
LDAF1	-0.1036585
LDAH	-0.053750932
LDB1	-0.0060471743
LDB2	0.5338385
LDB3	-0.26389113
LDHA	0.26763
LDHAL6B	-0.5425642
LDHB	-1.1528006
LDHC	-0.46703333
LDLR	0.073742345
LDLRAD4	1.5293034
LDLRAP1	1.6424465
LDOC1	0.744072
LECT2	-0.360726
LEF1	0.19011675
LEFTY1	-0.770262
LEFTY2	-0.2657805
LEMD3	0.09799894
LENEP	-0.29843056
LEP	-0.29078168
LEPR	-0.96092474
LEPROT	-0.5163571
LEPROTL1	0.7088479
LETM1	-0.4097484
LETMD1	-0.6166022
LFNG	1.0830119
LGALS1	1.5791124
LGALS13	-0.5107603
LGALS14	-0.3936818
LGALS2	-0.877952
LGALS3BP	0.98456657
LGALS4	-0.41331595
LGALS8	0.52792346
LGALS9	0.56111455
LGALSL	-0.66980755
LGI1	-0.020281166
LGI2	0.13797295
LGMN	-0.4760077
LGR4	-1.0574965
LGR5	-0.5973789
LGSN	-0.3221672
LHB	-0.040845167
LHCGR	-0.24346358
LHFPL2	1.1712909
LHFPL6	0.8033818
LHPP	-0.5274126
LHX1	-0.32301882
LHX2	0.21119204
LHX3	-0.2833873
LHX5	0.65568554
LHX6	0.06643984
LIAS	-0.23200318
LIF	-0.08296892
LIFR	-0.37253627
LIG1	0.05659406
LIG3	0.39324728
LIG4	0.23537496
LILRA1	1.1805911
LILRA2	0.78290397
LILRA3	0.47910666
LILRA4	0.011116896
LILRA5	0.95177007
LILRB1	0.92403406
LILRB2	1.2076765
LILRB3	0.22546995
LILRB4	0.73192793
LILRB5	0.1874474
LIM2	-0.3283196
LIMA1	0.5431845
LIMCH1	0.47895646
LIMD1	0.34113413
LIMD2	0.9045441
LIME1	-0.7715653
LIMK1	0.8673953
LIMK2	0.16119747
LIMS1	-0.10529201
LIMS2	0.91673505
LIN28A	-0.39058855
LIN37	0.92698085
LIN7A	-0.8177291
LIN7B	-0.043156773
LIN7C	-0.20675425
LINC00312	-0.24038862
LINC00472	-0.39663228
LINC00474	-0.41511732
LINC00574	-0.43962502
LINC00597	0.5099126
LINC00652	-1.0644636
LINC00921	0.40242738
LINC01565	-0.6436092
LINC01587	-0.64951277
LIPA	1.5632583
LIPC	-0.09283526
LIPE	0.4778097
LIPF	-0.48286417
LIPG	0.17370018
LIPT1	0.500795
LITAF	1.0956459
LLGL1	-0.24331608
LLGL2	-0.5329084
LMAN1	-0.7830955
LMAN1L	-0.01737655
LMAN2	0.93729496
LMAN2L	0.22067511
LMBR1L	-0.46964455
LMBRD1	-0.63382816
LMCD1	0.56953436
LMF1	0.13242605
LMF2	0.6461327
LMNA	0.86242294
LMNB1	0.695313
LMNB2	0.39683318
LMO1	-0.39697367
LMO2	1.2535269
LMO3	0.12726559
LMO4	0.5907895
LMO7	0.34823444
LMOD1	0.17232984
LMTK1	0.045084253
LMTK2	-0.45288232
LMX1B	0.02098009
LNPEP	0.43375504
LOC155060	0.015433371
LOC220077	0.1207679
LOC346329	-0.030462805
LOC392555	-0.46261433
LOC645749	0.3929554
LOC730101	0.18353319
LONP1	-0.060503796
LONRF3	-0.9798453
LORICRIN	-0.3757338
LOX	-0.9102442
LOXL1	0.16788937
LOXL2	1.1285799
LPA	-0.41806835
LPAL2	-0.003324043
LPAR1	0.0859354
LPAR2	-0.109068185
LPAR3	-0.08242617
LPAR4	0.1446836
LPAR6	1.907811
LPCAT1	1.7914283
LPCAT3	0.20631231
LPCAT4	0.9562286
LPGAT1	0.27023095
LPIN1	-1.3901489
LPIN2	-0.1554739
LPL	-1.0078838
LPO	-0.32600373
LPP	1.1503482
LPXN	0.5543688
LRAT	-0.20605393
LRBA	-0.5615181
LRCH1	-0.058228686
LRCH4	0.295498
LRFN3	1.3146735
LRFN4	0.35330093
LRIF1	-0.36622915
LRIG1	0.3816958
LRIG2	-0.6030897
LRIT1	-0.37213734
LRP1	0.6770875
LRP10	1.4004211
LRP12	0.14974697
LRP1B	-0.66257215
LRP2	-1.2764884
LRP2BP	-0.067742765
LRP3	1.0253768
LRP4	0.51222897
LRP5	0.100232825
LRP5L	0.2138842
LRP6	-0.54167014
LRP8	0.3871513
LRPAP1	0.9526622
LRPPRC	-0.9431437
LRRC1	-1.1711066
LRRC14	0.73978615
LRRC15	-0.75491005
LRRC17	0.5092203
LRRC19	-1.2915533
LRRC2	-0.5851844
LRRC20	-0.15812433
LRRC23	-0.6467098
LRRC3	0.102737434
LRRC31	-0.36444655
LRRC32	2.1921856
LRRC36	-0.5507448
LRRC40	-0.4141978
LRRC41	-0.11803416
LRRC42	0.061028183
LRRC47	0.01293686
LRRC49	0.52760404
LRRC59	1.0273868
LRRC61	-0.53645724
LRRC8D	-0.2407037
LRRC8E	-0.27653688
LRRFIP1	0.24710819
LRRFIP2	-0.787739
LRRK1	0.2445082
LRRN2	1.1265146
LRRN3	0.09410569
LRRTM2	-1.2499282
LRRTM4	0.013255082
LRTM1	-0.17455173
LSAMP	-0.20260222
LSG1	-0.11731217
LSM1	0.6266589
LSM14A	-0.635232
LSM2	0.35840136
LSM3	-0.089460656
LSM4	0.067278475
LSM5	-0.056279108
LSM6	0.1453281
LSM7	1.0941173
LSM8	-0.016155265
LSP1	0.89336765
LSR	-0.055447876
LSS	-0.21420482
LST1	1.327788
LTA	-0.49166244
LTA4H	0.6337509
LTB	1.0130955
LTB4R	-0.3831669
LTB4R2	0.24889433
LTBP1	1.032066
LTBP2	0.47847688
LTBP3	0.3693753
LTBP4	0.74534106
LTBR	0.42104793
LTC4S	0.95749044
LTF	1.0360402
LTK	0.404098
LTN1	-0.53710747
LUC7L	0.41555566
LUC7L2	-0.5155669
LUC7L3	0.37976176
LUM	0.53108555
LUZP2	-0.46252772
LUZP4	-0.47485185
LXN	0.6068449
LY6D	-0.2790465
LY6E	0.70249087
LY6G5C	0.9044116
LY6G6C	-0.24917829
LY6G6D	0.09153031
LY6G6E	-0.5040562
LY6H	0.3599586
LY75	0.7244423
LY86	1.1070977
LY9	0.12947756
LY96	1.1313336
LYL1	2.3906877
LYN	1.4859571
LYPD1	0.7949739
LYPD3	-0.23738292
LYPLA1	-0.28454167
LYPLA2	0.10653877
LYPLA2P1	-0.45525712
LYRM1	-0.49260598
LYRM2	0.17630127
LYRM4	0.4815253
LYST	-0.10632009
LYVE1	0.27670762
LYZ	1.6812639
LYZL6	-0.10611608
LZTFL1	-0.53971076
LZTR1	0.47995448
LZTS1	0.8455762
LZTS3	-0.7292419
M6PR	0.041271746
MAB21L1	0.69249666
MAB21L2	-0.2609188
MAB21L4	-0.5891073
MACF1	-0.25561464
MACIR	0.7424854
MACO1	0.70621026
MACROD1	-0.87666005
MACROH2A1	1.0802345
MACROH2A2	1.1796259
MAD1L1	-0.028083894
MAD2L1	0.14404333
MAD2L1BP	0.13561794
MADCAM1	-0.20542777
MADD	0.51663566
MAEA	0.9037477
MAF	-0.601529
MAFB	1.0582289
MAFF	-0.6875581
MAFG	0.2571963
MAFK	0.4212052
MAG	-0.08030541
MAGEA1	-0.23688784
MAGEA10	-0.46092632
MAGEA11	-0.18992594
MAGEA12	-0.48009
MAGEA4	-0.20993352
MAGEA5P	-0.36963806
MAGEA8	-0.22102194
MAGEB1	-0.21722202
MAGEB2	-0.31897932
MAGEB3	-0.2024899
MAGEB4	-0.17174554
MAGEC1	0.053798288
MAGEC2	-0.341729
MAGEC3	-0.4998836
MAGED1	0.067931
MAGED2	0.26938775
MAGEF1	-0.17578882
MAGEH1	0.009607732
MAGEL2	-0.5582048
MAGI1	0.17221448
MAGI2	-0.9295724
MAGIX	0.08442572
MAGOH	0.24855456
MAGOHB	-0.4199609
MAGT1	0.38716727
MAIP1	-0.82045907
MAK	-0.9126636
MAK16	0.35050508
MAL	-0.23986207
MALL	0.38423696
MALT1	0.02198518
MAML1	0.7760815
MAMLD1	-0.3219611
MAN1A1	-1.0106475
MAN1A2	-0.014165074
MAN1B1	1.3322494
MAN1C1	-0.0550194
MAN2A1	-0.19945627
MAN2A2	0.04802689
MAN2B1	1.7189928
MAN2B2	-0.04145056
MAN2C1	0.35201883
MANBA	-0.2473731
MANEA	-0.007584378
MANF	1.6432843
MANSC1	0.36113304
MAOA	-1.8942058
MAOB	-1.2426312
MAP1A	0.2273221
MAP1B	0.7428969
MAP1LC3B	0.23705328
MAP1LC3C	-0.043479905
MAP1S	1.084217
MAP2	0.58543086
MAP2K1	1.3190354
MAP2K2	0.3184116
MAP2K3	-0.3633927
MAP2K4	-0.19832033
MAP2K5	0.12472971
MAP2K6	-0.35759497
MAP2K7	0.20522635
MAP3K1	0.5571651
MAP3K10	-0.41984338
MAP3K11	1.2300792
MAP3K12	-0.09974389
MAP3K13	-0.6389156
MAP3K14	0.14281872
MAP3K2	-0.4288057
MAP3K20	-0.1556846
MAP3K3	0.08808588
MAP3K4	0.021739405
MAP3K5	-0.13963482
MAP3K6	0.7243437
MAP3K7	-0.13810843
MAP3K7CL	0.7109002
MAP3K8	0.15655825
MAP3K9	-0.6927651
MAP4	0.7627744
MAP4K1	0.19863452
MAP4K2	1.1313573
MAP4K3	-0.88628983
MAP4K4	1.9897625
MAP4K5	0.15270174
MAP6D1	-0.6463495
MAP7	-0.91610235
MAP7D1	1.5804138
MAP7D3	-0.027032375
MAP9	-0.4458638
MAPK1	0.7851152
MAPK10	-0.85787183
MAPK11	1.0544999
MAPK12	0.9278469
MAPK13	0.2805204
MAPK14	-0.028302267
MAPK1IP1L	-0.14322913
MAPK3	0.28816935
MAPK4	-0.18247667
MAPK6	-0.39643514
MAPK7	0.40060994
MAPK8	-0.9777719
MAPK8IP1	0.31747383
MAPK8IP2	-0.54276186
MAPK8IP3	-0.50684005
MAPK9	-0.22738034
MAPKAP1	-0.4134292
MAPKAPK2	-0.052397214
MAPKAPK3	0.24000223
MAPKAPK5	-0.03940198
MAPKAPK5-AS1	0.638069
MAPKBP1	0.267198
MAPRE1	0.31453818
MAPRE2	0.3735955
MAPRE3	-0.34904572
MAPT	-0.5289804
MARCHF2	0.51824826
MARCHF3	0.52589357
MARCHF5	-0.07900151
MARCHF6	-0.3999403
MARCHF7	-0.4491144
MARCKS	1.3956561
MARCKSL1	1.2942264
MARCO	0.51547897
MARF1	-0.43527463
MARK1	0.18103252
MARK2	0.8199302
MARK3	-0.050143216
MARK4	0.4684733
MARS1	1.391463
MAS1	-0.5515949
MASP1	-1.1126397
MASP2	-0.49104884
MAST1	-0.526108
MAST2	-0.11059077
MAST3	1.0124922
MAT1A	-0.22331993
MAT2A	-1.1783091
MAT2B	-0.28217387
MATCAP2	-0.985916
MATK	0.95313245
MATN1	-0.13253428
MATN2	0.9614366
MATN3	0.29976594
MATN4	-0.21888132
MATR3	-1.2881033
MAU2	0.63492745
MAX	0.5889684
MAZ	0.45145595
MB	-0.5530757
MBD1	0.19617307
MBD2	-0.36599785
MBD3	0.37427834
MBD4	0.13059999
MBIP	-0.6716641
MBL1P	0.1946824
MBL2	0.06552867
MBNL1	0.0838947
MBNL2	-0.8971972
MBNL3	-0.9224505
MBOAT7	0.7112529
MBP	-0.2764404
MBTD1	-0.341231
MBTPS1	-0.2961846
MBTPS2	-0.6912768
MC1R	-0.16920596
MC2R	-0.39838856
MC3R	-0.2706761
MC4R	-0.39086145
MC5R	-0.43133733
MCAM	1.9536088
MCAT	-0.17945313
MCC	-0.44527623
MCCC1	-1.01826
MCCC2	-0.6686438
MCF2	-0.17740399
MCF2L2	-0.016781375
MCFD2	-0.31626725
MCHR1	-0.5634721
MCL1	-1.0377831
MCM10	0.26899055
MCM2	0.38261068
MCM3	0.12875216
MCM3AP	0.19668004
MCM3AP-AS1	-0.45421344
MCM4	0.123395346
MCM5	1.0468978
MCM6	-0.6699994
MCM7	0.30550516
MCMBP	0.46970314
MCOLN1	0.940067
MCOLN3	-0.09534386
MCPH1	-0.5928313
MCRS1	0.8781986
MCTS1	0.68400085
MCUB	0.16434494
MCUR1	-0.13512097
MDC1	0.051098496
MDFI	-0.072802246
MDFIC	-0.17437471
MDH1	-0.7604704
MDH2	0.032123983
MDK	0.588251
MDM2	-0.495731
MDM4	-0.060782053
ME1	-0.12500224
ME2	0.3116622
ME3	-0.12819788
MEA1	0.5803931
MEAF6	0.09639415
MEAK7	0.40207326
MECOM	1.2535195
MECP2	-0.0018416457
MECR	0.010664567
MED1	-0.015761554
MED12	0.54692745
MED13L	-0.7853358
MED14	-0.5777956
MED15	0.6032521
MED16	0.12305841
MED17	-0.18270949
MED18	0.314318
MED20	0.4408923
MED21	-0.6522689
MED22	0.6973564
MED23	-0.42650226
MED24	0.77336603
MED25	0.37554014
MED27	-0.20376563
MED28	0.7876781
MED31	-0.21044275
MED4	-0.43270782
MED6	0.3447711
MED7	0.5670657
MED8	0.26057646
MED9	0.12589793
MEF2A	1.5985454
MEF2C	1.405364
MEF2D	0.6240779
MEFV	0.6162113
MEG3	0.3766799
MEGF6	0.41918772
MEGF8	0.83542573
MEGF9	-0.4750636
MEIS1	-0.096370965
MEIS2	1.255262
MELK	0.99757624
MELTF	0.52563405
MEN1	0.5148447
MEOX1	0.5229565
MEOX2	0.5811806
MEP1A	0.0982254
MEP1B	-0.64853936
MEPCE	-0.13017942
MEPE	-0.4822139
MERTK	0.31314826
MEST	0.45817667
MET	-0.6377724
METAP1	-0.66744876
METAP2	-0.6156792
METRN	0.55086446
METTL1	-0.45202363
METTL13	0.4651746
METTL16	-0.19411716
METTL17	-0.09289606
METTL18	0.2566118
METTL22	0.6339719
METTL25B	-0.42402625
METTL3	0.53190935
METTL4	0.20393269
METTL5	-0.70882624
METTL8	-0.10512139
METTL9	-0.40248132
MEX3C	-0.23392265
MEX3D	0.3547687
MFAP1	0.31612727
MFAP2	0.8112432
MFAP3	0.74220365
MFAP3L	-0.5155953
MFAP4	0.073510736
MFAP5	-0.19748536
MFF	-0.7788112
MFGE8	1.4161402
MFN1	0.40744755
MFN2	-0.67939067
MFNG	2.1245515
MFSD1	1.0096331
MFSD11	0.29378915
MFSD6	0.07568747
MGA	-0.16644254
MGAM	-1.4620205
MGAM2	-0.24867058
MGAT1	1.3583677
MGAT2	1.0250008
MGAT3	0.48372793
MGAT4A	-0.58863217
MGAT4B	1.119062
MGAT4C	0.23048103
MGAT5	0.27120817
MGLL	1.0690879
MGMT	-0.066335075
MGP	0.49611408
MGRN1	0.60964537
MGST2	0.78058976
MGST3	0.25609687
MIA	-0.449696
MIA2	0.29501435
MIA3	-0.51666445
MICAL1	1.1854596
MICAL2	0.33085063
MICAL3	0.06424449
MICALL1	1.7967314
MICALL2	1.2714282
MICB	1.3591291
MICU1	-0.7127063
MICU2	-1.0687478
MID1	0.3130279
MID1IP1	0.26355845
MID2	0.17084743
MIEF1	0.07352705
MIER2	0.6040675
MIF	-0.1068185
MIIP	-0.11577364
MILR1	1.068116
MINAR1	-0.39217806
MINDY1	0.5191339
MINDY2	0.67656636
MINDY3	-0.8396106
MINK1	-0.019052304
MINPP1	0.009674892
MIOS	0.79034805
MIP	-0.2743066
MIPEP	-0.51463807
MIR22HG	0.09217061
MIR600HG	-0.048431776
MIR9-1HG	-0.69698024
MIS12	0.30806088
MIS18A	-0.0332843
MIS18BP1	0.2200021
MISP	-0.30555835
MITF	0.20590127
MKI67	0.57451105
MKKS	0.19554277
MKLN1	-0.16755399
MKNK1	0.41878825
MKNK2	-0.13147
MKRN1	-0.25879744
MKRN2	-0.7019725
MKRN3	-0.701026
MKS1	-0.32282835
MLANA	-0.47696632
MLC1	0.46393752
MLEC	0.325647
MLF1	-0.90861213
MLF2	-0.22857839
MLH1	0.41055024
MLH3	0.09401823
MLLT1	0.81002724
MLLT10	-0.088072225
MLLT11	0.6997436
MLLT3	-0.40223706
MLN	-0.050391264
MLNR	-0.31818673
MLPH	-0.36426425
MLST8	0.4562758
MLX	0.4243086
MLXIP	0.9405334
MLXIPL	-0.8347471
MLYCD	-0.6274349
MMACHC	0.08024515
MMADHC	-0.21303448
MMD	0.3044954
MME	-0.53389645
MMP1	0.60775316
MMP10	0.44291097
MMP11	0.17737585
MMP12	0.114438325
MMP13	-0.5723488
MMP14	0.050294302
MMP15	0.5557889
MMP16	-0.12994835
MMP17	0.14273459
MMP19	-0.012245938
MMP2	1.5135441
MMP20	-0.24744469
MMP24	-0.6210843
MMP25	-0.70715725
MMP26	-0.5330118
MMP27	-0.091462
MMP28	-0.69175994
MMP3	0.23983768
MMP7	0.14026928
MMP8	-0.15865071
MMP9	0.26743948
MMRN1	0.14659964
MMRN2	1.2413602
MMS19	0.6835839
MMUT	-0.5463239
MN1	1.5929579
MNAT1	-0.80857515
MNDA	0.6612236
MNMIP1	0.23709807
MNS1	-0.014992116
MNT	0.70803636
MNX1	-0.27185908
MOAP1	-0.42824513
MOB1A	0.24899223
MOB3B	0.23242524
MOB4	-0.11534545
MOBP	-0.8587459
MOCOS	-0.5037869
MOCS1	0.32924792
MOCS2	-0.5630843
MOCS3	-0.13761821
MOG	-0.015955023
MOGAT2	-0.29293826
MOGS	0.9907594
MOK	-0.7072818
MON1B	0.8197764
MON2	-0.8920666
MORC1	0.06292427
MORC2	0.819858
MORC3	-0.21238084
MORC4	-0.46709773
MORF4L1	-0.03334064
MORF4L2	-0.07029194
MORN1	-0.25727403
MOS	-0.03756755
MOSPD1	-0.09322563
MOSPD2	0.049985632
MOSPD3	-0.042584375
MPC1	-1.2035719
MPC2	-0.9160609
MPDU1	0.082593985
MPDZ	-0.22032624
MPG	0.459386
MPHOSPH10	-0.1079174
MPHOSPH6	-0.5199276
MPHOSPH8	-0.12647486
MPHOSPH9	-0.28242934
MPI	-0.8352798
MPIG6B	0.41953698
MPL	-0.4597741
MPO	-0.21754578
MPP1	-0.50071734
MPP2	-0.7919709
MPP3	-0.7696428
MPPE1	-0.10170391
MPPED1	-0.23729724
MPPED2	0.56502974
MPRIP	0.95391977
MPST	-0.4835507
MPV17	0.5505116
MPZ	-0.29126897
MPZL1	1.6510038
MPZL2	0.8924832
MR1	0.777683
MRAS	2.2504907
MRE11	0.10205134
MREG	0.38066828
MRFAP1L1	-0.08247918
MRGBP	0.34514427
MRM1	-0.032227755
MRM2	0.22269298
MRM3	0.2997071
MRNIP	-0.09305501
MROH7	-0.38810292
MROH9	-0.19955042
MRPL11	0.42681003
MRPL12	0.55111974
MRPL13	-0.085531235
MRPL15	0.18146624
MRPL16	0.4279514
MRPL17	0.94601923
MRPL18	0.32461149
MRPL19	-0.02245613
MRPL2	-0.08264984
MRPL20	0.11030054
MRPL22	0.01929155
MRPL23	0.3724891
MRPL24	0.42483547
MRPL28	0.65408397
MRPL3	0.027895011
MRPL33	0.5410195
MRPL34	0.039622955
MRPL35	0.6352009
MRPL39	-0.43048537
MRPL4	0.02477632
MRPL40	0.016739465
MRPL42	-0.19635671
MRPL44	0.034033477
MRPL46	-0.45127675
MRPL48	-0.1605508
MRPL49	-0.29852387
MRPL57	-0.33442143
MRPL58	0.055935342
MRPL9	0.8254185
MRPS11	0.7418957
MRPS12	0.09023288
MRPS14	0.8174017
MRPS15	-0.012950804
MRPS16	0.51245236
MRPS17	0.45795733
MRPS18A	0.64624405
MRPS18B	0.093512736
MRPS18C	0.06670465
MRPS2	-0.20721701
MRPS22	0.054573603
MRPS27	-0.009931758
MRPS28	-0.21017802
MRPS30	0.15908761
MRPS31	-0.40165818
MRPS33	-0.24478135
MRPS34	0.2810483
MRPS35	-0.36823934
MRPS7	0.48173836
MRS2	-0.31746998
MRTFA	-0.12021962
MRTFB	0.0821954
MRTO4	0.63453805
MS4A1	0.16159499
MS4A12	-0.4563215
MS4A2	0.08839854
MS4A3	-0.13333744
MS4A4A	1.0266905
MS4A5	-0.6414399
MS4A6A	1.1752121
MSANTD2	0.009478234
MSC	0.79252744
MSH2	0.08190645
MSH3	-0.2135328
MSH4	-0.42144465
MSH5	-0.2789196
MSH6	-0.55077493
MSI1	-0.3990118
MSL2	-0.32753232
MSL3	0.42661056
MSLN	-0.46813107
MSMB	0.25069222
MSMO1	0.30710632
MSN	1.6570028
MSR1	0.84115005
MSRA	-1.0050737
MSRB1	-0.30800834
MSRB2	-0.22127864
MST1	-0.29650816
MST1R	-0.4603013
MSTN	0.116784796
MSX1	0.9568946
MSX2	0.01082103
MT1E	-1.338232
MT1F	-1.2283242
MT1G	-0.83311015
MT1HL1	-1.278017
MT1M	-0.9215136
MT1X	-1.3537068
MT2A	-0.6862099
MT3	-0.7205847
MT4	-0.67771816
MTA1	0.8828668
MTA2	0.4808444
MTAP	-0.27334568
MTARC1	-0.74898934
MTARC2	-1.2714307
MTCH1	0.42339197
MTCH2	-0.83797705
MTCP1	-0.8134204
MTDH	0.51727355
MTERF1	1.132566
MTERF3	0.021889888
MTERF4	-0.4616337
MTF1	0.51398826
MTF2	0.20801975
MTFR1	-1.4813584
MTG1	0.52423346
MTHFD1	-0.64501274
MTHFD2	-0.9474021
MTHFD2L	-0.6877998
MTHFR	-0.25886425
MTHFS	-1.1912845
MTHFSD	-0.26893383
MTIF2	-0.18318656
MTM1	-0.37681174
MTMR1	-0.45185766
MTMR10	-0.17723571
MTMR11	0.16226834
MTMR12	-0.43273577
MTMR14	0.051491585
MTMR2	0.5076118
MTMR3	-1.2502333
MTMR4	0.07775934
MTMR6	-0.43805993
MTMR8	-0.67360157
MTMR9	0.6324799
MTNAP1	-0.17120774
MTNR1A	-0.81906086
MTNR1B	-0.42330033
MTO1	-0.12773217
MTOR	-0.18089637
MTPAP	0.05805477
MTR	-0.33900318
MTREX	0.03567046
MTRF1	-0.24439706
MTRR	-0.59545743
MTSS1	-0.27939343
MTSS2	0.65500134
MTUS1	-0.008740284
MTUS2	1.0075812
MTX2	-0.069585085
MUC1	-0.018544197
MUC13	-1.2552071
MUC16	-0.31279242
MUC2	-0.5744977
MUC4	-0.14774951
MUC5AC	-0.19239587
MUC5B	-0.52498245
MUC6	0.18674047
MUC7	0.05292109
MUL1	0.48835218
MUS81	0.7918737
MUSK	-0.0915665
MUTYH	-0.064896345
MVB12B	0.012329727
MVD	0.22078468
MVK	-0.039074868
MVP	1.0357076
MX1	0.62276226
MX2	0.8605006
MXD1	0.33712503
MXD3	-0.12631862
MXD4	0.7703365
MXI1	-1.1078553
MXRA5	0.40270162
MXRA8	0.9969721
MYB	0.09711413
MYBBP1A	0.41447133
MYBL1	0.36740586
MYBL2	-0.23839076
MYBPC1	-0.23613565
MYBPC2	0.16299056
MYBPC3	-0.61026776
MYBPH	0.8070731
MYC	-0.47718674
MYCBP	0.24987397
MYCBP2	-0.06499347
MYCL	0.03759546
MYCN	0.35132256
MYCT1	0.42427874
MYD88	1.6090345
MYDGF	1.6271952
MYF5	0.14030217
MYF6	-0.52450556
MYG1	0.3352515
MYH1	-0.013161689
MYH10	0.6582579
MYH11	0.8528589
MYH13	0.18944255
MYH14	0.22897427
MYH15	-0.3162346
MYH2	-0.1128036
MYH3	0.18331002
MYH4	0.06778901
MYH6	0.1807892
MYH7	0.3699656
MYH8	0.077310294
MYH9	0.3231162
MYL1	-0.4405135
MYL10	-0.055660952
MYL11	-0.37962985
MYL12B	0.36245793
MYL2	0.124349
MYL3	-0.6358335
MYL4	0.3998583
MYL5	-0.50154996
MYL6	1.0591631
MYL6B	0.30505323
MYL7	-0.8165618
MYL9	0.1581056
MYLIP	0.1120207
MYLK	0.7295867
MYNN	-0.2127708
MYO10	0.3342909
MYO15A	-0.16395941
MYO16	-0.3522378
MYO19	-0.3833805
MYO1A	-0.5313327
MYO1B	-0.28622207
MYO1C	1.2214034
MYO1D	-0.026388979
MYO1E	0.02621648
MYO1F	1.226666
MYO3A	-0.47419965
MYO5A	0.5791285
MYO5C	-0.9782811
MYO6	-0.6469883
MYO7A	-0.3820828
MYO9A	-0.8319645
MYO9B	1.7285839
MYOC	-0.20269977
MYOD1	-0.56230915
MYOF	1.0606416
MYOG	-0.7489846
MYOM1	0.3370757
MYOM2	-0.078668624
MYOT	-0.3552414
MYOZ1	-0.4126749
MYOZ2	1.0048507
MYOZ3	-0.40092587
MYRF	-0.28468335
MYRIP	-0.9573129
MYT1	-1.1226325
MYT1L	-0.1839375
MZB1	0.22185749
MZF1	0.004291177
MZT2B	0.14479779
N4BP1	0.10596302
N4BP2L1	-0.69855344
N4BP2L2	-0.7459511
N4BP3	0.4597899
NAA10	1.4233301
NAA11	-0.31238857
NAA15	0.13123143
NAA16	-1.2094777
NAA35	-0.4941514
NAA40	0.055387564
NAA50	-0.15207617
NAA60	0.024844326
NAA80	-0.026827652
NAAA	0.8325769
NAALAD2	-0.38365287
NAALADL1	1.0437106
NAB1	-0.09722838
NAB2	-0.27695176
NABP2	-0.17928329
NACA	-0.6359144
NACA2	0.22067827
NACA4P	0.21965694
NACAD	0.41085836
NADK	0.87640727
NADSYN1	0.5893918
NAE1	-0.05241236
NAGA	1.339099
NAGK	1.517653
NAGLU	0.3489957
NAGPA	0.49396357
NALF1	0.17047691
NALF2	-0.660835
NANS	0.65833414
NAP1L1	-0.1635688
NAP1L2	-0.36699736
NAP1L3	0.6453606
NAP1L4	-0.16775623
NAPA	-0.020549536
NAPG	-0.17325647
NARF	1.2913965
NARS1	-0.21382055
NARS2	-0.58421916
NASP	-0.107821785
NAT1	0.20936027
NAT10	1.098515
NAT2	-0.20547011
NAT8	-0.9825645
NAT8B	-0.41769278
NAT9	-0.2300805
NAV2	-0.38288575
NAV3	-0.4140705
NAXD	-0.37201995
NBAS	-0.763566
NBEA	0.17206344
NBEAL2	1.0284698
NBL1	0.44614175
NBN	-0.39441314
NBR2	0.24055046
NCALD	0.353425
NCAM1	0.7708231
NCAN	-0.46048915
NCAPD2	0.20358422
NCAPD3	0.10133353
NCAPG	0.7573743
NCAPG2	-0.074054785
NCAPH	0.4058256
NCAPH2	0.55317974
NCBP1	0.16231252
NCBP2	0.44646013
NCBP3	-0.79822505
NCDN	0.4861077
NCF2	1.0810018
NCF4	0.6418965
NCK1	0.06918397
NCKAP1	0.12964007
NCKAP1L	1.2475154
NCKIPSD	0.21446547
NCLN	1.144953
NCOA1	-0.76199836
NCOA2	-0.78363734
NCOA3	-0.08319253
NCOA4	-0.41169336
NCOA6	0.15556063
NCOR1	-0.3942943
NCOR2	1.0371292
NCR1	-0.6014978
NCR2	-0.5047564
NCR3	0.1049601
NCS1	-0.22679676
NCSTN	0.40540075
NDC1	0.40347043
NDC80	1.1446683
NDE1	0.8627126
NDEL1	-0.44978878
NDFIP1	-0.012193084
NDN	-0.35596713
NDNF	-0.45143616
NDOR1	0.24105585
NDP	0.4329889
NDRG1	-0.7332464
NDRG2	0.071728185
NDRG3	0.07947385
NDRG4	-0.2277844
NDST1	0.5243465
NDST2	0.8587222
NDST3	-0.07581417
NDST4	0.0040029287
NDUFA1	-0.49623317
NDUFA10	-0.49462467
NDUFA13	-0.035630986
NDUFA2	-0.27399498
NDUFA3	-0.19342975
NDUFA5	-0.6815124
NDUFA6	-0.16022609
NDUFA7	-0.30556455
NDUFA8	0.63660383
NDUFA9	-0.102566265
NDUFAB1	-0.13930444
NDUFAF1	0.123412356
NDUFAF3	0.2348369
NDUFAF4	-0.1970979
NDUFAF7	0.28997594
NDUFB1	-0.55290747
NDUFB11	-0.073603414
NDUFB2	-0.046766892
NDUFB3	0.10759905
NDUFB4	-0.108888805
NDUFB5	-0.2536263
NDUFB6	-0.07410805
NDUFB7	0.31348696
NDUFB8	0.1334647
NDUFC1	-0.84897393
NDUFC2	0.03100892
NDUFS1	-1.145699
NDUFS2	-0.23436522
NDUFS3	-0.3634804
NDUFS4	-0.64508176
NDUFS5	-0.04417052
NDUFS6	0.63096064
NDUFS7	0.18814304
NDUFS8	0.13700211
NDUFV1	-0.61292887
NDUFV2	-0.9125321
NEB	-0.55161226
NEBL	-1.5382318
NECAB2	-1.0574126
NECAB3	-0.61701846
NECAP1	-0.09544171
NECAP2	1.4829239
NECTIN1	0.16097331
NECTIN2	0.7777847
NEDD4	0.2843611
NEDD4L	-1.6152396
NEDD8	0.22045785
NEDD9	-2.4971437
NEFH	0.3343667
NEFM	0.33630052
NEIL1	-0.4510597
NEIL3	0.43930846
NEK1	-0.42202628
NEK11	-0.5406745
NEK2	0.4752162
NEK3	-0.12222393
NEK4	-0.41632783
NEK9	-0.39501363
NELFA	0.19432148
NELFB	0.89995915
NELFCD	-0.07845051
NELFE	0.5381931
NELL1	0.3295492
NELL2	-0.16638911
NEMF	-0.4372152
NEMP1	-0.17156403
NENF	0.1520015
NEO1	0.25731257
NES	0.5554203
NET1	0.47033435
NETO2	2.135501
NEU1	0.53507936
NEU2	-0.11125158
NEU3	-0.47718757
NEURL1	0.40072125
NEUROD1	-0.20184779
NEUROD4	-0.65831685
NEUROD6	-0.9740753
NEUROG1	0.039843053
NEUROG2	0.18496156
NEUROG3	0.18199085
NF1	-0.6314068
NF2	0.46425095
NFASC	-0.08121118
NFAT5	-0.06656727
NFATC1	0.61068213
NFATC2IP	0.46065164
NFATC3	-0.92604935
NFATC4	0.089102864
NFE2	0.21661805
NFE2L1	0.03310114
NFE2L2	-0.38913295
NFE2L3	0.29910815
NFIB	-0.35553563
NFIC	0.32771188
NFIL3	-1.9644821
NFIX	0.98754627
NFKB1	0.5238273
NFKB2	0.67028975
NFKBIA	-1.3539422
NFKBIB	0.16127035
NFKBIE	1.1620088
NFKBIL1	0.09617406
NFRKB	-0.73622096
NFS1	-0.9336865
NFU1	0.01913175
NFX1	0.22925553
NFYA	-0.08213774
NFYB	-0.010204561
NFYC	0.14933848
NGB	-0.16429175
NGDN	-0.3891189
NGF	-0.6929561
NGFR	0.4386954
NGLY1	0.29936892
NGRN	0.47889987
NHEJ1	0.57533044
NHERF1	-0.70060354
NHERF2	1.6008587
NHERF4	-0.83641297
NHLH1	-0.718807
NHLH2	0.090435706
NHP2	0.88453513
NIBAN1	1.3270149
NID1	0.7257901
NID2	0.88395643
NIF3L1	-0.19675295
NINJ1	0.2384885
NINJ2	0.8960379
NINL	-1.2295756
NIP7	0.77590364
NIPA2	0.6360258
NIPAL2	0.35786062
NIPAL3	0.3499089
NIPBL	-0.32347384
NIPSNAP1	-1.1282294
NIPSNAP2	-0.3008607
NIPSNAP3B	0.18146884
NISCH	0.1305178
NIT1	-0.057276547
NIT2	-0.87015295
NKAIN1	-0.5169756
NKAPD1	-0.4352234
NKG7	1.2611926
NKIRAS2	1.6438773
NKRF	-0.22572714
NKTR	-0.52017087
NKX2-1	-0.3970822
NKX2-2	0.30452904
NKX2-5	-0.4910879
NKX2-8	-0.009544477
NKX3-1	-0.5374757
NKX3-2	-0.30077767
NKX6-1	-0.04018626
NLE1	0.38556105
NLGN1	-0.22017321
NLGN3	0.015049875
NLGN4X	0.5086545
NLGN4Y	0.21734777
NLK	-0.8687396
NLRP1	1.2876178
NLRP2	0.7185993
NLRP3	0.4447268
NLRX1	0.26586735
NMB	0.16564713
NMBR	-0.067812875
NMD3	-0.20890057
NME1	0.58224636
NME3	0.7709375
NME4	0.45447218
NME5	-1.1131294
NME6	0.64459205
NME7	-0.47813016
NME8	-0.2124656
NMI	1.802861
NMNAT2	-0.26646128
NMRK1	-0.41077718
NMRK2	-0.41247815
NMT1	0.48967332
NMT2	0.4840048
NMU	0.53921914
NMUR1	0.6627967
NNAT	-0.17294998
NNMT	0.55579674
NNT	-0.6287863
NOAZFP	-0.26295108
NOC2L	0.15853858
NOC3L	0.30435276
NOC4L	-0.043825798
NOCT	-1.1876144
NOD1	-0.26839495
NOD2	1.004632
NOL10	0.29659554
NOL11	0.74708366
NOL12	1.0403497
NOL3	-0.50286883
NOL4	-0.2914473
NOL6	-0.257004
NOL7	0.3646577
NOL8	0.49575955
NOLC1	-0.050264493
NONO	-0.40332788
NONOP1	-0.75744903
NOP10	0.864141
NOP14	0.37829113
NOP16	0.20465729
NOP2	0.47109234
NOP53	-0.019597821
NOP56	0.68438035
NOS1	-0.4248558
NOS1AP	0.07079297
NOS2	-0.37553748
NOS3	1.43646
NOSIP	1.3293427
NOTCH1	1.6005837
NOTCH2	-0.18606086
NOTCH3	1.2294252
NOTCH4	1.2557213
NOVA1	-0.5846422
NOVA2	0.9896581
NOX1	-0.53258413
NOX3	0.047583416
NOX4	-1.3427579
NPAP1	-0.1997328
NPAS1	0.20181565
NPAS2	0.37799907
NPAS3	-1.1429348
NPAT	0.06283236
NPBWR2	-0.2986123
NPC1	0.29974854
NPC1L1	-0.47433773
NPC2	0.7792124
NPDC1	1.808415
NPEPL1	0.21588601
NPEPPS	-0.081107125
NPFF	-0.31600258
NPFFR1	-0.089271285
NPHP1	-0.27544403
NPHP4	0.35998946
NPHS1	-0.118952736
NPHS2	0.35989547
NPIPB15	-0.32443658
NPL	-0.70162475
NPLOC4	0.5595634
NPM1	-0.21199848
NPM1P22	-0.23928696
NPM3	0.049783055
NPPA	-0.5437962
NPPB	-0.07823698
NPPC	0.32397616
NPR1	0.45677912
NPR2	0.6486966
NPR3	-0.2292687
NPRL2	-0.006879322
NPRL3	0.01991567
NPTN	0.013933923
NPTX1	-0.59520423
NPTX2	0.31795147
NPTXR	0.95959353
NPVF	-0.3401661
NPY	-0.78405905
NPY1R	0.7617545
NPY2R	-0.19588067
NPY4R	-0.17007507
NPY5R	1.0861783
NPY6RP	-0.6959653
NQO1	-0.6232543
NQO2	-0.85062397
NR0B1	0.12997556
NR0B2	-1.2518003
NR1D1	0.48747766
NR1D2	-0.00081291795
NR1H2	-0.10720959
NR1H3	0.6506195
NR1H4	-1.3403814
NR1I2	-0.54105145
NR1I3	-0.30278417
NR2C1	0.074110776
NR2C2	0.17919378
NR2E1	-0.2026636
NR2E3	-0.3655192
NR2F1	-0.4831307
NR2F2	1.0040686
NR2F6	0.11534942
NR3C1	1.5107625
NR3C2	-1.0606328
NR4A1	-1.9909879
NR4A2	-2.309349
NR4A3	-1.7613455
NR5A1	-0.22046906
NR5A2	0.39098036
NR6A1	-0.6329621
NRAP	0.04990995
NRAS	1.0523629
NRBF2	0.827979
NRBP1	0.67007107
NRCAM	-0.11603121
NRDC	0.5308746
NREP	0.51653415
NRF1	0.04135587
NRG1	-1.1898041
NRG2	0.45531654
NRGN	1.4959595
NRIP1	-0.8026888
NRIP2	1.0537583
NRIP3	0.30971894
NRL	-0.28508046
NRN1	0.35984942
NRP1	1.5107486
NRP2	0.04537922
NRSN2	0.66989744
NRTN	0.19383855
NRXN1	-0.5318388
NRXN2	-0.11079614
NRXN3	0.16089234
NSD1	0.23310816
NSD2	0.15031855
NSD3	-0.16327333
NSDHL	0.067349724
NSF	0.42250538
NSFL1C	0.0914732
NSG1	0.5310549
NSG2	-0.22889219
NSL1	0.89315987
NSMAF	0.057168294
NSMCE4A	0.24978848
NSMF	0.23909509
NSUN3	0.36232096
NSUN5	0.25377277
NSUN5P1	0.15263486
NSUN5P2	0.012035966
NT5C	0.18812856
NT5C2	-0.039304703
NT5DC2	1.4290539
NT5DC3	0.137637
NT5E	0.9255694
NT5M	-0.3669324
NTAN1	1.3699542
NTAQ1	-0.003240496
NTF3	-0.054698855
NTHL1	0.256701
NTM	0.60861653
NTN1	-0.23022304
NTN3	0.087890595
NTRK1	0.03564159
NTRK2	-0.030345961
NTRK3	-0.18373168
NTS	-0.33939147
NTSR1	0.1701703
NTSR2	-0.33640948
NUAK1	0.19562772
NUAK2	-0.3477694
NUBP1	0.664718
NUBP2	0.9499109
NUBPL	-0.030525804
NUCB1	0.116195105
NUCB2	0.39645097
NUCLEOLIN	0.10210525
NUDC	0.37204653
NUDCD3	0.31984973
NUDT1	0.76825416
NUDT11	-0.023814425
NUDT13	0.08386576
NUDT15	-0.20865428
NUDT18	0.4471298
NUDT2	0.2512889
NUDT21	-0.22163141
NUDT3	0.83835584
NUDT4	-0.4123451
NUDT6	-0.5106349
NUDT9	0.91869134
NUFIP1	0.06316611
NUMA1	-0.04545717
NUMB	0.055918925
NUP107	0.610772
NUP133	0.10835157
NUP153	-0.17813607
NUP155	0.34187812
NUP160	0.021567374
NUP188	0.7221563
NUP205	0.22923452
NUP210	0.29218286
NUP214	0.5463264
NUP37	0.48543
NUP42	0.075818494
NUP43	-0.0048308745
NUP50	0.06708188
NUP54	-0.16415578
NUP62	0.98009443
NUP62CL	-0.5435647
NUP85	1.1411923
NUP88	0.561891
NUP93	1.0034449
NUP98	-0.11575374
NUPR1	-0.9204202
NUSAP1	0.87338376
NVL	0.43337634
NXF1	0.66172403
NXF3	0.61257625
NXN	1.1126184
NXPE4	-0.2622648
NXPH3	-0.3649153
NXPH4	-0.27354932
NXT1	0.5623588
NXT2	-0.34673238
NYNRIN	1.1335349
NYX	-0.6030539
OARD1	-0.44737878
OAS1	1.5482683
OAS2	1.0927528
OAS3	0.6885858
OASL	-0.2151308
OAT	-1.0288018
OAZ1	0.85450923
OAZ2	1.5373483
OAZ3	0.13298093
OBI1	-0.057962094
OBP2A	-0.13911763
OBSL1	-0.35249937
OCA2	-0.5796804
OCEL1	-0.11629484
OCRL	-0.16501744
ODAM	-0.42285362
ODC1	-0.6867448
ODF1	0.10029328
ODF2	0.7635859
ODR4	0.0048032627
OFD1	-0.39885363
OGA	-0.010721594
OGDH	-0.31515282
OGDHL	-1.2372152
OGFOD1	0.9387712
OGFOD2	0.20346409
OGFOD3	0.51802564
OGFR	0.36129117
OGFRL1	0.2316867
OGG1	-0.021924898
OGN	0.20694129
OGT	-0.6218322
OIP5	0.44259483
OLA1	-0.6638559
OLAH	-0.7706578
OLFM1	0.066873364
OLFM4	0.10372026
OLFML1	0.91642594
OLFML2A	0.40822318
OLFML2B	0.7345463
OLFML3	0.76906073
OLIG2	-0.02387038
OLR1	0.64871013
OMD	0.5226991
OMG	-0.5980179
OMP	-0.06601431
ONECUT1	-0.11901331
ONECUT2	-0.46934724
OPA1	-1.3799047
OPA3	0.3147847
OPCML	0.0098789185
OPLAH	0.16614377
OPN1SW	-0.14753664
OPN3	-0.31070992
OPRD1	0.17103416
OPRK1	-0.10672508
OPRL1	-0.41098034
OPRM1	-0.29349092
OPRPN	-0.33724338
OPTN	0.1732828
OR10C1	-0.08003068
OR10H1	-0.38339832
OR10H2	-0.59497166
OR10H3	-0.5043794
OR10J1	-0.48537418
OR11A1	-0.40520614
OR12D2	-0.54625565
OR12D3	-0.6318554
OR1A1	-0.43990278
OR1A2	-0.24887246
OR1D2	-0.6806367
OR1F1	-0.3858808
OR1F2P	-0.21562602
OR1G1	-0.7676601
OR2B2	-0.48287165
OR2B6	0.015811488
OR2C1	-0.5229101
OR2F1	-0.6984122
OR2F2	-0.20109972
OR2H1	-0.51663005
OR2H2	-0.14428282
OR2J2	-0.1824325
OR2J3	-0.17325552
OR2S2	-0.30032045
OR2W1	-0.39561623
OR3A1	-0.41098508
OR3A2	-0.039308894
OR3A3	-0.6012824
OR51E2	0.6697259
OR52A1	-0.627941
OR5I1	-0.54612285
OR6A2	-0.2322779
OR7A10	-0.6387902
OR7A17	-0.17379993
OR7A5	-0.580992
OR7C1	0.21304172
OR7C2	-0.24726391
OR7E156P	-0.246578
OR7E24	-0.49269387
ORAI2	0.6599766
ORAI3	0.18086335
ORC1	-0.0016886964
ORC2	0.111021765
ORC3	-0.23990236
ORC4	-0.354633
ORC5	0.49491704
ORC6	0.9095849
ORM1	-0.25593376
ORM2	-0.82241774
ORMDL2	1.7514731
OS9	0.48310226
OSBP	-0.45804185
OSBP2	0.09765772
OSBPL10	-0.7983016
OSBPL11	-0.149403
OSBPL1A	-0.18031001
OSBPL2	-0.4036478
OSBPL3	1.342379
OSBPL7	0.9981839
OSBPL8	-0.5162061
OSBPL9	-1.0092704
OSER1	-0.7568581
OSGEP	0.8383759
OSGEPL1	-0.041542083
OSGIN1	-0.40814605
OSGIN2	-1.2566116
OSM	-0.020279199
OSMR	0.31818023
OSR2	-0.095896974
OSTF1	0.82149696
OSTM1	1.0396295
OTC	-0.056502715
OTOF	-0.19810855
OTOR	-0.96658164
OTUB1	-0.18391222
OTUB2	0.37110555
OTUD3	-0.67259455
OTUD4	-0.52418363
OTUD7B	-0.27434728
OTULINL	0.804857
OVGP1	-0.4439031
OVOL1	-1.0071712
OVOL2	-0.4269929
OVOL3	-0.04436811
OXA1L	-0.47023803
OXCT1	0.07378246
OXLD1	0.8481039
OXR1	-0.31409407
OXSM	-0.05636684
OXSR1	-0.42536962
OXT	-0.43081555
OXTR	0.31824258
P2RX1	-0.019765377
P2RX2	-0.33089253
P2RX3	0.061100308
P2RX4	0.6923971
P2RX5	0.79865885
P2RX6	0.09884061
P2RX7	0.7405039
P2RY1	0.21783441
P2RY10	0.42803195
P2RY11	-0.18159692
P2RY13	1.1151758
P2RY14	0.21198453
P2RY2	0.6034868
P2RY4	-0.18861207
P2RY6	0.40930086
P3H1	1.0296588
P3H2	0.27803433
P3H3	0.68099236
P3H4	0.8894178
P4HA1	-0.5089086
P4HA2	-0.33467752
P4HB	1.1233654
P4HTM	0.19936447
PA2G4	-0.15356694
PAAF1	-0.6228484
PABPC3	0.66334397
PABPC4	0.30347356
PABPN1	0.12280697
PACC1	0.09960782
PACRG	-0.7292249
PACS1	1.1809818
PACSIN2	-0.21424913
PACSIN3	-0.45536774
PADI1	-0.30181602
PADI3	-0.36867127
PADI4	-0.54508877
PAEP	-0.28668866
PAF1	0.71398836
PAFAH1B1	-0.046967827
PAFAH1B2	0.37098968
PAFAH1B3	0.5734248
PAFAH2	0.016936548
PAGE1	-0.18122694
PAGE4	-0.22691226
PAGR1	0.32771546
PAH	-0.9985683
PAICS	-0.24963753
PAIP1	-0.22571303
PAIP1P2	-0.3545041
PAK1	-0.5144267
PAK1IP1	0.77956617
PAK2	0.7651284
PAK3	-0.18338272
PAK4	-0.28928018
PAK5	-0.5440177
PAK6	-0.2503938
PALB2	-0.213807
PALLD	-0.3027963
PALM	0.10263163
PALMD	0.31958467
PALS1	-0.51510286
PALS2	-0.36203128
PAM	0.5136992
PAM16	0.1868045
PAMR1	0.13978839
PAN2	0.09672616
PANK2	1.5014362
PANK3	-0.39444208
PANK4	0.54896337
PANX1	0.2567922
PAOX	-0.31950867
PAPOLA	-0.29585052
PAPOLB	0.36792672
PAPOLG	0.4424192
PAPPA	0.18411307
PAPPA2	0.08595011
PAPSS1	-0.81147707
PAPSS2	0.14571142
PAQR3	-0.6167662
PAQR4	0.98927295
PAQR5	-0.6333809
PAQR6	-0.08649367
PARD3	-0.14593157
PARD6A	-0.64651954
PARD6B	-1.6230109
PARK7	0.020696096
PARL	-0.53612655
PARM1	0.10435391
PARN	-0.15710615
PARP1	0.6652596
PARP11	0.37822315
PARP12	1.289685
PARP16	-0.83863586
PARP2	0.25272495
PARP3	0.03976818
PARP6	-0.63760626
PARP8	0.7194691
PARPBP	0.7524718
PART1	-0.6280907
PARVA	0.15849446
PARVB	1.3373815
PASK	0.12479116
PATJ	-1.1417835
PATZ1	-0.30133983
PAWR	-0.657811
PAX1	-0.11507205
PAX2	-0.50432724
PAX3	0.008251116
PAX4	-0.60417074
PAX5	-0.02755104
PAX6	-0.34898782
PAX7	-0.03871777
PAX8	-0.50549424
PAX9	-0.5862663
PAXBP1	-0.43209735
PAXIP1	0.037744407
PBK	0.9714495
PBLD	-1.5599161
PBOV1	-0.20580456
PBRM1	-0.2941813
PBX1	1.15927
PBX2	0.45697427
PBX3	-0.030259289
PBXIP1	-0.47960332
PC	-0.3744579
PCBD1	-0.65869564
PCBP1	0.95154935
PCBP2	-0.68011236
PCBP3	0.09419486
PCBP4	0.31853512
PCCA	-1.2843583
PCCB	-0.6246251
PCDH1	0.3832504
PCDH11X	-0.58921313
PCDH11Y	-0.025357708
PCDH12	1.8465042
PCDH17	1.6049254
PCDH7	0.47039077
PCDH8	-0.4272365
PCDH9	-0.21624419
PCDHA10	-0.02245006
PCDHA2	-0.35212046
PCDHA3	-0.34587032
PCDHA5	-0.17084351
PCDHA6	0.15124984
PCDHA9	-0.38112313
PCDHB1	-0.17579548
PCDHB11	0.07549552
PCDHB12	-0.46843317
PCDHB13	0.13613209
PCDHB17P	-0.13520908
PCDHB6	0.044044048
PCDHB8	0.049067944
PCDHGA1	-0.41768473
PCDHGA10	0.026921973
PCDHGA11	-0.20059912
PCDHGA9	-0.255238
PCDHGB5	-0.6927146
PCDHGB6	0.10782872
PCDHGC3	0.19640437
PCF11	-1.3998532
PCGF1	0.3281242
PCGF2	1.2405663
PCGF3	0.5459191
PCID2	0.00808011
PCIF1	-0.35406655
PCK1	-1.5574329
PCK2	-1.362223
PCLAF	0.14332199
PCM1	-0.7136699
PCMT1	0.3721498
PCMTD2	-1.1370685
PCNA	1.0954771
PCNAP3	0.39322442
PCNP	-0.8632616
PCNT	0.010442048
PCNX1	0.039361797
PCNX2	-0.28708026
PCNX4	-0.66985804
PCOLCE	1.2434654
PCOLCE2	-0.44457227
PCP4	-0.4960357
PCSK1	-0.30363148
PCSK1N	-1.1932274
PCSK2	0.075565174
PCSK5	0.79173815
PCSK6	-0.5605594
PCSK7	0.7632142
PCTP	0.23416315
PCYOX1	-0.5051451
PCYOX1L	0.16723165
PCYT1A	0.5662022
PCYT1B	0.27095994
PCYT2	-0.38909692
PDAP1	0.79375994
PDC	-0.5322814
PDCD1	-0.2808775
PDCD10	0.31319267
PDCD11	0.2260417
PDCD1LG2	0.28420913
PDCD2	0.614496
PDCD4	-0.14416894
PDCD5	-0.110550344
PDCD6	-0.011413485
PDCD6IP	-0.17207792
PDCL	0.9344608
PDE10A	-0.1978913
PDE11A	-0.42518765
PDE1A	0.027385294
PDE1B	-0.12056442
PDE1C	-1.0862718
PDE2A	0.8778628
PDE3A	-0.017524485
PDE3B	-0.90302014
PDE4A	0.5768
PDE4B	-1.4230727
PDE4C	0.2889856
PDE4D	-2.0380013
PDE4DIP	-0.0062378123
PDE5A	0.5008291
PDE6A	-0.3568601
PDE6B	-0.42542756
PDE6C	0.08368237
PDE6D	0.09074876
PDE6G	0.12105742
PDE6H	-0.026487097
PDE7B	-0.28366083
PDE8A	-1.0695512
PDE8B	0.46748498
PDE9A	0.37269416
PDGFA	0.17722648
PDGFB	1.2035581
PDGFC	-0.283562
PDGFD	0.6797722
PDGFRA	0.5125825
PDGFRB	0.9924532
PDGFRL	-0.053619754
PDHA1	-0.42838818
PDHA2	-0.22486082
PDHB	0.23649734
PDHX	-0.3419857
PDIA2	-0.12780234
PDIA3	-0.16204657
PDIA4	1.4818252
PDIA5	0.94863343
PDIA6	0.97497076
PDK1	-0.3989581
PDK2	-1.3367205
PDK3	-0.035768658
PDK4	-1.8151078
PDLIM1	1.122849
PDLIM2	0.1423248
PDLIM3	0.33618426
PDLIM4	0.89359784
PDLIM5	-0.6677923
PDLIM7	1.0420377
PDP1	-0.4279428
PDPK1	0.1872771
PDPN	0.49562353
PDPR	-0.045738444
PDS5A	0.4184856
PDS5B	-0.5563419
PDSS1	-0.33720842
PDSS2	-0.34933713
PDX1	-0.0074483305
PDXDC1	-0.7899724
PDXK	0.28520095
PDYN	-0.23066762
PDZD2	-0.7239277
PDZD7	0.04284786
PDZK1	-0.98338175
PDZK1IP1	-1.1543698
PDZRN3	-0.15698518
PDZRN4	0.04370594
PEA15	0.7796561
PEAK1	1.2268381
PEBP1	-1.4083909
PECAM1	1.5457258
PECR	-1.0780793
PEF1	0.92731947
PEG10	-0.77841663
PEG3	-0.2766869
PELI1	-0.28499457
PELI2	-1.1664071
PELO	0.5224687
PELP1	0.28532764
PEMT	-0.30581748
PENK	-0.2877094
PEPD	-1.2447006
PER1	-1.9284799
PER2	-0.7741742
PER3	-0.39430684
PERP	0.2810513
PES1	0.6202799
PEX1	-0.9997438
PEX10	0.010382292
PEX11A	-0.09830648
PEX11B	0.054191146
PEX12	-0.034340784
PEX13	-0.46380866
PEX14	0.14679515
PEX16	0.24208061
PEX19	-0.7416538
PEX2	-0.29773763
PEX26	0.7568635
PEX3	-0.95098114
PEX5	-0.84437203
PEX5L	-0.4320468
PEX6	0.10115555
PEX7	-0.55008
PF4	0.3755204
PF4V1	0.16002223
PFAS	0.6124914
PFDN1	0.2943461
PFDN2	0.050016403
PFDN4	0.04118125
PFDN5	-0.03677292
PFDN6	0.23148245
PFKFB1	-0.35240105
PFKFB2	-1.78626
PFKFB3	0.21196079
PFKFB4	0.73022246
PFKL	0.14694402
PFKM	-0.29235142
PFKP	-0.17158188
PFN1	1.1259707
PFN2	0.1016441
PGAM2	-0.52975845
PGAP1	-0.20107695
PGAP2	-0.2543332
PGAP3	0.15982422
PGAP6	1.2380694
PGBD5	-0.18446319
PGC	-0.35213506
PGCKA1	-0.9443872
PGD	-0.2589212
PGF	1.1107492
PGGHG	0.51853865
PGGT1B	0.015507877
PGK1	0.059203573
PGK2	-0.29393914
PGLS	1.2174969
PGLYRP1	0.21775761
PGLYRP4	-0.6520661
PGM1	-0.7556243
PGM3	0.18280461
PGM5	0.5853208
PGP	0.8033499
PGPEP1	-0.7645691
PGR	0.68323106
PGRMC1	-0.93590045
PGRMC2	-0.02083543
PGS1	0.6088802
PHACTR1	0.17279258
PHACTR2	1.0747415
PHACTR4	-0.47960526
PHB1	-0.5439927
PHB2	0.33873093
PHC2	0.048553377
PHEX	0.0014548302
PHF1	0.095248275
PHF10	-0.4233787
PHF11	0.10357377
PHF14	0.013872385
PHF2	0.75320673
PHF20	-0.48574427
PHF20L1	0.26728493
PHF21A	-0.21627639
PHF24	-0.1640127
PHF3	-0.8861892
PHF7	-0.34481776
PHF8	0.17816022
PHGDH	-0.7834135
PHIP	-0.3516583
PHKA1	-0.56594837
PHKA2	-0.7083331
PHKB	-0.29918146
PHKG1	-0.16018684
PHKG2	0.27403277
PHLDA1	-0.93507713
PHLDA2	1.333219
PHLDA3	0.78721696
PHLDB1	1.001513
PHLPP1	0.24940956
PHLPP2	0.083363295
PHOX2A	0.052234083
PHOX2B	-0.036924224
PHTF1	0.4799319
PHTF2	0.321073
PHYH	-1.3509521
PHYHIP	-0.34383056
PI15	-0.03918475
PI3	0.289863
PI4K2A	0.42778128
PI4KA	0.737009
PI4KB	-0.2833335
PIAS1	-0.71563363
PIAS2	0.023114264
PIAS3	0.85871553
PIAS4	0.8123734
PIBF1	-0.28456205
PICALM	-0.42518553
PICK1	0.21682952
PID1	1.2386059
PIDD1	-0.10064337
PIERCE1	-0.3365218
PIEZO1	0.78683966
PIEZO2	1.1332178
PIGA	-0.2240711
PIGB	-0.623661
PIGC	1.4616312
PIGF	-0.3208598
PIGG	0.61715937
PIGH	-0.72008115
PIGK	0.13676305
PIGL	-0.33554095
PIGN	-0.097927466
PIGO	0.33002836
PIGP	-0.058366183
PIGQ	0.2522617
PIGR	-0.4120711
PIGT	0.61377335
PIGV	-0.30929965
PIGZ	-0.10891084
PIH1D1	0.1991756
PIK3C2B	1.399218
PIK3C2G	-1.2962569
PIK3C3	-0.055871457
PIK3CA	0.1051657
PIK3CB	-0.89212024
PIK3CD	0.642709
PIK3CG	1.1468966
PIK3IP1	0.16839708
PIK3R1	-0.9734595
PIK3R2	-0.026571602
PIK3R3	1.1461511
PIK3R4	0.07835093
PIK3R5	0.50968087
PIKFYVE	-0.34384295
PILRA	1.0423075
PILRB	0.6525084
PIM1	-0.34778348
PIM2	0.038731456
PIMREG	0.46174204
PIN1	0.26575226
PIN1P1	-0.27571616
PIN4	0.56322783
PINK1	0.08768341
PINLYP	-0.3900018
PIP	-0.60723764
PIP4K2A	0.72597927
PIP4K2B	-0.09720115
PIP4K2C	-0.25154337
PIP5K1A	-0.7862588
PIP5K1B	0.4292704
PIP5K1C	1.1449825
PIPOX	-1.2870624
PIR	0.23187812
PISD	-1.0052423
PITPNA	1.5333245
PITPNB	0.16265236
PITPNC1	0.38089982
PITPNM1	0.9566009
PITPNM3	0.4148755
PITRM1	0.2778176
PITX1	-0.02026309
PITX2	0.13029581
PITX3	-0.2330076
PIWIL1	-0.1255037
PIWIL2	-0.37571508
PJA1	0.13510293
PJA2	-0.6294998
PKD1	0.6020724
PKD1L1-AS1	-0.48013496
PKD2	-0.051067017
PKD2L1	-0.5114008
PKD2L2	0.3664077
PKDREJ	-0.52525866
PKIA	-0.06981612
PKIG	-0.06320947
PKLR	-0.9068478
PKM	0.055870533
PKMYT1	-0.07862599
PKN1	1.219801
PKN2	-0.4491064
PKNOX1	0.42415667
PKNOX2	0.19939572
PKP1	0.35357818
PKP2	-1.3168688
PKP3	0.41109782
PKP4	-1.283365
PLA1A	0.90121627
PLA2G10	0.19999626
PLA2G12A	-0.20262447
PLA2G15	0.39157754
PLA2G1B	-0.71052563
PLA2G2A	-0.70295656
PLA2G2D	-0.4231181
PLA2G2E	0.2350418
PLA2G2F	-0.03259028
PLA2G3	-0.063374154
PLA2G4A	1.0817949
PLA2G4C	1.1257969
PLA2G5	0.045038283
PLA2G6	-0.20581475
PLA2G7	1.0593027
PLA2R1	-0.18943514
PLAA	0.7534222
PLAAT1	0.27131492
PLAAT2	-1.1172135
PLAAT3	-0.02022557
PLAAT4	0.84922826
PLAC1	-0.49387208
PLAC8	1.4562817
PLAG1	0.5156575
PLAGL1	-0.7149116
PLAGL2	-0.75842965
PLAT	0.648823
PLAU	0.714471
PLAUR	0.863348
PLBD1	-0.08111027
PLCB1	-0.10434155
PLCB2	0.35278478
PLCB3	0.9042963
PLCB4	-0.25081375
PLCD1	0.6982012
PLCE1	-0.6865357
PLCG1	0.79473484
PLCG2	-0.39221007
PLCH1	0.20556396
PLCH2	-0.1612839
PLCL1	-0.2837062
PLCL2	-0.18181032
PLD1	-0.2805081
PLD2	0.38744676
PLD3	1.3914425
PLEC	0.78596324
PLEK	1.1071302
PLEK2	-0.09828043
PLEKHA1	-0.3391623
PLEKHA4	0.52501947
PLEKHA5	-1.4393675
PLEKHA6	0.049898595
PLEKHA8P1	1.7218544
PLEKHB1	0.12369776
PLEKHB2	-0.45561722
PLEKHF1	0.63722837
PLEKHF2	-0.4021611
PLEKHG3	-1.161889
PLEKHG6	-0.412983
PLEKHH3	0.72614044
PLEKHJ1	0.5179579
PLEKHM1	0.4437883
PLEKHM2	0.91933864
PLEKHO1	1.6603153
PLEKHO2	1.2883728
PLG	-1.3079439
PLGRKT	-0.08289997
PLIN1	-0.30116338
PLIN2	-0.963135
PLIN3	0.5695308
PLK1	0.26821712
PLK2	1.6561006
PLK3	0.20538451
PLK4	-0.03261973
PLLP	0.1749813
PLN	0.36917865
PLOD1	1.2840797
PLOD2	0.31591833
PLOD3	1.0901017
PLP1	-0.5680271
PLP2	0.74962395
PLPBP	-0.1501992
PLPP1	0.8186098
PLPP2	0.5148424
PLPP3	1.1081561
PLPPR1	-0.94756866
PLPPR2	0.9214985
PLPPR3	0.23486415
PLPPR4	0.4677006
PLS1	-0.9670916
PLS3	0.14319906
PLSCR1	0.25482133
PLSCR2	-0.25235072
PLSCR3	1.2984773
PLSCR4	-0.1918818
PLTP	-0.30775645
PLVAP	0.25037166
PLXDC1	0.46461627
PLXNA1	0.43756843
PLXNA2	1.0827495
PLXNA3	0.5816102
PLXNB1	0.37406826
PLXNB2	0.8254788
PLXNB3	0.2725505
PLXNC1	0.39694902
PLXND1	1.894156
PMAIP1	-0.24767423
PMCH	0.6004946
PMEL	-0.3549232
PMEPA1	0.45669907
PMF1	-0.011669782
PMFBP1	-0.33434862
PML	1.2814045
PMM1	-0.8264196
PMM2	0.47734052
PMP2	-0.06056934
PMP22	1.3565825
PMPCA	-0.044452384
PMPCB	-1.0665091
PMS1	0.46452373
PMS2P1	-0.34186995
PMVK	-0.09826016
PNISR	-0.08583623
PNKP	0.73171467
PNLIP	-0.35955402
PNLIPRP1	-0.3229544
PNLIPRP2	-0.5453506
PNMA1	-0.067200616
PNMA2	-0.39301962
PNMA3	-0.4877277
PNMA8A	0.12822908
PNMT	-0.6032677
PNN	-0.11967403
PNO1	0.25191218
PNOC	0.1167952
PNP	-0.73486584
PNPLA2	-0.039566785
PNPLA3	-0.41667432
PNPLA4	-0.7360519
PNPLA6	0.9450294
PNPO	-0.17030253
PNRC1	0.064864725
PNRC2	-0.45083582
PODNL1	0.3753369
PODXL	-0.1519376
PODXL2	-0.3470729
POF1B	-0.04114321
POFUT1	0.15877698
POFUT2	-0.004128188
POGK	0.2068359
POGLUT1	0.8752968
POGLUT2	1.0160065
POGZ	-0.31571513
POLA1	-0.43775472
POLA2	-0.35686305
POLB	0.51111823
POLD1	-0.030620113
POLD2	0.19874123
POLD3	-1.1691566
POLD4	0.76813376
POLDIP2	-0.09063081
POLDIP3	0.532707
POLE	0.14023681
POLE2	0.43296948
POLE3	0.6529381
POLG	0.5920061
POLG2	0.09712007
POLH	0.6719468
POLI	-0.8333159
POLL	-0.18809435
POLM	0.16772944
POLQ	0.23431091
POLR1B	-0.27954108
POLR1C	-0.05491887
POLR1D	-0.109414116
POLR1E	0.19365183
POLR1F	0.043850705
POLR1G	0.4965743
POLR2A	1.3577168
POLR2B	-0.026731819
POLR2C	-0.21754238
POLR2D	0.38785332
POLR2E	0.49801084
POLR2F	0.5923224
POLR2G	0.821134
POLR2H	0.0041724667
POLR2I	0.094109714
POLR2J	0.19366859
POLR2K	-0.3284794
POLR2L	0.48456103
POLR3B	0.45587152
POLR3C	0.023356661
POLR3D	0.47460854
POLR3E	0.2933259
POLR3F	-0.032507986
POLR3G	0.00072698295
POLR3K	0.52997243
POLRMT	0.35677826
POM121L2	-0.51541626
POMC	0.5835431
POMGNT1	-0.049494825
POMP	-0.044744775
POMT1	0.017929815
POMT2	0.16729215
PON1	-0.7732223
PON2	0.4609217
PON3	-0.2439927
POP4	1.0613089
POP5	0.4040748
POP7	0.78453565
POPDC2	0.8533925
POPDC3	-0.1408526
POR	0.16498226
PORCN	0.5203202
POSTN	0.8265202
POT1	-0.19296034
POTEKP	-0.18075056
POU1F1	0.11029452
POU2AF1	0.13208608
POU2F1	0.16821899
POU2F2	0.7404494
POU2F3	-0.26996118
POU3F1	-0.54779613
POU3F2	-0.08081767
POU3F3	0.051314186
POU3F4	0.011146687
POU4F2	-0.1296611
POU4F3	-0.02561599
POU5F1P3	0.047944635
POU5F1P4	-0.22412401
POU6F1	0.5323766
POU6F2	-0.1736111
PPA1	-0.6691512
PPA2	-1.0926588
PPAN	0.5313484
PPARA	-0.38532293
PPARD	0.48310378
PPARG	0.68675226
PPARGC1A	-1.5334129
PPAT	-0.112503394
PPBP	0.3193348
PPCDC	1.0684965
PPCS	-0.0064781755
PPDPF	0.26151562
PPEF1	-0.45071852
PPEF2	0.11361337
PPFIA1	0.06991188
PPFIA2	-0.21503635
PPFIA3	0.5505582
PPFIA4	-0.0066289045
PPFIBP1	0.68787754
PPFIBP2	0.025197923
PPIB	1.5629683
PPIC	1.7295969
PPID	0.8629595
PPIE	0.24775127
PPIEL	-0.4259126
PPIF	0.16433483
PPIG	-0.5845221
PPIH	-0.09360731
PPIL2	0.30741552
PPIP5K1	-0.10196913
PPIP5K2	-0.78997767
PPL	0.2337226
PPM1A	-0.63580066
PPM1B	-0.5171945
PPM1D	0.20866942
PPM1E	-0.19141556
PPM1F	1.3438307
PPM1G	0.53648674
PPM1H	-0.5383141
PPME1	0.07528305
PPOX	0.32921773
PPP1CA	1.2067115
PPP1CB	-0.62373555
PPP1CC	-0.4455437
PPP1R10	-2.8293757
PPP1R11	0.045304954
PPP1R12A	0.072675884
PPP1R12B	-1.1126319
PPP1R13B	1.3121916
PPP1R13L	0.72224754
PPP1R14D	-0.42939654
PPP1R15A	-0.70387775
PPP1R16B	-0.6189822
PPP1R17	0.38817704
PPP1R1A	-0.02555883
PPP1R2	0.0053734817
PPP1R26	-0.5971927
PPP1R2C	-0.116960555
PPP1R3A	-0.05954709
PPP1R3C	1.4854739
PPP1R3D	-0.43539408
PPP1R7	0.5477149
PPP1R8	0.26989958
PPP1R9A	-0.56731766
PPP2CA	0.12623775
PPP2CB	-0.27645293
PPP2R1A	0.42604494
PPP2R1B	-1.2781218
PPP2R2A	0.07027683
PPP2R2B	-0.18856181
PPP2R2D	-0.023219243
PPP2R3A	-1.451876
PPP2R3C	1.1324291
PPP2R5A	-0.25188994
PPP2R5B	0.85937715
PPP2R5C	-0.057869226
PPP2R5D	0.20504017
PPP2R5E	0.5407462
PPP3CA	-0.06690897
PPP3CB	-0.2054792
PPP3CC	-0.5476082
PPP3R1	0.7063709
PPP4C	0.82639754
PPP4R1	-0.05660379
PPP4R2	-0.55581486
PPP4R3A	-0.34575355
PPP4R4	-0.34879127
PPP5C	0.25918245
PPP6C	-0.026459321
PPP6R1	0.72076845
PPP6R2	0.06998635
PPP6R3	-0.5513139
PPRC1	0.6082172
PPT1	1.4768574
PPT2	0.25743613
PPWD1	-0.09053143
PPY	0.39012676
PPY2P	-0.13935983
PQBP1	0.35026234
PRAF2	1.5712707
PRAME	-0.3009355
PRAMEF12	-0.19799681
PRB3	-0.28234875
PRB4	-0.34878653
PRC1	0.7742216
PRCC	-0.06250317
PRCP	1.6919466
PRDM1	-0.7899436
PRDM10	-0.089364156
PRDM11	-0.6232327
PRDM12	-0.318117
PRDM13	0.02700252
PRDM14	-0.19964175
PRDM16	0.0754568
PRDM2	-0.21933419
PRDM4	-0.50013536
PRDM5	-0.9050219
PRDM9	-0.33087647
PRDX1	-0.24162428
PRDX2	-0.087378725
PRDX3	-0.6378458
PRDX4	0.8293033
PRDX6	-1.2114036
PREB	0.45880562
PRELID3A	0.19080052
PRELID3B	-0.249084
PRELP	0.97565067
PREP	0.4648491
PREPL	-0.65484405
PRF1	0.9985133
PRG2	0.09619218
PRG3	-0.21171644
PRG4	0.44595736
PRICKLE3	0.3318752
PRICKLE4	0.3387568
PRIM1	0.14223325
PRIM2	0.040017776
PRKAA1	-0.090139344
PRKAA2	-0.47718862
PRKAB1	-0.878938
PRKAB2	0.06731426
PRKACA	0.6331479
PRKACB	-0.7529992
PRKACG	-0.22037363
PRKAG1	-0.42137802
PRKAG2	-0.5842015
PRKAR1A	-0.19929925
PRKAR1B	0.31023893
PRKAR2A	0.05297838
PRKAR2B	-1.1781873
PRKCA	-0.5148463
PRKCB	1.0367937
PRKCD	-0.0058470275
PRKCE	-0.7914691
PRKCG	0.12846234
PRKCH	1.056032
PRKCI	-0.9230397
PRKCQ	-0.0970462
PRKCSH	0.42664278
PRKCZ	-0.74046665
PRKD1	-0.34911215
PRKD2	0.8018942
PRKD3	0.46690968
PRKDC	-0.2295379
PRKG1	-1.1454681
PRKG2	0.038244035
PRKN	-0.95734125
PRKRA	-0.33500051
PRKRIP1	-0.2202192
PRKX	0.28053978
PRKY	0.56663793
PRL	-0.13853179
PRLH	-0.026655572
PRLR	-1.4708264
PRM1	-0.028882615
PRM2	-0.110035494
PRMT1	-0.00809335
PRMT2	0.2163386
PRMT2IP	1.4068533
PRMT3	-0.56107557
PRMT5	-0.23524232
PRMT7	0.50264215
PRMT8	-0.3629396
PRND	-0.12729338
PRNP	-0.37561116
PROC	-0.43031767
PROCR	1.6006367
PRODH	-0.80839336
PRODH2	-1.4711106
PROM1	-0.2090999
PROP1	-0.59774554
PRORP	-0.095959045
PROS1	0.62904334
PROSER1	0.30753297
PROX1	-0.8873433
PROZ	-1.1772299
PRP4K	-0.5023665
PRPF18	0.3818771
PRPF19	0.8012104
PRPF3	0.3483802
PRPF31	0.53947026
PRPF38B	-0.09816314
PRPF39	-0.008907497
PRPF4	-0.64076656
PRPF40A	-0.42936862
PRPF6	0.04672669
PRPF8	0.3525365
PRPH	-0.42081183
PRPH2	0.18229127
PRPS1	0.19675837
PRPS1L1	-0.731441
PRPS2	-0.010797627
PRPSAP1	0.66261315
PRPSAP2	-0.6247486
PRR13	-0.4431113
PRR14	0.9746201
PRR15L	-0.5640737
PRR16	1.0526006
PRR3	-0.06969339
PRR34	-0.5937557
PRR36	0.0069119334
PRR4	-0.24268325
PRR5	-0.15245019
PRR5L	1.2074813
PRR7	-0.012300879
PRRC1	-0.01265721
PRRC2A	1.2605469
PRRC2C	-0.12056661
PRRG1	0.066556886
PRRG2	-0.35573512
PRRG3	0.02705437
PRRG4	-0.06450663
PRRX1	0.07023026
PRRX2	0.101108715
PRSS1	-0.10465131
PRSS12	-0.77962035
PRSS16	-0.628356
PRSS21	-0.23519225
PRSS22	-0.22715524
PRSS23	0.8296024
PRSS3	-0.5720441
PRSS3P2	-0.5939851
PRSS50	0.027307615
PRSS8	-1.1515057
PRTN3	-0.3197017
PRUNE1	-0.8298204
PRX	0.25929958
PSAP	0.16061568
PSAT1	-1.2836318
PSCA	-0.31046143
PSD	-0.37041685
PSD3	-0.43017453
PSD4	0.23884007
PSEN1	0.28381932
PSEN2	1.0244491
PSENEN	0.89848167
PSG1	0.03000851
PSG11	-0.5034361
PSG2	-0.3483048
PSG3	0.025629193
PSG4	-0.54491943
PSG5	-0.8751095
PSG6	-0.41206267
PSG9	-0.42103875
PSIP1	-0.57994556
PSKH1	0.23524144
PSMA1	0.4526167
PSMA2	-0.27986628
PSMA3	0.1557186
PSMA4	0.17142215
PSMA5	0.044938833
PSMA6	0.78399193
PSMA7	1.2455645
PSMB1	0.5359995
PSMB10	1.6623657
PSMB2	0.48659998
PSMB3	0.34737304
PSMB4	0.63914484
PSMB5	0.41230875
PSMB6	1.0246301
PSMB7	0.115358025
PSMB8	1.3006557
PSMB9	1.5203376
PSMC2	0.65368295
PSMC3	0.66968966
PSMC3IP	0.3497209
PSMC4	0.9112148
PSMC5	0.69682586
PSMC6	0.32522163
PSMD1	0.3426291
PSMD10	-0.13800561
PSMD11	0.69935226
PSMD12	-0.20210664
PSMD13	0.8988805
PSMD14	0.2942198
PSMD2	1.4068246
PSMD3	0.09728418
PSMD4	1.156643
PSMD5	0.49254602
PSMD6	0.00087323226
PSMD7	0.8507721
PSMD8	0.6872884
PSMD9	-0.05736045
PSME1	0.86710393
PSME2	0.70719546
PSME3	0.83435357
PSME3IP1	0.12709649
PSME4	-0.00036907196
PSMF1	0.88625294
PSMG1	-0.5573835
PSMG2	0.13857998
PSORS1C1	-0.23949346
PSORS1C2	-0.42367303
PSPC1	-0.27777672
PSPH	-0.06188622
PSPN	0.14452839
PSRC1	0.7639692
PSTPIP1	0.6727797
PSTPIP2	1.1618854
PTAFR	0.9577124
PTBP1	0.63717115
PTBP2	-0.7654611
PTBP3	-0.38544923
PTCD1	0.16411729
PTCD2	-0.021198824
PTCD3	-0.50248945
PTCH1	-0.46195745
PTCH2	-0.18249938
PTCRA	-0.5516014
PTDSS1	0.015779566
PTDSS2	0.25740916
PTEN	0.569239
PTER	-0.9685033
PTGDR	0.55600905
PTGDR2	-0.04008983
PTGDS	-0.40260357
PTGER1	-0.15163714
PTGER2	1.2274884
PTGER3	-0.5865451
PTGER4	-0.6949196
PTGES	-0.08562212
PTGES2	-0.061390243
PTGES3	-0.15794021
PTGFR	-0.5346911
PTGIR	0.43945175
PTGIS	0.58143
PTGS1	1.4140067
PTGS2	0.104971305
PTH	0.06431249
PTH1R	-0.5214536
PTH2R	-0.2587792
PTHLH	0.44693682
PTK2	-0.16248278
PTK2B	-0.032742642
PTK6	-0.19552645
PTK7	0.084739886
PTMA	0.37557578
PTMS	0.29043514
PTN	0.79911995
PTOV1	0.05025518
PTP4A1	-1.1956003
PTP4A2	0.27453846
PTP4A3	1.5011585
PTPA	0.62304306
PTPN1	-0.43531105
PTPN11	0.032421023
PTPN12	0.5805704
PTPN13	-1.0807987
PTPN14	-0.058645047
PTPN18	0.41244933
PTPN2	0.49675673
PTPN21	0.46729645
PTPN22	0.4852309
PTPN3	-0.7483618
PTPN4	-0.71465534
PTPN6	1.545439
PTPN7	0.578382
PTPN9	-0.18625835
PTPRA	0.026677914
PTPRB	0.22239345
PTPRC	1.3261397
PTPRCAP	0.6086335
PTPRD	-0.60545903
PTPRE	1.2537761
PTPRF	-0.36465144
PTPRG	0.53608966
PTPRH	-0.2872064
PTPRJ	-0.11663215
PTPRK	0.63775253
PTPRM	0.8326398
PTPRN	-0.24798231
PTPRN2	0.5772706
PTPRO	-0.28826603
PTPRR	-0.24424408
PTPRS	-0.419693
PTPRT	-0.50258523
PTPRU	-0.28533116
PTPRZ1	-0.5635221
PTRH2	0.24315894
PTS	0.2088845
PTTG1	0.5443789
PTTG1IP	1.4392986
PTTG2	0.0014525801
PTTG3P	0.2577586
PTX3	0.6466672
PUDP	-0.00452549
PUF60	0.43819863
PUM1	-0.4204578
PUM2	-0.7973914
PUM3	-0.034969844
PURA	0.6974874
PURG	0.32857847
PUS1	0.39377782
PUS3	0.54148114
PUS7	0.4596846
PUS7L	-0.2686057
PVALB	-1.149527
PVR	0.103928536
PVRIG	0.27553996
PVT1	-0.4484602
PWP1	0.1457367
PWP2	0.7258371
PWWP3A	0.26092222
PXDC1	0.11961809
PXMP2	-0.8808942
PXMP4	0.34668475
PXN	0.111859486
PYCARD	2.1921997
PYCR1	-0.31927764
PYCR3	0.52592206
PYGB	0.46287408
PYGL	1.1348692
PYGM	0.5175678
PYROXD1	-0.3113463
PYY	-0.41204363
PYY2	-0.15139955
PZP	0.18546185
QARS1	0.8553357
QDPR	-1.0465153
QKI	0.0801248
QPCT	1.106006
QPCTL	0.35066915
QPRT	-1.022356
QRICH1	-0.25068218
QRSL1	-0.1271905
QSER1	0.1080062
QSOX1	1.0848216
QTGAL	0.9710115
QTMAN	-0.74324083
QTRT1	0.209103
QTRT2	0.9826709
R3HCC1	0.94167846
R3HCC1L	0.23067454
R3HDM1	0.59645385
R3HDM2	-0.33294582
R3HDM4	0.4028851
RAB11A	0.95403373
RAB11B	0.1290793
RAB11FIP1	0.07210751
RAB11FIP2	-1.0283475
RAB11FIP3	-1.1478161
RAB11FIP5	-0.2485031
RAB14	0.39027402
RAB15	0.2736553
RAB17	-1.1022485
RAB1A	-0.69802433
RAB1B	0.77034783
RAB20	-0.3635261
RAB21	-0.0053272303
RAB22A	0.6773975
RAB23	1.1256673
RAB25	-0.43394595
RAB26	-0.2903678
RAB27A	0.5336313
RAB27B	-0.03488245
RAB28	-0.44907916
RAB29	-0.47977746
RAB2A	-0.18793118
RAB30	-0.084826745
RAB31	2.086151
RAB32	1.0135574
RAB33A	0.37268674
RAB33B	0.19745371
RAB35	1.0076782
RAB36	-0.21696168
RAB38	0.26359943
RAB3A	-0.22892909
RAB3B	0.13802382
RAB3D	0.7582092
RAB3GAP1	-0.29788345
RAB3GAP2	0.22085749
RAB3IL1	-0.20677501
RAB40A	-0.04830272
RAB40B	-0.15485239
RAB40C	0.44168502
RAB4A	-0.39669502
RAB4B	0.8674624
RAB5A	-0.17445478
RAB5B	0.7266111
RAB5C	0.121717595
RAB5IF	0.88159823
RAB6A	0.04981465
RAB6B	0.47139946
RAB7A	0.3603099
RAB8A	0.77129006
RAB8B	0.26771727
RAB9A	-0.21377866
RAB9BP1	-0.061538063
RABAC1	0.6881762
RABEP1	-0.07290763
RABEP2	0.6047262
RABEPK	0.47904426
RABGAP1	-0.008529484
RABGAP1L	-0.76538205
RABGEF1	-0.4576962
RABGGTA	0.67487943
RABGGTB	-0.9770292
RABIF	0.7773518
RAC1	0.5334111
RAC2	1.5564078
RAC3	-0.2694949
RACGAP1	0.15343174
RACK1	0.24785739
RAD1	0.5408088
RAD17	-0.6762258
RAD21	-0.45747343
RAD23A	0.7686007
RAD23B	-0.6801126
RAD50	0.1343981
RAD51	0.8762176
RAD51AP1	0.8504644
RAD51B	-0.029874131
RAD51C	0.07822924
RAD51D	0.65202504
RAD52	0.12689945
RAD54B	-0.35055548
RAD54L	0.5921782
RAD54L2	0.10304781
RAD9A	0.47546446
RADX	-1.2204592
RAE1	0.25781715
RAF1	0.02446355
RAG1	0.9178213
RAG2	-0.14485283
RAI14	-0.28919682
RAI2	0.91600215
RALA	0.8148011
RALB	0.4692363
RALBP1	-0.08981785
RALGAPA1	-0.49125892
RALGAPB	-0.020295015
RALGDS	0.86088634
RALGPS1	-0.36136323
RALGPS2	-0.635833
RALY	1.0445118
RALYL	-1.00322
RAMP1	0.51956946
RAMP2	1.3014853
RAMP3	0.22862217
RANBP1	-0.08452443
RANBP10	0.30054462
RANBP17	-0.39993054
RANBP2	-0.92875314
RANBP3	0.48510957
RANBP6	0.6256616
RANBP9	-0.15797053
RANGAP1	0.003081806
RANGRF	-0.095220715
RAP1A	-0.062717915
RAP1GAP	-0.50865877
RAP1GAP2	0.4458882
RAP1GDS1	0.6528607
RAP2A	1.3341315
RAP2B	0.19331555
RAP2C	0.4053192
RAPGEF1	1.1533822
RAPGEF2	-0.13925046
RAPGEF3	0.13481289
RAPGEF4	0.4751055
RAPGEF5	0.645571
RAPGEF6	-0.009179711
RAPGEFL1	0.29261178
RAPSN	-0.050677843
RARA	0.12636304
RARB	-0.81756216
RARG	0.86498904
RARRES1	0.7716101
RARRES2	-0.15977961
RARS1	0.50999683
RASA1	-0.16042009
RASA2	-0.06092897
RASA3	1.205304
RASAL1	-0.13003503
RASAL2	0.7577952
RASGRF1	-0.43811724
RASGRP1	0.14663216
RASGRP2	1.4326384
RASGRP3	0.6127086
RASIP1	1.2055054
RASL10A	-0.17877796
RASL11B	-1.3576937
RASL12	1.2046361
RASSF1	0.29485652
RASSF2	1.3728426
RASSF4	-0.41394648
RASSF7	-0.3450881
RASSF8	-0.53494805
RASSF9	0.29876906
RAX	-0.36510438
RB1	0.34105855
RB1CC1	-0.6033489
RBBP4	-0.37022987
RBBP4P4	-0.2903707
RBBP5	0.21253422
RBBP6	-1.0219284
RBBP7	-0.0018088222
RBBP8	-1.2129191
RBBP9	0.094797656
RBCK1	0.83038825
RBFA	-0.17903374
RBFOX1	-0.8464618
RBFOX2	0.5839459
RBKS	-1.0833333
RBL2	-0.36943334
RBM10	0.98074913
RBM12	0.5001029
RBM12B	0.49741632
RBM14	0.16333948
RBM15	-0.72578394
RBM15B	-0.3466528
RBM19	0.4070334
RBM22	0.08028659
RBM23	0.0065342374
RBM25	-1.0317314
RBM26	-0.19300973
RBM28	1.0121802
RBM3	0.05448309
RBM34	-0.27242377
RBM38	-0.3552034
RBM39	-0.45220715
RBM4	0.22799541
RBM42	0.7326032
RBM47	-0.7875928
RBM48	0.45182353
RBM4B	0.6592933
RBM5	0.7165964
RBM6	0.24747488
RBM7	-0.19921361
RBM8A	0.0964486
RBMS1	0.15508816
RBMS2	0.25850478
RBMS3	0.13386118
RBMX2	-0.17594552
RBMXL2	-0.17526606
RBP1	0.7901022
RBP3	-0.054602355
RBP4	-0.95205545
RBPJ	0.04765694
RBPJL	-0.5959703
RBPMS	0.015273929
RBX1	0.81325734
RC3H2	0.46890777
RCAN1	-0.69106364
RCAN2	0.8582991
RCAN3	0.0560956
RCBTB1	0.8430173
RCBTB2	1.0017636
RCC1	0.51489997
RCE1	0.39105725
RCHY1	-0.654202
RCL1	-0.8266021
RCN1	0.81544465
RCN2	-0.1443933
RCN3	1.3803443
RCOR3	-0.3965012
RCVRN	-0.41716546
RDH11	-0.46927905
RDH14	0.60922176
RDH16	-0.39293903
RDH5	-0.32007405
RDH8	0.017415483
RDX	-1.2619988
REC8	0.002110999
RECK	-0.048373893
RECQL	0.21740845
RECQL4	0.2699318
RECQL5	0.0041576624
REEP1	0.04682271
REEP2	-0.048284695
REEP4	1.5161276
REEP5	-0.024954155
REG1A	0.23211001
REG1B	0.13787697
REG1CP	-0.743109
REG3A	0.20425905
REL	-0.41589746
RELA	1.0822504
RELB	0.91832244
RELN	-0.1907427
REM1	0.60420215
REN	0.086961314
RENBP	-0.50824505
REPIN1	-0.17108904
REPS2	-0.484025
RER1	1.1004376
RERE	-0.50634784
RERGL	0.26882705
RESF1	-0.2972716
REST	-0.36597425
RET	0.4674123
RETN	0.38049933
RETREG1	-1.1524149
RETREG2	0.54232055
RETREG3	0.6968699
RETSAT	-0.49828658
REV1	-1.101508
REV3L	-0.16727695
REX1BD	0.76588917
REXO2	-0.2829405
REXO4	0.8408117
REXO5	-0.18491343
RFC1	-0.7480115
RFC2	0.5286697
RFC3	0.03191573
RFC4	0.3729104
RFC5	0.2757993
RFK	0.3900304
RFNG	0.26793143
RFPL1	-0.20389637
RFPL1S	-0.33694613
RFPL2	-0.38106692
RFPL3	-0.23949774
RFPL3S	-0.04312598
RFTN1	1.3433076
RFWD3	0.4640031
RFX1	0.47198695
RFX2	-0.17916149
RFX3	-0.81388897
RFX5	1.0773437
RFX7	0.46973976
RFXANK	0.5332619
RFXAP	-0.41719905
RGCC	0.18204711
RGL1	0.38715047
RGL2	0.9636849
RGN	-1.0438461
RGR	-0.5121727
RGS1	-0.70403063
RGS10	-0.7010745
RGS11	0.9338
RGS12	-0.35939926
RGS13	0.10248626
RGS14	0.020391613
RGS16	0.6608663
RGS17	-0.0751438
RGS19	1.3443211
RGS2	-0.7425404
RGS20	0.41144973
RGS3	0.88128614
RGS4	0.9249519
RGS5	0.45572597
RGS6	-0.5839333
RGS7	-0.6497013
RGS9	0.44384906
RHAG	-0.49855173
RHBDD3	0.8870654
RHBDF1	1.073612
RHBDF2	1.3372096
RHBDL1	-0.30095756
RHBG	-0.9065399
RHCE	-0.4988574
RHCG	-1.0109917
RHD	-0.058049962
RHEB	-0.3427913
RHO	-0.94976956
RHOA	0.89937365
RHOB	-1.4561979
RHOBTB1	0.6431047
RHOBTB2	-1.1452897
RHOBTB3	-0.969051
RHOC	1.5011834
RHOD	0.5950831
RHOF	0.8396393
RHOG	1.630027
RHOH	0.103293955
RHOQ	0.25072762
RHOT1	-0.37944952
RHOT2	0.110930175
RHPN1-AS1	-0.86856365
RIBC2	0.3387917
RIC3	-0.92475706
RIC8A	0.92387986
RIC8B	-0.2889697
RIDA	-1.6020961
RIF1	-0.28398582
RIGI	0.69650424
RIMBP2	-0.19294418
RIMS1	-0.38875586
RIMS2	-0.25151253
RIMS3	0.61409265
RIN1	-0.11170581
RIN2	1.6051989
RIN3	1.017846
RING1	0.19636478
RINT1	-0.29963344
RIOK2	0.20530291
RIOK3	-0.3573776
RIOX1	0.8156581
RIOX2	-0.24216422
RIPK1	-0.6880939
RIPK2	-0.8422879
RIPK4	-0.9998309
RIPOR1	0.90084577
RIPOR2	-0.63672423
RIPPLY3	0.24986544
RIT1	0.807889
RIT2	-0.509235
RITA1	0.16864078
RLBP1	-0.65598285
RLF	-0.6105021
RLIG1	-0.5897862
RLN1	-0.003640078
RLN2	0.25732127
RMC1	-0.42993784
RMDN1	-0.40664607
RMDN3	0.42599478
RMI1	0.17113228
RMND1	-0.85188943
RMND5A	0.7353463
RMND5B	0.05237133
RNASE1	1.0682826
RNASE2	0.7087255
RNASE2CP	-0.16093802
RNASE3	-0.052508913
RNASE4	-1.3175111
RNASE6	0.92618155
RNASEH1	0.5161197
RNASEH2A	0.57868195
RNASEH2B	0.27551615
RNASEL	0.4546191
RNASET2	0.72950435
RND1	0.36299717
RND2	-0.24997105
RND3	-1.0003071
RNF10	0.52056205
RNF103	-0.20807174
RNF11	0.038045123
RNF111	0.91094774
RNF113A	0.32267708
RNF114	-0.65972924
RNF115	-0.24053702
RNF121	0.3403761
RNF122	-0.023666292
RNF123	0.8154526
RNF125	1.416202
RNF126	0.105814904
RNF126P1	-0.06549576
RNF128	-0.75835794
RNF13	-0.13945645
RNF130	0.8817587
RNF138	-0.35960495
RNF139	-0.29929733
RNF14	-0.37545523
RNF141	0.37936813
RNF144A	0.8562236
RNF146	-0.72793406
RNF167	0.025290512
RNF17	-0.047316074
RNF170	-0.08992669
RNF186	-2.4569135
RNF187	0.428116
RNF19A	-0.71658397
RNF19B	-0.13193694
RNF2	0.34775856
RNF216	0.33847582
RNF220	-0.33160758
RNF24	1.0036672
RNF25	0.074790195
RNF31	0.33272567
RNF32	-1.2086642
RNF34	0.7679583
RNF38	-0.60262454
RNF39	-0.18083264
RNF4	-0.20010428
RNF40	0.72138524
RNF41	-0.5197256
RNF43	-0.17740731
RNF44	1.0320654
RNF5	-0.57898855
RNF6	-0.35876605
RNF7	1.0465763
RNF8	-0.37319547
RNFT1	0.30478662
RNFT2	0.3098288
RNGTT	0.06462598
RNH1	0.60835445
RNLS	-0.65311253
RNMT	-0.22720844
RNPEP	0.6618158
RNPEPL1	1.1630658
RNPS1	0.32215858
RO60	0.46792972
ROBO1	0.39021245
ROBO3	1.048103
ROBO4	1.1645358
ROCK2	-0.2537467
ROGDI	-0.2802716
ROM1	0.35914996
ROPN1B	-0.30409297
ROR1	0.36762613
ROR2	-0.29651573
RORA	-1.3998525
RORB	0.011556528
RORC	-0.9302717
ROS1	-0.10229325
RP2	0.44637007
RPA1	0.73305166
RPA2	0.5325044
RPA3	-0.65221095
RPA4	0.030222176
RPAP1	0.6889612
RPAP2	-0.019781647
RPAP3	-0.31045276
RPE	-0.07780167
RPE65	0.038996235
RPF1	-0.22893919
RPGR	-0.30265182
RPGRIP1	-0.31026477
RPGRIP1L	0.19415434
RPH3AL	0.45635772
RPIA	0.70991683
RPL10	0.694204
RPL10L	0.13145998
RPL10P17	0.37086812
RPL10P2	0.095287815
RPL11	0.15101947
RPL12	0.5544665
RPL13	0.54584074
RPL13A	0.28208154
RPL13P5	0.27565253
RPL14	-0.11830494
RPL15	-0.3128389
RPL18	0.074480236
RPL18AP16	0.09179693
RPL18AP3	0.05799365
RPL19	0.21331084
RPL21P68	0.2533156
RPL22	-0.56823045
RPL23	-0.24276444
RPL23AP32	0.3997626
RPL24	-0.20039196
RPL26L1	0.6052379
RPL26P36	-0.67987233
RPL27	0.22572087
RPL28	0.4118491
RPL29P5	0.019524623
RPL3	0.047181025
RPL30	-0.24688348
RPL35A	0.11811629
RPL35P8	-0.2914116
RPL36	0.58141303
RPL36AL	0.03712374
RPL36AP37	0.2446966
RPL37	-0.19786203
RPL37A	0.23852013
RPL38	-0.21931039
RPL39L	0.9691889
RPL3L	0.07751585
RPL3P7	-0.73454094
RPL4	0.18860815
RPL5	0.14201117
RPL7P52	-0.77008545
RPL8	0.06785976
RPLP1	0.80970365
RPLP2	0.69184875
RPLP2P1	0.25226295
RPN1	0.47554266
RPN2	1.0470406
RPP14	-0.4259142
RPP21	0.7986874
RPP25	0.40875983
RPP30	0.1376317
RPP38	-0.05941341
RPP40	0.8571813
RPRD1A	-0.56334704
RPRD2	-0.5287721
RPRM	-0.46620348
RPS11	0.18326464
RPS13	-0.37230074
RPS14	-0.040721975
RPS16	-0.06882286
RPS17P16	-0.039068595
RPS19	0.9738699
RPS2	0.2947275
RPS20	0.38595623
RPS21	0.10347737
RPS23	-0.30397466
RPS24	-0.43060142
RPS27L	-0.51048124
RPS28P6	-0.12326185
RPS2P45	-0.20714048
RPS3	0.30709636
RPS3AP5	-0.5826674
RPS4X	-0.07941329
RPS4XP9	-0.18879288
RPS4Y1	0.23989132
RPS5	0.09872755
RPS6	-0.18878178
RPS6KA1	0.29010805
RPS6KA2	0.5941813
RPS6KA3	1.4789011
RPS6KA4	0.20343754
RPS6KA5	-0.7459619
RPS6KA6	-0.65685534
RPS6KB1	0.02542764
RPS6KB2	0.62501615
RPS6KC1	-0.0985968
RPS9	0.27896506
RPSAP20	-0.407874
RPUSD2	0.12025827
RRAD	-0.104997456
RRAGA	-0.11947577
RRAGB	-0.661994
RRAGC	0.094215676
RRAGD	-0.8074955
RRAS	0.88212705
RRAS2	-0.9764458
RRBP1	1.3036232
RREB1	-0.50391287
RRH	-0.5580467
RRM1	0.46618116
RRM2	1.6933091
RRN3	-0.14180233
RRP1	-0.26486072
RRP12	0.5270785
RRP15	0.39066032
RRP1B	0.12658182
RRP7A	1.0579463
RRP8	1.1875056
RRP9	0.35976148
RRS1	0.18909603
RS1	-0.4050348
RSAD1	0.05790235
RSAD2	0.5363512
RSBN1	-1.1782594
RSF1	-0.46223527
RSL1D1	0.23881984
RSL24D1	-0.4641121
RSPH14	-0.65498996
RSPH6A	-0.32925755
RSRC1	-0.20967843
RSRC2	-0.68195605
RSRP1	0.6907354
RSU1	1.3080297
RTCA	-0.04729049
RTCB	0.39857793
RTEL1	-0.25900075
RTF1	-0.5170427
RTF2	0.4614989
RTL10	-0.10874432
RTL8A	0.14992332
RTL8C	0.8138216
RTN1	1.3283758
RTN2	1.0293642
RTN3	0.29282346
RTN4	0.22597039
RTP4	0.6082118
RTRAF	0.6823108
RUBCN	0.750014
RUBCNL	0.69374377
RUFY1	0.48988727
RUFY3	0.1831624
RUNDC3A	-0.37630433
RUNDC3B	-0.88061655
RUNX1	0.47001868
RUNX1T1	1.2704746
RUNX2	0.093559206
RUNX3	0.8511115
RUSC1	1.0586052
RUSC2	1.1610793
RUSF1	-0.27401406
RUVBL1	0.36951888
RUVBL2	0.49635282
RWDD1	0.5273817
RWDD2A	0.18197653
RWDD2B	0.07705769
RWDD3	0.39867866
RXFP3	-0.11967614
RXRA	0.7950373
RXRB	-0.18191665
RXRG	-0.3928805
RXYLT1	-0.5446146
RYBP	-0.29010954
RYK	-0.1564973
RYR1	0.42029348
RYR2	-0.5182609
RYR3	-0.94626725
S100A1	-0.31684142
S100A10	0.77022296
S100A11	1.8047547
S100A11P1	-0.57230425
S100A12	-0.74776953
S100A13	0.5083321
S100A14	-0.4444966
S100A2	-0.47476983
S100A3	0.39635205
S100A4	1.1062958
S100A5	-0.40196192
S100A6	0.14020155
S100A7	-0.6308907
S100A8	-0.21364038
S100A9	-0.16610461
S100B	-0.0069152433
S100G	-0.18576124
S100P	-0.3150526
S100PBP	-0.21343231
S1PR1	0.81801856
S1PR2	0.51267433
S1PR4	0.6411253
S1PR5	1.1493068
SAA4	-0.3047866
SAC3D1	1.0556433
SACK1E	0.08519587
SACM1L	-0.39054373
SACS	0.5767127
SAE1	0.014691994
SAFB	-0.3812097
SAFB2	-0.83047664
SAG	0.099994615
SAGE1	-0.16335393
SALL1	-0.95766604
SALL2	-0.5552374
SAMD4A	0.8808962
SAMD4B	0.05629257
SAMD9	0.6804213
SAMHD1	1.2567233
SAMM50	-0.060772277
SAMSN1	0.29172915
SAP130	-0.24427931
SAP18	-0.5108437
SAP30	0.16362622
SAP30BP	0.29594946
SAP30L	0.8640977
SAPCD1	-0.021641038
SAR1A	-0.15059662
SAR1B	0.10661499
SARAF	0.30617917
SARDH	-0.6348025
SARM1	0.3567721
SARS1	0.55381566
SARS2	-0.28903493
SART1	0.8071742
SART3	0.3845538
SASH1	-0.5459806
SASH3	1.088871
SAT1	-0.7115543
SATB1	0.80719113
SATB2	-0.37308776
SAV1	-0.47331664
SAXO6	-0.7060563
SAYSD1	-0.23587553
SBF1	0.50206685
SBNO2	0.16477932
SC5D	-0.4846627
SCAF11	-0.1612353
SCAF4	0.35021397
SCAF8	-0.12921378
SCAMP1	-0.9813872
SCAMP2	0.3769677
SCAMP3	1.1884555
SCAMP4	0.31804305
SCAMP5	-0.61883605
SCAND1	0.20067847
SCAND2P	-0.4711877
SCAP	0.83796525
SCAPER	-1.298394
SCARA3	0.5789742
SCARB1	0.6946216
SCARB2	0.52934575
SCARF1	1.4178371
SCCPDH	-0.8156527
SCD	0.057859086
SCD5	0.06213994
SCEL	0.1797734
SCFD1	-0.02329215
SCG2	0.60439706
SCG3	0.3148669
SCG5	0.99454033
SCGB1A1	-0.032377966
SCGB1D1	0.15000853
SCGB1D2	-0.22438002
SCGB2A1	-0.08892887
SCGB2A2	-0.11192003
SCGN	-0.43562135
SCHIP1	-0.5581847
SCIN	-0.61004174
SCLY	-0.41811794
SCMH1	-0.821733
SCML1	-0.8358946
SCML2	-0.08877905
SCN10A	-0.62063295
SCN11A	-0.2126865
SCN1A	-0.42825842
SCN1B	0.3273502
SCN2A	-0.64340335
SCN2B	-0.43434858
SCN3A	-0.31552988
SCN3B	-0.05469202
SCN4A	0.134291
SCN5A	-0.47746632
SCN7A	-0.42343155
SCN8A	-0.33406055
SCN9A	0.34348473
SCNM1	0.9912526
SCNN1A	-0.6842614
SCNN1B	-0.37560493
SCNN1D	-0.13083151
SCO2	0.6386266
SCP2	-0.72312415
SCPEP1	0.75087893
SCRG1	0.19102602
SCRIB	0.59650105
SCRN1	0.17397246
SCRN3	-0.07094944
SCRT1	0.1051439
SCT	0.37818882
SCTR	-0.26893276
SCUBE2	0.15838864
SCYL2	-0.36015627
SCYL3	-0.08567234
SDAD1	-0.22918884
SDC1	-1.3957075
SDC2	0.3199527
SDC4	-0.20672682
SDCBP	0.6479668
SDF2	1.1389697
SDF2L1	1.1924868
SDF4	0.854211
SDHA	-0.5166422
SDHAF1	0.24510852
SDHAF3	-0.50629854
SDHB	-0.60379684
SDHC	-0.8491918
SDHD	-1.1549964
SDK2	-0.2428911
SDR39U1	0.44197413
SDS	0.8187011
SEC11A	0.6557946
SEC13	0.6231163
SEC14L1	0.17556143
SEC14L1P1	0.20210719
SEC14L2	0.5466984
SEC14L3	-0.28907925
SEC14L4	0.23909594
SEC14L5	-0.3160948
SEC16A	0.79397696
SEC22A	0.65142286
SEC22B	0.26411527
SEC23A	0.23768917
SEC23B	0.0008456558
SEC23IP	0.33288687
SEC24A	-0.11352651
SEC24B	-0.18909605
SEC24C	0.83868015
SEC24D	1.2226944
SEC31A	0.13106352
SEC31B	-0.20068176
SEC61A1	0.59873974
SEC61A2	-0.032342643
SEC61B	0.8197543
SEC61G	0.5575322
SEC62	-0.83733666
SEC63	-0.21706092
SECISBP2	-0.8612112
SECISBP2L	-0.52950037
SECTM1	1.019581
SEH1L	-0.6884251
SEL1L	-0.16822514
SEL1L3	0.55015385
SELE	0.6190316
SELENBP1	-0.4825872
SELENOF	0.34887865
SELENOP	-0.44982827
SELENOT	-0.17512281
SELENOW	1.0274533
SELL	0.0668692
SELP	-0.47527415
SELPLG	0.508485
SEM1	0.1410262
SEMA3A	0.14069587
SEMA3B	-0.10829791
SEMA3C	-0.7705979
SEMA3D	-0.1439862
SEMA3E	0.3207639
SEMA3F	1.1560737
SEMA3G	0.29297245
SEMA4A	-0.25752848
SEMA4C	1.5835656
SEMA4D	-0.8843548
SEMA4F	0.6568747
SEMA4G	0.88086814
SEMA5A	-0.16273902
SEMA6A	0.6721026
SEMA6B	0.051068805
SEMA6C	-0.23581982
SEMA6D	-0.96685225
SEMA7A	0.89454836
SEMG1	0.18843552
SEMG2	-0.05718818
SENP2	-0.5491111
SENP3	-0.054337293
SENP5	0.8947039
SENP6	-0.6971189
SENP7	-0.89547193
SEPHS1	0.19088136
SEPHS2	-0.4541458
SEPTIN10	-0.4436629
SEPTIN11	-0.9819119
SEPTIN2	-0.16049203
SEPTIN4	0.9780631
SEPTIN5	0.51523745
SEPTIN6	0.35261452
SEPTIN7	-0.38978505
SEPTIN7P11	-0.6161523
SEPTIN9	1.1090515
SERBP1	-0.33680728
SERF2	0.42105937
SERGEF	-0.029167056
SERHL2	-0.15486428
SERINC1	-0.41600177
SERINC3	0.3602517
SERP1	0.44893676
SERPINA1	-0.8283448
SERPINA10	-0.27852702
SERPINA2	-0.22626479
SERPINA3	0.10540515
SERPINA4	-1.0290837
SERPINA5	-0.9568178
SERPINA6	-1.2755084
SERPINA7	-0.5961228
SERPINB1	-0.0850116
SERPINB10	-0.5539308
SERPINB13	-0.22540835
SERPINB2	0.26424202
SERPINB3	-0.3111636
SERPINB4	-0.5735164
SERPINB5	-0.22092445
SERPINB6	0.6433364
SERPINB7	-0.39961934
SERPINB8	0.52771086
SERPINB9	-0.2657501
SERPINC1	-0.41286343
SERPIND1	-0.306777
SERPINE1	-0.13146934
SERPINE2	0.17310654
SERPINF1	0.45704603
SERPINF2	-1.1466403
SERPING1	0.48751593
SERPINH1	1.4309076
SERPINI1	0.11658777
SERPINI2	-1.0119249
SERTAD2	0.68620825
SERTAD3	-0.34410053
SESN1	0.23725764
SET	-0.018579535
SETBP1	0.07916537
SETD1A	0.25232622
SETD1B	1.0526321
SETD2	-0.09547394
SETD3	-1.0152066
SETD4	0.08733201
SETD5	-0.03534895
SETD6	0.29253381
SETDB1	0.4556254
SETMAR	0.32918772
SETX	-0.011820808
SEZ6L	-0.7642374
SEZ6L2	0.7256484
SF1	0.7646744
SF3A1	0.55117875
SF3A2	0.38296044
SF3A3	-0.21799281
SF3B1	-0.32440928
SF3B2	0.570881
SF3B3	0.41533354
SF3B4	-0.48959428
SF3B5	0.51201934
SFI1	0.2432791
SFMBT1	0.38796368
SFN	-0.026258513
SFPQ	0.07362542
SFRP1	0.06766549
SFRP4	0.44472605
SFRP5	-0.10918523
SFSWAP	-0.39005548
SFT2D2	0.5744984
SFTPB	-0.6628939
SFTPC	-0.3933031
SFTPD	0.23916772
SFXN1	-1.1440647
SFXN3	1.9341176
SGCA	-0.1942889
SGCB	-0.45254505
SGCD	-0.0845986
SGCE	0.31280807
SGCG	-0.24692202
SGF29	-0.03486359
SGK1	-0.63415897
SGK2	-0.94782376
SGK3	-0.2730546
SGMS1	-0.43183523
SGPL1	0.5873176
SGPP1	-1.0457678
SGSH	0.63607574
SGSM2	0.65221345
SGSM3	0.54693043
SGTA	0.70449257
SH2B1	0.22705576
SH2B2	0.26529554
SH2B3	1.7223642
SH2D1A	0.37535226
SH2D2A	0.27735612
SH2D3A	-0.100490995
SH2D4A	-0.10617434
SH3BGR	-0.7130551
SH3BGRL	0.5420399
SH3BGRL3	2.041556
SH3BP1	0.08208317
SH3BP2	0.6537419
SH3BP4	0.06633157
SH3BP5	0.25145334
SH3GL1	0.8602879
SH3GL2	-1.2869014
SH3GL3	-0.14777659
SH3GLB1	0.84720945
SH3GLB2	-0.028634708
SH3PXD2A	1.0466812
SH3TC1	0.08830779
SH3TC2	-0.17151141
SH3YL1	-1.8788478
SHANK1	0.16869299
SHANK2	-1.237817
SHARPIN	0.21589465
SHB	-0.0800467
SHBG	-0.69449615
SHC1	1.3898408
SHC2	1.0801449
SHC3	-1.0496621
SHCBP1	0.7681173
SHCBP1L	-0.556229
SHFL	0.88297814
SHH	0.21063486
SHISAL1	-0.5685935
SHLD2	-0.9307222
SHMT1	-1.6111028
SHMT2	0.5849371
SHOC2	0.023935407
SHOX2	0.36386952
SHPK	-0.16850337
SHQ1	-0.0886943
SHROOM2	0.4344222
SHTN1	-0.030785143
SI	0.06668671
SIAH1	-0.3068964
SIAH2	-0.48454946
SIDT1	0.63852257
SIDT2	1.6938739
SIGIRR	0.08641042
SIGLEC1	0.552385
SIGLEC5	0.05194284
SIGLEC6	-0.49012783
SIGLEC7	0.31163788
SIGLEC8	-0.24457993
SIGLEC9	0.8041151
SIGMAR1	1.1719129
SIK1	-2.5266461
SIK3	-0.98571414
SIKE1	-0.040842295
SIL1	0.74891865
SIM2	0.16363287
SIN3B	0.6085518
SIPA1	1.2681234
SIPA1L1	-0.5584568
SIPA1L3	-0.40645653
SIRAL2	0.16831304
SIRPA	-1.0433518
SIRPB1	0.01699154
SIRPG	0.4183343
SIRT1	-1.2308973
SIRT2	0.44172853
SIRT3	-0.7982349
SIRT4	0.2422913
SIRT5	-0.4977888
SIRT6	0.35655576
SIRT7	0.53115296
SIT1	0.2664734
SIVA1	0.44452336
SIX1	0.5085591
SIX2	-0.03946548
SIX3	0.017380625
SIX5	0.60811836
SIX6	-0.43300992
SKA1	0.47913277
SKAP1	-0.14815705
SKAP2	0.06973994
SKIC2	0.55504495
SKIC3	-0.25294527
SKIC8	0.009428233
SKIL	0.86849505
SKP1	-0.460077
SKP2	0.62144965
SLA	1.1909999
SLAMF1	0.46808115
SLAMF7	0.74470645
SLAMF8	0.32777062
SLBP	-0.75182533
SLC10A1	-0.754432
SLC10A2	-0.9787072
SLC10A3	0.7918472
SLC11A1	0.4866906
SLC11A2	-0.98583233
SLC12A2	0.18229201
SLC12A3	-1.2810273
SLC12A4	0.88174474
SLC12A5	-0.258406
SLC12A6	-0.99966794
SLC12A7	0.1467654
SLC12A8	0.5126597
SLC12A9	0.47199726
SLC13A1	-1.1649661
SLC13A2	-1.2295004
SLC13A3	-1.4175168
SLC13A4	-0.07148914
SLC14A1	0.9290257
SLC14A2	-0.51844704
SLC15A1	-0.7719076
SLC15A2	-0.38113552
SLC15A3	1.5071071
SLC16A1	-0.37900507
SLC16A2	-0.33468023
SLC16A3	1.177106
SLC16A4	-1.1228675
SLC16A5	0.75773776
SLC16A6	0.24212047
SLC16A7	-0.8172649
SLC16A8	0.007854983
SLC17A1	-1.5251379
SLC17A2	-0.2472527
SLC17A3	-1.3519673
SLC17A4	-0.8584416
SLC17A5	-0.8311291
SLC17A6	-0.15539037
SLC17A7	-0.4418083
SLC17A9	-0.02633679
SLC18A1	-0.17788057
SLC18A3	-0.27362162
SLC19A1	-0.23816246
SLC19A2	-2.477609
SLC19A3	-0.55685973
SLC19A4P	-0.1812363
SLC1A1	-1.387836
SLC1A2	-0.24279328
SLC1A3	0.6031775
SLC1A4	0.9591714
SLC1A5	-0.8052881
SLC1A6	-0.022581533
SLC1A7	-0.20842682
SLC20A1	-0.052133784
SLC20A2	-0.09348118
SLC22A1	-0.6936033
SLC22A11	-1.3908439
SLC22A13	-0.6769026
SLC22A14	-0.4210871
SLC22A17	0.5119035
SLC22A2	-0.9203572
SLC22A3	0.008548342
SLC22A4	-0.852021
SLC22A5	-1.7444282
SLC22A6	-1.3291099
SLC22A7	-0.81847924
SLC22A8	-1.4196507
SLC23A2	-0.10418978
SLC24A1	0.20927468
SLC24A2	-0.17636241
SLC24A3	-0.36636388
SLC25A1	-0.16960312
SLC25A10	-1.072188
SLC25A11	-0.032607898
SLC25A12	-0.96528727
SLC25A13	-0.6531551
SLC25A14	-0.347434
SLC25A16	-0.7949059
SLC25A17	-0.344662
SLC25A20	0.043767184
SLC25A21	-0.1084124
SLC25A22	0.6076747
SLC25A24	-0.12743644
SLC25A28	-0.63413036
SLC25A3	-0.15827635
SLC25A31	0.09064047
SLC25A32	-0.16549051
SLC25A36	-1.1511347
SLC25A37	0.21214724
SLC25A38	-0.16754234
SLC25A4	0.60499376
SLC25A40	-0.9453629
SLC25A44	-0.44365552
SLC25A46	-0.31616914
SLC25A5	-0.7472441
SLC26A1	-0.19638805
SLC26A10P	0.15759371
SLC26A2	0.27158356
SLC26A3	-0.29472417
SLC26A4	-0.8594539
SLC26A6	0.018060327
SLC27A2	-1.3566816
SLC27A3	1.4962994
SLC27A5	0.42323163
SLC27A6	0.04641255
SLC28A1	-1.0436766
SLC28A2	-0.72093576
SLC28A3	0.006071806
SLC29A1	0.6166575
SLC29A2	-0.3609861
SLC29A3	0.67927843
SLC2A1	-0.2730645
SLC2A10	0.22519583
SLC2A11	0.10142802
SLC2A2	-1.2585788
SLC2A3	0.12899306
SLC2A4	-0.28725886
SLC2A4RG	-0.42893267
SLC2A5	-1.0210729
SLC2A6	0.6822816
SLC2A8	0.9407737
SLC2A9	-0.17100616
SLC30A10	0.010825824
SLC30A3	-0.44049782
SLC30A4	0.2076225
SLC30A5	-0.15173571
SLC30A9	-1.0354093
SLC31A1	0.22649673
SLC31A2	-0.3583138
SLC33A1	0.072730325
SLC34A1	-1.1208804
SLC35A1	0.91995144
SLC35A2	0.2068947
SLC35A3	-0.16224636
SLC35A5	0.27908242
SLC35B1	0.4938702
SLC35C1	1.2384715
SLC35D1	-0.3363077
SLC35D2	0.4371456
SLC35E1	0.47754395
SLC35E2A	0.88187516
SLC35E3	-0.100441694
SLC35F2	-0.041002158
SLC35F6	0.5829241
SLC35G2	0.64820164
SLC35H1	0.41198337
SLC36A1	0.40895286
SLC37A1	0.8307288
SLC37A4	-1.6603314
SLC38A1	-0.17669499
SLC38A10	0.39276928
SLC38A2	-1.0893781
SLC38A3	-0.74438304
SLC38A4	-0.71064675
SLC38A6	-0.18271323
SLC38A7	0.77661836
SLC39A1	0.4309946
SLC39A14	-0.9329634
SLC39A2	-0.08898714
SLC39A4	-0.6232698
SLC39A6	-0.35237363
SLC39A7	0.63773805
SLC39A8	0.17423579
SLC39A9	0.94967574
SLC3A1	-0.95811045
SLC3A2	-0.95731306
SLC41A3	0.19091961
SLC43A1	-0.1018272
SLC43A3	1.431535
SLC44A4	-0.85761607
SLC45A2	-0.2838462
SLC46A3	0.5527847
SLC47A1	-1.1744192
SLC48A1	0.587101
SLC49A3	0.42061895
SLC4A2	0.69703406
SLC4A3	0.51659334
SLC4A4	-1.4120659
SLC4A5	-0.87592703
SLC4A7	-0.2454361
SLC4A8	0.21765086
SLC50A1	0.0632767
SLC52A1	-0.1398432
SLC52A2	0.87765974
SLC5A1	-0.09846146
SLC5A2	-0.8706399
SLC5A4	0.22876582
SLC5A5	-0.37093046
SLC5A6	0.74598485
SLC5A7	-0.6161575
SLC61A1	0.90097106
SLC66A2	-0.91299343
SLC67A1	-0.7701944
SLC67A1-AS	-0.955888
SLC68A1	0.72375107
SLC6A1	-0.01330097
SLC6A11	-0.14806658
SLC6A12	-0.35246453
SLC6A13	-1.5502951
SLC6A14	-0.47635064
SLC6A15	-0.37103683
SLC6A16	-1.1128243
SLC6A2	-0.70041037
SLC6A20	-0.38154364
SLC6A3	0.10123244
SLC6A4	-0.3199777
SLC6A5	-0.013066769
SLC6A6	0.8420222
SLC6A7	-0.20359676
SLC6A8	-0.5324241
SLC6A9	0.22210175
SLC75A1	1.0518956
SLC7A1	0.29968745
SLC7A10	-0.37954593
SLC7A11	0.6041563
SLC7A2	-0.28377318
SLC7A4	-0.33668685
SLC7A5	-0.0069626383
SLC7A6	0.47455513
SLC7A7	-1.1106093
SLC7A8	-1.3937705
SLC7A9	-1.3572412
SLC8A1	-0.9363678
SLC8A2	-0.43340746
SLC8B1	1.4527894
SLC9A1	0.8254133
SLC9A2	-0.3727778
SLC9A3	-0.37608632
SLC9A5	-0.17288335
SLC9A6	-0.4030051
SLC9A8	-0.22027399
SLC9D1	0.24328786
SLCO1A2	-0.51043266
SLCO1B1	-0.14843656
SLCO1B3	0.18432197
SLCO1C1	-0.35693187
SLCO2A1	0.7920941
SLCO2B1	0.14049408
SLCO3A1	1.8506467
SLCO4A1	-0.041352324
SLCO4C1	-1.2848399
SLCO5A1	0.20404473
SLF2	-0.63246083
SLFN12	1.2557719
SLIRP	0.2261905
SLIT1	-0.3138442
SLIT2	-1.2286723
SLIT3	1.2601936
SLITRK3	0.49498573
SLITRK5	-0.117317215
SLK	-0.11702429
SLN	-0.19758552
SLPI	-0.42158052
SLTM	-0.7115563
SLURP1	0.0023335367
SMAD1	-0.5017778
SMAD2	-0.31588274
SMAD3	0.12439493
SMAD4	-0.5742653
SMAD5	-0.76468855
SMAD6	0.7485361
SMAD7	0.7985023
SMAD9	0.36591876
SMAGP	1.3603086
SMAP1	0.27051488
SMARCA1	-0.0065797567
SMARCA2	-0.3217854
SMARCA4	0.82543963
SMARCA5	0.555636
SMARCAL1	0.5552172
SMARCB1	0.64694464
SMARCC1	-0.9404859
SMARCC2	0.46688813
SMARCD1	-0.26985058
SMARCD2	0.6702732
SMARCD3	0.8667488
SMARCE1	0.52270126
SMARCE1P2	-0.44753093
SMC1A	-0.33848056
SMC2	0.25272083
SMC3	-0.3439523
SMC4	1.1220951
SMC5	-0.3960755
SMC6	0.19875862
SMCHD1	-0.37759084
SMCO4	0.544345
SMCP	-0.44154012
SMG1	0.30442962
SMG5	0.85473496
SMG6	0.685317
SMG7	-0.3502395
SMG8	0.49740604
SMG9	0.7500311
SMIM7	0.4194
SMIM8	-0.24076602
SMNDC1	0.58600247
SMO	-0.44843936
SMOX	0.6917834
SMPD1	0.124963224
SMPD2	0.3774211
SMPD3	0.09910424
SMPDL3A	-0.6605283
SMPDL3B	-0.20303652
SMPX	-0.25674066
SMR3A	-0.44287723
SMR3B	-0.2621557
SMTN	0.5794408
SMU1	0.3851712
SMUG1	0.5006045
SMURF1	0.45013574
SMURF2	0.5934288
SMYD2	0.07565368
SMYD3	-0.010391228
SMYD5	-0.48157912
SNAI1	-0.2370651
SNAI2	1.5314945
SNAP23	0.40612933
SNAP25	0.07434675
SNAP29	0.77612257
SNAP91	0.19476049
SNAPC1	0.07826601
SNAPC2	0.4178671
SNAPC3	0.5438306
SNAPC4	0.37529966
SNAPC5	0.28572056
SNCA	0.6073959
SNCAIP	0.31926593
SNCB	-0.14532878
SNCG	0.43992335
SND1	0.43273312
SND1-IT1	-0.62188596
SNED1	0.061835155
SNF8	1.0567422
SNHG32	-0.54495126
SNIP1	0.32240152
SNN	1.1680622
SNORA64	0.031140227
SNPH	0.09339894
SNRK	1.1489472
SNRNP200	0.67779815
SNRNP25	0.17843592
SNRNP27	0.21088102
SNRNP35	0.8511536
SNRNP40	0.12292485
SNRNP70	0.5859345
SNRPA	0.60588557
SNRPB	0.41021317
SNRPB2	-0.34352708
SNRPC	-0.12496471
SNRPD1	-0.24021295
SNRPD2	0.05840856
SNRPD3	0.64522487
SNRPF	0.14465511
SNTA1	-0.91946924
SNTB1	0.7046187
SNTB2	1.0254171
SNU13	-0.10180652
SNUPN	0.57414377
SNW1	0.35881838
SNX1	0.91282314
SNX10	0.14699337
SNX11	0.3665931
SNX13	-0.7009047
SNX15	-0.4698528
SNX16	0.22918479
SNX17	0.8226916
SNX19	0.28203434
SNX2	-0.25238326
SNX24	-0.023349881
SNX27	-0.39660585
SNX3	1.3070775
SNX4	-1.0840626
SNX5	-1.2970467
SNX7	0.06762327
SOAT1	0.8051158
SOAT2	-0.3808055
SOBP	-0.6565185
SOCS1	-0.6084778
SOCS2	-1.04859
SOCS3	-0.5977173
SOCS5	-0.9961974
SOCS6	-0.48291552
SOCS7	-0.3777732
SOD1	-0.81149787
SOD2	0.42150724
SOD3	0.26837656
SOHLH2	-0.6931818
SON	-0.5075866
SORBS1	0.7017106
SORBS2	0.41757765
SORBS3	0.16953394
SORCS3	-0.26964825
SORL1	0.092022724
SORT1	0.0193648
SOS1	-0.3841993
SOS2	-0.8354913
SOSTDC1	0.8218322
SOWAHC	-1.6627367
SOX1	-0.0034281556
SOX10	-0.62759864
SOX11	-0.038995102
SOX12	0.71215856
SOX13	0.13848506
SOX14	0.20116882
SOX15	-0.11507216
SOX17	2.2584772
SOX18	2.051438
SOX2	-0.35000485
SOX21	-0.028548434
SOX3	-0.031568915
SOX30	-0.19130403
SOX4	1.4804311
SOX5	0.09103525
SOX9	-0.40355286
SP1	0.46193296
SP100	0.8866148
SP110	1.0490788
SP140	0.3063566
SP140L	1.1541345
SP2	0.29465234
SP3	-0.07803538
SP4	-0.67857677
SPA17	-0.059476633
SPACA1	-0.34403723
SPACA9	0.16809583
SPAG1	0.123840794
SPAG11B	-0.26651505
SPAG16	-1.0546598
SPAG4	-0.1703152
SPAG5	-0.9267713
SPAG6	-0.57886565
SPAG7	0.071850546
SPAG8	0.17700318
SPAG9	0.42130986
SPAM1	-0.5135407
SPARC	1.5600148
SPARCL1	-0.012816675
SPART	-0.81947434
SPAST	0.49241722
SPATA2	-0.4534785
SPATA20	0.35693198
SPATA2L	-0.48362425
SPATA6	-1.153826
SPATA6L	-0.62495536
SPATA7	-0.2598999
SPATS2	0.62738454
SPATS2L	-0.5724466
SPC25	0.41690683
SPCS1	-0.21977177
SPCS3	0.8405421
SPDEF	-0.5010697
SPDL1	0.55478036
SPECC1L	0.36428094
SPEF1	0.01933822
SPEN	0.44841963
SPG11	-0.3624236
SPG21	0.068352565
SPG7	0.7002802
SPHK1	0.5380797
SPHK2	-0.26061636
SPI1	0.75514466
SPIB	0.16420105
SPICE1	0.009310111
SPIDR	-0.29644647
SPIN1	-0.6931168
SPINK1	-0.69745964
SPINK2	-0.018310338
SPINK4	-0.29782957
SPINK5	-0.8156163
SPINT1	-0.27705103
SPINT2	-0.38825607
SPMAP2	-0.32803068
SPN	1.2237173
SPO11	-0.067778565
SPOCK1	0.18785104
SPOCK2	0.31337827
SPOCK3	0.16678339
SPON1	0.3908463
SPON2	1.2621481
SPOP	0.050684452
SPOUT1	0.82128704
SPP1	-0.43338406
SPP2	-0.6604365
SPPL2B	0.41718492
SPR	0.58943987
SPRED2	0.36339647
SPRING1	0.6554378
SPRR1A	-0.25387597
SPRR1B	-0.5241058
SPRR3	-0.5487904
SPRY1	0.5839307
SPRY2	-1.5443205
SPRY4	0.348947
SPRYD7	-0.75447357
SPSB1	-1.067488
SPSB3	0.19287643
SPTA1	-0.1562585
SPTAN1	0.12022628
SPTB	-0.68924487
SPTBN1	0.9132819
SPTBN2	-0.42600366
SPTBN4	-0.56663793
SPTBN5	0.1901444
SPTLC1	-0.530941
SPTLC2	0.5527636
SPTLC3	-0.5355646
SPTSSA	-0.14504845
SPX	-0.82569176
SQLE	0.7363963
SQOR	0.40638024
SQSTM1	0.57521343
SRBD1	0.5048966
SRC	-0.020468205
SRD5A1	0.33787552
SRD5A2	-0.849399
SRD5A3	0.8611134
SREBF1	0.7210871
SREBF2	0.33134884
SREK1	-0.5589578
SRF	0.1548293
SRGAP2	-0.5410224
SRGAP3	-0.24505556
SRGN	0.19113082
SRI	0.21331133
SRM	0.9692575
SRP14	0.028483845
SRP19	0.06696548
SRP54	-0.019567281
SRP72	0.028341785
SRP9	-0.3809727
SRPK1	-0.07690137
SRPK2	-0.5313949
SRPK3	-0.080264896
SRPRA	0.6585704
SRPRB	0.7857962
SRPX	0.49758154
SRPX2	1.4156699
SRR	-0.21832171
SRRD	0.2609876
SRRM1	-0.8121344
SRRM2	0.044043794
SRRT	0.61784625
SRSF1	0.070242286
SRSF10	-0.13766904
SRSF11	-0.5520887
SRSF2	-0.22413749
SRSF3	-0.30338785
SRSF4	-0.13812454
SRSF5	-0.4202845
SRSF6	-0.28460103
SRSF7	0.14060628
SRSF8	0.16196726
SRSF9	-0.13047752
SRY	-0.013917357
SS18	-0.38471738
SS18L1	-0.39595705
SS18L2	0.081820145
SSB	-0.65840745
SSBP1	0.033102885
SSBP2	0.02005057
SSBP3	-0.25179046
SSH3	0.16577116
SSNA1	1.1105597
SSPN	0.72933984
SSR1	-0.007848676
SSR2	1.2042382
SSR3	0.9489892
SSR4	0.84473544
SSRP1	-0.22259521
SST	-0.55035794
SSTR1	0.4647744
SSTR2	-1.3268524
SSTR3	0.03516327
SSTR4	-0.15467432
SSTR5	0.24591288
SSUH2	0.48748055
SSX1	-0.081487894
SSX2IP	-0.85871214
SSX3	-0.62592727
SSX5	0.18981244
ST13	-1.203348
ST14	0.018974416
ST18	-0.795964
ST3GAL1	0.30139568
ST3GAL2	1.8775492
ST3GAL4	-0.3989046
ST3GAL5	0.19738537
ST3GAL6	-0.21572137
ST6GAL1	1.0568874
ST6GALNAC2	-0.13948348
ST6GALNAC4	1.2401475
ST6GALNAC5	0.07443634
ST7	-0.37506086
ST7L	-0.2557398
ST8SIA1	0.803
ST8SIA2	-0.30023497
ST8SIA3	-0.1495008
ST8SIA4	1.0831217
ST8SIA5	-0.7008967
STAB1	1.4419148
STAB2	-0.5206322
STAC	-0.15302473
STAG1	-0.28471687
STAG2	-0.52823097
STAG3	-0.08148481
STAG3L4	-0.31843022
STAM	0.22196425
STAM2	-0.3838324
STAMBP	0.105334915
STAP1	-0.5803996
STAP2	0.53309375
STAR	0.12616754
STARD13	-0.4225405
STARD3	-0.20301428
STARD5	0.63436687
STARD7	0.0040809726
STARD8	0.012548607
STAT1	0.17639357
STAT2	0.9999659
STAT3	0.5593005
STAT4	0.4480062
STAT5A	0.266643
STAT5B	0.09345628
STAT6	1.0847163
STATH	-0.49922693
STAU1	-0.6858585
STAU2	-0.30304873
STBD1	-0.45142338
STC1	-0.45460153
STC2	-0.25264302
STEAP1	-0.33904123
STEAP1B	-0.60986596
STEAP3	-0.08501269
STEAP4	0.3293517
STIL	0.888554
STIM1	0.96932316
STIMATE	1.1981442
STIP1	-0.44380185
STK10	1.8547626
STK11	0.32937166
STK16	-0.06396577
STK17A	0.7828473
STK17B	1.5401428
STK24	-0.8830131
STK25	0.42531654
STK26	0.13306497
STK3	-0.2319844
STK32B	-0.3881086
STK38	0.10826297
STK38L	0.8241439
STK39	0.50797856
STK4	0.5589376
STMN1	-0.6389229
STMN2	0.06356007
STMN3	0.600225
STMN4	-0.6632416
STN1	1.038177
STOM	1.147794
STOML1	0.5929534
STOML2	0.055112395
STON1	0.18105751
STRA6	-1.2870648
STRADA	0.36834222
STRAP	0.41999915
STRN	-0.113749094
STRN3	-0.50963676
STRN4	0.8025982
STS	1.1418226
STT3A	0.03527977
STUB1	0.21639284
STX10	1.0164071
STX11	0.14379638
STX12	-0.0577752
STX16	-0.3068004
STX17	0.052974615
STX18	1.0774353
STX1A	0.12380949
STX2	-0.5820459
STX3	-0.4145621
STX4	0.73155487
STX5	0.23624396
STX6	0.58458686
STX7	-0.8582754
STX8	-0.18225026
STXBP1	1.4429243
STXBP2	0.32501101
STXBP3	-0.9780688
STXBP5L	-0.43222502
STXBP6	-0.36133176
STYK1	0.05534806
STYXL1	0.40044725
SUB1	-0.09308003
SUCLA2	-0.36147755
SUCLG1	-1.249259
SUCLG2	-1.1958635
SUCO	-0.68806994
SUGCT	-1.2573059
SUGP1	0.899921
SUGP2	0.15753075
SULF1	0.052990034
SULT1A1	0.22006288
SULT1A2	-0.60782677
SULT1B1	-0.52532387
SULT1C2	-1.432413
SULT1E1	0.2466559
SULT2A1	-0.24486569
SULT2B1	-0.10167213
SULT4A1	-0.2799408
SUMO1	-0.45429772
SUMO3	0.6399336
SUMO4	-0.39399433
SUN1	-0.024184182
SUN2	-0.12447412
SUOX	-0.83526266
SUPT16H	-0.97770995
SUPT20H	0.7626687
SUPT3H	-0.08841665
SUPT4H1	0.270171
SUPT5H	0.5717527
SUPT6H	-0.16707909
SUPT7L	0.27971405
SUPV3L1	-0.43899238
SURF1	-0.24055207
SURF2	0.6609022
SUSD4	0.05831045
SUSD5	0.6814215
SUSD6	-0.44577396
SUV39H1	0.17513594
SUV39H2	0.57983035
SUZ12	-0.36837795
SV2A	0.67474926
SV2B	0.24735072
SVEP1	0.3409406
SVIL	0.33205968
SWAP70	0.586309
SYBU	-0.5453222
SYCP1	0.13531815
SYCP2	-0.66306514
SYDE1	0.21201181
SYF2	-0.158512
SYK	0.6846142
SYMPK	0.26144415
SYN1	0.17400275
SYN2	-0.7760303
SYN3	0.09708883
SYNC	0.30184492
SYNCRIP	-0.042848676
SYNDIG1	-0.48998058
SYNE1	-0.25361264
SYNE2	-0.82174474
SYNGR1	-0.00786059
SYNGR2	1.1365902
SYNGR3	0.869894
SYNGR4	-0.23711863
SYNJ1	0.39637363
SYNJ2	-0.3047355
SYNJ2BP	0.4855786
SYNM	1.7225201
SYNPO2L	0.289601
SYP	0.21442527
SYPL1	0.05733627
SYT1	-0.041894414
SYT11	2.4415698
SYT13	-0.92396235
SYT17	0.899804
SYT5	-0.24184209
SYTL2	0.39234012
SZRD1	0.76369655
SZT2	0.1461097
TAAR2	-0.25976422
TAAR5	-0.5645946
TAB1	0.2655946
TAB2	-0.9375062
TAC1	0.8126898
TAC3	-0.7756415
TACC1	-0.23148748
TACC2	-0.8227949
TACC3	1.6406543
TACO1	-0.35526848
TACR1	-0.5886145
TACR2	-0.28168157
TACR3	-0.40425307
TACSTD2	-0.2218481
TADA2A	-0.008577302
TADA3	0.54922104
TAF1	-0.1811266
TAF10	0.80852723
TAF11	0.5518262
TAF12	0.544677
TAF13	-0.1952411
TAF15	0.28479022
TAF1A	0.94436896
TAF1B	-0.10261371
TAF1C	0.27111036
TAF1D	-0.30074364
TAF2	-0.7653453
TAF4	0.6230919
TAF4B	-0.16002956
TAF5	0.28249124
TAF5L	-0.19493349
TAF6	0.2521367
TAF6L	-0.012801867
TAF7	-0.24554682
TAF7L	-0.026213301
TAF9	-0.20935398
TAF9B	-0.027408883
TAFAZZIN	0.6374307
TAGLN	1.5955042
TAGLN2	0.9267579
TAGLN3	-0.15046644
TAL1	-0.27227673
TALDO1	0.54131526
TANC2	0.11080853
TANK	0.23129886
TAOK2	0.5429061
TAOK3	0.4380536
TAP1	1.4800591
TAP2	1.1281817
TAPBP	1.3399229
TAPBPL	0.8131789
TARBP1	-0.15249568
TARBP2	0.4695456
TARDBP	-0.77658504
TARDBPP1	-0.119448945
TARS1	0.41317028
TARS2	0.42955634
TAS2R1	-0.6008592
TAS2R10	-0.64326024
TAS2R13	-0.3568871
TAS2R14	-0.7332933
TAS2R16	-0.18405151
TAS2R3	-0.7888192
TAS2R4	-1.0132408
TAS2R7	-0.36974543
TAS2R8	-1.132178
TAS2R9	-0.1513455
TASL	1.3439479
TASOR	-0.375576
TASOR2	-0.0153904185
TASP1	-1.3080205
TAT	-0.054655246
TATDN2	0.3596493
TAX1BP1	-0.5275136
TAX1BP3	1.675919
TBC1D1	-0.34043562
TBC1D10B	0.16647589
TBC1D12	0.3588462
TBC1D13	-0.28522375
TBC1D15	-0.5542856
TBC1D17	0.67452097
TBC1D19	-0.8744806
TBC1D2	0.73832434
TBC1D22A	0.518641
TBC1D22B	0.39947203
TBC1D29P	-0.36985546
TBC1D2B	0.97610235
TBC1D30	0.19323996
TBC1D31	0.33846223
TBC1D4	-0.28631505
TBC1D5	-0.049785644
TBC1D8	0.43920055
TBC1D8B	-1.2391484
TBC1D9	-0.23172379
TBC1D9B	0.0674114
TBCA	-0.26885688
TBCB	1.4287783
TBCC	0.7586798
TBCCD1	0.17739436
TBCD	0.94686055
TBCE	0.0012141392
TBK1	-0.13492063
TBKBP1	-0.040493466
TBL1X	-0.409657
TBL1XR1	0.25356397
TBL1Y	-0.13592069
TBL2	0.87693775
TBL3	0.81855714
TBP	0.121539935
TBPL1	-0.4692668
TBR1	-0.10782497
TBRG4	0.10844782
TBX1	0.49479616
TBX10	-0.35353273
TBX19	-0.06457456
TBX2	0.49886376
TBX21	0.74863106
TBX3	1.8809316
TBX4	-0.3373934
TBX5	-0.564299
TBX6	-0.16618569
TBXA2R	1.275495
TBXAS1	0.66776675
TBXT	-0.18625477
TCAP	-0.66578704
TCEA2	-0.27790156
TCEAL1	-0.74789906
TCEAL2	-0.29611886
TCEAL4	0.3920625
TCEAL9	0.067310944
TCERG1	-0.14374001
TCF12	0.22797471
TCF15	1.2479211
TCF20	0.6727108
TCF21	0.13984692
TCF25	0.88582885
TCF3	0.8848555
TCF4	1.1844044
TCF7	0.006661509
TCF7L1	0.27781737
TCF7L2	-0.19376759
TCFL5	0.41095096
TCIM	2.3745837
TCIRG1	1.7296226
TCL1A	0.28211546
TCL1B	-0.62330437
TCL6	-0.63761896
TCN1	-0.35205585
TCN2	-0.15898268
TCOF1	-0.08506632
TCP1	-0.6453343
TCP10L3	-0.45359015
TCP11	-0.6205807
TCP11L1	0.6467772
TCTA	0.45843607
TCTN1	0.016726553
TCTN2	-0.3891908
TCTN3	0.4459881
TDO2	0.6917218
TDP1	-0.29148895
TDP2	-0.5191832
TDRD1	-0.2479732
TDRD3	-0.412753
TDRD7	0.15723212
TDRKH	0.64092374
TEAD1	-0.91464984
TEAD3	0.31472257
TEAD4	1.32566
TEC	-0.748926
TECPR2	0.52941215
TECTA	-0.41578472
TEDC2	-0.13939121
TEF	-0.019968387
TEK	0.15915847
TEKT2	-0.3682194
TELO2	0.70405275
TENM3	-0.63311213
TENT4A	0.20189527
TENT5A	-0.66638315
TENT5C	-0.7991344
TEP1	0.5566251
TERF1	-0.7031592
TERF2	-0.7122987
TERF2IP	0.14398566
TERT	-0.43004608
TES	0.93095654
TESC	1.067884
TESK1	0.5919707
TESK2	0.21521875
TESMIN	-0.43821806
TESPA1	0.013066444
TET3	-0.87902045
TEX10	-0.05426376
TEX11	-0.8247984
TEX12	-0.047509708
TEX13A	-0.44009292
TEX13B	-0.12501898
TEX14	0.046699934
TEX15	-0.2790811
TEX2	-0.4001787
TEX261	0.5829061
TEX264	-0.42604548
TEX30	-0.53637755
TF	-0.22655582
TFAM	-0.44390017
TFAP2A	-0.26974642
TFAP2B	-0.05589291
TFAP2C	-0.33934763
TFAP4	-0.36292836
TFB1M	-0.012726799
TFB2M	-1.0832441
TFCP2	-0.31492078
TFCP2L1	-1.2942199
TFDP1	0.06689736
TFDP2	-0.62190723
TFDP3	-0.19015908
TFE3	0.15877958
TFEB	0.22587493
TFEC	-0.45652992
TFF1	-0.0930064
TFF2	-0.3227924
TFF3	-0.115848325
TFG	0.39369416
TFIP11	0.78652287
TFPI	0.33153415
TFPI2	0.88102686
TFPT	0.81695527
TFR2	0.11059914
TFRC	-0.9890574
TG	-0.48815602
TGDS	-0.1837995
TGFA	-1.2665303
TGFB1	1.9650749
TGFB1I1	1.3620977
TGFB2	0.54619503
TGFB3	-0.02749268
TGFBI	1.90119
TGFBR1	0.1509918
TGFBR2	0.9049002
TGFBR3	-0.6088054
TGFBRAP1	0.19637021
TGIF1	-1.7620487
TGIF2	0.09607833
TGM1	-0.048347775
TGM2	1.7514272
TGM3	-0.3393843
TGM4	-0.5420596
TGM5	-0.56178397
TGOLN2	0.4887117
TGS1	-0.25379384
TH	-0.14486723
THADA	0.20643494
THAP1	0.39207232
THAP10	-0.067157224
THAP11	0.89014804
THAP12	-0.15794119
THAP4	-0.18769214
THAP7	0.07357021
THAP9	-0.28162086
THBD	1.4078639
THBS1	-0.7758727
THBS2	0.8889077
THBS3	0.54616195
THBS4	-0.9046832
THEM6	0.3624515
THEMIS2	0.57228434
THG1L	0.71594596
THNSL2	-0.17499736
THOC1	0.19413763
THOC2	-0.847684
THOC5	0.7365519
THOC6	0.61056495
THOC7	-0.04783371
THOP1	0.51281226
THPO	-0.5444681
THRA	-0.1502789
THRAP3	-0.28443363
THRB	-0.050521843
THSD4	0.48554602
THSD7A	-0.10325534
THTPA	-0.37007958
THUMPD1	-0.43726805
THUMPD2	-0.31141904
THY1	-0.18349242
THYN1	0.010794904
TIA1	0.08236375
TIAL1	-0.6531594
TIAM1	-0.072042465
TICAM1	0.70042074
TIE1	1.3312309
TIGAR	1.4775957
TIGD6	0.388576
TIMCC	0.23271297
TIMELESS	1.4095421
TIMM10	0.31591797
TIMM10B	0.25622058
TIMM13	0.27640817
TIMM17A	0.07606685
TIMM17B	-0.41895905
TIMM22	0.051230744
TIMM44	1.0522875
TIMM8A	0.1565914
TIMM8B	0.4689074
TIMM9	-0.1998705
TIMP1	1.7140734
TIMP2	1.4085726
TIMP3	0.3082031
TIMP4	0.19417295
TINAGL1	1.1152029
TINF2	1.0495026
TIPARP	-2.1668046
TIPIN	0.480358
TIPRL	-0.09995388
TJAP1	0.48556647
TJP1	-0.70644623
TJP2	0.21003658
TJP3	0.12826934
TK1	0.84327585
TK2	0.2840535
TKFC	-0.6989839
TKT	0.7532538
TKTL1	-0.038719982
TLCD3A	1.0806153
TLE1	0.0177145
TLE2	1.3198029
TLE3	1.0927892
TLE4	-0.5348631
TLE5	0.79845047
TLE6	-0.024013862
TLK1	-0.99749994
TLK2	-0.082398385
TLL2	0.21115285
TLN1	0.73881376
TLN2	-1.1468229
TLR1	1.235049
TLR2	0.95196164
TLR3	0.45204806
TLR4	0.45054108
TLR5	0.5685731
TLR6	0.3276196
TLR7	1.3442893
TLR8	0.8427191
TLX1	-0.35585698
TLX2	0.18435335
TLX3	-0.041693885
TM2D1	0.38879097
TM2D3	0.32604054
TM4SF1	1.6350821
TM4SF20	-0.08687248
TM4SF4	-0.50285655
TM4SF5	-1.201041
TM6SF1	0.6086
TM7SF2	-0.7474661
TM7SF3	-0.35093918
TM9SF1	1.247087
TM9SF2	0.17310032
TM9SF3	0.5652288
TM9SF4	0.24677832
TMA16	0.1247544
TMBIM1	1.4300852
TMBIM4	0.2979851
TMBIM6	-0.7238498
TMC5	0.5773335
TMC6	1.3769307
TMC7	0.4409793
TMCC1	-0.1447384
TMCC2	-0.14704172
TMCO1	0.3234223
TMCO6	0.66361254
TMED1	0.5394578
TMED10	0.47435325
TMED2	-0.26798373
TMED3	0.04542695
TMED5	-0.5341345
TMED7	-0.5113669
TMED9	1.0279377
TMEFF1	0.5514787
TMEM100	-0.45474148
TMEM106B	0.17990977
TMEM106C	-0.18375908
TMEM109	0.5671462
TMEM11	-0.6014348
TMEM115	0.14388031
TMEM121	0.30434227
TMEM123	0.73187476
TMEM126B	0.045508236
TMEM127	1.5710328
TMEM131	-0.3143965
TMEM131L	1.2026811
TMEM132A	1.0544145
TMEM134	0.003491357
TMEM135	-0.42904425
TMEM140	1.4359202
TMEM144	0.1058962
TMEM147	0.76379746
TMEM14A	-0.4492901
TMEM14B	0.53475225
TMEM151B	-0.24674734
TMEM156	0.045095734
TMEM158	0.62157583
TMEM160	0.9633063
TMEM161A	0.6148461
TMEM165	0.23333889
TMEM168	-0.14038977
TMEM176A	-0.8451344
TMEM176B	-0.87148464
TMEM177	0.0806381
TMEM184B	2.0870826
TMEM184C	-0.049733624
TMEM185B	0.9446399
TMEM186	0.7377492
TMEM187	0.09935091
TMEM204	0.07093637
TMEM208	0.9964617
TMEM209	-0.19093245
TMEM214	1.2644156
TMEM222	-0.057847068
TMEM223	1.0035098
TMEM242	0.38097727
TMEM243	-0.14526555
TMEM248	0.89826465
TMEM254	0.084409505
TMEM255A	0.3538883
TMEM258	0.5872645
TMEM259	0.64808786
TMEM260	0.10525359
TMEM267	0.06302492
TMEM33	0.2893464
TMEM35A	-0.28026918
TMEM38B	-1.3656094
TMEM39A	-0.1594031
TMEM39B	1.368985
TMEM40	0.0443027
TMEM41B	-0.3510032
TMEM43	0.7120339
TMEM45A	1.5047358
TMEM47	0.5735324
TMEM50A	0.9559775
TMEM50B	-0.22593081
TMEM51	0.8033
TMEM53	-0.45620406
TMEM59	0.60596824
TMEM59L	-0.15518646
TMEM62	-0.047252268
TMEM63A	0.17595413
TMEM70	-0.7339145
TMEM74B	0.06950712
TMEM80	-0.28612196
TMEM87A	0.72804016
TMEM8B	0.2516231
TMEM94	0.59761816
TMEM97	0.3448451
TMEM9B	-0.010948911
TMOD1	1.30489
TMOD2	-0.0027797595
TMOD3	0.37600458
TMPO	-0.20319209
TMPRSS11D	-0.31019133
TMPRSS15	-0.36855146
TMPRSS2	-1.2256609
TMPRSS3	0.4418671
TMPRSS4	0.04288836
TMPRSS5	-0.13517302
TMPRSS6	-0.371247
TMSB10	1.6049631
TMSB15A	1.0154744
TMSB4Y	0.16479762
TMT1A	-0.94498026
TMUB2	0.4741
TMX1	0.08384715
TMX2	0.41337547
TMX4	0.13839325
TNC	0.8516384
TNF	0.9404167
TNFAIP1	1.4591277
TNFAIP2	0.90776396
TNFAIP3	-0.83856446
TNFAIP6	-0.040820226
TNFAIP8	1.1129572
TNFRSF10B	0.42863184
TNFRSF10C	0.9157638
TNFRSF10D	0.19474998
TNFRSF11A	0.6561263
TNFRSF11B	0.5843771
TNFRSF12A	0.68837285
TNFRSF13B	-0.076232895
TNFRSF14	1.0213274
TNFRSF17	0.44716418
TNFRSF1A	0.41184753
TNFRSF1B	1.6997976
TNFRSF21	0.8797015
TNFRSF25	0.80790865
TNFRSF4	1.6507504
TNFRSF6B	0.35010147
TNFRSF8	-0.44238678
TNFRSF9	0.6463502
TNFSF10	1.0721599
TNFSF11	0.18048775
TNFSF12	1.0669848
TNFSF14	0.80162024
TNFSF15	0.5817951
TNFSF18	-0.15618661
TNFSF4	-0.3673917
TNFSF8	0.02550888
TNFSF9	-0.030340165
TNIK	-0.4934642
TNIP1	1.4868567
TNIP2	1.0806444
TNIP3	0.14779156
TNK1	-0.45362386
TNK2	-0.011246897
TNKS	-0.2788561
TNKS2	-1.2357261
TNMD	-0.30213636
TNN	-0.5526713
TNNC1	-0.63373667
TNNC2	-0.18400854
TNNI1	-0.41541266
TNNI2	0.52625275
TNNI3	-0.4172536
TNNI3K	-0.64426434
TNNT1	0.4583568
TNNT2	-0.72581446
TNNT3	-0.055527773
TNP1	0.01940804
TNP2	0.05183407
TNPO1	-0.042496204
TNPO2	0.15683387
TNPO3	0.092086494
TNR	0.10663645
TNRC6B	0.2841607
TNS1	1.203942
TNS2	0.043883592
TNS3	0.33939654
TNS4	-0.81165683
TNXB	0.43235338
TOB1	-1.4507501
TOB2	-0.8247193
TOE1	-0.118824124
TOGARAM1	-0.5965646
TOLLIP	-0.2465069
TOM1	-0.304987
TOM1L1	-1.2853804
TOMM20	-0.41001797
TOMM22	-0.13334894
TOMM34	-0.30651766
TOMM40	0.47827467
TOMM7	-0.3451361
TOMM70	-0.048540495
TONSL	0.37623912
TOP1	-0.36088154
TOP2A	1.3818069
TOP2B	0.17769241
TOP3A	0.03897363
TOP3B	0.08260728
TOP6BL	0.16686082
TOPBP1	-0.19066717
TOPORS	-0.3865752
TOR1A	0.6597546
TOR1AIP1	-0.21309589
TOR1B	0.91641235
TOR3A	0.27255
TOR4A	1.4981098
TOX	0.30780613
TOX3	-0.8058903
TOX4	-0.31236908
TOX4P1	0.5237403
TP53	2.0289078
TP53AIP1	-0.23837715
TP53BP1	0.55956066
TP53BP2	-0.17194985
TP53I11	1.1877061
TP53I3	0.29440206
TP53TG5	-0.7440117
TP63	-0.11194069
TP73	0.080748335
TPBG	-0.17610633
TPD52	-1.1576011
TPD52L1	0.043537878
TPD52L2	0.7164014
TPGS2	0.67227066
TPI1	0.20467487
TPK1	0.19746524
TPM1	0.36130592
TPM2	-0.25198638
TPM3	-0.1859505
TPM4	0.71216094
TPMT	-0.89836586
TPO	-0.11472359
TPP1	0.66963625
TPP2	0.14524463
TPPP	-0.4880879
TPPP3	0.009791329
TPR	-0.40107232
TPRA1	-0.06885257
TPRKB	-0.16741927
TPSAB1	-0.4053639
TPSD1	-0.5303569
TPSG1	-0.24203019
TPST1	0.5911634
TPST2	0.585791
TPT1	-0.6456527
TPT1P8	-0.5784576
TPTE	-0.17098232
TPX2	0.95753217
TRA2A	0.06136157
TRA2B	-0.5983528
TRABD	0.65072614
TRAC	0.59486496
TRADD	0.9210291
TRAF1	0.14641044
TRAF2	0.43505612
TRAF3	0.18927225
TRAF3IP2	-0.4451244
TRAF3IP3	0.8980504
TRAF4	-1.1534991
TRAF5	-0.7109365
TRAF6	0.6660999
TRAFD1	0.14970897
TRAIP	0.41402033
TRAJ28	-0.3958642
TRAK1	0.9077902
TRAK2	0.7907835
TRAM1	0.28475305
TRAM2	0.6652858
TRANK1	0.00537844
TRAP1	-0.2309167
TRAPPC10	-0.44626275
TRAPPC11	0.15552457
TRAPPC12	-0.25586712
TRAPPC13	-0.42902976
TRAPPC14	-0.16165507
TRAPPC2	0.65174824
TRAPPC2L	-0.07577381
TRAPPC3	-0.3302583
TRAPPC4	0.37683615
TRAPPC6A	-0.5891114
TRAPPC8	-0.3764761
TRAPPC9	-0.5266859
TRAT1	0.21076277
TRAV10	0.116184354
TRAV12-2	-0.01910454
TRAV13-1	0.13894644
TRAV13-2	-0.27792352
TRAV16	-0.021700345
TRAV21	-0.44630814
TRAV27	-0.028554559
TRAV36DV7	-0.2094709
TRAV8-3	-0.43201023
TRAV8-6	-0.53284705
TRAV9-2	-0.021773674
TRBC1	0.3233882
TRBV10-2	-0.13958934
TRBV16	-0.760479
TRBV21-1	-0.35174727
TRBV5-2	-0.6769626
TRDC	1.1225307
TRDMT1	-0.24725561
TREH	-0.94656014
TREM1	0.21530175
TREM2	0.8715735
TREML2	-0.12762006
TREX1	0.39844012
TREX2	0.07805102
TRGV5P	-0.20478278
TRGV7	-0.33129293
TRH	-0.37977946
TRHDE	-1.0775207
TRHR	-0.39460126
TRIAP1	1.2797291
TRIB1	-0.9538212
TRIB2	0.84187365
TRIB3	0.7804014
TRIL	0.60334706
TRIM10	-0.9575863
TRIM13	-0.17884782
TRIM14	0.51193005
TRIM15	-1.1349732
TRIM17	0.010793373
TRIM2	0.31936964
TRIM21	0.98819554
TRIM22	0.55556893
TRIM23	-0.44351754
TRIM24	0.8107467
TRIM25	0.96318686
TRIM26	0.21240294
TRIM27	1.0539669
TRIM28	0.6320375
TRIM29	-0.85808504
TRIM3	0.5462804
TRIM31	0.11334801
TRIM32	0.6281326
TRIM33	-0.699033
TRIM36	0.3533176
TRIM37	0.4741801
TRIM38	1.1988347
TRIM44	0.6148512
TRIM45	0.6078228
TRIM46	0.4496703
TRIM48	-0.12793086
TRIM5	0.78411376
TRIM58	0.78894544
TRIM62	0.5182306
TRIM68	0.24197407
TRIM8	0.46320242
TRIM9	1.1356418
TRIO	0.23227799
TRIOBP	1.447813
TRIP10	0.13895573
TRIP11	0.011001512
TRIP12	0.33179474
TRIP13	0.63196397
TRIP4	-0.055150174
TRIP6	-0.41115743
TRIT1	-0.11128244
TRMO	0.14135988
TRMT1	1.0875988
TRMT11	-0.8131909
TRMT112	0.20513138
TRMT13	-0.17987296
TRMT1L	-0.24922656
TRMT2A	-0.060561612
TRMT2B	-0.12625785
TRMT5	0.058110848
TRMT61A	0.21123852
TRMT61B	-0.13853398
TRMT9B	-0.29754993
TRMU	0.6428486
TRNAU1AP	0.8907722
TRO	0.46783477
TROAP	0.2185983
TRPA1	0.06492965
TRPC1	-0.3630002
TRPC2	0.043744456
TRPC3	-0.1563712
TRPC4	0.044756025
TRPC4AP	0.13075243
TRPC5	-0.17787203
TRPC6	0.76815534
TRPC7	-0.13957287
TRPM1	-0.07274626
TRPM2	-0.3265778
TRPM3	-1.0230896
TRPM4	0.68618083
TRPM6	-1.4372329
TRPM8	-0.0036864076
TRPS1	-0.09835592
TRPV1	-0.10364898
TRPV2	1.7606978
TRPV4	-0.36062863
TRPV5	-0.29273587
TRPV6	-0.4692476
TRRAP	-0.064433604
TSBP1	-0.8152865
TSC1	-0.1566593
TSC2	0.15636766
TSC22D1	-1.0637693
TSC22D2	-0.6784354
TSC22D3	-1.6713635
TSC22D4	0.5347848
TSEN2	0.267866
TSEN34	0.09126362
TSFM	-0.36793292
TSG101	0.45309716
TSGA10	-0.2066848
TSHB	-0.48712352
TSHR	0.30268028
TSKS	0.01996164
TSKU	-0.84227574
TSLIG2	0.32062885
TSLIG3A	0.30543113
TSN	-0.45148143
TSNAX	-0.16479221
TSNAXIP1	0.13283625
TSPAN1	-0.9455215
TSPAN12	-0.86289656
TSPAN13	0.6616213
TSPAN14	1.1547799
TSPAN15	0.25913283
TSPAN2	0.050180513
TSPAN3	0.11436325
TSPAN31	0.93043035
TSPAN32	-0.035771757
TSPAN4	0.64986575
TSPAN5	0.38770664
TSPAN6	0.040667832
TSPAN7	0.40424448
TSPAN8	-0.40787673
TSPAN9	0.33638695
TSPO	1.2614725
TSPO2	-0.43804678
TSPOAP1	-0.56991225
TSPYL1	-0.78164595
TSPYL2	-1.3618944
TSPYL4	-0.42094567
TSPYL5	-0.9196923
TSR1	0.79252493
TSR2	0.653838
TSR3	0.6556017
TSSC4	0.25934878
TSSK1B	-0.17881933
TSSK2	-0.17856258
TST	-0.8778589
TSTD2	0.70250946
TTC1	0.012015305
TTC12	-0.24148788
TTC13	0.7122097
TTC19	0.12627944
TTC22	-0.46789488
TTC23	0.13512096
TTC27	-0.2530255
TTC28	0.04318979
TTC3	-0.5942058
TTC31	0.5862068
TTC33	-0.39594597
TTC38	-0.97281927
TTC39A	0.32608688
TTC3P1	0.0050137495
TTC4	1.2537693
TTC9	0.46152195
TTF1	0.38626674
TTF2	0.604428
TTI1	0.6024866
TTI2	0.9547518
TTK	0.79752505
TTLL1	0.34338015
TTLL12	0.46191168
TTLL3	-0.26833722
TTLL4	0.20270145
TTLL5	-0.02123043
TTLL7	0.22619472
TTN	-0.46449628
TTPA	-0.591604
TTPAL	0.3997248
TTR	0.23014659
TTTY15	0.37947068
TTYH1	-0.11933257
TUB	-0.6748897
TUBA1A	1.276193
TUBA1B	1.0364984
TUBA1C	0.10446726
TUBA3C	0.36517572
TUBA4A	0.56480235
TUBA4B	-0.06651074
TUBA8	-0.094384335
TUBAL3	-0.8983687
TUBB	1.3401775
TUBB1	0.12278938
TUBB2A	0.9185412
TUBB2B	0.28610402
TUBB3	0.98468
TUBB4A	-0.44424343
TUBB4B	0.1799606
TUBB4BP7	-1.1029377
TUBB6	1.4612677
TUBB7P	-0.23570427
TUBBP5	0.19171977
TUBD1	-0.06388063
TUBG1	0.36381745
TUBG2	0.24070781
TUBGCP2	-0.39326942
TUBGCP3	-0.431551
TUBGCP4	0.55290353
TUBGCP5	0.58486384
TUFM	0.455705
TUFT1	-0.4171707
TUG1	-0.12143037
TULP1	-0.12658219
TULP2	-0.806949
TULP3	0.37088543
TULP4	-0.9816278
TUSC2	0.053642254
TUSC3	-0.4731019
TUT1	-0.2535836
TUT4	-1.6530647
TUT7	0.26679695
TWF2	1.5048978
TWIST1	1.8924661
TWNK	0.98619103
TWSG1	-0.087762475
TXK	0.040123437
TXLNA	0.753741
TXLNG	-0.5189632
TXN	-0.89200556
TXN2	-0.10301815
TXNDC15	1.1256933
TXNDC5	0.21400936
TXNDC9	0.5895282
TXNIP	-0.9154204
TXNL1	0.4773643
TXNL4A	0.4584335
TXNL4B	-0.024632417
TXNRD1	0.2144617
TXNRD2	-0.8245728
TXNRD3	-0.2690601
TYK2	0.8727907
TYMP	0.8837707
TYMS	0.88725626
TYR	-0.43943876
TYRO3	-0.29774106
TYROBP	1.8416512
TYRP1	-0.6506146
TYW1	0.15017428
TYW2	0.52718586
U2AF1	0.17557967
U2AF2	0.31942132
U2SURP	-0.6434434
UAP1	-0.96189743
UAP1L1	0.32411602
UBA1	0.6815485
UBA2	0.48211354
UBA3	0.4666695
UBA5	-0.5017108
UBA52	0.25178927
UBA6	-0.24918078
UBA7	1.1752113
UBAC1	0.4891885
UBAP1	-0.6184929
UBAP2	-0.6166169
UBAP2L	0.49622953
UBASH3A	0.0073244125
UBB	-0.35513183
UBC	-0.6203415
UBD	0.57440543
UBE2A	0.6755677
UBE2B	-0.18600178
UBE2C	0.5442128
UBE2D1	0.15233728
UBE2D2	0.5160485
UBE2D3	-0.26628172
UBE2D4	-0.09848241
UBE2E1	0.35841614
UBE2E3	-0.14211579
UBE2G1	0.19868822
UBE2G2	0.0063335598
UBE2H	0.35446525
UBE2I	1.613492
UBE2J1	1.239034
UBE2K	0.39039868
UBE2L3	0.015169367
UBE2L6	0.6198017
UBE2M	-0.2456236
UBE2N	0.014217866
UBE2NL	-0.2557078
UBE2O	0.47316587
UBE2Q1	-0.2567696
UBE2V2	0.092572056
UBE2W	-0.08595142
UBE2Z	0.1919561
UBE3A	-0.7066412
UBE3B	-0.31503615
UBE3C	0.29894787
UBE4A	-0.17957288
UBE4B	0.16851121
UBFD1	0.90162
UBIAD1	0.34209624
UBL3	-1.0244672
UBL4A	0.7235588
UBN1	0.7408769
UBOX5	-0.62897915
UBP1	0.4504636
UBQLN2	0.94893783
UBQLN3	-0.470401
UBR2	-0.14405441
UBR4	-0.051176324
UBR5	-0.6203231
UBR7	0.029337473
UBTD1	0.4708036
UBTF	1.2511973
UBXN1	0.60674167
UBXN2B	-0.6786058
UBXN4	-0.6937703
UBXN6	0.41823956
UBXN7	0.19157088
UBXN8	0.49429315
UCHL1	1.0798869
UCHL3	0.3779069
UCHL5	-0.5523555
UCK2	0.91531074
UCKL1	0.15874982
UCN	0.40630484
UCP1	-0.29762235
UCP2	1.8422025
UCP3	-0.67883444
UEVLD	0.44577295
UFC1	0.18625908
UFD1	0.5845959
UFL1	-0.5062656
UFM1	0.114798926
UFSP2	-0.23306404
UGCG	-0.34509838
UGDH	-0.038765833
UGGT1	0.5372867
UGGT2	0.06901767
UGP2	-0.27902573
UGT1A8	-0.20660913
UGT2A1	-0.19258504
UGT2A3	-1.488461
UGT2B17	-0.32050353
UGT2B28	-0.7605867
UGT2B4	-0.054479912
UGT8	-0.17072454
UIMC1	0.20730972
ULBP1	-0.048880562
ULBP2	0.32000715
ULK1	-0.69442654
ULK2	-0.106840655
ULK4	-0.8879056
UMOD	-0.64330685
UMPS	0.14468217
UNC119	-0.4752362
UNC119B	-0.3889041
UNC13A	-0.4172381
UNC13B	0.85205597
UNC45A	0.5939901
UNC50	-0.32805553
UNC5C	-0.60236824
UNC93B1	0.3252198
UNG	-0.51381505
UPB1	-1.6418364
UPF1	0.8286335
UPF2	-0.20587137
UPF3A	-0.04374618
UPF3B	-0.02677621
UPK1A	0.5948745
UPK1B	-0.6842698
UPK2	-0.09810875
UPK3A	0.033785462
UPP1	0.3197167
UQCC1	-0.37915513
UQCR10	-0.8059185
UQCR11	0.23115808
UQCRB	-0.91089946
UQCRC1	-0.042011287
UQCRC2	-0.7449219
UQCRFS1	-0.3931917
UQCRH	-0.29101452
UQCRQ	-0.25893384
URB2	0.5818285
URGCP	-0.36322588
URI1	-0.8471394
URM1	0.45891565
UROD	0.35395902
UROS	0.2310373
USB1	1.2038857
USE1	0.86736405
USF2	-0.094265774
USH1C	-1.4087791
USH2A	-0.115033
USO1	-0.10105492
USP1	-0.3755106
USP10	-0.86404395
USP11	-0.33143714
USP12	-0.08641431
USP13	0.50906765
USP14	0.8125029
USP15	-0.7214404
USP16	-0.37407774
USP19	0.25258172
USP2	-2.2438867
USP20	0.53670627
USP21	-0.15050653
USP22	0.7448744
USP24	-0.56891835
USP25	-1.3887193
USP27X	-0.41899222
USP29	-0.36499828
USP3	0.56771684
USP32	0.14199384
USP33	-0.26228535
USP34	-0.7407139
USP36	0.18784961
USP39	-0.5088267
USP4	0.48480135
USP46	-0.97025204
USP47	-1.062561
USP48	0.3846428
USP5	0.21320048
USP6	-0.10111335
USP6NL	0.09324546
USP7	0.5735459
USP8	-0.239427
USP9X	-0.4233878
USP9Y	0.14326596
USPL1	-0.5232252
UST	-0.08755858
UTF1	0.21223548
UTP11	0.7174974
UTP14A	0.9536272
UTP14C	0.1464284
UTP18	0.03736958
UTP20	-0.18726581
UTP25	-0.018253833
UTP3	0.16442972
UTP6	0.4910469
UTRN	-0.2787571
UTS2	-0.21709852
UTY	0.07713945
UVRAG	-0.4362255
UXS1	0.44383323
UXT	0.28824553
VAC14	-0.31082857
VAMP1	0.25378287
VAMP2	0.07452278
VAMP3	0.2620901
VAMP4	0.3663775
VAMP5	0.59339136
VAMP8	0.022988033
VANGL1	1.1002926
VAPA	-0.85739684
VAPB	0.22463664
VARS1	0.37706518
VASH1	1.7281661
VASH2	0.017776832
VASP	0.48088118
VAT1	1.2212671
VAV1	1.3663714
VAV2	0.036784366
VAV3	-0.40091965
VAX2	-0.23958386
VBP1	0.46828848
VCAM1	0.1785281
VCAN	0.68255043
VCL	0.1153447
VCP	1.4878699
VCPIP1	0.08257199
VCPKMT	0.40527445
VDAC1	0.3234926
VDAC3	0.46918103
VDR	-0.9755063
VEGFA	-0.44837144
VEGFB	0.08693199
VEGFC	1.7154028
VEGFD	0.18771353
VENTX	-0.014732882
VENTXP1	-0.3652624
VEZF1	0.34949917
VGF	0.0019916445
VGLL1	-0.5488907
VGLL3	0.3155738
VGLL4	0.54894936
VIL1	-1.2449503
VILL	0.35163552
VIM	0.9700898
VIP	-0.018399611
VIPAS39	0.41614997
VIPR1	0.3830885
VIPR2	-0.08185536
VKORC1	-0.1350023
VLDLR	0.36600018
VMP1	-0.32118386
VN1R1	-0.175301
VNN1	-1.265826
VNN2	0.29044276
VNN3P	-0.6556909
VPREB1	-0.3528465
VPREB3	-0.07001641
VPS11	0.19126004
VPS13A	-0.98023635
VPS13B	-0.8699192
VPS13C	-0.9948367
VPS13D	-1.067601
VPS16	0.7043617
VPS26A	-0.66081357
VPS26C	-0.097358614
VPS28	0.8558212
VPS33A	0.5563192
VPS33B	0.3668028
VPS35	0.6028695
VPS35L	-0.14608255
VPS37B	0.40594286
VPS37C	0.22420183
VPS39	0.004686266
VPS41	-0.25352645
VPS45	0.1079002
VPS4A	0.58442897
VPS4B	0.04003892
VPS51	0.27618885
VPS52	-0.3408153
VPS53	0.691928
VPS54	0.5377403
VPS72	0.4610991
VPS8	0.25955534
VPS9D1	0.24953094
VRK1	-0.39348325
VRK2	-0.18233919
VRK3	0.3141507
VRTN	-0.35095787
VSIG10	0.45084572
VSIG4	0.9347278
VSNL1	-0.030222684
VSX1	-0.37782815
VTCN1	0.2089681
VTI1B	-0.30145425
VTN	-0.23009327
VWA1	0.6686867
VWA5A	-0.38968518
VWA7	0.059335113
VWA8	-0.8764869
VWF	0.27068645
WAC	-0.7234459
WAPL	1.2436256
WARS1	1.2885711
WARS2	0.06039758
WAS	0.41676024
WASF1	0.06452191
WASF3	-0.78185225
WASHC3	-0.34598807
WASHC4	-0.228066
WASHC5	0.15520206
WASL	-0.7223212
WBP11	-0.6868197
WBP2	-0.07624343
WBP4	-0.38419133
WDCP	0.92196685
WDFY3	-0.99109805
WDHD1	0.42405194
WDR1	1.358425
WDR11	0.07936475
WDR12	0.48122218
WDR13	-0.37745768
WDR18	0.47336662
WDR19	-0.3643892
WDR25	0.16529568
WDR26	-0.7245697
WDR3	1.027489
WDR37	0.36460793
WDR4	1.0970267
WDR41	0.007124558
WDR44	-0.031453475
WDR45	0.3940111
WDR45B	-0.10507593
WDR46	0.27681816
WDR47	-0.21946326
WDR48	-0.14588574
WDR59	-0.67310095
WDR5B	-0.21616498
WDR6	-0.25433898
WDR62	0.38449544
WDR7	0.20561676
WDR70	-0.35007906
WDR73	-0.24743477
WDR74	-0.201872
WDR76	0.44291717
WDR77	0.794092
WDR83OS	-0.023693994
WDR91	-0.45088637
WDTC1	-0.2736393
WEE1	-1.5173488
WFDC1	1.3269936
WFDC2	0.25274533
WFS1	1.0439893
WHR1	0.2835671
WHRN	-0.120334
WIF1	-0.053458974
WIPF1	1.6122283
WIPF2	0.5955827
WIPI1	-0.020361096
WIPI2	0.011504471
WIZ	0.015699642
WLS	-0.2699245
WNK1	-0.29938716
WNT1	-0.015515484
WNT10B	-0.9463818
WNT11	0.12763736
WNT16	-0.2299035
WNT2	-0.31660998
WNT2B	0.19586122
WNT3	-0.0038473886
WNT4	0.26698565
WNT5A	-0.15210754
WNT5B	0.8546448
WNT6	0.19697385
WNT7A	0.09494313
WNT7B	-0.13143983
WNT8B	0.15644854
WRAP53	0.5243561
WRAP73	0.7336385
WRN	0.048965782
WSB1	-0.04255425
WSB2	1.1166179
WSCD1	0.5608274
WT1	-0.34865102
WT1-AS	0.046980854
WTAP	-0.50010085
WWC1	-0.56439245
WWC2	-1.1062354
WWC3	0.8380666
WWOX	-1.1017709
WWP1	-1.1355635
WWP2	-0.8171248
WWTR1	-0.109818295
XAB2	0.29516992
XAF1	0.58988166
XBP1	0.3311415
XCL1	-0.048534345
XCR1	-0.28914815
XDH	-0.54490596
XIAP	0.20155203
XIST	-0.2689885
XK	0.14704521
XKR8	-0.014937122
XPA	-0.6147602
XPC	0.014561422
XPNPEP1	0.74237674
XPNPEP2	-1.34173
XPNPEP3	-0.5369379
XPO1	0.15046287
XPO4	0.18092239
XPO6	0.3379209
XPO7	-0.93228614
XPOT	-0.20421593
XRCC1	0.4059662
XRCC2	-0.17940305
XRCC3	0.34172148
XRCC4	0.20293519
XRCC5	0.27585083
XYLB	-0.48376334
XYLT2	0.54485035
YAF2	-0.5019002
YAP1	0.04222526
YARS1	0.8688749
YARS2	1.2042545
YBX1	0.3194475
YBX2	-0.1256476
YBX3	-0.48422956
YEATS2	1.0416903
YEATS4	-0.1705613
YES1	-0.51776356
YIF1A	1.081227
YIPF1	0.4617054
YIPF2	0.4672264
YIPF3	1.1224589
YIPF4	0.35891342
YIPF5	0.78798074
YIPF6	-0.014664531
YJU2	0.80201817
YJU2B	0.3411801
YKT6	0.52593786
YLPM1	0.25091136
YME1L1	0.68310213
YOD1	-0.31782335
YPEL1	0.39749378
YPEL5	-0.41771826
YRDC	-0.26233187
YTHDC1	-1.1499642
YTHDC2	-0.6458521
YTHDF1	0.35569572
YTHDF2	0.46225685
YTHDF3	-0.5309129
YWHAB	1.8008866
YWHAE	-0.3010031
YWHAH	1.191106
YWHAQ	0.16684254
YWHAZ	-0.39805397
YY1	0.2855777
YY1AP1	-0.07646701
YY2	-0.6982442
ZAP70	1.2008617
ZBBX	0.1279309
ZBED2	0.45944145
ZBED4	0.497114
ZBED5	0.77141124
ZBED8	0.52333564
ZBP1	0.06752013
ZBTB1	-0.7951783
ZBTB11	-0.16352697
ZBTB14	-0.33091983
ZBTB16	-0.6887873
ZBTB17	0.317929
ZBTB18	-0.25402728
ZBTB20	-0.5267338
ZBTB22	-0.34282318
ZBTB24	-0.035219535
ZBTB25	-0.31079456
ZBTB32	-0.09382158
ZBTB33	0.710189
ZBTB35	0.14465676
ZBTB38	-1.4218708
ZBTB39	0.07640757
ZBTB40	0.5792425
ZBTB43	-0.63197327
ZBTB48	-0.062153205
ZBTB5	-0.30918357
ZBTB6	-0.3208772
ZBTB7A	0.9733654
ZBTB7B	-0.20230247
ZBTB7C	-0.19147432
ZC2HC1A	-0.8951168
ZC2HC1C	-0.33572242
ZC3H11A	-0.38805977
ZC3H12A	-0.07182674
ZC3H13	-0.5979572
ZC3H14	-0.8046166
ZC3H15	-0.2576077
ZC3H3	0.56161153
ZC3H4	0.010341257
ZC3H7A	-0.54249316
ZC3H7B	0.18439968
ZC3HAV1	1.0753462
ZC4H2	-0.6739361
ZCCHC10	0.5991993
ZCCHC14	-0.49614137
ZCCHC2	0.41340095
ZCCHC24	1.6376417
ZCCHC4	-0.26497936
ZCCHC8	-0.13853452
ZCWPW1	-0.37383476
ZDHHC13	-0.5186012
ZDHHC14	0.6508688
ZDHHC17	-0.6385577
ZDHHC18	1.0743868
ZDHHC24	0.1261813
ZDHHC3	1.2675607
ZDHHC4	-0.6455922
ZDHHC6	-0.7340882
ZDHHC7	0.5695796
ZDHHC8BP	0.2531995
ZEB1	0.3774481
ZEB2	0.71473813
ZER1	0.010848407
ZFAND1	-0.60673606
ZFAND3	0.40802053
ZFAND5	-1.5498203
ZFAND6	-0.8416767
ZFC3H1	0.22934164
ZFHX3	0.5306145
ZFHX4	-0.13047281
ZFP2	-0.6397021
ZFP30	-0.17863077
ZFP36	-2.083325
ZFP36L1	0.35905662
ZFP36L2	-0.24531907
ZFP37	-0.09238132
ZFP64	0.036529034
ZFP69B	0.35022405
ZFPL1	0.11053782
ZFPM2	-1.201257
ZFR	-0.2436463
ZFR2	-0.22045955
ZFTA	0.6358205
ZFX	-0.16310804
ZFY	0.10144923
ZFYVE16	-0.22169805
ZFYVE21	-0.01199121
ZFYVE26	1.0212036
ZFYVE9	-0.20894134
ZG16	-0.25554198
ZGPAT	-0.30916774
ZHX2	-0.16377313
ZHX3	-0.418433
ZIC1	-0.46193847
ZIC3	-0.46636936
ZIM2	-0.20010674
ZKSCAN1	0.62123746
ZKSCAN3	-0.57623464
ZKSCAN4	0.45705843
ZKSCAN5	0.19886243
ZKSCAN7	0.29144025
ZKSCAN8	-0.48852825
ZMAT3	0.34523007
ZMAT4	0.13579302
ZMAT5	-0.011726327
ZMIZ1	1.1448033
ZMIZ2	0.61853004
ZMPSTE24	0.24702807
ZMYM1	-0.036657542
ZMYM2	-0.21915282
ZMYM3	-0.42962718
ZMYM4	-0.45606014
ZMYM5	-0.24601963
ZMYM6	0.0012037009
ZMYND10	-0.2408195
ZMYND11	-0.8131406
ZMYND8	-0.7297685
ZNF10	-0.5472083
ZNF106	-0.055578485
ZNF107	-0.29243383
ZNF112	-0.056803994
ZNF117	-0.83295864
ZNF12	-0.21218915
ZNF124	-0.88568604
ZNF132	-0.03163708
ZNF133	0.22659683
ZNF134	-0.18588634
ZNF135	0.25190777
ZNF136	0.3936398
ZNF137P	0.12124503
ZNF14	0.5669266
ZNF140	-0.28904232
ZNF141	-0.59266853
ZNF142	0.83324957
ZNF146	-1.0724025
ZNF148	-0.15665092
ZNF155	-0.1808411
ZNF157	-0.046377063
ZNF16	-0.0063571334
ZNF160	-0.6210548
ZNF165	-0.82277787
ZNF174	0.32141164
ZNF175	-0.0065034926
ZNF177	0.18241969
ZNF180	0.113061264
ZNF184	-0.3179211
ZNF185	-0.123972684
ZNF189	-2.191297
ZNF195	-0.70250106
ZNF197	0.4925576
ZNF20	0.6995435
ZNF200	0.46338463
ZNF202	0.7797169
ZNF204P	-0.68528
ZNF205	0.16836673
ZNF207	0.5659011
ZNF208	-0.49032664
ZNF211	-0.95215976
ZNF212	0.32346267
ZNF214	-0.6509317
ZNF215	-0.06376746
ZNF217	-0.15069787
ZNF219	-0.021357968
ZNF22	0.41718295
ZNF221	-0.23449042
ZNF222	-0.29807517
ZNF223	0.13448137
ZNF224	0.1686371
ZNF225	0.31924838
ZNF226	-0.3616287
ZNF227	-0.14111272
ZNF23	0.26106998
ZNF230	-0.17225732
ZNF232	-0.08995007
ZNF235	-0.23007563
ZNF236	-0.21149108
ZNF239	0.33315724
ZNF24	-0.4665418
ZNF248	0.33858055
ZNF250	0.49250925
ZNF253	0.17052823
ZNF257	-0.5687649
ZNF26	-0.31301606
ZNF263	0.045473233
ZNF264	0.23188683
ZNF266	0.37485486
ZNF267	0.33799878
ZNF271P	0.59911585
ZNF273	-0.056362715
ZNF274	-0.26412097
ZNF276	0.46760878
ZNF277	-0.77171123
ZNF280A	-0.24834263
ZNF280B	0.1050272
ZNF280D	-0.3793655
ZNF281	0.23162903
ZNF286A	-0.11179705
ZNF287	0.2818175
ZNF292	-0.25541
ZNF3	-0.31641355
ZNF302	0.07868266
ZNF304	0.08200878
ZNF318	-0.47692043
ZNF32	0.15236357
ZNF324	0.25338176
ZNF324B	-0.10065739
ZNF329	-0.47926366
ZNF331	-2.2066875
ZNF334	-0.57939094
ZNF335	0.09378047
ZNF337	-0.21080913
ZNF33B	-0.4364909
ZNF34	-0.24432766
ZNF343	0.16177338
ZNF345	-0.2854338
ZNF35	0.7098728
ZNF350	0.8461612
ZNF354A	0.04337938
ZNF358	-0.24785563
ZNF365	0.680755
ZNF37A	0.5219871
ZNF384	0.074288
ZNF385D	0.03260918
ZNF391	0.064867444
ZNF394	0.21743143
ZNF395	-0.6486342
ZNF407	-0.66614425
ZNF408	0.209301
ZNF410	-0.19073504
ZNF415	0.1254611
ZNF419	-0.01479879
ZNF423	0.09412623
ZNF426	0.46221998
ZNF428	0.12051976
ZNF43	-0.66480225
ZNF430	-0.37686256
ZNF44	0.29505217
ZNF442	0.39056122
ZNF443	0.19097444
ZNF444	0.5377649
ZNF446	0.018135725
ZNF45	-0.21288104
ZNF451	-1.0006362
ZNF460	0.18005812
ZNF467	0.42337325
ZNF468	0.16478013
ZNF471	-0.25752395
ZNF473	0.2731564
ZNF480	-0.11116139
ZNF500	0.40957803
ZNF506	-0.4304095
ZNF510	-0.18897024
ZNF512B	0.2542487
ZNF516	-0.5096954
ZNF518A	-0.013727687
ZNF528	0.3136021
ZNF536	-0.09064315
ZNF544	0.8098602
ZNF549	0.19678012
ZNF551	0.14090042
ZNF552	-0.02725774
ZNF556	-0.09546119
ZNF557	0.957582
ZNF562	0.30819768
ZNF571	0.35900417
ZNF573	0.54708517
ZNF574	-0.16123085
ZNF576	0.01620204
ZNF580	0.6258819
ZNF586	0.2530353
ZNF589	-0.20863968
ZNF592	0.48846573
ZNF593	0.30974916
ZNF606	0.17585574
ZNF609	-0.60647
ZNF614	-0.13869743
ZNF623	0.46871933
ZNF629	0.39378366
ZNF638	-0.385433
ZNF639	-0.14857781
ZNF646	-0.1879591
ZNF652	0.40548423
ZNF654	-0.5188052
ZNF665	-0.23842177
ZNF667	0.010481337
ZNF668	0.51071084
ZNF669	0.1348472
ZNF671	-0.76021457
ZNF672	-0.13362788
ZNF674	-0.2086691
ZNF675	-0.021738697
ZNF682	0.24256599
ZNF688	-0.13626626
ZNF692	0.41554284
ZNF696	0.7690084
ZNF7	0.16966176
ZNF701	0.8243365
ZNF706	-0.23494966
ZNF711	-0.3341208
ZNF731P	0.51339203
ZNF74	0.01320377
ZNF747	-0.34368747
ZNF749	-0.10889142
ZNF750	0.10219368
ZNF75D	-0.11354506
ZNF76	-0.50958794
ZNF764	0.5716953
ZNF767P	0.19410293
ZNF768	0.3069165
ZNF771	-0.4052241
ZNF780B	-0.16624887
ZNF787	0.011065781
ZNF79	0.3752931
ZNF8	0.046412885
ZNF80	0.46823663
ZNF804A	-0.3701843
ZNF816	0.53701943
ZNF821	0.03546598
ZNF83	0.09692033
ZNF839	-0.3389257
ZNF84	0.17413679
ZNF85	-0.3527099
ZNF862	-0.02155228
ZNF91	-0.964692
ZNF93	-0.3230358
ZNHIT1	0.6436139
ZNHIT2	-0.39036795
ZNHIT3	-0.020042464
ZNHIT6	0.061694894
ZNRD2	0.40347087
ZNRF4	-0.12653366
ZP2	-0.75077766
ZPBP	-0.27979767
ZPR1	0.7462098
ZPR1P1	0.30215165
ZRSR2	0.08050009
ZSCAN12	0.13013895
ZSCAN16	0.5842545
ZSCAN18	-0.5107196
ZSCAN2	0.94715476
ZSCAN26	0.23439722
ZSCAN31	-0.66345185
ZSCAN32	-0.0918103
ZSCAN5A	-0.78423107
ZSCAN9	0.48688745
ZSWIM8	0.13464336
ZW10	0.21543953
ZWILCH	0.24845327
ZWINT	0.9180186
ZXDA	0.3102312
ZXDB	0.09933434
ZXDC	-0.5130357
ZYX	2.026886
ZZEF1	0.5333274
ZZZ3	-0.13193023
A1BG	0.48238724
A1BG-AS1	0.42952725
A2M-AS1	0.06814435
A2ML1	0.32276577
AA06	-0.30514187
AACSP1	0.05071142
AADACL2	0.12102631
AADACP1	0.123616084
AADAT	-0.9678824
AARS2	-0.026701346
AASDH	-1.1935219
AATBC	0.68868583
ABCA13	-0.06242469
ABCA17P	-0.512053
ABCA9	-0.6114683
ABCB10	-0.26817593
ABCB5	0.28422147
ABCC11	-0.31685454
ABCC12	0.082577795
ABCC13	0.027698666
ABCG8	-0.086683676
ABHD1	-0.44043672
ABHD12	0.7569076
ABHD12B	1.4059474
ABHD13	-0.5964024
ABHD14B	-0.19398215
ABHD15	0.30698562
ABHD16A	1.3281028
ABHD16B	-0.4042194
ABHD17C	0.7812943
ABI3	2.0348423
ABI3BP	-0.8120077
ABLIM2	-0.11372697
ABRA	-0.124500096
ABRACL	1.001472
ABRAXAS1	-1.0907351
ABTB1	0.79602695
ABTB3	0.06111127
ACAD9	0.27004984
ACAP3	0.60477674
ACBD5	0.44254547
ACBD6	-0.37437344
ACCS	0.54805315
ACER1	-0.41390333
ACER3	0.24553296
ACMSD	-2.1182537
ACOD1	0.22503418
ACOT12	-0.90348876
ACOT4	-0.7585834
ACOT6	-0.56026274
ACP4	0.39264095
ACRBP	0.77383065
ACSF3	0.13102797
ACSS1	-0.09754063
ACSS2	-1.3948133
ACTG1P17	0.3797905
ACTG1P25	0.17935438
ACTL10	-0.013552763
ACTL9	-0.1122393
ACTR3-AS1	-0.09221409
ACTR3C	-0.6516904
ACTRT2	-0.16469137
ACTRT3	-0.452824
ACVR1C	-0.9539976
ACVR2B-AS1	-0.49385518
ACY3	-1.4770434
ADAD1	0.20447066
ADAD2	-0.10407473
ADAM1A	-0.5808147
ADAM32	0.15020692
ADAM33	0.88649905
ADAM6	0.029266983
ADAM7-AS2	-0.2820435
ADAMTS10	-0.06059978
ADAMTS14	0.68692607
ADAMTS15	-0.21851964
ADAMTS16	0.14582926
ADAMTS16-DT	0.10491854
ADAMTS17	-0.31719732
ADAMTS18	0.49372932
ADAMTS19	-0.050163466
ADAMTS20	0.052846856
ADAMTS9	-0.7758429
ADAMTS9-AS1	-0.81230325
ADAMTS9-AS2	-1.1620913
ADAMTSL1	0.036403954
ADAMTSL4	0.09365395
ADAMTSL5	-0.10323456
ADARB2-AS1	-0.116061054
ADAT2	0.07654828
ADCK1	0.33241826
ADCK5	-0.16643359
ADCY10P1	0.26123247
ADCY4	1.66643
ADCY5	0.44154033
ADCY6-DT	-0.852002
ADD3-AS1	-0.038208276
ADGB-DT	-0.24511969
ADGRA1	0.47120595
ADGRB3-DT	-0.300912
ADGRD1	0.5173139
ADGRF2P	0.2424154
ADGRF3	-0.110685065
ADGRF4	-0.4736036
ADGRF5-AS1	-1.1917087
ADGRG4	-0.42028368
ADGRG5	0.3957199
ADGRG7	0.34086514
ADGRL4	1.560121
ADGRV1	-1.3843145
ADH4	0.122735426
ADHFE1	-1.1362745
ADIG	-0.01903385
ADM5	-0.4476425
ADORA2A-AS1	-0.56086147
ADPRHL1	-0.01567033
ADPRS	0.57551396
ADSS1	-1.1015785
AEBP2	-0.6727896
AFAP1-AS1	0.017616928
AFAP1L1	1.8554116
AFAP1L2	0.68840444
AFDN-DT	0.005704418
AFG1L	0.351559
AFG2A	-1.027863
AFG3L1P	0.3420387
AFMID	-0.5333088
AFTPH-DT	0.4170038
AGAP11	-0.15424852
AGAP2-AS1	1.4069681
AGAP3	0.6755197
AGBL3	-0.54305375
AGMAT	-1.4325175
AGO2	0.10945298
AGPAT4-IT1	-0.03623092
AGPS-DT	0.09786302
AGR3	0.6035081
AGTRAP	-0.03351304
AGXT2	-1.4337952
AHI1-DT	-0.3281389
AHRR	0.6678999
AHSA2P	-0.86625826
AIF1L	-0.7855792
AIFM2	0.99165004
AIFM3	-0.595698
AIG1	-2.0656576
AJUBA	-0.18580973
AK3	-0.66360456
AK4	-1.6693676
AK6	-1.0572457
AK7	-0.62427974
AK8	-0.67503905
AK9	-0.56925267
AKAIN1	-0.1725021
AKAP14	0.56055725
AKAP17A	0.3766807
AKAP19	0.29357815
AKIRIN2	0.67866945
AKNA	0.7686757
AKNAD1	-0.35521877
AKR1C6P	-0.10325895
AKR1E2	0.62993145
AKT1S1	0.16933298
ALDH16A1	0.73056436
ALDH1L1-AS2	-0.5754817
ALDH1L2	0.43078148
ALG1	0.8498545
ALG10	-0.37384975
ALG10B	0.07785705
ALG14	-0.11372568
ALG14-AS1	-0.24349771
ALG2	0.39128125
ALKAL2	-1.5385501
ALKBH2	0.005662717
ALKBH3	0.114143476
ALKBH3-AS1	-0.16910608
ALKBH5	-0.6041441
ALKBH6	0.3417462
ALKBH7	-0.20988882
ALKBH8	-0.17139843
ALMS1-IT1	-0.03599891
ALOX12-AS1	-0.5506763
ALPK1	-0.30644768
ALPK2	-0.6114923
ALS2	-0.71379864
ALYREF	0.4517122
AMDHD1	-1.4333922
AMER1	-0.40543592
AMER2	-0.3671919
AMER3	0.43235207
AMIGO3	0.3503581
AMMECR1L	0.8554851
AMN1	-0.39818326
AMOTL1	2.116169
AMZ1	-0.004748419
AMZ2P1	0.090994895
ANAPC11	0.7359894
ANAPC16	-0.5623069
ANAPC4	-0.83754903
ANAPC7	0.5628691
ANGPTL1	-0.89691794
ANGPTL6	0.8087937
ANHX	-0.09507359
ANKAR	-0.6245438
ANKDD1A	1.2982595
ANKFN1	-0.412598
ANKH	0.3004549
ANKIB1	-0.604977
ANKLE1	-0.06432329
ANKRD13A	0.13315415
ANKRD13B	0.23540895
ANKRD13C	-0.3167954
ANKRD13D	-0.04359527
ANKRD16	0.41695476
ANKRD18A	-0.07214576
ANKRD19P	0.230715
ANKRD22	0.51768565
ANKRD23	0.69693434
ANKRD24	-0.076115415
ANKRD26P3	-0.16301277
ANKRD29	0.007968254
ANKRD30A	-0.069031
ANKRD30B	-0.5422243
ANKRD30BP3	0.14780322
ANKRD31	-0.6156433
ANKRD33	0.07834443
ANKRD33B	-0.8542849
ANKRD34A	0.75870425
ANKRD34C	0.6456231
ANKRD35	1.1071115
ANKRD36BP2	-0.37860066
ANKRD37	0.8357913
ANKRD39	0.38256294
ANKRD40	1.3941987
ANKRD42-DT	-0.15207794
ANKRD44	-1.2451117
ANKRD44-IT1	-0.6245115
ANKRD45	0.29831496
ANKRD50	1.880267
ANKRD52	1.1364515
ANKRD53	-0.15829414
ANKRD54	0.25880563
ANKRD60	-0.034850106
ANKRD65	-0.5256882
ANKRD9	0.5429179
ANKS3	-0.08084928
ANKS4B	-1.697624
ANKS6	-0.62837076
ANKUB1	0.30989465
ANLN	1.1982996
ANO4	0.6303949
ANO5	-0.35278735
ANO6	1.3588629
ANO7	0.13531265
ANO8	0.42734304
ANO9	0.23970497
ANTXR2	1.8978901
ANXA2P2	-0.45699382
ANXA2R	1.0537502
ANXA2R-AS1	0.9659157
ANXA2R-OT1	0.42546853
AP1G2-AS1	-0.2159028
AP1M1	1.467046
AP1S3	-0.25615895
AP2A1	0.11684087
AP3M1	0.7186582
AP4B1	-0.26640975
AP5B1	0.023095429
APCDD1	0.56444246
APCDD1L	0.1375516
APCDD1L-DT	-0.47194493
APELA	-0.20704952
APLF	0.5044735
APLN	-0.29266256
APOA5	-0.06878495
APOBEC3D	0.33280638
APOBEC4	0.19549432
APOC1P1	0.5562636
APOL4	0.032684453
APRG1	-0.8902326
APTR	0.10724058
AQP10	0.4274074
AQP11	-0.7756166
AQP4-AS1	-0.19795778
AQP5	0.28938943
ARAP2-AS1	-0.37532508
AREG	-0.63912296
ARFGEF3	1.522284
ARGLU1-DT	0.3687339
ARHGAP18	-0.6854363
ARHGAP20	0.97099864
ARHGAP21	-1.1640698
ARHGAP23	1.1281449
ARHGAP26-AS1	-0.3456013
ARHGAP27	0.90892017
ARHGAP27P1	0.6139344
ARHGAP30	1.450459
ARHGAP31	1.0382794
ARHGAP36	0.34291482
ARHGAP39	-0.15019743
ARHGAP42	-0.4019192
ARHGAP5-AS1	-0.39160457
ARHGAP9	0.8417363
ARHGEF19	0.21700428
ARHGEF25	0.07457189
ARHGEF26	-1.7356182
ARHGEF26-AS1	-0.5309798
ARHGEF37	-1.0890123
ARHGEF39	0.25288373
ARID1B	-0.049040765
ARID2	0.2561948
ARIH2OS	1.0777793
ARK2C	0.68452054
ARL10	0.1448563
ARL11	0.30830875
ARL13B	-0.3795488
ARL16	0.4293866
ARL5B	-0.31997445
ARL6	0.44273135
ARL6IP6	-1.1014636
ARL8A	-0.2524736
ARL9	-0.26698473
ARLN	0.8126646
ARLNC1	0.38886112
ARMC10	-0.5121857
ARMC12	-0.43669146
ARMC2	-0.46819398
ARMC3	0.15521418
ARMC5	-0.35464117
ARMCX4	-0.5774348
ARMH1	0.20473275
ARMH4	-0.15137614
ARNT2-AS3	0.18422921
ARPIN	0.5038514
ARRDC1	0.22522579
ARRDC1-AS1	0.28402284
ARRDC2	-1.8588719
ARRDC3	0.7421139
ARRDC3-AS1	-0.31633043
ARRDC4	-0.6678046
ARSG	0.4527194
ARSI	0.1605024
ARSK	-0.21258026
ART5	-0.06824124
ARV1	-0.17845023
ARX	-0.5240131
ASAP1-IT2	0.14458524
ASB10	0.07506032
ASB11	0.1792143
ASB12	0.0593656
ASB14	-0.21803239
ASB15	-1.4116321
ASB16	0.7465048
ASB16-AS1	0.98149383
ASB17	-0.77581656
ASB2	-0.103704
ASB5	-0.016949581
ASH1L-AS1	-0.534619
ASIC5	-0.19920503
ASMT	0.24451274
ASMTL	0.044654377
ASMTL-AS1	0.4604639
ASPDH	-1.081456
ASPG	0.9500054
ASPHD2	1.3912017
ASPNAT	0.060660094
ASPRV1	0.01823458
ASXL3	-0.66888136
ASZ1	-0.12616308
ATAD1	-0.16638277
ATAD3B	0.1138346
ATAD3C	0.8636366
ATCAY	-0.14665037
ATE1	-0.4880525
ATF1	-0.68332916
ATF7-AS1	0.12664962
ATG10	-0.17779595
ATG16L1	-0.24185836
ATG16L2	1.2302555
ATG4C	0.25775105
ATG4D	-0.29935122
ATG9B	0.6156895
ATL1	0.41343626
ATL2	-1.3893328
ATL3	2.2295773
ATOH7	0.2113623
ATOH8	-2.0412233
ATOSA	-0.6879385
ATP11A-AS1	0.38038364
ATP11C	0.06395704
ATP13A3	1.2803935
ATP13A4	-0.030719519
ATP13A4-AS1	-0.039585665
ATP13A5	-0.48573893
ATP1A1-AS1	-0.8257148
ATP1A4	0.7906532
ATP23	-0.29608053
ATP2A1-AS1	0.8184216
ATP2B1-AS1	0.2555255
ATP6AP1L	-0.6633381
ATP6V0D2	-1.4942484
ATP6V0E2-AS1	0.06885609
ATP6V1C2	-1.1394113
ATP6V1E2	-0.20379482
ATP6V1G3	-1.3889053
ATP8B1	1.763555
ATP8B1-AS1	0.4303443
ATP8B5P	-0.32304412
ATPAF1	-0.7492341
ATPSCKMT	-0.3987879
ATRIP	0.68466514
ATXN1-AS1	-0.50531757
ATXN1L	-0.33268794
ATXN7L2	0.62771606
ATXN7L3	-0.22678798
ATXN7L3B	-0.46057743
AWAT1	0.09195823
AXDND1	-0.28411502
AXIN2	-0.21896327
AZIN2	0.12827131
B3GALNT2	-0.023965776
B3GALT5-AS1	0.047068596
B3GALT6	0.57527125
B3GAT1-DT	-0.32660395
B3GLCT	0.91292864
B3GNT5	-1.0203751
B3GNT6	-0.5292716
B3GNT7	2.0235214
B3GNT8	0.60119474
B3GNT9	0.8795315
B4GALNT2	-0.49453956
B4GALNT3	-0.34122124
B4GALNT4	0.3155527
BAALC-AS2	-0.20682459
BABAM2-AS1	-2.7136092
BABAM2-AS2	-0.79663146
BAIAP2-DT	0.5962086
BAIAP2L1	0.56923425
BAIAP2L2	-0.7764512
BANCR	0.23646455
BANF2	0.15645227
BARHL1	0.061660778
BARX1-DT	-0.23374328
BASP1-AS1	-0.103285685
BATF2	1.7833531
BAZ2B-AS1	-0.21039072
BBIP1	-0.1200334
BBS12	-0.8572732
BBS2	-0.5916471
BBS5	0.14850816
BBX	-0.24575216
BCAR1	1.2142845
BCAR4	0.18664138
BCDIN3D	-0.17513642
BCDIN3D-AS1	-0.43542886
BCL2L12	0.45583406
BCL2L15	0.016882688
BCL6B	2.5088146
BCL9L	1.3381426
BCLAF3	-0.42077112
BCO2	-0.44667304
BCORP1	-0.2149284
BDNF-AS	0.12321476
BDP1	-0.2948287
BEAN1	1.27557
BEND2	-0.033409856
BEND3	0.5905666
BEND4	0.7483488
BEND6	0.6061216
BEND7	-1.4656737
BEST3	0.44383228
BEST4	0.21068466
BEX2	-1.7938724
BEX5	0.22978398
BFSP2-AS1	-0.6041698
BHLHE22	0.31853503
BHLHE22-AS1	0.10744006
BHLHE23	0.18442112
BICDL1	-1.58408
BICDL2	-0.07723969
BIRC6	-0.8027558
BIVM	0.2021158
BKGD	-1.9242542
BLACAT1	0.75835854
BLID	-0.25082502
BLOC1S2	-0.1418477
BLOC1S3	1.084159
BLOC1S4	1.2036147
BLOC1S6	-0.53233594
BLTP3A	0.45980912
BLZF1	-0.24923344
BMAL2-AS1	-0.10898185
BMF	1.153048
BMPER	0.18623796
BNIPL	-0.21510367
BOC	1.5417993
BOD1	-0.5351379
BOD1L1	-0.7192057
BOD1L2	-0.068175636
BOK	0.67427325
BOLA3	0.13003449
BOLA3-DT	1.0665996
BOLL	0.22877416
BOP1	1.5804613
BORCS5	0.18277895
BORCS7	0.64602447
BORCS8	-0.29316348
BPESC1	-0.24685453
BPIFA2	-0.044433523
BPIFA3	-0.441233
BPIFA4P	0.09530261
BPIFB1	0.27924722
BPIFB2	0.16640241
BPIFB4	-0.11268709
BPIFB6	-0.0856424
BPIFC	-0.25203317
BPNT1	-0.34789377
BRAT1	0.4556889
BRD10	-0.5767654
BRI3	0.6971385
BRICD5	0.31470728
BRINP3-DT	0.585987
BRK1	0.47876012
BRMS1L	0.07835807
BROX	0.8387318
BRPF3	-0.2821084
BRPF3-AS1	0.22518945
BRS3	-0.11050325
BRSK1	0.12987642
BRWD3	-0.62518203
BSN-DT	-0.12884283
BSND	0.13862763
BTBD10	0.15559195
BTBD16	-0.17515045
BTBD17	0.15821052
BTBD6	0.40857828
BTBD8	-0.81525546
BTBD9	-0.105305344
BTF3L4	-0.9173776
BTF3P11	-0.08604832
BTG2-DT	-0.35522217
BTLA	-0.44897473
BTNL9	0.22087835
BUD13	0.27752894
C10orf126	-0.0757903
C10orf143	-0.09921825
C10orf53	0.050749116
C10orf55	0.79729366
C10orf62	-0.43046033
C10orf67	-0.4124438
C10orf71	0.38540152
C10orf71-AS1	0.18169129
C10orf90	-0.40879446
C10orf95-AS1	-0.35339338
C11orf21	0.2243919
C11orf40	-0.22554062
C11orf42	0.25743145
C11orf65	-0.10493373
C11orf86	0.26121062
C11orf87	0.03085789
C11orf96	-0.020291567
C11orf97	-0.59401745
C12orf42	0.2581002
C12orf54	-0.6163138
C12orf56	-0.97483337
C12orf57	1.0758805
C12orf60	0.17189455
C12orf75	-1.1036474
C12orf76	0.6416473
C14orf119	-0.0019997582
C14orf180	0.7752161
C14orf39	0.10704157
C15orf32	-0.46501663
C15orf40	0.7434671
C15orf61	-0.66646445
C15orf62	-0.05643581
C16orf46	0.46242324
C16orf54	1.1657169
C16orf78	0.00042499602
C16orf82	0.48876178
C16orf86	-0.06129308
C16orf89	0.5280004
C16orf95	0.20147884
C17orf100	0.28803897
C17orf58	0.93678105
C17orf67	0.376951
C17orf78	-0.26224208
C17orf99	-0.1655171
C18orf54	0.24004275
C19orf12	-0.27555567
C19orf18	-0.7770662
C19orf25	1.1521231
C19orf33	0.71253943
C19orf44	-0.12996775
C19orf47	0.8762795
C19orf48P	-0.24576533
C19orf81	0.04452183
C19orf84	0.32151312
C1GALT1C1L	0.5662831
C1QC	1.3315296
C1QTNF1-AS1	-0.9491219
C1QTNF12	-0.047671884
C1QTNF2	1.7340087
C1QTNF4	0.77817297
C1QTNF6	1.3319502
C1QTNF7	-0.1789015
C1QTNF9	-0.2179133
C1RL-AS1	-0.4995389
C1orf122	0.9387982
C1orf162	0.83215714
C1orf198	1.8824146
C1orf210	-1.0570357
C1orf220	-0.10710527
C1orf226	0.25739557
C1orf52	0.05343289
C1orf53	-0.35035732
C1orf74	-0.019794717
C1orf87	-0.14769372
C1orf94	-0.10719383
C20orf141	-0.21564206
C20orf144	0.48338932
C20orf173	-0.13332887
C20orf181	0.21125947
C20orf202	0.706715
C20orf203	-0.33031315
C20orf204	-0.28017205
C20orf96	-0.19984083
C21orf58	0.18177585
C21orf91-OT1	-0.2669565
C22orf15	0.114596836
C22orf23	0.68292934
C22orf39	0.5312814
C22orf42	-0.46361157
C2CD3	-0.07622932
C2CD4A	-0.9240126
C2CD4B	0.18918492
C2CD4C	0.14428622
C2orf15	-0.45669717
C2orf49-DT	0.117471784
C2orf68	0.01825267
C2orf69	-0.5380926
C2orf74-DT	-0.52187014
C2orf76	-1.0285947
C2orf80	-0.28046495
C2orf81	0.28188354
C2orf92	-0.4552127
C3P1	0.014342025
C3orf22	-0.29316008
C3orf38	0.49893346
C3orf49	0.31164962
C3orf62	0.18135884
C3orf70	2.4197578
C3orf80	1.6384494
C3orf85	-1.321543
C4orf17	-0.23828144
C4orf33	0.053694293
C4orf36	-0.41914627
C4orf46	0.4357797
C4orf54	0.047917828
C5orf22	-0.417498
C5orf24	0.26947734
C5orf34	0.4370894
C5orf46	0.074124664
C5orf47	0.13154154
C5orf58	-0.38159114
C5orf63	0.49642113
C6orf118	0.02878581
C6orf132	0.66928935
C6orf136	0.5255289
C6orf141	-0.3721621
C6orf147	0.11919597
C6orf163	-0.33821073
C6orf52	0.0092886835
C6orf58	-0.31552213
C6orf89	1.296924
C7orf33	0.70184207
C7orf57	-0.0067326427
C8orf34	0.718861
C8orf48	0.31834167
C8orf58	0.7054984
C8orf74	-0.58872545
C8orf76	-0.3835255
C8orf82	-0.20958868
C8orf88	-0.41617265
C9	-1.3914045
C9orf152	-0.12234754
C9orf163	0.5647695
C9orf43	0.19514659
C9orf50	0.20083934
C9orf57	0.6619539
C9orf72	-1.3167872
C9orf85	-0.45887318
CA13	-0.8823972
CA5BP1	0.41636318
CABCOCO1	-0.34967655
CABLES1	-0.9324361
CABLES2	0.9090452
CABP4	0.084043935
CABP7	0.1536537
CABS1	-0.1424211
CACHD1	-1.0304266
CACNA1G-AS1	0.19380353
CACNA2D4	0.06906618
CACNG6	-0.34787035
CACNG7	-0.08902341
CACNG8	0.13505152
CACUL1	0.2772558
CADM2	0.5649127
CADM2-AS1	-0.12250907
CADM3-AS1	-0.19183567
CAGE1	0.8574304
CAHM	-0.55051285
CALHM1	-0.7013889
CALHM3	-0.34532353
CALHM4	1.033639
CALHM5	0.92340136
CALHM6	0.69439745
CALML6	0.3427053
CALN1	0.016929556
CALR3	0.094266936
CAMK2D	-0.4752807
CAMK2N1	-1.1191766
CAMK2N2	0.28021574
CAMKK1	-0.375108
CAMSAP3	-0.6170182
CAPN12	-0.091008216
CAPN13	-0.4188517
CAPN14	0.95282686
CAPN8	0.23833738
CAPNS2	0.33753034
CAPS	0.689553
CAPS2	-0.6473416
CAPSL	-0.39692226
CAPSL-DT	-0.5750036
CAPZA3	0.5810764
CARD11	0.24250978
CARD11-AS1	0.19254413
CARD16	1.0029246
CARD18	0.101312205
CARD19	-0.08698895
CARD6	2.6255918
CARD8-AS1	0.13271299
CARINH	0.42716417
CARMIL2	0.709052
CARMIL3	-0.044486195
CARNMT1	-0.9466982
CARNS1	0.20310001
CASC15	-0.29736608
CASC16	-0.23327969
CASC17	-0.20974825
CASC18	-0.45121902
CASC2	-0.63782644
CASC6	0.14881846
CASKIN1	-0.65772617
CASP12	-0.3204295
CASP14	-0.027199544
CASP16P	0.214276
CASP4LP	0.87790304
CASTOR1	-0.42146158
CASTOR3P	0.3121683
CATED	-0.1582876
CATIP-AS1	-0.12769653
CATSPER1	0.7165192
CATSPER2	-0.076008245
CATSPER3	-0.07346517
CATSPERD	-0.07843676
CATSPERE	-1.1311691
CATSPERT	0.45397043
CATSPERZ	0.022659406
CAVIN4	-0.1112914
CBARP	0.1528557
CBLL1-AS1	-0.016348556
CBLL2	-0.08215064
CBLN2	0.07289194
CBLN3	0.8920356
CBLN4	0.35263854
CBR3-AS1	1.1246021
CBX3P2	-0.21781333
CBY2	0.14283861
CC2D1B	0.45288616
CC2D2A	-1.1850828
CC2D2B	0.30781707
CCAR1	-1.2826262
CCAR2	0.6584634
CCBE1	-0.4159031
CCDC102A	1.0602582
CCDC107	0.61249864
CCDC110	0.2483714
CCDC112	-0.3813908
CCDC116	-0.3850646
CCDC117	-0.5849045
CCDC12	0.08509897
CCDC120	-0.17847173
CCDC124	1.0232328
CCDC125	-0.44010705
CCDC126	-0.7541177
CCDC127	1.1895826
CCDC13	-1.3669953
CCDC13-AS2	0.051660836
CCDC136	-0.20307599
CCDC137	1.5282451
CCDC138	-0.39217538
CCDC14	-1.4100246
CCDC140	0.21255463
CCDC141	0.033807874
CCDC142	0.6268352
CCDC146	-0.077445865
CCDC148	-1.7075014
CCDC148-AS1	-1.2501901
CCDC149	0.59784937
CCDC150	-0.6193449
CCDC152	0.44271582
CCDC158	-0.31759924
CCDC159	0.7373988
CCDC160	-0.9006374
CCDC163	-0.17739609
CCDC167	1.1146569
CCDC169	-0.5528119
CCDC17	-0.03178913
CCDC171	-1.1802528
CCDC172	-0.14844869
CCDC174	-0.069539994
CCDC178	-0.56567395
CCDC18	-0.22432873
CCDC18-AS1	-0.5567626
CCDC182	0.15254492
CCDC184	0.45345554
CCDC185	0.16386685
CCDC187	-0.5115138
CCDC190	0.59015286
CCDC191	-0.93939185
CCDC196	-0.62566894
CCDC197	0.56295097
CCDC24	0.075815886
CCDC27	-0.07965122
CCDC28A-AS1	-0.06523886
CCDC3	1.1126035
CCDC30	-0.8094452
CCDC32	0.7211571
CCDC34	0.09018626
CCDC38	0.22373404
CCDC39	-0.16964321
CCDC42	-0.07310304
CCDC43	1.0042379
CCDC50	-0.33990225
CCDC54	-0.33009905
CCDC57	0.38035172
CCDC60	-0.18687819
CCDC61	0.25244594
CCDC62	-0.527468
CCDC63	-0.13928528
CCDC66	-0.7701636
CCDC71L	-0.5206046
CCDC77	0.3052482
CCDC78	-0.17200874
CCDC8	-0.23089968
CCDC80	1.7518104
CCDC82	-0.40929925
CCDC83	0.44837946
CCDC85A	-0.2003603
CCDC85C	0.9023939
CCDC88B	0.4383984
CCDC88C	0.64356613
CCDC89	-0.2728537
CCDC97	1.4995015
CCDC9B	1.3390522
CCDST	-0.24585956
CCER1	-0.6816261
CCL26	0.11042427
CCL28	0.2640047
CCM2	0.86083233
CCM2L	1.840316
CCNB3	-0.21726349
CCNDBP1	-0.26060373
CCNQ	0.6109791
CCNT2-AS1	-0.24268007
CCNY	0.53757894
CCNYL1	0.6750813
CCNYL2	-0.450795
CCSAP	-0.18204282
CCSER1	-0.81140465
CD109	0.8873491
CD163L1	0.6959195
CD200R1	0.038420454
CD274	-1.374313
CD276	0.8390624
CD300LB	0.791173
CD300LD-AS1	0.19331314
CD300LF	1.113344
CD300LG	0.16049194
CD81-AS1	0.12781872
CD99	2.04331
CD99L2	0.79507864
CD99P1	-0.05421123
CDAN1	0.6323192
CDC14C	0.35243782
CDC20B	0.10813506
CDC42BPG	0.27508336
CDC42EP5	1.0946707
CDC42SE2	-0.41965765
CDCA2	0.15244627
CDCA5	0.2652902
CDCA7	1.1121593
CDCA7L	0.6273432
CDH23	-0.035258353
CDH24	0.74674636
CDH26	0.16624124
CDHR3	-0.8964386
CDIN1	0.76100653
CDIPTOSP	0.093908265
CDK15	0.1999096
CDK8	-0.64641345
CDKN2A-AS1	0.011486173
CDKN2B-AS1	0.10441442
CDNF	-0.7368015
CDPF1	1.0468465
CDRT15L2	-0.6912619
CDYL2	0.59968287
CEACAM19	-0.082369454
CEBPA-DT	0.30469283
CEBPZOS	-0.7585019
CECR2	-1.41683
CECR3	-0.23956262
CECR7	-0.2553589
CELA1	-0.17485526
CELF2-AS1	-0.10044679
CELF4	0.39495865
CELF5	-0.31943795
CELF6	-0.57781756
CEMP1	-0.072931364
CENATAC	0.09848988
CENPBD1P	1.1871433
CENPH	0.9953079
CENPK	0.98505706
CENPL	0.16761974
CENPV	-0.0109041
CENPW	1.081164
CEP120	-0.069307715
CEP126	0.27726564
CEP128	-0.0155913085
CEP19	0.73030984
CEP192P1	-0.67978287
CEP20	-0.096848354
CEP295	-1.1534395
CEP41	0.6844903
CEP44	-0.96284485
CEP57L1	-0.44449145
CEP78	0.60962963
CEP83-DT	0.14055485
CEP85L	-1.2186327
CEP89	0.09627861
CEP95	-1.770718
CEP97	0.059539974
CERCAM	0.34693718
CERNA1	0.023927331
CERS3	0.10551727
CERS5	0.87493885
CES3	-1.4243554
CES4A	-0.014058411
CES5A	0.46406892
CETN3-AS1	0.3331102
CFAP100	0.3398732
CFAP100-DT	0.050821282
CFAP107	-0.16665122
CFAP119	0.013240352
CFAP126	-0.5182689
CFAP157	-0.3046273
CFAP161	0.3057145
CFAP184	-0.014845118
CFAP206	-0.31848782
CFAP20DC	0.069830485
CFAP210	-1.7446692
CFAP221	-0.16875528
CFAP251	-0.13686135
CFAP263	0.97859263
CFAP276	-0.29683584
CFAP299	-0.0025684498
CFAP300	-0.2605762
CFAP36	-1.3752074
CFAP418	-0.10591622
CFAP44	-0.8706341
CFAP47	-0.049833022
CFAP52	-0.13728
CFAP53	-0.3806677
CFAP54	-0.30588996
CFAP57	-0.64058685
CFAP58	0.40548813
CFAP61	-0.6723671
CFAP65	0.25740892
CFAP65-AS1	0.32954043
CFAP70	-0.34465092
CFAP73	0.05083254
CFAP90	-0.8893371
CFAP91	-1.6630819
CFAP92	-0.21703304
CFAP95	0.14496744
CFAP95-DT	-0.00026078522
CFAP96	0.36362404
CFAP97	-0.59825313
CFAP97D1	0.25102985
CFAP99	0.03071655
CFL2	-0.7255608
CFLAR-AS1	-0.29620588
CGAS	0.4565205
CGN	-0.71989673
CGNL1	0.13391116
CHAC2	1.0553775
CHADL	0.3583825
CHAMP1	-0.47830158
CHASERR	-0.84153914
CHCHD1	0.14670436
CHCHD10	-0.42410487
CHCHD4	-0.46906042
CHCHD5	0.6222556
CHCHD6	-0.41196418
CHCT1	0.97753716
CHD6	-0.4781094
CHDH	-1.5129375
CHIAP2	-0.13247906
CHIC1	-0.5735589
CHID1	0.32937995
CHKB-DT	0.9541068
CHL1-AS1	-0.28732598
CHLSN	-0.15940326
CHMP4B	0.77272236
CHMP4C	-0.030743018
CHRAC1	-0.19520253
CHRDL1	0.5676569
CHRDL2	-0.35467592
CHRM1	0.39354843
CHRM3	0.72909313
CHROMR	0.030716449
CHST13	-0.056255177
CHST14	0.63105804
CHST6	0.2893561
CHST9	0.4819141
CHSY3	0.38962033
CHTF18	0.08573452
CHTF8	0.25658926
CIAO2A	-0.024336964
CIART	-1.2929173
CIB3	-0.35307238
CIB4	-0.38287833
CIBAR1-DT	0.28814104
CILP2	0.32259062
CIMAP1A	0.22024508
CIMAP1B	0.50928634
CIMAP1C	-0.30629182
CIMAP1D	0.18368648
CIMAP2	-0.179956
CIMAP3	-0.25736466
CIMIP1	0.10966036
CIMIP2A	0.5587343
CIMIP2B	0.21540143
CIMIP2C	0.1728158
CIMIP4	0.2718997
CIMIP6	-0.93373954
CIP2A	0.7248124
CIPC	-0.5851741
CIRBP-AS1	-0.54834783
CIROZ	0.07652311
CISD2	0.52323866
CISD3	1.1190188
CITED4	1.600209
CKAP2L	0.47705674
CKMT2-AS1	-0.30735368
CLDN10-AS1	-0.46308583
CLDN12	-0.45339265
CLDN19	0.21042392
CLDN2	-1.2931042
CLDN20	0.31133115
CLDN23	-0.37982935
CLDND2	-0.49892178
CLEC12A	0.40825534
CLEC12B	-0.5021991
CLEC14A	1.4389919
CLEC2L	0.1169848
CLEC3A	-0.43770832
CLEC4C	0.634462
CLEC4D	-0.8098897
CLEC4F	0.77482414
CLEC4G	0.6184542
CLEC4GP1	0.4044201
CLECL1	0.3596875
CLHC1	-0.20870271
CLIC6	0.6057484
CLIP1-AS1	-0.4816026
CLMAT3	-0.7961493
CLMB	0.7737266
CLMP	-0.48335472
CLN8-AS1	0.04864998
CLNK	-1.4497309
CLPTM1L	1.1721512
CLRN1	-1.052519
CLRN1-AS1	0.17826854
CLRN3	-1.7542524
CLSPN	0.146432
CLSTN2-AS1	0.10130778
CLSTN3	0.2903676
CLTRN	-1.4357052
CLUHP3	-0.7854077
CLVS1	0.20453267
CLVS2	0.6854354
CLYBL	-1.5330982
CLYBL-AS2	0.02322686
CMBL	-1.9098384
CMC1	-0.09674956
CMC4	-0.43928683
CMIP	1.4729224
CMPK2	1.1815295
CMSS1	-0.1330753
CMTM1	0.57113785
CMTM2	-0.7633219
CMTM3	0.78201234
CMTM4	-0.26255915
CMTM5	0.14871669
CMTM7	1.504713
CMTM8	-0.120821804
CMTR2	0.4037788
CMYA5	-1.6391555
CNBD1	0.55187255
CNBD2	0.10162411
CNDP1	-0.6783668
CNEP1R1	0.1808478
CNFN	0.55709237
CNGA4	-0.19893019
CNIH2	-0.41654855
CNKSR2	0.74906707
CNKSR3	-0.84207153
CNN3-DT	-0.866735
CNOT10	0.01219216
CNOT11	0.026241224
CNOT12	0.8332646
CNOT6L	-0.07480863
CNOT9	-0.0023700446
CNPY1	-0.2745539
CNPY4	1.1531762
CNRIP1	1.725521
CNST	-2.3735914
CNTD1	-0.2998865
CNTFR-AS1	-0.6285459
CNTN3	0.7721406
CNTN4	-0.3428342
CNTNAP2-AS1	0.47617242
CNTNAP4	-0.43346152
CNTNAP5	-0.06277944
CNTROB	-0.13131504
COA5	0.15891999
COA6	0.3295154
COA8	-0.26416782
COCH-AS1	-0.51856023
COG1	-0.30623764
COG3	-0.19369996
COG6	-0.8554722
COL12A1	1.0564972
COL18A1-AS1	-0.91899705
COL20A1	-0.5892242
COL22A1	0.2683895
COL23A1	0.79262036
COL24A1	0.101500794
COL25A1	-0.23285371
COL26A1	0.19953078
COL27A1	-0.24754953
COL28A1	-0.09264681
COL6A5	-0.29725
COL6A6	-0.121411726
COLCA1	-0.16603422
COMMD1	-0.15503421
COMMD2	1.3232635
COMMD5	0.62975794
COMMD6	0.032969773
COMMD7	0.7881614
COMTD1	0.82771975
COP1	0.10000536
COPG2	-0.18332422
COPG2IT1	-0.48635054
COPRS	-0.046587415
COPS9	0.18225841
COQ10A	-0.7261482
COQ5	-0.57355946
COQ8B	0.3767098
CORO6	-0.2731211
COX14	0.01098004
COX18	0.31775543
COX19	-0.17697638
COX20	-0.8928584
COX4I2	0.8247266
COX6B2	0.6764554
COX7B2	0.21763848
COX8C	0.22417387
COXFA4L3	1.0737215
CPA5	0.06980671
CPA6	0.37692446
CPAMD8	0.53150594
CPEB1	-0.6134827
CPEB1-AS1	-0.6658335
CPEB2	-0.8996091
CPEB2-DT	0.16557918
CPEB4	-1.204659
CPLX1	1.097964
CPNE2	2.2435317
CPNE4	-1.9108641
CPNE5	0.9426842
CPNE8	-1.1207659
CPNE9	0.3500144
CPO	-0.59330475
CPSF2	0.4333302
CPSF3	0.7175603
CPT1C	1.1640487
CPVL-AS2	0.002128385
CPXCR1	-0.041409373
CPXM1	-0.031050168
CPXM2	0.8740664
CR1L	-0.2323646
CRACD	0.20090044
CRACDL	-1.4274304
CRACR2A	-0.35569558
CRACR2B	0.35335615
CRADD-AS1	-0.45876616
CRAMP1	0.43330574
CRAT37	-0.06715332
CRB2	0.44025305
CRB3	-0.9334661
CREB3L3	0.61365885
CREB3L4	-0.5038395
CREBRF	-0.7301081
CREG2	0.27910626
CRIM1-DT	-0.24694604
CRIP3	-0.004852891
CRISPLD1	0.58003956
CRLF2	0.020295486
CRLS1	-1.341916
CRMA	-0.15702999
CRNDE	1.1848122
CROCCP2	0.3069594
CRPPA-AS1	-0.69800687
CRTC2	1.0534517
CRTC3	1.0664328
CRYBB2P1	0.5217492
CRYGN	-0.6837656
CRYGS	-0.052365005
CRYZL2P	-0.4573765
CSF2RA	0.29460493
CSF2RB	0.65734327
CSKMT	0.6273063
CSMD1	-0.36819977
CSMD2	-0.18914756
CSMD2-AS1	-0.20966697
CSMD3	-0.16947506
CSN1S2AP	-0.36417082
CSNK1A1P1	-0.18647933
CSNK1G2-AS1	0.29442105
CSRNP1	-3.3334632
CST11	0.36097836
CST13P	-0.2310127
CST9	-0.19406861
CST9L	-0.11240043
CSTF3-DT	0.35303488
CSTL1	-0.07925933
CT66	0.19759738
CT83	0.15297548
CTBP1-AS	0.25227123
CTBP1-DT	0.7206824
CTC-338M12.4	-0.70593214
CTCFL	0.11445491
CTDSPL2	-0.3107721
CTHRC1	1.085099
CTTNBP2	-1.4554049
CTTNBP2NL	1.4506907
CTU2	0.7897184
CTXN1	0.27135837
CTXN3	-1.4198117
CTXND1	-0.7475733
CUTALP	0.3185375
CWC15	-0.07944822
CWC22	-1.3785728
CWC27	-1.2152417
CWF19L2	-1.0890061
CXCL16	2.6136456
CXCL17	-0.2640041
CXXC1P1	-0.008700907
CXXC5	0.93430734
CXorf38	-0.26730335
CXorf58	-0.21122599
CXorf65	0.86931455
CYB561A3	1.5553465
CYB561D1	1.913451
CYB5D1	0.30130452
CYB5D2	-0.47804052
CYB5RL	0.4195062
CYGB	1.0398614
CYMP	-0.11885808
CYMP-AS1	-0.10596651
CYP1B1-AS1	-0.46141198
CYP27C1	1.1454264
CYP2R1	0.30913
CYP2S1	0.93044233
CYP2U1	1.2518555
CYP4F22	-0.20101705
CYP4V2	-0.369828
CYP4X1	0.5541492
CYP4Z1	-1.0120878
CYP8B1	-1.9784882
CYS1	-0.24702138
CYSLTR1	1.5482006
CYSRT1	0.31847712
CYSTM1	-0.24111506
CYYR1	1.9594828
D21S2088E	-0.031760007
D2HGDH	-0.28215176
DAB1-AS1	-0.6204421
DAB2IP	1.4923607
DACH2	-0.7049295
DACT2	-0.0054830536
DACT3	1.2405599
DACT3-AS1	-0.108400226
DAGLB	0.58203137
DANCR	-1.6617237
DAND5	0.18568204
DAOA	-0.22077551
DAOA-AS1	-0.6948149
DAPL1	-0.05802834
DARS1-AS1	-0.27159882
DAW1	-0.46448526
DBH-AS1	-0.324848
DBIL5P	0.5072733
DBIL5P2	-0.15999633
DBNL	0.56815064
DCAF12	0.37786317
DCAF12L1	-0.23439145
DCAF12L2	-0.39399767
DCAF13	0.5988295
DCAF4	-0.05176962
DCAF4L1	-0.080379926
DCAF4L2	-0.05865407
DCAF5	0.010968931
DCANP1	0.93054605
DCBLD1	0.052405417
DCD	0.37163815
DCDC2	-0.43233946
DCDC2B	-0.47960937
DCLK2	0.211787
DCLK3	0.29335064
DCP1B	-0.019769356
DCST1	0.28778237
DCST1-AS1	-0.29720053
DCST2	0.3699003
DCTN1-AS1	-0.79100084
DCUN1D1	-0.9553952
DCUN1D3	-0.53644705
DCUN1D5	0.058137625
DDC-AS1	-0.5203141
DDHD1	-0.05309157
DDHD2	-0.09891305
DDI1	0.4168456
DDIAS	0.94367886
DDIT4L	-0.24103731
DDX11-AS1	-0.0035188235
DDX19A-DT	0.1296317
DDX20	-0.08886625
DDX53	0.6308596
DDX55	0.17964493
DDX59	-0.04395193
DDX59-AS1	-0.25031903
DDX60L	-0.33780023
DEDD2	-0.180157
DEFB118	-0.4148838
DEFB119	-0.18906501
DEFB121	0.2330195
DEFB122	-0.14798066
DEFB123	0.079904154
DEFB124	-0.09383303
DEFB125	0.011905417
DEFB127	0.09811022
DEFB129	-0.983405
DEFB132	-0.23568952
DEGS2	-0.3594556
DEMA1	0.045756698
DENND10P1	1.3946389
DENND11	0.064833075
DENND1B	-0.9648609
DENND2C	0.08649647
DENND6A	-1.3309286
DENND6B	0.2276373
DEPDC1	0.87095845
DEPDC1-AS1	-0.025361061
DEPDC1B	-1.0632308
DEPDC4	-0.10058802
DEPDC7	-3.3226821
DERL3	0.18924785
DEUP1	0.38669994
DGAT2	-0.22559372
DGAT2-DT	-0.83563006
DGCR11	-0.053822033
DGCR5	0.47712108
DGKH	-0.35575622
DHDDS-AS1	-0.5471325
DHDH	-1.4290059
DHFR2	0.9095497
DHFRP3	-0.21753678
DHH	0.37821063
DHRS13	1.2230172
DHRS4-AS1	0.09011036
DHRS7C	0.44173312
DHRSX	0.35774523
DHX33	0.65950257
DHX36	-0.437573
DHX37	0.6812199
DIAPH1-AS1	-0.56590366
DIAPH3	-0.6145897
DIAPH3-AS1	0.8220411
DICER1-AS1	-1.2881368
DIO2-AS1	-0.044731498
DIO3OS	-0.712069
DIP2A	0.66284007
DIP2B	0.35862362
DIP2C-AS1	-1.335412
DIP2C-AS2	0.02403678
DIPK1A	0.14649434
DIPK1B	1.5908842
DIPK1C	0.051032618
DIPK2A	-1.5231198
DIRAS1	0.04869689
DIRC1	0.42125803
DIRC3	0.07959181
DIS3L	0.12859237
DIS3L2	0.88022196
DISP1	0.057444096
DISP2	0.85602725
DISP3	-0.1042471
DKFZP434A062	-0.43997288
DKFZp434L192	0.24517316
DKFZp451B082	0.52010477
DLEU2	0.77058345
DLEU7-AS1	-0.03589648
DLG1-AS1	-0.6368096
DLG3-AS1	-0.14046624
DLG5-AS1	0.05677128
DLGAP1-AS1	-0.5736075
DLGAP1-AS3	-0.4792959
DLGAP3	0.21945348
DLGAP4-AS1	-0.14160264
DLL1	1.4531251
DLL4	1.1995893
DLX1	-0.1585699
DLX3	0.5147122
DMAC1	-0.08003947
DMAP1	0.5610062
DMBX1	0.48835206
DMGDH	-1.8197198
DMKN	-0.49428502
DMRT2	-1.5731788
DMRT3	0.6208365
DMRTA1	-0.8974334
DMRTA2	0.091578014
DMRTB1	-0.55904144
DMRTC2	0.28889495
DMTF1-AS1	0.09457277
DMXL2	0.05935967
DNAAF10	0.100072905
DNAAF3	0.37997526
DNAAF4	-0.51623094
DNAAF6	-0.6858497
DNAAF9	-0.030399859
DNAH1	-0.2506261
DNAH10	0.07814813
DNAH11	0.29538137
DNAH12	-0.4691716
DNAH14	-0.623693
DNAH17-AS1	-0.32864493
DNAH2	0.17671564
DNAH5	-0.8434961
DNAH6	-1.7008444
DNAH8	0.7529286
DNAI3	-0.36758995
DNAJA4	-0.49439517
DNAJB11	1.0708373
DNAJB13	-0.083681375
DNAJB7	0.5471378
DNAJB8	0.4252954
DNAJB8-AS1	-0.1648086
DNAJC14	0.32056168
DNAJC18	0.5228091
DNAJC19	-0.6415884
DNAJC21	0.052099854
DNAJC25	-0.39810362
DNAJC27	-0.711102
DNAJC27-AS1	-0.29462194
DNAJC3-DT	0.23202252
DNAJC30	0.6006743
DNAJC5	1.7008514
DNAJC5B	0.103753895
DNAJC5G	-0.21264774
DNAJC9	0.52275425
DNAJC9-AS1	-0.3097117
DNAL1	-0.954556
DNER	-0.665185
DNHD1	-0.003970802
DNLZ	0.6134158
DNM1P35	-1.2840259
DNM1P46	-0.060835317
DNM3OS	0.16452295
DNMBP	0.5998031
DNTTIP1	0.1632421
DOC2B	0.79175645
DOCK11	0.471525
DOCK4-AS1	-1.1199052
DOCK7	-0.9918531
DOCK8	0.48017883
DOCK8-AS1	-0.9392973
DOK6	-0.39770967
DOK7	-0.17389077
DORIP1	0.48826998
DPCD	-0.5843564
DPH3	0.8484105
DPH3P1	0.873878
DPH5-DT	0.76302314
DPH6	-0.89116395
DPH6-DT	0.08029405
DPH7	0.761266
DPP10	0.1056999
DPP10-AS1	0.10793186
DPP10-AS3	0.8208684
DPP3-DT	-0.083746046
DPP7	1.2342272
DPP9	1.0603535
DPPA2	0.057684794
DPPA5	-0.2577022
DPY19L1P1	-0.4665053
DPY19L2	-0.6273303
DPY19L2P3	-0.1288495
DPY19L3	-0.15119529
DPY19L3-DT	-0.36037958
DPY30	-0.4108485
DPYSL5	0.91498446
DQX1	-0.25114504
DRAIC	-1.1171155
DRAM2	0.13054982
DRAXIN	-0.09862935
DRC1	-0.1983004
DRC10	-0.35363922
DRC12	0.37469798
DRC2	0.2876331
DRC5	0.09871736
DRC7	-0.34112257
DSCAM-AS1	-0.4826656
DSCAML1	-0.25430194
DSCR10	-0.53085256
DSCR8	0.5437852
DSCR9	-0.00082045794
DSEL	-1.0062253
DSG2	-0.31855926
DSG2-AS1	-0.5627719
DSP-AS1	-0.00066167116
DSTNP2	0.08888395
DTD1	0.105613865
DTD1-AS1	-0.29300398
DTD2	-0.060553685
DTHD1	0.02298157
DTNBP1	-0.63439214
DTWD2	-0.3832612
DTX1	0.4448219
DTX2P1-UPK3BP1-PMS2P11	1.2115239
DTX3L	1.903017
DUBR	0.1871152
DUOXA1	0.2287966
DUOXA2	0.12444718
DUS3L	0.9670577
DUSP15	-0.81312656
DUSP16	-1.0058541
DUSP18	0.14666346
DUSP19	0.7446174
DUSP23	-0.013597351
DUSP28	-0.018284451
DYDC1	0.14787912
DYDC2	-0.3094288
DYM	0.027744591
DYNC1I2	-0.23498014
DYNC2I2	0.12418218
DYNLL2	0.062065646
DYNLRB2	-0.30450478
DYNLT2	-0.029548734
DYNLT2B	-0.50891
DYNLT5	0.30874386
DZIP1L	-1.1209124
E2F7	1.2098413
EAF1	0.031473666
EARS2	-0.1525054
EBF1	1.3668135
EBF3	0.41239095
EBF4	0.7765146
EBLN3P	-1.256289
ECI2-DT	-0.06769377
ECRG4	0.5782925
ECSCR	1.6086864
EDARADD	-1.0384734
EDDM13	0.42203128
EDNRB-AS1	0.20848238
EDRF1-DT	0.21961975
EEF1AKMT1	-0.35529733
EEF1AKMT2	-0.57253844
EEF2K	1.1515019
EEFSEC	0.20225294
EEIG2	1.7164737
EEPD1	0.32655874
EFCAB12	0.43955344
EFCAB13	-1.2715024
EFCAB13-DT	-1.8503072
EFCAB5	-0.13443446
EFCAB7	-0.53739667
EFHB	0.02629897
EFR3B	0.6934882
EFTUD2	1.0354939
EGFEM1P	-0.4259855
EGFLAM	0.22853297
EGFLAM-AS2	0.29142946
EGFLAM-AS4	0.3808425
EGOT	-1.7625859
EID2	-0.18121901
EID2B	0.016960416
EID3	-0.835427
EIF1AD	0.4916761
EIF1B-AS1	-0.27693602
EIF2A	-0.5372524
EIF2AK3-AS1	-0.60913604
EIF2AK3-DT	-0.34050888
EIF2AK4	0.9389173
EIF2S3	-0.4025073
EIF3J-DT	0.2149615
EIF4E3	0.3561706
ELAPOR1	-0.063313484
ELAPOR2	-0.36099103
ELFN1	0.934605
ELFN1-AS1	-0.070072964
ELFN2	0.4821633
ELMOD1	-1.340099
ELMOD2	-0.21251625
ELMOD3	0.16197862
ELOA-AS1	-0.58589655
ELOF1	0.14440945
ELOVL2-AS1	0.18268332
ELOVL3	0.3859283
ELOVL7	-0.12495975
ELP2	-0.17483404
ELP6	0.5968934
EMB	0.7338682
EMC10	1.3491545
EMC3-AS1	-0.16626257
EMC4	-0.10995519
EME1	0.47027564
EMILIN2	1.4378983
EMILIN3	-0.32328382
EML2-AS1	0.52619123
EML5	-0.8752134
EML6	0.030278753
EMSLR	-0.42324275
EMX2OS	-1.0442607
ENAM	-0.14617196
ENDOV	0.07798255
ENHO	0.63940555
ENKD1	-0.1822058
ENKUR	-0.45299792
ENO1-AS1	-0.24962345
ENPP3	-1.864873
ENPP5	-0.2281856
ENPP6	-1.642272
ENPP7	0.24432148
ENTHD1	-0.24013826
ENTREP2	0.10014694
EOLA1-DT	-0.4412433
EOLA2-DT	-1.0759225
EOMES	0.8119646
EP300-AS1	0.28796214
EPB41L4A-AS1	-0.80451906
EPC1	-1.3521686
EPC2	-0.005208671
EPCAM-DT	0.03319811
EPCIP-AS1	0.27449816
EPDR1	0.2882052
EPG5	0.22464478
EPHA10	-0.25655606
EPHA2-AS1	0.68544894
EPHA5-AS1	-0.1712607
EPHA6	-0.4053815
EPHA8	-0.8727272
EPHX4	0.38268277
EPIC1	0.42357904
EPIST	-0.084810235
EPM2A-DT	-1.1934433
EPN2-AS1	-0.7027291
EPN2-IT1	-0.38934848
EPOP	-0.3776038
EPPK1	-0.9799861
EPSTI1	0.3234823
EPX	-0.3912549
EQTN	-0.0629134
ERC2-IT1	-0.31922257
ERCC6L2	-0.48241422
ERCC6L2-AS1	-1.0767494
ERFE	0.2490055
ERGIC1	1.145491
ERI1	0.1774782
ERI2	-1.7162344
ERICH1	0.02626548
ERICH2-DT	0.29705596
ERICH3	0.34282154
ERICH3-AS1	0.4805174
ERICH4	-0.9505879
ERICH5	-0.39773744
ERICH6	-0.26868346
ERLEC1	0.71916884
ERLN	-1.3612251
ERLNC1	-0.61098886
ERMARD	-0.35755336
ERMN	0.46156698
ERP27	-1.0361086
ERRFI1	-2.718624
ERVFRD-1	0.14222918
ERVK13-1	-0.31478283
ERVMER34-1	-0.87139577
ERVV-1	0.24390757
ERVW-1	-0.20730907
ESAM	2.8370218
ESCO1	-1.5523713
ESCO2	-0.056497686
ESM1	-2.2576628
ESPN	-1.1868378
ESPNL	0.14947693
ESRG	-0.39480087
ESRRB	-0.43499643
ESX1	0.12682506
ESYT2	-0.15678367
ESYT3	-0.5173428
ETFBKMT	-0.09212428
ETFRF1	0.032374322
ETS1-AS1	-0.66864705
EVA1A	-1.5422657
EVA1A-AS	-0.96615285
EVA1C	-0.36512923
EVC2	-0.95591784
EVI5L	0.121555544
EWSAT1	0.06886956
EXD1	-0.14288236
EXD3	-0.15702753
EXOC3-AS1	-0.3468424
EXOC3L1	0.8391535
EXOC3L2	2.691248
EXOC3L4	0.2974992
EXOC4	0.45438462
EXOC6	-0.3373184
EXOC6B	-0.19959332
EXOC8	0.65581393
EXOSC1	0.4122361
EXOSC3	0.06310831
EXOSC6	0.60484815
EYS	-0.5525289
EZHIP	-0.4135526
FAAH2	-0.74602574
FAAP20	0.8362063
FAHD1	-0.52518225
FAM107B	-1.2458812
FAM110A	2.4795096
FAM110C	-1.4998137
FAM111A-DT	-0.07657334
FAM111B	0.3435642
FAM114A1	1.647099
FAM117B	-0.118178695
FAM120AOS	0.75203913
FAM120B	0.096965164
FAM124A	-0.23025277
FAM131B-AS2	0.41456825
FAM133A	0.49675494
FAM135B	-0.4751351
FAM13A-AS1	-1.0314667
FAM13C	0.37682635
FAM149B1	-0.5162696
FAM151A	-1.5530936
FAM161A	0.020759165
FAM161B	-0.027145803
FAM162B	0.5693923
FAM163B	-0.0406989
FAM167A	-0.0005727932
FAM167A-AS1	-0.12334498
FAM167B	1.3593965
FAM168A	0.43381017
FAM169A	-0.14484735
FAM169BP	-0.818901
FAM170A	-0.4392647
FAM170B	-0.07494858
FAM170B-AS1	0.5561344
FAM171A2	0.32880384
FAM171B	0.8867599
FAM174A	-0.1985794
FAM177A1	0.39088058
FAM178B	0.6349548
FAM181A	-0.5161402
FAM181A-AS1	0.08386196
FAM181B	0.33456433
FAM184B	0.85197544
FAM185A	-0.549134
FAM186A	0.12277646
FAM186B	-0.20453742
FAM187B	0.5564413
FAM194C	0.033263035
FAM199X	-1.527739
FAM201A	-0.7798382
FAM209A	-0.07668397
FAM209B	0.2681359
FAM20A	-0.41522557
FAM20C	1.0428152
FAM216B	-0.19160008
FAM217A	-0.2057033
FAM217B	0.5280645
FAM218A	-0.32545322
FAM219A	1.2720861
FAM219B	1.0565214
FAM220A	-0.18762487
FAM221A	-1.2186933
FAM221B	0.13495186
FAM222A	-0.37675604
FAM222A-AS1	-0.15091917
FAM225A	0.043775253
FAM227B	-0.34601623
FAM228A	0.29160583
FAM228B	-0.89304656
FAM229A	0.037618823
FAM229B	0.16051035
FAM234A	2.0438976
FAM238B	0.8228633
FAM238C	-0.31625062
FAM240C	-0.34786487
FAM241A	1.7878752
FAM241B	-0.66982144
FAM24A	0.777467
FAM24B	-1.0169792
FAM3B	-0.19442338
FAM3D	-0.89614147
FAM43A	-0.7283197
FAM43B	0.25592828
FAM47A	0.3902741
FAM47B	-0.36535245
FAM47C	-0.44646698
FAM53A	0.020231783
FAM53B-AS1	-1.3770287
FAM66C	-0.093118474
FAM76B	-0.25685668
FAM78A	1.2799797
FAM81A	0.23334578
FAM81B	-1.0241739
FAM86B3P	0.14839613
FAM89A	0.31986487
FAM91A1	-0.27525285
FAM95A	-0.16485628
FAM99B	-0.1550774
FAM9A	0.44780695
FAM9B	-0.17226195
FAM9C	0.51636237
FANCB	0.2192695
FANCD2	0.9187018
FANCD2OS	-0.64152753
FANCM	-0.6473582
FANK1	-0.3605639
FAR1	0.056658626
FAR2-AS1	-0.19842525
FARS2-AS1	0.20555618
FARSB	-0.21302412
FAS-AS1	0.14905542
FAT3	0.55946267
FAT4	-0.33212987
FATE1	-0.021132495
FAXC	0.39886972
FBH1	0.2863704
FBLIM1	2.5081406
FBLL1	0.6881138
FBLN7	-0.17974731
FBN3	0.177821
FBRSL1	0.7316823
FBXL13	0.34598637
FBXL14	0.10122383
FBXL16	0.173049
FBXL17	-0.87440825
FBXL18	0.43302304
FBXL19	0.6057005
FBXL19-AS1	0.2777418
FBXL20	0.48362696
FBXL21P	0.21158127
FBXL22	0.19806492
FBXL3	-0.7130085
FBXL7-AS1	-0.25143993
FBXL9P	1.0577844
FBXO10	0.9602232
FBXO15	-0.7989521
FBXO16	-0.26604778
FBXO25	0.33098203
FBXO27	-0.6547804
FBXO30	-0.97581375
FBXO31	0.6263858
FBXO32	-0.51093215
FBXO33	-0.6143618
FBXO36	-0.15297693
FBXO38-DT	-0.827822
FBXO39	0.36464536
FBXO4	-0.5537287
FBXO43	0.21753043
FBXO44	0.47729266
FBXO45	0.52793884
FBXO6	0.27069888
FBXO8	-0.30353323
FBXW4P1	0.2263779
FBXW5	1.4417475
FBXW9	0.17065299
FCAMR	-1.1640944
FCHO2	-0.4145732
FCHSD1	-0.031130198
FCRL1	0.4224569
FCRL3	0.5517793
FCRL4	-0.01220955
FCRL5	0.3145019
FCRLA	0.088503055
FCRLB	0.2976356
FCSK	0.30618826
FDCSP	0.020189166
FDX2	1.1728336
FDXACB1	0.41377386
FEM1A	0.23227349
FENDRR	-0.11826318
FER1L5	0.3639493
FER1L6-AS1	0.38534892
FERD3L	0.031599693
FERMT3	2.5028396
FFAR1	0.30358392
FFAR4	0.43651903
FGD2	0.93420947
FGD3	0.77457005
FGD4	-1.1183122
FGD5	2.1408863
FGD5-AS1	0.50879323
FGF10	0.1493396
FGF10-AS1	0.02266018
FGF11	0.0203498
FGF13-AS1	-0.23879324
FGF14-AS2	-0.748579
FGF14-IT1	-0.4454245
FGF19	-0.34382322
FGF4	0.0006991923
FGFBP2	0.16000766
FGFBP3	-0.6514711
FGFR1OP2	-0.7251214
FGFRL1	0.25162506
FHAD1	0.12180052
FHAD1-AS1	-0.44305655
FHDC1	-0.30516547
FHDC1-AS1	0.2521302
FHIP1A	-1.0021448
FHIP1B	-0.8702084
FHIP2A	-0.2171106
FHL1P1	-0.8344711
FIBCD1	0.19937868
FIBIN	1.0477083
FIGLA	0.015219305
FIGN	0.36575785
FIGNL1	-0.19947964
FILIP1	-0.075466976
FILNC1	-0.6697688
FIMP1	-0.053943425
FIRRE	0.4844934
FITM1	-0.13366796
FITM2	1.0356802
FIZ1	0.47184345
FKBP7	0.45142615
FKSG29	-0.76167583
FLACC1	-0.7550055
FLCN	-0.065579176
FLG2	-0.3461179
FLJ16779	0.65880513
FLJ20712	-0.13682085
FLJ30679	0.43766874
FLJ32255	0.64981604
FLJ37201	-0.27125522
FLJ38576	-0.42461118
FLJ40288	0.09071041
FLJ45513	-0.7718298
FLRT2-AS1	-0.034666806
FLT1	0.6531538
FLVCR1	-1.1198001
FLVCR1-DT	-0.1608736
FLYWCH1	0.738361
FLYWCH2	0.71536887
FMC1	-1.0433736
FMN1	-0.14147997
FMN2	-1.7058417
FMNL2	0.2319612
FMNL3	2.4141088
FMO9P	0.53538394
FMR1NB	-0.06715098
FNDC1	1.3357987
FNDC10	0.9037881
FNDC5	0.16383764
FNDC7	0.33452362
FNDC9	-0.17969608
FNIP1	-0.7063433
FNIP2	-0.15857047
FOSL2-AS1	-0.2111174
FOXA3	0.38960338
FOXC1	0.47640067
FOXCUT	-0.51722515
FOXD2-AS1	0.5587829
FOXD3-AS1	0.5114547
FOXK1	1.8904454
FOXN3-AS1	0.083641514
FOXN3-AS2	0.5900742
FOXN3-AS3	-0.5418246
FOXN4	0.20611286
FOXO6	-0.16206877
FOXP1	0.4339543
FOXP2	-0.83053935
FOXP4	-0.106545866
FOXP4-AS1	0.0795418
FOXQ1	-0.9832619
FOXR1	0.277644
FOXR2	0.38498825
FOXRED1	0.18148074
FOXS1	1.9038696
FRA10AC1	-0.67011535
FRAS1	-1.4847728
FREM1	-0.311042
FREM2	-1.614072
FREM3	0.50287765
FREY1	0.13832226
FRG1GP	0.14313656
FRMD3	-1.0378155
FRMD5	0.70479393
FRMD6	0.60030365
FRMD6-AS1	0.07628626
FRMD7	-0.81103724
FRMD8	0.56867254
FRMD8P1	0.4346868
FRMPD3	0.13667236
FRMPD4	-0.60895
FRRS1L	0.35547465
FRY-AS1	-0.14290899
FRYL	-0.008068621
FSAF1	-0.07092595
FSCB	0.11781147
FSD1L	-1.0100136
FSD2	-0.050828487
FSIP1	-0.63516694
FSIP2	-1.5953441
FSIP2-AS2	-0.26742908
FSTL5	0.30432665
FSTL5-AS1	-0.37809598
FTCDNL1	-0.068985224
FTHL17	0.2692654
FUCA2	0.19693509
FUNDC1	0.3744583
FUOM	-0.4910118
FUT2BP	0.052640304
FUT8-AS1	0.46721584
FXYD4	-0.872234
FYB2	-0.5685444
FYTTD1	0.5762787
FZD10-AS1	0.07844795
FZD4-DT	-0.9456291
G2E3	-0.39487666
GAB3	0.9010967
GAB4	0.20708436
GABARAPL3	-0.75556904
GABPB1-AS1	-0.25386357
GABPB1-IT1	-0.8530903
GABRG1	0.17442328
GABRG3-AS1	0.0105798915
GABRR3	-0.25599578
GAL3ST2	0.70744216
GAL3ST3	0.08428793
GALM	-1.5472066
GALNT12	0.13775219
GALNT13	-0.26132464
GALNT15	0.3967377
GALNT16	0.34106418
GALNT17	-0.04804685
GALNT18	0.084184766
GALNT5	0.14955781
GALNT9	-0.24237621
GALNTL5	0.5428145
GALP	0.36468482
GANC	-0.8251068
GAPLINC	0.15922812
GAPT	0.25403103
GAREM2	0.2371563
GARIN1A	-0.2200993
GARIN1B	0.10062262
GARIN2	-0.3307627
GARIN3	0.076344416
GARIN4	0.22436658
GARIN5A	0.3118199
GARIN5B	-0.44160622
GARIN6	-0.17664787
GARNL3	0.0907878
GARS1-DT	0.17991945
GAS1RR	-0.38687715
GAS2L2	-0.38139823
GAS2L3	-0.1265039
GAS5-AS1	0.030304058
GAS6-AS1	0.46706122
GASK1A	-0.07329911
GATA3-AS1	1.3221662
GATA5	1.6219484
GATA6-AS1	0.010816593
GATAD2B	1.5648701
GATC	-0.024422653
GATD1	1.211067
GATD1-DT	0.20361775
GAU1	-0.44299534
GBA2	0.107465714
GBGT1	0.82213336
GBP1P1	0.6198807
GBP3	0.8534379
GBP4	1.1218427
GBP5	0.6035583
GBP6	0.09211913
GCC2-AS1	-0.5208143
GCGR	0.19926648
GCNA	-0.8525593
GCNT7	-0.032990415
GCSAM	-0.4577235
GCSAML	0.37346146
GCSAML-AS1	0.6201335
GCSIR	0.34671178
GDA	-0.43182456
GDPD1	0.3994187
GEMIN5	0.2862152
GEN1	0.23009804
GET4	-0.19965106
GFM1	-0.124728814
GFM2	-0.06466322
GGACT	-2.0914216
GGN	0.46492213
GGT6	-1.197664
GGT7	-0.07982992
GGTA1	1.4983566
GHDC	0.110917956
GHRL	0.83314645
GHRLOS	-0.5190595
GIGYF1	-0.43819666
GIHCG	-1.1024896
GIMAP1	1.9541924
GIMAP2	0.51996315
GIMAP7	1.614768
GIMAP8	1.3531724
GINM1	0.1389435
GINS1	-0.029447813
GIPC3	1.584517
GIRGL	-1.6693283
GJA10	0.57011795
GJB2	-1.0121086
GJB4	-0.2848138
GJB6	0.2995018
GJD3	1.9822967
GJD4	-0.15016893
GK5	-0.21923733
GKAP1	-1.8423941
GKN2	-0.33088565
GLB1L3	-0.44549993
GLCCI1	-0.4631054
GLDN	0.7289195
GLI4	0.6191004
GLIPR1L1	-0.6805318
GLIPR2	1.0559255
GLIS1	-0.5858396
GLIS2	1.1768748
GLIS3	-0.5460174
GLIS3-AS1	-0.17438114
GLMP	1.0516429
GLOD5	-1.1091757
GLT1D1	-0.05997873
GLTPD2	-1.051441
GLYATL1	-1.6559603
GLYATL1-AS1	-0.07744661
GLYATL2	-0.26692474
GLYCTK	-0.7516705
GMNC	-0.28842908
GNA14-AS1	0.17135115
GNAO1-AS1	-0.59499544
GNAO1-DT	0.4093384
GNAS-AS1	-0.43662658
GNB4	2.0557468
GNG2	2.439806
GNG8	0.25462475
GNGT2	1.6284903
GNPDA2	-0.73940253
GNPNAT1	0.17804493
GNPTG	1.857676
GOLGA6L2	0.3075347
GOLGA7B	0.44462514
GOLM2	0.08151286
GOLT1A	-0.94260144
GON4L	-0.28684738
GON7	-0.3673876
GOPC	-0.49276754
GORAB	-0.09107754
GOT1L1	0.29588422
GPAM	0.36524585
GPANK1	0.65878755
GPAT3	-1.5001526
GPAT4	1.2988458
GPATCH11	-0.087287225
GPATCH4	0.88557565
GPBAR1	1.2060206
GPBP1	-1.0397999
GPC1-AS1	-0.16853717
GPC2	0.21385868
GPC6	1.1167045
GPCPD1	-0.702894
GPHA2	0.05877024
GPHB5	0.19634692
GPIHBP1	-0.30346787
GPM6A-AS1	0.21693453
GPR101	0.6632855
GPR108	0.7344147
GPR137C	0.57808024
GPR146	1.2735401
GPR153	0.8422024
GPR155	-1.3165758
GPR156	-0.2386024
GPR158	0.5082077
GPR15LG	0.0056689233
GPR160	-0.5530001
GPR174	0.40525547
GPR176-DT	0.32525584
GPR180	0.1438864
GPR199P	-0.5093492
GPR26	0.15026361
GPR34	0.4645875
GPR55	-0.31966656
GPR61	-0.1621894
GPR62	0.1669051
GPR78	0.47186607
GPR82	0.7270656
GPR83	0.31096947
GPR84	0.8482791
GPRC5D-AS1	-0.47784418
GPRC6A	-0.35770863
GPRIN1	0.14666255
GPRIN2	-0.12427172
GPRIN3	1.1733181
GPSM1	0.027532727
GPT2	-1.3159925
GPX8	1.0658102
GRAMD1A	1.4457755
GRAMD1B	-1.3095151
GRAMD2A	-0.58388513
GRASLND	0.8285864
GREP1	0.365439
GRHL1	0.23752308
GRHL3	0.25966966
GRID1	-0.18500866
GRID1-AS1	-0.8075592
GRIK1-AS1	-1.2185724
GRIK1-AS2	-0.7290709
GRIK2	-0.046979524
GRIN3A	0.22031006
GRIN3B	0.2074587
GRIP2	1.4260331
GRIPAP1	-0.15209001
GRK1	0.32163793
GRM8-AS1	0.14969787
GRPEL2	-0.106388904
GS1-24F4.2	-0.1541645
GS1-279B7.1	0.02682633
GS1-600G8.3	0.058262825
GSAP	-0.60088134
GSC	0.9352356
GSDMC	0.12561429
GSEC	0.4632067
GSG1L	0.42725736
GSKIP	0.042285882
GSN-AS1	-1.1573141
GSTCD-AS1	-0.9917287
GSTO2	-0.8950777
GSX1	-0.28264028
GSX2	0.010409921
GTF2A1-AS1	1.1884983
GTF2H3	0.08957132
GTF3A	0.1435025
GTF3C2-AS1	-0.6069943
GTPBP10	-0.841364
GTPBP6	0.56771237
GTSE1-DT	0.5199749
GTSF1	0.20725611
GTSF1L	-0.4330092
GUCA1C	-0.017989088
GUCD1	-0.28272074
GUSBP1	0.17994365
GUSBP11	-0.2689581
GUSBP5	-0.33580697
GVQW3	-0.13143744
GXYLT1	-0.18510628
GXYLT2	1.7337269
GZF1	0.5188115
H1-6	0.043798454
H1-7	0.11941502
H1-8	0.18743417
H1-9P	0.34985846
H19	0.6544622
H2BC1	-0.22147225
H2BW2	0.11698689
HACD4	-0.002416432
HACE1	-0.9721563
HACL1	-1.2216458
HAGHL	-0.12350913
HAGLR	-0.26714143
HAPLN3	0.9498808
HAPLN4	0.52533567
HAPSTR1	-1.4763776
HAR1A	0.27510262
HARBI1	0.096803166
HAS3	0.7286808
HASPIN	0.08049972
HAUS1	0.2138674
HAUS8	0.41261688
HAVCR2	0.015235592
HBM	0.60079116
HCAR1	0.8174681
HCCAT5	0.6734328
HCG11	1.3534408
HCG18	-0.3851283
HCG22	0.3482538
HCG27	-0.17991626
HCN1	0.3984944
HCN3	-0.4400802
HCST	2.067905
HDAC10	0.33726117
HDAC4-AS1	-0.3698281
HDAC8	-0.20989916
HDDC3	0.0973427
HDGFL2	0.662884
HDHD2	0.39869282
HDHD5-AS1	0.08855304
HDIP1	-0.53264046
HDX	0.66583514
HEATR3	0.8971717
HEATR4	-0.099111125
HEATR5A	0.24393947
HEATR5A-DT	-0.08371672
HEATR5B	-0.29731035
HEATR9	-0.18203212
HECTD1	-0.9012103
HECTD2	-0.73721135
HECTD4	-0.11636033
HECW2	0.6749273
HECW2-AS1	0.8314644
HEIH	0.7191993
HELB	-0.42699406
HELLS	0.8709019
HELQ	-0.6556051
HELZ2	0.9167658
HEMGN	-0.3691427
HENMT1	1.2455454
HEPACAM	-0.12944491
HEPACAM2	-0.9673461
HERPUD2	-0.242956
HES4	0.93216413
HES5	1.0282178
HES6	-0.09335428
HES7	0.1872132
HEXD	0.66603386
HEXIM2	0.2117982
HFM1	-0.52690595
HGC6.3	0.03993021
HGD	-2.0621684
HGH1	0.334296
HHATL	1.0899507
HHIP	0.33325908
HHIP-AS1	0.10257195
HHIPL1	0.093742706
HIBADH	-1.1857144
HID1	1.6943064
HINT2	-0.7247697
HINT3	0.13080317
HIP1R	-0.42724457
HIPK1-AS1	-0.45186904
HIPK4	0.7001399
HJV	-0.046659738
HLA-F-AS1	0.2360006
HLA-J	0.7769855
HLMR1	-0.42279437
HM13	1.3507996
HMCN1	0.32512927
HMCN2	-0.017103553
HMGB1	-1.1060497
HMGB4	-0.27667314
HMGCLL1	-0.38822034
HMGN3-AS1	-0.42315578
HMGXB3	0.09873375
HMMR-AS1	0.628091
HMX1	-0.4147964
HMX2	-0.039998997
HNF4A-AS1	-0.08667536
HNRNPA3	0.7684624
HNRNPCL1	-0.509135
HNRNPLL	-0.8740102
HOATZ	0.18669139
HOGA1	-0.87836754
HOMEZ	-0.21333303
HOOK3	0.35533136
HORMAD1	-0.17826746
HORMAD2	0.5402749
HOTAIR	1.1182202
HOTAIRM1	-0.80925655
HOTTIP	0.25281867
HOXA-AS2	0.49384853
HOXA-AS3	-0.5178861
HOXA10-AS	0.33176926
HOXA11-AS	1.0613433
HOXA13	1.2751122
HOXB-AS1	0.3838238
HOXB-AS3	0.7007617
HOXB4	-0.14950962
HOXC-AS3	-0.31084725
HOXC12	-0.6526736
HOXC9	1.5565617
HOXD-AS2	0.29225647
HOXD4	0.7888354
HOXD8	-0.47245955
HPDL	-0.32688114
HPS1-AS1	-1.1012609
HPS3	0.20732252
HPYR1	0.3514148
HRCT1	-0.19803327
HS3ST4	-0.15714331
HS3ST5	-0.0183319
HS3ST6	-0.17593454
HS6ST2	-0.45344928
HS6ST3	-0.051828414
HSBP1L1	-0.8079633
HSCB	0.029012032
HSD11B1-AS1	-1.1170515
HSD11B1L	0.6475147
HSD3B7	-0.18562795
HSDL1	0.86174816
HSF5	0.59084225
HSH2D	0.13008985
HSPA12B	1.5685167
HSPA2-AS1	-0.36701018
HSPB9	0.051847324
HTR3C	0.061721787
HTR6	0.20842549
HTRA3	0.37515232
HTRA4	-0.16303185
HUS1B	-0.18127783
HVCN1	1.2799312
HYAL6P	0.11665107
HYCC1	0.019439697
HYCC2	-1.4032805
HYKK	-0.20509714
HYLS1	0.41392368
IAH1	0.11649084
IBA57	1.2274796
IBA57-DT	-0.042953342
ICA1-AS1	0.49332485
ICA1L	-0.7783848
ICMT-DT	-0.56457853
ID2-AS1	0.17632389
IDH1-AS1	-0.12653004
IDI2	0.552686
IDNK	-1.8841825
IDO2	0.10087816
IER3IP1	0.112487584
IER5L	0.97248966
IFFO2	-0.24602413
IFI27L1	0.92795753
IFI27L2	0.8127196
IFITM10	0.3249477
IFNE	-0.10583532
IFNK	-0.6654093
IFNL1	0.07806988
IFNL2	-0.33929566
IFNLR1	-0.67940456
IFT172	-0.1590663
IFT43	-0.21387719
IFT70B	-0.07208526
IFT80	-0.6906191
IFTAP	-0.48658615
IGDCC3	-0.8914908
IGDCC4	0.9301021
IGF1R	-1.2190104
IGF2BP1	0.13201976
IGF2BP2	-0.68459284
IGF2BP2-AS1	-0.56685615
IGFBP7-AS1	-0.43116415
IGFBPL1	-0.55454403
IGFL1	0.20138356
IGFL2	-0.09916796
IGFN1	-0.027882103
IGHV1-46	0.12868086
IGHV3-7	0.018464625
IGHV4-28	0.45246726
IGIP	0.44221926
IGLON5	-0.045166798
IGLV3-1	0.07755396
IGLV4-3	-0.6598301
IGLV5-45	-0.032242805
IGLV7-43	-0.1551314
IGLV9-49	0.09200335
IGSF10	-1.0104969
IGSF11	-1.1429037
IGSF11-AS1	0.02203551
IGSF21	1.490336
IGSF22	-0.26508266
IGSF5	-0.44253278
IGSF8	-0.16136822
IGSF9	0.22952758
IHH	-0.78177285
IHO1	0.59316325
IKBIP	1.1211634
IKBKB-DT	-0.37340808
IL10RB-DT	1.5156208
IL12A-AS1	0.4612851
IL17C	-0.19704884
IL17D	0.85871893
IL17F	0.083862394
IL17RD	-0.089841284
IL17RE	0.21622416
IL18BP	1.7362666
IL1F10	-0.71022147
IL20	-0.8778838
IL20RB	-0.24580449
IL21R-AS1	0.11028567
IL22RA2	-0.17934941
IL23R	0.32102534
IL27	-0.07248044
IL31RA	-0.076538056
IL34	0.23344451
IL36B	-0.038675517
IL3RA	1.3954141
IL4I1	0.7128093
IL6R-AS1	-0.5546724
IL6ST-DT	0.07521225
ILDR1	-0.4146487
ILDR2	0.64480436
ILF3-DT	-0.3441198
ILRUN-AS1	-0.37756076
IMMP1L	-0.121495664
IMMP2L	-1.1972616
INAFM1	1.1087672
INAFM2	2.367292
ING5	0.14858931
INGX	-0.1319583
INHBA-AS1	-1.0876309
INIP	0.22120583
INKA1	1.8621097
INKA2-AS1	-0.015935332
INMT	1.6730669
INO80	0.101298966
INO80C	0.307077
INO80E	0.37529558
INSC	0.21253574
INSM2	-0.69117963
INSYN1	-0.61628467
INSYN2A	-0.81490844
INTS10	-0.41762885
INTS2	0.17403588
INTS4	0.1302026
INTS6-AS1	-0.69426
INTS6L	-0.29612547
INTU	-0.7728686
IP6K3	-2.805881
IPMK	0.31557488
IPO5P1	0.086255945
IPO7	-0.63403714
IPO9	1.0464914
IQCF1	-0.16141519
IQCF2	0.28725618
IQCF3	-0.044722434
IQCF4P	0.3397082
IQCF5	0.043752044
IQCF5-AS1	0.5525656
IQCF6	0.14826222
IQCH-AS1	-0.18678805
IQCM	-0.6033232
IQCN	-1.1551924
IQGAP2-AS1	-0.748965
IQGAP3	-0.38541025
IQSEC3	0.6504005
IQSEC3-AS3	-0.41002184
IQUB	-1.3929312
IRAG1	1.1926122
IRAG1-AS1	0.08036813
IRAK1BP1	-0.83863336
IRAK2	0.30940008
IREB2	-0.2494544
IRF2BP2	-3.2179573
IRF2BPL	-1.3384161
IRF6	-0.12584955
IRGM	-0.27681482
IRGQ	1.7648927
IRX1	0.96409655
IRX2	0.34223053
IRX3	0.3466434
IRX4-DT	0.34143746
ISCA2	0.48151198
ISL2	0.25912738
ISLR2	0.42669624
ISLR2-AS1	0.53901
ISM1	0.14954469
ISM1-AS1	-0.6497585
ISM2	0.5931086
ISX	-0.1949678
ITGA11	1.738349
ITGAD	0.45833653
ITGB1-DT	0.033347026
ITGB2-AS1	0.66985124
ITGB8-AS1	-0.4843085
ITIH6	-0.64795923
ITLN1	0.70106864
ITPK1-AS1	-0.40869522
ITPKB-IT1	-0.020171806
ITPR1-DT	-0.18084568
ITPR3-AS1	0.09137844
ITPRID1	-0.0636379
ITPRIP	-1.3699914
ITPRIPL1	0.27706593
ITPRIPL2	1.5547222
IWS1	0.41069487
IYD	-1.5383301
IZUMO1	0.2487886
IZUMO2	0.10716896
JADE1	-2.0455768
JAGN1	0.3994066
JAK1	0.3366559
JAKMIP1	-0.08706792
JAKMIP2-AS1	0.70618665
JAKMIP3	-0.3168758
JAML	0.62627405
JARID2-AS1	-0.26936612
JAZF1	0.7550858
JDP2	-0.74637866
JKAMP	-0.37691683
JMJD1C-AS1	0.10781934
JMJD8	0.8019007
JMY	-0.48820812
JOSD2	1.0582361
JPH1	-1.0022068
JRK	1.2177246
JSRP1	-0.38335887
KAAG1	-0.058284707
KANK4	0.7717811
KANSL1	0.5240733
KANSL1-AS1	0.080504574
KANSL1L-AS1	-0.52805865
KASH5	-0.51072633
KAT14	-0.57147086
KATNAL1	-0.07918631
KATNAL2	-0.23566924
KBTBD12	0.17145875
KBTBD3	-0.36667153
KBTBD6	0.32085538
KBTBD7	1.06412
KBTBD8	0.46369243
KCNA6	-0.8194599
KCNA7	-0.06376061
KCNC2	-0.36069155
KCNE3	-0.2183569
KCNE4	0.3187308
KCNG3	-0.41075304
KCNH3	-0.031260706
KCNH5	-0.13502622
KCNH7	-0.078466706
KCNH7-AS1	0.58324003
KCNH8	0.7454771
KCNIP2-AS1	-0.33249825
KCNIP3	-0.8300259
KCNIP4	0.0843454
KCNJ11	-0.27936375
KCNJ2-AS1	0.2058214
KCNJ5-AS1	0.41167954
KCNK16	0.43339565
KCNK17	0.37118322
KCNK4	0.172629
KCNK6	1.548885
KCNK9	0.9367827
KCNMA1-AS1	-0.24003433
KCNQ1OT1	-0.6998286
KCNQ5	0.6857314
KCNRG	-0.49796796
KCNS2	-0.24568817
KCNT1	0.12866677
KCNT2	-1.119489
KCNU1	0.32251406
KCP	0.30851167
KCTD1	0.11474274
KCTD10	1.5942652
KCTD11	0.8606409
KCTD16	0.021335173
KCTD18	-0.19739282
KCTD19	-0.15220657
KCTD21	1.1720945
KCTD4	0.2467849
KCTD6	-1.7152834
KCTD7	1.0176636
KDF1	-0.6025139
KDM1B	0.08334315
KDM2B	0.5301531
KDM7A-DT	0.12218985
KGD4	-0.05819218
KHDC1L	-0.55371505
KHDC3L	-0.38342524
KIAA0087	0.37137327
KIAA0825	-1.0630611
KIAA1191	-1.501642
KIAA1210	0.57877
KIAA1217	0.07299626
KIAA1328	-0.87027013
KIAA1549	-0.3199001
KIAA1549L	0.07519242
KIAA1586	-0.34489202
KIAA1656	-0.899579
KIAA1671	2.162973
KIAA1755	0.43848747
KIAA1958	-0.8132619
KIAA2012	-0.94712365
KIAA2012-AS1	-0.46329218
KIAA2013	0.6768945
KICS2	-1.097809
KIF12	-0.43806106
KIF13A	-0.47850865
KIF18B	0.66446054
KIF19	0.253836
KIF1C-AS1	0.33697158
KIF21A	0.033184707
KIF25-AS1	-0.76471066
KIF26A	0.5847981
KIF2B	-0.42220882
KIF5C	0.26344523
KIF6	-0.29238746
KIF7	0.66311276
KIF9	-0.8746319
KIF9-AS1	0.478895
KIFC2	0.48268014
KIR2DL4	0.6549293
KIR3DX1	-0.4369532
KIRREL2	0.6709342
KIRREL3	0.17204015
KIRREL3-AS2	-0.3220271
KIRREL3-AS3	0.425914
KISS1R	0.31061974
KIZ-AS1	-0.8146038
KLB	0.22993468
KLC3	0.30821747
KLC4	0.28510863
KLF14	0.4873597
KLF16	0.2717697
KLF17	-0.39326456
KLF3-AS1	0.30618387
KLF7	-0.7613969
KLHDC1	-0.9930433
KLHDC7A	-0.8995131
KLHDC7B	0.5378739
KLHDC8B	2.1409729
KLHDC9	-0.18743363
KLHL10	-0.43193597
KLHL13	0.32174253
KLHL14	0.9910106
KLHL15	-1.0394515
KLHL17	0.56425166
KLHL28	0.30649284
KLHL29	0.044699714
KLHL31	0.6068342
KLHL32	-0.8814697
KLHL34	-0.42003605
KLHL35	0.668242
KLHL40	0.22581005
KLHL42	-0.043566257
KLHL5	1.0091358
KLHL6	0.8845591
KLHL8	-1.1750797
KLK4	-0.6011035
KLK9	-0.2726877
KLLN	-0.082852155
KLRK1-AS1	0.31740123
KMT2C	-0.45727077
KMT2E	-0.73191124
KMT2E-AS1	-0.56020653
KMT5A	0.632183
KMT5C	-0.31625935
KNCN	-0.16673246
KNDC1	0.061259475
KNL1	-0.6216687
KNSTRN	0.33255145
KPLCE	0.0025011748
KPNA4	0.09414035
KRABD1	-0.07505447
KRABD2	0.36636972
KRABD3	0.7735224
KREMEN1	-0.3663255
KRT10-AS1	1.113304
KRT19P2	-0.26844177
KRT222	0.098109804
KRT25	0.08837435
KRT27	0.036903612
KRT40	0.21634114
KRT6A	-0.5482242
KRT6C	-0.3290995
KRT71	-0.40397727
KRT72	-0.16666411
KRT73	0.1719949
KRT74	-0.37206295
KRT77	0.5327442
KRT78	0.0046049207
KRT79	-0.2769451
KRT80	0.20338593
KRT82	-0.14616045
KRTAP1-5	-0.36300197
KRTAP10-11	0.0662431
KRTAP11-1	-0.5839293
KRTAP13-1	-0.43161553
KRTAP17-1	0.28295723
KRTAP19-3	0.23936355
KRTAP2-1	-0.30457616
KRTAP2-2	-0.13913381
KRTAP2-3	-0.2752989
KRTAP3-1	0.01286339
KRTAP3-2	0.37247598
KRTAP3-3	-0.35602608
KRTAP4-1	-0.41930005
KRTAP4-11	-0.5248121
KRTAP4-12	-0.04567635
KRTAP4-2	-0.20435046
KRTAP4-3	-0.20019302
KRTAP4-4	0.16326177
KRTAP4-5	-0.5413262
KRTAP4-6	-0.12354752
KRTAP4-7	-0.59091294
KRTAP4-8	0.17280996
KRTAP4-9	-0.009636238
KRTAP5-AS1	-0.15413615
KRTAP7-1	-0.027859747
KRTAP8-1	-0.31643146
KRTAP9-3	0.137377
KRTAP9-4	0.00078914315
KRTAP9-9	-0.2354584
KRTCAP2	0.53706586
KRTCAP3	-0.37749863
KRTDAP	0.10482265
KSR2	-0.20107988
KY	-0.028959587
L3HYPDH	-0.7417773
L3MBTL2	0.9051882
L3MBTL3	-1.1556808
L3MBTL4	-1.1609719
LACC1	0.7165009
LACRT	0.144113
LACTB	-0.5715373
LACTB2-AS1	0.07292429
LAMA1	0.20109288
LAMA4-AS1	-0.502024
LAMA5-AS1	0.2861423
LAMB2P1	0.40431216
LAMTOR1	1.1362586
LAMTOR4	0.48775643
LAMTOR5-AS1	-0.7102736
LARGE-AS1	-0.36947507
LARGE2	-0.54610395
LARP1B	-1.0244874
LARS1	-0.5427804
LASP1NB	0.6648885
LATS2	-0.09499058
LAYN	0.7372196
LBX1-AS1	-0.22404234
LBX2-AS1	0.5413209
LCA5	-0.050610572
LCA5L	-0.6968912
LCDR	0.12823793
LCE1B	-0.23660564
LCE3D	0.1777333
LCLAT1	-0.03910432
LCMT1-AS2	0.1701112
LCMT1P1	0.24006572
LCN10	-0.1455192
LCN12	-0.012150899
LCN15	-0.309427
LCN8	-0.08663803
LCNL1	-0.13774218
LCOR	-0.63359714
LCORL	-0.49893853
LCT-AS1	-0.15441045
LCTL	0.18608929
LDC1P	0.23236093
LDHAL6A	-0.0890397
LDHD	-0.61888003
LDLRAD4-AS1	-0.16519871
LEAP2	-1.8173864
LEF1-AS1	0.3786472
LEISA1	0.34664848
LEKR1	-0.88468474
LELP1	-0.46455738
LEMD1	0.86297816
LEMD1-AS1	-0.22741349
LEMD2	-0.010156035
LENG1	1.0104235
LENG8	0.26827693
LENG9	-0.68827295
LEO1	1.3038633
LERFS	-0.28113613
LETM2	-1.1086121
LETR1	-0.13326673
LGALS12	0.19569682
LGALS3	0.63321865
LGALS8-AS1	0.60373986
LGI3	0.24142595
LGI4	0.2775123
LGR6	0.88111734
LHFPL1	-0.3892279
LHFPL3	-0.38894892
LHFPL3-AS1	0.20837241
LHFPL3-AS2	-1.1953359
LHFPL4	-0.2295332
LHFPL5	-0.17569408
LHX4	-0.4244939
LHX4-AS1	0.09462255
LHX8	-0.100083336
LHX9	0.15672067
LIAT1	0.0297589
LIFR-AS1	-0.050486684
LILRP2	0.1779289
LIMD1-AS1	0.89752734
LIN28B	0.1765271
LIN52	-0.8936658
LIN54	-0.13265109
LIN9	1.1383384
LINC-PINT	-1.1658416
LINC00028	-0.79389584
LINC00029	-0.16196845
LINC00051	0.38574213
LINC00052	-1.0093428
LINC00092	-0.22642747
LINC00102	0.06700613
LINC00112	-0.14143737
LINC00113	-0.3683855
LINC00158	0.294236
LINC00161	-1.218519
LINC00163	0.6098382
LINC00173	-0.21015155
LINC00174	-0.18199125
LINC00184	-0.0093896985
LINC00189	0.0386062
LINC00205	-0.22014518
LINC00208	-0.39878252
LINC00210	-0.016622037
LINC00226	0.14979102
LINC00240	0.09766451
LINC00242	0.11617082
LINC00261	0.25597215
LINC00269	0.13587695
LINC00276	0.21934621
LINC00290	-0.80117923
LINC00293	-0.007950911
LINC00298	-0.18866411
LINC00299	-0.12793712
LINC00301	-1.0228025
LINC00304	-0.18963492
LINC00305	0.4519335
LINC00307	-0.032107577
LINC00308	0.19233957
LINC00309	0.24396819
LINC00310	-0.4351707
LINC00311	-0.3113044
LINC00314	-0.15314396
LINC00317	-0.70573926
LINC00320	-0.58111453
LINC00323	-0.9630908
LINC00324	0.4261688
LINC00326	-0.121822305
LINC00327	-0.20899765
LINC00330	-0.10162637
LINC00339	-0.52630275
LINC00343	0.28717715
LINC00347	0.8177756
LINC00348	-0.302814
LINC00354	-0.0025755453
LINC00358	-0.3172635
LINC00382	-0.7157799
LINC00391	-0.314026
LINC00408	-0.06866778
LINC00410	-0.40474588
LINC00421	-0.100559495
LINC00423	0.04216452
LINC00424	-0.003556341
LINC00437	-0.22736505
LINC00445	-0.49678946
LINC00452	0.35661745
LINC00454	0.018364618
LINC00458	-0.050801933
LINC00460	-0.09736912
LINC00462	0.5956864
LINC00463	-0.10169348
LINC00466	-0.028107792
LINC00467	-0.1761274
LINC00470	-0.53087336
LINC00471	-0.008053951
LINC00473	-2.179923
LINC00475	-0.41423503
LINC00477	-0.02435816
LINC00479	0.007907305
LINC00482	-0.12661791
LINC00485	-0.07716037
LINC00486	0.42840803
LINC00487	0.11643694
LINC00488	-0.2627874
LINC00491	-1.030991
LINC00494	-0.058634102
LINC00507	0.07528808
LINC00513	-1.3768216
LINC00515	-0.669386
LINC00518	-0.5924408
LINC00520	0.0823954
LINC00523	0.32148933
LINC00525	-0.36337954
LINC00526	-1.1689394
LINC00528	0.6114605
LINC00536	-0.280471
LINC00540	0.03631714
LINC00544	-0.5971775
LINC00545	-0.38814676
LINC00550	-0.47307643
LINC00572	-0.40803474
LINC00582	-0.7253257
LINC00587	0.33021748
LINC00588	0.13258836
LINC00589	0.24637052
LINC00592	0.18083172
LINC00593	-0.8656099
LINC00595	-0.55245423
LINC00598	-0.14436015
LINC00605	-0.5420894
LINC00606	-0.2787086
LINC00608	-0.14215566
LINC00612	-0.5850363
LINC00615	0.42356855
LINC00616	-0.33842605
LINC00619	0.23524903
LINC00620	-0.10141845
LINC00626	-0.004876375
LINC00628	-0.7486689
LINC00629	-0.42240998
LINC00630	-0.26055074
LINC00632	0.34171543
LINC00635	-0.19049244
LINC00636	-0.34836447
LINC00639	-0.7932967
LINC00641	-0.47440296
LINC00642	0.42162222
LINC00644	-0.20088002
LINC00645	-0.8362753
LINC00648	-0.26920992
LINC00656	0.55635905
LINC00658	0.26062557
LINC00661	0.1368007
LINC00662	-0.1690661
LINC00663	-0.38769448
LINC00664	-0.085118234
LINC00665	0.4467181
LINC00667	-0.2375446
LINC00668	0.13449647
LINC00671	-1.0674019
LINC00673	-0.23870474
LINC00674	0.9491497
LINC00682	0.744053
LINC00685	0.2441509
LINC00687	-0.1878676
LINC00689	-0.07797128
LINC00690	-0.18805368
LINC00691	0.28084075
LINC00692	0.08402614
LINC00698	-0.024967968
LINC00700	0.44198716
LINC00703	-0.20998383
LINC00705	-0.0021538734
LINC00708	-0.06388177
LINC00710	0.07905938
LINC00824	-0.6136435
LINC00836	0.27610472
LINC00837	-0.26985645
LINC00838	0.52620476
LINC00839	-0.26610154
LINC00844	-0.9389082
LINC00845	-0.12666875
LINC00847	0.93562853
LINC00851	-0.5582973
LINC00852	0.34699756
LINC00853	-1.025224
LINC00856	0.55655617
LINC00858	0.032812744
LINC00862	0.02822415
LINC00865	0.06878406
LINC00867	-0.31992608
LINC00870	0.4569673
LINC00877	0.6207269
LINC00879	-0.18338275
LINC00880	-0.9827668
LINC00881	0.02895052
LINC00886	-1.24359
LINC00896	0.2528252
LINC00899	0.18205208
LINC00900	-0.096481666
LINC00901	0.1903638
LINC00905	0.19216071
LINC00906	-0.027539738
LINC00908	0.07642731
LINC00910	0.3133856
LINC00911	-0.16593842
LINC00917	0.67241085
LINC00919	-0.591011
LINC00920	0.601397
LINC00922	-0.45706195
LINC00923	-0.07982288
LINC00924	-0.12214858
LINC00926	-0.28781763
LINC00927	0.03913918
LINC00928	0.55004776
LINC00929	0.38284075
LINC00930	0.032930188
LINC00933	0.07638229
LINC00934	-0.21814822
LINC00938	-0.60383886
LINC00939	-0.16872123
LINC00942	0.86428976
LINC00943	-0.25994468
LINC00944	0.13207774
LINC00955	0.23426609
LINC00957	-0.1920436
LINC00960	-0.18489131
LINC00963	0.82215214
LINC00964	-1.448843
LINC00967	0.12615371
LINC00968	-0.031985056
LINC00970	-0.39409867
LINC00993	0.3320907
LINC00996	0.66807926
LINC00997	0.30109015
LINC01003	-0.15595561
LINC01004	-0.5902896
LINC01007	-0.31788957
LINC01010	0.99346846
LINC01012	-0.3185804
LINC01013	-0.16656798
LINC01015	-0.015423179
LINC01016	-0.13685751
LINC01018	0.012699187
LINC01019	-0.015502781
LINC01020	-0.7014634
LINC01023	-0.42658338
LINC01029	-0.35348582
LINC01049	-0.5854177
LINC01056	0.20535932
LINC01069	-0.30674016
LINC01082	0.23844934
LINC01085	0.033793166
LINC01087	0.3302349
LINC01088	0.34897852
LINC01089	-0.25174946
LINC01091	-0.24625418
LINC01093	-0.32089055
LINC01094	0.34410712
LINC01095	-0.5672232
LINC01096	-0.12284912
LINC01097	0.24986687
LINC01098	-0.36868966
LINC01101	-0.4325993
LINC01102	-0.3165946
LINC01103	-0.25928754
LINC01104	0.16159192
LINC01107	-0.75681907
LINC01111	0.37248755
LINC01114	0.4509658
LINC01115	0.34524828
LINC01116	1.4157917
LINC01118	-0.18939051
LINC01119	-0.7063705
LINC01120	0.51175785
LINC01122	-0.61549395
LINC01126	-0.24154106
LINC01128	1.0071144
LINC01133	0.079592824
LINC01134	0.14355503
LINC01139	-0.972012
LINC01140	0.70832914
LINC01141	-0.19487354
LINC01142	-0.5129368
LINC01144	-0.64446205
LINC01148	-0.7248442
LINC01153	-0.002325654
LINC01165	0.481543
LINC01180	0.46087435
LINC01181	0.012835041
LINC01186	-1.1466548
LINC01187	-1.7368305
LINC01191	-0.59084225
LINC01192	-0.071798995
LINC01204	0.30644828
LINC01206	0.04947289
LINC01208	0.35134518
LINC01209	0.2076579
LINC01210	-0.1776317
LINC01213	-0.6646352
LINC01214	-0.27049205
LINC01215	0.34871858
LINC01220	-0.29839474
LINC01226	0.33945608
LINC01227	-0.06740849
LINC01231	0.017740503
LINC01233	0.2551802
LINC01234	0.20737259
LINC01241	0.054515142
LINC01252	-0.5765365
LINC01255	-0.01998508
LINC01257	-0.62193227
LINC01260	-0.05525156
LINC01267	0.23078662
LINC01270	-0.39245746
LINC01271	-0.2951697
LINC01278	-0.10088219
LINC01281	-0.24097279
LINC01282	0.15126893
LINC01289	0.10898894
LINC01300	-0.4197726
LINC01304	-0.69244134
LINC01305	0.14093737
LINC01310	-0.6355277
LINC01312	-0.6721245
LINC01315	0.17147315
LINC01333	-0.029452853
LINC01341	0.03523371
LINC01342	0.7656908
LINC01343	0.101071686
LINC01350	-0.41900453
LINC01352	0.5292407
LINC01354	0.85389346
LINC01355	-1.0043684
LINC01356	0.3133332
LINC01360	-0.1565825
LINC01361	0.75376225
LINC01364	-0.60620373
LINC01365	0.18403354
LINC01366	-0.2855084
LINC01395	-0.5124805
LINC01398	-0.36574897
LINC01424	0.099060886
LINC01425	-0.120193094
LINC01426	0.15858734
LINC01428	0.37022048
LINC01431	-0.8463415
LINC01432	0.29406053
LINC01448	0.54432094
LINC01449	-0.37988922
LINC01465	-0.09495345
LINC01467	-0.23103644
LINC01477	-0.21914871
LINC01482	-0.23185275
LINC01487	-0.22303034
LINC01492	-0.019423611
LINC01494	-0.47345656
LINC01500	0.05156572
LINC01503	0.7859132
LINC01504	0.025621928
LINC01505	0.24742231
LINC01511	-0.25784424
LINC01512	0.111507684
LINC01514	-0.1503973
LINC01516	-0.10251616
LINC01521	0.35943633
LINC01523	-0.043010175
LINC01526	0.13776122
LINC01532	-0.38649875
LINC01537	0.6393033
LINC01538	0.043382727
LINC01539	-0.021039005
LINC01541	0.08633179
LINC01545	0.5073002
LINC01547	0.29230887
LINC01549	-0.054258272
LINC01550	-0.28091493
LINC01551	-0.21632996
LINC01553	-0.029972062
LINC01554	-1.5407631
LINC01555	0.02569779
LINC01558	-1.036329
LINC01561	-0.5057689
LINC01563	0.20981538
LINC01566	-0.24565735
LINC01569	-0.5699471
LINC01579	-0.050990224
LINC01580	0.109167784
LINC01581	0.5547629
LINC01583	-0.26765293
LINC01585	-0.53771675
LINC01588	-0.027924523
LINC01590	0.25590652
LINC01592	0.025700586
LINC01599	-0.39265594
LINC01607	0.050149173
LINC01618	-0.22659776
LINC01619	0.1563066
LINC01620	0.34653643
LINC01622	-0.43117514
LINC01635	0.83504796
LINC01644	-0.45420587
LINC01647	-0.08187421
LINC01648	0.12537105
LINC01653	-0.08294046
LINC01656	-0.24865845
LINC01657	0.26606274
LINC01664	0.011564553
LINC01676	0.030528262
LINC01679	-0.20770895
LINC01686	0.2265763
LINC01687	0.06560374
LINC01689	0.58118784
LINC01692	-0.21468501
LINC01697	-1.1695597
LINC01700	-0.29322392
LINC01704	-0.24815486
LINC01706	-0.5430815
LINC01718	-0.48611164
LINC01720	0.23526709
LINC01722	-0.23286429
LINC01723	-0.60879225
LINC01725	-0.45776618
LINC01730	0.0893832
LINC01732	0.53750205
LINC01734	0.11389622
LINC01741	-0.21051759
LINC01743	-0.0061563253
LINC01750	0.023594541
LINC01756	-0.064638205
LINC01770	0.5882237
LINC01777	0.30735567
LINC01782	-0.073743165
LINC01788	-1.4875753
LINC01792	-0.45781395
LINC01799	0.53843224
LINC01800	-0.26036486
LINC01806	-0.45398867
LINC01809	0.2915973
LINC01812	-0.2233251
LINC01813	-0.083128035
LINC01815	0.36657113
LINC01816	-0.14757125
LINC01821	-0.36023593
LINC01831	0.63865125
LINC01838	0.080122754
LINC01842	0.027345382
LINC01843	0.3718435
LINC01844	0.1201857
LINC01845	-0.68306506
LINC01847	-0.22525775
LINC01854	-0.2939552
LINC01858	0.49693903
LINC01859	-0.26285568
LINC01864	-0.1764194
LINC01874	-2.2130475
LINC01875	-0.23566432
LINC01876	-0.014090031
LINC01877	-0.073685415
LINC01883	-0.28841794
LINC01896	-0.7172893
LINC01898	-0.0155442655
LINC01913	0.3811215
LINC01917	-0.761358
LINC01920	0.11098574
LINC01924	-0.2538917
LINC01927	0.5525287
LINC01933	-0.11658473
LINC01943	-0.22680992
LINC01957	-0.034559056
LINC01963	0.080221616
LINC01968	0.13128407
LINC01970	-0.1251701
LINC01981	0.1299389
LINC01986	-0.15468447
LINC01988	-0.44322753
LINC01990	0.35015792
LINC02016	-0.031630337
LINC02023	0.090941936
LINC02026	0.0292551
LINC02028	0.3636155
LINC02032	-0.12025498
LINC02035	0.059842907
LINC02036	-0.24436344
LINC02042	0.0044457093
LINC02043	-0.3276484
LINC02044	-0.1905089
LINC02047	1.4024928
LINC02052	-0.043733947
LINC02053	-0.061641216
LINC02059	0.32897854
LINC02060	0.04659593
LINC02064	0.24976721
LINC02065	0.2535016
LINC02070	0.1746547
LINC02071	0.20532209
LINC02078	-0.24367023
LINC02091	0.004399063
LINC02092	0.16699788
LINC02097	-0.2820747
LINC02109	-0.21328704
LINC02112	0.56449234
LINC02114	0.016536325
LINC02116	0.18649334
LINC02119	-0.35360044
LINC02123	-0.014582936
LINC02126	0.30087742
LINC02135	-0.13590494
LINC02139	0.012001611
LINC02140	0.28605622
LINC02145	-0.24921158
LINC02148	0.16612898
LINC02149	-0.47006667
LINC02150	-0.14482334
LINC02153	-0.13328671
LINC02171	0.36104268
LINC02175	-0.060063526
LINC02180	-0.8514125
LINC02186	0.5508138
LINC02189	-0.064108685
LINC02192	-0.10445797
LINC02199	-0.01653779
LINC02201	0.19802877
LINC02204	-0.5128001
LINC02209	-0.55057204
LINC02210	-0.29506612
LINC02218	0.0041397214
LINC02223	0.63470453
LINC02225	0.44426766
LINC02226	0.05443478
LINC02232	0.525344
LINC02239	0.09106839
LINC02243	-0.20351683
LINC02245	-0.24796402
LINC02254	0.18622282
LINC02260	0.02168917
LINC02270	0.14269711
LINC02273	0.31544742
LINC02274	-1.7136297
LINC02287	0.042550676
LINC02314	0.07027297
LINC02318	-0.6719391
LINC02325	0.16184054
LINC02339	-0.39493293
LINC02345	0.2949857
LINC02347	-0.44667622
LINC02349	-0.8953438
LINC02353	0.20275302
LINC02355	0.3737583
LINC02361	-0.2966692
LINC02363	-0.08892781
LINC02366	-0.5970658
LINC02372	-0.07285084
LINC02375	-0.056456797
LINC02380	0.13933265
LINC02381	2.5853252
LINC02382	0.19403212
LINC02387	-0.07142356
LINC02395	-0.17485839
LINC02397	-0.27649778
LINC02400	-0.06349589
LINC02401	-0.05996737
LINC02402	0.37381142
LINC02405	-0.18639952
LINC02421	-0.0028878152
LINC02426	-0.51294464
LINC02431	-0.42466575
LINC02433	-0.15466124
LINC02443	-0.42690486
LINC02458	-0.10862215
LINC02466	0.039530106
LINC02475	-0.36957163
LINC02481	0.20719838
LINC02483	-0.36907417
LINC02492	0.18655899
LINC02493	-0.35348332
LINC02502	-0.32796595
LINC02504	0.044290133
LINC02510	-0.39341736
LINC02525	0.037054002
LINC02530	-0.037152473
LINC02532	-0.89070296
LINC02535	-0.6942555
LINC02538	0.540103
LINC02544	0.06917721
LINC02549	-0.4249915
LINC02551	0.18304077
LINC02579	-0.13905397
LINC02580	-0.012662377
LINC02583	-0.6326815
LINC02585	-0.6903402
LINC02595	-0.26290545
LINC02603	-0.64340323
LINC02604	0.18613099
LINC02606	-0.14558387
LINC02610	0.18127194
LINC02615	-0.4097619
LINC02616	-0.4951711
LINC02620	0.37649277
LINC02653	0.542014
LINC02656	0.08281553
LINC02670	0.1895198
LINC02683	-0.036319863
LINC02685	0.2291176
LINC02688	-0.054686233
LINC02693	-0.038490415
LINC02708	-0.16049078
LINC02709	-0.24379623
LINC02712	0.3699767
LINC02716	-0.032139733
LINC02724	0.9084114
LINC02728	-0.057117417
LINC02731	0.051128335
LINC02749	0.06758558
LINC02753	0.5081077
LINC02757	-0.055635378
LINC02763	-0.4291582
LINC02790	-0.044144318
LINC02796	-0.3119342
LINC02800	-0.081325546
LINC02805	-0.46140677
LINC02806	0.06577329
LINC02809	-0.2947874
LINC02843	-0.018019438
LINC02850	-0.23333678
LINC02853	0.524138
LINC02860	-0.19146746
LINC02864	0.26912987
LINC02873	0.07689533
LINC02874	-0.19072843
LINC02875	0.39914787
LINC02877	-1.062638
LINC02878	0.056114644
LINC02880	-0.15335003
LINC02888	-0.16519573
LINC02891	0.65209305
LINC02893	-1.2364725
LINC02901	-0.6144029
LINC02905	0.029344533
LINC02907	0.4041941
LINC02909	-0.19917682
LINC02910	0.27092844
LINC02912	0.539201
LINC02915	-0.9049523
LINC02941	-0.05869031
LINC02944	-0.658965
LINC02946	0.26685557
LINC02961	0.2044928
LINC02981	0.24423292
LINC02985	-0.09748012
LINC02987	0.49269348
LINC02992	-0.20587206
LINC02994	-0.1301295
LINC02995	0.18232735
LINC02996	0.28291774
LINC02997	-0.53895044
LINC03002	0.7883272
LINC03008	0.2541846
LINC03011	-0.5660269
LINC03013	-0.92901635
LINC03014	0.6758098
LINC03018	-0.34502488
LINC03019	0.262088
LINC03020	-0.4969123
LINC03021	-0.4304395
LINC03026	-0.44305518
LINC03027	0.5395607
LINC03031	-0.14910018
LINC03040	0.03916055
LINC03043	-0.41742697
LINC03074	0.1446177
LINC03086	-0.30975693
LINC03093	-0.053735048
LINC03095	-0.25492486
LINC03103	-0.24605657
LINC03122	-0.088372916
LINC03123	0.08748731
LINC03125	0.0022896826
LINC03129	-0.06291649
LINC03133	0.24959578
LINC03152	-0.28304908
LINC03161	0.038856506
LINC03163	0.16232795
LINC03189	0.05579254
LINC03235	-0.24466369
LINGO1	-0.0013900697
LINGO1-AS1	0.061651558
LINGO1-AS2	-0.05047788
LINGO2	-0.45013738
LINGO3	0.5134618
LINS1	-0.07944235
LIPC-AS1	-0.0746049
LIPE-AS1	-0.5364446
LIPH	0.13054296
LIPI	0.30050975
LIPJ	-0.15864928
LIPT2-AS1	-0.35536852
LITATS1	0.8670393
LIX1	-0.020332709
LIX1L	1.0680132
LKAAEAR1	0.52307266
LLPH	-0.2284762
LMBR1	-0.7030508
LMBRD2	-0.3249706
LMLN	-0.0109089315
LMNTD1	-0.54913163
LMNTD2	0.17274529
LMO7DN	-0.2496343
LMOD2	-0.57848215
LMOD3	0.8230029
LMTK3	0.18988767
LMX1A	0.2675383
LNCAROD	-0.7275034
LNCARSR	0.37001526
LNCEGFL7OS	1.6271771
LNCMB2	-0.10387618
LNP1	0.20580348
LNPK	0.3854046
LNROP	0.25752395
LNX1	-0.47042233
LNX2	-1.7604265
LOC100128288	0.47062767
LOC100128361	0.71003056
LOC100128653	0.17500897
LOC100128993	0.39416826
LOC100129034	0.64615786
LOC100129098	0.6621313
LOC100129455	-0.038955927
LOC100129617	0.6198648
LOC100129935	0.2606974
LOC100130331	0.66506577
LOC100130357	-0.10726033
LOC100130452	-0.22486427
LOC100130548	-0.024029955
LOC100130872	-0.3186348
LOC100130964	-0.39879766
LOC100130987	0.039565794
LOC100130992	-0.311608
LOC100131496	-0.83756363
LOC100131532	0.74762684
LOC100132078	0.16399126
LOC100132356	-0.22010696
LOC100134040	-1.1424174
LOC100134368	-0.33574677
LOC100240728	0.101907134
LOC100271832	-0.09241216
LOC100272217	0.104556054
LOC100287387	0.20826885
LOC100287808	0.27472576
LOC100288123	0.8692418
LOC100288637	0.16927308
LOC100289230	-0.5118291
LOC100289495	-0.5419264
LOC100505498	0.105345055
LOC100505555	-0.39925864
LOC100505711	0.046725567
LOC100505774	-0.2277902
LOC100505782	-0.28818035
LOC100505912	-0.1007362
LOC100505918	-0.506692
LOC100505942	-0.045802683
LOC100505978	0.33805773
LOC100505985	-1.3379831
LOC100506016	-0.12770633
LOC100506124	-1.2404742
LOC100506207	-0.4511513
LOC100506236	0.15338305
LOC100506271	0.15271102
LOC100506274	0.5843144
LOC100506358	-0.048830956
LOC100506403	0.21728493
LOC100506405	-0.42064774
LOC100506446	0.20222238
LOC100506730	-0.32893908
LOC100506790	-0.28020337
LOC100506851	-0.40915298
LOC100506858	-0.47151673
LOC100506929	0.20701529
LOC100506974	-0.42030132
LOC100507006	-0.084120885
LOC100507221	0.06046118
LOC100507250	-0.66051286
LOC100507336	-0.09536441
LOC100507384	-0.14517725
LOC100507443	-0.4178831
LOC100507513	-0.2717095
LOC100507547	0.41329327
LOC100507560	-0.1565548
LOC100507562	-0.8127464
LOC100507634	-0.2024228
LOC100652768	0.7685448
LOC100652931	0.50120145
LOC100996583	0.37671316
LOC100996671	0.13532528
LOC100996681	0.299649
LOC101060553	0.39166236
LOC101926944	-0.20375709
LOC101926948	0.19914407
LOC101926959	-0.14874603
LOC101927020	-0.3275686
LOC101927040	0.3689957
LOC101927057	-0.4675642
LOC101927093	-0.5633208
LOC101927098	-0.56362
LOC101927143	-0.19266914
LOC101927157	-0.29082555
LOC101927159	-0.1091049
LOC101927164	0.45018163
LOC101927237	0.2655002
LOC101927253	0.59385264
LOC101927310	0.19184116
LOC101927342	0.18340743
LOC101927358	-0.113254726
LOC101927377	-0.53704107
LOC101927446	0.3305828
LOC101927450	-0.13353118
LOC101927467	-0.4191003
LOC101927495	-0.4510128
LOC101927499	-0.47797263
LOC101927513	-0.5140704
LOC101927531	0.06007094
LOC101927550	-0.14000222
LOC101927588	-0.05443959
LOC101927604	0.35478675
LOC101927608	-0.5197532
LOC101927609	-0.34158513
LOC101927610	-0.78735185
LOC101927636	0.1180314
LOC101927657	-0.23209907
LOC101927690	0.13212131
LOC101927702	0.37537247
LOC101927709	0.35332853
LOC101927723	0.6665096
LOC101927759	-1.2341976
LOC101927769	-0.1641501
LOC101927787	0.44764572
LOC101927798	-1.0004601
LOC101927814	-0.32867238
LOC101927829	-0.011581369
LOC101927839	0.24684583
LOC101927914	-0.41245463
LOC101927948	-0.39357698
LOC101928009	0.009281451
LOC101928012	-0.3193958
LOC101928014	0.26108146
LOC101928045	0.09799097
LOC101928047	-1.1793518
LOC101928087	-0.45372522
LOC101928107	0.11766497
LOC101928160	0.12433651
LOC101928188	0.1457409
LOC101928196	-0.058352664
LOC101928201	0.2474624
LOC101928211	-0.47566155
LOC101928255	0.040992975
LOC101928269	0.15282291
LOC101928273	-0.15920791
LOC101928277	-0.02423881
LOC101928283	-0.13712254
LOC101928306	-0.41898787
LOC101928326	-0.5183039
LOC101928335	0.11449282
LOC101928343	0.6477326
LOC101928361	-0.35046646
LOC101928389	-0.19165045
LOC101928401	0.25789902
LOC101928409	0.38909873
LOC101928475	-0.20745704
LOC101928491	0.05222132
LOC101928495	0.257377
LOC101928505	-0.46054146
LOC101928516	0.58466196
LOC101928519	-0.88239694
LOC101928525	0.1870802
LOC101928535	-0.08864619
LOC101928551	0.5209752
LOC101928553	-0.5483506
LOC101928557	-0.35604075
LOC101928565	0.1777118
LOC101928618	0.021338925
LOC101928622	0.08901554
LOC101928663	0.40506205
LOC101928682	0.2060191
LOC101928708	-0.45159587
LOC101928730	0.14412421
LOC101928748	-0.21566835
LOC101928797	-0.41549835
LOC101928833	-0.19927663
LOC101928850	0.06078574
LOC101928881	-0.13940771
LOC101928894	0.06726949
LOC101928937	-0.69964635
LOC101928940	0.33325976
LOC101928965	-0.30063584
LOC101928988	0.25967225
LOC101929007	0.04441759
LOC101929116	-0.14911214
LOC101929154	-0.6691847
LOC101929248	0.3591399
LOC101929268	0.14390829
LOC101929269	0.29332936
LOC101929372	-0.8700603
LOC101929398	0.40896454
LOC101929413	-0.38392767
LOC101929460	-0.057625927
LOC101929488	-0.028170321
LOC101929536	-0.61220795
LOC101929538	0.28693503
LOC101929552	-0.09461131
LOC101929609	0.03463207
LOC101929622	-0.020716354
LOC101929657	0.24470705
LOC101929718	-0.87289345
LOC101929719	0.23742953
LOC101929752	-0.1380204
LOC102723335	0.35247192
LOC102723701	0.035541743
LOC102723704	-0.6280846
LOC102723831	-0.41543752
LOC102724030	-0.17976588
LOC102724323	-0.1478235
LOC102724511	-0.04802875
LOC102724528	0.0044205785
LOC102724551	-0.0943535
LOC102724587	-0.41480076
LOC102724612	0.09302737
LOC102724929	0.0518585
LOC102724965	0.16366673
LOC145474	-0.84064245
LOC145845	-0.11547289
LOC148696	-0.82985586
LOC151760	-0.37050715
LOC157273	0.41537213
LOC254896	-0.17742811
LOC283038	0.6798592
LOC283045	0.06421125
LOC284240	0.26187038
LOC284379	-0.19700906
LOC284600	0.28633446
LOC284788	0.17470786
LOC284798	0.13305679
LOC284898	-0.058174476
LOC284950	-1.0738708
LOC285097	-0.05617883
LOC285191	0.27333042
LOC285638	0.013772279
LOC285819	0.28502288
LOC285847	-0.20417756
LOC285889	-0.3266316
LOC286083	0.059978515
LOC286177	-0.012503505
LOC286359	-0.27466267
LOC286437	2.0296977
LOC338963	0.1224129
LOC339166	0.03485462
LOC339298	0.37238407
LOC339539	0.026173104
LOC339666	-0.34790343
LOC339975	-0.06605248
LOC374443	0.19054933
LOC375196	1.2709099
LOC389199	0.22244486
LOC389906	-0.3158942
LOC399900	-0.58929896
LOC400622	0.31168813
LOC400748	-0.22613859
LOC400940	-0.141145
LOC401261	-0.031199396
LOC401312	-0.15337728
LOC401324	0.0935045
LOC401442	0.09854776
LOC440982	-0.23877677
LOC441179	0.052405685
LOC441666	0.39991277
LOC442028	0.31893378
LOC642696	0.1381856
LOC645188	-0.33364058
LOC645485	0.26018304
LOC646214	-0.268872
LOC646736	0.15577245
LOC646903	0.83329296
LOC728743	0.69765097
LOC729291	0.22257477
LOC729296	0.297392
LOC90246	0.91625005
LOC91450	0.52897006
LOC93429	-0.5288961
LOC93463	-0.05921738
LOH12CR2	-0.95275915
LOHAN2	0.47140598
LONP2	-0.38181567
LONRF1	-1.7796772
LONRF2	-0.8971536
LOXHD1	-0.0759334
LOXL1-AS1	0.45754737
LOXL2-AS1	-0.46797317
LOXL3	0.19949734
LOXL4	1.2891668
LPAR5	0.47698563
LPCAT2	-1.0425407
LPIN3	0.12238426
LPP-AS2	0.32664138
LRATD1	0.7288982
LRATD2	-0.5917254
LRCH2	0.010815531
LRCH3	-0.18594652
LRFN1	-0.3305517
LRFN2	0.1707066
LRFN5	0.010540888
LRG1	-0.5388373
LRGUK	-0.59245956
LRIG2-DT	-0.22483948
LRIG3	-0.92033577
LRMDA	-1.5016274
LRP11	0.0031147227
LRR1	0.42007384
LRRC10B	-1.0474137
LRRC18	0.46220374
LRRC2-AS1	-0.47746313
LRRC25	1.0942094
LRRC27	0.1426542
LRRC28	-0.48186317
LRRC34	0.20534219
LRRC37A3	-0.5203656
LRRC37A5P	-0.2693762
LRRC37B	0.37650025
LRRC39	-0.7717174
LRRC3B	0.18089014
LRRC4	-0.045303807
LRRC43	-0.553795
LRRC45	0.69977206
LRRC46	0.3574417
LRRC4B	0.8263889
LRRC4C	0.39434612
LRRC52	0.275496
LRRC52-AS1	0.29962802
LRRC55	1.4862583
LRRC56	0.35376704
LRRC57	1.0588484
LRRC58	-0.23073354
LRRC63	0.41115388
LRRC66	-1.7114464
LRRC7	-0.58617467
LRRC70	-0.8306565
LRRC71	-0.18180993
LRRC72	0.24290468
LRRC73	0.25571427
LRRC74A	0.39997518
LRRC74B	-1.0198319
LRRC74BNL	0.011933863
LRRC75A	1.7518017
LRRC75B	-0.60346526
LRRC77P	-0.9285299
LRRC8A	0.4848701
LRRC8B	0.19594416
LRRC8C	1.9271117
LRRC8C-DT	0.60632104
LRRCC1	-0.59238845
LRRIQ3	-0.2608627
LRRK2	-0.3869242
LRRN1	-0.6489749
LRRN4	0.44104296
LRRN4CL	0.45795655
LRRTM1	0.63369626
LRRTM4-AS1	0.30248773
LRSAM1	0.3608644
LRTM2	-0.4968102
LRTM3	-0.41277972
LRTOMT	-0.9991184
LRWD1	0.68689483
LSAMP-AS1	-0.6845633
LSM10	0.12636006
LSM11	0.7020556
LSM14B	-0.24334861
LSMEM1	-1.3662579
LSMEM2	0.061278585
LTAP1	-0.38079548
LTO1	-0.26210874
LTV1	-0.1809875
LUARIS	0.29751295
LURAP1	0.44213384
LURAP1L	-0.8773763
LUZP1	1.681375
LVRN	0.39051446
LY6G5B	-0.8514886
LY6G6F	0.8034504
LY6K	0.45946983
LY6S-AS1	-0.14456719
LY86-AS1	0.09159128
LYAR	0.52727675
LYG1	-0.7231525
LYG2	-1.0145884
LYNX1	1.0281123
LYPD4	0.031149969
LYPD5	0.33307385
LYPD6	-0.24774452
LYPD6B	-0.13216755
LYPD8	0.024945505
LYPLAL1	-1.3107448
LYPLAL1-AS1	-0.34375453
LYRM4-AS1	0.19244564
LYRM7	0.5443491
LYRM9	-0.803012
LYSET	-0.19562395
LYSMD1	0.23099479
LYSMD2	1.0880431
LYSMD3	-0.1292396
LYSMD4	0.41766065
LYZL1	-0.08178006
LYZL4	0.29680493
LZIC	-0.11840419
LZTS1-AS1	-0.10314046
LZTS2	0.34580824
M1AP	0.16270119
MAB21L3	-0.5811006
MACC1	-0.7451664
MACC1-OT1	-0.5759176
MACROD2	-0.21945813
MACROD2-AS1	-0.18408631
MAD2L2	0.6780448
MAEL	-0.96626407
MAF1	0.9634204
MAGEB18	-0.01626423
MAGEB6	0.61894965
MAGEE1	0.40770054
MAGEE2	0.75005335
MAGI1-IT1	0.09730822
MAGI2-AS2	-0.8064932
MAGI2-AS3	-0.51405406
MAGI3	-1.1492202
MAGOH-DT	0.16776085
MAGOH2P	-0.25992048
MAJIN	-0.6424972
MAL2	-0.116816446
MALAT1	-0.851861
MALRD1	0.034192443
MALRD1-AS1	-0.46143475
MALSU1	-0.12919486
MAMDC2	-0.03841985
MAMDC2-AS1	-0.90825427
MAMDC4	-0.41478422
MAML2	-0.7558143
MAML3	0.5886572
MAMSTR	0.7621889
MAN1B1-DT	-0.33478382
MANBAL	0.81176054
MANEAL	0.5972993
MAP10	-0.082921945
MAP1LC3A	1.0506276
MAP3K14-AS1	0.30262867
MAP3K19	-0.0018592179
MAP3K2-DT	-0.11232433
MAP3K20-AS1	0.17638582
MAP3K21	-1.0039785
MAP3K5-AS1	-0.27028775
MAP4K3-DT	-1.3351251
MAP6	1.3090351
MAP7D2	-0.47929132
MAPDA	-0.6715766
MAPK10-AS1	-0.3785397
MAPK15	-0.4287028
MAPT-AS1	-0.65063226
MARCHF1	0.90736854
MARCHF10	-0.29794452
MARCHF10-DT	-1.1346965
MARCHF11	0.2712716
MARCHF4	1.1783729
MARCHF8	-0.07840611
MARCHF9	0.30227315
MARK2P21	0.49886185
MARS2	-0.4112006
MARVELD1	2.8581853
MARVELD2	-0.41353694
MARVELD3	-0.99653286
MAS1L	0.38675958
MAST4	-1.0571104
MASTL	-0.38409513
MATCAP1	0.2893591
MATN1-AS1	0.06971345
MAVS	1.3671008
MB21D2	-0.15547833
MBD3L1	-0.01181075
MBD5	-1.7524333
MBD6	0.25002134
MBLAC1	0.5053807
MBLAC2	-0.28210914
MBNL1-AS1	0.14083773
MBOAT1	0.36804473
MBOAT2	0.4509871
MCEE	-0.62961555
MCEMP1	0.69718313
MCF2L	0.16629389
MCF2L-AS1	-0.22330564
MCHR2	0.23139955
MCHR2-AS1	-0.25927913
MCM8	0.24953458
MCM8-AS1	-0.009843573
MCM9	-0.297464
MCMDC2	0.6857847
MCOLN2	0.5096567
MCPH1-AS1	-0.54534775
MCPH1-DT	-0.3920409
MCRIP1	1.2409368
MCRIP2	-0.5467002
MCTP1	0.64876944
MCTP2	-0.7269484
MCU	-0.72335976
MDGA1	0.050338104
MDGA2	0.2508746
MDH1B	-0.5521131
MDN1	-0.8382426
MDS2	-0.033444166
MED10	0.2738655
MED11	0.41462684
MED12L	0.15890649
MED13	-0.54903406
MED19	0.6506522
MED26	0.16503778
MED29	-0.04619676
MED30	-0.25950167
MEDAG	0.68883246
MEF2C-AS1	0.22477265
MEG9	-0.54816306
MEGF10	0.7313653
MEGF11	0.5151112
MEI1	1.0236347
MEIG1	-0.15519604
MEIKIN	0.40134808
MEIOB	-0.26010084
MEIOC	-0.28082553
MELTF-AS1	0.12438782
MESD	1.8301082
MESP1	0.28348386
MESP2	-0.14566222
METRNL	0.76534164
METTL14	-0.2111494
METTL15	0.07610871
METTL21A	-0.32725614
METTL21C	-0.27998003
METTL21EP	0.27451962
METTL23	0.11874549
METTL25	-0.9600024
METTL26	0.008807272
METTL27	0.4140224
METTL6	-0.26119557
MEX3A	-0.19165727
MEX3B	0.39250234
MFF-DT	-0.6048093
MFHAS1	-0.46661842
MFSD12	0.8400567
MFSD2A	0.18755636
MFSD6L	-0.15199482
MFSD8	-1.4159834
MGARP	-0.21832542
MGAT4D	0.03715992
MGAT5B	0.054537266
MGC12916	-0.05420792
MGC15885	0.1794637
MGC16275	0.6009201
MGC27382	0.019296467
MGC2889	-0.37970117
MGME1	-0.8508877
MGST1	-2.171132
MIAT	-0.55527246
MIB1	-0.7883018
MIB2	0.37129152
MICA	0.5796463
MICOS10	0.30382064
MICOS13	0.47960845
MICU3	-0.5322987
MIDEAS	-0.33798504
MIDEAS-AS1	-0.05456586
MIDN	-0.69259995
MIEF2	-0.26703817
MIEN1	0.32875493
MIER1	-0.7363572
MIER3	-1.1816223
MIF-AS1	0.07879999
MIF4GD	0.28193477
MIGA1	-0.917413
MIGA2	0.27378836
MILIP	0.497352
MIMS1	-0.4844182
MIMS2	1.1958593
MINCR	-1.0085282
MINDY2-DT	-0.019022822
MIOS-DT	-0.49276164
MIOX	-1.2569528
MIPOL1	-1.2472329
MIR1-1HG	-0.14488478
MIR100HG	0.40682125
MIR124-1HG	-0.598725
MIR124-2HG	-0.2965952
MIR155HG	-0.41334137
MIR17HG	-0.73384786
MIR1915HG	-0.725333
MIR205	-0.062258184
MIR2052HG	-0.75242215
MIR205HG	0.34260103
MIR210HG	-0.6261775
MIR2113HG	-0.082781464
MIR23AHG	-1.21485
MIR29C	-0.20922014
MIR3147HG	-1.2784473
MIR31HG	0.019434439
MIR3681HG	-0.24303342
MIR3682	-0.22955516
MIR3936HG	-0.8499569
MIR3945HG	-0.023149058
MIR3976HG	0.01778914
MIR4290HG	-0.6647543
MIR4300HG	-0.3029808
MIR4307HG	-0.4708861
MIR4453HG	-0.08634113
MIR4458HG	-1.1739709
MIR4500HG	0.24853744
MIR497HG	1.1344118
MIR503HG	-0.44621018
MIR548XHG	0.065298386
MIR550A3HG	0.18077978
MIR646HG	0.14928088
MIR663AHG	0.16665438
MIR670HG	-0.24007161
MIR7-3HG	0.35391933
MIR9-2HG	0.0863531
MIR9-3HG	0.15486318
MIR924HG	-0.42231575
MIR99AHG	-0.44283897
MIRLET7BHG	0.62801623
MISFA	-0.82653767
MISO1	0.43237132
MISP3	0.0056423694
MITD1	-0.15682608
MIX23	-0.6767776
MIXL1	0.17776182
MKNK1-AS1	-0.3925172
MKRN7P	-0.23800194
MKX	-0.45268208
MLIP	-0.008497145
MLKL	0.84113127
MLLT6	0.74852467
MMAA	-0.66844785
MMAB	-0.36397144
MMD2	0.10839644
MMEL1	1.7445678
MMGT1	0.6575837
MMP21	0.2377848
MMP24OS	0.96879613
MMP25-AS1	0.08721258
MND1	0.815896
MNX1-AS1	0.40207663
MOB1B	0.12614575
MOB2	1.0479817
MOB3A	1.7357211
MOB3C	0.123040915
MOCS2-DT	-0.009054093
MOGAT1	-0.13512792
MOGAT3	-0.2215516
MON1A	0.56747127
MORC2-AS1	0.31261912
MORF4L2-AS1	-0.5925724
MORN2	-0.95642626
MORN3	0.6760781
MORN4	-0.39341086
MORN5	0.13658662
MOSMO	-0.13355947
MOV10	1.3816364
MOV10L1	0.19917494
MOXD1	1.387423
MPEG1	1.9306308
MPLKIP	0.030223787
MPND	1.0753422
MPP4	0.2355689
MPP7	-0.8963486
MPV17L	-0.3397435
MPV17L2	1.3912578
MPZL3	0.46107286
MRAP	-0.31166804
MRAP2	0.1405221
MRC1	-0.3119561
MRC2	1.748454
MRFAP1	0.40280008
MRFAP1L2	-0.3484354
MRGPRF	1.5060011
MRGPRG-AS1	0.3340975
MRGPRX1	-0.1614305
MRGPRX2	0.089370415
MRGPRX3	0.044053473
MRGPRX4	0.23032372
MRI1	-0.49630064
MRLN	-1.8394704
MRNIP-DT	-1.2225161
MRO	-1.9971805
MROCKI	-0.14805315
MROH1	0.9291198
MROH2A	0.3904744
MROH2B	0.19667348
MROH6	0.26066515
MROH8	-0.32734
MRPL1	-0.43454885
MRPL10	0.5429218
MRPL14	-0.014441103
MRPL20-AS1	1.2139276
MRPL21	-0.512366
MRPL27	0.35519207
MRPL30	-0.019595422
MRPL32	-0.23382561
MRPL36	-0.3910378
MRPL37	0.052803066
MRPL38	0.43539488
MRPL41	0.090570055
MRPL43	0.80655384
MRPL45	-0.5396876
MRPL47	0.18925153
MRPL50	-1.4614475
MRPL51	0.3250103
MRPL52	0.47096714
MRPL53	0.535774
MRPL54	0.6200949
MRPL55	0.4279152
MRPS10	0.02132009
MRPS21	-0.27765054
MRPS23	-0.018705837
MRPS25	0.3960026
MRPS26	-0.15636724
MRPS5	0.30209544
MRPS6	-0.3756336
MRPS9	-0.25508976
MRRF	0.061833665
MRTFA-AS1	-0.3797688
MS4A14	0.7387175
MS4A15	0.0856712
MS4A6E	0.10989687
MS4A7	1.7993708
MS4A8	-0.38024372
MSANTD1	0.30632904
MSANTD2-AS1	-0.20973009
MSANTD3	0.16699564
MSANTD4	0.4979515
MSC-AS1	0.33193594
MSI2	0.046259176
MSL1	-0.6279144
MSRB3	-0.12590003
MSRB3-AS1	0.40189072
MSS51	0.7624419
MST1L	-1.0031158
MTA3	-0.52245814
MTBP	-0.3520912
MTCL1	-0.54842395
MTCL2	0.66831505
MTCL3	0.54863495
MTERF2	-0.900735
MTFMT	-0.52833694
MTFP1	0.10272764
MTFR1L	-0.3171155
MTFR2	0.17121448
MTG2	0.33407003
MTHFD1L	1.2044086
MTIF3	-0.67601544
MTLN	0.22925422
MTMR7	0.31048954
MTMR9LP	0.55201465
MTRES1	-0.3670341
MTRFR	0.13276401
MTTP	-1.3749539
MTURN	0.08180644
MTUS2-AS1	-0.1787442
MTX3	-0.24373063
MUC12	0.35085148
MUC12-AS1	0.036247388
MUC15	-1.0151901
MUC17	0.38618818
MUC19	0.063992485
MUC20	-1.3423042
MUCL1	-0.04899794
MUCL3	-0.8188039
MVB12A	0.2446462
MXRA7	0.5252701
MYADM	1.2161276
MYADML2	-0.43199748
MYCBPAP	0.11332737
MYCNOS	-0.32102856
MYEF2	-1.344105
MYEOV	0.37704888
MYH16	0.6477984
MYH7B	-0.4219628
MYL12A	0.8724544
MYLK-AS1	-0.21913998
MYLK2	-0.0013074279
MYLK3	0.9196004
MYLK4	-0.059869796
MYMX	0.059435315
MYO15B	0.71102893
MYO18B	-0.2979109
MYO1G	1.248735
MYO1H	-0.36358494
MYO3B	-0.0028266907
MYO5B	-1.3795557
MYO7B	-0.5017834
MYOCD	0.5145222
MYOCD-AS1	0.6752037
MYOM3	-0.5577898
MYORG	0.09932117
MYPN	-0.13943028
MYPOP	0.3432534
MYRF-AS1	0.2743638
MYRFL	-0.42914242
MYSM1	-0.99704367
MZF1-AS1	0.33992702
MZT1	0.3278587
N4BP2	-0.49992228
N4BP2L2-IT2	-0.7024402
NAA20	0.36513165
NAA25	-0.4185662
NAA30	-0.6154649
NAA38	0.7866789
NAALADL2	0.033698678
NAALADL2-AS3	0.22008932
NABP1	-1.0290362
NACC1	0.14167173
NACC2	1.4936624
NADK2	-1.0063028
NAF1	-0.28261104
NAGS	-1.3238012
NAIF1	0.50524735
NALCN	1.4989663
NALCN-AS1	0.28106898
NALF1-IT1	-0.86820316
NALT1	0.43464315
NAMPT	-1.3451947
NANOS1	-0.5875878
NANOS2	0.15797698
NANOS3	-0.03455019
NANP	-0.5689548
NAP1L5	0.28949562
NAPA-AS1	-0.9019914
NAPB	-0.30296153
NAPEPLD	-1.1255822
NAPRT	-0.33761382
NAPSA	-1.958255
NAPSB	1.0580196
NARS2-AS1	-0.96853775
NAT14	-0.39471793
NAT16	-0.5814509
NATD1	-0.50103575
NAV1	1.6101252
NAV2-AS4	-0.37936792
NAV2-AS5	-0.19975649
NAXE	0.7245014
NBDY	-0.07186456
NBEAL1	-0.71510446
NBPF1	-0.3740978
NBPF3	0.8122064
NBR1	1.4373066
NCAM1-AS2	1.339495
NCAM2	0.40128297
NCBP2AS2	0.4663238
NCCRP1	0.055182084
NCEH1	-0.9995327
NCK1-DT	0.03176173
NCK2	1.2485894
NCKAP5	-0.866102
NCKAP5-AS1	-0.27419773
NCKAP5L	0.5617169
NCOA5	-0.008810952
NCOA7	-0.78070915
NDFIP2	-0.6496439
NDUFA11	0.36109626
NDUFA12	0.68172383
NDUFAF5	-1.0972726
NDUFAF6	-0.477437
NDUFAF8	-0.37499237
NDUFB10	0.14169745
NDUFB2-AS1	0.60947835
NDUFB9	-0.6806129
NDUFV3	0.006444223
NEAT1	-0.4152637
NEBL-AS1	0.19146045
NECAB1	-0.7409992
NECTIN3	-0.8307195
NECTIN3-AS1	-0.8733523
NECTIN4	-0.5894785
NEDD1	-0.531499
NEFL	0.8351742
NEGR1	-0.21035823
NEGR1-IT1	0.17400073
NEIL2	-0.12473257
NEK10	0.263259
NEK6	0.29216823
NEK7	0.795334
NEK8	-0.11264983
NEMP2	0.0083914995
NETO1	0.24195835
NETO1-DT	-0.25957882
NEU4	0.185945
NEURL1B	0.95055413
NEURL2	0.3273202
NEURL3	0.5085102
NEURL4	0.19354397
NEUROD2	-0.15357263
NEXMIF	-0.6010147
NEXN	0.23329638
NEXN-AS1	-0.18227965
NFAM1	0.99533963
NFATC2	0.46579742
NFIA	0.59163195
NFIA-AS2	0.016424328
NFKBID	0.29269338
NFKBIZ	-2.3267527
NFXL1	-0.95521533
NFYC-AS1	-0.54321885
NGEF	-0.8905522
NHEG1	-0.37899584
NHLRC2	0.20390554
NHLRC3	-0.42104763
NHLRC4	0.122073814
NHS	-0.29149067
NHSL1	-0.40464592
NHSL3	0.46763524
NIBAN2	2.040585
NIBAN3	0.5959746
NICN1	0.15719526
NICOL1	1.3699627
NIFK	-0.8482964
NIFK-AS1	-0.27966717
NIM1K	-0.6596766
NIN	1.2312512
NIPA1	0.6668037
NIPAL4	-0.6201596
NIPSNAP3A	0.75989956
NKAIN2	0.92387736
NKAIN3	0.26078534
NKAIN4	-0.13207996
NKAP	-0.07065913
NKAPL	-0.6107293
NKAPP1	-0.12671527
NKD1	-0.27638155
NKD2	0.5355007
NKIRAS1	-0.51660925
NKPD1	0.3855042
NKX2-1-AS1	0.24553946
NKX2-3	-0.16273254
NLGN2	0.66267127
NLN	0.082572035
NLRC3	0.64480054
NLRC4	0.618833
NLRC5	1.4219329
NLRP10	0.06793942
NLRP11	-0.39079034
NLRP12	-0.27610067
NLRP13	0.30074006
NLRP14	-0.114479765
NLRP4	-0.095195204
NLRP5	-0.092437714
NLRP6	-0.41125664
NLRP7	0.37357304
NLRP8	0.10286829
NLRP9	-0.40557095
NME9	-0.36986452
NMNAT1	0.71362835
NMNAT3	0.33504593
NMRAL1	0.33020413
NMRAL2P	-0.51088995
NMUR2	-0.3101547
NNT-AS1	-0.12943017
NOA1	0.49379706
NOB1	-0.053118616
NOBOX	0.17202587
NODAL	0.33243325
NOG	0.63671815
NOL4L	0.07133734
NOL9	0.40753084
NOM1	0.113611996
NOP14-AS1	0.66077757
NOP58	-0.5783026
NOP9	0.24528076
NOPCHAP1	0.05022773
NORAD	0.10005554
NOSTRIN	0.42268175
NOTUM	0.23474836
NOX5	-0.27810374
NOXA1	-0.20802638
NOXO1	0.20799085
NOXRED1	-0.024184361
NPAS4	-0.24513598
NPB	0.104039535
NPBWR1	-0.0736087
NPFFR2	0.21260576
NPHP3-AS1	0.40925574
NPM2	0.22554712
NPNT	-0.49452132
NPSR1-AS1	-0.57060164
NPW	0.82064563
NR2C2AP	0.54760814
NR2F1-AS1	0.7953434
NRAD1	-0.26101553
NRARP	2.7456517
NRAV	-0.17938668
NRBP2	0.49364817
NRDE2	-0.089094505
NRG3	0.958827
NRG4	0.4205776
NRK	-0.20028836
NRM	1.3315017
NRROS	2.211337
NRSN1	-0.8758236
NRSN2-AS1	-0.071209386
NSMCE1	0.3860365
NSMCE2	0.06859786
NSMCE3	0.5070093
NSRP1	-0.27221632
NSUN2	-0.016724184
NSUN4	0.40020382
NSUN6	-0.7877949
NSUN7	-0.9518879
NT5C1A	0.5140213
NT5C1B	-0.3001096
NT5C3A	-0.9552658
NT5C3B	-0.071420655
NT5DC1	-0.74103093
NTF4	0.85044986
NTMT1	0.19707702
NTN4	-0.29847983
NTN5	0.7633081
NTNG1	-0.29038197
NTNG2	-0.10016695
NTPCR	0.38520145
NTRK3-AS1	-0.57936
NUB1	1.2717092
NUCKS1	-0.7602992
NUDCD1	-1.9559412
NUDCD2	-0.13614225
NUDT10	0.5482617
NUDT12	-1.3334074
NUDT14	0.31266576
NUDT16	-0.94232166
NUDT16-DT	-0.86862135
NUDT16L1	1.1673049
NUDT16L2P	0.18887886
NUDT17	-0.10166784
NUDT19	1.2789662
NUDT22	0.12670657
NUDT5	0.50252044
NUDT7	-0.10661729
NUDT9P1	-0.01400587
NUF2	1.020868
NUFIP2	-0.33408797
NUMBL	1.0831527
NUP133-DT	-0.24977109
NUP210L	0.19221006
NUP210P1	0.15073016
NUP35	-0.4868148
NUP50-DT	-0.6675786
NUP58	-1.7384189
NUTF2	0.5516926
NUTM1	-0.05461432
NWD2	0.076391116
NXF5	-0.1746777
NXNL1	0.049115926
NXNL2	-0.41328612
NXPE1	-0.19100265
NXPE3	1.2476468
NXPH1	0.25614548
NXPH2	-1.5317173
NYAP1	-0.12114385
NYAP2	0.22836217
OAF	-0.16458382
OBP2B	0.33363524
OBSCN	0.2388775
OBSCN-AS1	-0.26570216
OCIAD1	0.092803344
OCIAD2	-1.5669012
ODAD1	-0.2227917
ODAD2	0.31273985
ODAD3	0.44986755
ODAD4	-0.625293
ODAPH	-0.5260899
ODC1-DT	0.28732944
ODF2L	-0.8054504
ODF4	-0.042084068
OFCC1	0.65200883
OGFRP1	-0.415692
OIT3	-0.47612715
OLFM2	0.56309
OLFM3	0.353336
OLIG1	0.3453956
OLIG3	0.19641976
OMA1	-0.93105775
ONECUT3	0.037359737
OOEP	-0.059541464
OOSP2	0.15913045
OPALIN	-0.79839027
OPN4	0.56983656
OPN5	-0.47035217
OPTC	-0.1036256
OR10A3	-0.29072392
OR10A4	-0.52131355
OR10A5	-0.0789723
OR14J1	-0.5070499
OR1C1	-0.30440676
OR1I1	-0.4563948
OR1J2	0.25284854
OR1J4	-0.26354694
OR1Q1	0.32767737
OR2B3	0.1135763
OR2C3	0.35226154
OR2K2	0.0706126
OR2L13	0.016395096
OR2L1P	-0.18645503
OR2L2	-0.0342011
OR2M4	0.15234475
OR4D1	-0.45667702
OR51B2	-0.7566733
OR51B4	-0.041047946
OR51B5	0.31848922
OR51B6	0.0102415085
OR51E1	0.94192934
OR51I1	-0.16413003
OR51I2	0.05683724
OR51M1	0.19032365
OR52D1	-1.0812559
OR5AK4P	1.051777
OR5E1P	0.12480567
OR5J2	0.18663687
OR5L2	0.21036908
OR5P2	0.23701164
OR5P3	-0.21600446
OR5V1	-0.47987425
OR6B1	-0.059960134
OR6W1P	0.10929151
OR7D2	-0.45866394
OR7E12P	-0.6559887
OR7E14P	-0.47084242
OR7E2P	-0.50979924
OR8B2	-0.44132805
OR8B8	0.39646924
OR8D1	0.10347088
OR8D2	-0.46097675
OR8G1	0.372636
OR8G2P	0.022925228
ORAI1	1.5789398
ORMDL1	-0.2665235
ORMDL3	0.36251944
OSBPL5	1.6133983
OSBPL6	-0.83501565
OSCAR	0.8088586
OSCP1	-0.33364797
OSER1-DT	-0.2074031
OSR1	-0.10483199
OST4	0.474008
OSTC	0.6536548
OSTCP1	0.22496706
OSTM1-AS1	-0.4376902
OTOGL	-0.80388725
OTOS	0.6533387
OTP	0.07094577
OTUD1	-0.49042434
OTUD5	0.88348687
OTUD6B	-0.73976177
OTUD6B-AS1	-0.877892
OTUD7A	0.17618476
OTULIN	0.12652127
OTX1	-0.46354705
OTX2	-0.073201045
OTX2-AS1	-0.049019888
OVCH1-AS1	-0.051941533
OVOL1-AS1	-0.7289877
OXER1	-0.13588107
OXGR1	-0.097989455
OXNAD1	-0.86575603
P2RY12	-0.043596163
P2RY8	0.44854838
P4HA3	1.2803552
P4HA3-AS1	0.24687585
PABIR1	-0.008508444
PABIR2	0.54619807
PABIR3	0.47629422
PABPC1L	-0.24029465
PABPC1L2B	0.42723602
PABPC4L	1.0247562
PABPC5	0.10541701
PACRG-AS1	0.52486676
PACRG-AS2	0.19205159
PACRGL	-0.87337804
PACS2	1.0149701
PACSIN1	0.40609032
PADI2	0.18517144
PAG1	0.5299609
PAGE5	-0.45116478
PAIP2	-0.103654206
PAK6-AS1	0.605154
PALD1	1.1455317
PALM3	-0.48525843
PAN3	-1.0489687
PAN3-AS1	-0.58060765
PANK1	-0.96860063
PANTR1	-0.35632634
PANX2	-0.11870496
PANX3	0.55833346
PAPLN	-0.113900736
PAPLN-AS1	1.203683
PAQR7	0.39099586
PAQR8	0.32972986
PAQR9	-0.090607174
PARD3-DT	-0.20295289
PARD3B	-0.655534
PARD6G	-0.9860701
PARD6G-AS1	-0.059957657
PARG	-0.27011943
PARM1-AS1	-0.27964032
PARP10	-0.17498691
PARP14	1.0191649
PARP15	0.6174122
PARP9	0.66765714
PARS2	-0.007738404
PARTICL	0.08073135
PARVG	0.98807836
PASD1	-0.14422539
PATE1	-0.5588972
PATE2	0.19562447
PATL1	-0.5369978
PATL2	0.22756934
PAX8-AS1	-0.40265644
PAXBP1-AS1	0.062421322
PAXIP1-AS2	1.2486346
PAXIP1-DT	-0.64565784
PAXX	0.80701244
PBDC1	0.7255268
PBX3-DT	-0.050615784
PBX4	0.13789077
PCA3	-0.48426485
PCARE	-0.5479522
PCAT18	0.75539887
PCAT19	1.1056718
PCAT4	-0.4211831
PCAT6	0.13185307
PCAT7	-0.45834607
PCBD2	-0.44824323
PCBP1-AS1	-0.39406967
PCDH10	0.26597038
PCDH15	-0.86390376
PCDH18	3.28621
PCDH19	0.48845193
PCDH20	0.6676785
PCDHAC1	0.97335756
PCDHAC2	1.2777162
PCDHB10	0.6359478
PCDHB14	0.6101737
PCDHB15	-0.04090248
PCDHB16	0.40040934
PCDHB18P	-0.88283396
PCDHB2	0.22085461
PCDHB3	-0.024213247
PCDHB4	0.4233126
PCDHB5	0.8097071
PCDHB7	-0.30968112
PCDHB9	0.35350025
PCDHGB7	0.8450693
PCDHGC4	0.46878362
PCDHGC5	-0.06936438
PCED1A	0.49809462
PCED1B	0.19523913
PCGEM1	0.52124774
PCGF3-AS1	0.37814802
PCGF5	-0.32193372
PCLO	-0.8025394
PCMTD1	-0.9769086
PCNX3	1.6984046
PCOLCE-AS1	-0.21479702
PCP2	0.07808874
PCP4L1	0.20457278
PCSK4	0.24896865
PCSK9	-0.39957374
PDCD2L	0.5446013
PDCD4-AS1	-0.13348487
PDCD6P1	-0.46634692
PDCD7	-0.5953728
PDCL2	0.41436702
PDE12	-0.27385822
PDE6B-AS1	0.033839494
PDE7A	-1.8454783
PDE7B-AS1	-0.07192063
PDE9A-AS1	0.37634817
PDIK1L	0.123341754
PDILT	0.66950214
PDP2	0.39916593
PDRG1	1.3938966
PDXP	-0.22377458
PDXP-DT	0.31422836
PDZD11	-0.05002977
PDZD4	0.24828215
PDZD8	-1.0466667
PDZD9	0.18201841
PDZRN3-AS1	0.46275634
PEAR1	1.5363238
PEBP4	0.23804213
PEG3-AS1	-0.88523006
PELATON	0.7072009
PELI3	0.8863095
PELP1-DT	0.20372334
PER3P1	-0.055101156
PERM1	-0.013615254
PET100	0.28538084
PET117	-0.085641444
PEX11G	-0.15483834
PEX39	-0.41602346
PEX5L-AS2	-0.138092
PFKP-DT	0.58532584
PFN4	0.17909957
PGAM5	0.99301374
PGAP4	1.0463877
PGBD1	0.5688062
PGBD2	0.18172944
PGBD4	0.18062255
PGBDF	0.97014344
PGLYRP2	-0.0129868835
PGLYRP3	0.3484128
PGM2	-0.23816758
PGM2L1	1.3340832
PGM5-AS1	-0.55804235
PHACTR2-AS1	0.13197565
PHACTR3	-1.9225099
PHAF1	-0.11319303
PHAX	0.6220819
PHC3	-0.29362348
PHETA1	0.489876
PHETA2	0.95579684
PHEX-AS1	-0.2540444
PHF12	0.62681794
PHF13	-0.8405699
PHF19	0.84870183
PHF21B	-1.0468185
PHF23	0.8131663
PHF5A	-0.13894373
PHF6	-0.30837804
PHGR1	-0.116279386
PHKA1-AS1	-0.10138351
PHLDB2	-0.54730964
PHLDB3	0.08632442
PHOSPHO1	0.91491437
PHOSPHO2	-1.2889421
PHPT1	0.5718461
PHRF1	0.30740044
PHYHD1	-1.0423925
PHYHIPL	-1.1431155
PHYKPL	0.124789655
PI16	0.39460188
PI4K2B	-1.0782399
PIANP	-0.5396872
PICART1	-0.04243675
PICSAR	-0.34261227
PIERCE2	0.79203457
PIF1	0.48307276
PIGM	0.77673095
PIGS	0.96796584
PIGU	0.8527218
PIGW	0.17771143
PIGX	0.008649439
PIH1D2	-1.0612329
PIK3AP1	0.5699825
PIK3C2A	0.18857302
PIK3CA-DT	-0.012341775
PIK3CD-AS1	-0.0056596585
PIK3IP1-DT	0.110989794
PIK3R6	0.45027632
PIM3	0.50205415
PINX1	0.5641946
PINX1-DT	-0.023531437
PIP4P1	-0.29763132
PIP4P2	1.2606924
PIP5KL1	-0.36219248
PIRT	-0.17233008
PITHD1	-0.40618795
PITPNA-AS1	0.2973653
PITPNM2	1.1635219
PITRM1-AS1	-0.90360606
PITX1-AS1	0.1244366
PIWIL4	-0.2625332
PJVK	-0.23388457
PKD1L1	0.317104
PKD1L2	-0.65929955
PKDCC	0.24383667
PKHD1	-1.8335918
PKHD1L1	-0.02881156
PKIA-AS1	-0.3292086
PKIB	0.6053178
PKN3	2.2150245
PLA2G12B	-1.4126209
PLA2G4E-AS1	0.37231654
PLA2G4F	-0.9134648
PLAAT5	-0.46555007
PLAC4	-0.5852586
PLAC8L1	-0.598409
PLAC9	1.2354631
PLB1	-0.12598239
PLBD2	1.2494618
PLCD3	1.0531269
PLCD4	-0.1766277
PLCG1-AS1	-0.86064833
PLCH1-AS1	-0.0035913885
PLCXD1	0.5748515
PLCXD2	-0.06276952
PLCXD3	-0.23351254
PLCZ1	-0.47573245
PLD4	0.13487667
PLD5	-0.26870683
PLD6	-2.121963
PLEKHA2	-0.70441973
PLEKHA3	-0.21031547
PLEKHA7	-1.3031745
PLEKHA8	0.022489563
PLEKHG1	0.96975267
PLEKHG2	2.623972
PLEKHG4	0.47056246
PLEKHG4B	0.19782683
PLEKHG5	0.5390493
PLEKHH1	-1.0932592
PLEKHH2	-2.3386288
PLEKHM3	-0.19106287
PLEKHN1	0.4372537
PLEKHS1	-0.013923965
PLIN4	-0.12222476
PLIN5	-0.20696643
PLK5	-0.16761817
PLPP4	-1.3450416
PLPP5	0.1506346
PLPP6	0.12542604
PLPP7	0.430575
PLPPR5	0.02964595
PLPPR5-AS1	-0.26796293
PLRG1	-0.46150973
PLXDC2	1.1480176
PLXNA4	-0.2965271
PM20D1	-1.1208129
PM20D2	-0.6579364
PMCHL2	0.20261955
PNCK	-0.0298106
PNKD	0.8791681
PNLDC1	0.18490441
PNLIPRP3	0.32753873
PNMA8B	-0.010633208
PNPLA1	-0.66843724
PNPLA5	-0.13016357
PNPLA7	-0.015552757
PNPLA8	-0.8123727
PNPT1	-0.06852421
POC1A	0.62209153
POC1B	-0.35282466
POC5	-0.11771363
PODN	0.08544095
POFUT3	0.016854286
POFUT4	1.2466387
POGLUT3	0.3892267
POLE4	0.1439421
POLK	-0.85860944
POLN	0.26181215
POLR1A	1.3137016
POLR1H	0.43214867
POLR2J4	-0.014931679
POLR3A	-0.5321091
POLR3GL	0.8653642
POLR3H	0.3842383
POM121L12	0.19549054
POM121L9P	0.19864967
POMGNT2	-0.08376433
POMK	0.7384081
POP1	0.697852
POPDC1	1.205394
POPDC1-AS1	0.13953498
POU2AF2	0.7978456
POU2AF3	-1.217145
POU4F1	-0.52707237
POU5F2	-0.25231338
POU6F2-AS2	-0.01674439
PP12613	0.28967068
PP2D1	-0.14532161
PPARGC1B	1.6270456
PPBPP2	-0.08996245
PPDPFL	0.4420312
PPHLN1	-0.48723328
PPIA	-0.4796109
PPIL1	1.5993903
PPIL3	-0.7219841
PPIL4	-0.92820287
PPIL6	-0.84818375
PPM1J	0.9896704
PPM1K	-1.0541116
PPM1L	-0.056258872
PPM1M	1.2058622
PPM1N	0.54623294
PPP1R12C	0.58866155
PPP1R14A	2.1854935
PPP1R14C	-0.9459317
PPP1R15B	-1.460454
PPP1R16A	-0.37706545
PPP1R18	2.5103333
PPP1R1B	-0.22273026
PPP1R1C	-0.3007481
PPP1R21	-0.7578323
PPP1R26-AS1	-0.33810633
PPP1R27	0.7342862
PPP1R35	-0.053606093
PPP1R36	-0.048557088
PPP1R37	0.67494285
PPP1R3B	-0.3729914
PPP1R3B-DT	-0.9585865
PPP1R3E	-0.08588052
PPP1R3F	-0.19081008
PPP1R9B	1.9944128
PPP2R2C	1.0399296
PPP2R3B	0.52972215
PPP3CA-DT	0.22653817
PPP3R2	-0.42457083
PPP4R1L	-0.3983474
PPP4R3B	-0.38942674
PPP4R3C	0.31980905
PPP5D1P	-0.8377223
PPTC7	-1.6870891
PRAC1	0.4699649
PRAC2	-0.004335612
PRADC1	0.5057296
PRAG1	1.878617
PRAM1	0.9600929
PRAME-AS	0.053267404
PRAMEF11	-0.56510496
PRAP1	-1.6525036
PRB1	-0.051653177
PRCD	0.2796094
PRDM10-DT	-0.18648642
PRDM15	1.0494922
PRDM16-DT	-0.36558682
PRDM4-AS1	-0.75974
PRDM6	0.17896317
PRDM7	0.045084298
PRDM8	0.43817508
PRDX5	-0.38670057
PRDX6-AS1	0.119196296
PRELID1	1.1292932
PRELID2	0.15544754
PREX1	2.489401
PREX2	0.15508753
PRICKLE1	0.12463355
PRICKLE2	-0.2233284
PRICKLE2-AS3	-1.1164703
PRIMA1	-0.59477866
PRIMPOL	-0.58116263
PRKAG2-AS1	-0.7909963
PRKAG2-AS2	-1.2969334
PRKAG3	-0.25567007
PRKAR1B-AS1	1.1449759
PRKCQ-AS1	0.4213905
PRKCZ-AS1	0.19659498
PRKXP1	0.9230405
PRLHR	0.08974203
PRM3	0.46568272
PRMT6	0.89906126
PRMT9	-1.1598217
PRNT	-0.6305593
PROCA1	-0.06310712
PROK1	-0.84322405
PROK2	0.07611421
PROKR2	0.26322654
PROM2	-0.37014982
PRORSD1P	-0.27054977
PRORY	-0.4671525
PROSER2	0.95942324
PROSER2-AS1	-0.13953324
PROSER3	0.3586615
PROX2	0.17995551
PRPF38A	0.18939206
PRPF40B	1.089148
PRR11	1.5945241
PRR12	1.3671432
PRR14L	0.40232158
PRR15	-0.6545861
PRR18	-0.25992352
PRR19	-0.023773275
PRR22	0.14712988
PRR23E	-0.35535908
PRR29	0.7831088
PRR30	0.19954294
PRR32	-0.33190313
PRR34-AS1	-0.0029848665
PRR35	-0.20246671
PRR7-AS1	0.44361612
PRR9	-0.012687355
PRRC2B	0.8666095
PRRT1	1.1493012
PRRT2	0.57333577
PRRT3	0.5649241
PRRT3-AS1	0.5336843
PRRX2-AS1	0.13252503
PRSS27	-0.201632
PRSS30P	0.29335064
PRSS33	0.011706177
PRSS35	0.31813455
PRSS36	0.35848352
PRSS37	0.10040669
PRSS53	0.0043356214
PRSS54	0.14218669
PRSS55	0.34376612
PRSS58	-0.18876126
PRSS59P	-0.10932656
PRTFDC1	-0.058942705
PRTG	0.23634022
PRUNE2	-0.84944034
PRXL2A	-0.5686955
PRXL2B	1.498678
PRXL2C	1.0599957
PSAPL1	-0.005254131
PSD2	0.0110708475
PSKH2	-0.89311767
PSMA3-AS1	-0.08004379
PSMA8	-0.22446199
PSMB8-AS1	0.52939254
PSMD14-DT	-0.1971553
PSMD6-AS2	-1.0949113
PSMD7-DT	0.20153064
PSMG3	0.6839408
PSMG3-AS1	0.040847346
PSMG4	0.3987123
PSORS1C3	-1.1921843
PSTK	-0.6005543
PTAR1	0.022768043
PTCHD1	1.0301929
PTCHD3P1	0.7774693
PTCHD4	-0.53174514
PTGFRN	1.430419
PTGR1	-1.0968016
PTGR2	-1.0602677
PTGR3	-0.88632995
PTH2	-0.1434051
PTPDC1	-0.6908476
PTPMT1	0.49739945
PTPN23	1.5075856
PTPN5	-0.6044401
PTPRD-AS1	0.15638033
PTPRG-AS1	0.37559074
PTPRK-AS1	0.46628854
PTPRN2-AS1	0.4960207
PTPRT-AS1	0.04134409
PTRH1	0.8939921
PTRHD1	0.523165
PTTG1IP2	-0.20585486
PURB	0.1204806
PUS10	-0.33907944
PUSL1	0.6192011
PWAR5	-0.81174874
PWRN2	-0.057718694
PWWP2A	-0.41379252
PWWP2B	0.80322933
PWWP3B	-1.4415079
PXDN	2.2971506
PXDNL	-0.006923914
PXK	-0.28432792
PXN-AS1	0.18865347
PXT1	-0.0026036687
PXYLP1	-0.48299086
PYCARD-AS1	0.08020064
PYCR2	1.0541748
PYDC1	-0.034757905
PYGO1	0.09777796
PYGO2	0.8374671
PYHIN1	0.73494303
PYM1	-0.30979213
PYROXD2	0.6142911
QKILA	0.064398855
QNG1	0.4251276
QRFPR	-0.13895983
QRICH2	-0.4026608
QSOX2	0.89909875
QTMAN-AS1	-0.39366332
R3HDML	-0.25058398
RAB10	-0.08045301
RAB11B-AS1	1.162859
RAB11FIP4	-1.0712098
RAB12	-0.28878748
RAB18	-0.906584
RAB24	1.3055166
RAB2B	-0.38915384
RAB30-DT	-0.38110584
RAB34	0.6375015
RAB37	0.5955728
RAB39A	0.999262
RAB39B	-0.013876379
RAB3C	-0.6463225
RAB3IP	-1.5068703
RAB3IP-DT	0.40492985
RAB42	0.8505292
RAB7B	1.675262
RAB9B	-0.20612618
RABL3	-0.40875632
RABL6	1.3523834
RACGAP1P1	-0.07682207
RAD18	0.08275308
RAD21-AS1	-0.032288477
RAD21L1	-0.18116596
RAD9B	0.043082237
RADIL	0.0913309
RAET1E	-0.492384
RAI1	1.1865007
RALGAPA2	0.51061565
RALY-AS1	0.4031272
RAMP2-AS1	1.540538
RAN	-0.57577825
RANBP3L	-1.0391917
RAP2C-AS1	-0.25257266
RAPGEF4-AS1	0.294959
RAPH1	3.1678684
RARS2	-0.19690539
RASAL3	1.1876187
RASD1	-2.7445817
RASD2	0.22330497
RASEF	-0.5770212
RASGEF1A	-0.06857501
RASGEF1B	0.36964446
RASGEF1C	-0.13812906
RASGRF2	1.0014244
RASGRP4	1.1047423
RASL10B	-0.6618868
RASL11A	0.77700233
RASSF10	-0.5789176
RASSF3	2.364759
RASSF5	1.8224137
RASSF6	-0.56258273
RAVER1	0.22170538
RAVER2	0.2673561
RAX2	-0.2211166
RB1-DT	0.03327773
RBAK	-1.1755722
RBBP8NL	-0.37423453
RBFADN	-0.02870953
RBFOX3	0.8469773
RBIS	-0.42383242
RBL1	0.06364161
RBM11	-1.265752
RBM12B-AS1	-0.7107245
RBM17	-0.20765182
RBM18	0.49449575
RBM20	0.09521939
RBM24	-0.475076
RBM26-AS1	-0.3838913
RBM27	-0.6611012
RBM33	-0.701976
RBM33-DT	-0.30260545
RBM41	-0.7411636
RBM43	0.39100015
RBM45	-0.16234751
RBM46	-0.057032153
RBMS3-AS3	0.15756898
RBMX	-0.6567838
RBMXL1	-0.079258986
RBMY2FP	-0.605667
RBMY3AP	-0.0076239295
RBP2	-0.6592363
RBP5	-1.5207673
RBP7	0.76501423
RBPMS-AS1	-1.3436728
RBPMS2	0.57445514
RBSN	0.20709845
RC3H1	0.6003481
RCC1L	0.21886753
RCC2	2.3627417
RCCD1	0.4148305
RCOR1	1.1880976
RCOR2	0.2109052
RCSD1	1.2330754
RD3	-0.40112692
RDH10	-2.5769005
RDH12	-0.6290815
RDH13	0.6993306
RDM1	-0.25704873
RDM1P5	-0.7664161
RDUR	0.14478643
REC114	0.037249655
REDIC1	0.51892626
REEP3	1.5806594
REEP6	-1.3541334
REG3G	-0.08353229
REG4	-0.05576722
RELCH	-0.49040496
RELL1	-0.43620875
RELL2	0.29657128
RELT	-0.35940868
REM2	0.15434304
REPS1	-0.461515
RERG	-0.46580186
RETNLB	0.046707653
RETREG1-AS1	-0.6525084
REXO1	0.2984349
REXO6P	-0.5451806
RFESD	-0.6755025
RFLNB	2.635441
RFT1	0.20483279
RFTN2	-0.61276907
RFX4	-0.19162396
RFX5-AS1	0.22349711
RFX6	0.022271596
RGL3	0.56746197
RGL4	0.137193
RGMA	0.76076967
RGMB	-0.121947944
RGMB-AS1	-0.022627503
RGP1	0.7316835
RGPD4-DT	0.20245391
RGS18	0.21557027
RGS22	0.43879467
RGS7BP	0.05937095
RGS8	-0.45023867
RGS9BP	-0.8593905
RGSL1	0.12473355
RHBDD1	-0.9045352
RHBDD2	0.5627462
RHBDL2	0.54293954
RHBDL3	-0.20123291
RHEBL1	0.9259379
RHEX	-0.5457275
RHNO1	-0.0031523127
RHOJ	1.3155701
RHOQ-AS1	-0.46689627
RHOU	-1.0756481
RHOV	-0.05867015
RHOXF1	-0.2810511
RHPN1	0.5649636
RHPN2	-1.6618825
RIBC1	-0.67961097
RIC1	-0.76788604
RICTOR	-1.4018915
RIIAD1	0.504289
RILP	0.7153164
RILPL1	0.39998856
RILPL2	1.8417952
RIMKLA	0.37895888
RIMKLB	-1.3877672
RIMOC1	-0.09666738
RIMS4	0.21333085
RIOK1	0.64047897
RIPK3	1.0360302
RIPOR3	0.13049811
RIPOR3-AS1	0.25554222
RIPPLY1	-0.39430898
RIPPLY2	0.2684511
RLIM	-0.60559624
RLN3	-0.011210263
RMDN2	-0.4336088
RMI2	0.84509337
RMP24	0.32422847
RMP64	-0.71069247
RMST	-1.7266014
RNASE11	0.117626436
RNASE11-AS1	0.14635462
RNASE7	-0.049578708
RNASEH1-DT	0.09934665
RNASEH2C	1.0883833
RNF112	0.046825916
RNF133	-0.69702256
RNF135	0.6306178
RNF144B	0.9728935
RNF145	0.06084032
RNF148	-0.60010713
RNF149	-0.3154046
RNF150	-1.0864642
RNF151	0.39956334
RNF152	-1.8483351
RNF157	-0.9858481
RNF157-AS1	-0.004652299
RNF166	-0.008368641
RNF168	-0.03031756
RNF169	0.14253876
RNF175	0.30417573
RNF180	-2.230936
RNF181	-0.21088232
RNF182	0.31529355
RNF183	-0.4435287
RNF20	1.073833
RNF207	-0.24630302
RNF208	0.09173815
RNF212	0.16109283
RNF212B	-1.5853882
RNF213	1.2815343
RNF213-AS1	0.8544986
RNF214	0.10297984
RNF215	-0.24262115
RNF217	-0.6047741
RNF217-AS1	-0.22229585
RNF227	0.13339812
RNF26	1.6497321
RNF32-DT	-0.817754
RNPC3	-0.75127256
RNU6-64P	-0.59333265
ROBO2	-0.40117407
ROCK1	0.62655574
ROMO1	0.07409792
ROPN1L	0.4741289
ROR1-AS1	-0.06986311
RORA-AS1	-1.0126779
RP1	0.31563413
RP1L1	0.36888993
RP9	-0.16893098
RP9P	0.47011
RPAIN	-0.6038184
RPF2	-0.9246887
RPH3A	0.25962824
RPH3AL-AS1	0.06720797
RPL13AP17	-2.3005376
RPL22L1	0.14289905
RPL26L1-AS1	-0.087888844
RPL27A	-0.58307666
RPL31	-0.7613626
RPL32P3	0.75545764
RPL34-DT	0.10513632
RPL7L1	0.91016847
RPP25L	0.04101614
RPPH1	-0.8753308
RPRD1B	0.626617
RPRML	0.11204949
RPS19BP1	1.1230516
RPS27A	-0.64598876
RPS6KA2-AS1	0.049180403
RPS6KL1	0.8988938
RPTN	0.26050872
RPTOR	-0.06172359
RPUSD1	0.028230727
RPUSD3	0.7613827
RPUSD4	0.1815128
RRM2B	0.118137605
RRN3P2	0.21315885
RRN3P3	0.29909694
RRP36	-0.1245105
RRS1-DT	-0.66433537
RSBN1L	0.3998639
RSKR	-0.22715297
RSPH1	0.0671497
RSPH3	-0.019820511
RSPH4A	-0.7098699
RSPH9	0.41431043
RSPO1	0.8356055
RSPO2	-0.27128333
RSPO3	0.23449506
RSPO4	0.09713635
RSPRY1	-0.7237886
RSU1P2	0.23617661
RTBDN	-0.058042526
RTKN	-1.3869535
RTKN2	-0.107275315
RTL3	-1.1796862
RTL5	1.3702402
RTL6	1.1952356
RTL9	0.11813828
RTN4IP1	-0.28992325
RTN4R	0.38006037
RTN4RL1	1.416862
RTN4RL2	0.029518068
RTP1	0.30371
RTP3	-0.22957045
RTP5	-0.5490532
RTTN	-2.3375084
RUFY2	-0.7417244
RUNDC1	-0.114839986
RUNDC3A-AS1	-0.114480525
RUNX1-IT1	0.030202024
RXFP1	0.3898334
RXFP2	-0.06456486
RYR3-DT	-0.65704566
S100A16	1.847694
S100A7A	0.01726693
S100Z	0.31876472
S1PR1-DT	0.11489576
S1PR3	0.021042407
SAA3P	0.4167026
SAAL1	0.15380928
SACK1A	-0.23456202
SACK1B	-0.37982184
SACK1C	0.053642444
SACK1C-AS1	-0.3834716
SACK1D	-0.75427014
SACK1F	-0.80166185
SACK1H	0.88310015
SACS-AS1	-0.22319901
SALL3	-0.11987517
SALL4	0.048327662
SAMD1	1.1664362
SAMD10	-0.34952402
SAMD11	-0.6990705
SAMD12	-0.78306
SAMD13	-0.26861325
SAMD14	0.878227
SAMD15	-0.1503005
SAMD3	0.672943
SAMD5	-0.54326546
SAMD8	-0.040514786
SAMD9L	0.6875788
SAMMSON	0.021110488
SAMTOR	-0.39887607
SANBR	0.63123536
SAP25	0.30630773
SAPCD2	0.08016026
SARNP	-0.7582382
SASS6	0.18412082
SAT2	-0.8728012
SATB2-AS1	0.34738374
SAXO1	0.13965306
SAXO3	-0.012559012
SAXO4	-0.013427973
SAXO5	0.0496075
SBF2	-0.33388007
SBF2-AS1	-0.83808064
SBK1	0.8717495
SBNO1	0.39386654
SBSN	-0.4243511
SBSPON	-0.065917455
SCAF1	0.7041717
SCAI	-0.12582433
SCAMP1-AS1	0.2566831
SCAND3	0.37813216
SCARA5	0.7216897
SCARF2	1.4223583
SCARNA17	-1.0769527
SCARNA2	-0.5768432
SCART1	-0.114502564
SCAT1	-0.5882504
SCFD2	-0.13101739
SCFD2-AS1	-1.1558628
SCGB2B2	0.25421542
SCGB3A1	0.045262337
SCGB3A2	-0.8716724
SCIMP	1.4628103
SCLT1	0.33436862
SCMH1-DT	-0.25603765
SCML4	0.30050108
SCN4B	1.0578895
SCNN1G	-1.1214324
SCO1	0.17886645
SCOC	-0.42365593
SCOC-AS1	-0.66693795
SCP2D1	0.010001767
SCP2D1-AS1	-0.36309427
SCRN2	-0.9807976
SCUBE1	0.35584596
SCUBE1-AS1	-0.27213588
SCUBE3	0.41152838
SCYL1	1.3055016
SDAD1-AS1	0.33300495
SDC3	3.0837321
SDCBP2-AS1	-1.1118222
SDCCAG8	0.4129019
SDE2	-0.81614566
SDHAF2	0.61476123
SDHAF4	-0.10408963
SDK1	-0.21374932
SDR16C5	-0.17275028
SDR42E1	-0.36587197
SDR9C7	0.1747446
SDSL	-0.7385265
SEBOX	0.2164666
SEC11C	0.055886135
SEC16B	0.016992254
SEC22C	0.22103167
SEC24B-AS1	-0.046403375
SEC61G-DT	-0.8544061
SEL1L2	-0.046933025
SELENOH	0.53658915
SELENOI	-0.38931316
SELENOK	-0.14894003
SELENOM	1.4349935
SELENON	2.7041507
SELENOO	-0.4663381
SELENOS	0.67489105
SEMA4B	0.40337238
SEMA5B	0.8924054
SENCR	0.11037927
SENP1	-0.34371725
SENP8	0.13539758
SEPSECS	-0.92346644
SEPTIN1	0.22137788
SEPTIN12	-0.07699844
SEPTIN3	0.5525745
SEPTIN7P2	-0.80520344
SEPTIN8	1.446686
SERAC1	0.5901178
SERINC2	-0.4290095
SERINC5	0.61519444
SERP2	-0.0068784207
SERPINA12	0.25311866
SERPINA9	0.25280976
SERPINB11	-0.31667635
SERPINB12	-0.008739792
SERPINB9P1	-0.113693595
SERTAD1	-0.7501352
SERTAD4	0.6506941
SERTAD4-AS1	0.12120721
SERTAD4BP	-0.2265923
SERTM1	-0.6281165
SESN2	0.07972103
SESN3	-0.7076045
SESTD1	-0.4380092
SETBP1-DT	1.5513557
SETD7	1.4185615
SETD9	-0.65357614
SETDB2	-0.89776456
SEZ6	-0.8322929
SF3B6	-0.6096772
SFMBT2	-1.3136086
SFR1	0.033825457
SFRP2	1.5336666
SFT2D1	-0.07054259
SFT2D3	0.90516233
SFTA1P	0.34149346
SFTA2	0.41530925
SFTA3	-0.23310071
SFTPA2	-0.3892275
SFXN2	-2.0117264
SFXN4	-0.85200113
SFXN5	-0.37090746
SGCZ	0.57425725
SGIP1	-1.5690012
SGMS2	-0.44260293
SGO1	-0.31006336
SGO2	0.17336774
SGPP2	-0.024123278
SGSM1	-0.5145438
SGTB	0.88315785
SH2D1B	0.36649325
SH2D3C	0.8683679
SH2D4B	0.818448
SH2D5	-0.03643251
SH2D6	0.0021435767
SH3BGRL2	0.18114793
SH3BP5-AS1	-1.1585504
SH3BP5L	1.0064517
SH3D19	0.21421698
SH3GL1P2	0.08635642
SH3KBP1	1.1762953
SH3PXD2A-AS1	-0.2465198
SH3PXD2B	0.7680456
SH3RF1	-1.1013101
SH3RF2	-0.0853208
SH3RF3	2.0915499
SH3RF3-AS1	-0.13779762
SHANK2-AS3	-0.26978576
SHANK3	1.8800061
SHC4	1.1610413
SHD	0.035108235
SHE	2.2149425
SHF	0.68007076
SHISA2	0.9420872
SHISA3	0.089791834
SHISA4	0.8287018
SHISA5	1.1934782
SHISA6	0.22278203
SHISA7	-0.10717349
SHISA8	0.05273302
SHISA9	-0.1767042
SHISAL2A	0.25558284
SHKBP1	2.260645
SHLD1	0.8917613
SHOC1	-0.6560298
SHOX	-0.34906632
SHPRH	-1.3192997
SHROOM1	-0.932915
SHROOM3	-0.94771105
SHROOM4	0.45831186
SIAE	0.0010917
SIAH3	-0.50222766
SIGLEC10	1.5398726
SIGLEC11	0.25185093
SIGLEC16	0.26748884
SIGLEC17P	0.46574992
SIGLECL1	0.31091923
SIK2	-1.999984
SILC1	-0.2486875
SIM1	-0.67867374
SIMC1	-0.26436168
SIN3A	-0.3787335
SIPA1L2	-0.94743675
SIRAL1	0.8440021
SIRPB2	0.42786238
SIRPD	-0.5713733
SIX3-AS1	0.2796867
SIX4	0.21496375
SKA2	0.31508216
SKA3	0.24021786
SKI	1.6258303
SKIDA1	-0.4213221
SKOR1-AS1	0.50304043
SLA2	0.41802487
SLAIN1	-1.9092541
SLAIN2	-0.60000765
SLAMF6	0.32618812
SLAMF9	-0.4091453
SLC10A4	0.24795105
SLC10A7	-0.83805335
SLC12A1	-0.49327153
SLC12A2-DT	0.35627317
SLC13A5	-0.42273915
SLC15A4	-0.31126192
SLC16A10	-0.33843875
SLC16A11	0.07096996
SLC16A12-AS1	-1.8874824
SLC16A14	0.30206394
SLC16A9	-1.4740937
SLC17A8	-0.22438543
SLC18A2	0.04022312
SLC18B1	0.693603
SLC22A12	-0.98119533
SLC22A15	-0.43514842
SLC22A16	0.05225098
SLC22A23	-0.061385095
SLC22A24	-0.6586015
SLC22A25	-0.35816193
SLC22A31	0.0029262155
SLC22A9	0.5105255
SLC23A1	-2.1265383
SLC23A3	-1.3728244
SLC24A3-AS1	0.4329575
SLC24A4	-0.038072452
SLC25A15	-0.16998035
SLC25A18	-1.4325254
SLC25A19	0.2547797
SLC25A2	0.49646398
SLC25A21-AS1	0.7836919
SLC25A25	-1.3682064
SLC25A25-AS1	-0.47645655
SLC25A26	-0.2310979
SLC25A27	-1.1622049
SLC25A29	-0.20800117
SLC25A30	-1.0101252
SLC25A33	-1.3700688
SLC25A34	-1.0450071
SLC25A35	0.5658102
SLC25A39	0.08297535
SLC25A41	0.4910677
SLC25A42	-0.8260248
SLC25A43	0.15628143
SLC25A45	0.16247517
SLC25A47	0.20932886
SLC25A48	-0.5460569
SLC25A48-AS1	-0.041666344
SLC25A5-AS1	-0.0774366
SLC25A51	-0.5357311
SLC25A53	0.23960303
SLC25A6	1.0092232
SLC26A11	0.5412386
SLC26A4-AS1	-0.048517734
SLC26A5-AS1	-0.29546085
SLC26A7	-1.2775357
SLC26A8	-0.058533065
SLC26A9	-0.3797148
SLC27A1	0.46133953
SLC27A4	1.4524475
SLC29A4	0.0020415783
SLC2A12	-0.085703984
SLC2A13	-0.9170822
SLC30A1	-0.16233939
SLC30A2	-1.19176
SLC30A6	0.50726897
SLC30A7	-0.9147433
SLC30A8	-0.8690777
SLC32A1	-0.049830914
SLC33A2	-0.36268017
SLC34A2	0.4850909
SLC34A3	-1.1068343
SLC35A4	2.1483564
SLC35B2	0.9333493
SLC35B3	-0.3055721
SLC35B4	0.83777934
SLC35D3	0.073824465
SLC35D4	0.12521756
SLC35E4	0.9046265
SLC35F1	0.4798439
SLC35F3	-0.13794449
SLC35F3-AS1	-0.27802923
SLC35F4	-0.1534091
SLC35F5	-0.22717111
SLC35G3	-0.05800508
SLC36A4	-0.4718349
SLC37A2	1.2329018
SLC37A3	0.9812814
SLC38A11	-1.6040683
SLC38A12	1.1349211
SLC38A2-AS1	-0.41651276
SLC38A5	0.6376922
SLC38A9	-0.24189878
SLC39A10	0.12575579
SLC39A11	0.5132613
SLC39A12	-0.08236505
SLC39A13	1.1118681
SLC39A3	1.0771042
SLC39A5	-1.3347518
SLC40A1	2.0987034
SLC41A1	-0.377653
SLC41A2	-0.034471184
SLC43A2	0.19718179
SLC44A1	1.704581
SLC44A2	0.73838794
SLC44A3	-0.99004424
SLC44A3-AS1	-0.7257854
SLC44A5	0.045322094
SLC45A1	0.6899602
SLC45A3	-0.6413789
SLC45A4	-0.55939204
SLC46A1	-0.4483838
SLC46A2	0.13565905
SLC47A2	-1.2397276
SLC49A4	0.21340154
SLC4A1	-0.89366436
SLC4A11	-1.099015
SLC4A1AP	0.029949754
SLC4A9	-0.7800397
SLC51A	-0.944275
SLC51B	-1.418164
SLC52A3	-0.21265914
SLC5A10	-1.6744494
SLC5A11	-0.83559513
SLC5A12	-1.5884345
SLC5A3	-0.79511964
SLC5A8	-0.36172247
SLC5A9	-0.5880527
SLC60A1	-0.6934154
SLC60A1-AS1	-0.76046
SLC60A2	-0.7909142
SLC66A1	0.3910764
SLC66A1LP	0.34102702
SLC66A3	0.6688659
SLC67A2	-0.11487988
SLC6A12-AS1	0.1947705
SLC6A17	-0.5772936
SLC6A18	0.22967094
SLC6A19	-1.5437241
SLC71A1	0.11456096
SLC71A2	0.47155508
SLC7A11-AS1	-0.045109138
SLC7A13	-0.3779523
SLC7A14	0.4179382
SLC7A14-AS1	-0.31088096
SLC7A3	0.29035324
SLC7A6OS	0.8871105
SLC8A1-AS1	-1.3408256
SLC8A3	0.2452151
SLC9A3-AS1	-0.68071634
SLC9A3-OT1	-0.54161936
SLC9A7	-0.2715428
SLC9A9	0.51945525
SLC9B1	-0.053849325
SLC9B2	0.5458387
SLC9C2	-0.7183339
SLCO4A1-AS1	-0.021535423
SLCO6A1	-0.5538536
SLF1	-1.000026
SLFN11	2.0878072
SLFN13	0.13688467
SLFN5	2.2014832
SLFNL1	-0.035137713
SLIRP-OT1	0.3982778
SLIT1-AS1	-0.18432899
SLIT2-IT1	-0.48862526
SLIT3-AS1	-0.10064245
SLITRK1	-0.3525516
SLITRK2	0.30516958
SLITRK4	0.62335354
SLITRK6	-0.13866606
SLMAP	-0.10693208
SLU7	-0.3018245
SLX4	0.361756
SLX4IP	0.15911467
SLX9	0.5037629
SMAD1-AS2	-0.71240544
SMAD3-DT	-1.644753
SMAD5-AS1	-1.1316981
SMAP2	-0.43751407
SMARCAD1	-1.0401732
SMARCAD1-DT	-0.07763621
SMC1B	0.08717663
SMC5-DT	-1.0028636
SMCO1	0.038759544
SMCO3	-0.46825418
SMCR5	-0.3466189
SMCR8	0.5100535
SMDT1	-0.59593284
SMG7-AS1	-0.2433534
SMIM1	-1.0896398
SMIM10	-0.0003966391
SMIM10L1	0.3843115
SMIM12	-0.0028737336
SMIM13	0.8192594
SMIM14	1.4155612
SMIM15	0.28277585
SMIM17	-0.44830012
SMIM19	-1.1883698
SMIM2	-0.83237404
SMIM2-AS1	-0.50003505
SMIM20	0.043778967
SMIM21	-0.2547185
SMIM22	-0.31214538
SMIM24	-1.2144301
SMIM26	-0.79394585
SMIM29	0.64969
SMIM3	-1.5520208
SMIM31	-0.036958158
SMIM32	-0.9933456
SMIM43	-0.43602514
SMIM48	0.061013192
SMIM5	-1.0177511
SMKR1	-0.24908388
SMLR1	-0.49109423
SMOC1	0.54149836
SMOC2	0.8342221
SMTNL1	0.11697954
SMTNL2	-0.25981548
SMYD1	0.66053987
SMYD4	0.7182413
SNAI3	-0.28964725
SNAI3-AS1	0.64633775
SNAP47	0.5353888
SNAPIN	-0.17796798
SNCAIP-AS3	-0.42156285
SNHG10	-0.4458271
SNHG11	-0.08585776
SNHG12	-0.5585438
SNHG15	0.6045316
SNHG16	-0.3874125
SNHG17	-0.2802728
SNHG18	0.52033967
SNHG19	-0.18558344
SNHG20	0.8802011
SNHG21	-0.27800548
SNHG28	-0.58403707
SNHG29	-0.98324984
SNHG3	-0.45215958
SNHG33	-0.03317991
SNHG4	0.09446389
SNHG5	-0.47007498
SNHG6	-0.44632772
SNHG7	0.10426177
SNHG8	-1.0306158
SNHG9	-0.3068262
SNORA25	-0.41639617
SNORA61	-0.05649531
SNORA68	-0.40075302
SNORA71B	0.031503856
SNORA72	-1.6156329
SNORA74A	-0.09959352
SNORC	-0.011423916
SNORD104	-0.64617974
SNORD114-3	-0.4628036
SNORD8	-0.74104536
SNRK-AS1	0.27643853
SNRNP48	-0.6418897
SNRPE	-0.33604503
SNTB1-AS2	-0.095308185
SNTG1	-0.8366227
SNTG2	0.06310432
SNTG2-AS1	0.53765106
SNTN	-0.16405521
SNX12	0.86094505
SNX14	-0.49183387
SNX18	0.5462072
SNX20	0.46780488
SNX21	0.55359125
SNX22	0.028632909
SNX25	0.85392165
SNX30	-2.1015987
SNX31	-0.048854046
SNX32	-0.124772266
SNX33	0.113524124
SNX6	0.17312017
SNX8	-0.14266199
SNX9	0.20001215
SOCS4	0.30364132
SOFU1	-0.13638526
SOHLH1	-0.20697746
SORCS1	-1.402622
SORCS2	0.10243595
SORCS3-AS1	-0.6286956
SOST	0.9192946
SOWAHA	-0.2902286
SOX2-OT	-0.39569885
SOX21-AS1	0.47703952
SOX6	-1.8325427
SOX7	1.6511313
SOX8	-0.17033029
SOX9-AS1	-0.9306768
SP2-AS1	0.5934801
SP2-DT	-0.110934496
SP5	0.6209619
SP6	-0.04502833
SP7	0.6779895
SP8	-0.4656798
SPAAR	0.18076849
SPACA3	0.84584105
SPACA4	0.31652096
SPACA6	-0.077295564
SPACA7	-0.41318128
SPACDR	0.1273696
SPAG17	0.06624916
SPAG5-AS1	-0.014456466
SPANXA2-OT1	0.31819955
SPANXB1	0.42004508
SPART-AS1	-0.09635799
SPATA1	-0.6473916
SPATA12	-0.059474897
SPATA13	0.7880324
SPATA16	-0.4985311
SPATA17	-1.7292991
SPATA18	-0.737792
SPATA19	0.62869555
SPATA21	0.17813526
SPATA22	0.15826908
SPATA24	0.16811228
SPATA25	0.6534082
SPATA3	-0.0010112096
SPATA3-AS1	-0.18126385
SPATA31D1	-0.2658425
SPATA31E1	-0.46029127
SPATA31F1	0.031165823
SPATA31F2P	0.22476095
SPATA31G1	-0.23380911
SPATA31H1	0.14106464
SPATA32	-0.10781497
SPATA33	-0.21535471
SPATA4	-0.4272052
SPATA41	-0.29651695
SPATA42	0.19930017
SPATA45	-0.18264091
SPATA46	0.003995076
SPATA8	-0.9131939
SPATA9	0.010281397
SPATC1	0.06889942
SPATC1L	0.8235103
SPATS1	0.29575473
SPDYA	-0.78264093
SPDYE1	0.11303511
SPECC1	0.2919647
SPEF2	-0.48698974
SPEG	0.27400196
SPEM1	-0.10463935
SPEM2	-0.2634409
SPEN-AS1	-0.059204143
SPESP1	1.147307
SPHKAP	0.09375809
SPIC	0.5965725
SPIN3	-0.573156
SPIN4	-0.25803536
SPINDOC	1.0380471
SPINK13	0.2255208
SPINK6	-0.13420811
SPINK7	-0.4857815
SPINT3	-0.2092152
SPIRE1	-0.21041702
SPIRE2	-0.8760429
SPMAP1	-0.09580645
SPMIP1	0.70075095
SPMIP10	-0.5225252
SPMIP11	0.32307053
SPMIP2	0.1374562
SPMIP3	0.67954975
SPMIP4	0.3055827
SPMIP5	0.52694684
SPMIP6	-0.65806586
SPMIP8	0.8399773
SPMIP9	-0.7320912
SPNS1	1.3293304
SPNS2	0.2530118
SPNS3	0.100778446
SPOCD1	-0.24655214
SPOPL	-0.11530294
SPPL2A	0.9370712
SPPL2C	0.072344825
SPPL3	0.3010779
SPRED1	1.5559564
SPRED3	-0.80697006
SPRN	-0.05339812
SPRR2C	0.24204212
SPRR2G	0.014141455
SPRR4	-0.048840582
SPRTN	-0.36651215
SPRY3	0.88727224
SPRYD3	1.2695391
SPRYD4	-0.60738695
SPSB2	0.24066672
SPSB4	-0.090488344
SPTSSB	0.76842415
SPTY2D1	0.063925594
SPZ1	-0.40770164
SRA1	0.67508537
SRARP	-0.2943343
SRCAP	1.0967079
SRCIN1	0.16267972
SRD5A3-AS1	0.013037458
SREK1IP1	0.18504092
SRFBP1	-0.63186836
SRGAP1	-0.44375706
SRGAP3-AS2	-0.098182395
SRL	-0.2516882
SRMS	-0.31147212
SRP68	0.5884923
SRRM2-AS1	0.5498321
SRRM3	0.30645746
SRRM4	-0.95572853
SRRM5	0.74386823
SRSF12	-1.082624
SRXN1	0.26689178
SSBP4	0.9872534
SSC4D	-0.39612925
SSC5D	0.9292922
SSH1	-0.08381319
SSH2	0.29228207
SSMEM1	-0.15802774
SSPOP	-0.27116197
SSR4P1	0.03968162
SSTR5-AS1	0.47671092
SSU72	0.021528482
ST20	-1.0665647
ST20-AS1	-0.27623922
ST3GAL3	0.39562196
ST3GAL3-AS1	-0.007569425
ST6GAL2	-0.37034225
ST6GALNAC1	0.40917897
ST6GALNAC3	-0.24213666
ST6GALNAC6	0.7480215
ST7-AS1	-0.7535417
ST7-AS2	-0.4521283
ST7-OT4	-0.5941879
ST8SIA6-AS1	0.22446266
STAC2	0.1082764
STAC3	0.05493071
STAMBPL1	0.80691874
STARD10	-0.6332011
STARD13-AS	-1.4012246
STARD3NL	-0.5762714
STARD4	0.44749337
STARD6	-0.5887512
STARD7-AS1	1.0813189
STARD9	0.14797372
STAU2-AS1	-0.49826705
STEAP2	-0.7433162
STEEP1	0.47559166
STEEP1P1	-0.29929873
STH	-0.19846393
STIM2	0.52390075
STING1	2.0493155
STK11IP	0.31319126
STK31	-0.019033842
STK32A	-0.216688
STK32C	0.00058215857
STK33	-1.6899173
STK35	-0.20734411
STK36	0.21700546
STK4-DT	-0.27106246
STK40	1.0063326
STKLD1	0.5109952
STMP1	0.62073404
STOML3	-0.10203629
STON2	-0.4057238
STOX1	-0.02851051
STOX2	1.2046001
STPG1	-0.08946657
STPG2	-0.82714105
STPG3	0.16452295
STPG3-AS1	-0.28125787
STPG4	-0.12499581
STRBP	-0.6787332
STRIP1	1.1786863
STRIP2	-0.17431572
STRIT1	-1.5675418
STT3B	0.06754533
STUM	-0.44822118
STX17-DT	-0.20771584
STX18-AS1	0.19007993
STX19	-0.4591529
STX1B	0.016403645
STXBP4	-0.5447078
STXBP5	-0.21610582
STXBP5-AS1	0.3319441
STYX	0.2559304
STYXL2	0.20687902
SUCLA2-AS1	-0.07606217
SUCLG2-DT	-0.5991692
SUCNR1	0.89231867
SUDS3	-0.81616724
SUFU	0.45220447
SUGCT-AS1	-0.123701155
SUGT1	-0.08421394
SUGT1P1	0.33904797
SUGT1P3	0.16902211
SULF2	0.8506885
SULT1C4	-0.7764382
SUMF1	0.38452476
SUMF2	0.86021745
SUN3	-0.7440274
SUN5	-0.030722152
SURF4	0.7115308
SURF6	0.38967177
SUSD1	0.8714373
SUSD2	-1.3091992
SUSD3	-2.5263753
SV2C	-0.007150024
SVBP	0.7417307
SVIP	0.04148972
SVOP	0.0043679625
SVOPL	0.3987658
SWI5	0.45943806
SWINGN	-0.295375
SWSAP1	1.2171979
SWT1	0.020341907
SYAP1	-0.11623719
SYCE1	-0.10109103
SYCE1L	-0.4025768
SYCE2	-0.068355836
SYCE3	0.22899082
SYCN	-0.50787485
SYCP2L	-0.56363064
SYCP3	-0.6583561
SYNDIG1L	0.50581765
SYNE3	0.4907817
SYNE4	-0.4836738
SYNGAP1	0.7272919
SYNPO	0.6204722
SYNPO2	2.2154083
SYNPR	0.417328
SYNRG	-0.6070744
SYPL2	-0.59079456
SYS1	0.20261157
SYT12	0.27778873
SYT14	0.7035016
SYT16	0.11370015
SYT2	-0.16296807
SYT4	-1.1700172
SYT6	-0.5459341
SYT7	-0.38380453
SYT8	-0.6369308
SYT9	-0.84248704
SYTL1	0.8439287
SYTL3	-0.049541116
SYTL4	-0.7220868
SYTL5	0.68455833
SYVN1	2.156596
TAAR1	0.07464053
TAAR3P	-0.26465088
TAAR8	0.16878441
TAAR9	0.24672921
TAB3	-0.96865636
TAC4	-0.16875964
TADA1	0.275131
TADA2B	-0.592229
TAF1A-AS1	0.30478936
TAF1L	-0.13993588
TAF3	-0.36902976
TAF8	0.24168026
TAFA1	0.22936721
TAFA2	0.2243096
TAFA4	0.68266165
TAFA5	-0.16227792
TAFA5-AS1	0.118019134
TAGAP	0.048259936
TAL2	-0.07459493
TAMALIN	-0.25623086
TAMM41	-0.1036
TANC1	-0.6332072
TANGO2	1.236109
TANGO6	-0.39834127
TAOK1	0.8375684
TAPT1	-1.109235
TARS3	-0.56093264
TAS1R1	-0.2178636
TAS1R2	-0.049479365
TAS2R38	-0.022578739
TAS2R39	-0.68717206
TAS2R40	-0.13816842
TAS2R41	0.20320402
TAS2R5	-0.6476605
TAS2R50	-0.6107426
TATDN3	-0.6121205
TBATA	-0.2853257
TBC1D10A	0.45851776
TBC1D10C	0.7630156
TBC1D14	-0.40566334
TBC1D16	0.8318985
TBC1D20	2.306314
TBC1D21	0.5497386
TBC1D23	-0.8354425
TBC1D24	1.6063731
TBC1D25	-0.51725554
TBC1D26	0.28705853
TBC1D32	-0.5367304
TBC1D7	0.16547439
TBC1D8-AS1	-0.011943258
TBCEL	0.04487913
TBCK	-0.80378276
TBRG1	-0.49851453
TBX15	-0.14419174
TBX18	0.17603886
TBX18-AS1	0.7610131
TBX20	-0.12372284
TBX22	0.5971798
TBX5-AS1	-0.07051966
TC2N	-1.0019256
TCAIM	-1.1542954
TCAM1P	-0.4681515
TCEA3	-1.3153307
TCEAL7	0.040691644
TCEAL8	0.10634354
TCEANC	0.8051105
TCEANC2	0.6129986
TCERG1L	0.12789005
TCF12-DT	-0.32602054
TCF19	1.0785868
TCF24	0.055487737
TCHH	-0.3235206
TCHP	0.6038182
TCP10L	0.2934248
TCP11L2	0.47230825
TDH	0.51521546
TDRD10	0.15736333
TDRD5	-0.7284225
TDRD6	0.13877511
TDRD6-AS1	-0.08221579
TDRD9	-0.32833874
TDRG1	0.25786927
TDRP	0.055152953
TEAD2	0.90628743
TECPR1	0.8261409
TECRL	0.694268
TECTB	-0.23391229
TEDC1	0.20628658
TEDDM1	0.29145467
TEFM	0.57506114
TEKT1	0.21702363
TEKT3	-0.12385811
TEKT5	-0.22064461
TEKTL1	0.0053635985
TENM1	-0.78305304
TENM2	-0.114186764
TENM3-AS1	-0.6190307
TENM4	0.70763344
TENT2	-0.30819854
TENT4B	-0.5954027
TENT5B	0.24377736
TENT5D	0.14399987
TEPSIN	1.2325518
TERB1	0.46193498
TERB2	-0.123813435
TERLR1	-0.19988802
TESHL	0.23764938
TET1	0.09474447
TET2	-2.5872555
TEX101	-0.7226563
TEX19	-0.2750824
TEX22	-0.33630058
TEX26	0.19490239
TEX26-AS1	-0.26417825
TEX29	0.08581945
TEX35	-0.55004543
TEX36	0.6100513
TEX36-AS1	0.5628554
TEX38	-0.85064626
TEX41	0.13007766
TEX44	-0.13494879
TEX46	0.21125427
TEX47	0.23103227
TEX48	-0.16808671
TEX55	0.2509886
TEX56P	-0.20096081
TEX9	-2.3834481
TFAP2A-AS1	-0.42147595
TFAP2D	0.58990496
TFAP2E	-0.012691632
TFIP11-DT	-0.07420726
TGM6	0.32478133
TGM7	-0.23502901
THAP2	-0.08168489
THAP3	0.3643552
THAP5	0.14482586
THAP6	-0.38484985
THAP7-AS1	0.29210663
THAP8	0.8785272
THAP9-AS1	-1.0754968
THEM4	-0.7426455
THEM5	-0.007329434
THEMIS	0.7984025
THNSL1	-0.6528247
THORLNC	-0.11094524
THRSP	-0.2670639
THSD7B	-0.26178876
THUMPD3	-0.09495009
THUMPD3-AS1	-0.73784703
TIAM1-AS1	0.51811445
TIAM2	0.60865897
TICRR	0.61116266
TIFA	1.129951
TIFAB	0.3419075
TIGD1	0.5148017
TIGD2	0.0918515
TIGD3	-0.5642488
TIGD4	0.17380708
TIGD5	0.4603708
TIGD7	-0.6985469
TIGIT	0.37735292
TIMD4	0.2727881
TIMM21	0.47683042
TIMM23	-0.5366912
TIMM29	0.86598647
TIMM50	0.78035223
TIMMDC1	1.1507881
TINAG	-1.653379
TINCR	-0.22053951
TIPARP-AS1	0.12808233
TIPE1	1.9185367
TIPE2	0.7198955
TIRAP	0.76097476
TKTL2	0.39719036
TLCD1	-0.14535226
TLCD2	0.105953135
TLCD3B	-0.40481165
TLCD4	0.27130145
TLCD5	0.21893018
TLDC2	-0.12283093
TLE1-DT	0.36628664
TLL1	-0.21489543
TLNRD1	1.5920234
TLR10	0.57776016
TLR8-AS1	-0.21627535
TLR9	-0.008652434
TM2D2	0.2880396
TM4SF18	1.6903157
TM6SF2	-0.13502389
TMC1	-0.575107
TMC2	0.27169174
TMC4	-0.14212205
TMC8	1.2866255
TMCC2-AS1	0.12190116
TMCC3	0.71187115
TMCO1-AS1	-0.45617113
TMCO2	-0.43272516
TMCO4	0.5165344
TMCO5A	0.019019466
TMCO5B	0.39000306
TMED4	-0.003974214
TMED6	-1.1168888
TMED8	-0.33061397
TMEFF2	0.21591014
TMEM101	0.44673347
TMEM102	-0.12799987
TMEM105	-0.10814455
TMEM106A	-1.2863399
TMEM107	-0.15868625
TMEM108	-0.54321486
TMEM108-AS1	0.2643347
TMEM116	-1.0627602
TMEM117	0.33668172
TMEM119	0.6836863
TMEM120A	0.11025885
TMEM120B	1.3739305
TMEM121B	0.46590248
TMEM123-DT	0.14674763
TMEM125	0.6206818
TMEM126A	0.23706643
TMEM129	0.83286446
TMEM130	1.0387161
TMEM132B	-0.3188795
TMEM132C	0.7080812
TMEM132D	0.3622772
TMEM132D-AS1	-0.076272756
TMEM132D-AS2	0.07169597
TMEM132E	-0.36281446
TMEM138	0.6008367
TMEM139	-0.41820806
TMEM141	1.4779832
TMEM143	-0.7883854
TMEM145	0.12390894
TMEM147-AS1	-0.29430902
TMEM14C	0.7843263
TMEM150A	-0.38155183
TMEM151A	-0.4151014
TMEM154	0.81562847
TMEM161B	-1.8738937
TMEM161B-DT	-0.5654678
TMEM163	0.03103578
TMEM167A	1.2999139
TMEM167B	0.8932805
TMEM169	-0.13438186
TMEM17	-0.3795623
TMEM170A	0.6145676
TMEM170B	-0.64480686
TMEM171	-0.29070333
TMEM174	-1.2912712
TMEM175	0.90742266
TMEM178A	-0.72285205
TMEM178B	0.3518821
TMEM179B	0.8991489
TMEM18	1.1389565
TMEM181	0.536193
TMEM182	0.3678221
TMEM183A	-0.5338486
TMEM184A	-0.17116906
TMEM185A	-0.35308123
TMEM19	0.15012142
TMEM190	0.4854297
TMEM192	-1.697485
TMEM196	-0.1944677
TMEM198	0.24757679
TMEM198B	0.4385361
TMEM200A	1.6404
TMEM200B	1.1520343
TMEM200C	-0.29964387
TMEM201	0.2665219
TMEM203	0.48045772
TMEM205	0.07173205
TMEM207	-0.11989398
TMEM212	-0.07747187
TMEM213	-1.2982264
TMEM216	0.5053275
TMEM217	-0.02721107
TMEM218	-0.37948823
TMEM219	0.7991298
TMEM220	-0.3665321
TMEM221	0.77648664
TMEM225	0.07530013
TMEM225B	-0.49262732
TMEM229B	0.27583867
TMEM230	0.6555015
TMEM231	0.46652466
TMEM232	-1.4253668
TMEM234	-0.2723632
TMEM235	0.49399924
TMEM237	0.392958
TMEM238L	0.10074034
TMEM239	0.41865507
TMEM245	-0.50456953
TMEM25	-0.6449934
TMEM250	1.3774197
TMEM252	-1.3018275
TMEM254-AS1	0.023283197
TMEM255B	1.1086901
TMEM26	0.9100024
TMEM26-AS1	0.5608804
TMEM263	0.8028908
TMEM266	-0.13057038
TMEM268	0.82133937
TMEM270	0.16825694
TMEM272	0.80143
TMEM273	0.5766283
TMEM277P	-0.4153765
TMEM31	-0.5188181
TMEM35B	0.7538899
TMEM37	-0.3662169
TMEM41A	0.14564054
TMEM42	-0.1774645
TMEM44	1.4544996
TMEM44-AS1	-0.67830575
TMEM45B	-0.4513582
TMEM51-AS1	-0.39273664
TMEM52	-0.36818087
TMEM52B	-1.197017
TMEM54	0.49634436
TMEM60	0.23976713
TMEM61	-0.7673527
TMEM63B	0.47832704
TMEM63C	0.9790096
TMEM64	-1.240051
TMEM65	0.5842042
TMEM67	-0.53422713
TMEM68	0.23008409
TMEM69	-0.21629351
TMEM71	0.28509173
TMEM72-AS1	0.20934239
TMEM74	0.7008937
TMEM79	0.6274204
TMEM86A	0.42566946
TMEM86B	0.46405506
TMEM87B	0.20749836
TMEM88	0.9821764
TMEM9	0.034620345
TMEM91	0.32862678
TMEM92	0.43869853
TMEM95	-0.10065621
TMEM98	0.27307168
TMF1	-0.88841844
TMIE	0.3690517
TMIGD2	-0.31404874
TMOD4	0.14114815
TMPO-AS1	0.60729843
TMPRSS11B	-0.3181215
TMPRSS11E	0.41348982
TMPRSS12	0.2207644
TMPRSS13	0.25573394
TMT1B	-1.3229053
TMTC1	1.3704836
TMTC2	-0.19296227
TMTC3	-0.8857459
TMTC4	-0.72529525
TMUB1	0.15083387
TMX3	0.69348
TNFRSF10A	-0.007341817
TNFRSF10A-DT	0.009991825
TNFRSF10B-AS1	0.107531756
TNFRSF13C	-0.26949692
TNFRSF18	0.28274053
TNFRSF19	0.7110324
TNFSF13B	0.6692746
TNRC18	1.0726057
TNRC6A	-0.16316718
TNRC6C	0.16448188
TNS2-AS1	-0.2650934
TOB1-AS1	-0.40802234
TOGARAM2	0.1043621
TOLLIP-DT	-0.44235843
TOM1L2	-0.116772264
TOMM40L	1.2553105
TOMM5	0.36909243
TOMM6	0.23232844
TONSL-AS1	-0.1671615
TOP1MT	0.41688263
TOR1AIP2	0.5909452
TOR2A	0.6391099
TOX-DT	0.21080276
TOX2	0.98354656
TP53I13	1.0602802
TP53INP1	1.0859499
TP53INP2	1.1689829
TP53RK	-0.45004275
TP53TG1	-0.003565982
TP53TG3HP	-0.3453008
TPBGL	-0.27863872
TPCN1	1.2560076
TPCN2	-0.15407094
TPD52L3	-0.51352465
TPGS1	0.58817106
TPH1	0.4012462
TPH2	0.41688085
TPPP2	-0.6192895
TPRG1	-0.57232976
TPRG1L	1.2465143
TPRN	-0.1533829
TPRXL	0.3734824
TPT1-AS1	-0.08343472
TPTE2P5	-0.27047786
TPTE2P6	0.17600162
TRABD2A	0.38883677
TRABD2B	-0.23301974
TRAF3IP2-AS1	-0.5072521
TRAF7	0.45489585
TRAJ41	-0.099346265
TRAM1L1	0.7431077
TRAM2-AS1	-0.5256437
TRAPPC1	1.1483935
TRAPPC5	0.7595488
TRAPPC6B	0.29580805
TRARG1	-0.7943727
TRAV12-1	0.024265006
TRAV12-3	0.25397044
TRAV17	-0.0063499957
TRAV20	0.2612946
TRAV22	0.10901667
TRAV23DV6	0.23015249
TRAV24	-0.078358606
TRAV25	0.18394955
TRAV26-2	0.2168409
TRAV30	-0.27807692
TRAV34	-0.1197309
TRAV39	1.2960722
TRAV40	-0.3759038
TRAV5	-0.0817861
TRAV6	0.2725269
TRAV8-1	-0.16963121
TRBV24-1	-0.5645474
TRBV25-1	-0.12966195
TRBV7-3	0.09252319
TRDN	-0.28976864
TRDN-AS1	0.21790928
TRDV3	0.16011477
TREML1	0.2519002
TREML3P	-0.11005142
TREML4	0.45594162
TRERF1	1.5127015
TRG-AS1	0.5048919
TRHDE-AS1	-0.8905221
TRIDDENT	0.18984455
TRIM11	0.23550215
TRIM16L	0.034025043
TRIM35	-1.1707671
TRIM39	-0.42918736
TRIM4	-0.20302224
TRIM40	-0.07591413
TRIM41	0.24706
TRIM42	0.4888567
TRIM47	1.0435548
TRIM50	-0.5781481
TRIM52	-0.34547502
TRIM52-AS1	-0.36408556
TRIM54	0.48569757
TRIM55	-1.0256655
TRIM56	1.7751628
TRIM59	1.4720562
TRIM6	-0.9028909
TRIM61	-0.73436415
TRIM63	-0.68943375
TRIM65	0.72012794
TRIM66	0.28772238
TRIM67	-0.5115577
TRIM67-AS1	-0.10923788
TRIM69	0.8062167
TRIM7	1.0893246
TRIML1	-0.04586696
TRIML2	0.46291018
TRIQK	-0.28544772
TRIR	0.117530465
TRMT10A	-0.8776517
TRMT10C	-0.04571327
TRMT44	0.22943105
TRMT6	-0.40817612
TRNP1	1.2777178
TRNT1	0.0043107867
TRPC5OS	-0.1756787
TRPM5	-0.2711929
TRPM7	-1.0140282
TRPT1	0.5726072
TRPV3	0.015817456
TRUB1	-1.4448081
TRUB2	-0.3865816
TSACC	0.38704786
TSC22D1-AS1	0.43120295
TSEN15	0.0029486716
TSEN54	1.13484
TSGA10IP	0.2168565
TSGA13	-0.6883613
TSHZ1	-1.0334187
TSHZ2	0.33782262
TSHZ3	-0.30412605
TSIX	-0.40947956
TSKU-AS1	-0.402561
TSLIG1	-0.086417556
TSLIG3B	-0.08558497
TSLIG3C	-0.61965287
TSLP	-0.9429145
TSNARE1	0.7700311
TSPAN10	-0.46616438
TSPAN11	0.5821287
TSPAN16	-0.037367493
TSPAN17	2.4392724
TSPAN18	1.0192456
TSPAN33	-0.4352021
TSPEAR	-0.21513876
TSPEAR-AS2	0.109844446
TSPOAP1-AS1	1.0364946
TSPY26P	0.29367486
TSPYL6	-0.030781642
TSSK3	-0.32612157
TSSK4	-0.77450716
TSSK6	-0.15864575
TSTD1	-1.0553707
TTBK1	-0.049778417
TTBK2	-0.12311146
TTC14	-0.7283521
TTC16	0.58690155
TTC17	-0.77288747
TTC21A	-1.3074288
TTC23L	-0.11403474
TTC28-AS1	-0.5789248
TTC29	-0.99137384
TTC32	-1.6028537
TTC36	-1.2379247
TTC39B	-1.312082
TTC39C	0.5556034
TTC41P	-0.6384604
TTC5	0.030143827
TTC6	0.12431489
TTC7A	0.45412666
TTC7B	1.1160414
TTC7B-AS1	0.08274567
TTC8	-0.61135983
TTC9B	-0.22443342
TTC9C	0.96012574
TTL	1.2322043
TTLL1-AS1	0.18854958
TTLL10	-0.24893227
TTLL11	0.797068
TTLL13	-0.3618017
TTLL2	0.20281006
TTLL6	-0.5242032
TTLL9	-0.17645441
TTN-AS1	-0.49890238
TTTY10	-0.16496557
TTTY11	0.3627586
TTTY12	0.117881045
TTTY14	-0.0009458512
TTTY5	-0.04748618
TTYH2	0.25774226
TTYH3	0.82440335
TUBA3C-DT	0.3856083
TUBE1	-1.6151869
TUBGCP6	0.6187695
TUNAR	1.143114
TUSC1	-0.67771196
TUSC7	0.08233631
TUSC8	-0.2574972
TVP23A	-0.6387272
TVP23C	-0.2465263
TWIST2	0.93505794
TXLNB	0.18923876
TXLNGY	0.6178228
TXNDC11	0.876302
TXNDC12	0.29249042
TXNDC16	-0.72533727
TXNDC17	-0.37605515
TXNDC2	-0.45612323
TXNDC8	-0.1670917
TYMSOS	-0.783556
TYRO3P	-0.33024698
TYSND1	-0.24043149
TYW3	-0.59972256
TYW5	-0.10949432
TZMP1	-1.1034759
U2AF1L4	0.11125062
U2SURP-AS1	-0.84455395
UACA	-0.5505672
UAP1-DT	-0.98039424
UBAC2	0.25862524
UBAC2-AS1	-0.08609702
UBALD1	0.11586079
UBALD2	1.162271
UBAP1L	-0.23796383
UBASH3B	1.722941
UBE2DNL	-0.07212137
UBE2E2	0.7632967
UBE2E2-DT	0.09750801
UBE2F	0.5400938
UBE2J2	0.81236625
UBE2Q2	0.7960613
UBE2QL1	-0.51845634
UBE2R2	0.6034352
UBE2T	0.63202125
UBE2U	0.5912209
UBE3D	-0.43770066
UBL7	0.9873505
UBL7-DT	0.13031967
UBLCP1	1.0884092
UBN2	-0.04591921
UBQLN1	0.010452449
UBQLNL	0.36976004
UBR1	0.3396032
UBR3	-0.98428535
UBTD2	0.8188506
UBXN10	-0.46684596
UBXN11	-0.53287494
UBXN2A	0.30969167
UBXN7-AS1	0.38986838
UCA1	0.07190139
UCK1	-0.1325349
UCMA	0.28038943
UCN2	0.2529986
UCN3	0.1909063
UFSP1	0.106818944
UGT1A6	-0.8115933
UGT2B15	0.13819566
UGT3A1	-1.0977927
UHMK1	0.685592
UHRF2	0.22166634
UICLM	0.33749378
ULBP3	0.079102784
ULK3	-0.25530222
UMAD1	-0.2920185
UMODL1	-0.1831767
UMODL1-AS1	-0.17430657
UNC13C	-0.7555047
UNC13D	0.3231472
UNC45B	-0.25455526
UNC5A	-0.1351673
UNC5B	2.4970362
UNC5B-AS1	0.6390449
UNC5CL	-0.9076607
UNC5D	-0.18053964
UNC79	0.10464786
UNC80	0.42284414
UNK	0.8445773
UNKL	0.91953766
UPP2	-1.5893327
UPRT	0.17284775
UQCC2	0.4839773
UQCC3	0.7874919
UQCC4	1.5520582
UQCC5	-0.17737141
UQCC6	0.8961669
URB1	0.8883909
URB1-DT	-0.6358755
UROC1	0.0785622
USF1	0.18499343
USF3	-0.059409387
USH1G	0.2808661
USHBP1	1.6024692
USP26	-0.4416356
USP27X-DT	0.40838188
USP28	-1.1424574
USP3-AS1	-0.25810927
USP30	-0.3698068
USP30-AS1	0.426028
USP31	0.6519932
USP35	0.12940377
USP37	-0.41768563
USP38	-0.5902238
USP40	-0.8642777
USP42	-0.033050507
USP43	-0.3480546
USP44	0.30660793
USP45	-0.49150914
USP46-DT	-0.09146962
USP49	-0.45618153
USP51	-0.6276218
USP53	-0.3736591
USP54	-1.0646342
UST-AS1	0.067101985
UTP15	-0.12716189
UTP23	0.81966245
UTP4	-0.91503227
UTS2B	-0.0684886
UTS2R	0.89290106
UVRAG-DT	-0.13622956
UVSSA	-0.19538027
VAC14-AS1	-0.113138236
VAMP7	0.28849295
VANGL2	1.224725
VARS2	0.0644072
VASH1-AS1	0.13281664
VASN	0.79739624
VAT1L	0.55435634
VCF1	-0.5078328
VCF2	-0.9896645
VEPH1	-1.4653448
VESTAR	0.7568002
VEZT	-0.8544505
VGLL2	-0.13502948
VHL	0.6283868
VHRT	0.12194583
VIRMA	0.0744413
VIT	0.030095175
VKORC1L1	1.8709158
VLDLR-AS1	-0.88217324
VMA12	0.058572173
VMA21	0.31017843
VMA22	0.43759117
VMO1	0.9762332
VN1R10P	-0.108922735
VN1R2	0.20807025
VN1R5	0.19707267
VPS13A-AS1	-0.18416142
VPS13C-DT	0.2533138
VPS18	0.62220544
VPS25	0.2608031
VPS26B	0.6067181
VPS29	-0.3374792
VPS36	0.53880584
VPS37A	-0.8758045
VPS37D	0.30669045
VPS50	-0.1672362
VPS9D1-AS1	0.09034374
VSIG1	-0.27395633
VSIG10L	0.6741225
VSIG2	0.5907016
VSIR	-0.7933807
VSTM1	0.3915109
VSTM2A	-0.2804741
VSTM2B-DT	-0.37797004
VSTM2L	0.49915376
VSTM4	-0.315976
VTA1	-0.60227257
VTI1A	-0.40686542
VWA3A	-0.5086509
VWA3B	0.13147609
VWA5B1	-0.4727521
VWA5B2	0.62373805
VWA8-AS1	-0.22683823
VWC2	0.32697675
VWCE	0.05634076
VWDE	-0.8242262
VXN	-1.7632098
WAKMAR2	-0.33835337
WASF2	1.5219966
WASHC2A	0.22445846
WASHC2C	-0.016586885
WBP1L	-0.07326115
WBP2NL	-2.04886
WDFY1	0.65430146
WDFY2	-0.29592216
WDFY3-AS2	-1.0785505
WDFY4	0.32063502
WDPCP	-1.1175134
WDR11-DT	-0.37095627
WDR17	-1.221899
WDR20	-0.7411624
WDR24	0.798376
WDR27	-0.07851246
WDR31	-0.5985384
WDR33	-1.0149052
WDR35	-1.3608131
WDR35-DT	-0.59252536
WDR36	-0.2759691
WDR38	-0.13978451
WDR43	-0.9200022
WDR49	-1.4598014
WDR5	-0.20041329
WDR53	0.10450533
WDR54	0.28921652
WDR55	0.38001522
WDR64	-0.46387064
WDR72	-2.1955209
WDR75	-0.009901583
WDR81	0.9207499
WDR82	0.66852057
WDR83	0.83552563
WDR86	1.466757
WDR87	-0.6818378
WDR87BP	0.10725327
WDR88	0.27210158
WDR89	-0.18702732
WDR90	-0.4423128
WDR93	0.122059524
WDR97	0.5728576
WDSUB1	-1.3527014
WEE2-AS1	0.118404515
WFDC10A	-0.1334671
WFDC10B	-0.21415052
WFDC11	-0.048314042
WFDC12	-0.10184446
WFDC13	-0.104682095
WFDC21P	0.8184052
WFDC3	-0.17130356
WFDC5	-0.4404342
WFDC6	-0.20438242
WFDC8	0.0144073535
WFDC9	-0.12323265
WFIKKN1	0.730559
WFIKKN2	0.6565393
WHAMM	0.52489644
WIPF3	0.11320302
WNK2	0.57559663
WNK3	-1.045962
WNK4	-0.13738477
WNT10A	0.2069097
WNT8A	0.18925545
WNT9B	-0.18167329
WRNIP1	0.3308031
WSCD2	-0.6800944
WTIP	0.9610677
WWC2-AS2	0.2603599
WWTR1-AS1	0.41752264
XAGE2	0.90013814
XAGE3	-0.29657894
XG	0.030473607
XGY2	0.7892498
XIRP1	-0.86633444
XIRP2	-0.51508
XKR4	-0.51821053
XKR6	0.2668379
XKRX	-0.351864
XPO5	0.6664164
XPR1	-1.1735214
XRN1	-0.6150899
XRN2	-0.6430012
XRRA1	-0.17339784
XTBD1	0.90953696
XXYLT1	1.7318931
XYLT1	-0.54467463
YAE1	-0.40784204
YBEY	-0.21127687
YDJC	0.46160206
YIF1B	1.0501325
YJEFN3	0.8933097
YPEL2	0.5116929
YPEL3	0.91544545
YPEL3-DT	-0.20197958
YPEL4	0.54875404
YWHAEP7	-0.05451633
YWHAG	1.1328149
YWHAH-AS1	-0.63486415
ZACN	1.0895712
ZAN	0.44465345
ZAR1	-0.6102151
ZBED1	0.60793966
ZBED10P	-0.3149168
ZBED11	-1.2551892
ZBED3	-0.6666048
ZBED3-AS1	-0.79183304
ZBED5-AS1	-0.1425381
ZBED6	-0.7775421
ZBED8L	-0.49403456
ZBTB10	-0.78098905
ZBTB11-AS1	0.3662611
ZBTB12	0.14977953
ZBTB2	-0.020113438
ZBTB20-AS1	-0.6102401
ZBTB21	-0.95979595
ZBTB26	0.13693535
ZBTB3	0.9745078
ZBTB34	-0.1961831
ZBTB37	-0.012232993
ZBTB4	1.3297157
ZBTB41	-0.5233836
ZBTB42	0.37054148
ZBTB44	-0.9976436
ZBTB45	0.48051202
ZBTB46	2.5064604
ZBTB47	1.2265675
ZBTB47-AS1	-0.82689357
ZBTB49	-0.3219214
ZBTB7C-AS2	-0.22795005
ZBTB8A	-0.62997806
ZBTB8B	0.58743453
ZBTB9	0.8831839
ZC2HC1B	0.13880686
ZC3H10	0.98480487
ZC3H11D	0.12641948
ZC3H12B	0.0089311935
ZC3H12C	-0.42705476
ZC3H12D	0.0020069256
ZC3H18	1.4434823
ZC3H6	-1.8468306
ZC3H8	-0.23890722
ZC3HAV1L	1.0682671
ZC3HC1	0.12204837
ZCCHC12	-0.604285
ZCCHC13	0.51623166
ZCCHC17	0.5467617
ZCCHC18	0.77223426
ZCCHC3	0.23053357
ZCCHC7	-1.050525
ZCCHC9	0.029103562
ZCRB1	-0.25066805
ZCWPW2	-0.67640465
ZDBF2	0.14186
ZDHHC1	0.80814797
ZDHHC11	-0.4077108
ZDHHC12	0.57951
ZDHHC12-DT	0.8652749
ZDHHC15	-0.077273786
ZDHHC16	1.2108483
ZDHHC19	0.34348142
ZDHHC2	-0.4012259
ZDHHC20	1.4355277
ZDHHC21	-1.3109424
ZDHHC22	-0.19172978
ZDHHC23	-0.08792795
ZDHHC5	1.6362419
ZDHHC8	1.0299758
ZDHHC9	-0.23239392
ZEB1-AS1	0.46043944
ZFAND2A	0.025915876
ZFAND2A-DT	0.01597324
ZFAND2B	0.38411552
ZFAND4	0.0058483332
ZFAS1	-0.2763645
ZFAT	0.36061153
ZFHX2	0.17327246
ZFHX4-AS1	-0.19586939
ZFP1	0.7066577
ZFP14	-0.23085448
ZFP28	-0.38070053
ZFP3	-0.40652686
ZFP41	0.62792206
ZFP42	-0.04879293
ZFP57	0.3745653
ZFP62	-0.026730299
ZFP69	-0.016014993
ZFP82	0.88224125
ZFP90	0.20569676
ZFP91	0.2672763
ZFP92	0.62492883
ZFPM1	0.98708165
ZFTRAF1	0.21569377
ZFYVE1	0.06625883
ZFYVE19	0.24915692
ZFYVE27	1.0110521
ZFYVE28	0.67890203
ZG16B	1.4148054
ZGLP1	0.21885389
ZGRF1	-0.60449374
ZHX1	0.10078883
ZHX1-C8orf76	0.31345594
ZIC2	0.31192413
ZIC4	-0.14056641
ZIC5	0.10426941
ZIK1	-0.52910566
ZIM3	-0.1808719
ZKSCAN2	-0.36519015
ZMAT1	-1.6142416
ZMAT2	0.07382229
ZMIZ1-AS1	1.0713435
ZMYND12	-0.5094713
ZMYND15	-0.070106834
ZMYND19	0.6696956
ZNF100	-0.41204703
ZNF101	0.34217367
ZNF114	0.95816267
ZNF138	-0.20815769
ZNF143	0.06731138
ZNF143-AS1	0.24640006
ZNF154	-0.024996042
ZNF169	0.2275284
ZNF18	0.61908686
ZNF181	-0.37683108
ZNF182	0.13442574
ZNF19	-0.048235357
ZNF2	0.58397436
ZNF205-AS1	-0.14557281
ZNF213	0.24175496
ZNF217-AS1	0.51401156
ZNF22-AS1	0.5137202
ZNF225-AS1	0.111680515
ZNF229	-0.7326803
ZNF232-AS1	-0.45464212
ZNF233	-0.4281829
ZNF234	0.57431716
ZNF236-DT	0.463568
ZNF25	-0.29397783
ZNF251	-0.012484938
ZNF252P	-0.034574047
ZNF252P-AS1	0.43970063
ZNF254	-1.3966035
ZNF256	-0.47855437
ZNF260	0.99341774
ZNF268	0.15268272
ZNF275	-0.6517488
ZNF276-AS1	0.30900592
ZNF280C	0.13198903
ZNF282	-0.16804719
ZNF283	0.20588958
ZNF285	0.3820722
ZNF295-AS1	-0.32982296
ZNF296	-0.24958912
ZNF30	1.0728626
ZNF300	-0.36192948
ZNF300P1	-0.6542873
ZNF311	-0.626935
ZNF316	-0.15794995
ZNF317	0.2079666
ZNF319	0.8224399
ZNF32-AS3	-0.17411683
ZNF320	0.13638726
ZNF326	-0.8798163
ZNF333	0.28288633
ZNF33A	-0.14055654
ZNF341	1.2184486
ZNF346	0.71402687
ZNF347	1.1620297
ZNF354C	-0.005647078
ZNF362	1.3209927
ZNF366	0.9627261
ZNF367	0.2656954
ZNF37BP	0.13434461
ZNF382	-0.05636859
ZNF383	-0.20428333
ZNF385A	0.42726132
ZNF385B	-0.17899428
ZNF385C	-0.6043056
ZNF396	-0.12856646
ZNF397	0.1381163
ZNF398	1.143109
ZNF404	-0.757622
ZNF407-AS1	0.63156617
ZNF41	-0.47600994
ZNF414	0.7264407
ZNF416	0.3081077
ZNF417	-0.282997
ZNF418	-0.14219147
ZNF420	-0.25450447
ZNF425	0.6664301
ZNF426-DT	-0.5504374
ZNF433-AS1	0.49708885
ZNF436	1.1728894
ZNF436-AS1	-0.2110476
ZNF438	0.34666747
ZNF439	-0.2795531
ZNF440	-0.42557198
ZNF441	0.3408026
ZNF445	0.3251989
ZNF449	0.84722435
ZNF451-AS1	-0.6344323
ZNF461	-0.25689104
ZNF462	-0.6559073
ZNF469	1.3770384
ZNF470	-0.7027099
ZNF473CR	-0.03932531
ZNF474	-0.027557112
ZNF475	-0.058443915
ZNF479	-0.53597414
ZNF48	0.24614486
ZNF483	-0.98285043
ZNF484	-0.22505692
ZNF485	-0.028944002
ZNF486	0.47835472
ZNF488	-0.017345445
ZNF490	0.94688106
ZNF491	0.5511735
ZNF493	0.5686793
ZNF496	-0.058584183
ZNF497	0.020693421
ZNF501	0.7360763
ZNF502	0.3645199
ZNF503	0.8507867
ZNF503-AS1	1.031954
ZNF503-AS2	-0.1807343
ZNF507	-0.41874036
ZNF511	-0.07676226
ZNF512	0.023338258
ZNF513	-0.073690206
ZNF514	-0.053954884
ZNF518B	-0.6507871
ZNF519	-0.391673
ZNF521	-1.9728827
ZNF524	1.3117335
ZNF526	0.85335815
ZNF527	-0.25051406
ZNF529	0.38449448
ZNF529-AS1	-0.16711992
ZNF540	-0.45455092
ZNF541	0.84974504
ZNF542P	-0.4861132
ZNF546	-0.39991325
ZNF547	-0.2009498
ZNF548	-0.30396327
ZNF550	-0.8855598
ZNF554	0.35900837
ZNF555	0.2940268
ZNF558	-0.0090874415
ZNF559	-0.009902716
ZNF560	0.112764865
ZNF561	0.47309187
ZNF561-AS1	0.7579516
ZNF563	0.50062597
ZNF564	0.16605034
ZNF565	1.2259097
ZNF566	0.35520577
ZNF567	-1.308837
ZNF568	0.3317278
ZNF569	-0.19501229
ZNF57	0.5415511
ZNF570	-0.44280788
ZNF571-AS1	-0.42453238
ZNF572	0.4999068
ZNF575	0.28291196
ZNF577	-0.7918102
ZNF579	0.62177384
ZNF581	0.91475034
ZNF582	-0.14822882
ZNF582-DT	-0.039160475
ZNF583	0.12681194
ZNF584	0.24234207
ZNF585A	-0.32702184
ZNF585B	-0.42993233
ZNF587	0.061810415
ZNF587B	0.2532731
ZNF594	-0.119106166
ZNF594-DT	0.2190147
ZNF596	-0.945202
ZNF597	-0.26677105
ZNF598	1.530925
ZNF599	0.3061987
ZNF600	-0.10712578
ZNF605	0.5446548
ZNF607	-0.12179609
ZNF608	-0.30522382
ZNF610	-0.19098136
ZNF611	0.15627643
ZNF615	-0.49802476
ZNF616	0.46866706
ZNF618	1.5869887
ZNF619	0.24074899
ZNF620	0.10031286
ZNF621	0.68155444
ZNF622	0.10235759
ZNF624	0.3099382
ZNF625	1.1206224
ZNF626	0.29869834
ZNF627	1.0454035
ZNF628	0.1870797
ZNF630	-0.35638604
ZNF641	1.4753771
ZNF644	-1.2950046
ZNF649	-0.8759643
ZNF649-AS1	-0.19641784
ZNF653	0.46076038
ZNF655	-0.35770026
ZNF660	0.17019093
ZNF662	-0.026347697
ZNF667-AS1	-0.63550067
ZNF670	-0.3783107
ZNF674-AS1	-0.5448915
ZNF677	-0.5965734
ZNF678	-0.0818907
ZNF680	-0.12698402
ZNF681	0.76161885
ZNF683	-0.16011827
ZNF684	-0.30738646
ZNF687	-0.11758903
ZNF687-AS1	0.10724221
ZNF689	-0.28211683
ZNF69	-0.19164346
ZNF691	0.81113756
ZNF695	0.037216086
ZNF697	0.34617344
ZNF70	1.1497017
ZNF700	-0.16227743
ZNF704	0.20829332
ZNF707	0.5198409
ZNF708	-0.64851964
ZNF709	-0.07442425
ZNF71	0.7663009
ZNF710	1.5550696
ZNF713	-0.0686997
ZNF718	0.3044205
ZNF721	-0.7986231
ZNF727	-0.453427
ZNF738	0.30534726
ZNF740	0.057308048
ZNF746	0.7166176
ZNF75A	0.060323007
ZNF763	0.29578736
ZNF765	0.06916914
ZNF766	0.7675985
ZNF77	0.6010262
ZNF770	-1.4438243
ZNF775	1.2511926
ZNF776	-0.9657801
ZNF777	0.08022779
ZNF778	0.5902729
ZNF780A	-0.49575913
ZNF781	0.67552704
ZNF782	0.2692846
ZNF783	-0.041539893
ZNF784	0.28466314
ZNF785	0.70802236
ZNF786	0.6222787
ZNF788P	0.97853166
ZNF789	-0.19279104
ZNF790-AS1	0.0305897
ZNF792	0.92940646
ZNF793	-0.10284116
ZNF793-AS1	0.33088854
ZNF800	-0.65274894
ZNF804B	-0.5894363
ZNF805	0.86335427
ZNF808	0.2654707
ZNF81	0.13146777
ZNF814	0.111454114
ZNF818P	-0.2938731
ZNF823	0.20288476
ZNF827	0.21958989
ZNF829	0.115765944
ZNF830	-0.46345976
ZNF831	0.47222936
ZNF835	0.7548448
ZNF836	-0.1070112
ZNF837	0.88641083
ZNF84-DT	0.017232846
ZNF843	-0.049211815
ZNF844	-0.28050873
ZNF846	-0.687189
ZNF850	0.5979594
ZNF852	0.61165565
ZNF853	0.75004387
ZNF865	1.0307847
ZNF875	-0.22978504
ZNF876P	0.04733875
ZNF879	-0.1445728
ZNF880	0.6624745
ZNF883	0.119363934
ZNF891	0.15231586
ZNF90	-0.0014420757
ZNF92	0.097167626
ZNF99	0.15396562
ZNFX1	2.6787877
ZNRF1	1.3153064
ZNRF2	-0.9960277
ZNRF3	-0.34059417
ZP1	0.3477079
ZP4	-0.6879612
ZPBP2	0.33215013
ZPLD1	0.1466294
ZPLD2P	-0.3541666
ZRANB1	-0.16399153
ZRANB2	-0.55795366
ZRANB2-AS1	-0.5203146
ZRANB3	-0.42953557
ZSCAN1	-0.32812095
ZSCAN10	0.33436343
ZSCAN12P1	0.10284996
ZSCAN16-AS1	-0.13685016
ZSCAN20	0.38479018
ZSCAN21	0.7225504
ZSCAN22	0.08518596
ZSCAN23	-0.25741696
ZSCAN25	-0.15730149
ZSCAN29	0.39624068
ZSCAN30	-0.34140885
ZSCAN4	0.40033478
ZSWIM1	0.64992154
ZSWIM2	0.022368014
ZSWIM3	1.2190142
ZSWIM5	-0.6037305
ZSWIM6	-1.5408094
ZSWIM7	0.1853504
ZSWIM8-AS1	0.26421472
ZSWIM9	0.09125508
ZUP1	-0.15345687
ZYG11A	-1.8744254
ZYG11B	-0.34029502
