compartment	test_unit	method	sample_uid	diagnosis	stratum	y	score	a
GLOM	ERCB_GLOM_H1	RRG-ID	GSE47183-GPL14663|GSM1146201	DKD	ERCB_GLOM_H1|GSE47183-GPL14663	1	0.13096416890621185	0.12712938
GLOM	ERCB_GLOM_H1	RRG-ID	GSE47183-GPL14663|GSM1146202	DKD	ERCB_GLOM_H1|GSE47183-GPL14663	1	1.2051243782043457	0.19590199
GLOM	ERCB_GLOM_H1	RRG-ID	GSE47183-GPL14663|GSM1146203	DKD	ERCB_GLOM_H1|GSE47183-GPL14663	1	0.3189934968948364	0.16536963
GLOM	ERCB_GLOM_H1	RRG-ID	GSE47183-GPL14663|GSM1146204	DKD	ERCB_GLOM_H1|GSE47183-GPL14663	1	0.47028109431266785	0.20820123
GLOM	ERCB_GLOM_H1	RRG-ID	GSE47183-GPL14663|GSM1146205	DKD	ERCB_GLOM_H1|GSE47183-GPL14663	1	0.7727901935577393	0.1311791
GLOM	ERCB_GLOM_H1	RRG-ID	GSE47183-GPL14663|GSM1146208	MCD	ERCB_GLOM_H1|GSE47183-GPL14663	0	0.09649763703346252	0.13819712
GLOM	ERCB_GLOM_H1	RRG-ID	GSE47183-GPL14663|GSM1146209	MCD	ERCB_GLOM_H1|GSE47183-GPL14663	0	-0.15211567282676697	0.13664192
GLOM	ERCB_GLOM_H1	RRG-ID	GSE47183-GPL14663|GSM1146210	MCD	ERCB_GLOM_H1|GSE47183-GPL14663	0	0.007283052429556847	0.04992366
GLOM	ERCB_GLOM_H1	RRG-ID	GSE47183-GPL14663|GSM1146211	MCD	ERCB_GLOM_H1|GSE47183-GPL14663	0	-0.510126280784607	0.04580784
GLOM	ERCB_GLOM_H1	RRG-ID	GSE37460-GPL14663|GSM920386	HT	ERCB_GLOM_H1|GSE37460-GPL14663	0	0.2333920955657959	0.18514508
GLOM	ERCB_GLOM_H1	RRG-ID	GSE37460-GPL14663|GSM920387	HT	ERCB_GLOM_H1|GSE37460-GPL14663	0	0.0714374154806137	0.09378618
GLOM	ERCB_GLOM_H1	RRG-ID	GSE37460-GPL14663|GSM920388	HT	ERCB_GLOM_H1|GSE37460-GPL14663	0	0.010091887786984444	0.07148552
GLOM	ERCB_GLOM_H1	RRG-ID	GSE37460-GPL14663|GSM920389	HT	ERCB_GLOM_H1|GSE37460-GPL14663	0	0.02829148545861244	-0.053156197
GLOM	ERCB_GLOM_H1	RRG-ID	GSE37460-GPL14663|GSM920390	HT	ERCB_GLOM_H1|GSE37460-GPL14663	0	0.2674260973930359	0.15726519
GLOM	ERCB_GLOM_H1	RRG-ID	GSE37460-GPL14663|GSM920391	HT	ERCB_GLOM_H1|GSE37460-GPL14663	0	0.13402059078216552	0.09720516
GLOM	ERCB_GLOM_H1	RRG-ID	GSE37460-GPL14663|GSM920392	HT	ERCB_GLOM_H1|GSE37460-GPL14663	0	-0.3236152768135071	0.13210261
GLOM	ERCB_GLOM_H1	RRG-ID	GSE37460-GPL14663|GSM920393	HT	ERCB_GLOM_H1|GSE37460-GPL14663	0	-0.288093626499176	0.11844581
GLOM	ERCB_GLOM_H1	RRG-ID	GSE37460-GPL14663|GSM920394	HT	ERCB_GLOM_H1|GSE37460-GPL14663	0	0.3316067814826965	0.16945165
GLOM	ERCB_GLOM_H1	RRG-ID	GSE37460-GPL14663|GSM920395	HT	ERCB_GLOM_H1|GSE37460-GPL14663	0	0.03265127688646317	0.12787986
GLOM	ERCB_GLOM_H1	RRG-ID	GSE37460-GPL14663|GSM920396	HT	ERCB_GLOM_H1|GSE37460-GPL14663	0	0.14549294412136077	0.13414598
GLOM	ERCB_GLOM_H1	RRG-ID	GSE37460-GPL14663|GSM920397	HT	ERCB_GLOM_H1|GSE37460-GPL14663	0	0.07116821557283401	0.1763857
GLOM	ERCB_GLOM_H1	RRG-ID	GSE37460-GPL14663|GSM920398	HT	ERCB_GLOM_H1|GSE37460-GPL14663	0	0.12615590393543244	0.1167264
GLOM	ERCB_GLOM_H1	RRG-ID	GSE37460-GPL14663|GSM920399	HT	ERCB_GLOM_H1|GSE37460-GPL14663	0	0.14725697338581084	0.07233322
GLOM	ERCB_GLOM_H1	RRG-ID	GSE37460-GPL14663|GSM920400	HT	ERCB_GLOM_H1|GSE37460-GPL14663	0	0.4551845371723175	0.14203537
GLOM	ERCB_GLOM_H1	RRG-ID	GSE47183-GPL14663|GSM1146223	MCD	ERCB_GLOM_H1|GSE47183-GPL14663	0	0.09182782322168351	0.1368829
GLOM	ERCB_GLOM_H1	RRG-ID	GSE47183-GPL14663|GSM1146224	MCD	ERCB_GLOM_H1|GSE47183-GPL14663	0	0.18565889000892638	0.21177715
GLOM	ERCB_GLOM_H1	RRG-ID	GSE47183-GPL14663|GSM1146225	MCD	ERCB_GLOM_H1|GSE47183-GPL14663	0	-0.3615486085414886	0.1056453
GLOM	ERCB_GLOM_H1	RRG-ID	GSE47183-GPL14663|GSM1146226	MCD	ERCB_GLOM_H1|GSE47183-GPL14663	0	0.26717286705970766	0.1378141
GLOM	ERCB_GLOM_H1	RRG-ID	GSE47183-GPL14663|GSM1146227	MCD	ERCB_GLOM_H1|GSE47183-GPL14663	0	0.2747118830680847	0.09056574
GLOM	ERCB_GLOM_H1	RRG-ID	GSE37460-GPL14663|GSM920411	IgAN	ERCB_GLOM_H1|GSE37460-GPL14663	0	-0.1078662022948265	0.07728785
GLOM	ERCB_GLOM_H1	RRG-ID	GSE37460-GPL14663|GSM920401	IgAN	ERCB_GLOM_H1|GSE37460-GPL14663	0	-0.08415114730596543	-0.015109897
GLOM	ERCB_GLOM_H1	RRG-ID	GSE37460-GPL14663|GSM920402	IgAN	ERCB_GLOM_H1|GSE37460-GPL14663	0	0.08790253102779388	0.10076648
GLOM	ERCB_GLOM_H1	RRG-ID	GSE37460-GPL14663|GSM920403	IgAN	ERCB_GLOM_H1|GSE37460-GPL14663	0	-0.12776469588279724	0.23763701
GLOM	ERCB_GLOM_H1	RRG-ID	GSE37460-GPL14663|GSM920404	IgAN	ERCB_GLOM_H1|GSE37460-GPL14663	0	0.01861540526151657	0.16764104
GLOM	ERCB_GLOM_H1	RRG-ID	GSE37460-GPL14663|GSM920405	IgAN	ERCB_GLOM_H1|GSE37460-GPL14663	0	-0.09434741288423538	0.1301688
GLOM	ERCB_GLOM_H1	RRG-ID	GSE37460-GPL14663|GSM920406	IgAN	ERCB_GLOM_H1|GSE37460-GPL14663	0	-0.18219159841537474	0.1795404
GLOM	ERCB_GLOM_H1	RRG-ID	GSE37460-GPL14663|GSM920407	IgAN	ERCB_GLOM_H1|GSE37460-GPL14663	0	1.129111933708191	0.19185376
GLOM	ERCB_GLOM_H1	RRG-ID	GSE37460-GPL14663|GSM920408	IgAN	ERCB_GLOM_H1|GSE37460-GPL14663	0	0.3467937707901001	0.04620415
GLOM	ERCB_GLOM_H1	RRG-ID	GSE37460-GPL14663|GSM920409	IgAN	ERCB_GLOM_H1|GSE37460-GPL14663	0	0.10275640785694122	0.1939776
GLOM	ERCB_GLOM_H1	RRG-ID	GSE37460-GPL14663|GSM920410	IgAN	ERCB_GLOM_H1|GSE37460-GPL14663	0	0.10737982243299485	0.12818265
GLOM	ERCB_GLOM_H1	RRG-ID	GSE37460-GPL14663|GSM920420	IgAN	ERCB_GLOM_H1|GSE37460-GPL14663	0	0.16826604306697845	0.049260855
GLOM	ERCB_GLOM_H1	RRG-ID	GSE37460-GPL14663|GSM920412	IgAN	ERCB_GLOM_H1|GSE37460-GPL14663	0	0.4625964105129242	0.0532583
GLOM	ERCB_GLOM_H1	RRG-ID	GSE37460-GPL14663|GSM920413	IgAN	ERCB_GLOM_H1|GSE37460-GPL14663	0	0.4303489148616791	0.19578648
GLOM	ERCB_GLOM_H1	RRG-ID	GSE37460-GPL14663|GSM920414	IgAN	ERCB_GLOM_H1|GSE37460-GPL14663	0	-0.01383592765778303	0.11704385
GLOM	ERCB_GLOM_H1	RRG-ID	GSE37460-GPL14663|GSM920415	IgAN	ERCB_GLOM_H1|GSE37460-GPL14663	0	0.06031816452741623	0.135836
GLOM	ERCB_GLOM_H1	RRG-ID	GSE37460-GPL14663|GSM920416	IgAN	ERCB_GLOM_H1|GSE37460-GPL14663	0	0.2745216190814972	0.077484906
GLOM	ERCB_GLOM_H1	RRG-ID	GSE37460-GPL14663|GSM920417	IgAN	ERCB_GLOM_H1|GSE37460-GPL14663	0	0.11844059228897094	0.21014857
GLOM	ERCB_GLOM_H1	RRG-ID	GSE37460-GPL14663|GSM920418	IgAN	ERCB_GLOM_H1|GSE37460-GPL14663	0	0.34829181432724	0.16986382
GLOM	ERCB_GLOM_H1	RRG-ID	GSE37460-GPL14663|GSM920419	IgAN	ERCB_GLOM_H1|GSE37460-GPL14663	0	0.3295333325862885	0.16591316
GLOM	ERCB_GLOM_H1	RRG-ID	GSE37460-GPL14663|GSM920421	IgAN	ERCB_GLOM_H1|GSE37460-GPL14663	0	-0.07667401283979416	0.10175675
GLOM	ERCB_GLOM_H1	RRG-ID	GSE37460-GPL14663|GSM920422	IgAN	ERCB_GLOM_H1|GSE37460-GPL14663	0	0.19972793459892274	0.008696079
GLOM	ERCB_GLOM_H1	RRG-ID	GSE37460-GPL14663|GSM920423	IgAN	ERCB_GLOM_H1|GSE37460-GPL14663	0	-0.04934064373373985	0.14425391
GLOM	ERCB_GLOM_H1	RRG-ID	GSE37460-GPL14663|GSM920424	IgAN	ERCB_GLOM_H1|GSE37460-GPL14663	0	0.08419690430164337	0.011513829
GLOM	ERCB_GLOM_H1	RRG-ID	GSE37460-GPL14663|GSM920425	IgAN	ERCB_GLOM_H1|GSE37460-GPL14663	0	-0.08016215711832046	0.07905692
GLOM	ERCB_GLOM_H1	RRG-ID	GSE37460-GPL14663|GSM920426	IgAN	ERCB_GLOM_H1|GSE37460-GPL14663	0	0.19961851537227632	0.101911545
GLOM	ERCB_GLOM_H1	RRG-ID	GSE37460-GPL14663|GSM920427	IgAN	ERCB_GLOM_H1|GSE37460-GPL14663	0	0.6752672910690307	0.16134804
GLOM	ERCB_GLOM_H1	RRG-ID	GSE47183-GPL14663|GSM1146235	FSGS	ERCB_GLOM_H1|GSE47183-GPL14663	0	0.731247353553772	0.12482333
GLOM	ERCB_GLOM_H1	RRG-ID	GSE47183-GPL14663|GSM1146236	FSGS	ERCB_GLOM_H1|GSE47183-GPL14663	0	-0.19810291826725007	-0.057520032
GLOM	ERCB_GLOM_H1	RRG-ID	GSE47183-GPL14663|GSM1146237	FSGS	ERCB_GLOM_H1|GSE47183-GPL14663	0	0.25523269176483154	0.15307367
GLOM	ERCB_GLOM_H1	RRG-ID	GSE47183-GPL14663|GSM1146239	FSGS	ERCB_GLOM_H1|GSE47183-GPL14663	0	0.6564076185226441	0.073637605
GLOM	ERCB_GLOM_H1	RRG-ID	GSE47183-GPL14663|GSM1146240	FSGS	ERCB_GLOM_H1|GSE47183-GPL14663	0	0.6629915714263916	0.16025674
GLOM	ERCB_GLOM_H1	RRG-ID	GSE47183-GPL14663|GSM1146241	FSGS	ERCB_GLOM_H1|GSE47183-GPL14663	0	-0.06394810602068901	0.12596732
GLOM	ERCB_GLOM_H1	RRG-ID	GSE47183-GPL14663|GSM1146242	FSGS	ERCB_GLOM_H1|GSE47183-GPL14663	0	0.32143884897232056	0.026824415
GLOM	ERCB_GLOM_H1	RRG-ID	GSE47183-GPL14663|GSM1146243	FSGS	ERCB_GLOM_H1|GSE47183-GPL14663	0	0.42010743021965025	0.075583875
GLOM	ERCB_GLOM_H1	RRG-ID	GSE47183-GPL14663|GSM1146248	MN	ERCB_GLOM_H1|GSE47183-GPL14663	0	0.10737284123897553	0.091932714
GLOM	ERCB_GLOM_H1	RRG-ID	GSE47183-GPL14663|GSM1146249	MN	ERCB_GLOM_H1|GSE47183-GPL14663	0	0.36295676827430723	0.1217168
GLOM	ERCB_GLOM_H1	RRG-ID	GSE47183-GPL14663|GSM1146250	MN	ERCB_GLOM_H1|GSE47183-GPL14663	0	0.34835954308509826	0.19953293
GLOM	ERCB_GLOM_H1	RRG-ID	GSE47183-GPL14663|GSM1146251	MN	ERCB_GLOM_H1|GSE47183-GPL14663	0	0.4600070118904114	0.16270345
GLOM	ERCB_GLOM_H1	RRG-ID	GSE47183-GPL14663|GSM1146252	MN	ERCB_GLOM_H1|GSE47183-GPL14663	0	-0.004998812405392528	0.14434576
GLOM	ERCB_GLOM_H1	RRG-ID	GSE47183-GPL14663|GSM1146253	MN	ERCB_GLOM_H1|GSE47183-GPL14663	0	0.2396929681301117	0.057288766
GLOM	ERCB_GLOM_H1	RRG-ID	GSE47183-GPL14663|GSM1146254	MN	ERCB_GLOM_H1|GSE47183-GPL14663	0	0.12750532925128938	0.01948917
GLOM	ERCB_GLOM_H1	RRG-ID	GSE47183-GPL14663|GSM1146255	MN	ERCB_GLOM_H1|GSE47183-GPL14663	0	0.20543913543224335	-0.0032025576
GLOM	ERCB_GLOM_H1	RRG-ID	GSE47183-GPL14663|GSM1146256	MN	ERCB_GLOM_H1|GSE47183-GPL14663	0	0.4934280514717102	0.023216486
GLOM	ERCB_GLOM_H1	RRG-ID	GSE47183-GPL14663|GSM1146257	MN	ERCB_GLOM_H1|GSE47183-GPL14663	0	-0.061829996109008786	0.028873205
GLOM	ERCB_GLOM_H1	RRG-ID	GSE47183-GPL14663|GSM1146258	MN	ERCB_GLOM_H1|GSE47183-GPL14663	0	0.6020549893379211	0.1202327
GLOM	ERCB_GLOM_H1	RRG-ID	GSE47183-GPL14663|GSM1146259	MN	ERCB_GLOM_H1|GSE47183-GPL14663	0	0.42887603044509887	0.1479801
GLOM	ERCB_GLOM_H1	RRG-ID	GSE47183-GPL14663|GSM1146260	MN	ERCB_GLOM_H1|GSE47183-GPL14663	0	0.32713080048561094	0.073881805
GLOM	ERCB_GLOM_H1	RRG-ID	GSE47183-GPL14663|GSM1146261	MN	ERCB_GLOM_H1|GSE47183-GPL14663	0	-0.082088702917099	0.063305914
GLOM	ERCB_GLOM_H1	RRG-ID	GSE47183-GPL14663|GSM1146262	MN	ERCB_GLOM_H1|GSE47183-GPL14663	0	0.16202999651432037	0.11628699
GLOM	ERCB_GLOM_H1	RRG-ID	GSE47183-GPL14663|GSM1146263	MN	ERCB_GLOM_H1|GSE47183-GPL14663	0	-0.022595788538455962	0.06788808
GLOM	ERCB_GLOM_H1	RRG-ID	GSE47183-GPL14663|GSM1146264	MN	ERCB_GLOM_H1|GSE47183-GPL14663	0	0.3169649183750153	0.16360629
GLOM	ERCB_GLOM_H1	RRG-ID	GSE47183-GPL14663|GSM1146265	MN	ERCB_GLOM_H1|GSE47183-GPL14663	0	0.3966034412384033	0.12878382
GLOM	ERCB_GLOM_H1	RRG-ID	GSE47183-GPL14663|GSM1146266	MN	ERCB_GLOM_H1|GSE47183-GPL14663	0	0.17946211397647857	0.124673724
GLOM	ERCB_GLOM_H1	RRG-ID	GSE47183-GPL14663|GSM1146267	MN	ERCB_GLOM_H1|GSE47183-GPL14663	0	0.4635289669036865	0.14936632
GLOM	ERCB_GLOM_H1	RRG-ID	GSE47183-GPL14663|GSM1146268	MN	ERCB_GLOM_H1|GSE47183-GPL14663	0	0.051104401051998136	0.010189772
GLOM	ERCB_GLOM_H1	RRG-ID	GSE32591-GPL14663|GSM807889	LN	ERCB_GLOM_H1|GSE32591-GPL14663	0	0.20280723869800568	0.1996162
GLOM	ERCB_GLOM_H1	RRG-ID	GSE32591-GPL14663|GSM807890	LN	ERCB_GLOM_H1|GSE32591-GPL14663	0	0.13674390316009521	0.14593291
GLOM	ERCB_GLOM_H1	RRG-ID	GSE32591-GPL14663|GSM807891	LN	ERCB_GLOM_H1|GSE32591-GPL14663	0	0.4410668671131134	0.08410859
GLOM	ERCB_GLOM_H1	RRG-ID	GSE32591-GPL14663|GSM807892	LN	ERCB_GLOM_H1|GSE32591-GPL14663	0	0.17298107743263244	0.14702892
GLOM	ERCB_GLOM_H1	RRG-ID	GSE32591-GPL14663|GSM807893	LN	ERCB_GLOM_H1|GSE32591-GPL14663	0	0.3602780759334564	0.12225956
GLOM	ERCB_GLOM_H1	RRG-ID	GSE32591-GPL14663|GSM807894	LN	ERCB_GLOM_H1|GSE32591-GPL14663	0	0.05631132572889328	0.16279829
GLOM	ERCB_GLOM_H1	RRG-ID	GSE32591-GPL14663|GSM807895	LN	ERCB_GLOM_H1|GSE32591-GPL14663	0	1.2315914630889893	0.24098143
GLOM	ERCB_GLOM_H1	RRG-ID	GSE32591-GPL14663|GSM807896	LN	ERCB_GLOM_H1|GSE32591-GPL14663	0	0.11228307932615281	0.26566884
GLOM	ERCB_GLOM_H1	RRG-ID	GSE32591-GPL14663|GSM807897	LN	ERCB_GLOM_H1|GSE32591-GPL14663	0	0.15961337089538574	0.22644138
GLOM	ERCB_GLOM_H1	RRG-ID	GSE32591-GPL14663|GSM807898	LN	ERCB_GLOM_H1|GSE32591-GPL14663	0	0.5421437382698059	0.11806458
GLOM	ERCB_GLOM_H1	RRG-ID	GSE32591-GPL14663|GSM807899	LN	ERCB_GLOM_H1|GSE32591-GPL14663	0	0.4934475600719452	0.25386155
GLOM	ERCB_GLOM_H1	RRG-ID	GSE32591-GPL14663|GSM807900	LN	ERCB_GLOM_H1|GSE32591-GPL14663	0	0.16273286938667297	0.07223207
GLOM	ERCB_GLOM_H1	RRG-ID	GSE32591-GPL14663|GSM807901	LN	ERCB_GLOM_H1|GSE32591-GPL14663	0	-0.10107102245092392	0.11520225
GLOM	ERCB_GLOM_H1	RRG-ID	GSE32591-GPL14663|GSM807902	LN	ERCB_GLOM_H1|GSE32591-GPL14663	0	0.43938457369804385	0.13380063
GLOM	ERCB_GLOM_H1	RRG-ID	GSE32591-GPL14663|GSM807903	LN	ERCB_GLOM_H1|GSE32591-GPL14663	0	0.8569087386131287	0.10170525
GLOM	ERCB_GLOM_H1	RRG-ID	GSE32591-GPL14663|GSM807904	LN	ERCB_GLOM_H1|GSE32591-GPL14663	0	0.025304670631885528	0.08674687
GLOM	ERCB_GLOM_H1	RRG-ID	GSE32591-GPL14663|GSM807905	LN	ERCB_GLOM_H1|GSE32591-GPL14663	0	0.16129405796527863	-0.015378118
GLOM	ERCB_GLOM_H1	RRG-ID	GSE32591-GPL14663|GSM807906	LN	ERCB_GLOM_H1|GSE32591-GPL14663	0	1.0411704778671265	0.068867564
GLOM	ERCB_GLOM_H1	RRG-ID	GSE32591-GPL14663|GSM807907	LN	ERCB_GLOM_H1|GSE32591-GPL14663	0	0.43009926080703736	0.05145186
GLOM	ERCB_GLOM_H1	RRG-ID	GSE32591-GPL14663|GSM807908	LN	ERCB_GLOM_H1|GSE32591-GPL14663	0	0.5281490564346314	0.13896006
GLOM	ERCB_GLOM_H1	RRG-ID	GSE32591-GPL14663|GSM807909	LN	ERCB_GLOM_H1|GSE32591-GPL14663	0	-0.01303079929202795	0.14450353
GLOM	ERCB_GLOM_H1	RRG-ID	GSE32591-GPL14663|GSM807910	LN	ERCB_GLOM_H1|GSE32591-GPL14663	0	0.2588107824325562	0.18395746
GLOM	ERCB_GLOM_H1	RRG-ID	GSE32591-GPL14663|GSM807911	LN	ERCB_GLOM_H1|GSE32591-GPL14663	0	0.8463251113891601	-0.027548015
GLOM	ERCB_GLOM_H1	RRG-ID	GSE32591-GPL14663|GSM807912	LN	ERCB_GLOM_H1|GSE32591-GPL14663	0	0.09744492769241334	0.19119596
GLOM	ERCB_GLOM_H1	RRG-ID	GSE32591-GPL14663|GSM807913	LN	ERCB_GLOM_H1|GSE32591-GPL14663	0	0.015716869197785855	0.15095872
GLOM	ERCB_GLOM_H1	RRG-ID	GSE32591-GPL14663|GSM807914	LN	ERCB_GLOM_H1|GSE32591-GPL14663	0	0.1927598774433136	0.23493141
GLOM	ERCB_GLOM_H1	RRG-ID	GSE32591-GPL14663|GSM807915	LN	ERCB_GLOM_H1|GSE32591-GPL14663	0	0.05528502836823464	0.21939093
GLOM	ERCB_GLOM_H1	RRG-ID	GSE32591-GPL14663|GSM807916	LN	ERCB_GLOM_H1|GSE32591-GPL14663	0	-0.021479104831814765	0.07877326
GLOM	ERCB_GLOM_H1	RRG-ID	GSE32591-GPL14663|GSM807917	LN	ERCB_GLOM_H1|GSE32591-GPL14663	0	1.0707128763198852	0.119160295
GLOM	ERCB_GLOM_H1	RRG-ID	GSE32591-GPL14663|GSM807918	LN	ERCB_GLOM_H1|GSE32591-GPL14663	0	-0.0016833063447847963	0.18306845
GLOM	ERCB_GLOM_H1	RRG-ID	GSE32591-GPL14663|GSM807919	LN	ERCB_GLOM_H1|GSE32591-GPL14663	0	0.1582717090845108	0.12898654
GLOM	ERCB_GLOM_H1	RRG-ID	GSE32591-GPL14663|GSM807920	LN	ERCB_GLOM_H1|GSE32591-GPL14663	0	0.24786457419395447	0.22802883
GLOM	ERCB_GLOM_H1	RRG-ID	GSE47183-GPL14663|GSM1146238	FSGS	ERCB_GLOM_H1|GSE47183-GPL14663	0	-0.1631816506385803	0.13736123
GLOM	ERCB_GLOM_H1	B-L2	GSE47183-GPL14663|GSM1146201	DKD	ERCB_GLOM_H1|GSE47183-GPL14663	1	-5.092435200672463	0.12712938
GLOM	ERCB_GLOM_H1	B-L2	GSE47183-GPL14663|GSM1146202	DKD	ERCB_GLOM_H1|GSE47183-GPL14663	1	1.3988183337391822	0.19590199
GLOM	ERCB_GLOM_H1	B-L2	GSE47183-GPL14663|GSM1146203	DKD	ERCB_GLOM_H1|GSE47183-GPL14663	1	-5.973186935530389	0.16536963
GLOM	ERCB_GLOM_H1	B-L2	GSE47183-GPL14663|GSM1146204	DKD	ERCB_GLOM_H1|GSE47183-GPL14663	1	-9.12692556717799	0.20820123
GLOM	ERCB_GLOM_H1	B-L2	GSE47183-GPL14663|GSM1146205	DKD	ERCB_GLOM_H1|GSE47183-GPL14663	1	-3.6726408773505437	0.1311791
GLOM	ERCB_GLOM_H1	B-L2	GSE47183-GPL14663|GSM1146208	MCD	ERCB_GLOM_H1|GSE47183-GPL14663	0	-8.50693311338123	0.13819712
GLOM	ERCB_GLOM_H1	B-L2	GSE47183-GPL14663|GSM1146209	MCD	ERCB_GLOM_H1|GSE47183-GPL14663	0	-12.444812360155511	0.13664192
GLOM	ERCB_GLOM_H1	B-L2	GSE47183-GPL14663|GSM1146210	MCD	ERCB_GLOM_H1|GSE47183-GPL14663	0	-9.949201256108406	0.04992366
GLOM	ERCB_GLOM_H1	B-L2	GSE47183-GPL14663|GSM1146211	MCD	ERCB_GLOM_H1|GSE47183-GPL14663	0	-14.83647261096237	0.04580784
GLOM	ERCB_GLOM_H1	B-L2	GSE37460-GPL14663|GSM920386	HT	ERCB_GLOM_H1|GSE37460-GPL14663	0	-7.503637028877245	0.18514508
GLOM	ERCB_GLOM_H1	B-L2	GSE37460-GPL14663|GSM920387	HT	ERCB_GLOM_H1|GSE37460-GPL14663	0	-7.709312652377345	0.09378618
GLOM	ERCB_GLOM_H1	B-L2	GSE37460-GPL14663|GSM920388	HT	ERCB_GLOM_H1|GSE37460-GPL14663	0	-6.981124985170274	0.07148552
GLOM	ERCB_GLOM_H1	B-L2	GSE37460-GPL14663|GSM920389	HT	ERCB_GLOM_H1|GSE37460-GPL14663	0	-8.896944871313385	-0.053156197
GLOM	ERCB_GLOM_H1	B-L2	GSE37460-GPL14663|GSM920390	HT	ERCB_GLOM_H1|GSE37460-GPL14663	0	-5.7987995184961525	0.15726519
GLOM	ERCB_GLOM_H1	B-L2	GSE37460-GPL14663|GSM920391	HT	ERCB_GLOM_H1|GSE37460-GPL14663	0	-4.499882189147187	0.09720516
GLOM	ERCB_GLOM_H1	B-L2	GSE37460-GPL14663|GSM920392	HT	ERCB_GLOM_H1|GSE37460-GPL14663	0	-8.598776920584003	0.13210261
GLOM	ERCB_GLOM_H1	B-L2	GSE37460-GPL14663|GSM920393	HT	ERCB_GLOM_H1|GSE37460-GPL14663	0	-12.52492848730874	0.11844581
GLOM	ERCB_GLOM_H1	B-L2	GSE37460-GPL14663|GSM920394	HT	ERCB_GLOM_H1|GSE37460-GPL14663	0	-6.159388854443079	0.16945165
GLOM	ERCB_GLOM_H1	B-L2	GSE37460-GPL14663|GSM920395	HT	ERCB_GLOM_H1|GSE37460-GPL14663	0	-7.5319019882482765	0.12787986
GLOM	ERCB_GLOM_H1	B-L2	GSE37460-GPL14663|GSM920396	HT	ERCB_GLOM_H1|GSE37460-GPL14663	0	-6.95581284801851	0.13414598
GLOM	ERCB_GLOM_H1	B-L2	GSE37460-GPL14663|GSM920397	HT	ERCB_GLOM_H1|GSE37460-GPL14663	0	-6.890422318262519	0.1763857
GLOM	ERCB_GLOM_H1	B-L2	GSE37460-GPL14663|GSM920398	HT	ERCB_GLOM_H1|GSE37460-GPL14663	0	-4.445939404548998	0.1167264
GLOM	ERCB_GLOM_H1	B-L2	GSE37460-GPL14663|GSM920399	HT	ERCB_GLOM_H1|GSE37460-GPL14663	0	-5.924803901170298	0.07233322
GLOM	ERCB_GLOM_H1	B-L2	GSE37460-GPL14663|GSM920400	HT	ERCB_GLOM_H1|GSE37460-GPL14663	0	-4.880075983160271	0.14203537
GLOM	ERCB_GLOM_H1	B-L2	GSE47183-GPL14663|GSM1146223	MCD	ERCB_GLOM_H1|GSE47183-GPL14663	0	-9.346716421857108	0.1368829
GLOM	ERCB_GLOM_H1	B-L2	GSE47183-GPL14663|GSM1146224	MCD	ERCB_GLOM_H1|GSE47183-GPL14663	0	-3.8823906150341387	0.21177715
GLOM	ERCB_GLOM_H1	B-L2	GSE47183-GPL14663|GSM1146225	MCD	ERCB_GLOM_H1|GSE47183-GPL14663	0	-13.126397553540052	0.1056453
GLOM	ERCB_GLOM_H1	B-L2	GSE47183-GPL14663|GSM1146226	MCD	ERCB_GLOM_H1|GSE47183-GPL14663	0	-4.094597562588033	0.1378141
GLOM	ERCB_GLOM_H1	B-L2	GSE47183-GPL14663|GSM1146227	MCD	ERCB_GLOM_H1|GSE47183-GPL14663	0	-8.250079567166377	0.09056574
GLOM	ERCB_GLOM_H1	B-L2	GSE37460-GPL14663|GSM920411	IgAN	ERCB_GLOM_H1|GSE37460-GPL14663	0	-8.797942840003127	0.07728785
GLOM	ERCB_GLOM_H1	B-L2	GSE37460-GPL14663|GSM920401	IgAN	ERCB_GLOM_H1|GSE37460-GPL14663	0	-8.715557674225975	-0.015109897
GLOM	ERCB_GLOM_H1	B-L2	GSE37460-GPL14663|GSM920402	IgAN	ERCB_GLOM_H1|GSE37460-GPL14663	0	-7.278957283217981	0.10076648
GLOM	ERCB_GLOM_H1	B-L2	GSE37460-GPL14663|GSM920403	IgAN	ERCB_GLOM_H1|GSE37460-GPL14663	0	-9.423769141658108	0.23763701
GLOM	ERCB_GLOM_H1	B-L2	GSE37460-GPL14663|GSM920404	IgAN	ERCB_GLOM_H1|GSE37460-GPL14663	0	-7.311522932602989	0.16764104
GLOM	ERCB_GLOM_H1	B-L2	GSE37460-GPL14663|GSM920405	IgAN	ERCB_GLOM_H1|GSE37460-GPL14663	0	-12.836827355154194	0.1301688
GLOM	ERCB_GLOM_H1	B-L2	GSE37460-GPL14663|GSM920406	IgAN	ERCB_GLOM_H1|GSE37460-GPL14663	0	-9.076958346567695	0.1795404
GLOM	ERCB_GLOM_H1	B-L2	GSE37460-GPL14663|GSM920407	IgAN	ERCB_GLOM_H1|GSE37460-GPL14663	0	-0.8249708143770937	0.19185376
GLOM	ERCB_GLOM_H1	B-L2	GSE37460-GPL14663|GSM920408	IgAN	ERCB_GLOM_H1|GSE37460-GPL14663	0	-5.227907829692989	0.04620415
GLOM	ERCB_GLOM_H1	B-L2	GSE37460-GPL14663|GSM920409	IgAN	ERCB_GLOM_H1|GSE37460-GPL14663	0	-9.079819575479904	0.1939776
GLOM	ERCB_GLOM_H1	B-L2	GSE37460-GPL14663|GSM920410	IgAN	ERCB_GLOM_H1|GSE37460-GPL14663	0	-5.909088765741539	0.12818265
GLOM	ERCB_GLOM_H1	B-L2	GSE37460-GPL14663|GSM920420	IgAN	ERCB_GLOM_H1|GSE37460-GPL14663	0	-4.2390857525583625	0.049260855
GLOM	ERCB_GLOM_H1	B-L2	GSE37460-GPL14663|GSM920412	IgAN	ERCB_GLOM_H1|GSE37460-GPL14663	0	-2.674386970985452	0.0532583
GLOM	ERCB_GLOM_H1	B-L2	GSE37460-GPL14663|GSM920413	IgAN	ERCB_GLOM_H1|GSE37460-GPL14663	0	-5.440235203721082	0.19578648
GLOM	ERCB_GLOM_H1	B-L2	GSE37460-GPL14663|GSM920414	IgAN	ERCB_GLOM_H1|GSE37460-GPL14663	0	-7.005673460051249	0.11704385
GLOM	ERCB_GLOM_H1	B-L2	GSE37460-GPL14663|GSM920415	IgAN	ERCB_GLOM_H1|GSE37460-GPL14663	0	-6.40021006615397	0.135836
GLOM	ERCB_GLOM_H1	B-L2	GSE37460-GPL14663|GSM920416	IgAN	ERCB_GLOM_H1|GSE37460-GPL14663	0	-4.731035362190925	0.077484906
GLOM	ERCB_GLOM_H1	B-L2	GSE37460-GPL14663|GSM920417	IgAN	ERCB_GLOM_H1|GSE37460-GPL14663	0	-6.752740102867679	0.21014857
GLOM	ERCB_GLOM_H1	B-L2	GSE37460-GPL14663|GSM920418	IgAN	ERCB_GLOM_H1|GSE37460-GPL14663	0	-5.091965653534131	0.16986382
GLOM	ERCB_GLOM_H1	B-L2	GSE37460-GPL14663|GSM920419	IgAN	ERCB_GLOM_H1|GSE37460-GPL14663	0	-5.742239075660248	0.16591316
GLOM	ERCB_GLOM_H1	B-L2	GSE37460-GPL14663|GSM920421	IgAN	ERCB_GLOM_H1|GSE37460-GPL14663	0	-12.1744040094654	0.10175675
GLOM	ERCB_GLOM_H1	B-L2	GSE37460-GPL14663|GSM920422	IgAN	ERCB_GLOM_H1|GSE37460-GPL14663	0	-5.81008391676272	0.008696079
GLOM	ERCB_GLOM_H1	B-L2	GSE37460-GPL14663|GSM920423	IgAN	ERCB_GLOM_H1|GSE37460-GPL14663	0	-11.114594893354743	0.14425391
GLOM	ERCB_GLOM_H1	B-L2	GSE37460-GPL14663|GSM920424	IgAN	ERCB_GLOM_H1|GSE37460-GPL14663	0	-9.488755154876717	0.011513829
GLOM	ERCB_GLOM_H1	B-L2	GSE37460-GPL14663|GSM920425	IgAN	ERCB_GLOM_H1|GSE37460-GPL14663	0	-8.02621273311667	0.07905692
GLOM	ERCB_GLOM_H1	B-L2	GSE37460-GPL14663|GSM920426	IgAN	ERCB_GLOM_H1|GSE37460-GPL14663	0	-8.277689915343386	0.101911545
GLOM	ERCB_GLOM_H1	B-L2	GSE37460-GPL14663|GSM920427	IgAN	ERCB_GLOM_H1|GSE37460-GPL14663	0	-5.793307508074966	0.16134804
GLOM	ERCB_GLOM_H1	B-L2	GSE47183-GPL14663|GSM1146235	FSGS	ERCB_GLOM_H1|GSE47183-GPL14663	0	0.3392515634146563	0.12482333
GLOM	ERCB_GLOM_H1	B-L2	GSE47183-GPL14663|GSM1146236	FSGS	ERCB_GLOM_H1|GSE47183-GPL14663	0	-8.014530339041784	-0.057520032
GLOM	ERCB_GLOM_H1	B-L2	GSE47183-GPL14663|GSM1146237	FSGS	ERCB_GLOM_H1|GSE47183-GPL14663	0	-5.517438092065662	0.15307367
GLOM	ERCB_GLOM_H1	B-L2	GSE47183-GPL14663|GSM1146239	FSGS	ERCB_GLOM_H1|GSE47183-GPL14663	0	-3.2971994660023256	0.073637605
GLOM	ERCB_GLOM_H1	B-L2	GSE47183-GPL14663|GSM1146240	FSGS	ERCB_GLOM_H1|GSE47183-GPL14663	0	-1.854061918189007	0.16025674
GLOM	ERCB_GLOM_H1	B-L2	GSE47183-GPL14663|GSM1146241	FSGS	ERCB_GLOM_H1|GSE47183-GPL14663	0	-11.205520253181785	0.12596732
GLOM	ERCB_GLOM_H1	B-L2	GSE47183-GPL14663|GSM1146242	FSGS	ERCB_GLOM_H1|GSE47183-GPL14663	0	-5.665196693589022	0.026824415
GLOM	ERCB_GLOM_H1	B-L2	GSE47183-GPL14663|GSM1146243	FSGS	ERCB_GLOM_H1|GSE47183-GPL14663	0	-5.95584951496716	0.075583875
GLOM	ERCB_GLOM_H1	B-L2	GSE47183-GPL14663|GSM1146248	MN	ERCB_GLOM_H1|GSE47183-GPL14663	0	-9.4886808213669	0.091932714
GLOM	ERCB_GLOM_H1	B-L2	GSE47183-GPL14663|GSM1146249	MN	ERCB_GLOM_H1|GSE47183-GPL14663	0	-5.326788105399516	0.1217168
GLOM	ERCB_GLOM_H1	B-L2	GSE47183-GPL14663|GSM1146250	MN	ERCB_GLOM_H1|GSE47183-GPL14663	0	-5.61436546003281	0.19953293
GLOM	ERCB_GLOM_H1	B-L2	GSE47183-GPL14663|GSM1146251	MN	ERCB_GLOM_H1|GSE47183-GPL14663	0	-4.313750381916432	0.16270345
GLOM	ERCB_GLOM_H1	B-L2	GSE47183-GPL14663|GSM1146252	MN	ERCB_GLOM_H1|GSE47183-GPL14663	0	-6.7758654138214816	0.14434576
GLOM	ERCB_GLOM_H1	B-L2	GSE47183-GPL14663|GSM1146253	MN	ERCB_GLOM_H1|GSE47183-GPL14663	0	-5.506750597764878	0.057288766
GLOM	ERCB_GLOM_H1	B-L2	GSE47183-GPL14663|GSM1146254	MN	ERCB_GLOM_H1|GSE47183-GPL14663	0	-8.45638737233163	0.01948917
GLOM	ERCB_GLOM_H1	B-L2	GSE47183-GPL14663|GSM1146255	MN	ERCB_GLOM_H1|GSE47183-GPL14663	0	-5.529914289079207	-0.0032025576
GLOM	ERCB_GLOM_H1	B-L2	GSE47183-GPL14663|GSM1146256	MN	ERCB_GLOM_H1|GSE47183-GPL14663	0	-1.3993715657509245	0.023216486
GLOM	ERCB_GLOM_H1	B-L2	GSE47183-GPL14663|GSM1146257	MN	ERCB_GLOM_H1|GSE47183-GPL14663	0	-7.0170717990809655	0.028873205
GLOM	ERCB_GLOM_H1	B-L2	GSE47183-GPL14663|GSM1146258	MN	ERCB_GLOM_H1|GSE47183-GPL14663	0	-0.40835557949732176	0.1202327
GLOM	ERCB_GLOM_H1	B-L2	GSE47183-GPL14663|GSM1146259	MN	ERCB_GLOM_H1|GSE47183-GPL14663	0	-3.190685592521567	0.1479801
GLOM	ERCB_GLOM_H1	B-L2	GSE47183-GPL14663|GSM1146260	MN	ERCB_GLOM_H1|GSE47183-GPL14663	0	-0.704296697444713	0.073881805
GLOM	ERCB_GLOM_H1	B-L2	GSE47183-GPL14663|GSM1146261	MN	ERCB_GLOM_H1|GSE47183-GPL14663	0	-9.558998365401946	0.063305914
GLOM	ERCB_GLOM_H1	B-L2	GSE47183-GPL14663|GSM1146262	MN	ERCB_GLOM_H1|GSE47183-GPL14663	0	-7.207013703493748	0.11628699
GLOM	ERCB_GLOM_H1	B-L2	GSE47183-GPL14663|GSM1146263	MN	ERCB_GLOM_H1|GSE47183-GPL14663	0	-9.958034862435225	0.06788808
GLOM	ERCB_GLOM_H1	B-L2	GSE47183-GPL14663|GSM1146264	MN	ERCB_GLOM_H1|GSE47183-GPL14663	0	-4.370778712143348	0.16360629
GLOM	ERCB_GLOM_H1	B-L2	GSE47183-GPL14663|GSM1146265	MN	ERCB_GLOM_H1|GSE47183-GPL14663	0	-8.200064929101742	0.12878382
GLOM	ERCB_GLOM_H1	B-L2	GSE47183-GPL14663|GSM1146266	MN	ERCB_GLOM_H1|GSE47183-GPL14663	0	-6.543236597771036	0.124673724
GLOM	ERCB_GLOM_H1	B-L2	GSE47183-GPL14663|GSM1146267	MN	ERCB_GLOM_H1|GSE47183-GPL14663	0	-6.830818943371972	0.14936632
GLOM	ERCB_GLOM_H1	B-L2	GSE47183-GPL14663|GSM1146268	MN	ERCB_GLOM_H1|GSE47183-GPL14663	0	-8.192688423059215	0.010189772
GLOM	ERCB_GLOM_H1	B-L2	GSE32591-GPL14663|GSM807889	LN	ERCB_GLOM_H1|GSE32591-GPL14663	0	-6.396481650609547	0.1996162
GLOM	ERCB_GLOM_H1	B-L2	GSE32591-GPL14663|GSM807890	LN	ERCB_GLOM_H1|GSE32591-GPL14663	0	-5.402644657933325	0.14593291
GLOM	ERCB_GLOM_H1	B-L2	GSE32591-GPL14663|GSM807891	LN	ERCB_GLOM_H1|GSE32591-GPL14663	0	-1.1778293413673324	0.08410859
GLOM	ERCB_GLOM_H1	B-L2	GSE32591-GPL14663|GSM807892	LN	ERCB_GLOM_H1|GSE32591-GPL14663	0	-5.876886545007456	0.14702892
GLOM	ERCB_GLOM_H1	B-L2	GSE32591-GPL14663|GSM807893	LN	ERCB_GLOM_H1|GSE32591-GPL14663	0	-2.1005411470715516	0.12225956
GLOM	ERCB_GLOM_H1	B-L2	GSE32591-GPL14663|GSM807894	LN	ERCB_GLOM_H1|GSE32591-GPL14663	0	-9.246331098127008	0.16279829
GLOM	ERCB_GLOM_H1	B-L2	GSE32591-GPL14663|GSM807895	LN	ERCB_GLOM_H1|GSE32591-GPL14663	0	1.1878963515989749	0.24098143
GLOM	ERCB_GLOM_H1	B-L2	GSE32591-GPL14663|GSM807896	LN	ERCB_GLOM_H1|GSE32591-GPL14663	0	-8.761743512653448	0.26566884
GLOM	ERCB_GLOM_H1	B-L2	GSE32591-GPL14663|GSM807897	LN	ERCB_GLOM_H1|GSE32591-GPL14663	0	-10.297631130900863	0.22644138
GLOM	ERCB_GLOM_H1	B-L2	GSE32591-GPL14663|GSM807898	LN	ERCB_GLOM_H1|GSE32591-GPL14663	0	-3.5919532986683436	0.11806458
GLOM	ERCB_GLOM_H1	B-L2	GSE32591-GPL14663|GSM807899	LN	ERCB_GLOM_H1|GSE32591-GPL14663	0	-7.103740313400611	0.25386155
GLOM	ERCB_GLOM_H1	B-L2	GSE32591-GPL14663|GSM807900	LN	ERCB_GLOM_H1|GSE32591-GPL14663	0	-6.853735630881496	0.07223207
GLOM	ERCB_GLOM_H1	B-L2	GSE32591-GPL14663|GSM807901	LN	ERCB_GLOM_H1|GSE32591-GPL14663	0	-11.00320682811582	0.11520225
GLOM	ERCB_GLOM_H1	B-L2	GSE32591-GPL14663|GSM807902	LN	ERCB_GLOM_H1|GSE32591-GPL14663	0	-6.073674606838896	0.13380063
GLOM	ERCB_GLOM_H1	B-L2	GSE32591-GPL14663|GSM807903	LN	ERCB_GLOM_H1|GSE32591-GPL14663	0	-2.899145671959742	0.10170525
GLOM	ERCB_GLOM_H1	B-L2	GSE32591-GPL14663|GSM807904	LN	ERCB_GLOM_H1|GSE32591-GPL14663	0	-11.864741819859828	0.08674687
GLOM	ERCB_GLOM_H1	B-L2	GSE32591-GPL14663|GSM807905	LN	ERCB_GLOM_H1|GSE32591-GPL14663	0	-4.650498901993373	-0.015378118
GLOM	ERCB_GLOM_H1	B-L2	GSE32591-GPL14663|GSM807906	LN	ERCB_GLOM_H1|GSE32591-GPL14663	0	4.145851517336802	0.068867564
GLOM	ERCB_GLOM_H1	B-L2	GSE32591-GPL14663|GSM807907	LN	ERCB_GLOM_H1|GSE32591-GPL14663	0	-0.5999675724305357	0.05145186
GLOM	ERCB_GLOM_H1	B-L2	GSE32591-GPL14663|GSM807908	LN	ERCB_GLOM_H1|GSE32591-GPL14663	0	-4.544278557240396	0.13896006
GLOM	ERCB_GLOM_H1	B-L2	GSE32591-GPL14663|GSM807909	LN	ERCB_GLOM_H1|GSE32591-GPL14663	0	-9.118547552146216	0.14450353
GLOM	ERCB_GLOM_H1	B-L2	GSE32591-GPL14663|GSM807910	LN	ERCB_GLOM_H1|GSE32591-GPL14663	0	-6.318816189926386	0.18395746
GLOM	ERCB_GLOM_H1	B-L2	GSE32591-GPL14663|GSM807911	LN	ERCB_GLOM_H1|GSE32591-GPL14663	0	-1.794619225849831	-0.027548015
GLOM	ERCB_GLOM_H1	B-L2	GSE32591-GPL14663|GSM807912	LN	ERCB_GLOM_H1|GSE32591-GPL14663	0	-7.519745997102945	0.19119596
GLOM	ERCB_GLOM_H1	B-L2	GSE32591-GPL14663|GSM807913	LN	ERCB_GLOM_H1|GSE32591-GPL14663	0	-8.727837282363483	0.15095872
GLOM	ERCB_GLOM_H1	B-L2	GSE32591-GPL14663|GSM807914	LN	ERCB_GLOM_H1|GSE32591-GPL14663	0	-8.904384110583202	0.23493141
GLOM	ERCB_GLOM_H1	B-L2	GSE32591-GPL14663|GSM807915	LN	ERCB_GLOM_H1|GSE32591-GPL14663	0	-8.378718370291292	0.21939093
GLOM	ERCB_GLOM_H1	B-L2	GSE32591-GPL14663|GSM807916	LN	ERCB_GLOM_H1|GSE32591-GPL14663	0	-10.262245893166439	0.07877326
GLOM	ERCB_GLOM_H1	B-L2	GSE32591-GPL14663|GSM807917	LN	ERCB_GLOM_H1|GSE32591-GPL14663	0	0.724638295466399	0.119160295
GLOM	ERCB_GLOM_H1	B-L2	GSE32591-GPL14663|GSM807918	LN	ERCB_GLOM_H1|GSE32591-GPL14663	0	-7.9807305878680825	0.18306845
GLOM	ERCB_GLOM_H1	B-L2	GSE32591-GPL14663|GSM807919	LN	ERCB_GLOM_H1|GSE32591-GPL14663	0	-6.656708035682176	0.12898654
GLOM	ERCB_GLOM_H1	B-L2	GSE32591-GPL14663|GSM807920	LN	ERCB_GLOM_H1|GSE32591-GPL14663	0	-6.917141860736351	0.22802883
GLOM	ERCB_GLOM_H1	B-L2	GSE47183-GPL14663|GSM1146238	FSGS	ERCB_GLOM_H1|GSE47183-GPL14663	0	-12.391831393066594	0.13736123
GLOM	ERCB_GLOM_H1	B-rankLASSO	GSE47183-GPL14663|GSM1146201	DKD	ERCB_GLOM_H1|GSE47183-GPL14663	1	-0.09954050248560387	0.12712938
GLOM	ERCB_GLOM_H1	B-rankLASSO	GSE47183-GPL14663|GSM1146202	DKD	ERCB_GLOM_H1|GSE47183-GPL14663	1	-0.10039713366658612	0.19590199
GLOM	ERCB_GLOM_H1	B-rankLASSO	GSE47183-GPL14663|GSM1146203	DKD	ERCB_GLOM_H1|GSE47183-GPL14663	1	-0.09946265779076723	0.16536963
GLOM	ERCB_GLOM_H1	B-rankLASSO	GSE47183-GPL14663|GSM1146204	DKD	ERCB_GLOM_H1|GSE47183-GPL14663	1	-0.0996962937366109	0.20820123
GLOM	ERCB_GLOM_H1	B-rankLASSO	GSE47183-GPL14663|GSM1146205	DKD	ERCB_GLOM_H1|GSE47183-GPL14663	1	-0.10024138768728297	0.1311791
GLOM	ERCB_GLOM_H1	B-rankLASSO	GSE47183-GPL14663|GSM1146208	MCD	ERCB_GLOM_H1|GSE47183-GPL14663	0	-0.0996183924521444	0.13819712
GLOM	ERCB_GLOM_H1	B-rankLASSO	GSE47183-GPL14663|GSM1146209	MCD	ERCB_GLOM_H1|GSE47183-GPL14663	0	-0.09985202839798808	0.13664192
GLOM	ERCB_GLOM_H1	B-rankLASSO	GSE47183-GPL14663|GSM1146210	MCD	ERCB_GLOM_H1|GSE47183-GPL14663	0	-0.10024138768728297	0.04992366
GLOM	ERCB_GLOM_H1	B-rankLASSO	GSE47183-GPL14663|GSM1146211	MCD	ERCB_GLOM_H1|GSE47183-GPL14663	0	-0.10024138768728297	0.04580784
GLOM	ERCB_GLOM_H1	B-rankLASSO	GSE37460-GPL14663|GSM920386	HT	ERCB_GLOM_H1|GSE37460-GPL14663	0	-0.10000776305936526	0.18514508
GLOM	ERCB_GLOM_H1	B-rankLASSO	GSE37460-GPL14663|GSM920387	HT	ERCB_GLOM_H1|GSE37460-GPL14663	0	-0.10000776305936526	0.09378618
GLOM	ERCB_GLOM_H1	B-rankLASSO	GSE37460-GPL14663|GSM920388	HT	ERCB_GLOM_H1|GSE37460-GPL14663	0	-0.1000856530259058	0.07148552
GLOM	ERCB_GLOM_H1	B-rankLASSO	GSE37460-GPL14663|GSM920389	HT	ERCB_GLOM_H1|GSE37460-GPL14663	0	-0.10024138768728297	-0.053156197
GLOM	ERCB_GLOM_H1	B-rankLASSO	GSE37460-GPL14663|GSM920390	HT	ERCB_GLOM_H1|GSE37460-GPL14663	0	-0.10000776305936526	0.15726519
GLOM	ERCB_GLOM_H1	B-rankLASSO	GSE37460-GPL14663|GSM920391	HT	ERCB_GLOM_H1|GSE37460-GPL14663	0	-0.09946265779076723	0.09720516
GLOM	ERCB_GLOM_H1	B-rankLASSO	GSE37460-GPL14663|GSM920392	HT	ERCB_GLOM_H1|GSE37460-GPL14663	0	-0.09954050248560387	0.13210261
GLOM	ERCB_GLOM_H1	B-rankLASSO	GSE37460-GPL14663|GSM920393	HT	ERCB_GLOM_H1|GSE37460-GPL14663	0	-0.09992991836452862	0.11844581
GLOM	ERCB_GLOM_H1	B-rankLASSO	GSE37460-GPL14663|GSM920394	HT	ERCB_GLOM_H1|GSE37460-GPL14663	0	-0.1000856530259058	0.16945165
GLOM	ERCB_GLOM_H1	B-rankLASSO	GSE37460-GPL14663|GSM920395	HT	ERCB_GLOM_H1|GSE37460-GPL14663	0	-0.09946265779076723	0.12787986
GLOM	ERCB_GLOM_H1	B-rankLASSO	GSE37460-GPL14663|GSM920396	HT	ERCB_GLOM_H1|GSE37460-GPL14663	0	-0.09946265779076723	0.13414598
GLOM	ERCB_GLOM_H1	B-rankLASSO	GSE37460-GPL14663|GSM920397	HT	ERCB_GLOM_H1|GSE37460-GPL14663	0	-0.09946265779076723	0.1763857
GLOM	ERCB_GLOM_H1	B-rankLASSO	GSE37460-GPL14663|GSM920398	HT	ERCB_GLOM_H1|GSE37460-GPL14663	0	-0.0996183924521444	0.1167264
GLOM	ERCB_GLOM_H1	B-rankLASSO	GSE37460-GPL14663|GSM920399	HT	ERCB_GLOM_H1|GSE37460-GPL14663	0	-0.09992991836452862	0.07233322
GLOM	ERCB_GLOM_H1	B-rankLASSO	GSE37460-GPL14663|GSM920400	HT	ERCB_GLOM_H1|GSE37460-GPL14663	0	-0.1000856530259058	0.14203537
GLOM	ERCB_GLOM_H1	B-rankLASSO	GSE47183-GPL14663|GSM1146223	MCD	ERCB_GLOM_H1|GSE47183-GPL14663	0	-0.09985202839798808	0.1368829
GLOM	ERCB_GLOM_H1	B-rankLASSO	GSE47183-GPL14663|GSM1146224	MCD	ERCB_GLOM_H1|GSE47183-GPL14663	0	-0.09946265779076723	0.21177715
GLOM	ERCB_GLOM_H1	B-rankLASSO	GSE47183-GPL14663|GSM1146225	MCD	ERCB_GLOM_H1|GSE47183-GPL14663	0	-0.09992991836452862	0.1056453
GLOM	ERCB_GLOM_H1	B-rankLASSO	GSE47183-GPL14663|GSM1146226	MCD	ERCB_GLOM_H1|GSE47183-GPL14663	0	-0.09922902184492355	0.1378141
GLOM	ERCB_GLOM_H1	B-rankLASSO	GSE47183-GPL14663|GSM1146227	MCD	ERCB_GLOM_H1|GSE47183-GPL14663	0	-0.09985202839798808	0.09056574
GLOM	ERCB_GLOM_H1	B-rankLASSO	GSE37460-GPL14663|GSM920411	IgAN	ERCB_GLOM_H1|GSE37460-GPL14663	0	-0.10000776305936526	0.07728785
GLOM	ERCB_GLOM_H1	B-rankLASSO	GSE37460-GPL14663|GSM920401	IgAN	ERCB_GLOM_H1|GSE37460-GPL14663	0	-0.1000856530259058	-0.015109897
GLOM	ERCB_GLOM_H1	B-rankLASSO	GSE37460-GPL14663|GSM920402	IgAN	ERCB_GLOM_H1|GSE37460-GPL14663	0	-0.10000776305936526	0.10076648
GLOM	ERCB_GLOM_H1	B-rankLASSO	GSE37460-GPL14663|GSM920403	IgAN	ERCB_GLOM_H1|GSE37460-GPL14663	0	-0.10000776305936526	0.23763701
GLOM	ERCB_GLOM_H1	B-rankLASSO	GSE37460-GPL14663|GSM920404	IgAN	ERCB_GLOM_H1|GSE37460-GPL14663	0	-0.09992991836452862	0.16764104
GLOM	ERCB_GLOM_H1	B-rankLASSO	GSE37460-GPL14663|GSM920405	IgAN	ERCB_GLOM_H1|GSE37460-GPL14663	0	-0.09985202839798808	0.1301688
GLOM	ERCB_GLOM_H1	B-rankLASSO	GSE37460-GPL14663|GSM920406	IgAN	ERCB_GLOM_H1|GSE37460-GPL14663	0	-0.10039713366658612	0.1795404
GLOM	ERCB_GLOM_H1	B-rankLASSO	GSE37460-GPL14663|GSM920407	IgAN	ERCB_GLOM_H1|GSE37460-GPL14663	0	-0.10047502363312666	0.19185376
GLOM	ERCB_GLOM_H1	B-rankLASSO	GSE37460-GPL14663|GSM920408	IgAN	ERCB_GLOM_H1|GSE37460-GPL14663	0	-0.10016349772074244	0.04620415
GLOM	ERCB_GLOM_H1	B-rankLASSO	GSE37460-GPL14663|GSM920409	IgAN	ERCB_GLOM_H1|GSE37460-GPL14663	0	-0.10047502363312666	0.1939776
GLOM	ERCB_GLOM_H1	B-rankLASSO	GSE37460-GPL14663|GSM920410	IgAN	ERCB_GLOM_H1|GSE37460-GPL14663	0	-0.09992991836452862	0.12818265
GLOM	ERCB_GLOM_H1	B-rankLASSO	GSE37460-GPL14663|GSM920420	IgAN	ERCB_GLOM_H1|GSE37460-GPL14663	0	-0.1000856530259058	0.049260855
GLOM	ERCB_GLOM_H1	B-rankLASSO	GSE37460-GPL14663|GSM920412	IgAN	ERCB_GLOM_H1|GSE37460-GPL14663	0	-0.10000776305936526	0.0532583
GLOM	ERCB_GLOM_H1	B-rankLASSO	GSE37460-GPL14663|GSM920413	IgAN	ERCB_GLOM_H1|GSE37460-GPL14663	0	-0.09954050248560387	0.19578648
GLOM	ERCB_GLOM_H1	B-rankLASSO	GSE37460-GPL14663|GSM920414	IgAN	ERCB_GLOM_H1|GSE37460-GPL14663	0	-0.10000776305936526	0.11704385
GLOM	ERCB_GLOM_H1	B-rankLASSO	GSE37460-GPL14663|GSM920415	IgAN	ERCB_GLOM_H1|GSE37460-GPL14663	0	-0.09992991836452862	0.135836
GLOM	ERCB_GLOM_H1	B-rankLASSO	GSE37460-GPL14663|GSM920416	IgAN	ERCB_GLOM_H1|GSE37460-GPL14663	0	-0.10039713366658612	0.077484906
GLOM	ERCB_GLOM_H1	B-rankLASSO	GSE37460-GPL14663|GSM920417	IgAN	ERCB_GLOM_H1|GSE37460-GPL14663	0	-0.09915113187838301	0.21014857
GLOM	ERCB_GLOM_H1	B-rankLASSO	GSE37460-GPL14663|GSM920418	IgAN	ERCB_GLOM_H1|GSE37460-GPL14663	0	-0.1000856530259058	0.16986382
GLOM	ERCB_GLOM_H1	B-rankLASSO	GSE37460-GPL14663|GSM920419	IgAN	ERCB_GLOM_H1|GSE37460-GPL14663	0	-0.09977412711352159	0.16591316
GLOM	ERCB_GLOM_H1	B-rankLASSO	GSE37460-GPL14663|GSM920421	IgAN	ERCB_GLOM_H1|GSE37460-GPL14663	0	-0.1000856530259058	0.10175675
GLOM	ERCB_GLOM_H1	B-rankLASSO	GSE37460-GPL14663|GSM920422	IgAN	ERCB_GLOM_H1|GSE37460-GPL14663	0	-0.10024138768728297	0.008696079
GLOM	ERCB_GLOM_H1	B-rankLASSO	GSE37460-GPL14663|GSM920423	IgAN	ERCB_GLOM_H1|GSE37460-GPL14663	0	-0.09930692312939005	0.14425391
GLOM	ERCB_GLOM_H1	B-rankLASSO	GSE37460-GPL14663|GSM920424	IgAN	ERCB_GLOM_H1|GSE37460-GPL14663	0	-0.10000776305936526	0.011513829
GLOM	ERCB_GLOM_H1	B-rankLASSO	GSE37460-GPL14663|GSM920425	IgAN	ERCB_GLOM_H1|GSE37460-GPL14663	0	-0.1000856530259058	0.07905692
GLOM	ERCB_GLOM_H1	B-rankLASSO	GSE37460-GPL14663|GSM920426	IgAN	ERCB_GLOM_H1|GSE37460-GPL14663	0	-0.10016349772074244	0.101911545
GLOM	ERCB_GLOM_H1	B-rankLASSO	GSE37460-GPL14663|GSM920427	IgAN	ERCB_GLOM_H1|GSE37460-GPL14663	0	-0.10031928897174948	0.16134804
GLOM	ERCB_GLOM_H1	B-rankLASSO	GSE47183-GPL14663|GSM1146235	FSGS	ERCB_GLOM_H1|GSE47183-GPL14663	0	-0.10031928897174948	0.12482333
GLOM	ERCB_GLOM_H1	B-rankLASSO	GSE47183-GPL14663|GSM1146236	FSGS	ERCB_GLOM_H1|GSE47183-GPL14663	0	-0.09985202839798808	-0.057520032
GLOM	ERCB_GLOM_H1	B-rankLASSO	GSE47183-GPL14663|GSM1146237	FSGS	ERCB_GLOM_H1|GSE47183-GPL14663	0	-0.10024138768728297	0.15307367
GLOM	ERCB_GLOM_H1	B-rankLASSO	GSE47183-GPL14663|GSM1146239	FSGS	ERCB_GLOM_H1|GSE47183-GPL14663	0	-0.10039713366658612	0.073637605
GLOM	ERCB_GLOM_H1	B-rankLASSO	GSE47183-GPL14663|GSM1146240	FSGS	ERCB_GLOM_H1|GSE47183-GPL14663	0	-0.10047502363312666	0.16025674
GLOM	ERCB_GLOM_H1	B-rankLASSO	GSE47183-GPL14663|GSM1146241	FSGS	ERCB_GLOM_H1|GSE47183-GPL14663	0	-0.0996183924521444	0.12596732
GLOM	ERCB_GLOM_H1	B-rankLASSO	GSE47183-GPL14663|GSM1146242	FSGS	ERCB_GLOM_H1|GSE47183-GPL14663	0	-0.10024138768728297	0.026824415
GLOM	ERCB_GLOM_H1	B-rankLASSO	GSE47183-GPL14663|GSM1146243	FSGS	ERCB_GLOM_H1|GSE47183-GPL14663	0	-0.10024138768728297	0.075583875
GLOM	ERCB_GLOM_H1	B-rankLASSO	GSE47183-GPL14663|GSM1146248	MN	ERCB_GLOM_H1|GSE47183-GPL14663	0	-0.10024138768728297	0.091932714
GLOM	ERCB_GLOM_H1	B-rankLASSO	GSE47183-GPL14663|GSM1146249	MN	ERCB_GLOM_H1|GSE47183-GPL14663	0	-0.10031928897174948	0.1217168
GLOM	ERCB_GLOM_H1	B-rankLASSO	GSE47183-GPL14663|GSM1146250	MN	ERCB_GLOM_H1|GSE47183-GPL14663	0	-0.09954050248560387	0.19953293
GLOM	ERCB_GLOM_H1	B-rankLASSO	GSE47183-GPL14663|GSM1146251	MN	ERCB_GLOM_H1|GSE47183-GPL14663	0	-0.09930692312939005	0.16270345
GLOM	ERCB_GLOM_H1	B-rankLASSO	GSE47183-GPL14663|GSM1146252	MN	ERCB_GLOM_H1|GSE47183-GPL14663	0	-0.0996183924521444	0.14434576
GLOM	ERCB_GLOM_H1	B-rankLASSO	GSE47183-GPL14663|GSM1146253	MN	ERCB_GLOM_H1|GSE47183-GPL14663	0	-0.0996962937366109	0.057288766
GLOM	ERCB_GLOM_H1	B-rankLASSO	GSE47183-GPL14663|GSM1146254	MN	ERCB_GLOM_H1|GSE47183-GPL14663	0	-0.0996962937366109	0.01948917
GLOM	ERCB_GLOM_H1	B-rankLASSO	GSE47183-GPL14663|GSM1146255	MN	ERCB_GLOM_H1|GSE47183-GPL14663	0	-0.0996183924521444	-0.0032025576
GLOM	ERCB_GLOM_H1	B-rankLASSO	GSE47183-GPL14663|GSM1146256	MN	ERCB_GLOM_H1|GSE47183-GPL14663	0	-0.10000776305936526	0.023216486
GLOM	ERCB_GLOM_H1	B-rankLASSO	GSE47183-GPL14663|GSM1146257	MN	ERCB_GLOM_H1|GSE47183-GPL14663	0	-0.09977412711352159	0.028873205
GLOM	ERCB_GLOM_H1	B-rankLASSO	GSE47183-GPL14663|GSM1146258	MN	ERCB_GLOM_H1|GSE47183-GPL14663	0	-0.10000776305936526	0.1202327
GLOM	ERCB_GLOM_H1	B-rankLASSO	GSE47183-GPL14663|GSM1146259	MN	ERCB_GLOM_H1|GSE47183-GPL14663	0	-0.09977412711352159	0.1479801
GLOM	ERCB_GLOM_H1	B-rankLASSO	GSE47183-GPL14663|GSM1146260	MN	ERCB_GLOM_H1|GSE47183-GPL14663	0	-0.09992991836452862	0.073881805
GLOM	ERCB_GLOM_H1	B-rankLASSO	GSE47183-GPL14663|GSM1146261	MN	ERCB_GLOM_H1|GSE47183-GPL14663	0	-0.1000856530259058	0.063305914
GLOM	ERCB_GLOM_H1	B-rankLASSO	GSE47183-GPL14663|GSM1146262	MN	ERCB_GLOM_H1|GSE47183-GPL14663	0	-0.10016349772074244	0.11628699
GLOM	ERCB_GLOM_H1	B-rankLASSO	GSE47183-GPL14663|GSM1146263	MN	ERCB_GLOM_H1|GSE47183-GPL14663	0	-0.10031928897174948	0.06788808
GLOM	ERCB_GLOM_H1	B-rankLASSO	GSE47183-GPL14663|GSM1146264	MN	ERCB_GLOM_H1|GSE47183-GPL14663	0	-0.10024138768728297	0.16360629
GLOM	ERCB_GLOM_H1	B-rankLASSO	GSE47183-GPL14663|GSM1146265	MN	ERCB_GLOM_H1|GSE47183-GPL14663	0	-0.10039713366658612	0.12878382
GLOM	ERCB_GLOM_H1	B-rankLASSO	GSE47183-GPL14663|GSM1146266	MN	ERCB_GLOM_H1|GSE47183-GPL14663	0	-0.09922902184492355	0.124673724
GLOM	ERCB_GLOM_H1	B-rankLASSO	GSE47183-GPL14663|GSM1146267	MN	ERCB_GLOM_H1|GSE47183-GPL14663	0	-0.1000856530259058	0.14936632
GLOM	ERCB_GLOM_H1	B-rankLASSO	GSE47183-GPL14663|GSM1146268	MN	ERCB_GLOM_H1|GSE47183-GPL14663	0	-0.0996183924521444	0.010189772
GLOM	ERCB_GLOM_H1	B-rankLASSO	GSE32591-GPL14663|GSM807889	LN	ERCB_GLOM_H1|GSE32591-GPL14663	0	-0.0996183924521444	0.1996162
GLOM	ERCB_GLOM_H1	B-rankLASSO	GSE32591-GPL14663|GSM807890	LN	ERCB_GLOM_H1|GSE32591-GPL14663	0	-0.09946265779076723	0.14593291
GLOM	ERCB_GLOM_H1	B-rankLASSO	GSE32591-GPL14663|GSM807891	LN	ERCB_GLOM_H1|GSE32591-GPL14663	0	-0.09977412711352159	0.08410859
GLOM	ERCB_GLOM_H1	B-rankLASSO	GSE32591-GPL14663|GSM807892	LN	ERCB_GLOM_H1|GSE32591-GPL14663	0	-0.09954050248560387	0.14702892
GLOM	ERCB_GLOM_H1	B-rankLASSO	GSE32591-GPL14663|GSM807893	LN	ERCB_GLOM_H1|GSE32591-GPL14663	0	-0.09938475650630073	0.12225956
GLOM	ERCB_GLOM_H1	B-rankLASSO	GSE32591-GPL14663|GSM807894	LN	ERCB_GLOM_H1|GSE32591-GPL14663	0	-0.09977412711352159	0.16279829
GLOM	ERCB_GLOM_H1	B-rankLASSO	GSE32591-GPL14663|GSM807895	LN	ERCB_GLOM_H1|GSE32591-GPL14663	0	-0.10024138768728297	0.24098143
GLOM	ERCB_GLOM_H1	B-rankLASSO	GSE32591-GPL14663|GSM807896	LN	ERCB_GLOM_H1|GSE32591-GPL14663	0	-0.09954050248560387	0.26566884
GLOM	ERCB_GLOM_H1	B-rankLASSO	GSE32591-GPL14663|GSM807897	LN	ERCB_GLOM_H1|GSE32591-GPL14663	0	-0.0996183924521444	0.22644138
GLOM	ERCB_GLOM_H1	B-rankLASSO	GSE32591-GPL14663|GSM807898	LN	ERCB_GLOM_H1|GSE32591-GPL14663	0	-0.09977412711352159	0.11806458
GLOM	ERCB_GLOM_H1	B-rankLASSO	GSE32591-GPL14663|GSM807899	LN	ERCB_GLOM_H1|GSE32591-GPL14663	0	-0.0996183924521444	0.25386155
GLOM	ERCB_GLOM_H1	B-rankLASSO	GSE32591-GPL14663|GSM807900	LN	ERCB_GLOM_H1|GSE32591-GPL14663	0	-0.10000776305936526	0.07223207
GLOM	ERCB_GLOM_H1	B-rankLASSO	GSE32591-GPL14663|GSM807901	LN	ERCB_GLOM_H1|GSE32591-GPL14663	0	-0.09992991836452862	0.11520225
GLOM	ERCB_GLOM_H1	B-rankLASSO	GSE32591-GPL14663|GSM807902	LN	ERCB_GLOM_H1|GSE32591-GPL14663	0	-0.10016349772074244	0.13380063
GLOM	ERCB_GLOM_H1	B-rankLASSO	GSE32591-GPL14663|GSM807903	LN	ERCB_GLOM_H1|GSE32591-GPL14663	0	-0.10039713366658612	0.10170525
GLOM	ERCB_GLOM_H1	B-rankLASSO	GSE32591-GPL14663|GSM807904	LN	ERCB_GLOM_H1|GSE32591-GPL14663	0	-0.10039713366658612	0.08674687
GLOM	ERCB_GLOM_H1	B-rankLASSO	GSE32591-GPL14663|GSM807905	LN	ERCB_GLOM_H1|GSE32591-GPL14663	0	-0.09985202839798808	-0.015378118
GLOM	ERCB_GLOM_H1	B-rankLASSO	GSE32591-GPL14663|GSM807906	LN	ERCB_GLOM_H1|GSE32591-GPL14663	0	-0.10024138768728297	0.068867564
GLOM	ERCB_GLOM_H1	B-rankLASSO	GSE32591-GPL14663|GSM807907	LN	ERCB_GLOM_H1|GSE32591-GPL14663	0	-0.09977412711352159	0.05145186
GLOM	ERCB_GLOM_H1	B-rankLASSO	GSE32591-GPL14663|GSM807908	LN	ERCB_GLOM_H1|GSE32591-GPL14663	0	-0.09992991836452862	0.13896006
GLOM	ERCB_GLOM_H1	B-rankLASSO	GSE32591-GPL14663|GSM807909	LN	ERCB_GLOM_H1|GSE32591-GPL14663	0	-0.09977412711352159	0.14450353
GLOM	ERCB_GLOM_H1	B-rankLASSO	GSE32591-GPL14663|GSM807910	LN	ERCB_GLOM_H1|GSE32591-GPL14663	0	-0.09954050248560387	0.18395746
GLOM	ERCB_GLOM_H1	B-rankLASSO	GSE32591-GPL14663|GSM807911	LN	ERCB_GLOM_H1|GSE32591-GPL14663	0	-0.10031928897174948	-0.027548015
GLOM	ERCB_GLOM_H1	B-rankLASSO	GSE32591-GPL14663|GSM807912	LN	ERCB_GLOM_H1|GSE32591-GPL14663	0	-0.10000776305936526	0.19119596
GLOM	ERCB_GLOM_H1	B-rankLASSO	GSE32591-GPL14663|GSM807913	LN	ERCB_GLOM_H1|GSE32591-GPL14663	0	-0.1000856530259058	0.15095872
GLOM	ERCB_GLOM_H1	B-rankLASSO	GSE32591-GPL14663|GSM807914	LN	ERCB_GLOM_H1|GSE32591-GPL14663	0	-0.10016349772074244	0.23493141
GLOM	ERCB_GLOM_H1	B-rankLASSO	GSE32591-GPL14663|GSM807915	LN	ERCB_GLOM_H1|GSE32591-GPL14663	0	-0.09930692312939005	0.21939093
GLOM	ERCB_GLOM_H1	B-rankLASSO	GSE32591-GPL14663|GSM807916	LN	ERCB_GLOM_H1|GSE32591-GPL14663	0	-0.09977412711352159	0.07877326
GLOM	ERCB_GLOM_H1	B-rankLASSO	GSE32591-GPL14663|GSM807917	LN	ERCB_GLOM_H1|GSE32591-GPL14663	0	-0.10016349772074244	0.119160295
GLOM	ERCB_GLOM_H1	B-rankLASSO	GSE32591-GPL14663|GSM807918	LN	ERCB_GLOM_H1|GSE32591-GPL14663	0	-0.09985202839798808	0.18306845
GLOM	ERCB_GLOM_H1	B-rankLASSO	GSE32591-GPL14663|GSM807919	LN	ERCB_GLOM_H1|GSE32591-GPL14663	0	-0.09938475650630073	0.12898654
GLOM	ERCB_GLOM_H1	B-rankLASSO	GSE32591-GPL14663|GSM807920	LN	ERCB_GLOM_H1|GSE32591-GPL14663	0	-0.09954050248560387	0.22802883
GLOM	ERCB_GLOM_H1	B-rankLASSO	GSE47183-GPL14663|GSM1146238	FSGS	ERCB_GLOM_H1|GSE47183-GPL14663	0	-0.1000856530259058	0.13736123
GLOM	ERCB_GLOM_H1	B2-PCA	GSE47183-GPL14663|GSM1146201	DKD	ERCB_GLOM_H1|GSE47183-GPL14663	1	-0.7230454134652469	0.12712938
GLOM	ERCB_GLOM_H1	B2-PCA	GSE47183-GPL14663|GSM1146202	DKD	ERCB_GLOM_H1|GSE47183-GPL14663	1	-0.04324917149783164	0.19590199
GLOM	ERCB_GLOM_H1	B2-PCA	GSE47183-GPL14663|GSM1146203	DKD	ERCB_GLOM_H1|GSE47183-GPL14663	1	-0.663354797393436	0.16536963
GLOM	ERCB_GLOM_H1	B2-PCA	GSE47183-GPL14663|GSM1146204	DKD	ERCB_GLOM_H1|GSE47183-GPL14663	1	-0.5252809899183171	0.20820123
GLOM	ERCB_GLOM_H1	B2-PCA	GSE47183-GPL14663|GSM1146205	DKD	ERCB_GLOM_H1|GSE47183-GPL14663	1	-0.09497176501303478	0.1311791
GLOM	ERCB_GLOM_H1	B2-PCA	GSE47183-GPL14663|GSM1146208	MCD	ERCB_GLOM_H1|GSE47183-GPL14663	0	-0.6418163507866039	0.13819712
GLOM	ERCB_GLOM_H1	B2-PCA	GSE47183-GPL14663|GSM1146209	MCD	ERCB_GLOM_H1|GSE47183-GPL14663	0	-0.9959532574438041	0.13664192
GLOM	ERCB_GLOM_H1	B2-PCA	GSE47183-GPL14663|GSM1146210	MCD	ERCB_GLOM_H1|GSE47183-GPL14663	0	-0.6337982522990089	0.04992366
GLOM	ERCB_GLOM_H1	B2-PCA	GSE47183-GPL14663|GSM1146211	MCD	ERCB_GLOM_H1|GSE47183-GPL14663	0	-0.8298876624182785	0.04580784
GLOM	ERCB_GLOM_H1	B2-PCA	GSE37460-GPL14663|GSM920386	HT	ERCB_GLOM_H1|GSE37460-GPL14663	0	-0.7340186524180963	0.18514508
GLOM	ERCB_GLOM_H1	B2-PCA	GSE37460-GPL14663|GSM920387	HT	ERCB_GLOM_H1|GSE37460-GPL14663	0	-0.6197694806251772	0.09378618
GLOM	ERCB_GLOM_H1	B2-PCA	GSE37460-GPL14663|GSM920388	HT	ERCB_GLOM_H1|GSE37460-GPL14663	0	-0.7042137097379653	0.07148552
GLOM	ERCB_GLOM_H1	B2-PCA	GSE37460-GPL14663|GSM920389	HT	ERCB_GLOM_H1|GSE37460-GPL14663	0	-0.4536379776034312	-0.053156197
GLOM	ERCB_GLOM_H1	B2-PCA	GSE37460-GPL14663|GSM920390	HT	ERCB_GLOM_H1|GSE37460-GPL14663	0	-0.5399596657518244	0.15726519
GLOM	ERCB_GLOM_H1	B2-PCA	GSE37460-GPL14663|GSM920391	HT	ERCB_GLOM_H1|GSE37460-GPL14663	0	-0.6781061673347257	0.09720516
GLOM	ERCB_GLOM_H1	B2-PCA	GSE37460-GPL14663|GSM920392	HT	ERCB_GLOM_H1|GSE37460-GPL14663	0	-0.964098080947505	0.13210261
GLOM	ERCB_GLOM_H1	B2-PCA	GSE37460-GPL14663|GSM920393	HT	ERCB_GLOM_H1|GSE37460-GPL14663	0	-0.9109811494370925	0.11844581
GLOM	ERCB_GLOM_H1	B2-PCA	GSE37460-GPL14663|GSM920394	HT	ERCB_GLOM_H1|GSE37460-GPL14663	0	-0.5729334864933394	0.16945165
GLOM	ERCB_GLOM_H1	B2-PCA	GSE37460-GPL14663|GSM920395	HT	ERCB_GLOM_H1|GSE37460-GPL14663	0	-0.7133670798410436	0.12787986
GLOM	ERCB_GLOM_H1	B2-PCA	GSE37460-GPL14663|GSM920396	HT	ERCB_GLOM_H1|GSE37460-GPL14663	0	-0.6139408383304777	0.13414598
GLOM	ERCB_GLOM_H1	B2-PCA	GSE37460-GPL14663|GSM920397	HT	ERCB_GLOM_H1|GSE37460-GPL14663	0	-0.7768100730319867	0.1763857
GLOM	ERCB_GLOM_H1	B2-PCA	GSE37460-GPL14663|GSM920398	HT	ERCB_GLOM_H1|GSE37460-GPL14663	0	-0.6289123363909601	0.1167264
GLOM	ERCB_GLOM_H1	B2-PCA	GSE37460-GPL14663|GSM920399	HT	ERCB_GLOM_H1|GSE37460-GPL14663	0	-0.49783206417411857	0.07233322
GLOM	ERCB_GLOM_H1	B2-PCA	GSE37460-GPL14663|GSM920400	HT	ERCB_GLOM_H1|GSE37460-GPL14663	0	-0.4988779840026105	0.14203537
GLOM	ERCB_GLOM_H1	B2-PCA	GSE47183-GPL14663|GSM1146223	MCD	ERCB_GLOM_H1|GSE47183-GPL14663	0	-0.6085638412382339	0.1368829
GLOM	ERCB_GLOM_H1	B2-PCA	GSE47183-GPL14663|GSM1146224	MCD	ERCB_GLOM_H1|GSE47183-GPL14663	0	-0.9047919923393517	0.21177715
GLOM	ERCB_GLOM_H1	B2-PCA	GSE47183-GPL14663|GSM1146225	MCD	ERCB_GLOM_H1|GSE47183-GPL14663	0	-0.9893200224610033	0.1056453
GLOM	ERCB_GLOM_H1	B2-PCA	GSE47183-GPL14663|GSM1146226	MCD	ERCB_GLOM_H1|GSE47183-GPL14663	0	-0.6132032830782748	0.1378141
GLOM	ERCB_GLOM_H1	B2-PCA	GSE47183-GPL14663|GSM1146227	MCD	ERCB_GLOM_H1|GSE47183-GPL14663	0	-0.38714959461025883	0.09056574
GLOM	ERCB_GLOM_H1	B2-PCA	GSE37460-GPL14663|GSM920411	IgAN	ERCB_GLOM_H1|GSE37460-GPL14663	0	-0.7411000901403071	0.07728785
GLOM	ERCB_GLOM_H1	B2-PCA	GSE37460-GPL14663|GSM920401	IgAN	ERCB_GLOM_H1|GSE37460-GPL14663	0	-0.5342688351454884	-0.015109897
GLOM	ERCB_GLOM_H1	B2-PCA	GSE37460-GPL14663|GSM920402	IgAN	ERCB_GLOM_H1|GSE37460-GPL14663	0	-0.7232614904232458	0.10076648
GLOM	ERCB_GLOM_H1	B2-PCA	GSE37460-GPL14663|GSM920403	IgAN	ERCB_GLOM_H1|GSE37460-GPL14663	0	-1.1437685991316826	0.23763701
GLOM	ERCB_GLOM_H1	B2-PCA	GSE37460-GPL14663|GSM920404	IgAN	ERCB_GLOM_H1|GSE37460-GPL14663	0	-0.8363517206695037	0.16764104
GLOM	ERCB_GLOM_H1	B2-PCA	GSE37460-GPL14663|GSM920405	IgAN	ERCB_GLOM_H1|GSE37460-GPL14663	0	-0.7612009864130751	0.1301688
GLOM	ERCB_GLOM_H1	B2-PCA	GSE37460-GPL14663|GSM920406	IgAN	ERCB_GLOM_H1|GSE37460-GPL14663	0	-0.8012411208545178	0.1795404
GLOM	ERCB_GLOM_H1	B2-PCA	GSE37460-GPL14663|GSM920407	IgAN	ERCB_GLOM_H1|GSE37460-GPL14663	0	0.057899982715212184	0.19185376
GLOM	ERCB_GLOM_H1	B2-PCA	GSE37460-GPL14663|GSM920408	IgAN	ERCB_GLOM_H1|GSE37460-GPL14663	0	-0.283722160259124	0.04620415
GLOM	ERCB_GLOM_H1	B2-PCA	GSE37460-GPL14663|GSM920409	IgAN	ERCB_GLOM_H1|GSE37460-GPL14663	0	-0.6710527936695538	0.1939776
GLOM	ERCB_GLOM_H1	B2-PCA	GSE37460-GPL14663|GSM920410	IgAN	ERCB_GLOM_H1|GSE37460-GPL14663	0	-0.6755642375848854	0.12818265
GLOM	ERCB_GLOM_H1	B2-PCA	GSE37460-GPL14663|GSM920420	IgAN	ERCB_GLOM_H1|GSE37460-GPL14663	0	-0.6499958933694492	0.049260855
GLOM	ERCB_GLOM_H1	B2-PCA	GSE37460-GPL14663|GSM920412	IgAN	ERCB_GLOM_H1|GSE37460-GPL14663	0	-0.2924665724092551	0.0532583
GLOM	ERCB_GLOM_H1	B2-PCA	GSE37460-GPL14663|GSM920413	IgAN	ERCB_GLOM_H1|GSE37460-GPL14663	0	-0.6586208709315156	0.19578648
GLOM	ERCB_GLOM_H1	B2-PCA	GSE37460-GPL14663|GSM920414	IgAN	ERCB_GLOM_H1|GSE37460-GPL14663	0	-0.7957591849362863	0.11704385
GLOM	ERCB_GLOM_H1	B2-PCA	GSE37460-GPL14663|GSM920415	IgAN	ERCB_GLOM_H1|GSE37460-GPL14663	0	-0.7152423971500834	0.135836
GLOM	ERCB_GLOM_H1	B2-PCA	GSE37460-GPL14663|GSM920416	IgAN	ERCB_GLOM_H1|GSE37460-GPL14663	0	-0.3977108883115778	0.077484906
GLOM	ERCB_GLOM_H1	B2-PCA	GSE37460-GPL14663|GSM920417	IgAN	ERCB_GLOM_H1|GSE37460-GPL14663	0	-0.8710515713735549	0.21014857
GLOM	ERCB_GLOM_H1	B2-PCA	GSE37460-GPL14663|GSM920418	IgAN	ERCB_GLOM_H1|GSE37460-GPL14663	0	-0.5874206639407837	0.16986382
GLOM	ERCB_GLOM_H1	B2-PCA	GSE37460-GPL14663|GSM920419	IgAN	ERCB_GLOM_H1|GSE37460-GPL14663	0	-0.5975767558036351	0.16591316
GLOM	ERCB_GLOM_H1	B2-PCA	GSE37460-GPL14663|GSM920421	IgAN	ERCB_GLOM_H1|GSE37460-GPL14663	0	-0.7613007253643034	0.10175675
GLOM	ERCB_GLOM_H1	B2-PCA	GSE37460-GPL14663|GSM920422	IgAN	ERCB_GLOM_H1|GSE37460-GPL14663	0	-0.44145337305286436	0.008696079
GLOM	ERCB_GLOM_H1	B2-PCA	GSE37460-GPL14663|GSM920423	IgAN	ERCB_GLOM_H1|GSE37460-GPL14663	0	-0.8969882450368472	0.14425391
GLOM	ERCB_GLOM_H1	B2-PCA	GSE37460-GPL14663|GSM920424	IgAN	ERCB_GLOM_H1|GSE37460-GPL14663	0	-0.45536053511435154	0.011513829
GLOM	ERCB_GLOM_H1	B2-PCA	GSE37460-GPL14663|GSM920425	IgAN	ERCB_GLOM_H1|GSE37460-GPL14663	0	-0.8277512515670389	0.07905692
GLOM	ERCB_GLOM_H1	B2-PCA	GSE37460-GPL14663|GSM920426	IgAN	ERCB_GLOM_H1|GSE37460-GPL14663	0	-0.6882276551323965	0.101911545
GLOM	ERCB_GLOM_H1	B2-PCA	GSE37460-GPL14663|GSM920427	IgAN	ERCB_GLOM_H1|GSE37460-GPL14663	0	-0.39082808207614544	0.16134804
GLOM	ERCB_GLOM_H1	B2-PCA	GSE47183-GPL14663|GSM1146235	FSGS	ERCB_GLOM_H1|GSE47183-GPL14663	0	-0.21796224842273987	0.12482333
GLOM	ERCB_GLOM_H1	B2-PCA	GSE47183-GPL14663|GSM1146236	FSGS	ERCB_GLOM_H1|GSE47183-GPL14663	0	-0.6270071374599351	-0.057520032
GLOM	ERCB_GLOM_H1	B2-PCA	GSE47183-GPL14663|GSM1146237	FSGS	ERCB_GLOM_H1|GSE47183-GPL14663	0	-0.7637354846022297	0.15307367
GLOM	ERCB_GLOM_H1	B2-PCA	GSE47183-GPL14663|GSM1146239	FSGS	ERCB_GLOM_H1|GSE47183-GPL14663	0	-0.01571449010677517	0.073637605
GLOM	ERCB_GLOM_H1	B2-PCA	GSE47183-GPL14663|GSM1146240	FSGS	ERCB_GLOM_H1|GSE47183-GPL14663	0	-0.22161819153577075	0.16025674
GLOM	ERCB_GLOM_H1	B2-PCA	GSE47183-GPL14663|GSM1146241	FSGS	ERCB_GLOM_H1|GSE47183-GPL14663	0	-0.7328778759363319	0.12596732
GLOM	ERCB_GLOM_H1	B2-PCA	GSE47183-GPL14663|GSM1146242	FSGS	ERCB_GLOM_H1|GSE47183-GPL14663	0	-0.2915559272663123	0.026824415
GLOM	ERCB_GLOM_H1	B2-PCA	GSE47183-GPL14663|GSM1146243	FSGS	ERCB_GLOM_H1|GSE47183-GPL14663	0	-0.36486186974292106	0.075583875
GLOM	ERCB_GLOM_H1	B2-PCA	GSE47183-GPL14663|GSM1146248	MN	ERCB_GLOM_H1|GSE47183-GPL14663	0	-0.618443597305229	0.091932714
GLOM	ERCB_GLOM_H1	B2-PCA	GSE47183-GPL14663|GSM1146249	MN	ERCB_GLOM_H1|GSE47183-GPL14663	0	-0.4183889782995105	0.1217168
GLOM	ERCB_GLOM_H1	B2-PCA	GSE47183-GPL14663|GSM1146250	MN	ERCB_GLOM_H1|GSE47183-GPL14663	0	-0.6455699592709117	0.19953293
GLOM	ERCB_GLOM_H1	B2-PCA	GSE47183-GPL14663|GSM1146251	MN	ERCB_GLOM_H1|GSE47183-GPL14663	0	-0.5062383744320977	0.16270345
GLOM	ERCB_GLOM_H1	B2-PCA	GSE47183-GPL14663|GSM1146252	MN	ERCB_GLOM_H1|GSE47183-GPL14663	0	-0.8048365296700708	0.14434576
GLOM	ERCB_GLOM_H1	B2-PCA	GSE47183-GPL14663|GSM1146253	MN	ERCB_GLOM_H1|GSE47183-GPL14663	0	-0.38074342298355335	0.057288766
GLOM	ERCB_GLOM_H1	B2-PCA	GSE47183-GPL14663|GSM1146254	MN	ERCB_GLOM_H1|GSE47183-GPL14663	0	-0.41284057436366506	0.01948917
GLOM	ERCB_GLOM_H1	B2-PCA	GSE47183-GPL14663|GSM1146255	MN	ERCB_GLOM_H1|GSE47183-GPL14663	0	-0.22781657989719897	-0.0032025576
GLOM	ERCB_GLOM_H1	B2-PCA	GSE47183-GPL14663|GSM1146256	MN	ERCB_GLOM_H1|GSE47183-GPL14663	0	-0.24620590564069583	0.023216486
GLOM	ERCB_GLOM_H1	B2-PCA	GSE47183-GPL14663|GSM1146257	MN	ERCB_GLOM_H1|GSE47183-GPL14663	0	-0.6268410020475749	0.028873205
GLOM	ERCB_GLOM_H1	B2-PCA	GSE47183-GPL14663|GSM1146258	MN	ERCB_GLOM_H1|GSE47183-GPL14663	0	-0.48139853355248274	0.1202327
GLOM	ERCB_GLOM_H1	B2-PCA	GSE47183-GPL14663|GSM1146259	MN	ERCB_GLOM_H1|GSE47183-GPL14663	0	-0.6084179228772304	0.1479801
GLOM	ERCB_GLOM_H1	B2-PCA	GSE47183-GPL14663|GSM1146260	MN	ERCB_GLOM_H1|GSE47183-GPL14663	0	-0.559766211225242	0.073881805
GLOM	ERCB_GLOM_H1	B2-PCA	GSE47183-GPL14663|GSM1146261	MN	ERCB_GLOM_H1|GSE47183-GPL14663	0	-0.7776581428538437	0.063305914
GLOM	ERCB_GLOM_H1	B2-PCA	GSE47183-GPL14663|GSM1146262	MN	ERCB_GLOM_H1|GSE47183-GPL14663	0	-0.7827111246441345	0.11628699
GLOM	ERCB_GLOM_H1	B2-PCA	GSE47183-GPL14663|GSM1146263	MN	ERCB_GLOM_H1|GSE47183-GPL14663	0	-0.6065846778611308	0.06788808
GLOM	ERCB_GLOM_H1	B2-PCA	GSE47183-GPL14663|GSM1146264	MN	ERCB_GLOM_H1|GSE47183-GPL14663	0	-0.6762100696838207	0.16360629
GLOM	ERCB_GLOM_H1	B2-PCA	GSE47183-GPL14663|GSM1146265	MN	ERCB_GLOM_H1|GSE47183-GPL14663	0	-0.3877355433894974	0.12878382
GLOM	ERCB_GLOM_H1	B2-PCA	GSE47183-GPL14663|GSM1146266	MN	ERCB_GLOM_H1|GSE47183-GPL14663	0	-0.588191278281847	0.124673724
GLOM	ERCB_GLOM_H1	B2-PCA	GSE47183-GPL14663|GSM1146267	MN	ERCB_GLOM_H1|GSE47183-GPL14663	0	-0.48915598044773545	0.14936632
GLOM	ERCB_GLOM_H1	B2-PCA	GSE47183-GPL14663|GSM1146268	MN	ERCB_GLOM_H1|GSE47183-GPL14663	0	-0.33888844440872223	0.010189772
GLOM	ERCB_GLOM_H1	B2-PCA	GSE32591-GPL14663|GSM807889	LN	ERCB_GLOM_H1|GSE32591-GPL14663	0	-0.9347096999745359	0.1996162
GLOM	ERCB_GLOM_H1	B2-PCA	GSE32591-GPL14663|GSM807890	LN	ERCB_GLOM_H1|GSE32591-GPL14663	0	-0.8457132189136911	0.14593291
GLOM	ERCB_GLOM_H1	B2-PCA	GSE32591-GPL14663|GSM807891	LN	ERCB_GLOM_H1|GSE32591-GPL14663	0	-0.5974197756039261	0.08410859
GLOM	ERCB_GLOM_H1	B2-PCA	GSE32591-GPL14663|GSM807892	LN	ERCB_GLOM_H1|GSE32591-GPL14663	0	-0.7181728651022082	0.14702892
GLOM	ERCB_GLOM_H1	B2-PCA	GSE32591-GPL14663|GSM807893	LN	ERCB_GLOM_H1|GSE32591-GPL14663	0	-0.7598081408308748	0.12225956
GLOM	ERCB_GLOM_H1	B2-PCA	GSE32591-GPL14663|GSM807894	LN	ERCB_GLOM_H1|GSE32591-GPL14663	0	-0.8464752209384212	0.16279829
GLOM	ERCB_GLOM_H1	B2-PCA	GSE32591-GPL14663|GSM807895	LN	ERCB_GLOM_H1|GSE32591-GPL14663	0	-0.05889038942504071	0.24098143
GLOM	ERCB_GLOM_H1	B2-PCA	GSE32591-GPL14663|GSM807896	LN	ERCB_GLOM_H1|GSE32591-GPL14663	0	-0.9804595067375843	0.26566884
GLOM	ERCB_GLOM_H1	B2-PCA	GSE32591-GPL14663|GSM807897	LN	ERCB_GLOM_H1|GSE32591-GPL14663	0	-0.9211549540329185	0.22644138
GLOM	ERCB_GLOM_H1	B2-PCA	GSE32591-GPL14663|GSM807898	LN	ERCB_GLOM_H1|GSE32591-GPL14663	0	-0.32658515006769195	0.11806458
GLOM	ERCB_GLOM_H1	B2-PCA	GSE32591-GPL14663|GSM807899	LN	ERCB_GLOM_H1|GSE32591-GPL14663	0	-0.5629355674855037	0.25386155
GLOM	ERCB_GLOM_H1	B2-PCA	GSE32591-GPL14663|GSM807900	LN	ERCB_GLOM_H1|GSE32591-GPL14663	0	-0.5019431434162882	0.07223207
GLOM	ERCB_GLOM_H1	B2-PCA	GSE32591-GPL14663|GSM807901	LN	ERCB_GLOM_H1|GSE32591-GPL14663	0	-0.8065753559070203	0.11520225
GLOM	ERCB_GLOM_H1	B2-PCA	GSE32591-GPL14663|GSM807902	LN	ERCB_GLOM_H1|GSE32591-GPL14663	0	-0.4255296612474827	0.13380063
GLOM	ERCB_GLOM_H1	B2-PCA	GSE32591-GPL14663|GSM807903	LN	ERCB_GLOM_H1|GSE32591-GPL14663	0	0.03312279789078054	0.10170525
GLOM	ERCB_GLOM_H1	B2-PCA	GSE32591-GPL14663|GSM807904	LN	ERCB_GLOM_H1|GSE32591-GPL14663	0	-0.550713844390943	0.08674687
GLOM	ERCB_GLOM_H1	B2-PCA	GSE32591-GPL14663|GSM807905	LN	ERCB_GLOM_H1|GSE32591-GPL14663	0	-0.6696415088622168	-0.015378118
GLOM	ERCB_GLOM_H1	B2-PCA	GSE32591-GPL14663|GSM807906	LN	ERCB_GLOM_H1|GSE32591-GPL14663	0	-0.029071752670373596	0.068867564
GLOM	ERCB_GLOM_H1	B2-PCA	GSE32591-GPL14663|GSM807907	LN	ERCB_GLOM_H1|GSE32591-GPL14663	0	-0.5818803126082543	0.05145186
GLOM	ERCB_GLOM_H1	B2-PCA	GSE32591-GPL14663|GSM807908	LN	ERCB_GLOM_H1|GSE32591-GPL14663	0	-0.32989723078497735	0.13896006
GLOM	ERCB_GLOM_H1	B2-PCA	GSE32591-GPL14663|GSM807909	LN	ERCB_GLOM_H1|GSE32591-GPL14663	0	-0.8328519323318297	0.14450353
GLOM	ERCB_GLOM_H1	B2-PCA	GSE32591-GPL14663|GSM807910	LN	ERCB_GLOM_H1|GSE32591-GPL14663	0	-0.8168313906170048	0.18395746
GLOM	ERCB_GLOM_H1	B2-PCA	GSE32591-GPL14663|GSM807911	LN	ERCB_GLOM_H1|GSE32591-GPL14663	0	-0.007731571842600704	-0.027548015
GLOM	ERCB_GLOM_H1	B2-PCA	GSE32591-GPL14663|GSM807912	LN	ERCB_GLOM_H1|GSE32591-GPL14663	0	-0.973352518901548	0.19119596
GLOM	ERCB_GLOM_H1	B2-PCA	GSE32591-GPL14663|GSM807913	LN	ERCB_GLOM_H1|GSE32591-GPL14663	0	-0.9735703292651989	0.15095872
GLOM	ERCB_GLOM_H1	B2-PCA	GSE32591-GPL14663|GSM807914	LN	ERCB_GLOM_H1|GSE32591-GPL14663	0	-0.9411969828313325	0.23493141
GLOM	ERCB_GLOM_H1	B2-PCA	GSE32591-GPL14663|GSM807915	LN	ERCB_GLOM_H1|GSE32591-GPL14663	0	-0.8751372542255539	0.21939093
GLOM	ERCB_GLOM_H1	B2-PCA	GSE32591-GPL14663|GSM807916	LN	ERCB_GLOM_H1|GSE32591-GPL14663	0	-0.7102358877208785	0.07877326
GLOM	ERCB_GLOM_H1	B2-PCA	GSE32591-GPL14663|GSM807917	LN	ERCB_GLOM_H1|GSE32591-GPL14663	0	0.17785944828254124	0.119160295
GLOM	ERCB_GLOM_H1	B2-PCA	GSE32591-GPL14663|GSM807918	LN	ERCB_GLOM_H1|GSE32591-GPL14663	0	-0.8553738441061531	0.18306845
GLOM	ERCB_GLOM_H1	B2-PCA	GSE32591-GPL14663|GSM807919	LN	ERCB_GLOM_H1|GSE32591-GPL14663	0	-0.7200264324932845	0.12898654
GLOM	ERCB_GLOM_H1	B2-PCA	GSE32591-GPL14663|GSM807920	LN	ERCB_GLOM_H1|GSE32591-GPL14663	0	-0.7320325799523084	0.22802883
GLOM	ERCB_GLOM_H1	B2-PCA	GSE47183-GPL14663|GSM1146238	FSGS	ERCB_GLOM_H1|GSE47183-GPL14663	0	-0.7970140692254868	0.13736123
GLOM	ERCB_GLOM_H1	B-cPCA	GSE47183-GPL14663|GSM1146201	DKD	ERCB_GLOM_H1|GSE47183-GPL14663	1	-0.4896107900338238	0.12712938
GLOM	ERCB_GLOM_H1	B-cPCA	GSE47183-GPL14663|GSM1146202	DKD	ERCB_GLOM_H1|GSE47183-GPL14663	1	0.12888115422112756	0.19590199
GLOM	ERCB_GLOM_H1	B-cPCA	GSE47183-GPL14663|GSM1146203	DKD	ERCB_GLOM_H1|GSE47183-GPL14663	1	-0.3419196176682298	0.16536963
GLOM	ERCB_GLOM_H1	B-cPCA	GSE47183-GPL14663|GSM1146204	DKD	ERCB_GLOM_H1|GSE47183-GPL14663	1	-0.27942966193726715	0.20820123
GLOM	ERCB_GLOM_H1	B-cPCA	GSE47183-GPL14663|GSM1146205	DKD	ERCB_GLOM_H1|GSE47183-GPL14663	1	-0.11162622645775236	0.1311791
GLOM	ERCB_GLOM_H1	B-cPCA	GSE47183-GPL14663|GSM1146208	MCD	ERCB_GLOM_H1|GSE47183-GPL14663	0	-0.44017170021544877	0.13819712
GLOM	ERCB_GLOM_H1	B-cPCA	GSE47183-GPL14663|GSM1146209	MCD	ERCB_GLOM_H1|GSE47183-GPL14663	0	-0.6340268215575494	0.13664192
GLOM	ERCB_GLOM_H1	B-cPCA	GSE47183-GPL14663|GSM1146210	MCD	ERCB_GLOM_H1|GSE47183-GPL14663	0	-0.43514899240214555	0.04992366
GLOM	ERCB_GLOM_H1	B-cPCA	GSE47183-GPL14663|GSM1146211	MCD	ERCB_GLOM_H1|GSE47183-GPL14663	0	-0.6394463089641559	0.04580784
GLOM	ERCB_GLOM_H1	B-cPCA	GSE37460-GPL14663|GSM920386	HT	ERCB_GLOM_H1|GSE37460-GPL14663	0	-0.5291730140645389	0.18514508
GLOM	ERCB_GLOM_H1	B-cPCA	GSE37460-GPL14663|GSM920387	HT	ERCB_GLOM_H1|GSE37460-GPL14663	0	-0.40699203707836173	0.09378618
GLOM	ERCB_GLOM_H1	B-cPCA	GSE37460-GPL14663|GSM920388	HT	ERCB_GLOM_H1|GSE37460-GPL14663	0	-0.37950433216495993	0.07148552
GLOM	ERCB_GLOM_H1	B-cPCA	GSE37460-GPL14663|GSM920389	HT	ERCB_GLOM_H1|GSE37460-GPL14663	0	-0.49317354971335414	-0.053156197
GLOM	ERCB_GLOM_H1	B-cPCA	GSE37460-GPL14663|GSM920390	HT	ERCB_GLOM_H1|GSE37460-GPL14663	0	-0.37790563319680165	0.15726519
GLOM	ERCB_GLOM_H1	B-cPCA	GSE37460-GPL14663|GSM920391	HT	ERCB_GLOM_H1|GSE37460-GPL14663	0	-0.37362624792199817	0.09720516
GLOM	ERCB_GLOM_H1	B-cPCA	GSE37460-GPL14663|GSM920392	HT	ERCB_GLOM_H1|GSE37460-GPL14663	0	-0.6504736078657802	0.13210261
GLOM	ERCB_GLOM_H1	B-cPCA	GSE37460-GPL14663|GSM920393	HT	ERCB_GLOM_H1|GSE37460-GPL14663	0	-0.6576858990534773	0.11844581
GLOM	ERCB_GLOM_H1	B-cPCA	GSE37460-GPL14663|GSM920394	HT	ERCB_GLOM_H1|GSE37460-GPL14663	0	-0.2651094288662542	0.16945165
GLOM	ERCB_GLOM_H1	B-cPCA	GSE37460-GPL14663|GSM920395	HT	ERCB_GLOM_H1|GSE37460-GPL14663	0	-0.5016772477096392	0.12787986
GLOM	ERCB_GLOM_H1	B-cPCA	GSE37460-GPL14663|GSM920396	HT	ERCB_GLOM_H1|GSE37460-GPL14663	0	-0.3248711242454574	0.13414598
GLOM	ERCB_GLOM_H1	B-cPCA	GSE37460-GPL14663|GSM920397	HT	ERCB_GLOM_H1|GSE37460-GPL14663	0	-0.5395266518393537	0.1763857
GLOM	ERCB_GLOM_H1	B-cPCA	GSE37460-GPL14663|GSM920398	HT	ERCB_GLOM_H1|GSE37460-GPL14663	0	-0.3294761510743526	0.1167264
GLOM	ERCB_GLOM_H1	B-cPCA	GSE37460-GPL14663|GSM920399	HT	ERCB_GLOM_H1|GSE37460-GPL14663	0	-0.37944898820108014	0.07233322
GLOM	ERCB_GLOM_H1	B-cPCA	GSE37460-GPL14663|GSM920400	HT	ERCB_GLOM_H1|GSE37460-GPL14663	0	-0.22084145393627752	0.14203537
GLOM	ERCB_GLOM_H1	B-cPCA	GSE47183-GPL14663|GSM1146223	MCD	ERCB_GLOM_H1|GSE47183-GPL14663	0	-0.4546248087620982	0.1368829
GLOM	ERCB_GLOM_H1	B-cPCA	GSE47183-GPL14663|GSM1146224	MCD	ERCB_GLOM_H1|GSE47183-GPL14663	0	-0.3578879884712401	0.21177715
GLOM	ERCB_GLOM_H1	B-cPCA	GSE47183-GPL14663|GSM1146225	MCD	ERCB_GLOM_H1|GSE47183-GPL14663	0	-0.6479207783306264	0.1056453
GLOM	ERCB_GLOM_H1	B-cPCA	GSE47183-GPL14663|GSM1146226	MCD	ERCB_GLOM_H1|GSE47183-GPL14663	0	-0.2757669548093228	0.1378141
GLOM	ERCB_GLOM_H1	B-cPCA	GSE47183-GPL14663|GSM1146227	MCD	ERCB_GLOM_H1|GSE47183-GPL14663	0	-0.37806965370515505	0.09056574
GLOM	ERCB_GLOM_H1	B-cPCA	GSE37460-GPL14663|GSM920411	IgAN	ERCB_GLOM_H1|GSE37460-GPL14663	0	-0.5666536243133712	0.07728785
GLOM	ERCB_GLOM_H1	B-cPCA	GSE37460-GPL14663|GSM920401	IgAN	ERCB_GLOM_H1|GSE37460-GPL14663	0	-0.4704785595966872	-0.015109897
GLOM	ERCB_GLOM_H1	B-cPCA	GSE37460-GPL14663|GSM920402	IgAN	ERCB_GLOM_H1|GSE37460-GPL14663	0	-0.43780193333808354	0.10076648
GLOM	ERCB_GLOM_H1	B-cPCA	GSE37460-GPL14663|GSM920403	IgAN	ERCB_GLOM_H1|GSE37460-GPL14663	0	-0.6741071476595183	0.23763701
GLOM	ERCB_GLOM_H1	B-cPCA	GSE37460-GPL14663|GSM920404	IgAN	ERCB_GLOM_H1|GSE37460-GPL14663	0	-0.5133853169197807	0.16764104
GLOM	ERCB_GLOM_H1	B-cPCA	GSE37460-GPL14663|GSM920405	IgAN	ERCB_GLOM_H1|GSE37460-GPL14663	0	-0.4734584785797275	0.1301688
GLOM	ERCB_GLOM_H1	B-cPCA	GSE37460-GPL14663|GSM920406	IgAN	ERCB_GLOM_H1|GSE37460-GPL14663	0	-0.6070112680125009	0.1795404
GLOM	ERCB_GLOM_H1	B-cPCA	GSE37460-GPL14663|GSM920407	IgAN	ERCB_GLOM_H1|GSE37460-GPL14663	0	0.22865720124034034	0.19185376
GLOM	ERCB_GLOM_H1	B-cPCA	GSE37460-GPL14663|GSM920408	IgAN	ERCB_GLOM_H1|GSE37460-GPL14663	0	-0.20622596225064957	0.04620415
GLOM	ERCB_GLOM_H1	B-cPCA	GSE37460-GPL14663|GSM920409	IgAN	ERCB_GLOM_H1|GSE37460-GPL14663	0	-0.6473819012178107	0.1939776
GLOM	ERCB_GLOM_H1	B-cPCA	GSE37460-GPL14663|GSM920410	IgAN	ERCB_GLOM_H1|GSE37460-GPL14663	0	-0.47272123012395667	0.12818265
GLOM	ERCB_GLOM_H1	B-cPCA	GSE37460-GPL14663|GSM920420	IgAN	ERCB_GLOM_H1|GSE37460-GPL14663	0	-0.4084580423140919	0.049260855
GLOM	ERCB_GLOM_H1	B-cPCA	GSE37460-GPL14663|GSM920412	IgAN	ERCB_GLOM_H1|GSE37460-GPL14663	0	-0.331660424821949	0.0532583
GLOM	ERCB_GLOM_H1	B-cPCA	GSE37460-GPL14663|GSM920413	IgAN	ERCB_GLOM_H1|GSE37460-GPL14663	0	-0.3369507638057022	0.19578648
GLOM	ERCB_GLOM_H1	B-cPCA	GSE37460-GPL14663|GSM920414	IgAN	ERCB_GLOM_H1|GSE37460-GPL14663	0	-0.5362405062662271	0.11704385
GLOM	ERCB_GLOM_H1	B-cPCA	GSE37460-GPL14663|GSM920415	IgAN	ERCB_GLOM_H1|GSE37460-GPL14663	0	-0.39499628577666424	0.135836
GLOM	ERCB_GLOM_H1	B-cPCA	GSE37460-GPL14663|GSM920416	IgAN	ERCB_GLOM_H1|GSE37460-GPL14663	0	-0.4276987443395551	0.077484906
GLOM	ERCB_GLOM_H1	B-cPCA	GSE37460-GPL14663|GSM920417	IgAN	ERCB_GLOM_H1|GSE37460-GPL14663	0	-0.5034895725489201	0.21014857
GLOM	ERCB_GLOM_H1	B-cPCA	GSE37460-GPL14663|GSM920418	IgAN	ERCB_GLOM_H1|GSE37460-GPL14663	0	-0.3554946580097117	0.16986382
GLOM	ERCB_GLOM_H1	B-cPCA	GSE37460-GPL14663|GSM920419	IgAN	ERCB_GLOM_H1|GSE37460-GPL14663	0	-0.40570478026076107	0.16591316
GLOM	ERCB_GLOM_H1	B-cPCA	GSE37460-GPL14663|GSM920421	IgAN	ERCB_GLOM_H1|GSE37460-GPL14663	0	-0.4400494375036934	0.10175675
GLOM	ERCB_GLOM_H1	B-cPCA	GSE37460-GPL14663|GSM920422	IgAN	ERCB_GLOM_H1|GSE37460-GPL14663	0	-0.31229701301430046	0.008696079
GLOM	ERCB_GLOM_H1	B-cPCA	GSE37460-GPL14663|GSM920423	IgAN	ERCB_GLOM_H1|GSE37460-GPL14663	0	-0.5460877736140232	0.14425391
GLOM	ERCB_GLOM_H1	B-cPCA	GSE37460-GPL14663|GSM920424	IgAN	ERCB_GLOM_H1|GSE37460-GPL14663	0	-0.40748639564719435	0.011513829
GLOM	ERCB_GLOM_H1	B-cPCA	GSE37460-GPL14663|GSM920425	IgAN	ERCB_GLOM_H1|GSE37460-GPL14663	0	-0.5883557305396262	0.07905692
GLOM	ERCB_GLOM_H1	B-cPCA	GSE37460-GPL14663|GSM920426	IgAN	ERCB_GLOM_H1|GSE37460-GPL14663	0	-0.40515148156159836	0.101911545
GLOM	ERCB_GLOM_H1	B-cPCA	GSE37460-GPL14663|GSM920427	IgAN	ERCB_GLOM_H1|GSE37460-GPL14663	0	-0.28032809047715024	0.16134804
GLOM	ERCB_GLOM_H1	B-cPCA	GSE47183-GPL14663|GSM1146235	FSGS	ERCB_GLOM_H1|GSE47183-GPL14663	0	-0.09147602900758967	0.12482333
GLOM	ERCB_GLOM_H1	B-cPCA	GSE47183-GPL14663|GSM1146236	FSGS	ERCB_GLOM_H1|GSE47183-GPL14663	0	-0.5202407419049477	-0.057520032
GLOM	ERCB_GLOM_H1	B-cPCA	GSE47183-GPL14663|GSM1146237	FSGS	ERCB_GLOM_H1|GSE47183-GPL14663	0	-0.4287056209728335	0.15307367
GLOM	ERCB_GLOM_H1	B-cPCA	GSE47183-GPL14663|GSM1146239	FSGS	ERCB_GLOM_H1|GSE47183-GPL14663	0	-0.17377220247541195	0.073637605
GLOM	ERCB_GLOM_H1	B-cPCA	GSE47183-GPL14663|GSM1146240	FSGS	ERCB_GLOM_H1|GSE47183-GPL14663	0	-0.10801097748429533	0.16025674
GLOM	ERCB_GLOM_H1	B-cPCA	GSE47183-GPL14663|GSM1146241	FSGS	ERCB_GLOM_H1|GSE47183-GPL14663	0	-0.5395524363689111	0.12596732
GLOM	ERCB_GLOM_H1	B-cPCA	GSE47183-GPL14663|GSM1146242	FSGS	ERCB_GLOM_H1|GSE47183-GPL14663	0	-0.3275566979266574	0.026824415
GLOM	ERCB_GLOM_H1	B-cPCA	GSE47183-GPL14663|GSM1146243	FSGS	ERCB_GLOM_H1|GSE47183-GPL14663	0	-0.4365280157683362	0.075583875
GLOM	ERCB_GLOM_H1	B-cPCA	GSE47183-GPL14663|GSM1146248	MN	ERCB_GLOM_H1|GSE47183-GPL14663	0	-0.4751378450325988	0.091932714
GLOM	ERCB_GLOM_H1	B-cPCA	GSE47183-GPL14663|GSM1146249	MN	ERCB_GLOM_H1|GSE47183-GPL14663	0	-0.10202523803700875	0.1217168
GLOM	ERCB_GLOM_H1	B-cPCA	GSE47183-GPL14663|GSM1146250	MN	ERCB_GLOM_H1|GSE47183-GPL14663	0	-0.20690377536533108	0.19953293
GLOM	ERCB_GLOM_H1	B-cPCA	GSE47183-GPL14663|GSM1146251	MN	ERCB_GLOM_H1|GSE47183-GPL14663	0	-0.23079990337152467	0.16270345
GLOM	ERCB_GLOM_H1	B-cPCA	GSE47183-GPL14663|GSM1146252	MN	ERCB_GLOM_H1|GSE47183-GPL14663	0	-0.38772493534469676	0.14434576
GLOM	ERCB_GLOM_H1	B-cPCA	GSE47183-GPL14663|GSM1146253	MN	ERCB_GLOM_H1|GSE47183-GPL14663	0	-0.23803245538075385	0.057288766
GLOM	ERCB_GLOM_H1	B-cPCA	GSE47183-GPL14663|GSM1146254	MN	ERCB_GLOM_H1|GSE47183-GPL14663	0	-0.35289011544528087	0.01948917
GLOM	ERCB_GLOM_H1	B-cPCA	GSE47183-GPL14663|GSM1146255	MN	ERCB_GLOM_H1|GSE47183-GPL14663	0	-0.3884263115814741	-0.0032025576
GLOM	ERCB_GLOM_H1	B-cPCA	GSE47183-GPL14663|GSM1146256	MN	ERCB_GLOM_H1|GSE47183-GPL14663	0	-0.14346716962539263	0.023216486
GLOM	ERCB_GLOM_H1	B-cPCA	GSE47183-GPL14663|GSM1146257	MN	ERCB_GLOM_H1|GSE47183-GPL14663	0	-0.4503506067616286	0.028873205
GLOM	ERCB_GLOM_H1	B-cPCA	GSE47183-GPL14663|GSM1146258	MN	ERCB_GLOM_H1|GSE47183-GPL14663	0	-0.12345613167862465	0.1202327
GLOM	ERCB_GLOM_H1	B-cPCA	GSE47183-GPL14663|GSM1146259	MN	ERCB_GLOM_H1|GSE47183-GPL14663	0	-0.1772281983899612	0.1479801
GLOM	ERCB_GLOM_H1	B-cPCA	GSE47183-GPL14663|GSM1146260	MN	ERCB_GLOM_H1|GSE47183-GPL14663	0	-0.31281889271774366	0.073881805
GLOM	ERCB_GLOM_H1	B-cPCA	GSE47183-GPL14663|GSM1146261	MN	ERCB_GLOM_H1|GSE47183-GPL14663	0	-0.4027918428206775	0.063305914
GLOM	ERCB_GLOM_H1	B-cPCA	GSE47183-GPL14663|GSM1146262	MN	ERCB_GLOM_H1|GSE47183-GPL14663	0	-0.35827828891402835	0.11628699
GLOM	ERCB_GLOM_H1	B-cPCA	GSE47183-GPL14663|GSM1146263	MN	ERCB_GLOM_H1|GSE47183-GPL14663	0	-0.5025189437544615	0.06788808
GLOM	ERCB_GLOM_H1	B-cPCA	GSE47183-GPL14663|GSM1146264	MN	ERCB_GLOM_H1|GSE47183-GPL14663	0	-0.2869751288006187	0.16360629
GLOM	ERCB_GLOM_H1	B-cPCA	GSE47183-GPL14663|GSM1146265	MN	ERCB_GLOM_H1|GSE47183-GPL14663	0	-0.3082764490586469	0.12878382
GLOM	ERCB_GLOM_H1	B-cPCA	GSE47183-GPL14663|GSM1146266	MN	ERCB_GLOM_H1|GSE47183-GPL14663	0	-0.3550944174620416	0.124673724
GLOM	ERCB_GLOM_H1	B-cPCA	GSE47183-GPL14663|GSM1146267	MN	ERCB_GLOM_H1|GSE47183-GPL14663	0	-0.21641401480383596	0.14936632
GLOM	ERCB_GLOM_H1	B-cPCA	GSE47183-GPL14663|GSM1146268	MN	ERCB_GLOM_H1|GSE47183-GPL14663	0	-0.39360037844373263	0.010189772
GLOM	ERCB_GLOM_H1	B-cPCA	GSE32591-GPL14663|GSM807889	LN	ERCB_GLOM_H1|GSE32591-GPL14663	0	-0.6175446824833404	0.1996162
GLOM	ERCB_GLOM_H1	B-cPCA	GSE32591-GPL14663|GSM807890	LN	ERCB_GLOM_H1|GSE32591-GPL14663	0	-0.6645915368102457	0.14593291
GLOM	ERCB_GLOM_H1	B-cPCA	GSE32591-GPL14663|GSM807891	LN	ERCB_GLOM_H1|GSE32591-GPL14663	0	-0.41605322259730493	0.08410859
GLOM	ERCB_GLOM_H1	B-cPCA	GSE32591-GPL14663|GSM807892	LN	ERCB_GLOM_H1|GSE32591-GPL14663	0	-0.5945636298034099	0.14702892
GLOM	ERCB_GLOM_H1	B-cPCA	GSE32591-GPL14663|GSM807893	LN	ERCB_GLOM_H1|GSE32591-GPL14663	0	-0.582290711481682	0.12225956
GLOM	ERCB_GLOM_H1	B-cPCA	GSE32591-GPL14663|GSM807894	LN	ERCB_GLOM_H1|GSE32591-GPL14663	0	-0.661932037836059	0.16279829
GLOM	ERCB_GLOM_H1	B-cPCA	GSE32591-GPL14663|GSM807895	LN	ERCB_GLOM_H1|GSE32591-GPL14663	0	-0.06300680985788043	0.24098143
GLOM	ERCB_GLOM_H1	B-cPCA	GSE32591-GPL14663|GSM807896	LN	ERCB_GLOM_H1|GSE32591-GPL14663	0	-0.8915477510620193	0.26566884
GLOM	ERCB_GLOM_H1	B-cPCA	GSE32591-GPL14663|GSM807897	LN	ERCB_GLOM_H1|GSE32591-GPL14663	0	-0.651300671351029	0.22644138
GLOM	ERCB_GLOM_H1	B-cPCA	GSE32591-GPL14663|GSM807898	LN	ERCB_GLOM_H1|GSE32591-GPL14663	0	-0.3320474109770847	0.11806458
GLOM	ERCB_GLOM_H1	B-cPCA	GSE32591-GPL14663|GSM807899	LN	ERCB_GLOM_H1|GSE32591-GPL14663	0	-0.6049322934597421	0.25386155
GLOM	ERCB_GLOM_H1	B-cPCA	GSE32591-GPL14663|GSM807900	LN	ERCB_GLOM_H1|GSE32591-GPL14663	0	-0.36593279757607966	0.07223207
GLOM	ERCB_GLOM_H1	B-cPCA	GSE32591-GPL14663|GSM807901	LN	ERCB_GLOM_H1|GSE32591-GPL14663	0	-0.7666319669345228	0.11520225
GLOM	ERCB_GLOM_H1	B-cPCA	GSE32591-GPL14663|GSM807902	LN	ERCB_GLOM_H1|GSE32591-GPL14663	0	-0.2551923003580908	0.13380063
GLOM	ERCB_GLOM_H1	B-cPCA	GSE32591-GPL14663|GSM807903	LN	ERCB_GLOM_H1|GSE32591-GPL14663	0	-0.038365842092442405	0.10170525
GLOM	ERCB_GLOM_H1	B-cPCA	GSE32591-GPL14663|GSM807904	LN	ERCB_GLOM_H1|GSE32591-GPL14663	0	-0.48412979616518964	0.08674687
GLOM	ERCB_GLOM_H1	B-cPCA	GSE32591-GPL14663|GSM807905	LN	ERCB_GLOM_H1|GSE32591-GPL14663	0	-0.6018847441182221	-0.015378118
GLOM	ERCB_GLOM_H1	B-cPCA	GSE32591-GPL14663|GSM807906	LN	ERCB_GLOM_H1|GSE32591-GPL14663	0	0.15370552841615012	0.068867564
GLOM	ERCB_GLOM_H1	B-cPCA	GSE32591-GPL14663|GSM807907	LN	ERCB_GLOM_H1|GSE32591-GPL14663	0	-0.32111273272578966	0.05145186
GLOM	ERCB_GLOM_H1	B-cPCA	GSE32591-GPL14663|GSM807908	LN	ERCB_GLOM_H1|GSE32591-GPL14663	0	-0.3110356137437762	0.13896006
GLOM	ERCB_GLOM_H1	B-cPCA	GSE32591-GPL14663|GSM807909	LN	ERCB_GLOM_H1|GSE32591-GPL14663	0	-0.6300070939417496	0.14450353
GLOM	ERCB_GLOM_H1	B-cPCA	GSE32591-GPL14663|GSM807910	LN	ERCB_GLOM_H1|GSE32591-GPL14663	0	-0.7546096244054675	0.18395746
GLOM	ERCB_GLOM_H1	B-cPCA	GSE32591-GPL14663|GSM807911	LN	ERCB_GLOM_H1|GSE32591-GPL14663	0	-0.18429692223210348	-0.027548015
GLOM	ERCB_GLOM_H1	B-cPCA	GSE32591-GPL14663|GSM807912	LN	ERCB_GLOM_H1|GSE32591-GPL14663	0	-0.6767236618324302	0.19119596
GLOM	ERCB_GLOM_H1	B-cPCA	GSE32591-GPL14663|GSM807913	LN	ERCB_GLOM_H1|GSE32591-GPL14663	0	-0.596519622503196	0.15095872
GLOM	ERCB_GLOM_H1	B-cPCA	GSE32591-GPL14663|GSM807914	LN	ERCB_GLOM_H1|GSE32591-GPL14663	0	-0.6196148455616448	0.23493141
GLOM	ERCB_GLOM_H1	B-cPCA	GSE32591-GPL14663|GSM807915	LN	ERCB_GLOM_H1|GSE32591-GPL14663	0	-0.7619684514832442	0.21939093
GLOM	ERCB_GLOM_H1	B-cPCA	GSE32591-GPL14663|GSM807916	LN	ERCB_GLOM_H1|GSE32591-GPL14663	0	-0.7521830101905465	0.07877326
GLOM	ERCB_GLOM_H1	B-cPCA	GSE32591-GPL14663|GSM807917	LN	ERCB_GLOM_H1|GSE32591-GPL14663	0	0.010388659221651435	0.119160295
GLOM	ERCB_GLOM_H1	B-cPCA	GSE32591-GPL14663|GSM807918	LN	ERCB_GLOM_H1|GSE32591-GPL14663	0	-0.6417227457854816	0.18306845
GLOM	ERCB_GLOM_H1	B-cPCA	GSE32591-GPL14663|GSM807919	LN	ERCB_GLOM_H1|GSE32591-GPL14663	0	-0.5539183108008248	0.12898654
GLOM	ERCB_GLOM_H1	B-cPCA	GSE32591-GPL14663|GSM807920	LN	ERCB_GLOM_H1|GSE32591-GPL14663	0	-0.5973099624600494	0.22802883
GLOM	ERCB_GLOM_H1	B-cPCA	GSE47183-GPL14663|GSM1146238	FSGS	ERCB_GLOM_H1|GSE47183-GPL14663	0	-0.4736338381943813	0.13736123
GLOM	ERCB_GLOM_H1	B-L2-unitcenter	GSE47183-GPL14663|GSM1146201	DKD	ERCB_GLOM_H1|GSE47183-GPL14663	1	-107.17734576869255	0.12712938
GLOM	ERCB_GLOM_H1	B-L2-unitcenter	GSE47183-GPL14663|GSM1146202	DKD	ERCB_GLOM_H1|GSE47183-GPL14663	1	-92.86396349748684	0.19590199
GLOM	ERCB_GLOM_H1	B-L2-unitcenter	GSE47183-GPL14663|GSM1146203	DKD	ERCB_GLOM_H1|GSE47183-GPL14663	1	-106.08150106570804	0.16536963
GLOM	ERCB_GLOM_H1	B-L2-unitcenter	GSE47183-GPL14663|GSM1146204	DKD	ERCB_GLOM_H1|GSE47183-GPL14663	1	-113.6184929821455	0.20820123
GLOM	ERCB_GLOM_H1	B-L2-unitcenter	GSE47183-GPL14663|GSM1146205	DKD	ERCB_GLOM_H1|GSE47183-GPL14663	1	-109.62905563146845	0.1311791
GLOM	ERCB_GLOM_H1	B-L2-unitcenter	GSE47183-GPL14663|GSM1146208	MCD	ERCB_GLOM_H1|GSE47183-GPL14663	0	-112.8664423881637	0.13819712
GLOM	ERCB_GLOM_H1	B-L2-unitcenter	GSE47183-GPL14663|GSM1146209	MCD	ERCB_GLOM_H1|GSE47183-GPL14663	0	-117.34908406562296	0.13664192
GLOM	ERCB_GLOM_H1	B-L2-unitcenter	GSE47183-GPL14663|GSM1146210	MCD	ERCB_GLOM_H1|GSE47183-GPL14663	0	-117.99689822611424	0.04992366
GLOM	ERCB_GLOM_H1	B-L2-unitcenter	GSE47183-GPL14663|GSM1146211	MCD	ERCB_GLOM_H1|GSE47183-GPL14663	0	-122.33488681409268	0.04580784
GLOM	ERCB_GLOM_H1	B-L2-unitcenter	GSE37460-GPL14663|GSM920386	HT	ERCB_GLOM_H1|GSE37460-GPL14663	0	-112.70060930334748	0.18514508
GLOM	ERCB_GLOM_H1	B-L2-unitcenter	GSE37460-GPL14663|GSM920387	HT	ERCB_GLOM_H1|GSE37460-GPL14663	0	-114.25637124163134	0.09378618
GLOM	ERCB_GLOM_H1	B-L2-unitcenter	GSE37460-GPL14663|GSM920388	HT	ERCB_GLOM_H1|GSE37460-GPL14663	0	-108.48099356427976	0.07148552
GLOM	ERCB_GLOM_H1	B-L2-unitcenter	GSE37460-GPL14663|GSM920389	HT	ERCB_GLOM_H1|GSE37460-GPL14663	0	-112.29028752486838	-0.053156197
GLOM	ERCB_GLOM_H1	B-L2-unitcenter	GSE37460-GPL14663|GSM920390	HT	ERCB_GLOM_H1|GSE37460-GPL14663	0	-107.24750210042325	0.15726519
GLOM	ERCB_GLOM_H1	B-L2-unitcenter	GSE37460-GPL14663|GSM920391	HT	ERCB_GLOM_H1|GSE37460-GPL14663	0	-108.4040109028577	0.09720516
GLOM	ERCB_GLOM_H1	B-L2-unitcenter	GSE37460-GPL14663|GSM920392	HT	ERCB_GLOM_H1|GSE37460-GPL14663	0	-115.39521187315161	0.13210261
GLOM	ERCB_GLOM_H1	B-L2-unitcenter	GSE37460-GPL14663|GSM920393	HT	ERCB_GLOM_H1|GSE37460-GPL14663	0	-117.19798433246872	0.11844581
GLOM	ERCB_GLOM_H1	B-L2-unitcenter	GSE37460-GPL14663|GSM920394	HT	ERCB_GLOM_H1|GSE37460-GPL14663	0	-110.38480826844877	0.16945165
GLOM	ERCB_GLOM_H1	B-L2-unitcenter	GSE37460-GPL14663|GSM920395	HT	ERCB_GLOM_H1|GSE37460-GPL14663	0	-111.3719385385951	0.12787986
GLOM	ERCB_GLOM_H1	B-L2-unitcenter	GSE37460-GPL14663|GSM920396	HT	ERCB_GLOM_H1|GSE37460-GPL14663	0	-109.3807098405793	0.13414598
GLOM	ERCB_GLOM_H1	B-L2-unitcenter	GSE37460-GPL14663|GSM920397	HT	ERCB_GLOM_H1|GSE37460-GPL14663	0	-109.35372052067281	0.1763857
GLOM	ERCB_GLOM_H1	B-L2-unitcenter	GSE37460-GPL14663|GSM920398	HT	ERCB_GLOM_H1|GSE37460-GPL14663	0	-107.66524127978715	0.1167264
GLOM	ERCB_GLOM_H1	B-L2-unitcenter	GSE37460-GPL14663|GSM920399	HT	ERCB_GLOM_H1|GSE37460-GPL14663	0	-113.96845388136457	0.07233322
GLOM	ERCB_GLOM_H1	B-L2-unitcenter	GSE37460-GPL14663|GSM920400	HT	ERCB_GLOM_H1|GSE37460-GPL14663	0	-108.60491066487982	0.14203537
GLOM	ERCB_GLOM_H1	B-L2-unitcenter	GSE47183-GPL14663|GSM1146223	MCD	ERCB_GLOM_H1|GSE47183-GPL14663	0	-115.57941782239556	0.1368829
GLOM	ERCB_GLOM_H1	B-L2-unitcenter	GSE47183-GPL14663|GSM1146224	MCD	ERCB_GLOM_H1|GSE47183-GPL14663	0	-109.18193892740614	0.21177715
GLOM	ERCB_GLOM_H1	B-L2-unitcenter	GSE47183-GPL14663|GSM1146225	MCD	ERCB_GLOM_H1|GSE47183-GPL14663	0	-125.40822186920892	0.1056453
GLOM	ERCB_GLOM_H1	B-L2-unitcenter	GSE47183-GPL14663|GSM1146226	MCD	ERCB_GLOM_H1|GSE47183-GPL14663	0	-106.54876264902363	0.1378141
GLOM	ERCB_GLOM_H1	B-L2-unitcenter	GSE47183-GPL14663|GSM1146227	MCD	ERCB_GLOM_H1|GSE47183-GPL14663	0	-110.19843471634351	0.09056574
GLOM	ERCB_GLOM_H1	B-L2-unitcenter	GSE37460-GPL14663|GSM920411	IgAN	ERCB_GLOM_H1|GSE37460-GPL14663	0	-118.04751901084106	0.07728785
GLOM	ERCB_GLOM_H1	B-L2-unitcenter	GSE37460-GPL14663|GSM920401	IgAN	ERCB_GLOM_H1|GSE37460-GPL14663	0	-113.60223115980318	-0.015109897
GLOM	ERCB_GLOM_H1	B-L2-unitcenter	GSE37460-GPL14663|GSM920402	IgAN	ERCB_GLOM_H1|GSE37460-GPL14663	0	-108.03312862122449	0.10076648
GLOM	ERCB_GLOM_H1	B-L2-unitcenter	GSE37460-GPL14663|GSM920403	IgAN	ERCB_GLOM_H1|GSE37460-GPL14663	0	-115.56409935282242	0.23763701
GLOM	ERCB_GLOM_H1	B-L2-unitcenter	GSE37460-GPL14663|GSM920404	IgAN	ERCB_GLOM_H1|GSE37460-GPL14663	0	-113.10146575224402	0.16764104
GLOM	ERCB_GLOM_H1	B-L2-unitcenter	GSE37460-GPL14663|GSM920405	IgAN	ERCB_GLOM_H1|GSE37460-GPL14663	0	-119.72395083357726	0.1301688
GLOM	ERCB_GLOM_H1	B-L2-unitcenter	GSE37460-GPL14663|GSM920406	IgAN	ERCB_GLOM_H1|GSE37460-GPL14663	0	-104.22190824979576	0.1795404
GLOM	ERCB_GLOM_H1	B-L2-unitcenter	GSE37460-GPL14663|GSM920407	IgAN	ERCB_GLOM_H1|GSE37460-GPL14663	0	-96.64668915261326	0.19185376
GLOM	ERCB_GLOM_H1	B-L2-unitcenter	GSE37460-GPL14663|GSM920408	IgAN	ERCB_GLOM_H1|GSE37460-GPL14663	0	-103.87954109093636	0.04620415
GLOM	ERCB_GLOM_H1	B-L2-unitcenter	GSE37460-GPL14663|GSM920409	IgAN	ERCB_GLOM_H1|GSE37460-GPL14663	0	-110.41054817493726	0.1939776
GLOM	ERCB_GLOM_H1	B-L2-unitcenter	GSE37460-GPL14663|GSM920410	IgAN	ERCB_GLOM_H1|GSE37460-GPL14663	0	-110.43375330458998	0.12818265
GLOM	ERCB_GLOM_H1	B-L2-unitcenter	GSE37460-GPL14663|GSM920420	IgAN	ERCB_GLOM_H1|GSE37460-GPL14663	0	-111.77587917787856	0.049260855
GLOM	ERCB_GLOM_H1	B-L2-unitcenter	GSE37460-GPL14663|GSM920412	IgAN	ERCB_GLOM_H1|GSE37460-GPL14663	0	-102.7100482681339	0.0532583
GLOM	ERCB_GLOM_H1	B-L2-unitcenter	GSE37460-GPL14663|GSM920413	IgAN	ERCB_GLOM_H1|GSE37460-GPL14663	0	-110.84964920478741	0.19578648
GLOM	ERCB_GLOM_H1	B-L2-unitcenter	GSE37460-GPL14663|GSM920414	IgAN	ERCB_GLOM_H1|GSE37460-GPL14663	0	-112.94911823456165	0.11704385
GLOM	ERCB_GLOM_H1	B-L2-unitcenter	GSE37460-GPL14663|GSM920415	IgAN	ERCB_GLOM_H1|GSE37460-GPL14663	0	-109.06722074449353	0.135836
GLOM	ERCB_GLOM_H1	B-L2-unitcenter	GSE37460-GPL14663|GSM920416	IgAN	ERCB_GLOM_H1|GSE37460-GPL14663	0	-106.63424350450158	0.077484906
GLOM	ERCB_GLOM_H1	B-L2-unitcenter	GSE37460-GPL14663|GSM920417	IgAN	ERCB_GLOM_H1|GSE37460-GPL14663	0	-110.98065929754183	0.21014857
GLOM	ERCB_GLOM_H1	B-L2-unitcenter	GSE37460-GPL14663|GSM920418	IgAN	ERCB_GLOM_H1|GSE37460-GPL14663	0	-106.70636767190362	0.16986382
GLOM	ERCB_GLOM_H1	B-L2-unitcenter	GSE37460-GPL14663|GSM920419	IgAN	ERCB_GLOM_H1|GSE37460-GPL14663	0	-107.24588505494808	0.16591316
GLOM	ERCB_GLOM_H1	B-L2-unitcenter	GSE37460-GPL14663|GSM920421	IgAN	ERCB_GLOM_H1|GSE37460-GPL14663	0	-117.70568792873341	0.10175675
GLOM	ERCB_GLOM_H1	B-L2-unitcenter	GSE37460-GPL14663|GSM920422	IgAN	ERCB_GLOM_H1|GSE37460-GPL14663	0	-111.09820351765812	0.008696079
GLOM	ERCB_GLOM_H1	B-L2-unitcenter	GSE37460-GPL14663|GSM920423	IgAN	ERCB_GLOM_H1|GSE37460-GPL14663	0	-116.86043597810315	0.14425391
GLOM	ERCB_GLOM_H1	B-L2-unitcenter	GSE37460-GPL14663|GSM920424	IgAN	ERCB_GLOM_H1|GSE37460-GPL14663	0	-110.64420984467515	0.011513829
GLOM	ERCB_GLOM_H1	B-L2-unitcenter	GSE37460-GPL14663|GSM920425	IgAN	ERCB_GLOM_H1|GSE37460-GPL14663	0	-117.38213361922085	0.07905692
GLOM	ERCB_GLOM_H1	B-L2-unitcenter	GSE37460-GPL14663|GSM920426	IgAN	ERCB_GLOM_H1|GSE37460-GPL14663	0	-113.75185230878766	0.101911545
GLOM	ERCB_GLOM_H1	B-L2-unitcenter	GSE37460-GPL14663|GSM920427	IgAN	ERCB_GLOM_H1|GSE37460-GPL14663	0	-105.90760252837427	0.16134804
GLOM	ERCB_GLOM_H1	B-L2-unitcenter	GSE47183-GPL14663|GSM1146235	FSGS	ERCB_GLOM_H1|GSE47183-GPL14663	0	-98.6654359667968	0.12482333
GLOM	ERCB_GLOM_H1	B-L2-unitcenter	GSE47183-GPL14663|GSM1146236	FSGS	ERCB_GLOM_H1|GSE47183-GPL14663	0	-118.82268412317337	-0.057520032
GLOM	ERCB_GLOM_H1	B-L2-unitcenter	GSE47183-GPL14663|GSM1146237	FSGS	ERCB_GLOM_H1|GSE47183-GPL14663	0	-105.81959349776953	0.15307367
GLOM	ERCB_GLOM_H1	B-L2-unitcenter	GSE47183-GPL14663|GSM1146239	FSGS	ERCB_GLOM_H1|GSE47183-GPL14663	0	-104.72866148444777	0.073637605
GLOM	ERCB_GLOM_H1	B-L2-unitcenter	GSE47183-GPL14663|GSM1146240	FSGS	ERCB_GLOM_H1|GSE47183-GPL14663	0	-99.19446919196923	0.16025674
GLOM	ERCB_GLOM_H1	B-L2-unitcenter	GSE47183-GPL14663|GSM1146241	FSGS	ERCB_GLOM_H1|GSE47183-GPL14663	0	-116.72927942780026	0.12596732
GLOM	ERCB_GLOM_H1	B-L2-unitcenter	GSE47183-GPL14663|GSM1146242	FSGS	ERCB_GLOM_H1|GSE47183-GPL14663	0	-107.19046521663861	0.026824415
GLOM	ERCB_GLOM_H1	B-L2-unitcenter	GSE47183-GPL14663|GSM1146243	FSGS	ERCB_GLOM_H1|GSE47183-GPL14663	0	-112.36513944695113	0.075583875
GLOM	ERCB_GLOM_H1	B-L2-unitcenter	GSE47183-GPL14663|GSM1146248	MN	ERCB_GLOM_H1|GSE47183-GPL14663	0	-110.77082034590084	0.091932714
GLOM	ERCB_GLOM_H1	B-L2-unitcenter	GSE47183-GPL14663|GSM1146249	MN	ERCB_GLOM_H1|GSE47183-GPL14663	0	-106.89877327804899	0.1217168
GLOM	ERCB_GLOM_H1	B-L2-unitcenter	GSE47183-GPL14663|GSM1146250	MN	ERCB_GLOM_H1|GSE47183-GPL14663	0	-110.21517336779984	0.19953293
GLOM	ERCB_GLOM_H1	B-L2-unitcenter	GSE47183-GPL14663|GSM1146251	MN	ERCB_GLOM_H1|GSE47183-GPL14663	0	-107.80600334249418	0.16270345
GLOM	ERCB_GLOM_H1	B-L2-unitcenter	GSE47183-GPL14663|GSM1146252	MN	ERCB_GLOM_H1|GSE47183-GPL14663	0	-113.2053260200749	0.14434576
GLOM	ERCB_GLOM_H1	B-L2-unitcenter	GSE47183-GPL14663|GSM1146253	MN	ERCB_GLOM_H1|GSE47183-GPL14663	0	-108.05688710070746	0.057288766
GLOM	ERCB_GLOM_H1	B-L2-unitcenter	GSE47183-GPL14663|GSM1146254	MN	ERCB_GLOM_H1|GSE47183-GPL14663	0	-111.57136745058928	0.01948917
GLOM	ERCB_GLOM_H1	B-L2-unitcenter	GSE47183-GPL14663|GSM1146255	MN	ERCB_GLOM_H1|GSE47183-GPL14663	0	-106.61440956010959	-0.0032025576
GLOM	ERCB_GLOM_H1	B-L2-unitcenter	GSE47183-GPL14663|GSM1146256	MN	ERCB_GLOM_H1|GSE47183-GPL14663	0	-104.50453446818847	0.023216486
GLOM	ERCB_GLOM_H1	B-L2-unitcenter	GSE47183-GPL14663|GSM1146257	MN	ERCB_GLOM_H1|GSE47183-GPL14663	0	-110.02753892342953	0.028873205
GLOM	ERCB_GLOM_H1	B-L2-unitcenter	GSE47183-GPL14663|GSM1146258	MN	ERCB_GLOM_H1|GSE47183-GPL14663	0	-100.03809688626181	0.1202327
GLOM	ERCB_GLOM_H1	B-L2-unitcenter	GSE47183-GPL14663|GSM1146259	MN	ERCB_GLOM_H1|GSE47183-GPL14663	0	-103.4556512783431	0.1479801
GLOM	ERCB_GLOM_H1	B-L2-unitcenter	GSE47183-GPL14663|GSM1146260	MN	ERCB_GLOM_H1|GSE47183-GPL14663	0	-103.45586880838093	0.073881805
GLOM	ERCB_GLOM_H1	B-L2-unitcenter	GSE47183-GPL14663|GSM1146261	MN	ERCB_GLOM_H1|GSE47183-GPL14663	0	-112.00944317331073	0.063305914
GLOM	ERCB_GLOM_H1	B-L2-unitcenter	GSE47183-GPL14663|GSM1146262	MN	ERCB_GLOM_H1|GSE47183-GPL14663	0	-109.2887672107806	0.11628699
GLOM	ERCB_GLOM_H1	B-L2-unitcenter	GSE47183-GPL14663|GSM1146263	MN	ERCB_GLOM_H1|GSE47183-GPL14663	0	-109.57833124576099	0.06788808
GLOM	ERCB_GLOM_H1	B-L2-unitcenter	GSE47183-GPL14663|GSM1146264	MN	ERCB_GLOM_H1|GSE47183-GPL14663	0	-103.3367253437629	0.16360629
GLOM	ERCB_GLOM_H1	B-L2-unitcenter	GSE47183-GPL14663|GSM1146265	MN	ERCB_GLOM_H1|GSE47183-GPL14663	0	-104.70049391405753	0.12878382
GLOM	ERCB_GLOM_H1	B-L2-unitcenter	GSE47183-GPL14663|GSM1146266	MN	ERCB_GLOM_H1|GSE47183-GPL14663	0	-110.35469473320069	0.124673724
GLOM	ERCB_GLOM_H1	B-L2-unitcenter	GSE47183-GPL14663|GSM1146267	MN	ERCB_GLOM_H1|GSE47183-GPL14663	0	-105.58143919448302	0.14936632
GLOM	ERCB_GLOM_H1	B-L2-unitcenter	GSE47183-GPL14663|GSM1146268	MN	ERCB_GLOM_H1|GSE47183-GPL14663	0	-110.56117281338982	0.010189772
GLOM	ERCB_GLOM_H1	B-L2-unitcenter	GSE32591-GPL14663|GSM807889	LN	ERCB_GLOM_H1|GSE32591-GPL14663	0	-103.70530518672138	0.1996162
GLOM	ERCB_GLOM_H1	B-L2-unitcenter	GSE32591-GPL14663|GSM807890	LN	ERCB_GLOM_H1|GSE32591-GPL14663	0	-103.49189773441111	0.14593291
GLOM	ERCB_GLOM_H1	B-L2-unitcenter	GSE32591-GPL14663|GSM807891	LN	ERCB_GLOM_H1|GSE32591-GPL14663	0	-98.8210852059026	0.08410859
GLOM	ERCB_GLOM_H1	B-L2-unitcenter	GSE32591-GPL14663|GSM807892	LN	ERCB_GLOM_H1|GSE32591-GPL14663	0	-103.33888406130225	0.14702892
GLOM	ERCB_GLOM_H1	B-L2-unitcenter	GSE32591-GPL14663|GSM807893	LN	ERCB_GLOM_H1|GSE32591-GPL14663	0	-101.71715454676112	0.12225956
GLOM	ERCB_GLOM_H1	B-L2-unitcenter	GSE32591-GPL14663|GSM807894	LN	ERCB_GLOM_H1|GSE32591-GPL14663	0	-104.68334586527688	0.16279829
GLOM	ERCB_GLOM_H1	B-L2-unitcenter	GSE32591-GPL14663|GSM807895	LN	ERCB_GLOM_H1|GSE32591-GPL14663	0	-92.12721615845219	0.24098143
GLOM	ERCB_GLOM_H1	B-L2-unitcenter	GSE32591-GPL14663|GSM807896	LN	ERCB_GLOM_H1|GSE32591-GPL14663	0	-111.81296754131536	0.26566884
GLOM	ERCB_GLOM_H1	B-L2-unitcenter	GSE32591-GPL14663|GSM807897	LN	ERCB_GLOM_H1|GSE32591-GPL14663	0	-111.85300551067307	0.22644138
GLOM	ERCB_GLOM_H1	B-L2-unitcenter	GSE32591-GPL14663|GSM807898	LN	ERCB_GLOM_H1|GSE32591-GPL14663	0	-100.63499955486354	0.11806458
GLOM	ERCB_GLOM_H1	B-L2-unitcenter	GSE32591-GPL14663|GSM807899	LN	ERCB_GLOM_H1|GSE32591-GPL14663	0	-101.59522934780776	0.25386155
GLOM	ERCB_GLOM_H1	B-L2-unitcenter	GSE32591-GPL14663|GSM807900	LN	ERCB_GLOM_H1|GSE32591-GPL14663	0	-105.88718139560893	0.07223207
GLOM	ERCB_GLOM_H1	B-L2-unitcenter	GSE32591-GPL14663|GSM807901	LN	ERCB_GLOM_H1|GSE32591-GPL14663	0	-110.09031393727734	0.11520225
GLOM	ERCB_GLOM_H1	B-L2-unitcenter	GSE32591-GPL14663|GSM807902	LN	ERCB_GLOM_H1|GSE32591-GPL14663	0	-103.94271854658989	0.13380063
GLOM	ERCB_GLOM_H1	B-L2-unitcenter	GSE32591-GPL14663|GSM807903	LN	ERCB_GLOM_H1|GSE32591-GPL14663	0	-99.4945578670576	0.10170525
GLOM	ERCB_GLOM_H1	B-L2-unitcenter	GSE32591-GPL14663|GSM807904	LN	ERCB_GLOM_H1|GSE32591-GPL14663	0	-108.4055215187593	0.08674687
GLOM	ERCB_GLOM_H1	B-L2-unitcenter	GSE32591-GPL14663|GSM807905	LN	ERCB_GLOM_H1|GSE32591-GPL14663	0	-106.25431578865957	-0.015378118
GLOM	ERCB_GLOM_H1	B-L2-unitcenter	GSE32591-GPL14663|GSM807906	LN	ERCB_GLOM_H1|GSE32591-GPL14663	0	-88.78306916125028	0.068867564
GLOM	ERCB_GLOM_H1	B-L2-unitcenter	GSE32591-GPL14663|GSM807907	LN	ERCB_GLOM_H1|GSE32591-GPL14663	0	-93.74834705681879	0.05145186
GLOM	ERCB_GLOM_H1	B-L2-unitcenter	GSE32591-GPL14663|GSM807908	LN	ERCB_GLOM_H1|GSE32591-GPL14663	0	-99.73539772663743	0.13896006
GLOM	ERCB_GLOM_H1	B-L2-unitcenter	GSE32591-GPL14663|GSM807909	LN	ERCB_GLOM_H1|GSE32591-GPL14663	0	-105.40638957813702	0.14450353
GLOM	ERCB_GLOM_H1	B-L2-unitcenter	GSE32591-GPL14663|GSM807910	LN	ERCB_GLOM_H1|GSE32591-GPL14663	0	-105.91148843286756	0.18395746
GLOM	ERCB_GLOM_H1	B-L2-unitcenter	GSE32591-GPL14663|GSM807911	LN	ERCB_GLOM_H1|GSE32591-GPL14663	0	-89.4817637899785	-0.027548015
GLOM	ERCB_GLOM_H1	B-L2-unitcenter	GSE32591-GPL14663|GSM807912	LN	ERCB_GLOM_H1|GSE32591-GPL14663	0	-104.54250341439709	0.19119596
GLOM	ERCB_GLOM_H1	B-L2-unitcenter	GSE32591-GPL14663|GSM807913	LN	ERCB_GLOM_H1|GSE32591-GPL14663	0	-108.00933078454433	0.15095872
GLOM	ERCB_GLOM_H1	B-L2-unitcenter	GSE32591-GPL14663|GSM807914	LN	ERCB_GLOM_H1|GSE32591-GPL14663	0	-107.33569481625744	0.23493141
GLOM	ERCB_GLOM_H1	B-L2-unitcenter	GSE32591-GPL14663|GSM807915	LN	ERCB_GLOM_H1|GSE32591-GPL14663	0	-107.30849657014387	0.21939093
GLOM	ERCB_GLOM_H1	B-L2-unitcenter	GSE32591-GPL14663|GSM807916	LN	ERCB_GLOM_H1|GSE32591-GPL14663	0	-109.3835441425216	0.07877326
GLOM	ERCB_GLOM_H1	B-L2-unitcenter	GSE32591-GPL14663|GSM807917	LN	ERCB_GLOM_H1|GSE32591-GPL14663	0	-90.30343310689705	0.119160295
GLOM	ERCB_GLOM_H1	B-L2-unitcenter	GSE32591-GPL14663|GSM807918	LN	ERCB_GLOM_H1|GSE32591-GPL14663	0	-108.47224240672593	0.18306845
GLOM	ERCB_GLOM_H1	B-L2-unitcenter	GSE32591-GPL14663|GSM807919	LN	ERCB_GLOM_H1|GSE32591-GPL14663	0	-104.37070448839789	0.12898654
GLOM	ERCB_GLOM_H1	B-L2-unitcenter	GSE32591-GPL14663|GSM807920	LN	ERCB_GLOM_H1|GSE32591-GPL14663	0	-107.4918148539858	0.22802883
GLOM	ERCB_GLOM_H1	B-L2-unitcenter	GSE47183-GPL14663|GSM1146238	FSGS	ERCB_GLOM_H1|GSE47183-GPL14663	0	-116.98339679155974	0.13736123
GLOM	ERCB_GLOM_H1	B-injury	GSE47183-GPL14663|GSM1146201	DKD	ERCB_GLOM_H1|GSE47183-GPL14663	1	-0.12712937593460083	0.12712938
GLOM	ERCB_GLOM_H1	B-injury	GSE47183-GPL14663|GSM1146202	DKD	ERCB_GLOM_H1|GSE47183-GPL14663	1	-0.1959019899368286	0.19590199
GLOM	ERCB_GLOM_H1	B-injury	GSE47183-GPL14663|GSM1146203	DKD	ERCB_GLOM_H1|GSE47183-GPL14663	1	-0.16536962985992432	0.16536963
GLOM	ERCB_GLOM_H1	B-injury	GSE47183-GPL14663|GSM1146204	DKD	ERCB_GLOM_H1|GSE47183-GPL14663	1	-0.20820122957229614	0.20820123
GLOM	ERCB_GLOM_H1	B-injury	GSE47183-GPL14663|GSM1146205	DKD	ERCB_GLOM_H1|GSE47183-GPL14663	1	-0.1311790943145752	0.1311791
GLOM	ERCB_GLOM_H1	B-injury	GSE47183-GPL14663|GSM1146208	MCD	ERCB_GLOM_H1|GSE47183-GPL14663	0	-0.138197124004364	0.13819712
GLOM	ERCB_GLOM_H1	B-injury	GSE47183-GPL14663|GSM1146209	MCD	ERCB_GLOM_H1|GSE47183-GPL14663	0	-0.13664191961288452	0.13664192
GLOM	ERCB_GLOM_H1	B-injury	GSE47183-GPL14663|GSM1146210	MCD	ERCB_GLOM_H1|GSE47183-GPL14663	0	-0.04992365837097168	0.04992366
GLOM	ERCB_GLOM_H1	B-injury	GSE47183-GPL14663|GSM1146211	MCD	ERCB_GLOM_H1|GSE47183-GPL14663	0	-0.045807838439941406	0.04580784
GLOM	ERCB_GLOM_H1	B-injury	GSE37460-GPL14663|GSM920386	HT	ERCB_GLOM_H1|GSE37460-GPL14663	0	-0.1851450800895691	0.18514508
GLOM	ERCB_GLOM_H1	B-injury	GSE37460-GPL14663|GSM920387	HT	ERCB_GLOM_H1|GSE37460-GPL14663	0	-0.09378618001937866	0.09378618
GLOM	ERCB_GLOM_H1	B-injury	GSE37460-GPL14663|GSM920388	HT	ERCB_GLOM_H1|GSE37460-GPL14663	0	-0.07148551940917969	0.07148552
GLOM	ERCB_GLOM_H1	B-injury	GSE37460-GPL14663|GSM920389	HT	ERCB_GLOM_H1|GSE37460-GPL14663	0	0.05315619707107544	-0.053156197
GLOM	ERCB_GLOM_H1	B-injury	GSE37460-GPL14663|GSM920390	HT	ERCB_GLOM_H1|GSE37460-GPL14663	0	-0.15726518630981445	0.15726519
GLOM	ERCB_GLOM_H1	B-injury	GSE37460-GPL14663|GSM920391	HT	ERCB_GLOM_H1|GSE37460-GPL14663	0	-0.09720516204833984	0.09720516
GLOM	ERCB_GLOM_H1	B-injury	GSE37460-GPL14663|GSM920392	HT	ERCB_GLOM_H1|GSE37460-GPL14663	0	-0.1321026086807251	0.13210261
GLOM	ERCB_GLOM_H1	B-injury	GSE37460-GPL14663|GSM920393	HT	ERCB_GLOM_H1|GSE37460-GPL14663	0	-0.11844581365585327	0.11844581
GLOM	ERCB_GLOM_H1	B-injury	GSE37460-GPL14663|GSM920394	HT	ERCB_GLOM_H1|GSE37460-GPL14663	0	-0.16945165395736694	0.16945165
GLOM	ERCB_GLOM_H1	B-injury	GSE37460-GPL14663|GSM920395	HT	ERCB_GLOM_H1|GSE37460-GPL14663	0	-0.12787985801696777	0.12787986
GLOM	ERCB_GLOM_H1	B-injury	GSE37460-GPL14663|GSM920396	HT	ERCB_GLOM_H1|GSE37460-GPL14663	0	-0.13414597511291504	0.13414598
GLOM	ERCB_GLOM_H1	B-injury	GSE37460-GPL14663|GSM920397	HT	ERCB_GLOM_H1|GSE37460-GPL14663	0	-0.17638570070266724	0.1763857
GLOM	ERCB_GLOM_H1	B-injury	GSE37460-GPL14663|GSM920398	HT	ERCB_GLOM_H1|GSE37460-GPL14663	0	-0.11672639846801758	0.1167264
GLOM	ERCB_GLOM_H1	B-injury	GSE37460-GPL14663|GSM920399	HT	ERCB_GLOM_H1|GSE37460-GPL14663	0	-0.07233321666717529	0.07233322
GLOM	ERCB_GLOM_H1	B-injury	GSE37460-GPL14663|GSM920400	HT	ERCB_GLOM_H1|GSE37460-GPL14663	0	-0.1420353651046753	0.14203537
GLOM	ERCB_GLOM_H1	B-injury	GSE47183-GPL14663|GSM1146223	MCD	ERCB_GLOM_H1|GSE47183-GPL14663	0	-0.13688290119171143	0.1368829
GLOM	ERCB_GLOM_H1	B-injury	GSE47183-GPL14663|GSM1146224	MCD	ERCB_GLOM_H1|GSE47183-GPL14663	0	-0.21177715063095093	0.21177715
GLOM	ERCB_GLOM_H1	B-injury	GSE47183-GPL14663|GSM1146225	MCD	ERCB_GLOM_H1|GSE47183-GPL14663	0	-0.10564529895782471	0.1056453
GLOM	ERCB_GLOM_H1	B-injury	GSE47183-GPL14663|GSM1146226	MCD	ERCB_GLOM_H1|GSE47183-GPL14663	0	-0.13781410455703735	0.1378141
GLOM	ERCB_GLOM_H1	B-injury	GSE47183-GPL14663|GSM1146227	MCD	ERCB_GLOM_H1|GSE47183-GPL14663	0	-0.0905657410621643	0.09056574
GLOM	ERCB_GLOM_H1	B-injury	GSE37460-GPL14663|GSM920411	IgAN	ERCB_GLOM_H1|GSE37460-GPL14663	0	-0.07728785276412964	0.07728785
GLOM	ERCB_GLOM_H1	B-injury	GSE37460-GPL14663|GSM920401	IgAN	ERCB_GLOM_H1|GSE37460-GPL14663	0	0.015109896659851074	-0.015109897
GLOM	ERCB_GLOM_H1	B-injury	GSE37460-GPL14663|GSM920402	IgAN	ERCB_GLOM_H1|GSE37460-GPL14663	0	-0.10076647996902466	0.10076648
GLOM	ERCB_GLOM_H1	B-injury	GSE37460-GPL14663|GSM920403	IgAN	ERCB_GLOM_H1|GSE37460-GPL14663	0	-0.2376370131969452	0.23763701
GLOM	ERCB_GLOM_H1	B-injury	GSE37460-GPL14663|GSM920404	IgAN	ERCB_GLOM_H1|GSE37460-GPL14663	0	-0.1676410436630249	0.16764104
GLOM	ERCB_GLOM_H1	B-injury	GSE37460-GPL14663|GSM920405	IgAN	ERCB_GLOM_H1|GSE37460-GPL14663	0	-0.13016879558563232	0.1301688
GLOM	ERCB_GLOM_H1	B-injury	GSE37460-GPL14663|GSM920406	IgAN	ERCB_GLOM_H1|GSE37460-GPL14663	0	-0.17954039573669434	0.1795404
GLOM	ERCB_GLOM_H1	B-injury	GSE37460-GPL14663|GSM920407	IgAN	ERCB_GLOM_H1|GSE37460-GPL14663	0	-0.19185376167297363	0.19185376
GLOM	ERCB_GLOM_H1	B-injury	GSE37460-GPL14663|GSM920408	IgAN	ERCB_GLOM_H1|GSE37460-GPL14663	0	-0.04620414972305298	0.04620415
GLOM	ERCB_GLOM_H1	B-injury	GSE37460-GPL14663|GSM920409	IgAN	ERCB_GLOM_H1|GSE37460-GPL14663	0	-0.19397759437561035	0.1939776
GLOM	ERCB_GLOM_H1	B-injury	GSE37460-GPL14663|GSM920410	IgAN	ERCB_GLOM_H1|GSE37460-GPL14663	0	-0.12818264961242676	0.12818265
GLOM	ERCB_GLOM_H1	B-injury	GSE37460-GPL14663|GSM920420	IgAN	ERCB_GLOM_H1|GSE37460-GPL14663	0	-0.049260854721069336	0.049260855
GLOM	ERCB_GLOM_H1	B-injury	GSE37460-GPL14663|GSM920412	IgAN	ERCB_GLOM_H1|GSE37460-GPL14663	0	-0.053258299827575684	0.0532583
GLOM	ERCB_GLOM_H1	B-injury	GSE37460-GPL14663|GSM920413	IgAN	ERCB_GLOM_H1|GSE37460-GPL14663	0	-0.1957864761352539	0.19578648
GLOM	ERCB_GLOM_H1	B-injury	GSE37460-GPL14663|GSM920414	IgAN	ERCB_GLOM_H1|GSE37460-GPL14663	0	-0.11704385280609131	0.11704385
GLOM	ERCB_GLOM_H1	B-injury	GSE37460-GPL14663|GSM920415	IgAN	ERCB_GLOM_H1|GSE37460-GPL14663	0	-0.13583600521087646	0.135836
GLOM	ERCB_GLOM_H1	B-injury	GSE37460-GPL14663|GSM920416	IgAN	ERCB_GLOM_H1|GSE37460-GPL14663	0	-0.07748490571975708	0.077484906
GLOM	ERCB_GLOM_H1	B-injury	GSE37460-GPL14663|GSM920417	IgAN	ERCB_GLOM_H1|GSE37460-GPL14663	0	-0.21014857292175293	0.21014857
GLOM	ERCB_GLOM_H1	B-injury	GSE37460-GPL14663|GSM920418	IgAN	ERCB_GLOM_H1|GSE37460-GPL14663	0	-0.16986382007598877	0.16986382
GLOM	ERCB_GLOM_H1	B-injury	GSE37460-GPL14663|GSM920419	IgAN	ERCB_GLOM_H1|GSE37460-GPL14663	0	-0.1659131646156311	0.16591316
GLOM	ERCB_GLOM_H1	B-injury	GSE37460-GPL14663|GSM920421	IgAN	ERCB_GLOM_H1|GSE37460-GPL14663	0	-0.101756751537323	0.10175675
GLOM	ERCB_GLOM_H1	B-injury	GSE37460-GPL14663|GSM920422	IgAN	ERCB_GLOM_H1|GSE37460-GPL14663	0	-0.00869607925415039	0.008696079
GLOM	ERCB_GLOM_H1	B-injury	GSE37460-GPL14663|GSM920423	IgAN	ERCB_GLOM_H1|GSE37460-GPL14663	0	-0.1442539095878601	0.14425391
GLOM	ERCB_GLOM_H1	B-injury	GSE37460-GPL14663|GSM920424	IgAN	ERCB_GLOM_H1|GSE37460-GPL14663	0	-0.011513829231262207	0.011513829
GLOM	ERCB_GLOM_H1	B-injury	GSE37460-GPL14663|GSM920425	IgAN	ERCB_GLOM_H1|GSE37460-GPL14663	0	-0.07905691862106323	0.07905692
GLOM	ERCB_GLOM_H1	B-injury	GSE37460-GPL14663|GSM920426	IgAN	ERCB_GLOM_H1|GSE37460-GPL14663	0	-0.10191154479980469	0.101911545
GLOM	ERCB_GLOM_H1	B-injury	GSE37460-GPL14663|GSM920427	IgAN	ERCB_GLOM_H1|GSE37460-GPL14663	0	-0.16134804487228394	0.16134804
GLOM	ERCB_GLOM_H1	B-injury	GSE47183-GPL14663|GSM1146235	FSGS	ERCB_GLOM_H1|GSE47183-GPL14663	0	-0.12482333183288574	0.12482333
GLOM	ERCB_GLOM_H1	B-injury	GSE47183-GPL14663|GSM1146236	FSGS	ERCB_GLOM_H1|GSE47183-GPL14663	0	0.05752003192901611	-0.057520032
GLOM	ERCB_GLOM_H1	B-injury	GSE47183-GPL14663|GSM1146237	FSGS	ERCB_GLOM_H1|GSE47183-GPL14663	0	-0.15307366847991943	0.15307367
GLOM	ERCB_GLOM_H1	B-injury	GSE47183-GPL14663|GSM1146239	FSGS	ERCB_GLOM_H1|GSE47183-GPL14663	0	-0.07363760471343994	0.073637605
GLOM	ERCB_GLOM_H1	B-injury	GSE47183-GPL14663|GSM1146240	FSGS	ERCB_GLOM_H1|GSE47183-GPL14663	0	-0.1602567434310913	0.16025674
GLOM	ERCB_GLOM_H1	B-injury	GSE47183-GPL14663|GSM1146241	FSGS	ERCB_GLOM_H1|GSE47183-GPL14663	0	-0.12596732378005981	0.12596732
GLOM	ERCB_GLOM_H1	B-injury	GSE47183-GPL14663|GSM1146242	FSGS	ERCB_GLOM_H1|GSE47183-GPL14663	0	-0.02682441473007202	0.026824415
GLOM	ERCB_GLOM_H1	B-injury	GSE47183-GPL14663|GSM1146243	FSGS	ERCB_GLOM_H1|GSE47183-GPL14663	0	-0.07558387517929077	0.075583875
GLOM	ERCB_GLOM_H1	B-injury	GSE47183-GPL14663|GSM1146248	MN	ERCB_GLOM_H1|GSE47183-GPL14663	0	-0.09193271398544312	0.091932714
GLOM	ERCB_GLOM_H1	B-injury	GSE47183-GPL14663|GSM1146249	MN	ERCB_GLOM_H1|GSE47183-GPL14663	0	-0.12171679735183716	0.1217168
GLOM	ERCB_GLOM_H1	B-injury	GSE47183-GPL14663|GSM1146250	MN	ERCB_GLOM_H1|GSE47183-GPL14663	0	-0.19953292608261108	0.19953293
GLOM	ERCB_GLOM_H1	B-injury	GSE47183-GPL14663|GSM1146251	MN	ERCB_GLOM_H1|GSE47183-GPL14663	0	-0.16270345449447632	0.16270345
GLOM	ERCB_GLOM_H1	B-injury	GSE47183-GPL14663|GSM1146252	MN	ERCB_GLOM_H1|GSE47183-GPL14663	0	-0.14434576034545898	0.14434576
GLOM	ERCB_GLOM_H1	B-injury	GSE47183-GPL14663|GSM1146253	MN	ERCB_GLOM_H1|GSE47183-GPL14663	0	-0.0572887659072876	0.057288766
GLOM	ERCB_GLOM_H1	B-injury	GSE47183-GPL14663|GSM1146254	MN	ERCB_GLOM_H1|GSE47183-GPL14663	0	-0.019489169120788574	0.01948917
GLOM	ERCB_GLOM_H1	B-injury	GSE47183-GPL14663|GSM1146255	MN	ERCB_GLOM_H1|GSE47183-GPL14663	0	0.0032025575637817383	-0.0032025576
GLOM	ERCB_GLOM_H1	B-injury	GSE47183-GPL14663|GSM1146256	MN	ERCB_GLOM_H1|GSE47183-GPL14663	0	-0.02321648597717285	0.023216486
GLOM	ERCB_GLOM_H1	B-injury	GSE47183-GPL14663|GSM1146257	MN	ERCB_GLOM_H1|GSE47183-GPL14663	0	-0.028873205184936523	0.028873205
GLOM	ERCB_GLOM_H1	B-injury	GSE47183-GPL14663|GSM1146258	MN	ERCB_GLOM_H1|GSE47183-GPL14663	0	-0.12023270130157471	0.1202327
GLOM	ERCB_GLOM_H1	B-injury	GSE47183-GPL14663|GSM1146259	MN	ERCB_GLOM_H1|GSE47183-GPL14663	0	-0.14798009395599365	0.1479801
GLOM	ERCB_GLOM_H1	B-injury	GSE47183-GPL14663|GSM1146260	MN	ERCB_GLOM_H1|GSE47183-GPL14663	0	-0.07388180494308472	0.073881805
GLOM	ERCB_GLOM_H1	B-injury	GSE47183-GPL14663|GSM1146261	MN	ERCB_GLOM_H1|GSE47183-GPL14663	0	-0.06330591440200806	0.063305914
GLOM	ERCB_GLOM_H1	B-injury	GSE47183-GPL14663|GSM1146262	MN	ERCB_GLOM_H1|GSE47183-GPL14663	0	-0.1162869930267334	0.11628699
GLOM	ERCB_GLOM_H1	B-injury	GSE47183-GPL14663|GSM1146263	MN	ERCB_GLOM_H1|GSE47183-GPL14663	0	-0.06788808107376099	0.06788808
GLOM	ERCB_GLOM_H1	B-injury	GSE47183-GPL14663|GSM1146264	MN	ERCB_GLOM_H1|GSE47183-GPL14663	0	-0.16360628604888916	0.16360629
GLOM	ERCB_GLOM_H1	B-injury	GSE47183-GPL14663|GSM1146265	MN	ERCB_GLOM_H1|GSE47183-GPL14663	0	-0.12878382205963135	0.12878382
GLOM	ERCB_GLOM_H1	B-injury	GSE47183-GPL14663|GSM1146266	MN	ERCB_GLOM_H1|GSE47183-GPL14663	0	-0.12467372417449951	0.124673724
GLOM	ERCB_GLOM_H1	B-injury	GSE47183-GPL14663|GSM1146267	MN	ERCB_GLOM_H1|GSE47183-GPL14663	0	-0.1493663191795349	0.14936632
GLOM	ERCB_GLOM_H1	B-injury	GSE47183-GPL14663|GSM1146268	MN	ERCB_GLOM_H1|GSE47183-GPL14663	0	-0.01018977165222168	0.010189772
GLOM	ERCB_GLOM_H1	B-injury	GSE32591-GPL14663|GSM807889	LN	ERCB_GLOM_H1|GSE32591-GPL14663	0	-0.1996161937713623	0.1996162
GLOM	ERCB_GLOM_H1	B-injury	GSE32591-GPL14663|GSM807890	LN	ERCB_GLOM_H1|GSE32591-GPL14663	0	-0.14593291282653809	0.14593291
GLOM	ERCB_GLOM_H1	B-injury	GSE32591-GPL14663|GSM807891	LN	ERCB_GLOM_H1|GSE32591-GPL14663	0	-0.08410859107971191	0.08410859
GLOM	ERCB_GLOM_H1	B-injury	GSE32591-GPL14663|GSM807892	LN	ERCB_GLOM_H1|GSE32591-GPL14663	0	-0.14702892303466797	0.14702892
GLOM	ERCB_GLOM_H1	B-injury	GSE32591-GPL14663|GSM807893	LN	ERCB_GLOM_H1|GSE32591-GPL14663	0	-0.12225955724716187	0.12225956
GLOM	ERCB_GLOM_H1	B-injury	GSE32591-GPL14663|GSM807894	LN	ERCB_GLOM_H1|GSE32591-GPL14663	0	-0.16279828548431396	0.16279829
GLOM	ERCB_GLOM_H1	B-injury	GSE32591-GPL14663|GSM807895	LN	ERCB_GLOM_H1|GSE32591-GPL14663	0	-0.24098142981529236	0.24098143
GLOM	ERCB_GLOM_H1	B-injury	GSE32591-GPL14663|GSM807896	LN	ERCB_GLOM_H1|GSE32591-GPL14663	0	-0.2656688392162323	0.26566884
GLOM	ERCB_GLOM_H1	B-injury	GSE32591-GPL14663|GSM807897	LN	ERCB_GLOM_H1|GSE32591-GPL14663	0	-0.2264413833618164	0.22644138
GLOM	ERCB_GLOM_H1	B-injury	GSE32591-GPL14663|GSM807898	LN	ERCB_GLOM_H1|GSE32591-GPL14663	0	-0.11806458234786987	0.11806458
GLOM	ERCB_GLOM_H1	B-injury	GSE32591-GPL14663|GSM807899	LN	ERCB_GLOM_H1|GSE32591-GPL14663	0	-0.25386154651641846	0.25386155
GLOM	ERCB_GLOM_H1	B-injury	GSE32591-GPL14663|GSM807900	LN	ERCB_GLOM_H1|GSE32591-GPL14663	0	-0.07223206758499146	0.07223207
GLOM	ERCB_GLOM_H1	B-injury	GSE32591-GPL14663|GSM807901	LN	ERCB_GLOM_H1|GSE32591-GPL14663	0	-0.11520224809646606	0.11520225
GLOM	ERCB_GLOM_H1	B-injury	GSE32591-GPL14663|GSM807902	LN	ERCB_GLOM_H1|GSE32591-GPL14663	0	-0.13380062580108643	0.13380063
GLOM	ERCB_GLOM_H1	B-injury	GSE32591-GPL14663|GSM807903	LN	ERCB_GLOM_H1|GSE32591-GPL14663	0	-0.10170525312423706	0.10170525
GLOM	ERCB_GLOM_H1	B-injury	GSE32591-GPL14663|GSM807904	LN	ERCB_GLOM_H1|GSE32591-GPL14663	0	-0.08674687147140503	0.08674687
GLOM	ERCB_GLOM_H1	B-injury	GSE32591-GPL14663|GSM807905	LN	ERCB_GLOM_H1|GSE32591-GPL14663	0	0.015378117561340332	-0.015378118
GLOM	ERCB_GLOM_H1	B-injury	GSE32591-GPL14663|GSM807906	LN	ERCB_GLOM_H1|GSE32591-GPL14663	0	-0.06886756420135498	0.068867564
GLOM	ERCB_GLOM_H1	B-injury	GSE32591-GPL14663|GSM807907	LN	ERCB_GLOM_H1|GSE32591-GPL14663	0	-0.05145186185836792	0.05145186
GLOM	ERCB_GLOM_H1	B-injury	GSE32591-GPL14663|GSM807908	LN	ERCB_GLOM_H1|GSE32591-GPL14663	0	-0.138960063457489	0.13896006
GLOM	ERCB_GLOM_H1	B-injury	GSE32591-GPL14663|GSM807909	LN	ERCB_GLOM_H1|GSE32591-GPL14663	0	-0.14450353384017944	0.14450353
GLOM	ERCB_GLOM_H1	B-injury	GSE32591-GPL14663|GSM807910	LN	ERCB_GLOM_H1|GSE32591-GPL14663	0	-0.18395745754241943	0.18395746
GLOM	ERCB_GLOM_H1	B-injury	GSE32591-GPL14663|GSM807911	LN	ERCB_GLOM_H1|GSE32591-GPL14663	0	0.027548015117645264	-0.027548015
GLOM	ERCB_GLOM_H1	B-injury	GSE32591-GPL14663|GSM807912	LN	ERCB_GLOM_H1|GSE32591-GPL14663	0	-0.19119596481323242	0.19119596
GLOM	ERCB_GLOM_H1	B-injury	GSE32591-GPL14663|GSM807913	LN	ERCB_GLOM_H1|GSE32591-GPL14663	0	-0.15095871686935425	0.15095872
GLOM	ERCB_GLOM_H1	B-injury	GSE32591-GPL14663|GSM807914	LN	ERCB_GLOM_H1|GSE32591-GPL14663	0	-0.23493140935897827	0.23493141
GLOM	ERCB_GLOM_H1	B-injury	GSE32591-GPL14663|GSM807915	LN	ERCB_GLOM_H1|GSE32591-GPL14663	0	-0.21939092874526978	0.21939093
GLOM	ERCB_GLOM_H1	B-injury	GSE32591-GPL14663|GSM807916	LN	ERCB_GLOM_H1|GSE32591-GPL14663	0	-0.07877326011657715	0.07877326
GLOM	ERCB_GLOM_H1	B-injury	GSE32591-GPL14663|GSM807917	LN	ERCB_GLOM_H1|GSE32591-GPL14663	0	-0.11916029453277588	0.119160295
GLOM	ERCB_GLOM_H1	B-injury	GSE32591-GPL14663|GSM807918	LN	ERCB_GLOM_H1|GSE32591-GPL14663	0	-0.18306845426559448	0.18306845
GLOM	ERCB_GLOM_H1	B-injury	GSE32591-GPL14663|GSM807919	LN	ERCB_GLOM_H1|GSE32591-GPL14663	0	-0.12898653745651245	0.12898654
GLOM	ERCB_GLOM_H1	B-injury	GSE32591-GPL14663|GSM807920	LN	ERCB_GLOM_H1|GSE32591-GPL14663	0	-0.22802883386611938	0.22802883
GLOM	ERCB_GLOM_H1	B-injury	GSE47183-GPL14663|GSM1146238	FSGS	ERCB_GLOM_H1|GSE47183-GPL14663	0	-0.13736122846603394	0.13736123
GLOM	ERCB_GLOM_H7	RRG-ID	GSE47183-GPL11670|GSM1146269	DKD	ERCB_GLOM_H7|GSE47183-GPL11670	1	0.49785120487213136	0.15460289
GLOM	ERCB_GLOM_H7	RRG-ID	GSE47183-GPL11670|GSM1146270	DKD	ERCB_GLOM_H7|GSE47183-GPL11670	1	0.7921062231063842	0.11392641
GLOM	ERCB_GLOM_H7	RRG-ID	GSE47183-GPL11670|GSM1146271	DKD	ERCB_GLOM_H7|GSE47183-GPL11670	1	0.3184425890445709	0.18825388
GLOM	ERCB_GLOM_H7	RRG-ID	GSE47183-GPL11670|GSM1146272	DKD	ERCB_GLOM_H7|GSE47183-GPL11670	1	-0.22897680401802062	0.03255397
GLOM	ERCB_GLOM_H7	RRG-ID	GSE47183-GPL11670|GSM1146273	DKD	ERCB_GLOM_H7|GSE47183-GPL11670	1	1.6244060039520263	0.13219172
GLOM	ERCB_GLOM_H7	RRG-ID	GSE47183-GPL11670|GSM1146274	DKD	ERCB_GLOM_H7|GSE47183-GPL11670	1	-0.004610167583450675	0.13523573
GLOM	ERCB_GLOM_H7	RRG-ID	GSE47183-GPL11670|GSM1146275	DKD	ERCB_GLOM_H7|GSE47183-GPL11670	1	0.9209992289543152	0.10575199
GLOM	ERCB_GLOM_H7	RRG-ID	GSE47183-GPL11670|GSM1146276	FSGS_MCD	ERCB_GLOM_H7|GSE47183-GPL11670	0	-0.39206807017326356	0.094367206
GLOM	ERCB_GLOM_H7	RRG-ID	GSE47183-GPL11670|GSM1146277	FSGS_MCD	ERCB_GLOM_H7|GSE47183-GPL11670	0	0.05394136682152748	0.20949948
GLOM	ERCB_GLOM_H7	RRG-ID	GSE47183-GPL11670|GSM1146278	FSGS_MCD	ERCB_GLOM_H7|GSE47183-GPL11670	0	-0.2760808229446411	0.02309233
GLOM	ERCB_GLOM_H7	RRG-ID	GSE47183-GPL11670|GSM1146279	FSGS_MCD	ERCB_GLOM_H7|GSE47183-GPL11670	0	0.2476404458284378	0.23913845
GLOM	ERCB_GLOM_H7	RRG-ID	GSE47183-GPL11670|GSM1146280	FSGS_MCD	ERCB_GLOM_H7|GSE47183-GPL11670	0	-0.22566304504871368	0.049178004
GLOM	ERCB_GLOM_H7	RRG-ID	GSE47183-GPL11670|GSM1146281	FSGS_MCD	ERCB_GLOM_H7|GSE47183-GPL11670	0	-0.07989074587821961	0.029325366
GLOM	ERCB_GLOM_H7	RRG-ID	GSE47183-GPL11670|GSM1146282	FSGS	ERCB_GLOM_H7|GSE47183-GPL11670	0	-0.26581347584724424	0.0890069
GLOM	ERCB_GLOM_H7	RRG-ID	GSE47183-GPL11670|GSM1146283	FSGS	ERCB_GLOM_H7|GSE47183-GPL11670	0	0.3460921883583069	0.09840411
GLOM	ERCB_GLOM_H7	RRG-ID	GSE47183-GPL11670|GSM1146284	FSGS	ERCB_GLOM_H7|GSE47183-GPL11670	0	-0.7570427060127258	0.006064415
GLOM	ERCB_GLOM_H7	RRG-ID	GSE47183-GPL11670|GSM1146285	FSGS	ERCB_GLOM_H7|GSE47183-GPL11670	0	-0.22921262383461	0.13457829
GLOM	ERCB_GLOM_H7	RRG-ID	GSE47183-GPL11670|GSM1146286	FSGS	ERCB_GLOM_H7|GSE47183-GPL11670	0	-0.35819408893585203	0.08887982
GLOM	ERCB_GLOM_H7	RRG-ID	GSE47183-GPL11670|GSM1146287	FSGS	ERCB_GLOM_H7|GSE47183-GPL11670	0	-0.47422564029693604	-0.05526626
GLOM	ERCB_GLOM_H7	RRG-ID	GSE47183-GPL11670|GSM1146288	FSGS	ERCB_GLOM_H7|GSE47183-GPL11670	0	-0.4332545340061188	0.13056922
GLOM	ERCB_GLOM_H7	RRG-ID	GSE47183-GPL11670|GSM1146289	FSGS	ERCB_GLOM_H7|GSE47183-GPL11670	0	0.2950157105922699	0.19693506
GLOM	ERCB_GLOM_H7	RRG-ID	GSE47183-GPL11670|GSM1146290	FSGS	ERCB_GLOM_H7|GSE47183-GPL11670	0	-0.1781001329421997	0.1344443
GLOM	ERCB_GLOM_H7	RRG-ID	GSE47183-GPL11670|GSM1146291	FSGS	ERCB_GLOM_H7|GSE47183-GPL11670	0	0.1017253503203392	0.16395324
GLOM	ERCB_GLOM_H7	RRG-ID	GSE47183-GPL11670|GSM1146292	MCD	ERCB_GLOM_H7|GSE47183-GPL11670	0	-0.3607922255992889	0.046868563
GLOM	ERCB_GLOM_H7	RRG-ID	GSE47183-GPL11670|GSM1146293	MCD	ERCB_GLOM_H7|GSE47183-GPL11670	0	-0.3297209978103638	0.006176114
GLOM	ERCB_GLOM_H7	RRG-ID	GSE47183-GPL11670|GSM1146294	MCD	ERCB_GLOM_H7|GSE47183-GPL11670	0	-0.08904178887605667	0.14715958
GLOM	ERCB_GLOM_H7	RRG-ID	GSE47183-GPL11670|GSM1146295	MCD	ERCB_GLOM_H7|GSE47183-GPL11670	0	-0.4427120864391327	0.016246855
GLOM	ERCB_GLOM_H7	RRG-ID	GSE47183-GPL11670|GSM1146296	MCD	ERCB_GLOM_H7|GSE47183-GPL11670	0	-0.5017657160758973	-0.012404442
GLOM	ERCB_GLOM_H7	RRG-ID	GSE47183-GPL11670|GSM1146297	RPGN	ERCB_GLOM_H7|GSE47183-GPL11670	0	0.6317061066627503	0.1766904
GLOM	ERCB_GLOM_H7	RRG-ID	GSE47183-GPL11670|GSM1146298	RPGN	ERCB_GLOM_H7|GSE47183-GPL11670	0	-0.30014705657958984	0.14940959
GLOM	ERCB_GLOM_H7	RRG-ID	GSE47183-GPL11670|GSM1146299	RPGN	ERCB_GLOM_H7|GSE47183-GPL11670	0	1.1246918201446534	0.2123276
GLOM	ERCB_GLOM_H7	RRG-ID	GSE47183-GPL11670|GSM1146300	RPGN	ERCB_GLOM_H7|GSE47183-GPL11670	0	-0.11164928674697876	0.16182673
GLOM	ERCB_GLOM_H7	RRG-ID	GSE47183-GPL11670|GSM1146301	RPGN	ERCB_GLOM_H7|GSE47183-GPL11670	0	0.23507972061634064	0.13896006
GLOM	ERCB_GLOM_H7	RRG-ID	GSE47183-GPL11670|GSM1146302	RPGN	ERCB_GLOM_H7|GSE47183-GPL11670	0	-0.20376133918762207	0.13793421
GLOM	ERCB_GLOM_H7	RRG-ID	GSE47183-GPL11670|GSM1146303	RPGN	ERCB_GLOM_H7|GSE47183-GPL11670	0	0.9478912949562073	0.14949197
GLOM	ERCB_GLOM_H7	RRG-ID	GSE47183-GPL11670|GSM1146304	RPGN	ERCB_GLOM_H7|GSE47183-GPL11670	0	0.5377344489097595	0.13473481
GLOM	ERCB_GLOM_H7	RRG-ID	GSE47183-GPL11670|GSM1146305	RPGN	ERCB_GLOM_H7|GSE47183-GPL11670	0	0.0768649086356163	0.12166691
GLOM	ERCB_GLOM_H7	RRG-ID	GSE47183-GPL11670|GSM1146306	RPGN	ERCB_GLOM_H7|GSE47183-GPL11670	0	1.691399621963501	0.12811714
GLOM	ERCB_GLOM_H7	RRG-ID	GSE47183-GPL11670|GSM1146307	RPGN	ERCB_GLOM_H7|GSE47183-GPL11670	0	0.4946653783321381	0.18763185
GLOM	ERCB_GLOM_H7	RRG-ID	GSE47183-GPL11670|GSM1146308	RPGN	ERCB_GLOM_H7|GSE47183-GPL11670	0	-0.46324260234832765	0.04615575
GLOM	ERCB_GLOM_H7	RRG-ID	GSE47183-GPL11670|GSM1146309	RPGN	ERCB_GLOM_H7|GSE47183-GPL11670	0	0.7876142382621765	0.13195962
GLOM	ERCB_GLOM_H7	RRG-ID	GSE47183-GPL11670|GSM1146310	RPGN	ERCB_GLOM_H7|GSE47183-GPL11670	0	0.42453222870826723	0.21936601
GLOM	ERCB_GLOM_H7	RRG-ID	GSE47183-GPL11670|GSM1146311	RPGN	ERCB_GLOM_H7|GSE47183-GPL11670	0	1.2546857595443726	0.14583677
GLOM	ERCB_GLOM_H7	RRG-ID	GSE47183-GPL11670|GSM1146313	RPGN	ERCB_GLOM_H7|GSE47183-GPL11670	0	0.18132948279380798	0.14389396
GLOM	ERCB_GLOM_H7	RRG-ID	GSE47183-GPL11670|GSM1146314	RPGN	ERCB_GLOM_H7|GSE47183-GPL11670	0	0.3719946086406708	0.22263855
GLOM	ERCB_GLOM_H7	RRG-ID	GSE47183-GPL11670|GSM1146315	RPGN	ERCB_GLOM_H7|GSE47183-GPL11670	0	-0.11180211007595062	0.11630285
GLOM	ERCB_GLOM_H7	RRG-ID	GSE47183-GPL11670|GSM1146316	RPGN	ERCB_GLOM_H7|GSE47183-GPL11670	0	0.11071534305810929	0.18455613
GLOM	ERCB_GLOM_H7	RRG-ID	GSE47183-GPL11670|GSM1146317	RPGN	ERCB_GLOM_H7|GSE47183-GPL11670	0	0.3048076033592224	0.15260327
GLOM	ERCB_GLOM_H7	RRG-ID	GSE47183-GPL11670|GSM1146318	RPGN	ERCB_GLOM_H7|GSE47183-GPL11670	0	0.05996640622615814	0.1023283
GLOM	ERCB_GLOM_H7	RRG-ID	GSE47183-GPL11670|GSM1146319	RPGN	ERCB_GLOM_H7|GSE47183-GPL11670	0	0.7265490174293519	0.1454925
GLOM	ERCB_GLOM_H7	RRG-ID	GSE47183-GPL11670|GSM1146312	RPGN	ERCB_GLOM_H7|GSE47183-GPL11670	0	-0.13157280087471007	0.09554505
GLOM	ERCB_GLOM_H7	B-L2	GSE47183-GPL11670|GSM1146269	DKD	ERCB_GLOM_H7|GSE47183-GPL11670	1	-1.185548912491845	0.15460289
GLOM	ERCB_GLOM_H7	B-L2	GSE47183-GPL11670|GSM1146270	DKD	ERCB_GLOM_H7|GSE47183-GPL11670	1	-0.6341358124812948	0.11392641
GLOM	ERCB_GLOM_H7	B-L2	GSE47183-GPL11670|GSM1146271	DKD	ERCB_GLOM_H7|GSE47183-GPL11670	1	-1.8777246980045064	0.18825388
GLOM	ERCB_GLOM_H7	B-L2	GSE47183-GPL11670|GSM1146272	DKD	ERCB_GLOM_H7|GSE47183-GPL11670	1	-1.7891805137212589	0.03255397
GLOM	ERCB_GLOM_H7	B-L2	GSE47183-GPL11670|GSM1146273	DKD	ERCB_GLOM_H7|GSE47183-GPL11670	1	0.3082849096857261	0.13219172
GLOM	ERCB_GLOM_H7	B-L2	GSE47183-GPL11670|GSM1146274	DKD	ERCB_GLOM_H7|GSE47183-GPL11670	1	-1.7824210285160111	0.13523573
GLOM	ERCB_GLOM_H7	B-L2	GSE47183-GPL11670|GSM1146275	DKD	ERCB_GLOM_H7|GSE47183-GPL11670	1	-0.5903177110936815	0.10575199
GLOM	ERCB_GLOM_H7	B-L2	GSE47183-GPL11670|GSM1146276	FSGS_MCD	ERCB_GLOM_H7|GSE47183-GPL11670	0	-2.202051164349866	0.094367206
GLOM	ERCB_GLOM_H7	B-L2	GSE47183-GPL11670|GSM1146277	FSGS_MCD	ERCB_GLOM_H7|GSE47183-GPL11670	0	-2.256407161020367	0.20949948
GLOM	ERCB_GLOM_H7	B-L2	GSE47183-GPL11670|GSM1146278	FSGS_MCD	ERCB_GLOM_H7|GSE47183-GPL11670	0	-1.7409570723447052	0.02309233
GLOM	ERCB_GLOM_H7	B-L2	GSE47183-GPL11670|GSM1146279	FSGS_MCD	ERCB_GLOM_H7|GSE47183-GPL11670	0	-2.08810555883915	0.23913845
GLOM	ERCB_GLOM_H7	B-L2	GSE47183-GPL11670|GSM1146280	FSGS_MCD	ERCB_GLOM_H7|GSE47183-GPL11670	0	-2.0019333013641356	0.049178004
GLOM	ERCB_GLOM_H7	B-L2	GSE47183-GPL11670|GSM1146281	FSGS_MCD	ERCB_GLOM_H7|GSE47183-GPL11670	0	-1.5856647443335488	0.029325366
GLOM	ERCB_GLOM_H7	B-L2	GSE47183-GPL11670|GSM1146282	FSGS	ERCB_GLOM_H7|GSE47183-GPL11670	0	-1.8691906622195025	0.0890069
GLOM	ERCB_GLOM_H7	B-L2	GSE47183-GPL11670|GSM1146283	FSGS	ERCB_GLOM_H7|GSE47183-GPL11670	0	-1.2859085221414936	0.09840411
GLOM	ERCB_GLOM_H7	B-L2	GSE47183-GPL11670|GSM1146284	FSGS	ERCB_GLOM_H7|GSE47183-GPL11670	0	-2.173806875683502	0.006064415
GLOM	ERCB_GLOM_H7	B-L2	GSE47183-GPL11670|GSM1146285	FSGS	ERCB_GLOM_H7|GSE47183-GPL11670	0	-2.226829870204741	0.13457829
GLOM	ERCB_GLOM_H7	B-L2	GSE47183-GPL11670|GSM1146286	FSGS	ERCB_GLOM_H7|GSE47183-GPL11670	0	-2.339982178564325	0.08887982
GLOM	ERCB_GLOM_H7	B-L2	GSE47183-GPL11670|GSM1146287	FSGS	ERCB_GLOM_H7|GSE47183-GPL11670	0	-1.4968476348971893	-0.05526626
GLOM	ERCB_GLOM_H7	B-L2	GSE47183-GPL11670|GSM1146288	FSGS	ERCB_GLOM_H7|GSE47183-GPL11670	0	-2.4556884405470765	0.13056922
GLOM	ERCB_GLOM_H7	B-L2	GSE47183-GPL11670|GSM1146289	FSGS	ERCB_GLOM_H7|GSE47183-GPL11670	0	-1.8922124731040144	0.19693506
GLOM	ERCB_GLOM_H7	B-L2	GSE47183-GPL11670|GSM1146290	FSGS	ERCB_GLOM_H7|GSE47183-GPL11670	0	-2.0874982227831693	0.1344443
GLOM	ERCB_GLOM_H7	B-L2	GSE47183-GPL11670|GSM1146291	FSGS	ERCB_GLOM_H7|GSE47183-GPL11670	0	-1.992294405447863	0.16395324
GLOM	ERCB_GLOM_H7	B-L2	GSE47183-GPL11670|GSM1146292	MCD	ERCB_GLOM_H7|GSE47183-GPL11670	0	-1.9386898112948945	0.046868563
GLOM	ERCB_GLOM_H7	B-L2	GSE47183-GPL11670|GSM1146293	MCD	ERCB_GLOM_H7|GSE47183-GPL11670	0	-1.788979395523568	0.006176114
GLOM	ERCB_GLOM_H7	B-L2	GSE47183-GPL11670|GSM1146294	MCD	ERCB_GLOM_H7|GSE47183-GPL11670	0	-2.215282954867015	0.14715958
GLOM	ERCB_GLOM_H7	B-L2	GSE47183-GPL11670|GSM1146295	MCD	ERCB_GLOM_H7|GSE47183-GPL11670	0	-2.188381499153805	0.016246855
GLOM	ERCB_GLOM_H7	B-L2	GSE47183-GPL11670|GSM1146296	MCD	ERCB_GLOM_H7|GSE47183-GPL11670	0	-2.0012761555793293	-0.012404442
GLOM	ERCB_GLOM_H7	B-L2	GSE47183-GPL11670|GSM1146297	RPGN	ERCB_GLOM_H7|GSE47183-GPL11670	0	-1.083158902013715	0.1766904
GLOM	ERCB_GLOM_H7	B-L2	GSE47183-GPL11670|GSM1146298	RPGN	ERCB_GLOM_H7|GSE47183-GPL11670	0	-2.367705957353473	0.14940959
GLOM	ERCB_GLOM_H7	B-L2	GSE47183-GPL11670|GSM1146299	RPGN	ERCB_GLOM_H7|GSE47183-GPL11670	0	-0.8364708780342862	0.2123276
GLOM	ERCB_GLOM_H7	B-L2	GSE47183-GPL11670|GSM1146300	RPGN	ERCB_GLOM_H7|GSE47183-GPL11670	0	-2.0037500236494683	0.16182673
GLOM	ERCB_GLOM_H7	B-L2	GSE47183-GPL11670|GSM1146301	RPGN	ERCB_GLOM_H7|GSE47183-GPL11670	0	-1.5068552248465366	0.13896006
GLOM	ERCB_GLOM_H7	B-L2	GSE47183-GPL11670|GSM1146302	RPGN	ERCB_GLOM_H7|GSE47183-GPL11670	0	-1.990946978532056	0.13793421
GLOM	ERCB_GLOM_H7	B-L2	GSE47183-GPL11670|GSM1146303	RPGN	ERCB_GLOM_H7|GSE47183-GPL11670	0	-0.5993646178188674	0.14949197
GLOM	ERCB_GLOM_H7	B-L2	GSE47183-GPL11670|GSM1146304	RPGN	ERCB_GLOM_H7|GSE47183-GPL11670	0	-1.1898993329480982	0.13473481
GLOM	ERCB_GLOM_H7	B-L2	GSE47183-GPL11670|GSM1146305	RPGN	ERCB_GLOM_H7|GSE47183-GPL11670	0	-1.9056981527389119	0.12166691
GLOM	ERCB_GLOM_H7	B-L2	GSE47183-GPL11670|GSM1146306	RPGN	ERCB_GLOM_H7|GSE47183-GPL11670	0	0.06197719297799753	0.12811714
GLOM	ERCB_GLOM_H7	B-L2	GSE47183-GPL11670|GSM1146307	RPGN	ERCB_GLOM_H7|GSE47183-GPL11670	0	-1.5196877327353022	0.18763185
GLOM	ERCB_GLOM_H7	B-L2	GSE47183-GPL11670|GSM1146308	RPGN	ERCB_GLOM_H7|GSE47183-GPL11670	0	-2.123767844759901	0.04615575
GLOM	ERCB_GLOM_H7	B-L2	GSE47183-GPL11670|GSM1146309	RPGN	ERCB_GLOM_H7|GSE47183-GPL11670	0	-0.9203331500336396	0.13195962
GLOM	ERCB_GLOM_H7	B-L2	GSE47183-GPL11670|GSM1146310	RPGN	ERCB_GLOM_H7|GSE47183-GPL11670	0	-1.4304771873239994	0.21936601
GLOM	ERCB_GLOM_H7	B-L2	GSE47183-GPL11670|GSM1146311	RPGN	ERCB_GLOM_H7|GSE47183-GPL11670	0	-0.416145849320412	0.14583677
GLOM	ERCB_GLOM_H7	B-L2	GSE47183-GPL11670|GSM1146313	RPGN	ERCB_GLOM_H7|GSE47183-GPL11670	0	-2.030144553258043	0.14389396
GLOM	ERCB_GLOM_H7	B-L2	GSE47183-GPL11670|GSM1146314	RPGN	ERCB_GLOM_H7|GSE47183-GPL11670	0	-1.9700398508690382	0.22263855
GLOM	ERCB_GLOM_H7	B-L2	GSE47183-GPL11670|GSM1146315	RPGN	ERCB_GLOM_H7|GSE47183-GPL11670	0	-1.8889187152144267	0.11630285
GLOM	ERCB_GLOM_H7	B-L2	GSE47183-GPL11670|GSM1146316	RPGN	ERCB_GLOM_H7|GSE47183-GPL11670	0	-1.9886846422924402	0.18455613
GLOM	ERCB_GLOM_H7	B-L2	GSE47183-GPL11670|GSM1146317	RPGN	ERCB_GLOM_H7|GSE47183-GPL11670	0	-1.4082266429278794	0.15260327
GLOM	ERCB_GLOM_H7	B-L2	GSE47183-GPL11670|GSM1146318	RPGN	ERCB_GLOM_H7|GSE47183-GPL11670	0	-1.6527758918320854	0.1023283
GLOM	ERCB_GLOM_H7	B-L2	GSE47183-GPL11670|GSM1146319	RPGN	ERCB_GLOM_H7|GSE47183-GPL11670	0	-0.8046400514342543	0.1454925
GLOM	ERCB_GLOM_H7	B-L2	GSE47183-GPL11670|GSM1146312	RPGN	ERCB_GLOM_H7|GSE47183-GPL11670	0	-2.2447043510575293	0.09554505
GLOM	ERCB_GLOM_H7	B-rankLASSO	GSE47183-GPL11670|GSM1146269	DKD	ERCB_GLOM_H7|GSE47183-GPL11670	1	-1.5012960225305647	0.15460289
GLOM	ERCB_GLOM_H7	B-rankLASSO	GSE47183-GPL11670|GSM1146270	DKD	ERCB_GLOM_H7|GSE47183-GPL11670	1	-1.1531739464263446	0.11392641
GLOM	ERCB_GLOM_H7	B-rankLASSO	GSE47183-GPL11670|GSM1146271	DKD	ERCB_GLOM_H7|GSE47183-GPL11670	1	-2.6113517074569517	0.18825388
GLOM	ERCB_GLOM_H7	B-rankLASSO	GSE47183-GPL11670|GSM1146272	DKD	ERCB_GLOM_H7|GSE47183-GPL11670	1	-3.226286606427417	0.03255397
GLOM	ERCB_GLOM_H7	B-rankLASSO	GSE47183-GPL11670|GSM1146273	DKD	ERCB_GLOM_H7|GSE47183-GPL11670	1	1.3006621340557079	0.13219172
GLOM	ERCB_GLOM_H7	B-rankLASSO	GSE47183-GPL11670|GSM1146274	DKD	ERCB_GLOM_H7|GSE47183-GPL11670	1	-3.4987819765800343	0.13523573
GLOM	ERCB_GLOM_H7	B-rankLASSO	GSE47183-GPL11670|GSM1146275	DKD	ERCB_GLOM_H7|GSE47183-GPL11670	1	-2.016109554250038	0.10575199
GLOM	ERCB_GLOM_H7	B-rankLASSO	GSE47183-GPL11670|GSM1146276	FSGS_MCD	ERCB_GLOM_H7|GSE47183-GPL11670	0	-3.576232982161055	0.094367206
GLOM	ERCB_GLOM_H7	B-rankLASSO	GSE47183-GPL11670|GSM1146277	FSGS_MCD	ERCB_GLOM_H7|GSE47183-GPL11670	0	-2.808675068793417	0.20949948
GLOM	ERCB_GLOM_H7	B-rankLASSO	GSE47183-GPL11670|GSM1146278	FSGS_MCD	ERCB_GLOM_H7|GSE47183-GPL11670	0	-3.7285323616533246	0.02309233
GLOM	ERCB_GLOM_H7	B-rankLASSO	GSE47183-GPL11670|GSM1146279	FSGS_MCD	ERCB_GLOM_H7|GSE47183-GPL11670	0	-3.040936407173196	0.23913845
GLOM	ERCB_GLOM_H7	B-rankLASSO	GSE47183-GPL11670|GSM1146280	FSGS_MCD	ERCB_GLOM_H7|GSE47183-GPL11670	0	-4.638266980539304	0.049178004
GLOM	ERCB_GLOM_H7	B-rankLASSO	GSE47183-GPL11670|GSM1146281	FSGS_MCD	ERCB_GLOM_H7|GSE47183-GPL11670	0	-2.50933583456816	0.029325366
GLOM	ERCB_GLOM_H7	B-rankLASSO	GSE47183-GPL11670|GSM1146282	FSGS	ERCB_GLOM_H7|GSE47183-GPL11670	0	-4.775914612650769	0.0890069
GLOM	ERCB_GLOM_H7	B-rankLASSO	GSE47183-GPL11670|GSM1146283	FSGS	ERCB_GLOM_H7|GSE47183-GPL11670	0	-2.518499580374135	0.09840411
GLOM	ERCB_GLOM_H7	B-rankLASSO	GSE47183-GPL11670|GSM1146284	FSGS	ERCB_GLOM_H7|GSE47183-GPL11670	0	-3.788898390595023	0.006064415
GLOM	ERCB_GLOM_H7	B-rankLASSO	GSE47183-GPL11670|GSM1146285	FSGS	ERCB_GLOM_H7|GSE47183-GPL11670	0	-4.293783009639157	0.13457829
GLOM	ERCB_GLOM_H7	B-rankLASSO	GSE47183-GPL11670|GSM1146286	FSGS	ERCB_GLOM_H7|GSE47183-GPL11670	0	-4.184342844158752	0.08887982
GLOM	ERCB_GLOM_H7	B-rankLASSO	GSE47183-GPL11670|GSM1146287	FSGS	ERCB_GLOM_H7|GSE47183-GPL11670	0	-3.6077694881045645	-0.05526626
GLOM	ERCB_GLOM_H7	B-rankLASSO	GSE47183-GPL11670|GSM1146288	FSGS	ERCB_GLOM_H7|GSE47183-GPL11670	0	-4.832112797652918	0.13056922
GLOM	ERCB_GLOM_H7	B-rankLASSO	GSE47183-GPL11670|GSM1146289	FSGS	ERCB_GLOM_H7|GSE47183-GPL11670	0	-4.388237124808754	0.19693506
GLOM	ERCB_GLOM_H7	B-rankLASSO	GSE47183-GPL11670|GSM1146290	FSGS	ERCB_GLOM_H7|GSE47183-GPL11670	0	-4.01418865950256	0.1344443
GLOM	ERCB_GLOM_H7	B-rankLASSO	GSE47183-GPL11670|GSM1146291	FSGS	ERCB_GLOM_H7|GSE47183-GPL11670	0	-4.0855834266021125	0.16395324
GLOM	ERCB_GLOM_H7	B-rankLASSO	GSE47183-GPL11670|GSM1146292	MCD	ERCB_GLOM_H7|GSE47183-GPL11670	0	-4.238306181720933	0.046868563
GLOM	ERCB_GLOM_H7	B-rankLASSO	GSE47183-GPL11670|GSM1146293	MCD	ERCB_GLOM_H7|GSE47183-GPL11670	0	-3.6548955203965354	0.006176114
GLOM	ERCB_GLOM_H7	B-rankLASSO	GSE47183-GPL11670|GSM1146294	MCD	ERCB_GLOM_H7|GSE47183-GPL11670	0	-5.061324860535036	0.14715958
GLOM	ERCB_GLOM_H7	B-rankLASSO	GSE47183-GPL11670|GSM1146295	MCD	ERCB_GLOM_H7|GSE47183-GPL11670	0	-4.085129761633646	0.016246855
GLOM	ERCB_GLOM_H7	B-rankLASSO	GSE47183-GPL11670|GSM1146296	MCD	ERCB_GLOM_H7|GSE47183-GPL11670	0	-4.9716361212101035	-0.012404442
GLOM	ERCB_GLOM_H7	B-rankLASSO	GSE47183-GPL11670|GSM1146297	RPGN	ERCB_GLOM_H7|GSE47183-GPL11670	0	-2.8929333536105606	0.1766904
GLOM	ERCB_GLOM_H7	B-rankLASSO	GSE47183-GPL11670|GSM1146298	RPGN	ERCB_GLOM_H7|GSE47183-GPL11670	0	-4.546431464613043	0.14940959
GLOM	ERCB_GLOM_H7	B-rankLASSO	GSE47183-GPL11670|GSM1146299	RPGN	ERCB_GLOM_H7|GSE47183-GPL11670	0	-3.0112934980049673	0.2123276
GLOM	ERCB_GLOM_H7	B-rankLASSO	GSE47183-GPL11670|GSM1146300	RPGN	ERCB_GLOM_H7|GSE47183-GPL11670	0	-2.601861865429161	0.16182673
GLOM	ERCB_GLOM_H7	B-rankLASSO	GSE47183-GPL11670|GSM1146301	RPGN	ERCB_GLOM_H7|GSE47183-GPL11670	0	-3.5477704809687127	0.13896006
GLOM	ERCB_GLOM_H7	B-rankLASSO	GSE47183-GPL11670|GSM1146302	RPGN	ERCB_GLOM_H7|GSE47183-GPL11670	0	-4.056223367033138	0.13793421
GLOM	ERCB_GLOM_H7	B-rankLASSO	GSE47183-GPL11670|GSM1146303	RPGN	ERCB_GLOM_H7|GSE47183-GPL11670	0	-1.811206606127157	0.14949197
GLOM	ERCB_GLOM_H7	B-rankLASSO	GSE47183-GPL11670|GSM1146304	RPGN	ERCB_GLOM_H7|GSE47183-GPL11670	0	-2.3486214852257072	0.13473481
GLOM	ERCB_GLOM_H7	B-rankLASSO	GSE47183-GPL11670|GSM1146305	RPGN	ERCB_GLOM_H7|GSE47183-GPL11670	0	-4.120145742551312	0.12166691
GLOM	ERCB_GLOM_H7	B-rankLASSO	GSE47183-GPL11670|GSM1146306	RPGN	ERCB_GLOM_H7|GSE47183-GPL11670	0	-0.42133604988780515	0.12811714
GLOM	ERCB_GLOM_H7	B-rankLASSO	GSE47183-GPL11670|GSM1146307	RPGN	ERCB_GLOM_H7|GSE47183-GPL11670	0	-3.63237704930625	0.18763185
GLOM	ERCB_GLOM_H7	B-rankLASSO	GSE47183-GPL11670|GSM1146308	RPGN	ERCB_GLOM_H7|GSE47183-GPL11670	0	-3.517602334770604	0.04615575
GLOM	ERCB_GLOM_H7	B-rankLASSO	GSE47183-GPL11670|GSM1146309	RPGN	ERCB_GLOM_H7|GSE47183-GPL11670	0	-0.9424494635793359	0.13195962
GLOM	ERCB_GLOM_H7	B-rankLASSO	GSE47183-GPL11670|GSM1146310	RPGN	ERCB_GLOM_H7|GSE47183-GPL11670	0	-2.0377866698990705	0.21936601
GLOM	ERCB_GLOM_H7	B-rankLASSO	GSE47183-GPL11670|GSM1146311	RPGN	ERCB_GLOM_H7|GSE47183-GPL11670	0	-1.2938715619227363	0.14583677
GLOM	ERCB_GLOM_H7	B-rankLASSO	GSE47183-GPL11670|GSM1146313	RPGN	ERCB_GLOM_H7|GSE47183-GPL11670	0	-3.648476413628786	0.14389396
GLOM	ERCB_GLOM_H7	B-rankLASSO	GSE47183-GPL11670|GSM1146314	RPGN	ERCB_GLOM_H7|GSE47183-GPL11670	0	-3.4900928490133283	0.22263855
GLOM	ERCB_GLOM_H7	B-rankLASSO	GSE47183-GPL11670|GSM1146315	RPGN	ERCB_GLOM_H7|GSE47183-GPL11670	0	-3.9999075786189775	0.11630285
GLOM	ERCB_GLOM_H7	B-rankLASSO	GSE47183-GPL11670|GSM1146316	RPGN	ERCB_GLOM_H7|GSE47183-GPL11670	0	-3.3520920165957446	0.18455613
GLOM	ERCB_GLOM_H7	B-rankLASSO	GSE47183-GPL11670|GSM1146317	RPGN	ERCB_GLOM_H7|GSE47183-GPL11670	0	-1.5451477020083122	0.15260327
GLOM	ERCB_GLOM_H7	B-rankLASSO	GSE47183-GPL11670|GSM1146318	RPGN	ERCB_GLOM_H7|GSE47183-GPL11670	0	-2.4024862231999236	0.1023283
GLOM	ERCB_GLOM_H7	B-rankLASSO	GSE47183-GPL11670|GSM1146319	RPGN	ERCB_GLOM_H7|GSE47183-GPL11670	0	-2.3590620422653146	0.1454925
GLOM	ERCB_GLOM_H7	B-rankLASSO	GSE47183-GPL11670|GSM1146312	RPGN	ERCB_GLOM_H7|GSE47183-GPL11670	0	-4.446234501327169	0.09554505
GLOM	ERCB_GLOM_H7	B2-PCA	GSE47183-GPL11670|GSM1146269	DKD	ERCB_GLOM_H7|GSE47183-GPL11670	1	-0.6466621937631518	0.15460289
GLOM	ERCB_GLOM_H7	B2-PCA	GSE47183-GPL11670|GSM1146270	DKD	ERCB_GLOM_H7|GSE47183-GPL11670	1	-0.550096652735637	0.11392641
GLOM	ERCB_GLOM_H7	B2-PCA	GSE47183-GPL11670|GSM1146271	DKD	ERCB_GLOM_H7|GSE47183-GPL11670	1	-0.824706397712492	0.18825388
GLOM	ERCB_GLOM_H7	B2-PCA	GSE47183-GPL11670|GSM1146272	DKD	ERCB_GLOM_H7|GSE47183-GPL11670	1	-0.9246662753807531	0.03255397
GLOM	ERCB_GLOM_H7	B2-PCA	GSE47183-GPL11670|GSM1146273	DKD	ERCB_GLOM_H7|GSE47183-GPL11670	1	0.21659378990945333	0.13219172
GLOM	ERCB_GLOM_H7	B2-PCA	GSE47183-GPL11670|GSM1146274	DKD	ERCB_GLOM_H7|GSE47183-GPL11670	1	-0.9290073345043286	0.13523573
GLOM	ERCB_GLOM_H7	B2-PCA	GSE47183-GPL11670|GSM1146275	DKD	ERCB_GLOM_H7|GSE47183-GPL11670	1	-0.3343352972156287	0.10575199
GLOM	ERCB_GLOM_H7	B2-PCA	GSE47183-GPL11670|GSM1146276	FSGS_MCD	ERCB_GLOM_H7|GSE47183-GPL11670	0	-1.2554516792239785	0.094367206
GLOM	ERCB_GLOM_H7	B2-PCA	GSE47183-GPL11670|GSM1146277	FSGS_MCD	ERCB_GLOM_H7|GSE47183-GPL11670	0	-1.1950976811237601	0.20949948
GLOM	ERCB_GLOM_H7	B2-PCA	GSE47183-GPL11670|GSM1146278	FSGS_MCD	ERCB_GLOM_H7|GSE47183-GPL11670	0	-1.0456372383506283	0.02309233
GLOM	ERCB_GLOM_H7	B2-PCA	GSE47183-GPL11670|GSM1146279	FSGS_MCD	ERCB_GLOM_H7|GSE47183-GPL11670	0	-1.0626387342273662	0.23913845
GLOM	ERCB_GLOM_H7	B2-PCA	GSE47183-GPL11670|GSM1146280	FSGS_MCD	ERCB_GLOM_H7|GSE47183-GPL11670	0	-0.8743641298479118	0.049178004
GLOM	ERCB_GLOM_H7	B2-PCA	GSE47183-GPL11670|GSM1146281	FSGS_MCD	ERCB_GLOM_H7|GSE47183-GPL11670	0	-0.7007313998605507	0.029325366
GLOM	ERCB_GLOM_H7	B2-PCA	GSE47183-GPL11670|GSM1146282	FSGS	ERCB_GLOM_H7|GSE47183-GPL11670	0	-1.2460078167900974	0.0890069
GLOM	ERCB_GLOM_H7	B2-PCA	GSE47183-GPL11670|GSM1146283	FSGS	ERCB_GLOM_H7|GSE47183-GPL11670	0	-0.9430573593866416	0.09840411
GLOM	ERCB_GLOM_H7	B2-PCA	GSE47183-GPL11670|GSM1146284	FSGS	ERCB_GLOM_H7|GSE47183-GPL11670	0	-1.169334779485899	0.006064415
GLOM	ERCB_GLOM_H7	B2-PCA	GSE47183-GPL11670|GSM1146285	FSGS	ERCB_GLOM_H7|GSE47183-GPL11670	0	-1.1848046923278752	0.13457829
GLOM	ERCB_GLOM_H7	B2-PCA	GSE47183-GPL11670|GSM1146286	FSGS	ERCB_GLOM_H7|GSE47183-GPL11670	0	-1.0751214788606067	0.08887982
GLOM	ERCB_GLOM_H7	B2-PCA	GSE47183-GPL11670|GSM1146287	FSGS	ERCB_GLOM_H7|GSE47183-GPL11670	0	-0.9673948179278928	-0.05526626
GLOM	ERCB_GLOM_H7	B2-PCA	GSE47183-GPL11670|GSM1146288	FSGS	ERCB_GLOM_H7|GSE47183-GPL11670	0	-1.251334825749113	0.13056922
GLOM	ERCB_GLOM_H7	B2-PCA	GSE47183-GPL11670|GSM1146289	FSGS	ERCB_GLOM_H7|GSE47183-GPL11670	0	-0.8650474463381139	0.19693506
GLOM	ERCB_GLOM_H7	B2-PCA	GSE47183-GPL11670|GSM1146290	FSGS	ERCB_GLOM_H7|GSE47183-GPL11670	0	-1.138491169225131	0.1344443
GLOM	ERCB_GLOM_H7	B2-PCA	GSE47183-GPL11670|GSM1146291	FSGS	ERCB_GLOM_H7|GSE47183-GPL11670	0	-0.8293516375345802	0.16395324
GLOM	ERCB_GLOM_H7	B2-PCA	GSE47183-GPL11670|GSM1146292	MCD	ERCB_GLOM_H7|GSE47183-GPL11670	0	-0.8762042779695614	0.046868563
GLOM	ERCB_GLOM_H7	B2-PCA	GSE47183-GPL11670|GSM1146293	MCD	ERCB_GLOM_H7|GSE47183-GPL11670	0	-0.8893556619716246	0.006176114
GLOM	ERCB_GLOM_H7	B2-PCA	GSE47183-GPL11670|GSM1146294	MCD	ERCB_GLOM_H7|GSE47183-GPL11670	0	-1.0053923716656077	0.14715958
GLOM	ERCB_GLOM_H7	B2-PCA	GSE47183-GPL11670|GSM1146295	MCD	ERCB_GLOM_H7|GSE47183-GPL11670	0	-0.8166536606840253	0.016246855
GLOM	ERCB_GLOM_H7	B2-PCA	GSE47183-GPL11670|GSM1146296	MCD	ERCB_GLOM_H7|GSE47183-GPL11670	0	-0.9227191107050325	-0.012404442
GLOM	ERCB_GLOM_H7	B2-PCA	GSE47183-GPL11670|GSM1146297	RPGN	ERCB_GLOM_H7|GSE47183-GPL11670	0	-0.6881352812252334	0.1766904
GLOM	ERCB_GLOM_H7	B2-PCA	GSE47183-GPL11670|GSM1146298	RPGN	ERCB_GLOM_H7|GSE47183-GPL11670	0	-1.2094309295504062	0.14940959
GLOM	ERCB_GLOM_H7	B2-PCA	GSE47183-GPL11670|GSM1146299	RPGN	ERCB_GLOM_H7|GSE47183-GPL11670	0	-0.4354678067113387	0.2123276
GLOM	ERCB_GLOM_H7	B2-PCA	GSE47183-GPL11670|GSM1146300	RPGN	ERCB_GLOM_H7|GSE47183-GPL11670	0	-1.2329440142775676	0.16182673
GLOM	ERCB_GLOM_H7	B2-PCA	GSE47183-GPL11670|GSM1146301	RPGN	ERCB_GLOM_H7|GSE47183-GPL11670	0	-0.8511502101922593	0.13896006
GLOM	ERCB_GLOM_H7	B2-PCA	GSE47183-GPL11670|GSM1146302	RPGN	ERCB_GLOM_H7|GSE47183-GPL11670	0	-1.165227028082004	0.13793421
GLOM	ERCB_GLOM_H7	B2-PCA	GSE47183-GPL11670|GSM1146303	RPGN	ERCB_GLOM_H7|GSE47183-GPL11670	0	-0.3656067249728271	0.14949197
GLOM	ERCB_GLOM_H7	B2-PCA	GSE47183-GPL11670|GSM1146304	RPGN	ERCB_GLOM_H7|GSE47183-GPL11670	0	-0.6941761491454206	0.13473481
GLOM	ERCB_GLOM_H7	B2-PCA	GSE47183-GPL11670|GSM1146305	RPGN	ERCB_GLOM_H7|GSE47183-GPL11670	0	-0.9542675886318515	0.12166691
GLOM	ERCB_GLOM_H7	B2-PCA	GSE47183-GPL11670|GSM1146306	RPGN	ERCB_GLOM_H7|GSE47183-GPL11670	0	0.33761020305868883	0.12811714
GLOM	ERCB_GLOM_H7	B2-PCA	GSE47183-GPL11670|GSM1146307	RPGN	ERCB_GLOM_H7|GSE47183-GPL11670	0	-0.822807627521626	0.18763185
GLOM	ERCB_GLOM_H7	B2-PCA	GSE47183-GPL11670|GSM1146308	RPGN	ERCB_GLOM_H7|GSE47183-GPL11670	0	-1.1383801074019106	0.04615575
GLOM	ERCB_GLOM_H7	B2-PCA	GSE47183-GPL11670|GSM1146309	RPGN	ERCB_GLOM_H7|GSE47183-GPL11670	0	-0.33756769931764913	0.13195962
GLOM	ERCB_GLOM_H7	B2-PCA	GSE47183-GPL11670|GSM1146310	RPGN	ERCB_GLOM_H7|GSE47183-GPL11670	0	-0.8711323015898755	0.21936601
GLOM	ERCB_GLOM_H7	B2-PCA	GSE47183-GPL11670|GSM1146311	RPGN	ERCB_GLOM_H7|GSE47183-GPL11670	0	-0.05167726260801875	0.14583677
GLOM	ERCB_GLOM_H7	B2-PCA	GSE47183-GPL11670|GSM1146313	RPGN	ERCB_GLOM_H7|GSE47183-GPL11670	0	-0.7456217105866693	0.14389396
GLOM	ERCB_GLOM_H7	B2-PCA	GSE47183-GPL11670|GSM1146314	RPGN	ERCB_GLOM_H7|GSE47183-GPL11670	0	-0.8229328296096402	0.22263855
GLOM	ERCB_GLOM_H7	B2-PCA	GSE47183-GPL11670|GSM1146315	RPGN	ERCB_GLOM_H7|GSE47183-GPL11670	0	-1.1480194262052423	0.11630285
GLOM	ERCB_GLOM_H7	B2-PCA	GSE47183-GPL11670|GSM1146316	RPGN	ERCB_GLOM_H7|GSE47183-GPL11670	0	-0.900431500824264	0.18455613
GLOM	ERCB_GLOM_H7	B2-PCA	GSE47183-GPL11670|GSM1146317	RPGN	ERCB_GLOM_H7|GSE47183-GPL11670	0	-0.8004931959543442	0.15260327
GLOM	ERCB_GLOM_H7	B2-PCA	GSE47183-GPL11670|GSM1146318	RPGN	ERCB_GLOM_H7|GSE47183-GPL11670	0	-1.0802577159193552	0.1023283
GLOM	ERCB_GLOM_H7	B2-PCA	GSE47183-GPL11670|GSM1146319	RPGN	ERCB_GLOM_H7|GSE47183-GPL11670	0	-0.5353755024623472	0.1454925
GLOM	ERCB_GLOM_H7	B2-PCA	GSE47183-GPL11670|GSM1146312	RPGN	ERCB_GLOM_H7|GSE47183-GPL11670	0	-0.5827400847504152	0.09554505
GLOM	ERCB_GLOM_H7	B-cPCA	GSE47183-GPL11670|GSM1146269	DKD	ERCB_GLOM_H7|GSE47183-GPL11670	1	-0.7396608400405988	0.15460289
GLOM	ERCB_GLOM_H7	B-cPCA	GSE47183-GPL11670|GSM1146270	DKD	ERCB_GLOM_H7|GSE47183-GPL11670	1	-0.7768294642049522	0.11392641
GLOM	ERCB_GLOM_H7	B-cPCA	GSE47183-GPL11670|GSM1146271	DKD	ERCB_GLOM_H7|GSE47183-GPL11670	1	-1.2716124428914986	0.18825388
GLOM	ERCB_GLOM_H7	B-cPCA	GSE47183-GPL11670|GSM1146272	DKD	ERCB_GLOM_H7|GSE47183-GPL11670	1	-0.9877609767517038	0.03255397
GLOM	ERCB_GLOM_H7	B-cPCA	GSE47183-GPL11670|GSM1146273	DKD	ERCB_GLOM_H7|GSE47183-GPL11670	1	-0.4605383183461961	0.13219172
GLOM	ERCB_GLOM_H7	B-cPCA	GSE47183-GPL11670|GSM1146274	DKD	ERCB_GLOM_H7|GSE47183-GPL11670	1	-0.9448213758668689	0.13523573
GLOM	ERCB_GLOM_H7	B-cPCA	GSE47183-GPL11670|GSM1146275	DKD	ERCB_GLOM_H7|GSE47183-GPL11670	1	-0.7223977022199706	0.10575199
GLOM	ERCB_GLOM_H7	B-cPCA	GSE47183-GPL11670|GSM1146276	FSGS_MCD	ERCB_GLOM_H7|GSE47183-GPL11670	0	-1.2651558029837462	0.094367206
GLOM	ERCB_GLOM_H7	B-cPCA	GSE47183-GPL11670|GSM1146277	FSGS_MCD	ERCB_GLOM_H7|GSE47183-GPL11670	0	-1.0458055965443638	0.20949948
GLOM	ERCB_GLOM_H7	B-cPCA	GSE47183-GPL11670|GSM1146278	FSGS_MCD	ERCB_GLOM_H7|GSE47183-GPL11670	0	-1.1082351636763372	0.02309233
GLOM	ERCB_GLOM_H7	B-cPCA	GSE47183-GPL11670|GSM1146279	FSGS_MCD	ERCB_GLOM_H7|GSE47183-GPL11670	0	-0.9210128833089585	0.23913845
GLOM	ERCB_GLOM_H7	B-cPCA	GSE47183-GPL11670|GSM1146280	FSGS_MCD	ERCB_GLOM_H7|GSE47183-GPL11670	0	-1.3778259779000335	0.049178004
GLOM	ERCB_GLOM_H7	B-cPCA	GSE47183-GPL11670|GSM1146281	FSGS_MCD	ERCB_GLOM_H7|GSE47183-GPL11670	0	-1.3126352625417557	0.029325366
GLOM	ERCB_GLOM_H7	B-cPCA	GSE47183-GPL11670|GSM1146282	FSGS	ERCB_GLOM_H7|GSE47183-GPL11670	0	-1.1283004149872078	0.0890069
GLOM	ERCB_GLOM_H7	B-cPCA	GSE47183-GPL11670|GSM1146283	FSGS	ERCB_GLOM_H7|GSE47183-GPL11670	0	-0.9096826296800966	0.09840411
GLOM	ERCB_GLOM_H7	B-cPCA	GSE47183-GPL11670|GSM1146284	FSGS	ERCB_GLOM_H7|GSE47183-GPL11670	0	-1.5029414845192577	0.006064415
GLOM	ERCB_GLOM_H7	B-cPCA	GSE47183-GPL11670|GSM1146285	FSGS	ERCB_GLOM_H7|GSE47183-GPL11670	0	-1.1427288944823721	0.13457829
GLOM	ERCB_GLOM_H7	B-cPCA	GSE47183-GPL11670|GSM1146286	FSGS	ERCB_GLOM_H7|GSE47183-GPL11670	0	-1.4432759229508276	0.08887982
GLOM	ERCB_GLOM_H7	B-cPCA	GSE47183-GPL11670|GSM1146287	FSGS	ERCB_GLOM_H7|GSE47183-GPL11670	0	-1.2660759318823762	-0.05526626
GLOM	ERCB_GLOM_H7	B-cPCA	GSE47183-GPL11670|GSM1146288	FSGS	ERCB_GLOM_H7|GSE47183-GPL11670	0	-1.312550804872492	0.13056922
GLOM	ERCB_GLOM_H7	B-cPCA	GSE47183-GPL11670|GSM1146289	FSGS	ERCB_GLOM_H7|GSE47183-GPL11670	0	-0.9998847070347179	0.19693506
GLOM	ERCB_GLOM_H7	B-cPCA	GSE47183-GPL11670|GSM1146290	FSGS	ERCB_GLOM_H7|GSE47183-GPL11670	0	-1.1900222790287958	0.1344443
GLOM	ERCB_GLOM_H7	B-cPCA	GSE47183-GPL11670|GSM1146291	FSGS	ERCB_GLOM_H7|GSE47183-GPL11670	0	-1.149680069500571	0.16395324
GLOM	ERCB_GLOM_H7	B-cPCA	GSE47183-GPL11670|GSM1146292	MCD	ERCB_GLOM_H7|GSE47183-GPL11670	0	-1.3577712079757607	0.046868563
GLOM	ERCB_GLOM_H7	B-cPCA	GSE47183-GPL11670|GSM1146293	MCD	ERCB_GLOM_H7|GSE47183-GPL11670	0	-1.3661754190008697	0.006176114
GLOM	ERCB_GLOM_H7	B-cPCA	GSE47183-GPL11670|GSM1146294	MCD	ERCB_GLOM_H7|GSE47183-GPL11670	0	-1.3337384706705777	0.14715958
GLOM	ERCB_GLOM_H7	B-cPCA	GSE47183-GPL11670|GSM1146295	MCD	ERCB_GLOM_H7|GSE47183-GPL11670	0	-1.5753273014316078	0.016246855
GLOM	ERCB_GLOM_H7	B-cPCA	GSE47183-GPL11670|GSM1146296	MCD	ERCB_GLOM_H7|GSE47183-GPL11670	0	-1.331791620937677	-0.012404442
GLOM	ERCB_GLOM_H7	B-cPCA	GSE47183-GPL11670|GSM1146297	RPGN	ERCB_GLOM_H7|GSE47183-GPL11670	0	-0.3257560670343952	0.1766904
GLOM	ERCB_GLOM_H7	B-cPCA	GSE47183-GPL11670|GSM1146298	RPGN	ERCB_GLOM_H7|GSE47183-GPL11670	0	-1.2098912428042412	0.14940959
GLOM	ERCB_GLOM_H7	B-cPCA	GSE47183-GPL11670|GSM1146299	RPGN	ERCB_GLOM_H7|GSE47183-GPL11670	0	-0.23165487396292608	0.2123276
GLOM	ERCB_GLOM_H7	B-cPCA	GSE47183-GPL11670|GSM1146300	RPGN	ERCB_GLOM_H7|GSE47183-GPL11670	0	-0.9537046215426541	0.16182673
GLOM	ERCB_GLOM_H7	B-cPCA	GSE47183-GPL11670|GSM1146301	RPGN	ERCB_GLOM_H7|GSE47183-GPL11670	0	-0.8553076849706346	0.13896006
GLOM	ERCB_GLOM_H7	B-cPCA	GSE47183-GPL11670|GSM1146302	RPGN	ERCB_GLOM_H7|GSE47183-GPL11670	0	-1.105122722975069	0.13793421
GLOM	ERCB_GLOM_H7	B-cPCA	GSE47183-GPL11670|GSM1146303	RPGN	ERCB_GLOM_H7|GSE47183-GPL11670	0	-0.5346052260834233	0.14949197
GLOM	ERCB_GLOM_H7	B-cPCA	GSE47183-GPL11670|GSM1146304	RPGN	ERCB_GLOM_H7|GSE47183-GPL11670	0	-0.5747968906392169	0.13473481
GLOM	ERCB_GLOM_H7	B-cPCA	GSE47183-GPL11670|GSM1146305	RPGN	ERCB_GLOM_H7|GSE47183-GPL11670	0	-0.8376767996552942	0.12166691
GLOM	ERCB_GLOM_H7	B-cPCA	GSE47183-GPL11670|GSM1146306	RPGN	ERCB_GLOM_H7|GSE47183-GPL11670	0	0.050992294298715185	0.12811714
GLOM	ERCB_GLOM_H7	B-cPCA	GSE47183-GPL11670|GSM1146307	RPGN	ERCB_GLOM_H7|GSE47183-GPL11670	0	-0.6675779507945592	0.18763185
GLOM	ERCB_GLOM_H7	B-cPCA	GSE47183-GPL11670|GSM1146308	RPGN	ERCB_GLOM_H7|GSE47183-GPL11670	0	-1.3376601763269267	0.04615575
GLOM	ERCB_GLOM_H7	B-cPCA	GSE47183-GPL11670|GSM1146309	RPGN	ERCB_GLOM_H7|GSE47183-GPL11670	0	-0.4026059309349056	0.13195962
GLOM	ERCB_GLOM_H7	B-cPCA	GSE47183-GPL11670|GSM1146310	RPGN	ERCB_GLOM_H7|GSE47183-GPL11670	0	-0.5560864975016107	0.21936601
GLOM	ERCB_GLOM_H7	B-cPCA	GSE47183-GPL11670|GSM1146311	RPGN	ERCB_GLOM_H7|GSE47183-GPL11670	0	-0.1322171309805973	0.14583677
GLOM	ERCB_GLOM_H7	B-cPCA	GSE47183-GPL11670|GSM1146313	RPGN	ERCB_GLOM_H7|GSE47183-GPL11670	0	-1.164620330980151	0.14389396
GLOM	ERCB_GLOM_H7	B-cPCA	GSE47183-GPL11670|GSM1146314	RPGN	ERCB_GLOM_H7|GSE47183-GPL11670	0	-0.8068280682646499	0.22263855
GLOM	ERCB_GLOM_H7	B-cPCA	GSE47183-GPL11670|GSM1146315	RPGN	ERCB_GLOM_H7|GSE47183-GPL11670	0	-1.3253179851431434	0.11630285
GLOM	ERCB_GLOM_H7	B-cPCA	GSE47183-GPL11670|GSM1146316	RPGN	ERCB_GLOM_H7|GSE47183-GPL11670	0	-0.929620658540498	0.18455613
GLOM	ERCB_GLOM_H7	B-cPCA	GSE47183-GPL11670|GSM1146317	RPGN	ERCB_GLOM_H7|GSE47183-GPL11670	0	-0.5478887879764511	0.15260327
GLOM	ERCB_GLOM_H7	B-cPCA	GSE47183-GPL11670|GSM1146318	RPGN	ERCB_GLOM_H7|GSE47183-GPL11670	0	-1.1780672169656599	0.1023283
GLOM	ERCB_GLOM_H7	B-cPCA	GSE47183-GPL11670|GSM1146319	RPGN	ERCB_GLOM_H7|GSE47183-GPL11670	0	-0.4920253749779061	0.1454925
GLOM	ERCB_GLOM_H7	B-cPCA	GSE47183-GPL11670|GSM1146312	RPGN	ERCB_GLOM_H7|GSE47183-GPL11670	0	-1.1654468240593838	0.09554505
GLOM	ERCB_GLOM_H7	B-L2-unitcenter	GSE47183-GPL11670|GSM1146269	DKD	ERCB_GLOM_H7|GSE47183-GPL11670	1	-29.850078230443593	0.15460289
GLOM	ERCB_GLOM_H7	B-L2-unitcenter	GSE47183-GPL11670|GSM1146270	DKD	ERCB_GLOM_H7|GSE47183-GPL11670	1	-28.98064483197039	0.11392641
GLOM	ERCB_GLOM_H7	B-L2-unitcenter	GSE47183-GPL11670|GSM1146271	DKD	ERCB_GLOM_H7|GSE47183-GPL11670	1	-32.69784840634524	0.18825388
GLOM	ERCB_GLOM_H7	B-L2-unitcenter	GSE47183-GPL11670|GSM1146272	DKD	ERCB_GLOM_H7|GSE47183-GPL11670	1	-31.17377941962227	0.03255397
GLOM	ERCB_GLOM_H7	B-L2-unitcenter	GSE47183-GPL11670|GSM1146273	DKD	ERCB_GLOM_H7|GSE47183-GPL11670	1	-24.507356644411967	0.13219172
GLOM	ERCB_GLOM_H7	B-L2-unitcenter	GSE47183-GPL11670|GSM1146274	DKD	ERCB_GLOM_H7|GSE47183-GPL11670	1	-34.76756997666785	0.13523573
GLOM	ERCB_GLOM_H7	B-L2-unitcenter	GSE47183-GPL11670|GSM1146275	DKD	ERCB_GLOM_H7|GSE47183-GPL11670	1	-25.167235574630944	0.10575199
GLOM	ERCB_GLOM_H7	B-L2-unitcenter	GSE47183-GPL11670|GSM1146276	FSGS_MCD	ERCB_GLOM_H7|GSE47183-GPL11670	0	-39.687966556597594	0.094367206
GLOM	ERCB_GLOM_H7	B-L2-unitcenter	GSE47183-GPL11670|GSM1146277	FSGS_MCD	ERCB_GLOM_H7|GSE47183-GPL11670	0	-30.142639445192287	0.20949948
GLOM	ERCB_GLOM_H7	B-L2-unitcenter	GSE47183-GPL11670|GSM1146278	FSGS_MCD	ERCB_GLOM_H7|GSE47183-GPL11670	0	-36.274333344010806	0.02309233
GLOM	ERCB_GLOM_H7	B-L2-unitcenter	GSE47183-GPL11670|GSM1146279	FSGS_MCD	ERCB_GLOM_H7|GSE47183-GPL11670	0	-31.89857696376666	0.23913845
GLOM	ERCB_GLOM_H7	B-L2-unitcenter	GSE47183-GPL11670|GSM1146280	FSGS_MCD	ERCB_GLOM_H7|GSE47183-GPL11670	0	-32.69409760497586	0.049178004
GLOM	ERCB_GLOM_H7	B-L2-unitcenter	GSE47183-GPL11670|GSM1146281	FSGS_MCD	ERCB_GLOM_H7|GSE47183-GPL11670	0	-35.85087948845435	0.029325366
GLOM	ERCB_GLOM_H7	B-L2-unitcenter	GSE47183-GPL11670|GSM1146282	FSGS	ERCB_GLOM_H7|GSE47183-GPL11670	0	-34.3694020216512	0.0890069
GLOM	ERCB_GLOM_H7	B-L2-unitcenter	GSE47183-GPL11670|GSM1146283	FSGS	ERCB_GLOM_H7|GSE47183-GPL11670	0	-27.403171690740706	0.09840411
GLOM	ERCB_GLOM_H7	B-L2-unitcenter	GSE47183-GPL11670|GSM1146284	FSGS	ERCB_GLOM_H7|GSE47183-GPL11670	0	-37.696232235711584	0.006064415
GLOM	ERCB_GLOM_H7	B-L2-unitcenter	GSE47183-GPL11670|GSM1146285	FSGS	ERCB_GLOM_H7|GSE47183-GPL11670	0	-31.514036158180758	0.13457829
GLOM	ERCB_GLOM_H7	B-L2-unitcenter	GSE47183-GPL11670|GSM1146286	FSGS	ERCB_GLOM_H7|GSE47183-GPL11670	0	-34.420458013943765	0.08887982
GLOM	ERCB_GLOM_H7	B-L2-unitcenter	GSE47183-GPL11670|GSM1146287	FSGS	ERCB_GLOM_H7|GSE47183-GPL11670	0	-29.723116990420817	-0.05526626
GLOM	ERCB_GLOM_H7	B-L2-unitcenter	GSE47183-GPL11670|GSM1146288	FSGS	ERCB_GLOM_H7|GSE47183-GPL11670	0	-33.64895330953015	0.13056922
GLOM	ERCB_GLOM_H7	B-L2-unitcenter	GSE47183-GPL11670|GSM1146289	FSGS	ERCB_GLOM_H7|GSE47183-GPL11670	0	-33.56052191536461	0.19693506
GLOM	ERCB_GLOM_H7	B-L2-unitcenter	GSE47183-GPL11670|GSM1146290	FSGS	ERCB_GLOM_H7|GSE47183-GPL11670	0	-35.51338140460708	0.1344443
GLOM	ERCB_GLOM_H7	B-L2-unitcenter	GSE47183-GPL11670|GSM1146291	FSGS	ERCB_GLOM_H7|GSE47183-GPL11670	0	-36.38503266064324	0.16395324
GLOM	ERCB_GLOM_H7	B-L2-unitcenter	GSE47183-GPL11670|GSM1146292	MCD	ERCB_GLOM_H7|GSE47183-GPL11670	0	-39.82007094061546	0.046868563
GLOM	ERCB_GLOM_H7	B-L2-unitcenter	GSE47183-GPL11670|GSM1146293	MCD	ERCB_GLOM_H7|GSE47183-GPL11670	0	-29.93871923026278	0.006176114
GLOM	ERCB_GLOM_H7	B-L2-unitcenter	GSE47183-GPL11670|GSM1146294	MCD	ERCB_GLOM_H7|GSE47183-GPL11670	0	-28.586642952823457	0.14715958
GLOM	ERCB_GLOM_H7	B-L2-unitcenter	GSE47183-GPL11670|GSM1146295	MCD	ERCB_GLOM_H7|GSE47183-GPL11670	0	-33.01620036004176	0.016246855
GLOM	ERCB_GLOM_H7	B-L2-unitcenter	GSE47183-GPL11670|GSM1146296	MCD	ERCB_GLOM_H7|GSE47183-GPL11670	0	-35.585307559887156	-0.012404442
GLOM	ERCB_GLOM_H7	B-L2-unitcenter	GSE47183-GPL11670|GSM1146297	RPGN	ERCB_GLOM_H7|GSE47183-GPL11670	0	-26.9264119737518	0.1766904
GLOM	ERCB_GLOM_H7	B-L2-unitcenter	GSE47183-GPL11670|GSM1146298	RPGN	ERCB_GLOM_H7|GSE47183-GPL11670	0	-35.69220098071217	0.14940959
GLOM	ERCB_GLOM_H7	B-L2-unitcenter	GSE47183-GPL11670|GSM1146299	RPGN	ERCB_GLOM_H7|GSE47183-GPL11670	0	-20.688714365455663	0.2123276
GLOM	ERCB_GLOM_H7	B-L2-unitcenter	GSE47183-GPL11670|GSM1146300	RPGN	ERCB_GLOM_H7|GSE47183-GPL11670	0	-27.33520816677322	0.16182673
GLOM	ERCB_GLOM_H7	B-L2-unitcenter	GSE47183-GPL11670|GSM1146301	RPGN	ERCB_GLOM_H7|GSE47183-GPL11670	0	-28.585595413877847	0.13896006
GLOM	ERCB_GLOM_H7	B-L2-unitcenter	GSE47183-GPL11670|GSM1146302	RPGN	ERCB_GLOM_H7|GSE47183-GPL11670	0	-30.811620980894933	0.13793421
GLOM	ERCB_GLOM_H7	B-L2-unitcenter	GSE47183-GPL11670|GSM1146303	RPGN	ERCB_GLOM_H7|GSE47183-GPL11670	0	-27.150619632919163	0.14949197
GLOM	ERCB_GLOM_H7	B-L2-unitcenter	GSE47183-GPL11670|GSM1146304	RPGN	ERCB_GLOM_H7|GSE47183-GPL11670	0	-22.8698919386761	0.13473481
GLOM	ERCB_GLOM_H7	B-L2-unitcenter	GSE47183-GPL11670|GSM1146305	RPGN	ERCB_GLOM_H7|GSE47183-GPL11670	0	-27.43364955171327	0.12166691
GLOM	ERCB_GLOM_H7	B-L2-unitcenter	GSE47183-GPL11670|GSM1146306	RPGN	ERCB_GLOM_H7|GSE47183-GPL11670	0	-15.824938750620488	0.12811714
GLOM	ERCB_GLOM_H7	B-L2-unitcenter	GSE47183-GPL11670|GSM1146307	RPGN	ERCB_GLOM_H7|GSE47183-GPL11670	0	-25.39679837343851	0.18763185
GLOM	ERCB_GLOM_H7	B-L2-unitcenter	GSE47183-GPL11670|GSM1146308	RPGN	ERCB_GLOM_H7|GSE47183-GPL11670	0	-26.271698722174907	0.04615575
GLOM	ERCB_GLOM_H7	B-L2-unitcenter	GSE47183-GPL11670|GSM1146309	RPGN	ERCB_GLOM_H7|GSE47183-GPL11670	0	-14.951039477260933	0.13195962
GLOM	ERCB_GLOM_H7	B-L2-unitcenter	GSE47183-GPL11670|GSM1146310	RPGN	ERCB_GLOM_H7|GSE47183-GPL11670	0	-25.7189824678712	0.21936601
GLOM	ERCB_GLOM_H7	B-L2-unitcenter	GSE47183-GPL11670|GSM1146311	RPGN	ERCB_GLOM_H7|GSE47183-GPL11670	0	-25.36217116853128	0.14583677
GLOM	ERCB_GLOM_H7	B-L2-unitcenter	GSE47183-GPL11670|GSM1146313	RPGN	ERCB_GLOM_H7|GSE47183-GPL11670	0	-33.460948733706836	0.14389396
GLOM	ERCB_GLOM_H7	B-L2-unitcenter	GSE47183-GPL11670|GSM1146314	RPGN	ERCB_GLOM_H7|GSE47183-GPL11670	0	-29.360980355626975	0.22263855
GLOM	ERCB_GLOM_H7	B-L2-unitcenter	GSE47183-GPL11670|GSM1146315	RPGN	ERCB_GLOM_H7|GSE47183-GPL11670	0	-33.423040560520796	0.11630285
GLOM	ERCB_GLOM_H7	B-L2-unitcenter	GSE47183-GPL11670|GSM1146316	RPGN	ERCB_GLOM_H7|GSE47183-GPL11670	0	-30.804772518304933	0.18455613
GLOM	ERCB_GLOM_H7	B-L2-unitcenter	GSE47183-GPL11670|GSM1146317	RPGN	ERCB_GLOM_H7|GSE47183-GPL11670	0	-27.235074296344	0.15260327
GLOM	ERCB_GLOM_H7	B-L2-unitcenter	GSE47183-GPL11670|GSM1146318	RPGN	ERCB_GLOM_H7|GSE47183-GPL11670	0	-30.78948604632546	0.1023283
GLOM	ERCB_GLOM_H7	B-L2-unitcenter	GSE47183-GPL11670|GSM1146319	RPGN	ERCB_GLOM_H7|GSE47183-GPL11670	0	-24.031748422725503	0.1454925
GLOM	ERCB_GLOM_H7	B-L2-unitcenter	GSE47183-GPL11670|GSM1146312	RPGN	ERCB_GLOM_H7|GSE47183-GPL11670	0	-29.091168424550425	0.09554505
GLOM	ERCB_GLOM_H7	B-injury	GSE47183-GPL11670|GSM1146269	DKD	ERCB_GLOM_H7|GSE47183-GPL11670	1	-0.15460288524627686	0.15460289
GLOM	ERCB_GLOM_H7	B-injury	GSE47183-GPL11670|GSM1146270	DKD	ERCB_GLOM_H7|GSE47183-GPL11670	1	-0.11392641067504883	0.11392641
GLOM	ERCB_GLOM_H7	B-injury	GSE47183-GPL11670|GSM1146271	DKD	ERCB_GLOM_H7|GSE47183-GPL11670	1	-0.18825387954711914	0.18825388
GLOM	ERCB_GLOM_H7	B-injury	GSE47183-GPL11670|GSM1146272	DKD	ERCB_GLOM_H7|GSE47183-GPL11670	1	-0.03255397081375122	0.03255397
GLOM	ERCB_GLOM_H7	B-injury	GSE47183-GPL11670|GSM1146273	DKD	ERCB_GLOM_H7|GSE47183-GPL11670	1	-0.1321917176246643	0.13219172
GLOM	ERCB_GLOM_H7	B-injury	GSE47183-GPL11670|GSM1146274	DKD	ERCB_GLOM_H7|GSE47183-GPL11670	1	-0.1352357268333435	0.13523573
GLOM	ERCB_GLOM_H7	B-injury	GSE47183-GPL11670|GSM1146275	DKD	ERCB_GLOM_H7|GSE47183-GPL11670	1	-0.10575199127197266	0.10575199
GLOM	ERCB_GLOM_H7	B-injury	GSE47183-GPL11670|GSM1146276	FSGS_MCD	ERCB_GLOM_H7|GSE47183-GPL11670	0	-0.09436720609664917	0.094367206
GLOM	ERCB_GLOM_H7	B-injury	GSE47183-GPL11670|GSM1146277	FSGS_MCD	ERCB_GLOM_H7|GSE47183-GPL11670	0	-0.20949947834014893	0.20949948
GLOM	ERCB_GLOM_H7	B-injury	GSE47183-GPL11670|GSM1146278	FSGS_MCD	ERCB_GLOM_H7|GSE47183-GPL11670	0	-0.023092329502105713	0.02309233
GLOM	ERCB_GLOM_H7	B-injury	GSE47183-GPL11670|GSM1146279	FSGS_MCD	ERCB_GLOM_H7|GSE47183-GPL11670	0	-0.23913845419883728	0.23913845
GLOM	ERCB_GLOM_H7	B-injury	GSE47183-GPL11670|GSM1146280	FSGS_MCD	ERCB_GLOM_H7|GSE47183-GPL11670	0	-0.04917800426483154	0.049178004
GLOM	ERCB_GLOM_H7	B-injury	GSE47183-GPL11670|GSM1146281	FSGS_MCD	ERCB_GLOM_H7|GSE47183-GPL11670	0	-0.029325366020202637	0.029325366
GLOM	ERCB_GLOM_H7	B-injury	GSE47183-GPL11670|GSM1146282	FSGS	ERCB_GLOM_H7|GSE47183-GPL11670	0	-0.08900690078735352	0.0890069
GLOM	ERCB_GLOM_H7	B-injury	GSE47183-GPL11670|GSM1146283	FSGS	ERCB_GLOM_H7|GSE47183-GPL11670	0	-0.09840410947799683	0.09840411
GLOM	ERCB_GLOM_H7	B-injury	GSE47183-GPL11670|GSM1146284	FSGS	ERCB_GLOM_H7|GSE47183-GPL11670	0	-0.006064414978027344	0.006064415
GLOM	ERCB_GLOM_H7	B-injury	GSE47183-GPL11670|GSM1146285	FSGS	ERCB_GLOM_H7|GSE47183-GPL11670	0	-0.13457828760147095	0.13457829
GLOM	ERCB_GLOM_H7	B-injury	GSE47183-GPL11670|GSM1146286	FSGS	ERCB_GLOM_H7|GSE47183-GPL11670	0	-0.08887982368469238	0.08887982
GLOM	ERCB_GLOM_H7	B-injury	GSE47183-GPL11670|GSM1146287	FSGS	ERCB_GLOM_H7|GSE47183-GPL11670	0	0.05526626110076904	-0.05526626
GLOM	ERCB_GLOM_H7	B-injury	GSE47183-GPL11670|GSM1146288	FSGS	ERCB_GLOM_H7|GSE47183-GPL11670	0	-0.1305692195892334	0.13056922
GLOM	ERCB_GLOM_H7	B-injury	GSE47183-GPL11670|GSM1146289	FSGS	ERCB_GLOM_H7|GSE47183-GPL11670	0	-0.19693505764007568	0.19693506
GLOM	ERCB_GLOM_H7	B-injury	GSE47183-GPL11670|GSM1146290	FSGS	ERCB_GLOM_H7|GSE47183-GPL11670	0	-0.13444429636001587	0.1344443
GLOM	ERCB_GLOM_H7	B-injury	GSE47183-GPL11670|GSM1146291	FSGS	ERCB_GLOM_H7|GSE47183-GPL11670	0	-0.1639532446861267	0.16395324
GLOM	ERCB_GLOM_H7	B-injury	GSE47183-GPL11670|GSM1146292	MCD	ERCB_GLOM_H7|GSE47183-GPL11670	0	-0.04686856269836426	0.046868563
GLOM	ERCB_GLOM_H7	B-injury	GSE47183-GPL11670|GSM1146293	MCD	ERCB_GLOM_H7|GSE47183-GPL11670	0	-0.006176114082336426	0.006176114
GLOM	ERCB_GLOM_H7	B-injury	GSE47183-GPL11670|GSM1146294	MCD	ERCB_GLOM_H7|GSE47183-GPL11670	0	-0.14715957641601562	0.14715958
GLOM	ERCB_GLOM_H7	B-injury	GSE47183-GPL11670|GSM1146295	MCD	ERCB_GLOM_H7|GSE47183-GPL11670	0	-0.01624685525894165	0.016246855
GLOM	ERCB_GLOM_H7	B-injury	GSE47183-GPL11670|GSM1146296	MCD	ERCB_GLOM_H7|GSE47183-GPL11670	0	0.012404441833496094	-0.012404442
GLOM	ERCB_GLOM_H7	B-injury	GSE47183-GPL11670|GSM1146297	RPGN	ERCB_GLOM_H7|GSE47183-GPL11670	0	-0.17669039964675903	0.1766904
GLOM	ERCB_GLOM_H7	B-injury	GSE47183-GPL11670|GSM1146298	RPGN	ERCB_GLOM_H7|GSE47183-GPL11670	0	-0.14940959215164185	0.14940959
GLOM	ERCB_GLOM_H7	B-injury	GSE47183-GPL11670|GSM1146299	RPGN	ERCB_GLOM_H7|GSE47183-GPL11670	0	-0.21232759952545166	0.2123276
GLOM	ERCB_GLOM_H7	B-injury	GSE47183-GPL11670|GSM1146300	RPGN	ERCB_GLOM_H7|GSE47183-GPL11670	0	-0.1618267297744751	0.16182673
GLOM	ERCB_GLOM_H7	B-injury	GSE47183-GPL11670|GSM1146301	RPGN	ERCB_GLOM_H7|GSE47183-GPL11670	0	-0.138960063457489	0.13896006
GLOM	ERCB_GLOM_H7	B-injury	GSE47183-GPL11670|GSM1146302	RPGN	ERCB_GLOM_H7|GSE47183-GPL11670	0	-0.13793420791625977	0.13793421
GLOM	ERCB_GLOM_H7	B-injury	GSE47183-GPL11670|GSM1146303	RPGN	ERCB_GLOM_H7|GSE47183-GPL11670	0	-0.14949196577072144	0.14949197
GLOM	ERCB_GLOM_H7	B-injury	GSE47183-GPL11670|GSM1146304	RPGN	ERCB_GLOM_H7|GSE47183-GPL11670	0	-0.13473480939865112	0.13473481
GLOM	ERCB_GLOM_H7	B-injury	GSE47183-GPL11670|GSM1146305	RPGN	ERCB_GLOM_H7|GSE47183-GPL11670	0	-0.12166690826416016	0.12166691
GLOM	ERCB_GLOM_H7	B-injury	GSE47183-GPL11670|GSM1146306	RPGN	ERCB_GLOM_H7|GSE47183-GPL11670	0	-0.1281171441078186	0.12811714
GLOM	ERCB_GLOM_H7	B-injury	GSE47183-GPL11670|GSM1146307	RPGN	ERCB_GLOM_H7|GSE47183-GPL11670	0	-0.18763184547424316	0.18763185
GLOM	ERCB_GLOM_H7	B-injury	GSE47183-GPL11670|GSM1146308	RPGN	ERCB_GLOM_H7|GSE47183-GPL11670	0	-0.04615575075149536	0.04615575
GLOM	ERCB_GLOM_H7	B-injury	GSE47183-GPL11670|GSM1146309	RPGN	ERCB_GLOM_H7|GSE47183-GPL11670	0	-0.13195961713790894	0.13195962
GLOM	ERCB_GLOM_H7	B-injury	GSE47183-GPL11670|GSM1146310	RPGN	ERCB_GLOM_H7|GSE47183-GPL11670	0	-0.21936601400375366	0.21936601
GLOM	ERCB_GLOM_H7	B-injury	GSE47183-GPL11670|GSM1146311	RPGN	ERCB_GLOM_H7|GSE47183-GPL11670	0	-0.14583677053451538	0.14583677
GLOM	ERCB_GLOM_H7	B-injury	GSE47183-GPL11670|GSM1146313	RPGN	ERCB_GLOM_H7|GSE47183-GPL11670	0	-0.14389395713806152	0.14389396
GLOM	ERCB_GLOM_H7	B-injury	GSE47183-GPL11670|GSM1146314	RPGN	ERCB_GLOM_H7|GSE47183-GPL11670	0	-0.2226385474205017	0.22263855
GLOM	ERCB_GLOM_H7	B-injury	GSE47183-GPL11670|GSM1146315	RPGN	ERCB_GLOM_H7|GSE47183-GPL11670	0	-0.11630284786224365	0.11630285
GLOM	ERCB_GLOM_H7	B-injury	GSE47183-GPL11670|GSM1146316	RPGN	ERCB_GLOM_H7|GSE47183-GPL11670	0	-0.18455612659454346	0.18455613
GLOM	ERCB_GLOM_H7	B-injury	GSE47183-GPL11670|GSM1146317	RPGN	ERCB_GLOM_H7|GSE47183-GPL11670	0	-0.15260326862335205	0.15260327
GLOM	ERCB_GLOM_H7	B-injury	GSE47183-GPL11670|GSM1146318	RPGN	ERCB_GLOM_H7|GSE47183-GPL11670	0	-0.10232830047607422	0.1023283
GLOM	ERCB_GLOM_H7	B-injury	GSE47183-GPL11670|GSM1146319	RPGN	ERCB_GLOM_H7|GSE47183-GPL11670	0	-0.14549249410629272	0.1454925
GLOM	ERCB_GLOM_H7	B-injury	GSE47183-GPL11670|GSM1146312	RPGN	ERCB_GLOM_H7|GSE47183-GPL11670	0	-0.09554505348205566	0.09554505
TUB	ERCB_TUB_H1	RRG-ID	GSE104954-GPL24120|GSM2810894	DKD	ERCB_TUB_H1|GSE104954-GPL24120	1	2.112297201156616	-0.0059981346
TUB	ERCB_TUB_H1	RRG-ID	GSE104954-GPL24120|GSM2810895	DKD	ERCB_TUB_H1|GSE104954-GPL24120	1	2.9407583236694337	0.06584287
TUB	ERCB_TUB_H1	RRG-ID	GSE104954-GPL24120|GSM2810896	DKD	ERCB_TUB_H1|GSE104954-GPL24120	1	2.233360004425049	0.026656568
TUB	ERCB_TUB_H1	RRG-ID	GSE104954-GPL24120|GSM2810897	DKD	ERCB_TUB_H1|GSE104954-GPL24120	1	2.3198235511779783	0.0012090802
TUB	ERCB_TUB_H1	RRG-ID	GSE104954-GPL24120|GSM2810898	DKD	ERCB_TUB_H1|GSE104954-GPL24120	1	3.443984603881836	0.08943194
TUB	ERCB_TUB_H1	RRG-ID	GSE104954-GPL24120|GSM2810899	DKD	ERCB_TUB_H1|GSE104954-GPL24120	1	2.4221510887145996	0.025220692
TUB	ERCB_TUB_H1	RRG-ID	GSE104954-GPL24120|GSM2810900	DKD	ERCB_TUB_H1|GSE104954-GPL24120	1	3.1152601718902586	0.09258008
TUB	ERCB_TUB_H1	RRG-ID	GSE104954-GPL24120|GSM2810901	DKD	ERCB_TUB_H1|GSE104954-GPL24120	1	2.053658676147461	-0.014555573
TUB	ERCB_TUB_H1	RRG-ID	GSE104954-GPL24120|GSM2810902	DKD	ERCB_TUB_H1|GSE104954-GPL24120	1	2.17703800201416	0.015181959
TUB	ERCB_TUB_H1	RRG-ID	GSE104954-GPL24120|GSM2810903	DKD	ERCB_TUB_H1|GSE104954-GPL24120	1	2.40495924949646	0.04092908
TUB	ERCB_TUB_H1	RRG-ID	GSE104954-GPL24120|GSM2810904	MCD	ERCB_TUB_H1|GSE104954-GPL24120	0	1.7985785961151124	-0.0057017803
TUB	ERCB_TUB_H1	RRG-ID	GSE104954-GPL24120|GSM2810905	MCD	ERCB_TUB_H1|GSE104954-GPL24120	0	1.5704051017761231	-0.034941852
TUB	ERCB_TUB_H1	RRG-ID	GSE104954-GPL24120|GSM2810906	MCD	ERCB_TUB_H1|GSE104954-GPL24120	0	1.746349573135376	0.01649797
TUB	ERCB_TUB_H1	RRG-ID	GSE104954-GPL24120|GSM2810907	MCD	ERCB_TUB_H1|GSE104954-GPL24120	0	1.6069921255111694	-0.034365118
TUB	ERCB_TUB_H1	RRG-ID	GSE104954-GPL24120|GSM2810914	HT	ERCB_TUB_H1|GSE104954-GPL24120	0	2.691877269744873	0.040584862
TUB	ERCB_TUB_H1	RRG-ID	GSE104954-GPL24120|GSM2810915	HT	ERCB_TUB_H1|GSE104954-GPL24120	0	1.282576894760132	-0.0233953
TUB	ERCB_TUB_H1	RRG-ID	GSE104954-GPL24120|GSM2810916	HT	ERCB_TUB_H1|GSE104954-GPL24120	0	1.810784649848938	0.0054519773
TUB	ERCB_TUB_H1	RRG-ID	GSE104954-GPL24120|GSM2810917	HT	ERCB_TUB_H1|GSE104954-GPL24120	0	1.6298437356948852	-0.03747642
TUB	ERCB_TUB_H1	RRG-ID	GSE104954-GPL24120|GSM2810918	HT	ERCB_TUB_H1|GSE104954-GPL24120	0	1.709589385986328	-0.018603146
TUB	ERCB_TUB_H1	RRG-ID	GSE104954-GPL24120|GSM2810919	HT	ERCB_TUB_H1|GSE104954-GPL24120	0	2.293693208694458	0.01988089
TUB	ERCB_TUB_H1	RRG-ID	GSE104954-GPL24120|GSM2810920	HT	ERCB_TUB_H1|GSE104954-GPL24120	0	2.122630262374878	0.0060124397
TUB	ERCB_TUB_H1	RRG-ID	GSE104954-GPL24120|GSM2810921	HT	ERCB_TUB_H1|GSE104954-GPL24120	0	2.0806607246398925	0.002644837
TUB	ERCB_TUB_H1	RRG-ID	GSE104954-GPL24120|GSM2810922	HT	ERCB_TUB_H1|GSE104954-GPL24120	0	2.3601412773132324	0.001544416
TUB	ERCB_TUB_H1	RRG-ID	GSE104954-GPL24120|GSM2810923	HT	ERCB_TUB_H1|GSE104954-GPL24120	0	1.5840591192245483	-0.051041424
TUB	ERCB_TUB_H1	RRG-ID	GSE104954-GPL24120|GSM2810924	HT	ERCB_TUB_H1|GSE104954-GPL24120	0	1.668400263786316	-0.038968205
TUB	ERCB_TUB_H1	RRG-ID	GSE104954-GPL24120|GSM2810925	HT	ERCB_TUB_H1|GSE104954-GPL24120	0	2.4901463985443115	0.014612317
TUB	ERCB_TUB_H1	RRG-ID	GSE104954-GPL24120|GSM2810926	HT	ERCB_TUB_H1|GSE104954-GPL24120	0	3.3226134300231935	0.07263017
TUB	ERCB_TUB_H1	RRG-ID	GSE104954-GPL24120|GSM2810927	HT	ERCB_TUB_H1|GSE104954-GPL24120	0	1.416638398170471	-0.06273484
TUB	ERCB_TUB_H1	RRG-ID	GSE104954-GPL24120|GSM2810928	HT	ERCB_TUB_H1|GSE104954-GPL24120	0	2.2042190551757814	-0.004752934
TUB	ERCB_TUB_H1	RRG-ID	GSE104954-GPL24120|GSM2810929	HT	ERCB_TUB_H1|GSE104954-GPL24120	0	2.0283563137054443	-0.026722848
TUB	ERCB_TUB_H1	RRG-ID	GSE104954-GPL24120|GSM2810930	HT	ERCB_TUB_H1|GSE104954-GPL24120	0	2.2400466442108153	0.07358873
TUB	ERCB_TUB_H1	RRG-ID	GSE104954-GPL24120|GSM2810931	HT	ERCB_TUB_H1|GSE104954-GPL24120	0	1.7931318044662476	-0.057778776
TUB	ERCB_TUB_H1	RRG-ID	GSE104954-GPL24120|GSM2810932	HT	ERCB_TUB_H1|GSE104954-GPL24120	0	2.0151203155517576	-0.031873763
TUB	ERCB_TUB_H1	RRG-ID	GSE104954-GPL24120|GSM2810933	HT	ERCB_TUB_H1|GSE104954-GPL24120	0	1.973506212234497	0.011760831
TUB	ERCB_TUB_H1	RRG-ID	GSE104954-GPL24120|GSM2810934	MCD	ERCB_TUB_H1|GSE104954-GPL24120	0	2.0960606575012206	0.024061978
TUB	ERCB_TUB_H1	RRG-ID	GSE104954-GPL24120|GSM2810935	MCD	ERCB_TUB_H1|GSE104954-GPL24120	0	1.520179772377014	-0.029089987
TUB	ERCB_TUB_H1	RRG-ID	GSE104954-GPL24120|GSM2810936	MCD	ERCB_TUB_H1|GSE104954-GPL24120	0	2.2961752891540526	0.012542129
TUB	ERCB_TUB_H1	RRG-ID	GSE104954-GPL24120|GSM2810937	MCD	ERCB_TUB_H1|GSE104954-GPL24120	0	1.8086164236068725	-0.025936961
TUB	ERCB_TUB_H1	RRG-ID	GSE104954-GPL24120|GSM2810938	MCD	ERCB_TUB_H1|GSE104954-GPL24120	0	2.242987298965454	0.0129419565
TUB	ERCB_TUB_H1	RRG-ID	GSE104954-GPL24120|GSM2810941	IgAN	ERCB_TUB_H1|GSE104954-GPL24120	0	1.837017011642456	-0.023388445
TUB	ERCB_TUB_H1	RRG-ID	GSE104954-GPL24120|GSM2810942	IgAN	ERCB_TUB_H1|GSE104954-GPL24120	0	1.8277625560760498	-0.019173384
TUB	ERCB_TUB_H1	RRG-ID	GSE104954-GPL24120|GSM2810943	IgAN	ERCB_TUB_H1|GSE104954-GPL24120	0	1.6214412212371827	-0.039647758
TUB	ERCB_TUB_H1	RRG-ID	GSE104954-GPL24120|GSM2810944	IgAN	ERCB_TUB_H1|GSE104954-GPL24120	0	2.744247817993164	0.07920247
TUB	ERCB_TUB_H1	RRG-ID	GSE104954-GPL24120|GSM2810945	IgAN	ERCB_TUB_H1|GSE104954-GPL24120	0	2.0257335662841798	0.016399026
TUB	ERCB_TUB_H1	RRG-ID	GSE104954-GPL24120|GSM2810946	IgAN	ERCB_TUB_H1|GSE104954-GPL24120	0	2.2261706352233888	0.0008201003
TUB	ERCB_TUB_H1	RRG-ID	GSE104954-GPL24120|GSM2810947	IgAN	ERCB_TUB_H1|GSE104954-GPL24120	0	2.996858024597168	0.055944264
TUB	ERCB_TUB_H1	RRG-ID	GSE104954-GPL24120|GSM2810948	IgAN	ERCB_TUB_H1|GSE104954-GPL24120	0	2.209508514404297	0.08834809
TUB	ERCB_TUB_H1	RRG-ID	GSE104954-GPL24120|GSM2810949	IgAN	ERCB_TUB_H1|GSE104954-GPL24120	0	2.0594859600067137	-0.009414315
TUB	ERCB_TUB_H1	RRG-ID	GSE104954-GPL24120|GSM2810950	IgAN	ERCB_TUB_H1|GSE104954-GPL24120	0	1.7957919597625733	-0.039686084
TUB	ERCB_TUB_H1	RRG-ID	GSE104954-GPL24120|GSM2810951	IgAN	ERCB_TUB_H1|GSE104954-GPL24120	0	2.27733473777771	0.012003362
TUB	ERCB_TUB_H1	RRG-ID	GSE104954-GPL24120|GSM2810952	IgAN	ERCB_TUB_H1|GSE104954-GPL24120	0	3.108502912521362	0.09571791
TUB	ERCB_TUB_H1	RRG-ID	GSE104954-GPL24120|GSM2810953	IgAN	ERCB_TUB_H1|GSE104954-GPL24120	0	1.9548048973083496	-0.03116715
TUB	ERCB_TUB_H1	RRG-ID	GSE104954-GPL24120|GSM2810954	IgAN	ERCB_TUB_H1|GSE104954-GPL24120	0	2.11366491317749	-0.029975355
TUB	ERCB_TUB_H1	RRG-ID	GSE104954-GPL24120|GSM2810955	IgAN	ERCB_TUB_H1|GSE104954-GPL24120	0	1.7445847272872925	0.023910344
TUB	ERCB_TUB_H1	RRG-ID	GSE104954-GPL24120|GSM2810956	IgAN	ERCB_TUB_H1|GSE104954-GPL24120	0	2.571923017501831	0.06403273
TUB	ERCB_TUB_H1	RRG-ID	GSE104954-GPL24120|GSM2810957	IgAN	ERCB_TUB_H1|GSE104954-GPL24120	0	2.130056619644165	0.0009830594
TUB	ERCB_TUB_H1	RRG-ID	GSE104954-GPL24120|GSM2810958	IgAN	ERCB_TUB_H1|GSE104954-GPL24120	0	2.197240447998047	0.03145331
TUB	ERCB_TUB_H1	RRG-ID	GSE104954-GPL24120|GSM2810959	IgAN	ERCB_TUB_H1|GSE104954-GPL24120	0	2.3522876739501952	0.056163847
TUB	ERCB_TUB_H1	RRG-ID	GSE104954-GPL24120|GSM2810960	IgAN	ERCB_TUB_H1|GSE104954-GPL24120	0	1.7432336330413818	-0.01691401
TUB	ERCB_TUB_H1	RRG-ID	GSE104954-GPL24120|GSM2810961	IgAN	ERCB_TUB_H1|GSE104954-GPL24120	0	2.054721164703369	0.014970243
TUB	ERCB_TUB_H1	RRG-ID	GSE104954-GPL24120|GSM2810962	IgAN	ERCB_TUB_H1|GSE104954-GPL24120	0	2.2262096881866453	0.019029617
TUB	ERCB_TUB_H1	RRG-ID	GSE104954-GPL24120|GSM2810963	IgAN	ERCB_TUB_H1|GSE104954-GPL24120	0	1.7699227571487426	-0.035069823
TUB	ERCB_TUB_H1	RRG-ID	GSE104954-GPL24120|GSM2810964	IgAN	ERCB_TUB_H1|GSE104954-GPL24120	0	2.011353349685669	0.003359735
TUB	ERCB_TUB_H1	RRG-ID	GSE104954-GPL24120|GSM2810965	IgAN	ERCB_TUB_H1|GSE104954-GPL24120	0	2.5217978954315186	0.083999634
TUB	ERCB_TUB_H1	RRG-ID	GSE104954-GPL24120|GSM2810966	LN	ERCB_TUB_H1|GSE104954-GPL24120	0	2.455147886276245	0.024276316
TUB	ERCB_TUB_H1	RRG-ID	GSE104954-GPL24120|GSM2810967	LN	ERCB_TUB_H1|GSE104954-GPL24120	0	1.7485366821289063	-0.0040518045
TUB	ERCB_TUB_H1	RRG-ID	GSE104954-GPL24120|GSM2810968	MN	ERCB_TUB_H1|GSE104954-GPL24120	0	2.0541600227355956	-0.024818659
TUB	ERCB_TUB_H1	RRG-ID	GSE104954-GPL24120|GSM2810969	LN	ERCB_TUB_H1|GSE104954-GPL24120	0	1.7294001579284668	-0.026655257
TUB	ERCB_TUB_H1	RRG-ID	GSE104954-GPL24120|GSM2810970	LN	ERCB_TUB_H1|GSE104954-GPL24120	0	1.593139100074768	-0.04963219
TUB	ERCB_TUB_H1	RRG-ID	GSE104954-GPL24120|GSM2810971	LN	ERCB_TUB_H1|GSE104954-GPL24120	0	2.297314453125	0.031030476
TUB	ERCB_TUB_H1	RRG-ID	GSE104954-GPL24120|GSM2810972	LN	ERCB_TUB_H1|GSE104954-GPL24120	0	1.961427927017212	-0.008439541
TUB	ERCB_TUB_H1	RRG-ID	GSE104954-GPL24120|GSM2810973	LN	ERCB_TUB_H1|GSE104954-GPL24120	0	3.2237022876739503	0.13904405
TUB	ERCB_TUB_H1	RRG-ID	GSE104954-GPL24120|GSM2810974	LN	ERCB_TUB_H1|GSE104954-GPL24120	0	2.32529559135437	0.021321058
TUB	ERCB_TUB_H1	RRG-ID	GSE104954-GPL24120|GSM2810975	LN	ERCB_TUB_H1|GSE104954-GPL24120	0	2.3368156433105467	0.046819806
TUB	ERCB_TUB_H1	RRG-ID	GSE104954-GPL24120|GSM2810976	LN	ERCB_TUB_H1|GSE104954-GPL24120	0	2.461788702011108	0.031039715
TUB	ERCB_TUB_H1	RRG-ID	GSE104954-GPL24120|GSM2810977	LN	ERCB_TUB_H1|GSE104954-GPL24120	0	2.036518383026123	0.06437367
TUB	ERCB_TUB_H1	RRG-ID	GSE104954-GPL24120|GSM2810978	LN	ERCB_TUB_H1|GSE104954-GPL24120	0	2.622308778762817	0.007895172
TUB	ERCB_TUB_H1	RRG-ID	GSE104954-GPL24120|GSM2810979	LN	ERCB_TUB_H1|GSE104954-GPL24120	0	1.5984468698501586	-0.026821434
TUB	ERCB_TUB_H1	RRG-ID	GSE104954-GPL24120|GSM2810980	MN	ERCB_TUB_H1|GSE104954-GPL24120	0	2.214854621887207	0.012712002
TUB	ERCB_TUB_H1	RRG-ID	GSE104954-GPL24120|GSM2810981	MN	ERCB_TUB_H1|GSE104954-GPL24120	0	2.3825675010681153	0.01675123
TUB	ERCB_TUB_H1	RRG-ID	GSE104954-GPL24120|GSM2810982	MN	ERCB_TUB_H1|GSE104954-GPL24120	0	2.465989875793457	0.033050478
TUB	ERCB_TUB_H1	RRG-ID	GSE104954-GPL24120|GSM2810983	LN	ERCB_TUB_H1|GSE104954-GPL24120	0	1.9688489198684693	0.004441917
TUB	ERCB_TUB_H1	RRG-ID	GSE104954-GPL24120|GSM2810984	LN	ERCB_TUB_H1|GSE104954-GPL24120	0	2.4016642570495605	0.037686527
TUB	ERCB_TUB_H1	RRG-ID	GSE104954-GPL24120|GSM2810985	FSGS	ERCB_TUB_H1|GSE104954-GPL24120	0	3.0913729667663574	0.06351787
TUB	ERCB_TUB_H1	RRG-ID	GSE104954-GPL24120|GSM2810986	MN	ERCB_TUB_H1|GSE104954-GPL24120	0	2.1249036312103273	0.050802946
TUB	ERCB_TUB_H1	RRG-ID	GSE104954-GPL24120|GSM2810987	MN	ERCB_TUB_H1|GSE104954-GPL24120	0	2.435941553115845	0.031277955
TUB	ERCB_TUB_H1	RRG-ID	GSE104954-GPL24120|GSM2810988	LN	ERCB_TUB_H1|GSE104954-GPL24120	0	1.2535993099212646	-0.079808116
TUB	ERCB_TUB_H1	RRG-ID	GSE104954-GPL24120|GSM2810989	MN	ERCB_TUB_H1|GSE104954-GPL24120	0	2.2187517166137694	0.006500542
TUB	ERCB_TUB_H1	RRG-ID	GSE104954-GPL24120|GSM2810990	MN	ERCB_TUB_H1|GSE104954-GPL24120	0	1.8108986377716065	-0.03774333
TUB	ERCB_TUB_H1	RRG-ID	GSE104954-GPL24120|GSM2810991	FSGS	ERCB_TUB_H1|GSE104954-GPL24120	0	2.0095833778381347	-0.02485466
TUB	ERCB_TUB_H1	RRG-ID	GSE104954-GPL24120|GSM2810992	FSGS	ERCB_TUB_H1|GSE104954-GPL24120	0	1.8519602060317992	-0.041499853
TUB	ERCB_TUB_H1	RRG-ID	GSE104954-GPL24120|GSM2810993	FSGS	ERCB_TUB_H1|GSE104954-GPL24120	0	2.139552116394043	-0.0051892996
TUB	ERCB_TUB_H1	RRG-ID	GSE104954-GPL24120|GSM2810994	LN	ERCB_TUB_H1|GSE104954-GPL24120	0	1.7152098178863526	-0.010384679
TUB	ERCB_TUB_H1	RRG-ID	GSE104954-GPL24120|GSM2810995	MN	ERCB_TUB_H1|GSE104954-GPL24120	0	2.205882692337036	0.009224296
TUB	ERCB_TUB_H1	RRG-ID	GSE104954-GPL24120|GSM2810996	MN	ERCB_TUB_H1|GSE104954-GPL24120	0	2.333335828781128	0.014390528
TUB	ERCB_TUB_H1	RRG-ID	GSE104954-GPL24120|GSM2810997	FSGS	ERCB_TUB_H1|GSE104954-GPL24120	0	1.9619496822357179	0.03697318
TUB	ERCB_TUB_H1	RRG-ID	GSE104954-GPL24120|GSM2810998	MN	ERCB_TUB_H1|GSE104954-GPL24120	0	2.2835450649261473	0.047750413
TUB	ERCB_TUB_H1	RRG-ID	GSE104954-GPL24120|GSM2810999	MN	ERCB_TUB_H1|GSE104954-GPL24120	0	1.8655902862548828	-0.011779308
TUB	ERCB_TUB_H1	RRG-ID	GSE104954-GPL24120|GSM2811000	MN	ERCB_TUB_H1|GSE104954-GPL24120	0	1.4752584218978881	-0.03390813
TUB	ERCB_TUB_H1	RRG-ID	GSE104954-GPL24120|GSM2811001	LN	ERCB_TUB_H1|GSE104954-GPL24120	0	2.4581836700439452	0.029759586
TUB	ERCB_TUB_H1	RRG-ID	GSE104954-GPL24120|GSM2811002	MN	ERCB_TUB_H1|GSE104954-GPL24120	0	1.9049266576766968	-0.0008044243
TUB	ERCB_TUB_H1	RRG-ID	GSE104954-GPL24120|GSM2811003	LN	ERCB_TUB_H1|GSE104954-GPL24120	0	2.203188753128052	0.03835869
TUB	ERCB_TUB_H1	RRG-ID	GSE104954-GPL24120|GSM2811004	FSGS	ERCB_TUB_H1|GSE104954-GPL24120	0	2.982903242111206	0.12306166
TUB	ERCB_TUB_H1	RRG-ID	GSE104954-GPL24120|GSM2811005	LN	ERCB_TUB_H1|GSE104954-GPL24120	0	3.060233497619629	0.057775736
TUB	ERCB_TUB_H1	RRG-ID	GSE104954-GPL24120|GSM2811006	FSGS	ERCB_TUB_H1|GSE104954-GPL24120	0	2.0489984512329102	0.019942105
TUB	ERCB_TUB_H1	RRG-ID	GSE104954-GPL24120|GSM2811007	LN	ERCB_TUB_H1|GSE104954-GPL24120	0	2.42409987449646	0.10370386
TUB	ERCB_TUB_H1	RRG-ID	GSE104954-GPL24120|GSM2811008	LN	ERCB_TUB_H1|GSE104954-GPL24120	0	2.1090293884277345	0.059523225
TUB	ERCB_TUB_H1	RRG-ID	GSE104954-GPL24120|GSM2811009	FSGS	ERCB_TUB_H1|GSE104954-GPL24120	0	2.7506773471832275	0.035356283
TUB	ERCB_TUB_H1	RRG-ID	GSE104954-GPL24120|GSM2811010	FSGS	ERCB_TUB_H1|GSE104954-GPL24120	0	1.6756238698959351	-0.018321276
TUB	ERCB_TUB_H1	RRG-ID	GSE104954-GPL24120|GSM2811011	LN	ERCB_TUB_H1|GSE104954-GPL24120	0	2.1451642513275146	-0.00026381016
TUB	ERCB_TUB_H1	RRG-ID	GSE104954-GPL24120|GSM2811012	FSGS	ERCB_TUB_H1|GSE104954-GPL24120	0	3.5704581260681154	0.1436702
TUB	ERCB_TUB_H1	RRG-ID	GSE104954-GPL24120|GSM2811013	LN	ERCB_TUB_H1|GSE104954-GPL24120	0	1.8918906927108765	-0.01670152
TUB	ERCB_TUB_H1	RRG-ID	GSE104954-GPL24120|GSM2811014	LN	ERCB_TUB_H1|GSE104954-GPL24120	0	2.029199647903442	-0.028125226
TUB	ERCB_TUB_H1	RRG-ID	GSE104954-GPL24120|GSM2811015	MN	ERCB_TUB_H1|GSE104954-GPL24120	0	2.5103299617767334	0.010152936
TUB	ERCB_TUB_H1	RRG-ID	GSE104954-GPL24120|GSM2811016	LN	ERCB_TUB_H1|GSE104954-GPL24120	0	2.3965888023376465	0.07116741
TUB	ERCB_TUB_H1	RRG-ID	GSE104954-GPL24120|GSM2811017	MN	ERCB_TUB_H1|GSE104954-GPL24120	0	1.8519179105758667	-0.02394563
TUB	ERCB_TUB_H1	RRG-ID	GSE104954-GPL24120|GSM2811018	MN	ERCB_TUB_H1|GSE104954-GPL24120	0	2.3175496101379394	-0.0046593547
TUB	ERCB_TUB_H1	RRG-ID	GSE104954-GPL24120|GSM2811019	MN	ERCB_TUB_H1|GSE104954-GPL24120	0	2.1287167072296143	0.03607583
TUB	ERCB_TUB_H1	RRG-ID	GSE104954-GPL24120|GSM2811020	LN	ERCB_TUB_H1|GSE104954-GPL24120	0	1.3935741186141968	-0.024546206
TUB	ERCB_TUB_H1	RRG-ID	GSE104954-GPL24120|GSM2811021	LN	ERCB_TUB_H1|GSE104954-GPL24120	0	2.5298587799072267	0.027676284
TUB	ERCB_TUB_H1	RRG-ID	GSE104954-GPL24120|GSM2811022	LN	ERCB_TUB_H1|GSE104954-GPL24120	0	2.006771278381348	0.021936178
TUB	ERCB_TUB_H1	RRG-ID	GSE104954-GPL24120|GSM2811023	LN	ERCB_TUB_H1|GSE104954-GPL24120	0	1.7166125297546386	0.005067587
TUB	ERCB_TUB_H1	RRG-ID	GSE104954-GPL24120|GSM2811024	LN	ERCB_TUB_H1|GSE104954-GPL24120	0	1.8539475679397583	-0.03915769
TUB	ERCB_TUB_H1	RRG-ID	GSE104954-GPL24120|GSM2811025	LN	ERCB_TUB_H1|GSE104954-GPL24120	0	2.1848528385162354	0.09268546
TUB	ERCB_TUB_H1	B-L2	GSE104954-GPL24120|GSM2810894	DKD	ERCB_TUB_H1|GSE104954-GPL24120	1	-3.667263617910576	-0.0059981346
TUB	ERCB_TUB_H1	B-L2	GSE104954-GPL24120|GSM2810895	DKD	ERCB_TUB_H1|GSE104954-GPL24120	1	-1.0994358186117443	0.06584287
TUB	ERCB_TUB_H1	B-L2	GSE104954-GPL24120|GSM2810896	DKD	ERCB_TUB_H1|GSE104954-GPL24120	1	-2.5090197771667224	0.026656568
TUB	ERCB_TUB_H1	B-L2	GSE104954-GPL24120|GSM2810897	DKD	ERCB_TUB_H1|GSE104954-GPL24120	1	-2.36855613681222	0.0012090802
TUB	ERCB_TUB_H1	B-L2	GSE104954-GPL24120|GSM2810898	DKD	ERCB_TUB_H1|GSE104954-GPL24120	1	2.564805826072167	0.08943194
TUB	ERCB_TUB_H1	B-L2	GSE104954-GPL24120|GSM2810899	DKD	ERCB_TUB_H1|GSE104954-GPL24120	1	-2.2478197389625123	0.025220692
TUB	ERCB_TUB_H1	B-L2	GSE104954-GPL24120|GSM2810900	DKD	ERCB_TUB_H1|GSE104954-GPL24120	1	0.08244331683813222	0.09258008
TUB	ERCB_TUB_H1	B-L2	GSE104954-GPL24120|GSM2810901	DKD	ERCB_TUB_H1|GSE104954-GPL24120	1	-3.963392811678742	-0.014555573
TUB	ERCB_TUB_H1	B-L2	GSE104954-GPL24120|GSM2810902	DKD	ERCB_TUB_H1|GSE104954-GPL24120	1	-3.375373881896639	0.015181959
TUB	ERCB_TUB_H1	B-L2	GSE104954-GPL24120|GSM2810903	DKD	ERCB_TUB_H1|GSE104954-GPL24120	1	-4.090688187587886	0.04092908
TUB	ERCB_TUB_H1	B-L2	GSE104954-GPL24120|GSM2810904	MCD	ERCB_TUB_H1|GSE104954-GPL24120	0	-4.740901753089736	-0.0057017803
TUB	ERCB_TUB_H1	B-L2	GSE104954-GPL24120|GSM2810905	MCD	ERCB_TUB_H1|GSE104954-GPL24120	0	-5.585389476334015	-0.034941852
TUB	ERCB_TUB_H1	B-L2	GSE104954-GPL24120|GSM2810906	MCD	ERCB_TUB_H1|GSE104954-GPL24120	0	-5.532290437421068	0.01649797
TUB	ERCB_TUB_H1	B-L2	GSE104954-GPL24120|GSM2810907	MCD	ERCB_TUB_H1|GSE104954-GPL24120	0	-5.466889472373096	-0.034365118
TUB	ERCB_TUB_H1	B-L2	GSE104954-GPL24120|GSM2810914	HT	ERCB_TUB_H1|GSE104954-GPL24120	0	-0.7011553472971546	0.040584862
TUB	ERCB_TUB_H1	B-L2	GSE104954-GPL24120|GSM2810915	HT	ERCB_TUB_H1|GSE104954-GPL24120	0	-8.842220330911642	-0.0233953
TUB	ERCB_TUB_H1	B-L2	GSE104954-GPL24120|GSM2810916	HT	ERCB_TUB_H1|GSE104954-GPL24120	0	-5.96443666963476	0.0054519773
TUB	ERCB_TUB_H1	B-L2	GSE104954-GPL24120|GSM2810917	HT	ERCB_TUB_H1|GSE104954-GPL24120	0	-6.361382580692604	-0.03747642
TUB	ERCB_TUB_H1	B-L2	GSE104954-GPL24120|GSM2810918	HT	ERCB_TUB_H1|GSE104954-GPL24120	0	-5.94390497900896	-0.018603146
TUB	ERCB_TUB_H1	B-L2	GSE104954-GPL24120|GSM2810919	HT	ERCB_TUB_H1|GSE104954-GPL24120	0	-1.7647592671981993	0.01988089
TUB	ERCB_TUB_H1	B-L2	GSE104954-GPL24120|GSM2810920	HT	ERCB_TUB_H1|GSE104954-GPL24120	0	-3.6286663917859983	0.0060124397
TUB	ERCB_TUB_H1	B-L2	GSE104954-GPL24120|GSM2810921	HT	ERCB_TUB_H1|GSE104954-GPL24120	0	-4.139173232862876	0.002644837
TUB	ERCB_TUB_H1	B-L2	GSE104954-GPL24120|GSM2810922	HT	ERCB_TUB_H1|GSE104954-GPL24120	0	-1.1112171770069317	0.001544416
TUB	ERCB_TUB_H1	B-L2	GSE104954-GPL24120|GSM2810923	HT	ERCB_TUB_H1|GSE104954-GPL24120	0	-5.827430972609827	-0.051041424
TUB	ERCB_TUB_H1	B-L2	GSE104954-GPL24120|GSM2810924	HT	ERCB_TUB_H1|GSE104954-GPL24120	0	-5.476832845510182	-0.038968205
TUB	ERCB_TUB_H1	B-L2	GSE104954-GPL24120|GSM2810925	HT	ERCB_TUB_H1|GSE104954-GPL24120	0	-1.6638409865065658	0.014612317
TUB	ERCB_TUB_H1	B-L2	GSE104954-GPL24120|GSM2810926	HT	ERCB_TUB_H1|GSE104954-GPL24120	0	1.8862895306995924	0.07263017
TUB	ERCB_TUB_H1	B-L2	GSE104954-GPL24120|GSM2810927	HT	ERCB_TUB_H1|GSE104954-GPL24120	0	-7.040060934949848	-0.06273484
TUB	ERCB_TUB_H1	B-L2	GSE104954-GPL24120|GSM2810928	HT	ERCB_TUB_H1|GSE104954-GPL24120	0	-3.1913418476021063	-0.004752934
TUB	ERCB_TUB_H1	B-L2	GSE104954-GPL24120|GSM2810929	HT	ERCB_TUB_H1|GSE104954-GPL24120	0	-4.33878281405355	-0.026722848
TUB	ERCB_TUB_H1	B-L2	GSE104954-GPL24120|GSM2810930	HT	ERCB_TUB_H1|GSE104954-GPL24120	0	-4.398692527329201	0.07358873
TUB	ERCB_TUB_H1	B-L2	GSE104954-GPL24120|GSM2810931	HT	ERCB_TUB_H1|GSE104954-GPL24120	0	-2.95536464519524	-0.057778776
TUB	ERCB_TUB_H1	B-L2	GSE104954-GPL24120|GSM2810932	HT	ERCB_TUB_H1|GSE104954-GPL24120	0	-1.2710865539299592	-0.031873763
TUB	ERCB_TUB_H1	B-L2	GSE104954-GPL24120|GSM2810933	HT	ERCB_TUB_H1|GSE104954-GPL24120	0	-4.493602211854871	0.011760831
TUB	ERCB_TUB_H1	B-L2	GSE104954-GPL24120|GSM2810934	MCD	ERCB_TUB_H1|GSE104954-GPL24120	0	-4.962711826067036	0.024061978
TUB	ERCB_TUB_H1	B-L2	GSE104954-GPL24120|GSM2810935	MCD	ERCB_TUB_H1|GSE104954-GPL24120	0	-6.85599300803163	-0.029089987
TUB	ERCB_TUB_H1	B-L2	GSE104954-GPL24120|GSM2810936	MCD	ERCB_TUB_H1|GSE104954-GPL24120	0	-2.8773677034748886	0.012542129
TUB	ERCB_TUB_H1	B-L2	GSE104954-GPL24120|GSM2810937	MCD	ERCB_TUB_H1|GSE104954-GPL24120	0	-4.443598000430564	-0.025936961
TUB	ERCB_TUB_H1	B-L2	GSE104954-GPL24120|GSM2810938	MCD	ERCB_TUB_H1|GSE104954-GPL24120	0	-2.9439860585818725	0.0129419565
TUB	ERCB_TUB_H1	B-L2	GSE104954-GPL24120|GSM2810941	IgAN	ERCB_TUB_H1|GSE104954-GPL24120	0	-3.5582355442376628	-0.023388445
TUB	ERCB_TUB_H1	B-L2	GSE104954-GPL24120|GSM2810942	IgAN	ERCB_TUB_H1|GSE104954-GPL24120	0	-5.364568590426305	-0.019173384
TUB	ERCB_TUB_H1	B-L2	GSE104954-GPL24120|GSM2810943	IgAN	ERCB_TUB_H1|GSE104954-GPL24120	0	-6.09731833932274	-0.039647758
TUB	ERCB_TUB_H1	B-L2	GSE104954-GPL24120|GSM2810944	IgAN	ERCB_TUB_H1|GSE104954-GPL24120	0	-3.082651602408168	0.07920247
TUB	ERCB_TUB_H1	B-L2	GSE104954-GPL24120|GSM2810945	IgAN	ERCB_TUB_H1|GSE104954-GPL24120	0	-4.837578390970894	0.016399026
TUB	ERCB_TUB_H1	B-L2	GSE104954-GPL24120|GSM2810946	IgAN	ERCB_TUB_H1|GSE104954-GPL24120	0	-2.2518343772900655	0.0008201003
TUB	ERCB_TUB_H1	B-L2	GSE104954-GPL24120|GSM2810947	IgAN	ERCB_TUB_H1|GSE104954-GPL24120	0	-0.9423922761166823	0.055944264
TUB	ERCB_TUB_H1	B-L2	GSE104954-GPL24120|GSM2810948	IgAN	ERCB_TUB_H1|GSE104954-GPL24120	0	-5.749445453964338	0.08834809
TUB	ERCB_TUB_H1	B-L2	GSE104954-GPL24120|GSM2810949	IgAN	ERCB_TUB_H1|GSE104954-GPL24120	0	-2.060843321258277	-0.009414315
TUB	ERCB_TUB_H1	B-L2	GSE104954-GPL24120|GSM2810950	IgAN	ERCB_TUB_H1|GSE104954-GPL24120	0	-5.2292918643346855	-0.039686084
TUB	ERCB_TUB_H1	B-L2	GSE104954-GPL24120|GSM2810951	IgAN	ERCB_TUB_H1|GSE104954-GPL24120	0	-2.2841274240613645	0.012003362
TUB	ERCB_TUB_H1	B-L2	GSE104954-GPL24120|GSM2810952	IgAN	ERCB_TUB_H1|GSE104954-GPL24120	0	0.34509418577153284	0.09571791
TUB	ERCB_TUB_H1	B-L2	GSE104954-GPL24120|GSM2810953	IgAN	ERCB_TUB_H1|GSE104954-GPL24120	0	-3.57581425845121	-0.03116715
TUB	ERCB_TUB_H1	B-L2	GSE104954-GPL24120|GSM2810954	IgAN	ERCB_TUB_H1|GSE104954-GPL24120	0	-2.139449271458931	-0.029975355
TUB	ERCB_TUB_H1	B-L2	GSE104954-GPL24120|GSM2810955	IgAN	ERCB_TUB_H1|GSE104954-GPL24120	0	-5.734972283513779	0.023910344
TUB	ERCB_TUB_H1	B-L2	GSE104954-GPL24120|GSM2810956	IgAN	ERCB_TUB_H1|GSE104954-GPL24120	0	-3.1820456448422547	0.06403273
TUB	ERCB_TUB_H1	B-L2	GSE104954-GPL24120|GSM2810957	IgAN	ERCB_TUB_H1|GSE104954-GPL24120	0	-3.132560833661386	0.0009830594
TUB	ERCB_TUB_H1	B-L2	GSE104954-GPL24120|GSM2810958	IgAN	ERCB_TUB_H1|GSE104954-GPL24120	0	-4.248346989007376	0.03145331
TUB	ERCB_TUB_H1	B-L2	GSE104954-GPL24120|GSM2810959	IgAN	ERCB_TUB_H1|GSE104954-GPL24120	0	-3.0899316944191924	0.056163847
TUB	ERCB_TUB_H1	B-L2	GSE104954-GPL24120|GSM2810960	IgAN	ERCB_TUB_H1|GSE104954-GPL24120	0	-4.310065197058593	-0.01691401
TUB	ERCB_TUB_H1	B-L2	GSE104954-GPL24120|GSM2810961	IgAN	ERCB_TUB_H1|GSE104954-GPL24120	0	-4.7165796058474285	0.014970243
TUB	ERCB_TUB_H1	B-L2	GSE104954-GPL24120|GSM2810962	IgAN	ERCB_TUB_H1|GSE104954-GPL24120	0	-2.6707629511622866	0.019029617
TUB	ERCB_TUB_H1	B-L2	GSE104954-GPL24120|GSM2810963	IgAN	ERCB_TUB_H1|GSE104954-GPL24120	0	-5.508132476882274	-0.035069823
TUB	ERCB_TUB_H1	B-L2	GSE104954-GPL24120|GSM2810964	IgAN	ERCB_TUB_H1|GSE104954-GPL24120	0	-3.9989430499544625	0.003359735
TUB	ERCB_TUB_H1	B-L2	GSE104954-GPL24120|GSM2810965	IgAN	ERCB_TUB_H1|GSE104954-GPL24120	0	-2.361961032265884	0.083999634
TUB	ERCB_TUB_H1	B-L2	GSE104954-GPL24120|GSM2810966	LN	ERCB_TUB_H1|GSE104954-GPL24120	0	-3.411320544797375	0.024276316
TUB	ERCB_TUB_H1	B-L2	GSE104954-GPL24120|GSM2810967	LN	ERCB_TUB_H1|GSE104954-GPL24120	0	-5.773681378250272	-0.0040518045
TUB	ERCB_TUB_H1	B-L2	GSE104954-GPL24120|GSM2810968	MN	ERCB_TUB_H1|GSE104954-GPL24120	0	-2.965176218119475	-0.024818659
TUB	ERCB_TUB_H1	B-L2	GSE104954-GPL24120|GSM2810969	LN	ERCB_TUB_H1|GSE104954-GPL24120	0	-5.2158433264700825	-0.026655257
TUB	ERCB_TUB_H1	B-L2	GSE104954-GPL24120|GSM2810970	LN	ERCB_TUB_H1|GSE104954-GPL24120	0	-6.5458709728201105	-0.04963219
TUB	ERCB_TUB_H1	B-L2	GSE104954-GPL24120|GSM2810971	LN	ERCB_TUB_H1|GSE104954-GPL24120	0	-2.400728457582164	0.031030476
TUB	ERCB_TUB_H1	B-L2	GSE104954-GPL24120|GSM2810972	LN	ERCB_TUB_H1|GSE104954-GPL24120	0	-4.981492357569373	-0.008439541
TUB	ERCB_TUB_H1	B-L2	GSE104954-GPL24120|GSM2810973	LN	ERCB_TUB_H1|GSE104954-GPL24120	0	-1.2559664989361021	0.13904405
TUB	ERCB_TUB_H1	B-L2	GSE104954-GPL24120|GSM2810974	LN	ERCB_TUB_H1|GSE104954-GPL24120	0	-3.6406908479174938	0.021321058
TUB	ERCB_TUB_H1	B-L2	GSE104954-GPL24120|GSM2810975	LN	ERCB_TUB_H1|GSE104954-GPL24120	0	-4.233380373570929	0.046819806
TUB	ERCB_TUB_H1	B-L2	GSE104954-GPL24120|GSM2810976	LN	ERCB_TUB_H1|GSE104954-GPL24120	0	-1.8845899719468537	0.031039715
TUB	ERCB_TUB_H1	B-L2	GSE104954-GPL24120|GSM2810977	LN	ERCB_TUB_H1|GSE104954-GPL24120	0	-5.8479402687063065	0.06437367
TUB	ERCB_TUB_H1	B-L2	GSE104954-GPL24120|GSM2810978	LN	ERCB_TUB_H1|GSE104954-GPL24120	0	-0.5552108002809941	0.007895172
TUB	ERCB_TUB_H1	B-L2	GSE104954-GPL24120|GSM2810979	LN	ERCB_TUB_H1|GSE104954-GPL24120	0	-7.720602601078211	-0.026821434
TUB	ERCB_TUB_H1	B-L2	GSE104954-GPL24120|GSM2810980	MN	ERCB_TUB_H1|GSE104954-GPL24120	0	-3.41866589970631	0.012712002
TUB	ERCB_TUB_H1	B-L2	GSE104954-GPL24120|GSM2810981	MN	ERCB_TUB_H1|GSE104954-GPL24120	0	-2.062798313836474	0.01675123
TUB	ERCB_TUB_H1	B-L2	GSE104954-GPL24120|GSM2810982	MN	ERCB_TUB_H1|GSE104954-GPL24120	0	-1.1755948744082048	0.033050478
TUB	ERCB_TUB_H1	B-L2	GSE104954-GPL24120|GSM2810983	LN	ERCB_TUB_H1|GSE104954-GPL24120	0	-3.6974493434230773	0.004441917
TUB	ERCB_TUB_H1	B-L2	GSE104954-GPL24120|GSM2810984	LN	ERCB_TUB_H1|GSE104954-GPL24120	0	-3.054723598153827	0.037686527
TUB	ERCB_TUB_H1	B-L2	GSE104954-GPL24120|GSM2810985	FSGS	ERCB_TUB_H1|GSE104954-GPL24120	0	0.9524440696277203	0.06351787
TUB	ERCB_TUB_H1	B-L2	GSE104954-GPL24120|GSM2810986	MN	ERCB_TUB_H1|GSE104954-GPL24120	0	-4.319301476590366	0.050802946
TUB	ERCB_TUB_H1	B-L2	GSE104954-GPL24120|GSM2810987	MN	ERCB_TUB_H1|GSE104954-GPL24120	0	-1.5190734790302756	0.031277955
TUB	ERCB_TUB_H1	B-L2	GSE104954-GPL24120|GSM2810988	LN	ERCB_TUB_H1|GSE104954-GPL24120	0	-6.973945505141215	-0.079808116
TUB	ERCB_TUB_H1	B-L2	GSE104954-GPL24120|GSM2810989	MN	ERCB_TUB_H1|GSE104954-GPL24120	0	-2.6636836952106897	0.006500542
TUB	ERCB_TUB_H1	B-L2	GSE104954-GPL24120|GSM2810990	MN	ERCB_TUB_H1|GSE104954-GPL24120	0	-4.855067135516343	-0.03774333
TUB	ERCB_TUB_H1	B-L2	GSE104954-GPL24120|GSM2810991	FSGS	ERCB_TUB_H1|GSE104954-GPL24120	0	-2.7891292662860314	-0.02485466
TUB	ERCB_TUB_H1	B-L2	GSE104954-GPL24120|GSM2810992	FSGS	ERCB_TUB_H1|GSE104954-GPL24120	0	-3.491985999420324	-0.041499853
TUB	ERCB_TUB_H1	B-L2	GSE104954-GPL24120|GSM2810993	FSGS	ERCB_TUB_H1|GSE104954-GPL24120	0	-1.3564567050910625	-0.0051892996
TUB	ERCB_TUB_H1	B-L2	GSE104954-GPL24120|GSM2810994	LN	ERCB_TUB_H1|GSE104954-GPL24120	0	-5.9724038316035255	-0.010384679
TUB	ERCB_TUB_H1	B-L2	GSE104954-GPL24120|GSM2810995	MN	ERCB_TUB_H1|GSE104954-GPL24120	0	-1.683364735052546	0.009224296
TUB	ERCB_TUB_H1	B-L2	GSE104954-GPL24120|GSM2810996	MN	ERCB_TUB_H1|GSE104954-GPL24120	0	-2.6472262460405735	0.014390528
TUB	ERCB_TUB_H1	B-L2	GSE104954-GPL24120|GSM2810997	FSGS	ERCB_TUB_H1|GSE104954-GPL24120	0	-4.910142407620647	0.03697318
TUB	ERCB_TUB_H1	B-L2	GSE104954-GPL24120|GSM2810998	MN	ERCB_TUB_H1|GSE104954-GPL24120	0	-4.50092315343382	0.047750413
TUB	ERCB_TUB_H1	B-L2	GSE104954-GPL24120|GSM2810999	MN	ERCB_TUB_H1|GSE104954-GPL24120	0	-3.9377445788837138	-0.011779308
TUB	ERCB_TUB_H1	B-L2	GSE104954-GPL24120|GSM2811000	MN	ERCB_TUB_H1|GSE104954-GPL24120	0	-4.99338900430758	-0.03390813
TUB	ERCB_TUB_H1	B-L2	GSE104954-GPL24120|GSM2811001	LN	ERCB_TUB_H1|GSE104954-GPL24120	0	-2.812922142226599	0.029759586
TUB	ERCB_TUB_H1	B-L2	GSE104954-GPL24120|GSM2811002	MN	ERCB_TUB_H1|GSE104954-GPL24120	0	-5.459214227082002	-0.0008044243
TUB	ERCB_TUB_H1	B-L2	GSE104954-GPL24120|GSM2811003	LN	ERCB_TUB_H1|GSE104954-GPL24120	0	-4.929129645484062	0.03835869
TUB	ERCB_TUB_H1	B-L2	GSE104954-GPL24120|GSM2811004	FSGS	ERCB_TUB_H1|GSE104954-GPL24120	0	-1.777737017647377	0.12306166
TUB	ERCB_TUB_H1	B-L2	GSE104954-GPL24120|GSM2811005	LN	ERCB_TUB_H1|GSE104954-GPL24120	0	0.09821517271733882	0.057775736
TUB	ERCB_TUB_H1	B-L2	GSE104954-GPL24120|GSM2811006	FSGS	ERCB_TUB_H1|GSE104954-GPL24120	0	-5.604493987839249	0.019942105
TUB	ERCB_TUB_H1	B-L2	GSE104954-GPL24120|GSM2811007	LN	ERCB_TUB_H1|GSE104954-GPL24120	0	-6.005845888193457	0.10370386
TUB	ERCB_TUB_H1	B-L2	GSE104954-GPL24120|GSM2811008	LN	ERCB_TUB_H1|GSE104954-GPL24120	0	-5.942084241093786	0.059523225
TUB	ERCB_TUB_H1	B-L2	GSE104954-GPL24120|GSM2811009	FSGS	ERCB_TUB_H1|GSE104954-GPL24120	0	-0.7816387376717966	0.035356283
TUB	ERCB_TUB_H1	B-L2	GSE104954-GPL24120|GSM2811010	FSGS	ERCB_TUB_H1|GSE104954-GPL24120	0	-5.103531587119176	-0.018321276
TUB	ERCB_TUB_H1	B-L2	GSE104954-GPL24120|GSM2811011	LN	ERCB_TUB_H1|GSE104954-GPL24120	0	-2.7380093853480263	-0.00026381016
TUB	ERCB_TUB_H1	B-L2	GSE104954-GPL24120|GSM2811012	FSGS	ERCB_TUB_H1|GSE104954-GPL24120	0	1.9357392829454199	0.1436702
TUB	ERCB_TUB_H1	B-L2	GSE104954-GPL24120|GSM2811013	LN	ERCB_TUB_H1|GSE104954-GPL24120	0	-4.15872959141282	-0.01670152
TUB	ERCB_TUB_H1	B-L2	GSE104954-GPL24120|GSM2811014	LN	ERCB_TUB_H1|GSE104954-GPL24120	0	-4.829575696246655	-0.028125226
TUB	ERCB_TUB_H1	B-L2	GSE104954-GPL24120|GSM2811015	MN	ERCB_TUB_H1|GSE104954-GPL24120	0	-0.9403076871647293	0.010152936
TUB	ERCB_TUB_H1	B-L2	GSE104954-GPL24120|GSM2811016	LN	ERCB_TUB_H1|GSE104954-GPL24120	0	-4.548987905147439	0.07116741
TUB	ERCB_TUB_H1	B-L2	GSE104954-GPL24120|GSM2811017	MN	ERCB_TUB_H1|GSE104954-GPL24120	0	-4.945185180471477	-0.02394563
TUB	ERCB_TUB_H1	B-L2	GSE104954-GPL24120|GSM2811018	MN	ERCB_TUB_H1|GSE104954-GPL24120	0	0.07373090954238393	-0.0046593547
TUB	ERCB_TUB_H1	B-L2	GSE104954-GPL24120|GSM2811019	MN	ERCB_TUB_H1|GSE104954-GPL24120	0	-4.091507889580218	0.03607583
TUB	ERCB_TUB_H1	B-L2	GSE104954-GPL24120|GSM2811020	LN	ERCB_TUB_H1|GSE104954-GPL24120	0	-8.196878368924432	-0.024546206
TUB	ERCB_TUB_H1	B-L2	GSE104954-GPL24120|GSM2811021	LN	ERCB_TUB_H1|GSE104954-GPL24120	0	-3.0513314993596943	0.027676284
TUB	ERCB_TUB_H1	B-L2	GSE104954-GPL24120|GSM2811022	LN	ERCB_TUB_H1|GSE104954-GPL24120	0	-6.160921992030079	0.021936178
TUB	ERCB_TUB_H1	B-L2	GSE104954-GPL24120|GSM2811023	LN	ERCB_TUB_H1|GSE104954-GPL24120	0	-6.620089107591297	0.005067587
TUB	ERCB_TUB_H1	B-L2	GSE104954-GPL24120|GSM2811024	LN	ERCB_TUB_H1|GSE104954-GPL24120	0	-3.600744531465627	-0.03915769
TUB	ERCB_TUB_H1	B-L2	GSE104954-GPL24120|GSM2811025	LN	ERCB_TUB_H1|GSE104954-GPL24120	0	-7.074319058931233	0.09268546
TUB	ERCB_TUB_H1	B-rankLASSO	GSE104954-GPL24120|GSM2810894	DKD	ERCB_TUB_H1|GSE104954-GPL24120	1	1.4695308080527885	-0.0059981346
TUB	ERCB_TUB_H1	B-rankLASSO	GSE104954-GPL24120|GSM2810895	DKD	ERCB_TUB_H1|GSE104954-GPL24120	1	1.4208065279690367	0.06584287
TUB	ERCB_TUB_H1	B-rankLASSO	GSE104954-GPL24120|GSM2810896	DKD	ERCB_TUB_H1|GSE104954-GPL24120	1	1.2089598030637214	0.026656568
TUB	ERCB_TUB_H1	B-rankLASSO	GSE104954-GPL24120|GSM2810897	DKD	ERCB_TUB_H1|GSE104954-GPL24120	1	1.5821890879262832	0.0012090802
TUB	ERCB_TUB_H1	B-rankLASSO	GSE104954-GPL24120|GSM2810898	DKD	ERCB_TUB_H1|GSE104954-GPL24120	1	1.6439296256995464	0.08943194
TUB	ERCB_TUB_H1	B-rankLASSO	GSE104954-GPL24120|GSM2810899	DKD	ERCB_TUB_H1|GSE104954-GPL24120	1	1.51775482020122	0.025220692
TUB	ERCB_TUB_H1	B-rankLASSO	GSE104954-GPL24120|GSM2810900	DKD	ERCB_TUB_H1|GSE104954-GPL24120	1	1.5855973485002581	0.09258008
TUB	ERCB_TUB_H1	B-rankLASSO	GSE104954-GPL24120|GSM2810901	DKD	ERCB_TUB_H1|GSE104954-GPL24120	1	1.5181597136300289	-0.014555573
TUB	ERCB_TUB_H1	B-rankLASSO	GSE104954-GPL24120|GSM2810902	DKD	ERCB_TUB_H1|GSE104954-GPL24120	1	1.5507570077759947	0.015181959
TUB	ERCB_TUB_H1	B-rankLASSO	GSE104954-GPL24120|GSM2810903	DKD	ERCB_TUB_H1|GSE104954-GPL24120	1	1.6664845732984215	0.04092908
TUB	ERCB_TUB_H1	B-rankLASSO	GSE104954-GPL24120|GSM2810904	MCD	ERCB_TUB_H1|GSE104954-GPL24120	0	1.5492889002208914	-0.0057017803
TUB	ERCB_TUB_H1	B-rankLASSO	GSE104954-GPL24120|GSM2810905	MCD	ERCB_TUB_H1|GSE104954-GPL24120	0	1.661200296113871	-0.034941852
TUB	ERCB_TUB_H1	B-rankLASSO	GSE104954-GPL24120|GSM2810906	MCD	ERCB_TUB_H1|GSE104954-GPL24120	0	1.544989250111253	0.01649797
TUB	ERCB_TUB_H1	B-rankLASSO	GSE104954-GPL24120|GSM2810907	MCD	ERCB_TUB_H1|GSE104954-GPL24120	0	1.5593316690305226	-0.034365118
TUB	ERCB_TUB_H1	B-rankLASSO	GSE104954-GPL24120|GSM2810914	HT	ERCB_TUB_H1|GSE104954-GPL24120	0	1.574318850536437	0.040584862
TUB	ERCB_TUB_H1	B-rankLASSO	GSE104954-GPL24120|GSM2810915	HT	ERCB_TUB_H1|GSE104954-GPL24120	0	1.7275939284781645	-0.0233953
TUB	ERCB_TUB_H1	B-rankLASSO	GSE104954-GPL24120|GSM2810916	HT	ERCB_TUB_H1|GSE104954-GPL24120	0	1.5764568455889165	0.0054519773
TUB	ERCB_TUB_H1	B-rankLASSO	GSE104954-GPL24120|GSM2810917	HT	ERCB_TUB_H1|GSE104954-GPL24120	0	1.5653858569994095	-0.03747642
TUB	ERCB_TUB_H1	B-rankLASSO	GSE104954-GPL24120|GSM2810918	HT	ERCB_TUB_H1|GSE104954-GPL24120	0	1.5944285342373998	-0.018603146
TUB	ERCB_TUB_H1	B-rankLASSO	GSE104954-GPL24120|GSM2810919	HT	ERCB_TUB_H1|GSE104954-GPL24120	0	1.6793604320250684	0.01988089
TUB	ERCB_TUB_H1	B-rankLASSO	GSE104954-GPL24120|GSM2810920	HT	ERCB_TUB_H1|GSE104954-GPL24120	0	1.3548235277569363	0.0060124397
TUB	ERCB_TUB_H1	B-rankLASSO	GSE104954-GPL24120|GSM2810921	HT	ERCB_TUB_H1|GSE104954-GPL24120	0	1.5260897405405769	0.002644837
TUB	ERCB_TUB_H1	B-rankLASSO	GSE104954-GPL24120|GSM2810922	HT	ERCB_TUB_H1|GSE104954-GPL24120	0	1.7451759727540106	0.001544416
TUB	ERCB_TUB_H1	B-rankLASSO	GSE104954-GPL24120|GSM2810923	HT	ERCB_TUB_H1|GSE104954-GPL24120	0	1.7291422015901567	-0.051041424
TUB	ERCB_TUB_H1	B-rankLASSO	GSE104954-GPL24120|GSM2810924	HT	ERCB_TUB_H1|GSE104954-GPL24120	0	1.6617502987275028	-0.038968205
TUB	ERCB_TUB_H1	B-rankLASSO	GSE104954-GPL24120|GSM2810925	HT	ERCB_TUB_H1|GSE104954-GPL24120	0	1.382422138108884	0.014612317
TUB	ERCB_TUB_H1	B-rankLASSO	GSE104954-GPL24120|GSM2810926	HT	ERCB_TUB_H1|GSE104954-GPL24120	0	1.7137206764063817	0.07263017
TUB	ERCB_TUB_H1	B-rankLASSO	GSE104954-GPL24120|GSM2810927	HT	ERCB_TUB_H1|GSE104954-GPL24120	0	1.5355623466551858	-0.06273484
TUB	ERCB_TUB_H1	B-rankLASSO	GSE104954-GPL24120|GSM2810928	HT	ERCB_TUB_H1|GSE104954-GPL24120	0	1.4904060235735146	-0.004752934
TUB	ERCB_TUB_H1	B-rankLASSO	GSE104954-GPL24120|GSM2810929	HT	ERCB_TUB_H1|GSE104954-GPL24120	0	1.5098104401177543	-0.026722848
TUB	ERCB_TUB_H1	B-rankLASSO	GSE104954-GPL24120|GSM2810930	HT	ERCB_TUB_H1|GSE104954-GPL24120	0	1.35448940360039	0.07358873
TUB	ERCB_TUB_H1	B-rankLASSO	GSE104954-GPL24120|GSM2810931	HT	ERCB_TUB_H1|GSE104954-GPL24120	0	1.5036135568125075	-0.057778776
TUB	ERCB_TUB_H1	B-rankLASSO	GSE104954-GPL24120|GSM2810932	HT	ERCB_TUB_H1|GSE104954-GPL24120	0	1.564783984610456	-0.031873763
TUB	ERCB_TUB_H1	B-rankLASSO	GSE104954-GPL24120|GSM2810933	HT	ERCB_TUB_H1|GSE104954-GPL24120	0	1.2385718601587457	0.011760831
TUB	ERCB_TUB_H1	B-rankLASSO	GSE104954-GPL24120|GSM2810934	MCD	ERCB_TUB_H1|GSE104954-GPL24120	0	1.5686768506387676	0.024061978
TUB	ERCB_TUB_H1	B-rankLASSO	GSE104954-GPL24120|GSM2810935	MCD	ERCB_TUB_H1|GSE104954-GPL24120	0	1.6657286527569706	-0.029089987
TUB	ERCB_TUB_H1	B-rankLASSO	GSE104954-GPL24120|GSM2810936	MCD	ERCB_TUB_H1|GSE104954-GPL24120	0	1.5715227922680695	0.012542129
TUB	ERCB_TUB_H1	B-rankLASSO	GSE104954-GPL24120|GSM2810937	MCD	ERCB_TUB_H1|GSE104954-GPL24120	0	1.5699238163888236	-0.025936961
TUB	ERCB_TUB_H1	B-rankLASSO	GSE104954-GPL24120|GSM2810938	MCD	ERCB_TUB_H1|GSE104954-GPL24120	0	1.5000958665454673	0.0129419565
TUB	ERCB_TUB_H1	B-rankLASSO	GSE104954-GPL24120|GSM2810941	IgAN	ERCB_TUB_H1|GSE104954-GPL24120	0	1.4663846517457622	-0.023388445
TUB	ERCB_TUB_H1	B-rankLASSO	GSE104954-GPL24120|GSM2810942	IgAN	ERCB_TUB_H1|GSE104954-GPL24120	0	1.5768111141754257	-0.019173384
TUB	ERCB_TUB_H1	B-rankLASSO	GSE104954-GPL24120|GSM2810943	IgAN	ERCB_TUB_H1|GSE104954-GPL24120	0	1.5280387350609912	-0.039647758
TUB	ERCB_TUB_H1	B-rankLASSO	GSE104954-GPL24120|GSM2810944	IgAN	ERCB_TUB_H1|GSE104954-GPL24120	0	1.6821310735293797	0.07920247
TUB	ERCB_TUB_H1	B-rankLASSO	GSE104954-GPL24120|GSM2810945	IgAN	ERCB_TUB_H1|GSE104954-GPL24120	0	1.6479955639100787	0.016399026
TUB	ERCB_TUB_H1	B-rankLASSO	GSE104954-GPL24120|GSM2810946	IgAN	ERCB_TUB_H1|GSE104954-GPL24120	0	1.777048301107549	0.0008201003
TUB	ERCB_TUB_H1	B-rankLASSO	GSE104954-GPL24120|GSM2810947	IgAN	ERCB_TUB_H1|GSE104954-GPL24120	0	1.687352823328266	0.055944264
TUB	ERCB_TUB_H1	B-rankLASSO	GSE104954-GPL24120|GSM2810948	IgAN	ERCB_TUB_H1|GSE104954-GPL24120	0	1.4499506602798442	0.08834809
TUB	ERCB_TUB_H1	B-rankLASSO	GSE104954-GPL24120|GSM2810949	IgAN	ERCB_TUB_H1|GSE104954-GPL24120	0	1.5641373039110384	-0.009414315
TUB	ERCB_TUB_H1	B-rankLASSO	GSE104954-GPL24120|GSM2810950	IgAN	ERCB_TUB_H1|GSE104954-GPL24120	0	1.480677158491561	-0.039686084
TUB	ERCB_TUB_H1	B-rankLASSO	GSE104954-GPL24120|GSM2810951	IgAN	ERCB_TUB_H1|GSE104954-GPL24120	0	1.5313624468763378	0.012003362
TUB	ERCB_TUB_H1	B-rankLASSO	GSE104954-GPL24120|GSM2810952	IgAN	ERCB_TUB_H1|GSE104954-GPL24120	0	1.572350268554708	0.09571791
TUB	ERCB_TUB_H1	B-rankLASSO	GSE104954-GPL24120|GSM2810953	IgAN	ERCB_TUB_H1|GSE104954-GPL24120	0	1.4938502741460082	-0.03116715
TUB	ERCB_TUB_H1	B-rankLASSO	GSE104954-GPL24120|GSM2810954	IgAN	ERCB_TUB_H1|GSE104954-GPL24120	0	1.5377409323452038	-0.029975355
TUB	ERCB_TUB_H1	B-rankLASSO	GSE104954-GPL24120|GSM2810955	IgAN	ERCB_TUB_H1|GSE104954-GPL24120	0	1.279175837129592	0.023910344
TUB	ERCB_TUB_H1	B-rankLASSO	GSE104954-GPL24120|GSM2810956	IgAN	ERCB_TUB_H1|GSE104954-GPL24120	0	1.6106509840689003	0.06403273
TUB	ERCB_TUB_H1	B-rankLASSO	GSE104954-GPL24120|GSM2810957	IgAN	ERCB_TUB_H1|GSE104954-GPL24120	0	1.5998977310326552	0.0009830594
TUB	ERCB_TUB_H1	B-rankLASSO	GSE104954-GPL24120|GSM2810958	IgAN	ERCB_TUB_H1|GSE104954-GPL24120	0	1.6285394075620288	0.03145331
TUB	ERCB_TUB_H1	B-rankLASSO	GSE104954-GPL24120|GSM2810959	IgAN	ERCB_TUB_H1|GSE104954-GPL24120	0	1.4807450076863242	0.056163847
TUB	ERCB_TUB_H1	B-rankLASSO	GSE104954-GPL24120|GSM2810960	IgAN	ERCB_TUB_H1|GSE104954-GPL24120	0	1.7228638246128158	-0.01691401
TUB	ERCB_TUB_H1	B-rankLASSO	GSE104954-GPL24120|GSM2810961	IgAN	ERCB_TUB_H1|GSE104954-GPL24120	0	1.509406855487845	0.014970243
TUB	ERCB_TUB_H1	B-rankLASSO	GSE104954-GPL24120|GSM2810962	IgAN	ERCB_TUB_H1|GSE104954-GPL24120	0	1.7374226460490758	0.019029617
TUB	ERCB_TUB_H1	B-rankLASSO	GSE104954-GPL24120|GSM2810963	IgAN	ERCB_TUB_H1|GSE104954-GPL24120	0	1.6283564299488422	-0.035069823
TUB	ERCB_TUB_H1	B-rankLASSO	GSE104954-GPL24120|GSM2810964	IgAN	ERCB_TUB_H1|GSE104954-GPL24120	0	1.5992842045180176	0.003359735
TUB	ERCB_TUB_H1	B-rankLASSO	GSE104954-GPL24120|GSM2810965	IgAN	ERCB_TUB_H1|GSE104954-GPL24120	0	1.3639034437950184	0.083999634
TUB	ERCB_TUB_H1	B-rankLASSO	GSE104954-GPL24120|GSM2810966	LN	ERCB_TUB_H1|GSE104954-GPL24120	0	1.6448319142192238	0.024276316
TUB	ERCB_TUB_H1	B-rankLASSO	GSE104954-GPL24120|GSM2810967	LN	ERCB_TUB_H1|GSE104954-GPL24120	0	1.5487484082486815	-0.0040518045
TUB	ERCB_TUB_H1	B-rankLASSO	GSE104954-GPL24120|GSM2810968	MN	ERCB_TUB_H1|GSE104954-GPL24120	0	1.3744173718894657	-0.024818659
TUB	ERCB_TUB_H1	B-rankLASSO	GSE104954-GPL24120|GSM2810969	LN	ERCB_TUB_H1|GSE104954-GPL24120	0	1.40473555951629	-0.026655257
TUB	ERCB_TUB_H1	B-rankLASSO	GSE104954-GPL24120|GSM2810970	LN	ERCB_TUB_H1|GSE104954-GPL24120	0	1.7036626080798973	-0.04963219
TUB	ERCB_TUB_H1	B-rankLASSO	GSE104954-GPL24120|GSM2810971	LN	ERCB_TUB_H1|GSE104954-GPL24120	0	1.5009372574888664	0.031030476
TUB	ERCB_TUB_H1	B-rankLASSO	GSE104954-GPL24120|GSM2810972	LN	ERCB_TUB_H1|GSE104954-GPL24120	0	1.604699979586761	-0.008439541
TUB	ERCB_TUB_H1	B-rankLASSO	GSE104954-GPL24120|GSM2810973	LN	ERCB_TUB_H1|GSE104954-GPL24120	0	1.5829628534984626	0.13904405
TUB	ERCB_TUB_H1	B-rankLASSO	GSE104954-GPL24120|GSM2810974	LN	ERCB_TUB_H1|GSE104954-GPL24120	0	1.8320680794344095	0.021321058
TUB	ERCB_TUB_H1	B-rankLASSO	GSE104954-GPL24120|GSM2810975	LN	ERCB_TUB_H1|GSE104954-GPL24120	0	1.4857948581448341	0.046819806
TUB	ERCB_TUB_H1	B-rankLASSO	GSE104954-GPL24120|GSM2810976	LN	ERCB_TUB_H1|GSE104954-GPL24120	0	1.538141053415367	0.031039715
TUB	ERCB_TUB_H1	B-rankLASSO	GSE104954-GPL24120|GSM2810977	LN	ERCB_TUB_H1|GSE104954-GPL24120	0	1.6459162098359508	0.06437367
TUB	ERCB_TUB_H1	B-rankLASSO	GSE104954-GPL24120|GSM2810978	LN	ERCB_TUB_H1|GSE104954-GPL24120	0	1.657801819358035	0.007895172
TUB	ERCB_TUB_H1	B-rankLASSO	GSE104954-GPL24120|GSM2810979	LN	ERCB_TUB_H1|GSE104954-GPL24120	0	1.5397753086844126	-0.026821434
TUB	ERCB_TUB_H1	B-rankLASSO	GSE104954-GPL24120|GSM2810980	MN	ERCB_TUB_H1|GSE104954-GPL24120	0	1.7318452345950084	0.012712002
TUB	ERCB_TUB_H1	B-rankLASSO	GSE104954-GPL24120|GSM2810981	MN	ERCB_TUB_H1|GSE104954-GPL24120	0	1.706293699950619	0.01675123
TUB	ERCB_TUB_H1	B-rankLASSO	GSE104954-GPL24120|GSM2810982	MN	ERCB_TUB_H1|GSE104954-GPL24120	0	1.6133044227623674	0.033050478
TUB	ERCB_TUB_H1	B-rankLASSO	GSE104954-GPL24120|GSM2810983	LN	ERCB_TUB_H1|GSE104954-GPL24120	0	1.6316419516658263	0.004441917
TUB	ERCB_TUB_H1	B-rankLASSO	GSE104954-GPL24120|GSM2810984	LN	ERCB_TUB_H1|GSE104954-GPL24120	0	1.5999524693273286	0.037686527
TUB	ERCB_TUB_H1	B-rankLASSO	GSE104954-GPL24120|GSM2810985	FSGS	ERCB_TUB_H1|GSE104954-GPL24120	0	1.7758452037929755	0.06351787
TUB	ERCB_TUB_H1	B-rankLASSO	GSE104954-GPL24120|GSM2810986	MN	ERCB_TUB_H1|GSE104954-GPL24120	0	1.224068923757777	0.050802946
TUB	ERCB_TUB_H1	B-rankLASSO	GSE104954-GPL24120|GSM2810987	MN	ERCB_TUB_H1|GSE104954-GPL24120	0	1.6534598185527285	0.031277955
TUB	ERCB_TUB_H1	B-rankLASSO	GSE104954-GPL24120|GSM2810988	LN	ERCB_TUB_H1|GSE104954-GPL24120	0	1.6381756706302788	-0.079808116
TUB	ERCB_TUB_H1	B-rankLASSO	GSE104954-GPL24120|GSM2810989	MN	ERCB_TUB_H1|GSE104954-GPL24120	0	1.5713007437153064	0.006500542
TUB	ERCB_TUB_H1	B-rankLASSO	GSE104954-GPL24120|GSM2810990	MN	ERCB_TUB_H1|GSE104954-GPL24120	0	1.6126196168734044	-0.03774333
TUB	ERCB_TUB_H1	B-rankLASSO	GSE104954-GPL24120|GSM2810991	FSGS	ERCB_TUB_H1|GSE104954-GPL24120	0	1.4790726987630285	-0.02485466
TUB	ERCB_TUB_H1	B-rankLASSO	GSE104954-GPL24120|GSM2810992	FSGS	ERCB_TUB_H1|GSE104954-GPL24120	0	1.580504769714484	-0.041499853
TUB	ERCB_TUB_H1	B-rankLASSO	GSE104954-GPL24120|GSM2810993	FSGS	ERCB_TUB_H1|GSE104954-GPL24120	0	1.4854960464884324	-0.0051892996
TUB	ERCB_TUB_H1	B-rankLASSO	GSE104954-GPL24120|GSM2810994	LN	ERCB_TUB_H1|GSE104954-GPL24120	0	1.5778163828267526	-0.010384679
TUB	ERCB_TUB_H1	B-rankLASSO	GSE104954-GPL24120|GSM2810995	MN	ERCB_TUB_H1|GSE104954-GPL24120	0	1.588292421732828	0.009224296
TUB	ERCB_TUB_H1	B-rankLASSO	GSE104954-GPL24120|GSM2810996	MN	ERCB_TUB_H1|GSE104954-GPL24120	0	1.58499683258109	0.014390528
TUB	ERCB_TUB_H1	B-rankLASSO	GSE104954-GPL24120|GSM2810997	FSGS	ERCB_TUB_H1|GSE104954-GPL24120	0	1.6554029958984993	0.03697318
TUB	ERCB_TUB_H1	B-rankLASSO	GSE104954-GPL24120|GSM2810998	MN	ERCB_TUB_H1|GSE104954-GPL24120	0	1.6029215322242825	0.047750413
TUB	ERCB_TUB_H1	B-rankLASSO	GSE104954-GPL24120|GSM2810999	MN	ERCB_TUB_H1|GSE104954-GPL24120	0	1.502831730237163	-0.011779308
TUB	ERCB_TUB_H1	B-rankLASSO	GSE104954-GPL24120|GSM2811000	MN	ERCB_TUB_H1|GSE104954-GPL24120	0	1.6050463410256353	-0.03390813
TUB	ERCB_TUB_H1	B-rankLASSO	GSE104954-GPL24120|GSM2811001	LN	ERCB_TUB_H1|GSE104954-GPL24120	0	1.6330878598868042	0.029759586
TUB	ERCB_TUB_H1	B-rankLASSO	GSE104954-GPL24120|GSM2811002	MN	ERCB_TUB_H1|GSE104954-GPL24120	0	1.4656132117810103	-0.0008044243
TUB	ERCB_TUB_H1	B-rankLASSO	GSE104954-GPL24120|GSM2811003	LN	ERCB_TUB_H1|GSE104954-GPL24120	0	1.534823250372452	0.03835869
TUB	ERCB_TUB_H1	B-rankLASSO	GSE104954-GPL24120|GSM2811004	FSGS	ERCB_TUB_H1|GSE104954-GPL24120	0	1.418048353039959	0.12306166
TUB	ERCB_TUB_H1	B-rankLASSO	GSE104954-GPL24120|GSM2811005	LN	ERCB_TUB_H1|GSE104954-GPL24120	0	1.5933145131760094	0.057775736
TUB	ERCB_TUB_H1	B-rankLASSO	GSE104954-GPL24120|GSM2811006	FSGS	ERCB_TUB_H1|GSE104954-GPL24120	0	1.5118163420725208	0.019942105
TUB	ERCB_TUB_H1	B-rankLASSO	GSE104954-GPL24120|GSM2811007	LN	ERCB_TUB_H1|GSE104954-GPL24120	0	1.6162813193447922	0.10370386
TUB	ERCB_TUB_H1	B-rankLASSO	GSE104954-GPL24120|GSM2811008	LN	ERCB_TUB_H1|GSE104954-GPL24120	0	1.4846570019475323	0.059523225
TUB	ERCB_TUB_H1	B-rankLASSO	GSE104954-GPL24120|GSM2811009	FSGS	ERCB_TUB_H1|GSE104954-GPL24120	0	1.6036209084526944	0.035356283
TUB	ERCB_TUB_H1	B-rankLASSO	GSE104954-GPL24120|GSM2811010	FSGS	ERCB_TUB_H1|GSE104954-GPL24120	0	1.5297489763243397	-0.018321276
TUB	ERCB_TUB_H1	B-rankLASSO	GSE104954-GPL24120|GSM2811011	LN	ERCB_TUB_H1|GSE104954-GPL24120	0	1.7253847399399624	-0.00026381016
TUB	ERCB_TUB_H1	B-rankLASSO	GSE104954-GPL24120|GSM2811012	FSGS	ERCB_TUB_H1|GSE104954-GPL24120	0	1.707904066317637	0.1436702
TUB	ERCB_TUB_H1	B-rankLASSO	GSE104954-GPL24120|GSM2811013	LN	ERCB_TUB_H1|GSE104954-GPL24120	0	1.4859752528011607	-0.01670152
TUB	ERCB_TUB_H1	B-rankLASSO	GSE104954-GPL24120|GSM2811014	LN	ERCB_TUB_H1|GSE104954-GPL24120	0	1.5922958261978548	-0.028125226
TUB	ERCB_TUB_H1	B-rankLASSO	GSE104954-GPL24120|GSM2811015	MN	ERCB_TUB_H1|GSE104954-GPL24120	0	1.687901479816489	0.010152936
TUB	ERCB_TUB_H1	B-rankLASSO	GSE104954-GPL24120|GSM2811016	LN	ERCB_TUB_H1|GSE104954-GPL24120	0	1.3370408300157424	0.07116741
TUB	ERCB_TUB_H1	B-rankLASSO	GSE104954-GPL24120|GSM2811017	MN	ERCB_TUB_H1|GSE104954-GPL24120	0	1.5065469002390024	-0.02394563
TUB	ERCB_TUB_H1	B-rankLASSO	GSE104954-GPL24120|GSM2811018	MN	ERCB_TUB_H1|GSE104954-GPL24120	0	1.5567266267940425	-0.0046593547
TUB	ERCB_TUB_H1	B-rankLASSO	GSE104954-GPL24120|GSM2811019	MN	ERCB_TUB_H1|GSE104954-GPL24120	0	1.5969453909986722	0.03607583
TUB	ERCB_TUB_H1	B-rankLASSO	GSE104954-GPL24120|GSM2811020	LN	ERCB_TUB_H1|GSE104954-GPL24120	0	1.6448135484174695	-0.024546206
TUB	ERCB_TUB_H1	B-rankLASSO	GSE104954-GPL24120|GSM2811021	LN	ERCB_TUB_H1|GSE104954-GPL24120	0	1.6765092748323884	0.027676284
TUB	ERCB_TUB_H1	B-rankLASSO	GSE104954-GPL24120|GSM2811022	LN	ERCB_TUB_H1|GSE104954-GPL24120	0	1.6355330285211078	0.021936178
TUB	ERCB_TUB_H1	B-rankLASSO	GSE104954-GPL24120|GSM2811023	LN	ERCB_TUB_H1|GSE104954-GPL24120	0	1.6335653734689322	0.005067587
TUB	ERCB_TUB_H1	B-rankLASSO	GSE104954-GPL24120|GSM2811024	LN	ERCB_TUB_H1|GSE104954-GPL24120	0	1.5713145810905311	-0.03915769
TUB	ERCB_TUB_H1	B-rankLASSO	GSE104954-GPL24120|GSM2811025	LN	ERCB_TUB_H1|GSE104954-GPL24120	0	1.4536485431931396	0.09268546
TUB	ERCB_TUB_H1	B2-PCA	GSE104954-GPL24120|GSM2810894	DKD	ERCB_TUB_H1|GSE104954-GPL24120	1	-4.0905942040981085	-0.0059981346
TUB	ERCB_TUB_H1	B2-PCA	GSE104954-GPL24120|GSM2810895	DKD	ERCB_TUB_H1|GSE104954-GPL24120	1	-0.2077485765541276	0.06584287
TUB	ERCB_TUB_H1	B2-PCA	GSE104954-GPL24120|GSM2810896	DKD	ERCB_TUB_H1|GSE104954-GPL24120	1	-3.2628432722939067	0.026656568
TUB	ERCB_TUB_H1	B2-PCA	GSE104954-GPL24120|GSM2810897	DKD	ERCB_TUB_H1|GSE104954-GPL24120	1	-4.690519321860561	0.0012090802
TUB	ERCB_TUB_H1	B2-PCA	GSE104954-GPL24120|GSM2810898	DKD	ERCB_TUB_H1|GSE104954-GPL24120	1	5.56442011972957	0.08943194
TUB	ERCB_TUB_H1	B2-PCA	GSE104954-GPL24120|GSM2810899	DKD	ERCB_TUB_H1|GSE104954-GPL24120	1	-5.928105964821498	0.025220692
TUB	ERCB_TUB_H1	B2-PCA	GSE104954-GPL24120|GSM2810900	DKD	ERCB_TUB_H1|GSE104954-GPL24120	1	-1.4356176041144906	0.09258008
TUB	ERCB_TUB_H1	B2-PCA	GSE104954-GPL24120|GSM2810901	DKD	ERCB_TUB_H1|GSE104954-GPL24120	1	-6.415146931453007	-0.014555573
TUB	ERCB_TUB_H1	B2-PCA	GSE104954-GPL24120|GSM2810902	DKD	ERCB_TUB_H1|GSE104954-GPL24120	1	-5.225938102539642	0.015181959
TUB	ERCB_TUB_H1	B2-PCA	GSE104954-GPL24120|GSM2810903	DKD	ERCB_TUB_H1|GSE104954-GPL24120	1	-2.350164802988356	0.04092908
TUB	ERCB_TUB_H1	B2-PCA	GSE104954-GPL24120|GSM2810904	MCD	ERCB_TUB_H1|GSE104954-GPL24120	0	-5.935129846594329	-0.0057017803
TUB	ERCB_TUB_H1	B2-PCA	GSE104954-GPL24120|GSM2810905	MCD	ERCB_TUB_H1|GSE104954-GPL24120	0	-9.969017938255119	-0.034941852
TUB	ERCB_TUB_H1	B2-PCA	GSE104954-GPL24120|GSM2810906	MCD	ERCB_TUB_H1|GSE104954-GPL24120	0	-7.391290188302447	0.01649797
TUB	ERCB_TUB_H1	B2-PCA	GSE104954-GPL24120|GSM2810907	MCD	ERCB_TUB_H1|GSE104954-GPL24120	0	-8.71347133952376	-0.034365118
TUB	ERCB_TUB_H1	B2-PCA	GSE104954-GPL24120|GSM2810914	HT	ERCB_TUB_H1|GSE104954-GPL24120	0	-0.5374341061571482	0.040584862
TUB	ERCB_TUB_H1	B2-PCA	GSE104954-GPL24120|GSM2810915	HT	ERCB_TUB_H1|GSE104954-GPL24120	0	-15.83033424283583	-0.0233953
TUB	ERCB_TUB_H1	B2-PCA	GSE104954-GPL24120|GSM2810916	HT	ERCB_TUB_H1|GSE104954-GPL24120	0	-9.511159141085962	0.0054519773
TUB	ERCB_TUB_H1	B2-PCA	GSE104954-GPL24120|GSM2810917	HT	ERCB_TUB_H1|GSE104954-GPL24120	0	-13.349551122532725	-0.03747642
TUB	ERCB_TUB_H1	B2-PCA	GSE104954-GPL24120|GSM2810918	HT	ERCB_TUB_H1|GSE104954-GPL24120	0	-9.132856780800296	-0.018603146
TUB	ERCB_TUB_H1	B2-PCA	GSE104954-GPL24120|GSM2810919	HT	ERCB_TUB_H1|GSE104954-GPL24120	0	-3.5887005081258643	0.01988089
TUB	ERCB_TUB_H1	B2-PCA	GSE104954-GPL24120|GSM2810920	HT	ERCB_TUB_H1|GSE104954-GPL24120	0	-5.031323648245886	0.0060124397
TUB	ERCB_TUB_H1	B2-PCA	GSE104954-GPL24120|GSM2810921	HT	ERCB_TUB_H1|GSE104954-GPL24120	0	-7.312072500143627	0.002644837
TUB	ERCB_TUB_H1	B2-PCA	GSE104954-GPL24120|GSM2810922	HT	ERCB_TUB_H1|GSE104954-GPL24120	0	-1.4706493791897213	0.001544416
TUB	ERCB_TUB_H1	B2-PCA	GSE104954-GPL24120|GSM2810923	HT	ERCB_TUB_H1|GSE104954-GPL24120	0	-11.377011016878907	-0.051041424
TUB	ERCB_TUB_H1	B2-PCA	GSE104954-GPL24120|GSM2810924	HT	ERCB_TUB_H1|GSE104954-GPL24120	0	-9.641942373334949	-0.038968205
TUB	ERCB_TUB_H1	B2-PCA	GSE104954-GPL24120|GSM2810925	HT	ERCB_TUB_H1|GSE104954-GPL24120	0	-2.158535782734404	0.014612317
TUB	ERCB_TUB_H1	B2-PCA	GSE104954-GPL24120|GSM2810926	HT	ERCB_TUB_H1|GSE104954-GPL24120	0	4.603595645051373	0.07263017
TUB	ERCB_TUB_H1	B2-PCA	GSE104954-GPL24120|GSM2810927	HT	ERCB_TUB_H1|GSE104954-GPL24120	0	-7.2063961781294426	-0.06273484
TUB	ERCB_TUB_H1	B2-PCA	GSE104954-GPL24120|GSM2810928	HT	ERCB_TUB_H1|GSE104954-GPL24120	0	-4.052512983225425	-0.004752934
TUB	ERCB_TUB_H1	B2-PCA	GSE104954-GPL24120|GSM2810929	HT	ERCB_TUB_H1|GSE104954-GPL24120	0	-5.634931594552386	-0.026722848
TUB	ERCB_TUB_H1	B2-PCA	GSE104954-GPL24120|GSM2810930	HT	ERCB_TUB_H1|GSE104954-GPL24120	0	-6.414311199468804	0.07358873
TUB	ERCB_TUB_H1	B2-PCA	GSE104954-GPL24120|GSM2810931	HT	ERCB_TUB_H1|GSE104954-GPL24120	0	-2.450552712216112	-0.057778776
TUB	ERCB_TUB_H1	B2-PCA	GSE104954-GPL24120|GSM2810932	HT	ERCB_TUB_H1|GSE104954-GPL24120	0	-0.3722104251499534	-0.031873763
TUB	ERCB_TUB_H1	B2-PCA	GSE104954-GPL24120|GSM2810933	HT	ERCB_TUB_H1|GSE104954-GPL24120	0	-7.796226098717789	0.011760831
TUB	ERCB_TUB_H1	B2-PCA	GSE104954-GPL24120|GSM2810934	MCD	ERCB_TUB_H1|GSE104954-GPL24120	0	-6.197261837512135	0.024061978
TUB	ERCB_TUB_H1	B2-PCA	GSE104954-GPL24120|GSM2810935	MCD	ERCB_TUB_H1|GSE104954-GPL24120	0	-12.385344764235729	-0.029089987
TUB	ERCB_TUB_H1	B2-PCA	GSE104954-GPL24120|GSM2810936	MCD	ERCB_TUB_H1|GSE104954-GPL24120	0	-5.270004631131565	0.012542129
TUB	ERCB_TUB_H1	B2-PCA	GSE104954-GPL24120|GSM2810937	MCD	ERCB_TUB_H1|GSE104954-GPL24120	0	-7.794017009222166	-0.025936961
TUB	ERCB_TUB_H1	B2-PCA	GSE104954-GPL24120|GSM2810938	MCD	ERCB_TUB_H1|GSE104954-GPL24120	0	-4.010957180939766	0.0129419565
TUB	ERCB_TUB_H1	B2-PCA	GSE104954-GPL24120|GSM2810941	IgAN	ERCB_TUB_H1|GSE104954-GPL24120	0	-2.50963936385733	-0.023388445
TUB	ERCB_TUB_H1	B2-PCA	GSE104954-GPL24120|GSM2810942	IgAN	ERCB_TUB_H1|GSE104954-GPL24120	0	-10.303485139687975	-0.019173384
TUB	ERCB_TUB_H1	B2-PCA	GSE104954-GPL24120|GSM2810943	IgAN	ERCB_TUB_H1|GSE104954-GPL24120	0	-9.61614337011508	-0.039647758
TUB	ERCB_TUB_H1	B2-PCA	GSE104954-GPL24120|GSM2810944	IgAN	ERCB_TUB_H1|GSE104954-GPL24120	0	-0.5138287186726025	0.07920247
TUB	ERCB_TUB_H1	B2-PCA	GSE104954-GPL24120|GSM2810945	IgAN	ERCB_TUB_H1|GSE104954-GPL24120	0	-7.2061989460574924	0.016399026
TUB	ERCB_TUB_H1	B2-PCA	GSE104954-GPL24120|GSM2810946	IgAN	ERCB_TUB_H1|GSE104954-GPL24120	0	-3.4591991282979286	0.0008201003
TUB	ERCB_TUB_H1	B2-PCA	GSE104954-GPL24120|GSM2810947	IgAN	ERCB_TUB_H1|GSE104954-GPL24120	0	-0.23337435400087259	0.055944264
TUB	ERCB_TUB_H1	B2-PCA	GSE104954-GPL24120|GSM2810948	IgAN	ERCB_TUB_H1|GSE104954-GPL24120	0	-9.579841208404941	0.08834809
TUB	ERCB_TUB_H1	B2-PCA	GSE104954-GPL24120|GSM2810949	IgAN	ERCB_TUB_H1|GSE104954-GPL24120	0	-3.0995263639192654	-0.009414315
TUB	ERCB_TUB_H1	B2-PCA	GSE104954-GPL24120|GSM2810950	IgAN	ERCB_TUB_H1|GSE104954-GPL24120	0	-8.246341022749185	-0.039686084
TUB	ERCB_TUB_H1	B2-PCA	GSE104954-GPL24120|GSM2810951	IgAN	ERCB_TUB_H1|GSE104954-GPL24120	0	-4.71813358683057	0.012003362
TUB	ERCB_TUB_H1	B2-PCA	GSE104954-GPL24120|GSM2810952	IgAN	ERCB_TUB_H1|GSE104954-GPL24120	0	1.1101522963204378	0.09571791
TUB	ERCB_TUB_H1	B2-PCA	GSE104954-GPL24120|GSM2810953	IgAN	ERCB_TUB_H1|GSE104954-GPL24120	0	-5.973882271303928	-0.03116715
TUB	ERCB_TUB_H1	B2-PCA	GSE104954-GPL24120|GSM2810954	IgAN	ERCB_TUB_H1|GSE104954-GPL24120	0	-4.651800434781656	-0.029975355
TUB	ERCB_TUB_H1	B2-PCA	GSE104954-GPL24120|GSM2810955	IgAN	ERCB_TUB_H1|GSE104954-GPL24120	0	-8.950471563212547	0.023910344
TUB	ERCB_TUB_H1	B2-PCA	GSE104954-GPL24120|GSM2810956	IgAN	ERCB_TUB_H1|GSE104954-GPL24120	0	-6.530796050408965	0.06403273
TUB	ERCB_TUB_H1	B2-PCA	GSE104954-GPL24120|GSM2810957	IgAN	ERCB_TUB_H1|GSE104954-GPL24120	0	-2.5708185770586365	0.0009830594
TUB	ERCB_TUB_H1	B2-PCA	GSE104954-GPL24120|GSM2810958	IgAN	ERCB_TUB_H1|GSE104954-GPL24120	0	-7.367866230456209	0.03145331
TUB	ERCB_TUB_H1	B2-PCA	GSE104954-GPL24120|GSM2810959	IgAN	ERCB_TUB_H1|GSE104954-GPL24120	0	-6.465802852181758	0.056163847
TUB	ERCB_TUB_H1	B2-PCA	GSE104954-GPL24120|GSM2810960	IgAN	ERCB_TUB_H1|GSE104954-GPL24120	0	-5.642913569106705	-0.01691401
TUB	ERCB_TUB_H1	B2-PCA	GSE104954-GPL24120|GSM2810961	IgAN	ERCB_TUB_H1|GSE104954-GPL24120	0	-6.175293092000498	0.014970243
TUB	ERCB_TUB_H1	B2-PCA	GSE104954-GPL24120|GSM2810962	IgAN	ERCB_TUB_H1|GSE104954-GPL24120	0	-6.660030240441058	0.019029617
TUB	ERCB_TUB_H1	B2-PCA	GSE104954-GPL24120|GSM2810963	IgAN	ERCB_TUB_H1|GSE104954-GPL24120	0	-9.854427936895762	-0.035069823
TUB	ERCB_TUB_H1	B2-PCA	GSE104954-GPL24120|GSM2810964	IgAN	ERCB_TUB_H1|GSE104954-GPL24120	0	-4.2528499426560735	0.003359735
TUB	ERCB_TUB_H1	B2-PCA	GSE104954-GPL24120|GSM2810965	IgAN	ERCB_TUB_H1|GSE104954-GPL24120	0	-2.273355081533923	0.083999634
TUB	ERCB_TUB_H1	B2-PCA	GSE104954-GPL24120|GSM2810966	LN	ERCB_TUB_H1|GSE104954-GPL24120	0	-3.425513171017027	0.024276316
TUB	ERCB_TUB_H1	B2-PCA	GSE104954-GPL24120|GSM2810967	LN	ERCB_TUB_H1|GSE104954-GPL24120	0	-10.979523967801132	-0.0040518045
TUB	ERCB_TUB_H1	B2-PCA	GSE104954-GPL24120|GSM2810968	MN	ERCB_TUB_H1|GSE104954-GPL24120	0	-4.1710469023845125	-0.024818659
TUB	ERCB_TUB_H1	B2-PCA	GSE104954-GPL24120|GSM2810969	LN	ERCB_TUB_H1|GSE104954-GPL24120	0	-7.998537327105761	-0.026655257
TUB	ERCB_TUB_H1	B2-PCA	GSE104954-GPL24120|GSM2810970	LN	ERCB_TUB_H1|GSE104954-GPL24120	0	-10.682433852991966	-0.04963219
TUB	ERCB_TUB_H1	B2-PCA	GSE104954-GPL24120|GSM2810971	LN	ERCB_TUB_H1|GSE104954-GPL24120	0	-3.169405054993767	0.031030476
TUB	ERCB_TUB_H1	B2-PCA	GSE104954-GPL24120|GSM2810972	LN	ERCB_TUB_H1|GSE104954-GPL24120	0	-7.356041718432356	-0.008439541
TUB	ERCB_TUB_H1	B2-PCA	GSE104954-GPL24120|GSM2810973	LN	ERCB_TUB_H1|GSE104954-GPL24120	0	0.42284440755869923	0.13904405
TUB	ERCB_TUB_H1	B2-PCA	GSE104954-GPL24120|GSM2810974	LN	ERCB_TUB_H1|GSE104954-GPL24120	0	-6.906141113295499	0.021321058
TUB	ERCB_TUB_H1	B2-PCA	GSE104954-GPL24120|GSM2810975	LN	ERCB_TUB_H1|GSE104954-GPL24120	0	-6.731040552015346	0.046819806
TUB	ERCB_TUB_H1	B2-PCA	GSE104954-GPL24120|GSM2810976	LN	ERCB_TUB_H1|GSE104954-GPL24120	0	-1.9005043386474298	0.031039715
TUB	ERCB_TUB_H1	B2-PCA	GSE104954-GPL24120|GSM2810977	LN	ERCB_TUB_H1|GSE104954-GPL24120	0	-10.742873656531032	0.06437367
TUB	ERCB_TUB_H1	B2-PCA	GSE104954-GPL24120|GSM2810978	LN	ERCB_TUB_H1|GSE104954-GPL24120	0	-2.1747926506015194	0.007895172
TUB	ERCB_TUB_H1	B2-PCA	GSE104954-GPL24120|GSM2810979	LN	ERCB_TUB_H1|GSE104954-GPL24120	0	-15.08619576591876	-0.026821434
TUB	ERCB_TUB_H1	B2-PCA	GSE104954-GPL24120|GSM2810980	MN	ERCB_TUB_H1|GSE104954-GPL24120	0	-3.96002369597546	0.012712002
TUB	ERCB_TUB_H1	B2-PCA	GSE104954-GPL24120|GSM2810981	MN	ERCB_TUB_H1|GSE104954-GPL24120	0	-3.74270288062443	0.01675123
TUB	ERCB_TUB_H1	B2-PCA	GSE104954-GPL24120|GSM2810982	MN	ERCB_TUB_H1|GSE104954-GPL24120	0	-1.2503643577634662	0.033050478
TUB	ERCB_TUB_H1	B2-PCA	GSE104954-GPL24120|GSM2810983	LN	ERCB_TUB_H1|GSE104954-GPL24120	0	-6.919327773929959	0.004441917
TUB	ERCB_TUB_H1	B2-PCA	GSE104954-GPL24120|GSM2810984	LN	ERCB_TUB_H1|GSE104954-GPL24120	0	-5.320628643916017	0.037686527
TUB	ERCB_TUB_H1	B2-PCA	GSE104954-GPL24120|GSM2810985	FSGS	ERCB_TUB_H1|GSE104954-GPL24120	0	0.3395641245958618	0.06351787
TUB	ERCB_TUB_H1	B2-PCA	GSE104954-GPL24120|GSM2810986	MN	ERCB_TUB_H1|GSE104954-GPL24120	0	-5.645810908962243	0.050802946
TUB	ERCB_TUB_H1	B2-PCA	GSE104954-GPL24120|GSM2810987	MN	ERCB_TUB_H1|GSE104954-GPL24120	0	-3.0922567420130402	0.031277955
TUB	ERCB_TUB_H1	B2-PCA	GSE104954-GPL24120|GSM2810988	LN	ERCB_TUB_H1|GSE104954-GPL24120	0	-11.451306603086252	-0.079808116
TUB	ERCB_TUB_H1	B2-PCA	GSE104954-GPL24120|GSM2810989	MN	ERCB_TUB_H1|GSE104954-GPL24120	0	-5.137834556948741	0.006500542
TUB	ERCB_TUB_H1	B2-PCA	GSE104954-GPL24120|GSM2810990	MN	ERCB_TUB_H1|GSE104954-GPL24120	0	-7.553510154939946	-0.03774333
TUB	ERCB_TUB_H1	B2-PCA	GSE104954-GPL24120|GSM2810991	FSGS	ERCB_TUB_H1|GSE104954-GPL24120	0	-1.6628699228044859	-0.02485466
TUB	ERCB_TUB_H1	B2-PCA	GSE104954-GPL24120|GSM2810992	FSGS	ERCB_TUB_H1|GSE104954-GPL24120	0	-6.5098580077110295	-0.041499853
TUB	ERCB_TUB_H1	B2-PCA	GSE104954-GPL24120|GSM2810993	FSGS	ERCB_TUB_H1|GSE104954-GPL24120	0	-1.9177421923757354	-0.0051892996
TUB	ERCB_TUB_H1	B2-PCA	GSE104954-GPL24120|GSM2810994	LN	ERCB_TUB_H1|GSE104954-GPL24120	0	-11.25111703176766	-0.010384679
TUB	ERCB_TUB_H1	B2-PCA	GSE104954-GPL24120|GSM2810995	MN	ERCB_TUB_H1|GSE104954-GPL24120	0	-3.3311471538911412	0.009224296
TUB	ERCB_TUB_H1	B2-PCA	GSE104954-GPL24120|GSM2810996	MN	ERCB_TUB_H1|GSE104954-GPL24120	0	-4.953117864340651	0.014390528
TUB	ERCB_TUB_H1	B2-PCA	GSE104954-GPL24120|GSM2810997	FSGS	ERCB_TUB_H1|GSE104954-GPL24120	0	-7.024899185510323	0.03697318
TUB	ERCB_TUB_H1	B2-PCA	GSE104954-GPL24120|GSM2810998	MN	ERCB_TUB_H1|GSE104954-GPL24120	0	-6.256380786750023	0.047750413
TUB	ERCB_TUB_H1	B2-PCA	GSE104954-GPL24120|GSM2810999	MN	ERCB_TUB_H1|GSE104954-GPL24120	0	-4.406351848486798	-0.011779308
TUB	ERCB_TUB_H1	B2-PCA	GSE104954-GPL24120|GSM2811000	MN	ERCB_TUB_H1|GSE104954-GPL24120	0	-10.25567082403204	-0.03390813
TUB	ERCB_TUB_H1	B2-PCA	GSE104954-GPL24120|GSM2811001	LN	ERCB_TUB_H1|GSE104954-GPL24120	0	-4.436630007915523	0.029759586
TUB	ERCB_TUB_H1	B2-PCA	GSE104954-GPL24120|GSM2811002	MN	ERCB_TUB_H1|GSE104954-GPL24120	0	-9.753794530773543	-0.0008044243
TUB	ERCB_TUB_H1	B2-PCA	GSE104954-GPL24120|GSM2811003	LN	ERCB_TUB_H1|GSE104954-GPL24120	0	-7.400697403515975	0.03835869
TUB	ERCB_TUB_H1	B2-PCA	GSE104954-GPL24120|GSM2811004	FSGS	ERCB_TUB_H1|GSE104954-GPL24120	0	0.4127368354275216	0.12306166
TUB	ERCB_TUB_H1	B2-PCA	GSE104954-GPL24120|GSM2811005	LN	ERCB_TUB_H1|GSE104954-GPL24120	0	1.191891909629918	0.057775736
TUB	ERCB_TUB_H1	B2-PCA	GSE104954-GPL24120|GSM2811006	FSGS	ERCB_TUB_H1|GSE104954-GPL24120	0	-8.434174865976324	0.019942105
TUB	ERCB_TUB_H1	B2-PCA	GSE104954-GPL24120|GSM2811007	LN	ERCB_TUB_H1|GSE104954-GPL24120	0	-7.291890033175615	0.10370386
TUB	ERCB_TUB_H1	B2-PCA	GSE104954-GPL24120|GSM2811008	LN	ERCB_TUB_H1|GSE104954-GPL24120	0	-10.896714323121596	0.059523225
TUB	ERCB_TUB_H1	B2-PCA	GSE104954-GPL24120|GSM2811009	FSGS	ERCB_TUB_H1|GSE104954-GPL24120	0	0.8131963224855774	0.035356283
TUB	ERCB_TUB_H1	B2-PCA	GSE104954-GPL24120|GSM2811010	FSGS	ERCB_TUB_H1|GSE104954-GPL24120	0	-7.333003179179733	-0.018321276
TUB	ERCB_TUB_H1	B2-PCA	GSE104954-GPL24120|GSM2811011	LN	ERCB_TUB_H1|GSE104954-GPL24120	0	-1.4711715594356622	-0.00026381016
TUB	ERCB_TUB_H1	B2-PCA	GSE104954-GPL24120|GSM2811012	FSGS	ERCB_TUB_H1|GSE104954-GPL24120	0	6.039074184706651	0.1436702
TUB	ERCB_TUB_H1	B2-PCA	GSE104954-GPL24120|GSM2811013	LN	ERCB_TUB_H1|GSE104954-GPL24120	0	-5.810384372952607	-0.01670152
TUB	ERCB_TUB_H1	B2-PCA	GSE104954-GPL24120|GSM2811014	LN	ERCB_TUB_H1|GSE104954-GPL24120	0	-7.027129575808088	-0.028125226
TUB	ERCB_TUB_H1	B2-PCA	GSE104954-GPL24120|GSM2811015	MN	ERCB_TUB_H1|GSE104954-GPL24120	0	-0.766936469505545	0.010152936
TUB	ERCB_TUB_H1	B2-PCA	GSE104954-GPL24120|GSM2811016	LN	ERCB_TUB_H1|GSE104954-GPL24120	0	-5.421015192492677	0.07116741
TUB	ERCB_TUB_H1	B2-PCA	GSE104954-GPL24120|GSM2811017	MN	ERCB_TUB_H1|GSE104954-GPL24120	0	-5.076840088252279	-0.02394563
TUB	ERCB_TUB_H1	B2-PCA	GSE104954-GPL24120|GSM2811018	MN	ERCB_TUB_H1|GSE104954-GPL24120	0	1.3305328616024479	-0.0046593547
TUB	ERCB_TUB_H1	B2-PCA	GSE104954-GPL24120|GSM2811019	MN	ERCB_TUB_H1|GSE104954-GPL24120	0	-5.039124745788202	0.03607583
TUB	ERCB_TUB_H1	B2-PCA	GSE104954-GPL24120|GSM2811020	LN	ERCB_TUB_H1|GSE104954-GPL24120	0	-18.074493445234573	-0.024546206
TUB	ERCB_TUB_H1	B2-PCA	GSE104954-GPL24120|GSM2811021	LN	ERCB_TUB_H1|GSE104954-GPL24120	0	-4.2338976272379565	0.027676284
TUB	ERCB_TUB_H1	B2-PCA	GSE104954-GPL24120|GSM2811022	LN	ERCB_TUB_H1|GSE104954-GPL24120	0	-9.867171614904255	0.021936178
TUB	ERCB_TUB_H1	B2-PCA	GSE104954-GPL24120|GSM2811023	LN	ERCB_TUB_H1|GSE104954-GPL24120	0	-11.212232466100328	0.005067587
TUB	ERCB_TUB_H1	B2-PCA	GSE104954-GPL24120|GSM2811024	LN	ERCB_TUB_H1|GSE104954-GPL24120	0	-2.9715914179399316	-0.03915769
TUB	ERCB_TUB_H1	B2-PCA	GSE104954-GPL24120|GSM2811025	LN	ERCB_TUB_H1|GSE104954-GPL24120	0	-10.511757027449374	0.09268546
TUB	ERCB_TUB_H1	B-cPCA	GSE104954-GPL24120|GSM2810894	DKD	ERCB_TUB_H1|GSE104954-GPL24120	1	0.3739427455044809	-0.0059981346
TUB	ERCB_TUB_H1	B-cPCA	GSE104954-GPL24120|GSM2810895	DKD	ERCB_TUB_H1|GSE104954-GPL24120	1	0.12293050792324187	0.06584287
TUB	ERCB_TUB_H1	B-cPCA	GSE104954-GPL24120|GSM2810896	DKD	ERCB_TUB_H1|GSE104954-GPL24120	1	0.02068717345874302	0.026656568
TUB	ERCB_TUB_H1	B-cPCA	GSE104954-GPL24120|GSM2810897	DKD	ERCB_TUB_H1|GSE104954-GPL24120	1	0.3091457558742672	0.0012090802
TUB	ERCB_TUB_H1	B-cPCA	GSE104954-GPL24120|GSM2810898	DKD	ERCB_TUB_H1|GSE104954-GPL24120	1	0.388963779985655	0.08943194
TUB	ERCB_TUB_H1	B-cPCA	GSE104954-GPL24120|GSM2810899	DKD	ERCB_TUB_H1|GSE104954-GPL24120	1	0.0374037131521103	0.025220692
TUB	ERCB_TUB_H1	B-cPCA	GSE104954-GPL24120|GSM2810900	DKD	ERCB_TUB_H1|GSE104954-GPL24120	1	0.07662608266054546	0.09258008
TUB	ERCB_TUB_H1	B-cPCA	GSE104954-GPL24120|GSM2810901	DKD	ERCB_TUB_H1|GSE104954-GPL24120	1	0.2600247255480468	-0.014555573
TUB	ERCB_TUB_H1	B-cPCA	GSE104954-GPL24120|GSM2810902	DKD	ERCB_TUB_H1|GSE104954-GPL24120	1	-0.026939297632748077	0.015181959
TUB	ERCB_TUB_H1	B-cPCA	GSE104954-GPL24120|GSM2810903	DKD	ERCB_TUB_H1|GSE104954-GPL24120	1	-0.01679586513477474	0.04092908
TUB	ERCB_TUB_H1	B-cPCA	GSE104954-GPL24120|GSM2810904	MCD	ERCB_TUB_H1|GSE104954-GPL24120	0	-0.26841561059306573	-0.0057017803
TUB	ERCB_TUB_H1	B-cPCA	GSE104954-GPL24120|GSM2810905	MCD	ERCB_TUB_H1|GSE104954-GPL24120	0	-0.2238379259978304	-0.034941852
TUB	ERCB_TUB_H1	B-cPCA	GSE104954-GPL24120|GSM2810906	MCD	ERCB_TUB_H1|GSE104954-GPL24120	0	-0.440736237762994	0.01649797
TUB	ERCB_TUB_H1	B-cPCA	GSE104954-GPL24120|GSM2810907	MCD	ERCB_TUB_H1|GSE104954-GPL24120	0	-0.1561418964013315	-0.034365118
TUB	ERCB_TUB_H1	B-cPCA	GSE104954-GPL24120|GSM2810914	HT	ERCB_TUB_H1|GSE104954-GPL24120	0	0.7146923619881497	0.040584862
TUB	ERCB_TUB_H1	B-cPCA	GSE104954-GPL24120|GSM2810915	HT	ERCB_TUB_H1|GSE104954-GPL24120	0	-0.4895379506564951	-0.0233953
TUB	ERCB_TUB_H1	B-cPCA	GSE104954-GPL24120|GSM2810916	HT	ERCB_TUB_H1|GSE104954-GPL24120	0	-0.15012756938116925	0.0054519773
TUB	ERCB_TUB_H1	B-cPCA	GSE104954-GPL24120|GSM2810917	HT	ERCB_TUB_H1|GSE104954-GPL24120	0	-0.22767304581567674	-0.03747642
TUB	ERCB_TUB_H1	B-cPCA	GSE104954-GPL24120|GSM2810918	HT	ERCB_TUB_H1|GSE104954-GPL24120	0	0.1552370623011292	-0.018603146
TUB	ERCB_TUB_H1	B-cPCA	GSE104954-GPL24120|GSM2810919	HT	ERCB_TUB_H1|GSE104954-GPL24120	0	-0.22918768194179864	0.01988089
TUB	ERCB_TUB_H1	B-cPCA	GSE104954-GPL24120|GSM2810920	HT	ERCB_TUB_H1|GSE104954-GPL24120	0	0.07752670693431749	0.0060124397
TUB	ERCB_TUB_H1	B-cPCA	GSE104954-GPL24120|GSM2810921	HT	ERCB_TUB_H1|GSE104954-GPL24120	0	-0.1144404278443443	0.002644837
TUB	ERCB_TUB_H1	B-cPCA	GSE104954-GPL24120|GSM2810922	HT	ERCB_TUB_H1|GSE104954-GPL24120	0	0.176449753864887	0.001544416
TUB	ERCB_TUB_H1	B-cPCA	GSE104954-GPL24120|GSM2810923	HT	ERCB_TUB_H1|GSE104954-GPL24120	0	-0.005126586675018557	-0.051041424
TUB	ERCB_TUB_H1	B-cPCA	GSE104954-GPL24120|GSM2810924	HT	ERCB_TUB_H1|GSE104954-GPL24120	0	-0.05403876761453988	-0.038968205
TUB	ERCB_TUB_H1	B-cPCA	GSE104954-GPL24120|GSM2810925	HT	ERCB_TUB_H1|GSE104954-GPL24120	0	0.30331963159118414	0.014612317
TUB	ERCB_TUB_H1	B-cPCA	GSE104954-GPL24120|GSM2810926	HT	ERCB_TUB_H1|GSE104954-GPL24120	0	0.4343265124417782	0.07263017
TUB	ERCB_TUB_H1	B-cPCA	GSE104954-GPL24120|GSM2810927	HT	ERCB_TUB_H1|GSE104954-GPL24120	0	-0.29761746149465795	-0.06273484
TUB	ERCB_TUB_H1	B-cPCA	GSE104954-GPL24120|GSM2810928	HT	ERCB_TUB_H1|GSE104954-GPL24120	0	0.3090851734037199	-0.004752934
TUB	ERCB_TUB_H1	B-cPCA	GSE104954-GPL24120|GSM2810929	HT	ERCB_TUB_H1|GSE104954-GPL24120	0	-0.02596722109918717	-0.026722848
TUB	ERCB_TUB_H1	B-cPCA	GSE104954-GPL24120|GSM2810930	HT	ERCB_TUB_H1|GSE104954-GPL24120	0	-0.3210996169963405	0.07358873
TUB	ERCB_TUB_H1	B-cPCA	GSE104954-GPL24120|GSM2810931	HT	ERCB_TUB_H1|GSE104954-GPL24120	0	0.352630888569502	-0.057778776
TUB	ERCB_TUB_H1	B-cPCA	GSE104954-GPL24120|GSM2810932	HT	ERCB_TUB_H1|GSE104954-GPL24120	0	0.15907273394151974	-0.031873763
TUB	ERCB_TUB_H1	B-cPCA	GSE104954-GPL24120|GSM2810933	HT	ERCB_TUB_H1|GSE104954-GPL24120	0	-0.35811404412326087	0.011760831
TUB	ERCB_TUB_H1	B-cPCA	GSE104954-GPL24120|GSM2810934	MCD	ERCB_TUB_H1|GSE104954-GPL24120	0	0.02404283719054609	0.024061978
TUB	ERCB_TUB_H1	B-cPCA	GSE104954-GPL24120|GSM2810935	MCD	ERCB_TUB_H1|GSE104954-GPL24120	0	-0.40035237678130997	-0.029089987
TUB	ERCB_TUB_H1	B-cPCA	GSE104954-GPL24120|GSM2810936	MCD	ERCB_TUB_H1|GSE104954-GPL24120	0	0.2101153668774974	0.012542129
TUB	ERCB_TUB_H1	B-cPCA	GSE104954-GPL24120|GSM2810937	MCD	ERCB_TUB_H1|GSE104954-GPL24120	0	0.03919976067974848	-0.025936961
TUB	ERCB_TUB_H1	B-cPCA	GSE104954-GPL24120|GSM2810938	MCD	ERCB_TUB_H1|GSE104954-GPL24120	0	0.1127806073305326	0.0129419565
TUB	ERCB_TUB_H1	B-cPCA	GSE104954-GPL24120|GSM2810941	IgAN	ERCB_TUB_H1|GSE104954-GPL24120	0	0.11859795009888949	-0.023388445
TUB	ERCB_TUB_H1	B-cPCA	GSE104954-GPL24120|GSM2810942	IgAN	ERCB_TUB_H1|GSE104954-GPL24120	0	0.07713979228041087	-0.019173384
TUB	ERCB_TUB_H1	B-cPCA	GSE104954-GPL24120|GSM2810943	IgAN	ERCB_TUB_H1|GSE104954-GPL24120	0	0.014362316235326994	-0.039647758
TUB	ERCB_TUB_H1	B-cPCA	GSE104954-GPL24120|GSM2810944	IgAN	ERCB_TUB_H1|GSE104954-GPL24120	0	0.26994260840620177	0.07920247
TUB	ERCB_TUB_H1	B-cPCA	GSE104954-GPL24120|GSM2810945	IgAN	ERCB_TUB_H1|GSE104954-GPL24120	0	-0.030075233757900693	0.016399026
TUB	ERCB_TUB_H1	B-cPCA	GSE104954-GPL24120|GSM2810946	IgAN	ERCB_TUB_H1|GSE104954-GPL24120	0	0.3673275426141983	0.0008201003
TUB	ERCB_TUB_H1	B-cPCA	GSE104954-GPL24120|GSM2810947	IgAN	ERCB_TUB_H1|GSE104954-GPL24120	0	0.2491139029746405	0.055944264
TUB	ERCB_TUB_H1	B-cPCA	GSE104954-GPL24120|GSM2810948	IgAN	ERCB_TUB_H1|GSE104954-GPL24120	0	-0.844639214365405	0.08834809
TUB	ERCB_TUB_H1	B-cPCA	GSE104954-GPL24120|GSM2810949	IgAN	ERCB_TUB_H1|GSE104954-GPL24120	0	0.016700010832695983	-0.009414315
TUB	ERCB_TUB_H1	B-cPCA	GSE104954-GPL24120|GSM2810950	IgAN	ERCB_TUB_H1|GSE104954-GPL24120	0	0.11174231921671349	-0.039686084
TUB	ERCB_TUB_H1	B-cPCA	GSE104954-GPL24120|GSM2810951	IgAN	ERCB_TUB_H1|GSE104954-GPL24120	0	0.30560462219570694	0.012003362
TUB	ERCB_TUB_H1	B-cPCA	GSE104954-GPL24120|GSM2810952	IgAN	ERCB_TUB_H1|GSE104954-GPL24120	0	-0.0904952622271841	0.09571791
TUB	ERCB_TUB_H1	B-cPCA	GSE104954-GPL24120|GSM2810953	IgAN	ERCB_TUB_H1|GSE104954-GPL24120	0	-0.034572169765630406	-0.03116715
TUB	ERCB_TUB_H1	B-cPCA	GSE104954-GPL24120|GSM2810954	IgAN	ERCB_TUB_H1|GSE104954-GPL24120	0	0.16018967693560912	-0.029975355
TUB	ERCB_TUB_H1	B-cPCA	GSE104954-GPL24120|GSM2810955	IgAN	ERCB_TUB_H1|GSE104954-GPL24120	0	-0.566178503054846	0.023910344
TUB	ERCB_TUB_H1	B-cPCA	GSE104954-GPL24120|GSM2810956	IgAN	ERCB_TUB_H1|GSE104954-GPL24120	0	0.4792881380992047	0.06403273
TUB	ERCB_TUB_H1	B-cPCA	GSE104954-GPL24120|GSM2810957	IgAN	ERCB_TUB_H1|GSE104954-GPL24120	0	0.23817121580678122	0.0009830594
TUB	ERCB_TUB_H1	B-cPCA	GSE104954-GPL24120|GSM2810958	IgAN	ERCB_TUB_H1|GSE104954-GPL24120	0	-0.25644667021167966	0.03145331
TUB	ERCB_TUB_H1	B-cPCA	GSE104954-GPL24120|GSM2810959	IgAN	ERCB_TUB_H1|GSE104954-GPL24120	0	-0.11433862803858832	0.056163847
TUB	ERCB_TUB_H1	B-cPCA	GSE104954-GPL24120|GSM2810960	IgAN	ERCB_TUB_H1|GSE104954-GPL24120	0	0.06413134768315762	-0.01691401
TUB	ERCB_TUB_H1	B-cPCA	GSE104954-GPL24120|GSM2810961	IgAN	ERCB_TUB_H1|GSE104954-GPL24120	0	0.2692644625823144	0.014970243
TUB	ERCB_TUB_H1	B-cPCA	GSE104954-GPL24120|GSM2810962	IgAN	ERCB_TUB_H1|GSE104954-GPL24120	0	0.016365315251222784	0.019029617
TUB	ERCB_TUB_H1	B-cPCA	GSE104954-GPL24120|GSM2810963	IgAN	ERCB_TUB_H1|GSE104954-GPL24120	0	-0.0403190818149253	-0.035069823
TUB	ERCB_TUB_H1	B-cPCA	GSE104954-GPL24120|GSM2810964	IgAN	ERCB_TUB_H1|GSE104954-GPL24120	0	-0.07027975141006329	0.003359735
TUB	ERCB_TUB_H1	B-cPCA	GSE104954-GPL24120|GSM2810965	IgAN	ERCB_TUB_H1|GSE104954-GPL24120	0	-0.13701631933725725	0.083999634
TUB	ERCB_TUB_H1	B-cPCA	GSE104954-GPL24120|GSM2810966	LN	ERCB_TUB_H1|GSE104954-GPL24120	0	0.4276199910599253	0.024276316
TUB	ERCB_TUB_H1	B-cPCA	GSE104954-GPL24120|GSM2810967	LN	ERCB_TUB_H1|GSE104954-GPL24120	0	-0.2566053007088096	-0.0040518045
TUB	ERCB_TUB_H1	B-cPCA	GSE104954-GPL24120|GSM2810968	MN	ERCB_TUB_H1|GSE104954-GPL24120	0	0.1883695812939363	-0.024818659
TUB	ERCB_TUB_H1	B-cPCA	GSE104954-GPL24120|GSM2810969	LN	ERCB_TUB_H1|GSE104954-GPL24120	0	0.0359898367357919	-0.026655257
TUB	ERCB_TUB_H1	B-cPCA	GSE104954-GPL24120|GSM2810970	LN	ERCB_TUB_H1|GSE104954-GPL24120	0	-0.27722502933454907	-0.04963219
TUB	ERCB_TUB_H1	B-cPCA	GSE104954-GPL24120|GSM2810971	LN	ERCB_TUB_H1|GSE104954-GPL24120	0	-0.13455903598097266	0.031030476
TUB	ERCB_TUB_H1	B-cPCA	GSE104954-GPL24120|GSM2810972	LN	ERCB_TUB_H1|GSE104954-GPL24120	0	0.059298399725904644	-0.008439541
TUB	ERCB_TUB_H1	B-cPCA	GSE104954-GPL24120|GSM2810973	LN	ERCB_TUB_H1|GSE104954-GPL24120	0	-0.22793525216690305	0.13904405
TUB	ERCB_TUB_H1	B-cPCA	GSE104954-GPL24120|GSM2810974	LN	ERCB_TUB_H1|GSE104954-GPL24120	0	0.21173691977281647	0.021321058
TUB	ERCB_TUB_H1	B-cPCA	GSE104954-GPL24120|GSM2810975	LN	ERCB_TUB_H1|GSE104954-GPL24120	0	-0.22894670805266418	0.046819806
TUB	ERCB_TUB_H1	B-cPCA	GSE104954-GPL24120|GSM2810976	LN	ERCB_TUB_H1|GSE104954-GPL24120	0	0.3220993650251267	0.031039715
TUB	ERCB_TUB_H1	B-cPCA	GSE104954-GPL24120|GSM2810977	LN	ERCB_TUB_H1|GSE104954-GPL24120	0	-0.4527504657018999	0.06437367
TUB	ERCB_TUB_H1	B-cPCA	GSE104954-GPL24120|GSM2810978	LN	ERCB_TUB_H1|GSE104954-GPL24120	0	0.46281994305917706	0.007895172
TUB	ERCB_TUB_H1	B-cPCA	GSE104954-GPL24120|GSM2810979	LN	ERCB_TUB_H1|GSE104954-GPL24120	0	-0.13039216768220888	-0.026821434
TUB	ERCB_TUB_H1	B-cPCA	GSE104954-GPL24120|GSM2810980	MN	ERCB_TUB_H1|GSE104954-GPL24120	0	0.0935090994683909	0.012712002
TUB	ERCB_TUB_H1	B-cPCA	GSE104954-GPL24120|GSM2810981	MN	ERCB_TUB_H1|GSE104954-GPL24120	0	0.543698418465485	0.01675123
TUB	ERCB_TUB_H1	B-cPCA	GSE104954-GPL24120|GSM2810982	MN	ERCB_TUB_H1|GSE104954-GPL24120	0	0.35772709713420314	0.033050478
TUB	ERCB_TUB_H1	B-cPCA	GSE104954-GPL24120|GSM2810983	LN	ERCB_TUB_H1|GSE104954-GPL24120	0	-0.28540479375140915	0.004441917
TUB	ERCB_TUB_H1	B-cPCA	GSE104954-GPL24120|GSM2810984	LN	ERCB_TUB_H1|GSE104954-GPL24120	0	-0.1735905429695094	0.037686527
TUB	ERCB_TUB_H1	B-cPCA	GSE104954-GPL24120|GSM2810985	FSGS	ERCB_TUB_H1|GSE104954-GPL24120	0	0.41191781000089955	0.06351787
TUB	ERCB_TUB_H1	B-cPCA	GSE104954-GPL24120|GSM2810986	MN	ERCB_TUB_H1|GSE104954-GPL24120	0	-0.293983535142609	0.050802946
TUB	ERCB_TUB_H1	B-cPCA	GSE104954-GPL24120|GSM2810987	MN	ERCB_TUB_H1|GSE104954-GPL24120	0	0.40484399644816205	0.031277955
TUB	ERCB_TUB_H1	B-cPCA	GSE104954-GPL24120|GSM2810988	LN	ERCB_TUB_H1|GSE104954-GPL24120	0	-0.14204770656748691	-0.079808116
TUB	ERCB_TUB_H1	B-cPCA	GSE104954-GPL24120|GSM2810989	MN	ERCB_TUB_H1|GSE104954-GPL24120	0	0.3003312094887536	0.006500542
TUB	ERCB_TUB_H1	B-cPCA	GSE104954-GPL24120|GSM2810990	MN	ERCB_TUB_H1|GSE104954-GPL24120	0	0.27519378029697117	-0.03774333
TUB	ERCB_TUB_H1	B-cPCA	GSE104954-GPL24120|GSM2810991	FSGS	ERCB_TUB_H1|GSE104954-GPL24120	0	0.09547582640438443	-0.02485466
TUB	ERCB_TUB_H1	B-cPCA	GSE104954-GPL24120|GSM2810992	FSGS	ERCB_TUB_H1|GSE104954-GPL24120	0	0.1274199425392972	-0.041499853
TUB	ERCB_TUB_H1	B-cPCA	GSE104954-GPL24120|GSM2810993	FSGS	ERCB_TUB_H1|GSE104954-GPL24120	0	0.15068350891452162	-0.0051892996
TUB	ERCB_TUB_H1	B-cPCA	GSE104954-GPL24120|GSM2810994	LN	ERCB_TUB_H1|GSE104954-GPL24120	0	-0.26399626602732285	-0.010384679
TUB	ERCB_TUB_H1	B-cPCA	GSE104954-GPL24120|GSM2810995	MN	ERCB_TUB_H1|GSE104954-GPL24120	0	0.09174787502439405	0.009224296
TUB	ERCB_TUB_H1	B-cPCA	GSE104954-GPL24120|GSM2810996	MN	ERCB_TUB_H1|GSE104954-GPL24120	0	0.3405959467167129	0.014390528
TUB	ERCB_TUB_H1	B-cPCA	GSE104954-GPL24120|GSM2810997	FSGS	ERCB_TUB_H1|GSE104954-GPL24120	0	-0.3492200245509688	0.03697318
TUB	ERCB_TUB_H1	B-cPCA	GSE104954-GPL24120|GSM2810998	MN	ERCB_TUB_H1|GSE104954-GPL24120	0	-0.18180567166190456	0.047750413
TUB	ERCB_TUB_H1	B-cPCA	GSE104954-GPL24120|GSM2810999	MN	ERCB_TUB_H1|GSE104954-GPL24120	0	0.04739225090780505	-0.011779308
TUB	ERCB_TUB_H1	B-cPCA	GSE104954-GPL24120|GSM2811000	MN	ERCB_TUB_H1|GSE104954-GPL24120	0	0.05517456249051547	-0.03390813
TUB	ERCB_TUB_H1	B-cPCA	GSE104954-GPL24120|GSM2811001	LN	ERCB_TUB_H1|GSE104954-GPL24120	0	0.08111039247504223	0.029759586
TUB	ERCB_TUB_H1	B-cPCA	GSE104954-GPL24120|GSM2811002	MN	ERCB_TUB_H1|GSE104954-GPL24120	0	-0.15364925191620718	-0.0008044243
TUB	ERCB_TUB_H1	B-cPCA	GSE104954-GPL24120|GSM2811003	LN	ERCB_TUB_H1|GSE104954-GPL24120	0	-0.2750987198919984	0.03835869
TUB	ERCB_TUB_H1	B-cPCA	GSE104954-GPL24120|GSM2811004	FSGS	ERCB_TUB_H1|GSE104954-GPL24120	0	-0.27899753275854533	0.12306166
TUB	ERCB_TUB_H1	B-cPCA	GSE104954-GPL24120|GSM2811005	LN	ERCB_TUB_H1|GSE104954-GPL24120	0	0.16381434815642057	0.057775736
TUB	ERCB_TUB_H1	B-cPCA	GSE104954-GPL24120|GSM2811006	FSGS	ERCB_TUB_H1|GSE104954-GPL24120	0	-0.21076779705264906	0.019942105
TUB	ERCB_TUB_H1	B-cPCA	GSE104954-GPL24120|GSM2811007	LN	ERCB_TUB_H1|GSE104954-GPL24120	0	-0.47929682916357275	0.10370386
TUB	ERCB_TUB_H1	B-cPCA	GSE104954-GPL24120|GSM2811008	LN	ERCB_TUB_H1|GSE104954-GPL24120	0	-0.47675549790071015	0.059523225
TUB	ERCB_TUB_H1	B-cPCA	GSE104954-GPL24120|GSM2811009	FSGS	ERCB_TUB_H1|GSE104954-GPL24120	0	0.4689471316940348	0.035356283
TUB	ERCB_TUB_H1	B-cPCA	GSE104954-GPL24120|GSM2811010	FSGS	ERCB_TUB_H1|GSE104954-GPL24120	0	-0.04753907692003581	-0.018321276
TUB	ERCB_TUB_H1	B-cPCA	GSE104954-GPL24120|GSM2811011	LN	ERCB_TUB_H1|GSE104954-GPL24120	0	-0.07106175178662125	-0.00026381016
TUB	ERCB_TUB_H1	B-cPCA	GSE104954-GPL24120|GSM2811012	FSGS	ERCB_TUB_H1|GSE104954-GPL24120	0	0.12260400403197044	0.1436702
TUB	ERCB_TUB_H1	B-cPCA	GSE104954-GPL24120|GSM2811013	LN	ERCB_TUB_H1|GSE104954-GPL24120	0	0.033068645509201494	-0.01670152
TUB	ERCB_TUB_H1	B-cPCA	GSE104954-GPL24120|GSM2811014	LN	ERCB_TUB_H1|GSE104954-GPL24120	0	0.19840578086285973	-0.028125226
TUB	ERCB_TUB_H1	B-cPCA	GSE104954-GPL24120|GSM2811015	MN	ERCB_TUB_H1|GSE104954-GPL24120	0	0.29521220803660075	0.010152936
TUB	ERCB_TUB_H1	B-cPCA	GSE104954-GPL24120|GSM2811016	LN	ERCB_TUB_H1|GSE104954-GPL24120	0	-0.30167476044357155	0.07116741
TUB	ERCB_TUB_H1	B-cPCA	GSE104954-GPL24120|GSM2811017	MN	ERCB_TUB_H1|GSE104954-GPL24120	0	-0.2488114905565977	-0.02394563
TUB	ERCB_TUB_H1	B-cPCA	GSE104954-GPL24120|GSM2811018	MN	ERCB_TUB_H1|GSE104954-GPL24120	0	0.12547813120194215	-0.0046593547
TUB	ERCB_TUB_H1	B-cPCA	GSE104954-GPL24120|GSM2811019	MN	ERCB_TUB_H1|GSE104954-GPL24120	0	-0.20375956224728878	0.03607583
TUB	ERCB_TUB_H1	B-cPCA	GSE104954-GPL24120|GSM2811020	LN	ERCB_TUB_H1|GSE104954-GPL24120	0	-0.360269917784669	-0.024546206
TUB	ERCB_TUB_H1	B-cPCA	GSE104954-GPL24120|GSM2811021	LN	ERCB_TUB_H1|GSE104954-GPL24120	0	0.6083700012104698	0.027676284
TUB	ERCB_TUB_H1	B-cPCA	GSE104954-GPL24120|GSM2811022	LN	ERCB_TUB_H1|GSE104954-GPL24120	0	-0.20120080406991284	0.021936178
TUB	ERCB_TUB_H1	B-cPCA	GSE104954-GPL24120|GSM2811023	LN	ERCB_TUB_H1|GSE104954-GPL24120	0	-0.36481687711805477	0.005067587
TUB	ERCB_TUB_H1	B-cPCA	GSE104954-GPL24120|GSM2811024	LN	ERCB_TUB_H1|GSE104954-GPL24120	0	0.52644583849721	-0.03915769
TUB	ERCB_TUB_H1	B-cPCA	GSE104954-GPL24120|GSM2811025	LN	ERCB_TUB_H1|GSE104954-GPL24120	0	-0.272332238460704	0.09268546
TUB	ERCB_TUB_H1	B-L2-unitcenter	GSE104954-GPL24120|GSM2810894	DKD	ERCB_TUB_H1|GSE104954-GPL24120	1	1.5366674333348147	-0.0059981346
TUB	ERCB_TUB_H1	B-L2-unitcenter	GSE104954-GPL24120|GSM2810895	DKD	ERCB_TUB_H1|GSE104954-GPL24120	1	2.387260648495255	0.06584287
TUB	ERCB_TUB_H1	B-L2-unitcenter	GSE104954-GPL24120|GSM2810896	DKD	ERCB_TUB_H1|GSE104954-GPL24120	1	1.5960709527941659	0.026656568
TUB	ERCB_TUB_H1	B-L2-unitcenter	GSE104954-GPL24120|GSM2810897	DKD	ERCB_TUB_H1|GSE104954-GPL24120	1	2.032479027484203	0.0012090802
TUB	ERCB_TUB_H1	B-L2-unitcenter	GSE104954-GPL24120|GSM2810898	DKD	ERCB_TUB_H1|GSE104954-GPL24120	1	2.348018546452514	0.08943194
TUB	ERCB_TUB_H1	B-L2-unitcenter	GSE104954-GPL24120|GSM2810899	DKD	ERCB_TUB_H1|GSE104954-GPL24120	1	1.819303443301072	0.025220692
TUB	ERCB_TUB_H1	B-L2-unitcenter	GSE104954-GPL24120|GSM2810900	DKD	ERCB_TUB_H1|GSE104954-GPL24120	1	2.373311696861245	0.09258008
TUB	ERCB_TUB_H1	B-L2-unitcenter	GSE104954-GPL24120|GSM2810901	DKD	ERCB_TUB_H1|GSE104954-GPL24120	1	2.0421892519564464	-0.014555573
TUB	ERCB_TUB_H1	B-L2-unitcenter	GSE104954-GPL24120|GSM2810902	DKD	ERCB_TUB_H1|GSE104954-GPL24120	1	1.8563717311867252	0.015181959
TUB	ERCB_TUB_H1	B-L2-unitcenter	GSE104954-GPL24120|GSM2810903	DKD	ERCB_TUB_H1|GSE104954-GPL24120	1	1.3936409930145344	0.04092908
TUB	ERCB_TUB_H1	B-L2-unitcenter	GSE104954-GPL24120|GSM2810904	MCD	ERCB_TUB_H1|GSE104954-GPL24120	0	1.2361454604657651	-0.0057017803
TUB	ERCB_TUB_H1	B-L2-unitcenter	GSE104954-GPL24120|GSM2810905	MCD	ERCB_TUB_H1|GSE104954-GPL24120	0	1.2592026918008468	-0.034941852
TUB	ERCB_TUB_H1	B-L2-unitcenter	GSE104954-GPL24120|GSM2810906	MCD	ERCB_TUB_H1|GSE104954-GPL24120	0	0.6666924472587594	0.01649797
TUB	ERCB_TUB_H1	B-L2-unitcenter	GSE104954-GPL24120|GSM2810907	MCD	ERCB_TUB_H1|GSE104954-GPL24120	0	1.0635131421143313	-0.034365118
TUB	ERCB_TUB_H1	B-L2-unitcenter	GSE104954-GPL24120|GSM2810914	HT	ERCB_TUB_H1|GSE104954-GPL24120	0	2.288339180678864	0.040584862
TUB	ERCB_TUB_H1	B-L2-unitcenter	GSE104954-GPL24120|GSM2810915	HT	ERCB_TUB_H1|GSE104954-GPL24120	0	0.6616384243603137	-0.0233953
TUB	ERCB_TUB_H1	B-L2-unitcenter	GSE104954-GPL24120|GSM2810916	HT	ERCB_TUB_H1|GSE104954-GPL24120	0	0.8341449814402067	0.0054519773
TUB	ERCB_TUB_H1	B-L2-unitcenter	GSE104954-GPL24120|GSM2810917	HT	ERCB_TUB_H1|GSE104954-GPL24120	0	1.9112848004539895	-0.03747642
TUB	ERCB_TUB_H1	B-L2-unitcenter	GSE104954-GPL24120|GSM2810918	HT	ERCB_TUB_H1|GSE104954-GPL24120	0	0.8408858340077212	-0.018603146
TUB	ERCB_TUB_H1	B-L2-unitcenter	GSE104954-GPL24120|GSM2810919	HT	ERCB_TUB_H1|GSE104954-GPL24120	0	1.5523769724871563	0.01988089
TUB	ERCB_TUB_H1	B-L2-unitcenter	GSE104954-GPL24120|GSM2810920	HT	ERCB_TUB_H1|GSE104954-GPL24120	0	0.8719226215731299	0.0060124397
TUB	ERCB_TUB_H1	B-L2-unitcenter	GSE104954-GPL24120|GSM2810921	HT	ERCB_TUB_H1|GSE104954-GPL24120	0	1.569085081194153	0.002644837
TUB	ERCB_TUB_H1	B-L2-unitcenter	GSE104954-GPL24120|GSM2810922	HT	ERCB_TUB_H1|GSE104954-GPL24120	0	2.5964371975674028	0.001544416
TUB	ERCB_TUB_H1	B-L2-unitcenter	GSE104954-GPL24120|GSM2810923	HT	ERCB_TUB_H1|GSE104954-GPL24120	0	2.262393185907802	-0.051041424
TUB	ERCB_TUB_H1	B-L2-unitcenter	GSE104954-GPL24120|GSM2810924	HT	ERCB_TUB_H1|GSE104954-GPL24120	0	2.1438725648969252	-0.038968205
TUB	ERCB_TUB_H1	B-L2-unitcenter	GSE104954-GPL24120|GSM2810925	HT	ERCB_TUB_H1|GSE104954-GPL24120	0	1.9058142334085257	0.014612317
TUB	ERCB_TUB_H1	B-L2-unitcenter	GSE104954-GPL24120|GSM2810926	HT	ERCB_TUB_H1|GSE104954-GPL24120	0	3.5081259920605774	0.07263017
TUB	ERCB_TUB_H1	B-L2-unitcenter	GSE104954-GPL24120|GSM2810927	HT	ERCB_TUB_H1|GSE104954-GPL24120	0	0.44375302900955144	-0.06273484
TUB	ERCB_TUB_H1	B-L2-unitcenter	GSE104954-GPL24120|GSM2810928	HT	ERCB_TUB_H1|GSE104954-GPL24120	0	1.5774214913755005	-0.004752934
TUB	ERCB_TUB_H1	B-L2-unitcenter	GSE104954-GPL24120|GSM2810929	HT	ERCB_TUB_H1|GSE104954-GPL24120	0	1.8557448380047	-0.026722848
TUB	ERCB_TUB_H1	B-L2-unitcenter	GSE104954-GPL24120|GSM2810930	HT	ERCB_TUB_H1|GSE104954-GPL24120	0	0.3767308922353057	0.07358873
TUB	ERCB_TUB_H1	B-L2-unitcenter	GSE104954-GPL24120|GSM2810931	HT	ERCB_TUB_H1|GSE104954-GPL24120	0	1.938455484204459	-0.057778776
TUB	ERCB_TUB_H1	B-L2-unitcenter	GSE104954-GPL24120|GSM2810932	HT	ERCB_TUB_H1|GSE104954-GPL24120	0	1.9092466955769316	-0.031873763
TUB	ERCB_TUB_H1	B-L2-unitcenter	GSE104954-GPL24120|GSM2810933	HT	ERCB_TUB_H1|GSE104954-GPL24120	0	1.421898107851538	0.011760831
TUB	ERCB_TUB_H1	B-L2-unitcenter	GSE104954-GPL24120|GSM2810934	MCD	ERCB_TUB_H1|GSE104954-GPL24120	0	1.4007078683794965	0.024061978
TUB	ERCB_TUB_H1	B-L2-unitcenter	GSE104954-GPL24120|GSM2810935	MCD	ERCB_TUB_H1|GSE104954-GPL24120	0	0.9223523202102051	-0.029089987
TUB	ERCB_TUB_H1	B-L2-unitcenter	GSE104954-GPL24120|GSM2810936	MCD	ERCB_TUB_H1|GSE104954-GPL24120	0	2.403852233097214	0.012542129
TUB	ERCB_TUB_H1	B-L2-unitcenter	GSE104954-GPL24120|GSM2810937	MCD	ERCB_TUB_H1|GSE104954-GPL24120	0	1.8067431942615402	-0.025936961
TUB	ERCB_TUB_H1	B-L2-unitcenter	GSE104954-GPL24120|GSM2810938	MCD	ERCB_TUB_H1|GSE104954-GPL24120	0	1.6962345515792019	0.0129419565
TUB	ERCB_TUB_H1	B-L2-unitcenter	GSE104954-GPL24120|GSM2810941	IgAN	ERCB_TUB_H1|GSE104954-GPL24120	0	1.350966995812719	-0.023388445
TUB	ERCB_TUB_H1	B-L2-unitcenter	GSE104954-GPL24120|GSM2810942	IgAN	ERCB_TUB_H1|GSE104954-GPL24120	0	1.390839278876714	-0.019173384
TUB	ERCB_TUB_H1	B-L2-unitcenter	GSE104954-GPL24120|GSM2810943	IgAN	ERCB_TUB_H1|GSE104954-GPL24120	0	1.0631102137514445	-0.039647758
TUB	ERCB_TUB_H1	B-L2-unitcenter	GSE104954-GPL24120|GSM2810944	IgAN	ERCB_TUB_H1|GSE104954-GPL24120	0	1.1720627296055497	0.07920247
TUB	ERCB_TUB_H1	B-L2-unitcenter	GSE104954-GPL24120|GSM2810945	IgAN	ERCB_TUB_H1|GSE104954-GPL24120	0	1.0116606897174907	0.016399026
TUB	ERCB_TUB_H1	B-L2-unitcenter	GSE104954-GPL24120|GSM2810946	IgAN	ERCB_TUB_H1|GSE104954-GPL24120	0	2.1927603354122556	0.0008201003
TUB	ERCB_TUB_H1	B-L2-unitcenter	GSE104954-GPL24120|GSM2810947	IgAN	ERCB_TUB_H1|GSE104954-GPL24120	0	2.6150671600274973	0.055944264
TUB	ERCB_TUB_H1	B-L2-unitcenter	GSE104954-GPL24120|GSM2810948	IgAN	ERCB_TUB_H1|GSE104954-GPL24120	0	0.37486491683519535	0.08834809
TUB	ERCB_TUB_H1	B-L2-unitcenter	GSE104954-GPL24120|GSM2810949	IgAN	ERCB_TUB_H1|GSE104954-GPL24120	0	2.1973805935506134	-0.009414315
TUB	ERCB_TUB_H1	B-L2-unitcenter	GSE104954-GPL24120|GSM2810950	IgAN	ERCB_TUB_H1|GSE104954-GPL24120	0	1.564055390357364	-0.039686084
TUB	ERCB_TUB_H1	B-L2-unitcenter	GSE104954-GPL24120|GSM2810951	IgAN	ERCB_TUB_H1|GSE104954-GPL24120	0	2.448725616887068	0.012003362
TUB	ERCB_TUB_H1	B-L2-unitcenter	GSE104954-GPL24120|GSM2810952	IgAN	ERCB_TUB_H1|GSE104954-GPL24120	0	2.3107873787376363	0.09571791
TUB	ERCB_TUB_H1	B-L2-unitcenter	GSE104954-GPL24120|GSM2810953	IgAN	ERCB_TUB_H1|GSE104954-GPL24120	0	1.6456085769637885	-0.03116715
TUB	ERCB_TUB_H1	B-L2-unitcenter	GSE104954-GPL24120|GSM2810954	IgAN	ERCB_TUB_H1|GSE104954-GPL24120	0	2.5530089204873185	-0.029975355
TUB	ERCB_TUB_H1	B-L2-unitcenter	GSE104954-GPL24120|GSM2810955	IgAN	ERCB_TUB_H1|GSE104954-GPL24120	0	0.34311283373841556	0.023910344
TUB	ERCB_TUB_H1	B-L2-unitcenter	GSE104954-GPL24120|GSM2810956	IgAN	ERCB_TUB_H1|GSE104954-GPL24120	0	2.3217007587992247	0.06403273
TUB	ERCB_TUB_H1	B-L2-unitcenter	GSE104954-GPL24120|GSM2810957	IgAN	ERCB_TUB_H1|GSE104954-GPL24120	0	1.7747688511332886	0.0009830594
TUB	ERCB_TUB_H1	B-L2-unitcenter	GSE104954-GPL24120|GSM2810958	IgAN	ERCB_TUB_H1|GSE104954-GPL24120	0	1.1934811654674111	0.03145331
TUB	ERCB_TUB_H1	B-L2-unitcenter	GSE104954-GPL24120|GSM2810959	IgAN	ERCB_TUB_H1|GSE104954-GPL24120	0	1.524842743264818	0.056163847
TUB	ERCB_TUB_H1	B-L2-unitcenter	GSE104954-GPL24120|GSM2810960	IgAN	ERCB_TUB_H1|GSE104954-GPL24120	0	1.520189763949054	-0.01691401
TUB	ERCB_TUB_H1	B-L2-unitcenter	GSE104954-GPL24120|GSM2810961	IgAN	ERCB_TUB_H1|GSE104954-GPL24120	0	1.3711966909086843	0.014970243
TUB	ERCB_TUB_H1	B-L2-unitcenter	GSE104954-GPL24120|GSM2810962	IgAN	ERCB_TUB_H1|GSE104954-GPL24120	0	2.049549752680146	0.019029617
TUB	ERCB_TUB_H1	B-L2-unitcenter	GSE104954-GPL24120|GSM2810963	IgAN	ERCB_TUB_H1|GSE104954-GPL24120	0	1.8738543111113768	-0.035069823
TUB	ERCB_TUB_H1	B-L2-unitcenter	GSE104954-GPL24120|GSM2810964	IgAN	ERCB_TUB_H1|GSE104954-GPL24120	0	1.4769474541831666	0.003359735
TUB	ERCB_TUB_H1	B-L2-unitcenter	GSE104954-GPL24120|GSM2810965	IgAN	ERCB_TUB_H1|GSE104954-GPL24120	0	1.0899228690098268	0.083999634
TUB	ERCB_TUB_H1	B-L2-unitcenter	GSE104954-GPL24120|GSM2810966	LN	ERCB_TUB_H1|GSE104954-GPL24120	0	1.8143942062590988	0.024276316
TUB	ERCB_TUB_H1	B-L2-unitcenter	GSE104954-GPL24120|GSM2810967	LN	ERCB_TUB_H1|GSE104954-GPL24120	0	1.3501644796011885	-0.0040518045
TUB	ERCB_TUB_H1	B-L2-unitcenter	GSE104954-GPL24120|GSM2810968	MN	ERCB_TUB_H1|GSE104954-GPL24120	0	2.1500025417512783	-0.024818659
TUB	ERCB_TUB_H1	B-L2-unitcenter	GSE104954-GPL24120|GSM2810969	LN	ERCB_TUB_H1|GSE104954-GPL24120	0	1.3909191229927669	-0.026655257
TUB	ERCB_TUB_H1	B-L2-unitcenter	GSE104954-GPL24120|GSM2810970	LN	ERCB_TUB_H1|GSE104954-GPL24120	0	1.4022957011864223	-0.04963219
TUB	ERCB_TUB_H1	B-L2-unitcenter	GSE104954-GPL24120|GSM2810971	LN	ERCB_TUB_H1|GSE104954-GPL24120	0	1.8906877770321806	0.031030476
TUB	ERCB_TUB_H1	B-L2-unitcenter	GSE104954-GPL24120|GSM2810972	LN	ERCB_TUB_H1|GSE104954-GPL24120	0	1.6207787535393008	-0.008439541
TUB	ERCB_TUB_H1	B-L2-unitcenter	GSE104954-GPL24120|GSM2810973	LN	ERCB_TUB_H1|GSE104954-GPL24120	0	1.701560145572505	0.13904405
TUB	ERCB_TUB_H1	B-L2-unitcenter	GSE104954-GPL24120|GSM2810974	LN	ERCB_TUB_H1|GSE104954-GPL24120	0	2.085605213704232	0.021321058
TUB	ERCB_TUB_H1	B-L2-unitcenter	GSE104954-GPL24120|GSM2810975	LN	ERCB_TUB_H1|GSE104954-GPL24120	0	1.3870468255503774	0.046819806
TUB	ERCB_TUB_H1	B-L2-unitcenter	GSE104954-GPL24120|GSM2810976	LN	ERCB_TUB_H1|GSE104954-GPL24120	0	2.082056679159109	0.031039715
TUB	ERCB_TUB_H1	B-L2-unitcenter	GSE104954-GPL24120|GSM2810977	LN	ERCB_TUB_H1|GSE104954-GPL24120	0	0.926195468630084	0.06437367
TUB	ERCB_TUB_H1	B-L2-unitcenter	GSE104954-GPL24120|GSM2810978	LN	ERCB_TUB_H1|GSE104954-GPL24120	0	2.4220562694259957	0.007895172
TUB	ERCB_TUB_H1	B-L2-unitcenter	GSE104954-GPL24120|GSM2810979	LN	ERCB_TUB_H1|GSE104954-GPL24120	0	1.261553844138762	-0.026821434
TUB	ERCB_TUB_H1	B-L2-unitcenter	GSE104954-GPL24120|GSM2810980	MN	ERCB_TUB_H1|GSE104954-GPL24120	0	1.5445901993694187	0.012712002
TUB	ERCB_TUB_H1	B-L2-unitcenter	GSE104954-GPL24120|GSM2810981	MN	ERCB_TUB_H1|GSE104954-GPL24120	0	2.042499773814366	0.01675123
TUB	ERCB_TUB_H1	B-L2-unitcenter	GSE104954-GPL24120|GSM2810982	MN	ERCB_TUB_H1|GSE104954-GPL24120	0	2.687246907936422	0.033050478
TUB	ERCB_TUB_H1	B-L2-unitcenter	GSE104954-GPL24120|GSM2810983	LN	ERCB_TUB_H1|GSE104954-GPL24120	0	1.1865364126555509	0.004441917
TUB	ERCB_TUB_H1	B-L2-unitcenter	GSE104954-GPL24120|GSM2810984	LN	ERCB_TUB_H1|GSE104954-GPL24120	0	2.158067745306151	0.037686527
TUB	ERCB_TUB_H1	B-L2-unitcenter	GSE104954-GPL24120|GSM2810985	FSGS	ERCB_TUB_H1|GSE104954-GPL24120	0	2.8082977762592884	0.06351787
TUB	ERCB_TUB_H1	B-L2-unitcenter	GSE104954-GPL24120|GSM2810986	MN	ERCB_TUB_H1|GSE104954-GPL24120	0	0.7516581895633856	0.050802946
TUB	ERCB_TUB_H1	B-L2-unitcenter	GSE104954-GPL24120|GSM2810987	MN	ERCB_TUB_H1|GSE104954-GPL24120	0	2.8583955163384798	0.031277955
TUB	ERCB_TUB_H1	B-L2-unitcenter	GSE104954-GPL24120|GSM2810988	LN	ERCB_TUB_H1|GSE104954-GPL24120	0	1.427453348945273	-0.079808116
TUB	ERCB_TUB_H1	B-L2-unitcenter	GSE104954-GPL24120|GSM2810989	MN	ERCB_TUB_H1|GSE104954-GPL24120	0	2.3007047181294733	0.006500542
TUB	ERCB_TUB_H1	B-L2-unitcenter	GSE104954-GPL24120|GSM2810990	MN	ERCB_TUB_H1|GSE104954-GPL24120	0	1.9146922494037022	-0.03774333
TUB	ERCB_TUB_H1	B-L2-unitcenter	GSE104954-GPL24120|GSM2810991	FSGS	ERCB_TUB_H1|GSE104954-GPL24120	0	1.5661688118953836	-0.02485466
TUB	ERCB_TUB_H1	B-L2-unitcenter	GSE104954-GPL24120|GSM2810992	FSGS	ERCB_TUB_H1|GSE104954-GPL24120	0	2.4523013502162865	-0.041499853
TUB	ERCB_TUB_H1	B-L2-unitcenter	GSE104954-GPL24120|GSM2810993	FSGS	ERCB_TUB_H1|GSE104954-GPL24120	0	2.4750093583342343	-0.0051892996
TUB	ERCB_TUB_H1	B-L2-unitcenter	GSE104954-GPL24120|GSM2810994	LN	ERCB_TUB_H1|GSE104954-GPL24120	0	0.9813759212276545	-0.010384679
TUB	ERCB_TUB_H1	B-L2-unitcenter	GSE104954-GPL24120|GSM2810995	MN	ERCB_TUB_H1|GSE104954-GPL24120	0	2.408480504865803	0.009224296
TUB	ERCB_TUB_H1	B-L2-unitcenter	GSE104954-GPL24120|GSM2810996	MN	ERCB_TUB_H1|GSE104954-GPL24120	0	2.3692179994845333	0.014390528
TUB	ERCB_TUB_H1	B-L2-unitcenter	GSE104954-GPL24120|GSM2810997	FSGS	ERCB_TUB_H1|GSE104954-GPL24120	0	0.9750242162764917	0.03697318
TUB	ERCB_TUB_H1	B-L2-unitcenter	GSE104954-GPL24120|GSM2810998	MN	ERCB_TUB_H1|GSE104954-GPL24120	0	1.5537276200287473	0.047750413
TUB	ERCB_TUB_H1	B-L2-unitcenter	GSE104954-GPL24120|GSM2810999	MN	ERCB_TUB_H1|GSE104954-GPL24120	0	1.523910658706136	-0.011779308
TUB	ERCB_TUB_H1	B-L2-unitcenter	GSE104954-GPL24120|GSM2811000	MN	ERCB_TUB_H1|GSE104954-GPL24120	0	1.8451464002965832	-0.03390813
TUB	ERCB_TUB_H1	B-L2-unitcenter	GSE104954-GPL24120|GSM2811001	LN	ERCB_TUB_H1|GSE104954-GPL24120	0	2.029174440820781	0.029759586
TUB	ERCB_TUB_H1	B-L2-unitcenter	GSE104954-GPL24120|GSM2811002	MN	ERCB_TUB_H1|GSE104954-GPL24120	0	1.4024355008816292	-0.0008044243
TUB	ERCB_TUB_H1	B-L2-unitcenter	GSE104954-GPL24120|GSM2811003	LN	ERCB_TUB_H1|GSE104954-GPL24120	0	1.136426712425631	0.03835869
TUB	ERCB_TUB_H1	B-L2-unitcenter	GSE104954-GPL24120|GSM2811004	FSGS	ERCB_TUB_H1|GSE104954-GPL24120	0	1.3187022658936478	0.12306166
TUB	ERCB_TUB_H1	B-L2-unitcenter	GSE104954-GPL24120|GSM2811005	LN	ERCB_TUB_H1|GSE104954-GPL24120	0	2.1363580684068757	0.057775736
TUB	ERCB_TUB_H1	B-L2-unitcenter	GSE104954-GPL24120|GSM2811006	FSGS	ERCB_TUB_H1|GSE104954-GPL24120	0	0.96043393769434	0.019942105
TUB	ERCB_TUB_H1	B-L2-unitcenter	GSE104954-GPL24120|GSM2811007	LN	ERCB_TUB_H1|GSE104954-GPL24120	0	0.8599481875164114	0.10370386
TUB	ERCB_TUB_H1	B-L2-unitcenter	GSE104954-GPL24120|GSM2811008	LN	ERCB_TUB_H1|GSE104954-GPL24120	0	0.4634616826906102	0.059523225
TUB	ERCB_TUB_H1	B-L2-unitcenter	GSE104954-GPL24120|GSM2811009	FSGS	ERCB_TUB_H1|GSE104954-GPL24120	0	2.0026319422227403	0.035356283
TUB	ERCB_TUB_H1	B-L2-unitcenter	GSE104954-GPL24120|GSM2811010	FSGS	ERCB_TUB_H1|GSE104954-GPL24120	0	1.14442806276125	-0.018321276
TUB	ERCB_TUB_H1	B-L2-unitcenter	GSE104954-GPL24120|GSM2811011	LN	ERCB_TUB_H1|GSE104954-GPL24120	0	1.692741513997023	-0.00026381016
TUB	ERCB_TUB_H1	B-L2-unitcenter	GSE104954-GPL24120|GSM2811012	FSGS	ERCB_TUB_H1|GSE104954-GPL24120	0	2.229500842531592	0.1436702
TUB	ERCB_TUB_H1	B-L2-unitcenter	GSE104954-GPL24120|GSM2811013	LN	ERCB_TUB_H1|GSE104954-GPL24120	0	1.803036920691719	-0.01670152
TUB	ERCB_TUB_H1	B-L2-unitcenter	GSE104954-GPL24120|GSM2811014	LN	ERCB_TUB_H1|GSE104954-GPL24120	0	2.0014363790569973	-0.028125226
TUB	ERCB_TUB_H1	B-L2-unitcenter	GSE104954-GPL24120|GSM2811015	MN	ERCB_TUB_H1|GSE104954-GPL24120	0	2.6540260602819	0.010152936
TUB	ERCB_TUB_H1	B-L2-unitcenter	GSE104954-GPL24120|GSM2811016	LN	ERCB_TUB_H1|GSE104954-GPL24120	0	1.1135944501247161	0.07116741
TUB	ERCB_TUB_H1	B-L2-unitcenter	GSE104954-GPL24120|GSM2811017	MN	ERCB_TUB_H1|GSE104954-GPL24120	0	0.9009970657447146	-0.02394563
TUB	ERCB_TUB_H1	B-L2-unitcenter	GSE104954-GPL24120|GSM2811018	MN	ERCB_TUB_H1|GSE104954-GPL24120	0	2.1670698895417613	-0.0046593547
TUB	ERCB_TUB_H1	B-L2-unitcenter	GSE104954-GPL24120|GSM2811019	MN	ERCB_TUB_H1|GSE104954-GPL24120	0	1.2942643190858814	0.03607583
TUB	ERCB_TUB_H1	B-L2-unitcenter	GSE104954-GPL24120|GSM2811020	LN	ERCB_TUB_H1|GSE104954-GPL24120	0	0.5817327477703103	-0.024546206
TUB	ERCB_TUB_H1	B-L2-unitcenter	GSE104954-GPL24120|GSM2811021	LN	ERCB_TUB_H1|GSE104954-GPL24120	0	1.8817571964570972	0.027676284
TUB	ERCB_TUB_H1	B-L2-unitcenter	GSE104954-GPL24120|GSM2811022	LN	ERCB_TUB_H1|GSE104954-GPL24120	0	1.2651123547752245	0.021936178
TUB	ERCB_TUB_H1	B-L2-unitcenter	GSE104954-GPL24120|GSM2811023	LN	ERCB_TUB_H1|GSE104954-GPL24120	0	0.8369977838242959	0.005067587
TUB	ERCB_TUB_H1	B-L2-unitcenter	GSE104954-GPL24120|GSM2811024	LN	ERCB_TUB_H1|GSE104954-GPL24120	0	1.3740062118265444	-0.03915769
TUB	ERCB_TUB_H1	B-L2-unitcenter	GSE104954-GPL24120|GSM2811025	LN	ERCB_TUB_H1|GSE104954-GPL24120	0	0.2087183600544062	0.09268546
TUB	ERCB_TUB_H1	B-injury	GSE104954-GPL24120|GSM2810894	DKD	ERCB_TUB_H1|GSE104954-GPL24120	1	-0.005998134613037109	-0.0059981346
TUB	ERCB_TUB_H1	B-injury	GSE104954-GPL24120|GSM2810895	DKD	ERCB_TUB_H1|GSE104954-GPL24120	1	0.06584286689758301	0.06584287
TUB	ERCB_TUB_H1	B-injury	GSE104954-GPL24120|GSM2810896	DKD	ERCB_TUB_H1|GSE104954-GPL24120	1	0.02665656805038452	0.026656568
TUB	ERCB_TUB_H1	B-injury	GSE104954-GPL24120|GSM2810897	DKD	ERCB_TUB_H1|GSE104954-GPL24120	1	0.0012090802192687988	0.0012090802
TUB	ERCB_TUB_H1	B-injury	GSE104954-GPL24120|GSM2810898	DKD	ERCB_TUB_H1|GSE104954-GPL24120	1	0.08943194150924683	0.08943194
TUB	ERCB_TUB_H1	B-injury	GSE104954-GPL24120|GSM2810899	DKD	ERCB_TUB_H1|GSE104954-GPL24120	1	0.02522069215774536	0.025220692
TUB	ERCB_TUB_H1	B-injury	GSE104954-GPL24120|GSM2810900	DKD	ERCB_TUB_H1|GSE104954-GPL24120	1	0.09258008003234863	0.09258008
TUB	ERCB_TUB_H1	B-injury	GSE104954-GPL24120|GSM2810901	DKD	ERCB_TUB_H1|GSE104954-GPL24120	1	-0.014555573463439941	-0.014555573
TUB	ERCB_TUB_H1	B-injury	GSE104954-GPL24120|GSM2810902	DKD	ERCB_TUB_H1|GSE104954-GPL24120	1	0.015181958675384521	0.015181959
TUB	ERCB_TUB_H1	B-injury	GSE104954-GPL24120|GSM2810903	DKD	ERCB_TUB_H1|GSE104954-GPL24120	1	0.04092907905578613	0.04092908
TUB	ERCB_TUB_H1	B-injury	GSE104954-GPL24120|GSM2810904	MCD	ERCB_TUB_H1|GSE104954-GPL24120	0	-0.005701780319213867	-0.0057017803
TUB	ERCB_TUB_H1	B-injury	GSE104954-GPL24120|GSM2810905	MCD	ERCB_TUB_H1|GSE104954-GPL24120	0	-0.03494185209274292	-0.034941852
TUB	ERCB_TUB_H1	B-injury	GSE104954-GPL24120|GSM2810906	MCD	ERCB_TUB_H1|GSE104954-GPL24120	0	0.01649796962738037	0.01649797
TUB	ERCB_TUB_H1	B-injury	GSE104954-GPL24120|GSM2810907	MCD	ERCB_TUB_H1|GSE104954-GPL24120	0	-0.03436511754989624	-0.034365118
TUB	ERCB_TUB_H1	B-injury	GSE104954-GPL24120|GSM2810914	HT	ERCB_TUB_H1|GSE104954-GPL24120	0	0.04058486223220825	0.040584862
TUB	ERCB_TUB_H1	B-injury	GSE104954-GPL24120|GSM2810915	HT	ERCB_TUB_H1|GSE104954-GPL24120	0	-0.023395299911499023	-0.0233953
TUB	ERCB_TUB_H1	B-injury	GSE104954-GPL24120|GSM2810916	HT	ERCB_TUB_H1|GSE104954-GPL24120	0	0.005451977252960205	0.0054519773
TUB	ERCB_TUB_H1	B-injury	GSE104954-GPL24120|GSM2810917	HT	ERCB_TUB_H1|GSE104954-GPL24120	0	-0.037476420402526855	-0.03747642
TUB	ERCB_TUB_H1	B-injury	GSE104954-GPL24120|GSM2810918	HT	ERCB_TUB_H1|GSE104954-GPL24120	0	-0.018603146076202393	-0.018603146
TUB	ERCB_TUB_H1	B-injury	GSE104954-GPL24120|GSM2810919	HT	ERCB_TUB_H1|GSE104954-GPL24120	0	0.01988089084625244	0.01988089
TUB	ERCB_TUB_H1	B-injury	GSE104954-GPL24120|GSM2810920	HT	ERCB_TUB_H1|GSE104954-GPL24120	0	0.006012439727783203	0.0060124397
TUB	ERCB_TUB_H1	B-injury	GSE104954-GPL24120|GSM2810921	HT	ERCB_TUB_H1|GSE104954-GPL24120	0	0.002644836902618408	0.002644837
TUB	ERCB_TUB_H1	B-injury	GSE104954-GPL24120|GSM2810922	HT	ERCB_TUB_H1|GSE104954-GPL24120	0	0.0015444159507751465	0.001544416
TUB	ERCB_TUB_H1	B-injury	GSE104954-GPL24120|GSM2810923	HT	ERCB_TUB_H1|GSE104954-GPL24120	0	-0.05104142427444458	-0.051041424
TUB	ERCB_TUB_H1	B-injury	GSE104954-GPL24120|GSM2810924	HT	ERCB_TUB_H1|GSE104954-GPL24120	0	-0.03896820545196533	-0.038968205
TUB	ERCB_TUB_H1	B-injury	GSE104954-GPL24120|GSM2810925	HT	ERCB_TUB_H1|GSE104954-GPL24120	0	0.014612317085266113	0.014612317
TUB	ERCB_TUB_H1	B-injury	GSE104954-GPL24120|GSM2810926	HT	ERCB_TUB_H1|GSE104954-GPL24120	0	0.07263016700744629	0.07263017
TUB	ERCB_TUB_H1	B-injury	GSE104954-GPL24120|GSM2810927	HT	ERCB_TUB_H1|GSE104954-GPL24120	0	-0.06273484230041504	-0.06273484
TUB	ERCB_TUB_H1	B-injury	GSE104954-GPL24120|GSM2810928	HT	ERCB_TUB_H1|GSE104954-GPL24120	0	-0.004752933979034424	-0.004752934
TUB	ERCB_TUB_H1	B-injury	GSE104954-GPL24120|GSM2810929	HT	ERCB_TUB_H1|GSE104954-GPL24120	0	-0.026722848415374756	-0.026722848
TUB	ERCB_TUB_H1	B-injury	GSE104954-GPL24120|GSM2810930	HT	ERCB_TUB_H1|GSE104954-GPL24120	0	0.07358872890472412	0.07358873
TUB	ERCB_TUB_H1	B-injury	GSE104954-GPL24120|GSM2810931	HT	ERCB_TUB_H1|GSE104954-GPL24120	0	-0.057778775691986084	-0.057778776
TUB	ERCB_TUB_H1	B-injury	GSE104954-GPL24120|GSM2810932	HT	ERCB_TUB_H1|GSE104954-GPL24120	0	-0.03187376260757446	-0.031873763
TUB	ERCB_TUB_H1	B-injury	GSE104954-GPL24120|GSM2810933	HT	ERCB_TUB_H1|GSE104954-GPL24120	0	0.011760830879211426	0.011760831
TUB	ERCB_TUB_H1	B-injury	GSE104954-GPL24120|GSM2810934	MCD	ERCB_TUB_H1|GSE104954-GPL24120	0	0.024061977863311768	0.024061978
TUB	ERCB_TUB_H1	B-injury	GSE104954-GPL24120|GSM2810935	MCD	ERCB_TUB_H1|GSE104954-GPL24120	0	-0.02908998727798462	-0.029089987
TUB	ERCB_TUB_H1	B-injury	GSE104954-GPL24120|GSM2810936	MCD	ERCB_TUB_H1|GSE104954-GPL24120	0	0.012542128562927246	0.012542129
TUB	ERCB_TUB_H1	B-injury	GSE104954-GPL24120|GSM2810937	MCD	ERCB_TUB_H1|GSE104954-GPL24120	0	-0.02593696117401123	-0.025936961
TUB	ERCB_TUB_H1	B-injury	GSE104954-GPL24120|GSM2810938	MCD	ERCB_TUB_H1|GSE104954-GPL24120	0	0.012941956520080566	0.0129419565
TUB	ERCB_TUB_H1	B-injury	GSE104954-GPL24120|GSM2810941	IgAN	ERCB_TUB_H1|GSE104954-GPL24120	0	-0.023388445377349854	-0.023388445
TUB	ERCB_TUB_H1	B-injury	GSE104954-GPL24120|GSM2810942	IgAN	ERCB_TUB_H1|GSE104954-GPL24120	0	-0.019173383712768555	-0.019173384
TUB	ERCB_TUB_H1	B-injury	GSE104954-GPL24120|GSM2810943	IgAN	ERCB_TUB_H1|GSE104954-GPL24120	0	-0.03964775800704956	-0.039647758
TUB	ERCB_TUB_H1	B-injury	GSE104954-GPL24120|GSM2810944	IgAN	ERCB_TUB_H1|GSE104954-GPL24120	0	0.07920247316360474	0.07920247
TUB	ERCB_TUB_H1	B-injury	GSE104954-GPL24120|GSM2810945	IgAN	ERCB_TUB_H1|GSE104954-GPL24120	0	0.016399025917053223	0.016399026
TUB	ERCB_TUB_H1	B-injury	GSE104954-GPL24120|GSM2810946	IgAN	ERCB_TUB_H1|GSE104954-GPL24120	0	0.0008201003074645996	0.0008201003
TUB	ERCB_TUB_H1	B-injury	GSE104954-GPL24120|GSM2810947	IgAN	ERCB_TUB_H1|GSE104954-GPL24120	0	0.05594426393508911	0.055944264
TUB	ERCB_TUB_H1	B-injury	GSE104954-GPL24120|GSM2810948	IgAN	ERCB_TUB_H1|GSE104954-GPL24120	0	0.08834809064865112	0.08834809
TUB	ERCB_TUB_H1	B-injury	GSE104954-GPL24120|GSM2810949	IgAN	ERCB_TUB_H1|GSE104954-GPL24120	0	-0.009414315223693848	-0.009414315
TUB	ERCB_TUB_H1	B-injury	GSE104954-GPL24120|GSM2810950	IgAN	ERCB_TUB_H1|GSE104954-GPL24120	0	-0.03968608379364014	-0.039686084
TUB	ERCB_TUB_H1	B-injury	GSE104954-GPL24120|GSM2810951	IgAN	ERCB_TUB_H1|GSE104954-GPL24120	0	0.01200336217880249	0.012003362
TUB	ERCB_TUB_H1	B-injury	GSE104954-GPL24120|GSM2810952	IgAN	ERCB_TUB_H1|GSE104954-GPL24120	0	0.0957179069519043	0.09571791
TUB	ERCB_TUB_H1	B-injury	GSE104954-GPL24120|GSM2810953	IgAN	ERCB_TUB_H1|GSE104954-GPL24120	0	-0.031167149543762207	-0.03116715
TUB	ERCB_TUB_H1	B-injury	GSE104954-GPL24120|GSM2810954	IgAN	ERCB_TUB_H1|GSE104954-GPL24120	0	-0.02997535467147827	-0.029975355
TUB	ERCB_TUB_H1	B-injury	GSE104954-GPL24120|GSM2810955	IgAN	ERCB_TUB_H1|GSE104954-GPL24120	0	0.023910343647003174	0.023910344
TUB	ERCB_TUB_H1	B-injury	GSE104954-GPL24120|GSM2810956	IgAN	ERCB_TUB_H1|GSE104954-GPL24120	0	0.06403273344039917	0.06403273
TUB	ERCB_TUB_H1	B-injury	GSE104954-GPL24120|GSM2810957	IgAN	ERCB_TUB_H1|GSE104954-GPL24120	0	0.0009830594062805176	0.0009830594
TUB	ERCB_TUB_H1	B-injury	GSE104954-GPL24120|GSM2810958	IgAN	ERCB_TUB_H1|GSE104954-GPL24120	0	0.03145331144332886	0.03145331
TUB	ERCB_TUB_H1	B-injury	GSE104954-GPL24120|GSM2810959	IgAN	ERCB_TUB_H1|GSE104954-GPL24120	0	0.05616384744644165	0.056163847
TUB	ERCB_TUB_H1	B-injury	GSE104954-GPL24120|GSM2810960	IgAN	ERCB_TUB_H1|GSE104954-GPL24120	0	-0.016914010047912598	-0.01691401
TUB	ERCB_TUB_H1	B-injury	GSE104954-GPL24120|GSM2810961	IgAN	ERCB_TUB_H1|GSE104954-GPL24120	0	0.014970242977142334	0.014970243
TUB	ERCB_TUB_H1	B-injury	GSE104954-GPL24120|GSM2810962	IgAN	ERCB_TUB_H1|GSE104954-GPL24120	0	0.019029617309570312	0.019029617
TUB	ERCB_TUB_H1	B-injury	GSE104954-GPL24120|GSM2810963	IgAN	ERCB_TUB_H1|GSE104954-GPL24120	0	-0.035069823265075684	-0.035069823
TUB	ERCB_TUB_H1	B-injury	GSE104954-GPL24120|GSM2810964	IgAN	ERCB_TUB_H1|GSE104954-GPL24120	0	0.0033597350120544434	0.003359735
TUB	ERCB_TUB_H1	B-injury	GSE104954-GPL24120|GSM2810965	IgAN	ERCB_TUB_H1|GSE104954-GPL24120	0	0.0839996337890625	0.083999634
TUB	ERCB_TUB_H1	B-injury	GSE104954-GPL24120|GSM2810966	LN	ERCB_TUB_H1|GSE104954-GPL24120	0	0.024276316165924072	0.024276316
TUB	ERCB_TUB_H1	B-injury	GSE104954-GPL24120|GSM2810967	LN	ERCB_TUB_H1|GSE104954-GPL24120	0	-0.004051804542541504	-0.0040518045
TUB	ERCB_TUB_H1	B-injury	GSE104954-GPL24120|GSM2810968	MN	ERCB_TUB_H1|GSE104954-GPL24120	0	-0.02481865882873535	-0.024818659
TUB	ERCB_TUB_H1	B-injury	GSE104954-GPL24120|GSM2810969	LN	ERCB_TUB_H1|GSE104954-GPL24120	0	-0.026655256748199463	-0.026655257
TUB	ERCB_TUB_H1	B-injury	GSE104954-GPL24120|GSM2810970	LN	ERCB_TUB_H1|GSE104954-GPL24120	0	-0.04963219165802002	-0.04963219
TUB	ERCB_TUB_H1	B-injury	GSE104954-GPL24120|GSM2810971	LN	ERCB_TUB_H1|GSE104954-GPL24120	0	0.031030476093292236	0.031030476
TUB	ERCB_TUB_H1	B-injury	GSE104954-GPL24120|GSM2810972	LN	ERCB_TUB_H1|GSE104954-GPL24120	0	-0.00843954086303711	-0.008439541
TUB	ERCB_TUB_H1	B-injury	GSE104954-GPL24120|GSM2810973	LN	ERCB_TUB_H1|GSE104954-GPL24120	0	0.13904404640197754	0.13904405
TUB	ERCB_TUB_H1	B-injury	GSE104954-GPL24120|GSM2810974	LN	ERCB_TUB_H1|GSE104954-GPL24120	0	0.02132105827331543	0.021321058
TUB	ERCB_TUB_H1	B-injury	GSE104954-GPL24120|GSM2810975	LN	ERCB_TUB_H1|GSE104954-GPL24120	0	0.04681980609893799	0.046819806
TUB	ERCB_TUB_H1	B-injury	GSE104954-GPL24120|GSM2810976	LN	ERCB_TUB_H1|GSE104954-GPL24120	0	0.031039714813232422	0.031039715
TUB	ERCB_TUB_H1	B-injury	GSE104954-GPL24120|GSM2810977	LN	ERCB_TUB_H1|GSE104954-GPL24120	0	0.0643736720085144	0.06437367
TUB	ERCB_TUB_H1	B-injury	GSE104954-GPL24120|GSM2810978	LN	ERCB_TUB_H1|GSE104954-GPL24120	0	0.007895171642303467	0.007895172
TUB	ERCB_TUB_H1	B-injury	GSE104954-GPL24120|GSM2810979	LN	ERCB_TUB_H1|GSE104954-GPL24120	0	-0.026821434497833252	-0.026821434
TUB	ERCB_TUB_H1	B-injury	GSE104954-GPL24120|GSM2810980	MN	ERCB_TUB_H1|GSE104954-GPL24120	0	0.01271200180053711	0.012712002
TUB	ERCB_TUB_H1	B-injury	GSE104954-GPL24120|GSM2810981	MN	ERCB_TUB_H1|GSE104954-GPL24120	0	0.016751229763031006	0.01675123
TUB	ERCB_TUB_H1	B-injury	GSE104954-GPL24120|GSM2810982	MN	ERCB_TUB_H1|GSE104954-GPL24120	0	0.033050477504730225	0.033050478
TUB	ERCB_TUB_H1	B-injury	GSE104954-GPL24120|GSM2810983	LN	ERCB_TUB_H1|GSE104954-GPL24120	0	0.0044419169425964355	0.004441917
TUB	ERCB_TUB_H1	B-injury	GSE104954-GPL24120|GSM2810984	LN	ERCB_TUB_H1|GSE104954-GPL24120	0	0.03768652677536011	0.037686527
TUB	ERCB_TUB_H1	B-injury	GSE104954-GPL24120|GSM2810985	FSGS	ERCB_TUB_H1|GSE104954-GPL24120	0	0.06351786851882935	0.06351787
TUB	ERCB_TUB_H1	B-injury	GSE104954-GPL24120|GSM2810986	MN	ERCB_TUB_H1|GSE104954-GPL24120	0	0.05080294609069824	0.050802946
TUB	ERCB_TUB_H1	B-injury	GSE104954-GPL24120|GSM2810987	MN	ERCB_TUB_H1|GSE104954-GPL24120	0	0.03127795457839966	0.031277955
TUB	ERCB_TUB_H1	B-injury	GSE104954-GPL24120|GSM2810988	LN	ERCB_TUB_H1|GSE104954-GPL24120	0	-0.07980811595916748	-0.079808116
TUB	ERCB_TUB_H1	B-injury	GSE104954-GPL24120|GSM2810989	MN	ERCB_TUB_H1|GSE104954-GPL24120	0	0.006500542163848877	0.006500542
TUB	ERCB_TUB_H1	B-injury	GSE104954-GPL24120|GSM2810990	MN	ERCB_TUB_H1|GSE104954-GPL24120	0	-0.037743330001831055	-0.03774333
TUB	ERCB_TUB_H1	B-injury	GSE104954-GPL24120|GSM2810991	FSGS	ERCB_TUB_H1|GSE104954-GPL24120	0	-0.024854660034179688	-0.02485466
TUB	ERCB_TUB_H1	B-injury	GSE104954-GPL24120|GSM2810992	FSGS	ERCB_TUB_H1|GSE104954-GPL24120	0	-0.04149985313415527	-0.041499853
TUB	ERCB_TUB_H1	B-injury	GSE104954-GPL24120|GSM2810993	FSGS	ERCB_TUB_H1|GSE104954-GPL24120	0	-0.005189299583435059	-0.0051892996
TUB	ERCB_TUB_H1	B-injury	GSE104954-GPL24120|GSM2810994	LN	ERCB_TUB_H1|GSE104954-GPL24120	0	-0.010384678840637207	-0.010384679
TUB	ERCB_TUB_H1	B-injury	GSE104954-GPL24120|GSM2810995	MN	ERCB_TUB_H1|GSE104954-GPL24120	0	0.009224295616149902	0.009224296
TUB	ERCB_TUB_H1	B-injury	GSE104954-GPL24120|GSM2810996	MN	ERCB_TUB_H1|GSE104954-GPL24120	0	0.014390528202056885	0.014390528
TUB	ERCB_TUB_H1	B-injury	GSE104954-GPL24120|GSM2810997	FSGS	ERCB_TUB_H1|GSE104954-GPL24120	0	0.03697317838668823	0.03697318
TUB	ERCB_TUB_H1	B-injury	GSE104954-GPL24120|GSM2810998	MN	ERCB_TUB_H1|GSE104954-GPL24120	0	0.04775041341781616	0.047750413
TUB	ERCB_TUB_H1	B-injury	GSE104954-GPL24120|GSM2810999	MN	ERCB_TUB_H1|GSE104954-GPL24120	0	-0.011779308319091797	-0.011779308
TUB	ERCB_TUB_H1	B-injury	GSE104954-GPL24120|GSM2811000	MN	ERCB_TUB_H1|GSE104954-GPL24120	0	-0.03390812873840332	-0.03390813
TUB	ERCB_TUB_H1	B-injury	GSE104954-GPL24120|GSM2811001	LN	ERCB_TUB_H1|GSE104954-GPL24120	0	0.029759585857391357	0.029759586
TUB	ERCB_TUB_H1	B-injury	GSE104954-GPL24120|GSM2811002	MN	ERCB_TUB_H1|GSE104954-GPL24120	0	-0.0008044242858886719	-0.0008044243
TUB	ERCB_TUB_H1	B-injury	GSE104954-GPL24120|GSM2811003	LN	ERCB_TUB_H1|GSE104954-GPL24120	0	0.03835868835449219	0.03835869
TUB	ERCB_TUB_H1	B-injury	GSE104954-GPL24120|GSM2811004	FSGS	ERCB_TUB_H1|GSE104954-GPL24120	0	0.1230616569519043	0.12306166
TUB	ERCB_TUB_H1	B-injury	GSE104954-GPL24120|GSM2811005	LN	ERCB_TUB_H1|GSE104954-GPL24120	0	0.05777573585510254	0.057775736
TUB	ERCB_TUB_H1	B-injury	GSE104954-GPL24120|GSM2811006	FSGS	ERCB_TUB_H1|GSE104954-GPL24120	0	0.019942104816436768	0.019942105
TUB	ERCB_TUB_H1	B-injury	GSE104954-GPL24120|GSM2811007	LN	ERCB_TUB_H1|GSE104954-GPL24120	0	0.10370385646820068	0.10370386
TUB	ERCB_TUB_H1	B-injury	GSE104954-GPL24120|GSM2811008	LN	ERCB_TUB_H1|GSE104954-GPL24120	0	0.05952322483062744	0.059523225
TUB	ERCB_TUB_H1	B-injury	GSE104954-GPL24120|GSM2811009	FSGS	ERCB_TUB_H1|GSE104954-GPL24120	0	0.03535628318786621	0.035356283
TUB	ERCB_TUB_H1	B-injury	GSE104954-GPL24120|GSM2811010	FSGS	ERCB_TUB_H1|GSE104954-GPL24120	0	-0.01832127571105957	-0.018321276
TUB	ERCB_TUB_H1	B-injury	GSE104954-GPL24120|GSM2811011	LN	ERCB_TUB_H1|GSE104954-GPL24120	0	-0.0002638101577758789	-0.00026381016
TUB	ERCB_TUB_H1	B-injury	GSE104954-GPL24120|GSM2811012	FSGS	ERCB_TUB_H1|GSE104954-GPL24120	0	0.1436702013015747	0.1436702
TUB	ERCB_TUB_H1	B-injury	GSE104954-GPL24120|GSM2811013	LN	ERCB_TUB_H1|GSE104954-GPL24120	0	-0.01670151948928833	-0.01670152
TUB	ERCB_TUB_H1	B-injury	GSE104954-GPL24120|GSM2811014	LN	ERCB_TUB_H1|GSE104954-GPL24120	0	-0.028125226497650146	-0.028125226
TUB	ERCB_TUB_H1	B-injury	GSE104954-GPL24120|GSM2811015	MN	ERCB_TUB_H1|GSE104954-GPL24120	0	0.010152935981750488	0.010152936
TUB	ERCB_TUB_H1	B-injury	GSE104954-GPL24120|GSM2811016	LN	ERCB_TUB_H1|GSE104954-GPL24120	0	0.07116740942001343	0.07116741
TUB	ERCB_TUB_H1	B-injury	GSE104954-GPL24120|GSM2811017	MN	ERCB_TUB_H1|GSE104954-GPL24120	0	-0.023945629596710205	-0.02394563
TUB	ERCB_TUB_H1	B-injury	GSE104954-GPL24120|GSM2811018	MN	ERCB_TUB_H1|GSE104954-GPL24120	0	-0.0046593546867370605	-0.0046593547
TUB	ERCB_TUB_H1	B-injury	GSE104954-GPL24120|GSM2811019	MN	ERCB_TUB_H1|GSE104954-GPL24120	0	0.03607583045959473	0.03607583
TUB	ERCB_TUB_H1	B-injury	GSE104954-GPL24120|GSM2811020	LN	ERCB_TUB_H1|GSE104954-GPL24120	0	-0.02454620599746704	-0.024546206
TUB	ERCB_TUB_H1	B-injury	GSE104954-GPL24120|GSM2811021	LN	ERCB_TUB_H1|GSE104954-GPL24120	0	0.027676284313201904	0.027676284
TUB	ERCB_TUB_H1	B-injury	GSE104954-GPL24120|GSM2811022	LN	ERCB_TUB_H1|GSE104954-GPL24120	0	0.02193617820739746	0.021936178
TUB	ERCB_TUB_H1	B-injury	GSE104954-GPL24120|GSM2811023	LN	ERCB_TUB_H1|GSE104954-GPL24120	0	0.005067586898803711	0.005067587
TUB	ERCB_TUB_H1	B-injury	GSE104954-GPL24120|GSM2811024	LN	ERCB_TUB_H1|GSE104954-GPL24120	0	-0.0391576886177063	-0.03915769
TUB	ERCB_TUB_H1	B-injury	GSE104954-GPL24120|GSM2811025	LN	ERCB_TUB_H1|GSE104954-GPL24120	0	0.09268546104431152	0.09268546
TUB	ERCB_TUB_H7	RRG-ID	GSE104954-GPL22945|GSM2811029	DKD	ERCB_TUB_H7|GSE104954-GPL22945	1	2.1574732303619384	0.17536834
TUB	ERCB_TUB_H7	RRG-ID	GSE104954-GPL22945|GSM2811030	DKD	ERCB_TUB_H7|GSE104954-GPL22945	1	2.2890295505523683	0.18887702
TUB	ERCB_TUB_H7	RRG-ID	GSE104954-GPL22945|GSM2811031	DKD	ERCB_TUB_H7|GSE104954-GPL22945	1	2.767403507232666	0.20286363
TUB	ERCB_TUB_H7	RRG-ID	GSE104954-GPL22945|GSM2811032	DKD	ERCB_TUB_H7|GSE104954-GPL22945	1	1.9243529319763184	0.15607879
TUB	ERCB_TUB_H7	RRG-ID	GSE104954-GPL22945|GSM2811033	DKD	ERCB_TUB_H7|GSE104954-GPL22945	1	1.655572533607483	0.14301762
TUB	ERCB_TUB_H7	RRG-ID	GSE104954-GPL22945|GSM2811034	DKD	ERCB_TUB_H7|GSE104954-GPL22945	1	2.2461923122406007	0.16982377
TUB	ERCB_TUB_H7	RRG-ID	GSE104954-GPL22945|GSM2811035	DKD	ERCB_TUB_H7|GSE104954-GPL22945	1	2.6164998531341555	0.20134085
TUB	ERCB_TUB_H7	RRG-ID	GSE104954-GPL22945|GSM2811036	FSGS_MCD	ERCB_TUB_H7|GSE104954-GPL22945	0	1.9727375745773315	0.16851354
TUB	ERCB_TUB_H7	RRG-ID	GSE104954-GPL22945|GSM2811037	FSGS_MCD	ERCB_TUB_H7|GSE104954-GPL22945	0	1.3632580995559693	0.14824036
TUB	ERCB_TUB_H7	RRG-ID	GSE104954-GPL22945|GSM2811038	FSGS_MCD	ERCB_TUB_H7|GSE104954-GPL22945	0	1.5488440990447998	0.16328934
TUB	ERCB_TUB_H7	RRG-ID	GSE104954-GPL22945|GSM2811039	FSGS_MCD	ERCB_TUB_H7|GSE104954-GPL22945	0	1.77559552192688	0.15692228
TUB	ERCB_TUB_H7	RRG-ID	GSE104954-GPL22945|GSM2811040	FSGS	ERCB_TUB_H7|GSE104954-GPL22945	0	1.125728726387024	0.14943066
TUB	ERCB_TUB_H7	RRG-ID	GSE104954-GPL22945|GSM2811041	FSGS	ERCB_TUB_H7|GSE104954-GPL22945	0	1.368317222595215	0.10245401
TUB	ERCB_TUB_H7	RRG-ID	GSE104954-GPL22945|GSM2811042	FSGS	ERCB_TUB_H7|GSE104954-GPL22945	0	1.784193468093872	0.17192248
TUB	ERCB_TUB_H7	RRG-ID	GSE104954-GPL22945|GSM2811061	MCD	ERCB_TUB_H7|GSE104954-GPL22945	0	1.168384599685669	0.1483162
TUB	ERCB_TUB_H7	RRG-ID	GSE104954-GPL22945|GSM2811062	MCD	ERCB_TUB_H7|GSE104954-GPL22945	0	2.0712783336639404	0.17966563
TUB	ERCB_TUB_H7	RRG-ID	GSE104954-GPL22945|GSM2811063	MCD	ERCB_TUB_H7|GSE104954-GPL22945	0	0.8012498021125793	0.14606464
TUB	ERCB_TUB_H7	RRG-ID	GSE104954-GPL22945|GSM2811064	MCD	ERCB_TUB_H7|GSE104954-GPL22945	0	0.8468693614006042	0.14240617
TUB	ERCB_TUB_H7	RRG-ID	GSE104954-GPL22945|GSM2811065	RPGN	ERCB_TUB_H7|GSE104954-GPL22945	0	1.959969162940979	0.17862973
TUB	ERCB_TUB_H7	RRG-ID	GSE104954-GPL22945|GSM2811066	RPGN	ERCB_TUB_H7|GSE104954-GPL22945	0	1.7517483949661254	0.17090821
TUB	ERCB_TUB_H7	RRG-ID	GSE104954-GPL22945|GSM2811067	RPGN	ERCB_TUB_H7|GSE104954-GPL22945	0	2.6597893238067627	0.20350787
TUB	ERCB_TUB_H7	RRG-ID	GSE104954-GPL22945|GSM2811068	RPGN	ERCB_TUB_H7|GSE104954-GPL22945	0	1.4146917343139649	0.14228153
TUB	ERCB_TUB_H7	RRG-ID	GSE104954-GPL22945|GSM2811069	RPGN	ERCB_TUB_H7|GSE104954-GPL22945	0	2.4043037414550783	0.19956419
TUB	ERCB_TUB_H7	RRG-ID	GSE104954-GPL22945|GSM2811070	RPGN	ERCB_TUB_H7|GSE104954-GPL22945	0	1.6742270231246947	0.16745749
TUB	ERCB_TUB_H7	RRG-ID	GSE104954-GPL22945|GSM2811071	RPGN	ERCB_TUB_H7|GSE104954-GPL22945	0	1.707455611228943	0.15987423
TUB	ERCB_TUB_H7	RRG-ID	GSE104954-GPL22945|GSM2811072	RPGN	ERCB_TUB_H7|GSE104954-GPL22945	0	1.908712387084961	0.18942955
TUB	ERCB_TUB_H7	RRG-ID	GSE104954-GPL22945|GSM2811073	RPGN	ERCB_TUB_H7|GSE104954-GPL22945	0	2.250552034378052	0.19241333
TUB	ERCB_TUB_H7	RRG-ID	GSE104954-GPL22945|GSM2811074	RPGN	ERCB_TUB_H7|GSE104954-GPL22945	0	1.4524548768997192	0.16178858
TUB	ERCB_TUB_H7	RRG-ID	GSE104954-GPL22945|GSM2811075	RPGN	ERCB_TUB_H7|GSE104954-GPL22945	0	1.8801182508468628	0.1733892
TUB	ERCB_TUB_H7	RRG-ID	GSE104954-GPL22945|GSM2811076	RPGN	ERCB_TUB_H7|GSE104954-GPL22945	0	1.8949465036392212	0.19944334
TUB	ERCB_TUB_H7	RRG-ID	GSE104954-GPL22945|GSM2811077	RPGN	ERCB_TUB_H7|GSE104954-GPL22945	0	1.96244158744812	0.18049723
TUB	ERCB_TUB_H7	RRG-ID	GSE104954-GPL22945|GSM2811078	RPGN	ERCB_TUB_H7|GSE104954-GPL22945	0	1.6953319787979126	0.14796317
TUB	ERCB_TUB_H7	RRG-ID	GSE104954-GPL22945|GSM2811079	RPGN	ERCB_TUB_H7|GSE104954-GPL22945	0	1.7219479084014893	0.17669278
TUB	ERCB_TUB_H7	RRG-ID	GSE104954-GPL22945|GSM2811080	RPGN	ERCB_TUB_H7|GSE104954-GPL22945	0	1.9480604887008668	0.18342492
TUB	ERCB_TUB_H7	RRG-ID	GSE104954-GPL22945|GSM2811081	RPGN	ERCB_TUB_H7|GSE104954-GPL22945	0	2.0219908714294434	0.16416383
TUB	ERCB_TUB_H7	RRG-ID	GSE104954-GPL22945|GSM2811082	RPGN	ERCB_TUB_H7|GSE104954-GPL22945	0	1.9610277652740478	0.19420236
TUB	ERCB_TUB_H7	RRG-ID	GSE104954-GPL22945|GSM2811083	RPGN	ERCB_TUB_H7|GSE104954-GPL22945	0	1.8620391368865967	0.15347102
TUB	ERCB_TUB_H7	RRG-ID	GSE104954-GPL22945|GSM2811084	RPGN	ERCB_TUB_H7|GSE104954-GPL22945	0	1.467771863937378	0.1667864
TUB	ERCB_TUB_H7	RRG-ID	GSE104954-GPL22945|GSM2811085	RPGN	ERCB_TUB_H7|GSE104954-GPL22945	0	1.8393821001052857	0.1651178
TUB	ERCB_TUB_H7	B-L2	GSE104954-GPL22945|GSM2811029	DKD	ERCB_TUB_H7|GSE104954-GPL22945	1	0.7217153120513373	0.17536834
TUB	ERCB_TUB_H7	B-L2	GSE104954-GPL22945|GSM2811030	DKD	ERCB_TUB_H7|GSE104954-GPL22945	1	1.325816416503132	0.18887702
TUB	ERCB_TUB_H7	B-L2	GSE104954-GPL22945|GSM2811031	DKD	ERCB_TUB_H7|GSE104954-GPL22945	1	2.532417203914906	0.20286363
TUB	ERCB_TUB_H7	B-L2	GSE104954-GPL22945|GSM2811032	DKD	ERCB_TUB_H7|GSE104954-GPL22945	1	0.4702091720584356	0.15607879
TUB	ERCB_TUB_H7	B-L2	GSE104954-GPL22945|GSM2811033	DKD	ERCB_TUB_H7|GSE104954-GPL22945	1	0.23503503398388492	0.14301762
TUB	ERCB_TUB_H7	B-L2	GSE104954-GPL22945|GSM2811034	DKD	ERCB_TUB_H7|GSE104954-GPL22945	1	1.4344975370819517	0.16982377
TUB	ERCB_TUB_H7	B-L2	GSE104954-GPL22945|GSM2811035	DKD	ERCB_TUB_H7|GSE104954-GPL22945	1	2.1215785629262607	0.20134085
TUB	ERCB_TUB_H7	B-L2	GSE104954-GPL22945|GSM2811036	FSGS_MCD	ERCB_TUB_H7|GSE104954-GPL22945	0	0.7350411358033133	0.16851354
TUB	ERCB_TUB_H7	B-L2	GSE104954-GPL22945|GSM2811037	FSGS_MCD	ERCB_TUB_H7|GSE104954-GPL22945	0	-0.14651924767058677	0.14824036
TUB	ERCB_TUB_H7	B-L2	GSE104954-GPL22945|GSM2811038	FSGS_MCD	ERCB_TUB_H7|GSE104954-GPL22945	0	0.08866199052174562	0.16328934
TUB	ERCB_TUB_H7	B-L2	GSE104954-GPL22945|GSM2811039	FSGS_MCD	ERCB_TUB_H7|GSE104954-GPL22945	0	0.5210762062861152	0.15692228
TUB	ERCB_TUB_H7	B-L2	GSE104954-GPL22945|GSM2811040	FSGS	ERCB_TUB_H7|GSE104954-GPL22945	0	-0.6727016843897351	0.14943066
TUB	ERCB_TUB_H7	B-L2	GSE104954-GPL22945|GSM2811041	FSGS	ERCB_TUB_H7|GSE104954-GPL22945	0	0.1423698295911624	0.10245401
TUB	ERCB_TUB_H7	B-L2	GSE104954-GPL22945|GSM2811042	FSGS	ERCB_TUB_H7|GSE104954-GPL22945	0	0.35407196900244653	0.17192248
TUB	ERCB_TUB_H7	B-L2	GSE104954-GPL22945|GSM2811061	MCD	ERCB_TUB_H7|GSE104954-GPL22945	0	-0.1774733618694393	0.1483162
TUB	ERCB_TUB_H7	B-L2	GSE104954-GPL22945|GSM2811062	MCD	ERCB_TUB_H7|GSE104954-GPL22945	0	1.1487054913513814	0.17966563
TUB	ERCB_TUB_H7	B-L2	GSE104954-GPL22945|GSM2811063	MCD	ERCB_TUB_H7|GSE104954-GPL22945	0	-0.8204815179565994	0.14606464
TUB	ERCB_TUB_H7	B-L2	GSE104954-GPL22945|GSM2811064	MCD	ERCB_TUB_H7|GSE104954-GPL22945	0	-0.9795363393035958	0.14240617
TUB	ERCB_TUB_H7	B-L2	GSE104954-GPL22945|GSM2811065	RPGN	ERCB_TUB_H7|GSE104954-GPL22945	0	1.3493447820674245	0.17862973
TUB	ERCB_TUB_H7	B-L2	GSE104954-GPL22945|GSM2811066	RPGN	ERCB_TUB_H7|GSE104954-GPL22945	0	0.5133787601157751	0.17090821
TUB	ERCB_TUB_H7	B-L2	GSE104954-GPL22945|GSM2811067	RPGN	ERCB_TUB_H7|GSE104954-GPL22945	0	1.7386769815516985	0.20350787
TUB	ERCB_TUB_H7	B-L2	GSE104954-GPL22945|GSM2811068	RPGN	ERCB_TUB_H7|GSE104954-GPL22945	0	-0.012424697572250842	0.14228153
TUB	ERCB_TUB_H7	B-L2	GSE104954-GPL22945|GSM2811069	RPGN	ERCB_TUB_H7|GSE104954-GPL22945	0	1.5427530132997198	0.19956419
TUB	ERCB_TUB_H7	B-L2	GSE104954-GPL22945|GSM2811070	RPGN	ERCB_TUB_H7|GSE104954-GPL22945	0	0.5258473394787693	0.16745749
TUB	ERCB_TUB_H7	B-L2	GSE104954-GPL22945|GSM2811071	RPGN	ERCB_TUB_H7|GSE104954-GPL22945	0	0.23220390030847415	0.15987423
TUB	ERCB_TUB_H7	B-L2	GSE104954-GPL22945|GSM2811072	RPGN	ERCB_TUB_H7|GSE104954-GPL22945	0	1.065943334208793	0.18942955
TUB	ERCB_TUB_H7	B-L2	GSE104954-GPL22945|GSM2811073	RPGN	ERCB_TUB_H7|GSE104954-GPL22945	0	1.3944175351236412	0.19241333
TUB	ERCB_TUB_H7	B-L2	GSE104954-GPL22945|GSM2811074	RPGN	ERCB_TUB_H7|GSE104954-GPL22945	0	-0.009696105921388032	0.16178858
TUB	ERCB_TUB_H7	B-L2	GSE104954-GPL22945|GSM2811075	RPGN	ERCB_TUB_H7|GSE104954-GPL22945	0	0.6614807603804538	0.1733892
TUB	ERCB_TUB_H7	B-L2	GSE104954-GPL22945|GSM2811076	RPGN	ERCB_TUB_H7|GSE104954-GPL22945	0	1.2269676798061173	0.19944334
TUB	ERCB_TUB_H7	B-L2	GSE104954-GPL22945|GSM2811077	RPGN	ERCB_TUB_H7|GSE104954-GPL22945	0	1.077252459989885	0.18049723
TUB	ERCB_TUB_H7	B-L2	GSE104954-GPL22945|GSM2811078	RPGN	ERCB_TUB_H7|GSE104954-GPL22945	0	0.5420458889187332	0.14796317
TUB	ERCB_TUB_H7	B-L2	GSE104954-GPL22945|GSM2811079	RPGN	ERCB_TUB_H7|GSE104954-GPL22945	0	0.7690471888700987	0.17669278
TUB	ERCB_TUB_H7	B-L2	GSE104954-GPL22945|GSM2811080	RPGN	ERCB_TUB_H7|GSE104954-GPL22945	0	0.6760380669353445	0.18342492
TUB	ERCB_TUB_H7	B-L2	GSE104954-GPL22945|GSM2811081	RPGN	ERCB_TUB_H7|GSE104954-GPL22945	0	1.3416624068787497	0.16416383
TUB	ERCB_TUB_H7	B-L2	GSE104954-GPL22945|GSM2811082	RPGN	ERCB_TUB_H7|GSE104954-GPL22945	0	0.9274845396885647	0.19420236
TUB	ERCB_TUB_H7	B-L2	GSE104954-GPL22945|GSM2811083	RPGN	ERCB_TUB_H7|GSE104954-GPL22945	0	0.7550244479629233	0.15347102
TUB	ERCB_TUB_H7	B-L2	GSE104954-GPL22945|GSM2811084	RPGN	ERCB_TUB_H7|GSE104954-GPL22945	0	-0.09679653356324636	0.1667864
TUB	ERCB_TUB_H7	B-L2	GSE104954-GPL22945|GSM2811085	RPGN	ERCB_TUB_H7|GSE104954-GPL22945	0	1.2020133863661062	0.1651178
TUB	ERCB_TUB_H7	B-rankLASSO	GSE104954-GPL22945|GSM2811029	DKD	ERCB_TUB_H7|GSE104954-GPL22945	1	0.21952882991492118	0.17536834
TUB	ERCB_TUB_H7	B-rankLASSO	GSE104954-GPL22945|GSM2811030	DKD	ERCB_TUB_H7|GSE104954-GPL22945	1	-0.949012517828038	0.18887702
TUB	ERCB_TUB_H7	B-rankLASSO	GSE104954-GPL22945|GSM2811031	DKD	ERCB_TUB_H7|GSE104954-GPL22945	1	1.3966240030222323	0.20286363
TUB	ERCB_TUB_H7	B-rankLASSO	GSE104954-GPL22945|GSM2811032	DKD	ERCB_TUB_H7|GSE104954-GPL22945	1	-0.01364510506916794	0.15607879
TUB	ERCB_TUB_H7	B-rankLASSO	GSE104954-GPL22945|GSM2811033	DKD	ERCB_TUB_H7|GSE104954-GPL22945	1	-2.15439137812917	0.14301762
TUB	ERCB_TUB_H7	B-rankLASSO	GSE104954-GPL22945|GSM2811034	DKD	ERCB_TUB_H7|GSE104954-GPL22945	1	-1.0211454639744884	0.16982377
TUB	ERCB_TUB_H7	B-rankLASSO	GSE104954-GPL22945|GSM2811035	DKD	ERCB_TUB_H7|GSE104954-GPL22945	1	0.9560821066920351	0.20134085
TUB	ERCB_TUB_H7	B-rankLASSO	GSE104954-GPL22945|GSM2811036	FSGS_MCD	ERCB_TUB_H7|GSE104954-GPL22945	0	-0.5778689665401471	0.16851354
TUB	ERCB_TUB_H7	B-rankLASSO	GSE104954-GPL22945|GSM2811037	FSGS_MCD	ERCB_TUB_H7|GSE104954-GPL22945	0	-2.6196336535430036	0.14824036
TUB	ERCB_TUB_H7	B-rankLASSO	GSE104954-GPL22945|GSM2811038	FSGS_MCD	ERCB_TUB_H7|GSE104954-GPL22945	0	-2.6163880976847764	0.16328934
TUB	ERCB_TUB_H7	B-rankLASSO	GSE104954-GPL22945|GSM2811039	FSGS_MCD	ERCB_TUB_H7|GSE104954-GPL22945	0	-1.035856205295055	0.15692228
TUB	ERCB_TUB_H7	B-rankLASSO	GSE104954-GPL22945|GSM2811040	FSGS	ERCB_TUB_H7|GSE104954-GPL22945	0	-3.5329993337199825	0.14943066
TUB	ERCB_TUB_H7	B-rankLASSO	GSE104954-GPL22945|GSM2811041	FSGS	ERCB_TUB_H7|GSE104954-GPL22945	0	0.825145431987643	0.10245401
TUB	ERCB_TUB_H7	B-rankLASSO	GSE104954-GPL22945|GSM2811042	FSGS	ERCB_TUB_H7|GSE104954-GPL22945	0	-1.8283543320859534	0.17192248
TUB	ERCB_TUB_H7	B-rankLASSO	GSE104954-GPL22945|GSM2811061	MCD	ERCB_TUB_H7|GSE104954-GPL22945	0	-3.188391274520958	0.1483162
TUB	ERCB_TUB_H7	B-rankLASSO	GSE104954-GPL22945|GSM2811062	MCD	ERCB_TUB_H7|GSE104954-GPL22945	0	-0.19846549965432736	0.17966563
TUB	ERCB_TUB_H7	B-rankLASSO	GSE104954-GPL22945|GSM2811063	MCD	ERCB_TUB_H7|GSE104954-GPL22945	0	-2.4760305151708653	0.14606464
TUB	ERCB_TUB_H7	B-rankLASSO	GSE104954-GPL22945|GSM2811064	MCD	ERCB_TUB_H7|GSE104954-GPL22945	0	-5.269398435073293	0.14240617
TUB	ERCB_TUB_H7	B-rankLASSO	GSE104954-GPL22945|GSM2811065	RPGN	ERCB_TUB_H7|GSE104954-GPL22945	0	-0.8617810109902613	0.17862973
TUB	ERCB_TUB_H7	B-rankLASSO	GSE104954-GPL22945|GSM2811066	RPGN	ERCB_TUB_H7|GSE104954-GPL22945	0	-1.3676683633166196	0.17090821
TUB	ERCB_TUB_H7	B-rankLASSO	GSE104954-GPL22945|GSM2811067	RPGN	ERCB_TUB_H7|GSE104954-GPL22945	0	-0.9795863236537738	0.20350787
TUB	ERCB_TUB_H7	B-rankLASSO	GSE104954-GPL22945|GSM2811068	RPGN	ERCB_TUB_H7|GSE104954-GPL22945	0	-1.8692942654378353	0.14228153
TUB	ERCB_TUB_H7	B-rankLASSO	GSE104954-GPL22945|GSM2811069	RPGN	ERCB_TUB_H7|GSE104954-GPL22945	0	0.3113060712323277	0.19956419
TUB	ERCB_TUB_H7	B-rankLASSO	GSE104954-GPL22945|GSM2811070	RPGN	ERCB_TUB_H7|GSE104954-GPL22945	0	-1.97306922225166	0.16745749
TUB	ERCB_TUB_H7	B-rankLASSO	GSE104954-GPL22945|GSM2811071	RPGN	ERCB_TUB_H7|GSE104954-GPL22945	0	-3.841189408585093	0.15987423
TUB	ERCB_TUB_H7	B-rankLASSO	GSE104954-GPL22945|GSM2811072	RPGN	ERCB_TUB_H7|GSE104954-GPL22945	0	-0.9437938467200766	0.18942955
TUB	ERCB_TUB_H7	B-rankLASSO	GSE104954-GPL22945|GSM2811073	RPGN	ERCB_TUB_H7|GSE104954-GPL22945	0	-1.64044751534846	0.19241333
TUB	ERCB_TUB_H7	B-rankLASSO	GSE104954-GPL22945|GSM2811074	RPGN	ERCB_TUB_H7|GSE104954-GPL22945	0	-2.5005821636742285	0.16178858
TUB	ERCB_TUB_H7	B-rankLASSO	GSE104954-GPL22945|GSM2811075	RPGN	ERCB_TUB_H7|GSE104954-GPL22945	0	-1.0080190424345097	0.1733892
TUB	ERCB_TUB_H7	B-rankLASSO	GSE104954-GPL22945|GSM2811076	RPGN	ERCB_TUB_H7|GSE104954-GPL22945	0	-2.5670970796018793	0.19944334
TUB	ERCB_TUB_H7	B-rankLASSO	GSE104954-GPL22945|GSM2811077	RPGN	ERCB_TUB_H7|GSE104954-GPL22945	0	-0.42354426534170475	0.18049723
TUB	ERCB_TUB_H7	B-rankLASSO	GSE104954-GPL22945|GSM2811078	RPGN	ERCB_TUB_H7|GSE104954-GPL22945	0	-1.7425663964199396	0.14796317
TUB	ERCB_TUB_H7	B-rankLASSO	GSE104954-GPL22945|GSM2811079	RPGN	ERCB_TUB_H7|GSE104954-GPL22945	0	-1.716424745621115	0.17669278
TUB	ERCB_TUB_H7	B-rankLASSO	GSE104954-GPL22945|GSM2811080	RPGN	ERCB_TUB_H7|GSE104954-GPL22945	0	0.08109489629531019	0.18342492
TUB	ERCB_TUB_H7	B-rankLASSO	GSE104954-GPL22945|GSM2811081	RPGN	ERCB_TUB_H7|GSE104954-GPL22945	0	-0.20555815548907663	0.16416383
TUB	ERCB_TUB_H7	B-rankLASSO	GSE104954-GPL22945|GSM2811082	RPGN	ERCB_TUB_H7|GSE104954-GPL22945	0	-2.2165330420960787	0.19420236
TUB	ERCB_TUB_H7	B-rankLASSO	GSE104954-GPL22945|GSM2811083	RPGN	ERCB_TUB_H7|GSE104954-GPL22945	0	-0.7951706614454399	0.15347102
TUB	ERCB_TUB_H7	B-rankLASSO	GSE104954-GPL22945|GSM2811084	RPGN	ERCB_TUB_H7|GSE104954-GPL22945	0	-2.378684746853434	0.1667864
TUB	ERCB_TUB_H7	B-rankLASSO	GSE104954-GPL22945|GSM2811085	RPGN	ERCB_TUB_H7|GSE104954-GPL22945	0	-0.47916079285761803	0.1651178
TUB	ERCB_TUB_H7	B2-PCA	GSE104954-GPL22945|GSM2811029	DKD	ERCB_TUB_H7|GSE104954-GPL22945	1	3.7350002273195386	0.17536834
TUB	ERCB_TUB_H7	B2-PCA	GSE104954-GPL22945|GSM2811030	DKD	ERCB_TUB_H7|GSE104954-GPL22945	1	3.2196097920340456	0.18887702
TUB	ERCB_TUB_H7	B2-PCA	GSE104954-GPL22945|GSM2811031	DKD	ERCB_TUB_H7|GSE104954-GPL22945	1	-1.7352779306799597	0.20286363
TUB	ERCB_TUB_H7	B2-PCA	GSE104954-GPL22945|GSM2811032	DKD	ERCB_TUB_H7|GSE104954-GPL22945	1	3.620652712496618	0.15607879
TUB	ERCB_TUB_H7	B2-PCA	GSE104954-GPL22945|GSM2811033	DKD	ERCB_TUB_H7|GSE104954-GPL22945	1	-2.7004150073558932	0.14301762
TUB	ERCB_TUB_H7	B2-PCA	GSE104954-GPL22945|GSM2811034	DKD	ERCB_TUB_H7|GSE104954-GPL22945	1	-3.9244840366502736	0.16982377
TUB	ERCB_TUB_H7	B2-PCA	GSE104954-GPL22945|GSM2811035	DKD	ERCB_TUB_H7|GSE104954-GPL22945	1	-2.6657862705616218	0.20134085
TUB	ERCB_TUB_H7	B2-PCA	GSE104954-GPL22945|GSM2811036	FSGS_MCD	ERCB_TUB_H7|GSE104954-GPL22945	0	1.1268143648777915	0.16851354
TUB	ERCB_TUB_H7	B2-PCA	GSE104954-GPL22945|GSM2811037	FSGS_MCD	ERCB_TUB_H7|GSE104954-GPL22945	0	-8.547250426005789	0.14824036
TUB	ERCB_TUB_H7	B2-PCA	GSE104954-GPL22945|GSM2811038	FSGS_MCD	ERCB_TUB_H7|GSE104954-GPL22945	0	-0.7759096153268814	0.16328934
TUB	ERCB_TUB_H7	B2-PCA	GSE104954-GPL22945|GSM2811039	FSGS_MCD	ERCB_TUB_H7|GSE104954-GPL22945	0	-2.1403646304296338	0.15692228
TUB	ERCB_TUB_H7	B2-PCA	GSE104954-GPL22945|GSM2811040	FSGS	ERCB_TUB_H7|GSE104954-GPL22945	0	-9.805218420773008	0.14943066
TUB	ERCB_TUB_H7	B2-PCA	GSE104954-GPL22945|GSM2811041	FSGS	ERCB_TUB_H7|GSE104954-GPL22945	0	2.350318030452897	0.10245401
TUB	ERCB_TUB_H7	B2-PCA	GSE104954-GPL22945|GSM2811042	FSGS	ERCB_TUB_H7|GSE104954-GPL22945	0	-2.3685051556463783	0.17192248
TUB	ERCB_TUB_H7	B2-PCA	GSE104954-GPL22945|GSM2811061	MCD	ERCB_TUB_H7|GSE104954-GPL22945	0	-10.008987045990331	0.1483162
TUB	ERCB_TUB_H7	B2-PCA	GSE104954-GPL22945|GSM2811062	MCD	ERCB_TUB_H7|GSE104954-GPL22945	0	-1.1483575577986933	0.17966563
TUB	ERCB_TUB_H7	B2-PCA	GSE104954-GPL22945|GSM2811063	MCD	ERCB_TUB_H7|GSE104954-GPL22945	0	-11.84782801547837	0.14606464
TUB	ERCB_TUB_H7	B2-PCA	GSE104954-GPL22945|GSM2811064	MCD	ERCB_TUB_H7|GSE104954-GPL22945	0	-6.565621594021982	0.14240617
TUB	ERCB_TUB_H7	B2-PCA	GSE104954-GPL22945|GSM2811065	RPGN	ERCB_TUB_H7|GSE104954-GPL22945	0	-3.6737645137533406	0.17862973
TUB	ERCB_TUB_H7	B2-PCA	GSE104954-GPL22945|GSM2811066	RPGN	ERCB_TUB_H7|GSE104954-GPL22945	0	-3.115174693028539	0.17090821
TUB	ERCB_TUB_H7	B2-PCA	GSE104954-GPL22945|GSM2811067	RPGN	ERCB_TUB_H7|GSE104954-GPL22945	0	1.1604595467815457	0.20350787
TUB	ERCB_TUB_H7	B2-PCA	GSE104954-GPL22945|GSM2811068	RPGN	ERCB_TUB_H7|GSE104954-GPL22945	0	-10.193209933249108	0.14228153
TUB	ERCB_TUB_H7	B2-PCA	GSE104954-GPL22945|GSM2811069	RPGN	ERCB_TUB_H7|GSE104954-GPL22945	0	3.104831251473069	0.19956419
TUB	ERCB_TUB_H7	B2-PCA	GSE104954-GPL22945|GSM2811070	RPGN	ERCB_TUB_H7|GSE104954-GPL22945	0	-6.650566907621542	0.16745749
TUB	ERCB_TUB_H7	B2-PCA	GSE104954-GPL22945|GSM2811071	RPGN	ERCB_TUB_H7|GSE104954-GPL22945	0	-4.8898930325997405	0.15987423
TUB	ERCB_TUB_H7	B2-PCA	GSE104954-GPL22945|GSM2811072	RPGN	ERCB_TUB_H7|GSE104954-GPL22945	0	-7.318645182368259	0.18942955
TUB	ERCB_TUB_H7	B2-PCA	GSE104954-GPL22945|GSM2811073	RPGN	ERCB_TUB_H7|GSE104954-GPL22945	0	0.5638240919036583	0.19241333
TUB	ERCB_TUB_H7	B2-PCA	GSE104954-GPL22945|GSM2811074	RPGN	ERCB_TUB_H7|GSE104954-GPL22945	0	-3.16201432998065	0.16178858
TUB	ERCB_TUB_H7	B2-PCA	GSE104954-GPL22945|GSM2811075	RPGN	ERCB_TUB_H7|GSE104954-GPL22945	0	-5.400972138251502	0.1733892
TUB	ERCB_TUB_H7	B2-PCA	GSE104954-GPL22945|GSM2811076	RPGN	ERCB_TUB_H7|GSE104954-GPL22945	0	-12.700998525556184	0.19944334
TUB	ERCB_TUB_H7	B2-PCA	GSE104954-GPL22945|GSM2811077	RPGN	ERCB_TUB_H7|GSE104954-GPL22945	0	-4.919659847381858	0.18049723
TUB	ERCB_TUB_H7	B2-PCA	GSE104954-GPL22945|GSM2811078	RPGN	ERCB_TUB_H7|GSE104954-GPL22945	0	-2.2065904842241864	0.14796317
TUB	ERCB_TUB_H7	B2-PCA	GSE104954-GPL22945|GSM2811079	RPGN	ERCB_TUB_H7|GSE104954-GPL22945	0	-7.7797457853596015	0.17669278
TUB	ERCB_TUB_H7	B2-PCA	GSE104954-GPL22945|GSM2811080	RPGN	ERCB_TUB_H7|GSE104954-GPL22945	0	2.8700759128922435	0.18342492
TUB	ERCB_TUB_H7	B2-PCA	GSE104954-GPL22945|GSM2811081	RPGN	ERCB_TUB_H7|GSE104954-GPL22945	0	-0.7203472856510373	0.16416383
TUB	ERCB_TUB_H7	B2-PCA	GSE104954-GPL22945|GSM2811082	RPGN	ERCB_TUB_H7|GSE104954-GPL22945	0	-9.391912282635111	0.19420236
TUB	ERCB_TUB_H7	B2-PCA	GSE104954-GPL22945|GSM2811083	RPGN	ERCB_TUB_H7|GSE104954-GPL22945	0	-3.7586951839687934	0.15347102
TUB	ERCB_TUB_H7	B2-PCA	GSE104954-GPL22945|GSM2811084	RPGN	ERCB_TUB_H7|GSE104954-GPL22945	0	-3.736366496046525	0.1667864
TUB	ERCB_TUB_H7	B2-PCA	GSE104954-GPL22945|GSM2811085	RPGN	ERCB_TUB_H7|GSE104954-GPL22945	0	-5.144853904771619	0.1651178
TUB	ERCB_TUB_H7	B-cPCA	GSE104954-GPL22945|GSM2811029	DKD	ERCB_TUB_H7|GSE104954-GPL22945	1	0.2746837391990717	0.17536834
TUB	ERCB_TUB_H7	B-cPCA	GSE104954-GPL22945|GSM2811030	DKD	ERCB_TUB_H7|GSE104954-GPL22945	1	0.36003736887914434	0.18887702
TUB	ERCB_TUB_H7	B-cPCA	GSE104954-GPL22945|GSM2811031	DKD	ERCB_TUB_H7|GSE104954-GPL22945	1	0.3755671270111948	0.20286363
TUB	ERCB_TUB_H7	B-cPCA	GSE104954-GPL22945|GSM2811032	DKD	ERCB_TUB_H7|GSE104954-GPL22945	1	0.2586535144260491	0.15607879
TUB	ERCB_TUB_H7	B-cPCA	GSE104954-GPL22945|GSM2811033	DKD	ERCB_TUB_H7|GSE104954-GPL22945	1	0.2592409279328353	0.14301762
TUB	ERCB_TUB_H7	B-cPCA	GSE104954-GPL22945|GSM2811034	DKD	ERCB_TUB_H7|GSE104954-GPL22945	1	0.3666550234820092	0.16982377
TUB	ERCB_TUB_H7	B-cPCA	GSE104954-GPL22945|GSM2811035	DKD	ERCB_TUB_H7|GSE104954-GPL22945	1	0.3935178588182368	0.20134085
TUB	ERCB_TUB_H7	B-cPCA	GSE104954-GPL22945|GSM2811036	FSGS_MCD	ERCB_TUB_H7|GSE104954-GPL22945	0	0.24286620412503948	0.16851354
TUB	ERCB_TUB_H7	B-cPCA	GSE104954-GPL22945|GSM2811037	FSGS_MCD	ERCB_TUB_H7|GSE104954-GPL22945	0	0.2007541757005399	0.14824036
TUB	ERCB_TUB_H7	B-cPCA	GSE104954-GPL22945|GSM2811038	FSGS_MCD	ERCB_TUB_H7|GSE104954-GPL22945	0	0.2518716446210679	0.16328934
TUB	ERCB_TUB_H7	B-cPCA	GSE104954-GPL22945|GSM2811039	FSGS_MCD	ERCB_TUB_H7|GSE104954-GPL22945	0	0.2608341433699333	0.15692228
TUB	ERCB_TUB_H7	B-cPCA	GSE104954-GPL22945|GSM2811040	FSGS	ERCB_TUB_H7|GSE104954-GPL22945	0	0.12373710108656619	0.14943066
TUB	ERCB_TUB_H7	B-cPCA	GSE104954-GPL22945|GSM2811041	FSGS	ERCB_TUB_H7|GSE104954-GPL22945	0	0.18519367964822273	0.10245401
TUB	ERCB_TUB_H7	B-cPCA	GSE104954-GPL22945|GSM2811042	FSGS	ERCB_TUB_H7|GSE104954-GPL22945	0	0.28327217369010466	0.17192248
TUB	ERCB_TUB_H7	B-cPCA	GSE104954-GPL22945|GSM2811061	MCD	ERCB_TUB_H7|GSE104954-GPL22945	0	0.1614215439156283	0.1483162
TUB	ERCB_TUB_H7	B-cPCA	GSE104954-GPL22945|GSM2811062	MCD	ERCB_TUB_H7|GSE104954-GPL22945	0	0.36202073796549517	0.17966563
TUB	ERCB_TUB_H7	B-cPCA	GSE104954-GPL22945|GSM2811063	MCD	ERCB_TUB_H7|GSE104954-GPL22945	0	0.12912918794015701	0.14606464
TUB	ERCB_TUB_H7	B-cPCA	GSE104954-GPL22945|GSM2811064	MCD	ERCB_TUB_H7|GSE104954-GPL22945	0	0.13389648374917465	0.14240617
TUB	ERCB_TUB_H7	B-cPCA	GSE104954-GPL22945|GSM2811065	RPGN	ERCB_TUB_H7|GSE104954-GPL22945	0	0.2128467844671227	0.17862973
TUB	ERCB_TUB_H7	B-cPCA	GSE104954-GPL22945|GSM2811066	RPGN	ERCB_TUB_H7|GSE104954-GPL22945	0	0.21930626549380036	0.17090821
TUB	ERCB_TUB_H7	B-cPCA	GSE104954-GPL22945|GSM2811067	RPGN	ERCB_TUB_H7|GSE104954-GPL22945	0	0.36124912298518325	0.20350787
TUB	ERCB_TUB_H7	B-cPCA	GSE104954-GPL22945|GSM2811068	RPGN	ERCB_TUB_H7|GSE104954-GPL22945	0	0.2080892666949588	0.14228153
TUB	ERCB_TUB_H7	B-cPCA	GSE104954-GPL22945|GSM2811069	RPGN	ERCB_TUB_H7|GSE104954-GPL22945	0	0.3278532923258729	0.19956419
TUB	ERCB_TUB_H7	B-cPCA	GSE104954-GPL22945|GSM2811070	RPGN	ERCB_TUB_H7|GSE104954-GPL22945	0	0.19480814991916096	0.16745749
TUB	ERCB_TUB_H7	B-cPCA	GSE104954-GPL22945|GSM2811071	RPGN	ERCB_TUB_H7|GSE104954-GPL22945	0	0.23907534600626965	0.15987423
TUB	ERCB_TUB_H7	B-cPCA	GSE104954-GPL22945|GSM2811072	RPGN	ERCB_TUB_H7|GSE104954-GPL22945	0	0.25084405955040306	0.18942955
TUB	ERCB_TUB_H7	B-cPCA	GSE104954-GPL22945|GSM2811073	RPGN	ERCB_TUB_H7|GSE104954-GPL22945	0	0.3247888732999995	0.19241333
TUB	ERCB_TUB_H7	B-cPCA	GSE104954-GPL22945|GSM2811074	RPGN	ERCB_TUB_H7|GSE104954-GPL22945	0	0.20252700889137884	0.16178858
TUB	ERCB_TUB_H7	B-cPCA	GSE104954-GPL22945|GSM2811075	RPGN	ERCB_TUB_H7|GSE104954-GPL22945	0	0.2197818349604817	0.1733892
TUB	ERCB_TUB_H7	B-cPCA	GSE104954-GPL22945|GSM2811076	RPGN	ERCB_TUB_H7|GSE104954-GPL22945	0	0.21020446342451485	0.19944334
TUB	ERCB_TUB_H7	B-cPCA	GSE104954-GPL22945|GSM2811077	RPGN	ERCB_TUB_H7|GSE104954-GPL22945	0	0.2911477657456066	0.18049723
TUB	ERCB_TUB_H7	B-cPCA	GSE104954-GPL22945|GSM2811078	RPGN	ERCB_TUB_H7|GSE104954-GPL22945	0	0.2589228742909464	0.14796317
TUB	ERCB_TUB_H7	B-cPCA	GSE104954-GPL22945|GSM2811079	RPGN	ERCB_TUB_H7|GSE104954-GPL22945	0	0.2244515073764757	0.17669278
TUB	ERCB_TUB_H7	B-cPCA	GSE104954-GPL22945|GSM2811080	RPGN	ERCB_TUB_H7|GSE104954-GPL22945	0	0.2649095349226545	0.18342492
TUB	ERCB_TUB_H7	B-cPCA	GSE104954-GPL22945|GSM2811081	RPGN	ERCB_TUB_H7|GSE104954-GPL22945	0	0.3102783695098751	0.16416383
TUB	ERCB_TUB_H7	B-cPCA	GSE104954-GPL22945|GSM2811082	RPGN	ERCB_TUB_H7|GSE104954-GPL22945	0	0.2296563478834351	0.19420236
TUB	ERCB_TUB_H7	B-cPCA	GSE104954-GPL22945|GSM2811083	RPGN	ERCB_TUB_H7|GSE104954-GPL22945	0	0.26628198196288155	0.15347102
TUB	ERCB_TUB_H7	B-cPCA	GSE104954-GPL22945|GSM2811084	RPGN	ERCB_TUB_H7|GSE104954-GPL22945	0	0.1975731409757975	0.1667864
TUB	ERCB_TUB_H7	B-cPCA	GSE104954-GPL22945|GSM2811085	RPGN	ERCB_TUB_H7|GSE104954-GPL22945	0	0.2520299687241637	0.1651178
TUB	ERCB_TUB_H7	B-L2-unitcenter	GSE104954-GPL22945|GSM2811029	DKD	ERCB_TUB_H7|GSE104954-GPL22945	1	1.885223684818507	0.17536834
TUB	ERCB_TUB_H7	B-L2-unitcenter	GSE104954-GPL22945|GSM2811030	DKD	ERCB_TUB_H7|GSE104954-GPL22945	1	2.2873121699612677	0.18887702
TUB	ERCB_TUB_H7	B-L2-unitcenter	GSE104954-GPL22945|GSM2811031	DKD	ERCB_TUB_H7|GSE104954-GPL22945	1	3.235054842157498	0.20286363
TUB	ERCB_TUB_H7	B-L2-unitcenter	GSE104954-GPL22945|GSM2811032	DKD	ERCB_TUB_H7|GSE104954-GPL22945	1	1.836609351021397	0.15607879
TUB	ERCB_TUB_H7	B-L2-unitcenter	GSE104954-GPL22945|GSM2811033	DKD	ERCB_TUB_H7|GSE104954-GPL22945	1	1.2333472220391353	0.14301762
TUB	ERCB_TUB_H7	B-L2-unitcenter	GSE104954-GPL22945|GSM2811034	DKD	ERCB_TUB_H7|GSE104954-GPL22945	1	2.2062887521245407	0.16982377
TUB	ERCB_TUB_H7	B-L2-unitcenter	GSE104954-GPL22945|GSM2811035	DKD	ERCB_TUB_H7|GSE104954-GPL22945	1	2.462690572055036	0.20134085
TUB	ERCB_TUB_H7	B-L2-unitcenter	GSE104954-GPL22945|GSM2811036	FSGS_MCD	ERCB_TUB_H7|GSE104954-GPL22945	0	2.4406740897711408	0.16851354
TUB	ERCB_TUB_H7	B-L2-unitcenter	GSE104954-GPL22945|GSM2811037	FSGS_MCD	ERCB_TUB_H7|GSE104954-GPL22945	0	0.9771718540798963	0.14824036
TUB	ERCB_TUB_H7	B-L2-unitcenter	GSE104954-GPL22945|GSM2811038	FSGS_MCD	ERCB_TUB_H7|GSE104954-GPL22945	0	1.1203371813969238	0.16328934
TUB	ERCB_TUB_H7	B-L2-unitcenter	GSE104954-GPL22945|GSM2811039	FSGS_MCD	ERCB_TUB_H7|GSE104954-GPL22945	0	1.3865158085213305	0.15692228
TUB	ERCB_TUB_H7	B-L2-unitcenter	GSE104954-GPL22945|GSM2811040	FSGS	ERCB_TUB_H7|GSE104954-GPL22945	0	0.3848163983035564	0.14943066
TUB	ERCB_TUB_H7	B-L2-unitcenter	GSE104954-GPL22945|GSM2811041	FSGS	ERCB_TUB_H7|GSE104954-GPL22945	0	1.5994882254153269	0.10245401
TUB	ERCB_TUB_H7	B-L2-unitcenter	GSE104954-GPL22945|GSM2811042	FSGS	ERCB_TUB_H7|GSE104954-GPL22945	0	1.2175931506866493	0.17192248
TUB	ERCB_TUB_H7	B-L2-unitcenter	GSE104954-GPL22945|GSM2811061	MCD	ERCB_TUB_H7|GSE104954-GPL22945	0	0.5962822982920603	0.1483162
TUB	ERCB_TUB_H7	B-L2-unitcenter	GSE104954-GPL22945|GSM2811062	MCD	ERCB_TUB_H7|GSE104954-GPL22945	0	1.6050064086313887	0.17966563
TUB	ERCB_TUB_H7	B-L2-unitcenter	GSE104954-GPL22945|GSM2811063	MCD	ERCB_TUB_H7|GSE104954-GPL22945	0	-0.24692066426985138	0.14606464
TUB	ERCB_TUB_H7	B-L2-unitcenter	GSE104954-GPL22945|GSM2811064	MCD	ERCB_TUB_H7|GSE104954-GPL22945	0	0.055573497088619805	0.14240617
TUB	ERCB_TUB_H7	B-L2-unitcenter	GSE104954-GPL22945|GSM2811065	RPGN	ERCB_TUB_H7|GSE104954-GPL22945	0	2.2950217216789577	0.17862973
TUB	ERCB_TUB_H7	B-L2-unitcenter	GSE104954-GPL22945|GSM2811066	RPGN	ERCB_TUB_H7|GSE104954-GPL22945	0	1.7293691532161448	0.17090821
TUB	ERCB_TUB_H7	B-L2-unitcenter	GSE104954-GPL22945|GSM2811067	RPGN	ERCB_TUB_H7|GSE104954-GPL22945	0	2.627080028764905	0.20350787
TUB	ERCB_TUB_H7	B-L2-unitcenter	GSE104954-GPL22945|GSM2811068	RPGN	ERCB_TUB_H7|GSE104954-GPL22945	0	1.2640655284473672	0.14228153
TUB	ERCB_TUB_H7	B-L2-unitcenter	GSE104954-GPL22945|GSM2811069	RPGN	ERCB_TUB_H7|GSE104954-GPL22945	0	2.4622254760382076	0.19956419
TUB	ERCB_TUB_H7	B-L2-unitcenter	GSE104954-GPL22945|GSM2811070	RPGN	ERCB_TUB_H7|GSE104954-GPL22945	0	1.4719275565882977	0.16745749
TUB	ERCB_TUB_H7	B-L2-unitcenter	GSE104954-GPL22945|GSM2811071	RPGN	ERCB_TUB_H7|GSE104954-GPL22945	0	1.5396524945130259	0.15987423
TUB	ERCB_TUB_H7	B-L2-unitcenter	GSE104954-GPL22945|GSM2811072	RPGN	ERCB_TUB_H7|GSE104954-GPL22945	0	1.6096992288608662	0.18942955
TUB	ERCB_TUB_H7	B-L2-unitcenter	GSE104954-GPL22945|GSM2811073	RPGN	ERCB_TUB_H7|GSE104954-GPL22945	0	2.252347711055432	0.19241333
TUB	ERCB_TUB_H7	B-L2-unitcenter	GSE104954-GPL22945|GSM2811074	RPGN	ERCB_TUB_H7|GSE104954-GPL22945	0	1.0956511862399467	0.16178858
TUB	ERCB_TUB_H7	B-L2-unitcenter	GSE104954-GPL22945|GSM2811075	RPGN	ERCB_TUB_H7|GSE104954-GPL22945	0	1.9087641340164314	0.1733892
TUB	ERCB_TUB_H7	B-L2-unitcenter	GSE104954-GPL22945|GSM2811076	RPGN	ERCB_TUB_H7|GSE104954-GPL22945	0	1.9631353186988165	0.19944334
TUB	ERCB_TUB_H7	B-L2-unitcenter	GSE104954-GPL22945|GSM2811077	RPGN	ERCB_TUB_H7|GSE104954-GPL22945	0	1.8280179454435603	0.18049723
TUB	ERCB_TUB_H7	B-L2-unitcenter	GSE104954-GPL22945|GSM2811078	RPGN	ERCB_TUB_H7|GSE104954-GPL22945	0	1.3523977742464783	0.14796317
TUB	ERCB_TUB_H7	B-L2-unitcenter	GSE104954-GPL22945|GSM2811079	RPGN	ERCB_TUB_H7|GSE104954-GPL22945	0	1.791286025244836	0.17669278
TUB	ERCB_TUB_H7	B-L2-unitcenter	GSE104954-GPL22945|GSM2811080	RPGN	ERCB_TUB_H7|GSE104954-GPL22945	0	1.3843064986300218	0.18342492
TUB	ERCB_TUB_H7	B-L2-unitcenter	GSE104954-GPL22945|GSM2811081	RPGN	ERCB_TUB_H7|GSE104954-GPL22945	0	2.0873165751777467	0.16416383
TUB	ERCB_TUB_H7	B-L2-unitcenter	GSE104954-GPL22945|GSM2811082	RPGN	ERCB_TUB_H7|GSE104954-GPL22945	0	1.9611582193050254	0.19420236
TUB	ERCB_TUB_H7	B-L2-unitcenter	GSE104954-GPL22945|GSM2811083	RPGN	ERCB_TUB_H7|GSE104954-GPL22945	0	2.1455859285780825	0.15347102
TUB	ERCB_TUB_H7	B-L2-unitcenter	GSE104954-GPL22945|GSM2811084	RPGN	ERCB_TUB_H7|GSE104954-GPL22945	0	1.0178547781471878	0.1667864
TUB	ERCB_TUB_H7	B-L2-unitcenter	GSE104954-GPL22945|GSM2811085	RPGN	ERCB_TUB_H7|GSE104954-GPL22945	0	1.6755919158392518	0.1651178
TUB	ERCB_TUB_H7	B-injury	GSE104954-GPL22945|GSM2811029	DKD	ERCB_TUB_H7|GSE104954-GPL22945	1	-0.17536833882331848	0.17536834
TUB	ERCB_TUB_H7	B-injury	GSE104954-GPL22945|GSM2811030	DKD	ERCB_TUB_H7|GSE104954-GPL22945	1	-0.18887701630592346	0.18887702
TUB	ERCB_TUB_H7	B-injury	GSE104954-GPL22945|GSM2811031	DKD	ERCB_TUB_H7|GSE104954-GPL22945	1	-0.2028636336326599	0.20286363
TUB	ERCB_TUB_H7	B-injury	GSE104954-GPL22945|GSM2811032	DKD	ERCB_TUB_H7|GSE104954-GPL22945	1	-0.1560787856578827	0.15607879
TUB	ERCB_TUB_H7	B-injury	GSE104954-GPL22945|GSM2811033	DKD	ERCB_TUB_H7|GSE104954-GPL22945	1	-0.14301761984825134	0.14301762
TUB	ERCB_TUB_H7	B-injury	GSE104954-GPL22945|GSM2811034	DKD	ERCB_TUB_H7|GSE104954-GPL22945	1	-0.1698237657546997	0.16982377
TUB	ERCB_TUB_H7	B-injury	GSE104954-GPL22945|GSM2811035	DKD	ERCB_TUB_H7|GSE104954-GPL22945	1	-0.20134085416793823	0.20134085
TUB	ERCB_TUB_H7	B-injury	GSE104954-GPL22945|GSM2811036	FSGS_MCD	ERCB_TUB_H7|GSE104954-GPL22945	0	-0.16851353645324707	0.16851354
TUB	ERCB_TUB_H7	B-injury	GSE104954-GPL22945|GSM2811037	FSGS_MCD	ERCB_TUB_H7|GSE104954-GPL22945	0	-0.1482403576374054	0.14824036
TUB	ERCB_TUB_H7	B-injury	GSE104954-GPL22945|GSM2811038	FSGS_MCD	ERCB_TUB_H7|GSE104954-GPL22945	0	-0.16328933835029602	0.16328934
TUB	ERCB_TUB_H7	B-injury	GSE104954-GPL22945|GSM2811039	FSGS_MCD	ERCB_TUB_H7|GSE104954-GPL22945	0	-0.15692228078842163	0.15692228
TUB	ERCB_TUB_H7	B-injury	GSE104954-GPL22945|GSM2811040	FSGS	ERCB_TUB_H7|GSE104954-GPL22945	0	-0.14943066239356995	0.14943066
TUB	ERCB_TUB_H7	B-injury	GSE104954-GPL22945|GSM2811041	FSGS	ERCB_TUB_H7|GSE104954-GPL22945	0	-0.10245400667190552	0.10245401
TUB	ERCB_TUB_H7	B-injury	GSE104954-GPL22945|GSM2811042	FSGS	ERCB_TUB_H7|GSE104954-GPL22945	0	-0.1719224750995636	0.17192248
TUB	ERCB_TUB_H7	B-injury	GSE104954-GPL22945|GSM2811061	MCD	ERCB_TUB_H7|GSE104954-GPL22945	0	-0.14831620454788208	0.1483162
TUB	ERCB_TUB_H7	B-injury	GSE104954-GPL22945|GSM2811062	MCD	ERCB_TUB_H7|GSE104954-GPL22945	0	-0.17966562509536743	0.17966563
TUB	ERCB_TUB_H7	B-injury	GSE104954-GPL22945|GSM2811063	MCD	ERCB_TUB_H7|GSE104954-GPL22945	0	-0.1460646390914917	0.14606464
TUB	ERCB_TUB_H7	B-injury	GSE104954-GPL22945|GSM2811064	MCD	ERCB_TUB_H7|GSE104954-GPL22945	0	-0.142406165599823	0.14240617
TUB	ERCB_TUB_H7	B-injury	GSE104954-GPL22945|GSM2811065	RPGN	ERCB_TUB_H7|GSE104954-GPL22945	0	-0.17862972617149353	0.17862973
TUB	ERCB_TUB_H7	B-injury	GSE104954-GPL22945|GSM2811066	RPGN	ERCB_TUB_H7|GSE104954-GPL22945	0	-0.17090821266174316	0.17090821
TUB	ERCB_TUB_H7	B-injury	GSE104954-GPL22945|GSM2811067	RPGN	ERCB_TUB_H7|GSE104954-GPL22945	0	-0.20350787043571472	0.20350787
TUB	ERCB_TUB_H7	B-injury	GSE104954-GPL22945|GSM2811068	RPGN	ERCB_TUB_H7|GSE104954-GPL22945	0	-0.14228153228759766	0.14228153
TUB	ERCB_TUB_H7	B-injury	GSE104954-GPL22945|GSM2811069	RPGN	ERCB_TUB_H7|GSE104954-GPL22945	0	-0.19956418871879578	0.19956419
TUB	ERCB_TUB_H7	B-injury	GSE104954-GPL22945|GSM2811070	RPGN	ERCB_TUB_H7|GSE104954-GPL22945	0	-0.1674574911594391	0.16745749
TUB	ERCB_TUB_H7	B-injury	GSE104954-GPL22945|GSM2811071	RPGN	ERCB_TUB_H7|GSE104954-GPL22945	0	-0.15987423062324524	0.15987423
TUB	ERCB_TUB_H7	B-injury	GSE104954-GPL22945|GSM2811072	RPGN	ERCB_TUB_H7|GSE104954-GPL22945	0	-0.18942955136299133	0.18942955
TUB	ERCB_TUB_H7	B-injury	GSE104954-GPL22945|GSM2811073	RPGN	ERCB_TUB_H7|GSE104954-GPL22945	0	-0.192413330078125	0.19241333
TUB	ERCB_TUB_H7	B-injury	GSE104954-GPL22945|GSM2811074	RPGN	ERCB_TUB_H7|GSE104954-GPL22945	0	-0.16178858280181885	0.16178858
TUB	ERCB_TUB_H7	B-injury	GSE104954-GPL22945|GSM2811075	RPGN	ERCB_TUB_H7|GSE104954-GPL22945	0	-0.17338919639587402	0.1733892
TUB	ERCB_TUB_H7	B-injury	GSE104954-GPL22945|GSM2811076	RPGN	ERCB_TUB_H7|GSE104954-GPL22945	0	-0.19944334030151367	0.19944334
TUB	ERCB_TUB_H7	B-injury	GSE104954-GPL22945|GSM2811077	RPGN	ERCB_TUB_H7|GSE104954-GPL22945	0	-0.18049722909927368	0.18049723
TUB	ERCB_TUB_H7	B-injury	GSE104954-GPL22945|GSM2811078	RPGN	ERCB_TUB_H7|GSE104954-GPL22945	0	-0.14796316623687744	0.14796317
TUB	ERCB_TUB_H7	B-injury	GSE104954-GPL22945|GSM2811079	RPGN	ERCB_TUB_H7|GSE104954-GPL22945	0	-0.17669278383255005	0.17669278
TUB	ERCB_TUB_H7	B-injury	GSE104954-GPL22945|GSM2811080	RPGN	ERCB_TUB_H7|GSE104954-GPL22945	0	-0.1834249198436737	0.18342492
TUB	ERCB_TUB_H7	B-injury	GSE104954-GPL22945|GSM2811081	RPGN	ERCB_TUB_H7|GSE104954-GPL22945	0	-0.16416382789611816	0.16416383
TUB	ERCB_TUB_H7	B-injury	GSE104954-GPL22945|GSM2811082	RPGN	ERCB_TUB_H7|GSE104954-GPL22945	0	-0.19420236349105835	0.19420236
TUB	ERCB_TUB_H7	B-injury	GSE104954-GPL22945|GSM2811083	RPGN	ERCB_TUB_H7|GSE104954-GPL22945	0	-0.15347102284431458	0.15347102
TUB	ERCB_TUB_H7	B-injury	GSE104954-GPL22945|GSM2811084	RPGN	ERCB_TUB_H7|GSE104954-GPL22945	0	-0.16678640246391296	0.1667864
TUB	ERCB_TUB_H7	B-injury	GSE104954-GPL22945|GSM2811085	RPGN	ERCB_TUB_H7|GSE104954-GPL22945	0	-0.1651178002357483	0.1651178
