sample_uid	series	gse	gsm	role	compartment	diagnosis	diag_source	biopsy_id	subtype	technical_outlier	title
GSE104948-GPL22945|GSM2810770	GSE104948-GPL22945	GSE104948	GSM2810770	eval_T1_T2	GLOM	DKD	ERCB title code	ERCB:GLOM:DN:901		False	H7-Glom-DN901
GSE104948-GPL22945|GSM2810771	GSE104948-GPL22945	GSE104948	GSM2810771	eval_T1_T2	GLOM	DKD	ERCB title code	ERCB:GLOM:DN:910		False	H7-Glom-DN910
GSE104948-GPL22945|GSM2810772	GSE104948-GPL22945	GSE104948	GSM2810772	eval_T1_T2	GLOM	DKD	ERCB title code	ERCB:GLOM:DN:914		False	H7-Glom-DN914
GSE104948-GPL22945|GSM2810773	GSE104948-GPL22945	GSE104948	GSM2810773	eval_T1_T2	GLOM	DKD	ERCB title code	ERCB:GLOM:DN:916		False	H7-Glom-DN916
GSE104948-GPL22945|GSM2810774	GSE104948-GPL22945	GSE104948	GSM2810774	eval_T1_T2	GLOM	DKD	ERCB title code	ERCB:GLOM:DN:932		False	H7-Glom-DN932
GSE104948-GPL22945|GSM2810775	GSE104948-GPL22945	GSE104948	GSM2810775	eval_T1_T2	GLOM	DKD	ERCB title code	ERCB:GLOM:DN:941		False	H7-Glom-DN941
GSE104948-GPL22945|GSM2810776	GSE104948-GPL22945	GSE104948	GSM2810776	eval_T1_T2	GLOM	DKD	ERCB title code	ERCB:GLOM:DN:947		False	H7-Glom-DN947
GSE104948-GPL22945|GSM2810777	GSE104948-GPL22945	GSE104948	GSM2810777	eval_T1_T2	GLOM	FSGS_MCD	ERCB title code	ERCB:GLOM:FSGS&MCD:905		False	H7-Glom-FSGS&MCD905
GSE104948-GPL22945|GSM2810778	GSE104948-GPL22945	GSE104948	GSM2810778	eval_T1_T2	GLOM	FSGS_MCD	ERCB title code	ERCB:GLOM:FSGS&MCD:922		False	H7-Glom-FSGS&MCD922
GSE104948-GPL22945|GSM2810779	GSE104948-GPL22945	GSE104948	GSM2810779	eval_T1_T2	GLOM	FSGS_MCD	ERCB title code	ERCB:GLOM:FSGS&MCD:923		False	H7-Glom-FSGS&MCD923
GSE104948-GPL22945|GSM2810780	GSE104948-GPL22945	GSE104948	GSM2810780	eval_T1_T2	GLOM	FSGS_MCD	ERCB title code	ERCB:GLOM:FSGS&MCD:931		False	H7-Glom-FSGS&MCD931
GSE104948-GPL22945|GSM2810781	GSE104948-GPL22945	GSE104948	GSM2810781	eval_T1_T2	GLOM	FSGS_MCD	ERCB title code	ERCB:GLOM:FSGS&MCD:940		False	H7-Glom-FSGS&MCD940
GSE104948-GPL22945|GSM2810782	GSE104948-GPL22945	GSE104948	GSM2810782	eval_T1_T2	GLOM	FSGS_MCD	ERCB title code	ERCB:GLOM:FSGS&MCD:944		False	H7-Glom-FSGS&MCD944
GSE104948-GPL22945|GSM2810783	GSE104948-GPL22945	GSE104948	GSM2810783	eval_T1_T2	GLOM	FSGS	ERCB title code	ERCB:GLOM:FSGS:912		False	H7-Glom-FSGS912
GSE104948-GPL22945|GSM2810784	GSE104948-GPL22945	GSE104948	GSM2810784	eval_T1_T2	GLOM	FSGS	ERCB title code	ERCB:GLOM:FSGS:915		False	H7-Glom-FSGS915
GSE104948-GPL22945|GSM2810785	GSE104948-GPL22945	GSE104948	GSM2810785	eval_T1_T2	GLOM	FSGS	ERCB title code	ERCB:GLOM:FSGS:917		False	H7-Glom-FSGS917
GSE104948-GPL22945|GSM2810786	GSE104948-GPL22945	GSE104948	GSM2810786	eval_T1_T2	GLOM	FSGS	ERCB title code	ERCB:GLOM:FSGS:918		False	H7-Glom-FSGS918
GSE104948-GPL22945|GSM2810787	GSE104948-GPL22945	GSE104948	GSM2810787	eval_T1_T2	GLOM	FSGS	ERCB title code	ERCB:GLOM:FSGS:920		False	H7-Glom-FSGS920
GSE104948-GPL22945|GSM2810788	GSE104948-GPL22945	GSE104948	GSM2810788	eval_T1_T2	GLOM	FSGS	ERCB title code	ERCB:GLOM:FSGS:927		False	H7-Glom-FSGS927
GSE104948-GPL22945|GSM2810789	GSE104948-GPL22945	GSE104948	GSM2810789	eval_T1_T2	GLOM	FSGS	ERCB title code	ERCB:GLOM:FSGS:933		False	H7-Glom-FSGS933
GSE104948-GPL22945|GSM2810790	GSE104948-GPL22945	GSE104948	GSM2810790	eval_T1_T2	GLOM	FSGS	ERCB title code	ERCB:GLOM:FSGS:970		False	H7-Glom-FSGS970
GSE104948-GPL22945|GSM2810791	GSE104948-GPL22945	GSE104948	GSM2810791	eval_T1_T2	GLOM	FSGS	ERCB title code	ERCB:GLOM:FSGS:971		False	H7-Glom-FSGS971
GSE104948-GPL22945|GSM2810792	GSE104948-GPL22945	GSE104948	GSM2810792	eval_T1_T2	GLOM	FSGS	ERCB title code	ERCB:GLOM:FSGS:972		False	H7-Glom-FSGS972
GSE104948-GPL22945|GSM2810793	GSE104948-GPL22945	GSE104948	GSM2810793	eval_T1_T2	GLOM	CONTROL	ERCB title code	ERCB:GLOM:LD:974		False	H7-Glom-LD_974
GSE104948-GPL22945|GSM2810794	GSE104948-GPL22945	GSE104948	GSM2810794	eval_T1_T2	GLOM	CONTROL	ERCB title code	ERCB:GLOM:LD:975		False	H7-Glom-LD_975
GSE104948-GPL22945|GSM2810795	GSE104948-GPL22945	GSE104948	GSM2810795	eval_T1_T2	GLOM	CONTROL	ERCB title code	ERCB:GLOM:LD:976		False	H7-Glom-LD_976
GSE104948-GPL22945|GSM2810796	GSE104948-GPL22945	GSE104948	GSM2810796	eval_T1_T2	GLOM	CONTROL	ERCB title code	ERCB:GLOM:LD:978		False	H7-Glom-LD_978
GSE104948-GPL22945|GSM2810797	GSE104948-GPL22945	GSE104948	GSM2810797	eval_T1_T2	GLOM	CONTROL	ERCB title code	ERCB:GLOM:LD:979		False	H7-Glom-LD_979
GSE104948-GPL22945|GSM2810798	GSE104948-GPL22945	GSE104948	GSM2810798	eval_T1_T2	GLOM	CONTROL	ERCB title code	ERCB:GLOM:LD:980		False	H7-Glom-LD_980
GSE104948-GPL22945|GSM2810799	GSE104948-GPL22945	GSE104948	GSM2810799	eval_T1_T2	GLOM	CONTROL	ERCB title code	ERCB:GLOM:LD:981		False	H7-Glom-LD_981
GSE104948-GPL22945|GSM2810800	GSE104948-GPL22945	GSE104948	GSM2810800	eval_T1_T2	GLOM	CONTROL	ERCB title code	ERCB:GLOM:LD:982		False	H7-Glom-LD_982
GSE104948-GPL22945|GSM2810801	GSE104948-GPL22945	GSE104948	GSM2810801	eval_T1_T2	GLOM	CONTROL	ERCB title code	ERCB:GLOM:LD:983		False	H7-Glom-LD_983
GSE104948-GPL22945|GSM2810802	GSE104948-GPL22945	GSE104948	GSM2810802	eval_T1_T2	GLOM	CONTROL	ERCB title code	ERCB:GLOM:LD:984		False	H7-Glom-LD_984
GSE104948-GPL22945|GSM2810803	GSE104948-GPL22945	GSE104948	GSM2810803	eval_T1_T2	GLOM	CONTROL	ERCB title code	ERCB:GLOM:LD:985		False	H7-Glom-LD_985
GSE104948-GPL22945|GSM2810804	GSE104948-GPL22945	GSE104948	GSM2810804	eval_T1_T2	GLOM	CONTROL	ERCB title code	ERCB:GLOM:LD:987		False	H7-Glom-LD_987
GSE104948-GPL22945|GSM2810805	GSE104948-GPL22945	GSE104948	GSM2810805	eval_T1_T2	GLOM	CONTROL	ERCB title code	ERCB:GLOM:LD:988		False	H7-Glom-LD_988
GSE104948-GPL22945|GSM2810806	GSE104948-GPL22945	GSE104948	GSM2810806	eval_T1_T2	GLOM	CONTROL	ERCB title code	ERCB:GLOM:LD:989		False	H7-Glom-LD_989
GSE104948-GPL22945|GSM2810807	GSE104948-GPL22945	GSE104948	GSM2810807	eval_T1_T2	GLOM	CONTROL	ERCB title code	ERCB:GLOM:LD:990		False	H7-Glom-LD_990
GSE104948-GPL22945|GSM2810808	GSE104948-GPL22945	GSE104948	GSM2810808	eval_T1_T2	GLOM	CONTROL	ERCB title code	ERCB:GLOM:LD:992		False	H7-Glom-LD_992
GSE104948-GPL22945|GSM2810809	GSE104948-GPL22945	GSE104948	GSM2810809	eval_T1_T2	GLOM	CONTROL	ERCB title code	ERCB:GLOM:LD:993		False	H7-Glom-LD_993
GSE104948-GPL22945|GSM2810810	GSE104948-GPL22945	GSE104948	GSM2810810	eval_T1_T2	GLOM	CONTROL	ERCB title code	ERCB:GLOM:LD:994		False	H7-Glom-LD_994
GSE104948-GPL22945|GSM2810811	GSE104948-GPL22945	GSE104948	GSM2810811	eval_T1_T2	GLOM	MCD	ERCB title code	ERCB:GLOM:MCD:903		False	H7-Glom-MCD903
GSE104948-GPL22945|GSM2810812	GSE104948-GPL22945	GSE104948	GSM2810812	eval_T1_T2	GLOM	MCD	ERCB title code	ERCB:GLOM:MCD:919		False	H7-Glom-MCD919
GSE104948-GPL22945|GSM2810813	GSE104948-GPL22945	GSE104948	GSM2810813	eval_T1_T2	GLOM	MCD	ERCB title code	ERCB:GLOM:MCD:921		False	H7-Glom-MCD921
GSE104948-GPL22945|GSM2810814	GSE104948-GPL22945	GSE104948	GSM2810814	eval_T1_T2	GLOM	MCD	ERCB title code	ERCB:GLOM:MCD:945		False	H7-Glom-MCD945
GSE104948-GPL22945|GSM2810815	GSE104948-GPL22945	GSE104948	GSM2810815	eval_T1_T2	GLOM	MCD	ERCB title code	ERCB:GLOM:MCD:973		False	H7-Glom-MCD973
GSE104948-GPL22945|GSM2810816	GSE104948-GPL22945	GSE104948	GSM2810816	eval_T1_T2	GLOM	RPGN	ERCB title code	ERCB:GLOM:RPGN:902		False	H7-Glom-RPGN902
GSE104948-GPL22945|GSM2810817	GSE104948-GPL22945	GSE104948	GSM2810817	eval_T1_T2	GLOM	RPGN	ERCB title code	ERCB:GLOM:RPGN:904		False	H7-Glom-RPGN904
GSE104948-GPL22945|GSM2810818	GSE104948-GPL22945	GSE104948	GSM2810818	eval_T1_T2	GLOM	RPGN	ERCB title code	ERCB:GLOM:RPGN:906		False	H7-Glom-RPGN906
GSE104948-GPL22945|GSM2810819	GSE104948-GPL22945	GSE104948	GSM2810819	eval_T1_T2	GLOM	RPGN	ERCB title code	ERCB:GLOM:RPGN:907		False	H7-Glom-RPGN907
GSE104948-GPL22945|GSM2810820	GSE104948-GPL22945	GSE104948	GSM2810820	eval_T1_T2	GLOM	RPGN	ERCB title code	ERCB:GLOM:RPGN:908		False	H7-Glom-RPGN908
GSE104948-GPL22945|GSM2810821	GSE104948-GPL22945	GSE104948	GSM2810821	eval_T1_T2	GLOM	RPGN	ERCB title code	ERCB:GLOM:RPGN:909		False	H7-Glom-RPGN909
GSE104948-GPL22945|GSM2810822	GSE104948-GPL22945	GSE104948	GSM2810822	eval_T1_T2	GLOM	RPGN	ERCB title code	ERCB:GLOM:RPGN:911		False	H7-Glom-RPGN911
GSE104948-GPL22945|GSM2810823	GSE104948-GPL22945	GSE104948	GSM2810823	eval_T1_T2	GLOM	RPGN	ERCB title code	ERCB:GLOM:RPGN:913		False	H7-Glom-RPGN913
GSE104948-GPL22945|GSM2810824	GSE104948-GPL22945	GSE104948	GSM2810824	eval_T1_T2	GLOM	RPGN	ERCB title code	ERCB:GLOM:RPGN:924		False	H7-Glom-RPGN924
GSE104948-GPL22945|GSM2810825	GSE104948-GPL22945	GSE104948	GSM2810825	eval_T1_T2	GLOM	RPGN	ERCB title code	ERCB:GLOM:RPGN:925		False	H7-Glom-RPGN925
GSE104948-GPL22945|GSM2810826	GSE104948-GPL22945	GSE104948	GSM2810826	eval_T1_T2	GLOM	RPGN	ERCB title code	ERCB:GLOM:RPGN:926		False	H7-Glom-RPGN926
GSE104948-GPL22945|GSM2810827	GSE104948-GPL22945	GSE104948	GSM2810827	eval_T1_T2	GLOM	RPGN	ERCB title code	ERCB:GLOM:RPGN:928		False	H7-Glom-RPGN928
GSE104948-GPL22945|GSM2810828	GSE104948-GPL22945	GSE104948	GSM2810828	eval_T1_T2	GLOM	RPGN	ERCB title code	ERCB:GLOM:RPGN:929		False	H7-Glom-RPGN929
GSE104948-GPL22945|GSM2810829	GSE104948-GPL22945	GSE104948	GSM2810829	eval_T1_T2	GLOM	RPGN	ERCB title code	ERCB:GLOM:RPGN:930		False	H7-Glom-RPGN930
GSE104948-GPL22945|GSM2810830	GSE104948-GPL22945	GSE104948	GSM2810830	eval_T1_T2	GLOM	RPGN	ERCB title code	ERCB:GLOM:RPGN:934		False	H7-Glom-RPGN934
GSE104948-GPL22945|GSM2810831	GSE104948-GPL22945	GSE104948	GSM2810831	eval_T1_T2	GLOM	RPGN	ERCB title code	ERCB:GLOM:RPGN:936		False	H7-Glom-RPGN936
GSE104948-GPL22945|GSM2810832	GSE104948-GPL22945	GSE104948	GSM2810832	eval_T1_T2	GLOM	RPGN	ERCB title code	ERCB:GLOM:RPGN:937		False	H7-Glom-RPGN937
GSE104948-GPL22945|GSM2810833	GSE104948-GPL22945	GSE104948	GSM2810833	eval_T1_T2	GLOM	RPGN	ERCB title code	ERCB:GLOM:RPGN:938		False	H7-Glom-RPGN938
GSE104948-GPL22945|GSM2810834	GSE104948-GPL22945	GSE104948	GSM2810834	eval_T1_T2	GLOM	RPGN	ERCB title code	ERCB:GLOM:RPGN:939		False	H7-Glom-RPGN939
GSE104948-GPL22945|GSM2810835	GSE104948-GPL22945	GSE104948	GSM2810835	eval_T1_T2	GLOM	RPGN	ERCB title code	ERCB:GLOM:RPGN:942		False	H7-Glom-RPGN942
GSE104948-GPL22945|GSM2810836	GSE104948-GPL22945	GSE104948	GSM2810836	eval_T1_T2	GLOM	RPGN	ERCB title code	ERCB:GLOM:RPGN:943		False	H7-Glom-RPGN943
GSE104948-GPL22945|GSM2810837	GSE104948-GPL22945	GSE104948	GSM2810837	eval_T1_T2	GLOM	RPGN	ERCB title code	ERCB:GLOM:RPGN:946		False	H7-Glom-RPGN946
GSE104948-GPL22945|GSM2810838	GSE104948-GPL22945	GSE104948	GSM2810838	eval_T1_T2	GLOM	CONTROL	ERCB title code	ERCB:GLOM:TN:995		False	H7-Glom-TN995
GSE104948-GPL22945|GSM2810839	GSE104948-GPL22945	GSE104948	GSM2810839	eval_T1_T2	GLOM	CONTROL	ERCB title code	ERCB:GLOM:TN:996		False	H7-Glom-TN996
GSE104948-GPL22945|GSM2810840	GSE104948-GPL22945	GSE104948	GSM2810840	eval_T1_T2	GLOM	CONTROL	ERCB title code	ERCB:GLOM:TN:997		False	H7-Glom-TN997
GSE104948-GPL24120|GSM2810645	GSE104948-GPL24120	GSE104948	GSM2810645	eval_T1_T2	GLOM	DKD	ERCB title code	ERCB:GLOM:DN:1		False	H1-Glom-DN1
GSE104948-GPL24120|GSM2810646	GSE104948-GPL24120	GSE104948	GSM2810646	eval_T1_T2	GLOM	DKD	ERCB title code	ERCB:GLOM:DN:10		False	H1-Glom-DN10
GSE104948-GPL24120|GSM2810647	GSE104948-GPL24120	GSE104948	GSM2810647	eval_T1_T2	GLOM	DKD	ERCB title code	ERCB:GLOM:DN:2		False	H1-Glom-DN2
GSE104948-GPL24120|GSM2810648	GSE104948-GPL24120	GSE104948	GSM2810648	eval_T1_T2	GLOM	DKD	ERCB title code	ERCB:GLOM:DN:5		False	H1-Glom-DN5
GSE104948-GPL24120|GSM2810649	GSE104948-GPL24120	GSE104948	GSM2810649	eval_T1_T2	GLOM	DKD	ERCB title code	ERCB:GLOM:DN:8		False	H1-Glom-DN8
GSE104948-GPL24120|GSM2810650	GSE104948-GPL24120	GSE104948	GSM2810650	eval_T1_T2	GLOM	MCD	ERCB title code	ERCB:GLOM:MCD:1		False	H1-Glom-MCD1
GSE104948-GPL24120|GSM2810651	GSE104948-GPL24120	GSE104948	GSM2810651	eval_T1_T2	GLOM	MCD	ERCB title code	ERCB:GLOM:MCD:2		False	H1-Glom-MCD2
GSE104948-GPL24120|GSM2810652	GSE104948-GPL24120	GSE104948	GSM2810652	eval_T1_T2	GLOM	MCD	ERCB title code	ERCB:GLOM:MCD:3		False	H1-Glom-MCD3
GSE104948-GPL24120|GSM2810653	GSE104948-GPL24120	GSE104948	GSM2810653	eval_T1_T2	GLOM	MCD	ERCB title code	ERCB:GLOM:MCD:5		False	H1-Glom-MCD5
GSE104948-GPL24120|GSM2810654	GSE104948-GPL24120	GSE104948	GSM2810654	eval_T1_T2	GLOM	TMD	ERCB title code	ERCB:GLOM:TMD:1		False	H1-Glom-TMD1
GSE104948-GPL24120|GSM2810655	GSE104948-GPL24120	GSE104948	GSM2810655	eval_T1_T2	GLOM	TMD	ERCB title code	ERCB:GLOM:TMD:2		False	H1-Glom-TMD2
GSE104948-GPL24120|GSM2810656	GSE104948-GPL24120	GSE104948	GSM2810656	eval_T1_T2	GLOM	TMD	ERCB title code	ERCB:GLOM:TMD:5		False	H1-Glom-TMD5
GSE104948-GPL24120|GSM2810657	GSE104948-GPL24120	GSE104948	GSM2810657	eval_T1_T2	GLOM	HT	ERCB title code	ERCB:GLOM:HT:1		False	H2-Glom-HT1
GSE104948-GPL24120|GSM2810658	GSE104948-GPL24120	GSE104948	GSM2810658	eval_T1_T2	GLOM	HT	ERCB title code	ERCB:GLOM:HT:11		False	H2-Glom-HT11
GSE104948-GPL24120|GSM2810659	GSE104948-GPL24120	GSE104948	GSM2810659	eval_T1_T2	GLOM	HT	ERCB title code	ERCB:GLOM:HT:12		False	H2-Glom-HT12
GSE104948-GPL24120|GSM2810660	GSE104948-GPL24120	GSE104948	GSM2810660	eval_T1_T2	GLOM	HT	ERCB title code	ERCB:GLOM:HT:13		False	H2-Glom-HT13
GSE104948-GPL24120|GSM2810661	GSE104948-GPL24120	GSE104948	GSM2810661	eval_T1_T2	GLOM	HT	ERCB title code	ERCB:GLOM:HT:14		False	H2-Glom-HT14
GSE104948-GPL24120|GSM2810662	GSE104948-GPL24120	GSE104948	GSM2810662	eval_T1_T2	GLOM	HT	ERCB title code	ERCB:GLOM:HT:15		False	H2-Glom-HT15
GSE104948-GPL24120|GSM2810663	GSE104948-GPL24120	GSE104948	GSM2810663	eval_T1_T2	GLOM	HT	ERCB title code	ERCB:GLOM:HT:16		False	H2-Glom-HT16
GSE104948-GPL24120|GSM2810664	GSE104948-GPL24120	GSE104948	GSM2810664	eval_T1_T2	GLOM	HT	ERCB title code	ERCB:GLOM:HT:18		False	H2-Glom-HT18
GSE104948-GPL24120|GSM2810665	GSE104948-GPL24120	GSE104948	GSM2810665	eval_T1_T2	GLOM	HT	ERCB title code	ERCB:GLOM:HT:2		False	H2-Glom-HT2
GSE104948-GPL24120|GSM2810666	GSE104948-GPL24120	GSE104948	GSM2810666	eval_T1_T2	GLOM	HT	ERCB title code	ERCB:GLOM:HT:20		False	H2-Glom-HT20
GSE104948-GPL24120|GSM2810667	GSE104948-GPL24120	GSE104948	GSM2810667	eval_T1_T2	GLOM	HT	ERCB title code	ERCB:GLOM:HT:4		False	H2-Glom-HT4
GSE104948-GPL24120|GSM2810668	GSE104948-GPL24120	GSE104948	GSM2810668	eval_T1_T2	GLOM	HT	ERCB title code	ERCB:GLOM:HT:5		False	H2-Glom-HT5
GSE104948-GPL24120|GSM2810669	GSE104948-GPL24120	GSE104948	GSM2810669	eval_T1_T2	GLOM	HT	ERCB title code	ERCB:GLOM:HT:6		False	H2-Glom-HT6
GSE104948-GPL24120|GSM2810670	GSE104948-GPL24120	GSE104948	GSM2810670	eval_T1_T2	GLOM	HT	ERCB title code	ERCB:GLOM:HT:7		False	H2-Glom-HT7
GSE104948-GPL24120|GSM2810671	GSE104948-GPL24120	GSE104948	GSM2810671	eval_T1_T2	GLOM	HT	ERCB title code	ERCB:GLOM:HT:8		False	H2-Glom-HT8
GSE104948-GPL24120|GSM2810672	GSE104948-GPL24120	GSE104948	GSM2810672	eval_T1_T2	GLOM	MCD	ERCB title code	ERCB:GLOM:MCD:10		False	H3-Glom-MCD10
GSE104948-GPL24120|GSM2810673	GSE104948-GPL24120	GSE104948	GSM2810673	eval_T1_T2	GLOM	MCD	ERCB title code	ERCB:GLOM:MCD:12		False	H3-Glom-MCD12
GSE104948-GPL24120|GSM2810674	GSE104948-GPL24120	GSE104948	GSM2810674	eval_T1_T2	GLOM	MCD	ERCB title code	ERCB:GLOM:MCD:6		False	H3-Glom-MCD6
GSE104948-GPL24120|GSM2810675	GSE104948-GPL24120	GSE104948	GSM2810675	eval_T1_T2	GLOM	MCD	ERCB title code	ERCB:GLOM:MCD:7		False	H3-Glom-MCD7
GSE104948-GPL24120|GSM2810676	GSE104948-GPL24120	GSE104948	GSM2810676	eval_T1_T2	GLOM	MCD	ERCB title code	ERCB:GLOM:MCD:9		False	H3-Glom-MCD9
GSE104948-GPL24120|GSM2810677	GSE104948-GPL24120	GSE104948	GSM2810677	eval_T1_T2	GLOM	CONTROL	ERCB title code	ERCB:GLOM:TN:2		False	H3-Glom-TN2
GSE104948-GPL24120|GSM2810678	GSE104948-GPL24120	GSE104948	GSM2810678	eval_T1_T2	GLOM	CONTROL	ERCB title code	ERCB:GLOM:TN:4		False	H3-Glom-TN4
GSE104948-GPL24120|GSM2810679	GSE104948-GPL24120	GSE104948	GSM2810679	eval_T1_T2	GLOM	IgAN	ERCB title code	ERCB:GLOM:IGA:1		False	H4-Glom-IgA1
GSE104948-GPL24120|GSM2810680	GSE104948-GPL24120	GSE104948	GSM2810680	eval_T1_T2	GLOM	IgAN	ERCB title code	ERCB:GLOM:IGA:10		False	H4-Glom-IgA10
GSE104948-GPL24120|GSM2810681	GSE104948-GPL24120	GSE104948	GSM2810681	eval_T1_T2	GLOM	IgAN	ERCB title code	ERCB:GLOM:IGA:11		False	H4-Glom-IgA11
GSE104948-GPL24120|GSM2810682	GSE104948-GPL24120	GSE104948	GSM2810682	eval_T1_T2	GLOM	IgAN	ERCB title code	ERCB:GLOM:IGA:12		False	H4-Glom-IgA12
GSE104948-GPL24120|GSM2810683	GSE104948-GPL24120	GSE104948	GSM2810683	eval_T1_T2	GLOM	IgAN	ERCB title code	ERCB:GLOM:IGA:13		False	H4-Glom-IgA13
GSE104948-GPL24120|GSM2810684	GSE104948-GPL24120	GSE104948	GSM2810684	eval_T1_T2	GLOM	IgAN	ERCB title code	ERCB:GLOM:IGA:14		False	H4-Glom-IgA14
GSE104948-GPL24120|GSM2810685	GSE104948-GPL24120	GSE104948	GSM2810685	eval_T1_T2	GLOM	IgAN	ERCB title code	ERCB:GLOM:IGA:15		False	H4-Glom-IgA15
GSE104948-GPL24120|GSM2810686	GSE104948-GPL24120	GSE104948	GSM2810686	eval_T1_T2	GLOM	IgAN	ERCB title code	ERCB:GLOM:IGA:16		False	H4-Glom-IgA16
GSE104948-GPL24120|GSM2810687	GSE104948-GPL24120	GSE104948	GSM2810687	eval_T1_T2	GLOM	IgAN	ERCB title code	ERCB:GLOM:IGA:17		False	H4-Glom-IgA17
GSE104948-GPL24120|GSM2810688	GSE104948-GPL24120	GSE104948	GSM2810688	eval_T1_T2	GLOM	IgAN	ERCB title code	ERCB:GLOM:IGA:18		False	H4-Glom-IgA18
GSE104948-GPL24120|GSM2810689	GSE104948-GPL24120	GSE104948	GSM2810689	eval_T1_T2	GLOM	IgAN	ERCB title code	ERCB:GLOM:IGA:19		False	H4-Glom-IgA19
GSE104948-GPL24120|GSM2810690	GSE104948-GPL24120	GSE104948	GSM2810690	eval_T1_T2	GLOM	IgAN	ERCB title code	ERCB:GLOM:IGA:2		False	H4-Glom-IgA2
GSE104948-GPL24120|GSM2810691	GSE104948-GPL24120	GSE104948	GSM2810691	eval_T1_T2	GLOM	IgAN	ERCB title code	ERCB:GLOM:IGA:20		False	H4-Glom-IgA20
GSE104948-GPL24120|GSM2810692	GSE104948-GPL24120	GSE104948	GSM2810692	eval_T1_T2	GLOM	IgAN	ERCB title code	ERCB:GLOM:IGA:21		False	H4-Glom-IgA21
GSE104948-GPL24120|GSM2810693	GSE104948-GPL24120	GSE104948	GSM2810693	eval_T1_T2	GLOM	IgAN	ERCB title code	ERCB:GLOM:IGA:22		False	H4-Glom-IgA22
GSE104948-GPL24120|GSM2810694	GSE104948-GPL24120	GSE104948	GSM2810694	eval_T1_T2	GLOM	IgAN	ERCB title code	ERCB:GLOM:IGA:23		False	H4-Glom-IgA23
GSE104948-GPL24120|GSM2810695	GSE104948-GPL24120	GSE104948	GSM2810695	eval_T1_T2	GLOM	IgAN	ERCB title code	ERCB:GLOM:IGA:24		False	H4-Glom-IgA24
GSE104948-GPL24120|GSM2810696	GSE104948-GPL24120	GSE104948	GSM2810696	eval_T1_T2	GLOM	IgAN	ERCB title code	ERCB:GLOM:IGA:25		False	H4-Glom-IgA25
GSE104948-GPL24120|GSM2810697	GSE104948-GPL24120	GSE104948	GSM2810697	eval_T1_T2	GLOM	IgAN	ERCB title code	ERCB:GLOM:IGA:26		False	H4-Glom-IgA26
GSE104948-GPL24120|GSM2810698	GSE104948-GPL24120	GSE104948	GSM2810698	eval_T1_T2	GLOM	IgAN	ERCB title code	ERCB:GLOM:IGA:27		False	H4-Glom-IgA27
GSE104948-GPL24120|GSM2810699	GSE104948-GPL24120	GSE104948	GSM2810699	eval_T1_T2	GLOM	IgAN	ERCB title code	ERCB:GLOM:IGA:3		False	H4-Glom-IgA3
GSE104948-GPL24120|GSM2810700	GSE104948-GPL24120	GSE104948	GSM2810700	eval_T1_T2	GLOM	IgAN	ERCB title code	ERCB:GLOM:IGA:4		False	H4-Glom-IgA4
GSE104948-GPL24120|GSM2810701	GSE104948-GPL24120	GSE104948	GSM2810701	eval_T1_T2	GLOM	IgAN	ERCB title code	ERCB:GLOM:IGA:5		False	H4-Glom-IgA5
GSE104948-GPL24120|GSM2810702	GSE104948-GPL24120	GSE104948	GSM2810702	eval_T1_T2	GLOM	IgAN	ERCB title code	ERCB:GLOM:IGA:6		False	H4-Glom-IgA6
GSE104948-GPL24120|GSM2810703	GSE104948-GPL24120	GSE104948	GSM2810703	eval_T1_T2	GLOM	IgAN	ERCB title code	ERCB:GLOM:IGA:7		False	H4-Glom-IgA7
GSE104948-GPL24120|GSM2810704	GSE104948-GPL24120	GSE104948	GSM2810704	eval_T1_T2	GLOM	IgAN	ERCB title code	ERCB:GLOM:IGA:8		False	H4-Glom-IgA8
GSE104948-GPL24120|GSM2810705	GSE104948-GPL24120	GSE104948	GSM2810705	eval_T1_T2	GLOM	IgAN	ERCB title code	ERCB:GLOM:IGA:9		False	H4-Glom-IgA9
GSE104948-GPL24120|GSM2810706	GSE104948-GPL24120	GSE104948	GSM2810706	eval_T1_T2	GLOM	FSGS	ERCB title code	ERCB:GLOM:FSGS:428		False	H5-Glom-FSGS428
GSE104948-GPL24120|GSM2810707	GSE104948-GPL24120	GSE104948	GSM2810707	eval_T1_T2	GLOM	FSGS	ERCB title code	ERCB:GLOM:FSGS:433		False	H5-Glom-FSGS433
GSE104948-GPL24120|GSM2810708	GSE104948-GPL24120	GSE104948	GSM2810708	eval_T1_T2	GLOM	FSGS	ERCB title code	ERCB:GLOM:FSGS:441		False	H5-Glom-FSGS441
GSE104948-GPL24120|GSM2810709	GSE104948-GPL24120	GSE104948	GSM2810709	eval_T1_T2	GLOM	FSGS	ERCB title code	ERCB:GLOM:FSGS:446		False	H5-Glom-FSGS446
GSE104948-GPL24120|GSM2810710	GSE104948-GPL24120	GSE104948	GSM2810710	eval_T1_T2	GLOM	FSGS	ERCB title code	ERCB:GLOM:FSGS:449		False	H5-Glom-FSGS449
GSE104948-GPL24120|GSM2810711	GSE104948-GPL24120	GSE104948	GSM2810711	eval_T1_T2	GLOM	FSGS	ERCB title code	ERCB:GLOM:FSGS:457		False	H5-Glom-FSGS457
GSE104948-GPL24120|GSM2810712	GSE104948-GPL24120	GSE104948	GSM2810712	eval_T1_T2	GLOM	FSGS	ERCB title code	ERCB:GLOM:FSGS:458		False	H5-Glom-FSGS458
GSE104948-GPL24120|GSM2810713	GSE104948-GPL24120	GSE104948	GSM2810713	eval_T1_T2	GLOM	FSGS	ERCB title code	ERCB:GLOM:FSGS:459		False	H5-Glom-FSGS459
GSE104948-GPL24120|GSM2810714	GSE104948-GPL24120	GSE104948	GSM2810714	eval_T1_T2	GLOM	CONTROL	ERCB title code	ERCB:GLOM:LD:478		False	H5-Glom-LD_478
GSE104948-GPL24120|GSM2810715	GSE104948-GPL24120	GSE104948	GSM2810715	eval_T1_T2	GLOM	CONTROL	ERCB title code	ERCB:GLOM:LD:479		False	H5-Glom-LD_479
GSE104948-GPL24120|GSM2810716	GSE104948-GPL24120	GSE104948	GSM2810716	eval_T1_T2	GLOM	CONTROL	ERCB title code	ERCB:GLOM:LD:482		False	H5-Glom-LD_482
GSE104948-GPL24120|GSM2810717	GSE104948-GPL24120	GSE104948	GSM2810717	eval_T1_T2	GLOM	MN	ERCB title code	ERCB:GLOM:MGN:403		False	H5-Glom-MGN403
GSE104948-GPL24120|GSM2810718	GSE104948-GPL24120	GSE104948	GSM2810718	eval_T1_T2	GLOM	MN	ERCB title code	ERCB:GLOM:MGN:415		False	H5-Glom-MGN415
GSE104948-GPL24120|GSM2810719	GSE104948-GPL24120	GSE104948	GSM2810719	eval_T1_T2	GLOM	MN	ERCB title code	ERCB:GLOM:MGN:416		False	H5-Glom-MGN416
GSE104948-GPL24120|GSM2810720	GSE104948-GPL24120	GSE104948	GSM2810720	eval_T1_T2	GLOM	MN	ERCB title code	ERCB:GLOM:MGN:417		False	H5-Glom-MGN417
GSE104948-GPL24120|GSM2810721	GSE104948-GPL24120	GSE104948	GSM2810721	eval_T1_T2	GLOM	MN	ERCB title code	ERCB:GLOM:MGN:421		False	H5-Glom-MGN421
GSE104948-GPL24120|GSM2810722	GSE104948-GPL24120	GSE104948	GSM2810722	eval_T1_T2	GLOM	MN	ERCB title code	ERCB:GLOM:MGN:422		False	H5-Glom-MGN422
GSE104948-GPL24120|GSM2810723	GSE104948-GPL24120	GSE104948	GSM2810723	eval_T1_T2	GLOM	MN	ERCB title code	ERCB:GLOM:MGN:424		False	H5-Glom-MGN424
GSE104948-GPL24120|GSM2810724	GSE104948-GPL24120	GSE104948	GSM2810724	eval_T1_T2	GLOM	MN	ERCB title code	ERCB:GLOM:MGN:425		False	H5-Glom-MGN425
GSE104948-GPL24120|GSM2810725	GSE104948-GPL24120	GSE104948	GSM2810725	eval_T1_T2	GLOM	MN	ERCB title code	ERCB:GLOM:MGN:431		False	H5-Glom-MGN431
GSE104948-GPL24120|GSM2810726	GSE104948-GPL24120	GSE104948	GSM2810726	eval_T1_T2	GLOM	MN	ERCB title code	ERCB:GLOM:MGN:432		False	H5-Glom-MGN432
GSE104948-GPL24120|GSM2810727	GSE104948-GPL24120	GSE104948	GSM2810727	eval_T1_T2	GLOM	MN	ERCB title code	ERCB:GLOM:MGN:434		False	H5-Glom-MGN434
GSE104948-GPL24120|GSM2810728	GSE104948-GPL24120	GSE104948	GSM2810728	eval_T1_T2	GLOM	MN	ERCB title code	ERCB:GLOM:MGN:435		False	H5-Glom-MGN435
GSE104948-GPL24120|GSM2810729	GSE104948-GPL24120	GSE104948	GSM2810729	eval_T1_T2	GLOM	MN	ERCB title code	ERCB:GLOM:MGN:436		False	H5-Glom-MGN436
GSE104948-GPL24120|GSM2810730	GSE104948-GPL24120	GSE104948	GSM2810730	eval_T1_T2	GLOM	MN	ERCB title code	ERCB:GLOM:MGN:437		False	H5-Glom-MGN437
GSE104948-GPL24120|GSM2810731	GSE104948-GPL24120	GSE104948	GSM2810731	eval_T1_T2	GLOM	MN	ERCB title code	ERCB:GLOM:MGN:439		False	H5-Glom-MGN439
GSE104948-GPL24120|GSM2810732	GSE104948-GPL24120	GSE104948	GSM2810732	eval_T1_T2	GLOM	MN	ERCB title code	ERCB:GLOM:MGN:452		False	H5-Glom-MGN452
GSE104948-GPL24120|GSM2810733	GSE104948-GPL24120	GSE104948	GSM2810733	eval_T1_T2	GLOM	MN	ERCB title code	ERCB:GLOM:MGN:453		False	H5-Glom-MGN453
GSE104948-GPL24120|GSM2810734	GSE104948-GPL24120	GSE104948	GSM2810734	eval_T1_T2	GLOM	MN	ERCB title code	ERCB:GLOM:MGN:455		False	H5-Glom-MGN455
GSE104948-GPL24120|GSM2810735	GSE104948-GPL24120	GSE104948	GSM2810735	eval_T1_T2	GLOM	MN	ERCB title code	ERCB:GLOM:MGN:456		False	H5-Glom-MGN456
GSE104948-GPL24120|GSM2810736	GSE104948-GPL24120	GSE104948	GSM2810736	eval_T1_T2	GLOM	MN	ERCB title code	ERCB:GLOM:MGN:460		False	H5-Glom-MGN460
GSE104948-GPL24120|GSM2810737	GSE104948-GPL24120	GSE104948	GSM2810737	eval_T1_T2	GLOM	MN	ERCB title code	ERCB:GLOM:MGN:461		False	H5-Glom-MGN461
GSE104948-GPL24120|GSM2810738	GSE104948-GPL24120	GSE104948	GSM2810738	eval_T1_T2	GLOM	LN	ERCB title code	ERCB:GLOM:SLE:401		False	H5-Glom-SLE401
GSE104948-GPL24120|GSM2810739	GSE104948-GPL24120	GSE104948	GSM2810739	eval_T1_T2	GLOM	LN	ERCB title code	ERCB:GLOM:SLE:402		False	H5-Glom-SLE402
GSE104948-GPL24120|GSM2810740	GSE104948-GPL24120	GSE104948	GSM2810740	eval_T1_T2	GLOM	LN	ERCB title code	ERCB:GLOM:SLE:404		False	H5-Glom-SLE404
GSE104948-GPL24120|GSM2810741	GSE104948-GPL24120	GSE104948	GSM2810741	eval_T1_T2	GLOM	LN	ERCB title code	ERCB:GLOM:SLE:405		False	H5-Glom-SLE405
GSE104948-GPL24120|GSM2810742	GSE104948-GPL24120	GSE104948	GSM2810742	eval_T1_T2	GLOM	LN	ERCB title code	ERCB:GLOM:SLE:406		False	H5-Glom-SLE406
GSE104948-GPL24120|GSM2810743	GSE104948-GPL24120	GSE104948	GSM2810743	eval_T1_T2	GLOM	LN	ERCB title code	ERCB:GLOM:SLE:407		False	H5-Glom-SLE407
GSE104948-GPL24120|GSM2810744	GSE104948-GPL24120	GSE104948	GSM2810744	eval_T1_T2	GLOM	LN	ERCB title code	ERCB:GLOM:SLE:408		False	H5-Glom-SLE408
GSE104948-GPL24120|GSM2810745	GSE104948-GPL24120	GSE104948	GSM2810745	eval_T1_T2	GLOM	LN	ERCB title code	ERCB:GLOM:SLE:409		False	H5-Glom-SLE409
GSE104948-GPL24120|GSM2810746	GSE104948-GPL24120	GSE104948	GSM2810746	eval_T1_T2	GLOM	LN	ERCB title code	ERCB:GLOM:SLE:410		False	H5-Glom-SLE410
GSE104948-GPL24120|GSM2810747	GSE104948-GPL24120	GSE104948	GSM2810747	eval_T1_T2	GLOM	LN	ERCB title code	ERCB:GLOM:SLE:411		False	H5-Glom-SLE411
GSE104948-GPL24120|GSM2810748	GSE104948-GPL24120	GSE104948	GSM2810748	eval_T1_T2	GLOM	LN	ERCB title code	ERCB:GLOM:SLE:412		False	H5-Glom-SLE412
GSE104948-GPL24120|GSM2810749	GSE104948-GPL24120	GSE104948	GSM2810749	eval_T1_T2	GLOM	LN	ERCB title code	ERCB:GLOM:SLE:413		False	H5-Glom-SLE413
GSE104948-GPL24120|GSM2810750	GSE104948-GPL24120	GSE104948	GSM2810750	eval_T1_T2	GLOM	LN	ERCB title code	ERCB:GLOM:SLE:414		False	H5-Glom-SLE414
GSE104948-GPL24120|GSM2810751	GSE104948-GPL24120	GSE104948	GSM2810751	eval_T1_T2	GLOM	LN	ERCB title code	ERCB:GLOM:SLE:418		False	H5-Glom-SLE418
GSE104948-GPL24120|GSM2810752	GSE104948-GPL24120	GSE104948	GSM2810752	eval_T1_T2	GLOM	LN	ERCB title code	ERCB:GLOM:SLE:419		False	H5-Glom-SLE419
GSE104948-GPL24120|GSM2810753	GSE104948-GPL24120	GSE104948	GSM2810753	eval_T1_T2	GLOM	LN	ERCB title code	ERCB:GLOM:SLE:423		False	H5-Glom-SLE423
GSE104948-GPL24120|GSM2810754	GSE104948-GPL24120	GSE104948	GSM2810754	eval_T1_T2	GLOM	LN	ERCB title code	ERCB:GLOM:SLE:430		False	H5-Glom-SLE430
GSE104948-GPL24120|GSM2810755	GSE104948-GPL24120	GSE104948	GSM2810755	eval_T1_T2	GLOM	LN	ERCB title code	ERCB:GLOM:SLE:438		False	H5-Glom-SLE438
GSE104948-GPL24120|GSM2810756	GSE104948-GPL24120	GSE104948	GSM2810756	eval_T1_T2	GLOM	LN	ERCB title code	ERCB:GLOM:SLE:440		False	H5-Glom-SLE440
GSE104948-GPL24120|GSM2810757	GSE104948-GPL24120	GSE104948	GSM2810757	eval_T1_T2	GLOM	LN	ERCB title code	ERCB:GLOM:SLE:442		False	H5-Glom-SLE442
GSE104948-GPL24120|GSM2810758	GSE104948-GPL24120	GSE104948	GSM2810758	eval_T1_T2	GLOM	LN	ERCB title code	ERCB:GLOM:SLE:444		False	H5-Glom-SLE444
GSE104948-GPL24120|GSM2810759	GSE104948-GPL24120	GSE104948	GSM2810759	eval_T1_T2	GLOM	LN	ERCB title code	ERCB:GLOM:SLE:445		False	H5-Glom-SLE445
GSE104948-GPL24120|GSM2810760	GSE104948-GPL24120	GSE104948	GSM2810760	eval_T1_T2	GLOM	LN	ERCB title code	ERCB:GLOM:SLE:448		False	H5-Glom-SLE448
GSE104948-GPL24120|GSM2810761	GSE104948-GPL24120	GSE104948	GSM2810761	eval_T1_T2	GLOM	LN	ERCB title code	ERCB:GLOM:SLE:450		False	H5-Glom-SLE450
GSE104948-GPL24120|GSM2810762	GSE104948-GPL24120	GSE104948	GSM2810762	eval_T1_T2	GLOM	LN	ERCB title code	ERCB:GLOM:SLE:451		False	H5-Glom-SLE451
GSE104948-GPL24120|GSM2810763	GSE104948-GPL24120	GSE104948	GSM2810763	eval_T1_T2	GLOM	LN	ERCB title code	ERCB:GLOM:SLE:454		False	H5-Glom-SLE454
GSE104948-GPL24120|GSM2810764	GSE104948-GPL24120	GSE104948	GSM2810764	eval_T1_T2	GLOM	LN	ERCB title code	ERCB:GLOM:SLE:462		False	H5-Glom-SLE462
GSE104948-GPL24120|GSM2810765	GSE104948-GPL24120	GSE104948	GSM2810765	eval_T1_T2	GLOM	LN	ERCB title code	ERCB:GLOM:SLE:463		False	H5-Glom-SLE463
GSE104948-GPL24120|GSM2810766	GSE104948-GPL24120	GSE104948	GSM2810766	eval_T1_T2	GLOM	LN	ERCB title code	ERCB:GLOM:SLE:464		False	H5-Glom-SLE464
GSE104948-GPL24120|GSM2810767	GSE104948-GPL24120	GSE104948	GSM2810767	eval_T1_T2	GLOM	LN	ERCB title code	ERCB:GLOM:SLE:465		False	H5-Glom-SLE465
GSE104948-GPL24120|GSM2810768	GSE104948-GPL24120	GSE104948	GSM2810768	eval_T1_T2	GLOM	LN	ERCB title code	ERCB:GLOM:SLE:466		False	H5-Glom-SLE466
GSE104948-GPL24120|GSM2810769	GSE104948-GPL24120	GSE104948	GSM2810769	eval_T1_T2	GLOM	LN	ERCB title code	ERCB:GLOM:SLE:467		False	H5-Glom-SLE467
GSE104954-GPL22945|GSM2811029	GSE104954-GPL22945	GSE104954	GSM2811029	eval_T1_T2	TUB	DKD	ERCB title code	ERCB:TUB:DN:1101		False	H7-Tub-DN1101
GSE104954-GPL22945|GSM2811030	GSE104954-GPL22945	GSE104954	GSM2811030	eval_T1_T2	TUB	DKD	ERCB title code	ERCB:TUB:DN:1108		False	H7-Tub-DN1108
GSE104954-GPL22945|GSM2811031	GSE104954-GPL22945	GSE104954	GSM2811031	eval_T1_T2	TUB	DKD	ERCB title code	ERCB:TUB:DN:1110		False	H7-Tub-DN1110
GSE104954-GPL22945|GSM2811032	GSE104954-GPL22945	GSE104954	GSM2811032	eval_T1_T2	TUB	DKD	ERCB title code	ERCB:TUB:DN:1114		False	H7-Tub-DN1114
GSE104954-GPL22945|GSM2811033	GSE104954-GPL22945	GSE104954	GSM2811033	eval_T1_T2	TUB	DKD	ERCB title code	ERCB:TUB:DN:1132		False	H7-Tub-DN1132
GSE104954-GPL22945|GSM2811034	GSE104954-GPL22945	GSE104954	GSM2811034	eval_T1_T2	TUB	DKD	ERCB title code	ERCB:TUB:DN:1133		False	H7-Tub-DN1133
GSE104954-GPL22945|GSM2811035	GSE104954-GPL22945	GSE104954	GSM2811035	eval_T1_T2	TUB	DKD	ERCB title code	ERCB:TUB:DN:1139		False	H7-Tub-DN1139
GSE104954-GPL22945|GSM2811036	GSE104954-GPL22945	GSE104954	GSM2811036	eval_T1_T2	TUB	FSGS_MCD	ERCB title code	ERCB:TUB:FSGS&MCD:1104		False	H7-Tub-FSGS&MCD1104
GSE104954-GPL22945|GSM2811037	GSE104954-GPL22945	GSE104954	GSM2811037	eval_T1_T2	TUB	FSGS_MCD	ERCB title code	ERCB:TUB:FSGS&MCD:1117		False	H7-Tub-FSGS&MCD1117
GSE104954-GPL22945|GSM2811038	GSE104954-GPL22945	GSE104954	GSM2811038	eval_T1_T2	TUB	FSGS_MCD	ERCB title code	ERCB:TUB:FSGS&MCD:1124		False	H7-Tub-FSGS&MCD1124
GSE104954-GPL22945|GSM2811039	GSE104954-GPL22945	GSE104954	GSM2811039	eval_T1_T2	TUB	FSGS_MCD	ERCB title code	ERCB:TUB:FSGS&MCD:1136		False	H7-Tub-FSGS&MCD1136
GSE104954-GPL22945|GSM2811040	GSE104954-GPL22945	GSE104954	GSM2811040	eval_T1_T2	TUB	FSGS	ERCB title code	ERCB:TUB:FSGS:1115		False	H7-Tub-FSGS1115
GSE104954-GPL22945|GSM2811041	GSE104954-GPL22945	GSE104954	GSM2811041	eval_T1_T2	TUB	FSGS	ERCB title code	ERCB:TUB:FSGS:1125		False	H7-Tub-FSGS1125
GSE104954-GPL22945|GSM2811042	GSE104954-GPL22945	GSE104954	GSM2811042	eval_T1_T2	TUB	FSGS	ERCB title code	ERCB:TUB:FSGS:1162		False	H7-Tub-FSGS1162
GSE104954-GPL22945|GSM2811043	GSE104954-GPL22945	GSE104954	GSM2811043	eval_T1_T2	TUB	CONTROL	ERCB title code	ERCB:TUB:LD:1164		False	H7-Tub-LD1164
GSE104954-GPL22945|GSM2811044	GSE104954-GPL22945	GSE104954	GSM2811044	eval_T1_T2	TUB	CONTROL	ERCB title code	ERCB:TUB:LD:1165		False	H7-Tub-LD1165
GSE104954-GPL22945|GSM2811045	GSE104954-GPL22945	GSE104954	GSM2811045	eval_T1_T2	TUB	CONTROL	ERCB title code	ERCB:TUB:LD:1166		False	H7-Tub-LD1166
GSE104954-GPL22945|GSM2811046	GSE104954-GPL22945	GSE104954	GSM2811046	eval_T1_T2	TUB	CONTROL	ERCB title code	ERCB:TUB:LD:1168		False	H7-Tub-LD1168
GSE104954-GPL22945|GSM2811047	GSE104954-GPL22945	GSE104954	GSM2811047	eval_T1_T2	TUB	CONTROL	ERCB title code	ERCB:TUB:LD:1169		False	H7-Tub-LD1169
GSE104954-GPL22945|GSM2811048	GSE104954-GPL22945	GSE104954	GSM2811048	eval_T1_T2	TUB	CONTROL	ERCB title code	ERCB:TUB:LD:1170		False	H7-Tub-LD1170
GSE104954-GPL22945|GSM2811049	GSE104954-GPL22945	GSE104954	GSM2811049	eval_T1_T2	TUB	CONTROL	ERCB title code	ERCB:TUB:LD:1171		False	H7-Tub-LD1171
GSE104954-GPL22945|GSM2811050	GSE104954-GPL22945	GSE104954	GSM2811050	eval_T1_T2	TUB	CONTROL	ERCB title code	ERCB:TUB:LD:1172		False	H7-Tub-LD1172
GSE104954-GPL22945|GSM2811051	GSE104954-GPL22945	GSE104954	GSM2811051	eval_T1_T2	TUB	CONTROL	ERCB title code	ERCB:TUB:LD:1173		False	H7-Tub-LD1173
GSE104954-GPL22945|GSM2811052	GSE104954-GPL22945	GSE104954	GSM2811052	eval_T1_T2	TUB	CONTROL	ERCB title code	ERCB:TUB:LD:1174		False	H7-Tub-LD1174
GSE104954-GPL22945|GSM2811053	GSE104954-GPL22945	GSE104954	GSM2811053	eval_T1_T2	TUB	CONTROL	ERCB title code	ERCB:TUB:LD:1175		False	H7-Tub-LD1175
GSE104954-GPL22945|GSM2811054	GSE104954-GPL22945	GSE104954	GSM2811054	eval_T1_T2	TUB	CONTROL	ERCB title code	ERCB:TUB:LD:1177		False	H7-Tub-LD1177
GSE104954-GPL22945|GSM2811055	GSE104954-GPL22945	GSE104954	GSM2811055	eval_T1_T2	TUB	CONTROL	ERCB title code	ERCB:TUB:LD:1178		False	H7-Tub-LD1178
GSE104954-GPL22945|GSM2811056	GSE104954-GPL22945	GSE104954	GSM2811056	eval_T1_T2	TUB	CONTROL	ERCB title code	ERCB:TUB:LD:1179		False	H7-Tub-LD1179
GSE104954-GPL22945|GSM2811057	GSE104954-GPL22945	GSE104954	GSM2811057	eval_T1_T2	TUB	CONTROL	ERCB title code	ERCB:TUB:LD:1180		False	H7-Tub-LD1180
GSE104954-GPL22945|GSM2811058	GSE104954-GPL22945	GSE104954	GSM2811058	eval_T1_T2	TUB	CONTROL	ERCB title code	ERCB:TUB:LD:1182		False	H7-Tub-LD1182
GSE104954-GPL22945|GSM2811059	GSE104954-GPL22945	GSE104954	GSM2811059	eval_T1_T2	TUB	CONTROL	ERCB title code	ERCB:TUB:LD:1183		False	H7-Tub-LD1183
GSE104954-GPL22945|GSM2811060	GSE104954-GPL22945	GSE104954	GSM2811060	eval_T1_T2	TUB	CONTROL	ERCB title code	ERCB:TUB:LD:1184		False	H7-Tub-LD1184
GSE104954-GPL22945|GSM2811061	GSE104954-GPL22945	GSE104954	GSM2811061	eval_T1_T2	TUB	MCD	ERCB title code	ERCB:TUB:MCD:1112		False	H7-Tub-MCD1112
GSE104954-GPL22945|GSM2811062	GSE104954-GPL22945	GSE104954	GSM2811062	eval_T1_T2	TUB	MCD	ERCB title code	ERCB:TUB:MCD:1116		False	H7-Tub-MCD1116
GSE104954-GPL22945|GSM2811063	GSE104954-GPL22945	GSE104954	GSM2811063	eval_T1_T2	TUB	MCD	ERCB title code	ERCB:TUB:MCD:1137		False	H7-Tub-MCD1137
GSE104954-GPL22945|GSM2811064	GSE104954-GPL22945	GSE104954	GSM2811064	eval_T1_T2	TUB	MCD	ERCB title code	ERCB:TUB:MCD:1163		False	H7-Tub-MCD1163
GSE104954-GPL22945|GSM2811065	GSE104954-GPL22945	GSE104954	GSM2811065	eval_T1_T2	TUB	RPGN	ERCB title code	ERCB:TUB:RPGN:1102		False	H7-Tub-RPGN1102
GSE104954-GPL22945|GSM2811066	GSE104954-GPL22945	GSE104954	GSM2811066	eval_T1_T2	TUB	RPGN	ERCB title code	ERCB:TUB:RPGN:1103		False	H7-Tub-RPGN1103
GSE104954-GPL22945|GSM2811067	GSE104954-GPL22945	GSE104954	GSM2811067	eval_T1_T2	TUB	RPGN	ERCB title code	ERCB:TUB:RPGN:1106		False	H7-Tub-RPGN1106
GSE104954-GPL22945|GSM2811068	GSE104954-GPL22945	GSE104954	GSM2811068	eval_T1_T2	TUB	RPGN	ERCB title code	ERCB:TUB:RPGN:1107		False	H7-Tub-RPGN1107
GSE104954-GPL22945|GSM2811069	GSE104954-GPL22945	GSE104954	GSM2811069	eval_T1_T2	TUB	RPGN	ERCB title code	ERCB:TUB:RPGN:1109		False	H7-Tub-RPGN1109
GSE104954-GPL22945|GSM2811070	GSE104954-GPL22945	GSE104954	GSM2811070	eval_T1_T2	TUB	RPGN	ERCB title code	ERCB:TUB:RPGN:1113		False	H7-Tub-RPGN1113
GSE104954-GPL22945|GSM2811071	GSE104954-GPL22945	GSE104954	GSM2811071	eval_T1_T2	TUB	RPGN	ERCB title code	ERCB:TUB:RPGN:1118		False	H7-Tub-RPGN1118
GSE104954-GPL22945|GSM2811072	GSE104954-GPL22945	GSE104954	GSM2811072	eval_T1_T2	TUB	RPGN	ERCB title code	ERCB:TUB:RPGN:1119		False	H7-Tub-RPGN1119
GSE104954-GPL22945|GSM2811073	GSE104954-GPL22945	GSE104954	GSM2811073	eval_T1_T2	TUB	RPGN	ERCB title code	ERCB:TUB:RPGN:1120		False	H7-Tub-RPGN1120
GSE104954-GPL22945|GSM2811074	GSE104954-GPL22945	GSE104954	GSM2811074	eval_T1_T2	TUB	RPGN	ERCB title code	ERCB:TUB:RPGN:1121		False	H7-Tub-RPGN1121
GSE104954-GPL22945|GSM2811075	GSE104954-GPL22945	GSE104954	GSM2811075	eval_T1_T2	TUB	RPGN	ERCB title code	ERCB:TUB:RPGN:1122		False	H7-Tub-RPGN1122
GSE104954-GPL22945|GSM2811076	GSE104954-GPL22945	GSE104954	GSM2811076	eval_T1_T2	TUB	RPGN	ERCB title code	ERCB:TUB:RPGN:1123		False	H7-Tub-RPGN1123
GSE104954-GPL22945|GSM2811077	GSE104954-GPL22945	GSE104954	GSM2811077	eval_T1_T2	TUB	RPGN	ERCB title code	ERCB:TUB:RPGN:1126		False	H7-Tub-RPGN1126
GSE104954-GPL22945|GSM2811078	GSE104954-GPL22945	GSE104954	GSM2811078	eval_T1_T2	TUB	RPGN	ERCB title code	ERCB:TUB:RPGN:1127		False	H7-Tub-RPGN1127
GSE104954-GPL22945|GSM2811079	GSE104954-GPL22945	GSE104954	GSM2811079	eval_T1_T2	TUB	RPGN	ERCB title code	ERCB:TUB:RPGN:1128		False	H7-Tub-RPGN1128
GSE104954-GPL22945|GSM2811080	GSE104954-GPL22945	GSE104954	GSM2811080	eval_T1_T2	TUB	RPGN	ERCB title code	ERCB:TUB:RPGN:1129		False	H7-Tub-RPGN1129
GSE104954-GPL22945|GSM2811081	GSE104954-GPL22945	GSE104954	GSM2811081	eval_T1_T2	TUB	RPGN	ERCB title code	ERCB:TUB:RPGN:1130		False	H7-Tub-RPGN1130
GSE104954-GPL22945|GSM2811082	GSE104954-GPL22945	GSE104954	GSM2811082	eval_T1_T2	TUB	RPGN	ERCB title code	ERCB:TUB:RPGN:1131		False	H7-Tub-RPGN1131
GSE104954-GPL22945|GSM2811083	GSE104954-GPL22945	GSE104954	GSM2811083	eval_T1_T2	TUB	RPGN	ERCB title code	ERCB:TUB:RPGN:1134		False	H7-Tub-RPGN1134
GSE104954-GPL22945|GSM2811084	GSE104954-GPL22945	GSE104954	GSM2811084	eval_T1_T2	TUB	RPGN	ERCB title code	ERCB:TUB:RPGN:1135		False	H7-Tub-RPGN1135
GSE104954-GPL22945|GSM2811085	GSE104954-GPL22945	GSE104954	GSM2811085	eval_T1_T2	TUB	RPGN	ERCB title code	ERCB:TUB:RPGN:1138		False	H7-Tub-RPGN1138
GSE104954-GPL22945|GSM2811086	GSE104954-GPL22945	GSE104954	GSM2811086	eval_T1_T2	TUB	CONTROL	ERCB title code	ERCB:TUB:TN:1185		False	H7-Tub-TN1185
GSE104954-GPL22945|GSM2811087	GSE104954-GPL22945	GSE104954	GSM2811087	eval_T1_T2	TUB	CONTROL	ERCB title code	ERCB:TUB:TN:1186		False	H7-Tub-TN1186
GSE104954-GPL22945|GSM2811088	GSE104954-GPL22945	GSE104954	GSM2811088	eval_T1_T2	TUB	CONTROL	ERCB title code	ERCB:TUB:TN:1187		False	H7-Tub-TN1187
GSE104954-GPL24120|GSM2810894	GSE104954-GPL24120	GSE104954	GSM2810894	eval_T1_T2	TUB	DKD	ERCB title code	ERCB:TUB:DN:1		False	H1-Tub-DN1
GSE104954-GPL24120|GSM2810895	GSE104954-GPL24120	GSE104954	GSM2810895	eval_T1_T2	TUB	DKD	ERCB title code	ERCB:TUB:DN:10		False	H1-Tub-DN10
GSE104954-GPL24120|GSM2810896	GSE104954-GPL24120	GSE104954	GSM2810896	eval_T1_T2	TUB	DKD	ERCB title code	ERCB:TUB:DN:11		False	H1-Tub-DN11
GSE104954-GPL24120|GSM2810897	GSE104954-GPL24120	GSE104954	GSM2810897	eval_T1_T2	TUB	DKD	ERCB title code	ERCB:TUB:DN:2		False	H1-Tub-DN2
GSE104954-GPL24120|GSM2810898	GSE104954-GPL24120	GSE104954	GSM2810898	eval_T1_T2	TUB	DKD	ERCB title code	ERCB:TUB:DN:3		False	H1-Tub-DN3
GSE104954-GPL24120|GSM2810899	GSE104954-GPL24120	GSE104954	GSM2810899	eval_T1_T2	TUB	DKD	ERCB title code	ERCB:TUB:DN:5		False	H1-Tub-DN5
GSE104954-GPL24120|GSM2810900	GSE104954-GPL24120	GSE104954	GSM2810900	eval_T1_T2	TUB	DKD	ERCB title code	ERCB:TUB:DN:6		False	H1-Tub-DN6
GSE104954-GPL24120|GSM2810901	GSE104954-GPL24120	GSE104954	GSM2810901	eval_T1_T2	TUB	DKD	ERCB title code	ERCB:TUB:DN:7		False	H1-Tub-DN7
GSE104954-GPL24120|GSM2810902	GSE104954-GPL24120	GSE104954	GSM2810902	eval_T1_T2	TUB	DKD	ERCB title code	ERCB:TUB:DN:8		False	H1-Tub-DN8
GSE104954-GPL24120|GSM2810903	GSE104954-GPL24120	GSE104954	GSM2810903	eval_T1_T2	TUB	DKD	ERCB title code	ERCB:TUB:DN:9		False	H1-Tub-DN9
GSE104954-GPL24120|GSM2810904	GSE104954-GPL24120	GSE104954	GSM2810904	eval_T1_T2	TUB	MCD	ERCB title code	ERCB:TUB:MCD:1		False	H1-Tub-MCD1
GSE104954-GPL24120|GSM2810905	GSE104954-GPL24120	GSE104954	GSM2810905	eval_T1_T2	TUB	MCD	ERCB title code	ERCB:TUB:MCD:2		False	H1-Tub-MCD2
GSE104954-GPL24120|GSM2810906	GSE104954-GPL24120	GSE104954	GSM2810906	eval_T1_T2	TUB	MCD	ERCB title code	ERCB:TUB:MCD:3		False	H1-Tub-MCD3
GSE104954-GPL24120|GSM2810907	GSE104954-GPL24120	GSE104954	GSM2810907	eval_T1_T2	TUB	MCD	ERCB title code	ERCB:TUB:MCD:4		False	H1-Tub-MCD4
GSE104954-GPL24120|GSM2810908	GSE104954-GPL24120	GSE104954	GSM2810908	eval_T1_T2	TUB	TMD	ERCB title code	ERCB:TUB:TMD:1		False	H1-Tub-TMD1
GSE104954-GPL24120|GSM2810909	GSE104954-GPL24120	GSE104954	GSM2810909	eval_T1_T2	TUB	TMD	ERCB title code	ERCB:TUB:TMD:2		False	H1-Tub-TMD2
GSE104954-GPL24120|GSM2810910	GSE104954-GPL24120	GSE104954	GSM2810910	eval_T1_T2	TUB	TMD	ERCB title code	ERCB:TUB:TMD:3		False	H1-Tub-TMD3
GSE104954-GPL24120|GSM2810911	GSE104954-GPL24120	GSE104954	GSM2810911	eval_T1_T2	TUB	TMD	ERCB title code	ERCB:TUB:TMD:4		False	H1-Tub-TMD4
GSE104954-GPL24120|GSM2810912	GSE104954-GPL24120	GSE104954	GSM2810912	eval_T1_T2	TUB	TMD	ERCB title code	ERCB:TUB:TMD:5		False	H1-Tub-TMD5
GSE104954-GPL24120|GSM2810913	GSE104954-GPL24120	GSE104954	GSM2810913	eval_T1_T2	TUB	TMD	ERCB title code	ERCB:TUB:TMD:6		False	H1-Tub-TMD6
GSE104954-GPL24120|GSM2810914	GSE104954-GPL24120	GSE104954	GSM2810914	eval_T1_T2	TUB	HT	ERCB title code	ERCB:TUB:HT:1		False	H2-Tub-HT1
GSE104954-GPL24120|GSM2810915	GSE104954-GPL24120	GSE104954	GSM2810915	eval_T1_T2	TUB	HT	ERCB title code	ERCB:TUB:HT:10		False	H2-Tub-HT10
GSE104954-GPL24120|GSM2810916	GSE104954-GPL24120	GSE104954	GSM2810916	eval_T1_T2	TUB	HT	ERCB title code	ERCB:TUB:HT:11		False	H2-Tub-HT11
GSE104954-GPL24120|GSM2810917	GSE104954-GPL24120	GSE104954	GSM2810917	eval_T1_T2	TUB	HT	ERCB title code	ERCB:TUB:HT:12		False	H2-Tub-HT12
GSE104954-GPL24120|GSM2810918	GSE104954-GPL24120	GSE104954	GSM2810918	eval_T1_T2	TUB	HT	ERCB title code	ERCB:TUB:HT:13		False	H2-Tub-HT13
GSE104954-GPL24120|GSM2810919	GSE104954-GPL24120	GSE104954	GSM2810919	eval_T1_T2	TUB	HT	ERCB title code	ERCB:TUB:HT:14		False	H2-Tub-HT14
GSE104954-GPL24120|GSM2810920	GSE104954-GPL24120	GSE104954	GSM2810920	eval_T1_T2	TUB	HT	ERCB title code	ERCB:TUB:HT:15		False	H2-Tub-HT15
GSE104954-GPL24120|GSM2810921	GSE104954-GPL24120	GSE104954	GSM2810921	eval_T1_T2	TUB	HT	ERCB title code	ERCB:TUB:HT:16		False	H2-Tub-HT16
GSE104954-GPL24120|GSM2810922	GSE104954-GPL24120	GSE104954	GSM2810922	eval_T1_T2	TUB	HT	ERCB title code	ERCB:TUB:HT:17		False	H2-Tub-HT17
GSE104954-GPL24120|GSM2810923	GSE104954-GPL24120	GSE104954	GSM2810923	eval_T1_T2	TUB	HT	ERCB title code	ERCB:TUB:HT:18		False	H2-Tub-HT18
GSE104954-GPL24120|GSM2810924	GSE104954-GPL24120	GSE104954	GSM2810924	eval_T1_T2	TUB	HT	ERCB title code	ERCB:TUB:HT:19		False	H2-Tub-HT19
GSE104954-GPL24120|GSM2810925	GSE104954-GPL24120	GSE104954	GSM2810925	eval_T1_T2	TUB	HT	ERCB title code	ERCB:TUB:HT:2		False	H2-Tub-HT2
GSE104954-GPL24120|GSM2810926	GSE104954-GPL24120	GSE104954	GSM2810926	eval_T1_T2	TUB	HT	ERCB title code	ERCB:TUB:HT:20		False	H2-Tub-HT20
GSE104954-GPL24120|GSM2810927	GSE104954-GPL24120	GSE104954	GSM2810927	eval_T1_T2	TUB	HT	ERCB title code	ERCB:TUB:HT:3		False	H2-Tub-HT3
GSE104954-GPL24120|GSM2810928	GSE104954-GPL24120	GSE104954	GSM2810928	eval_T1_T2	TUB	HT	ERCB title code	ERCB:TUB:HT:4		False	H2-Tub-HT4
GSE104954-GPL24120|GSM2810929	GSE104954-GPL24120	GSE104954	GSM2810929	eval_T1_T2	TUB	HT	ERCB title code	ERCB:TUB:HT:5		False	H2-Tub-HT5
GSE104954-GPL24120|GSM2810930	GSE104954-GPL24120	GSE104954	GSM2810930	eval_T1_T2	TUB	HT	ERCB title code	ERCB:TUB:HT:6		False	H2-Tub-HT6
GSE104954-GPL24120|GSM2810931	GSE104954-GPL24120	GSE104954	GSM2810931	eval_T1_T2	TUB	HT	ERCB title code	ERCB:TUB:HT:7		False	H2-Tub-HT7
GSE104954-GPL24120|GSM2810932	GSE104954-GPL24120	GSE104954	GSM2810932	eval_T1_T2	TUB	HT	ERCB title code	ERCB:TUB:HT:8		False	H2-Tub-HT8
GSE104954-GPL24120|GSM2810933	GSE104954-GPL24120	GSE104954	GSM2810933	eval_T1_T2	TUB	HT	ERCB title code	ERCB:TUB:HT:9		False	H2-Tub-HT9
GSE104954-GPL24120|GSM2810934	GSE104954-GPL24120	GSE104954	GSM2810934	eval_T1_T2	TUB	MCD	ERCB title code	ERCB:TUB:MCD:11		False	H3-Tub-MCD11
GSE104954-GPL24120|GSM2810935	GSE104954-GPL24120	GSE104954	GSM2810935	eval_T1_T2	TUB	MCD	ERCB title code	ERCB:TUB:MCD:6		False	H3-Tub-MCD6
GSE104954-GPL24120|GSM2810936	GSE104954-GPL24120	GSE104954	GSM2810936	eval_T1_T2	TUB	MCD	ERCB title code	ERCB:TUB:MCD:7		False	H3-Tub-MCD7
GSE104954-GPL24120|GSM2810937	GSE104954-GPL24120	GSE104954	GSM2810937	eval_T1_T2	TUB	MCD	ERCB title code	ERCB:TUB:MCD:8		False	H3-Tub-MCD8
GSE104954-GPL24120|GSM2810938	GSE104954-GPL24120	GSE104954	GSM2810938	eval_T1_T2	TUB	MCD	ERCB title code	ERCB:TUB:MCD:9		False	H3-Tub-MCD9
GSE104954-GPL24120|GSM2810939	GSE104954-GPL24120	GSE104954	GSM2810939	eval_T1_T2	TUB	CONTROL	ERCB title code	ERCB:TUB:TN:2		False	H3-Tub-TN2
GSE104954-GPL24120|GSM2810940	GSE104954-GPL24120	GSE104954	GSM2810940	eval_T1_T2	TUB	CONTROL	ERCB title code	ERCB:TUB:TN:6		False	H3-Tub-TN6
GSE104954-GPL24120|GSM2810941	GSE104954-GPL24120	GSE104954	GSM2810941	eval_T1_T2	TUB	IgAN	ERCB title code	ERCB:TUB:IGA:1		False	H4-Tub-IgA1
GSE104954-GPL24120|GSM2810942	GSE104954-GPL24120	GSE104954	GSM2810942	eval_T1_T2	TUB	IgAN	ERCB title code	ERCB:TUB:IGA:10		False	H4-Tub-IgA10
GSE104954-GPL24120|GSM2810943	GSE104954-GPL24120	GSE104954	GSM2810943	eval_T1_T2	TUB	IgAN	ERCB title code	ERCB:TUB:IGA:11		False	H4-Tub-IgA11
GSE104954-GPL24120|GSM2810944	GSE104954-GPL24120	GSE104954	GSM2810944	eval_T1_T2	TUB	IgAN	ERCB title code	ERCB:TUB:IGA:12		False	H4-Tub-IgA12
GSE104954-GPL24120|GSM2810945	GSE104954-GPL24120	GSE104954	GSM2810945	eval_T1_T2	TUB	IgAN	ERCB title code	ERCB:TUB:IGA:13		False	H4-Tub-IgA13
GSE104954-GPL24120|GSM2810946	GSE104954-GPL24120	GSE104954	GSM2810946	eval_T1_T2	TUB	IgAN	ERCB title code	ERCB:TUB:IGA:14		False	H4-Tub-IgA14
GSE104954-GPL24120|GSM2810947	GSE104954-GPL24120	GSE104954	GSM2810947	eval_T1_T2	TUB	IgAN	ERCB title code	ERCB:TUB:IGA:16		False	H4-Tub-IgA16
GSE104954-GPL24120|GSM2810948	GSE104954-GPL24120	GSE104954	GSM2810948	eval_T1_T2	TUB	IgAN	ERCB title code	ERCB:TUB:IGA:18		False	H4-Tub-IgA18
GSE104954-GPL24120|GSM2810949	GSE104954-GPL24120	GSE104954	GSM2810949	eval_T1_T2	TUB	IgAN	ERCB title code	ERCB:TUB:IGA:19		False	H4-Tub-IgA19
GSE104954-GPL24120|GSM2810950	GSE104954-GPL24120	GSE104954	GSM2810950	eval_T1_T2	TUB	IgAN	ERCB title code	ERCB:TUB:IGA:2		False	H4-Tub-IgA2
GSE104954-GPL24120|GSM2810951	GSE104954-GPL24120	GSE104954	GSM2810951	eval_T1_T2	TUB	IgAN	ERCB title code	ERCB:TUB:IGA:20		False	H4-Tub-IgA20
GSE104954-GPL24120|GSM2810952	GSE104954-GPL24120	GSE104954	GSM2810952	eval_T1_T2	TUB	IgAN	ERCB title code	ERCB:TUB:IGA:21		False	H4-Tub-IgA21
GSE104954-GPL24120|GSM2810953	GSE104954-GPL24120	GSE104954	GSM2810953	eval_T1_T2	TUB	IgAN	ERCB title code	ERCB:TUB:IGA:22		False	H4-Tub-IgA22
GSE104954-GPL24120|GSM2810954	GSE104954-GPL24120	GSE104954	GSM2810954	eval_T1_T2	TUB	IgAN	ERCB title code	ERCB:TUB:IGA:23		False	H4-Tub-IgA23
GSE104954-GPL24120|GSM2810955	GSE104954-GPL24120	GSE104954	GSM2810955	eval_T1_T2	TUB	IgAN	ERCB title code	ERCB:TUB:IGA:24		False	H4-Tub-IgA24
GSE104954-GPL24120|GSM2810956	GSE104954-GPL24120	GSE104954	GSM2810956	eval_T1_T2	TUB	IgAN	ERCB title code	ERCB:TUB:IGA:25		False	H4-Tub-IgA25
GSE104954-GPL24120|GSM2810957	GSE104954-GPL24120	GSE104954	GSM2810957	eval_T1_T2	TUB	IgAN	ERCB title code	ERCB:TUB:IGA:26		False	H4-Tub-IgA26
GSE104954-GPL24120|GSM2810958	GSE104954-GPL24120	GSE104954	GSM2810958	eval_T1_T2	TUB	IgAN	ERCB title code	ERCB:TUB:IGA:27		False	H4-Tub-IgA27
GSE104954-GPL24120|GSM2810959	GSE104954-GPL24120	GSE104954	GSM2810959	eval_T1_T2	TUB	IgAN	ERCB title code	ERCB:TUB:IGA:3		False	H4-Tub-IgA3
GSE104954-GPL24120|GSM2810960	GSE104954-GPL24120	GSE104954	GSM2810960	eval_T1_T2	TUB	IgAN	ERCB title code	ERCB:TUB:IGA:4		False	H4-Tub-IgA4
GSE104954-GPL24120|GSM2810961	GSE104954-GPL24120	GSE104954	GSM2810961	eval_T1_T2	TUB	IgAN	ERCB title code	ERCB:TUB:IGA:5		False	H4-Tub-IgA5
GSE104954-GPL24120|GSM2810962	GSE104954-GPL24120	GSE104954	GSM2810962	eval_T1_T2	TUB	IgAN	ERCB title code	ERCB:TUB:IGA:6		False	H4-Tub-IgA6
GSE104954-GPL24120|GSM2810963	GSE104954-GPL24120	GSE104954	GSM2810963	eval_T1_T2	TUB	IgAN	ERCB title code	ERCB:TUB:IGA:7		False	H4-Tub-IgA7
GSE104954-GPL24120|GSM2810964	GSE104954-GPL24120	GSE104954	GSM2810964	eval_T1_T2	TUB	IgAN	ERCB title code	ERCB:TUB:IGA:8		False	H4-Tub-IgA8
GSE104954-GPL24120|GSM2810965	GSE104954-GPL24120	GSE104954	GSM2810965	eval_T1_T2	TUB	IgAN	ERCB title code	ERCB:TUB:IGA:9		False	H4-Tub-IgA9
GSE104954-GPL24120|GSM2810966	GSE104954-GPL24120	GSE104954	GSM2810966	eval_T1_T2	TUB	LN	ERCB title code	ERCB:TUB:SLE:301		False	H5-Tub-SLE301
GSE104954-GPL24120|GSM2810967	GSE104954-GPL24120	GSE104954	GSM2810967	eval_T1_T2	TUB	LN	ERCB title code	ERCB:TUB:SLE:302		False	H5-Tub-SLE302
GSE104954-GPL24120|GSM2810968	GSE104954-GPL24120	GSE104954	GSM2810968	eval_T1_T2	TUB	MN	ERCB title code	ERCB:TUB:MGN:303		False	H5-Tub-MGN303
GSE104954-GPL24120|GSM2810969	GSE104954-GPL24120	GSE104954	GSM2810969	eval_T1_T2	TUB	LN	ERCB title code	ERCB:TUB:SLE:304		False	H5-Tub-SLE304
GSE104954-GPL24120|GSM2810970	GSE104954-GPL24120	GSE104954	GSM2810970	eval_T1_T2	TUB	LN	ERCB title code	ERCB:TUB:SLE:305		False	H5-Tub-SLE305
GSE104954-GPL24120|GSM2810971	GSE104954-GPL24120	GSE104954	GSM2810971	eval_T1_T2	TUB	LN	ERCB title code	ERCB:TUB:SLE:306		False	H5-Tub-SLE306
GSE104954-GPL24120|GSM2810972	GSE104954-GPL24120	GSE104954	GSM2810972	eval_T1_T2	TUB	LN	ERCB title code	ERCB:TUB:SLE:307		False	H5-Tub-SLE307
GSE104954-GPL24120|GSM2810973	GSE104954-GPL24120	GSE104954	GSM2810973	eval_T1_T2	TUB	LN	ERCB title code	ERCB:TUB:SLE:308		False	H5-Tub-SLE308
GSE104954-GPL24120|GSM2810974	GSE104954-GPL24120	GSE104954	GSM2810974	eval_T1_T2	TUB	LN	ERCB title code	ERCB:TUB:SLE:309		False	H5-Tub-SLE309
GSE104954-GPL24120|GSM2810975	GSE104954-GPL24120	GSE104954	GSM2810975	eval_T1_T2	TUB	LN	ERCB title code	ERCB:TUB:SLE:310		False	H5-Tub-SLE310
GSE104954-GPL24120|GSM2810976	GSE104954-GPL24120	GSE104954	GSM2810976	eval_T1_T2	TUB	LN	ERCB title code	ERCB:TUB:SLE:311		False	H5-Tub-SLE311
GSE104954-GPL24120|GSM2810977	GSE104954-GPL24120	GSE104954	GSM2810977	eval_T1_T2	TUB	LN	ERCB title code	ERCB:TUB:SLE:312		False	H5-Tub-SLE312
GSE104954-GPL24120|GSM2810978	GSE104954-GPL24120	GSE104954	GSM2810978	eval_T1_T2	TUB	LN	ERCB title code	ERCB:TUB:SLE:313		False	H5-Tub-SLE313
GSE104954-GPL24120|GSM2810979	GSE104954-GPL24120	GSE104954	GSM2810979	eval_T1_T2	TUB	LN	ERCB title code	ERCB:TUB:SLE:314		False	H5-Tub-SLE314
GSE104954-GPL24120|GSM2810980	GSE104954-GPL24120	GSE104954	GSM2810980	eval_T1_T2	TUB	MN	ERCB title code	ERCB:TUB:MGN:315		False	H5-Tub-MGN315
GSE104954-GPL24120|GSM2810981	GSE104954-GPL24120	GSE104954	GSM2810981	eval_T1_T2	TUB	MN	ERCB title code	ERCB:TUB:MGN:316		False	H5-Tub-MGN316
GSE104954-GPL24120|GSM2810982	GSE104954-GPL24120	GSE104954	GSM2810982	eval_T1_T2	TUB	MN	ERCB title code	ERCB:TUB:MGN:317		False	H5-Tub-MGN317
GSE104954-GPL24120|GSM2810983	GSE104954-GPL24120	GSE104954	GSM2810983	eval_T1_T2	TUB	LN	ERCB title code	ERCB:TUB:SLE:318		False	H5-Tub-SLE318
GSE104954-GPL24120|GSM2810984	GSE104954-GPL24120	GSE104954	GSM2810984	eval_T1_T2	TUB	LN	ERCB title code	ERCB:TUB:SLE:319		False	H5-Tub-SLE319
GSE104954-GPL24120|GSM2810985	GSE104954-GPL24120	GSE104954	GSM2810985	eval_T1_T2	TUB	FSGS	ERCB title code	ERCB:TUB:FSGS:320		False	H5-Tub-FSGS320
GSE104954-GPL24120|GSM2810986	GSE104954-GPL24120	GSE104954	GSM2810986	eval_T1_T2	TUB	MN	ERCB title code	ERCB:TUB:MGN:321		False	H5-Tub-MGN321
GSE104954-GPL24120|GSM2810987	GSE104954-GPL24120	GSE104954	GSM2810987	eval_T1_T2	TUB	MN	ERCB title code	ERCB:TUB:MGN:322		False	H5-Tub-MGN322
GSE104954-GPL24120|GSM2810988	GSE104954-GPL24120	GSE104954	GSM2810988	eval_T1_T2	TUB	LN	ERCB title code	ERCB:TUB:SLE:323		False	H5-Tub-SLE323
GSE104954-GPL24120|GSM2810989	GSE104954-GPL24120	GSE104954	GSM2810989	eval_T1_T2	TUB	MN	ERCB title code	ERCB:TUB:MGN:324		False	H5-Tub-MGN324
GSE104954-GPL24120|GSM2810990	GSE104954-GPL24120	GSE104954	GSM2810990	eval_T1_T2	TUB	MN	ERCB title code	ERCB:TUB:MGN:325		False	H5-Tub-MGN325
GSE104954-GPL24120|GSM2810991	GSE104954-GPL24120	GSE104954	GSM2810991	eval_T1_T2	TUB	FSGS	ERCB title code	ERCB:TUB:FSGS:326		False	H5-Tub-FSGS326
GSE104954-GPL24120|GSM2810992	GSE104954-GPL24120	GSE104954	GSM2810992	eval_T1_T2	TUB	FSGS	ERCB title code	ERCB:TUB:FSGS:327		False	H5-Tub-FSGS327
GSE104954-GPL24120|GSM2810993	GSE104954-GPL24120	GSE104954	GSM2810993	eval_T1_T2	TUB	FSGS	ERCB title code	ERCB:TUB:FSGS:328		False	H5-Tub-FSGS328
GSE104954-GPL24120|GSM2810994	GSE104954-GPL24120	GSE104954	GSM2810994	eval_T1_T2	TUB	LN	ERCB title code	ERCB:TUB:SLE:329		False	H5-Tub-SLE329
GSE104954-GPL24120|GSM2810995	GSE104954-GPL24120	GSE104954	GSM2810995	eval_T1_T2	TUB	MN	ERCB title code	ERCB:TUB:MGN:330		False	H5-Tub-MGN330
GSE104954-GPL24120|GSM2810996	GSE104954-GPL24120	GSE104954	GSM2810996	eval_T1_T2	TUB	MN	ERCB title code	ERCB:TUB:MGN:331		False	H5-Tub-MGN331
GSE104954-GPL24120|GSM2810997	GSE104954-GPL24120	GSE104954	GSM2810997	eval_T1_T2	TUB	FSGS	ERCB title code	ERCB:TUB:FSGS:332		False	H5-Tub-FSGS332
GSE104954-GPL24120|GSM2810998	GSE104954-GPL24120	GSE104954	GSM2810998	eval_T1_T2	TUB	MN	ERCB title code	ERCB:TUB:MGN:333		False	H5-Tub-MGN333
GSE104954-GPL24120|GSM2810999	GSE104954-GPL24120	GSE104954	GSM2810999	eval_T1_T2	TUB	MN	ERCB title code	ERCB:TUB:MGN:334		False	H5-Tub-MGN334
GSE104954-GPL24120|GSM2811000	GSE104954-GPL24120	GSE104954	GSM2811000	eval_T1_T2	TUB	MN	ERCB title code	ERCB:TUB:MGN:335		False	H5-Tub-MGN335
GSE104954-GPL24120|GSM2811001	GSE104954-GPL24120	GSE104954	GSM2811001	eval_T1_T2	TUB	LN	ERCB title code	ERCB:TUB:SLE:336		False	H5-Tub-SLE336
GSE104954-GPL24120|GSM2811002	GSE104954-GPL24120	GSE104954	GSM2811002	eval_T1_T2	TUB	MN	ERCB title code	ERCB:TUB:MGN:337		False	H5-Tub-MGN337
GSE104954-GPL24120|GSM2811003	GSE104954-GPL24120	GSE104954	GSM2811003	eval_T1_T2	TUB	LN	ERCB title code	ERCB:TUB:SLE:338		False	H5-Tub-SLE338
GSE104954-GPL24120|GSM2811004	GSE104954-GPL24120	GSE104954	GSM2811004	eval_T1_T2	TUB	FSGS	ERCB title code	ERCB:TUB:FSGS:339		False	H5-Tub-FSGS339
GSE104954-GPL24120|GSM2811005	GSE104954-GPL24120	GSE104954	GSM2811005	eval_T1_T2	TUB	LN	ERCB title code	ERCB:TUB:SLE:340		False	H5-Tub-SLE340
GSE104954-GPL24120|GSM2811006	GSE104954-GPL24120	GSE104954	GSM2811006	eval_T1_T2	TUB	FSGS	ERCB title code	ERCB:TUB:FSGS:341		False	H5-Tub-FSGS341
GSE104954-GPL24120|GSM2811007	GSE104954-GPL24120	GSE104954	GSM2811007	eval_T1_T2	TUB	LN	ERCB title code	ERCB:TUB:SLE:342		False	H5-Tub-SLE342
GSE104954-GPL24120|GSM2811008	GSE104954-GPL24120	GSE104954	GSM2811008	eval_T1_T2	TUB	LN	ERCB title code	ERCB:TUB:SLE:343		False	H5-Tub-SLE343
GSE104954-GPL24120|GSM2811009	GSE104954-GPL24120	GSE104954	GSM2811009	eval_T1_T2	TUB	FSGS	ERCB title code	ERCB:TUB:FSGS:344		False	H5-Tub-FSGS344
GSE104954-GPL24120|GSM2811010	GSE104954-GPL24120	GSE104954	GSM2811010	eval_T1_T2	TUB	FSGS	ERCB title code	ERCB:TUB:FSGS:345		False	H5-Tub-FSGS345
GSE104954-GPL24120|GSM2811011	GSE104954-GPL24120	GSE104954	GSM2811011	eval_T1_T2	TUB	LN	ERCB title code	ERCB:TUB:SLE:346		False	H5-Tub-SLE346
GSE104954-GPL24120|GSM2811012	GSE104954-GPL24120	GSE104954	GSM2811012	eval_T1_T2	TUB	FSGS	ERCB title code	ERCB:TUB:FSGS:347		False	H5-Tub-FSGS347
GSE104954-GPL24120|GSM2811013	GSE104954-GPL24120	GSE104954	GSM2811013	eval_T1_T2	TUB	LN	ERCB title code	ERCB:TUB:SLE:348		False	H5-Tub-SLE348
GSE104954-GPL24120|GSM2811014	GSE104954-GPL24120	GSE104954	GSM2811014	eval_T1_T2	TUB	LN	ERCB title code	ERCB:TUB:SLE:349		False	H5-Tub-SLE349
GSE104954-GPL24120|GSM2811015	GSE104954-GPL24120	GSE104954	GSM2811015	eval_T1_T2	TUB	MN	ERCB title code	ERCB:TUB:MGN:351		False	H5-Tub-MGN351
GSE104954-GPL24120|GSM2811016	GSE104954-GPL24120	GSE104954	GSM2811016	eval_T1_T2	TUB	LN	ERCB title code	ERCB:TUB:SLE:352		False	H5-Tub-SLE352
GSE104954-GPL24120|GSM2811017	GSE104954-GPL24120	GSE104954	GSM2811017	eval_T1_T2	TUB	MN	ERCB title code	ERCB:TUB:MGN:354		False	H5-Tub-MGN354
GSE104954-GPL24120|GSM2811018	GSE104954-GPL24120	GSE104954	GSM2811018	eval_T1_T2	TUB	MN	ERCB title code	ERCB:TUB:MGN:355		False	H5-Tub-MGN355
GSE104954-GPL24120|GSM2811019	GSE104954-GPL24120	GSE104954	GSM2811019	eval_T1_T2	TUB	MN	ERCB title code	ERCB:TUB:MGN:356		False	H5-Tub-MGN356
GSE104954-GPL24120|GSM2811020	GSE104954-GPL24120	GSE104954	GSM2811020	eval_T1_T2	TUB	LN	ERCB title code	ERCB:TUB:SLE:357		False	H5-Tub-SLE357
GSE104954-GPL24120|GSM2811021	GSE104954-GPL24120	GSE104954	GSM2811021	eval_T1_T2	TUB	LN	ERCB title code	ERCB:TUB:SLE:358		False	H5-Tub-SLE358
GSE104954-GPL24120|GSM2811022	GSE104954-GPL24120	GSE104954	GSM2811022	eval_T1_T2	TUB	LN	ERCB title code	ERCB:TUB:SLE:359		False	H5-Tub-SLE359
GSE104954-GPL24120|GSM2811023	GSE104954-GPL24120	GSE104954	GSM2811023	eval_T1_T2	TUB	LN	ERCB title code	ERCB:TUB:SLE:360		False	H5-Tub-SLE360
GSE104954-GPL24120|GSM2811024	GSE104954-GPL24120	GSE104954	GSM2811024	eval_T1_T2	TUB	LN	ERCB title code	ERCB:TUB:SLE:361		False	H5-Tub-SLE361
GSE104954-GPL24120|GSM2811025	GSE104954-GPL24120	GSE104954	GSM2811025	eval_T1_T2	TUB	LN	ERCB title code	ERCB:TUB:SLE:362		False	H5-Tub-SLE362
GSE104954-GPL24120|GSM2811026	GSE104954-GPL24120	GSE104954	GSM2811026	eval_T1_T2	TUB	CONTROL	ERCB title code	ERCB:TUB:LD:373		False	H5-Tub-LD373
GSE104954-GPL24120|GSM2811027	GSE104954-GPL24120	GSE104954	GSM2811027	eval_T1_T2	TUB	CONTROL	ERCB title code	ERCB:TUB:LD:374		False	H5-Tub-LD374
GSE104954-GPL24120|GSM2811028	GSE104954-GPL24120	GSE104954	GSM2811028	eval_T1_T2	TUB	CONTROL	ERCB title code	ERCB:TUB:LD:375		False	H5-Tub-LD375
GSE108109-GPL19983|GSM2889849	GSE108109-GPL19983	GSE108109	GSM2889849	pretrain	GLOM	FSGS	NEPTUNE title code	NEPTUNE:GLOM:FSGS:1		False	Focal and Segmental Glomerulosclerosis [B1_Glom_FSGS_1]
GSE108109-GPL19983|GSM2889850	GSE108109-GPL19983	GSE108109	GSM2889850	pretrain	GLOM	FSGS	NEPTUNE title code	NEPTUNE:GLOM:FSGS:2		False	Focal and Segmental Glomerulosclerosis [B1_Glom_FSGS_2]
GSE108109-GPL19983|GSM2889851	GSE108109-GPL19983	GSE108109	GSM2889851	pretrain	GLOM	FSGS	NEPTUNE title code	NEPTUNE:GLOM:FSGS:4		False	Focal and Segmental Glomerulosclerosis [B1_Glom_FSGS_4]
GSE108109-GPL19983|GSM2889852	GSE108109-GPL19983	GSE108109	GSM2889852	pretrain	GLOM	FSGS	NEPTUNE title code	NEPTUNE:GLOM:FSGS:5		False	Focal and Segmental Glomerulosclerosis [B1_Glom_FSGS_5]
GSE108109-GPL19983|GSM2889853	GSE108109-GPL19983	GSE108109	GSM2889853	pretrain	GLOM	FSGS	NEPTUNE title code	NEPTUNE:GLOM:FSGS:64		False	Focal and Segmental Glomerulosclerosis [B1_Glom_FSGS_64]
GSE108109-GPL19983|GSM2889854	GSE108109-GPL19983	GSE108109	GSM2889854	pretrain	GLOM	FSGS	NEPTUNE title code	NEPTUNE:GLOM:FSGS:68		False	Focal and Segmental Glomerulosclerosis [B1_Glom_FSGS_68]
GSE108109-GPL19983|GSM2889855	GSE108109-GPL19983	GSE108109	GSM2889855	pretrain	GLOM	FSGS	NEPTUNE title code	NEPTUNE:GLOM:FSGS:71		False	Focal and Segmental Glomerulosclerosis [B1_Glom_FSGS_71]
GSE108109-GPL19983|GSM2889856	GSE108109-GPL19983	GSE108109	GSM2889856	pretrain	GLOM	FSGS	NEPTUNE title code	NEPTUNE:GLOM:FSGS:73		False	Focal and Segmental Glomerulosclerosis [B1_Glom_FSGS_73]
GSE108109-GPL19983|GSM2889857	GSE108109-GPL19983	GSE108109	GSM2889857	pretrain	GLOM	FSGS	NEPTUNE title code	NEPTUNE:GLOM:FSGS:75		False	Focal and Segmental Glomerulosclerosis [B1_Glom_FSGS_75]
GSE108109-GPL19983|GSM2889858	GSE108109-GPL19983	GSE108109	GSM2889858	pretrain	GLOM	FSGS	NEPTUNE title code	NEPTUNE:GLOM:FSGS:77		False	Focal and Segmental Glomerulosclerosis [B1_Glom_FSGS_77]
GSE108109-GPL19983|GSM2889859	GSE108109-GPL19983	GSE108109	GSM2889859	pretrain	GLOM	FSGS	NEPTUNE title code	NEPTUNE:GLOM:FSGS:78		False	Focal and Segmental Glomerulosclerosis [B1_Glom_FSGS_78]
GSE108109-GPL19983|GSM2889860	GSE108109-GPL19983	GSE108109	GSM2889860	pretrain	GLOM	FSGS	NEPTUNE title code	NEPTUNE:GLOM:FSGS:81		False	Focal and Segmental Glomerulosclerosis [B1_Glom_FSGS_81]
GSE108109-GPL19983|GSM2889861	GSE108109-GPL19983	GSE108109	GSM2889861	pretrain	GLOM	FSGS	NEPTUNE title code	NEPTUNE:GLOM:FSGS:82		False	Focal and Segmental Glomerulosclerosis [B1_Glom_FSGS_82]
GSE108109-GPL19983|GSM2889862	GSE108109-GPL19983	GSE108109	GSM2889862	pretrain	GLOM	FSGS	NEPTUNE title code	NEPTUNE:GLOM:FSGS:83		False	Focal and Segmental Glomerulosclerosis [B1_Glom_FSGS_83]
GSE108109-GPL19983|GSM2889863	GSE108109-GPL19983	GSE108109	GSM2889863	pretrain	GLOM	FSGS	NEPTUNE title code	NEPTUNE:GLOM:FSGS:87		False	Focal and Segmental Glomerulosclerosis [B1_Glom_FSGS_87]
GSE108109-GPL19983|GSM2889864	GSE108109-GPL19983	GSE108109	GSM2889864	pretrain	GLOM	FSGS	NEPTUNE title code	NEPTUNE:GLOM:FSGS:88		False	Focal and Segmental Glomerulosclerosis [B1_Glom_FSGS_88]
GSE108109-GPL19983|GSM2889865	GSE108109-GPL19983	GSE108109	GSM2889865	pretrain	GLOM	CONTROL	NEPTUNE title code	NEPTUNE:GLOM:LD:1		False	Living donor [B1_Glom_LD_1]
GSE108109-GPL19983|GSM2889866	GSE108109-GPL19983	GSE108109	GSM2889866	pretrain	GLOM	CONTROL	NEPTUNE title code	NEPTUNE:GLOM:LD:2		False	Living donor [B1_Glom_LD_2]
GSE108109-GPL19983|GSM2889867	GSE108109-GPL19983	GSE108109	GSM2889867	pretrain	GLOM	CONTROL	NEPTUNE title code	NEPTUNE:GLOM:LD:3		False	Living donor [B1_Glom_LD_3]
GSE108109-GPL19983|GSM2889868	GSE108109-GPL19983	GSE108109	GSM2889868	pretrain	GLOM	CONTROL	NEPTUNE title code	NEPTUNE:GLOM:LD:4		False	Living donor [B1_Glom_LD_4]
GSE108109-GPL19983|GSM2889869	GSE108109-GPL19983	GSE108109	GSM2889869	pretrain	GLOM	CONTROL	NEPTUNE title code	NEPTUNE:GLOM:LD:5		False	Living donor [B1_Glom_LD_5]
GSE108109-GPL19983|GSM2889870	GSE108109-GPL19983	GSE108109	GSM2889870	pretrain	GLOM	CONTROL	NEPTUNE title code	NEPTUNE:GLOM:LD:6		False	Living donor [B1_Glom_LD_6]
GSE108109-GPL19983|GSM2889871	GSE108109-GPL19983	GSE108109	GSM2889871	pretrain	GLOM	MCD	NEPTUNE title code	NEPTUNE:GLOM:MCD:108		False	Minimal Change Disease [B1_Glom_MCD_108]
GSE108109-GPL19983|GSM2889872	GSE108109-GPL19983	GSE108109	GSM2889872	pretrain	GLOM	MCD	NEPTUNE title code	NEPTUNE:GLOM:MCD:128		False	Minimal Change Disease [B1_Glom_MCD_128]
GSE108109-GPL19983|GSM2889873	GSE108109-GPL19983	GSE108109	GSM2889873	pretrain	GLOM	MCD	NEPTUNE title code	NEPTUNE:GLOM:MCD:145		False	Minimal Change Disease [B1_Glom_MCD_145]
GSE108109-GPL19983|GSM2889874	GSE108109-GPL19983	GSE108109	GSM2889874	pretrain	GLOM	MCD	NEPTUNE title code	NEPTUNE:GLOM:MCD:158		False	Minimal Change Disease [B1_Glom_MCD_158]
GSE108109-GPL19983|GSM2889875	GSE108109-GPL19983	GSE108109	GSM2889875	pretrain	GLOM	MCD	NEPTUNE title code	NEPTUNE:GLOM:MCD:95		False	Minimal Change Disease [B1_Glom_MCD_95]
GSE108109-GPL19983|GSM2889876	GSE108109-GPL19983	GSE108109	GSM2889876	pretrain	GLOM	MN	NEPTUNE title code	NEPTUNE:GLOM:MN:101		False	Membranous Nephropathy [B1_Glom_MN_101]
GSE108109-GPL19983|GSM2889877	GSE108109-GPL19983	GSE108109	GSM2889877	pretrain	GLOM	MN	NEPTUNE title code	NEPTUNE:GLOM:MN:102		False	Membranous Nephropathy [B1_Glom_MN_102]
GSE108109-GPL19983|GSM2889878	GSE108109-GPL19983	GSE108109	GSM2889878	pretrain	GLOM	MN	NEPTUNE title code	NEPTUNE:GLOM:MN:103		False	Membranous Nephropathy [B1_Glom_MN_103]
GSE108109-GPL19983|GSM2889879	GSE108109-GPL19983	GSE108109	GSM2889879	pretrain	GLOM	MN	NEPTUNE title code	NEPTUNE:GLOM:MN:105		False	Membranous Nephropathy [B1_Glom_MN_105]
GSE108109-GPL19983|GSM2889880	GSE108109-GPL19983	GSE108109	GSM2889880	pretrain	GLOM	MN	NEPTUNE title code	NEPTUNE:GLOM:MN:107		False	Membranous Nephropathy [B1_Glom_MN_107]
GSE108109-GPL19983|GSM2889881	GSE108109-GPL19983	GSE108109	GSM2889881	pretrain	GLOM	MN	NEPTUNE title code	NEPTUNE:GLOM:MN:11		False	Membranous Nephropathy [B1_Glom_MN_11]
GSE108109-GPL19983|GSM2889882	GSE108109-GPL19983	GSE108109	GSM2889882	pretrain	GLOM	MN	NEPTUNE title code	NEPTUNE:GLOM:MN:111		False	Membranous Nephropathy [B1_Glom_MN_111]
GSE108109-GPL19983|GSM2889883	GSE108109-GPL19983	GSE108109	GSM2889883	pretrain	GLOM	MN	NEPTUNE title code	NEPTUNE:GLOM:MN:113		False	Membranous Nephropathy [B1_Glom_MN_113]
GSE108109-GPL19983|GSM2889884	GSE108109-GPL19983	GSE108109	GSM2889884	pretrain	GLOM	MN	NEPTUNE title code	NEPTUNE:GLOM:MN:119		False	Membranous Nephropathy [B1_Glom_MN_119]
GSE108109-GPL19983|GSM2889885	GSE108109-GPL19983	GSE108109	GSM2889885	pretrain	GLOM	MN	NEPTUNE title code	NEPTUNE:GLOM:MN:12		False	Membranous Nephropathy [B1_Glom_MN_12]
GSE108109-GPL19983|GSM2889886	GSE108109-GPL19983	GSE108109	GSM2889886	pretrain	GLOM	MN	NEPTUNE title code	NEPTUNE:GLOM:MN:127		False	Membranous Nephropathy [B1_Glom_MN_127]
GSE108109-GPL19983|GSM2889887	GSE108109-GPL19983	GSE108109	GSM2889887	pretrain	GLOM	MN	NEPTUNE title code	NEPTUNE:GLOM:MN:13		False	Membranous Nephropathy [B1_Glom_MN_13]
GSE108109-GPL19983|GSM2889888	GSE108109-GPL19983	GSE108109	GSM2889888	pretrain	GLOM	MN	NEPTUNE title code	NEPTUNE:GLOM:MN:133		False	Membranous Nephropathy [B1_Glom_MN_133]
GSE108109-GPL19983|GSM2889889	GSE108109-GPL19983	GSE108109	GSM2889889	pretrain	GLOM	MN	NEPTUNE title code	NEPTUNE:GLOM:MN:136		False	Membranous Nephropathy [B1_Glom_MN_136]
GSE108109-GPL19983|GSM2889890	GSE108109-GPL19983	GSE108109	GSM2889890	pretrain	GLOM	MN	NEPTUNE title code	NEPTUNE:GLOM:MN:138		False	Membranous Nephropathy [B1_Glom_MN_138]
GSE108109-GPL19983|GSM2889891	GSE108109-GPL19983	GSE108109	GSM2889891	pretrain	GLOM	MN	NEPTUNE title code	NEPTUNE:GLOM:MN:14		False	Membranous Nephropathy [B1_Glom_MN_14]
GSE108109-GPL19983|GSM2889892	GSE108109-GPL19983	GSE108109	GSM2889892	pretrain	GLOM	MN	NEPTUNE title code	NEPTUNE:GLOM:MN:154		False	Membranous Nephropathy [B1_Glom_MN_154]
GSE108109-GPL19983|GSM2889893	GSE108109-GPL19983	GSE108109	GSM2889893	pretrain	GLOM	MN	NEPTUNE title code	NEPTUNE:GLOM:MN:156		False	Membranous Nephropathy [B1_Glom_MN_156]
GSE108109-GPL19983|GSM2889894	GSE108109-GPL19983	GSE108109	GSM2889894	pretrain	GLOM	MN	NEPTUNE title code	NEPTUNE:GLOM:MN:159		False	Membranous Nephropathy [B1_Glom_MN_159]
GSE108109-GPL19983|GSM2889895	GSE108109-GPL19983	GSE108109	GSM2889895	pretrain	GLOM	MN	NEPTUNE title code	NEPTUNE:GLOM:MN:91		False	Membranous Nephropathy [B1_Glom_MN_91]
GSE108109-GPL19983|GSM2889896	GSE108109-GPL19983	GSE108109	GSM2889896	pretrain	GLOM	MN	NEPTUNE title code	NEPTUNE:GLOM:MN:94		False	Membranous Nephropathy [B1_Glom_MN_94]
GSE108109-GPL19983|GSM2889897	GSE108109-GPL19983	GSE108109	GSM2889897	pretrain	GLOM	MN	NEPTUNE title code	NEPTUNE:GLOM:MN:97		False	Membranous Nephropathy [B1_Glom_MN_97]
GSE108109-GPL19983|GSM2889898	GSE108109-GPL19983	GSE108109	GSM2889898	pretrain	GLOM	FSGS	NEPTUNE title code	NEPTUNE:GLOM:FSGS:19		False	Focal and Segmental Glomerulosclerosis [B2_Glom_FSGS_19]
GSE108109-GPL19983|GSM2889899	GSE108109-GPL19983	GSE108109	GSM2889899	pretrain	GLOM	FSGS	NEPTUNE title code	NEPTUNE:GLOM:FSGS:21		False	Focal and Segmental Glomerulosclerosis [B2_Glom_FSGS_21]
GSE108109-GPL19983|GSM2889900	GSE108109-GPL19983	GSE108109	GSM2889900	pretrain	GLOM	FSGS	NEPTUNE title code	NEPTUNE:GLOM:FSGS:26		False	Focal and Segmental Glomerulosclerosis [B2_Glom_FSGS_26]
GSE108109-GPL19983|GSM2889901	GSE108109-GPL19983	GSE108109	GSM2889901	pretrain	GLOM	FSGS	NEPTUNE title code	NEPTUNE:GLOM:FSGS:29		False	Focal and Segmental Glomerulosclerosis [B2_Glom_FSGS_29]
GSE108109-GPL19983|GSM2889902	GSE108109-GPL19983	GSE108109	GSM2889902	pretrain	GLOM	FSGS	NEPTUNE title code	NEPTUNE:GLOM:FSGS:31		False	Focal and Segmental Glomerulosclerosis [B2_Glom_FSGS_31]
GSE108109-GPL19983|GSM2889903	GSE108109-GPL19983	GSE108109	GSM2889903	pretrain	GLOM	FSGS	NEPTUNE title code	NEPTUNE:GLOM:FSGS:62		False	Focal and Segmental Glomerulosclerosis [B2_Glom_FSGS_62]
GSE108109-GPL19983|GSM2889904	GSE108109-GPL19983	GSE108109	GSM2889904	pretrain	GLOM	FSGS	NEPTUNE title code	NEPTUNE:GLOM:FSGS:65		False	Focal and Segmental Glomerulosclerosis [B2_Glom_FSGS_65]
GSE108109-GPL19983|GSM2889905	GSE108109-GPL19983	GSE108109	GSM2889905	pretrain	GLOM	FSGS	NEPTUNE title code	NEPTUNE:GLOM:FSGS:66		False	Focal and Segmental Glomerulosclerosis [B2_Glom_FSGS_66]
GSE108109-GPL19983|GSM2889906	GSE108109-GPL19983	GSE108109	GSM2889906	pretrain	GLOM	FSGS	NEPTUNE title code	NEPTUNE:GLOM:FSGS:67		False	Focal and Segmental Glomerulosclerosis [B2_Glom_FSGS_67]
GSE108109-GPL19983|GSM2889907	GSE108109-GPL19983	GSE108109	GSM2889907	pretrain	GLOM	FSGS	NEPTUNE title code	NEPTUNE:GLOM:FSGS:69		False	Focal and Segmental Glomerulosclerosis [B2_Glom_FSGS_69]
GSE108109-GPL19983|GSM2889908	GSE108109-GPL19983	GSE108109	GSM2889908	pretrain	GLOM	FSGS	NEPTUNE title code	NEPTUNE:GLOM:FSGS:70		False	Focal and Segmental Glomerulosclerosis [B2_Glom_FSGS_70]
GSE108109-GPL19983|GSM2889909	GSE108109-GPL19983	GSE108109	GSM2889909	pretrain	GLOM	FSGS	NEPTUNE title code	NEPTUNE:GLOM:FSGS:72		False	Focal and Segmental Glomerulosclerosis [B2_Glom_FSGS_72]
GSE108109-GPL19983|GSM2889910	GSE108109-GPL19983	GSE108109	GSM2889910	pretrain	GLOM	FSGS	NEPTUNE title code	NEPTUNE:GLOM:FSGS:80		False	Focal and Segmental Glomerulosclerosis [B2_Glom_FSGS_80]
GSE108109-GPL19983|GSM2889911	GSE108109-GPL19983	GSE108109	GSM2889911	pretrain	GLOM	FSGS	NEPTUNE title code	NEPTUNE:GLOM:FSGS:85		False	Focal and Segmental Glomerulosclerosis [B2_Glom_FSGS_85]
GSE108109-GPL19983|GSM2889912	GSE108109-GPL19983	GSE108109	GSM2889912	pretrain	GLOM	MCD	NEPTUNE title code	NEPTUNE:GLOM:MCD:106		False	Minimal Change Disease [B2_Glom_MCD_106]
GSE108109-GPL19983|GSM2889913	GSE108109-GPL19983	GSE108109	GSM2889913	pretrain	GLOM	MCD	NEPTUNE title code	NEPTUNE:GLOM:MCD:117		False	Minimal Change Disease [B2_Glom_MCD_117]
GSE108109-GPL19983|GSM2889914	GSE108109-GPL19983	GSE108109	GSM2889914	pretrain	GLOM	MCD	NEPTUNE title code	NEPTUNE:GLOM:MCD:126		False	Minimal Change Disease [B2_Glom_MCD_126]
GSE108109-GPL19983|GSM2889915	GSE108109-GPL19983	GSE108109	GSM2889915	pretrain	GLOM	MCD	NEPTUNE title code	NEPTUNE:GLOM:MCD:139		False	Minimal Change Disease [B2_Glom_MCD_139]
GSE108109-GPL19983|GSM2889916	GSE108109-GPL19983	GSE108109	GSM2889916	pretrain	GLOM	MCD	NEPTUNE title code	NEPTUNE:GLOM:MCD:140		False	Minimal Change Disease [B2_Glom_MCD_140]
GSE108109-GPL19983|GSM2889917	GSE108109-GPL19983	GSE108109	GSM2889917	pretrain	GLOM	MCD	NEPTUNE title code	NEPTUNE:GLOM:MCD:143		False	Minimal Change Disease [B2_Glom_MCD_143]
GSE108109-GPL19983|GSM2889918	GSE108109-GPL19983	GSE108109	GSM2889918	pretrain	GLOM	MCD	NEPTUNE title code	NEPTUNE:GLOM:MCD:144		False	Minimal Change Disease [B2_Glom_MCD_144]
GSE108109-GPL19983|GSM2889919	GSE108109-GPL19983	GSE108109	GSM2889919	pretrain	GLOM	MCD	NEPTUNE title code	NEPTUNE:GLOM:MCD:149		False	Minimal Change Disease [B2_Glom_MCD_149]
GSE108109-GPL19983|GSM2889920	GSE108109-GPL19983	GSE108109	GSM2889920	pretrain	GLOM	MCD	NEPTUNE title code	NEPTUNE:GLOM:MCD:150		False	Minimal Change Disease [B2_Glom_MCD_150]
GSE108109-GPL19983|GSM2889921	GSE108109-GPL19983	GSE108109	GSM2889921	pretrain	GLOM	MCD	NEPTUNE title code	NEPTUNE:GLOM:MCD:157		False	Minimal Change Disease [B2_Glom_MCD_157]
GSE108109-GPL19983|GSM2889922	GSE108109-GPL19983	GSE108109	GSM2889922	pretrain	GLOM	MCD	NEPTUNE title code	NEPTUNE:GLOM:MCD:160		False	Minimal Change Disease [B2_Glom_MCD_160]
GSE108109-GPL19983|GSM2889923	GSE108109-GPL19983	GSE108109	GSM2889923	pretrain	GLOM	MN	NEPTUNE title code	NEPTUNE:GLOM:MN:109		False	Membranous Nephropathy [B2_Glom_MN_109]
GSE108109-GPL19983|GSM2889924	GSE108109-GPL19983	GSE108109	GSM2889924	pretrain	GLOM	MN	NEPTUNE title code	NEPTUNE:GLOM:MN:110		False	Membranous Nephropathy [B2_Glom_MN_110]
GSE108109-GPL19983|GSM2889925	GSE108109-GPL19983	GSE108109	GSM2889925	pretrain	GLOM	MN	NEPTUNE title code	NEPTUNE:GLOM:MN:115		False	Membranous Nephropathy [B2_Glom_MN_115]
GSE108109-GPL19983|GSM2889926	GSE108109-GPL19983	GSE108109	GSM2889926	pretrain	GLOM	MN	NEPTUNE title code	NEPTUNE:GLOM:MN:118		False	Membranous Nephropathy [B2_Glom_MN_118]
GSE108109-GPL19983|GSM2889927	GSE108109-GPL19983	GSE108109	GSM2889927	pretrain	GLOM	MN	NEPTUNE title code	NEPTUNE:GLOM:MN:123		False	Membranous Nephropathy [B2_Glom_MN_123]
GSE108109-GPL19983|GSM2889928	GSE108109-GPL19983	GSE108109	GSM2889928	pretrain	GLOM	MN	NEPTUNE title code	NEPTUNE:GLOM:MN:124		False	Membranous Nephropathy [B2_Glom_MN_124]
GSE108109-GPL19983|GSM2889929	GSE108109-GPL19983	GSE108109	GSM2889929	pretrain	GLOM	MN	NEPTUNE title code	NEPTUNE:GLOM:MN:129		False	Membranous Nephropathy [B2_Glom_MN_129]
GSE108109-GPL19983|GSM2889930	GSE108109-GPL19983	GSE108109	GSM2889930	pretrain	GLOM	MN	NEPTUNE title code	NEPTUNE:GLOM:MN:134		False	Membranous Nephropathy [B2_Glom_MN_134]
GSE108109-GPL19983|GSM2889931	GSE108109-GPL19983	GSE108109	GSM2889931	pretrain	GLOM	MN	NEPTUNE title code	NEPTUNE:GLOM:MN:135		False	Membranous Nephropathy [B2_Glom_MN_135]
GSE108109-GPL19983|GSM2889932	GSE108109-GPL19983	GSE108109	GSM2889932	pretrain	GLOM	MN	NEPTUNE title code	NEPTUNE:GLOM:MN:141		False	Membranous Nephropathy [B2_Glom_MN_141]
GSE108109-GPL19983|GSM2889933	GSE108109-GPL19983	GSE108109	GSM2889933	pretrain	GLOM	MN	NEPTUNE title code	NEPTUNE:GLOM:MN:146		False	Membranous Nephropathy [B2_Glom_MN_146]
GSE108109-GPL19983|GSM2889934	GSE108109-GPL19983	GSE108109	GSM2889934	pretrain	GLOM	MN	NEPTUNE title code	NEPTUNE:GLOM:MN:148		False	Membranous Nephropathy [B2_Glom_MN_148]
GSE108109-GPL19983|GSM2889935	GSE108109-GPL19983	GSE108109	GSM2889935	pretrain	GLOM	MN	NEPTUNE title code	NEPTUNE:GLOM:MN:152		False	Membranous Nephropathy [B2_Glom_MN_152]
GSE108109-GPL19983|GSM2889936	GSE108109-GPL19983	GSE108109	GSM2889936	pretrain	GLOM	MN	NEPTUNE title code	NEPTUNE:GLOM:MN:36		False	Membranous Nephropathy [B2_Glom_MN_36]
GSE108109-GPL19983|GSM2889937	GSE108109-GPL19983	GSE108109	GSM2889937	pretrain	GLOM	MN	NEPTUNE title code	NEPTUNE:GLOM:MN:37		False	Membranous Nephropathy [B2_Glom_MN_37]
GSE108109-GPL19983|GSM2889938	GSE108109-GPL19983	GSE108109	GSM2889938	pretrain	GLOM	MN	NEPTUNE title code	NEPTUNE:GLOM:MN:38		False	Membranous Nephropathy [B2_Glom_MN_38]
GSE108109-GPL19983|GSM2889939	GSE108109-GPL19983	GSE108109	GSM2889939	pretrain	GLOM	MN	NEPTUNE title code	NEPTUNE:GLOM:MN:39		False	Membranous Nephropathy [B2_Glom_MN_39]
GSE108109-GPL19983|GSM2889940	GSE108109-GPL19983	GSE108109	GSM2889940	pretrain	GLOM	MN	NEPTUNE title code	NEPTUNE:GLOM:MN:40		False	Membranous Nephropathy [B2_Glom_MN_40]
GSE108109-GPL19983|GSM2889941	GSE108109-GPL19983	GSE108109	GSM2889941	pretrain	GLOM	MN	NEPTUNE title code	NEPTUNE:GLOM:MN:90		False	Membranous Nephropathy [B2_Glom_MN_90]
GSE108109-GPL19983|GSM2889942	GSE108109-GPL19983	GSE108109	GSM2889942	pretrain	GLOM	MN	NEPTUNE title code	NEPTUNE:GLOM:MN:93		False	Membranous Nephropathy [B2_Glom_MN_93]
GSE108109-GPL19983|GSM2889943	GSE108109-GPL19983	GSE108109	GSM2889943	pretrain	GLOM	MN	NEPTUNE title code	NEPTUNE:GLOM:MN:98		False	Membranous Nephropathy [B2_Glom_MN_98]
GSE108109-GPL19983|GSM2889944	GSE108109-GPL19983	GSE108109	GSM2889944	pretrain	GLOM	MN	NEPTUNE title code	NEPTUNE:GLOM:MN:99		False	Membranous Nephropathy [B2_Glom_MN_99]
GSE108109-GPL19983|GSM2889945	GSE108109-GPL19983	GSE108109	GSM2889945	pretrain	GLOM	RPGN	NEPTUNE title code	NEPTUNE:GLOM:AAV:1		False	ANCA Associated Vasculitis [B4_Glom_AAV_1]
GSE108109-GPL19983|GSM2889946	GSE108109-GPL19983	GSE108109	GSM2889946	pretrain	GLOM	RPGN	NEPTUNE title code	NEPTUNE:GLOM:AAV:10		False	ANCA Associated Vasculitis [B4_Glom_AAV_10]
GSE108109-GPL19983|GSM2889947	GSE108109-GPL19983	GSE108109	GSM2889947	pretrain	GLOM	RPGN	NEPTUNE title code	NEPTUNE:GLOM:AAV:11		False	ANCA Associated Vasculitis [B4_Glom_AAV_11]
GSE108109-GPL19983|GSM2889948	GSE108109-GPL19983	GSE108109	GSM2889948	pretrain	GLOM	RPGN	NEPTUNE title code	NEPTUNE:GLOM:AAV:12		False	ANCA Associated Vasculitis [B4_Glom_AAV_12]
GSE108109-GPL19983|GSM2889949	GSE108109-GPL19983	GSE108109	GSM2889949	pretrain	GLOM	RPGN	NEPTUNE title code	NEPTUNE:GLOM:AAV:13		False	ANCA Associated Vasculitis [B4_Glom_AAV_13]
GSE108109-GPL19983|GSM2889950	GSE108109-GPL19983	GSE108109	GSM2889950	pretrain	GLOM	RPGN	NEPTUNE title code	NEPTUNE:GLOM:AAV:14		False	ANCA Associated Vasculitis [B4_Glom_AAV_14]
GSE108109-GPL19983|GSM2889951	GSE108109-GPL19983	GSE108109	GSM2889951	pretrain	GLOM	RPGN	NEPTUNE title code	NEPTUNE:GLOM:AAV:15		False	ANCA Associated Vasculitis [B4_Glom_AAV_15]
GSE108109-GPL19983|GSM2889952	GSE108109-GPL19983	GSE108109	GSM2889952	pretrain	GLOM	RPGN	NEPTUNE title code	NEPTUNE:GLOM:AAV:2		False	ANCA Associated Vasculitis [B4_Glom_AAV_2]
GSE108109-GPL19983|GSM2889953	GSE108109-GPL19983	GSE108109	GSM2889953	pretrain	GLOM	RPGN	NEPTUNE title code	NEPTUNE:GLOM:AAV:3		False	ANCA Associated Vasculitis [B4_Glom_AAV_3]
GSE108109-GPL19983|GSM2889954	GSE108109-GPL19983	GSE108109	GSM2889954	pretrain	GLOM	RPGN	NEPTUNE title code	NEPTUNE:GLOM:AAV:4		False	ANCA Associated Vasculitis [B4_Glom_AAV_4]
GSE108109-GPL19983|GSM2889955	GSE108109-GPL19983	GSE108109	GSM2889955	pretrain	GLOM	RPGN	NEPTUNE title code	NEPTUNE:GLOM:AAV:5		False	ANCA Associated Vasculitis [B4_Glom_AAV_5]
GSE108109-GPL19983|GSM2889956	GSE108109-GPL19983	GSE108109	GSM2889956	pretrain	GLOM	RPGN	NEPTUNE title code	NEPTUNE:GLOM:AAV:6		False	ANCA Associated Vasculitis [B4_Glom_AAV_6]
GSE108109-GPL19983|GSM2889957	GSE108109-GPL19983	GSE108109	GSM2889957	pretrain	GLOM	RPGN	NEPTUNE title code	NEPTUNE:GLOM:AAV:7		False	ANCA Associated Vasculitis [B4_Glom_AAV_7]
GSE108109-GPL19983|GSM2889958	GSE108109-GPL19983	GSE108109	GSM2889958	pretrain	GLOM	RPGN	NEPTUNE title code	NEPTUNE:GLOM:AAV:8		False	ANCA Associated Vasculitis [B4_Glom_AAV_8]
GSE108109-GPL19983|GSM2889959	GSE108109-GPL19983	GSE108109	GSM2889959	pretrain	GLOM	RPGN	NEPTUNE title code	NEPTUNE:GLOM:AAV:9		False	ANCA Associated Vasculitis [B4_Glom_AAV_9]
GSE108112-GPL19983|GSM2890019	GSE108112-GPL19983	GSE108112	GSM2890019	pretrain	TUB	FSGS	NEPTUNE title code	NEPTUNE:TUB:FSGS:1		False	Focal and Segmental Glomerulosclerosis [B1_TI_FSGS_1]
GSE108112-GPL19983|GSM2890020	GSE108112-GPL19983	GSE108112	GSM2890020	pretrain	TUB	FSGS	NEPTUNE title code	NEPTUNE:TUB:FSGS:104		False	Focal and Segmental Glomerulosclerosis [B1_TI_FSGS_104]
GSE108112-GPL19983|GSM2890021	GSE108112-GPL19983	GSE108112	GSM2890021	pretrain	TUB	FSGS	NEPTUNE title code	NEPTUNE:TUB:FSGS:114		False	Focal and Segmental Glomerulosclerosis [B1_TI_FSGS_114]
GSE108112-GPL19983|GSM2890022	GSE108112-GPL19983	GSE108112	GSM2890022	pretrain	TUB	FSGS	NEPTUNE title code	NEPTUNE:TUB:FSGS:116		False	Focal and Segmental Glomerulosclerosis [B1_TI_FSGS_116]
GSE108112-GPL19983|GSM2890023	GSE108112-GPL19983	GSE108112	GSM2890023	pretrain	TUB	FSGS	NEPTUNE title code	NEPTUNE:TUB:FSGS:120		False	Focal and Segmental Glomerulosclerosis [B1_TI_FSGS_120]
GSE108112-GPL19983|GSM2890024	GSE108112-GPL19983	GSE108112	GSM2890024	pretrain	TUB	FSGS	NEPTUNE title code	NEPTUNE:TUB:FSGS:121		False	Focal and Segmental Glomerulosclerosis [B1_TI_FSGS_121]
GSE108112-GPL19983|GSM2890025	GSE108112-GPL19983	GSE108112	GSM2890025	pretrain	TUB	FSGS	NEPTUNE title code	NEPTUNE:TUB:FSGS:122		False	Focal and Segmental Glomerulosclerosis [B1_TI_FSGS_122]
GSE108112-GPL19983|GSM2890026	GSE108112-GPL19983	GSE108112	GSM2890026	pretrain	TUB	FSGS	NEPTUNE title code	NEPTUNE:TUB:FSGS:132		False	Focal and Segmental Glomerulosclerosis [B1_TI_FSGS_132]
GSE108112-GPL19983|GSM2890027	GSE108112-GPL19983	GSE108112	GSM2890027	pretrain	TUB	FSGS	NEPTUNE title code	NEPTUNE:TUB:FSGS:151		False	Focal and Segmental Glomerulosclerosis [B1_TI_FSGS_151]
GSE108112-GPL19983|GSM2890028	GSE108112-GPL19983	GSE108112	GSM2890028	pretrain	TUB	FSGS	NEPTUNE title code	NEPTUNE:TUB:FSGS:153		False	Focal and Segmental Glomerulosclerosis [B1_TI_FSGS_153]
GSE108112-GPL19983|GSM2890029	GSE108112-GPL19983	GSE108112	GSM2890029	pretrain	TUB	FSGS	NEPTUNE title code	NEPTUNE:TUB:FSGS:2		False	Focal and Segmental Glomerulosclerosis [B1_TI_FSGS_2]
GSE108112-GPL19983|GSM2890030	GSE108112-GPL19983	GSE108112	GSM2890030	pretrain	TUB	FSGS	NEPTUNE title code	NEPTUNE:TUB:FSGS:4		False	Focal and Segmental Glomerulosclerosis [B1_TI_FSGS_4]
GSE108112-GPL19983|GSM2890031	GSE108112-GPL19983	GSE108112	GSM2890031	pretrain	TUB	FSGS	NEPTUNE title code	NEPTUNE:TUB:FSGS:47		False	Focal and Segmental Glomerulosclerosis [B1_TI_FSGS_47]
GSE108112-GPL19983|GSM2890032	GSE108112-GPL19983	GSE108112	GSM2890032	pretrain	TUB	FSGS	NEPTUNE title code	NEPTUNE:TUB:FSGS:49		False	Focal and Segmental Glomerulosclerosis [B1_TI_FSGS_49]
GSE108112-GPL19983|GSM2890033	GSE108112-GPL19983	GSE108112	GSM2890033	pretrain	TUB	FSGS	NEPTUNE title code	NEPTUNE:TUB:FSGS:5		False	Focal and Segmental Glomerulosclerosis [B1_TI_FSGS_5]
GSE108112-GPL19983|GSM2890034	GSE108112-GPL19983	GSE108112	GSM2890034	pretrain	TUB	FSGS	NEPTUNE title code	NEPTUNE:TUB:FSGS:50		False	Focal and Segmental Glomerulosclerosis [B1_TI_FSGS_50]
GSE108112-GPL19983|GSM2890035	GSE108112-GPL19983	GSE108112	GSM2890035	pretrain	TUB	FSGS	NEPTUNE title code	NEPTUNE:TUB:FSGS:51		False	Focal and Segmental Glomerulosclerosis [B1_TI_FSGS_51]
GSE108112-GPL19983|GSM2890036	GSE108112-GPL19983	GSE108112	GSM2890036	pretrain	TUB	FSGS	NEPTUNE title code	NEPTUNE:TUB:FSGS:68		False	Focal and Segmental Glomerulosclerosis [B1_TI_FSGS_68]
GSE108112-GPL19983|GSM2890037	GSE108112-GPL19983	GSE108112	GSM2890037	pretrain	TUB	FSGS	NEPTUNE title code	NEPTUNE:TUB:FSGS:71		False	Focal and Segmental Glomerulosclerosis [B1_TI_FSGS_71]
GSE108112-GPL19983|GSM2890038	GSE108112-GPL19983	GSE108112	GSM2890038	pretrain	TUB	FSGS	NEPTUNE title code	NEPTUNE:TUB:FSGS:75		False	Focal and Segmental Glomerulosclerosis [B1_TI_FSGS_75]
GSE108112-GPL19983|GSM2890039	GSE108112-GPL19983	GSE108112	GSM2890039	pretrain	TUB	FSGS	NEPTUNE title code	NEPTUNE:TUB:FSGS:77		False	Focal and Segmental Glomerulosclerosis [B1_TI_FSGS_77]
GSE108112-GPL19983|GSM2890040	GSE108112-GPL19983	GSE108112	GSM2890040	pretrain	TUB	FSGS	NEPTUNE title code	NEPTUNE:TUB:FSGS:78		False	Focal and Segmental Glomerulosclerosis [B1_TI_FSGS_78]
GSE108112-GPL19983|GSM2890041	GSE108112-GPL19983	GSE108112	GSM2890041	pretrain	TUB	FSGS	NEPTUNE title code	NEPTUNE:TUB:FSGS:81		False	Focal and Segmental Glomerulosclerosis [B1_TI_FSGS_81]
GSE108112-GPL19983|GSM2890042	GSE108112-GPL19983	GSE108112	GSM2890042	pretrain	TUB	FSGS	NEPTUNE title code	NEPTUNE:TUB:FSGS:82		False	Focal and Segmental Glomerulosclerosis [B1_TI_FSGS_82]
GSE108112-GPL19983|GSM2890043	GSE108112-GPL19983	GSE108112	GSM2890043	pretrain	TUB	FSGS	NEPTUNE title code	NEPTUNE:TUB:FSGS:83		False	Focal and Segmental Glomerulosclerosis [B1_TI_FSGS_83]
GSE108112-GPL19983|GSM2890044	GSE108112-GPL19983	GSE108112	GSM2890044	pretrain	TUB	FSGS	NEPTUNE title code	NEPTUNE:TUB:FSGS:87		False	Focal and Segmental Glomerulosclerosis [B1_TI_FSGS_87]
GSE108112-GPL19983|GSM2890045	GSE108112-GPL19983	GSE108112	GSM2890045	pretrain	TUB	FSGS	NEPTUNE title code	NEPTUNE:TUB:FSGS:88		False	Focal and Segmental Glomerulosclerosis [B1_TI_FSGS_88]
GSE108112-GPL19983|GSM2890046	GSE108112-GPL19983	GSE108112	GSM2890046	pretrain	TUB	FSGS	NEPTUNE title code	NEPTUNE:TUB:FSGS:92		False	Focal and Segmental Glomerulosclerosis [B1_TI_FSGS_92]
GSE108112-GPL19983|GSM2890047	GSE108112-GPL19983	GSE108112	GSM2890047	pretrain	TUB	CONTROL	NEPTUNE title code	NEPTUNE:TUB:LD:1		False	Healthy Living Donor [B1_TI_LD_1]
GSE108112-GPL19983|GSM2890048	GSE108112-GPL19983	GSE108112	GSM2890048	pretrain	TUB	CONTROL	NEPTUNE title code	NEPTUNE:TUB:LD:2		False	Healthy Living Donor [B1_TI_LD_2]
GSE108112-GPL19983|GSM2890049	GSE108112-GPL19983	GSE108112	GSM2890049	pretrain	TUB	CONTROL	NEPTUNE title code	NEPTUNE:TUB:LD:3		False	Healthy Living Donor [B1_TI_LD_3]
GSE108112-GPL19983|GSM2890050	GSE108112-GPL19983	GSE108112	GSM2890050	pretrain	TUB	CONTROL	NEPTUNE title code	NEPTUNE:TUB:LD:6		False	Healthy Living Donor [B1_TI_LD_6]
GSE108112-GPL19983|GSM2890051	GSE108112-GPL19983	GSE108112	GSM2890051	pretrain	TUB	CONTROL	NEPTUNE title code	NEPTUNE:TUB:LD:7		False	Healthy Living Donor [B1_TI_LD_7]
GSE108112-GPL19983|GSM2890052	GSE108112-GPL19983	GSE108112	GSM2890052	pretrain	TUB	MCD	NEPTUNE title code	NEPTUNE:TUB:MCD:108		False	Minimal Change Disease [B1_TI_MCD_108]
GSE108112-GPL19983|GSM2890053	GSE108112-GPL19983	GSE108112	GSM2890053	pretrain	TUB	MCD	NEPTUNE title code	NEPTUNE:TUB:MCD:128		False	Minimal Change Disease [B1_TI_MCD_128]
GSE108112-GPL19983|GSM2890054	GSE108112-GPL19983	GSE108112	GSM2890054	pretrain	TUB	MCD	NEPTUNE title code	NEPTUNE:TUB:MCD:145		False	Minimal Change Disease [B1_TI_MCD_145]
GSE108112-GPL19983|GSM2890055	GSE108112-GPL19983	GSE108112	GSM2890055	pretrain	TUB	MCD	NEPTUNE title code	NEPTUNE:TUB:MCD:158		False	Minimal Change Disease [B1_TI_MCD_158]
GSE108112-GPL19983|GSM2890056	GSE108112-GPL19983	GSE108112	GSM2890056	pretrain	TUB	MCD	NEPTUNE title code	NEPTUNE:TUB:MCD:6		False	Minimal Change Disease [B1_TI_MCD_6]
GSE108112-GPL19983|GSM2890057	GSE108112-GPL19983	GSE108112	GSM2890057	pretrain	TUB	MCD	NEPTUNE title code	NEPTUNE:TUB:MCD:95		False	Minimal Change Disease [B1_TI_MCD_95]
GSE108112-GPL19983|GSM2890058	GSE108112-GPL19983	GSE108112	GSM2890058	pretrain	TUB	MN	NEPTUNE title code	NEPTUNE:TUB:MN:100		False	Membranous Nephropathy [B1_TI_MN_100]
GSE108112-GPL19983|GSM2890059	GSE108112-GPL19983	GSE108112	GSM2890059	pretrain	TUB	MN	NEPTUNE title code	NEPTUNE:TUB:MN:101		False	Membranous Nephropathy [B1_TI_MN_101]
GSE108112-GPL19983|GSM2890060	GSE108112-GPL19983	GSE108112	GSM2890060	pretrain	TUB	MN	NEPTUNE title code	NEPTUNE:TUB:MN:102		False	Membranous Nephropathy [B1_TI_MN_102]
GSE108112-GPL19983|GSM2890061	GSE108112-GPL19983	GSE108112	GSM2890061	pretrain	TUB	MN	NEPTUNE title code	NEPTUNE:TUB:MN:103		False	Membranous Nephropathy [B1_TI_MN_103]
GSE108112-GPL19983|GSM2890062	GSE108112-GPL19983	GSE108112	GSM2890062	pretrain	TUB	MN	NEPTUNE title code	NEPTUNE:TUB:MN:105		False	Membranous Nephropathy [B1_TI_MN_105]
GSE108112-GPL19983|GSM2890063	GSE108112-GPL19983	GSE108112	GSM2890063	pretrain	TUB	MN	NEPTUNE title code	NEPTUNE:TUB:MN:107		False	Membranous Nephropathy [B1_TI_MN_107]
GSE108112-GPL19983|GSM2890064	GSE108112-GPL19983	GSE108112	GSM2890064	pretrain	TUB	MN	NEPTUNE title code	NEPTUNE:TUB:MN:11		False	Membranous Nephropathy [B1_TI_MN_11]
GSE108112-GPL19983|GSM2890065	GSE108112-GPL19983	GSE108112	GSM2890065	pretrain	TUB	MN	NEPTUNE title code	NEPTUNE:TUB:MN:111		False	Membranous Nephropathy [B1_TI_MN_111]
GSE108112-GPL19983|GSM2890066	GSE108112-GPL19983	GSE108112	GSM2890066	pretrain	TUB	MN	NEPTUNE title code	NEPTUNE:TUB:MN:113		False	Membranous Nephropathy [B1_TI_MN_113]
GSE108112-GPL19983|GSM2890067	GSE108112-GPL19983	GSE108112	GSM2890067	pretrain	TUB	MN	NEPTUNE title code	NEPTUNE:TUB:MN:119		False	Membranous Nephropathy [B1_TI_MN_119]
GSE108112-GPL19983|GSM2890068	GSE108112-GPL19983	GSE108112	GSM2890068	pretrain	TUB	MN	NEPTUNE title code	NEPTUNE:TUB:MN:124		False	Membranous Nephropathy [B1_TI_MN_124]
GSE108112-GPL19983|GSM2890069	GSE108112-GPL19983	GSE108112	GSM2890069	pretrain	TUB	MN	NEPTUNE title code	NEPTUNE:TUB:MN:125		False	Membranous Nephropathy [B1_TI_MN_125]
GSE108112-GPL19983|GSM2890070	GSE108112-GPL19983	GSE108112	GSM2890070	pretrain	TUB	MN	NEPTUNE title code	NEPTUNE:TUB:MN:127		False	Membranous Nephropathy [B1_TI_MN_127]
GSE108112-GPL19983|GSM2890071	GSE108112-GPL19983	GSE108112	GSM2890071	pretrain	TUB	MN	NEPTUNE title code	NEPTUNE:TUB:MN:13		False	Membranous Nephropathy [B1_TI_MN_13]
GSE108112-GPL19983|GSM2890072	GSE108112-GPL19983	GSE108112	GSM2890072	pretrain	TUB	MN	NEPTUNE title code	NEPTUNE:TUB:MN:131		False	Membranous Nephropathy [B1_TI_MN_131]
GSE108112-GPL19983|GSM2890073	GSE108112-GPL19983	GSE108112	GSM2890073	pretrain	TUB	MN	NEPTUNE title code	NEPTUNE:TUB:MN:133		False	Membranous Nephropathy [B1_TI_MN_133]
GSE108112-GPL19983|GSM2890074	GSE108112-GPL19983	GSE108112	GSM2890074	pretrain	TUB	MN	NEPTUNE title code	NEPTUNE:TUB:MN:136		False	Membranous Nephropathy [B1_TI_MN_136]
GSE108112-GPL19983|GSM2890075	GSE108112-GPL19983	GSE108112	GSM2890075	pretrain	TUB	MN	NEPTUNE title code	NEPTUNE:TUB:MN:138		False	Membranous Nephropathy [B1_TI_MN_138]
GSE108112-GPL19983|GSM2890076	GSE108112-GPL19983	GSE108112	GSM2890076	pretrain	TUB	MN	NEPTUNE title code	NEPTUNE:TUB:MN:14		False	Membranous Nephropathy [B1_TI_MN_14]
GSE108112-GPL19983|GSM2890077	GSE108112-GPL19983	GSE108112	GSM2890077	pretrain	TUB	MN	NEPTUNE title code	NEPTUNE:TUB:MN:147		False	Membranous Nephropathy [B1_TI_MN_147]
GSE108112-GPL19983|GSM2890078	GSE108112-GPL19983	GSE108112	GSM2890078	pretrain	TUB	MN	NEPTUNE title code	NEPTUNE:TUB:MN:154		False	Membranous Nephropathy [B1_TI_MN_154]
GSE108112-GPL19983|GSM2890079	GSE108112-GPL19983	GSE108112	GSM2890079	pretrain	TUB	MN	NEPTUNE title code	NEPTUNE:TUB:MN:155		False	Membranous Nephropathy [B1_TI_MN_155]
GSE108112-GPL19983|GSM2890080	GSE108112-GPL19983	GSE108112	GSM2890080	pretrain	TUB	MN	NEPTUNE title code	NEPTUNE:TUB:MN:156		False	Membranous Nephropathy [B1_TI_MN_156]
GSE108112-GPL19983|GSM2890081	GSE108112-GPL19983	GSE108112	GSM2890081	pretrain	TUB	MN	NEPTUNE title code	NEPTUNE:TUB:MN:159		False	Membranous Nephropathy [B1_TI_MN_159]
GSE108112-GPL19983|GSM2890082	GSE108112-GPL19983	GSE108112	GSM2890082	pretrain	TUB	MN	NEPTUNE title code	NEPTUNE:TUB:MN:91		False	Membranous Nephropathy [B1_TI_MN_91]
GSE108112-GPL19983|GSM2890083	GSE108112-GPL19983	GSE108112	GSM2890083	pretrain	TUB	MN	NEPTUNE title code	NEPTUNE:TUB:MN:94		False	Membranous Nephropathy [B1_TI_MN_94]
GSE108112-GPL19983|GSM2890084	GSE108112-GPL19983	GSE108112	GSM2890084	pretrain	TUB	MN	NEPTUNE title code	NEPTUNE:TUB:MN:97		False	Membranous Nephropathy [B1_TI_MN_97]
GSE108112-GPL19983|GSM2890085	GSE108112-GPL19983	GSE108112	GSM2890085	pretrain	TUB	FSGS	NEPTUNE title code	NEPTUNE:TUB:FSGS:112		False	Focal and Segmental Glomerulosclerosis [B2_TI_FSGS_112]
GSE108112-GPL19983|GSM2890086	GSE108112-GPL19983	GSE108112	GSM2890086	pretrain	TUB	FSGS	NEPTUNE title code	NEPTUNE:TUB:FSGS:142		False	Focal and Segmental Glomerulosclerosis [B2_TI_FSGS_142]
GSE108112-GPL19983|GSM2890087	GSE108112-GPL19983	GSE108112	GSM2890087	pretrain	TUB	FSGS	NEPTUNE title code	NEPTUNE:TUB:FSGS:19		False	Focal and Segmental Glomerulosclerosis [B2_TI_FSGS_19]
GSE108112-GPL19983|GSM2890088	GSE108112-GPL19983	GSE108112	GSM2890088	pretrain	TUB	FSGS	NEPTUNE title code	NEPTUNE:TUB:FSGS:20		False	Focal and Segmental Glomerulosclerosis [B2_TI_FSGS_20]
GSE108112-GPL19983|GSM2890089	GSE108112-GPL19983	GSE108112	GSM2890089	pretrain	TUB	FSGS	NEPTUNE title code	NEPTUNE:TUB:FSGS:21		False	Focal and Segmental Glomerulosclerosis [B2_TI_FSGS_21]
GSE108112-GPL19983|GSM2890090	GSE108112-GPL19983	GSE108112	GSM2890090	pretrain	TUB	FSGS	NEPTUNE title code	NEPTUNE:TUB:FSGS:26		False	Focal and Segmental Glomerulosclerosis [B2_TI_FSGS_26]
GSE108112-GPL19983|GSM2890091	GSE108112-GPL19983	GSE108112	GSM2890091	pretrain	TUB	FSGS	NEPTUNE title code	NEPTUNE:TUB:FSGS:29		False	Focal and Segmental Glomerulosclerosis [B2_TI_FSGS_29]
GSE108112-GPL19983|GSM2890092	GSE108112-GPL19983	GSE108112	GSM2890092	pretrain	TUB	FSGS	NEPTUNE title code	NEPTUNE:TUB:FSGS:31		False	Focal and Segmental Glomerulosclerosis [B2_TI_FSGS_31]
GSE108112-GPL19983|GSM2890093	GSE108112-GPL19983	GSE108112	GSM2890093	pretrain	TUB	FSGS	NEPTUNE title code	NEPTUNE:TUB:FSGS:62		False	Focal and Segmental Glomerulosclerosis [B2_TI_FSGS_62]
GSE108112-GPL19983|GSM2890094	GSE108112-GPL19983	GSE108112	GSM2890094	pretrain	TUB	FSGS	NEPTUNE title code	NEPTUNE:TUB:FSGS:65		False	Focal and Segmental Glomerulosclerosis [B2_TI_FSGS_65]
GSE108112-GPL19983|GSM2890095	GSE108112-GPL19983	GSE108112	GSM2890095	pretrain	TUB	FSGS	NEPTUNE title code	NEPTUNE:TUB:FSGS:66		False	Focal and Segmental Glomerulosclerosis [B2_TI_FSGS_66]
GSE108112-GPL19983|GSM2890096	GSE108112-GPL19983	GSE108112	GSM2890096	pretrain	TUB	FSGS	NEPTUNE title code	NEPTUNE:TUB:FSGS:67		False	Focal and Segmental Glomerulosclerosis [B2_TI_FSGS_67]
GSE108112-GPL19983|GSM2890097	GSE108112-GPL19983	GSE108112	GSM2890097	pretrain	TUB	FSGS	NEPTUNE title code	NEPTUNE:TUB:FSGS:69		False	Focal and Segmental Glomerulosclerosis [B2_TI_FSGS_69]
GSE108112-GPL19983|GSM2890098	GSE108112-GPL19983	GSE108112	GSM2890098	pretrain	TUB	FSGS	NEPTUNE title code	NEPTUNE:TUB:FSGS:70		False	Focal and Segmental Glomerulosclerosis [B2_TI_FSGS_70]
GSE108112-GPL19983|GSM2890099	GSE108112-GPL19983	GSE108112	GSM2890099	pretrain	TUB	FSGS	NEPTUNE title code	NEPTUNE:TUB:FSGS:72		False	Focal and Segmental Glomerulosclerosis [B2_TI_FSGS_72]
GSE108112-GPL19983|GSM2890100	GSE108112-GPL19983	GSE108112	GSM2890100	pretrain	TUB	FSGS	NEPTUNE title code	NEPTUNE:TUB:FSGS:80		False	Focal and Segmental Glomerulosclerosis [B2_TI_FSGS_80]
GSE108112-GPL19983|GSM2890101	GSE108112-GPL19983	GSE108112	GSM2890101	pretrain	TUB	FSGS	NEPTUNE title code	NEPTUNE:TUB:FSGS:85		False	Focal and Segmental Glomerulosclerosis [B2_TI_FSGS_85]
GSE108112-GPL19983|GSM2890102	GSE108112-GPL19983	GSE108112	GSM2890102	pretrain	TUB	FSGS	NEPTUNE title code	NEPTUNE:TUB:FSGS:96		False	Focal and Segmental Glomerulosclerosis [B2_TI_FSGS_96]
GSE108112-GPL19983|GSM2890103	GSE108112-GPL19983	GSE108112	GSM2890103	pretrain	TUB	MCD	NEPTUNE title code	NEPTUNE:TUB:MCD:106		False	Minimal Change Disease [B2_TI_MCD_106]
GSE108112-GPL19983|GSM2890104	GSE108112-GPL19983	GSE108112	GSM2890104	pretrain	TUB	MCD	NEPTUNE title code	NEPTUNE:TUB:MCD:117		False	Minimal Change Disease [B2_TI_MCD_117]
GSE108112-GPL19983|GSM2890105	GSE108112-GPL19983	GSE108112	GSM2890105	pretrain	TUB	MCD	NEPTUNE title code	NEPTUNE:TUB:MCD:126		False	Minimal Change Disease [B2_TI_MCD_126]
GSE108112-GPL19983|GSM2890106	GSE108112-GPL19983	GSE108112	GSM2890106	pretrain	TUB	MCD	NEPTUNE title code	NEPTUNE:TUB:MCD:130		False	Minimal Change Disease [B2_TI_MCD_130]
GSE108112-GPL19983|GSM2890107	GSE108112-GPL19983	GSE108112	GSM2890107	pretrain	TUB	MCD	NEPTUNE title code	NEPTUNE:TUB:MCD:140		False	Minimal Change Disease [B2_TI_MCD_140]
GSE108112-GPL19983|GSM2890108	GSE108112-GPL19983	GSE108112	GSM2890108	pretrain	TUB	MCD	NEPTUNE title code	NEPTUNE:TUB:MCD:143		False	Minimal Change Disease [B2_TI_MCD_143]
GSE108112-GPL19983|GSM2890109	GSE108112-GPL19983	GSE108112	GSM2890109	pretrain	TUB	MCD	NEPTUNE title code	NEPTUNE:TUB:MCD:144		False	Minimal Change Disease [B2_TI_MCD_144]
GSE108112-GPL19983|GSM2890110	GSE108112-GPL19983	GSE108112	GSM2890110	pretrain	TUB	MCD	NEPTUNE title code	NEPTUNE:TUB:MCD:149		False	Minimal Change Disease [B2_TI_MCD_149]
GSE108112-GPL19983|GSM2890111	GSE108112-GPL19983	GSE108112	GSM2890111	pretrain	TUB	MCD	NEPTUNE title code	NEPTUNE:TUB:MCD:150		False	Minimal Change Disease [B2_TI_MCD_150]
GSE108112-GPL19983|GSM2890112	GSE108112-GPL19983	GSE108112	GSM2890112	pretrain	TUB	MCD	NEPTUNE title code	NEPTUNE:TUB:MCD:157		False	Minimal Change Disease [B2_TI_MCD_157]
GSE108112-GPL19983|GSM2890113	GSE108112-GPL19983	GSE108112	GSM2890113	pretrain	TUB	MCD	NEPTUNE title code	NEPTUNE:TUB:MCD:160		False	Minimal Change Disease [B2_TI_MCD_160]
GSE108112-GPL19983|GSM2890114	GSE108112-GPL19983	GSE108112	GSM2890114	pretrain	TUB	MCD	NEPTUNE title code	NEPTUNE:TUB:MCD:33		False	Minimal Change Disease [B2_TI_MCD_33]
GSE108112-GPL19983|GSM2890115	GSE108112-GPL19983	GSE108112	GSM2890115	pretrain	TUB	MN	NEPTUNE title code	NEPTUNE:TUB:MN:109		False	Membranous Nephropathy [B2_TI_MN_109]
GSE108112-GPL19983|GSM2890116	GSE108112-GPL19983	GSE108112	GSM2890116	pretrain	TUB	MN	NEPTUNE title code	NEPTUNE:TUB:MN:110		False	Membranous Nephropathy [B2_TI_MN_110]
GSE108112-GPL19983|GSM2890117	GSE108112-GPL19983	GSE108112	GSM2890117	pretrain	TUB	MN	NEPTUNE title code	NEPTUNE:TUB:MN:118		False	Membranous Nephropathy [B2_TI_MN_118]
GSE108112-GPL19983|GSM2890118	GSE108112-GPL19983	GSE108112	GSM2890118	pretrain	TUB	MN	NEPTUNE title code	NEPTUNE:TUB:MN:123		False	Membranous Nephropathy [B2_TI_MN_123]
GSE108112-GPL19983|GSM2890119	GSE108112-GPL19983	GSE108112	GSM2890119	pretrain	TUB	MN	NEPTUNE title code	NEPTUNE:TUB:MN:129		False	Membranous Nephropathy [B2_TI_MN_129]
GSE108112-GPL19983|GSM2890120	GSE108112-GPL19983	GSE108112	GSM2890120	pretrain	TUB	MN	NEPTUNE title code	NEPTUNE:TUB:MN:134		False	Membranous Nephropathy [B2_TI_MN_134]
GSE108112-GPL19983|GSM2890121	GSE108112-GPL19983	GSE108112	GSM2890121	pretrain	TUB	MN	NEPTUNE title code	NEPTUNE:TUB:MN:135		False	Membranous Nephropathy [B2_TI_MN_135]
GSE108112-GPL19983|GSM2890122	GSE108112-GPL19983	GSE108112	GSM2890122	pretrain	TUB	MN	NEPTUNE title code	NEPTUNE:TUB:MN:146		False	Membranous Nephropathy [B2_TI_MN_146]
GSE108112-GPL19983|GSM2890123	GSE108112-GPL19983	GSE108112	GSM2890123	pretrain	TUB	MN	NEPTUNE title code	NEPTUNE:TUB:MN:148		False	Membranous Nephropathy [B2_TI_MN_148]
GSE108112-GPL19983|GSM2890124	GSE108112-GPL19983	GSE108112	GSM2890124	pretrain	TUB	MN	NEPTUNE title code	NEPTUNE:TUB:MN:152		False	Membranous Nephropathy [B2_TI_MN_152]
GSE108112-GPL19983|GSM2890125	GSE108112-GPL19983	GSE108112	GSM2890125	pretrain	TUB	MN	NEPTUNE title code	NEPTUNE:TUB:MN:36		False	Membranous Nephropathy [B2_TI_MN_36]
GSE108112-GPL19983|GSM2890126	GSE108112-GPL19983	GSE108112	GSM2890126	pretrain	TUB	MN	NEPTUNE title code	NEPTUNE:TUB:MN:37		False	Membranous Nephropathy [B2_TI_MN_37]
GSE108112-GPL19983|GSM2890127	GSE108112-GPL19983	GSE108112	GSM2890127	pretrain	TUB	MN	NEPTUNE title code	NEPTUNE:TUB:MN:38		False	Membranous Nephropathy [B2_TI_MN_38]
GSE108112-GPL19983|GSM2890128	GSE108112-GPL19983	GSE108112	GSM2890128	pretrain	TUB	MN	NEPTUNE title code	NEPTUNE:TUB:MN:39		False	Membranous Nephropathy [B2_TI_MN_39]
GSE108112-GPL19983|GSM2890129	GSE108112-GPL19983	GSE108112	GSM2890129	pretrain	TUB	MN	NEPTUNE title code	NEPTUNE:TUB:MN:40		False	Membranous Nephropathy [B2_TI_MN_40]
GSE108112-GPL19983|GSM2890130	GSE108112-GPL19983	GSE108112	GSM2890130	pretrain	TUB	MN	NEPTUNE title code	NEPTUNE:TUB:MN:99		False	Membranous Nephropathy [B2_TI_MN_99]
GSE108112-GPL19983|GSM2890131	GSE108112-GPL19983	GSE108112	GSM2890131	pretrain	TUB	RPGN	NEPTUNE title code	NEPTUNE:TUB:AAV:1		False	ANCA Associated Vasculitis [B4_TI_AAV_1]
GSE108112-GPL19983|GSM2890132	GSE108112-GPL19983	GSE108112	GSM2890132	pretrain	TUB	RPGN	NEPTUNE title code	NEPTUNE:TUB:AAV:10		False	ANCA Associated Vasculitis [B4_TI_AAV_10]
GSE108112-GPL19983|GSM2890133	GSE108112-GPL19983	GSE108112	GSM2890133	pretrain	TUB	RPGN	NEPTUNE title code	NEPTUNE:TUB:AAV:11		False	ANCA Associated Vasculitis [B4_TI_AAV_11]
GSE108112-GPL19983|GSM2890134	GSE108112-GPL19983	GSE108112	GSM2890134	pretrain	TUB	RPGN	NEPTUNE title code	NEPTUNE:TUB:AAV:12		False	ANCA Associated Vasculitis [B4_TI_AAV_12]
GSE108112-GPL19983|GSM2890135	GSE108112-GPL19983	GSE108112	GSM2890135	pretrain	TUB	RPGN	NEPTUNE title code	NEPTUNE:TUB:AAV:13		False	ANCA Associated Vasculitis [B4_TI_AAV_13]
GSE108112-GPL19983|GSM2890136	GSE108112-GPL19983	GSE108112	GSM2890136	pretrain	TUB	RPGN	NEPTUNE title code	NEPTUNE:TUB:AAV:14		False	ANCA Associated Vasculitis [B4_TI_AAV_14]
GSE108112-GPL19983|GSM2890137	GSE108112-GPL19983	GSE108112	GSM2890137	pretrain	TUB	RPGN	NEPTUNE title code	NEPTUNE:TUB:AAV:15		False	ANCA Associated Vasculitis [B4_TI_AAV_15]
GSE108112-GPL19983|GSM2890138	GSE108112-GPL19983	GSE108112	GSM2890138	pretrain	TUB	RPGN	NEPTUNE title code	NEPTUNE:TUB:AAV:16		False	ANCA Associated Vasculitis [B4_TI_AAV_16]
GSE108112-GPL19983|GSM2890139	GSE108112-GPL19983	GSE108112	GSM2890139	pretrain	TUB	RPGN	NEPTUNE title code	NEPTUNE:TUB:AAV:17		False	ANCA Associated Vasculitis [B4_TI_AAV_17]
GSE108112-GPL19983|GSM2890140	GSE108112-GPL19983	GSE108112	GSM2890140	pretrain	TUB	RPGN	NEPTUNE title code	NEPTUNE:TUB:AAV:18		False	ANCA Associated Vasculitis [B4_TI_AAV_18]
GSE108112-GPL19983|GSM2890141	GSE108112-GPL19983	GSE108112	GSM2890141	pretrain	TUB	RPGN	NEPTUNE title code	NEPTUNE:TUB:AAV:19		False	ANCA Associated Vasculitis [B4_TI_AAV_19]
GSE108112-GPL19983|GSM2890142	GSE108112-GPL19983	GSE108112	GSM2890142	pretrain	TUB	RPGN	NEPTUNE title code	NEPTUNE:TUB:AAV:2		False	ANCA Associated Vasculitis [B4_TI_AAV_2]
GSE108112-GPL19983|GSM2890143	GSE108112-GPL19983	GSE108112	GSM2890143	pretrain	TUB	RPGN	NEPTUNE title code	NEPTUNE:TUB:AAV:20		False	ANCA Associated Vasculitis [B4_TI_AAV_20]
GSE108112-GPL19983|GSM2890144	GSE108112-GPL19983	GSE108112	GSM2890144	pretrain	TUB	RPGN	NEPTUNE title code	NEPTUNE:TUB:AAV:21		False	ANCA Associated Vasculitis [B4_TI_AAV_21]
GSE108112-GPL19983|GSM2890145	GSE108112-GPL19983	GSE108112	GSM2890145	pretrain	TUB	RPGN	NEPTUNE title code	NEPTUNE:TUB:AAV:22		False	ANCA Associated Vasculitis [B4_TI_AAV_22]
GSE108112-GPL19983|GSM2890146	GSE108112-GPL19983	GSE108112	GSM2890146	pretrain	TUB	RPGN	NEPTUNE title code	NEPTUNE:TUB:AAV:23		False	ANCA Associated Vasculitis [B4_TI_AAV_23]
GSE108112-GPL19983|GSM2890147	GSE108112-GPL19983	GSE108112	GSM2890147	pretrain	TUB	RPGN	NEPTUNE title code	NEPTUNE:TUB:AAV:24		False	ANCA Associated Vasculitis [B4_TI_AAV_24]
GSE108112-GPL19983|GSM2890148	GSE108112-GPL19983	GSE108112	GSM2890148	pretrain	TUB	RPGN	NEPTUNE title code	NEPTUNE:TUB:AAV:25		False	ANCA Associated Vasculitis [B4_TI_AAV_25]
GSE108112-GPL19983|GSM2890149	GSE108112-GPL19983	GSE108112	GSM2890149	pretrain	TUB	RPGN	NEPTUNE title code	NEPTUNE:TUB:AAV:26		False	ANCA Associated Vasculitis [B4_TI_AAV_26]
GSE108112-GPL19983|GSM2890150	GSE108112-GPL19983	GSE108112	GSM2890150	pretrain	TUB	RPGN	NEPTUNE title code	NEPTUNE:TUB:AAV:27		False	ANCA Associated Vasculitis [B4_TI_AAV_27]
GSE108112-GPL19983|GSM2890151	GSE108112-GPL19983	GSE108112	GSM2890151	pretrain	TUB	RPGN	NEPTUNE title code	NEPTUNE:TUB:AAV:28		False	ANCA Associated Vasculitis [B4_TI_AAV_28]
GSE108112-GPL19983|GSM2890152	GSE108112-GPL19983	GSE108112	GSM2890152	pretrain	TUB	RPGN	NEPTUNE title code	NEPTUNE:TUB:AAV:29		False	ANCA Associated Vasculitis [B4_TI_AAV_29]
GSE108112-GPL19983|GSM2890153	GSE108112-GPL19983	GSE108112	GSM2890153	pretrain	TUB	RPGN	NEPTUNE title code	NEPTUNE:TUB:AAV:3		False	ANCA Associated Vasculitis [B4_TI_AAV_3]
GSE108112-GPL19983|GSM2890154	GSE108112-GPL19983	GSE108112	GSM2890154	pretrain	TUB	RPGN	NEPTUNE title code	NEPTUNE:TUB:AAV:30		False	ANCA Associated Vasculitis [B4_TI_AAV_30]
GSE108112-GPL19983|GSM2890155	GSE108112-GPL19983	GSE108112	GSM2890155	pretrain	TUB	RPGN	NEPTUNE title code	NEPTUNE:TUB:AAV:31		False	ANCA Associated Vasculitis [B4_TI_AAV_31]
GSE108112-GPL19983|GSM2890156	GSE108112-GPL19983	GSE108112	GSM2890156	pretrain	TUB	RPGN	NEPTUNE title code	NEPTUNE:TUB:AAV:32		False	ANCA Associated Vasculitis [B4_TI_AAV_32]
GSE108112-GPL19983|GSM2890157	GSE108112-GPL19983	GSE108112	GSM2890157	pretrain	TUB	RPGN	NEPTUNE title code	NEPTUNE:TUB:AAV:33		False	ANCA Associated Vasculitis [B4_TI_AAV_33]
GSE108112-GPL19983|GSM2890158	GSE108112-GPL19983	GSE108112	GSM2890158	pretrain	TUB	RPGN	NEPTUNE title code	NEPTUNE:TUB:AAV:34		False	ANCA Associated Vasculitis [B4_TI_AAV_34]
GSE108112-GPL19983|GSM2890159	GSE108112-GPL19983	GSE108112	GSM2890159	pretrain	TUB	RPGN	NEPTUNE title code	NEPTUNE:TUB:AAV:35		False	ANCA Associated Vasculitis [B4_TI_AAV_35]
GSE108112-GPL19983|GSM2890160	GSE108112-GPL19983	GSE108112	GSM2890160	pretrain	TUB	RPGN	NEPTUNE title code	NEPTUNE:TUB:AAV:36		False	ANCA Associated Vasculitis [B4_TI_AAV_36]
GSE108112-GPL19983|GSM2890161	GSE108112-GPL19983	GSE108112	GSM2890161	pretrain	TUB	RPGN	NEPTUNE title code	NEPTUNE:TUB:AAV:37		False	ANCA Associated Vasculitis [B4_TI_AAV_37]
GSE108112-GPL19983|GSM2890162	GSE108112-GPL19983	GSE108112	GSM2890162	pretrain	TUB	RPGN	NEPTUNE title code	NEPTUNE:TUB:AAV:38		False	ANCA Associated Vasculitis [B4_TI_AAV_38]
GSE108112-GPL19983|GSM2890163	GSE108112-GPL19983	GSE108112	GSM2890163	pretrain	TUB	RPGN	NEPTUNE title code	NEPTUNE:TUB:AAV:39		False	ANCA Associated Vasculitis [B4_TI_AAV_39]
GSE108112-GPL19983|GSM2890164	GSE108112-GPL19983	GSE108112	GSM2890164	pretrain	TUB	RPGN	NEPTUNE title code	NEPTUNE:TUB:AAV:4		False	ANCA Associated Vasculitis [B4_TI_AAV_4]
GSE108112-GPL19983|GSM2890165	GSE108112-GPL19983	GSE108112	GSM2890165	pretrain	TUB	RPGN	NEPTUNE title code	NEPTUNE:TUB:AAV:40		False	ANCA Associated Vasculitis [B4_TI_AAV_40]
GSE108112-GPL19983|GSM2890166	GSE108112-GPL19983	GSE108112	GSM2890166	pretrain	TUB	RPGN	NEPTUNE title code	NEPTUNE:TUB:AAV:41		False	ANCA Associated Vasculitis [B4_TI_AAV_41]
GSE108112-GPL19983|GSM2890167	GSE108112-GPL19983	GSE108112	GSM2890167	pretrain	TUB	RPGN	NEPTUNE title code	NEPTUNE:TUB:AAV:42		False	ANCA Associated Vasculitis [B4_TI_AAV_42]
GSE108112-GPL19983|GSM2890168	GSE108112-GPL19983	GSE108112	GSM2890168	pretrain	TUB	RPGN	NEPTUNE title code	NEPTUNE:TUB:AAV:43		False	ANCA Associated Vasculitis [B4_TI_AAV_43]
GSE108112-GPL19983|GSM2890169	GSE108112-GPL19983	GSE108112	GSM2890169	pretrain	TUB	RPGN	NEPTUNE title code	NEPTUNE:TUB:AAV:44		False	ANCA Associated Vasculitis [B4_TI_AAV_44]
GSE108112-GPL19983|GSM2890170	GSE108112-GPL19983	GSE108112	GSM2890170	pretrain	TUB	RPGN	NEPTUNE title code	NEPTUNE:TUB:AAV:45		False	ANCA Associated Vasculitis [B4_TI_AAV_45]
GSE108112-GPL19983|GSM2890171	GSE108112-GPL19983	GSE108112	GSM2890171	pretrain	TUB	RPGN	NEPTUNE title code	NEPTUNE:TUB:AAV:46		False	ANCA Associated Vasculitis [B4_TI_AAV_46]
GSE108112-GPL19983|GSM2890172	GSE108112-GPL19983	GSE108112	GSM2890172	pretrain	TUB	RPGN	NEPTUNE title code	NEPTUNE:TUB:AAV:47		False	ANCA Associated Vasculitis [B4_TI_AAV_47]
GSE108112-GPL19983|GSM2890173	GSE108112-GPL19983	GSE108112	GSM2890173	pretrain	TUB	RPGN	NEPTUNE title code	NEPTUNE:TUB:AAV:48		False	ANCA Associated Vasculitis [B4_TI_AAV_48]
GSE108112-GPL19983|GSM2890174	GSE108112-GPL19983	GSE108112	GSM2890174	pretrain	TUB	RPGN	NEPTUNE title code	NEPTUNE:TUB:AAV:49		False	ANCA Associated Vasculitis [B4_TI_AAV_49]
GSE108112-GPL19983|GSM2890175	GSE108112-GPL19983	GSE108112	GSM2890175	pretrain	TUB	RPGN	NEPTUNE title code	NEPTUNE:TUB:AAV:5		False	ANCA Associated Vasculitis [B4_TI_AAV_5]
GSE108112-GPL19983|GSM2890176	GSE108112-GPL19983	GSE108112	GSM2890176	pretrain	TUB	RPGN	NEPTUNE title code	NEPTUNE:TUB:AAV:50		False	ANCA Associated Vasculitis [B4_TI_AAV_50]
GSE108112-GPL19983|GSM2890177	GSE108112-GPL19983	GSE108112	GSM2890177	pretrain	TUB	RPGN	NEPTUNE title code	NEPTUNE:TUB:AAV:51		False	ANCA Associated Vasculitis [B4_TI_AAV_51]
GSE108112-GPL19983|GSM2890178	GSE108112-GPL19983	GSE108112	GSM2890178	pretrain	TUB	RPGN	NEPTUNE title code	NEPTUNE:TUB:AAV:53		False	ANCA Associated Vasculitis [B4_TI_AAV_53]
GSE108112-GPL19983|GSM2890179	GSE108112-GPL19983	GSE108112	GSM2890179	pretrain	TUB	RPGN	NEPTUNE title code	NEPTUNE:TUB:AAV:54		False	ANCA Associated Vasculitis [B4_TI_AAV_54]
GSE108112-GPL19983|GSM2890180	GSE108112-GPL19983	GSE108112	GSM2890180	pretrain	TUB	RPGN	NEPTUNE title code	NEPTUNE:TUB:AAV:55		False	ANCA Associated Vasculitis [B4_TI_AAV_55]
GSE108112-GPL19983|GSM2890181	GSE108112-GPL19983	GSE108112	GSM2890181	pretrain	TUB	RPGN	NEPTUNE title code	NEPTUNE:TUB:AAV:56		False	ANCA Associated Vasculitis [B4_TI_AAV_56]
GSE108112-GPL19983|GSM2890182	GSE108112-GPL19983	GSE108112	GSM2890182	pretrain	TUB	RPGN	NEPTUNE title code	NEPTUNE:TUB:AAV:57		False	ANCA Associated Vasculitis [B4_TI_AAV_57]
GSE108112-GPL19983|GSM2890183	GSE108112-GPL19983	GSE108112	GSM2890183	pretrain	TUB	RPGN	NEPTUNE title code	NEPTUNE:TUB:AAV:58		False	ANCA Associated Vasculitis [B4_TI_AAV_58]
GSE108112-GPL19983|GSM2890184	GSE108112-GPL19983	GSE108112	GSM2890184	pretrain	TUB	RPGN	NEPTUNE title code	NEPTUNE:TUB:AAV:6		False	ANCA Associated Vasculitis [B4_TI_AAV_6]
GSE108112-GPL19983|GSM2890185	GSE108112-GPL19983	GSE108112	GSM2890185	pretrain	TUB	RPGN	NEPTUNE title code	NEPTUNE:TUB:AAV:7		False	ANCA Associated Vasculitis [B4_TI_AAV_7]
GSE108112-GPL19983|GSM2890186	GSE108112-GPL19983	GSE108112	GSM2890186	pretrain	TUB	RPGN	NEPTUNE title code	NEPTUNE:TUB:AAV:8		False	ANCA Associated Vasculitis [B4_TI_AAV_8]
GSE108112-GPL19983|GSM2890187	GSE108112-GPL19983	GSE108112	GSM2890187	pretrain	TUB	RPGN	NEPTUNE title code	NEPTUNE:TUB:AAV:9		False	ANCA Associated Vasculitis [B4_TI_AAV_9]
GSE115857-GPL14951|GSM3191893	GSE115857-GPL14951	GSE115857	GSM3191893	pretrain	WHOLE	FSGS	text: Focal Segmental Glomerulosclerosis ; Focal Segmental Glomerulosclerosis_renal biopsy	ILMN:5937329023_G		False	Focal Segmental Glomerulosclerosis
GSE115857-GPL14951|GSM3191894	GSE115857-GPL14951	GSE115857	GSM3191894	pretrain	WHOLE	IgAN	text: IgAN patient ; IgAN patient_renal biopsy	ILMN:5937329023_D		False	IgAN 1
GSE115857-GPL14951|GSM3191895	GSE115857-GPL14951	GSE115857	GSM3191895	pretrain	WHOLE	IgAN	text: IgAN patient ; IgAN patient_renal biopsy	ILMN:5937329023_H		False	IgAN 2
GSE115857-GPL14951|GSM3191896	GSE115857-GPL14951	GSE115857	GSM3191896	pretrain	WHOLE	IgAN	text: IgAN patient ; IgAN patient_renal biopsy	ILMN:5937329023_J		False	IgAN 3
GSE115857-GPL14951|GSM3191897	GSE115857-GPL14951	GSE115857	GSM3191897	pretrain	WHOLE	IgAN	text: IgAN patient ; IgAN patient_renal biopsy	ILMN:5937329023_L		False	IgAN 4
GSE115857-GPL14951|GSM3191898	GSE115857-GPL14951	GSE115857	GSM3191898	pretrain	WHOLE	IgAN	text: IgAN patient ; IgAN patient_renal biopsy	ILMN:5937329086_H		False	IgAN 5
GSE115857-GPL14951|GSM3191899	GSE115857-GPL14951	GSE115857	GSM3191899	pretrain	WHOLE	IgAN	text: IgAN patient ; IgAN patient_renal biopsy	ILMN:5937329086_J		False	IgAN 6
GSE115857-GPL14951|GSM3191900	GSE115857-GPL14951	GSE115857	GSM3191900	pretrain	WHOLE	IgAN	text: IgAN patient ; IgAN patient_renal biopsy	ILMN:5937329086_L		False	IgAN 7
GSE115857-GPL14951|GSM3191901	GSE115857-GPL14951	GSE115857	GSM3191901	pretrain	WHOLE	IgAN	text: IgAN patient ; IgAN patient_renal biopsy	ILMN:5993419034_G		False	IgAN 8
GSE115857-GPL14951|GSM3191902	GSE115857-GPL14951	GSE115857	GSM3191902	pretrain	WHOLE	IgAN	text: IgAN patient ; IgAN patient_renal biopsy	ILMN:5993419034_H		False	IgAN 9
GSE115857-GPL14951|GSM3191903	GSE115857-GPL14951	GSE115857	GSM3191903	pretrain	WHOLE	IgAN	text: IgAN patient ; IgAN patient_renal biopsy	ILMN:5993419034_K		False	IgAN 10
GSE115857-GPL14951|GSM3191904	GSE115857-GPL14951	GSE115857	GSM3191904	pretrain	WHOLE	IgAN	text: IgAN patient ; IgAN patient_renal biopsy	ILMN:5993419034_L		False	IgAN 11
GSE115857-GPL14951|GSM3191905	GSE115857-GPL14951	GSE115857	GSM3191905	pretrain	WHOLE	IgAN	text: IgAN patient ; IgAN patient_renal biopsy	ILMN:7509301164_A		False	IgAN 12
GSE115857-GPL14951|GSM3191906	GSE115857-GPL14951	GSE115857	GSM3191906	pretrain	WHOLE	IgAN	text: IgAN patient ; IgAN patient_renal biopsy	ILMN:7509301164_C		False	IgAN 13
GSE115857-GPL14951|GSM3191907	GSE115857-GPL14951	GSE115857	GSM3191907	pretrain	WHOLE	IgAN	text: IgAN patient ; IgAN patient_renal biopsy	ILMN:7509301164_E		False	IgAN 14
GSE115857-GPL14951|GSM3191908	GSE115857-GPL14951	GSE115857	GSM3191908	pretrain	WHOLE	IgAN	text: IgAN patient ; IgAN patient_renal biopsy	ILMN:7509301164_G		False	IgAN 15
GSE115857-GPL14951|GSM3191909	GSE115857-GPL14951	GSE115857	GSM3191909	pretrain	WHOLE	IgAN	text: IgAN patient ; IgAN patient_renal biopsy	ILMN:7509301164_I		False	IgAN 16
GSE115857-GPL14951|GSM3191910	GSE115857-GPL14951	GSE115857	GSM3191910	pretrain	WHOLE	IgAN	text: IgAN patient ; IgAN patient_renal biopsy	ILMN:7509301164_K		False	IgAN 17
GSE115857-GPL14951|GSM3191911	GSE115857-GPL14951	GSE115857	GSM3191911	pretrain	WHOLE	IgAN	text: IgAN patient ; IgAN patient_renal biopsy	ILMN:7509310022_A		False	IgAN 18
GSE115857-GPL14951|GSM3191912	GSE115857-GPL14951	GSE115857	GSM3191912	pretrain	WHOLE	IgAN	text: IgAN patient ; IgAN patient_renal biopsy	ILMN:7509310022_C		False	IgAN 19
GSE115857-GPL14951|GSM3191913	GSE115857-GPL14951	GSE115857	GSM3191913	pretrain	WHOLE	IgAN	text: IgAN patient ; IgAN patient_renal biopsy	ILMN:7509310022_G		False	IgAN 20
GSE115857-GPL14951|GSM3191914	GSE115857-GPL14951	GSE115857	GSM3191914	pretrain	WHOLE	IgAN	text: IgAN patient ; IgAN patient_renal biopsy	ILMN:7509310022_K		False	IgAN 21
GSE115857-GPL14951|GSM3191915	GSE115857-GPL14951	GSE115857	GSM3191915	pretrain	WHOLE	IgAN	text: IgAN patient ; IgAN patient_renal biopsy	ILMN:7509310087_A		False	IgAN 22
GSE115857-GPL14951|GSM3191916	GSE115857-GPL14951	GSE115857	GSM3191916	pretrain	WHOLE	IgAN	text: IgAN patient ; IgAN patient_renal biopsy	ILMN:7509310087_C		False	IgAN 23
GSE115857-GPL14951|GSM3191917	GSE115857-GPL14951	GSE115857	GSM3191917	pretrain	WHOLE	IgAN	text: IgAN patient ; IgAN patient_renal biopsy	ILMN:7509310087_G		False	IgAN 24
GSE115857-GPL14951|GSM3191918	GSE115857-GPL14951	GSE115857	GSM3191918	pretrain	WHOLE	IgAN	text: IgAN patient ; IgAN patient_renal biopsy	ILMN:7509310087_I		False	IgAN 25
GSE115857-GPL14951|GSM3191919	GSE115857-GPL14951	GSE115857	GSM3191919	pretrain	WHOLE	IgAN	text: IgAN patient ; IgAN patient_renal biopsy	ILMN:7509310087_K		False	IgAN 26
GSE115857-GPL14951|GSM3191920	GSE115857-GPL14951	GSE115857	GSM3191920	pretrain	WHOLE	IgAN	text: IgAN patient ; IgAN patient_renal biopsy	ILMN:7509310101_A		False	IgAN 27
GSE115857-GPL14951|GSM3191921	GSE115857-GPL14951	GSE115857	GSM3191921	pretrain	WHOLE	IgAN	text: IgAN patient ; IgAN patient_renal biopsy	ILMN:7509310101_B		False	IgAN 28
GSE115857-GPL14951|GSM3191922	GSE115857-GPL14951	GSE115857	GSM3191922	pretrain	WHOLE	IgAN	text: IgAN patient ; IgAN patient_renal biopsy	ILMN:7509310101_C		False	IgAN 29
GSE115857-GPL14951|GSM3191923	GSE115857-GPL14951	GSE115857	GSM3191923	pretrain	WHOLE	IgAN	text: IgAN patient ; IgAN patient_renal biopsy	ILMN:7509310101_E		False	IgAN 30
GSE115857-GPL14951|GSM3191924	GSE115857-GPL14951	GSE115857	GSM3191924	pretrain	WHOLE	IgAN	text: IgAN patient ; IgAN patient_renal biopsy	ILMN:7509310101_G		False	IgAN 31
GSE115857-GPL14951|GSM3191925	GSE115857-GPL14951	GSE115857	GSM3191925	pretrain	WHOLE	IgAN	text: IgAN patient ; IgAN patient_renal biopsy	ILMN:7509310101_I		False	IgAN 32
GSE115857-GPL14951|GSM3191926	GSE115857-GPL14951	GSE115857	GSM3191926	pretrain	WHOLE	IgAN	text: IgAN patient ; IgAN patient_renal biopsy	ILMN:7509310101_K		False	IgAN 33
GSE115857-GPL14951|GSM3191927	GSE115857-GPL14951	GSE115857	GSM3191927	pretrain	WHOLE	IgAN	text: IgAN patient ; IgAN patient_renal biopsy	ILMN:9421898092_A		False	IgAN 34
GSE115857-GPL14951|GSM3191928	GSE115857-GPL14951	GSE115857	GSM3191928	pretrain	WHOLE	IgAN	text: IgAN patient ; IgAN patient_renal biopsy	ILMN:9421898092_B		False	IgAN 35
GSE115857-GPL14951|GSM3191929	GSE115857-GPL14951	GSE115857	GSM3191929	pretrain	WHOLE	IgAN	text: IgAN patient ; IgAN patient_renal biopsy	ILMN:9421898092_D		False	IgAN 36
GSE115857-GPL14951|GSM3191930	GSE115857-GPL14951	GSE115857	GSM3191930	pretrain	WHOLE	IgAN	text: IgAN patient ; IgAN patient_renal biopsy	ILMN:9421898092_E		False	IgAN 37
GSE115857-GPL14951|GSM3191931	GSE115857-GPL14951	GSE115857	GSM3191931	pretrain	WHOLE	IgAN	text: IgAN patient ; IgAN patient_renal biopsy	ILMN:9421898092_F		False	IgAN 38
GSE115857-GPL14951|GSM3191932	GSE115857-GPL14951	GSE115857	GSM3191932	pretrain	WHOLE	IgAN	text: IgAN patient ; IgAN patient_renal biopsy	ILMN:9421898092_G		False	IgAN 39
GSE115857-GPL14951|GSM3191933	GSE115857-GPL14951	GSE115857	GSM3191933	pretrain	WHOLE	IgAN	text: IgAN patient ; IgAN patient_renal biopsy	ILMN:9421898092_H		False	IgAN 40
GSE115857-GPL14951|GSM3191934	GSE115857-GPL14951	GSE115857	GSM3191934	pretrain	WHOLE	IgAN	text: IgAN patient ; IgAN patient_renal biopsy	ILMN:9421898092_I		False	IgAN 41
GSE115857-GPL14951|GSM3191935	GSE115857-GPL14951	GSE115857	GSM3191935	pretrain	WHOLE	IgAN	text: IgAN patient ; IgAN patient_renal biopsy	ILMN:9421898092_J		False	IgAN 42
GSE115857-GPL14951|GSM3191936	GSE115857-GPL14951	GSE115857	GSM3191936	pretrain	WHOLE	IgAN	text: IgAN patient ; IgAN patient_renal biopsy	ILMN:9421898092_K		False	IgAN 43
GSE115857-GPL14951|GSM3191937	GSE115857-GPL14951	GSE115857	GSM3191937	pretrain	WHOLE	IgAN	text: IgAN patient ; IgAN patient_renal biopsy	ILMN:9421898092_L		False	IgAN 44
GSE115857-GPL14951|GSM3191938	GSE115857-GPL14951	GSE115857	GSM3191938	pretrain	WHOLE	IgAN	text: IgAN patient ; IgAN patient_renal biopsy	ILMN:9421898100_A		False	IgAN 45
GSE115857-GPL14951|GSM3191939	GSE115857-GPL14951	GSE115857	GSM3191939	pretrain	WHOLE	IgAN	text: IgAN patient ; IgAN patient_renal biopsy	ILMN:9421898100_C		False	IgAN 46
GSE115857-GPL14951|GSM3191940	GSE115857-GPL14951	GSE115857	GSM3191940	pretrain	WHOLE	IgAN	text: IgAN patient ; IgAN patient_renal biopsy	ILMN:9421898100_D		False	IgAN 47
GSE115857-GPL14951|GSM3191941	GSE115857-GPL14951	GSE115857	GSM3191941	pretrain	WHOLE	IgAN	text: IgAN patient ; IgAN patient_renal biopsy	ILMN:9421898100_E		False	IgAN 48
GSE115857-GPL14951|GSM3191942	GSE115857-GPL14951	GSE115857	GSM3191942	pretrain	WHOLE	IgAN	text: IgAN patient ; IgAN patient_renal biopsy	ILMN:9421898100_G		False	IgAN 49
GSE115857-GPL14951|GSM3191943	GSE115857-GPL14951	GSE115857	GSM3191943	pretrain	WHOLE	IgAN	text: IgAN patient ; IgAN patient_renal biopsy	ILMN:9421898100_H		False	IgAN 50
GSE115857-GPL14951|GSM3191944	GSE115857-GPL14951	GSE115857	GSM3191944	pretrain	WHOLE	IgAN	text: IgAN patient ; IgAN patient_renal biopsy	ILMN:9421898100_I		False	IgAN 51
GSE115857-GPL14951|GSM3191945	GSE115857-GPL14951	GSE115857	GSM3191945	pretrain	WHOLE	IgAN	text: IgAN patient ; IgAN patient_renal biopsy	ILMN:9421898100_J		False	IgAN 52
GSE115857-GPL14951|GSM3191946	GSE115857-GPL14951	GSE115857	GSM3191946	pretrain	WHOLE	IgAN	text: IgAN patient ; IgAN patient_renal biopsy	ILMN:9421898100_K		False	IgAN 53
GSE115857-GPL14951|GSM3191947	GSE115857-GPL14951	GSE115857	GSM3191947	pretrain	WHOLE	IgAN	text: IgAN patient ; IgAN patient_renal biopsy	ILMN:9421898100_L		False	IgAN 54
GSE115857-GPL14951|GSM3191948	GSE115857-GPL14951	GSE115857	GSM3191948	pretrain	WHOLE	IgAN	text: IgAN patient ; IgAN patient_renal biopsy	ILMN:5937329023_B		False	IgAN 55
GSE115857-GPL14951|GSM3191949	GSE115857-GPL14951	GSE115857	GSM3191949	pretrain	WHOLE	CONTROL	text: Living donor ; Living donor_renal biopsy	ILMN:5937329057_B		False	Living donor 1
GSE115857-GPL14951|GSM3191950	GSE115857-GPL14951	GSE115857	GSM3191950	pretrain	WHOLE	CONTROL	text: Living donor ; Living donor_renal biopsy	ILMN:5937329057_D		False	Living donor 2
GSE115857-GPL14951|GSM3191951	GSE115857-GPL14951	GSE115857	GSM3191951	pretrain	WHOLE	CONTROL	text: Living donor ; Living donor_renal biopsy	ILMN:5937329057_F		False	Living donor 3
GSE115857-GPL14951|GSM3191952	GSE115857-GPL14951	GSE115857	GSM3191952	pretrain	WHOLE	CONTROL	text: Living donor ; Living donor_renal biopsy	ILMN:5937329057_H		False	Living donor 4
GSE115857-GPL14951|GSM3191953	GSE115857-GPL14951	GSE115857	GSM3191953	pretrain	WHOLE	CONTROL	text: Living donor ; Living donor_renal biopsy	ILMN:5937329057_J		False	Living donor 5
GSE115857-GPL14951|GSM3191954	GSE115857-GPL14951	GSE115857	GSM3191954	pretrain	WHOLE	CONTROL	text: Living donor ; Living donor_renal biopsy	ILMN:5937329057_L		False	Living donor 6
GSE115857-GPL14951|GSM3191955	GSE115857-GPL14951	GSE115857	GSM3191955	pretrain	WHOLE	CONTROL	text: Living donor ; Living donor_renal biopsy	ILMN:6334175132_D		False	Living donor 7
GSE115857-GPL14951|GSM3191956	GSE115857-GPL14951	GSE115857	GSM3191956	pretrain	WHOLE	MN	text: Membranous glomerulonephritis ; Membranous glomerulonephritis _renal biopsy	ILMN:5937329023_I		False	Membranous glomerulonephritis 1
GSE115857-GPL14951|GSM3191957	GSE115857-GPL14951	GSE115857	GSM3191957	pretrain	WHOLE	MN	text: Membranous glomerulonephritis ; Membranous glomerulonephritis _renal biopsy	ILMN:5937329023_K		False	Membranous glomerulonephritis 2
GSE115857-GPL14951|GSM3191958	GSE115857-GPL14951	GSE115857	GSM3191958	pretrain	WHOLE	MN	text: Membranous glomerulonephritis ; Membranous glomerulonephritis _renal biopsy	ILMN:7509301164_B		False	Membranous glomerulonephritis 3
GSE115857-GPL14951|GSM3191959	GSE115857-GPL14951	GSE115857	GSM3191959	pretrain	WHOLE	MN	text: Membranous glomerulonephritis ; Membranous glomerulonephritis _renal biopsy	ILMN:7509301164_F		False	Membranous glomerulonephritis 4
GSE115857-GPL14951|GSM3191960	GSE115857-GPL14951	GSE115857	GSM3191960	pretrain	WHOLE	MN	text: Membranous glomerulonephritis ; Membranous glomerulonephritis _renal biopsy	ILMN:7509301164_H		False	Membranous glomerulonephritis 5
GSE115857-GPL14951|GSM3191961	GSE115857-GPL14951	GSE115857	GSM3191961	pretrain	WHOLE	MN	text: Membranous glomerulonephritis ; Membranous glomerulonephritis _renal biopsy	ILMN:7509301164_J		False	Membranous glomerulonephritis 6
GSE115857-GPL14951|GSM3191962	GSE115857-GPL14951	GSE115857	GSM3191962	pretrain	WHOLE	MN	text: Membranous glomerulonephritis ; Membranous glomerulonephritis _renal biopsy	ILMN:7509301164_L		False	Membranous glomerulonephritis 7
GSE115857-GPL14951|GSM3191963	GSE115857-GPL14951	GSE115857	GSM3191963	pretrain	WHOLE	MN	text: Membranous glomerulonephritis ; Membranous glomerulonephritis _renal biopsy	ILMN:7509310087_B		False	Membranous glomerulonephritis 8
GSE115857-GPL14951|GSM3191964	GSE115857-GPL14951	GSE115857	GSM3191964	pretrain	WHOLE	MN	text: Membranous glomerulonephritis ; Membranous glomerulonephritis _renal biopsy	ILMN:7509310087_D		False	Membranous glomerulonephritis 9
GSE115857-GPL14951|GSM3191965	GSE115857-GPL14951	GSE115857	GSM3191965	pretrain	WHOLE	MN	text: Membranous glomerulonephritis ; Membranous glomerulonephritis _renal biopsy	ILMN:7509310087_F		False	Membranous glomerulonephritis 10
GSE115857-GPL14951|GSM3191966	GSE115857-GPL14951	GSE115857	GSM3191966	pretrain	WHOLE	MN	text: Membranous glomerulonephritis ; Membranous glomerulonephritis _renal biopsy	ILMN:7509310087_H		False	Membranous glomerulonephritis 11
GSE115857-GPL14951|GSM3191967	GSE115857-GPL14951	GSE115857	GSM3191967	pretrain	WHOLE	MCD	text: minimal change disease ; minimal change disease _renal biopsy	ILMN:7509301164_D		False	minimal change disease 1
GSE115857-GPL14951|GSM3191968	GSE115857-GPL14951	GSE115857	GSM3191968	pretrain	WHOLE	MCD	text: minimal change disease ; minimal change disease _renal biopsy	ILMN:7509310022_B		False	minimal change disease 2
GSE115857-GPL14951|GSM3191969	GSE115857-GPL14951	GSE115857	GSM3191969	pretrain	WHOLE	MCD	text: minimal change disease ; minimal change disease _renal biopsy	ILMN:7509310022_D		False	minimal change disease 3
GSE115857-GPL14951|GSM3191970	GSE115857-GPL14951	GSE115857	GSM3191970	pretrain	WHOLE	MCD	text: minimal change disease ; minimal change disease _renal biopsy	ILMN:7509310022_F		False	minimal change disease 4
GSE115857-GPL14951|GSM3191971	GSE115857-GPL14951	GSE115857	GSM3191971	pretrain	WHOLE	MCD	text: minimal change disease ; minimal change disease _renal biopsy	ILMN:7509310022_H		False	minimal change disease 5
GSE115857-GPL14951|GSM3191972	GSE115857-GPL14951	GSE115857	GSM3191972	pretrain	WHOLE	MCD	text: minimal change disease ; minimal change disease _renal biopsy	ILMN:7509310022_J		False	minimal change disease 6
GSE115857-GPL14951|GSM3191973	GSE115857-GPL14951	GSE115857	GSM3191973	pretrain	WHOLE	MCD	text: minimal change disease ; minimal change disease _renal biopsy	ILMN:7509310022_L		False	minimal change disease 7
GSE115857-GPL14951|GSM3191974	GSE115857-GPL14951	GSE115857	GSM3191974	pretrain	WHOLE	MCD	text: minimal change disease ; minimal change disease _renal biopsy	ILMN:7509310087_J		False	minimal change disease 8
GSE115857-GPL14951|GSM3191975	GSE115857-GPL14951	GSE115857	GSM3191975	pretrain	WHOLE	MCD	text: minimal change disease ; minimal change disease _renal biopsy	ILMN:7509310087_L		False	minimal change disease 9
GSE115857-GPL14951|GSM3191976	GSE115857-GPL14951	GSE115857	GSM3191976	pretrain	WHOLE	MCD	text: minimal change disease ; minimal change disease _renal biopsy	ILMN:7509310101_D		False	minimal change disease 10
GSE115857-GPL14951|GSM3191977	GSE115857-GPL14951	GSE115857	GSM3191977	pretrain	WHOLE	MCD	text: minimal change disease ; minimal change disease _renal biopsy	ILMN:5937329023_A		False	minimal change disease 11
GSE115857-GPL14951|GSM3191978	GSE115857-GPL14951	GSE115857	GSM3191978	pretrain	WHOLE	MCD	text: minimal change disease ; minimal change disease _renal biopsy	ILMN:5937329023_C		False	minimal change disease 12
GSE133288-GPL19983|GSM3904876	GSE133288-GPL19983	GSE133288	GSM3904876	pretrain	TUB	OTHER	NEPTUNE title code	NEPTUNE:TUB:Other:210		False	B1_TI_Other_210
GSE133288-GPL19983|GSM3904877	GSE133288-GPL19983	GSE133288	GSM3904877	pretrain	TUB	MN	NEPTUNE title code	NEPTUNE:TUB:MN:94		False	B1_TI_MN_94
GSE133288-GPL19983|GSM3904878	GSE133288-GPL19983	GSE133288	GSM3904878	pretrain	TUB	FSGS	NEPTUNE title code	NEPTUNE:TUB:FSGS:81		False	B1_TI_FSGS_81
GSE133288-GPL19983|GSM3904879	GSE133288-GPL19983	GSE133288	GSM3904879	pretrain	TUB	MN	NEPTUNE title code	NEPTUNE:TUB:MN:133		False	B1_TI_MN_133
GSE133288-GPL19983|GSM3904880	GSE133288-GPL19983	GSE133288	GSM3904880	pretrain	TUB	MN	NEPTUNE title code	NEPTUNE:TUB:MN:102		False	B1_TI_MN_102
GSE133288-GPL19983|GSM3904881	GSE133288-GPL19983	GSE133288	GSM3904881	pretrain	TUB	FSGS	NEPTUNE title code	NEPTUNE:TUB:FSGS:82		False	B1_TI_FSGS_82
GSE133288-GPL19983|GSM3904882	GSE133288-GPL19983	GSE133288	GSM3904882	pretrain	TUB	FSGS	NEPTUNE title code	NEPTUNE:TUB:FSGS:48		False	B1_TI_FSGS_48
GSE133288-GPL19983|GSM3904883	GSE133288-GPL19983	GSE133288	GSM3904883	pretrain	TUB	FSGS	NEPTUNE title code	NEPTUNE:TUB:FSGS:83		False	B1_TI_FSGS_83
GSE133288-GPL19983|GSM3904884	GSE133288-GPL19983	GSE133288	GSM3904884	pretrain	TUB	MN	NEPTUNE title code	NEPTUNE:TUB:MN:111		False	B1_TI_MN_111
GSE133288-GPL19983|GSM3904885	GSE133288-GPL19983	GSE133288	GSM3904885	pretrain	TUB	OTHER	NEPTUNE title code	NEPTUNE:TUB:Other:296		False	B1_TI_Other_296
GSE133288-GPL19983|GSM3904886	GSE133288-GPL19983	GSE133288	GSM3904886	pretrain	TUB	FSGS	NEPTUNE title code	NEPTUNE:TUB:FSGS:75		False	B1_TI_FSGS_75
GSE133288-GPL19983|GSM3904887	GSE133288-GPL19983	GSE133288	GSM3904887	pretrain	TUB	OTHER	NEPTUNE title code	NEPTUNE:TUB:Other:211		False	B1_TI_Other_211
GSE133288-GPL19983|GSM3904888	GSE133288-GPL19983	GSE133288	GSM3904888	pretrain	TUB	MCD	NEPTUNE title code	NEPTUNE:TUB:MCD:271		False	B1_TI_MCD_271
GSE133288-GPL19983|GSM3904889	GSE133288-GPL19983	GSE133288	GSM3904889	pretrain	TUB	OTHER	NEPTUNE title code	NEPTUNE:TUB:Other:282		False	B1_TI_Other_282
GSE133288-GPL19983|GSM3904890	GSE133288-GPL19983	GSE133288	GSM3904890	pretrain	TUB	MCD	NEPTUNE title code	NEPTUNE:TUB:MCD:9		False	B1_TI_MCD_9
GSE133288-GPL19983|GSM3904891	GSE133288-GPL19983	GSE133288	GSM3904891	pretrain	TUB	OTHER	NEPTUNE title code	NEPTUNE:TUB:Other:168		False	B1_TI_Other_168
GSE133288-GPL19983|GSM3904892	GSE133288-GPL19983	GSE133288	GSM3904892	pretrain	TUB	FSGS	NEPTUNE title code	NEPTUNE:TUB:FSGS:151		False	B1_TI_FSGS_151
GSE133288-GPL19983|GSM3904893	GSE133288-GPL19983	GSE133288	GSM3904893	pretrain	TUB	FSGS	NEPTUNE title code	NEPTUNE:TUB:FSGS:49		False	B1_TI_FSGS_49
GSE133288-GPL19983|GSM3904894	GSE133288-GPL19983	GSE133288	GSM3904894	pretrain	TUB	FSGS	NEPTUNE title code	NEPTUNE:TUB:FSGS:68		False	B1_TI_FSGS_68
GSE133288-GPL19983|GSM3904895	GSE133288-GPL19983	GSE133288	GSM3904895	pretrain	TUB	OTHER	NEPTUNE title code	NEPTUNE:TUB:Other:56		False	B1_TI_Other_56
GSE133288-GPL19983|GSM3904896	GSE133288-GPL19983	GSE133288	GSM3904896	pretrain	TUB	FSGS	NEPTUNE title code	NEPTUNE:TUB:FSGS:79		False	B1_TI_FSGS_79
GSE133288-GPL19983|GSM3904897	GSE133288-GPL19983	GSE133288	GSM3904897	pretrain	TUB	MCD	NEPTUNE title code	NEPTUNE:TUB:MCD:219		False	B1_TI_MCD_219
GSE133288-GPL19983|GSM3904898	GSE133288-GPL19983	GSE133288	GSM3904898	pretrain	TUB	FSGS	NEPTUNE title code	NEPTUNE:TUB:FSGS:77		False	B1_TI_FSGS_77
GSE133288-GPL19983|GSM3904899	GSE133288-GPL19983	GSE133288	GSM3904899	pretrain	TUB	MN	NEPTUNE title code	NEPTUNE:TUB:MN:97		False	B1_TI_MN_97
GSE133288-GPL19983|GSM3904900	GSE133288-GPL19983	GSE133288	GSM3904900	pretrain	TUB	FSGS	NEPTUNE title code	NEPTUNE:TUB:FSGS:88		False	B1_TI_FSGS_88
GSE133288-GPL19983|GSM3904901	GSE133288-GPL19983	GSE133288	GSM3904901	pretrain	TUB	MCD	NEPTUNE title code	NEPTUNE:TUB:MCD:205		False	B1_TI_MCD_205
GSE133288-GPL19983|GSM3904902	GSE133288-GPL19983	GSE133288	GSM3904902	pretrain	TUB	MN	NEPTUNE title code	NEPTUNE:TUB:MN:159		False	B1_TI_MN_159
GSE133288-GPL19983|GSM3904903	GSE133288-GPL19983	GSE133288	GSM3904903	pretrain	TUB	OTHER	NEPTUNE title code	NEPTUNE:TUB:Other:209		False	B1_TI_Other_209
GSE133288-GPL19983|GSM3904904	GSE133288-GPL19983	GSE133288	GSM3904904	pretrain	TUB	OTHER	NEPTUNE title code	NEPTUNE:TUB:Other:264		False	B1_TI_Other_264
GSE133288-GPL19983|GSM3904905	GSE133288-GPL19983	GSE133288	GSM3904905	pretrain	TUB	FSGS	NEPTUNE title code	NEPTUNE:TUB:FSGS:120		False	B1_TI_FSGS_120
GSE133288-GPL19983|GSM3904906	GSE133288-GPL19983	GSE133288	GSM3904906	pretrain	TUB	MN	NEPTUNE title code	NEPTUNE:TUB:MN:113		False	B1_TI_MN_113
GSE133288-GPL19983|GSM3904907	GSE133288-GPL19983	GSE133288	GSM3904907	pretrain	TUB	MN	NEPTUNE title code	NEPTUNE:TUB:MN:125		False	B1_TI_MN_125
GSE133288-GPL19983|GSM3904908	GSE133288-GPL19983	GSE133288	GSM3904908	pretrain	TUB	OTHER	NEPTUNE title code	NEPTUNE:TUB:Other:255		False	B1_TI_Other_255
GSE133288-GPL19983|GSM3904909	GSE133288-GPL19983	GSE133288	GSM3904909	pretrain	TUB	MN	NEPTUNE title code	NEPTUNE:TUB:MN:155		False	B1_TI_MN_155
GSE133288-GPL19983|GSM3904910	GSE133288-GPL19983	GSE133288	GSM3904910	pretrain	TUB	MN	NEPTUNE title code	NEPTUNE:TUB:MN:138		False	B1_TI_MN_138
GSE133288-GPL19983|GSM3904911	GSE133288-GPL19983	GSE133288	GSM3904911	pretrain	TUB	MCD	NEPTUNE title code	NEPTUNE:TUB:MCD:169		False	B1_TI_MCD_169
GSE133288-GPL19983|GSM3904912	GSE133288-GPL19983	GSE133288	GSM3904912	pretrain	TUB	FSGS	NEPTUNE title code	NEPTUNE:TUB:FSGS:2		False	B1_TI_FSGS_2
GSE133288-GPL19983|GSM3904913	GSE133288-GPL19983	GSE133288	GSM3904913	pretrain	TUB	OTHER	NEPTUNE title code	NEPTUNE:TUB:Other:259		False	B1_TI_Other_259
GSE133288-GPL19983|GSM3904914	GSE133288-GPL19983	GSE133288	GSM3904914	pretrain	TUB	OTHER	NEPTUNE title code	NEPTUNE:TUB:Other:247		False	B1_TI_Other_247
GSE133288-GPL19983|GSM3904915	GSE133288-GPL19983	GSE133288	GSM3904915	pretrain	TUB	OTHER	NEPTUNE title code	NEPTUNE:TUB:Other:226		False	B1_TI_Other_226
GSE133288-GPL19983|GSM3904916	GSE133288-GPL19983	GSE133288	GSM3904916	pretrain	TUB	OTHER	NEPTUNE title code	NEPTUNE:TUB:Other:199		False	B1_TI_Other_199
GSE133288-GPL19983|GSM3904917	GSE133288-GPL19983	GSE133288	GSM3904917	pretrain	TUB	FSGS	NEPTUNE title code	NEPTUNE:TUB:FSGS:50		False	B1_TI_FSGS_50
GSE133288-GPL19983|GSM3904918	GSE133288-GPL19983	GSE133288	GSM3904918	pretrain	TUB	MN	NEPTUNE title code	NEPTUNE:TUB:MN:136		False	B1_TI_MN_136
GSE133288-GPL19983|GSM3904919	GSE133288-GPL19983	GSE133288	GSM3904919	pretrain	TUB	MCD	NEPTUNE title code	NEPTUNE:TUB:MCD:145		False	B1_TI_MCD_145
GSE133288-GPL19983|GSM3904920	GSE133288-GPL19983	GSE133288	GSM3904920	pretrain	TUB	OTHER	NEPTUNE title code	NEPTUNE:TUB:Other:213		False	B1_TI_Other_213
GSE133288-GPL19983|GSM3904921	GSE133288-GPL19983	GSE133288	GSM3904921	pretrain	TUB	FSGS	NEPTUNE title code	NEPTUNE:TUB:FSGS:153		False	B1_TI_FSGS_153
GSE133288-GPL19983|GSM3904922	GSE133288-GPL19983	GSE133288	GSM3904922	pretrain	TUB	OTHER	NEPTUNE title code	NEPTUNE:TUB:Other:180		False	B1_TI_Other_180
GSE133288-GPL19983|GSM3904923	GSE133288-GPL19983	GSE133288	GSM3904923	pretrain	TUB	FSGS	NEPTUNE title code	NEPTUNE:TUB:FSGS:116		False	B1_TI_FSGS_116
GSE133288-GPL19983|GSM3904924	GSE133288-GPL19983	GSE133288	GSM3904924	pretrain	TUB	OTHER	NEPTUNE title code	NEPTUNE:TUB:Other:256		False	B1_TI_Other_256
GSE133288-GPL19983|GSM3904925	GSE133288-GPL19983	GSE133288	GSM3904925	pretrain	TUB	OTHER	NEPTUNE title code	NEPTUNE:TUB:Other:232		False	B1_TI_Other_232
GSE133288-GPL19983|GSM3904926	GSE133288-GPL19983	GSE133288	GSM3904926	pretrain	TUB	OTHER	NEPTUNE title code	NEPTUNE:TUB:Other:183		False	B1_TI_Other_183
GSE133288-GPL19983|GSM3904927	GSE133288-GPL19983	GSE133288	GSM3904927	pretrain	TUB	MCD	NEPTUNE title code	NEPTUNE:TUB:MCD:128		False	B1_TI_MCD_128
GSE133288-GPL19983|GSM3904928	GSE133288-GPL19983	GSE133288	GSM3904928	pretrain	TUB	MN	NEPTUNE title code	NEPTUNE:TUB:MN:156		False	B1_TI_MN_156
GSE133288-GPL19983|GSM3904929	GSE133288-GPL19983	GSE133288	GSM3904929	pretrain	TUB	OTHER	NEPTUNE title code	NEPTUNE:TUB:Other:292		False	B1_TI_Other_292
GSE133288-GPL19983|GSM3904930	GSE133288-GPL19983	GSE133288	GSM3904930	pretrain	TUB	OTHER	NEPTUNE title code	NEPTUNE:TUB:Other:265		False	B1_TI_Other_265
GSE133288-GPL19983|GSM3904931	GSE133288-GPL19983	GSE133288	GSM3904931	pretrain	TUB	FSGS	NEPTUNE title code	NEPTUNE:TUB:FSGS:114		False	B1_TI_FSGS_114
GSE133288-GPL19983|GSM3904932	GSE133288-GPL19983	GSE133288	GSM3904932	pretrain	TUB	MN	NEPTUNE title code	NEPTUNE:TUB:MN:13		False	B1_TI_MN_13
GSE133288-GPL19983|GSM3904933	GSE133288-GPL19983	GSE133288	GSM3904933	pretrain	TUB	MN	NEPTUNE title code	NEPTUNE:TUB:MN:100		False	B1_TI_MN_100
GSE133288-GPL19983|GSM3904934	GSE133288-GPL19983	GSE133288	GSM3904934	pretrain	TUB	OTHER	NEPTUNE title code	NEPTUNE:TUB:Other:293		False	B1_TI_Other_293
GSE133288-GPL19983|GSM3904935	GSE133288-GPL19983	GSE133288	GSM3904935	pretrain	TUB	MN	NEPTUNE title code	NEPTUNE:TUB:MN:14		False	B1_TI_MN_14
GSE133288-GPL19983|GSM3904936	GSE133288-GPL19983	GSE133288	GSM3904936	pretrain	TUB	OTHER	NEPTUNE title code	NEPTUNE:TUB:Other:245		False	B1_TI_Other_245
GSE133288-GPL19983|GSM3904937	GSE133288-GPL19983	GSE133288	GSM3904937	pretrain	TUB	MN	NEPTUNE title code	NEPTUNE:TUB:MN:119		False	B1_TI_MN_119
GSE133288-GPL19983|GSM3904938	GSE133288-GPL19983	GSE133288	GSM3904938	pretrain	TUB	MN	NEPTUNE title code	NEPTUNE:TUB:MN:91		False	B1_TI_MN_91
GSE133288-GPL19983|GSM3904939	GSE133288-GPL19983	GSE133288	GSM3904939	pretrain	TUB	MCD	NEPTUNE title code	NEPTUNE:TUB:MCD:186		False	B1_TI_MCD_186
GSE133288-GPL19983|GSM3904940	GSE133288-GPL19983	GSE133288	GSM3904940	pretrain	TUB	OTHER	NEPTUNE title code	NEPTUNE:TUB:Other:225		False	B1_TI_Other_225
GSE133288-GPL19983|GSM3904941	GSE133288-GPL19983	GSE133288	GSM3904941	pretrain	TUB	FSGS	NEPTUNE title code	NEPTUNE:TUB:FSGS:122		False	B1_TI_FSGS_122
GSE133288-GPL19983|GSM3904942	GSE133288-GPL19983	GSE133288	GSM3904942	pretrain	TUB	MN	NEPTUNE title code	NEPTUNE:TUB:MN:131		False	B1_TI_MN_131
GSE133288-GPL19983|GSM3904943	GSE133288-GPL19983	GSE133288	GSM3904943	pretrain	TUB	OTHER	NEPTUNE title code	NEPTUNE:TUB:Other:244		False	B1_TI_Other_244
GSE133288-GPL19983|GSM3904944	GSE133288-GPL19983	GSE133288	GSM3904944	pretrain	TUB	MN	NEPTUNE title code	NEPTUNE:TUB:MN:274		False	B1_TI_MN_274
GSE133288-GPL19983|GSM3904945	GSE133288-GPL19983	GSE133288	GSM3904945	pretrain	TUB	FSGS	NEPTUNE title code	NEPTUNE:TUB:FSGS:54		False	B1_TI_FSGS_54
GSE133288-GPL19983|GSM3904946	GSE133288-GPL19983	GSE133288	GSM3904946	pretrain	TUB	FSGS	NEPTUNE title code	NEPTUNE:TUB:FSGS:4		False	B1_TI_FSGS_4
GSE133288-GPL19983|GSM3904947	GSE133288-GPL19983	GSE133288	GSM3904947	pretrain	TUB	OTHER	NEPTUNE title code	NEPTUNE:TUB:Other:294		False	B1_TI_Other_294
GSE133288-GPL19983|GSM3904948	GSE133288-GPL19983	GSE133288	GSM3904948	pretrain	TUB	FSGS	NEPTUNE title code	NEPTUNE:TUB:FSGS:104		False	B1_TI_FSGS_104
GSE133288-GPL19983|GSM3904949	GSE133288-GPL19983	GSE133288	GSM3904949	pretrain	TUB	OTHER	NEPTUNE title code	NEPTUNE:TUB:Other:262		False	B1_TI_Other_262
GSE133288-GPL19983|GSM3904950	GSE133288-GPL19983	GSE133288	GSM3904950	pretrain	TUB	FSGS	NEPTUNE title code	NEPTUNE:TUB:FSGS:47		False	B1_TI_FSGS_47
GSE133288-GPL19983|GSM3904951	GSE133288-GPL19983	GSE133288	GSM3904951	pretrain	TUB	OTHER	NEPTUNE title code	NEPTUNE:TUB:Other:252		False	B1_TI_Other_252
GSE133288-GPL19983|GSM3904952	GSE133288-GPL19983	GSE133288	GSM3904952	pretrain	TUB	MCD	NEPTUNE title code	NEPTUNE:TUB:MCD:95		False	B1_TI_MCD_95
GSE133288-GPL19983|GSM3904953	GSE133288-GPL19983	GSE133288	GSM3904953	pretrain	TUB	OTHER	NEPTUNE title code	NEPTUNE:TUB:Other:170		False	B1_TI_Other_170
GSE133288-GPL19983|GSM3904954	GSE133288-GPL19983	GSE133288	GSM3904954	pretrain	TUB	FSGS	NEPTUNE title code	NEPTUNE:TUB:FSGS:121		False	B1_TI_FSGS_121
GSE133288-GPL19983|GSM3904955	GSE133288-GPL19983	GSE133288	GSM3904955	pretrain	TUB	OTHER	NEPTUNE title code	NEPTUNE:TUB:Other:57		False	B1_TI_Other_57
GSE133288-GPL19983|GSM3904956	GSE133288-GPL19983	GSE133288	GSM3904956	pretrain	TUB	OTHER	NEPTUNE title code	NEPTUNE:TUB:Other:237		False	B1_TI_Other_237
GSE133288-GPL19983|GSM3904957	GSE133288-GPL19983	GSE133288	GSM3904957	pretrain	TUB	MN	NEPTUNE title code	NEPTUNE:TUB:MN:124		False	B1_TI_MN_124
GSE133288-GPL19983|GSM3904958	GSE133288-GPL19983	GSE133288	GSM3904958	pretrain	TUB	OTHER	NEPTUNE title code	NEPTUNE:TUB:Other:185		False	B1_TI_Other_185
GSE133288-GPL19983|GSM3904959	GSE133288-GPL19983	GSE133288	GSM3904959	pretrain	TUB	MN	NEPTUNE title code	NEPTUNE:TUB:MN:147		False	B1_TI_MN_147
GSE133288-GPL19983|GSM3904960	GSE133288-GPL19983	GSE133288	GSM3904960	pretrain	TUB	FSGS	NEPTUNE title code	NEPTUNE:TUB:FSGS:87		False	B1_TI_FSGS_87
GSE133288-GPL19983|GSM3904961	GSE133288-GPL19983	GSE133288	GSM3904961	pretrain	TUB	OTHER	NEPTUNE title code	NEPTUNE:TUB:Other:275		False	B1_TI_Other_275
GSE133288-GPL19983|GSM3904962	GSE133288-GPL19983	GSE133288	GSM3904962	pretrain	TUB	FSGS	NEPTUNE title code	NEPTUNE:TUB:FSGS:5		False	B1_TI_FSGS_5
GSE133288-GPL19983|GSM3904963	GSE133288-GPL19983	GSE133288	GSM3904963	pretrain	TUB	FSGS	NEPTUNE title code	NEPTUNE:TUB:FSGS:78		False	B1_TI_FSGS_78
GSE133288-GPL19983|GSM3904964	GSE133288-GPL19983	GSE133288	GSM3904964	pretrain	TUB	OTHER	NEPTUNE title code	NEPTUNE:TUB:Other:189		False	B1_TI_Other_189
GSE133288-GPL19983|GSM3904965	GSE133288-GPL19983	GSE133288	GSM3904965	pretrain	TUB	FSGS	NEPTUNE title code	NEPTUNE:TUB:FSGS:92		False	B1_TI_FSGS_92
GSE133288-GPL19983|GSM3904966	GSE133288-GPL19983	GSE133288	GSM3904966	pretrain	TUB	MCD	NEPTUNE title code	NEPTUNE:TUB:MCD:187		False	B1_TI_MCD_187
GSE133288-GPL19983|GSM3904967	GSE133288-GPL19983	GSE133288	GSM3904967	pretrain	TUB	OTHER	NEPTUNE title code	NEPTUNE:TUB:Other:196		False	B1_TI_Other_196
GSE133288-GPL19983|GSM3904968	GSE133288-GPL19983	GSE133288	GSM3904968	pretrain	TUB	MN	NEPTUNE title code	NEPTUNE:TUB:MN:107		False	B1_TI_MN_107
GSE133288-GPL19983|GSM3904969	GSE133288-GPL19983	GSE133288	GSM3904969	pretrain	TUB	MN	NEPTUNE title code	NEPTUNE:TUB:MN:101		False	B1_TI_MN_101
GSE133288-GPL19983|GSM3904970	GSE133288-GPL19983	GSE133288	GSM3904970	pretrain	TUB	MN	NEPTUNE title code	NEPTUNE:TUB:MN:105		False	B1_TI_MN_105
GSE133288-GPL19983|GSM3904971	GSE133288-GPL19983	GSE133288	GSM3904971	pretrain	TUB	MCD	NEPTUNE title code	NEPTUNE:TUB:MCD:158		False	B1_TI_MCD_158
GSE133288-GPL19983|GSM3904972	GSE133288-GPL19983	GSE133288	GSM3904972	pretrain	TUB	MCD	NEPTUNE title code	NEPTUNE:TUB:MCD:108		False	B1_TI_MCD_108
GSE133288-GPL19983|GSM3904973	GSE133288-GPL19983	GSE133288	GSM3904973	pretrain	TUB	FSGS	NEPTUNE title code	NEPTUNE:TUB:FSGS:71		False	B1_TI_FSGS_71
GSE133288-GPL19983|GSM3904974	GSE133288-GPL19983	GSE133288	GSM3904974	pretrain	TUB	OTHER	NEPTUNE title code	NEPTUNE:TUB:Other:217		False	B1_TI_Other_217
GSE133288-GPL19983|GSM3904975	GSE133288-GPL19983	GSE133288	GSM3904975	pretrain	TUB	MN	NEPTUNE title code	NEPTUNE:TUB:MN:103		False	B1_TI_MN_103
GSE133288-GPL19983|GSM3904976	GSE133288-GPL19983	GSE133288	GSM3904976	pretrain	TUB	MN	NEPTUNE title code	NEPTUNE:TUB:MN:127		False	B1_TI_MN_127
GSE133288-GPL19983|GSM3904977	GSE133288-GPL19983	GSE133288	GSM3904977	pretrain	TUB	MN	NEPTUNE title code	NEPTUNE:TUB:MN:154		False	B1_TI_MN_154
GSE133288-GPL19983|GSM3904978	GSE133288-GPL19983	GSE133288	GSM3904978	pretrain	TUB	MN	NEPTUNE title code	NEPTUNE:TUB:MN:11		False	B1_TI_MN_11
GSE133288-GPL19983|GSM3904979	GSE133288-GPL19983	GSE133288	GSM3904979	pretrain	TUB	MCD	NEPTUNE title code	NEPTUNE:TUB:MCD:6		False	B1_TI_MCD_6
GSE133288-GPL19983|GSM3904980	GSE133288-GPL19983	GSE133288	GSM3904980	pretrain	TUB	MCD	NEPTUNE title code	NEPTUNE:TUB:MCD:248		False	B1_TI_MCD_248
GSE133288-GPL19983|GSM3904981	GSE133288-GPL19983	GSE133288	GSM3904981	pretrain	TUB	MCD	NEPTUNE title code	NEPTUNE:TUB:MCD:277		False	B1_TI_MCD_277
GSE133288-GPL19983|GSM3904982	GSE133288-GPL19983	GSE133288	GSM3904982	pretrain	TUB	MCD	NEPTUNE title code	NEPTUNE:TUB:MCD:241		False	B1_TI_MCD_241
GSE133288-GPL19983|GSM3904983	GSE133288-GPL19983	GSE133288	GSM3904983	pretrain	TUB	FSGS	NEPTUNE title code	NEPTUNE:TUB:FSGS:1		False	B1_TI_FSGS_1
GSE133288-GPL19983|GSM3904984	GSE133288-GPL19983	GSE133288	GSM3904984	pretrain	TUB	OTHER	NEPTUNE title code	NEPTUNE:TUB:Other:179		False	B1_TI_Other_179
GSE133288-GPL19983|GSM3904985	GSE133288-GPL19983	GSE133288	GSM3904985	pretrain	TUB	OTHER	NEPTUNE title code	NEPTUNE:TUB:Other:215		False	B1_TI_Other_215
GSE133288-GPL19983|GSM3904986	GSE133288-GPL19983	GSE133288	GSM3904986	pretrain	TUB	FSGS	NEPTUNE title code	NEPTUNE:TUB:FSGS:51		False	B1_TI_FSGS_51
GSE133288-GPL19983|GSM3904987	GSE133288-GPL19983	GSE133288	GSM3904987	pretrain	TUB	MCD	NEPTUNE title code	NEPTUNE:TUB:MCD:260		False	B1_TI_MCD_260
GSE133288-GPL19983|GSM3904988	GSE133288-GPL19983	GSE133288	GSM3904988	pretrain	TUB	MCD	NEPTUNE title code	NEPTUNE:TUB:MCD:174		False	B1_TI_MCD_174
GSE133288-GPL19983|GSM3904989	GSE133288-GPL19983	GSE133288	GSM3904989	pretrain	TUB	FSGS	NEPTUNE title code	NEPTUNE:TUB:FSGS:132		False	B1_TI_FSGS_132
GSE133288-GPL19983|GSM3904990	GSE133288-GPL19983	GSE133288	GSM3904990	pretrain	TUB	MN	NEPTUNE title code	NEPTUNE:TUB:MN:229		False	B1_TI_MN_229
GSE133288-GPL19983|GSM3904991	GSE133288-GPL19983	GSE133288	GSM3904991	pretrain	TUB	CONTROL	NEPTUNE title code	NEPTUNE:TUB:LD:1		False	B1_TI_LD_1
GSE133288-GPL19983|GSM3904992	GSE133288-GPL19983	GSE133288	GSM3904992	pretrain	TUB	CONTROL	NEPTUNE title code	NEPTUNE:TUB:LD:2		False	B1_TI_LD_2
GSE133288-GPL19983|GSM3904993	GSE133288-GPL19983	GSE133288	GSM3904993	pretrain	TUB	CONTROL	NEPTUNE title code	NEPTUNE:TUB:LD:7		False	B1_TI_LD_7
GSE133288-GPL19983|GSM3904994	GSE133288-GPL19983	GSE133288	GSM3904994	pretrain	TUB	CONTROL	NEPTUNE title code	NEPTUNE:TUB:LD:3		False	B1_TI_LD_3
GSE133288-GPL19983|GSM3904995	GSE133288-GPL19983	GSE133288	GSM3904995	pretrain	TUB	CONTROL	NEPTUNE title code	NEPTUNE:TUB:LD:6		False	B1_TI_LD_6
GSE133288-GPL19983|GSM3904996	GSE133288-GPL19983	GSE133288	GSM3904996	pretrain	TUB	MCD	NEPTUNE title code	NEPTUNE:TUB:MCD:144		False	B2_TI_MCD_144
GSE133288-GPL19983|GSM3904997	GSE133288-GPL19983	GSE133288	GSM3904997	pretrain	TUB	MN	NEPTUNE title code	NEPTUNE:TUB:MN:123		False	B2_TI_MN_123
GSE133288-GPL19983|GSM3904998	GSE133288-GPL19983	GSE133288	GSM3904998	pretrain	TUB	MN	NEPTUNE title code	NEPTUNE:TUB:MN:118		False	B2_TI_MN_118
GSE133288-GPL19983|GSM3904999	GSE133288-GPL19983	GSE133288	GSM3904999	pretrain	TUB	FSGS	NEPTUNE title code	NEPTUNE:TUB:FSGS:19		False	B2_TI_FSGS_19
GSE133288-GPL19983|GSM3905000	GSE133288-GPL19983	GSE133288	GSM3905000	pretrain	TUB	MCD	NEPTUNE title code	NEPTUNE:TUB:MCD:176		False	B2_TI_MCD_176
GSE133288-GPL19983|GSM3905001	GSE133288-GPL19983	GSE133288	GSM3905001	pretrain	TUB	FSGS	NEPTUNE title code	NEPTUNE:TUB:FSGS:72		False	B2_TI_FSGS_72
GSE133288-GPL19983|GSM3905002	GSE133288-GPL19983	GSE133288	GSM3905002	pretrain	TUB	FSGS	NEPTUNE title code	NEPTUNE:TUB:FSGS:22		False	B2_TI_FSGS_22
GSE133288-GPL19983|GSM3905003	GSE133288-GPL19983	GSE133288	GSM3905003	pretrain	TUB	MCD	NEPTUNE title code	NEPTUNE:TUB:MCD:33		False	B2_TI_MCD_33
GSE133288-GPL19983|GSM3905004	GSE133288-GPL19983	GSE133288	GSM3905004	pretrain	TUB	MCD	NEPTUNE title code	NEPTUNE:TUB:MCD:273		False	B2_TI_MCD_273
GSE133288-GPL19983|GSM3905005	GSE133288-GPL19983	GSE133288	GSM3905005	pretrain	TUB	MCD	NEPTUNE title code	NEPTUNE:TUB:MCD:280		False	B2_TI_MCD_280
GSE133288-GPL19983|GSM3905006	GSE133288-GPL19983	GSE133288	GSM3905006	pretrain	TUB	MN	NEPTUNE title code	NEPTUNE:TUB:MN:99		False	B2_TI_MN_99
GSE133288-GPL19983|GSM3905007	GSE133288-GPL19983	GSE133288	GSM3905007	pretrain	TUB	OTHER	NEPTUNE title code	NEPTUNE:TUB:Other:173		False	B2_TI_Other_173
GSE133288-GPL19983|GSM3905008	GSE133288-GPL19983	GSE133288	GSM3905008	pretrain	TUB	MN	NEPTUNE title code	NEPTUNE:TUB:MN:148		False	B2_TI_MN_148
GSE133288-GPL19983|GSM3905009	GSE133288-GPL19983	GSE133288	GSM3905009	pretrain	TUB	OTHER	NEPTUNE title code	NEPTUNE:TUB:Other:190		False	B2_TI_Other_190
GSE133288-GPL19983|GSM3905010	GSE133288-GPL19983	GSE133288	GSM3905010	pretrain	TUB	FSGS	NEPTUNE title code	NEPTUNE:TUB:FSGS:41		False	B2_TI_FSGS_41
GSE133288-GPL19983|GSM3905011	GSE133288-GPL19983	GSE133288	GSM3905011	pretrain	TUB	MCD	NEPTUNE title code	NEPTUNE:TUB:MCD:150		False	B2_TI_MCD_150
GSE133288-GPL19983|GSM3905012	GSE133288-GPL19983	GSE133288	GSM3905012	pretrain	TUB	OTHER	NEPTUNE title code	NEPTUNE:TUB:Other:286		False	B2_TI_Other_286
GSE133288-GPL19983|GSM3905013	GSE133288-GPL19983	GSE133288	GSM3905013	pretrain	TUB	FSGS	NEPTUNE title code	NEPTUNE:TUB:FSGS:53		False	B2_TI_FSGS_53
GSE133288-GPL19983|GSM3905014	GSE133288-GPL19983	GSE133288	GSM3905014	pretrain	TUB	MCD	NEPTUNE title code	NEPTUNE:TUB:MCD:167		False	B2_TI_MCD_167
GSE133288-GPL19983|GSM3905015	GSE133288-GPL19983	GSE133288	GSM3905015	pretrain	TUB	MN	NEPTUNE title code	NEPTUNE:TUB:MN:39		False	B2_TI_MN_39
GSE133288-GPL19983|GSM3905016	GSE133288-GPL19983	GSE133288	GSM3905016	pretrain	TUB	FSGS	NEPTUNE title code	NEPTUNE:TUB:FSGS:197		False	B2_TI_FSGS_197
GSE133288-GPL19983|GSM3905017	GSE133288-GPL19983	GSE133288	GSM3905017	pretrain	TUB	MN	NEPTUNE title code	NEPTUNE:TUB:MN:109		False	B2_TI_MN_109
GSE133288-GPL19983|GSM3905018	GSE133288-GPL19983	GSE133288	GSM3905018	pretrain	TUB	MN	NEPTUNE title code	NEPTUNE:TUB:MN:129		False	B2_TI_MN_129
GSE133288-GPL19983|GSM3905019	GSE133288-GPL19983	GSE133288	GSM3905019	pretrain	TUB	FSGS	NEPTUNE title code	NEPTUNE:TUB:FSGS:58		False	B2_TI_FSGS_58
GSE133288-GPL19983|GSM3905020	GSE133288-GPL19983	GSE133288	GSM3905020	pretrain	TUB	FSGS	NEPTUNE title code	NEPTUNE:TUB:FSGS:112		False	B2_TI_FSGS_112
GSE133288-GPL19983|GSM3905021	GSE133288-GPL19983	GSE133288	GSM3905021	pretrain	TUB	MN	NEPTUNE title code	NEPTUNE:TUB:MN:36		False	B2_TI_MN_36
GSE133288-GPL19983|GSM3905022	GSE133288-GPL19983	GSE133288	GSM3905022	pretrain	TUB	MCD	NEPTUNE title code	NEPTUNE:TUB:MCD:251		False	B2_TI_MCD_251
GSE133288-GPL19983|GSM3905023	GSE133288-GPL19983	GSE133288	GSM3905023	pretrain	TUB	OTHER	NEPTUNE title code	NEPTUNE:TUB:Other:165		False	B2_TI_Other_165
GSE133288-GPL19983|GSM3905024	GSE133288-GPL19983	GSE133288	GSM3905024	pretrain	TUB	FSGS	NEPTUNE title code	NEPTUNE:TUB:FSGS:59		False	B2_TI_FSGS_59
GSE133288-GPL19983|GSM3905025	GSE133288-GPL19983	GSE133288	GSM3905025	pretrain	TUB	MCD	NEPTUNE title code	NEPTUNE:TUB:MCD:224		False	B2_TI_MCD_224
GSE133288-GPL19983|GSM3905026	GSE133288-GPL19983	GSE133288	GSM3905026	pretrain	TUB	MN	NEPTUNE title code	NEPTUNE:TUB:MN:152		False	B2_TI_MN_152
GSE133288-GPL19983|GSM3905027	GSE133288-GPL19983	GSE133288	GSM3905027	pretrain	TUB	OTHER	NEPTUNE title code	NEPTUNE:TUB:Other:172		False	B2_TI_Other_172
GSE133288-GPL19983|GSM3905028	GSE133288-GPL19983	GSE133288	GSM3905028	pretrain	TUB	OTHER	NEPTUNE title code	NEPTUNE:TUB:Other:200		False	B2_TI_Other_200
GSE133288-GPL19983|GSM3905029	GSE133288-GPL19983	GSE133288	GSM3905029	pretrain	TUB	FSGS	NEPTUNE title code	NEPTUNE:TUB:FSGS:69		False	B2_TI_FSGS_69
GSE133288-GPL19983|GSM3905030	GSE133288-GPL19983	GSE133288	GSM3905030	pretrain	TUB	MCD	NEPTUNE title code	NEPTUNE:TUB:MCD:253		False	B2_TI_MCD_253
GSE133288-GPL19983|GSM3905031	GSE133288-GPL19983	GSE133288	GSM3905031	pretrain	TUB	FSGS	NEPTUNE title code	NEPTUNE:TUB:FSGS:24		False	B2_TI_FSGS_24
GSE133288-GPL19983|GSM3905032	GSE133288-GPL19983	GSE133288	GSM3905032	pretrain	TUB	MCD	NEPTUNE title code	NEPTUNE:TUB:MCD:55		False	B2_TI_MCD_55
GSE133288-GPL19983|GSM3905033	GSE133288-GPL19983	GSE133288	GSM3905033	pretrain	TUB	FSGS	NEPTUNE title code	NEPTUNE:TUB:FSGS:66		False	B2_TI_FSGS_66
GSE133288-GPL19983|GSM3905034	GSE133288-GPL19983	GSE133288	GSM3905034	pretrain	TUB	MCD	NEPTUNE title code	NEPTUNE:TUB:MCD:130		False	B2_TI_MCD_130
GSE133288-GPL19983|GSM3905035	GSE133288-GPL19983	GSE133288	GSM3905035	pretrain	TUB	MCD	NEPTUNE title code	NEPTUNE:TUB:MCD:157		False	B2_TI_MCD_157
GSE133288-GPL19983|GSM3905036	GSE133288-GPL19983	GSE133288	GSM3905036	pretrain	TUB	FSGS	NEPTUNE title code	NEPTUNE:TUB:FSGS:62		False	B2_TI_FSGS_62
GSE133288-GPL19983|GSM3905037	GSE133288-GPL19983	GSE133288	GSM3905037	pretrain	TUB	FSGS	NEPTUNE title code	NEPTUNE:TUB:FSGS:227		False	B2_TI_FSGS_227
GSE133288-GPL19983|GSM3905038	GSE133288-GPL19983	GSE133288	GSM3905038	pretrain	TUB	MN	NEPTUNE title code	NEPTUNE:TUB:MN:37		False	B2_TI_MN_37
GSE133288-GPL19983|GSM3905039	GSE133288-GPL19983	GSE133288	GSM3905039	pretrain	TUB	MCD	NEPTUNE title code	NEPTUNE:TUB:MCD:233		False	B2_TI_MCD_233
GSE133288-GPL19983|GSM3905040	GSE133288-GPL19983	GSE133288	GSM3905040	pretrain	TUB	MCD	NEPTUNE title code	NEPTUNE:TUB:MCD:117		False	B2_TI_MCD_117
GSE133288-GPL19983|GSM3905041	GSE133288-GPL19983	GSE133288	GSM3905041	pretrain	TUB	MN	NEPTUNE title code	NEPTUNE:TUB:MN:146		False	B2_TI_MN_146
GSE133288-GPL19983|GSM3905042	GSE133288-GPL19983	GSE133288	GSM3905042	pretrain	TUB	FSGS	NEPTUNE title code	NEPTUNE:TUB:FSGS:25		False	B2_TI_FSGS_25
GSE133288-GPL19983|GSM3905043	GSE133288-GPL19983	GSE133288	GSM3905043	pretrain	TUB	OTHER	NEPTUNE title code	NEPTUNE:TUB:Other:283		False	B2_TI_Other_283
GSE133288-GPL19983|GSM3905044	GSE133288-GPL19983	GSE133288	GSM3905044	pretrain	TUB	OTHER	NEPTUNE title code	NEPTUNE:TUB:Other:223		False	B2_TI_Other_223
GSE133288-GPL19983|GSM3905045	GSE133288-GPL19983	GSE133288	GSM3905045	pretrain	TUB	FSGS	NEPTUNE title code	NEPTUNE:TUB:FSGS:86		False	B2_TI_FSGS_86
GSE133288-GPL19983|GSM3905046	GSE133288-GPL19983	GSE133288	GSM3905046	pretrain	TUB	FSGS	NEPTUNE title code	NEPTUNE:TUB:FSGS:85		False	B2_TI_FSGS_85
GSE133288-GPL19983|GSM3905047	GSE133288-GPL19983	GSE133288	GSM3905047	pretrain	TUB	MN	NEPTUNE title code	NEPTUNE:TUB:MN:40		False	B2_TI_MN_40
GSE133288-GPL19983|GSM3905048	GSE133288-GPL19983	GSE133288	GSM3905048	pretrain	TUB	MN	NEPTUNE title code	NEPTUNE:TUB:MN:222		False	B2_TI_MN_222
GSE133288-GPL19983|GSM3905049	GSE133288-GPL19983	GSE133288	GSM3905049	pretrain	TUB	OTHER	NEPTUNE title code	NEPTUNE:TUB:Other:257		False	B2_TI_Other_257
GSE133288-GPL19983|GSM3905050	GSE133288-GPL19983	GSE133288	GSM3905050	pretrain	TUB	FSGS	NEPTUNE title code	NEPTUNE:TUB:FSGS:26		False	B2_TI_FSGS_26
GSE133288-GPL19983|GSM3905051	GSE133288-GPL19983	GSE133288	GSM3905051	pretrain	TUB	MCD	NEPTUNE title code	NEPTUNE:TUB:MCD:208		False	B2_TI_MCD_208
GSE133288-GPL19983|GSM3905052	GSE133288-GPL19983	GSE133288	GSM3905052	pretrain	TUB	OTHER	NEPTUNE title code	NEPTUNE:TUB:Other:236		False	B2_TI_Other_236
GSE133288-GPL19983|GSM3905053	GSE133288-GPL19983	GSE133288	GSM3905053	pretrain	TUB	FSGS	NEPTUNE title code	NEPTUNE:TUB:FSGS:70		False	B2_TI_FSGS_70
GSE133288-GPL19983|GSM3905054	GSE133288-GPL19983	GSE133288	GSM3905054	pretrain	TUB	MN	NEPTUNE title code	NEPTUNE:TUB:MN:110		False	B2_TI_MN_110
GSE133288-GPL19983|GSM3905055	GSE133288-GPL19983	GSE133288	GSM3905055	pretrain	TUB	MCD	NEPTUNE title code	NEPTUNE:TUB:MCD:258		False	B2_TI_MCD_258
GSE133288-GPL19983|GSM3905056	GSE133288-GPL19983	GSE133288	GSM3905056	pretrain	TUB	FSGS	NEPTUNE title code	NEPTUNE:TUB:FSGS:65		False	B2_TI_FSGS_65
GSE133288-GPL19983|GSM3905057	GSE133288-GPL19983	GSE133288	GSM3905057	pretrain	TUB	MCD	NEPTUNE title code	NEPTUNE:TUB:MCD:235		False	B2_TI_MCD_235
GSE133288-GPL19983|GSM3905058	GSE133288-GPL19983	GSE133288	GSM3905058	pretrain	TUB	OTHER	NEPTUNE title code	NEPTUNE:TUB:Other:281		False	B2_TI_Other_281
GSE133288-GPL19983|GSM3905059	GSE133288-GPL19983	GSE133288	GSM3905059	pretrain	TUB	MCD	NEPTUNE title code	NEPTUNE:TUB:MCD:160		False	B2_TI_MCD_160
GSE133288-GPL19983|GSM3905060	GSE133288-GPL19983	GSE133288	GSM3905060	pretrain	TUB	OTHER	NEPTUNE title code	NEPTUNE:TUB:Other:240		False	B2_TI_Other_240
GSE133288-GPL19983|GSM3905061	GSE133288-GPL19983	GSE133288	GSM3905061	pretrain	TUB	FSGS	NEPTUNE title code	NEPTUNE:TUB:FSGS:27		False	B2_TI_FSGS_27
GSE133288-GPL19983|GSM3905062	GSE133288-GPL19983	GSE133288	GSM3905062	pretrain	TUB	FSGS	NEPTUNE title code	NEPTUNE:TUB:FSGS:28		False	B2_TI_FSGS_28
GSE133288-GPL19983|GSM3905063	GSE133288-GPL19983	GSE133288	GSM3905063	pretrain	TUB	MN	NEPTUNE title code	NEPTUNE:TUB:MN:134		False	B2_TI_MN_134
GSE133288-GPL19983|GSM3905064	GSE133288-GPL19983	GSE133288	GSM3905064	pretrain	TUB	FSGS	NEPTUNE title code	NEPTUNE:TUB:FSGS:29		False	B2_TI_FSGS_29
GSE133288-GPL19983|GSM3905065	GSE133288-GPL19983	GSE133288	GSM3905065	pretrain	TUB	FSGS	NEPTUNE title code	NEPTUNE:TUB:FSGS:142		False	B2_TI_FSGS_142
GSE133288-GPL19983|GSM3905066	GSE133288-GPL19983	GSE133288	GSM3905066	pretrain	TUB	FSGS	NEPTUNE title code	NEPTUNE:TUB:FSGS:61		False	B2_TI_FSGS_61
GSE133288-GPL19983|GSM3905067	GSE133288-GPL19983	GSE133288	GSM3905067	pretrain	TUB	FSGS	NEPTUNE title code	NEPTUNE:TUB:FSGS:89		False	B2_TI_FSGS_89
GSE133288-GPL19983|GSM3905068	GSE133288-GPL19983	GSE133288	GSM3905068	pretrain	TUB	OTHER	NEPTUNE title code	NEPTUNE:TUB:Other:230		False	B2_TI_Other_230
GSE133288-GPL19983|GSM3905069	GSE133288-GPL19983	GSE133288	GSM3905069	pretrain	TUB	OTHER	NEPTUNE title code	NEPTUNE:TUB:Other:291		False	B2_TI_Other_291
GSE133288-GPL19983|GSM3905070	GSE133288-GPL19983	GSE133288	GSM3905070	pretrain	TUB	MCD	NEPTUNE title code	NEPTUNE:TUB:MCD:143		False	B2_TI_MCD_143
GSE133288-GPL19983|GSM3905071	GSE133288-GPL19983	GSE133288	GSM3905071	pretrain	TUB	FSGS	NEPTUNE title code	NEPTUNE:TUB:FSGS:202		False	B2_TI_FSGS_202
GSE133288-GPL19983|GSM3905072	GSE133288-GPL19983	GSE133288	GSM3905072	pretrain	TUB	FSGS	NEPTUNE title code	NEPTUNE:TUB:FSGS:30		False	B2_TI_FSGS_30
GSE133288-GPL19983|GSM3905073	GSE133288-GPL19983	GSE133288	GSM3905073	pretrain	TUB	FSGS	NEPTUNE title code	NEPTUNE:TUB:FSGS:272		False	B2_TI_FSGS_272
GSE133288-GPL19983|GSM3905074	GSE133288-GPL19983	GSE133288	GSM3905074	pretrain	TUB	MCD	NEPTUNE title code	NEPTUNE:TUB:MCD:140		False	B2_TI_MCD_140
GSE133288-GPL19983|GSM3905075	GSE133288-GPL19983	GSE133288	GSM3905075	pretrain	TUB	MCD	NEPTUNE title code	NEPTUNE:TUB:MCD:266		False	B2_TI_MCD_266
GSE133288-GPL19983|GSM3905076	GSE133288-GPL19983	GSE133288	GSM3905076	pretrain	TUB	MCD	NEPTUNE title code	NEPTUNE:TUB:MCD:221		False	B2_TI_MCD_221
GSE133288-GPL19983|GSM3905077	GSE133288-GPL19983	GSE133288	GSM3905077	pretrain	TUB	OTHER	NEPTUNE title code	NEPTUNE:TUB:Other:216		False	B2_TI_Other_216
GSE133288-GPL19983|GSM3905078	GSE133288-GPL19983	GSE133288	GSM3905078	pretrain	TUB	OTHER	NEPTUNE title code	NEPTUNE:TUB:Other:289		False	B2_TI_Other_289
GSE133288-GPL19983|GSM3905079	GSE133288-GPL19983	GSE133288	GSM3905079	pretrain	TUB	OTHER	NEPTUNE title code	NEPTUNE:TUB:Other:166		False	B2_TI_Other_166
GSE133288-GPL19983|GSM3905080	GSE133288-GPL19983	GSE133288	GSM3905080	pretrain	TUB	FSGS	NEPTUNE title code	NEPTUNE:TUB:FSGS:67		False	B2_TI_FSGS_67
GSE133288-GPL19983|GSM3905081	GSE133288-GPL19983	GSE133288	GSM3905081	pretrain	TUB	MCD	NEPTUNE title code	NEPTUNE:TUB:MCD:261		False	B2_TI_MCD_261
GSE133288-GPL19983|GSM3905082	GSE133288-GPL19983	GSE133288	GSM3905082	pretrain	TUB	OTHER	NEPTUNE title code	NEPTUNE:TUB:Other:278		False	B2_TI_Other_278
GSE133288-GPL19983|GSM3905083	GSE133288-GPL19983	GSE133288	GSM3905083	pretrain	TUB	MCD	NEPTUNE title code	NEPTUNE:TUB:MCD:177		False	B2_TI_MCD_177
GSE133288-GPL19983|GSM3905084	GSE133288-GPL19983	GSE133288	GSM3905084	pretrain	TUB	MCD	NEPTUNE title code	NEPTUNE:TUB:MCD:269		False	B2_TI_MCD_269
GSE133288-GPL19983|GSM3905085	GSE133288-GPL19983	GSE133288	GSM3905085	pretrain	TUB	FSGS	NEPTUNE title code	NEPTUNE:TUB:FSGS:31		False	B2_TI_FSGS_31
GSE133288-GPL19983|GSM3905086	GSE133288-GPL19983	GSE133288	GSM3905086	pretrain	TUB	MN	NEPTUNE title code	NEPTUNE:TUB:MN:288		False	B2_TI_MN_288
GSE133288-GPL19983|GSM3905087	GSE133288-GPL19983	GSE133288	GSM3905087	pretrain	TUB	OTHER	NEPTUNE title code	NEPTUNE:TUB:Other:276		False	B2_TI_Other_276
GSE133288-GPL19983|GSM3905088	GSE133288-GPL19983	GSE133288	GSM3905088	pretrain	TUB	MCD	NEPTUNE title code	NEPTUNE:TUB:MCD:228		False	B2_TI_MCD_228
GSE133288-GPL19983|GSM3905089	GSE133288-GPL19983	GSE133288	GSM3905089	pretrain	TUB	MCD	NEPTUNE title code	NEPTUNE:TUB:MCD:246		False	B2_TI_MCD_246
GSE133288-GPL19983|GSM3905090	GSE133288-GPL19983	GSE133288	GSM3905090	pretrain	TUB	OTHER	NEPTUNE title code	NEPTUNE:TUB:Other:249		False	B2_TI_Other_249
GSE133288-GPL19983|GSM3905091	GSE133288-GPL19983	GSE133288	GSM3905091	pretrain	TUB	FSGS	NEPTUNE title code	NEPTUNE:TUB:FSGS:80		False	B2_TI_FSGS_80
GSE133288-GPL19983|GSM3905092	GSE133288-GPL19983	GSE133288	GSM3905092	pretrain	TUB	FSGS	NEPTUNE title code	NEPTUNE:TUB:FSGS:74		False	B2_TI_FSGS_74
GSE133288-GPL19983|GSM3905093	GSE133288-GPL19983	GSE133288	GSM3905093	pretrain	TUB	FSGS	NEPTUNE title code	NEPTUNE:TUB:FSGS:63		False	B2_TI_FSGS_63
GSE133288-GPL19983|GSM3905094	GSE133288-GPL19983	GSE133288	GSM3905094	pretrain	TUB	MN	NEPTUNE title code	NEPTUNE:TUB:MN:135		False	B2_TI_MN_135
GSE133288-GPL19983|GSM3905095	GSE133288-GPL19983	GSE133288	GSM3905095	pretrain	TUB	OTHER	NEPTUNE title code	NEPTUNE:TUB:Other:290		False	B2_TI_Other_290
GSE133288-GPL19983|GSM3905096	GSE133288-GPL19983	GSE133288	GSM3905096	pretrain	TUB	MCD	NEPTUNE title code	NEPTUNE:TUB:MCD:234		False	B2_TI_MCD_234
GSE133288-GPL19983|GSM3905097	GSE133288-GPL19983	GSE133288	GSM3905097	pretrain	TUB	MCD	NEPTUNE title code	NEPTUNE:TUB:MCD:106		False	B2_TI_MCD_106
GSE133288-GPL19983|GSM3905098	GSE133288-GPL19983	GSE133288	GSM3905098	pretrain	TUB	FSGS	NEPTUNE title code	NEPTUNE:TUB:FSGS:20		False	B2_TI_FSGS_20
GSE133288-GPL19983|GSM3905099	GSE133288-GPL19983	GSE133288	GSM3905099	pretrain	TUB	MCD	NEPTUNE title code	NEPTUNE:TUB:MCD:126		False	B2_TI_MCD_126
GSE133288-GPL19983|GSM3905100	GSE133288-GPL19983	GSE133288	GSM3905100	pretrain	TUB	OTHER	NEPTUNE title code	NEPTUNE:TUB:Other:181		False	B2_TI_Other_181
GSE133288-GPL19983|GSM3905101	GSE133288-GPL19983	GSE133288	GSM3905101	pretrain	TUB	OTHER	NEPTUNE title code	NEPTUNE:TUB:Other:238		False	B2_TI_Other_238
GSE133288-GPL19983|GSM3905102	GSE133288-GPL19983	GSE133288	GSM3905102	pretrain	TUB	MCD	NEPTUNE title code	NEPTUNE:TUB:MCD:149		False	B2_TI_MCD_149
GSE133288-GPL19983|GSM3905103	GSE133288-GPL19983	GSE133288	GSM3905103	pretrain	TUB	OTHER	NEPTUNE title code	NEPTUNE:TUB:Other:279		False	B2_TI_Other_279
GSE133288-GPL19983|GSM3905104	GSE133288-GPL19983	GSE133288	GSM3905104	pretrain	TUB	MCD	NEPTUNE title code	NEPTUNE:TUB:MCD:184		False	B2_TI_MCD_184
GSE133288-GPL19983|GSM3905105	GSE133288-GPL19983	GSE133288	GSM3905105	pretrain	TUB	OTHER	NEPTUNE title code	NEPTUNE:TUB:Other:207		False	B2_TI_Other_207
GSE133288-GPL19983|GSM3905106	GSE133288-GPL19983	GSE133288	GSM3905106	pretrain	TUB	MCD	NEPTUNE title code	NEPTUNE:TUB:MCD:263		False	B2_TI_MCD_263
GSE133288-GPL19983|GSM3905107	GSE133288-GPL19983	GSE133288	GSM3905107	pretrain	TUB	OTHER	NEPTUNE title code	NEPTUNE:TUB:Other:212		False	B2_TI_Other_212
GSE133288-GPL19983|GSM3905108	GSE133288-GPL19983	GSE133288	GSM3905108	pretrain	TUB	MN	NEPTUNE title code	NEPTUNE:TUB:MN:295		False	B2_TI_MN_295
GSE133288-GPL19983|GSM3905109	GSE133288-GPL19983	GSE133288	GSM3905109	pretrain	TUB	OTHER	NEPTUNE title code	NEPTUNE:TUB:Other:287		False	B2_TI_Other_287
GSE133288-GPL19983|GSM3905110	GSE133288-GPL19983	GSE133288	GSM3905110	pretrain	TUB	MCD	NEPTUNE title code	NEPTUNE:TUB:MCD:171		False	B2_TI_MCD_171
GSE133288-GPL19983|GSM3905111	GSE133288-GPL19983	GSE133288	GSM3905111	pretrain	TUB	MN	NEPTUNE title code	NEPTUNE:TUB:MN:38		False	B2_TI_MN_38
GSE133288-GPL19983|GSM3905112	GSE133288-GPL19983	GSE133288	GSM3905112	pretrain	TUB	FSGS	NEPTUNE title code	NEPTUNE:TUB:FSGS:96		False	B2_TI_FSGS_96
GSE133288-GPL19983|GSM3905113	GSE133288-GPL19983	GSE133288	GSM3905113	pretrain	TUB	OTHER	NEPTUNE title code	NEPTUNE:TUB:Other:192		False	B2_TI_Other_192
GSE133288-GPL19983|GSM3905114	GSE133288-GPL19983	GSE133288	GSM3905114	pretrain	TUB	MCD	NEPTUNE title code	NEPTUNE:TUB:MCD:285		False	B2_TI_MCD_285
GSE133288-GPL19983|GSM3905115	GSE133288-GPL19983	GSE133288	GSM3905115	pretrain	TUB	FSGS	NEPTUNE title code	NEPTUNE:TUB:FSGS:21		False	B2_TI_FSGS_21
GSE133288-GPL19983|GSM3905116	GSE133288-GPL19983	GSE133288	GSM3905116	pretrain	TUB	OTHER	NEPTUNE title code	NEPTUNE:TUB:Other:194		False	B2_TI_Other_194
GSE133288-GPL19983|GSM3905117	GSE133288-GPL19983	GSE133288	GSM3905117	pretrain	TUB	OTHER	NEPTUNE title code	NEPTUNE:TUB:Other:214		False	B2_TI_Other_214
GSE133288-GPL19983|GSM3905118	GSE133288-GPL19983	GSE133288	GSM3905118	pretrain	TUB	OTHER	NEPTUNE title code	NEPTUNE:TUB:Other:220		False	B2_TI_Other_220
GSE133288-GPL19983|GSM3905119	GSE133288-GPL19983	GSE133288	GSM3905119	pretrain	TUB	FSGS	NEPTUNE title code	NEPTUNE:TUB:FSGS:60		False	B2_TI_FSGS_60
GSE142025-RNAseq|GSM4217781	GSE142025-RNAseq	GSE142025	GSM4217781	external_T1_T3	WHOLE	DKD	text: Advanced_DN ; kidney biopsy		Advanced_DN	False	A11A
GSE142025-RNAseq|GSM4217782	GSE142025-RNAseq	GSE142025	GSM4217782	external_T1_T3	WHOLE	DKD	text: Advanced_DN ; kidney biopsy		Advanced_DN	False	A12A
GSE142025-RNAseq|GSM4217783	GSE142025-RNAseq	GSE142025	GSM4217783	external_T1_T3	WHOLE	DKD	text: Advanced_DN ; kidney biopsy		Advanced_DN	False	A13A
GSE142025-RNAseq|GSM4217784	GSE142025-RNAseq	GSE142025	GSM4217784	external_T1_T3	WHOLE	DKD	text: Advanced_DN ; kidney biopsy		Advanced_DN	False	A14A
GSE142025-RNAseq|GSM4217785	GSE142025-RNAseq	GSE142025	GSM4217785	external_T1_T3	WHOLE	DKD	text: Advanced_DN ; kidney biopsy		Advanced_DN	False	A15A
GSE142025-RNAseq|GSM4217786	GSE142025-RNAseq	GSE142025	GSM4217786	external_T1_T3	WHOLE	DKD	text: Advanced_DN ; kidney biopsy		Advanced_DN	False	A17A
GSE142025-RNAseq|GSM4217787	GSE142025-RNAseq	GSE142025	GSM4217787	external_T1_T3	WHOLE	DKD	text: Advanced_DN ; kidney biopsy		Advanced_DN	False	A18A
GSE142025-RNAseq|GSM4217788	GSE142025-RNAseq	GSE142025	GSM4217788	external_T1_T3	WHOLE	DKD	text: Advanced_DN ; kidney biopsy		Advanced_DN	False	A19A
GSE142025-RNAseq|GSM4217789	GSE142025-RNAseq	GSE142025	GSM4217789	external_T1_T3	WHOLE	DKD	text: Advanced_DN ; kidney biopsy		Advanced_DN	False	A20A
GSE142025-RNAseq|GSM4217790	GSE142025-RNAseq	GSE142025	GSM4217790	external_T1_T3	WHOLE	DKD	text: Advanced_DN ; kidney biopsy		Advanced_DN	False	A21A
GSE142025-RNAseq|GSM4217791	GSE142025-RNAseq	GSE142025	GSM4217791	external_T1_T3	WHOLE	DKD	text: Advanced_DN ; kidney biopsy		Advanced_DN	False	A22A
GSE142025-RNAseq|GSM4217792	GSE142025-RNAseq	GSE142025	GSM4217792	external_T1_T3	WHOLE	DKD	text: Advanced_DN ; kidney biopsy		Advanced_DN	False	A23A
GSE142025-RNAseq|GSM4217793	GSE142025-RNAseq	GSE142025	GSM4217793	external_T1_T3	WHOLE	DKD	text: Advanced_DN ; kidney biopsy		Advanced_DN	False	A24A
GSE142025-RNAseq|GSM4217794	GSE142025-RNAseq	GSE142025	GSM4217794	external_T1_T3	WHOLE	DKD	text: Advanced_DN ; kidney biopsy		Advanced_DN	False	A25A
GSE142025-RNAseq|GSM4217795	GSE142025-RNAseq	GSE142025	GSM4217795	external_T1_T3	WHOLE	DKD	text: Advanced_DN ; kidney biopsy		Advanced_DN	False	A26A
GSE142025-RNAseq|GSM4217796	GSE142025-RNAseq	GSE142025	GSM4217796	external_T1_T3	WHOLE	DKD	text: Advanced_DN ; kidney biopsy		Advanced_DN	False	A28A
GSE142025-RNAseq|GSM4217797	GSE142025-RNAseq	GSE142025	GSM4217797	external_T1_T3	WHOLE	DKD	text: Advanced_DN ; kidney biopsy		Advanced_DN	False	A29A
GSE142025-RNAseq|GSM4217798	GSE142025-RNAseq	GSE142025	GSM4217798	external_T1_T3	WHOLE	DKD	text: Advanced_DN ; kidney biopsy		Advanced_DN	False	A30A
GSE142025-RNAseq|GSM4217799	GSE142025-RNAseq	GSE142025	GSM4217799	external_T1_T3	WHOLE	DKD	text: Advanced_DN ; kidney biopsy		Advanced_DN	False	A31A
GSE142025-RNAseq|GSM4217800	GSE142025-RNAseq	GSE142025	GSM4217800	external_T1_T3	WHOLE	DKD	text: Advanced_DN ; kidney biopsy		Advanced_DN	False	A32A
GSE142025-RNAseq|GSM4217801	GSE142025-RNAseq	GSE142025	GSM4217801	external_T1_T3	WHOLE	DKD	text: Advanced_DN ; kidney biopsy		Advanced_DN	False	A33A
GSE142025-RNAseq|GSM4217802	GSE142025-RNAseq	GSE142025	GSM4217802	external_T1_T3	WHOLE	DKD	text: Early_DN ; kidney biopsy		Early_DN	False	B3B
GSE142025-RNAseq|GSM4217803	GSE142025-RNAseq	GSE142025	GSM4217803	external_T1_T3	WHOLE	DKD	text: Early_DN ; kidney biopsy		Early_DN	False	B4B
GSE142025-RNAseq|GSM4217804	GSE142025-RNAseq	GSE142025	GSM4217804	external_T1_T3	WHOLE	DKD	text: Early_DN ; kidney biopsy		Early_DN	False	B5B
GSE142025-RNAseq|GSM4217805	GSE142025-RNAseq	GSE142025	GSM4217805	external_T1_T3	WHOLE	DKD	text: Early_DN ; kidney biopsy		Early_DN	False	B6B
GSE142025-RNAseq|GSM4217806	GSE142025-RNAseq	GSE142025	GSM4217806	external_T1_T3	WHOLE	DKD	text: Early_DN ; kidney biopsy		Early_DN	False	B8B
GSE142025-RNAseq|GSM4217807	GSE142025-RNAseq	GSE142025	GSM4217807	external_T1_T3	WHOLE	DKD	text: Early_DN ; kidney biopsy		Early_DN	False	B9B
GSE142025-RNAseq|GSM4217808	GSE142025-RNAseq	GSE142025	GSM4217808	external_T1_T3	WHOLE	CONTROL	text: Control ; kidney biopsy		Control	False	N2A
GSE142025-RNAseq|GSM4217809	GSE142025-RNAseq	GSE142025	GSM4217809	external_T1_T3	WHOLE	CONTROL	text: Control ; kidney biopsy		Control	False	N3A
GSE142025-RNAseq|GSM4217810	GSE142025-RNAseq	GSE142025	GSM4217810	external_T1_T3	WHOLE	CONTROL	text: Control ; kidney biopsy		Control	False	N5B
GSE142025-RNAseq|GSM4217811	GSE142025-RNAseq	GSE142025	GSM4217811	external_T1_T3	WHOLE	CONTROL	text: Control ; kidney biopsy		Control	False	N6B
GSE142025-RNAseq|GSM4217812	GSE142025-RNAseq	GSE142025	GSM4217812	external_T1_T3	WHOLE	CONTROL	text: Control ; kidney biopsy		Control	False	N7B
GSE142025-RNAseq|GSM4217813	GSE142025-RNAseq	GSE142025	GSM4217813	external_T1_T3	WHOLE	CONTROL	text: Control ; kidney biopsy		Control	False	N8B
GSE142025-RNAseq|GSM4217814	GSE142025-RNAseq	GSE142025	GSM4217814	external_T1_T3	WHOLE	CONTROL	text: Control ; kidney biopsy		Control	False	N10B
GSE142025-RNAseq|GSM4217815	GSE142025-RNAseq	GSE142025	GSM4217815	external_T1_T3	WHOLE	CONTROL	text: Control ; kidney biopsy		Control	False	N12B
GSE142025-RNAseq|GSM4217816	GSE142025-RNAseq	GSE142025	GSM4217816	external_T1_T3	WHOLE	CONTROL	text: Control ; kidney biopsy		Control	False	N13B
GSE175759-RNAseq|GSM5345902	GSE175759-RNAseq	GSE175759	GSM5345902	external_T1	TUB	IgAN	text: IgAN ; Kidney tubulointerstitium			False	IgAN_sample1
GSE175759-RNAseq|GSM5345903	GSE175759-RNAseq	GSE175759	GSM5345903	external_T1	TUB	IgAN	text: IgAN ; Kidney tubulointerstitium			False	IgAN_sample2
GSE175759-RNAseq|GSM5345904	GSE175759-RNAseq	GSE175759	GSM5345904	external_T1	TUB	IgAN	text: IgAN ; Kidney tubulointerstitium			False	IgAN_sample3
GSE175759-RNAseq|GSM5345905	GSE175759-RNAseq	GSE175759	GSM5345905	external_T1	TUB	IgAN	text: IgAN ; Kidney tubulointerstitium			False	IgAN_sample4
GSE175759-RNAseq|GSM5345906	GSE175759-RNAseq	GSE175759	GSM5345906	external_T1	TUB	IgAN	text: IgAN ; Kidney tubulointerstitium			False	IgAN_sample5
GSE175759-RNAseq|GSM5345907	GSE175759-RNAseq	GSE175759	GSM5345907	external_T1	TUB	IgAN	text: IgAN ; Kidney tubulointerstitium			False	IgAN_sample6
GSE175759-RNAseq|GSM5345908	GSE175759-RNAseq	GSE175759	GSM5345908	external_T1	TUB	IgAN	text: IgAN ; Kidney tubulointerstitium			False	IgAN_sample7
GSE175759-RNAseq|GSM5345909	GSE175759-RNAseq	GSE175759	GSM5345909	external_T1	TUB	IgAN	text: IgAN ; Kidney tubulointerstitium			False	IgAN_sample8
GSE175759-RNAseq|GSM5345910	GSE175759-RNAseq	GSE175759	GSM5345910	external_T1	TUB	IgAN	text: IgAN ; Kidney tubulointerstitium			False	IgAN_sample9
GSE175759-RNAseq|GSM5345911	GSE175759-RNAseq	GSE175759	GSM5345911	external_T1	TUB	IgAN	text: IgAN ; Kidney tubulointerstitium			True	IgAN_sample10
GSE175759-RNAseq|GSM5345912	GSE175759-RNAseq	GSE175759	GSM5345912	external_T1	TUB	IgAN	text: IgAN ; Kidney tubulointerstitium			False	IgAN_sample11
GSE175759-RNAseq|GSM5345913	GSE175759-RNAseq	GSE175759	GSM5345913	external_T1	TUB	IgAN	text: IgAN ; Kidney tubulointerstitium			False	IgAN_sample12
GSE175759-RNAseq|GSM5345914	GSE175759-RNAseq	GSE175759	GSM5345914	external_T1	TUB	IgAN	text: IgAN ; Kidney tubulointerstitium			False	IgAN_sample13
GSE175759-RNAseq|GSM5345915	GSE175759-RNAseq	GSE175759	GSM5345915	external_T1	TUB	IgAN	text: IgAN ; Kidney tubulointerstitium			False	IgAN_sample14
GSE175759-RNAseq|GSM5345916	GSE175759-RNAseq	GSE175759	GSM5345916	external_T1	TUB	IgAN	text: IgAN ; Kidney tubulointerstitium			False	IgAN_sample15
GSE175759-RNAseq|GSM5345917	GSE175759-RNAseq	GSE175759	GSM5345917	external_T1	TUB	IgAN	text: IgAN ; Kidney tubulointerstitium			False	IgAN_sample16
GSE175759-RNAseq|GSM5345918	GSE175759-RNAseq	GSE175759	GSM5345918	external_T1	TUB	IgAN	text: IgAN ; Kidney tubulointerstitium			False	IgAN_sample17
GSE175759-RNAseq|GSM5345919	GSE175759-RNAseq	GSE175759	GSM5345919	external_T1	TUB	IgAN	text: IgAN ; Kidney tubulointerstitium			True	IgAN_sample18
GSE175759-RNAseq|GSM5345920	GSE175759-RNAseq	GSE175759	GSM5345920	external_T1	TUB	IgAN	text: IgAN ; Kidney tubulointerstitium			False	IgAN_sample19
GSE175759-RNAseq|GSM5345921	GSE175759-RNAseq	GSE175759	GSM5345921	external_T1	TUB	IgAN	text: IgAN ; Kidney tubulointerstitium			True	IgAN_sample20
GSE175759-RNAseq|GSM5345922	GSE175759-RNAseq	GSE175759	GSM5345922	external_T1	TUB	IgAN	text: IgAN ; Kidney tubulointerstitium			False	IgAN_sample21
GSE175759-RNAseq|GSM5345923	GSE175759-RNAseq	GSE175759	GSM5345923	external_T1	TUB	IgAN	text: IgAN ; Kidney tubulointerstitium			False	IgAN_sample22
GSE175759-RNAseq|GSM5345924	GSE175759-RNAseq	GSE175759	GSM5345924	external_T1	TUB	IgAN	text: IgAN ; Kidney tubulointerstitium			False	IgAN_sample23
GSE175759-RNAseq|GSM5345925	GSE175759-RNAseq	GSE175759	GSM5345925	external_T1	TUB	IgAN	text: IgAN ; Kidney tubulointerstitium			False	IgAN_sample24
GSE175759-RNAseq|GSM5345926	GSE175759-RNAseq	GSE175759	GSM5345926	external_T1	TUB	IgAN	text: IgAN ; Kidney tubulointerstitium			False	IgAN_sample25
GSE175759-RNAseq|GSM5345927	GSE175759-RNAseq	GSE175759	GSM5345927	external_T1	TUB	IgAN	text: IgAN ; Kidney tubulointerstitium			False	IgAN_sample26
GSE175759-RNAseq|GSM5345928	GSE175759-RNAseq	GSE175759	GSM5345928	external_T1	TUB	IgAN	text: IgAN ; Kidney tubulointerstitium			False	IgAN_sample27
GSE175759-RNAseq|GSM5345929	GSE175759-RNAseq	GSE175759	GSM5345929	external_T1	TUB	IgAN	text: IgAN ; Kidney tubulointerstitium			False	IgAN_sample28
GSE175759-RNAseq|GSM5345930	GSE175759-RNAseq	GSE175759	GSM5345930	external_T1	TUB	IgAN	text: IgAN ; Kidney tubulointerstitium			False	IgAN_sample29
GSE175759-RNAseq|GSM5345931	GSE175759-RNAseq	GSE175759	GSM5345931	external_T1	TUB	IgAN	text: IgAN ; Kidney tubulointerstitium			False	IgAN_sample30
GSE175759-RNAseq|GSM5345932	GSE175759-RNAseq	GSE175759	GSM5345932	external_T1	TUB	IgAN	text: IgAN ; Kidney tubulointerstitium			False	IgAN_sample31
GSE175759-RNAseq|GSM5345933	GSE175759-RNAseq	GSE175759	GSM5345933	external_T1	TUB	IgAN	text: IgAN ; Kidney tubulointerstitium			False	IgAN_sample32
GSE175759-RNAseq|GSM5345934	GSE175759-RNAseq	GSE175759	GSM5345934	external_T1	TUB	IgAN	text: IgAN ; Kidney tubulointerstitium			False	IgAN_sample33
GSE175759-RNAseq|GSM5345935	GSE175759-RNAseq	GSE175759	GSM5345935	external_T1	TUB	IgAN	text: IgAN ; Kidney tubulointerstitium			False	IgAN_sample34
GSE175759-RNAseq|GSM5345936	GSE175759-RNAseq	GSE175759	GSM5345936	external_T1	TUB	IgAN	text: IgAN ; Kidney tubulointerstitium			False	IgAN_sample35
GSE175759-RNAseq|GSM5345937	GSE175759-RNAseq	GSE175759	GSM5345937	external_T1	TUB	IgAN	text: IgAN ; Kidney tubulointerstitium			False	IgAN_sample36
GSE175759-RNAseq|GSM5345938	GSE175759-RNAseq	GSE175759	GSM5345938	external_T1	TUB	IgAN	text: IgAN ; Kidney tubulointerstitium			False	IgAN_sample37
GSE175759-RNAseq|GSM5345939	GSE175759-RNAseq	GSE175759	GSM5345939	external_T1	TUB	IgAN	text: IgAN ; Kidney tubulointerstitium			False	IgAN_sample38
GSE175759-RNAseq|GSM5345940	GSE175759-RNAseq	GSE175759	GSM5345940	external_T1	TUB	IgAN	text: IgAN ; Kidney tubulointerstitium			False	IgAN_sample39
GSE175759-RNAseq|GSM5345941	GSE175759-RNAseq	GSE175759	GSM5345941	external_T1	TUB	IgAN	text: IgAN ; Kidney tubulointerstitium			False	IgAN_sample40
GSE175759-RNAseq|GSM5345942	GSE175759-RNAseq	GSE175759	GSM5345942	external_T1	TUB	IgAN	text: IgAN ; Kidney tubulointerstitium			False	IgAN_sample41
GSE175759-RNAseq|GSM5345943	GSE175759-RNAseq	GSE175759	GSM5345943	external_T1	TUB	IgAN	text: IgAN ; Kidney tubulointerstitium			False	IgAN_sample42
GSE175759-RNAseq|GSM5345944	GSE175759-RNAseq	GSE175759	GSM5345944	external_T1	TUB	IgAN	text: IgAN ; Kidney tubulointerstitium			False	IgAN_sample43
GSE175759-RNAseq|GSM5345945	GSE175759-RNAseq	GSE175759	GSM5345945	external_T1	TUB	IgAN	text: IgAN ; Kidney tubulointerstitium			False	IgAN_sample44
GSE175759-RNAseq|GSM5345946	GSE175759-RNAseq	GSE175759	GSM5345946	external_T1	TUB	IgAN	text: IgAN ; Kidney tubulointerstitium			False	IgAN_sample45
GSE175759-RNAseq|GSM5345947	GSE175759-RNAseq	GSE175759	GSM5345947	external_T1	TUB	IgAN	text: IgAN ; Kidney tubulointerstitium			False	IgAN_sample46
GSE175759-RNAseq|GSM5345948	GSE175759-RNAseq	GSE175759	GSM5345948	external_T1	TUB	CONTROL	text: Control ; Kidney tubulointerstitium			False	Control_sample47
GSE175759-RNAseq|GSM5345949	GSE175759-RNAseq	GSE175759	GSM5345949	external_T1	TUB	CONTROL	text: Control ; Kidney tubulointerstitium			False	Control_sample48
GSE175759-RNAseq|GSM5345950	GSE175759-RNAseq	GSE175759	GSM5345950	external_T1	TUB	CONTROL	text: Control ; Kidney tubulointerstitium			False	Control_sample49
GSE175759-RNAseq|GSM5345951	GSE175759-RNAseq	GSE175759	GSM5345951	external_T1	TUB	CONTROL	text: Control ; Kidney tubulointerstitium			False	Control_sample50
GSE175759-RNAseq|GSM5345952	GSE175759-RNAseq	GSE175759	GSM5345952	external_T1	TUB	CONTROL	text: Control ; Kidney tubulointerstitium			False	Control_sample51
GSE175759-RNAseq|GSM5345953	GSE175759-RNAseq	GSE175759	GSM5345953	external_T1	TUB	CONTROL	text: Control ; Kidney tubulointerstitium			False	Control_sample52
GSE175759-RNAseq|GSM5345954	GSE175759-RNAseq	GSE175759	GSM5345954	external_T1	TUB	CONTROL	text: Control ; Kidney tubulointerstitium			False	Control_sample53
GSE175759-RNAseq|GSM5345955	GSE175759-RNAseq	GSE175759	GSM5345955	external_T1	TUB	CONTROL	text: Control ; Kidney tubulointerstitium			False	Control_sample54
GSE175759-RNAseq|GSM5345956	GSE175759-RNAseq	GSE175759	GSM5345956	external_T1	TUB	CONTROL	text: Control ; Kidney tubulointerstitium			False	Control_sample55
GSE175759-RNAseq|GSM5345957	GSE175759-RNAseq	GSE175759	GSM5345957	external_T1	TUB	CONTROL	text: Control ; Kidney tubulointerstitium			False	Control_sample56
GSE175759-RNAseq|GSM5345958	GSE175759-RNAseq	GSE175759	GSM5345958	external_T1	TUB	CONTROL	text: Control ; Kidney tubulointerstitium			False	Control_sample57
GSE175759-RNAseq|GSM5345959	GSE175759-RNAseq	GSE175759	GSM5345959	external_T1	TUB	CONTROL	text: Control ; Kidney tubulointerstitium			False	Control_sample58
GSE175759-RNAseq|GSM5345960	GSE175759-RNAseq	GSE175759	GSM5345960	external_T1	TUB	CONTROL	text: Control ; Kidney tubulointerstitium			False	Control_sample59
GSE175759-RNAseq|GSM5345961	GSE175759-RNAseq	GSE175759	GSM5345961	external_T1	TUB	CONTROL	text: Control ; Kidney tubulointerstitium			False	Control_sample60
GSE175759-RNAseq|GSM5345962	GSE175759-RNAseq	GSE175759	GSM5345962	external_T1	TUB	CONTROL	text: Control ; Kidney tubulointerstitium			False	Control_sample61
GSE175759-RNAseq|GSM5345963	GSE175759-RNAseq	GSE175759	GSM5345963	external_T1	TUB	CONTROL	text: Control ; Kidney tubulointerstitium			False	Control_sample62
GSE175759-RNAseq|GSM5345964	GSE175759-RNAseq	GSE175759	GSM5345964	external_T1	TUB	CONTROL	text: Control ; Kidney tubulointerstitium			False	Control_sample63
GSE175759-RNAseq|GSM5345965	GSE175759-RNAseq	GSE175759	GSM5345965	external_T1	TUB	CONTROL	text: Control ; Kidney tubulointerstitium			False	Control_sample64
GSE175759-RNAseq|GSM5345966	GSE175759-RNAseq	GSE175759	GSM5345966	external_T1	TUB	CONTROL	text: Control ; Kidney tubulointerstitium			False	Control_sample65
GSE175759-RNAseq|GSM5345967	GSE175759-RNAseq	GSE175759	GSM5345967	external_T1	TUB	CONTROL	text: Control ; Kidney tubulointerstitium			False	Control_sample66
GSE175759-RNAseq|GSM5345968	GSE175759-RNAseq	GSE175759	GSM5345968	external_T1	TUB	CONTROL	text: Control ; Kidney tubulointerstitium			False	Control_sample67
GSE175759-RNAseq|GSM5345969	GSE175759-RNAseq	GSE175759	GSM5345969	external_T1	TUB	CONTROL	text: Control ; Kidney tubulointerstitium			False	Control_sample68
GSE175759-RNAseq|GSM5345970	GSE175759-RNAseq	GSE175759	GSM5345970	external_T1	TUB	DKD	text: Diabetic nephropathy ; Kidney tubulointerstitium			False	Diabetic nephropathy_sample69
GSE175759-RNAseq|GSM5345971	GSE175759-RNAseq	GSE175759	GSM5345971	external_T1	TUB	DKD	text: Diabetic nephropathy ; Kidney tubulointerstitium			False	Diabetic nephropathy_sample70
GSE175759-RNAseq|GSM5345972	GSE175759-RNAseq	GSE175759	GSM5345972	external_T1	TUB	DKD	text: Diabetic nephropathy ; Kidney tubulointerstitium			False	Diabetic nephropathy_sample71
GSE175759-RNAseq|GSM5345973	GSE175759-RNAseq	GSE175759	GSM5345973	external_T1	TUB	FSGS	text: FSGS ; Kidney tubulointerstitium			False	FSGS_sample72
GSE175759-RNAseq|GSM5345974	GSE175759-RNAseq	GSE175759	GSM5345974	external_T1	TUB	FSGS	text: FSGS ; Kidney tubulointerstitium			False	FSGS_sample73
GSE175759-RNAseq|GSM5345975	GSE175759-RNAseq	GSE175759	GSM5345975	external_T1	TUB	FSGS	text: FSGS ; Kidney tubulointerstitium			False	FSGS_sample74
GSE175759-RNAseq|GSM5345976	GSE175759-RNAseq	GSE175759	GSM5345976	external_T1	TUB	LN	text: Lupus nephritis ; Kidney tubulointerstitium			False	Lupus nephritis_sample75
GSE175759-RNAseq|GSM5345977	GSE175759-RNAseq	GSE175759	GSM5345977	external_T1	TUB	LN	text: Lupus nephritis ; Kidney tubulointerstitium			False	Lupus nephritis_sample76
GSE175759-RNAseq|GSM5345978	GSE175759-RNAseq	GSE175759	GSM5345978	external_T1	TUB	LN	text: Lupus nephritis ; Kidney tubulointerstitium			False	Lupus nephritis_sample77
GSE175759-RNAseq|GSM5345979	GSE175759-RNAseq	GSE175759	GSM5345979	external_T1	TUB	MN	text: Membranous nephropathy ; Kidney tubulointerstitium			False	Membranous nephropathy_sample78
GSE175759-RNAseq|GSM5345980	GSE175759-RNAseq	GSE175759	GSM5345980	external_T1	TUB	MN	text: Membranous nephropathy ; Kidney tubulointerstitium			False	Membranous nephropathy_sample79
GSE175759-RNAseq|GSM5345981	GSE175759-RNAseq	GSE175759	GSM5345981	external_T1	TUB	MN	text: Membranous nephropathy ; Kidney tubulointerstitium			False	Membranous nephropathy_sample80
GSE175759-RNAseq|GSM5345982	GSE175759-RNAseq	GSE175759	GSM5345982	external_T1	TUB	MN	text: Membranous nephropathy ; Kidney tubulointerstitium			False	Membranous nephropathy_sample81
GSE175759-RNAseq|GSM5345983	GSE175759-RNAseq	GSE175759	GSM5345983	external_T1	TUB	MCD	text: minimal change disease ; Kidney tubulointerstitium			False	minimal change disease_sample82
GSE175759-RNAseq|GSM5345984	GSE175759-RNAseq	GSE175759	GSM5345984	external_T1	TUB	MCD	text: minimal change disease ; Kidney tubulointerstitium			False	minimal change disease_sample83
GSE175759-RNAseq|GSM5345985	GSE175759-RNAseq	GSE175759	GSM5345985	external_T1	TUB	MCD	text: minimal change disease ; Kidney tubulointerstitium			False	minimal change disease_sample84
GSE175759-RNAseq|GSM5345986	GSE175759-RNAseq	GSE175759	GSM5345986	external_T1	TUB	MCD	text: minimal change disease ; Kidney tubulointerstitium			False	minimal change disease_sample85
GSE175759-RNAseq|GSM5345987	GSE175759-RNAseq	GSE175759	GSM5345987	external_T1	TUB	MCD	text: minimal change disease ; Kidney tubulointerstitium			False	minimal change disease_sample86
GSE175759-RNAseq|GSM5345988	GSE175759-RNAseq	GSE175759	GSM5345988	external_T1	TUB	MCD	text: minimal change disease ; Kidney tubulointerstitium			False	minimal change disease_sample87
GSE175759-RNAseq|GSM5345989	GSE175759-RNAseq	GSE175759	GSM5345989	external_T1	TUB	MCD	text: minimal change disease ; Kidney tubulointerstitium			False	minimal change disease_sample88
GSE175759-RNAseq|GSM5345990	GSE175759-RNAseq	GSE175759	GSM5345990	external_T1	TUB	MCD	text: minimal change disease ; Kidney tubulointerstitium			False	minimal change disease_sample89
GSE175759-RNAseq|GSM5345991	GSE175759-RNAseq	GSE175759	GSM5345991	external_T1	TUB	MCD	text: minimal change disease ; Kidney tubulointerstitium			False	minimal change disease_sample90
GSE182380-RNAseq|GSM5527907	GSE182380-RNAseq	GSE182380	GSM5527907	pretrain	TUB	MN	text: Membranous Nephropathy ; Tubulointerstitium from kidney biopsy			False	Sample_139 RNAseq counts from the tubulointerstitial compartment from kidney biopsies.
GSE182380-RNAseq|GSM5527908	GSE182380-RNAseq	GSE182380	GSM5527908	pretrain	TUB	FSGS	text: Focal Segmental Glomerulosclerosis ; Tubulointerstitium from kidney biopsy			False	Sample_40 RNAseq counts from the tubulointerstitial compartment from kidney biopsies.
GSE182380-RNAseq|GSM5527909	GSE182380-RNAseq	GSE182380	GSM5527909	pretrain	TUB	OTHER	text: Other Nephrotic Syndrome ; Tubulointerstitium from kidney biopsy			False	Sample_93 RNAseq counts from the tubulointerstitial compartment from kidney biopsies.
GSE182380-RNAseq|GSM5527910	GSE182380-RNAseq	GSE182380	GSM5527910	pretrain	TUB	MCD	text: Minimal Change Disease ; Tubulointerstitium from kidney biopsy			False	Sample_61 RNAseq counts from the tubulointerstitial compartment from kidney biopsies.
GSE182380-RNAseq|GSM5527911	GSE182380-RNAseq	GSE182380	GSM5527911	pretrain	TUB	FSGS	text: Focal Segmental Glomerulosclerosis ; Tubulointerstitium from kidney biopsy			False	Sample_143 RNAseq counts from the tubulointerstitial compartment from kidney biopsies.
GSE182380-RNAseq|GSM5527912	GSE182380-RNAseq	GSE182380	GSM5527912	pretrain	TUB	MN	text: Membranous Nephropathy ; Tubulointerstitium from kidney biopsy			False	Sample_172 RNAseq counts from the tubulointerstitial compartment from kidney biopsies.
GSE182380-RNAseq|GSM5527913	GSE182380-RNAseq	GSE182380	GSM5527913	pretrain	TUB	FSGS	text: Focal Segmental Glomerulosclerosis ; Tubulointerstitium from kidney biopsy			False	Sample_137 RNAseq counts from the tubulointerstitial compartment from kidney biopsies.
GSE182380-RNAseq|GSM5527914	GSE182380-RNAseq	GSE182380	GSM5527914	pretrain	TUB	MN	text: Membranous Nephropathy ; Tubulointerstitium from kidney biopsy			False	Sample_10 RNAseq counts from the tubulointerstitial compartment from kidney biopsies.
GSE182380-RNAseq|GSM5527915	GSE182380-RNAseq	GSE182380	GSM5527915	pretrain	TUB	MCD	text: Minimal Change Disease ; Tubulointerstitium from kidney biopsy			False	Sample_105 RNAseq counts from the tubulointerstitial compartment from kidney biopsies.
GSE182380-RNAseq|GSM5527916	GSE182380-RNAseq	GSE182380	GSM5527916	pretrain	TUB	OTHER	text: Other Nephrotic Syndrome ; Tubulointerstitium from kidney biopsy			False	Sample_140 RNAseq counts from the tubulointerstitial compartment from kidney biopsies.
GSE182380-RNAseq|GSM5527917	GSE182380-RNAseq	GSE182380	GSM5527917	pretrain	TUB	OTHER	text: Other Nephrotic Syndrome ; Tubulointerstitium from kidney biopsy			False	Sample_128 RNAseq counts from the tubulointerstitial compartment from kidney biopsies.
GSE182380-RNAseq|GSM5527918	GSE182380-RNAseq	GSE182380	GSM5527918	pretrain	TUB	OTHER	text: Other Nephrotic Syndrome ; Tubulointerstitium from kidney biopsy			False	Sample_97 RNAseq counts from the tubulointerstitial compartment from kidney biopsies.
GSE182380-RNAseq|GSM5527919	GSE182380-RNAseq	GSE182380	GSM5527919	pretrain	TUB	MN	text: Membranous Nephropathy ; Tubulointerstitium from kidney biopsy			False	Sample_21 RNAseq counts from the tubulointerstitial compartment from kidney biopsies.
GSE182380-RNAseq|GSM5527920	GSE182380-RNAseq	GSE182380	GSM5527920	pretrain	TUB	MN	text: Membranous Nephropathy ; Tubulointerstitium from kidney biopsy			False	Sample_132 RNAseq counts from the tubulointerstitial compartment from kidney biopsies.
GSE182380-RNAseq|GSM5527921	GSE182380-RNAseq	GSE182380	GSM5527921	pretrain	TUB	MN	text: Membranous Nephropathy ; Tubulointerstitium from kidney biopsy			False	Sample_58 RNAseq counts from the tubulointerstitial compartment from kidney biopsies.
GSE182380-RNAseq|GSM5527922	GSE182380-RNAseq	GSE182380	GSM5527922	pretrain	TUB	FSGS	text: Focal Segmental Glomerulosclerosis ; Tubulointerstitium from kidney biopsy			False	Sample_146 RNAseq counts from the tubulointerstitial compartment from kidney biopsies.
GSE182380-RNAseq|GSM5527923	GSE182380-RNAseq	GSE182380	GSM5527923	pretrain	TUB	MN	text: Membranous Nephropathy ; Tubulointerstitium from kidney biopsy			False	Sample_184 RNAseq counts from the tubulointerstitial compartment from kidney biopsies.
GSE182380-RNAseq|GSM5527924	GSE182380-RNAseq	GSE182380	GSM5527924	pretrain	TUB	FSGS	text: Focal Segmental Glomerulosclerosis ; Tubulointerstitium from kidney biopsy			False	Sample_95 RNAseq counts from the tubulointerstitial compartment from kidney biopsies.
GSE182380-RNAseq|GSM5527925	GSE182380-RNAseq	GSE182380	GSM5527925	pretrain	TUB	MCD	text: Minimal Change Disease ; Tubulointerstitium from kidney biopsy			False	Sample_7 RNAseq counts from the tubulointerstitial compartment from kidney biopsies.
GSE182380-RNAseq|GSM5527926	GSE182380-RNAseq	GSE182380	GSM5527926	pretrain	TUB	MN	text: Membranous Nephropathy ; Tubulointerstitium from kidney biopsy			False	Sample_79 RNAseq counts from the tubulointerstitial compartment from kidney biopsies.
GSE182380-RNAseq|GSM5527927	GSE182380-RNAseq	GSE182380	GSM5527927	pretrain	TUB	MN	text: Membranous Nephropathy ; Tubulointerstitium from kidney biopsy			False	Sample_11 RNAseq counts from the tubulointerstitial compartment from kidney biopsies.
GSE182380-RNAseq|GSM5527928	GSE182380-RNAseq	GSE182380	GSM5527928	pretrain	TUB	MCD	text: Minimal Change Disease ; Tubulointerstitium from kidney biopsy			False	Sample_3 RNAseq counts from the tubulointerstitial compartment from kidney biopsies.
GSE182380-RNAseq|GSM5527929	GSE182380-RNAseq	GSE182380	GSM5527929	pretrain	TUB	OTHER	text: Other Nephrotic Syndrome ; Tubulointerstitium from kidney biopsy			False	Sample_170 RNAseq counts from the tubulointerstitial compartment from kidney biopsies.
GSE182380-RNAseq|GSM5527930	GSE182380-RNAseq	GSE182380	GSM5527930	pretrain	TUB	MN	text: Membranous Nephropathy ; Tubulointerstitium from kidney biopsy			False	Sample_123 RNAseq counts from the tubulointerstitial compartment from kidney biopsies.
GSE182380-RNAseq|GSM5527931	GSE182380-RNAseq	GSE182380	GSM5527931	pretrain	TUB	FSGS	text: Focal Segmental Glomerulosclerosis ; Tubulointerstitium from kidney biopsy			False	Sample_67 RNAseq counts from the tubulointerstitial compartment from kidney biopsies.
GSE182380-RNAseq|GSM5527932	GSE182380-RNAseq	GSE182380	GSM5527932	pretrain	TUB	MCD	text: Minimal Change Disease ; Tubulointerstitium from kidney biopsy			False	Sample_90 RNAseq counts from the tubulointerstitial compartment from kidney biopsies.
GSE182380-RNAseq|GSM5527933	GSE182380-RNAseq	GSE182380	GSM5527933	pretrain	TUB	MN	text: Membranous Nephropathy ; Tubulointerstitium from kidney biopsy			False	Sample_115 RNAseq counts from the tubulointerstitial compartment from kidney biopsies.
GSE182380-RNAseq|GSM5527934	GSE182380-RNAseq	GSE182380	GSM5527934	pretrain	TUB	MCD	text: Minimal Change Disease ; Tubulointerstitium from kidney biopsy			False	Sample_86 RNAseq counts from the tubulointerstitial compartment from kidney biopsies.
GSE182380-RNAseq|GSM5527935	GSE182380-RNAseq	GSE182380	GSM5527935	pretrain	TUB	FSGS	text: Focal Segmental Glomerulosclerosis ; Tubulointerstitium from kidney biopsy			False	Sample_85 RNAseq counts from the tubulointerstitial compartment from kidney biopsies.
GSE182380-RNAseq|GSM5527936	GSE182380-RNAseq	GSE182380	GSM5527936	pretrain	TUB	FSGS	text: Focal Segmental Glomerulosclerosis ; Tubulointerstitium from kidney biopsy			False	Sample_158 RNAseq counts from the tubulointerstitial compartment from kidney biopsies.
GSE182380-RNAseq|GSM5527937	GSE182380-RNAseq	GSE182380	GSM5527937	pretrain	TUB	MN	text: Membranous Nephropathy ; Tubulointerstitium from kidney biopsy			False	Sample_169 RNAseq counts from the tubulointerstitial compartment from kidney biopsies.
GSE182380-RNAseq|GSM5527938	GSE182380-RNAseq	GSE182380	GSM5527938	pretrain	TUB	OTHER	text: Other Nephrotic Syndrome ; Tubulointerstitium from kidney biopsy			False	Sample_107 RNAseq counts from the tubulointerstitial compartment from kidney biopsies.
GSE182380-RNAseq|GSM5527939	GSE182380-RNAseq	GSE182380	GSM5527939	pretrain	TUB	MCD	text: Minimal Change Disease ; Tubulointerstitium from kidney biopsy			False	Sample_48 RNAseq counts from the tubulointerstitial compartment from kidney biopsies.
GSE182380-RNAseq|GSM5527940	GSE182380-RNAseq	GSE182380	GSM5527940	pretrain	TUB	MN	text: Membranous Nephropathy ; Tubulointerstitium from kidney biopsy			False	Sample_103 RNAseq counts from the tubulointerstitial compartment from kidney biopsies.
GSE182380-RNAseq|GSM5527941	GSE182380-RNAseq	GSE182380	GSM5527941	pretrain	TUB	MN	text: Membranous Nephropathy ; Tubulointerstitium from kidney biopsy			False	Sample_101 RNAseq counts from the tubulointerstitial compartment from kidney biopsies.
GSE182380-RNAseq|GSM5527942	GSE182380-RNAseq	GSE182380	GSM5527942	pretrain	TUB	OTHER	text: Other Nephrotic Syndrome ; Tubulointerstitium from kidney biopsy			False	Sample_134 RNAseq counts from the tubulointerstitial compartment from kidney biopsies.
GSE182380-RNAseq|GSM5527943	GSE182380-RNAseq	GSE182380	GSM5527943	pretrain	TUB	FSGS	text: Focal Segmental Glomerulosclerosis ; Tubulointerstitium from kidney biopsy			False	Sample_110 RNAseq counts from the tubulointerstitial compartment from kidney biopsies.
GSE182380-RNAseq|GSM5527944	GSE182380-RNAseq	GSE182380	GSM5527944	pretrain	TUB	MN	text: Membranous Nephropathy ; Tubulointerstitium from kidney biopsy			False	Sample_41 RNAseq counts from the tubulointerstitial compartment from kidney biopsies.
GSE182380-RNAseq|GSM5527945	GSE182380-RNAseq	GSE182380	GSM5527945	pretrain	TUB	MN	text: Membranous Nephropathy ; Tubulointerstitium from kidney biopsy			False	Sample_6 RNAseq counts from the tubulointerstitial compartment from kidney biopsies.
GSE182380-RNAseq|GSM5527946	GSE182380-RNAseq	GSE182380	GSM5527946	pretrain	TUB	FSGS	text: Focal Segmental Glomerulosclerosis ; Tubulointerstitium from kidney biopsy			False	Sample_31 RNAseq counts from the tubulointerstitial compartment from kidney biopsies.
GSE182380-RNAseq|GSM5527947	GSE182380-RNAseq	GSE182380	GSM5527947	pretrain	TUB	OTHER	text: Other Nephrotic Syndrome ; Tubulointerstitium from kidney biopsy			False	Sample_38 RNAseq counts from the tubulointerstitial compartment from kidney biopsies.
GSE182380-RNAseq|GSM5527948	GSE182380-RNAseq	GSE182380	GSM5527948	pretrain	TUB	FSGS	text: Focal Segmental Glomerulosclerosis ; Tubulointerstitium from kidney biopsy			False	Sample_187 RNAseq counts from the tubulointerstitial compartment from kidney biopsies.
GSE182380-RNAseq|GSM5527949	GSE182380-RNAseq	GSE182380	GSM5527949	pretrain	TUB	OTHER	text: Other Nephrotic Syndrome ; Tubulointerstitium from kidney biopsy			False	Sample_15 RNAseq counts from the tubulointerstitial compartment from kidney biopsies.
GSE182380-RNAseq|GSM5527950	GSE182380-RNAseq	GSE182380	GSM5527950	pretrain	TUB	FSGS	text: Focal Segmental Glomerulosclerosis ; Tubulointerstitium from kidney biopsy			False	Sample_46 RNAseq counts from the tubulointerstitial compartment from kidney biopsies.
GSE182380-RNAseq|GSM5527951	GSE182380-RNAseq	GSE182380	GSM5527951	pretrain	TUB	FSGS	text: Focal Segmental Glomerulosclerosis ; Tubulointerstitium from kidney biopsy			False	Sample_148 RNAseq counts from the tubulointerstitial compartment from kidney biopsies.
GSE182380-RNAseq|GSM5527952	GSE182380-RNAseq	GSE182380	GSM5527952	pretrain	TUB	FSGS	text: Focal Segmental Glomerulosclerosis ; Tubulointerstitium from kidney biopsy			False	Sample_23 RNAseq counts from the tubulointerstitial compartment from kidney biopsies.
GSE182380-RNAseq|GSM5527953	GSE182380-RNAseq	GSE182380	GSM5527953	pretrain	TUB	MCD	text: Minimal Change Disease ; Tubulointerstitium from kidney biopsy			False	Sample_188 RNAseq counts from the tubulointerstitial compartment from kidney biopsies.
GSE182380-RNAseq|GSM5527954	GSE182380-RNAseq	GSE182380	GSM5527954	pretrain	TUB	OTHER	text: Other Nephrotic Syndrome ; Tubulointerstitium from kidney biopsy			False	Sample_177 RNAseq counts from the tubulointerstitial compartment from kidney biopsies.
GSE182380-RNAseq|GSM5527955	GSE182380-RNAseq	GSE182380	GSM5527955	pretrain	TUB	OTHER	text: Other Nephrotic Syndrome ; Tubulointerstitium from kidney biopsy			False	Sample_189 RNAseq counts from the tubulointerstitial compartment from kidney biopsies.
GSE182380-RNAseq|GSM5527956	GSE182380-RNAseq	GSE182380	GSM5527956	pretrain	TUB	OTHER	text: Other Nephrotic Syndrome ; Tubulointerstitium from kidney biopsy			False	Sample_92 RNAseq counts from the tubulointerstitial compartment from kidney biopsies.
GSE182380-RNAseq|GSM5527957	GSE182380-RNAseq	GSE182380	GSM5527957	pretrain	TUB	FSGS	text: Focal Segmental Glomerulosclerosis ; Tubulointerstitium from kidney biopsy			False	Sample_78 RNAseq counts from the tubulointerstitial compartment from kidney biopsies.
GSE182380-RNAseq|GSM5527958	GSE182380-RNAseq	GSE182380	GSM5527958	pretrain	TUB	MCD	text: Minimal Change Disease ; Tubulointerstitium from kidney biopsy			False	Sample_13 RNAseq counts from the tubulointerstitial compartment from kidney biopsies.
GSE182380-RNAseq|GSM5527959	GSE182380-RNAseq	GSE182380	GSM5527959	pretrain	TUB	FSGS	text: Focal Segmental Glomerulosclerosis ; Tubulointerstitium from kidney biopsy			False	Sample_181 RNAseq counts from the tubulointerstitial compartment from kidney biopsies.
GSE182380-RNAseq|GSM5527960	GSE182380-RNAseq	GSE182380	GSM5527960	pretrain	TUB	MN	text: Membranous Nephropathy ; Tubulointerstitium from kidney biopsy			False	Sample_18 RNAseq counts from the tubulointerstitial compartment from kidney biopsies.
GSE182380-RNAseq|GSM5527961	GSE182380-RNAseq	GSE182380	GSM5527961	pretrain	TUB	FSGS	text: Focal Segmental Glomerulosclerosis ; Tubulointerstitium from kidney biopsy			False	Sample_117 RNAseq counts from the tubulointerstitial compartment from kidney biopsies.
GSE182380-RNAseq|GSM5527962	GSE182380-RNAseq	GSE182380	GSM5527962	pretrain	TUB	MCD	text: Minimal Change Disease ; Tubulointerstitium from kidney biopsy			False	Sample_199 RNAseq counts from the tubulointerstitial compartment from kidney biopsies.
GSE182380-RNAseq|GSM5527963	GSE182380-RNAseq	GSE182380	GSM5527963	pretrain	TUB	OTHER	text: Other Nephrotic Syndrome ; Tubulointerstitium from kidney biopsy			False	Sample_4 RNAseq counts from the tubulointerstitial compartment from kidney biopsies.
GSE182380-RNAseq|GSM5527964	GSE182380-RNAseq	GSE182380	GSM5527964	pretrain	TUB	MCD	text: Minimal Change Disease ; Tubulointerstitium from kidney biopsy			False	Sample_73 RNAseq counts from the tubulointerstitial compartment from kidney biopsies.
GSE182380-RNAseq|GSM5527965	GSE182380-RNAseq	GSE182380	GSM5527965	pretrain	TUB	OTHER	text: Other Nephrotic Syndrome ; Tubulointerstitium from kidney biopsy			False	Sample_98 RNAseq counts from the tubulointerstitial compartment from kidney biopsies.
GSE182380-RNAseq|GSM5527966	GSE182380-RNAseq	GSE182380	GSM5527966	pretrain	TUB	FSGS	text: Focal Segmental Glomerulosclerosis ; Tubulointerstitium from kidney biopsy			False	Sample_99 RNAseq counts from the tubulointerstitial compartment from kidney biopsies.
GSE182380-RNAseq|GSM5527967	GSE182380-RNAseq	GSE182380	GSM5527967	pretrain	TUB	OTHER	text: Other Nephrotic Syndrome ; Tubulointerstitium from kidney biopsy			False	Sample_43 RNAseq counts from the tubulointerstitial compartment from kidney biopsies.
GSE182380-RNAseq|GSM5527968	GSE182380-RNAseq	GSE182380	GSM5527968	pretrain	TUB	MN	text: Membranous Nephropathy ; Tubulointerstitium from kidney biopsy			False	Sample_154 RNAseq counts from the tubulointerstitial compartment from kidney biopsies.
GSE182380-RNAseq|GSM5527969	GSE182380-RNAseq	GSE182380	GSM5527969	pretrain	TUB	MCD	text: Minimal Change Disease ; Tubulointerstitium from kidney biopsy			False	Sample_2 RNAseq counts from the tubulointerstitial compartment from kidney biopsies.
GSE182380-RNAseq|GSM5527970	GSE182380-RNAseq	GSE182380	GSM5527970	pretrain	TUB	OTHER	text: Other Nephrotic Syndrome ; Tubulointerstitium from kidney biopsy			False	Sample_152 RNAseq counts from the tubulointerstitial compartment from kidney biopsies.
GSE182380-RNAseq|GSM5527971	GSE182380-RNAseq	GSE182380	GSM5527971	pretrain	TUB	MN	text: Membranous Nephropathy ; Tubulointerstitium from kidney biopsy			False	Sample_56 RNAseq counts from the tubulointerstitial compartment from kidney biopsies.
GSE182380-RNAseq|GSM5527972	GSE182380-RNAseq	GSE182380	GSM5527972	pretrain	TUB	MCD	text: Minimal Change Disease ; Tubulointerstitium from kidney biopsy			False	Sample_144 RNAseq counts from the tubulointerstitial compartment from kidney biopsies.
GSE182380-RNAseq|GSM5527973	GSE182380-RNAseq	GSE182380	GSM5527973	pretrain	TUB	MCD	text: Minimal Change Disease ; Tubulointerstitium from kidney biopsy			False	Sample_9 RNAseq counts from the tubulointerstitial compartment from kidney biopsies.
GSE182380-RNAseq|GSM5527974	GSE182380-RNAseq	GSE182380	GSM5527974	pretrain	TUB	MCD	text: Minimal Change Disease ; Tubulointerstitium from kidney biopsy			False	Sample_167 RNAseq counts from the tubulointerstitial compartment from kidney biopsies.
GSE182380-RNAseq|GSM5527975	GSE182380-RNAseq	GSE182380	GSM5527975	pretrain	TUB	MN	text: Membranous Nephropathy ; Tubulointerstitium from kidney biopsy			False	Sample_62 RNAseq counts from the tubulointerstitial compartment from kidney biopsies.
GSE182380-RNAseq|GSM5527976	GSE182380-RNAseq	GSE182380	GSM5527976	pretrain	TUB	FSGS	text: Focal Segmental Glomerulosclerosis ; Tubulointerstitium from kidney biopsy			False	Sample_127 RNAseq counts from the tubulointerstitial compartment from kidney biopsies.
GSE182380-RNAseq|GSM5527977	GSE182380-RNAseq	GSE182380	GSM5527977	pretrain	TUB	MCD	text: Minimal Change Disease ; Tubulointerstitium from kidney biopsy			False	Sample_39 RNAseq counts from the tubulointerstitial compartment from kidney biopsies.
GSE182380-RNAseq|GSM5527978	GSE182380-RNAseq	GSE182380	GSM5527978	pretrain	TUB	FSGS	text: Focal Segmental Glomerulosclerosis ; Tubulointerstitium from kidney biopsy			False	Sample_125 RNAseq counts from the tubulointerstitial compartment from kidney biopsies.
GSE182380-RNAseq|GSM5527979	GSE182380-RNAseq	GSE182380	GSM5527979	pretrain	TUB	OTHER	text: Other Nephrotic Syndrome ; Tubulointerstitium from kidney biopsy			False	Sample_151 RNAseq counts from the tubulointerstitial compartment from kidney biopsies.
GSE182380-RNAseq|GSM5527980	GSE182380-RNAseq	GSE182380	GSM5527980	pretrain	TUB	FSGS	text: Focal Segmental Glomerulosclerosis ; Tubulointerstitium from kidney biopsy			False	Sample_52 RNAseq counts from the tubulointerstitial compartment from kidney biopsies.
GSE182380-RNAseq|GSM5527981	GSE182380-RNAseq	GSE182380	GSM5527981	pretrain	TUB	FSGS	text: Focal Segmental Glomerulosclerosis ; Tubulointerstitium from kidney biopsy			False	Sample_47 RNAseq counts from the tubulointerstitial compartment from kidney biopsies.
GSE182380-RNAseq|GSM5527982	GSE182380-RNAseq	GSE182380	GSM5527982	pretrain	TUB	MCD	text: Minimal Change Disease ; Tubulointerstitium from kidney biopsy			False	Sample_22 RNAseq counts from the tubulointerstitial compartment from kidney biopsies.
GSE182380-RNAseq|GSM5527983	GSE182380-RNAseq	GSE182380	GSM5527983	pretrain	TUB	FSGS	text: Focal Segmental Glomerulosclerosis ; Tubulointerstitium from kidney biopsy			False	Sample_51 RNAseq counts from the tubulointerstitial compartment from kidney biopsies.
GSE182380-RNAseq|GSM5527984	GSE182380-RNAseq	GSE182380	GSM5527984	pretrain	TUB	MCD	text: Minimal Change Disease ; Tubulointerstitium from kidney biopsy			False	Sample_118 RNAseq counts from the tubulointerstitial compartment from kidney biopsies.
GSE182380-RNAseq|GSM5527985	GSE182380-RNAseq	GSE182380	GSM5527985	pretrain	TUB	MCD	text: Minimal Change Disease ; Tubulointerstitium from kidney biopsy			False	Sample_185 RNAseq counts from the tubulointerstitial compartment from kidney biopsies.
GSE182380-RNAseq|GSM5527986	GSE182380-RNAseq	GSE182380	GSM5527986	pretrain	TUB	OTHER	text: Other Nephrotic Syndrome ; Tubulointerstitium from kidney biopsy			False	Sample_57 RNAseq counts from the tubulointerstitial compartment from kidney biopsies.
GSE182380-RNAseq|GSM5527987	GSE182380-RNAseq	GSE182380	GSM5527987	pretrain	TUB	MN	text: Membranous Nephropathy ; Tubulointerstitium from kidney biopsy			False	Sample_171 RNAseq counts from the tubulointerstitial compartment from kidney biopsies.
GSE182380-RNAseq|GSM5527988	GSE182380-RNAseq	GSE182380	GSM5527988	pretrain	TUB	FSGS	text: Focal Segmental Glomerulosclerosis ; Tubulointerstitium from kidney biopsy			False	Sample_12 RNAseq counts from the tubulointerstitial compartment from kidney biopsies.
GSE182380-RNAseq|GSM5527989	GSE182380-RNAseq	GSE182380	GSM5527989	pretrain	TUB	FSGS	text: Focal Segmental Glomerulosclerosis ; Tubulointerstitium from kidney biopsy			False	Sample_75 RNAseq counts from the tubulointerstitial compartment from kidney biopsies.
GSE182380-RNAseq|GSM5527990	GSE182380-RNAseq	GSE182380	GSM5527990	pretrain	TUB	MN	text: Membranous Nephropathy ; Tubulointerstitium from kidney biopsy			False	Sample_150 RNAseq counts from the tubulointerstitial compartment from kidney biopsies.
GSE182380-RNAseq|GSM5527991	GSE182380-RNAseq	GSE182380	GSM5527991	pretrain	TUB	MN	text: Membranous Nephropathy ; Tubulointerstitium from kidney biopsy			False	Sample_77 RNAseq counts from the tubulointerstitial compartment from kidney biopsies.
GSE182380-RNAseq|GSM5527992	GSE182380-RNAseq	GSE182380	GSM5527992	pretrain	TUB	OTHER	text: Other Nephrotic Syndrome ; Tubulointerstitium from kidney biopsy			False	Sample_36 RNAseq counts from the tubulointerstitial compartment from kidney biopsies.
GSE182380-RNAseq|GSM5527993	GSE182380-RNAseq	GSE182380	GSM5527993	pretrain	TUB	MN	text: Membranous Nephropathy ; Tubulointerstitium from kidney biopsy			False	Sample_82 RNAseq counts from the tubulointerstitial compartment from kidney biopsies.
GSE182380-RNAseq|GSM5527994	GSE182380-RNAseq	GSE182380	GSM5527994	pretrain	TUB	OTHER	text: Other Nephrotic Syndrome ; Tubulointerstitium from kidney biopsy			False	Sample_87 RNAseq counts from the tubulointerstitial compartment from kidney biopsies.
GSE182380-RNAseq|GSM5527995	GSE182380-RNAseq	GSE182380	GSM5527995	pretrain	TUB	MN	text: Membranous Nephropathy ; Tubulointerstitium from kidney biopsy			False	Sample_180 RNAseq counts from the tubulointerstitial compartment from kidney biopsies.
GSE182380-RNAseq|GSM5527996	GSE182380-RNAseq	GSE182380	GSM5527996	pretrain	TUB	MCD	text: Minimal Change Disease ; Tubulointerstitium from kidney biopsy			False	Sample_19 RNAseq counts from the tubulointerstitial compartment from kidney biopsies.
GSE182380-RNAseq|GSM5527997	GSE182380-RNAseq	GSE182380	GSM5527997	pretrain	TUB	FSGS	text: Focal Segmental Glomerulosclerosis ; Tubulointerstitium from kidney biopsy			False	Sample_69 RNAseq counts from the tubulointerstitial compartment from kidney biopsies.
GSE182380-RNAseq|GSM5527998	GSE182380-RNAseq	GSE182380	GSM5527998	pretrain	TUB	MCD	text: Minimal Change Disease ; Tubulointerstitium from kidney biopsy			False	Sample_192 RNAseq counts from the tubulointerstitial compartment from kidney biopsies.
GSE182380-RNAseq|GSM5527999	GSE182380-RNAseq	GSE182380	GSM5527999	pretrain	TUB	FSGS	text: Focal Segmental Glomerulosclerosis ; Tubulointerstitium from kidney biopsy			False	Sample_174 RNAseq counts from the tubulointerstitial compartment from kidney biopsies.
GSE182380-RNAseq|GSM5528000	GSE182380-RNAseq	GSE182380	GSM5528000	pretrain	TUB	FSGS	text: Focal Segmental Glomerulosclerosis ; Tubulointerstitium from kidney biopsy			False	Sample_195 RNAseq counts from the tubulointerstitial compartment from kidney biopsies.
GSE182380-RNAseq|GSM5528001	GSE182380-RNAseq	GSE182380	GSM5528001	pretrain	TUB	MN	text: Membranous Nephropathy ; Tubulointerstitium from kidney biopsy			False	Sample_53 RNAseq counts from the tubulointerstitial compartment from kidney biopsies.
GSE182380-RNAseq|GSM5528002	GSE182380-RNAseq	GSE182380	GSM5528002	pretrain	TUB	MN	text: Membranous Nephropathy ; Tubulointerstitium from kidney biopsy			False	Sample_196 RNAseq counts from the tubulointerstitial compartment from kidney biopsies.
GSE182380-RNAseq|GSM5528003	GSE182380-RNAseq	GSE182380	GSM5528003	pretrain	TUB	MN	text: Membranous Nephropathy ; Tubulointerstitium from kidney biopsy			False	Sample_17 RNAseq counts from the tubulointerstitial compartment from kidney biopsies.
GSE182380-RNAseq|GSM5528004	GSE182380-RNAseq	GSE182380	GSM5528004	pretrain	TUB	FSGS	text: Focal Segmental Glomerulosclerosis ; Tubulointerstitium from kidney biopsy			False	Sample_157 RNAseq counts from the tubulointerstitial compartment from kidney biopsies.
GSE182380-RNAseq|GSM5528005	GSE182380-RNAseq	GSE182380	GSM5528005	pretrain	TUB	FSGS	text: Focal Segmental Glomerulosclerosis ; Tubulointerstitium from kidney biopsy			False	Sample_186 RNAseq counts from the tubulointerstitial compartment from kidney biopsies.
GSE182380-RNAseq|GSM5528006	GSE182380-RNAseq	GSE182380	GSM5528006	pretrain	TUB	FSGS	text: Focal Segmental Glomerulosclerosis ; Tubulointerstitium from kidney biopsy			False	Sample_54 RNAseq counts from the tubulointerstitial compartment from kidney biopsies.
GSE182380-RNAseq|GSM5528007	GSE182380-RNAseq	GSE182380	GSM5528007	pretrain	TUB	MN	text: Membranous Nephropathy ; Tubulointerstitium from kidney biopsy			False	Sample_49 RNAseq counts from the tubulointerstitial compartment from kidney biopsies.
GSE182380-RNAseq|GSM5528008	GSE182380-RNAseq	GSE182380	GSM5528008	pretrain	TUB	MN	text: Membranous Nephropathy ; Tubulointerstitium from kidney biopsy			False	Sample_160 RNAseq counts from the tubulointerstitial compartment from kidney biopsies.
GSE182380-RNAseq|GSM5528009	GSE182380-RNAseq	GSE182380	GSM5528009	pretrain	TUB	MN	text: Membranous Nephropathy ; Tubulointerstitium from kidney biopsy			False	Sample_71 RNAseq counts from the tubulointerstitial compartment from kidney biopsies.
GSE182380-RNAseq|GSM5528010	GSE182380-RNAseq	GSE182380	GSM5528010	pretrain	TUB	OTHER	text: Other Nephrotic Syndrome ; Tubulointerstitium from kidney biopsy			False	Sample_28 RNAseq counts from the tubulointerstitial compartment from kidney biopsies.
GSE182380-RNAseq|GSM5528011	GSE182380-RNAseq	GSE182380	GSM5528011	pretrain	TUB	MN	text: Membranous Nephropathy ; Tubulointerstitium from kidney biopsy			False	Sample_175 RNAseq counts from the tubulointerstitial compartment from kidney biopsies.
GSE182380-RNAseq|GSM5528012	GSE182380-RNAseq	GSE182380	GSM5528012	pretrain	TUB	FSGS	text: Focal Segmental Glomerulosclerosis ; Tubulointerstitium from kidney biopsy			False	Sample_147 RNAseq counts from the tubulointerstitial compartment from kidney biopsies.
GSE182380-RNAseq|GSM5528013	GSE182380-RNAseq	GSE182380	GSM5528013	pretrain	TUB	FSGS	text: Focal Segmental Glomerulosclerosis ; Tubulointerstitium from kidney biopsy			False	Sample_88 RNAseq counts from the tubulointerstitial compartment from kidney biopsies.
GSE182380-RNAseq|GSM5528014	GSE182380-RNAseq	GSE182380	GSM5528014	pretrain	TUB	FSGS	text: Focal Segmental Glomerulosclerosis ; Tubulointerstitium from kidney biopsy			False	Sample_138 RNAseq counts from the tubulointerstitial compartment from kidney biopsies.
GSE182380-RNAseq|GSM5528015	GSE182380-RNAseq	GSE182380	GSM5528015	pretrain	TUB	FSGS	text: Focal Segmental Glomerulosclerosis ; Tubulointerstitium from kidney biopsy			False	Sample_120 RNAseq counts from the tubulointerstitial compartment from kidney biopsies.
GSE182380-RNAseq|GSM5528016	GSE182380-RNAseq	GSE182380	GSM5528016	pretrain	TUB	FSGS	text: Focal Segmental Glomerulosclerosis ; Tubulointerstitium from kidney biopsy			False	Sample_156 RNAseq counts from the tubulointerstitial compartment from kidney biopsies.
GSE182380-RNAseq|GSM5528017	GSE182380-RNAseq	GSE182380	GSM5528017	pretrain	TUB	FSGS	text: Focal Segmental Glomerulosclerosis ; Tubulointerstitium from kidney biopsy			False	Sample_193 RNAseq counts from the tubulointerstitial compartment from kidney biopsies.
GSE182380-RNAseq|GSM5528018	GSE182380-RNAseq	GSE182380	GSM5528018	pretrain	TUB	FSGS	text: Focal Segmental Glomerulosclerosis ; Tubulointerstitium from kidney biopsy			False	Sample_113 RNAseq counts from the tubulointerstitial compartment from kidney biopsies.
GSE182380-RNAseq|GSM5528019	GSE182380-RNAseq	GSE182380	GSM5528019	pretrain	TUB	FSGS	text: Focal Segmental Glomerulosclerosis ; Tubulointerstitium from kidney biopsy			False	Sample_164 RNAseq counts from the tubulointerstitial compartment from kidney biopsies.
GSE182380-RNAseq|GSM5528020	GSE182380-RNAseq	GSE182380	GSM5528020	pretrain	TUB	FSGS	text: Focal Segmental Glomerulosclerosis ; Tubulointerstitium from kidney biopsy			False	Sample_133 RNAseq counts from the tubulointerstitial compartment from kidney biopsies.
GSE182380-RNAseq|GSM5528021	GSE182380-RNAseq	GSE182380	GSM5528021	pretrain	TUB	OTHER	text: Nephrotic Syndrome, unspecified ; Tubulointerstitium from kidney biopsy			False	Sample_163 RNAseq counts from the tubulointerstitial compartment from kidney biopsies.
GSE182380-RNAseq|GSM5528022	GSE182380-RNAseq	GSE182380	GSM5528022	pretrain	TUB	OTHER	text: Other Nephrotic Syndrome ; Tubulointerstitium from kidney biopsy			False	Sample_173 RNAseq counts from the tubulointerstitial compartment from kidney biopsies.
GSE182380-RNAseq|GSM5528023	GSE182380-RNAseq	GSE182380	GSM5528023	pretrain	TUB	MCD	text: Minimal Change Disease ; Tubulointerstitium from kidney biopsy			False	Sample_142 RNAseq counts from the tubulointerstitial compartment from kidney biopsies.
GSE182380-RNAseq|GSM5528024	GSE182380-RNAseq	GSE182380	GSM5528024	pretrain	TUB	FSGS	text: Focal Segmental Glomerulosclerosis ; Tubulointerstitium from kidney biopsy			False	Sample_190 RNAseq counts from the tubulointerstitial compartment from kidney biopsies.
GSE182380-RNAseq|GSM5528025	GSE182380-RNAseq	GSE182380	GSM5528025	pretrain	TUB	OTHER	text: Other Nephrotic Syndrome ; Tubulointerstitium from kidney biopsy			False	Sample_168 RNAseq counts from the tubulointerstitial compartment from kidney biopsies.
GSE182380-RNAseq|GSM5528026	GSE182380-RNAseq	GSE182380	GSM5528026	pretrain	TUB	FSGS	text: Focal Segmental Glomerulosclerosis ; Tubulointerstitium from kidney biopsy			False	Sample_197 RNAseq counts from the tubulointerstitial compartment from kidney biopsies.
GSE182380-RNAseq|GSM5528027	GSE182380-RNAseq	GSE182380	GSM5528027	pretrain	TUB	MN	text: Membranous Nephropathy ; Tubulointerstitium from kidney biopsy			False	Sample_94 RNAseq counts from the tubulointerstitial compartment from kidney biopsies.
GSE182380-RNAseq|GSM5528028	GSE182380-RNAseq	GSE182380	GSM5528028	pretrain	TUB	FSGS	text: Focal Segmental Glomerulosclerosis ; Tubulointerstitium from kidney biopsy			False	Sample_34 RNAseq counts from the tubulointerstitial compartment from kidney biopsies.
GSE182380-RNAseq|GSM5528029	GSE182380-RNAseq	GSE182380	GSM5528029	pretrain	TUB	OTHER	text: Other Nephrotic Syndrome ; Tubulointerstitium from kidney biopsy			False	Sample_178 RNAseq counts from the tubulointerstitial compartment from kidney biopsies.
GSE182380-RNAseq|GSM5528030	GSE182380-RNAseq	GSE182380	GSM5528030	pretrain	TUB	MCD	text: Minimal Change Disease ; Tubulointerstitium from kidney biopsy			False	Sample_183 RNAseq counts from the tubulointerstitial compartment from kidney biopsies.
GSE182380-RNAseq|GSM5528031	GSE182380-RNAseq	GSE182380	GSM5528031	pretrain	TUB	FSGS	text: Focal Segmental Glomerulosclerosis ; Tubulointerstitium from kidney biopsy			False	Sample_68 RNAseq counts from the tubulointerstitial compartment from kidney biopsies.
GSE182380-RNAseq|GSM5528032	GSE182380-RNAseq	GSE182380	GSM5528032	pretrain	TUB	MCD	text: Minimal Change Disease ; Tubulointerstitium from kidney biopsy			False	Sample_65 RNAseq counts from the tubulointerstitial compartment from kidney biopsies.
GSE182380-RNAseq|GSM5528033	GSE182380-RNAseq	GSE182380	GSM5528033	pretrain	TUB	OTHER	text: Other Nephrotic Syndrome ; Tubulointerstitium from kidney biopsy			False	Sample_70 RNAseq counts from the tubulointerstitial compartment from kidney biopsies.
GSE182380-RNAseq|GSM5528034	GSE182380-RNAseq	GSE182380	GSM5528034	pretrain	TUB	MN	text: Membranous Nephropathy ; Tubulointerstitium from kidney biopsy			False	Sample_198 RNAseq counts from the tubulointerstitial compartment from kidney biopsies.
GSE182380-RNAseq|GSM5528035	GSE182380-RNAseq	GSE182380	GSM5528035	pretrain	TUB	FSGS	text: Focal Segmental Glomerulosclerosis ; Tubulointerstitium from kidney biopsy			False	Sample_121 RNAseq counts from the tubulointerstitial compartment from kidney biopsies.
GSE182380-RNAseq|GSM5528036	GSE182380-RNAseq	GSE182380	GSM5528036	pretrain	TUB	MCD	text: Minimal Change Disease ; Tubulointerstitium from kidney biopsy			False	Sample_50 RNAseq counts from the tubulointerstitial compartment from kidney biopsies.
GSE182380-RNAseq|GSM5528037	GSE182380-RNAseq	GSE182380	GSM5528037	pretrain	TUB	OTHER	text: Other Nephrotic Syndrome ; Tubulointerstitium from kidney biopsy			False	Sample_59 RNAseq counts from the tubulointerstitial compartment from kidney biopsies.
GSE182380-RNAseq|GSM5528038	GSE182380-RNAseq	GSE182380	GSM5528038	pretrain	TUB	FSGS	text: Focal Segmental Glomerulosclerosis ; Tubulointerstitium from kidney biopsy			False	Sample_84 RNAseq counts from the tubulointerstitial compartment from kidney biopsies.
GSE182380-RNAseq|GSM5528039	GSE182380-RNAseq	GSE182380	GSM5528039	pretrain	TUB	OTHER	text: Other Nephrotic Syndrome ; Tubulointerstitium from kidney biopsy			False	Sample_122 RNAseq counts from the tubulointerstitial compartment from kidney biopsies.
GSE182380-RNAseq|GSM5528040	GSE182380-RNAseq	GSE182380	GSM5528040	pretrain	TUB	MN	text: Membranous Nephropathy ; Tubulointerstitium from kidney biopsy			False	Sample_91 RNAseq counts from the tubulointerstitial compartment from kidney biopsies.
GSE182380-RNAseq|GSM5528041	GSE182380-RNAseq	GSE182380	GSM5528041	pretrain	TUB	FSGS	text: Focal Segmental Glomerulosclerosis ; Tubulointerstitium from kidney biopsy			False	Sample_26 RNAseq counts from the tubulointerstitial compartment from kidney biopsies.
GSE182380-RNAseq|GSM5528042	GSE182380-RNAseq	GSE182380	GSM5528042	pretrain	TUB	MN	text: Membranous Nephropathy ; Tubulointerstitium from kidney biopsy			False	Sample_162 RNAseq counts from the tubulointerstitial compartment from kidney biopsies.
GSE182380-RNAseq|GSM5528043	GSE182380-RNAseq	GSE182380	GSM5528043	pretrain	TUB	MN	text: Membranous Nephropathy ; Tubulointerstitium from kidney biopsy			False	Sample_60 RNAseq counts from the tubulointerstitial compartment from kidney biopsies.
GSE182380-RNAseq|GSM5528044	GSE182380-RNAseq	GSE182380	GSM5528044	pretrain	TUB	FSGS	text: Focal Segmental Glomerulosclerosis ; Tubulointerstitium from kidney biopsy			False	Sample_29 RNAseq counts from the tubulointerstitial compartment from kidney biopsies.
GSE182380-RNAseq|GSM5528045	GSE182380-RNAseq	GSE182380	GSM5528045	pretrain	TUB	MN	text: Membranous Nephropathy ; Tubulointerstitium from kidney biopsy			False	Sample_5 RNAseq counts from the tubulointerstitial compartment from kidney biopsies.
GSE182380-RNAseq|GSM5528046	GSE182380-RNAseq	GSE182380	GSM5528046	pretrain	TUB	MN	text: Membranous Nephropathy ; Tubulointerstitium from kidney biopsy			False	Sample_89 RNAseq counts from the tubulointerstitial compartment from kidney biopsies.
GSE182380-RNAseq|GSM5528047	GSE182380-RNAseq	GSE182380	GSM5528047	pretrain	TUB	FSGS	text: Focal Segmental Glomerulosclerosis ; Tubulointerstitium from kidney biopsy			False	Sample_104 RNAseq counts from the tubulointerstitial compartment from kidney biopsies.
GSE182380-RNAseq|GSM5528048	GSE182380-RNAseq	GSE182380	GSM5528048	pretrain	TUB	OTHER	text: Other Nephrotic Syndrome ; Tubulointerstitium from kidney biopsy			False	Sample_16 RNAseq counts from the tubulointerstitial compartment from kidney biopsies.
GSE182380-RNAseq|GSM5528049	GSE182380-RNAseq	GSE182380	GSM5528049	pretrain	TUB	FSGS	text: Focal Segmental Glomerulosclerosis ; Tubulointerstitium from kidney biopsy			False	Sample_176 RNAseq counts from the tubulointerstitial compartment from kidney biopsies.
GSE182380-RNAseq|GSM5528050	GSE182380-RNAseq	GSE182380	GSM5528050	pretrain	TUB	FSGS	text: Focal Segmental Glomerulosclerosis ; Tubulointerstitium from kidney biopsy			False	Sample_14 RNAseq counts from the tubulointerstitial compartment from kidney biopsies.
GSE182380-RNAseq|GSM5528051	GSE182380-RNAseq	GSE182380	GSM5528051	pretrain	TUB	MN	text: Membranous Nephropathy ; Tubulointerstitium from kidney biopsy			False	Sample_135 RNAseq counts from the tubulointerstitial compartment from kidney biopsies.
GSE182380-RNAseq|GSM5528052	GSE182380-RNAseq	GSE182380	GSM5528052	pretrain	TUB	MN	text: Membranous Nephropathy ; Tubulointerstitium from kidney biopsy			False	Sample_8 RNAseq counts from the tubulointerstitial compartment from kidney biopsies.
GSE182380-RNAseq|GSM5528053	GSE182380-RNAseq	GSE182380	GSM5528053	pretrain	TUB	OTHER	text: Other Nephrotic Syndrome ; Tubulointerstitium from kidney biopsy			False	Sample_109 RNAseq counts from the tubulointerstitial compartment from kidney biopsies.
GSE182380-RNAseq|GSM5528054	GSE182380-RNAseq	GSE182380	GSM5528054	pretrain	TUB	MN	text: Membranous Nephropathy ; Tubulointerstitium from kidney biopsy			False	Sample_76 RNAseq counts from the tubulointerstitial compartment from kidney biopsies.
GSE182380-RNAseq|GSM5528055	GSE182380-RNAseq	GSE182380	GSM5528055	pretrain	TUB	MN	text: Membranous Nephropathy ; Tubulointerstitium from kidney biopsy			False	Sample_149 RNAseq counts from the tubulointerstitial compartment from kidney biopsies.
GSE182380-RNAseq|GSM5528056	GSE182380-RNAseq	GSE182380	GSM5528056	pretrain	TUB	FSGS	text: Focal Segmental Glomerulosclerosis ; Tubulointerstitium from kidney biopsy			False	Sample_159 RNAseq counts from the tubulointerstitial compartment from kidney biopsies.
GSE182380-RNAseq|GSM5528057	GSE182380-RNAseq	GSE182380	GSM5528057	pretrain	TUB	FSGS	text: Focal Segmental Glomerulosclerosis ; Tubulointerstitium from kidney biopsy			False	Sample_119 RNAseq counts from the tubulointerstitial compartment from kidney biopsies.
GSE182380-RNAseq|GSM5528058	GSE182380-RNAseq	GSE182380	GSM5528058	pretrain	TUB	MN	text: Membranous Nephropathy ; Tubulointerstitium from kidney biopsy			False	Sample_136 RNAseq counts from the tubulointerstitial compartment from kidney biopsies.
GSE182380-RNAseq|GSM5528059	GSE182380-RNAseq	GSE182380	GSM5528059	pretrain	TUB	FSGS	text: Focal Segmental Glomerulosclerosis ; Tubulointerstitium from kidney biopsy			False	Sample_116 RNAseq counts from the tubulointerstitial compartment from kidney biopsies.
GSE182380-RNAseq|GSM5528060	GSE182380-RNAseq	GSE182380	GSM5528060	pretrain	TUB	OTHER	text: Other Nephrotic Syndrome ; Tubulointerstitium from kidney biopsy			False	Sample_161 RNAseq counts from the tubulointerstitial compartment from kidney biopsies.
GSE182380-RNAseq|GSM5528061	GSE182380-RNAseq	GSE182380	GSM5528061	pretrain	TUB	MN	text: Membranous Nephropathy ; Tubulointerstitium from kidney biopsy			False	Sample_106 RNAseq counts from the tubulointerstitial compartment from kidney biopsies.
GSE182380-RNAseq|GSM5528062	GSE182380-RNAseq	GSE182380	GSM5528062	pretrain	TUB	MCD	text: Minimal Change Disease ; Tubulointerstitium from kidney biopsy			False	Sample_108 RNAseq counts from the tubulointerstitial compartment from kidney biopsies.
GSE182380-RNAseq|GSM5528063	GSE182380-RNAseq	GSE182380	GSM5528063	pretrain	TUB	MN	text: Membranous Nephropathy ; Tubulointerstitium from kidney biopsy			False	Sample_102 RNAseq counts from the tubulointerstitial compartment from kidney biopsies.
GSE182380-RNAseq|GSM5528064	GSE182380-RNAseq	GSE182380	GSM5528064	pretrain	TUB	FSGS	text: Focal Segmental Glomerulosclerosis ; Tubulointerstitium from kidney biopsy			False	Sample_83 RNAseq counts from the tubulointerstitial compartment from kidney biopsies.
GSE182380-RNAseq|GSM5528065	GSE182380-RNAseq	GSE182380	GSM5528065	pretrain	TUB	MN	text: Membranous Nephropathy ; Tubulointerstitium from kidney biopsy			False	Sample_81 RNAseq counts from the tubulointerstitial compartment from kidney biopsies.
GSE182380-RNAseq|GSM5528066	GSE182380-RNAseq	GSE182380	GSM5528066	pretrain	TUB	MN	text: Membranous Nephropathy ; Tubulointerstitium from kidney biopsy			False	Sample_63 RNAseq counts from the tubulointerstitial compartment from kidney biopsies.
GSE182380-RNAseq|GSM5528067	GSE182380-RNAseq	GSE182380	GSM5528067	pretrain	TUB	OTHER	text: Other Nephrotic Syndrome ; Tubulointerstitium from kidney biopsy			False	Sample_96 RNAseq counts from the tubulointerstitial compartment from kidney biopsies.
GSE182380-RNAseq|GSM5528068	GSE182380-RNAseq	GSE182380	GSM5528068	pretrain	TUB	MN	text: Membranous Nephropathy ; Tubulointerstitium from kidney biopsy			False	Sample_114 RNAseq counts from the tubulointerstitial compartment from kidney biopsies.
GSE182380-RNAseq|GSM5528069	GSE182380-RNAseq	GSE182380	GSM5528069	pretrain	TUB	OTHER	text: Other Nephrotic Syndrome ; Tubulointerstitium from kidney biopsy			False	Sample_129 RNAseq counts from the tubulointerstitial compartment from kidney biopsies.
GSE182380-RNAseq|GSM5528070	GSE182380-RNAseq	GSE182380	GSM5528070	pretrain	TUB	MCD	text: Minimal Change Disease ; Tubulointerstitium from kidney biopsy			False	Sample_131 RNAseq counts from the tubulointerstitial compartment from kidney biopsies.
GSE182380-RNAseq|GSM5528071	GSE182380-RNAseq	GSE182380	GSM5528071	pretrain	TUB	MCD	text: Minimal Change Disease ; Tubulointerstitium from kidney biopsy			False	Sample_64 RNAseq counts from the tubulointerstitial compartment from kidney biopsies.
GSE182380-RNAseq|GSM5528072	GSE182380-RNAseq	GSE182380	GSM5528072	pretrain	TUB	FSGS	text: Focal Segmental Glomerulosclerosis ; Tubulointerstitium from kidney biopsy			False	Sample_165 RNAseq counts from the tubulointerstitial compartment from kidney biopsies.
GSE182380-RNAseq|GSM5528073	GSE182380-RNAseq	GSE182380	GSM5528073	pretrain	TUB	OTHER	text: Other Nephrotic Syndrome ; Tubulointerstitium from kidney biopsy			False	Sample_33 RNAseq counts from the tubulointerstitial compartment from kidney biopsies.
GSE182380-RNAseq|GSM5528074	GSE182380-RNAseq	GSE182380	GSM5528074	pretrain	TUB	FSGS	text: Focal Segmental Glomerulosclerosis ; Tubulointerstitium from kidney biopsy			False	Sample_24 RNAseq counts from the tubulointerstitial compartment from kidney biopsies.
GSE182380-RNAseq|GSM5528075	GSE182380-RNAseq	GSE182380	GSM5528075	pretrain	TUB	MCD	text: Minimal Change Disease ; Tubulointerstitium from kidney biopsy			False	Sample_112 RNAseq counts from the tubulointerstitial compartment from kidney biopsies.
GSE182380-RNAseq|GSM5528076	GSE182380-RNAseq	GSE182380	GSM5528076	pretrain	TUB	OTHER	text: Other Nephrotic Syndrome ; Tubulointerstitium from kidney biopsy			False	Sample_124 RNAseq counts from the tubulointerstitial compartment from kidney biopsies.
GSE182380-RNAseq|GSM5528077	GSE182380-RNAseq	GSE182380	GSM5528077	pretrain	TUB	FSGS	text: Focal Segmental Glomerulosclerosis ; Tubulointerstitium from kidney biopsy			False	Sample_44 RNAseq counts from the tubulointerstitial compartment from kidney biopsies.
GSE182380-RNAseq|GSM5528078	GSE182380-RNAseq	GSE182380	GSM5528078	pretrain	TUB	FSGS	text: Focal Segmental Glomerulosclerosis ; Tubulointerstitium from kidney biopsy			False	Sample_155 RNAseq counts from the tubulointerstitial compartment from kidney biopsies.
GSE182380-RNAseq|GSM5528079	GSE182380-RNAseq	GSE182380	GSM5528079	pretrain	TUB	FSGS	text: Focal Segmental Glomerulosclerosis ; Tubulointerstitium from kidney biopsy			False	Sample_191 RNAseq counts from the tubulointerstitial compartment from kidney biopsies.
GSE182380-RNAseq|GSM5528080	GSE182380-RNAseq	GSE182380	GSM5528080	pretrain	TUB	OTHER	text: Other Nephrotic Syndrome ; Tubulointerstitium from kidney biopsy			False	Sample_126 RNAseq counts from the tubulointerstitial compartment from kidney biopsies.
GSE182380-RNAseq|GSM5528081	GSE182380-RNAseq	GSE182380	GSM5528081	pretrain	TUB	MN	text: Membranous Nephropathy ; Tubulointerstitium from kidney biopsy			False	Sample_80 RNAseq counts from the tubulointerstitial compartment from kidney biopsies.
GSE182380-RNAseq|GSM5528082	GSE182380-RNAseq	GSE182380	GSM5528082	pretrain	TUB	OTHER	text: Other Nephrotic Syndrome ; Tubulointerstitium from kidney biopsy			False	Sample_182 RNAseq counts from the tubulointerstitial compartment from kidney biopsies.
GSE182380-RNAseq|GSM5528083	GSE182380-RNAseq	GSE182380	GSM5528083	pretrain	TUB	FSGS	text: Focal Segmental Glomerulosclerosis ; Tubulointerstitium from kidney biopsy			False	Sample_32 RNAseq counts from the tubulointerstitial compartment from kidney biopsies.
GSE182380-RNAseq|GSM5528084	GSE182380-RNAseq	GSE182380	GSM5528084	pretrain	TUB	FSGS	text: Focal Segmental Glomerulosclerosis ; Tubulointerstitium from kidney biopsy			False	Sample_66 RNAseq counts from the tubulointerstitial compartment from kidney biopsies.
GSE182380-RNAseq|GSM5528085	GSE182380-RNAseq	GSE182380	GSM5528085	pretrain	TUB	FSGS	text: Focal Segmental Glomerulosclerosis ; Tubulointerstitium from kidney biopsy			False	Sample_141 RNAseq counts from the tubulointerstitial compartment from kidney biopsies.
GSE182380-RNAseq|GSM5528086	GSE182380-RNAseq	GSE182380	GSM5528086	pretrain	TUB	FSGS	text: Focal Segmental Glomerulosclerosis ; Tubulointerstitium from kidney biopsy			False	Sample_30 RNAseq counts from the tubulointerstitial compartment from kidney biopsies.
GSE182380-RNAseq|GSM5528087	GSE182380-RNAseq	GSE182380	GSM5528087	pretrain	TUB	MN	text: Membranous Nephropathy ; Tubulointerstitium from kidney biopsy			False	Sample_100 RNAseq counts from the tubulointerstitial compartment from kidney biopsies.
GSE182380-RNAseq|GSM5528088	GSE182380-RNAseq	GSE182380	GSM5528088	pretrain	TUB	MN	text: Membranous Nephropathy ; Tubulointerstitium from kidney biopsy			False	Sample_130 RNAseq counts from the tubulointerstitial compartment from kidney biopsies.
GSE182380-RNAseq|GSM5528089	GSE182380-RNAseq	GSE182380	GSM5528089	pretrain	TUB	MCD	text: Minimal Change Disease ; Tubulointerstitium from kidney biopsy			False	Sample_27 RNAseq counts from the tubulointerstitial compartment from kidney biopsies.
GSE182380-RNAseq|GSM5528090	GSE182380-RNAseq	GSE182380	GSM5528090	pretrain	TUB	MCD	text: Minimal Change Disease ; Tubulointerstitium from kidney biopsy			False	Sample_1 RNAseq counts from the tubulointerstitial compartment from kidney biopsies.
GSE182380-RNAseq|GSM5528091	GSE182380-RNAseq	GSE182380	GSM5528091	pretrain	TUB	FSGS	text: Focal Segmental Glomerulosclerosis ; Tubulointerstitium from kidney biopsy			False	Sample_153 RNAseq counts from the tubulointerstitial compartment from kidney biopsies.
GSE182380-RNAseq|GSM5528092	GSE182380-RNAseq	GSE182380	GSM5528092	pretrain	TUB	MN	text: Membranous Nephropathy ; Tubulointerstitium from kidney biopsy			False	Sample_45 RNAseq counts from the tubulointerstitial compartment from kidney biopsies.
GSE182380-RNAseq|GSM5528093	GSE182380-RNAseq	GSE182380	GSM5528093	pretrain	TUB	FSGS	text: Focal Segmental Glomerulosclerosis ; Tubulointerstitium from kidney biopsy			False	Sample_35 RNAseq counts from the tubulointerstitial compartment from kidney biopsies.
GSE182380-RNAseq|GSM5528094	GSE182380-RNAseq	GSE182380	GSM5528094	pretrain	TUB	MCD	text: Minimal Change Disease ; Tubulointerstitium from kidney biopsy			False	Sample_74 RNAseq counts from the tubulointerstitial compartment from kidney biopsies.
GSE182380-RNAseq|GSM5528095	GSE182380-RNAseq	GSE182380	GSM5528095	pretrain	TUB	FSGS	text: Focal Segmental Glomerulosclerosis ; Tubulointerstitium from kidney biopsy			False	Sample_179 RNAseq counts from the tubulointerstitial compartment from kidney biopsies.
GSE182380-RNAseq|GSM5528096	GSE182380-RNAseq	GSE182380	GSM5528096	pretrain	TUB	MN	text: Membranous Nephropathy ; Tubulointerstitium from kidney biopsy			False	Sample_25 RNAseq counts from the tubulointerstitial compartment from kidney biopsies.
GSE182380-RNAseq|GSM5528097	GSE182380-RNAseq	GSE182380	GSM5528097	pretrain	TUB	MN	text: Membranous Nephropathy ; Tubulointerstitium from kidney biopsy			False	Sample_194 RNAseq counts from the tubulointerstitial compartment from kidney biopsies.
GSE182380-RNAseq|GSM5528098	GSE182380-RNAseq	GSE182380	GSM5528098	pretrain	TUB	MN	text: Membranous Nephropathy ; Tubulointerstitium from kidney biopsy			False	Sample_42 RNAseq counts from the tubulointerstitial compartment from kidney biopsies.
GSE182380-RNAseq|GSM5528099	GSE182380-RNAseq	GSE182380	GSM5528099	pretrain	TUB	MN	text: Membranous Nephropathy ; Tubulointerstitium from kidney biopsy			False	Sample_55 RNAseq counts from the tubulointerstitial compartment from kidney biopsies.
GSE182380-RNAseq|GSM5528100	GSE182380-RNAseq	GSE182380	GSM5528100	pretrain	TUB	MN	text: Membranous Nephropathy ; Tubulointerstitium from kidney biopsy			False	Sample_145 RNAseq counts from the tubulointerstitial compartment from kidney biopsies.
GSE182380-RNAseq|GSM5528101	GSE182380-RNAseq	GSE182380	GSM5528101	pretrain	TUB	FSGS	text: Focal Segmental Glomerulosclerosis ; Tubulointerstitium from kidney biopsy			False	Sample_72 RNAseq counts from the tubulointerstitial compartment from kidney biopsies.
GSE182380-RNAseq|GSM5528102	GSE182380-RNAseq	GSE182380	GSM5528102	pretrain	TUB	OTHER	text: Other Nephrotic Syndrome ; Tubulointerstitium from kidney biopsy			False	Sample_20 RNAseq counts from the tubulointerstitial compartment from kidney biopsies.
GSE182380-RNAseq|GSM5528103	GSE182380-RNAseq	GSE182380	GSM5528103	pretrain	TUB	MN	text: Membranous Nephropathy ; Tubulointerstitium from kidney biopsy			False	Sample_37 RNAseq counts from the tubulointerstitial compartment from kidney biopsies.
GSE182380-RNAseq|GSM5528104	GSE182380-RNAseq	GSE182380	GSM5528104	pretrain	TUB	FSGS	text: Focal Segmental Glomerulosclerosis ; Tubulointerstitium from kidney biopsy			False	Sample_166 RNAseq counts from the tubulointerstitial compartment from kidney biopsies.
GSE182380-RNAseq|GSM5528105	GSE182380-RNAseq	GSE182380	GSM5528105	pretrain	TUB	FSGS	text: Focal Segmental Glomerulosclerosis ; Tubulointerstitium from kidney biopsy			False	Sample_111 RNAseq counts from the tubulointerstitial compartment from kidney biopsies.
GSE200818-GPL19983|GSM6044111	GSE200818-GPL19983	GSE200818	GSM6044111	pretrain	TUB	OTHER	NEPTUNE title code	NEPTUNE:TUB:Other:210		False	210_Other
GSE200818-GPL19983|GSM6044112	GSE200818-GPL19983	GSE200818	GSM6044112	pretrain	TUB	MN	NEPTUNE title code	NEPTUNE:TUB:MN:94		False	94_MN
GSE200818-GPL19983|GSM6044113	GSE200818-GPL19983	GSE200818	GSM6044113	pretrain	TUB	FSGS	NEPTUNE title code	NEPTUNE:TUB:FSGS:81		False	81_FSGS
GSE200818-GPL19983|GSM6044114	GSE200818-GPL19983	GSE200818	GSM6044114	pretrain	TUB	MN	NEPTUNE title code	NEPTUNE:TUB:MN:133		False	133_MN
GSE200818-GPL19983|GSM6044115	GSE200818-GPL19983	GSE200818	GSM6044115	pretrain	TUB	MN	NEPTUNE title code	NEPTUNE:TUB:MN:102		False	102_MN
GSE200818-GPL19983|GSM6044116	GSE200818-GPL19983	GSE200818	GSM6044116	pretrain	TUB	FSGS	NEPTUNE title code	NEPTUNE:TUB:FSGS:82		False	82_FSGS
GSE200818-GPL19983|GSM6044117	GSE200818-GPL19983	GSE200818	GSM6044117	pretrain	TUB	FSGS	NEPTUNE title code	NEPTUNE:TUB:FSGS:83		False	83_FSGS
GSE200818-GPL19983|GSM6044118	GSE200818-GPL19983	GSE200818	GSM6044118	pretrain	TUB	MN	NEPTUNE title code	NEPTUNE:TUB:MN:111		False	111_MN
GSE200818-GPL19983|GSM6044119	GSE200818-GPL19983	GSE200818	GSM6044119	pretrain	TUB	OTHER	NEPTUNE title code	NEPTUNE:TUB:Other:296		False	296_Other
GSE200818-GPL19983|GSM6044120	GSE200818-GPL19983	GSE200818	GSM6044120	pretrain	TUB	FSGS	NEPTUNE title code	NEPTUNE:TUB:FSGS:75		False	75_FSGS
GSE200818-GPL19983|GSM6044121	GSE200818-GPL19983	GSE200818	GSM6044121	pretrain	TUB	OTHER	NEPTUNE title code	NEPTUNE:TUB:Other:211		False	211_Other
GSE200818-GPL19983|GSM6044122	GSE200818-GPL19983	GSE200818	GSM6044122	pretrain	TUB	OTHER	NEPTUNE title code	NEPTUNE:TUB:Other:282		False	282_Other
GSE200818-GPL19983|GSM6044123	GSE200818-GPL19983	GSE200818	GSM6044123	pretrain	TUB	FSGS	NEPTUNE title code	NEPTUNE:TUB:FSGS:151		False	151_FSGS
GSE200818-GPL19983|GSM6044124	GSE200818-GPL19983	GSE200818	GSM6044124	pretrain	TUB	FSGS	NEPTUNE title code	NEPTUNE:TUB:FSGS:49		False	49_FSGS
GSE200818-GPL19983|GSM6044125	GSE200818-GPL19983	GSE200818	GSM6044125	pretrain	TUB	FSGS	NEPTUNE title code	NEPTUNE:TUB:FSGS:68		False	68_FSGS
GSE200818-GPL19983|GSM6044126	GSE200818-GPL19983	GSE200818	GSM6044126	pretrain	TUB	OTHER	NEPTUNE title code	NEPTUNE:TUB:Other:56		False	56_Other
GSE200818-GPL19983|GSM6044127	GSE200818-GPL19983	GSE200818	GSM6044127	pretrain	TUB	FSGS	NEPTUNE title code	NEPTUNE:TUB:FSGS:77		False	77_FSGS
GSE200818-GPL19983|GSM6044128	GSE200818-GPL19983	GSE200818	GSM6044128	pretrain	TUB	MN	NEPTUNE title code	NEPTUNE:TUB:MN:97		False	97_MN
GSE200818-GPL19983|GSM6044129	GSE200818-GPL19983	GSE200818	GSM6044129	pretrain	TUB	FSGS	NEPTUNE title code	NEPTUNE:TUB:FSGS:88		False	88_FSGS
GSE200818-GPL19983|GSM6044130	GSE200818-GPL19983	GSE200818	GSM6044130	pretrain	TUB	MN	NEPTUNE title code	NEPTUNE:TUB:MN:159		False	159_MN
GSE200818-GPL19983|GSM6044131	GSE200818-GPL19983	GSE200818	GSM6044131	pretrain	TUB	OTHER	NEPTUNE title code	NEPTUNE:TUB:Other:209		False	209_Other
GSE200818-GPL19983|GSM6044132	GSE200818-GPL19983	GSE200818	GSM6044132	pretrain	TUB	FSGS	NEPTUNE title code	NEPTUNE:TUB:FSGS:120		False	120_FSGS
GSE200818-GPL19983|GSM6044133	GSE200818-GPL19983	GSE200818	GSM6044133	pretrain	TUB	MN	NEPTUNE title code	NEPTUNE:TUB:MN:113		False	113_MN
GSE200818-GPL19983|GSM6044134	GSE200818-GPL19983	GSE200818	GSM6044134	pretrain	TUB	MN	NEPTUNE title code	NEPTUNE:TUB:MN:125		False	125_MN
GSE200818-GPL19983|GSM6044135	GSE200818-GPL19983	GSE200818	GSM6044135	pretrain	TUB	OTHER	NEPTUNE title code	NEPTUNE:TUB:Other:255		False	255_Other
GSE200818-GPL19983|GSM6044136	GSE200818-GPL19983	GSE200818	GSM6044136	pretrain	TUB	MN	NEPTUNE title code	NEPTUNE:TUB:MN:155		False	155_MN
GSE200818-GPL19983|GSM6044137	GSE200818-GPL19983	GSE200818	GSM6044137	pretrain	TUB	MN	NEPTUNE title code	NEPTUNE:TUB:MN:138		False	138_MN
GSE200818-GPL19983|GSM6044138	GSE200818-GPL19983	GSE200818	GSM6044138	pretrain	TUB	FSGS	NEPTUNE title code	NEPTUNE:TUB:FSGS:2		False	2_FSGS
GSE200818-GPL19983|GSM6044139	GSE200818-GPL19983	GSE200818	GSM6044139	pretrain	TUB	OTHER	NEPTUNE title code	NEPTUNE:TUB:Other:259		False	259_Other
GSE200818-GPL19983|GSM6044140	GSE200818-GPL19983	GSE200818	GSM6044140	pretrain	TUB	OTHER	NEPTUNE title code	NEPTUNE:TUB:Other:247		False	247_Other
GSE200818-GPL19983|GSM6044141	GSE200818-GPL19983	GSE200818	GSM6044141	pretrain	TUB	OTHER	NEPTUNE title code	NEPTUNE:TUB:Other:226		False	226_Other
GSE200818-GPL19983|GSM6044142	GSE200818-GPL19983	GSE200818	GSM6044142	pretrain	TUB	OTHER	NEPTUNE title code	NEPTUNE:TUB:Other:199		False	199_Other
GSE200818-GPL19983|GSM6044143	GSE200818-GPL19983	GSE200818	GSM6044143	pretrain	TUB	FSGS	NEPTUNE title code	NEPTUNE:TUB:FSGS:50		False	50_FSGS
GSE200818-GPL19983|GSM6044144	GSE200818-GPL19983	GSE200818	GSM6044144	pretrain	TUB	MN	NEPTUNE title code	NEPTUNE:TUB:MN:136		False	136_MN
GSE200818-GPL19983|GSM6044145	GSE200818-GPL19983	GSE200818	GSM6044145	pretrain	TUB	MCD	NEPTUNE title code	NEPTUNE:TUB:MCD:145		False	145_MCD
GSE200818-GPL19983|GSM6044146	GSE200818-GPL19983	GSE200818	GSM6044146	pretrain	TUB	OTHER	NEPTUNE title code	NEPTUNE:TUB:Other:213		False	213_Other
GSE200818-GPL19983|GSM6044147	GSE200818-GPL19983	GSE200818	GSM6044147	pretrain	TUB	FSGS	NEPTUNE title code	NEPTUNE:TUB:FSGS:153		False	153_FSGS
GSE200818-GPL19983|GSM6044148	GSE200818-GPL19983	GSE200818	GSM6044148	pretrain	TUB	OTHER	NEPTUNE title code	NEPTUNE:TUB:Other:180		False	180_Other
GSE200818-GPL19983|GSM6044149	GSE200818-GPL19983	GSE200818	GSM6044149	pretrain	TUB	FSGS	NEPTUNE title code	NEPTUNE:TUB:FSGS:116		False	116_FSGS
GSE200818-GPL19983|GSM6044150	GSE200818-GPL19983	GSE200818	GSM6044150	pretrain	TUB	OTHER	NEPTUNE title code	NEPTUNE:TUB:Other:256		False	256_Other
GSE200818-GPL19983|GSM6044151	GSE200818-GPL19983	GSE200818	GSM6044151	pretrain	TUB	OTHER	NEPTUNE title code	NEPTUNE:TUB:Other:183		False	183_Other
GSE200818-GPL19983|GSM6044152	GSE200818-GPL19983	GSE200818	GSM6044152	pretrain	TUB	MCD	NEPTUNE title code	NEPTUNE:TUB:MCD:128		False	128_MCD
GSE200818-GPL19983|GSM6044153	GSE200818-GPL19983	GSE200818	GSM6044153	pretrain	TUB	MN	NEPTUNE title code	NEPTUNE:TUB:MN:156		False	156_MN
GSE200818-GPL19983|GSM6044154	GSE200818-GPL19983	GSE200818	GSM6044154	pretrain	TUB	OTHER	NEPTUNE title code	NEPTUNE:TUB:Other:292		False	292_Other
GSE200818-GPL19983|GSM6044155	GSE200818-GPL19983	GSE200818	GSM6044155	pretrain	TUB	OTHER	NEPTUNE title code	NEPTUNE:TUB:Other:265		False	265_Other
GSE200818-GPL19983|GSM6044156	GSE200818-GPL19983	GSE200818	GSM6044156	pretrain	TUB	FSGS	NEPTUNE title code	NEPTUNE:TUB:FSGS:114		False	114_FSGS
GSE200818-GPL19983|GSM6044157	GSE200818-GPL19983	GSE200818	GSM6044157	pretrain	TUB	MN	NEPTUNE title code	NEPTUNE:TUB:MN:13		False	13_MN
GSE200818-GPL19983|GSM6044158	GSE200818-GPL19983	GSE200818	GSM6044158	pretrain	TUB	MN	NEPTUNE title code	NEPTUNE:TUB:MN:100		False	100_MN
GSE200818-GPL19983|GSM6044159	GSE200818-GPL19983	GSE200818	GSM6044159	pretrain	TUB	OTHER	NEPTUNE title code	NEPTUNE:TUB:Other:293		False	293_Other
GSE200818-GPL19983|GSM6044160	GSE200818-GPL19983	GSE200818	GSM6044160	pretrain	TUB	MN	NEPTUNE title code	NEPTUNE:TUB:MN:14		False	14_MN
GSE200818-GPL19983|GSM6044161	GSE200818-GPL19983	GSE200818	GSM6044161	pretrain	TUB	OTHER	NEPTUNE title code	NEPTUNE:TUB:Other:245		False	245_Other
GSE200818-GPL19983|GSM6044162	GSE200818-GPL19983	GSE200818	GSM6044162	pretrain	TUB	MN	NEPTUNE title code	NEPTUNE:TUB:MN:119		False	119_MN
GSE200818-GPL19983|GSM6044163	GSE200818-GPL19983	GSE200818	GSM6044163	pretrain	TUB	MN	NEPTUNE title code	NEPTUNE:TUB:MN:91		False	91_MN
GSE200818-GPL19983|GSM6044164	GSE200818-GPL19983	GSE200818	GSM6044164	pretrain	TUB	OTHER	NEPTUNE title code	NEPTUNE:TUB:Other:225		False	225_Other
GSE200818-GPL19983|GSM6044165	GSE200818-GPL19983	GSE200818	GSM6044165	pretrain	TUB	MCD	NEPTUNE title code	NEPTUNE:TUB:MCD:122		False	122_MCD
GSE200818-GPL19983|GSM6044166	GSE200818-GPL19983	GSE200818	GSM6044166	pretrain	TUB	MN	NEPTUNE title code	NEPTUNE:TUB:MN:131		False	131_MN
GSE200818-GPL19983|GSM6044167	GSE200818-GPL19983	GSE200818	GSM6044167	pretrain	TUB	OTHER	NEPTUNE title code	NEPTUNE:TUB:Other:244		False	244_Other
GSE200818-GPL19983|GSM6044168	GSE200818-GPL19983	GSE200818	GSM6044168	pretrain	TUB	MCD	NEPTUNE title code	NEPTUNE:TUB:MCD:4		False	4_MCD
GSE200818-GPL19983|GSM6044169	GSE200818-GPL19983	GSE200818	GSM6044169	pretrain	TUB	OTHER	NEPTUNE title code	NEPTUNE:TUB:Other:294		False	294_Other
GSE200818-GPL19983|GSM6044170	GSE200818-GPL19983	GSE200818	GSM6044170	pretrain	TUB	FSGS	NEPTUNE title code	NEPTUNE:TUB:FSGS:104		False	104_FSGS
GSE200818-GPL19983|GSM6044171	GSE200818-GPL19983	GSE200818	GSM6044171	pretrain	TUB	OTHER	NEPTUNE title code	NEPTUNE:TUB:Other:262		False	262_Other
GSE200818-GPL19983|GSM6044172	GSE200818-GPL19983	GSE200818	GSM6044172	pretrain	TUB	FSGS	NEPTUNE title code	NEPTUNE:TUB:FSGS:47		False	47_FSGS
GSE200818-GPL19983|GSM6044173	GSE200818-GPL19983	GSE200818	GSM6044173	pretrain	TUB	OTHER	NEPTUNE title code	NEPTUNE:TUB:Other:252		False	252_Other
GSE200818-GPL19983|GSM6044174	GSE200818-GPL19983	GSE200818	GSM6044174	pretrain	TUB	FSGS	NEPTUNE title code	NEPTUNE:TUB:FSGS:95		False	95_FSGS
GSE200818-GPL19983|GSM6044175	GSE200818-GPL19983	GSE200818	GSM6044175	pretrain	TUB	OTHER	NEPTUNE title code	NEPTUNE:TUB:Other:170		False	170_Other
GSE200818-GPL19983|GSM6044176	GSE200818-GPL19983	GSE200818	GSM6044176	pretrain	TUB	FSGS	NEPTUNE title code	NEPTUNE:TUB:FSGS:121		False	121_FSGS
GSE200818-GPL19983|GSM6044177	GSE200818-GPL19983	GSE200818	GSM6044177	pretrain	TUB	OTHER	NEPTUNE title code	NEPTUNE:TUB:Other:57		False	57_Other
GSE200818-GPL19983|GSM6044178	GSE200818-GPL19983	GSE200818	GSM6044178	pretrain	TUB	OTHER	NEPTUNE title code	NEPTUNE:TUB:Other:237		False	237_Other
GSE200818-GPL19983|GSM6044179	GSE200818-GPL19983	GSE200818	GSM6044179	pretrain	TUB	MN	NEPTUNE title code	NEPTUNE:TUB:MN:124		False	124_MN
GSE200818-GPL19983|GSM6044180	GSE200818-GPL19983	GSE200818	GSM6044180	pretrain	TUB	OTHER	NEPTUNE title code	NEPTUNE:TUB:Other:185		False	185_Other
GSE200818-GPL19983|GSM6044181	GSE200818-GPL19983	GSE200818	GSM6044181	pretrain	TUB	MN	NEPTUNE title code	NEPTUNE:TUB:MN:147		False	147_MN
GSE200818-GPL19983|GSM6044182	GSE200818-GPL19983	GSE200818	GSM6044182	pretrain	TUB	FSGS	NEPTUNE title code	NEPTUNE:TUB:FSGS:87		False	87_FSGS
GSE200818-GPL19983|GSM6044183	GSE200818-GPL19983	GSE200818	GSM6044183	pretrain	TUB	OTHER	NEPTUNE title code	NEPTUNE:TUB:Other:275		False	275_Other
GSE200818-GPL19983|GSM6044184	GSE200818-GPL19983	GSE200818	GSM6044184	pretrain	TUB	FSGS	NEPTUNE title code	NEPTUNE:TUB:FSGS:5		False	5_FSGS
GSE200818-GPL19983|GSM6044185	GSE200818-GPL19983	GSE200818	GSM6044185	pretrain	TUB	FSGS	NEPTUNE title code	NEPTUNE:TUB:FSGS:78		False	78_FSGS
GSE200818-GPL19983|GSM6044186	GSE200818-GPL19983	GSE200818	GSM6044186	pretrain	TUB	OTHER	NEPTUNE title code	NEPTUNE:TUB:Other:189		False	189_Other
GSE200818-GPL19983|GSM6044187	GSE200818-GPL19983	GSE200818	GSM6044187	pretrain	TUB	FSGS	NEPTUNE title code	NEPTUNE:TUB:FSGS:92		False	92_FSGS
GSE200818-GPL19983|GSM6044188	GSE200818-GPL19983	GSE200818	GSM6044188	pretrain	TUB	OTHER	NEPTUNE title code	NEPTUNE:TUB:Other:196		False	196_Other
GSE200818-GPL19983|GSM6044189	GSE200818-GPL19983	GSE200818	GSM6044189	pretrain	TUB	MN	NEPTUNE title code	NEPTUNE:TUB:MN:107		False	107_MN
GSE200818-GPL19983|GSM6044190	GSE200818-GPL19983	GSE200818	GSM6044190	pretrain	TUB	MN	NEPTUNE title code	NEPTUNE:TUB:MN:101		False	101_MN
GSE200818-GPL19983|GSM6044191	GSE200818-GPL19983	GSE200818	GSM6044191	pretrain	TUB	MN	NEPTUNE title code	NEPTUNE:TUB:MN:105		False	105_MN
GSE200818-GPL19983|GSM6044192	GSE200818-GPL19983	GSE200818	GSM6044192	pretrain	TUB	MCD	NEPTUNE title code	NEPTUNE:TUB:MCD:158		False	158_MCD
GSE200818-GPL19983|GSM6044193	GSE200818-GPL19983	GSE200818	GSM6044193	pretrain	TUB	MCD	NEPTUNE title code	NEPTUNE:TUB:MCD:108		False	108_MCD
GSE200818-GPL19983|GSM6044194	GSE200818-GPL19983	GSE200818	GSM6044194	pretrain	TUB	FSGS	NEPTUNE title code	NEPTUNE:TUB:FSGS:71		False	71_FSGS
GSE200818-GPL19983|GSM6044195	GSE200818-GPL19983	GSE200818	GSM6044195	pretrain	TUB	OTHER	NEPTUNE title code	NEPTUNE:TUB:Other:217		False	217_Other
GSE200818-GPL19983|GSM6044196	GSE200818-GPL19983	GSE200818	GSM6044196	pretrain	TUB	MN	NEPTUNE title code	NEPTUNE:TUB:MN:103		False	103_MN
GSE200818-GPL19983|GSM6044197	GSE200818-GPL19983	GSE200818	GSM6044197	pretrain	TUB	MN	NEPTUNE title code	NEPTUNE:TUB:MN:127		False	127_MN
GSE200818-GPL19983|GSM6044198	GSE200818-GPL19983	GSE200818	GSM6044198	pretrain	TUB	MN	NEPTUNE title code	NEPTUNE:TUB:MN:154		False	154_MN
GSE200818-GPL19983|GSM6044199	GSE200818-GPL19983	GSE200818	GSM6044199	pretrain	TUB	MN	NEPTUNE title code	NEPTUNE:TUB:MN:11		False	11_MN
GSE200818-GPL19983|GSM6044200	GSE200818-GPL19983	GSE200818	GSM6044200	pretrain	TUB	MCD	NEPTUNE title code	NEPTUNE:TUB:MCD:6		False	6_MCD
GSE200818-GPL19983|GSM6044201	GSE200818-GPL19983	GSE200818	GSM6044201	pretrain	TUB	FSGS	NEPTUNE title code	NEPTUNE:TUB:FSGS:1		False	1_FSGS
GSE200818-GPL19983|GSM6044202	GSE200818-GPL19983	GSE200818	GSM6044202	pretrain	TUB	OTHER	NEPTUNE title code	NEPTUNE:TUB:Other:179		False	179_Other
GSE200818-GPL19983|GSM6044203	GSE200818-GPL19983	GSE200818	GSM6044203	pretrain	TUB	OTHER	NEPTUNE title code	NEPTUNE:TUB:Other:215		False	215_Other
GSE200818-GPL19983|GSM6044204	GSE200818-GPL19983	GSE200818	GSM6044204	pretrain	TUB	FSGS	NEPTUNE title code	NEPTUNE:TUB:FSGS:51		False	51_FSGS
GSE200818-GPL19983|GSM6044205	GSE200818-GPL19983	GSE200818	GSM6044205	pretrain	TUB	MCD	NEPTUNE title code	NEPTUNE:TUB:MCD:132		False	132_MCD
GSE200818-GPL19983|GSM6044206	GSE200818-GPL19983	GSE200818	GSM6044206	pretrain	TUB	MN	NEPTUNE title code	NEPTUNE:TUB:MN:229		False	229_MN
GSE200818-GPL19983|GSM6044207	GSE200818-GPL19983	GSE200818	GSM6044207	pretrain	TUB	CONTROL	NEPTUNE title code	NEPTUNE:TUB:LD:1		False	1_LivingDonor
GSE200818-GPL19983|GSM6044208	GSE200818-GPL19983	GSE200818	GSM6044208	pretrain	TUB	CONTROL	NEPTUNE title code	NEPTUNE:TUB:LD:2		False	2_LivingDonor
GSE200818-GPL19983|GSM6044209	GSE200818-GPL19983	GSE200818	GSM6044209	pretrain	TUB	CONTROL	NEPTUNE title code	NEPTUNE:TUB:LD:7		False	7_LivingDonor
GSE200818-GPL19983|GSM6044210	GSE200818-GPL19983	GSE200818	GSM6044210	pretrain	TUB	CONTROL	NEPTUNE title code	NEPTUNE:TUB:LD:3		False	3_LivingDonor
GSE200818-GPL19983|GSM6044211	GSE200818-GPL19983	GSE200818	GSM6044211	pretrain	TUB	CONTROL	NEPTUNE title code	NEPTUNE:TUB:LD:6		False	6_LivingDonor
GSE200818-GPL19983|GSM6044212	GSE200818-GPL19983	GSE200818	GSM6044212	pretrain	TUB	MCD	NEPTUNE title code	NEPTUNE:TUB:MCD:144		False	144_MCD
GSE200818-GPL19983|GSM6044213	GSE200818-GPL19983	GSE200818	GSM6044213	pretrain	TUB	MN	NEPTUNE title code	NEPTUNE:TUB:MN:123		False	123_MN
GSE200818-GPL19983|GSM6044214	GSE200818-GPL19983	GSE200818	GSM6044214	pretrain	TUB	MN	NEPTUNE title code	NEPTUNE:TUB:MN:118		False	118_MN
GSE200818-GPL19983|GSM6044215	GSE200818-GPL19983	GSE200818	GSM6044215	pretrain	TUB	FSGS	NEPTUNE title code	NEPTUNE:TUB:FSGS:19		False	19_FSGS
GSE200818-GPL19983|GSM6044216	GSE200818-GPL19983	GSE200818	GSM6044216	pretrain	TUB	FSGS	NEPTUNE title code	NEPTUNE:TUB:FSGS:72		False	72_FSGS
GSE200818-GPL19983|GSM6044217	GSE200818-GPL19983	GSE200818	GSM6044217	pretrain	TUB	MCD	NEPTUNE title code	NEPTUNE:TUB:MCD:33		False	33_MCD
GSE200818-GPL19983|GSM6044218	GSE200818-GPL19983	GSE200818	GSM6044218	pretrain	TUB	MN	NEPTUNE title code	NEPTUNE:TUB:MN:99		False	99_MN
GSE200818-GPL19983|GSM6044219	GSE200818-GPL19983	GSE200818	GSM6044219	pretrain	TUB	MN	NEPTUNE title code	NEPTUNE:TUB:MN:148		False	148_MN
GSE200818-GPL19983|GSM6044220	GSE200818-GPL19983	GSE200818	GSM6044220	pretrain	TUB	MCD	NEPTUNE title code	NEPTUNE:TUB:MCD:150		False	150_MCD
GSE200818-GPL19983|GSM6044221	GSE200818-GPL19983	GSE200818	GSM6044221	pretrain	TUB	MN	NEPTUNE title code	NEPTUNE:TUB:MN:39		False	39_MN
GSE200818-GPL19983|GSM6044222	GSE200818-GPL19983	GSE200818	GSM6044222	pretrain	TUB	MN	NEPTUNE title code	NEPTUNE:TUB:MN:109		False	109_MN
GSE200818-GPL19983|GSM6044223	GSE200818-GPL19983	GSE200818	GSM6044223	pretrain	TUB	MN	NEPTUNE title code	NEPTUNE:TUB:MN:129		False	129_MN
GSE200818-GPL19983|GSM6044224	GSE200818-GPL19983	GSE200818	GSM6044224	pretrain	TUB	FSGS	NEPTUNE title code	NEPTUNE:TUB:FSGS:112		False	112_FSGS
GSE200818-GPL19983|GSM6044225	GSE200818-GPL19983	GSE200818	GSM6044225	pretrain	TUB	MN	NEPTUNE title code	NEPTUNE:TUB:MN:36		False	36_MN
GSE200818-GPL19983|GSM6044226	GSE200818-GPL19983	GSE200818	GSM6044226	pretrain	TUB	MN	NEPTUNE title code	NEPTUNE:TUB:MN:152		False	152_MN
GSE200818-GPL19983|GSM6044227	GSE200818-GPL19983	GSE200818	GSM6044227	pretrain	TUB	OTHER	NEPTUNE title code	NEPTUNE:TUB:Other:200		False	200_Other
GSE200818-GPL19983|GSM6044228	GSE200818-GPL19983	GSE200818	GSM6044228	pretrain	TUB	FSGS	NEPTUNE title code	NEPTUNE:TUB:FSGS:69		False	69_FSGS
GSE200818-GPL19983|GSM6044229	GSE200818-GPL19983	GSE200818	GSM6044229	pretrain	TUB	FSGS	NEPTUNE title code	NEPTUNE:TUB:FSGS:66		False	66_FSGS
GSE200818-GPL19983|GSM6044230	GSE200818-GPL19983	GSE200818	GSM6044230	pretrain	TUB	MCD	NEPTUNE title code	NEPTUNE:TUB:MCD:130		False	130_MCD
GSE200818-GPL19983|GSM6044231	GSE200818-GPL19983	GSE200818	GSM6044231	pretrain	TUB	MCD	NEPTUNE title code	NEPTUNE:TUB:MCD:157		False	157_MCD
GSE200818-GPL19983|GSM6044232	GSE200818-GPL19983	GSE200818	GSM6044232	pretrain	TUB	FSGS	NEPTUNE title code	NEPTUNE:TUB:FSGS:62		False	62_FSGS
GSE200818-GPL19983|GSM6044233	GSE200818-GPL19983	GSE200818	GSM6044233	pretrain	TUB	MN	NEPTUNE title code	NEPTUNE:TUB:MN:37		False	37_MN
GSE200818-GPL19983|GSM6044234	GSE200818-GPL19983	GSE200818	GSM6044234	pretrain	TUB	MCD	NEPTUNE title code	NEPTUNE:TUB:MCD:117		False	117_MCD
GSE200818-GPL19983|GSM6044235	GSE200818-GPL19983	GSE200818	GSM6044235	pretrain	TUB	MN	NEPTUNE title code	NEPTUNE:TUB:MN:146		False	146_MN
GSE200818-GPL19983|GSM6044236	GSE200818-GPL19983	GSE200818	GSM6044236	pretrain	TUB	OTHER	NEPTUNE title code	NEPTUNE:TUB:Other:223		False	223_Other
GSE200818-GPL19983|GSM6044237	GSE200818-GPL19983	GSE200818	GSM6044237	pretrain	TUB	FSGS	NEPTUNE title code	NEPTUNE:TUB:FSGS:85		False	85_FSGS
GSE200818-GPL19983|GSM6044238	GSE200818-GPL19983	GSE200818	GSM6044238	pretrain	TUB	MN	NEPTUNE title code	NEPTUNE:TUB:MN:40		False	40_MN
GSE200818-GPL19983|GSM6044239	GSE200818-GPL19983	GSE200818	GSM6044239	pretrain	TUB	OTHER	NEPTUNE title code	NEPTUNE:TUB:Other:257		False	257_Other
GSE200818-GPL19983|GSM6044240	GSE200818-GPL19983	GSE200818	GSM6044240	pretrain	TUB	FSGS	NEPTUNE title code	NEPTUNE:TUB:FSGS:26		False	26_FSGS
GSE200818-GPL19983|GSM6044241	GSE200818-GPL19983	GSE200818	GSM6044241	pretrain	TUB	FSGS	NEPTUNE title code	NEPTUNE:TUB:FSGS:70		False	70_FSGS
GSE200818-GPL19983|GSM6044242	GSE200818-GPL19983	GSE200818	GSM6044242	pretrain	TUB	MN	NEPTUNE title code	NEPTUNE:TUB:MN:110		False	110_MN
GSE200818-GPL19983|GSM6044243	GSE200818-GPL19983	GSE200818	GSM6044243	pretrain	TUB	FSGS	NEPTUNE title code	NEPTUNE:TUB:FSGS:65		False	65_FSGS
GSE200818-GPL19983|GSM6044244	GSE200818-GPL19983	GSE200818	GSM6044244	pretrain	TUB	OTHER	NEPTUNE title code	NEPTUNE:TUB:Other:281		False	281_Other
GSE200818-GPL19983|GSM6044245	GSE200818-GPL19983	GSE200818	GSM6044245	pretrain	TUB	MCD	NEPTUNE title code	NEPTUNE:TUB:MCD:160		False	160_MCD
GSE200818-GPL19983|GSM6044246	GSE200818-GPL19983	GSE200818	GSM6044246	pretrain	TUB	OTHER	NEPTUNE title code	NEPTUNE:TUB:Other:240		False	240_Other
GSE200818-GPL19983|GSM6044247	GSE200818-GPL19983	GSE200818	GSM6044247	pretrain	TUB	MN	NEPTUNE title code	NEPTUNE:TUB:MN:134		False	134_MN
GSE200818-GPL19983|GSM6044248	GSE200818-GPL19983	GSE200818	GSM6044248	pretrain	TUB	FSGS	NEPTUNE title code	NEPTUNE:TUB:FSGS:29		False	29_FSGS
GSE200818-GPL19983|GSM6044249	GSE200818-GPL19983	GSE200818	GSM6044249	pretrain	TUB	FSGS	NEPTUNE title code	NEPTUNE:TUB:FSGS:142		False	142_FSGS
GSE200818-GPL19983|GSM6044250	GSE200818-GPL19983	GSE200818	GSM6044250	pretrain	TUB	OTHER	NEPTUNE title code	NEPTUNE:TUB:Other:291		False	291_Other
GSE200818-GPL19983|GSM6044251	GSE200818-GPL19983	GSE200818	GSM6044251	pretrain	TUB	MCD	NEPTUNE title code	NEPTUNE:TUB:MCD:143		False	143_MCD
GSE200818-GPL19983|GSM6044252	GSE200818-GPL19983	GSE200818	GSM6044252	pretrain	TUB	FSGS	NEPTUNE title code	NEPTUNE:TUB:FSGS:272		False	272_FSGS
GSE200818-GPL19983|GSM6044253	GSE200818-GPL19983	GSE200818	GSM6044253	pretrain	TUB	MCD	NEPTUNE title code	NEPTUNE:TUB:MCD:140		False	140_MCD
GSE200818-GPL19983|GSM6044254	GSE200818-GPL19983	GSE200818	GSM6044254	pretrain	TUB	OTHER	NEPTUNE title code	NEPTUNE:TUB:Other:289		False	289_Other
GSE200818-GPL19983|GSM6044255	GSE200818-GPL19983	GSE200818	GSM6044255	pretrain	TUB	OTHER	NEPTUNE title code	NEPTUNE:TUB:Other:166		False	166_Other
GSE200818-GPL19983|GSM6044256	GSE200818-GPL19983	GSE200818	GSM6044256	pretrain	TUB	FSGS	NEPTUNE title code	NEPTUNE:TUB:FSGS:67		False	67_FSGS
GSE200818-GPL19983|GSM6044257	GSE200818-GPL19983	GSE200818	GSM6044257	pretrain	TUB	OTHER	NEPTUNE title code	NEPTUNE:TUB:Other:278		False	278_Other
GSE200818-GPL19983|GSM6044258	GSE200818-GPL19983	GSE200818	GSM6044258	pretrain	TUB	FSGS	NEPTUNE title code	NEPTUNE:TUB:FSGS:31		False	31_FSGS
GSE200818-GPL19983|GSM6044259	GSE200818-GPL19983	GSE200818	GSM6044259	pretrain	TUB	MN	NEPTUNE title code	NEPTUNE:TUB:MN:288		False	288_MN
GSE200818-GPL19983|GSM6044260	GSE200818-GPL19983	GSE200818	GSM6044260	pretrain	TUB	FSGS	NEPTUNE title code	NEPTUNE:TUB:FSGS:80		False	80_FSGS
GSE200818-GPL19983|GSM6044261	GSE200818-GPL19983	GSE200818	GSM6044261	pretrain	TUB	MN	NEPTUNE title code	NEPTUNE:TUB:MN:135		False	135_MN
GSE200818-GPL19983|GSM6044262	GSE200818-GPL19983	GSE200818	GSM6044262	pretrain	TUB	OTHER	NEPTUNE title code	NEPTUNE:TUB:Other:290		False	290_Other
GSE200818-GPL19983|GSM6044263	GSE200818-GPL19983	GSE200818	GSM6044263	pretrain	TUB	MCD	NEPTUNE title code	NEPTUNE:TUB:MCD:234		False	234_MCD
GSE200818-GPL19983|GSM6044264	GSE200818-GPL19983	GSE200818	GSM6044264	pretrain	TUB	MCD	NEPTUNE title code	NEPTUNE:TUB:MCD:106		False	106_MCD
GSE200818-GPL19983|GSM6044265	GSE200818-GPL19983	GSE200818	GSM6044265	pretrain	TUB	FSGS	NEPTUNE title code	NEPTUNE:TUB:FSGS:20		False	20_FSGS
GSE200818-GPL19983|GSM6044266	GSE200818-GPL19983	GSE200818	GSM6044266	pretrain	TUB	MCD	NEPTUNE title code	NEPTUNE:TUB:MCD:126		False	126_MCD
GSE200818-GPL19983|GSM6044267	GSE200818-GPL19983	GSE200818	GSM6044267	pretrain	TUB	OTHER	NEPTUNE title code	NEPTUNE:TUB:Other:181		False	181_Other
GSE200818-GPL19983|GSM6044268	GSE200818-GPL19983	GSE200818	GSM6044268	pretrain	TUB	OTHER	NEPTUNE title code	NEPTUNE:TUB:Other:238		False	238_Other
GSE200818-GPL19983|GSM6044269	GSE200818-GPL19983	GSE200818	GSM6044269	pretrain	TUB	MCD	NEPTUNE title code	NEPTUNE:TUB:MCD:149		False	149_MCD
GSE200818-GPL19983|GSM6044270	GSE200818-GPL19983	GSE200818	GSM6044270	pretrain	TUB	OTHER	NEPTUNE title code	NEPTUNE:TUB:Other:207		False	207_Other
GSE200818-GPL19983|GSM6044271	GSE200818-GPL19983	GSE200818	GSM6044271	pretrain	TUB	OTHER	NEPTUNE title code	NEPTUNE:TUB:Other:212		False	212_Other
GSE200818-GPL19983|GSM6044272	GSE200818-GPL19983	GSE200818	GSM6044272	pretrain	TUB	OTHER	NEPTUNE title code	NEPTUNE:TUB:Other:287		False	287_Other
GSE200818-GPL19983|GSM6044273	GSE200818-GPL19983	GSE200818	GSM6044273	pretrain	TUB	MN	NEPTUNE title code	NEPTUNE:TUB:MN:38		False	38_MN
GSE200818-GPL19983|GSM6044274	GSE200818-GPL19983	GSE200818	GSM6044274	pretrain	TUB	FSGS	NEPTUNE title code	NEPTUNE:TUB:FSGS:96		False	96_FSGS
GSE200818-GPL19983|GSM6044275	GSE200818-GPL19983	GSE200818	GSM6044275	pretrain	TUB	OTHER	NEPTUNE title code	NEPTUNE:TUB:Other:192		False	192_Other
GSE200818-GPL19983|GSM6044276	GSE200818-GPL19983	GSE200818	GSM6044276	pretrain	TUB	FSGS	NEPTUNE title code	NEPTUNE:TUB:FSGS:21		False	21_FSGS
GSE200818-GPL19983|GSM6044277	GSE200818-GPL19983	GSE200818	GSM6044277	pretrain	TUB	OTHER	NEPTUNE title code	NEPTUNE:TUB:Other:214		False	214_Other
GSE200818-GPL19983|GSM6044278	GSE200818-GPL19983	GSE200818	GSM6044278	pretrain	TUB	OTHER	NEPTUNE title code	NEPTUNE:TUB:Other:220		False	220_Other
GSE200818-GPL19983|GSM6044279	GSE200818-GPL19983	GSE200818	GSM6044279	pretrain	TUB	MCD	NEPTUNE title code	NEPTUNE:TUB:MCD:139		False	139_MCD
GSE200818-GPL19983|GSM6044280	GSE200818-GPL19983	GSE200818	GSM6044280	pretrain	TUB	FSGS	NEPTUNE title code	NEPTUNE:TUB:FSGS:12		False	12_FSGS
GSE200818-GPL19983|GSM6044281	GSE200818-GPL19983	GSE200818	GSM6044281	pretrain	TUB	FSGS	NEPTUNE title code	NEPTUNE:TUB:FSGS:579		False	579_FSGS
GSE200818-GPL19983|GSM6044282	GSE200818-GPL19983	GSE200818	GSM6044282	pretrain	TUB	OTHER	NEPTUNE title code	NEPTUNE:TUB:Other:570		False	570_Other
GSE200818-GPL19983|GSM6044283	GSE200818-GPL19983	GSE200818	GSM6044283	pretrain	TUB	MCD	NEPTUNE title code	NEPTUNE:TUB:MCD:585		False	585_MCD
GSE200818-GPL19983|GSM6044284	GSE200818-GPL19983	GSE200818	GSM6044284	pretrain	TUB	MN	NEPTUNE title code	NEPTUNE:TUB:MN:115		False	115_MN
GSE200818-GPL19983|GSM6044285	GSE200818-GPL19983	GSE200818	GSM6044285	pretrain	TUB	MCD	NEPTUNE title code	NEPTUNE:TUB:MCD:578		False	578_MCD
GSE200818-GPL19983|GSM6044286	GSE200818-GPL19983	GSE200818	GSM6044286	pretrain	TUB	FSGS	NEPTUNE title code	NEPTUNE:TUB:FSGS:576		False	576_FSGS
GSE200818-GPL19983|GSM6044287	GSE200818-GPL19983	GSE200818	GSM6044287	pretrain	TUB	MCD	NEPTUNE title code	NEPTUNE:TUB:MCD:574		False	574_MCD
GSE200818-GPL19983|GSM6044288	GSE200818-GPL19983	GSE200818	GSM6044288	pretrain	TUB	OTHER	NEPTUNE title code	NEPTUNE:TUB:Other:719		False	719_Other
GSE200818-GPL19983|GSM6044289	GSE200818-GPL19983	GSE200818	GSM6044289	pretrain	TUB	FSGS	NEPTUNE title code	NEPTUNE:TUB:FSGS:64		False	64_FSGS
GSE200818-GPL19983|GSM6044290	GSE200818-GPL19983	GSE200818	GSM6044290	pretrain	TUB	MCD	NEPTUNE title code	NEPTUNE:TUB:MCD:577		False	577_MCD
GSE200818-GPL19983|GSM6044291	GSE200818-GPL19983	GSE200818	GSM6044291	pretrain	TUB	OTHER	NEPTUNE title code	NEPTUNE:TUB:Other:573		False	573_Other
GSE200818-GPL19983|GSM6044292	GSE200818-GPL19983	GSE200818	GSM6044292	pretrain	TUB	MN	NEPTUNE title code	NEPTUNE:TUB:MN:583		False	583_MN
GSE200818-GPL19983|GSM6044293	GSE200818-GPL19983	GSE200818	GSM6044293	pretrain	TUB	MCD	NEPTUNE title code	NEPTUNE:TUB:MCD:580		False	580_MCD
GSE200818-GPL19983|GSM6044294	GSE200818-GPL19983	GSE200818	GSM6044294	pretrain	TUB	MN	NEPTUNE title code	NEPTUNE:TUB:MN:571		False	571_MN
GSE200818-GPL19983|GSM6044295	GSE200818-GPL19983	GSE200818	GSM6044295	pretrain	TUB	MCD	NEPTUNE title code	NEPTUNE:TUB:MCD:575		False	575_MCD
GSE200818-GPL19983|GSM6044296	GSE200818-GPL19983	GSE200818	GSM6044296	pretrain	TUB	FSGS	NEPTUNE title code	NEPTUNE:TUB:FSGS:581		False	581_FSGS
GSE200818-GPL19983|GSM6044297	GSE200818-GPL19983	GSE200818	GSM6044297	pretrain	TUB	FSGS	NEPTUNE title code	NEPTUNE:TUB:FSGS:582		False	582_FSGS
GSE200818-GPL19983|GSM6044298	GSE200818-GPL19983	GSE200818	GSM6044298	pretrain	TUB	FSGS	NEPTUNE title code	NEPTUNE:TUB:FSGS:721		False	721_FSGS
GSE200818-GPL19983|GSM6044299	GSE200818-GPL19983	GSE200818	GSM6044299	pretrain	TUB	MCD	NEPTUNE title code	NEPTUNE:TUB:MCD:722		False	722_MCD
GSE200818-GPL19983|GSM6044300	GSE200818-GPL19983	GSE200818	GSM6044300	pretrain	TUB	OTHER	NEPTUNE title code	NEPTUNE:TUB:Other:572		False	572_Other
GSE200818-GPL19983|GSM6044301	GSE200818-GPL19983	GSE200818	GSM6044301	pretrain	TUB	FSGS	NEPTUNE title code	NEPTUNE:TUB:FSGS:723		False	723_FSGS
GSE200818-GPL19983|GSM6044302	GSE200818-GPL19983	GSE200818	GSM6044302	pretrain	TUB	MCD	NEPTUNE title code	NEPTUNE:TUB:MCD:586		False	586_MCD
GSE200818-GPL19983|GSM6044303	GSE200818-GPL19983	GSE200818	GSM6044303	pretrain	TUB	FSGS	NEPTUNE title code	NEPTUNE:TUB:FSGS:584		False	584_FSGS
GSE30528-GPL571CEL|GSM756992	GSE30528-GPL571CEL	GSE30528	GSM756992	eval_T1	GLOM	DKD	CEL meta group: DKD			False	Diabetic Human Kidney 40, Glomeruli
GSE30528-GPL571CEL|GSM756993	GSE30528-GPL571CEL	GSE30528	GSM756993	eval_T1	GLOM	DKD	CEL meta group: DKD			False	Diabetic Human Kidney 48, Glomeruli
GSE30528-GPL571CEL|GSM756994	GSE30528-GPL571CEL	GSE30528	GSM756994	eval_T1	GLOM	DKD	CEL meta group: DKD			False	Diabetic Human Kidney 62, Glomeruli
GSE30528-GPL571CEL|GSM756995	GSE30528-GPL571CEL	GSE30528	GSM756995	eval_T1	GLOM	DKD	CEL meta group: DKD			False	Diabetic Human Kidney 67, Glomeruli
GSE30528-GPL571CEL|GSM756996	GSE30528-GPL571CEL	GSE30528	GSM756996	eval_T1	GLOM	DKD	CEL meta group: DKD			False	Diabetic Human Kidney 151, Glomeruli
GSE30528-GPL571CEL|GSM756997	GSE30528-GPL571CEL	GSE30528	GSM756997	eval_T1	GLOM	DKD	CEL meta group: DKD			False	Diabetic Human Kidney 158, Glomeruli
GSE30528-GPL571CEL|GSM756998	GSE30528-GPL571CEL	GSE30528	GSM756998	eval_T1	GLOM	DKD	CEL meta group: DKD			False	Diabetic Human Kidney 164, Glomeruli
GSE30528-GPL571CEL|GSM756999	GSE30528-GPL571CEL	GSE30528	GSM756999	eval_T1	GLOM	DKD	CEL meta group: DKD			False	Diabetic Human Kidney 168, Glomeruli
GSE30528-GPL571CEL|GSM757000	GSE30528-GPL571CEL	GSE30528	GSM757000	eval_T1	GLOM	DKD	CEL meta group: DKD			False	Diabetic Human Kidney 178, Glomeruli
GSE30528-GPL571CEL|GSM757001	GSE30528-GPL571CEL	GSE30528	GSM757001	eval_T1	GLOM	CONTROL	CEL meta group: Control			False	Control Human Kidney 33, Glomeruli
GSE30528-GPL571CEL|GSM757002	GSE30528-GPL571CEL	GSE30528	GSM757002	eval_T1	GLOM	CONTROL	CEL meta group: Control			False	Control Human Kidney 34, Glomeruli
GSE30528-GPL571CEL|GSM757003	GSE30528-GPL571CEL	GSE30528	GSM757003	eval_T1	GLOM	CONTROL	CEL meta group: Control			False	Control Human Kidney 76, Glomeruli
GSE30528-GPL571CEL|GSM757004	GSE30528-GPL571CEL	GSE30528	GSM757004	eval_T1	GLOM	CONTROL	CEL meta group: Control			False	Control Human Kidney 77, Glomeruli
GSE30528-GPL571CEL|GSM757005	GSE30528-GPL571CEL	GSE30528	GSM757005	eval_T1	GLOM	CONTROL	CEL meta group: Control			False	Control Human Kidney 81, Glomeruli
GSE30528-GPL571CEL|GSM757006	GSE30528-GPL571CEL	GSE30528	GSM757006	eval_T1	GLOM	CONTROL	CEL meta group: Control			False	Control Human Kidney 82, Glomeruli
GSE30528-GPL571CEL|GSM757007	GSE30528-GPL571CEL	GSE30528	GSM757007	eval_T1	GLOM	CONTROL	CEL meta group: Control			False	Control Human Kidney 83, Glomeruli
GSE30528-GPL571CEL|GSM757008	GSE30528-GPL571CEL	GSE30528	GSM757008	eval_T1	GLOM	CONTROL	CEL meta group: Control			False	Control Human Kidney 100, Glomeruli
GSE30528-GPL571CEL|GSM757009	GSE30528-GPL571CEL	GSE30528	GSM757009	eval_T1	GLOM	CONTROL	CEL meta group: Control			False	Control Human Kidney 110, Glomeruli
GSE30528-GPL571CEL|GSM757010	GSE30528-GPL571CEL	GSE30528	GSM757010	eval_T1	GLOM	CONTROL	CEL meta group: Control			False	Control Human Kidney 119, Glomeruli
GSE30528-GPL571CEL|GSM757011	GSE30528-GPL571CEL	GSE30528	GSM757011	eval_T1	GLOM	CONTROL	CEL meta group: Control			False	Control Human Kidney 123, Glomeruli
GSE30528-GPL571CEL|GSM757012	GSE30528-GPL571CEL	GSE30528	GSM757012	eval_T1	GLOM	CONTROL	CEL meta group: Control			False	Control Human Kidney 150, Glomeruli
GSE30528-GPL571CEL|GSM757013	GSE30528-GPL571CEL	GSE30528	GSM757013	eval_T1	GLOM	CONTROL	CEL meta group: Control			False	Control Human Kidney 154, Glomeruli
GSE30529-GPL571CEL|GSM757014	GSE30529-GPL571CEL	GSE30529	GSM757014	eval_T1	TUB	DKD	CEL meta group: DKD			False	Diabetic Human Kidney 43, Tubuli
GSE30529-GPL571CEL|GSM757015	GSE30529-GPL571CEL	GSE30529	GSM757015	eval_T1	TUB	DKD	CEL meta group: DKD			False	Diabetic Human Kidney 62, Tubuli
GSE30529-GPL571CEL|GSM757016	GSE30529-GPL571CEL	GSE30529	GSM757016	eval_T1	TUB	DKD	CEL meta group: DKD			False	Diabetic Human Kidney 67, Tubuli
GSE30529-GPL571CEL|GSM757017	GSE30529-GPL571CEL	GSE30529	GSM757017	eval_T1	TUB	DKD	CEL meta group: DKD			False	Diabetic Human Kidney 120, Tubuli
GSE30529-GPL571CEL|GSM757018	GSE30529-GPL571CEL	GSE30529	GSM757018	eval_T1	TUB	DKD	CEL meta group: DKD			False	Diabetic Human Kidney 148, Tubuli
GSE30529-GPL571CEL|GSM757019	GSE30529-GPL571CEL	GSE30529	GSM757019	eval_T1	TUB	DKD	CEL meta group: DKD			False	Diabetic Human Kidney 162, Tubuli
GSE30529-GPL571CEL|GSM757020	GSE30529-GPL571CEL	GSE30529	GSM757020	eval_T1	TUB	DKD	CEL meta group: DKD			False	Diabetic Human Kidney 164, Tubuli
GSE30529-GPL571CEL|GSM757021	GSE30529-GPL571CEL	GSE30529	GSM757021	eval_T1	TUB	DKD	CEL meta group: DKD			False	Diabetic Human Kidney 168, Tubuli
GSE30529-GPL571CEL|GSM757022	GSE30529-GPL571CEL	GSE30529	GSM757022	eval_T1	TUB	DKD	CEL meta group: DKD			False	Diabetic Human Kidney 178, Tubuli
GSE30529-GPL571CEL|GSM757023	GSE30529-GPL571CEL	GSE30529	GSM757023	eval_T1	TUB	DKD	CEL meta group: DKD			False	Diabetic Human Kidney 187, Tubuli
GSE30529-GPL571CEL|GSM757024	GSE30529-GPL571CEL	GSE30529	GSM757024	eval_T1	TUB	CONTROL	CEL meta group: Control			False	Control Human Kidney 17, Tubuli
GSE30529-GPL571CEL|GSM757025	GSE30529-GPL571CEL	GSE30529	GSM757025	eval_T1	TUB	CONTROL	CEL meta group: Control			False	Control Human Kidney 37, Tubuli
GSE30529-GPL571CEL|GSM757026	GSE30529-GPL571CEL	GSE30529	GSM757026	eval_T1	TUB	CONTROL	CEL meta group: Control			False	Control Human Kidney 53, Tubuli
GSE30529-GPL571CEL|GSM757027	GSE30529-GPL571CEL	GSE30529	GSM757027	eval_T1	TUB	CONTROL	CEL meta group: Control			False	Control Human Kidney 64, Tubuli
GSE30529-GPL571CEL|GSM757028	GSE30529-GPL571CEL	GSE30529	GSM757028	eval_T1	TUB	CONTROL	CEL meta group: Control			False	Control Human Kidney 70, Tubuli
GSE30529-GPL571CEL|GSM757029	GSE30529-GPL571CEL	GSE30529	GSM757029	eval_T1	TUB	CONTROL	CEL meta group: Control			False	Control Human Kidney 76, Tubuli
GSE30529-GPL571CEL|GSM757030	GSE30529-GPL571CEL	GSE30529	GSM757030	eval_T1	TUB	CONTROL	CEL meta group: Control			False	Control Human Kidney 77, Tubuli
GSE30529-GPL571CEL|GSM757031	GSE30529-GPL571CEL	GSE30529	GSM757031	eval_T1	TUB	CONTROL	CEL meta group: Control			False	Control Human Kidney 81, Tubuli
GSE30529-GPL571CEL|GSM757032	GSE30529-GPL571CEL	GSE30529	GSM757032	eval_T1	TUB	CONTROL	CEL meta group: Control			False	Control Human Kidney 82, Tubuli
GSE30529-GPL571CEL|GSM757033	GSE30529-GPL571CEL	GSE30529	GSM757033	eval_T1	TUB	CONTROL	CEL meta group: Control			False	Control Human Kidney 160, Tubuli
GSE30529-GPL571CEL|GSM757034	GSE30529-GPL571CEL	GSE30529	GSM757034	eval_T1	TUB	CONTROL	CEL meta group: Control			False	Control Human Kidney 172, Tubuli
GSE30529-GPL571CEL|GSM757035	GSE30529-GPL571CEL	GSE30529	GSM757035	eval_T1	TUB	CONTROL	CEL meta group: Control			False	Control Human Kidney 177, Tubuli
GSE32591-GPL14663|GSM807842	GSE32591-GPL14663	GSE32591	GSM807842	pretrain	TUB	LN	ERCB title code	ERCB:TUB:SLE:301		False	Tub_LN_301
GSE32591-GPL14663|GSM807843	GSE32591-GPL14663	GSE32591	GSM807843	pretrain	TUB	LN	ERCB title code	ERCB:TUB:SLE:302		False	Tub_LN_302
GSE32591-GPL14663|GSM807844	GSE32591-GPL14663	GSE32591	GSM807844	pretrain	TUB	LN	ERCB title code	ERCB:TUB:SLE:304		False	Tub_LN_304
GSE32591-GPL14663|GSM807845	GSE32591-GPL14663	GSE32591	GSM807845	pretrain	TUB	LN	ERCB title code	ERCB:TUB:SLE:305		False	Tub_LN_305
GSE32591-GPL14663|GSM807846	GSE32591-GPL14663	GSE32591	GSM807846	pretrain	TUB	LN	ERCB title code	ERCB:TUB:SLE:306		False	Tub_LN_306
GSE32591-GPL14663|GSM807847	GSE32591-GPL14663	GSE32591	GSM807847	pretrain	TUB	LN	ERCB title code	ERCB:TUB:SLE:307		False	Tub_LN_307
GSE32591-GPL14663|GSM807848	GSE32591-GPL14663	GSE32591	GSM807848	pretrain	TUB	LN	ERCB title code	ERCB:TUB:SLE:308		False	Tub_LN_308
GSE32591-GPL14663|GSM807849	GSE32591-GPL14663	GSE32591	GSM807849	pretrain	TUB	LN	ERCB title code	ERCB:TUB:SLE:309		False	Tub_LN_309
GSE32591-GPL14663|GSM807850	GSE32591-GPL14663	GSE32591	GSM807850	pretrain	TUB	LN	ERCB title code	ERCB:TUB:SLE:310		False	Tub_LN_310
GSE32591-GPL14663|GSM807851	GSE32591-GPL14663	GSE32591	GSM807851	pretrain	TUB	LN	ERCB title code	ERCB:TUB:SLE:311		False	Tub_LN_311
GSE32591-GPL14663|GSM807852	GSE32591-GPL14663	GSE32591	GSM807852	pretrain	TUB	LN	ERCB title code	ERCB:TUB:SLE:312		False	Tub_LN_312
GSE32591-GPL14663|GSM807853	GSE32591-GPL14663	GSE32591	GSM807853	pretrain	TUB	LN	ERCB title code	ERCB:TUB:SLE:313		False	Tub_LN_313
GSE32591-GPL14663|GSM807854	GSE32591-GPL14663	GSE32591	GSM807854	pretrain	TUB	LN	ERCB title code	ERCB:TUB:SLE:314		False	Tub_LN_314
GSE32591-GPL14663|GSM807855	GSE32591-GPL14663	GSE32591	GSM807855	pretrain	TUB	LN	ERCB title code	ERCB:TUB:SLE:318		False	Tub_LN_318
GSE32591-GPL14663|GSM807856	GSE32591-GPL14663	GSE32591	GSM807856	pretrain	TUB	LN	ERCB title code	ERCB:TUB:SLE:319		False	Tub_LN_319
GSE32591-GPL14663|GSM807857	GSE32591-GPL14663	GSE32591	GSM807857	pretrain	TUB	LN	ERCB title code	ERCB:TUB:SLE:323		False	Tub_LN_323
GSE32591-GPL14663|GSM807858	GSE32591-GPL14663	GSE32591	GSM807858	pretrain	TUB	LN	ERCB title code	ERCB:TUB:SLE:329		False	Tub_LN_329
GSE32591-GPL14663|GSM807859	GSE32591-GPL14663	GSE32591	GSM807859	pretrain	TUB	LN	ERCB title code	ERCB:TUB:SLE:336		False	Tub_LN_336
GSE32591-GPL14663|GSM807860	GSE32591-GPL14663	GSE32591	GSM807860	pretrain	TUB	LN	ERCB title code	ERCB:TUB:SLE:338		False	Tub_LN_338
GSE32591-GPL14663|GSM807861	GSE32591-GPL14663	GSE32591	GSM807861	pretrain	TUB	LN	ERCB title code	ERCB:TUB:SLE:340		False	Tub_LN_340
GSE32591-GPL14663|GSM807862	GSE32591-GPL14663	GSE32591	GSM807862	pretrain	TUB	LN	ERCB title code	ERCB:TUB:SLE:342		False	Tub_LN_342
GSE32591-GPL14663|GSM807863	GSE32591-GPL14663	GSE32591	GSM807863	pretrain	TUB	LN	ERCB title code	ERCB:TUB:SLE:343		False	Tub_LN_343
GSE32591-GPL14663|GSM807864	GSE32591-GPL14663	GSE32591	GSM807864	pretrain	TUB	LN	ERCB title code	ERCB:TUB:SLE:346		False	Tub_LN_346
GSE32591-GPL14663|GSM807865	GSE32591-GPL14663	GSE32591	GSM807865	pretrain	TUB	LN	ERCB title code	ERCB:TUB:SLE:348		False	Tub_LN_348
GSE32591-GPL14663|GSM807866	GSE32591-GPL14663	GSE32591	GSM807866	pretrain	TUB	LN	ERCB title code	ERCB:TUB:SLE:349		False	Tub_LN_349
GSE32591-GPL14663|GSM807867	GSE32591-GPL14663	GSE32591	GSM807867	pretrain	TUB	LN	ERCB title code	ERCB:TUB:SLE:352		False	Tub_LN_352
GSE32591-GPL14663|GSM807868	GSE32591-GPL14663	GSE32591	GSM807868	pretrain	TUB	LN	ERCB title code	ERCB:TUB:SLE:357		False	Tub_LN_357
GSE32591-GPL14663|GSM807869	GSE32591-GPL14663	GSE32591	GSM807869	pretrain	TUB	LN	ERCB title code	ERCB:TUB:SLE:358		False	Tub_LN_358
GSE32591-GPL14663|GSM807870	GSE32591-GPL14663	GSE32591	GSM807870	pretrain	TUB	LN	ERCB title code	ERCB:TUB:SLE:359		False	Tub_LN_359
GSE32591-GPL14663|GSM807871	GSE32591-GPL14663	GSE32591	GSM807871	pretrain	TUB	LN	ERCB title code	ERCB:TUB:SLE:360		False	Tub_LN_360
GSE32591-GPL14663|GSM807872	GSE32591-GPL14663	GSE32591	GSM807872	pretrain	TUB	LN	ERCB title code	ERCB:TUB:SLE:361		False	Tub_LN_361
GSE32591-GPL14663|GSM807873	GSE32591-GPL14663	GSE32591	GSM807873	pretrain	TUB	LN	ERCB title code	ERCB:TUB:SLE:362		False	Tub_LN_362
GSE32591-GPL14663|GSM807874	GSE32591-GPL14663	GSE32591	GSM807874	pretrain	TUB	CONTROL	ERCB title code	ERCB:TUB:LD:363		False	Tub_LD_363
GSE32591-GPL14663|GSM807875	GSE32591-GPL14663	GSE32591	GSM807875	pretrain	TUB	CONTROL	ERCB title code	ERCB:TUB:LD:364		False	Tub_LD_364
GSE32591-GPL14663|GSM807876	GSE32591-GPL14663	GSE32591	GSM807876	pretrain	TUB	CONTROL	ERCB title code	ERCB:TUB:LD:365		False	Tub_LD_365
GSE32591-GPL14663|GSM807877	GSE32591-GPL14663	GSE32591	GSM807877	pretrain	TUB	CONTROL	ERCB title code	ERCB:TUB:LD:366		False	Tub_LD_366
GSE32591-GPL14663|GSM807878	GSE32591-GPL14663	GSE32591	GSM807878	pretrain	TUB	CONTROL	ERCB title code	ERCB:TUB:LD:367		False	Tub_LD_367
GSE32591-GPL14663|GSM807879	GSE32591-GPL14663	GSE32591	GSM807879	pretrain	TUB	CONTROL	ERCB title code	ERCB:TUB:LD:368		False	Tub_LD_368
GSE32591-GPL14663|GSM807880	GSE32591-GPL14663	GSE32591	GSM807880	pretrain	TUB	CONTROL	ERCB title code	ERCB:TUB:LD:369		False	Tub_LD_369
GSE32591-GPL14663|GSM807881	GSE32591-GPL14663	GSE32591	GSM807881	pretrain	TUB	CONTROL	ERCB title code	ERCB:TUB:LD:370		False	Tub_LD_370
GSE32591-GPL14663|GSM807882	GSE32591-GPL14663	GSE32591	GSM807882	pretrain	TUB	CONTROL	ERCB title code	ERCB:TUB:LD:371		False	Tub_LD_371
GSE32591-GPL14663|GSM807883	GSE32591-GPL14663	GSE32591	GSM807883	pretrain	TUB	CONTROL	ERCB title code	ERCB:TUB:LD:373		False	Tub_LD_373
GSE32591-GPL14663|GSM807884	GSE32591-GPL14663	GSE32591	GSM807884	pretrain	TUB	CONTROL	ERCB title code	ERCB:TUB:LD:374		False	Tub_LD_374
GSE32591-GPL14663|GSM807885	GSE32591-GPL14663	GSE32591	GSM807885	pretrain	TUB	CONTROL	ERCB title code	ERCB:TUB:LD:375		False	Tub_LD_375
GSE32591-GPL14663|GSM807886	GSE32591-GPL14663	GSE32591	GSM807886	pretrain	TUB	CONTROL	ERCB title code	ERCB:TUB:LD:376		False	Tub_LD_376
GSE32591-GPL14663|GSM807887	GSE32591-GPL14663	GSE32591	GSM807887	pretrain	TUB	CONTROL	ERCB title code	ERCB:TUB:LD:377		False	Tub_LD_377
GSE32591-GPL14663|GSM807888	GSE32591-GPL14663	GSE32591	GSM807888	pretrain	TUB	CONTROL	ERCB title code	ERCB:TUB:LD:378		False	Tub_LD_378
GSE32591-GPL14663|GSM807889	GSE32591-GPL14663	GSE32591	GSM807889	pretrain	GLOM	LN	ERCB title code	ERCB:GLOM:SLE:401		False	Glom_LN_401
GSE32591-GPL14663|GSM807890	GSE32591-GPL14663	GSE32591	GSM807890	pretrain	GLOM	LN	ERCB title code	ERCB:GLOM:SLE:402		False	Glom_LN_402
GSE32591-GPL14663|GSM807891	GSE32591-GPL14663	GSE32591	GSM807891	pretrain	GLOM	LN	ERCB title code	ERCB:GLOM:SLE:404		False	Glom_LN_404
GSE32591-GPL14663|GSM807892	GSE32591-GPL14663	GSE32591	GSM807892	pretrain	GLOM	LN	ERCB title code	ERCB:GLOM:SLE:405		False	Glom_LN_405
GSE32591-GPL14663|GSM807893	GSE32591-GPL14663	GSE32591	GSM807893	pretrain	GLOM	LN	ERCB title code	ERCB:GLOM:SLE:406		False	Glom_LN_406
GSE32591-GPL14663|GSM807894	GSE32591-GPL14663	GSE32591	GSM807894	pretrain	GLOM	LN	ERCB title code	ERCB:GLOM:SLE:407		False	Glom_LN_407
GSE32591-GPL14663|GSM807895	GSE32591-GPL14663	GSE32591	GSM807895	pretrain	GLOM	LN	ERCB title code	ERCB:GLOM:SLE:408		False	Glom_LN_408
GSE32591-GPL14663|GSM807896	GSE32591-GPL14663	GSE32591	GSM807896	pretrain	GLOM	LN	ERCB title code	ERCB:GLOM:SLE:409		False	Glom_LN_409
GSE32591-GPL14663|GSM807897	GSE32591-GPL14663	GSE32591	GSM807897	pretrain	GLOM	LN	ERCB title code	ERCB:GLOM:SLE:410		False	Glom_LN_410
GSE32591-GPL14663|GSM807898	GSE32591-GPL14663	GSE32591	GSM807898	pretrain	GLOM	LN	ERCB title code	ERCB:GLOM:SLE:411		False	Glom_LN_411
GSE32591-GPL14663|GSM807899	GSE32591-GPL14663	GSE32591	GSM807899	pretrain	GLOM	LN	ERCB title code	ERCB:GLOM:SLE:412		False	Glom_LN_412
GSE32591-GPL14663|GSM807900	GSE32591-GPL14663	GSE32591	GSM807900	pretrain	GLOM	LN	ERCB title code	ERCB:GLOM:SLE:413		False	Glom_LN_413
GSE32591-GPL14663|GSM807901	GSE32591-GPL14663	GSE32591	GSM807901	pretrain	GLOM	LN	ERCB title code	ERCB:GLOM:SLE:414		False	Glom_LN_414
GSE32591-GPL14663|GSM807902	GSE32591-GPL14663	GSE32591	GSM807902	pretrain	GLOM	LN	ERCB title code	ERCB:GLOM:SLE:418		False	Glom_LN_418
GSE32591-GPL14663|GSM807903	GSE32591-GPL14663	GSE32591	GSM807903	pretrain	GLOM	LN	ERCB title code	ERCB:GLOM:SLE:419		False	Glom_LN_419
GSE32591-GPL14663|GSM807904	GSE32591-GPL14663	GSE32591	GSM807904	pretrain	GLOM	LN	ERCB title code	ERCB:GLOM:SLE:423		False	Glom_LN_423
GSE32591-GPL14663|GSM807905	GSE32591-GPL14663	GSE32591	GSM807905	pretrain	GLOM	LN	ERCB title code	ERCB:GLOM:SLE:430		False	Glom_LN_430
GSE32591-GPL14663|GSM807906	GSE32591-GPL14663	GSE32591	GSM807906	pretrain	GLOM	LN	ERCB title code	ERCB:GLOM:SLE:438		False	Glom_LN_438
GSE32591-GPL14663|GSM807907	GSE32591-GPL14663	GSE32591	GSM807907	pretrain	GLOM	LN	ERCB title code	ERCB:GLOM:SLE:440		False	Glom_LN_440
GSE32591-GPL14663|GSM807908	GSE32591-GPL14663	GSE32591	GSM807908	pretrain	GLOM	LN	ERCB title code	ERCB:GLOM:SLE:442		False	Glom_LN_442
GSE32591-GPL14663|GSM807909	GSE32591-GPL14663	GSE32591	GSM807909	pretrain	GLOM	LN	ERCB title code	ERCB:GLOM:SLE:444		False	Glom_LN_444
GSE32591-GPL14663|GSM807910	GSE32591-GPL14663	GSE32591	GSM807910	pretrain	GLOM	LN	ERCB title code	ERCB:GLOM:SLE:445		False	Glom_LN_445
GSE32591-GPL14663|GSM807911	GSE32591-GPL14663	GSE32591	GSM807911	pretrain	GLOM	LN	ERCB title code	ERCB:GLOM:SLE:448		False	Glom_LN_448
GSE32591-GPL14663|GSM807912	GSE32591-GPL14663	GSE32591	GSM807912	pretrain	GLOM	LN	ERCB title code	ERCB:GLOM:SLE:450		False	Glom_LN_450
GSE32591-GPL14663|GSM807913	GSE32591-GPL14663	GSE32591	GSM807913	pretrain	GLOM	LN	ERCB title code	ERCB:GLOM:SLE:451		False	Glom_LN_451
GSE32591-GPL14663|GSM807914	GSE32591-GPL14663	GSE32591	GSM807914	pretrain	GLOM	LN	ERCB title code	ERCB:GLOM:SLE:454		False	Glom_LN_454
GSE32591-GPL14663|GSM807915	GSE32591-GPL14663	GSE32591	GSM807915	pretrain	GLOM	LN	ERCB title code	ERCB:GLOM:SLE:462		False	Glom_LN_462
GSE32591-GPL14663|GSM807916	GSE32591-GPL14663	GSE32591	GSM807916	pretrain	GLOM	LN	ERCB title code	ERCB:GLOM:SLE:463		False	Glom_LN_463
GSE32591-GPL14663|GSM807917	GSE32591-GPL14663	GSE32591	GSM807917	pretrain	GLOM	LN	ERCB title code	ERCB:GLOM:SLE:464		False	Glom_LN_464
GSE32591-GPL14663|GSM807918	GSE32591-GPL14663	GSE32591	GSM807918	pretrain	GLOM	LN	ERCB title code	ERCB:GLOM:SLE:465		False	Glom_LN_465
GSE32591-GPL14663|GSM807919	GSE32591-GPL14663	GSE32591	GSM807919	pretrain	GLOM	LN	ERCB title code	ERCB:GLOM:SLE:466		False	Glom_LN_466
GSE32591-GPL14663|GSM807920	GSE32591-GPL14663	GSE32591	GSM807920	pretrain	GLOM	LN	ERCB title code	ERCB:GLOM:SLE:467		False	Glom_LN_467
GSE32591-GPL14663|GSM807921	GSE32591-GPL14663	GSE32591	GSM807921	pretrain	GLOM	CONTROL	ERCB title code	ERCB:GLOM:LD:468		False	Glom_LD_468
GSE32591-GPL14663|GSM807922	GSE32591-GPL14663	GSE32591	GSM807922	pretrain	GLOM	CONTROL	ERCB title code	ERCB:GLOM:LD:469		False	Glom_LD_469
GSE32591-GPL14663|GSM807923	GSE32591-GPL14663	GSE32591	GSM807923	pretrain	GLOM	CONTROL	ERCB title code	ERCB:GLOM:LD:470		False	Glom_LD_470
GSE32591-GPL14663|GSM807924	GSE32591-GPL14663	GSE32591	GSM807924	pretrain	GLOM	CONTROL	ERCB title code	ERCB:GLOM:LD:471		False	Glom_LD_471
GSE32591-GPL14663|GSM807925	GSE32591-GPL14663	GSE32591	GSM807925	pretrain	GLOM	CONTROL	ERCB title code	ERCB:GLOM:LD:472		False	Glom_LD_472
GSE32591-GPL14663|GSM807926	GSE32591-GPL14663	GSE32591	GSM807926	pretrain	GLOM	CONTROL	ERCB title code	ERCB:GLOM:LD:473		False	Glom_LD_473
GSE32591-GPL14663|GSM807927	GSE32591-GPL14663	GSE32591	GSM807927	pretrain	GLOM	CONTROL	ERCB title code	ERCB:GLOM:LD:474		False	Glom_LD_474
GSE32591-GPL14663|GSM807928	GSE32591-GPL14663	GSE32591	GSM807928	pretrain	GLOM	CONTROL	ERCB title code	ERCB:GLOM:LD:475		False	Glom_LD_475
GSE32591-GPL14663|GSM807929	GSE32591-GPL14663	GSE32591	GSM807929	pretrain	GLOM	CONTROL	ERCB title code	ERCB:GLOM:LD:476		False	Glom_LD_476
GSE32591-GPL14663|GSM807930	GSE32591-GPL14663	GSE32591	GSM807930	pretrain	GLOM	CONTROL	ERCB title code	ERCB:GLOM:LD:478		False	Glom_LD_478
GSE32591-GPL14663|GSM807931	GSE32591-GPL14663	GSE32591	GSM807931	pretrain	GLOM	CONTROL	ERCB title code	ERCB:GLOM:LD:479		False	Glom_LD_479
GSE32591-GPL14663|GSM807932	GSE32591-GPL14663	GSE32591	GSM807932	pretrain	GLOM	CONTROL	ERCB title code	ERCB:GLOM:LD:480		False	Glom_LD_480
GSE32591-GPL14663|GSM807933	GSE32591-GPL14663	GSE32591	GSM807933	pretrain	GLOM	CONTROL	ERCB title code	ERCB:GLOM:LD:481		False	Glom_LD_481
GSE32591-GPL14663|GSM807934	GSE32591-GPL14663	GSE32591	GSM807934	pretrain	GLOM	CONTROL	ERCB title code	ERCB:GLOM:LD:482		False	Glom_LD_482
GSE37460-GPL11670|GSM920368	GSE37460-GPL11670	GSE37460	GSM920368	pretrain	GLOM	CONTROL	ERCB title code	ERCB:GLOM:LD:974		False	Healthy Living donor [H7-Glom-LD974]
GSE37460-GPL11670|GSM920369	GSE37460-GPL11670	GSE37460	GSM920369	pretrain	GLOM	CONTROL	ERCB title code	ERCB:GLOM:LD:975		False	Healthy Living donor [H7-Glom-LD975]
GSE37460-GPL11670|GSM920370	GSE37460-GPL11670	GSE37460	GSM920370	pretrain	GLOM	CONTROL	ERCB title code	ERCB:GLOM:LD:976		False	Healthy Living donor [H7-Glom-LD976]
GSE37460-GPL11670|GSM920371	GSE37460-GPL11670	GSE37460	GSM920371	pretrain	GLOM	CONTROL	ERCB title code	ERCB:GLOM:LD:978		False	Healthy Living donor [H7-Glom-LD978]
GSE37460-GPL11670|GSM920372	GSE37460-GPL11670	GSE37460	GSM920372	pretrain	GLOM	CONTROL	ERCB title code	ERCB:GLOM:LD:979		False	Healthy Living donor [H7-Glom-LD979]
GSE37460-GPL11670|GSM920373	GSE37460-GPL11670	GSE37460	GSM920373	pretrain	GLOM	CONTROL	ERCB title code	ERCB:GLOM:LD:980		False	Healthy Living donor [H7-Glom-LD980]
GSE37460-GPL11670|GSM920374	GSE37460-GPL11670	GSE37460	GSM920374	pretrain	GLOM	CONTROL	ERCB title code	ERCB:GLOM:LD:981		False	Healthy Living donor [H7-Glom-LD981]
GSE37460-GPL11670|GSM920375	GSE37460-GPL11670	GSE37460	GSM920375	pretrain	GLOM	CONTROL	ERCB title code	ERCB:GLOM:LD:982		False	Healthy Living donor [H7-Glom-LD982]
GSE37460-GPL11670|GSM920376	GSE37460-GPL11670	GSE37460	GSM920376	pretrain	GLOM	CONTROL	ERCB title code	ERCB:GLOM:LD:983		False	Healthy Living donor [H7-Glom-LD983]
GSE37460-GPL11670|GSM920377	GSE37460-GPL11670	GSE37460	GSM920377	pretrain	GLOM	CONTROL	ERCB title code	ERCB:GLOM:LD:984		False	Healthy Living donor [H7-Glom-LD984]
GSE37460-GPL11670|GSM920378	GSE37460-GPL11670	GSE37460	GSM920378	pretrain	GLOM	CONTROL	ERCB title code	ERCB:GLOM:LD:985		False	Healthy Living donor [H7-Glom-LD985]
GSE37460-GPL11670|GSM920379	GSE37460-GPL11670	GSE37460	GSM920379	pretrain	GLOM	CONTROL	ERCB title code	ERCB:GLOM:LD:987		False	Healthy Living donor [H7-Glom-LD987]
GSE37460-GPL11670|GSM920380	GSE37460-GPL11670	GSE37460	GSM920380	pretrain	GLOM	CONTROL	ERCB title code	ERCB:GLOM:LD:988		False	Healthy Living donor [H7-Glom-LD988]
GSE37460-GPL11670|GSM920381	GSE37460-GPL11670	GSE37460	GSM920381	pretrain	GLOM	CONTROL	ERCB title code	ERCB:GLOM:LD:989		False	Healthy Living donor [H7-Glom-LD989]
GSE37460-GPL11670|GSM920382	GSE37460-GPL11670	GSE37460	GSM920382	pretrain	GLOM	CONTROL	ERCB title code	ERCB:GLOM:LD:990		False	Healthy Living donor [H7-Glom-LD990]
GSE37460-GPL11670|GSM920383	GSE37460-GPL11670	GSE37460	GSM920383	pretrain	GLOM	CONTROL	ERCB title code	ERCB:GLOM:LD:992		False	Healthy Living donor [H7-Glom-LD992]
GSE37460-GPL11670|GSM920384	GSE37460-GPL11670	GSE37460	GSM920384	pretrain	GLOM	CONTROL	ERCB title code	ERCB:GLOM:LD:993		False	Healthy Living donor [H7-Glom-LD993]
GSE37460-GPL11670|GSM920385	GSE37460-GPL11670	GSE37460	GSM920385	pretrain	GLOM	CONTROL	ERCB title code	ERCB:GLOM:LD:994		False	Healthy Living donor [H7-Glom-LD994]
GSE37460-GPL14663|GSM920350	GSE37460-GPL14663	GSE37460	GSM920350	pretrain	GLOM	CONTROL	ERCB title code	ERCB:GLOM:LD:1		False	Healthy Living donor [H1-Glom-LD1]
GSE37460-GPL14663|GSM920351	GSE37460-GPL14663	GSE37460	GSM920351	pretrain	GLOM	CONTROL	ERCB title code	ERCB:GLOM:LD:2		False	Healthy Living donor [H1-Glom-LD2]
GSE37460-GPL14663|GSM920352	GSE37460-GPL14663	GSE37460	GSM920352	pretrain	GLOM	CONTROL	ERCB title code	ERCB:GLOM:LD:3		False	Healthy Living donor [H1-Glom-LD3]
GSE37460-GPL14663|GSM920353	GSE37460-GPL14663	GSE37460	GSM920353	pretrain	GLOM	CONTROL	ERCB title code	ERCB:GLOM:LD:4		False	Healthy Living donor [H1-Glom-LD4]
GSE37460-GPL14663|GSM920386	GSE37460-GPL14663	GSE37460	GSM920386	pretrain	GLOM	HT	ERCB title code	ERCB:GLOM:HT:1		False	Hypertensive nephropathy [H2-Glom-HT1]
GSE37460-GPL14663|GSM920387	GSE37460-GPL14663	GSE37460	GSM920387	pretrain	GLOM	HT	ERCB title code	ERCB:GLOM:HT:11		False	Hypertensive nephropathy [H2-Glom-HT11]
GSE37460-GPL14663|GSM920388	GSE37460-GPL14663	GSE37460	GSM920388	pretrain	GLOM	HT	ERCB title code	ERCB:GLOM:HT:12		False	Hypertensive nephropathy [H2-Glom-HT12]
GSE37460-GPL14663|GSM920389	GSE37460-GPL14663	GSE37460	GSM920389	pretrain	GLOM	HT	ERCB title code	ERCB:GLOM:HT:13		False	Hypertensive nephropathy [H2-Glom-HT13]
GSE37460-GPL14663|GSM920390	GSE37460-GPL14663	GSE37460	GSM920390	pretrain	GLOM	HT	ERCB title code	ERCB:GLOM:HT:14		False	Hypertensive nephropathy [H2-Glom-HT14]
GSE37460-GPL14663|GSM920391	GSE37460-GPL14663	GSE37460	GSM920391	pretrain	GLOM	HT	ERCB title code	ERCB:GLOM:HT:15		False	Hypertensive nephropathy [H2-Glom-HT15]
GSE37460-GPL14663|GSM920392	GSE37460-GPL14663	GSE37460	GSM920392	pretrain	GLOM	HT	ERCB title code	ERCB:GLOM:HT:16		False	Hypertensive nephropathy [H2-Glom-HT16]
GSE37460-GPL14663|GSM920393	GSE37460-GPL14663	GSE37460	GSM920393	pretrain	GLOM	HT	ERCB title code	ERCB:GLOM:HT:18		False	Hypertensive nephropathy [H2-Glom-HT18]
GSE37460-GPL14663|GSM920394	GSE37460-GPL14663	GSE37460	GSM920394	pretrain	GLOM	HT	ERCB title code	ERCB:GLOM:HT:2		False	Hypertensive nephropathy [H2-Glom-HT2]
GSE37460-GPL14663|GSM920395	GSE37460-GPL14663	GSE37460	GSM920395	pretrain	GLOM	HT	ERCB title code	ERCB:GLOM:HT:25		False	Hypertensive nephropathy [H2-Glom-HT25]
GSE37460-GPL14663|GSM920396	GSE37460-GPL14663	GSE37460	GSM920396	pretrain	GLOM	HT	ERCB title code	ERCB:GLOM:HT:4		False	Hypertensive nephropathy [H2-Glom-HT4]
GSE37460-GPL14663|GSM920397	GSE37460-GPL14663	GSE37460	GSM920397	pretrain	GLOM	HT	ERCB title code	ERCB:GLOM:HT:5		False	Hypertensive nephropathy [H2-Glom-HT5]
GSE37460-GPL14663|GSM920398	GSE37460-GPL14663	GSE37460	GSM920398	pretrain	GLOM	HT	ERCB title code	ERCB:GLOM:HT:6		False	Hypertensive nephropathy [H2-Glom-HT6]
GSE37460-GPL14663|GSM920399	GSE37460-GPL14663	GSE37460	GSM920399	pretrain	GLOM	HT	ERCB title code	ERCB:GLOM:HT:7		False	Hypertensive nephropathy [H2-Glom-HT7]
GSE37460-GPL14663|GSM920400	GSE37460-GPL14663	GSE37460	GSM920400	pretrain	GLOM	HT	ERCB title code	ERCB:GLOM:HT:8		False	Hypertensive nephropathy [H2-Glom-HT8]
GSE37460-GPL14663|GSM920401	GSE37460-GPL14663	GSE37460	GSM920401	pretrain	GLOM	IgAN	ERCB title code	ERCB:GLOM:IGA:10		False	IgA Nephropathy [H4-Glom-IgA10]
GSE37460-GPL14663|GSM920402	GSE37460-GPL14663	GSE37460	GSM920402	pretrain	GLOM	IgAN	ERCB title code	ERCB:GLOM:IGA:11		False	IgA Nephropathy [H4-Glom-IgA11]
GSE37460-GPL14663|GSM920403	GSE37460-GPL14663	GSE37460	GSM920403	pretrain	GLOM	IgAN	ERCB title code	ERCB:GLOM:IGA:12		False	IgA Nephropathy [H4-Glom-IgA12]
GSE37460-GPL14663|GSM920404	GSE37460-GPL14663	GSE37460	GSM920404	pretrain	GLOM	IgAN	ERCB title code	ERCB:GLOM:IGA:13		False	IgA Nephropathy [H4-Glom-IgA13]
GSE37460-GPL14663|GSM920405	GSE37460-GPL14663	GSE37460	GSM920405	pretrain	GLOM	IgAN	ERCB title code	ERCB:GLOM:IGA:14		False	IgA Nephropathy [H4-Glom-IgA14]
GSE37460-GPL14663|GSM920406	GSE37460-GPL14663	GSE37460	GSM920406	pretrain	GLOM	IgAN	ERCB title code	ERCB:GLOM:IGA:15		False	IgA Nephropathy [H4-Glom-IgA15]
GSE37460-GPL14663|GSM920407	GSE37460-GPL14663	GSE37460	GSM920407	pretrain	GLOM	IgAN	ERCB title code	ERCB:GLOM:IGA:16		False	IgA Nephropathy [H4-Glom-IgA16]
GSE37460-GPL14663|GSM920408	GSE37460-GPL14663	GSE37460	GSM920408	pretrain	GLOM	IgAN	ERCB title code	ERCB:GLOM:IGA:17		False	IgA Nephropathy [H4-Glom-IgA17]
GSE37460-GPL14663|GSM920409	GSE37460-GPL14663	GSE37460	GSM920409	pretrain	GLOM	IgAN	ERCB title code	ERCB:GLOM:IGA:18		False	IgA Nephropathy [H4-Glom-IgA18]
GSE37460-GPL14663|GSM920410	GSE37460-GPL14663	GSE37460	GSM920410	pretrain	GLOM	IgAN	ERCB title code	ERCB:GLOM:IGA:19		False	IgA Nephropathy [H4-Glom-IgA19]
GSE37460-GPL14663|GSM920411	GSE37460-GPL14663	GSE37460	GSM920411	pretrain	GLOM	IgAN	ERCB title code	ERCB:GLOM:IGA:1		False	IgA Nephropathy [H4-Glom-IgA1]
GSE37460-GPL14663|GSM920412	GSE37460-GPL14663	GSE37460	GSM920412	pretrain	GLOM	IgAN	ERCB title code	ERCB:GLOM:IGA:20		False	IgA Nephropathy [H4-Glom-IgA20]
GSE37460-GPL14663|GSM920413	GSE37460-GPL14663	GSE37460	GSM920413	pretrain	GLOM	IgAN	ERCB title code	ERCB:GLOM:IGA:21		False	IgA Nephropathy [H4-Glom-IgA21]
GSE37460-GPL14663|GSM920414	GSE37460-GPL14663	GSE37460	GSM920414	pretrain	GLOM	IgAN	ERCB title code	ERCB:GLOM:IGA:22		False	IgA Nephropathy [H4-Glom-IgA22]
GSE37460-GPL14663|GSM920415	GSE37460-GPL14663	GSE37460	GSM920415	pretrain	GLOM	IgAN	ERCB title code	ERCB:GLOM:IGA:23		False	IgA Nephropathy [H4-Glom-IgA23]
GSE37460-GPL14663|GSM920416	GSE37460-GPL14663	GSE37460	GSM920416	pretrain	GLOM	IgAN	ERCB title code	ERCB:GLOM:IGA:24		False	IgA Nephropathy [H4-Glom-IgA24]
GSE37460-GPL14663|GSM920417	GSE37460-GPL14663	GSE37460	GSM920417	pretrain	GLOM	IgAN	ERCB title code	ERCB:GLOM:IGA:25		False	IgA Nephropathy [H4-Glom-IgA25]
GSE37460-GPL14663|GSM920418	GSE37460-GPL14663	GSE37460	GSM920418	pretrain	GLOM	IgAN	ERCB title code	ERCB:GLOM:IGA:26		False	IgA Nephropathy [H4-Glom-IgA26]
GSE37460-GPL14663|GSM920419	GSE37460-GPL14663	GSE37460	GSM920419	pretrain	GLOM	IgAN	ERCB title code	ERCB:GLOM:IGA:27		False	IgA Nephropathy [H4-Glom-IgA27]
GSE37460-GPL14663|GSM920420	GSE37460-GPL14663	GSE37460	GSM920420	pretrain	GLOM	IgAN	ERCB title code	ERCB:GLOM:IGA:2		False	IgA Nephropathy [H4-Glom-IgA2]
GSE37460-GPL14663|GSM920421	GSE37460-GPL14663	GSE37460	GSM920421	pretrain	GLOM	IgAN	ERCB title code	ERCB:GLOM:IGA:3		False	IgA Nephropathy [H4-Glom-IgA3]
GSE37460-GPL14663|GSM920422	GSE37460-GPL14663	GSE37460	GSM920422	pretrain	GLOM	IgAN	ERCB title code	ERCB:GLOM:IGA:4		False	IgA Nephropathy [H4-Glom-IgA4]
GSE37460-GPL14663|GSM920423	GSE37460-GPL14663	GSE37460	GSM920423	pretrain	GLOM	IgAN	ERCB title code	ERCB:GLOM:IGA:5		False	IgA Nephropathy [H4-Glom-IgA5]
GSE37460-GPL14663|GSM920424	GSE37460-GPL14663	GSE37460	GSM920424	pretrain	GLOM	IgAN	ERCB title code	ERCB:GLOM:IGA:6		False	IgA Nephropathy [H4-Glom-IgA6]
GSE37460-GPL14663|GSM920425	GSE37460-GPL14663	GSE37460	GSM920425	pretrain	GLOM	IgAN	ERCB title code	ERCB:GLOM:IGA:7		False	IgA Nephropathy [H4-Glom-IgA7]
GSE37460-GPL14663|GSM920426	GSE37460-GPL14663	GSE37460	GSM920426	pretrain	GLOM	IgAN	ERCB title code	ERCB:GLOM:IGA:8		False	IgA Nephropathy [H4-Glom-IgA8]
GSE37460-GPL14663|GSM920427	GSE37460-GPL14663	GSE37460	GSM920427	pretrain	GLOM	IgAN	ERCB title code	ERCB:GLOM:IGA:9		False	IgA Nephropathy [H4-Glom-IgA9]
GSE37460-GPL14663|GSM1046922	GSE37460-GPL14663	GSE37460	GSM1046922	pretrain	GLOM	CONTROL	ERCB title code	ERCB:GLOM:LD:10		False	Healthy Living donor [H4-Glom-LD10]
GSE37460-GPL14663|GSM1046923	GSE37460-GPL14663	GSE37460	GSM1046923	pretrain	GLOM	CONTROL	ERCB title code	ERCB:GLOM:LD:5		False	Healthy Living donor [H4-Glom-LD5]
GSE37460-GPL14663|GSM1046924	GSE37460-GPL14663	GSE37460	GSM1046924	pretrain	GLOM	CONTROL	ERCB title code	ERCB:GLOM:LD:7		False	Healthy Living donor [H4-Glom-LD7]
GSE37460-GPL14663|GSM1046925	GSE37460-GPL14663	GSE37460	GSM1046925	pretrain	GLOM	CONTROL	ERCB title code	ERCB:GLOM:LD:8		False	Healthy Living donor [H4-Glom-LD8]
GSE37460-GPL14663|GSM1046926	GSE37460-GPL14663	GSE37460	GSM1046926	pretrain	GLOM	CONTROL	ERCB title code	ERCB:GLOM:LD:9		False	Healthy Living donor [H4-Glom-LD9]
GSE47183-GPL11670|GSM1146269	GSE47183-GPL11670	GSE47183	GSM1146269	pretrain	GLOM	DKD	ERCB title code	ERCB:GLOM:DN:901		False	Diabetic Nephropathy, H7-Glom-DN901
GSE47183-GPL11670|GSM1146270	GSE47183-GPL11670	GSE47183	GSM1146270	pretrain	GLOM	DKD	ERCB title code	ERCB:GLOM:DN:910		False	Diabetic Nephropathy, H7-Glom-DN910
GSE47183-GPL11670|GSM1146271	GSE47183-GPL11670	GSE47183	GSM1146271	pretrain	GLOM	DKD	ERCB title code	ERCB:GLOM:DN:914		False	Diabetic Nephropathy, H7-Glom-DN914
GSE47183-GPL11670|GSM1146272	GSE47183-GPL11670	GSE47183	GSM1146272	pretrain	GLOM	DKD	ERCB title code	ERCB:GLOM:DN:916		False	Diabetic Nephropathy, H7-Glom-DN916
GSE47183-GPL11670|GSM1146273	GSE47183-GPL11670	GSE47183	GSM1146273	pretrain	GLOM	DKD	ERCB title code	ERCB:GLOM:DN:932		False	Diabetic Nephropathy, H7-Glom-DN932
GSE47183-GPL11670|GSM1146274	GSE47183-GPL11670	GSE47183	GSM1146274	pretrain	GLOM	DKD	ERCB title code	ERCB:GLOM:DN:941		False	Diabetic Nephropathy, H7-Glom-DN941
GSE47183-GPL11670|GSM1146275	GSE47183-GPL11670	GSE47183	GSM1146275	pretrain	GLOM	DKD	ERCB title code	ERCB:GLOM:DN:947		False	Diabetic Nephropathy, H7-Glom-DN947
GSE47183-GPL11670|GSM1146276	GSE47183-GPL11670	GSE47183	GSM1146276	pretrain	GLOM	FSGS_MCD	ERCB title code	ERCB:GLOM:FSGS&MCD:905		False	Focal and Segmental Glomerulosclerosis and Minimal Change Disease, H7-Glom-FSGS&MCD905
GSE47183-GPL11670|GSM1146277	GSE47183-GPL11670	GSE47183	GSM1146277	pretrain	GLOM	FSGS_MCD	ERCB title code	ERCB:GLOM:FSGS&MCD:922		False	Focal and Segmental Glomerulosclerosis and Minimal Change Disease, H7-Glom-FSGS&MCD922
GSE47183-GPL11670|GSM1146278	GSE47183-GPL11670	GSE47183	GSM1146278	pretrain	GLOM	FSGS_MCD	ERCB title code	ERCB:GLOM:FSGS&MCD:923		False	Focal and Segmental Glomerulosclerosis and Minimal Change Disease, H7-Glom-FSGS&MCD923
GSE47183-GPL11670|GSM1146279	GSE47183-GPL11670	GSE47183	GSM1146279	pretrain	GLOM	FSGS_MCD	ERCB title code	ERCB:GLOM:FSGS&MCD:931		False	Focal and Segmental Glomerulosclerosis and Minimal Change Disease, H7-Glom-FSGS&MCD931
GSE47183-GPL11670|GSM1146280	GSE47183-GPL11670	GSE47183	GSM1146280	pretrain	GLOM	FSGS_MCD	ERCB title code	ERCB:GLOM:FSGS&MCD:940		False	Focal and Segmental Glomerulosclerosis and Minimal Change Disease, H7-Glom-FSGS&MCD940
GSE47183-GPL11670|GSM1146281	GSE47183-GPL11670	GSE47183	GSM1146281	pretrain	GLOM	FSGS_MCD	ERCB title code	ERCB:GLOM:FSGS&MCD:944		False	Focal and Segmental Glomerulosclerosis and Minimal Change Disease, H7-Glom-FSGS&MCD944
GSE47183-GPL11670|GSM1146282	GSE47183-GPL11670	GSE47183	GSM1146282	pretrain	GLOM	FSGS	ERCB title code	ERCB:GLOM:FSGS:912		False	Focal and Segmental Glomerulosclerosis, H7-Glom-FSGS912
GSE47183-GPL11670|GSM1146283	GSE47183-GPL11670	GSE47183	GSM1146283	pretrain	GLOM	FSGS	ERCB title code	ERCB:GLOM:FSGS:915		False	Focal and Segmental Glomerulosclerosis, H7-Glom-FSGS915
GSE47183-GPL11670|GSM1146284	GSE47183-GPL11670	GSE47183	GSM1146284	pretrain	GLOM	FSGS	ERCB title code	ERCB:GLOM:FSGS:917		False	Focal and Segmental Glomerulosclerosis, H7-Glom-FSGS917
GSE47183-GPL11670|GSM1146285	GSE47183-GPL11670	GSE47183	GSM1146285	pretrain	GLOM	FSGS	ERCB title code	ERCB:GLOM:FSGS:918		False	Focal and Segmental Glomerulosclerosis, H7-Glom-FSGS918
GSE47183-GPL11670|GSM1146286	GSE47183-GPL11670	GSE47183	GSM1146286	pretrain	GLOM	FSGS	ERCB title code	ERCB:GLOM:FSGS:920		False	Focal and Segmental Glomerulosclerosis, H7-Glom-FSGS920
GSE47183-GPL11670|GSM1146287	GSE47183-GPL11670	GSE47183	GSM1146287	pretrain	GLOM	FSGS	ERCB title code	ERCB:GLOM:FSGS:927		False	Focal and Segmental Glomerulosclerosis, H7-Glom-FSGS927
GSE47183-GPL11670|GSM1146288	GSE47183-GPL11670	GSE47183	GSM1146288	pretrain	GLOM	FSGS	ERCB title code	ERCB:GLOM:FSGS:933		False	Focal and Segmental Glomerulosclerosis, H7-Glom-FSGS933
GSE47183-GPL11670|GSM1146289	GSE47183-GPL11670	GSE47183	GSM1146289	pretrain	GLOM	FSGS	ERCB title code	ERCB:GLOM:FSGS:970		False	Focal and Segmental Glomerulosclerosis, H7-Glom-FSGS970
GSE47183-GPL11670|GSM1146290	GSE47183-GPL11670	GSE47183	GSM1146290	pretrain	GLOM	FSGS	ERCB title code	ERCB:GLOM:FSGS:971		False	Focal and Segmental Glomerulosclerosis, H7-Glom-FSGS971
GSE47183-GPL11670|GSM1146291	GSE47183-GPL11670	GSE47183	GSM1146291	pretrain	GLOM	FSGS	ERCB title code	ERCB:GLOM:FSGS:972		False	Focal and Segmental Glomerulosclerosis, H7-Glom-FSGS972
GSE47183-GPL11670|GSM1146292	GSE47183-GPL11670	GSE47183	GSM1146292	pretrain	GLOM	MCD	ERCB title code	ERCB:GLOM:MCD:903		False	Minimal Change Disease, H7-Glom-MCD903
GSE47183-GPL11670|GSM1146293	GSE47183-GPL11670	GSE47183	GSM1146293	pretrain	GLOM	MCD	ERCB title code	ERCB:GLOM:MCD:919		False	Minimal Change Disease, H7-Glom-MCD919
GSE47183-GPL11670|GSM1146294	GSE47183-GPL11670	GSE47183	GSM1146294	pretrain	GLOM	MCD	ERCB title code	ERCB:GLOM:MCD:921		False	Minimal Change Disease, H7-Glom-MCD921
GSE47183-GPL11670|GSM1146295	GSE47183-GPL11670	GSE47183	GSM1146295	pretrain	GLOM	MCD	ERCB title code	ERCB:GLOM:MCD:945		False	Minimal Change Disease, H7-Glom-MCD945
GSE47183-GPL11670|GSM1146296	GSE47183-GPL11670	GSE47183	GSM1146296	pretrain	GLOM	MCD	ERCB title code	ERCB:GLOM:MCD:973		False	Minimal Change Disease, H7-Glom-MCD973
GSE47183-GPL11670|GSM1146297	GSE47183-GPL11670	GSE47183	GSM1146297	pretrain	GLOM	RPGN	ERCB title code	ERCB:GLOM:RPGN:902		False	Rapidly Progressive Glomerulonephritis, H7-Glom-RPGN902
GSE47183-GPL11670|GSM1146298	GSE47183-GPL11670	GSE47183	GSM1146298	pretrain	GLOM	RPGN	ERCB title code	ERCB:GLOM:RPGN:904		False	Rapidly Progressive Glomerulonephritis, H7-Glom-RPGN904
GSE47183-GPL11670|GSM1146299	GSE47183-GPL11670	GSE47183	GSM1146299	pretrain	GLOM	RPGN	ERCB title code	ERCB:GLOM:RPGN:906		False	Rapidly Progressive Glomerulonephritis, H7-Glom-RPGN906
GSE47183-GPL11670|GSM1146300	GSE47183-GPL11670	GSE47183	GSM1146300	pretrain	GLOM	RPGN	ERCB title code	ERCB:GLOM:RPGN:907		False	Rapidly Progressive Glomerulonephritis, H7-Glom-RPGN907
GSE47183-GPL11670|GSM1146301	GSE47183-GPL11670	GSE47183	GSM1146301	pretrain	GLOM	RPGN	ERCB title code	ERCB:GLOM:RPGN:908		False	Rapidly Progressive Glomerulonephritis, H7-Glom-RPGN908
GSE47183-GPL11670|GSM1146302	GSE47183-GPL11670	GSE47183	GSM1146302	pretrain	GLOM	RPGN	ERCB title code	ERCB:GLOM:RPGN:909		False	Rapidly Progressive Glomerulonephritis, H7-Glom-RPGN909
GSE47183-GPL11670|GSM1146303	GSE47183-GPL11670	GSE47183	GSM1146303	pretrain	GLOM	RPGN	ERCB title code	ERCB:GLOM:RPGN:911		False	Rapidly Progressive Glomerulonephritis, H7-Glom-RPGN911
GSE47183-GPL11670|GSM1146304	GSE47183-GPL11670	GSE47183	GSM1146304	pretrain	GLOM	RPGN	ERCB title code	ERCB:GLOM:RPGN:913		False	Rapidly Progressive Glomerulonephritis, H7-Glom-RPGN913
GSE47183-GPL11670|GSM1146305	GSE47183-GPL11670	GSE47183	GSM1146305	pretrain	GLOM	RPGN	ERCB title code	ERCB:GLOM:RPGN:924		False	Rapidly Progressive Glomerulonephritis, H7-Glom-RPGN924
GSE47183-GPL11670|GSM1146306	GSE47183-GPL11670	GSE47183	GSM1146306	pretrain	GLOM	RPGN	ERCB title code	ERCB:GLOM:RPGN:925		False	Rapidly Progressive Glomerulonephritis, H7-Glom-RPGN925
GSE47183-GPL11670|GSM1146307	GSE47183-GPL11670	GSE47183	GSM1146307	pretrain	GLOM	RPGN	ERCB title code	ERCB:GLOM:RPGN:926		False	Rapidly Progressive Glomerulonephritis, H7-Glom-RPGN926
GSE47183-GPL11670|GSM1146308	GSE47183-GPL11670	GSE47183	GSM1146308	pretrain	GLOM	RPGN	ERCB title code	ERCB:GLOM:RPGN:928		False	Rapidly Progressive Glomerulonephritis, H7-Glom-RPGN928
GSE47183-GPL11670|GSM1146309	GSE47183-GPL11670	GSE47183	GSM1146309	pretrain	GLOM	RPGN	ERCB title code	ERCB:GLOM:RPGN:929		False	Rapidly Progressive Glomerulonephritis, H7-Glom-RPGN929
GSE47183-GPL11670|GSM1146310	GSE47183-GPL11670	GSE47183	GSM1146310	pretrain	GLOM	RPGN	ERCB title code	ERCB:GLOM:RPGN:930		False	Rapidly Progressive Glomerulonephritis, H7-Glom-RPGN930
GSE47183-GPL11670|GSM1146311	GSE47183-GPL11670	GSE47183	GSM1146311	pretrain	GLOM	RPGN	ERCB title code	ERCB:GLOM:RPGN:934		False	Rapidly Progressive Glomerulonephritis, H7-Glom-RPGN934
GSE47183-GPL11670|GSM1146312	GSE47183-GPL11670	GSE47183	GSM1146312	pretrain	GLOM	RPGN	ERCB title code	ERCB:GLOM:RPGN:935		False	Rapidly Progressive Glomerulonephritis, H7-Glom-RPGN935
GSE47183-GPL11670|GSM1146313	GSE47183-GPL11670	GSE47183	GSM1146313	pretrain	GLOM	RPGN	ERCB title code	ERCB:GLOM:RPGN:936		False	Rapidly Progressive Glomerulonephritis, H7-Glom-RPGN936
GSE47183-GPL11670|GSM1146314	GSE47183-GPL11670	GSE47183	GSM1146314	pretrain	GLOM	RPGN	ERCB title code	ERCB:GLOM:RPGN:937		False	Rapidly Progressive Glomerulonephritis, H7-Glom-RPGN937
GSE47183-GPL11670|GSM1146315	GSE47183-GPL11670	GSE47183	GSM1146315	pretrain	GLOM	RPGN	ERCB title code	ERCB:GLOM:RPGN:938		False	Rapidly Progressive Glomerulonephritis, H7-Glom-RPGN938
GSE47183-GPL11670|GSM1146316	GSE47183-GPL11670	GSE47183	GSM1146316	pretrain	GLOM	RPGN	ERCB title code	ERCB:GLOM:RPGN:939		False	Rapidly Progressive Glomerulonephritis, H7-Glom-RPGN939
GSE47183-GPL11670|GSM1146317	GSE47183-GPL11670	GSE47183	GSM1146317	pretrain	GLOM	RPGN	ERCB title code	ERCB:GLOM:RPGN:942		False	Rapidly Progressive Glomerulonephritis, H7-Glom-RPGN942
GSE47183-GPL11670|GSM1146318	GSE47183-GPL11670	GSE47183	GSM1146318	pretrain	GLOM	RPGN	ERCB title code	ERCB:GLOM:RPGN:943		False	Rapidly Progressive Glomerulonephritis, H7-Glom-RPGN943
GSE47183-GPL11670|GSM1146319	GSE47183-GPL11670	GSE47183	GSM1146319	pretrain	GLOM	RPGN	ERCB title code	ERCB:GLOM:RPGN:946		False	Rapidly Progressive Glomerulonephritis, H7-Glom-RPGN946
GSE47183-GPL11670|GSM1146320	GSE47183-GPL11670	GSE47183	GSM1146320	pretrain	GLOM	CONTROL	ERCB title code	ERCB:GLOM:TN:995		False	Tumor Nephrectomy, H7-Glom-TN995
GSE47183-GPL11670|GSM1146321	GSE47183-GPL11670	GSE47183	GSM1146321	pretrain	GLOM	CONTROL	ERCB title code	ERCB:GLOM:TN:996		False	Tumor Nephrectomy, H7-Glom-TN996
GSE47183-GPL11670|GSM1146322	GSE47183-GPL11670	GSE47183	GSM1146322	pretrain	GLOM	CONTROL	ERCB title code	ERCB:GLOM:TN:997		False	Tumor Nephrectomy, H7-Glom-TN997
GSE47183-GPL14663|GSM1146201	GSE47183-GPL14663	GSE47183	GSM1146201	pretrain	GLOM	DKD	ERCB title code	ERCB:GLOM:DN:1		False	Diabetic Nephropathy, H1-Glom-DN1
GSE47183-GPL14663|GSM1146202	GSE47183-GPL14663	GSE47183	GSM1146202	pretrain	GLOM	DKD	ERCB title code	ERCB:GLOM:DN:10		False	Diabetic Nephropathy, H1-Glom-DN10
GSE47183-GPL14663|GSM1146203	GSE47183-GPL14663	GSE47183	GSM1146203	pretrain	GLOM	DKD	ERCB title code	ERCB:GLOM:DN:2		False	Diabetic Nephropathy, H1-Glom-DN2
GSE47183-GPL14663|GSM1146204	GSE47183-GPL14663	GSE47183	GSM1146204	pretrain	GLOM	DKD	ERCB title code	ERCB:GLOM:DN:5		False	Diabetic Nephropathy, H1-Glom-DN5
GSE47183-GPL14663|GSM1146205	GSE47183-GPL14663	GSE47183	GSM1146205	pretrain	GLOM	DKD	ERCB title code	ERCB:GLOM:DN:8		False	Diabetic Nephropathy, H1-Glom-DN8
GSE47183-GPL14663|GSM1146206	GSE47183-GPL14663	GSE47183	GSM1146206	pretrain	GLOM	DKD	ERCB title code	ERCB:GLOM:DN:914		False	Diabetic Nephropathy, H1-Glom-DN914
GSE47183-GPL14663|GSM1146207	GSE47183-GPL14663	GSE47183	GSM1146207	pretrain	GLOM	DKD	ERCB title code	ERCB:GLOM:DN:932		False	Diabetic Nephropathy, H1-Glom-DN932
GSE47183-GPL14663|GSM1146208	GSE47183-GPL14663	GSE47183	GSM1146208	pretrain	GLOM	MCD	ERCB title code	ERCB:GLOM:MCD:1		False	Minimal Change Disease, H1-Glom-MCD1
GSE47183-GPL14663|GSM1146209	GSE47183-GPL14663	GSE47183	GSM1146209	pretrain	GLOM	MCD	ERCB title code	ERCB:GLOM:MCD:2		False	Minimal Change Disease, H1-Glom-MCD2
GSE47183-GPL14663|GSM1146210	GSE47183-GPL14663	GSE47183	GSM1146210	pretrain	GLOM	MCD	ERCB title code	ERCB:GLOM:MCD:3		False	Minimal Change Disease, H1-Glom-MCD3
GSE47183-GPL14663|GSM1146211	GSE47183-GPL14663	GSE47183	GSM1146211	pretrain	GLOM	MCD	ERCB title code	ERCB:GLOM:MCD:5		False	Minimal Change Disease, H1-Glom-MCD5
GSE47183-GPL14663|GSM1146212	GSE47183-GPL14663	GSE47183	GSM1146212	pretrain	GLOM	TMD	text: Thin Membrane Disease ; Kidney Biopsy from Human Thin Membrane Disease			False	Thin Membrane Disease, H1-Glom-TMD
GSE47183-GPL14663|GSM1146213	GSE47183-GPL14663	GSE47183	GSM1146213	pretrain	GLOM	TMD	ERCB title code	ERCB:GLOM:TMD:1		False	Thin Membrane Disease, H1-Glom-TMD1
GSE47183-GPL14663|GSM1146214	GSE47183-GPL14663	GSE47183	GSM1146214	pretrain	GLOM	TMD	ERCB title code	ERCB:GLOM:TMD:5		False	Thin Membrane Disease, H1-Glom-TMD5
GSE47183-GPL14663|GSM1146215	GSE47183-GPL14663	GSE47183	GSM1146215	pretrain	GLOM	CONTROL	ERCB title code	ERCB:GLOM:TN:2		False	Tumor Nephrectomy, H1-Glom-TN2
GSE47183-GPL14663|GSM1146216	GSE47183-GPL14663	GSE47183	GSM1146216	pretrain	GLOM	CONTROL	ERCB title code	ERCB:GLOM:TN:4		False	Tumor Nephrectomy, H1-Glom-TN4
GSE47183-GPL14663|GSM1146217	GSE47183-GPL14663	GSE47183	GSM1146217	pretrain	GLOM	CONTROL	ERCB title code	ERCB:GLOM:TN:996		False	Tumor Nephrectomy, H1-Glom-TN996
GSE47183-GPL14663|GSM1146218	GSE47183-GPL14663	GSE47183	GSM1146218	pretrain	GLOM	CONTROL	ERCB title code	ERCB:GLOM:TN:997		False	Tumor Nephrectomy, H1-Glom-TN997
GSE47183-GPL14663|GSM1146219	GSE47183-GPL14663	GSE47183	GSM1146219	pretrain	GLOM	CONTROL	ERCB title code	ERCB:GLOM:TN:2		False	Tumor Nephrectomy, H2-Glom-TN2
GSE47183-GPL14663|GSM1146220	GSE47183-GPL14663	GSE47183	GSM1146220	pretrain	GLOM	CONTROL	ERCB title code	ERCB:GLOM:TN:4		False	Tumor Nephrectomy, H2-Glom-TN4
GSE47183-GPL14663|GSM1146221	GSE47183-GPL14663	GSE47183	GSM1146221	pretrain	GLOM	CONTROL	ERCB title code	ERCB:GLOM:TN:996		False	Tumor Nephrectomy, H2-Glom-TN996
GSE47183-GPL14663|GSM1146222	GSE47183-GPL14663	GSE47183	GSM1146222	pretrain	GLOM	CONTROL	ERCB title code	ERCB:GLOM:TN:997		False	Tumor Nephrectomy, H2-Glom-TN997
GSE47183-GPL14663|GSM1146223	GSE47183-GPL14663	GSE47183	GSM1146223	pretrain	GLOM	MCD	ERCB title code	ERCB:GLOM:MCD:10		False	Minimal Change Disease, H3-Glom-MCD10
GSE47183-GPL14663|GSM1146224	GSE47183-GPL14663	GSE47183	GSM1146224	pretrain	GLOM	MCD	ERCB title code	ERCB:GLOM:MCD:12		False	Minimal Change Disease, H3-Glom-MCD12
GSE47183-GPL14663|GSM1146225	GSE47183-GPL14663	GSE47183	GSM1146225	pretrain	GLOM	MCD	ERCB title code	ERCB:GLOM:MCD:6		False	Minimal Change Disease, H3-Glom-MCD6
GSE47183-GPL14663|GSM1146226	GSE47183-GPL14663	GSE47183	GSM1146226	pretrain	GLOM	MCD	ERCB title code	ERCB:GLOM:MCD:7		False	Minimal Change Disease, H3-Glom-MCD7
GSE47183-GPL14663|GSM1146227	GSE47183-GPL14663	GSE47183	GSM1146227	pretrain	GLOM	MCD	ERCB title code	ERCB:GLOM:MCD:9		False	Minimal Change Disease, H3-Glom-MCD9
GSE47183-GPL14663|GSM1146228	GSE47183-GPL14663	GSE47183	GSM1146228	pretrain	GLOM	MCD	ERCB title code	ERCB:GLOM:MCD:919		False	Minimal Change Disease, H3-Glom-MCD919
GSE47183-GPL14663|GSM1146229	GSE47183-GPL14663	GSE47183	GSM1146229	pretrain	GLOM	CONTROL	ERCB title code	ERCB:GLOM:TN:2		False	Tumor Nephrectomy, H3-Glom-TN2
GSE47183-GPL14663|GSM1146230	GSE47183-GPL14663	GSE47183	GSM1146230	pretrain	GLOM	CONTROL	ERCB title code	ERCB:GLOM:TN:4		False	Tumor Nephrectomy, H3-Glom-TN4
GSE47183-GPL14663|GSM1146231	GSE47183-GPL14663	GSE47183	GSM1146231	pretrain	GLOM	CONTROL	ERCB title code	ERCB:GLOM:TN:995		False	Tumor Nephrectomy, H3-Glom-TN995
GSE47183-GPL14663|GSM1146232	GSE47183-GPL14663	GSE47183	GSM1146232	pretrain	GLOM	CONTROL	ERCB title code	ERCB:GLOM:TN:996		False	Tumor Nephrectomy, H3-Glom-TN996
GSE47183-GPL14663|GSM1146233	GSE47183-GPL14663	GSE47183	GSM1146233	pretrain	GLOM	CONTROL	ERCB title code	ERCB:GLOM:TN:997		False	Tumor Nephrectomy, H3-Glom-TN997
GSE47183-GPL14663|GSM1146234	GSE47183-GPL14663	GSE47183	GSM1146234	pretrain	GLOM	CONTROL	ERCB title code	ERCB:GLOM:TN:997		False	Tumor Nephrectomy, H3-Glom-TN997_1
GSE47183-GPL14663|GSM1146235	GSE47183-GPL14663	GSE47183	GSM1146235	pretrain	GLOM	FSGS	ERCB title code	ERCB:GLOM:FSGS:428		False	Focal and Segmental Glomerulosclerosis, H5-Glom-FSGS428
GSE47183-GPL14663|GSM1146236	GSE47183-GPL14663	GSE47183	GSM1146236	pretrain	GLOM	FSGS	ERCB title code	ERCB:GLOM:FSGS:433		False	Focal and Segmental Glomerulosclerosis, H5-Glom-FSGS433
GSE47183-GPL14663|GSM1146237	GSE47183-GPL14663	GSE47183	GSM1146237	pretrain	GLOM	FSGS	ERCB title code	ERCB:GLOM:FSGS:441		False	Focal and Segmental Glomerulosclerosis, H5-Glom-FSGS441
GSE47183-GPL14663|GSM1146238	GSE47183-GPL14663	GSE47183	GSM1146238	pretrain	GLOM	FSGS	ERCB title code	ERCB:GLOM:FSGS:443		False	Focal and Segmental Glomerulosclerosis, H5-Glom-FSGS443
GSE47183-GPL14663|GSM1146239	GSE47183-GPL14663	GSE47183	GSM1146239	pretrain	GLOM	FSGS	ERCB title code	ERCB:GLOM:FSGS:446		False	Focal and Segmental Glomerulosclerosis, H5-Glom-FSGS446
GSE47183-GPL14663|GSM1146240	GSE47183-GPL14663	GSE47183	GSM1146240	pretrain	GLOM	FSGS	ERCB title code	ERCB:GLOM:FSGS:449		False	Focal and Segmental Glomerulosclerosis, H5-Glom-FSGS449
GSE47183-GPL14663|GSM1146241	GSE47183-GPL14663	GSE47183	GSM1146241	pretrain	GLOM	FSGS	ERCB title code	ERCB:GLOM:FSGS:457		False	Focal and Segmental Glomerulosclerosis, H5-Glom-FSGS457
GSE47183-GPL14663|GSM1146242	GSE47183-GPL14663	GSE47183	GSM1146242	pretrain	GLOM	FSGS	ERCB title code	ERCB:GLOM:FSGS:458		False	Focal and Segmental Glomerulosclerosis, H5-Glom-FSGS458
GSE47183-GPL14663|GSM1146243	GSE47183-GPL14663	GSE47183	GSM1146243	pretrain	GLOM	FSGS	ERCB title code	ERCB:GLOM:FSGS:459		False	Focal and Segmental Glomerulosclerosis, H5-Glom-FSGS459
GSE47183-GPL14663|GSM1146244	GSE47183-GPL14663	GSE47183	GSM1146244	pretrain	GLOM	FSGS	ERCB title code	ERCB:GLOM:FSGS:915		False	Focal and Segmental Glomerulosclerosis, H5-Glom-FSGS915
GSE47183-GPL14663|GSM1146245	GSE47183-GPL14663	GSE47183	GSM1146245	pretrain	GLOM	FSGS	ERCB title code	ERCB:GLOM:FSGS:917		False	Focal and Segmental Glomerulosclerosis, H5-Glom-FSGS917
GSE47183-GPL14663|GSM1146246	GSE47183-GPL14663	GSE47183	GSM1146246	pretrain	GLOM	FSGS	ERCB title code	ERCB:GLOM:FSGS:918		False	Focal and Segmental Glomerulosclerosis, H5-Glom-FSGS918
GSE47183-GPL14663|GSM1146247	GSE47183-GPL14663	GSE47183	GSM1146247	pretrain	GLOM	FSGS	ERCB title code	ERCB:GLOM:FSGS:927		False	Focal and Segmental Glomerulosclerosis, H5-Glom-FSGS927
GSE47183-GPL14663|GSM1146248	GSE47183-GPL14663	GSE47183	GSM1146248	pretrain	GLOM	MN	ERCB title code	ERCB:GLOM:MGN:403		False	Membranous Glomerulonephritis, H5-Glom-MGN403
GSE47183-GPL14663|GSM1146249	GSE47183-GPL14663	GSE47183	GSM1146249	pretrain	GLOM	MN	ERCB title code	ERCB:GLOM:MGN:415		False	Membranous Glomerulonephritis, H5-Glom-MGN415
GSE47183-GPL14663|GSM1146250	GSE47183-GPL14663	GSE47183	GSM1146250	pretrain	GLOM	MN	ERCB title code	ERCB:GLOM:MGN:416		False	Membranous Glomerulonephritis, H5-Glom-MGN416
GSE47183-GPL14663|GSM1146251	GSE47183-GPL14663	GSE47183	GSM1146251	pretrain	GLOM	MN	ERCB title code	ERCB:GLOM:MGN:417		False	Membranous Glomerulonephritis, H5-Glom-MGN417
GSE47183-GPL14663|GSM1146252	GSE47183-GPL14663	GSE47183	GSM1146252	pretrain	GLOM	MN	ERCB title code	ERCB:GLOM:MGN:421		False	Membranous Glomerulonephritis, H5-Glom-MGN421
GSE47183-GPL14663|GSM1146253	GSE47183-GPL14663	GSE47183	GSM1146253	pretrain	GLOM	MN	ERCB title code	ERCB:GLOM:MGN:422		False	Membranous Glomerulonephritis, H5-Glom-MGN422
GSE47183-GPL14663|GSM1146254	GSE47183-GPL14663	GSE47183	GSM1146254	pretrain	GLOM	MN	ERCB title code	ERCB:GLOM:MGN:424		False	Membranous Glomerulonephritis, H5-Glom-MGN424
GSE47183-GPL14663|GSM1146255	GSE47183-GPL14663	GSE47183	GSM1146255	pretrain	GLOM	MN	ERCB title code	ERCB:GLOM:MGN:425		False	Membranous Glomerulonephritis, H5-Glom-MGN425
GSE47183-GPL14663|GSM1146256	GSE47183-GPL14663	GSE47183	GSM1146256	pretrain	GLOM	MN	ERCB title code	ERCB:GLOM:MGN:431		False	Membranous Glomerulonephritis, H5-Glom-MGN431
GSE47183-GPL14663|GSM1146257	GSE47183-GPL14663	GSE47183	GSM1146257	pretrain	GLOM	MN	ERCB title code	ERCB:GLOM:MGN:432		False	Membranous Glomerulonephritis, H5-Glom-MGN432
GSE47183-GPL14663|GSM1146258	GSE47183-GPL14663	GSE47183	GSM1146258	pretrain	GLOM	MN	ERCB title code	ERCB:GLOM:MGN:434		False	Membranous Glomerulonephritis, H5-Glom-MGN434
GSE47183-GPL14663|GSM1146259	GSE47183-GPL14663	GSE47183	GSM1146259	pretrain	GLOM	MN	ERCB title code	ERCB:GLOM:MGN:435		False	Membranous Glomerulonephritis, H5-Glom-MGN435
GSE47183-GPL14663|GSM1146260	GSE47183-GPL14663	GSE47183	GSM1146260	pretrain	GLOM	MN	ERCB title code	ERCB:GLOM:MGN:436		False	Membranous Glomerulonephritis, H5-Glom-MGN436
GSE47183-GPL14663|GSM1146261	GSE47183-GPL14663	GSE47183	GSM1146261	pretrain	GLOM	MN	ERCB title code	ERCB:GLOM:MGN:437		False	Membranous Glomerulonephritis, H5-Glom-MGN437
GSE47183-GPL14663|GSM1146262	GSE47183-GPL14663	GSE47183	GSM1146262	pretrain	GLOM	MN	ERCB title code	ERCB:GLOM:MGN:439		False	Membranous Glomerulonephritis, H5-Glom-MGN439
GSE47183-GPL14663|GSM1146263	GSE47183-GPL14663	GSE47183	GSM1146263	pretrain	GLOM	MN	ERCB title code	ERCB:GLOM:MGN:452		False	Membranous Glomerulonephritis, H5-Glom-MGN452
GSE47183-GPL14663|GSM1146264	GSE47183-GPL14663	GSE47183	GSM1146264	pretrain	GLOM	MN	ERCB title code	ERCB:GLOM:MGN:453		False	Membranous Glomerulonephritis, H5-Glom-MGN453
GSE47183-GPL14663|GSM1146265	GSE47183-GPL14663	GSE47183	GSM1146265	pretrain	GLOM	MN	ERCB title code	ERCB:GLOM:MGN:455		False	Membranous Glomerulonephritis, H5-Glom-MGN455
GSE47183-GPL14663|GSM1146266	GSE47183-GPL14663	GSE47183	GSM1146266	pretrain	GLOM	MN	ERCB title code	ERCB:GLOM:MGN:456		False	Membranous Glomerulonephritis, H5-Glom-MGN456
GSE47183-GPL14663|GSM1146267	GSE47183-GPL14663	GSE47183	GSM1146267	pretrain	GLOM	MN	ERCB title code	ERCB:GLOM:MGN:460		False	Membranous Glomerulonephritis, H5-Glom-MGN460
GSE47183-GPL14663|GSM1146268	GSE47183-GPL14663	GSE47183	GSM1146268	pretrain	GLOM	MN	ERCB title code	ERCB:GLOM:MGN:461		False	Membranous Glomerulonephritis, H5-Glom-MGN461
GSE69438-GPL11670|GSM1701203	GSE69438-GPL11670	GSE69438	GSM1701203	pretrain	TUB	DKD	text: Kidney Biopsy from Human Diabetic Nephropathy			False	Diabetic Nephropathy Cprobe_17
GSE69438-GPL11670|GSM1701204	GSE69438-GPL11670	GSE69438	GSM1701204	pretrain	TUB	FSGS	text: Kidney Biopsy from Human Focal and Segmental Glomerulosclerosis			False	Focal and Segmental Glomerulosclerosis Cprobe_31
GSE69438-GPL11670|GSM1701205	GSE69438-GPL11670	GSE69438	GSM1701205	pretrain	TUB	FSGS	text: Kidney Biopsy from Human Focal and Segmental Glomerulosclerosis			False	Focal and Segmental Glomerulosclerosis Cprobe_40
GSE69438-GPL11670|GSM1701206	GSE69438-GPL11670	GSE69438	GSM1701206	pretrain	TUB	FSGS	text: Kidney Biopsy from Human Focal and Segmental Glomerulosclerosis			False	Focal and Segmental Glomerulosclerosis Cprobe_13
GSE69438-GPL11670|GSM1701207	GSE69438-GPL11670	GSE69438	GSM1701207	pretrain	TUB	FSGS	text: Kidney Biopsy from Human Focal and Segmental Glomerulosclerosis			False	Focal and Segmental Glomerulosclerosis Cprobe_30
GSE69438-GPL11670|GSM1701208	GSE69438-GPL11670	GSE69438	GSM1701208	pretrain	TUB	FSGS	text: Kidney Biopsy from Human Focal and Segmental Glomerulosclerosis			False	Focal and Segmental Glomerulosclerosis Cprobe_36
GSE69438-GPL11670|GSM1701209	GSE69438-GPL11670	GSE69438	GSM1701209	pretrain	TUB	FSGS	text: Kidney Biopsy from Human Focal and Segmental Glomerulosclerosis			False	Focal and Segmental Glomerulosclerosis Cprobe_1
GSE69438-GPL11670|GSM1701210	GSE69438-GPL11670	GSE69438	GSM1701210	pretrain	TUB	FSGS	text: Kidney Biopsy from Human Focal and Segmental Glomerulosclerosis			False	Focal and Segmental Glomerulosclerosis Cprobe_28
GSE69438-GPL11670|GSM1701211	GSE69438-GPL11670	GSE69438	GSM1701211	pretrain	TUB	FSGS	text: Kidney Biopsy from Human Focal and Segmental Glomerulosclerosis			False	Focal and Segmental Glomerulosclerosis Cprobe_23
GSE69438-GPL11670|GSM1701212	GSE69438-GPL11670	GSE69438	GSM1701212	pretrain	TUB	FSGS	text: Kidney Biopsy from Human Focal and Segmental Glomerulosclerosis			False	Focal and Segmental Glomerulosclerosis Cprobe_38
GSE69438-GPL11670|GSM1701213	GSE69438-GPL11670	GSE69438	GSM1701213	pretrain	TUB	FSGS	text: Kidney Biopsy from Human Focal and Segmental Glomerulosclerosis			False	Focal and Segmental Glomerulosclerosis Cprobe_33
GSE69438-GPL11670|GSM1701214	GSE69438-GPL11670	GSE69438	GSM1701214	pretrain	TUB	FSGS	text: Kidney Biopsy from Human Focal and Segmental Glomerulosclerosis			False	Focal and Segmental Glomerulosclerosis Cprobe_25
GSE69438-GPL11670|GSM1701215	GSE69438-GPL11670	GSE69438	GSM1701215	pretrain	TUB	HT	text: Kidney Biopsy from Human Hypertensive nephropathy			False	Hypertensive nephropathy Cprobe_42
GSE69438-GPL11670|GSM1701216	GSE69438-GPL11670	GSE69438	GSM1701216	pretrain	TUB	IgAN	text: Kidney Biopsy from Human IgA Nephropathy			False	IgA Nephropathy Cprobe_7
GSE69438-GPL11670|GSM1701217	GSE69438-GPL11670	GSE69438	GSM1701217	pretrain	TUB	IgAN	text: Kidney Biopsy from Human IgA Nephropathy			False	IgA Nephropathy Cprobe_8
GSE69438-GPL11670|GSM1701218	GSE69438-GPL11670	GSE69438	GSM1701218	pretrain	TUB	MCD	text: Kidney Biopsy from Human Minimal Change Disease			False	Minimal Change Disease Cprobe_39
GSE69438-GPL11670|GSM1701219	GSE69438-GPL11670	GSE69438	GSM1701219	pretrain	TUB	MN	text: Kidney Biopsy from Human Membranous Glomerulonephritis			False	Membranous Glomerulonephritis Cprobe_35
GSE69438-GPL11670|GSM1701220	GSE69438-GPL11670	GSE69438	GSM1701220	pretrain	TUB	MN	text: Kidney Biopsy from Human Membranous Glomerulonephritis			False	Membranous Glomerulonephritis Cprobe_12
GSE69438-GPL11670|GSM1701221	GSE69438-GPL11670	GSE69438	GSM1701221	pretrain	TUB	MN	text: Kidney Biopsy from Human Membranous Glomerulonephritis			False	Membranous Glomerulonephritis Cprobe_14
GSE69438-GPL11670|GSM1701222	GSE69438-GPL11670	GSE69438	GSM1701222	pretrain	TUB	MN	text: Kidney Biopsy from Human Membranous Glomerulonephritis			False	Membranous Glomerulonephritis Cprobe_6
GSE69438-GPL11670|GSM1701223	GSE69438-GPL11670	GSE69438	GSM1701223	pretrain	TUB	OTHER	text: Kidney Biopsy from Human CKD			False	CKD Cprobe_10
GSE69438-GPL11670|GSM1701224	GSE69438-GPL11670	GSE69438	GSM1701224	pretrain	TUB	OTHER	text: Kidney Biopsy from Human CKD			False	CKD Cprobe_11
GSE69438-GPL11670|GSM1701225	GSE69438-GPL11670	GSE69438	GSM1701225	pretrain	TUB	OTHER	text: Kidney Biopsy from Human CKD			False	CKD Cprobe_3
GSE69438-GPL11670|GSM1701226	GSE69438-GPL11670	GSE69438	GSM1701226	pretrain	TUB	OTHER	text: Kidney Biopsy from Human CKD			False	CKD Cprobe_44
GSE69438-GPL11670|GSM1701227	GSE69438-GPL11670	GSE69438	GSM1701227	pretrain	TUB	OTHER	text: Kidney Biopsy from Human CKD			False	CKD Cprobe_24
GSE69438-GPL11670|GSM1701228	GSE69438-GPL11670	GSE69438	GSM1701228	pretrain	TUB	OTHER	text: Kidney Biopsy from Human CKD			False	CKD Cprobe_32
GSE69438-GPL11670|GSM1701229	GSE69438-GPL11670	GSE69438	GSM1701229	pretrain	TUB	LN	text: Kidney Biopsy from Human Lupus Nephritis			False	Lupus Nephritis Cprobe_15
GSE69438-GPL11670|GSM1701230	GSE69438-GPL11670	GSE69438	GSM1701230	pretrain	TUB	LN	text: Kidney Biopsy from Human Lupus Nephritis			False	Lupus Nephritis Cprobe_4
GSE69438-GPL11670|GSM1701231	GSE69438-GPL11670	GSE69438	GSM1701231	pretrain	TUB	LN	text: Kidney Biopsy from Human Lupus Nephritis			False	Lupus Nephritis Cprobe_41
GSE69438-GPL11670|GSM1701232	GSE69438-GPL11670	GSE69438	GSM1701232	pretrain	TUB	LN	text: Kidney Biopsy from Human Lupus Nephritis			False	Lupus Nephritis Cprobe_2
GSE69438-GPL11670|GSM1701233	GSE69438-GPL11670	GSE69438	GSM1701233	pretrain	TUB	LN	text: Kidney Biopsy from Human Lupus Nephritis			False	Lupus Nephritis Cprobe_29
GSE69438-GPL11670|GSM1701234	GSE69438-GPL11670	GSE69438	GSM1701234	pretrain	TUB	LN	text: Kidney Biopsy from Human Lupus Nephritis			False	Lupus Nephritis Cprobe_43
GSE69438-GPL11670|GSM1701235	GSE69438-GPL11670	GSE69438	GSM1701235	pretrain	TUB	LN	text: Kidney Biopsy from Human Lupus Nephritis			False	Lupus Nephritis Cprobe_26
GSE69438-GPL11670|GSM1701236	GSE69438-GPL11670	GSE69438	GSM1701236	pretrain	TUB	LN	text: Kidney Biopsy from Human Lupus Nephritis			False	Lupus Nephritis Cprobe_19
GSE69438-GPL11670|GSM1701237	GSE69438-GPL11670	GSE69438	GSM1701237	pretrain	TUB	LN	text: Kidney Biopsy from Human Lupus Nephritis			False	Lupus Nephritis Cprobe_21
GSE69438-GPL11670|GSM1701238	GSE69438-GPL11670	GSE69438	GSM1701238	pretrain	TUB	LN	text: Kidney Biopsy from Human Lupus Nephritis			False	Lupus Nephritis Cprobe_27
GSE69438-GPL11670|GSM1701239	GSE69438-GPL11670	GSE69438	GSM1701239	pretrain	TUB	LN	text: Kidney Biopsy from Human Lupus Nephritis			False	Lupus Nephritis Cprobe_22
GSE69438-GPL11670|GSM1701240	GSE69438-GPL11670	GSE69438	GSM1701240	pretrain	TUB	LN	text: Kidney Biopsy from Human Lupus Nephritis			False	Lupus Nephritis Cprobe_16
GSE69438-GPL11670|GSM1701241	GSE69438-GPL11670	GSE69438	GSM1701241	pretrain	TUB	LN	text: Kidney Biopsy from Human Lupus Nephritis			False	Lupus Nephritis Cprobe_9
GSE69438-GPL11670|GSM1701242	GSE69438-GPL11670	GSE69438	GSM1701242	pretrain	TUB	LN	text: Kidney Biopsy from Human Lupus Nephritis			False	Lupus Nephritis Cprobe_5
GSE69438-GPL11670|GSM1701243	GSE69438-GPL11670	GSE69438	GSM1701243	pretrain	TUB	LN	text: Kidney Biopsy from Human Lupus Nephritis			False	Lupus Nephritis Cprobe_18
GSE69438-GPL11670|GSM1701244	GSE69438-GPL11670	GSE69438	GSM1701244	pretrain	TUB	LN	text: Kidney Biopsy from Human Lupus Nephritis			False	Lupus Nephritis Cprobe_20
GSE93798-GPL22945|GSM2462533	GSE93798-GPL22945	GSE93798	GSM2462533	pretrain	GLOM	CONTROL	text: Kidney biopsy from human control			False	Glomerular compartment from control human kidney H11_F_27_1_Con_L
GSE93798-GPL22945|GSM2462534	GSE93798-GPL22945	GSE93798	GSM2462534	pretrain	GLOM	CONTROL	text: Kidney biopsy from human control			False	Glomerular compartment from control human kidney H12_M_67_1_Con_L
GSE93798-GPL22945|GSM2462535	GSE93798-GPL22945	GSE93798	GSM2462535	pretrain	GLOM	CONTROL	text: Kidney biopsy from human control			False	Glomerular compartment from control human kidney H13_M_53_1_Con_L
GSE93798-GPL22945|GSM2462536	GSE93798-GPL22945	GSE93798	GSM2462536	pretrain	GLOM	CONTROL	text: Kidney biopsy from human control			False	Glomerular compartment from control human kidney H14_F_38_1_Con_L
GSE93798-GPL22945|GSM2462537	GSE93798-GPL22945	GSE93798	GSM2462537	pretrain	GLOM	CONTROL	text: Kidney biopsy from human control			False	Glomerular compartment from control human kidney H6_M_68_1_Con_L
GSE93798-GPL22945|GSM2462538	GSE93798-GPL22945	GSE93798	GSM2462538	pretrain	GLOM	CONTROL	text: Kidney biopsy from human control			False	Glomerular compartment from control human kidney H7_F_40_1_Con_L
GSE93798-GPL22945|GSM2462539	GSE93798-GPL22945	GSE93798	GSM2462539	pretrain	GLOM	CONTROL	text: Kidney biopsy from human control			False	Glomerular compartment from control human kidney H8_M_34_1_Con_L
GSE93798-GPL22945|GSM2462540	GSE93798-GPL22945	GSE93798	GSM2462540	pretrain	GLOM	CONTROL	text: Kidney biopsy from human control			False	Glomerular compartment from control human kidney H9_F_49_1_Con_L
GSE93798-GPL22945|GSM2462541	GSE93798-GPL22945	GSE93798	GSM2462541	pretrain	GLOM	CONTROL	text: Kidney biopsy from human control			False	Glomerular compartment from control human kidney H15_M_35_2_Con_L
GSE93798-GPL22945|GSM2462542	GSE93798-GPL22945	GSE93798	GSM2462542	pretrain	GLOM	CONTROL	text: Kidney biopsy from human control			False	Glomerular compartment from control human kidney H16_F_37_2_Con_L
GSE93798-GPL22945|GSM2462543	GSE93798-GPL22945	GSE93798	GSM2462543	pretrain	GLOM	CONTROL	text: Kidney biopsy from human control			False	Glomerular compartment from control human kidney H17_M_41_2_Con_L
GSE93798-GPL22945|GSM2462544	GSE93798-GPL22945	GSE93798	GSM2462544	pretrain	GLOM	CONTROL	text: Kidney biopsy from human control			False	Glomerular compartment from control human kidney H18_F_45_2_Con_L
GSE93798-GPL22945|GSM2462545	GSE93798-GPL22945	GSE93798	GSM2462545	pretrain	GLOM	CONTROL	text: Kidney biopsy from human control			False	Glomerular compartment from control human kidney H19_M_65_2_Con_L
GSE93798-GPL22945|GSM2462546	GSE93798-GPL22945	GSE93798	GSM2462546	pretrain	GLOM	CONTROL	text: Kidney biopsy from human control			False	Glomerular compartment from control human kidney H20_F_47_3_Con_L
GSE93798-GPL22945|GSM2462547	GSE93798-GPL22945	GSE93798	GSM2462547	pretrain	GLOM	CONTROL	text: Kidney biopsy from human control			False	Glomerular compartment from control human kidney H21_M_52_3_Con_L
GSE93798-GPL22945|GSM2462548	GSE93798-GPL22945	GSE93798	GSM2462548	pretrain	GLOM	CONTROL	text: Kidney biopsy from human control			False	Glomerular compartment from control human kidney H22_F_46_3_Con_L
GSE93798-GPL22945|GSM2462549	GSE93798-GPL22945	GSE93798	GSM2462549	pretrain	GLOM	CONTROL	text: Kidney biopsy from human control			False	Glomerular compartment from control human kidney H24_F_40_3_Con_L
GSE93798-GPL22945|GSM2462550	GSE93798-GPL22945	GSE93798	GSM2462550	pretrain	GLOM	CONTROL	text: Kidney biopsy from human control			False	Glomerular compartment from control human kidney H25_M_57_3_Con_L
GSE93798-GPL22945|GSM2462551	GSE93798-GPL22945	GSE93798	GSM2462551	pretrain	GLOM	CONTROL	text: Kidney biopsy from human control			False	Glomerular compartment from control human kidney H26_M_52_3_Con_L
GSE93798-GPL22945|GSM2462552	GSE93798-GPL22945	GSE93798	GSM2462552	pretrain	GLOM	CONTROL	text: Kidney biopsy from human control			False	Glomerular compartment from control human kidney H1_F_22_4_Con_L
GSE93798-GPL22945|GSM2462553	GSE93798-GPL22945	GSE93798	GSM2462553	pretrain	GLOM	CONTROL	text: Kidney biopsy from human control			False	Glomerular compartment from control human kidney H2_M_65_4_Con_L
GSE93798-GPL22945|GSM2462554	GSE93798-GPL22945	GSE93798	GSM2462554	pretrain	GLOM	CONTROL	text: Kidney biopsy from human control			False	Glomerular compartment from control human kidney H3_M_68_4_Con_L
GSE93798-GPL22945|GSM2462555	GSE93798-GPL22945	GSE93798	GSM2462555	pretrain	GLOM	IgAN	text: Kidney biopsy from human IgAN			False	Glomerular compartment from IgAN human kidney S10_M_34_3_IgAN
GSE93798-GPL22945|GSM2462556	GSE93798-GPL22945	GSE93798	GSM2462556	pretrain	GLOM	IgAN	text: Kidney biopsy from human IgAN			False	Glomerular compartment from IgAN human kidney S12_M_49_3_IgAN
GSE93798-GPL22945|GSM2462557	GSE93798-GPL22945	GSE93798	GSM2462557	pretrain	GLOM	IgAN	text: Kidney biopsy from human IgAN			False	Glomerular compartment from IgAN human kidney S13_F_17_3_IgAN
GSE93798-GPL22945|GSM2462558	GSE93798-GPL22945	GSE93798	GSM2462558	pretrain	GLOM	IgAN	text: Kidney biopsy from human IgAN			False	Glomerular compartment from IgAN human kidney S14_M_30_3_IgAN
GSE93798-GPL22945|GSM2462559	GSE93798-GPL22945	GSE93798	GSM2462559	pretrain	GLOM	IgAN	text: Kidney biopsy from human IgAN			False	Glomerular compartment from IgAN human kidney S15_M_20_3_IgAN
GSE93798-GPL22945|GSM2462560	GSE93798-GPL22945	GSE93798	GSM2462560	pretrain	GLOM	IgAN	text: Kidney biopsy from human IgAN			False	Glomerular compartment from IgAN human kidney S9_M_58_3_IgAN
GSE93798-GPL22945|GSM2462561	GSE93798-GPL22945	GSE93798	GSM2462561	pretrain	GLOM	IgAN	text: Kidney biopsy from human IgAN			False	Glomerular compartment from IgAN human kidney S1_F_54_4_IgAN
GSE93798-GPL22945|GSM2462562	GSE93798-GPL22945	GSE93798	GSM2462562	pretrain	GLOM	IgAN	text: Kidney biopsy from human IgAN			False	Glomerular compartment from IgAN human kidney S2_M_46_4_IgAN
GSE93798-GPL22945|GSM2462563	GSE93798-GPL22945	GSE93798	GSM2462563	pretrain	GLOM	IgAN	text: Kidney biopsy from human IgAN			False	Glomerular compartment from IgAN human kidney S3_M_58_4_IgAN
GSE93798-GPL22945|GSM2462564	GSE93798-GPL22945	GSE93798	GSM2462564	pretrain	GLOM	IgAN	text: Kidney biopsy from human IgAN			False	Glomerular compartment from IgAN human kidney S4_F_45_4_IgAN
GSE93798-GPL22945|GSM2462565	GSE93798-GPL22945	GSE93798	GSM2462565	pretrain	GLOM	IgAN	text: Kidney biopsy from human IgAN			False	Glomerular compartment from IgAN human kidney S6_M_35_4_IgAN
GSE93798-GPL22945|GSM2462566	GSE93798-GPL22945	GSE93798	GSM2462566	pretrain	GLOM	IgAN	text: Kidney biopsy from human IgAN			False	Glomerular compartment from IgAN human kidney S7_M_53_4_IgAN
GSE93798-GPL22945|GSM2462567	GSE93798-GPL22945	GSE93798	GSM2462567	pretrain	GLOM	IgAN	text: Kidney biopsy from human IgAN			False	Glomerular compartment from IgAN human kidney S8_F_41_4_IgAN
GSE93798-GPL22945|GSM2462568	GSE93798-GPL22945	GSE93798	GSM2462568	pretrain	GLOM	IgAN	text: Kidney biopsy from human IgAN			False	Glomerular compartment from IgAN human kidney S16_F_23_6_IgAN
GSE93798-GPL22945|GSM2462569	GSE93798-GPL22945	GSE93798	GSM2462569	pretrain	GLOM	IgAN	text: Kidney biopsy from human IgAN			False	Glomerular compartment from IgAN human kidney S17_M_53_6_IgAN
GSE93798-GPL22945|GSM2462570	GSE93798-GPL22945	GSE93798	GSM2462570	pretrain	GLOM	IgAN	text: Kidney biopsy from human IgAN			False	Glomerular compartment from IgAN human kidney S19_M_24_6_IgAN
GSE93798-GPL22945|GSM2462571	GSE93798-GPL22945	GSE93798	GSM2462571	pretrain	GLOM	IgAN	text: Kidney biopsy from human IgAN			False	Glomerular compartment from IgAN human kidney S23_M_61_6_IgAN
GSE93798-GPL22945|GSM2462572	GSE93798-GPL22945	GSE93798	GSM2462572	pretrain	GLOM	IgAN	text: Kidney biopsy from human IgAN			False	Glomerular compartment from IgAN human kidney S24_M_65_6_IgAN
GSE93798-GPL22945|GSM2462573	GSE93798-GPL22945	GSE93798	GSM2462573	pretrain	GLOM	IgAN	text: Kidney biopsy from human IgAN			False	Glomerular compartment from IgAN human kidney S25_M_48_6_IgAN
GSE93798-GPL22945|GSM2462574	GSE93798-GPL22945	GSE93798	GSM2462574	pretrain	GLOM	IgAN	text: Kidney biopsy from human IgAN			False	Glomerular compartment from IgAN human kidney S27_F_23_6_IgAN
GSE96804-GPL17586|GSM2544275	GSE96804-GPL17586	GSE96804	GSM2544275	eval_T1	GLOM	DKD	text: diabetic nephropathy			False	Human glomeruli DN 01
GSE96804-GPL17586|GSM2544276	GSE96804-GPL17586	GSE96804	GSM2544276	eval_T1	GLOM	DKD	text: diabetic nephropathy			False	Human glomeruli DN 02
GSE96804-GPL17586|GSM2544277	GSE96804-GPL17586	GSE96804	GSM2544277	eval_T1	GLOM	DKD	text: diabetic nephropathy			False	Human glomeruli DN 03
GSE96804-GPL17586|GSM2544278	GSE96804-GPL17586	GSE96804	GSM2544278	eval_T1	GLOM	DKD	text: diabetic nephropathy			False	Human glomeruli DN 04
GSE96804-GPL17586|GSM2544279	GSE96804-GPL17586	GSE96804	GSM2544279	eval_T1	GLOM	DKD	text: diabetic nephropathy			False	Human glomeruli DN 05
GSE96804-GPL17586|GSM2544280	GSE96804-GPL17586	GSE96804	GSM2544280	eval_T1	GLOM	DKD	text: diabetic nephropathy			False	Human glomeruli DN 06
GSE96804-GPL17586|GSM2544281	GSE96804-GPL17586	GSE96804	GSM2544281	eval_T1	GLOM	DKD	text: diabetic nephropathy			False	Human glomeruli DN 07
GSE96804-GPL17586|GSM2544282	GSE96804-GPL17586	GSE96804	GSM2544282	eval_T1	GLOM	DKD	text: diabetic nephropathy			False	Human glomeruli DN 08
GSE96804-GPL17586|GSM2544283	GSE96804-GPL17586	GSE96804	GSM2544283	eval_T1	GLOM	DKD	text: diabetic nephropathy			False	Human glomeruli DN 09
GSE96804-GPL17586|GSM2544284	GSE96804-GPL17586	GSE96804	GSM2544284	eval_T1	GLOM	DKD	text: diabetic nephropathy			False	Human glomeruli DN 10
GSE96804-GPL17586|GSM2544285	GSE96804-GPL17586	GSE96804	GSM2544285	eval_T1	GLOM	DKD	text: diabetic nephropathy			False	Human glomeruli DN 11
GSE96804-GPL17586|GSM2544286	GSE96804-GPL17586	GSE96804	GSM2544286	eval_T1	GLOM	DKD	text: diabetic nephropathy			False	Human glomeruli DN 12
GSE96804-GPL17586|GSM2544287	GSE96804-GPL17586	GSE96804	GSM2544287	eval_T1	GLOM	DKD	text: diabetic nephropathy			False	Human glomeruli DN 13
GSE96804-GPL17586|GSM2544288	GSE96804-GPL17586	GSE96804	GSM2544288	eval_T1	GLOM	DKD	text: diabetic nephropathy			False	Human glomeruli DN 14
GSE96804-GPL17586|GSM2544289	GSE96804-GPL17586	GSE96804	GSM2544289	eval_T1	GLOM	DKD	text: diabetic nephropathy			False	Human glomeruli DN 15
GSE96804-GPL17586|GSM2544290	GSE96804-GPL17586	GSE96804	GSM2544290	eval_T1	GLOM	DKD	text: diabetic nephropathy			False	Human glomeruli DN 16
GSE96804-GPL17586|GSM2544291	GSE96804-GPL17586	GSE96804	GSM2544291	eval_T1	GLOM	DKD	text: diabetic nephropathy			False	Human glomeruli DN 17
GSE96804-GPL17586|GSM2544292	GSE96804-GPL17586	GSE96804	GSM2544292	eval_T1	GLOM	DKD	text: diabetic nephropathy			False	Human glomeruli DN 18
GSE96804-GPL17586|GSM2544293	GSE96804-GPL17586	GSE96804	GSM2544293	eval_T1	GLOM	DKD	text: diabetic nephropathy			False	Human glomeruli DN 19
GSE96804-GPL17586|GSM2544294	GSE96804-GPL17586	GSE96804	GSM2544294	eval_T1	GLOM	DKD	text: diabetic nephropathy			False	Human glomeruli DN 20
GSE96804-GPL17586|GSM2544295	GSE96804-GPL17586	GSE96804	GSM2544295	eval_T1	GLOM	DKD	text: diabetic nephropathy			False	Human glomeruli DN 21
GSE96804-GPL17586|GSM2544296	GSE96804-GPL17586	GSE96804	GSM2544296	eval_T1	GLOM	DKD	text: diabetic nephropathy			False	Human glomeruli DN 22
GSE96804-GPL17586|GSM2544297	GSE96804-GPL17586	GSE96804	GSM2544297	eval_T1	GLOM	DKD	text: diabetic nephropathy			False	Human glomeruli DN 23
GSE96804-GPL17586|GSM2544298	GSE96804-GPL17586	GSE96804	GSM2544298	eval_T1	GLOM	DKD	text: diabetic nephropathy			False	Human glomeruli DN 24
GSE96804-GPL17586|GSM2544299	GSE96804-GPL17586	GSE96804	GSM2544299	eval_T1	GLOM	DKD	text: diabetic nephropathy			False	Human glomeruli DN 25
GSE96804-GPL17586|GSM2544300	GSE96804-GPL17586	GSE96804	GSM2544300	eval_T1	GLOM	DKD	text: diabetic nephropathy			False	Human glomeruli DN 26
GSE96804-GPL17586|GSM2544301	GSE96804-GPL17586	GSE96804	GSM2544301	eval_T1	GLOM	DKD	text: diabetic nephropathy			False	Human glomeruli DN 27
GSE96804-GPL17586|GSM2544302	GSE96804-GPL17586	GSE96804	GSM2544302	eval_T1	GLOM	DKD	text: diabetic nephropathy			False	Human glomeruli DN 28
GSE96804-GPL17586|GSM2544303	GSE96804-GPL17586	GSE96804	GSM2544303	eval_T1	GLOM	DKD	text: diabetic nephropathy			False	Human glomeruli DN 29
GSE96804-GPL17586|GSM2544304	GSE96804-GPL17586	GSE96804	GSM2544304	eval_T1	GLOM	DKD	text: diabetic nephropathy			False	Human glomeruli DN 30
GSE96804-GPL17586|GSM2544305	GSE96804-GPL17586	GSE96804	GSM2544305	eval_T1	GLOM	DKD	text: diabetic nephropathy			False	Human glomeruli DN 31
GSE96804-GPL17586|GSM2544306	GSE96804-GPL17586	GSE96804	GSM2544306	eval_T1	GLOM	DKD	text: diabetic nephropathy			False	Human glomeruli DN 32
GSE96804-GPL17586|GSM2544307	GSE96804-GPL17586	GSE96804	GSM2544307	eval_T1	GLOM	DKD	text: diabetic nephropathy			False	Human glomeruli DN 33
GSE96804-GPL17586|GSM2544308	GSE96804-GPL17586	GSE96804	GSM2544308	eval_T1	GLOM	DKD	text: diabetic nephropathy			False	Human glomeruli DN 34
GSE96804-GPL17586|GSM2544309	GSE96804-GPL17586	GSE96804	GSM2544309	eval_T1	GLOM	DKD	text: diabetic nephropathy			False	Human glomeruli DN 35
GSE96804-GPL17586|GSM2544310	GSE96804-GPL17586	GSE96804	GSM2544310	eval_T1	GLOM	DKD	text: diabetic nephropathy			False	Human glomeruli DN 36
GSE96804-GPL17586|GSM2544311	GSE96804-GPL17586	GSE96804	GSM2544311	eval_T1	GLOM	DKD	text: diabetic nephropathy			False	Human glomeruli DN 37
GSE96804-GPL17586|GSM2544312	GSE96804-GPL17586	GSE96804	GSM2544312	eval_T1	GLOM	DKD	text: diabetic nephropathy			False	Human glomeruli DN 38
GSE96804-GPL17586|GSM2544313	GSE96804-GPL17586	GSE96804	GSM2544313	eval_T1	GLOM	DKD	text: diabetic nephropathy			False	Human glomeruli DN 39
GSE96804-GPL17586|GSM2544314	GSE96804-GPL17586	GSE96804	GSM2544314	eval_T1	GLOM	DKD	text: diabetic nephropathy			False	Human glomeruli DN 40
GSE96804-GPL17586|GSM2544315	GSE96804-GPL17586	GSE96804	GSM2544315	eval_T1	GLOM	DKD	text: diabetic nephropathy			False	Human glomeruli DN 41
GSE96804-GPL17586|GSM2544316	GSE96804-GPL17586	GSE96804	GSM2544316	eval_T1	GLOM	CONTROL	text: unaffected portion of tumor nephrectomies			False	Human glomeruli Control 01
GSE96804-GPL17586|GSM2544317	GSE96804-GPL17586	GSE96804	GSM2544317	eval_T1	GLOM	CONTROL	text: unaffected portion of tumor nephrectomies			False	Human glomeruli Control 02
GSE96804-GPL17586|GSM2544318	GSE96804-GPL17586	GSE96804	GSM2544318	eval_T1	GLOM	CONTROL	text: unaffected portion of tumor nephrectomies			False	Human glomeruli Control 03
GSE96804-GPL17586|GSM2544319	GSE96804-GPL17586	GSE96804	GSM2544319	eval_T1	GLOM	CONTROL	text: unaffected portion of tumor nephrectomies			False	Human glomeruli Control 04
GSE96804-GPL17586|GSM2544320	GSE96804-GPL17586	GSE96804	GSM2544320	eval_T1	GLOM	CONTROL	text: unaffected portion of tumor nephrectomies			False	Human glomeruli Control 05
GSE96804-GPL17586|GSM2544321	GSE96804-GPL17586	GSE96804	GSM2544321	eval_T1	GLOM	CONTROL	text: unaffected portion of tumor nephrectomies			False	Human glomeruli Control 06
GSE96804-GPL17586|GSM2544322	GSE96804-GPL17586	GSE96804	GSM2544322	eval_T1	GLOM	CONTROL	text: unaffected portion of tumor nephrectomies			False	Human glomeruli Control 07
GSE96804-GPL17586|GSM2544323	GSE96804-GPL17586	GSE96804	GSM2544323	eval_T1	GLOM	CONTROL	text: unaffected portion of tumor nephrectomies			False	Human glomeruli Control 08
GSE96804-GPL17586|GSM2544324	GSE96804-GPL17586	GSE96804	GSM2544324	eval_T1	GLOM	CONTROL	text: unaffected portion of tumor nephrectomies			False	Human glomeruli Control 09
GSE96804-GPL17586|GSM2544325	GSE96804-GPL17586	GSE96804	GSM2544325	eval_T1	GLOM	CONTROL	text: unaffected portion of tumor nephrectomies			False	Human glomeruli Control 10
GSE96804-GPL17586|GSM2544326	GSE96804-GPL17586	GSE96804	GSM2544326	eval_T1	GLOM	CONTROL	text: unaffected portion of tumor nephrectomies			False	Human glomeruli Control 11
GSE96804-GPL17586|GSM2544327	GSE96804-GPL17586	GSE96804	GSM2544327	eval_T1	GLOM	CONTROL	text: unaffected portion of tumor nephrectomies			False	Human glomeruli Control 12
GSE96804-GPL17586|GSM2544328	GSE96804-GPL17586	GSE96804	GSM2544328	eval_T1	GLOM	CONTROL	text: unaffected portion of tumor nephrectomies			False	Human glomeruli Control 13
GSE96804-GPL17586|GSM2544329	GSE96804-GPL17586	GSE96804	GSM2544329	eval_T1	GLOM	CONTROL	text: unaffected portion of tumor nephrectomies			False	Human glomeruli Control 14
GSE96804-GPL17586|GSM2544330	GSE96804-GPL17586	GSE96804	GSM2544330	eval_T1	GLOM	CONTROL	text: unaffected portion of tumor nephrectomies			False	Human glomeruli Control 15
GSE96804-GPL17586|GSM2544331	GSE96804-GPL17586	GSE96804	GSM2544331	eval_T1	GLOM	CONTROL	text: unaffected portion of tumor nephrectomies			False	Human glomeruli Control 16
GSE96804-GPL17586|GSM2544332	GSE96804-GPL17586	GSE96804	GSM2544332	eval_T1	GLOM	CONTROL	text: unaffected portion of tumor nephrectomies			False	Human glomeruli Control 17
GSE96804-GPL17586|GSM2544333	GSE96804-GPL17586	GSE96804	GSM2544333	eval_T1	GLOM	CONTROL	text: unaffected portion of tumor nephrectomies			False	Human glomeruli Control 18
GSE96804-GPL17586|GSM2544334	GSE96804-GPL17586	GSE96804	GSM2544334	eval_T1	GLOM	CONTROL	text: unaffected portion of tumor nephrectomies			False	Human glomeruli Control 19
GSE96804-GPL17586|GSM2544335	GSE96804-GPL17586	GSE96804	GSM2544335	eval_T1	GLOM	CONTROL	text: unaffected portion of tumor nephrectomies			False	Human glomeruli Control 20
GSE99339-GPL19109|GSM2642424	GSE99339-GPL19109	GSE99339	GSM2642424	eval_T1_T2	GLOM	DKD	ERCB title code	ERCB:GLOM:DN:901		False	Diabetic Nephropathy [H7-Glom-DN901]
GSE99339-GPL19109|GSM2642425	GSE99339-GPL19109	GSE99339	GSM2642425	eval_T1_T2	GLOM	DKD	ERCB title code	ERCB:GLOM:DN:910		False	Diabetic Nephropathy [H7-Glom-DN910]
GSE99339-GPL19109|GSM2642426	GSE99339-GPL19109	GSE99339	GSM2642426	eval_T1_T2	GLOM	DKD	ERCB title code	ERCB:GLOM:DN:914		False	Diabetic Nephropathy [H7-Glom-DN914]
GSE99339-GPL19109|GSM2642427	GSE99339-GPL19109	GSE99339	GSM2642427	eval_T1_T2	GLOM	DKD	ERCB title code	ERCB:GLOM:DN:916		False	Diabetic Nephropathy [H7-Glom-DN916]
GSE99339-GPL19109|GSM2642428	GSE99339-GPL19109	GSE99339	GSM2642428	eval_T1_T2	GLOM	DKD	ERCB title code	ERCB:GLOM:DN:932		False	Diabetic Nephropathy [H7-Glom-DN932]
GSE99339-GPL19109|GSM2642429	GSE99339-GPL19109	GSE99339	GSM2642429	eval_T1_T2	GLOM	DKD	ERCB title code	ERCB:GLOM:DN:941		False	Diabetic Nephropathy [H7-Glom-DN941]
GSE99339-GPL19109|GSM2642430	GSE99339-GPL19109	GSE99339	GSM2642430	eval_T1_T2	GLOM	DKD	ERCB title code	ERCB:GLOM:DN:947		False	Diabetic Nephropathy [H7-Glom-DN947]
GSE99339-GPL19109|GSM2642431	GSE99339-GPL19109	GSE99339	GSM2642431	eval_T1_T2	GLOM	FSGS_MCD	ERCB title code	ERCB:GLOM:FSGS&MCD:905		False	Minimal Change Disease [H7-Glom-FSGS&MCD905]
GSE99339-GPL19109|GSM2642432	GSE99339-GPL19109	GSE99339	GSM2642432	eval_T1_T2	GLOM	FSGS_MCD	ERCB title code	ERCB:GLOM:FSGS&MCD:922		False	Minimal Change Disease [H7-Glom-FSGS&MCD922]
GSE99339-GPL19109|GSM2642433	GSE99339-GPL19109	GSE99339	GSM2642433	eval_T1_T2	GLOM	FSGS_MCD	ERCB title code	ERCB:GLOM:FSGS&MCD:923		False	Minimal Change Disease [H7-Glom-FSGS&MCD923]
GSE99339-GPL19109|GSM2642434	GSE99339-GPL19109	GSE99339	GSM2642434	eval_T1_T2	GLOM	FSGS_MCD	ERCB title code	ERCB:GLOM:FSGS&MCD:931		False	Minimal Change Disease [H7-Glom-FSGS&MCD931]
GSE99339-GPL19109|GSM2642435	GSE99339-GPL19109	GSE99339	GSM2642435	eval_T1_T2	GLOM	FSGS_MCD	ERCB title code	ERCB:GLOM:FSGS&MCD:940		False	Minimal Change Disease [H7-Glom-FSGS&MCD940]
GSE99339-GPL19109|GSM2642436	GSE99339-GPL19109	GSE99339	GSM2642436	eval_T1_T2	GLOM	FSGS_MCD	ERCB title code	ERCB:GLOM:FSGS&MCD:944		False	Minimal Change Disease [H7-Glom-FSGS&MCD944]
GSE99339-GPL19109|GSM2642437	GSE99339-GPL19109	GSE99339	GSM2642437	eval_T1_T2	GLOM	FSGS	ERCB title code	ERCB:GLOM:FSGS:912		False	Focal and Segmental Glomerulosclerosis [H7-Glom-FSGS912]
GSE99339-GPL19109|GSM2642438	GSE99339-GPL19109	GSE99339	GSM2642438	eval_T1_T2	GLOM	FSGS	ERCB title code	ERCB:GLOM:FSGS:915		False	Focal and Segmental Glomerulosclerosis [H7-Glom-FSGS915]
GSE99339-GPL19109|GSM2642439	GSE99339-GPL19109	GSE99339	GSM2642439	eval_T1_T2	GLOM	FSGS	ERCB title code	ERCB:GLOM:FSGS:917		False	Focal and Segmental Glomerulosclerosis [H7-Glom-FSGS917]
GSE99339-GPL19109|GSM2642440	GSE99339-GPL19109	GSE99339	GSM2642440	eval_T1_T2	GLOM	FSGS	ERCB title code	ERCB:GLOM:FSGS:918		False	Focal and Segmental Glomerulosclerosis [H7-Glom-FSGS918]
GSE99339-GPL19109|GSM2642441	GSE99339-GPL19109	GSE99339	GSM2642441	eval_T1_T2	GLOM	FSGS	ERCB title code	ERCB:GLOM:FSGS:920		False	Focal and Segmental Glomerulosclerosis [H7-Glom-FSGS920]
GSE99339-GPL19109|GSM2642442	GSE99339-GPL19109	GSE99339	GSM2642442	eval_T1_T2	GLOM	FSGS	ERCB title code	ERCB:GLOM:FSGS:927		False	Focal and Segmental Glomerulosclerosis [H7-Glom-FSGS927]
GSE99339-GPL19109|GSM2642443	GSE99339-GPL19109	GSE99339	GSM2642443	eval_T1_T2	GLOM	FSGS	ERCB title code	ERCB:GLOM:FSGS:933		False	Focal and Segmental Glomerulosclerosis [H7-Glom-FSGS933]
GSE99339-GPL19109|GSM2642444	GSE99339-GPL19109	GSE99339	GSM2642444	eval_T1_T2	GLOM	FSGS	ERCB title code	ERCB:GLOM:FSGS:970		False	Focal and Segmental Glomerulosclerosis [H7-Glom-FSGS970]
GSE99339-GPL19109|GSM2642445	GSE99339-GPL19109	GSE99339	GSM2642445	eval_T1_T2	GLOM	FSGS	ERCB title code	ERCB:GLOM:FSGS:971		False	Focal and Segmental Glomerulosclerosis [H7-Glom-FSGS971]
GSE99339-GPL19109|GSM2642446	GSE99339-GPL19109	GSE99339	GSM2642446	eval_T1_T2	GLOM	FSGS	ERCB title code	ERCB:GLOM:FSGS:972		False	Focal and Segmental Glomerulosclerosis [H7-Glom-FSGS972]
GSE99339-GPL19109|GSM2642447	GSE99339-GPL19109	GSE99339	GSM2642447	eval_T1_T2	GLOM	MCD	ERCB title code	ERCB:GLOM:MCD:903		False	Minimal Change Disease [H7-Glom-MCD903]
GSE99339-GPL19109|GSM2642448	GSE99339-GPL19109	GSE99339	GSM2642448	eval_T1_T2	GLOM	MCD	ERCB title code	ERCB:GLOM:MCD:919		False	Minimal Change Disease [H7-Glom-MCD919]
GSE99339-GPL19109|GSM2642449	GSE99339-GPL19109	GSE99339	GSM2642449	eval_T1_T2	GLOM	MCD	ERCB title code	ERCB:GLOM:MCD:921		False	Minimal Change Disease [H7-Glom-MCD921]
GSE99339-GPL19109|GSM2642450	GSE99339-GPL19109	GSE99339	GSM2642450	eval_T1_T2	GLOM	MCD	ERCB title code	ERCB:GLOM:MCD:945		False	Minimal Change Disease [H7-Glom-MCD945]
GSE99339-GPL19109|GSM2642451	GSE99339-GPL19109	GSE99339	GSM2642451	eval_T1_T2	GLOM	MCD	ERCB title code	ERCB:GLOM:MCD:973		False	Minimal Change Disease [H7-Glom-MCD973]
GSE99339-GPL19109|GSM2642452	GSE99339-GPL19109	GSE99339	GSM2642452	eval_T1_T2	GLOM	RPGN	ERCB title code	ERCB:GLOM:RPGN:902		False	Rapidly Progressive Glomerulonephritis [H7-Glom-RPGN902]
GSE99339-GPL19109|GSM2642453	GSE99339-GPL19109	GSE99339	GSM2642453	eval_T1_T2	GLOM	RPGN	ERCB title code	ERCB:GLOM:RPGN:904		False	Rapidly Progressive Glomerulonephritis [H7-Glom-RPGN904]
GSE99339-GPL19109|GSM2642454	GSE99339-GPL19109	GSE99339	GSM2642454	eval_T1_T2	GLOM	RPGN	ERCB title code	ERCB:GLOM:RPGN:906		False	Rapidly Progressive Glomerulonephritis [H7-Glom-RPGN906]
GSE99339-GPL19109|GSM2642455	GSE99339-GPL19109	GSE99339	GSM2642455	eval_T1_T2	GLOM	RPGN	ERCB title code	ERCB:GLOM:RPGN:907		False	Rapidly Progressive Glomerulonephritis [H7-Glom-RPGN907]
GSE99339-GPL19109|GSM2642456	GSE99339-GPL19109	GSE99339	GSM2642456	eval_T1_T2	GLOM	RPGN	ERCB title code	ERCB:GLOM:RPGN:908		False	Rapidly Progressive Glomerulonephritis [H7-Glom-RPGN908]
GSE99339-GPL19109|GSM2642457	GSE99339-GPL19109	GSE99339	GSM2642457	eval_T1_T2	GLOM	RPGN	ERCB title code	ERCB:GLOM:RPGN:909		False	Rapidly Progressive Glomerulonephritis [H7-Glom-RPGN909]
GSE99339-GPL19109|GSM2642458	GSE99339-GPL19109	GSE99339	GSM2642458	eval_T1_T2	GLOM	RPGN	ERCB title code	ERCB:GLOM:RPGN:911		False	Rapidly Progressive Glomerulonephritis [H7-Glom-RPGN911]
GSE99339-GPL19109|GSM2642459	GSE99339-GPL19109	GSE99339	GSM2642459	eval_T1_T2	GLOM	RPGN	ERCB title code	ERCB:GLOM:RPGN:913		False	Rapidly Progressive Glomerulonephritis [H7-Glom-RPGN913]
GSE99339-GPL19109|GSM2642460	GSE99339-GPL19109	GSE99339	GSM2642460	eval_T1_T2	GLOM	RPGN	ERCB title code	ERCB:GLOM:RPGN:924		False	Rapidly Progressive Glomerulonephritis [H7-Glom-RPGN924]
GSE99339-GPL19109|GSM2642461	GSE99339-GPL19109	GSE99339	GSM2642461	eval_T1_T2	GLOM	RPGN	ERCB title code	ERCB:GLOM:RPGN:925		False	Rapidly Progressive Glomerulonephritis [H7-Glom-RPGN925]
GSE99339-GPL19109|GSM2642462	GSE99339-GPL19109	GSE99339	GSM2642462	eval_T1_T2	GLOM	RPGN	ERCB title code	ERCB:GLOM:RPGN:926		False	Rapidly Progressive Glomerulonephritis [H7-Glom-RPGN926]
GSE99339-GPL19109|GSM2642463	GSE99339-GPL19109	GSE99339	GSM2642463	eval_T1_T2	GLOM	RPGN	ERCB title code	ERCB:GLOM:RPGN:928		False	Rapidly Progressive Glomerulonephritis [H7-Glom-RPGN928]
GSE99339-GPL19109|GSM2642464	GSE99339-GPL19109	GSE99339	GSM2642464	eval_T1_T2	GLOM	RPGN	ERCB title code	ERCB:GLOM:RPGN:929		False	Rapidly Progressive Glomerulonephritis [H7-Glom-RPGN929]
GSE99339-GPL19109|GSM2642465	GSE99339-GPL19109	GSE99339	GSM2642465	eval_T1_T2	GLOM	RPGN	ERCB title code	ERCB:GLOM:RPGN:930		False	Rapidly Progressive Glomerulonephritis [H7-Glom-RPGN930]
GSE99339-GPL19109|GSM2642466	GSE99339-GPL19109	GSE99339	GSM2642466	eval_T1_T2	GLOM	RPGN	ERCB title code	ERCB:GLOM:RPGN:934		False	Rapidly Progressive Glomerulonephritis [H7-Glom-RPGN934]
GSE99339-GPL19109|GSM2642467	GSE99339-GPL19109	GSE99339	GSM2642467	eval_T1_T2	GLOM	RPGN	ERCB title code	ERCB:GLOM:RPGN:935		False	Rapidly Progressive Glomerulonephritis [H7-Glom-RPGN935]
GSE99339-GPL19109|GSM2642468	GSE99339-GPL19109	GSE99339	GSM2642468	eval_T1_T2	GLOM	RPGN	ERCB title code	ERCB:GLOM:RPGN:936		False	Rapidly Progressive Glomerulonephritis [H7-Glom-RPGN936]
GSE99339-GPL19109|GSM2642469	GSE99339-GPL19109	GSE99339	GSM2642469	eval_T1_T2	GLOM	RPGN	ERCB title code	ERCB:GLOM:RPGN:937		False	Rapidly Progressive Glomerulonephritis [H7-Glom-RPGN937]
GSE99339-GPL19109|GSM2642470	GSE99339-GPL19109	GSE99339	GSM2642470	eval_T1_T2	GLOM	RPGN	ERCB title code	ERCB:GLOM:RPGN:938		False	Rapidly Progressive Glomerulonephritis [H7-Glom-RPGN938]
GSE99339-GPL19109|GSM2642471	GSE99339-GPL19109	GSE99339	GSM2642471	eval_T1_T2	GLOM	RPGN	ERCB title code	ERCB:GLOM:RPGN:939		False	Rapidly Progressive Glomerulonephritis [H7-Glom-RPGN939]
GSE99339-GPL19109|GSM2642472	GSE99339-GPL19109	GSE99339	GSM2642472	eval_T1_T2	GLOM	RPGN	ERCB title code	ERCB:GLOM:RPGN:942		False	Rapidly Progressive Glomerulonephritis [H7-Glom-RPGN942]
GSE99339-GPL19109|GSM2642473	GSE99339-GPL19109	GSE99339	GSM2642473	eval_T1_T2	GLOM	RPGN	ERCB title code	ERCB:GLOM:RPGN:943		False	Rapidly Progressive Glomerulonephritis [H7-Glom-RPGN943]
GSE99339-GPL19109|GSM2642474	GSE99339-GPL19109	GSE99339	GSM2642474	eval_T1_T2	GLOM	RPGN	ERCB title code	ERCB:GLOM:RPGN:946		False	Rapidly Progressive Glomerulonephritis [H7-Glom-RPGN946]
GSE99339-GPL19109|GSM2642475	GSE99339-GPL19109	GSE99339	GSM2642475	eval_T1_T2	GLOM	CONTROL	ERCB title code	ERCB:GLOM:TN:995		False	Tumor Nephrectomy [H7-Glom-TN995]
GSE99339-GPL19109|GSM2642476	GSE99339-GPL19109	GSE99339	GSM2642476	eval_T1_T2	GLOM	CONTROL	ERCB title code	ERCB:GLOM:TN:996		False	Tumor Nephrectomy [H7-Glom-TN996]
GSE99339-GPL19109|GSM2642477	GSE99339-GPL19109	GSE99339	GSM2642477	eval_T1_T2	GLOM	CONTROL	ERCB title code	ERCB:GLOM:TN:997		False	Tumor Nephrectomy [H7-Glom-TN997]
GSE99339-GPL19184|GSM2642291	GSE99339-GPL19184	GSE99339	GSM2642291	eval_T1_T2	GLOM	DKD	ERCB title code	ERCB:GLOM:DN:1		False	Diabetic Nephropathy [H1-Glom-DN1]
GSE99339-GPL19184|GSM2642292	GSE99339-GPL19184	GSE99339	GSM2642292	eval_T1_T2	GLOM	DKD	ERCB title code	ERCB:GLOM:DN:2		False	Diabetic Nephropathy [H1-Glom-DN2]
GSE99339-GPL19184|GSM2642293	GSE99339-GPL19184	GSE99339	GSM2642293	eval_T1_T2	GLOM	DKD	ERCB title code	ERCB:GLOM:DN:5		False	Diabetic Nephropathy [H1-Glom-DN5]
GSE99339-GPL19184|GSM2642294	GSE99339-GPL19184	GSE99339	GSM2642294	eval_T1_T2	GLOM	DKD	ERCB title code	ERCB:GLOM:DN:6		False	Diabetic Nephropathy [H1-Glom-DN6]
GSE99339-GPL19184|GSM2642295	GSE99339-GPL19184	GSE99339	GSM2642295	eval_T1_T2	GLOM	DKD	ERCB title code	ERCB:GLOM:DN:8		False	Diabetic Nephropathy [H1-Glom-DN8]
GSE99339-GPL19184|GSM2642296	GSE99339-GPL19184	GSE99339	GSM2642296	eval_T1_T2	GLOM	DKD	ERCB title code	ERCB:GLOM:DN:10		False	Diabetic Nephropathy [H1-Glom-DN10]
GSE99339-GPL19184|GSM2642297	GSE99339-GPL19184	GSE99339	GSM2642297	eval_T1_T2	GLOM	DKD	ERCB title code	ERCB:GLOM:DN:16		False	Diabetic Nephropathy [H1-Glom-DN16]
GSE99339-GPL19184|GSM2642298	GSE99339-GPL19184	GSE99339	GSM2642298	eval_T1_T2	GLOM	MCD	ERCB title code	ERCB:GLOM:MCD:1		False	Minimal Change Disease [H1-Glom-MCD1]
GSE99339-GPL19184|GSM2642299	GSE99339-GPL19184	GSE99339	GSM2642299	eval_T1_T2	GLOM	MCD	ERCB title code	ERCB:GLOM:MCD:2		False	Minimal Change Disease [H1-Glom-MCD2]
GSE99339-GPL19184|GSM2642300	GSE99339-GPL19184	GSE99339	GSM2642300	eval_T1_T2	GLOM	MCD	ERCB title code	ERCB:GLOM:MCD:3		False	Minimal Change Disease [H1-Glom-MCD3]
GSE99339-GPL19184|GSM2642301	GSE99339-GPL19184	GSE99339	GSM2642301	eval_T1_T2	GLOM	MCD	ERCB title code	ERCB:GLOM:MCD:5		False	Minimal Change Disease [H1-Glom-MCD5]
GSE99339-GPL19184|GSM2642302	GSE99339-GPL19184	GSE99339	GSM2642302	eval_T1_T2	GLOM	TMD	ERCB title code	ERCB:GLOM:TMD:1		False	Thin Membrane Disease [H1-Glom-TMD1]
GSE99339-GPL19184|GSM2642303	GSE99339-GPL19184	GSE99339	GSM2642303	eval_T1_T2	GLOM	TMD	ERCB title code	ERCB:GLOM:TMD:2		False	Thin Membrane Disease [H1-Glom-TMD2]
GSE99339-GPL19184|GSM2642304	GSE99339-GPL19184	GSE99339	GSM2642304	eval_T1_T2	GLOM	TMD	ERCB title code	ERCB:GLOM:TMD:5		False	Thin Membrane Disease [H1-Glom-TMD5]
GSE99339-GPL19184|GSM2642305	GSE99339-GPL19184	GSE99339	GSM2642305	eval_T1_T2	GLOM	CONTROL	ERCB title code	ERCB:GLOM:TN:1		False	Tumor Nephrectomy [H1-Glom-TN1]
GSE99339-GPL19184|GSM2642306	GSE99339-GPL19184	GSE99339	GSM2642306	eval_T1_T2	GLOM	CONTROL	ERCB title code	ERCB:GLOM:TN:2		False	Tumor Nephrectomy [H1-Glom-TN2]
GSE99339-GPL19184|GSM2642307	GSE99339-GPL19184	GSE99339	GSM2642307	eval_T1_T2	GLOM	CONTROL	ERCB title code	ERCB:GLOM:TN:3		False	Tumor Nephrectomy [H1-Glom-TN3]
GSE99339-GPL19184|GSM2642308	GSE99339-GPL19184	GSE99339	GSM2642308	eval_T1_T2	GLOM	HT	ERCB title code	ERCB:GLOM:HT:1		False	Hypertensive Nephropathy [H2-Glom-HT1]
GSE99339-GPL19184|GSM2642309	GSE99339-GPL19184	GSE99339	GSM2642309	eval_T1_T2	GLOM	HT	ERCB title code	ERCB:GLOM:HT:2		False	Hypertensive Nephropathy [H2-Glom-HT2]
GSE99339-GPL19184|GSM2642310	GSE99339-GPL19184	GSE99339	GSM2642310	eval_T1_T2	GLOM	HT	ERCB title code	ERCB:GLOM:HT:4		False	Hypertensive Nephropathy [H2-Glom-HT4]
GSE99339-GPL19184|GSM2642311	GSE99339-GPL19184	GSE99339	GSM2642311	eval_T1_T2	GLOM	HT	ERCB title code	ERCB:GLOM:HT:5		False	Hypertensive Nephropathy [H2-Glom-HT5]
GSE99339-GPL19184|GSM2642312	GSE99339-GPL19184	GSE99339	GSM2642312	eval_T1_T2	GLOM	HT	ERCB title code	ERCB:GLOM:HT:6		False	Hypertensive Nephropathy [H2-Glom-HT6]
GSE99339-GPL19184|GSM2642313	GSE99339-GPL19184	GSE99339	GSM2642313	eval_T1_T2	GLOM	HT	ERCB title code	ERCB:GLOM:HT:7		False	Hypertensive Nephropathy [H2-Glom-HT7]
GSE99339-GPL19184|GSM2642314	GSE99339-GPL19184	GSE99339	GSM2642314	eval_T1_T2	GLOM	HT	ERCB title code	ERCB:GLOM:HT:8		False	Hypertensive Nephropathy [H2-Glom-HT8]
GSE99339-GPL19184|GSM2642315	GSE99339-GPL19184	GSE99339	GSM2642315	eval_T1_T2	GLOM	HT	ERCB title code	ERCB:GLOM:HT:11		False	Hypertensive Nephropathy [H2-Glom-HT11]
GSE99339-GPL19184|GSM2642316	GSE99339-GPL19184	GSE99339	GSM2642316	eval_T1_T2	GLOM	HT	ERCB title code	ERCB:GLOM:HT:12		False	Hypertensive Nephropathy [H2-Glom-HT12]
GSE99339-GPL19184|GSM2642317	GSE99339-GPL19184	GSE99339	GSM2642317	eval_T1_T2	GLOM	HT	ERCB title code	ERCB:GLOM:HT:13		False	Hypertensive Nephropathy [H2-Glom-HT13]
GSE99339-GPL19184|GSM2642318	GSE99339-GPL19184	GSE99339	GSM2642318	eval_T1_T2	GLOM	HT	ERCB title code	ERCB:GLOM:HT:14		False	Hypertensive Nephropathy [H2-Glom-HT14]
GSE99339-GPL19184|GSM2642319	GSE99339-GPL19184	GSE99339	GSM2642319	eval_T1_T2	GLOM	HT	ERCB title code	ERCB:GLOM:HT:15		False	Hypertensive Nephropathy [H2-Glom-HT15]
GSE99339-GPL19184|GSM2642320	GSE99339-GPL19184	GSE99339	GSM2642320	eval_T1_T2	GLOM	HT	ERCB title code	ERCB:GLOM:HT:16		False	Hypertensive Nephropathy [H2-Glom-HT16]
GSE99339-GPL19184|GSM2642321	GSE99339-GPL19184	GSE99339	GSM2642321	eval_T1_T2	GLOM	HT	ERCB title code	ERCB:GLOM:HT:18		False	Hypertensive Nephropathy [H2-Glom-HT18]
GSE99339-GPL19184|GSM2642322	GSE99339-GPL19184	GSE99339	GSM2642322	eval_T1_T2	GLOM	HT	ERCB title code	ERCB:GLOM:HT:20		False	Hypertensive Nephropathy [H2-Glom-HT20]
GSE99339-GPL19184|GSM2642323	GSE99339-GPL19184	GSE99339	GSM2642323	eval_T1_T2	GLOM	CONTROL	ERCB title code	ERCB:GLOM:TN:1		False	Hypertensive Nephropathy [H2-Glom-TN1]
GSE99339-GPL19184|GSM2642324	GSE99339-GPL19184	GSE99339	GSM2642324	eval_T1_T2	GLOM	CONTROL	ERCB title code	ERCB:GLOM:TN:2		False	Hypertensive Nephropathy [H2-Glom-TN2]
GSE99339-GPL19184|GSM2642325	GSE99339-GPL19184	GSE99339	GSM2642325	eval_T1_T2	GLOM	CONTROL	ERCB title code	ERCB:GLOM:TN:3		False	Hypertensive Nephropathy [H2-Glom-TN3]
GSE99339-GPL19184|GSM2642326	GSE99339-GPL19184	GSE99339	GSM2642326	eval_T1_T2	GLOM	MCD	ERCB title code	ERCB:GLOM:MCD:12		False	Minimal Change Disease [H3-Glom-MCD12]
GSE99339-GPL19184|GSM2642327	GSE99339-GPL19184	GSE99339	GSM2642327	eval_T1_T2	GLOM	MCD	ERCB title code	ERCB:GLOM:MCD:8		False	Minimal Change Disease [H3-Glom-MCD8]
GSE99339-GPL19184|GSM2642328	GSE99339-GPL19184	GSE99339	GSM2642328	eval_T1_T2	GLOM	MCD	ERCB title code	ERCB:GLOM:MCD:9		False	Minimal Change Disease [H3-Glom-MCD9]
GSE99339-GPL19184|GSM2642329	GSE99339-GPL19184	GSE99339	GSM2642329	eval_T1_T2	GLOM	MCD	ERCB title code	ERCB:GLOM:MCD:10		False	Minimal Change Disease [H3-Glom-MCD10]
GSE99339-GPL19184|GSM2642330	GSE99339-GPL19184	GSE99339	GSM2642330	eval_T1_T2	GLOM	CONTROL	ERCB title code	ERCB:GLOM:TN:1		False	Tumor Nephrectomy [H3-Glom-TN1]
GSE99339-GPL19184|GSM2642331	GSE99339-GPL19184	GSE99339	GSM2642331	eval_T1_T2	GLOM	CONTROL	ERCB title code	ERCB:GLOM:TN:2		False	Tumor Nephrectomy [H3-Glom-TN2]
GSE99339-GPL19184|GSM2642332	GSE99339-GPL19184	GSE99339	GSM2642332	eval_T1_T2	GLOM	CONTROL	ERCB title code	ERCB:GLOM:TN:33		False	Tumor Nephrectomy [H3-Glom-TN33]
GSE99339-GPL19184|GSM2642333	GSE99339-GPL19184	GSE99339	GSM2642333	eval_T1_T2	GLOM	CONTROL	ERCB title code	ERCB:GLOM:TN:34		False	Tumor Nephrectomy [H3-Glom-TN34]
GSE99339-GPL19184|GSM2642334	GSE99339-GPL19184	GSE99339	GSM2642334	eval_T1_T2	GLOM	CONTROL	ERCB title code	ERCB:GLOM:TN:6		False	Tumor Nephrectomy [H3-Glom-TN6]
GSE99339-GPL19184|GSM2642335	GSE99339-GPL19184	GSE99339	GSM2642335	eval_T1_T2	GLOM	IgAN	ERCB title code	ERCB:GLOM:IGA:1		False	IgA Nephropathy [H4-Glom-IgA1]
GSE99339-GPL19184|GSM2642336	GSE99339-GPL19184	GSE99339	GSM2642336	eval_T1_T2	GLOM	IgAN	ERCB title code	ERCB:GLOM:IGA:2		False	IgA Nephropathy [H4-Glom-IgA2]
GSE99339-GPL19184|GSM2642337	GSE99339-GPL19184	GSE99339	GSM2642337	eval_T1_T2	GLOM	IgAN	ERCB title code	ERCB:GLOM:IGA:3		False	IgA Nephropathy [H4-Glom-IgA3]
GSE99339-GPL19184|GSM2642338	GSE99339-GPL19184	GSE99339	GSM2642338	eval_T1_T2	GLOM	IgAN	ERCB title code	ERCB:GLOM:IGA:4		False	IgA Nephropathy [H4-Glom-IgA4]
GSE99339-GPL19184|GSM2642339	GSE99339-GPL19184	GSE99339	GSM2642339	eval_T1_T2	GLOM	IgAN	ERCB title code	ERCB:GLOM:IGA:5		False	IgA Nephropathy [H4-Glom-IgA5]
GSE99339-GPL19184|GSM2642340	GSE99339-GPL19184	GSE99339	GSM2642340	eval_T1_T2	GLOM	IgAN	ERCB title code	ERCB:GLOM:IGA:6		False	IgA Nephropathy [H4-Glom-IgA6]
GSE99339-GPL19184|GSM2642341	GSE99339-GPL19184	GSE99339	GSM2642341	eval_T1_T2	GLOM	IgAN	ERCB title code	ERCB:GLOM:IGA:7		False	IgA Nephropathy [H4-Glom-IgA7]
GSE99339-GPL19184|GSM2642342	GSE99339-GPL19184	GSE99339	GSM2642342	eval_T1_T2	GLOM	IgAN	ERCB title code	ERCB:GLOM:IGA:8		False	IgA Nephropathy [H4-Glom-IgA8]
GSE99339-GPL19184|GSM2642343	GSE99339-GPL19184	GSE99339	GSM2642343	eval_T1_T2	GLOM	IgAN	ERCB title code	ERCB:GLOM:IGA:9		False	IgA Nephropathy [H4-Glom-IgA9]
GSE99339-GPL19184|GSM2642344	GSE99339-GPL19184	GSE99339	GSM2642344	eval_T1_T2	GLOM	IgAN	ERCB title code	ERCB:GLOM:IGA:10		False	IgA Nephropathy [H4-Glom-IgA10]
GSE99339-GPL19184|GSM2642345	GSE99339-GPL19184	GSE99339	GSM2642345	eval_T1_T2	GLOM	IgAN	ERCB title code	ERCB:GLOM:IGA:11		False	IgA Nephropathy [H4-Glom-IgA11]
GSE99339-GPL19184|GSM2642346	GSE99339-GPL19184	GSE99339	GSM2642346	eval_T1_T2	GLOM	IgAN	ERCB title code	ERCB:GLOM:IGA:12		False	IgA Nephropathy [H4-Glom-IgA12]
GSE99339-GPL19184|GSM2642347	GSE99339-GPL19184	GSE99339	GSM2642347	eval_T1_T2	GLOM	IgAN	ERCB title code	ERCB:GLOM:IGA:13		False	IgA Nephropathy [H4-Glom-IgA13]
GSE99339-GPL19184|GSM2642348	GSE99339-GPL19184	GSE99339	GSM2642348	eval_T1_T2	GLOM	IgAN	ERCB title code	ERCB:GLOM:IGA:14		False	IgA Nephropathy [H4-Glom-IgA14]
GSE99339-GPL19184|GSM2642349	GSE99339-GPL19184	GSE99339	GSM2642349	eval_T1_T2	GLOM	IgAN	ERCB title code	ERCB:GLOM:IGA:15		False	IgA Nephropathy [H4-Glom-IgA15]
GSE99339-GPL19184|GSM2642350	GSE99339-GPL19184	GSE99339	GSM2642350	eval_T1_T2	GLOM	IgAN	ERCB title code	ERCB:GLOM:IGA:16		False	IgA Nephropathy [H4-Glom-IgA16]
GSE99339-GPL19184|GSM2642351	GSE99339-GPL19184	GSE99339	GSM2642351	eval_T1_T2	GLOM	IgAN	ERCB title code	ERCB:GLOM:IGA:17		False	IgA Nephropathy [H4-Glom-IgA17]
GSE99339-GPL19184|GSM2642352	GSE99339-GPL19184	GSE99339	GSM2642352	eval_T1_T2	GLOM	IgAN	ERCB title code	ERCB:GLOM:IGA:18		False	IgA Nephropathy [H4-Glom-IgA18]
GSE99339-GPL19184|GSM2642353	GSE99339-GPL19184	GSE99339	GSM2642353	eval_T1_T2	GLOM	IgAN	ERCB title code	ERCB:GLOM:IGA:19		False	IgA Nephropathy [H4-Glom-IgA19]
GSE99339-GPL19184|GSM2642354	GSE99339-GPL19184	GSE99339	GSM2642354	eval_T1_T2	GLOM	IgAN	ERCB title code	ERCB:GLOM:IGA:20		False	IgA Nephropathy [H4-Glom-IgA20]
GSE99339-GPL19184|GSM2642355	GSE99339-GPL19184	GSE99339	GSM2642355	eval_T1_T2	GLOM	IgAN	ERCB title code	ERCB:GLOM:IGA:21		False	IgA Nephropathy [H4-Glom-IgA21]
GSE99339-GPL19184|GSM2642356	GSE99339-GPL19184	GSE99339	GSM2642356	eval_T1_T2	GLOM	IgAN	ERCB title code	ERCB:GLOM:IGA:22		False	IgA Nephropathy [H4-Glom-IgA22]
GSE99339-GPL19184|GSM2642357	GSE99339-GPL19184	GSE99339	GSM2642357	eval_T1_T2	GLOM	IgAN	ERCB title code	ERCB:GLOM:IGA:24		False	IgA Nephropathy [H4-Glom-IgA24]
GSE99339-GPL19184|GSM2642358	GSE99339-GPL19184	GSE99339	GSM2642358	eval_T1_T2	GLOM	IgAN	ERCB title code	ERCB:GLOM:IGA:25		False	IgA Nephropathy [H4-Glom-IgA25]
GSE99339-GPL19184|GSM2642359	GSE99339-GPL19184	GSE99339	GSM2642359	eval_T1_T2	GLOM	IgAN	ERCB title code	ERCB:GLOM:IGA:26		False	IgA Nephropathy [H4-Glom-IgA26]
GSE99339-GPL19184|GSM2642360	GSE99339-GPL19184	GSE99339	GSM2642360	eval_T1_T2	GLOM	IgAN	ERCB title code	ERCB:GLOM:IGA:27		False	IgA Nephropathy [H4-Glom-IgA27]
GSE99339-GPL19184|GSM2642361	GSE99339-GPL19184	GSE99339	GSM2642361	eval_T1_T2	GLOM	FSGS	ERCB title code	ERCB:GLOM:FSGS:420		False	Focal and Segmental Glomerulosclerosis [H5-Glom-FSGS420]
GSE99339-GPL19184|GSM2642362	GSE99339-GPL19184	GSE99339	GSM2642362	eval_T1_T2	GLOM	FSGS	ERCB title code	ERCB:GLOM:FSGS:426		False	Focal and Segmental Glomerulosclerosis [H5-Glom-FSGS426]
GSE99339-GPL19184|GSM2642363	GSE99339-GPL19184	GSE99339	GSM2642363	eval_T1_T2	GLOM	FSGS	ERCB title code	ERCB:GLOM:FSGS:427		False	Focal and Segmental Glomerulosclerosis [H5-Glom-FSGS427]
GSE99339-GPL19184|GSM2642364	GSE99339-GPL19184	GSE99339	GSM2642364	eval_T1_T2	GLOM	FSGS	ERCB title code	ERCB:GLOM:FSGS:428		False	Focal and Segmental Glomerulosclerosis [H5-Glom-FSGS428]
GSE99339-GPL19184|GSM2642365	GSE99339-GPL19184	GSE99339	GSM2642365	eval_T1_T2	GLOM	FSGS	ERCB title code	ERCB:GLOM:FSGS:441		False	Focal and Segmental Glomerulosclerosis [H5-Glom-FSGS441]
GSE99339-GPL19184|GSM2642366	GSE99339-GPL19184	GSE99339	GSM2642366	eval_T1_T2	GLOM	FSGS	ERCB title code	ERCB:GLOM:FSGS:443		False	Focal and Segmental Glomerulosclerosis [H5-Glom-FSGS443]
GSE99339-GPL19184|GSM2642367	GSE99339-GPL19184	GSE99339	GSM2642367	eval_T1_T2	GLOM	FSGS	ERCB title code	ERCB:GLOM:FSGS:446		False	Focal and Segmental Glomerulosclerosis [H5-Glom-FSGS446]
GSE99339-GPL19184|GSM2642368	GSE99339-GPL19184	GSE99339	GSM2642368	eval_T1_T2	GLOM	FSGS	ERCB title code	ERCB:GLOM:FSGS:447		False	Focal and Segmental Glomerulosclerosis [H5-Glom-FSGS447]
GSE99339-GPL19184|GSM2642369	GSE99339-GPL19184	GSE99339	GSM2642369	eval_T1_T2	GLOM	FSGS	ERCB title code	ERCB:GLOM:FSGS:449		False	Focal and Segmental Glomerulosclerosis [H5-Glom-FSGS449]
GSE99339-GPL19184|GSM2642370	GSE99339-GPL19184	GSE99339	GSM2642370	eval_T1_T2	GLOM	FSGS	ERCB title code	ERCB:GLOM:FSGS:457		False	Focal and Segmental Glomerulosclerosis [H5-Glom-FSGS457]
GSE99339-GPL19184|GSM2642371	GSE99339-GPL19184	GSE99339	GSM2642371	eval_T1_T2	GLOM	FSGS	ERCB title code	ERCB:GLOM:FSGS:458		False	Focal and Segmental Glomerulosclerosis [H5-Glom-FSGS458]
GSE99339-GPL19184|GSM2642372	GSE99339-GPL19184	GSE99339	GSM2642372	eval_T1_T2	GLOM	FSGS	ERCB title code	ERCB:GLOM:FSGS:459		False	Focal and Segmental Glomerulosclerosis [H5-Glom-FSGS459]
GSE99339-GPL19184|GSM2642373	GSE99339-GPL19184	GSE99339	GSM2642373	eval_T1_T2	GLOM	MN	ERCB title code	ERCB:GLOM:MGN:403		False	Membranous Glomerulonephritis [H5-Glom-MGN403]
GSE99339-GPL19184|GSM2642374	GSE99339-GPL19184	GSE99339	GSM2642374	eval_T1_T2	GLOM	MN	ERCB title code	ERCB:GLOM:MGN:415		False	Membranous Glomerulonephritis [H5-Glom-MGN415]
GSE99339-GPL19184|GSM2642375	GSE99339-GPL19184	GSE99339	GSM2642375	eval_T1_T2	GLOM	MN	ERCB title code	ERCB:GLOM:MGN:416		False	Membranous Glomerulonephritis [H5-Glom-MGN416]
GSE99339-GPL19184|GSM2642376	GSE99339-GPL19184	GSE99339	GSM2642376	eval_T1_T2	GLOM	MN	ERCB title code	ERCB:GLOM:MGN:417		False	Membranous Glomerulonephritis [H5-Glom-MGN417]
GSE99339-GPL19184|GSM2642377	GSE99339-GPL19184	GSE99339	GSM2642377	eval_T1_T2	GLOM	MN	ERCB title code	ERCB:GLOM:MGN:421		False	Membranous Glomerulonephritis [H5-Glom-MGN421]
GSE99339-GPL19184|GSM2642378	GSE99339-GPL19184	GSE99339	GSM2642378	eval_T1_T2	GLOM	MN	ERCB title code	ERCB:GLOM:MGN:422		False	Membranous Glomerulonephritis [H5-Glom-MGN422]
GSE99339-GPL19184|GSM2642379	GSE99339-GPL19184	GSE99339	GSM2642379	eval_T1_T2	GLOM	MN	ERCB title code	ERCB:GLOM:MGN:424		False	Membranous Glomerulonephritis [H5-Glom-MGN424]
GSE99339-GPL19184|GSM2642380	GSE99339-GPL19184	GSE99339	GSM2642380	eval_T1_T2	GLOM	MN	ERCB title code	ERCB:GLOM:MGN:425		False	Membranous Glomerulonephritis [H5-Glom-MGN425]
GSE99339-GPL19184|GSM2642381	GSE99339-GPL19184	GSE99339	GSM2642381	eval_T1_T2	GLOM	MN	ERCB title code	ERCB:GLOM:MGN:431		False	Membranous Glomerulonephritis [H5-Glom-MGN431]
GSE99339-GPL19184|GSM2642382	GSE99339-GPL19184	GSE99339	GSM2642382	eval_T1_T2	GLOM	MN	ERCB title code	ERCB:GLOM:MGN:432		False	Membranous Glomerulonephritis [H5-Glom-MGN432]
GSE99339-GPL19184|GSM2642383	GSE99339-GPL19184	GSE99339	GSM2642383	eval_T1_T2	GLOM	MN	ERCB title code	ERCB:GLOM:MGN:434		False	Membranous Glomerulonephritis [H5-Glom-MGN434]
GSE99339-GPL19184|GSM2642384	GSE99339-GPL19184	GSE99339	GSM2642384	eval_T1_T2	GLOM	MN	ERCB title code	ERCB:GLOM:MGN:435		False	Membranous Glomerulonephritis [H5-Glom-MGN435]
GSE99339-GPL19184|GSM2642385	GSE99339-GPL19184	GSE99339	GSM2642385	eval_T1_T2	GLOM	MN	ERCB title code	ERCB:GLOM:MGN:436		False	Membranous Glomerulonephritis [H5-Glom-MGN436]
GSE99339-GPL19184|GSM2642386	GSE99339-GPL19184	GSE99339	GSM2642386	eval_T1_T2	GLOM	MN	ERCB title code	ERCB:GLOM:MGN:437		False	Membranous Glomerulonephritis [H5-Glom-MGN437]
GSE99339-GPL19184|GSM2642387	GSE99339-GPL19184	GSE99339	GSM2642387	eval_T1_T2	GLOM	MN	ERCB title code	ERCB:GLOM:MGN:439		False	Membranous Glomerulonephritis [H5-Glom-MGN439]
GSE99339-GPL19184|GSM2642388	GSE99339-GPL19184	GSE99339	GSM2642388	eval_T1_T2	GLOM	MN	ERCB title code	ERCB:GLOM:MGN:452		False	Membranous Glomerulonephritis [H5-Glom-MGN452]
GSE99339-GPL19184|GSM2642389	GSE99339-GPL19184	GSE99339	GSM2642389	eval_T1_T2	GLOM	MN	ERCB title code	ERCB:GLOM:MGN:453		False	Membranous Glomerulonephritis [H5-Glom-MGN453]
GSE99339-GPL19184|GSM2642390	GSE99339-GPL19184	GSE99339	GSM2642390	eval_T1_T2	GLOM	MN	ERCB title code	ERCB:GLOM:MGN:455		False	Membranous Glomerulonephritis [H5-Glom-MGN455]
GSE99339-GPL19184|GSM2642391	GSE99339-GPL19184	GSE99339	GSM2642391	eval_T1_T2	GLOM	MN	ERCB title code	ERCB:GLOM:MGN:456		False	Membranous Glomerulonephritis [H5-Glom-MGN456]
GSE99339-GPL19184|GSM2642392	GSE99339-GPL19184	GSE99339	GSM2642392	eval_T1_T2	GLOM	MN	ERCB title code	ERCB:GLOM:MGN:460		False	Membranous Glomerulonephritis [H5-Glom-MGN460]
GSE99339-GPL19184|GSM2642393	GSE99339-GPL19184	GSE99339	GSM2642393	eval_T1_T2	GLOM	MN	ERCB title code	ERCB:GLOM:MGN:461		False	Membranous Glomerulonephritis [H5-Glom-MGN461]
GSE99339-GPL19184|GSM2642394	GSE99339-GPL19184	GSE99339	GSM2642394	eval_T1_T2	GLOM	LN	ERCB title code	ERCB:GLOM:SLE:401		False	Systemic Lupus Erymthematosus [H5-Glom-SLE401]
GSE99339-GPL19184|GSM2642395	GSE99339-GPL19184	GSE99339	GSM2642395	eval_T1_T2	GLOM	LN	ERCB title code	ERCB:GLOM:SLE:402		False	Systemic Lupus Erymthematosus [H5-Glom-SLE402]
GSE99339-GPL19184|GSM2642396	GSE99339-GPL19184	GSE99339	GSM2642396	eval_T1_T2	GLOM	LN	ERCB title code	ERCB:GLOM:SLE:404		False	Systemic Lupus Erymthematosus [H5-Glom-SLE404]
GSE99339-GPL19184|GSM2642397	GSE99339-GPL19184	GSE99339	GSM2642397	eval_T1_T2	GLOM	LN	ERCB title code	ERCB:GLOM:SLE:405		False	Systemic Lupus Erymthematosus [H5-Glom-SLE405]
GSE99339-GPL19184|GSM2642398	GSE99339-GPL19184	GSE99339	GSM2642398	eval_T1_T2	GLOM	LN	ERCB title code	ERCB:GLOM:SLE:406		False	Systemic Lupus Erymthematosus [H5-Glom-SLE406]
GSE99339-GPL19184|GSM2642399	GSE99339-GPL19184	GSE99339	GSM2642399	eval_T1_T2	GLOM	LN	ERCB title code	ERCB:GLOM:SLE:407		False	Systemic Lupus Erymthematosus [H5-Glom-SLE407]
GSE99339-GPL19184|GSM2642400	GSE99339-GPL19184	GSE99339	GSM2642400	eval_T1_T2	GLOM	LN	ERCB title code	ERCB:GLOM:SLE:408		False	Systemic Lupus Erymthematosus [H5-Glom-SLE408]
GSE99339-GPL19184|GSM2642401	GSE99339-GPL19184	GSE99339	GSM2642401	eval_T1_T2	GLOM	LN	ERCB title code	ERCB:GLOM:SLE:409		False	Systemic Lupus Erymthematosus [H5-Glom-SLE409]
GSE99339-GPL19184|GSM2642402	GSE99339-GPL19184	GSE99339	GSM2642402	eval_T1_T2	GLOM	LN	ERCB title code	ERCB:GLOM:SLE:410		False	Systemic Lupus Erymthematosus [H5-Glom-SLE410]
GSE99339-GPL19184|GSM2642403	GSE99339-GPL19184	GSE99339	GSM2642403	eval_T1_T2	GLOM	LN	ERCB title code	ERCB:GLOM:SLE:411		False	Systemic Lupus Erymthematosus [H5-Glom-SLE411]
GSE99339-GPL19184|GSM2642404	GSE99339-GPL19184	GSE99339	GSM2642404	eval_T1_T2	GLOM	LN	ERCB title code	ERCB:GLOM:SLE:412		False	Systemic Lupus Erymthematosus [H5-Glom-SLE412]
GSE99339-GPL19184|GSM2642405	GSE99339-GPL19184	GSE99339	GSM2642405	eval_T1_T2	GLOM	LN	ERCB title code	ERCB:GLOM:SLE:413		False	Systemic Lupus Erymthematosus [H5-Glom-SLE413]
GSE99339-GPL19184|GSM2642406	GSE99339-GPL19184	GSE99339	GSM2642406	eval_T1_T2	GLOM	LN	ERCB title code	ERCB:GLOM:SLE:414		False	Systemic Lupus Erymthematosus [H5-Glom-SLE414]
GSE99339-GPL19184|GSM2642407	GSE99339-GPL19184	GSE99339	GSM2642407	eval_T1_T2	GLOM	LN	ERCB title code	ERCB:GLOM:SLE:418		False	Systemic Lupus Erymthematosus [H5-Glom-SLE418]
GSE99339-GPL19184|GSM2642408	GSE99339-GPL19184	GSE99339	GSM2642408	eval_T1_T2	GLOM	LN	ERCB title code	ERCB:GLOM:SLE:419		False	Systemic Lupus Erymthematosus [H5-Glom-SLE419]
GSE99339-GPL19184|GSM2642409	GSE99339-GPL19184	GSE99339	GSM2642409	eval_T1_T2	GLOM	LN	ERCB title code	ERCB:GLOM:SLE:423		False	Systemic Lupus Erymthematosus [H5-Glom-SLE423]
GSE99339-GPL19184|GSM2642410	GSE99339-GPL19184	GSE99339	GSM2642410	eval_T1_T2	GLOM	LN	ERCB title code	ERCB:GLOM:SLE:430		False	Systemic Lupus Erymthematosus [H5-Glom-SLE430]
GSE99339-GPL19184|GSM2642411	GSE99339-GPL19184	GSE99339	GSM2642411	eval_T1_T2	GLOM	LN	ERCB title code	ERCB:GLOM:SLE:438		False	Systemic Lupus Erymthematosus [H5-Glom-SLE438]
GSE99339-GPL19184|GSM2642412	GSE99339-GPL19184	GSE99339	GSM2642412	eval_T1_T2	GLOM	LN	ERCB title code	ERCB:GLOM:SLE:440		False	Systemic Lupus Erymthematosus [H5-Glom-SLE440]
GSE99339-GPL19184|GSM2642413	GSE99339-GPL19184	GSE99339	GSM2642413	eval_T1_T2	GLOM	LN	ERCB title code	ERCB:GLOM:SLE:442		False	Systemic Lupus Erymthematosus [H5-Glom-SLE442]
GSE99339-GPL19184|GSM2642414	GSE99339-GPL19184	GSE99339	GSM2642414	eval_T1_T2	GLOM	LN	ERCB title code	ERCB:GLOM:SLE:445		False	Systemic Lupus Erymthematosus [H5-Glom-SLE445]
GSE99339-GPL19184|GSM2642415	GSE99339-GPL19184	GSE99339	GSM2642415	eval_T1_T2	GLOM	LN	ERCB title code	ERCB:GLOM:SLE:450		False	Systemic Lupus Erymthematosus [H5-Glom-SLE450]
GSE99339-GPL19184|GSM2642416	GSE99339-GPL19184	GSE99339	GSM2642416	eval_T1_T2	GLOM	LN	ERCB title code	ERCB:GLOM:SLE:451		False	Systemic Lupus Erymthematosus [H5-Glom-SLE451]
GSE99339-GPL19184|GSM2642417	GSE99339-GPL19184	GSE99339	GSM2642417	eval_T1_T2	GLOM	LN	ERCB title code	ERCB:GLOM:SLE:454		False	Systemic Lupus Erymthematosus [H5-Glom-SLE454]
GSE99339-GPL19184|GSM2642418	GSE99339-GPL19184	GSE99339	GSM2642418	eval_T1_T2	GLOM	LN	ERCB title code	ERCB:GLOM:SLE:462		False	Systemic Lupus Erymthematosus [H5-Glom-SLE462]
GSE99339-GPL19184|GSM2642419	GSE99339-GPL19184	GSE99339	GSM2642419	eval_T1_T2	GLOM	LN	ERCB title code	ERCB:GLOM:SLE:463		False	Systemic Lupus Erymthematosus [H5-Glom-SLE463]
GSE99339-GPL19184|GSM2642420	GSE99339-GPL19184	GSE99339	GSM2642420	eval_T1_T2	GLOM	LN	ERCB title code	ERCB:GLOM:SLE:464		False	Systemic Lupus Erymthematosus [H5-Glom-SLE464]
GSE99339-GPL19184|GSM2642421	GSE99339-GPL19184	GSE99339	GSM2642421	eval_T1_T2	GLOM	LN	ERCB title code	ERCB:GLOM:SLE:465		False	Systemic Lupus Erymthematosus [H5-Glom-SLE465]
GSE99339-GPL19184|GSM2642422	GSE99339-GPL19184	GSE99339	GSM2642422	eval_T1_T2	GLOM	LN	ERCB title code	ERCB:GLOM:SLE:466		False	Systemic Lupus Erymthematosus [H5-Glom-SLE466]
GSE99339-GPL19184|GSM2642423	GSE99339-GPL19184	GSE99339	GSM2642423	eval_T1_T2	GLOM	LN	ERCB title code	ERCB:GLOM:SLE:467		False	Systemic Lupus Erymthematosus [H5-Glom-SLE467]
