compartment	contrast	unit	cell_type	n_markers	mean_g	z	reference
GLOM	DKD_vs_CTRL	ERCB_GLOM_H1	PT	15	-1.070807543893655	-4.014695425960885	snRNA
GLOM	DKD_vs_CTRL	ERCB_GLOM_H1	PT_injured	11	-0.6289233622903173	-2.0011308302795645	snRNA
GLOM	DKD_vs_CTRL	ERCB_GLOM_H1	LOH	24	-0.08572410823156436	-0.05409819862116852	snRNA
GLOM	DKD_vs_CTRL	ERCB_GLOM_H1	DCT	22	-0.23643676524939525	-0.769492570195847	snRNA
GLOM	DKD_vs_CTRL	ERCB_GLOM_H1	CNT_PC	26	-0.334240902788364	-1.4228791168532997	snRNA
GLOM	DKD_vs_CTRL	ERCB_GLOM_H1	IC	18	-0.57364512152142	-2.3205021128718957	snRNA
GLOM	DKD_vs_CTRL	ERCB_GLOM_H1	PODO	22	-1.6009844266809523	-7.714248888289167	snRNA
GLOM	DKD_vs_CTRL	ERCB_GLOM_H1	PEC	22	-0.1897414197129282	-0.5741057381795057	snRNA
GLOM	DKD_vs_CTRL	ERCB_GLOM_H1	ENDO	26	0.47369809313945904	3.04330713799454	snRNA
GLOM	DKD_vs_CTRL	ERCB_GLOM_H1	ENDO_PT	29	0.5021516922981767	3.252142856840748	snRNA
GLOM	DKD_vs_CTRL	ERCB_GLOM_H1	MES	35	0.2427343942391287	2.051126792411268	snRNA
GLOM	DKD_vs_CTRL	ERCB_GLOM_H1	STROMA	40	0.8866960688494145	6.557321684590405	snRNA
GLOM	DKD_vs_CTRL	ERCB_GLOM_H1	PERI	34	0.3085796784828691	2.315468023577434	snRNA
GLOM	DKD_vs_CTRL	ERCB_GLOM_H1	BCELL	26	-0.06202179193496704	0.06995026672073273	snRNA
GLOM	DKD_vs_CTRL	ERCB_GLOM_H1	TCELL	36	0.1782226450741291	1.5323246961319228	snRNA
GLOM	DKD_vs_CTRL	ERCB_GLOM_H1	MAC	32	0.9713744115142617	6.167942090803663	snRNA
GLOM	DKD_vs_CTRL	ERCB_GLOM_H1	DC	26	0.4874256431626586	2.8637149681467737	snRNA
GLOM	DKD_vs_CTRL	ERCB_GLOM_H1	MAST	18	-0.12396454686919849	-0.2626501177701244	snRNA
GLOM	DKD_vs_CTRL	ERCB_GLOM_H7	PT	15	-1.3430739045143127	-3.987932393246577	snRNA
GLOM	DKD_vs_CTRL	ERCB_GLOM_H7	PT_injured	11	-0.28823922303589905	-0.6187554188847525	snRNA
GLOM	DKD_vs_CTRL	ERCB_GLOM_H7	LOH	24	0.33406641986221075	1.7466198275937512	snRNA
GLOM	DKD_vs_CTRL	ERCB_GLOM_H7	DCT	22	-0.7278062667359005	-2.369899244377889	snRNA
GLOM	DKD_vs_CTRL	ERCB_GLOM_H7	CNT_PC	26	-0.3133179614177117	-0.9193485726399806	snRNA
GLOM	DKD_vs_CTRL	ERCB_GLOM_H7	IC	18	-0.7200025270382563	-2.218235292659243	snRNA
GLOM	DKD_vs_CTRL	ERCB_GLOM_H7	PODO	22	-1.2835073043137195	-4.735724440028026	snRNA
GLOM	DKD_vs_CTRL	ERCB_GLOM_H7	PEC	22	0.40603017807006836	1.9055845578353672	snRNA
GLOM	DKD_vs_CTRL	ERCB_GLOM_H7	ENDO	26	-0.6470124621947224	-2.316606372710395	snRNA
GLOM	DKD_vs_CTRL	ERCB_GLOM_H7	ENDO_PT	29	-0.08251909070230763	0.024077511192850426	snRNA
GLOM	DKD_vs_CTRL	ERCB_GLOM_H7	MES	35	0.39832613372376985	2.2835688481664778	snRNA
GLOM	DKD_vs_CTRL	ERCB_GLOM_H7	STROMA	40	1.17941106808139	6.4547609039556075	snRNA
GLOM	DKD_vs_CTRL	ERCB_GLOM_H7	PERI	34	1.072844558121527	5.256018868031793	snRNA
GLOM	DKD_vs_CTRL	ERCB_GLOM_H7	BCELL	26	0.3603218220747434	1.8628396853668248	snRNA
GLOM	DKD_vs_CTRL	ERCB_GLOM_H7	TCELL	36	0.9331879974730933	5.061563970663371	snRNA
GLOM	DKD_vs_CTRL	ERCB_GLOM_H7	MAC	32	1.3686645401176065	6.977838339993371	snRNA
GLOM	DKD_vs_CTRL	ERCB_GLOM_H7	DC	26	1.1674560274069126	5.33999676522933	snRNA
GLOM	DKD_vs_CTRL	ERCB_GLOM_H7	MAST	18	0.7844869941473007	3.027142453875035	snRNA
GLOM	DKD_vs_CTRL	GSE96804-GPL17586	PT	31	-0.8092407115224388	-5.5666881482620525	snRNA
GLOM	DKD_vs_CTRL	GSE96804-GPL17586	PT_injured	26	-0.6113058987718362	-3.810441454635308	snRNA
GLOM	DKD_vs_CTRL	GSE96804-GPL17586	LOH	43	-0.19642092044963394	-1.7045640825488648	snRNA
GLOM	DKD_vs_CTRL	GSE96804-GPL17586	DCT	42	-0.34918772109917234	-2.865160762945405	snRNA
GLOM	DKD_vs_CTRL	GSE96804-GPL17586	CNT_PC	45	-0.021419244425164335	-0.27741357580467857	snRNA
GLOM	DKD_vs_CTRL	GSE96804-GPL17586	IC	45	-0.24861264667577213	-2.1336071030037456	snRNA
GLOM	DKD_vs_CTRL	GSE96804-GPL17586	PODO	40	-0.7847530010156334	-6.145105942090886	snRNA
GLOM	DKD_vs_CTRL	GSE96804-GPL17586	PEC	42	0.4353972500012744	3.18464475262195	snRNA
GLOM	DKD_vs_CTRL	GSE96804-GPL17586	ENDO	44	-0.04351817380467599	-0.4854437349470189	snRNA
GLOM	DKD_vs_CTRL	GSE96804-GPL17586	ENDO_PT	47	0.1917967169169099	1.3600251637643814	snRNA
GLOM	DKD_vs_CTRL	GSE96804-GPL17586	MES	46	0.1356878847329189	0.9614225372530074	snRNA
GLOM	DKD_vs_CTRL	GSE96804-GPL17586	STROMA	48	0.9808169525737563	8.477779314520708	snRNA
GLOM	DKD_vs_CTRL	GSE96804-GPL17586	PERI	45	0.2720686699781153	2.0007826598376575	snRNA
GLOM	DKD_vs_CTRL	GSE96804-GPL17586	BCELL	32	0.34274644893594086	2.125128218924611	snRNA
GLOM	DKD_vs_CTRL	GSE96804-GPL17586	TCELL	40	0.5528631527500693	4.20747058790223	snRNA
GLOM	DKD_vs_CTRL	GSE96804-GPL17586	MAC	46	0.5199025703148673	4.119923232528646	snRNA
GLOM	DKD_vs_CTRL	GSE96804-GPL17586	DC	44	0.26841960271584947	1.9545166463222579	snRNA
GLOM	DKD_vs_CTRL	GSE96804-GPL17586	MAST	23	0.4701390217827714	2.5499061341398126	snRNA
GLOM	DKD_vs_CTRL	META	PT	31	-0.875717319277746	-5.865495918512346	snRNA
GLOM	DKD_vs_CTRL	META	PT_injured	26	-0.5904308833086337	-3.6385554455086875	snRNA
GLOM	DKD_vs_CTRL	META	LOH	43	-0.10877695119427157	-0.8352055953574804	snRNA
GLOM	DKD_vs_CTRL	META	DCT	42	-0.3498827998271389	-2.648678450454479	snRNA
GLOM	DKD_vs_CTRL	META	CNT_PC	45	-0.159038454045852	-1.2776866168428407	snRNA
GLOM	DKD_vs_CTRL	META	IC	45	-0.3927599928169339	-3.090988171045566	snRNA
GLOM	DKD_vs_CTRL	META	PODO	40	-1.0293171629940236	-7.960795056228911	snRNA
GLOM	DKD_vs_CTRL	META	PEC	43	0.31234030359128645	2.790412323980228	snRNA
GLOM	DKD_vs_CTRL	META	ENDO	44	-0.021005496563509838	-0.10825769629900746	snRNA
GLOM	DKD_vs_CTRL	META	ENDO_PT	49	0.2090888164619136	1.8440146624735139	snRNA
GLOM	DKD_vs_CTRL	META	MES	46	0.2149746209033765	1.9152238147421419	snRNA
GLOM	DKD_vs_CTRL	META	STROMA	49	0.974811729648765	8.850645653831137	snRNA
GLOM	DKD_vs_CTRL	META	PERI	45	0.42687531866961054	3.7379961602513516	snRNA
GLOM	DKD_vs_CTRL	META	BCELL	37	0.24141270519645366	1.9166588459159113	snRNA
GLOM	DKD_vs_CTRL	META	TCELL	44	0.5770284645700346	4.906932804501164	snRNA
GLOM	DKD_vs_CTRL	META	MAC	47	0.8622034360515943	7.62943767058126	snRNA
GLOM	DKD_vs_CTRL	META	DC	45	0.5034258786862699	4.32479492421775	snRNA
GLOM	DKD_vs_CTRL	META	MAST	24	0.3238884922530916	2.0964923675423006	snRNA
GLOM	DKD_vs_PAT	ERCB_GLOM_H1	PT	15	-0.3371717040116588	-2.0172370580822463	snRNA
GLOM	DKD_vs_PAT	ERCB_GLOM_H1	PT_injured	11	-0.02979186854579231	0.018118331073249984	snRNA
GLOM	DKD_vs_PAT	ERCB_GLOM_H1	LOH	24	0.14842323462168375	1.6456489713045483	snRNA
GLOM	DKD_vs_PAT	ERCB_GLOM_H1	DCT	22	0.13474907201122155	1.455857519739894	snRNA
GLOM	DKD_vs_PAT	ERCB_GLOM_H1	CNT_PC	26	-0.03974713968972747	0.0037339818936569812	snRNA
GLOM	DKD_vs_PAT	ERCB_GLOM_H1	IC	18	-0.21794458271728623	-1.3700598769164065	snRNA
GLOM	DKD_vs_PAT	ERCB_GLOM_H1	PODO	22	-1.2731053780087016	-10.428057554285946	snRNA
GLOM	DKD_vs_PAT	ERCB_GLOM_H1	PEC	22	-0.0768750707714141	-0.33568826169099436	snRNA
GLOM	DKD_vs_PAT	ERCB_GLOM_H1	ENDO	26	-0.15588099622310927	-1.05330543814787	snRNA
GLOM	DKD_vs_PAT	ERCB_GLOM_H1	ENDO_PT	29	-0.002857149674974639	0.3663461748249425	snRNA
GLOM	DKD_vs_PAT	ERCB_GLOM_H1	MES	35	-0.1534691704270829	-1.1632675601334084	snRNA
GLOM	DKD_vs_PAT	ERCB_GLOM_H1	STROMA	40	0.4736267285887152	5.66317726084511	snRNA
GLOM	DKD_vs_PAT	ERCB_GLOM_H1	PERI	34	0.04266719596789165	0.9057628711282684	snRNA
GLOM	DKD_vs_PAT	ERCB_GLOM_H1	BCELL	26	0.0681759893285254	0.9658297852240498	snRNA
GLOM	DKD_vs_PAT	ERCB_GLOM_H1	TCELL	36	0.11817239173170593	1.733699651577439	snRNA
GLOM	DKD_vs_PAT	ERCB_GLOM_H1	MAC	32	0.1752330592717044	2.1070541013048736	snRNA
GLOM	DKD_vs_PAT	ERCB_GLOM_H1	DC	26	0.09532929906764856	1.2106970965484596	snRNA
GLOM	DKD_vs_PAT	ERCB_GLOM_H1	MAST	18	0.12822214596801335	1.2809176635925423	snRNA
GLOM	DKD_vs_PAT	ERCB_GLOM_H7	PT	15	-0.12138415686786175	-0.30857033699530034	snRNA
GLOM	DKD_vs_PAT	ERCB_GLOM_H7	PT_injured	11	0.25105439084158704	2.089241101597893	snRNA
GLOM	DKD_vs_PAT	ERCB_GLOM_H7	LOH	24	0.6328534199856222	6.414903223766594	snRNA
GLOM	DKD_vs_PAT	ERCB_GLOM_H7	DCT	22	0.022504293783144527	0.8372226894788294	snRNA
GLOM	DKD_vs_PAT	ERCB_GLOM_H7	CNT_PC	26	0.04529147530690981	1.181985728246464	snRNA
GLOM	DKD_vs_PAT	ERCB_GLOM_H7	IC	18	-0.08231744025316504	-0.08431863641798781	snRNA
GLOM	DKD_vs_PAT	ERCB_GLOM_H7	PODO	22	-0.7227977615865794	-5.742112738640334	snRNA
GLOM	DKD_vs_PAT	ERCB_GLOM_H7	PEC	22	0.15878832143392752	1.9654553501025267	snRNA
GLOM	DKD_vs_PAT	ERCB_GLOM_H7	ENDO	26	-0.47814145813194603	-3.952645965889387	snRNA
GLOM	DKD_vs_PAT	ERCB_GLOM_H7	ENDO_PT	29	-0.08215294428298185	-0.11012471858210554	snRNA
GLOM	DKD_vs_PAT	ERCB_GLOM_H7	MES	35	-0.13302403975810323	-0.6634598819235444	snRNA
GLOM	DKD_vs_PAT	ERCB_GLOM_H7	STROMA	40	0.9222928910050541	11.257510020333873	snRNA
GLOM	DKD_vs_PAT	ERCB_GLOM_H7	PERI	34	0.4886977828864474	6.23481948020389	snRNA
GLOM	DKD_vs_PAT	ERCB_GLOM_H7	BCELL	26	0.20532852318137884	2.597160047356397	snRNA
GLOM	DKD_vs_PAT	ERCB_GLOM_H7	TCELL	36	0.21462636748846206	3.2594377067802442	snRNA
GLOM	DKD_vs_PAT	ERCB_GLOM_H7	MAC	32	0.12803859541600104	2.2617472206542404	snRNA
GLOM	DKD_vs_PAT	ERCB_GLOM_H7	DC	26	0.22578719355022678	2.853592231170839	snRNA
GLOM	DKD_vs_PAT	ERCB_GLOM_H7	MAST	18	0.8148316694940958	7.3473389237191284	snRNA
GLOM	DKD_vs_PAT	META	PT	15	-0.22927793043976027	-1.6093819775377614	snRNA
GLOM	DKD_vs_PAT	META	PT_injured	11	0.1106312611478974	1.280667740823922	snRNA
GLOM	DKD_vs_PAT	META	LOH	24	0.39063832730365294	5.101818546042456	snRNA
GLOM	DKD_vs_PAT	META	DCT	22	0.07862668289718303	1.4246054596491762	snRNA
GLOM	DKD_vs_PAT	META	CNT_PC	26	0.002772167808591173	0.6765556058653162	snRNA
GLOM	DKD_vs_PAT	META	IC	18	-0.15013101148522562	-1.0032366602252023	snRNA
GLOM	DKD_vs_PAT	META	PODO	22	-0.9979515697976405	-10.432852667243958	snRNA
GLOM	DKD_vs_PAT	META	PEC	22	0.040956625331256706	1.0845701229581377	snRNA
GLOM	DKD_vs_PAT	META	ENDO	26	-0.31701122717752767	-2.9520241231572992	snRNA
GLOM	DKD_vs_PAT	META	ENDO_PT	29	-0.042505046978978236	0.08116945033248779	snRNA
GLOM	DKD_vs_PAT	META	MES	35	-0.14324660509259307	-1.2057905639593982	snRNA
GLOM	DKD_vs_PAT	META	STROMA	40	0.6979598097968847	10.878335851515775	snRNA
GLOM	DKD_vs_PAT	META	PERI	34	0.2656824894271695	4.355452994676158	snRNA
GLOM	DKD_vs_PAT	META	BCELL	26	0.1367522562549521	2.2691669052112142	snRNA
GLOM	DKD_vs_PAT	META	TCELL	36	0.166399379610084	3.124773207217674	snRNA
GLOM	DKD_vs_PAT	META	MAC	32	0.15163582734385272	2.8149725863822788	snRNA
GLOM	DKD_vs_PAT	META	DC	26	0.16055824630893767	2.6575265283763927	snRNA
GLOM	DKD_vs_PAT	META	MAST	18	0.47152690773105455	5.2675349079123635	snRNA
GLOM	DKD_vs_PAT_adj	ERCB_GLOM_H1	PT	15	0.01159691900851591	0.313455373351629	snRNA
GLOM	DKD_vs_PAT_adj	ERCB_GLOM_H1	PT_injured	11	0.42150383703648553	2.5784051146436857	snRNA
GLOM	DKD_vs_PAT_adj	ERCB_GLOM_H1	LOH	24	0.29807356186738937	2.8149469489829797	snRNA
GLOM	DKD_vs_PAT_adj	ERCB_GLOM_H1	DCT	22	0.31567817930224956	2.6990300291158036	snRNA
GLOM	DKD_vs_PAT_adj	ERCB_GLOM_H1	CNT_PC	26	0.0019976307651215454	0.33463952005468317	snRNA
GLOM	DKD_vs_PAT_adj	ERCB_GLOM_H1	IC	18	-0.18540583377490763	-1.0359682985900698	snRNA
GLOM	DKD_vs_PAT_adj	ERCB_GLOM_H1	PODO	22	-1.1994390379860598	-9.363039747947328	snRNA
GLOM	DKD_vs_PAT_adj	ERCB_GLOM_H1	PEC	22	-0.09317122890480802	-0.4287600359093098	snRNA
GLOM	DKD_vs_PAT_adj	ERCB_GLOM_H1	ENDO	26	-0.30333891724603146	-2.228928288378018	snRNA
GLOM	DKD_vs_PAT_adj	ERCB_GLOM_H1	ENDO_PT	29	-0.0732196305135752	-0.3310351730200855	snRNA
GLOM	DKD_vs_PAT_adj	ERCB_GLOM_H1	MES	35	-0.2224025543324509	-1.869710237633214	snRNA
GLOM	DKD_vs_PAT_adj	ERCB_GLOM_H1	STROMA	40	0.45645322127356736	5.068493785204614	snRNA
GLOM	DKD_vs_PAT_adj	ERCB_GLOM_H1	PERI	34	-0.01604535193658771	0.2188510754281875	snRNA
GLOM	DKD_vs_PAT_adj	ERCB_GLOM_H1	BCELL	26	0.0005428562433304434	0.381214579463611	snRNA
GLOM	DKD_vs_PAT_adj	ERCB_GLOM_H1	TCELL	36	0.002086052806565728	0.37299108972427064	snRNA
GLOM	DKD_vs_PAT_adj	ERCB_GLOM_H1	MAC	32	-0.0066615088113565445	0.3148764804368082	snRNA
GLOM	DKD_vs_PAT_adj	ERCB_GLOM_H1	DC	26	-0.07883993128971695	-0.3154878085548203	snRNA
GLOM	DKD_vs_PAT_adj	ERCB_GLOM_H1	MAST	18	0.07682961461993719	0.7662936066526105	snRNA
GLOM	DKD_vs_PAT_adj	ERCB_GLOM_H7	PT	15	-0.048410425154064816	0.09874764936419032	snRNA
GLOM	DKD_vs_PAT_adj	ERCB_GLOM_H7	PT_injured	11	0.33757391285659333	2.4422802324285677	snRNA
GLOM	DKD_vs_PAT_adj	ERCB_GLOM_H7	LOH	24	0.6791231675907046	6.252516450411265	snRNA
GLOM	DKD_vs_PAT_adj	ERCB_GLOM_H7	DCT	22	0.04628980782851128	0.951079914570194	snRNA
GLOM	DKD_vs_PAT_adj	ERCB_GLOM_H7	CNT_PC	26	0.0572320681224487	1.1568200853656336	snRNA
GLOM	DKD_vs_PAT_adj	ERCB_GLOM_H7	IC	18	-0.08180271544429757	-0.14514917531916285	snRNA
GLOM	DKD_vs_PAT_adj	ERCB_GLOM_H7	PODO	22	-0.7226850968750309	-5.439025474509131	snRNA
GLOM	DKD_vs_PAT_adj	ERCB_GLOM_H7	PEC	22	0.1651706560764395	1.9789322000127059	snRNA
GLOM	DKD_vs_PAT_adj	ERCB_GLOM_H7	ENDO	26	-0.5129967571401977	-4.021764471743405	snRNA
GLOM	DKD_vs_PAT_adj	ERCB_GLOM_H7	ENDO_PT	29	-0.12117700266686543	-0.5570233557085054	snRNA
GLOM	DKD_vs_PAT_adj	ERCB_GLOM_H7	MES	35	-0.15285747416463935	-0.8803555466578662	snRNA
GLOM	DKD_vs_PAT_adj	ERCB_GLOM_H7	STROMA	40	0.9481981418425984	11.424447755833837	snRNA
GLOM	DKD_vs_PAT_adj	ERCB_GLOM_H7	PERI	34	0.49024196860950914	5.53019622144505	snRNA
GLOM	DKD_vs_PAT_adj	ERCB_GLOM_H7	BCELL	26	0.2026765924237607	2.4792538724298807	snRNA
GLOM	DKD_vs_PAT_adj	ERCB_GLOM_H7	TCELL	36	0.21037503941402894	2.9512045374955327	snRNA
GLOM	DKD_vs_PAT_adj	ERCB_GLOM_H7	MAC	32	0.11988484365294177	1.9202798950341662	snRNA
GLOM	DKD_vs_PAT_adj	ERCB_GLOM_H7	DC	26	0.2229018657438711	2.7149145658938383	snRNA
GLOM	DKD_vs_PAT_adj	ERCB_GLOM_H7	MAST	18	0.8192636081585697	6.684792813999658	snRNA
GLOM	DKD_vs_PAT_adj	META	PT	15	-0.018406753072774434	0.27284296501279565	snRNA
GLOM	DKD_vs_PAT_adj	META	PT_injured	11	0.3795388749465394	3.1237573949084476	snRNA
GLOM	DKD_vs_PAT_adj	META	LOH	24	0.4885983647290469	5.730476904596563	snRNA
GLOM	DKD_vs_PAT_adj	META	DCT	22	0.18098399356538042	2.4577090112232822	snRNA
GLOM	DKD_vs_PAT_adj	META	CNT_PC	26	0.029614849443785115	0.9194877122930372	snRNA
GLOM	DKD_vs_PAT_adj	META	IC	18	-0.13360427460960256	-0.6578768271018384	snRNA
GLOM	DKD_vs_PAT_adj	META	PODO	22	-0.9610620674305452	-9.449952773435172	snRNA
GLOM	DKD_vs_PAT_adj	META	PEC	22	0.035999713585815725	0.9266809503230804	snRNA
GLOM	DKD_vs_PAT_adj	META	ENDO	26	-0.40816783719311456	-3.896815053256131	snRNA
GLOM	DKD_vs_PAT_adj	META	ENDO_PT	29	-0.09719831659022028	-0.5366947387355875	snRNA
GLOM	DKD_vs_PAT_adj	META	MES	35	-0.18763001424854509	-1.7142315363219818	snRNA
GLOM	DKD_vs_PAT_adj	META	STROMA	40	0.702325681558083	10.71314636120782	snRNA
GLOM	DKD_vs_PAT_adj	META	PERI	34	0.23709830833646078	3.7590322042707847	snRNA
GLOM	DKD_vs_PAT_adj	META	BCELL	26	0.10160972433354559	1.796630951839725	snRNA
GLOM	DKD_vs_PAT_adj	META	TCELL	36	0.10623054611029732	2.064066831093724	snRNA
GLOM	DKD_vs_PAT_adj	META	MAC	32	0.056611667420792613	1.3182457835476622	snRNA
GLOM	DKD_vs_PAT_adj	META	DC	26	0.07203096722707711	1.4384595176987083	snRNA
GLOM	DKD_vs_PAT_adj	META	MAST	18	0.4480466113892535	4.688737275085305	snRNA
GLOM	FSGS_MCD_vs_PAT	ERCB_GLOM_H7	PT	15	0.4557871510585149	3.8346699117125964	snRNA
GLOM	FSGS_MCD_vs_PAT	ERCB_GLOM_H7	PT_injured	11	0.3024752153591676	1.9773828801816173	snRNA
GLOM	FSGS_MCD_vs_PAT	ERCB_GLOM_H7	LOH	24	0.01647666977563253	-0.15895303099364597	snRNA
GLOM	FSGS_MCD_vs_PAT	ERCB_GLOM_H7	DCT	22	0.06236129017038779	0.30629041047903827	snRNA
GLOM	FSGS_MCD_vs_PAT	ERCB_GLOM_H7	CNT_PC	26	0.08879345741409522	0.6379099406002465	snRNA
GLOM	FSGS_MCD_vs_PAT	ERCB_GLOM_H7	IC	18	0.000713291552124752	-0.28357138097532414	snRNA
GLOM	FSGS_MCD_vs_PAT	ERCB_GLOM_H7	PODO	22	0.34284250203266065	3.3341945794765446	snRNA
GLOM	FSGS_MCD_vs_PAT	ERCB_GLOM_H7	PEC	22	-0.19326523928479714	-2.271079565142983	snRNA
GLOM	FSGS_MCD_vs_PAT	ERCB_GLOM_H7	ENDO	26	0.3316523997256389	3.3886511319379475	snRNA
GLOM	FSGS_MCD_vs_PAT	ERCB_GLOM_H7	ENDO_PT	29	0.10907569845560296	0.8992734112836958	snRNA
GLOM	FSGS_MCD_vs_PAT	ERCB_GLOM_H7	MES	35	0.431935163001929	5.318397054477538	snRNA
GLOM	FSGS_MCD_vs_PAT	ERCB_GLOM_H7	STROMA	40	-0.26255763131193816	-4.263726200587689	snRNA
GLOM	FSGS_MCD_vs_PAT	ERCB_GLOM_H7	PERI	34	-0.07459328948136638	-1.4071031001957661	snRNA
GLOM	FSGS_MCD_vs_PAT	ERCB_GLOM_H7	BCELL	26	-0.05916786308471973	-1.029115204540543	snRNA
GLOM	FSGS_MCD_vs_PAT	ERCB_GLOM_H7	TCELL	36	-0.17570889823966557	-2.8304018194632152	snRNA
GLOM	FSGS_MCD_vs_PAT	ERCB_GLOM_H7	MAC	32	-0.48794949846342206	-6.657681763124298	snRNA
GLOM	FSGS_MCD_vs_PAT	ERCB_GLOM_H7	DC	26	-0.32824996156761277	-4.140987365441788	snRNA
GLOM	FSGS_MCD_vs_PAT	ERCB_GLOM_H7	MAST	18	-0.14593634102493525	-1.6922111182522872	snRNA
GLOM	FSGS_MCD_vs_PAT	META	PT	15	0.4557871510585149	3.716589150027536	snRNA
GLOM	FSGS_MCD_vs_PAT	META	PT_injured	11	0.3024752153591676	1.9968319252839215	snRNA
GLOM	FSGS_MCD_vs_PAT	META	LOH	24	0.01647666977563253	-0.19201394312016853	snRNA
GLOM	FSGS_MCD_vs_PAT	META	DCT	22	0.06236129017038779	0.33659490771923306	snRNA
GLOM	FSGS_MCD_vs_PAT	META	CNT_PC	26	0.08879345741409522	0.581226847578685	snRNA
GLOM	FSGS_MCD_vs_PAT	META	IC	18	0.000713291552124752	-0.330622334339036	snRNA
GLOM	FSGS_MCD_vs_PAT	META	PODO	22	0.34284250203266065	3.444957790474006	snRNA
GLOM	FSGS_MCD_vs_PAT	META	PEC	22	-0.19326523928479714	-2.482198885894623	snRNA
GLOM	FSGS_MCD_vs_PAT	META	ENDO	26	0.3316523997256389	3.4738019816660217	snRNA
GLOM	FSGS_MCD_vs_PAT	META	ENDO_PT	29	0.10907569845560296	0.8896133522251178	snRNA
GLOM	FSGS_MCD_vs_PAT	META	MES	35	0.431935163001929	5.3273840294337615	snRNA
GLOM	FSGS_MCD_vs_PAT	META	STROMA	40	-0.26255763131193816	-4.2432371788217065	snRNA
GLOM	FSGS_MCD_vs_PAT	META	PERI	34	-0.07459328948136638	-1.420719967163354	snRNA
GLOM	FSGS_MCD_vs_PAT	META	BCELL	26	-0.05916786308471973	-1.026834853348001	snRNA
GLOM	FSGS_MCD_vs_PAT	META	TCELL	36	-0.17570889823966557	-2.782286502645104	snRNA
GLOM	FSGS_MCD_vs_PAT	META	MAC	32	-0.48794949846342206	-6.65346356408538	snRNA
GLOM	FSGS_MCD_vs_PAT	META	DC	26	-0.32824996156761277	-4.105591226297059	snRNA
GLOM	FSGS_MCD_vs_PAT	META	MAST	18	-0.14593634102493525	-1.6499714303833082	snRNA
GLOM	FSGS_MCD_vs_PAT_adj	ERCB_GLOM_H7	PT	15	0.4221812008802737	3.2311253347283433	snRNA
GLOM	FSGS_MCD_vs_PAT_adj	ERCB_GLOM_H7	PT_injured	11	0.26515922761128385	1.647736509191491	snRNA
GLOM	FSGS_MCD_vs_PAT_adj	ERCB_GLOM_H7	LOH	24	-0.030917617507100814	-0.7395235162285839	snRNA
GLOM	FSGS_MCD_vs_PAT_adj	ERCB_GLOM_H7	DCT	22	0.013862421758624965	-0.24624006373273064	snRNA
GLOM	FSGS_MCD_vs_PAT_adj	ERCB_GLOM_H7	CNT_PC	26	0.06510396835963109	0.3580830962406073	snRNA
GLOM	FSGS_MCD_vs_PAT_adj	ERCB_GLOM_H7	IC	18	-0.021674542238121746	-0.49871465268462245	snRNA
GLOM	FSGS_MCD_vs_PAT_adj	ERCB_GLOM_H7	PODO	22	0.3298554397985886	2.887806149108259	snRNA
GLOM	FSGS_MCD_vs_PAT_adj	ERCB_GLOM_H7	PEC	22	-0.19846700068689846	-2.5132490290022886	snRNA
GLOM	FSGS_MCD_vs_PAT_adj	ERCB_GLOM_H7	ENDO	26	0.4057747973925578	4.092568572346108	snRNA
GLOM	FSGS_MCD_vs_PAT_adj	ERCB_GLOM_H7	ENDO_PT	29	0.18239812057332705	1.7335929510583719	snRNA
GLOM	FSGS_MCD_vs_PAT_adj	ERCB_GLOM_H7	MES	35	0.5176557942742853	6.248742530756033	snRNA
GLOM	FSGS_MCD_vs_PAT_adj	ERCB_GLOM_H7	STROMA	40	-0.2557031090582617	-4.043899364143325	snRNA
GLOM	FSGS_MCD_vs_PAT_adj	ERCB_GLOM_H7	PERI	34	-0.060526225530114414	-1.3177836039691837	snRNA
GLOM	FSGS_MCD_vs_PAT_adj	ERCB_GLOM_H7	BCELL	26	-0.04038285693587371	-0.8753037232034498	snRNA
GLOM	FSGS_MCD_vs_PAT_adj	ERCB_GLOM_H7	TCELL	36	-0.1473283864054412	-2.350913905606594	snRNA
GLOM	FSGS_MCD_vs_PAT_adj	ERCB_GLOM_H7	MAC	32	-0.46111765474299754	-6.207704889094951	snRNA
GLOM	FSGS_MCD_vs_PAT_adj	ERCB_GLOM_H7	DC	26	-0.2929542059115421	-3.7912438564671995	snRNA
GLOM	FSGS_MCD_vs_PAT_adj	ERCB_GLOM_H7	MAST	18	-0.13837656127577663	-1.7495696580527509	snRNA
GLOM	FSGS_MCD_vs_PAT_adj	META	PT	15	0.4221812008802737	3.3312693156257955	snRNA
GLOM	FSGS_MCD_vs_PAT_adj	META	PT_injured	11	0.26515922761128385	1.6811202136766992	snRNA
GLOM	FSGS_MCD_vs_PAT_adj	META	LOH	24	-0.030917617507100814	-0.7605807007974984	snRNA
GLOM	FSGS_MCD_vs_PAT_adj	META	DCT	22	0.013862421758624965	-0.2762566102641966	snRNA
GLOM	FSGS_MCD_vs_PAT_adj	META	CNT_PC	26	0.06510396835963109	0.249953055408938	snRNA
GLOM	FSGS_MCD_vs_PAT_adj	META	IC	18	-0.021674542238121746	-0.5880337156995884	snRNA
GLOM	FSGS_MCD_vs_PAT_adj	META	PODO	22	0.3298554397985886	3.0059774668443664	snRNA
GLOM	FSGS_MCD_vs_PAT_adj	META	PEC	22	-0.19846700068689846	-2.3906803925043705	snRNA
GLOM	FSGS_MCD_vs_PAT_adj	META	ENDO	26	0.4057747973925578	4.07057187445359	snRNA
GLOM	FSGS_MCD_vs_PAT_adj	META	ENDO_PT	29	0.18239812057332705	1.7981585701785285	snRNA
GLOM	FSGS_MCD_vs_PAT_adj	META	MES	35	0.5176557942742853	6.527595121996407	snRNA
GLOM	FSGS_MCD_vs_PAT_adj	META	STROMA	40	-0.2557031090582617	-4.062255749579212	snRNA
GLOM	FSGS_MCD_vs_PAT_adj	META	PERI	34	-0.060526225530114414	-1.2497581051209457	snRNA
GLOM	FSGS_MCD_vs_PAT_adj	META	BCELL	26	-0.04038285693587371	-0.992392240262044	snRNA
GLOM	FSGS_MCD_vs_PAT_adj	META	TCELL	36	-0.1473283864054412	-2.522564768079967	snRNA
GLOM	FSGS_MCD_vs_PAT_adj	META	MAC	32	-0.46111765474299754	-6.391381567094091	snRNA
GLOM	FSGS_MCD_vs_PAT_adj	META	DC	26	-0.2929542059115421	-3.7758627305075976	snRNA
GLOM	FSGS_MCD_vs_PAT_adj	META	MAST	18	-0.13837656127577663	-1.6317033830664611	snRNA
GLOM	FSGS_vs_PAT	ERCB_GLOM_H1	PT	15	-0.015295727178454418	0.2008079361233334	snRNA
GLOM	FSGS_vs_PAT	ERCB_GLOM_H1	PT_injured	11	0.4514648890630765	3.671287083602195	snRNA
GLOM	FSGS_vs_PAT	ERCB_GLOM_H1	LOH	24	0.19244800267430642	2.572366925359768	snRNA
GLOM	FSGS_vs_PAT	ERCB_GLOM_H1	DCT	22	0.08778488288887525	1.394419383364405	snRNA
GLOM	FSGS_vs_PAT	ERCB_GLOM_H1	CNT_PC	26	0.11839857418090105	1.8877986028113685	snRNA
GLOM	FSGS_vs_PAT	ERCB_GLOM_H1	IC	18	-0.12348984657890266	-0.7500242258530873	snRNA
GLOM	FSGS_vs_PAT	ERCB_GLOM_H1	PODO	22	0.00326278915798122	0.400072669631343	snRNA
GLOM	FSGS_vs_PAT	ERCB_GLOM_H1	PEC	22	0.0730182155120102	1.271704426694814	snRNA
GLOM	FSGS_vs_PAT	ERCB_GLOM_H1	ENDO	26	-0.1983397714435481	-1.761285521616111	snRNA
GLOM	FSGS_vs_PAT	ERCB_GLOM_H1	ENDO_PT	29	-0.13699559025980276	-1.1761893471637643	snRNA
GLOM	FSGS_vs_PAT	ERCB_GLOM_H1	MES	35	-0.1183388950569289	-1.0575753643694479	snRNA
GLOM	FSGS_vs_PAT	ERCB_GLOM_H1	STROMA	40	0.22438905863964465	3.7706863019994965	snRNA
GLOM	FSGS_vs_PAT	ERCB_GLOM_H1	PERI	34	-0.2205838426564108	-2.373430227030862	snRNA
GLOM	FSGS_vs_PAT	ERCB_GLOM_H1	BCELL	26	-0.12008212148570095	-0.9219865472724265	snRNA
GLOM	FSGS_vs_PAT	ERCB_GLOM_H1	TCELL	36	-0.1008865729931535	-0.8276010595248823	snRNA
GLOM	FSGS_vs_PAT	ERCB_GLOM_H1	MAC	32	-0.37644950597314164	-4.228317505900902	snRNA
GLOM	FSGS_vs_PAT	ERCB_GLOM_H1	DC	26	-0.12189623727821387	-0.9010649478427494	snRNA
GLOM	FSGS_vs_PAT	ERCB_GLOM_H1	MAST	18	-0.18696340349399382	-1.3529707910846098	snRNA
GLOM	FSGS_vs_PAT	ERCB_GLOM_H7	PT	15	0.2728752205769221	2.5534884886790032	snRNA
GLOM	FSGS_vs_PAT	ERCB_GLOM_H7	PT_injured	11	-0.013560312546112339	-0.26235434117857476	snRNA
GLOM	FSGS_vs_PAT	ERCB_GLOM_H7	LOH	24	-0.019862112138071097	-0.5142002604906695	snRNA
GLOM	FSGS_vs_PAT	ERCB_GLOM_H7	DCT	22	0.18452802372419022	1.8906548799483267	snRNA
GLOM	FSGS_vs_PAT	ERCB_GLOM_H7	CNT_PC	26	-0.023515844717621786	-0.5432343927747565	snRNA
GLOM	FSGS_vs_PAT	ERCB_GLOM_H7	IC	18	0.11617429179346396	0.964925983093237	snRNA
GLOM	FSGS_vs_PAT	ERCB_GLOM_H7	PODO	22	0.24008335782722992	2.540968708404787	snRNA
GLOM	FSGS_vs_PAT	ERCB_GLOM_H7	PEC	22	0.06365502854301171	0.5934755111808824	snRNA
GLOM	FSGS_vs_PAT	ERCB_GLOM_H7	ENDO	26	0.17109447739158684	1.824881743300091	snRNA
GLOM	FSGS_vs_PAT	ERCB_GLOM_H7	ENDO_PT	29	0.05111587371934077	0.48250290001068963	snRNA
GLOM	FSGS_vs_PAT	ERCB_GLOM_H7	MES	35	0.03366767867867436	0.22633470308142636	snRNA
GLOM	FSGS_vs_PAT	ERCB_GLOM_H7	STROMA	40	-0.30816728335339577	-5.16641124404296	snRNA
GLOM	FSGS_vs_PAT	ERCB_GLOM_H7	PERI	34	0.06703267623122562	0.6713369857795951	snRNA
GLOM	FSGS_vs_PAT	ERCB_GLOM_H7	BCELL	26	-0.3794779379207354	-5.022343652798053	snRNA
GLOM	FSGS_vs_PAT	ERCB_GLOM_H7	TCELL	36	-0.49963710322562194	-7.69427779885763	snRNA
GLOM	FSGS_vs_PAT	ERCB_GLOM_H7	MAC	32	-0.535350783233298	-7.960640376511305	snRNA
GLOM	FSGS_vs_PAT	ERCB_GLOM_H7	DC	26	-0.3739559716330125	-4.953988097154864	snRNA
GLOM	FSGS_vs_PAT	ERCB_GLOM_H7	MAST	18	-0.25876066444389934	-3.001740324070612	snRNA
GLOM	FSGS_vs_PAT	GSE108109-GPL19983	PT	40	0.029566145187709482	0.8587624774396867	snRNA
GLOM	FSGS_vs_PAT	GSE108109-GPL19983	PT_injured	29	-0.01955522902075055	-0.4193382511100443	snRNA
GLOM	FSGS_vs_PAT	GSE108109-GPL19983	LOH	44	0.039752590268935	1.2325780300598823	snRNA
GLOM	FSGS_vs_PAT	GSE108109-GPL19983	DCT	46	0.0366924122866729	1.0593781954008363	snRNA
GLOM	FSGS_vs_PAT	GSE108109-GPL19983	CNT_PC	46	0.06212279925365811	1.8557172214616657	snRNA
GLOM	FSGS_vs_PAT	GSE108109-GPL19983	IC	47	-0.049774322044500635	-1.423541466345541	snRNA
GLOM	FSGS_vs_PAT	GSE108109-GPL19983	PODO	47	-0.1155976243292358	-3.2971292135640264	snRNA
GLOM	FSGS_vs_PAT	GSE108109-GPL19983	PEC	48	0.002957880574588979	0.1637112956231701	snRNA
GLOM	FSGS_vs_PAT	GSE108109-GPL19983	ENDO	47	0.2627633482693358	7.8768992891754	snRNA
GLOM	FSGS_vs_PAT	GSE108109-GPL19983	ENDO_PT	49	0.23443354008605286	7.372019400122549	snRNA
GLOM	FSGS_vs_PAT	GSE108109-GPL19983	MES	49	0.2477663626932368	7.926802352439933	snRNA
GLOM	FSGS_vs_PAT	GSE108109-GPL19983	STROMA	49	0.03761871182122172	1.1797246460752708	snRNA
GLOM	FSGS_vs_PAT	GSE108109-GPL19983	PERI	49	0.06478935848370344	2.038943024692384	snRNA
GLOM	FSGS_vs_PAT	GSE108109-GPL19983	BCELL	44	0.03256441840097646	0.9429289606236988	snRNA
GLOM	FSGS_vs_PAT	GSE108109-GPL19983	TCELL	48	0.06758595048578778	2.09869317456289	snRNA
GLOM	FSGS_vs_PAT	GSE108109-GPL19983	MAC	49	-0.01886780855569	-0.5230565277838841	snRNA
GLOM	FSGS_vs_PAT	GSE108109-GPL19983	DC	49	0.0049400578576083085	0.2675800707088413	snRNA
GLOM	FSGS_vs_PAT	GSE108109-GPL19983	MAST	24	-0.039449424254902006	-0.7594717853406581	snRNA
GLOM	FSGS_vs_PAT	META	PT	40	0.049400827284747116	1.5937137237526662	snRNA
GLOM	FSGS_vs_PAT	META	PT_injured	29	0.05211772211815963	1.3435124191895333	snRNA
GLOM	FSGS_vs_PAT	META	LOH	44	0.06586871215823163	2.0337202923742357	snRNA
GLOM	FSGS_vs_PAT	META	DCT	46	0.07626535734026761	2.390249459594866	snRNA
GLOM	FSGS_vs_PAT	META	CNT_PC	46	0.05625871134301027	1.9389722978705342	snRNA
GLOM	FSGS_vs_PAT	META	IC	47	-0.02720029243591723	-0.7129801022763472	snRNA
GLOM	FSGS_vs_PAT	META	PODO	47	-0.02569651982750321	-0.6496012556414132	snRNA
GLOM	FSGS_vs_PAT	META	PEC	48	0.022242269168297444	0.9390551916775041	snRNA
GLOM	FSGS_vs_PAT	META	ENDO	47	0.15221782590771185	4.7033202316117135	snRNA
GLOM	FSGS_vs_PAT	META	ENDO_PT	50	0.12190861347441871	3.90172412850915	snRNA
GLOM	FSGS_vs_PAT	META	MES	49	0.11101959500664553	3.5803639814302155	snRNA
GLOM	FSGS_vs_PAT	META	STROMA	49	-0.004353495127819222	0.03536424418057961	snRNA
GLOM	FSGS_vs_PAT	META	PERI	49	-0.0031496625580527183	0.09847778816099065	snRNA
GLOM	FSGS_vs_PAT	META	BCELL	46	-0.08587404257158976	-2.2607434334809544	snRNA
GLOM	FSGS_vs_PAT	META	TCELL	49	-0.10847558799873602	-3.1996258590963054	snRNA
GLOM	FSGS_vs_PAT	META	MAC	49	-0.21465665733340344	-6.502514952577405	snRNA
GLOM	FSGS_vs_PAT	META	DC	49	-0.06604700359408142	-1.7873749271130788	snRNA
GLOM	FSGS_vs_PAT	META	MAST	25	-0.12960262304637582	-2.7319336766552818	snRNA
GLOM	FSGS_vs_PAT_adj	ERCB_GLOM_H1	PT	15	-0.29411018331068234	-2.4479706720029255	snRNA
GLOM	FSGS_vs_PAT_adj	ERCB_GLOM_H1	PT_injured	11	0.250814338532079	2.3654247376752235	snRNA
GLOM	FSGS_vs_PAT_adj	ERCB_GLOM_H1	LOH	24	0.11303200275709517	1.8246664914531625	snRNA
GLOM	FSGS_vs_PAT_adj	ERCB_GLOM_H1	DCT	22	-0.01827876097659784	0.18326666640111983	snRNA
GLOM	FSGS_vs_PAT_adj	ERCB_GLOM_H1	CNT_PC	26	0.09645840287513788	1.6102271948017786	snRNA
GLOM	FSGS_vs_PAT_adj	ERCB_GLOM_H1	IC	18	-0.15025301027577745	-1.1818603387395097	snRNA
GLOM	FSGS_vs_PAT_adj	ERCB_GLOM_H1	PODO	22	-0.04691169343585382	-0.18336617861407642	snRNA
GLOM	FSGS_vs_PAT_adj	ERCB_GLOM_H1	PEC	22	0.0839655315117032	1.3610842609186902	snRNA
GLOM	FSGS_vs_PAT_adj	ERCB_GLOM_H1	ENDO	26	-0.1089453854098782	-0.8743183229136446	snRNA
GLOM	FSGS_vs_PAT_adj	ERCB_GLOM_H1	ENDO_PT	29	-0.09507938154037344	-0.767826995329034	snRNA
GLOM	FSGS_vs_PAT_adj	ERCB_GLOM_H1	MES	35	-0.07537266692038083	-0.5707454734833695	snRNA
GLOM	FSGS_vs_PAT_adj	ERCB_GLOM_H1	STROMA	40	0.24615482112605563	4.342275197564721	snRNA
GLOM	FSGS_vs_PAT_adj	ERCB_GLOM_H1	PERI	34	-0.1820041356258273	-2.0755152575317815	snRNA
GLOM	FSGS_vs_PAT_adj	ERCB_GLOM_H1	BCELL	26	-0.07770953988025385	-0.4713157447260944	snRNA
GLOM	FSGS_vs_PAT_adj	ERCB_GLOM_H1	TCELL	36	-0.027661799958180876	0.10475330443302462	snRNA
GLOM	FSGS_vs_PAT_adj	ERCB_GLOM_H1	MAC	32	-0.27083239397919934	-3.2073907530452397	snRNA
GLOM	FSGS_vs_PAT_adj	ERCB_GLOM_H1	DC	26	-0.00908494717114834	0.341411363986736	snRNA
GLOM	FSGS_vs_PAT_adj	ERCB_GLOM_H1	MAST	18	-0.15172412280619704	-1.1873035772250218	snRNA
GLOM	FSGS_vs_PAT_adj	ERCB_GLOM_H7	PT	15	0.04976923088674878	0.23844009205126188	snRNA
GLOM	FSGS_vs_PAT_adj	ERCB_GLOM_H7	PT_injured	11	-0.27873868305700555	-2.6186185966420132	snRNA
GLOM	FSGS_vs_PAT_adj	ERCB_GLOM_H7	LOH	24	-0.113333050313696	-1.59491783315876	snRNA
GLOM	FSGS_vs_PAT_adj	ERCB_GLOM_H7	DCT	22	0.10291618464951674	0.9776418861601978	snRNA
GLOM	FSGS_vs_PAT_adj	ERCB_GLOM_H7	CNT_PC	26	-0.07725171063128859	-1.2819496513349204	snRNA
GLOM	FSGS_vs_PAT_adj	ERCB_GLOM_H7	IC	18	0.07706404417995863	0.60628340376712	snRNA
GLOM	FSGS_vs_PAT_adj	ERCB_GLOM_H7	PODO	22	0.21361069567019478	2.3011489625078316	snRNA
GLOM	FSGS_vs_PAT_adj	ERCB_GLOM_H7	PEC	22	0.06331740770442269	0.4975372854917779	snRNA
GLOM	FSGS_vs_PAT_adj	ERCB_GLOM_H7	ENDO	26	0.28457752508423234	3.3460839274003367	snRNA
GLOM	FSGS_vs_PAT_adj	ERCB_GLOM_H7	ENDO_PT	29	0.16390414190668365	1.9566949476859161	snRNA
GLOM	FSGS_vs_PAT_adj	ERCB_GLOM_H7	MES	35	0.13451724732959325	1.668090718064229	snRNA
GLOM	FSGS_vs_PAT_adj	ERCB_GLOM_H7	STROMA	40	-0.28259033552674556	-4.808855337872728	snRNA
GLOM	FSGS_vs_PAT_adj	ERCB_GLOM_H7	PERI	34	0.10262129569841519	1.2360354739553667	snRNA
GLOM	FSGS_vs_PAT_adj	ERCB_GLOM_H7	BCELL	26	-0.3411239500547239	-4.722540011969586	snRNA
GLOM	FSGS_vs_PAT_adj	ERCB_GLOM_H7	TCELL	36	-0.4481729080591255	-7.214030024165484	snRNA
GLOM	FSGS_vs_PAT_adj	ERCB_GLOM_H7	MAC	32	-0.45201127170711847	-6.828619816401564	snRNA
GLOM	FSGS_vs_PAT_adj	ERCB_GLOM_H7	DC	26	-0.2823302405422017	-3.9515496939000547	snRNA
GLOM	FSGS_vs_PAT_adj	ERCB_GLOM_H7	MAST	18	-0.2405996435553464	-2.8424444520944943	snRNA
GLOM	FSGS_vs_PAT_adj	GSE108109-GPL19983	PT	40	0.07039367147800721	1.9498822171544783	snRNA
GLOM	FSGS_vs_PAT_adj	GSE108109-GPL19983	PT_injured	29	0.03623770055297703	0.9403850337220101	snRNA
GLOM	FSGS_vs_PAT_adj	GSE108109-GPL19983	LOH	44	0.05543318638647186	1.5355634067411668	snRNA
GLOM	FSGS_vs_PAT_adj	GSE108109-GPL19983	DCT	46	0.047646808325804174	1.4492283502732402	snRNA
GLOM	FSGS_vs_PAT_adj	GSE108109-GPL19983	CNT_PC	46	0.06898411053951083	2.0829522567769523	snRNA
GLOM	FSGS_vs_PAT_adj	GSE108109-GPL19983	IC	47	-0.04395650813059857	-1.259923275485767	snRNA
GLOM	FSGS_vs_PAT_adj	GSE108109-GPL19983	PODO	47	-0.10586703285147414	-3.0985606648905453	snRNA
GLOM	FSGS_vs_PAT_adj	GSE108109-GPL19983	PEC	48	0.0004999013900073591	0.13031142042089697	snRNA
GLOM	FSGS_vs_PAT_adj	GSE108109-GPL19983	ENDO	47	0.25239286000530564	7.39156673587133	snRNA
GLOM	FSGS_vs_PAT_adj	GSE108109-GPL19983	ENDO_PT	49	0.2266165292249866	6.871192185973214	snRNA
GLOM	FSGS_vs_PAT_adj	GSE108109-GPL19983	MES	49	0.24146120908042584	7.271032719721336	snRNA
GLOM	FSGS_vs_PAT_adj	GSE108109-GPL19983	STROMA	49	0.02789876910937187	0.8267985060512644	snRNA
GLOM	FSGS_vs_PAT_adj	GSE108109-GPL19983	PERI	49	0.05533766984106462	1.7522396305214378	snRNA
GLOM	FSGS_vs_PAT_adj	GSE108109-GPL19983	BCELL	44	0.025055402963508108	0.7990993972589153	snRNA
GLOM	FSGS_vs_PAT_adj	GSE108109-GPL19983	TCELL	48	0.05546040547564076	1.7676166083874192	snRNA
GLOM	FSGS_vs_PAT_adj	GSE108109-GPL19983	MAC	49	-0.04547098423242436	-1.2551102191626644	snRNA
GLOM	FSGS_vs_PAT_adj	GSE108109-GPL19983	DC	49	-0.018460235351500848	-0.49381406890593743	snRNA
GLOM	FSGS_vs_PAT_adj	GSE108109-GPL19983	MAST	24	-0.043336651516435266	-0.8649230276245593	snRNA
GLOM	FSGS_vs_PAT_adj	META	PT	40	0.012602435263938245	0.4375593612634293	snRNA
GLOM	FSGS_vs_PAT_adj	META	PT_injured	29	0.03942807951084072	1.0807593591812825	snRNA
GLOM	FSGS_vs_PAT_adj	META	LOH	44	0.04517118383347936	1.499433259101488	snRNA
GLOM	FSGS_vs_PAT_adj	META	DCT	46	0.052661322866211016	1.803069749072829	snRNA
GLOM	FSGS_vs_PAT_adj	META	CNT_PC	46	0.04651102547805732	1.668035632988149	snRNA
GLOM	FSGS_vs_PAT_adj	META	IC	47	-0.030784594792595116	-0.8210015195363196	snRNA
GLOM	FSGS_vs_PAT_adj	META	PODO	47	-0.03081761250652721	-0.7786349902843679	snRNA
GLOM	FSGS_vs_PAT_adj	META	PEC	48	0.02332698801095522	0.8509494368920479	snRNA
GLOM	FSGS_vs_PAT_adj	META	ENDO	47	0.18347116949731343	5.824399524368666	snRNA
GLOM	FSGS_vs_PAT_adj	META	ENDO_PT	50	0.14634445381623448	4.885116673009724	snRNA
GLOM	FSGS_vs_PAT_adj	META	MES	49	0.14140414205446308	4.530407666546768	snRNA
GLOM	FSGS_vs_PAT_adj	META	STROMA	49	0.005041889053796608	0.3101879460062379	snRNA
GLOM	FSGS_vs_PAT_adj	META	PERI	49	0.00926957263681655	0.41845018614034013	snRNA
GLOM	FSGS_vs_PAT_adj	META	BCELL	46	-0.0727156757877058	-2.0809254415970972	snRNA
GLOM	FSGS_vs_PAT_adj	META	TCELL	49	-0.08378185327981202	-2.594397393763054	snRNA
GLOM	FSGS_vs_PAT_adj	META	MAC	49	-0.18801586500646558	-5.724683395909434	snRNA
GLOM	FSGS_vs_PAT_adj	META	DC	49	-0.04437125930006033	-1.2660240568554748	snRNA
GLOM	FSGS_vs_PAT_adj	META	MAST	25	-0.11801790495848571	-2.5006374181785938	snRNA
GLOM	HT_vs_PAT	ERCB_GLOM_H1	PT	15	0.023257490992546058	0.505036852292827	snRNA
GLOM	HT_vs_PAT	ERCB_GLOM_H1	PT_injured	11	0.045750435526398084	0.5868813812725036	snRNA
GLOM	HT_vs_PAT	ERCB_GLOM_H1	LOH	24	-0.050184251042082906	-0.35475369232825527	snRNA
GLOM	HT_vs_PAT	ERCB_GLOM_H1	DCT	22	-0.023641361431642006	0.04603568707705067	snRNA
GLOM	HT_vs_PAT	ERCB_GLOM_H1	CNT_PC	26	-0.23575231056803694	-2.7121804585774583	snRNA
GLOM	HT_vs_PAT	ERCB_GLOM_H1	IC	18	-0.12699448969215155	-1.1499796545227097	snRNA
GLOM	HT_vs_PAT	ERCB_GLOM_H1	PODO	22	0.4628081535073844	6.162798478616194	snRNA
GLOM	HT_vs_PAT	ERCB_GLOM_H1	PEC	22	-0.06898052723739635	-0.5174710896401241	snRNA
GLOM	HT_vs_PAT	ERCB_GLOM_H1	ENDO	26	0.25977003291392553	3.7767269286035003	snRNA
GLOM	HT_vs_PAT	ERCB_GLOM_H1	ENDO_PT	29	0.18641367869387412	2.9594636911118313	snRNA
GLOM	HT_vs_PAT	ERCB_GLOM_H1	MES	35	0.01482533380705198	0.5613791919893443	snRNA
GLOM	HT_vs_PAT	ERCB_GLOM_H1	STROMA	40	-0.006431058002635837	0.34075683328564643	snRNA
GLOM	HT_vs_PAT	ERCB_GLOM_H1	PERI	34	-0.07399245581644422	-0.7380834185316264	snRNA
GLOM	HT_vs_PAT	ERCB_GLOM_H1	BCELL	26	-0.22909825015813112	-2.524673643409074	snRNA
GLOM	HT_vs_PAT	ERCB_GLOM_H1	TCELL	36	-0.27404180427806246	-3.8740960744967285	snRNA
GLOM	HT_vs_PAT	ERCB_GLOM_H1	MAC	32	-0.15774836072523613	-1.8991179507531548	snRNA
GLOM	HT_vs_PAT	ERCB_GLOM_H1	DC	26	-0.10792587210352604	-1.108945652011608	snRNA
GLOM	HT_vs_PAT	ERCB_GLOM_H1	MAST	18	-0.3759417837589151	-3.997468536519627	snRNA
GLOM	HT_vs_PAT	META	PT	15	0.023257490992546058	0.46872575166138347	snRNA
GLOM	HT_vs_PAT	META	PT_injured	11	0.045750435526398084	0.5991148424729583	snRNA
GLOM	HT_vs_PAT	META	LOH	24	-0.050184251042082906	-0.32072978295300575	snRNA
GLOM	HT_vs_PAT	META	DCT	22	-0.023641361431642006	-0.004009861375612455	snRNA
GLOM	HT_vs_PAT	META	CNT_PC	26	-0.23575231056803694	-2.8180309107843575	snRNA
GLOM	HT_vs_PAT	META	IC	18	-0.12699448969215155	-1.1014859973672135	snRNA
GLOM	HT_vs_PAT	META	PODO	22	0.4628081535073844	5.840051166630269	snRNA
GLOM	HT_vs_PAT	META	PEC	22	-0.06898052723739635	-0.4583604649242175	snRNA
GLOM	HT_vs_PAT	META	ENDO	26	0.25977003291392553	3.7374725701276192	snRNA
GLOM	HT_vs_PAT	META	ENDO_PT	29	0.18641367869387412	2.883069327762615	snRNA
GLOM	HT_vs_PAT	META	MES	35	0.01482533380705198	0.6344418508458356	snRNA
GLOM	HT_vs_PAT	META	STROMA	40	-0.006431058002635837	0.29005485534423403	snRNA
GLOM	HT_vs_PAT	META	PERI	34	-0.07399245581644422	-0.723832692783002	snRNA
GLOM	HT_vs_PAT	META	BCELL	26	-0.22909825015813112	-2.6379632391587027	snRNA
GLOM	HT_vs_PAT	META	TCELL	36	-0.27404180427806246	-3.794931943583156	snRNA
GLOM	HT_vs_PAT	META	MAC	32	-0.15774836072523613	-1.8187894637310806	snRNA
GLOM	HT_vs_PAT	META	DC	26	-0.10792587210352604	-1.0589904241213965	snRNA
GLOM	HT_vs_PAT	META	MAST	18	-0.3759417837589151	-3.6257853189527314	snRNA
GLOM	HT_vs_PAT_adj	ERCB_GLOM_H1	PT	15	-0.009850289415238887	0.17196219730797324	snRNA
GLOM	HT_vs_PAT_adj	ERCB_GLOM_H1	PT_injured	11	-0.01044467475815553	0.09479858562792504	snRNA
GLOM	HT_vs_PAT_adj	ERCB_GLOM_H1	LOH	24	-0.06113245682471353	-0.45990561675067415	snRNA
GLOM	HT_vs_PAT_adj	ERCB_GLOM_H1	DCT	22	-0.03946587698874718	-0.15470598100799277	snRNA
GLOM	HT_vs_PAT_adj	ERCB_GLOM_H1	CNT_PC	26	-0.24229716593580486	-2.840308470266272	snRNA
GLOM	HT_vs_PAT_adj	ERCB_GLOM_H1	IC	18	-0.13099288744186277	-1.159695699424823	snRNA
GLOM	HT_vs_PAT_adj	ERCB_GLOM_H1	PODO	22	0.4592465387574395	5.8188758376406815	snRNA
GLOM	HT_vs_PAT_adj	ERCB_GLOM_H1	PEC	22	-0.0686397169535806	-0.5173948731376256	snRNA
GLOM	HT_vs_PAT_adj	ERCB_GLOM_H1	ENDO	26	0.2840435250105852	3.9563885658151996	snRNA
GLOM	HT_vs_PAT_adj	ERCB_GLOM_H1	ENDO_PT	29	0.19725179857077968	3.0082051929415314	snRNA
GLOM	HT_vs_PAT_adj	ERCB_GLOM_H1	MES	35	0.01899524138637915	0.6818133327913175	snRNA
GLOM	HT_vs_PAT_adj	ERCB_GLOM_H1	STROMA	40	-0.0026530243858759904	0.39262943399524647	snRNA
GLOM	HT_vs_PAT_adj	ERCB_GLOM_H1	PERI	34	-0.06817789587341964	-0.6464267453831852	snRNA
GLOM	HT_vs_PAT_adj	ERCB_GLOM_H1	BCELL	26	-0.2235220949779882	-2.601209616146366	snRNA
GLOM	HT_vs_PAT_adj	ERCB_GLOM_H1	TCELL	36	-0.26679630959052414	-3.721800165394136	snRNA
GLOM	HT_vs_PAT_adj	ERCB_GLOM_H1	MAC	32	-0.14282342279641685	-1.6177792169494822	snRNA
GLOM	HT_vs_PAT_adj	ERCB_GLOM_H1	DC	26	-0.09162848245152642	-0.8375287750247133	snRNA
GLOM	HT_vs_PAT_adj	ERCB_GLOM_H1	MAST	18	-0.378266374949034	-3.687318568116319	snRNA
GLOM	HT_vs_PAT_adj	META	PT	15	-0.009850289415238887	0.1390796869344575	snRNA
GLOM	HT_vs_PAT_adj	META	PT_injured	11	-0.01044467475815553	0.13635202548002476	snRNA
GLOM	HT_vs_PAT_adj	META	LOH	24	-0.06113245682471353	-0.42999729864024894	snRNA
GLOM	HT_vs_PAT_adj	META	DCT	22	-0.03946587698874718	-0.148090832362637	snRNA
GLOM	HT_vs_PAT_adj	META	CNT_PC	26	-0.24229716593580486	-2.834119250448671	snRNA
GLOM	HT_vs_PAT_adj	META	IC	18	-0.13099288744186277	-1.1722773911116986	snRNA
GLOM	HT_vs_PAT_adj	META	PODO	22	0.4592465387574395	5.839100845486905	snRNA
GLOM	HT_vs_PAT_adj	META	PEC	22	-0.0686397169535806	-0.5168254773215445	snRNA
GLOM	HT_vs_PAT_adj	META	ENDO	26	0.2840435250105852	4.046223627150871	snRNA
GLOM	HT_vs_PAT_adj	META	ENDO_PT	29	0.19725179857077968	2.9138715224160863	snRNA
GLOM	HT_vs_PAT_adj	META	MES	35	0.01899524138637915	0.6250227069132432	snRNA
GLOM	HT_vs_PAT_adj	META	STROMA	40	-0.0026530243858759904	0.32408447336079765	snRNA
GLOM	HT_vs_PAT_adj	META	PERI	34	-0.06817789587341964	-0.5807033276906172	snRNA
GLOM	HT_vs_PAT_adj	META	BCELL	26	-0.2235220949779882	-2.4866092841707474	snRNA
GLOM	HT_vs_PAT_adj	META	TCELL	36	-0.26679630959052414	-3.6272153476469673	snRNA
GLOM	HT_vs_PAT_adj	META	MAC	32	-0.14282342279641685	-1.6882196583202438	snRNA
GLOM	HT_vs_PAT_adj	META	DC	26	-0.09162848245152642	-0.8091557613741089	snRNA
GLOM	HT_vs_PAT_adj	META	MAST	18	-0.378266374949034	-3.8640589080216077	snRNA
GLOM	IgAN_vs_PAT	ERCB_GLOM_H1	PT	15	-0.04374433894020817	-0.20464468519330034	snRNA
GLOM	IgAN_vs_PAT	ERCB_GLOM_H1	PT_injured	11	0.16545609522356905	1.7250196767880024	snRNA
GLOM	IgAN_vs_PAT	ERCB_GLOM_H1	LOH	24	0.028394945198670026	0.7418206333594572	snRNA
GLOM	IgAN_vs_PAT	ERCB_GLOM_H1	DCT	22	-0.004376262193545689	0.32612323043159547	snRNA
GLOM	IgAN_vs_PAT	ERCB_GLOM_H1	CNT_PC	26	-0.18203974988024968	-2.333051874249945	snRNA
GLOM	IgAN_vs_PAT	ERCB_GLOM_H1	IC	18	-0.1431423226992289	-1.4926462035445238	snRNA
GLOM	IgAN_vs_PAT	ERCB_GLOM_H1	PODO	22	0.044026396575976505	0.8498446399324172	snRNA
GLOM	IgAN_vs_PAT	ERCB_GLOM_H1	PEC	22	-0.11763676670803265	-1.176083011290418	snRNA
GLOM	IgAN_vs_PAT	ERCB_GLOM_H1	ENDO	26	0.13110338960989162	2.3617730806994346	snRNA
GLOM	IgAN_vs_PAT	ERCB_GLOM_H1	ENDO_PT	29	0.010907152603412499	0.5583546421034408	snRNA
GLOM	IgAN_vs_PAT	ERCB_GLOM_H1	MES	35	-0.06229362493114812	-0.5903071848039847	snRNA
GLOM	IgAN_vs_PAT	ERCB_GLOM_H1	STROMA	40	0.045602491567842664	1.3023152717720605	snRNA
GLOM	IgAN_vs_PAT	ERCB_GLOM_H1	PERI	34	-0.10354865740929894	-1.3055590557594494	snRNA
GLOM	IgAN_vs_PAT	ERCB_GLOM_H1	BCELL	26	-0.1232327428431465	-1.4186123126982695	snRNA
GLOM	IgAN_vs_PAT	ERCB_GLOM_H1	TCELL	36	-0.22698779973304933	-3.496263386524193	snRNA
GLOM	IgAN_vs_PAT	ERCB_GLOM_H1	MAC	32	-0.10682988452026618	-1.3753373188503344	snRNA
GLOM	IgAN_vs_PAT	ERCB_GLOM_H1	DC	26	-0.05148522828060849	-0.3549185259458414	snRNA
GLOM	IgAN_vs_PAT	ERCB_GLOM_H1	MAST	18	-0.3049570831159751	-3.512360610603947	snRNA
GLOM	IgAN_vs_PAT	META	PT	15	-0.04374433894020817	-0.22809354304968843	snRNA
GLOM	IgAN_vs_PAT	META	PT_injured	11	0.16545609522356905	1.805335094556056	snRNA
GLOM	IgAN_vs_PAT	META	LOH	24	0.028394945198670026	0.747399734634828	snRNA
GLOM	IgAN_vs_PAT	META	DCT	22	-0.004376262193545689	0.25988921870135917	snRNA
GLOM	IgAN_vs_PAT	META	CNT_PC	26	-0.18203974988024968	-2.238502926855425	snRNA
GLOM	IgAN_vs_PAT	META	IC	18	-0.1431423226992289	-1.393014012431648	snRNA
GLOM	IgAN_vs_PAT	META	PODO	22	0.044026396575976505	0.9194038243388051	snRNA
GLOM	IgAN_vs_PAT	META	PEC	22	-0.11763676670803265	-1.242503025646609	snRNA
GLOM	IgAN_vs_PAT	META	ENDO	26	0.13110338960989162	2.178734102956161	snRNA
GLOM	IgAN_vs_PAT	META	ENDO_PT	29	0.010907152603412499	0.49373336811856655	snRNA
GLOM	IgAN_vs_PAT	META	MES	35	-0.06229362493114812	-0.6411004038270254	snRNA
GLOM	IgAN_vs_PAT	META	STROMA	40	0.045602491567842664	1.274809865884999	snRNA
GLOM	IgAN_vs_PAT	META	PERI	34	-0.10354865740929894	-1.2691395487956105	snRNA
GLOM	IgAN_vs_PAT	META	BCELL	26	-0.1232327428431465	-1.5013532576433413	snRNA
GLOM	IgAN_vs_PAT	META	TCELL	36	-0.22698779973304933	-3.443366282444334	snRNA
GLOM	IgAN_vs_PAT	META	MAC	32	-0.10682988452026618	-1.3166373580549358	snRNA
GLOM	IgAN_vs_PAT	META	DC	26	-0.05148522828060849	-0.34531714157731525	snRNA
GLOM	IgAN_vs_PAT	META	MAST	18	-0.3049570831159751	-3.3641129924154822	snRNA
GLOM	IgAN_vs_PAT_adj	ERCB_GLOM_H1	PT	15	-0.041427397574231896	-0.16167468009779454	snRNA
GLOM	IgAN_vs_PAT_adj	ERCB_GLOM_H1	PT_injured	11	0.1874002663556838	1.995194245911422	snRNA
GLOM	IgAN_vs_PAT_adj	ERCB_GLOM_H1	LOH	24	0.02933088246302411	0.7335692016390434	snRNA
GLOM	IgAN_vs_PAT_adj	ERCB_GLOM_H1	DCT	22	-0.010164859725205627	0.17646218736859953	snRNA
GLOM	IgAN_vs_PAT_adj	ERCB_GLOM_H1	CNT_PC	26	-0.18431702655764381	-2.258916026650312	snRNA
GLOM	IgAN_vs_PAT_adj	ERCB_GLOM_H1	IC	18	-0.14641060910974274	-1.462289614862031	snRNA
GLOM	IgAN_vs_PAT_adj	ERCB_GLOM_H1	PODO	22	0.04265661771116899	0.838657991249784	snRNA
GLOM	IgAN_vs_PAT_adj	ERCB_GLOM_H1	PEC	22	-0.11757900572617565	-1.280905196894293	snRNA
GLOM	IgAN_vs_PAT_adj	ERCB_GLOM_H1	ENDO	26	0.14057543313742343	2.3555771190845833	snRNA
GLOM	IgAN_vs_PAT_adj	ERCB_GLOM_H1	ENDO_PT	29	0.01129711856013397	0.5270914626879563	snRNA
GLOM	IgAN_vs_PAT_adj	ERCB_GLOM_H1	MES	35	-0.06334535183573065	-0.6856550974587339	snRNA
GLOM	IgAN_vs_PAT_adj	ERCB_GLOM_H1	STROMA	40	0.048692180352985656	1.2278998051675236	snRNA
GLOM	IgAN_vs_PAT_adj	ERCB_GLOM_H1	PERI	34	-0.10289065006845283	-1.3424285203714534	snRNA
GLOM	IgAN_vs_PAT_adj	ERCB_GLOM_H1	BCELL	26	-0.12311302686471667	-1.458697608231249	snRNA
GLOM	IgAN_vs_PAT_adj	ERCB_GLOM_H1	TCELL	36	-0.22759415573841998	-3.4754914300085713	snRNA
GLOM	IgAN_vs_PAT_adj	ERCB_GLOM_H1	MAC	32	-0.10462444269678546	-1.264322932618662	snRNA
GLOM	IgAN_vs_PAT_adj	ERCB_GLOM_H1	DC	26	-0.04546752071658101	-0.3622670527186019	snRNA
GLOM	IgAN_vs_PAT_adj	ERCB_GLOM_H1	MAST	18	-0.3088076634731427	-3.3769230487181057	snRNA
GLOM	IgAN_vs_PAT_adj	META	PT	15	-0.041427397574231896	-0.21717026059947594	snRNA
GLOM	IgAN_vs_PAT_adj	META	PT_injured	11	0.1874002663556838	1.926728380135721	snRNA
GLOM	IgAN_vs_PAT_adj	META	LOH	24	0.02933088246302411	0.7127318080447977	snRNA
GLOM	IgAN_vs_PAT_adj	META	DCT	22	-0.010164859725205627	0.21972743684444057	snRNA
GLOM	IgAN_vs_PAT_adj	META	CNT_PC	26	-0.18431702655764381	-2.3366527043339165	snRNA
GLOM	IgAN_vs_PAT_adj	META	IC	18	-0.14641060910974274	-1.4380795039955536	snRNA
GLOM	IgAN_vs_PAT_adj	META	PODO	22	0.04265661771116899	0.8326304498236832	snRNA
GLOM	IgAN_vs_PAT_adj	META	PEC	22	-0.11757900572617565	-1.2863702121821534	snRNA
GLOM	IgAN_vs_PAT_adj	META	ENDO	26	0.14057543313742343	2.2524998958309714	snRNA
GLOM	IgAN_vs_PAT_adj	META	ENDO_PT	29	0.01129711856013397	0.530337753781264	snRNA
GLOM	IgAN_vs_PAT_adj	META	MES	35	-0.06334535183573065	-0.6483730674436717	snRNA
GLOM	IgAN_vs_PAT_adj	META	STROMA	40	0.048692180352985656	1.3204274179235513	snRNA
GLOM	IgAN_vs_PAT_adj	META	PERI	34	-0.10289065006845283	-1.2679064327867724	snRNA
GLOM	IgAN_vs_PAT_adj	META	BCELL	26	-0.12311302686471667	-1.4624727452189543	snRNA
GLOM	IgAN_vs_PAT_adj	META	TCELL	36	-0.22759415573841998	-3.420146994856767	snRNA
GLOM	IgAN_vs_PAT_adj	META	MAC	32	-0.10462444269678546	-1.2815780327823478	snRNA
GLOM	IgAN_vs_PAT_adj	META	DC	26	-0.04546752071658101	-0.3776384655953981	snRNA
GLOM	IgAN_vs_PAT_adj	META	MAST	18	-0.3088076634731427	-3.4202481247962493	snRNA
GLOM	LN_vs_PAT	ERCB_GLOM_H1	PT	15	0.10777128587166465	0.0757520235906674	snRNA
GLOM	LN_vs_PAT	ERCB_GLOM_H1	PT_injured	11	-0.5654299597848546	-1.587236313682524	snRNA
GLOM	LN_vs_PAT	ERCB_GLOM_H1	LOH	24	-0.2702613982837647	-1.1887065105839592	snRNA
GLOM	LN_vs_PAT	ERCB_GLOM_H1	DCT	22	-0.11319476239044558	-0.6913962296826548	snRNA
GLOM	LN_vs_PAT	ERCB_GLOM_H1	CNT_PC	26	0.628374339439548	1.9649100900905283	snRNA
GLOM	LN_vs_PAT	ERCB_GLOM_H1	IC	18	0.4985175657396515	1.2917092066583606	snRNA
GLOM	LN_vs_PAT	ERCB_GLOM_H1	PODO	22	-0.3760237917515703	-1.5121669858757043	snRNA
GLOM	LN_vs_PAT	ERCB_GLOM_H1	PEC	22	0.5600922151722693	1.6465497214558544	snRNA
GLOM	LN_vs_PAT	ERCB_GLOM_H1	ENDO	26	-0.1183665287322723	-0.6525157518506557	snRNA
GLOM	LN_vs_PAT	ERCB_GLOM_H1	ENDO_PT	29	0.05123189611938493	-0.07419377061237437	snRNA
GLOM	LN_vs_PAT	ERCB_GLOM_H1	MES	35	0.18312703171478853	0.3922573291017283	snRNA
GLOM	LN_vs_PAT	ERCB_GLOM_H1	STROMA	40	-0.039908806793391705	-0.5090409516917368	snRNA
GLOM	LN_vs_PAT	ERCB_GLOM_H1	PERI	34	0.4100126810371876	1.365771635144424	snRNA
GLOM	LN_vs_PAT	ERCB_GLOM_H1	BCELL	26	0.6687905582814262	2.1567406763451786	snRNA
GLOM	LN_vs_PAT	ERCB_GLOM_H1	TCELL	36	0.9156871896573446	3.6687745107232983	snRNA
GLOM	LN_vs_PAT	ERCB_GLOM_H1	MAC	32	1.218895794270793	4.560174380230945	snRNA
GLOM	LN_vs_PAT	ERCB_GLOM_H1	DC	26	0.9056515260957755	3.0201401612865526	snRNA
GLOM	LN_vs_PAT	ERCB_GLOM_H1	MAST	18	1.0989242419600487	3.084085902039919	snRNA
GLOM	LN_vs_PAT	META	PT	15	0.10777128587166465	0.062343563913589604	snRNA
GLOM	LN_vs_PAT	META	PT_injured	11	-0.5654299597848546	-1.527764668939936	snRNA
GLOM	LN_vs_PAT	META	LOH	24	-0.2702613982837647	-1.233269107233957	snRNA
GLOM	LN_vs_PAT	META	DCT	22	-0.11319476239044558	-0.623463556692159	snRNA
GLOM	LN_vs_PAT	META	CNT_PC	26	0.628374339439548	2.155550905423579	snRNA
GLOM	LN_vs_PAT	META	IC	18	0.4985175657396515	1.2232713526139682	snRNA
GLOM	LN_vs_PAT	META	PODO	22	-0.3760237917515703	-1.5386915602100917	snRNA
GLOM	LN_vs_PAT	META	PEC	22	0.5600922151722693	1.6671747263847299	snRNA
GLOM	LN_vs_PAT	META	ENDO	26	-0.1183665287322723	-0.7602358361215951	snRNA
GLOM	LN_vs_PAT	META	ENDO_PT	29	0.05123189611938493	-0.13304594135732492	snRNA
GLOM	LN_vs_PAT	META	MES	35	0.18312703171478853	0.43416770554657824	snRNA
GLOM	LN_vs_PAT	META	STROMA	40	-0.039908806793391705	-0.5678550166086502	snRNA
GLOM	LN_vs_PAT	META	PERI	34	0.4100126810371876	1.364095925313696	snRNA
GLOM	LN_vs_PAT	META	BCELL	26	0.6687905582814262	2.152614954623778	snRNA
GLOM	LN_vs_PAT	META	TCELL	36	0.9156871896573446	3.6467535674213605	snRNA
GLOM	LN_vs_PAT	META	MAC	32	1.218895794270793	4.686518557483597	snRNA
GLOM	LN_vs_PAT	META	DC	26	0.9056515260957755	3.0113336941315465	snRNA
GLOM	LN_vs_PAT	META	MAST	18	1.0989242419600487	3.0853675988490967	snRNA
GLOM	LN_vs_PAT_adj	ERCB_GLOM_H1	PT	15	0.35198118716455296	0.8318679856904991	snRNA
GLOM	LN_vs_PAT_adj	ERCB_GLOM_H1	PT_injured	11	-0.37573094954985353	-1.18727229313763	snRNA
GLOM	LN_vs_PAT_adj	ERCB_GLOM_H1	LOH	24	-0.18845090898440134	-0.9600276600990886	snRNA
GLOM	LN_vs_PAT_adj	ERCB_GLOM_H1	DCT	22	0.004148469354404141	-0.2713733623140853	snRNA
GLOM	LN_vs_PAT_adj	ERCB_GLOM_H1	CNT_PC	26	0.6580445778891355	2.2528000551895535	snRNA
GLOM	LN_vs_PAT_adj	ERCB_GLOM_H1	IC	18	0.5383411094118111	1.423187111081263	snRNA
GLOM	LN_vs_PAT_adj	ERCB_GLOM_H1	PODO	22	-0.32649862538336905	-1.3775121980956244	snRNA
GLOM	LN_vs_PAT_adj	ERCB_GLOM_H1	PEC	22	0.49972076482587047	1.5098032056326567	snRNA
GLOM	LN_vs_PAT_adj	ERCB_GLOM_H1	ENDO	26	-0.2223804927937116	-1.1560534191665246	snRNA
GLOM	LN_vs_PAT_adj	ERCB_GLOM_H1	ENDO_PT	29	0.00960783008624975	-0.26657241832047956	snRNA
GLOM	LN_vs_PAT_adj	ERCB_GLOM_H1	MES	35	0.1420217378671969	0.2885322066849222	snRNA
GLOM	LN_vs_PAT_adj	ERCB_GLOM_H1	STROMA	40	-0.06081444243973001	-0.6484572193222737	snRNA
GLOM	LN_vs_PAT_adj	ERCB_GLOM_H1	PERI	34	0.34967821568249363	1.1957237942396481	snRNA
GLOM	LN_vs_PAT_adj	ERCB_GLOM_H1	BCELL	26	0.6063120038114638	2.0621311461972054	snRNA
GLOM	LN_vs_PAT_adj	ERCB_GLOM_H1	TCELL	36	0.8331732162239347	3.2378247138396063	snRNA
GLOM	LN_vs_PAT_adj	ERCB_GLOM_H1	MAC	32	1.1050596219975932	4.311933584698491	snRNA
GLOM	LN_vs_PAT_adj	ERCB_GLOM_H1	DC	26	0.7770066549751681	2.6647669910778813	snRNA
GLOM	LN_vs_PAT_adj	ERCB_GLOM_H1	MAST	18	1.039847792550278	3.241193849663564	snRNA
GLOM	LN_vs_PAT_adj	META	PT	15	0.35198118716455296	0.8225059560710977	snRNA
GLOM	LN_vs_PAT_adj	META	PT_injured	11	-0.37573094954985353	-1.1161307851469824	snRNA
GLOM	LN_vs_PAT_adj	META	LOH	24	-0.18845090898440134	-0.9572420658383851	snRNA
GLOM	LN_vs_PAT_adj	META	DCT	22	0.004148469354404141	-0.2379897973543981	snRNA
GLOM	LN_vs_PAT_adj	META	CNT_PC	26	0.6580445778891355	2.210477305572204	snRNA
GLOM	LN_vs_PAT_adj	META	IC	18	0.5383411094118111	1.453057698968316	snRNA
GLOM	LN_vs_PAT_adj	META	PODO	22	-0.32649862538336905	-1.4094045306723237	snRNA
GLOM	LN_vs_PAT_adj	META	PEC	22	0.49972076482587047	1.4939774814834865	snRNA
GLOM	LN_vs_PAT_adj	META	ENDO	26	-0.2223804927937116	-1.0860332408254345	snRNA
GLOM	LN_vs_PAT_adj	META	ENDO_PT	29	0.00960783008624975	-0.28894074113911034	snRNA
GLOM	LN_vs_PAT_adj	META	MES	35	0.1420217378671969	0.2787972786546504	snRNA
GLOM	LN_vs_PAT_adj	META	STROMA	40	-0.06081444243973001	-0.6041885457370078	snRNA
GLOM	LN_vs_PAT_adj	META	PERI	34	0.34967821568249363	1.2394003745363815	snRNA
GLOM	LN_vs_PAT_adj	META	BCELL	26	0.6063120038114638	2.0525852615081535	snRNA
GLOM	LN_vs_PAT_adj	META	TCELL	36	0.8331732162239347	3.5989908245017133	snRNA
GLOM	LN_vs_PAT_adj	META	MAC	32	1.1050596219975932	4.227999273852781	snRNA
GLOM	LN_vs_PAT_adj	META	DC	26	0.7770066549751681	2.7852585327570756	snRNA
GLOM	LN_vs_PAT_adj	META	MAST	18	1.039847792550278	3.1858443843777127	snRNA
GLOM	MCD_vs_PAT	ERCB_GLOM_H1	PT	15	-0.17851577078302702	-1.634579416981006	snRNA
GLOM	MCD_vs_PAT	ERCB_GLOM_H1	PT_injured	11	-0.12129131116142328	-0.9559533625523259	snRNA
GLOM	MCD_vs_PAT	ERCB_GLOM_H1	LOH	24	-0.09775174397509545	-1.0139869606054364	snRNA
GLOM	MCD_vs_PAT	ERCB_GLOM_H1	DCT	22	-0.11655532797290519	-1.1670203785886484	snRNA
GLOM	MCD_vs_PAT	ERCB_GLOM_H1	CNT_PC	26	-0.31454930977466017	-3.7762772763889614	snRNA
GLOM	MCD_vs_PAT	ERCB_GLOM_H1	IC	18	-0.2189076878130436	-2.136158429099043	snRNA
GLOM	MCD_vs_PAT	ERCB_GLOM_H1	PODO	22	0.18656294742091137	2.3794386542997543	snRNA
GLOM	MCD_vs_PAT	ERCB_GLOM_H1	PEC	22	-0.024235358461737654	-0.12841345788106323	snRNA
GLOM	MCD_vs_PAT	ERCB_GLOM_H1	ENDO	26	0.404994941674746	5.013345590229428	snRNA
GLOM	MCD_vs_PAT	ERCB_GLOM_H1	ENDO_PT	29	0.12298034805932949	1.8093359257229173	snRNA
GLOM	MCD_vs_PAT	ERCB_GLOM_H1	MES	35	-0.05499810821243694	-0.5806181388983089	snRNA
GLOM	MCD_vs_PAT	ERCB_GLOM_H1	STROMA	40	-0.2391482045641169	-3.465368044160705	snRNA
GLOM	MCD_vs_PAT	ERCB_GLOM_H1	PERI	34	-0.2330499922596466	-3.1428283192701216	snRNA
GLOM	MCD_vs_PAT	ERCB_GLOM_H1	BCELL	26	-0.2741591831525931	-3.280132325178135	snRNA
GLOM	MCD_vs_PAT	ERCB_GLOM_H1	TCELL	36	-0.29251758883603746	-4.0829026678556115	snRNA
GLOM	MCD_vs_PAT	ERCB_GLOM_H1	MAC	32	-0.33760341105517	-4.418064594328917	snRNA
GLOM	MCD_vs_PAT	ERCB_GLOM_H1	DC	26	-0.3091717335896996	-3.556411651989602	snRNA
GLOM	MCD_vs_PAT	ERCB_GLOM_H1	MAST	18	-0.30000075987643665	-3.0393002339914768	snRNA
GLOM	MCD_vs_PAT	ERCB_GLOM_H7	PT	15	0.9309711813926697	5.153991997065063	snRNA
GLOM	MCD_vs_PAT	ERCB_GLOM_H7	PT_injured	11	0.46792045506564056	2.055232104187785	snRNA
GLOM	MCD_vs_PAT	ERCB_GLOM_H7	LOH	24	0.04726248215107868	-0.12556052907364176	snRNA
GLOM	MCD_vs_PAT	ERCB_GLOM_H7	DCT	22	0.17095741426402872	0.7685148930048576	snRNA
GLOM	MCD_vs_PAT	ERCB_GLOM_H7	CNT_PC	26	0.03771521172557886	-0.26457037419666607	snRNA
GLOM	MCD_vs_PAT	ERCB_GLOM_H7	IC	18	-0.024231987953599942	-0.5832125991879445	snRNA
GLOM	MCD_vs_PAT	ERCB_GLOM_H7	PODO	22	0.38507858553731983	2.291680300281497	snRNA
GLOM	MCD_vs_PAT	ERCB_GLOM_H7	PEC	22	0.0017334441231055694	-0.4717084811557744	snRNA
GLOM	MCD_vs_PAT	ERCB_GLOM_H7	ENDO	26	-0.2777723071810145	-2.647987613655824	snRNA
GLOM	MCD_vs_PAT	ERCB_GLOM_H7	ENDO_PT	29	-0.2671494381181125	-2.721865500278594	snRNA
GLOM	MCD_vs_PAT	ERCB_GLOM_H7	MES	35	-0.18363304659724236	-2.307633224626446	snRNA
GLOM	MCD_vs_PAT	ERCB_GLOM_H7	STROMA	40	-0.2828140850411728	-3.425282313302536	snRNA
GLOM	MCD_vs_PAT	ERCB_GLOM_H7	PERI	34	-0.12790027381304434	-1.747765525554653	snRNA
GLOM	MCD_vs_PAT	ERCB_GLOM_H7	BCELL	26	-0.1810828844228616	-1.83367941396277	snRNA
GLOM	MCD_vs_PAT	ERCB_GLOM_H7	TCELL	36	-0.30632865335792303	-3.458459506948226	snRNA
GLOM	MCD_vs_PAT	ERCB_GLOM_H7	MAC	32	-0.731961379176937	-6.91980666743356	snRNA
GLOM	MCD_vs_PAT	ERCB_GLOM_H7	DC	26	-0.7596148711163551	-6.543544762126761	snRNA
GLOM	MCD_vs_PAT	ERCB_GLOM_H7	MAST	18	-0.10272441783712968	-1.0954747624804093	snRNA
GLOM	MCD_vs_PAT	GSE108109-GPL19983	PT	40	0.04403610407607629	0.9546363813943787	snRNA
GLOM	MCD_vs_PAT	GSE108109-GPL19983	PT_injured	29	0.0897815652705472	1.6877940912431042	snRNA
GLOM	MCD_vs_PAT	GSE108109-GPL19983	LOH	44	-0.09451257803646679	-2.098107251932202	snRNA
GLOM	MCD_vs_PAT	GSE108109-GPL19983	DCT	46	-0.04028618287939816	-0.9907448154804861	snRNA
GLOM	MCD_vs_PAT	GSE108109-GPL19983	CNT_PC	46	-0.1392194136025627	-3.2384067309155453	snRNA
GLOM	MCD_vs_PAT	GSE108109-GPL19983	IC	47	-0.01647847197315796	-0.4189344777743982	snRNA
GLOM	MCD_vs_PAT	GSE108109-GPL19983	PODO	47	0.07831016522113905	1.7565819847294013	snRNA
GLOM	MCD_vs_PAT	GSE108109-GPL19983	PEC	48	-0.10110065841581672	-2.3616360767694573	snRNA
GLOM	MCD_vs_PAT	GSE108109-GPL19983	ENDO	47	0.3274014378164677	7.682170838043762	snRNA
GLOM	MCD_vs_PAT	GSE108109-GPL19983	ENDO_PT	49	0.2015828147126072	4.655987301388801	snRNA
GLOM	MCD_vs_PAT	GSE108109-GPL19983	MES	49	0.10823685115165248	2.629642888503665	snRNA
GLOM	MCD_vs_PAT	GSE108109-GPL19983	STROMA	49	-0.16820891269919824	-4.092293359113099	snRNA
GLOM	MCD_vs_PAT	GSE108109-GPL19983	PERI	49	-0.0999302821119829	-2.305018938124071	snRNA
GLOM	MCD_vs_PAT	GSE108109-GPL19983	BCELL	44	-0.060071080735228426	-1.4088823088580213	snRNA
GLOM	MCD_vs_PAT	GSE108109-GPL19983	TCELL	48	-0.05442788848692242	-1.3284885741432575	snRNA
GLOM	MCD_vs_PAT	GSE108109-GPL19983	MAC	49	-0.20314797641928023	-4.71341943895387	snRNA
GLOM	MCD_vs_PAT	GSE108109-GPL19983	DC	49	-0.14808304474822112	-3.4429765894473694	snRNA
GLOM	MCD_vs_PAT	GSE108109-GPL19983	MAST	24	0.03987383049388881	0.6836740216839841	snRNA
GLOM	MCD_vs_PAT	META	PT	40	0.09758954821542525	1.921057339654822	snRNA
GLOM	MCD_vs_PAT	META	PT_injured	29	0.09384858078890662	1.509339905718745	snRNA
GLOM	MCD_vs_PAT	META	LOH	44	-0.0659451621909146	-1.7895317419825374	snRNA
GLOM	MCD_vs_PAT	META	DCT	46	-0.02629773441188171	-0.9111246176894398	snRNA
GLOM	MCD_vs_PAT	META	CNT_PC	46	-0.12550839192935842	-3.1124698990332744	snRNA
GLOM	MCD_vs_PAT	META	IC	47	-0.049417957789033434	-1.4631755944942986	snRNA
GLOM	MCD_vs_PAT	META	PODO	47	0.13140595791215764	2.810900260874406	snRNA
GLOM	MCD_vs_PAT	META	PEC	48	-0.048944715811457075	-1.4474498089384824	snRNA
GLOM	MCD_vs_PAT	META	ENDO	47	0.21716369454689483	4.876693627671973	snRNA
GLOM	MCD_vs_PAT	META	ENDO_PT	50	0.0914033876401178	1.9051903046392542	snRNA
GLOM	MCD_vs_PAT	META	MES	49	-0.00010956112346073322	-0.28859535125442953	snRNA
GLOM	MCD_vs_PAT	META	STROMA	49	-0.20546386999135113	-5.304846850211944	snRNA
GLOM	MCD_vs_PAT	META	PERI	49	-0.10692710869274019	-2.966807977128856	snRNA
GLOM	MCD_vs_PAT	META	BCELL	46	-0.13065038556216177	-3.4478645188398658	snRNA
GLOM	MCD_vs_PAT	META	TCELL	49	-0.16497549729193656	-4.308465240563967	snRNA
GLOM	MCD_vs_PAT	META	MAC	49	-0.348808602045835	-8.624523822951549	snRNA
GLOM	MCD_vs_PAT	META	DC	49	-0.28735411251090515	-7.186547097918367	snRNA
GLOM	MCD_vs_PAT	META	MAST	25	-0.10033590370323507	-2.0306133125532053	snRNA
GLOM	MCD_vs_PAT_adj	ERCB_GLOM_H1	PT	15	-0.25080397343349325	-2.1329685392200677	snRNA
GLOM	MCD_vs_PAT_adj	ERCB_GLOM_H1	PT_injured	11	-0.1744896431546363	-1.2857467069568513	snRNA
GLOM	MCD_vs_PAT_adj	ERCB_GLOM_H1	LOH	24	-0.10991096034900434	-1.0647585065545009	snRNA
GLOM	MCD_vs_PAT_adj	ERCB_GLOM_H1	DCT	22	-0.13803515124889823	-1.365554279492071	snRNA
GLOM	MCD_vs_PAT_adj	ERCB_GLOM_H1	CNT_PC	26	-0.32212621552742016	-3.7385009014563706	snRNA
GLOM	MCD_vs_PAT_adj	ERCB_GLOM_H1	IC	18	-0.22597825350722278	-2.158610402882633	snRNA
GLOM	MCD_vs_PAT_adj	ERCB_GLOM_H1	PODO	22	0.18271569114407404	2.173494052962341	snRNA
GLOM	MCD_vs_PAT_adj	ERCB_GLOM_H1	PEC	22	-0.02352793250085594	-0.1307148703313305	snRNA
GLOM	MCD_vs_PAT_adj	ERCB_GLOM_H1	ENDO	26	0.4324886303580942	5.539623246265979	snRNA
GLOM	MCD_vs_PAT_adj	ERCB_GLOM_H1	ENDO_PT	29	0.13512325308021306	1.8707303697659554	snRNA
GLOM	MCD_vs_PAT_adj	ERCB_GLOM_H1	MES	35	-0.053920269725343355	-0.5625608136786349	snRNA
GLOM	MCD_vs_PAT_adj	ERCB_GLOM_H1	STROMA	40	-0.24009472993772318	-3.459002275103965	snRNA
GLOM	MCD_vs_PAT_adj	ERCB_GLOM_H1	PERI	34	-0.23410312470636113	-3.1454054105616898	snRNA
GLOM	MCD_vs_PAT_adj	ERCB_GLOM_H1	BCELL	26	-0.2714371179087104	-3.221784754546847	snRNA
GLOM	MCD_vs_PAT_adj	ERCB_GLOM_H1	TCELL	36	-0.28849275851626605	-3.996451316771069	snRNA
GLOM	MCD_vs_PAT_adj	ERCB_GLOM_H1	MAC	32	-0.3422070196798048	-4.435567425913993	snRNA
GLOM	MCD_vs_PAT_adj	ERCB_GLOM_H1	DC	26	-0.3163112868710416	-3.737409212356362	snRNA
GLOM	MCD_vs_PAT_adj	ERCB_GLOM_H1	MAST	18	-0.29948635270885116	-2.7985934067605744	snRNA
GLOM	MCD_vs_PAT_adj	ERCB_GLOM_H7	PT	15	0.09848010512446823	0.2770542270036711	snRNA
GLOM	MCD_vs_PAT_adj	ERCB_GLOM_H7	PT_injured	11	-0.2718109208294099	-2.3535778443842643	snRNA
GLOM	MCD_vs_PAT_adj	ERCB_GLOM_H7	LOH	24	-0.272798537831483	-3.5307564042710764	snRNA
GLOM	MCD_vs_PAT_adj	ERCB_GLOM_H7	DCT	22	-0.1905883377641345	-2.417815216495638	snRNA
GLOM	MCD_vs_PAT_adj	ERCB_GLOM_H7	CNT_PC	26	-0.15519920068360712	-2.4050765709834385	snRNA
GLOM	MCD_vs_PAT_adj	ERCB_GLOM_H7	IC	18	-0.20634462063502956	-2.405601880352113	snRNA
GLOM	MCD_vs_PAT_adj	ERCB_GLOM_H7	PODO	22	0.2935271613724453	2.2415346889708676	snRNA
GLOM	MCD_vs_PAT_adj	ERCB_GLOM_H7	PEC	22	-0.0074997267534149484	-0.7455985903852944	snRNA
GLOM	MCD_vs_PAT_adj	ERCB_GLOM_H7	ENDO	26	0.061862375582714006	-0.05105886618519077	snRNA
GLOM	MCD_vs_PAT_adj	ERCB_GLOM_H7	ENDO_PT	29	0.06475700311621557	-0.028834085349182203	snRNA
GLOM	MCD_vs_PAT_adj	ERCB_GLOM_H7	MES	35	0.15755300363724517	1.0832331782591667	snRNA
GLOM	MCD_vs_PAT_adj	ERCB_GLOM_H7	STROMA	40	-0.17963451450268142	-3.216574480859875	snRNA
GLOM	MCD_vs_PAT_adj	ERCB_GLOM_H7	PERI	34	-0.037904037391532475	-1.29957753174202	snRNA
GLOM	MCD_vs_PAT_adj	ERCB_GLOM_H7	BCELL	26	-0.04304300786742789	-1.1559679421078077	snRNA
GLOM	MCD_vs_PAT_adj	ERCB_GLOM_H7	TCELL	36	-0.11801770987754837	-2.252630507053806	snRNA
GLOM	MCD_vs_PAT_adj	ERCB_GLOM_H7	MAC	32	-0.3794149264053831	-5.115934740467838	snRNA
GLOM	MCD_vs_PAT_adj	ERCB_GLOM_H7	DC	26	-0.39890289624312686	-4.974686926294735	snRNA
GLOM	MCD_vs_PAT_adj	ERCB_GLOM_H7	MAST	18	-0.05232923210035189	-1.1042305958052696	snRNA
GLOM	MCD_vs_PAT_adj	GSE108109-GPL19983	PT	40	-0.030279418242151485	-0.6139520065723265	snRNA
GLOM	MCD_vs_PAT_adj	GSE108109-GPL19983	PT_injured	29	2.4689011344778717e-05	-0.046799777828157946	snRNA
GLOM	MCD_vs_PAT_adj	GSE108109-GPL19983	LOH	44	-0.12659984252109943	-2.73509150964291	snRNA
GLOM	MCD_vs_PAT_adj	GSE108109-GPL19983	DCT	46	-0.059619571080210806	-1.385570706966056	snRNA
GLOM	MCD_vs_PAT_adj	GSE108109-GPL19983	CNT_PC	46	-0.1531050277705143	-3.546202554250762	snRNA
GLOM	MCD_vs_PAT_adj	GSE108109-GPL19983	IC	47	-0.03157969226710034	-0.7645259776887106	snRNA
GLOM	MCD_vs_PAT_adj	GSE108109-GPL19983	PODO	47	0.05609429518355106	1.2051765406127386	snRNA
GLOM	MCD_vs_PAT_adj	GSE108109-GPL19983	PEC	48	-0.09672918330854248	-2.2618583345298786	snRNA
GLOM	MCD_vs_PAT_adj	GSE108109-GPL19983	ENDO	47	0.3615212477357558	8.022492077305145	snRNA
GLOM	MCD_vs_PAT_adj	GSE108109-GPL19983	ENDO_PT	49	0.23744435944024844	5.37100868122634	snRNA
GLOM	MCD_vs_PAT_adj	GSE108109-GPL19983	MES	49	0.13058664236227532	3.103288592040058	snRNA
GLOM	MCD_vs_PAT_adj	GSE108109-GPL19983	STROMA	49	-0.1509880831596229	-3.536599801403796	snRNA
GLOM	MCD_vs_PAT_adj	GSE108109-GPL19983	PERI	49	-0.07985440027927129	-1.8441347642359143	snRNA
GLOM	MCD_vs_PAT_adj	GSE108109-GPL19983	BCELL	44	-0.042332704161529656	-0.9434042896691178	snRNA
GLOM	MCD_vs_PAT_adj	GSE108109-GPL19983	TCELL	48	-0.025797849419587283	-0.6197628315258323	snRNA
GLOM	MCD_vs_PAT_adj	GSE108109-GPL19983	MAC	49	-0.15250883628894607	-3.554688765301085	snRNA
GLOM	MCD_vs_PAT_adj	GSE108109-GPL19983	DC	49	-0.10559584249779787	-2.5234001907736934	snRNA
GLOM	MCD_vs_PAT_adj	GSE108109-GPL19983	MAST	24	0.048235614005144284	0.8030357876558591	snRNA
GLOM	MCD_vs_PAT_adj	META	PT	40	-0.06595396243597311	-1.7344020450819149	snRNA
GLOM	MCD_vs_PAT_adj	META	PT_injured	29	-0.07701627784781585	-1.7758370645949968	snRNA
GLOM	MCD_vs_PAT_adj	META	LOH	44	-0.14802172626733104	-3.811209206747013	snRNA
GLOM	MCD_vs_PAT_adj	META	DCT	46	-0.09838316088424402	-2.704822742745198	snRNA
GLOM	MCD_vs_PAT_adj	META	CNT_PC	46	-0.17220797288002115	-4.562916872793214	snRNA
GLOM	MCD_vs_PAT_adj	META	IC	47	-0.08612896499611325	-2.493982322818763	snRNA
GLOM	MCD_vs_PAT_adj	META	PODO	47	0.10139250143218918	2.2104609099219186	snRNA
GLOM	MCD_vs_PAT_adj	META	PEC	48	-0.04898715297889405	-1.5399023256589892	snRNA
GLOM	MCD_vs_PAT_adj	META	ENDO	47	0.3058369987009523	7.075592182692016	snRNA
GLOM	MCD_vs_PAT_adj	META	ENDO_PT	50	0.18153996418424184	4.181752577322288	snRNA
GLOM	MCD_vs_PAT_adj	META	MES	49	0.09346112664889805	1.9944836094401095	snRNA
GLOM	MCD_vs_PAT_adj	META	STROMA	49	-0.1706551495705617	-4.837627675904733	snRNA
GLOM	MCD_vs_PAT_adj	META	PERI	49	-0.07605644365910397	-2.2614345083461336	snRNA
GLOM	MCD_vs_PAT_adj	META	BCELL	46	-0.0917412228769023	-2.4872777559725554	snRNA
GLOM	MCD_vs_PAT_adj	META	TCELL	49	-0.10428027720279032	-2.9017603096892564	snRNA
GLOM	MCD_vs_PAT_adj	META	MAC	49	-0.24646956899130107	-6.530198001070329	snRNA
GLOM	MCD_vs_PAT_adj	META	DC	49	-0.1983648465843612	-5.244661342167327	snRNA
GLOM	MCD_vs_PAT_adj	META	MAST	25	-0.08462111455599632	-1.6896611367794538	snRNA
GLOM	MN_vs_PAT	ERCB_GLOM_H1	PT	15	0.14356702513371902	1.10007016357192	snRNA
GLOM	MN_vs_PAT	ERCB_GLOM_H1	PT_injured	11	0.32896756583994086	2.225598165595866	snRNA
GLOM	MN_vs_PAT	ERCB_GLOM_H1	LOH	24	0.27652588207274675	2.7249533976782034	snRNA
GLOM	MN_vs_PAT	ERCB_GLOM_H1	DCT	22	0.12659338755871763	1.1168536551226853	snRNA
GLOM	MN_vs_PAT	ERCB_GLOM_H1	CNT_PC	26	-0.11647979981856994	-1.3963545911111648	snRNA
GLOM	MN_vs_PAT	ERCB_GLOM_H1	IC	18	-0.07756946163458957	-0.917905346857631	snRNA
GLOM	MN_vs_PAT	ERCB_GLOM_H1	PODO	22	0.3162553828548301	3.2699042699264496	snRNA
GLOM	MN_vs_PAT	ERCB_GLOM_H1	PEC	22	-0.1625299338590015	-1.8092095829827688	snRNA
GLOM	MN_vs_PAT	ERCB_GLOM_H1	ENDO	26	-0.26122907747944385	-3.039875096709374	snRNA
GLOM	MN_vs_PAT	ERCB_GLOM_H1	ENDO_PT	29	-0.21797477037661933	-2.7045487740427014	snRNA
GLOM	MN_vs_PAT	ERCB_GLOM_H1	MES	35	-0.006955164883817945	-0.33979038661951605	snRNA
GLOM	MN_vs_PAT	ERCB_GLOM_H1	STROMA	40	-0.09212745479308068	-1.5113268551430403	snRNA
GLOM	MN_vs_PAT	ERCB_GLOM_H1	PERI	34	0.055729474571040445	0.4746808486837875	snRNA
GLOM	MN_vs_PAT	ERCB_GLOM_H1	BCELL	26	-0.15841409470885992	-1.9376650495486387	snRNA
GLOM	MN_vs_PAT	ERCB_GLOM_H1	TCELL	36	-0.3715047179203894	-5.160182671677489	snRNA
GLOM	MN_vs_PAT	ERCB_GLOM_H1	MAC	32	-0.7478750904556364	-9.304025665946275	snRNA
GLOM	MN_vs_PAT	ERCB_GLOM_H1	DC	26	-0.540649904582936	-5.978641713806154	snRNA
GLOM	MN_vs_PAT	ERCB_GLOM_H1	MAST	18	-0.27598914090130067	-2.6748573032838063	snRNA
GLOM	MN_vs_PAT	GSE108109-GPL19983	PT	40	0.04805521847156341	1.1182454580868204	snRNA
GLOM	MN_vs_PAT	GSE108109-GPL19983	PT_injured	29	0.04310744372999359	0.7850438951881135	snRNA
GLOM	MN_vs_PAT	GSE108109-GPL19983	LOH	44	0.05040021765109321	1.223571311247095	snRNA
GLOM	MN_vs_PAT	GSE108109-GPL19983	DCT	46	-0.02095429465154429	-0.7390524935575125	snRNA
GLOM	MN_vs_PAT	GSE108109-GPL19983	CNT_PC	46	-0.0070952452800196	-0.35867597766850345	snRNA
GLOM	MN_vs_PAT	GSE108109-GPL19983	IC	47	0.010726766722732572	0.15233042769363	snRNA
GLOM	MN_vs_PAT	GSE108109-GPL19983	PODO	47	0.2343868389131224	6.412296816724258	snRNA
GLOM	MN_vs_PAT	GSE108109-GPL19983	PEC	48	0.029051464448760583	0.6107634013489005	snRNA
GLOM	MN_vs_PAT	GSE108109-GPL19983	ENDO	47	-0.1399588774334877	-4.026328837066106	snRNA
GLOM	MN_vs_PAT	GSE108109-GPL19983	ENDO_PT	49	-0.1313485899674041	-3.9819672111759643	snRNA
GLOM	MN_vs_PAT	GSE108109-GPL19983	MES	49	-0.15561694012151803	-4.6148348692041	snRNA
GLOM	MN_vs_PAT	GSE108109-GPL19983	STROMA	49	-0.05859293517827683	-1.7514205383003596	snRNA
GLOM	MN_vs_PAT	GSE108109-GPL19983	PERI	49	0.021465812629202802	0.46309956277491293	snRNA
GLOM	MN_vs_PAT	GSE108109-GPL19983	BCELL	44	-0.06601701826597986	-1.9220766545470072	snRNA
GLOM	MN_vs_PAT	GSE108109-GPL19983	TCELL	48	-0.13671601123254126	-3.9682359202496498	snRNA
GLOM	MN_vs_PAT	GSE108109-GPL19983	MAC	49	-0.08788152086448722	-2.520926582058202	snRNA
GLOM	MN_vs_PAT	GSE108109-GPL19983	DC	49	-0.016176557738562015	-0.6294460251886227	snRNA
GLOM	MN_vs_PAT	GSE108109-GPL19983	MAST	24	0.010890187850842871	0.10491377801619271	snRNA
GLOM	MN_vs_PAT	META	PT	40	0.07606629017827797	1.6357661521885818	snRNA
GLOM	MN_vs_PAT	META	PT_injured	29	0.10139300979288486	1.8410339344874609	snRNA
GLOM	MN_vs_PAT	META	LOH	44	0.10452227442345413	2.3687298337550424	snRNA
GLOM	MN_vs_PAT	META	DCT	46	0.009445886446527487	0.0865862649843089	snRNA
GLOM	MN_vs_PAT	META	CNT_PC	46	-0.036666882898830605	-1.1675845121649862	snRNA
GLOM	MN_vs_PAT	META	IC	47	0.00019298941937295207	-0.2056791599232276	snRNA
GLOM	MN_vs_PAT	META	PODO	47	0.24988883264125028	6.0982601187022905	snRNA
GLOM	MN_vs_PAT	META	PEC	48	-0.011738422244282736	-0.49156602146265344	snRNA
GLOM	MN_vs_PAT	META	ENDO	47	-0.166122786180572	-4.406125675038855	snRNA
GLOM	MN_vs_PAT	META	ENDO_PT	50	-0.14796778729534707	-4.11180031367281	snRNA
GLOM	MN_vs_PAT	META	MES	49	-0.1078681118960958	-3.100984401931945	snRNA
GLOM	MN_vs_PAT	META	STROMA	49	-0.07487386601444866	-2.1654669343872146	snRNA
GLOM	MN_vs_PAT	META	PERI	49	0.02182331103451398	0.3731217218762485	snRNA
GLOM	MN_vs_PAT	META	BCELL	46	-0.08177039046194809	-2.2862658585664377	snRNA
GLOM	MN_vs_PAT	META	TCELL	49	-0.22264621487571573	-6.034215346061967	snRNA
GLOM	MN_vs_PAT	META	MAC	49	-0.2945446428636146	-7.368698661872033	snRNA
GLOM	MN_vs_PAT	META	DC	49	-0.16202029129680323	-4.482107763099524	snRNA
GLOM	MN_vs_PAT	META	MAST	25	-0.0908707933872938	-1.7224655799883068	snRNA
GLOM	MN_vs_PAT_adj	ERCB_GLOM_H1	PT	15	-0.08983760213671652	-0.9461435109289251	snRNA
GLOM	MN_vs_PAT_adj	ERCB_GLOM_H1	PT_injured	11	0.09550827340816076	0.63485135826298	snRNA
GLOM	MN_vs_PAT_adj	ERCB_GLOM_H1	LOH	24	0.19581922562586232	2.083079914655707	snRNA
GLOM	MN_vs_PAT_adj	ERCB_GLOM_H1	DCT	22	0.0276499076119621	0.12501662534058178	snRNA
GLOM	MN_vs_PAT_adj	ERCB_GLOM_H1	CNT_PC	26	-0.1456297325178624	-1.8973453149300814	snRNA
GLOM	MN_vs_PAT_adj	ERCB_GLOM_H1	IC	18	-0.10424124073330869	-1.1607093154408272	snRNA
GLOM	MN_vs_PAT_adj	ERCB_GLOM_H1	PODO	22	0.26971138210532175	2.859462347411472	snRNA
GLOM	MN_vs_PAT_adj	ERCB_GLOM_H1	PEC	22	-0.15379928014735478	-1.8789395427596525	snRNA
GLOM	MN_vs_PAT_adj	ERCB_GLOM_H1	ENDO	26	-0.1768331412105682	-2.2707584108108207	snRNA
GLOM	MN_vs_PAT_adj	ERCB_GLOM_H1	ENDO_PT	29	-0.18233974613454945	-2.5467351783145595	snRNA
GLOM	MN_vs_PAT_adj	ERCB_GLOM_H1	MES	35	0.029726936142015006	0.14940605240949675	snRNA
GLOM	MN_vs_PAT_adj	ERCB_GLOM_H1	STROMA	40	-0.07753666426133968	-1.3511308057346227	snRNA
GLOM	MN_vs_PAT_adj	ERCB_GLOM_H1	PERI	34	0.09313657192200725	1.0490938794868416	snRNA
GLOM	MN_vs_PAT_adj	ERCB_GLOM_H1	BCELL	26	-0.11717204421989112	-1.5300332448080667	snRNA
GLOM	MN_vs_PAT_adj	ERCB_GLOM_H1	TCELL	36	-0.30398194318430644	-4.747419149079804	snRNA
GLOM	MN_vs_PAT_adj	ERCB_GLOM_H1	MAC	32	-0.6636606849323019	-8.616552064230026	snRNA
GLOM	MN_vs_PAT_adj	ERCB_GLOM_H1	DC	26	-0.4557505569309885	-5.556707632499657	snRNA
GLOM	MN_vs_PAT_adj	ERCB_GLOM_H1	MAST	18	-0.24508542369079445	-2.554252270619398	snRNA
GLOM	MN_vs_PAT_adj	GSE108109-GPL19983	PT	40	-0.009041678075311218	-0.32572157419226483	snRNA
GLOM	MN_vs_PAT_adj	GSE108109-GPL19983	PT_injured	29	-0.035340323161469	-0.9154481382783488	snRNA
GLOM	MN_vs_PAT_adj	GSE108109-GPL19983	LOH	44	0.02858353595516612	0.6169258793133409	snRNA
GLOM	MN_vs_PAT_adj	GSE108109-GPL19983	DCT	46	-0.03524510740388445	-1.144157105752666	snRNA
GLOM	MN_vs_PAT_adj	GSE108109-GPL19983	CNT_PC	46	-0.018366981793064827	-0.6743469634332504	snRNA
GLOM	MN_vs_PAT_adj	GSE108109-GPL19983	IC	47	0.0012433448671434336	-0.1229153760506148	snRNA
GLOM	MN_vs_PAT_adj	GSE108109-GPL19983	PODO	47	0.21820315026894938	5.935014641820708	snRNA
GLOM	MN_vs_PAT_adj	GSE108109-GPL19983	PEC	48	0.03328802574682075	0.7582347191327177	snRNA
GLOM	MN_vs_PAT_adj	GSE108109-GPL19983	ENDO	47	-0.11911859727638754	-3.5816504651159597	snRNA
GLOM	MN_vs_PAT_adj	GSE108109-GPL19983	ENDO_PT	49	-0.11057370352774269	-3.366051813186579	snRNA
GLOM	MN_vs_PAT_adj	GSE108109-GPL19983	MES	49	-0.14079134608107421	-4.1076417037561015	snRNA
GLOM	MN_vs_PAT_adj	GSE108109-GPL19983	STROMA	49	-0.04190784757069119	-1.3138844901411229	snRNA
GLOM	MN_vs_PAT_adj	GSE108109-GPL19983	PERI	49	0.038179171805067524	0.7884960524664298	snRNA
GLOM	MN_vs_PAT_adj	GSE108109-GPL19983	BCELL	44	-0.05298703121075339	-1.6097811267242714	snRNA
GLOM	MN_vs_PAT_adj	GSE108109-GPL19983	TCELL	48	-0.11667010810919182	-3.460538217206179	snRNA
GLOM	MN_vs_PAT_adj	GSE108109-GPL19983	MAC	49	-0.04648096462433901	-1.4011592138054776	snRNA
GLOM	MN_vs_PAT_adj	GSE108109-GPL19983	DC	49	0.023313437457309877	0.5035117651140846	snRNA
GLOM	MN_vs_PAT_adj	GSE108109-GPL19983	MAST	24	0.016595418691375166	0.2303365481908959	snRNA
GLOM	MN_vs_PAT_adj	META	PT	40	-0.009540801271512779	-0.39472741362884445	snRNA
GLOM	MN_vs_PAT_adj	META	PT_injured	29	-0.008752816327109085	-0.3496526210999455	snRNA
GLOM	MN_vs_PAT_adj	META	LOH	44	0.06584794950069886	1.4256580608173477	snRNA
GLOM	MN_vs_PAT_adj	META	DCT	46	-0.02390499516890222	-0.7860386289868243	snRNA
GLOM	MN_vs_PAT_adj	META	CNT_PC	46	-0.05326430339809879	-1.5532960852375997	snRNA
GLOM	MN_vs_PAT_adj	META	IC	47	-0.013006645749064044	-0.5804956419575173	snRNA
GLOM	MN_vs_PAT_adj	META	PODO	47	0.22653426014872588	5.845558857252922	snRNA
GLOM	MN_vs_PAT_adj	META	PEC	48	-0.00772892761463653	-0.4407122085338372	snRNA
GLOM	MN_vs_PAT_adj	META	ENDO	47	-0.1281361977789922	-3.5809160350525393	snRNA
GLOM	MN_vs_PAT_adj	META	ENDO_PT	50	-0.12277742928038114	-3.5888150751480303	snRNA
GLOM	MN_vs_PAT_adj	META	MES	49	-0.08485930809168689	-2.369304584846517	snRNA
GLOM	MN_vs_PAT_adj	META	STROMA	49	-0.05997251842799753	-1.795213031433833	snRNA
GLOM	MN_vs_PAT_adj	META	PERI	49	0.04484967647853662	1.006210783718822	snRNA
GLOM	MN_vs_PAT_adj	META	BCELL	46	-0.05951699982643296	-1.8342424882447634	snRNA
GLOM	MN_vs_PAT_adj	META	TCELL	49	-0.18618240671366804	-5.225812681829715	snRNA
GLOM	MN_vs_PAT_adj	META	MAC	49	-0.23907839519730664	-6.568555654318891	snRNA
GLOM	MN_vs_PAT_adj	META	DC	49	-0.1111992253037704	-3.179995214656194	snRNA
GLOM	MN_vs_PAT_adj	META	MAST	25	-0.07415238417786135	-1.6309461225890012	snRNA
GLOM	RPGN_vs_PAT	ERCB_GLOM_H7	PT	15	-0.6686639895041784	-5.152915955595069	snRNA
GLOM	RPGN_vs_PAT	ERCB_GLOM_H7	PT_injured	11	-0.40657025609504094	-2.6805123147420846	snRNA
GLOM	RPGN_vs_PAT	ERCB_GLOM_H7	LOH	24	-0.29315212099269655	-2.7611799918387687	snRNA
GLOM	RPGN_vs_PAT	ERCB_GLOM_H7	DCT	22	-0.20533244184811006	-1.811029167265317	snRNA
GLOM	RPGN_vs_PAT	ERCB_GLOM_H7	CNT_PC	26	-0.05535264237998771	-0.4681084353893005	snRNA
GLOM	RPGN_vs_PAT	ERCB_GLOM_H7	IC	18	-0.019742998203987044	-0.08833237039376195	snRNA
GLOM	RPGN_vs_PAT	ERCB_GLOM_H7	PODO	22	-0.09879993474301459	-0.7948678801814423	snRNA
GLOM	RPGN_vs_PAT	ERCB_GLOM_H7	PEC	22	-0.03944814789362929	-0.19665556249613061	snRNA
GLOM	RPGN_vs_PAT	ERCB_GLOM_H7	ENDO	26	0.07310571546594684	0.9427767593875906	snRNA
GLOM	RPGN_vs_PAT	ERCB_GLOM_H7	ENDO_PT	29	0.07497612036893078	0.967902201994497	snRNA
GLOM	RPGN_vs_PAT	ERCB_GLOM_H7	MES	35	-0.07700834260987384	-0.7579674542533059	snRNA
GLOM	RPGN_vs_PAT	ERCB_GLOM_H7	STROMA	40	0.00414928412064911	0.17764611372372963	snRNA
GLOM	RPGN_vs_PAT	ERCB_GLOM_H7	PERI	34	-0.1842961595119799	-1.957087674816797	snRNA
GLOM	RPGN_vs_PAT	ERCB_GLOM_H7	BCELL	26	0.23076051830027539	2.3938587052030424	snRNA
GLOM	RPGN_vs_PAT	ERCB_GLOM_H7	TCELL	36	0.405529181783398	5.22225148341899	snRNA
GLOM	RPGN_vs_PAT	ERCB_GLOM_H7	MAC	32	0.8350262506864965	9.687384534736282	snRNA
GLOM	RPGN_vs_PAT	ERCB_GLOM_H7	DC	26	0.5781471510417759	5.8559101310896295	snRNA
GLOM	RPGN_vs_PAT	ERCB_GLOM_H7	MAST	18	-0.08111844403255317	-0.5506111011963325	snRNA
GLOM	RPGN_vs_PAT	GSE108109-GPL19983	PT	40	-0.1915292577992659	-3.932513661450117	snRNA
GLOM	RPGN_vs_PAT	GSE108109-GPL19983	PT_injured	29	-0.14742389303463477	-2.6728723904409706	snRNA
GLOM	RPGN_vs_PAT	GSE108109-GPL19983	LOH	44	-0.06630637957079505	-1.398713954083108	snRNA
GLOM	RPGN_vs_PAT	GSE108109-GPL19983	DCT	46	0.02228082911492295	0.6273638862402302	snRNA
GLOM	RPGN_vs_PAT	GSE108109-GPL19983	CNT_PC	46	0.06442980804359136	1.6788214317086345	snRNA
GLOM	RPGN_vs_PAT	GSE108109-GPL19983	IC	47	0.0819263524435302	2.0688868284564808	snRNA
GLOM	RPGN_vs_PAT	GSE108109-GPL19983	PODO	47	-0.3475504575019821	-8.027883426253702	snRNA
GLOM	RPGN_vs_PAT	GSE108109-GPL19983	PEC	48	0.049153947892288385	1.3256305943095055	snRNA
GLOM	RPGN_vs_PAT	GSE108109-GPL19983	ENDO	47	-0.5213168327835329	-12.633513045380198	snRNA
GLOM	RPGN_vs_PAT	GSE108109-GPL19983	ENDO_PT	49	-0.3463603439455738	-8.087291565826776	snRNA
GLOM	RPGN_vs_PAT	GSE108109-GPL19983	MES	49	-0.21887959859200887	-5.147102031568734	snRNA
GLOM	RPGN_vs_PAT	GSE108109-GPL19983	STROMA	49	0.23345185788728448	5.9389453756768305	snRNA
GLOM	RPGN_vs_PAT	GSE108109-GPL19983	PERI	49	-0.04434777936917179	-1.0203977554511863	snRNA
GLOM	RPGN_vs_PAT	GSE108109-GPL19983	BCELL	44	0.13951970811467618	3.2958988509171725	snRNA
GLOM	RPGN_vs_PAT	GSE108109-GPL19983	TCELL	48	0.21521563000472574	5.366435605369374	snRNA
GLOM	RPGN_vs_PAT	GSE108109-GPL19983	MAC	49	0.42696345194566004	10.365365125715671	snRNA
GLOM	RPGN_vs_PAT	GSE108109-GPL19983	DC	49	0.18016700735505747	4.429620660262569	snRNA
GLOM	RPGN_vs_PAT	GSE108109-GPL19983	MAST	24	0.003429035095905394	0.18708114304151024	snRNA
GLOM	RPGN_vs_PAT	META	PT	40	-0.27179747889167627	-5.559915080503858	snRNA
GLOM	RPGN_vs_PAT	META	PT_injured	29	-0.2054657514893514	-3.486251301695141	snRNA
GLOM	RPGN_vs_PAT	META	LOH	44	-0.12703184600898318	-2.434196257272516	snRNA
GLOM	RPGN_vs_PAT	META	DCT	46	-0.02615127627122211	-0.30922417125100904	snRNA
GLOM	RPGN_vs_PAT	META	CNT_PC	46	0.016515699367079407	0.6005958198558932	snRNA
GLOM	RPGN_vs_PAT	META	IC	47	0.041713600936147587	1.1628712064947302	snRNA
GLOM	RPGN_vs_PAT	META	PODO	47	-0.29152467909412694	-6.466037668671596	snRNA
GLOM	RPGN_vs_PAT	META	PEC	48	0.003499277421118082	0.2617007265680671	snRNA
GLOM	RPGN_vs_PAT	META	ENDO	47	-0.3491125638160775	-7.645724854258477	snRNA
GLOM	RPGN_vs_PAT	META	ENDO_PT	50	-0.23048309258185326	-5.200531229876061	snRNA
GLOM	RPGN_vs_PAT	META	MES	49	-0.15928607786606466	-3.4102405272389733	snRNA
GLOM	RPGN_vs_PAT	META	STROMA	49	0.13301332614251546	3.334180069756716	snRNA
GLOM	RPGN_vs_PAT	META	PERI	49	-0.09099488300556431	-1.7922481900922675	snRNA
GLOM	RPGN_vs_PAT	META	BCELL	46	0.18322827384058063	4.468394305896926	snRNA
GLOM	RPGN_vs_PAT	META	TCELL	49	0.2717234688544912	6.617482564030913	snRNA
GLOM	RPGN_vs_PAT	META	MAC	49	0.5492572743369608	12.462738894622733	snRNA
GLOM	RPGN_vs_PAT	META	DC	49	0.2779082030970223	6.5325001193700905	snRNA
GLOM	RPGN_vs_PAT	META	MAST	25	-0.04554586580838077	-0.5668863858402567	snRNA
GLOM	RPGN_vs_PAT_adj	ERCB_GLOM_H7	PT	15	-0.21345348263627598	-1.93182648267035	snRNA
GLOM	RPGN_vs_PAT_adj	ERCB_GLOM_H7	PT_injured	11	0.011365609025903167	0.24621245638336223	snRNA
GLOM	RPGN_vs_PAT_adj	ERCB_GLOM_H7	LOH	24	-0.11369392031230245	-1.207736093771881	snRNA
GLOM	RPGN_vs_PAT_adj	ERCB_GLOM_H7	DCT	22	-0.013892366715317532	0.004872262337115853	snRNA
GLOM	RPGN_vs_PAT_adj	ERCB_GLOM_H7	CNT_PC	26	0.054473593831745534	0.9987476103442965	snRNA
GLOM	RPGN_vs_PAT_adj	ERCB_GLOM_H7	IC	18	0.07938913269275019	1.0438063716760486	snRNA
GLOM	RPGN_vs_PAT_adj	ERCB_GLOM_H7	PODO	22	-0.04434873895045225	-0.33628056579242266	snRNA
GLOM	RPGN_vs_PAT_adj	ERCB_GLOM_H7	PEC	22	-0.03367309099943173	-0.2339539964233712	snRNA
GLOM	RPGN_vs_PAT_adj	ERCB_GLOM_H7	ENDO	26	-0.14117240096288564	-1.6339996289843683	snRNA
GLOM	RPGN_vs_PAT_adj	ERCB_GLOM_H7	ENDO_PT	29	-0.13733121984031899	-1.6454512838889241	snRNA
GLOM	RPGN_vs_PAT_adj	ERCB_GLOM_H7	MES	35	-0.29730886735229917	-4.284224375547704	snRNA
GLOM	RPGN_vs_PAT_adj	ERCB_GLOM_H7	STROMA	40	-0.059992300564186016	-0.677758110145595	snRNA
GLOM	RPGN_vs_PAT_adj	ERCB_GLOM_H7	PERI	34	-0.24260323114106128	-3.3119007177850865	snRNA
GLOM	RPGN_vs_PAT_adj	ERCB_GLOM_H7	BCELL	26	0.14910346669625035	2.2202312547010066	snRNA
GLOM	RPGN_vs_PAT_adj	ERCB_GLOM_H7	TCELL	36	0.2912112209018493	4.804483039485866	snRNA
GLOM	RPGN_vs_PAT_adj	ERCB_GLOM_H7	MAC	32	0.5991334584683454	8.708603158342768	snRNA
GLOM	RPGN_vs_PAT_adj	ERCB_GLOM_H7	DC	26	0.3599911810949138	5.103751989835744	snRNA
GLOM	RPGN_vs_PAT_adj	ERCB_GLOM_H7	MAST	18	-0.11411574265926183	-1.003248968970813	snRNA
GLOM	RPGN_vs_PAT_adj	GSE108109-GPL19983	PT	40	-0.0662732065277408	-1.3306583950700217	snRNA
GLOM	RPGN_vs_PAT_adj	GSE108109-GPL19983	PT_injured	29	0.010576999281827938	0.38011603249319253	snRNA
GLOM	RPGN_vs_PAT_adj	GSE108109-GPL19983	LOH	44	-0.015226114294199629	-0.0969052369392885	snRNA
GLOM	RPGN_vs_PAT_adj	GSE108109-GPL19983	DCT	46	0.05299497732762674	1.5025921775776456	snRNA
GLOM	RPGN_vs_PAT_adj	GSE108109-GPL19983	CNT_PC	46	0.08947813974460626	2.2759252197379682	snRNA
GLOM	RPGN_vs_PAT_adj	GSE108109-GPL19983	IC	47	0.10689899113614071	2.7170895131249404	snRNA
GLOM	RPGN_vs_PAT_adj	GSE108109-GPL19983	PODO	47	-0.3083197005936906	-7.321981448216885	snRNA
GLOM	RPGN_vs_PAT_adj	GSE108109-GPL19983	PEC	48	0.04009581716020491	1.1225795262055154	snRNA
GLOM	RPGN_vs_PAT_adj	GSE108109-GPL19983	ENDO	47	-0.5852646190770536	-13.71871795954708	snRNA
GLOM	RPGN_vs_PAT_adj	GSE108109-GPL19983	ENDO_PT	49	-0.41748123519133723	-10.25275729379649	snRNA
GLOM	RPGN_vs_PAT_adj	GSE108109-GPL19983	MES	49	-0.2619048258485439	-6.3002571460313845	snRNA
GLOM	RPGN_vs_PAT_adj	GSE108109-GPL19983	STROMA	49	0.19875461663972802	4.812318138320749	snRNA
GLOM	RPGN_vs_PAT_adj	GSE108109-GPL19983	PERI	49	-0.08290745509034143	-1.883920412076688	snRNA
GLOM	RPGN_vs_PAT_adj	GSE108109-GPL19983	BCELL	44	0.10742080076771589	2.7450477880408752	snRNA
GLOM	RPGN_vs_PAT_adj	GSE108109-GPL19983	TCELL	48	0.1656260156909871	4.1297278158156985	snRNA
GLOM	RPGN_vs_PAT_adj	GSE108109-GPL19983	MAC	49	0.3324848881210708	8.231798718260773	snRNA
GLOM	RPGN_vs_PAT_adj	GSE108109-GPL19983	DC	49	0.09611051848968857	2.4374171565273115	snRNA
GLOM	RPGN_vs_PAT_adj	GSE108109-GPL19983	MAST	24	-0.01026186792135336	-0.03147787934455742	snRNA
GLOM	RPGN_vs_PAT_adj	META	PT	40	-0.09201536349021833	-1.9363805098193183	snRNA
GLOM	RPGN_vs_PAT_adj	META	PT_injured	29	0.0035913010338833457	0.3478250919149433	snRNA
GLOM	RPGN_vs_PAT_adj	META	LOH	44	-0.03925767442888522	-0.6319940216085105	snRNA
GLOM	RPGN_vs_PAT_adj	META	DCT	46	0.040289642894645844	1.3332021946459385	snRNA
GLOM	RPGN_vs_PAT_adj	META	CNT_PC	46	0.06605896432850128	1.9372055379127853	snRNA
GLOM	RPGN_vs_PAT_adj	META	IC	47	0.08209066583466425	2.3752855331105702	snRNA
GLOM	RPGN_vs_PAT_adj	META	PODO	47	-0.2490325578893171	-5.977667531058788	snRNA
GLOM	RPGN_vs_PAT_adj	META	PEC	48	0.00040316090303544005	0.37349741081168264	snRNA
GLOM	RPGN_vs_PAT_adj	META	ENDO	47	-0.4536485464479088	-11.05092742086811	snRNA
GLOM	RPGN_vs_PAT_adj	META	ENDO_PT	50	-0.34542668730461307	-8.823787333162716	snRNA
GLOM	RPGN_vs_PAT_adj	META	MES	49	-0.265901862619491	-6.609003295064116	snRNA
GLOM	RPGN_vs_PAT_adj	META	STROMA	49	0.0875488857488629	2.604233712158146	snRNA
GLOM	RPGN_vs_PAT_adj	META	PERI	49	-0.13476860818367478	-3.0157542889287265	snRNA
GLOM	RPGN_vs_PAT_adj	META	BCELL	46	0.1343676707288308	3.530718658472977	snRNA
GLOM	RPGN_vs_PAT_adj	META	TCELL	49	0.19995306333679702	5.396192919678364	snRNA
GLOM	RPGN_vs_PAT_adj	META	MAC	49	0.4096441682265705	10.789541476588473	snRNA
GLOM	RPGN_vs_PAT_adj	META	DC	49	0.15965392633345013	4.482872192875969	snRNA
GLOM	RPGN_vs_PAT_adj	META	MAST	25	-0.06477590510206328	-0.91978575051146	snRNA
GLOM	SHARED	ERCB_GLOM_H1	PT	15	-0.6751685351133346	-3.911877088721264	snRNA
GLOM	SHARED	ERCB_GLOM_H1	PT_injured	11	-0.4744653004136952	-2.198023226222508	snRNA
GLOM	SHARED	ERCB_GLOM_H1	LOH	24	-0.3367641535587609	-2.1306360358602485	snRNA
GLOM	SHARED	ERCB_GLOM_H1	DCT	22	-0.4883756813677875	-3.1612088693489735	snRNA
GLOM	SHARED	ERCB_GLOM_H1	CNT_PC	26	-0.4046904884565335	-2.8975934170852375	snRNA
GLOM	SHARED	ERCB_GLOM_H1	IC	18	-0.40842351958983475	-2.3140550326891915	snRNA
GLOM	SHARED	ERCB_GLOM_H1	PODO	22	-0.431002197956497	-2.654519408743535	snRNA
GLOM	SHARED	ERCB_GLOM_H1	PEC	22	-0.18496136820282444	-0.9268491857156104	snRNA
GLOM	SHARED	ERCB_GLOM_H1	ENDO	26	0.6883108695395864	6.129422469848434	snRNA
GLOM	SHARED	ERCB_GLOM_H1	ENDO_PT	29	0.4352188724954211	4.210331689245761	snRNA
GLOM	SHARED	ERCB_GLOM_H1	MES	35	0.390683335598026	4.168330889211074	snRNA
GLOM	SHARED	ERCB_GLOM_H1	STROMA	40	0.23457365189678966	2.9288273090873944	snRNA
GLOM	SHARED	ERCB_GLOM_H1	PERI	34	0.11254123291548561	1.5980821265462284	snRNA
GLOM	SHARED	ERCB_GLOM_H1	BCELL	26	-0.19229524152783248	-1.1025951461106982	snRNA
GLOM	SHARED	ERCB_GLOM_H1	TCELL	36	-0.09378674033925766	-0.3120006417150121	snRNA
GLOM	SHARED	ERCB_GLOM_H1	MAC	32	0.4493739401223138	4.385469443830575	snRNA
GLOM	SHARED	ERCB_GLOM_H1	DC	26	0.22610030486248434	2.3064346297365512	snRNA
GLOM	SHARED	ERCB_GLOM_H1	MAST	18	-0.3206140393934523	-1.6985598724727007	snRNA
GLOM	SHARED	ERCB_GLOM_H7	PT	15	-1.047553797562917	-5.184439886193958	snRNA
GLOM	SHARED	ERCB_GLOM_H7	PT_injured	11	-0.4414647736332633	-1.8814651469195227	snRNA
GLOM	SHARED	ERCB_GLOM_H7	LOH	24	-0.35052939885645173	-2.2263422201075205	snRNA
GLOM	SHARED	ERCB_GLOM_H7	DCT	22	-0.7686543599702418	-4.494973846673773	snRNA
GLOM	SHARED	ERCB_GLOM_H7	CNT_PC	26	-0.3833234662619921	-2.358157603494739	snRNA
GLOM	SHARED	ERCB_GLOM_H7	IC	18	-0.45006536185327506	-2.3740927157842497	snRNA
GLOM	SHARED	ERCB_GLOM_H7	PODO	22	-0.48866933640568855	-2.939367578048194	snRNA
GLOM	SHARED	ERCB_GLOM_H7	PEC	22	0.15465708076953888	0.9906734855499247	snRNA
GLOM	SHARED	ERCB_GLOM_H7	ENDO	26	0.012658573185595183	0.19044144677191407	snRNA
GLOM	SHARED	ERCB_GLOM_H7	ENDO_PT	29	0.06264095496514747	0.5629850858762006	snRNA
GLOM	SHARED	ERCB_GLOM_H7	MES	35	0.4498256385592478	3.7083776346504287	snRNA
GLOM	SHARED	ERCB_GLOM_H7	STROMA	40	0.0750150514766574	0.7194835997112486	snRNA
GLOM	SHARED	ERCB_GLOM_H7	PERI	34	0.3039474061635487	2.456820870659082	snRNA
GLOM	SHARED	ERCB_GLOM_H7	BCELL	26	0.1122638150392539	0.7730898965407896	snRNA
GLOM	SHARED	ERCB_GLOM_H7	TCELL	36	0.37333382071099347	3.0035903944662286	snRNA
GLOM	SHARED	ERCB_GLOM_H7	MAC	32	0.5980086505878717	4.490752717187244	snRNA
GLOM	SHARED	ERCB_GLOM_H7	DC	26	0.6265611698707709	4.213056103688774	snRNA
GLOM	SHARED	ERCB_GLOM_H7	MAST	18	-0.042432903001705796	-0.1671416002958529	snRNA
GLOM	SHARED	GSE108109-GPL19983	PT	40	-0.6856428071798291	-5.846550528803888	snRNA
GLOM	SHARED	GSE108109-GPL19983	PT_injured	29	-0.6530435732003815	-4.452855599134343	snRNA
GLOM	SHARED	GSE108109-GPL19983	LOH	44	-0.26484671810811217	-2.79131671518775	snRNA
GLOM	SHARED	GSE108109-GPL19983	DCT	46	-0.5570363078428351	-4.947343254520782	snRNA
GLOM	SHARED	GSE108109-GPL19983	CNT_PC	46	-0.20604003865889314	-2.202216353197498	snRNA
GLOM	SHARED	GSE108109-GPL19983	IC	47	-0.44030462114259283	-4.346185127707493	snRNA
GLOM	SHARED	GSE108109-GPL19983	PODO	47	0.04931563257854035	-0.26742470866738444	snRNA
GLOM	SHARED	GSE108109-GPL19983	PEC	48	-0.08554158188053407	-1.3226293201483514	snRNA
GLOM	SHARED	GSE108109-GPL19983	ENDO	47	0.7764117251685325	5.746997676467063	snRNA
GLOM	SHARED	GSE108109-GPL19983	ENDO_PT	49	0.9189704189989336	6.821441195330939	snRNA
GLOM	SHARED	GSE108109-GPL19983	MES	49	0.34764531442933544	2.199108527860297	snRNA
GLOM	SHARED	GSE108109-GPL19983	STROMA	49	0.10622078239233518	0.24140548804979955	snRNA
GLOM	SHARED	GSE108109-GPL19983	PERI	49	0.35066597707265496	2.3359658640943834	snRNA
GLOM	SHARED	GSE108109-GPL19983	BCELL	44	0.18614143096122213	0.8692349446785332	snRNA
GLOM	SHARED	GSE108109-GPL19983	TCELL	48	0.3236128322314471	2.0778204971118983	snRNA
GLOM	SHARED	GSE108109-GPL19983	MAC	49	0.4010784592365428	2.6869407760993522	snRNA
GLOM	SHARED	GSE108109-GPL19983	DC	49	0.4580451599797424	2.9470425439342254	snRNA
GLOM	SHARED	GSE108109-GPL19983	MAST	24	0.15495092439232394	0.5230403975018213	snRNA
GLOM	SHARED	GSE93798-GPL22945	PT	31	-0.7704192082728109	-4.704681439063109	snRNA
GLOM	SHARED	GSE93798-GPL22945	PT_injured	24	-1.3013428067788482	-6.858780461715178	snRNA
GLOM	SHARED	GSE93798-GPL22945	LOH	41	0.19115151483111265	1.0325909459907359	snRNA
GLOM	SHARED	GSE93798-GPL22945	DCT	41	-0.3426006766740324	-2.5755056724652934	snRNA
GLOM	SHARED	GSE93798-GPL22945	CNT_PC	43	-0.25782713359005227	-2.002073283093726	snRNA
GLOM	SHARED	GSE93798-GPL22945	IC	45	-0.351531190963255	-2.91343148007193	snRNA
GLOM	SHARED	GSE93798-GPL22945	PODO	42	-0.37542587855742093	-2.8350967110279104	snRNA
GLOM	SHARED	GSE93798-GPL22945	PEC	42	-0.10566429585395824	-1.0218675759990807	snRNA
GLOM	SHARED	GSE93798-GPL22945	ENDO	46	0.8745902241511352	6.296904157426318	snRNA
GLOM	SHARED	GSE93798-GPL22945	ENDO_PT	48	0.5470677548776924	3.7798120739941843	snRNA
GLOM	SHARED	GSE93798-GPL22945	MES	45	0.9733283665445116	6.462673454256073	snRNA
GLOM	SHARED	GSE93798-GPL22945	STROMA	49	1.156115078500339	8.232235108048362	snRNA
GLOM	SHARED	GSE93798-GPL22945	PERI	46	0.644695650300254	4.222028226915781	snRNA
GLOM	SHARED	GSE93798-GPL22945	BCELL	35	0.45668672089065826	2.7395801940750095	snRNA
GLOM	SHARED	GSE93798-GPL22945	TCELL	44	0.6010044006715444	3.854590323862183	snRNA
GLOM	SHARED	GSE93798-GPL22945	MAC	46	1.0190834007833316	7.026523337316318	snRNA
GLOM	SHARED	GSE93798-GPL22945	DC	46	0.6191809175778991	4.121351059548408	snRNA
GLOM	SHARED	GSE93798-GPL22945	MAST	23	0.12747523180492545	0.37844454623896256	snRNA
GLOM	SHARED	META	PT	40	-0.6597627829265548	-6.357143236744242	snRNA
GLOM	SHARED	META	PT_injured	29	-0.7890651755572843	-6.340642442029405	snRNA
GLOM	SHARED	META	LOH	44	-0.13721864214510954	-1.3582193526524933	snRNA
GLOM	SHARED	META	DCT	46	-0.4704636574479873	-4.722332209640893	snRNA
GLOM	SHARED	META	CNT_PC	47	-0.30875346263340536	-3.2004092273173232	snRNA
GLOM	SHARED	META	IC	47	-0.4357424650757395	-4.593226982873278	snRNA
GLOM	SHARED	META	PODO	47	-0.2843745131744691	-2.9495113167583455	snRNA
GLOM	SHARED	META	PEC	48	-0.1379092971263971	-1.4308563477136378	snRNA
GLOM	SHARED	META	ENDO	47	0.6487315354318893	6.93714050132078	snRNA
GLOM	SHARED	META	ENDO_PT	50	0.6291149465624767	6.759484321319972	snRNA
GLOM	SHARED	META	MES	49	0.5454529695241351	5.632225531428742	snRNA
GLOM	SHARED	META	STROMA	50	0.40176018519792706	4.610163742092324	snRNA
GLOM	SHARED	META	PERI	49	0.32462846533376344	3.531845610344159	snRNA
GLOM	SHARED	META	BCELL	46	0.1249442634948207	1.326522017839154	snRNA
GLOM	SHARED	META	TCELL	49	0.3250108283396405	3.4964536093196728	snRNA
GLOM	SHARED	META	MAC	49	0.6185797011308676	6.6972589093388555	snRNA
GLOM	SHARED	META	DC	49	0.44564095775036106	4.93058491488334	snRNA
GLOM	SHARED	META	MAST	25	0.07232086341440055	0.5771170042506847	snRNA
TUB	DKD_vs_CTRL	ERCB_TUB_H1	PT	15	-0.34654473352226584	-1.3024978676839647	snRNA
TUB	DKD_vs_CTRL	ERCB_TUB_H1	PT_injured	11	0.28995331038128247	0.722925979763809	snRNA
TUB	DKD_vs_CTRL	ERCB_TUB_H1	LOH	24	0.1934855512032906	0.683664299522886	snRNA
TUB	DKD_vs_CTRL	ERCB_TUB_H1	DCT	22	-0.6323856325312094	-2.5672149581536345	snRNA
TUB	DKD_vs_CTRL	ERCB_TUB_H1	CNT_PC	26	-0.31702674065644926	-1.445039809045913	snRNA
TUB	DKD_vs_CTRL	ERCB_TUB_H1	IC	18	-0.12290355232026842	-0.6243514213243305	snRNA
TUB	DKD_vs_CTRL	ERCB_TUB_H1	PODO	22	-0.8073678297752683	-3.3646749913612326	snRNA
TUB	DKD_vs_CTRL	ERCB_TUB_H1	PEC	21	0.000730483304886612	-0.14465481303156488	snRNA
TUB	DKD_vs_CTRL	ERCB_TUB_H1	ENDO	26	0.016480673068704547	-0.06667203214829147	snRNA
TUB	DKD_vs_CTRL	ERCB_TUB_H1	ENDO_PT	28	-0.10830370948782989	-0.6243901224988622	snRNA
TUB	DKD_vs_CTRL	ERCB_TUB_H1	MES	35	-0.03986315184405872	-0.33000394788301496	snRNA
TUB	DKD_vs_CTRL	ERCB_TUB_H1	STROMA	40	0.7337947599473409	3.7103198399577675	snRNA
TUB	DKD_vs_CTRL	ERCB_TUB_H1	PERI	34	-0.36080310499186025	-1.9507429971619181	snRNA
TUB	DKD_vs_CTRL	ERCB_TUB_H1	BCELL	24	-0.49343708778421086	-2.1413333298464843	snRNA
TUB	DKD_vs_CTRL	ERCB_TUB_H1	TCELL	36	-0.1541168892549144	-0.9347290950703452	snRNA
TUB	DKD_vs_CTRL	ERCB_TUB_H1	MAC	32	0.0022409083321690768	-0.10107913669977188	snRNA
TUB	DKD_vs_CTRL	ERCB_TUB_H1	DC	26	0.31636338351437676	1.3279359231041696	snRNA
TUB	DKD_vs_CTRL	ERCB_TUB_H1	MAST	18	-0.11975245136353704	-0.4930900436099173	snRNA
TUB	DKD_vs_CTRL	ERCB_TUB_H7	PT	15	-1.0183577274282773	-3.3348042171626457	snRNA
TUB	DKD_vs_CTRL	ERCB_TUB_H7	PT_injured	11	0.022246538238091904	0.24146628278890223	snRNA
TUB	DKD_vs_CTRL	ERCB_TUB_H7	LOH	26	0.117389470553742	0.8308062859624954	snRNA
TUB	DKD_vs_CTRL	ERCB_TUB_H7	DCT	22	-1.3720114942301402	-5.756945916314605	snRNA
TUB	DKD_vs_CTRL	ERCB_TUB_H7	CNT_PC	28	0.08351766451128892	0.6700664535411125	snRNA
TUB	DKD_vs_CTRL	ERCB_TUB_H7	IC	19	-0.7685717812886363	-2.956557110787454	snRNA
TUB	DKD_vs_CTRL	ERCB_TUB_H7	PODO	23	-2.292759204364341	-10.162653661177853	snRNA
TUB	DKD_vs_CTRL	ERCB_TUB_H7	PEC	21	0.21686809545471555	1.0741332586133057	snRNA
TUB	DKD_vs_CTRL	ERCB_TUB_H7	ENDO	28	-0.11522806108197463	-0.29853109163965064	snRNA
TUB	DKD_vs_CTRL	ERCB_TUB_H7	ENDO_PT	31	0.15934325225891605	1.1523385123682055	snRNA
TUB	DKD_vs_CTRL	ERCB_TUB_H7	MES	36	-0.037186020416104124	0.07129784670855213	snRNA
TUB	DKD_vs_CTRL	ERCB_TUB_H7	STROMA	41	0.6886925838160806	4.373160708823768	snRNA
TUB	DKD_vs_CTRL	ERCB_TUB_H7	PERI	35	0.10818435422011784	0.7720628011157081	snRNA
TUB	DKD_vs_CTRL	ERCB_TUB_H7	BCELL	24	0.41380018927156925	2.072016493429474	snRNA
TUB	DKD_vs_CTRL	ERCB_TUB_H7	TCELL	36	0.8228253117865987	4.64041103618191	snRNA
TUB	DKD_vs_CTRL	ERCB_TUB_H7	MAC	32	0.5990808792412281	3.3591446916161414	snRNA
TUB	DKD_vs_CTRL	ERCB_TUB_H7	DC	27	1.054484658210573	5.169417118812771	snRNA
TUB	DKD_vs_CTRL	ERCB_TUB_H7	MAST	20	0.8676029538735748	3.812477548604194	snRNA
TUB	DKD_vs_CTRL	GSE142025-RNAseq	PT	48	-0.907003925802807	-6.18450120891456	snRNA
TUB	DKD_vs_CTRL	GSE142025-RNAseq	PT_injured	32	-0.5508931139484048	-2.9064882034781134	snRNA
TUB	DKD_vs_CTRL	GSE142025-RNAseq	LOH	50	-0.34006906192749736	-2.1664286985516843	snRNA
TUB	DKD_vs_CTRL	GSE142025-RNAseq	DCT	50	-1.1432987406849862	-8.223042612325854	snRNA
TUB	DKD_vs_CTRL	GSE142025-RNAseq	CNT_PC	50	-0.2113156721740961	-1.195917590722214	snRNA
TUB	DKD_vs_CTRL	GSE142025-RNAseq	IC	50	-0.9717149794101715	-6.7042968507833995	snRNA
TUB	DKD_vs_CTRL	GSE142025-RNAseq	PODO	50	-1.2335714830458164	-8.660841394248381	snRNA
TUB	DKD_vs_CTRL	GSE142025-RNAseq	PEC	50	0.28655079275369644	2.4490625480716206	snRNA
TUB	DKD_vs_CTRL	GSE142025-RNAseq	ENDO	50	-0.4734549063979648	-3.1086546199335388	snRNA
TUB	DKD_vs_CTRL	GSE142025-RNAseq	ENDO_PT	50	-0.36685847122222187	-2.399761751084953	snRNA
TUB	DKD_vs_CTRL	GSE142025-RNAseq	MES	50	-0.013703748397529126	0.2030572233957328	snRNA
TUB	DKD_vs_CTRL	GSE142025-RNAseq	STROMA	50	1.2398317371308805	9.516590014073204	snRNA
TUB	DKD_vs_CTRL	GSE142025-RNAseq	PERI	50	-0.34345091283321383	-2.12115964171393	snRNA
TUB	DKD_vs_CTRL	GSE142025-RNAseq	BCELL	50	1.0441902047395706	8.082023045146396	snRNA
TUB	DKD_vs_CTRL	GSE142025-RNAseq	TCELL	50	1.219424710571766	9.36074063138163	snRNA
TUB	DKD_vs_CTRL	GSE142025-RNAseq	MAC	50	0.9028967796266079	6.807973099993517	snRNA
TUB	DKD_vs_CTRL	GSE142025-RNAseq	DC	50	1.0512929804855957	7.731709927973528	snRNA
TUB	DKD_vs_CTRL	GSE142025-RNAseq	MAST	25	0.6766276586055756	3.7666540365774615	snRNA
TUB	DKD_vs_CTRL	META	PT	48	-0.845202148310212	-6.298436885366236	snRNA
TUB	DKD_vs_CTRL	META	PT_injured	32	-0.4006196366002162	-2.1386687488312934	snRNA
TUB	DKD_vs_CTRL	META	LOH	50	-0.2387425485377511	-1.3665623293575055	snRNA
TUB	DKD_vs_CTRL	META	DCT	50	-1.1237535561124483	-8.61225753538796	snRNA
TUB	DKD_vs_CTRL	META	CNT_PC	50	-0.2676009376595418	-1.6439535017177707	snRNA
TUB	DKD_vs_CTRL	META	IC	50	-0.8797878247251114	-6.650339905408575	snRNA
TUB	DKD_vs_CTRL	META	PODO	50	-1.3566569623847804	-10.588939881103064	snRNA
TUB	DKD_vs_CTRL	META	PEC	50	0.23493676284948983	2.4752238337931773	snRNA
TUB	DKD_vs_CTRL	META	ENDO	50	-0.2804244347529796	-1.8334120586222984	snRNA
TUB	DKD_vs_CTRL	META	ENDO_PT	50	-0.1966982180501024	-1.009461309422759	snRNA
TUB	DKD_vs_CTRL	META	MES	50	-0.022553161258498794	0.3075677155727253	snRNA
TUB	DKD_vs_CTRL	META	STROMA	50	0.8977921849706518	7.865505688540628	snRNA
TUB	DKD_vs_CTRL	META	PERI	50	-0.30231660193453236	-1.9338618325851944	snRNA
TUB	DKD_vs_CTRL	META	BCELL	50	0.675041768848896	5.802995400558063	snRNA
TUB	DKD_vs_CTRL	META	TCELL	50	0.7911729260285695	7.035063390622713	snRNA
TUB	DKD_vs_CTRL	META	MAC	50	0.6614229540526867	5.804330037228552	snRNA
TUB	DKD_vs_CTRL	META	DC	50	0.8984158465079964	7.787075392314129	snRNA
TUB	DKD_vs_CTRL	META	MAST	25	0.6061316731075448	3.835942764600225	snRNA
TUB	DKD_vs_PAT	ERCB_TUB_H1	PT	15	-0.28215671305855117	-2.579159482797006	snRNA
TUB	DKD_vs_PAT	ERCB_TUB_H1	PT_injured	11	-0.1222657412290573	-0.6972642713542228	snRNA
TUB	DKD_vs_PAT	ERCB_TUB_H1	LOH	24	0.13286026086037359	2.4154169131422827	snRNA
TUB	DKD_vs_PAT	ERCB_TUB_H1	DCT	22	-0.2037661588666114	-2.0008951021755434	snRNA
TUB	DKD_vs_PAT	ERCB_TUB_H1	CNT_PC	26	0.13953520787449983	2.529013031866591	snRNA
TUB	DKD_vs_PAT	ERCB_TUB_H1	IC	18	0.04068977264170018	0.9521915546954305	snRNA
TUB	DKD_vs_PAT	ERCB_TUB_H1	PODO	22	-0.27821703610772436	-3.1799520243119495	snRNA
TUB	DKD_vs_PAT	ERCB_TUB_H1	PEC	21	0.1424719730303401	2.421336254993981	snRNA
TUB	DKD_vs_PAT	ERCB_TUB_H1	ENDO	26	0.013362041746194549	0.7966129526163114	snRNA
TUB	DKD_vs_PAT	ERCB_TUB_H1	ENDO_PT	28	0.11158332687669568	2.1951683351344577	snRNA
TUB	DKD_vs_PAT	ERCB_TUB_H1	MES	35	-0.014071198792329856	0.47735841120776024	snRNA
TUB	DKD_vs_PAT	ERCB_TUB_H1	STROMA	40	0.25168171037221326	5.292950466678531	snRNA
TUB	DKD_vs_PAT	ERCB_TUB_H1	PERI	34	-0.015361139739551999	0.4021622304299168	snRNA
TUB	DKD_vs_PAT	ERCB_TUB_H1	BCELL	24	0.032681230339221656	1.090275892410927	snRNA
TUB	DKD_vs_PAT	ERCB_TUB_H1	TCELL	36	0.1300014246048199	2.8668899350543495	snRNA
TUB	DKD_vs_PAT	ERCB_TUB_H1	MAC	32	0.07112555694766343	1.8675374246176963	snRNA
TUB	DKD_vs_PAT	ERCB_TUB_H1	DC	26	0.20447197183966637	3.7142071611448153	snRNA
TUB	DKD_vs_PAT	ERCB_TUB_H1	MAST	18	0.22962801820702022	3.3715678999903607	snRNA
TUB	DKD_vs_PAT	ERCB_TUB_H7	PT	15	-0.05072607332840564	-0.37377764311204525	snRNA
TUB	DKD_vs_PAT	ERCB_TUB_H7	PT_injured	11	-0.14784107560461218	-0.8745064785829947	snRNA
TUB	DKD_vs_PAT	ERCB_TUB_H7	LOH	26	0.27597009238357156	2.749016892826106	snRNA
TUB	DKD_vs_PAT	ERCB_TUB_H7	DCT	22	-0.43762426044453273	-3.7472283793284085	snRNA
TUB	DKD_vs_PAT	ERCB_TUB_H7	CNT_PC	28	0.3149063371654068	3.3021349638174673	snRNA
TUB	DKD_vs_PAT	ERCB_TUB_H7	IC	19	-0.452697868275113	-3.725924235128634	snRNA
TUB	DKD_vs_PAT	ERCB_TUB_H7	PODO	23	-0.9018437956338343	-7.879224129713315	snRNA
TUB	DKD_vs_PAT	ERCB_TUB_H7	PEC	21	0.08555877789677609	0.7665930515537934	snRNA
TUB	DKD_vs_PAT	ERCB_TUB_H7	ENDO	28	0.1378568641043135	1.4962720795864837	snRNA
TUB	DKD_vs_PAT	ERCB_TUB_H7	ENDO_PT	31	0.3039342023191913	3.452290886865997	snRNA
TUB	DKD_vs_PAT	ERCB_TUB_H7	MES	36	0.1481048039212409	1.741611947163886	snRNA
TUB	DKD_vs_PAT	ERCB_TUB_H7	STROMA	41	0.6333989318369365	7.879163711951399	snRNA
TUB	DKD_vs_PAT	ERCB_TUB_H7	PERI	35	0.21185734700411557	2.4630375216555094	snRNA
TUB	DKD_vs_PAT	ERCB_TUB_H7	BCELL	24	0.29019258186842006	2.7105666004327866	snRNA
TUB	DKD_vs_PAT	ERCB_TUB_H7	TCELL	36	0.29050992226661443	3.3114703099775866	snRNA
TUB	DKD_vs_PAT	ERCB_TUB_H7	MAC	32	-0.02854226692579686	-0.2233653928241828	snRNA
TUB	DKD_vs_PAT	ERCB_TUB_H7	DC	27	0.47605200794835884	4.99650550063014	snRNA
TUB	DKD_vs_PAT	ERCB_TUB_H7	MAST	20	0.8504902496933937	7.797043564115303	snRNA
TUB	DKD_vs_PAT	META	PT	15	-0.16644139319347837	-1.4717512951649625	snRNA
TUB	DKD_vs_PAT	META	PT_injured	11	-0.13505340841683475	-1.0467592389869522	snRNA
TUB	DKD_vs_PAT	META	LOH	26	0.21105302285510474	3.347068108938824	snRNA
TUB	DKD_vs_PAT	META	DCT	22	-0.3206952096555721	-3.8327992284700696	snRNA
TUB	DKD_vs_PAT	META	CNT_PC	28	0.23626517690718174	3.8111198686015935	snRNA
TUB	DKD_vs_PAT	META	IC	19	-0.2289654166670516	-2.4167983337080097	snRNA
TUB	DKD_vs_PAT	META	PODO	23	-0.6069612690126118	-7.695756387449534	snRNA
TUB	DKD_vs_PAT	META	PEC	21	0.1140153754635581	1.7937346761046402	snRNA
TUB	DKD_vs_PAT	META	ENDO	28	0.09021290614535767	1.7010235927049817	snRNA
TUB	DKD_vs_PAT	META	ENDO_PT	31	0.2189451660660486	3.7765086382283424	snRNA
TUB	DKD_vs_PAT	META	MES	36	0.06591812622112532	1.5772483167141262	snRNA
TUB	DKD_vs_PAT	META	STROMA	41	0.45279365717206244	8.49984077895919	snRNA
TUB	DKD_vs_PAT	META	PERI	35	0.09418838159991927	1.985013238488348	snRNA
TUB	DKD_vs_PAT	META	BCELL	24	0.16143690610382086	2.66292645646813	snRNA
TUB	DKD_vs_PAT	META	TCELL	36	0.21025567343571716	3.853862821253605	snRNA
TUB	DKD_vs_PAT	META	MAC	32	0.02129164501093328	0.7295023502378168	snRNA
TUB	DKD_vs_PAT	META	DC	27	0.33909213208351974	5.156575344035989	snRNA
TUB	DKD_vs_PAT	META	MAST	20	0.5760004255920649	7.709220550926838	snRNA
TUB	DKD_vs_PAT_adj	ERCB_TUB_H1	PT	15	-0.02633540928067417	-0.08030407311805839	snRNA
TUB	DKD_vs_PAT_adj	ERCB_TUB_H1	PT_injured	11	-0.03145447285587408	-0.08662045547656581	snRNA
TUB	DKD_vs_PAT_adj	ERCB_TUB_H1	LOH	24	0.14938942202882732	2.7917193666051228	snRNA
TUB	DKD_vs_PAT_adj	ERCB_TUB_H1	DCT	22	-0.06117290315027321	-0.7334302394441042	snRNA
TUB	DKD_vs_PAT_adj	ERCB_TUB_H1	CNT_PC	26	0.19833939987397892	3.7587861688209543	snRNA
TUB	DKD_vs_PAT_adj	ERCB_TUB_H1	IC	18	0.10807275742784421	1.9981096550105295	snRNA
TUB	DKD_vs_PAT_adj	ERCB_TUB_H1	PODO	22	-0.14253169984507788	-1.9403339935450328	snRNA
TUB	DKD_vs_PAT_adj	ERCB_TUB_H1	PEC	21	0.12602083401702716	2.2803012322630374	snRNA
TUB	DKD_vs_PAT_adj	ERCB_TUB_H1	ENDO	26	0.08776000922922018	1.781632153327641	snRNA
TUB	DKD_vs_PAT_adj	ERCB_TUB_H1	ENDO_PT	28	0.1559148346191575	3.2008834508445476	snRNA
TUB	DKD_vs_PAT_adj	ERCB_TUB_H1	MES	35	0.011217013553983182	0.7086795926955699	snRNA
TUB	DKD_vs_PAT_adj	ERCB_TUB_H1	STROMA	40	0.13561212549164797	3.3189964351178167	snRNA
TUB	DKD_vs_PAT_adj	ERCB_TUB_H1	PERI	34	0.04021580526458403	1.2564323082611868	snRNA
TUB	DKD_vs_PAT_adj	ERCB_TUB_H1	BCELL	24	-0.0024605612553659784	0.3379806351183564	snRNA
TUB	DKD_vs_PAT_adj	ERCB_TUB_H1	TCELL	36	0.01607901775446556	0.799793867144705	snRNA
TUB	DKD_vs_PAT_adj	ERCB_TUB_H1	MAC	32	-0.029010694061677646	-0.11510498051880534	snRNA
TUB	DKD_vs_PAT_adj	ERCB_TUB_H1	DC	26	0.06797763998218884	1.5960446035575344	snRNA
TUB	DKD_vs_PAT_adj	ERCB_TUB_H1	MAST	18	0.18221727507801763	2.959374079832505	snRNA
TUB	DKD_vs_PAT_adj	ERCB_TUB_H7	PT	15	0.23840792890262738	1.4043868358229277	snRNA
TUB	DKD_vs_PAT_adj	ERCB_TUB_H7	PT_injured	11	-0.0489140118666733	-0.4112310432296678	snRNA
TUB	DKD_vs_PAT_adj	ERCB_TUB_H7	LOH	26	0.3323337759368488	2.8731536481206374	snRNA
TUB	DKD_vs_PAT_adj	ERCB_TUB_H7	DCT	22	-0.277819674531482	-2.4476206837765013	snRNA
TUB	DKD_vs_PAT_adj	ERCB_TUB_H7	CNT_PC	28	0.39304057178918306	3.5279514488971646	snRNA
TUB	DKD_vs_PAT_adj	ERCB_TUB_H7	IC	19	-0.43282326982984987	-3.649470641871474	snRNA
TUB	DKD_vs_PAT_adj	ERCB_TUB_H7	PODO	23	-0.8456948037241881	-7.140616121673621	snRNA
TUB	DKD_vs_PAT_adj	ERCB_TUB_H7	PEC	21	0.03659254715788151	0.08385026932598037	snRNA
TUB	DKD_vs_PAT_adj	ERCB_TUB_H7	ENDO	28	0.25932302878520974	2.305815317874451	snRNA
TUB	DKD_vs_PAT_adj	ERCB_TUB_H7	ENDO_PT	31	0.41064847340430305	3.888260440531383	snRNA
TUB	DKD_vs_PAT_adj	ERCB_TUB_H7	MES	36	0.1901973149494059	1.817137720635338	snRNA
TUB	DKD_vs_PAT_adj	ERCB_TUB_H7	STROMA	41	0.5584898398056513	6.150349790367232	snRNA
TUB	DKD_vs_PAT_adj	ERCB_TUB_H7	PERI	35	0.29599786187908184	2.869721349779431	snRNA
TUB	DKD_vs_PAT_adj	ERCB_TUB_H7	BCELL	24	0.23786276250494534	1.737396424612842	snRNA
TUB	DKD_vs_PAT_adj	ERCB_TUB_H7	TCELL	36	0.1263893542539014	1.0986040922246536	snRNA
TUB	DKD_vs_PAT_adj	ERCB_TUB_H7	MAC	32	-0.19687167895154972	-2.1977612044163806	snRNA
TUB	DKD_vs_PAT_adj	ERCB_TUB_H7	DC	27	0.32172765523541397	2.703056566252053	snRNA
TUB	DKD_vs_PAT_adj	ERCB_TUB_H7	MAST	20	0.8386639604705415	6.581757862920056	snRNA
TUB	DKD_vs_PAT_adj	META	PT	15	0.10603625981097657	1.1302312128847427	snRNA
TUB	DKD_vs_PAT_adj	META	PT_injured	11	-0.04018424236127369	-0.42037910760842306	snRNA
TUB	DKD_vs_PAT_adj	META	LOH	26	0.25392967222126545	3.5305972590481502	snRNA
TUB	DKD_vs_PAT_adj	META	DCT	22	-0.1694962888408776	-2.383439905543231	snRNA
TUB	DKD_vs_PAT_adj	META	CNT_PC	28	0.31969573695532183	4.893041360643882	snRNA
TUB	DKD_vs_PAT_adj	META	IC	19	-0.18365731607330518	-2.3557255617950372	snRNA
TUB	DKD_vs_PAT_adj	META	PODO	23	-0.5113967880156784	-7.2260042626791865	snRNA
TUB	DKD_vs_PAT_adj	META	PEC	21	0.08130669058745432	1.0132793067637818	snRNA
TUB	DKD_vs_PAT_adj	META	ENDO	28	0.1933972859345916	2.9307576454867963	snRNA
TUB	DKD_vs_PAT_adj	META	ENDO_PT	31	0.2913730267601073	4.663275649948629	snRNA
TUB	DKD_vs_PAT_adj	META	MES	36	0.0996111123556778	1.686765214796696	snRNA
TUB	DKD_vs_PAT_adj	META	STROMA	41	0.3600986347389698	6.787965409180657	snRNA
TUB	DKD_vs_PAT_adj	META	PERI	35	0.1671291191625277	2.7958743992764283	snRNA
TUB	DKD_vs_PAT_adj	META	BCELL	24	0.11770110062478967	1.6680206655341574	snRNA
TUB	DKD_vs_PAT_adj	META	TCELL	36	0.07123418600418348	1.1796021988029608	snRNA
TUB	DKD_vs_PAT_adj	META	MAC	32	-0.11294118650661365	-1.9258642890939506	snRNA
TUB	DKD_vs_PAT_adj	META	DC	27	0.18959114654600653	2.814218029430546	snRNA
TUB	DKD_vs_PAT_adj	META	MAST	20	0.5511050690455899	7.183991405510184	snRNA
TUB	FSGS_vs_PAT	ERCB_TUB_H1	PT	15	-0.5434872870643933	-5.943056861378487	snRNA
TUB	FSGS_vs_PAT	ERCB_TUB_H1	PT_injured	11	-0.16030230838805434	-1.4433277599741232	snRNA
TUB	FSGS_vs_PAT	ERCB_TUB_H1	LOH	24	-0.09510564480054501	-1.255132463542279	snRNA
TUB	FSGS_vs_PAT	ERCB_TUB_H1	DCT	22	-0.24513861164450645	-3.172060225179131	snRNA
TUB	FSGS_vs_PAT	ERCB_TUB_H1	CNT_PC	26	-0.18161392620263192	-2.550572325596225	snRNA
TUB	FSGS_vs_PAT	ERCB_TUB_H1	IC	18	-0.028225007880893032	-0.3249236159037458	snRNA
TUB	FSGS_vs_PAT	ERCB_TUB_H1	PODO	22	-0.2524447952058505	-3.396275570369866	snRNA
TUB	FSGS_vs_PAT	ERCB_TUB_H1	PEC	21	0.09133566499111198	1.19819278318089	snRNA
TUB	FSGS_vs_PAT	ERCB_TUB_H1	ENDO	26	-0.22207759843709377	-3.240208769762084	snRNA
TUB	FSGS_vs_PAT	ERCB_TUB_H1	ENDO_PT	28	-0.22964860090620018	-3.408735687559772	snRNA
TUB	FSGS_vs_PAT	ERCB_TUB_H1	MES	35	-0.06303759914423739	-0.9277159663130917	snRNA
TUB	FSGS_vs_PAT	ERCB_TUB_H1	STROMA	40	0.16418518205173313	3.0919162536186904	snRNA
TUB	FSGS_vs_PAT	ERCB_TUB_H1	PERI	34	0.036565643050433944	0.568484750997744	snRNA
TUB	FSGS_vs_PAT	ERCB_TUB_H1	BCELL	24	0.08555609996741016	1.2665920394028531	snRNA
TUB	FSGS_vs_PAT	ERCB_TUB_H1	TCELL	36	0.16222300173507798	2.737185722481619	snRNA
TUB	FSGS_vs_PAT	ERCB_TUB_H1	MAC	32	0.02651771974342409	0.41687472919912794	snRNA
TUB	FSGS_vs_PAT	ERCB_TUB_H1	DC	26	0.19960956347103304	2.8306237275725015	snRNA
TUB	FSGS_vs_PAT	ERCB_TUB_H1	MAST	18	0.19999671638167152	2.438273549332425	snRNA
TUB	FSGS_vs_PAT	GSE108112-GPL19983	PT	40	-0.06580477586248888	-2.094025370392848	snRNA
TUB	FSGS_vs_PAT	GSE108112-GPL19983	PT_injured	29	-0.12367246235752927	-3.6512327650105028	snRNA
TUB	FSGS_vs_PAT	GSE108112-GPL19983	LOH	44	-0.04835621199824592	-1.474177209296799	snRNA
TUB	FSGS_vs_PAT	GSE108112-GPL19983	DCT	46	-0.042480049477687666	-1.2937579840991908	snRNA
TUB	FSGS_vs_PAT	GSE108112-GPL19983	CNT_PC	46	-0.05621572380186988	-1.8222663696250259	snRNA
TUB	FSGS_vs_PAT	GSE108112-GPL19983	IC	47	-0.04437431376031103	-1.4795326360165053	snRNA
TUB	FSGS_vs_PAT	GSE108112-GPL19983	PODO	47	-0.09802746370514019	-3.643850838186411	snRNA
TUB	FSGS_vs_PAT	GSE108112-GPL19983	PEC	48	0.015032070888385846	1.05360604519187	snRNA
TUB	FSGS_vs_PAT	GSE108112-GPL19983	ENDO	47	0.11119158300472062	4.808592808218797	snRNA
TUB	FSGS_vs_PAT	GSE108112-GPL19983	ENDO_PT	49	0.08115439086544271	3.828553393702614	snRNA
TUB	FSGS_vs_PAT	GSE108112-GPL19983	MES	49	0.018019695557197752	1.1572020827582064	snRNA
TUB	FSGS_vs_PAT	GSE108112-GPL19983	STROMA	49	0.022457692130677855	1.426895930732637	snRNA
TUB	FSGS_vs_PAT	GSE108112-GPL19983	PERI	49	0.045910677697381226	2.306323139934765	snRNA
TUB	FSGS_vs_PAT	GSE108112-GPL19983	BCELL	44	0.08772582329005342	3.7926302625261754	snRNA
TUB	FSGS_vs_PAT	GSE108112-GPL19983	TCELL	48	0.07855447337108974	3.532954957701565	snRNA
TUB	FSGS_vs_PAT	GSE108112-GPL19983	MAC	49	0.04868082445571008	2.5901651515810338	snRNA
TUB	FSGS_vs_PAT	GSE108112-GPL19983	DC	49	0.1139777349498199	5.344940681179704	snRNA
TUB	FSGS_vs_PAT	GSE108112-GPL19983	MAST	24	0.1450992780349528	4.544893869691515	snRNA
TUB	FSGS_vs_PAT	GSE133288-GPL19983	PT	40	-0.24003237340657507	-4.352912381907902	snRNA
TUB	FSGS_vs_PAT	GSE133288-GPL19983	PT_injured	29	-0.10827978758205627	-1.6654625894001258	snRNA
TUB	FSGS_vs_PAT	GSE133288-GPL19983	LOH	44	-0.035882539470383716	-0.5528255938920078	snRNA
TUB	FSGS_vs_PAT	GSE133288-GPL19983	DCT	46	-0.17480494069826344	-3.591012086817018	snRNA
TUB	FSGS_vs_PAT	GSE133288-GPL19983	CNT_PC	46	-0.015434879890602562	-0.12341952729276931	snRNA
TUB	FSGS_vs_PAT	GSE133288-GPL19983	IC	47	-0.1037377716274932	-1.9782470133634817	snRNA
TUB	FSGS_vs_PAT	GSE133288-GPL19983	PODO	47	-0.13108311783760151	-2.535686485047128	snRNA
TUB	FSGS_vs_PAT	GSE133288-GPL19983	PEC	48	0.23034421173845962	5.236302056061559	snRNA
TUB	FSGS_vs_PAT	GSE133288-GPL19983	ENDO	47	-0.04175051402280781	-0.6354871930040307	snRNA
TUB	FSGS_vs_PAT	GSE133288-GPL19983	ENDO_PT	49	-0.058881201011565895	-1.1085591905978047	snRNA
TUB	FSGS_vs_PAT	GSE133288-GPL19983	MES	49	0.03752760095901939	1.0194517276207373	snRNA
TUB	FSGS_vs_PAT	GSE133288-GPL19983	STROMA	49	0.26617082567619427	6.054727987289609	snRNA
TUB	FSGS_vs_PAT	GSE133288-GPL19983	PERI	49	-0.013602434503679553	-0.06872414962431382	snRNA
TUB	FSGS_vs_PAT	GSE133288-GPL19983	BCELL	44	0.26891645367934625	5.551654717784815	snRNA
TUB	FSGS_vs_PAT	GSE133288-GPL19983	TCELL	48	0.23778618722766018	5.077688119350594	snRNA
TUB	FSGS_vs_PAT	GSE133288-GPL19983	MAC	49	0.20772486870006032	4.682938865137311	snRNA
TUB	FSGS_vs_PAT	GSE133288-GPL19983	DC	49	0.20555278293940485	4.754471736709894	snRNA
TUB	FSGS_vs_PAT	GSE133288-GPL19983	MAST	24	0.14826314306507507	2.394296457976036	snRNA
TUB	FSGS_vs_PAT	GSE182380-RNAseq	PT	30	-0.2927309341263025	-5.2360294528021765	snRNA
TUB	FSGS_vs_PAT	GSE182380-RNAseq	PT_injured	27	-0.20304217838026858	-3.3578468011638094	snRNA
TUB	FSGS_vs_PAT	GSE182380-RNAseq	LOH	39	-0.08886240269893254	-1.1884899002649993	snRNA
TUB	FSGS_vs_PAT	GSE182380-RNAseq	DCT	41	-0.1375739720263859	-2.406626086450511	snRNA
TUB	FSGS_vs_PAT	GSE182380-RNAseq	CNT_PC	39	0.032280953218921625	1.8410175280409147	snRNA
TUB	FSGS_vs_PAT	GSE182380-RNAseq	IC	41	-0.04616874874365038	-0.1681268434013478	snRNA
TUB	FSGS_vs_PAT	GSE182380-RNAseq	PODO	38	-0.13585770473276315	-2.2960522552530245	snRNA
TUB	FSGS_vs_PAT	GSE182380-RNAseq	PEC	42	0.011867842772820339	1.383148269830971	snRNA
TUB	FSGS_vs_PAT	GSE182380-RNAseq	ENDO	41	0.04769007352794089	2.3072092964590523	snRNA
TUB	FSGS_vs_PAT	GSE182380-RNAseq	ENDO_PT	48	0.06684574664783818	3.0386465774865297	snRNA
TUB	FSGS_vs_PAT	GSE182380-RNAseq	MES	46	0.007143270588763384	1.3415782617009588	snRNA
TUB	FSGS_vs_PAT	GSE182380-RNAseq	STROMA	49	0.173101545520583	5.737526354363804	snRNA
TUB	FSGS_vs_PAT	GSE182380-RNAseq	PERI	46	0.04223344786821499	2.288371661115738	snRNA
TUB	FSGS_vs_PAT	GSE182380-RNAseq	BCELL	29	0.28646587166164456	6.946962817921966	snRNA
TUB	FSGS_vs_PAT	GSE182380-RNAseq	TCELL	41	0.3747520993304689	10.840196819703628	snRNA
TUB	FSGS_vs_PAT	GSE182380-RNAseq	MAC	46	0.11454594333696624	4.155954711745673	snRNA
TUB	FSGS_vs_PAT	GSE182380-RNAseq	DC	47	0.3040564101823467	9.461206298206337	snRNA
TUB	FSGS_vs_PAT	GSE182380-RNAseq	MAST	25	0.2189057755144313	5.402524823898964	snRNA
TUB	FSGS_vs_PAT	META	PT	40	-0.2153393129730829	-6.467765014393097	snRNA
TUB	FSGS_vs_PAT	META	PT_injured	29	-0.14349070653030324	-3.5611567149571526	snRNA
TUB	FSGS_vs_PAT	META	LOH	44	-0.06831693321388833	-1.6882496182517617	snRNA
TUB	FSGS_vs_PAT	META	DCT	46	-0.1308504134307757	-4.082583804376642	snRNA
TUB	FSGS_vs_PAT	META	CNT_PC	46	-0.047834732952110964	-0.9662653106532724	snRNA
TUB	FSGS_vs_PAT	META	IC	47	-0.06797249863792791	-1.7886857328726793	snRNA
TUB	FSGS_vs_PAT	META	PODO	47	-0.14259437215184223	-4.561008799719494	snRNA
TUB	FSGS_vs_PAT	META	PEC	48	0.09258518541870821	4.333988432931154	snRNA
TUB	FSGS_vs_PAT	META	ENDO	47	0.0007369754326543107	0.8489305471664279	snRNA
TUB	FSGS_vs_PAT	META	ENDO_PT	50	-0.01028339716799868	0.36791553858565823	snRNA
TUB	FSGS_vs_PAT	META	MES	49	0.00852238720276577	1.1523912326812515	snRNA
TUB	FSGS_vs_PAT	META	STROMA	50	0.15278570719955797	6.7293831220903835	snRNA
TUB	FSGS_vs_PAT	META	PERI	49	0.02140751290945834	1.68258582133691	snRNA
TUB	FSGS_vs_PAT	META	BCELL	46	0.18175669052499763	7.429150285795547	snRNA
TUB	FSGS_vs_PAT	META	TCELL	49	0.20582601039347295	8.831635629795068	snRNA
TUB	FSGS_vs_PAT	META	MAC	50	0.10368379730187977	4.55484016454822	snRNA
TUB	FSGS_vs_PAT	META	DC	49	0.20045617309899452	8.310885161950113	snRNA
TUB	FSGS_vs_PAT	META	MAST	25	0.1718408076701841	5.1444893392111695	snRNA
TUB	FSGS_vs_PAT_adj	ERCB_TUB_H1	PT	15	-0.3304300897722568	-4.1747590897358835	snRNA
TUB	FSGS_vs_PAT_adj	ERCB_TUB_H1	PT_injured	11	-0.0955773881886718	-1.1956558666563688	snRNA
TUB	FSGS_vs_PAT_adj	ERCB_TUB_H1	LOH	24	-0.08403227687106163	-1.575669289649682	snRNA
TUB	FSGS_vs_PAT_adj	ERCB_TUB_H1	DCT	22	-0.1100215287883266	-1.781119795753521	snRNA
TUB	FSGS_vs_PAT_adj	ERCB_TUB_H1	CNT_PC	26	-0.14041376853127946	-2.3906567448908076	snRNA
TUB	FSGS_vs_PAT_adj	ERCB_TUB_H1	IC	18	0.03183536893925645	0.16532480656642426	snRNA
TUB	FSGS_vs_PAT_adj	ERCB_TUB_H1	PODO	22	-0.11417055137826536	-1.9279317040007016	snRNA
TUB	FSGS_vs_PAT_adj	ERCB_TUB_H1	PEC	21	0.07410835889641113	0.7849742249256371	snRNA
TUB	FSGS_vs_PAT_adj	ERCB_TUB_H1	ENDO	26	-0.15284962077919845	-2.6646290736921894	snRNA
TUB	FSGS_vs_PAT_adj	ERCB_TUB_H1	ENDO_PT	28	-0.1947227707982956	-3.489260924458523	snRNA
TUB	FSGS_vs_PAT_adj	ERCB_TUB_H1	MES	35	-0.043358336535794684	-1.104690585292312	snRNA
TUB	FSGS_vs_PAT_adj	ERCB_TUB_H1	STROMA	40	0.03715537243557031	0.35688680211607576	snRNA
TUB	FSGS_vs_PAT_adj	ERCB_TUB_H1	PERI	34	0.09759912545930974	1.349531038167855	snRNA
TUB	FSGS_vs_PAT_adj	ERCB_TUB_H1	BCELL	24	0.04430203347340236	0.34117794464487444	snRNA
TUB	FSGS_vs_PAT_adj	ERCB_TUB_H1	TCELL	36	0.04441165486193113	0.48195895341145306	snRNA
TUB	FSGS_vs_PAT_adj	ERCB_TUB_H1	MAC	32	-0.12511772322326592	-2.607159616795199	snRNA
TUB	FSGS_vs_PAT_adj	ERCB_TUB_H1	DC	26	0.03246019362337804	0.17103563789539092	snRNA
TUB	FSGS_vs_PAT_adj	ERCB_TUB_H1	MAST	18	0.1525797613606825	1.6654682640372853	snRNA
TUB	FSGS_vs_PAT_adj	GSE108112-GPL19983	PT	40	-0.05867331064012289	-1.921927792828305	snRNA
TUB	FSGS_vs_PAT_adj	GSE108112-GPL19983	PT_injured	29	-0.12089184499272067	-3.6320594320087425	snRNA
TUB	FSGS_vs_PAT_adj	GSE108112-GPL19983	LOH	44	-0.04762397022441902	-1.524423950698443	snRNA
TUB	FSGS_vs_PAT_adj	GSE108112-GPL19983	DCT	46	-0.03757341995433687	-1.1698825712675331	snRNA
TUB	FSGS_vs_PAT_adj	GSE108112-GPL19983	CNT_PC	46	-0.05038039272315068	-1.6556782487476018	snRNA
TUB	FSGS_vs_PAT_adj	GSE108112-GPL19983	IC	47	-0.03564645180584232	-1.0169195747348094	snRNA
TUB	FSGS_vs_PAT_adj	GSE108112-GPL19983	PODO	47	-0.09004617732440481	-3.2354579296862434	snRNA
TUB	FSGS_vs_PAT_adj	GSE108112-GPL19983	PEC	48	0.010545894447513597	0.7844671971990933	snRNA
TUB	FSGS_vs_PAT_adj	GSE108112-GPL19983	ENDO	47	0.11316844099018021	5.257891592320873	snRNA
TUB	FSGS_vs_PAT_adj	GSE108112-GPL19983	ENDO_PT	49	0.08445896460516261	3.9881283794045803	snRNA
TUB	FSGS_vs_PAT_adj	GSE108112-GPL19983	MES	49	0.016345940100616463	1.1093250810625315	snRNA
TUB	FSGS_vs_PAT_adj	GSE108112-GPL19983	STROMA	49	0.010894271835313538	0.9591449128808313	snRNA
TUB	FSGS_vs_PAT_adj	GSE108112-GPL19983	PERI	49	0.04560823157968588	2.3326911934917987	snRNA
TUB	FSGS_vs_PAT_adj	GSE108112-GPL19983	BCELL	44	0.07717852968203452	3.4806002310111164	snRNA
TUB	FSGS_vs_PAT_adj	GSE108112-GPL19983	TCELL	48	0.06633614784118431	3.1659133678264553	snRNA
TUB	FSGS_vs_PAT_adj	GSE108112-GPL19983	MAC	49	0.04045261674061366	2.0744593683887826	snRNA
TUB	FSGS_vs_PAT_adj	GSE108112-GPL19983	DC	49	0.10615561654758246	4.8638899804615505	snRNA
TUB	FSGS_vs_PAT_adj	GSE108112-GPL19983	MAST	24	0.14124247323829703	4.213803503965733	snRNA
TUB	FSGS_vs_PAT_adj	GSE133288-GPL19983	PT	40	-0.171015975758869	-3.81022970939166	snRNA
TUB	FSGS_vs_PAT_adj	GSE133288-GPL19983	PT_injured	29	-0.09981724410076624	-1.8585750415677595	snRNA
TUB	FSGS_vs_PAT_adj	GSE133288-GPL19983	LOH	44	-0.04878340583620318	-1.0665218306803748	snRNA
TUB	FSGS_vs_PAT_adj	GSE133288-GPL19983	DCT	46	-0.08775658451690617	-2.1026767423439927	snRNA
TUB	FSGS_vs_PAT_adj	GSE133288-GPL19983	CNT_PC	46	0.014308371246882145	0.4924312238551212	snRNA
TUB	FSGS_vs_PAT_adj	GSE133288-GPL19983	IC	47	-0.004890536717617049	0.05548685984741537	snRNA
TUB	FSGS_vs_PAT_adj	GSE133288-GPL19983	PODO	47	-0.01476704800477567	-0.27730343761876836	snRNA
TUB	FSGS_vs_PAT_adj	GSE133288-GPL19983	PEC	48	0.17480338439571794	4.694128726651714	snRNA
TUB	FSGS_vs_PAT_adj	GSE133288-GPL19983	ENDO	47	-0.023952449510191303	-0.47699584206621937	snRNA
TUB	FSGS_vs_PAT_adj	GSE133288-GPL19983	ENDO_PT	49	-0.061305590618432625	-1.4402053400950707	snRNA
TUB	FSGS_vs_PAT_adj	GSE133288-GPL19983	MES	49	0.03833184199475473	1.1615488059211616	snRNA
TUB	FSGS_vs_PAT_adj	GSE133288-GPL19983	STROMA	49	0.18282998629524014	4.734699300736654	snRNA
TUB	FSGS_vs_PAT_adj	GSE133288-GPL19983	PERI	49	-0.002308071369967609	0.10825442183757457	snRNA
TUB	FSGS_vs_PAT_adj	GSE133288-GPL19983	BCELL	44	0.2090008844932334	5.080750412938303	snRNA
TUB	FSGS_vs_PAT_adj	GSE133288-GPL19983	TCELL	48	0.15538540227028805	4.057789782370486	snRNA
TUB	FSGS_vs_PAT_adj	GSE133288-GPL19983	MAC	49	0.14083012046351936	3.965795614919081	snRNA
TUB	FSGS_vs_PAT_adj	GSE133288-GPL19983	DC	49	0.11769468723279058	3.143940682386252	snRNA
TUB	FSGS_vs_PAT_adj	GSE133288-GPL19983	MAST	24	0.108035955991721	2.0246640418318727	snRNA
TUB	FSGS_vs_PAT_adj	GSE182380-RNAseq	PT	30	-0.16499466558193554	-4.320192904616047	snRNA
TUB	FSGS_vs_PAT_adj	GSE182380-RNAseq	PT_injured	27	-0.16236961618876047	-4.046901850940783	snRNA
TUB	FSGS_vs_PAT_adj	GSE182380-RNAseq	LOH	39	-0.07565162310689387	-1.7359846691800898	snRNA
TUB	FSGS_vs_PAT_adj	GSE182380-RNAseq	DCT	41	-0.054478946614934236	-1.0218786668516477	snRNA
TUB	FSGS_vs_PAT_adj	GSE182380-RNAseq	CNT_PC	39	0.04157006069424616	2.243358395570155	snRNA
TUB	FSGS_vs_PAT_adj	GSE182380-RNAseq	IC	41	0.04300545279855559	2.312348736205204	snRNA
TUB	FSGS_vs_PAT_adj	GSE182380-RNAseq	PODO	38	-0.06669699506738162	-1.4228135544933536	snRNA
TUB	FSGS_vs_PAT_adj	GSE182380-RNAseq	PEC	42	-0.027759492559725412	-0.13288215268029	snRNA
TUB	FSGS_vs_PAT_adj	GSE182380-RNAseq	ENDO	41	0.06065286741579926	3.1598133763751592	snRNA
TUB	FSGS_vs_PAT_adj	GSE182380-RNAseq	ENDO_PT	48	0.058569331091692635	3.15300542873336	snRNA
TUB	FSGS_vs_PAT_adj	GSE182380-RNAseq	MES	46	-0.0012177577549293786	0.8507246549724417	snRNA
TUB	FSGS_vs_PAT_adj	GSE182380-RNAseq	STROMA	49	0.05543675403651806	3.0432531384937005	snRNA
TUB	FSGS_vs_PAT_adj	GSE182380-RNAseq	PERI	46	0.031482133385234264	2.090983745607466	snRNA
TUB	FSGS_vs_PAT_adj	GSE182380-RNAseq	BCELL	29	0.19263109620528332	6.330004866146972	snRNA
TUB	FSGS_vs_PAT_adj	GSE182380-RNAseq	TCELL	41	0.24953591243376844	9.597098169612709	snRNA
TUB	FSGS_vs_PAT_adj	GSE182380-RNAseq	MAC	46	0.04498126665084297	2.6211067439669358	snRNA
TUB	FSGS_vs_PAT_adj	GSE182380-RNAseq	DC	47	0.18844813494326695	7.8337980332133075	snRNA
TUB	FSGS_vs_PAT_adj	GSE182380-RNAseq	MAST	25	0.16510227430818247	5.210504147035499	snRNA
TUB	FSGS_vs_PAT_adj	META	PT	40	-0.14215780212519197	-5.685802259232675	snRNA
TUB	FSGS_vs_PAT_adj	META	PT_injured	29	-0.12107428113801169	-4.083830007342418	snRNA
TUB	FSGS_vs_PAT_adj	META	LOH	44	-0.0653122452379138	-2.4020169593641647	snRNA
TUB	FSGS_vs_PAT_adj	META	DCT	46	-0.06521945610610345	-2.568060218395868	snRNA
TUB	FSGS_vs_PAT_adj	META	CNT_PC	46	-0.02752173066646519	-0.7716293828545018	snRNA
TUB	FSGS_vs_PAT_adj	META	IC	47	-0.0018157238189057115	0.45892776982307737	snRNA
TUB	FSGS_vs_PAT_adj	META	PODO	47	-0.07134870992204155	-2.8695321646454537	snRNA
TUB	FSGS_vs_PAT_adj	META	PEC	48	0.06374958711759622	3.5919507366138954	snRNA
TUB	FSGS_vs_PAT_adj	META	ENDO	47	0.02004213313380513	1.4490456490198154	snRNA
TUB	FSGS_vs_PAT_adj	META	ENDO_PT	50	-0.006882941243698368	0.19708479682525287	snRNA
TUB	FSGS_vs_PAT_adj	META	MES	49	0.008358875121374941	0.8948542185459409	snRNA
TUB	FSGS_vs_PAT_adj	META	STROMA	50	0.07317668867627435	4.030676461490543	snRNA
TUB	FSGS_vs_PAT_adj	META	PERI	49	0.03195187977471133	2.127947568050462	snRNA
TUB	FSGS_vs_PAT_adj	META	BCELL	46	0.13765250762640818	6.892491329838608	snRNA
TUB	FSGS_vs_PAT_adj	META	TCELL	49	0.1250529156359721	6.560773979123276	snRNA
TUB	FSGS_vs_PAT_adj	META	MAC	50	0.04144873612965044	2.4632372615779454	snRNA
TUB	FSGS_vs_PAT_adj	META	DC	49	0.1199701154897695	6.131889843691874	snRNA
TUB	FSGS_vs_PAT_adj	META	MAST	25	0.13653238480952765	5.065800057301553	snRNA
TUB	HT_vs_PAT	ERCB_TUB_H1	PT	15	0.10594020972008969	3.0147707353961013	snRNA
TUB	HT_vs_PAT	ERCB_TUB_H1	PT_injured	11	0.020566661783959706	0.336770147781684	snRNA
TUB	HT_vs_PAT	ERCB_TUB_H1	LOH	24	0.002735933359872445	-0.20973511593004676	snRNA
TUB	HT_vs_PAT	ERCB_TUB_H1	DCT	22	0.09947216121310536	3.41366535263444	snRNA
TUB	HT_vs_PAT	ERCB_TUB_H1	CNT_PC	26	0.03942084935708687	1.335271512853713	snRNA
TUB	HT_vs_PAT	ERCB_TUB_H1	IC	18	0.05456923219349439	1.6059719761426485	snRNA
TUB	HT_vs_PAT	ERCB_TUB_H1	PODO	22	0.14826518108285114	5.276219828970383	snRNA
TUB	HT_vs_PAT	ERCB_TUB_H1	PEC	21	-0.011963367717163168	-0.6921949690894521	snRNA
TUB	HT_vs_PAT	ERCB_TUB_H1	ENDO	26	0.0063376382145529245	-0.04824061443235192	snRNA
TUB	HT_vs_PAT	ERCB_TUB_H1	ENDO_PT	28	0.032453970406744956	1.140798959299922	snRNA
TUB	HT_vs_PAT	ERCB_TUB_H1	MES	35	-0.002499323910368341	-0.4273864577627578	snRNA
TUB	HT_vs_PAT	ERCB_TUB_H1	STROMA	40	-0.02991194182541219	-1.8175371599706618	snRNA
TUB	HT_vs_PAT	ERCB_TUB_H1	PERI	34	0.03872222404050475	1.5205558303381272	snRNA
TUB	HT_vs_PAT	ERCB_TUB_H1	BCELL	24	0.02982661867766485	0.8417446550227943	snRNA
TUB	HT_vs_PAT	ERCB_TUB_H1	TCELL	36	-0.013151649126989965	-0.9057467436961215	snRNA
TUB	HT_vs_PAT	ERCB_TUB_H1	MAC	32	-0.013590135495178391	-0.9577165287301569	snRNA
TUB	HT_vs_PAT	ERCB_TUB_H1	DC	26	-0.0029670568899466394	-0.3937537279000022	snRNA
TUB	HT_vs_PAT	ERCB_TUB_H1	MAST	18	-0.007857550349500418	-0.4746000021505994	snRNA
TUB	HT_vs_PAT	META	PT	15	0.10594020972008969	2.993608344327666	snRNA
TUB	HT_vs_PAT	META	PT_injured	11	0.020566661783959706	0.38464885493148354	snRNA
TUB	HT_vs_PAT	META	LOH	24	0.002735933359872445	-0.14984930785510114	snRNA
TUB	HT_vs_PAT	META	DCT	22	0.09947216121310536	3.4581396870464167	snRNA
TUB	HT_vs_PAT	META	CNT_PC	26	0.03942084935708687	1.2674528210233187	snRNA
TUB	HT_vs_PAT	META	IC	18	0.05456923219349439	1.6088034705817527	snRNA
TUB	HT_vs_PAT	META	PODO	22	0.14826518108285114	5.364736273745986	snRNA
TUB	HT_vs_PAT	META	PEC	21	-0.011963367717163168	-0.6587145550268461	snRNA
TUB	HT_vs_PAT	META	ENDO	26	0.0063376382145529245	0.013408363683908612	snRNA
TUB	HT_vs_PAT	META	ENDO_PT	28	0.032453970406744956	1.0815280687015332	snRNA
TUB	HT_vs_PAT	META	MES	35	-0.002499323910368341	-0.40700528144988907	snRNA
TUB	HT_vs_PAT	META	STROMA	40	-0.02991194182541219	-1.8880571383120066	snRNA
TUB	HT_vs_PAT	META	PERI	34	0.03872222404050475	1.5953212241515788	snRNA
TUB	HT_vs_PAT	META	BCELL	24	0.02982661867766485	0.9503675385974836	snRNA
TUB	HT_vs_PAT	META	TCELL	36	-0.013151649126989965	-0.9770269914602299	snRNA
TUB	HT_vs_PAT	META	MAC	32	-0.013590135495178391	-0.9203193197645645	snRNA
TUB	HT_vs_PAT	META	DC	26	-0.0029670568899466394	-0.46280281375258103	snRNA
TUB	HT_vs_PAT	META	MAST	18	-0.007857550349500418	-0.4963393383268432	snRNA
TUB	HT_vs_PAT_adj	ERCB_TUB_H1	PT	15	-0.1852177375932422	-3.7094743948733364	snRNA
TUB	HT_vs_PAT_adj	ERCB_TUB_H1	PT_injured	11	-0.0470542233642886	-0.5432957102470993	snRNA
TUB	HT_vs_PAT_adj	ERCB_TUB_H1	LOH	24	-0.007075468876441601	0.26773794286475106	snRNA
TUB	HT_vs_PAT_adj	ERCB_TUB_H1	DCT	22	-0.06327325496981241	-1.3679522582182524	snRNA
TUB	HT_vs_PAT_adj	ERCB_TUB_H1	CNT_PC	26	-0.00784138085913701	0.3428245538527274	snRNA
TUB	HT_vs_PAT_adj	ERCB_TUB_H1	IC	18	-0.002980073056810763	0.3704080400309265	snRNA
TUB	HT_vs_PAT_adj	ERCB_TUB_H1	PODO	22	0.0038391383414853614	0.5088605434090432	snRNA
TUB	HT_vs_PAT_adj	ERCB_TUB_H1	PEC	21	0.019637747536275098	0.9893527705380216	snRNA
TUB	HT_vs_PAT_adj	ERCB_TUB_H1	ENDO	26	-0.068028283824847	-1.4978463721807178	snRNA
TUB	HT_vs_PAT_adj	ERCB_TUB_H1	ENDO_PT	28	-0.009037532992110625	0.22828643377581484	snRNA
TUB	HT_vs_PAT_adj	ERCB_TUB_H1	MES	35	-0.026347195406842116	-0.26060889600686066	snRNA
TUB	HT_vs_PAT_adj	ERCB_TUB_H1	STROMA	40	0.12462426254203837	5.121053891636805	snRNA
TUB	HT_vs_PAT_adj	ERCB_TUB_H1	PERI	34	-0.015715120797766595	0.004967501750317784	snRNA
TUB	HT_vs_PAT_adj	ERCB_TUB_H1	BCELL	24	0.0767824694197836	2.7188752855851868	snRNA
TUB	HT_vs_PAT_adj	ERCB_TUB_H1	TCELL	36	0.12111030272317169	4.687124859234044	snRNA
TUB	HT_vs_PAT_adj	ERCB_TUB_H1	MAC	32	0.12266559900580581	4.5607838969502525	snRNA
TUB	HT_vs_PAT_adj	ERCB_TUB_H1	DC	26	0.21388594776889275	6.9084377815021	snRNA
TUB	HT_vs_PAT_adj	ERCB_TUB_H1	MAST	18	0.05723914546060863	1.8508657598621194	snRNA
TUB	HT_vs_PAT_adj	META	PT	15	-0.1852177375932422	-3.8059846611723613	snRNA
TUB	HT_vs_PAT_adj	META	PT_injured	11	-0.0470542233642886	-0.5764053460983861	snRNA
TUB	HT_vs_PAT_adj	META	LOH	24	-0.007075468876441601	0.27829338247545077	snRNA
TUB	HT_vs_PAT_adj	META	DCT	22	-0.06327325496981241	-1.288849823346194	snRNA
TUB	HT_vs_PAT_adj	META	CNT_PC	26	-0.00784138085913701	0.25591715247748326	snRNA
TUB	HT_vs_PAT_adj	META	IC	18	-0.002980073056810763	0.282214598487255	snRNA
TUB	HT_vs_PAT_adj	META	PODO	22	0.0038391383414853614	0.530957103420853	snRNA
TUB	HT_vs_PAT_adj	META	PEC	21	0.019637747536275098	0.9229597873682996	snRNA
TUB	HT_vs_PAT_adj	META	ENDO	26	-0.068028283824847	-1.6188177817311402	snRNA
TUB	HT_vs_PAT_adj	META	ENDO_PT	28	-0.009037532992110625	0.24853059887313128	snRNA
TUB	HT_vs_PAT_adj	META	MES	35	-0.026347195406842116	-0.36906044954328887	snRNA
TUB	HT_vs_PAT_adj	META	STROMA	40	0.12462426254203837	5.226576425263469	snRNA
TUB	HT_vs_PAT_adj	META	PERI	34	-0.015715120797766595	0.05148509832686475	snRNA
TUB	HT_vs_PAT_adj	META	BCELL	24	0.0767824694197836	2.696202759752435	snRNA
TUB	HT_vs_PAT_adj	META	TCELL	36	0.12111030272317169	4.84661972141026	snRNA
TUB	HT_vs_PAT_adj	META	MAC	32	0.12266559900580581	4.675425382570456	snRNA
TUB	HT_vs_PAT_adj	META	DC	26	0.21388594776889275	6.899502594116797	snRNA
TUB	HT_vs_PAT_adj	META	MAST	18	0.05723914546060863	1.7636009975999136	snRNA
TUB	IgAN_vs_PAT	ERCB_TUB_H1	PT	15	0.03869509982566037	1.1201399433354573	snRNA
TUB	IgAN_vs_PAT	ERCB_TUB_H1	PT_injured	11	0.01850914489477876	0.4084883009639041	snRNA
TUB	IgAN_vs_PAT	ERCB_TUB_H1	LOH	24	0.008351067828092107	0.009111948431848297	snRNA
TUB	IgAN_vs_PAT	ERCB_TUB_H1	DCT	22	-0.0025956414809281177	-0.5181034248104881	snRNA
TUB	IgAN_vs_PAT	ERCB_TUB_H1	CNT_PC	26	0.018841374623522058	0.5158818021854614	snRNA
TUB	IgAN_vs_PAT	ERCB_TUB_H1	IC	18	0.003676105031950606	-0.15012568694654177	snRNA
TUB	IgAN_vs_PAT	ERCB_TUB_H1	PODO	22	-0.04910238663433117	-2.638178819629062	snRNA
TUB	IgAN_vs_PAT	ERCB_TUB_H1	PEC	21	-0.022470729336852117	-1.196119379687917	snRNA
TUB	IgAN_vs_PAT	ERCB_TUB_H1	ENDO	26	0.03645512753596098	1.3653741895472278	snRNA
TUB	IgAN_vs_PAT	ERCB_TUB_H1	ENDO_PT	28	0.033403582538345016	1.2421604561539823	snRNA
TUB	IgAN_vs_PAT	ERCB_TUB_H1	MES	35	-0.02498191743423896	-1.7105317676469651	snRNA
TUB	IgAN_vs_PAT	ERCB_TUB_H1	STROMA	40	-0.04753390190890056	-3.25082207680983	snRNA
TUB	IgAN_vs_PAT	ERCB_TUB_H1	PERI	34	0.0048751202548908915	-0.15995999785233223	snRNA
TUB	IgAN_vs_PAT	ERCB_TUB_H1	BCELL	24	0.03313699131831526	1.1669177028383773	snRNA
TUB	IgAN_vs_PAT	ERCB_TUB_H1	TCELL	36	-0.027814920635945675	-2.005304665689381	snRNA
TUB	IgAN_vs_PAT	ERCB_TUB_H1	MAC	32	-0.005500836341525414	-0.6779139713949859	snRNA
TUB	IgAN_vs_PAT	ERCB_TUB_H1	DC	26	0.03096918331889005	1.0571032312990685	snRNA
TUB	IgAN_vs_PAT	ERCB_TUB_H1	MAST	18	-0.030220871125089217	-1.3807169864750246	snRNA
TUB	IgAN_vs_PAT	GSE175759-RNAseq	PT	48	0.13679586298045857	3.1185785670754433	snRNA
TUB	IgAN_vs_PAT	GSE175759-RNAseq	PT_injured	32	0.024485387257300317	0.3997015341056318	snRNA
TUB	IgAN_vs_PAT	GSE175759-RNAseq	LOH	50	0.12544390588998794	2.791988517166807	snRNA
TUB	IgAN_vs_PAT	GSE175759-RNAseq	DCT	50	0.3077740877494216	6.867041039145355	snRNA
TUB	IgAN_vs_PAT	GSE175759-RNAseq	CNT_PC	50	0.14469878207892178	3.081492729142893	snRNA
TUB	IgAN_vs_PAT	GSE175759-RNAseq	IC	50	0.06883228160440921	1.5088826798680197	snRNA
TUB	IgAN_vs_PAT	GSE175759-RNAseq	PODO	50	0.02067793412599713	0.4362484395798884	snRNA
TUB	IgAN_vs_PAT	GSE175759-RNAseq	PEC	50	-0.10582810158375651	-2.51790697128108	snRNA
TUB	IgAN_vs_PAT	GSE175759-RNAseq	ENDO	50	0.014493683907203372	0.3687542762013802	snRNA
TUB	IgAN_vs_PAT	GSE175759-RNAseq	ENDO_PT	50	0.03874340286478401	0.8243684340633862	snRNA
TUB	IgAN_vs_PAT	GSE175759-RNAseq	MES	50	0.03436471607536078	0.7569722258012347	snRNA
TUB	IgAN_vs_PAT	GSE175759-RNAseq	STROMA	50	0.014810988167300827	0.2868268015409109	snRNA
TUB	IgAN_vs_PAT	GSE175759-RNAseq	PERI	50	-0.0005213485634885817	0.0003274307503264044	snRNA
TUB	IgAN_vs_PAT	GSE175759-RNAseq	BCELL	50	0.046349172536283734	1.0252087017873088	snRNA
TUB	IgAN_vs_PAT	GSE175759-RNAseq	TCELL	50	-0.19744355853646994	-4.864890893889863	snRNA
TUB	IgAN_vs_PAT	GSE175759-RNAseq	MAC	50	-0.35722952894866467	-8.144004879237718	snRNA
TUB	IgAN_vs_PAT	GSE175759-RNAseq	DC	50	-0.12430121012963355	-2.9785949354807575	snRNA
TUB	IgAN_vs_PAT	GSE175759-RNAseq	MAST	25	-0.0990872174501419	-1.6393732914786552	snRNA
TUB	IgAN_vs_PAT	META	PT	48	0.11186359692267918	3.053491412579453	snRNA
TUB	IgAN_vs_PAT	META	PT_injured	32	0.02119363968085963	0.45065862444503946	snRNA
TUB	IgAN_vs_PAT	META	LOH	50	0.10463415797101333	2.9825285933142442	snRNA
TUB	IgAN_vs_PAT	META	DCT	50	0.23716025907546281	6.663105752971746	snRNA
TUB	IgAN_vs_PAT	META	CNT_PC	50	0.12495165438231197	3.562933988357341	snRNA
TUB	IgAN_vs_PAT	META	IC	50	0.08454507059417665	2.387953456469141	snRNA
TUB	IgAN_vs_PAT	META	PODO	50	0.0016045788105111586	0.0900833530283639	snRNA
TUB	IgAN_vs_PAT	META	PEC	50	-0.09385149198118593	-2.3474534691733453	snRNA
TUB	IgAN_vs_PAT	META	ENDO	50	0.009348322779405855	0.3432739316216771	snRNA
TUB	IgAN_vs_PAT	META	ENDO_PT	50	0.03350774271413684	0.9822692743352758	snRNA
TUB	IgAN_vs_PAT	META	MES	50	0.004012989534530784	0.1700285261951094	snRNA
TUB	IgAN_vs_PAT	META	STROMA	50	0.0062181680183857726	0.23476876543843578	snRNA
TUB	IgAN_vs_PAT	META	PERI	50	0.0014866932283621181	0.09216918161273191	snRNA
TUB	IgAN_vs_PAT	META	BCELL	50	0.04236464326269926	1.2379300013737005	snRNA
TUB	IgAN_vs_PAT	META	TCELL	50	-0.13602476611966266	-3.690317967750016	snRNA
TUB	IgAN_vs_PAT	META	MAC	50	-0.2419071272527799	-6.664112103261673	snRNA
TUB	IgAN_vs_PAT	META	DC	50	-0.07929937454871831	-2.1150142835495194	snRNA
TUB	IgAN_vs_PAT	META	MAST	25	-0.05905874157557263	-1.1312703477147736	snRNA
TUB	IgAN_vs_PAT_adj	ERCB_TUB_H1	PT	15	0.09676208798786515	2.571910876420022	snRNA
TUB	IgAN_vs_PAT_adj	ERCB_TUB_H1	PT_injured	11	0.03291466634459209	0.4999401775606442	snRNA
TUB	IgAN_vs_PAT_adj	ERCB_TUB_H1	LOH	24	0.01088178310023223	-0.04697097914501993	snRNA
TUB	IgAN_vs_PAT_adj	ERCB_TUB_H1	DCT	22	0.023020271036711816	0.38824255479506464	snRNA
TUB	IgAN_vs_PAT_adj	ERCB_TUB_H1	CNT_PC	26	0.02733468760403904	0.6248409172044008	snRNA
TUB	IgAN_vs_PAT_adj	ERCB_TUB_H1	IC	18	0.012969046943486245	0.00544000870983076	snRNA
TUB	IgAN_vs_PAT_adj	ERCB_TUB_H1	PODO	22	-0.025986541217040058	-1.394562883024672	snRNA
TUB	IgAN_vs_PAT_adj	ERCB_TUB_H1	PEC	21	-0.029518620029475955	-1.4960111475909752	snRNA
TUB	IgAN_vs_PAT_adj	ERCB_TUB_H1	ENDO	26	0.04877921197845799	1.4705732049793414	snRNA
TUB	IgAN_vs_PAT_adj	ERCB_TUB_H1	ENDO_PT	28	0.04150660559759874	1.246632542859067	snRNA
TUB	IgAN_vs_PAT_adj	ERCB_TUB_H1	MES	35	-0.023702002371837932	-1.6156713388940191	snRNA
TUB	IgAN_vs_PAT_adj	ERCB_TUB_H1	STROMA	40	-0.08251409351904662	-4.81160749089632	snRNA
TUB	IgAN_vs_PAT_adj	ERCB_TUB_H1	PERI	34	0.014152896648417476	0.06156504609556342	snRNA
TUB	IgAN_vs_PAT_adj	ERCB_TUB_H1	BCELL	24	0.026207382569095373	0.5319143042090304	snRNA
TUB	IgAN_vs_PAT_adj	ERCB_TUB_H1	TCELL	36	-0.05146431618969835	-2.9263309727621674	snRNA
TUB	IgAN_vs_PAT_adj	ERCB_TUB_H1	MAC	32	-0.03209813527091612	-1.8816947201969096	snRNA
TUB	IgAN_vs_PAT_adj	ERCB_TUB_H1	DC	26	-0.001851379400280923	-0.574484670194572	snRNA
TUB	IgAN_vs_PAT_adj	ERCB_TUB_H1	MAST	18	-0.04105956529119876	-1.7411444382588936	snRNA
TUB	IgAN_vs_PAT_adj	GSE175759-RNAseq	PT	48	0.036736431423541986	0.7072650943300036	snRNA
TUB	IgAN_vs_PAT_adj	GSE175759-RNAseq	PT_injured	32	-0.008119674206891548	-0.23293356903759405	snRNA
TUB	IgAN_vs_PAT_adj	GSE175759-RNAseq	LOH	50	0.0686301512212922	1.6230937923424298	snRNA
TUB	IgAN_vs_PAT_adj	GSE175759-RNAseq	DCT	50	0.1637208548982118	3.827588127470214	snRNA
TUB	IgAN_vs_PAT_adj	GSE175759-RNAseq	CNT_PC	50	0.10495069417541181	2.4528820369438207	snRNA
TUB	IgAN_vs_PAT_adj	GSE175759-RNAseq	IC	50	-0.051744050760633084	-1.4571510188769874	snRNA
TUB	IgAN_vs_PAT_adj	GSE175759-RNAseq	PODO	50	-0.06975111230192986	-1.8034051658212251	snRNA
TUB	IgAN_vs_PAT_adj	GSE175759-RNAseq	PEC	50	-0.12058495700246433	-3.1758528793624423	snRNA
TUB	IgAN_vs_PAT_adj	GSE175759-RNAseq	ENDO	50	-0.004656724767227607	-0.21919230215707616	snRNA
TUB	IgAN_vs_PAT_adj	GSE175759-RNAseq	ENDO_PT	50	0.06256306183967836	1.397151318395934	snRNA
TUB	IgAN_vs_PAT_adj	GSE175759-RNAseq	MES	50	0.002223163144929842	-0.08924948074101612	snRNA
TUB	IgAN_vs_PAT_adj	GSE175759-RNAseq	STROMA	50	0.06507828560745695	1.3877344122660003	snRNA
TUB	IgAN_vs_PAT_adj	GSE175759-RNAseq	PERI	50	-0.06403170114563003	-1.7023103736266094	snRNA
TUB	IgAN_vs_PAT_adj	GSE175759-RNAseq	BCELL	50	0.15241808355524455	3.5752687321112724	snRNA
TUB	IgAN_vs_PAT_adj	GSE175759-RNAseq	TCELL	50	-0.11269079053739643	-2.9586250436761947	snRNA
TUB	IgAN_vs_PAT_adj	GSE175759-RNAseq	MAC	50	-0.2744685936076663	-6.846093239585972	snRNA
TUB	IgAN_vs_PAT_adj	GSE175759-RNAseq	DC	50	-0.03184985851316292	-0.9496904603413298	snRNA
TUB	IgAN_vs_PAT_adj	GSE175759-RNAseq	MAST	25	-0.09555433763594999	-1.7639375426306696	snRNA
TUB	IgAN_vs_PAT_adj	META	PT	48	0.032386011417400405	0.8834793075215968	snRNA
TUB	IgAN_vs_PAT_adj	META	PT_injured	32	-0.00899800584245498	-0.1826814056965212	snRNA
TUB	IgAN_vs_PAT_adj	META	LOH	50	0.057169453710536125	1.579254561841373	snRNA
TUB	IgAN_vs_PAT_adj	META	DCT	50	0.13264658197682727	3.8408796343087306	snRNA
TUB	IgAN_vs_PAT_adj	META	CNT_PC	50	0.09081380514973843	2.5286048544617366	snRNA
TUB	IgAN_vs_PAT_adj	META	IC	50	-0.017190892341251218	-0.5060044477718657	snRNA
TUB	IgAN_vs_PAT_adj	META	PODO	50	-0.06719204458865162	-1.967487127542381	snRNA
TUB	IgAN_vs_PAT_adj	META	PEC	50	-0.10336629061591251	-3.1650681454226097	snRNA
TUB	IgAN_vs_PAT_adj	META	ENDO	50	-0.003302691931847559	-0.09820886714343761	snRNA
TUB	IgAN_vs_PAT_adj	META	ENDO_PT	50	0.04890375021956359	1.379282757473308	snRNA
TUB	IgAN_vs_PAT_adj	META	MES	50	-0.01007376663236967	-0.34377862950265464	snRNA
TUB	IgAN_vs_PAT_adj	META	STROMA	50	0.011875283090937242	0.2942000942942372	snRNA
TUB	IgAN_vs_PAT_adj	META	PERI	50	-0.03943699881151999	-1.1149747175522753	snRNA
TUB	IgAN_vs_PAT_adj	META	BCELL	50	0.12445410655615545	3.524196514827712	snRNA
TUB	IgAN_vs_PAT_adj	META	TCELL	50	-0.09793985972595604	-2.925100261438482	snRNA
TUB	IgAN_vs_PAT_adj	META	MAC	50	-0.19846275226055798	-5.675993045106565	snRNA
TUB	IgAN_vs_PAT_adj	META	DC	50	-0.028565360775256624	-0.7752077509304539	snRNA
TUB	IgAN_vs_PAT_adj	META	MAST	25	-0.058656148100060826	-1.2225823105305331	snRNA
TUB	LN_vs_PAT	ERCB_TUB_H1	PT	15	-0.12177773943791786	-1.416166975518105	snRNA
TUB	LN_vs_PAT	ERCB_TUB_H1	PT_injured	11	-0.06082383119924504	-0.4246644040714898	snRNA
TUB	LN_vs_PAT	ERCB_TUB_H1	LOH	24	-0.07353999190187703	-0.8945043505519653	snRNA
TUB	LN_vs_PAT	ERCB_TUB_H1	DCT	22	0.0040406063622371565	0.5699095570308013	snRNA
TUB	LN_vs_PAT	ERCB_TUB_H1	CNT_PC	26	0.010092170049364772	0.7733643919115527	snRNA
TUB	LN_vs_PAT	ERCB_TUB_H1	IC	18	-0.010378583437866625	0.24143320420891165	snRNA
TUB	LN_vs_PAT	ERCB_TUB_H1	PODO	22	0.07132714021612298	1.7566863234424774	snRNA
TUB	LN_vs_PAT	ERCB_TUB_H1	PEC	21	0.015419075309875439	0.7698622347244419	snRNA
TUB	LN_vs_PAT	ERCB_TUB_H1	ENDO	26	0.15603899096067136	3.6819857594733003	snRNA
TUB	LN_vs_PAT	ERCB_TUB_H1	ENDO_PT	28	0.013159464778644697	0.8425925844680244	snRNA
TUB	LN_vs_PAT	ERCB_TUB_H1	MES	35	0.03038274832069874	1.3582924763938065	snRNA
TUB	LN_vs_PAT	ERCB_TUB_H1	STROMA	40	0.04012240648153237	1.6144426369525435	snRNA
TUB	LN_vs_PAT	ERCB_TUB_H1	PERI	34	-0.06673710119075087	-0.8721949875765539	snRNA
TUB	LN_vs_PAT	ERCB_TUB_H1	BCELL	24	0.10788176886853762	2.5229448493859494	snRNA
TUB	LN_vs_PAT	ERCB_TUB_H1	TCELL	36	0.022986031085666672	1.2726554446498104	snRNA
TUB	LN_vs_PAT	ERCB_TUB_H1	MAC	32	0.19477130594896153	5.031756490185145	snRNA
TUB	LN_vs_PAT	ERCB_TUB_H1	DC	26	0.05430037406488105	1.6288710438097598	snRNA
TUB	LN_vs_PAT	ERCB_TUB_H1	MAST	18	0.0027213198029332735	0.5453576478051135	snRNA
TUB	LN_vs_PAT	META	PT	15	-0.12177773943791786	-1.3815255678794613	snRNA
TUB	LN_vs_PAT	META	PT_injured	11	-0.06082383119924504	-0.39747184024977794	snRNA
TUB	LN_vs_PAT	META	LOH	24	-0.07353999190187703	-0.871835396147297	snRNA
TUB	LN_vs_PAT	META	DCT	22	0.0040406063622371565	0.6613465260877208	snRNA
TUB	LN_vs_PAT	META	CNT_PC	26	0.010092170049364772	0.7331495380202675	snRNA
TUB	LN_vs_PAT	META	IC	18	-0.010378583437866625	0.306792854042407	snRNA
TUB	LN_vs_PAT	META	PODO	22	0.07132714021612298	1.8351299865456547	snRNA
TUB	LN_vs_PAT	META	PEC	21	0.015419075309875439	0.8129207149147359	snRNA
TUB	LN_vs_PAT	META	ENDO	26	0.15603899096067136	3.7685665731794176	snRNA
TUB	LN_vs_PAT	META	ENDO_PT	28	0.013159464778644697	0.8535568388033892	snRNA
TUB	LN_vs_PAT	META	MES	35	0.03038274832069874	1.3580037302399126	snRNA
TUB	LN_vs_PAT	META	STROMA	40	0.04012240648153237	1.6252372367538106	snRNA
TUB	LN_vs_PAT	META	PERI	34	-0.06673710119075087	-0.8229147770753351	snRNA
TUB	LN_vs_PAT	META	BCELL	24	0.10788176886853762	2.5961491528026284	snRNA
TUB	LN_vs_PAT	META	TCELL	36	0.022986031085666672	1.2026470896774732	snRNA
TUB	LN_vs_PAT	META	MAC	32	0.19477130594896153	4.873299089362588	snRNA
TUB	LN_vs_PAT	META	DC	26	0.05430037406488105	1.6756080616109954	snRNA
TUB	LN_vs_PAT	META	MAST	18	0.0027213198029332735	0.5237632117509659	snRNA
TUB	LN_vs_PAT_adj	ERCB_TUB_H1	PT	15	-0.04640357129331948	-0.3852609701867882	snRNA
TUB	LN_vs_PAT_adj	ERCB_TUB_H1	PT_injured	11	-0.043447802708272344	-0.24745871483336845	snRNA
TUB	LN_vs_PAT_adj	ERCB_TUB_H1	LOH	24	-0.07069389563474228	-0.9218830379202204	snRNA
TUB	LN_vs_PAT_adj	ERCB_TUB_H1	DCT	22	0.060037659113557004	1.620852375022091	snRNA
TUB	LN_vs_PAT_adj	ERCB_TUB_H1	CNT_PC	26	0.02633910559531953	0.9854361745309264	snRNA
TUB	LN_vs_PAT_adj	ERCB_TUB_H1	IC	18	0.0077394150752472975	0.5093555001678391	snRNA
TUB	LN_vs_PAT_adj	ERCB_TUB_H1	PODO	22	0.1265753132467572	2.6711132049432456	snRNA
TUB	LN_vs_PAT_adj	ERCB_TUB_H1	PEC	21	0.011454006388846397	0.5582819516149293	snRNA
TUB	LN_vs_PAT_adj	ERCB_TUB_H1	ENDO	26	0.1840689414093135	4.164477517506158	snRNA
TUB	LN_vs_PAT_adj	ERCB_TUB_H1	ENDO_PT	28	0.026029344871158877	0.9903792156813696	snRNA
TUB	LN_vs_PAT_adj	ERCB_TUB_H1	MES	35	0.04320198105297383	1.5117348668364146	snRNA
TUB	LN_vs_PAT_adj	ERCB_TUB_H1	STROMA	40	-0.009776564712064189	0.2958140758376615	snRNA
TUB	LN_vs_PAT_adj	ERCB_TUB_H1	PERI	34	-0.0535441030815953	-0.7913289161387922	snRNA
TUB	LN_vs_PAT_adj	ERCB_TUB_H1	BCELL	24	0.10057280142955201	2.2607252031732474	snRNA
TUB	LN_vs_PAT_adj	ERCB_TUB_H1	TCELL	36	-0.011336572119365883	0.2136892797017837	snRNA
TUB	LN_vs_PAT_adj	ERCB_TUB_H1	MAC	32	0.1988089370798261	4.958378848010063	snRNA
TUB	LN_vs_PAT_adj	ERCB_TUB_H1	DC	26	0.0063983389724916314	0.5590345517353655	snRNA
TUB	LN_vs_PAT_adj	ERCB_TUB_H1	MAST	18	-0.015859502791106338	0.14503784547894735	snRNA
TUB	LN_vs_PAT_adj	META	PT	15	-0.04640357129331948	-0.36830843312186295	snRNA
TUB	LN_vs_PAT_adj	META	PT_injured	11	-0.043447802708272344	-0.3517507276933189	snRNA
TUB	LN_vs_PAT_adj	META	LOH	24	-0.07069389563474228	-0.8575537192159216	snRNA
TUB	LN_vs_PAT_adj	META	DCT	22	0.060037659113557004	1.5714913264622328	snRNA
TUB	LN_vs_PAT_adj	META	CNT_PC	26	0.02633910559531953	0.9949629500533284	snRNA
TUB	LN_vs_PAT_adj	META	IC	18	0.0077394150752472975	0.4832098669673425	snRNA
TUB	LN_vs_PAT_adj	META	PODO	22	0.1265753132467572	2.742538823718154	snRNA
TUB	LN_vs_PAT_adj	META	PEC	21	0.011454006388846397	0.5789354851206756	snRNA
TUB	LN_vs_PAT_adj	META	ENDO	26	0.1840689414093135	4.284426407515933	snRNA
TUB	LN_vs_PAT_adj	META	ENDO_PT	28	0.026029344871158877	1.0064243293566735	snRNA
TUB	LN_vs_PAT_adj	META	MES	35	0.04320198105297383	1.5416614208188348	snRNA
TUB	LN_vs_PAT_adj	META	STROMA	40	-0.009776564712064189	0.318172603592348	snRNA
TUB	LN_vs_PAT_adj	META	PERI	34	-0.0535441030815953	-0.7047370532551853	snRNA
TUB	LN_vs_PAT_adj	META	BCELL	24	0.10057280142955201	2.3031002848204865	snRNA
TUB	LN_vs_PAT_adj	META	TCELL	36	-0.011336572119365883	0.2345312046738269	snRNA
TUB	LN_vs_PAT_adj	META	MAC	32	0.1988089370798261	4.960097307720144	snRNA
TUB	LN_vs_PAT_adj	META	DC	26	0.0063983389724916314	0.5987620974479961	snRNA
TUB	LN_vs_PAT_adj	META	MAST	18	-0.015859502791106338	0.12373585671596771	snRNA
TUB	MCD_vs_PAT	ERCB_TUB_H1	PT	15	0.3339593550811211	3.255159628393039	snRNA
TUB	MCD_vs_PAT	ERCB_TUB_H1	PT_injured	11	0.2755577936768532	2.353031780953573	snRNA
TUB	MCD_vs_PAT	ERCB_TUB_H1	LOH	24	-0.16966972841570774	-2.7277926704889786	snRNA
TUB	MCD_vs_PAT	ERCB_TUB_H1	DCT	22	0.09526689947498115	0.9041326643753801	snRNA
TUB	MCD_vs_PAT	ERCB_TUB_H1	CNT_PC	26	-0.21441366007694831	-3.4825146591401537	snRNA
TUB	MCD_vs_PAT	ERCB_TUB_H1	IC	18	0.05499610635645996	0.3387948687216722	snRNA
TUB	MCD_vs_PAT	ERCB_TUB_H1	PODO	22	0.11376766835085368	1.1251373104076325	snRNA
TUB	MCD_vs_PAT	ERCB_TUB_H1	PEC	21	-0.10156264138363656	-1.6072385036685741	snRNA
TUB	MCD_vs_PAT	ERCB_TUB_H1	ENDO	26	-0.10983372271920626	-1.8833052853013401	snRNA
TUB	MCD_vs_PAT	ERCB_TUB_H1	ENDO_PT	28	-0.09738982375711203	-1.855299913590807	snRNA
TUB	MCD_vs_PAT	ERCB_TUB_H1	MES	35	0.023235579420413287	-0.08674340545163059	snRNA
TUB	MCD_vs_PAT	ERCB_TUB_H1	STROMA	40	-0.18799373164656571	-3.6976212167779114	snRNA
TUB	MCD_vs_PAT	ERCB_TUB_H1	PERI	34	-0.04641359474729089	-1.239958035826796	snRNA
TUB	MCD_vs_PAT	ERCB_TUB_H1	BCELL	24	-0.2069489281081284	-3.1374878433267814	snRNA
TUB	MCD_vs_PAT	ERCB_TUB_H1	TCELL	36	-0.20662314677610993	-3.8412922394859255	snRNA
TUB	MCD_vs_PAT	ERCB_TUB_H1	MAC	32	-0.12098254603915848	-2.4213068489899836	snRNA
TUB	MCD_vs_PAT	ERCB_TUB_H1	DC	26	-0.25173675490973085	-3.9304461242942303	snRNA
TUB	MCD_vs_PAT	ERCB_TUB_H1	MAST	18	-0.15035220978057218	-2.097182464883566	snRNA
TUB	MCD_vs_PAT	GSE108112-GPL19983	PT	40	0.1514170694397762	4.178284656403677	snRNA
TUB	MCD_vs_PAT	GSE108112-GPL19983	PT_injured	29	0.1466479677674842	3.384053095252172	snRNA
TUB	MCD_vs_PAT	GSE108112-GPL19983	LOH	44	-0.02142747729257363	-0.6475949204583816	snRNA
TUB	MCD_vs_PAT	GSE108112-GPL19983	DCT	46	0.028639540476117116	0.8584909134012775	snRNA
TUB	MCD_vs_PAT	GSE108112-GPL19983	CNT_PC	46	0.05795373249819259	1.7838901234886375	snRNA
TUB	MCD_vs_PAT	GSE108112-GPL19983	IC	47	0.11742675556068091	3.462331452219387	snRNA
TUB	MCD_vs_PAT	GSE108112-GPL19983	PODO	47	-0.027654372140804826	-0.7191995852953708	snRNA
TUB	MCD_vs_PAT	GSE108112-GPL19983	PEC	48	-0.0028217940707691	-0.00899607075247435	snRNA
TUB	MCD_vs_PAT	GSE108112-GPL19983	ENDO	47	-0.06452020406326715	-1.747567524898476	snRNA
TUB	MCD_vs_PAT	GSE108112-GPL19983	ENDO_PT	49	-0.15338245977894688	-4.463307450977128	snRNA
TUB	MCD_vs_PAT	GSE108112-GPL19983	MES	49	-0.1250992137558606	-3.6030626513100694	snRNA
TUB	MCD_vs_PAT	GSE108112-GPL19983	STROMA	49	-0.159406254980333	-4.351924288961662	snRNA
TUB	MCD_vs_PAT	GSE108112-GPL19983	PERI	49	-0.07598135947268836	-2.116215017890654	snRNA
TUB	MCD_vs_PAT	GSE108112-GPL19983	BCELL	44	-0.12721386657689104	-3.6164986666582877	snRNA
TUB	MCD_vs_PAT	GSE108112-GPL19983	TCELL	48	-0.02658711191421995	-0.624431901156436	snRNA
TUB	MCD_vs_PAT	GSE108112-GPL19983	MAC	49	-0.14040153868952576	-4.108832896401089	snRNA
TUB	MCD_vs_PAT	GSE108112-GPL19983	DC	49	-0.0472382111403597	-1.2788042679278548	snRNA
TUB	MCD_vs_PAT	GSE108112-GPL19983	MAST	24	-0.07048702895796548	-1.4267964801092563	snRNA
TUB	MCD_vs_PAT	GSE133288-GPL19983	PT	40	0.2024539811653085	3.696576213505801	snRNA
TUB	MCD_vs_PAT	GSE133288-GPL19983	PT_injured	29	0.15096131538779572	2.155672634638396	snRNA
TUB	MCD_vs_PAT	GSE133288-GPL19983	LOH	44	0.03134715318976138	0.23102992380125226	snRNA
TUB	MCD_vs_PAT	GSE133288-GPL19983	DCT	46	0.11063288192710151	1.9947533704902887	snRNA
TUB	MCD_vs_PAT	GSE133288-GPL19983	CNT_PC	46	0.06259460246149935	0.8691868086548341	snRNA
TUB	MCD_vs_PAT	GSE133288-GPL19983	IC	47	0.13095450502364558	2.3630858216875046	snRNA
TUB	MCD_vs_PAT	GSE133288-GPL19983	PODO	47	0.19380880588110774	3.814344507587662	snRNA
TUB	MCD_vs_PAT	GSE133288-GPL19983	PEC	48	-0.1988011141656898	-4.67112976238765	snRNA
TUB	MCD_vs_PAT	GSE133288-GPL19983	ENDO	47	0.0715318131954112	1.1080391269114271	snRNA
TUB	MCD_vs_PAT	GSE133288-GPL19983	ENDO_PT	49	0.08297141693171342	1.4034489052451737	snRNA
TUB	MCD_vs_PAT	GSE133288-GPL19983	MES	49	-0.032138303929597746	-1.0666989950260977	snRNA
TUB	MCD_vs_PAT	GSE133288-GPL19983	STROMA	49	-0.2712738155197276	-6.269140636754578	snRNA
TUB	MCD_vs_PAT	GSE133288-GPL19983	PERI	49	-0.024289807874937452	-0.9661635526891165	snRNA
TUB	MCD_vs_PAT	GSE133288-GPL19983	BCELL	44	-0.23900110000448133	-5.3467122374035965	snRNA
TUB	MCD_vs_PAT	GSE133288-GPL19983	TCELL	48	-0.23788642781225158	-5.6423267330582	snRNA
TUB	MCD_vs_PAT	GSE133288-GPL19983	MAC	49	-0.24206300963628657	-5.652890185099049	snRNA
TUB	MCD_vs_PAT	GSE133288-GPL19983	DC	49	-0.17889631646257653	-4.483123632871298	snRNA
TUB	MCD_vs_PAT	GSE133288-GPL19983	MAST	24	-0.11735831829719245	-2.1421133053352266	snRNA
TUB	MCD_vs_PAT	GSE175759-RNAseq	PT	48	0.010615067129644254	0.15239611118361912	snRNA
TUB	MCD_vs_PAT	GSE175759-RNAseq	PT_injured	32	0.08686041438704704	1.2434880577349239	snRNA
TUB	MCD_vs_PAT	GSE175759-RNAseq	LOH	50	-0.015166734624654052	-0.28596357054859095	snRNA
TUB	MCD_vs_PAT	GSE175759-RNAseq	DCT	50	0.01372994957491756	0.20143881714744688	snRNA
TUB	MCD_vs_PAT	GSE175759-RNAseq	CNT_PC	50	0.029135523457080127	0.484761591391972	snRNA
TUB	MCD_vs_PAT	GSE175759-RNAseq	IC	50	0.21603826008737087	3.79105318174202	snRNA
TUB	MCD_vs_PAT	GSE175759-RNAseq	PODO	50	-0.10522289873100817	-1.797525241091351	snRNA
TUB	MCD_vs_PAT	GSE175759-RNAseq	PEC	50	0.022949700995814056	0.40495463543648064	snRNA
TUB	MCD_vs_PAT	GSE175759-RNAseq	ENDO	50	-0.019770744303241383	-0.38881903165625853	snRNA
TUB	MCD_vs_PAT	GSE175759-RNAseq	ENDO_PT	50	-0.07104181104339659	-1.250467909566359	snRNA
TUB	MCD_vs_PAT	GSE175759-RNAseq	MES	50	-0.2677964696008712	-4.8311231370691115	snRNA
TUB	MCD_vs_PAT	GSE175759-RNAseq	STROMA	50	-0.3266329075372778	-5.666268706525536	snRNA
TUB	MCD_vs_PAT	GSE175759-RNAseq	PERI	50	-0.017154893148690464	-0.31372008509757315	snRNA
TUB	MCD_vs_PAT	GSE175759-RNAseq	BCELL	50	-0.5162924434244632	-9.342603355561016	snRNA
TUB	MCD_vs_PAT	GSE175759-RNAseq	TCELL	50	-0.5294729141891003	-9.232192066342876	snRNA
TUB	MCD_vs_PAT	GSE175759-RNAseq	MAC	50	-0.10570747466757893	-1.9468093480203499	snRNA
TUB	MCD_vs_PAT	GSE175759-RNAseq	DC	50	-0.4398417468369007	-7.696334333691631	snRNA
TUB	MCD_vs_PAT	GSE175759-RNAseq	MAST	25	-0.24443081349134446	-2.983796929910462	snRNA
TUB	MCD_vs_PAT	GSE182380-RNAseq	PT	30	0.25574370470518865	3.728125558852278	snRNA
TUB	MCD_vs_PAT	GSE182380-RNAseq	PT_injured	27	0.08504471217316606	0.4317231760887502	snRNA
TUB	MCD_vs_PAT	GSE182380-RNAseq	LOH	39	0.07312518921800149	0.2642269874769038	snRNA
TUB	MCD_vs_PAT	GSE182380-RNAseq	DCT	41	0.2733215289871867	4.995636938103128	snRNA
TUB	MCD_vs_PAT	GSE182380-RNAseq	CNT_PC	39	0.008571815485946647	-1.2056914912466223	snRNA
TUB	MCD_vs_PAT	GSE182380-RNAseq	IC	41	0.27343213911418146	4.6544329594765435	snRNA
TUB	MCD_vs_PAT	GSE182380-RNAseq	PODO	38	0.05135836680174658	-0.17456426033806619	snRNA
TUB	MCD_vs_PAT	GSE182380-RNAseq	PEC	42	-0.07530147485834146	-3.201721223043074	snRNA
TUB	MCD_vs_PAT	GSE182380-RNAseq	ENDO	41	0.014840669066804205	-1.09326492531266	snRNA
TUB	MCD_vs_PAT	GSE182380-RNAseq	ENDO_PT	48	-0.0050648829977338605	-1.7196568032888842	snRNA
TUB	MCD_vs_PAT	GSE182380-RNAseq	MES	46	-0.040130035131764795	-2.4457422483448754	snRNA
TUB	MCD_vs_PAT	GSE182380-RNAseq	STROMA	49	-0.18556047135926024	-6.118309203403542	snRNA
TUB	MCD_vs_PAT	GSE182380-RNAseq	PERI	46	-0.0327862393738621	-2.2858580136970135	snRNA
TUB	MCD_vs_PAT	GSE182380-RNAseq	BCELL	29	-0.20139280430458742	-4.984679001617891	snRNA
TUB	MCD_vs_PAT	GSE182380-RNAseq	TCELL	41	-0.31151198046054784	-8.550967395718633	snRNA
TUB	MCD_vs_PAT	GSE182380-RNAseq	MAC	46	-0.1830369979750527	-6.007863873780545	snRNA
TUB	MCD_vs_PAT	GSE182380-RNAseq	DC	47	-0.2811328344284854	-8.356158912423254	snRNA
TUB	MCD_vs_PAT	GSE182380-RNAseq	MAST	25	-0.14679217902943492	-3.7949951738342262	snRNA
TUB	MCD_vs_PAT	META	PT	48	0.10700088252617408	2.434342603243674	snRNA
TUB	MCD_vs_PAT	META	PT_injured	32	0.136698442530178	2.6396912361892464	snRNA
TUB	MCD_vs_PAT	META	LOH	50	-0.00843965828896035	-0.7335111337070782	snRNA
TUB	MCD_vs_PAT	META	DCT	50	0.07976633262913672	1.6837392288145088	snRNA
TUB	MCD_vs_PAT	META	CNT_PC	50	-0.0014148575768340437	-0.47838578954785854	snRNA
TUB	MCD_vs_PAT	META	IC	50	0.1648732410347244	3.994977195676614	snRNA
TUB	MCD_vs_PAT	META	PODO	50	0.022289837807727343	0.11174921607373815	snRNA
TUB	MCD_vs_PAT	META	PEC	50	-0.06250690950123437	-2.3228817114217697	snRNA
TUB	MCD_vs_PAT	META	ENDO	50	0.006497555821823586	-0.3362313306103525	snRNA
TUB	MCD_vs_PAT	META	ENDO_PT	50	-0.04877163855560744	-1.8624308660914055	snRNA
TUB	MCD_vs_PAT	META	MES	50	-0.10360593268771966	-3.491399006645445	snRNA
TUB	MCD_vs_PAT	META	STROMA	50	-0.22386579203465956	-6.814511188307958	snRNA
TUB	MCD_vs_PAT	META	PERI	50	-0.03688104742796469	-1.5830716384505188	snRNA
TUB	MCD_vs_PAT	META	BCELL	50	-0.30681434050140277	-9.054750010055665	snRNA
TUB	MCD_vs_PAT	META	TCELL	50	-0.27246763208778185	-7.940924914914425	snRNA
TUB	MCD_vs_PAT	META	MAC	50	-0.16373700002518793	-5.041122653121675	snRNA
TUB	MCD_vs_PAT	META	DC	50	-0.23700473410729317	-7.048343537684549	snRNA
TUB	MCD_vs_PAT	META	MAST	25	-0.14702394756674766	-3.2129412896043066	snRNA
TUB	MCD_vs_PAT_adj	ERCB_TUB_H1	PT	15	0.0932948310545015	1.1246133823354476	snRNA
TUB	MCD_vs_PAT_adj	ERCB_TUB_H1	PT_injured	11	0.19945618775331012	2.148982964039278	snRNA
TUB	MCD_vs_PAT_adj	ERCB_TUB_H1	LOH	24	-0.1873272359679868	-3.070498613908913	snRNA
TUB	MCD_vs_PAT_adj	ERCB_TUB_H1	DCT	22	-0.0628439132434516	-1.0465264514574408	snRNA
TUB	MCD_vs_PAT_adj	ERCB_TUB_H1	CNT_PC	26	-0.27752448570259375	-4.656830261829933	snRNA
TUB	MCD_vs_PAT_adj	ERCB_TUB_H1	IC	18	-0.002550776183958131	-0.07881596203820079	snRNA
TUB	MCD_vs_PAT_adj	ERCB_TUB_H1	PODO	22	-0.028534279143656912	-0.5034743278868128	snRNA
TUB	MCD_vs_PAT_adj	ERCB_TUB_H1	PEC	21	-0.08071860128120911	-1.2455047258332457	snRNA
TUB	MCD_vs_PAT_adj	ERCB_TUB_H1	ENDO	26	-0.18827119310867468	-3.1868004042588947	snRNA
TUB	MCD_vs_PAT_adj	ERCB_TUB_H1	ENDO_PT	28	-0.13922989661213636	-2.404467550505556	snRNA
TUB	MCD_vs_PAT_adj	ERCB_TUB_H1	MES	35	0.0013449313652946254	-0.07619776737948898	snRNA
TUB	MCD_vs_PAT_adj	ERCB_TUB_H1	STROMA	40	-0.06414540218648282	-1.3957698172197393	snRNA
TUB	MCD_vs_PAT_adj	ERCB_TUB_H1	PERI	34	-0.10191186720592363	-1.9656286418529372	snRNA
TUB	MCD_vs_PAT_adj	ERCB_TUB_H1	BCELL	24	-0.1721618884014272	-2.8414386226054837	snRNA
TUB	MCD_vs_PAT_adj	ERCB_TUB_H1	TCELL	36	-0.0997635736208358	-2.0152048163202845	snRNA
TUB	MCD_vs_PAT_adj	ERCB_TUB_H1	MAC	32	-0.02409530447712452	-0.505541049148182	snRNA
TUB	MCD_vs_PAT_adj	ERCB_TUB_H1	DC	26	-0.12369097387709696	-2.069820488549465	snRNA
TUB	MCD_vs_PAT_adj	ERCB_TUB_H1	MAST	18	-0.09879183840805081	-1.3891715358292156	snRNA
TUB	MCD_vs_PAT_adj	GSE108112-GPL19983	PT	40	0.11903748105161335	3.240752768730767	snRNA
TUB	MCD_vs_PAT_adj	GSE108112-GPL19983	PT_injured	29	0.13060219070982254	3.1859867580580836	snRNA
TUB	MCD_vs_PAT_adj	GSE108112-GPL19983	LOH	44	-0.026079259431125	-0.5412840132296449	snRNA
TUB	MCD_vs_PAT_adj	GSE108112-GPL19983	DCT	46	0.0044392014050323595	0.3417199205982197	snRNA
TUB	MCD_vs_PAT_adj	GSE108112-GPL19983	CNT_PC	46	0.03263703636403204	1.1578788787893823	snRNA
TUB	MCD_vs_PAT_adj	GSE108112-GPL19983	IC	47	0.0788312659658112	2.5068041648159824	snRNA
TUB	MCD_vs_PAT_adj	GSE108112-GPL19983	PODO	47	-0.06475733707055654	-1.7324692690721888	snRNA
TUB	MCD_vs_PAT_adj	GSE108112-GPL19983	PEC	48	0.014997979456320957	0.674290824188507	snRNA
TUB	MCD_vs_PAT_adj	GSE108112-GPL19983	ENDO	47	-0.07034509754681141	-1.8902654400395444	snRNA
TUB	MCD_vs_PAT_adj	GSE108112-GPL19983	ENDO_PT	49	-0.1620875530533221	-4.580565721996357	snRNA
TUB	MCD_vs_PAT_adj	GSE108112-GPL19983	MES	49	-0.1176675175409297	-3.2640848611765234	snRNA
TUB	MCD_vs_PAT_adj	GSE108112-GPL19983	STROMA	49	-0.10905074559492269	-3.111683422499017	snRNA
TUB	MCD_vs_PAT_adj	GSE108112-GPL19983	PERI	49	-0.07197206816357136	-1.9032436015074043	snRNA
TUB	MCD_vs_PAT_adj	GSE108112-GPL19983	BCELL	44	-0.07366828564261313	-1.865373854470995	snRNA
TUB	MCD_vs_PAT_adj	GSE108112-GPL19983	TCELL	48	0.03991326819852623	1.3850101582113905	snRNA
TUB	MCD_vs_PAT_adj	GSE108112-GPL19983	MAC	49	-0.09938210116541556	-2.823068358230006	snRNA
TUB	MCD_vs_PAT_adj	GSE108112-GPL19983	DC	49	0.00393216630291499	0.372597659866477	snRNA
TUB	MCD_vs_PAT_adj	GSE108112-GPL19983	MAST	24	-0.029801190517060445	-0.4861170708283206	snRNA
TUB	MCD_vs_PAT_adj	GSE133288-GPL19983	PT	40	0.13754091964254664	2.862074507139607	snRNA
TUB	MCD_vs_PAT_adj	GSE133288-GPL19983	PT_injured	29	0.1439390609022392	2.472182082866091	snRNA
TUB	MCD_vs_PAT_adj	GSE133288-GPL19983	LOH	44	0.043707866066497784	0.7995560704255923	snRNA
TUB	MCD_vs_PAT_adj	GSE133288-GPL19983	DCT	46	0.027351994273324493	0.32166535613910335	snRNA
TUB	MCD_vs_PAT_adj	GSE133288-GPL19983	CNT_PC	46	0.03465222513964887	0.5267179117217495	snRNA
TUB	MCD_vs_PAT_adj	GSE133288-GPL19983	IC	47	0.03886113308187035	0.6340180451021868	snRNA
TUB	MCD_vs_PAT_adj	GSE133288-GPL19983	PODO	47	0.08555465138734121	1.861513885554688	snRNA
TUB	MCD_vs_PAT_adj	GSE133288-GPL19983	PEC	48	-0.14637949141099962	-3.9060457338678227	snRNA
TUB	MCD_vs_PAT_adj	GSE133288-GPL19983	ENDO	47	0.055107124279620515	1.0097054581159945	snRNA
TUB	MCD_vs_PAT_adj	GSE133288-GPL19983	ENDO_PT	49	0.08516174057536677	1.805694365662717	snRNA
TUB	MCD_vs_PAT_adj	GSE133288-GPL19983	MES	49	-0.03269240432639879	-1.1283437853847729	snRNA
TUB	MCD_vs_PAT_adj	GSE133288-GPL19983	STROMA	49	-0.19313852586861674	-5.1887214833358035	snRNA
TUB	MCD_vs_PAT_adj	GSE133288-GPL19983	PERI	49	-0.03572441882512922	-1.2773692980941085	snRNA
TUB	MCD_vs_PAT_adj	GSE133288-GPL19983	BCELL	44	-0.18337515518304778	-4.529116115709226	snRNA
TUB	MCD_vs_PAT_adj	GSE133288-GPL19983	TCELL	48	-0.16067918935715716	-4.220235452932881	snRNA
TUB	MCD_vs_PAT_adj	GSE133288-GPL19983	MAC	49	-0.17853530784258287	-4.9109383775746185	snRNA
TUB	MCD_vs_PAT_adj	GSE133288-GPL19983	DC	49	-0.0958923311584644	-2.699178721329893	snRNA
TUB	MCD_vs_PAT_adj	GSE133288-GPL19983	MAST	24	-0.07866735908884902	-1.6136382692992228	snRNA
TUB	MCD_vs_PAT_adj	GSE175759-RNAseq	PT	48	-0.0014346003962920166	-0.06724931430782069	snRNA
TUB	MCD_vs_PAT_adj	GSE175759-RNAseq	PT_injured	32	0.08556808998449417	1.1152532094484684	snRNA
TUB	MCD_vs_PAT_adj	GSE175759-RNAseq	LOH	50	-0.020743169520043812	-0.32208484117415714	snRNA
TUB	MCD_vs_PAT_adj	GSE175759-RNAseq	DCT	50	-0.00399622703078546	-0.09241688209583915	snRNA
TUB	MCD_vs_PAT_adj	GSE175759-RNAseq	CNT_PC	50	0.022953714870622963	0.38300166157825805	snRNA
TUB	MCD_vs_PAT_adj	GSE175759-RNAseq	IC	50	0.21196769031949697	3.7178325043334612	snRNA
TUB	MCD_vs_PAT_adj	GSE175759-RNAseq	PODO	50	-0.11593227382321176	-2.0392785744290816	snRNA
TUB	MCD_vs_PAT_adj	GSE175759-RNAseq	PEC	50	0.0239421672080384	0.37162438725884267	snRNA
TUB	MCD_vs_PAT_adj	GSE175759-RNAseq	ENDO	50	-0.023291127350662993	-0.42218133250073187	snRNA
TUB	MCD_vs_PAT_adj	GSE175759-RNAseq	ENDO_PT	50	-0.07315591647111779	-1.2399068585994821	snRNA
TUB	MCD_vs_PAT_adj	GSE175759-RNAseq	MES	50	-0.27473624875906283	-4.668567465598702	snRNA
TUB	MCD_vs_PAT_adj	GSE175759-RNAseq	STROMA	50	-0.3293204307789429	-5.504283677868605	snRNA
TUB	MCD_vs_PAT_adj	GSE175759-RNAseq	PERI	50	-0.022961090723753762	-0.3718209531255184	snRNA
TUB	MCD_vs_PAT_adj	GSE175759-RNAseq	BCELL	50	-0.5231499736624167	-9.017735340547064	snRNA
TUB	MCD_vs_PAT_adj	GSE175759-RNAseq	TCELL	50	-0.5412476727169235	-8.757251545535977	snRNA
TUB	MCD_vs_PAT_adj	GSE175759-RNAseq	MAC	50	-0.10417539567083328	-1.7587823933389604	snRNA
TUB	MCD_vs_PAT_adj	GSE175759-RNAseq	DC	50	-0.4464845699212342	-7.459353241413673	snRNA
TUB	MCD_vs_PAT_adj	GSE175759-RNAseq	MAST	25	-0.24260142743900848	-2.9345714307355526	snRNA
TUB	MCD_vs_PAT_adj	GSE182380-RNAseq	PT	30	0.018418218354122773	-0.25500774270659665	snRNA
TUB	MCD_vs_PAT_adj	GSE182380-RNAseq	PT_injured	27	0.007622181026092535	-0.4805382508572532	snRNA
TUB	MCD_vs_PAT_adj	GSE182380-RNAseq	LOH	39	0.047574658615413996	0.5744747290148995	snRNA
TUB	MCD_vs_PAT_adj	GSE182380-RNAseq	DCT	41	0.12444805281634848	3.0695982267452693	snRNA
TUB	MCD_vs_PAT_adj	GSE182380-RNAseq	CNT_PC	39	-0.005784962354828298	-1.0757466821498203	snRNA
TUB	MCD_vs_PAT_adj	GSE182380-RNAseq	IC	41	0.1247672998078788	2.899432265038239	snRNA
TUB	MCD_vs_PAT_adj	GSE182380-RNAseq	PODO	38	-0.07362404088934417	-3.1311899512156143	snRNA
TUB	MCD_vs_PAT_adj	GSE182380-RNAseq	PEC	42	-0.004928441082328635	-1.1536763464324629	snRNA
TUB	MCD_vs_PAT_adj	GSE182380-RNAseq	ENDO	41	-0.006652487985699504	-1.1009132935223347	snRNA
TUB	MCD_vs_PAT_adj	GSE182380-RNAseq	ENDO_PT	48	0.015008676043616697	-0.4719894314280838	snRNA
TUB	MCD_vs_PAT_adj	GSE182380-RNAseq	MES	46	-0.023410155609241746	-1.6850270013121624	snRNA
TUB	MCD_vs_PAT_adj	GSE182380-RNAseq	STROMA	49	0.041049664703971	0.3953480502283604	snRNA
TUB	MCD_vs_PAT_adj	GSE182380-RNAseq	PERI	46	-0.012296731877396426	-1.4018218315801598	snRNA
TUB	MCD_vs_PAT_adj	GSE182380-RNAseq	BCELL	29	-0.013700598414790472	-1.0855389045065795	snRNA
TUB	MCD_vs_PAT_adj	GSE182380-RNAseq	TCELL	41	-0.04304346687433548	-2.386846910910328	snRNA
TUB	MCD_vs_PAT_adj	GSE182380-RNAseq	MAC	46	-0.05276967632250648	-2.622516940169031	snRNA
TUB	MCD_vs_PAT_adj	GSE182380-RNAseq	DC	47	-0.04372083443307282	-2.4198117415307787	snRNA
TUB	MCD_vs_PAT_adj	GSE182380-RNAseq	MAST	25	-0.03416467776587588	-1.5554413374782061	snRNA
TUB	MCD_vs_PAT_adj	META	PT	48	0.032477627072913545	0.5806624673519812	snRNA
TUB	MCD_vs_PAT_adj	META	PT_injured	32	0.10968311637599706	2.2950633865797614	snRNA
TUB	MCD_vs_PAT_adj	META	LOH	50	-0.015841347386711408	-0.8349414905428398	snRNA
TUB	MCD_vs_PAT_adj	META	DCT	50	0.011747361358944147	-0.010889394535408858	snRNA
TUB	MCD_vs_PAT_adj	META	CNT_PC	50	-0.02597072223188083	-1.043454734070581	snRNA
TUB	MCD_vs_PAT_adj	META	IC	50	0.09982848155137264	2.4604540823026	snRNA
TUB	MCD_vs_PAT_adj	META	PODO	50	-0.04637883779897807	-1.6701588854397917	snRNA
TUB	MCD_vs_PAT_adj	META	PEC	50	-0.032492834219730905	-1.2961814334041917	snRNA
TUB	MCD_vs_PAT_adj	META	ENDO	50	-0.011310056984596943	-0.6367827295287483	snRNA
TUB	MCD_vs_PAT_adj	META	ENDO_PT	50	-0.05204258582967206	-1.8036258420702849	snRNA
TUB	MCD_vs_PAT_adj	META	MES	50	-0.10264086782922309	-3.3856339213302284	snRNA
TUB	MCD_vs_PAT_adj	META	STROMA	50	-0.13331757369480138	-4.240341510778961	snRNA
TUB	MCD_vs_PAT_adj	META	PERI	50	-0.043564299419313876	-1.6590648677721402	snRNA
TUB	MCD_vs_PAT_adj	META	BCELL	50	-0.2602768541548771	-8.235297711302412	snRNA
TUB	MCD_vs_PAT_adj	META	TCELL	50	-0.18245331942504564	-5.619353012446036	snRNA
TUB	MCD_vs_PAT_adj	META	MAC	50	-0.1033920110006444	-3.449759278815224	snRNA
TUB	MCD_vs_PAT_adj	META	DC	50	-0.14752990722625176	-4.719691242205492	snRNA
TUB	MCD_vs_PAT_adj	META	MAST	25	-0.09822437635064218	-2.3122023647843317	snRNA
TUB	MN_vs_PAT	ERCB_TUB_H1	PT	15	0.33502030273278555	3.460771683011548	snRNA
TUB	MN_vs_PAT	ERCB_TUB_H1	PT_injured	11	0.06746044314720416	0.20524486592039684	snRNA
TUB	MN_vs_PAT	ERCB_TUB_H1	LOH	24	0.17023413944601393	2.0041076126183364	snRNA
TUB	MN_vs_PAT	ERCB_TUB_H1	DCT	22	0.10354690186002037	0.9321679062348806	snRNA
TUB	MN_vs_PAT	ERCB_TUB_H1	CNT_PC	26	0.05896873560805731	0.25892186337730067	snRNA
TUB	MN_vs_PAT	ERCB_TUB_H1	IC	18	-0.08597741038021114	-1.5923994387939584	snRNA
TUB	MN_vs_PAT	ERCB_TUB_H1	PODO	22	0.0477455359968272	0.16155873479234045	snRNA
TUB	MN_vs_PAT	ERCB_TUB_H1	PEC	21	-0.06748269587045626	-1.468355702372197	snRNA
TUB	MN_vs_PAT	ERCB_TUB_H1	ENDO	26	-0.09955457476182625	-2.2288730350755364	snRNA
TUB	MN_vs_PAT	ERCB_TUB_H1	ENDO_PT	28	0.02549849270976016	-0.2145600617299093	snRNA
TUB	MN_vs_PAT	ERCB_TUB_H1	MES	35	0.021703331651432168	-0.2955718198887194	snRNA
TUB	MN_vs_PAT	ERCB_TUB_H1	STROMA	40	-0.11219716233899817	-2.901707588955313	snRNA
TUB	MN_vs_PAT	ERCB_TUB_H1	PERI	34	0.06576517492751864	0.4502971333763529	snRNA
TUB	MN_vs_PAT	ERCB_TUB_H1	BCELL	24	-0.20361174350061143	-3.6013345409372914	snRNA
TUB	MN_vs_PAT	ERCB_TUB_H1	TCELL	36	-0.04706655831457989	-1.6344796513024489	snRNA
TUB	MN_vs_PAT	ERCB_TUB_H1	MAC	32	-0.2683347685961053	-5.301468297086963	snRNA
TUB	MN_vs_PAT	ERCB_TUB_H1	DC	26	-0.22610644727515486	-3.8770642077552173	snRNA
TUB	MN_vs_PAT	ERCB_TUB_H1	MAST	18	-0.13248534955912167	-2.17950411773137	snRNA
TUB	MN_vs_PAT	GSE108112-GPL19983	PT	40	0.1313166498788632	4.4749828515479795	snRNA
TUB	MN_vs_PAT	GSE108112-GPL19983	PT_injured	29	0.16212180876052648	4.548318862938553	snRNA
TUB	MN_vs_PAT	GSE108112-GPL19983	LOH	44	0.10220888248560102	3.586137956286861	snRNA
TUB	MN_vs_PAT	GSE108112-GPL19983	DCT	46	0.017077190922978124	0.3832406515615653	snRNA
TUB	MN_vs_PAT	GSE108112-GPL19983	CNT_PC	46	0.017010283342603114	0.37889021320930083	snRNA
TUB	MN_vs_PAT	GSE108112-GPL19983	IC	47	-0.012929279803040818	-0.7782455861641076	snRNA
TUB	MN_vs_PAT	GSE108112-GPL19983	PODO	47	0.06733837281849155	2.296160606542271	snRNA
TUB	MN_vs_PAT	GSE108112-GPL19983	PEC	48	0.003653745050542052	-0.19847759036593443	snRNA
TUB	MN_vs_PAT	GSE108112-GPL19983	ENDO	47	-0.025426818410856044	-1.3253411239553645	snRNA
TUB	MN_vs_PAT	GSE108112-GPL19983	ENDO_PT	49	0.01654488865371642	0.38176456921157925	snRNA
TUB	MN_vs_PAT	GSE108112-GPL19983	MES	49	0.047135704539108036	1.6018693439590614	snRNA
TUB	MN_vs_PAT	GSE108112-GPL19983	STROMA	49	0.04704071459246379	1.5590427274744165	snRNA
TUB	MN_vs_PAT	GSE108112-GPL19983	PERI	49	0.05418897259799876	1.832614378671889	snRNA
TUB	MN_vs_PAT	GSE108112-GPL19983	BCELL	44	-0.10652509820118378	-4.181666343286155	snRNA
TUB	MN_vs_PAT	GSE108112-GPL19983	TCELL	48	-0.17785824325498348	-7.2312182076175056	snRNA
TUB	MN_vs_PAT	GSE108112-GPL19983	MAC	49	-0.0633535184042186	-2.827340533640676	snRNA
TUB	MN_vs_PAT	GSE108112-GPL19983	DC	49	-0.1824513725195156	-7.857400537380409	snRNA
TUB	MN_vs_PAT	GSE108112-GPL19983	MAST	24	-0.11445002521698673	-3.5996555609517644	snRNA
TUB	MN_vs_PAT	GSE133288-GPL19983	PT	40	0.07786128632724285	1.1888212228343147	snRNA
TUB	MN_vs_PAT	GSE133288-GPL19983	PT_injured	29	-0.15978432973397189	-1.1134955219651712	snRNA
TUB	MN_vs_PAT	GSE133288-GPL19983	LOH	44	0.007447894747284331	0.39668133524864924	snRNA
TUB	MN_vs_PAT	GSE133288-GPL19983	DCT	46	0.18339397458602552	2.580121229981118	snRNA
TUB	MN_vs_PAT	GSE133288-GPL19983	CNT_PC	46	-0.16470306925475597	-1.5864895380448751	snRNA
TUB	MN_vs_PAT	GSE133288-GPL19983	IC	47	-0.10627021064902557	-0.9812563820337626	snRNA
TUB	MN_vs_PAT	GSE133288-GPL19983	PODO	47	-0.2411782021059635	-2.458768648823933	snRNA
TUB	MN_vs_PAT	GSE133288-GPL19983	PEC	48	-0.05308581452118233	-0.2965889772646151	snRNA
TUB	MN_vs_PAT	GSE133288-GPL19983	ENDO	47	-0.11223232072401554	-1.0626995847824265	snRNA
TUB	MN_vs_PAT	GSE133288-GPL19983	ENDO_PT	49	-0.09645649307996643	-0.8430672351632056	snRNA
TUB	MN_vs_PAT	GSE133288-GPL19983	MES	49	-0.008047226398270959	0.2078561095201183	snRNA
TUB	MN_vs_PAT	GSE133288-GPL19983	STROMA	49	0.07840887729876808	1.2781459134450037	snRNA
TUB	MN_vs_PAT	GSE133288-GPL19983	PERI	49	0.12647636709924864	1.8765084935142746	snRNA
TUB	MN_vs_PAT	GSE133288-GPL19983	BCELL	44	-0.009255462527190419	0.24745072482463545	snRNA
TUB	MN_vs_PAT	GSE133288-GPL19983	TCELL	48	0.05977826933182465	1.0508354207515023	snRNA
TUB	MN_vs_PAT	GSE133288-GPL19983	MAC	49	0.14684520639023002	2.079837888284444	snRNA
TUB	MN_vs_PAT	GSE133288-GPL19983	DC	49	-0.03822140642726908	-0.09216177288295582	snRNA
TUB	MN_vs_PAT	GSE133288-GPL19983	MAST	24	-0.062421802159709217	-0.33711031559586513	snRNA
TUB	MN_vs_PAT	GSE182380-RNAseq	PT	30	0.13256238216223815	3.9169722692981677	snRNA
TUB	MN_vs_PAT	GSE182380-RNAseq	PT_injured	27	0.15454939056049893	4.639346791301479	snRNA
TUB	MN_vs_PAT	GSE182380-RNAseq	LOH	39	0.043486219003963725	1.4861228458479605	snRNA
TUB	MN_vs_PAT	GSE182380-RNAseq	DCT	41	-0.0417741372068299	-1.656495688646097	snRNA
TUB	MN_vs_PAT	GSE182380-RNAseq	CNT_PC	39	-0.04006969933517467	-1.5229291632173487	snRNA
TUB	MN_vs_PAT	GSE182380-RNAseq	IC	41	-0.13656660252841327	-4.932923981064655	snRNA
TUB	MN_vs_PAT	GSE182380-RNAseq	PODO	38	0.10883838198098694	3.6553556372981624	snRNA
TUB	MN_vs_PAT	GSE182380-RNAseq	PEC	42	0.038678895765250285	1.326402907781995	snRNA
TUB	MN_vs_PAT	GSE182380-RNAseq	ENDO	41	-0.06099549194843304	-2.3133453050943262	snRNA
TUB	MN_vs_PAT	GSE182380-RNAseq	ENDO_PT	48	-0.06704056003460816	-2.757626432909061	snRNA
TUB	MN_vs_PAT	GSE182380-RNAseq	MES	46	0.020567180750810578	0.7310180235145656	snRNA
TUB	MN_vs_PAT	GSE182380-RNAseq	STROMA	49	-0.05590245007936444	-2.422423592205802	snRNA
TUB	MN_vs_PAT	GSE182380-RNAseq	PERI	46	-0.021827499941497554	-0.9276035117068605	snRNA
TUB	MN_vs_PAT	GSE182380-RNAseq	BCELL	29	-0.15821920659649988	-4.75820571500696	snRNA
TUB	MN_vs_PAT	GSE182380-RNAseq	TCELL	41	-0.1731099225580692	-6.1685149735383735	snRNA
TUB	MN_vs_PAT	GSE182380-RNAseq	MAC	46	0.002548968490294133	-0.02128211909447936	snRNA
TUB	MN_vs_PAT	GSE182380-RNAseq	DC	47	-0.12512647741018457	-4.927841385702611	snRNA
TUB	MN_vs_PAT	GSE182380-RNAseq	MAST	25	-0.12544154930859802	-3.516113953679926	snRNA
TUB	MN_vs_PAT	META	PT	40	0.1500252788653597	4.030897204383402	snRNA
TUB	MN_vs_PAT	META	PT_injured	29	0.05078815899895712	1.0992471510409598	snRNA
TUB	MN_vs_PAT	META	LOH	44	0.0796311822786899	2.2109215337207315	snRNA
TUB	MN_vs_PAT	META	DCT	46	0.06323774565227222	1.6952415659615496	snRNA
TUB	MN_vs_PAT	META	CNT_PC	46	-0.04073822927539763	-1.390874494956051	snRNA
TUB	MN_vs_PAT	META	IC	47	-0.08007926822364239	-2.4657535913792	snRNA
TUB	MN_vs_PAT	META	PODO	47	-0.016569243930610482	-0.7100028255706593	snRNA
TUB	MN_vs_PAT	META	PEC	48	-0.006645487095132315	-0.3658385324590267	snRNA
TUB	MN_vs_PAT	META	ENDO	47	-0.06281640316055863	-1.933610376050185	snRNA
TUB	MN_vs_PAT	META	ENDO_PT	50	-0.031530623567717464	-1.2247326533694753	snRNA
TUB	MN_vs_PAT	META	MES	49	0.022638539433618682	0.5544304689557562	snRNA
TUB	MN_vs_PAT	META	STROMA	50	-0.0055612900915245275	-0.34245126485634353	snRNA
TUB	MN_vs_PAT	META	PERI	49	0.06144449897930121	1.6437186332685352	snRNA
TUB	MN_vs_PAT	META	BCELL	46	-0.09592143563065253	-2.9489004720480025	snRNA
TUB	MN_vs_PAT	META	TCELL	49	-0.08863634104313457	-2.8179943683653788	snRNA
TUB	MN_vs_PAT	META	MAC	50	-0.00890483947703615	-0.4050224610450221	snRNA
TUB	MN_vs_PAT	META	DC	49	-0.12848124052255358	-4.1281478424598	snRNA
TUB	MN_vs_PAT	META	MAST	25	-0.10552777028332151	-2.3275533612445147	snRNA
TUB	MN_vs_PAT_adj	ERCB_TUB_H1	PT	15	0.3156474320788085	3.36703481527338	snRNA
TUB	MN_vs_PAT_adj	ERCB_TUB_H1	PT_injured	11	0.0458397388349167	0.14199813945232634	snRNA
TUB	MN_vs_PAT_adj	ERCB_TUB_H1	LOH	24	0.16655946362824856	2.0462619185313793	snRNA
TUB	MN_vs_PAT_adj	ERCB_TUB_H1	DCT	22	0.0834384820435358	0.6873962665539275	snRNA
TUB	MN_vs_PAT_adj	ERCB_TUB_H1	CNT_PC	26	0.04863608876922964	0.21744837898349184	snRNA
TUB	MN_vs_PAT_adj	ERCB_TUB_H1	IC	18	-0.10830263874703568	-1.8611236450372823	snRNA
TUB	MN_vs_PAT_adj	ERCB_TUB_H1	PODO	22	0.006507945424915212	-0.38238077147890476	snRNA
TUB	MN_vs_PAT_adj	ERCB_TUB_H1	PEC	21	-0.07783485893487628	-1.4763565673479198	snRNA
TUB	MN_vs_PAT_adj	ERCB_TUB_H1	ENDO	26	-0.12089450487301787	-2.387943295855354	snRNA
TUB	MN_vs_PAT_adj	ERCB_TUB_H1	ENDO_PT	28	0.01492597557807364	-0.2813702822960416	snRNA
TUB	MN_vs_PAT_adj	ERCB_TUB_H1	MES	35	0.011070780890529763	-0.3666484554901243	snRNA
TUB	MN_vs_PAT_adj	ERCB_TUB_H1	STROMA	40	-0.0821051169197381	-2.2531450041956202	snRNA
TUB	MN_vs_PAT_adj	ERCB_TUB_H1	PERI	34	0.05356200286864076	0.3441051139196968	snRNA
TUB	MN_vs_PAT_adj	ERCB_TUB_H1	BCELL	24	-0.20852399750889786	-3.522220281744316	snRNA
TUB	MN_vs_PAT_adj	ERCB_TUB_H1	TCELL	36	-0.029548865984037522	-1.1847241327689861	snRNA
TUB	MN_vs_PAT_adj	ERCB_TUB_H1	MAC	32	-0.2943140189173823	-5.940509182112141	snRNA
TUB	MN_vs_PAT_adj	ERCB_TUB_H1	DC	26	-0.23474442078497335	-4.386075918291521	snRNA
TUB	MN_vs_PAT_adj	ERCB_TUB_H1	MAST	18	-0.13185672681483085	-2.1603012087029168	snRNA
TUB	MN_vs_PAT_adj	GSE108112-GPL19983	PT	40	0.14688059306274498	4.672841490198495	snRNA
TUB	MN_vs_PAT_adj	GSE108112-GPL19983	PT_injured	29	0.17135027965379923	4.6670983015437555	snRNA
TUB	MN_vs_PAT_adj	GSE108112-GPL19983	LOH	44	0.10514350379975079	3.4848290489507714	snRNA
TUB	MN_vs_PAT_adj	GSE108112-GPL19983	DCT	46	0.02682402261226269	0.6402956145866597	snRNA
TUB	MN_vs_PAT_adj	GSE108112-GPL19983	CNT_PC	46	0.026475618804750113	0.6781414297209797	snRNA
TUB	MN_vs_PAT_adj	GSE108112-GPL19983	IC	47	0.001143449992252167	-0.3255840187679553	snRNA
TUB	MN_vs_PAT_adj	GSE108112-GPL19983	PODO	47	0.08122512377064166	2.7842820464004987	snRNA
TUB	MN_vs_PAT_adj	GSE108112-GPL19983	PEC	48	-0.002368889938499296	-0.47164729405218336	snRNA
TUB	MN_vs_PAT_adj	GSE108112-GPL19983	ENDO	47	-0.02349899531395271	-1.2126405220801497	snRNA
TUB	MN_vs_PAT_adj	GSE108112-GPL19983	ENDO_PT	49	0.0191182477364748	0.3980172181512806	snRNA
TUB	MN_vs_PAT_adj	GSE108112-GPL19983	MES	49	0.04389252412133058	1.2574428511557245	snRNA
TUB	MN_vs_PAT_adj	GSE108112-GPL19983	STROMA	49	0.028152415048924878	0.6887124199597332	snRNA
TUB	MN_vs_PAT_adj	GSE108112-GPL19983	PERI	49	0.05267603352969544	1.650350325393408	snRNA
TUB	MN_vs_PAT_adj	GSE108112-GPL19983	BCELL	44	-0.1318109695526975	-4.813152168350254	snRNA
TUB	MN_vs_PAT_adj	GSE108112-GPL19983	TCELL	48	-0.2109849751648034	-8.696856396269034	snRNA
TUB	MN_vs_PAT_adj	GSE108112-GPL19983	MAC	49	-0.08229076301791224	-3.493004598157549	snRNA
TUB	MN_vs_PAT_adj	GSE108112-GPL19983	DC	49	-0.21060634115151966	-8.44346516521171	snRNA
TUB	MN_vs_PAT_adj	GSE108112-GPL19983	MAST	24	-0.13620578933099634	-3.836231729729046	snRNA
TUB	MN_vs_PAT_adj	GSE133288-GPL19983	PT	40	0.08073273392104834	1.1253056798162508	snRNA
TUB	MN_vs_PAT_adj	GSE133288-GPL19983	PT_injured	29	-0.16657759416755458	-1.2931899927831867	snRNA
TUB	MN_vs_PAT_adj	GSE133288-GPL19983	LOH	44	0.005588618531608692	0.4089634574742032	snRNA
TUB	MN_vs_PAT_adj	GSE133288-GPL19983	DCT	46	0.19385527964156743	2.5857686428167153	snRNA
TUB	MN_vs_PAT_adj	GSE133288-GPL19983	CNT_PC	46	-0.1657593719649584	-1.568337917821392	snRNA
TUB	MN_vs_PAT_adj	GSE133288-GPL19983	IC	47	-0.11505788186440803	-0.9704943753436432	snRNA
TUB	MN_vs_PAT_adj	GSE133288-GPL19983	PODO	47	-0.2499807288112544	-2.5412220396886434	snRNA
TUB	MN_vs_PAT_adj	GSE133288-GPL19983	PEC	48	-0.05762025315093389	-0.32731819311955107	snRNA
TUB	MN_vs_PAT_adj	GSE133288-GPL19983	ENDO	47	-0.11317733025209376	-0.9729199041653077	snRNA
TUB	MN_vs_PAT_adj	GSE133288-GPL19983	ENDO_PT	49	-0.09729333966904297	-0.8157493670996938	snRNA
TUB	MN_vs_PAT_adj	GSE133288-GPL19983	MES	49	-0.011080644208165229	0.26482160440826424	snRNA
TUB	MN_vs_PAT_adj	GSE133288-GPL19983	STROMA	49	0.07615268319873443	1.2858254040477097	snRNA
TUB	MN_vs_PAT_adj	GSE133288-GPL19983	PERI	49	0.12850089515887492	1.9058197386453855	snRNA
TUB	MN_vs_PAT_adj	GSE133288-GPL19983	BCELL	44	-0.017426924923770553	0.15275481660559684	snRNA
TUB	MN_vs_PAT_adj	GSE133288-GPL19983	TCELL	48	0.05837959240818808	1.0254211389134138	snRNA
TUB	MN_vs_PAT_adj	GSE133288-GPL19983	MAC	49	0.15376490556490516	2.170173385009277	snRNA
TUB	MN_vs_PAT_adj	GSE133288-GPL19983	DC	49	-0.04263990676432183	-0.11772341470341931	snRNA
TUB	MN_vs_PAT_adj	GSE133288-GPL19983	MAST	24	-0.0707322348531811	-0.31013631485662113	snRNA
TUB	MN_vs_PAT_adj	GSE182380-RNAseq	PT	30	0.16240497136682194	4.484727068445947	snRNA
TUB	MN_vs_PAT_adj	GSE182380-RNAseq	PT_injured	27	0.166017588731979	4.243017295830573	snRNA
TUB	MN_vs_PAT_adj	GSE182380-RNAseq	LOH	39	0.04736482683574392	1.379065598113032	snRNA
TUB	MN_vs_PAT_adj	GSE182380-RNAseq	DCT	41	-0.02802787627774056	-1.1113650432149227	snRNA
TUB	MN_vs_PAT_adj	GSE182380-RNAseq	CNT_PC	39	-0.04061222237280896	-1.553614609478699	snRNA
TUB	MN_vs_PAT_adj	GSE182380-RNAseq	IC	41	-0.13143602190202872	-4.440304052501791	snRNA
TUB	MN_vs_PAT_adj	GSE182380-RNAseq	PODO	38	0.12179447498290462	3.710742846596876	snRNA
TUB	MN_vs_PAT_adj	GSE182380-RNAseq	PEC	42	0.032717560977208494	0.9261211291414948	snRNA
TUB	MN_vs_PAT_adj	GSE182380-RNAseq	ENDO	41	-0.06035255667894358	-2.1368229729219195	snRNA
TUB	MN_vs_PAT_adj	GSE182380-RNAseq	ENDO_PT	48	-0.07305732026575378	-2.767441636487172	snRNA
TUB	MN_vs_PAT_adj	GSE182380-RNAseq	MES	46	0.01765209865462856	0.4190891613416056	snRNA
TUB	MN_vs_PAT_adj	GSE182380-RNAseq	STROMA	49	-0.08735865679819628	-3.3778451491864088	snRNA
TUB	MN_vs_PAT_adj	GSE182380-RNAseq	PERI	46	-0.02480787099452898	-1.1108311454253728	snRNA
TUB	MN_vs_PAT_adj	GSE182380-RNAseq	BCELL	29	-0.19279787235875576	-5.685392847730767	snRNA
TUB	MN_vs_PAT_adj	GSE182380-RNAseq	TCELL	41	-0.23205492568997763	-7.688974590854093	snRNA
TUB	MN_vs_PAT_adj	GSE182380-RNAseq	MAC	46	-0.011546752984789702	-0.607199265827494	snRNA
TUB	MN_vs_PAT_adj	GSE182380-RNAseq	DC	47	-0.1694808496077997	-6.057840073154824	snRNA
TUB	MN_vs_PAT_adj	GSE182380-RNAseq	MAST	25	-0.1493856101690571	-3.9461315967465107	snRNA
TUB	MN_vs_PAT_adj	META	PT	40	0.16064225566210014	4.0989580167699335	snRNA
TUB	MN_vs_PAT_adj	META	PT_injured	29	0.05290600897921914	1.0817888880141853	snRNA
TUB	MN_vs_PAT_adj	META	LOH	44	0.08082122170057565	2.168734688512671	snRNA
TUB	MN_vs_PAT_adj	META	DCT	46	0.07031478610175554	1.9011768481328206	snRNA
TUB	MN_vs_PAT_adj	META	CNT_PC	46	-0.039561916440334986	-1.3305078439347389	snRNA
TUB	MN_vs_PAT_adj	META	IC	47	-0.07891329740023312	-2.4828462486312155	snRNA
TUB	MN_vs_PAT_adj	META	PODO	47	-0.01616920285988165	-0.6452584830223764	snRNA
TUB	MN_vs_PAT_adj	META	PEC	48	-0.012113168827041243	-0.5380657620297246	snRNA
TUB	MN_vs_PAT_adj	META	ENDO	47	-0.0648655627061003	-2.0303295711952107	snRNA
TUB	MN_vs_PAT_adj	META	ENDO_PT	50	-0.033814075462532456	-1.2954665915920285	snRNA
TUB	MN_vs_PAT_adj	META	MES	49	0.018365838116776577	0.37816118748968197	snRNA
TUB	MN_vs_PAT_adj	META	STROMA	50	-0.012855398091559252	-0.5023724329547973	snRNA
TUB	MN_vs_PAT_adj	META	PERI	49	0.058962671311826934	1.5909539735423763	snRNA
TUB	MN_vs_PAT_adj	META	BCELL	46	-0.11359805773519281	-3.487655927457103	snRNA
TUB	MN_vs_PAT_adj	META	TCELL	49	-0.10721062650034774	-3.403191768681394	snRNA
TUB	MN_vs_PAT_adj	META	MAC	50	-0.019702305562048387	-0.7281047598834489	snRNA
TUB	MN_vs_PAT_adj	META	DC	49	-0.15078554238262817	-4.511484654948084	snRNA
TUB	MN_vs_PAT_adj	META	MAST	25	-0.12023017872929122	-2.623187670718736	snRNA
TUB	RPGN_vs_PAT	ERCB_TUB_H7	PT	15	-0.6911916002631188	-3.993248089411227	snRNA
TUB	RPGN_vs_PAT	ERCB_TUB_H7	PT_injured	11	-0.014129375869577581	0.21028398897414186	snRNA
TUB	RPGN_vs_PAT	ERCB_TUB_H7	LOH	26	-0.3799241721056975	-2.728966814644707	snRNA
TUB	RPGN_vs_PAT	ERCB_TUB_H7	DCT	22	-0.3742013417861678	-2.3744994000675743	snRNA
TUB	RPGN_vs_PAT	ERCB_TUB_H7	CNT_PC	28	-0.3307687608259065	-2.2857085218420883	snRNA
TUB	RPGN_vs_PAT	ERCB_TUB_H7	IC	19	0.12787506690150813	1.3543662473134817	snRNA
TUB	RPGN_vs_PAT	ERCB_TUB_H7	PODO	23	0.22080228801654733	2.1413572443837774	snRNA
TUB	RPGN_vs_PAT	ERCB_TUB_H7	PEC	21	0.19596806168556213	1.882945774209187	snRNA
TUB	RPGN_vs_PAT	ERCB_TUB_H7	ENDO	28	-0.3187114072830549	-2.2824770559432475	snRNA
TUB	RPGN_vs_PAT	ERCB_TUB_H7	ENDO_PT	31	-0.3414727376113015	-2.610721361875828	snRNA
TUB	RPGN_vs_PAT	ERCB_TUB_H7	MES	36	-0.14623343416800103	-0.8156088242274768	snRNA
TUB	RPGN_vs_PAT	ERCB_TUB_H7	STROMA	41	-0.18103651002776333	-1.2415664402090976	snRNA
TUB	RPGN_vs_PAT	ERCB_TUB_H7	PERI	35	-0.28409810334311	-2.2508227796468643	snRNA
TUB	RPGN_vs_PAT	ERCB_TUB_H7	BCELL	24	0.08961625898761365	1.164005848527567	snRNA
TUB	RPGN_vs_PAT	ERCB_TUB_H7	TCELL	36	0.40817852698576945	4.688408204368828	snRNA
TUB	RPGN_vs_PAT	ERCB_TUB_H7	MAC	32	0.5708747422322631	5.733235048984599	snRNA
TUB	RPGN_vs_PAT	ERCB_TUB_H7	DC	27	0.2293141152433775	2.558234458351788	snRNA
TUB	RPGN_vs_PAT	ERCB_TUB_H7	MAST	20	-0.29471990671008824	-1.6781629465439383	snRNA
TUB	RPGN_vs_PAT	GSE108112-GPL19983	PT	40	-0.11837787614203987	-6.836193575024869	snRNA
TUB	RPGN_vs_PAT	GSE108112-GPL19983	PT_injured	29	-0.09086152130802126	-4.561928699126551	snRNA
TUB	RPGN_vs_PAT	GSE108112-GPL19983	LOH	44	-0.03468532419819066	-2.275644374375642	snRNA
TUB	RPGN_vs_PAT	GSE108112-GPL19983	DCT	46	0.010836619767360379	0.4228780501025647	snRNA
TUB	RPGN_vs_PAT	GSE108112-GPL19983	CNT_PC	46	0.010628623429827568	0.4930644387258157	snRNA
TUB	RPGN_vs_PAT	GSE108112-GPL19983	IC	47	-0.00015685692809750884	-0.234858326750222	snRNA
TUB	RPGN_vs_PAT	GSE108112-GPL19983	PODO	47	0.04153637050779812	2.2989896162014563	snRNA
TUB	RPGN_vs_PAT	GSE108112-GPL19983	PEC	48	-0.015254806348821143	-1.2246445684746943	snRNA
TUB	RPGN_vs_PAT	GSE108112-GPL19983	ENDO	47	-0.049171228162409285	-3.3650300927136025	snRNA
TUB	RPGN_vs_PAT	GSE108112-GPL19983	ENDO_PT	49	-0.020181973759389044	-1.4163969933427047	snRNA
TUB	RPGN_vs_PAT	GSE108112-GPL19983	MES	49	-0.002077521333394913	-0.3857162399733725	snRNA
TUB	RPGN_vs_PAT	GSE108112-GPL19983	STROMA	49	0.008163206213942663	0.30255680021237036	snRNA
TUB	RPGN_vs_PAT	GSE108112-GPL19983	PERI	49	-0.054240510623179826	-3.6268628441476087	snRNA
TUB	RPGN_vs_PAT	GSE108112-GPL19983	BCELL	44	0.06718927338211372	3.7150439859532502	snRNA
TUB	RPGN_vs_PAT	GSE108112-GPL19983	TCELL	48	0.09224575126912286	5.610959551269935	snRNA
TUB	RPGN_vs_PAT	GSE108112-GPL19983	MAC	49	0.0711111516211531	4.340196926579212	snRNA
TUB	RPGN_vs_PAT	GSE108112-GPL19983	DC	49	0.07430122987063105	4.459587237593523	snRNA
TUB	RPGN_vs_PAT	GSE108112-GPL19983	MAST	24	-0.0002581882290542201	-0.20146758369192574	snRNA
TUB	RPGN_vs_PAT	META	PT	40	-0.22028013489907608	-5.350720447421949	snRNA
TUB	RPGN_vs_PAT	META	PT_injured	29	-0.08141873645242943	-1.5313861757972624	snRNA
TUB	RPGN_vs_PAT	META	LOH	44	-0.14405665229589262	-3.666106013633188	snRNA
TUB	RPGN_vs_PAT	META	DCT	46	-0.07928721531567609	-1.7366299075038198	snRNA
TUB	RPGN_vs_PAT	META	CNT_PC	46	-0.09382437073003055	-2.145296094130369	snRNA
TUB	RPGN_vs_PAT	META	IC	47	0.022017542918353884	0.9436554085481579	snRNA
TUB	RPGN_vs_PAT	META	PODO	47	0.08944631483965612	2.8481964043317576	snRNA
TUB	RPGN_vs_PAT	META	PEC	48	0.019338137504140235	0.9972143831197874	snRNA
TUB	RPGN_vs_PAT	META	ENDO	47	-0.13080848388106342	-3.225099679033556	snRNA
TUB	RPGN_vs_PAT	META	ENDO_PT	49	-0.12552176590305658	-3.14731593131334	snRNA
TUB	RPGN_vs_PAT	META	MES	49	-0.05568233061800426	-1.193656841000386	snRNA
TUB	RPGN_vs_PAT	META	STROMA	49	-0.07345019171563243	-1.726873802393359	snRNA
TUB	RPGN_vs_PAT	META	PERI	49	-0.13482993362918116	-3.4773628802844843	snRNA
TUB	RPGN_vs_PAT	META	BCELL	45	0.07018863048870114	2.3009087589271227	snRNA
TUB	RPGN_vs_PAT	META	TCELL	49	0.2148729534059459	6.413934649782061	snRNA
TUB	RPGN_vs_PAT	META	MAC	49	0.22655450432745167	6.7457984720106845	snRNA
TUB	RPGN_vs_PAT	META	DC	49	0.11205523763308112	3.5074480431951187	snRNA
TUB	RPGN_vs_PAT	META	MAST	25	-0.12527906721457838	-2.2041059148446465	snRNA
TUB	RPGN_vs_PAT_adj	ERCB_TUB_H7	PT	15	-0.3750021006128717	-2.672836338184448	snRNA
TUB	RPGN_vs_PAT_adj	ERCB_TUB_H7	PT_injured	11	0.11529387477450627	0.934982512346886	snRNA
TUB	RPGN_vs_PAT_adj	ERCB_TUB_H7	LOH	26	-0.34231965367208694	-3.279361587865176	snRNA
TUB	RPGN_vs_PAT_adj	ERCB_TUB_H7	DCT	22	-0.19694366215106737	-1.6990483439493553	snRNA
TUB	RPGN_vs_PAT_adj	ERCB_TUB_H7	CNT_PC	28	-0.27936849276304726	-2.7457007207318163	snRNA
TUB	RPGN_vs_PAT_adj	ERCB_TUB_H7	IC	19	0.20396106020968346	2.053530274914864	snRNA
TUB	RPGN_vs_PAT_adj	ERCB_TUB_H7	PODO	23	0.3449304079279932	3.5663977806196914	snRNA
TUB	RPGN_vs_PAT_adj	ERCB_TUB_H7	PEC	21	0.135876941772707	1.4848466523603345	snRNA
TUB	RPGN_vs_PAT_adj	ERCB_TUB_H7	ENDO	28	-0.23918025975650095	-2.2261285753261735	snRNA
TUB	RPGN_vs_PAT_adj	ERCB_TUB_H7	ENDO_PT	31	-0.2715829979761965	-2.7515517723639293	snRNA
TUB	RPGN_vs_PAT_adj	ERCB_TUB_H7	MES	36	-0.1381409936262351	-1.3273684783535227	snRNA
TUB	RPGN_vs_PAT_adj	ERCB_TUB_H7	STROMA	41	-0.3934704299071293	-4.851713444086636	snRNA
TUB	RPGN_vs_PAT_adj	ERCB_TUB_H7	PERI	35	-0.2185813802925694	-2.2314691609434902	snRNA
TUB	RPGN_vs_PAT_adj	ERCB_TUB_H7	BCELL	24	-0.006684675160242556	0.1910601231649071	snRNA
TUB	RPGN_vs_PAT_adj	ERCB_TUB_H7	TCELL	36	0.2017077271380573	2.673906466260895	snRNA
TUB	RPGN_vs_PAT_adj	ERCB_TUB_H7	MAC	32	0.41444855979149997	4.921857350852556	snRNA
TUB	RPGN_vs_PAT_adj	ERCB_TUB_H7	DC	27	0.020549253110072902	0.4903138423117548	snRNA
TUB	RPGN_vs_PAT_adj	ERCB_TUB_H7	MAST	20	-0.3812589639329816	-3.103904531120096	snRNA
TUB	RPGN_vs_PAT_adj	GSE108112-GPL19983	PT	40	-0.12402180176392563	-7.569470516192295	snRNA
TUB	RPGN_vs_PAT_adj	GSE108112-GPL19983	PT_injured	29	-0.09410482693380605	-4.536937628403605	snRNA
TUB	RPGN_vs_PAT_adj	GSE108112-GPL19983	LOH	44	-0.035699809177046404	-2.362522858802647	snRNA
TUB	RPGN_vs_PAT_adj	GSE108112-GPL19983	DCT	46	0.008649542195240978	0.29002357662976874	snRNA
TUB	RPGN_vs_PAT_adj	GSE108112-GPL19983	CNT_PC	46	0.008317959732601483	0.30234782832001833	snRNA
TUB	RPGN_vs_PAT_adj	GSE108112-GPL19983	IC	47	-0.0032692374195482086	-0.3981283416681327	snRNA
TUB	RPGN_vs_PAT_adj	GSE108112-GPL19983	PODO	47	0.0386116144694698	2.159063826760814	snRNA
TUB	RPGN_vs_PAT_adj	GSE108112-GPL19983	PEC	48	-0.013783955664995422	-1.0711250348013681	snRNA
TUB	RPGN_vs_PAT_adj	GSE108112-GPL19983	ENDO	47	-0.05007402685165646	-3.2233515343597983	snRNA
TUB	RPGN_vs_PAT_adj	GSE108112-GPL19983	ENDO_PT	49	-0.021520782519580287	-1.5307237930358173	snRNA
TUB	RPGN_vs_PAT_adj	GSE108112-GPL19983	MES	49	-0.0009997919704690334	-0.2358556516110514	snRNA
TUB	RPGN_vs_PAT_adj	GSE108112-GPL19983	STROMA	49	0.012984829034266402	0.602731097027783	snRNA
TUB	RPGN_vs_PAT_adj	GSE108112-GPL19983	PERI	49	-0.05438658247969962	-3.5467077117396153	snRNA
TUB	RPGN_vs_PAT_adj	GSE108112-GPL19983	BCELL	44	0.07467711281295535	4.186767720448631	snRNA
TUB	RPGN_vs_PAT_adj	GSE108112-GPL19983	TCELL	48	0.10206182237166728	6.175778252016287	snRNA
TUB	RPGN_vs_PAT_adj	GSE108112-GPL19983	MAC	49	0.0769078923891697	4.509045688883941	snRNA
TUB	RPGN_vs_PAT_adj	GSE108112-GPL19983	DC	49	0.0827176169043038	4.88597283766134	snRNA
TUB	RPGN_vs_PAT_adj	GSE108112-GPL19983	MAST	24	0.003725445301075027	-0.009715072202959292	snRNA
TUB	RPGN_vs_PAT_adj	META	PT	40	-0.1647346987024994	-5.00730885498323	snRNA
TUB	RPGN_vs_PAT_adj	META	PT_injured	29	-0.060004590736834056	-1.416855622335498	snRNA
TUB	RPGN_vs_PAT_adj	META	LOH	44	-0.13398202790490357	-4.083405140132775	snRNA
TUB	RPGN_vs_PAT_adj	META	DCT	46	-0.038555962979703776	-1.1158071244305445	snRNA
TUB	RPGN_vs_PAT_adj	META	CNT_PC	46	-0.07976793263414002	-2.4574305133085703	snRNA
TUB	RPGN_vs_PAT_adj	META	IC	47	0.034849409626172265	1.3877192025642946	snRNA
TUB	RPGN_vs_PAT_adj	META	PODO	47	0.1176006144882669	4.182323606495286	snRNA
TUB	RPGN_vs_PAT_adj	META	PEC	48	0.006944649667166972	0.391845242906708	snRNA
TUB	RPGN_vs_PAT_adj	META	ENDO	47	-0.10792533927034763	-3.5804790365497516	snRNA
TUB	RPGN_vs_PAT_adj	META	ENDO_PT	49	-0.10455310492670346	-3.4544808216239655	snRNA
TUB	RPGN_vs_PAT_adj	META	MES	49	-0.0521108733051439	-1.6280107474450638	snRNA
TUB	RPGN_vs_PAT_adj	META	STROMA	49	-0.15972481819070766	-5.270097163199143	snRNA
TUB	RPGN_vs_PAT_adj	META	PERI	49	-0.1116095878208452	-3.711285382339003	snRNA
TUB	RPGN_vs_PAT_adj	META	BCELL	45	0.045982738380751106	1.6984264092287296	snRNA
TUB	RPGN_vs_PAT_adj	META	TCELL	49	0.14095360128800155	5.101800553162248	snRNA
TUB	RPGN_vs_PAT_adj	META	MAC	49	0.17938586001482895	6.235525247146739	snRNA
TUB	RPGN_vs_PAT_adj	META	DC	49	0.06027408117853896	2.2558329048178623	snRNA
TUB	RPGN_vs_PAT_adj	META	MAST	25	-0.15905111796567523	-3.7638188031413877	snRNA
TUB	SHARED	ERCB_TUB_H1	PT	15	-0.19693444867928822	-0.6828887018468106	snRNA
TUB	SHARED	ERCB_TUB_H1	PT_injured	11	0.40859105437994003	0.8166730456704935	snRNA
TUB	SHARED	ERCB_TUB_H1	LOH	24	-0.004985849605873227	-0.23622771511259008	snRNA
TUB	SHARED	ERCB_TUB_H1	DCT	22	-0.4457447481426326	-1.6057826472432297	snRNA
TUB	SHARED	ERCB_TUB_H1	CNT_PC	26	-0.6706462152875386	-2.5471726157517693	snRNA
TUB	SHARED	ERCB_TUB_H1	IC	18	-0.24924921071700132	-0.8732355462478315	snRNA
TUB	SHARED	ERCB_TUB_H1	PODO	22	-0.5860987690870058	-2.159219688746907	snRNA
TUB	SHARED	ERCB_TUB_H1	PEC	21	-0.3031410702637264	-1.090202870531153	snRNA
TUB	SHARED	ERCB_TUB_H1	ENDO	26	-0.20355844067839476	-0.8597250665562532	snRNA
TUB	SHARED	ERCB_TUB_H1	ENDO_PT	28	-0.5299664402347324	-2.204240470272248	snRNA
TUB	SHARED	ERCB_TUB_H1	MES	35	-0.1847156428865024	-0.9386075425050546	snRNA
TUB	SHARED	ERCB_TUB_H1	STROMA	40	0.44306125255534423	1.6525446879021004	snRNA
TUB	SHARED	ERCB_TUB_H1	PERI	34	-0.7252668401856414	-3.0798461080176827	snRNA
TUB	SHARED	ERCB_TUB_H1	BCELL	24	-0.7419402015705904	-2.6619528413010993	snRNA
TUB	SHARED	ERCB_TUB_H1	TCELL	36	-0.4459721314617329	-2.10958626886442	snRNA
TUB	SHARED	ERCB_TUB_H1	MAC	32	-0.3395599484210834	-1.4412746904290696	snRNA
TUB	SHARED	ERCB_TUB_H1	DC	26	-0.08704144018702209	-0.5366434906437987	snRNA
TUB	SHARED	ERCB_TUB_H1	MAST	18	-0.45436426086558235	-1.519825104280478	snRNA
TUB	SHARED	ERCB_TUB_H7	PT	15	-0.8726208418607712	-3.8268228502363897	snRNA
TUB	SHARED	ERCB_TUB_H7	PT_injured	11	0.19583452696149994	0.9538989995344551	snRNA
TUB	SHARED	ERCB_TUB_H7	LOH	26	-0.1565367735635776	-0.6780793276655919	snRNA
TUB	SHARED	ERCB_TUB_H7	DCT	22	-0.7825595269149	-3.978592597874532	snRNA
TUB	SHARED	ERCB_TUB_H7	CNT_PC	28	-0.25957568528662833	-1.2598523858098076	snRNA
TUB	SHARED	ERCB_TUB_H7	IC	19	-0.20160482196431412	-0.8010140590298913	snRNA
TUB	SHARED	ERCB_TUB_H7	PODO	23	-1.3714652774126634	-7.350185315145887	snRNA
TUB	SHARED	ERCB_TUB_H7	PEC	21	0.006864427455834001	0.24694419397409706	snRNA
TUB	SHARED	ERCB_TUB_H7	ENDO	28	-0.2429405264556408	-1.2270104700166744	snRNA
TUB	SHARED	ERCB_TUB_H7	ENDO_PT	31	-0.23231821828672	-1.2107535833237633	snRNA
TUB	SHARED	ERCB_TUB_H7	MES	36	-0.2002246214995264	-1.0620389686647456	snRNA
TUB	SHARED	ERCB_TUB_H7	STROMA	41	-0.05079375516350677	-0.0013771383349926835	snRNA
TUB	SHARED	ERCB_TUB_H7	PERI	35	-0.1636122163651245	-0.8795023916277428	snRNA
TUB	SHARED	ERCB_TUB_H7	BCELL	24	0.11152951869492729	0.9274408014579071	snRNA
TUB	SHARED	ERCB_TUB_H7	TCELL	36	0.4266331090281407	3.422612727363129	snRNA
TUB	SHARED	ERCB_TUB_H7	MAC	32	0.4579204138717614	3.3207034684573777	snRNA
TUB	SHARED	ERCB_TUB_H7	DC	27	0.3885287656966183	2.5588386266299636	snRNA
TUB	SHARED	ERCB_TUB_H7	MAST	20	-0.06378945522010326	-0.12392804792384271	snRNA
TUB	SHARED	GSE108112-GPL19983	PT	40	-0.4081778425723314	-3.664827884825622	snRNA
TUB	SHARED	GSE108112-GPL19983	PT_injured	29	-0.05055798831042544	-0.41099979113927154	snRNA
TUB	SHARED	GSE108112-GPL19983	LOH	44	-0.27083590194921603	-2.7235445122296054	snRNA
TUB	SHARED	GSE108112-GPL19983	DCT	46	-0.7375121821203957	-7.249307090910355	snRNA
TUB	SHARED	GSE108112-GPL19983	CNT_PC	46	-0.03872091922423114	-0.5183117487821524	snRNA
TUB	SHARED	GSE108112-GPL19983	IC	47	-0.30251841815782987	-3.0289238206008613	snRNA
TUB	SHARED	GSE108112-GPL19983	PODO	47	-0.48712396526590307	-5.113086538191455	snRNA
TUB	SHARED	GSE108112-GPL19983	PEC	48	0.13219936199796697	1.285289596777842	snRNA
TUB	SHARED	GSE108112-GPL19983	ENDO	47	0.15510981011964836	1.4140335824279553	snRNA
TUB	SHARED	GSE108112-GPL19983	ENDO_PT	49	0.2991436942461498	2.886424204587092	snRNA
TUB	SHARED	GSE108112-GPL19983	MES	49	-0.01867856770547163	-0.32952027625427543	snRNA
TUB	SHARED	GSE108112-GPL19983	STROMA	49	0.4046872644019978	3.8726778398745036	snRNA
TUB	SHARED	GSE108112-GPL19983	PERI	49	0.29536708506247106	2.9845110833763555	snRNA
TUB	SHARED	GSE108112-GPL19983	BCELL	44	0.3039414546325464	2.7425601697058335	snRNA
TUB	SHARED	GSE108112-GPL19983	TCELL	48	0.47266487797120743	4.53072561471761	snRNA
TUB	SHARED	GSE108112-GPL19983	MAC	49	0.2975022306770314	2.830785598628027	snRNA
TUB	SHARED	GSE108112-GPL19983	DC	49	0.31844659324507324	3.2023936483828703	snRNA
TUB	SHARED	GSE108112-GPL19983	MAST	24	0.0009123908045391335	-0.05133172788148456	snRNA
TUB	SHARED	GSE175759-RNAseq	PT	48	-0.04861548737001916	-0.4014940325889576	snRNA
TUB	SHARED	GSE175759-RNAseq	PT_injured	32	0.06990897745708935	1.1375002946391983	snRNA
TUB	SHARED	GSE175759-RNAseq	LOH	50	-0.06951613869983701	-0.6622972220531944	snRNA
TUB	SHARED	GSE175759-RNAseq	DCT	50	-0.3313389921374619	-4.728972930634404	snRNA
TUB	SHARED	GSE175759-RNAseq	CNT_PC	50	-0.36298951882869007	-4.951317368594413	snRNA
TUB	SHARED	GSE175759-RNAseq	IC	50	-0.47133722650352866	-6.905482456520832	snRNA
TUB	SHARED	GSE175759-RNAseq	PODO	50	-0.4699634672701359	-6.854098719292309	snRNA
TUB	SHARED	GSE175759-RNAseq	PEC	50	0.17966534432023765	2.9566628194979323	snRNA
TUB	SHARED	GSE175759-RNAseq	ENDO	50	-0.23149801248218865	-2.973151030294294	snRNA
TUB	SHARED	GSE175759-RNAseq	ENDO_PT	50	-0.17386712542269378	-2.261790821953674	snRNA
TUB	SHARED	GSE175759-RNAseq	MES	50	0.337719624619931	5.643645963701377	snRNA
TUB	SHARED	GSE175759-RNAseq	STROMA	50	0.8792518933117389	13.721158010041508	snRNA
TUB	SHARED	GSE175759-RNAseq	PERI	50	-0.0880424601584673	-0.9435933734759275	snRNA
TUB	SHARED	GSE175759-RNAseq	BCELL	50	0.5181051881611347	8.431926205677055	snRNA
TUB	SHARED	GSE175759-RNAseq	TCELL	50	0.5155730648338794	8.162044041861895	snRNA
TUB	SHARED	GSE175759-RNAseq	MAC	50	0.4596725131943822	7.139015818043749	snRNA
TUB	SHARED	GSE175759-RNAseq	DC	50	0.4644181438907981	7.332379959455437	snRNA
TUB	SHARED	GSE175759-RNAseq	MAST	25	0.37737548125907777	4.1240039675452245	snRNA
TUB	SHARED	META	PT	48	-0.24581201221250618	-3.1289330373320006	snRNA
TUB	SHARED	META	PT_injured	32	0.02917013188562123	0.7769351140111357	snRNA
TUB	SHARED	META	LOH	50	-0.13486860140847662	-1.4518304141843792	snRNA
TUB	SHARED	META	DCT	50	-0.5155488031450659	-7.171459844361294	snRNA
TUB	SHARED	META	CNT_PC	50	-0.3294761667555819	-4.546450480441093	snRNA
TUB	SHARED	META	IC	50	-0.3768399213004159	-5.029485305497542	snRNA
TUB	SHARED	META	PODO	50	-0.5764798152601968	-8.432236980189744	snRNA
TUB	SHARED	META	PEC	50	0.07173512997105717	1.6564158074017745	snRNA
TUB	SHARED	META	ENDO	50	-0.1365467105844194	-1.4935451293703548	snRNA
TUB	SHARED	META	ENDO_PT	50	-0.08251101157123532	-0.7877013337777318	snRNA
TUB	SHARED	META	MES	50	0.04221517758778646	1.2212920394238096	snRNA
TUB	SHARED	META	STROMA	50	0.4461842115991749	7.370715982418677	snRNA
TUB	SHARED	META	PERI	50	-0.10686210836002524	-1.0624333477676025	snRNA
TUB	SHARED	META	BCELL	50	0.26651575457149496	4.713037077746083	snRNA
TUB	SHARED	META	TCELL	50	0.2840570329669087	4.8742215306829	snRNA
TUB	SHARED	META	MAC	50	0.2997223515936639	4.994251171405831	snRNA
TUB	SHARED	META	DC	50	0.29381299056345594	5.038048663599736	snRNA
TUB	SHARED	META	MAST	25	0.032370922349703804	0.7847396455475	snRNA
GLOM	DKD_vs_CTRL	ERCB_GLOM_H1	PT	16	-1.048831074964255	-3.960291255182216	snRNA_endosplit
GLOM	DKD_vs_CTRL	ERCB_GLOM_H1	PT_injured	12	-0.5956624140962958	-1.8689970069746957	snRNA_endosplit
GLOM	DKD_vs_CTRL	ERCB_GLOM_H1	LOH	24	-0.13405698941399655	-0.3456714436894233	snRNA_endosplit
GLOM	DKD_vs_CTRL	ERCB_GLOM_H1	DCT	22	-0.23643676524939525	-0.7937822535201753	snRNA_endosplit
GLOM	DKD_vs_CTRL	ERCB_GLOM_H1	CNT_PC	26	-0.334240902788364	-1.3623844816242174	snRNA_endosplit
GLOM	DKD_vs_CTRL	ERCB_GLOM_H1	IC	18	-0.5828373299704658	-2.260034271739278	snRNA_endosplit
GLOM	DKD_vs_CTRL	ERCB_GLOM_H1	PODO	22	-1.6009844266809523	-7.706677746736552	snRNA_endosplit
GLOM	DKD_vs_CTRL	ERCB_GLOM_H1	PEC	22	-0.23167124991728502	-0.7782896581192787	snRNA_endosplit
GLOM	DKD_vs_CTRL	ERCB_GLOM_H1	ENDO_PT	32	0.4669845693279058	3.2421859202729095	snRNA_endosplit
GLOM	DKD_vs_CTRL	ERCB_GLOM_H1	MES	36	0.2843060044526485	2.2805128596046127	snRNA_endosplit
GLOM	DKD_vs_CTRL	ERCB_GLOM_H1	STROMA	40	0.8096684717573226	5.882473011827924	snRNA_endosplit
GLOM	DKD_vs_CTRL	ERCB_GLOM_H1	PERI	33	0.20857128636403519	1.6568752697556568	snRNA_endosplit
GLOM	DKD_vs_CTRL	ERCB_GLOM_H1	BCELL	25	-0.056988298892974854	0.1326796033105967	snRNA_endosplit
GLOM	DKD_vs_CTRL	ERCB_GLOM_H1	TCELL	36	0.1782226450741291	1.5163677351055358	snRNA_endosplit
GLOM	DKD_vs_CTRL	ERCB_GLOM_H1	MAC	32	0.9357170242874417	5.96214282283031	snRNA_endosplit
GLOM	DKD_vs_CTRL	ERCB_GLOM_H1	DC	26	0.5422449043880289	3.229031644046311	snRNA_endosplit
GLOM	DKD_vs_CTRL	ERCB_GLOM_H1	MAST	18	-0.12396454686919849	-0.22825126949710678	snRNA_endosplit
GLOM	DKD_vs_CTRL	ERCB_GLOM_H1	ENDO_GC	25	0.34839378952980044	2.1323874467832864	snRNA_endosplit
GLOM	DKD_vs_CTRL	ERCB_GLOM_H1	ENDO_ART	30	0.5677661469827096	3.529233270322659	snRNA_endosplit
GLOM	DKD_vs_CTRL	ERCB_GLOM_H7	PT	16	-1.292052173987031	-3.766278075174436	snRNA_endosplit
GLOM	DKD_vs_CTRL	ERCB_GLOM_H7	PT_injured	12	-0.2472906187176704	-0.40440506665900655	snRNA_endosplit
GLOM	DKD_vs_CTRL	ERCB_GLOM_H7	LOH	24	0.36270684904108447	1.7908775289122174	snRNA_endosplit
GLOM	DKD_vs_CTRL	ERCB_GLOM_H7	DCT	22	-0.7278062667359005	-2.4071073720960263	snRNA_endosplit
GLOM	DKD_vs_CTRL	ERCB_GLOM_H7	CNT_PC	26	-0.3133179614177117	-0.909114739430689	snRNA_endosplit
GLOM	DKD_vs_CTRL	ERCB_GLOM_H7	IC	18	-0.5951338294479582	-1.7751557618605383	snRNA_endosplit
GLOM	DKD_vs_CTRL	ERCB_GLOM_H7	PODO	22	-1.2835073043137195	-4.697407416512148	snRNA_endosplit
GLOM	DKD_vs_CTRL	ERCB_GLOM_H7	PEC	22	0.40468250621448865	1.836339842706741	snRNA_endosplit
GLOM	DKD_vs_CTRL	ERCB_GLOM_H7	ENDO_PT	32	0.09819607390090823	0.8654694347939494	snRNA_endosplit
GLOM	DKD_vs_CTRL	ERCB_GLOM_H7	MES	36	0.46816642137451303	2.74946793089803	snRNA_endosplit
GLOM	DKD_vs_CTRL	ERCB_GLOM_H7	STROMA	40	1.0972008216078393	6.097288540048323	snRNA_endosplit
GLOM	DKD_vs_CTRL	ERCB_GLOM_H7	PERI	33	1.0273301350799473	5.2591139940641565	snRNA_endosplit
GLOM	DKD_vs_CTRL	ERCB_GLOM_H7	BCELL	25	0.3647530108690262	1.8427965522396805	snRNA_endosplit
GLOM	DKD_vs_CTRL	ERCB_GLOM_H7	TCELL	36	0.9331879974730933	4.882060858317953	snRNA_endosplit
GLOM	DKD_vs_CTRL	ERCB_GLOM_H7	MAC	32	1.3827919361647218	6.843977227787304	snRNA_endosplit
GLOM	DKD_vs_CTRL	ERCB_GLOM_H7	DC	26	1.3385150214800468	5.959426275348991	snRNA_endosplit
GLOM	DKD_vs_CTRL	ERCB_GLOM_H7	MAST	18	0.7844869941473007	3.066575958428305	snRNA_endosplit
GLOM	DKD_vs_CTRL	ERCB_GLOM_H7	ENDO_GC	25	-0.8907118302583694	-3.2387948121118275	snRNA_endosplit
GLOM	DKD_vs_CTRL	ERCB_GLOM_H7	ENDO_ART	30	0.6015933128694694	3.0504127778163954	snRNA_endosplit
GLOM	DKD_vs_CTRL	GSE96804-GPL17586	PT	32	-0.8521726366307121	-5.903895905743773	snRNA_endosplit
GLOM	DKD_vs_CTRL	GSE96804-GPL17586	PT_injured	27	-0.6003221345168573	-3.7305878736085227	snRNA_endosplit
GLOM	DKD_vs_CTRL	GSE96804-GPL17586	LOH	42	-0.19663575947994277	-1.7849560502612165	snRNA_endosplit
GLOM	DKD_vs_CTRL	GSE96804-GPL17586	DCT	42	-0.34918772109917234	-2.8929536061314476	snRNA_endosplit
GLOM	DKD_vs_CTRL	GSE96804-GPL17586	CNT_PC	45	-0.021419244425164335	-0.3614442431699087	snRNA_endosplit
GLOM	DKD_vs_CTRL	GSE96804-GPL17586	IC	45	-0.221708823988835	-1.9170475893530468	snRNA_endosplit
GLOM	DKD_vs_CTRL	GSE96804-GPL17586	PODO	40	-0.7643154460005462	-6.088977418264767	snRNA_endosplit
GLOM	DKD_vs_CTRL	GSE96804-GPL17586	PEC	42	0.4413060982755962	3.226042607007009	snRNA_endosplit
GLOM	DKD_vs_CTRL	GSE96804-GPL17586	ENDO_PT	46	0.029382603303731766	0.04092694327706149	snRNA_endosplit
GLOM	DKD_vs_CTRL	GSE96804-GPL17586	MES	47	0.13995189296993168	0.980955487756102	snRNA_endosplit
GLOM	DKD_vs_CTRL	GSE96804-GPL17586	STROMA	48	1.000289447295169	8.2537220642461	snRNA_endosplit
GLOM	DKD_vs_CTRL	GSE96804-GPL17586	PERI	44	0.23773286042904312	1.6974976593822397	snRNA_endosplit
GLOM	DKD_vs_CTRL	GSE96804-GPL17586	BCELL	32	0.3699309470830485	2.4494884120907305	snRNA_endosplit
GLOM	DKD_vs_CTRL	GSE96804-GPL17586	TCELL	40	0.5528631527500693	4.071358617082931	snRNA_endosplit
GLOM	DKD_vs_CTRL	GSE96804-GPL17586	MAC	46	0.49167111603057256	3.8554766523442963	snRNA_endosplit
GLOM	DKD_vs_CTRL	GSE96804-GPL17586	DC	44	0.26595077968390385	1.9921434935809648	snRNA_endosplit
GLOM	DKD_vs_CTRL	GSE96804-GPL17586	MAST	23	0.4701390217827714	2.4986336324556526	snRNA_endosplit
GLOM	DKD_vs_CTRL	GSE96804-GPL17586	ENDO_GC	41	-0.2697130182712543	-2.3228945134544445	snRNA_endosplit
GLOM	DKD_vs_CTRL	GSE96804-GPL17586	ENDO_ART	46	0.5828313886633386	4.533858172651131	snRNA_endosplit
GLOM	DKD_vs_CTRL	META	PT	32	-0.8840696173429023	-6.063450255407398	snRNA_endosplit
GLOM	DKD_vs_CTRL	META	PT_injured	27	-0.5727777915696303	-3.607976064057121	snRNA_endosplit
GLOM	DKD_vs_CTRL	META	LOH	42	-0.11319776411567417	-0.8197634146080423	snRNA_endosplit
GLOM	DKD_vs_CTRL	META	DCT	42	-0.3498827998271389	-2.7305437101706023	snRNA_endosplit
GLOM	DKD_vs_CTRL	META	CNT_PC	45	-0.159038454045852	-1.3015043842201688	snRNA_endosplit
GLOM	DKD_vs_CTRL	META	IC	45	-0.3683685200357879	-3.2098518173430004	snRNA_endosplit
GLOM	DKD_vs_CTRL	META	PODO	40	-1.0088796079789364	-7.907814631657342	snRNA_endosplit
GLOM	DKD_vs_CTRL	META	PEC	43	0.306883455391309	2.6631744417180103	snRNA_endosplit
GLOM	DKD_vs_CTRL	META	ENDO_PT	49	0.1566273953296802	1.4993081332364027	snRNA_endosplit
GLOM	DKD_vs_CTRL	META	MES	47	0.24577647381287124	2.3052196580561066	snRNA_endosplit
GLOM	DKD_vs_CTRL	META	STROMA	48	0.9721641718481098	8.332738860021609	snRNA_endosplit
GLOM	DKD_vs_CTRL	META	PERI	44	0.3762245954042582	3.3685665531030815	snRNA_endosplit
GLOM	DKD_vs_CTRL	META	BCELL	37	0.27079849700267244	2.1987161335057004	snRNA_endosplit
GLOM	DKD_vs_CTRL	META	TCELL	44	0.5770284645700346	5.00286071950467	snRNA_endosplit
GLOM	DKD_vs_CTRL	META	MAC	47	0.8531895818201997	7.109750537217888	snRNA_endosplit
GLOM	DKD_vs_CTRL	META	DC	45	0.5461237040518663	4.989529504944342	snRNA_endosplit
GLOM	DKD_vs_CTRL	META	MAST	24	0.3238884922530916	2.1073283671538827	snRNA_endosplit
GLOM	DKD_vs_CTRL	META	ENDO_GC	41	-0.27631565283347914	-2.036308404162426	snRNA_endosplit
GLOM	DKD_vs_CTRL	META	ENDO_ART	47	0.5548816826326626	5.084928927977237	snRNA_endosplit
GLOM	DKD_vs_PAT	ERCB_GLOM_H1	PT	16	-0.38342263677623123	-2.4464314678497625	snRNA_endosplit
GLOM	DKD_vs_PAT	ERCB_GLOM_H1	PT_injured	12	0.031954498340686165	0.4687069662919946	snRNA_endosplit
GLOM	DKD_vs_PAT	ERCB_GLOM_H1	LOH	24	0.10838587830464046	1.287345575037469	snRNA_endosplit
GLOM	DKD_vs_PAT	ERCB_GLOM_H1	DCT	22	0.13474907201122155	1.4991849612226453	snRNA_endosplit
GLOM	DKD_vs_PAT	ERCB_GLOM_H1	CNT_PC	26	-0.03974713968972747	-0.004865571438185664	snRNA_endosplit
GLOM	DKD_vs_PAT	ERCB_GLOM_H1	IC	18	-0.24634976353910235	-1.5624193326252191	snRNA_endosplit
GLOM	DKD_vs_PAT	ERCB_GLOM_H1	PODO	22	-1.2731053780087016	-10.17292176511035	snRNA_endosplit
GLOM	DKD_vs_PAT	ERCB_GLOM_H1	PEC	22	-0.08583499675891786	-0.3844969485184617	snRNA_endosplit
GLOM	DKD_vs_PAT	ERCB_GLOM_H1	ENDO_PT	32	0.1151183454785496	1.6854323017667094	snRNA_endosplit
GLOM	DKD_vs_PAT	ERCB_GLOM_H1	MES	36	-0.18298056039687557	-1.549635764265704	snRNA_endosplit
GLOM	DKD_vs_PAT	ERCB_GLOM_H1	STROMA	40	0.419434883678332	5.130063526928133	snRNA_endosplit
GLOM	DKD_vs_PAT	ERCB_GLOM_H1	PERI	33	-0.025999372768582715	0.13088257749630058	snRNA_endosplit
GLOM	DKD_vs_PAT	ERCB_GLOM_H1	BCELL	25	0.07767350440844895	1.056760129146859	snRNA_endosplit
GLOM	DKD_vs_PAT	ERCB_GLOM_H1	TCELL	36	0.11817239173170593	1.618966299903577	snRNA_endosplit
GLOM	DKD_vs_PAT	ERCB_GLOM_H1	MAC	32	0.13512682978762314	1.6876534678009478	snRNA_endosplit
GLOM	DKD_vs_PAT	ERCB_GLOM_H1	DC	26	0.10489285056694196	1.303575409277156	snRNA_endosplit
GLOM	DKD_vs_PAT	ERCB_GLOM_H1	MAST	18	0.12822214596801335	1.2724932565817602	snRNA_endosplit
GLOM	DKD_vs_PAT	ERCB_GLOM_H1	ENDO_GC	25	-0.0916106085665524	-0.5172874098820875	snRNA_endosplit
GLOM	DKD_vs_PAT	ERCB_GLOM_H1	ENDO_ART	30	0.20124658228208622	2.321650692048714	snRNA_endosplit
GLOM	DKD_vs_PAT	ERCB_GLOM_H7	PT	16	-0.17960692674387244	-0.7897222074741271	snRNA_endosplit
GLOM	DKD_vs_PAT	ERCB_GLOM_H7	PT_injured	12	0.3032548436118911	2.507984766192728	snRNA_endosplit
GLOM	DKD_vs_PAT	ERCB_GLOM_H7	LOH	24	0.6631846938592693	6.8571517724082724	snRNA_endosplit
GLOM	DKD_vs_PAT	ERCB_GLOM_H7	DCT	22	0.022504293783144527	0.7986839632621562	snRNA_endosplit
GLOM	DKD_vs_PAT	ERCB_GLOM_H7	CNT_PC	26	0.04529147530690981	1.1545407854969718	snRNA_endosplit
GLOM	DKD_vs_PAT	ERCB_GLOM_H7	IC	18	-0.03328407659298844	0.3149816268171014	snRNA_endosplit
GLOM	DKD_vs_PAT	ERCB_GLOM_H7	PODO	22	-0.7227977615865794	-5.79108113698384	snRNA_endosplit
GLOM	DKD_vs_PAT	ERCB_GLOM_H7	PEC	22	0.18760068924166262	2.365316999871906	snRNA_endosplit
GLOM	DKD_vs_PAT	ERCB_GLOM_H7	ENDO_PT	32	0.04960423268494196	1.3478855625849147	snRNA_endosplit
GLOM	DKD_vs_PAT	ERCB_GLOM_H7	MES	36	-0.08820144904570447	-0.19931017327798745	snRNA_endosplit
GLOM	DKD_vs_PAT	ERCB_GLOM_H7	STROMA	40	0.855952205369249	10.530674014738265	snRNA_endosplit
GLOM	DKD_vs_PAT	ERCB_GLOM_H7	PERI	33	0.4605381302129844	5.808486667875185	snRNA_endosplit
GLOM	DKD_vs_PAT	ERCB_GLOM_H7	BCELL	25	0.22148184023797512	2.730232449599477	snRNA_endosplit
GLOM	DKD_vs_PAT	ERCB_GLOM_H7	TCELL	36	0.21462636748846206	3.1710237740139355	snRNA_endosplit
GLOM	DKD_vs_PAT	ERCB_GLOM_H7	MAC	32	0.13454992322658654	2.216388929681919	snRNA_endosplit
GLOM	DKD_vs_PAT	ERCB_GLOM_H7	DC	26	0.2701359859381158	3.30929737307543	snRNA_endosplit
GLOM	DKD_vs_PAT	ERCB_GLOM_H7	MAST	18	0.8148316694940958	6.9374288392976275	snRNA_endosplit
GLOM	DKD_vs_PAT	ERCB_GLOM_H7	ENDO_GC	25	-0.5870253559947014	-4.6238415812492875	snRNA_endosplit
GLOM	DKD_vs_PAT	ERCB_GLOM_H7	ENDO_ART	30	0.5241791700323423	5.916167432574091	snRNA_endosplit
GLOM	DKD_vs_PAT	META	PT	16	-0.28151478176005185	-2.0380952354142394	snRNA_endosplit
GLOM	DKD_vs_PAT	META	PT_injured	12	0.16760467097628864	1.8534623431710862	snRNA_endosplit
GLOM	DKD_vs_PAT	META	LOH	24	0.38578528608195484	5.005086308157118	snRNA_endosplit
GLOM	DKD_vs_PAT	META	DCT	22	0.07862668289718303	1.4885495687014467	snRNA_endosplit
GLOM	DKD_vs_PAT	META	CNT_PC	26	0.002772167808591173	0.6911013532019157	snRNA_endosplit
GLOM	DKD_vs_PAT	META	IC	18	-0.1398169200660454	-0.7519395413898916	snRNA_endosplit
GLOM	DKD_vs_PAT	META	PODO	22	-0.9979515697976405	-10.3670580314258	snRNA_endosplit
GLOM	DKD_vs_PAT	META	PEC	22	0.0508828462413724	1.136172579038827	snRNA_endosplit
GLOM	DKD_vs_PAT	META	ENDO_PT	32	0.08236128908174578	1.789646162264933	snRNA_endosplit
GLOM	DKD_vs_PAT	META	MES	36	-0.13559100472129001	-1.1427557935902797	snRNA_endosplit
GLOM	DKD_vs_PAT	META	STROMA	40	0.6376935445237905	10.321590527341415	snRNA_endosplit
GLOM	DKD_vs_PAT	META	PERI	33	0.21726937872220084	3.6964137638532266	snRNA_endosplit
GLOM	DKD_vs_PAT	META	BCELL	25	0.14957767232321204	2.3736299524964335	snRNA_endosplit
GLOM	DKD_vs_PAT	META	TCELL	36	0.166399379610084	3.12550881514412	snRNA_endosplit
GLOM	DKD_vs_PAT	META	MAC	32	0.1348383765071048	2.4818968901173886	snRNA_endosplit
GLOM	DKD_vs_PAT	META	DC	26	0.18751441825252885	2.779618561277401	snRNA_endosplit
GLOM	DKD_vs_PAT	META	MAST	18	0.47152690773105455	5.205189226275209	snRNA_endosplit
GLOM	DKD_vs_PAT	META	ENDO_GC	25	-0.3393179822806269	-3.1677916783681357	snRNA_endosplit
GLOM	DKD_vs_PAT	META	ENDO_ART	30	0.36271287615721426	5.094685682255994	snRNA_endosplit
GLOM	DKD_vs_PAT_adj	ERCB_GLOM_H1	PT	16	-0.07659202074053223	-0.2489332729226367	snRNA_endosplit
GLOM	DKD_vs_PAT_adj	ERCB_GLOM_H1	PT_injured	12	0.47216860723672416	2.963277981523029	snRNA_endosplit
GLOM	DKD_vs_PAT_adj	ERCB_GLOM_H1	LOH	24	0.23919787058293074	2.2356260484269947	snRNA_endosplit
GLOM	DKD_vs_PAT_adj	ERCB_GLOM_H1	DCT	22	0.31567817930224956	2.7269740933077724	snRNA_endosplit
GLOM	DKD_vs_PAT_adj	ERCB_GLOM_H1	CNT_PC	26	0.0019976307651215454	0.33036344020898967	snRNA_endosplit
GLOM	DKD_vs_PAT_adj	ERCB_GLOM_H1	IC	18	-0.22498224179387816	-1.2902538928667362	snRNA_endosplit
GLOM	DKD_vs_PAT_adj	ERCB_GLOM_H1	PODO	22	-1.1994390379860598	-9.247894710204527	snRNA_endosplit
GLOM	DKD_vs_PAT_adj	ERCB_GLOM_H1	PEC	22	-0.09806946959747834	-0.4681385380100858	snRNA_endosplit
GLOM	DKD_vs_PAT_adj	ERCB_GLOM_H1	ENDO_PT	32	0.07435707774016304	1.0123336661409996	snRNA_endosplit
GLOM	DKD_vs_PAT_adj	ERCB_GLOM_H1	MES	36	-0.2508831427063701	-2.072557935316846	snRNA_endosplit
GLOM	DKD_vs_PAT_adj	ERCB_GLOM_H1	STROMA	40	0.4022105684382648	4.486814728496378	snRNA_endosplit
GLOM	DKD_vs_PAT_adj	ERCB_GLOM_H1	PERI	33	-0.07948053122232973	-0.4350237177350272	snRNA_endosplit
GLOM	DKD_vs_PAT_adj	ERCB_GLOM_H1	BCELL	25	0.002499687343146329	0.28650074152757643	snRNA_endosplit
GLOM	DKD_vs_PAT_adj	ERCB_GLOM_H1	TCELL	36	0.002086052806565728	0.4143607081237484	snRNA_endosplit
GLOM	DKD_vs_PAT_adj	ERCB_GLOM_H1	MAC	32	-0.05654944828703937	-0.1356188313569731	snRNA_endosplit
GLOM	DKD_vs_PAT_adj	ERCB_GLOM_H1	DC	26	-0.07757034508830139	-0.28126172895212	snRNA_endosplit
GLOM	DKD_vs_PAT_adj	ERCB_GLOM_H1	MAST	18	0.07682961461993719	0.8180924225335411	snRNA_endosplit
GLOM	DKD_vs_PAT_adj	ERCB_GLOM_H1	ENDO_GC	25	-0.2183966967775774	-1.5721477037586864	snRNA_endosplit
GLOM	DKD_vs_PAT_adj	ERCB_GLOM_H1	ENDO_ART	30	0.17104350194027199	1.9012571781722993	snRNA_endosplit
GLOM	DKD_vs_PAT_adj	ERCB_GLOM_H7	PT	16	-0.13141609656712921	-0.42978430290573694	snRNA_endosplit
GLOM	DKD_vs_PAT_adj	ERCB_GLOM_H7	PT_injured	12	0.38547200179504104	2.872172052698883	snRNA_endosplit
GLOM	DKD_vs_PAT_adj	ERCB_GLOM_H7	LOH	24	0.7074746304600631	6.772672836475621	snRNA_endosplit
GLOM	DKD_vs_PAT_adj	ERCB_GLOM_H7	DCT	22	0.04628980782851128	0.9096419750397179	snRNA_endosplit
GLOM	DKD_vs_PAT_adj	ERCB_GLOM_H7	CNT_PC	26	0.0572320681224487	1.0754802834833392	snRNA_endosplit
GLOM	DKD_vs_PAT_adj	ERCB_GLOM_H7	IC	18	-0.033110697462744976	0.22265508176513774	snRNA_endosplit
GLOM	DKD_vs_PAT_adj	ERCB_GLOM_H7	PODO	22	-0.7226850968750309	-5.412826119970406	snRNA_endosplit
GLOM	DKD_vs_PAT_adj	ERCB_GLOM_H7	PEC	22	0.1954461866542358	2.242873863509775	snRNA_endosplit
GLOM	DKD_vs_PAT_adj	ERCB_GLOM_H7	ENDO_PT	32	0.02242136108593468	0.9077898847254078	snRNA_endosplit
GLOM	DKD_vs_PAT_adj	ERCB_GLOM_H7	MES	36	-0.10557730554370265	-0.39037478578985024	snRNA_endosplit
GLOM	DKD_vs_PAT_adj	ERCB_GLOM_H7	STROMA	40	0.8793018218504806	10.818135728759938	snRNA_endosplit
GLOM	DKD_vs_PAT_adj	ERCB_GLOM_H7	PERI	33	0.4641122094760238	5.442321679947642	snRNA_endosplit
GLOM	DKD_vs_PAT_adj	ERCB_GLOM_H7	BCELL	25	0.2187213934252401	2.57801200109383	snRNA_endosplit
GLOM	DKD_vs_PAT_adj	ERCB_GLOM_H7	TCELL	36	0.21037503941402894	2.9098687184896628	snRNA_endosplit
GLOM	DKD_vs_PAT_adj	ERCB_GLOM_H7	MAC	32	0.1272493685064036	1.961905542993386	snRNA_endosplit
GLOM	DKD_vs_PAT_adj	ERCB_GLOM_H7	DC	26	0.26964897304510477	3.0344925262045352	snRNA_endosplit
GLOM	DKD_vs_PAT_adj	ERCB_GLOM_H7	MAST	18	0.8192636081585697	6.476330731357811	snRNA_endosplit
GLOM	DKD_vs_PAT_adj	ERCB_GLOM_H7	ENDO_GC	25	-0.6288902138891312	-4.876492115870205	snRNA_endosplit
GLOM	DKD_vs_PAT_adj	ERCB_GLOM_H7	ENDO_ART	30	0.5264128229309946	5.926168625093845	snRNA_endosplit
GLOM	DKD_vs_PAT_adj	META	PT	16	-0.1040040586538307	-0.46097162344760506	snRNA_endosplit
GLOM	DKD_vs_PAT_adj	META	PT_injured	12	0.42882030451588254	3.7139637991395493	snRNA_endosplit
GLOM	DKD_vs_PAT_adj	META	LOH	24	0.4733362505214969	5.683267441248708	snRNA_endosplit
GLOM	DKD_vs_PAT_adj	META	DCT	22	0.18098399356538042	2.3668425595420803	snRNA_endosplit
GLOM	DKD_vs_PAT_adj	META	CNT_PC	26	0.029614849443785115	0.9235271873580917	snRNA_endosplit
GLOM	DKD_vs_PAT_adj	META	IC	18	-0.12904646962831157	-0.7100384574380988	snRNA_endosplit
GLOM	DKD_vs_PAT_adj	META	PODO	22	-0.9610620674305452	-9.115616268008006	snRNA_endosplit
GLOM	DKD_vs_PAT_adj	META	PEC	22	0.04868835852837874	1.0862367370827863	snRNA_endosplit
GLOM	DKD_vs_PAT_adj	META	ENDO_PT	32	0.04838921941304887	1.2342327455126267	snRNA_endosplit
GLOM	DKD_vs_PAT_adj	META	MES	36	-0.17823022412503636	-1.5428507983149964	snRNA_endosplit
GLOM	DKD_vs_PAT_adj	META	STROMA	40	0.6407561951443727	9.573144674483594	snRNA_endosplit
GLOM	DKD_vs_PAT_adj	META	PERI	33	0.19231583912684705	3.154786640640508	snRNA_endosplit
GLOM	DKD_vs_PAT_adj	META	BCELL	25	0.11061054038419323	1.883255230344618	snRNA_endosplit
GLOM	DKD_vs_PAT_adj	META	TCELL	36	0.10623054611029732	2.0709094937711097	snRNA_endosplit
GLOM	DKD_vs_PAT_adj	META	MAC	32	0.03534996010968212	1.0663202899739164	snRNA_endosplit
GLOM	DKD_vs_PAT_adj	META	DC	26	0.0960393139784017	1.6686280673678748	snRNA_endosplit
GLOM	DKD_vs_PAT_adj	META	MAST	18	0.4480466113892535	4.709316790493895	snRNA_endosplit
GLOM	DKD_vs_PAT_adj	META	ENDO_GC	25	-0.4236434553333543	-3.9847065725676503	snRNA_endosplit
GLOM	DKD_vs_PAT_adj	META	ENDO_ART	30	0.3487281624356332	4.9304658894162925	snRNA_endosplit
GLOM	FSGS_MCD_vs_PAT	ERCB_GLOM_H7	PT	16	0.4915973702445626	4.225562227782277	snRNA_endosplit
GLOM	FSGS_MCD_vs_PAT	ERCB_GLOM_H7	PT_injured	12	0.27931612683460116	1.976255712264205	snRNA_endosplit
GLOM	FSGS_MCD_vs_PAT	ERCB_GLOM_H7	LOH	24	-0.028464843713057544	-0.6733005069597505	snRNA_endosplit
GLOM	FSGS_MCD_vs_PAT	ERCB_GLOM_H7	DCT	22	0.06236129017038779	0.28615090308184976	snRNA_endosplit
GLOM	FSGS_MCD_vs_PAT	ERCB_GLOM_H7	CNT_PC	26	0.08879345741409522	0.6429510644793351	snRNA_endosplit
GLOM	FSGS_MCD_vs_PAT	ERCB_GLOM_H7	IC	18	-0.035877893652973905	-0.6489142149585544	snRNA_endosplit
GLOM	FSGS_MCD_vs_PAT	ERCB_GLOM_H7	PODO	22	0.34284250203266065	3.273276230146354	snRNA_endosplit
GLOM	FSGS_MCD_vs_PAT	ERCB_GLOM_H7	PEC	22	-0.19001022692431102	-2.30188588166784	snRNA_endosplit
GLOM	FSGS_MCD_vs_PAT	ERCB_GLOM_H7	ENDO_PT	32	0.048245052283164114	0.1455043674819756	snRNA_endosplit
GLOM	FSGS_MCD_vs_PAT	ERCB_GLOM_H7	MES	36	0.4268920400386883	5.34842754709854	snRNA_endosplit
GLOM	FSGS_MCD_vs_PAT	ERCB_GLOM_H7	STROMA	40	-0.2771682261954993	-4.207450236060991	snRNA_endosplit
GLOM	FSGS_MCD_vs_PAT	ERCB_GLOM_H7	PERI	33	-0.054394666557059136	-1.1661642559542946	snRNA_endosplit
GLOM	FSGS_MCD_vs_PAT	ERCB_GLOM_H7	BCELL	25	-0.059248097389936444	-0.9896413609428438	snRNA_endosplit
GLOM	FSGS_MCD_vs_PAT	ERCB_GLOM_H7	TCELL	36	-0.17570889823966557	-2.798602916752474	snRNA_endosplit
GLOM	FSGS_MCD_vs_PAT	ERCB_GLOM_H7	MAC	32	-0.46101734309922904	-6.056693688577621	snRNA_endosplit
GLOM	FSGS_MCD_vs_PAT	ERCB_GLOM_H7	DC	26	-0.3421871643513441	-4.447575197001118	snRNA_endosplit
GLOM	FSGS_MCD_vs_PAT	ERCB_GLOM_H7	MAST	18	-0.14593634102493525	-1.6785416502418906	snRNA_endosplit
GLOM	FSGS_MCD_vs_PAT	ERCB_GLOM_H7	ENDO_GC	25	0.3814289283752441	3.8866205426948133	snRNA_endosplit
GLOM	FSGS_MCD_vs_PAT	ERCB_GLOM_H7	ENDO_ART	30	-0.1562810294640561	-2.25409481320269	snRNA_endosplit
GLOM	FSGS_MCD_vs_PAT	META	PT	16	0.4915973702445626	4.026541343063162	snRNA_endosplit
GLOM	FSGS_MCD_vs_PAT	META	PT_injured	12	0.27931612683460116	2.0350220456470045	snRNA_endosplit
GLOM	FSGS_MCD_vs_PAT	META	LOH	24	-0.028464843713057544	-0.6909649378156046	snRNA_endosplit
GLOM	FSGS_MCD_vs_PAT	META	DCT	22	0.06236129017038779	0.3134335724672718	snRNA_endosplit
GLOM	FSGS_MCD_vs_PAT	META	CNT_PC	26	0.08879345741409522	0.6059842521286585	snRNA_endosplit
GLOM	FSGS_MCD_vs_PAT	META	IC	18	-0.035877893652973905	-0.6580371141296976	snRNA_endosplit
GLOM	FSGS_MCD_vs_PAT	META	PODO	22	0.34284250203266065	3.2865284100352357	snRNA_endosplit
GLOM	FSGS_MCD_vs_PAT	META	PEC	22	-0.19001022692431102	-2.3411834466681807	snRNA_endosplit
GLOM	FSGS_MCD_vs_PAT	META	ENDO_PT	32	0.048245052283164114	0.19997414409448874	snRNA_endosplit
GLOM	FSGS_MCD_vs_PAT	META	MES	36	0.4268920400386883	5.175314078054749	snRNA_endosplit
GLOM	FSGS_MCD_vs_PAT	META	STROMA	40	-0.2771682261954993	-4.5662298503171925	snRNA_endosplit
GLOM	FSGS_MCD_vs_PAT	META	PERI	33	-0.054394666557059136	-1.1607119391952558	snRNA_endosplit
GLOM	FSGS_MCD_vs_PAT	META	BCELL	25	-0.059248097389936444	-1.0298540673028154	snRNA_endosplit
GLOM	FSGS_MCD_vs_PAT	META	TCELL	36	-0.17570889823966557	-2.8176249066430423	snRNA_endosplit
GLOM	FSGS_MCD_vs_PAT	META	MAC	32	-0.46101734309922904	-6.175546833001319	snRNA_endosplit
GLOM	FSGS_MCD_vs_PAT	META	DC	26	-0.3421871643513441	-4.429229052139125	snRNA_endosplit
GLOM	FSGS_MCD_vs_PAT	META	MAST	18	-0.14593634102493525	-1.7223827344456382	snRNA_endosplit
GLOM	FSGS_MCD_vs_PAT	META	ENDO_GC	25	0.3814289283752441	3.6298906655996923	snRNA_endosplit
GLOM	FSGS_MCD_vs_PAT	META	ENDO_ART	30	-0.1562810294640561	-2.2705557953094777	snRNA_endosplit
GLOM	FSGS_MCD_vs_PAT_adj	ERCB_GLOM_H7	PT	16	0.4786856226944685	3.8594178630710094	snRNA_endosplit
GLOM	FSGS_MCD_vs_PAT_adj	ERCB_GLOM_H7	PT_injured	12	0.2415620336903522	1.612646276808407	snRNA_endosplit
GLOM	FSGS_MCD_vs_PAT_adj	ERCB_GLOM_H7	LOH	24	-0.07580366635889986	-1.1844282784960176	snRNA_endosplit
GLOM	FSGS_MCD_vs_PAT_adj	ERCB_GLOM_H7	DCT	22	0.013862421758624965	-0.2550842012950419	snRNA_endosplit
GLOM	FSGS_MCD_vs_PAT_adj	ERCB_GLOM_H7	CNT_PC	26	0.06510396835963109	0.30061273502454916	snRNA_endosplit
GLOM	FSGS_MCD_vs_PAT_adj	ERCB_GLOM_H7	IC	18	-0.05668714117677747	-0.8729164795781317	snRNA_endosplit
GLOM	FSGS_MCD_vs_PAT_adj	ERCB_GLOM_H7	PODO	22	0.3298554397985886	2.91020301859527	snRNA_endosplit
GLOM	FSGS_MCD_vs_PAT_adj	ERCB_GLOM_H7	PEC	22	-0.19902595686890556	-2.498603943209006	snRNA_endosplit
GLOM	FSGS_MCD_vs_PAT_adj	ERCB_GLOM_H7	ENDO_PT	32	0.11381161426293494	0.9351884103168961	snRNA_endosplit
GLOM	FSGS_MCD_vs_PAT_adj	ERCB_GLOM_H7	MES	36	0.514866248350852	6.276013417183061	snRNA_endosplit
GLOM	FSGS_MCD_vs_PAT_adj	ERCB_GLOM_H7	STROMA	40	-0.26994445037237114	-4.400739943050345	snRNA_endosplit
GLOM	FSGS_MCD_vs_PAT_adj	ERCB_GLOM_H7	PERI	33	-0.04201211482729083	-1.0411905408525166	snRNA_endosplit
GLOM	FSGS_MCD_vs_PAT_adj	ERCB_GLOM_H7	BCELL	25	-0.039703371972459295	-0.8607148373821503	snRNA_endosplit
GLOM	FSGS_MCD_vs_PAT_adj	ERCB_GLOM_H7	TCELL	36	-0.1473283864054412	-2.4829029493745822	snRNA_endosplit
GLOM	FSGS_MCD_vs_PAT_adj	ERCB_GLOM_H7	MAC	32	-0.4311528000505004	-5.87205014559526	snRNA_endosplit
GLOM	FSGS_MCD_vs_PAT_adj	ERCB_GLOM_H7	DC	26	-0.3068535128424907	-4.052339537717315	snRNA_endosplit
GLOM	FSGS_MCD_vs_PAT_adj	ERCB_GLOM_H7	MAST	18	-0.13837656127577663	-1.6306114325773644	snRNA_endosplit
GLOM	FSGS_MCD_vs_PAT_adj	ERCB_GLOM_H7	ENDO_GC	25	0.44899533430937766	4.522892982139315	snRNA_endosplit
GLOM	FSGS_MCD_vs_PAT_adj	ERCB_GLOM_H7	ENDO_ART	30	-0.12507592018164995	-1.979786677539903	snRNA_endosplit
GLOM	FSGS_MCD_vs_PAT_adj	META	PT	16	0.4786856226944685	3.819899456419044	snRNA_endosplit
GLOM	FSGS_MCD_vs_PAT_adj	META	PT_injured	12	0.2415620336903522	1.5512908597158	snRNA_endosplit
GLOM	FSGS_MCD_vs_PAT_adj	META	LOH	24	-0.07580366635889986	-1.2190112473000025	snRNA_endosplit
GLOM	FSGS_MCD_vs_PAT_adj	META	DCT	22	0.013862421758624965	-0.24070793923402384	snRNA_endosplit
GLOM	FSGS_MCD_vs_PAT_adj	META	CNT_PC	26	0.06510396835963109	0.3134651627008283	snRNA_endosplit
GLOM	FSGS_MCD_vs_PAT_adj	META	IC	18	-0.05668714117677747	-0.9321278369727328	snRNA_endosplit
GLOM	FSGS_MCD_vs_PAT_adj	META	PODO	22	0.3298554397985886	3.0275141970535	snRNA_endosplit
GLOM	FSGS_MCD_vs_PAT_adj	META	PEC	22	-0.19902595686890556	-2.3796558702539365	snRNA_endosplit
GLOM	FSGS_MCD_vs_PAT_adj	META	ENDO_PT	32	0.11381161426293494	0.9376252902395864	snRNA_endosplit
GLOM	FSGS_MCD_vs_PAT_adj	META	MES	36	0.514866248350852	6.383230306036049	snRNA_endosplit
GLOM	FSGS_MCD_vs_PAT_adj	META	STROMA	40	-0.26994445037237114	-4.243511243201574	snRNA_endosplit
GLOM	FSGS_MCD_vs_PAT_adj	META	PERI	33	-0.04201211482729083	-0.9863201969879689	snRNA_endosplit
GLOM	FSGS_MCD_vs_PAT_adj	META	BCELL	25	-0.039703371972459295	-0.790396147253597	snRNA_endosplit
GLOM	FSGS_MCD_vs_PAT_adj	META	TCELL	36	-0.1473283864054412	-2.4947598580974106	snRNA_endosplit
GLOM	FSGS_MCD_vs_PAT_adj	META	MAC	32	-0.4311528000505004	-6.005618737921226	snRNA_endosplit
GLOM	FSGS_MCD_vs_PAT_adj	META	DC	26	-0.3068535128424907	-3.8665400543474253	snRNA_endosplit
GLOM	FSGS_MCD_vs_PAT_adj	META	MAST	18	-0.13837656127577663	-1.6434345389278273	snRNA_endosplit
GLOM	FSGS_MCD_vs_PAT_adj	META	ENDO_GC	25	0.44899533430937766	4.588357505821568	snRNA_endosplit
GLOM	FSGS_MCD_vs_PAT_adj	META	ENDO_ART	30	-0.12507592018164995	-1.910098644274541	snRNA_endosplit
GLOM	FSGS_vs_PAT	ERCB_GLOM_H1	PT	16	-0.06767540203873068	-0.2735192830584367	snRNA_endosplit
GLOM	FSGS_vs_PAT	ERCB_GLOM_H1	PT_injured	12	0.45680640420566004	3.817547703506808	snRNA_endosplit
GLOM	FSGS_vs_PAT	ERCB_GLOM_H1	LOH	24	0.18706472970855734	2.5910922743898017	snRNA_endosplit
GLOM	FSGS_vs_PAT	ERCB_GLOM_H1	DCT	22	0.08778488288887525	1.3321811499506757	snRNA_endosplit
GLOM	FSGS_vs_PAT	ERCB_GLOM_H1	CNT_PC	26	0.11839857418090105	1.8358207623097602	snRNA_endosplit
GLOM	FSGS_vs_PAT	ERCB_GLOM_H1	IC	18	-0.14378859495951068	-1.0761093308546088	snRNA_endosplit
GLOM	FSGS_vs_PAT	ERCB_GLOM_H1	PODO	22	0.00326278915798122	0.40853326237017473	snRNA_endosplit
GLOM	FSGS_vs_PAT	ERCB_GLOM_H1	PEC	22	0.13530015750703486	1.8624862117215533	snRNA_endosplit
GLOM	FSGS_vs_PAT	ERCB_GLOM_H1	ENDO_PT	32	-0.07648525369586422	-0.4876847879614018	snRNA_endosplit
GLOM	FSGS_vs_PAT	ERCB_GLOM_H1	MES	36	-0.08123840971125498	-0.5265766123220306	snRNA_endosplit
GLOM	FSGS_vs_PAT	ERCB_GLOM_H1	STROMA	40	0.20188773211848457	3.4331077340856795	snRNA_endosplit
GLOM	FSGS_vs_PAT	ERCB_GLOM_H1	PERI	33	-0.23619645125599523	-2.6323233857465493	snRNA_endosplit
GLOM	FSGS_vs_PAT	ERCB_GLOM_H1	BCELL	25	-0.13884097561240194	-1.1306306291359187	snRNA_endosplit
GLOM	FSGS_vs_PAT	ERCB_GLOM_H1	TCELL	36	-0.1008865729931535	-0.8273268525821437	snRNA_endosplit
GLOM	FSGS_vs_PAT	ERCB_GLOM_H1	MAC	32	-0.3817358977976255	-4.407297691440442	snRNA_endosplit
GLOM	FSGS_vs_PAT	ERCB_GLOM_H1	DC	26	-0.12248971614126976	-0.9516131650172998	snRNA_endosplit
GLOM	FSGS_vs_PAT	ERCB_GLOM_H1	MAST	18	-0.18696340349399382	-1.462263236441109	snRNA_endosplit
GLOM	FSGS_vs_PAT	ERCB_GLOM_H1	ENDO_GC	25	-0.09689263846725225	-0.6603444265305126	snRNA_endosplit
GLOM	FSGS_vs_PAT	ERCB_GLOM_H1	ENDO_ART	30	-0.10887041464447975	-0.8029669172711794	snRNA_endosplit
GLOM	FSGS_vs_PAT	ERCB_GLOM_H7	PT	16	0.20499184634536505	1.8515570953550182	snRNA_endosplit
GLOM	FSGS_vs_PAT	ERCB_GLOM_H7	PT_injured	12	-0.0679200302499036	-0.7662322024347067	snRNA_endosplit
GLOM	FSGS_vs_PAT	ERCB_GLOM_H7	LOH	24	-0.05694988417963032	-0.9486243182701475	snRNA_endosplit
GLOM	FSGS_vs_PAT	ERCB_GLOM_H7	DCT	22	0.18452802372419022	1.886559089039598	snRNA_endosplit
GLOM	FSGS_vs_PAT	ERCB_GLOM_H7	CNT_PC	26	-0.023515844717621786	-0.480871963928302	snRNA_endosplit
GLOM	FSGS_vs_PAT	ERCB_GLOM_H7	IC	18	0.1209371681583838	1.047049752752724	snRNA_endosplit
GLOM	FSGS_vs_PAT	ERCB_GLOM_H7	PODO	22	0.24008335782722992	2.469273394541627	snRNA_endosplit
GLOM	FSGS_vs_PAT	ERCB_GLOM_H7	PEC	22	0.0806268605149605	0.6553990335670588	snRNA_endosplit
GLOM	FSGS_vs_PAT	ERCB_GLOM_H7	ENDO_PT	32	0.0013570506416726857	-0.2788318500560245	snRNA_endosplit
GLOM	FSGS_vs_PAT	ERCB_GLOM_H7	MES	36	0.04321148000761039	0.29233677566009203	snRNA_endosplit
GLOM	FSGS_vs_PAT	ERCB_GLOM_H7	STROMA	40	-0.2874036035733297	-4.812266826328995	snRNA_endosplit
GLOM	FSGS_vs_PAT	ERCB_GLOM_H7	PERI	33	0.058091104298717146	0.5891790552633507	snRNA_endosplit
GLOM	FSGS_vs_PAT	ERCB_GLOM_H7	BCELL	25	-0.3997563937306404	-5.297659659236705	snRNA_endosplit
GLOM	FSGS_vs_PAT	ERCB_GLOM_H7	TCELL	36	-0.49963710322562194	-8.05877291082743	snRNA_endosplit
GLOM	FSGS_vs_PAT	ERCB_GLOM_H7	MAC	32	-0.5184625629044604	-7.593004395973075	snRNA_endosplit
GLOM	FSGS_vs_PAT	ERCB_GLOM_H7	DC	26	-0.38580267188640743	-5.158870018482603	snRNA_endosplit
GLOM	FSGS_vs_PAT	ERCB_GLOM_H7	MAST	18	-0.25876066444389934	-2.924582746820929	snRNA_endosplit
GLOM	FSGS_vs_PAT	ERCB_GLOM_H7	ENDO_GC	25	0.14723994545638558	1.5642536899512876	snRNA_endosplit
GLOM	FSGS_vs_PAT	ERCB_GLOM_H7	ENDO_ART	30	-0.04575445391237736	-0.9283932621957964	snRNA_endosplit
GLOM	FSGS_vs_PAT	GSE108109-GPL19983	PT	40	0.02379175989190116	0.7308571274523696	snRNA_endosplit
GLOM	FSGS_vs_PAT	GSE108109-GPL19983	PT_injured	30	-0.013936635325565775	-0.2740256705064344	snRNA_endosplit
GLOM	FSGS_vs_PAT	GSE108109-GPL19983	LOH	43	0.04900505364504318	1.455126988459876	snRNA_endosplit
GLOM	FSGS_vs_PAT	GSE108109-GPL19983	DCT	46	0.0366924122866729	1.1319187702513465	snRNA_endosplit
GLOM	FSGS_vs_PAT	GSE108109-GPL19983	CNT_PC	46	0.06212279925365811	1.923944542089754	snRNA_endosplit
GLOM	FSGS_vs_PAT	GSE108109-GPL19983	IC	47	-0.045424985699355595	-1.28352197705376	snRNA_endosplit
GLOM	FSGS_vs_PAT	GSE108109-GPL19983	PODO	47	-0.10860351385657695	-3.109259175746256	snRNA_endosplit
GLOM	FSGS_vs_PAT	GSE108109-GPL19983	PEC	48	0.016553449677303437	0.5394832690781123	snRNA_endosplit
GLOM	FSGS_vs_PAT	GSE108109-GPL19983	ENDO_PT	49	0.20401250840905977	6.308514866001428	snRNA_endosplit
GLOM	FSGS_vs_PAT	GSE108109-GPL19983	MES	49	0.25306262037887867	7.356367907753673	snRNA_endosplit
GLOM	FSGS_vs_PAT	GSE108109-GPL19983	STROMA	48	0.027324858706075848	0.9150122775892435	snRNA_endosplit
GLOM	FSGS_vs_PAT	GSE108109-GPL19983	PERI	49	0.06010426648854447	1.8475577552472568	snRNA_endosplit
GLOM	FSGS_vs_PAT	GSE108109-GPL19983	BCELL	44	0.018001357104036605	0.577857900746488	snRNA_endosplit
GLOM	FSGS_vs_PAT	GSE108109-GPL19983	TCELL	48	0.06758595048578778	2.102182643485844	snRNA_endosplit
GLOM	FSGS_vs_PAT	GSE108109-GPL19983	MAC	49	-0.02017050737287012	-0.511786439683702	snRNA_endosplit
GLOM	FSGS_vs_PAT	GSE108109-GPL19983	DC	49	-0.0010731613301500976	0.0725009250610997	snRNA_endosplit
GLOM	FSGS_vs_PAT	GSE108109-GPL19983	MAST	24	-0.039449424254902006	-0.7987214678507403	snRNA_endosplit
GLOM	FSGS_vs_PAT	GSE108109-GPL19983	ENDO_GC	47	0.25293271092975395	7.701036274208035	snRNA_endosplit
GLOM	FSGS_vs_PAT	GSE108109-GPL19983	ENDO_ART	48	0.11893389107475134	3.615089858584038	snRNA_endosplit
GLOM	FSGS_vs_PAT	META	PT	40	0.033818751445505765	1.0554525617122936	snRNA_endosplit
GLOM	FSGS_vs_PAT	META	PT_injured	30	0.050365895021079465	1.4654818674674763	snRNA_endosplit
GLOM	FSGS_vs_PAT	META	LOH	43	0.06396078923446409	1.9852625400448074	snRNA_endosplit
GLOM	FSGS_vs_PAT	META	DCT	46	0.07626535734026761	2.4732806892382486	snRNA_endosplit
GLOM	FSGS_vs_PAT	META	CNT_PC	46	0.05625871134301027	1.8361031328436932	snRNA_endosplit
GLOM	FSGS_vs_PAT	META	IC	47	-0.027733816464715604	-0.6497508409014099	snRNA_endosplit
GLOM	FSGS_vs_PAT	META	PODO	47	-0.018702409354844362	-0.37456598523883566	snRNA_endosplit
GLOM	FSGS_vs_PAT	META	PEC	48	0.03888234100304543	1.3094004818704865	snRNA_endosplit
GLOM	FSGS_vs_PAT	META	ENDO_PT	50	0.09915543576702474	3.254102630131265	snRNA_endosplit
GLOM	FSGS_vs_PAT	META	MES	49	0.12110973243937402	3.8833060818061504	snRNA_endosplit
GLOM	FSGS_vs_PAT	META	STROMA	48	-0.00898151062008563	-0.09062579533410305	snRNA_endosplit
GLOM	FSGS_vs_PAT	META	PERI	49	-0.011014801860299146	-0.17827591068533752	snRNA_endosplit
GLOM	FSGS_vs_PAT	META	BCELL	46	-0.0998848133848683	-2.752918019884847	snRNA_endosplit
GLOM	FSGS_vs_PAT	META	TCELL	49	-0.10847558799873602	-3.173306694351111	snRNA_endosplit
GLOM	FSGS_vs_PAT	META	MAC	49	-0.2122485513520129	-6.538276717804549	snRNA_endosplit
GLOM	FSGS_vs_PAT	META	DC	49	-0.07025171377930511	-2.0624450218447192	snRNA_endosplit
GLOM	FSGS_vs_PAT	META	MAST	25	-0.12960262304637582	-2.764288116526547	snRNA_endosplit
GLOM	FSGS_vs_PAT	META	ENDO_GC	47	0.1688829843707858	5.382316292985441	snRNA_endosplit
GLOM	FSGS_vs_PAT	META	ENDO_ART	48	0.0353813151636536	1.2600845592291772	snRNA_endosplit
GLOM	FSGS_vs_PAT_adj	ERCB_GLOM_H1	PT	16	-0.3231897606511509	-2.7496869488953504	snRNA_endosplit
GLOM	FSGS_vs_PAT_adj	ERCB_GLOM_H1	PT_injured	12	0.26069582030323785	2.496325440584946	snRNA_endosplit
GLOM	FSGS_vs_PAT_adj	ERCB_GLOM_H1	LOH	24	0.11765512492413938	1.802774920289812	snRNA_endosplit
GLOM	FSGS_vs_PAT_adj	ERCB_GLOM_H1	DCT	22	-0.01827876097659784	0.17952594115985057	snRNA_endosplit
GLOM	FSGS_vs_PAT_adj	ERCB_GLOM_H1	CNT_PC	26	0.09645840287513788	1.522024534989052	snRNA_endosplit
GLOM	FSGS_vs_PAT_adj	ERCB_GLOM_H1	IC	18	-0.16468806958553253	-1.2471737081996024	snRNA_endosplit
GLOM	FSGS_vs_PAT_adj	ERCB_GLOM_H1	PODO	22	-0.04691169343585382	-0.1187055354413728	snRNA_endosplit
GLOM	FSGS_vs_PAT_adj	ERCB_GLOM_H1	PEC	22	0.14335846224936666	1.941556820254915	snRNA_endosplit
GLOM	FSGS_vs_PAT_adj	ERCB_GLOM_H1	ENDO_PT	32	-0.04628501853758915	-0.0933891218964114	snRNA_endosplit
GLOM	FSGS_vs_PAT_adj	ERCB_GLOM_H1	MES	36	-0.038336378570727886	0.0002986648824274599	snRNA_endosplit
GLOM	FSGS_vs_PAT_adj	ERCB_GLOM_H1	STROMA	40	0.2228997360676875	4.052090722498549	snRNA_endosplit
GLOM	FSGS_vs_PAT_adj	ERCB_GLOM_H1	PERI	33	-0.20148291242282618	-2.277928619938104	snRNA_endosplit
GLOM	FSGS_vs_PAT_adj	ERCB_GLOM_H1	BCELL	25	-0.09159357286809014	-0.65559487263633	snRNA_endosplit
GLOM	FSGS_vs_PAT_adj	ERCB_GLOM_H1	TCELL	36	-0.027661799958180876	0.13688472471715948	snRNA_endosplit
GLOM	FSGS_vs_PAT_adj	ERCB_GLOM_H1	MAC	32	-0.27278740478956875	-3.2433431607066137	snRNA_endosplit
GLOM	FSGS_vs_PAT_adj	ERCB_GLOM_H1	DC	26	-0.006282510830039417	0.3571770657813668	snRNA_endosplit
GLOM	FSGS_vs_PAT_adj	ERCB_GLOM_H1	MAST	18	-0.15172412280619704	-1.1056056879401592	snRNA_endosplit
GLOM	FSGS_vs_PAT_adj	ERCB_GLOM_H1	ENDO_GC	25	-0.02079346977938802	0.14717266292829007	snRNA_endosplit
GLOM	FSGS_vs_PAT_adj	ERCB_GLOM_H1	ENDO_ART	30	-0.08696096861433708	-0.6336739998223702	snRNA_endosplit
GLOM	FSGS_vs_PAT_adj	ERCB_GLOM_H7	PT	16	-0.02106746049197489	-0.4609623243253558	snRNA_endosplit
GLOM	FSGS_vs_PAT_adj	ERCB_GLOM_H7	PT_injured	12	-0.3198787235912728	-2.9771728822182224	snRNA_endosplit
GLOM	FSGS_vs_PAT_adj	ERCB_GLOM_H7	LOH	24	-0.1472105892366465	-2.1173354113642913	snRNA_endosplit
GLOM	FSGS_vs_PAT_adj	ERCB_GLOM_H7	DCT	22	0.10291618464951674	0.9380173138740832	snRNA_endosplit
GLOM	FSGS_vs_PAT_adj	ERCB_GLOM_H7	CNT_PC	26	-0.07725171063128859	-1.2924177963449603	snRNA_endosplit
GLOM	FSGS_vs_PAT_adj	ERCB_GLOM_H7	IC	18	0.0850556522173168	0.646641766379124	snRNA_endosplit
GLOM	FSGS_vs_PAT_adj	ERCB_GLOM_H7	PODO	22	0.21361069567019478	2.30354858184705	snRNA_endosplit
GLOM	FSGS_vs_PAT_adj	ERCB_GLOM_H7	PEC	22	0.07278771835467084	0.6349263572910121	snRNA_endosplit
GLOM	FSGS_vs_PAT_adj	ERCB_GLOM_H7	ENDO_PT	32	0.10109408467545818	1.1542069915248718	snRNA_endosplit
GLOM	FSGS_vs_PAT_adj	ERCB_GLOM_H7	MES	36	0.14940510995953188	1.8821999154071773	snRNA_endosplit
GLOM	FSGS_vs_PAT_adj	ERCB_GLOM_H7	STROMA	40	-0.2622340864974087	-4.459461442324376	snRNA_endosplit
GLOM	FSGS_vs_PAT_adj	ERCB_GLOM_H7	PERI	33	0.0833220379277008	0.9445865334527458	snRNA_endosplit
GLOM	FSGS_vs_PAT_adj	ERCB_GLOM_H7	BCELL	25	-0.359852595120174	-4.848121612235376	snRNA_endosplit
GLOM	FSGS_vs_PAT_adj	ERCB_GLOM_H7	TCELL	36	-0.4481729080591255	-6.9123682147882315	snRNA_endosplit
GLOM	FSGS_vs_PAT_adj	ERCB_GLOM_H7	MAC	32	-0.43180141311343917	-6.552067346478301	snRNA_endosplit
GLOM	FSGS_vs_PAT_adj	ERCB_GLOM_H7	DC	26	-0.2909623861178328	-3.8354006771489164	snRNA_endosplit
GLOM	FSGS_vs_PAT_adj	ERCB_GLOM_H7	MAST	18	-0.2405996435553464	-2.722680782249812	snRNA_endosplit
GLOM	FSGS_vs_PAT_adj	ERCB_GLOM_H7	ENDO_GC	25	0.24265521547004754	2.7875493544918206	snRNA_endosplit
GLOM	FSGS_vs_PAT_adj	ERCB_GLOM_H7	ENDO_ART	30	0.016228437228242864	-0.05680129347117129	snRNA_endosplit
GLOM	FSGS_vs_PAT_adj	GSE108109-GPL19983	PT	40	0.06203563834500967	1.7167561605771666	snRNA_endosplit
GLOM	FSGS_vs_PAT_adj	GSE108109-GPL19983	PT_injured	30	0.04078806061859875	1.0132494305567066	snRNA_endosplit
GLOM	FSGS_vs_PAT_adj	GSE108109-GPL19983	LOH	43	0.06542820597478856	1.857202658267099	snRNA_endosplit
GLOM	FSGS_vs_PAT_adj	GSE108109-GPL19983	DCT	46	0.047646808325804174	1.4885179561777397	snRNA_endosplit
GLOM	FSGS_vs_PAT_adj	GSE108109-GPL19983	CNT_PC	46	0.06898411053951083	2.1573195962162215	snRNA_endosplit
GLOM	FSGS_vs_PAT_adj	GSE108109-GPL19983	IC	47	-0.03983323266241306	-1.0747727572293095	snRNA_endosplit
GLOM	FSGS_vs_PAT_adj	GSE108109-GPL19983	PODO	47	-0.09907227119409115	-2.9755463046262602	snRNA_endosplit
GLOM	FSGS_vs_PAT_adj	GSE108109-GPL19983	PEC	48	0.014722098850651783	0.5112313048991645	snRNA_endosplit
GLOM	FSGS_vs_PAT_adj	GSE108109-GPL19983	ENDO_PT	49	0.19670244952114646	6.139772095573624	snRNA_endosplit
GLOM	FSGS_vs_PAT_adj	GSE108109-GPL19983	MES	49	0.2470494486454834	7.663711877930036	snRNA_endosplit
GLOM	FSGS_vs_PAT_adj	GSE108109-GPL19983	STROMA	48	0.01614271330144997	0.5324777348154395	snRNA_endosplit
GLOM	FSGS_vs_PAT_adj	GSE108109-GPL19983	PERI	49	0.05120722400580766	1.6730743068746083	snRNA_endosplit
GLOM	FSGS_vs_PAT_adj	GSE108109-GPL19983	BCELL	44	0.009502853188349926	0.31323733866858877	snRNA_endosplit
GLOM	FSGS_vs_PAT_adj	GSE108109-GPL19983	TCELL	48	0.05546040547564076	1.7364290023693116	snRNA_endosplit
GLOM	FSGS_vs_PAT_adj	GSE108109-GPL19983	MAC	49	-0.04752718216283537	-1.3798160951480145	snRNA_endosplit
GLOM	FSGS_vs_PAT_adj	GSE108109-GPL19983	DC	49	-0.02518742932816664	-0.7432324206460936	snRNA_endosplit
GLOM	FSGS_vs_PAT_adj	GSE108109-GPL19983	MAST	24	-0.043336651516435266	-0.8844611631912382	snRNA_endosplit
GLOM	FSGS_vs_PAT_adj	GSE108109-GPL19983	ENDO_GC	47	0.2437602887681366	7.537538103043439	snRNA_endosplit
GLOM	FSGS_vs_PAT_adj	GSE108109-GPL19983	ENDO_ART	48	0.1095227869927526	3.414620496868269	snRNA_endosplit
GLOM	FSGS_vs_PAT_adj	META	PT	40	-0.005454447772708957	-0.0031845779511955274	snRNA_endosplit
GLOM	FSGS_vs_PAT_adj	META	PT_injured	30	0.03555515966980606	0.8922117447993543	snRNA_endosplit
GLOM	FSGS_vs_PAT_adj	META	LOH	43	0.04504193891044522	1.5040630646597049	snRNA_endosplit
GLOM	FSGS_vs_PAT_adj	META	DCT	46	0.052661322866211016	1.667159919490468	snRNA_endosplit
GLOM	FSGS_vs_PAT_adj	META	CNT_PC	46	0.04651102547805732	1.5482003326344298	snRNA_endosplit
GLOM	FSGS_vs_PAT_adj	META	IC	47	-0.030232737884073303	-0.760961252166325	snRNA_endosplit
GLOM	FSGS_vs_PAT_adj	META	PODO	47	-0.02402285084914421	-0.4824581726445109	snRNA_endosplit
GLOM	FSGS_vs_PAT_adj	META	PEC	48	0.03858849348765652	1.314472478882524	snRNA_endosplit
GLOM	FSGS_vs_PAT_adj	META	ENDO_PT	50	0.12243646713696518	3.9817540455809097	snRNA_endosplit
GLOM	FSGS_vs_PAT_adj	META	MES	49	0.15403710777862759	4.687504820864007	snRNA_endosplit
GLOM	FSGS_vs_PAT_adj	META	STROMA	48	-0.00036385507022071553	0.17651967306265695	snRNA_endosplit
GLOM	FSGS_vs_PAT_adj	META	PERI	49	-0.002118257591699498	0.06848784010894275	snRNA_endosplit
GLOM	FSGS_vs_PAT_adj	META	BCELL	46	-0.08699932329833285	-2.4701300874022145	snRNA_endosplit
GLOM	FSGS_vs_PAT_adj	META	TCELL	49	-0.08378185327981202	-2.390578331510433	snRNA_endosplit
GLOM	FSGS_vs_PAT_adj	META	MAC	49	-0.1847225733268732	-5.539233496685254	snRNA_endosplit
GLOM	FSGS_vs_PAT_adj	META	DC	49	-0.047644762326959654	-1.3718859067123335	snRNA_endosplit
GLOM	FSGS_vs_PAT_adj	META	MAST	25	-0.11801790495848571	-2.534816617651744	snRNA_endosplit
GLOM	FSGS_vs_PAT_adj	META	ENDO_GC	47	0.19402969486091673	6.074971312796876	snRNA_endosplit
GLOM	FSGS_vs_PAT_adj	META	ENDO_ART	48	0.04709963636398582	1.5188564959080093	snRNA_endosplit
GLOM	HT_vs_PAT	ERCB_GLOM_H1	PT	16	-0.01887739961966874	0.129574232323518	snRNA_endosplit
GLOM	HT_vs_PAT	ERCB_GLOM_H1	PT_injured	12	0.04074273351579904	0.5218559064344495	snRNA_endosplit
GLOM	HT_vs_PAT	ERCB_GLOM_H1	LOH	24	-0.05776847906721135	-0.4601107577042914	snRNA_endosplit
GLOM	HT_vs_PAT	ERCB_GLOM_H1	DCT	22	-0.023641361431642006	0.07186730031530185	snRNA_endosplit
GLOM	HT_vs_PAT	ERCB_GLOM_H1	CNT_PC	26	-0.23575231056803694	-2.6384448461473453	snRNA_endosplit
GLOM	HT_vs_PAT	ERCB_GLOM_H1	IC	18	-0.16647187527269125	-1.5020433262184263	snRNA_endosplit
GLOM	HT_vs_PAT	ERCB_GLOM_H1	PODO	22	0.4628081535073844	5.958122279609099	snRNA_endosplit
GLOM	HT_vs_PAT	ERCB_GLOM_H1	PEC	22	-0.07948009335351261	-0.6881819252410546	snRNA_endosplit
GLOM	HT_vs_PAT	ERCB_GLOM_H1	ENDO_PT	32	0.14318161347182468	2.4939774765092975	snRNA_endosplit
GLOM	HT_vs_PAT	ERCB_GLOM_H1	MES	36	0.03910290071427071	1.0305184498399342	snRNA_endosplit
GLOM	HT_vs_PAT	ERCB_GLOM_H1	STROMA	40	-0.022913940576836468	0.10702904025816726	snRNA_endosplit
GLOM	HT_vs_PAT	ERCB_GLOM_H1	PERI	33	-0.08358922431414777	-0.8370440275229278	snRNA_endosplit
GLOM	HT_vs_PAT	ERCB_GLOM_H1	BCELL	25	-0.26335971005260944	-3.009794702598664	snRNA_endosplit
GLOM	HT_vs_PAT	ERCB_GLOM_H1	TCELL	36	-0.27404180427806246	-3.71580061358042	snRNA_endosplit
GLOM	HT_vs_PAT	ERCB_GLOM_H1	MAC	32	-0.1409159512986662	-1.6102697512388267	snRNA_endosplit
GLOM	HT_vs_PAT	ERCB_GLOM_H1	DC	26	-0.11612141046386498	-1.2119730483065485	snRNA_endosplit
GLOM	HT_vs_PAT	ERCB_GLOM_H1	MAST	18	-0.3759417837589151	-3.7550870058111023	snRNA_endosplit
GLOM	HT_vs_PAT	ERCB_GLOM_H1	ENDO_GC	25	0.2378488463163376	3.4184293850624368	snRNA_endosplit
GLOM	HT_vs_PAT	ERCB_GLOM_H1	ENDO_ART	30	0.047896050723890464	1.033340552765853	snRNA_endosplit
GLOM	HT_vs_PAT	META	PT	16	-0.01887739961966874	0.15560347499632873	snRNA_endosplit
GLOM	HT_vs_PAT	META	PT_injured	12	0.04074273351579904	0.6055256939507317	snRNA_endosplit
GLOM	HT_vs_PAT	META	LOH	24	-0.05776847906721135	-0.41733530483259423	snRNA_endosplit
GLOM	HT_vs_PAT	META	DCT	22	-0.023641361431642006	0.011234061536626993	snRNA_endosplit
GLOM	HT_vs_PAT	META	CNT_PC	26	-0.23575231056803694	-2.6649824976731145	snRNA_endosplit
GLOM	HT_vs_PAT	META	IC	18	-0.16647187527269125	-1.4465241349905282	snRNA_endosplit
GLOM	HT_vs_PAT	META	PODO	22	0.4628081535073844	5.8036642581881654	snRNA_endosplit
GLOM	HT_vs_PAT	META	PEC	22	-0.07948009335351261	-0.6169696659311322	snRNA_endosplit
GLOM	HT_vs_PAT	META	ENDO_PT	32	0.14318161347182468	2.471456269200344	snRNA_endosplit
GLOM	HT_vs_PAT	META	MES	36	0.03910290071427071	1.0207995792426738	snRNA_endosplit
GLOM	HT_vs_PAT	META	STROMA	40	-0.022913940576836468	-0.019628630688296973	snRNA_endosplit
GLOM	HT_vs_PAT	META	PERI	33	-0.08358922431414777	-0.8939309488808268	snRNA_endosplit
GLOM	HT_vs_PAT	META	BCELL	25	-0.26335971005260944	-2.9070514980705107	snRNA_endosplit
GLOM	HT_vs_PAT	META	TCELL	36	-0.27404180427806246	-3.708890310967302	snRNA_endosplit
GLOM	HT_vs_PAT	META	MAC	32	-0.1409159512986662	-1.7137223276493934	snRNA_endosplit
GLOM	HT_vs_PAT	META	DC	26	-0.11612141046386498	-1.1715027502240152	snRNA_endosplit
GLOM	HT_vs_PAT	META	MAST	18	-0.3759417837589151	-3.7579451359835008	snRNA_endosplit
GLOM	HT_vs_PAT	META	ENDO_GC	25	0.2378488463163376	3.472928638394346	snRNA_endosplit
GLOM	HT_vs_PAT	META	ENDO_ART	30	0.047896050723890464	1.1209655699205603	snRNA_endosplit
GLOM	HT_vs_PAT_adj	ERCB_GLOM_H1	PT	16	-0.05426835785953349	-0.273653012049647	snRNA_endosplit
GLOM	HT_vs_PAT_adj	ERCB_GLOM_H1	PT_injured	12	-0.013225457359787834	0.07294055863854972	snRNA_endosplit
GLOM	HT_vs_PAT_adj	ERCB_GLOM_H1	LOH	24	-0.0671385661385499	-0.5183205507116588	snRNA_endosplit
GLOM	HT_vs_PAT_adj	ERCB_GLOM_H1	DCT	22	-0.03946587698874718	-0.1891526462613143	snRNA_endosplit
GLOM	HT_vs_PAT_adj	ERCB_GLOM_H1	CNT_PC	26	-0.24229716593580486	-2.816371923772989	snRNA_endosplit
GLOM	HT_vs_PAT_adj	ERCB_GLOM_H1	IC	18	-0.17037666213653316	-1.5679148927564586	snRNA_endosplit
GLOM	HT_vs_PAT_adj	ERCB_GLOM_H1	PODO	22	0.4592465387574395	5.757018508830748	snRNA_endosplit
GLOM	HT_vs_PAT_adj	ERCB_GLOM_H1	PEC	22	-0.07962457108418239	-0.6574258044629745	snRNA_endosplit
GLOM	HT_vs_PAT_adj	ERCB_GLOM_H1	ENDO_PT	32	0.14999911751003162	2.3444830225560573	snRNA_endosplit
GLOM	HT_vs_PAT_adj	ERCB_GLOM_H1	MES	36	0.04357812721598209	1.0798191014533378	snRNA_endosplit
GLOM	HT_vs_PAT_adj	ERCB_GLOM_H1	STROMA	40	-0.018955612073778084	0.07824633226777532	snRNA_endosplit
GLOM	HT_vs_PAT_adj	ERCB_GLOM_H1	PERI	33	-0.07875263503039964	-0.7795529467794113	snRNA_endosplit
GLOM	HT_vs_PAT_adj	ERCB_GLOM_H1	BCELL	25	-0.25737151038827727	-2.953072790247015	snRNA_endosplit
GLOM	HT_vs_PAT_adj	ERCB_GLOM_H1	TCELL	36	-0.26679630959052414	-3.6294082757775414	snRNA_endosplit
GLOM	HT_vs_PAT_adj	ERCB_GLOM_H1	MAC	32	-0.12407736261079841	-1.377691839281869	snRNA_endosplit
GLOM	HT_vs_PAT_adj	ERCB_GLOM_H1	DC	26	-0.10013715032644993	-0.9272084114583032	snRNA_endosplit
GLOM	HT_vs_PAT_adj	ERCB_GLOM_H1	MAST	18	-0.378266374949034	-3.73030140874769	snRNA_endosplit
GLOM	HT_vs_PAT_adj	ERCB_GLOM_H1	ENDO_GC	25	0.2588301683304193	3.475666534643098	snRNA_endosplit
GLOM	HT_vs_PAT_adj	ERCB_GLOM_H1	ENDO_ART	30	0.05206419411835039	1.1323475555488045	snRNA_endosplit
GLOM	HT_vs_PAT_adj	META	PT	16	-0.05426835785953349	-0.25746194968903535	snRNA_endosplit
GLOM	HT_vs_PAT_adj	META	PT_injured	12	-0.013225457359787834	0.12111315311433261	snRNA_endosplit
GLOM	HT_vs_PAT_adj	META	LOH	24	-0.0671385661385499	-0.4838871939217409	snRNA_endosplit
GLOM	HT_vs_PAT_adj	META	DCT	22	-0.03946587698874718	-0.09882411802568239	snRNA_endosplit
GLOM	HT_vs_PAT_adj	META	CNT_PC	26	-0.24229716593580486	-2.8309703961430714	snRNA_endosplit
GLOM	HT_vs_PAT_adj	META	IC	18	-0.17037666213653316	-1.5523052468273877	snRNA_endosplit
GLOM	HT_vs_PAT_adj	META	PODO	22	0.4592465387574395	5.817783727121295	snRNA_endosplit
GLOM	HT_vs_PAT_adj	META	PEC	22	-0.07962457108418239	-0.6343036245535247	snRNA_endosplit
GLOM	HT_vs_PAT_adj	META	ENDO_PT	32	0.14999911751003162	2.5628366234741953	snRNA_endosplit
GLOM	HT_vs_PAT_adj	META	MES	36	0.04357812721598209	1.0721790408795928	snRNA_endosplit
GLOM	HT_vs_PAT_adj	META	STROMA	40	-0.018955612073778084	0.13224350215527575	snRNA_endosplit
GLOM	HT_vs_PAT_adj	META	PERI	33	-0.07875263503039964	-0.8170777675947408	snRNA_endosplit
GLOM	HT_vs_PAT_adj	META	BCELL	25	-0.25737151038827727	-2.881124847070037	snRNA_endosplit
GLOM	HT_vs_PAT_adj	META	TCELL	36	-0.26679630959052414	-3.551890883353229	snRNA_endosplit
GLOM	HT_vs_PAT_adj	META	MAC	32	-0.12407736261079841	-1.4448431235202406	snRNA_endosplit
GLOM	HT_vs_PAT_adj	META	DC	26	-0.10013715032644993	-1.011624601506202	snRNA_endosplit
GLOM	HT_vs_PAT_adj	META	MAST	18	-0.378266374949034	-3.7455839408101554	snRNA_endosplit
GLOM	HT_vs_PAT_adj	META	ENDO_GC	25	0.2588301683304193	3.6426440232706803	snRNA_endosplit
GLOM	HT_vs_PAT_adj	META	ENDO_ART	30	0.05206419411835039	1.0491850802765166	snRNA_endosplit
GLOM	IgAN_vs_PAT	ERCB_GLOM_H1	PT	16	-0.07665075863769744	-0.5733278285144651	snRNA_endosplit
GLOM	IgAN_vs_PAT	ERCB_GLOM_H1	PT_injured	12	0.17636928523036963	2.0253116139324168	snRNA_endosplit
GLOM	IgAN_vs_PAT	ERCB_GLOM_H1	LOH	24	0.020910495581726238	0.6070215406046684	snRNA_endosplit
GLOM	IgAN_vs_PAT	ERCB_GLOM_H1	DCT	22	-0.004376262193545689	0.2649543998325795	snRNA_endosplit
GLOM	IgAN_vs_PAT	ERCB_GLOM_H1	CNT_PC	26	-0.18203974988024968	-2.2933878522227227	snRNA_endosplit
GLOM	IgAN_vs_PAT	ERCB_GLOM_H1	IC	18	-0.16413371306326655	-1.7061809161428863	snRNA_endosplit
GLOM	IgAN_vs_PAT	ERCB_GLOM_H1	PODO	22	0.044026396575976505	0.9652122824276508	snRNA_endosplit
GLOM	IgAN_vs_PAT	ERCB_GLOM_H1	PEC	22	-0.11017783070829781	-1.0882771058461376	snRNA_endosplit
GLOM	IgAN_vs_PAT	ERCB_GLOM_H1	ENDO_PT	32	0.018061021924950175	0.718466691596332	snRNA_endosplit
GLOM	IgAN_vs_PAT	ERCB_GLOM_H1	MES	36	-0.05476666014227602	-0.5166602530235834	snRNA_endosplit
GLOM	IgAN_vs_PAT	ERCB_GLOM_H1	STROMA	40	0.02587584798457101	0.8896347640286317	snRNA_endosplit
GLOM	IgAN_vs_PAT	ERCB_GLOM_H1	PERI	33	-0.11553052207455039	-1.4899690895809712	snRNA_endosplit
GLOM	IgAN_vs_PAT	ERCB_GLOM_H1	BCELL	25	-0.1505524729937315	-1.796054482092443	snRNA_endosplit
GLOM	IgAN_vs_PAT	ERCB_GLOM_H1	TCELL	36	-0.22698779973304933	-3.3761318953167305	snRNA_endosplit
GLOM	IgAN_vs_PAT	ERCB_GLOM_H1	MAC	32	-0.1118961487081833	-1.411417850626567	snRNA_endosplit
GLOM	IgAN_vs_PAT	ERCB_GLOM_H1	DC	26	-0.04638841103475829	-0.3078762148818333	snRNA_endosplit
GLOM	IgAN_vs_PAT	ERCB_GLOM_H1	MAST	18	-0.3049570831159751	-3.3212379032237345	snRNA_endosplit
GLOM	IgAN_vs_PAT	ERCB_GLOM_H1	ENDO_GC	25	0.12841132808476685	2.1417860253333005	snRNA_endosplit
GLOM	IgAN_vs_PAT	ERCB_GLOM_H1	ENDO_ART	30	0.042914164625108234	1.0755695908945477	snRNA_endosplit
GLOM	IgAN_vs_PAT	META	PT	16	-0.07665075863769744	-0.5727692316010095	snRNA_endosplit
GLOM	IgAN_vs_PAT	META	PT_injured	12	0.17636928523036963	1.9765095404153998	snRNA_endosplit
GLOM	IgAN_vs_PAT	META	LOH	24	0.020910495581726238	0.6320748763948695	snRNA_endosplit
GLOM	IgAN_vs_PAT	META	DCT	22	-0.004376262193545689	0.26879230213672206	snRNA_endosplit
GLOM	IgAN_vs_PAT	META	CNT_PC	26	-0.18203974988024968	-2.1732450324531776	snRNA_endosplit
GLOM	IgAN_vs_PAT	META	IC	18	-0.16413371306326655	-1.7650363087846581	snRNA_endosplit
GLOM	IgAN_vs_PAT	META	PODO	22	0.044026396575976505	0.9405760198327386	snRNA_endosplit
GLOM	IgAN_vs_PAT	META	PEC	22	-0.11017783070829781	-1.1951019843591928	snRNA_endosplit
GLOM	IgAN_vs_PAT	META	ENDO_PT	32	0.018061021924950175	0.713654337442861	snRNA_endosplit
GLOM	IgAN_vs_PAT	META	MES	36	-0.05476666014227602	-0.4905585357557503	snRNA_endosplit
GLOM	IgAN_vs_PAT	META	STROMA	40	0.02587584798457101	0.9030966869023386	snRNA_endosplit
GLOM	IgAN_vs_PAT	META	PERI	33	-0.11553052207455039	-1.5703102649564253	snRNA_endosplit
GLOM	IgAN_vs_PAT	META	BCELL	25	-0.1505524729937315	-1.81100840615552	snRNA_endosplit
GLOM	IgAN_vs_PAT	META	TCELL	36	-0.22698779973304933	-3.4217974560652005	snRNA_endosplit
GLOM	IgAN_vs_PAT	META	MAC	32	-0.1118961487081833	-1.3656862851800768	snRNA_endosplit
GLOM	IgAN_vs_PAT	META	DC	26	-0.04638841103475829	-0.3238002054281058	snRNA_endosplit
GLOM	IgAN_vs_PAT	META	MAST	18	-0.3049570831159751	-3.363860711881533	snRNA_endosplit
GLOM	IgAN_vs_PAT	META	ENDO_GC	25	0.12841132808476685	2.2596153474256186	snRNA_endosplit
GLOM	IgAN_vs_PAT	META	ENDO_ART	30	0.042914164625108234	1.0474654017881353	snRNA_endosplit
GLOM	IgAN_vs_PAT_adj	ERCB_GLOM_H1	PT	16	-0.08048404544428249	-0.6268834641585566	snRNA_endosplit
GLOM	IgAN_vs_PAT_adj	ERCB_GLOM_H1	PT_injured	12	0.19730521945208698	2.0940765356114324	snRNA_endosplit
GLOM	IgAN_vs_PAT_adj	ERCB_GLOM_H1	LOH	24	0.022509805402575103	0.6176433798443333	snRNA_endosplit
GLOM	IgAN_vs_PAT_adj	ERCB_GLOM_H1	DCT	22	-0.010164859725205627	0.16545165908378232	snRNA_endosplit
GLOM	IgAN_vs_PAT_adj	ERCB_GLOM_H1	CNT_PC	26	-0.18431702655764381	-2.2727091742701133	snRNA_endosplit
GLOM	IgAN_vs_PAT_adj	ERCB_GLOM_H1	IC	18	-0.16756192819914584	-1.6737691529222267	snRNA_endosplit
GLOM	IgAN_vs_PAT_adj	ERCB_GLOM_H1	PODO	22	0.04265661771116899	0.8854461781779593	snRNA_endosplit
GLOM	IgAN_vs_PAT_adj	ERCB_GLOM_H1	PEC	22	-0.1102524024094532	-1.1228103141230705	snRNA_endosplit
GLOM	IgAN_vs_PAT_adj	ERCB_GLOM_H1	ENDO_PT	32	0.019741900352441638	0.7432177693896385	snRNA_endosplit
GLOM	IgAN_vs_PAT_adj	ERCB_GLOM_H1	MES	36	-0.055597704594935946	-0.5088502330933309	snRNA_endosplit
GLOM	IgAN_vs_PAT_adj	ERCB_GLOM_H1	STROMA	40	0.02913032847169268	0.8885718698035535	snRNA_endosplit
GLOM	IgAN_vs_PAT_adj	ERCB_GLOM_H1	PERI	33	-0.11538920168540705	-1.5610583278054717	snRNA_endosplit
GLOM	IgAN_vs_PAT_adj	ERCB_GLOM_H1	BCELL	25	-0.1505897471335568	-1.8480452829279703	snRNA_endosplit
GLOM	IgAN_vs_PAT_adj	ERCB_GLOM_H1	TCELL	36	-0.22759415573841998	-3.399605193493799	snRNA_endosplit
GLOM	IgAN_vs_PAT_adj	ERCB_GLOM_H1	MAC	32	-0.10919513787282223	-1.3637519403140788	snRNA_endosplit
GLOM	IgAN_vs_PAT_adj	ERCB_GLOM_H1	DC	26	-0.0410326361641287	-0.25692617646360216	snRNA_endosplit
GLOM	IgAN_vs_PAT_adj	ERCB_GLOM_H1	MAST	18	-0.3088076634731427	-3.3426965715445762	snRNA_endosplit
GLOM	IgAN_vs_PAT_adj	ERCB_GLOM_H1	ENDO_GC	25	0.1350878038716155	2.2337677418006776	snRNA_endosplit
GLOM	IgAN_vs_PAT_adj	ERCB_GLOM_H1	ENDO_ART	30	0.04433950937735317	1.1025110052663505	snRNA_endosplit
GLOM	IgAN_vs_PAT_adj	META	PT	16	-0.08048404544428249	-0.6164227937497042	snRNA_endosplit
GLOM	IgAN_vs_PAT_adj	META	PT_injured	12	0.19730521945208698	2.2258508350652617	snRNA_endosplit
GLOM	IgAN_vs_PAT_adj	META	LOH	24	0.022509805402575103	0.7141143017270379	snRNA_endosplit
GLOM	IgAN_vs_PAT_adj	META	DCT	22	-0.010164859725205627	0.1768939311284638	snRNA_endosplit
GLOM	IgAN_vs_PAT_adj	META	CNT_PC	26	-0.18431702655764381	-2.260354867548163	snRNA_endosplit
GLOM	IgAN_vs_PAT_adj	META	IC	18	-0.16756192819914584	-1.9002609956917709	snRNA_endosplit
GLOM	IgAN_vs_PAT_adj	META	PODO	22	0.04265661771116899	0.916895048504228	snRNA_endosplit
GLOM	IgAN_vs_PAT_adj	META	PEC	22	-0.1102524024094532	-1.1048966897243826	snRNA_endosplit
GLOM	IgAN_vs_PAT_adj	META	ENDO_PT	32	0.019741900352441638	0.6611930920121769	snRNA_endosplit
GLOM	IgAN_vs_PAT_adj	META	MES	36	-0.055597704594935946	-0.5480632609307132	snRNA_endosplit
GLOM	IgAN_vs_PAT_adj	META	STROMA	40	0.02913032847169268	0.9496211887580914	snRNA_endosplit
GLOM	IgAN_vs_PAT_adj	META	PERI	33	-0.11538920168540705	-1.4695738171715136	snRNA_endosplit
GLOM	IgAN_vs_PAT_adj	META	BCELL	25	-0.1505897471335568	-1.842162390838322	snRNA_endosplit
GLOM	IgAN_vs_PAT_adj	META	TCELL	36	-0.22759415573841998	-3.5649718177144814	snRNA_endosplit
GLOM	IgAN_vs_PAT_adj	META	MAC	32	-0.10919513787282223	-1.3176098290890963	snRNA_endosplit
GLOM	IgAN_vs_PAT_adj	META	DC	26	-0.0410326361641287	-0.26252728944610687	snRNA_endosplit
GLOM	IgAN_vs_PAT_adj	META	MAST	18	-0.3088076634731427	-3.4989385835342923	snRNA_endosplit
GLOM	IgAN_vs_PAT_adj	META	ENDO_GC	25	0.1350878038716155	2.107644982943424	snRNA_endosplit
GLOM	IgAN_vs_PAT_adj	META	ENDO_ART	30	0.04433950937735317	1.0022185682819296	snRNA_endosplit
GLOM	LN_vs_PAT	ERCB_GLOM_H1	PT	16	0.1971034030430019	0.31626126131231047	snRNA_endosplit
GLOM	LN_vs_PAT	ERCB_GLOM_H1	PT_injured	12	-0.5918326092263063	-1.5659510973612667	snRNA_endosplit
GLOM	LN_vs_PAT	ERCB_GLOM_H1	LOH	24	-0.21389338506075242	-0.9728813893466806	snRNA_endosplit
GLOM	LN_vs_PAT	ERCB_GLOM_H1	DCT	22	-0.11319476239044558	-0.6904539182478929	snRNA_endosplit
GLOM	LN_vs_PAT	ERCB_GLOM_H1	CNT_PC	26	0.628374339439548	1.9912343779698551	snRNA_endosplit
GLOM	LN_vs_PAT	ERCB_GLOM_H1	IC	18	0.5804332704800699	1.5356812532621875	snRNA_endosplit
GLOM	LN_vs_PAT	ERCB_GLOM_H1	PODO	22	-0.3760237917515703	-1.5480942008898089	snRNA_endosplit
GLOM	LN_vs_PAT	ERCB_GLOM_H1	PEC	22	0.531811971725388	1.5044619785917335	snRNA_endosplit
GLOM	LN_vs_PAT	ERCB_GLOM_H1	ENDO_PT	32	-0.015185509517323226	-0.3934957567164825	snRNA_endosplit
GLOM	LN_vs_PAT	ERCB_GLOM_H1	MES	36	0.1626879222328878	0.3396353996742881	snRNA_endosplit
GLOM	LN_vs_PAT	ERCB_GLOM_H1	STROMA	40	0.03675148580223322	-0.19175096691306923	snRNA_endosplit
GLOM	LN_vs_PAT	ERCB_GLOM_H1	PERI	33	0.47480199486017227	1.6228603894219382	snRNA_endosplit
GLOM	LN_vs_PAT	ERCB_GLOM_H1	BCELL	25	0.7607731271535159	2.3480843201626653	snRNA_endosplit
GLOM	LN_vs_PAT	ERCB_GLOM_H1	TCELL	36	0.9156871896573446	3.7377942409404477	snRNA_endosplit
GLOM	LN_vs_PAT	ERCB_GLOM_H1	MAC	32	1.2463951955141965	4.722073816828928	snRNA_endosplit
GLOM	LN_vs_PAT	ERCB_GLOM_H1	DC	26	0.9193003616080835	2.976865664930893	snRNA_endosplit
GLOM	LN_vs_PAT	ERCB_GLOM_H1	MAST	18	1.0989242419600487	3.15194999514229	snRNA_endosplit
GLOM	LN_vs_PAT	ERCB_GLOM_H1	ENDO_GC	25	-0.2149420542921871	-1.056353725864721	snRNA_endosplit
GLOM	LN_vs_PAT	ERCB_GLOM_H1	ENDO_ART	30	-0.014237305025259654	-0.3697881769030033	snRNA_endosplit
GLOM	LN_vs_PAT	META	PT	16	0.1971034030430019	0.32331845025768396	snRNA_endosplit
GLOM	LN_vs_PAT	META	PT_injured	12	-0.5918326092263063	-1.7734008016006726	snRNA_endosplit
GLOM	LN_vs_PAT	META	LOH	24	-0.21389338506075242	-1.0162133631198744	snRNA_endosplit
GLOM	LN_vs_PAT	META	DCT	22	-0.11319476239044558	-0.7099965960193717	snRNA_endosplit
GLOM	LN_vs_PAT	META	CNT_PC	26	0.628374339439548	2.0643157092819306	snRNA_endosplit
GLOM	LN_vs_PAT	META	IC	18	0.5804332704800699	1.437251526572122	snRNA_endosplit
GLOM	LN_vs_PAT	META	PODO	22	-0.3760237917515703	-1.518270726779321	snRNA_endosplit
GLOM	LN_vs_PAT	META	PEC	22	0.531811971725388	1.4910846262549047	snRNA_endosplit
GLOM	LN_vs_PAT	META	ENDO_PT	32	-0.015185509517323226	-0.38528536596758556	snRNA_endosplit
GLOM	LN_vs_PAT	META	MES	36	0.1626879222328878	0.31809750822276983	snRNA_endosplit
GLOM	LN_vs_PAT	META	STROMA	40	0.03675148580223322	-0.2298156011376101	snRNA_endosplit
GLOM	LN_vs_PAT	META	PERI	33	0.47480199486017227	1.665046246130355	snRNA_endosplit
GLOM	LN_vs_PAT	META	BCELL	25	0.7607731271535159	2.3913117964563675	snRNA_endosplit
GLOM	LN_vs_PAT	META	TCELL	36	0.9156871896573446	3.539180457722944	snRNA_endosplit
GLOM	LN_vs_PAT	META	MAC	32	1.2463951955141965	4.538893703917134	snRNA_endosplit
GLOM	LN_vs_PAT	META	DC	26	0.9193003616080835	3.063925108242952	snRNA_endosplit
GLOM	LN_vs_PAT	META	MAST	18	1.0989242419600487	3.132091535463984	snRNA_endosplit
GLOM	LN_vs_PAT	META	ENDO_GC	25	-0.2149420542921871	-1.04347862501119	snRNA_endosplit
GLOM	LN_vs_PAT	META	ENDO_ART	30	-0.014237305025259654	-0.381551747608103	snRNA_endosplit
GLOM	LN_vs_PAT_adj	ERCB_GLOM_H1	PT	16	0.44219921757132624	1.1498357696145836	snRNA_endosplit
GLOM	LN_vs_PAT_adj	ERCB_GLOM_H1	PT_injured	12	-0.4066932081871448	-1.2361245703551649	snRNA_endosplit
GLOM	LN_vs_PAT_adj	ERCB_GLOM_H1	LOH	24	-0.1406283632157135	-0.8361934630202803	snRNA_endosplit
GLOM	LN_vs_PAT_adj	ERCB_GLOM_H1	DCT	22	0.004148469354404141	-0.2656635529171097	snRNA_endosplit
GLOM	LN_vs_PAT_adj	ERCB_GLOM_H1	CNT_PC	26	0.6580445778891355	2.258052043573152	snRNA_endosplit
GLOM	LN_vs_PAT_adj	ERCB_GLOM_H1	IC	18	0.613724825909571	1.7390513919134907	snRNA_endosplit
GLOM	LN_vs_PAT_adj	ERCB_GLOM_H1	PODO	22	-0.32649862538336905	-1.4914804643402766	snRNA_endosplit
GLOM	LN_vs_PAT_adj	ERCB_GLOM_H1	PEC	22	0.47408151805062565	1.4196922041788922	snRNA_endosplit
GLOM	LN_vs_PAT_adj	ERCB_GLOM_H1	ENDO_PT	32	-0.04773335253762842	-0.4912693057416207	snRNA_endosplit
GLOM	LN_vs_PAT_adj	ERCB_GLOM_H1	MES	36	0.12310522875299622	0.23240924580865485	snRNA_endosplit
GLOM	LN_vs_PAT_adj	ERCB_GLOM_H1	STROMA	40	0.015951671154229508	-0.2978276571751411	snRNA_endosplit
GLOM	LN_vs_PAT_adj	ERCB_GLOM_H1	PERI	33	0.4211403202217534	1.4633169528168235	snRNA_endosplit
GLOM	LN_vs_PAT_adj	ERCB_GLOM_H1	BCELL	25	0.6914784502033892	2.3401533571207325	snRNA_endosplit
GLOM	LN_vs_PAT_adj	ERCB_GLOM_H1	TCELL	36	0.8331732162239347	3.5141122247652565	snRNA_endosplit
GLOM	LN_vs_PAT_adj	ERCB_GLOM_H1	MAC	32	1.1308215219231643	4.45881710057699	snRNA_endosplit
GLOM	LN_vs_PAT_adj	ERCB_GLOM_H1	DC	26	0.7890267144874981	2.7682647448585	snRNA_endosplit
GLOM	LN_vs_PAT_adj	ERCB_GLOM_H1	MAST	18	1.039847792550278	3.1718906091560264	snRNA_endosplit
GLOM	LN_vs_PAT_adj	ERCB_GLOM_H1	ENDO_GC	25	-0.2992782844361809	-1.4558695389932617	snRNA_endosplit
GLOM	LN_vs_PAT_adj	ERCB_GLOM_H1	ENDO_ART	30	-0.04467517660302174	-0.46160469094964773	snRNA_endosplit
GLOM	LN_vs_PAT_adj	META	PT	16	0.44219921757132624	1.1275492490581551	snRNA_endosplit
GLOM	LN_vs_PAT_adj	META	PT_injured	12	-0.4066932081871448	-1.1966234271214768	snRNA_endosplit
GLOM	LN_vs_PAT_adj	META	LOH	24	-0.1406283632157135	-0.8279337641567036	snRNA_endosplit
GLOM	LN_vs_PAT_adj	META	DCT	22	0.004148469354404141	-0.19447292644067304	snRNA_endosplit
GLOM	LN_vs_PAT_adj	META	CNT_PC	26	0.6580445778891355	2.2602942293956545	snRNA_endosplit
GLOM	LN_vs_PAT_adj	META	IC	18	0.613724825909571	1.7842199150885423	snRNA_endosplit
GLOM	LN_vs_PAT_adj	META	PODO	22	-0.32649862538336905	-1.4199781451110847	snRNA_endosplit
GLOM	LN_vs_PAT_adj	META	PEC	22	0.47408151805062565	1.3899066074167814	snRNA_endosplit
GLOM	LN_vs_PAT_adj	META	ENDO_PT	32	-0.04773335253762842	-0.5681741567201233	snRNA_endosplit
GLOM	LN_vs_PAT_adj	META	MES	36	0.12310522875299622	0.2501132245076037	snRNA_endosplit
GLOM	LN_vs_PAT_adj	META	STROMA	40	0.015951671154229508	-0.25937089766056787	snRNA_endosplit
GLOM	LN_vs_PAT_adj	META	PERI	33	0.4211403202217534	1.4737212983839751	snRNA_endosplit
GLOM	LN_vs_PAT_adj	META	BCELL	25	0.6914784502033892	2.3842916978442577	snRNA_endosplit
GLOM	LN_vs_PAT_adj	META	TCELL	36	0.8331732162239347	3.5153012324157364	snRNA_endosplit
GLOM	LN_vs_PAT_adj	META	MAC	32	1.1308215219231643	4.468862248063855	snRNA_endosplit
GLOM	LN_vs_PAT_adj	META	DC	26	0.7890267144874981	2.8808630711517726	snRNA_endosplit
GLOM	LN_vs_PAT_adj	META	MAST	18	1.039847792550278	3.1395131528507276	snRNA_endosplit
GLOM	LN_vs_PAT_adj	META	ENDO_GC	25	-0.2992782844361809	-1.4055311232267593	snRNA_endosplit
GLOM	LN_vs_PAT_adj	META	ENDO_ART	30	-0.04467517660302174	-0.4878081089184173	snRNA_endosplit
GLOM	MCD_vs_PAT	ERCB_GLOM_H1	PT	16	-0.17443383554928005	-1.6340768049060999	snRNA_endosplit
GLOM	MCD_vs_PAT	ERCB_GLOM_H1	PT_injured	12	-0.11312253000990798	-0.8496670335613105	snRNA_endosplit
GLOM	MCD_vs_PAT	ERCB_GLOM_H1	LOH	24	-0.09861983393784612	-0.9698145873360534	snRNA_endosplit
GLOM	MCD_vs_PAT	ERCB_GLOM_H1	DCT	22	-0.11655532797290519	-1.2237094680716616	snRNA_endosplit
GLOM	MCD_vs_PAT	ERCB_GLOM_H1	CNT_PC	26	-0.31454930977466017	-3.7838883305590416	snRNA_endosplit
GLOM	MCD_vs_PAT	ERCB_GLOM_H1	IC	18	-0.26302150016029674	-2.615088181201262	snRNA_endosplit
GLOM	MCD_vs_PAT	ERCB_GLOM_H1	PODO	22	0.18656294742091137	2.2866319033124025	snRNA_endosplit
GLOM	MCD_vs_PAT	ERCB_GLOM_H1	PEC	22	-0.011768879707564028	0.0025324893326073624	snRNA_endosplit
GLOM	MCD_vs_PAT	ERCB_GLOM_H1	ENDO_PT	32	0.04228073329181826	0.8159591862120699	snRNA_endosplit
GLOM	MCD_vs_PAT	ERCB_GLOM_H1	MES	36	-0.06262231380161312	-0.6777139440004157	snRNA_endosplit
GLOM	MCD_vs_PAT	ERCB_GLOM_H1	STROMA	40	-0.25351898977532983	-3.7344938235880893	snRNA_endosplit
GLOM	MCD_vs_PAT	ERCB_GLOM_H1	PERI	33	-0.25970863212944206	-3.3923593775119096	snRNA_endosplit
GLOM	MCD_vs_PAT	ERCB_GLOM_H1	BCELL	25	-0.297116287201643	-3.3547448269929308	snRNA_endosplit
GLOM	MCD_vs_PAT	ERCB_GLOM_H1	TCELL	36	-0.29251758883603746	-4.070643095262227	snRNA_endosplit
GLOM	MCD_vs_PAT	ERCB_GLOM_H1	MAC	32	-0.35385534982196987	-4.546638856034511	snRNA_endosplit
GLOM	MCD_vs_PAT	ERCB_GLOM_H1	DC	26	-0.31164064738326347	-3.716370243421995	snRNA_endosplit
GLOM	MCD_vs_PAT	ERCB_GLOM_H1	MAST	18	-0.30000075987643665	-2.8970417538174735	snRNA_endosplit
GLOM	MCD_vs_PAT	ERCB_GLOM_H1	ENDO_GC	25	0.4227247042953968	5.33321453928267	snRNA_endosplit
GLOM	MCD_vs_PAT	ERCB_GLOM_H1	ENDO_ART	30	-0.03519357529779277	-0.28372189324682123	snRNA_endosplit
GLOM	MCD_vs_PAT	ERCB_GLOM_H7	PT	16	0.908500462770462	5.277663493888497	snRNA_endosplit
GLOM	MCD_vs_PAT	ERCB_GLOM_H7	PT_injured	12	0.4435812806089719	1.9649738744168137	snRNA_endosplit
GLOM	MCD_vs_PAT	ERCB_GLOM_H7	LOH	24	0.047492572222836316	-0.12302803904528244	snRNA_endosplit
GLOM	MCD_vs_PAT	ERCB_GLOM_H7	DCT	22	0.17095741426402872	0.7494743719878049	snRNA_endosplit
GLOM	MCD_vs_PAT	ERCB_GLOM_H7	CNT_PC	26	0.03771521172557886	-0.2554612467143992	snRNA_endosplit
GLOM	MCD_vs_PAT	ERCB_GLOM_H7	IC	18	-0.04723418835136625	-0.7742919694577896	snRNA_endosplit
GLOM	MCD_vs_PAT	ERCB_GLOM_H7	PODO	22	0.38507858553731983	2.261577089747145	snRNA_endosplit
GLOM	MCD_vs_PAT	ERCB_GLOM_H7	PEC	22	0.04867232540114359	-0.07538669707008128	snRNA_endosplit
GLOM	MCD_vs_PAT	ERCB_GLOM_H7	ENDO_PT	32	-0.31549322087084875	-3.210610513416525	snRNA_endosplit
GLOM	MCD_vs_PAT	ERCB_GLOM_H7	MES	36	-0.23677322775539425	-2.7278832403857405	snRNA_endosplit
GLOM	MCD_vs_PAT	ERCB_GLOM_H7	STROMA	40	-0.2651370197767392	-3.2183570520053166	snRNA_endosplit
GLOM	MCD_vs_PAT	ERCB_GLOM_H7	PERI	33	-0.06320878197297905	-1.1252047595033419	snRNA_endosplit
GLOM	MCD_vs_PAT	ERCB_GLOM_H7	BCELL	25	-0.17020380571484567	-1.7884637872636147	snRNA_endosplit
GLOM	MCD_vs_PAT	ERCB_GLOM_H7	TCELL	36	-0.30632865335792303	-3.487147670395962	snRNA_endosplit
GLOM	MCD_vs_PAT	ERCB_GLOM_H7	MAC	32	-0.7517628505593166	-6.928085531844359	snRNA_endosplit
GLOM	MCD_vs_PAT	ERCB_GLOM_H7	DC	26	-0.8420548072407166	-7.148653785480346	snRNA_endosplit
GLOM	MCD_vs_PAT	ERCB_GLOM_H7	MAST	18	-0.10272441783712968	-1.1667572921718634	snRNA_endosplit
GLOM	MCD_vs_PAT	ERCB_GLOM_H7	ENDO_GC	25	-0.23836312018334865	-2.4692268434920526	snRNA_endosplit
GLOM	MCD_vs_PAT	ERCB_GLOM_H7	ENDO_ART	30	-0.19801404417182009	-2.2754476684046914	snRNA_endosplit
GLOM	MCD_vs_PAT	GSE108109-GPL19983	PT	40	0.06225635298760608	1.3104997597701398	snRNA_endosplit
GLOM	MCD_vs_PAT	GSE108109-GPL19983	PT_injured	30	0.0849963737030824	1.5497920940576762	snRNA_endosplit
GLOM	MCD_vs_PAT	GSE108109-GPL19983	LOH	43	-0.08556069149960611	-1.893607740529776	snRNA_endosplit
GLOM	MCD_vs_PAT	GSE108109-GPL19983	DCT	46	-0.04028618287939816	-0.9162958140966291	snRNA_endosplit
GLOM	MCD_vs_PAT	GSE108109-GPL19983	CNT_PC	46	-0.1392194136025627	-3.1537519641614264	snRNA_endosplit
GLOM	MCD_vs_PAT	GSE108109-GPL19983	IC	47	-0.022568398056195153	-0.5172481841570123	snRNA_endosplit
GLOM	MCD_vs_PAT	GSE108109-GPL19983	PODO	47	0.08697235099153906	1.9981533988457494	snRNA_endosplit
GLOM	MCD_vs_PAT	GSE108109-GPL19983	PEC	48	-0.09704974111324798	-2.3588426826084437	snRNA_endosplit
GLOM	MCD_vs_PAT	GSE108109-GPL19983	ENDO_PT	49	0.13002791641872824	3.037161290457534	snRNA_endosplit
GLOM	MCD_vs_PAT	GSE108109-GPL19983	MES	49	0.11150636343399481	2.6350111725015584	snRNA_endosplit
GLOM	MCD_vs_PAT	GSE108109-GPL19983	STROMA	48	-0.1798919648087273	-4.397748944173102	snRNA_endosplit
GLOM	MCD_vs_PAT	GSE108109-GPL19983	PERI	49	-0.08477562510085349	-2.039840984040965	snRNA_endosplit
GLOM	MCD_vs_PAT	GSE108109-GPL19983	BCELL	44	-0.06939625382603314	-1.566305888037918	snRNA_endosplit
GLOM	MCD_vs_PAT	GSE108109-GPL19983	TCELL	48	-0.05442788848692242	-1.3016265917568712	snRNA_endosplit
GLOM	MCD_vs_PAT	GSE108109-GPL19983	MAC	49	-0.20059350563203726	-4.758180131557179	snRNA_endosplit
GLOM	MCD_vs_PAT	GSE108109-GPL19983	DC	49	-0.15429152263214393	-3.6516511854173954	snRNA_endosplit
GLOM	MCD_vs_PAT	GSE108109-GPL19983	MAST	24	0.03987383049388881	0.7160154197847455	snRNA_endosplit
GLOM	MCD_vs_PAT	GSE108109-GPL19983	ENDO_GC	47	0.3109618332237005	7.284986037128413	snRNA_endosplit
GLOM	MCD_vs_PAT	GSE108109-GPL19983	ENDO_ART	48	-0.04624288911387945	-1.0894144030991713	snRNA_endosplit
GLOM	MCD_vs_PAT	META	PT	40	0.10837649119785056	2.0334872059680893	snRNA_endosplit
GLOM	MCD_vs_PAT	META	PT_injured	30	0.09181818634582063	1.43014862317747	snRNA_endosplit
GLOM	MCD_vs_PAT	META	LOH	43	-0.06219901748781286	-1.5950008173593988	snRNA_endosplit
GLOM	MCD_vs_PAT	META	DCT	46	-0.02629773441188171	-0.9528543134017996	snRNA_endosplit
GLOM	MCD_vs_PAT	META	CNT_PC	46	-0.12550839192935842	-3.3336145048640025	snRNA_endosplit
GLOM	MCD_vs_PAT	META	IC	47	-0.060015934777069596	-1.7196639615400724	snRNA_endosplit
GLOM	MCD_vs_PAT	META	PODO	47	0.14006814368255766	2.9879856323301093	snRNA_endosplit
GLOM	MCD_vs_PAT	META	PEC	48	-0.03851859115012404	-1.251902189135281	snRNA_endosplit
GLOM	MCD_vs_PAT	META	ENDO_PT	50	0.020703348387566302	0.19278961468161676	snRNA_endosplit
GLOM	MCD_vs_PAT	META	MES	49	-0.021853959865766725	-0.8250693635059053	snRNA_endosplit
GLOM	MCD_vs_PAT	META	STROMA	48	-0.21877171922500968	-5.7406235660623395	snRNA_endosplit
GLOM	MCD_vs_PAT	META	PERI	49	-0.08956578783342474	-2.501284333111031	snRNA_endosplit
GLOM	MCD_vs_PAT	META	BCELL	46	-0.14070110216962875	-3.518322816946541	snRNA_endosplit
GLOM	MCD_vs_PAT	META	TCELL	49	-0.16497549729193656	-4.380168919094194	snRNA_endosplit
GLOM	MCD_vs_PAT	META	MAC	49	-0.36013100718442653	-8.807543277735217	snRNA_endosplit
GLOM	MCD_vs_PAT	META	DC	49	-0.3044414969610975	-7.62566790055413	snRNA_endosplit
GLOM	MCD_vs_PAT	META	MAST	25	-0.10033590370323507	-1.9417778419597556	snRNA_endosplit
GLOM	MCD_vs_PAT	META	ENDO_GC	47	0.225149208719426	5.047040442673538	snRNA_endosplit
GLOM	MCD_vs_PAT	META	ENDO_ART	48	-0.0743052996824392	-2.186562075199054	snRNA_endosplit
GLOM	MCD_vs_PAT_adj	ERCB_GLOM_H1	PT	16	-0.23718049790320955	-2.2102722012050458	snRNA_endosplit
GLOM	MCD_vs_PAT_adj	ERCB_GLOM_H1	PT_injured	12	-0.16379030013639329	-1.1774100684312183	snRNA_endosplit
GLOM	MCD_vs_PAT_adj	ERCB_GLOM_H1	LOH	24	-0.10928041972273611	-1.1577534911430296	snRNA_endosplit
GLOM	MCD_vs_PAT_adj	ERCB_GLOM_H1	DCT	22	-0.13803515124889823	-1.3912628998792866	snRNA_endosplit
GLOM	MCD_vs_PAT_adj	ERCB_GLOM_H1	CNT_PC	26	-0.32212621552742016	-3.707512872092337	snRNA_endosplit
GLOM	MCD_vs_PAT_adj	ERCB_GLOM_H1	IC	18	-0.2704252620065828	-2.6226890125375717	snRNA_endosplit
GLOM	MCD_vs_PAT_adj	ERCB_GLOM_H1	PODO	22	0.18271569114407404	2.1315088135045617	snRNA_endosplit
GLOM	MCD_vs_PAT_adj	ERCB_GLOM_H1	PEC	22	-0.011369103317578	0.08106696115197674	snRNA_endosplit
GLOM	MCD_vs_PAT_adj	ERCB_GLOM_H1	ENDO_PT	32	0.04758423331074022	0.9327311150024982	snRNA_endosplit
GLOM	MCD_vs_PAT_adj	ERCB_GLOM_H1	MES	36	-0.061001194652898584	-0.6587968276086891	snRNA_endosplit
GLOM	MCD_vs_PAT_adj	ERCB_GLOM_H1	STROMA	40	-0.25431637712015814	-3.53956825980561	snRNA_endosplit
GLOM	MCD_vs_PAT_adj	ERCB_GLOM_H1	PERI	33	-0.2620182527736323	-3.3718416375366096	snRNA_endosplit
GLOM	MCD_vs_PAT_adj	ERCB_GLOM_H1	BCELL	25	-0.29405506588555325	-3.3196222591059183	snRNA_endosplit
GLOM	MCD_vs_PAT_adj	ERCB_GLOM_H1	TCELL	36	-0.28849275851626605	-4.024077622176946	snRNA_endosplit
GLOM	MCD_vs_PAT_adj	ERCB_GLOM_H1	MAC	32	-0.36022507861159575	-4.6399952817097185	snRNA_endosplit
GLOM	MCD_vs_PAT_adj	ERCB_GLOM_H1	DC	26	-0.31940722500264673	-3.613183861497589	snRNA_endosplit
GLOM	MCD_vs_PAT_adj	ERCB_GLOM_H1	MAST	18	-0.29948635270885116	-2.828246572401221	snRNA_endosplit
GLOM	MCD_vs_PAT_adj	ERCB_GLOM_H1	ENDO_GC	25	0.4470004348897917	5.5359752688411685	snRNA_endosplit
GLOM	MCD_vs_PAT_adj	ERCB_GLOM_H1	ENDO_ART	30	-0.03181064401356992	-0.22920883693700048	snRNA_endosplit
GLOM	MCD_vs_PAT_adj	ERCB_GLOM_H7	PT	16	0.09888526246967413	0.24570909272263233	snRNA_endosplit
GLOM	MCD_vs_PAT_adj	ERCB_GLOM_H7	PT_injured	12	-0.2568284250260268	-2.3014550688919297	snRNA_endosplit
GLOM	MCD_vs_PAT_adj	ERCB_GLOM_H7	LOH	24	-0.2547488790257662	-3.298197669189339	snRNA_endosplit
GLOM	MCD_vs_PAT_adj	ERCB_GLOM_H7	DCT	22	-0.1905883377641345	-2.381372038334147	snRNA_endosplit
GLOM	MCD_vs_PAT_adj	ERCB_GLOM_H7	CNT_PC	26	-0.15519920068360712	-2.28575721790006	snRNA_endosplit
GLOM	MCD_vs_PAT_adj	ERCB_GLOM_H7	IC	18	-0.21843936578780263	-2.5248410967167843	snRNA_endosplit
GLOM	MCD_vs_PAT_adj	ERCB_GLOM_H7	PODO	22	0.2935271613724453	2.310632541653781	snRNA_endosplit
GLOM	MCD_vs_PAT_adj	ERCB_GLOM_H7	PEC	22	0.013560803746086907	-0.5638261510525561	snRNA_endosplit
GLOM	MCD_vs_PAT_adj	ERCB_GLOM_H7	ENDO_PT	32	-0.010362205353382538	-0.9831271023830469	snRNA_endosplit
GLOM	MCD_vs_PAT_adj	ERCB_GLOM_H7	MES	36	0.11937390134216584	0.5918518691973417	snRNA_endosplit
GLOM	MCD_vs_PAT_adj	ERCB_GLOM_H7	STROMA	40	-0.16408439284521953	-2.9753863974182906	snRNA_endosplit
GLOM	MCD_vs_PAT_adj	ERCB_GLOM_H7	PERI	33	0.003897234094549234	-0.7775369417748578	snRNA_endosplit
GLOM	MCD_vs_PAT_adj	ERCB_GLOM_H7	BCELL	25	-0.026588527321134276	-0.9625940519632916	snRNA_endosplit
GLOM	MCD_vs_PAT_adj	ERCB_GLOM_H7	TCELL	36	-0.11801770987754837	-2.362353444572425	snRNA_endosplit
GLOM	MCD_vs_PAT_adj	ERCB_GLOM_H7	MAC	32	-0.39277559382863647	-5.28420452945021	snRNA_endosplit
GLOM	MCD_vs_PAT_adj	ERCB_GLOM_H7	DC	26	-0.46972884246788	-5.48074184589875	snRNA_endosplit
GLOM	MCD_vs_PAT_adj	ERCB_GLOM_H7	MAST	18	-0.05232923210035189	-1.1170759174380689	snRNA_endosplit
GLOM	MCD_vs_PAT_adj	ERCB_GLOM_H7	ENDO_GC	25	0.05626116432715893	-0.1157792986081704	snRNA_endosplit
GLOM	MCD_vs_PAT_adj	ERCB_GLOM_H7	ENDO_ART	30	-0.010217919500095575	-0.8790800695167812	snRNA_endosplit
GLOM	MCD_vs_PAT_adj	GSE108109-GPL19983	PT	40	-0.008813500589091177	-0.2509819110753652	snRNA_endosplit
GLOM	MCD_vs_PAT_adj	GSE108109-GPL19983	PT_injured	30	-0.003328371681688593	-0.10811288041754002	snRNA_endosplit
GLOM	MCD_vs_PAT_adj	GSE108109-GPL19983	LOH	43	-0.11814218048368647	-2.6061782975857795	snRNA_endosplit
GLOM	MCD_vs_PAT_adj	GSE108109-GPL19983	DCT	46	-0.059619571080210806	-1.3801527375537974	snRNA_endosplit
GLOM	MCD_vs_PAT_adj	GSE108109-GPL19983	CNT_PC	46	-0.1531050277705143	-3.556797136176019	snRNA_endosplit
GLOM	MCD_vs_PAT_adj	GSE108109-GPL19983	IC	47	-0.036815876887704505	-0.8740349612051499	snRNA_endosplit
GLOM	MCD_vs_PAT_adj	GSE108109-GPL19983	PODO	47	0.0661111207609677	1.5877363802332096	snRNA_endosplit
GLOM	MCD_vs_PAT_adj	GSE108109-GPL19983	PEC	48	-0.09380495515524645	-2.0975027548452783	snRNA_endosplit
GLOM	MCD_vs_PAT_adj	GSE108109-GPL19983	ENDO_PT	49	0.15821306911772604	3.656955476398783	snRNA_endosplit
GLOM	MCD_vs_PAT_adj	GSE108109-GPL19983	MES	49	0.13199821996819314	3.090006455884501	snRNA_endosplit
GLOM	MCD_vs_PAT_adj	GSE108109-GPL19983	STROMA	48	-0.1617288278039867	-3.7744573057496473	snRNA_endosplit
GLOM	MCD_vs_PAT_adj	GSE108109-GPL19983	PERI	49	-0.06629181546610351	-1.5911696826834976	snRNA_endosplit
GLOM	MCD_vs_PAT_adj	GSE108109-GPL19983	BCELL	44	-0.05001516316303233	-1.119709090289272	snRNA_endosplit
GLOM	MCD_vs_PAT_adj	GSE108109-GPL19983	TCELL	48	-0.025797849419587283	-0.5453083085883349	snRNA_endosplit
GLOM	MCD_vs_PAT_adj	GSE108109-GPL19983	MAC	49	-0.14811171256928998	-3.45602733702621	snRNA_endosplit
GLOM	MCD_vs_PAT_adj	GSE108109-GPL19983	DC	49	-0.11110837412766744	-2.735121435171599	snRNA_endosplit
GLOM	MCD_vs_PAT_adj	GSE108109-GPL19983	MAST	24	0.048235614005144284	0.804510233727852	snRNA_endosplit
GLOM	MCD_vs_PAT_adj	GSE108109-GPL19983	ENDO_GC	47	0.3435555443806374	7.756793658377558	snRNA_endosplit
GLOM	MCD_vs_PAT_adj	GSE108109-GPL19983	ENDO_ART	48	-0.021042806043648703	-0.48177950974464073	snRNA_endosplit
GLOM	MCD_vs_PAT_adj	META	PT	40	-0.056985099804793646	-1.6217290854557198	snRNA_endosplit
GLOM	MCD_vs_PAT_adj	META	PT_injured	30	-0.07710113114071299	-1.7511717680632357	snRNA_endosplit
GLOM	MCD_vs_PAT_adj	META	LOH	43	-0.14168927152605618	-3.768130634980275	snRNA_endosplit
GLOM	MCD_vs_PAT_adj	META	DCT	46	-0.09838316088424402	-2.655572756829363	snRNA_endosplit
GLOM	MCD_vs_PAT_adj	META	CNT_PC	46	-0.17220797288002115	-4.69294864234036	snRNA_endosplit
GLOM	MCD_vs_PAT_adj	META	IC	47	-0.09509245608055858	-2.7154875249878594	snRNA_endosplit
GLOM	MCD_vs_PAT_adj	META	PODO	47	0.11140932700960585	2.515836702094621	snRNA_endosplit
GLOM	MCD_vs_PAT_adj	META	PEC	48	-0.0429372303095929	-1.3875459227889329	snRNA_endosplit
GLOM	MCD_vs_PAT_adj	META	ENDO_PT	50	0.10360039313834994	2.4050076055210936	snRNA_endosplit
GLOM	MCD_vs_PAT_adj	META	MES	49	0.07673669240517168	1.6619978123054624	snRNA_endosplit
GLOM	MCD_vs_PAT_adj	META	STROMA	48	-0.18314917522064209	-5.166560783753456	snRNA_endosplit
GLOM	MCD_vs_PAT_adj	META	PERI	49	-0.06523008740802153	-2.034917371999134	snRNA_endosplit
GLOM	MCD_vs_PAT_adj	META	BCELL	46	-0.10036565796290628	-2.797277577691366	snRNA_endosplit
GLOM	MCD_vs_PAT_adj	META	TCELL	49	-0.10428027720279032	-2.9259873993494527	snRNA_endosplit
GLOM	MCD_vs_PAT_adj	META	MAC	49	-0.25554075982404917	-6.7852568345356605	snRNA_endosplit
GLOM	MCD_vs_PAT_adj	META	DC	49	-0.21327697612945593	-5.415818738139395	snRNA_endosplit
GLOM	MCD_vs_PAT_adj	META	MAST	25	-0.08462111455599632	-1.691677992280601	snRNA_endosplit
GLOM	MCD_vs_PAT_adj	META	ENDO_GC	47	0.3013536835193794	7.424919633025396	snRNA_endosplit
GLOM	MCD_vs_PAT_adj	META	ENDO_ART	48	-0.019491697113176887	-0.777464848137694	snRNA_endosplit
GLOM	MN_vs_PAT	ERCB_GLOM_H1	PT	16	0.13277544776792635	1.0289555075115384	snRNA_endosplit
GLOM	MN_vs_PAT	ERCB_GLOM_H1	PT_injured	12	0.3296649182836215	2.3449357603052343	snRNA_endosplit
GLOM	MN_vs_PAT	ERCB_GLOM_H1	LOH	24	0.23153173395742974	2.2723572175337936	snRNA_endosplit
GLOM	MN_vs_PAT	ERCB_GLOM_H1	DCT	22	0.12659338755871763	1.097444259987693	snRNA_endosplit
GLOM	MN_vs_PAT	ERCB_GLOM_H1	CNT_PC	26	-0.11647979981856994	-1.4652425655070545	snRNA_endosplit
GLOM	MN_vs_PAT	ERCB_GLOM_H1	IC	18	-0.07812387341012557	-0.9488529093172984	snRNA_endosplit
GLOM	MN_vs_PAT	ERCB_GLOM_H1	PODO	22	0.3162553828548301	3.0709976030219526	snRNA_endosplit
GLOM	MN_vs_PAT	ERCB_GLOM_H1	PEC	22	-0.15826327218250794	-1.8543060718229372	snRNA_endosplit
GLOM	MN_vs_PAT	ERCB_GLOM_H1	ENDO_PT	32	-0.13511765784278396	-1.9177535290551961	snRNA_endosplit
GLOM	MN_vs_PAT	ERCB_GLOM_H1	MES	36	-0.027302720687455605	-0.5443628113703067	snRNA_endosplit
GLOM	MN_vs_PAT	ERCB_GLOM_H1	STROMA	40	-0.11366492626257241	-1.849610878387636	snRNA_endosplit
GLOM	MN_vs_PAT	ERCB_GLOM_H1	PERI	33	0.05122996643750054	0.4962685406346244	snRNA_endosplit
GLOM	MN_vs_PAT	ERCB_GLOM_H1	BCELL	25	-0.18059267543256283	-2.079767381910774	snRNA_endosplit
GLOM	MN_vs_PAT	ERCB_GLOM_H1	TCELL	36	-0.3715047179203894	-4.977191166761184	snRNA_endosplit
GLOM	MN_vs_PAT	ERCB_GLOM_H1	MAC	32	-0.7688402745407075	-9.871328168737895	snRNA_endosplit
GLOM	MN_vs_PAT	ERCB_GLOM_H1	DC	26	-0.5495501503778192	-6.323156852550045	snRNA_endosplit
GLOM	MN_vs_PAT	ERCB_GLOM_H1	MAST	18	-0.27598914090130067	-2.764634424060029	snRNA_endosplit
GLOM	MN_vs_PAT	ERCB_GLOM_H1	ENDO_GC	25	-0.19386561764404178	-2.275894837990226	snRNA_endosplit
GLOM	MN_vs_PAT	ERCB_GLOM_H1	ENDO_ART	30	-0.04315785864988964	-0.6799036639709773	snRNA_endosplit
GLOM	MN_vs_PAT	GSE108109-GPL19983	PT	40	0.04039617732632904	0.9426035632310023	snRNA_endosplit
GLOM	MN_vs_PAT	GSE108109-GPL19983	PT_injured	30	0.04464999500972529	0.8510768466574071	snRNA_endosplit
GLOM	MN_vs_PAT	GSE108109-GPL19983	LOH	43	0.03695153877637241	0.8272090149985483	snRNA_endosplit
GLOM	MN_vs_PAT	GSE108109-GPL19983	DCT	46	-0.02095429465154429	-0.6809210851009684	snRNA_endosplit
GLOM	MN_vs_PAT	GSE108109-GPL19983	CNT_PC	46	-0.0070952452800196	-0.40651846359028665	snRNA_endosplit
GLOM	MN_vs_PAT	GSE108109-GPL19983	IC	47	0.0004810857551885816	-0.1898926373171268	snRNA_endosplit
GLOM	MN_vs_PAT	GSE108109-GPL19983	PODO	47	0.2197841131029294	6.002565866606193	snRNA_endosplit
GLOM	MN_vs_PAT	GSE108109-GPL19983	PEC	48	0.02149654770619237	0.40807482771557124	snRNA_endosplit
GLOM	MN_vs_PAT	GSE108109-GPL19983	ENDO_PT	49	-0.11519695286239895	-3.5960223200681876	snRNA_endosplit
GLOM	MN_vs_PAT	GSE108109-GPL19983	MES	49	-0.16453540554550491	-4.827559072519369	snRNA_endosplit
GLOM	MN_vs_PAT	GSE108109-GPL19983	STROMA	48	-0.04224483702758638	-1.4070899359303815	snRNA_endosplit
GLOM	MN_vs_PAT	GSE108109-GPL19983	PERI	49	0.018119095149925175	0.3862978927826684	snRNA_endosplit
GLOM	MN_vs_PAT	GSE108109-GPL19983	BCELL	44	-0.05256860598985273	-1.4614905961248563	snRNA_endosplit
GLOM	MN_vs_PAT	GSE108109-GPL19983	TCELL	48	-0.13671601123254126	-3.7939495309295013	snRNA_endosplit
GLOM	MN_vs_PAT	GSE108109-GPL19983	MAC	49	-0.07974017044524567	-2.3796083675169886	snRNA_endosplit
GLOM	MN_vs_PAT	GSE108109-GPL19983	DC	49	-0.01487219417277647	-0.5987554164283055	snRNA_endosplit
GLOM	MN_vs_PAT	GSE108109-GPL19983	MAST	24	0.010890187850842871	0.07511047764032036	snRNA_endosplit
GLOM	MN_vs_PAT	GSE108109-GPL19983	ENDO_GC	47	-0.13076698617573745	-3.68609283734839	snRNA_endosplit
GLOM	MN_vs_PAT	GSE108109-GPL19983	ENDO_ART	48	-0.06057247608077887	-1.8799091282324425	snRNA_endosplit
GLOM	MN_vs_PAT	META	PT	40	0.0710570691677276	1.4865153377453946	snRNA_endosplit
GLOM	MN_vs_PAT	META	PT_injured	30	0.10512523908788957	2.015587084310505	snRNA_endosplit
GLOM	MN_vs_PAT	META	LOH	43	0.0862012789232743	1.8445352359531346	snRNA_endosplit
GLOM	MN_vs_PAT	META	DCT	46	0.009445886446527487	0.04808493767349636	snRNA_endosplit
GLOM	MN_vs_PAT	META	CNT_PC	46	-0.036666882898830605	-1.1663960438785799	snRNA_endosplit
GLOM	MN_vs_PAT	META	IC	47	-0.005036015021416575	-0.3708808316690465	snRNA_endosplit
GLOM	MN_vs_PAT	META	PODO	47	0.23528610683105727	5.819934508198994	snRNA_endosplit
GLOM	MN_vs_PAT	META	PEC	48	-0.014538103981370412	-0.5704126775638134	snRNA_endosplit
GLOM	MN_vs_PAT	META	ENDO_PT	50	-0.11214579809806308	-3.179842975837324	snRNA_endosplit
GLOM	MN_vs_PAT	META	MES	49	-0.11757581867930973	-3.337503002739168	snRNA_endosplit
GLOM	MN_vs_PAT	META	STROMA	48	-0.07357611432962584	-2.064811398244134	snRNA_endosplit
GLOM	MN_vs_PAT	META	PERI	49	0.019306848433857063	0.328274908648363	snRNA_endosplit
GLOM	MN_vs_PAT	META	BCELL	46	-0.07451854673285119	-2.0332702866278582	snRNA_endosplit
GLOM	MN_vs_PAT	META	TCELL	49	-0.22264621487571573	-6.054718977780328	snRNA_endosplit
GLOM	MN_vs_PAT	META	MAC	49	-0.29646138314333537	-7.942789700481774	snRNA_endosplit
GLOM	MN_vs_PAT	META	DC	49	-0.16372939921459373	-4.604071622263302	snRNA_endosplit
GLOM	MN_vs_PAT	META	MAST	25	-0.0908707933872938	-1.8775938600634325	snRNA_endosplit
GLOM	MN_vs_PAT	META	ENDO_GC	47	-0.13805259490246943	-3.7844998695769587	snRNA_endosplit
GLOM	MN_vs_PAT	META	ENDO_ART	48	-0.05366403226616967	-1.6106410398606634	snRNA_endosplit
GLOM	MN_vs_PAT_adj	ERCB_GLOM_H1	PT	16	-0.0856792616598249	-0.9741787100327288	snRNA_endosplit
GLOM	MN_vs_PAT_adj	ERCB_GLOM_H1	PT_injured	12	0.1034109469754903	0.7146067428903514	snRNA_endosplit
GLOM	MN_vs_PAT_adj	ERCB_GLOM_H1	LOH	24	0.1593061851825139	1.6807265466862102	snRNA_endosplit
GLOM	MN_vs_PAT_adj	ERCB_GLOM_H1	DCT	22	0.0276499076119621	0.1269361594231673	snRNA_endosplit
GLOM	MN_vs_PAT_adj	ERCB_GLOM_H1	CNT_PC	26	-0.1456297325178624	-2.029098015450664	snRNA_endosplit
GLOM	MN_vs_PAT_adj	ERCB_GLOM_H1	IC	18	-0.0989829879391389	-1.1216445486275584	snRNA_endosplit
GLOM	MN_vs_PAT_adj	ERCB_GLOM_H1	PODO	22	0.26971138210532175	2.8259834585698966	snRNA_endosplit
GLOM	MN_vs_PAT_adj	ERCB_GLOM_H1	PEC	22	-0.15216400677604594	-1.8428994253508033	snRNA_endosplit
GLOM	MN_vs_PAT_adj	ERCB_GLOM_H1	ENDO_PT	32	-0.11039514302376038	-1.6762288897490396	snRNA_endosplit
GLOM	MN_vs_PAT_adj	ERCB_GLOM_H1	MES	36	0.009008890745203517	-0.10305790554206153	snRNA_endosplit
GLOM	MN_vs_PAT_adj	ERCB_GLOM_H1	STROMA	40	-0.09959687309098242	-1.6647656826049995	snRNA_endosplit
GLOM	MN_vs_PAT_adj	ERCB_GLOM_H1	PERI	33	0.08490294828882952	0.9423049766248045	snRNA_endosplit
GLOM	MN_vs_PAT_adj	ERCB_GLOM_H1	BCELL	25	-0.1346811802097571	-1.7403367531722016	snRNA_endosplit
GLOM	MN_vs_PAT_adj	ERCB_GLOM_H1	TCELL	36	-0.30398194318430644	-4.622730784131935	snRNA_endosplit
GLOM	MN_vs_PAT_adj	ERCB_GLOM_H1	MAC	32	-0.6829400712333116	-9.504923903680426	snRNA_endosplit
GLOM	MN_vs_PAT_adj	ERCB_GLOM_H1	DC	26	-0.4620862545731316	-5.760909251835944	snRNA_endosplit
GLOM	MN_vs_PAT_adj	ERCB_GLOM_H1	MAST	18	-0.24508542369079445	-2.5699785130102786	snRNA_endosplit
GLOM	MN_vs_PAT_adj	ERCB_GLOM_H1	ENDO_GC	25	-0.12572531522515035	-1.5783841542024857	snRNA_endosplit
GLOM	MN_vs_PAT_adj	ERCB_GLOM_H1	ENDO_ART	30	-0.018422975029983135	-0.508265734729638	snRNA_endosplit
GLOM	MN_vs_PAT_adj	GSE108109-GPL19983	PT	40	-0.015139603965716153	-0.53610467670555	snRNA_endosplit
GLOM	MN_vs_PAT_adj	GSE108109-GPL19983	PT_injured	30	-0.032313859537211796	-0.88098955267962	snRNA_endosplit
GLOM	MN_vs_PAT_adj	GSE108109-GPL19983	LOH	43	0.014104498781035542	0.21506655269090746	snRNA_endosplit
GLOM	MN_vs_PAT_adj	GSE108109-GPL19983	DCT	46	-0.03524510740388445	-1.1787114560706096	snRNA_endosplit
GLOM	MN_vs_PAT_adj	GSE108109-GPL19983	CNT_PC	46	-0.018366981793064827	-0.6577195391322735	snRNA_endosplit
GLOM	MN_vs_PAT_adj	GSE108109-GPL19983	IC	47	-0.008379878246396761	-0.4330884879804187	snRNA_endosplit
GLOM	MN_vs_PAT_adj	GSE108109-GPL19983	PODO	47	0.20417397868041054	5.497948524724767	snRNA_endosplit
GLOM	MN_vs_PAT_adj	GSE108109-GPL19983	PEC	48	0.024761428392329293	0.48872067030102345	snRNA_endosplit
GLOM	MN_vs_PAT_adj	GSE108109-GPL19983	ENDO_PT	49	-0.09688028365562336	-2.894611006982363	snRNA_endosplit
GLOM	MN_vs_PAT_adj	GSE108109-GPL19983	MES	49	-0.15055104574532208	-4.294445629610522	snRNA_endosplit
GLOM	MN_vs_PAT_adj	GSE108109-GPL19983	STROMA	48	-0.023733747659102706	-0.879768603220243	snRNA_endosplit
GLOM	MN_vs_PAT_adj	GSE108109-GPL19983	PERI	49	0.03395275240572348	0.7390006215463057	snRNA_endosplit
GLOM	MN_vs_PAT_adj	GSE108109-GPL19983	BCELL	44	-0.03795902522812726	-1.1857316681708436	snRNA_endosplit
GLOM	MN_vs_PAT_adj	GSE108109-GPL19983	TCELL	48	-0.11667010810919182	-3.389921454570891	snRNA_endosplit
GLOM	MN_vs_PAT_adj	GSE108109-GPL19983	MAC	49	-0.03651616531026449	-1.1993040481428487	snRNA_endosplit
GLOM	MN_vs_PAT_adj	GSE108109-GPL19983	DC	49	0.025320278005636077	0.517791439517827	snRNA_endosplit
GLOM	MN_vs_PAT_adj	GSE108109-GPL19983	MAST	24	0.016595418691375166	0.23954099667419684	snRNA_endosplit
GLOM	MN_vs_PAT_adj	GSE108109-GPL19983	ENDO_GC	47	-0.11181743872870968	-3.252789770136799	snRNA_endosplit
GLOM	MN_vs_PAT_adj	GSE108109-GPL19983	ENDO_ART	48	-0.042852309177658886	-1.3399601952130458	snRNA_endosplit
GLOM	MN_vs_PAT_adj	META	PT	40	-0.013516992435116764	-0.46535006267316287	snRNA_endosplit
GLOM	MN_vs_PAT_adj	META	PT_injured	30	-0.004364490086499417	-0.21946199971337532	snRNA_endosplit
GLOM	MN_vs_PAT_adj	META	LOH	43	0.049166927003751575	1.0530374172271888	snRNA_endosplit
GLOM	MN_vs_PAT_adj	META	DCT	46	-0.02390499516890222	-0.8751282297288231	snRNA_endosplit
GLOM	MN_vs_PAT_adj	META	CNT_PC	46	-0.05326430339809879	-1.6084137301567356	snRNA_endosplit
GLOM	MN_vs_PAT_adj	META	IC	47	-0.016811357834610137	-0.6623873467933656	snRNA_endosplit
GLOM	MN_vs_PAT_adj	META	PODO	47	0.21250508856018704	5.3370172195932675	snRNA_endosplit
GLOM	MN_vs_PAT_adj	META	PEC	48	-0.011617476144290652	-0.507432371345313	snRNA_endosplit
GLOM	MN_vs_PAT_adj	META	ENDO_PT	50	-0.09226242043205524	-2.660627191340437	snRNA_endosplit
GLOM	MN_vs_PAT_adj	META	MES	49	-0.0949773383462564	-2.9506376011850928	snRNA_endosplit
GLOM	MN_vs_PAT_adj	META	STROMA	48	-0.05751425714606284	-1.8133227127997102	snRNA_endosplit
GLOM	MN_vs_PAT_adj	META	PERI	49	0.04026673317450722	0.8888596764405211	snRNA_endosplit
GLOM	MN_vs_PAT_adj	META	BCELL	46	-0.050047482486147626	-1.6330226048432568	snRNA_endosplit
GLOM	MN_vs_PAT_adj	META	TCELL	49	-0.18618240671366804	-5.260765537758378	snRNA_endosplit
GLOM	MN_vs_PAT_adj	META	MAC	49	-0.23902136626471723	-6.564676571210038	snRNA_endosplit
GLOM	MN_vs_PAT_adj	META	DC	49	-0.11187670440405341	-3.314210777041859	snRNA_endosplit
GLOM	MN_vs_PAT_adj	META	MAST	25	-0.07415238417786135	-1.5656515006230658	snRNA_endosplit
GLOM	MN_vs_PAT_adj	META	ENDO_GC	47	-0.10679910390775635	-3.194875024957748	snRNA_endosplit
GLOM	MN_vs_PAT_adj	META	ENDO_ART	48	-0.033386382536093905	-1.0636112610401154	snRNA_endosplit
GLOM	RPGN_vs_PAT	ERCB_GLOM_H7	PT	16	-0.6006369665265083	-4.486328971965673	snRNA_endosplit
GLOM	RPGN_vs_PAT	ERCB_GLOM_H7	PT_injured	12	-0.3780896033470829	-2.506137187480358	snRNA_endosplit
GLOM	RPGN_vs_PAT	ERCB_GLOM_H7	LOH	24	-0.26119309921826545	-2.4497059202599396	snRNA_endosplit
GLOM	RPGN_vs_PAT	ERCB_GLOM_H7	DCT	22	-0.20533244184811006	-1.8623103662427591	snRNA_endosplit
GLOM	RPGN_vs_PAT	ERCB_GLOM_H7	CNT_PC	26	-0.05535264237998771	-0.46512603714531814	snRNA_endosplit
GLOM	RPGN_vs_PAT	ERCB_GLOM_H7	IC	18	-0.02288842802712072	-0.0005993942724074684	snRNA_endosplit
GLOM	RPGN_vs_PAT	ERCB_GLOM_H7	PODO	22	-0.09879993474301459	-0.8544051392596226	snRNA_endosplit
GLOM	RPGN_vs_PAT	ERCB_GLOM_H7	PEC	22	-0.08062239981849087	-0.6237706599515677	snRNA_endosplit
GLOM	RPGN_vs_PAT	ERCB_GLOM_H7	ENDO_PT	32	0.08923934624181129	1.177334116729919	snRNA_endosplit
GLOM	RPGN_vs_PAT	ERCB_GLOM_H7	MES	36	-0.08258833327434131	-0.8565158981064231	snRNA_endosplit
GLOM	RPGN_vs_PAT	ERCB_GLOM_H7	STROMA	40	0.017257705703377722	0.34452176760901093	snRNA_endosplit
GLOM	RPGN_vs_PAT	ERCB_GLOM_H7	PERI	33	-0.2003840681052569	-2.1056492194063994	snRNA_endosplit
GLOM	RPGN_vs_PAT	ERCB_GLOM_H7	BCELL	25	0.23203406048938632	2.5636301708863822	snRNA_endosplit
GLOM	RPGN_vs_PAT	ERCB_GLOM_H7	TCELL	36	0.405529181783398	4.925491576454726	snRNA_endosplit
GLOM	RPGN_vs_PAT	ERCB_GLOM_H7	MAC	32	0.8107699076645076	9.461495812607069	snRNA_endosplit
GLOM	RPGN_vs_PAT	ERCB_GLOM_H7	DC	26	0.5989638353841236	6.216293618347338	snRNA_endosplit
GLOM	RPGN_vs_PAT	ERCB_GLOM_H7	MAST	18	-0.08111844403255317	-0.612654208847018	snRNA_endosplit
GLOM	RPGN_vs_PAT	ERCB_GLOM_H7	ENDO_GC	25	0.10315686032176018	1.1537837228121022	snRNA_endosplit
GLOM	RPGN_vs_PAT	ERCB_GLOM_H7	ENDO_ART	30	-0.06993484683334827	-0.6022908215485486	snRNA_endosplit
GLOM	RPGN_vs_PAT	GSE108109-GPL19983	PT	40	-0.18564267830806785	-3.879134556764505	snRNA_endosplit
GLOM	RPGN_vs_PAT	GSE108109-GPL19983	PT_injured	30	-0.15490166825669197	-3.0583452901338766	snRNA_endosplit
GLOM	RPGN_vs_PAT	GSE108109-GPL19983	LOH	43	-0.06450046827410195	-1.4481852581251136	snRNA_endosplit
GLOM	RPGN_vs_PAT	GSE108109-GPL19983	DCT	46	0.02228082911492295	0.5835689608408829	snRNA_endosplit
GLOM	RPGN_vs_PAT	GSE108109-GPL19983	CNT_PC	46	0.06442980804359136	1.628528974535082	snRNA_endosplit
GLOM	RPGN_vs_PAT	GSE108109-GPL19983	IC	47	0.10160511759842963	2.5426789131863687	snRNA_endosplit
GLOM	RPGN_vs_PAT	GSE108109-GPL19983	PODO	47	-0.3432966664512741	-7.888593457356923	snRNA_endosplit
GLOM	RPGN_vs_PAT	GSE108109-GPL19983	PEC	48	0.03759248166655501	1.0486647487337186	snRNA_endosplit
GLOM	RPGN_vs_PAT	GSE108109-GPL19983	ENDO_PT	49	-0.25066365002492935	-5.901924073623057	snRNA_endosplit
GLOM	RPGN_vs_PAT	GSE108109-GPL19983	MES	49	-0.21390703434542735	-5.205479939317894	snRNA_endosplit
GLOM	RPGN_vs_PAT	GSE108109-GPL19983	STROMA	48	0.22962610639903383	5.448133117383397	snRNA_endosplit
GLOM	RPGN_vs_PAT	GSE108109-GPL19983	PERI	49	-0.045514912363521905	-0.9825683623522611	snRNA_endosplit
GLOM	RPGN_vs_PAT	GSE108109-GPL19983	BCELL	44	0.14692587789613754	3.625457443001136	snRNA_endosplit
GLOM	RPGN_vs_PAT	GSE108109-GPL19983	TCELL	48	0.21521563000472574	5.374760050338787	snRNA_endosplit
GLOM	RPGN_vs_PAT	GSE108109-GPL19983	MAC	49	0.40924508816429545	9.741490856465065	snRNA_endosplit
GLOM	RPGN_vs_PAT	GSE108109-GPL19983	DC	49	0.19421487879388186	4.948519915765376	snRNA_endosplit
GLOM	RPGN_vs_PAT	GSE108109-GPL19983	MAST	24	0.003429035095905394	0.13401010753398396	snRNA_endosplit
GLOM	RPGN_vs_PAT	GSE108109-GPL19983	ENDO_GC	47	-0.49985835885510166	-12.304257679688984	snRNA_endosplit
GLOM	RPGN_vs_PAT	GSE108109-GPL19983	ENDO_ART	48	-0.031087742652744055	-0.5937747820390905	snRNA_endosplit
GLOM	RPGN_vs_PAT	META	PT	40	-0.26298252487904394	-5.192440609372248	snRNA_endosplit
GLOM	RPGN_vs_PAT	META	PT_injured	30	-0.20589288598663794	-3.4229126533985466	snRNA_endosplit
GLOM	RPGN_vs_PAT	META	LOH	43	-0.12107173019348709	-2.310595332760985	snRNA_endosplit
GLOM	RPGN_vs_PAT	META	DCT	46	-0.02615127627122211	-0.42227125543546584	snRNA_endosplit
GLOM	RPGN_vs_PAT	META	CNT_PC	46	0.016515699367079407	0.6229296997062592	snRNA_endosplit
GLOM	RPGN_vs_PAT	META	IC	47	0.0509506671644866	1.396412511144488	snRNA_endosplit
GLOM	RPGN_vs_PAT	META	PODO	47	-0.28727088804341894	-6.1920084243127675	snRNA_endosplit
GLOM	RPGN_vs_PAT	META	PEC	48	-0.011717221757862708	0.017214453178242016	snRNA_endosplit
GLOM	RPGN_vs_PAT	META	ENDO_PT	50	-0.16245066506438888	-3.416904833797309	snRNA_endosplit
GLOM	RPGN_vs_PAT	META	MES	49	-0.15606755153180993	-3.479484621643654	snRNA_endosplit
GLOM	RPGN_vs_PAT	META	STROMA	48	0.13697178599735102	3.4012927472076844	snRNA_endosplit
GLOM	RPGN_vs_PAT	META	PERI	49	-0.09632875677198173	-1.8886337283925139	snRNA_endosplit
GLOM	RPGN_vs_PAT	META	BCELL	46	0.18832440729475702	4.232470375207112	snRNA_endosplit
GLOM	RPGN_vs_PAT	META	TCELL	49	0.2717234688544912	6.442739566353285	snRNA_endosplit
GLOM	RPGN_vs_PAT	META	MAC	49	0.5337947435601025	12.638363897136593	snRNA_endosplit
GLOM	RPGN_vs_PAT	META	DC	49	0.29045493262154715	7.012084099069906	snRNA_endosplit
GLOM	RPGN_vs_PAT	META	MAST	25	-0.04554586580838077	-0.5942739913666745	snRNA_endosplit
GLOM	RPGN_vs_PAT	META	ENDO_GC	47	-0.3485020265736161	-7.651458267293418	snRNA_endosplit
GLOM	RPGN_vs_PAT	META	ENDO_ART	48	-0.0445743725867942	-0.7880146722378022	snRNA_endosplit
GLOM	RPGN_vs_PAT_adj	ERCB_GLOM_H7	PT	16	-0.1530629245160991	-1.458839842368329	snRNA_endosplit
GLOM	RPGN_vs_PAT_adj	ERCB_GLOM_H7	PT_injured	12	0.018275643564028773	0.3291280034996998	snRNA_endosplit
GLOM	RPGN_vs_PAT_adj	ERCB_GLOM_H7	LOH	24	-0.09091137555389357	-0.8911339943014127	snRNA_endosplit
GLOM	RPGN_vs_PAT_adj	ERCB_GLOM_H7	DCT	22	-0.013892366715317532	0.053139242753632916	snRNA_endosplit
GLOM	RPGN_vs_PAT_adj	ERCB_GLOM_H7	CNT_PC	26	0.054473593831745534	0.9947232663380443	snRNA_endosplit
GLOM	RPGN_vs_PAT_adj	ERCB_GLOM_H7	IC	18	0.0697021561781931	0.93637748838491	snRNA_endosplit
GLOM	RPGN_vs_PAT_adj	ERCB_GLOM_H7	PODO	22	-0.04434873895045225	-0.33252710457303875	snRNA_endosplit
GLOM	RPGN_vs_PAT_adj	ERCB_GLOM_H7	PEC	22	-0.05946231323141693	-0.5111895417044763	snRNA_endosplit
GLOM	RPGN_vs_PAT_adj	ERCB_GLOM_H7	ENDO_PT	32	-0.10785735303689786	-1.3011462333119872	snRNA_endosplit
GLOM	RPGN_vs_PAT_adj	ERCB_GLOM_H7	MES	36	-0.31465912626554615	-4.610228269814446	snRNA_endosplit
GLOM	RPGN_vs_PAT_adj	ERCB_GLOM_H7	STROMA	40	-0.045552146104561556	-0.44491903198836014	snRNA_endosplit
GLOM	RPGN_vs_PAT_adj	ERCB_GLOM_H7	PERI	33	-0.24486594416848592	-3.276193771472625	snRNA_endosplit
GLOM	RPGN_vs_PAT_adj	ERCB_GLOM_H7	BCELL	25	0.14707935393757982	2.1967450264850554	snRNA_endosplit
GLOM	RPGN_vs_PAT_adj	ERCB_GLOM_H7	TCELL	36	0.2912112209018493	4.755582839085227	snRNA_endosplit
GLOM	RPGN_vs_PAT_adj	ERCB_GLOM_H7	MAC	32	0.5726278953637365	8.594785903590807	snRNA_endosplit
GLOM	RPGN_vs_PAT_adj	ERCB_GLOM_H7	DC	26	0.37383855690400564	5.09450800158992	snRNA_endosplit
GLOM	RPGN_vs_PAT_adj	ERCB_GLOM_H7	MAST	18	-0.11411574265926183	-1.0997642217004109	snRNA_endosplit
GLOM	RPGN_vs_PAT_adj	ERCB_GLOM_H7	ENDO_GC	25	-0.07388672523595767	-0.7466059594565427	snRNA_endosplit
GLOM	RPGN_vs_PAT_adj	ERCB_GLOM_H7	ENDO_ART	30	-0.19754634048149092	-2.5703382000997355	snRNA_endosplit
GLOM	RPGN_vs_PAT_adj	GSE108109-GPL19983	PT	40	-0.06310282017495532	-1.1898265297476285	snRNA_endosplit
GLOM	RPGN_vs_PAT_adj	GSE108109-GPL19983	PT_injured	30	0.00046519210920507165	0.19827672791700543	snRNA_endosplit
GLOM	RPGN_vs_PAT_adj	GSE108109-GPL19983	LOH	43	-0.012097657124399116	-0.12541150699366327	snRNA_endosplit
GLOM	RPGN_vs_PAT_adj	GSE108109-GPL19983	DCT	46	0.05299497732762674	1.4757330999415783	snRNA_endosplit
GLOM	RPGN_vs_PAT_adj	GSE108109-GPL19983	CNT_PC	46	0.08947813974460626	2.3362654832935723	snRNA_endosplit
GLOM	RPGN_vs_PAT_adj	GSE108109-GPL19983	IC	47	0.12475698891625744	3.1596219141308097	snRNA_endosplit
GLOM	RPGN_vs_PAT_adj	GSE108109-GPL19983	PODO	47	-0.30598852145645256	-7.154731905518232	snRNA_endosplit
GLOM	RPGN_vs_PAT_adj	GSE108109-GPL19983	PEC	48	0.03065067876696005	0.9258493911197044	snRNA_endosplit
GLOM	RPGN_vs_PAT_adj	GSE108109-GPL19983	ENDO_PT	49	-0.3075563719324269	-7.266026879612845	snRNA_endosplit
GLOM	RPGN_vs_PAT_adj	GSE108109-GPL19983	MES	49	-0.2538577354962223	-5.934630144379491	snRNA_endosplit
GLOM	RPGN_vs_PAT_adj	GSE108109-GPL19983	STROMA	48	0.1931075336368406	4.961314631446196	snRNA_endosplit
GLOM	RPGN_vs_PAT_adj	GSE108109-GPL19983	PERI	49	-0.0815627799223776	-1.7333880011436766	snRNA_endosplit
GLOM	RPGN_vs_PAT_adj	GSE108109-GPL19983	BCELL	44	0.11164264782960265	2.802431610030117	snRNA_endosplit
GLOM	RPGN_vs_PAT_adj	GSE108109-GPL19983	TCELL	48	0.1656260156909871	4.217951807446092	snRNA_endosplit
GLOM	RPGN_vs_PAT_adj	GSE108109-GPL19983	MAC	49	0.3108085938594591	7.593179408650694	snRNA_endosplit
GLOM	RPGN_vs_PAT_adj	GSE108109-GPL19983	DC	49	0.10917816702083893	2.8849277735940797	snRNA_endosplit
GLOM	RPGN_vs_PAT_adj	GSE108109-GPL19983	MAST	24	-0.01026186792135336	-0.04933598237768307	snRNA_endosplit
GLOM	RPGN_vs_PAT_adj	GSE108109-GPL19983	ENDO_GC	47	-0.5602557753101336	-13.65417595705594	snRNA_endosplit
GLOM	RPGN_vs_PAT_adj	GSE108109-GPL19983	ENDO_ART	48	-0.07762653177181857	-1.642373787808482	snRNA_endosplit
GLOM	RPGN_vs_PAT_adj	META	PT	40	-0.08082449293346691	-1.4770115693651449	snRNA_endosplit
GLOM	RPGN_vs_PAT_adj	META	PT_injured	30	0.00016340445919644093	0.29449528879319864	snRNA_endosplit
GLOM	RPGN_vs_PAT_adj	META	LOH	43	-0.034858643178619066	-0.5248284573776407	snRNA_endosplit
GLOM	RPGN_vs_PAT_adj	META	DCT	46	0.040289642894645844	1.384548934840294	snRNA_endosplit
GLOM	RPGN_vs_PAT_adj	META	CNT_PC	46	0.06605896432850128	1.9889058488416236	snRNA_endosplit
GLOM	RPGN_vs_PAT_adj	META	IC	47	0.08916471177512657	2.679508295037017	snRNA_endosplit
GLOM	RPGN_vs_PAT_adj	META	PODO	47	-0.24670137875207906	-5.806538771571731	snRNA_endosplit
GLOM	RPGN_vs_PAT_adj	META	PEC	48	-0.010229438388416931	0.10071275814945677	snRNA_endosplit
GLOM	RPGN_vs_PAT_adj	META	ENDO_PT	50	-0.2657601841551972	-6.653126721249806	snRNA_endosplit
GLOM	RPGN_vs_PAT_adj	META	MES	49	-0.2671041202802456	-6.280578709293239	snRNA_endosplit
GLOM	RPGN_vs_PAT_adj	META	STROMA	48	0.08988939199412527	2.6172495932785056	snRNA_endosplit
GLOM	RPGN_vs_PAT_adj	META	PERI	49	-0.13362556565254988	-2.9836544870597694	snRNA_endosplit
GLOM	RPGN_vs_PAT_adj	META	BCELL	46	0.13667273524818155	3.7194056000596607	snRNA_endosplit
GLOM	RPGN_vs_PAT_adj	META	TCELL	49	0.19995306333679702	5.561667970017723	snRNA_endosplit
GLOM	RPGN_vs_PAT_adj	META	MAC	49	0.39035956155271834	10.350500021923539	snRNA_endosplit
GLOM	RPGN_vs_PAT_adj	META	DC	49	0.16986154418102925	4.736681896206627	snRNA_endosplit
GLOM	RPGN_vs_PAT_adj	META	MAST	25	-0.06477590510206328	-0.9300868427838562	snRNA_endosplit
GLOM	RPGN_vs_PAT_adj	META	ENDO_GC	47	-0.4382570889005705	-10.392920218690707	snRNA_endosplit
GLOM	RPGN_vs_PAT_adj	META	ENDO_ART	48	-0.11702668622161085	-2.602813229016613	snRNA_endosplit
GLOM	SHARED	ERCB_GLOM_H1	PT	16	-0.6097828121855855	-3.558960199790498	snRNA_endosplit
GLOM	SHARED	ERCB_GLOM_H1	PT_injured	12	-0.5113156940788031	-2.523907218775022	snRNA_endosplit
GLOM	SHARED	ERCB_GLOM_H1	LOH	24	-0.34396198811009526	-2.1360843654726134	snRNA_endosplit
GLOM	SHARED	ERCB_GLOM_H1	DCT	22	-0.4883756813677875	-3.2331610100484673	snRNA_endosplit
GLOM	SHARED	ERCB_GLOM_H1	CNT_PC	26	-0.4046904884565335	-2.778712550145275	snRNA_endosplit
GLOM	SHARED	ERCB_GLOM_H1	IC	18	-0.3736363597628143	-2.0561022830685167	snRNA_endosplit
GLOM	SHARED	ERCB_GLOM_H1	PODO	22	-0.431002197956497	-2.8069064533218047	snRNA_endosplit
GLOM	SHARED	ERCB_GLOM_H1	PEC	22	-0.21800664655694904	-1.167784910600033	snRNA_endosplit
GLOM	SHARED	ERCB_GLOM_H1	ENDO_PT	32	0.2957302390068435	3.106548516992907	snRNA_endosplit
GLOM	SHARED	ERCB_GLOM_H1	MES	36	0.46307869638419813	5.04660931715622	snRNA_endosplit
GLOM	SHARED	ERCB_GLOM_H1	STROMA	40	0.20936720580793916	2.731787915748308	snRNA_endosplit
GLOM	SHARED	ERCB_GLOM_H1	PERI	33	0.0806061074589238	1.2288263776929287	snRNA_endosplit
GLOM	SHARED	ERCB_GLOM_H1	BCELL	25	-0.19423479169607163	-1.1036779689895875	snRNA_endosplit
GLOM	SHARED	ERCB_GLOM_H1	TCELL	36	-0.09378674033925766	-0.34949492391408893	snRNA_endosplit
GLOM	SHARED	ERCB_GLOM_H1	MAC	32	0.46856309298891574	4.938167570980066	snRNA_endosplit
GLOM	SHARED	ERCB_GLOM_H1	DC	26	0.26380301086017144	2.614814299831909	snRNA_endosplit
GLOM	SHARED	ERCB_GLOM_H1	MAST	18	-0.3206140393934523	-1.6282315748732055	snRNA_endosplit
GLOM	SHARED	ERCB_GLOM_H1	ENDO_GC	25	0.49269425190985205	4.430087053568559	snRNA_endosplit
GLOM	SHARED	ERCB_GLOM_H1	ENDO_ART	30	0.29481814419850705	3.055434969229127	snRNA_endosplit
GLOM	SHARED	ERCB_GLOM_H7	PT	16	-0.9587958417832851	-4.679173819151962	snRNA_endosplit
GLOM	SHARED	ERCB_GLOM_H7	PT_injured	12	-0.4686953251560529	-1.9923974933646806	snRNA_endosplit
GLOM	SHARED	ERCB_GLOM_H7	LOH	24	-0.3567359659452147	-2.2345440092544524	snRNA_endosplit
GLOM	SHARED	ERCB_GLOM_H7	DCT	22	-0.7686543599702418	-4.699305644975836	snRNA_endosplit
GLOM	SHARED	ERCB_GLOM_H7	CNT_PC	26	-0.3833234662619921	-2.541739110762699	snRNA_endosplit
GLOM	SHARED	ERCB_GLOM_H7	IC	18	-0.409382033161819	-2.173590608459271	snRNA_endosplit
GLOM	SHARED	ERCB_GLOM_H7	PODO	22	-0.48866933640568855	-2.9586940343159447	snRNA_endosplit
GLOM	SHARED	ERCB_GLOM_H7	PEC	22	0.11419769376516342	0.7489658895063471	snRNA_endosplit
GLOM	SHARED	ERCB_GLOM_H7	ENDO_PT	32	0.06718449329491705	0.5610641578653766	snRNA_endosplit
GLOM	SHARED	ERCB_GLOM_H7	MES	36	0.487064152981879	4.025412101808965	snRNA_endosplit
GLOM	SHARED	ERCB_GLOM_H7	STROMA	40	0.06897555720061063	0.7516739586890522	snRNA_endosplit
GLOM	SHARED	ERCB_GLOM_H7	PERI	33	0.2824320006889827	2.2816367187767264	snRNA_endosplit
GLOM	SHARED	ERCB_GLOM_H7	BCELL	25	0.10069598346075509	0.7361273457246799	snRNA_endosplit
GLOM	SHARED	ERCB_GLOM_H7	TCELL	36	0.37333382071099347	3.0165944939566556	snRNA_endosplit
GLOM	SHARED	ERCB_GLOM_H7	MAC	32	0.6363687023986131	4.752817364953935	snRNA_endosplit
GLOM	SHARED	ERCB_GLOM_H7	DC	26	0.6995104303440223	4.900087508988861	snRNA_endosplit
GLOM	SHARED	ERCB_GLOM_H7	MAST	18	-0.042432903001705796	-0.14949677808798037	snRNA_endosplit
GLOM	SHARED	ERCB_GLOM_H7	ENDO_GC	25	-0.11662813492119312	-0.6496021282735421	snRNA_endosplit
GLOM	SHARED	ERCB_GLOM_H7	ENDO_ART	30	-0.024576578040917715	-0.06499436658044772	snRNA_endosplit
GLOM	SHARED	GSE108109-GPL19983	PT	40	-0.691999497631332	-5.786147669778828	snRNA_endosplit
GLOM	SHARED	GSE108109-GPL19983	PT_injured	30	-0.6925365357892588	-4.969607559104755	snRNA_endosplit
GLOM	SHARED	GSE108109-GPL19983	LOH	43	-0.2869009344383728	-2.781444835806149	snRNA_endosplit
GLOM	SHARED	GSE108109-GPL19983	DCT	46	-0.5570363078428351	-4.9609530314595895	snRNA_endosplit
GLOM	SHARED	GSE108109-GPL19983	CNT_PC	46	-0.20604003865889314	-2.1280971002185876	snRNA_endosplit
GLOM	SHARED	GSE108109-GPL19983	IC	47	-0.44296290459943577	-4.18886143383882	snRNA_endosplit
GLOM	SHARED	GSE108109-GPL19983	PODO	47	0.04202047588818885	-0.29397781819243096	snRNA_endosplit
GLOM	SHARED	GSE108109-GPL19983	PEC	48	-0.0801207623347485	-1.2815405805640319	snRNA_endosplit
GLOM	SHARED	GSE108109-GPL19983	ENDO_PT	49	0.7697542545632744	5.71734449295222	snRNA_endosplit
GLOM	SHARED	GSE108109-GPL19983	MES	49	0.3150334711547713	1.9835177469544776	snRNA_endosplit
GLOM	SHARED	GSE108109-GPL19983	STROMA	48	0.04390149033861235	-0.23900846970151396	snRNA_endosplit
GLOM	SHARED	GSE108109-GPL19983	PERI	49	0.32243570590353743	1.9586143430363003	snRNA_endosplit
GLOM	SHARED	GSE108109-GPL19983	BCELL	44	0.1714342263294384	0.720098388954199	snRNA_endosplit
GLOM	SHARED	GSE108109-GPL19983	TCELL	48	0.3236128322314471	2.0618351052657378	snRNA_endosplit
GLOM	SHARED	GSE108109-GPL19983	MAC	49	0.42042095349075237	2.9493893920493384	snRNA_endosplit
GLOM	SHARED	GSE108109-GPL19983	DC	49	0.47798884067000175	3.2467730642981207	snRNA_endosplit
GLOM	SHARED	GSE108109-GPL19983	MAST	24	0.15495092439232394	0.4745334843670133	snRNA_endosplit
GLOM	SHARED	GSE108109-GPL19983	ENDO_GC	47	0.3870840497473453	2.4322387388706033	snRNA_endosplit
GLOM	SHARED	GSE108109-GPL19983	ENDO_ART	48	0.5624700184368218	3.886582254516691	snRNA_endosplit
GLOM	SHARED	GSE93798-GPL22945	PT	32	-0.7166626444086432	-4.487899135180736	snRNA_endosplit
GLOM	SHARED	GSE93798-GPL22945	PT_injured	25	-1.2457303765416146	-6.584100295617872	snRNA_endosplit
GLOM	SHARED	GSE93798-GPL22945	LOH	40	0.14659419637173415	0.6654350979430124	snRNA_endosplit
GLOM	SHARED	GSE93798-GPL22945	DCT	41	-0.3426006766740324	-2.5880881460297127	snRNA_endosplit
GLOM	SHARED	GSE93798-GPL22945	CNT_PC	43	-0.25782713359005227	-2.065184033083406	snRNA_endosplit
GLOM	SHARED	GSE93798-GPL22945	IC	45	-0.3462099319944779	-2.7225262055821737	snRNA_endosplit
GLOM	SHARED	GSE93798-GPL22945	PODO	42	-0.37487255444838885	-2.767623430062326	snRNA_endosplit
GLOM	SHARED	GSE93798-GPL22945	PEC	42	-0.12627847168949388	-1.2008581482584408	snRNA_endosplit
GLOM	SHARED	GSE93798-GPL22945	ENDO_PT	48	0.2201264761000251	1.3278336364526477	snRNA_endosplit
GLOM	SHARED	GSE93798-GPL22945	MES	46	0.9448122213716093	6.654371356357368	snRNA_endosplit
GLOM	SHARED	GSE93798-GPL22945	STROMA	49	1.0865761592832146	7.783050732774576	snRNA_endosplit
GLOM	SHARED	GSE93798-GPL22945	PERI	45	0.6252427647511164	4.341697430682273	snRNA_endosplit
GLOM	SHARED	GSE93798-GPL22945	BCELL	35	0.4416502179844039	2.4857334881904585	snRNA_endosplit
GLOM	SHARED	GSE93798-GPL22945	TCELL	44	0.6010044006715444	3.8043277643602647	snRNA_endosplit
GLOM	SHARED	GSE93798-GPL22945	MAC	47	0.9829440402223709	7.061431491546853	snRNA_endosplit
GLOM	SHARED	GSE93798-GPL22945	DC	46	0.6901917358779389	4.453720331593043	snRNA_endosplit
GLOM	SHARED	GSE93798-GPL22945	MAST	23	0.12747523180492545	0.4372252299968908	snRNA_endosplit
GLOM	SHARED	GSE93798-GPL22945	ENDO_GC	45	0.4327693127613101	2.8262638826521203	snRNA_endosplit
GLOM	SHARED	GSE93798-GPL22945	ENDO_ART	46	0.7608481513984178	5.214743221610165	snRNA_endosplit
GLOM	SHARED	META	PT	40	-0.6574799200956477	-6.296515139705219	snRNA_endosplit
GLOM	SHARED	META	PT_injured	30	-0.7913777190221783	-6.689947588371682	snRNA_endosplit
GLOM	SHARED	META	LOH	43	-0.1638669550194145	-1.6144735807264656	snRNA_endosplit
GLOM	SHARED	META	DCT	46	-0.4704636574479873	-4.6920998553554165	snRNA_endosplit
GLOM	SHARED	META	CNT_PC	47	-0.30875346263340536	-3.2177138550044337	snRNA_endosplit
GLOM	SHARED	META	IC	47	-0.4279074324988463	-4.495922018263682	snRNA_endosplit
GLOM	SHARED	META	PODO	47	-0.287774861598588	-2.9161623363097	snRNA_endosplit
GLOM	SHARED	META	PEC	48	-0.14948585277630225	-1.535864225077212	snRNA_endosplit
GLOM	SHARED	META	ENDO_PT	50	0.43273997149794013	4.788658385138093	snRNA_endosplit
GLOM	SHARED	META	MES	49	0.572522320722857	5.943454249341442	snRNA_endosplit
GLOM	SHARED	META	STROMA	50	0.36604373561684045	4.085390168420726	snRNA_endosplit
GLOM	SHARED	META	PERI	49	0.3049017225145077	3.373485023032897	snRNA_endosplit
GLOM	SHARED	META	BCELL	46	0.11596939792998719	1.2042564289530837	snRNA_endosplit
GLOM	SHARED	META	TCELL	49	0.3250108283396405	3.600022208591452	snRNA_endosplit
GLOM	SHARED	META	MAC	49	0.6194944279173351	6.599881718920593	snRNA_endosplit
GLOM	SHARED	META	DC	49	0.48197100430071277	5.37535819302931	snRNA_endosplit
GLOM	SHARED	META	MAST	25	0.07232086341440055	0.5776707061691969	snRNA_endosplit
GLOM	SHARED	META	ENDO_GC	47	0.27454169640723775	2.9225816747489843	snRNA_endosplit
GLOM	SHARED	META	ENDO_ART	48	0.4669868482111876	4.875038154091643	snRNA_endosplit
TUB	DKD_vs_CTRL	ERCB_TUB_H1	PT	16	-0.3745173214147144	-1.3254060512086903	snRNA_endosplit
TUB	DKD_vs_CTRL	ERCB_TUB_H1	PT_injured	12	0.24631435672442117	0.655528490592881	snRNA_endosplit
TUB	DKD_vs_CTRL	ERCB_TUB_H1	LOH	24	0.1985331755131483	0.7464638648530232	snRNA_endosplit
TUB	DKD_vs_CTRL	ERCB_TUB_H1	DCT	22	-0.6323856325312094	-2.632260731665476	snRNA_endosplit
TUB	DKD_vs_CTRL	ERCB_TUB_H1	CNT_PC	26	-0.31702674065644926	-1.590638384974684	snRNA_endosplit
TUB	DKD_vs_CTRL	ERCB_TUB_H1	IC	18	-0.18707692250609398	-0.7756508130493701	snRNA_endosplit
TUB	DKD_vs_CTRL	ERCB_TUB_H1	PODO	22	-0.8073678297752683	-3.3882104681962124	snRNA_endosplit
TUB	DKD_vs_CTRL	ERCB_TUB_H1	PEC	21	0.03561069000334969	-0.04281887239224588	snRNA_endosplit
TUB	DKD_vs_CTRL	ERCB_TUB_H1	ENDO_PT	31	-0.38663553446531296	-1.9026944684384444	snRNA_endosplit
TUB	DKD_vs_CTRL	ERCB_TUB_H1	MES	36	0.0296871495536632	-0.034594288135109987	snRNA_endosplit
TUB	DKD_vs_CTRL	ERCB_TUB_H1	STROMA	40	0.6517329935799353	3.27866591029753	snRNA_endosplit
TUB	DKD_vs_CTRL	ERCB_TUB_H1	PERI	33	-0.5452166963368654	-2.8044595066508116	snRNA_endosplit
TUB	DKD_vs_CTRL	ERCB_TUB_H1	BCELL	23	-0.5193546045085659	-2.272150703492105	snRNA_endosplit
TUB	DKD_vs_CTRL	ERCB_TUB_H1	TCELL	36	-0.1541168892549144	-0.8986426014854794	snRNA_endosplit
TUB	DKD_vs_CTRL	ERCB_TUB_H1	MAC	32	-0.028771840035915357	-0.3327835028466967	snRNA_endosplit
TUB	DKD_vs_CTRL	ERCB_TUB_H1	DC	26	0.31050846052284425	1.1518733258282834	snRNA_endosplit
TUB	DKD_vs_CTRL	ERCB_TUB_H1	MAST	18	-0.11975245136353704	-0.5567407809618764	snRNA_endosplit
TUB	DKD_vs_CTRL	ERCB_TUB_H1	ENDO_GC	25	-0.031053232885897137	-0.3127183025393312	snRNA_endosplit
TUB	DKD_vs_CTRL	ERCB_TUB_H1	ENDO_ART	29	0.20965716011565308	0.768835556424758	snRNA_endosplit
TUB	DKD_vs_CTRL	ERCB_TUB_H7	PT	16	-1.012811308261007	-3.6644966925292035	snRNA_endosplit
TUB	DKD_vs_CTRL	ERCB_TUB_H7	PT_injured	12	0.03674224143226942	0.25984084353177295	snRNA_endosplit
TUB	DKD_vs_CTRL	ERCB_TUB_H7	LOH	26	0.19926751139931953	1.1341273740889575	snRNA_endosplit
TUB	DKD_vs_CTRL	ERCB_TUB_H7	DCT	22	-1.3720114942301402	-5.737971876986873	snRNA_endosplit
TUB	DKD_vs_CTRL	ERCB_TUB_H7	CNT_PC	28	0.08351766451128892	0.6688670828199114	snRNA_endosplit
TUB	DKD_vs_CTRL	ERCB_TUB_H7	IC	19	-0.7235843694131625	-2.7835525368559835	snRNA_endosplit
TUB	DKD_vs_CTRL	ERCB_TUB_H7	PODO	23	-2.292759204364341	-9.705475990375096	snRNA_endosplit
TUB	DKD_vs_CTRL	ERCB_TUB_H7	PEC	21	0.2610288021110353	1.3479281670429029	snRNA_endosplit
TUB	DKD_vs_CTRL	ERCB_TUB_H7	ENDO_PT	33	0.02441623219937992	0.4037800083248807	snRNA_endosplit
TUB	DKD_vs_CTRL	ERCB_TUB_H7	MES	37	0.021223107654903393	0.36074834770239506	snRNA_endosplit
TUB	DKD_vs_CTRL	ERCB_TUB_H7	STROMA	41	0.7066310566918153	4.35422769842057	snRNA_endosplit
TUB	DKD_vs_CTRL	ERCB_TUB_H7	PERI	34	0.0597258201416801	0.5249547650832962	snRNA_endosplit
TUB	DKD_vs_CTRL	ERCB_TUB_H7	BCELL	23	0.4430904615184535	2.191801939356628	snRNA_endosplit
TUB	DKD_vs_CTRL	ERCB_TUB_H7	TCELL	36	0.8228253117865987	4.779001243126171	snRNA_endosplit
TUB	DKD_vs_CTRL	ERCB_TUB_H7	MAC	32	0.6316299866884947	3.5466491728646794	snRNA_endosplit
TUB	DKD_vs_CTRL	ERCB_TUB_H7	DC	27	1.1148482301634632	5.5932662798498685	snRNA_endosplit
TUB	DKD_vs_CTRL	ERCB_TUB_H7	MAST	20	0.8676029538735748	3.7926129218152678	snRNA_endosplit
TUB	DKD_vs_CTRL	ERCB_TUB_H7	ENDO_GC	27	-0.11107986572164076	-0.2953609186844215	snRNA_endosplit
TUB	DKD_vs_CTRL	ERCB_TUB_H7	ENDO_ART	31	0.2547025560897084	1.53642885327394	snRNA_endosplit
TUB	DKD_vs_CTRL	GSE142025-RNAseq	PT	48	-0.9161802272622784	-6.016758536982463	snRNA_endosplit
TUB	DKD_vs_CTRL	GSE142025-RNAseq	PT_injured	33	-0.5527414562124194	-3.059729621838945	snRNA_endosplit
TUB	DKD_vs_CTRL	GSE142025-RNAseq	LOH	50	-0.28604694824665783	-1.807790878327414	snRNA_endosplit
TUB	DKD_vs_CTRL	GSE142025-RNAseq	DCT	50	-1.1432987406849862	-7.8034412645166364	snRNA_endosplit
TUB	DKD_vs_CTRL	GSE142025-RNAseq	CNT_PC	50	-0.2113156721740961	-1.2793008603605243	snRNA_endosplit
TUB	DKD_vs_CTRL	GSE142025-RNAseq	IC	50	-0.9364130201935769	-6.598194273539912	snRNA_endosplit
TUB	DKD_vs_CTRL	GSE142025-RNAseq	PODO	50	-1.2604898695647717	-8.872368498605724	snRNA_endosplit
TUB	DKD_vs_CTRL	GSE142025-RNAseq	PEC	50	0.28817496687173844	2.427987482214224	snRNA_endosplit
TUB	DKD_vs_CTRL	GSE142025-RNAseq	ENDO_PT	50	-0.24873768966645002	-1.549927527545616	snRNA_endosplit
TUB	DKD_vs_CTRL	GSE142025-RNAseq	MES	50	0.032956953831017016	0.5735540292505211	snRNA_endosplit
TUB	DKD_vs_CTRL	GSE142025-RNAseq	STROMA	50	1.2533601616322994	9.24165753643722	snRNA_endosplit
TUB	DKD_vs_CTRL	GSE142025-RNAseq	PERI	50	-0.375350104868412	-2.4607615730507937	snRNA_endosplit
TUB	DKD_vs_CTRL	GSE142025-RNAseq	BCELL	50	1.037615373134613	7.895472156222007	snRNA_endosplit
TUB	DKD_vs_CTRL	GSE142025-RNAseq	TCELL	50	1.219424710571766	9.209939017679158	snRNA_endosplit
TUB	DKD_vs_CTRL	GSE142025-RNAseq	MAC	50	0.8422320567071437	6.576363982608914	snRNA_endosplit
TUB	DKD_vs_CTRL	GSE142025-RNAseq	DC	50	1.0603014497691765	7.947026024682099	snRNA_endosplit
TUB	DKD_vs_CTRL	GSE142025-RNAseq	MAST	25	0.6766276586055756	3.7075662382702945	snRNA_endosplit
TUB	DKD_vs_CTRL	GSE142025-RNAseq	ENDO_GC	50	-0.5982616150914691	-4.1917243994806	snRNA_endosplit
TUB	DKD_vs_CTRL	GSE142025-RNAseq	ENDO_ART	50	0.13596155889332295	1.3366592831317596	snRNA_endosplit
TUB	DKD_vs_CTRL	META	PT	48	-0.8521076379049393	-6.467308112397416	snRNA_endosplit
TUB	DKD_vs_CTRL	META	PT_injured	33	-0.3950393199920655	-2.14692783116082	snRNA_endosplit
TUB	DKD_vs_CTRL	META	LOH	50	-0.18980706623444957	-1.021318975777262	snRNA_endosplit
TUB	DKD_vs_CTRL	META	DCT	50	-1.1237535561124483	-8.779114817970694	snRNA_endosplit
TUB	DKD_vs_CTRL	META	CNT_PC	50	-0.2676009376595418	-1.6739244962408943	snRNA_endosplit
TUB	DKD_vs_CTRL	META	IC	50	-0.8700229039043188	-6.667556288489809	snRNA_endosplit
TUB	DKD_vs_CTRL	META	PODO	50	-1.3835753489037357	-10.690788514610126	snRNA_endosplit
TUB	DKD_vs_CTRL	META	PEC	50	0.24654388209184008	2.5422873626285205	snRNA_endosplit
TUB	DKD_vs_CTRL	META	ENDO_PT	50	-0.22358070426930987	-1.2732628304892855	snRNA_endosplit
TUB	DKD_vs_CTRL	META	MES	50	0.05097550901273886	0.9184495480213689	snRNA_endosplit
TUB	DKD_vs_CTRL	META	STROMA	50	0.9078294437595952	7.766182426407039	snRNA_endosplit
TUB	DKD_vs_CTRL	META	PERI	50	-0.37403856661170715	-2.519261169922891	snRNA_endosplit
TUB	DKD_vs_CTRL	META	BCELL	50	0.6712931907176971	5.831508097801051	snRNA_endosplit
TUB	DKD_vs_CTRL	META	TCELL	50	0.7911729260285695	6.877709561758407	snRNA_endosplit
TUB	DKD_vs_CTRL	META	MAC	50	0.609597022384405	5.485053181512874	snRNA_endosplit
TUB	DKD_vs_CTRL	META	DC	50	0.9112692592355112	8.100760895710575	snRNA_endosplit
TUB	DKD_vs_CTRL	META	MAST	25	0.6061316731075448	3.737733745463405	snRNA_endosplit
TUB	DKD_vs_CTRL	META	ENDO_GC	50	-0.40663306602354476	-2.81158926982443	snRNA_endosplit
TUB	DKD_vs_CTRL	META	ENDO_ART	50	0.16026699728642904	1.9062411506935009	snRNA_endosplit
TUB	DKD_vs_PAT	ERCB_TUB_H1	PT	16	-0.32270573801361024	-3.025749886327431	snRNA_endosplit
TUB	DKD_vs_PAT	ERCB_TUB_H1	PT_injured	12	-0.11699655869354804	-0.7121696719353501	snRNA_endosplit
TUB	DKD_vs_PAT	ERCB_TUB_H1	LOH	24	0.13084842218086123	2.414795282128507	snRNA_endosplit
TUB	DKD_vs_PAT	ERCB_TUB_H1	DCT	22	-0.2037661588666114	-2.1819679877994513	snRNA_endosplit
TUB	DKD_vs_PAT	ERCB_TUB_H1	CNT_PC	26	0.13953520787449983	2.717379440506001	snRNA_endosplit
TUB	DKD_vs_PAT	ERCB_TUB_H1	IC	18	0.04588365795401236	1.1060331897413453	snRNA_endosplit
TUB	DKD_vs_PAT	ERCB_TUB_H1	PODO	22	-0.27821703610772436	-3.0053125192595997	snRNA_endosplit
TUB	DKD_vs_PAT	ERCB_TUB_H1	PEC	21	0.15189688368922188	2.470972640303912	snRNA_endosplit
TUB	DKD_vs_PAT	ERCB_TUB_H1	ENDO_PT	31	0.09446425627796882	2.2077180742240925	snRNA_endosplit
TUB	DKD_vs_PAT	ERCB_TUB_H1	MES	36	-0.004964035211337931	0.6234933760508214	snRNA_endosplit
TUB	DKD_vs_PAT	ERCB_TUB_H1	STROMA	40	0.26210045292973516	5.204784385095914	snRNA_endosplit
TUB	DKD_vs_PAT	ERCB_TUB_H1	PERI	33	-0.03891058827469929	0.07760928876648768	snRNA_endosplit
TUB	DKD_vs_PAT	ERCB_TUB_H1	BCELL	23	0.05070994069556827	1.2559952124681866	snRNA_endosplit
TUB	DKD_vs_PAT	ERCB_TUB_H1	TCELL	36	0.1300014246048199	2.8901299205845334	snRNA_endosplit
TUB	DKD_vs_PAT	ERCB_TUB_H1	MAC	32	0.10330464341677725	2.3883172892765234	snRNA_endosplit
TUB	DKD_vs_PAT	ERCB_TUB_H1	DC	26	0.24163620202587202	3.924328418095574	snRNA_endosplit
TUB	DKD_vs_PAT	ERCB_TUB_H1	MAST	18	0.22962801820702022	3.247138933180422	snRNA_endosplit
TUB	DKD_vs_PAT	ERCB_TUB_H1	ENDO_GC	25	-0.04956550147384405	-0.09478685289043073	snRNA_endosplit
TUB	DKD_vs_PAT	ERCB_TUB_H1	ENDO_ART	29	0.13980361361634627	2.8663623161771876	snRNA_endosplit
TUB	DKD_vs_PAT	ERCB_TUB_H7	PT	16	-0.05877000014879742	-0.39855102278577537	snRNA_endosplit
TUB	DKD_vs_PAT	ERCB_TUB_H7	PT_injured	12	-0.12218232949574788	-0.6967909045649733	snRNA_endosplit
TUB	DKD_vs_PAT	ERCB_TUB_H7	LOH	26	0.3140695079838714	3.2165998129737057	snRNA_endosplit
TUB	DKD_vs_PAT	ERCB_TUB_H7	DCT	22	-0.43762426044453273	-3.8119894080350574	snRNA_endosplit
TUB	DKD_vs_PAT	ERCB_TUB_H7	CNT_PC	28	0.3149063371654068	3.21600016228745	snRNA_endosplit
TUB	DKD_vs_PAT	ERCB_TUB_H7	IC	19	-0.42725159606504204	-3.4703256312920723	snRNA_endosplit
TUB	DKD_vs_PAT	ERCB_TUB_H7	PODO	23	-0.9018437956338343	-8.336124138496798	snRNA_endosplit
TUB	DKD_vs_PAT	ERCB_TUB_H7	PEC	21	0.09679735855509837	0.9494004782344598	snRNA_endosplit
TUB	DKD_vs_PAT	ERCB_TUB_H7	ENDO_PT	33	0.31714101203463296	3.6430388772992304	snRNA_endosplit
TUB	DKD_vs_PAT	ERCB_TUB_H7	MES	37	0.16112601140362992	2.025233197952794	snRNA_endosplit
TUB	DKD_vs_PAT	ERCB_TUB_H7	STROMA	41	0.6000162543865238	7.225578983286609	snRNA_endosplit
TUB	DKD_vs_PAT	ERCB_TUB_H7	PERI	34	0.20978397922590375	2.3882566009769963	snRNA_endosplit
TUB	DKD_vs_PAT	ERCB_TUB_H7	BCELL	23	0.28168186950294866	2.636619454329073	snRNA_endosplit
TUB	DKD_vs_PAT	ERCB_TUB_H7	TCELL	36	0.29050992226661443	3.362168498996701	snRNA_endosplit
TUB	DKD_vs_PAT	ERCB_TUB_H7	MAC	32	-0.008796321926638477	0.022162547510899314	snRNA_endosplit
TUB	DKD_vs_PAT	ERCB_TUB_H7	DC	27	0.4836435154494312	5.000188338872634	snRNA_endosplit
TUB	DKD_vs_PAT	ERCB_TUB_H7	MAST	20	0.8504902496933937	7.4967691582577	snRNA_endosplit
TUB	DKD_vs_PAT	ERCB_TUB_H7	ENDO_GC	27	0.06870589639853548	0.8071654485559309	snRNA_endosplit
TUB	DKD_vs_PAT	ERCB_TUB_H7	ENDO_ART	31	0.2737232564437774	2.92095726126743	snRNA_endosplit
TUB	DKD_vs_PAT	META	PT	16	-0.19073786908120377	-1.8319093145467387	snRNA_endosplit
TUB	DKD_vs_PAT	META	PT_injured	12	-0.11958944409464796	-0.9392794540712055	snRNA_endosplit
TUB	DKD_vs_PAT	META	LOH	26	0.22917418972624895	3.7002058536100804	snRNA_endosplit
TUB	DKD_vs_PAT	META	DCT	22	-0.3206952096555721	-3.8156360355364676	snRNA_endosplit
TUB	DKD_vs_PAT	META	CNT_PC	28	0.23626517690718174	3.956164462221916	snRNA_endosplit
TUB	DKD_vs_PAT	META	IC	19	-0.2137820190982893	-2.290506303535781	snRNA_endosplit
TUB	DKD_vs_PAT	META	PODO	23	-0.6069612690126118	-7.6673303001570705	snRNA_endosplit
TUB	DKD_vs_PAT	META	PEC	21	0.12434712112216013	1.8361246609688766	snRNA_endosplit
TUB	DKD_vs_PAT	META	ENDO_PT	33	0.2139579773965207	3.940060401791507	snRNA_endosplit
TUB	DKD_vs_PAT	META	MES	37	0.07688893592991941	1.667887473712097	snRNA_endosplit
TUB	DKD_vs_PAT	META	STROMA	41	0.4411846318895497	8.078274485826892	snRNA_endosplit
TUB	DKD_vs_PAT	META	PERI	34	0.08160388527368709	1.7465912412730467	snRNA_endosplit
TUB	DKD_vs_PAT	META	BCELL	23	0.16619590509925847	2.6280784265865473	snRNA_endosplit
TUB	DKD_vs_PAT	META	TCELL	36	0.21025567343571716	3.7448532843130264	snRNA_endosplit
TUB	DKD_vs_PAT	META	MAC	32	0.047254160745069385	1.1330341556055865	snRNA_endosplit
TUB	DKD_vs_PAT	META	DC	27	0.36078177444222903	5.550064148671536	snRNA_endosplit
TUB	DKD_vs_PAT	META	MAST	20	0.5760004255920649	7.418210365022324	snRNA_endosplit
TUB	DKD_vs_PAT	META	ENDO_GC	27	0.0022926046168086664	0.3699942463975533	snRNA_endosplit
TUB	DKD_vs_PAT	META	ENDO_ART	31	0.20916437468070898	3.70337823099144	snRNA_endosplit
TUB	DKD_vs_PAT_adj	ERCB_TUB_H1	PT	16	-0.07138844340101883	-0.6806295838555387	snRNA_endosplit
TUB	DKD_vs_PAT_adj	ERCB_TUB_H1	PT_injured	12	-0.03100747352304754	-0.12093869018229639	snRNA_endosplit
TUB	DKD_vs_PAT_adj	ERCB_TUB_H1	LOH	24	0.14567096477180788	2.9830996480842615	snRNA_endosplit
TUB	DKD_vs_PAT_adj	ERCB_TUB_H1	DCT	22	-0.06117290315027321	-0.6172740943225145	snRNA_endosplit
TUB	DKD_vs_PAT_adj	ERCB_TUB_H1	CNT_PC	26	0.19833939987397892	3.850640105648137	snRNA_endosplit
TUB	DKD_vs_PAT_adj	ERCB_TUB_H1	IC	18	0.11206710327032646	1.8751221494997812	snRNA_endosplit
TUB	DKD_vs_PAT_adj	ERCB_TUB_H1	PODO	22	-0.14253169984507788	-1.8953578387674836	snRNA_endosplit
TUB	DKD_vs_PAT_adj	ERCB_TUB_H1	PEC	21	0.13579655245410263	2.355409455508912	snRNA_endosplit
TUB	DKD_vs_PAT_adj	ERCB_TUB_H1	ENDO_PT	31	0.14773044201480834	3.2946881545761695	snRNA_endosplit
TUB	DKD_vs_PAT_adj	ERCB_TUB_H1	MES	36	0.0038702920801876577	0.5268497977169746	snRNA_endosplit
TUB	DKD_vs_PAT_adj	ERCB_TUB_H1	STROMA	40	0.14345226663528723	3.6509727240287417	snRNA_endosplit
TUB	DKD_vs_PAT_adj	ERCB_TUB_H1	PERI	33	0.03426794076650157	1.1218006963446254	snRNA_endosplit
TUB	DKD_vs_PAT_adj	ERCB_TUB_H1	BCELL	23	0.013578245396798172	0.5588795438061132	snRNA_endosplit
TUB	DKD_vs_PAT_adj	ERCB_TUB_H1	TCELL	36	0.01607901775446556	0.8068657388321195	snRNA_endosplit
TUB	DKD_vs_PAT_adj	ERCB_TUB_H1	MAC	32	-0.0029443288573110654	0.2723394131172974	snRNA_endosplit
TUB	DKD_vs_PAT_adj	ERCB_TUB_H1	DC	26	0.09863188653354499	2.0962204331052328	snRNA_endosplit
TUB	DKD_vs_PAT_adj	ERCB_TUB_H1	MAST	18	0.18221727507801763	2.853758220479093	snRNA_endosplit
TUB	DKD_vs_PAT_adj	ERCB_TUB_H1	ENDO_GC	25	0.023781119977763762	0.8131930764217064	snRNA_endosplit
TUB	DKD_vs_PAT_adj	ERCB_TUB_H1	ENDO_ART	29	0.14503478961883923	3.0230440391194273	snRNA_endosplit
TUB	DKD_vs_PAT_adj	ERCB_TUB_H7	PT	16	0.24710586991148853	1.5928128758795017	snRNA_endosplit
TUB	DKD_vs_PAT_adj	ERCB_TUB_H7	PT_injured	12	-0.037916268794301024	-0.3852677557567723	snRNA_endosplit
TUB	DKD_vs_PAT_adj	ERCB_TUB_H7	LOH	26	0.37490703051295543	3.1754982454161733	snRNA_endosplit
TUB	DKD_vs_PAT_adj	ERCB_TUB_H7	DCT	22	-0.277819674531482	-2.5555427506813064	snRNA_endosplit
TUB	DKD_vs_PAT_adj	ERCB_TUB_H7	CNT_PC	28	0.39304057178918306	3.4453065887599426	snRNA_endosplit
TUB	DKD_vs_PAT_adj	ERCB_TUB_H7	IC	19	-0.40841253834335733	-3.245209422361307	snRNA_endosplit
TUB	DKD_vs_PAT_adj	ERCB_TUB_H7	PODO	23	-0.8456948037241881	-7.497734552349274	snRNA_endosplit
TUB	DKD_vs_PAT_adj	ERCB_TUB_H7	PEC	21	0.050982217171310316	0.26946435305331096	snRNA_endosplit
TUB	DKD_vs_PAT_adj	ERCB_TUB_H7	ENDO_PT	33	0.4262281243109692	4.0458636710040015	snRNA_endosplit
TUB	DKD_vs_PAT_adj	ERCB_TUB_H7	MES	37	0.18760782342160393	1.8261881390688939	snRNA_endosplit
TUB	DKD_vs_PAT_adj	ERCB_TUB_H7	STROMA	41	0.518765508421593	5.6978680435025	snRNA_endosplit
TUB	DKD_vs_PAT_adj	ERCB_TUB_H7	PERI	34	0.32235565720919934	3.148247353741254	snRNA_endosplit
TUB	DKD_vs_PAT_adj	ERCB_TUB_H7	BCELL	23	0.21229242487370079	1.6105051723288253	snRNA_endosplit
TUB	DKD_vs_PAT_adj	ERCB_TUB_H7	TCELL	36	0.1263893542539014	1.1052520383131235	snRNA_endosplit
TUB	DKD_vs_PAT_adj	ERCB_TUB_H7	MAC	32	-0.17904650785350812	-1.9847605622890958	snRNA_endosplit
TUB	DKD_vs_PAT_adj	ERCB_TUB_H7	DC	27	0.32862769068468156	2.8566322167098726	snRNA_endosplit
TUB	DKD_vs_PAT_adj	ERCB_TUB_H7	MAST	20	0.8386639604705415	6.507802163046946	snRNA_endosplit
TUB	DKD_vs_PAT_adj	ERCB_TUB_H7	ENDO_GC	27	0.1655902808612778	1.3024158193123854	snRNA_endosplit
TUB	DKD_vs_PAT_adj	ERCB_TUB_H7	ENDO_ART	31	0.33488845784277393	3.1813180661569356	snRNA_endosplit
TUB	DKD_vs_PAT_adj	META	PT	16	0.08785871325523481	0.9379629389204854	snRNA_endosplit
TUB	DKD_vs_PAT_adj	META	PT_injured	12	-0.03446187115867427	-0.35130834556229873	snRNA_endosplit
TUB	DKD_vs_PAT_adj	META	LOH	26	0.2735000884676175	4.028888044213198	snRNA_endosplit
TUB	DKD_vs_PAT_adj	META	DCT	22	-0.1694962888408776	-2.338235268794951	snRNA_endosplit
TUB	DKD_vs_PAT_adj	META	CNT_PC	28	0.31969573695532183	4.931910403481701	snRNA_endosplit
TUB	DKD_vs_PAT_adj	META	IC	19	-0.16955989177309366	-2.1138750128007424	snRNA_endosplit
TUB	DKD_vs_PAT_adj	META	PODO	23	-0.5113967880156784	-7.029412914330821	snRNA_endosplit
TUB	DKD_vs_PAT_adj	META	PEC	21	0.09338938481270646	1.1825781185408442	snRNA_endosplit
TUB	DKD_vs_PAT_adj	META	ENDO_PT	33	0.2953007746962402	4.6291331106906615	snRNA_endosplit
TUB	DKD_vs_PAT_adj	META	MES	37	0.09477190889901187	1.670521238712993	snRNA_endosplit
TUB	DKD_vs_PAT_adj	META	STROMA	41	0.3440609281413989	6.338536380795441	snRNA_endosplit
TUB	DKD_vs_PAT_adj	META	PERI	34	0.1773927968679492	2.862616765233004	snRNA_endosplit
TUB	DKD_vs_PAT_adj	META	BCELL	23	0.11293533513524945	1.528183009654761	snRNA_endosplit
TUB	DKD_vs_PAT_adj	META	TCELL	36	0.07123418600418348	1.2021134951821344	snRNA_endosplit
TUB	DKD_vs_PAT_adj	META	MAC	32	-0.09099541835540959	-1.457684474876147	snRNA_endosplit
TUB	DKD_vs_PAT_adj	META	DC	27	0.2078006163138859	3.1255058671110776	snRNA_endosplit
TUB	DKD_vs_PAT_adj	META	MAST	20	0.5511050690455899	7.036615630636122	snRNA_endosplit
TUB	DKD_vs_PAT_adj	META	ENDO_GC	27	0.08815550395635759	1.3421283585834567	snRNA_endosplit
TUB	DKD_vs_PAT_adj	META	ENDO_ART	31	0.24689563192190156	4.12790146085514	snRNA_endosplit
TUB	FSGS_vs_PAT	ERCB_TUB_H1	PT	16	-0.5263008759357035	-5.85602354736994	snRNA_endosplit
TUB	FSGS_vs_PAT	ERCB_TUB_H1	PT_injured	12	-0.10980996730116506	-1.0347739977681576	snRNA_endosplit
TUB	FSGS_vs_PAT	ERCB_TUB_H1	LOH	24	-0.08849961374653503	-1.231700935304672	snRNA_endosplit
TUB	FSGS_vs_PAT	ERCB_TUB_H1	DCT	22	-0.24513861164450645	-3.2216974177555633	snRNA_endosplit
TUB	FSGS_vs_PAT	ERCB_TUB_H1	CNT_PC	26	-0.18161392620263192	-2.4222862926571227	snRNA_endosplit
TUB	FSGS_vs_PAT	ERCB_TUB_H1	IC	18	-0.034585305800040565	-0.3408018058949862	snRNA_endosplit
TUB	FSGS_vs_PAT	ERCB_TUB_H1	PODO	22	-0.2524447952058505	-3.2875408416194882	snRNA_endosplit
TUB	FSGS_vs_PAT	ERCB_TUB_H1	PEC	21	0.09715720807157811	1.2885905697766582	snRNA_endosplit
TUB	FSGS_vs_PAT	ERCB_TUB_H1	ENDO_PT	31	-0.16895197275575372	-2.5379053122631547	snRNA_endosplit
TUB	FSGS_vs_PAT	ERCB_TUB_H1	MES	36	-0.04783610083783666	-0.7626401097710208	snRNA_endosplit
TUB	FSGS_vs_PAT	ERCB_TUB_H1	STROMA	40	0.14519779346883296	2.587567807176375	snRNA_endosplit
TUB	FSGS_vs_PAT	ERCB_TUB_H1	PERI	33	0.02011095464342471	0.3472486528215029	snRNA_endosplit
TUB	FSGS_vs_PAT	ERCB_TUB_H1	BCELL	23	0.10595434013268222	1.4732152084064134	snRNA_endosplit
TUB	FSGS_vs_PAT	ERCB_TUB_H1	TCELL	36	0.16222300173507798	2.855921617522845	snRNA_endosplit
TUB	FSGS_vs_PAT	ERCB_TUB_H1	MAC	32	0.007720243898802423	0.13947339569268974	snRNA_endosplit
TUB	FSGS_vs_PAT	ERCB_TUB_H1	DC	26	0.20854290589117086	2.9804346323403275	snRNA_endosplit
TUB	FSGS_vs_PAT	ERCB_TUB_H1	MAST	18	0.19999671638167152	2.3733731626304637	snRNA_endosplit
TUB	FSGS_vs_PAT	ERCB_TUB_H1	ENDO_GC	25	-0.17062709517776967	-2.2646896392557614	snRNA_endosplit
TUB	FSGS_vs_PAT	ERCB_TUB_H1	ENDO_ART	29	-0.02188921026114759	-0.3102729868123789	snRNA_endosplit
TUB	FSGS_vs_PAT	GSE108112-GPL19983	PT	40	-0.07077315921196714	-2.331585223146498	snRNA_endosplit
TUB	FSGS_vs_PAT	GSE108112-GPL19983	PT_injured	30	-0.12070963270962237	-3.708176700202187	snRNA_endosplit
TUB	FSGS_vs_PAT	GSE108112-GPL19983	LOH	43	-0.03934125940120496	-1.1491301260261908	snRNA_endosplit
TUB	FSGS_vs_PAT	GSE108112-GPL19983	DCT	46	-0.042480049477687666	-1.3291160294717834	snRNA_endosplit
TUB	FSGS_vs_PAT	GSE108112-GPL19983	CNT_PC	46	-0.05621572380186988	-1.8175933599344356	snRNA_endosplit
TUB	FSGS_vs_PAT	GSE108112-GPL19983	IC	47	-0.041618504739822204	-1.2603882178308337	snRNA_endosplit
TUB	FSGS_vs_PAT	GSE108112-GPL19983	PODO	47	-0.10365122091025113	-3.87763651252002	snRNA_endosplit
TUB	FSGS_vs_PAT	GSE108112-GPL19983	PEC	48	0.0172730362640626	1.1518981346380763	snRNA_endosplit
TUB	FSGS_vs_PAT	GSE108112-GPL19983	ENDO_PT	49	0.07612654665599063	3.6748781417576293	snRNA_endosplit
TUB	FSGS_vs_PAT	GSE108112-GPL19983	MES	49	0.01078978953027757	0.865713381343544	snRNA_endosplit
TUB	FSGS_vs_PAT	GSE108112-GPL19983	STROMA	48	0.02688472851878031	1.4995095045607187	snRNA_endosplit
TUB	FSGS_vs_PAT	GSE108112-GPL19983	PERI	49	0.04902728080181689	2.5595905748122405	snRNA_endosplit
TUB	FSGS_vs_PAT	GSE108112-GPL19983	BCELL	44	0.08387298294639384	3.7617062039713636	snRNA_endosplit
TUB	FSGS_vs_PAT	GSE108112-GPL19983	TCELL	48	0.07855447337108974	3.5450560640178304	snRNA_endosplit
TUB	FSGS_vs_PAT	GSE108112-GPL19983	MAC	49	0.050396046506202934	2.663235402978329	snRNA_endosplit
TUB	FSGS_vs_PAT	GSE108112-GPL19983	DC	49	0.11004825122654438	5.1137988718835565	snRNA_endosplit
TUB	FSGS_vs_PAT	GSE108112-GPL19983	MAST	24	0.1450992780349528	4.618568846116363	snRNA_endosplit
TUB	FSGS_vs_PAT	GSE108112-GPL19983	ENDO_GC	47	0.029611285102177153	1.640934333791445	snRNA_endosplit
TUB	FSGS_vs_PAT	GSE108112-GPL19983	ENDO_ART	48	0.10728545383608433	4.867496729283537	snRNA_endosplit
TUB	FSGS_vs_PAT	GSE133288-GPL19983	PT	40	-0.2453578662505606	-4.619862323242465	snRNA_endosplit
TUB	FSGS_vs_PAT	GSE133288-GPL19983	PT_injured	30	-0.11976164213071265	-1.9037888730836274	snRNA_endosplit
TUB	FSGS_vs_PAT	GSE133288-GPL19983	LOH	43	-0.044921359106854984	-0.7217191319099902	snRNA_endosplit
TUB	FSGS_vs_PAT	GSE133288-GPL19983	DCT	46	-0.17480494069826344	-3.600004937673859	snRNA_endosplit
TUB	FSGS_vs_PAT	GSE133288-GPL19983	CNT_PC	46	-0.015434879890602562	-0.1696116704774264	snRNA_endosplit
TUB	FSGS_vs_PAT	GSE133288-GPL19983	IC	47	-0.10010308498625663	-1.9967792040585675	snRNA_endosplit
TUB	FSGS_vs_PAT	GSE133288-GPL19983	PODO	47	-0.13412187866708067	-2.637847352383411	snRNA_endosplit
TUB	FSGS_vs_PAT	GSE133288-GPL19983	PEC	48	0.2359529877018455	5.118639951020802	snRNA_endosplit
TUB	FSGS_vs_PAT	GSE133288-GPL19983	ENDO_PT	49	-0.011121119134964384	-0.05809109537798353	snRNA_endosplit
TUB	FSGS_vs_PAT	GSE133288-GPL19983	MES	49	0.0397882866102974	1.0046555104129542	snRNA_endosplit
TUB	FSGS_vs_PAT	GSE133288-GPL19983	STROMA	48	0.27925840658523765	6.19700579318683	snRNA_endosplit
TUB	FSGS_vs_PAT	GSE133288-GPL19983	PERI	49	-0.003442081202852663	0.13338357820826657	snRNA_endosplit
TUB	FSGS_vs_PAT	GSE133288-GPL19983	BCELL	44	0.28257455192082986	6.428768816695485	snRNA_endosplit
TUB	FSGS_vs_PAT	GSE133288-GPL19983	TCELL	48	0.23778618722766018	5.299382886435385	snRNA_endosplit
TUB	FSGS_vs_PAT	GSE133288-GPL19983	MAC	49	0.21154931284563275	4.937388163766661	snRNA_endosplit
TUB	FSGS_vs_PAT	GSE133288-GPL19983	DC	49	0.209656223198589	4.858499085505717	snRNA_endosplit
TUB	FSGS_vs_PAT	GSE133288-GPL19983	MAST	24	0.14826314306507507	2.4057325770970692	snRNA_endosplit
TUB	FSGS_vs_PAT	GSE133288-GPL19983	ENDO_GC	47	-0.04806734700290921	-0.8369905816980051	snRNA_endosplit
TUB	FSGS_vs_PAT	GSE133288-GPL19983	ENDO_ART	48	0.05982213600994631	1.5535559312382965	snRNA_endosplit
TUB	FSGS_vs_PAT	GSE182380-RNAseq	PT	31	-0.29423897492609197	-5.730493611218476	snRNA_endosplit
TUB	FSGS_vs_PAT	GSE182380-RNAseq	PT_injured	28	-0.19831966143101454	-3.5997723635308456	snRNA_endosplit
TUB	FSGS_vs_PAT	GSE182380-RNAseq	LOH	38	-0.06590170256401363	-0.5689754056897735	snRNA_endosplit
TUB	FSGS_vs_PAT	GSE182380-RNAseq	DCT	41	-0.1375739720263859	-2.415657300775548	snRNA_endosplit
TUB	FSGS_vs_PAT	GSE182380-RNAseq	CNT_PC	39	0.032280953218921625	1.9443533020223964	snRNA_endosplit
TUB	FSGS_vs_PAT	GSE182380-RNAseq	IC	41	-0.03852815478585841	0.11603992692682842	snRNA_endosplit
TUB	FSGS_vs_PAT	GSE182380-RNAseq	PODO	38	-0.13241161494270748	-2.214979794276557	snRNA_endosplit
TUB	FSGS_vs_PAT	GSE182380-RNAseq	PEC	42	0.014214548595537916	1.5887585517355043	snRNA_endosplit
TUB	FSGS_vs_PAT	GSE182380-RNAseq	ENDO_PT	48	0.05463161248674927	2.733573757193254	snRNA_endosplit
TUB	FSGS_vs_PAT	GSE182380-RNAseq	MES	47	0.008665292385093714	1.367223457996583	snRNA_endosplit
TUB	FSGS_vs_PAT	GSE182380-RNAseq	STROMA	48	0.1812549709381225	6.394371155499114	snRNA_endosplit
TUB	FSGS_vs_PAT	GSE182380-RNAseq	PERI	45	0.03936557641459836	2.2222744789916207	snRNA_endosplit
TUB	FSGS_vs_PAT	GSE182380-RNAseq	BCELL	29	0.28664813958236884	7.175443885638382	snRNA_endosplit
TUB	FSGS_vs_PAT	GSE182380-RNAseq	TCELL	41	0.3747520993304689	10.486012408784491	snRNA_endosplit
TUB	FSGS_vs_PAT	GSE182380-RNAseq	MAC	46	0.13111563950129176	4.796843583073328	snRNA_endosplit
TUB	FSGS_vs_PAT	GSE182380-RNAseq	DC	47	0.3044684182535461	9.225451196725896	snRNA_endosplit
TUB	FSGS_vs_PAT	GSE182380-RNAseq	MAST	25	0.2189057755144313	5.197277687750597	snRNA_endosplit
TUB	FSGS_vs_PAT	GSE182380-RNAseq	ENDO_GC	42	-0.0038766474463045493	1.0220694027228379	snRNA_endosplit
TUB	FSGS_vs_PAT	GSE182380-RNAseq	ENDO_ART	45	0.03863604832440615	2.211545093865152	snRNA_endosplit
TUB	FSGS_vs_PAT	META	PT	40	-0.22063023647351657	-6.573055561542082	snRNA_endosplit
TUB	FSGS_vs_PAT	META	PT_injured	30	-0.13964709061353153	-3.62462374390628	snRNA_endosplit
TUB	FSGS_vs_PAT	META	LOH	43	-0.06153708121147324	-1.4927552755882965	snRNA_endosplit
TUB	FSGS_vs_PAT	META	DCT	46	-0.1308504134307757	-4.005920778789807	snRNA_endosplit
TUB	FSGS_vs_PAT	META	CNT_PC	46	-0.047834732952110964	-0.9497134104782649	snRNA_endosplit
TUB	FSGS_vs_PAT	META	IC	47	-0.06531753967076882	-1.6490005488760893	snRNA_endosplit
TUB	FSGS_vs_PAT	META	PODO	47	-0.1445531447447757	-4.4891912985796365	snRNA_endosplit
TUB	FSGS_vs_PAT	META	PEC	48	0.09569769392661932	4.369197544247411	snRNA_endosplit
TUB	FSGS_vs_PAT	META	ENDO_PT	50	0.003931870394153515	0.9652781224067798	snRNA_endosplit
TUB	FSGS_vs_PAT	META	MES	49	0.008694668271544014	1.1730825975167445	snRNA_endosplit
TUB	FSGS_vs_PAT	META	STROMA	49	0.15667660170722575	6.64353727493868	snRNA_endosplit
TUB	FSGS_vs_PAT	META	PERI	49	0.024178188721374932	1.735977593215325	snRNA_endosplit
TUB	FSGS_vs_PAT	META	BCELL	46	0.18693961528976838	7.7018404947979455	snRNA_endosplit
TUB	FSGS_vs_PAT	META	TCELL	49	0.20582601039347295	8.322851196787282	snRNA_endosplit
TUB	FSGS_vs_PAT	META	MAC	50	0.1063949413372514	4.87847796795448	snRNA_endosplit
TUB	FSGS_vs_PAT	META	DC	49	0.20178349530577758	8.596134558713855	snRNA_endosplit
TUB	FSGS_vs_PAT	META	MAST	25	0.1718408076701841	5.142235732643863	snRNA_endosplit
TUB	FSGS_vs_PAT	META	ENDO_GC	47	-0.03275389866680502	-0.43711903249325207	snRNA_endosplit
TUB	FSGS_vs_PAT	META	ENDO_ART	48	0.05242379988784605	2.7270948180772225	snRNA_endosplit
TUB	FSGS_vs_PAT_adj	ERCB_TUB_H1	PT	16	-0.309151079458125	-4.014318512175761	snRNA_endosplit
TUB	FSGS_vs_PAT_adj	ERCB_TUB_H1	PT_injured	12	-0.04763358358951696	-0.6387777309514758	snRNA_endosplit
TUB	FSGS_vs_PAT_adj	ERCB_TUB_H1	LOH	24	-0.07912152833130728	-1.4868913628619143	snRNA_endosplit
TUB	FSGS_vs_PAT_adj	ERCB_TUB_H1	DCT	22	-0.1100215287883266	-1.9369238110567226	snRNA_endosplit
TUB	FSGS_vs_PAT_adj	ERCB_TUB_H1	CNT_PC	26	-0.14041376853127946	-2.4661578957937653	snRNA_endosplit
TUB	FSGS_vs_PAT_adj	ERCB_TUB_H1	IC	18	0.02426239299224403	0.05889124897369213	snRNA_endosplit
TUB	FSGS_vs_PAT_adj	ERCB_TUB_H1	PODO	22	-0.11417055137826536	-1.9309819641347334	snRNA_endosplit
TUB	FSGS_vs_PAT_adj	ERCB_TUB_H1	PEC	21	0.07770328447534339	0.7719881376735934	snRNA_endosplit
TUB	FSGS_vs_PAT_adj	ERCB_TUB_H1	ENDO_PT	31	-0.12731444037704678	-2.4647915377654286	snRNA_endosplit
TUB	FSGS_vs_PAT_adj	ERCB_TUB_H1	MES	36	-0.04338871687672729	-1.1734012167888024	snRNA_endosplit
TUB	FSGS_vs_PAT_adj	ERCB_TUB_H1	STROMA	40	0.012926819240596518	-0.1625779235317318	snRNA_endosplit
TUB	FSGS_vs_PAT_adj	ERCB_TUB_H1	PERI	33	0.09881544853685018	1.381069305601088	snRNA_endosplit
TUB	FSGS_vs_PAT_adj	ERCB_TUB_H1	BCELL	23	0.062453333657797615	0.6433353238110281	snRNA_endosplit
TUB	FSGS_vs_PAT_adj	ERCB_TUB_H1	TCELL	36	0.04441165486193113	0.4324931021847586	snRNA_endosplit
TUB	FSGS_vs_PAT_adj	ERCB_TUB_H1	MAC	32	-0.15178614257185277	-2.907822153289431	snRNA_endosplit
TUB	FSGS_vs_PAT_adj	ERCB_TUB_H1	DC	26	0.035819313951351704	0.22817965612795263	snRNA_endosplit
TUB	FSGS_vs_PAT_adj	ERCB_TUB_H1	MAST	18	0.1525797613606825	1.6848944361323668	snRNA_endosplit
TUB	FSGS_vs_PAT_adj	ERCB_TUB_H1	ENDO_GC	25	-0.09545815020934417	-1.7566713034184005	snRNA_endosplit
TUB	FSGS_vs_PAT_adj	ERCB_TUB_H1	ENDO_ART	29	-0.020394244283369365	-0.6515449244440843	snRNA_endosplit
TUB	FSGS_vs_PAT_adj	GSE108112-GPL19983	PT	40	-0.06395552244675194	-1.9783325846414361	snRNA_endosplit
TUB	FSGS_vs_PAT_adj	GSE108112-GPL19983	PT_injured	30	-0.11869537232908269	-3.51991644564984	snRNA_endosplit
TUB	FSGS_vs_PAT_adj	GSE108112-GPL19983	LOH	43	-0.03908873983008487	-1.1611010068667136	snRNA_endosplit
TUB	FSGS_vs_PAT_adj	GSE108112-GPL19983	DCT	46	-0.03757341995433687	-1.2194449060551493	snRNA_endosplit
TUB	FSGS_vs_PAT_adj	GSE108112-GPL19983	CNT_PC	46	-0.05038039272315068	-1.5929829131910767	snRNA_endosplit
TUB	FSGS_vs_PAT_adj	GSE108112-GPL19983	IC	47	-0.032921640315199514	-0.9891865437591625	snRNA_endosplit
TUB	FSGS_vs_PAT_adj	GSE108112-GPL19983	PODO	47	-0.09569777409892223	-3.5220392209467275	snRNA_endosplit
TUB	FSGS_vs_PAT_adj	GSE108112-GPL19983	PEC	48	0.013143667315303078	1.0551526110656548	snRNA_endosplit
TUB	FSGS_vs_PAT_adj	GSE108112-GPL19983	ENDO_PT	49	0.07812480177135954	3.726464579850418	snRNA_endosplit
TUB	FSGS_vs_PAT_adj	GSE108112-GPL19983	MES	49	0.008483356910442596	0.7861164031843935	snRNA_endosplit
TUB	FSGS_vs_PAT_adj	GSE108112-GPL19983	STROMA	48	0.01496892358692884	1.02643884852312	snRNA_endosplit
TUB	FSGS_vs_PAT_adj	GSE108112-GPL19983	PERI	49	0.04911733396996407	2.3450358555011457	snRNA_endosplit
TUB	FSGS_vs_PAT_adj	GSE108112-GPL19983	BCELL	44	0.07326071858975382	3.3298073574457043	snRNA_endosplit
TUB	FSGS_vs_PAT_adj	GSE108112-GPL19983	TCELL	48	0.06633614784118431	3.130654235045911	snRNA_endosplit
TUB	FSGS_vs_PAT_adj	GSE108112-GPL19983	MAC	49	0.041942083715745586	2.017538778213088	snRNA_endosplit
TUB	FSGS_vs_PAT_adj	GSE108112-GPL19983	DC	49	0.10188363171996997	4.716245677300794	snRNA_endosplit
TUB	FSGS_vs_PAT_adj	GSE108112-GPL19983	MAST	24	0.14124247323829703	4.312436980697092	snRNA_endosplit
TUB	FSGS_vs_PAT_adj	GSE108112-GPL19983	ENDO_GC	47	0.030616306319631293	1.6227985184517542	snRNA_endosplit
TUB	FSGS_vs_PAT_adj	GSE108112-GPL19983	ENDO_ART	48	0.10555947890119327	4.850270796711468	snRNA_endosplit
TUB	FSGS_vs_PAT_adj	GSE133288-GPL19983	PT	40	-0.17415316392425223	-3.978316475199384	snRNA_endosplit
TUB	FSGS_vs_PAT_adj	GSE133288-GPL19983	PT_injured	30	-0.11536258052115207	-2.1497721941189223	snRNA_endosplit
TUB	FSGS_vs_PAT_adj	GSE133288-GPL19983	LOH	43	-0.06360906057523778	-1.3287620451414999	snRNA_endosplit
TUB	FSGS_vs_PAT_adj	GSE133288-GPL19983	DCT	46	-0.08775658451690617	-2.049933066662664	snRNA_endosplit
TUB	FSGS_vs_PAT_adj	GSE133288-GPL19983	CNT_PC	46	0.014308371246882145	0.4871083571520477	snRNA_endosplit
TUB	FSGS_vs_PAT_adj	GSE133288-GPL19983	IC	47	-0.003065926372699296	0.03485306066585505	snRNA_endosplit
TUB	FSGS_vs_PAT_adj	GSE133288-GPL19983	PODO	47	-0.012640191773858622	-0.17871616188556316	snRNA_endosplit
TUB	FSGS_vs_PAT_adj	GSE133288-GPL19983	PEC	48	0.1790784749130145	4.830978879887317	snRNA_endosplit
TUB	FSGS_vs_PAT_adj	GSE133288-GPL19983	ENDO_PT	49	-0.023297951357151212	-0.42615206849318715	snRNA_endosplit
TUB	FSGS_vs_PAT_adj	GSE133288-GPL19983	MES	49	0.037046568459363306	1.0770876956395283	snRNA_endosplit
TUB	FSGS_vs_PAT_adj	GSE133288-GPL19983	STROMA	48	0.19684286673806295	5.32226974263047	snRNA_endosplit
TUB	FSGS_vs_PAT_adj	GSE133288-GPL19983	PERI	49	0.014868415139778688	0.48214115648175165	snRNA_endosplit
TUB	FSGS_vs_PAT_adj	GSE133288-GPL19983	BCELL	44	0.22303299244038655	5.697535164788405	snRNA_endosplit
TUB	FSGS_vs_PAT_adj	GSE133288-GPL19983	TCELL	48	0.15538540227028805	3.9739380351924405	snRNA_endosplit
TUB	FSGS_vs_PAT_adj	GSE133288-GPL19983	MAC	49	0.1417649160487047	3.6005728119834584	snRNA_endosplit
TUB	FSGS_vs_PAT_adj	GSE133288-GPL19983	DC	49	0.11903949285997258	3.138140823718552	snRNA_endosplit
TUB	FSGS_vs_PAT_adj	GSE133288-GPL19983	MAST	24	0.108035955991721	2.0672957107255874	snRNA_endosplit
TUB	FSGS_vs_PAT_adj	GSE133288-GPL19983	ENDO_GC	47	-0.02798938807883359	-0.553835989130522	snRNA_endosplit
TUB	FSGS_vs_PAT_adj	GSE133288-GPL19983	ENDO_ART	48	0.048589359703730184	1.3323210259298166	snRNA_endosplit
TUB	FSGS_vs_PAT_adj	GSE182380-RNAseq	PT	31	-0.16303952490089998	-4.143175501387231	snRNA_endosplit
TUB	FSGS_vs_PAT_adj	GSE182380-RNAseq	PT_injured	28	-0.15798064936400816	-3.959787339910442	snRNA_endosplit
TUB	FSGS_vs_PAT_adj	GSE182380-RNAseq	LOH	38	-0.05996554343720036	-1.1997705216400076	snRNA_endosplit
TUB	FSGS_vs_PAT_adj	GSE182380-RNAseq	DCT	41	-0.054478946614934236	-1.1190190139128557	snRNA_endosplit
TUB	FSGS_vs_PAT_adj	GSE182380-RNAseq	CNT_PC	39	0.04157006069424616	2.2853093762742844	snRNA_endosplit
TUB	FSGS_vs_PAT_adj	GSE182380-RNAseq	IC	41	0.04717012745418722	2.436313552363565	snRNA_endosplit
TUB	FSGS_vs_PAT_adj	GSE182380-RNAseq	PODO	38	-0.06479003988776023	-1.3911815283954632	snRNA_endosplit
TUB	FSGS_vs_PAT_adj	GSE182380-RNAseq	PEC	42	-0.025219442958328887	-0.060424290018600384	snRNA_endosplit
TUB	FSGS_vs_PAT_adj	GSE182380-RNAseq	ENDO_PT	48	0.04392208796224784	2.537172021029991	snRNA_endosplit
TUB	FSGS_vs_PAT_adj	GSE182380-RNAseq	MES	47	0.0017470228172696042	0.9779819529507581	snRNA_endosplit
TUB	FSGS_vs_PAT_adj	GSE182380-RNAseq	STROMA	48	0.059944037360510294	3.2811625049133624	snRNA_endosplit
TUB	FSGS_vs_PAT_adj	GSE182380-RNAseq	PERI	45	0.03215428469734338	2.0343387714601455	snRNA_endosplit
TUB	FSGS_vs_PAT_adj	GSE182380-RNAseq	BCELL	29	0.19172420752703967	6.147194736906142	snRNA_endosplit
TUB	FSGS_vs_PAT_adj	GSE182380-RNAseq	TCELL	41	0.24953591243376844	9.220053826674999	snRNA_endosplit
TUB	FSGS_vs_PAT_adj	GSE182380-RNAseq	MAC	46	0.055012051165212815	2.941175007154143	snRNA_endosplit
TUB	FSGS_vs_PAT_adj	GSE182380-RNAseq	DC	47	0.1871295383799243	7.8194152473592675	snRNA_endosplit
TUB	FSGS_vs_PAT_adj	GSE182380-RNAseq	MAST	25	0.16510227430818247	5.070266484951405	snRNA_endosplit
TUB	FSGS_vs_PAT_adj	GSE182380-RNAseq	ENDO_GC	42	0.02429929336762952	1.7812555678937934	snRNA_endosplit
TUB	FSGS_vs_PAT_adj	GSE182380-RNAseq	ENDO_ART	45	0.02050932015557968	1.6775318973141846	snRNA_endosplit
TUB	FSGS_vs_PAT_adj	META	PT	40	-0.14433835791707747	-5.5573630241045295	snRNA_endosplit
TUB	FSGS_vs_PAT_adj	META	PT_injured	30	-0.11854601576583157	-4.048826590732611	snRNA_endosplit
TUB	FSGS_vs_PAT_adj	META	LOH	43	-0.06219160295695259	-2.2308705912220614	snRNA_endosplit
TUB	FSGS_vs_PAT_adj	META	DCT	46	-0.06521945610610345	-2.625636163224208	snRNA_endosplit
TUB	FSGS_vs_PAT_adj	META	CNT_PC	46	-0.02752173066646519	-0.8287795511787904	snRNA_endosplit
TUB	FSGS_vs_PAT_adj	META	IC	47	-0.0004951870098311455	0.4707692987802759	snRNA_endosplit
TUB	FSGS_vs_PAT_adj	META	PODO	47	-0.07200969225341465	-2.876561963374273	snRNA_endosplit
TUB	FSGS_vs_PAT_adj	META	PEC	48	0.06641663379936895	3.570439403141897	snRNA_endosplit
TUB	FSGS_vs_PAT_adj	META	ENDO_PT	50	0.005384836939843204	0.7210970534421787	snRNA_endosplit
TUB	FSGS_vs_PAT_adj	META	MES	49	0.005330010893614759	0.8147040622808629	snRNA_endosplit
TUB	FSGS_vs_PAT_adj	META	STROMA	49	0.07463888086939365	4.051151861323805	snRNA_endosplit
TUB	FSGS_vs_PAT_adj	META	PERI	49	0.04049824351382092	2.4879567076707763	snRNA_endosplit
TUB	FSGS_vs_PAT_adj	META	BCELL	46	0.14275144643472498	7.096887875497793	snRNA_endosplit
TUB	FSGS_vs_PAT_adj	META	TCELL	49	0.1250529156359721	6.7101745237291945	snRNA_endosplit
TUB	FSGS_vs_PAT_adj	META	MAC	50	0.040677429640714614	2.3504486365697055	snRNA_endosplit
TUB	FSGS_vs_PAT_adj	META	DC	49	0.11936772421032622	6.103895613105015	snRNA_endosplit
TUB	FSGS_vs_PAT_adj	META	MAST	25	0.13653238480952765	5.202857087666776	snRNA_endosplit
TUB	FSGS_vs_PAT_adj	META	ENDO_GC	47	-0.00765763054074065	0.12102647986308647	snRNA_endosplit
TUB	FSGS_vs_PAT_adj	META	ENDO_ART	48	0.04520271154855851	2.5381789583980257	snRNA_endosplit
TUB	HT_vs_PAT	ERCB_TUB_H1	PT	16	0.10099232745687911	3.0366550573891002	snRNA_endosplit
TUB	HT_vs_PAT	ERCB_TUB_H1	PT_injured	12	0.027728653071487	0.6398971629523378	snRNA_endosplit
TUB	HT_vs_PAT	ERCB_TUB_H1	LOH	24	-0.0020814011483404533	-0.30175809670799536	snRNA_endosplit
TUB	HT_vs_PAT	ERCB_TUB_H1	DCT	22	0.09947216121310536	3.4567304566077888	snRNA_endosplit
TUB	HT_vs_PAT	ERCB_TUB_H1	CNT_PC	26	0.03942084935708687	1.304915524567078	snRNA_endosplit
TUB	HT_vs_PAT	ERCB_TUB_H1	IC	18	0.04583444117128639	1.3509285579599808	snRNA_endosplit
TUB	HT_vs_PAT	ERCB_TUB_H1	PODO	22	0.14826518108285114	5.309762555875646	snRNA_endosplit
TUB	HT_vs_PAT	ERCB_TUB_H1	PEC	21	-0.01647226892722147	-0.8026399275143403	snRNA_endosplit
TUB	HT_vs_PAT	ERCB_TUB_H1	ENDO_PT	31	0.04060316586495196	1.5625619980731058	snRNA_endosplit
TUB	HT_vs_PAT	ERCB_TUB_H1	MES	36	-0.007167220775348444	-0.6364568919253938	snRNA_endosplit
TUB	HT_vs_PAT	ERCB_TUB_H1	STROMA	40	-0.03347865787800399	-1.9406370246552218	snRNA_endosplit
TUB	HT_vs_PAT	ERCB_TUB_H1	PERI	33	0.04842860045645272	1.9391622636083086	snRNA_endosplit
TUB	HT_vs_PAT	ERCB_TUB_H1	BCELL	23	0.024229381987622565	0.6885163726914353	snRNA_endosplit
TUB	HT_vs_PAT	ERCB_TUB_H1	TCELL	36	-0.013151649126989965	-0.9342696810482612	snRNA_endosplit
TUB	HT_vs_PAT	ERCB_TUB_H1	MAC	32	-0.008706915192306035	-0.6662000810202289	snRNA_endosplit
TUB	HT_vs_PAT	ERCB_TUB_H1	DC	26	-0.005855729588522355	-0.4634846179659616	snRNA_endosplit
TUB	HT_vs_PAT	ERCB_TUB_H1	MAST	18	-0.007857550349500418	-0.5410385401824275	snRNA_endosplit
TUB	HT_vs_PAT	ERCB_TUB_H1	ENDO_GC	25	0.004255678649060424	-0.036458151662088274	snRNA_endosplit
TUB	HT_vs_PAT	ERCB_TUB_H1	ENDO_ART	29	0.014060041937447178	0.3870377145205699	snRNA_endosplit
TUB	HT_vs_PAT	META	PT	16	0.10099232745687911	2.894727509942621	snRNA_endosplit
TUB	HT_vs_PAT	META	PT_injured	12	0.027728653071487	0.607734626487842	snRNA_endosplit
TUB	HT_vs_PAT	META	LOH	24	-0.0020814011483404533	-0.31963953562676606	snRNA_endosplit
TUB	HT_vs_PAT	META	DCT	22	0.09947216121310536	3.5902748727934526	snRNA_endosplit
TUB	HT_vs_PAT	META	CNT_PC	26	0.03942084935708687	1.3108536259714816	snRNA_endosplit
TUB	HT_vs_PAT	META	IC	18	0.04583444117128639	1.438112312510028	snRNA_endosplit
TUB	HT_vs_PAT	META	PODO	22	0.14826518108285114	5.20211301967619	snRNA_endosplit
TUB	HT_vs_PAT	META	PEC	21	-0.01647226892722147	-0.8744831438033314	snRNA_endosplit
TUB	HT_vs_PAT	META	ENDO_PT	31	0.04060316586495196	1.5461816372497323	snRNA_endosplit
TUB	HT_vs_PAT	META	MES	36	-0.007167220775348444	-0.7132196092371381	snRNA_endosplit
TUB	HT_vs_PAT	META	STROMA	40	-0.03347865787800399	-2.1234696626218885	snRNA_endosplit
TUB	HT_vs_PAT	META	PERI	33	0.04842860045645272	1.9091229595640353	snRNA_endosplit
TUB	HT_vs_PAT	META	BCELL	23	0.024229381987622565	0.7141996788042582	snRNA_endosplit
TUB	HT_vs_PAT	META	TCELL	36	-0.013151649126989965	-0.9640814233382535	snRNA_endosplit
TUB	HT_vs_PAT	META	MAC	32	-0.008706915192306035	-0.6994214167853505	snRNA_endosplit
TUB	HT_vs_PAT	META	DC	26	-0.005855729588522355	-0.5208833921673454	snRNA_endosplit
TUB	HT_vs_PAT	META	MAST	18	-0.007857550349500418	-0.4976988113690748	snRNA_endosplit
TUB	HT_vs_PAT	META	ENDO_GC	25	0.004255678649060424	-0.09390857694426817	snRNA_endosplit
TUB	HT_vs_PAT	META	ENDO_ART	29	0.014060041937447178	0.27464213272278626	snRNA_endosplit
TUB	HT_vs_PAT_adj	ERCB_TUB_H1	PT	16	-0.19418513081062255	-4.269643824749325	snRNA_endosplit
TUB	HT_vs_PAT_adj	ERCB_TUB_H1	PT_injured	12	-0.036960520674692625	-0.33814542164404904	snRNA_endosplit
TUB	HT_vs_PAT_adj	ERCB_TUB_H1	LOH	24	-0.01021388355720919	0.15811265498460705	snRNA_endosplit
TUB	HT_vs_PAT_adj	ERCB_TUB_H1	DCT	22	-0.06327325496981241	-1.2174503156490841	snRNA_endosplit
TUB	HT_vs_PAT_adj	ERCB_TUB_H1	CNT_PC	26	-0.00784138085913701	0.30035193549318906	snRNA_endosplit
TUB	HT_vs_PAT_adj	ERCB_TUB_H1	IC	18	-0.010534133380572111	0.1938131815777998	snRNA_endosplit
TUB	HT_vs_PAT_adj	ERCB_TUB_H1	PODO	22	0.0038391383414853614	0.6076499118740869	snRNA_endosplit
TUB	HT_vs_PAT_adj	ERCB_TUB_H1	PEC	21	0.018740533652167164	0.9528275804095752	snRNA_endosplit
TUB	HT_vs_PAT_adj	ERCB_TUB_H1	ENDO_PT	31	-0.002496726434979799	0.46626672079178283	snRNA_endosplit
TUB	HT_vs_PAT_adj	ERCB_TUB_H1	MES	36	-0.015508600888362926	0.04576501652884248	snRNA_endosplit
TUB	HT_vs_PAT_adj	ERCB_TUB_H1	STROMA	40	0.12456118301114745	5.029508830247627	snRNA_endosplit
TUB	HT_vs_PAT_adj	ERCB_TUB_H1	PERI	33	-0.023628997408797536	-0.24244264836744583	snRNA_endosplit
TUB	HT_vs_PAT_adj	ERCB_TUB_H1	BCELL	23	0.07367926854070306	2.5210242617164247	snRNA_endosplit
TUB	HT_vs_PAT_adj	ERCB_TUB_H1	TCELL	36	0.12111030272317169	4.773871534639893	snRNA_endosplit
TUB	HT_vs_PAT_adj	ERCB_TUB_H1	MAC	32	0.13739612895249856	4.988033813415815	snRNA_endosplit
TUB	HT_vs_PAT_adj	ERCB_TUB_H1	DC	26	0.2177160422053131	6.745574352258792	snRNA_endosplit
TUB	HT_vs_PAT_adj	ERCB_TUB_H1	MAST	18	0.05723914546060863	1.7714150595553508	snRNA_endosplit
TUB	HT_vs_PAT_adj	ERCB_TUB_H1	ENDO_GC	25	-0.07089917589986662	-1.5916794574858868	snRNA_endosplit
TUB	HT_vs_PAT_adj	ERCB_TUB_H1	ENDO_ART	29	0.0200959553779494	1.14751765265876	snRNA_endosplit
TUB	HT_vs_PAT_adj	META	PT	16	-0.19418513081062255	-4.165006576528594	snRNA_endosplit
TUB	HT_vs_PAT_adj	META	PT_injured	12	-0.036960520674692625	-0.4304440587401845	snRNA_endosplit
TUB	HT_vs_PAT_adj	META	LOH	24	-0.01021388355720919	0.17136927979298597	snRNA_endosplit
TUB	HT_vs_PAT_adj	META	DCT	22	-0.06327325496981241	-1.267723588078259	snRNA_endosplit
TUB	HT_vs_PAT_adj	META	CNT_PC	26	-0.00784138085913701	0.235384685395478	snRNA_endosplit
TUB	HT_vs_PAT_adj	META	IC	18	-0.010534133380572111	0.19074690098031444	snRNA_endosplit
TUB	HT_vs_PAT_adj	META	PODO	22	0.0038391383414853614	0.5580037662611834	snRNA_endosplit
TUB	HT_vs_PAT_adj	META	PEC	21	0.018740533652167164	0.9664786340474226	snRNA_endosplit
TUB	HT_vs_PAT_adj	META	ENDO_PT	31	-0.002496726434979799	0.36583850695682496	snRNA_endosplit
TUB	HT_vs_PAT_adj	META	MES	36	-0.015508600888362926	0.02711958754735664	snRNA_endosplit
TUB	HT_vs_PAT_adj	META	STROMA	40	0.12456118301114745	5.140863582692559	snRNA_endosplit
TUB	HT_vs_PAT_adj	META	PERI	33	-0.023628997408797536	-0.23382337911849368	snRNA_endosplit
TUB	HT_vs_PAT_adj	META	BCELL	23	0.07367926854070306	2.558086718471765	snRNA_endosplit
TUB	HT_vs_PAT_adj	META	TCELL	36	0.12111030272317169	4.75042791977981	snRNA_endosplit
TUB	HT_vs_PAT_adj	META	MAC	32	0.13739612895249856	4.913897308739348	snRNA_endosplit
TUB	HT_vs_PAT_adj	META	DC	26	0.2177160422053131	6.617428317628372	snRNA_endosplit
TUB	HT_vs_PAT_adj	META	MAST	18	0.05723914546060863	1.7401567232054194	snRNA_endosplit
TUB	HT_vs_PAT_adj	META	ENDO_GC	25	-0.07089917589986662	-1.523868503982503	snRNA_endosplit
TUB	HT_vs_PAT_adj	META	ENDO_ART	29	0.0200959553779494	1.0736740953565664	snRNA_endosplit
TUB	IgAN_vs_PAT	ERCB_TUB_H1	PT	16	0.05023970862384883	1.5196352718563002	snRNA_endosplit
TUB	IgAN_vs_PAT	ERCB_TUB_H1	PT_injured	12	0.009670884115621474	0.0019303472042931035	snRNA_endosplit
TUB	IgAN_vs_PAT	ERCB_TUB_H1	LOH	24	0.009681691425309212	0.07203220245575812	snRNA_endosplit
TUB	IgAN_vs_PAT	ERCB_TUB_H1	DCT	22	-0.0025956414809281177	-0.5279132851533888	snRNA_endosplit
TUB	IgAN_vs_PAT	ERCB_TUB_H1	CNT_PC	26	0.018841374623522058	0.5291925502700754	snRNA_endosplit
TUB	IgAN_vs_PAT	ERCB_TUB_H1	IC	18	0.0054826597269210615	-0.0911774155774686	snRNA_endosplit
TUB	IgAN_vs_PAT	ERCB_TUB_H1	PODO	22	-0.04910238663433117	-2.527793188334365	snRNA_endosplit
TUB	IgAN_vs_PAT	ERCB_TUB_H1	PEC	21	-0.019593366466107827	-1.145215779206187	snRNA_endosplit
TUB	IgAN_vs_PAT	ERCB_TUB_H1	ENDO_PT	31	0.01184066973866954	0.19492261265276004	snRNA_endosplit
TUB	IgAN_vs_PAT	ERCB_TUB_H1	MES	36	-0.019603822658407613	-1.5314522782567053	snRNA_endosplit
TUB	IgAN_vs_PAT	ERCB_TUB_H1	STROMA	40	-0.05173867708654141	-3.5403052066473513	snRNA_endosplit
TUB	IgAN_vs_PAT	ERCB_TUB_H1	PERI	33	0.010008038713060552	0.15514691686526044	snRNA_endosplit
TUB	IgAN_vs_PAT	ERCB_TUB_H1	BCELL	23	0.020834701378708295	0.5355601841739198	snRNA_endosplit
TUB	IgAN_vs_PAT	ERCB_TUB_H1	TCELL	36	-0.027814920635945675	-1.9958578713906396	snRNA_endosplit
TUB	IgAN_vs_PAT	ERCB_TUB_H1	MAC	32	0.001260281263967055	-0.34040377294348595	snRNA_endosplit
TUB	IgAN_vs_PAT	ERCB_TUB_H1	DC	26	0.03096601116256071	1.0620039725973605	snRNA_endosplit
TUB	IgAN_vs_PAT	ERCB_TUB_H1	MAST	18	-0.030220871125089217	-1.522218044680513	snRNA_endosplit
TUB	IgAN_vs_PAT	ERCB_TUB_H1	ENDO_GC	25	0.04152355967089532	1.54144108635157	snRNA_endosplit
TUB	IgAN_vs_PAT	ERCB_TUB_H1	ENDO_ART	29	-0.012849017373559162	-1.001921213671131	snRNA_endosplit
TUB	IgAN_vs_PAT	GSE175759-RNAseq	PT	48	0.1406540828126405	3.210528579931658	snRNA_endosplit
TUB	IgAN_vs_PAT	GSE175759-RNAseq	PT_injured	33	0.018027416119972866	0.2489500394463483	snRNA_endosplit
TUB	IgAN_vs_PAT	GSE175759-RNAseq	LOH	50	0.1171341174840927	2.7483127382498256	snRNA_endosplit
TUB	IgAN_vs_PAT	GSE175759-RNAseq	DCT	50	0.3077740877494216	6.868394208986169	snRNA_endosplit
TUB	IgAN_vs_PAT	GSE175759-RNAseq	CNT_PC	50	0.14469878207892178	3.3007615365730616	snRNA_endosplit
TUB	IgAN_vs_PAT	GSE175759-RNAseq	IC	50	0.05874830015003681	1.3420331534790675	snRNA_endosplit
TUB	IgAN_vs_PAT	GSE175759-RNAseq	PODO	50	0.01644238308537752	0.3690783613298322	snRNA_endosplit
TUB	IgAN_vs_PAT	GSE175759-RNAseq	PEC	50	-0.10710940020624549	-2.4887328312063604	snRNA_endosplit
TUB	IgAN_vs_PAT	GSE175759-RNAseq	ENDO_PT	50	-0.04653759960085155	-1.0728086594500406	snRNA_endosplit
TUB	IgAN_vs_PAT	GSE175759-RNAseq	MES	50	0.03361516322940588	0.6916310118761876	snRNA_endosplit
TUB	IgAN_vs_PAT	GSE175759-RNAseq	STROMA	50	-0.012375654457136988	-0.3801264838525237	snRNA_endosplit
TUB	IgAN_vs_PAT	GSE175759-RNAseq	PERI	50	0.00740919575328006	0.09584659763911131	snRNA_endosplit
TUB	IgAN_vs_PAT	GSE175759-RNAseq	BCELL	50	0.03515438342466951	0.8044482606629143	snRNA_endosplit
TUB	IgAN_vs_PAT	GSE175759-RNAseq	TCELL	50	-0.19744355853646994	-4.65499998021848	snRNA_endosplit
TUB	IgAN_vs_PAT	GSE175759-RNAseq	MAC	50	-0.3695456229895353	-8.68474549204986	snRNA_endosplit
TUB	IgAN_vs_PAT	GSE175759-RNAseq	DC	50	-0.13143114504404366	-3.0214883834571076	snRNA_endosplit
TUB	IgAN_vs_PAT	GSE175759-RNAseq	MAST	25	-0.0990872174501419	-1.5486549217995147	snRNA_endosplit
TUB	IgAN_vs_PAT	GSE175759-RNAseq	ENDO_GC	50	-0.01467275005299598	-0.39578371658233985	snRNA_endosplit
TUB	IgAN_vs_PAT	GSE175759-RNAseq	ENDO_ART	50	-0.006694048661738629	-0.20846258163656756	snRNA_endosplit
TUB	IgAN_vs_PAT	META	PT	48	0.11076335315495574	3.025579365434257	snRNA_endosplit
TUB	IgAN_vs_PAT	META	PT_injured	33	0.016366898406748518	0.42414936378439483	snRNA_endosplit
TUB	IgAN_vs_PAT	META	LOH	50	0.0998270532512106	2.8775623974932327	snRNA_endosplit
TUB	IgAN_vs_PAT	META	DCT	50	0.23716025907546281	6.6274174164533175	snRNA_endosplit
TUB	IgAN_vs_PAT	META	CNT_PC	50	0.12495165438231197	3.3752149895072496	snRNA_endosplit
TUB	IgAN_vs_PAT	META	IC	50	0.07982825971208513	2.381846499114179	snRNA_endosplit
TUB	IgAN_vs_PAT	META	PODO	50	-0.002630972230108457	-0.057953319112688535	snRNA_endosplit
TUB	IgAN_vs_PAT	META	PEC	50	-0.09388789508957412	-2.4957416964008745	snRNA_endosplit
TUB	IgAN_vs_PAT	META	ENDO_PT	50	-0.02566666406579316	-0.6333268536303888	snRNA_endosplit
TUB	IgAN_vs_PAT	META	MES	50	0.008917918310035014	0.2560812734237088	snRNA_endosplit
TUB	IgAN_vs_PAT	META	STROMA	50	-0.01635120888939127	-0.35514371755355	snRNA_endosplit
TUB	IgAN_vs_PAT	META	PERI	50	0.0074184242438059215	0.23095900726923513	snRNA_endosplit
TUB	IgAN_vs_PAT	META	BCELL	50	0.03213611965067686	0.9294945532248118	snRNA_endosplit
TUB	IgAN_vs_PAT	META	TCELL	50	-0.13602476611966266	-3.673801131114474	snRNA_endosplit
TUB	IgAN_vs_PAT	META	MAC	50	-0.24954412040766327	-6.785137543713577	snRNA_endosplit
TUB	IgAN_vs_PAT	META	DC	50	-0.082865166766569	-2.2433812464951615	snRNA_endosplit
TUB	IgAN_vs_PAT	META	MAST	25	-0.05905874157557263	-1.0814035472326091	snRNA_endosplit
TUB	IgAN_vs_PAT	META	ENDO_GC	50	-0.0008861545822582958	0.050765254272272214	snRNA_endosplit
TUB	IgAN_vs_PAT	META	ENDO_ART	50	-0.008765570020186712	-0.17283870702247703	snRNA_endosplit
TUB	IgAN_vs_PAT_adj	ERCB_TUB_H1	PT	16	0.11161976548072143	2.993156940880826	snRNA_endosplit
TUB	IgAN_vs_PAT_adj	ERCB_TUB_H1	PT_injured	12	0.02331057674318118	0.3785618798875876	snRNA_endosplit
TUB	IgAN_vs_PAT_adj	ERCB_TUB_H1	LOH	24	0.011964293191971863	0.05006070829788424	snRNA_endosplit
TUB	IgAN_vs_PAT_adj	ERCB_TUB_H1	DCT	22	0.023020271036711816	0.4690910684444322	snRNA_endosplit
TUB	IgAN_vs_PAT_adj	ERCB_TUB_H1	CNT_PC	26	0.02733468760403904	0.626389105893022	snRNA_endosplit
TUB	IgAN_vs_PAT_adj	ERCB_TUB_H1	IC	18	0.014563648228749402	0.10447650165968549	snRNA_endosplit
TUB	IgAN_vs_PAT_adj	ERCB_TUB_H1	PODO	22	-0.025986541217040058	-1.3773006285869303	snRNA_endosplit
TUB	IgAN_vs_PAT_adj	ERCB_TUB_H1	PEC	21	-0.026948293916460912	-1.4198267149264083	snRNA_endosplit
TUB	IgAN_vs_PAT_adj	ERCB_TUB_H1	ENDO_PT	31	0.01865123125488265	0.27619289243128214	snRNA_endosplit
TUB	IgAN_vs_PAT_adj	ERCB_TUB_H1	MES	36	-0.020499119660651193	-1.4860819315697176	snRNA_endosplit
TUB	IgAN_vs_PAT_adj	ERCB_TUB_H1	STROMA	40	-0.08742738057504547	-4.9541514558545305	snRNA_endosplit
TUB	IgAN_vs_PAT_adj	ERCB_TUB_H1	PERI	33	0.022888062284728762	0.4168250954986114	snRNA_endosplit
TUB	IgAN_vs_PAT_adj	ERCB_TUB_H1	BCELL	23	0.013524482728142722	0.05324141482764157	snRNA_endosplit
TUB	IgAN_vs_PAT_adj	ERCB_TUB_H1	TCELL	36	-0.05146431618969835	-3.0055674554319913	snRNA_endosplit
TUB	IgAN_vs_PAT_adj	ERCB_TUB_H1	MAC	32	-0.02611508589051007	-1.7460608673836295	snRNA_endosplit
TUB	IgAN_vs_PAT_adj	ERCB_TUB_H1	DC	26	-0.003046707895487927	-0.6550566973737569	snRNA_endosplit
TUB	IgAN_vs_PAT_adj	ERCB_TUB_H1	MAST	18	-0.04105956529119876	-1.7939453895696393	snRNA_endosplit
TUB	IgAN_vs_PAT_adj	ERCB_TUB_H1	ENDO_GC	25	0.05394222406960445	1.6008896052363843	snRNA_endosplit
TUB	IgAN_vs_PAT_adj	ERCB_TUB_H1	ENDO_ART	29	-0.014657069776136103	-1.0988769170825838	snRNA_endosplit
TUB	IgAN_vs_PAT_adj	GSE175759-RNAseq	PT	48	0.039229752320918056	0.8159003552320121	snRNA_endosplit
TUB	IgAN_vs_PAT_adj	GSE175759-RNAseq	PT_injured	33	-0.018080193307843932	-0.5006478448933734	snRNA_endosplit
TUB	IgAN_vs_PAT_adj	GSE175759-RNAseq	LOH	50	0.05699819058223517	1.227521023037861	snRNA_endosplit
TUB	IgAN_vs_PAT_adj	GSE175759-RNAseq	DCT	50	0.1637208548982118	3.8927464126163582	snRNA_endosplit
TUB	IgAN_vs_PAT_adj	GSE175759-RNAseq	CNT_PC	50	0.10495069417541181	2.2787581285920373	snRNA_endosplit
TUB	IgAN_vs_PAT_adj	GSE175759-RNAseq	IC	50	-0.06276255022667514	-1.728957226599033	snRNA_endosplit
TUB	IgAN_vs_PAT_adj	GSE175759-RNAseq	PODO	50	-0.07620904777900468	-2.043797083992038	snRNA_endosplit
TUB	IgAN_vs_PAT_adj	GSE175759-RNAseq	PEC	50	-0.12329476393106545	-3.1739619912964563	snRNA_endosplit
TUB	IgAN_vs_PAT_adj	GSE175759-RNAseq	ENDO_PT	50	-0.015474572276289242	-0.5274108513639982	snRNA_endosplit
TUB	IgAN_vs_PAT_adj	GSE175759-RNAseq	MES	50	0.00629177918664172	-0.01650398224060589	snRNA_endosplit
TUB	IgAN_vs_PAT_adj	GSE175759-RNAseq	STROMA	50	0.034071827774546544	0.6758044300641124	snRNA_endosplit
TUB	IgAN_vs_PAT_adj	GSE175759-RNAseq	PERI	50	-0.0641653878509494	-1.7670078433990097	snRNA_endosplit
TUB	IgAN_vs_PAT_adj	GSE175759-RNAseq	BCELL	50	0.14074986949181542	3.3520790071517506	snRNA_endosplit
TUB	IgAN_vs_PAT_adj	GSE175759-RNAseq	TCELL	50	-0.11269079053739643	-2.987984241812721	snRNA_endosplit
TUB	IgAN_vs_PAT_adj	GSE175759-RNAseq	MAC	50	-0.27441550096677175	-6.8827189151270485	snRNA_endosplit
TUB	IgAN_vs_PAT_adj	GSE175759-RNAseq	DC	50	-0.0380961492062081	-1.1603102811395523	snRNA_endosplit
TUB	IgAN_vs_PAT_adj	GSE175759-RNAseq	MAST	25	-0.09555433763594999	-1.8144031169868233	snRNA_endosplit
TUB	IgAN_vs_PAT_adj	GSE175759-RNAseq	ENDO_GC	50	-0.058336397446169336	-1.569391511499017	snRNA_endosplit
TUB	IgAN_vs_PAT_adj	GSE175759-RNAseq	ENDO_ART	50	-0.019772832498743193	-0.6722144626684528	snRNA_endosplit
TUB	IgAN_vs_PAT_adj	META	PT	48	0.03198357649237284	0.8440409022678897	snRNA_endosplit
TUB	IgAN_vs_PAT_adj	META	PT_injured	33	-0.015076114959511793	-0.3817491365565355	snRNA_endosplit
TUB	IgAN_vs_PAT_adj	META	LOH	50	0.05085067056082655	1.4064775224578712	snRNA_endosplit
TUB	IgAN_vs_PAT_adj	META	DCT	50	0.13264658197682727	3.9237913834672513	snRNA_endosplit
TUB	IgAN_vs_PAT_adj	META	CNT_PC	50	0.09081380514973843	2.4441627281269196	snRNA_endosplit
TUB	IgAN_vs_PAT_adj	META	IC	50	-0.02241311384292488	-0.6885636887810866	snRNA_endosplit
TUB	IgAN_vs_PAT_adj	META	PODO	50	-0.07364998006572644	-2.291202001966064	snRNA_endosplit
TUB	IgAN_vs_PAT_adj	META	PEC	50	-0.10418142559647992	-3.050892430741381	snRNA_endosplit
TUB	IgAN_vs_PAT_adj	META	ENDO_PT	50	-0.006135503589114618	-0.20723021977306258	snRNA_endosplit
TUB	IgAN_vs_PAT_adj	META	MES	50	-0.0020044451157304444	-0.09299918853723838	snRNA_endosplit
TUB	IgAN_vs_PAT_adj	META	STROMA	50	-0.01177175428813903	-0.3648753334623226	snRNA_endosplit
TUB	IgAN_vs_PAT_adj	META	PERI	50	-0.037425826853472656	-1.1063893188884335	snRNA_endosplit
TUB	IgAN_vs_PAT_adj	META	BCELL	50	0.11209687604200512	3.189925955208702	snRNA_endosplit
TUB	IgAN_vs_PAT_adj	META	TCELL	50	-0.09793985972595604	-2.866725913594211	snRNA_endosplit
TUB	IgAN_vs_PAT_adj	META	MAC	50	-0.1977729376776448	-5.971710679959189	snRNA_endosplit
TUB	IgAN_vs_PAT_adj	META	DC	50	-0.03199929153053304	-1.0096060231337332	snRNA_endosplit
TUB	IgAN_vs_PAT_adj	META	MAST	25	-0.058656148100060826	-1.2054520288094641	snRNA_endosplit
TUB	IgAN_vs_PAT_adj	META	ENDO_GC	50	-0.03415678208541382	-0.9920635879936287	snRNA_endosplit
TUB	IgAN_vs_PAT_adj	META	ENDO_ART	50	-0.020301519192761956	-0.6287302515636815	snRNA_endosplit
TUB	LN_vs_PAT	ERCB_TUB_H1	PT	16	-0.11801952758105469	-1.3060874701614689	snRNA_endosplit
TUB	LN_vs_PAT	ERCB_TUB_H1	PT_injured	12	-0.08815036015585065	-0.8068490035534337	snRNA_endosplit
TUB	LN_vs_PAT	ERCB_TUB_H1	LOH	24	-0.06592614673233281	-0.7059017947200243	snRNA_endosplit
TUB	LN_vs_PAT	ERCB_TUB_H1	DCT	22	0.0040406063622371565	0.6210810253419528	snRNA_endosplit
TUB	LN_vs_PAT	ERCB_TUB_H1	CNT_PC	26	0.010092170049364772	0.7811290555951022	snRNA_endosplit
TUB	LN_vs_PAT	ERCB_TUB_H1	IC	18	-0.016712262191706222	0.1616703986899207	snRNA_endosplit
TUB	LN_vs_PAT	ERCB_TUB_H1	PODO	22	0.07132714021612298	1.7532228866371218	snRNA_endosplit
TUB	LN_vs_PAT	ERCB_TUB_H1	PEC	21	-0.008710620170902654	0.3333508419561015	snRNA_endosplit
TUB	LN_vs_PAT	ERCB_TUB_H1	ENDO_PT	31	-0.019733913963840846	0.145940265992898	snRNA_endosplit
TUB	LN_vs_PAT	ERCB_TUB_H1	MES	36	0.04043783066380355	1.5363574560247673	snRNA_endosplit
TUB	LN_vs_PAT	ERCB_TUB_H1	STROMA	40	0.07123211447033098	2.436496081736457	snRNA_endosplit
TUB	LN_vs_PAT	ERCB_TUB_H1	PERI	33	-0.07768449305457938	-1.0782549797427068	snRNA_endosplit
TUB	LN_vs_PAT	ERCB_TUB_H1	BCELL	23	0.107574109747277	2.4712260752929365	snRNA_endosplit
TUB	LN_vs_PAT	ERCB_TUB_H1	TCELL	36	0.022986031085666672	1.2134015166521166	snRNA_endosplit
TUB	LN_vs_PAT	ERCB_TUB_H1	MAC	32	0.18806230888003483	4.571925266953038	snRNA_endosplit
TUB	LN_vs_PAT	ERCB_TUB_H1	DC	26	0.048167322045908505	1.5317334475343614	snRNA_endosplit
TUB	LN_vs_PAT	ERCB_TUB_H1	MAST	18	0.0027213198029332735	0.47303719071839223	snRNA_endosplit
TUB	LN_vs_PAT	ERCB_TUB_H1	ENDO_GC	25	0.08980520490556955	2.2908546657786117	snRNA_endosplit
TUB	LN_vs_PAT	ERCB_TUB_H1	ENDO_ART	29	0.006860029546479719	0.7155798532853995	snRNA_endosplit
TUB	LN_vs_PAT	META	PT	16	-0.11801952758105469	-1.3481810440427138	snRNA_endosplit
TUB	LN_vs_PAT	META	PT_injured	12	-0.08815036015585065	-0.8950168707520453	snRNA_endosplit
TUB	LN_vs_PAT	META	LOH	24	-0.06592614673233281	-0.7327593766388188	snRNA_endosplit
TUB	LN_vs_PAT	META	DCT	22	0.0040406063622371565	0.552071680891142	snRNA_endosplit
TUB	LN_vs_PAT	META	CNT_PC	26	0.010092170049364772	0.7909279241302948	snRNA_endosplit
TUB	LN_vs_PAT	META	IC	18	-0.016712262191706222	0.19204903647402471	snRNA_endosplit
TUB	LN_vs_PAT	META	PODO	22	0.07132714021612298	1.8662723325781008	snRNA_endosplit
TUB	LN_vs_PAT	META	PEC	21	-0.008710620170902654	0.3234671776782413	snRNA_endosplit
TUB	LN_vs_PAT	META	ENDO_PT	31	-0.019733913963840846	0.16929662560321043	snRNA_endosplit
TUB	LN_vs_PAT	META	MES	36	0.04043783066380355	1.565192281363754	snRNA_endosplit
TUB	LN_vs_PAT	META	STROMA	40	0.07123211447033098	2.3289562428172585	snRNA_endosplit
TUB	LN_vs_PAT	META	PERI	33	-0.07768449305457938	-1.0513236835624091	snRNA_endosplit
TUB	LN_vs_PAT	META	BCELL	23	0.107574109747277	2.4659259945327965	snRNA_endosplit
TUB	LN_vs_PAT	META	TCELL	36	0.022986031085666672	1.1074766088921948	snRNA_endosplit
TUB	LN_vs_PAT	META	MAC	32	0.18806230888003483	4.716819725932792	snRNA_endosplit
TUB	LN_vs_PAT	META	DC	26	0.048167322045908505	1.6220851985038898	snRNA_endosplit
TUB	LN_vs_PAT	META	MAST	18	0.0027213198029332735	0.5204218570035244	snRNA_endosplit
TUB	LN_vs_PAT	META	ENDO_GC	25	0.08980520490556955	2.221832029937347	snRNA_endosplit
TUB	LN_vs_PAT	META	ENDO_ART	29	0.006860029546479719	0.7845848009725366	snRNA_endosplit
TUB	LN_vs_PAT_adj	ERCB_TUB_H1	PT	16	-0.04083110153064333	-0.28019867920516506	snRNA_endosplit
TUB	LN_vs_PAT_adj	ERCB_TUB_H1	PT_injured	12	-0.07131591663146834	-0.6855044055193987	snRNA_endosplit
TUB	LN_vs_PAT_adj	ERCB_TUB_H1	LOH	24	-0.06343030155780272	-0.8739410900367413	snRNA_endosplit
TUB	LN_vs_PAT_adj	ERCB_TUB_H1	DCT	22	0.060037659113557004	1.515875044641296	snRNA_endosplit
TUB	LN_vs_PAT_adj	ERCB_TUB_H1	CNT_PC	26	0.02633910559531953	0.9304468036036941	snRNA_endosplit
TUB	LN_vs_PAT_adj	ERCB_TUB_H1	IC	18	0.0009944769035424217	0.36098769475228587	snRNA_endosplit
TUB	LN_vs_PAT_adj	ERCB_TUB_H1	PODO	22	0.1265753132467572	2.6821255136208535	snRNA_endosplit
TUB	LN_vs_PAT_adj	ERCB_TUB_H1	PEC	21	-0.019348760274834113	0.0786638058978395	snRNA_endosplit
TUB	LN_vs_PAT_adj	ERCB_TUB_H1	ENDO_PT	31	-0.007165456744197435	0.3553523848957649	snRNA_endosplit
TUB	LN_vs_PAT_adj	ERCB_TUB_H1	MES	36	0.04825846511064397	1.7046641284143647	snRNA_endosplit
TUB	LN_vs_PAT_adj	ERCB_TUB_H1	STROMA	40	0.02159513764814833	1.0494651321384054	snRNA_endosplit
TUB	LN_vs_PAT_adj	ERCB_TUB_H1	PERI	33	-0.05972268406342269	-0.86851231753756	snRNA_endosplit
TUB	LN_vs_PAT_adj	ERCB_TUB_H1	BCELL	23	0.09979044406072127	2.2602232217571987	snRNA_endosplit
TUB	LN_vs_PAT_adj	ERCB_TUB_H1	TCELL	36	-0.011336572119365883	0.2645250355833119	snRNA_endosplit
TUB	LN_vs_PAT_adj	ERCB_TUB_H1	MAC	32	0.1889000644416051	4.7059322481631956	snRNA_endosplit
TUB	LN_vs_PAT_adj	ERCB_TUB_H1	DC	26	-0.0019790578599726567	0.3736553705514673	snRNA_endosplit
TUB	LN_vs_PAT_adj	ERCB_TUB_H1	MAST	18	-0.015859502791106338	0.04724506968759326	snRNA_endosplit
TUB	LN_vs_PAT_adj	ERCB_TUB_H1	ENDO_GC	25	0.11664417875112898	2.844331962518097	snRNA_endosplit
TUB	LN_vs_PAT_adj	ERCB_TUB_H1	ENDO_ART	29	0.005732484883341388	0.547315747333482	snRNA_endosplit
TUB	LN_vs_PAT_adj	META	PT	16	-0.04083110153064333	-0.345862472740762	snRNA_endosplit
TUB	LN_vs_PAT_adj	META	PT_injured	12	-0.07131591663146834	-0.6744935224465599	snRNA_endosplit
TUB	LN_vs_PAT_adj	META	LOH	24	-0.06343030155780272	-0.8118159783996797	snRNA_endosplit
TUB	LN_vs_PAT_adj	META	DCT	22	0.060037659113557004	1.4993929016929561	snRNA_endosplit
TUB	LN_vs_PAT_adj	META	CNT_PC	26	0.02633910559531953	0.9178428705036892	snRNA_endosplit
TUB	LN_vs_PAT_adj	META	IC	18	0.0009944769035424217	0.36386422318367667	snRNA_endosplit
TUB	LN_vs_PAT_adj	META	PODO	22	0.1265753132467572	2.765789382045849	snRNA_endosplit
TUB	LN_vs_PAT_adj	META	PEC	21	-0.019348760274834113	0.07021027085673673	snRNA_endosplit
TUB	LN_vs_PAT_adj	META	ENDO_PT	31	-0.007165456744197435	0.29063816351369165	snRNA_endosplit
TUB	LN_vs_PAT_adj	META	MES	36	0.04825846511064397	1.5617110762349846	snRNA_endosplit
TUB	LN_vs_PAT_adj	META	STROMA	40	0.02159513764814833	1.103356424038124	snRNA_endosplit
TUB	LN_vs_PAT_adj	META	PERI	33	-0.05972268406342269	-0.9281882516205439	snRNA_endosplit
TUB	LN_vs_PAT_adj	META	BCELL	23	0.09979044406072127	2.314157653447529	snRNA_endosplit
TUB	LN_vs_PAT_adj	META	TCELL	36	-0.011336572119365883	0.207962500163933	snRNA_endosplit
TUB	LN_vs_PAT_adj	META	MAC	32	0.1889000644416051	4.701871453537689	snRNA_endosplit
TUB	LN_vs_PAT_adj	META	DC	26	-0.0019790578599726567	0.36611939964894064	snRNA_endosplit
TUB	LN_vs_PAT_adj	META	MAST	18	-0.015859502791106338	0.03393113818955524	snRNA_endosplit
TUB	LN_vs_PAT_adj	META	ENDO_GC	25	0.11664417875112898	2.7701215269861996	snRNA_endosplit
TUB	LN_vs_PAT_adj	META	ENDO_ART	29	0.005732484883341388	0.5683831689874722	snRNA_endosplit
TUB	MCD_vs_PAT	ERCB_TUB_H1	PT	16	0.3402432819129899	3.4064405574075853	snRNA_endosplit
TUB	MCD_vs_PAT	ERCB_TUB_H1	PT_injured	12	0.27854919868210953	2.367955594990827	snRNA_endosplit
TUB	MCD_vs_PAT	ERCB_TUB_H1	LOH	24	-0.1659863463913401	-2.7650618912999274	snRNA_endosplit
TUB	MCD_vs_PAT	ERCB_TUB_H1	DCT	22	0.09526689947498115	0.9536913886640339	snRNA_endosplit
TUB	MCD_vs_PAT	ERCB_TUB_H1	CNT_PC	26	-0.21441366007694831	-3.4719790218536994	snRNA_endosplit
TUB	MCD_vs_PAT	ERCB_TUB_H1	IC	18	0.04124395590366071	0.16629012470787258	snRNA_endosplit
TUB	MCD_vs_PAT	ERCB_TUB_H1	PODO	22	0.11376766835085368	1.1602982801469228	snRNA_endosplit
TUB	MCD_vs_PAT	ERCB_TUB_H1	PEC	21	-0.1098263088081564	-1.734465304067702	snRNA_endosplit
TUB	MCD_vs_PAT	ERCB_TUB_H1	ENDO_PT	31	-0.06961137645186917	-1.5372085496871752	snRNA_endosplit
TUB	MCD_vs_PAT	ERCB_TUB_H1	MES	36	0.02043733352588282	-0.13445626626111737	snRNA_endosplit
TUB	MCD_vs_PAT	ERCB_TUB_H1	STROMA	40	-0.21229281348059886	-4.291010634720024	snRNA_endosplit
TUB	MCD_vs_PAT	ERCB_TUB_H1	PERI	33	-0.037026250001155975	-1.0846718395030375	snRNA_endosplit
TUB	MCD_vs_PAT	ERCB_TUB_H1	BCELL	23	-0.21649058398021304	-3.2017710611996377	snRNA_endosplit
TUB	MCD_vs_PAT	ERCB_TUB_H1	TCELL	36	-0.20662314677610993	-3.8446528534772657	snRNA_endosplit
TUB	MCD_vs_PAT	ERCB_TUB_H1	MAC	32	-0.11812616387032904	-2.2304941674794803	snRNA_endosplit
TUB	MCD_vs_PAT	ERCB_TUB_H1	DC	26	-0.2743243591573376	-4.3171571279684455	snRNA_endosplit
TUB	MCD_vs_PAT	ERCB_TUB_H1	MAST	18	-0.15035220978057218	-2.072605582372017	snRNA_endosplit
TUB	MCD_vs_PAT	ERCB_TUB_H1	ENDO_GC	25	-0.012785937376320363	-0.5383184696358309	snRNA_endosplit
TUB	MCD_vs_PAT	ERCB_TUB_H1	ENDO_ART	29	-0.15246227768988446	-2.721265421266788	snRNA_endosplit
TUB	MCD_vs_PAT	GSE108112-GPL19983	PT	40	0.14254720129538326	3.966744917204549	snRNA_endosplit
TUB	MCD_vs_PAT	GSE108112-GPL19983	PT_injured	30	0.13987584013181426	3.3036859923122828	snRNA_endosplit
TUB	MCD_vs_PAT	GSE108112-GPL19983	LOH	43	-0.02006662905562755	-0.4636852534036667	snRNA_endosplit
TUB	MCD_vs_PAT	GSE108112-GPL19983	DCT	46	0.028639540476117116	0.8537808010590161	snRNA_endosplit
TUB	MCD_vs_PAT	GSE108112-GPL19983	CNT_PC	46	0.05795373249819259	1.6885183114385125	snRNA_endosplit
TUB	MCD_vs_PAT	GSE108112-GPL19983	IC	47	0.10437957591753691	3.223333941249914	snRNA_endosplit
TUB	MCD_vs_PAT	GSE108112-GPL19983	PODO	47	-0.02560066255899345	-0.7058169110283746	snRNA_endosplit
TUB	MCD_vs_PAT	GSE108112-GPL19983	PEC	48	-0.004257904501476641	-0.031644586719467446	snRNA_endosplit
TUB	MCD_vs_PAT	GSE108112-GPL19983	ENDO_PT	49	-0.1355860638052073	-4.0456255774366525	snRNA_endosplit
TUB	MCD_vs_PAT	GSE108112-GPL19983	MES	49	-0.11648328674539012	-3.331752560372762	snRNA_endosplit
TUB	MCD_vs_PAT	GSE108112-GPL19983	STROMA	48	-0.18620637032048157	-5.480122403287676	snRNA_endosplit
TUB	MCD_vs_PAT	GSE108112-GPL19983	PERI	49	-0.07858575507998466	-2.324960630346107	snRNA_endosplit
TUB	MCD_vs_PAT	GSE108112-GPL19983	BCELL	44	-0.13949471445415507	-3.917673387365651	snRNA_endosplit
TUB	MCD_vs_PAT	GSE108112-GPL19983	TCELL	48	-0.02658711191421995	-0.7803318978127396	snRNA_endosplit
TUB	MCD_vs_PAT	GSE108112-GPL19983	MAC	49	-0.1364377616163419	-4.07141283825908	snRNA_endosplit
TUB	MCD_vs_PAT	GSE108112-GPL19983	DC	49	-0.04810688642034193	-1.3646945136118755	snRNA_endosplit
TUB	MCD_vs_PAT	GSE108112-GPL19983	MAST	24	-0.07048702895796548	-1.3434488218086094	snRNA_endosplit
TUB	MCD_vs_PAT	GSE108112-GPL19983	ENDO_GC	47	0.007694791487239779	0.2656582602383094	snRNA_endosplit
TUB	MCD_vs_PAT	GSE108112-GPL19983	ENDO_ART	48	-0.07886405415289725	-2.197683605860381	snRNA_endosplit
TUB	MCD_vs_PAT	GSE133288-GPL19983	PT	40	0.20573689026059583	3.708572540661056	snRNA_endosplit
TUB	MCD_vs_PAT	GSE133288-GPL19983	PT_injured	30	0.15006018734226625	2.24276939920467	snRNA_endosplit
TUB	MCD_vs_PAT	GSE133288-GPL19983	LOH	43	0.03257544571601481	0.2924300312084812	snRNA_endosplit
TUB	MCD_vs_PAT	GSE133288-GPL19983	DCT	46	0.11063288192710151	1.994617418313838	snRNA_endosplit
TUB	MCD_vs_PAT	GSE133288-GPL19983	CNT_PC	46	0.06259460246149935	0.8765177524989876	snRNA_endosplit
TUB	MCD_vs_PAT	GSE133288-GPL19983	IC	47	0.1279266657941836	2.2528339916394913	snRNA_endosplit
TUB	MCD_vs_PAT	GSE133288-GPL19983	PODO	47	0.20021627507509387	3.9358832050470056	snRNA_endosplit
TUB	MCD_vs_PAT	GSE133288-GPL19983	PEC	48	-0.20546840280682468	-4.844917949114094	snRNA_endosplit
TUB	MCD_vs_PAT	GSE133288-GPL19983	ENDO_PT	49	0.02204613173285462	0.1309226868473481	snRNA_endosplit
TUB	MCD_vs_PAT	GSE133288-GPL19983	MES	49	-0.03342036577891939	-1.1238657551343252	snRNA_endosplit
TUB	MCD_vs_PAT	GSE133288-GPL19983	STROMA	48	-0.2814382470775551	-6.376118812835422	snRNA_endosplit
TUB	MCD_vs_PAT	GSE133288-GPL19983	PERI	49	-0.02799902088483986	-1.038874120712567	snRNA_endosplit
TUB	MCD_vs_PAT	GSE133288-GPL19983	BCELL	44	-0.22952688837804916	-5.241605993180198	snRNA_endosplit
TUB	MCD_vs_PAT	GSE133288-GPL19983	TCELL	48	-0.23788642781225158	-5.491565925467458	snRNA_endosplit
TUB	MCD_vs_PAT	GSE133288-GPL19983	MAC	49	-0.2507014074077716	-5.977056944358513	snRNA_endosplit
TUB	MCD_vs_PAT	GSE133288-GPL19983	DC	49	-0.18340067246368116	-4.545221788390031	snRNA_endosplit
TUB	MCD_vs_PAT	GSE133288-GPL19983	MAST	24	-0.11735831829719245	-2.1321016039104683	snRNA_endosplit
TUB	MCD_vs_PAT	GSE133288-GPL19983	ENDO_GC	47	0.07081796184301059	1.134439917116501	snRNA_endosplit
TUB	MCD_vs_PAT	GSE133288-GPL19983	ENDO_ART	48	-0.06038693793622466	-1.6032615928257232	snRNA_endosplit
TUB	MCD_vs_PAT	GSE175759-RNAseq	PT	48	0.02408733719494194	0.3749664645344305	snRNA_endosplit
TUB	MCD_vs_PAT	GSE175759-RNAseq	PT_injured	33	0.0891268874455074	1.2634679399326052	snRNA_endosplit
TUB	MCD_vs_PAT	GSE175759-RNAseq	LOH	50	-0.020122064966708413	-0.3868379927690724	snRNA_endosplit
TUB	MCD_vs_PAT	GSE175759-RNAseq	DCT	50	0.01372994957491756	0.17888858458884982	snRNA_endosplit
TUB	MCD_vs_PAT	GSE175759-RNAseq	CNT_PC	50	0.029135523457080127	0.48863190741732654	snRNA_endosplit
TUB	MCD_vs_PAT	GSE175759-RNAseq	IC	50	0.2109552600234747	3.68028016629356	snRNA_endosplit
TUB	MCD_vs_PAT	GSE175759-RNAseq	PODO	50	-0.11238037736155093	-1.9089654094625965	snRNA_endosplit
TUB	MCD_vs_PAT	GSE175759-RNAseq	PEC	50	0.03639644329203293	0.656789830259642	snRNA_endosplit
TUB	MCD_vs_PAT	GSE175759-RNAseq	ENDO_PT	50	0.004504144852980972	0.06715325789538057	snRNA_endosplit
TUB	MCD_vs_PAT	GSE175759-RNAseq	MES	50	-0.2851423945743591	-4.967639056910506	snRNA_endosplit
TUB	MCD_vs_PAT	GSE175759-RNAseq	STROMA	50	-0.336769967477303	-5.886463631606514	snRNA_endosplit
TUB	MCD_vs_PAT	GSE175759-RNAseq	PERI	50	-0.010847263913601642	-0.1993361699029331	snRNA_endosplit
TUB	MCD_vs_PAT	GSE175759-RNAseq	BCELL	50	-0.49517496997490523	-8.830672221754313	snRNA_endosplit
TUB	MCD_vs_PAT	GSE175759-RNAseq	TCELL	50	-0.5294729141891003	-9.042469698478998	snRNA_endosplit
TUB	MCD_vs_PAT	GSE175759-RNAseq	MAC	50	-0.10871117101982236	-1.9522115476862598	snRNA_endosplit
TUB	MCD_vs_PAT	GSE175759-RNAseq	DC	50	-0.42671060875058175	-7.397056802496401	snRNA_endosplit
TUB	MCD_vs_PAT	GSE175759-RNAseq	MAST	25	-0.24443081349134446	-2.8868539185428075	snRNA_endosplit
TUB	MCD_vs_PAT	GSE175759-RNAseq	ENDO_GC	50	0.011209625294432044	0.16855416052961622	snRNA_endosplit
TUB	MCD_vs_PAT	GSE175759-RNAseq	ENDO_ART	50	-0.04302811332046986	-0.7308115675522235	snRNA_endosplit
TUB	MCD_vs_PAT	GSE182380-RNAseq	PT	31	0.2634914532423981	3.9922312316448036	snRNA_endosplit
TUB	MCD_vs_PAT	GSE182380-RNAseq	PT_injured	28	0.08318310370668766	0.4183648406386345	snRNA_endosplit
TUB	MCD_vs_PAT	GSE182380-RNAseq	LOH	38	0.057445833067360674	-0.09881654164075811	snRNA_endosplit
TUB	MCD_vs_PAT	GSE182380-RNAseq	DCT	41	0.2733215289871867	4.861066443038562	snRNA_endosplit
TUB	MCD_vs_PAT	GSE182380-RNAseq	CNT_PC	39	0.008571815485946647	-1.1569994585642482	snRNA_endosplit
TUB	MCD_vs_PAT	GSE182380-RNAseq	IC	41	0.26645178531819	4.526587968079465	snRNA_endosplit
TUB	MCD_vs_PAT	GSE182380-RNAseq	PODO	38	0.04375625933569512	-0.39247018356907537	snRNA_endosplit
TUB	MCD_vs_PAT	GSE182380-RNAseq	PEC	42	-0.07983653683082334	-3.3285616401365217	snRNA_endosplit
TUB	MCD_vs_PAT	GSE182380-RNAseq	ENDO_PT	48	-0.03415074137349924	-2.3396844195966042	snRNA_endosplit
TUB	MCD_vs_PAT	GSE182380-RNAseq	MES	47	-0.03003558269800975	-2.093869275686612	snRNA_endosplit
TUB	MCD_vs_PAT	GSE182380-RNAseq	STROMA	48	-0.18534210797709724	-6.03060665037691	snRNA_endosplit
TUB	MCD_vs_PAT	GSE182380-RNAseq	PERI	45	-0.027483292865670396	-2.162808121764506	snRNA_endosplit
TUB	MCD_vs_PAT	GSE182380-RNAseq	BCELL	29	-0.18153371077416272	-4.800661030015119	snRNA_endosplit
TUB	MCD_vs_PAT	GSE182380-RNAseq	TCELL	41	-0.31151198046054784	-8.48640342400711	snRNA_endosplit
TUB	MCD_vs_PAT	GSE182380-RNAseq	MAC	46	-0.21567186844818617	-6.71841512889295	snRNA_endosplit
TUB	MCD_vs_PAT	GSE182380-RNAseq	DC	47	-0.2949654270122026	-8.870730117789432	snRNA_endosplit
TUB	MCD_vs_PAT	GSE182380-RNAseq	MAST	25	-0.14679217902943492	-3.737990371872646	snRNA_endosplit
TUB	MCD_vs_PAT	GSE182380-RNAseq	ENDO_GC	42	0.03837766626938467	-0.5800972039758832	snRNA_endosplit
TUB	MCD_vs_PAT	GSE182380-RNAseq	ENDO_ART	45	0.005203919091986288	-1.3455644804054212	snRNA_endosplit
TUB	MCD_vs_PAT	META	PT	48	0.1126382354824778	2.5128893387806173	snRNA_endosplit
TUB	MCD_vs_PAT	META	PT_injured	33	0.13603145922251944	2.6664005372373607	snRNA_endosplit
TUB	MCD_vs_PAT	META	LOH	50	-0.013532972406479535	-0.9360677253488212	snRNA_endosplit
TUB	MCD_vs_PAT	META	DCT	50	0.07976633262913672	1.717455725669076	snRNA_endosplit
TUB	MCD_vs_PAT	META	CNT_PC	50	-0.0014148575768340437	-0.6684964054374722	snRNA_endosplit
TUB	MCD_vs_PAT	META	IC	50	0.1586996046187511	3.860533592905705	snRNA_endosplit
TUB	MCD_vs_PAT	META	PODO	50	0.021044444743854297	0.01721175502222061	snRNA_endosplit
TUB	MCD_vs_PAT	META	PEC	50	-0.06282945213882096	-2.252403358430314	snRNA_endosplit
TUB	MCD_vs_PAT	META	ENDO_PT	50	-0.04576684406974042	-1.8534542140741295	snRNA_endosplit
TUB	MCD_vs_PAT	META	MES	50	-0.1041217241883278	-3.469106970249985	snRNA_endosplit
TUB	MCD_vs_PAT	META	STROMA	50	-0.23495503898384051	-7.066403536366264	snRNA_endosplit
TUB	MCD_vs_PAT	META	PERI	50	-0.03690497397165744	-1.53051659269461	snRNA_endosplit
TUB	MCD_vs_PAT	META	BCELL	50	-0.30006608036564036	-9.200915368290588	snRNA_endosplit
TUB	MCD_vs_PAT	META	TCELL	50	-0.27246763208778185	-7.978523665677507	snRNA_endosplit
TUB	MCD_vs_PAT	META	MAC	50	-0.17147868640658756	-5.201862114691457	snRNA_endosplit
TUB	MCD_vs_PAT	META	DC	50	-0.24038125886861234	-7.316867789057256	snRNA_endosplit
TUB	MCD_vs_PAT	META	MAST	25	-0.14702394756674766	-3.263996147582565	snRNA_endosplit
TUB	MCD_vs_PAT	META	ENDO_GC	50	0.04062233467989912	0.6102298324267265	snRNA_endosplit
TUB	MCD_vs_PAT	META	ENDO_ART	50	-0.06013097637534762	-2.180567029057985	snRNA_endosplit
TUB	MCD_vs_PAT_adj	ERCB_TUB_H1	PT	16	0.09757791522083323	1.202721212475645	snRNA_endosplit
TUB	MCD_vs_PAT_adj	ERCB_TUB_H1	PT_injured	12	0.2061105607864425	2.3440820452268047	snRNA_endosplit
TUB	MCD_vs_PAT_adj	ERCB_TUB_H1	LOH	24	-0.18210239900555544	-3.0652667053859166	snRNA_endosplit
TUB	MCD_vs_PAT_adj	ERCB_TUB_H1	DCT	22	-0.0628439132434516	-1.0495128687531405	snRNA_endosplit
TUB	MCD_vs_PAT_adj	ERCB_TUB_H1	CNT_PC	26	-0.27752448570259375	-4.605329579872569	snRNA_endosplit
TUB	MCD_vs_PAT_adj	ERCB_TUB_H1	IC	18	-0.015136029611035298	-0.28030200212906686	snRNA_endosplit
TUB	MCD_vs_PAT_adj	ERCB_TUB_H1	PODO	22	-0.028534279143656912	-0.5150141070299308	snRNA_endosplit
TUB	MCD_vs_PAT_adj	ERCB_TUB_H1	PEC	21	-0.08891066486204388	-1.3777938526547417	snRNA_endosplit
TUB	MCD_vs_PAT_adj	ERCB_TUB_H1	ENDO_PT	31	-0.11814072543661737	-2.2353933452732573	snRNA_endosplit
TUB	MCD_vs_PAT_adj	ERCB_TUB_H1	MES	36	0.014672778839762538	0.1862357929230714	snRNA_endosplit
TUB	MCD_vs_PAT_adj	ERCB_TUB_H1	STROMA	40	-0.08570595299189551	-1.8279520600451091	snRNA_endosplit
TUB	MCD_vs_PAT_adj	ERCB_TUB_H1	PERI	33	-0.11077510238179758	-2.1213369833343543	snRNA_endosplit
TUB	MCD_vs_PAT_adj	ERCB_TUB_H1	BCELL	23	-0.1797410223961003	-2.8701453048345167	snRNA_endosplit
TUB	MCD_vs_PAT_adj	ERCB_TUB_H1	TCELL	36	-0.0997635736208358	-2.1404258981053053	snRNA_endosplit
TUB	MCD_vs_PAT_adj	ERCB_TUB_H1	MAC	32	-0.015039268437342043	-0.276735191185456	snRNA_endosplit
TUB	MCD_vs_PAT_adj	ERCB_TUB_H1	DC	26	-0.1404561209378768	-2.4270061256533166	snRNA_endosplit
TUB	MCD_vs_PAT_adj	ERCB_TUB_H1	MAST	18	-0.09879183840805081	-1.461166985943078	snRNA_endosplit
TUB	MCD_vs_PAT_adj	ERCB_TUB_H1	ENDO_GC	25	-0.08961455555585943	-1.471501124934497	snRNA_endosplit
TUB	MCD_vs_PAT_adj	ERCB_TUB_H1	ENDO_ART	29	-0.15086114010259166	-2.712144314617349	snRNA_endosplit
TUB	MCD_vs_PAT_adj	GSE108112-GPL19983	PT	40	0.11107867515208443	3.0431589936542864	snRNA_endosplit
TUB	MCD_vs_PAT_adj	GSE108112-GPL19983	PT_injured	30	0.12695849382626065	3.1348852329304373	snRNA_endosplit
TUB	MCD_vs_PAT_adj	GSE108112-GPL19983	LOH	43	-0.021876966987767726	-0.4646713417721217	snRNA_endosplit
TUB	MCD_vs_PAT_adj	GSE108112-GPL19983	DCT	46	0.0044392014050323595	0.33812717674714265	snRNA_endosplit
TUB	MCD_vs_PAT_adj	GSE108112-GPL19983	CNT_PC	46	0.03263703636403204	1.0935175503291064	snRNA_endosplit
TUB	MCD_vs_PAT_adj	GSE108112-GPL19983	IC	47	0.06591489180027536	2.216545662545425	snRNA_endosplit
TUB	MCD_vs_PAT_adj	GSE108112-GPL19983	PODO	47	-0.06290124418755635	-1.7065846992387328	snRNA_endosplit
TUB	MCD_vs_PAT_adj	GSE108112-GPL19983	PEC	48	0.012844759469735212	0.5462380686928048	snRNA_endosplit
TUB	MCD_vs_PAT_adj	GSE108112-GPL19983	ENDO_PT	49	-0.1396658455063937	-4.245309118763827	snRNA_endosplit
TUB	MCD_vs_PAT_adj	GSE108112-GPL19983	MES	49	-0.10711169357012673	-2.902225593116938	snRNA_endosplit
TUB	MCD_vs_PAT_adj	GSE108112-GPL19983	STROMA	48	-0.13463093722416164	-3.735062689752673	snRNA_endosplit
TUB	MCD_vs_PAT_adj	GSE108112-GPL19983	PERI	49	-0.07698746110062253	-2.110093969200371	snRNA_endosplit
TUB	MCD_vs_PAT_adj	GSE108112-GPL19983	BCELL	44	-0.08582617634069875	-2.2117884791292233	snRNA_endosplit
TUB	MCD_vs_PAT_adj	GSE108112-GPL19983	TCELL	48	0.03991326819852623	1.3370275732531507	snRNA_endosplit
TUB	MCD_vs_PAT_adj	GSE108112-GPL19983	MAC	49	-0.09450224076430473	-2.6616446554705413	snRNA_endosplit
TUB	MCD_vs_PAT_adj	GSE108112-GPL19983	DC	49	0.0039655021071823195	0.26943277527591986	snRNA_endosplit
TUB	MCD_vs_PAT_adj	GSE108112-GPL19983	MAST	24	-0.029801190517060445	-0.4714492166757514	snRNA_endosplit
TUB	MCD_vs_PAT_adj	GSE108112-GPL19983	ENDO_GC	47	0.003896397591984567	0.2879494278232135	snRNA_endosplit
TUB	MCD_vs_PAT_adj	GSE108112-GPL19983	ENDO_ART	48	-0.06899565023820704	-1.8818061874378735	snRNA_endosplit
TUB	MCD_vs_PAT_adj	GSE133288-GPL19983	PT	40	0.13888946217370038	2.7948588841970334	snRNA_endosplit
TUB	MCD_vs_PAT_adj	GSE133288-GPL19983	PT_injured	30	0.14647558100254268	2.6087571302961106	snRNA_endosplit
TUB	MCD_vs_PAT_adj	GSE133288-GPL19983	LOH	43	0.050074067833567625	0.828873070089556	snRNA_endosplit
TUB	MCD_vs_PAT_adj	GSE133288-GPL19983	DCT	46	0.027351994273324493	0.33814115035900333	snRNA_endosplit
TUB	MCD_vs_PAT_adj	GSE133288-GPL19983	CNT_PC	46	0.03465222513964887	0.5467529159410361	snRNA_endosplit
TUB	MCD_vs_PAT_adj	GSE133288-GPL19983	IC	47	0.037599598476164287	0.6105735916317314	snRNA_endosplit
TUB	MCD_vs_PAT_adj	GSE133288-GPL19983	PODO	47	0.08712959672076263	1.8739891420017698	snRNA_endosplit
TUB	MCD_vs_PAT_adj	GSE133288-GPL19983	PEC	48	-0.15182406649809488	-4.143405168873978	snRNA_endosplit
TUB	MCD_vs_PAT_adj	GSE133288-GPL19983	ENDO_PT	49	0.033210048986569665	0.5117880779941485	snRNA_endosplit
TUB	MCD_vs_PAT_adj	GSE133288-GPL19983	MES	49	-0.030671440133160685	-1.1731222292924495	snRNA_endosplit
TUB	MCD_vs_PAT_adj	GSE133288-GPL19983	STROMA	48	-0.20423382012634997	-5.2102891730793655	snRNA_endosplit
TUB	MCD_vs_PAT_adj	GSE133288-GPL19983	PERI	49	-0.046024947927911015	-1.5817051102937822	snRNA_endosplit
TUB	MCD_vs_PAT_adj	GSE133288-GPL19983	BCELL	44	-0.17427605907531796	-4.404451122887229	snRNA_endosplit
TUB	MCD_vs_PAT_adj	GSE133288-GPL19983	TCELL	48	-0.16067918935715716	-4.417128618964386	snRNA_endosplit
TUB	MCD_vs_PAT_adj	GSE133288-GPL19983	MAC	49	-0.18454234871799477	-5.0088660594401	snRNA_endosplit
TUB	MCD_vs_PAT_adj	GSE133288-GPL19983	DC	49	-0.09774903780124025	-2.7987429629716054	snRNA_endosplit
TUB	MCD_vs_PAT_adj	GSE133288-GPL19983	MAST	24	-0.07866735908884902	-1.688997093281048	snRNA_endosplit
TUB	MCD_vs_PAT_adj	GSE133288-GPL19983	ENDO_GC	47	0.05228977461613341	1.0363460935120814	snRNA_endosplit
TUB	MCD_vs_PAT_adj	GSE133288-GPL19983	ENDO_ART	48	-0.05130427661251827	-1.6376358480041437	snRNA_endosplit
TUB	MCD_vs_PAT_adj	GSE175759-RNAseq	PT	48	0.011439430468897	0.23323317390667397	snRNA_endosplit
TUB	MCD_vs_PAT_adj	GSE175759-RNAseq	PT_injured	33	0.08767488379003487	1.255858190142669	snRNA_endosplit
TUB	MCD_vs_PAT_adj	GSE175759-RNAseq	LOH	50	-0.026048477422609722	-0.5001175465123151	snRNA_endosplit
TUB	MCD_vs_PAT_adj	GSE175759-RNAseq	DCT	50	-0.00399622703078546	-0.09293125271936804	snRNA_endosplit
TUB	MCD_vs_PAT_adj	GSE175759-RNAseq	CNT_PC	50	0.022953714870622963	0.33943140716578124	snRNA_endosplit
TUB	MCD_vs_PAT_adj	GSE175759-RNAseq	IC	50	0.2068341742265137	3.370378573112016	snRNA_endosplit
TUB	MCD_vs_PAT_adj	GSE175759-RNAseq	PODO	50	-0.12337496502238919	-2.1206388254393547	snRNA_endosplit
TUB	MCD_vs_PAT_adj	GSE175759-RNAseq	PEC	50	0.038296128500744396	0.6781462756545418	snRNA_endosplit
TUB	MCD_vs_PAT_adj	GSE175759-RNAseq	ENDO_PT	50	0.005499662381704509	0.09385369792412614	snRNA_endosplit
TUB	MCD_vs_PAT_adj	GSE175759-RNAseq	MES	50	-0.2919993975807694	-4.849443246819469	snRNA_endosplit
TUB	MCD_vs_PAT_adj	GSE175759-RNAseq	STROMA	50	-0.33833369419178666	-5.763195188363716	snRNA_endosplit
TUB	MCD_vs_PAT_adj	GSE175759-RNAseq	PERI	50	-0.017374670246229473	-0.3437345567734251	snRNA_endosplit
TUB	MCD_vs_PAT_adj	GSE175759-RNAseq	BCELL	50	-0.5014443070901878	-8.812722160582124	snRNA_endosplit
TUB	MCD_vs_PAT_adj	GSE175759-RNAseq	TCELL	50	-0.5412476727169235	-9.232638030218473	snRNA_endosplit
TUB	MCD_vs_PAT_adj	GSE175759-RNAseq	MAC	50	-0.10751425627369182	-1.822164074417434	snRNA_endosplit
TUB	MCD_vs_PAT_adj	GSE175759-RNAseq	DC	50	-0.4332914392927097	-7.647895630165286	snRNA_endosplit
TUB	MCD_vs_PAT_adj	GSE175759-RNAseq	MAST	25	-0.24260142743900848	-3.006826297094271	snRNA_endosplit
TUB	MCD_vs_PAT_adj	GSE175759-RNAseq	ENDO_GC	50	0.006538054255169673	0.05809473574566551	snRNA_endosplit
TUB	MCD_vs_PAT_adj	GSE175759-RNAseq	ENDO_ART	50	-0.04299987372083147	-0.7461782773170523	snRNA_endosplit
TUB	MCD_vs_PAT_adj	GSE182380-RNAseq	PT	31	0.019690131570833234	-0.25416527590435795	snRNA_endosplit
TUB	MCD_vs_PAT_adj	GSE182380-RNAseq	PT_injured	28	0.006572141643789093	-0.5209949522203702	snRNA_endosplit
TUB	MCD_vs_PAT_adj	GSE182380-RNAseq	LOH	38	0.04532364988331732	0.5060455330960846	snRNA_endosplit
TUB	MCD_vs_PAT_adj	GSE182380-RNAseq	DCT	41	0.12444805281634848	2.997915757328698	snRNA_endosplit
TUB	MCD_vs_PAT_adj	GSE182380-RNAseq	CNT_PC	39	-0.005784962354828298	-1.0591113317600802	snRNA_endosplit
TUB	MCD_vs_PAT_adj	GSE182380-RNAseq	IC	41	0.12364975783997909	3.1639192517224393	snRNA_endosplit
TUB	MCD_vs_PAT_adj	GSE182380-RNAseq	PODO	38	-0.07841091299682679	-3.2664208951264144	snRNA_endosplit
TUB	MCD_vs_PAT_adj	GSE182380-RNAseq	PEC	42	-0.009582185444202427	-1.2263367938315375	snRNA_endosplit
TUB	MCD_vs_PAT_adj	GSE182380-RNAseq	ENDO_PT	48	-0.009010247496724374	-1.3113928737077913	snRNA_endosplit
TUB	MCD_vs_PAT_adj	GSE182380-RNAseq	MES	47	-0.015614116028154103	-1.5570861415528947	snRNA_endosplit
TUB	MCD_vs_PAT_adj	GSE182380-RNAseq	STROMA	48	0.04754312125173501	0.6378665455268121	snRNA_endosplit
TUB	MCD_vs_PAT_adj	GSE182380-RNAseq	PERI	45	-0.013270049503467335	-1.4492224605746018	snRNA_endosplit
TUB	MCD_vs_PAT_adj	GSE182380-RNAseq	BCELL	29	0.008278358420559889	-0.5293390082953523	snRNA_endosplit
TUB	MCD_vs_PAT_adj	GSE182380-RNAseq	TCELL	41	-0.04304346687433548	-2.183057159325487	snRNA_endosplit
TUB	MCD_vs_PAT_adj	GSE182380-RNAseq	MAC	46	-0.07245521444413833	-3.312998578885009	snRNA_endosplit
TUB	MCD_vs_PAT_adj	GSE182380-RNAseq	DC	47	-0.05482896655697485	-2.9169144271696927	snRNA_endosplit
TUB	MCD_vs_PAT_adj	GSE182380-RNAseq	MAST	25	-0.03416467776587588	-1.5129129848395242	snRNA_endosplit
TUB	MCD_vs_PAT_adj	GSE182380-RNAseq	ENDO_GC	42	-0.012608011478039527	-1.3156391087330808	snRNA_endosplit
TUB	MCD_vs_PAT_adj	GSE182380-RNAseq	ENDO_ART	45	0.0452772386306399	0.5719215007755463	snRNA_endosplit
TUB	MCD_vs_PAT_adj	META	PT	48	0.03525211713440846	0.6728264204167271	snRNA_endosplit
TUB	MCD_vs_PAT_adj	META	PT_injured	33	0.1103227066443253	2.352071371031469	snRNA_endosplit
TUB	MCD_vs_PAT_adj	META	LOH	50	-0.01706823039546308	-0.8774203144709006	snRNA_endosplit
TUB	MCD_vs_PAT_adj	META	DCT	50	0.011747361358944147	0.008780275420555301	snRNA_endosplit
TUB	MCD_vs_PAT_adj	META	CNT_PC	50	-0.02597072223188083	-1.0636675070418757	snRNA_endosplit
TUB	MCD_vs_PAT_adj	META	IC	50	0.09504691635429742	2.3656175709002314	snRNA_endosplit
TUB	MCD_vs_PAT_adj	META	PODO	50	-0.04834272231833506	-1.7575848287992235	snRNA_endosplit
TUB	MCD_vs_PAT_adj	META	PEC	50	-0.032550781008921385	-1.3134637839428298	snRNA_endosplit
TUB	MCD_vs_PAT_adj	META	ENDO_PT	50	-0.0458334566984681	-1.7080149701107805	snRNA_endosplit
TUB	MCD_vs_PAT_adj	META	MES	50	-0.10042105693531705	-3.4191023719779117	snRNA_endosplit
TUB	MCD_vs_PAT_adj	META	STROMA	50	-0.143918169957954	-4.589475181045757	snRNA_endosplit
TUB	MCD_vs_PAT_adj	META	PERI	50	-0.049154662863099	-1.778206177188489	snRNA_endosplit
TUB	MCD_vs_PAT_adj	META	BCELL	50	-0.25321658766716204	-7.907326974560889	snRNA_endosplit
TUB	MCD_vs_PAT_adj	META	TCELL	50	-0.18245331942504564	-5.768485928294518	snRNA_endosplit
TUB	MCD_vs_PAT_adj	META	MAC	50	-0.10717422966794463	-3.5376327422680265	snRNA_endosplit
TUB	MCD_vs_PAT_adj	META	DC	50	-0.1490805659185092	-4.727485526183742	snRNA_endosplit
TUB	MCD_vs_PAT_adj	META	MAST	25	-0.09822437635064218	-2.285498338826528	snRNA_endosplit
TUB	MCD_vs_PAT_adj	META	ENDO_GC	50	0.016799282311274213	0.10831080978347073	snRNA_endosplit
TUB	MCD_vs_PAT_adj	META	ENDO_ART	50	-0.049050842914408414	-1.6698828908206709	snRNA_endosplit
TUB	MN_vs_PAT	ERCB_TUB_H1	PT	16	0.32996306847780943	3.354724038438249	snRNA_endosplit
TUB	MN_vs_PAT	ERCB_TUB_H1	PT_injured	12	0.07781601293633383	0.4129959765828872	snRNA_endosplit
TUB	MN_vs_PAT	ERCB_TUB_H1	LOH	24	0.15735559854268408	1.6923928182383352	snRNA_endosplit
TUB	MN_vs_PAT	ERCB_TUB_H1	DCT	22	0.10354690186002037	0.8753104411239006	snRNA_endosplit
TUB	MN_vs_PAT	ERCB_TUB_H1	CNT_PC	26	0.05896873560805731	0.30014017468307136	snRNA_endosplit
TUB	MN_vs_PAT	ERCB_TUB_H1	IC	18	-0.06081253714445564	-1.3166042306045418	snRNA_endosplit
TUB	MN_vs_PAT	ERCB_TUB_H1	PODO	22	0.0477455359968272	0.10286434652234133	snRNA_endosplit
TUB	MN_vs_PAT	ERCB_TUB_H1	PEC	21	-0.03311925186287791	-1.0518607063740664	snRNA_endosplit
TUB	MN_vs_PAT	ERCB_TUB_H1	ENDO_PT	31	0.05376195589140538	0.23845909685970607	snRNA_endosplit
TUB	MN_vs_PAT	ERCB_TUB_H1	MES	36	-0.008862142606327943	-0.8565675421263022	snRNA_endosplit
TUB	MN_vs_PAT	ERCB_TUB_H1	STROMA	40	-0.13237173774978145	-3.397369838022247	snRNA_endosplit
TUB	MN_vs_PAT	ERCB_TUB_H1	PERI	33	0.08407666048768794	0.7675378915525689	snRNA_endosplit
TUB	MN_vs_PAT	ERCB_TUB_H1	BCELL	23	-0.1989796830786635	-3.478574702306427	snRNA_endosplit
TUB	MN_vs_PAT	ERCB_TUB_H1	TCELL	36	-0.04706655831457989	-1.58222839656476	snRNA_endosplit
TUB	MN_vs_PAT	ERCB_TUB_H1	MAC	32	-0.2819126945687458	-5.446870034767873	snRNA_endosplit
TUB	MN_vs_PAT	ERCB_TUB_H1	DC	26	-0.2283553798109866	-4.207470717154225	snRNA_endosplit
TUB	MN_vs_PAT	ERCB_TUB_H1	MAST	18	-0.13248534955912167	-2.250809317277688	snRNA_endosplit
TUB	MN_vs_PAT	ERCB_TUB_H1	ENDO_GC	25	-0.05604188326746225	-1.4187797500036128	snRNA_endosplit
TUB	MN_vs_PAT	ERCB_TUB_H1	ENDO_ART	29	0.002181254134609774	-0.6167373224113779	snRNA_endosplit
TUB	MN_vs_PAT	GSE108112-GPL19983	PT	40	0.13336439052363858	4.536682830453373	snRNA_endosplit
TUB	MN_vs_PAT	GSE108112-GPL19983	PT_injured	30	0.1604674409085419	4.818595107497009	snRNA_endosplit
TUB	MN_vs_PAT	GSE108112-GPL19983	LOH	43	0.0899150105583113	2.9636930129169246	snRNA_endosplit
TUB	MN_vs_PAT	GSE108112-GPL19983	DCT	46	0.017077190922978124	0.3220860131553143	snRNA_endosplit
TUB	MN_vs_PAT	GSE108112-GPL19983	CNT_PC	46	0.017010283342603114	0.4214695704783016	snRNA_endosplit
TUB	MN_vs_PAT	GSE108112-GPL19983	IC	47	-0.014590378781344662	-0.9079222341539466	snRNA_endosplit
TUB	MN_vs_PAT	GSE108112-GPL19983	PODO	47	0.06857031997927325	2.3217832725226355	snRNA_endosplit
TUB	MN_vs_PAT	GSE108112-GPL19983	PEC	48	0.003068149865915371	-0.1838787088720005	snRNA_endosplit
TUB	MN_vs_PAT	GSE108112-GPL19983	ENDO_PT	49	-0.011088327787417375	-0.8291990020749697	snRNA_endosplit
TUB	MN_vs_PAT	GSE108112-GPL19983	MES	49	0.04350911567405778	1.4400243297903836	snRNA_endosplit
TUB	MN_vs_PAT	GSE108112-GPL19983	STROMA	48	0.04662983679736498	1.5609674429630147	snRNA_endosplit
TUB	MN_vs_PAT	GSE108112-GPL19983	PERI	49	0.05333141369830663	1.8934796688020077	snRNA_endosplit
TUB	MN_vs_PAT	GSE108112-GPL19983	BCELL	44	-0.09932536164838397	-4.110116990352312	snRNA_endosplit
TUB	MN_vs_PAT	GSE108112-GPL19983	TCELL	48	-0.17785824325498348	-7.225888824493441	snRNA_endosplit
TUB	MN_vs_PAT	GSE108112-GPL19983	MAC	49	-0.06179244744078236	-2.68790513566002	snRNA_endosplit
TUB	MN_vs_PAT	GSE108112-GPL19983	DC	49	-0.17382046121305653	-7.425050426853629	snRNA_endosplit
TUB	MN_vs_PAT	GSE108112-GPL19983	MAST	24	-0.11445002521698673	-3.429097320927796	snRNA_endosplit
TUB	MN_vs_PAT	GSE108112-GPL19983	ENDO_GC	47	-0.004638200215846691	-0.5461986809055662	snRNA_endosplit
TUB	MN_vs_PAT	GSE108112-GPL19983	ENDO_ART	48	-0.023033500260983896	-1.19865985010753	snRNA_endosplit
TUB	MN_vs_PAT	GSE133288-GPL19983	PT	40	0.08261926807463169	1.2635358452110104	snRNA_endosplit
TUB	MN_vs_PAT	GSE133288-GPL19983	PT_injured	30	-0.12016431130468845	-0.9173033712604928	snRNA_endosplit
TUB	MN_vs_PAT	GSE133288-GPL19983	LOH	43	0.032176439931919404	0.7014079348160953	snRNA_endosplit
TUB	MN_vs_PAT	GSE133288-GPL19983	DCT	46	0.18339397458602552	2.5418666888198262	snRNA_endosplit
TUB	MN_vs_PAT	GSE133288-GPL19983	CNT_PC	46	-0.16470306925475597	-1.5744058516727897	snRNA_endosplit
TUB	MN_vs_PAT	GSE133288-GPL19983	IC	47	-0.1074410462454754	-0.9373221828717746	snRNA_endosplit
TUB	MN_vs_PAT	GSE133288-GPL19983	PODO	47	-0.25293297471201165	-2.739222934685695	snRNA_endosplit
TUB	MN_vs_PAT	GSE133288-GPL19983	PEC	48	-0.049727037684836724	-0.2330780148370278	snRNA_endosplit
TUB	MN_vs_PAT	GSE133288-GPL19983	ENDO_PT	49	-0.03766898054401484	-0.12246484489457292	snRNA_endosplit
TUB	MN_vs_PAT	GSE133288-GPL19983	MES	49	-0.010927832666404394	0.23238672426159898	snRNA_endosplit
TUB	MN_vs_PAT	GSE133288-GPL19983	STROMA	48	0.07280268503624636	1.2087880851137347	snRNA_endosplit
TUB	MN_vs_PAT	GSE133288-GPL19983	PERI	49	0.10525018482335977	1.645629002852374	snRNA_endosplit
TUB	MN_vs_PAT	GSE133288-GPL19983	BCELL	44	-0.08553253024266186	-0.6813693396234027	snRNA_endosplit
TUB	MN_vs_PAT	GSE133288-GPL19983	TCELL	48	0.05977826933182465	1.0901379166658038	snRNA_endosplit
TUB	MN_vs_PAT	GSE133288-GPL19983	MAC	49	0.16500986299040366	2.4160228617668804	snRNA_endosplit
TUB	MN_vs_PAT	GSE133288-GPL19983	DC	49	-0.03567581612388698	-0.08080636982898295	snRNA_endosplit
TUB	MN_vs_PAT	GSE133288-GPL19983	MAST	24	-0.062421802159709217	-0.2929707647588811	snRNA_endosplit
TUB	MN_vs_PAT	GSE133288-GPL19983	ENDO_GC	47	-0.0871951695967545	-0.7172980014538515	snRNA_endosplit
TUB	MN_vs_PAT	GSE133288-GPL19983	ENDO_ART	48	0.018846983400483925	0.5724231655269193	snRNA_endosplit
TUB	MN_vs_PAT	GSE182380-RNAseq	PT	31	0.1287577223303097	4.025906958302268	snRNA_endosplit
TUB	MN_vs_PAT	GSE182380-RNAseq	PT_injured	28	0.15089929828952467	4.428491027284597	snRNA_endosplit
TUB	MN_vs_PAT	GSE182380-RNAseq	LOH	38	0.03000196658601787	0.9523764373698076	snRNA_endosplit
TUB	MN_vs_PAT	GSE182380-RNAseq	DCT	41	-0.0417741372068299	-1.6110386970234525	snRNA_endosplit
TUB	MN_vs_PAT	GSE182380-RNAseq	CNT_PC	39	-0.04006969933517467	-1.4887798314718967	snRNA_endosplit
TUB	MN_vs_PAT	GSE182380-RNAseq	IC	41	-0.13987577390266445	-5.1648892234274495	snRNA_endosplit
TUB	MN_vs_PAT	GSE182380-RNAseq	PODO	38	0.11044505047366805	3.7460561391520284	snRNA_endosplit
TUB	MN_vs_PAT	GSE182380-RNAseq	PEC	42	0.03922151977617648	1.3474528327982058	snRNA_endosplit
TUB	MN_vs_PAT	GSE182380-RNAseq	ENDO_PT	48	-0.033292443093766146	-1.3641918615624629	snRNA_endosplit
TUB	MN_vs_PAT	GSE182380-RNAseq	MES	47	0.012088335812725915	0.35232840516195346	snRNA_endosplit
TUB	MN_vs_PAT	GSE182380-RNAseq	STROMA	48	-0.06443554152307722	-2.575340040901023	snRNA_endosplit
TUB	MN_vs_PAT	GSE182380-RNAseq	PERI	45	-0.022314976147996882	-0.9951021468776596	snRNA_endosplit
TUB	MN_vs_PAT	GSE182380-RNAseq	BCELL	29	-0.17201896438953176	-5.206940019059944	snRNA_endosplit
TUB	MN_vs_PAT	GSE182380-RNAseq	TCELL	41	-0.1731099225580692	-6.227393435975912	snRNA_endosplit
TUB	MN_vs_PAT	GSE182380-RNAseq	MAC	46	0.007398535163425226	0.14123614386712363	snRNA_endosplit
TUB	MN_vs_PAT	GSE182380-RNAseq	DC	47	-0.11615939612718339	-4.885866655517311	snRNA_endosplit
TUB	MN_vs_PAT	GSE182380-RNAseq	MAST	25	-0.12544154930859802	-3.793086454743308	snRNA_endosplit
TUB	MN_vs_PAT	GSE182380-RNAseq	ENDO_GC	42	-0.02244140334161264	-0.8982998922289268	snRNA_endosplit
TUB	MN_vs_PAT	GSE182380-RNAseq	ENDO_ART	45	-0.042774495870495824	-1.7208549855454247	snRNA_endosplit
TUB	MN_vs_PAT	META	PT	40	0.15701603749184867	4.25887609541083	snRNA_endosplit
TUB	MN_vs_PAT	META	PT_injured	30	0.06064006273178771	1.379586112118637	snRNA_endosplit
TUB	MN_vs_PAT	META	LOH	43	0.07834151723465427	2.034881208755052	snRNA_endosplit
TUB	MN_vs_PAT	META	DCT	46	0.06323774565227222	1.7621828173881149	snRNA_endosplit
TUB	MN_vs_PAT	META	CNT_PC	46	-0.04073822927539763	-1.2791724900751718	snRNA_endosplit
TUB	MN_vs_PAT	META	IC	47	-0.079099530101909	-2.664915134941378	snRNA_endosplit
TUB	MN_vs_PAT	META	PODO	47	-0.019643849556182407	-0.7003817853507894	snRNA_endosplit
TUB	MN_vs_PAT	META	PEC	48	-0.0020749909914835932	-0.2269380969088575	snRNA_endosplit
TUB	MN_vs_PAT	META	ENDO_PT	50	-0.01001777007884811	-0.4552749798961238	snRNA_endosplit
TUB	MN_vs_PAT	META	MES	49	0.013686841141533882	0.27791210424284757	snRNA_endosplit
TUB	MN_vs_PAT	META	STROMA	49	-0.014198460035678626	-0.652623944553971	snRNA_endosplit
TUB	MN_vs_PAT	META	PERI	49	0.06242557316697773	1.6915005463366708	snRNA_endosplit
TUB	MN_vs_PAT	META	BCELL	46	-0.11702264568526333	-3.687955889848329	snRNA_endosplit
TUB	MN_vs_PAT	META	TCELL	49	-0.08863634104313457	-2.96227879152022	snRNA_endosplit
TUB	MN_vs_PAT	META	MAC	50	-0.005322061093368877	-0.3862618402184096	snRNA_endosplit
TUB	MN_vs_PAT	META	DC	49	-0.1238351734141268	-3.9868989973408273	snRNA_endosplit
TUB	MN_vs_PAT	META	MAST	25	-0.10552777028332151	-2.447085752526183	snRNA_endosplit
TUB	MN_vs_PAT	META	ENDO_GC	47	-0.0339217423407711	-1.180118974677619	snRNA_endosplit
TUB	MN_vs_PAT	META	ENDO_ART	48	-0.010457164758311903	-0.49529204271346	snRNA_endosplit
TUB	MN_vs_PAT_adj	ERCB_TUB_H1	PT	16	0.30889029869107487	3.355121389494771	snRNA_endosplit
TUB	MN_vs_PAT_adj	ERCB_TUB_H1	PT_injured	12	0.05716944658242542	0.26351506173796907	snRNA_endosplit
TUB	MN_vs_PAT_adj	ERCB_TUB_H1	LOH	24	0.15387746002804517	1.7945631440861625	snRNA_endosplit
TUB	MN_vs_PAT_adj	ERCB_TUB_H1	DCT	22	0.0834384820435358	0.7330586887265839	snRNA_endosplit
TUB	MN_vs_PAT_adj	ERCB_TUB_H1	CNT_PC	26	0.04863608876922964	0.1867117805013906	snRNA_endosplit
TUB	MN_vs_PAT_adj	ERCB_TUB_H1	IC	18	-0.08271101970587848	-1.464924399267507	snRNA_endosplit
TUB	MN_vs_PAT_adj	ERCB_TUB_H1	PODO	22	0.006507945424915212	-0.34739586534470457	snRNA_endosplit
TUB	MN_vs_PAT_adj	ERCB_TUB_H1	PEC	21	-0.035622992972862165	-0.9955869441681554	snRNA_endosplit
TUB	MN_vs_PAT_adj	ERCB_TUB_H1	ENDO_PT	31	0.04153843126296497	0.1338086136092169	snRNA_endosplit
TUB	MN_vs_PAT_adj	ERCB_TUB_H1	MES	36	-0.015670205544606724	-0.8089395232034833	snRNA_endosplit
TUB	MN_vs_PAT_adj	ERCB_TUB_H1	STROMA	40	-0.10250825817908396	-2.577077173063611	snRNA_endosplit
TUB	MN_vs_PAT_adj	ERCB_TUB_H1	PERI	33	0.06799289361292103	0.5753369959749236	snRNA_endosplit
TUB	MN_vs_PAT_adj	ERCB_TUB_H1	BCELL	23	-0.20395800446477738	-3.5311421397950076	snRNA_endosplit
TUB	MN_vs_PAT_adj	ERCB_TUB_H1	TCELL	36	-0.029548865984037522	-1.200700017111403	snRNA_endosplit
TUB	MN_vs_PAT_adj	ERCB_TUB_H1	MAC	32	-0.3074250301235104	-5.878490110540667	snRNA_endosplit
TUB	MN_vs_PAT_adj	ERCB_TUB_H1	DC	26	-0.2352694586829764	-4.313873145382055	snRNA_endosplit
TUB	MN_vs_PAT_adj	ERCB_TUB_H1	MAST	18	-0.13185672681483085	-2.106565852894077	snRNA_endosplit
TUB	MN_vs_PAT_adj	ERCB_TUB_H1	ENDO_GC	25	-0.07726192049660673	-1.7109423427896002	snRNA_endosplit
TUB	MN_vs_PAT_adj	ERCB_TUB_H1	ENDO_ART	29	-0.005147767347786517	-0.687319236222706	snRNA_endosplit
TUB	MN_vs_PAT_adj	GSE108112-GPL19983	PT	40	0.14867308350903893	4.964665827975648	snRNA_endosplit
TUB	MN_vs_PAT_adj	GSE108112-GPL19983	PT_injured	30	0.1685558571944231	4.738944912840439	snRNA_endosplit
TUB	MN_vs_PAT_adj	GSE108112-GPL19983	LOH	43	0.09126329227396565	2.9937963030615924	snRNA_endosplit
TUB	MN_vs_PAT_adj	GSE108112-GPL19983	DCT	46	0.02682402261226269	0.6078606324847616	snRNA_endosplit
TUB	MN_vs_PAT_adj	GSE108112-GPL19983	CNT_PC	46	0.026475618804750113	0.6389264955925307	snRNA_endosplit
TUB	MN_vs_PAT_adj	GSE108112-GPL19983	IC	47	-0.0005672465779356173	-0.382096473271188	snRNA_endosplit
TUB	MN_vs_PAT_adj	GSE108112-GPL19983	PODO	47	0.08257119488256197	2.672456437950338	snRNA_endosplit
TUB	MN_vs_PAT_adj	GSE108112-GPL19983	PEC	48	-0.0027859043923609897	-0.47856809509753495	snRNA_endosplit
TUB	MN_vs_PAT_adj	GSE108112-GPL19983	ENDO_PT	49	-0.010172762342895108	-0.7710778273005623	snRNA_endosplit
TUB	MN_vs_PAT_adj	GSE108112-GPL19983	MES	49	0.03959761966586926	1.1395599723339274	snRNA_endosplit
TUB	MN_vs_PAT_adj	GSE108112-GPL19983	STROMA	48	0.027081153840086584	0.6932205964895318	snRNA_endosplit
TUB	MN_vs_PAT_adj	GSE108112-GPL19983	PERI	49	0.05272196944338661	1.5480556060959574	snRNA_endosplit
TUB	MN_vs_PAT_adj	GSE108112-GPL19983	BCELL	44	-0.12467287711093769	-4.975768839707665	snRNA_endosplit
TUB	MN_vs_PAT_adj	GSE108112-GPL19983	TCELL	48	-0.2109849751648034	-8.3290872141522	snRNA_endosplit
TUB	MN_vs_PAT_adj	GSE108112-GPL19983	MAC	49	-0.08101755609480599	-3.4413092145055746	snRNA_endosplit
TUB	MN_vs_PAT_adj	GSE108112-GPL19983	DC	49	-0.20204320468477469	-8.361955710661492	snRNA_endosplit
TUB	MN_vs_PAT_adj	GSE108112-GPL19983	MAST	24	-0.13620578933099634	-3.8761187067463836	snRNA_endosplit
TUB	MN_vs_PAT_adj	GSE108112-GPL19983	ENDO_GC	47	-0.002886889003741783	-0.39692914315990835	snRNA_endosplit
TUB	MN_vs_PAT_adj	GSE108112-GPL19983	ENDO_ART	48	-0.026900663307923765	-1.4090855927948223	snRNA_endosplit
TUB	MN_vs_PAT_adj	GSE133288-GPL19983	PT	40	0.0856993680811816	1.198844225665788	snRNA_endosplit
TUB	MN_vs_PAT_adj	GSE133288-GPL19983	PT_injured	30	-0.12647813410330375	-0.9058953471476477	snRNA_endosplit
TUB	MN_vs_PAT_adj	GSE133288-GPL19983	LOH	43	0.03076978695486815	0.6996234824931361	snRNA_endosplit
TUB	MN_vs_PAT_adj	GSE133288-GPL19983	DCT	46	0.19385527964156743	2.500739044604362	snRNA_endosplit
TUB	MN_vs_PAT_adj	GSE133288-GPL19983	CNT_PC	46	-0.1657593719649584	-1.6472142122512414	snRNA_endosplit
TUB	MN_vs_PAT_adj	GSE133288-GPL19983	IC	47	-0.1166292670581634	-0.9813641297659152	snRNA_endosplit
TUB	MN_vs_PAT_adj	GSE133288-GPL19983	PODO	47	-0.2621252831991817	-2.687761669832082	snRNA_endosplit
TUB	MN_vs_PAT_adj	GSE133288-GPL19983	PEC	48	-0.05366433587727567	-0.31475679797560685	snRNA_endosplit
TUB	MN_vs_PAT_adj	GSE133288-GPL19983	ENDO_PT	49	-0.038111049919977616	-0.12668606369096938	snRNA_endosplit
TUB	MN_vs_PAT_adj	GSE133288-GPL19983	MES	49	-0.01377645188784714	0.19186600410027746	snRNA_endosplit
TUB	MN_vs_PAT_adj	GSE133288-GPL19983	STROMA	48	0.07016566795475605	1.1350025365074399	snRNA_endosplit
TUB	MN_vs_PAT_adj	GSE133288-GPL19983	PERI	49	0.10665250722359604	1.6764090616386484	snRNA_endosplit
TUB	MN_vs_PAT_adj	GSE133288-GPL19983	BCELL	44	-0.09475367884851353	-0.6994967198972406	snRNA_endosplit
TUB	MN_vs_PAT_adj	GSE133288-GPL19983	TCELL	48	0.05837959240818808	1.0191103748117125	snRNA_endosplit
TUB	MN_vs_PAT_adj	GSE133288-GPL19983	MAC	49	0.17242982755335168	2.4264503614132718	snRNA_endosplit
TUB	MN_vs_PAT_adj	GSE133288-GPL19983	DC	49	-0.04047216665050882	-0.14958553220389548	snRNA_endosplit
TUB	MN_vs_PAT_adj	GSE133288-GPL19983	MAST	24	-0.0707322348531811	-0.3559504321237989	snRNA_endosplit
TUB	MN_vs_PAT_adj	GSE133288-GPL19983	ENDO_GC	47	-0.08853102245565497	-0.641639202789848	snRNA_endosplit
TUB	MN_vs_PAT_adj	GSE133288-GPL19983	ENDO_ART	48	0.022755694516497827	0.5773249616846877	snRNA_endosplit
TUB	MN_vs_PAT_adj	GSE182380-RNAseq	PT	31	0.15946433980628508	4.39632121822659	snRNA_endosplit
TUB	MN_vs_PAT_adj	GSE182380-RNAseq	PT_injured	28	0.16211480200088815	4.477593738501101	snRNA_endosplit
TUB	MN_vs_PAT_adj	GSE182380-RNAseq	LOH	38	0.03218758845070373	0.7813438292024163	snRNA_endosplit
TUB	MN_vs_PAT_adj	GSE182380-RNAseq	DCT	41	-0.02802787627774056	-1.0647687446738008	snRNA_endosplit
TUB	MN_vs_PAT_adj	GSE182380-RNAseq	CNT_PC	39	-0.04061222237280896	-1.5034740707528187	snRNA_endosplit
TUB	MN_vs_PAT_adj	GSE182380-RNAseq	IC	41	-0.13510482903585588	-4.588583580880615	snRNA_endosplit
TUB	MN_vs_PAT_adj	GSE182380-RNAseq	PODO	38	0.12306919900874906	3.663809167786704	snRNA_endosplit
TUB	MN_vs_PAT_adj	GSE182380-RNAseq	PEC	42	0.033243620106796205	0.9138585063171917	snRNA_endosplit
TUB	MN_vs_PAT_adj	GSE182380-RNAseq	ENDO_PT	48	-0.04041310375717481	-1.6011909019056276	snRNA_endosplit
TUB	MN_vs_PAT_adj	GSE182380-RNAseq	MES	47	0.009180342644875007	0.11549937844627457	snRNA_endosplit
TUB	MN_vs_PAT_adj	GSE182380-RNAseq	STROMA	48	-0.09660525063859321	-3.7279497546904063	snRNA_endosplit
TUB	MN_vs_PAT_adj	GSE182380-RNAseq	PERI	45	-0.024837028862317888	-1.063404907901034	snRNA_endosplit
TUB	MN_vs_PAT_adj	GSE182380-RNAseq	BCELL	29	-0.20687842836725465	-5.783811179075589	snRNA_endosplit
TUB	MN_vs_PAT_adj	GSE182380-RNAseq	TCELL	41	-0.23205492568997763	-7.948550650447704	snRNA_endosplit
TUB	MN_vs_PAT_adj	GSE182380-RNAseq	MAC	46	-0.008645499835551487	-0.5303915137885061	snRNA_endosplit
TUB	MN_vs_PAT_adj	GSE182380-RNAseq	DC	47	-0.1604501616711272	-5.947278721559585	snRNA_endosplit
TUB	MN_vs_PAT_adj	GSE182380-RNAseq	MAST	25	-0.1493856101690571	-4.020048492157148	snRNA_endosplit
TUB	MN_vs_PAT_adj	GSE182380-RNAseq	ENDO_GC	42	-0.017271264826883924	-0.7658549487260138	snRNA_endosplit
TUB	MN_vs_PAT_adj	GSE182380-RNAseq	ENDO_ART	45	-0.053152355014846955	-2.1238471317055496	snRNA_endosplit
TUB	MN_vs_PAT_adj	META	PT	40	0.16753023675930723	4.229443112200444	snRNA_endosplit
TUB	MN_vs_PAT_adj	META	PT_injured	30	0.062496305394069696	1.2894651010909488	snRNA_endosplit
TUB	MN_vs_PAT_adj	META	LOH	43	0.07874051682828777	1.9565072879536016	snRNA_endosplit
TUB	MN_vs_PAT_adj	META	DCT	46	0.07031478610175554	1.7487423534415016	snRNA_endosplit
TUB	MN_vs_PAT_adj	META	CNT_PC	46	-0.039561916440334986	-1.3500486048011213	snRNA_endosplit
TUB	MN_vs_PAT_adj	META	IC	47	-0.07808366863774062	-2.3219907898860126	snRNA_endosplit
TUB	MN_vs_PAT_adj	META	PODO	47	-0.019425154639954274	-0.7013429529640935	snRNA_endosplit
TUB	MN_vs_PAT_adj	META	PEC	48	-0.006496444847899507	-0.324804787333654	snRNA_endosplit
TUB	MN_vs_PAT_adj	META	ENDO_PT	50	-0.01330178548283971	-0.5261250231668123	snRNA_endosplit
TUB	MN_vs_PAT_adj	META	MES	49	0.010002346536233515	0.10951337196346973	snRNA_endosplit
TUB	MN_vs_PAT_adj	META	STROMA	49	-0.021844099722411293	-0.8224874705346233	snRNA_endosplit
TUB	MN_vs_PAT_adj	META	PERI	49	0.059598459568457156	1.5685968227584581	snRNA_endosplit
TUB	MN_vs_PAT_adj	META	BCELL	46	-0.13510479688490912	-4.062276347981243	snRNA_endosplit
TUB	MN_vs_PAT_adj	META	TCELL	49	-0.10721062650034774	-3.3629713008144138	snRNA_endosplit
TUB	MN_vs_PAT_adj	META	MAC	50	-0.016452597670827223	-0.6637952344849718	snRNA_endosplit
TUB	MN_vs_PAT_adj	META	DC	49	-0.14600694901465436	-4.609864109695933	snRNA_endosplit
TUB	MN_vs_PAT_adj	META	MAST	25	-0.12023017872929122	-2.702561618521916	snRNA_endosplit
TUB	MN_vs_PAT_adj	META	ENDO_GC	47	-0.03477104424353554	-1.1939310535688479	snRNA_endosplit
TUB	MN_vs_PAT_adj	META	ENDO_ART	48	-0.013963172153271025	-0.5825940172833508	snRNA_endosplit
TUB	RPGN_vs_PAT	ERCB_TUB_H7	PT	16	-0.7205357984639704	-4.334266755812554	snRNA_endosplit
TUB	RPGN_vs_PAT	ERCB_TUB_H7	PT_injured	12	0.0018529146909713745	0.31174908546750724	snRNA_endosplit
TUB	RPGN_vs_PAT	ERCB_TUB_H7	LOH	26	-0.4199174421911056	-2.9973456548285573	snRNA_endosplit
TUB	RPGN_vs_PAT	ERCB_TUB_H7	DCT	22	-0.3742013417861678	-2.3316497545938057	snRNA_endosplit
TUB	RPGN_vs_PAT	ERCB_TUB_H7	CNT_PC	28	-0.3307687608259065	-2.3206334750641613	snRNA_endosplit
TUB	RPGN_vs_PAT	ERCB_TUB_H7	IC	19	0.13954209261818937	1.355707730692668	snRNA_endosplit
TUB	RPGN_vs_PAT	ERCB_TUB_H7	PODO	23	0.22080228801654733	2.22760975322103	snRNA_endosplit
TUB	RPGN_vs_PAT	ERCB_TUB_H7	PEC	21	0.20559175383476985	2.0381357836653824	snRNA_endosplit
TUB	RPGN_vs_PAT	ERCB_TUB_H7	ENDO_PT	33	-0.34641434393371595	-2.7430136201643496	snRNA_endosplit
TUB	RPGN_vs_PAT	ERCB_TUB_H7	MES	37	-0.13347621715149363	-0.7569899800397683	snRNA_endosplit
TUB	RPGN_vs_PAT	ERCB_TUB_H7	STROMA	41	-0.14323908526722978	-0.8452297228441578	snRNA_endosplit
TUB	RPGN_vs_PAT	ERCB_TUB_H7	PERI	34	-0.31678773848312525	-2.415426454930627	snRNA_endosplit
TUB	RPGN_vs_PAT	ERCB_TUB_H7	BCELL	23	0.11315649623334732	1.309030483966974	snRNA_endosplit
TUB	RPGN_vs_PAT	ERCB_TUB_H7	TCELL	36	0.40817852698576945	4.658544855490273	snRNA_endosplit
TUB	RPGN_vs_PAT	ERCB_TUB_H7	MAC	32	0.5577383348718286	5.78024438606279	snRNA_endosplit
TUB	RPGN_vs_PAT	ERCB_TUB_H7	DC	27	0.24916335374668794	2.6332232969170946	snRNA_endosplit
TUB	RPGN_vs_PAT	ERCB_TUB_H7	MAST	20	-0.29471990671008824	-1.7499656872453206	snRNA_endosplit
TUB	RPGN_vs_PAT	ERCB_TUB_H7	ENDO_GC	27	-0.20293703330335794	-1.2592149418656002	snRNA_endosplit
TUB	RPGN_vs_PAT	ERCB_TUB_H7	ENDO_ART	31	-0.2736865784372053	-1.9513452339952455	snRNA_endosplit
TUB	RPGN_vs_PAT	GSE108112-GPL19983	PT	40	-0.11176877510733903	-6.76641235655291	snRNA_endosplit
TUB	RPGN_vs_PAT	GSE108112-GPL19983	PT_injured	30	-0.08918446727717913	-4.638035963731306	snRNA_endosplit
TUB	RPGN_vs_PAT	GSE108112-GPL19983	LOH	43	-0.03290528284052798	-2.11104578811644	snRNA_endosplit
TUB	RPGN_vs_PAT	GSE108112-GPL19983	DCT	46	0.010836619767360379	0.4404600829391274	snRNA_endosplit
TUB	RPGN_vs_PAT	GSE108112-GPL19983	CNT_PC	46	0.010628623429827568	0.37779875690376624	snRNA_endosplit
TUB	RPGN_vs_PAT	GSE108112-GPL19983	IC	47	0.0044067027904910565	0.07971412732564513	snRNA_endosplit
TUB	RPGN_vs_PAT	GSE108112-GPL19983	PODO	47	0.04456576932608049	2.6854371288808783	snRNA_endosplit
TUB	RPGN_vs_PAT	GSE108112-GPL19983	PEC	48	-0.016131632621788104	-1.2086361386374038	snRNA_endosplit
TUB	RPGN_vs_PAT	GSE108112-GPL19983	ENDO_PT	49	8.277368864841874e-05	-0.2689052720499639	snRNA_endosplit
TUB	RPGN_vs_PAT	GSE108112-GPL19983	MES	49	0.0037352306464192744	-0.010697712933161699	snRNA_endosplit
TUB	RPGN_vs_PAT	GSE108112-GPL19983	STROMA	48	0.015616865364184667	0.7446067823756269	snRNA_endosplit
TUB	RPGN_vs_PAT	GSE108112-GPL19983	PERI	49	-0.0551707583375047	-3.729393657988081	snRNA_endosplit
TUB	RPGN_vs_PAT	GSE108112-GPL19983	BCELL	44	0.06975905559110368	4.0384397355741495	snRNA_endosplit
TUB	RPGN_vs_PAT	GSE108112-GPL19983	TCELL	48	0.09224575126912286	5.576585165181014	snRNA_endosplit
TUB	RPGN_vs_PAT	GSE108112-GPL19983	MAC	49	0.06655528368140279	4.08385578601911	snRNA_endosplit
TUB	RPGN_vs_PAT	GSE108112-GPL19983	DC	49	0.07083614980706905	4.283367287838663	snRNA_endosplit
TUB	RPGN_vs_PAT	GSE108112-GPL19983	MAST	24	-0.0002581882290542201	-0.14101659853013687	snRNA_endosplit
TUB	RPGN_vs_PAT	GSE108112-GPL19983	ENDO_GC	47	-0.025364885567390208	-1.8104701673878154	snRNA_endosplit
TUB	RPGN_vs_PAT	GSE108112-GPL19983	ENDO_ART	48	-0.0417229615098525	-2.7777314261331303	snRNA_endosplit
TUB	RPGN_vs_PAT	META	PT	40	-0.23058075563749297	-5.669577975522722	snRNA_endosplit
TUB	RPGN_vs_PAT	META	PT_injured	30	-0.07641964172944424	-1.4529045126851425	snRNA_endosplit
TUB	RPGN_vs_PAT	META	LOH	43	-0.15569491871141253	-3.7727698370409133	snRNA_endosplit
TUB	RPGN_vs_PAT	META	DCT	46	-0.07928721531567609	-1.8085737672084758	snRNA_endosplit
TUB	RPGN_vs_PAT	META	CNT_PC	46	-0.09382437073003055	-2.1377856554519963	snRNA_endosplit
TUB	RPGN_vs_PAT	META	IC	47	0.02665755137995608	1.0839440346191327	snRNA_endosplit
TUB	RPGN_vs_PAT	META	PODO	47	0.0924757136579385	2.906062034640957	snRNA_endosplit
TUB	RPGN_vs_PAT	META	PEC	48	0.02100490702529594	0.9364191329102847	snRNA_endosplit
TUB	RPGN_vs_PAT	META	ENDO_PT	49	-0.12007254947509084	-2.997477896088639	snRNA_endosplit
TUB	RPGN_vs_PAT	META	MES	49	-0.04871818034586554	-0.9946534583484977	snRNA_endosplit
TUB	RPGN_vs_PAT	META	STROMA	48	-0.05514714179965569	-1.1943352561703526	snRNA_endosplit
TUB	RPGN_vs_PAT	META	PERI	49	-0.14417759166336713	-3.663745446269007	snRNA_endosplit
TUB	RPGN_vs_PAT	META	BCELL	45	0.07722009270607183	2.3753414336748073	snRNA_endosplit
TUB	RPGN_vs_PAT	META	TCELL	49	0.2148729534059459	6.599470665526159	snRNA_endosplit
TUB	RPGN_vs_PAT	META	MAC	49	0.22066696929145183	6.686546199690928	snRNA_endosplit
TUB	RPGN_vs_PAT	META	DC	49	0.11579136535221217	3.580819086223956	snRNA_endosplit
TUB	RPGN_vs_PAT	META	MAST	25	-0.12527906721457838	-2.1738874150260115	snRNA_endosplit
TUB	RPGN_vs_PAT	META	ENDO_GC	47	-0.07816557846146019	-1.8464863194318406	snRNA_endosplit
TUB	RPGN_vs_PAT	META	ENDO_ART	48	-0.1207059184780519	-2.9918406930175627	snRNA_endosplit
TUB	RPGN_vs_PAT_adj	ERCB_TUB_H7	PT	16	-0.39960146394632173	-2.935831341604992	snRNA_endosplit
TUB	RPGN_vs_PAT_adj	ERCB_TUB_H7	PT_injured	12	0.1118328402603324	0.9118847430790371	snRNA_endosplit
TUB	RPGN_vs_PAT_adj	ERCB_TUB_H7	LOH	26	-0.3827958092082865	-3.701978051590458	snRNA_endosplit
TUB	RPGN_vs_PAT_adj	ERCB_TUB_H7	DCT	22	-0.19694366215106737	-1.6333057147870251	snRNA_endosplit
TUB	RPGN_vs_PAT_adj	ERCB_TUB_H7	CNT_PC	28	-0.27936849276304726	-2.6106006063160048	snRNA_endosplit
TUB	RPGN_vs_PAT_adj	ERCB_TUB_H7	IC	19	0.21261490716030376	2.066987107265818	snRNA_endosplit
TUB	RPGN_vs_PAT_adj	ERCB_TUB_H7	PODO	23	0.3449304079279932	3.615874745737726	snRNA_endosplit
TUB	RPGN_vs_PAT_adj	ERCB_TUB_H7	PEC	21	0.14863121394676204	1.5626577456430124	snRNA_endosplit
TUB	RPGN_vs_PAT_adj	ERCB_TUB_H7	ENDO_PT	33	-0.2828620436796091	-2.988945102973787	snRNA_endosplit
TUB	RPGN_vs_PAT_adj	ERCB_TUB_H7	MES	37	-0.14512439804017596	-1.440547693698758	snRNA_endosplit
TUB	RPGN_vs_PAT_adj	ERCB_TUB_H7	STROMA	41	-0.3563939924978229	-4.094979919217444	snRNA_endosplit
TUB	RPGN_vs_PAT_adj	ERCB_TUB_H7	PERI	34	-0.2248647979248233	-2.342514540384109	snRNA_endosplit
TUB	RPGN_vs_PAT_adj	ERCB_TUB_H7	BCELL	23	0.0007831014356011166	0.2725345564646061	snRNA_endosplit
TUB	RPGN_vs_PAT_adj	ERCB_TUB_H7	TCELL	36	0.2017077271380573	2.7476108128726473	snRNA_endosplit
TUB	RPGN_vs_PAT_adj	ERCB_TUB_H7	MAC	32	0.3983655632752688	4.747680291495914	snRNA_endosplit
TUB	RPGN_vs_PAT_adj	ERCB_TUB_H7	DC	27	0.04020441572010928	0.6911437840704667	snRNA_endosplit
TUB	RPGN_vs_PAT_adj	ERCB_TUB_H7	MAST	20	-0.3812589639329816	-3.105521190096806	snRNA_endosplit
TUB	RPGN_vs_PAT_adj	ERCB_TUB_H7	ENDO_GC	27	-0.12459205705063713	-1.0393371351490517	snRNA_endosplit
TUB	RPGN_vs_PAT_adj	ERCB_TUB_H7	ENDO_ART	31	-0.2562920673354623	-2.682279691085303	snRNA_endosplit
TUB	RPGN_vs_PAT_adj	GSE108112-GPL19983	PT	40	-0.11730176879245727	-6.702007732887831	snRNA_endosplit
TUB	RPGN_vs_PAT_adj	GSE108112-GPL19983	PT_injured	30	-0.09212971830768275	-4.762599867771751	snRNA_endosplit
TUB	RPGN_vs_PAT_adj	GSE108112-GPL19983	LOH	43	-0.03343767090978098	-2.013923592917604	snRNA_endosplit
TUB	RPGN_vs_PAT_adj	GSE108112-GPL19983	DCT	46	0.008649542195240978	0.3503205231718208	snRNA_endosplit
TUB	RPGN_vs_PAT_adj	GSE108112-GPL19983	CNT_PC	46	0.008317959732601483	0.32958176386667243	snRNA_endosplit
TUB	RPGN_vs_PAT_adj	GSE108112-GPL19983	IC	47	0.0013107306337245132	-0.12726842636797406	snRNA_endosplit
TUB	RPGN_vs_PAT_adj	GSE108112-GPL19983	PODO	47	0.04166289751203306	2.356354759170911	snRNA_endosplit
TUB	RPGN_vs_PAT_adj	GSE108112-GPL19983	PEC	48	-0.01481171280015693	-1.1274452098948495	snRNA_endosplit
TUB	RPGN_vs_PAT_adj	GSE108112-GPL19983	ENDO_PT	49	-0.0007301917163311651	-0.2411553050442273	snRNA_endosplit
TUB	RPGN_vs_PAT_adj	GSE108112-GPL19983	MES	49	0.0051046691793013655	0.14266289386478756	snRNA_endosplit
TUB	RPGN_vs_PAT_adj	GSE108112-GPL19983	STROMA	48	0.020830020724528022	1.047356151479362	snRNA_endosplit
TUB	RPGN_vs_PAT_adj	GSE108112-GPL19983	PERI	49	-0.05540582240191218	-3.507669179878461	snRNA_endosplit
TUB	RPGN_vs_PAT_adj	GSE108112-GPL19983	BCELL	44	0.0773038847409775	4.3441027837768456	snRNA_endosplit
TUB	RPGN_vs_PAT_adj	GSE108112-GPL19983	TCELL	48	0.10206182237166728	6.198260126640501	snRNA_endosplit
TUB	RPGN_vs_PAT_adj	GSE108112-GPL19983	MAC	49	0.07240379995479246	4.234988518140262	snRNA_endosplit
TUB	RPGN_vs_PAT_adj	GSE108112-GPL19983	DC	49	0.07923275407339113	4.666247575759476	snRNA_endosplit
TUB	RPGN_vs_PAT_adj	GSE108112-GPL19983	MAST	24	0.003725445301075027	0.051471533466530876	snRNA_endosplit
TUB	RPGN_vs_PAT_adj	GSE108112-GPL19983	ENDO_GC	47	-0.026053178572921613	-1.8041665724816112	snRNA_endosplit
TUB	RPGN_vs_PAT_adj	GSE108112-GPL19983	ENDO_ART	48	-0.04114494428006171	-2.796889163724809	snRNA_endosplit
TUB	RPGN_vs_PAT_adj	META	PT	40	-0.1699795552370714	-5.0861826628172935	snRNA_endosplit
TUB	RPGN_vs_PAT_adj	META	PT_injured	30	-0.057355939504701046	-1.362079214961985	snRNA_endosplit
TUB	RPGN_vs_PAT_adj	META	LOH	43	-0.14505986543327826	-4.344217598006714	snRNA_endosplit
TUB	RPGN_vs_PAT_adj	META	DCT	46	-0.038555962979703776	-1.0557519762471668	snRNA_endosplit
TUB	RPGN_vs_PAT_adj	META	CNT_PC	46	-0.07976793263414002	-2.4858399220816128	snRNA_endosplit
TUB	RPGN_vs_PAT_adj	META	IC	47	0.03888857548325316	1.4519223637560448	snRNA_endosplit
TUB	RPGN_vs_PAT_adj	META	PODO	47	0.12065189753083018	4.187199136089154	snRNA_endosplit
TUB	RPGN_vs_PAT_adj	META	PEC	48	0.009220768137660757	0.5210777752414796	snRNA_endosplit
TUB	RPGN_vs_PAT_adj	META	ENDO_PT	49	-0.09935886560577965	-3.20355574219176	snRNA_endosplit
TUB	RPGN_vs_PAT_adj	META	MES	49	-0.05239848696126141	-1.5934329984799924	snRNA_endosplit
TUB	RPGN_vs_PAT_adj	META	STROMA	48	-0.14340360386586884	-4.784556226652918	snRNA_endosplit
TUB	RPGN_vs_PAT_adj	META	PERI	49	-0.11251717496635993	-3.764632581796075	snRNA_endosplit
TUB	RPGN_vs_PAT_adj	META	BCELL	45	0.05007816313467533	1.8797309535835491	snRNA_endosplit
TUB	RPGN_vs_PAT_adj	META	TCELL	49	0.14095360128800155	4.971091863385308	snRNA_endosplit
TUB	RPGN_vs_PAT_adj	META	MAC	49	0.1725667978464428	6.199709978958334	snRNA_endosplit
TUB	RPGN_vs_PAT_adj	META	DC	49	0.06394684762503143	2.470002865225651	snRNA_endosplit
TUB	RPGN_vs_PAT_adj	META	MAST	25	-0.15905111796567523	-3.782231035602576	snRNA_endosplit
TUB	RPGN_vs_PAT_adj	META	ENDO_GC	47	-0.056321827498521826	-1.7475500813838398	snRNA_endosplit
TUB	RPGN_vs_PAT_adj	META	ENDO_ART	48	-0.11487506377319945	-3.7703050746685776	snRNA_endosplit
TUB	SHARED	ERCB_TUB_H1	PT	16	-0.17672591283917427	-0.5833454142732497	snRNA_endosplit
TUB	SHARED	ERCB_TUB_H1	PT_injured	12	0.3612506619344155	0.6886535490263663	snRNA_endosplit
TUB	SHARED	ERCB_TUB_H1	LOH	24	-0.010926411099111041	-0.2130588081862258	snRNA_endosplit
TUB	SHARED	ERCB_TUB_H1	DCT	22	-0.4457447481426326	-1.5784265325461653	snRNA_endosplit
TUB	SHARED	ERCB_TUB_H1	CNT_PC	26	-0.6706462152875386	-2.4405190341294563	snRNA_endosplit
TUB	SHARED	ERCB_TUB_H1	IC	18	-0.3304482218292024	-1.1376520685656712	snRNA_endosplit
TUB	SHARED	ERCB_TUB_H1	PODO	22	-0.5860987690870058	-2.0639828221956433	snRNA_endosplit
TUB	SHARED	ERCB_TUB_H1	PEC	21	-0.2931134970415206	-1.0630879005985518	snRNA_endosplit
TUB	SHARED	ERCB_TUB_H1	ENDO_PT	31	-0.7833846924496034	-3.1462986802150295	snRNA_endosplit
TUB	SHARED	ERCB_TUB_H1	MES	36	-0.07482245212627782	-0.5343758624097954	snRNA_endosplit
TUB	SHARED	ERCB_TUB_H1	STROMA	40	0.34213467250810936	1.227265222349761	snRNA_endosplit
TUB	SHARED	ERCB_TUB_H1	PERI	33	-0.9157496903966548	-3.6881750416241688	snRNA_endosplit
TUB	SHARED	ERCB_TUB_H1	BCELL	23	-0.7945561266463735	-2.6952222098024623	snRNA_endosplit
TUB	SHARED	ERCB_TUB_H1	TCELL	36	-0.4459721314617329	-2.1259827903036594	snRNA_endosplit
TUB	SHARED	ERCB_TUB_H1	MAC	32	-0.40536024363245815	-1.8087947324242009	snRNA_endosplit
TUB	SHARED	ERCB_TUB_H1	DC	26	-0.14798553601408806	-0.6739099873296616	snRNA_endosplit
TUB	SHARED	ERCB_TUB_H1	MAST	18	-0.45436426086558235	-1.4758025261922618	snRNA_endosplit
TUB	SHARED	ERCB_TUB_H1	ENDO_GC	25	-0.13493506103754044	-0.6761589151652966	snRNA_endosplit
TUB	SHARED	ERCB_TUB_H1	ENDO_ART	29	0.028219640511890954	-0.08076466316922719	snRNA_endosplit
TUB	SHARED	ERCB_TUB_H7	PT	16	-0.8267414984293282	-3.5863079457554647	snRNA_endosplit
TUB	SHARED	ERCB_TUB_H7	PT_injured	12	0.1770243633848925	0.9367041853489173	snRNA_endosplit
TUB	SHARED	ERCB_TUB_H7	LOH	26	-0.12121164526503819	-0.4402900956146525	snRNA_endosplit
TUB	SHARED	ERCB_TUB_H7	DCT	22	-0.7825595269149	-4.055972544847105	snRNA_endosplit
TUB	SHARED	ERCB_TUB_H7	CNT_PC	28	-0.25957568528662833	-1.4232591198382203	snRNA_endosplit
TUB	SHARED	ERCB_TUB_H7	IC	19	-0.1588915642350912	-0.6074861768028629	snRNA_endosplit
TUB	SHARED	ERCB_TUB_H7	PODO	23	-1.3714652774126634	-7.608406668614327	snRNA_endosplit
TUB	SHARED	ERCB_TUB_H7	PEC	21	0.04139423973503568	0.43228496360591906	snRNA_endosplit
TUB	SHARED	ERCB_TUB_H7	ENDO_PT	33	-0.37067612610531575	-2.183794679038474	snRNA_endosplit
TUB	SHARED	ERCB_TUB_H7	MES	37	-0.18463555488710268	-1.0267993876951091	snRNA_endosplit
TUB	SHARED	ERCB_TUB_H7	STROMA	41	-0.007773399989052516	0.3085842978226757	snRNA_endosplit
TUB	SHARED	ERCB_TUB_H7	PERI	34	-0.20887868684333036	-1.1200644161713962	snRNA_endosplit
TUB	SHARED	ERCB_TUB_H7	BCELL	23	0.148829472615667	1.1507093582224943	snRNA_endosplit
TUB	SHARED	ERCB_TUB_H7	TCELL	36	0.4266331090281407	3.3449345513652196	snRNA_endosplit
TUB	SHARED	ERCB_TUB_H7	MAC	32	0.46625801030313596	3.383898575987207	snRNA_endosplit
TUB	SHARED	ERCB_TUB_H7	DC	27	0.4277518681353993	2.948139461714228	snRNA_endosplit
TUB	SHARED	ERCB_TUB_H7	MAST	20	-0.06378945522010326	-0.11117104694512724	snRNA_endosplit
TUB	SHARED	ERCB_TUB_H7	ENDO_GC	27	-0.21534723457362917	-1.0656857139743914	snRNA_endosplit
TUB	SHARED	ERCB_TUB_H7	ENDO_ART	31	-0.15817486783189158	-0.7509477601138339	snRNA_endosplit
TUB	SHARED	GSE108112-GPL19983	PT	40	-0.39431105414405465	-3.7654110999016885	snRNA_endosplit
TUB	SHARED	GSE108112-GPL19983	PT_injured	30	-0.10354734345649678	-0.9062946821686607	snRNA_endosplit
TUB	SHARED	GSE108112-GPL19983	LOH	43	-0.24276359838455222	-2.272552983008801	snRNA_endosplit
TUB	SHARED	GSE108112-GPL19983	DCT	46	-0.7375121821203957	-7.314813611769885	snRNA_endosplit
TUB	SHARED	GSE108112-GPL19983	CNT_PC	46	-0.03872091922423114	-0.4152643624998716	snRNA_endosplit
TUB	SHARED	GSE108112-GPL19983	IC	47	-0.30064629365075773	-3.084889623844194	snRNA_endosplit
TUB	SHARED	GSE108112-GPL19983	PODO	47	-0.5381873633633268	-5.540835175098082	snRNA_endosplit
TUB	SHARED	GSE108112-GPL19983	PEC	48	0.15398245436760286	1.4258263637632684	snRNA_endosplit
TUB	SHARED	GSE108112-GPL19983	ENDO_PT	49	0.2697128776879031	2.6202291751550613	snRNA_endosplit
TUB	SHARED	GSE108112-GPL19983	MES	49	-0.038494054922401634	-0.46055194480536044	snRNA_endosplit
TUB	SHARED	GSE108112-GPL19983	STROMA	48	0.3335531577079867	3.223303779797997	snRNA_endosplit
TUB	SHARED	GSE108112-GPL19983	PERI	49	0.2672085026195938	2.64078697722843	snRNA_endosplit
TUB	SHARED	GSE108112-GPL19983	BCELL	44	0.2893902086017823	2.737950059335233	snRNA_endosplit
TUB	SHARED	GSE108112-GPL19983	TCELL	48	0.47266487797120743	4.751217636317891	snRNA_endosplit
TUB	SHARED	GSE108112-GPL19983	MAC	49	0.3117019679083736	2.976232248327174	snRNA_endosplit
TUB	SHARED	GSE108112-GPL19983	DC	49	0.36398911316479954	3.661127959157198	snRNA_endosplit
TUB	SHARED	GSE108112-GPL19983	MAST	24	0.0009123908045391335	-0.10132313626818669	snRNA_endosplit
TUB	SHARED	GSE108112-GPL19983	ENDO_GC	47	-0.08544883424071892	-0.9062248421860541	snRNA_endosplit
TUB	SHARED	GSE108112-GPL19983	ENDO_ART	48	0.31644923593072843	3.05184285317091	snRNA_endosplit
TUB	SHARED	GSE175759-RNAseq	PT	48	-0.03057805441009502	-0.10651747270364312	snRNA_endosplit
TUB	SHARED	GSE175759-RNAseq	PT_injured	33	0.06050930146805265	0.9628353049088342	snRNA_endosplit
TUB	SHARED	GSE175759-RNAseq	LOH	50	-0.052725924369879065	-0.398555276301301	snRNA_endosplit
TUB	SHARED	GSE175759-RNAseq	DCT	50	-0.3313389921374619	-4.608840865066585	snRNA_endosplit
TUB	SHARED	GSE175759-RNAseq	CNT_PC	50	-0.36298951882869007	-5.072570047411879	snRNA_endosplit
TUB	SHARED	GSE175759-RNAseq	IC	50	-0.4556437842780724	-6.604914216530142	snRNA_endosplit
TUB	SHARED	GSE175759-RNAseq	PODO	50	-0.47500503197312355	-6.892325452558036	snRNA_endosplit
TUB	SHARED	GSE175759-RNAseq	PEC	50	0.16586854752153157	2.833901892828352	snRNA_endosplit
TUB	SHARED	GSE175759-RNAseq	ENDO_PT	50	-0.13413369690999388	-1.6146986463088324	snRNA_endosplit
TUB	SHARED	GSE175759-RNAseq	MES	50	0.33314331559464333	5.356474263531229	snRNA_endosplit
TUB	SHARED	GSE175759-RNAseq	STROMA	50	0.894821929037571	13.274943696029244	snRNA_endosplit
TUB	SHARED	GSE175759-RNAseq	PERI	50	-0.10514398731291294	-1.1485870171454655	snRNA_endosplit
TUB	SHARED	GSE175759-RNAseq	BCELL	50	0.5084148080646992	7.935071760309337	snRNA_endosplit
TUB	SHARED	GSE175759-RNAseq	TCELL	50	0.5155730648338794	8.10019648556974	snRNA_endosplit
TUB	SHARED	GSE175759-RNAseq	MAC	50	0.4847576995566487	7.649678013692099	snRNA_endosplit
TUB	SHARED	GSE175759-RNAseq	DC	50	0.4630988306924701	6.858469559203785	snRNA_endosplit
TUB	SHARED	GSE175759-RNAseq	MAST	25	0.37737548125907777	4.307831586303927	snRNA_endosplit
TUB	SHARED	GSE175759-RNAseq	ENDO_GC	50	-0.07134500565007329	-0.667071811296541	snRNA_endosplit
TUB	SHARED	GSE175759-RNAseq	ENDO_ART	50	-0.04355324443429708	-0.24164561661252615	snRNA_endosplit
TUB	SHARED	META	PT	48	-0.23690365608005473	-2.8737255786614644	snRNA_endosplit
TUB	SHARED	META	PT_injured	33	0.012605127405770342	0.5759683221839293	snRNA_endosplit
TUB	SHARED	META	LOH	50	-0.11576031747894983	-1.1721990735097652	snRNA_endosplit
TUB	SHARED	META	DCT	50	-0.5155488031450659	-7.313224601063605	snRNA_endosplit
TUB	SHARED	META	CNT_PC	50	-0.3294761667555819	-4.352695254470461	snRNA_endosplit
TUB	SHARED	META	IC	50	-0.3757267630007118	-5.262491407279244	snRNA_endosplit
TUB	SHARED	META	PODO	50	-0.6030003947174798	-8.950592848458369	snRNA_endosplit
TUB	SHARED	META	PEC	50	0.07819239841774106	1.683819742104887	snRNA_endosplit
TUB	SHARED	META	ENDO_PT	50	-0.14841315398768834	-1.762853200271893	snRNA_endosplit
TUB	SHARED	META	MES	50	0.05455532303414657	1.4370320953190467	snRNA_endosplit
TUB	SHARED	META	STROMA	50	0.417693966620136	6.994207222021105	snRNA_endosplit
TUB	SHARED	META	PERI	50	-0.15426969709524807	-1.766084156097874	snRNA_endosplit
TUB	SHARED	META	BCELL	50	0.2583769106476878	4.514744758691174	snRNA_endosplit
TUB	SHARED	META	TCELL	50	0.2840570329669087	4.7296294328734385	snRNA_endosplit
TUB	SHARED	META	MAC	50	0.3050766548269894	5.199658966006937	snRNA_endosplit
TUB	SHARED	META	DC	50	0.30201346601592377	5.163103089874284	snRNA_endosplit
TUB	SHARED	META	MAST	25	0.032370922349703804	0.7006670373615935	snRNA_endosplit
TUB	SHARED	META	ENDO_GC	50	-0.14276013652672798	-1.6032272873176137	snRNA_endosplit
TUB	SHARED	META	ENDO_ART	50	0.07311961195121208	1.595788435765931	snRNA_endosplit
GLOM	DKD_vs_CTRL	ERCB_GLOM_H1	PT	30	-1.1988205656409263	-6.494812261603944	scRNA
GLOM	DKD_vs_CTRL	ERCB_GLOM_H1	PT_injured	17	-0.5658717251875821	-2.055771303157473	scRNA
GLOM	DKD_vs_CTRL	ERCB_GLOM_H1	LOH	23	-0.3085732537767161	-1.1645067061921486	scRNA
GLOM	DKD_vs_CTRL	ERCB_GLOM_H1	DCT	22	-0.3082973868480291	-1.2089984738517483	scRNA
GLOM	DKD_vs_CTRL	ERCB_GLOM_H1	CNT_PC	25	-0.23301404744386672	-0.8469763308273459	scRNA
GLOM	DKD_vs_CTRL	ERCB_GLOM_H1	IC	18	-0.5663587884563539	-2.1387598813245696	scRNA
GLOM	DKD_vs_CTRL	ERCB_GLOM_H1	PODO	19	-1.367941793642546	-5.998372716304525	scRNA
GLOM	DKD_vs_CTRL	ERCB_GLOM_H1	PEC	28	-0.16818876956988657	-0.5160610970343795	scRNA
GLOM	DKD_vs_CTRL	ERCB_GLOM_H1	ENDO	23	0.5317414493664451	2.902857802115429	scRNA
GLOM	DKD_vs_CTRL	ERCB_GLOM_H1	ENDO_PT	30	0.562191246523677	3.6331457478483937	scRNA
GLOM	DKD_vs_CTRL	ERCB_GLOM_H1	MES	17	0.6477139092543546	3.0662599852075236	scRNA
GLOM	DKD_vs_CTRL	ERCB_GLOM_H1	STROMA	35	0.4465076121900763	3.187873089638165	scRNA
GLOM	DKD_vs_CTRL	ERCB_GLOM_H1	PERI	32	-0.06466628631460479	0.044226907947354524	scRNA
GLOM	DKD_vs_CTRL	ERCB_GLOM_H1	BCELL	29	-0.08073208532456694	-0.021532985688876752	scRNA
GLOM	DKD_vs_CTRL	ERCB_GLOM_H1	TCELL	36	0.151988058971862	1.4787014322926924	scRNA
GLOM	DKD_vs_CTRL	ERCB_GLOM_H1	NK	31	0.5461495786664947	3.54882136441541	scRNA
GLOM	DKD_vs_CTRL	ERCB_GLOM_H1	MAC	32	0.9190122364088893	5.729217126577756	scRNA
GLOM	DKD_vs_CTRL	ERCB_GLOM_H1	DC	12	0.11921647439400355	0.6951294403375572	scRNA
GLOM	DKD_vs_CTRL	ERCB_GLOM_H7	PT	30	-1.4281884844104449	-6.078361453003531	scRNA
GLOM	DKD_vs_CTRL	ERCB_GLOM_H7	PT_injured	17	-0.7168261009980651	-2.0941382945401843	scRNA
GLOM	DKD_vs_CTRL	ERCB_GLOM_H7	LOH	23	0.19989293457373328	1.0693688154759118	scRNA
GLOM	DKD_vs_CTRL	ERCB_GLOM_H7	DCT	22	-0.7212250849062746	-2.511313151671418	scRNA
GLOM	DKD_vs_CTRL	ERCB_GLOM_H7	CNT_PC	25	-0.20002900213003158	-0.43063435925573906	scRNA
GLOM	DKD_vs_CTRL	ERCB_GLOM_H7	IC	18	-0.8664523634749154	-2.653825908003383	scRNA
GLOM	DKD_vs_CTRL	ERCB_GLOM_H7	PODO	19	-1.4931875591803538	-5.013274978879932	scRNA
GLOM	DKD_vs_CTRL	ERCB_GLOM_H7	PEC	28	0.3010350987315178	1.6101264890177547	scRNA
GLOM	DKD_vs_CTRL	ERCB_GLOM_H7	ENDO	23	-0.4900469605041587	-1.5664002451106551	scRNA
GLOM	DKD_vs_CTRL	ERCB_GLOM_H7	ENDO_PT	30	0.10940115867803495	0.8028079082234416	scRNA
GLOM	DKD_vs_CTRL	ERCB_GLOM_H7	MES	17	0.38428055451196785	1.530803878533283	scRNA
GLOM	DKD_vs_CTRL	ERCB_GLOM_H7	STROMA	35	1.0085967350218976	5.2573389177179815	scRNA
GLOM	DKD_vs_CTRL	ERCB_GLOM_H7	PERI	32	0.19402236863970757	1.2741555310792254	scRNA
GLOM	DKD_vs_CTRL	ERCB_GLOM_H7	BCELL	29	0.2547380102091822	1.5143344162016883	scRNA
GLOM	DKD_vs_CTRL	ERCB_GLOM_H7	TCELL	36	0.7981792630808842	4.246263543543443	scRNA
GLOM	DKD_vs_CTRL	ERCB_GLOM_H7	NK	31	1.4101409205505926	6.5943739787150495	scRNA
GLOM	DKD_vs_CTRL	ERCB_GLOM_H7	MAC	32	1.483487992780283	7.060310320228281	scRNA
GLOM	DKD_vs_CTRL	ERCB_GLOM_H7	DC	12	0.6448602632929882	2.0260210574761266	scRNA
GLOM	DKD_vs_CTRL	GSE96804-GPL17586	PT	47	-1.255205031405104	-10.280631494956982	scRNA
GLOM	DKD_vs_CTRL	GSE96804-GPL17586	PT_injured	45	-0.6494304820895195	-5.3832811662365145	scRNA
GLOM	DKD_vs_CTRL	GSE96804-GPL17586	LOH	43	-0.3101725806157256	-2.60354996237272	scRNA
GLOM	DKD_vs_CTRL	GSE96804-GPL17586	DCT	44	-0.5105762586463243	-4.033578036928535	scRNA
GLOM	DKD_vs_CTRL	GSE96804-GPL17586	CNT_PC	44	-0.14088524581695147	-1.2620350124832715	scRNA
GLOM	DKD_vs_CTRL	GSE96804-GPL17586	IC	46	-0.22572254365229089	-2.127690750363003	scRNA
GLOM	DKD_vs_CTRL	GSE96804-GPL17586	PODO	41	-0.8302801725250192	-6.811164684716946	scRNA
GLOM	DKD_vs_CTRL	GSE96804-GPL17586	PEC	47	0.37778563864846176	2.8611015877806922	scRNA
GLOM	DKD_vs_CTRL	GSE96804-GPL17586	ENDO	43	0.07975062632630038	0.40087528238279885	scRNA
GLOM	DKD_vs_CTRL	GSE96804-GPL17586	ENDO_PT	48	0.11776701987643416	0.8895891226786603	scRNA
GLOM	DKD_vs_CTRL	GSE96804-GPL17586	MES	21	0.17610455512823092	0.9510778359591107	scRNA
GLOM	DKD_vs_CTRL	GSE96804-GPL17586	STROMA	49	0.6964263533032975	5.634038713444919	scRNA
GLOM	DKD_vs_CTRL	GSE96804-GPL17586	PERI	46	0.20306165009210614	1.4992489420846242	scRNA
GLOM	DKD_vs_CTRL	GSE96804-GPL17586	BCELL	35	0.39489716004048075	2.5918911729942224	scRNA
GLOM	DKD_vs_CTRL	GSE96804-GPL17586	TCELL	41	0.48248311637037594	3.5818235862445196	scRNA
GLOM	DKD_vs_CTRL	GSE96804-GPL17586	NK	46	0.04243267424728559	0.18817003357499087	scRNA
GLOM	DKD_vs_CTRL	GSE96804-GPL17586	MAC	45	-0.21904463993592393	-2.040660267975698	scRNA
GLOM	DKD_vs_CTRL	GSE96804-GPL17586	DC	15	0.4490207013984521	1.9255392209472717	scRNA
GLOM	DKD_vs_CTRL	META	PT	49	-1.309385444791544	-11.105757848820145	scRNA
GLOM	DKD_vs_CTRL	META	PT_injured	45	-0.645856487530249	-5.495533022940493	scRNA
GLOM	DKD_vs_CTRL	META	LOH	43	-0.2508319823952146	-2.025467379603345	scRNA
GLOM	DKD_vs_CTRL	META	DCT	44	-0.4493373165058791	-3.7333180152935914	scRNA
GLOM	DKD_vs_CTRL	META	CNT_PC	44	-0.24616531974099806	-2.0571038395645678	scRNA
GLOM	DKD_vs_CTRL	META	IC	46	-0.4060375740603152	-3.3844558534897824	scRNA
GLOM	DKD_vs_CTRL	META	PODO	41	-1.0001780173885144	-7.848987532211809	scRNA
GLOM	DKD_vs_CTRL	META	PEC	47	0.32772938376094435	2.9114640936910385	scRNA
GLOM	DKD_vs_CTRL	META	ENDO	44	0.11335682798402778	1.0342863164721587	scRNA
GLOM	DKD_vs_CTRL	META	ENDO_PT	49	0.2200941960762895	1.9702803691896362	scRNA
GLOM	DKD_vs_CTRL	META	MES	21	0.37635646392369554	2.192559200964454	scRNA
GLOM	DKD_vs_CTRL	META	STROMA	50	0.6784146931829552	6.184653557585251	scRNA
GLOM	DKD_vs_CTRL	META	PERI	47	0.11821488926107894	1.2547667118633614	scRNA
GLOM	DKD_vs_CTRL	META	BCELL	39	0.23331261009105247	1.9997041786558154	scRNA
GLOM	DKD_vs_CTRL	META	TCELL	46	0.4819939127748669	4.044775456267194	scRNA
GLOM	DKD_vs_CTRL	META	NK	49	0.47868158184245335	4.2190717145980345	scRNA
GLOM	DKD_vs_CTRL	META	MAC	47	0.5143585058246204	4.638948039791816	scRNA
GLOM	DKD_vs_CTRL	META	DC	15	0.36231004007988504	1.8033045932834983	scRNA
GLOM	DKD_vs_PAT	ERCB_GLOM_H1	PT	30	-0.26483993387470645	-2.114546702927851	scRNA
GLOM	DKD_vs_PAT	ERCB_GLOM_H1	PT_injured	17	-0.050487452515346164	-0.08023894196506393	scRNA
GLOM	DKD_vs_PAT	ERCB_GLOM_H1	LOH	23	-0.01651986979919931	0.17250438425676556	scRNA
GLOM	DKD_vs_PAT	ERCB_GLOM_H1	DCT	22	0.07666919702156023	0.9480987933681757	scRNA
GLOM	DKD_vs_PAT	ERCB_GLOM_H1	CNT_PC	25	0.06078250866383313	0.8448720290123231	scRNA
GLOM	DKD_vs_PAT	ERCB_GLOM_H1	IC	18	-0.21213826247387463	-1.3305896437993143	scRNA
GLOM	DKD_vs_PAT	ERCB_GLOM_H1	PODO	19	-0.9927246096102815	-7.195629019252316	scRNA
GLOM	DKD_vs_PAT	ERCB_GLOM_H1	PEC	28	-0.12914575197334802	-0.8866838013653656	scRNA
GLOM	DKD_vs_PAT	ERCB_GLOM_H1	ENDO	23	-0.11667383454092171	-0.7273143321747407	scRNA
GLOM	DKD_vs_PAT	ERCB_GLOM_H1	ENDO_PT	30	0.20470084448655446	2.3012602442392267	scRNA
GLOM	DKD_vs_PAT	ERCB_GLOM_H1	MES	17	0.022362259634332173	0.4586347452844364	scRNA
GLOM	DKD_vs_PAT	ERCB_GLOM_H1	STROMA	35	0.5429536010537829	5.909444940515455	scRNA
GLOM	DKD_vs_PAT	ERCB_GLOM_H1	PERI	32	-0.082734344759956	-0.4475846004588223	scRNA
GLOM	DKD_vs_PAT	ERCB_GLOM_H1	BCELL	29	-0.07077565989938789	-0.28155428602650273	scRNA
GLOM	DKD_vs_PAT	ERCB_GLOM_H1	TCELL	36	0.13881925462434688	1.89660840335288	scRNA
GLOM	DKD_vs_PAT	ERCB_GLOM_H1	NK	31	0.09454317174611553	1.328280994103015	scRNA
GLOM	DKD_vs_PAT	ERCB_GLOM_H1	MAC	32	0.19821819337812485	2.407057796104601	scRNA
GLOM	DKD_vs_PAT	ERCB_GLOM_H1	DC	12	-0.03616501097470366	0.04732099841328282	scRNA
GLOM	DKD_vs_PAT	ERCB_GLOM_H7	PT	30	0.00685437334080539	0.8189904150504116	scRNA
GLOM	DKD_vs_PAT	ERCB_GLOM_H7	PT_injured	17	0.13711963435087135	1.5848553381265897	scRNA
GLOM	DKD_vs_PAT	ERCB_GLOM_H7	LOH	23	0.6597133215678774	6.451538444839551	scRNA
GLOM	DKD_vs_PAT	ERCB_GLOM_H7	DCT	22	0.04703708661889488	1.0562293701635639	scRNA
GLOM	DKD_vs_PAT	ERCB_GLOM_H7	CNT_PC	25	0.24821827590465545	3.20523988905957	scRNA
GLOM	DKD_vs_PAT	ERCB_GLOM_H7	IC	18	-0.21921768598258495	-1.1613894570548284	scRNA
GLOM	DKD_vs_PAT	ERCB_GLOM_H7	PODO	19	-0.7150412594017229	-5.276082246339279	scRNA
GLOM	DKD_vs_PAT	ERCB_GLOM_H7	PEC	28	0.37678828303303036	4.346167721159497	scRNA
GLOM	DKD_vs_PAT	ERCB_GLOM_H7	ENDO	23	-0.40286547220919444	-2.8985315715506377	scRNA
GLOM	DKD_vs_PAT	ERCB_GLOM_H7	ENDO_PT	30	-0.08322714011495311	-0.11055741962927565	scRNA
GLOM	DKD_vs_PAT	ERCB_GLOM_H7	MES	17	-0.09383569416754386	-0.10569504993562809	scRNA
GLOM	DKD_vs_PAT	ERCB_GLOM_H7	STROMA	35	0.6946144925696509	8.586105487360925	scRNA
GLOM	DKD_vs_PAT	ERCB_GLOM_H7	PERI	32	0.27357623912394047	3.63345987249244	scRNA
GLOM	DKD_vs_PAT	ERCB_GLOM_H7	BCELL	29	0.16261399823144593	2.4365569131052642	scRNA
GLOM	DKD_vs_PAT	ERCB_GLOM_H7	TCELL	36	0.20365634291536278	3.0844960608604404	scRNA
GLOM	DKD_vs_PAT	ERCB_GLOM_H7	NK	31	0.10524399614622518	1.925159544099908	scRNA
GLOM	DKD_vs_PAT	ERCB_GLOM_H7	MAC	32	-0.024754214391578003	0.5579610852289271	scRNA
GLOM	DKD_vs_PAT	ERCB_GLOM_H7	DC	12	0.10895181276525061	1.227018061741653	scRNA
GLOM	DKD_vs_PAT	META	PT	30	-0.12899278026695052	-0.9380936282481317	scRNA
GLOM	DKD_vs_PAT	META	PT_injured	17	0.04331609091776259	0.9134052302423329	scRNA
GLOM	DKD_vs_PAT	META	LOH	23	0.3215967258843391	4.3870195624629735	scRNA
GLOM	DKD_vs_PAT	META	DCT	22	0.06185314182022756	1.3152839945861436	scRNA
GLOM	DKD_vs_PAT	META	CNT_PC	25	0.1545003922842443	2.534954886092577	scRNA
GLOM	DKD_vs_PAT	META	IC	18	-0.2156779742282298	-1.539597595065507	scRNA
GLOM	DKD_vs_PAT	META	PODO	19	-0.8538829345060023	-7.664380062072379	scRNA
GLOM	DKD_vs_PAT	META	PEC	28	0.12382126552984118	2.2626607948912194	scRNA
GLOM	DKD_vs_PAT	META	ENDO	23	-0.2597696533750581	-2.25391649617471	scRNA
GLOM	DKD_vs_PAT	META	ENDO_PT	30	0.060736852185800674	1.430144735018586	scRNA
GLOM	DKD_vs_PAT	META	MES	17	-0.03573671726660582	0.17766089666283796	scRNA
GLOM	DKD_vs_PAT	META	STROMA	35	0.618784046811717	9.332560560273222	scRNA
GLOM	DKD_vs_PAT	META	PERI	32	0.09542094718199223	2.0099824696342874	scRNA
GLOM	DKD_vs_PAT	META	BCELL	29	0.04591916916602901	1.2300080292556115	scRNA
GLOM	DKD_vs_PAT	META	TCELL	36	0.17123779876985484	3.173657203617789	scRNA
GLOM	DKD_vs_PAT	META	NK	31	0.09989358394617034	2.0046003799283976	scRNA
GLOM	DKD_vs_PAT	META	MAC	32	0.08673198949327342	1.8817984063740225	scRNA
GLOM	DKD_vs_PAT	META	DC	12	0.03639340089527347	0.7485849700685083	scRNA
GLOM	DKD_vs_PAT_adj	ERCB_GLOM_H1	PT	30	0.20017860943619453	2.154547546061467	scRNA
GLOM	DKD_vs_PAT_adj	ERCB_GLOM_H1	PT_injured	17	0.3777893025242641	2.9981029912817014	scRNA
GLOM	DKD_vs_PAT_adj	ERCB_GLOM_H1	LOH	23	0.17365656040711516	1.8120977196128474	scRNA
GLOM	DKD_vs_PAT_adj	ERCB_GLOM_H1	DCT	22	0.2325580845040003	2.151387323079867	scRNA
GLOM	DKD_vs_PAT_adj	ERCB_GLOM_H1	CNT_PC	25	0.14009093459467395	1.4923059534682057	scRNA
GLOM	DKD_vs_PAT_adj	ERCB_GLOM_H1	IC	18	-0.17563870525737288	-0.9888740572713636	scRNA
GLOM	DKD_vs_PAT_adj	ERCB_GLOM_H1	PODO	19	-0.9431520372380614	-6.590988851869975	scRNA
GLOM	DKD_vs_PAT_adj	ERCB_GLOM_H1	PEC	28	-0.13183201623027577	-0.827133494766649	scRNA
GLOM	DKD_vs_PAT_adj	ERCB_GLOM_H1	ENDO	23	-0.23349165668401836	-1.5654093833284273	scRNA
GLOM	DKD_vs_PAT_adj	ERCB_GLOM_H1	ENDO_PT	30	0.11433901336993804	1.426958923250591	scRNA
GLOM	DKD_vs_PAT_adj	ERCB_GLOM_H1	MES	17	-0.037461000443109085	0.019965562259003776	scRNA
GLOM	DKD_vs_PAT_adj	ERCB_GLOM_H1	STROMA	35	0.5234502474540154	5.646193216496682	scRNA
GLOM	DKD_vs_PAT_adj	ERCB_GLOM_H1	PERI	32	-0.08731922883558171	-0.47179961647628404	scRNA
GLOM	DKD_vs_PAT_adj	ERCB_GLOM_H1	BCELL	29	-0.16385092667126305	-1.13991700209335	scRNA
GLOM	DKD_vs_PAT_adj	ERCB_GLOM_H1	TCELL	36	0.028543194958858573	0.6552819874230045	scRNA
GLOM	DKD_vs_PAT_adj	ERCB_GLOM_H1	NK	31	-0.045005406081929385	-0.019979616441797122	scRNA
GLOM	DKD_vs_PAT_adj	ERCB_GLOM_H1	MAC	32	-0.050554810916333945	-0.09098336453856266	scRNA
GLOM	DKD_vs_PAT_adj	ERCB_GLOM_H1	DC	12	-0.16245987467903078	-0.6921587612932928	scRNA
GLOM	DKD_vs_PAT_adj	ERCB_GLOM_H7	PT	30	0.0765854805835725	1.41058548450712	scRNA
GLOM	DKD_vs_PAT_adj	ERCB_GLOM_H7	PT_injured	17	0.19287190247518615	1.8367401567964357	scRNA
GLOM	DKD_vs_PAT_adj	ERCB_GLOM_H7	LOH	23	0.727828135123738	7.05976662005358	scRNA
GLOM	DKD_vs_PAT_adj	ERCB_GLOM_H7	DCT	22	0.07993894396983524	1.189018531754808	scRNA
GLOM	DKD_vs_PAT_adj	ERCB_GLOM_H7	CNT_PC	25	0.27721354288646793	3.1163465317030132	scRNA
GLOM	DKD_vs_PAT_adj	ERCB_GLOM_H7	IC	18	-0.22028760615816478	-1.1166106366776005	scRNA
GLOM	DKD_vs_PAT_adj	ERCB_GLOM_H7	PODO	19	-0.7171681943842664	-4.94803877255831	scRNA
GLOM	DKD_vs_PAT_adj	ERCB_GLOM_H7	PEC	28	0.3921801494452794	4.462090373259589	scRNA
GLOM	DKD_vs_PAT_adj	ERCB_GLOM_H7	ENDO	23	-0.4324405537687516	-3.1266747516505453	scRNA
GLOM	DKD_vs_PAT_adj	ERCB_GLOM_H7	ENDO_PT	30	-0.1196564327749516	-0.5505259404702688	scRNA
GLOM	DKD_vs_PAT_adj	ERCB_GLOM_H7	MES	17	-0.12011261170421583	-0.3699560574888295	scRNA
GLOM	DKD_vs_PAT_adj	ERCB_GLOM_H7	STROMA	35	0.7018218786380473	7.866674215103137	scRNA
GLOM	DKD_vs_PAT_adj	ERCB_GLOM_H7	PERI	32	0.2755554252928102	3.446472774248459	scRNA
GLOM	DKD_vs_PAT_adj	ERCB_GLOM_H7	BCELL	29	0.16198839039936108	2.179190800664216	scRNA
GLOM	DKD_vs_PAT_adj	ERCB_GLOM_H7	TCELL	36	0.199858517824448	2.95840780465493	scRNA
GLOM	DKD_vs_PAT_adj	ERCB_GLOM_H7	NK	31	0.09809342866982995	1.6427334268543656	scRNA
GLOM	DKD_vs_PAT_adj	ERCB_GLOM_H7	MAC	32	-0.051892597909705955	0.19174786757898268	scRNA
GLOM	DKD_vs_PAT_adj	ERCB_GLOM_H7	DC	12	0.10954642770036643	1.0494039321093622	scRNA
GLOM	DKD_vs_PAT_adj	META	PT	30	0.1383820450098835	2.26740136534834	scRNA
GLOM	DKD_vs_PAT_adj	META	PT_injured	17	0.28533060249972514	3.093513661968172	scRNA
GLOM	DKD_vs_PAT_adj	META	LOH	23	0.4507423477654265	5.390727929852625	scRNA
GLOM	DKD_vs_PAT_adj	META	DCT	22	0.1562485142369177	2.218964207413063	scRNA
GLOM	DKD_vs_PAT_adj	META	CNT_PC	25	0.2086522387405709	2.7808003724480286	scRNA
GLOM	DKD_vs_PAT_adj	META	IC	18	-0.19796315570776882	-1.2670995643994247	scRNA
GLOM	DKD_vs_PAT_adj	META	PODO	19	-0.8301601158111637	-7.200029066605988	scRNA
GLOM	DKD_vs_PAT_adj	META	PEC	28	0.1301740666075018	2.132367653147727	scRNA
GLOM	DKD_vs_PAT_adj	META	ENDO	23	-0.332966105226385	-2.9356269591472475	scRNA
GLOM	DKD_vs_PAT_adj	META	ENDO_PT	30	-0.0026587097025067637	0.6188092918389099	scRNA
GLOM	DKD_vs_PAT_adj	META	MES	17	-0.07878680607366245	-0.26741189485416716	scRNA
GLOM	DKD_vs_PAT_adj	META	STROMA	35	0.6126360630460315	8.650198966780733	scRNA
GLOM	DKD_vs_PAT_adj	META	PERI	32	0.09411809822861422	1.818326186864779	scRNA
GLOM	DKD_vs_PAT_adj	META	BCELL	29	-0.0009312681359509999	0.6296468157265426	scRNA
GLOM	DKD_vs_PAT_adj	META	TCELL	36	0.11420085639165328	2.1791877757615237	scRNA
GLOM	DKD_vs_PAT_adj	META	NK	31	0.026544011293950284	0.997559298751107	scRNA
GLOM	DKD_vs_PAT_adj	META	MAC	32	-0.051223704413019946	0.05725620301212566	scRNA
GLOM	DKD_vs_PAT_adj	META	DC	12	-0.026456723489332156	0.17653407179939962	scRNA
GLOM	FSGS_MCD_vs_PAT	ERCB_GLOM_H7	PT	30	0.330564309284091	3.506452587864264	scRNA
GLOM	FSGS_MCD_vs_PAT	ERCB_GLOM_H7	PT_injured	17	0.31650298943414407	2.694649644633723	scRNA
GLOM	FSGS_MCD_vs_PAT	ERCB_GLOM_H7	LOH	23	0.07820496234394934	0.4433054777186065	scRNA
GLOM	FSGS_MCD_vs_PAT	ERCB_GLOM_H7	DCT	22	0.05340739491988312	0.2607824132314263	scRNA
GLOM	FSGS_MCD_vs_PAT	ERCB_GLOM_H7	CNT_PC	25	0.0746318987943232	0.5611087332217679	scRNA
GLOM	FSGS_MCD_vs_PAT	ERCB_GLOM_H7	IC	18	0.17313482850376102	1.2644801467284956	scRNA
GLOM	FSGS_MCD_vs_PAT	ERCB_GLOM_H7	PODO	19	0.23618859878594153	2.015790609506333	scRNA
GLOM	FSGS_MCD_vs_PAT	ERCB_GLOM_H7	PEC	28	-0.1664818273857236	-2.3669089671559846	scRNA
GLOM	FSGS_MCD_vs_PAT	ERCB_GLOM_H7	ENDO	23	0.3888798211498753	3.8828773659560145	scRNA
GLOM	FSGS_MCD_vs_PAT	ERCB_GLOM_H7	ENDO_PT	30	0.01791590017577011	-0.14986662103816192	scRNA
GLOM	FSGS_MCD_vs_PAT	ERCB_GLOM_H7	MES	17	0.4369520364219652	3.6962759131730616	scRNA
GLOM	FSGS_MCD_vs_PAT	ERCB_GLOM_H7	STROMA	35	-0.32090603640036924	-4.6935248771718205	scRNA
GLOM	FSGS_MCD_vs_PAT	ERCB_GLOM_H7	PERI	32	0.044775557995308184	0.16508141250642755	scRNA
GLOM	FSGS_MCD_vs_PAT	ERCB_GLOM_H7	BCELL	29	-0.11712141733231216	-1.7373168996113844	scRNA
GLOM	FSGS_MCD_vs_PAT	ERCB_GLOM_H7	TCELL	36	-0.0722702959448927	-1.4633699472643356	scRNA
GLOM	FSGS_MCD_vs_PAT	ERCB_GLOM_H7	NK	31	0.1979288446206239	1.997622170030088	scRNA
GLOM	FSGS_MCD_vs_PAT	ERCB_GLOM_H7	MAC	32	-0.42669468515668996	-5.706887645005296	scRNA
GLOM	FSGS_MCD_vs_PAT	ERCB_GLOM_H7	DC	12	-0.035592209004486584	-0.5257310914623147	scRNA
GLOM	FSGS_MCD_vs_PAT	META	PT	30	0.330564309284091	3.611872536748027	scRNA
GLOM	FSGS_MCD_vs_PAT	META	PT_injured	17	0.31650298943414407	2.6806770331646312	scRNA
GLOM	FSGS_MCD_vs_PAT	META	LOH	23	0.07820496234394934	0.4894547637056438	scRNA
GLOM	FSGS_MCD_vs_PAT	META	DCT	22	0.05340739491988312	0.20317876554747963	scRNA
GLOM	FSGS_MCD_vs_PAT	META	CNT_PC	25	0.0746318987943232	0.4441127124500859	scRNA
GLOM	FSGS_MCD_vs_PAT	META	IC	18	0.17313482850376102	1.2925797242187222	scRNA
GLOM	FSGS_MCD_vs_PAT	META	PODO	19	0.23618859878594153	2.0041328013477524	scRNA
GLOM	FSGS_MCD_vs_PAT	META	PEC	28	-0.1664818273857236	-2.4164483376232377	scRNA
GLOM	FSGS_MCD_vs_PAT	META	ENDO	23	0.3888798211498753	4.010686677594812	scRNA
GLOM	FSGS_MCD_vs_PAT	META	ENDO_PT	30	0.01791590017577011	-0.17220116873850458	scRNA
GLOM	FSGS_MCD_vs_PAT	META	MES	17	0.4369520364219652	3.720263843087976	scRNA
GLOM	FSGS_MCD_vs_PAT	META	STROMA	35	-0.32090603640036924	-4.617164848864255	scRNA
GLOM	FSGS_MCD_vs_PAT	META	PERI	32	0.044775557995308184	0.11727490426024771	scRNA
GLOM	FSGS_MCD_vs_PAT	META	BCELL	29	-0.11712141733231216	-1.809309809885397	scRNA
GLOM	FSGS_MCD_vs_PAT	META	TCELL	36	-0.0722702959448927	-1.4498639894598038	scRNA
GLOM	FSGS_MCD_vs_PAT	META	NK	31	0.1979288446206239	2.0584993621761787	scRNA
GLOM	FSGS_MCD_vs_PAT	META	MAC	32	-0.42669468515668996	-5.62559673795844	scRNA
GLOM	FSGS_MCD_vs_PAT	META	DC	12	-0.035592209004486584	-0.5848185772881346	scRNA
GLOM	FSGS_MCD_vs_PAT_adj	ERCB_GLOM_H7	PT	30	0.3084775288950208	3.3927728617732593	scRNA
GLOM	FSGS_MCD_vs_PAT_adj	ERCB_GLOM_H7	PT_injured	17	0.29754529344032804	2.3647587072198646	scRNA
GLOM	FSGS_MCD_vs_PAT_adj	ERCB_GLOM_H7	LOH	23	0.02564360551092752	-0.08247756552668023	scRNA
GLOM	FSGS_MCD_vs_PAT_adj	ERCB_GLOM_H7	DCT	22	-0.009167317670130145	-0.4983709293476035	scRNA
GLOM	FSGS_MCD_vs_PAT_adj	ERCB_GLOM_H7	CNT_PC	25	0.04497556388394325	0.08705070102032346	scRNA
GLOM	FSGS_MCD_vs_PAT_adj	ERCB_GLOM_H7	IC	18	0.15849677732951473	1.2605384373388493	scRNA
GLOM	FSGS_MCD_vs_PAT_adj	ERCB_GLOM_H7	PODO	19	0.22539870895499708	1.7783806007580525	scRNA
GLOM	FSGS_MCD_vs_PAT_adj	ERCB_GLOM_H7	PEC	28	-0.1958470217836942	-2.71534076510085	scRNA
GLOM	FSGS_MCD_vs_PAT_adj	ERCB_GLOM_H7	ENDO	23	0.4538564995471351	4.434490648362669	scRNA
GLOM	FSGS_MCD_vs_PAT_adj	ERCB_GLOM_H7	ENDO_PT	30	0.08164980916034746	0.4549807221946994	scRNA
GLOM	FSGS_MCD_vs_PAT_adj	ERCB_GLOM_H7	MES	17	0.5272173600100172	4.458088559809184	scRNA
GLOM	FSGS_MCD_vs_PAT_adj	ERCB_GLOM_H7	STROMA	35	-0.3108842986923305	-4.510537583342384	scRNA
GLOM	FSGS_MCD_vs_PAT_adj	ERCB_GLOM_H7	PERI	32	0.03568789283930194	-0.08114263812510554	scRNA
GLOM	FSGS_MCD_vs_PAT_adj	ERCB_GLOM_H7	BCELL	29	-0.10490906952974365	-1.7870360652872497	scRNA
GLOM	FSGS_MCD_vs_PAT_adj	ERCB_GLOM_H7	TCELL	36	-0.04230592182740225	-1.0766563864018714	scRNA
GLOM	FSGS_MCD_vs_PAT_adj	ERCB_GLOM_H7	NK	31	0.23485224423102444	2.4026248049271697	scRNA
GLOM	FSGS_MCD_vs_PAT_adj	ERCB_GLOM_H7	MAC	32	-0.37400011885087203	-5.229672507809879	scRNA
GLOM	FSGS_MCD_vs_PAT_adj	ERCB_GLOM_H7	DC	12	-0.016063035519068698	-0.40350317814868225	scRNA
GLOM	FSGS_MCD_vs_PAT_adj	META	PT	30	0.3084775288950208	3.358600522374008	scRNA
GLOM	FSGS_MCD_vs_PAT_adj	META	PT_injured	17	0.29754529344032804	2.2327050302437637	scRNA
GLOM	FSGS_MCD_vs_PAT_adj	META	LOH	23	0.02564360551092752	-0.11961809732822737	scRNA
GLOM	FSGS_MCD_vs_PAT_adj	META	DCT	22	-0.009167317670130145	-0.4577675556409778	scRNA
GLOM	FSGS_MCD_vs_PAT_adj	META	CNT_PC	25	0.04497556388394325	0.09044841398096581	scRNA
GLOM	FSGS_MCD_vs_PAT_adj	META	IC	18	0.15849677732951473	1.1243121076531808	scRNA
GLOM	FSGS_MCD_vs_PAT_adj	META	PODO	19	0.22539870895499708	1.6770409673823015	scRNA
GLOM	FSGS_MCD_vs_PAT_adj	META	PEC	28	-0.1958470217836942	-2.6493951126781443	scRNA
GLOM	FSGS_MCD_vs_PAT_adj	META	ENDO	23	0.4538564995471351	4.2768762445866955	scRNA
GLOM	FSGS_MCD_vs_PAT_adj	META	ENDO_PT	30	0.08164980916034746	0.5291864535091639	scRNA
GLOM	FSGS_MCD_vs_PAT_adj	META	MES	17	0.5272173600100172	4.407250900222037	scRNA
GLOM	FSGS_MCD_vs_PAT_adj	META	STROMA	35	-0.3108842986923305	-4.606755681710332	scRNA
GLOM	FSGS_MCD_vs_PAT_adj	META	PERI	32	0.03568789283930194	-0.025116144590554248	scRNA
GLOM	FSGS_MCD_vs_PAT_adj	META	BCELL	29	-0.10490906952974365	-1.7120498367544554	scRNA
GLOM	FSGS_MCD_vs_PAT_adj	META	TCELL	36	-0.04230592182740225	-1.0700083541693022	scRNA
GLOM	FSGS_MCD_vs_PAT_adj	META	NK	31	0.23485224423102444	2.4635487714122903	scRNA
GLOM	FSGS_MCD_vs_PAT_adj	META	MAC	32	-0.37400011885087203	-5.233046395272461	scRNA
GLOM	FSGS_MCD_vs_PAT_adj	META	DC	12	-0.016063035519068698	-0.4108758430622765	scRNA
GLOM	FSGS_vs_PAT	ERCB_GLOM_H1	PT	30	0.048131759728615484	1.0427050642793672	scRNA
GLOM	FSGS_vs_PAT	ERCB_GLOM_H1	PT_injured	17	0.3568122853689334	3.7811247964536068	scRNA
GLOM	FSGS_vs_PAT	ERCB_GLOM_H1	LOH	23	0.17454884832967882	2.3482057842914714	scRNA
GLOM	FSGS_vs_PAT	ERCB_GLOM_H1	DCT	22	0.04270021846009927	0.8810121807045519	scRNA
GLOM	FSGS_vs_PAT	ERCB_GLOM_H1	CNT_PC	25	0.23722750118002295	3.0754370961340123	scRNA
GLOM	FSGS_vs_PAT	ERCB_GLOM_H1	IC	18	-0.09234134056087998	-0.5032014077526848	scRNA
GLOM	FSGS_vs_PAT	ERCB_GLOM_H1	PODO	19	-0.02799386776199468	0.12329162686249635	scRNA
GLOM	FSGS_vs_PAT	ERCB_GLOM_H1	PEC	28	0.25988995503368123	3.747403964405734	scRNA
GLOM	FSGS_vs_PAT	ERCB_GLOM_H1	ENDO	23	-0.1277024617175693	-1.0093635402311825	scRNA
GLOM	FSGS_vs_PAT	ERCB_GLOM_H1	ENDO_PT	30	-0.05999927495916683	-0.22902175858842372	scRNA
GLOM	FSGS_vs_PAT	ERCB_GLOM_H1	MES	17	-0.06514195287052323	-0.22936228144560877	scRNA
GLOM	FSGS_vs_PAT	ERCB_GLOM_H1	STROMA	35	0.030081187933683397	0.8600914390876339	scRNA
GLOM	FSGS_vs_PAT	ERCB_GLOM_H1	PERI	32	-0.1534631868089491	-1.5813033573672741	scRNA
GLOM	FSGS_vs_PAT	ERCB_GLOM_H1	BCELL	29	-0.23041171233715682	-2.456484210788763	scRNA
GLOM	FSGS_vs_PAT	ERCB_GLOM_H1	TCELL	36	-0.06821116858110246	-0.38915912334431674	scRNA
GLOM	FSGS_vs_PAT	ERCB_GLOM_H1	NK	31	-0.04258773487902457	0.005723115397907333	scRNA
GLOM	FSGS_vs_PAT	ERCB_GLOM_H1	MAC	32	-0.33693449274869636	-3.9363250082473558	scRNA
GLOM	FSGS_vs_PAT	ERCB_GLOM_H1	DC	12	-0.04213889439900717	-0.015118007977500096	scRNA
GLOM	FSGS_vs_PAT	ERCB_GLOM_H7	PT	30	0.35926231493552524	4.534631560556219	scRNA
GLOM	FSGS_vs_PAT	ERCB_GLOM_H7	PT_injured	17	0.04434714597814223	0.2431549355067648	scRNA
GLOM	FSGS_vs_PAT	ERCB_GLOM_H7	LOH	23	0.0678802794098611	0.6000335935422859	scRNA
GLOM	FSGS_vs_PAT	ERCB_GLOM_H7	DCT	22	0.193998743314296	1.9731635987043976	scRNA
GLOM	FSGS_vs_PAT	ERCB_GLOM_H7	CNT_PC	25	-0.009602724313735954	-0.3710233921425585	scRNA
GLOM	FSGS_vs_PAT	ERCB_GLOM_H7	IC	18	0.10178103585106629	0.8819835912861077	scRNA
GLOM	FSGS_vs_PAT	ERCB_GLOM_H7	PODO	19	0.25553474288531824	2.57723653607796	scRNA
GLOM	FSGS_vs_PAT	ERCB_GLOM_H7	PEC	28	0.13175638392567635	1.5160540153263649	scRNA
GLOM	FSGS_vs_PAT	ERCB_GLOM_H7	ENDO	23	0.2316432150647692	2.489581759942703	scRNA
GLOM	FSGS_vs_PAT	ERCB_GLOM_H7	ENDO_PT	30	-0.05733249963571628	-0.9990194863874993	scRNA
GLOM	FSGS_vs_PAT	ERCB_GLOM_H7	MES	17	-0.009735561633373009	-0.24196780967546108	scRNA
GLOM	FSGS_vs_PAT	ERCB_GLOM_H7	STROMA	35	-0.4691012057874884	-7.108016931689687	scRNA
GLOM	FSGS_vs_PAT	ERCB_GLOM_H7	PERI	32	0.049624268358456895	0.4285586919346674	scRNA
GLOM	FSGS_vs_PAT	ERCB_GLOM_H7	BCELL	29	-0.3550761462799434	-5.012171615347934	scRNA
GLOM	FSGS_vs_PAT	ERCB_GLOM_H7	TCELL	36	-0.5411466833579147	-8.358267585681027	scRNA
GLOM	FSGS_vs_PAT	ERCB_GLOM_H7	NK	31	-0.05783415869659474	-1.0283384555144388	scRNA
GLOM	FSGS_vs_PAT	ERCB_GLOM_H7	MAC	32	-0.5100204104091972	-7.326434995094219	scRNA
GLOM	FSGS_vs_PAT	ERCB_GLOM_H7	DC	12	-0.3353956138986784	-3.001344594664013	scRNA
GLOM	FSGS_vs_PAT	GSE108109-GPL19983	PT	48	-0.02814627008137904	-0.8102470087693943	scRNA
GLOM	FSGS_vs_PAT	GSE108109-GPL19983	PT_injured	48	-0.007973418687470256	-0.17625737490078933	scRNA
GLOM	FSGS_vs_PAT	GSE108109-GPL19983	LOH	46	0.038493756306074225	1.178240081327257	scRNA
GLOM	FSGS_vs_PAT	GSE108109-GPL19983	DCT	46	0.07236082147320975	2.178917353903445	scRNA
GLOM	FSGS_vs_PAT	GSE108109-GPL19983	CNT_PC	47	0.022951098139140196	0.7206297951669421	scRNA
GLOM	FSGS_vs_PAT	GSE108109-GPL19983	IC	48	-0.02978556127830718	-0.8212208745856737	scRNA
GLOM	FSGS_vs_PAT	GSE108109-GPL19983	PODO	48	-0.11027017961411427	-3.2210824957599016	scRNA
GLOM	FSGS_vs_PAT	GSE108109-GPL19983	PEC	48	0.039633860035488994	1.3071203023151536	scRNA
GLOM	FSGS_vs_PAT	GSE108109-GPL19983	ENDO	47	0.17807720906715443	5.189408789506279	scRNA
GLOM	FSGS_vs_PAT	GSE108109-GPL19983	ENDO_PT	49	0.20487543032029454	6.472192583013259	scRNA
GLOM	FSGS_vs_PAT	GSE108109-GPL19983	MES	22	0.2529057198288766	5.182885395466524	scRNA
GLOM	FSGS_vs_PAT	GSE108109-GPL19983	STROMA	49	0.006809780935012041	0.2460946036138038	scRNA
GLOM	FSGS_vs_PAT	GSE108109-GPL19983	PERI	49	0.04260997551645399	1.3836547246338908	scRNA
GLOM	FSGS_vs_PAT	GSE108109-GPL19983	BCELL	44	-0.014536648385480726	-0.2977100307729876	scRNA
GLOM	FSGS_vs_PAT	GSE108109-GPL19983	TCELL	47	0.05711489826067106	1.8209600216632138	scRNA
GLOM	FSGS_vs_PAT	GSE108109-GPL19983	NK	49	0.2017974025208731	5.98768732027545	scRNA
GLOM	FSGS_vs_PAT	GSE108109-GPL19983	MAC	49	-0.034692947562707924	-1.033465510366931	scRNA
GLOM	FSGS_vs_PAT	GSE108109-GPL19983	DC	17	0.0011886656832169084	0.07451901008246262	scRNA
GLOM	FSGS_vs_PAT	META	PT	50	0.07434548982952642	2.6181182528899125	scRNA
GLOM	FSGS_vs_PAT	META	PT_injured	48	0.04655648386364594	1.6332756539894293	scRNA
GLOM	FSGS_vs_PAT	META	LOH	46	0.07069904225341896	2.2452576023675053	scRNA
GLOM	FSGS_vs_PAT	META	DCT	46	0.0855061784454122	2.863924453977099	scRNA
GLOM	FSGS_vs_PAT	META	CNT_PC	47	0.06811059079073528	2.2062233628528656	scRNA
GLOM	FSGS_vs_PAT	META	IC	48	-0.00359118122853234	0.06591041520735852	scRNA
GLOM	FSGS_vs_PAT	META	PODO	48	-0.03657334762586592	-0.9691581641533064	scRNA
GLOM	FSGS_vs_PAT	META	PEC	48	0.10098945516316839	3.1691498181253928	scRNA
GLOM	FSGS_vs_PAT	META	ENDO	47	0.12384488696483431	3.8486173622990907	scRNA
GLOM	FSGS_vs_PAT	META	ENDO_PT	50	0.10181005048255125	3.3007384448688852	scRNA
GLOM	FSGS_vs_PAT	META	MES	22	0.08952324449395141	1.917686507881214	scRNA
GLOM	FSGS_vs_PAT	META	STROMA	50	-0.08146122406231976	-2.496883199777547	scRNA
GLOM	FSGS_vs_PAT	META	PERI	49	0.006184881378034889	0.2752479713840525	scRNA
GLOM	FSGS_vs_PAT	META	BCELL	45	-0.14146364713777546	-3.863287951329367	scRNA
GLOM	FSGS_vs_PAT	META	TCELL	49	-0.11513261625669055	-3.28795187089892	scRNA
GLOM	FSGS_vs_PAT	META	NK	49	0.08749801908511999	2.879044877577835	scRNA
GLOM	FSGS_vs_PAT	META	MAC	49	-0.18862650422442728	-5.450687379314935	scRNA
GLOM	FSGS_vs_PAT	META	DC	17	-0.1085525962898471	-1.9558520936077306	scRNA
GLOM	FSGS_vs_PAT_adj	ERCB_GLOM_H1	PT	30	-0.30789725279316277	-3.6326461215203403	scRNA
GLOM	FSGS_vs_PAT_adj	ERCB_GLOM_H1	PT_injured	17	0.14741727696495718	1.8186446442449542	scRNA
GLOM	FSGS_vs_PAT_adj	ERCB_GLOM_H1	LOH	23	0.06816833821219068	1.199231828125312	scRNA
GLOM	FSGS_vs_PAT_adj	ERCB_GLOM_H1	DCT	22	-0.04977818254859014	-0.1745197786827845	scRNA
GLOM	FSGS_vs_PAT_adj	ERCB_GLOM_H1	CNT_PC	25	0.19872895216762085	2.754914731948201	scRNA
GLOM	FSGS_vs_PAT_adj	ERCB_GLOM_H1	IC	18	-0.12370584582722685	-0.8542749984703925	scRNA
GLOM	FSGS_vs_PAT_adj	ERCB_GLOM_H1	PODO	19	-0.06199113178887295	-0.251546293396524	scRNA
GLOM	FSGS_vs_PAT_adj	ERCB_GLOM_H1	PEC	28	0.26761782146976176	3.7113654542621752	scRNA
GLOM	FSGS_vs_PAT_adj	ERCB_GLOM_H1	ENDO	23	-0.05369464767875221	-0.16148481587073235	scRNA
GLOM	FSGS_vs_PAT_adj	ERCB_GLOM_H1	ENDO_PT	30	-0.003645976591305053	0.4386711221616462	scRNA
GLOM	FSGS_vs_PAT_adj	ERCB_GLOM_H1	MES	17	-0.02579998538573169	0.10442200476916223	scRNA
GLOM	FSGS_vs_PAT_adj	ERCB_GLOM_H1	STROMA	35	0.04497878787746411	1.1594663858967924	scRNA
GLOM	FSGS_vs_PAT_adj	ERCB_GLOM_H1	PERI	32	-0.15349086081183788	-1.6284816490255383	scRNA
GLOM	FSGS_vs_PAT_adj	ERCB_GLOM_H1	BCELL	29	-0.1706215808051967	-1.7356645790620062	scRNA
GLOM	FSGS_vs_PAT_adj	ERCB_GLOM_H1	TCELL	36	0.0021213174386304928	0.5638933137082492	scRNA
GLOM	FSGS_vs_PAT_adj	ERCB_GLOM_H1	NK	31	0.05277898124838701	1.126306294671749	scRNA
GLOM	FSGS_vs_PAT_adj	ERCB_GLOM_H1	MAC	32	-0.1978767456232784	-2.16855324783698	scRNA
GLOM	FSGS_vs_PAT_adj	ERCB_GLOM_H1	DC	12	0.04391744780458378	0.6978371604089241	scRNA
GLOM	FSGS_vs_PAT_adj	ERCB_GLOM_H7	PT	30	0.14386421235583546	1.740318349528314	scRNA
GLOM	FSGS_vs_PAT_adj	ERCB_GLOM_H7	PT_injured	17	-0.20993398662283336	-2.3830258176065393	scRNA
GLOM	FSGS_vs_PAT_adj	ERCB_GLOM_H7	LOH	23	-0.04624561760202406	-0.8766336930325372	scRNA
GLOM	FSGS_vs_PAT_adj	ERCB_GLOM_H7	DCT	22	0.11062021721346053	1.0628073015980066	scRNA
GLOM	FSGS_vs_PAT_adj	ERCB_GLOM_H7	CNT_PC	25	-0.07157160937922417	-1.2057421214697308	scRNA
GLOM	FSGS_vs_PAT_adj	ERCB_GLOM_H7	IC	18	0.06954109503284112	0.5554936867395723	scRNA
GLOM	FSGS_vs_PAT_adj	ERCB_GLOM_H7	PODO	19	0.2348444319186034	2.24547469393523	scRNA
GLOM	FSGS_vs_PAT_adj	ERCB_GLOM_H7	PEC	28	0.09280278440843537	0.9801078032974017	scRNA
GLOM	FSGS_vs_PAT_adj	ERCB_GLOM_H7	ENDO	23	0.33197832491760493	3.7100710041163287	scRNA
GLOM	FSGS_vs_PAT_adj	ERCB_GLOM_H7	ENDO_PT	30	0.04176165123230608	0.30210695991906805	scRNA
GLOM	FSGS_vs_PAT_adj	ERCB_GLOM_H7	MES	17	0.10797954043996265	0.9312402835988398	scRNA
GLOM	FSGS_vs_PAT_adj	ERCB_GLOM_H7	STROMA	35	-0.43998301769552944	-7.099779270421668	scRNA
GLOM	FSGS_vs_PAT_adj	ERCB_GLOM_H7	PERI	32	0.030403249534777403	0.14628173741064737	scRNA
GLOM	FSGS_vs_PAT_adj	ERCB_GLOM_H7	BCELL	29	-0.32631903936950607	-4.701561949736603	scRNA
GLOM	FSGS_vs_PAT_adj	ERCB_GLOM_H7	TCELL	36	-0.4882539205063032	-7.664821465040106	scRNA
GLOM	FSGS_vs_PAT_adj	ERCB_GLOM_H7	NK	31	0.007010828468929921	-0.1674979153909924	scRNA
GLOM	FSGS_vs_PAT_adj	ERCB_GLOM_H7	MAC	32	-0.3880711424619713	-5.855026010877563	scRNA
GLOM	FSGS_vs_PAT_adj	ERCB_GLOM_H7	DC	12	-0.2974589931860321	-2.7750638942727552	scRNA
GLOM	FSGS_vs_PAT_adj	GSE108109-GPL19983	PT	48	0.048739085657867665	1.5291340330355425	scRNA
GLOM	FSGS_vs_PAT_adj	GSE108109-GPL19983	PT_injured	48	0.03928960366135705	1.1746178870671429	scRNA
GLOM	FSGS_vs_PAT_adj	GSE108109-GPL19983	LOH	46	0.06116873404581355	1.7592437729009154	scRNA
GLOM	FSGS_vs_PAT_adj	GSE108109-GPL19983	DCT	46	0.08548486305440427	2.4662832564976025	scRNA
GLOM	FSGS_vs_PAT_adj	GSE108109-GPL19983	CNT_PC	47	0.03431770798375165	1.0591286970202067	scRNA
GLOM	FSGS_vs_PAT_adj	GSE108109-GPL19983	IC	48	-0.023268470370696417	-0.6120926932704586	scRNA
GLOM	FSGS_vs_PAT_adj	GSE108109-GPL19983	PODO	48	-0.09827552676021327	-2.8980078422313578	scRNA
GLOM	FSGS_vs_PAT_adj	GSE108109-GPL19983	PEC	48	0.04320530097118705	1.3846398247859026	scRNA
GLOM	FSGS_vs_PAT_adj	GSE108109-GPL19983	ENDO	47	0.16794068386367716	4.984407314421767	scRNA
GLOM	FSGS_vs_PAT_adj	GSE108109-GPL19983	ENDO_PT	49	0.19512713258323788	6.086632685045921	scRNA
GLOM	FSGS_vs_PAT_adj	GSE108109-GPL19983	MES	22	0.24443215227963142	5.022871427176881	scRNA
GLOM	FSGS_vs_PAT_adj	GSE108109-GPL19983	STROMA	49	-0.005295381281553827	-0.05868333858287349	scRNA
GLOM	FSGS_vs_PAT_adj	GSE108109-GPL19983	PERI	49	0.038335475057493094	1.2420705474790628	scRNA
GLOM	FSGS_vs_PAT_adj	GSE108109-GPL19983	BCELL	44	-0.02516714479154605	-0.6555695925263623	scRNA
GLOM	FSGS_vs_PAT_adj	GSE108109-GPL19983	TCELL	47	0.0454985042740442	1.4845900672352785	scRNA
GLOM	FSGS_vs_PAT_adj	GSE108109-GPL19983	NK	49	0.19057451898337932	5.818570472393106	scRNA
GLOM	FSGS_vs_PAT_adj	GSE108109-GPL19983	MAC	49	-0.07149416141237958	-2.0272098957065325	scRNA
GLOM	FSGS_vs_PAT_adj	GSE108109-GPL19983	DC	17	-0.017146657364002577	-0.26787984286886324	scRNA
GLOM	FSGS_vs_PAT_adj	META	PT	50	0.0031625290345227096	0.29225354662272646	scRNA
GLOM	FSGS_vs_PAT_adj	META	PT_injured	48	0.026631582393112637	0.9550485476660664	scRNA
GLOM	FSGS_vs_PAT_adj	META	LOH	46	0.04842583169192758	1.6378961594515609	scRNA
GLOM	FSGS_vs_PAT_adj	META	DCT	46	0.06480310493011644	2.180026486355531	scRNA
GLOM	FSGS_vs_PAT_adj	META	CNT_PC	47	0.056823534400533296	1.9318204347507868	scRNA
GLOM	FSGS_vs_PAT_adj	META	IC	48	-0.00489227013342682	0.016869922847357728	scRNA
GLOM	FSGS_vs_PAT_adj	META	PODO	48	-0.03476015167768365	-0.9452597995862219	scRNA
GLOM	FSGS_vs_PAT_adj	META	PEC	48	0.09700489219329589	2.9592579743624468	scRNA
GLOM	FSGS_vs_PAT_adj	META	ENDO	47	0.14549495646795116	4.829832809600142	scRNA
GLOM	FSGS_vs_PAT_adj	META	ENDO_PT	50	0.12677384732151165	4.197982413151538	scRNA
GLOM	FSGS_vs_PAT_adj	META	MES	22	0.12483566494881813	2.615636175834653	scRNA
GLOM	FSGS_vs_PAT_adj	META	STROMA	50	-0.07517353117237108	-2.2311089693552084	scRNA
GLOM	FSGS_vs_PAT_adj	META	PERI	49	-0.0009943194695847218	0.15368926562443633	scRNA
GLOM	FSGS_vs_PAT_adj	META	BCELL	45	-0.1270952594739182	-3.6756737688288643	scRNA
GLOM	FSGS_vs_PAT_adj	META	TCELL	49	-0.08984066982581773	-2.629807365487157	scRNA
GLOM	FSGS_vs_PAT_adj	META	NK	49	0.11513643219726609	3.5914198476339507	scRNA
GLOM	FSGS_vs_PAT_adj	META	MAC	49	-0.15120640370186542	-4.439686058954041	scRNA
GLOM	FSGS_vs_PAT_adj	META	DC	17	-0.08882807372888862	-1.511245577712348	scRNA
GLOM	HT_vs_PAT	ERCB_GLOM_H1	PT	30	-0.04016485004685821	-0.22538845654238493	scRNA
GLOM	HT_vs_PAT	ERCB_GLOM_H1	PT_injured	17	0.0733127409920973	0.980199081244768	scRNA
GLOM	HT_vs_PAT	ERCB_GLOM_H1	LOH	23	-0.06631469912827015	-0.42626567351775396	scRNA
GLOM	HT_vs_PAT	ERCB_GLOM_H1	DCT	22	-0.03151040185581553	-0.09309016469772136	scRNA
GLOM	HT_vs_PAT	ERCB_GLOM_H1	CNT_PC	25	-0.2303308517113328	-2.5568695782026825	scRNA
GLOM	HT_vs_PAT	ERCB_GLOM_H1	IC	18	-0.08977064231617582	-0.6757959779470148	scRNA
GLOM	HT_vs_PAT	ERCB_GLOM_H1	PODO	19	0.41775463756762055	4.910967327160777	scRNA
GLOM	HT_vs_PAT	ERCB_GLOM_H1	PEC	28	0.10714425251353532	1.8106940108367222	scRNA
GLOM	HT_vs_PAT	ERCB_GLOM_H1	ENDO	23	0.23131569112529574	3.0957290212591633	scRNA
GLOM	HT_vs_PAT	ERCB_GLOM_H1	ENDO_PT	30	0.1691034839799007	2.7294870167452587	scRNA
GLOM	HT_vs_PAT	ERCB_GLOM_H1	MES	17	0.10022495424046236	1.3496568158367261	scRNA
GLOM	HT_vs_PAT	ERCB_GLOM_H1	STROMA	35	-0.30695848001965453	-4.302051809935128	scRNA
GLOM	HT_vs_PAT	ERCB_GLOM_H1	PERI	32	-0.05175068380776793	-0.3786043031884952	scRNA
GLOM	HT_vs_PAT	ERCB_GLOM_H1	BCELL	29	-0.2817386844805602	-3.409190111704106	scRNA
GLOM	HT_vs_PAT	ERCB_GLOM_H1	TCELL	36	-0.24326442264848286	-3.403764746752354	scRNA
GLOM	HT_vs_PAT	ERCB_GLOM_H1	NK	31	0.010066128305850486	0.4920738744179861	scRNA
GLOM	HT_vs_PAT	ERCB_GLOM_H1	MAC	32	0.030085717429756183	0.8269630946211325	scRNA
GLOM	HT_vs_PAT	ERCB_GLOM_H1	DC	12	-0.2724660573682437	-2.17014478131437	scRNA
GLOM	HT_vs_PAT	META	PT	30	-0.04016485004685821	-0.2518121594874796	scRNA
GLOM	HT_vs_PAT	META	PT_injured	17	0.0733127409920973	1.0024611169697164	scRNA
GLOM	HT_vs_PAT	META	LOH	23	-0.06631469912827015	-0.48817885182562426	scRNA
GLOM	HT_vs_PAT	META	DCT	22	-0.03151040185581553	-0.10002335019041064	scRNA
GLOM	HT_vs_PAT	META	CNT_PC	25	-0.2303308517113328	-2.6564815924395084	scRNA
GLOM	HT_vs_PAT	META	IC	18	-0.08977064231617582	-0.7545556044095746	scRNA
GLOM	HT_vs_PAT	META	PODO	19	0.41775463756762055	4.970732049380263	scRNA
GLOM	HT_vs_PAT	META	PEC	28	0.10714425251353532	1.8059683166550566	scRNA
GLOM	HT_vs_PAT	META	ENDO	23	0.23131569112529574	3.222279179398451	scRNA
GLOM	HT_vs_PAT	META	ENDO_PT	30	0.1691034839799007	2.7388547970229427	scRNA
GLOM	HT_vs_PAT	META	MES	17	0.10022495424046236	1.3835485907853582	scRNA
GLOM	HT_vs_PAT	META	STROMA	35	-0.30695848001965453	-4.087440467215459	scRNA
GLOM	HT_vs_PAT	META	PERI	32	-0.05175068380776793	-0.37772073242926596	scRNA
GLOM	HT_vs_PAT	META	BCELL	29	-0.2817386844805602	-3.3867336781470074	scRNA
GLOM	HT_vs_PAT	META	TCELL	36	-0.24326442264848286	-3.417834428095005	scRNA
GLOM	HT_vs_PAT	META	NK	31	0.010066128305850486	0.42876367880996513	scRNA
GLOM	HT_vs_PAT	META	MAC	32	0.030085717429756183	0.845632149913433	scRNA
GLOM	HT_vs_PAT	META	DC	12	-0.2724660573682437	-2.1306402992919438	scRNA
GLOM	HT_vs_PAT_adj	ERCB_GLOM_H1	PT	30	-0.0879106711995429	-0.8481347096867096	scRNA
GLOM	HT_vs_PAT_adj	ERCB_GLOM_H1	PT_injured	17	0.05684774100140046	0.8465571024489653	scRNA
GLOM	HT_vs_PAT_adj	ERCB_GLOM_H1	LOH	23	-0.08425795979965289	-0.7158356196005822	scRNA
GLOM	HT_vs_PAT_adj	ERCB_GLOM_H1	DCT	22	-0.046823540340318326	-0.2364043314991151	scRNA
GLOM	HT_vs_PAT_adj	ERCB_GLOM_H1	CNT_PC	25	-0.2391323408757881	-2.7229900266745615	scRNA
GLOM	HT_vs_PAT_adj	ERCB_GLOM_H1	IC	18	-0.09519903618656153	-0.7463871725572413	scRNA
GLOM	HT_vs_PAT_adj	ERCB_GLOM_H1	PODO	19	0.41514286068354017	4.82241941139015	scRNA
GLOM	HT_vs_PAT_adj	ERCB_GLOM_H1	PEC	28	0.10946466235466114	1.8330226526913396	scRNA
GLOM	HT_vs_PAT_adj	ERCB_GLOM_H1	ENDO	23	0.2522933890710085	3.362791473416945	scRNA
GLOM	HT_vs_PAT_adj	ERCB_GLOM_H1	ENDO_PT	30	0.18220853897342246	2.8057326013168127	scRNA
GLOM	HT_vs_PAT_adj	ERCB_GLOM_H1	MES	17	0.10860581748090559	1.4615179187931915	scRNA
GLOM	HT_vs_PAT_adj	ERCB_GLOM_H1	STROMA	35	-0.3078304376607962	-4.101789095657803	scRNA
GLOM	HT_vs_PAT_adj	ERCB_GLOM_H1	PERI	32	-0.05056291742948412	-0.3308327591588683	scRNA
GLOM	HT_vs_PAT_adj	ERCB_GLOM_H1	BCELL	29	-0.2774746952735325	-3.359614835082628	scRNA
GLOM	HT_vs_PAT_adj	ERCB_GLOM_H1	TCELL	36	-0.23621104137717022	-3.296787925056399	scRNA
GLOM	HT_vs_PAT_adj	ERCB_GLOM_H1	NK	31	0.025099080594604896	0.6715028836437357	scRNA
GLOM	HT_vs_PAT_adj	ERCB_GLOM_H1	MAC	32	0.05905775308643403	1.2441959020260756	scRNA
GLOM	HT_vs_PAT_adj	ERCB_GLOM_H1	DC	12	-0.26540609865573667	-2.083671205311506	scRNA
GLOM	HT_vs_PAT_adj	META	PT	30	-0.0879106711995429	-0.8435432730625128	scRNA
GLOM	HT_vs_PAT_adj	META	PT_injured	17	0.05684774100140046	0.8746605630817718	scRNA
GLOM	HT_vs_PAT_adj	META	LOH	23	-0.08425795979965289	-0.7051562701244177	scRNA
GLOM	HT_vs_PAT_adj	META	DCT	22	-0.046823540340318326	-0.2799702915342981	scRNA
GLOM	HT_vs_PAT_adj	META	CNT_PC	25	-0.2391323408757881	-2.760953473085275	scRNA
GLOM	HT_vs_PAT_adj	META	IC	18	-0.09519903618656153	-0.6758754577606579	scRNA
GLOM	HT_vs_PAT_adj	META	PODO	19	0.41514286068354017	4.838476286199652	scRNA
GLOM	HT_vs_PAT_adj	META	PEC	28	0.10946466235466114	1.7891273489015633	scRNA
GLOM	HT_vs_PAT_adj	META	ENDO	23	0.2522933890710085	3.395128612985871	scRNA
GLOM	HT_vs_PAT_adj	META	ENDO_PT	30	0.18220853897342246	2.95473757395527	scRNA
GLOM	HT_vs_PAT_adj	META	MES	17	0.10860581748090559	1.3562189396273339	scRNA
GLOM	HT_vs_PAT_adj	META	STROMA	35	-0.3078304376607962	-4.372613016417039	scRNA
GLOM	HT_vs_PAT_adj	META	PERI	32	-0.05056291742948412	-0.37157622923803996	scRNA
GLOM	HT_vs_PAT_adj	META	BCELL	29	-0.2774746952735325	-3.4769236122147924	scRNA
GLOM	HT_vs_PAT_adj	META	TCELL	36	-0.23621104137717022	-3.161184905193252	scRNA
GLOM	HT_vs_PAT_adj	META	NK	31	0.025099080594604896	0.7263856337523328	scRNA
GLOM	HT_vs_PAT_adj	META	MAC	32	0.05905775308643403	1.195392557424166	scRNA
GLOM	HT_vs_PAT_adj	META	DC	12	-0.26540609865573667	-2.1404950932334765	scRNA
GLOM	IgAN_vs_PAT	ERCB_GLOM_H1	PT	30	0.037781008022526895	1.0208543042440936	scRNA
GLOM	IgAN_vs_PAT	ERCB_GLOM_H1	PT_injured	17	0.12629331308690941	1.8150921403772882	scRNA
GLOM	IgAN_vs_PAT	ERCB_GLOM_H1	LOH	23	-0.009298564623231477	0.259742075514952	scRNA
GLOM	IgAN_vs_PAT	ERCB_GLOM_H1	DCT	22	-0.04609475883824581	-0.25131899019175485	scRNA
GLOM	IgAN_vs_PAT	ERCB_GLOM_H1	CNT_PC	25	-0.09805258904932998	-1.0837370315391386	scRNA
GLOM	IgAN_vs_PAT	ERCB_GLOM_H1	IC	18	-0.1272726602231463	-1.2831500571607761	scRNA
GLOM	IgAN_vs_PAT	ERCB_GLOM_H1	PODO	19	0.03927454205327912	0.8172885089530073	scRNA
GLOM	IgAN_vs_PAT	ERCB_GLOM_H1	PEC	28	0.063134859316051	1.3135556264649213	scRNA
GLOM	IgAN_vs_PAT	ERCB_GLOM_H1	ENDO	23	0.1450278061725523	2.2512525681865077	scRNA
GLOM	IgAN_vs_PAT	ERCB_GLOM_H1	ENDO_PT	30	0.025360669195652007	0.8515857126006168	scRNA
GLOM	IgAN_vs_PAT	ERCB_GLOM_H1	MES	17	0.016090008265831852	0.4141832353214305	scRNA
GLOM	IgAN_vs_PAT	ERCB_GLOM_H1	STROMA	35	-0.11167478588010582	-1.5628936217837341	scRNA
GLOM	IgAN_vs_PAT	ERCB_GLOM_H1	PERI	32	-0.15405520384956617	-2.132539151438014	scRNA
GLOM	IgAN_vs_PAT	ERCB_GLOM_H1	BCELL	29	-0.23362778763061967	-3.1369375491966944	scRNA
GLOM	IgAN_vs_PAT	ERCB_GLOM_H1	TCELL	36	-0.2252356717363	-3.424378176781484	scRNA
GLOM	IgAN_vs_PAT	ERCB_GLOM_H1	NK	31	-0.1566726176308528	-2.0654762074603195	scRNA
GLOM	IgAN_vs_PAT	ERCB_GLOM_H1	MAC	32	0.09191276470664887	1.93168894357951	scRNA
GLOM	IgAN_vs_PAT	ERCB_GLOM_H1	DC	12	-0.20373655203729868	-1.718628003104302	scRNA
GLOM	IgAN_vs_PAT	META	PT	30	0.037781008022526895	0.9816458533608643	scRNA
GLOM	IgAN_vs_PAT	META	PT_injured	17	0.12629331308690941	1.8601842749080704	scRNA
GLOM	IgAN_vs_PAT	META	LOH	23	-0.009298564623231477	0.2114164775677128	scRNA
GLOM	IgAN_vs_PAT	META	DCT	22	-0.04609475883824581	-0.1631177137272625	scRNA
GLOM	IgAN_vs_PAT	META	CNT_PC	25	-0.09805258904932998	-1.0644132755074516	scRNA
GLOM	IgAN_vs_PAT	META	IC	18	-0.1272726602231463	-1.2916892210599613	scRNA
GLOM	IgAN_vs_PAT	META	PODO	19	0.03927454205327912	0.8139204093118017	scRNA
GLOM	IgAN_vs_PAT	META	PEC	28	0.063134859316051	1.3635556621776426	scRNA
GLOM	IgAN_vs_PAT	META	ENDO	23	0.1450278061725523	2.3707082541473503	scRNA
GLOM	IgAN_vs_PAT	META	ENDO_PT	30	0.025360669195652007	0.7416179884302746	scRNA
GLOM	IgAN_vs_PAT	META	MES	17	0.016090008265831852	0.4119313910360278	scRNA
GLOM	IgAN_vs_PAT	META	STROMA	35	-0.11167478588010582	-1.5300735898410713	scRNA
GLOM	IgAN_vs_PAT	META	PERI	32	-0.15405520384956617	-2.021755812488167	scRNA
GLOM	IgAN_vs_PAT	META	BCELL	29	-0.23362778763061967	-3.2133602520700673	scRNA
GLOM	IgAN_vs_PAT	META	TCELL	36	-0.2252356717363	-3.3990782780958293	scRNA
GLOM	IgAN_vs_PAT	META	NK	31	-0.1566726176308528	-1.987467231224898	scRNA
GLOM	IgAN_vs_PAT	META	MAC	32	0.09191276470664887	1.8567845146213677	scRNA
GLOM	IgAN_vs_PAT	META	DC	12	-0.20373655203729868	-1.7371375801609146	scRNA
GLOM	IgAN_vs_PAT_adj	ERCB_GLOM_H1	PT	30	0.056063606408131385	1.2107282463729583	scRNA
GLOM	IgAN_vs_PAT_adj	ERCB_GLOM_H1	PT_injured	17	0.15602022542807248	2.1012645246913793	scRNA
GLOM	IgAN_vs_PAT_adj	ERCB_GLOM_H1	LOH	23	-0.007658619337526479	0.1894677798377796	scRNA
GLOM	IgAN_vs_PAT_adj	ERCB_GLOM_H1	DCT	22	-0.051497432755058116	-0.3739477821576449	scRNA
GLOM	IgAN_vs_PAT_adj	ERCB_GLOM_H1	CNT_PC	25	-0.09942931249708478	-1.1216061976984153	scRNA
GLOM	IgAN_vs_PAT_adj	ERCB_GLOM_H1	IC	18	-0.1312061485395427	-1.3215419758747342	scRNA
GLOM	IgAN_vs_PAT_adj	ERCB_GLOM_H1	PODO	19	0.03807417766936247	0.7063019351231249	scRNA
GLOM	IgAN_vs_PAT_adj	ERCB_GLOM_H1	PEC	28	0.06488840145119888	1.3032427081281082	scRNA
GLOM	IgAN_vs_PAT_adj	ERCB_GLOM_H1	ENDO	23	0.15474983616846316	2.3564311659898864	scRNA
GLOM	IgAN_vs_PAT_adj	ERCB_GLOM_H1	ENDO_PT	30	0.02716509137624559	0.847092737039692	scRNA
GLOM	IgAN_vs_PAT_adj	ERCB_GLOM_H1	MES	17	0.018120408167465987	0.42255764606853236	scRNA
GLOM	IgAN_vs_PAT_adj	ERCB_GLOM_H1	STROMA	35	-0.11165395484360707	-1.3846351966194432	scRNA
GLOM	IgAN_vs_PAT_adj	ERCB_GLOM_H1	PERI	32	-0.15555393260916997	-2.101333730948639	scRNA
GLOM	IgAN_vs_PAT_adj	ERCB_GLOM_H1	BCELL	29	-0.23432190789364757	-3.192155829102937	scRNA
GLOM	IgAN_vs_PAT_adj	ERCB_GLOM_H1	TCELL	36	-0.22692817537132315	-3.5329463867795945	scRNA
GLOM	IgAN_vs_PAT_adj	ERCB_GLOM_H1	NK	31	-0.15652070948773247	-2.0711374034918784	scRNA
GLOM	IgAN_vs_PAT_adj	ERCB_GLOM_H1	MAC	32	0.10409513594077494	2.1313770331660002	scRNA
GLOM	IgAN_vs_PAT_adj	ERCB_GLOM_H1	DC	12	-0.20501404830319633	-1.7179288677425526	scRNA
GLOM	IgAN_vs_PAT_adj	META	PT	30	0.056063606408131385	1.2432709193885032	scRNA
GLOM	IgAN_vs_PAT_adj	META	PT_injured	17	0.15602022542807248	1.9364955209755443	scRNA
GLOM	IgAN_vs_PAT_adj	META	LOH	23	-0.007658619337526479	0.2233269692088972	scRNA
GLOM	IgAN_vs_PAT_adj	META	DCT	22	-0.051497432755058116	-0.3391192592514517	scRNA
GLOM	IgAN_vs_PAT_adj	META	CNT_PC	25	-0.09942931249708478	-1.0497562060816839	scRNA
GLOM	IgAN_vs_PAT_adj	META	IC	18	-0.1312061485395427	-1.3022469133553018	scRNA
GLOM	IgAN_vs_PAT_adj	META	PODO	19	0.03807417766936247	0.775877447191955	scRNA
GLOM	IgAN_vs_PAT_adj	META	PEC	28	0.06488840145119888	1.2680884702799362	scRNA
GLOM	IgAN_vs_PAT_adj	META	ENDO	23	0.15474983616846316	2.347528810679627	scRNA
GLOM	IgAN_vs_PAT_adj	META	ENDO_PT	30	0.02716509137624559	0.7286253921906736	scRNA
GLOM	IgAN_vs_PAT_adj	META	MES	17	0.018120408167465987	0.5430129307736681	scRNA
GLOM	IgAN_vs_PAT_adj	META	STROMA	35	-0.11165395484360707	-1.3999220320976429	scRNA
GLOM	IgAN_vs_PAT_adj	META	PERI	32	-0.15555393260916997	-2.063856130383519	scRNA
GLOM	IgAN_vs_PAT_adj	META	BCELL	29	-0.23432190789364757	-3.244220732086509	scRNA
GLOM	IgAN_vs_PAT_adj	META	TCELL	36	-0.22692817537132315	-3.2376828267902575	scRNA
GLOM	IgAN_vs_PAT_adj	META	NK	31	-0.15652070948773247	-2.0809916603677427	scRNA
GLOM	IgAN_vs_PAT_adj	META	MAC	32	0.10409513594077494	2.0187520553569382	scRNA
GLOM	IgAN_vs_PAT_adj	META	DC	12	-0.20501404830319633	-1.6718910935205356	scRNA
GLOM	LN_vs_PAT	ERCB_GLOM_H1	PT	30	0.0030270742989765803	-0.2884276789577661	scRNA
GLOM	LN_vs_PAT	ERCB_GLOM_H1	PT_injured	17	-0.39665915948503155	-1.373101225990595	scRNA
GLOM	LN_vs_PAT	ERCB_GLOM_H1	LOH	23	-0.049795357753401215	-0.46269555892461045	scRNA
GLOM	LN_vs_PAT	ERCB_GLOM_H1	DCT	22	-0.03783251937817444	-0.3547266588705029	scRNA
GLOM	LN_vs_PAT	ERCB_GLOM_H1	CNT_PC	25	0.4532205376029015	1.36055804155664	scRNA
GLOM	LN_vs_PAT	ERCB_GLOM_H1	IC	18	0.37454019186811316	0.9213048123157268	scRNA
GLOM	LN_vs_PAT	ERCB_GLOM_H1	PODO	19	-0.2845085345600781	-1.1027773186022727	scRNA
GLOM	LN_vs_PAT	ERCB_GLOM_H1	PEC	28	-0.3136597619159147	-1.384753084151355	scRNA
GLOM	LN_vs_PAT	ERCB_GLOM_H1	ENDO	23	-0.2562733334691628	-1.2448530428080151	scRNA
GLOM	LN_vs_PAT	ERCB_GLOM_H1	ENDO_PT	30	0.025818492045315607	-0.19459147308926045	scRNA
GLOM	LN_vs_PAT	ERCB_GLOM_H1	MES	17	0.009890376644976006	-0.23353815489843152	scRNA
GLOM	LN_vs_PAT	ERCB_GLOM_H1	STROMA	35	0.378793935464429	1.2587958291294006	scRNA
GLOM	LN_vs_PAT	ERCB_GLOM_H1	PERI	32	0.6113265214953572	2.165268164191433	scRNA
GLOM	LN_vs_PAT	ERCB_GLOM_H1	BCELL	29	1.0179722443351458	3.6111891807613903	scRNA
GLOM	LN_vs_PAT	ERCB_GLOM_H1	TCELL	36	0.8866121071494288	3.457489818466879	scRNA
GLOM	LN_vs_PAT	ERCB_GLOM_H1	NK	31	0.5673607113140244	1.9488756604457507	scRNA
GLOM	LN_vs_PAT	ERCB_GLOM_H1	MAC	32	0.6760507498547668	2.4129434916260544	scRNA
GLOM	LN_vs_PAT	ERCB_GLOM_H1	DC	12	1.0546727118392785	2.4639519739184514	scRNA
GLOM	LN_vs_PAT	META	PT	30	0.0030270742989765803	-0.32053255260989494	scRNA
GLOM	LN_vs_PAT	META	PT_injured	17	-0.39665915948503155	-1.431538726761174	scRNA
GLOM	LN_vs_PAT	META	LOH	23	-0.049795357753401215	-0.426702297894299	scRNA
GLOM	LN_vs_PAT	META	DCT	22	-0.03783251937817444	-0.3569348374807527	scRNA
GLOM	LN_vs_PAT	META	CNT_PC	25	0.4532205376029015	1.320940659955799	scRNA
GLOM	LN_vs_PAT	META	IC	18	0.37454019186811316	0.9907105964342702	scRNA
GLOM	LN_vs_PAT	META	PODO	19	-0.2845085345600781	-1.167951403405453	scRNA
GLOM	LN_vs_PAT	META	PEC	28	-0.3136597619159147	-1.5004575130896256	scRNA
GLOM	LN_vs_PAT	META	ENDO	23	-0.2562733334691628	-1.1257052253976798	scRNA
GLOM	LN_vs_PAT	META	ENDO_PT	30	0.025818492045315607	-0.23586104670135746	scRNA
GLOM	LN_vs_PAT	META	MES	17	0.009890376644976006	-0.2247952196322668	scRNA
GLOM	LN_vs_PAT	META	STROMA	35	0.378793935464429	1.3722947751338368	scRNA
GLOM	LN_vs_PAT	META	PERI	32	0.6113265214953572	2.133825624172832	scRNA
GLOM	LN_vs_PAT	META	BCELL	29	1.0179722443351458	3.739070472202136	scRNA
GLOM	LN_vs_PAT	META	TCELL	36	0.8866121071494288	3.561265528498282	scRNA
GLOM	LN_vs_PAT	META	NK	31	0.5673607113140244	2.0502356806306268	scRNA
GLOM	LN_vs_PAT	META	MAC	32	0.6760507498547668	2.433447653884114	scRNA
GLOM	LN_vs_PAT	META	DC	12	1.0546727118392785	2.466207452506794	scRNA
GLOM	LN_vs_PAT_adj	ERCB_GLOM_H1	PT	30	0.32162057831068275	1.0069814433246729	scRNA
GLOM	LN_vs_PAT_adj	ERCB_GLOM_H1	PT_injured	17	-0.2340735489345404	-0.928530778908015	scRNA
GLOM	LN_vs_PAT_adj	ERCB_GLOM_H1	LOH	23	0.05319279344014477	-0.10751688890236498	scRNA
GLOM	LN_vs_PAT_adj	ERCB_GLOM_H1	DCT	22	0.058767348012091006	-0.0178311980884838	scRNA
GLOM	LN_vs_PAT_adj	ERCB_GLOM_H1	CNT_PC	25	0.4795332349090714	1.5212301919440572	scRNA
GLOM	LN_vs_PAT_adj	ERCB_GLOM_H1	IC	18	0.42030941851581866	1.1439592020223526	scRNA
GLOM	LN_vs_PAT_adj	ERCB_GLOM_H1	PODO	19	-0.25977670135643394	-1.0396114554916498	scRNA
GLOM	LN_vs_PAT_adj	ERCB_GLOM_H1	PEC	28	-0.3123993235832205	-1.5707988927645848	scRNA
GLOM	LN_vs_PAT_adj	ERCB_GLOM_H1	ENDO	23	-0.3460534178088667	-1.5914108099834308	scRNA
GLOM	LN_vs_PAT_adj	ERCB_GLOM_H1	ENDO_PT	30	-0.03533589765168783	-0.46957236776206257	scRNA
GLOM	LN_vs_PAT_adj	ERCB_GLOM_H1	MES	17	-0.02937202164363481	-0.3507801116911696	scRNA
GLOM	LN_vs_PAT_adj	ERCB_GLOM_H1	STROMA	35	0.3620757250031519	1.2349992087811765	scRNA
GLOM	LN_vs_PAT_adj	ERCB_GLOM_H1	PERI	32	0.5862172667662026	2.156706462586657	scRNA
GLOM	LN_vs_PAT_adj	ERCB_GLOM_H1	BCELL	29	0.9350212871857494	3.506240923402554	scRNA
GLOM	LN_vs_PAT_adj	ERCB_GLOM_H1	TCELL	36	0.8054969038437307	3.379696284456934	scRNA
GLOM	LN_vs_PAT_adj	ERCB_GLOM_H1	NK	31	0.4705747500319217	1.7112718127171438	scRNA
GLOM	LN_vs_PAT_adj	ERCB_GLOM_H1	MAC	32	0.555470323826435	2.086150409473008	scRNA
GLOM	LN_vs_PAT_adj	ERCB_GLOM_H1	DC	12	0.9748763471849012	2.431835933604168	scRNA
GLOM	LN_vs_PAT_adj	META	PT	30	0.32162057831068275	1.03464409647961	scRNA
GLOM	LN_vs_PAT_adj	META	PT_injured	17	-0.2340735489345404	-0.9744571420854206	scRNA
GLOM	LN_vs_PAT_adj	META	LOH	23	0.05319279344014477	-0.09674422388670005	scRNA
GLOM	LN_vs_PAT_adj	META	DCT	22	0.058767348012091006	-0.12272331734996722	scRNA
GLOM	LN_vs_PAT_adj	META	CNT_PC	25	0.4795332349090714	1.5911243060552012	scRNA
GLOM	LN_vs_PAT_adj	META	IC	18	0.42030941851581866	1.2193879130150451	scRNA
GLOM	LN_vs_PAT_adj	META	PODO	19	-0.25977670135643394	-1.1666987377660658	scRNA
GLOM	LN_vs_PAT_adj	META	PEC	28	-0.3123993235832205	-1.6227406203928312	scRNA
GLOM	LN_vs_PAT_adj	META	ENDO	23	-0.3460534178088667	-1.650443592337428	scRNA
GLOM	LN_vs_PAT_adj	META	ENDO_PT	30	-0.03533589765168783	-0.39228767436581563	scRNA
GLOM	LN_vs_PAT_adj	META	MES	17	-0.02937202164363481	-0.322083175413338	scRNA
GLOM	LN_vs_PAT_adj	META	STROMA	35	0.3620757250031519	1.3486151452254376	scRNA
GLOM	LN_vs_PAT_adj	META	PERI	32	0.5862172667662026	2.220409811304996	scRNA
GLOM	LN_vs_PAT_adj	META	BCELL	29	0.9350212871857494	3.604239199007496	scRNA
GLOM	LN_vs_PAT_adj	META	TCELL	36	0.8054969038437307	3.1276129673038513	scRNA
GLOM	LN_vs_PAT_adj	META	NK	31	0.4705747500319217	1.7330920457858112	scRNA
GLOM	LN_vs_PAT_adj	META	MAC	32	0.555470323826435	2.0762945300341364	scRNA
GLOM	LN_vs_PAT_adj	META	DC	12	0.9748763471849012	2.4141294146342216	scRNA
GLOM	MCD_vs_PAT	ERCB_GLOM_H1	PT	30	-0.16824542875401677	-2.0855679345578593	scRNA
GLOM	MCD_vs_PAT	ERCB_GLOM_H1	PT_injured	17	-0.1054314080187503	-0.9157174056587186	scRNA
GLOM	MCD_vs_PAT	ERCB_GLOM_H1	LOH	23	-0.17631730664035547	-1.9566655206134438	scRNA
GLOM	MCD_vs_PAT	ERCB_GLOM_H1	DCT	22	-0.14894122977487065	-1.551670235269905	scRNA
GLOM	MCD_vs_PAT	ERCB_GLOM_H1	CNT_PC	25	-0.35855211183428765	-4.183177169805996	scRNA
GLOM	MCD_vs_PAT	ERCB_GLOM_H1	IC	18	-0.23414888522691196	-2.316996537810917	scRNA
GLOM	MCD_vs_PAT	ERCB_GLOM_H1	PODO	19	0.21701366042620257	2.4164553871966725	scRNA
GLOM	MCD_vs_PAT	ERCB_GLOM_H1	PEC	28	0.07778715801292233	1.166412743478312	scRNA
GLOM	MCD_vs_PAT	ERCB_GLOM_H1	ENDO	23	0.38182082205362944	4.556525028955301	scRNA
GLOM	MCD_vs_PAT	ERCB_GLOM_H1	ENDO_PT	30	0.05376121823986371	0.9708450460796508	scRNA
GLOM	MCD_vs_PAT	ERCB_GLOM_H1	MES	17	-0.07687919762204676	-0.6859875422987016	scRNA
GLOM	MCD_vs_PAT	ERCB_GLOM_H1	STROMA	35	-0.3654965773224831	-5.316298825995739	scRNA
GLOM	MCD_vs_PAT	ERCB_GLOM_H1	PERI	32	-0.2819767037581187	-3.778683447917353	scRNA
GLOM	MCD_vs_PAT	ERCB_GLOM_H1	BCELL	29	-0.33640138149775306	-4.2701714285691015	scRNA
GLOM	MCD_vs_PAT	ERCB_GLOM_H1	TCELL	36	-0.2806563528202888	-3.8016137287871232	scRNA
GLOM	MCD_vs_PAT	ERCB_GLOM_H1	NK	31	-0.29353310510275826	-3.889455850930574	scRNA
GLOM	MCD_vs_PAT	ERCB_GLOM_H1	MAC	32	-0.24392815574537963	-3.1353504755089303	scRNA
GLOM	MCD_vs_PAT	ERCB_GLOM_H1	DC	12	-0.32860998638595146	-2.6433761725206857	scRNA
GLOM	MCD_vs_PAT	ERCB_GLOM_H7	PT	30	0.9163376249372959	6.901209914502816	scRNA
GLOM	MCD_vs_PAT	ERCB_GLOM_H7	PT_injured	17	0.7874938810572905	4.384949644099106	scRNA
GLOM	MCD_vs_PAT	ERCB_GLOM_H7	LOH	23	0.15998717838817317	0.7407004067656705	scRNA
GLOM	MCD_vs_PAT	ERCB_GLOM_H7	DCT	22	0.2306580375880003	1.1800556682627457	scRNA
GLOM	MCD_vs_PAT	ERCB_GLOM_H7	CNT_PC	25	0.0462046578526497	-0.145787009772445	scRNA
GLOM	MCD_vs_PAT	ERCB_GLOM_H7	IC	18	-0.13296127324509951	-1.3382519554909944	scRNA
GLOM	MCD_vs_PAT	ERCB_GLOM_H7	PODO	19	0.3408816491106623	1.7821924149806763	scRNA
GLOM	MCD_vs_PAT	ERCB_GLOM_H7	PEC	28	0.12368935479649476	0.49734747658971934	scRNA
GLOM	MCD_vs_PAT	ERCB_GLOM_H7	ENDO	23	-0.17813853129906498	-1.748548819176746	scRNA
GLOM	MCD_vs_PAT	ERCB_GLOM_H7	ENDO_PT	30	-0.2770031725987792	-2.8129317179416207	scRNA
GLOM	MCD_vs_PAT	ERCB_GLOM_H7	MES	17	-0.44245151605676203	-3.244442529722521	scRNA
GLOM	MCD_vs_PAT	ERCB_GLOM_H7	STROMA	35	-0.23578416063849414	-2.802467843022558	scRNA
GLOM	MCD_vs_PAT	ERCB_GLOM_H7	PERI	32	0.13965976191684604	0.6424991793283249	scRNA
GLOM	MCD_vs_PAT	ERCB_GLOM_H7	BCELL	29	-0.04444891869507987	-0.9302307119470719	scRNA
GLOM	MCD_vs_PAT	ERCB_GLOM_H7	TCELL	36	-0.3470374632807862	-3.8280380312641107	scRNA
GLOM	MCD_vs_PAT	ERCB_GLOM_H7	NK	31	-0.4393634209709783	-4.157366508469354	scRNA
GLOM	MCD_vs_PAT	ERCB_GLOM_H7	MAC	32	-1.2087271963246167	-11.48448057560966	scRNA
GLOM	MCD_vs_PAT	ERCB_GLOM_H7	DC	12	-0.2061386953185623	-1.4735132631150385	scRNA
GLOM	MCD_vs_PAT	GSE108109-GPL19983	PT	48	0.15985486252854267	3.748461755116263	scRNA
GLOM	MCD_vs_PAT	GSE108109-GPL19983	PT_injured	48	-0.004982865269994377	-0.07124699583743628	scRNA
GLOM	MCD_vs_PAT	GSE108109-GPL19983	LOH	46	-0.03345250972020236	-0.8091791471674676	scRNA
GLOM	MCD_vs_PAT	GSE108109-GPL19983	DCT	46	0.0176260342092934	0.40529792600193887	scRNA
GLOM	MCD_vs_PAT	GSE108109-GPL19983	CNT_PC	47	-0.09411830795889205	-2.1419502928813383	scRNA
GLOM	MCD_vs_PAT	GSE108109-GPL19983	IC	48	-0.0308206561409558	-0.7152210683893564	scRNA
GLOM	MCD_vs_PAT	GSE108109-GPL19983	PODO	48	0.06694158300888375	1.5052498998464594	scRNA
GLOM	MCD_vs_PAT	GSE108109-GPL19983	PEC	48	-0.06316934921778738	-1.483340442636706	scRNA
GLOM	MCD_vs_PAT	GSE108109-GPL19983	ENDO	47	0.23947157326372379	5.562203592492792	scRNA
GLOM	MCD_vs_PAT	GSE108109-GPL19983	ENDO_PT	49	0.16667074375941504	3.953366270856447	scRNA
GLOM	MCD_vs_PAT	GSE108109-GPL19983	MES	22	0.19953058490698988	3.159323564556315	scRNA
GLOM	MCD_vs_PAT	GSE108109-GPL19983	STROMA	49	-0.13584999757229674	-3.3078130443504263	scRNA
GLOM	MCD_vs_PAT	GSE108109-GPL19983	PERI	49	-0.03995863117003809	-0.9713701021984401	scRNA
GLOM	MCD_vs_PAT	GSE108109-GPL19983	BCELL	44	0.010670905340124272	0.24850589719112753	scRNA
GLOM	MCD_vs_PAT	GSE108109-GPL19983	TCELL	47	-0.03072975959351406	-0.7513011479578413	scRNA
GLOM	MCD_vs_PAT	GSE108109-GPL19983	NK	49	0.06564856946886498	1.5915866720961245	scRNA
GLOM	MCD_vs_PAT	GSE108109-GPL19983	MAC	49	-0.18304737718129643	-4.457821199112776	scRNA
GLOM	MCD_vs_PAT	GSE108109-GPL19983	DC	17	-0.0824731115032645	-1.1636071832224377	scRNA
GLOM	MCD_vs_PAT	META	PT	50	0.24688399651553483	5.795528388804588	scRNA
GLOM	MCD_vs_PAT	META	PT_injured	48	0.06486851424819581	1.3102304348794072	scRNA
GLOM	MCD_vs_PAT	META	LOH	46	-0.01920892834069504	-0.7120277544416683	scRNA
GLOM	MCD_vs_PAT	META	DCT	46	0.022558200656298447	0.24284477650905292	scRNA
GLOM	MCD_vs_PAT	META	CNT_PC	47	-0.11812638623494627	-3.050401356474917	scRNA
GLOM	MCD_vs_PAT	META	IC	48	-0.08107490490268296	-2.266751172216276	scRNA
GLOM	MCD_vs_PAT	META	PODO	48	0.11270234089372227	2.367097577204891	scRNA
GLOM	MCD_vs_PAT	META	PEC	48	0.006094543767782542	-0.15465202812613812	scRNA
GLOM	MCD_vs_PAT	META	ENDO	47	0.17895011271594471	3.7994872790460463	scRNA
GLOM	MCD_vs_PAT	META	ENDO_PT	50	0.05466905756649793	0.9822921369423391	scRNA
GLOM	MCD_vs_PAT	META	MES	22	-0.044277302807930734	-0.9631837871471747	scRNA
GLOM	MCD_vs_PAT	META	STROMA	50	-0.20050942317893106	-5.218363082661444	scRNA
GLOM	MCD_vs_PAT	META	PERI	49	-0.02912160111786234	-0.9855738356561353	scRNA
GLOM	MCD_vs_PAT	META	BCELL	45	-0.07333267302148871	-2.042258187876853	scRNA
GLOM	MCD_vs_PAT	META	TCELL	49	-0.1594418064520067	-4.2740519681623255	scRNA
GLOM	MCD_vs_PAT	META	NK	49	-0.13472731080425737	-3.6558422158336206	scRNA
GLOM	MCD_vs_PAT	META	MAC	49	-0.41851553252461005	-10.814911226352365	scRNA
GLOM	MCD_vs_PAT	META	DC	17	-0.17701001221533202	-2.6952761691634484	scRNA
GLOM	MCD_vs_PAT_adj	ERCB_GLOM_H1	PT	30	-0.2379876257027667	-2.8227419398779006	scRNA
GLOM	MCD_vs_PAT_adj	ERCB_GLOM_H1	PT_injured	17	-0.12685799996799912	-1.0937871617201043	scRNA
GLOM	MCD_vs_PAT_adj	ERCB_GLOM_H1	LOH	23	-0.20291931916997855	-2.2015377399727787	scRNA
GLOM	MCD_vs_PAT_adj	ERCB_GLOM_H1	DCT	22	-0.16769990583583785	-1.7333592954794148	scRNA
GLOM	MCD_vs_PAT_adj	ERCB_GLOM_H1	CNT_PC	25	-0.3730586433987021	-4.261207180311399	scRNA
GLOM	MCD_vs_PAT_adj	ERCB_GLOM_H1	IC	18	-0.2426361771507695	-2.3128715575897294	scRNA
GLOM	MCD_vs_PAT_adj	ERCB_GLOM_H1	PODO	19	0.21462295396695383	2.4644009442367563	scRNA
GLOM	MCD_vs_PAT_adj	ERCB_GLOM_H1	PEC	28	0.07782422706624306	1.257116394203365	scRNA
GLOM	MCD_vs_PAT_adj	ERCB_GLOM_H1	ENDO	23	0.4058728543392646	4.995989603846396	scRNA
GLOM	MCD_vs_PAT_adj	ERCB_GLOM_H1	ENDO_PT	30	0.0657125036981119	1.1223902404804194	scRNA
GLOM	MCD_vs_PAT_adj	ERCB_GLOM_H1	MES	17	-0.07180164005496556	-0.5801746126750412	scRNA
GLOM	MCD_vs_PAT_adj	ERCB_GLOM_H1	STROMA	35	-0.36597280742820976	-5.063469499924083	scRNA
GLOM	MCD_vs_PAT_adj	ERCB_GLOM_H1	PERI	32	-0.28579709749710047	-3.4622037526115452	scRNA
GLOM	MCD_vs_PAT_adj	ERCB_GLOM_H1	BCELL	29	-0.33532915510056627	-4.2632270440561815	scRNA
GLOM	MCD_vs_PAT_adj	ERCB_GLOM_H1	TCELL	36	-0.27670524799598956	-3.9207811272931288	scRNA
GLOM	MCD_vs_PAT_adj	ERCB_GLOM_H1	NK	31	-0.29193790929349	-3.671129205867544	scRNA
GLOM	MCD_vs_PAT_adj	ERCB_GLOM_H1	MAC	32	-0.24953902640240766	-3.0923734356021075	scRNA
GLOM	MCD_vs_PAT_adj	ERCB_GLOM_H1	DC	12	-0.3303492610942412	-2.574439954779769	scRNA
GLOM	MCD_vs_PAT_adj	ERCB_GLOM_H7	PT	30	-0.057635372330149245	-1.4571936020297267	scRNA
GLOM	MCD_vs_PAT_adj	ERCB_GLOM_H7	PT_injured	17	0.01433273764724512	-0.41516943682267476	scRNA
GLOM	MCD_vs_PAT_adj	ERCB_GLOM_H7	LOH	23	-0.2511613665985184	-3.188155054988402	scRNA
GLOM	MCD_vs_PAT_adj	ERCB_GLOM_H7	DCT	22	-0.17716995472007058	-2.4381209927912666	scRNA
GLOM	MCD_vs_PAT_adj	ERCB_GLOM_H7	CNT_PC	25	-0.20534000715869422	-2.880278933742365	scRNA
GLOM	MCD_vs_PAT_adj	ERCB_GLOM_H7	IC	18	-0.28793394773463565	-3.231389825045701	scRNA
GLOM	MCD_vs_PAT_adj	ERCB_GLOM_H7	PODO	19	0.2682486585448099	1.814082973060191	scRNA
GLOM	MCD_vs_PAT_adj	ERCB_GLOM_H7	PEC	28	-0.014895792476457241	-0.8599182578132517	scRNA
GLOM	MCD_vs_PAT_adj	ERCB_GLOM_H7	ENDO	23	0.11259988700349964	0.44386195588132654	scRNA
GLOM	MCD_vs_PAT_adj	ERCB_GLOM_H7	ENDO_PT	30	0.027475710064015536	-0.41803724464021236	scRNA
GLOM	MCD_vs_PAT_adj	ERCB_GLOM_H7	MES	17	-0.03853025309962939	-0.9119852709776931	scRNA
GLOM	MCD_vs_PAT_adj	ERCB_GLOM_H7	STROMA	35	-0.12232363286666566	-2.292251750354785	scRNA
GLOM	MCD_vs_PAT_adj	ERCB_GLOM_H7	PERI	32	0.061185719630715826	-0.13218262847717369	scRNA
GLOM	MCD_vs_PAT_adj	ERCB_GLOM_H7	BCELL	29	0.06583268379637641	-0.04144879480495189	scRNA
GLOM	MCD_vs_PAT_adj	ERCB_GLOM_H7	TCELL	36	-0.15045898646915	-2.864110572514691	scRNA
GLOM	MCD_vs_PAT_adj	ERCB_GLOM_H7	NK	31	-0.22443124464848918	-3.351753550567064	scRNA
GLOM	MCD_vs_PAT_adj	ERCB_GLOM_H7	MAC	32	-0.7175672174141015	-9.43713270027353	scRNA
GLOM	MCD_vs_PAT_adj	ERCB_GLOM_H7	DC	12	-0.05829297398091072	-0.9269690113580781	scRNA
GLOM	MCD_vs_PAT_adj	GSE108109-GPL19983	PT	48	0.011241262808614863	0.2084073555652494	scRNA
GLOM	MCD_vs_PAT_adj	GSE108109-GPL19983	PT_injured	48	-0.10401248954193527	-2.3219707099557065	scRNA
GLOM	MCD_vs_PAT_adj	GSE108109-GPL19983	LOH	46	-0.08034509187695742	-1.838106758368106	scRNA
GLOM	MCD_vs_PAT_adj	GSE108109-GPL19983	DCT	46	-0.0038395376979328904	-0.11289402217630534	scRNA
GLOM	MCD_vs_PAT_adj	GSE108109-GPL19983	CNT_PC	47	-0.11911835681114351	-2.75096663609135	scRNA
GLOM	MCD_vs_PAT_adj	GSE108109-GPL19983	IC	48	-0.04702983069291259	-1.1675829753120257	scRNA
GLOM	MCD_vs_PAT_adj	GSE108109-GPL19983	PODO	48	0.041429204082189766	0.9428988641638398	scRNA
GLOM	MCD_vs_PAT_adj	GSE108109-GPL19983	PEC	48	-0.06976933511297219	-1.6497278392949537	scRNA
GLOM	MCD_vs_PAT_adj	GSE108109-GPL19983	ENDO	47	0.27065258816684507	6.087627466645757	scRNA
GLOM	MCD_vs_PAT_adj	GSE108109-GPL19983	ENDO_PT	49	0.20240868482495822	4.709453695138729	scRNA
GLOM	MCD_vs_PAT_adj	GSE108109-GPL19983	MES	22	0.22664194126798598	3.607342338848214	scRNA
GLOM	MCD_vs_PAT_adj	GSE108109-GPL19983	STROMA	49	-0.11341474387125292	-2.6610851722869686	scRNA
GLOM	MCD_vs_PAT_adj	GSE108109-GPL19983	PERI	49	-0.030648251946774535	-0.693617350234401	scRNA
GLOM	MCD_vs_PAT_adj	GSE108109-GPL19983	BCELL	44	0.0320357131573476	0.626937002721008	scRNA
GLOM	MCD_vs_PAT_adj	GSE108109-GPL19983	TCELL	47	-0.003958390666231735	-0.02152334500671818	scRNA
GLOM	MCD_vs_PAT_adj	GSE108109-GPL19983	NK	49	0.0992015083598035	2.3375147833263856	scRNA
GLOM	MCD_vs_PAT_adj	GSE108109-GPL19983	MAC	49	-0.11923192938944192	-2.8119770589547097	scRNA
GLOM	MCD_vs_PAT_adj	GSE108109-GPL19983	DC	17	-0.045827810644460266	-0.7031024686129382	scRNA
GLOM	MCD_vs_PAT_adj	META	PT	50	-0.059220164415223556	-1.8258139300120264	scRNA
GLOM	MCD_vs_PAT_adj	META	PT_injured	48	-0.10169198821067149	-2.8821554083301075	scRNA
GLOM	MCD_vs_PAT_adj	META	LOH	46	-0.12174518431099987	-3.2264694277377917	scRNA
GLOM	MCD_vs_PAT_adj	META	DCT	46	-0.057179948573322176	-1.7630279055221343	scRNA
GLOM	MCD_vs_PAT_adj	META	CNT_PC	47	-0.17880106976303678	-4.552828414732466	scRNA
GLOM	MCD_vs_PAT_adj	META	IC	48	-0.1177365873479513	-3.195086922275877	scRNA
GLOM	MCD_vs_PAT_adj	META	PODO	48	0.08328699459111735	1.8145932768506852	scRNA
GLOM	MCD_vs_PAT_adj	META	PEC	48	-0.02443014905090951	-0.9848804733845234	scRNA
GLOM	MCD_vs_PAT_adj	META	ENDO	47	0.2506306909327619	6.128399603512326	scRNA
GLOM	MCD_vs_PAT_adj	META	ENDO_PT	50	0.1405830220757839	3.13859265581767	scRNA
GLOM	MCD_vs_PAT_adj	META	MES	22	0.07540439413162173	1.0429915397775704	scRNA
GLOM	MCD_vs_PAT_adj	META	STROMA	50	-0.16256906887138445	-4.4562788242518705	scRNA
GLOM	MCD_vs_PAT_adj	META	PERI	49	-0.04015762475935329	-1.336640647740391	scRNA
GLOM	MCD_vs_PAT_adj	META	BCELL	45	-0.03662807633967533	-1.2201176223508499	scRNA
GLOM	MCD_vs_PAT_adj	META	TCELL	49	-0.09770147774975206	-2.747745643968719	scRNA
GLOM	MCD_vs_PAT_adj	META	NK	49	-0.07190149255035355	-2.1949634017367856	scRNA
GLOM	MCD_vs_PAT_adj	META	MAC	49	-0.27803356077565017	-7.246647407845237	scRNA
GLOM	MCD_vs_PAT_adj	META	DC	17	-0.12466885915656241	-2.066190497952663	scRNA
GLOM	MN_vs_PAT	ERCB_GLOM_H1	PT	30	0.1778052522490422	1.9317101668306798	scRNA
GLOM	MN_vs_PAT	ERCB_GLOM_H1	PT_injured	17	0.23554475232958794	1.9779167003360443	scRNA
GLOM	MN_vs_PAT	ERCB_GLOM_H1	LOH	23	0.19808928951944993	1.9358309269613772	scRNA
GLOM	MN_vs_PAT	ERCB_GLOM_H1	DCT	22	0.13227408171885394	1.2452307263586484	scRNA
GLOM	MN_vs_PAT	ERCB_GLOM_H1	CNT_PC	25	-0.023446818389929833	-0.3981227903993652	scRNA
GLOM	MN_vs_PAT	ERCB_GLOM_H1	IC	18	-0.04107516424523458	-0.4680035879488101	scRNA
GLOM	MN_vs_PAT	ERCB_GLOM_H1	PODO	19	0.25726026335829183	2.207056844998197	scRNA
GLOM	MN_vs_PAT	ERCB_GLOM_H1	PEC	28	0.039393131454874365	0.24020809624253883	scRNA
GLOM	MN_vs_PAT	ERCB_GLOM_H1	ENDO	23	-0.09927472601766171	-1.1758472842039693	scRNA
GLOM	MN_vs_PAT	ERCB_GLOM_H1	ENDO_PT	30	-0.20818563078840574	-2.602116386935584	scRNA
GLOM	MN_vs_PAT	ERCB_GLOM_H1	MES	17	-0.002160422942217662	-0.15919197070996888	scRNA
GLOM	MN_vs_PAT	ERCB_GLOM_H1	STROMA	35	-0.03628135797168527	-0.6424723685702463	scRNA
GLOM	MN_vs_PAT	ERCB_GLOM_H1	PERI	32	-0.06257524230750278	-1.0071284306045858	scRNA
GLOM	MN_vs_PAT	ERCB_GLOM_H1	BCELL	29	-0.22908773311767086	-2.9024762970350406	scRNA
GLOM	MN_vs_PAT	ERCB_GLOM_H1	TCELL	36	-0.3771172271420558	-5.108864971966114	scRNA
GLOM	MN_vs_PAT	ERCB_GLOM_H1	NK	31	-0.2948466490413393	-3.878904963358451	scRNA
GLOM	MN_vs_PAT	ERCB_GLOM_H1	MAC	32	-0.766856006346643	-9.373191197425081	scRNA
GLOM	MN_vs_PAT	ERCB_GLOM_H1	DC	12	-0.4689914124707381	-3.636778803985065	scRNA
GLOM	MN_vs_PAT	GSE108109-GPL19983	PT	48	0.062262055044508664	1.5976200561994394	scRNA
GLOM	MN_vs_PAT	GSE108109-GPL19983	PT_injured	48	0.07456397874436028	2.004042628488463	scRNA
GLOM	MN_vs_PAT	GSE108109-GPL19983	LOH	46	0.04614410040717896	1.112631098313261	scRNA
GLOM	MN_vs_PAT	GSE108109-GPL19983	DCT	46	-0.08425726823549232	-2.6037846483714424	scRNA
GLOM	MN_vs_PAT	GSE108109-GPL19983	CNT_PC	47	0.025205731748583482	0.5237207759475967	scRNA
GLOM	MN_vs_PAT	GSE108109-GPL19983	IC	48	0.0053984694653384764	-0.028868322496276234	scRNA
GLOM	MN_vs_PAT	GSE108109-GPL19983	PODO	48	0.2321546605671756	6.465896948897047	scRNA
GLOM	MN_vs_PAT	GSE108109-GPL19983	PEC	48	0.005639799254519555	-0.0009554267684174345	scRNA
GLOM	MN_vs_PAT	GSE108109-GPL19983	ENDO	47	-0.0422334277090874	-1.2949494504203736	scRNA
GLOM	MN_vs_PAT	GSE108109-GPL19983	ENDO_PT	49	-0.13791041095189902	-4.214227598271143	scRNA
GLOM	MN_vs_PAT	GSE108109-GPL19983	MES	22	-0.17857592177990061	-3.441532632341086	scRNA
GLOM	MN_vs_PAT	GSE108109-GPL19983	STROMA	49	-0.028642129852693064	-0.9390464693573686	scRNA
GLOM	MN_vs_PAT	GSE108109-GPL19983	PERI	49	0.002678773028547974	-0.10024110127922384	scRNA
GLOM	MN_vs_PAT	GSE108109-GPL19983	BCELL	44	-0.06462140381336211	-1.968254918917083	scRNA
GLOM	MN_vs_PAT	GSE108109-GPL19983	TCELL	47	-0.12347173161725415	-3.490044878030525	scRNA
GLOM	MN_vs_PAT	GSE108109-GPL19983	NK	49	-0.19575829914181817	-5.846580092224749	scRNA
GLOM	MN_vs_PAT	GSE108109-GPL19983	MAC	49	-0.07456630702505876	-2.17012673729394	scRNA
GLOM	MN_vs_PAT	GSE108109-GPL19983	DC	17	-0.08371739933157668	-1.5169845066965628	scRNA
GLOM	MN_vs_PAT	META	PT	50	0.09327108338824473	2.199735953295733	scRNA
GLOM	MN_vs_PAT	META	PT_injured	48	0.1067359095516925	2.5726515638744765	scRNA
GLOM	MN_vs_PAT	META	LOH	46	0.07583039576623021	1.7293020179829908	scRNA
GLOM	MN_vs_PAT	META	DCT	46	-0.03297189315376074	-1.0121278111575869	scRNA
GLOM	MN_vs_PAT	META	CNT_PC	47	0.008734724121515037	0.00044034756454123283	scRNA
GLOM	MN_vs_PAT	META	IC	48	0.0020712367186206462	-0.12111214682179848	scRNA
GLOM	MN_vs_PAT	META	PODO	48	0.22800266927030557	5.891607563724777	scRNA
GLOM	MN_vs_PAT	META	PEC	48	0.013204760803394807	0.1541573950159932	scRNA
GLOM	MN_vs_PAT	META	ENDO	47	-0.04406086989539733	-1.3003646500601616	scRNA
GLOM	MN_vs_PAT	META	ENDO_PT	50	-0.15320195561274885	-4.191643822506448	scRNA
GLOM	MN_vs_PAT	META	MES	22	-0.11345490422602532	-2.0945947246055545	scRNA
GLOM	MN_vs_PAT	META	STROMA	50	-0.038019008960691276	-1.191906359682902	scRNA
GLOM	MN_vs_PAT	META	PERI	49	-0.029581101509096215	-1.0100378972078596	scRNA
GLOM	MN_vs_PAT	META	BCELL	45	-0.11555739510804415	-3.1708616665561515	scRNA
GLOM	MN_vs_PAT	META	TCELL	49	-0.21305925133923181	-5.772159580910741	scRNA
GLOM	MN_vs_PAT	META	NK	49	-0.21437123764724453	-6.046363984026303	scRNA
GLOM	MN_vs_PAT	META	MAC	49	-0.304672432834121	-8.38202759471995	scRNA
GLOM	MN_vs_PAT	META	DC	17	-0.2079569119412233	-3.2664418161393756	scRNA
GLOM	MN_vs_PAT_adj	ERCB_GLOM_H1	PT	30	-0.11831098764777387	-1.7516119171717597	scRNA
GLOM	MN_vs_PAT_adj	ERCB_GLOM_H1	PT_injured	17	0.01067635649178702	-0.0486144244661064	scRNA
GLOM	MN_vs_PAT_adj	ERCB_GLOM_H1	LOH	23	0.09930419110546337	0.9234556099054367	scRNA
GLOM	MN_vs_PAT_adj	ERCB_GLOM_H1	DCT	22	0.048053645921634434	0.3532570877920195	scRNA
GLOM	MN_vs_PAT_adj	ERCB_GLOM_H1	CNT_PC	25	-0.0738695480949657	-1.0717056599074162	scRNA
GLOM	MN_vs_PAT_adj	ERCB_GLOM_H1	IC	18	-0.0719340134468797	-0.935893272620515	scRNA
GLOM	MN_vs_PAT_adj	ERCB_GLOM_H1	PODO	19	0.22575184111778926	2.2183958230069774	scRNA
GLOM	MN_vs_PAT_adj	ERCB_GLOM_H1	PEC	28	0.039276481660366826	0.30106414104450696	scRNA
GLOM	MN_vs_PAT_adj	ERCB_GLOM_H1	ENDO	23	-0.029654351897248854	-0.5176604328382617	scRNA
GLOM	MN_vs_PAT_adj	ERCB_GLOM_H1	ENDO_PT	30	-0.15840410833079194	-2.263836543440754	scRNA
GLOM	MN_vs_PAT_adj	ERCB_GLOM_H1	MES	17	0.030425646899061607	0.13354387879900545	scRNA
GLOM	MN_vs_PAT_adj	ERCB_GLOM_H1	STROMA	35	-0.024089197552518364	-0.49970253353576627	scRNA
GLOM	MN_vs_PAT_adj	ERCB_GLOM_H1	PERI	32	-0.06087158170319536	-0.9971610318189505	scRNA
GLOM	MN_vs_PAT_adj	ERCB_GLOM_H1	BCELL	29	-0.1730937314054029	-2.3971418916933445	scRNA
GLOM	MN_vs_PAT_adj	ERCB_GLOM_H1	TCELL	36	-0.3149174777548869	-4.691491261069317	scRNA
GLOM	MN_vs_PAT_adj	ERCB_GLOM_H1	NK	31	-0.21220171344294944	-3.013252498429872	scRNA
GLOM	MN_vs_PAT_adj	ERCB_GLOM_H1	MAC	32	-0.656937578793718	-8.82531867752204	scRNA
GLOM	MN_vs_PAT_adj	ERCB_GLOM_H1	DC	12	-0.4053254076368659	-3.34178311071417	scRNA
GLOM	MN_vs_PAT_adj	GSE108109-GPL19983	PT	48	-0.04969010809335098	-1.6117342337620673	scRNA
GLOM	MN_vs_PAT_adj	GSE108109-GPL19983	PT_injured	48	0.00870998147446671	0.009327583491831631	scRNA
GLOM	MN_vs_PAT_adj	GSE108109-GPL19983	LOH	46	0.0136074142209051	0.1371225177317741	scRNA
GLOM	MN_vs_PAT_adj	GSE108109-GPL19983	DCT	46	-0.10313436901469912	-3.101474270097073	scRNA
GLOM	MN_vs_PAT_adj	GSE108109-GPL19983	CNT_PC	47	0.006026247966715025	-0.02242752977022911	scRNA
GLOM	MN_vs_PAT_adj	GSE108109-GPL19983	IC	48	-0.005234433764760719	-0.282341914660467	scRNA
GLOM	MN_vs_PAT_adj	GSE108109-GPL19983	PODO	48	0.2122957779840333	5.715487604157995	scRNA
GLOM	MN_vs_PAT_adj	GSE108109-GPL19983	PEC	48	-0.0001376157687385665	-0.2044490540295345	scRNA
GLOM	MN_vs_PAT_adj	GSE108109-GPL19983	ENDO	47	-0.020622160396217455	-0.7121824888324823	scRNA
GLOM	MN_vs_PAT_adj	GSE108109-GPL19983	ENDO_PT	49	-0.11616729031196331	-3.4920967344112444	scRNA
GLOM	MN_vs_PAT_adj	GSE108109-GPL19983	MES	22	-0.16014819141117823	-3.1828725028328484	scRNA
GLOM	MN_vs_PAT_adj	GSE108109-GPL19983	STROMA	49	-0.010329335759533285	-0.4954455650027538	scRNA
GLOM	MN_vs_PAT_adj	GSE108109-GPL19983	PERI	49	0.010696649545600583	0.13236343361660302	scRNA
GLOM	MN_vs_PAT_adj	GSE108109-GPL19983	BCELL	44	-0.048432164868950384	-1.4801155033555462	scRNA
GLOM	MN_vs_PAT_adj	GSE108109-GPL19983	TCELL	47	-0.10434696561543066	-3.090152478615529	scRNA
GLOM	MN_vs_PAT_adj	GSE108109-GPL19983	NK	49	-0.17372081497119926	-4.884648216041952	scRNA
GLOM	MN_vs_PAT_adj	GSE108109-GPL19983	MAC	49	-0.019740193504163468	-0.7358228143705572	scRNA
GLOM	MN_vs_PAT_adj	GSE108109-GPL19983	DC	17	-0.05369780935388693	-0.9497290429330655	scRNA
GLOM	MN_vs_PAT_adj	META	PT	50	-0.0805777852789578	-2.4116447494495175	scRNA
GLOM	MN_vs_PAT_adj	META	PT_injured	48	0.015805376562970493	0.19764486275563997	scRNA
GLOM	MN_vs_PAT_adj	META	LOH	46	0.0271194948537984	0.5012260580999279	scRNA
GLOM	MN_vs_PAT_adj	META	DCT	46	-0.06563324393930454	-1.9331666735878852	scRNA
GLOM	MN_vs_PAT_adj	META	CNT_PC	47	-0.017494224464958873	-0.7346786748526813	scRNA
GLOM	MN_vs_PAT_adj	META	IC	48	-0.014400500113968364	-0.687022015088696	scRNA
GLOM	MN_vs_PAT_adj	META	PODO	48	0.20545991189925697	5.346137182614866	scRNA
GLOM	MN_vs_PAT_adj	META	PEC	48	0.009130981692946216	-0.03230821208460014	scRNA
GLOM	MN_vs_PAT_adj	META	ENDO	47	-0.010907562771937562	-0.5493069005172826	scRNA
GLOM	MN_vs_PAT_adj	META	ENDO_PT	50	-0.12319253966605595	-3.5020604582521786	scRNA
GLOM	MN_vs_PAT_adj	META	MES	22	-0.08861912138375284	-1.951531410983119	scRNA
GLOM	MN_vs_PAT_adj	META	STROMA	50	-0.023043070340949053	-0.8167659768709701	scRNA
GLOM	MN_vs_PAT_adj	META	PERI	49	-0.02299112934369797	-0.8090376882973954	scRNA
GLOM	MN_vs_PAT_adj	META	BCELL	45	-0.0858741387211449	-2.462339606982553	scRNA
GLOM	MN_vs_PAT_adj	META	TCELL	49	-0.17933717721491152	-5.025408179817291	scRNA
GLOM	MN_vs_PAT_adj	META	NK	49	-0.17387829470464986	-5.000655405513087	scRNA
GLOM	MN_vs_PAT_adj	META	MAC	49	-0.23290997995141444	-6.7460375130672166	scRNA
GLOM	MN_vs_PAT_adj	META	DC	17	-0.1662675923325571	-2.797055554717181	scRNA
GLOM	RPGN_vs_PAT	ERCB_GLOM_H7	PT	30	-0.7449009294311205	-8.329477210275517	scRNA
GLOM	RPGN_vs_PAT	ERCB_GLOM_H7	PT_injured	17	-0.5297297183424234	-4.165199987067056	scRNA
GLOM	RPGN_vs_PAT	ERCB_GLOM_H7	LOH	23	-0.4386317636007848	-4.201677636560569	scRNA
GLOM	RPGN_vs_PAT	ERCB_GLOM_H7	DCT	22	-0.2425760618326339	-2.124756971917878	scRNA
GLOM	RPGN_vs_PAT	ERCB_GLOM_H7	CNT_PC	25	-0.1543994400277734	-1.4648010636861197	scRNA
GLOM	RPGN_vs_PAT	ERCB_GLOM_H7	IC	18	0.019556756616414834	0.28737557180365997	scRNA
GLOM	RPGN_vs_PAT	ERCB_GLOM_H7	PODO	19	-0.05041492142175372	-0.2983861193843818	scRNA
GLOM	RPGN_vs_PAT	ERCB_GLOM_H7	PEC	28	-0.23020280970792686	-2.358422181832262	scRNA
GLOM	RPGN_vs_PAT	ERCB_GLOM_H7	ENDO	23	-0.06648797023555507	-0.5109802339889946	scRNA
GLOM	RPGN_vs_PAT	ERCB_GLOM_H7	ENDO_PT	30	0.19297972125932575	2.224206612937331	scRNA
GLOM	RPGN_vs_PAT	ERCB_GLOM_H7	MES	17	0.024316683685516597	0.29181800123925583	scRNA
GLOM	RPGN_vs_PAT	ERCB_GLOM_H7	STROMA	35	0.23541219098094318	3.0368846927756317	scRNA
GLOM	RPGN_vs_PAT	ERCB_GLOM_H7	PERI	32	-0.23108145903097466	-2.5161715944521426	scRNA
GLOM	RPGN_vs_PAT	ERCB_GLOM_H7	BCELL	29	0.21696233542250662	2.400039603321939	scRNA
GLOM	RPGN_vs_PAT	ERCB_GLOM_H7	TCELL	36	0.40747751626703477	5.052022517405885	scRNA
GLOM	RPGN_vs_PAT	ERCB_GLOM_H7	NK	31	0.06178650202890558	0.7899425853196942	scRNA
GLOM	RPGN_vs_PAT	ERCB_GLOM_H7	MAC	32	1.0625283892732114	12.601800727819946	scRNA
GLOM	RPGN_vs_PAT	ERCB_GLOM_H7	DC	12	0.2567407696818312	1.8132340932425879	scRNA
GLOM	RPGN_vs_PAT	GSE108109-GPL19983	PT	48	-0.2457779336546082	-5.7156291464578795	scRNA
GLOM	RPGN_vs_PAT	GSE108109-GPL19983	PT_injured	48	-0.12954762202086081	-2.8898099286628263	scRNA
GLOM	RPGN_vs_PAT	GSE108109-GPL19983	LOH	46	-0.11895129448005362	-2.6092151713098928	scRNA
GLOM	RPGN_vs_PAT	GSE108109-GPL19983	DCT	46	0.03165357582601366	0.7973571536878405	scRNA
GLOM	RPGN_vs_PAT	GSE108109-GPL19983	CNT_PC	47	0.01582331076621058	0.5108473264769618	scRNA
GLOM	RPGN_vs_PAT	GSE108109-GPL19983	IC	48	0.07202728095459558	1.8787803908446516	scRNA
GLOM	RPGN_vs_PAT	GSE108109-GPL19983	PODO	48	-0.34135351753017557	-8.528562639021539	scRNA
GLOM	RPGN_vs_PAT	GSE108109-GPL19983	PEC	48	-0.006855042525179054	-0.06228612266393839	scRNA
GLOM	RPGN_vs_PAT	GSE108109-GPL19983	ENDO	47	-0.47620829115522667	-11.937227140325998	scRNA
GLOM	RPGN_vs_PAT	GSE108109-GPL19983	ENDO_PT	49	-0.2439499179623565	-5.991209501829711	scRNA
GLOM	RPGN_vs_PAT	GSE108109-GPL19983	MES	22	-0.28172666918147693	-4.436667466768688	scRNA
GLOM	RPGN_vs_PAT	GSE108109-GPL19983	STROMA	49	0.19337565293630624	4.666785610514822	scRNA
GLOM	RPGN_vs_PAT	GSE108109-GPL19983	PERI	49	-0.03414239137604528	-0.6518645803737657	scRNA
GLOM	RPGN_vs_PAT	GSE108109-GPL19983	BCELL	44	0.14157170191703533	3.489460191970034	scRNA
GLOM	RPGN_vs_PAT	GSE108109-GPL19983	TCELL	47	0.18244287272558568	4.343932840655706	scRNA
GLOM	RPGN_vs_PAT	GSE108109-GPL19983	NK	49	-0.017059866262941936	-0.30325282582726537	scRNA
GLOM	RPGN_vs_PAT	GSE108109-GPL19983	MAC	49	0.40595900530603773	10.176554479570662	scRNA
GLOM	RPGN_vs_PAT	GSE108109-GPL19983	DC	17	0.2504389110733481	3.6332312556434276	scRNA
GLOM	RPGN_vs_PAT	META	PT	50	-0.40066529614385216	-9.338443297004462	scRNA
GLOM	RPGN_vs_PAT	META	PT_injured	48	-0.20483720545598771	-4.367793951262767	scRNA
GLOM	RPGN_vs_PAT	META	LOH	46	-0.19275259140514486	-3.908564927343236	scRNA
GLOM	RPGN_vs_PAT	META	DCT	46	-0.029244839709028133	-0.33862986150461866	scRNA
GLOM	RPGN_vs_PAT	META	CNT_PC	47	-0.037920647003549204	-0.6570891672926508	scRNA
GLOM	RPGN_vs_PAT	META	IC	48	0.039343320514793334	1.1509761692446752	scRNA
GLOM	RPGN_vs_PAT	META	PODO	48	-0.27506894602750737	-6.161337089888087	scRNA
GLOM	RPGN_vs_PAT	META	PEC	48	-0.07244148432315949	-1.434598024470656	scRNA
GLOM	RPGN_vs_PAT	META	ENDO	47	-0.37043466720175233	-8.106781413592714	scRNA
GLOM	RPGN_vs_PAT	META	ENDO_PT	50	-0.12664131714962423	-2.6883000302871816	scRNA
GLOM	RPGN_vs_PAT	META	MES	22	-0.13398177640258588	-1.9153512502046366	scRNA
GLOM	RPGN_vs_PAT	META	STROMA	50	0.18990849885623903	4.922450182896817	scRNA
GLOM	RPGN_vs_PAT	META	PERI	49	-0.10225828128809832	-2.004141712437921	scRNA
GLOM	RPGN_vs_PAT	META	BCELL	45	0.1809177361480478	4.2321970095577885	scRNA
GLOM	RPGN_vs_PAT	META	TCELL	49	0.2429718774154174	5.929223648138391	scRNA
GLOM	RPGN_vs_PAT	META	NK	49	0.0072270868707220255	0.391181999171012	scRNA
GLOM	RPGN_vs_PAT	META	MAC	49	0.6078032167599897	14.205839918403958	scRNA
GLOM	RPGN_vs_PAT	META	DC	17	0.26078890559866147	3.666227200263375	scRNA
GLOM	RPGN_vs_PAT_adj	ERCB_GLOM_H7	PT	30	-0.23918066937273522	-3.258291666691418	scRNA
GLOM	RPGN_vs_PAT_adj	ERCB_GLOM_H7	PT_injured	17	-0.08926867964745562	-0.769182545393284	scRNA
GLOM	RPGN_vs_PAT_adj	ERCB_GLOM_H7	LOH	23	-0.21373413974562647	-2.4829343391364196	scRNA
GLOM	RPGN_vs_PAT_adj	ERCB_GLOM_H7	DCT	22	-0.03384468416256404	-0.24573962444114406	scRNA
GLOM	RPGN_vs_PAT_adj	ERCB_GLOM_H7	CNT_PC	25	-0.02260824714530173	-0.051978182317140784	scRNA
GLOM	RPGN_vs_PAT_adj	ERCB_GLOM_H7	IC	18	0.10243802155086557	1.3361180575231386	scRNA
GLOM	RPGN_vs_PAT_adj	ERCB_GLOM_H7	PODO	19	-0.007242523012245141	0.1300973478927084	scRNA
GLOM	RPGN_vs_PAT_adj	ERCB_GLOM_H7	PEC	28	-0.14955666757348338	-1.799960305175077	scRNA
GLOM	RPGN_vs_PAT_adj	ERCB_GLOM_H7	ENDO	23	-0.25537280938172335	-3.0513581735477806	scRNA
GLOM	RPGN_vs_PAT_adj	ERCB_GLOM_H7	ENDO_PT	30	0.0031554337316303904	0.31834895866339225	scRNA
GLOM	RPGN_vs_PAT_adj	ERCB_GLOM_H7	MES	17	-0.22210256269891882	-2.178468336445931	scRNA
GLOM	RPGN_vs_PAT_adj	ERCB_GLOM_H7	STROMA	35	0.16134106474376772	2.7590320846020777	scRNA
GLOM	RPGN_vs_PAT_adj	ERCB_GLOM_H7	PERI	32	-0.1816604161499151	-2.4545345666701164	scRNA
GLOM	RPGN_vs_PAT_adj	ERCB_GLOM_H7	BCELL	29	0.14979999556980958	2.2868298389632784	scRNA
GLOM	RPGN_vs_PAT_adj	ERCB_GLOM_H7	TCELL	36	0.288488014085522	4.839422689616764	scRNA
GLOM	RPGN_vs_PAT_adj	ERCB_GLOM_H7	NK	31	-0.06833308910535686	-0.6830319339739256	scRNA
GLOM	RPGN_vs_PAT_adj	ERCB_GLOM_H7	MAC	32	0.7382187138392391	11.170368406468274	scRNA
GLOM	RPGN_vs_PAT_adj	ERCB_GLOM_H7	DC	12	0.16894616875563317	1.6991319501718873	scRNA
GLOM	RPGN_vs_PAT_adj	GSE108109-GPL19983	PT	48	0.005567073665518524	0.3325078102413947	scRNA
GLOM	RPGN_vs_PAT_adj	GSE108109-GPL19983	PT_injured	48	0.026786848086429633	0.9019944420037123	scRNA
GLOM	RPGN_vs_PAT_adj	GSE108109-GPL19983	LOH	46	-0.04258847756005057	-0.8100375436351224	scRNA
GLOM	RPGN_vs_PAT_adj	GSE108109-GPL19983	DCT	46	0.0695345179443333	1.8970990524354896	scRNA
GLOM	RPGN_vs_PAT_adj	GSE108109-GPL19983	CNT_PC	47	0.06095601280334673	1.614534658535763	scRNA
GLOM	RPGN_vs_PAT_adj	GSE108109-GPL19983	IC	48	0.0989321472109911	2.5855930272420475	scRNA
GLOM	RPGN_vs_PAT_adj	GSE108109-GPL19983	PODO	48	-0.2952034833033785	-7.148652318342397	scRNA
GLOM	RPGN_vs_PAT_adj	GSE108109-GPL19983	PEC	48	0.005764051890393747	0.3761319729139397	scRNA
GLOM	RPGN_vs_PAT_adj	GSE108109-GPL19983	ENDO	47	-0.538831740890234	-12.821304796983055	scRNA
GLOM	RPGN_vs_PAT_adj	GSE108109-GPL19983	ENDO_PT	49	-0.31174663377559325	-7.36043478011216	scRNA
GLOM	RPGN_vs_PAT_adj	GSE108109-GPL19983	MES	22	-0.33276856725085824	-5.321256368619424	scRNA
GLOM	RPGN_vs_PAT_adj	GSE108109-GPL19983	STROMA	49	0.15183495599673577	4.038148436228492	scRNA
GLOM	RPGN_vs_PAT_adj	GSE108109-GPL19983	PERI	49	-0.0527681243886971	-1.1660717931767808	scRNA
GLOM	RPGN_vs_PAT_adj	GSE108109-GPL19983	BCELL	44	0.10373602359520363	2.621816328225967	scRNA
GLOM	RPGN_vs_PAT_adj	GSE108109-GPL19983	TCELL	47	0.13556282631759967	3.562715620859692	scRNA
GLOM	RPGN_vs_PAT_adj	GSE108109-GPL19983	NK	49	-0.07698488987138427	-1.663342571841763	scRNA
GLOM	RPGN_vs_PAT_adj	GSE108109-GPL19983	MAC	49	0.28829098395510594	7.340859870430884	scRNA
GLOM	RPGN_vs_PAT_adj	GSE108109-GPL19983	DC	17	0.1821013773821051	2.8650421990594612	scRNA
GLOM	RPGN_vs_PAT_adj	META	PT	50	-0.06250127965748298	-1.3000684932844317	scRNA
GLOM	RPGN_vs_PAT_adj	META	PT_injured	48	-0.005145896927450193	0.17117587351679048	scRNA
GLOM	RPGN_vs_PAT_adj	META	LOH	46	-0.08051692987738955	-1.6950816169525742	scRNA
GLOM	RPGN_vs_PAT_adj	META	DCT	46	0.045393788297431355	1.4586191736327196	scRNA
GLOM	RPGN_vs_PAT_adj	META	CNT_PC	47	0.026785005864444326	0.9711855342646225	scRNA
GLOM	RPGN_vs_PAT_adj	META	IC	48	0.08170119326909914	2.4294781764270095	scRNA
GLOM	RPGN_vs_PAT_adj	META	PODO	48	-0.22870582775309747	-5.491964865334846	scRNA
GLOM	RPGN_vs_PAT_adj	META	PEC	48	-0.04038923653210342	-0.6444650586488734	scRNA
GLOM	RPGN_vs_PAT_adj	META	ENDO	47	-0.46285481809944923	-11.308416013590035	scRNA
GLOM	RPGN_vs_PAT_adj	META	ENDO_PT	50	-0.23354152227595912	-5.409926682946778	scRNA
GLOM	RPGN_vs_PAT_adj	META	MES	22	-0.262023369169682	-4.274171654961994	scRNA
GLOM	RPGN_vs_PAT_adj	META	STROMA	50	0.13736916131916185	3.820137273437571	scRNA
GLOM	RPGN_vs_PAT_adj	META	PERI	49	-0.10040082520446099	-2.2460735979010478	scRNA
GLOM	RPGN_vs_PAT_adj	META	BCELL	45	0.1320148621009933	3.7186868208883133	scRNA
GLOM	RPGN_vs_PAT_adj	META	TCELL	49	0.1710305933727851	4.514912538385814	scRNA
GLOM	RPGN_vs_PAT_adj	META	NK	49	-0.07224295491755223	-1.5244633184522103	scRNA
GLOM	RPGN_vs_PAT_adj	META	MAC	49	0.4242418574937017	11.4094960005346	scRNA
GLOM	RPGN_vs_PAT_adj	META	DC	17	0.18685162438261743	2.966263050566326	scRNA
GLOM	SHARED	ERCB_GLOM_H1	PT	30	-0.7808256139357884	-6.344267984837061	scRNA
GLOM	SHARED	ERCB_GLOM_H1	PT_injured	17	-0.5212156535948024	-2.9460301232506545	scRNA
GLOM	SHARED	ERCB_GLOM_H1	LOH	23	-0.3539500741854958	-2.27477124823376	scRNA
GLOM	SHARED	ERCB_GLOM_H1	DCT	22	-0.5628136477687142	-3.8554843310270677	scRNA
GLOM	SHARED	ERCB_GLOM_H1	CNT_PC	25	-0.3634377771615982	-2.443076834408835	scRNA
GLOM	SHARED	ERCB_GLOM_H1	IC	18	-0.3473815576483806	-1.9104660171790533	scRNA
GLOM	SHARED	ERCB_GLOM_H1	PODO	19	-0.4240474081353137	-2.4620888497570323	scRNA
GLOM	SHARED	ERCB_GLOM_H1	PEC	28	-0.0956017176753708	-0.2850289387209012	scRNA
GLOM	SHARED	ERCB_GLOM_H1	ENDO	23	0.6961582697442045	5.602864398081237	scRNA
GLOM	SHARED	ERCB_GLOM_H1	ENDO_PT	30	0.32266408021872245	3.287455993106617	scRNA
GLOM	SHARED	ERCB_GLOM_H1	MES	17	0.6830585629624479	4.833061319388305	scRNA
GLOM	SHARED	ERCB_GLOM_H1	STROMA	35	-0.17850217819213868	-1.113238411861921	scRNA
GLOM	SHARED	ERCB_GLOM_H1	PERI	32	-0.1733961245045066	-1.075619569417467	scRNA
GLOM	SHARED	ERCB_GLOM_H1	BCELL	29	-0.08201956903112345	-0.21081778139874996	scRNA
GLOM	SHARED	ERCB_GLOM_H1	TCELL	36	-0.13499969500117004	-0.7136624548026819	scRNA
GLOM	SHARED	ERCB_GLOM_H1	NK	31	0.32312833007064556	3.335848338277775	scRNA
GLOM	SHARED	ERCB_GLOM_H1	MAC	32	0.5016075416351669	5.120597694038898	scRNA
GLOM	SHARED	ERCB_GLOM_H1	DC	12	0.00557902206977208	0.3351049911357567	scRNA
GLOM	SHARED	ERCB_GLOM_H7	PT	30	-1.1974610041206082	-8.277540347767001	scRNA
GLOM	SHARED	ERCB_GLOM_H7	PT_injured	17	-0.6772102205192342	-3.5122958267791016	scRNA
GLOM	SHARED	ERCB_GLOM_H7	LOH	23	-0.5342809922446538	-3.199727219539488	scRNA
GLOM	SHARED	ERCB_GLOM_H7	DCT	22	-0.8528179275718603	-5.2149117923225745	scRNA
GLOM	SHARED	ERCB_GLOM_H7	CNT_PC	25	-0.503201263397932	-3.2200039981050903	scRNA
GLOM	SHARED	ERCB_GLOM_H7	IC	18	-0.44539499324229026	-2.3246518956183784	scRNA
GLOM	SHARED	ERCB_GLOM_H7	PODO	19	-0.5941730604359978	-3.3653513428106545	scRNA
GLOM	SHARED	ERCB_GLOM_H7	PEC	28	-0.11247731941486043	-0.6665207290761486	scRNA
GLOM	SHARED	ERCB_GLOM_H7	ENDO	23	0.022161468944471806	0.22510406337016378	scRNA
GLOM	SHARED	ERCB_GLOM_H7	ENDO_PT	30	0.17708985234300295	1.2514112391194283	scRNA
GLOM	SHARED	ERCB_GLOM_H7	MES	17	0.4659425717614153	2.4850590407182014	scRNA
GLOM	SHARED	ERCB_GLOM_H7	STROMA	35	0.1009573488363198	0.8657339294848038	scRNA
GLOM	SHARED	ERCB_GLOM_H7	PERI	32	-0.16123953042551875	-1.0679896230133015	scRNA
GLOM	SHARED	ERCB_GLOM_H7	BCELL	29	0.01655349762486053	0.26171593924742875	scRNA
GLOM	SHARED	ERCB_GLOM_H7	TCELL	36	0.29945195615032894	2.4220441402344743	scRNA
GLOM	SHARED	ERCB_GLOM_H7	NK	31	0.7883953101812832	5.8614600565209045	scRNA
GLOM	SHARED	ERCB_GLOM_H7	MAC	32	0.8523507486097515	6.30598553796093	scRNA
GLOM	SHARED	ERCB_GLOM_H7	DC	12	0.34004337530738366	1.5880943531212601	scRNA
GLOM	SHARED	GSE108109-GPL19983	PT	48	-1.2723984345793724	-10.877136922925011	scRNA
GLOM	SHARED	GSE108109-GPL19983	PT_injured	48	-0.7581854875655457	-6.753942233914889	scRNA
GLOM	SHARED	GSE108109-GPL19983	LOH	46	-0.420762409132136	-3.898957463870854	scRNA
GLOM	SHARED	GSE108109-GPL19983	DCT	46	-0.4660722969666771	-4.360054698561303	scRNA
GLOM	SHARED	GSE108109-GPL19983	CNT_PC	47	-0.33321336792791856	-3.215792657073882	scRNA
GLOM	SHARED	GSE108109-GPL19983	IC	48	-0.5520544271372879	-4.966134340998599	scRNA
GLOM	SHARED	GSE108109-GPL19983	PODO	48	-0.036666236468590796	-0.9694424051713485	scRNA
GLOM	SHARED	GSE108109-GPL19983	PEC	48	-0.21248439288077256	-2.4064754807647866	scRNA
GLOM	SHARED	GSE108109-GPL19983	ENDO	47	0.7674689432407947	5.730652744305237	scRNA
GLOM	SHARED	GSE108109-GPL19983	ENDO_PT	49	0.8031864729804956	6.1105786315446995	scRNA
GLOM	SHARED	GSE108109-GPL19983	MES	22	-0.061706198210066	-0.7451760998961872	scRNA
GLOM	SHARED	GSE108109-GPL19983	STROMA	49	0.15378045165265092	0.6307047489060179	scRNA
GLOM	SHARED	GSE108109-GPL19983	PERI	49	0.11897275431499797	0.33701358477821175	scRNA
GLOM	SHARED	GSE108109-GPL19983	BCELL	44	0.05965376123177438	-0.10173386237587374	scRNA
GLOM	SHARED	GSE108109-GPL19983	TCELL	47	0.3321313293690377	2.109199036819206	scRNA
GLOM	SHARED	GSE108109-GPL19983	NK	49	0.419525932976786	2.7124240023993327	scRNA
GLOM	SHARED	GSE108109-GPL19983	MAC	49	0.6077937965414354	4.440127006662223	scRNA
GLOM	SHARED	GSE108109-GPL19983	DC	17	0.35985288801876936	1.339838995003619	scRNA
GLOM	SHARED	GSE93798-GPL22945	PT	47	-1.6425470411777496	-12.099073997318595	scRNA
GLOM	SHARED	GSE93798-GPL22945	PT_injured	40	-0.984079762652982	-6.999969832390557	scRNA
GLOM	SHARED	GSE93798-GPL22945	LOH	40	-0.056615473423153165	-0.6753950596867571	scRNA
GLOM	SHARED	GSE93798-GPL22945	DCT	43	-0.2938793590184041	-2.2133463323381863	scRNA
GLOM	SHARED	GSE93798-GPL22945	CNT_PC	44	-0.2603788212449713	-2.11880877387955	scRNA
GLOM	SHARED	GSE93798-GPL22945	IC	44	-0.38862840247086505	-3.05973435887616	scRNA
GLOM	SHARED	GSE93798-GPL22945	PODO	40	-0.5247208689339459	-3.9699377154788453	scRNA
GLOM	SHARED	GSE93798-GPL22945	PEC	46	-0.2620626870218826	-2.143353390266805	scRNA
GLOM	SHARED	GSE93798-GPL22945	ENDO	44	0.9864877043821086	6.472898092720857	scRNA
GLOM	SHARED	GSE93798-GPL22945	ENDO_PT	48	0.5162530655118948	3.58068808503704	scRNA
GLOM	SHARED	GSE93798-GPL22945	MES	20	1.0104725003242492	4.638144772727935	scRNA
GLOM	SHARED	GSE93798-GPL22945	STROMA	49	0.8196339037421406	5.629143682827954	scRNA
GLOM	SHARED	GSE93798-GPL22945	PERI	46	0.5263587180525064	3.453019843704468	scRNA
GLOM	SHARED	GSE93798-GPL22945	BCELL	37	0.42423216676389847	2.3942803755934094	scRNA
GLOM	SHARED	GSE93798-GPL22945	TCELL	42	0.548325654873181	3.3346958694634212	scRNA
GLOM	SHARED	GSE93798-GPL22945	NK	44	0.6013370748947967	3.85304065028252	scRNA
GLOM	SHARED	GSE93798-GPL22945	MAC	44	0.6837206704711373	4.594360814137407	scRNA
GLOM	SHARED	GSE93798-GPL22945	DC	17	0.675957895377103	2.8194419816513254	scRNA
GLOM	SHARED	META	PT	50	-1.2855005407426505	-14.018687605267127	scRNA
GLOM	SHARED	META	PT_injured	48	-0.785117865866697	-8.270581330461749	scRNA
GLOM	SHARED	META	LOH	46	-0.30903560821214976	-3.0773466496800976	scRNA
GLOM	SHARED	META	DCT	46	-0.4435751019400018	-4.5039620034506	scRNA
GLOM	SHARED	META	CNT_PC	48	-0.3457482467019872	-3.5590272618027368	scRNA
GLOM	SHARED	META	IC	48	-0.5183502675014703	-5.6578851677004804	scRNA
GLOM	SHARED	META	PODO	48	-0.43079927503519383	-4.441082455420472	scRNA
GLOM	SHARED	META	PEC	48	-0.21907675826514605	-2.3217480191504367	scRNA
GLOM	SHARED	META	ENDO	47	0.6909679708175084	7.442129591144927	scRNA
GLOM	SHARED	META	ENDO_PT	50	0.5549852645024658	6.12009599349397	scRNA
GLOM	SHARED	META	MES	22	0.46529664405071264	3.376716370271626	scRNA
GLOM	SHARED	META	STROMA	50	0.31632197519919525	3.4649314948707097	scRNA
GLOM	SHARED	META	PERI	49	0.137922626710972	1.4969972316169968	scRNA
GLOM	SHARED	META	BCELL	45	0.10046963653596186	1.0212225327851263	scRNA
GLOM	SHARED	META	TCELL	49	0.2718397742889657	3.061412949674553	scRNA
GLOM	SHARED	META	NK	49	0.47661954141697105	5.008674037670549	scRNA
GLOM	SHARED	META	MAC	49	0.6687996373606884	7.112743305448003	scRNA
GLOM	SHARED	META	DC	17	0.4048156282275586	2.5653378403766545	scRNA
TUB	DKD_vs_CTRL	ERCB_TUB_H1	PT	28	-0.6626073500208024	-3.1771800750992854	scRNA
TUB	DKD_vs_CTRL	ERCB_TUB_H1	PT_injured	16	-0.14067168935434893	-0.5626361727327354	scRNA
TUB	DKD_vs_CTRL	ERCB_TUB_H1	LOH	23	-0.011185022151988492	-0.21817887853566714	scRNA
TUB	DKD_vs_CTRL	ERCB_TUB_H1	DCT	22	-0.7461147829890251	-2.9124776690653524	scRNA
TUB	DKD_vs_CTRL	ERCB_TUB_H1	CNT_PC	25	0.0013094055652618408	-0.10374828274141538	scRNA
TUB	DKD_vs_CTRL	ERCB_TUB_H1	IC	18	-0.06845721519655651	-0.35900224788617363	scRNA
TUB	DKD_vs_CTRL	ERCB_TUB_H1	PODO	19	-0.8676100603280295	-3.3253537247363827	scRNA
TUB	DKD_vs_CTRL	ERCB_TUB_H1	PEC	28	0.05782282831413405	0.11698187327962627	scRNA
TUB	DKD_vs_CTRL	ERCB_TUB_H1	ENDO	23	-0.06773931601935107	-0.3726793450403831	scRNA
TUB	DKD_vs_CTRL	ERCB_TUB_H1	ENDO_PT	29	-0.38243804306819523	-1.9699502941243805	scRNA
TUB	DKD_vs_CTRL	ERCB_TUB_H1	MES	17	0.26661215656820464	0.8483566054223933	scRNA
TUB	DKD_vs_CTRL	ERCB_TUB_H1	STROMA	35	0.17019188616956984	0.6766752329195928	scRNA
TUB	DKD_vs_CTRL	ERCB_TUB_H1	PERI	32	-0.7083752994076349	-3.628373949239574	scRNA
TUB	DKD_vs_CTRL	ERCB_TUB_H1	BCELL	28	-0.4568775019475392	-2.1046803472576627	scRNA
TUB	DKD_vs_CTRL	ERCB_TUB_H1	TCELL	36	-0.08988077317674954	-0.6092704044907682	scRNA
TUB	DKD_vs_CTRL	ERCB_TUB_H1	NK	31	-0.31174826697303704	-1.6144842757106248	scRNA
TUB	DKD_vs_CTRL	ERCB_TUB_H1	MAC	31	-0.028257986831088197	-0.26155471138069725	scRNA
TUB	DKD_vs_CTRL	ERCB_TUB_H1	DC	12	-0.2918050341928999	-0.950922941403261	scRNA
TUB	DKD_vs_CTRL	ERCB_TUB_H7	PT	29	-1.2859786980111023	-6.327678547639985	scRNA
TUB	DKD_vs_CTRL	ERCB_TUB_H7	PT_injured	17	-0.574425448608749	-1.955211347754245	scRNA
TUB	DKD_vs_CTRL	ERCB_TUB_H7	LOH	25	-0.0020200665295123698	0.2327976565001523	scRNA
TUB	DKD_vs_CTRL	ERCB_TUB_H7	DCT	23	-1.3648546208506045	-5.776500346261814	scRNA
TUB	DKD_vs_CTRL	ERCB_TUB_H7	CNT_PC	29	-0.048183762211481046	0.013800912120930157	scRNA
TUB	DKD_vs_CTRL	ERCB_TUB_H7	IC	19	-0.8872017421220478	-3.406085597189868	scRNA
TUB	DKD_vs_CTRL	ERCB_TUB_H7	PODO	21	-2.2049745605105446	-9.12139866124538	scRNA
TUB	DKD_vs_CTRL	ERCB_TUB_H7	PEC	29	-0.5050145738340658	-2.324779119829255	scRNA
TUB	DKD_vs_CTRL	ERCB_TUB_H7	ENDO	24	-0.09389078317326494	-0.21825123120778536	scRNA
TUB	DKD_vs_CTRL	ERCB_TUB_H7	ENDO_PT	31	0.24188307768875553	1.438633845278054	scRNA
TUB	DKD_vs_CTRL	ERCB_TUB_H7	MES	18	0.0032848078343603346	0.1839492543070631	scRNA
TUB	DKD_vs_CTRL	ERCB_TUB_H7	STROMA	35	0.40363747503475417	2.5305979684966196	scRNA
TUB	DKD_vs_CTRL	ERCB_TUB_H7	PERI	33	-0.2789610049715548	-1.2298089393592482	scRNA
TUB	DKD_vs_CTRL	ERCB_TUB_H7	BCELL	28	0.5722457479153361	2.9885258017217566	scRNA
TUB	DKD_vs_CTRL	ERCB_TUB_H7	TCELL	36	0.7949539247072406	4.540545532882742	scRNA
TUB	DKD_vs_CTRL	ERCB_TUB_H7	NK	32	0.767254466394661	4.402236251784092	scRNA
TUB	DKD_vs_CTRL	ERCB_TUB_H7	MAC	31	0.7766550563035473	4.349043262091622	scRNA
TUB	DKD_vs_CTRL	ERCB_TUB_H7	DC	12	0.7895078062817144	2.74150585616539	scRNA
TUB	DKD_vs_CTRL	GSE142025-RNAseq	PT	50	-0.9025519071891904	-6.433431085779318	scRNA
TUB	DKD_vs_CTRL	GSE142025-RNAseq	PT_injured	50	-0.7190199127793312	-4.876485892479443	scRNA
TUB	DKD_vs_CTRL	GSE142025-RNAseq	LOH	50	-0.39041090156883	-2.4453139829452053	scRNA
TUB	DKD_vs_CTRL	GSE142025-RNAseq	DCT	50	-1.0674088171124458	-7.733739555377432	scRNA
TUB	DKD_vs_CTRL	GSE142025-RNAseq	CNT_PC	50	-0.3126996674388647	-1.9726253398334468	scRNA
TUB	DKD_vs_CTRL	GSE142025-RNAseq	IC	50	-1.0836509109288455	-7.853173254091573	scRNA
TUB	DKD_vs_CTRL	GSE142025-RNAseq	PODO	50	-1.1994436249136924	-8.411399390740694	scRNA
TUB	DKD_vs_CTRL	GSE142025-RNAseq	PEC	50	0.10151037707924843	1.0487755887638606	scRNA
TUB	DKD_vs_CTRL	GSE142025-RNAseq	ENDO	50	-0.5675684151053428	-3.758667097834475	scRNA
TUB	DKD_vs_CTRL	GSE142025-RNAseq	ENDO_PT	50	-0.2377496660873294	-1.5206777339286	scRNA
TUB	DKD_vs_CTRL	GSE142025-RNAseq	MES	23	0.18855872993236003	1.1176483025132562	scRNA
TUB	DKD_vs_CTRL	GSE142025-RNAseq	STROMA	50	1.2124021530151368	8.842611195069917	scRNA
TUB	DKD_vs_CTRL	GSE142025-RNAseq	PERI	50	-0.28806975081562997	-1.753731953785239	scRNA
TUB	DKD_vs_CTRL	GSE142025-RNAseq	BCELL	50	0.9222308173775673	6.977629404343365	scRNA
TUB	DKD_vs_CTRL	GSE142025-RNAseq	TCELL	50	1.0169139109551906	7.696013386147408	scRNA
TUB	DKD_vs_CTRL	GSE142025-RNAseq	NK	50	0.9099153921194375	7.154642957146674	scRNA
TUB	DKD_vs_CTRL	GSE142025-RNAseq	MAC	50	0.7804996034502983	5.910399349996489	scRNA
TUB	DKD_vs_CTRL	GSE142025-RNAseq	DC	17	1.0505723760408514	4.669867724657872	scRNA
TUB	DKD_vs_CTRL	META	PT	50	-0.9587397223400572	-7.2301472907086595	scRNA
TUB	DKD_vs_CTRL	META	PT_injured	50	-0.622416613853226	-4.5056093093683485	scRNA
TUB	DKD_vs_CTRL	META	LOH	50	-0.30828918886681406	-2.012658459360649	scRNA
TUB	DKD_vs_CTRL	META	DCT	50	-1.070258091489474	-8.596685931268661	scRNA
TUB	DKD_vs_CTRL	META	CNT_PC	50	-0.2387839727662504	-1.3928450769231269	scRNA
TUB	DKD_vs_CTRL	META	IC	50	-0.9856542285035053	-7.418549378643016	scRNA
TUB	DKD_vs_CTRL	META	PODO	50	-1.3048830106186993	-10.336421215097664	scRNA
TUB	DKD_vs_CTRL	META	PEC	50	0.009554073835412664	0.5783858552196263	scRNA
TUB	DKD_vs_CTRL	META	ENDO	50	-0.39585000552081817	-2.809205512530779	scRNA
TUB	DKD_vs_CTRL	META	ENDO_PT	50	-0.1857517832890153	-0.961907064882087	scRNA
TUB	DKD_vs_CTRL	META	MES	23	0.1594600742277892	1.2311933958995613	scRNA
TUB	DKD_vs_CTRL	META	STROMA	50	0.7595096112896378	6.806726374896498	scRNA
TUB	DKD_vs_CTRL	META	PERI	50	-0.3164633719995618	-2.0438450198447553	scRNA
TUB	DKD_vs_CTRL	META	BCELL	50	0.6198295657833417	5.882627026703466	scRNA
TUB	DKD_vs_CTRL	META	TCELL	50	0.6540470790863037	5.723508659690626	scRNA
TUB	DKD_vs_CTRL	META	NK	50	0.6279602010978851	5.502237332051651	scRNA
TUB	DKD_vs_CTRL	META	MAC	50	0.6378371881196896	5.724774991906072	scRNA
TUB	DKD_vs_CTRL	META	DC	17	0.6171040832220266	3.1558641840011012	scRNA
TUB	DKD_vs_PAT	ERCB_TUB_H1	PT	28	-0.4265088352840394	-5.423533636435205	scRNA
TUB	DKD_vs_PAT	ERCB_TUB_H1	PT_injured	16	-0.17150939721614122	-1.4166815350493098	scRNA
TUB	DKD_vs_PAT	ERCB_TUB_H1	LOH	23	0.06972027845356775	1.5511622776414293	scRNA
TUB	DKD_vs_PAT	ERCB_TUB_H1	DCT	22	-0.23587297089397907	-2.5859237014492273	scRNA
TUB	DKD_vs_PAT	ERCB_TUB_H1	CNT_PC	25	0.12635650888085365	2.2959821805328486	scRNA
TUB	DKD_vs_PAT	ERCB_TUB_H1	IC	18	-0.052036109173463456	-0.09671900864518831	scRNA
TUB	DKD_vs_PAT	ERCB_TUB_H1	PODO	19	-0.32049897038622904	-3.352327109836964	scRNA
TUB	DKD_vs_PAT	ERCB_TUB_H1	PEC	28	-0.044717202096113136	-0.026364677290752158	scRNA
TUB	DKD_vs_PAT	ERCB_TUB_H1	ENDO	23	-0.03699930324016706	0.07637223854343754	scRNA
TUB	DKD_vs_PAT	ERCB_TUB_H1	ENDO_PT	29	0.09400305212957077	2.1229290885689935	scRNA
TUB	DKD_vs_PAT	ERCB_TUB_H1	MES	17	0.06110773147905575	1.2771972130388582	scRNA
TUB	DKD_vs_PAT	ERCB_TUB_H1	STROMA	35	0.12848439841930356	2.8575602317518545	scRNA
TUB	DKD_vs_PAT	ERCB_TUB_H1	PERI	32	-0.061009102420939584	-0.27049213967298136	scRNA
TUB	DKD_vs_PAT	ERCB_TUB_H1	BCELL	28	0.06935332023671695	1.678400278965167	scRNA
TUB	DKD_vs_PAT	ERCB_TUB_H1	TCELL	36	0.10510402058975567	2.5072421853348814	scRNA
TUB	DKD_vs_PAT	ERCB_TUB_H1	NK	31	0.04115054395891005	1.3087847208563235	scRNA
TUB	DKD_vs_PAT	ERCB_TUB_H1	MAC	31	0.14438366367211264	2.9360872367606365	scRNA
TUB	DKD_vs_PAT	ERCB_TUB_H1	DC	12	0.07167920842766762	1.0116537212434389	scRNA
TUB	DKD_vs_PAT	ERCB_TUB_H7	PT	29	-0.11283385741588628	-1.1450179920815975	scRNA
TUB	DKD_vs_PAT	ERCB_TUB_H7	PT_injured	17	-0.18809999678941333	-1.4417319787811684	scRNA
TUB	DKD_vs_PAT	ERCB_TUB_H7	LOH	25	0.2633867905475199	2.5929770207448164	scRNA
TUB	DKD_vs_PAT	ERCB_TUB_H7	DCT	23	-0.42010461312273273	-3.7770221258986325	scRNA
TUB	DKD_vs_PAT	ERCB_TUB_H7	CNT_PC	29	0.3476382827964322	3.695909152867902	scRNA
TUB	DKD_vs_PAT	ERCB_TUB_H7	IC	19	-0.5327202417078967	-4.222210906159717	scRNA
TUB	DKD_vs_PAT	ERCB_TUB_H7	PODO	21	-0.858669947655428	-7.607172961662928	scRNA
TUB	DKD_vs_PAT	ERCB_TUB_H7	PEC	29	-0.14629766081684623	-1.4124918163476112	scRNA
TUB	DKD_vs_PAT	ERCB_TUB_H7	ENDO	24	0.2751532301772386	2.6051840887781865	scRNA
TUB	DKD_vs_PAT	ERCB_TUB_H7	ENDO_PT	31	0.2950740865161342	3.136885926479632	scRNA
TUB	DKD_vs_PAT	ERCB_TUB_H7	MES	18	0.06727254100971752	0.5832300488453076	scRNA
TUB	DKD_vs_PAT	ERCB_TUB_H7	STROMA	35	0.38426276285733496	4.408865223612761	scRNA
TUB	DKD_vs_PAT	ERCB_TUB_H7	PERI	33	0.2189510432495312	2.5259549433550315	scRNA
TUB	DKD_vs_PAT	ERCB_TUB_H7	BCELL	28	0.3096344516213451	3.2057370954030104	scRNA
TUB	DKD_vs_PAT	ERCB_TUB_H7	TCELL	36	0.27050923208622	3.1388476645421277	scRNA
TUB	DKD_vs_PAT	ERCB_TUB_H7	NK	32	0.3578838052635547	3.8568249313139744	scRNA
TUB	DKD_vs_PAT	ERCB_TUB_H7	MAC	31	-0.02293900190101514	-0.1152960572692193	scRNA
TUB	DKD_vs_PAT	ERCB_TUB_H7	DC	12	0.40209037930859876	2.621673901026816	scRNA
TUB	DKD_vs_PAT	META	PT	29	-0.26207553375721104	-3.5455255637067835	scRNA
TUB	DKD_vs_PAT	META	PT_injured	17	-0.16707225658876054	-1.6487933319815855	scRNA
TUB	DKD_vs_PAT	META	LOH	25	0.18204686743207277	2.9226130332812414	scRNA
TUB	DKD_vs_PAT	META	DCT	23	-0.32230500925494276	-3.958300729253317	scRNA
TUB	DKD_vs_PAT	META	CNT_PC	29	0.24736084461469074	4.308683836784308	scRNA
TUB	DKD_vs_PAT	META	IC	19	-0.3128993895064157	-3.5307347183480515	scRNA
TUB	DKD_vs_PAT	META	PODO	21	-0.6248743640525001	-7.533626897740993	scRNA
TUB	DKD_vs_PAT	META	PEC	29	-0.09808882830086453	-1.116052105533745	scRNA
TUB	DKD_vs_PAT	META	ENDO	24	0.12408883095486088	2.005250762030888	scRNA
TUB	DKD_vs_PAT	META	ENDO_PT	31	0.20323494129303482	3.5702379306366256	scRNA
TUB	DKD_vs_PAT	META	MES	18	0.05990447993907663	0.9519546721176979	scRNA
TUB	DKD_vs_PAT	META	STROMA	35	0.2563735806383193	4.7429651441319916	scRNA
TUB	DKD_vs_PAT	META	PERI	33	0.075356840420599	1.771846971403655	scRNA
TUB	DKD_vs_PAT	META	BCELL	28	0.18949388592903102	3.175658144388298	scRNA
TUB	DKD_vs_PAT	META	TCELL	36	0.18780662633798784	3.5119382126788703	scRNA
TUB	DKD_vs_PAT	META	NK	32	0.20546693254436832	3.571528253566818	scRNA
TUB	DKD_vs_PAT	META	MAC	31	0.06072233088554874	1.3526867113041958	scRNA
TUB	DKD_vs_PAT	META	DC	12	0.2368847938681332	2.571845360159274	scRNA
TUB	DKD_vs_PAT_adj	ERCB_TUB_H1	PT	28	-0.13937181138083848	-2.1385973911263036	scRNA
TUB	DKD_vs_PAT_adj	ERCB_TUB_H1	PT_injured	16	-0.024879897976635784	-0.02241400453145431	scRNA
TUB	DKD_vs_PAT_adj	ERCB_TUB_H1	LOH	23	0.12518399427830454	2.420548362384238	scRNA
TUB	DKD_vs_PAT_adj	ERCB_TUB_H1	DCT	22	-0.07533524499245167	-0.8654350162205985	scRNA
TUB	DKD_vs_PAT_adj	ERCB_TUB_H1	CNT_PC	25	0.1922950991066975	3.6881139993221392	scRNA
TUB	DKD_vs_PAT_adj	ERCB_TUB_H1	IC	18	0.03752874117413377	0.8367650907333063	scRNA
TUB	DKD_vs_PAT_adj	ERCB_TUB_H1	PODO	19	-0.177079904942578	-2.3231548111308706	scRNA
TUB	DKD_vs_PAT_adj	ERCB_TUB_H1	PEC	28	-0.0025567005761508543	0.33999935196138653	scRNA
TUB	DKD_vs_PAT_adj	ERCB_TUB_H1	ENDO	23	0.09100220823703677	1.868334867148615	scRNA
TUB	DKD_vs_PAT_adj	ERCB_TUB_H1	ENDO_PT	29	0.16445535857082116	3.512764323075879	scRNA
TUB	DKD_vs_PAT_adj	ERCB_TUB_H1	MES	17	0.054327698311065833	1.0501165727807054	scRNA
TUB	DKD_vs_PAT_adj	ERCB_TUB_H1	STROMA	35	0.097554480116098	2.45126076969698	scRNA
TUB	DKD_vs_PAT_adj	ERCB_TUB_H1	PERI	32	0.061997567868041045	1.658993346814578	scRNA
TUB	DKD_vs_PAT_adj	ERCB_TUB_H1	BCELL	28	0.02369797173482541	0.8078570610420341	scRNA
TUB	DKD_vs_PAT_adj	ERCB_TUB_H1	TCELL	36	-0.031731357752415715	-0.18864952639677185	scRNA
TUB	DKD_vs_PAT_adj	ERCB_TUB_H1	NK	31	-0.042167113417335374	-0.4133092949925219	scRNA
TUB	DKD_vs_PAT_adj	ERCB_TUB_H1	MAC	31	0.010007495859252109	0.5863865182516969	scRNA
TUB	DKD_vs_PAT_adj	ERCB_TUB_H1	DC	12	0.009408039906326252	0.3534153347492084	scRNA
TUB	DKD_vs_PAT_adj	ERCB_TUB_H7	PT	29	0.20769131694421478	1.6814547409319585	scRNA
TUB	DKD_vs_PAT_adj	ERCB_TUB_H7	PT_injured	17	-0.012903695788282292	-0.2665994803888449	scRNA
TUB	DKD_vs_PAT_adj	ERCB_TUB_H7	LOH	25	0.372380018942846	2.9626712899417824	scRNA
TUB	DKD_vs_PAT_adj	ERCB_TUB_H7	DCT	23	-0.2764697898464895	-2.6344679105639837	scRNA
TUB	DKD_vs_PAT_adj	ERCB_TUB_H7	CNT_PC	29	0.4470527756028648	4.151698106523744	scRNA
TUB	DKD_vs_PAT_adj	ERCB_TUB_H7	IC	19	-0.4929011448521771	-4.193929562317356	scRNA
TUB	DKD_vs_PAT_adj	ERCB_TUB_H7	PODO	21	-0.7738977159150124	-6.4475214994602235	scRNA
TUB	DKD_vs_PAT_adj	ERCB_TUB_H7	PEC	29	-0.12605407261755527	-1.4703721922731214	scRNA
TUB	DKD_vs_PAT_adj	ERCB_TUB_H7	ENDO	24	0.46444937464464275	3.994844480390792	scRNA
TUB	DKD_vs_PAT_adj	ERCB_TUB_H7	ENDO_PT	31	0.4173022429064162	4.008481217398075	scRNA
TUB	DKD_vs_PAT_adj	ERCB_TUB_H7	MES	18	0.04673597525291672	0.20357493404587204	scRNA
TUB	DKD_vs_PAT_adj	ERCB_TUB_H7	STROMA	35	0.3322562246838343	3.2963326059143787	scRNA
TUB	DKD_vs_PAT_adj	ERCB_TUB_H7	PERI	33	0.4139759885170256	3.9662686689907676	scRNA
TUB	DKD_vs_PAT_adj	ERCB_TUB_H7	BCELL	28	0.24731870573285222	2.1509580285096472	scRNA
TUB	DKD_vs_PAT_adj	ERCB_TUB_H7	TCELL	36	0.10696596300909299	0.9299161398644507	scRNA
TUB	DKD_vs_PAT_adj	ERCB_TUB_H7	NK	32	0.2786567965977741	2.379030556691894	scRNA
TUB	DKD_vs_PAT_adj	ERCB_TUB_H7	MAC	31	-0.24849480988353778	-2.593057634431186	scRNA
TUB	DKD_vs_PAT_adj	ERCB_TUB_H7	DC	12	0.3621710451273921	1.951678829474872	scRNA
TUB	DKD_vs_PAT_adj	META	PT	29	0.04240299502575227	0.5847409259171253	scRNA
TUB	DKD_vs_PAT_adj	META	PT_injured	17	-0.0013580698894999803	-0.11731946119948902	scRNA
TUB	DKD_vs_PAT_adj	META	LOH	25	0.27426041026922776	3.8924313307116902	scRNA
TUB	DKD_vs_PAT_adj	META	DCT	23	-0.1703394941127523	-2.4797003211514497	scRNA
TUB	DKD_vs_PAT_adj	META	CNT_PC	29	0.35175487617057155	5.382412799324369	scRNA
TUB	DKD_vs_PAT_adj	META	IC	19	-0.24711184023096328	-3.237250016660468	scRNA
TUB	DKD_vs_PAT_adj	META	PODO	21	-0.5123283597195567	-6.753523075452987	scRNA
TUB	DKD_vs_PAT_adj	META	PEC	29	-0.0658632991888834	-1.1215784119075705	scRNA
TUB	DKD_vs_PAT_adj	META	ENDO	24	0.2844934806975577	4.096564794514479	scRNA
TUB	DKD_vs_PAT_adj	META	ENDO_PT	31	0.299197649256186	4.818038193737963	scRNA
TUB	DKD_vs_PAT_adj	META	MES	18	0.047142213968927725	0.5217045290371192	scRNA
TUB	DKD_vs_PAT_adj	META	STROMA	35	0.21490535239996617	3.62917103080908	scRNA
TUB	DKD_vs_PAT_adj	META	PERI	33	0.23661978165836928	4.0220953792851875	scRNA
TUB	DKD_vs_PAT_adj	META	BCELL	28	0.13550833873383877	2.1382209067450098	scRNA
TUB	DKD_vs_PAT_adj	META	TCELL	36	0.03761730262833862	0.5301863650910157	scRNA
TUB	DKD_vs_PAT_adj	META	NK	32	0.12360594503420802	1.9901500370932197	scRNA
TUB	DKD_vs_PAT_adj	META	MAC	31	-0.11924365701214285	-1.9502424267297216	scRNA
TUB	DKD_vs_PAT_adj	META	DC	12	0.1857895425168592	1.9059306009583823	scRNA
TUB	FSGS_vs_PAT	ERCB_TUB_H1	PT	28	-0.5377100610307285	-8.05889688935022	scRNA
TUB	FSGS_vs_PAT	ERCB_TUB_H1	PT_injured	16	-0.31169290421530604	-3.6144025543646014	scRNA
TUB	FSGS_vs_PAT	ERCB_TUB_H1	LOH	23	-0.12322196139670584	-1.6304879465649222	scRNA
TUB	FSGS_vs_PAT	ERCB_TUB_H1	DCT	22	-0.24755885214968162	-3.160531599849134	scRNA
TUB	FSGS_vs_PAT	ERCB_TUB_H1	CNT_PC	25	-0.21297859996557236	-2.812470136440627	scRNA
TUB	FSGS_vs_PAT	ERCB_TUB_H1	IC	18	-0.05550582810408539	-0.6342868208071722	scRNA
TUB	FSGS_vs_PAT	ERCB_TUB_H1	PODO	19	-0.26474478919255107	-3.258298891022229	scRNA
TUB	FSGS_vs_PAT	ERCB_TUB_H1	PEC	28	-0.029412269575654407	-0.38154613075315386	scRNA
TUB	FSGS_vs_PAT	ERCB_TUB_H1	ENDO	23	-0.20012994758460834	-2.5826696590504743	scRNA
TUB	FSGS_vs_PAT	ERCB_TUB_H1	ENDO_PT	29	-0.13469786445032164	-1.8711208637428296	scRNA
TUB	FSGS_vs_PAT	ERCB_TUB_H1	MES	17	0.0601227842271328	0.7274214660642956	scRNA
TUB	FSGS_vs_PAT	ERCB_TUB_H1	STROMA	35	0.07068267922316279	1.1505054051615833	scRNA
TUB	FSGS_vs_PAT	ERCB_TUB_H1	PERI	32	-0.12857936872751452	-1.9909338160605141	scRNA
TUB	FSGS_vs_PAT	ERCB_TUB_H1	BCELL	28	0.09712713328190148	1.4579426442028196	scRNA
TUB	FSGS_vs_PAT	ERCB_TUB_H1	TCELL	36	0.18683881426437032	3.1118155550738553	scRNA
TUB	FSGS_vs_PAT	ERCB_TUB_H1	NK	31	0.15930271264345897	2.4190986208221914	scRNA
TUB	FSGS_vs_PAT	ERCB_TUB_H1	MAC	31	-0.04230720117207496	-0.6752815848053487	scRNA
TUB	FSGS_vs_PAT	ERCB_TUB_H1	DC	12	0.19925031919653216	1.870095955283291	scRNA
TUB	FSGS_vs_PAT	GSE108112-GPL19983	PT	48	-0.13322331488598135	-5.14257162399774	scRNA
TUB	FSGS_vs_PAT	GSE108112-GPL19983	PT_injured	48	-0.12042786214442454	-4.510997302930885	scRNA
TUB	FSGS_vs_PAT	GSE108112-GPL19983	LOH	46	-0.036966280389131724	-1.0897477285337271	scRNA
TUB	FSGS_vs_PAT	GSE108112-GPL19983	DCT	46	-0.04207161569502205	-1.2695644032570974	scRNA
TUB	FSGS_vs_PAT	GSE108112-GPL19983	CNT_PC	47	-0.04922967031350398	-1.5824773822240747	scRNA
TUB	FSGS_vs_PAT	GSE108112-GPL19983	IC	48	-0.047660752141382524	-1.597874374306513	scRNA
TUB	FSGS_vs_PAT	GSE108112-GPL19983	PODO	48	-0.09831314646483706	-3.6542915506794476	scRNA
TUB	FSGS_vs_PAT	GSE108112-GPL19983	PEC	48	0.02417853648815557	1.4420219928758784	scRNA
TUB	FSGS_vs_PAT	GSE108112-GPL19983	ENDO	47	0.08075124552433793	3.785455975285703	scRNA
TUB	FSGS_vs_PAT	GSE108112-GPL19983	ENDO_PT	49	0.04521026816314124	2.2682713214308134	scRNA
TUB	FSGS_vs_PAT	GSE108112-GPL19983	MES	22	-0.0013336489739065908	0.26118323556019035	scRNA
TUB	FSGS_vs_PAT	GSE108112-GPL19983	STROMA	49	0.1074992381416413	4.781521487993127	scRNA
TUB	FSGS_vs_PAT	GSE108112-GPL19983	PERI	49	0.02831320654676885	1.6368197404158624	scRNA
TUB	FSGS_vs_PAT	GSE108112-GPL19983	BCELL	44	0.0919051693900573	4.106451703083097	scRNA
TUB	FSGS_vs_PAT	GSE108112-GPL19983	TCELL	47	0.09724996248359218	4.369000166427159	scRNA
TUB	FSGS_vs_PAT	GSE108112-GPL19983	NK	49	0.11737403379068993	5.482411770897999	scRNA
TUB	FSGS_vs_PAT	GSE108112-GPL19983	MAC	49	0.05990574363980214	2.90952389676983	scRNA
TUB	FSGS_vs_PAT	GSE108112-GPL19983	DC	17	0.195339325158035	5.215296393122167	scRNA
TUB	FSGS_vs_PAT	GSE133288-GPL19983	PT	48	-0.39041411542954546	-8.148642336631426	scRNA
TUB	FSGS_vs_PAT	GSE133288-GPL19983	PT_injured	48	-0.13605016008174667	-2.7083381505823625	scRNA
TUB	FSGS_vs_PAT	GSE133288-GPL19983	LOH	46	-0.04387515485185482	-0.7660591128362852	scRNA
TUB	FSGS_vs_PAT	GSE133288-GPL19983	DCT	46	-0.17265965441322845	-3.589667970144231	scRNA
TUB	FSGS_vs_PAT	GSE133288-GPL19983	CNT_PC	47	-0.056752952132770346	-0.9507411840604411	scRNA
TUB	FSGS_vs_PAT	GSE133288-GPL19983	IC	48	-0.09850030799619465	-1.8609195224935966	scRNA
TUB	FSGS_vs_PAT	GSE133288-GPL19983	PODO	48	-0.12831926918200529	-2.5445110147548413	scRNA
TUB	FSGS_vs_PAT	GSE133288-GPL19983	PEC	48	0.1717394457931126	3.9606323357106854	scRNA
TUB	FSGS_vs_PAT	GSE133288-GPL19983	ENDO	47	-0.08839587470457116	-1.6796672289248267	scRNA
TUB	FSGS_vs_PAT	GSE133288-GPL19983	ENDO_PT	49	-0.05546905243845315	-0.9647811646997296	scRNA
TUB	FSGS_vs_PAT	GSE133288-GPL19983	MES	22	0.10813293724574825	1.6915001686525373	scRNA
TUB	FSGS_vs_PAT	GSE133288-GPL19983	STROMA	49	0.14985377867991218	3.5542953916008195	scRNA
TUB	FSGS_vs_PAT	GSE133288-GPL19983	PERI	49	-0.053428269873434964	-0.8920636099323107	scRNA
TUB	FSGS_vs_PAT	GSE133288-GPL19983	BCELL	44	0.3240100416058505	7.098956706382257	scRNA
TUB	FSGS_vs_PAT	GSE133288-GPL19983	TCELL	47	0.1950739049055475	4.2540001737669115	scRNA
TUB	FSGS_vs_PAT	GSE133288-GPL19983	NK	49	0.10706570142956108	2.638486423085176	scRNA
TUB	FSGS_vs_PAT	GSE133288-GPL19983	MAC	49	0.18706884576074248	4.302984159857199	scRNA
TUB	FSGS_vs_PAT	GSE133288-GPL19983	DC	17	0.10210953543291372	1.5183385597224304	scRNA
TUB	FSGS_vs_PAT	GSE182380-RNAseq	PT	47	-0.3047598667363537	-7.181609731702335	scRNA
TUB	FSGS_vs_PAT	GSE182380-RNAseq	PT_injured	38	-0.2745472826063633	-5.95998454825052	scRNA
TUB	FSGS_vs_PAT	GSE182380-RNAseq	LOH	37	-0.08129193918225733	-0.9014701899206703	scRNA
TUB	FSGS_vs_PAT	GSE182380-RNAseq	DCT	41	-0.18416566955970554	-3.4746759189136114	scRNA
TUB	FSGS_vs_PAT	GSE182380-RNAseq	CNT_PC	41	0.0017148785565684454	1.1438526771366375	scRNA
TUB	FSGS_vs_PAT	GSE182380-RNAseq	IC	42	-0.05817732090751328	-0.4163297342554192	scRNA
TUB	FSGS_vs_PAT	GSE182380-RNAseq	PODO	39	-0.15076420236474428	-2.7177420094394042	scRNA
TUB	FSGS_vs_PAT	GSE182380-RNAseq	PEC	45	-0.006964253176314138	0.9588961455861487	scRNA
TUB	FSGS_vs_PAT	GSE182380-RNAseq	ENDO	42	-0.023506897745565285	0.4534589915636294	scRNA
TUB	FSGS_vs_PAT	GSE182380-RNAseq	ENDO_PT	48	0.020896951566101038	1.7911393969458853	scRNA
TUB	FSGS_vs_PAT	GSE182380-RNAseq	MES	19	0.05125074461102486	1.6340832807497188	scRNA
TUB	FSGS_vs_PAT	GSE182380-RNAseq	STROMA	49	0.09295617299610558	3.875951553817279	scRNA
TUB	FSGS_vs_PAT	GSE182380-RNAseq	PERI	46	-0.005322690344537082	1.0813597010067926	scRNA
TUB	FSGS_vs_PAT	GSE182380-RNAseq	BCELL	32	0.26710826659109443	7.279829311976293	scRNA
TUB	FSGS_vs_PAT	GSE182380-RNAseq	TCELL	40	0.36899865940213206	10.001117180866212	scRNA
TUB	FSGS_vs_PAT	GSE182380-RNAseq	NK	47	0.2662214811970579	8.306917186977227	scRNA
TUB	FSGS_vs_PAT	GSE182380-RNAseq	MAC	48	0.20468234356182316	6.8902299072233735	scRNA
TUB	FSGS_vs_PAT	GSE182380-RNAseq	DC	15	0.24098820860187212	4.493904759534651	scRNA
TUB	FSGS_vs_PAT	META	PT	50	-0.3100831338794281	-10.892582400184839	scRNA
TUB	FSGS_vs_PAT	META	PT_injured	48	-0.18076389838905826	-6.197474808787234	scRNA
TUB	FSGS_vs_PAT	META	LOH	46	-0.06643522367433076	-1.6300290361744718	scRNA
TUB	FSGS_vs_PAT	META	DCT	46	-0.14049080086904037	-4.478811763760091	scRNA
TUB	FSGS_vs_PAT	META	CNT_PC	47	-0.07028482726330089	-1.8792523728927866	scRNA
TUB	FSGS_vs_PAT	META	IC	49	-0.07676623141009765	-2.0869271105811285	scRNA
TUB	FSGS_vs_PAT	META	PODO	48	-0.13824186203419228	-4.591294857687093	scRNA
TUB	FSGS_vs_PAT	META	PEC	48	0.04911575172132465	2.606165268427147	scRNA
TUB	FSGS_vs_PAT	META	ENDO	47	-0.0336774298974894	-0.4761253407121508	scRNA
TUB	FSGS_vs_PAT	META	ENDO_PT	50	-0.01744291377292636	0.09379733541341832	scRNA
TUB	FSGS_vs_PAT	META	MES	22	0.04714019422659255	1.7617454207505876	scRNA
TUB	FSGS_vs_PAT	META	STROMA	50	0.10025668202977008	4.619057961975852	scRNA
TUB	FSGS_vs_PAT	META	PERI	49	-0.027268123566085902	-0.21825169868835798	scRNA
TUB	FSGS_vs_PAT	META	BCELL	45	0.21753223418275372	8.598328808002499	scRNA
TUB	FSGS_vs_PAT	META	TCELL	49	0.19280832364749745	7.922070306711933	scRNA
TUB	FSGS_vs_PAT	META	NK	49	0.1559077790838533	6.839212808209295	scRNA
TUB	FSGS_vs_PAT	META	MAC	50	0.11130383826908653	5.1435757566148546	scRNA
TUB	FSGS_vs_PAT	META	DC	17	0.18301082932956372	4.585848412747689	scRNA
TUB	FSGS_vs_PAT_adj	ERCB_TUB_H1	PT	28	-0.2871679134482489	-4.808914378905967	scRNA
TUB	FSGS_vs_PAT_adj	ERCB_TUB_H1	PT_injured	16	-0.20977231859197035	-2.9327958132651646	scRNA
TUB	FSGS_vs_PAT_adj	ERCB_TUB_H1	LOH	23	-0.08123583422098442	-1.5102396154680808	scRNA
TUB	FSGS_vs_PAT_adj	ERCB_TUB_H1	DCT	22	-0.09068482253735254	-1.611181772992062	scRNA
TUB	FSGS_vs_PAT_adj	ERCB_TUB_H1	CNT_PC	25	-0.15993429374664772	-2.818597052350512	scRNA
TUB	FSGS_vs_PAT_adj	ERCB_TUB_H1	IC	18	0.026951236523649644	0.09494879911717548	scRNA
TUB	FSGS_vs_PAT_adj	ERCB_TUB_H1	PODO	19	-0.12002842043216787	-1.897253175247716	scRNA
TUB	FSGS_vs_PAT_adj	ERCB_TUB_H1	PEC	28	0.014145109347829627	-0.1042494004731774	scRNA
TUB	FSGS_vs_PAT_adj	ERCB_TUB_H1	ENDO	23	-0.0774985301681946	-1.418084633228833	scRNA
TUB	FSGS_vs_PAT_adj	ERCB_TUB_H1	ENDO_PT	29	-0.07539616089473893	-1.518810478501406	scRNA
TUB	FSGS_vs_PAT_adj	ERCB_TUB_H1	MES	17	0.05914194730904215	0.5183253327491301	scRNA
TUB	FSGS_vs_PAT_adj	ERCB_TUB_H1	STROMA	35	0.03612879384151378	0.24346598687458126	scRNA
TUB	FSGS_vs_PAT_adj	ERCB_TUB_H1	PERI	32	-0.008094835180745524	-0.45681780071346556	scRNA
TUB	FSGS_vs_PAT_adj	ERCB_TUB_H1	BCELL	28	0.05130246754038755	0.5353147255549984	scRNA
TUB	FSGS_vs_PAT_adj	ERCB_TUB_H1	TCELL	36	0.04914749253316902	0.51572596910592	scRNA
TUB	FSGS_vs_PAT_adj	ERCB_TUB_H1	NK	31	0.06590655678824281	0.7710976214256737	scRNA
TUB	FSGS_vs_PAT_adj	ERCB_TUB_H1	MAC	31	-0.2387157974092768	-4.3586071494128085	scRNA
TUB	FSGS_vs_PAT_adj	ERCB_TUB_H1	DC	12	0.12483790275358192	1.090698218881513	scRNA
TUB	FSGS_vs_PAT_adj	GSE108112-GPL19983	PT	48	-0.11901426066913488	-4.626566848326859	scRNA
TUB	FSGS_vs_PAT_adj	GSE108112-GPL19983	PT_injured	48	-0.11578781523697279	-4.361291817410777	scRNA
TUB	FSGS_vs_PAT_adj	GSE108112-GPL19983	LOH	46	-0.036365426450222706	-1.0593902961195965	scRNA
TUB	FSGS_vs_PAT_adj	GSE108112-GPL19983	DCT	46	-0.032647089528801465	-0.9685045077014376	scRNA
TUB	FSGS_vs_PAT_adj	GSE108112-GPL19983	CNT_PC	47	-0.04081429525753584	-1.2822593663663397	scRNA
TUB	FSGS_vs_PAT_adj	GSE108112-GPL19983	IC	48	-0.03771899580001839	-1.1444650043027977	scRNA
TUB	FSGS_vs_PAT_adj	GSE108112-GPL19983	PODO	48	-0.09201919701560606	-3.476318342257749	scRNA
TUB	FSGS_vs_PAT_adj	GSE108112-GPL19983	PEC	48	0.02485779510765411	1.4386189190601841	scRNA
TUB	FSGS_vs_PAT_adj	GSE108112-GPL19983	ENDO	47	0.0846408456460093	3.889506067180371	scRNA
TUB	FSGS_vs_PAT_adj	GSE108112-GPL19983	ENDO_PT	49	0.04710507396613268	2.396109734338132	scRNA
TUB	FSGS_vs_PAT_adj	GSE108112-GPL19983	MES	22	-0.007520940743593065	0.04478393880951112	scRNA
TUB	FSGS_vs_PAT_adj	GSE108112-GPL19983	STROMA	49	0.10253405107243041	4.726833700370718	scRNA
TUB	FSGS_vs_PAT_adj	GSE108112-GPL19983	PERI	49	0.030077956111411227	1.6704440338461282	scRNA
TUB	FSGS_vs_PAT_adj	GSE108112-GPL19983	BCELL	44	0.07887163718892606	3.468666035534715	scRNA
TUB	FSGS_vs_PAT_adj	GSE108112-GPL19983	TCELL	47	0.08619343406820418	3.9038959016222563	scRNA
TUB	FSGS_vs_PAT_adj	GSE108112-GPL19983	NK	49	0.11102747950105449	5.0390624626717475	scRNA
TUB	FSGS_vs_PAT_adj	GSE108112-GPL19983	MAC	49	0.05300457959009294	2.566607679614741	scRNA
TUB	FSGS_vs_PAT_adj	GSE108112-GPL19983	DC	17	0.19081791125955783	5.006334408000842	scRNA
TUB	FSGS_vs_PAT_adj	GSE133288-GPL19983	PT	48	-0.251986458925243	-6.2874169500946335	scRNA
TUB	FSGS_vs_PAT_adj	GSE133288-GPL19983	PT_injured	48	-0.10909090824725105	-2.4998391079347235	scRNA
TUB	FSGS_vs_PAT_adj	GSE133288-GPL19983	LOH	46	-0.08772059181372971	-2.0240673582286686	scRNA
TUB	FSGS_vs_PAT_adj	GSE133288-GPL19983	DCT	46	-0.08596537906671327	-2.0880014002801186	scRNA
TUB	FSGS_vs_PAT_adj	GSE133288-GPL19983	CNT_PC	47	-0.01828869505262458	-0.3363388510066498	scRNA
TUB	FSGS_vs_PAT_adj	GSE133288-GPL19983	IC	48	0.02071584121548704	0.6636633619768322	scRNA
TUB	FSGS_vs_PAT_adj	GSE133288-GPL19983	PODO	48	-0.03126785897451843	-0.5769316004901134	scRNA
TUB	FSGS_vs_PAT_adj	GSE133288-GPL19983	PEC	48	0.14280396668666898	3.689087129175342	scRNA
TUB	FSGS_vs_PAT_adj	GSE133288-GPL19983	ENDO	47	-0.058233554531366485	-1.2996481464354204	scRNA
TUB	FSGS_vs_PAT_adj	GSE133288-GPL19983	ENDO_PT	49	-0.062024515030100626	-1.4307265277313308	scRNA
TUB	FSGS_vs_PAT_adj	GSE133288-GPL19983	MES	22	0.11127754422263933	2.0296188388583	scRNA
TUB	FSGS_vs_PAT_adj	GSE133288-GPL19983	STROMA	49	0.09639566922956208	2.635659404217386	scRNA
TUB	FSGS_vs_PAT_adj	GSE133288-GPL19983	PERI	49	-0.030348657272870574	-0.5926000884732884	scRNA
TUB	FSGS_vs_PAT_adj	GSE133288-GPL19983	BCELL	44	0.26667409415444837	6.515458466867062	scRNA
TUB	FSGS_vs_PAT_adj	GSE133288-GPL19983	TCELL	47	0.1304714186704677	3.243344715742684	scRNA
TUB	FSGS_vs_PAT_adj	GSE133288-GPL19983	NK	49	0.06630336812608484	1.8141618991425394	scRNA
TUB	FSGS_vs_PAT_adj	GSE133288-GPL19983	MAC	49	0.11714453866785107	3.27808449417943	scRNA
TUB	FSGS_vs_PAT_adj	GSE133288-GPL19983	DC	17	0.045045339152287485	0.7518436394036675	scRNA
TUB	FSGS_vs_PAT_adj	GSE182380-RNAseq	PT	47	-0.15876294650545184	-5.080060436264164	scRNA
TUB	FSGS_vs_PAT_adj	GSE182380-RNAseq	PT_injured	38	-0.1961956404565332	-5.902830514951569	scRNA
TUB	FSGS_vs_PAT_adj	GSE182380-RNAseq	LOH	37	-0.06488302693358251	-1.3255128702615557	scRNA
TUB	FSGS_vs_PAT_adj	GSE182380-RNAseq	DCT	41	-0.07716474597260325	-1.8835782793957372	scRNA
TUB	FSGS_vs_PAT_adj	GSE182380-RNAseq	CNT_PC	41	0.03411931867106381	2.062215388131099	scRNA
TUB	FSGS_vs_PAT_adj	GSE182380-RNAseq	IC	42	0.050139450053918413	2.660621268325407	scRNA
TUB	FSGS_vs_PAT_adj	GSE182380-RNAseq	PODO	39	-0.07232969220796157	-1.6129007853833783	scRNA
TUB	FSGS_vs_PAT_adj	GSE182380-RNAseq	PEC	45	-0.020327012309197215	0.14961956074642507	scRNA
TUB	FSGS_vs_PAT_adj	GSE182380-RNAseq	ENDO	42	0.01647159721940135	1.4895461870846536	scRNA
TUB	FSGS_vs_PAT_adj	GSE182380-RNAseq	ENDO_PT	48	0.01715753054954769	1.5127072783461843	scRNA
TUB	FSGS_vs_PAT_adj	GSE182380-RNAseq	MES	19	0.0346517935406482	1.378828662622534	scRNA
TUB	FSGS_vs_PAT_adj	GSE182380-RNAseq	STROMA	49	0.027100051492444967	1.91638925366894	scRNA
TUB	FSGS_vs_PAT_adj	GSE182380-RNAseq	PERI	46	0.00922385814663131	1.3082672231437034	scRNA
TUB	FSGS_vs_PAT_adj	GSE182380-RNAseq	BCELL	32	0.15180285310214703	5.515965833666137	scRNA
TUB	FSGS_vs_PAT_adj	GSE182380-RNAseq	TCELL	40	0.25270341152664727	9.535966753481407	scRNA
TUB	FSGS_vs_PAT_adj	GSE182380-RNAseq	NK	47	0.18606295029424127	7.806525378707841	scRNA
TUB	FSGS_vs_PAT_adj	GSE182380-RNAseq	MAC	48	0.11103530895581526	5.214149034983752	scRNA
TUB	FSGS_vs_PAT_adj	GSE182380-RNAseq	DC	15	0.14193709257219403	3.4571950387615917	scRNA
TUB	FSGS_vs_PAT_adj	META	PT	50	-0.18817558610893556	-8.41823491341717	scRNA
TUB	FSGS_vs_PAT_adj	META	PT_injured	48	-0.1411293156565271	-6.208827888264278	scRNA
TUB	FSGS_vs_PAT_adj	META	LOH	46	-0.06987623469444242	-2.7619087007506367	scRNA
TUB	FSGS_vs_PAT_adj	META	DCT	46	-0.06626820820383642	-2.5070865182034243	scRNA
TUB	FSGS_vs_PAT_adj	META	CNT_PC	47	-0.03828806541736218	-1.2487078279157067	scRNA
TUB	FSGS_vs_PAT_adj	META	IC	49	0.004484412094683446	0.7133501423192548	scRNA
TUB	FSGS_vs_PAT_adj	META	PODO	48	-0.07362693603695863	-2.8292991435198394	scRNA
TUB	FSGS_vs_PAT_adj	META	PEC	48	0.045298341224041305	2.5730474865194535	scRNA
TUB	FSGS_vs_PAT_adj	META	ENDO	47	0.00237490918282765	0.6177680071982001	scRNA
TUB	FSGS_vs_PAT_adj	META	ENDO_PT	50	-0.011761619685189175	-0.05894796653605608	scRNA
TUB	FSGS_vs_PAT_adj	META	MES	22	0.04393437655333944	1.7725501006656594	scRNA
TUB	FSGS_vs_PAT_adj	META	STROMA	50	0.06195606939775648	3.5458476605368445	scRNA
TUB	FSGS_vs_PAT_adj	META	PERI	49	0.002321835675201299	0.6325320440786336	scRNA
TUB	FSGS_vs_PAT_adj	META	BCELL	45	0.1612802123874189	8.157385364377237	scRNA
TUB	FSGS_vs_PAT_adj	META	TCELL	49	0.11802137597188271	6.1346401748470925	scRNA
TUB	FSGS_vs_PAT_adj	META	NK	49	0.10608571545373219	5.732866416432317	scRNA
TUB	FSGS_vs_PAT_adj	META	MAC	50	0.03536033187212026	2.155153562571402	scRNA
TUB	FSGS_vs_PAT_adj	META	DC	17	0.12937029868066932	3.8442995396925923	scRNA
TUB	HT_vs_PAT	ERCB_TUB_H1	PT	28	0.11182751438380881	4.537391394432891	scRNA
TUB	HT_vs_PAT	ERCB_TUB_H1	PT_injured	16	0.0515388449312013	1.4325154415125596	scRNA
TUB	HT_vs_PAT	ERCB_TUB_H1	LOH	23	0.011948723662973641	0.26580143040994325	scRNA
TUB	HT_vs_PAT	ERCB_TUB_H1	DCT	22	0.12660321847281672	4.480483264229116	scRNA
TUB	HT_vs_PAT	ERCB_TUB_H1	CNT_PC	25	0.03673901099711656	1.1974958977752614	scRNA
TUB	HT_vs_PAT	ERCB_TUB_H1	IC	18	0.07066723415886775	2.2301990140178987	scRNA
TUB	HT_vs_PAT	ERCB_TUB_H1	PODO	19	0.12617127250536883	4.342535303269187	scRNA
TUB	HT_vs_PAT	ERCB_TUB_H1	PEC	28	0.0366125982919974	1.2710087801386998	scRNA
TUB	HT_vs_PAT	ERCB_TUB_H1	ENDO	23	0.03492409187753724	1.0955530847479533	scRNA
TUB	HT_vs_PAT	ERCB_TUB_H1	ENDO_PT	29	0.032426542695812424	1.097377339844204	scRNA
TUB	HT_vs_PAT	ERCB_TUB_H1	MES	17	-0.003657290109378468	-0.34722068323518224	scRNA
TUB	HT_vs_PAT	ERCB_TUB_H1	STROMA	35	-0.005400024620550017	-0.6045534983688212	scRNA
TUB	HT_vs_PAT	ERCB_TUB_H1	PERI	32	0.06609305649180894	2.7818731791044495	scRNA
TUB	HT_vs_PAT	ERCB_TUB_H1	BCELL	28	0.03544643627745764	1.237254124630736	scRNA
TUB	HT_vs_PAT	ERCB_TUB_H1	TCELL	36	-0.009948303431479462	-0.7807290479186284	scRNA
TUB	HT_vs_PAT	ERCB_TUB_H1	NK	31	0.022590278617797346	0.7244525307263979	scRNA
TUB	HT_vs_PAT	ERCB_TUB_H1	MAC	31	0.017929436759121956	0.5148553068246055	scRNA
TUB	HT_vs_PAT	ERCB_TUB_H1	DC	12	-0.010017219504031049	-0.4866429140566918	scRNA
TUB	HT_vs_PAT	META	PT	28	0.11182751438380881	4.376616254212943	scRNA
TUB	HT_vs_PAT	META	PT_injured	16	0.0515388449312013	1.4217398679621733	scRNA
TUB	HT_vs_PAT	META	LOH	23	0.011948723662973641	0.18039728288296936	scRNA
TUB	HT_vs_PAT	META	DCT	22	0.12660321847281672	4.425523320731629	scRNA
TUB	HT_vs_PAT	META	CNT_PC	25	0.03673901099711656	1.1333972793669354	scRNA
TUB	HT_vs_PAT	META	IC	18	0.07066723415886775	2.258644611158805	scRNA
TUB	HT_vs_PAT	META	PODO	19	0.12617127250536883	4.061220549929669	scRNA
TUB	HT_vs_PAT	META	PEC	28	0.0366125982919974	1.2408381653004048	scRNA
TUB	HT_vs_PAT	META	ENDO	23	0.03492409187753724	0.978382259173361	scRNA
TUB	HT_vs_PAT	META	ENDO_PT	29	0.032426542695812424	1.108509030106124	scRNA
TUB	HT_vs_PAT	META	MES	17	-0.003657290109378468	-0.2816218307222384	scRNA
TUB	HT_vs_PAT	META	STROMA	35	-0.005400024620550017	-0.5462399315591523	scRNA
TUB	HT_vs_PAT	META	PERI	32	0.06609305649180894	2.5638650334610236	scRNA
TUB	HT_vs_PAT	META	BCELL	28	0.03544643627745764	1.2505155681548874	scRNA
TUB	HT_vs_PAT	META	TCELL	36	-0.009948303431479462	-0.8147520944067358	scRNA
TUB	HT_vs_PAT	META	NK	31	0.022590278617797346	0.6456898109127943	scRNA
TUB	HT_vs_PAT	META	MAC	31	0.017929436759121956	0.5076413938230377	scRNA
TUB	HT_vs_PAT	META	DC	12	-0.010017219504031049	-0.5022312585303882	scRNA
TUB	HT_vs_PAT_adj	ERCB_TUB_H1	PT	28	-0.2667036427718009	-7.702763373382114	scRNA
TUB	HT_vs_PAT_adj	ERCB_TUB_H1	PT_injured	16	-0.11358023476696358	-2.273620337056604	scRNA
TUB	HT_vs_PAT_adj	ERCB_TUB_H1	LOH	23	-0.048596485394276925	-0.8566870528167297	scRNA
TUB	HT_vs_PAT_adj	ERCB_TUB_H1	DCT	22	-0.054165958558096694	-1.039302664328446	scRNA
TUB	HT_vs_PAT_adj	ERCB_TUB_H1	CNT_PC	25	-0.02100869453509088	-0.1142121649257269	scRNA
TUB	HT_vs_PAT_adj	ERCB_TUB_H1	IC	18	-0.01158685715958426	0.15702347971059857	scRNA
TUB	HT_vs_PAT_adj	ERCB_TUB_H1	PODO	19	-0.025316861910796306	-0.2227679219833565	scRNA
TUB	HT_vs_PAT_adj	ERCB_TUB_H1	PEC	28	0.0059054907974252875	0.6544184569717321	scRNA
TUB	HT_vs_PAT_adj	ERCB_TUB_H1	ENDO	23	-0.09083833846669061	-2.092535879396276	scRNA
TUB	HT_vs_PAT_adj	ERCB_TUB_H1	ENDO_PT	29	-0.02637296247961282	-0.2742875773582364	scRNA
TUB	HT_vs_PAT_adj	ERCB_TUB_H1	MES	17	0.005749604735983488	0.5345840090622795	scRNA
TUB	HT_vs_PAT_adj	ERCB_TUB_H1	STROMA	35	0.04616339645360268	2.1193668131288224	scRNA
TUB	HT_vs_PAT_adj	ERCB_TUB_H1	PERI	32	-0.05567668354095114	-1.2831444977891913	scRNA
TUB	HT_vs_PAT_adj	ERCB_TUB_H1	BCELL	28	0.0934608511740923	3.3583934666774757	scRNA
TUB	HT_vs_PAT_adj	ERCB_TUB_H1	TCELL	36	0.146566058527446	5.4688071400320375	scRNA
TUB	HT_vs_PAT_adj	ERCB_TUB_H1	NK	31	0.12285103733891412	4.490051981661402	scRNA
TUB	HT_vs_PAT_adj	ERCB_TUB_H1	MAC	31	0.20583809099665762	7.413809031841362	scRNA
TUB	HT_vs_PAT_adj	ERCB_TUB_H1	DC	12	0.08281361860014126	1.9278594452705011	scRNA
TUB	HT_vs_PAT_adj	META	PT	28	-0.2667036427718009	-7.729803520878149	scRNA
TUB	HT_vs_PAT_adj	META	PT_injured	16	-0.11358023476696358	-2.226711078729726	scRNA
TUB	HT_vs_PAT_adj	META	LOH	23	-0.048596485394276925	-0.8435763786719128	scRNA
TUB	HT_vs_PAT_adj	META	DCT	22	-0.054165958558096694	-1.0588090394652658	scRNA
TUB	HT_vs_PAT_adj	META	CNT_PC	25	-0.02100869453509088	-0.1249987580956218	scRNA
TUB	HT_vs_PAT_adj	META	IC	18	-0.01158685715958426	0.08550511273743544	scRNA
TUB	HT_vs_PAT_adj	META	PODO	19	-0.025316861910796306	-0.2380368006844106	scRNA
TUB	HT_vs_PAT_adj	META	PEC	28	0.0059054907974252875	0.7388244924151521	scRNA
TUB	HT_vs_PAT_adj	META	ENDO	23	-0.09083833846669061	-2.1328725273134297	scRNA
TUB	HT_vs_PAT_adj	META	ENDO_PT	29	-0.02637296247961282	-0.29098522910717134	scRNA
TUB	HT_vs_PAT_adj	META	MES	17	0.005749604735983488	0.5652459944922522	scRNA
TUB	HT_vs_PAT_adj	META	STROMA	35	0.04616339645360268	2.159866165894352	scRNA
TUB	HT_vs_PAT_adj	META	PERI	32	-0.05567668354095114	-1.3406426033917722	scRNA
TUB	HT_vs_PAT_adj	META	BCELL	28	0.0934608511740923	3.378639513618834	scRNA
TUB	HT_vs_PAT_adj	META	TCELL	36	0.146566058527446	5.581866388901148	scRNA
TUB	HT_vs_PAT_adj	META	NK	31	0.12285103733891412	4.3718643052898125	scRNA
TUB	HT_vs_PAT_adj	META	MAC	31	0.20583809099665762	7.003066362021339	scRNA
TUB	HT_vs_PAT_adj	META	DC	12	0.08281361860014126	1.9812100618590713	scRNA
TUB	IgAN_vs_PAT	ERCB_TUB_H1	PT	28	0.015947067977062288	0.3318020596453836	scRNA
TUB	IgAN_vs_PAT	ERCB_TUB_H1	PT_injured	16	0.026183483612840053	0.6397662449159198	scRNA
TUB	IgAN_vs_PAT	ERCB_TUB_H1	LOH	23	0.017518691131440188	0.3882051577948857	scRNA
TUB	IgAN_vs_PAT	ERCB_TUB_H1	DCT	22	0.007925760720602495	-0.004387773565305474	scRNA
TUB	IgAN_vs_PAT	ERCB_TUB_H1	CNT_PC	25	-0.0023430133610963647	-0.46227888929276034	scRNA
TUB	IgAN_vs_PAT	ERCB_TUB_H1	IC	18	0.011626254611959066	0.08027420999875488	scRNA
TUB	IgAN_vs_PAT	ERCB_TUB_H1	PODO	19	-0.0668377250886375	-3.0961661562356113	scRNA
TUB	IgAN_vs_PAT	ERCB_TUB_H1	PEC	28	-0.009914689231663939	-0.8726640439600477	scRNA
TUB	IgAN_vs_PAT	ERCB_TUB_H1	ENDO	23	0.036849165112589996	1.272639063099427	scRNA
TUB	IgAN_vs_PAT	ERCB_TUB_H1	ENDO_PT	29	0.044358993938658366	1.714558119990573	scRNA
TUB	IgAN_vs_PAT	ERCB_TUB_H1	MES	17	-0.028642038307974446	-1.3924689104552135	scRNA
TUB	IgAN_vs_PAT	ERCB_TUB_H1	STROMA	35	-0.053476256953685394	-3.2539190745029556	scRNA
TUB	IgAN_vs_PAT	ERCB_TUB_H1	PERI	32	0.033682528381177676	1.3316382391463932	scRNA
TUB	IgAN_vs_PAT	ERCB_TUB_H1	BCELL	28	0.003005903139377809	-0.21218322948675494	scRNA
TUB	IgAN_vs_PAT	ERCB_TUB_H1	TCELL	36	-0.02450930404787261	-1.7292340552602905	scRNA
TUB	IgAN_vs_PAT	ERCB_TUB_H1	NK	31	0.055536661916712825	2.4458021235026157	scRNA
TUB	IgAN_vs_PAT	ERCB_TUB_H1	MAC	31	0.054842126976338126	2.5076279660151326	scRNA
TUB	IgAN_vs_PAT	ERCB_TUB_H1	DC	12	-0.013350976941486183	-0.678155202797454	scRNA
TUB	IgAN_vs_PAT	GSE175759-RNAseq	PT	50	0.18146388420835138	4.020508233849757	scRNA
TUB	IgAN_vs_PAT	GSE175759-RNAseq	PT_injured	50	-0.03386146763339639	-0.7806754164554922	scRNA
TUB	IgAN_vs_PAT	GSE175759-RNAseq	LOH	50	0.1526357465609908	3.4196717987492296	scRNA
TUB	IgAN_vs_PAT	GSE175759-RNAseq	DCT	50	0.30957902877067683	7.060424245741741	scRNA
TUB	IgAN_vs_PAT	GSE175759-RNAseq	CNT_PC	50	0.20698310327890795	4.452039610947017	scRNA
TUB	IgAN_vs_PAT	GSE175759-RNAseq	IC	50	0.11018058386165648	2.4108400489483444	scRNA
TUB	IgAN_vs_PAT	GSE175759-RNAseq	PODO	50	0.009925804561935371	0.12521277716074458	scRNA
TUB	IgAN_vs_PAT	GSE175759-RNAseq	PEC	50	-0.15449095693882556	-3.5942686009759957	scRNA
TUB	IgAN_vs_PAT	GSE175759-RNAseq	ENDO	50	0.034502379479818046	0.7250974909330932	scRNA
TUB	IgAN_vs_PAT	GSE175759-RNAseq	ENDO_PT	50	-0.062296942472457886	-1.4586457988700967	scRNA
TUB	IgAN_vs_PAT	GSE175759-RNAseq	MES	23	-0.07167076642129003	-1.150411736585968	scRNA
TUB	IgAN_vs_PAT	GSE175759-RNAseq	STROMA	50	-0.11848256398923696	-2.7620503923485615	scRNA
TUB	IgAN_vs_PAT	GSE175759-RNAseq	PERI	50	0.10488444478949532	2.331871231431622	scRNA
TUB	IgAN_vs_PAT	GSE175759-RNAseq	BCELL	50	-0.003733659051358688	-0.16405081553342277	scRNA
TUB	IgAN_vs_PAT	GSE175759-RNAseq	TCELL	50	-0.1560940091125667	-3.619230885492059	scRNA
TUB	IgAN_vs_PAT	GSE175759-RNAseq	NK	50	-0.16981018088757993	-4.067458827147576	scRNA
TUB	IgAN_vs_PAT	GSE175759-RNAseq	MAC	50	-0.4202957433462143	-9.78018395798614	scRNA
TUB	IgAN_vs_PAT	GSE175759-RNAseq	DC	17	-0.09928246083505013	-1.347537368837971	scRNA
TUB	IgAN_vs_PAT	META	PT	50	0.14776794631034135	4.3177098471698425	scRNA
TUB	IgAN_vs_PAT	META	PT_injured	50	-0.03738508337875828	-0.946403910489892	scRNA
TUB	IgAN_vs_PAT	META	LOH	50	0.11995712004136294	3.3386208893003624	scRNA
TUB	IgAN_vs_PAT	META	DCT	50	0.23685320876014884	6.480736856602868	scRNA
TUB	IgAN_vs_PAT	META	CNT_PC	50	0.15884597570810002	4.393040529510231	scRNA
TUB	IgAN_vs_PAT	META	IC	50	0.12025707408087329	3.3232365964924915	scRNA
TUB	IgAN_vs_PAT	META	PODO	50	-0.005579785952577357	-0.0909149373076909	scRNA
TUB	IgAN_vs_PAT	META	PEC	50	-0.12085265501402316	-3.2298480730955057	scRNA
TUB	IgAN_vs_PAT	META	ENDO	50	0.026261682771146294	0.7785404503626218	scRNA
TUB	IgAN_vs_PAT	META	ENDO_PT	50	-0.027072959767538117	-0.7112018473263991	scRNA
TUB	IgAN_vs_PAT	META	MES	23	-0.06325423355978589	-1.1434123210985172	scRNA
TUB	IgAN_vs_PAT	META	STROMA	50	-0.10551905931788497	-2.8573684306736213	scRNA
TUB	IgAN_vs_PAT	META	PERI	50	0.05910669647040776	1.8008368572118794	scRNA
TUB	IgAN_vs_PAT	META	BCELL	50	0.02173583857482301	0.6319457364435493	scRNA
TUB	IgAN_vs_PAT	META	TCELL	50	-0.11241687116213143	-2.969803024197783	scRNA
TUB	IgAN_vs_PAT	META	NK	50	-0.09464362601283936	-2.608376157215026	scRNA
TUB	IgAN_vs_PAT	META	MAC	50	-0.26253807487897574	-7.130840121575503	scRNA
TUB	IgAN_vs_PAT	META	DC	17	-0.06091157281223465	-0.9253783936018832	scRNA
TUB	IgAN_vs_PAT_adj	ERCB_TUB_H1	PT	28	0.08770756304228115	3.0517682785241225	scRNA
TUB	IgAN_vs_PAT_adj	ERCB_TUB_H1	PT_injured	16	0.05796961617661113	1.3940297128092696	scRNA
TUB	IgAN_vs_PAT_adj	ERCB_TUB_H1	LOH	23	0.030164240832671895	0.7071721625080697	scRNA
TUB	IgAN_vs_PAT_adj	ERCB_TUB_H1	DCT	22	0.0387874550334305	1.0269502442179608	scRNA
TUB	IgAN_vs_PAT_adj	ERCB_TUB_H1	CNT_PC	25	0.005944637800128003	-0.22360511397615424	scRNA
TUB	IgAN_vs_PAT_adj	ERCB_TUB_H1	IC	18	0.023187119900741612	0.3665557474712691	scRNA
TUB	IgAN_vs_PAT_adj	ERCB_TUB_H1	PODO	19	-0.04341457610484111	-1.8816299139922126	scRNA
TUB	IgAN_vs_PAT_adj	ERCB_TUB_H1	PEC	28	-0.006042259265682441	-0.6827629281001487	scRNA
TUB	IgAN_vs_PAT_adj	ERCB_TUB_H1	ENDO	23	0.05770887266598786	1.781978137988459	scRNA
TUB	IgAN_vs_PAT_adj	ERCB_TUB_H1	ENDO_PT	29	0.055625303888886965	1.7811219845747146	scRNA
TUB	IgAN_vs_PAT_adj	ERCB_TUB_H1	MES	17	-0.03307082509347625	-1.4644261952573328	scRNA
TUB	IgAN_vs_PAT_adj	ERCB_TUB_H1	STROMA	35	-0.06598024607947651	-3.646502820614043	scRNA
TUB	IgAN_vs_PAT_adj	ERCB_TUB_H1	PERI	32	0.05873491116808903	2.010061532710293	scRNA
TUB	IgAN_vs_PAT_adj	ERCB_TUB_H1	BCELL	28	-0.007509853075248494	-0.7943031424041839	scRNA
TUB	IgAN_vs_PAT_adj	ERCB_TUB_H1	TCELL	36	-0.05228725254466858	-2.9129836295380995	scRNA
TUB	IgAN_vs_PAT_adj	ERCB_TUB_H1	NK	31	0.03989676906873599	1.1724256445648822	scRNA
TUB	IgAN_vs_PAT_adj	ERCB_TUB_H1	MAC	31	0.026206393221545915	0.5954014735571381	scRNA
TUB	IgAN_vs_PAT_adj	ERCB_TUB_H1	DC	12	-0.02467268354282738	-1.0180447625886808	scRNA
TUB	IgAN_vs_PAT_adj	GSE175759-RNAseq	PT	50	0.0948746628462678	2.1263627027076084	scRNA
TUB	IgAN_vs_PAT_adj	GSE175759-RNAseq	PT_injured	50	-0.08176758785373328	-2.13569878220495	scRNA
TUB	IgAN_vs_PAT_adj	GSE175759-RNAseq	LOH	50	0.09145624805886082	2.117469496085906	scRNA
TUB	IgAN_vs_PAT_adj	GSE175759-RNAseq	DCT	50	0.19919041822826852	4.606204143859137	scRNA
TUB	IgAN_vs_PAT_adj	GSE175759-RNAseq	CNT_PC	50	0.15882306411192051	3.905093262550416	scRNA
TUB	IgAN_vs_PAT_adj	GSE175759-RNAseq	IC	50	-0.007945034504054845	-0.40700798740949257	scRNA
TUB	IgAN_vs_PAT_adj	GSE175759-RNAseq	PODO	50	-0.09913971719060888	-2.5813227719196217	scRNA
TUB	IgAN_vs_PAT_adj	GSE175759-RNAseq	PEC	50	-0.16578315246636816	-4.307803528482984	scRNA
TUB	IgAN_vs_PAT_adj	GSE175759-RNAseq	ENDO	50	-0.015144008304685817	-0.5144353363664097	scRNA
TUB	IgAN_vs_PAT_adj	GSE175759-RNAseq	ENDO_PT	50	-0.02447061004918887	-0.7562653087082459	scRNA
TUB	IgAN_vs_PAT_adj	GSE175759-RNAseq	MES	23	-0.09282104666210221	-1.6402322367938829	scRNA
TUB	IgAN_vs_PAT_adj	GSE175759-RNAseq	STROMA	50	-0.08396412893304385	-2.209309131999726	scRNA
TUB	IgAN_vs_PAT_adj	GSE175759-RNAseq	PERI	50	0.03883352694516655	0.7695402673855752	scRNA
TUB	IgAN_vs_PAT_adj	GSE175759-RNAseq	BCELL	50	0.09512456411134566	2.2216127788799316	scRNA
TUB	IgAN_vs_PAT_adj	GSE175759-RNAseq	TCELL	50	-0.07833300224476178	-2.0486945651868362	scRNA
TUB	IgAN_vs_PAT_adj	GSE175759-RNAseq	NK	50	-0.09572328625943513	-2.3899819045709165	scRNA
TUB	IgAN_vs_PAT_adj	GSE175759-RNAseq	MAC	50	-0.27631569720623744	-6.911725672991523	scRNA
TUB	IgAN_vs_PAT_adj	GSE175759-RNAseq	DC	17	-0.012736906809921395	-0.27034844673295483	scRNA
TUB	IgAN_vs_PAT_adj	META	PT	50	0.09917218530947068	2.778210380689954	scRNA
TUB	IgAN_vs_PAT_adj	META	PT_injured	50	-0.08124575539040016	-2.379527591256546	scRNA
TUB	IgAN_vs_PAT_adj	META	LOH	50	0.07162640810998464	1.9490561920488936	scRNA
TUB	IgAN_vs_PAT_adj	META	DCT	50	0.15442022600293662	4.570430198007558	scRNA
TUB	IgAN_vs_PAT_adj	META	CNT_PC	50	0.12094358392427691	3.604397406864734	scRNA
TUB	IgAN_vs_PAT_adj	META	IC	50	0.022423374952128018	0.5790935445767951	scRNA
TUB	IgAN_vs_PAT_adj	META	PODO	50	-0.09178751728219747	-2.635007618749306	scRNA
TUB	IgAN_vs_PAT_adj	META	PEC	50	-0.12801902650107017	-3.7350179497389373	scRNA
TUB	IgAN_vs_PAT_adj	META	ENDO	50	-0.009049119657890346	-0.2842213242891435	scRNA
TUB	IgAN_vs_PAT_adj	META	ENDO_PT	50	-0.003114121656240353	-0.14951423155413454	scRNA
TUB	IgAN_vs_PAT_adj	META	MES	23	-0.07983726898349315	-1.5088064359559599	scRNA
TUB	IgAN_vs_PAT_adj	META	STROMA	50	-0.08974701410843595	-2.7772953363945425	scRNA
TUB	IgAN_vs_PAT_adj	META	PERI	50	0.02461631416123317	0.679944640698478	scRNA
TUB	IgAN_vs_PAT_adj	META	BCELL	50	0.09556011413868994	2.6986037838209826	scRNA
TUB	IgAN_vs_PAT_adj	META	TCELL	50	-0.08049132090635158	-2.423644645168287	scRNA
TUB	IgAN_vs_PAT_adj	META	NK	50	-0.05152628742902287	-1.5368979256672246	scRNA
TUB	IgAN_vs_PAT_adj	META	MAC	50	-0.18035104975015998	-5.535893535131945	scRNA
TUB	IgAN_vs_PAT_adj	META	DC	17	-0.015854701727328235	-0.22161460335238362	scRNA
TUB	LN_vs_PAT	ERCB_TUB_H1	PT	28	-0.14172717491497416	-2.3753550014945097	scRNA
TUB	LN_vs_PAT	ERCB_TUB_H1	PT_injured	16	-0.15141958103049546	-1.9515127782643378	scRNA
TUB	LN_vs_PAT	ERCB_TUB_H1	LOH	23	-0.1371959975880125	-2.0272630545804358	scRNA
TUB	LN_vs_PAT	ERCB_TUB_H1	DCT	22	-0.07691498795016244	-0.9197008147346911	scRNA
TUB	LN_vs_PAT	ERCB_TUB_H1	CNT_PC	25	-0.004266847269609566	0.42655202096446887	scRNA
TUB	LN_vs_PAT	ERCB_TUB_H1	IC	18	-0.020333418829573503	0.11530288945443172	scRNA
TUB	LN_vs_PAT	ERCB_TUB_H1	PODO	19	0.09954692795872688	2.1579976960928966	scRNA
TUB	LN_vs_PAT	ERCB_TUB_H1	PEC	28	0.020339348428283964	1.0332467983688918	scRNA
TUB	LN_vs_PAT	ERCB_TUB_H1	ENDO	23	0.07537892120687859	1.8273331173895468	scRNA
TUB	LN_vs_PAT	ERCB_TUB_H1	ENDO_PT	29	-0.06318239745651853	-0.779616646692349	scRNA
TUB	LN_vs_PAT	ERCB_TUB_H1	MES	17	0.04287845718071741	1.1508075376092801	scRNA
TUB	LN_vs_PAT	ERCB_TUB_H1	STROMA	35	0.0001319132213081537	0.6325721390405933	scRNA
TUB	LN_vs_PAT	ERCB_TUB_H1	PERI	32	-0.10678187384837656	-1.7954835869353147	scRNA
TUB	LN_vs_PAT	ERCB_TUB_H1	BCELL	28	0.04917384082052324	1.62053266014749	scRNA
TUB	LN_vs_PAT	ERCB_TUB_H1	TCELL	36	0.04657308612432745	1.7437456465523222	scRNA
TUB	LN_vs_PAT	ERCB_TUB_H1	NK	31	-0.026324678693086873	-0.028897042859958554	scRNA
TUB	LN_vs_PAT	ERCB_TUB_H1	MAC	31	0.19514398703411703	4.794211895551963	scRNA
TUB	LN_vs_PAT	ERCB_TUB_H1	DC	12	-0.04061304669206341	-0.20273317462431067	scRNA
TUB	LN_vs_PAT	META	PT	28	-0.14172717491497416	-2.370304067663838	scRNA
TUB	LN_vs_PAT	META	PT_injured	16	-0.15141958103049546	-1.98753534214799	scRNA
TUB	LN_vs_PAT	META	LOH	23	-0.1371959975880125	-1.9460001611687439	scRNA
TUB	LN_vs_PAT	META	DCT	22	-0.07691498795016244	-0.8749386818874254	scRNA
TUB	LN_vs_PAT	META	CNT_PC	25	-0.004266847269609566	0.4315874947716811	scRNA
TUB	LN_vs_PAT	META	IC	18	-0.020333418829573503	0.07144617674837841	scRNA
TUB	LN_vs_PAT	META	PODO	19	0.09954692795872688	2.1666662336599134	scRNA
TUB	LN_vs_PAT	META	PEC	28	0.020339348428283964	0.9968090947156045	scRNA
TUB	LN_vs_PAT	META	ENDO	23	0.07537892120687859	1.8414047992401734	scRNA
TUB	LN_vs_PAT	META	ENDO_PT	29	-0.06318239745651853	-0.7709623531233474	scRNA
TUB	LN_vs_PAT	META	MES	17	0.04287845718071741	1.099943640090628	scRNA
TUB	LN_vs_PAT	META	STROMA	35	0.0001319132213081537	0.6446123446165293	scRNA
TUB	LN_vs_PAT	META	PERI	32	-0.10678187384837656	-1.7663066344623193	scRNA
TUB	LN_vs_PAT	META	BCELL	28	0.04917384082052324	1.5755847506523868	scRNA
TUB	LN_vs_PAT	META	TCELL	36	0.04657308612432745	1.7430271455982735	scRNA
TUB	LN_vs_PAT	META	NK	31	-0.026324678693086873	0.058137405179971104	scRNA
TUB	LN_vs_PAT	META	MAC	31	0.19514398703411703	4.899753470489576	scRNA
TUB	LN_vs_PAT	META	DC	12	-0.04061304669206341	-0.15070788872697344	scRNA
TUB	LN_vs_PAT_adj	ERCB_TUB_H1	PT	28	-0.0406999955958128	-0.38640516934794694	scRNA
TUB	LN_vs_PAT_adj	ERCB_TUB_H1	PT_injured	16	-0.11841638533679555	-1.549436264554346	scRNA
TUB	LN_vs_PAT_adj	ERCB_TUB_H1	LOH	23	-0.1242612142722377	-1.968288182254465	scRNA
TUB	LN_vs_PAT_adj	ERCB_TUB_H1	DCT	22	-0.019409131768471213	0.01941725730010085	scRNA
TUB	LN_vs_PAT_adj	ERCB_TUB_H1	CNT_PC	25	0.016518551892430157	0.7435581591371421	scRNA
TUB	LN_vs_PAT_adj	ERCB_TUB_H1	IC	18	0.006679924115665144	0.42741544907177004	scRNA
TUB	LN_vs_PAT_adj	ERCB_TUB_H1	PODO	19	0.1571216313184147	3.2333858323446107	scRNA
TUB	LN_vs_PAT_adj	ERCB_TUB_H1	PEC	28	0.03231631974016807	1.1787141452967367	scRNA
TUB	LN_vs_PAT_adj	ERCB_TUB_H1	ENDO	23	0.12001691343118663	2.711327206475672	scRNA
TUB	LN_vs_PAT_adj	ERCB_TUB_H1	ENDO_PT	29	-0.04914427719727589	-0.5677656205306741	scRNA
TUB	LN_vs_PAT_adj	ERCB_TUB_H1	MES	17	0.043886767361562086	1.0184062057583265	scRNA
TUB	LN_vs_PAT_adj	ERCB_TUB_H1	STROMA	35	-0.024447971019152744	-0.055472973646658666	scRNA
TUB	LN_vs_PAT_adj	ERCB_TUB_H1	PERI	32	-0.07296032880543168	-1.1583521995282084	scRNA
TUB	LN_vs_PAT_adj	ERCB_TUB_H1	BCELL	28	0.035726557468397264	1.1650901545030423	scRNA
TUB	LN_vs_PAT_adj	ERCB_TUB_H1	TCELL	36	0.005158355887328606	0.6305690867802768	scRNA
TUB	LN_vs_PAT_adj	ERCB_TUB_H1	NK	31	-0.05449715623948985	-0.7408724057714614	scRNA
TUB	LN_vs_PAT_adj	ERCB_TUB_H1	MAC	31	0.19219260671048813	4.574134243943928	scRNA
TUB	LN_vs_PAT_adj	ERCB_TUB_H1	DC	12	-0.05917163869678305	-0.5126844695473791	scRNA
TUB	LN_vs_PAT_adj	META	PT	28	-0.0406999955958128	-0.3823662719484218	scRNA
TUB	LN_vs_PAT_adj	META	PT_injured	16	-0.11841638533679555	-1.4292259654271127	scRNA
TUB	LN_vs_PAT_adj	META	LOH	23	-0.1242612142722377	-1.9897358804086918	scRNA
TUB	LN_vs_PAT_adj	META	DCT	22	-0.019409131768471213	0.030600023061965343	scRNA
TUB	LN_vs_PAT_adj	META	CNT_PC	25	0.016518551892430157	0.7598172306209964	scRNA
TUB	LN_vs_PAT_adj	META	IC	18	0.006679924115665144	0.5674833609644119	scRNA
TUB	LN_vs_PAT_adj	META	PODO	19	0.1571216313184147	3.0488851572157296	scRNA
TUB	LN_vs_PAT_adj	META	PEC	28	0.03231631974016807	1.1097366404980538	scRNA
TUB	LN_vs_PAT_adj	META	ENDO	23	0.12001691343118663	2.662121716722382	scRNA
TUB	LN_vs_PAT_adj	META	ENDO_PT	29	-0.04914427719727589	-0.5684579781130792	scRNA
TUB	LN_vs_PAT_adj	META	MES	17	0.043886767361562086	1.0148930974354484	scRNA
TUB	LN_vs_PAT_adj	META	STROMA	35	-0.024447971019152744	-0.10396607259825673	scRNA
TUB	LN_vs_PAT_adj	META	PERI	32	-0.07296032880543168	-1.1474021032040336	scRNA
TUB	LN_vs_PAT_adj	META	BCELL	28	0.035726557468397264	1.2232933776690589	scRNA
TUB	LN_vs_PAT_adj	META	TCELL	36	0.005158355887328606	0.6611461973148455	scRNA
TUB	LN_vs_PAT_adj	META	NK	31	-0.05449715623948985	-0.7710354788128697	scRNA
TUB	LN_vs_PAT_adj	META	MAC	31	0.19219260671048813	4.668246547597916	scRNA
TUB	LN_vs_PAT_adj	META	DC	12	-0.05917163869678305	-0.598114435730543	scRNA
TUB	MCD_vs_PAT	ERCB_TUB_H1	PT	28	0.48389352173710776	6.6761294494799035	scRNA
TUB	MCD_vs_PAT	ERCB_TUB_H1	PT_injured	16	0.357971768360585	3.574270854818943	scRNA
TUB	MCD_vs_PAT	ERCB_TUB_H1	LOH	23	-0.09171999448343464	-1.5653254147592004	scRNA
TUB	MCD_vs_PAT	ERCB_TUB_H1	DCT	22	0.11910054358569058	1.2270591081117805	scRNA
TUB	MCD_vs_PAT	ERCB_TUB_H1	CNT_PC	25	-0.14572161976248027	-2.401422476451758	scRNA
TUB	MCD_vs_PAT	ERCB_TUB_H1	IC	18	0.06784728645127162	0.4727575036628515	scRNA
TUB	MCD_vs_PAT	ERCB_TUB_H1	PODO	19	0.12342763613713413	1.2229637928284012	scRNA
TUB	MCD_vs_PAT	ERCB_TUB_H1	PEC	28	0.043926491651550985	0.24637656027524726	scRNA
TUB	MCD_vs_PAT	ERCB_TUB_H1	ENDO	23	-0.06787154475307983	-1.230664864393376	scRNA
TUB	MCD_vs_PAT	ERCB_TUB_H1	ENDO_PT	29	-0.0437654961735524	-1.0253877862648102	scRNA
TUB	MCD_vs_PAT	ERCB_TUB_H1	MES	17	-0.04452939638320137	-0.7877054096724262	scRNA
TUB	MCD_vs_PAT	ERCB_TUB_H1	STROMA	35	-0.08753590855215276	-1.9507033255202924	scRNA
TUB	MCD_vs_PAT	ERCB_TUB_H1	PERI	32	0.046034997343667776	0.40265374390615516	scRNA
TUB	MCD_vs_PAT	ERCB_TUB_H1	BCELL	28	-0.09037724721045899	-1.7302445235687882	scRNA
TUB	MCD_vs_PAT	ERCB_TUB_H1	TCELL	36	-0.20927576912153098	-3.9061285132780315	scRNA
TUB	MCD_vs_PAT	ERCB_TUB_H1	NK	31	-0.1782763031942229	-3.1860951983055656	scRNA
TUB	MCD_vs_PAT	ERCB_TUB_H1	MAC	31	-0.17895196752637746	-3.3165358905262385	scRNA
TUB	MCD_vs_PAT	ERCB_TUB_H1	DC	12	-0.04581854344966511	-0.7145450316963791	scRNA
TUB	MCD_vs_PAT	GSE108112-GPL19983	PT	48	0.20511192626630267	6.183343651889469	scRNA
TUB	MCD_vs_PAT	GSE108112-GPL19983	PT_injured	48	0.12032528004783671	3.587723616307408	scRNA
TUB	MCD_vs_PAT	GSE108112-GPL19983	LOH	46	-0.01810798271680655	-0.36313274870598644	scRNA
TUB	MCD_vs_PAT	GSE108112-GPL19983	DCT	46	0.002320282439620282	0.11951189240669816	scRNA
TUB	MCD_vs_PAT	GSE108112-GPL19983	CNT_PC	47	0.0730325356522139	2.211385011090249	scRNA
TUB	MCD_vs_PAT	GSE108112-GPL19983	IC	48	0.10398876925076668	3.0653693567491063	scRNA
TUB	MCD_vs_PAT	GSE108112-GPL19983	PODO	48	0.03629739677126054	1.2016338470714638	scRNA
TUB	MCD_vs_PAT	GSE108112-GPL19983	PEC	48	-0.016510696926464636	-0.35196978882498053	scRNA
TUB	MCD_vs_PAT	GSE108112-GPL19983	ENDO	47	-0.008065635298794902	-0.1712971612403451	scRNA
TUB	MCD_vs_PAT	GSE108112-GPL19983	ENDO_PT	49	-0.12500873272668342	-3.6989464832348125	scRNA
TUB	MCD_vs_PAT	GSE108112-GPL19983	MES	22	-0.15908740145492958	-3.15363668665754	scRNA
TUB	MCD_vs_PAT	GSE108112-GPL19983	STROMA	49	-0.19672341560778608	-5.699223085175849	scRNA
TUB	MCD_vs_PAT	GSE108112-GPL19983	PERI	49	-0.061393077276190935	-1.8207881005882856	scRNA
TUB	MCD_vs_PAT	GSE108112-GPL19983	BCELL	44	-0.1339591476134956	-3.6564352486014124	scRNA
TUB	MCD_vs_PAT	GSE108112-GPL19983	TCELL	47	-0.050349270191756966	-1.4424602375135693	scRNA
TUB	MCD_vs_PAT	GSE108112-GPL19983	NK	49	-0.05859099556596912	-1.647652300985005	scRNA
TUB	MCD_vs_PAT	GSE108112-GPL19983	MAC	49	-0.07321182528643737	-2.081778248881032	scRNA
TUB	MCD_vs_PAT	GSE108112-GPL19983	DC	17	-0.13333597288960042	-2.3106347500581985	scRNA
TUB	MCD_vs_PAT	GSE133288-GPL19983	PT	48	0.4244497363300373	8.683761086652211	scRNA
TUB	MCD_vs_PAT	GSE133288-GPL19983	PT_injured	48	0.09526961811449534	1.7103930017611237	scRNA
TUB	MCD_vs_PAT	GSE133288-GPL19983	LOH	46	0.004228903882271277	-0.27035449483169366	scRNA
TUB	MCD_vs_PAT	GSE133288-GPL19983	DCT	46	0.12840914782946525	2.2861235759663283	scRNA
TUB	MCD_vs_PAT	GSE133288-GPL19983	CNT_PC	47	0.14520673501736267	2.7278611695692296	scRNA
TUB	MCD_vs_PAT	GSE133288-GPL19983	IC	48	0.1422243840449179	2.654926184432988	scRNA
TUB	MCD_vs_PAT	GSE133288-GPL19983	PODO	48	0.13360261408767352	2.563592635119462	scRNA
TUB	MCD_vs_PAT	GSE133288-GPL19983	PEC	48	-0.1859912583216404	-4.473057587944272	scRNA
TUB	MCD_vs_PAT	GSE133288-GPL19983	ENDO	47	0.10041606631328134	1.8223972128391668	scRNA
TUB	MCD_vs_PAT	GSE133288-GPL19983	ENDO_PT	49	0.052059206897773	0.8295642795489286	scRNA
TUB	MCD_vs_PAT	GSE133288-GPL19983	MES	22	-0.10739310627633875	-1.8465829811210295	scRNA
TUB	MCD_vs_PAT	GSE133288-GPL19983	STROMA	49	-0.16543567984612012	-3.9537091844293797	scRNA
TUB	MCD_vs_PAT	GSE133288-GPL19983	PERI	49	0.006267472293836121	-0.2860536552787342	scRNA
TUB	MCD_vs_PAT	GSE133288-GPL19983	BCELL	44	-0.2676458511162888	-5.9131454765007625	scRNA
TUB	MCD_vs_PAT	GSE133288-GPL19983	TCELL	47	-0.18285124788575985	-4.291084958213594	scRNA
TUB	MCD_vs_PAT	GSE133288-GPL19983	NK	49	-0.0767683970399809	-2.1970825602960797	scRNA
TUB	MCD_vs_PAT	GSE133288-GPL19983	MAC	49	-0.18692613982509973	-4.404721401656992	scRNA
TUB	MCD_vs_PAT	GSE133288-GPL19983	DC	17	-0.08626527941840537	-1.2940572198617026	scRNA
TUB	MCD_vs_PAT	GSE175759-RNAseq	PT	50	0.10094010885804891	1.7438153030381303	scRNA
TUB	MCD_vs_PAT	GSE175759-RNAseq	PT_injured	50	0.1764723077788949	3.101665103779133	scRNA
TUB	MCD_vs_PAT	GSE175759-RNAseq	LOH	50	-0.05046734230592847	-0.8387335273227481	scRNA
TUB	MCD_vs_PAT	GSE175759-RNAseq	DCT	50	0.03878661986906082	0.6465850665364453	scRNA
TUB	MCD_vs_PAT	GSE175759-RNAseq	CNT_PC	50	0.0067167894542217235	0.12315969920840263	scRNA
TUB	MCD_vs_PAT	GSE175759-RNAseq	IC	50	0.2225411108508706	4.033551612150811	scRNA
TUB	MCD_vs_PAT	GSE175759-RNAseq	PODO	50	-0.13588342639617623	-2.430117221940148	scRNA
TUB	MCD_vs_PAT	GSE175759-RNAseq	PEC	50	0.08398852401180193	1.5045680324451085	scRNA
TUB	MCD_vs_PAT	GSE175759-RNAseq	ENDO	50	-0.0026923861540853996	-0.06743986470707647	scRNA
TUB	MCD_vs_PAT	GSE175759-RNAseq	ENDO_PT	50	0.04323762077838182	0.7788626746220472	scRNA
TUB	MCD_vs_PAT	GSE175759-RNAseq	MES	23	-0.2978682735853869	-3.4398555363676726	scRNA
TUB	MCD_vs_PAT	GSE175759-RNAseq	STROMA	50	-0.20530198968946933	-3.6176931215907597	scRNA
TUB	MCD_vs_PAT	GSE175759-RNAseq	PERI	50	-0.04670491341501475	-0.8506433016981689	scRNA
TUB	MCD_vs_PAT	GSE175759-RNAseq	BCELL	50	-0.5005208748579025	-8.888866871516584	scRNA
TUB	MCD_vs_PAT	GSE175759-RNAseq	TCELL	50	-0.5737741495668888	-10.025142540409513	scRNA
TUB	MCD_vs_PAT	GSE175759-RNAseq	NK	50	-0.34930088847875596	-6.35849116227204	scRNA
TUB	MCD_vs_PAT	GSE175759-RNAseq	MAC	50	-0.07877247422933578	-1.3535110462682878	scRNA
TUB	MCD_vs_PAT	GSE175759-RNAseq	DC	17	-0.26652773540905295	-2.6627888133207236	scRNA
TUB	MCD_vs_PAT	GSE182380-RNAseq	PT	47	0.29116096278216613	5.598047189813614	scRNA
TUB	MCD_vs_PAT	GSE182380-RNAseq	PT_injured	38	0.17226990229009012	2.411652021308686	scRNA
TUB	MCD_vs_PAT	GSE182380-RNAseq	LOH	37	0.05579874231605916	-0.16664113198274022	scRNA
TUB	MCD_vs_PAT	GSE182380-RNAseq	DCT	41	0.3314572155657338	6.118033160194386	scRNA
TUB	MCD_vs_PAT	GSE182380-RNAseq	CNT_PC	41	0.03958770862167201	-0.48447503017743904	scRNA
TUB	MCD_vs_PAT	GSE182380-RNAseq	IC	42	0.3373444961450462	6.644343139593553	scRNA
TUB	MCD_vs_PAT	GSE182380-RNAseq	PODO	39	0.12031526887455045	1.3178784731461406	scRNA
TUB	MCD_vs_PAT	GSE182380-RNAseq	PEC	45	-0.09345107767989654	-3.6451396273399594	scRNA
TUB	MCD_vs_PAT	GSE182380-RNAseq	ENDO	42	0.06032815327246984	-0.01671201074825122	scRNA
TUB	MCD_vs_PAT	GSE182380-RNAseq	ENDO_PT	48	0.015842901698003217	-1.0676161389107104	scRNA
TUB	MCD_vs_PAT	GSE182380-RNAseq	MES	19	-0.06231664612546171	-1.8358889748593732	scRNA
TUB	MCD_vs_PAT	GSE182380-RNAseq	STROMA	49	-0.09603655406711054	-3.9471628931227665	scRNA
TUB	MCD_vs_PAT	GSE182380-RNAseq	PERI	46	0.03141022959481114	-0.7192570450435235	scRNA
TUB	MCD_vs_PAT	GSE182380-RNAseq	BCELL	32	-0.21244970161933452	-5.668098728210533	scRNA
TUB	MCD_vs_PAT	GSE182380-RNAseq	TCELL	40	-0.3073427921626717	-8.31174465157462	scRNA
TUB	MCD_vs_PAT	GSE182380-RNAseq	NK	47	-0.23183421988753564	-7.07820263510211	scRNA
TUB	MCD_vs_PAT	GSE182380-RNAseq	MAC	48	-0.2629516458449264	-7.968183310670711	scRNA
TUB	MCD_vs_PAT	GSE182380-RNAseq	DC	15	-0.21731592913468678	-3.8748228437959904	scRNA
TUB	MCD_vs_PAT	META	PT	50	0.2807949471191192	7.259685257180528	scRNA
TUB	MCD_vs_PAT	META	PT_injured	50	0.159403009563374	3.9391165401744237	scRNA
TUB	MCD_vs_PAT	META	LOH	50	-0.0450842022714593	-1.7658114053768503	scRNA
TUB	MCD_vs_PAT	META	DCT	50	0.08790746692692238	1.9315213835672473	scRNA
TUB	MCD_vs_PAT	META	CNT_PC	50	0.04178316251320452	0.6192724295056911	scRNA
TUB	MCD_vs_PAT	META	IC	50	0.18801688540486305	4.834399816040931	scRNA
TUB	MCD_vs_PAT	META	PODO	50	0.036193943390777944	0.5245767280886791	scRNA
TUB	MCD_vs_PAT	META	PEC	50	-0.04274666645975473	-1.6654673413040475	scRNA
TUB	MCD_vs_PAT	META	ENDO	50	0.032618718645690645	0.3970346246330688	scRNA
TUB	MCD_vs_PAT	META	ENDO_PT	50	-0.017253793417476123	-1.013833358795157	scRNA
TUB	MCD_vs_PAT	META	MES	23	-0.15990185939328933	-3.6225505243718144	scRNA
TUB	MCD_vs_PAT	META	STROMA	50	-0.1438428764025642	-4.432954359399509	scRNA
TUB	MCD_vs_PAT	META	PERI	50	-0.011589547625898063	-0.853608352967352	scRNA
TUB	MCD_vs_PAT	META	BCELL	50	-0.32023369322282574	-9.053231924427264	scRNA
TUB	MCD_vs_PAT	META	TCELL	50	-0.24734327217812335	-7.566982761859861	scRNA
TUB	MCD_vs_PAT	META	NK	50	-0.17811776764178647	-5.5840503352925985	scRNA
TUB	MCD_vs_PAT	META	MAC	50	-0.14646866630180738	-4.608751255569317	scRNA
TUB	MCD_vs_PAT	META	DC	17	-0.1521873782201688	-2.8892794287269186	scRNA
TUB	MCD_vs_PAT_adj	ERCB_TUB_H1	PT	28	0.21372403818127042	3.6185746771897325	scRNA
TUB	MCD_vs_PAT_adj	ERCB_TUB_H1	PT_injured	16	0.24246114649550565	3.1627725058498095	scRNA
TUB	MCD_vs_PAT_adj	ERCB_TUB_H1	LOH	23	-0.14566891554212513	-2.3169594851857656	scRNA
TUB	MCD_vs_PAT_adj	ERCB_TUB_H1	DCT	22	-0.059193565057112235	-0.9497306948455142	scRNA
TUB	MCD_vs_PAT_adj	ERCB_TUB_H1	CNT_PC	25	-0.21645259491055438	-3.715157237824857	scRNA
TUB	MCD_vs_PAT_adj	ERCB_TUB_H1	IC	18	-0.01576174104126234	-0.3141280995631305	scRNA
TUB	MCD_vs_PAT_adj	ERCB_TUB_H1	PODO	19	-0.025759949315899134	-0.39910632568373705	scRNA
TUB	MCD_vs_PAT_adj	ERCB_TUB_H1	PEC	28	0.012425606297764536	0.15712423648447799	scRNA
TUB	MCD_vs_PAT_adj	ERCB_TUB_H1	ENDO	23	-0.20035986780793316	-3.1241335652248194	scRNA
TUB	MCD_vs_PAT_adj	ERCB_TUB_H1	ENDO_PT	29	-0.1063767704760864	-2.0473619169083537	scRNA
TUB	MCD_vs_PAT_adj	ERCB_TUB_H1	MES	17	-0.03663289512226871	-0.5381691672224368	scRNA
TUB	MCD_vs_PAT_adj	ERCB_TUB_H1	STROMA	35	-0.045321614338073385	-0.931032557030948	scRNA
TUB	MCD_vs_PAT_adj	ERCB_TUB_H1	PERI	32	-0.07872766474305873	-1.57573389952033	scRNA
TUB	MCD_vs_PAT_adj	ERCB_TUB_H1	BCELL	28	-0.04372725043979891	-0.8697961473631459	scRNA
TUB	MCD_vs_PAT_adj	ERCB_TUB_H1	TCELL	36	-0.08124515472039845	-1.6367599400732682	scRNA
TUB	MCD_vs_PAT_adj	ERCB_TUB_H1	NK	31	-0.09973752877593647	-1.818566685073799	scRNA
TUB	MCD_vs_PAT_adj	ERCB_TUB_H1	MAC	31	-0.05109356857506925	-1.1071245462116814	scRNA
TUB	MCD_vs_PAT_adj	ERCB_TUB_H1	DC	12	0.01737371526469433	0.19944613643378947	scRNA
TUB	MCD_vs_PAT_adj	GSE108112-GPL19983	PT	48	0.13313232202636127	4.146609833253711	scRNA
TUB	MCD_vs_PAT_adj	GSE108112-GPL19983	PT_injured	48	0.09605159167809423	3.1484274683650524	scRNA
TUB	MCD_vs_PAT_adj	GSE108112-GPL19983	LOH	46	-0.023628380487638403	-0.4849203073249316	scRNA
TUB	MCD_vs_PAT_adj	GSE108112-GPL19983	DCT	46	-0.04127214695199004	-0.9646453925124475	scRNA
TUB	MCD_vs_PAT_adj	GSE108112-GPL19983	CNT_PC	47	0.036698292899254935	1.2407292431468664	scRNA
TUB	MCD_vs_PAT_adj	GSE108112-GPL19983	IC	48	0.058815343401653127	1.867285103014575	scRNA
TUB	MCD_vs_PAT_adj	GSE108112-GPL19983	PODO	48	0.006463105053589153	0.34506253805607645	scRNA
TUB	MCD_vs_PAT_adj	GSE108112-GPL19983	PEC	48	-0.019269202397724644	-0.39112836119060007	scRNA
TUB	MCD_vs_PAT_adj	GSE108112-GPL19983	ENDO	47	-0.02204300123692683	-0.4730782773234555	scRNA
TUB	MCD_vs_PAT_adj	GSE108112-GPL19983	ENDO_PT	49	-0.1299407554167506	-3.725163342413092	scRNA
TUB	MCD_vs_PAT_adj	GSE108112-GPL19983	MES	22	-0.13551074795491522	-2.5118159065623624	scRNA
TUB	MCD_vs_PAT_adj	GSE108112-GPL19983	STROMA	49	-0.16859819395890166	-4.764063211414345	scRNA
TUB	MCD_vs_PAT_adj	GSE108112-GPL19983	PERI	49	-0.06809561344083749	-1.835723550309103	scRNA
TUB	MCD_vs_PAT_adj	GSE108112-GPL19983	BCELL	44	-0.06919143421863314	-1.7178738435407073	scRNA
TUB	MCD_vs_PAT_adj	GSE108112-GPL19983	TCELL	47	0.012738632841784475	0.584539312926688	scRNA
TUB	MCD_vs_PAT_adj	GSE108112-GPL19983	NK	49	-0.02468617668539813	-0.5401612343047623	scRNA
TUB	MCD_vs_PAT_adj	GSE108112-GPL19983	MAC	49	-0.04103345719299319	-1.084560176761371	scRNA
TUB	MCD_vs_PAT_adj	GSE108112-GPL19983	DC	17	-0.10113788072609589	-1.6838869508573076	scRNA
TUB	MCD_vs_PAT_adj	GSE133288-GPL19983	PT	48	0.29308339765093766	6.776168194936609	scRNA
TUB	MCD_vs_PAT_adj	GSE133288-GPL19983	PT_injured	48	0.06962562493546139	1.4125539048391098	scRNA
TUB	MCD_vs_PAT_adj	GSE133288-GPL19983	LOH	46	0.04508218719380996	0.7130584441189166	scRNA
TUB	MCD_vs_PAT_adj	GSE133288-GPL19983	DCT	46	0.04566145482014853	0.8086035956093446	scRNA
TUB	MCD_vs_PAT_adj	GSE133288-GPL19983	CNT_PC	47	0.10910957447255942	2.2281841075465048	scRNA
TUB	MCD_vs_PAT_adj	GSE133288-GPL19983	IC	48	0.03170609511667146	0.4203666661103141	scRNA
TUB	MCD_vs_PAT_adj	GSE133288-GPL19983	PODO	48	0.042705761350276095	0.6877895402681917	scRNA
TUB	MCD_vs_PAT_adj	GSE133288-GPL19983	PEC	48	-0.15926272552794976	-4.3478021009549055	scRNA
TUB	MCD_vs_PAT_adj	GSE133288-GPL19983	ENDO	47	0.07231153230989992	1.4384644408456355	scRNA
TUB	MCD_vs_PAT_adj	GSE133288-GPL19983	ENDO_PT	49	0.05769548713981237	1.1065008780915224	scRNA
TUB	MCD_vs_PAT_adj	GSE133288-GPL19983	MES	22	-0.10913672310043653	-2.0754048566712497	scRNA
TUB	MCD_vs_PAT_adj	GSE133288-GPL19983	STROMA	49	-0.11484725816434997	-3.2492804950201	scRNA
TUB	MCD_vs_PAT_adj	GSE133288-GPL19983	PERI	49	-0.016181792542098478	-0.7431734521809907	scRNA
TUB	MCD_vs_PAT_adj	GSE133288-GPL19983	BCELL	44	-0.21499631059144775	-5.4807216946487305	scRNA
TUB	MCD_vs_PAT_adj	GSE133288-GPL19983	TCELL	47	-0.12190680688564635	-3.350543827415245	scRNA
TUB	MCD_vs_PAT_adj	GSE133288-GPL19983	NK	49	-0.03777197055973485	-1.3330681173825714	scRNA
TUB	MCD_vs_PAT_adj	GSE133288-GPL19983	MAC	49	-0.12053586797220538	-3.360685764515344	scRNA
TUB	MCD_vs_PAT_adj	GSE133288-GPL19983	DC	17	-0.03360164723985067	-0.6975745139641376	scRNA
TUB	MCD_vs_PAT_adj	GSE175759-RNAseq	PT	50	0.09215172867869581	1.6113565072562968	scRNA
TUB	MCD_vs_PAT_adj	GSE175759-RNAseq	PT_injured	50	0.1739302270142058	2.9738290444137707	scRNA
TUB	MCD_vs_PAT_adj	GSE175759-RNAseq	LOH	50	-0.05944307695263263	-1.04979971519626	scRNA
TUB	MCD_vs_PAT_adj	GSE175759-RNAseq	DCT	50	0.026784758190195976	0.42949195037496285	scRNA
TUB	MCD_vs_PAT_adj	GSE175759-RNAseq	CNT_PC	50	-0.00026194294007048064	0.044009510047571775	scRNA
TUB	MCD_vs_PAT_adj	GSE175759-RNAseq	IC	50	0.21948864967758577	3.5994198454070108	scRNA
TUB	MCD_vs_PAT_adj	GSE175759-RNAseq	PODO	50	-0.1503708549788567	-2.550781284571646	scRNA
TUB	MCD_vs_PAT_adj	GSE175759-RNAseq	PEC	50	0.08770268395168117	1.4669097183458248	scRNA
TUB	MCD_vs_PAT_adj	GSE175759-RNAseq	ENDO	50	-0.008123535738161977	-0.23382030812846252	scRNA
TUB	MCD_vs_PAT_adj	GSE175759-RNAseq	ENDO_PT	50	0.04405542759979763	0.7568576623196158	scRNA
TUB	MCD_vs_PAT_adj	GSE175759-RNAseq	MES	23	-0.30327225181965184	-3.6365144443004076	scRNA
TUB	MCD_vs_PAT_adj	GSE175759-RNAseq	STROMA	50	-0.20316057197944268	-3.527221178435328	scRNA
TUB	MCD_vs_PAT_adj	GSE175759-RNAseq	PERI	50	-0.05297012628366456	-0.8985707763211034	scRNA
TUB	MCD_vs_PAT_adj	GSE175759-RNAseq	BCELL	50	-0.5094197495675775	-8.924726660968657	scRNA
TUB	MCD_vs_PAT_adj	GSE175759-RNAseq	TCELL	50	-0.5848110277555311	-9.822725387155053	scRNA
TUB	MCD_vs_PAT_adj	GSE175759-RNAseq	NK	50	-0.35382100642510556	-5.9084860584429055	scRNA
TUB	MCD_vs_PAT_adj	GSE175759-RNAseq	MAC	50	-0.07042066752726228	-1.1291849530403932	scRNA
TUB	MCD_vs_PAT_adj	GSE175759-RNAseq	DC	17	-0.2688910424196511	-2.693035302422469	scRNA
TUB	MCD_vs_PAT_adj	GSE182380-RNAseq	PT	47	0.012934608186827758	-0.5453752772929626	scRNA
TUB	MCD_vs_PAT_adj	GSE182380-RNAseq	PT_injured	38	0.021573425462529338	-0.23923593631853687	scRNA
TUB	MCD_vs_PAT_adj	GSE182380-RNAseq	LOH	37	0.025948620433441337	-0.10688278601065211	scRNA
TUB	MCD_vs_PAT_adj	GSE182380-RNAseq	DCT	41	0.1392449538461623	3.5346369164748954	scRNA
TUB	MCD_vs_PAT_adj	GSE182380-RNAseq	CNT_PC	41	-0.015498792927846873	-1.3316624210081904	scRNA
TUB	MCD_vs_PAT_adj	GSE182380-RNAseq	IC	42	0.15789632824082264	4.07223929087476	scRNA
TUB	MCD_vs_PAT_adj	GSE182380-RNAseq	PODO	39	-0.019944347680786838	-1.4860707919343918	scRNA
TUB	MCD_vs_PAT_adj	GSE182380-RNAseq	PEC	45	-0.06934792581328189	-3.110766866329898	scRNA
TUB	MCD_vs_PAT_adj	GSE182380-RNAseq	ENDO	42	-0.009583357539316788	-1.2270399054324905	scRNA
TUB	MCD_vs_PAT_adj	GSE182380-RNAseq	ENDO_PT	48	0.026779156962827445	-0.07281781587511749	scRNA
TUB	MCD_vs_PAT_adj	GSE182380-RNAseq	MES	19	-0.02970153606119359	-1.2066268481574314	scRNA
TUB	MCD_vs_PAT_adj	GSE182380-RNAseq	STROMA	49	0.028957536381290706	-0.07938095679531253	scRNA
TUB	MCD_vs_PAT_adj	GSE182380-RNAseq	PERI	46	0.005955824449138935	-0.7467340359130644	scRNA
TUB	MCD_vs_PAT_adj	GSE182380-RNAseq	BCELL	32	0.013907161099523037	-0.5012318652460758	scRNA
TUB	MCD_vs_PAT_adj	GSE182380-RNAseq	TCELL	40	-0.055100985674263844	-2.5801103758889603	scRNA
TUB	MCD_vs_PAT_adj	GSE182380-RNAseq	NK	47	-0.06898608421083448	-3.3630378756803263	scRNA
TUB	MCD_vs_PAT_adj	GSE182380-RNAseq	MAC	48	-0.08554888669296547	-3.8565446257510363	scRNA
TUB	MCD_vs_PAT_adj	GSE182380-RNAseq	DC	15	-0.016582640886904258	-0.9370579204360134	scRNA
TUB	MCD_vs_PAT_adj	META	PT	50	0.1439852927539208	3.919002772424737	scRNA
TUB	MCD_vs_PAT_adj	META	PT_injured	50	0.11331993297501888	3.072180645258464	scRNA
TUB	MCD_vs_PAT_adj	META	LOH	50	-0.05086068577303801	-1.8121890456204275	scRNA
TUB	MCD_vs_PAT_adj	META	DCT	50	0.007877571946702615	-0.13758452019321948	scRNA
TUB	MCD_vs_PAT_adj	META	CNT_PC	50	0.004608786181731724	-0.22994211487324326	scRNA
TUB	MCD_vs_PAT_adj	META	IC	50	0.10691235042667582	2.7695545568326456	scRNA
TUB	MCD_vs_PAT_adj	META	PODO	50	-0.03045623628737553	-1.3152541531027524	scRNA
TUB	MCD_vs_PAT_adj	META	PEC	50	-0.036720082537758755	-1.4237268223372976	scRNA
TUB	MCD_vs_PAT_adj	META	ENDO	50	-0.003732901825070009	-0.44487496237964	scRNA
TUB	MCD_vs_PAT_adj	META	ENDO_PT	50	-0.02228523380872115	-1.0394116835399352	scRNA
TUB	MCD_vs_PAT_adj	META	MES	23	-0.1504256131166911	-3.2930382020778377	scRNA
TUB	MCD_vs_PAT_adj	META	STROMA	50	-0.095579402523447	-3.2806555933813644	scRNA
TUB	MCD_vs_PAT_adj	META	PERI	50	-0.04005577766103028	-1.5726340670800496	scRNA
TUB	MCD_vs_PAT_adj	META	BCELL	50	-0.2616012908122423	-7.757717439281509	scRNA
TUB	MCD_vs_PAT_adj	META	TCELL	50	-0.16340512351404715	-5.252641476855197	scRNA
TUB	MCD_vs_PAT_adj	META	NK	50	-0.12046936380687684	-3.934211107513954	scRNA
TUB	MCD_vs_PAT_adj	META	MAC	50	-0.07203976824362178	-2.4636543494197958	scRNA
TUB	MCD_vs_PAT_adj	META	DC	17	-0.08859897867686838	-1.7051165956746848	scRNA
TUB	MN_vs_PAT	ERCB_TUB_H1	PT	28	0.3877046267901148	5.521124428346068	scRNA
TUB	MN_vs_PAT	ERCB_TUB_H1	PT_injured	16	0.23975831316784024	2.3772848301592084	scRNA
TUB	MN_vs_PAT	ERCB_TUB_H1	LOH	23	0.2598932972582786	3.2503375653430506	scRNA
TUB	MN_vs_PAT	ERCB_TUB_H1	DCT	22	0.1933053113858808	2.128490712302242	scRNA
TUB	MN_vs_PAT	ERCB_TUB_H1	CNT_PC	25	0.09948906627483663	0.953173206135563	scRNA
TUB	MN_vs_PAT	ERCB_TUB_H1	IC	18	-0.03379956643200582	-0.9253477002269874	scRNA
TUB	MN_vs_PAT	ERCB_TUB_H1	PODO	19	0.08055193683034495	0.5456990917130424	scRNA
TUB	MN_vs_PAT	ERCB_TUB_H1	PEC	28	-0.03734644504064428	-1.245195872549231	scRNA
TUB	MN_vs_PAT	ERCB_TUB_H1	ENDO	23	-0.02320996323681395	-0.8816085266872344	scRNA
TUB	MN_vs_PAT	ERCB_TUB_H1	ENDO_PT	29	0.05473064046738477	0.2851104075837268	scRNA
TUB	MN_vs_PAT	ERCB_TUB_H1	MES	17	-0.07178677487022736	-1.4313394719862473	scRNA
TUB	MN_vs_PAT	ERCB_TUB_H1	STROMA	35	0.005196287070534065	-0.6717617752368427	scRNA
TUB	MN_vs_PAT	ERCB_TUB_H1	PERI	32	0.1374225515173748	1.729542506880534	scRNA
TUB	MN_vs_PAT	ERCB_TUB_H1	BCELL	28	-0.17078381042620094	-3.4764260499533375	scRNA
TUB	MN_vs_PAT	ERCB_TUB_H1	TCELL	36	-0.09013227713553026	-2.4234706466830613	scRNA
TUB	MN_vs_PAT	ERCB_TUB_H1	NK	31	-0.07987149070287422	-2.0688075376670314	scRNA
TUB	MN_vs_PAT	ERCB_TUB_H1	MAC	31	-0.3565957900136709	-6.769006149841676	scRNA
TUB	MN_vs_PAT	ERCB_TUB_H1	DC	12	-0.04706949989000956	-0.9490171737665154	scRNA
TUB	MN_vs_PAT	GSE108112-GPL19983	PT	48	0.19560737102680528	7.357769872228314	scRNA
TUB	MN_vs_PAT	GSE108112-GPL19983	PT_injured	48	0.1822226913451838	6.914591769932726	scRNA
TUB	MN_vs_PAT	GSE108112-GPL19983	LOH	46	0.12074189592638737	4.388613435802554	scRNA
TUB	MN_vs_PAT	GSE108112-GPL19983	DCT	46	0.025208423901146835	0.7358758569467637	scRNA
TUB	MN_vs_PAT	GSE108112-GPL19983	CNT_PC	47	0.000769140089842232	-0.37074210048444123	scRNA
TUB	MN_vs_PAT	GSE108112-GPL19983	IC	48	-0.0046362699916547515	-0.5081977556566494	scRNA
TUB	MN_vs_PAT	GSE108112-GPL19983	PODO	48	0.04860468719076985	1.66588567851729	scRNA
TUB	MN_vs_PAT	GSE108112-GPL19983	PEC	48	0.03125197250240793	0.9193589473843136	scRNA
TUB	MN_vs_PAT	GSE108112-GPL19983	ENDO	47	-0.02070991610340338	-1.1022946557996371	scRNA
TUB	MN_vs_PAT	GSE108112-GPL19983	ENDO_PT	49	0.03899124341931346	1.3087929496741881	scRNA
TUB	MN_vs_PAT	GSE108112-GPL19983	MES	22	0.08259357850659975	1.9527126001220114	scRNA
TUB	MN_vs_PAT	GSE108112-GPL19983	STROMA	49	-0.009194310944603408	-0.7013942789239088	scRNA
TUB	MN_vs_PAT	GSE108112-GPL19983	PERI	49	0.0681147839712473	2.304957356111518	scRNA
TUB	MN_vs_PAT	GSE108112-GPL19983	BCELL	44	-0.09769026761535894	-4.043310141328271	scRNA
TUB	MN_vs_PAT	GSE108112-GPL19983	TCELL	47	-0.1776357553998365	-7.203033192315044	scRNA
TUB	MN_vs_PAT	GSE108112-GPL19983	NK	49	-0.1442785875311083	-6.006440023434643	scRNA
TUB	MN_vs_PAT	GSE108112-GPL19983	MAC	49	-0.12641183572954365	-5.461609043657994	scRNA
TUB	MN_vs_PAT	GSE108112-GPL19983	DC	17	-0.18431714505833732	-4.4635081697513375	scRNA
TUB	MN_vs_PAT	GSE133288-GPL19983	PT	48	-0.19255961332237348	-1.835649221800476	scRNA
TUB	MN_vs_PAT	GSE133288-GPL19983	PT_injured	48	0.11508946842513978	1.8629537422212317	scRNA
TUB	MN_vs_PAT	GSE133288-GPL19983	LOH	46	0.12897760955535847	1.8950793356403495	scRNA
TUB	MN_vs_PAT	GSE133288-GPL19983	DCT	46	0.11639399332520754	1.7185207589594491	scRNA
TUB	MN_vs_PAT	GSE133288-GPL19983	CNT_PC	47	-0.31388023592769465	-3.377569075086983	scRNA
TUB	MN_vs_PAT	GSE133288-GPL19983	IC	48	-0.1622597431317748	-1.5222789598109236	scRNA
TUB	MN_vs_PAT	GSE133288-GPL19983	PODO	48	-0.04417587723582983	-0.15920595221465506	scRNA
TUB	MN_vs_PAT	GSE133288-GPL19983	PEC	48	0.08871507217797141	1.4827382913548963	scRNA
TUB	MN_vs_PAT	GSE133288-GPL19983	ENDO	47	-0.06423617400070454	-0.3972983770823565	scRNA
TUB	MN_vs_PAT	GSE133288-GPL19983	ENDO_PT	49	-0.0022139734949688477	0.299500432363021	scRNA
TUB	MN_vs_PAT	GSE133288-GPL19983	MES	22	0.021093863147226236	0.36488921004541125	scRNA
TUB	MN_vs_PAT	GSE133288-GPL19983	STROMA	49	0.08734230552704966	1.4013242817115557	scRNA
TUB	MN_vs_PAT	GSE133288-GPL19983	PERI	49	0.14810779507328964	2.181182479015265	scRNA
TUB	MN_vs_PAT	GSE133288-GPL19983	BCELL	44	-0.09095860191155225	-0.7263137073490554	scRNA
TUB	MN_vs_PAT	GSE133288-GPL19983	TCELL	47	0.006964668086630873	0.4464067254243772	scRNA
TUB	MN_vs_PAT	GSE133288-GPL19983	NK	49	-0.07990667617960585	-0.691267608029479	scRNA
TUB	MN_vs_PAT	GSE133288-GPL19983	MAC	49	0.031722125825377145	0.7597108069446619	scRNA
TUB	MN_vs_PAT	GSE133288-GPL19983	DC	17	-0.009410057545584778	0.1458748081488399	scRNA
TUB	MN_vs_PAT	GSE182380-RNAseq	PT	47	0.12024961582365189	4.455273744845432	scRNA
TUB	MN_vs_PAT	GSE182380-RNAseq	PT_injured	38	0.1689793201359479	5.848595845326715	scRNA
TUB	MN_vs_PAT	GSE182380-RNAseq	LOH	37	0.047855088949782396	1.5599494888749468	scRNA
TUB	MN_vs_PAT	GSE182380-RNAseq	DCT	41	-0.03133089317962891	-1.2371818695582166	scRNA
TUB	MN_vs_PAT	GSE182380-RNAseq	CNT_PC	41	-0.028633408066703052	-1.2049600788670602	scRNA
TUB	MN_vs_PAT	GSE182380-RNAseq	IC	42	-0.1676090672734149	-6.318573513009774	scRNA
TUB	MN_vs_PAT	GSE182380-RNAseq	PODO	39	0.07704747806733042	2.620733766128874	scRNA
TUB	MN_vs_PAT	GSE182380-RNAseq	PEC	45	0.07088753100898529	2.615370925605408	scRNA
TUB	MN_vs_PAT	GSE182380-RNAseq	ENDO	42	-0.016802706023944267	-0.7401846709983615	scRNA
TUB	MN_vs_PAT	GSE182380-RNAseq	ENDO_PT	48	-0.03333364717157867	-1.3597903271747738	scRNA
TUB	MN_vs_PAT	GSE182380-RNAseq	MES	19	-0.009579265588208263	-0.3182357142060391	scRNA
TUB	MN_vs_PAT	GSE182380-RNAseq	STROMA	49	-0.034232561579282984	-1.4503374398913589	scRNA
TUB	MN_vs_PAT	GSE182380-RNAseq	PERI	46	-0.015793926720304975	-0.7677755699916531	scRNA
TUB	MN_vs_PAT	GSE182380-RNAseq	BCELL	32	-0.1312559015059378	-4.309102169615861	scRNA
TUB	MN_vs_PAT	GSE182380-RNAseq	TCELL	40	-0.16972264931537212	-6.667985621932528	scRNA
TUB	MN_vs_PAT	GSE182380-RNAseq	NK	47	-0.11824952289858397	-4.779450700523863	scRNA
TUB	MN_vs_PAT	GSE182380-RNAseq	MAC	48	-0.036809599647919335	-1.5094789179937314	scRNA
TUB	MN_vs_PAT	GSE182380-RNAseq	DC	15	-0.103454091027379	-2.318280318901783	scRNA
TUB	MN_vs_PAT	META	PT	50	0.08203664918430148	2.4061988906455776	scRNA
TUB	MN_vs_PAT	META	PT_injured	48	0.18690585982080343	5.593364354782714	scRNA
TUB	MN_vs_PAT	META	LOH	46	0.13945573713525833	3.948894298661474	scRNA
TUB	MN_vs_PAT	META	DCT	46	0.05546021724053982	1.5030805950689246	scRNA
TUB	MN_vs_PAT	META	CNT_PC	47	-0.08740965363112152	-2.719095834790852	scRNA
TUB	MN_vs_PAT	META	IC	49	-0.08434116458607405	-2.7792713295946516	scRNA
TUB	MN_vs_PAT	META	PODO	48	0.036268374344621795	0.9144109591426702	scRNA
TUB	MN_vs_PAT	META	PEC	48	0.04448129881833059	1.2086626663697149	scRNA
TUB	MN_vs_PAT	META	ENDO	47	-0.026460709767366586	-0.9537661117103434	scRNA
TUB	MN_vs_PAT	META	ENDO_PT	50	0.01670242352314139	0.2737130796730434	scRNA
TUB	MN_vs_PAT	META	MES	22	0.019218241464290197	0.2235191317647492	scRNA
TUB	MN_vs_PAT	META	STROMA	50	0.010619447650193856	0.1251786584097967	scRNA
TUB	MN_vs_PAT	META	PERI	49	0.07343194797891667	1.9650167235532061	scRNA
TUB	MN_vs_PAT	META	BCELL	45	-0.13089095814188517	-3.8915973988756134	scRNA
TUB	MN_vs_PAT	META	TCELL	49	-0.11000061805477226	-3.4077725699427814	scRNA
TUB	MN_vs_PAT	META	NK	49	-0.1080866016111563	-3.4939912693075654	scRNA
TUB	MN_vs_PAT	META	MAC	50	-0.09544541823910548	-3.0769456272311104	scRNA
TUB	MN_vs_PAT	META	DC	17	-0.0861865968041706	-1.7183980589542593	scRNA
TUB	MN_vs_PAT_adj	ERCB_TUB_H1	PT	28	0.37989921654323044	5.4880862449434415	scRNA
TUB	MN_vs_PAT_adj	ERCB_TUB_H1	PT_injured	16	0.2407762059654105	2.4578617072549553	scRNA
TUB	MN_vs_PAT_adj	ERCB_TUB_H1	LOH	23	0.2607104565530551	3.2479066247032566	scRNA
TUB	MN_vs_PAT_adj	ERCB_TUB_H1	DCT	22	0.17078392835873132	1.9024504643513458	scRNA
TUB	MN_vs_PAT_adj	ERCB_TUB_H1	CNT_PC	25	0.08728295832533707	0.7791182959293553	scRNA
TUB	MN_vs_PAT_adj	ERCB_TUB_H1	IC	18	-0.057996013712603905	-1.1651288105702884	scRNA
TUB	MN_vs_PAT_adj	ERCB_TUB_H1	PODO	19	0.03884666573858362	0.0389043007596181	scRNA
TUB	MN_vs_PAT_adj	ERCB_TUB_H1	PEC	28	-0.06042601321222847	-1.5170566708819682	scRNA
TUB	MN_vs_PAT_adj	ERCB_TUB_H1	ENDO	23	-0.05908725937278225	-1.3960005158517277	scRNA
TUB	MN_vs_PAT_adj	ERCB_TUB_H1	ENDO_PT	29	0.03926815179708138	0.03879130882545755	scRNA
TUB	MN_vs_PAT_adj	ERCB_TUB_H1	MES	17	-0.07784289600790002	-1.3636839803602336	scRNA
TUB	MN_vs_PAT_adj	ERCB_TUB_H1	STROMA	35	0.017453575310930357	-0.32606908653578287	scRNA
TUB	MN_vs_PAT_adj	ERCB_TUB_H1	PERI	32	0.10840207626152693	1.2814725019907263	scRNA
TUB	MN_vs_PAT_adj	ERCB_TUB_H1	BCELL	28	-0.17219910195666108	-3.285609312741883	scRNA
TUB	MN_vs_PAT_adj	ERCB_TUB_H1	TCELL	36	-0.0665440584727323	-1.8485644137069672	scRNA
TUB	MN_vs_PAT_adj	ERCB_TUB_H1	NK	31	-0.06255482814951323	-1.6194226850643338	scRNA
TUB	MN_vs_PAT_adj	ERCB_TUB_H1	MAC	31	-0.39485167711624525	-7.430930611940988	scRNA
TUB	MN_vs_PAT_adj	ERCB_TUB_H1	DC	12	-0.05907803286056573	-1.0484419958663715	scRNA
TUB	MN_vs_PAT_adj	GSE108112-GPL19983	PT	48	0.23037707145172578	8.462194443367682	scRNA
TUB	MN_vs_PAT_adj	GSE108112-GPL19983	PT_injured	48	0.19428342327971057	7.060566069536077	scRNA
TUB	MN_vs_PAT_adj	GSE108112-GPL19983	LOH	46	0.12479158698552818	4.2875388264023595	scRNA
TUB	MN_vs_PAT_adj	GSE108112-GPL19983	DCT	46	0.04228049717169329	1.2960188095379286	scRNA
TUB	MN_vs_PAT_adj	GSE108112-GPL19983	CNT_PC	47	0.013717198608371377	0.20198802648288552	scRNA
TUB	MN_vs_PAT_adj	GSE108112-GPL19983	IC	48	0.01211152302736985	0.142382881228442	scRNA
TUB	MN_vs_PAT_adj	GSE108112-GPL19983	PODO	48	0.060239551067900604	1.97227923168079	scRNA
TUB	MN_vs_PAT_adj	GSE108112-GPL19983	PEC	48	0.032804757587862506	0.827845895078826	scRNA
TUB	MN_vs_PAT_adj	GSE108112-GPL19983	ENDO	47	-0.015775216365451837	-0.910513823241102	scRNA
TUB	MN_vs_PAT_adj	GSE108112-GPL19983	ENDO_PT	49	0.04006768750883708	1.2342192241671823	scRNA
TUB	MN_vs_PAT_adj	GSE108112-GPL19983	MES	22	0.07372916699078234	1.7175965057012577	scRNA
TUB	MN_vs_PAT_adj	GSE108112-GPL19983	STROMA	49	-0.02092836840898798	-1.125786989845897	scRNA
TUB	MN_vs_PAT_adj	GSE108112-GPL19983	PERI	49	0.07072619045020907	2.304856431549652	scRNA
TUB	MN_vs_PAT_adj	GSE108112-GPL19983	BCELL	44	-0.1268186471644653	-5.020791247158323	scRNA
TUB	MN_vs_PAT_adj	GSE108112-GPL19983	TCELL	47	-0.20991644267655582	-8.33047901953017	scRNA
TUB	MN_vs_PAT_adj	GSE108112-GPL19983	NK	49	-0.1594179321426033	-6.266749275285948	scRNA
TUB	MN_vs_PAT_adj	GSE108112-GPL19983	MAC	49	-0.14071573165966375	-5.6354043612578195	scRNA
TUB	MN_vs_PAT_adj	GSE108112-GPL19983	DC	17	-0.202057399603482	-4.8778893566518855	scRNA
TUB	MN_vs_PAT_adj	GSE133288-GPL19983	PT	48	-0.19255374068416264	-1.9346343294286574	scRNA
TUB	MN_vs_PAT_adj	GSE133288-GPL19983	PT_injured	48	0.11720384936412785	1.7649477121585369	scRNA
TUB	MN_vs_PAT_adj	GSE133288-GPL19983	LOH	46	0.12679395578820882	1.7804447716696277	scRNA
TUB	MN_vs_PAT_adj	GSE133288-GPL19983	DCT	46	0.12330837997985598	1.7143879839005136	scRNA
TUB	MN_vs_PAT_adj	GSE133288-GPL19983	CNT_PC	47	-0.3169241316604879	-3.3592104489044785	scRNA
TUB	MN_vs_PAT_adj	GSE133288-GPL19983	IC	48	-0.17002562733717697	-1.6719886998714206	scRNA
TUB	MN_vs_PAT_adj	GSE133288-GPL19983	PODO	48	-0.04717861770387144	-0.20779523480503537	scRNA
TUB	MN_vs_PAT_adj	GSE133288-GPL19983	PEC	48	0.08734256018141244	1.3386093251032194	scRNA
TUB	MN_vs_PAT_adj	GSE133288-GPL19983	ENDO	47	-0.0644984697452598	-0.45824216008272706	scRNA
TUB	MN_vs_PAT_adj	GSE133288-GPL19983	ENDO_PT	49	-0.0005013875667267353	0.3167041576489696	scRNA
TUB	MN_vs_PAT_adj	GSE133288-GPL19983	MES	22	0.017336756555526366	0.37091903051739605	scRNA
TUB	MN_vs_PAT_adj	GSE133288-GPL19983	STROMA	49	0.08322740787832612	1.3344568163998702	scRNA
TUB	MN_vs_PAT_adj	GSE133288-GPL19983	PERI	49	0.15111798945341406	2.1746433473063096	scRNA
TUB	MN_vs_PAT_adj	GSE133288-GPL19983	BCELL	44	-0.0991822621274983	-0.8199668295315466	scRNA
TUB	MN_vs_PAT_adj	GSE133288-GPL19983	TCELL	47	0.004025011231567063	0.4364507741243527	scRNA
TUB	MN_vs_PAT_adj	GSE133288-GPL19983	NK	49	-0.08347594187524551	-0.6481844040228197	scRNA
TUB	MN_vs_PAT_adj	GSE133288-GPL19983	MAC	49	0.035181433599069833	0.7687301627827113	scRNA
TUB	MN_vs_PAT_adj	GSE133288-GPL19983	DC	17	-0.007470556972434705	0.1490672606371262	scRNA
TUB	MN_vs_PAT_adj	GSE182380-RNAseq	PT	47	0.15935469362696109	5.584346055421604	scRNA
TUB	MN_vs_PAT_adj	GSE182380-RNAseq	PT_injured	38	0.19236264366403658	5.883418868989613	scRNA
TUB	MN_vs_PAT_adj	GSE182380-RNAseq	LOH	37	0.0510448161715876	1.4123581357032282	scRNA
TUB	MN_vs_PAT_adj	GSE182380-RNAseq	DCT	41	-0.013529597430070558	-0.6627225500495756	scRNA
TUB	MN_vs_PAT_adj	GSE182380-RNAseq	CNT_PC	41	-0.0258129072560679	-0.9790007915729968	scRNA
TUB	MN_vs_PAT_adj	GSE182380-RNAseq	IC	42	-0.16198155266261785	-5.538504017097286	scRNA
TUB	MN_vs_PAT_adj	GSE182380-RNAseq	PODO	39	0.09065097820352616	2.6137724759203964	scRNA
TUB	MN_vs_PAT_adj	GSE182380-RNAseq	PEC	45	0.06851311037123832	2.1409083483619678	scRNA
TUB	MN_vs_PAT_adj	GSE182380-RNAseq	ENDO	42	-0.011274540919615132	-0.6217910562221571	scRNA
TUB	MN_vs_PAT_adj	GSE182380-RNAseq	ENDO_PT	48	-0.037402342903062165	-1.5383764580350787	scRNA
TUB	MN_vs_PAT_adj	GSE182380-RNAseq	MES	19	-0.015521388688542047	-0.4732711344613942	scRNA
TUB	MN_vs_PAT_adj	GSE182380-RNAseq	STROMA	49	-0.04953456089390229	-2.0105075820097458	scRNA
TUB	MN_vs_PAT_adj	GSE182380-RNAseq	PERI	46	-0.013815579637485807	-0.7145634562258232	scRNA
TUB	MN_vs_PAT_adj	GSE182380-RNAseq	BCELL	32	-0.16852284592723743	-5.0332675821159665	scRNA
TUB	MN_vs_PAT_adj	GSE182380-RNAseq	TCELL	40	-0.22694396163002403	-7.680242016843253	scRNA
TUB	MN_vs_PAT_adj	GSE182380-RNAseq	NK	47	-0.14888907971311083	-5.62266656114486	scRNA
TUB	MN_vs_PAT_adj	GSE182380-RNAseq	MAC	48	-0.0587005021820847	-2.3219806720708878	scRNA
TUB	MN_vs_PAT_adj	GSE182380-RNAseq	DC	15	-0.13912751233864146	-2.889045267578717	scRNA
TUB	MN_vs_PAT_adj	META	PT	50	0.10198169043440532	2.8899756256548543	scRNA
TUB	MN_vs_PAT_adj	META	PT_injured	48	0.1975487513592891	5.641662954702583	scRNA
TUB	MN_vs_PAT_adj	META	LOH	46	0.14065410500490944	3.8752778714049803	scRNA
TUB	MN_vs_PAT_adj	META	DCT	46	0.0641026236780139	1.6412438363721038	scRNA
TUB	MN_vs_PAT_adj	META	CNT_PC	47	-0.08467326337214674	-2.7725323805489888	scRNA
TUB	MN_vs_PAT_adj	META	IC	49	-0.08153208526166408	-2.6486309268791097	scRNA
TUB	MN_vs_PAT_adj	META	PODO	48	0.03850867502078631	0.9456786574102537	scRNA
TUB	MN_vs_PAT_adj	META	PEC	48	0.040745808313416766	1.00618464176788	scRNA
TUB	MN_vs_PAT_adj	META	ENDO	47	-0.02769123193976588	-0.9003500759451087	scRNA
TUB	MN_vs_PAT_adj	META	ENDO_PT	50	0.014652302394565784	0.23780139857110588	scRNA
TUB	MN_vs_PAT_adj	META	MES	22	0.013239304524597227	0.20063861261080274	scRNA
TUB	MN_vs_PAT_adj	META	STROMA	50	0.005174592384268619	-0.02261733247905454	scRNA
TUB	MN_vs_PAT_adj	META	PERI	49	0.07082678617087815	1.8574973637190297	scRNA
TUB	MN_vs_PAT_adj	META	BCELL	45	-0.15151383612251698	-4.515941907601994	scRNA
TUB	MN_vs_PAT_adj	META	TCELL	49	-0.1263656115175842	-3.947752414615355	scRNA
TUB	MN_vs_PAT_adj	META	NK	49	-0.1184385731362266	-3.7573910598532994	scRNA
TUB	MN_vs_PAT_adj	META	MAC	50	-0.11010316291245953	-3.439675213162687	scRNA
TUB	MN_vs_PAT_adj	META	DC	17	-0.10036519654393182	-1.7807470596536186	scRNA
TUB	RPGN_vs_PAT	ERCB_TUB_H7	PT	29	-0.7002891363768742	-5.516021030824622	scRNA
TUB	RPGN_vs_PAT	ERCB_TUB_H7	PT_injured	17	-0.23159287694622488	-1.180001820400131	scRNA
TUB	RPGN_vs_PAT	ERCB_TUB_H7	LOH	25	-0.605533303618431	-4.463888940913062	scRNA
TUB	RPGN_vs_PAT	ERCB_TUB_H7	DCT	23	-0.38655355054399243	-2.5177132601129864	scRNA
TUB	RPGN_vs_PAT	ERCB_TUB_H7	CNT_PC	29	-0.5134412813289412	-3.9442885185270335	scRNA
TUB	RPGN_vs_PAT	ERCB_TUB_H7	IC	19	0.052782617509365096	0.857718725288409	scRNA
TUB	RPGN_vs_PAT	ERCB_TUB_H7	PODO	21	0.14221958383651717	1.4965149877365618	scRNA
TUB	RPGN_vs_PAT	ERCB_TUB_H7	PEC	29	0.059125785202044874	1.0998959815676923	scRNA
TUB	RPGN_vs_PAT	ERCB_TUB_H7	ENDO	24	-0.4957822599487069	-3.4407621232684797	scRNA
TUB	RPGN_vs_PAT	ERCB_TUB_H7	ENDO_PT	31	-0.34073776589526283	-2.4981551120667422	scRNA
TUB	RPGN_vs_PAT	ERCB_TUB_H7	MES	18	-0.011956845099727312	0.2713017741295638	scRNA
TUB	RPGN_vs_PAT	ERCB_TUB_H7	STROMA	35	-0.03264197306707502	0.2224485704910409	scRNA
TUB	RPGN_vs_PAT	ERCB_TUB_H7	PERI	33	-0.5818357389970598	-4.928758647085032	scRNA
TUB	RPGN_vs_PAT	ERCB_TUB_H7	BCELL	28	0.0818536882288754	1.2005133565387496	scRNA
TUB	RPGN_vs_PAT	ERCB_TUB_H7	TCELL	36	0.44254283842423725	4.858274834754767	scRNA
TUB	RPGN_vs_PAT	ERCB_TUB_H7	NK	32	0.1473710269201547	1.9971020748279837	scRNA
TUB	RPGN_vs_PAT	ERCB_TUB_H7	MAC	31	0.8029545836390988	7.569408632706958	scRNA
TUB	RPGN_vs_PAT	ERCB_TUB_H7	DC	12	-0.05781326023861766	-0.020035623051438523	scRNA
TUB	RPGN_vs_PAT	GSE108112-GPL19983	PT	48	-0.1364119029215847	-8.766430305518373	scRNA
TUB	RPGN_vs_PAT	GSE108112-GPL19983	PT_injured	48	-0.09930038966316107	-6.322950643303022	scRNA
TUB	RPGN_vs_PAT	GSE108112-GPL19983	LOH	46	-0.06177852517208993	-3.8713341446144858	scRNA
TUB	RPGN_vs_PAT	GSE108112-GPL19983	DCT	46	0.01489892445059251	0.7192771295801896	scRNA
TUB	RPGN_vs_PAT	GSE108112-GPL19983	CNT_PC	47	0.011864887508365545	0.4982106995032682	scRNA
TUB	RPGN_vs_PAT	GSE108112-GPL19983	IC	48	0.0014662590853428397	-0.06855424824912004	scRNA
TUB	RPGN_vs_PAT	GSE108112-GPL19983	PODO	48	0.0302738983373274	1.6389081694789784	scRNA
TUB	RPGN_vs_PAT	GSE108112-GPL19983	PEC	48	-0.041140293307156135	-2.8091908298723434	scRNA
TUB	RPGN_vs_PAT	GSE108112-GPL19983	ENDO	47	-0.05069724140946375	-3.4280090910777545	scRNA
TUB	RPGN_vs_PAT	GSE108112-GPL19983	ENDO_PT	49	-0.019212153227049483	-1.4308697269344044	scRNA
TUB	RPGN_vs_PAT	GSE108112-GPL19983	MES	22	-0.0012994214934720335	-0.1782152419098421	scRNA
TUB	RPGN_vs_PAT	GSE108112-GPL19983	STROMA	49	-0.0032379746577246215	-0.4470097010614465	scRNA
TUB	RPGN_vs_PAT	GSE108112-GPL19983	PERI	49	-0.05678542933369775	-3.8328272119199642	scRNA
TUB	RPGN_vs_PAT	GSE108112-GPL19983	BCELL	44	0.05912749985740942	3.340441480272579	scRNA
TUB	RPGN_vs_PAT	GSE108112-GPL19983	TCELL	47	0.08576612775907552	5.058280141779627	scRNA
TUB	RPGN_vs_PAT	GSE108112-GPL19983	NK	49	0.04300990565537418	2.569771254188827	scRNA
TUB	RPGN_vs_PAT	GSE108112-GPL19983	MAC	49	0.08577159475057018	5.184022699525416	scRNA
TUB	RPGN_vs_PAT	GSE108112-GPL19983	DC	17	0.040811618790030466	1.3519163975702064	scRNA
TUB	RPGN_vs_PAT	META	PT	49	-0.31609757446056724	-8.543766729601177	scRNA
TUB	RPGN_vs_PAT	META	PT_injured	48	-0.12573394941864535	-3.119276789182221	scRNA
TUB	RPGN_vs_PAT	META	LOH	46	-0.208255649244719	-5.241576302700897	scRNA
TUB	RPGN_vs_PAT	META	DCT	46	-0.08421861216851065	-1.9433127293798709	scRNA
TUB	RPGN_vs_PAT	META	CNT_PC	47	-0.15563632328276264	-3.9698300202787586	scRNA
TUB	RPGN_vs_PAT	META	IC	48	0.002659393650598437	0.45853302031612614	scRNA
TUB	RPGN_vs_PAT	META	PODO	48	0.05334820266944007	1.9349435703578473	scRNA
TUB	RPGN_vs_PAT	META	PEC	48	-0.016592523554815355	-0.11760023354797691	scRNA
TUB	RPGN_vs_PAT	META	ENDO	47	-0.1641904853489943	-4.201928475944547	scRNA
TUB	RPGN_vs_PAT	META	ENDO_PT	49	-0.12687865508796306	-3.3758535893884183	scRNA
TUB	RPGN_vs_PAT	META	MES	22	-0.0038576339138671704	0.11349249199441097	scRNA
TUB	RPGN_vs_PAT	META	STROMA	50	-0.0062058685900410636	0.2610599794204927	scRNA
TUB	RPGN_vs_PAT	META	PERI	49	-0.23042344860494973	-6.146679994088872	scRNA
TUB	RPGN_vs_PAT	META	BCELL	45	0.06418205878386893	2.122606198637631	scRNA
TUB	RPGN_vs_PAT	META	TCELL	49	0.21530200244991907	6.351036127592343	scRNA
TUB	RPGN_vs_PAT	META	NK	49	0.0699604010252206	2.311485819920131	scRNA
TUB	RPGN_vs_PAT	META	MAC	49	0.3061963793626667	8.854821728739855	scRNA
TUB	RPGN_vs_PAT	META	DC	17	-5.467608571052551e-05	0.2288717759884495	scRNA
TUB	RPGN_vs_PAT_adj	ERCB_TUB_H7	PT	29	-0.3769935262339377	-3.7234001935919117	scRNA
TUB	RPGN_vs_PAT_adj	ERCB_TUB_H7	PT_injured	17	-0.01740282366495202	0.07884537596227746	scRNA
TUB	RPGN_vs_PAT_adj	ERCB_TUB_H7	LOH	25	-0.5148037850066308	-4.864561879473948	scRNA
TUB	RPGN_vs_PAT_adj	ERCB_TUB_H7	DCT	23	-0.1792313049088216	-1.5034817235676385	scRNA
TUB	RPGN_vs_PAT_adj	ERCB_TUB_H7	CNT_PC	29	-0.4595450209550505	-4.797093511078755	scRNA
TUB	RPGN_vs_PAT_adj	ERCB_TUB_H7	IC	19	0.13929367441772186	1.423899833519965	scRNA
TUB	RPGN_vs_PAT_adj	ERCB_TUB_H7	PODO	21	0.2904427002402284	2.949527760117973	scRNA
TUB	RPGN_vs_PAT_adj	ERCB_TUB_H7	PEC	29	0.09926733804753243	1.277563074292998	scRNA
TUB	RPGN_vs_PAT_adj	ERCB_TUB_H7	ENDO	24	-0.34458166184821587	-3.1698740840252424	scRNA
TUB	RPGN_vs_PAT_adj	ERCB_TUB_H7	ENDO_PT	31	-0.2464327649399747	-2.4491629514549254	scRNA
TUB	RPGN_vs_PAT_adj	ERCB_TUB_H7	MES	18	-0.06272516650998455	-0.30233895331481697	scRNA
TUB	RPGN_vs_PAT_adj	ERCB_TUB_H7	STROMA	35	-0.17368301333098468	-1.8148102636765107	scRNA
TUB	RPGN_vs_PAT_adj	ERCB_TUB_H7	PERI	33	-0.39430703667222744	-4.350283988922779	scRNA
TUB	RPGN_vs_PAT_adj	ERCB_TUB_H7	BCELL	28	-0.046701730847051204	-0.23286651628643257	scRNA
TUB	RPGN_vs_PAT_adj	ERCB_TUB_H7	TCELL	36	0.23476098169491375	3.214962815088477	scRNA
TUB	RPGN_vs_PAT_adj	ERCB_TUB_H7	NK	32	0.02930967195243224	0.6409380909192606	scRNA
TUB	RPGN_vs_PAT_adj	ERCB_TUB_H7	MAC	31	0.6102789495529682	6.772086602112132	scRNA
TUB	RPGN_vs_PAT_adj	ERCB_TUB_H7	DC	12	-0.13696802477351985	-0.7768469254106671	scRNA
TUB	RPGN_vs_PAT_adj	GSE108112-GPL19983	PT	48	-0.1473626134909547	-9.038201610502181	scRNA
TUB	RPGN_vs_PAT_adj	GSE108112-GPL19983	PT_injured	48	-0.10315774404100135	-6.400568269264621	scRNA
TUB	RPGN_vs_PAT_adj	GSE108112-GPL19983	LOH	46	-0.0632849605429741	-3.976911617202067	scRNA
TUB	RPGN_vs_PAT_adj	GSE108112-GPL19983	DCT	46	0.010816674232723167	0.48296294111935445	scRNA
TUB	RPGN_vs_PAT_adj	GSE108112-GPL19983	CNT_PC	47	0.009022175922503397	0.3958743870921373	scRNA
TUB	RPGN_vs_PAT_adj	GSE108112-GPL19983	IC	48	-0.0021624211085266155	-0.28793352245108605	scRNA
TUB	RPGN_vs_PAT_adj	GSE108112-GPL19983	PODO	48	0.027701141697984603	1.5620566497378479	scRNA
TUB	RPGN_vs_PAT_adj	GSE108112-GPL19983	PEC	48	-0.0419042279981326	-2.7843491101258633	scRNA
TUB	RPGN_vs_PAT_adj	GSE108112-GPL19983	ENDO	47	-0.052421661534963165	-3.4368653173226686	scRNA
TUB	RPGN_vs_PAT_adj	GSE108112-GPL19983	ENDO_PT	49	-0.019679722020250475	-1.3813548328164442	scRNA
TUB	RPGN_vs_PAT_adj	GSE108112-GPL19983	MES	22	0.00173406570811634	-0.031950316541725955	scRNA
TUB	RPGN_vs_PAT_adj	GSE108112-GPL19983	STROMA	49	-0.0008934835646229245	-0.21392662211154334	scRNA
TUB	RPGN_vs_PAT_adj	GSE108112-GPL19983	PERI	49	-0.05766191406827183	-3.668251755457279	scRNA
TUB	RPGN_vs_PAT_adj	GSE108112-GPL19983	BCELL	44	0.06734706205823736	3.7461203368251432	scRNA
TUB	RPGN_vs_PAT_adj	GSE108112-GPL19983	TCELL	47	0.09525016753901008	5.668036823056926	scRNA
TUB	RPGN_vs_PAT_adj	GSE108112-GPL19983	NK	49	0.04681219838420708	2.614845756158317	scRNA
TUB	RPGN_vs_PAT_adj	GSE108112-GPL19983	MAC	49	0.09021824954024532	5.415331586991069	scRNA
TUB	RPGN_vs_PAT_adj	GSE108112-GPL19983	DC	17	0.04601734780047189	1.5359798002874996	scRNA
TUB	RPGN_vs_PAT_adj	META	PT	49	-0.22557006984735392	-7.645929120704808	scRNA
TUB	RPGN_vs_PAT_adj	META	PT_injured	48	-0.09115921505487024	-2.9212027718396536	scRNA
TUB	RPGN_vs_PAT_adj	META	LOH	46	-0.18465014191633577	-5.785953683448559	scRNA
TUB	RPGN_vs_PAT_adj	META	DCT	46	-0.0351614766380456	-0.9357986339334559	scRNA
TUB	RPGN_vs_PAT_adj	META	CNT_PC	47	-0.14115046980740564	-4.480559943503761	scRNA
TUB	RPGN_vs_PAT_adj	META	IC	48	0.01676380134981047	0.7377237326593651	scRNA
TUB	RPGN_vs_PAT_adj	META	PODO	48	0.08377596855574543	2.957895232284513	scRNA
TUB	RPGN_vs_PAT_adj	META	PEC	48	-0.0050788808412209245	-0.026687312962598096	scRNA
TUB	RPGN_vs_PAT_adj	META	ENDO	47	-0.12708316873421854	-3.9200907708998582	scRNA
TUB	RPGN_vs_PAT_adj	META	ENDO_PT	49	-0.0976990682114834	-3.2178038464385907	scRNA
TUB	RPGN_vs_PAT_adj	META	MES	22	-0.02273736512572646	-0.3863778520605736	scRNA
TUB	RPGN_vs_PAT_adj	META	STROMA	50	-0.05627991757436072	-1.751726247425538	scRNA
TUB	RPGN_vs_PAT_adj	META	PERI	49	-0.16793865049487736	-5.718689254416255	scRNA
TUB	RPGN_vs_PAT_adj	META	BCELL	45	0.02611404051928675	1.0594336488172147	scRNA
TUB	RPGN_vs_PAT_adj	META	TCELL	49	0.14078278796977345	4.845077697939839	scRNA
TUB	RPGN_vs_PAT_adj	META	NK	49	0.03372591737300751	1.3305507859331926	scRNA
TUB	RPGN_vs_PAT_adj	META	MAC	49	0.24798640265526767	8.749572673877353	scRNA
TUB	RPGN_vs_PAT_adj	META	DC	17	-0.02545657665326108	-0.36520201796788926	scRNA
TUB	SHARED	ERCB_TUB_H1	PT	28	-0.21899801792044724	-1.0197405273724993	scRNA
TUB	SHARED	ERCB_TUB_H1	PT_injured	16	0.0017852459714049612	-0.1542140954826789	scRNA
TUB	SHARED	ERCB_TUB_H1	LOH	23	-0.15111357678213846	-0.6757198476075128	scRNA
TUB	SHARED	ERCB_TUB_H1	DCT	22	-0.49955474653027276	-1.852000503551935	scRNA
TUB	SHARED	ERCB_TUB_H1	CNT_PC	25	-0.1421783442236483	-0.6316200805132766	scRNA
TUB	SHARED	ERCB_TUB_H1	IC	18	-0.008737891841317631	-0.16293924936622806	scRNA
TUB	SHARED	ERCB_TUB_H1	PODO	19	-0.568842554955106	-2.0033804052702537	scRNA
TUB	SHARED	ERCB_TUB_H1	PEC	28	-0.03140725687678371	-0.2906096621169043	scRNA
TUB	SHARED	ERCB_TUB_H1	ENDO	23	-0.2200492856943089	-0.8745986170571958	scRNA
TUB	SHARED	ERCB_TUB_H1	ENDO_PT	29	-0.8120708708844051	-3.1866176024490485	scRNA
TUB	SHARED	ERCB_TUB_H1	MES	17	0.10488295078496723	0.12502638641081992	scRNA
TUB	SHARED	ERCB_TUB_H1	STROMA	35	-0.07146325961553625	-0.49662922279223737	scRNA
TUB	SHARED	ERCB_TUB_H1	PERI	32	-1.0388169248326449	-4.217450425464578	scRNA
TUB	SHARED	ERCB_TUB_H1	BCELL	28	-0.8822817376681736	-3.3955703912552875	scRNA
TUB	SHARED	ERCB_TUB_H1	TCELL	36	-0.3042968042815725	-1.417738456311522	scRNA
TUB	SHARED	ERCB_TUB_H1	NK	31	-0.5847687546404139	-2.468787923038467	scRNA
TUB	SHARED	ERCB_TUB_H1	MAC	31	-0.3017774671316147	-1.3340770101824215	scRNA
TUB	SHARED	ERCB_TUB_H1	DC	12	-0.5089559986566504	-1.325535100110413	scRNA
TUB	SHARED	ERCB_TUB_H7	PT	29	-0.892409327728995	-5.351289352033272	scRNA
TUB	SHARED	ERCB_TUB_H7	PT_injured	17	-0.3276238546651952	-1.3495515292764197	scRNA
TUB	SHARED	ERCB_TUB_H7	LOH	25	-0.2724539938569069	-1.2506476824915507	scRNA
TUB	SHARED	ERCB_TUB_H7	DCT	23	-0.845535525161287	-4.4415554681509795	scRNA
TUB	SHARED	ERCB_TUB_H7	CNT_PC	29	-0.37855949991479004	-2.0700437826581277	scRNA
TUB	SHARED	ERCB_TUB_H7	IC	19	-0.2541177101237209	-1.0394028267851605	scRNA
TUB	SHARED	ERCB_TUB_H7	PODO	21	-1.3617797238486153	-7.414153932605995	scRNA
TUB	SHARED	ERCB_TUB_H7	PEC	29	-0.40890370951644306	-2.4055423428373617	scRNA
TUB	SHARED	ERCB_TUB_H7	ENDO	24	-0.4087160589794318	-2.1451910358447805	scRNA
TUB	SHARED	ERCB_TUB_H7	ENDO_PT	31	-0.20584824101458635	-1.0383719241527372	scRNA
TUB	SHARED	ERCB_TUB_H7	MES	18	-0.14675030215746826	-0.5028891501758186	scRNA
TUB	SHARED	ERCB_TUB_H7	STROMA	35	-0.0466676475746291	-0.08979308533876167	scRNA
TUB	SHARED	ERCB_TUB_H7	PERI	33	-0.5333956617749098	-3.2740706360642813	scRNA
TUB	SHARED	ERCB_TUB_H7	BCELL	28	0.19254069163330964	1.4225433420860292	scRNA
TUB	SHARED	ERCB_TUB_H7	TCELL	36	0.40044465598960716	3.204765744794054	scRNA
TUB	SHARED	ERCB_TUB_H7	NK	32	0.28260569722624496	2.153618746846266	scRNA
TUB	SHARED	ERCB_TUB_H7	MAC	31	0.5948806352192356	4.23708738700372	scRNA
TUB	SHARED	ERCB_TUB_H7	DC	12	0.25396462871382636	1.2360209149906745	scRNA
TUB	SHARED	GSE108112-GPL19983	PT	48	-0.35882149171084166	-3.614359907631579	scRNA
TUB	SHARED	GSE108112-GPL19983	PT_injured	48	-0.21855425865699848	-2.3615642004217	scRNA
TUB	SHARED	GSE108112-GPL19983	LOH	46	-0.2335015057798718	-2.359321663958322	scRNA
TUB	SHARED	GSE108112-GPL19983	DCT	46	-0.7366661449651355	-7.107060912450264	scRNA
TUB	SHARED	GSE108112-GPL19983	CNT_PC	47	-0.0357946397549661	-0.4191402653876388	scRNA
TUB	SHARED	GSE108112-GPL19983	IC	48	-0.4237626143731177	-4.251706816343004	scRNA
TUB	SHARED	GSE108112-GPL19983	PODO	48	-0.6050796921675404	-6.098474356841715	scRNA
TUB	SHARED	GSE108112-GPL19983	PEC	48	0.00889253243803978	0.021117660098751496	scRNA
TUB	SHARED	GSE108112-GPL19983	ENDO	47	-0.020376996612770756	-0.3147404051100426	scRNA
TUB	SHARED	GSE108112-GPL19983	ENDO_PT	49	0.35693123128873355	3.5009400452639956	scRNA
TUB	SHARED	GSE108112-GPL19983	MES	22	0.05318673826563594	0.29624063173865606	scRNA
TUB	SHARED	GSE108112-GPL19983	STROMA	49	0.4238094419183932	4.271432060297228	scRNA
TUB	SHARED	GSE108112-GPL19983	PERI	49	0.06302527050673011	0.533383568221419	scRNA
TUB	SHARED	GSE108112-GPL19983	BCELL	44	0.28792233136482537	2.5958620352294353	scRNA
TUB	SHARED	GSE108112-GPL19983	TCELL	47	0.39599157343222263	3.89773538450062	scRNA
TUB	SHARED	GSE108112-GPL19983	NK	49	0.322405413363357	3.280202115604885	scRNA
TUB	SHARED	GSE108112-GPL19983	MAC	49	0.3367645808172469	3.2817530964931882	scRNA
TUB	SHARED	GSE108112-GPL19983	DC	17	0.3568902668707511	2.0890639037144836	scRNA
TUB	SHARED	GSE175759-RNAseq	PT	50	-0.2589370042551309	-3.547985324238285	scRNA
TUB	SHARED	GSE175759-RNAseq	PT_injured	50	-0.005472390037029984	0.26972737921562623	scRNA
TUB	SHARED	GSE175759-RNAseq	LOH	50	-0.13922664670273663	-1.7408403986682408	scRNA
TUB	SHARED	GSE175759-RNAseq	DCT	50	-0.4220466586947441	-6.136314007082255	scRNA
TUB	SHARED	GSE175759-RNAseq	CNT_PC	50	-0.3966489302739501	-5.522624032476474	scRNA
TUB	SHARED	GSE175759-RNAseq	IC	50	-0.6116078011132777	-9.407601609274542	scRNA
TUB	SHARED	GSE175759-RNAseq	PODO	50	-0.39574351873248814	-5.777476569095701	scRNA
TUB	SHARED	GSE175759-RNAseq	PEC	50	-0.08342421773821115	-0.8737959049218231	scRNA
TUB	SHARED	GSE175759-RNAseq	ENDO	50	-0.16888972772285343	-2.2113264647307207	scRNA
TUB	SHARED	GSE175759-RNAseq	ENDO_PT	50	-0.11507903833407909	-1.3786483533124294	scRNA
TUB	SHARED	GSE175759-RNAseq	MES	23	0.5532980010561321	6.041913084632909	scRNA
TUB	SHARED	GSE175759-RNAseq	STROMA	50	0.6445467698574067	9.89912535751974	scRNA
TUB	SHARED	GSE175759-RNAseq	PERI	50	-0.10213376230560244	-1.1551807716982587	scRNA
TUB	SHARED	GSE175759-RNAseq	BCELL	50	0.5188935549557209	8.172009341227655	scRNA
TUB	SHARED	GSE175759-RNAseq	TCELL	50	0.5251988627389074	8.363441744719557	scRNA
TUB	SHARED	GSE175759-RNAseq	NK	50	0.4083802830427885	6.3194131159006846	scRNA
TUB	SHARED	GSE175759-RNAseq	MAC	50	0.3605805520387366	5.78158891225023	scRNA
TUB	SHARED	GSE175759-RNAseq	DC	17	0.3560209857190357	3.4522614484892724	scRNA
TUB	SHARED	META	PT	50	-0.38858107443433254	-5.406925473011758	scRNA
TUB	SHARED	META	PT_injured	50	-0.12896615362920177	-1.4018510551130325	scRNA
TUB	SHARED	META	LOH	50	-0.20558933022043976	-2.5988206113926213	scRNA
TUB	SHARED	META	DCT	50	-0.5552286413467179	-7.774668718569448	scRNA
TUB	SHARED	META	CNT_PC	50	-0.25393999284666885	-3.3830440523834353	scRNA
TUB	SHARED	META	IC	50	-0.490097027340089	-6.798371700578287	scRNA
TUB	SHARED	META	PODO	50	-0.5867267523768048	-8.43936572863645	scRNA
TUB	SHARED	META	PEC	50	-0.07796537900033097	-0.6452500998169481	scRNA
TUB	SHARED	META	ENDO	50	-0.149358860719949	-1.6685317825044763	scRNA
TUB	SHARED	META	ENDO_PT	50	-0.09518664589112935	-0.880767074990891	scRNA
TUB	SHARED	META	MES	23	0.17662750155052534	2.146663234456924	scRNA
TUB	SHARED	META	STROMA	50	0.3134107950314258	5.533985352818832	scRNA
TUB	SHARED	META	PERI	50	-0.2602470982966285	-3.4598707114660003	scRNA
TUB	SHARED	META	BCELL	50	0.22554157825031626	3.9308521390986844	scRNA
TUB	SHARED	META	TCELL	50	0.28875698131315103	5.055547180586839	scRNA
TUB	SHARED	META	NK	50	0.19345530942392844	3.574744257088883	scRNA
TUB	SHARED	META	MAC	50	0.28357598470756784	4.977266650004475	scRNA
TUB	SHARED	META	DC	17	0.1805830220965778	1.9234862915318698	scRNA
GLOM	DKD_vs_CTRL	ERCB_GLOM_H1	PT	30	-1.1988205656409263	-6.494812261603944	scRNA_endosplit
GLOM	DKD_vs_CTRL	ERCB_GLOM_H1	PT_injured	17	-0.6269844884381575	-2.307634446923289	scRNA_endosplit
GLOM	DKD_vs_CTRL	ERCB_GLOM_H1	LOH	22	-0.38384016806429083	-1.5570265034693818	scRNA_endosplit
GLOM	DKD_vs_CTRL	ERCB_GLOM_H1	DCT	22	-0.3082973868480291	-1.190675054579049	scRNA_endosplit
GLOM	DKD_vs_CTRL	ERCB_GLOM_H1	CNT_PC	25	-0.20381837278604512	-0.7497328658255668	scRNA_endosplit
GLOM	DKD_vs_CTRL	ERCB_GLOM_H1	IC	17	-0.6144088650231853	-2.4598077303307355	scRNA_endosplit
GLOM	DKD_vs_CTRL	ERCB_GLOM_H1	PODO	19	-1.367941793642546	-5.890300451662248	scRNA_endosplit
GLOM	DKD_vs_CTRL	ERCB_GLOM_H1	PEC	28	-0.03375735207061682	0.24414772633920462	scRNA_endosplit
GLOM	DKD_vs_CTRL	ERCB_GLOM_H1	ENDO_PT	34	0.6020172487067825	4.338953953750709	scRNA_endosplit
GLOM	DKD_vs_CTRL	ERCB_GLOM_H1	MES	18	0.6584350922041469	3.099409962301651	scRNA_endosplit
GLOM	DKD_vs_CTRL	ERCB_GLOM_H1	STROMA	35	0.4465076121900763	3.0751746148399532	scRNA_endosplit
GLOM	DKD_vs_CTRL	ERCB_GLOM_H1	PERI	32	-0.056232268194435164	0.13066188122056385	scRNA_endosplit
GLOM	DKD_vs_CTRL	ERCB_GLOM_H1	BCELL	29	-0.08299699502772298	-0.07500823076954583	scRNA_endosplit
GLOM	DKD_vs_CTRL	ERCB_GLOM_H1	TCELL	35	0.21470515696065767	1.8146533670143317	scRNA_endosplit
GLOM	DKD_vs_CTRL	ERCB_GLOM_H1	NK	31	0.5810330931938463	3.946953657668203	scRNA_endosplit
GLOM	DKD_vs_CTRL	ERCB_GLOM_H1	MAC	33	0.9096206905263843	5.689938683922848	scRNA_endosplit
GLOM	DKD_vs_CTRL	ERCB_GLOM_H1	DC	12	0.11921647439400355	0.7090308283016983	scRNA_endosplit
GLOM	DKD_vs_CTRL	ERCB_GLOM_H1	ENDO_GC	25	0.14863379001617433	1.0625956790612343	scRNA_endosplit
GLOM	DKD_vs_CTRL	ERCB_GLOM_H1	ENDO_ART	26	0.7639617106089225	4.347116436149491	scRNA_endosplit
GLOM	DKD_vs_CTRL	ERCB_GLOM_H7	PT	30	-1.4281884844104449	-5.784373614389999	scRNA_endosplit
GLOM	DKD_vs_CTRL	ERCB_GLOM_H7	PT_injured	17	-0.7075111291864339	-2.099555048716629	scRNA_endosplit
GLOM	DKD_vs_CTRL	ERCB_GLOM_H7	LOH	22	0.14575980908491395	0.8790263065588876	scRNA_endosplit
GLOM	DKD_vs_CTRL	ERCB_GLOM_H7	DCT	22	-0.7212250849062746	-2.308813458727199	scRNA_endosplit
GLOM	DKD_vs_CTRL	ERCB_GLOM_H7	CNT_PC	25	-0.21021290987730026	-0.48413868777754165	scRNA_endosplit
GLOM	DKD_vs_CTRL	ERCB_GLOM_H7	IC	17	-0.9094861533821506	-2.6992016541859445	scRNA_endosplit
GLOM	DKD_vs_CTRL	ERCB_GLOM_H7	PODO	19	-1.4931875591803538	-4.933231789085189	scRNA_endosplit
GLOM	DKD_vs_CTRL	ERCB_GLOM_H7	PEC	28	0.44759412854909897	2.3820100742943247	scRNA_endosplit
GLOM	DKD_vs_CTRL	ERCB_GLOM_H7	ENDO_PT	34	0.22443042476387584	1.4602269874259823	scRNA_endosplit
GLOM	DKD_vs_CTRL	ERCB_GLOM_H7	MES	18	0.4539681201179822	1.9726645997235488	scRNA_endosplit
GLOM	DKD_vs_CTRL	ERCB_GLOM_H7	STROMA	35	1.0085967350218976	5.329140544379722	scRNA_endosplit
GLOM	DKD_vs_CTRL	ERCB_GLOM_H7	PERI	32	0.19585715420544147	1.327932823380385	scRNA_endosplit
GLOM	DKD_vs_CTRL	ERCB_GLOM_H7	BCELL	29	0.3306992773351998	1.9192007243780502	scRNA_endosplit
GLOM	DKD_vs_CTRL	ERCB_GLOM_H7	TCELL	35	0.8204193335425641	4.284881826922542	scRNA_endosplit
GLOM	DKD_vs_CTRL	ERCB_GLOM_H7	NK	31	1.4708058531245878	7.314625688768367	scRNA_endosplit
GLOM	DKD_vs_CTRL	ERCB_GLOM_H7	MAC	33	1.4888738070925076	7.354430924046258	scRNA_endosplit
GLOM	DKD_vs_CTRL	ERCB_GLOM_H7	DC	12	0.6448602632929882	2.1537161879464928	scRNA_endosplit
GLOM	DKD_vs_CTRL	ERCB_GLOM_H7	ENDO_GC	25	-1.0874856287240982	-4.041530420235355	scRNA_endosplit
GLOM	DKD_vs_CTRL	ERCB_GLOM_H7	ENDO_ART	26	1.1508414478829274	5.200263604489357	scRNA_endosplit
GLOM	DKD_vs_CTRL	GSE96804-GPL17586	PT	47	-1.255205031405104	-10.631033297899618	scRNA_endosplit
GLOM	DKD_vs_CTRL	GSE96804-GPL17586	PT_injured	45	-0.6551172797878583	-5.552678038642016	scRNA_endosplit
GLOM	DKD_vs_CTRL	GSE96804-GPL17586	LOH	43	-0.30430083782520406	-2.6536624723704394	scRNA_endosplit
GLOM	DKD_vs_CTRL	GSE96804-GPL17586	DCT	44	-0.5083139345515519	-4.160672898461598	scRNA_endosplit
GLOM	DKD_vs_CTRL	GSE96804-GPL17586	CNT_PC	44	-0.14609570504928177	-1.380033706512114	scRNA_endosplit
GLOM	DKD_vs_CTRL	GSE96804-GPL17586	IC	46	-0.21804485688714878	-1.88802012264325	scRNA_endosplit
GLOM	DKD_vs_CTRL	GSE96804-GPL17586	PODO	41	-0.8302801725250192	-6.654494268934368	scRNA_endosplit
GLOM	DKD_vs_CTRL	GSE96804-GPL17586	PEC	47	0.37460922342824177	2.850748812786948	scRNA_endosplit
GLOM	DKD_vs_CTRL	GSE96804-GPL17586	ENDO_PT	48	0.007558241234316175	-0.037677765504563	scRNA_endosplit
GLOM	DKD_vs_CTRL	GSE96804-GPL17586	MES	22	0.18230127437378874	0.9388772517280866	scRNA_endosplit
GLOM	DKD_vs_CTRL	GSE96804-GPL17586	STROMA	49	0.6964263533032975	5.730517004448967	scRNA_endosplit
GLOM	DKD_vs_CTRL	GSE96804-GPL17586	PERI	45	0.2166221660044458	1.5901888099375643	scRNA_endosplit
GLOM	DKD_vs_CTRL	GSE96804-GPL17586	BCELL	35	0.4276392615267209	2.80798398678512	scRNA_endosplit
GLOM	DKD_vs_CTRL	GSE96804-GPL17586	TCELL	41	0.45818897514467744	3.4987525449765613	scRNA_endosplit
GLOM	DKD_vs_CTRL	GSE96804-GPL17586	NK	45	0.0590102043416765	0.3258714795318486	scRNA_endosplit
GLOM	DKD_vs_CTRL	GSE96804-GPL17586	MAC	45	-0.24594614789303806	-2.056558479201354	scRNA_endosplit
GLOM	DKD_vs_CTRL	GSE96804-GPL17586	DC	17	0.49323829635977745	2.184421766475463	scRNA_endosplit
GLOM	DKD_vs_CTRL	GSE96804-GPL17586	ENDO_GC	43	-0.4082999339457168	-3.48857226722995	scRNA_endosplit
GLOM	DKD_vs_CTRL	GSE96804-GPL17586	ENDO_ART	42	0.6565218734599295	4.8926350080638406	scRNA_endosplit
GLOM	DKD_vs_CTRL	META	PT	49	-1.309385444791544	-11.55581582936996	scRNA_endosplit
GLOM	DKD_vs_CTRL	META	PT_injured	45	-0.6542747716108958	-5.397340314446159	scRNA_endosplit
GLOM	DKD_vs_CTRL	META	LOH	43	-0.27072260999517844	-2.175907995910323	scRNA_endosplit
GLOM	DKD_vs_CTRL	META	DCT	44	-0.44707499241110676	-3.6510955160379144	scRNA_endosplit
GLOM	DKD_vs_CTRL	META	CNT_PC	44	-0.2443014260550792	-1.9278176240490772	scRNA_endosplit
GLOM	DKD_vs_CTRL	META	IC	46	-0.4032296670020383	-3.4306200741401733	scRNA_endosplit
GLOM	DKD_vs_CTRL	META	PODO	41	-1.0001780173885144	-7.844837867262404	scRNA_endosplit
GLOM	DKD_vs_CTRL	META	PEC	47	0.3567209341794464	3.069904081478411	scRNA_endosplit
GLOM	DKD_vs_CTRL	META	ENDO_PT	49	0.18811563585511074	1.8047771527125778	scRNA_endosplit
GLOM	DKD_vs_CTRL	META	MES	22	0.40154911429536616	2.4222808846180715	scRNA_endosplit
GLOM	DKD_vs_CTRL	META	STROMA	50	0.6784146931829552	6.664797462962758	scRNA_endosplit
GLOM	DKD_vs_CTRL	META	PERI	46	0.12415689910910481	1.1703418947021889	scRNA_endosplit
GLOM	DKD_vs_CTRL	META	BCELL	39	0.2613738743413207	2.1133301589991356	scRNA_endosplit
GLOM	DKD_vs_CTRL	META	TCELL	46	0.49286489712540055	4.372925705485549	scRNA_endosplit
GLOM	DKD_vs_CTRL	META	NK	49	0.5111094006419588	4.736722068563988	scRNA_endosplit
GLOM	DKD_vs_CTRL	META	MAC	47	0.5182748615860622	4.574593345624258	scRNA_endosplit
GLOM	DKD_vs_CTRL	META	DC	17	0.41672888931398294	2.2424203511962153	scRNA_endosplit
GLOM	DKD_vs_CTRL	META	ENDO_GC	43	-0.4417833520980306	-3.7087380055254897	scRNA_endosplit
GLOM	DKD_vs_CTRL	META	ENDO_ART	43	0.6878768508864004	5.932602684871136	scRNA_endosplit
GLOM	DKD_vs_PAT	ERCB_GLOM_H1	PT	30	-0.26483993387470645	-2.120894723150034	scRNA_endosplit
GLOM	DKD_vs_PAT	ERCB_GLOM_H1	PT_injured	17	-0.042455670533373076	-0.04829690543801682	scRNA_endosplit
GLOM	DKD_vs_PAT	ERCB_GLOM_H1	LOH	22	-0.009498288008299742	0.24547868045293733	scRNA_endosplit
GLOM	DKD_vs_PAT	ERCB_GLOM_H1	DCT	22	0.07666919702156023	1.0103093467086692	scRNA_endosplit
GLOM	DKD_vs_PAT	ERCB_GLOM_H1	CNT_PC	25	0.0808374635502696	0.9767797787914556	scRNA_endosplit
GLOM	DKD_vs_PAT	ERCB_GLOM_H1	IC	17	-0.206510772161624	-1.203860572972221	scRNA_endosplit
GLOM	DKD_vs_PAT	ERCB_GLOM_H1	PODO	19	-0.9927246096102815	-7.337956869630374	scRNA_endosplit
GLOM	DKD_vs_PAT	ERCB_GLOM_H1	PEC	28	-0.03494513660137142	0.013407254226400437	scRNA_endosplit
GLOM	DKD_vs_PAT	ERCB_GLOM_H1	ENDO_PT	34	0.2571594498175032	3.142169054511833	scRNA_endosplit
GLOM	DKD_vs_PAT	ERCB_GLOM_H1	MES	18	0.025406212267828056	0.4812861435887204	scRNA_endosplit
GLOM	DKD_vs_PAT	ERCB_GLOM_H1	STROMA	35	0.5429536010537829	6.19495185374204	scRNA_endosplit
GLOM	DKD_vs_PAT	ERCB_GLOM_H1	PERI	32	-0.07067529880441725	-0.3271150545784732	scRNA_endosplit
GLOM	DKD_vs_PAT	ERCB_GLOM_H1	BCELL	29	-0.10233628128430453	-0.6334196589180969	scRNA_endosplit
GLOM	DKD_vs_PAT	ERCB_GLOM_H1	TCELL	35	0.16486709852303777	2.098872820041034	scRNA_endosplit
GLOM	DKD_vs_PAT	ERCB_GLOM_H1	NK	31	0.14055629435085482	1.6741637908968228	scRNA_endosplit
GLOM	DKD_vs_PAT	ERCB_GLOM_H1	MAC	33	0.20058231011287056	2.4676087171208323	scRNA_endosplit
GLOM	DKD_vs_PAT	ERCB_GLOM_H1	DC	12	-0.03616501097470366	-0.010087111416230848	scRNA_endosplit
GLOM	DKD_vs_PAT	ERCB_GLOM_H1	ENDO_GC	25	-0.2180180829949677	-1.573088959755841	scRNA_endosplit
GLOM	DKD_vs_PAT	ERCB_GLOM_H1	ENDO_ART	26	0.22941895083595926	2.471018392726858	scRNA_endosplit
GLOM	DKD_vs_PAT	ERCB_GLOM_H7	PT	30	0.00685437334080539	0.825762868260859	scRNA_endosplit
GLOM	DKD_vs_PAT	ERCB_GLOM_H7	PT_injured	17	0.1982795308508417	2.0719423436743325	scRNA_endosplit
GLOM	DKD_vs_PAT	ERCB_GLOM_H7	LOH	22	0.6615839182314548	6.3275430775207395	scRNA_endosplit
GLOM	DKD_vs_PAT	ERCB_GLOM_H7	DCT	22	0.04703708661889488	1.1249329867494644	scRNA_endosplit
GLOM	DKD_vs_PAT	ERCB_GLOM_H7	CNT_PC	25	0.2122558146715164	2.7129833883958447	scRNA_endosplit
GLOM	DKD_vs_PAT	ERCB_GLOM_H7	IC	17	-0.21068691834807396	-1.0141122268365135	scRNA_endosplit
GLOM	DKD_vs_PAT	ERCB_GLOM_H7	PODO	19	-0.7150412594017229	-5.284427231524158	scRNA_endosplit
GLOM	DKD_vs_PAT	ERCB_GLOM_H7	PEC	28	0.429122014769486	4.987405912313138	scRNA_endosplit
GLOM	DKD_vs_PAT	ERCB_GLOM_H7	ENDO_PT	34	0.05639998507959878	1.3874882581849388	scRNA_endosplit
GLOM	DKD_vs_PAT	ERCB_GLOM_H7	MES	18	-0.10582896425492233	-0.27878950242245204	scRNA_endosplit
GLOM	DKD_vs_PAT	ERCB_GLOM_H7	STROMA	35	0.6946144925696509	8.461457540326908	scRNA_endosplit
GLOM	DKD_vs_PAT	ERCB_GLOM_H7	PERI	32	0.2825901785399765	3.7210842471568024	scRNA_endosplit
GLOM	DKD_vs_PAT	ERCB_GLOM_H7	BCELL	29	0.18022984577792472	2.4890371981658976	scRNA_endosplit
GLOM	DKD_vs_PAT	ERCB_GLOM_H7	TCELL	35	0.19651779170547212	2.94594540167043	scRNA_endosplit
GLOM	DKD_vs_PAT	ERCB_GLOM_H7	NK	31	0.12622481284122314	2.017745510117625	scRNA_endosplit
GLOM	DKD_vs_PAT	ERCB_GLOM_H7	MAC	33	-0.04278109770155314	0.2932836092100718	scRNA_endosplit
GLOM	DKD_vs_PAT	ERCB_GLOM_H7	DC	12	0.10895181276525061	1.1672476479110516	scRNA_endosplit
GLOM	DKD_vs_PAT	ERCB_GLOM_H7	ENDO_GC	25	-0.6434581483900547	-5.357122410144834	scRNA_endosplit
GLOM	DKD_vs_PAT	ERCB_GLOM_H7	ENDO_ART	26	0.6921353841630312	7.1490010240401585	scRNA_endosplit
GLOM	DKD_vs_PAT	META	PT	30	-0.12899278026695052	-0.9231476083732665	scRNA_endosplit
GLOM	DKD_vs_PAT	META	PT_injured	17	0.07791193015873434	1.304876335555002	scRNA_endosplit
GLOM	DKD_vs_PAT	META	LOH	22	0.3260428151115775	4.240973205457441	scRNA_endosplit
GLOM	DKD_vs_PAT	META	DCT	22	0.06185314182022756	1.2181679744484857	scRNA_endosplit
GLOM	DKD_vs_PAT	META	CNT_PC	25	0.14654663911089302	2.4145980030021748	scRNA_endosplit
GLOM	DKD_vs_PAT	META	IC	17	-0.20859884525484898	-1.4448344639502424	scRNA_endosplit
GLOM	DKD_vs_PAT	META	PODO	19	-0.8538829345060023	-8.260618032056868	scRNA_endosplit
GLOM	DKD_vs_PAT	META	PEC	28	0.1970884390840573	3.2852950161635155	scRNA_endosplit
GLOM	DKD_vs_PAT	META	ENDO_PT	34	0.156779717448551	2.804844613036529	scRNA_endosplit
GLOM	DKD_vs_PAT	META	MES	18	-0.040211375993547134	0.14528678158472394	scRNA_endosplit
GLOM	DKD_vs_PAT	META	STROMA	35	0.618784046811717	9.297753252521266	scRNA_endosplit
GLOM	DKD_vs_PAT	META	PERI	32	0.10595743986777961	2.187315129343441	scRNA_endosplit
GLOM	DKD_vs_PAT	META	BCELL	29	0.03894678224681009	1.2063209902655316	scRNA_endosplit
GLOM	DKD_vs_PAT	META	TCELL	35	0.18069244511425495	3.2590639820362255	scRNA_endosplit
GLOM	DKD_vs_PAT	META	NK	31	0.13339055359603896	2.3871187968390273	scRNA_endosplit
GLOM	DKD_vs_PAT	META	MAC	33	0.07890060620565871	1.8443485708298826	scRNA_endosplit
GLOM	DKD_vs_PAT	META	DC	12	0.03639340089527347	0.7165936185656454	scRNA_endosplit
GLOM	DKD_vs_PAT	META	ENDO_GC	25	-0.4307381156925112	-4.259365880576702	scRNA_endosplit
GLOM	DKD_vs_PAT	META	ENDO_ART	26	0.46077716749949527	5.880225628293053	scRNA_endosplit
GLOM	DKD_vs_PAT_adj	ERCB_GLOM_H1	PT	30	0.20017860943619453	2.1841885619462276	scRNA_endosplit
GLOM	DKD_vs_PAT_adj	ERCB_GLOM_H1	PT_injured	17	0.39751211549140364	2.9679244014061896	scRNA_endosplit
GLOM	DKD_vs_PAT_adj	ERCB_GLOM_H1	LOH	22	0.19131520901282667	1.865043700791021	scRNA_endosplit
GLOM	DKD_vs_PAT_adj	ERCB_GLOM_H1	DCT	22	0.2325580845040003	2.043704373976558	scRNA_endosplit
GLOM	DKD_vs_PAT_adj	ERCB_GLOM_H1	CNT_PC	25	0.1503762291316991	1.5755072483848964	scRNA_endosplit
GLOM	DKD_vs_PAT_adj	ERCB_GLOM_H1	IC	17	-0.1636958965577106	-0.8641382799964396	scRNA_endosplit
GLOM	DKD_vs_PAT_adj	ERCB_GLOM_H1	PODO	19	-0.9431520372380614	-6.6059752575358885	scRNA_endosplit
GLOM	DKD_vs_PAT_adj	ERCB_GLOM_H1	PEC	28	-0.038162292887120926	0.05857459119771215	scRNA_endosplit
GLOM	DKD_vs_PAT_adj	ERCB_GLOM_H1	ENDO_PT	34	0.18120921558974581	2.2699271180976606	scRNA_endosplit
GLOM	DKD_vs_PAT_adj	ERCB_GLOM_H1	MES	18	-0.04596405851022589	-0.08880769409353684	scRNA_endosplit
GLOM	DKD_vs_PAT_adj	ERCB_GLOM_H1	STROMA	35	0.5234502474540154	5.607705316534039	scRNA_endosplit
GLOM	DKD_vs_PAT_adj	ERCB_GLOM_H1	PERI	32	-0.07599718392795207	-0.31435658074595996	scRNA_endosplit
GLOM	DKD_vs_PAT_adj	ERCB_GLOM_H1	BCELL	29	-0.20302304131162346	-1.456711218267084	scRNA_endosplit
GLOM	DKD_vs_PAT_adj	ERCB_GLOM_H1	TCELL	35	0.05648086100892044	0.959719014462404	scRNA_endosplit
GLOM	DKD_vs_PAT_adj	ERCB_GLOM_H1	NK	31	0.0017376455456980325	0.3681063598458153	scRNA_endosplit
GLOM	DKD_vs_PAT_adj	ERCB_GLOM_H1	MAC	33	-0.050787333453747634	-0.10314124327512701	scRNA_endosplit
GLOM	DKD_vs_PAT_adj	ERCB_GLOM_H1	DC	12	-0.16245987467903078	-0.685884124673107	scRNA_endosplit
GLOM	DKD_vs_PAT_adj	ERCB_GLOM_H1	ENDO_GC	25	-0.3046659803317284	-2.2018805615391988	scRNA_endosplit
GLOM	DKD_vs_PAT_adj	ERCB_GLOM_H1	ENDO_ART	26	0.19491986451601584	1.9816289369035345	scRNA_endosplit
GLOM	DKD_vs_PAT_adj	ERCB_GLOM_H7	PT	30	0.0765854805835725	1.3632778170399025	scRNA_endosplit
GLOM	DKD_vs_PAT_adj	ERCB_GLOM_H7	PT_injured	17	0.2574864088715597	2.420353288699012	scRNA_endosplit
GLOM	DKD_vs_PAT_adj	ERCB_GLOM_H7	LOH	22	0.7329116975938658	6.536877557244066	scRNA_endosplit
GLOM	DKD_vs_PAT_adj	ERCB_GLOM_H7	DCT	22	0.07993894396983524	1.1604750381286246	scRNA_endosplit
GLOM	DKD_vs_PAT_adj	ERCB_GLOM_H7	CNT_PC	25	0.23950231916774278	2.6956693646913488	scRNA_endosplit
GLOM	DKD_vs_PAT_adj	ERCB_GLOM_H7	IC	17	-0.212098479779157	-1.0052539483221912	scRNA_endosplit
GLOM	DKD_vs_PAT_adj	ERCB_GLOM_H7	PODO	19	-0.7171681943842664	-5.182010260144321	scRNA_endosplit
GLOM	DKD_vs_PAT_adj	ERCB_GLOM_H7	PEC	28	0.44452866958962817	4.865270296030709	scRNA_endosplit
GLOM	DKD_vs_PAT_adj	ERCB_GLOM_H7	ENDO_PT	34	0.03143649262956593	0.9961461065046135	scRNA_endosplit
GLOM	DKD_vs_PAT_adj	ERCB_GLOM_H7	MES	18	-0.13331219559498025	-0.5242895368418402	scRNA_endosplit
GLOM	DKD_vs_PAT_adj	ERCB_GLOM_H7	STROMA	35	0.7018218786380473	8.122494984687682	scRNA_endosplit
GLOM	DKD_vs_PAT_adj	ERCB_GLOM_H7	PERI	32	0.2848325776541548	3.533702812738463	scRNA_endosplit
GLOM	DKD_vs_PAT_adj	ERCB_GLOM_H7	BCELL	29	0.1792257797256258	2.373194562293763	scRNA_endosplit
GLOM	DKD_vs_PAT_adj	ERCB_GLOM_H7	TCELL	35	0.19253274701227668	2.8154178625069264	scRNA_endosplit
GLOM	DKD_vs_PAT_adj	ERCB_GLOM_H7	NK	31	0.11947436494236557	1.7976532947180806	scRNA_endosplit
GLOM	DKD_vs_PAT_adj	ERCB_GLOM_H7	MAC	33	-0.07180911639253383	-0.04021139454491266	scRNA_endosplit
GLOM	DKD_vs_PAT_adj	ERCB_GLOM_H7	DC	12	0.10954642770036643	1.0980341205979185	scRNA_endosplit
GLOM	DKD_vs_PAT_adj	ERCB_GLOM_H7	ENDO_GC	25	-0.6829915841914507	-5.538229042188609	scRNA_endosplit
GLOM	DKD_vs_PAT_adj	ERCB_GLOM_H7	ENDO_ART	26	0.7071883123737621	6.852916067133939	scRNA_endosplit
GLOM	DKD_vs_PAT_adj	META	PT	30	0.1383820450098835	2.4002885340883187	scRNA_endosplit
GLOM	DKD_vs_PAT_adj	META	PT_injured	17	0.32749926218148173	3.4329401347520556	scRNA_endosplit
GLOM	DKD_vs_PAT_adj	META	LOH	22	0.4621134533033462	5.264790441832487	scRNA_endosplit
GLOM	DKD_vs_PAT_adj	META	DCT	22	0.1562485142369177	2.231240069019454	scRNA_endosplit
GLOM	DKD_vs_PAT_adj	META	CNT_PC	25	0.19493927414972093	2.589294152941261	scRNA_endosplit
GLOM	DKD_vs_PAT_adj	META	IC	17	-0.18789718816843376	-1.1447969450127349	scRNA_endosplit
GLOM	DKD_vs_PAT_adj	META	PODO	19	-0.8301601158111637	-7.221627028016412	scRNA_endosplit
GLOM	DKD_vs_PAT_adj	META	PEC	28	0.20318318835125365	3.032388838495474	scRNA_endosplit
GLOM	DKD_vs_PAT_adj	META	ENDO_PT	34	0.10632285410965586	2.048382950935815	scRNA_endosplit
GLOM	DKD_vs_PAT_adj	META	MES	18	-0.08963812705260304	-0.3060764425507887	scRNA_endosplit
GLOM	DKD_vs_PAT_adj	META	STROMA	35	0.6126360630460315	8.75790974914789	scRNA_endosplit
GLOM	DKD_vs_PAT_adj	META	PERI	32	0.10441769686310139	1.98614321019843	scRNA_endosplit
GLOM	DKD_vs_PAT_adj	META	BCELL	29	-0.01189863079299885	0.5108129233873745	scRNA_endosplit
GLOM	DKD_vs_PAT_adj	META	TCELL	35	0.12450680401059856	2.282363384522472	scRNA_endosplit
GLOM	DKD_vs_PAT_adj	META	NK	31	0.060606005244031806	1.3797802118975284	scRNA_endosplit
GLOM	DKD_vs_PAT_adj	META	MAC	33	-0.061298224923140736	-0.11531685276932076	scRNA_endosplit
GLOM	DKD_vs_PAT_adj	META	DC	12	-0.026456723489332156	0.16731345050364155	scRNA_endosplit
GLOM	DKD_vs_PAT_adj	META	ENDO_GC	25	-0.4938287822615896	-4.700616556076	scRNA_endosplit
GLOM	DKD_vs_PAT_adj	META	ENDO_ART	26	0.45105408844488887	5.484566330573116	scRNA_endosplit
GLOM	FSGS_MCD_vs_PAT	ERCB_GLOM_H7	PT	30	0.330564309284091	3.6300871604668297	scRNA_endosplit
GLOM	FSGS_MCD_vs_PAT	ERCB_GLOM_H7	PT_injured	17	0.33211584761738777	2.7551596968656566	scRNA_endosplit
GLOM	FSGS_MCD_vs_PAT	ERCB_GLOM_H7	LOH	22	0.05076729315756397	0.2226306281689769	scRNA_endosplit
GLOM	FSGS_MCD_vs_PAT	ERCB_GLOM_H7	DCT	22	0.05340739491988312	0.2222842020753583	scRNA_endosplit
GLOM	FSGS_MCD_vs_PAT	ERCB_GLOM_H7	CNT_PC	25	0.0627446385845542	0.35121842039208295	scRNA_endosplit
GLOM	FSGS_MCD_vs_PAT	ERCB_GLOM_H7	IC	17	0.12226119275917025	0.7945165791009359	scRNA_endosplit
GLOM	FSGS_MCD_vs_PAT	ERCB_GLOM_H7	PODO	19	0.23618859878594153	1.9631174076014184	scRNA_endosplit
GLOM	FSGS_MCD_vs_PAT	ERCB_GLOM_H7	PEC	28	-0.1871567713096738	-2.609344907943495	scRNA_endosplit
GLOM	FSGS_MCD_vs_PAT	ERCB_GLOM_H7	ENDO_PT	34	-0.017626554787378106	-0.7235522562256602	scRNA_endosplit
GLOM	FSGS_MCD_vs_PAT	ERCB_GLOM_H7	MES	18	0.3968496565810508	3.6938575725321514	scRNA_endosplit
GLOM	FSGS_MCD_vs_PAT	ERCB_GLOM_H7	STROMA	35	-0.32090603640036924	-4.731459640813134	scRNA_endosplit
GLOM	FSGS_MCD_vs_PAT	ERCB_GLOM_H7	PERI	32	0.04469682957278564	0.14857106931728783	scRNA_endosplit
GLOM	FSGS_MCD_vs_PAT	ERCB_GLOM_H7	BCELL	29	-0.14344709328022495	-2.162670671273447	scRNA_endosplit
GLOM	FSGS_MCD_vs_PAT	ERCB_GLOM_H7	TCELL	35	-0.06939067569162165	-1.3658803177625116	scRNA_endosplit
GLOM	FSGS_MCD_vs_PAT	ERCB_GLOM_H7	NK	31	0.20484132025270693	2.21163484082321	scRNA_endosplit
GLOM	FSGS_MCD_vs_PAT	ERCB_GLOM_H7	MAC	33	-0.4152454122280081	-6.196242638871066	scRNA_endosplit
GLOM	FSGS_MCD_vs_PAT	ERCB_GLOM_H7	DC	12	-0.035592209004486584	-0.5200999936849012	scRNA_endosplit
GLOM	FSGS_MCD_vs_PAT	ERCB_GLOM_H7	ENDO_GC	25	0.39652602557092903	3.9051766914132564	scRNA_endosplit
GLOM	FSGS_MCD_vs_PAT	ERCB_GLOM_H7	ENDO_ART	26	-0.14049679631940448	-1.9971693486987376	scRNA_endosplit
GLOM	FSGS_MCD_vs_PAT	META	PT	30	0.330564309284091	3.7232813587488294	scRNA_endosplit
GLOM	FSGS_MCD_vs_PAT	META	PT_injured	17	0.33211584761738777	2.750838836052122	scRNA_endosplit
GLOM	FSGS_MCD_vs_PAT	META	LOH	22	0.05076729315756397	0.15290918335318532	scRNA_endosplit
GLOM	FSGS_MCD_vs_PAT	META	DCT	22	0.05340739491988312	0.22283029304140595	scRNA_endosplit
GLOM	FSGS_MCD_vs_PAT	META	CNT_PC	25	0.0627446385845542	0.2799798992306201	scRNA_endosplit
GLOM	FSGS_MCD_vs_PAT	META	IC	17	0.12226119275917025	0.837564472905569	scRNA_endosplit
GLOM	FSGS_MCD_vs_PAT	META	PODO	19	0.23618859878594153	2.002490853890099	scRNA_endosplit
GLOM	FSGS_MCD_vs_PAT	META	PEC	28	-0.1871567713096738	-2.6104152178405453	scRNA_endosplit
GLOM	FSGS_MCD_vs_PAT	META	ENDO_PT	34	-0.017626554787378106	-0.7017671956508728	scRNA_endosplit
GLOM	FSGS_MCD_vs_PAT	META	MES	18	0.3968496565810508	3.4587216105145213	scRNA_endosplit
GLOM	FSGS_MCD_vs_PAT	META	STROMA	35	-0.32090603640036924	-4.6411239410862475	scRNA_endosplit
GLOM	FSGS_MCD_vs_PAT	META	PERI	32	0.04469682957278564	0.11846675952387918	scRNA_endosplit
GLOM	FSGS_MCD_vs_PAT	META	BCELL	29	-0.14344709328022495	-2.1364971430763924	scRNA_endosplit
GLOM	FSGS_MCD_vs_PAT	META	TCELL	35	-0.06939067569162165	-1.2605558436743722	scRNA_endosplit
GLOM	FSGS_MCD_vs_PAT	META	NK	31	0.20484132025270693	2.0831800357092436	scRNA_endosplit
GLOM	FSGS_MCD_vs_PAT	META	MAC	33	-0.4152454122280081	-6.173841661441777	scRNA_endosplit
GLOM	FSGS_MCD_vs_PAT	META	DC	12	-0.035592209004486584	-0.5036834971290192	scRNA_endosplit
GLOM	FSGS_MCD_vs_PAT	META	ENDO_GC	25	0.39652602557092903	3.9978602838229027	scRNA_endosplit
GLOM	FSGS_MCD_vs_PAT	META	ENDO_ART	26	-0.14049679631940448	-2.013997517551324	scRNA_endosplit
GLOM	FSGS_MCD_vs_PAT_adj	ERCB_GLOM_H7	PT	30	0.3084775288950208	3.190576123737198	scRNA_endosplit
GLOM	FSGS_MCD_vs_PAT_adj	ERCB_GLOM_H7	PT_injured	17	0.30863054145136043	2.462753549597437	scRNA_endosplit
GLOM	FSGS_MCD_vs_PAT_adj	ERCB_GLOM_H7	LOH	22	-0.00612639016861114	-0.44514530710616146	scRNA_endosplit
GLOM	FSGS_MCD_vs_PAT_adj	ERCB_GLOM_H7	DCT	22	-0.009167317670130145	-0.4939394248221354	scRNA_endosplit
GLOM	FSGS_MCD_vs_PAT_adj	ERCB_GLOM_H7	CNT_PC	25	0.036762505531514486	-0.03727200757646259	scRNA_endosplit
GLOM	FSGS_MCD_vs_PAT_adj	ERCB_GLOM_H7	IC	17	0.1079550908861463	0.6535312707813388	scRNA_endosplit
GLOM	FSGS_MCD_vs_PAT_adj	ERCB_GLOM_H7	PODO	19	0.22539870895499708	1.8248811539790306	scRNA_endosplit
GLOM	FSGS_MCD_vs_PAT_adj	ERCB_GLOM_H7	PEC	28	-0.2145572925399037	-2.838793487089109	scRNA_endosplit
GLOM	FSGS_MCD_vs_PAT_adj	ERCB_GLOM_H7	ENDO_PT	34	0.03375242726734093	-0.05844539886423938	scRNA_endosplit
GLOM	FSGS_MCD_vs_PAT_adj	ERCB_GLOM_H7	MES	18	0.4855252345829636	4.2318316562340055	scRNA_endosplit
GLOM	FSGS_MCD_vs_PAT_adj	ERCB_GLOM_H7	STROMA	35	-0.3108842986923305	-4.571155406766942	scRNA_endosplit
GLOM	FSGS_MCD_vs_PAT_adj	ERCB_GLOM_H7	PERI	32	0.03461451340943973	-0.06085341114848413	scRNA_endosplit
GLOM	FSGS_MCD_vs_PAT_adj	ERCB_GLOM_H7	BCELL	29	-0.12951847467286215	-2.0530384903655357	scRNA_endosplit
GLOM	FSGS_MCD_vs_PAT_adj	ERCB_GLOM_H7	TCELL	35	-0.04023928504981498	-1.0008831068429653	scRNA_endosplit
GLOM	FSGS_MCD_vs_PAT_adj	ERCB_GLOM_H7	NK	31	0.24131802273809444	2.5170244697505857	scRNA_endosplit
GLOM	FSGS_MCD_vs_PAT_adj	ERCB_GLOM_H7	MAC	33	-0.36151733786392715	-5.156793934146404	scRNA_endosplit
GLOM	FSGS_MCD_vs_PAT_adj	ERCB_GLOM_H7	DC	12	-0.016063035519068698	-0.42976089833898845	scRNA_endosplit
GLOM	FSGS_MCD_vs_PAT_adj	ERCB_GLOM_H7	ENDO_GC	25	0.4554530506115963	4.525113115687482	scRNA_endosplit
GLOM	FSGS_MCD_vs_PAT_adj	ERCB_GLOM_H7	ENDO_ART	26	-0.11788073245327158	-1.7055342446251143	scRNA_endosplit
GLOM	FSGS_MCD_vs_PAT_adj	META	PT	30	0.3084775288950208	3.1894695093075374	scRNA_endosplit
GLOM	FSGS_MCD_vs_PAT_adj	META	PT_injured	17	0.30863054145136043	2.4136775196314715	scRNA_endosplit
GLOM	FSGS_MCD_vs_PAT_adj	META	LOH	22	-0.00612639016861114	-0.4831202259800257	scRNA_endosplit
GLOM	FSGS_MCD_vs_PAT_adj	META	DCT	22	-0.009167317670130145	-0.4746595935272176	scRNA_endosplit
GLOM	FSGS_MCD_vs_PAT_adj	META	CNT_PC	25	0.036762505531514486	-0.04728348004404089	scRNA_endosplit
GLOM	FSGS_MCD_vs_PAT_adj	META	IC	17	0.1079550908861463	0.6638643668393408	scRNA_endosplit
GLOM	FSGS_MCD_vs_PAT_adj	META	PODO	19	0.22539870895499708	1.7126919728755132	scRNA_endosplit
GLOM	FSGS_MCD_vs_PAT_adj	META	PEC	28	-0.2145572925399037	-2.832306442490036	scRNA_endosplit
GLOM	FSGS_MCD_vs_PAT_adj	META	ENDO_PT	34	0.03375242726734093	-0.09255307254091555	scRNA_endosplit
GLOM	FSGS_MCD_vs_PAT_adj	META	MES	18	0.4855252345829636	4.114107732104695	scRNA_endosplit
GLOM	FSGS_MCD_vs_PAT_adj	META	STROMA	35	-0.3108842986923305	-4.5387624620616664	scRNA_endosplit
GLOM	FSGS_MCD_vs_PAT_adj	META	PERI	32	0.03461451340943973	-0.0017054788071135863	scRNA_endosplit
GLOM	FSGS_MCD_vs_PAT_adj	META	BCELL	29	-0.12951847467286215	-2.014927534064679	scRNA_endosplit
GLOM	FSGS_MCD_vs_PAT_adj	META	TCELL	35	-0.04023928504981498	-0.9874990605897379	scRNA_endosplit
GLOM	FSGS_MCD_vs_PAT_adj	META	NK	31	0.24131802273809444	2.4670681876866287	scRNA_endosplit
GLOM	FSGS_MCD_vs_PAT_adj	META	MAC	33	-0.36151733786392715	-5.0291922750103115	scRNA_endosplit
GLOM	FSGS_MCD_vs_PAT_adj	META	DC	12	-0.016063035519068698	-0.4085042211466965	scRNA_endosplit
GLOM	FSGS_MCD_vs_PAT_adj	META	ENDO_GC	25	0.4554530506115963	4.416664552738093	scRNA_endosplit
GLOM	FSGS_MCD_vs_PAT_adj	META	ENDO_ART	26	-0.11788073245327158	-1.7380903600780893	scRNA_endosplit
GLOM	FSGS_vs_PAT	ERCB_GLOM_H1	PT	30	0.048131759728615484	1.0325814318922155	scRNA_endosplit
GLOM	FSGS_vs_PAT	ERCB_GLOM_H1	PT_injured	17	0.3587923163876814	3.834126017718271	scRNA_endosplit
GLOM	FSGS_vs_PAT	ERCB_GLOM_H1	LOH	22	0.21098968335850674	2.6775619598047036	scRNA_endosplit
GLOM	FSGS_vs_PAT	ERCB_GLOM_H1	DCT	22	0.04270021846009927	0.8455233565190423	scRNA_endosplit
GLOM	FSGS_vs_PAT	ERCB_GLOM_H1	CNT_PC	25	0.2692120402120054	3.4227563538809713	scRNA_endosplit
GLOM	FSGS_vs_PAT	ERCB_GLOM_H1	IC	17	-0.10189241335234221	-0.5630658723322854	scRNA_endosplit
GLOM	FSGS_vs_PAT	ERCB_GLOM_H1	PODO	19	-0.02799386776199468	0.07328682840482963	scRNA_endosplit
GLOM	FSGS_vs_PAT	ERCB_GLOM_H1	PEC	28	0.28122275808293906	3.668101951796342	scRNA_endosplit
GLOM	FSGS_vs_PAT	ERCB_GLOM_H1	ENDO_PT	34	-0.050136865281006866	-0.17608355293422936	scRNA_endosplit
GLOM	FSGS_vs_PAT	ERCB_GLOM_H1	MES	18	-0.034935194378097854	0.017101124649112464	scRNA_endosplit
GLOM	FSGS_vs_PAT	ERCB_GLOM_H1	STROMA	35	0.030081187933683397	0.9370819567545092	scRNA_endosplit
GLOM	FSGS_vs_PAT	ERCB_GLOM_H1	PERI	32	-0.16341720625860034	-1.58715137803332	scRNA_endosplit
GLOM	FSGS_vs_PAT	ERCB_GLOM_H1	BCELL	29	-0.21063230610613165	-2.086733278553609	scRNA_endosplit
GLOM	FSGS_vs_PAT	ERCB_GLOM_H1	TCELL	35	-0.053038958686270885	-0.17020699846105533	scRNA_endosplit
GLOM	FSGS_vs_PAT	ERCB_GLOM_H1	NK	31	-0.03479069122864354	0.038160431540449	scRNA_endosplit
GLOM	FSGS_vs_PAT	ERCB_GLOM_H1	MAC	33	-0.33877073140871344	-3.9123256795935575	scRNA_endosplit
GLOM	FSGS_vs_PAT	ERCB_GLOM_H1	DC	12	-0.04213889439900717	-0.018810106328681273	scRNA_endosplit
GLOM	FSGS_vs_PAT	ERCB_GLOM_H1	ENDO_GC	25	-0.015174352303147311	0.27374154012346863	scRNA_endosplit
GLOM	FSGS_vs_PAT	ERCB_GLOM_H1	ENDO_ART	26	-0.25947853507330787	-2.591476417480687	scRNA_endosplit
GLOM	FSGS_vs_PAT	ERCB_GLOM_H7	PT	30	0.35926231493552524	4.897246754990339	scRNA_endosplit
GLOM	FSGS_vs_PAT	ERCB_GLOM_H7	PT_injured	17	0.03264424204826355	0.1852612674994788	scRNA_endosplit
GLOM	FSGS_vs_PAT	ERCB_GLOM_H7	LOH	22	0.053427310221278196	0.39686564982925315	scRNA_endosplit
GLOM	FSGS_vs_PAT	ERCB_GLOM_H7	DCT	22	0.193998743314296	2.0530045071744984	scRNA_endosplit
GLOM	FSGS_vs_PAT	ERCB_GLOM_H7	CNT_PC	25	-0.01781961768865584	-0.47967414501889566	scRNA_endosplit
GLOM	FSGS_vs_PAT	ERCB_GLOM_H7	IC	17	0.05837302213972981	0.48211143567336984	scRNA_endosplit
GLOM	FSGS_vs_PAT	ERCB_GLOM_H7	PODO	19	0.25553474288531824	2.6528346742243185	scRNA_endosplit
GLOM	FSGS_vs_PAT	ERCB_GLOM_H7	PEC	28	0.11422002954142434	1.3034271303843439	scRNA_endosplit
GLOM	FSGS_vs_PAT	ERCB_GLOM_H7	ENDO_PT	34	-0.05917157777859009	-1.128835035163596	scRNA_endosplit
GLOM	FSGS_vs_PAT	ERCB_GLOM_H7	MES	18	-0.023579836046944073	-0.48339628444746435	scRNA_endosplit
GLOM	FSGS_vs_PAT	ERCB_GLOM_H7	STROMA	35	-0.4691012057874884	-7.339651856303009	scRNA_endosplit
GLOM	FSGS_vs_PAT	ERCB_GLOM_H7	PERI	32	0.04660470683302265	0.41348524639437517	scRNA_endosplit
GLOM	FSGS_vs_PAT	ERCB_GLOM_H7	BCELL	29	-0.3584684480367036	-4.947436668559678	scRNA_endosplit
GLOM	FSGS_vs_PAT	ERCB_GLOM_H7	TCELL	35	-0.5416731708350458	-8.652079988735322	scRNA_endosplit
GLOM	FSGS_vs_PAT	ERCB_GLOM_H7	NK	31	-0.07695260591384384	-1.329582417089139	scRNA_endosplit
GLOM	FSGS_vs_PAT	ERCB_GLOM_H7	MAC	33	-0.5038412193005736	-7.699784838236487	scRNA_endosplit
GLOM	FSGS_vs_PAT	ERCB_GLOM_H7	DC	12	-0.3353956138986784	-3.1727664010299454	scRNA_endosplit
GLOM	FSGS_vs_PAT	ERCB_GLOM_H7	ENDO_GC	25	0.16637614279985427	1.8086391699070112	scRNA_endosplit
GLOM	FSGS_vs_PAT	ERCB_GLOM_H7	ENDO_ART	26	0.07552924250754024	0.7430918385050865	scRNA_endosplit
GLOM	FSGS_vs_PAT	GSE108109-GPL19983	PT	48	-0.02814627008137904	-0.749413092963072	scRNA_endosplit
GLOM	FSGS_vs_PAT	GSE108109-GPL19983	PT_injured	48	-0.01453568642803778	-0.35082151658995603	scRNA_endosplit
GLOM	FSGS_vs_PAT	GSE108109-GPL19983	LOH	46	0.03618931213555776	1.213651607570284	scRNA_endosplit
GLOM	FSGS_vs_PAT	GSE108109-GPL19983	DCT	46	0.06995650984184898	2.1643493843716186	scRNA_endosplit
GLOM	FSGS_vs_PAT	GSE108109-GPL19983	CNT_PC	47	0.01534741302516232	0.5600005795442604	scRNA_endosplit
GLOM	FSGS_vs_PAT	GSE108109-GPL19983	IC	48	-0.028689048155987006	-0.7487507289677051	scRNA_endosplit
GLOM	FSGS_vs_PAT	GSE108109-GPL19983	PODO	48	-0.11027017961411427	-3.19730784281555	scRNA_endosplit
GLOM	FSGS_vs_PAT	GSE108109-GPL19983	PEC	48	0.05688253076126176	1.7753284871010797	scRNA_endosplit
GLOM	FSGS_vs_PAT	GSE108109-GPL19983	ENDO_PT	49	0.1761045915511798	5.3666247489580705	scRNA_endosplit
GLOM	FSGS_vs_PAT	GSE108109-GPL19983	MES	22	0.25127243335274135	5.193868863024857	scRNA_endosplit
GLOM	FSGS_vs_PAT	GSE108109-GPL19983	STROMA	49	0.006809780935012041	0.29489660794045386	scRNA_endosplit
GLOM	FSGS_vs_PAT	GSE108109-GPL19983	PERI	48	0.04490802190169537	1.4376968151222496	scRNA_endosplit
GLOM	FSGS_vs_PAT	GSE108109-GPL19983	BCELL	44	-0.017863790494051172	-0.4483789037294477	scRNA_endosplit
GLOM	FSGS_vs_PAT	GSE108109-GPL19983	TCELL	47	0.06320177632059835	1.9403140781027244	scRNA_endosplit
GLOM	FSGS_vs_PAT	GSE108109-GPL19983	NK	48	0.2036386055018132	6.328612827058911	scRNA_endosplit
GLOM	FSGS_vs_PAT	GSE108109-GPL19983	MAC	49	-0.03812227555911759	-1.1066471432604779	scRNA_endosplit
GLOM	FSGS_vs_PAT	GSE108109-GPL19983	DC	19	0.016845792973119954	0.3679777920575536	scRNA_endosplit
GLOM	FSGS_vs_PAT	GSE108109-GPL19983	ENDO_GC	48	0.2254771989149352	7.218687762096665	scRNA_endosplit
GLOM	FSGS_vs_PAT	GSE108109-GPL19983	ENDO_ART	47	0.06717085477678066	2.080782145439227	scRNA_endosplit
GLOM	FSGS_vs_PAT	META	PT	50	0.07434548982952642	2.4451219700362965	scRNA_endosplit
GLOM	FSGS_vs_PAT	META	PT_injured	48	0.04322122212033718	1.5528990990473466	scRNA_endosplit
GLOM	FSGS_vs_PAT	META	LOH	46	0.06885709622081881	2.15865603523387	scRNA_endosplit
GLOM	FSGS_vs_PAT	META	DCT	46	0.0831018668140514	2.689861224679849	scRNA_endosplit
GLOM	FSGS_vs_PAT	META	CNT_PC	47	0.06979015065647713	2.2943731783280685	scRNA_endosplit
GLOM	FSGS_vs_PAT	META	IC	48	-0.0077799449823537925	-0.10121348545181004	scRNA_endosplit
GLOM	FSGS_vs_PAT	META	PODO	48	-0.03657334762586592	-0.9246560339686184	scRNA_endosplit
GLOM	FSGS_vs_PAT	META	PEC	48	0.11217345738421296	3.6617887343428968	scRNA_endosplit
GLOM	FSGS_vs_PAT	META	ENDO_PT	50	0.07471553662791847	2.575010863338659	scRNA_endosplit
GLOM	FSGS_vs_PAT	META	MES	22	0.08668878038103384	1.8637148856192902	scRNA_endosplit
GLOM	FSGS_vs_PAT	META	STROMA	50	-0.08146122406231976	-2.3365177234001036	scRNA_endosplit
GLOM	FSGS_vs_PAT	META	PERI	48	0.009434439231376405	0.5139089436981048	scRNA_endosplit
GLOM	FSGS_vs_PAT	META	BCELL	45	-0.13902785619720814	-3.874945460343169	scRNA_endosplit
GLOM	FSGS_vs_PAT	META	TCELL	49	-0.10168124852045402	-3.0469138702690675	scRNA_endosplit
GLOM	FSGS_vs_PAT	META	NK	49	0.08340345885363872	2.7797872986172094	scRNA_endosplit
GLOM	FSGS_vs_PAT	META	MAC	49	-0.19080983619300687	-5.758278323559567	scRNA_endosplit
GLOM	FSGS_vs_PAT	META	DC	19	-0.08134375721330574	-1.438498723172295	scRNA_endosplit
GLOM	FSGS_vs_PAT	META	ENDO_GC	48	0.16751411894802004	5.542005034205196	scRNA_endosplit
GLOM	FSGS_vs_PAT	META	ENDO_ART	47	-0.004662040924877971	0.039847096952262503	scRNA_endosplit
GLOM	FSGS_vs_PAT_adj	ERCB_GLOM_H1	PT	30	-0.30789725279316277	-3.564389624100328	scRNA_endosplit
GLOM	FSGS_vs_PAT_adj	ERCB_GLOM_H1	PT_injured	17	0.14219970611824978	1.7960150551841143	scRNA_endosplit
GLOM	FSGS_vs_PAT_adj	ERCB_GLOM_H1	LOH	22	0.09843132902752161	1.5547099301433727	scRNA_endosplit
GLOM	FSGS_vs_PAT_adj	ERCB_GLOM_H1	DCT	22	-0.04977818254859014	-0.12417884532038129	scRNA_endosplit
GLOM	FSGS_vs_PAT_adj	ERCB_GLOM_H1	CNT_PC	25	0.238247619316183	3.3878296402605077	scRNA_endosplit
GLOM	FSGS_vs_PAT_adj	ERCB_GLOM_H1	IC	17	-0.13788093694621495	-1.067428928586332	scRNA_endosplit
GLOM	FSGS_vs_PAT_adj	ERCB_GLOM_H1	PODO	19	-0.06199113178887295	-0.2718027725566554	scRNA_endosplit
GLOM	FSGS_vs_PAT_adj	ERCB_GLOM_H1	PEC	28	0.29053766289859906	4.205686167914456	scRNA_endosplit
GLOM	FSGS_vs_PAT_adj	ERCB_GLOM_H1	ENDO_PT	34	-0.000921673026516197	0.47837589749366827	scRNA_endosplit
GLOM	FSGS_vs_PAT_adj	ERCB_GLOM_H1	MES	18	0.014887164534538077	0.5627151183445452	scRNA_endosplit
GLOM	FSGS_vs_PAT_adj	ERCB_GLOM_H1	STROMA	35	0.04497878787746411	1.1796754563290042	scRNA_endosplit
GLOM	FSGS_vs_PAT_adj	ERCB_GLOM_H1	PERI	32	-0.16296389826195612	-1.679499408750113	scRNA_endosplit
GLOM	FSGS_vs_PAT_adj	ERCB_GLOM_H1	BCELL	29	-0.1459415974250879	-1.3913925463261987	scRNA_endosplit
GLOM	FSGS_vs_PAT_adj	ERCB_GLOM_H1	TCELL	35	0.016654806316015628	0.7937705557924163	scRNA_endosplit
GLOM	FSGS_vs_PAT_adj	ERCB_GLOM_H1	NK	31	0.06068162694897408	1.3157727412060374	scRNA_endosplit
GLOM	FSGS_vs_PAT_adj	ERCB_GLOM_H1	MAC	33	-0.20024369149786567	-2.292586690407707	scRNA_endosplit
GLOM	FSGS_vs_PAT_adj	ERCB_GLOM_H1	DC	12	0.04391744780458378	0.6441198004324888	scRNA_endosplit
GLOM	FSGS_vs_PAT_adj	ERCB_GLOM_H1	ENDO_GC	25	0.03393406525396859	0.8576837566659482	scRNA_endosplit
GLOM	FSGS_vs_PAT_adj	ERCB_GLOM_H1	ENDO_ART	26	-0.23158101365251244	-2.4302544597090314	scRNA_endosplit
GLOM	FSGS_vs_PAT_adj	ERCB_GLOM_H7	PT	30	0.14386421235583546	1.7286353853764551	scRNA_endosplit
GLOM	FSGS_vs_PAT_adj	ERCB_GLOM_H7	PT_injured	17	-0.22930569181203364	-2.5219484583632936	scRNA_endosplit
GLOM	FSGS_vs_PAT_adj	ERCB_GLOM_H7	LOH	22	-0.0689279930724661	-1.092265633957584	scRNA_endosplit
GLOM	FSGS_vs_PAT_adj	ERCB_GLOM_H7	DCT	22	0.11062021721346053	0.9819285572955242	scRNA_endosplit
GLOM	FSGS_vs_PAT_adj	ERCB_GLOM_H7	CNT_PC	25	-0.07313545975812716	-1.2769650522736158	scRNA_endosplit
GLOM	FSGS_vs_PAT_adj	ERCB_GLOM_H7	IC	17	0.026906295000291194	0.025498559374999577	scRNA_endosplit
GLOM	FSGS_vs_PAT_adj	ERCB_GLOM_H7	PODO	19	0.2348444319186034	2.3582283844444403	scRNA_endosplit
GLOM	FSGS_vs_PAT_adj	ERCB_GLOM_H7	PEC	28	0.07914047510759148	0.7632659742539255	scRNA_endosplit
GLOM	FSGS_vs_PAT_adj	ERCB_GLOM_H7	ENDO_PT	34	0.019843862889819583	-0.03339342694522928	scRNA_endosplit
GLOM	FSGS_vs_PAT_adj	ERCB_GLOM_H7	MES	18	0.09515013977479647	0.7670524191856258	scRNA_endosplit
GLOM	FSGS_vs_PAT_adj	ERCB_GLOM_H7	STROMA	35	-0.43998301769552944	-6.545923262093045	scRNA_endosplit
GLOM	FSGS_vs_PAT_adj	ERCB_GLOM_H7	PERI	32	0.025360195376774967	0.10403613608454225	scRNA_endosplit
GLOM	FSGS_vs_PAT_adj	ERCB_GLOM_H7	BCELL	29	-0.32601658668081934	-4.703366025254764	scRNA_endosplit
GLOM	FSGS_vs_PAT_adj	ERCB_GLOM_H7	TCELL	35	-0.49027720595366536	-7.508308514983116	scRNA_endosplit
GLOM	FSGS_vs_PAT_adj	ERCB_GLOM_H7	NK	31	-0.013049380965993463	-0.4961444860506287	scRNA_endosplit
GLOM	FSGS_vs_PAT_adj	ERCB_GLOM_H7	MAC	33	-0.3813373443739842	-5.817096386573693	scRNA_endosplit
GLOM	FSGS_vs_PAT_adj	ERCB_GLOM_H7	DC	12	-0.2974589931860321	-2.820199331789081	scRNA_endosplit
GLOM	FSGS_vs_PAT_adj	ERCB_GLOM_H7	ENDO_GC	25	0.25878476740660195	3.0552321174508803	scRNA_endosplit
GLOM	FSGS_vs_PAT_adj	ERCB_GLOM_H7	ENDO_ART	26	0.13114212609251139	1.3380740669301565	scRNA_endosplit
GLOM	FSGS_vs_PAT_adj	GSE108109-GPL19983	PT	48	0.048739085657867665	1.6079932434437898	scRNA_endosplit
GLOM	FSGS_vs_PAT_adj	GSE108109-GPL19983	PT_injured	48	0.0334724075217347	1.0219635211599318	scRNA_endosplit
GLOM	FSGS_vs_PAT_adj	GSE108109-GPL19983	LOH	46	0.05887060462404772	1.7454299762280616	scRNA_endosplit
GLOM	FSGS_vs_PAT_adj	GSE108109-GPL19983	DCT	46	0.0837683681846558	2.5392846188427507	scRNA_endosplit
GLOM	FSGS_vs_PAT_adj	GSE108109-GPL19983	CNT_PC	47	0.026543316380141346	0.8748527467406862	scRNA_endosplit
GLOM	FSGS_vs_PAT_adj	GSE108109-GPL19983	IC	48	-0.021984721612802485	-0.5976917630700906	scRNA_endosplit
GLOM	FSGS_vs_PAT_adj	GSE108109-GPL19983	PODO	48	-0.09827552676021327	-2.873927941248374	scRNA_endosplit
GLOM	FSGS_vs_PAT_adj	GSE108109-GPL19983	PEC	48	0.06048411391157559	1.8898031229787848	scRNA_endosplit
GLOM	FSGS_vs_PAT_adj	GSE108109-GPL19983	ENDO_PT	49	0.16807279285730065	5.293623250504205	scRNA_endosplit
GLOM	FSGS_vs_PAT_adj	GSE108109-GPL19983	MES	22	0.24289611457996688	4.859029731241699	scRNA_endosplit
GLOM	FSGS_vs_PAT_adj	GSE108109-GPL19983	STROMA	49	-0.005295381281553827	-0.11239925305440149	scRNA_endosplit
GLOM	FSGS_vs_PAT_adj	GSE108109-GPL19983	PERI	48	0.04075774237062214	1.2790074109749938	scRNA_endosplit
GLOM	FSGS_vs_PAT_adj	GSE108109-GPL19983	BCELL	44	-0.02855655554581029	-0.8083875857375009	scRNA_endosplit
GLOM	FSGS_vs_PAT_adj	GSE108109-GPL19983	TCELL	47	0.05169891806945068	1.5776049351150723	scRNA_endosplit
GLOM	FSGS_vs_PAT_adj	GSE108109-GPL19983	NK	48	0.19254978566560318	6.025493496763986	scRNA_endosplit
GLOM	FSGS_vs_PAT_adj	GSE108109-GPL19983	MAC	49	-0.07296382072938813	-2.0794028373941513	scRNA_endosplit
GLOM	FSGS_vs_PAT_adj	GSE108109-GPL19983	DC	19	-0.0007683871153704988	0.05164615333399538	scRNA_endosplit
GLOM	FSGS_vs_PAT_adj	GSE108109-GPL19983	ENDO_GC	48	0.21676500340833518	6.5386422860301865	scRNA_endosplit
GLOM	FSGS_vs_PAT_adj	GSE108109-GPL19983	ENDO_ART	47	0.0594582056479188	1.7675952449609644	scRNA_endosplit
GLOM	FSGS_vs_PAT_adj	META	PT	50	0.0031625290345227096	0.2279512115014811	scRNA_endosplit
GLOM	FSGS_vs_PAT_adj	META	PT_injured	48	0.021789616370110534	0.7976483371176274	scRNA_endosplit
GLOM	FSGS_vs_PAT_adj	META	LOH	46	0.04579451725640385	1.5868660135919606	scRNA_endosplit
GLOM	FSGS_vs_PAT_adj	META	DCT	46	0.06308661006036799	2.0421645874151	scRNA_endosplit
GLOM	FSGS_vs_PAT_adj	META	CNT_PC	47	0.060961647974092106	1.9301417339040192	scRNA_endosplit
GLOM	FSGS_vs_PAT_adj	META	IC	48	-0.009079898106458656	-0.16437404554224683	scRNA_endosplit
GLOM	FSGS_vs_PAT_adj	META	PODO	48	-0.03476015167768365	-0.8875407793647987	scRNA_endosplit
GLOM	FSGS_vs_PAT_adj	META	PEC	48	0.10982583515393485	3.62191884355575	scRNA_endosplit
GLOM	FSGS_vs_PAT_adj	META	ENDO_PT	50	0.09895275979203193	3.2444882663234162	scRNA_endosplit
GLOM	FSGS_vs_PAT_adj	META	MES	22	0.1279361864540201	2.7897639641839462	scRNA_endosplit
GLOM	FSGS_vs_PAT_adj	META	STROMA	50	-0.07517353117237108	-2.244027695561992	scRNA_endosplit
GLOM	FSGS_vs_PAT_adj	META	PERI	48	0.0018259805677537783	0.2557663489579821	scRNA_endosplit
GLOM	FSGS_vs_PAT_adj	META	BCELL	45	-0.12283335893460383	-3.696293114740904	scRNA_endosplit
GLOM	FSGS_vs_PAT_adj	META	TCELL	49	-0.07780396025806856	-2.314780834427985	scRNA_endosplit
GLOM	FSGS_vs_PAT_adj	META	NK	49	0.11143946408852493	3.7015055460473785	scRNA_endosplit
GLOM	FSGS_vs_PAT_adj	META	MAC	49	-0.14993435016289314	-4.637457509759801	scRNA_endosplit
GLOM	FSGS_vs_PAT_adj	META	DC	19	-0.06490439123132119	-1.123647977535424	scRNA_endosplit
GLOM	FSGS_vs_PAT_adj	META	ENDO_GC	48	0.18634128089114502	5.914460175358996	scRNA_endosplit
GLOM	FSGS_vs_PAT_adj	META	ENDO_ART	47	0.00635846951243531	0.36990310577072094	scRNA_endosplit
GLOM	HT_vs_PAT	ERCB_GLOM_H1	PT	30	-0.04016485004685821	-0.20703257320127844	scRNA_endosplit
GLOM	HT_vs_PAT	ERCB_GLOM_H1	PT_injured	17	0.0729329542202108	0.9988197486069041	scRNA_endosplit
GLOM	HT_vs_PAT	ERCB_GLOM_H1	LOH	22	-0.0767716012725776	-0.6357736096850605	scRNA_endosplit
GLOM	HT_vs_PAT	ERCB_GLOM_H1	DCT	22	-0.03151040185581553	-0.03223626923262129	scRNA_endosplit
GLOM	HT_vs_PAT	ERCB_GLOM_H1	CNT_PC	25	-0.2197417588531971	-2.5317231292426343	scRNA_endosplit
GLOM	HT_vs_PAT	ERCB_GLOM_H1	IC	17	-0.10576788631870465	-0.7531050026415084	scRNA_endosplit
GLOM	HT_vs_PAT	ERCB_GLOM_H1	PODO	19	0.41775463756762055	4.9571500041346725	scRNA_endosplit
GLOM	HT_vs_PAT	ERCB_GLOM_H1	PEC	28	0.08923919597041927	1.551461118727306	scRNA_endosplit
GLOM	HT_vs_PAT	ERCB_GLOM_H1	ENDO_PT	34	0.11516210688825916	2.0655446177241648	scRNA_endosplit
GLOM	HT_vs_PAT	ERCB_GLOM_H1	MES	18	0.10018749824828571	1.2824903925784534	scRNA_endosplit
GLOM	HT_vs_PAT	ERCB_GLOM_H1	STROMA	35	-0.30695848001965453	-4.295709203063701	scRNA_endosplit
GLOM	HT_vs_PAT	ERCB_GLOM_H1	PERI	32	-0.05572766775730997	-0.47837363539648253	scRNA_endosplit
GLOM	HT_vs_PAT	ERCB_GLOM_H1	BCELL	29	-0.28025612992973165	-3.4775354493000137	scRNA_endosplit
GLOM	HT_vs_PAT	ERCB_GLOM_H1	TCELL	35	-0.23704703961099896	-3.25352063186914	scRNA_endosplit
GLOM	HT_vs_PAT	ERCB_GLOM_H1	NK	31	-0.00878386680156954	0.28088518652604477	scRNA_endosplit
GLOM	HT_vs_PAT	ERCB_GLOM_H1	MAC	33	0.027828097103558696	0.7957225722075917	scRNA_endosplit
GLOM	HT_vs_PAT	ERCB_GLOM_H1	DC	12	-0.2724660573682437	-2.1356613672603073	scRNA_endosplit
GLOM	HT_vs_PAT	ERCB_GLOM_H1	ENDO_GC	25	0.27316479235887525	3.760549828371156	scRNA_endosplit
GLOM	HT_vs_PAT	ERCB_GLOM_H1	ENDO_ART	26	-0.1307653830601619	-1.3525149112596357	scRNA_endosplit
GLOM	HT_vs_PAT	META	PT	30	-0.04016485004685821	-0.22413578478989601	scRNA_endosplit
GLOM	HT_vs_PAT	META	PT_injured	17	0.0729329542202108	1.00171725323413	scRNA_endosplit
GLOM	HT_vs_PAT	META	LOH	22	-0.0767716012725776	-0.610402276665985	scRNA_endosplit
GLOM	HT_vs_PAT	META	DCT	22	-0.03151040185581553	-0.04352754958496827	scRNA_endosplit
GLOM	HT_vs_PAT	META	CNT_PC	25	-0.2197417588531971	-2.4621829082381415	scRNA_endosplit
GLOM	HT_vs_PAT	META	IC	17	-0.10576788631870465	-0.8674423237103618	scRNA_endosplit
GLOM	HT_vs_PAT	META	PODO	19	0.41775463756762055	5.201243249899575	scRNA_endosplit
GLOM	HT_vs_PAT	META	PEC	28	0.08923919597041927	1.6292139891607096	scRNA_endosplit
GLOM	HT_vs_PAT	META	ENDO_PT	34	0.11516210688825916	2.1731780257864433	scRNA_endosplit
GLOM	HT_vs_PAT	META	MES	18	0.10018749824828571	1.3784964592498192	scRNA_endosplit
GLOM	HT_vs_PAT	META	STROMA	35	-0.30695848001965453	-4.173718714427985	scRNA_endosplit
GLOM	HT_vs_PAT	META	PERI	32	-0.05572766775730997	-0.40669738788805543	scRNA_endosplit
GLOM	HT_vs_PAT	META	BCELL	29	-0.28025612992973165	-3.683332651711172	scRNA_endosplit
GLOM	HT_vs_PAT	META	TCELL	35	-0.23704703961099896	-3.4066587513121886	scRNA_endosplit
GLOM	HT_vs_PAT	META	NK	31	-0.00878386680156954	0.21894882667431234	scRNA_endosplit
GLOM	HT_vs_PAT	META	MAC	33	0.027828097103558696	0.7714414359234975	scRNA_endosplit
GLOM	HT_vs_PAT	META	DC	12	-0.2724660573682437	-2.0178547170707355	scRNA_endosplit
GLOM	HT_vs_PAT	META	ENDO_GC	25	0.27316479235887525	3.8770437428313773	scRNA_endosplit
GLOM	HT_vs_PAT	META	ENDO_ART	26	-0.1307653830601619	-1.370618925137628	scRNA_endosplit
GLOM	HT_vs_PAT_adj	ERCB_GLOM_H1	PT	30	-0.0879106711995429	-0.8625933750680306	scRNA_endosplit
GLOM	HT_vs_PAT_adj	ERCB_GLOM_H1	PT_injured	17	0.05503472480764357	0.799714853928923	scRNA_endosplit
GLOM	HT_vs_PAT_adj	ERCB_GLOM_H1	LOH	22	-0.09576322541320238	-0.8028041947501965	scRNA_endosplit
GLOM	HT_vs_PAT_adj	ERCB_GLOM_H1	DCT	22	-0.046823540340318326	-0.17669928032957824	scRNA_endosplit
GLOM	HT_vs_PAT_adj	ERCB_GLOM_H1	CNT_PC	25	-0.2272835509333051	-2.587108105866033	scRNA_endosplit
GLOM	HT_vs_PAT_adj	ERCB_GLOM_H1	IC	17	-0.11201622500396442	-0.9454441656558892	scRNA_endosplit
GLOM	HT_vs_PAT_adj	ERCB_GLOM_H1	PODO	19	0.41514286068354017	4.758865028050447	scRNA_endosplit
GLOM	HT_vs_PAT_adj	ERCB_GLOM_H1	PEC	28	0.09168362162507027	1.5372234857321658	scRNA_endosplit
GLOM	HT_vs_PAT_adj	ERCB_GLOM_H1	ENDO_PT	34	0.1264780310616939	2.236059125586693	scRNA_endosplit
GLOM	HT_vs_PAT_adj	ERCB_GLOM_H1	MES	18	0.11017611100235686	1.4347265890540335	scRNA_endosplit
GLOM	HT_vs_PAT_adj	ERCB_GLOM_H1	STROMA	35	-0.3078304376607962	-4.18163103946299	scRNA_endosplit
GLOM	HT_vs_PAT_adj	ERCB_GLOM_H1	PERI	32	-0.0545503717366951	-0.3833053845595849	scRNA_endosplit
GLOM	HT_vs_PAT_adj	ERCB_GLOM_H1	BCELL	29	-0.27530210191248466	-3.353956036590413	scRNA_endosplit
GLOM	HT_vs_PAT_adj	ERCB_GLOM_H1	TCELL	35	-0.2299839167114252	-2.9972872592699926	scRNA_endosplit
GLOM	HT_vs_PAT_adj	ERCB_GLOM_H1	NK	31	0.006012303867210422	0.4581026860275583	scRNA_endosplit
GLOM	HT_vs_PAT_adj	ERCB_GLOM_H1	MAC	33	0.05569157079991197	1.2286760550520945	scRNA_endosplit
GLOM	HT_vs_PAT_adj	ERCB_GLOM_H1	DC	12	-0.26540609865573667	-2.0863129478143203	scRNA_endosplit
GLOM	HT_vs_PAT_adj	ERCB_GLOM_H1	ENDO_GC	25	0.28520506821174024	3.83400055384148	scRNA_endosplit
GLOM	HT_vs_PAT_adj	ERCB_GLOM_H1	ENDO_ART	26	-0.12951843898035476	-1.3595887031024068	scRNA_endosplit
GLOM	HT_vs_PAT_adj	META	PT	30	-0.0879106711995429	-0.9065917638773713	scRNA_endosplit
GLOM	HT_vs_PAT_adj	META	PT_injured	17	0.05503472480764357	0.8227471051597617	scRNA_endosplit
GLOM	HT_vs_PAT_adj	META	LOH	22	-0.09576322541320238	-0.9017930792807538	scRNA_endosplit
GLOM	HT_vs_PAT_adj	META	DCT	22	-0.046823540340318326	-0.30512593382478337	scRNA_endosplit
GLOM	HT_vs_PAT_adj	META	CNT_PC	25	-0.2272835509333051	-2.574358456544311	scRNA_endosplit
GLOM	HT_vs_PAT_adj	META	IC	17	-0.11201622500396442	-0.9337854816442488	scRNA_endosplit
GLOM	HT_vs_PAT_adj	META	PODO	19	0.41514286068354017	4.727543777163864	scRNA_endosplit
GLOM	HT_vs_PAT_adj	META	PEC	28	0.09168362162507027	1.564538895305149	scRNA_endosplit
GLOM	HT_vs_PAT_adj	META	ENDO_PT	34	0.1264780310616939	2.273558983061818	scRNA_endosplit
GLOM	HT_vs_PAT_adj	META	MES	18	0.11017611100235686	1.5481378842072988	scRNA_endosplit
GLOM	HT_vs_PAT_adj	META	STROMA	35	-0.3078304376607962	-4.169502172840178	scRNA_endosplit
GLOM	HT_vs_PAT_adj	META	PERI	32	-0.0545503717366951	-0.3952251045937103	scRNA_endosplit
GLOM	HT_vs_PAT_adj	META	BCELL	29	-0.27530210191248466	-3.376580640228815	scRNA_endosplit
GLOM	HT_vs_PAT_adj	META	TCELL	35	-0.2299839167114252	-3.082946217231169	scRNA_endosplit
GLOM	HT_vs_PAT_adj	META	NK	31	0.006012303867210422	0.4545304300852652	scRNA_endosplit
GLOM	HT_vs_PAT_adj	META	MAC	33	0.05569157079991197	1.0826517328760161	scRNA_endosplit
GLOM	HT_vs_PAT_adj	META	DC	12	-0.26540609865573667	-2.0628831550218543	scRNA_endosplit
GLOM	HT_vs_PAT_adj	META	ENDO_GC	25	0.28520506821174024	3.992738377559067	scRNA_endosplit
GLOM	HT_vs_PAT_adj	META	ENDO_ART	26	-0.12951843898035476	-1.3444638060561094	scRNA_endosplit
GLOM	IgAN_vs_PAT	ERCB_GLOM_H1	PT	30	0.037781008022526895	0.9858154794817674	scRNA_endosplit
GLOM	IgAN_vs_PAT	ERCB_GLOM_H1	PT_injured	17	0.1106574063134544	1.6216982658537114	scRNA_endosplit
GLOM	IgAN_vs_PAT	ERCB_GLOM_H1	LOH	22	-0.0025449859147722107	0.31561696631407576	scRNA_endosplit
GLOM	IgAN_vs_PAT	ERCB_GLOM_H1	DCT	22	-0.04609475883824581	-0.2638269198293644	scRNA_endosplit
GLOM	IgAN_vs_PAT	ERCB_GLOM_H1	CNT_PC	25	-0.09676458496600389	-1.0769109153783998	scRNA_endosplit
GLOM	IgAN_vs_PAT	ERCB_GLOM_H1	IC	17	-0.1274263816063895	-1.1803925559186395	scRNA_endosplit
GLOM	IgAN_vs_PAT	ERCB_GLOM_H1	PODO	19	0.03927454205327912	0.7850354874281007	scRNA_endosplit
GLOM	IgAN_vs_PAT	ERCB_GLOM_H1	PEC	28	0.06868303926395518	1.4079892885608822	scRNA_endosplit
GLOM	IgAN_vs_PAT	ERCB_GLOM_H1	ENDO_PT	34	-0.010665086043231619	0.24007614017444792	scRNA_endosplit
GLOM	IgAN_vs_PAT	ERCB_GLOM_H1	MES	18	0.020612591256697937	0.5201514078416939	scRNA_endosplit
GLOM	IgAN_vs_PAT	ERCB_GLOM_H1	STROMA	35	-0.11167478588010582	-1.501754672063194	scRNA_endosplit
GLOM	IgAN_vs_PAT	ERCB_GLOM_H1	PERI	32	-0.15923386959184427	-2.1331804673008294	scRNA_endosplit
GLOM	IgAN_vs_PAT	ERCB_GLOM_H1	BCELL	29	-0.23836295737017846	-3.2408739259126786	scRNA_endosplit
GLOM	IgAN_vs_PAT	ERCB_GLOM_H1	TCELL	35	-0.21078256123832295	-3.1337044728690078	scRNA_endosplit
GLOM	IgAN_vs_PAT	ERCB_GLOM_H1	NK	31	-0.16083288868708956	-2.130591561689393	scRNA_endosplit
GLOM	IgAN_vs_PAT	ERCB_GLOM_H1	MAC	33	0.0800909988130584	1.721510149029013	scRNA_endosplit
GLOM	IgAN_vs_PAT	ERCB_GLOM_H1	DC	12	-0.20373655203729868	-1.8548135329837463	scRNA_endosplit
GLOM	IgAN_vs_PAT	ERCB_GLOM_H1	ENDO_GC	25	0.15852948695421218	2.613362413055139	scRNA_endosplit
GLOM	IgAN_vs_PAT	ERCB_GLOM_H1	ENDO_ART	26	-0.05839893974077243	-0.4808847145758624	scRNA_endosplit
GLOM	IgAN_vs_PAT	META	PT	30	0.037781008022526895	0.9276386594584587	scRNA_endosplit
GLOM	IgAN_vs_PAT	META	PT_injured	17	0.1106574063134544	1.6684506036639541	scRNA_endosplit
GLOM	IgAN_vs_PAT	META	LOH	22	-0.0025449859147722107	0.28654169230351706	scRNA_endosplit
GLOM	IgAN_vs_PAT	META	DCT	22	-0.04609475883824581	-0.29273445440799556	scRNA_endosplit
GLOM	IgAN_vs_PAT	META	CNT_PC	25	-0.09676458496600389	-0.9723463209767282	scRNA_endosplit
GLOM	IgAN_vs_PAT	META	IC	17	-0.1274263816063895	-1.2431104086958227	scRNA_endosplit
GLOM	IgAN_vs_PAT	META	PODO	19	0.03927454205327912	0.7607753073578513	scRNA_endosplit
GLOM	IgAN_vs_PAT	META	PEC	28	0.06868303926395518	1.4490151963399172	scRNA_endosplit
GLOM	IgAN_vs_PAT	META	ENDO_PT	34	-0.010665086043231619	0.260116527369363	scRNA_endosplit
GLOM	IgAN_vs_PAT	META	MES	18	0.020612591256697937	0.5368395973634302	scRNA_endosplit
GLOM	IgAN_vs_PAT	META	STROMA	35	-0.11167478588010582	-1.4519206036837478	scRNA_endosplit
GLOM	IgAN_vs_PAT	META	PERI	32	-0.15923386959184427	-2.0998078642005886	scRNA_endosplit
GLOM	IgAN_vs_PAT	META	BCELL	29	-0.23836295737017846	-3.3313949275255292	scRNA_endosplit
GLOM	IgAN_vs_PAT	META	TCELL	35	-0.21078256123832295	-3.1493395703049543	scRNA_endosplit
GLOM	IgAN_vs_PAT	META	NK	31	-0.16083288868708956	-2.1061041159652474	scRNA_endosplit
GLOM	IgAN_vs_PAT	META	MAC	33	0.0800909988130584	1.6915687222076903	scRNA_endosplit
GLOM	IgAN_vs_PAT	META	DC	12	-0.20373655203729868	-1.7648670130157988	scRNA_endosplit
GLOM	IgAN_vs_PAT	META	ENDO_GC	25	0.15852948695421218	2.5991536339428616	scRNA_endosplit
GLOM	IgAN_vs_PAT	META	ENDO_ART	26	-0.05839893974077243	-0.47868200512718134	scRNA_endosplit
GLOM	IgAN_vs_PAT_adj	ERCB_GLOM_H1	PT	30	0.056063606408131385	1.2428517065686004	scRNA_endosplit
GLOM	IgAN_vs_PAT_adj	ERCB_GLOM_H1	PT_injured	17	0.13961254181766702	1.8042272063333304	scRNA_endosplit
GLOM	IgAN_vs_PAT_adj	ERCB_GLOM_H1	LOH	22	-0.0008882725207076777	0.3086687594623669	scRNA_endosplit
GLOM	IgAN_vs_PAT_adj	ERCB_GLOM_H1	DCT	22	-0.051497432755058116	-0.3126823610624285	scRNA_endosplit
GLOM	IgAN_vs_PAT_adj	ERCB_GLOM_H1	CNT_PC	25	-0.09775687636569348	-1.022754197814964	scRNA_endosplit
GLOM	IgAN_vs_PAT_adj	ERCB_GLOM_H1	IC	17	-0.13170281658086208	-1.2244567079344157	scRNA_endosplit
GLOM	IgAN_vs_PAT_adj	ERCB_GLOM_H1	PODO	19	0.03807417766936247	0.7638841340634592	scRNA_endosplit
GLOM	IgAN_vs_PAT_adj	ERCB_GLOM_H1	PEC	28	0.07059185847131465	1.361937472737708	scRNA_endosplit
GLOM	IgAN_vs_PAT_adj	ERCB_GLOM_H1	ENDO_PT	34	-0.008390468563546149	0.17938397853469562	scRNA_endosplit
GLOM	IgAN_vs_PAT_adj	ERCB_GLOM_H1	MES	18	0.023463039910591288	0.5912688690105403	scRNA_endosplit
GLOM	IgAN_vs_PAT_adj	ERCB_GLOM_H1	STROMA	35	-0.11165395484360707	-1.4347879322865544	scRNA_endosplit
GLOM	IgAN_vs_PAT_adj	ERCB_GLOM_H1	PERI	32	-0.16083769599588466	-2.2349150050565725	scRNA_endosplit
GLOM	IgAN_vs_PAT_adj	ERCB_GLOM_H1	BCELL	29	-0.23902023828815466	-3.176726851977721	scRNA_endosplit
GLOM	IgAN_vs_PAT_adj	ERCB_GLOM_H1	TCELL	35	-0.21218623920927984	-3.0055387706512775	scRNA_endosplit
GLOM	IgAN_vs_PAT_adj	ERCB_GLOM_H1	NK	31	-0.1607361334907572	-2.228499573068576	scRNA_endosplit
GLOM	IgAN_vs_PAT_adj	ERCB_GLOM_H1	MAC	33	0.0906650538698186	1.9049751469848222	scRNA_endosplit
GLOM	IgAN_vs_PAT_adj	ERCB_GLOM_H1	DC	12	-0.20501404830319633	-1.806564933455243	scRNA_endosplit
GLOM	IgAN_vs_PAT_adj	ERCB_GLOM_H1	ENDO_GC	25	0.16282636614504647	2.554149023722538	scRNA_endosplit
GLOM	IgAN_vs_PAT_adj	ERCB_GLOM_H1	ENDO_ART	26	-0.05707837578878318	-0.4948217678904649	scRNA_endosplit
GLOM	IgAN_vs_PAT_adj	META	PT	30	0.056063606408131385	1.2045454591204336	scRNA_endosplit
GLOM	IgAN_vs_PAT_adj	META	PT_injured	17	0.13961254181766702	1.8371990404568628	scRNA_endosplit
GLOM	IgAN_vs_PAT_adj	META	LOH	22	-0.0008882725207076777	0.2573911523294944	scRNA_endosplit
GLOM	IgAN_vs_PAT_adj	META	DCT	22	-0.051497432755058116	-0.42313894364557597	scRNA_endosplit
GLOM	IgAN_vs_PAT_adj	META	CNT_PC	25	-0.09775687636569348	-1.060261507312325	scRNA_endosplit
GLOM	IgAN_vs_PAT_adj	META	IC	17	-0.13170281658086208	-1.2342441105880126	scRNA_endosplit
GLOM	IgAN_vs_PAT_adj	META	PODO	19	0.03807417766936247	0.7514689920958169	scRNA_endosplit
GLOM	IgAN_vs_PAT_adj	META	PEC	28	0.07059185847131465	1.4132642725740134	scRNA_endosplit
GLOM	IgAN_vs_PAT_adj	META	ENDO_PT	34	-0.008390468563546149	0.26332915817212327	scRNA_endosplit
GLOM	IgAN_vs_PAT_adj	META	MES	18	0.023463039910591288	0.5990267384427925	scRNA_endosplit
GLOM	IgAN_vs_PAT_adj	META	STROMA	35	-0.11165395484360707	-1.5031786546666386	scRNA_endosplit
GLOM	IgAN_vs_PAT_adj	META	PERI	32	-0.16083769599588466	-2.160836127957923	scRNA_endosplit
GLOM	IgAN_vs_PAT_adj	META	BCELL	29	-0.23902023828815466	-3.418365525362776	scRNA_endosplit
GLOM	IgAN_vs_PAT_adj	META	TCELL	35	-0.21218623920927984	-3.0978250032700267	scRNA_endosplit
GLOM	IgAN_vs_PAT_adj	META	NK	31	-0.1607361334907572	-2.1482044910989737	scRNA_endosplit
GLOM	IgAN_vs_PAT_adj	META	MAC	33	0.0906650538698186	1.7340865955786404	scRNA_endosplit
GLOM	IgAN_vs_PAT_adj	META	DC	12	-0.20501404830319633	-1.6551420744830554	scRNA_endosplit
GLOM	IgAN_vs_PAT_adj	META	ENDO_GC	25	0.16282636614504647	2.607036131621784	scRNA_endosplit
GLOM	IgAN_vs_PAT_adj	META	ENDO_ART	26	-0.05707837578878318	-0.48413529853391746	scRNA_endosplit
GLOM	LN_vs_PAT	ERCB_GLOM_H1	PT	30	0.0030270742989765803	-0.3064347325924239	scRNA_endosplit
GLOM	LN_vs_PAT	ERCB_GLOM_H1	PT_injured	17	-0.416176298085381	-1.3912944383937542	scRNA_endosplit
GLOM	LN_vs_PAT	ERCB_GLOM_H1	LOH	22	-0.07312225042419	-0.47586548014535063	scRNA_endosplit
GLOM	LN_vs_PAT	ERCB_GLOM_H1	DCT	22	-0.03783251937817444	-0.34123780544455634	scRNA_endosplit
GLOM	LN_vs_PAT	ERCB_GLOM_H1	CNT_PC	25	0.39939175218343737	1.16842659689858	scRNA_endosplit
GLOM	LN_vs_PAT	ERCB_GLOM_H1	IC	17	0.37587507364942746	0.8133445345231753	scRNA_endosplit
GLOM	LN_vs_PAT	ERCB_GLOM_H1	PODO	19	-0.2845085345600781	-1.1011526792512913	scRNA_endosplit
GLOM	LN_vs_PAT	ERCB_GLOM_H1	PEC	28	-0.3265598791684689	-1.5121009073014058	scRNA_endosplit
GLOM	LN_vs_PAT	ERCB_GLOM_H1	ENDO_PT	34	0.08522644557524472	0.04246232726497363	scRNA_endosplit
GLOM	LN_vs_PAT	ERCB_GLOM_H1	MES	18	0.010768125971986188	-0.2532111533671832	scRNA_endosplit
GLOM	LN_vs_PAT	ERCB_GLOM_H1	STROMA	35	0.378793935464429	1.2150021236634427	scRNA_endosplit
GLOM	LN_vs_PAT	ERCB_GLOM_H1	PERI	32	0.6465906559024006	2.396104677009313	scRNA_endosplit
GLOM	LN_vs_PAT	ERCB_GLOM_H1	BCELL	29	1.0592215752935614	3.7708824101043996	scRNA_endosplit
GLOM	LN_vs_PAT	ERCB_GLOM_H1	TCELL	35	0.8212147608399392	3.124485484857185	scRNA_endosplit
GLOM	LN_vs_PAT	ERCB_GLOM_H1	NK	31	0.5911672102107156	2.155587337963943	scRNA_endosplit
GLOM	LN_vs_PAT	ERCB_GLOM_H1	MAC	33	0.703317315980905	2.545433281439334	scRNA_endosplit
GLOM	LN_vs_PAT	ERCB_GLOM_H1	DC	12	1.0546727118392785	2.4270312714015123	scRNA_endosplit
GLOM	LN_vs_PAT	ERCB_GLOM_H1	ENDO_GC	25	-0.3765312634408474	-1.6217430587973212	scRNA_endosplit
GLOM	LN_vs_PAT	ERCB_GLOM_H1	ENDO_ART	26	0.4369606636464596	1.3248943373609015	scRNA_endosplit
GLOM	LN_vs_PAT	META	PT	30	0.0030270742989765803	-0.30126308230555904	scRNA_endosplit
GLOM	LN_vs_PAT	META	PT_injured	17	-0.416176298085381	-1.4280622131793652	scRNA_endosplit
GLOM	LN_vs_PAT	META	LOH	22	-0.07312225042419	-0.5405966433003178	scRNA_endosplit
GLOM	LN_vs_PAT	META	DCT	22	-0.03783251937817444	-0.35439817373361626	scRNA_endosplit
GLOM	LN_vs_PAT	META	CNT_PC	25	0.39939175218343737	1.1203947435014534	scRNA_endosplit
GLOM	LN_vs_PAT	META	IC	17	0.37587507364942746	0.9111739564474567	scRNA_endosplit
GLOM	LN_vs_PAT	META	PODO	19	-0.2845085345600781	-1.1406735525395462	scRNA_endosplit
GLOM	LN_vs_PAT	META	PEC	28	-0.3265598791684689	-1.5543967723666146	scRNA_endosplit
GLOM	LN_vs_PAT	META	ENDO_PT	34	0.08522644557524472	0.04363330889095469	scRNA_endosplit
GLOM	LN_vs_PAT	META	MES	18	0.010768125971986188	-0.14327363677084626	scRNA_endosplit
GLOM	LN_vs_PAT	META	STROMA	35	0.378793935464429	1.2489542498642505	scRNA_endosplit
GLOM	LN_vs_PAT	META	PERI	32	0.6465906559024006	2.4166392698271255	scRNA_endosplit
GLOM	LN_vs_PAT	META	BCELL	29	1.0592215752935614	3.5887952741985822	scRNA_endosplit
GLOM	LN_vs_PAT	META	TCELL	35	0.8212147608399392	3.2955314441835086	scRNA_endosplit
GLOM	LN_vs_PAT	META	NK	31	0.5911672102107156	2.044195146365798	scRNA_endosplit
GLOM	LN_vs_PAT	META	MAC	33	0.703317315980905	2.576627514128048	scRNA_endosplit
GLOM	LN_vs_PAT	META	DC	12	1.0546727118392785	2.346733371414378	scRNA_endosplit
GLOM	LN_vs_PAT	META	ENDO_GC	25	-0.3765312634408474	-1.6008234054309134	scRNA_endosplit
GLOM	LN_vs_PAT	META	ENDO_ART	26	0.4369606636464596	1.2643687144492108	scRNA_endosplit
GLOM	LN_vs_PAT_adj	ERCB_GLOM_H1	PT	30	0.32162057831068275	1.1360588976405857	scRNA_endosplit
GLOM	LN_vs_PAT_adj	ERCB_GLOM_H1	PT_injured	17	-0.24644505196989588	-1.005605331221015	scRNA_endosplit
GLOM	LN_vs_PAT_adj	ERCB_GLOM_H1	LOH	22	0.03583897735436596	-0.15637424767813043	scRNA_endosplit
GLOM	LN_vs_PAT_adj	ERCB_GLOM_H1	DCT	22	0.058767348012091006	-0.04385861113042365	scRNA_endosplit
GLOM	LN_vs_PAT_adj	ERCB_GLOM_H1	CNT_PC	25	0.41713053328989125	1.3518842831004945	scRNA_endosplit
GLOM	LN_vs_PAT_adj	ERCB_GLOM_H1	IC	17	0.4269010846642261	1.08194386994908	scRNA_endosplit
GLOM	LN_vs_PAT_adj	ERCB_GLOM_H1	PODO	19	-0.25977670135643394	-1.1099113877945674	scRNA_endosplit
GLOM	LN_vs_PAT_adj	ERCB_GLOM_H1	PEC	28	-0.3267001304321631	-1.6150207641370655	scRNA_endosplit
GLOM	LN_vs_PAT_adj	ERCB_GLOM_H1	ENDO_PT	34	0.030193296622240972	-0.18361702188879506	scRNA_endosplit
GLOM	LN_vs_PAT_adj	ERCB_GLOM_H1	MES	18	-0.035877504140569595	-0.3433006982261703	scRNA_endosplit
GLOM	LN_vs_PAT_adj	ERCB_GLOM_H1	STROMA	35	0.3620757250031519	1.2917976694424913	scRNA_endosplit
GLOM	LN_vs_PAT_adj	ERCB_GLOM_H1	PERI	32	0.6169387488694182	2.350522011869993	scRNA_endosplit
GLOM	LN_vs_PAT_adj	ERCB_GLOM_H1	BCELL	29	0.9715931373931118	3.590145006344712	scRNA_endosplit
GLOM	LN_vs_PAT_adj	ERCB_GLOM_H1	TCELL	35	0.7454181876965105	2.96596198385142	scRNA_endosplit
GLOM	LN_vs_PAT_adj	ERCB_GLOM_H1	NK	31	0.4937751962762159	1.828715987206564	scRNA_endosplit
GLOM	LN_vs_PAT_adj	ERCB_GLOM_H1	MAC	33	0.587758242740473	2.226001167192392	scRNA_endosplit
GLOM	LN_vs_PAT_adj	ERCB_GLOM_H1	DC	12	0.9748763471849012	2.3431228403676716	scRNA_endosplit
GLOM	LN_vs_PAT_adj	ERCB_GLOM_H1	ENDO_GC	25	-0.4302806625095503	-1.970442471752319	scRNA_endosplit
GLOM	LN_vs_PAT_adj	ERCB_GLOM_H1	ENDO_ART	26	0.353515499982503	1.0243108777769399	scRNA_endosplit
GLOM	LN_vs_PAT_adj	META	PT	30	0.32162057831068275	1.0681313886269141	scRNA_endosplit
GLOM	LN_vs_PAT_adj	META	PT_injured	17	-0.24644505196989588	-1.0247262262134662	scRNA_endosplit
GLOM	LN_vs_PAT_adj	META	LOH	22	0.03583897735436596	-0.16098789918308667	scRNA_endosplit
GLOM	LN_vs_PAT_adj	META	DCT	22	0.058767348012091006	-0.027978229896580217	scRNA_endosplit
GLOM	LN_vs_PAT_adj	META	CNT_PC	25	0.41713053328989125	1.3258698226276473	scRNA_endosplit
GLOM	LN_vs_PAT_adj	META	IC	17	0.4269010846642261	1.1285336117124183	scRNA_endosplit
GLOM	LN_vs_PAT_adj	META	PODO	19	-0.25977670135643394	-1.0970006598273871	scRNA_endosplit
GLOM	LN_vs_PAT_adj	META	PEC	28	-0.3267001304321631	-1.6293499696588931	scRNA_endosplit
GLOM	LN_vs_PAT_adj	META	ENDO_PT	34	0.030193296622240972	-0.22258845531824964	scRNA_endosplit
GLOM	LN_vs_PAT_adj	META	MES	18	-0.035877504140569595	-0.3622809304817981	scRNA_endosplit
GLOM	LN_vs_PAT_adj	META	STROMA	35	0.3620757250031519	1.3132172400843898	scRNA_endosplit
GLOM	LN_vs_PAT_adj	META	PERI	32	0.6169387488694182	2.399958781317541	scRNA_endosplit
GLOM	LN_vs_PAT_adj	META	BCELL	29	0.9715931373931118	3.6156025525088475	scRNA_endosplit
GLOM	LN_vs_PAT_adj	META	TCELL	35	0.7454181876965105	3.041794617311355	scRNA_endosplit
GLOM	LN_vs_PAT_adj	META	NK	31	0.4937751962762159	1.7578404134341767	scRNA_endosplit
GLOM	LN_vs_PAT_adj	META	MAC	33	0.587758242740473	2.216262266803795	scRNA_endosplit
GLOM	LN_vs_PAT_adj	META	DC	12	0.9748763471849012	2.3719624507548245	scRNA_endosplit
GLOM	LN_vs_PAT_adj	META	ENDO_GC	25	-0.4302806625095503	-2.054370793756236	scRNA_endosplit
GLOM	LN_vs_PAT_adj	META	ENDO_ART	26	0.353515499982503	1.0711485523614666	scRNA_endosplit
GLOM	MCD_vs_PAT	ERCB_GLOM_H1	PT	30	-0.16824542875401677	-2.1236845958693675	scRNA_endosplit
GLOM	MCD_vs_PAT	ERCB_GLOM_H1	PT_injured	17	-0.11279470111955614	-1.003167166880386	scRNA_endosplit
GLOM	MCD_vs_PAT	ERCB_GLOM_H1	LOH	22	-0.19240386817942967	-2.1221110539820596	scRNA_endosplit
GLOM	MCD_vs_PAT	ERCB_GLOM_H1	DCT	22	-0.14894122977487065	-1.5927103687773776	scRNA_endosplit
GLOM	MCD_vs_PAT	ERCB_GLOM_H1	CNT_PC	25	-0.3038272826373577	-3.364366493268649	scRNA_endosplit
GLOM	MCD_vs_PAT	ERCB_GLOM_H1	IC	17	-0.2426863058524973	-2.3661772085520236	scRNA_endosplit
GLOM	MCD_vs_PAT	ERCB_GLOM_H1	PODO	19	0.21701366042620257	2.361226073284607	scRNA_endosplit
GLOM	MCD_vs_PAT	ERCB_GLOM_H1	PEC	28	0.06912272117499794	1.1473628771987172	scRNA_endosplit
GLOM	MCD_vs_PAT	ERCB_GLOM_H1	ENDO_PT	34	0.019390608348390636	0.4465943577047643	scRNA_endosplit
GLOM	MCD_vs_PAT	ERCB_GLOM_H1	MES	18	-0.0726622593000583	-0.6103750271358733	scRNA_endosplit
GLOM	MCD_vs_PAT	ERCB_GLOM_H1	STROMA	35	-0.3654965773224831	-5.036497959263605	scRNA_endosplit
GLOM	MCD_vs_PAT	ERCB_GLOM_H1	PERI	32	-0.28829122820752673	-3.838238436151605	scRNA_endosplit
GLOM	MCD_vs_PAT	ERCB_GLOM_H1	BCELL	29	-0.33543737810747376	-4.186714902735316	scRNA_endosplit
GLOM	MCD_vs_PAT	ERCB_GLOM_H1	TCELL	35	-0.27835398079561335	-3.8373025105629757	scRNA_endosplit
GLOM	MCD_vs_PAT	ERCB_GLOM_H1	NK	31	-0.31459481010754264	-4.0180190394896345	scRNA_endosplit
GLOM	MCD_vs_PAT	ERCB_GLOM_H1	MAC	33	-0.24846943750074416	-3.295382882971803	scRNA_endosplit
GLOM	MCD_vs_PAT	ERCB_GLOM_H1	DC	12	-0.32860998638595146	-2.6123037268938276	scRNA_endosplit
GLOM	MCD_vs_PAT	ERCB_GLOM_H1	ENDO_GC	25	0.4535477223992348	5.691683846836797	scRNA_endosplit
GLOM	MCD_vs_PAT	ERCB_GLOM_H1	ENDO_ART	26	-0.07031627447129443	-0.6931413564375908	scRNA_endosplit
GLOM	MCD_vs_PAT	ERCB_GLOM_H7	PT	30	0.9163376249372959	6.914910433682616	scRNA_endosplit
GLOM	MCD_vs_PAT	ERCB_GLOM_H7	PT_injured	17	0.8285518288612366	4.706171908388222	scRNA_endosplit
GLOM	MCD_vs_PAT	ERCB_GLOM_H7	LOH	22	0.19769221091304312	0.9744829610878959	scRNA_endosplit
GLOM	MCD_vs_PAT	ERCB_GLOM_H7	DCT	22	0.2306580375880003	1.1917077301813372	scRNA_endosplit
GLOM	MCD_vs_PAT	ERCB_GLOM_H7	CNT_PC	25	0.049582672417163846	-0.08687280841676706	scRNA_endosplit
GLOM	MCD_vs_PAT	ERCB_GLOM_H7	IC	17	-0.10752228784429677	-1.0611399615631822	scRNA_endosplit
GLOM	MCD_vs_PAT	ERCB_GLOM_H7	PODO	19	0.3408816491106623	1.8161572188334891	scRNA_endosplit
GLOM	MCD_vs_PAT	ERCB_GLOM_H7	PEC	28	0.0795805850731475	0.14909394466977732	scRNA_endosplit
GLOM	MCD_vs_PAT	ERCB_GLOM_H7	ENDO_PT	34	-0.2667873309486929	-2.9273112102295165	scRNA_endosplit
GLOM	MCD_vs_PAT	ERCB_GLOM_H7	MES	18	-0.4853015049464173	-3.53324537021242	scRNA_endosplit
GLOM	MCD_vs_PAT	ERCB_GLOM_H7	STROMA	35	-0.23578416063849414	-2.786475659189111	scRNA_endosplit
GLOM	MCD_vs_PAT	ERCB_GLOM_H7	PERI	32	0.17010038625448942	0.8460141557995104	scRNA_endosplit
GLOM	MCD_vs_PAT	ERCB_GLOM_H7	BCELL	29	-0.07244618018639498	-1.2116854290343815	scRNA_endosplit
GLOM	MCD_vs_PAT	ERCB_GLOM_H7	TCELL	35	-0.3399855721608869	-3.651579352419424	scRNA_endosplit
GLOM	MCD_vs_PAT	ERCB_GLOM_H7	NK	31	-0.4588290404888891	-4.398307974599223	scRNA_endosplit
GLOM	MCD_vs_PAT	ERCB_GLOM_H7	MAC	33	-1.2260774071469451	-11.745254003258214	scRNA_endosplit
GLOM	MCD_vs_PAT	ERCB_GLOM_H7	DC	12	-0.2061386953185623	-1.4848903531887678	scRNA_endosplit
GLOM	MCD_vs_PAT	ERCB_GLOM_H7	ENDO_GC	25	-0.1826354967057705	-1.8564529277113195	scRNA_endosplit
GLOM	MCD_vs_PAT	ERCB_GLOM_H7	ENDO_ART	26	-0.1459323883128281	-1.5804536745757432	scRNA_endosplit
GLOM	MCD_vs_PAT	GSE108109-GPL19983	PT	48	0.15985486252854267	3.883581841487968	scRNA_endosplit
GLOM	MCD_vs_PAT	GSE108109-GPL19983	PT_injured	48	-0.0016016600323685917	-0.054154891581154455	scRNA_endosplit
GLOM	MCD_vs_PAT	GSE108109-GPL19983	LOH	46	-0.021419711917152865	-0.48860219982345654	scRNA_endosplit
GLOM	MCD_vs_PAT	GSE108109-GPL19983	DCT	46	0.005732068217026688	0.11062104877447719	scRNA_endosplit
GLOM	MCD_vs_PAT	GSE108109-GPL19983	CNT_PC	47	-0.09665961892522396	-2.1888589146206887	scRNA_endosplit
GLOM	MCD_vs_PAT	GSE108109-GPL19983	IC	48	-0.04189386393409223	-0.9625279856042144	scRNA_endosplit
GLOM	MCD_vs_PAT	GSE108109-GPL19983	PODO	48	0.06694158300888375	1.577927927914645	scRNA_endosplit
GLOM	MCD_vs_PAT	GSE108109-GPL19983	PEC	48	-0.07793758150849801	-1.7648494791988023	scRNA_endosplit
GLOM	MCD_vs_PAT	GSE108109-GPL19983	ENDO_PT	49	0.1427356646029749	3.341107300248848	scRNA_endosplit
GLOM	MCD_vs_PAT	GSE108109-GPL19983	MES	22	0.1763232878663323	2.9049504518236886	scRNA_endosplit
GLOM	MCD_vs_PAT	GSE108109-GPL19983	STROMA	49	-0.13584999757229674	-3.352115606814534	scRNA_endosplit
GLOM	MCD_vs_PAT	GSE108109-GPL19983	PERI	48	-0.043779230870616935	-1.0221233898227808	scRNA_endosplit
GLOM	MCD_vs_PAT	GSE108109-GPL19983	BCELL	44	0.003175391138277281	0.0794252382748637	scRNA_endosplit
GLOM	MCD_vs_PAT	GSE108109-GPL19983	TCELL	47	-0.03715475600093921	-0.8523914932120867	scRNA_endosplit
GLOM	MCD_vs_PAT	GSE108109-GPL19983	NK	48	0.05786364435334688	1.3973683211717007	scRNA_endosplit
GLOM	MCD_vs_PAT	GSE108109-GPL19983	MAC	49	-0.17321812597160435	-4.040489912281172	scRNA_endosplit
GLOM	MCD_vs_PAT	GSE108109-GPL19983	DC	19	-0.07396713997188369	-1.1270388081456313	scRNA_endosplit
GLOM	MCD_vs_PAT	GSE108109-GPL19983	ENDO_GC	48	0.33535311530188966	7.759994897866867	scRNA_endosplit
GLOM	MCD_vs_PAT	GSE108109-GPL19983	ENDO_ART	47	-0.03535768948495388	-0.8129066509439153	scRNA_endosplit
GLOM	MCD_vs_PAT	META	PT	50	0.24688399651553483	5.722210043043798	scRNA_endosplit
GLOM	MCD_vs_PAT	META	PT_injured	48	0.06997342384096958	1.3270228883500674	scRNA_endosplit
GLOM	MCD_vs_PAT	META	LOH	46	-0.007483500568871043	-0.5082786235249153	scRNA_endosplit
GLOM	MCD_vs_PAT	META	DCT	46	0.010664234664031736	-0.06120905495332486	scRNA_endosplit
GLOM	MCD_vs_PAT	META	CNT_PC	47	-0.10867156723765191	-2.8616362367318002	scRNA_endosplit
GLOM	MCD_vs_PAT	META	IC	48	-0.08359207708983578	-2.2915167819136517	scRNA_endosplit
GLOM	MCD_vs_PAT	META	PODO	48	0.11270234089372227	2.410741002156448	scRNA_endosplit
GLOM	MCD_vs_PAT	META	PEC	48	-0.00778974008992211	-0.4947166988572492	scRNA_endosplit
GLOM	MCD_vs_PAT	META	ENDO_PT	50	0.023113966560437488	0.26131914143663126	scRNA_endosplit
GLOM	MCD_vs_PAT	META	MES	22	-0.08451623914174199	-1.5482719300852137	scRNA_endosplit
GLOM	MCD_vs_PAT	META	STROMA	50	-0.20050942317893106	-5.1677947330970255	scRNA_endosplit
GLOM	MCD_vs_PAT	META	PERI	48	-0.029864558878923853	-1.0162766285780402	scRNA_endosplit
GLOM	MCD_vs_PAT	META	BCELL	45	-0.0815827997608317	-2.196680476171226	scRNA_endosplit
GLOM	MCD_vs_PAT	META	TCELL	49	-0.159374965304116	-4.098577362947959	scRNA_endosplit
GLOM	MCD_vs_PAT	META	NK	49	-0.15051592312132317	-3.8962826513297326	scRNA_endosplit
GLOM	MCD_vs_PAT	META	MAC	49	-0.42899792534964426	-10.76669901768858	scRNA_endosplit
GLOM	MCD_vs_PAT	META	DC	19	-0.15855278797741781	-2.5890083356256843	scRNA_endosplit
GLOM	MCD_vs_PAT	META	ENDO_GC	48	0.2575977556536802	5.7515876721619374	scRNA_endosplit
GLOM	MCD_vs_PAT	META	ENDO_ART	47	-0.0634747489177166	-1.7651484827861788	scRNA_endosplit
GLOM	MCD_vs_PAT_adj	ERCB_GLOM_H1	PT	30	-0.2379876257027667	-2.9363076698455433	scRNA_endosplit
GLOM	MCD_vs_PAT_adj	ERCB_GLOM_H1	PT_injured	17	-0.1357052109914061	-1.1394278151823163	scRNA_endosplit
GLOM	MCD_vs_PAT_adj	ERCB_GLOM_H1	LOH	22	-0.2203935346817901	-2.2748697931248185	scRNA_endosplit
GLOM	MCD_vs_PAT_adj	ERCB_GLOM_H1	DCT	22	-0.16769990583583785	-1.7874534758009775	scRNA_endosplit
GLOM	MCD_vs_PAT_adj	ERCB_GLOM_H1	CNT_PC	25	-0.31655775754737026	-3.6807201494106234	scRNA_endosplit
GLOM	MCD_vs_PAT_adj	ERCB_GLOM_H1	IC	17	-0.2519829427593252	-2.380046545606014	scRNA_endosplit
GLOM	MCD_vs_PAT_adj	ERCB_GLOM_H1	PODO	19	0.21462295396695383	2.379989113781654	scRNA_endosplit
GLOM	MCD_vs_PAT_adj	ERCB_GLOM_H1	PEC	28	0.06928422754435076	1.0662634995638165	scRNA_endosplit
GLOM	MCD_vs_PAT_adj	ERCB_GLOM_H1	ENDO_PT	34	0.029762366787430976	0.6214752982076217	scRNA_endosplit
GLOM	MCD_vs_PAT_adj	ERCB_GLOM_H1	MES	18	-0.06661937850855496	-0.5265354138188563	scRNA_endosplit
GLOM	MCD_vs_PAT_adj	ERCB_GLOM_H1	STROMA	35	-0.36597280742820976	-4.845605122890814	scRNA_endosplit
GLOM	MCD_vs_PAT_adj	ERCB_GLOM_H1	PERI	32	-0.2921506856487113	-3.604939264879378	scRNA_endosplit
GLOM	MCD_vs_PAT_adj	ERCB_GLOM_H1	BCELL	29	-0.3339956813606088	-4.057847647315356	scRNA_endosplit
GLOM	MCD_vs_PAT_adj	ERCB_GLOM_H1	TCELL	35	-0.2744178949764906	-3.81332750706032	scRNA_endosplit
GLOM	MCD_vs_PAT_adj	ERCB_GLOM_H1	NK	31	-0.31327783971012874	-3.9626421381505486	scRNA_endosplit
GLOM	MCD_vs_PAT_adj	ERCB_GLOM_H1	MAC	33	-0.2552482319507168	-3.271462233523274	scRNA_endosplit
GLOM	MCD_vs_PAT_adj	ERCB_GLOM_H1	DC	12	-0.3303492610942412	-2.5261844132465843	scRNA_endosplit
GLOM	MCD_vs_PAT_adj	ERCB_GLOM_H1	ENDO_GC	25	0.468893984821593	6.024215537196237	scRNA_endosplit
GLOM	MCD_vs_PAT_adj	ERCB_GLOM_H1	ENDO_ART	26	-0.06684287442045979	-0.6525990319216054	scRNA_endosplit
GLOM	MCD_vs_PAT_adj	ERCB_GLOM_H7	PT	30	-0.057635372330149245	-1.4384589118659428	scRNA_endosplit
GLOM	MCD_vs_PAT_adj	ERCB_GLOM_H7	PT_injured	17	0.03323141484299491	-0.32438005402588377	scRNA_endosplit
GLOM	MCD_vs_PAT_adj	ERCB_GLOM_H7	LOH	22	-0.2413162485854122	-3.1175387287535186	scRNA_endosplit
GLOM	MCD_vs_PAT_adj	ERCB_GLOM_H7	DCT	22	-0.17716995472007058	-2.479630890399896	scRNA_endosplit
GLOM	MCD_vs_PAT_adj	ERCB_GLOM_H7	CNT_PC	25	-0.17651365695271257	-2.5759481220901557	scRNA_endosplit
GLOM	MCD_vs_PAT_adj	ERCB_GLOM_H7	IC	17	-0.26224349978804107	-2.7547287290822395	scRNA_endosplit
GLOM	MCD_vs_PAT_adj	ERCB_GLOM_H7	PODO	19	0.2682486585448099	1.7733449347295402	scRNA_endosplit
GLOM	MCD_vs_PAT_adj	ERCB_GLOM_H7	PEC	28	-0.04536829912953463	-1.154920577173796	scRNA_endosplit
GLOM	MCD_vs_PAT_adj	ERCB_GLOM_H7	ENDO_PT	34	-0.02317285275421943	-1.0499884258492374	scRNA_endosplit
GLOM	MCD_vs_PAT_adj	ERCB_GLOM_H7	MES	18	-0.07659518806930236	-1.2911200364395703	scRNA_endosplit
GLOM	MCD_vs_PAT_adj	ERCB_GLOM_H7	STROMA	35	-0.12232363286666566	-2.2503304414107013	scRNA_endosplit
GLOM	MCD_vs_PAT_adj	ERCB_GLOM_H7	PERI	32	0.08505136802050982	0.23251055619427888	scRNA_endosplit
GLOM	MCD_vs_PAT_adj	ERCB_GLOM_H7	BCELL	29	0.04985473132908507	-0.2131462650802271	scRNA_endosplit
GLOM	MCD_vs_PAT_adj	ERCB_GLOM_H7	TCELL	35	-0.14923859432693845	-2.6542380335422058	scRNA_endosplit
GLOM	MCD_vs_PAT_adj	ERCB_GLOM_H7	NK	31	-0.24688112872434367	-3.611273829901064	scRNA_endosplit
GLOM	MCD_vs_PAT_adj	ERCB_GLOM_H7	MAC	33	-0.7348750389656743	-9.591476955290675	scRNA_endosplit
GLOM	MCD_vs_PAT_adj	ERCB_GLOM_H7	DC	12	-0.05829297398091072	-0.9407843079778256	scRNA_endosplit
GLOM	MCD_vs_PAT_adj	ERCB_GLOM_H7	ENDO_GC	25	0.10517726544353695	0.39015732665845004	scRNA_endosplit
GLOM	MCD_vs_PAT_adj	ERCB_GLOM_H7	ENDO_ART	26	0.006807757857236905	-0.6412010468621393	scRNA_endosplit
GLOM	MCD_vs_PAT_adj	GSE108109-GPL19983	PT	48	0.011241262808614863	0.256328869618487	scRNA_endosplit
GLOM	MCD_vs_PAT_adj	GSE108109-GPL19983	PT_injured	48	-0.1023707950518195	-2.381588637799696	scRNA_endosplit
GLOM	MCD_vs_PAT_adj	GSE108109-GPL19983	LOH	46	-0.0683157230211653	-1.5627218611669293	scRNA_endosplit
GLOM	MCD_vs_PAT_adj	GSE108109-GPL19983	DCT	46	-0.017390784674516276	-0.3846570943640487	scRNA_endosplit
GLOM	MCD_vs_PAT_adj	GSE108109-GPL19983	CNT_PC	47	-0.12130095514864393	-2.819537721043164	scRNA_endosplit
GLOM	MCD_vs_PAT_adj	GSE108109-GPL19983	IC	48	-0.058580037351858606	-1.3690629796279081	scRNA_endosplit
GLOM	MCD_vs_PAT_adj	GSE108109-GPL19983	PODO	48	0.041429204082189766	0.9331946217645312	scRNA_endosplit
GLOM	MCD_vs_PAT_adj	GSE108109-GPL19983	PEC	48	-0.0841343470976431	-2.1643643476793777	scRNA_endosplit
GLOM	MCD_vs_PAT_adj	GSE108109-GPL19983	ENDO_PT	49	0.17173123367460283	3.972943201102598	scRNA_endosplit
GLOM	MCD_vs_PAT_adj	GSE108109-GPL19983	MES	22	0.20292202715354676	3.2004084376263995	scRNA_endosplit
GLOM	MCD_vs_PAT_adj	GSE108109-GPL19983	STROMA	49	-0.11341474387125292	-2.7682984666225803	scRNA_endosplit
GLOM	MCD_vs_PAT_adj	GSE108109-GPL19983	PERI	48	-0.034719026795754	-0.7962938066031499	scRNA_endosplit
GLOM	MCD_vs_PAT_adj	GSE108109-GPL19983	BCELL	44	0.024628490925158886	0.5306560207989317	scRNA_endosplit
GLOM	MCD_vs_PAT_adj	GSE108109-GPL19983	TCELL	47	-0.010612337742794731	-0.24462878639001304	scRNA_endosplit
GLOM	MCD_vs_PAT_adj	GSE108109-GPL19983	NK	48	0.09107477803276641	2.071154246138978	scRNA_endosplit
GLOM	MCD_vs_PAT_adj	GSE108109-GPL19983	MAC	49	-0.11167726225167789	-2.7187797583084796	scRNA_endosplit
GLOM	MCD_vs_PAT_adj	GSE108109-GPL19983	DC	19	-0.038078279893674204	-0.6131929789359398	scRNA_endosplit
GLOM	MCD_vs_PAT_adj	GSE108109-GPL19983	ENDO_GC	48	0.3653584114026324	8.416350998668786	scRNA_endosplit
GLOM	MCD_vs_PAT_adj	GSE108109-GPL19983	ENDO_ART	47	-0.01828544980892428	-0.47331179741385004	scRNA_endosplit
GLOM	MCD_vs_PAT_adj	META	PT	50	-0.059220164415223556	-1.8661424124656252	scRNA_endosplit
GLOM	MCD_vs_PAT_adj	META	PT_injured	48	-0.09995812529084241	-2.9865551493799387	scRNA_endosplit
GLOM	MCD_vs_PAT_adj	META	LOH	46	-0.1113117943502113	-3.0671656633051927	scRNA_endosplit
GLOM	MCD_vs_PAT_adj	META	DCT	46	-0.07073119554990558	-2.0250504126830746	scRNA_endosplit
GLOM	MCD_vs_PAT_adj	META	CNT_PC	47	-0.16439965997885014	-4.445134635652566	scRNA_endosplit
GLOM	MCD_vs_PAT_adj	META	IC	48	-0.11923722003379998	-3.3627771732089173	scRNA_endosplit
GLOM	MCD_vs_PAT_adj	META	PODO	48	0.08328699459111735	1.8221105311718166	scRNA_endosplit
GLOM	MCD_vs_PAT_adj	META	PEC	48	-0.03647382366414311	-1.171823548501904	scRNA_endosplit
GLOM	MCD_vs_PAT_adj	META	ENDO_PT	50	0.09802284796988336	2.171112960026364	scRNA_endosplit
GLOM	MCD_vs_PAT_adj	META	MES	22	0.04167728783304917	0.5148797355719491	scRNA_endosplit
GLOM	MCD_vs_PAT_adj	META	STROMA	50	-0.16256906887138445	-4.385195159294966	scRNA_endosplit
GLOM	MCD_vs_PAT_adj	META	PERI	48	-0.04270415466677702	-1.4164835783416607	scRNA_endosplit
GLOM	MCD_vs_PAT_adj	META	BCELL	45	-0.04218813309011227	-1.328742311015823	scRNA_endosplit
GLOM	MCD_vs_PAT_adj	META	TCELL	49	-0.10022756564243228	-2.8895046936212903	scRNA_endosplit
GLOM	MCD_vs_PAT_adj	META	NK	49	-0.08812697574932589	-2.5598883105145385	scRNA_endosplit
GLOM	MCD_vs_PAT_adj	META	MAC	49	-0.2875794675844192	-7.78049473749607	scRNA_endosplit
GLOM	MCD_vs_PAT_adj	META	DC	19	-0.10862027066766033	-1.921413258852299	scRNA_endosplit
GLOM	MCD_vs_PAT_adj	META	ENDO_GC	48	0.3294648072120723	7.91763552365057	scRNA_endosplit
GLOM	MCD_vs_PAT_adj	META	ENDO_ART	47	-0.024984471829124246	-0.9513052574621781	scRNA_endosplit
GLOM	MN_vs_PAT	ERCB_GLOM_H1	PT	30	0.1778052522490422	1.9318495032914293	scRNA_endosplit
GLOM	MN_vs_PAT	ERCB_GLOM_H1	PT_injured	17	0.2806660223971395	2.437312436303483	scRNA_endosplit
GLOM	MN_vs_PAT	ERCB_GLOM_H1	LOH	22	0.2202251942150972	2.045140157601562	scRNA_endosplit
GLOM	MN_vs_PAT	ERCB_GLOM_H1	DCT	22	0.13227408171885394	1.2129101927601744	scRNA_endosplit
GLOM	MN_vs_PAT	ERCB_GLOM_H1	CNT_PC	25	-0.010543422200717023	-0.24218483947282943	scRNA_endosplit
GLOM	MN_vs_PAT	ERCB_GLOM_H1	IC	17	-0.021927883519845842	-0.32110336555909136	scRNA_endosplit
GLOM	MN_vs_PAT	ERCB_GLOM_H1	PODO	19	0.25726026335829183	2.302340535382454	scRNA_endosplit
GLOM	MN_vs_PAT	ERCB_GLOM_H1	PEC	28	0.033258364502606656	0.19954029723089495	scRNA_endosplit
GLOM	MN_vs_PAT	ERCB_GLOM_H1	ENDO_PT	34	-0.2052209714311175	-2.809581449683895	scRNA_endosplit
GLOM	MN_vs_PAT	ERCB_GLOM_H1	MES	18	-0.02901286714606815	-0.4513646365029819	scRNA_endosplit
GLOM	MN_vs_PAT	ERCB_GLOM_H1	STROMA	35	-0.03628135797168527	-0.6344777529906143	scRNA_endosplit
GLOM	MN_vs_PAT	ERCB_GLOM_H1	PERI	32	-0.06112042517634108	-0.93289965602089	scRNA_endosplit
GLOM	MN_vs_PAT	ERCB_GLOM_H1	BCELL	29	-0.2774876830135954	-3.474939439647507	scRNA_endosplit
GLOM	MN_vs_PAT	ERCB_GLOM_H1	TCELL	35	-0.37002233330692563	-4.908498585961271	scRNA_endosplit
GLOM	MN_vs_PAT	ERCB_GLOM_H1	NK	31	-0.307274232858852	-3.8755817058645743	scRNA_endosplit
GLOM	MN_vs_PAT	ERCB_GLOM_H1	MAC	33	-0.7740259739485654	-9.814916660904935	scRNA_endosplit
GLOM	MN_vs_PAT	ERCB_GLOM_H1	DC	12	-0.4689914124707381	-3.6053093043768363	scRNA_endosplit
GLOM	MN_vs_PAT	ERCB_GLOM_H1	ENDO_GC	25	-0.06419739475473761	-0.8611523207566378	scRNA_endosplit
GLOM	MN_vs_PAT	ERCB_GLOM_H1	ENDO_ART	26	0.07311192183540417	0.6047390625148913	scRNA_endosplit
GLOM	MN_vs_PAT	GSE108109-GPL19983	PT	48	0.062262055044508664	1.5720362133825798	scRNA_endosplit
GLOM	MN_vs_PAT	GSE108109-GPL19983	PT_injured	48	0.08599270682316272	2.2523753821853263	scRNA_endosplit
GLOM	MN_vs_PAT	GSE108109-GPL19983	LOH	46	0.03012563309976426	0.6637064351948362	scRNA_endosplit
GLOM	MN_vs_PAT	GSE108109-GPL19983	DCT	46	-0.07566088617212421	-2.1493741075172528	scRNA_endosplit
GLOM	MN_vs_PAT	GSE108109-GPL19983	CNT_PC	47	0.031738559180434736	0.7699379109719221	scRNA_endosplit
GLOM	MN_vs_PAT	GSE108109-GPL19983	IC	48	0.004328362287196796	-0.006633873191569699	scRNA_endosplit
GLOM	MN_vs_PAT	GSE108109-GPL19983	PODO	48	0.2321546605671756	6.4140138174848245	scRNA_endosplit
GLOM	MN_vs_PAT	GSE108109-GPL19983	PEC	48	-0.004040292110100075	-0.30477294806443755	scRNA_endosplit
GLOM	MN_vs_PAT	GSE108109-GPL19983	ENDO_PT	49	-0.11988962572353075	-3.635512693528283	scRNA_endosplit
GLOM	MN_vs_PAT	GSE108109-GPL19983	MES	22	-0.18611769545135426	-3.7224768653160454	scRNA_endosplit
GLOM	MN_vs_PAT	GSE108109-GPL19983	STROMA	49	-0.028642129852693064	-0.9436642796028104	scRNA_endosplit
GLOM	MN_vs_PAT	GSE108109-GPL19983	PERI	48	-0.0025599039072403684	-0.2526498026922259	scRNA_endosplit
GLOM	MN_vs_PAT	GSE108109-GPL19983	BCELL	44	-0.06431188866157421	-1.9709263863496291	scRNA_endosplit
GLOM	MN_vs_PAT	GSE108109-GPL19983	TCELL	47	-0.12655682174211486	-3.7387881853819365	scRNA_endosplit
GLOM	MN_vs_PAT	GSE108109-GPL19983	NK	48	-0.1943491140458112	-5.742137922241044	scRNA_endosplit
GLOM	MN_vs_PAT	GSE108109-GPL19983	MAC	49	-0.06791966673039014	-2.0137910566786785	scRNA_endosplit
GLOM	MN_vs_PAT	GSE108109-GPL19983	DC	19	-0.10689599233630456	-2.026868555854826	scRNA_endosplit
GLOM	MN_vs_PAT	GSE108109-GPL19983	ENDO_GC	48	-0.11315598555180861	-3.174593673710171	scRNA_endosplit
GLOM	MN_vs_PAT	GSE108109-GPL19983	ENDO_ART	47	-0.051550557155194916	-1.5305270331590362	scRNA_endosplit
GLOM	MN_vs_PAT	META	PT	50	0.09327108338824473	2.1745453597279694	scRNA_endosplit
GLOM	MN_vs_PAT	META	PT_injured	48	0.12044049849888928	2.908730572709682	scRNA_endosplit
GLOM	MN_vs_PAT	META	LOH	46	0.07115104351870957	1.6371790694829829	scRNA_endosplit
GLOM	MN_vs_PAT	META	DCT	46	-0.024375511090392647	-0.7992351670707688	scRNA_endosplit
GLOM	MN_vs_PAT	META	CNT_PC	47	0.015432892143082357	0.15358811423390228	scRNA_endosplit
GLOM	MN_vs_PAT	META	IC	48	0.0037175152222820008	-0.09630804579101858	scRNA_endosplit
GLOM	MN_vs_PAT	META	PODO	48	0.22800266927030557	5.71075991060043	scRNA_endosplit
GLOM	MN_vs_PAT	META	PEC	48	0.004228584480491327	-0.08536933563042531	scRNA_endosplit
GLOM	MN_vs_PAT	META	ENDO_PT	50	-0.145530530057149	-4.2289805026013605	scRNA_endosplit
GLOM	MN_vs_PAT	META	MES	22	-0.12314369342030576	-2.256726914209799	scRNA_endosplit
GLOM	MN_vs_PAT	META	STROMA	50	-0.038019008960691276	-1.1635586917505878	scRNA_endosplit
GLOM	MN_vs_PAT	META	PERI	48	-0.035805478160909836	-1.1247612119483656	scRNA_endosplit
GLOM	MN_vs_PAT	META	BCELL	45	-0.1310016160003013	-3.440569474155216	scRNA_endosplit
GLOM	MN_vs_PAT	META	TCELL	49	-0.21014255476279223	-5.7442001178096715	scRNA_endosplit
GLOM	MN_vs_PAT	META	NK	49	-0.2212932862208358	-6.016752642244281	scRNA_endosplit
GLOM	MN_vs_PAT	META	MAC	49	-0.30928656819860967	-8.434146560014488	scRNA_endosplit
GLOM	MN_vs_PAT	META	DC	19	-0.2180576615133568	-3.6738884732409565	scRNA_endosplit
GLOM	MN_vs_PAT	META	ENDO_GC	48	-0.0913757004746003	-2.5912423215763196	scRNA_endosplit
GLOM	MN_vs_PAT	META	ENDO_ART	47	-0.008231091274400899	-0.47730155482558384	scRNA_endosplit
GLOM	MN_vs_PAT_adj	ERCB_GLOM_H1	PT	30	-0.11831098764777387	-1.780930627216761	scRNA_endosplit
GLOM	MN_vs_PAT_adj	ERCB_GLOM_H1	PT_injured	17	0.049216556996496394	0.35430799444931604	scRNA_endosplit
GLOM	MN_vs_PAT_adj	ERCB_GLOM_H1	LOH	22	0.1156851171816343	1.0918170641930967	scRNA_endosplit
GLOM	MN_vs_PAT_adj	ERCB_GLOM_H1	DCT	22	0.048053645921634434	0.39795106544733894	scRNA_endosplit
GLOM	MN_vs_PAT_adj	ERCB_GLOM_H1	CNT_PC	25	-0.05410936542034065	-0.8403110542799979	scRNA_endosplit
GLOM	MN_vs_PAT_adj	ERCB_GLOM_H1	IC	17	-0.057172706226966075	-0.7506349126756635	scRNA_endosplit
GLOM	MN_vs_PAT_adj	ERCB_GLOM_H1	PODO	19	0.22575184111778926	2.135280875532293	scRNA_endosplit
GLOM	MN_vs_PAT_adj	ERCB_GLOM_H1	PEC	28	0.03426252750096838	0.23281883866424902	scRNA_endosplit
GLOM	MN_vs_PAT_adj	ERCB_GLOM_H1	ENDO_PT	34	-0.16158480749126164	-2.3740393996362203	scRNA_endosplit
GLOM	MN_vs_PAT_adj	ERCB_GLOM_H1	MES	18	0.009919855003359172	-0.06166148362445574	scRNA_endosplit
GLOM	MN_vs_PAT_adj	ERCB_GLOM_H1	STROMA	35	-0.024089197552518364	-0.5223130154189343	scRNA_endosplit
GLOM	MN_vs_PAT_adj	ERCB_GLOM_H1	PERI	32	-0.058947762886759736	-1.007176224219536	scRNA_endosplit
GLOM	MN_vs_PAT_adj	ERCB_GLOM_H1	BCELL	29	-0.21708739175650343	-3.0377987769833537	scRNA_endosplit
GLOM	MN_vs_PAT_adj	ERCB_GLOM_H1	TCELL	35	-0.30861727270820444	-4.65911331615098	scRNA_endosplit
GLOM	MN_vs_PAT_adj	ERCB_GLOM_H1	NK	31	-0.22468148986052486	-3.072233930044039	scRNA_endosplit
GLOM	MN_vs_PAT_adj	ERCB_GLOM_H1	MAC	33	-0.6649980274482737	-9.083238970887077	scRNA_endosplit
GLOM	MN_vs_PAT_adj	ERCB_GLOM_H1	DC	12	-0.4053254076368659	-3.2869096038735277	scRNA_endosplit
GLOM	MN_vs_PAT_adj	ERCB_GLOM_H1	ENDO_GC	25	-0.018194289616229063	-0.3824928245357492	scRNA_endosplit
GLOM	MN_vs_PAT_adj	ERCB_GLOM_H1	ENDO_ART	26	0.10324510003360263	1.079031357815978	scRNA_endosplit
GLOM	MN_vs_PAT_adj	GSE108109-GPL19983	PT	48	-0.04969010809335098	-1.5117969803883486	scRNA_endosplit
GLOM	MN_vs_PAT_adj	GSE108109-GPL19983	PT_injured	48	0.018902149308443042	0.3063410930263683	scRNA_endosplit
GLOM	MN_vs_PAT_adj	GSE108109-GPL19983	LOH	46	-0.002511730792066833	-0.2795559621059216	scRNA_endosplit
GLOM	MN_vs_PAT_adj	GSE108109-GPL19983	DCT	46	-0.09572218364612758	-2.7950084333471326	scRNA_endosplit
GLOM	MN_vs_PAT_adj	GSE108109-GPL19983	CNT_PC	47	0.012843523254264024	0.2051770593062484	scRNA_endosplit
GLOM	MN_vs_PAT_adj	GSE108109-GPL19983	IC	48	-0.006621616457825152	-0.344634610642264	scRNA_endosplit
GLOM	MN_vs_PAT_adj	GSE108109-GPL19983	PODO	48	0.2122957779840333	5.722205031454792	scRNA_endosplit
GLOM	MN_vs_PAT_adj	GSE108109-GPL19983	PEC	48	-0.00945339044086852	-0.40831029269604674	scRNA_endosplit
GLOM	MN_vs_PAT_adj	GSE108109-GPL19983	ENDO_PT	49	-0.10162985788894778	-2.982531681379768	scRNA_endosplit
GLOM	MN_vs_PAT_adj	GSE108109-GPL19983	MES	22	-0.16788319276339067	-3.2543451737469478	scRNA_endosplit
GLOM	MN_vs_PAT_adj	GSE108109-GPL19983	STROMA	49	-0.010329335759533285	-0.43925370957657056	scRNA_endosplit
GLOM	MN_vs_PAT_adj	GSE108109-GPL19983	PERI	48	0.005252392470892972	-0.09851060095455264	scRNA_endosplit
GLOM	MN_vs_PAT_adj	GSE108109-GPL19983	BCELL	44	-0.04803030262159853	-1.448825315031374	scRNA_endosplit
GLOM	MN_vs_PAT_adj	GSE108109-GPL19983	TCELL	47	-0.10760320249016139	-3.1748272811180414	scRNA_endosplit
GLOM	MN_vs_PAT_adj	GSE108109-GPL19983	NK	48	-0.1724618418824594	-4.958159811892539	scRNA_endosplit
GLOM	MN_vs_PAT_adj	GSE108109-GPL19983	MAC	49	-0.01500801764097395	-0.6014996596959364	scRNA_endosplit
GLOM	MN_vs_PAT_adj	GSE108109-GPL19983	DC	19	-0.07718166784099456	-1.4729438744049	scRNA_endosplit
GLOM	MN_vs_PAT_adj	GSE108109-GPL19983	ENDO_GC	48	-0.09556653814586774	-2.9154583112261676	scRNA_endosplit
GLOM	MN_vs_PAT_adj	GSE108109-GPL19983	ENDO_ART	47	-0.03884067971404054	-1.1529720260193312	scRNA_endosplit
GLOM	MN_vs_PAT_adj	META	PT	50	-0.0805777852789578	-2.3484711389594013	scRNA_endosplit
GLOM	MN_vs_PAT_adj	META	PT_injured	48	0.027726287652667613	0.5469314051108461	scRNA_endosplit
GLOM	MN_vs_PAT_adj	META	LOH	46	0.022197944409812674	0.37027092111432053	scRNA_endosplit
GLOM	MN_vs_PAT_adj	META	DCT	46	-0.058221058570733	-1.750343700427632	scRNA_endosplit
GLOM	MN_vs_PAT_adj	META	CNT_PC	47	-0.008830219088571333	-0.45844217046174174	scRNA_endosplit
GLOM	MN_vs_PAT_adj	META	IC	48	-0.013306481966876324	-0.5997445454380407	scRNA_endosplit
GLOM	MN_vs_PAT_adj	META	PODO	48	0.20545991189925697	5.2242053924957865	scRNA_endosplit
GLOM	MN_vs_PAT_adj	META	PEC	48	3.3729930736937454e-05	-0.15342090733008507	scRNA_endosplit
GLOM	MN_vs_PAT_adj	META	ENDO_PT	50	-0.11859115504495774	-3.5023584279399893	scRNA_endosplit
GLOM	MN_vs_PAT_adj	META	MES	22	-0.09557520366167839	-1.8216793289254767	scRNA_endosplit
GLOM	MN_vs_PAT_adj	META	STROMA	50	-0.023043070340949053	-0.8129088854585955	scRNA_endosplit
GLOM	MN_vs_PAT_adj	META	PERI	48	-0.029099941142187433	-0.9925733231007292	scRNA_endosplit
GLOM	MN_vs_PAT_adj	META	BCELL	45	-0.09985340773557194	-2.7726530856339933	scRNA_endosplit
GLOM	MN_vs_PAT_adj	META	TCELL	49	-0.17728361615232677	-4.9902654400107975	scRNA_endosplit
GLOM	MN_vs_PAT_adj	META	NK	49	-0.18038294442247932	-5.289827774712861	scRNA_endosplit
GLOM	MN_vs_PAT_adj	META	MAC	49	-0.23830493515585666	-6.557213989303159	scRNA_endosplit
GLOM	MN_vs_PAT_adj	META	DC	19	-0.17790199997980471	-3.1260134267404105	scRNA_endosplit
GLOM	MN_vs_PAT_adj	META	ENDO_GC	48	-0.06635012083411566	-1.9510698858231204	scRNA_endosplit
GLOM	MN_vs_PAT_adj	META	ENDO_ART	47	0.008919787658056028	0.02197399960880232	scRNA_endosplit
GLOM	RPGN_vs_PAT	ERCB_GLOM_H7	PT	30	-0.7449009294311205	-8.17461452750378	scRNA_endosplit
GLOM	RPGN_vs_PAT	ERCB_GLOM_H7	PT_injured	17	-0.569517945213353	-4.67679703057121	scRNA_endosplit
GLOM	RPGN_vs_PAT	ERCB_GLOM_H7	LOH	22	-0.43117002296176826	-3.928960573976364	scRNA_endosplit
GLOM	RPGN_vs_PAT	ERCB_GLOM_H7	DCT	22	-0.2425760618326339	-2.1307108758880813	scRNA_endosplit
GLOM	RPGN_vs_PAT	ERCB_GLOM_H7	CNT_PC	25	-0.12720608856528998	-1.1967611914160108	scRNA_endosplit
GLOM	RPGN_vs_PAT	ERCB_GLOM_H7	IC	17	0.05414575948516893	0.5584337952991242	scRNA_endosplit
GLOM	RPGN_vs_PAT	ERCB_GLOM_H7	PODO	19	-0.05041492142175372	-0.31438040191879074	scRNA_endosplit
GLOM	RPGN_vs_PAT	ERCB_GLOM_H7	PEC	28	-0.21901278430595994	-2.152282790347605	scRNA_endosplit
GLOM	RPGN_vs_PAT	ERCB_GLOM_H7	ENDO_PT	34	0.13695693254361258	1.7499056200293952	scRNA_endosplit
GLOM	RPGN_vs_PAT	ERCB_GLOM_H7	MES	18	0.07432652621840437	0.7047515020119834	scRNA_endosplit
GLOM	RPGN_vs_PAT	ERCB_GLOM_H7	STROMA	35	0.23541219098094318	3.035626753102178	scRNA_endosplit
GLOM	RPGN_vs_PAT	ERCB_GLOM_H7	PERI	32	-0.2440897708875127	-2.635115748956708	scRNA_endosplit
GLOM	RPGN_vs_PAT	ERCB_GLOM_H7	BCELL	29	0.23185071246377353	2.7094231015989885	scRNA_endosplit
GLOM	RPGN_vs_PAT	ERCB_GLOM_H7	TCELL	35	0.40767476728984287	5.029516141312967	scRNA_endosplit
GLOM	RPGN_vs_PAT	ERCB_GLOM_H7	NK	31	0.06791152039002027	0.9579891096667899	scRNA_endosplit
GLOM	RPGN_vs_PAT	ERCB_GLOM_H7	MAC	33	1.0697397975759073	12.929766183003398	scRNA_endosplit
GLOM	RPGN_vs_PAT	ERCB_GLOM_H7	DC	12	0.2567407696818312	1.917347735350294	scRNA_endosplit
GLOM	RPGN_vs_PAT	ERCB_GLOM_H7	ENDO_GC	25	0.0927574310451746	1.0699539186146538	scRNA_endosplit
GLOM	RPGN_vs_PAT	ERCB_GLOM_H7	ENDO_ART	26	-0.2500141725803797	-2.4983033425533088	scRNA_endosplit
GLOM	RPGN_vs_PAT	GSE108109-GPL19983	PT	48	-0.2457779336546082	-5.649398140655732	scRNA_endosplit
GLOM	RPGN_vs_PAT	GSE108109-GPL19983	PT_injured	48	-0.1450812206264042	-3.3632047364901805	scRNA_endosplit
GLOM	RPGN_vs_PAT	GSE108109-GPL19983	LOH	46	-0.0966163521895752	-2.1562499036056373	scRNA_endosplit
GLOM	RPGN_vs_PAT	GSE108109-GPL19983	DCT	46	0.03103399591212942	0.8238263760906858	scRNA_endosplit
GLOM	RPGN_vs_PAT	GSE108109-GPL19983	CNT_PC	47	0.018296499607807146	0.5459575626080697	scRNA_endosplit
GLOM	RPGN_vs_PAT	GSE108109-GPL19983	IC	48	0.08401674035000421	2.1519184666182354	scRNA_endosplit
GLOM	RPGN_vs_PAT	GSE108109-GPL19983	PODO	48	-0.34135351753017557	-7.9704341395416645	scRNA_endosplit
GLOM	RPGN_vs_PAT	GSE108109-GPL19983	PEC	48	-0.0009025456674862606	0.1264219844894622	scRNA_endosplit
GLOM	RPGN_vs_PAT	GSE108109-GPL19983	ENDO_PT	49	-0.20591372357947485	-4.951311938807097	scRNA_endosplit
GLOM	RPGN_vs_PAT	GSE108109-GPL19983	MES	22	-0.23975151506337253	-3.5781576731516824	scRNA_endosplit
GLOM	RPGN_vs_PAT	GSE108109-GPL19983	STROMA	49	0.19337565293630624	4.8267946535652655	scRNA_endosplit
GLOM	RPGN_vs_PAT	GSE108109-GPL19983	PERI	48	-0.023635086098996297	-0.4170320048651367	scRNA_endosplit
GLOM	RPGN_vs_PAT	GSE108109-GPL19983	BCELL	44	0.1544329429108819	3.6939814623718497	scRNA_endosplit
GLOM	RPGN_vs_PAT	GSE108109-GPL19983	TCELL	47	0.18522499291662206	4.3897372750522425	scRNA_endosplit
GLOM	RPGN_vs_PAT	GSE108109-GPL19983	NK	48	-0.014762956028183291	-0.20972571611003166	scRNA_endosplit
GLOM	RPGN_vs_PAT	GSE108109-GPL19983	MAC	49	0.38676921225970196	9.201234323085323	scRNA_endosplit
GLOM	RPGN_vs_PAT	GSE108109-GPL19983	DC	19	0.2612199869595076	4.098143621441913	scRNA_endosplit
GLOM	RPGN_vs_PAT	GSE108109-GPL19983	ENDO_GC	48	-0.5170862259692512	-12.378996107272885	scRNA_endosplit
GLOM	RPGN_vs_PAT	GSE108109-GPL19983	ENDO_ART	47	0.0284182472412098	0.8336657392747889	scRNA_endosplit
GLOM	RPGN_vs_PAT	META	PT	50	-0.40066529614385216	-8.893716380394945	scRNA_endosplit
GLOM	RPGN_vs_PAT	META	PT_injured	48	-0.2196498366004865	-4.722288880876348	scRNA_endosplit
GLOM	RPGN_vs_PAT	META	LOH	46	-0.17516129967027708	-3.598361657211663	scRNA_endosplit
GLOM	RPGN_vs_PAT	META	DCT	46	-0.02986441962291237	-0.37013852276628806	scRNA_endosplit
GLOM	RPGN_vs_PAT	META	CNT_PC	47	-0.029451778257622362	-0.36919750867154144	scRNA_endosplit
GLOM	RPGN_vs_PAT	META	IC	48	0.05498986883564307	1.5666538450695944	scRNA_endosplit
GLOM	RPGN_vs_PAT	META	PODO	48	-0.27506894602750737	-5.855541468740099	scRNA_endosplit
GLOM	RPGN_vs_PAT	META	PEC	48	-0.06840792322570148	-1.3039286157611778	scRNA_endosplit
GLOM	RPGN_vs_PAT	META	ENDO_PT	50	-0.10161136456765235	-2.0358881363591945	scRNA_endosplit
GLOM	RPGN_vs_PAT	META	MES	22	-0.08403643142347308	-1.185431516930667	scRNA_endosplit
GLOM	RPGN_vs_PAT	META	STROMA	50	0.18990849885623903	4.713041730281056	scRNA_endosplit
GLOM	RPGN_vs_PAT	META	PERI	48	-0.09968586700658001	-2.06301134585794	scRNA_endosplit
GLOM	RPGN_vs_PAT	META	BCELL	45	0.19200281990278098	4.598143297674242	scRNA_endosplit
GLOM	RPGN_vs_PAT	META	TCELL	49	0.2427963100335732	6.013552207768441	scRNA_endosplit
GLOM	RPGN_vs_PAT	META	NK	49	0.010972940999710445	0.4788248740117625	scRNA_endosplit
GLOM	RPGN_vs_PAT	META	MAC	49	0.6008010645045385	14.689935597268054	scRNA_endosplit
GLOM	RPGN_vs_PAT	META	DC	19	0.27048050837689325	3.861067637326286	scRNA_endosplit
GLOM	RPGN_vs_PAT	META	ENDO_GC	48	-0.36281714177069563	-8.089694760412009	scRNA_endosplit
GLOM	RPGN_vs_PAT	META	ENDO_ART	47	-0.0488866908683818	-0.8445840128259808	scRNA_endosplit
GLOM	RPGN_vs_PAT_adj	ERCB_GLOM_H7	PT	30	-0.23918066937273522	-3.0821389740183394	scRNA_endosplit
GLOM	RPGN_vs_PAT_adj	ERCB_GLOM_H7	PT_injured	17	-0.11571570550581978	-1.0504502056886131	scRNA_endosplit
GLOM	RPGN_vs_PAT_adj	ERCB_GLOM_H7	LOH	22	-0.18932078942155933	-2.073319237378951	scRNA_endosplit
GLOM	RPGN_vs_PAT_adj	ERCB_GLOM_H7	DCT	22	-0.03384468416256404	-0.1643220538338109	scRNA_endosplit
GLOM	RPGN_vs_PAT_adj	ERCB_GLOM_H7	CNT_PC	25	-0.009433228598111111	0.1364074580464007	scRNA_endosplit
GLOM	RPGN_vs_PAT_adj	ERCB_GLOM_H7	IC	17	0.13646384919660828	1.6461026129161171	scRNA_endosplit
GLOM	RPGN_vs_PAT_adj	ERCB_GLOM_H7	PODO	19	-0.007242523012245141	0.10016896037316692	scRNA_endosplit
GLOM	RPGN_vs_PAT_adj	ERCB_GLOM_H7	PEC	28	-0.146287053291107	-1.731706342114385	scRNA_endosplit
GLOM	RPGN_vs_PAT_adj	ERCB_GLOM_H7	ENDO_PT	34	-0.016428336961473625	0.035162507297530614	scRNA_endosplit
GLOM	RPGN_vs_PAT_adj	ERCB_GLOM_H7	MES	18	-0.17517065300103274	-1.6772130943418941	scRNA_endosplit
GLOM	RPGN_vs_PAT_adj	ERCB_GLOM_H7	STROMA	35	0.16134106474376772	2.861757883834821	scRNA_endosplit
GLOM	RPGN_vs_PAT_adj	ERCB_GLOM_H7	PERI	32	-0.19090395269689175	-2.4709858013681174	scRNA_endosplit
GLOM	RPGN_vs_PAT_adj	ERCB_GLOM_H7	BCELL	29	0.15750422872794712	2.4367904759867725	scRNA_endosplit
GLOM	RPGN_vs_PAT_adj	ERCB_GLOM_H7	TCELL	35	0.29204358804592695	4.756677102985544	scRNA_endosplit
GLOM	RPGN_vs_PAT_adj	ERCB_GLOM_H7	NK	31	-0.060412340448828	-0.5967428621985333	scRNA_endosplit
GLOM	RPGN_vs_PAT_adj	ERCB_GLOM_H7	MAC	33	0.7449075691640958	11.394241314063358	scRNA_endosplit
GLOM	RPGN_vs_PAT_adj	ERCB_GLOM_H7	DC	12	0.16894616875563317	1.5803504252593976	scRNA_endosplit
GLOM	RPGN_vs_PAT_adj	ERCB_GLOM_H7	ENDO_GC	25	-0.07794471147476498	-0.8188090568561154	scRNA_endosplit
GLOM	RPGN_vs_PAT_adj	ERCB_GLOM_H7	ENDO_ART	26	-0.3632208562502273	-4.417226191725996	scRNA_endosplit
GLOM	RPGN_vs_PAT_adj	GSE108109-GPL19983	PT	48	0.005567073665518524	0.2437785363790938	scRNA_endosplit
GLOM	RPGN_vs_PAT_adj	GSE108109-GPL19983	PT_injured	48	0.01437229333363454	0.5366488403831801	scRNA_endosplit
GLOM	RPGN_vs_PAT_adj	GSE108109-GPL19983	LOH	46	-0.020049376551472837	-0.3258165661284072	scRNA_endosplit
GLOM	RPGN_vs_PAT_adj	GSE108109-GPL19983	DCT	46	0.07182764123410583	1.774265199094789	scRNA_endosplit
GLOM	RPGN_vs_PAT_adj	GSE108109-GPL19983	CNT_PC	47	0.06277388883838818	1.8578922308957364	scRNA_endosplit
GLOM	RPGN_vs_PAT_adj	GSE108109-GPL19983	IC	48	0.11173776652276868	2.958393404632424	scRNA_endosplit
GLOM	RPGN_vs_PAT_adj	GSE108109-GPL19983	PODO	48	-0.2952034833033785	-6.985071322185968	scRNA_endosplit
GLOM	RPGN_vs_PAT_adj	GSE108109-GPL19983	PEC	48	0.010553571486445736	0.40519371747074506	scRNA_endosplit
GLOM	RPGN_vs_PAT_adj	GSE108109-GPL19983	ENDO_PT	49	-0.26258946859864113	-6.211212593432544	scRNA_endosplit
GLOM	RPGN_vs_PAT_adj	GSE108109-GPL19983	MES	22	-0.29008911590807274	-4.50395979102254	scRNA_endosplit
GLOM	RPGN_vs_PAT_adj	GSE108109-GPL19983	STROMA	49	0.15183495599673577	3.9239984403739685	scRNA_endosplit
GLOM	RPGN_vs_PAT_adj	GSE108109-GPL19983	PERI	48	-0.04182472820813631	-0.7833741856793451	scRNA_endosplit
GLOM	RPGN_vs_PAT_adj	GSE108109-GPL19983	BCELL	44	0.11645121836132714	2.8991809644030004	scRNA_endosplit
GLOM	RPGN_vs_PAT_adj	GSE108109-GPL19983	TCELL	47	0.13874037679848672	3.451931850799949	scRNA_endosplit
GLOM	RPGN_vs_PAT_adj	GSE108109-GPL19983	NK	48	-0.07430213012808935	-1.6338859172942959	scRNA_endosplit
GLOM	RPGN_vs_PAT_adj	GSE108109-GPL19983	MAC	49	0.2724632450520015	6.8495212024942544	scRNA_endosplit
GLOM	RPGN_vs_PAT_adj	GSE108109-GPL19983	DC	19	0.1930622232538346	3.0565153996567873	scRNA_endosplit
GLOM	RPGN_vs_PAT_adj	GSE108109-GPL19983	ENDO_GC	48	-0.5721866574555009	-13.599525429906777	scRNA_endosplit
GLOM	RPGN_vs_PAT_adj	GSE108109-GPL19983	ENDO_ART	47	-0.0021026755289110404	0.1589366364321363	scRNA_endosplit
GLOM	RPGN_vs_PAT_adj	META	PT	50	-0.06250127965748298	-1.2963250451162158	scRNA_endosplit
GLOM	RPGN_vs_PAT_adj	META	PT_injured	48	-0.01603650179959972	-0.0968724875393721	scRNA_endosplit
GLOM	RPGN_vs_PAT_adj	META	LOH	46	-0.0614753221043058	-1.1751698743429706	scRNA_endosplit
GLOM	RPGN_vs_PAT_adj	META	DCT	46	0.047686911587203895	1.4901564262688594	scRNA_endosplit
GLOM	RPGN_vs_PAT_adj	META	CNT_PC	47	0.031197938176430635	1.0808167435453548	scRNA_endosplit
GLOM	RPGN_vs_PAT_adj	META	IC	48	0.0966452218010118	2.718448302740792	scRNA_endosplit
GLOM	RPGN_vs_PAT_adj	META	PODO	48	-0.22870582775309747	-5.492200135844751	scRNA_endosplit
GLOM	RPGN_vs_PAT_adj	META	PEC	48	-0.037926761661856156	-0.633145739921704	scRNA_endosplit
GLOM	RPGN_vs_PAT_adj	META	ENDO_PT	50	-0.19421236570124578	-4.6042636423342955	scRNA_endosplit
GLOM	RPGN_vs_PAT_adj	META	MES	22	-0.21721861345114127	-3.5402326436266467	scRNA_endosplit
GLOM	RPGN_vs_PAT_adj	META	STROMA	50	0.13736916131916185	3.8665978120066185	scRNA_endosplit
GLOM	RPGN_vs_PAT_adj	META	PERI	48	-0.0961787531420472	-2.091786327970334	scRNA_endosplit
GLOM	RPGN_vs_PAT_adj	META	BCELL	45	0.14071365467094243	3.7820262691970026	scRNA_endosplit
GLOM	RPGN_vs_PAT_adj	META	TCELL	49	0.17312875539057765	4.739804168158591	scRNA_endosplit
GLOM	RPGN_vs_PAT_adj	META	NK	49	-0.06818696838358328	-1.3164915478132864	scRNA_endosplit
GLOM	RPGN_vs_PAT_adj	META	MAC	49	0.4167391497254994	11.049596493600726	scRNA_endosplit
GLOM	RPGN_vs_PAT_adj	META	DC	19	0.19731244425429298	3.4388647658127103	scRNA_endosplit
GLOM	RPGN_vs_PAT_adj	META	ENDO_GC	48	-0.4480572650639831	-10.84672323080571	scRNA_endosplit
GLOM	RPGN_vs_PAT_adj	META	ENDO_ART	47	-0.1012264765976517	-2.084592867542475	scRNA_endosplit
GLOM	SHARED	ERCB_GLOM_H1	PT	30	-0.7808256139357884	-6.163669809674601	scRNA_endosplit
GLOM	SHARED	ERCB_GLOM_H1	PT_injured	17	-0.5731749929049436	-3.4942618565541816	scRNA_endosplit
GLOM	SHARED	ERCB_GLOM_H1	LOH	22	-0.44072928618301044	-2.8621431157845647	scRNA_endosplit
GLOM	SHARED	ERCB_GLOM_H1	DCT	22	-0.5628136477687142	-3.753303231046274	scRNA_endosplit
GLOM	SHARED	ERCB_GLOM_H1	CNT_PC	25	-0.3460318782925606	-2.2949516106579977	scRNA_endosplit
GLOM	SHARED	ERCB_GLOM_H1	IC	17	-0.4003451701034518	-2.2846394306164184	scRNA_endosplit
GLOM	SHARED	ERCB_GLOM_H1	PODO	19	-0.4240474081353137	-2.4801577691376773	scRNA_endosplit
GLOM	SHARED	ERCB_GLOM_H1	PEC	28	-0.05810527224093672	-0.004474381053312173	scRNA_endosplit
GLOM	SHARED	ERCB_GLOM_H1	ENDO_PT	34	0.29961385977238775	3.3850968502206222	scRNA_endosplit
GLOM	SHARED	ERCB_GLOM_H1	MES	18	0.676387521541781	4.9904692244239826	scRNA_endosplit
GLOM	SHARED	ERCB_GLOM_H1	STROMA	35	-0.17850217819213868	-1.1737493943669752	scRNA_endosplit
GLOM	SHARED	ERCB_GLOM_H1	PERI	32	-0.17580367531627417	-1.076220410833108	scRNA_endosplit
GLOM	SHARED	ERCB_GLOM_H1	BCELL	29	-0.04679436210928292	0.12073233394877521	scRNA_endosplit
GLOM	SHARED	ERCB_GLOM_H1	TCELL	35	-0.11964450316237552	-0.5427569988817033	scRNA_endosplit
GLOM	SHARED	ERCB_GLOM_H1	NK	31	0.3048508279626408	3.200648232737821	scRNA_endosplit
GLOM	SHARED	ERCB_GLOM_H1	MAC	33	0.4893809502775019	4.728127620404977	scRNA_endosplit
GLOM	SHARED	ERCB_GLOM_H1	DC	12	0.00557902206977208	0.31559652338695154	scRNA_endosplit
GLOM	SHARED	ERCB_GLOM_H1	ENDO_GC	25	0.431799266859889	3.9605071455892413	scRNA_endosplit
GLOM	SHARED	ERCB_GLOM_H1	ENDO_ART	26	0.43683577289518255	3.9222239519307895	scRNA_endosplit
GLOM	SHARED	ERCB_GLOM_H7	PT	30	-1.1974610041206082	-8.516535865018824	scRNA_endosplit
GLOM	SHARED	ERCB_GLOM_H7	PT_injured	17	-0.7306127846240997	-3.6679576799302946	scRNA_endosplit
GLOM	SHARED	ERCB_GLOM_H7	LOH	22	-0.5725825782971118	-3.3298298921570204	scRNA_endosplit
GLOM	SHARED	ERCB_GLOM_H7	DCT	22	-0.8528179275718603	-5.086185338330286	scRNA_endosplit
GLOM	SHARED	ERCB_GLOM_H7	CNT_PC	25	-0.469116842597723	-2.9956743888344004	scRNA_endosplit
GLOM	SHARED	ERCB_GLOM_H7	IC	17	-0.48356206846587796	-2.5277871536212073	scRNA_endosplit
GLOM	SHARED	ERCB_GLOM_H7	PODO	19	-0.5941730604359978	-3.2980985715958577	scRNA_endosplit
GLOM	SHARED	ERCB_GLOM_H7	PEC	28	-0.0730793825683317	-0.38254280364187104	scRNA_endosplit
GLOM	SHARED	ERCB_GLOM_H7	ENDO_PT	34	0.10031729257282089	0.8542874805256849	scRNA_endosplit
GLOM	SHARED	ERCB_GLOM_H7	MES	18	0.5215494496644371	2.995291472750547	scRNA_endosplit
GLOM	SHARED	ERCB_GLOM_H7	STROMA	35	0.1009573488363198	0.9093271646420797	scRNA_endosplit
GLOM	SHARED	ERCB_GLOM_H7	PERI	32	-0.17203088104724884	-1.155848415214992	scRNA_endosplit
GLOM	SHARED	ERCB_GLOM_H7	BCELL	29	0.0635729669518006	0.5555247817029083	scRNA_endosplit
GLOM	SHARED	ERCB_GLOM_H7	TCELL	35	0.3196509197753455	2.6535405653556907	scRNA_endosplit
GLOM	SHARED	ERCB_GLOM_H7	NK	31	0.8099354640730927	5.810642798848498	scRNA_endosplit
GLOM	SHARED	ERCB_GLOM_H7	MAC	33	0.8506968662594304	6.447597721193039	scRNA_endosplit
GLOM	SHARED	ERCB_GLOM_H7	DC	12	0.34004337530738366	1.5372618155103226	scRNA_endosplit
GLOM	SHARED	ERCB_GLOM_H7	ENDO_GC	25	-0.19124585159122945	-1.1243089431936877	scRNA_endosplit
GLOM	SHARED	ERCB_GLOM_H7	ENDO_ART	26	0.117810758905342	0.9044347822641731	scRNA_endosplit
GLOM	SHARED	GSE108109-GPL19983	PT	48	-1.2723984345793724	-11.150295296091176	scRNA_endosplit
GLOM	SHARED	GSE108109-GPL19983	PT_injured	48	-0.7691489793505752	-6.7332012136032855	scRNA_endosplit
GLOM	SHARED	GSE108109-GPL19983	LOH	46	-0.42921929624255584	-3.858801071389876	scRNA_endosplit
GLOM	SHARED	GSE108109-GPL19983	DCT	46	-0.4880834027476933	-4.333999660169062	scRNA_endosplit
GLOM	SHARED	GSE108109-GPL19983	CNT_PC	47	-0.3380361791586186	-3.389773001933914	scRNA_endosplit
GLOM	SHARED	GSE108109-GPL19983	IC	48	-0.5816536895387495	-5.225053002291138	scRNA_endosplit
GLOM	SHARED	GSE108109-GPL19983	PODO	48	-0.036666236468590796	-0.9264514618733355	scRNA_endosplit
GLOM	SHARED	GSE108109-GPL19983	PEC	48	-0.20630491548217833	-2.2528912911134005	scRNA_endosplit
GLOM	SHARED	GSE108109-GPL19983	ENDO_PT	49	0.6817603714345973	5.093483523651903	scRNA_endosplit
GLOM	SHARED	GSE108109-GPL19983	MES	22	-0.004166107963431955	-0.3825954251367116	scRNA_endosplit
GLOM	SHARED	GSE108109-GPL19983	STROMA	49	0.15378045165265092	0.6340607908570334	scRNA_endosplit
GLOM	SHARED	GSE108109-GPL19983	PERI	48	0.13886997835167372	0.508490727206081	scRNA_endosplit
GLOM	SHARED	GSE108109-GPL19983	BCELL	44	0.0329059283103561	-0.3400273761921517	scRNA_endosplit
GLOM	SHARED	GSE108109-GPL19983	TCELL	47	0.3233310932174642	1.9713257461126912	scRNA_endosplit
GLOM	SHARED	GSE108109-GPL19983	NK	48	0.40270893842292327	2.7279012079259792	scRNA_endosplit
GLOM	SHARED	GSE108109-GPL19983	MAC	49	0.5590230245903438	3.9826342149993184	scRNA_endosplit
GLOM	SHARED	GSE108109-GPL19983	DC	19	0.3804659191519022	1.5843218800709662	scRNA_endosplit
GLOM	SHARED	GSE108109-GPL19983	ENDO_GC	48	0.4703340616930897	3.2521091124539843	scRNA_endosplit
GLOM	SHARED	GSE108109-GPL19983	ENDO_ART	47	0.32626561824470124	1.971149816949066	scRNA_endosplit
GLOM	SHARED	GSE93798-GPL22945	PT	47	-1.6425470411777496	-12.016428268885553	scRNA_endosplit
GLOM	SHARED	GSE93798-GPL22945	PT_injured	40	-1.027147469029296	-7.050948551073343	scRNA_endosplit
GLOM	SHARED	GSE93798-GPL22945	LOH	40	-0.08251330377534032	-0.8175567301644315	scRNA_endosplit
GLOM	SHARED	GSE93798-GPL22945	DCT	43	-0.2903091911941247	-2.3012976876931686	scRNA_endosplit
GLOM	SHARED	GSE93798-GPL22945	CNT_PC	44	-0.26684519911015575	-2.1160345503898226	scRNA_endosplit
GLOM	SHARED	GSE93798-GPL22945	IC	44	-0.4272169961001385	-3.269094077325835	scRNA_endosplit
GLOM	SHARED	GSE93798-GPL22945	PODO	40	-0.5247208689339459	-3.6670515400620403	scRNA_endosplit
GLOM	SHARED	GSE93798-GPL22945	PEC	46	-0.2873820170922124	-2.3580085741688452	scRNA_endosplit
GLOM	SHARED	GSE93798-GPL22945	ENDO_PT	48	0.2734901982281978	1.6827636254723448	scRNA_endosplit
GLOM	SHARED	GSE93798-GPL22945	MES	21	0.9568727559276989	4.428523815441091	scRNA_endosplit
GLOM	SHARED	GSE93798-GPL22945	STROMA	49	0.8196339037421406	5.5803011954765696	scRNA_endosplit
GLOM	SHARED	GSE93798-GPL22945	PERI	45	0.5527597989473078	3.594280438169166	scRNA_endosplit
GLOM	SHARED	GSE93798-GPL22945	BCELL	37	0.466193685257757	2.7684177973530364	scRNA_endosplit
GLOM	SHARED	GSE93798-GPL22945	TCELL	41	0.5463280647357063	3.4029148663122117	scRNA_endosplit
GLOM	SHARED	GSE93798-GPL22945	NK	43	0.589404943030934	3.866202806914282	scRNA_endosplit
GLOM	SHARED	GSE93798-GPL22945	MAC	45	0.6255663479367892	4.213839774504212	scRNA_endosplit
GLOM	SHARED	GSE93798-GPL22945	DC	19	0.5915207905988944	2.475415021101822	scRNA_endosplit
GLOM	SHARED	GSE93798-GPL22945	ENDO_GC	47	0.38889086560564157	2.553963916869239	scRNA_endosplit
GLOM	SHARED	GSE93798-GPL22945	ENDO_ART	44	0.8871755398047919	6.020467914825554	scRNA_endosplit
GLOM	SHARED	META	PT	50	-1.2855005407426505	-13.774997819801687	scRNA_endosplit
GLOM	SHARED	META	PT_injured	48	-0.80616009617289	-8.539219982229387	scRNA_endosplit
GLOM	SHARED	META	LOH	46	-0.3269139924200515	-3.425953074160253	scRNA_endosplit
GLOM	SHARED	META	DCT	46	-0.45291198943437927	-4.844034396066173	scRNA_endosplit
GLOM	SHARED	META	CNT_PC	48	-0.3417062402550073	-3.7124479033716495	scRNA_endosplit
GLOM	SHARED	META	IC	48	-0.5399700498189001	-5.7373424733403535	scRNA_endosplit
GLOM	SHARED	META	PODO	48	-0.43079927503519383	-4.489374588252034	scRNA_endosplit
GLOM	SHARED	META	PEC	48	-0.2269997193313126	-2.44377902818823	scRNA_endosplit
GLOM	SHARED	META	ENDO_PT	50	0.3971494902520499	4.222643963245422	scRNA_endosplit
GLOM	SHARED	META	MES	22	0.529333746663972	3.897220787266131	scRNA_endosplit
GLOM	SHARED	META	STROMA	50	0.31632197519919525	3.5300653480726587	scRNA_endosplit
GLOM	SHARED	META	PERI	48	0.1510539096004019	1.6480503544043212	scRNA_endosplit
GLOM	SHARED	META	BCELL	45	0.11580723179676741	1.2505243076967516	scRNA_endosplit
GLOM	SHARED	META	TCELL	49	0.2690334940245248	2.7576291623590823	scRNA_endosplit
GLOM	SHARED	META	NK	49	0.467288679842438	4.801554036510247	scRNA_endosplit
GLOM	SHARED	META	MAC	49	0.6385790680877256	6.944904859260935	scRNA_endosplit
GLOM	SHARED	META	DC	19	0.38480777703348157	2.492812693674868	scRNA_endosplit
GLOM	SHARED	META	ENDO_GC	48	0.3059654393218807	3.1899324584767257	scRNA_endosplit
GLOM	SHARED	META	ENDO_ART	47	0.4318208129274005	4.776009242079768	scRNA_endosplit
TUB	DKD_vs_CTRL	ERCB_TUB_H1	PT	28	-0.6626073500208024	-3.0737782917692438	scRNA_endosplit
TUB	DKD_vs_CTRL	ERCB_TUB_H1	PT_injured	16	-0.2685643772711046	-0.9852731574730815	scRNA_endosplit
TUB	DKD_vs_CTRL	ERCB_TUB_H1	LOH	22	-0.03210620107975874	-0.22605381794623913	scRNA_endosplit
TUB	DKD_vs_CTRL	ERCB_TUB_H1	DCT	22	-0.7461147829890251	-3.0420363225290195	scRNA_endosplit
TUB	DKD_vs_CTRL	ERCB_TUB_H1	CNT_PC	25	0.04282711625099182	0.05464841152785377	scRNA_endosplit
TUB	DKD_vs_CTRL	ERCB_TUB_H1	IC	17	-0.10562668740749359	-0.4798385708635554	scRNA_endosplit
TUB	DKD_vs_CTRL	ERCB_TUB_H1	PODO	19	-0.8676100603280295	-3.3266612259024817	scRNA_endosplit
TUB	DKD_vs_CTRL	ERCB_TUB_H1	PEC	28	0.12644924383078301	0.46052366489979496	scRNA_endosplit
TUB	DKD_vs_CTRL	ERCB_TUB_H1	ENDO_PT	33	-0.197281152009964	-1.030114248518173	scRNA_endosplit
TUB	DKD_vs_CTRL	ERCB_TUB_H1	MES	18	0.1879447088059452	0.555767318072359	scRNA_endosplit
TUB	DKD_vs_CTRL	ERCB_TUB_H1	STROMA	35	0.17019188616956984	0.6946925301904835	scRNA_endosplit
TUB	DKD_vs_CTRL	ERCB_TUB_H1	PERI	32	-0.7049908135668375	-3.474567493613097	scRNA_endosplit
TUB	DKD_vs_CTRL	ERCB_TUB_H1	BCELL	28	-0.4403849941279207	-2.098185505351107	scRNA_endosplit
TUB	DKD_vs_CTRL	ERCB_TUB_H1	TCELL	35	-0.14176053873130254	-0.8042125797259646	scRNA_endosplit
TUB	DKD_vs_CTRL	ERCB_TUB_H1	NK	30	-0.2981583603056303	-1.5085405210506204	scRNA_endosplit
TUB	DKD_vs_CTRL	ERCB_TUB_H1	MAC	32	-0.05086794740054754	-0.4061664149243483	scRNA_endosplit
TUB	DKD_vs_CTRL	ERCB_TUB_H1	DC	12	-0.2918050341928999	-0.9912536035479269	scRNA_endosplit
TUB	DKD_vs_CTRL	ERCB_TUB_H1	ENDO_GC	25	-0.2781377378478646	-1.2330130873676088	scRNA_endosplit
TUB	DKD_vs_CTRL	ERCB_TUB_H1	ENDO_ART	25	0.15890552721917628	0.56557043122868	scRNA_endosplit
TUB	DKD_vs_CTRL	ERCB_TUB_H7	PT	29	-1.2859786980111023	-6.135993641883765	scRNA_endosplit
TUB	DKD_vs_CTRL	ERCB_TUB_H7	PT_injured	17	-0.6432402241317665	-2.2403114783138447	scRNA_endosplit
TUB	DKD_vs_CTRL	ERCB_TUB_H7	LOH	24	-0.052682298701256514	0.015545606357149156	scRNA_endosplit
TUB	DKD_vs_CTRL	ERCB_TUB_H7	DCT	23	-1.3648546208506045	-5.777794185629219	scRNA_endosplit
TUB	DKD_vs_CTRL	ERCB_TUB_H7	CNT_PC	29	-0.03799539435141046	0.04062710034892201	scRNA_endosplit
TUB	DKD_vs_CTRL	ERCB_TUB_H7	IC	18	-0.8958379328250885	-3.1867156844257036	scRNA_endosplit
TUB	DKD_vs_CTRL	ERCB_TUB_H7	PODO	21	-2.2049745605105446	-9.384105873288545	scRNA_endosplit
TUB	DKD_vs_CTRL	ERCB_TUB_H7	PEC	29	-0.4187440986520258	-1.8617659140677199	scRNA_endosplit
TUB	DKD_vs_CTRL	ERCB_TUB_H7	ENDO_PT	35	0.29345600796597343	1.9216154730367727	scRNA_endosplit
TUB	DKD_vs_CTRL	ERCB_TUB_H7	MES	19	0.00367856349207853	0.23262967562584255	scRNA_endosplit
TUB	DKD_vs_CTRL	ERCB_TUB_H7	STROMA	35	0.40363747503475417	2.5061051004266512	scRNA_endosplit
TUB	DKD_vs_CTRL	ERCB_TUB_H7	PERI	33	-0.3017877298548366	-1.3503083356057144	scRNA_endosplit
TUB	DKD_vs_CTRL	ERCB_TUB_H7	BCELL	28	0.6345790443675858	3.3743021553713484	scRNA_endosplit
TUB	DKD_vs_CTRL	ERCB_TUB_H7	TCELL	35	0.7767219055976187	4.523938078042023	scRNA_endosplit
TUB	DKD_vs_CTRL	ERCB_TUB_H7	NK	31	0.7784998197889617	4.3138801682509	scRNA_endosplit
TUB	DKD_vs_CTRL	ERCB_TUB_H7	MAC	32	0.7048409442650154	3.95563858358182	scRNA_endosplit
TUB	DKD_vs_CTRL	ERCB_TUB_H7	DC	13	0.8163033265154809	2.941855272880752	scRNA_endosplit
TUB	DKD_vs_CTRL	ERCB_TUB_H7	ENDO_GC	26	-0.37183130245942336	-1.5581924868197208	scRNA_endosplit
TUB	DKD_vs_CTRL	ERCB_TUB_H7	ENDO_ART	26	0.3383767642707636	1.9498762996448142	scRNA_endosplit
TUB	DKD_vs_CTRL	GSE142025-RNAseq	PT	50	-0.9025519071891904	-6.545739500738152	scRNA_endosplit
TUB	DKD_vs_CTRL	GSE142025-RNAseq	PT_injured	50	-0.7423625296354294	-5.171288192352526	scRNA_endosplit
TUB	DKD_vs_CTRL	GSE142025-RNAseq	LOH	50	-0.38000106062740086	-2.5444513901826715	scRNA_endosplit
TUB	DKD_vs_CTRL	GSE142025-RNAseq	DCT	50	-1.0610051634907722	-7.5517456088288055	scRNA_endosplit
TUB	DKD_vs_CTRL	GSE142025-RNAseq	CNT_PC	50	-0.35001972522586583	-2.2851684810810404	scRNA_endosplit
TUB	DKD_vs_CTRL	GSE142025-RNAseq	IC	50	-1.0833841491490603	-7.618616877861188	scRNA_endosplit
TUB	DKD_vs_CTRL	GSE142025-RNAseq	PODO	50	-1.1994436249136924	-8.464694178932323	scRNA_endosplit
TUB	DKD_vs_CTRL	GSE142025-RNAseq	PEC	50	0.10241390243172646	1.0916446998294727	scRNA_endosplit
TUB	DKD_vs_CTRL	GSE142025-RNAseq	ENDO_PT	50	-0.14099260877817868	-0.7902778236823246	scRNA_endosplit
TUB	DKD_vs_CTRL	GSE142025-RNAseq	MES	24	0.25558825753008324	1.513296636910311	scRNA_endosplit
TUB	DKD_vs_CTRL	GSE142025-RNAseq	STROMA	50	1.2124021530151368	9.397024284644052	scRNA_endosplit
TUB	DKD_vs_CTRL	GSE142025-RNAseq	PERI	50	-0.26424225777387617	-1.5875803791027856	scRNA_endosplit
TUB	DKD_vs_CTRL	GSE142025-RNAseq	BCELL	50	0.9787742939591407	7.355307752292181	scRNA_endosplit
TUB	DKD_vs_CTRL	GSE142025-RNAseq	TCELL	50	1.0307300679385663	8.216724248329543	scRNA_endosplit
TUB	DKD_vs_CTRL	GSE142025-RNAseq	NK	50	0.9216211685724557	6.92516598908577	scRNA_endosplit
TUB	DKD_vs_CTRL	GSE142025-RNAseq	MAC	50	0.7870651590824127	6.227794918441398	scRNA_endosplit
TUB	DKD_vs_CTRL	GSE142025-RNAseq	DC	19	1.0643056301694167	4.740539284844648	scRNA_endosplit
TUB	DKD_vs_CTRL	GSE142025-RNAseq	ENDO_GC	50	-0.526076200157404	-3.4778456427954425	scRNA_endosplit
TUB	DKD_vs_CTRL	GSE142025-RNAseq	ENDO_ART	50	-0.03954602440819144	-0.06921845960357231	scRNA_endosplit
TUB	DKD_vs_CTRL	META	PT	50	-0.9587397223400572	-7.332322851076562	scRNA_endosplit
TUB	DKD_vs_CTRL	META	PT_injured	50	-0.6516383807423213	-4.765009026627404	scRNA_endosplit
TUB	DKD_vs_CTRL	META	LOH	50	-0.3112052714079619	-2.007912566510553	scRNA_endosplit
TUB	DKD_vs_CTRL	META	DCT	50	-1.0638544378678005	-7.909301530037583	scRNA_endosplit
TUB	DKD_vs_CTRL	META	CNT_PC	50	-0.24233462246134882	-1.436692480439439	scRNA_endosplit
TUB	DKD_vs_CTRL	META	IC	50	-0.9911772870769104	-7.667759797190168	scRNA_endosplit
TUB	DKD_vs_CTRL	META	PODO	50	-1.3048830106186993	-10.417229803632432	scRNA_endosplit
TUB	DKD_vs_CTRL	META	PEC	50	-0.002622820114096012	0.4758455455395656	scRNA_endosplit
TUB	DKD_vs_CTRL	META	ENDO_PT	50	-0.08915929539750019	-0.14207700954455935	scRNA_endosplit
TUB	DKD_vs_CTRL	META	MES	24	0.22548828483559194	1.6188937925269136	scRNA_endosplit
TUB	DKD_vs_CTRL	META	STROMA	50	0.7595096112896378	6.791850793906902	scRNA_endosplit
TUB	DKD_vs_CTRL	META	PERI	50	-0.30379418982813755	-1.844470762254688	scRNA_endosplit
TUB	DKD_vs_CTRL	META	BCELL	50	0.6533915414412818	6.009514772462869	scRNA_endosplit
TUB	DKD_vs_CTRL	META	TCELL	50	0.6515389253695806	5.666712430228818	scRNA_endosplit
TUB	DKD_vs_CTRL	META	NK	50	0.6515741898550188	5.683031593556044	scRNA_endosplit
TUB	DKD_vs_CTRL	META	MAC	50	0.6125710361202558	5.555715020684783	scRNA_endosplit
TUB	DKD_vs_CTRL	META	DC	19	0.6811327055186491	3.8143083915381335	scRNA_endosplit
TUB	DKD_vs_CTRL	META	ENDO_GC	50	-0.42619798998658864	-3.0605202517633585	scRNA_endosplit
TUB	DKD_vs_CTRL	META	ENDO_ART	50	-0.014641453710695109	0.41331008563847504	scRNA_endosplit
TUB	DKD_vs_PAT	ERCB_TUB_H1	PT	28	-0.4265088352840394	-5.373535447257662	scRNA_endosplit
TUB	DKD_vs_PAT	ERCB_TUB_H1	PT_injured	16	-0.16986884828656912	-1.4682850735562172	scRNA_endosplit
TUB	DKD_vs_PAT	ERCB_TUB_H1	LOH	22	0.0708608061752536	1.5494478863349068	scRNA_endosplit
TUB	DKD_vs_PAT	ERCB_TUB_H1	DCT	22	-0.23587297089397907	-2.4477978881389193	scRNA_endosplit
TUB	DKD_vs_PAT	ERCB_TUB_H1	CNT_PC	25	0.13109318062663078	2.437583420783475	scRNA_endosplit
TUB	DKD_vs_PAT	ERCB_TUB_H1	IC	17	-0.01459744320634534	0.2781234388103688	scRNA_endosplit
TUB	DKD_vs_PAT	ERCB_TUB_H1	PODO	19	-0.32049897038622904	-3.276722166838444	scRNA_endosplit
TUB	DKD_vs_PAT	ERCB_TUB_H1	PEC	28	-0.008128289532448554	0.556738802125831	scRNA_endosplit
TUB	DKD_vs_PAT	ERCB_TUB_H1	ENDO_PT	33	0.13888676111783946	2.940395409913437	scRNA_endosplit
TUB	DKD_vs_PAT	ERCB_TUB_H1	MES	18	0.07853465237551266	1.378734851824985	scRNA_endosplit
TUB	DKD_vs_PAT	ERCB_TUB_H1	STROMA	35	0.12848439841930356	2.758818289059922	scRNA_endosplit
TUB	DKD_vs_PAT	ERCB_TUB_H1	PERI	32	-0.06143016034184255	-0.24562466093741983	scRNA_endosplit
TUB	DKD_vs_PAT	ERCB_TUB_H1	BCELL	28	0.06641618694577898	1.720015214372284	scRNA_endosplit
TUB	DKD_vs_PAT	ERCB_TUB_H1	TCELL	35	0.0935244982796056	2.2501813463394735	scRNA_endosplit
TUB	DKD_vs_PAT	ERCB_TUB_H1	NK	30	0.057188642024993894	1.5481124711815457	scRNA_endosplit
TUB	DKD_vs_PAT	ERCB_TUB_H1	MAC	32	0.12871350959176198	2.663219628703757	scRNA_endosplit
TUB	DKD_vs_PAT	ERCB_TUB_H1	DC	12	0.07167920842766762	1.1016188242376475	scRNA_endosplit
TUB	DKD_vs_PAT	ERCB_TUB_H1	ENDO_GC	25	-0.1104709991440177	-0.9394844257731796	scRNA_endosplit
TUB	DKD_vs_PAT	ERCB_TUB_H1	ENDO_ART	25	0.20920835182070732	3.6027802204336443	scRNA_endosplit
TUB	DKD_vs_PAT	ERCB_TUB_H7	PT	29	-0.11283385741588628	-1.1440888870082122	scRNA_endosplit
TUB	DKD_vs_PAT	ERCB_TUB_H7	PT_injured	17	-0.12717065850601478	-0.9709768379855005	scRNA_endosplit
TUB	DKD_vs_PAT	ERCB_TUB_H7	LOH	24	0.23693133124227947	2.252575422619569	scRNA_endosplit
TUB	DKD_vs_PAT	ERCB_TUB_H7	DCT	23	-0.42010461312273273	-3.7601717907464405	scRNA_endosplit
TUB	DKD_vs_PAT	ERCB_TUB_H7	CNT_PC	29	0.3291047138386759	3.4640516898227003	scRNA_endosplit
TUB	DKD_vs_PAT	ERCB_TUB_H7	IC	18	-0.52407741775581	-4.230794623682051	scRNA_endosplit
TUB	DKD_vs_PAT	ERCB_TUB_H7	PODO	21	-0.858669947655428	-7.4221953629145165	scRNA_endosplit
TUB	DKD_vs_PAT	ERCB_TUB_H7	PEC	29	-0.13526776786251316	-1.3529706359562965	scRNA_endosplit
TUB	DKD_vs_PAT	ERCB_TUB_H7	ENDO_PT	35	0.3412537544965744	4.044841867532447	scRNA_endosplit
TUB	DKD_vs_PAT	ERCB_TUB_H7	MES	19	0.07031071264492839	0.6878283364154311	scRNA_endosplit
TUB	DKD_vs_PAT	ERCB_TUB_H7	STROMA	35	0.38426276285733496	4.503134699931245	scRNA_endosplit
TUB	DKD_vs_PAT	ERCB_TUB_H7	PERI	33	0.20701989841957888	2.330463658062573	scRNA_endosplit
TUB	DKD_vs_PAT	ERCB_TUB_H7	BCELL	28	0.30812496186367105	3.1076152588710664	scRNA_endosplit
TUB	DKD_vs_PAT	ERCB_TUB_H7	TCELL	35	0.2610575461410917	3.0516045106434	scRNA_endosplit
TUB	DKD_vs_PAT	ERCB_TUB_H7	NK	31	0.3691395624510704	4.0662460553543625	scRNA_endosplit
TUB	DKD_vs_PAT	ERCB_TUB_H7	MAC	32	-0.04707748122746124	-0.40461033285750875	scRNA_endosplit
TUB	DKD_vs_PAT	ERCB_TUB_H7	DC	13	0.38202955398278743	2.6531500139192974	scRNA_endosplit
TUB	DKD_vs_PAT	ERCB_TUB_H7	ENDO_GC	26	0.09374102871291913	0.9306205832836466	scRNA_endosplit
TUB	DKD_vs_PAT	ERCB_TUB_H7	ENDO_ART	26	0.28671237367850083	2.8581705270324336	scRNA_endosplit
TUB	DKD_vs_PAT	META	PT	29	-0.26207553375721104	-3.5264218227811037	scRNA_endosplit
TUB	DKD_vs_PAT	META	PT_injured	17	-0.13583556442138026	-1.1722812415636699	scRNA_endosplit
TUB	DKD_vs_PAT	META	LOH	24	0.16998743519070558	2.7791749761764106	scRNA_endosplit
TUB	DKD_vs_PAT	META	DCT	23	-0.32230500925494276	-3.9909206268832835	scRNA_endosplit
TUB	DKD_vs_PAT	META	CNT_PC	29	0.240135728991751	3.8140119319439627	scRNA_endosplit
TUB	DKD_vs_PAT	META	IC	18	-0.2920386749384407	-3.144623845268677	scRNA_endosplit
TUB	DKD_vs_PAT	META	PODO	21	-0.6248743640525001	-7.600945090515884	scRNA_endosplit
TUB	DKD_vs_PAT	META	PEC	29	-0.07491026886192889	-0.6613496021438359	scRNA_endosplit
TUB	DKD_vs_PAT	META	ENDO_PT	35	0.24649036700970361	4.248819142650306	scRNA_endosplit
TUB	DKD_vs_PAT	META	MES	19	0.06990398388159902	1.2283019139646365	scRNA_endosplit
TUB	DKD_vs_PAT	META	STROMA	35	0.2563735806383193	4.793274163361309	scRNA_endosplit
TUB	DKD_vs_PAT	META	PERI	33	0.06918711871063957	1.5648322271806019	scRNA_endosplit
TUB	DKD_vs_PAT	META	BCELL	28	0.187270574404725	3.1545653126775535	scRNA_endosplit
TUB	DKD_vs_PAT	META	TCELL	35	0.17729102221034868	3.316723853997963	scRNA_endosplit
TUB	DKD_vs_PAT	META	NK	31	0.21904710884536466	3.876503281712169	scRNA_endosplit
TUB	DKD_vs_PAT	META	MAC	32	0.040818014182150364	1.0135886186329643	scRNA_endosplit
TUB	DKD_vs_PAT	META	DC	13	0.22953209049928075	2.550334211896058	scRNA_endosplit
TUB	DKD_vs_PAT	META	ENDO_GC	26	-0.015148278845187565	0.1895766072072851	scRNA_endosplit
TUB	DKD_vs_PAT	META	ENDO_ART	26	0.260733975455738	4.205397064511164	scRNA_endosplit
TUB	DKD_vs_PAT_adj	ERCB_TUB_H1	PT	28	-0.13937181138083848	-2.070372559237847	scRNA_endosplit
TUB	DKD_vs_PAT_adj	ERCB_TUB_H1	PT_injured	16	-0.007920715106443977	0.17616591367430204	scRNA_endosplit
TUB	DKD_vs_PAT_adj	ERCB_TUB_H1	LOH	22	0.1324711377334552	2.521691255296885	scRNA_endosplit
TUB	DKD_vs_PAT_adj	ERCB_TUB_H1	DCT	22	-0.07533524499245167	-0.8759981712316456	scRNA_endosplit
TUB	DKD_vs_PAT_adj	ERCB_TUB_H1	CNT_PC	25	0.19106981846666626	3.7012261065289542	scRNA_endosplit
TUB	DKD_vs_PAT_adj	ERCB_TUB_H1	IC	17	0.07464012673846662	1.3612168290824134	scRNA_endosplit
TUB	DKD_vs_PAT_adj	ERCB_TUB_H1	PODO	19	-0.177079904942578	-2.374119621753082	scRNA_endosplit
TUB	DKD_vs_PAT_adj	ERCB_TUB_H1	PEC	28	0.016650261001535695	0.6863631170849481	scRNA_endosplit
TUB	DKD_vs_PAT_adj	ERCB_TUB_H1	ENDO_PT	33	0.18233538852670783	4.412850692951545	scRNA_endosplit
TUB	DKD_vs_PAT_adj	ERCB_TUB_H1	MES	18	0.07053767477637668	1.3612241530006375	scRNA_endosplit
TUB	DKD_vs_PAT_adj	ERCB_TUB_H1	STROMA	35	0.097554480116098	2.383146034997659	scRNA_endosplit
TUB	DKD_vs_PAT_adj	ERCB_TUB_H1	PERI	32	0.060858369273348784	1.6195170078067471	scRNA_endosplit
TUB	DKD_vs_PAT_adj	ERCB_TUB_H1	BCELL	28	0.0035298557354259096	0.4147658436587674	scRNA_endosplit
TUB	DKD_vs_PAT_adj	ERCB_TUB_H1	TCELL	35	-0.04171148074045993	-0.4612039384446587	scRNA_endosplit
TUB	DKD_vs_PAT_adj	ERCB_TUB_H1	NK	30	-0.0297134024536355	-0.20377096975382367	scRNA_endosplit
TUB	DKD_vs_PAT_adj	ERCB_TUB_H1	MAC	32	0.006913422109757851	0.5296339175158875	scRNA_endosplit
TUB	DKD_vs_PAT_adj	ERCB_TUB_H1	DC	12	0.009408039906326252	0.35180782504545766	scRNA_endosplit
TUB	DKD_vs_PAT_adj	ERCB_TUB_H1	ENDO_GC	25	-0.0021861216067435925	0.30745043594547555	scRNA_endosplit
TUB	DKD_vs_PAT_adj	ERCB_TUB_H1	ENDO_ART	25	0.214475553656484	4.136745834046384	scRNA_endosplit
TUB	DKD_vs_PAT_adj	ERCB_TUB_H7	PT	29	0.20769131694421478	1.7030568326265285	scRNA_endosplit
TUB	DKD_vs_PAT_adj	ERCB_TUB_H7	PT_injured	17	0.059563855361437205	0.23585485942254328	scRNA_endosplit
TUB	DKD_vs_PAT_adj	ERCB_TUB_H7	LOH	24	0.34927690071090023	2.7693267921330436	scRNA_endosplit
TUB	DKD_vs_PAT_adj	ERCB_TUB_H7	DCT	23	-0.2764697898464895	-2.5297012094970532	scRNA_endosplit
TUB	DKD_vs_PAT_adj	ERCB_TUB_H7	CNT_PC	29	0.4252808618343942	3.854411412032513	scRNA_endosplit
TUB	DKD_vs_PAT_adj	ERCB_TUB_H7	IC	18	-0.4812332352524112	-3.767292402136949	scRNA_endosplit
TUB	DKD_vs_PAT_adj	ERCB_TUB_H7	PODO	21	-0.7738977159150124	-6.413013382295018	scRNA_endosplit
TUB	DKD_vs_PAT_adj	ERCB_TUB_H7	PEC	29	-0.13524160469709703	-1.5380773483972028	scRNA_endosplit
TUB	DKD_vs_PAT_adj	ERCB_TUB_H7	ENDO_PT	35	0.44538685213382195	4.5536077680587645	scRNA_endosplit
TUB	DKD_vs_PAT_adj	ERCB_TUB_H7	MES	19	0.05728098846000897	0.2228780207584013	scRNA_endosplit
TUB	DKD_vs_PAT_adj	ERCB_TUB_H7	STROMA	35	0.3322562246838343	3.199423758282073	scRNA_endosplit
TUB	DKD_vs_PAT_adj	ERCB_TUB_H7	PERI	33	0.39947006279921765	3.807469422462423	scRNA_endosplit
TUB	DKD_vs_PAT_adj	ERCB_TUB_H7	BCELL	28	0.23168315777092713	2.039394263907206	scRNA_endosplit
TUB	DKD_vs_PAT_adj	ERCB_TUB_H7	TCELL	35	0.09857763690152015	0.7974878832637413	scRNA_endosplit
TUB	DKD_vs_PAT_adj	ERCB_TUB_H7	NK	31	0.2829801825165137	2.579858194455544	scRNA_endosplit
TUB	DKD_vs_PAT_adj	ERCB_TUB_H7	MAC	32	-0.2649626225401594	-2.9806850515694503	scRNA_endosplit
TUB	DKD_vs_PAT_adj	ERCB_TUB_H7	DC	13	0.3176853172399977	1.7836460302167592	scRNA_endosplit
TUB	DKD_vs_PAT_adj	ERCB_TUB_H7	ENDO_GC	26	0.23415978944588575	1.9930459286049573	scRNA_endosplit
TUB	DKD_vs_PAT_adj	ERCB_TUB_H7	ENDO_ART	26	0.3574143852536272	3.1583791510438357	scRNA_endosplit
TUB	DKD_vs_PAT_adj	META	PT	29	0.04240299502575227	0.5768100206061527	scRNA_endosplit
TUB	DKD_vs_PAT_adj	META	PT_injured	17	0.04285649762427356	0.45067195294194495	scRNA_endosplit
TUB	DKD_vs_PAT_adj	META	LOH	24	0.26711039205597614	3.671053176489282	scRNA_endosplit
TUB	DKD_vs_PAT_adj	META	DCT	23	-0.1703394941127523	-2.2922411101401226	scRNA_endosplit
TUB	DKD_vs_PAT_adj	META	CNT_PC	29	0.3403407810794261	5.302269083073478	scRNA_endosplit
TUB	DKD_vs_PAT_adj	META	IC	18	-0.22483226660303102	-2.809515639844919	scRNA_endosplit
TUB	DKD_vs_PAT_adj	META	PODO	21	-0.5123283597195567	-6.803402341482513	scRNA_endosplit
TUB	DKD_vs_PAT_adj	META	PEC	29	-0.061184738949771104	-0.9865180571416245	scRNA_endosplit
TUB	DKD_vs_PAT_adj	META	ENDO_PT	35	0.3207183853042278	5.516708109460461	scRNA_endosplit
TUB	DKD_vs_PAT_adj	META	MES	19	0.06027153167778234	0.7231447687575188	scRNA_endosplit
TUB	DKD_vs_PAT_adj	META	STROMA	35	0.21490535239996617	3.5337971045331646	scRNA_endosplit
TUB	DKD_vs_PAT_adj	META	PERI	33	0.22881448008688723	3.8104177263674313	scRNA_endosplit
TUB	DKD_vs_PAT_adj	META	BCELL	28	0.11760650675317649	1.7036773345085388	scRNA_endosplit
TUB	DKD_vs_PAT_adj	META	TCELL	35	0.0284330780805301	0.43387843021747996	scRNA_endosplit
TUB	DKD_vs_PAT_adj	META	NK	31	0.1319665659903354	2.0277843785265564	scRNA_endosplit
TUB	DKD_vs_PAT_adj	META	MAC	32	-0.12902460021520074	-2.150020283101649	scRNA_endosplit
TUB	DKD_vs_PAT_adj	META	DC	13	0.15487162252258263	1.5859499354795377	scRNA_endosplit
TUB	DKD_vs_PAT_adj	META	ENDO_GC	26	0.10964026718361163	1.6163081021436134	scRNA_endosplit
TUB	DKD_vs_PAT_adj	META	ENDO_ART	26	0.30605705003031897	4.399077978390572	scRNA_endosplit
TUB	FSGS_vs_PAT	ERCB_TUB_H1	PT	28	-0.5377100610307285	-7.628088673083979	scRNA_endosplit
TUB	FSGS_vs_PAT	ERCB_TUB_H1	PT_injured	16	-0.26802094536833465	-2.8605876827192547	scRNA_endosplit
TUB	FSGS_vs_PAT	ERCB_TUB_H1	LOH	22	-0.14927501741542734	-1.927378351752651	scRNA_endosplit
TUB	FSGS_vs_PAT	ERCB_TUB_H1	DCT	22	-0.24755885214968162	-3.2769516577499127	scRNA_endosplit
TUB	FSGS_vs_PAT	ERCB_TUB_H1	CNT_PC	25	-0.22883230239152907	-3.165641107291816	scRNA_endosplit
TUB	FSGS_vs_PAT	ERCB_TUB_H1	IC	17	-0.04604939963011181	-0.586552693407839	scRNA_endosplit
TUB	FSGS_vs_PAT	ERCB_TUB_H1	PODO	19	-0.26474478919255107	-3.251499151644036	scRNA_endosplit
TUB	FSGS_vs_PAT	ERCB_TUB_H1	PEC	28	0.013588945797112366	0.26497344546788776	scRNA_endosplit
TUB	FSGS_vs_PAT	ERCB_TUB_H1	ENDO_PT	33	-0.060461612284239935	-0.9420927954683783	scRNA_endosplit
TUB	FSGS_vs_PAT	ERCB_TUB_H1	MES	18	0.0766984603057305	0.9559578760662506	scRNA_endosplit
TUB	FSGS_vs_PAT	ERCB_TUB_H1	STROMA	35	0.07068267922316279	1.174345976401103	scRNA_endosplit
TUB	FSGS_vs_PAT	ERCB_TUB_H1	PERI	32	-0.13539010848035105	-2.1218453948703275	scRNA_endosplit
TUB	FSGS_vs_PAT	ERCB_TUB_H1	BCELL	28	0.10227254974389714	1.5562192528872911	scRNA_endosplit
TUB	FSGS_vs_PAT	ERCB_TUB_H1	TCELL	35	0.19129937573203018	3.186067534503148	scRNA_endosplit
TUB	FSGS_vs_PAT	ERCB_TUB_H1	NK	30	0.17047147572350999	2.5955486432073793	scRNA_endosplit
TUB	FSGS_vs_PAT	ERCB_TUB_H1	MAC	32	-0.0517093597445637	-0.7527924910702743	scRNA_endosplit
TUB	FSGS_vs_PAT	ERCB_TUB_H1	DC	12	0.19925031919653216	1.888360498623454	scRNA_endosplit
TUB	FSGS_vs_PAT	ERCB_TUB_H1	ENDO_GC	25	-0.09572344116866588	-1.357193451947445	scRNA_endosplit
TUB	FSGS_vs_PAT	ERCB_TUB_H1	ENDO_ART	25	-0.006695270761847493	-0.10590934347884252	scRNA_endosplit
TUB	FSGS_vs_PAT	GSE108112-GPL19983	PT	48	-0.13322331488598135	-5.0012502082302195	scRNA_endosplit
TUB	FSGS_vs_PAT	GSE108112-GPL19983	PT_injured	48	-0.11750235410969856	-4.491819246131353	scRNA_endosplit
TUB	FSGS_vs_PAT	GSE108112-GPL19983	LOH	46	-0.03394362875564104	-0.9616388076340638	scRNA_endosplit
TUB	FSGS_vs_PAT	GSE108112-GPL19983	DCT	46	-0.04368087485857794	-1.3307593408162641	scRNA_endosplit
TUB	FSGS_vs_PAT	GSE108112-GPL19983	CNT_PC	47	-0.05017210820323212	-1.6276884765632038	scRNA_endosplit
TUB	FSGS_vs_PAT	GSE108112-GPL19983	IC	48	-0.06084885690749311	-2.090113429830443	scRNA_endosplit
TUB	FSGS_vs_PAT	GSE108112-GPL19983	PODO	48	-0.09831314646483706	-3.4777841107063225	scRNA_endosplit
TUB	FSGS_vs_PAT	GSE108112-GPL19983	PEC	48	0.02841674004412199	1.6125763439247853	scRNA_endosplit
TUB	FSGS_vs_PAT	GSE108112-GPL19983	ENDO_PT	49	0.05074684971905485	2.5337029961769715	scRNA_endosplit
TUB	FSGS_vs_PAT	GSE108112-GPL19983	MES	22	-0.0065498063764111636	0.1326174210414316	scRNA_endosplit
TUB	FSGS_vs_PAT	GSE108112-GPL19983	STROMA	49	0.1074992381416413	4.7729092540078755	scRNA_endosplit
TUB	FSGS_vs_PAT	GSE108112-GPL19983	PERI	48	0.02835392513467619	1.6406819312606926	scRNA_endosplit
TUB	FSGS_vs_PAT	GSE108112-GPL19983	BCELL	44	0.09170943975914268	4.046009509912058	scRNA_endosplit
TUB	FSGS_vs_PAT	GSE108112-GPL19983	TCELL	47	0.09954983631565058	4.607519695817085	scRNA_endosplit
TUB	FSGS_vs_PAT	GSE108112-GPL19983	NK	48	0.11398331866560811	5.25348153818345	scRNA_endosplit
TUB	FSGS_vs_PAT	GSE108112-GPL19983	MAC	49	0.06260806139159414	3.0303428738631015	scRNA_endosplit
TUB	FSGS_vs_PAT	GSE108112-GPL19983	DC	19	0.2028281457330051	5.564128392317495	scRNA_endosplit
TUB	FSGS_vs_PAT	GSE108112-GPL19983	ENDO_GC	48	0.04015308319746205	2.1408305396185834	scRNA_endosplit
TUB	FSGS_vs_PAT	GSE108112-GPL19983	ENDO_ART	47	0.0942661006132418	4.222815140395555	scRNA_endosplit
TUB	FSGS_vs_PAT	GSE133288-GPL19983	PT	48	-0.39041411542954546	-8.114170235374148	scRNA_endosplit
TUB	FSGS_vs_PAT	GSE133288-GPL19983	PT_injured	48	-0.1409520876671498	-2.912419473447449	scRNA_endosplit
TUB	FSGS_vs_PAT	GSE133288-GPL19983	LOH	46	-0.02877244767834148	-0.3806882699714907	scRNA_endosplit
TUB	FSGS_vs_PAT	GSE133288-GPL19983	DCT	46	-0.18406154385403448	-3.6695985393338786	scRNA_endosplit
TUB	FSGS_vs_PAT	GSE133288-GPL19983	CNT_PC	47	-0.06396362244924331	-1.1008794356720095	scRNA_endosplit
TUB	FSGS_vs_PAT	GSE133288-GPL19983	IC	48	-0.10197227731259773	-1.9248542989763375	scRNA_endosplit
TUB	FSGS_vs_PAT	GSE133288-GPL19983	PODO	48	-0.12831926918200529	-2.5527747658354043	scRNA_endosplit
TUB	FSGS_vs_PAT	GSE133288-GPL19983	PEC	48	0.17365206012376197	4.09870549723926	scRNA_endosplit
TUB	FSGS_vs_PAT	GSE133288-GPL19983	ENDO_PT	49	-0.016780341737808627	-0.17787850105567307	scRNA_endosplit
TUB	FSGS_vs_PAT	GSE133288-GPL19983	MES	22	0.09290256605229595	1.5499457636433278	scRNA_endosplit
TUB	FSGS_vs_PAT	GSE133288-GPL19983	STROMA	49	0.14985377867991218	3.6283804662153054	scRNA_endosplit
TUB	FSGS_vs_PAT	GSE133288-GPL19983	PERI	48	-0.03919707687661381	-0.6185703097759394	scRNA_endosplit
TUB	FSGS_vs_PAT	GSE133288-GPL19983	BCELL	44	0.31368532977913594	6.531401739606254	scRNA_endosplit
TUB	FSGS_vs_PAT	GSE133288-GPL19983	TCELL	47	0.20530671776926263	4.659739912178181	scRNA_endosplit
TUB	FSGS_vs_PAT	GSE133288-GPL19983	NK	48	0.10918990148153777	2.5511233001994778	scRNA_endosplit
TUB	FSGS_vs_PAT	GSE133288-GPL19983	MAC	49	0.18190676352835963	4.328898764418368	scRNA_endosplit
TUB	FSGS_vs_PAT	GSE133288-GPL19983	DC	19	0.17460468705547483	2.640444961563761	scRNA_endosplit
TUB	FSGS_vs_PAT	GSE133288-GPL19983	ENDO_GC	48	-0.04130935039817512	-0.7255863408995125	scRNA_endosplit
TUB	FSGS_vs_PAT	GSE133288-GPL19983	ENDO_ART	47	0.034738476090925806	0.9571178200701826	scRNA_endosplit
TUB	FSGS_vs_PAT	GSE182380-RNAseq	PT	47	-0.3047598667363537	-7.356954177881661	scRNA_endosplit
TUB	FSGS_vs_PAT	GSE182380-RNAseq	PT_injured	38	-0.26833069775449603	-5.525653333355041	scRNA_endosplit
TUB	FSGS_vs_PAT	GSE182380-RNAseq	LOH	37	-0.08288223616074065	-0.9743173334501198	scRNA_endosplit
TUB	FSGS_vs_PAT	GSE182380-RNAseq	DCT	40	-0.17880463218316434	-3.4499472106939972	scRNA_endosplit
TUB	FSGS_vs_PAT	GSE182380-RNAseq	CNT_PC	41	0.0032695930383009183	1.2121199449699003	scRNA_endosplit
TUB	FSGS_vs_PAT	GSE182380-RNAseq	IC	42	-0.05249664901445307	-0.24772621742638073	scRNA_endosplit
TUB	FSGS_vs_PAT	GSE182380-RNAseq	PODO	39	-0.15076420236474428	-2.6816389749026706	scRNA_endosplit
TUB	FSGS_vs_PAT	GSE182380-RNAseq	PEC	45	-0.01008280892080317	0.8827205568722023	scRNA_endosplit
TUB	FSGS_vs_PAT	GSE182380-RNAseq	ENDO_PT	49	0.04329616506108824	2.3948103873203532	scRNA_endosplit
TUB	FSGS_vs_PAT	GSE182380-RNAseq	MES	21	0.03712463112814086	1.5111186248810389	scRNA_endosplit
TUB	FSGS_vs_PAT	GSE182380-RNAseq	STROMA	49	0.09295617299610558	3.764065302222196	scRNA_endosplit
TUB	FSGS_vs_PAT	GSE182380-RNAseq	PERI	45	-0.015441148438387444	0.7441998325957023	scRNA_endosplit
TUB	FSGS_vs_PAT	GSE182380-RNAseq	BCELL	32	0.2797232869779691	7.591950180690377	scRNA_endosplit
TUB	FSGS_vs_PAT	GSE182380-RNAseq	TCELL	39	0.3655578027933072	10.223805405883649	scRNA_endosplit
TUB	FSGS_vs_PAT	GSE182380-RNAseq	NK	47	0.25667292014398474	8.322130079613308	scRNA_endosplit
TUB	FSGS_vs_PAT	GSE182380-RNAseq	MAC	48	0.20132262841798365	6.578811641439768	scRNA_endosplit
TUB	FSGS_vs_PAT	GSE182380-RNAseq	DC	17	0.2833389059147414	5.418039412792514	scRNA_endosplit
TUB	FSGS_vs_PAT	GSE182380-RNAseq	ENDO_GC	41	-0.07348841676352227	-0.7737993733219304	scRNA_endosplit
TUB	FSGS_vs_PAT	GSE182380-RNAseq	ENDO_ART	42	0.04924642354516046	2.4441088486979146	scRNA_endosplit
TUB	FSGS_vs_PAT	META	PT	50	-0.3100831338794281	-10.672395013539825	scRNA_endosplit
TUB	FSGS_vs_PAT	META	PT_injured	48	-0.17638830762088117	-5.642265996554132	scRNA_endosplit
TUB	FSGS_vs_PAT	META	LOH	46	-0.06351328051296413	-1.6156524806444625	scRNA_endosplit
TUB	FSGS_vs_PAT	META	DCT	46	-0.14513262099227056	-4.578165986057976	scRNA_endosplit
TUB	FSGS_vs_PAT	META	CNT_PC	47	-0.07409224935154204	-2.012117063704487	scRNA_endosplit
TUB	FSGS_vs_PAT	META	IC	49	-0.07913731710057147	-2.2279365583503856	scRNA_endosplit
TUB	FSGS_vs_PAT	META	PODO	48	-0.13824186203419228	-4.3545150710272305	scRNA_endosplit
TUB	FSGS_vs_PAT	META	PEC	48	0.05512975424072566	2.797598548839816	scRNA_endosplit
TUB	FSGS_vs_PAT	META	ENDO_PT	50	0.01013801075479325	1.2904143651564277	scRNA_endosplit
TUB	FSGS_vs_PAT	META	MES	23	0.028477194999088188	1.3083509036832888	scRNA_endosplit
TUB	FSGS_vs_PAT	META	STROMA	50	0.10025668202977008	4.757833465427877	scRNA_endosplit
TUB	FSGS_vs_PAT	META	PERI	48	-0.02615516044594794	-0.16774941467380608	scRNA_endosplit
TUB	FSGS_vs_PAT	META	BCELL	45	0.21800363912264364	8.843214978882974	scRNA_endosplit
TUB	FSGS_vs_PAT	META	TCELL	49	0.19492867551300497	8.266150239186027	scRNA_endosplit
TUB	FSGS_vs_PAT	META	NK	49	0.14817528681810566	6.124093950147873	scRNA_endosplit
TUB	FSGS_vs_PAT	META	MAC	50	0.1076525398355443	4.777698022526153	scRNA_endosplit
TUB	FSGS_vs_PAT	META	DC	19	0.2219312940397414	5.509728508960632	scRNA_endosplit
TUB	FSGS_vs_PAT	META	ENDO_GC	48	-0.03206486493622328	-0.38716376482995446	scRNA_endosplit
TUB	FSGS_vs_PAT	META	ENDO_ART	47	0.04525594629887293	2.401862551405421	scRNA_endosplit
TUB	FSGS_vs_PAT_adj	ERCB_TUB_H1	PT	28	-0.2871679134482489	-5.096753885457466	scRNA_endosplit
TUB	FSGS_vs_PAT_adj	ERCB_TUB_H1	PT_injured	16	-0.12903441031306379	-1.7439138464474668	scRNA_endosplit
TUB	FSGS_vs_PAT_adj	ERCB_TUB_H1	LOH	22	-0.10197651541039532	-1.7497999012338117	scRNA_endosplit
TUB	FSGS_vs_PAT_adj	ERCB_TUB_H1	DCT	22	-0.09068482253735254	-1.6579138277735421	scRNA_endosplit
TUB	FSGS_vs_PAT_adj	ERCB_TUB_H1	CNT_PC	25	-0.18225758636533765	-2.9701711403594317	scRNA_endosplit
TUB	FSGS_vs_PAT_adj	ERCB_TUB_H1	IC	17	0.03546587378075589	0.17994666682402147	scRNA_endosplit
TUB	FSGS_vs_PAT_adj	ERCB_TUB_H1	PODO	19	-0.12002842043216787	-1.8738590343743822	scRNA_endosplit
TUB	FSGS_vs_PAT_adj	ERCB_TUB_H1	PEC	28	0.04097399351603633	0.3603242600425792	scRNA_endosplit
TUB	FSGS_vs_PAT_adj	ERCB_TUB_H1	ENDO_PT	33	-0.024672430420704293	-0.7179091403194421	scRNA_endosplit
TUB	FSGS_vs_PAT_adj	ERCB_TUB_H1	MES	18	0.07420963144037164	0.6570715283179013	scRNA_endosplit
TUB	FSGS_vs_PAT_adj	ERCB_TUB_H1	STROMA	35	0.03612879384151378	0.2670134485454322	scRNA_endosplit
TUB	FSGS_vs_PAT_adj	ERCB_TUB_H1	PERI	32	-0.01626335114834846	-0.6744507515395866	scRNA_endosplit
TUB	FSGS_vs_PAT_adj	ERCB_TUB_H1	BCELL	28	0.038701482980475536	0.2666107885570891	scRNA_endosplit
TUB	FSGS_vs_PAT_adj	ERCB_TUB_H1	TCELL	35	0.056347514669541465	0.648141390265487	scRNA_endosplit
TUB	FSGS_vs_PAT_adj	ERCB_TUB_H1	NK	30	0.07317469762886972	0.870749189390184	scRNA_endosplit
TUB	FSGS_vs_PAT_adj	ERCB_TUB_H1	MAC	32	-0.23380616612144767	-4.385827604251815	scRNA_endosplit
TUB	FSGS_vs_PAT_adj	ERCB_TUB_H1	DC	12	0.12483790275358192	1.1135625856973275	scRNA_endosplit
TUB	FSGS_vs_PAT_adj	ERCB_TUB_H1	ENDO_GC	25	0.012653789515548646	-0.0264382254407703	scRNA_endosplit
TUB	FSGS_vs_PAT_adj	ERCB_TUB_H1	ENDO_ART	25	-0.008054699762609011	-0.4704614995205517	scRNA_endosplit
TUB	FSGS_vs_PAT_adj	GSE108112-GPL19983	PT	48	-0.11901426066913488	-4.420181085299966	scRNA_endosplit
TUB	FSGS_vs_PAT_adj	GSE108112-GPL19983	PT_injured	48	-0.11260558002716788	-4.292022934449901	scRNA_endosplit
TUB	FSGS_vs_PAT_adj	GSE108112-GPL19983	LOH	46	-0.03319878779664968	-0.925247942114002	scRNA_endosplit
TUB	FSGS_vs_PAT_adj	GSE108112-GPL19983	DCT	46	-0.03435748708107946	-1.0729989734083303	scRNA_endosplit
TUB	FSGS_vs_PAT_adj	GSE108112-GPL19983	CNT_PC	47	-0.04175856266069984	-1.3265170409154246	scRNA_endosplit
TUB	FSGS_vs_PAT_adj	GSE108112-GPL19983	IC	48	-0.05105106614660515	-1.6172603464842423	scRNA_endosplit
TUB	FSGS_vs_PAT_adj	GSE108112-GPL19983	PODO	48	-0.09201919701560606	-3.320713078946033	scRNA_endosplit
TUB	FSGS_vs_PAT_adj	GSE108112-GPL19983	PEC	48	0.029311271600311693	1.6158310204917314	scRNA_endosplit
TUB	FSGS_vs_PAT_adj	GSE108112-GPL19983	ENDO_PT	49	0.05155681621136595	2.601615517970612	scRNA_endosplit
TUB	FSGS_vs_PAT_adj	GSE108112-GPL19983	MES	22	-0.01229844959027538	-0.05489685802186021	scRNA_endosplit
TUB	FSGS_vs_PAT_adj	GSE108112-GPL19983	STROMA	49	0.10253405107243041	4.77652757615537	scRNA_endosplit
TUB	FSGS_vs_PAT_adj	GSE108112-GPL19983	PERI	48	0.029649401408824782	1.6273567798031527	scRNA_endosplit
TUB	FSGS_vs_PAT_adj	GSE108112-GPL19983	BCELL	44	0.07838877533127495	3.431438078012273	scRNA_endosplit
TUB	FSGS_vs_PAT_adj	GSE108112-GPL19983	TCELL	47	0.08800857553456197	3.9082545484661235	scRNA_endosplit
TUB	FSGS_vs_PAT_adj	GSE108112-GPL19983	NK	48	0.10730965802663389	4.717386182643983	scRNA_endosplit
TUB	FSGS_vs_PAT_adj	GSE108112-GPL19983	MAC	49	0.05590421845447845	2.7231816152861925	scRNA_endosplit
TUB	FSGS_vs_PAT_adj	GSE108112-GPL19983	DC	19	0.19806811110086586	5.328622228997808	scRNA_endosplit
TUB	FSGS_vs_PAT_adj	GSE108112-GPL19983	ENDO_GC	48	0.04195679689764248	2.073201851432236	scRNA_endosplit
TUB	FSGS_vs_PAT_adj	GSE108112-GPL19983	ENDO_ART	47	0.0939327068459588	4.217519614458346	scRNA_endosplit
TUB	FSGS_vs_PAT_adj	GSE133288-GPL19983	PT	48	-0.251986458925243	-6.256029159339835	scRNA_endosplit
TUB	FSGS_vs_PAT_adj	GSE133288-GPL19983	PT_injured	48	-0.11080056235221847	-2.6384663876184358	scRNA_endosplit
TUB	FSGS_vs_PAT_adj	GSE133288-GPL19983	LOH	46	-0.07204765639323732	-1.5870848466714877	scRNA_endosplit
TUB	FSGS_vs_PAT_adj	GSE133288-GPL19983	DCT	46	-0.09938936601993392	-2.438236428386236	scRNA_endosplit
TUB	FSGS_vs_PAT_adj	GSE133288-GPL19983	CNT_PC	47	-0.02765457691655889	-0.5425958951958203	scRNA_endosplit
TUB	FSGS_vs_PAT_adj	GSE133288-GPL19983	IC	48	0.014558072530424557	0.5061032244938033	scRNA_endosplit
TUB	FSGS_vs_PAT_adj	GSE133288-GPL19983	PODO	48	-0.03126785897451843	-0.6301849849024411	scRNA_endosplit
TUB	FSGS_vs_PAT_adj	GSE133288-GPL19983	PEC	48	0.14246807232686345	3.7236387229192696	scRNA_endosplit
TUB	FSGS_vs_PAT_adj	GSE133288-GPL19983	ENDO_PT	49	-0.03159699154384799	-0.7135161102444642	scRNA_endosplit
TUB	FSGS_vs_PAT_adj	GSE133288-GPL19983	MES	22	0.0994035777456619	1.808538716680355	scRNA_endosplit
TUB	FSGS_vs_PAT_adj	GSE133288-GPL19983	STROMA	49	0.09639566922956208	2.6791832857604145	scRNA_endosplit
TUB	FSGS_vs_PAT_adj	GSE133288-GPL19983	PERI	48	-0.01635265076935546	-0.2694822096398121	scRNA_endosplit
TUB	FSGS_vs_PAT_adj	GSE133288-GPL19983	BCELL	44	0.25479488861089067	6.341883251341855	scRNA_endosplit
TUB	FSGS_vs_PAT_adj	GSE133288-GPL19983	TCELL	47	0.14377676453093602	3.868056960210224	scRNA_endosplit
TUB	FSGS_vs_PAT_adj	GSE133288-GPL19983	NK	48	0.06936799566830404	1.9790397840373917	scRNA_endosplit
TUB	FSGS_vs_PAT_adj	GSE133288-GPL19983	MAC	49	0.11637426489583962	3.2391116524085177	scRNA_endosplit
TUB	FSGS_vs_PAT_adj	GSE133288-GPL19983	DC	19	0.10278245595091863	1.7603185037176943	scRNA_endosplit
TUB	FSGS_vs_PAT_adj	GSE133288-GPL19983	ENDO_GC	48	-0.01209283722587503	-0.17400240722049654	scRNA_endosplit
TUB	FSGS_vs_PAT_adj	GSE133288-GPL19983	ENDO_ART	47	0.03474469002515749	0.9749269254853297	scRNA_endosplit
TUB	FSGS_vs_PAT_adj	GSE182380-RNAseq	PT	47	-0.15876294650545184	-5.0606908331752605	scRNA_endosplit
TUB	FSGS_vs_PAT_adj	GSE182380-RNAseq	PT_injured	38	-0.1909015214891794	-5.583255054223376	scRNA_endosplit
TUB	FSGS_vs_PAT_adj	GSE182380-RNAseq	LOH	37	-0.06269492906047869	-1.3060752292358881	scRNA_endosplit
TUB	FSGS_vs_PAT_adj	GSE182380-RNAseq	DCT	40	-0.07222709115565525	-1.7451308226084483	scRNA_endosplit
TUB	FSGS_vs_PAT_adj	GSE182380-RNAseq	CNT_PC	41	0.037678385806022285	2.2455982752107606	scRNA_endosplit
TUB	FSGS_vs_PAT_adj	GSE182380-RNAseq	IC	42	0.05436340984817828	2.848135922398798	scRNA_endosplit
TUB	FSGS_vs_PAT_adj	GSE182380-RNAseq	PODO	39	-0.07232969220796157	-1.6253815297484977	scRNA_endosplit
TUB	FSGS_vs_PAT_adj	GSE182380-RNAseq	PEC	45	-0.02667909313537411	-0.08614502965047227	scRNA_endosplit
TUB	FSGS_vs_PAT_adj	GSE182380-RNAseq	ENDO_PT	49	0.027874379428678372	1.9606311190896124	scRNA_endosplit
TUB	FSGS_vs_PAT_adj	GSE182380-RNAseq	MES	21	0.028058228364969538	1.3319246780221279	scRNA_endosplit
TUB	FSGS_vs_PAT_adj	GSE182380-RNAseq	STROMA	49	0.027100051492444967	2.104944705439007	scRNA_endosplit
TUB	FSGS_vs_PAT_adj	GSE182380-RNAseq	PERI	45	-0.002790097379136417	0.8281541656324145	scRNA_endosplit
TUB	FSGS_vs_PAT_adj	GSE182380-RNAseq	BCELL	32	0.15888118098915743	5.459000427636405	scRNA_endosplit
TUB	FSGS_vs_PAT_adj	GSE182380-RNAseq	TCELL	39	0.24965312565719727	9.313007667682909	scRNA_endosplit
TUB	FSGS_vs_PAT_adj	GSE182380-RNAseq	NK	47	0.17965821080912084	7.791825646780801	scRNA_endosplit
TUB	FSGS_vs_PAT_adj	GSE182380-RNAseq	MAC	48	0.11080085540585023	5.27870759771058	scRNA_endosplit
TUB	FSGS_vs_PAT_adj	GSE182380-RNAseq	DC	17	0.17413922440968554	4.531569023962442	scRNA_endosplit
TUB	FSGS_vs_PAT_adj	GSE182380-RNAseq	ENDO_GC	41	-0.026064415738956875	-0.028617161760286773	scRNA_endosplit
TUB	FSGS_vs_PAT_adj	GSE182380-RNAseq	ENDO_ART	42	0.04012607905407089	2.177928925383968	scRNA_endosplit
TUB	FSGS_vs_PAT_adj	META	PT	50	-0.18817558610893556	-8.785311116329177	scRNA_endosplit
TUB	FSGS_vs_PAT_adj	META	PT_injured	48	-0.13298521697812005	-5.548012211516155	scRNA_endosplit
TUB	FSGS_vs_PAT_adj	META	LOH	46	-0.06583777072620099	-2.548261074939494	scRNA_endosplit
TUB	FSGS_vs_PAT_adj	META	DCT	46	-0.07275575036695595	-2.8707918944348143	scRNA_endosplit
TUB	FSGS_vs_PAT_adj	META	CNT_PC	47	-0.04305794615399821	-1.5271278148200682	scRNA_endosplit
TUB	FSGS_vs_PAT_adj	META	IC	49	0.0007522539406224666	0.5405711673653628	scRNA_endosplit
TUB	FSGS_vs_PAT_adj	META	PODO	48	-0.07362693603695863	-2.852793685979752	scRNA_endosplit
TUB	FSGS_vs_PAT_adj	META	PEC	48	0.04832462095792281	2.7928973825712924	scRNA_endosplit
TUB	FSGS_vs_PAT_adj	META	ENDO_PT	50	0.0071105800341113405	0.8040961547089301	scRNA_endosplit
TUB	FSGS_vs_PAT_adj	META	MES	23	0.031810848458916935	1.3769360940788713	scRNA_endosplit
TUB	FSGS_vs_PAT_adj	META	STROMA	50	0.06195606939775648	3.3478211169850747	scRNA_endosplit
TUB	FSGS_vs_PAT_adj	META	PERI	48	0.002708471015730888	0.5869995873856474	scRNA_endosplit
TUB	FSGS_vs_PAT_adj	META	BCELL	45	0.15755658993771676	7.639373974428765	scRNA_endosplit
TUB	FSGS_vs_PAT_adj	META	TCELL	49	0.12228824503184359	6.083338346545813	scRNA_endosplit
TUB	FSGS_vs_PAT_adj	META	NK	49	0.10122359537340787	5.195196273801105	scRNA_endosplit
TUB	FSGS_vs_PAT_adj	META	MAC	50	0.03534934496944759	2.1643367516083076	scRNA_endosplit
TUB	FSGS_vs_PAT_adj	META	DC	19	0.1602751083522529	4.86236916689473	scRNA_endosplit
TUB	FSGS_vs_PAT_adj	META	ENDO_GC	48	0.0029314422293260367	0.6572568319015286	scRNA_endosplit
TUB	FSGS_vs_PAT_adj	META	ENDO_ART	47	0.044594207311941275	2.522511060558267	scRNA_endosplit
TUB	HT_vs_PAT	ERCB_TUB_H1	PT	28	0.11182751438380881	4.283640047241627	scRNA_endosplit
TUB	HT_vs_PAT	ERCB_TUB_H1	PT_injured	16	0.07797540199317153	2.449149034429388	scRNA_endosplit
TUB	HT_vs_PAT	ERCB_TUB_H1	LOH	22	0.016448190767153984	0.35101156866229694	scRNA_endosplit
TUB	HT_vs_PAT	ERCB_TUB_H1	DCT	22	0.12660321847281672	4.939489746102521	scRNA_endosplit
TUB	HT_vs_PAT	ERCB_TUB_H1	CNT_PC	25	0.0410187043622136	1.380851000405389	scRNA_endosplit
TUB	HT_vs_PAT	ERCB_TUB_H1	IC	17	0.06945457442334907	2.0479115806738184	scRNA_endosplit
TUB	HT_vs_PAT	ERCB_TUB_H1	PODO	19	0.12617127250536883	4.0824957136542706	scRNA_endosplit
TUB	HT_vs_PAT	ERCB_TUB_H1	PEC	28	0.02187250428167837	0.64305111914305	scRNA_endosplit
TUB	HT_vs_PAT	ERCB_TUB_H1	ENDO_PT	33	0.015296262079518225	0.4627739299489101	scRNA_endosplit
TUB	HT_vs_PAT	ERCB_TUB_H1	MES	18	-0.0004345618912743394	-0.1975513563045592	scRNA_endosplit
TUB	HT_vs_PAT	ERCB_TUB_H1	STROMA	35	-0.005400024620550017	-0.5611896770677848	scRNA_endosplit
TUB	HT_vs_PAT	ERCB_TUB_H1	PERI	32	0.06997281222720629	2.8834527581934695	scRNA_endosplit
TUB	HT_vs_PAT	ERCB_TUB_H1	BCELL	28	0.027568461772586615	0.8816555486592892	scRNA_endosplit
TUB	HT_vs_PAT	ERCB_TUB_H1	TCELL	35	-0.0022696121728845954	-0.4313026576870693	scRNA_endosplit
TUB	HT_vs_PAT	ERCB_TUB_H1	NK	30	0.02128769966463247	0.653851838097121	scRNA_endosplit
TUB	HT_vs_PAT	ERCB_TUB_H1	MAC	32	0.01745487778680399	0.5003469087830718	scRNA_endosplit
TUB	HT_vs_PAT	ERCB_TUB_H1	DC	12	-0.010017219504031049	-0.4396158257621488	scRNA_endosplit
TUB	HT_vs_PAT	ERCB_TUB_H1	ENDO_GC	25	0.03145088578108697	0.9843821141311809	scRNA_endosplit
TUB	HT_vs_PAT	ERCB_TUB_H1	ENDO_ART	25	-0.0023117625003214962	-0.38031178905667357	scRNA_endosplit
TUB	HT_vs_PAT	META	PT	28	0.11182751438380881	4.528339964368798	scRNA_endosplit
TUB	HT_vs_PAT	META	PT_injured	16	0.07797540199317153	2.2601907225029683	scRNA_endosplit
TUB	HT_vs_PAT	META	LOH	22	0.016448190767153984	0.42112549442455843	scRNA_endosplit
TUB	HT_vs_PAT	META	DCT	22	0.12660321847281672	4.497647980512355	scRNA_endosplit
TUB	HT_vs_PAT	META	CNT_PC	25	0.0410187043622136	1.3304273127227026	scRNA_endosplit
TUB	HT_vs_PAT	META	IC	17	0.06945457442334907	2.1635800353765435	scRNA_endosplit
TUB	HT_vs_PAT	META	PODO	19	0.12617127250536883	4.242565567018402	scRNA_endosplit
TUB	HT_vs_PAT	META	PEC	28	0.02187250428167837	0.6698297367391494	scRNA_endosplit
TUB	HT_vs_PAT	META	ENDO_PT	33	0.015296262079518225	0.45047703963942043	scRNA_endosplit
TUB	HT_vs_PAT	META	MES	18	-0.0004345618912743394	-0.26323606325556603	scRNA_endosplit
TUB	HT_vs_PAT	META	STROMA	35	-0.005400024620550017	-0.6028861503732708	scRNA_endosplit
TUB	HT_vs_PAT	META	PERI	32	0.06997281222720629	2.722526100697711	scRNA_endosplit
TUB	HT_vs_PAT	META	BCELL	28	0.027568461772586615	0.954015631356717	scRNA_endosplit
TUB	HT_vs_PAT	META	TCELL	35	-0.0022696121728845954	-0.4226056642774416	scRNA_endosplit
TUB	HT_vs_PAT	META	NK	30	0.02128769966463247	0.6921592560729881	scRNA_endosplit
TUB	HT_vs_PAT	META	MAC	32	0.01745487778680399	0.4998657964930494	scRNA_endosplit
TUB	HT_vs_PAT	META	DC	12	-0.010017219504031049	-0.48516685777855423	scRNA_endosplit
TUB	HT_vs_PAT	META	ENDO_GC	25	0.03145088578108697	1.0252412557045107	scRNA_endosplit
TUB	HT_vs_PAT	META	ENDO_ART	25	-0.0023117625003214962	-0.3057670282878026	scRNA_endosplit
TUB	HT_vs_PAT_adj	ERCB_TUB_H1	PT	28	-0.2667036427718009	-7.473217971727494	scRNA_endosplit
TUB	HT_vs_PAT_adj	ERCB_TUB_H1	PT_injured	16	-0.1048174881299954	-2.0449888680435424	scRNA_endosplit
TUB	HT_vs_PAT_adj	ERCB_TUB_H1	LOH	22	-0.05040257793096914	-0.9045352779590017	scRNA_endosplit
TUB	HT_vs_PAT_adj	ERCB_TUB_H1	DCT	22	-0.054165958558096694	-0.993660354224999	scRNA_endosplit
TUB	HT_vs_PAT_adj	ERCB_TUB_H1	CNT_PC	25	-0.0103362850624513	0.17164523697566855	scRNA_endosplit
TUB	HT_vs_PAT_adj	ERCB_TUB_H1	IC	17	-0.011684537515003158	0.04849852839847247	scRNA_endosplit
TUB	HT_vs_PAT_adj	ERCB_TUB_H1	PODO	19	-0.025316861910796306	-0.19691992157982688	scRNA_endosplit
TUB	HT_vs_PAT_adj	ERCB_TUB_H1	PEC	28	0.012777194631892325	0.9975785640263982	scRNA_endosplit
TUB	HT_vs_PAT_adj	ERCB_TUB_H1	ENDO_PT	33	-0.010759818002491348	0.11871749925516191	scRNA_endosplit
TUB	HT_vs_PAT_adj	ERCB_TUB_H1	MES	18	0.010036229208133629	0.6034137786697623	scRNA_endosplit
TUB	HT_vs_PAT_adj	ERCB_TUB_H1	STROMA	35	0.04616339645360268	2.154803908669963	scRNA_endosplit
TUB	HT_vs_PAT_adj	ERCB_TUB_H1	PERI	32	-0.05074240903958589	-1.1081118754547403	scRNA_endosplit
TUB	HT_vs_PAT_adj	ERCB_TUB_H1	BCELL	28	0.10255065085864128	3.6874839069133083	scRNA_endosplit
TUB	HT_vs_PAT_adj	ERCB_TUB_H1	TCELL	35	0.1526997381947301	5.735404953237593	scRNA_endosplit
TUB	HT_vs_PAT_adj	ERCB_TUB_H1	NK	30	0.12568391095224932	4.557361645931761	scRNA_endosplit
TUB	HT_vs_PAT_adj	ERCB_TUB_H1	MAC	32	0.1908966221184178	6.885936882065971	scRNA_endosplit
TUB	HT_vs_PAT_adj	ERCB_TUB_H1	DC	12	0.08281361860014126	1.9696465450250469	scRNA_endosplit
TUB	HT_vs_PAT_adj	ERCB_TUB_H1	ENDO_GC	25	-0.07633428178808507	-1.7203773399751146	scRNA_endosplit
TUB	HT_vs_PAT_adj	ERCB_TUB_H1	ENDO_ART	25	0.006914466844333681	0.6383679300667673	scRNA_endosplit
TUB	HT_vs_PAT_adj	META	PT	28	-0.2667036427718009	-7.581297343830332	scRNA_endosplit
TUB	HT_vs_PAT_adj	META	PT_injured	16	-0.1048174881299954	-1.9850155533779403	scRNA_endosplit
TUB	HT_vs_PAT_adj	META	LOH	22	-0.05040257793096914	-0.8945733375706254	scRNA_endosplit
TUB	HT_vs_PAT_adj	META	DCT	22	-0.054165958558096694	-1.048499806726206	scRNA_endosplit
TUB	HT_vs_PAT_adj	META	CNT_PC	25	-0.0103362850624513	0.19637111888373102	scRNA_endosplit
TUB	HT_vs_PAT_adj	META	IC	17	-0.011684537515003158	0.1472387709562883	scRNA_endosplit
TUB	HT_vs_PAT_adj	META	PODO	19	-0.025316861910796306	-0.2297437079227866	scRNA_endosplit
TUB	HT_vs_PAT_adj	META	PEC	28	0.012777194631892325	0.9223895120583105	scRNA_endosplit
TUB	HT_vs_PAT_adj	META	ENDO_PT	33	-0.010759818002491348	0.21193391245456597	scRNA_endosplit
TUB	HT_vs_PAT_adj	META	MES	18	0.010036229208133629	0.6310190661333787	scRNA_endosplit
TUB	HT_vs_PAT_adj	META	STROMA	35	0.04616339645360268	2.1965014627269666	scRNA_endosplit
TUB	HT_vs_PAT_adj	META	PERI	32	-0.05074240903958589	-1.1468028399260901	scRNA_endosplit
TUB	HT_vs_PAT_adj	META	BCELL	28	0.10255065085864128	3.6996784366666464	scRNA_endosplit
TUB	HT_vs_PAT_adj	META	TCELL	35	0.1526997381947301	6.120723664440067	scRNA_endosplit
TUB	HT_vs_PAT_adj	META	NK	30	0.12568391095224932	4.523699944418737	scRNA_endosplit
TUB	HT_vs_PAT_adj	META	MAC	32	0.1908966221184178	6.7903497167978095	scRNA_endosplit
TUB	HT_vs_PAT_adj	META	DC	12	0.08281361860014126	1.9925992193920141	scRNA_endosplit
TUB	HT_vs_PAT_adj	META	ENDO_GC	25	-0.07633428178808507	-1.7998549731452929	scRNA_endosplit
TUB	HT_vs_PAT_adj	META	ENDO_ART	25	0.006914466844333681	0.721761178288124	scRNA_endosplit
TUB	IgAN_vs_PAT	ERCB_TUB_H1	PT	28	0.015947067977062288	0.40018036887288044	scRNA_endosplit
TUB	IgAN_vs_PAT	ERCB_TUB_H1	PT_injured	16	0.028846525339758945	0.7955602517928465	scRNA_endosplit
TUB	IgAN_vs_PAT	ERCB_TUB_H1	LOH	22	0.0160254904450002	0.414931618794438	scRNA_endosplit
TUB	IgAN_vs_PAT	ERCB_TUB_H1	DCT	22	0.007925760720602495	0.004003122885728326	scRNA_endosplit
TUB	IgAN_vs_PAT	ERCB_TUB_H1	CNT_PC	25	-0.00380710177123545	-0.4966909150256662	scRNA_endosplit
TUB	IgAN_vs_PAT	ERCB_TUB_H1	IC	17	0.0027392404153943166	-0.24990396858939345	scRNA_endosplit
TUB	IgAN_vs_PAT	ERCB_TUB_H1	PODO	19	-0.0668377250886375	-3.0534910839983707	scRNA_endosplit
TUB	IgAN_vs_PAT	ERCB_TUB_H1	PEC	28	-0.00726205662691167	-0.7102808157766534	scRNA_endosplit
TUB	IgAN_vs_PAT	ERCB_TUB_H1	ENDO_PT	33	0.033948979843196184	1.425238580296791	scRNA_endosplit
TUB	IgAN_vs_PAT	ERCB_TUB_H1	MES	18	-0.022826459349340036	-1.1280648936783564	scRNA_endosplit
TUB	IgAN_vs_PAT	ERCB_TUB_H1	STROMA	35	-0.053476256953685394	-3.2540132783424993	scRNA_endosplit
TUB	IgAN_vs_PAT	ERCB_TUB_H1	PERI	32	0.033483498227724326	1.334543163842095	scRNA_endosplit
TUB	IgAN_vs_PAT	ERCB_TUB_H1	BCELL	28	0.011552442056459503	0.17814491756813927	scRNA_endosplit
TUB	IgAN_vs_PAT	ERCB_TUB_H1	TCELL	35	-0.02258335474346364	-1.7234883135549965	scRNA_endosplit
TUB	IgAN_vs_PAT	ERCB_TUB_H1	NK	30	0.0526302685534271	2.388765433257048	scRNA_endosplit
TUB	IgAN_vs_PAT	ERCB_TUB_H1	MAC	32	0.053551625023828806	2.3254085768625687	scRNA_endosplit
TUB	IgAN_vs_PAT	ERCB_TUB_H1	DC	12	-0.013350976941486183	-0.6639368401803207	scRNA_endosplit
TUB	IgAN_vs_PAT	ERCB_TUB_H1	ENDO_GC	25	0.02189190408214926	0.6813843253097149	scRNA_endosplit
TUB	IgAN_vs_PAT	ERCB_TUB_H1	ENDO_ART	25	-0.03830638393759726	-2.1328870450445407	scRNA_endosplit
TUB	IgAN_vs_PAT	GSE175759-RNAseq	PT	50	0.18146388420835138	4.176345135764366	scRNA_endosplit
TUB	IgAN_vs_PAT	GSE175759-RNAseq	PT_injured	50	-0.037584513518959285	-0.8679245564238371	scRNA_endosplit
TUB	IgAN_vs_PAT	GSE175759-RNAseq	LOH	50	0.14753517623990775	3.3875154349138152	scRNA_endosplit
TUB	IgAN_vs_PAT	GSE175759-RNAseq	DCT	50	0.3053126279864227	7.059742514301674	scRNA_endosplit
TUB	IgAN_vs_PAT	GSE175759-RNAseq	CNT_PC	50	0.19863254797819535	4.475661422075878	scRNA_endosplit
TUB	IgAN_vs_PAT	GSE175759-RNAseq	IC	50	0.10498792797327042	2.2999794211424605	scRNA_endosplit
TUB	IgAN_vs_PAT	GSE175759-RNAseq	PODO	50	0.009925804561935371	0.22108961889593307	scRNA_endosplit
TUB	IgAN_vs_PAT	GSE175759-RNAseq	PEC	50	-0.16478441265877336	-3.9672068527215796	scRNA_endosplit
TUB	IgAN_vs_PAT	GSE175759-RNAseq	ENDO_PT	50	-0.03789072588086128	-0.8292660391656845	scRNA_endosplit
TUB	IgAN_vs_PAT	GSE175759-RNAseq	MES	24	-0.032416669018857626	-0.49006399538480266	scRNA_endosplit
TUB	IgAN_vs_PAT	GSE175759-RNAseq	STROMA	50	-0.11848256398923696	-2.699188906270872	scRNA_endosplit
TUB	IgAN_vs_PAT	GSE175759-RNAseq	PERI	50	0.09814073325833306	2.2267467882029077	scRNA_endosplit
TUB	IgAN_vs_PAT	GSE175759-RNAseq	BCELL	50	-0.0028946595266461234	-0.06281856433927122	scRNA_endosplit
TUB	IgAN_vs_PAT	GSE175759-RNAseq	TCELL	50	-0.1735489116422832	-4.042476832215819	scRNA_endosplit
TUB	IgAN_vs_PAT	GSE175759-RNAseq	NK	50	-0.17201124005019663	-4.030664523272204	scRNA_endosplit
TUB	IgAN_vs_PAT	GSE175759-RNAseq	MAC	50	-0.4204155856370926	-9.83525874325061	scRNA_endosplit
TUB	IgAN_vs_PAT	GSE175759-RNAseq	DC	19	-0.11428915611223171	-1.6225116481961075	scRNA_endosplit
TUB	IgAN_vs_PAT	GSE175759-RNAseq	ENDO_GC	50	-0.06793208538554608	-1.6308377816314057	scRNA_endosplit
TUB	IgAN_vs_PAT	GSE175759-RNAseq	ENDO_ART	50	0.018437093328684564	0.33397399037760916	scRNA_endosplit
TUB	IgAN_vs_PAT	META	PT	50	0.14776794631034135	4.170558000118005	scRNA_endosplit
TUB	IgAN_vs_PAT	META	PT_injured	50	-0.038820519645232705	-0.9326373978683563	scRNA_endosplit
TUB	IgAN_vs_PAT	META	LOH	50	0.11587022587191313	3.328344076942793	scRNA_endosplit
TUB	IgAN_vs_PAT	META	DCT	50	0.23258680797589476	6.421630173107848	scRNA_endosplit
TUB	IgAN_vs_PAT	META	CNT_PC	50	0.15430467595520894	4.04862638647223	scRNA_endosplit
TUB	IgAN_vs_PAT	META	IC	50	0.11347307712770999	3.001855910968874	scRNA_endosplit
TUB	IgAN_vs_PAT	META	PODO	50	-0.005579785952577357	-0.0683600053038825	scRNA_endosplit
TUB	IgAN_vs_PAT	META	PEC	50	-0.12630872792564332	-3.5001649448156944	scRNA_endosplit
TUB	IgAN_vs_PAT	META	ENDO_PT	50	-0.002341058554011394	-0.02994001408564546	scRNA_endosplit
TUB	IgAN_vs_PAT	META	MES	24	-0.030978003622294626	-0.49441806630196233	scRNA_endosplit
TUB	IgAN_vs_PAT	META	STROMA	50	-0.10551905931788497	-2.6883148649667117	scRNA_endosplit
TUB	IgAN_vs_PAT	META	PERI	50	0.050283859296469016	1.3911555946562704	scRNA_endosplit
TUB	IgAN_vs_PAT	META	BCELL	50	0.02454836923396215	0.7281439262527917	scRNA_endosplit
TUB	IgAN_vs_PAT	META	TCELL	50	-0.12348508042283356	-3.28505138763107	scRNA_endosplit
TUB	IgAN_vs_PAT	META	NK	50	-0.10064131388906387	-2.673688966034943	scRNA_endosplit
TUB	IgAN_vs_PAT	META	MAC	50	-0.25476685392670334	-7.260188824962243	scRNA_endosplit
TUB	IgAN_vs_PAT	META	DC	19	-0.07995730893392311	-1.2842086907002273	scRNA_endosplit
TUB	IgAN_vs_PAT	META	ENDO_GC	50	-0.05736042909556999	-1.5149015125689271	scRNA_endosplit
TUB	IgAN_vs_PAT	META	ENDO_ART	50	0.005253870515152808	0.225707393573791	scRNA_endosplit
TUB	IgAN_vs_PAT_adj	ERCB_TUB_H1	PT	28	0.08770756304228115	3.0591107564237743	scRNA_endosplit
TUB	IgAN_vs_PAT_adj	ERCB_TUB_H1	PT_injured	16	0.06499625268309012	1.5875962483036774	scRNA_endosplit
TUB	IgAN_vs_PAT_adj	ERCB_TUB_H1	LOH	22	0.02981314289854666	0.6274832568207337	scRNA_endosplit
TUB	IgAN_vs_PAT_adj	ERCB_TUB_H1	DCT	22	0.0387874550334305	0.929364596404217	scRNA_endosplit
TUB	IgAN_vs_PAT_adj	ERCB_TUB_H1	CNT_PC	25	0.003489620870171612	-0.29712785089276894	scRNA_endosplit
TUB	IgAN_vs_PAT_adj	ERCB_TUB_H1	IC	17	0.01377914810011692	0.07846919784580884	scRNA_endosplit
TUB	IgAN_vs_PAT_adj	ERCB_TUB_H1	PODO	19	-0.04341457610484111	-1.8889778427086543	scRNA_endosplit
TUB	IgAN_vs_PAT_adj	ERCB_TUB_H1	PEC	28	-0.007273100764414752	-0.7716184184115038	scRNA_endosplit
TUB	IgAN_vs_PAT_adj	ERCB_TUB_H1	ENDO_PT	33	0.03725242886303023	1.1259614314766282	scRNA_endosplit
TUB	IgAN_vs_PAT_adj	ERCB_TUB_H1	MES	18	-0.027263961339329866	-1.2524994742310969	scRNA_endosplit
TUB	IgAN_vs_PAT_adj	ERCB_TUB_H1	STROMA	35	-0.06598024607947651	-3.619141387294534	scRNA_endosplit
TUB	IgAN_vs_PAT_adj	ERCB_TUB_H1	PERI	32	0.05829444252621649	2.0758637733138086	scRNA_endosplit
TUB	IgAN_vs_PAT_adj	ERCB_TUB_H1	BCELL	28	-0.0009025504580404002	-0.5177889980324011	scRNA_endosplit
TUB	IgAN_vs_PAT_adj	ERCB_TUB_H1	TCELL	35	-0.04976004297782265	-2.8997011092651426	scRNA_endosplit
TUB	IgAN_vs_PAT_adj	ERCB_TUB_H1	NK	30	0.036331858106418244	1.0034879421323621	scRNA_endosplit
TUB	IgAN_vs_PAT_adj	ERCB_TUB_H1	MAC	32	0.027025276953404242	0.5859935724477596	scRNA_endosplit
TUB	IgAN_vs_PAT_adj	ERCB_TUB_H1	DC	12	-0.02467268354282738	-0.9535564413427108	scRNA_endosplit
TUB	IgAN_vs_PAT_adj	ERCB_TUB_H1	ENDO_GC	25	0.039757889650341605	1.099894484770266	scRNA_endosplit
TUB	IgAN_vs_PAT_adj	ERCB_TUB_H1	ENDO_ART	25	-0.042814835915222116	-2.0388434606978523	scRNA_endosplit
TUB	IgAN_vs_PAT_adj	GSE175759-RNAseq	PT	50	0.0948746628462678	2.169054328084223	scRNA_endosplit
TUB	IgAN_vs_PAT_adj	GSE175759-RNAseq	PT_injured	50	-0.09113074416020575	-2.4049181687479555	scRNA_endosplit
TUB	IgAN_vs_PAT_adj	GSE175759-RNAseq	LOH	50	0.08766873149214746	2.0298963147593083	scRNA_endosplit
TUB	IgAN_vs_PAT_adj	GSE175759-RNAseq	DCT	50	0.19634313929401587	4.570070530177991	scRNA_endosplit
TUB	IgAN_vs_PAT_adj	GSE175759-RNAseq	CNT_PC	50	0.14894358110969808	3.5487623220170725	scRNA_endosplit
TUB	IgAN_vs_PAT_adj	GSE175759-RNAseq	IC	50	-0.015161917413744857	-0.5542234053920216	scRNA_endosplit
TUB	IgAN_vs_PAT_adj	GSE175759-RNAseq	PODO	50	-0.09913971719060888	-2.718989510797351	scRNA_endosplit
TUB	IgAN_vs_PAT_adj	GSE175759-RNAseq	PEC	50	-0.18065369252178454	-4.757867466451003	scRNA_endosplit
TUB	IgAN_vs_PAT_adj	GSE175759-RNAseq	ENDO_PT	50	0.004842930859507807	-0.03347081928987349	scRNA_endosplit
TUB	IgAN_vs_PAT_adj	GSE175759-RNAseq	MES	24	-0.04295493981354129	-0.8293542770466525	scRNA_endosplit
TUB	IgAN_vs_PAT_adj	GSE175759-RNAseq	STROMA	50	-0.08396412893304385	-2.2572065270178117	scRNA_endosplit
TUB	IgAN_vs_PAT_adj	GSE175759-RNAseq	PERI	50	0.03672410296413439	0.7353182325068278	scRNA_endosplit
TUB	IgAN_vs_PAT_adj	GSE175759-RNAseq	BCELL	50	0.10313467031021999	2.4464479732921407	scRNA_endosplit
TUB	IgAN_vs_PAT_adj	GSE175759-RNAseq	TCELL	50	-0.09230975244322236	-2.328976751536268	scRNA_endosplit
TUB	IgAN_vs_PAT_adj	GSE175759-RNAseq	NK	50	-0.09676442608463795	-2.497059689290226	scRNA_endosplit
TUB	IgAN_vs_PAT_adj	GSE175759-RNAseq	MAC	50	-0.277903105537966	-6.847067933017609	scRNA_endosplit
TUB	IgAN_vs_PAT_adj	GSE175759-RNAseq	DC	19	-0.018409682349445178	-0.3840431021625999	scRNA_endosplit
TUB	IgAN_vs_PAT_adj	GSE175759-RNAseq	ENDO_GC	50	-0.12511725536335055	-3.283255060177312	scRNA_endosplit
TUB	IgAN_vs_PAT_adj	GSE175759-RNAseq	ENDO_ART	50	-0.016726429646400035	-0.5767645934831164	scRNA_endosplit
TUB	IgAN_vs_PAT_adj	META	PT	50	0.09917218530947068	2.9550956858814947	scRNA_endosplit
TUB	IgAN_vs_PAT_adj	META	PT_injured	50	-0.08480307170259975	-2.489813620507971	scRNA_endosplit
TUB	IgAN_vs_PAT_adj	META	LOH	50	0.0684052117673908	2.0286095508504842	scRNA_endosplit
TUB	IgAN_vs_PAT_adj	META	DCT	50	0.1515729470686839	4.23703835725388	scRNA_endosplit
TUB	IgAN_vs_PAT_adj	META	CNT_PC	50	0.11539008819067659	3.290709032289219	scRNA_endosplit
TUB	IgAN_vs_PAT_adj	META	IC	50	0.01281706128811311	0.3538644426542367	scRNA_endosplit
TUB	IgAN_vs_PAT_adj	META	PODO	50	-0.09178751728219747	-2.8236451919205727	scRNA_endosplit
TUB	IgAN_vs_PAT_adj	META	PEC	50	-0.13950625335342598	-4.015822067132995	scRNA_endosplit
TUB	IgAN_vs_PAT_adj	META	ENDO_PT	50	0.021852361897357352	0.5865428722173817	scRNA_endosplit
TUB	IgAN_vs_PAT_adj	META	MES	24	-0.037729752171814145	-0.7553151590192246	scRNA_endosplit
TUB	IgAN_vs_PAT_adj	META	STROMA	50	-0.08974701410843595	-2.608127144350868	scRNA_endosplit
TUB	IgAN_vs_PAT_adj	META	PERI	50	0.01745681765168757	0.3897722943240467	scRNA_endosplit
TUB	IgAN_vs_PAT_adj	META	BCELL	50	0.10141521197094536	2.7610517432756474	scRNA_endosplit
TUB	IgAN_vs_PAT_adj	META	TCELL	50	-0.0885729865766332	-2.8048525168773564	scRNA_endosplit
TUB	IgAN_vs_PAT_adj	META	NK	50	-0.056708610506472266	-1.7588210710107863	scRNA_endosplit
TUB	IgAN_vs_PAT_adj	META	MAC	50	-0.1750721277603044	-4.996712847098709	scRNA_endosplit
TUB	IgAN_vs_PAT_adj	META	DC	19	-0.02119928832817761	-0.41152308596129406	scRNA_endosplit
TUB	IgAN_vs_PAT_adj	META	ENDO_GC	50	-0.10004356820310736	-2.8424089466746825	scRNA_endosplit
TUB	IgAN_vs_PAT_adj	META	ENDO_ART	50	-0.029812024753562243	-0.9146756752997357	scRNA_endosplit
TUB	LN_vs_PAT	ERCB_TUB_H1	PT	28	-0.14172717491497416	-2.3055850386640544	scRNA_endosplit
TUB	LN_vs_PAT	ERCB_TUB_H1	PT_injured	16	-0.17296010081190616	-2.2806692135354636	scRNA_endosplit
TUB	LN_vs_PAT	ERCB_TUB_H1	LOH	22	-0.12616295130415395	-1.7867661710299774	scRNA_endosplit
TUB	LN_vs_PAT	ERCB_TUB_H1	DCT	22	-0.07691498795016244	-0.9192476591370842	scRNA_endosplit
TUB	LN_vs_PAT	ERCB_TUB_H1	CNT_PC	25	0.011674794657155875	0.7309457853130709	scRNA_endosplit
TUB	LN_vs_PAT	ERCB_TUB_H1	IC	17	-0.033568024197045465	-0.08651753106868708	scRNA_endosplit
TUB	LN_vs_PAT	ERCB_TUB_H1	PODO	19	0.09954692795872688	2.0910797699984185	scRNA_endosplit
TUB	LN_vs_PAT	ERCB_TUB_H1	PEC	28	0.012694080435072209	0.8702950649641521	scRNA_endosplit
TUB	LN_vs_PAT	ERCB_TUB_H1	ENDO_PT	33	-0.04757464727894826	-0.45254547877706175	scRNA_endosplit
TUB	LN_vs_PAT	ERCB_TUB_H1	MES	18	0.051334989878038556	1.3894767169154663	scRNA_endosplit
TUB	LN_vs_PAT	ERCB_TUB_H1	STROMA	35	0.0001319132213081537	0.6575168607003921	scRNA_endosplit
TUB	LN_vs_PAT	ERCB_TUB_H1	PERI	32	-0.10591577621744361	-1.7148667025625917	scRNA_endosplit
TUB	LN_vs_PAT	ERCB_TUB_H1	BCELL	28	0.05704798319909191	1.7111259691255163	scRNA_endosplit
TUB	LN_vs_PAT	ERCB_TUB_H1	TCELL	35	0.03838231925453458	1.5929728914099157	scRNA_endosplit
TUB	LN_vs_PAT	ERCB_TUB_H1	NK	30	-0.03549433934191863	-0.18863989763056976	scRNA_endosplit
TUB	LN_vs_PAT	ERCB_TUB_H1	MAC	32	0.18525464093545452	4.6359834992053015	scRNA_endosplit
TUB	LN_vs_PAT	ERCB_TUB_H1	DC	12	-0.04061304669206341	-0.13034498634470104	scRNA_endosplit
TUB	LN_vs_PAT	ERCB_TUB_H1	ENDO_GC	25	0.025917872786521932	1.0618126315732592	scRNA_endosplit
TUB	LN_vs_PAT	ERCB_TUB_H1	ENDO_ART	25	-0.011904703527688989	0.27745912034588976	scRNA_endosplit
TUB	LN_vs_PAT	META	PT	28	-0.14172717491497416	-2.3158590805554056	scRNA_endosplit
TUB	LN_vs_PAT	META	PT_injured	16	-0.17296010081190616	-2.2486195502009863	scRNA_endosplit
TUB	LN_vs_PAT	META	LOH	22	-0.12616295130415395	-1.7944207891586679	scRNA_endosplit
TUB	LN_vs_PAT	META	DCT	22	-0.07691498795016244	-0.8758189869283516	scRNA_endosplit
TUB	LN_vs_PAT	META	CNT_PC	25	0.011674794657155875	0.7492337102678479	scRNA_endosplit
TUB	LN_vs_PAT	META	IC	17	-0.033568024197045465	-0.055122909170508785	scRNA_endosplit
TUB	LN_vs_PAT	META	PODO	19	0.09954692795872688	2.1353235217141093	scRNA_endosplit
TUB	LN_vs_PAT	META	PEC	28	0.012694080435072209	0.7921161395265707	scRNA_endosplit
TUB	LN_vs_PAT	META	ENDO_PT	33	-0.04757464727894826	-0.4421904197658518	scRNA_endosplit
TUB	LN_vs_PAT	META	MES	18	0.051334989878038556	1.3168413404931543	scRNA_endosplit
TUB	LN_vs_PAT	META	STROMA	35	0.0001319132213081537	0.6603392368738205	scRNA_endosplit
TUB	LN_vs_PAT	META	PERI	32	-0.10591577621744361	-1.7004349807811572	scRNA_endosplit
TUB	LN_vs_PAT	META	BCELL	28	0.05704798319909191	1.847657435518862	scRNA_endosplit
TUB	LN_vs_PAT	META	TCELL	35	0.03838231925453458	1.480062645244598	scRNA_endosplit
TUB	LN_vs_PAT	META	NK	30	-0.03549433934191863	-0.18111175146682007	scRNA_endosplit
TUB	LN_vs_PAT	META	MAC	32	0.18525464093545452	4.810863890682058	scRNA_endosplit
TUB	LN_vs_PAT	META	DC	12	-0.04061304669206341	-0.17307090560145597	scRNA_endosplit
TUB	LN_vs_PAT	META	ENDO_GC	25	0.025917872786521932	1.0223785514062886	scRNA_endosplit
TUB	LN_vs_PAT	META	ENDO_ART	25	-0.011904703527688989	0.2621485038734666	scRNA_endosplit
TUB	LN_vs_PAT_adj	ERCB_TUB_H1	PT	28	-0.0406999955958128	-0.41994823907576256	scRNA_endosplit
TUB	LN_vs_PAT_adj	ERCB_TUB_H1	PT_injured	16	-0.13880254928885188	-1.9366050603051694	scRNA_endosplit
TUB	LN_vs_PAT_adj	ERCB_TUB_H1	LOH	22	-0.11113369582416403	-1.7109440326341983	scRNA_endosplit
TUB	LN_vs_PAT_adj	ERCB_TUB_H1	DCT	22	-0.019409131768471213	0.03448946013857572	scRNA_endosplit
TUB	LN_vs_PAT_adj	ERCB_TUB_H1	CNT_PC	25	0.030875985237452896	1.0216446972327637	scRNA_endosplit
TUB	LN_vs_PAT_adj	ERCB_TUB_H1	IC	17	-0.0073234088450666	0.20921679552739592	scRNA_endosplit
TUB	LN_vs_PAT_adj	ERCB_TUB_H1	PODO	19	0.1571216313184147	3.0422702870798846	scRNA_endosplit
TUB	LN_vs_PAT_adj	ERCB_TUB_H1	PEC	28	0.015154151781451061	0.7888453522246983	scRNA_endosplit
TUB	LN_vs_PAT_adj	ERCB_TUB_H1	ENDO_PT	33	-0.043022741047157274	-0.4819393392781772	scRNA_endosplit
TUB	LN_vs_PAT_adj	ERCB_TUB_H1	MES	18	0.05175506839424101	1.3020843898535683	scRNA_endosplit
TUB	LN_vs_PAT_adj	ERCB_TUB_H1	STROMA	35	-0.024447971019152744	-0.09415439978872643	scRNA_endosplit
TUB	LN_vs_PAT_adj	ERCB_TUB_H1	PERI	32	-0.07225493041214848	-1.140688065429143	scRNA_endosplit
TUB	LN_vs_PAT_adj	ERCB_TUB_H1	BCELL	28	0.03939625259247642	1.245840293198159	scRNA_endosplit
TUB	LN_vs_PAT_adj	ERCB_TUB_H1	TCELL	35	-0.0028097081091282192	0.4323999815083008	scRNA_endosplit
TUB	LN_vs_PAT_adj	ERCB_TUB_H1	NK	30	-0.06489356961970508	-0.9614527633593354	scRNA_endosplit
TUB	LN_vs_PAT_adj	ERCB_TUB_H1	MAC	32	0.1852654290070356	4.657293248954115	scRNA_endosplit
TUB	LN_vs_PAT_adj	ERCB_TUB_H1	DC	12	-0.05917163869678305	-0.6035805445083816	scRNA_endosplit
TUB	LN_vs_PAT_adj	ERCB_TUB_H1	ENDO_GC	25	0.06354078309174732	1.6086013655970801	scRNA_endosplit
TUB	LN_vs_PAT_adj	ERCB_TUB_H1	ENDO_ART	25	-0.016748713865009743	0.11936361517066098	scRNA_endosplit
TUB	LN_vs_PAT_adj	META	PT	28	-0.0406999955958128	-0.43117337117546084	scRNA_endosplit
TUB	LN_vs_PAT_adj	META	PT_injured	16	-0.13880254928885188	-1.8328783211076625	scRNA_endosplit
TUB	LN_vs_PAT_adj	META	LOH	22	-0.11113369582416403	-1.742221561831646	scRNA_endosplit
TUB	LN_vs_PAT_adj	META	DCT	22	-0.019409131768471213	0.04890647705991402	scRNA_endosplit
TUB	LN_vs_PAT_adj	META	CNT_PC	25	0.030875985237452896	1.0272948722027817	scRNA_endosplit
TUB	LN_vs_PAT_adj	META	IC	17	-0.0073234088450666	0.15115458234178605	scRNA_endosplit
TUB	LN_vs_PAT_adj	META	PODO	19	0.1571216313184147	3.074013971955219	scRNA_endosplit
TUB	LN_vs_PAT_adj	META	PEC	28	0.015154151781451061	0.8100119981892935	scRNA_endosplit
TUB	LN_vs_PAT_adj	META	ENDO_PT	33	-0.043022741047157274	-0.5054677569426324	scRNA_endosplit
TUB	LN_vs_PAT_adj	META	MES	18	0.05175506839424101	1.2077641564819686	scRNA_endosplit
TUB	LN_vs_PAT_adj	META	STROMA	35	-0.024447971019152744	-0.08954612115267176	scRNA_endosplit
TUB	LN_vs_PAT_adj	META	PERI	32	-0.07225493041214848	-1.1317080179356525	scRNA_endosplit
TUB	LN_vs_PAT_adj	META	BCELL	28	0.03939625259247642	1.2768990782515814	scRNA_endosplit
TUB	LN_vs_PAT_adj	META	TCELL	35	-0.0028097081091282192	0.4205851314114703	scRNA_endosplit
TUB	LN_vs_PAT_adj	META	NK	30	-0.06489356961970508	-0.9780940147013131	scRNA_endosplit
TUB	LN_vs_PAT_adj	META	MAC	32	0.1852654290070356	4.678290960914463	scRNA_endosplit
TUB	LN_vs_PAT_adj	META	DC	12	-0.05917163869678305	-0.538171356936178	scRNA_endosplit
TUB	LN_vs_PAT_adj	META	ENDO_GC	25	0.06354078309174732	1.7523068405549285	scRNA_endosplit
TUB	LN_vs_PAT_adj	META	ENDO_ART	25	-0.016748713865009743	0.0804458063738638	scRNA_endosplit
TUB	MCD_vs_PAT	ERCB_TUB_H1	PT	28	0.48389352173710776	6.859358645671877	scRNA_endosplit
TUB	MCD_vs_PAT	ERCB_TUB_H1	PT_injured	16	0.3417536052875221	3.585629189146104	scRNA_endosplit
TUB	MCD_vs_PAT	ERCB_TUB_H1	LOH	22	-0.09546414999799295	-1.6427547963162334	scRNA_endosplit
TUB	MCD_vs_PAT	ERCB_TUB_H1	DCT	22	0.11910054358569058	1.2363286384655097	scRNA_endosplit
TUB	MCD_vs_PAT	ERCB_TUB_H1	CNT_PC	25	-0.1510489285364747	-2.473829163549	scRNA_endosplit
TUB	MCD_vs_PAT	ERCB_TUB_H1	IC	17	0.05881310275906476	0.39746807439676624	scRNA_endosplit
TUB	MCD_vs_PAT	ERCB_TUB_H1	PODO	19	0.12342763613713413	1.1702559259158645	scRNA_endosplit
TUB	MCD_vs_PAT	ERCB_TUB_H1	PEC	28	0.011928805665645208	-0.2344458125265656	scRNA_endosplit
TUB	MCD_vs_PAT	ERCB_TUB_H1	ENDO_PT	33	-0.09066115734590727	-1.7900523700772477	scRNA_endosplit
TUB	MCD_vs_PAT	ERCB_TUB_H1	MES	18	-0.06788326013419363	-1.1247698876930403	scRNA_endosplit
TUB	MCD_vs_PAT	ERCB_TUB_H1	STROMA	35	-0.08753590855215276	-1.9006858379882354	scRNA_endosplit
TUB	MCD_vs_PAT	ERCB_TUB_H1	PERI	32	0.03614810762519482	0.17650885725644053	scRNA_endosplit
TUB	MCD_vs_PAT	ERCB_TUB_H1	BCELL	28	-0.07993435166177473	-1.567304952208263	scRNA_endosplit
TUB	MCD_vs_PAT	ERCB_TUB_H1	TCELL	35	-0.21018249674567155	-3.7369132979128254	scRNA_endosplit
TUB	MCD_vs_PAT	ERCB_TUB_H1	NK	30	-0.1861376376201709	-3.1773289790485153	scRNA_endosplit
TUB	MCD_vs_PAT	ERCB_TUB_H1	MAC	32	-0.13989696409043972	-2.680850242593856	scRNA_endosplit
TUB	MCD_vs_PAT	ERCB_TUB_H1	DC	12	-0.04581854344966511	-0.6675836352675285	scRNA_endosplit
TUB	MCD_vs_PAT	ERCB_TUB_H1	ENDO_GC	25	0.003757485561072822	-0.31778371244013687	scRNA_endosplit
TUB	MCD_vs_PAT	ERCB_TUB_H1	ENDO_ART	25	-0.21366978799924255	-3.3126456461541363	scRNA_endosplit
TUB	MCD_vs_PAT	GSE108112-GPL19983	PT	48	0.20511192626630267	6.05659080416401	scRNA_endosplit
TUB	MCD_vs_PAT	GSE108112-GPL19983	PT_injured	48	0.12770704545255285	3.8660763338929707	scRNA_endosplit
TUB	MCD_vs_PAT	GSE108112-GPL19983	LOH	46	-0.01618413746599917	-0.3648086065789677	scRNA_endosplit
TUB	MCD_vs_PAT	GSE108112-GPL19983	DCT	46	-0.005127398261759915	-0.07243130239009625	scRNA_endosplit
TUB	MCD_vs_PAT	GSE108112-GPL19983	CNT_PC	47	0.0703630148968164	2.1103810474083313	scRNA_endosplit
TUB	MCD_vs_PAT	GSE108112-GPL19983	IC	48	0.1154415180014136	3.5759859856153073	scRNA_endosplit
TUB	MCD_vs_PAT	GSE108112-GPL19983	PODO	48	0.03629739677126054	1.1570595329530164	scRNA_endosplit
TUB	MCD_vs_PAT	GSE108112-GPL19983	PEC	48	-0.010603541430706784	-0.1998237760941299	scRNA_endosplit
TUB	MCD_vs_PAT	GSE108112-GPL19983	ENDO_PT	49	-0.1467737957588112	-4.365241698984777	scRNA_endosplit
TUB	MCD_vs_PAT	GSE108112-GPL19983	MES	22	-0.16442390012724156	-3.1299342981467597	scRNA_endosplit
TUB	MCD_vs_PAT	GSE108112-GPL19983	STROMA	49	-0.19672341560778608	-5.608546131520863	scRNA_endosplit
TUB	MCD_vs_PAT	GSE108112-GPL19983	PERI	48	-0.06107591992865006	-1.7930965416665587	scRNA_endosplit
TUB	MCD_vs_PAT	GSE108112-GPL19983	BCELL	44	-0.13432747547895732	-3.780098993262909	scRNA_endosplit
TUB	MCD_vs_PAT	GSE108112-GPL19983	TCELL	47	-0.04634194672504004	-1.2129526403068835	scRNA_endosplit
TUB	MCD_vs_PAT	GSE108112-GPL19983	NK	48	-0.05488170233244697	-1.5017135800762431	scRNA_endosplit
TUB	MCD_vs_PAT	GSE108112-GPL19983	MAC	49	-0.07974358230392087	-2.3401187416031686	scRNA_endosplit
TUB	MCD_vs_PAT	GSE108112-GPL19983	DC	19	-0.13643213079654073	-2.4071935214330438	scRNA_endosplit
TUB	MCD_vs_PAT	GSE108112-GPL19983	ENDO_GC	48	-0.006360270121755693	-0.11546919195225448	scRNA_endosplit
TUB	MCD_vs_PAT	GSE108112-GPL19983	ENDO_ART	47	-0.02136760914420827	-0.5813549773315155	scRNA_endosplit
TUB	MCD_vs_PAT	GSE133288-GPL19983	PT	48	0.4244497363300373	8.79118253600223	scRNA_endosplit
TUB	MCD_vs_PAT	GSE133288-GPL19983	PT_injured	48	0.10266457640197284	1.844553342014733	scRNA_endosplit
TUB	MCD_vs_PAT	GSE133288-GPL19983	LOH	46	-0.008477118341429368	-0.5968321785390575	scRNA_endosplit
TUB	MCD_vs_PAT	GSE133288-GPL19983	DCT	46	0.13469587873829447	2.5885357066220296	scRNA_endosplit
TUB	MCD_vs_PAT	GSE133288-GPL19983	CNT_PC	47	0.16219888025513315	3.07859539993899	scRNA_endosplit
TUB	MCD_vs_PAT	GSE133288-GPL19983	IC	48	0.13945261819753796	2.6509650761885775	scRNA_endosplit
TUB	MCD_vs_PAT	GSE133288-GPL19983	PODO	48	0.13360261408767352	2.6939495549381727	scRNA_endosplit
TUB	MCD_vs_PAT	GSE133288-GPL19983	PEC	48	-0.18059749524885169	-4.361370357769972	scRNA_endosplit
TUB	MCD_vs_PAT	GSE133288-GPL19983	ENDO_PT	49	0.020778068450602646	0.08192495157226423	scRNA_endosplit
TUB	MCD_vs_PAT	GSE133288-GPL19983	MES	22	-0.08768501471389424	-1.6359852602656768	scRNA_endosplit
TUB	MCD_vs_PAT	GSE133288-GPL19983	STROMA	49	-0.16543567984612012	-4.067881032929937	scRNA_endosplit
TUB	MCD_vs_PAT	GSE133288-GPL19983	PERI	48	-0.00724314277370771	-0.5027320684144152	scRNA_endosplit
TUB	MCD_vs_PAT	GSE133288-GPL19983	BCELL	44	-0.26176369478079403	-5.851405149429397	scRNA_endosplit
TUB	MCD_vs_PAT	GSE133288-GPL19983	TCELL	47	-0.1925412525046379	-4.58988249780953	scRNA_endosplit
TUB	MCD_vs_PAT	GSE133288-GPL19983	NK	48	-0.08599160794983617	-2.26060561689166	scRNA_endosplit
TUB	MCD_vs_PAT	GSE133288-GPL19983	MAC	49	-0.17707236244447758	-4.316370691861523	scRNA_endosplit
TUB	MCD_vs_PAT	GSE133288-GPL19983	DC	19	-0.16013227746282754	-2.3993893309148655	scRNA_endosplit
TUB	MCD_vs_PAT	GSE133288-GPL19983	ENDO_GC	48	0.0530498994824787	0.7669645925573767	scRNA_endosplit
TUB	MCD_vs_PAT	GSE133288-GPL19983	ENDO_ART	47	-0.03212606056811328	-1.0954194416328438	scRNA_endosplit
TUB	MCD_vs_PAT	GSE175759-RNAseq	PT	50	0.10094010885804891	1.81756334265034	scRNA_endosplit
TUB	MCD_vs_PAT	GSE175759-RNAseq	PT_injured	50	0.19165803108364343	3.418542904940019	scRNA_endosplit
TUB	MCD_vs_PAT	GSE175759-RNAseq	LOH	50	-0.03221723096445203	-0.6245566451300736	scRNA_endosplit
TUB	MCD_vs_PAT	GSE175759-RNAseq	DCT	50	0.031355018210597344	0.5271806743426246	scRNA_endosplit
TUB	MCD_vs_PAT	GSE175759-RNAseq	CNT_PC	50	-0.003312702924013136	-0.10285525229250812	scRNA_endosplit
TUB	MCD_vs_PAT	GSE175759-RNAseq	IC	50	0.22977014925330877	3.8455207408742385	scRNA_endosplit
TUB	MCD_vs_PAT	GSE175759-RNAseq	PODO	50	-0.13588342639617623	-2.3444610847919485	scRNA_endosplit
TUB	MCD_vs_PAT	GSE175759-RNAseq	PEC	50	0.10326558195753023	1.8010051161542209	scRNA_endosplit
TUB	MCD_vs_PAT	GSE175759-RNAseq	ENDO_PT	50	0.016793967140838504	0.2989853882678866	scRNA_endosplit
TUB	MCD_vs_PAT	GSE175759-RNAseq	MES	24	-0.328132746508345	-4.1281677860886585	scRNA_endosplit
TUB	MCD_vs_PAT	GSE175759-RNAseq	STROMA	50	-0.20530198968946933	-3.4184656029623692	scRNA_endosplit
TUB	MCD_vs_PAT	GSE175759-RNAseq	PERI	50	-0.04912444496527314	-0.8359595582096363	scRNA_endosplit
TUB	MCD_vs_PAT	GSE175759-RNAseq	BCELL	50	-0.5083650928735733	-9.010013613075897	scRNA_endosplit
TUB	MCD_vs_PAT	GSE175759-RNAseq	TCELL	50	-0.5684108538925647	-10.183453304782539	scRNA_endosplit
TUB	MCD_vs_PAT	GSE175759-RNAseq	NK	50	-0.36282917141914367	-6.540479221225573	scRNA_endosplit
TUB	MCD_vs_PAT	GSE175759-RNAseq	MAC	50	-0.051878793239593504	-0.8663012592935077	scRNA_endosplit
TUB	MCD_vs_PAT	GSE175759-RNAseq	DC	19	-0.2824704218165655	-3.0844772360854384	scRNA_endosplit
TUB	MCD_vs_PAT	GSE175759-RNAseq	ENDO_GC	50	0.02123942894861102	0.3662127789875462	scRNA_endosplit
TUB	MCD_vs_PAT	GSE175759-RNAseq	ENDO_ART	50	-0.07161397848278284	-1.2278606916931252	scRNA_endosplit
TUB	MCD_vs_PAT	GSE182380-RNAseq	PT	47	0.29116096278216613	5.635602850515763	scRNA_endosplit
TUB	MCD_vs_PAT	GSE182380-RNAseq	PT_injured	38	0.16958107637535585	2.331471499483263	scRNA_endosplit
TUB	MCD_vs_PAT	GSE182380-RNAseq	LOH	37	0.06241048942949321	0.01303998174387021	scRNA_endosplit
TUB	MCD_vs_PAT	GSE182380-RNAseq	DCT	40	0.3240039681084454	5.761428868275363	scRNA_endosplit
TUB	MCD_vs_PAT	GSE182380-RNAseq	CNT_PC	41	0.04007120914302948	-0.46926414316377935	scRNA_endosplit
TUB	MCD_vs_PAT	GSE182380-RNAseq	IC	42	0.3337808976371196	6.529590640082554	scRNA_endosplit
TUB	MCD_vs_PAT	GSE182380-RNAseq	PODO	39	0.12031526887455045	1.3685053839432055	scRNA_endosplit
TUB	MCD_vs_PAT	GSE182380-RNAseq	PEC	45	-0.10134892838541418	-3.9946776858678157	scRNA_endosplit
TUB	MCD_vs_PAT	GSE182380-RNAseq	ENDO_PT	49	-0.010700808210792594	-1.7004590403356736	scRNA_endosplit
TUB	MCD_vs_PAT	GSE182380-RNAseq	MES	21	-0.04427189221383915	-1.787119307595542	scRNA_endosplit
TUB	MCD_vs_PAT	GSE182380-RNAseq	STROMA	49	-0.09603655406711054	-3.9230118644175254	scRNA_endosplit
TUB	MCD_vs_PAT	GSE182380-RNAseq	PERI	45	0.03228002074691984	-0.6188593637440069	scRNA_endosplit
TUB	MCD_vs_PAT	GSE182380-RNAseq	BCELL	32	-0.22282318188808858	-5.6814839254629055	scRNA_endosplit
TUB	MCD_vs_PAT	GSE182380-RNAseq	TCELL	39	-0.30496131824568296	-7.8959251365558645	scRNA_endosplit
TUB	MCD_vs_PAT	GSE182380-RNAseq	NK	47	-0.22956128870236112	-6.875043617687648	scRNA_endosplit
TUB	MCD_vs_PAT	GSE182380-RNAseq	MAC	48	-0.263655924393485	-8.240876188804775	scRNA_endosplit
TUB	MCD_vs_PAT	GSE182380-RNAseq	DC	17	-0.25132838154540343	-4.683289018347192	scRNA_endosplit
TUB	MCD_vs_PAT	GSE182380-RNAseq	ENDO_GC	41	0.11863547888947878	1.277801152869022	scRNA_endosplit
TUB	MCD_vs_PAT	GSE182380-RNAseq	ENDO_ART	42	0.006524553300724147	-1.2588525627443632	scRNA_endosplit
TUB	MCD_vs_PAT	META	PT	50	0.2807949471191192	7.349671826387478	scRNA_endosplit
TUB	MCD_vs_PAT	META	PT_injured	50	0.16383062119750924	3.9384643290598356	scRNA_endosplit
TUB	MCD_vs_PAT	META	LOH	50	-0.04264528136750838	-1.7191532068968984	scRNA_endosplit
TUB	MCD_vs_PAT	META	DCT	50	0.08305912536382674	1.7323375262403966	scRNA_endosplit
TUB	MCD_vs_PAT	META	CNT_PC	50	0.04201648064834685	0.6670693697143837	scRNA_endosplit
TUB	MCD_vs_PAT	META	IC	50	0.19057024031264397	4.735057750355372	scRNA_endosplit
TUB	MCD_vs_PAT	META	PODO	50	0.036193943390777944	0.4878272170201659	scRNA_endosplit
TUB	MCD_vs_PAT	META	PEC	50	-0.04024969988541367	-1.642209645583698	scRNA_endosplit
TUB	MCD_vs_PAT	META	ENDO_PT	50	-0.044571770125844824	-1.7538939233619377	scRNA_endosplit
TUB	MCD_vs_PAT	META	MES	24	-0.1536024393804837	-3.320076681509342	scRNA_endosplit
TUB	MCD_vs_PAT	META	STROMA	50	-0.1438428764025642	-4.478936110195881	scRNA_endosplit
TUB	MCD_vs_PAT	META	PERI	50	-0.014820535571935271	-0.9628292577227391	scRNA_endosplit
TUB	MCD_vs_PAT	META	BCELL	50	-0.32099030418818203	-9.733525367459888	scRNA_endosplit
TUB	MCD_vs_PAT	META	TCELL	50	-0.24659246320401626	-7.687546556299363	scRNA_endosplit
TUB	MCD_vs_PAT	META	NK	50	-0.18248613236332312	-5.470713051883146	scRNA_endosplit
TUB	MCD_vs_PAT	META	MAC	50	-0.134976669162279	-4.392934991914669	scRNA_endosplit
TUB	MCD_vs_PAT	META	DC	19	-0.1855138716904708	-3.575797845783669	scRNA_endosplit
TUB	MCD_vs_PAT	META	ENDO_GC	50	0.048083592549897726	0.8084588220865455	scRNA_endosplit
TUB	MCD_vs_PAT	META	ENDO_ART	50	-0.049024361555775	-1.9842849003276202	scRNA_endosplit
TUB	MCD_vs_PAT_adj	ERCB_TUB_H1	PT	28	0.21372403818127042	3.850678103277321	scRNA_endosplit
TUB	MCD_vs_PAT_adj	ERCB_TUB_H1	PT_injured	16	0.20892267651257063	2.654601391084073	scRNA_endosplit
TUB	MCD_vs_PAT_adj	ERCB_TUB_H1	LOH	22	-0.15544699196405623	-2.3959693619675337	scRNA_endosplit
TUB	MCD_vs_PAT_adj	ERCB_TUB_H1	DCT	22	-0.059193565057112235	-0.9745367072335095	scRNA_endosplit
TUB	MCD_vs_PAT_adj	ERCB_TUB_H1	CNT_PC	25	-0.21623308506222172	-3.45064041993239	scRNA_endosplit
TUB	MCD_vs_PAT_adj	ERCB_TUB_H1	IC	17	-0.023919516528356874	-0.37853570224896427	scRNA_endosplit
TUB	MCD_vs_PAT_adj	ERCB_TUB_H1	PODO	19	-0.025759949315899134	-0.462876654191809	scRNA_endosplit
TUB	MCD_vs_PAT_adj	ERCB_TUB_H1	PEC	28	-0.0017083074356899505	-0.06581695965660685	scRNA_endosplit
TUB	MCD_vs_PAT_adj	ERCB_TUB_H1	ENDO_PT	33	-0.12267412457643645	-2.408407867233184	scRNA_endosplit
TUB	MCD_vs_PAT_adj	ERCB_TUB_H1	MES	18	-0.058858043614061106	-0.8165091412992735	scRNA_endosplit
TUB	MCD_vs_PAT_adj	ERCB_TUB_H1	STROMA	35	-0.045321614338073385	-0.9568276646614049	scRNA_endosplit
TUB	MCD_vs_PAT_adj	ERCB_TUB_H1	PERI	32	-0.08868935675312088	-1.6684827467185719	scRNA_endosplit
TUB	MCD_vs_PAT_adj	ERCB_TUB_H1	BCELL	28	-0.01570963038601565	-0.36538350650119916	scRNA_endosplit
TUB	MCD_vs_PAT_adj	ERCB_TUB_H1	TCELL	35	-0.08474375115013626	-1.7898704405156776	scRNA_endosplit
TUB	MCD_vs_PAT_adj	ERCB_TUB_H1	NK	30	-0.10419026369253717	-2.017678396393629	scRNA_endosplit
TUB	MCD_vs_PAT_adj	ERCB_TUB_H1	MAC	32	-0.023842465644140047	-0.545888225014398	scRNA_endosplit
TUB	MCD_vs_PAT_adj	ERCB_TUB_H1	DC	12	0.01737371526469433	0.17255951543900194	scRNA_endosplit
TUB	MCD_vs_PAT_adj	ERCB_TUB_H1	ENDO_GC	25	-0.10863280961892131	-1.8519424217641167	scRNA_endosplit
TUB	MCD_vs_PAT_adj	ERCB_TUB_H1	ENDO_ART	25	-0.2106595641676105	-3.589541271749186	scRNA_endosplit
TUB	MCD_vs_PAT_adj	GSE108112-GPL19983	PT	48	0.13313232202636127	4.237605164868465	scRNA_endosplit
TUB	MCD_vs_PAT_adj	GSE108112-GPL19983	PT_injured	48	0.10240045866525511	3.210476806387376	scRNA_endosplit
TUB	MCD_vs_PAT_adj	GSE108112-GPL19983	LOH	46	-0.022200546023038906	-0.5001147550513584	scRNA_endosplit
TUB	MCD_vs_PAT_adj	GSE108112-GPL19983	DCT	46	-0.048295252389011695	-1.2610293154045575	scRNA_endosplit
TUB	MCD_vs_PAT_adj	GSE108112-GPL19983	CNT_PC	47	0.03208225123268295	1.1033517840040985	scRNA_endosplit
TUB	MCD_vs_PAT_adj	GSE108112-GPL19983	IC	48	0.07025950391317252	2.3518223816773123	scRNA_endosplit
TUB	MCD_vs_PAT_adj	GSE108112-GPL19983	PODO	48	0.006463105053589153	0.3448008346011239	scRNA_endosplit
TUB	MCD_vs_PAT_adj	GSE108112-GPL19983	PEC	48	-0.014399066159297633	-0.16029153340715396	scRNA_endosplit
TUB	MCD_vs_PAT_adj	GSE108112-GPL19983	ENDO_PT	49	-0.14550029370613743	-4.152430668104006	scRNA_endosplit
TUB	MCD_vs_PAT_adj	GSE108112-GPL19983	MES	22	-0.14273050598381753	-2.8107436816397224	scRNA_endosplit
TUB	MCD_vs_PAT_adj	GSE108112-GPL19983	STROMA	49	-0.16859819395890166	-4.999609147300537	scRNA_endosplit
TUB	MCD_vs_PAT_adj	GSE108112-GPL19983	PERI	48	-0.06583736134904579	-1.756754835154489	scRNA_endosplit
TUB	MCD_vs_PAT_adj	GSE108112-GPL19983	BCELL	44	-0.06801211759256222	-1.7286225177479957	scRNA_endosplit
TUB	MCD_vs_PAT_adj	GSE108112-GPL19983	TCELL	47	0.019756930802509454	0.7458764962178913	scRNA_endosplit
TUB	MCD_vs_PAT_adj	GSE108112-GPL19983	NK	48	-0.019569745086617185	-0.3796044054886415	scRNA_endosplit
TUB	MCD_vs_PAT_adj	GSE108112-GPL19983	MAC	49	-0.048311971407238676	-1.278864057987538	scRNA_endosplit
TUB	MCD_vs_PAT_adj	GSE108112-GPL19983	DC	19	-0.10147972578613004	-1.8306530170344797	scRNA_endosplit
TUB	MCD_vs_PAT_adj	GSE108112-GPL19983	ENDO_GC	48	-0.012839087291888686	-0.14457170591690505	scRNA_endosplit
TUB	MCD_vs_PAT_adj	GSE108112-GPL19983	ENDO_ART	47	-0.016369640707279323	-0.2621053845540671	scRNA_endosplit
TUB	MCD_vs_PAT_adj	GSE133288-GPL19983	PT	48	0.29308339765093766	6.938540360557025	scRNA_endosplit
TUB	MCD_vs_PAT_adj	GSE133288-GPL19983	PT_injured	48	0.07412645380923531	1.5044303192923367	scRNA_endosplit
TUB	MCD_vs_PAT_adj	GSE133288-GPL19983	LOH	46	0.031849784344704354	0.4833283627692263	scRNA_endosplit
TUB	MCD_vs_PAT_adj	GSE133288-GPL19983	DCT	46	0.05377658529768282	0.9454979464726752	scRNA_endosplit
TUB	MCD_vs_PAT_adj	GSE133288-GPL19983	CNT_PC	47	0.12794453472658382	2.786965834241065	scRNA_endosplit
TUB	MCD_vs_PAT_adj	GSE133288-GPL19983	IC	48	0.03127838361263775	0.35981191959361386	scRNA_endosplit
TUB	MCD_vs_PAT_adj	GSE133288-GPL19983	PODO	48	0.042705761350276095	0.7421713676669071	scRNA_endosplit
TUB	MCD_vs_PAT_adj	GSE133288-GPL19983	PEC	48	-0.15185178026024782	-4.142426435014611	scRNA_endosplit
TUB	MCD_vs_PAT_adj	GSE133288-GPL19983	ENDO_PT	49	0.03420373909831899	0.5078635491973527	scRNA_endosplit
TUB	MCD_vs_PAT_adj	GSE133288-GPL19983	MES	22	-0.09263370819223661	-1.7802748294190447	scRNA_endosplit
TUB	MCD_vs_PAT_adj	GSE133288-GPL19983	STROMA	49	-0.11484725816434997	-3.133919517934611	scRNA_endosplit
TUB	MCD_vs_PAT_adj	GSE133288-GPL19983	PERI	48	-0.029551618773752498	-1.0521460086680787	scRNA_endosplit
TUB	MCD_vs_PAT_adj	GSE133288-GPL19983	BCELL	44	-0.20773752672354667	-5.108871668622408	scRNA_endosplit
TUB	MCD_vs_PAT_adj	GSE133288-GPL19983	TCELL	47	-0.13436941611500025	-3.624831065900171	scRNA_endosplit
TUB	MCD_vs_PAT_adj	GSE133288-GPL19983	NK	48	-0.048070043393056934	-1.6031923932141456	scRNA_endosplit
TUB	MCD_vs_PAT_adj	GSE133288-GPL19983	MAC	49	-0.11484085934150925	-3.2813324238609374	scRNA_endosplit
TUB	MCD_vs_PAT_adj	GSE133288-GPL19983	DC	19	-0.09299693099934152	-1.6788199798443566	scRNA_endosplit
TUB	MCD_vs_PAT_adj	GSE133288-GPL19983	ENDO_GC	48	0.024939788555445486	0.28493106201420454	scRNA_endosplit
TUB	MCD_vs_PAT_adj	GSE133288-GPL19983	ENDO_ART	47	-0.0322761090526556	-1.0810586986334345	scRNA_endosplit
TUB	MCD_vs_PAT_adj	GSE175759-RNAseq	PT	50	0.09215172867869581	1.5786303275809743	scRNA_endosplit
TUB	MCD_vs_PAT_adj	GSE175759-RNAseq	PT_injured	50	0.19057215183097242	3.118586543421874	scRNA_endosplit
TUB	MCD_vs_PAT_adj	GSE175759-RNAseq	LOH	50	-0.04098388431163615	-0.7076895942494769	scRNA_endosplit
TUB	MCD_vs_PAT_adj	GSE175759-RNAseq	DCT	50	0.019417645690742405	0.3355995490947505	scRNA_endosplit
TUB	MCD_vs_PAT_adj	GSE175759-RNAseq	CNT_PC	50	-0.010440314592709405	-0.12337302050855022	scRNA_endosplit
TUB	MCD_vs_PAT_adj	GSE175759-RNAseq	IC	50	0.22684925085422183	3.717799795756687	scRNA_endosplit
TUB	MCD_vs_PAT_adj	GSE175759-RNAseq	PODO	50	-0.1503708549788567	-2.632645091826841	scRNA_endosplit
TUB	MCD_vs_PAT_adj	GSE175759-RNAseq	PEC	50	0.10722374008621716	1.7597893529671305	scRNA_endosplit
TUB	MCD_vs_PAT_adj	GSE175759-RNAseq	ENDO_PT	50	0.01834661535248624	0.28791047317670826	scRNA_endosplit
TUB	MCD_vs_PAT_adj	GSE175759-RNAseq	MES	24	-0.3328246820074502	-3.8550817413802925	scRNA_endosplit
TUB	MCD_vs_PAT_adj	GSE175759-RNAseq	STROMA	50	-0.20316057197944268	-3.476495466292214	scRNA_endosplit
TUB	MCD_vs_PAT_adj	GSE175759-RNAseq	PERI	50	-0.055865552421637495	-0.9705544971435626	scRNA_endosplit
TUB	MCD_vs_PAT_adj	GSE175759-RNAseq	BCELL	50	-0.5181171194984956	-8.980743255476346	scRNA_endosplit
TUB	MCD_vs_PAT_adj	GSE175759-RNAseq	TCELL	50	-0.5789766684424128	-9.541264127178867	scRNA_endosplit
TUB	MCD_vs_PAT_adj	GSE175759-RNAseq	NK	50	-0.36726933019451236	-6.179488991993044	scRNA_endosplit
TUB	MCD_vs_PAT_adj	GSE175759-RNAseq	MAC	50	-0.041737310625507805	-0.738526463395656	scRNA_endosplit
TUB	MCD_vs_PAT_adj	GSE175759-RNAseq	DC	19	-0.2869249314521078	-3.007513467966464	scRNA_endosplit
TUB	MCD_vs_PAT_adj	GSE175759-RNAseq	ENDO_GC	50	0.016727546510587003	0.229471526215213	scRNA_endosplit
TUB	MCD_vs_PAT_adj	GSE175759-RNAseq	ENDO_ART	50	-0.07353953166991982	-1.2119094011223888	scRNA_endosplit
TUB	MCD_vs_PAT_adj	GSE182380-RNAseq	PT	47	0.012934608186827758	-0.5530642869780604	scRNA_endosplit
TUB	MCD_vs_PAT_adj	GSE182380-RNAseq	PT_injured	38	0.02083162025143096	-0.20201550519499137	scRNA_endosplit
TUB	MCD_vs_PAT_adj	GSE182380-RNAseq	LOH	37	0.026178662216391767	-0.03449448220826726	scRNA_endosplit
TUB	MCD_vs_PAT_adj	GSE182380-RNAseq	DCT	40	0.1326001084940348	3.2126707347389325	scRNA_endosplit
TUB	MCD_vs_PAT_adj	GSE182380-RNAseq	CNT_PC	41	-0.018144163826868075	-1.4575294268018875	scRNA_endosplit
TUB	MCD_vs_PAT_adj	GSE182380-RNAseq	IC	42	0.1568295790259999	4.219636939208207	scRNA_endosplit
TUB	MCD_vs_PAT_adj	GSE182380-RNAseq	PODO	39	-0.019944347680786838	-1.4795443037277505	scRNA_endosplit
TUB	MCD_vs_PAT_adj	GSE182380-RNAseq	PEC	45	-0.07173107886750295	-3.211638068009862	scRNA_endosplit
TUB	MCD_vs_PAT_adj	GSE182380-RNAseq	ENDO_PT	49	0.023138353453552248	-0.11958620091332146	scRNA_endosplit
TUB	MCD_vs_PAT_adj	GSE182380-RNAseq	MES	21	-0.025457528867173045	-1.2234632663515188	scRNA_endosplit
TUB	MCD_vs_PAT_adj	GSE182380-RNAseq	STROMA	49	0.028957536381290706	0.03633199377958789	scRNA_endosplit
TUB	MCD_vs_PAT_adj	GSE182380-RNAseq	PERI	45	0.00984842015901431	-0.6117678331690465	scRNA_endosplit
TUB	MCD_vs_PAT_adj	GSE182380-RNAseq	BCELL	32	0.013898089792952519	-0.410664768174961	scRNA_endosplit
TUB	MCD_vs_PAT_adj	GSE182380-RNAseq	TCELL	39	-0.05264381145696222	-2.394926504723831	scRNA_endosplit
TUB	MCD_vs_PAT_adj	GSE182380-RNAseq	NK	47	-0.07237771438761094	-3.3751799883076004	scRNA_endosplit
TUB	MCD_vs_PAT_adj	GSE182380-RNAseq	MAC	48	-0.09232976629559764	-4.075568095402281	scRNA_endosplit
TUB	MCD_vs_PAT_adj	GSE182380-RNAseq	DC	17	-0.02382939866166812	-1.100035158094652	scRNA_endosplit
TUB	MCD_vs_PAT_adj	GSE182380-RNAseq	ENDO_GC	41	0.034398716305963056	0.1849918840591783	scRNA_endosplit
TUB	MCD_vs_PAT_adj	GSE182380-RNAseq	ENDO_ART	42	0.028538490398023926	0.005603563666129255	scRNA_endosplit
TUB	MCD_vs_PAT_adj	META	PT	50	0.1439852927539208	3.9126551490503467	scRNA_endosplit
TUB	MCD_vs_PAT_adj	META	PT_injured	50	0.1164722430726769	2.9263737050809304	scRNA_endosplit
TUB	MCD_vs_PAT_adj	META	LOH	50	-0.049747186403347715	-1.854490028603237	scRNA_endosplit
TUB	MCD_vs_PAT_adj	META	DCT	50	0.004744666427790527	-0.23313803816389328	scRNA_endosplit
TUB	MCD_vs_PAT_adj	META	CNT_PC	50	0.004834378703038787	-0.3118152710421636	scRNA_endosplit
TUB	MCD_vs_PAT_adj	META	IC	50	0.11061953272314225	2.890486635816247	scRNA_endosplit
TUB	MCD_vs_PAT_adj	META	PODO	50	-0.03045623628737553	-1.284784532660408	scRNA_endosplit
TUB	MCD_vs_PAT_adj	META	PEC	50	-0.031516186502118175	-1.292445833939264	scRNA_endosplit
TUB	MCD_vs_PAT_adj	META	ENDO_PT	50	-0.03832099317728286	-1.4704541974737522	scRNA_endosplit
TUB	MCD_vs_PAT_adj	META	MES	24	-0.15000650712085817	-3.4043998461907035	scRNA_endosplit
TUB	MCD_vs_PAT_adj	META	STROMA	50	-0.095579402523447	-3.0183513268357323	scRNA_endosplit
TUB	MCD_vs_PAT_adj	META	PERI	50	-0.042061546524780835	-1.5231242695004181	scRNA_endosplit
TUB	MCD_vs_PAT_adj	META	BCELL	50	-0.2587188467927041	-8.104939393593849	scRNA_endosplit
TUB	MCD_vs_PAT_adj	META	TCELL	50	-0.1638342085152809	-5.17000099511422	scRNA_endosplit
TUB	MCD_vs_PAT_adj	META	NK	50	-0.12731202334743041	-4.152855559270291	scRNA_endosplit
TUB	MCD_vs_PAT_adj	META	MAC	50	-0.06374425243645472	-2.1664182619451338	scRNA_endosplit
TUB	MCD_vs_PAT_adj	META	DC	19	-0.11139475255171964	-2.1799577555511105	scRNA_endosplit
TUB	MCD_vs_PAT_adj	META	ENDO_GC	50	0.012442208175392981	-0.01238041117078594	scRNA_endosplit
TUB	MCD_vs_PAT_adj	META	ENDO_ART	50	-0.04641636437963325	-1.8661677839201196	scRNA_endosplit
TUB	MN_vs_PAT	ERCB_TUB_H1	PT	28	0.3877046267901148	5.617141291037214	scRNA_endosplit
TUB	MN_vs_PAT	ERCB_TUB_H1	PT_injured	16	0.222186277853325	2.2611485060289467	scRNA_endosplit
TUB	MN_vs_PAT	ERCB_TUB_H1	LOH	22	0.2571005446159027	3.072227641656244	scRNA_endosplit
TUB	MN_vs_PAT	ERCB_TUB_H1	DCT	22	0.1933053113858808	2.27857475908207	scRNA_endosplit
TUB	MN_vs_PAT	ERCB_TUB_H1	CNT_PC	25	0.08163168874569235	0.61504649567773	scRNA_endosplit
TUB	MN_vs_PAT	ERCB_TUB_H1	IC	17	-0.023324866614797532	-0.7930542718509613	scRNA_endosplit
TUB	MN_vs_PAT	ERCB_TUB_H1	PODO	19	0.08055193683034495	0.5780237869809682	scRNA_endosplit
TUB	MN_vs_PAT	ERCB_TUB_H1	PEC	28	-0.04310089511065078	-1.2981900665457158	scRNA_endosplit
TUB	MN_vs_PAT	ERCB_TUB_H1	ENDO_PT	33	0.017633669586344197	-0.3476169366986999	scRNA_endosplit
TUB	MN_vs_PAT	ERCB_TUB_H1	MES	18	-0.10450993933611447	-1.895931697365608	scRNA_endosplit
TUB	MN_vs_PAT	ERCB_TUB_H1	STROMA	35	0.005196287070534065	-0.5517576682664815	scRNA_endosplit
TUB	MN_vs_PAT	ERCB_TUB_H1	PERI	32	0.14180364075582474	1.7754150287624688	scRNA_endosplit
TUB	MN_vs_PAT	ERCB_TUB_H1	BCELL	28	-0.192647187613602	-3.786000252392082	scRNA_endosplit
TUB	MN_vs_PAT	ERCB_TUB_H1	TCELL	35	-0.08375297623819539	-2.199804403029935	scRNA_endosplit
TUB	MN_vs_PAT	ERCB_TUB_H1	NK	30	-0.07251285573778052	-1.8369537741755408	scRNA_endosplit
TUB	MN_vs_PAT	ERCB_TUB_H1	MAC	32	-0.34524035529466346	-6.539424959785573	scRNA_endosplit
TUB	MN_vs_PAT	ERCB_TUB_H1	DC	12	-0.04706949989000956	-0.9391194124730292	scRNA_endosplit
TUB	MN_vs_PAT	ERCB_TUB_H1	ENDO_GC	25	0.019388631582260136	-0.28661935023434143	scRNA_endosplit
TUB	MN_vs_PAT	ERCB_TUB_H1	ENDO_ART	25	0.06454799890518187	0.4012121987339128	scRNA_endosplit
TUB	MN_vs_PAT	GSE108112-GPL19983	PT	48	0.19560737102680528	7.346288532743669	scRNA_endosplit
TUB	MN_vs_PAT	GSE108112-GPL19983	PT_injured	48	0.1795372181610825	6.699830529137015	scRNA_endosplit
TUB	MN_vs_PAT	GSE108112-GPL19983	LOH	46	0.11308308293961958	4.223765810014723	scRNA_endosplit
TUB	MN_vs_PAT	GSE108112-GPL19983	DCT	46	0.03532273218582343	1.0245266113451121	scRNA_endosplit
TUB	MN_vs_PAT	GSE108112-GPL19983	CNT_PC	47	-0.003610270761666776	-0.39257358466758585	scRNA_endosplit
TUB	MN_vs_PAT	GSE108112-GPL19983	IC	48	-9.146984424054812e-05	-0.295350727184276	scRNA_endosplit
TUB	MN_vs_PAT	GSE108112-GPL19983	PODO	48	0.04860468719076985	1.5502270028231264	scRNA_endosplit
TUB	MN_vs_PAT	GSE108112-GPL19983	PEC	48	0.023046414949931204	0.6179483349128924	scRNA_endosplit
TUB	MN_vs_PAT	GSE108112-GPL19983	ENDO_PT	49	0.029165509833992298	0.8176124892913563	scRNA_endosplit
TUB	MN_vs_PAT	GSE108112-GPL19983	MES	22	0.09532329304651778	2.521666317831441	scRNA_endosplit
TUB	MN_vs_PAT	GSE108112-GPL19983	STROMA	49	-0.009194310944603408	-0.6583254322059336	scRNA_endosplit
TUB	MN_vs_PAT	GSE108112-GPL19983	PERI	48	0.0623746522614965	2.1902016066388925	scRNA_endosplit
TUB	MN_vs_PAT	GSE108112-GPL19983	BCELL	44	-0.10215026131746444	-4.114883637431624	scRNA_endosplit
TUB	MN_vs_PAT	GSE108112-GPL19983	TCELL	47	-0.18159227835093725	-7.628715917712422	scRNA_endosplit
TUB	MN_vs_PAT	GSE108112-GPL19983	NK	48	-0.14703117796549728	-6.311298244551766	scRNA_endosplit
TUB	MN_vs_PAT	GSE108112-GPL19983	MAC	49	-0.12488859113571897	-5.1900615857937815	scRNA_endosplit
TUB	MN_vs_PAT	GSE108112-GPL19983	DC	19	-0.18866043322180442	-4.792973202379712	scRNA_endosplit
TUB	MN_vs_PAT	GSE108112-GPL19983	ENDO_GC	48	-0.006286381779015443	-0.5735646877660054	scRNA_endosplit
TUB	MN_vs_PAT	GSE108112-GPL19983	ENDO_ART	47	-0.024136923679566765	-1.2940393051055272	scRNA_endosplit
TUB	MN_vs_PAT	GSE133288-GPL19983	PT	48	-0.19255961332237348	-1.8488217188138183	scRNA_endosplit
TUB	MN_vs_PAT	GSE133288-GPL19983	PT_injured	48	0.10710142483003438	1.6049216511857607	scRNA_endosplit
TUB	MN_vs_PAT	GSE133288-GPL19983	LOH	46	0.12441775478098703	1.8076109370767746	scRNA_endosplit
TUB	MN_vs_PAT	GSE133288-GPL19983	DCT	46	0.1301588139942159	1.848515824950589	scRNA_endosplit
TUB	MN_vs_PAT	GSE133288-GPL19983	CNT_PC	47	-0.3494618202341681	-3.874491856168613	scRNA_endosplit
TUB	MN_vs_PAT	GSE133288-GPL19983	IC	48	-0.14150639674820317	-1.3446112277986748	scRNA_endosplit
TUB	MN_vs_PAT	GSE133288-GPL19983	PODO	48	-0.04417587723582983	-0.1604921166486915	scRNA_endosplit
TUB	MN_vs_PAT	GSE133288-GPL19983	PEC	48	0.06404958735220136	1.0739227697191083	scRNA_endosplit
TUB	MN_vs_PAT	GSE133288-GPL19983	ENDO_PT	49	-0.01888718992015536	0.07345513448459154	scRNA_endosplit
TUB	MN_vs_PAT	GSE133288-GPL19983	MES	22	0.0024837822738018804	0.23936895245238932	scRNA_endosplit
TUB	MN_vs_PAT	GSE133288-GPL19983	STROMA	49	0.08734230552704966	1.4231164863385124	scRNA_endosplit
TUB	MN_vs_PAT	GSE133288-GPL19983	PERI	48	0.15012090465946434	2.207610644807791	scRNA_endosplit
TUB	MN_vs_PAT	GSE133288-GPL19983	BCELL	44	-0.07817934575194324	-0.5619621538939947	scRNA_endosplit
TUB	MN_vs_PAT	GSE133288-GPL19983	TCELL	47	0.007076712136969293	0.3898584798235685	scRNA_endosplit
TUB	MN_vs_PAT	GSE133288-GPL19983	NK	48	-0.05397152744141446	-0.24790199145716335	scRNA_endosplit
TUB	MN_vs_PAT	GSE133288-GPL19983	MAC	49	0.014122904582443287	0.5170986424740062	scRNA_endosplit
TUB	MN_vs_PAT	GSE133288-GPL19983	DC	19	0.0029446779701270674	0.2819626212346531	scRNA_endosplit
TUB	MN_vs_PAT	GSE133288-GPL19983	ENDO_GC	48	-0.04700786566051344	-0.13360435581023977	scRNA_endosplit
TUB	MN_vs_PAT	GSE133288-GPL19983	ENDO_ART	47	-0.0038429646297021116	0.37001831659929835	scRNA_endosplit
TUB	MN_vs_PAT	GSE182380-RNAseq	PT	47	0.12024961582365189	4.387469793050444	scRNA_endosplit
TUB	MN_vs_PAT	GSE182380-RNAseq	PT_injured	38	0.16436324989129053	5.491163041510914	scRNA_endosplit
TUB	MN_vs_PAT	GSE182380-RNAseq	LOH	37	0.04505834316620853	1.4053348551448175	scRNA_endosplit
TUB	MN_vs_PAT	GSE182380-RNAseq	DCT	40	-0.031992685585282746	-1.3004409661893683	scRNA_endosplit
TUB	MN_vs_PAT	GSE182380-RNAseq	CNT_PC	41	-0.030631737011234936	-1.2141752694216634	scRNA_endosplit
TUB	MN_vs_PAT	GSE182380-RNAseq	IC	42	-0.1713260409499829	-6.703850363080959	scRNA_endosplit
TUB	MN_vs_PAT	GSE182380-RNAseq	PODO	39	0.07704747806733042	2.7402777928179547	scRNA_endosplit
TUB	MN_vs_PAT	GSE182380-RNAseq	PEC	45	0.07952220771047802	2.9041938113260897	scRNA_endosplit
TUB	MN_vs_PAT	GSE182380-RNAseq	ENDO_PT	49	-0.03815751913364748	-1.6225848795585773	scRNA_endosplit
TUB	MN_vs_PAT	GSE182380-RNAseq	MES	21	-0.007220414600202023	-0.2351835284957443	scRNA_endosplit
TUB	MN_vs_PAT	GSE182380-RNAseq	STROMA	49	-0.034232561579282984	-1.4940711729803013	scRNA_endosplit
TUB	MN_vs_PAT	GSE182380-RNAseq	PERI	45	-0.005782936792820685	-0.3487079522673199	scRNA_endosplit
TUB	MN_vs_PAT	GSE182380-RNAseq	BCELL	32	-0.13741677449434064	-4.614059743592624	scRNA_endosplit
TUB	MN_vs_PAT	GSE182380-RNAseq	TCELL	39	-0.1677332094942148	-6.3097676568261445	scRNA_endosplit
TUB	MN_vs_PAT	GSE182380-RNAseq	NK	47	-0.10965722658611993	-4.19234664321424	scRNA_endosplit
TUB	MN_vs_PAT	GSE182380-RNAseq	MAC	48	-0.032681535463780165	-1.4512732995193265	scRNA_endosplit
TUB	MN_vs_PAT	GSE182380-RNAseq	DC	17	-0.12311288089874907	-3.0620934959306365	scRNA_endosplit
TUB	MN_vs_PAT	GSE182380-RNAseq	ENDO_GC	41	-0.004024379943474757	-0.2094285069610497	scRNA_endosplit
TUB	MN_vs_PAT	GSE182380-RNAseq	ENDO_ART	42	-0.05464869009752179	-2.264852209969896	scRNA_endosplit
TUB	MN_vs_PAT	META	PT	50	0.08203664918430148	2.4750300850889686	scRNA_endosplit
TUB	MN_vs_PAT	META	PT_injured	48	0.18185954711387034	5.216786245485632	scRNA_endosplit
TUB	MN_vs_PAT	META	LOH	46	0.13372704890924436	3.6942902525368675	scRNA_endosplit
TUB	MN_vs_PAT	META	DCT	46	0.06565741282268561	1.8565053877015931	scRNA_endosplit
TUB	MN_vs_PAT	META	CNT_PC	47	-0.100210359468247	-3.2142627253371936	scRNA_endosplit
TUB	MN_vs_PAT	META	IC	49	-0.0777081843860745	-2.511906604869933	scRNA_endosplit
TUB	MN_vs_PAT	META	PODO	48	0.036268374344621795	0.9441313025498109	scRNA_endosplit
TUB	MN_vs_PAT	META	PEC	48	0.03606136367953796	0.9009823413948636	scRNA_endosplit
TUB	MN_vs_PAT	META	ENDO_PT	50	0.0012014247808838335	-0.11372922114146307	scRNA_endosplit
TUB	MN_vs_PAT	META	MES	23	0.012472437175017758	0.131647490089738	scRNA_endosplit
TUB	MN_vs_PAT	META	STROMA	50	0.010619447650193856	0.13804612220258594	scRNA_endosplit
TUB	MN_vs_PAT	META	PERI	48	0.07482098306920508	2.033503057235153	scRNA_endosplit
TUB	MN_vs_PAT	META	BCELL	45	-0.13335359674602942	-4.002620535446512	scRNA_endosplit
TUB	MN_vs_PAT	META	TCELL	49	-0.10749203628673515	-3.4572030481854488	scRNA_endosplit
TUB	MN_vs_PAT	META	NK	49	-0.09667559148025853	-2.9864410924137026	scRNA_endosplit
TUB	MN_vs_PAT	META	MAC	50	-0.09992133473899836	-3.3890681899105357	scRNA_endosplit
TUB	MN_vs_PAT	META	DC	19	-0.09073440267361306	-1.7952238264554485	scRNA_endosplit
TUB	MN_vs_PAT	META	ENDO_GC	48	-0.004806248725395159	-0.24630385873907135	scRNA_endosplit
TUB	MN_vs_PAT	META	ENDO_ART	47	-0.012432322804386732	-0.5127728560635398	scRNA_endosplit
TUB	MN_vs_PAT_adj	ERCB_TUB_H1	PT	28	0.37989921654323044	5.667306945763173	scRNA_endosplit
TUB	MN_vs_PAT_adj	ERCB_TUB_H1	PT_injured	16	0.2156714141435511	2.2126676512253685	scRNA_endosplit
TUB	MN_vs_PAT_adj	ERCB_TUB_H1	LOH	22	0.25662254182522165	3.2142458805447798	scRNA_endosplit
TUB	MN_vs_PAT_adj	ERCB_TUB_H1	DCT	22	0.17078392835873132	1.9321071064628705	scRNA_endosplit
TUB	MN_vs_PAT_adj	ERCB_TUB_H1	CNT_PC	25	0.0706610254635435	0.5429558726071467	scRNA_endosplit
TUB	MN_vs_PAT_adj	ERCB_TUB_H1	IC	17	-0.046768558435641594	-1.0343563653855052	scRNA_endosplit
TUB	MN_vs_PAT_adj	ERCB_TUB_H1	PODO	19	0.03884666573858362	0.01910155787876285	scRNA_endosplit
TUB	MN_vs_PAT_adj	ERCB_TUB_H1	PEC	28	-0.06052997989887348	-1.515145801135219	scRNA_endosplit
TUB	MN_vs_PAT_adj	ERCB_TUB_H1	ENDO_PT	33	0.00423453429193677	-0.5575252396276572	scRNA_endosplit
TUB	MN_vs_PAT_adj	ERCB_TUB_H1	MES	18	-0.10975140099686391	-1.849221822057346	scRNA_endosplit
TUB	MN_vs_PAT_adj	ERCB_TUB_H1	STROMA	35	0.017453575310930357	-0.28050756763169943	scRNA_endosplit
TUB	MN_vs_PAT_adj	ERCB_TUB_H1	PERI	32	0.11340081316431158	1.4141808793784187	scRNA_endosplit
TUB	MN_vs_PAT_adj	ERCB_TUB_H1	BCELL	28	-0.1922857337269548	-3.698841841583071	scRNA_endosplit
TUB	MN_vs_PAT_adj	ERCB_TUB_H1	TCELL	35	-0.06073197323485387	-1.6503172386469418	scRNA_endosplit
TUB	MN_vs_PAT_adj	ERCB_TUB_H1	NK	30	-0.054353465959983166	-1.4592929996753472	scRNA_endosplit
TUB	MN_vs_PAT_adj	ERCB_TUB_H1	MAC	32	-0.38461083058155077	-7.231710980185021	scRNA_endosplit
TUB	MN_vs_PAT_adj	ERCB_TUB_H1	DC	12	-0.05907803286056573	-0.9681975183567467	scRNA_endosplit
TUB	MN_vs_PAT_adj	ERCB_TUB_H1	ENDO_GC	25	-0.011857763147803521	-0.7103497290703921	scRNA_endosplit
TUB	MN_vs_PAT_adj	ERCB_TUB_H1	ENDO_ART	25	0.06338877044342854	0.47211008503892377	scRNA_endosplit
TUB	MN_vs_PAT_adj	GSE108112-GPL19983	PT	48	0.23037707145172578	8.185641239343449	scRNA_endosplit
TUB	MN_vs_PAT_adj	GSE108112-GPL19983	PT_injured	48	0.19202190378107617	6.753217611881644	scRNA_endosplit
TUB	MN_vs_PAT_adj	GSE108112-GPL19983	LOH	46	0.11729721477027823	4.138106545791287	scRNA_endosplit
TUB	MN_vs_PAT_adj	GSE108112-GPL19983	DCT	46	0.05227730948482355	1.5522693181312937	scRNA_endosplit
TUB	MN_vs_PAT_adj	GSE108112-GPL19983	CNT_PC	47	0.009750050554754582	0.0211335968581039	scRNA_endosplit
TUB	MN_vs_PAT_adj	GSE108112-GPL19983	IC	48	0.016783745830979174	0.24926521430148482	scRNA_endosplit
TUB	MN_vs_PAT_adj	GSE108112-GPL19983	PODO	48	0.060239551067900604	1.981578066444266	scRNA_endosplit
TUB	MN_vs_PAT_adj	GSE108112-GPL19983	PEC	48	0.024804505622296167	0.6152860207935524	scRNA_endosplit
TUB	MN_vs_PAT_adj	GSE108112-GPL19983	ENDO_PT	49	0.027612367378018896	0.6674104176664231	scRNA_endosplit
TUB	MN_vs_PAT_adj	GSE108112-GPL19983	MES	22	0.08712737948606167	2.032351242833013	scRNA_endosplit
TUB	MN_vs_PAT_adj	GSE108112-GPL19983	STROMA	49	-0.02092836840898798	-1.1089489002823423	scRNA_endosplit
TUB	MN_vs_PAT_adj	GSE108112-GPL19983	PERI	48	0.06431052365611982	2.0411726112309907	scRNA_endosplit
TUB	MN_vs_PAT_adj	GSE108112-GPL19983	BCELL	44	-0.13209843815805933	-4.863338659549571	scRNA_endosplit
TUB	MN_vs_PAT_adj	GSE108112-GPL19983	TCELL	47	-0.21520652460749506	-8.359585144125228	scRNA_endosplit
TUB	MN_vs_PAT_adj	GSE108112-GPL19983	NK	48	-0.16272285627766844	-6.41117765353677	scRNA_endosplit
TUB	MN_vs_PAT_adj	GSE108112-GPL19983	MAC	49	-0.13890351885608962	-5.595908210805339	scRNA_endosplit
TUB	MN_vs_PAT_adj	GSE108112-GPL19983	DC	19	-0.20774705910675614	-5.331746539570241	scRNA_endosplit
TUB	MN_vs_PAT_adj	GSE108112-GPL19983	ENDO_GC	48	-0.004150472808447685	-0.5560945808739709	scRNA_endosplit
TUB	MN_vs_PAT_adj	GSE108112-GPL19983	ENDO_ART	47	-0.026078462152615146	-1.3167245287858074	scRNA_endosplit
TUB	MN_vs_PAT_adj	GSE133288-GPL19983	PT	48	-0.19255374068416264	-1.946951940306595	scRNA_endosplit
TUB	MN_vs_PAT_adj	GSE133288-GPL19983	PT_injured	48	0.10788570157762233	1.6923476717932702	scRNA_endosplit
TUB	MN_vs_PAT_adj	GSE133288-GPL19983	LOH	46	0.12208956154660575	1.8579137597973072	scRNA_endosplit
TUB	MN_vs_PAT_adj	GSE133288-GPL19983	DCT	46	0.13701549973188773	1.9153507703372683	scRNA_endosplit
TUB	MN_vs_PAT_adj	GSE133288-GPL19983	CNT_PC	47	-0.35289337553118283	-3.8810645705012203	scRNA_endosplit
TUB	MN_vs_PAT_adj	GSE133288-GPL19983	IC	48	-0.1487214522781125	-1.3291237279626151	scRNA_endosplit
TUB	MN_vs_PAT_adj	GSE133288-GPL19983	PODO	48	-0.04717861770387144	-0.24662064503172587	scRNA_endosplit
TUB	MN_vs_PAT_adj	GSE133288-GPL19983	PEC	48	0.0626394688033387	1.1530515502781433	scRNA_endosplit
TUB	MN_vs_PAT_adj	GSE133288-GPL19983	ENDO_PT	49	-0.017293019949223443	0.17820241600290743	scRNA_endosplit
TUB	MN_vs_PAT_adj	GSE133288-GPL19983	MES	22	-0.001121106282582309	0.2659072501798861	scRNA_endosplit
TUB	MN_vs_PAT_adj	GSE133288-GPL19983	STROMA	49	0.08322740787832612	1.3168412508910006	scRNA_endosplit
TUB	MN_vs_PAT_adj	GSE133288-GPL19983	PERI	48	0.15312197456804197	2.0904172576471747	scRNA_endosplit
TUB	MN_vs_PAT_adj	GSE133288-GPL19983	BCELL	44	-0.08631778211866727	-0.6649513732987908	scRNA_endosplit
TUB	MN_vs_PAT_adj	GSE133288-GPL19983	TCELL	47	0.004042284209599212	0.3759022518697309	scRNA_endosplit
TUB	MN_vs_PAT_adj	GSE133288-GPL19983	NK	48	-0.05720958746047957	-0.32600588792891594	scRNA_endosplit
TUB	MN_vs_PAT_adj	GSE133288-GPL19983	MAC	49	0.0176508192901511	0.5899661395230799	scRNA_endosplit
TUB	MN_vs_PAT_adj	GSE133288-GPL19983	DC	19	0.004399025068473059	0.25530803475164077	scRNA_endosplit
TUB	MN_vs_PAT_adj	GSE133288-GPL19983	ENDO_GC	48	-0.04398268391177008	-0.1865182599799175	scRNA_endosplit
TUB	MN_vs_PAT_adj	GSE133288-GPL19983	ENDO_ART	47	-0.0028617669550081385	0.33769026648216005	scRNA_endosplit
TUB	MN_vs_PAT_adj	GSE182380-RNAseq	PT	47	0.15935469362696109	5.311594164072042	scRNA_endosplit
TUB	MN_vs_PAT_adj	GSE182380-RNAseq	PT_injured	38	0.1872779013415923	6.038147871202788	scRNA_endosplit
TUB	MN_vs_PAT_adj	GSE182380-RNAseq	LOH	37	0.04855776373718722	1.3236952460295601	scRNA_endosplit
TUB	MN_vs_PAT_adj	GSE182380-RNAseq	DCT	40	-0.014213247687046501	-0.5956295188649665	scRNA_endosplit
TUB	MN_vs_PAT_adj	GSE182380-RNAseq	CNT_PC	41	-0.027813768772348972	-1.0603348976332665	scRNA_endosplit
TUB	MN_vs_PAT_adj	GSE182380-RNAseq	IC	42	-0.16582169198700766	-5.715469352743878	scRNA_endosplit
TUB	MN_vs_PAT_adj	GSE182380-RNAseq	PODO	39	0.09065097820352616	2.6300172471605876	scRNA_endosplit
TUB	MN_vs_PAT_adj	GSE182380-RNAseq	PEC	45	0.07686240198678737	2.561594573388612	scRNA_endosplit
TUB	MN_vs_PAT_adj	GSE182380-RNAseq	ENDO_PT	49	-0.04612002005538343	-1.893545083222189	scRNA_endosplit
TUB	MN_vs_PAT_adj	GSE182380-RNAseq	MES	21	-0.011553372934455984	-0.47607270055531253	scRNA_endosplit
TUB	MN_vs_PAT_adj	GSE182380-RNAseq	STROMA	49	-0.04953456089390229	-1.9938955494667137	scRNA_endosplit
TUB	MN_vs_PAT_adj	GSE182380-RNAseq	PERI	45	-0.0038064568093700802	-0.30011804452944885	scRNA_endosplit
TUB	MN_vs_PAT_adj	GSE182380-RNAseq	BCELL	32	-0.17599637583001504	-5.345579063727543	scRNA_endosplit
TUB	MN_vs_PAT_adj	GSE182380-RNAseq	TCELL	39	-0.22542489656430817	-7.713333575410047	scRNA_endosplit
TUB	MN_vs_PAT_adj	GSE182380-RNAseq	NK	47	-0.1397455993267487	-5.0730423502032895	scRNA_endosplit
TUB	MN_vs_PAT_adj	GSE182380-RNAseq	MAC	48	-0.053700330904175135	-2.230672450303915	scRNA_endosplit
TUB	MN_vs_PAT_adj	GSE182380-RNAseq	DC	17	-0.1677977998642747	-3.639975652254344	scRNA_endosplit
TUB	MN_vs_PAT_adj	GSE182380-RNAseq	ENDO_GC	41	0.004141540758439043	-0.022197627162279174	scRNA_endosplit
TUB	MN_vs_PAT_adj	GSE182380-RNAseq	ENDO_ART	42	-0.06190324441173679	-2.1297900106874135	scRNA_endosplit
TUB	MN_vs_PAT_adj	META	PT	50	0.10198169043440532	2.979023000925732	scRNA_endosplit
TUB	MN_vs_PAT_adj	META	PT_injured	48	0.1915554133015321	5.43784240220284	scRNA_endosplit
TUB	MN_vs_PAT_adj	META	LOH	46	0.1348327943757429	3.655877940790937	scRNA_endosplit
TUB	MN_vs_PAT_adj	META	DCT	46	0.07413076400537245	1.9675630096298606	scRNA_endosplit
TUB	MN_vs_PAT_adj	META	CNT_PC	47	-0.09730408286233297	-3.0240987582733343	scRNA_endosplit
TUB	MN_vs_PAT_adj	META	IC	49	-0.0745199583533101	-2.3675879123474544	scRNA_endosplit
TUB	MN_vs_PAT_adj	META	PODO	48	0.03850867502078631	0.9615504351714717	scRNA_endosplit
TUB	MN_vs_PAT_adj	META	PEC	48	0.03322353107707086	0.7866211679156465	scRNA_endosplit
TUB	MN_vs_PAT_adj	META	ENDO_PT	50	-0.002621366286270159	-0.245632178231172	scRNA_endosplit
TUB	MN_vs_PAT_adj	META	MES	23	0.008134710324704315	0.04366299781142886	scRNA_endosplit
TUB	MN_vs_PAT_adj	META	STROMA	50	0.005174592384268619	-0.02227874438784428	scRNA_endosplit
TUB	MN_vs_PAT_adj	META	PERI	48	0.07199411616413777	1.882635796262699	scRNA_endosplit
TUB	MN_vs_PAT_adj	META	BCELL	45	-0.15411301573244293	-4.51922279983167	scRNA_endosplit
TUB	MN_vs_PAT_adj	META	TCELL	49	-0.12460233571956848	-3.975905861490196	scRNA_endosplit
TUB	MN_vs_PAT_adj	META	NK	49	-0.10648697425038382	-3.4837153355182737	scRNA_endosplit
TUB	MN_vs_PAT_adj	META	MAC	50	-0.11459747436717996	-3.4999410995426086	scRNA_endosplit
TUB	MN_vs_PAT_adj	META	DC	19	-0.10852477756649759	-2.091467161462193	scRNA_endosplit
TUB	MN_vs_PAT_adj	META	ENDO_GC	48	-0.004459732702123902	-0.32647517432888906	scRNA_endosplit
TUB	MN_vs_PAT_adj	META	ENDO_ART	47	-0.014376952189533967	-0.6098022550532256	scRNA_endosplit
TUB	RPGN_vs_PAT	ERCB_TUB_H7	PT	29	-0.7002891363768742	-5.45449080869016	scRNA_endosplit
TUB	RPGN_vs_PAT	ERCB_TUB_H7	PT_injured	17	-0.3061231734121547	-1.7690965409348136	scRNA_endosplit
TUB	RPGN_vs_PAT	ERCB_TUB_H7	LOH	24	-0.5882016712178787	-4.121401592813551	scRNA_endosplit
TUB	RPGN_vs_PAT	ERCB_TUB_H7	DCT	23	-0.38655355054399243	-2.5520231316418673	scRNA_endosplit
TUB	RPGN_vs_PAT	ERCB_TUB_H7	CNT_PC	29	-0.48410557390287007	-3.6147776027955607	scRNA_endosplit
TUB	RPGN_vs_PAT	ERCB_TUB_H7	IC	18	0.048516223414076715	0.7349671755627829	scRNA_endosplit
TUB	RPGN_vs_PAT	ERCB_TUB_H7	PODO	21	0.14221958383651717	1.553361741823716	scRNA_endosplit
TUB	RPGN_vs_PAT	ERCB_TUB_H7	PEC	29	0.09076837479168999	1.4108496023055204	scRNA_endosplit
TUB	RPGN_vs_PAT	ERCB_TUB_H7	ENDO_PT	35	-0.3345535244526608	-2.6699262838241817	scRNA_endosplit
TUB	RPGN_vs_PAT	ERCB_TUB_H7	MES	19	-0.03943694990716482	0.171090616615553	scRNA_endosplit
TUB	RPGN_vs_PAT	ERCB_TUB_H7	STROMA	35	-0.03264197306707502	0.2680766806169214	scRNA_endosplit
TUB	RPGN_vs_PAT	ERCB_TUB_H7	PERI	33	-0.5735856704625555	-4.552132903863465	scRNA_endosplit
TUB	RPGN_vs_PAT	ERCB_TUB_H7	BCELL	28	0.10400949252237167	1.3953297926155805	scRNA_endosplit
TUB	RPGN_vs_PAT	ERCB_TUB_H7	TCELL	35	0.44280194456556016	4.829520065575724	scRNA_endosplit
TUB	RPGN_vs_PAT	ERCB_TUB_H7	NK	31	0.15605928123958648	1.9430446216298838	scRNA_endosplit
TUB	RPGN_vs_PAT	ERCB_TUB_H7	MAC	32	0.8034076143521816	7.949779385584916	scRNA_endosplit
TUB	RPGN_vs_PAT	ERCB_TUB_H7	DC	13	-3.353291406080846e-05	0.36525249969992024	scRNA_endosplit
TUB	RPGN_vs_PAT	ERCB_TUB_H7	ENDO_GC	26	-0.3936364229481954	-2.778519322643977	scRNA_endosplit
TUB	RPGN_vs_PAT	ERCB_TUB_H7	ENDO_ART	26	-0.26445991553079623	-1.6949858084142604	scRNA_endosplit
TUB	RPGN_vs_PAT	GSE108112-GPL19983	PT	48	-0.1364119029215847	-9.080271876085371	scRNA_endosplit
TUB	RPGN_vs_PAT	GSE108112-GPL19983	PT_injured	48	-0.10276360516824445	-6.327059637219913	scRNA_endosplit
TUB	RPGN_vs_PAT	GSE108112-GPL19983	LOH	46	-0.05874857990610229	-3.741773904334523	scRNA_endosplit
TUB	RPGN_vs_PAT	GSE108112-GPL19983	DCT	46	0.010914751095697285	0.45318385284516405	scRNA_endosplit
TUB	RPGN_vs_PAT	GSE108112-GPL19983	CNT_PC	47	0.017628777016727062	0.8701217488483242	scRNA_endosplit
TUB	RPGN_vs_PAT	GSE108112-GPL19983	IC	48	0.004259246281738634	0.0827518622639747	scRNA_endosplit
TUB	RPGN_vs_PAT	GSE108112-GPL19983	PODO	48	0.0302738983373274	1.6760744055662402	scRNA_endosplit
TUB	RPGN_vs_PAT	GSE108112-GPL19983	PEC	48	-0.04045310639048693	-2.7692785200153027	scRNA_endosplit
TUB	RPGN_vs_PAT	GSE108112-GPL19983	ENDO_PT	49	-0.006346183829009542	-0.5864727125845649	scRNA_endosplit
TUB	RPGN_vs_PAT	GSE108112-GPL19983	MES	22	-0.005110778189687579	-0.3970293136941568	scRNA_endosplit
TUB	RPGN_vs_PAT	GSE108112-GPL19983	STROMA	49	-0.0032379746577246215	-0.4039842420553151	scRNA_endosplit
TUB	RPGN_vs_PAT	GSE108112-GPL19983	PERI	48	-0.0521338778004671	-3.5128376379354815	scRNA_endosplit
TUB	RPGN_vs_PAT	GSE108112-GPL19983	BCELL	44	0.06325080914592199	3.5774699263707483	scRNA_endosplit
TUB	RPGN_vs_PAT	GSE108112-GPL19983	TCELL	47	0.08535596204208248	5.325448522152862	scRNA_endosplit
TUB	RPGN_vs_PAT	GSE108112-GPL19983	NK	48	0.04673028102600559	2.756325420333544	scRNA_endosplit
TUB	RPGN_vs_PAT	GSE108112-GPL19983	MAC	49	0.08488461050506066	5.267308418798556	scRNA_endosplit
TUB	RPGN_vs_PAT	GSE108112-GPL19983	DC	19	0.03926376939604156	1.387256977300599	scRNA_endosplit
TUB	RPGN_vs_PAT	GSE108112-GPL19983	ENDO_GC	48	-0.027495431020118602	-1.9372477083306792	scRNA_endosplit
TUB	RPGN_vs_PAT	GSE108112-GPL19983	ENDO_ART	47	-0.0539776789658564	-3.6340141535110413	scRNA_endosplit
TUB	RPGN_vs_PAT	META	PT	49	-0.31609757446056724	-8.536113560697954	scRNA_endosplit
TUB	RPGN_vs_PAT	META	PT_injured	48	-0.14066363050369543	-3.6002109704249095	scRNA_endosplit
TUB	RPGN_vs_PAT	META	LOH	46	-0.19682243205613265	-4.863553843704952	scRNA_endosplit
TUB	RPGN_vs_PAT	META	DCT	46	-0.08820278552340587	-2.109114908494201	scRNA_endosplit
TUB	RPGN_vs_PAT	META	CNT_PC	47	-0.14370400070564504	-3.447861279534938	scRNA_endosplit
TUB	RPGN_vs_PAT	META	IC	48	0.004408158615660784	0.5591819663813061	scRNA_endosplit
TUB	RPGN_vs_PAT	META	PODO	48	0.05334820266944007	1.8745772576874886	scRNA_endosplit
TUB	RPGN_vs_PAT	META	PEC	48	-0.006414505503926184	0.20567342486112952	scRNA_endosplit
TUB	RPGN_vs_PAT	META	ENDO_PT	49	-0.1270629229328158	-3.3572356065555957	scRNA_endosplit
TUB	RPGN_vs_PAT	META	MES	22	-0.01626787026709114	-0.056771220068397195	scRNA_endosplit
TUB	RPGN_vs_PAT	META	STROMA	50	-0.0062058685900410636	0.19483556799525434	scRNA_endosplit
TUB	RPGN_vs_PAT	META	PERI	48	-0.227370980270886	-5.934517011136262	scRNA_endosplit
TUB	RPGN_vs_PAT	META	BCELL	45	0.07309081577178503	2.2963242339608225	scRNA_endosplit
TUB	RPGN_vs_PAT	META	TCELL	49	0.2110532542015901	6.512197616742186	scRNA_endosplit
TUB	RPGN_vs_PAT	META	NK	48	0.07410054447488316	2.3725133910899228	scRNA_endosplit
TUB	RPGN_vs_PAT	META	MAC	49	0.31250675598642613	9.09784441361184	scRNA_endosplit
TUB	RPGN_vs_PAT	META	DC	19	0.020202954250730955	0.5616927379965528	scRNA_endosplit
TUB	RPGN_vs_PAT	META	ENDO_GC	48	-0.12407710910944537	-3.0600442837873993	scRNA_endosplit
TUB	RPGN_vs_PAT	META	ENDO_ART	47	-0.11824973555222312	-2.848067379484325	scRNA_endosplit
TUB	RPGN_vs_PAT_adj	ERCB_TUB_H7	PT	29	-0.3769935262339377	-3.7086330513195582	scRNA_endosplit
TUB	RPGN_vs_PAT_adj	ERCB_TUB_H7	PT_injured	17	-0.09646073208327746	-0.5668800378489091	scRNA_endosplit
TUB	RPGN_vs_PAT_adj	ERCB_TUB_H7	LOH	24	-0.4954146274524076	-4.415521185300437	scRNA_endosplit
TUB	RPGN_vs_PAT_adj	ERCB_TUB_H7	DCT	23	-0.1792313049088216	-1.5230669553963683	scRNA_endosplit
TUB	RPGN_vs_PAT_adj	ERCB_TUB_H7	CNT_PC	29	-0.4372165676287471	-4.344284452497412	scRNA_endosplit
TUB	RPGN_vs_PAT_adj	ERCB_TUB_H7	IC	18	0.14079066025623027	1.4939769696736194	scRNA_endosplit
TUB	RPGN_vs_PAT_adj	ERCB_TUB_H7	PODO	21	0.2904427002402284	2.910466633545556	scRNA_endosplit
TUB	RPGN_vs_PAT_adj	ERCB_TUB_H7	PEC	29	0.11317072623686947	1.4117338558257924	scRNA_endosplit
TUB	RPGN_vs_PAT_adj	ERCB_TUB_H7	ENDO_PT	35	-0.28187944900228623	-3.132905748281216	scRNA_endosplit
TUB	RPGN_vs_PAT_adj	ERCB_TUB_H7	MES	19	-0.07961459215799786	-0.4870665005492624	scRNA_endosplit
TUB	RPGN_vs_PAT_adj	ERCB_TUB_H7	STROMA	35	-0.17368301333098468	-1.933335371299295	scRNA_endosplit
TUB	RPGN_vs_PAT_adj	ERCB_TUB_H7	PERI	33	-0.3847061019377322	-3.9982275193623034	scRNA_endosplit
TUB	RPGN_vs_PAT_adj	ERCB_TUB_H7	BCELL	28	-0.04217742487655207	-0.1671395475467777	scRNA_endosplit
TUB	RPGN_vs_PAT_adj	ERCB_TUB_H7	TCELL	35	0.23937775277470444	3.172661879368928	scRNA_endosplit
TUB	RPGN_vs_PAT_adj	ERCB_TUB_H7	NK	31	0.0285319977760508	0.5510564150012467	scRNA_endosplit
TUB	RPGN_vs_PAT_adj	ERCB_TUB_H7	MAC	32	0.6183905767211406	7.636983071230948	scRNA_endosplit
TUB	RPGN_vs_PAT_adj	ERCB_TUB_H7	DC	13	-0.0997069070109258	-0.47469327458945965	scRNA_endosplit
TUB	RPGN_vs_PAT_adj	ERCB_TUB_H7	ENDO_GC	26	-0.2703265284455884	-2.5230315230062397	scRNA_endosplit
TUB	RPGN_vs_PAT_adj	ERCB_TUB_H7	ENDO_ART	26	-0.24758427332630187	-2.2371031356611515	scRNA_endosplit
TUB	RPGN_vs_PAT_adj	GSE108112-GPL19983	PT	48	-0.1473626134909547	-9.321502242717282	scRNA_endosplit
TUB	RPGN_vs_PAT_adj	GSE108112-GPL19983	PT_injured	48	-0.10677643730144788	-6.666415971620386	scRNA_endosplit
TUB	RPGN_vs_PAT_adj	GSE108112-GPL19983	LOH	46	-0.06030902902692627	-3.8106517806004967	scRNA_endosplit
TUB	RPGN_vs_PAT_adj	GSE108112-GPL19983	DCT	46	0.006848331349551336	0.29457785376768125	scRNA_endosplit
TUB	RPGN_vs_PAT_adj	GSE108112-GPL19983	CNT_PC	47	0.015289753264365952	0.7226369680003975	scRNA_endosplit
TUB	RPGN_vs_PAT_adj	GSE108112-GPL19983	IC	48	0.0006620823787423761	-0.10579410054382424	scRNA_endosplit
TUB	RPGN_vs_PAT_adj	GSE108112-GPL19983	PODO	48	0.027701141697984603	1.4507980726992464	scRNA_endosplit
TUB	RPGN_vs_PAT_adj	GSE108112-GPL19983	PEC	48	-0.04113386909981684	-2.7720632778232455	scRNA_endosplit
TUB	RPGN_vs_PAT_adj	GSE108112-GPL19983	ENDO_PT	49	-0.006261425352443525	-0.62063383133349	scRNA_endosplit
TUB	RPGN_vs_PAT_adj	GSE108112-GPL19983	MES	22	-0.0022244369712743806	-0.2670882859026829	scRNA_endosplit
TUB	RPGN_vs_PAT_adj	GSE108112-GPL19983	STROMA	49	-0.0008934835646229245	-0.27578632739056297	scRNA_endosplit
TUB	RPGN_vs_PAT_adj	GSE108112-GPL19983	PERI	48	-0.05284198367850104	-3.4951093726936597	scRNA_endosplit
TUB	RPGN_vs_PAT_adj	GSE108112-GPL19983	BCELL	44	0.07174419840282767	4.07006797900695	scRNA_endosplit
TUB	RPGN_vs_PAT_adj	GSE108112-GPL19983	TCELL	47	0.09511491311508087	5.38616618118189	scRNA_endosplit
TUB	RPGN_vs_PAT_adj	GSE108112-GPL19983	NK	48	0.05068448395903791	2.9917022560390345	scRNA_endosplit
TUB	RPGN_vs_PAT_adj	GSE108112-GPL19983	MAC	49	0.08923294654964627	5.346821710852429	scRNA_endosplit
TUB	RPGN_vs_PAT_adj	GSE108112-GPL19983	DC	19	0.04462252885545246	1.6304248516364606	scRNA_endosplit
TUB	RPGN_vs_PAT_adj	GSE108112-GPL19983	ENDO_GC	48	-0.02815333086859693	-2.034938271714039	scRNA_endosplit
TUB	RPGN_vs_PAT_adj	GSE108112-GPL19983	ENDO_ART	47	-0.05423942603160148	-3.4209563267607335	scRNA_endosplit
TUB	RPGN_vs_PAT_adj	META	PT	49	-0.22557006984735392	-7.648799170436718	scRNA_endosplit
TUB	RPGN_vs_PAT_adj	META	PT_injured	48	-0.10696839963417198	-3.4250707200819632	scRNA_endosplit
TUB	RPGN_vs_PAT_adj	META	LOH	46	-0.17373176346557898	-5.456001809232193	scRNA_endosplit
TUB	RPGN_vs_PAT_adj	META	DCT	46	-0.03912981952121742	-1.012125191837202	scRNA_endosplit
TUB	RPGN_vs_PAT_adj	META	CNT_PC	47	-0.1311281157485723	-4.3091795722129795	scRNA_endosplit
TUB	RPGN_vs_PAT_adj	META	IC	48	0.01868228028394567	0.863039675314013	scRNA_endosplit
TUB	RPGN_vs_PAT_adj	META	PODO	48	0.08377596855574543	3.1133676319141	scRNA_endosplit
TUB	RPGN_vs_PAT_adj	META	PEC	48	-0.0002027632299353016	0.18707480983420469	scRNA_endosplit
TUB	RPGN_vs_PAT_adj	META	ENDO_PT	49	-0.10846965222241993	-3.3960909099574965	scRNA_endosplit
TUB	RPGN_vs_PAT_adj	META	MES	22	-0.03186211718175043	-0.5819216742397825	scRNA_endosplit
TUB	RPGN_vs_PAT_adj	META	STROMA	50	-0.05627991757436072	-1.7720269155658261	scRNA_endosplit
TUB	RPGN_vs_PAT_adj	META	PERI	48	-0.16297423850866188	-5.354553701208162	scRNA_endosplit
TUB	RPGN_vs_PAT_adj	META	BCELL	45	0.02967131347857508	1.1723258647377364	scRNA_endosplit
TUB	RPGN_vs_PAT_adj	META	TCELL	49	0.14050187818875684	4.897280060458985	scRNA_endosplit
TUB	RPGN_vs_PAT_adj	META	NK	48	0.0353206233368974	1.3569320440784047	scRNA_endosplit
TUB	RPGN_vs_PAT_adj	META	MAC	49	0.2547212083401319	9.12240192519536	scRNA_endosplit
TUB	RPGN_vs_PAT_adj	META	DC	19	-0.011211671626681085	-0.14436593824263289	scRNA_endosplit
TUB	RPGN_vs_PAT_adj	META	ENDO_GC	48	-0.09125412501046853	-2.8189722700434716	scRNA_endosplit
TUB	RPGN_vs_PAT_adj	META	ENDO_ART	47	-0.11412869809359752	-3.62997228274981	scRNA_endosplit
TUB	SHARED	ERCB_TUB_H1	PT	28	-0.21899801792044724	-1.0144154274247466	scRNA_endosplit
TUB	SHARED	ERCB_TUB_H1	PT_injured	16	-0.13788112507609185	-0.5060266510339562	scRNA_endosplit
TUB	SHARED	ERCB_TUB_H1	LOH	22	-0.17328222290697423	-0.7772707153524456	scRNA_endosplit
TUB	SHARED	ERCB_TUB_H1	DCT	22	-0.49955474653027276	-1.7879333910225172	scRNA_endosplit
TUB	SHARED	ERCB_TUB_H1	CNT_PC	25	-0.10405665704980492	-0.5637570173389165	scRNA_endosplit
TUB	SHARED	ERCB_TUB_H1	IC	17	-0.08227568857289631	-0.3773706463879878	scRNA_endosplit
TUB	SHARED	ERCB_TUB_H1	PODO	19	-0.568842554955106	-1.8591849554881272	scRNA_endosplit
TUB	SHARED	ERCB_TUB_H1	PEC	28	-0.005909141286143239	-0.2415460238639506	scRNA_endosplit
TUB	SHARED	ERCB_TUB_H1	ENDO_PT	33	-0.6191537919115614	-2.6140425505857285	scRNA_endosplit
TUB	SHARED	ERCB_TUB_H1	MES	18	0.0016407656690312757	-0.14587965748531592	scRNA_endosplit
TUB	SHARED	ERCB_TUB_H1	STROMA	35	-0.07146325961553625	-0.5244660645768437	scRNA_endosplit
TUB	SHARED	ERCB_TUB_H1	PERI	32	-1.0156318952067522	-4.272373773127138	scRNA_endosplit
TUB	SHARED	ERCB_TUB_H1	BCELL	28	-0.8722680248320103	-3.449648878148627	scRNA_endosplit
TUB	SHARED	ERCB_TUB_H1	TCELL	35	-0.38617403113416265	-1.724314999473665	scRNA_endosplit
TUB	SHARED	ERCB_TUB_H1	NK	30	-0.5962755752727389	-2.366048742492865	scRNA_endosplit
TUB	SHARED	ERCB_TUB_H1	MAC	32	-0.311694267205894	-1.4338806511665327	scRNA_endosplit
TUB	SHARED	ERCB_TUB_H1	DC	12	-0.5089559986566504	-1.3003782653044658	scRNA_endosplit
TUB	SHARED	ERCB_TUB_H1	ENDO_GC	25	-0.3804677274823189	-1.5553752161578482	scRNA_endosplit
TUB	SHARED	ERCB_TUB_H1	ENDO_ART	25	-0.1380983807146549	-0.6844266118419666	scRNA_endosplit
TUB	SHARED	ERCB_TUB_H7	PT	29	-0.892409327728995	-5.462505511983897	scRNA_endosplit
TUB	SHARED	ERCB_TUB_H7	PT_injured	17	-0.44835979798260855	-1.9670670217013704	scRNA_endosplit
TUB	SHARED	ERCB_TUB_H7	LOH	24	-0.28603695100173354	-1.4006948535990995	scRNA_endosplit
TUB	SHARED	ERCB_TUB_H7	DCT	23	-0.845535525161287	-4.5772449988521355	scRNA_endosplit
TUB	SHARED	ERCB_TUB_H7	CNT_PC	29	-0.36398881564623325	-1.9435503465499677	scRNA_endosplit
TUB	SHARED	ERCB_TUB_H7	IC	18	-0.2639941002966629	-1.1506193636910589	scRNA_endosplit
TUB	SHARED	ERCB_TUB_H7	PODO	21	-1.3617797238486153	-6.86062805016759	scRNA_endosplit
TUB	SHARED	ERCB_TUB_H7	PEC	29	-0.3180431741578826	-1.761023914727487	scRNA_endosplit
TUB	SHARED	ERCB_TUB_H7	ENDO_PT	35	-0.20366956314870288	-1.1418611049848428	scRNA_endosplit
TUB	SHARED	ERCB_TUB_H7	MES	19	-0.14553938590382276	-0.5742298961146973	scRNA_endosplit
TUB	SHARED	ERCB_TUB_H7	STROMA	35	-0.0466676475746291	0.01815448664291408	scRNA_endosplit
TUB	SHARED	ERCB_TUB_H7	PERI	33	-0.5433383595311281	-3.228462278196948	scRNA_endosplit
TUB	SHARED	ERCB_TUB_H7	BCELL	28	0.2527238527046783	1.773079501549224	scRNA_endosplit
TUB	SHARED	ERCB_TUB_H7	TCELL	35	0.39611139744520185	3.0614539312264957	scRNA_endosplit
TUB	SHARED	ERCB_TUB_H7	NK	31	0.28226196555601013	2.15201516174377	scRNA_endosplit
TUB	SHARED	ERCB_TUB_H7	MAC	32	0.5731927822344005	4.1174482602753235	scRNA_endosplit
TUB	SHARED	ERCB_TUB_H7	DC	13	0.2812942825257778	1.4254135888944093	scRNA_endosplit
TUB	SHARED	ERCB_TUB_H7	ENDO_GC	26	-0.4791929213186869	-2.5422907298272315	scRNA_endosplit
TUB	SHARED	ERCB_TUB_H7	ENDO_ART	26	-0.046751662802237734	0.03535151419764024	scRNA_endosplit
TUB	SHARED	GSE108112-GPL19983	PT	48	-0.35882149171084166	-3.533523276395795	scRNA_endosplit
TUB	SHARED	GSE108112-GPL19983	PT_injured	48	-0.2559207631275058	-2.681074681650791	scRNA_endosplit
TUB	SHARED	GSE108112-GPL19983	LOH	46	-0.23325797318703617	-2.4729931000908634	scRNA_endosplit
TUB	SHARED	GSE108112-GPL19983	DCT	46	-0.7401248865315447	-7.119046831016298	scRNA_endosplit
TUB	SHARED	GSE108112-GPL19983	CNT_PC	47	-0.07759846009108476	-0.8637732974560642	scRNA_endosplit
TUB	SHARED	GSE108112-GPL19983	IC	48	-0.44717014068737626	-4.7467229774939605	scRNA_endosplit
TUB	SHARED	GSE108112-GPL19983	PODO	48	-0.6050796921675404	-6.182333557927903	scRNA_endosplit
TUB	SHARED	GSE108112-GPL19983	PEC	48	0.0223962328551958	0.136995025439238	scRNA_endosplit
TUB	SHARED	GSE108112-GPL19983	ENDO_PT	49	0.31158056172865384	3.0168153677290035	scRNA_endosplit
TUB	SHARED	GSE108112-GPL19983	MES	22	0.04646430223312397	0.3268854170741598	scRNA_endosplit
TUB	SHARED	GSE108112-GPL19983	STROMA	49	0.4238094419183932	4.124675586951255	scRNA_endosplit
TUB	SHARED	GSE108112-GPL19983	PERI	48	0.05160262374920422	0.42110194067464685	scRNA_endosplit
TUB	SHARED	GSE108112-GPL19983	BCELL	44	0.3235992008439181	3.117833402589986	scRNA_endosplit
TUB	SHARED	GSE108112-GPL19983	TCELL	47	0.41319752195750936	4.062507977830566	scRNA_endosplit
TUB	SHARED	GSE108112-GPL19983	NK	48	0.31748813355807215	3.010001753844083	scRNA_endosplit
TUB	SHARED	GSE108112-GPL19983	MAC	49	0.28071308751799623	2.6760091733627753	scRNA_endosplit
TUB	SHARED	GSE108112-GPL19983	DC	19	0.396104259318427	2.4112702231516456	scRNA_endosplit
TUB	SHARED	GSE108112-GPL19983	ENDO_GC	48	-0.04062796174548566	-0.462101840420581	scRNA_endosplit
TUB	SHARED	GSE108112-GPL19983	ENDO_ART	47	0.1944202095111634	1.792372367801944	scRNA_endosplit
TUB	SHARED	GSE175759-RNAseq	PT	50	-0.2589370042551309	-3.5598363350690727	scRNA_endosplit
TUB	SHARED	GSE175759-RNAseq	PT_injured	50	-0.02072484789416193	0.06416133885229477	scRNA_endosplit
TUB	SHARED	GSE175759-RNAseq	LOH	50	-0.1480226060561836	-1.846793331033746	scRNA_endosplit
TUB	SHARED	GSE175759-RNAseq	DCT	50	-0.4246730074286461	-6.086309398790637	scRNA_endosplit
TUB	SHARED	GSE175759-RNAseq	CNT_PC	50	-0.4092405181750655	-5.821236583151352	scRNA_endosplit
TUB	SHARED	GSE175759-RNAseq	IC	50	-0.6060354129411281	-8.996146695920089	scRNA_endosplit
TUB	SHARED	GSE175759-RNAseq	PODO	50	-0.39574351873248814	-5.598522503444372	scRNA_endosplit
TUB	SHARED	GSE175759-RNAseq	PEC	50	-0.055373150743544104	-0.46821774869802724	scRNA_endosplit
TUB	SHARED	GSE175759-RNAseq	ENDO_PT	50	-0.07657910314388573	-0.8067968816094516	scRNA_endosplit
TUB	SHARED	GSE175759-RNAseq	MES	24	0.5201717900733153	5.7561996526381805	scRNA_endosplit
TUB	SHARED	GSE175759-RNAseq	STROMA	50	0.6445467698574067	10.085041031082822	scRNA_endosplit
TUB	SHARED	GSE175759-RNAseq	PERI	50	-0.09986345485784114	-1.160737082160855	scRNA_endosplit
TUB	SHARED	GSE175759-RNAseq	BCELL	50	0.5358710785210132	8.476004428969743	scRNA_endosplit
TUB	SHARED	GSE175759-RNAseq	TCELL	50	0.5410542858764529	8.794412333362553	scRNA_endosplit
TUB	SHARED	GSE175759-RNAseq	NK	50	0.4114131181687117	6.5086064246974615	scRNA_endosplit
TUB	SHARED	GSE175759-RNAseq	MAC	50	0.3662973530264571	6.213985221788325	scRNA_endosplit
TUB	SHARED	GSE175759-RNAseq	DC	19	0.3784208850641	3.9095431119071873	scRNA_endosplit
TUB	SHARED	GSE175759-RNAseq	ENDO_GC	50	-0.07628183318302036	-0.7436445526893208	scRNA_endosplit
TUB	SHARED	GSE175759-RNAseq	ENDO_ART	50	-0.05904919691383838	-0.538122291668308	scRNA_endosplit
TUB	SHARED	META	PT	50	-0.38858107443433254	-5.302140385757687	scRNA_endosplit
TUB	SHARED	META	PT_injured	50	-0.1631830940321864	-1.9447322255601973	scRNA_endosplit
TUB	SHARED	META	LOH	50	-0.20909503065592921	-2.5984248706802493	scRNA_endosplit
TUB	SHARED	META	DCT	50	-0.5581328368342171	-7.934169396424064	scRNA_endosplit
TUB	SHARED	META	CNT_PC	50	-0.26003382748526443	-3.4607611990029885	scRNA_endosplit
TUB	SHARED	META	IC	50	-0.504688274555956	-7.238097564238087	scRNA_endosplit
TUB	SHARED	META	PODO	50	-0.5867267523768048	-8.204888138630578	scRNA_endosplit
TUB	SHARED	META	PEC	50	-0.05454426826598743	-0.2813228698921744	scRNA_endosplit
TUB	SHARED	META	ENDO_PT	50	-0.07847007530353341	-0.5728804075705417	scRNA_endosplit
TUB	SHARED	META	MES	24	0.1295044956386846	1.8095807523527458	scRNA_endosplit
TUB	SHARED	META	STROMA	50	0.3134107950314258	5.3813713182590215	scRNA_endosplit
TUB	SHARED	META	PERI	50	-0.2659906556091543	-3.4040669130704324	scRNA_endosplit
TUB	SHARED	META	BCELL	50	0.24746243277409424	4.3449108331931665	scRNA_endosplit
TUB	SHARED	META	TCELL	50	0.28789351264752133	5.035087830481388	scRNA_endosplit
TUB	SHARED	META	NK	50	0.19826272018564242	3.587902039231714	scRNA_endosplit
TUB	SHARED	META	MAC	50	0.2572908921749331	4.470563175288961	scRNA_endosplit
TUB	SHARED	META	DC	19	0.23255694147787595	2.5582263616676593	scRNA_endosplit
TUB	SHARED	META	ENDO_GC	50	-0.14784162012394517	-1.7407838259218864	scRNA_endosplit
TUB	SHARED	META	ENDO_ART	50	0.003935440185790257	0.5854987179515775	scRNA_endosplit
