term	nes	p	fdr	tag_frac	leading_edge	compartment	library	variant	n_ranked
GOBP_ANTIGEN_PROCESSING_AND_PRESENTATION	2.280940476155713	0.0	0.0	40/87	PSMB8;PYCARD;HLA-B;HLA-DMA;HLA-F;CTSS;MICB;HLA-DRB1;THBS1;HLA-DOA;RAB8B;B2M;TAP1;HLA-DRA;HLA-DPA1;HLA-A;HLA-C;RAB32;CD1D;YTHDF1;EXT1;FCER1G;RAB33A;CCL19;CTSD;PSME1;TAPBPL;IFI30;CD8A;CD68;HLA-DQB2;FGL2;TAP2;HLA-DOB;IDE;NOD2;CD74;HLA-E;HLA-DMB;RAB35	TUB	GO_BP	no_proc_ieg	10347
GOBP_MYELOID_CELL_ACTIVATION_INVOLVED_IN_IMMUNE_RESPONSE	2.2470641612227054	0.0	0.0	23/72	PYCARD;S100A13;TYROBP;ITGB2;CX3CR1;ITGAM;ANXA3;MYD88;NMI;IFI35;CD300A;IL33;VAMP8;PIK3CG;FCER1G;RASGRP1;PTPN6;KARS1;GRN;CCR2;DOCK2;TICAM1;RAC2	TUB	GO_BP	no_proc_ieg	10347
GOBP_ANTIGEN_PROCESSING_AND_PRESENTATION_OF_PEPTIDE_ANTIGEN	2.2270622297188196	0.0	0.0	25/50	PYCARD;HLA-B;HLA-DMA;HLA-F;CTSS;MICB;HLA-DRB1;HLA-DOA;B2M;TAP1;HLA-DRA;HLA-DPA1;HLA-A;HLA-C;FCER1G;CTSD;TAPBPL;IFI30;HLA-DQB2;TAP2;HLA-DOB;IDE;CD74;HLA-E;HLA-DMB	TUB	GO_BP	no_proc_ieg	10347
GOBP_BASEMENT_MEMBRANE_ORGANIZATION	2.1869877060667298	0.0	0.0002381037117082723	14/29	COL3A1;COL4A1;CTSS;RIC8A;NID2;CAV2;EXT1;LAMC1;FERMT1;SPINT2;CAV1;PHLDB1;PLOD3;FLRT2	TUB	GO_BP	no_proc_ieg	10347
GOBP_RESPONSE_TO_TYPE_I_INTERFERON	2.18105281290196	0.0	0.00019048296936661786	25/60	FADD;IFITM1;HDAC4;IFNAR1;MX1;OAS1;MYD88;ISG15;IFI27;OAS3;IFIH1;IRF7;YTHDF3;PTPN6;EIF4E2;TANK;ADAR;MUL1;UBE2K;SP100;TTLL12;OAS2;METTL3;TRAF3;IFNA16	TUB	GO_BP	no_proc_ieg	10347
GOBP_ANTIGEN_PROCESSING_AND_PRESENTATION_OF_EXOGENOUS_PEPTIDE_ANTIGEN	2.171628581900577	0.0	0.00031747161561102976	19/29	HLA-DMA;HLA-F;CTSS;HLA-DRB1;HLA-DOA;B2M;HLA-DRA;HLA-DPA1;HLA-A;FCER1G;CTSD;IFI30;HLA-DQB2;TAP2;HLA-DOB;CD74;HLA-E;HLA-DMB;FCGR2B	TUB	GO_BP	no_proc_ieg	10347
GOBP_ANTIGEN_PROCESSING_AND_PRESENTATION_OF_EXOGENOUS_ANTIGEN	2.1629860282631723	0.0	0.0005442370553331938	21/37	HLA-DMA;HLA-F;CTSS;HLA-DRB1;HLA-DOA;B2M;HLA-DRA;HLA-DPA1;HLA-A;CD1D;FCER1G;CTSD;PSME1;IFI30;HLA-DQB2;TAP2;HLA-DOB;CD74;HLA-E;HLA-DMB;FCGR2B	TUB	GO_BP	no_proc_ieg	10347
GOBP_ANTIGEN_PROCESSING_AND_PRESENTATION_OF_PEPTIDE_OR_POLYSACCHARIDE_ANTIGEN_VIA_MHC_CLASS_II	2.1552448753363262	0.0	0.0005952592792706807	17/27	PYCARD;HLA-DMA;CTSS;HLA-DRB1;THBS1;HLA-DOA;B2M;HLA-DRA;HLA-DPA1;FCER1G;CTSD;IFI30;HLA-DQB2;HLA-DOB;CD74;HLA-DMB;FCGR2B	TUB	GO_BP	no_proc_ieg	10347
GOBP_CELLULAR_RESPONSE_TO_DSRNA	2.138025868603361	0.0	0.0007407671030924027	9/17	TLR3;FLOT1;NFKB1;NPM1;IFIH1;COLEC12;CAV1;RIGI;MUL1	TUB	GO_BP	no_proc_ieg	10347
GOBP_POSITIVE_REGULATION_OF_TYPE_II_INTERFERON_PRODUCTION	2.124397281470382	0.0	0.0007619318774664714	24/62	PYCARD;FADD;TLR3;BTN3A2;CD2;TLR7;ISG15;HLA-DPA1;IRF8;HLA-A;RASGRP1;IL1R1;BTN3A1;CCR2;IL27RA;ABL1;IL18R1;CD14;IL18;HRAS;TLR8;TRIM27;F2RL1;EBI3	TUB	GO_BP	no_proc_ieg	10347
GOBP_INTERFERON_MEDIATED_SIGNALING_PATHWAY	2.0954580726316627	0.0	0.0014719138541965926	27/67	FADD;IFITM1;HDAC4;IFNAR1;OAS1;MYD88;ISG15;IFI27;OAS3;IFIH1;IRF7;YTHDF3;PTPN6;EIF4E2;PPARG;TANK;ADAR;HCK;MUL1;UBE2K;SP100;TTLL12;OAS2;METTL3;TRAF3;IFNA16;IFNGR2	TUB	GO_BP	no_proc_ieg	10347
GOBP_NEGATIVE_REGULATION_OF_INNATE_IMMUNE_RESPONSE	2.09357675245709	0.0	0.0014286222702496337	30/64	HLA-B;SERPING1;HLA-F;DTX4;OAS1;NMI;ISG15;OAS3;TRIM21;HLA-A;IFI16;CD96;AURKB;YTHDF3;RPS19;VSIG4;EIF4E2;PPARG;GRN;ADAR;MUL1;PARP1;TTLL12;METTL3;BANF1;A2M;CRK;HLA-E;ZDHHC18;DUSP10	TUB	GO_BP	no_proc_ieg	10347
GOBP_POSITIVE_REGULATION_OF_TUMOR_NECROSIS_FACTOR_SUPERFAMILY_CYTOKINE_PRODUCTION	2.091830410700274	0.0	0.0013187282494612005	25/87	PYCARD;FADD;CLU;TYROBP;TLR3;OAS1;CD2;LY96;CYBA;THBS1;SPON2;CYBB;MYD88;OAS3;TLR1;IL33;CD86;IFIH1;PSEN1;RASGRP1;CD36;CCR2;CCL19;TICAM1;RIGI	TUB	GO_BP	no_proc_ieg	10347
GOBP_ANTIGEN_PROCESSING_AND_PRESENTATION_OF_EXOGENOUS_PEPTIDE_ANTIGEN_VIA_MHC_CLASS_II	2.0898364058750265	0.0	0.001224533374499686	15/23	HLA-DMA;CTSS;HLA-DRB1;HLA-DOA;B2M;HLA-DRA;HLA-DPA1;FCER1G;CTSD;IFI30;HLA-DQB2;HLA-DOB;CD74;HLA-DMB;FCGR2B	TUB	GO_BP	no_proc_ieg	10347
GOBP_POSITIVE_REGULATION_OF_T_CELL_MIGRATION	2.0859167108982675	0.0	0.0013333807855663248	15/30	PYCARD;FADD;CCL5;ITGB3;ITGA4;RHOA;CCR2;TNFRSF14;STK39;ABL1;ASCL2;CXCL13;ADAM10;CCL20;CXCL10	TUB	GO_BP	no_proc_ieg	10347
GOBP_POSITIVE_REGULATION_OF_T_CELL_MEDIATED_CYTOTOXICITY	2.0811580774609237	0.0	0.0014286222702496337	10/30	FADD;HLA-B;HLA-F;MICB;HLA-DRB1;B2M;HLA-DRA;HLA-A;HLA-C;CD1D	TUB	GO_BP	no_proc_ieg	10347
GOBP_ANTIGEN_PROCESSING_AND_PRESENTATION_OF_ENDOGENOUS_PEPTIDE_ANTIGEN	2.065172508223722	0.0	0.002072902901930841	9/19	HLA-B;HLA-F;MICB;HLA-DRB1;B2M;TAP1;HLA-DRA;HLA-A;HLA-C	TUB	GO_BP	no_proc_ieg	10347
GOBP_NEGATIVE_REGULATION_OF_VIRAL_GENOME_REPLICATION	2.0560318756313265	0.0	0.002539772924888238	26/41	APOBEC3G;IFITM1;MX1;CCL5;OAS1;SLPI;ISG15;OAS3;IFIH1;MORC2;IFI16;ISG20;PLSCR1;RSAD2;OAS2;APOBEC3F;LTF;BANF1;FAM111A;TNIP1;MPHOSPH8;APOBEC3A;TASOR;TRIM28;IFITM2;RNASEL	TUB	GO_BP	no_proc_ieg	10347
GOBP_PEPTIDE_ANTIGEN_ASSEMBLY_WITH_MHC_PROTEIN_COMPLEX	2.0262175666026545	0.0	0.0048122013313671875	11/16	HLA-DMA;HLA-DRB1;HLA-DOA;B2M;HLA-DRA;HLA-DPA1;HLA-A;TAPBPL;HLA-DQB2;HLA-DOB;HLA-DMB	TUB	GO_BP	no_proc_ieg	10347
GOBP_PROTEIN_LOCALIZATION_TO_CHROMOSOME_CENTROMERIC_REGION	2.022821177219047	0.0	0.004904936461190409	10/21	BUB1B;CDK1;H2AC8;ZWILCH;RB1;AURKB;CENPA;CTCF;TTK;CENPQ	TUB	GO_BP	no_proc_ieg	10347
GOBP_REGULATION_OF_SISTER_CHROMATID_SEGREGATION	2.0127869254071764	0.0	0.0058959014327762665	37/76	ZWINT;CDC20;MAD2L1;SMARCE1;BUB1B;DLGAP5;CHFR;CDK1;MAD1L1;SMARCD3;ZWILCH;NDC80;RB1;AURKB;TACC3;CENPE;APC;TTK;SPC25;CCNB1;CDC27;PSMG2;CENPF;BECN1;ACTL6A;FBXO5;CDC23;ZNF207;UBE2C;ZW10;CDCA8;SPDL1;BUB3;ATM;IK;CDC6;CDC16	TUB	GO_BP	no_proc_ieg	10347
GOBP_MACROPHAGE_ACTIVATION_INVOLVED_IN_IMMUNE_RESPONSE	2.0065821574859237	0.0	0.006233988088362038	7/17	TYROBP;CX3CR1;NMI;IFI35;IL33;GRN;TICAM1	TUB	GO_BP	no_proc_ieg	10347
GOBP_POSITIVE_REGULATION_OF_CYTOKINE_PRODUCTION_INVOLVED_IN_IMMUNE_RESPONSE	1.9986520611738228	0.0	0.0067497226101649365	22/65	PYCARD;HLA-F;TLR3;SPON2;TLR7;LAPTM5;B2M;MYD88;HLA-A;CD36;IL1R1;TNFRSF14;TICAM1;RIGI;IL18R1;IL18;PANX1;RSAD2;NOD2;CD74;HLA-E;F2RL1	TUB	GO_BP	no_proc_ieg	10347
GOBP_REGULATION_OF_T_CELL_MEDIATED_CYTOTOXICITY	1.9970457564263948	0.0	0.006547852071977488	11/38	FADD;HLA-B;HLA-F;MICB;HLA-DRB1;B2M;HLA-DRA;HLA-A;HLA-C;CD1D;NCKAP1L	TUB	GO_BP	no_proc_ieg	10347
GOBP_ANTIGEN_PROCESSING_AND_PRESENTATION_OF_ENDOGENOUS_ANTIGEN	1.9921217491279337	0.0	0.00693358008494489	14/26	HLA-B;HLA-F;MICB;HLA-DRB1;B2M;TAP1;HLA-DRA;HLA-A;HLA-C;CD1D;TAP2;IDE;CD74;HLA-E	TUB	GO_BP	no_proc_ieg	10347
GOBP_REGULATION_OF_CHROMOSOME_SEGREGATION	1.9906836265953276	0.0	0.006923323309671303	43/93	ZWINT;CDC20;MAD2L1;SMARCE1;BUB1B;DLGAP5;NCAPG;CHFR;CDK1;MAD1L1;SMARCD3;ZWILCH;NDC80;RB1;AURKB;SMC4;TACC3;CENPE;APC;TTK;SPC25;CCNB1;PLSCR1;CDC27;PSMG2;CENPF;BECN1;ACTL6A;FBXO5;CDC23;NCAPG2;ZNF207;UBE2C;ZW10;CDCA8;SPDL1;PUM1;SMC2;BUB3;ATM;IK;CDC6;CDC16	TUB	GO_BP	no_proc_ieg	10347
GOBP_LEUKOCYTE_DEGRANULATION	1.985587729397079	0.0	0.007442945654880808	21/53	S100A13;HLA-F;ITGB2;ITGAM;ANXA3;CD300A;VAMP8;PIK3CG;RASGRP1;NCKAP1L;CCR2;HCK;RAC2;NKG7;FCER1A;F2RL1;FCGR2B;STXBP1;CBL;PTGDR;LAMP1	TUB	GO_BP	no_proc_ieg	10347
GOBP_TYPE_I_INTERFERON_PRODUCTION	1.9847978420428767	0.0	0.007245155799123142	32/91	PYCARD;TYROBP;TLR3;FLOT1;DTX4;OAS1;TLR7;MYD88;NMI;ISG15;OAS3;USP22;TRIM21;IFIH1;IRF8;IRF7;TANK;RBX1;SIGLEC1;TICAM1;RIGI;TRAF3IP3;XAF1;CD14;OAS2;KPNA2;TLR8;BANF1;TRAF3;TRIM27;NMB;TOMM70	TUB	GO_BP	no_proc_ieg	10347
GOBP_NEUTROPHIL_ACTIVATION_INVOLVED_IN_IMMUNE_RESPONSE	1.9827436715791793	0.001644736842105263	0.007225216079423435	7/17	TYROBP;ITGB2;ITGAM;ANXA3;MYD88;VAMP8;FCER1G	TUB	GO_BP	no_proc_ieg	10347
GOBP_REGULATION_OF_MITOTIC_SISTER_CHROMATID_SEGREGATION	1.9808193898518638	0.0014492753623188406	0.00727009999749258	24/42	ZWINT;CDC20;MAD2L1;BUB1B;CDK1;MAD1L1;ZWILCH;NDC80;AURKB;APC;TTK;SPC25;CCNB1;PSMG2;CENPF;BECN1;FBXO5;ZNF207;ZW10;CDCA8;SPDL1;BUB3;ATM;IK	TUB	GO_BP	no_proc_ieg	10347
GOBP_GRANULOCYTE_ACTIVATION	1.97811141924579	0.0	0.007158472881035799	20/39	TYROBP;CCL5;ITGB2;ITGAM;ANXA3;MYD88;CD300A;VAMP8;ANXA1;FCER1G;KARS1;IL15;GRN;CCR2;CXCL6;IL18;FCER1A;CXCR2;F2RL1;FCGR2B	TUB	GO_BP	no_proc_ieg	10347
GOBP_NEGATIVE_REGULATION_OF_IMMUNE_RESPONSE	1.976582082162331	0.0	0.007262163207102305	54/143	COL3A1;HLA-B;SERPING1;HLA-F;DTX4;OAS1;HLA-DRB1;AHR;PLK2;SAMSN1;NMI;ISG15;OAS3;CD300A;IL33;TRIM21;HLA-A;IFI16;ANXA1;CD96;AURKB;YTHDF3;RPS19;VSIG4;HLX;NCKAP1L;PTPN6;EIF4E2;INPP5D;PPARG;GRN;ADAR;CCR2;TNFRSF14;HCK;IL27RA;MUL1;ASCL2;PARP1;NPY5R;FGL2;TTLL12;CD59;METTL3;DUSP22;BANF1;A2M;WDR41;NOD2;TRIM27;CRK;HLA-E;ZDHHC18;DUSP10	TUB	GO_BP	no_proc_ieg	10347
GOBP_ANTIGEN_PROCESSING_AND_PRESENTATION_OF_PEPTIDE_ANTIGEN_VIA_MHC_CLASS_I	1.974049826190677	0.0	0.007272986103089044	13/25	HLA-B;HLA-F;MICB;B2M;TAP1;HLA-A;HLA-C;FCER1G;TAPBPL;IFI30;TAP2;IDE;HLA-E	TUB	GO_BP	no_proc_ieg	10347
GOBP_NEGATIVE_REGULATION_OF_CHROMOSOME_SEGREGATION	1.9624640118496723	0.0	0.00848769701736547	23/39	ZWINT;CDC20;MAD2L1;BUB1B;CHFR;MAD1L1;ZWILCH;NDC80;AURKB;APC;TTK;SPC25;CCNB1;PSMG2;CENPF;FBXO5;ZNF207;ZW10;CDCA8;SPDL1;BUB3;ATM;IK	TUB	GO_BP	no_proc_ieg	10347
GOBP_NEGATIVE_REGULATION_OF_ENDOCYTOSIS	1.9554763205963261	0.0	0.009333665498964274	22/50	SNX3;CSK;UBQLN2;ITGB3;SYT11;CD300A;CD47;APOC1;PSEN1;CAV1;MTMR2;PLSCR1;RUBCN;ATXN2;RAC1;ITGAV;ANXA2;SDCBP;FCGR2B;RIN3;ATG5;PRKD1	TUB	GO_BP	no_proc_ieg	10347
GOBP_POSITIVE_REGULATION_OF_MACROPHAGE_CYTOKINE_PRODUCTION	1.9534138619973334	0.0	0.009312500724590205	11/24	PYCARD;TLR3;SPON2;TLR7;LAPTM5;MYD88;CD36;TICAM1;PANX1;NOD2;CD74	TUB	GO_BP	no_proc_ieg	10347
GOBP_MITOTIC_METAPHASE_CHROMOSOME_ALIGNMENT	1.9527145823146062	0.0	0.009240998108461594	25/46	NUP62;KPNB1;VPS4B;CDK1;PSRC1;MAD1L1;CEP55;NDC80;AURKB;CENPE;CCNB1;KIF18A;EML3;CDT1;PIBF1;BECN1;CHMP7;CDC23;SKA1;KIF14;ZW10;CDCA8;SPDL1;MAPRE1;MIS12	TUB	GO_BP	no_proc_ieg	10347
GOBP_IMMUNE_RESPONSE_REGULATING_CELL_SURFACE_RECEPTOR_SIGNALING_PATHWAY	1.9463418503382648	0.0	0.010100610086150921	83/252	CSK;TYROBP;FLOT1;BTN3A2;OAS1;MICB;LY96;CYBA;ITGAM;HLA-DRB1;NFKB1;CD3D;LAPTM5;MYD88;NMI;IFI35;LIPA;TLR5;MNDA;BAX;CD300A;CD47;TLR1;HLA-A;TRAC;MS4A1;FCER1G;CACNB3;C3;LCP2;CD38;PSEN1;VTCN1;NCKAP1L;PAK2;BANK1;PTPN6;INPP5D;CRKL;BTN2A2;PRKCH;TRAT1;IGHM;MAP3K1;BTN3A1;C3AR1;FCGR3B;TICAM1;HCK;GRB2;THEMIS2;ABL1;LAX1;IGKC;CD14;VAV1;TRIL;C5AR1;CD8A;NR1D1;EIF2B4;PLSCR1;HRAS;FCER1A;PIGR;VAV3;SLC39A6;CD40;LCK;LTF;SH2D1A;DUSP22;LPXN;MEF2C;TRAF3;HHLA2;NOD2;BTN2A1;F2RL1;GBP1;FYB1;FPR3;PTK2	TUB	GO_BP	no_proc_ieg	10347
GOBP_CHROMOSOME_SEPARATION	1.94490773425052	0.001430615164520744	0.01011024991253587	33/60	ZWINT;CDC20;MAD2L1;BUB1B;DLGAP5;NCAPG;CHFR;MAD1L1;ZWILCH;NDC80;RB1;AURKB;SMC4;APC;TTK;SPC25;CCNB1;PLSCR1;PSMG2;CENPF;FBXO5;CDC23;NCAPG2;ZNF207;UBE2C;ZW10;CDCA8;SPDL1;SMC2;BUB3;ATM;IK;CDC16	TUB	GO_BP	no_proc_ieg	10347
GOBP_REGULATION_OF_DNA_TEMPLATED_DNA_REPLICATION	1.9422964057138992	0.0	0.010262269974626537	22/32	RFC5;DBF4;MCM4;RFC2;MCM5;DSCC1;DYNLL1;MCM2;PCNA;RFC4;NBN;CDC7;CDT1;POLG2;FBXO5;MCM3;METTL4;E2F8;SSBP1;ZMPSTE24;FGFR1;LIG3	TUB	GO_BP	no_proc_ieg	10347
GOBP_INTERFERON_BETA_PRODUCTION	1.9392907530390322	0.0	0.010476563315163981	16/41	PYCARD;TLR3;FLOT1;OAS1;TLR7;NMI;ISG15;OAS3;IFIH1;IRF7;TICAM1;RIGI;OAS2;TLR8;TRAF3;TOMM70	TUB	GO_BP	no_proc_ieg	10347
GOBP_POSITIVE_REGULATION_OF_TYPE_I_INTERFERON_PRODUCTION	1.9312950387468375	0.0	0.01181447940952475	21/54	TLR3;FLOT1;OAS1;TLR7;MYD88;ISG15;OAS3;USP22;IFIH1;IRF7;TANK;TICAM1;RIGI;TRAF3IP3;CD14;OAS2;KPNA2;TLR8;TRAF3;NMB;TOMM70	TUB	GO_BP	no_proc_ieg	10347
GOBP_TUMOR_NECROSIS_FACTOR_SUPERFAMILY_CYTOKINE_PRODUCTION	1.9268934377466451	0.0	0.012447840556283632	42/137	PYCARD;FADD;CLU;TYROBP;TLR3;OAS1;CX3CR1;CD2;LY96;CYBA;TSPO;THBS1;SPON2;CYBB;SYT11;MYD88;OAS3;CD47;TLR1;IL33;CD86;IFIH1;PSEN1;RASGRP1;CD36;PTPN6;CCR2;CCL19;TICAM1;RIGI;CX3CL1;IL27RA;CD14;GPNMB;OAS2;TWIST1;UBE2J1;GSTP1;LTF;NOD2;TRIM27;HLA-E	TUB	GO_BP	no_proc_ieg	10347
GOBP_DETECTION_OF_EXTERNAL_BIOTIC_STIMULUS	1.9231032339866065	0.0016366612111292963	0.013138995727901934	7/16	HLA-B;LY96;HLA-DRB1;TLR1;HLA-A;SCARB1;CD1D	TUB	GO_BP	no_proc_ieg	10347
GOBP_T_CELL_MIGRATION	1.9220575267645768	0.0	0.01299517146567815	21/54	PYCARD;FADD;CCL5;ITGB3;ITGA4;RHOA;PIK3CG;CRKL;CCR2;TNFRSF14;S1PR1;STK39;IL27RA;CXCL11;ABL1;ASCL2;CXCL13;ADAM10;CCL20;CXCL10;CRK	TUB	GO_BP	no_proc_ieg	10347
GOBP_MYELOID_LEUKOCYTE_ACTIVATION	1.9218622066687665	0.0	0.012733372408746738	62/184	PYCARD;S100A13;UBD;CLU;TYROBP;TLR3;CCL5;FN1;ITGB2;CX3CR1;CD2;ITGAM;THBS1;ANXA3;SYT11;MYD88;NMI;IFI35;C1QA;CD300A;TLR1;IL33;VAMP8;ANXA1;PIK3CG;FCER1G;VSIG4;ITGB8;LCP2;PSEN1;RASGRP1;PTPN6;KARS1;IL15;GRN;CCR2;CXCL6;STK39;DOCK2;TICAM1;CX3CL1;RAC2;CD93;ITGB6;CST7;ADAM10;C5AR1;NR1D1;IL18;PLSCR1;FCER1A;KCNJ8;CEBPA;PLA2G4A;CD74;IFNGR2;CXCR2;F2RL1;HYAL2;FCGR2B;STXBP1;NOTCH2	TUB	GO_BP	no_proc_ieg	10347
GOBP_MITOTIC_SISTER_CHROMATID_SEPARATION	1.919593510183368	0.0014577259475218659	0.012908260796439955	27/47	ZWINT;CDC20;MAD2L1;BUB1B;DLGAP5;MAD1L1;ZWILCH;NDC80;RB1;AURKB;APC;TTK;SPC25;CCNB1;PSMG2;CENPF;FBXO5;CDC23;ZNF207;UBE2C;ZW10;CDCA8;SPDL1;BUB3;ATM;IK;CDC16	TUB	GO_BP	no_proc_ieg	10347
GOBP_POSITIVE_REGULATION_OF_CANONICAL_NF_KAPPAB_SIGNAL_TRANSDUCTION	1.9182130902863856	0.0	0.012897284384198083	50/154	PYCARD;FADD;S100A13;UBD;CASP8;TLR3;FLOT1;ECT2;CX3CR1;HLA-DRB1;TLR7;PLK2;NUP62;MYD88;RHOC;TRIM21;RHOA;LGALS1;CANT1;S100A4;LITAF;TRIM22;CD36;CASP1;RBX1;CAV1;CD4;CCL19;SECTM1;TICAM1;CX3CL1;MUL1;ABL1;TRIM25;TNFSF10;TFG;TSPAN6;CCDC22;PARP1;GOLT1B;CD40;TLR8;LTF;LTB;NOD2;ROR1;CD74;ZDHHC13;F2RL1;TRIM68	TUB	GO_BP	no_proc_ieg	10347
GOBP_REGULATION_OF_TYPE_I_INTERFERON_MEDIATED_SIGNALING_PATHWAY	1.9174876259630782	0.0	0.012847881913401471	13/30	FADD;OAS1;ISG15;OAS3;IRF7;YTHDF3;PTPN6;EIF4E2;ADAR;MUL1;UBE2K;TTLL12;METTL3	TUB	GO_BP	no_proc_ieg	10347
GOBP_REGULATION_OF_RELEASE_OF_CYTOCHROME_C_FROM_MITOCHONDRIA	1.917112836698727	0.0	0.012667117462880087	8/36	PYCARD;CLU;PPIF;TRIAP1;MLLT11;BAX;FXN;BID	TUB	GO_BP	no_proc_ieg	10347
GOBP_NEGATIVE_REGULATION_OF_RESPONSE_TO_BIOTIC_STIMULUS	1.9164880491124892	0.0	0.012493441814339937	36/86	HLA-B;SERPING1;HLA-F;DTX4;OAS1;MICB;AHR;NMI;ISG15;OAS3;TRIM21;HLA-A;IFI16;CD96;AURKB;YTHDF3;RPS19;VSIG4;CARD8;EIF4E2;PPARG;GRN;ADAR;MUL1;PARP1;FGL2;TTLL12;LTF;METTL3;BANF1;A2M;CRK;HLA-E;TARBP2;ZDHHC18;DUSP10	TUB	GO_BP	no_proc_ieg	10347
GOBP_NEGATIVE_REGULATION_OF_CHROMOSOME_ORGANIZATION	1.9136869482737624	0.0	0.012766022081589676	35/67	ZWINT;CDC20;MAD2L1;BUB1B;MAD1L1;ZWILCH;NDC80;NAA10;AURKB;NAT10;TOP2A;APC;TTK;DCP2;SPC25;NBN;CCNB1;PARP1;EXOSC10;PSMG2;CENPF;POT1;SMARCA5;FBXO5;ZNF207;TINF2;ZW10;CDCA8;SPDL1;BUB3;ATM;IK;WAPL;BUB1;RAD50	TUB	GO_BP	no_proc_ieg	10347
GOBP_REGULATION_OF_RESPONSE_TO_CYTOKINE_STIMULUS	1.9108386968561217	0.0	0.013190047124065803	36/119	PYCARD;FADD;CASP8;CCL5;OAS1;LAPTM5;AGPAT2;ISG15;OAS3;TRIM44;IFIH1;IRF7;ZNF675;EXT1;YTHDF3;CARD8;TNFRSF11B;PTPN6;EIF4E2;PPARG;TANK;CASP1;CAV1;ADAR;IL1R1;RIGI;MUL1;IL7;UBE2K;TTLL12;CASP4;GSTP1;TAF9;METTL3;CD74;F2RL1	TUB	GO_BP	no_proc_ieg	10347
GOBP_MITOTIC_SISTER_CHROMATID_SEGREGATION	1.9077546976164659	0.0	0.013492543663468764	62/130	ZWINT;CDC20;MAD2L1;NUP62;KPNB1;NUSAP1;PRC1;BUB1B;VPS4B;DLGAP5;KIF11;NCAPG;CDK1;PSRC1;MAD1L1;CEP55;RHOA;ZWILCH;NDC80;RB1;AURKB;SMC4;MAP9;CENPE;APC;TTK;SPC25;WRAP73;CCNB1;KIF2A;KIF18A;KIF4A;EML3;PSMG2;CDT1;TPX2;PIBF1;CENPF;BECN1;SMARCA5;FBXO5;CHMP7;CDC23;NCAPG2;SKA1;KIF14;ZNF207;UBE2C;ZW10;CDCA8;SPDL1;STAG1;SMC2;BUB3;KIF25;MAPRE1;OFD1;MIS12;ATM;IK;WAPL;CDC16	TUB	GO_BP	no_proc_ieg	10347
GOBP_SISTER_CHROMATID_SEGREGATION	1.9024950690155917	0.0	0.01433817260323269	70/158	ZWINT;CDC20;MAD2L1;NUP62;KPNB1;SMARCE1;NUSAP1;PRC1;BUB1B;VPS4B;DLGAP5;KIF11;NCAPG;CHFR;CDK1;PSRC1;MAD1L1;CEP55;SMARCD3;RHOA;ZWILCH;NDC80;RB1;AURKB;SMC4;MAP9;TOP2A;TACC3;CENPE;APC;TTK;SPC25;WRAP73;CCNB1;KIF2A;KIF18A;KIF4A;CDC27;EML3;PSMG2;CDT1;TPX2;PIBF1;CENPF;BECN1;SMARCA5;ACTL6A;FBXO5;CHMP7;CDC23;NCAPG2;SKA1;KIF14;ZNF207;UBE2C;ZW10;CDCA8;SPDL1;STAG1;SMC2;BUB3;KIF25;MAPRE1;OFD1;MIS12;ATM;IK;CDC6;WAPL;CDC16	TUB	GO_BP	no_proc_ieg	10347
GOBP_ACTIVATION_OF_IMMUNE_RESPONSE	1.901307007372478	0.0	0.014337244926433823	128/392	NAGK;PYCARD;CLU;SERPING1;CSK;CFB;TYROBP;TLR3;FLOT1;BTN3A2;OAS1;CTSS;MICB;LY96;CYBA;ITGAM;HLA-DRB1;NFKB1;TLR7;CD3D;LAPTM5;MYD88;NMI;IFI35;LIPA;C1QA;TLR5;MNDA;OAS3;BAX;CD300A;CD47;TLR1;IFIH1;HLA-A;TRAC;C1S;IRF7;MS4A1;IFI16;C1R;COLEC12;AURKB;FCER1G;CACNB3;C3;VSIG4;LCP2;CD38;CARD8;PSEN1;VTCN1;NCKAP1L;PAK2;BANK1;CD36;PTPN6;INPP5D;CRKL;BTN2A2;CASP1;CAV1;PRKCH;TRAT1;C8G;IGHM;BTN3A1;C3AR1;TICAM1;RIGI;HCK;GRB2;THEMIS2;TRAF3IP3;ABL1;TRIM25;LAX1;IGKC;CD14;VAV1;TRIL;RNF34;C5AR1;TSPAN6;CD8A;NR1D1;EIF2B4;PLSCR1;LRRC14;HRAS;PARP1;VAV3;RSAD2;SLC39A6;CD59;PPT1;LCK;TLR8;LTF;KCNJ8;SH2D1A;DUSP22;BANF1;C1QB;LPXN;A2M;MEF2C;TRAF3;HHLA2;BRCC3;NOD2;TOMM70;DDX60;BTN2A1;GBP2;CFD;F2RL1;BECN1;GBP1;FYB1;TARBP2;ZDHHC18;CSNK1A1;FPR3;PTK2;RNF125;FCGR2B;TNIP1	TUB	GO_BP	no_proc_ieg	10347
GOBP_REGULATION_OF_DEFENSE_RESPONSE_TO_VIRUS_BY_HOST	1.9007468270353391	0.0016	0.014219386572894016	11/24	APOBEC3G;PYCARD;MICB;TRIM44;TRIM22;IL15;RIGI;MUL1;APOBEC3F;TOMM70;TARBP2	TUB	GO_BP	no_proc_ieg	10347
GOBP_REGULATION_OF_MYELOID_LEUKOCYTE_MEDIATED_IMMUNITY	1.8984508072268023	0.0	0.01445043215884687	16/39	TYROBP;ITGB2;CX3CR1;ITGAM;CD300A;VAMP8;C3;CCR2;CXCL6;TICAM1;RIGI;RAC2;HLA-E;F2RL1;FCGR2B;STXBP1	TUB	GO_BP	no_proc_ieg	10347
GOBP_MACROPHAGE_CYTOKINE_PRODUCTION	1.8976427173944892	0.0	0.014383078449631907	14/34	PYCARD;TLR3;SPON2;TLR7;LAPTM5;MYD88;LITAF;CD36;TICAM1;PANX1;TWIST1;UBE2J1;NOD2;CD74	TUB	GO_BP	no_proc_ieg	10347
GOBP_T_CELL_MEDIATED_CYTOTOXICITY	1.8942924041260312	0.0	0.014825924449035088	11/46	FADD;HLA-B;HLA-F;MICB;HLA-DRB1;B2M;HLA-DRA;HLA-A;HLA-C;CD1D;NCKAP1L	TUB	GO_BP	no_proc_ieg	10347
GOBP_DETECTION_OF_BIOTIC_STIMULUS	1.894008484970019	0.001607717041800643	0.014614103223537235	9/26	HLA-B;LY96;HLA-DRB1;TSPO;TLR1;HLA-A;SRPX;SCARB1;CD1D	TUB	GO_BP	no_proc_ieg	10347
GOBP_ANTIGEN_PROCESSING_AND_PRESENTATION_VIA_MHC_CLASS_IB	1.8878842263187847	0.0	0.015760929562108863	7/19	HLA-B;HLA-F;MICB;B2M;HLA-A;HLA-C;CD1D	TUB	GO_BP	no_proc_ieg	10347
GOBP_REGULATION_OF_T_CELL_MIGRATION	1.8865620673237498	0.0015174506828528073	0.015737521516718186	18/40	PYCARD;FADD;CCL5;ITGB3;ITGA4;RHOA;CRKL;CCR2;TNFRSF14;STK39;IL27RA;ABL1;ASCL2;CXCL13;ADAM10;CCL20;CXCL10;CRK	TUB	GO_BP	no_proc_ieg	10347
GOBP_LYMPHOCYTE_MIGRATION	1.8815847148093459	0.0	0.01662261537363376	28/76	PYCARD;FADD;STK10;CCL5;ITGB3;ITGA4;FUT4;RHOA;PIK3CG;CYP7B1;EXT1;CRKL;CCR2;TNFRSF14;S1PR1;STK39;CX3CL1;IL27RA;CXCL11;ABL1;ASCL2;CXCL13;ADAM10;CKLF;JAM2;CCL20;CXCL10;CRK	TUB	GO_BP	no_proc_ieg	10347
GOBP_POSITIVE_REGULATION_OF_MYELOID_LEUKOCYTE_CYTOKINE_PRODUCTION_INVOLVED_IN_IMMUNE_RESPONSE	1.8783457890996633	0.0	0.017158119779100728	12/31	PYCARD;TLR3;SPON2;TLR7;LAPTM5;MYD88;CD36;TICAM1;RIGI;PANX1;NOD2;CD74	TUB	GO_BP	no_proc_ieg	10347
GOBP_CELLULAR_RESPONSE_TO_VIRUS	1.8772221385987045	0.0	0.017157897770977926	20/53	TLR3;IFNAR1;CCL5;OAS1;NFKB1;TLR7;BAX;IFIH1;EXT1;IFI6;ADAR;CCL19;RRP1B;POU2AF1;MAPK11;IFNA16;CXCL10;TOMM70;IFNGR2;LGALS8	TUB	GO_BP	no_proc_ieg	10347
GOBP_NUCLEAR_CHROMOSOME_SEGREGATION	1.8740183522221399	0.0	0.017768933709572558	87/205	ZWINT;ECT2;CDC20;MAD2L1;AURKA;AGO4;NUP62;KPNB1;SMARCE1;NUSAP1;PRC1;BUB1B;VPS4B;DLGAP5;KIF11;NCAPG;CHFR;P3H4;CDK1;PSRC1;BRIP1;MAD1L1;PTTG1;CEP55;SMARCD3;RHOA;ZWILCH;PTEN;NDC80;RB1;AURKB;SMC4;MAP9;TOP2A;TACC3;CENPE;APC;MAP1S;PTTG3P;PSMC3IP;ASPM;TTK;SPC25;WRAP73;CENPQ;CCNB1;KIF2A;MLH1;KIF18A;KIF4A;CDC27;EML3;PSMG2;CDT1;TPX2;NDC1;PIBF1;CENPF;BECN1;REC8;SMARCA5;ACTL6A;FBXO5;CHMP7;WASHC5;CDC23;NCAPG2;SKA1;KIF14;ZNF207;UBE2C;ZW10;CDCA8;SPDL1;STAG1;CCNB2;SMC2;BUB3;KIF25;MAPRE1;OFD1;MIS12;ATM;IK;CDC6;WAPL;CDC16	TUB	GO_BP	no_proc_ieg	10347
GOBP_CYTOKINETIC_PROCESS	1.8727041159666518	0.0015479876160990713	0.017731723471921923	11/25	ANXA11;ECT2;NUP62;VPS4B;CEP55;RHOA;SPAST;AURKB;KIF20A;IQGAP1;MYH9	TUB	GO_BP	no_proc_ieg	10347
GOBP_VESICLE_MEDIATED_TRANSPORT_TO_THE_PLASMA_MEMBRANE	1.8719508805798248	0.0	0.01772319801932879	44/92	GOLPH3L;SNX3;CSK;CMTM6;RAB8B;ATP9A;EIPR1;STX3;RAB31;VAMP5;AKAP5;VPS35;VPS26A;EHD4;ANKRD27;STX6;CCDC22;RAB8A;EHD3;VPS35L;ARHGAP44;ASAP1;NSG1;RAB35;NSF;SEC16A;EXOC2;EXOC1;SCARB2;GOLGA7;GCC2;LYPLA1;SCRIB;SNX7;RACK1;RABEP1;CCDC93;RAB7A;ATP6AP1;PREPL;CLN3;ARL4C;INPP5F;LMTK2	TUB	GO_BP	no_proc_ieg	10347
GOBP_ESTABLISHMENT_OF_PROTEIN_LOCALIZATION_TO_PLASMA_MEMBRANE	1.8674798136164978	0.0014705882352941176	0.018735360629845196	22/42	GOLPH3L;GORASP2;CSK;RAB31;VAMP5;AKAP5;VPS35;RAB8A;ARHGAP44;ASAP1;NSG1;NSF;SCARB2;GOLGA7;GCC2;LYPLA1;SCRIB;RACK1;RAB7A;ATP6AP1;PREPL;CLN3	TUB	GO_BP	no_proc_ieg	10347
GOBP_NEGATIVE_REGULATION_OF_TYPE_I_INTERFERON_MEDIATED_SIGNALING_PATHWAY	1.8657938570610435	0.0	0.01891415400048811	9/16	OAS1;ISG15;OAS3;YTHDF3;EIF4E2;ADAR;MUL1;TTLL12;METTL3	TUB	GO_BP	no_proc_ieg	10347
GOBP_REGULATION_OF_INNATE_IMMUNE_RESPONSE	1.8627801592510218	0.0	0.019365768552272813	95/308	NAGK;PYCARD;FADD;HLA-B;CASP8;SERPING1;HLA-F;TYROBP;TLR3;FLOT1;DTX4;CCL5;OAS1;CTSS;LY96;CYBA;TLR7;MYD88;NMI;IFI35;ISG15;TLR5;NFE2L2;MNDA;OAS3;CD300A;TLR1;TRIM21;IFIH1;HLA-A;IRF7;CD1D;IFI16;CD96;COLEC12;AURKB;YTHDF3;RPS19;VSIG4;CARD8;RASGRP1;PAK2;CD36;PTPN6;EIF4E2;PPARG;GRN;CASP1;CAV1;ADAR;KLRB1;TICAM1;RIGI;HCK;TRAF3IP3;MUL1;TRIM25;CD14;VAV1;TRIL;RNF34;TSPAN6;UBE2K;NR1D1;PLSCR1;LRRC14;PARP1;RSAD2;TTLL12;PPT1;TLR8;LTF;KCNJ8;METTL3;SH2D1A;BANF1;A2M;TRAF3;BRCC3;NOD2;CRK;HLA-E;TOMM70;DDX60;GBP2;F2RL1;BECN1;TARBP2;ZDHHC18;CSNK1A1;DUSP10;RNF125;MED1;FCGR2B;TNIP1	TUB	GO_BP	no_proc_ieg	10347
GOBP_RESPONSE_TO_VIRUS	1.8610919703622217	0.0	0.019491887413268977	84/271	APOBEC3G;PYCARD;FADD;CLU;IFITM1;TLR3;IFNAR1;MX1;CCL5;OAS1;RTP4;MICB;NFKB1;SPON2;TLR7;MYD88;NMI;ISG15;IFI27;RNASE6;OAS3;TRIM44;BAX;IL33;TRIM21;IFIH1;VAMP8;IFI44;CXCL9;IRF7;RNASE1;NCK1;IFIT3;SEC11A;IFI16;EXT1;ITGB8;CARD8;IFIT2;TRIM22;TANK;IL15;CASP1;IFI6;ISG20;ADAR;CCL19;TICAM1;RIGI;MUL1;RRP1B;TRIM25;ITGB6;POU2AF1;MAPK11;PLSCR1;IFI44L;FGL2;RSAD2;OAS2;CD40;APOBEC3F;TLR8;KCNJ8;BANF1;TRAF3;IFNA16;CXCL10;TRIM27;NMB;TOMM70;DDX60;IFNGR2;IRF2;GBP2;F2RL1;BECN1;GBP1;LGALS8;TARBP2;CCL11;SMARCA5;HYAL2;MARCHF2	TUB	GO_BP	no_proc_ieg	10347
GOBP_DEFENSE_RESPONSE_TO_VIRUS	1.858912501332852	0.0	0.019781913778141327	66/199	APOBEC3G;PYCARD;FADD;IFITM1;TLR3;MX1;OAS1;RTP4;MICB;SPON2;TLR7;MYD88;ISG15;IFI27;RNASE6;OAS3;TRIM44;IL33;TRIM21;IFIH1;VAMP8;CXCL9;IRF7;RNASE1;NCK1;IFIT3;IFI16;CARD8;IFIT2;TRIM22;TANK;IL15;CASP1;IFI6;ISG20;ADAR;TICAM1;RIGI;MUL1;TRIM25;PLSCR1;IFI44L;FGL2;RSAD2;OAS2;CD40;APOBEC3F;TLR8;KCNJ8;TRAF3;IFNA16;CXCL10;TRIM27;NMB;TOMM70;DDX60;IFNGR2;IRF2;GBP2;F2RL1;BECN1;GBP1;TARBP2;SMARCA5;HYAL2;MARCHF2	TUB	GO_BP	no_proc_ieg	10347
GOBP_REGULATION_OF_RESPONSE_TO_BIOTIC_STIMULUS	1.8583806288959936	0.0	0.019683240167883843	111/365	NAGK;APOBEC3G;PYCARD;FADD;HLA-B;CASP8;SERPING1;HLA-F;TYROBP;TLR3;FLOT1;DTX4;CCL5;OAS1;CTSS;MICB;LY96;CYBA;HLA-DRB1;AHR;TLR7;SYT11;MYD88;NMI;IFI35;ISG15;TLR5;NFE2L2;MNDA;OAS3;TRIM44;CD300A;TLR1;TRIM21;IFIH1;HLA-A;IRF7;SASH1;LY86;CD1D;IFI16;CD96;COLEC12;AURKB;YTHDF3;RPS19;VSIG4;CARD8;RASGRP1;TRIM22;PAK2;CD36;PTPN6;EIF4E2;PPARG;IL15;GRN;CASP1;CAV1;ADAR;CXCL6;KLRB1;TICAM1;RIGI;CX3CL1;HCK;TRAF3IP3;MUL1;TRIM25;CD14;VAV1;TIGAR;TRIL;RNF34;TSPAN6;UBE2K;NR1D1;PLSCR1;LRRC14;MMRN2;PARP1;FGL2;RSAD2;TTLL12;PPT1;APOBEC3F;TLR8;LTF;KCNJ8;METTL3;SH2D1A;BANF1;A2M;TRAF3;BRCC3;NOD2;CRK;HLA-E;TOMM70;DDX60;GBP2;F2RL1;BECN1;TARBP2;ZDHHC18;CSNK1A1;DUSP10;RNF125;MED1;FCGR2B;TNIP1	TUB	GO_BP	no_proc_ieg	10347
GOBP_METAPHASE_CHROMOSOME_ALIGNMENT	1.8569624512997576	0.0	0.019725012748885294	37/70	ZWINT;ECT2;NUP62;KPNB1;VPS4B;CDK1;PSRC1;MAD1L1;CEP55;ZWILCH;NDC80;RB1;AURKB;CENPE;APC;MAP1S;SPC25;CENPQ;CCNB1;MLH1;KIF18A;EML3;CDT1;PIBF1;CENPF;BECN1;CHMP7;CDC23;SKA1;KIF14;ZNF207;ZW10;CDCA8;SPDL1;BUB3;MAPRE1;MIS12	TUB	GO_BP	no_proc_ieg	10347
GOBP_REGULATION_OF_LEUKOCYTE_DEGRANULATION	1.8559875584278773	0.0	0.019654379111919206	12/32	HLA-F;ITGB2;ITGAM;CD300A;VAMP8;NCKAP1L;CCR2;RAC2;F2RL1;FCGR2B;STXBP1;LAMP1	TUB	GO_BP	no_proc_ieg	10347
GOBP_TOLL_LIKE_RECEPTOR_4_SIGNALING_PATHWAY	1.8511155544387312	0.0015060240963855422	0.021172914671904828	19/40	FLOT1;OAS1;LY96;MYD88;NMI;IFI35;TICAM1;CD14;TRIL;NR1D1;LTF;TRAF3;F2RL1;PTPN22;NINJ1;APPL1;SQSTM1;TLR4;RAB11FIP2	TUB	GO_BP	no_proc_ieg	10347
GOBP_POSITIVE_REGULATION_OF_INTERFERON_BETA_PRODUCTION	1.8502008815073625	0.001594896331738437	0.02118218842893339	13/29	TLR3;FLOT1;OAS1;TLR7;ISG15;OAS3;IFIH1;IRF7;TICAM1;RIGI;OAS2;TLR8;TOMM70	TUB	GO_BP	no_proc_ieg	10347
GOBP_NEGATIVE_REGULATION_OF_VIRAL_PROCESS	1.850082653723854	0.0	0.020941221444742548	32/69	SNX3;APOBEC3G;IFITM1;MX1;CCL5;OAS1;SLPI;ISG15;OAS3;TRIM21;IFIH1;MORC2;IFI16;ISG20;TRIM25;PLSCR1;RSAD2;OAS2;APOBEC3F;LTF;BANF1;FAM111A;TRIM27;UBP1;TNIP1;MPHOSPH8;TRIM14;APOBEC3A;TASOR;TRIM28;IFITM2;RNASEL	TUB	GO_BP	no_proc_ieg	10347
GOBP_PYROPTOSIS	1.8457765009154	0.0	0.021858508645218676	12/24	PYCARD;CASP8;GZMA;ZEB2;IFI27;TRIM21;CASP1;GZMB;CASP3;CASP4;GBP2;GBP1	TUB	GO_BP	no_proc_ieg	10347
GOBP_GLIAL_CELL_ACTIVATION	1.8449924241732016	0.002789400278940028	0.0218126229555188	16/47	CLU;TYROBP;TLR3;ITGB2;CX3CR1;ITGAM;ZEB2;SYT11;C1QA;IL33;PSEN1;GRN;CX3CL1;CST7;C5AR1;NR1D1	TUB	GO_BP	no_proc_ieg	10347
GOBP_DNA_TEMPLATED_DNA_REPLICATION	1.8445047343404115	0.0	0.021676043923707297	57/113	GINS3;CARM1;RFC5;DBF4;RPA1;MCM4;WDHD1;RFC2;MCM5;DSCC1;ORC6;BRCA1;SMARCAL1;DYNLL1;MCM2;PRIM1;GINS2;PCNA;POLE3;POLE2;ORC5;RFC4;MCM10;NBN;CDC7;PARP1;ASF1A;RRM1;CDT1;FAM111A;ORC4;FEN1;CDK2AP1;POLG2;RECQL;NOC3L;FBXO5;BAZ1A;MCM3;METTL4;MUS81;EXO1;E2F8;CDC6;ZPR1;SSBP1;MCMBP;WRN;RAD50;ZMPSTE24;FGFR1;LIG3;RECQL5;REV3L;CCNE2;ORC3;BRCA2	TUB	GO_BP	no_proc_ieg	10347
GOBP_CELLULAR_DEFENSE_RESPONSE	1.844268231847144	0.0	0.021508701957647265	20/42	RAB23;TYROBP;CX3CR1;LY96;MNDA;IL33;LGALS3BP;CXCL9;CCR5;TRAT1;CCR2;C5AR1;NCF2;CD300C;SH2D1A;CXCR2;BECN1;VEZF1;CCR6;FCMR	TUB	GO_BP	no_proc_ieg	10347
GOBP_POSITIVE_REGULATION_OF_CELLULAR_RESPONSE_TO_TRANSFORMING_GROWTH_FACTOR_BETA_STIMULUS	1.8383620210872338	0.0016366612111292963	0.02285795632399414	6/24	CITED2;RNF111;ZEB2;THBS1;SLC2A10;FERMT1	TUB	GO_BP	no_proc_ieg	10347
GOBP_CANONICAL_NF_KAPPAB_SIGNAL_TRANSDUCTION	1.8346433771807047	0.0	0.023732849032131513	62/216	PYCARD;FADD;S100A13;UBD;CASP8;PRDX4;TLR3;FLOT1;ECT2;CX3CR1;HLA-DRB1;NFKB1;DDRGK1;TLR7;PLK2;NUP62;MYD88;RASSF2;RHOC;TLE1;TRIM21;RHOA;LGALS1;CANT1;ZNF675;HDAC1;S100A4;CARD8;LITAF;TRIM22;CD36;TANK;CASP1;RBX1;CAV1;CD4;CCL19;SECTM1;TICAM1;CX3CL1;MUL1;ABL1;TRIM25;TNFSF10;TFG;TSPAN6;NR1D1;CCDC22;PARP1;GOLT1B;CD40;TLR8;GSTP1;LTF;LTB;TRAF3;NOD2;ROR1;CD74;ZDHHC13;F2RL1;TRIM68	TUB	GO_BP	no_proc_ieg	10347
GOBP_IMMUNE_RESPONSE_REGULATING_SIGNALING_PATHWAY	1.8309804153745852	0.0	0.024598576561309787	120/380	NAGK;PYCARD;CSK;TYROBP;TLR3;FLOT1;BTN3A2;OAS1;CTSS;MICB;LY96;CYBA;ITGAM;HLA-DRB1;NFKB1;TLR7;CD3D;LAPTM5;MYD88;NMI;IFI35;LIPA;TLR5;MNDA;OAS3;BAX;CD300A;CD47;TLR1;IFIH1;HLA-A;TRAC;IRF7;MS4A1;LILRB5;COLEC12;AURKB;FCER1G;CACNB3;C3;LCP2;CD38;CARD8;PSEN1;VTCN1;NCKAP1L;PAK2;BANK1;CD36;PTPN6;INPP5D;CRKL;BTN2A2;CASP1;CAV1;PRKCH;TRAT1;IGHM;MAP3K1;BTN3A1;C3AR1;FCGR3B;TICAM1;RIGI;HCK;GRB2;THEMIS2;TRAF3IP3;ABL1;TRIM25;LAX1;IGKC;CD14;VAV1;TRIL;RNF34;C5AR1;TSPAN6;CD8A;NR1D1;EIF2B4;PLSCR1;LRRC14;HRAS;PARP1;FCER1A;PIGR;VAV3;RSAD2;SLC39A6;PPT1;CD40;LCK;TLR8;LTF;KCNJ8;SH2D1A;DUSP22;BANF1;LPXN;MEF2C;TRAF3;HHLA2;BRCC3;NOD2;DDX60;BTN2A1;GBP2;F2RL1;BECN1;GBP1;FYB1;TARBP2;ZDHHC18;CSNK1A1;FPR3;PTK2;RNF125;FCGR2B;TNIP1	TUB	GO_BP	no_proc_ieg	10347
GOBP_POSITIVE_REGULATION_OF_INTERLEUKIN_1_PRODUCTION	1.82816744679255	0.001447178002894356	0.02505500420930229	16/47	TMED10;PYCARD;S100A13;CASP8;TYROBP;MYD88;IFI16;CARD8;CD36;CASP1;CCL19;NLRP2;PANX1;TLR8;NOD2;F2RL1	TUB	GO_BP	no_proc_ieg	10347
GOBP_NEUTROPHIL_CHEMOTAXIS	1.8256604465432424	0.0	0.02560818796035486	29/71	CXCL1;ITGB2;PPIB;PERP;CXCL9;PIK3CG;FCER1G;NCKAP1L;C3AR1;CXCL6;CCL19;PF4V1;CX3CL1;TNFAIP6;RAC2;CXCL11;CXCL13;VAV1;C5AR1;CKLF;PPBP;MDK;VAV3;RAC1;NOD2;CXCL10;CD74;MOSPD2;CXCR2	TUB	GO_BP	no_proc_ieg	10347
GOBP_CHROMOSOME_SEGREGATION	1.8253020287015707	0.0	0.02541889402325645	113/273	NUP37;ZWINT;ECT2;CDC20;SAC3D1;MAD2L1;AURKA;AGO4;NUP62;KPNB1;SMARCE1;NUSAP1;PRC1;BUB1B;VPS4B;DLGAP5;KIF11;NCAPG;CHFR;P3H4;CDK1;PSRC1;BRIP1;GPSM2;MAD1L1;PTTG1;CEP55;SMARCD3;RHOA;ZWILCH;PTEN;BRCA1;NDC80;HAUS6;RB1;GTF2B;AURKB;SMC4;MAP9;CSNK1D;TOP2A;CENPU;TACC3;ITGB3BP;CENPE;CTCF;APC;MIS18A;MAP1S;PTTG3P;PSMC3IP;ASPM;TTK;FIRRM;CCDC69;SPC25;WRAP73;RCC1;CENPQ;CCNB1;PLSCR1;KIF2A;MLH1;KIF18A;KIF4A;CDC27;EML3;PSMG2;CDT1;OIP5;TPX2;NR3C1;NDC1;PIBF1;CENPF;BECN1;REC8;RGS14;SMARCA5;ACTL6A;FBXO5;CHMP7;WASHC5;MMS19;CDC23;NCAPG2;SKA1;RPS3;HAUS3;SLC25A5;KIF14;ZNF207;CENPM;UBE2C;ZW10;CDCA8;SPDL1;STAG1;PUM1;CCNB2;SMC2;BUB3;KIF25;MAPRE1;OFD1;MIS12;ATM;TUBB;TUBGCP5;IK;CDC6;WAPL;CDC16	TUB	GO_BP	no_proc_ieg	10347
GOBP_TYPE_II_INTERFERON_PRODUCTION	1.8241968610309582	0.0	0.025464014531262708	30/91	PYCARD;FADD;TLR3;BTN3A2;CD2;HLA-DRB1;TLR7;LAPTM5;ISG15;HLA-DPA1;CD47;IL33;IRF8;HLA-A;CD96;RASGRP1;IL1R1;BTN3A1;CCR2;IL27RA;ABL1;IL18R1;CD14;IL18;HRAS;TLR8;NOD2;TRIM27;F2RL1;EBI3	TUB	GO_BP	no_proc_ieg	10347
GOBP_CYTOKINE_PRODUCTION_INVOLVED_IN_IMMUNE_RESPONSE	1.8241546142091458	0.0	0.02519758409991021	30/96	PYCARD;HLA-F;TLR3;SPON2;TLR7;LAPTM5;B2M;MYD88;TNFRSF1B;HLA-A;CD96;LITAF;CD36;IL1R1;CCR2;TNFRSF14;TICAM1;RIGI;IL18R1;TRIL;TRPM4;IL18;PANX1;RSAD2;TWIST1;UBE2J1;NOD2;CD74;HLA-E;F2RL1	TUB	GO_BP	no_proc_ieg	10347
GOBP_MYELOID_LEUKOCYTE_CYTOKINE_PRODUCTION	1.8208754073298936	0.0	0.02608387757939654	15/41	PYCARD;TLR3;SPON2;TLR7;LAPTM5;MYD88;LITAF;CD36;TICAM1;RIGI;PANX1;TWIST1;UBE2J1;NOD2;CD74	TUB	GO_BP	no_proc_ieg	10347
GOBP_TELOMERASE_RNA_LOCALIZATION	1.8192158822383717	0.0	0.026363653526167003	16/17	NOP10;CCT6A;RUVBL2;DCP2;EXOSC10;SHQ1;DKC1;CCT4;NHP2;RUVBL1;CCT7;CCT3;WRAP53;PARN;CCT2;CCT8	TUB	GO_BP	no_proc_ieg	10347
GOBP_PHAGOCYTOSIS	1.8182106271668794	0.0	0.02641698022531779	55/174	SNX3;PYCARD;ANXA11;CSK;TYROBP;ABCA1;ITGB2;CYBA;ITGAM;NCF4;THBS1;SPON2;ITGB3;LEPR;ANXA3;SYT11;MYD88;CD300A;CD47;IRF8;SRPX;SCARB1;RAB31;ANXA1;COLEC12;FCER1G;LMAN2;C3;NCKAP1L;CD36;IL15;CCR2;DOCK2;HCK;ABL1;CD93;P2RY6;CD14;VAV1;CLCN3;PLSCR1;RUBCN;NCF2;VAV3;PECAM1;RAC1;ARHGAP25;MET;MYH9;SIRPG;NOD2;ITGAV;ELMO1;F2RL1;BECN1	TUB	GO_BP	no_proc_ieg	10347
GOBP_T_CELL_CHEMOTAXIS	1.8160910182015857	0.004878048780487805	0.026935482386998305	8/18	CCL5;PIK3CG;CCR2;STK39;CXCL11;CXCL13;ADAM10;CXCL10	TUB	GO_BP	no_proc_ieg	10347
GOBP_POSITIVE_REGULATION_OF_MONONUCLEAR_CELL_MIGRATION	1.8118334943174867	0.0	0.028130603465740214	29/76	PYCARD;FADD;CCL5;CX3CR1;THBS1;ITGB3;ITGA4;CD47;RHOA;CCR1;CCR2;C3AR1;TNFRSF14;STK39;CX3CL1;ABL1;ASCL2;CXCL13;ADAM10;PLA2G7;C5AR1;JAM2;MDK;CCL20;CXCL10;MOSPD2;P2RX4;PTK2;CCR6	TUB	GO_BP	no_proc_ieg	10347
GOBP_REGULATION_OF_VIRAL_GENOME_REPLICATION	1.8099818712103344	0.0	0.028533571329611738	30/65	APOBEC3G;IFITM1;MX1;CCL5;OAS1;SLPI;ISG15;OAS3;PPID;IFIH1;MORC2;IFI16;TOP2A;ISG20;ADAR;PLSCR1;RSAD2;OAS2;APOBEC3F;LTF;BANF1;FAM111A;TARBP2;TNIP1;MPHOSPH8;APOBEC3A;TASOR;TRIM28;IFITM2;RNASEL	TUB	GO_BP	no_proc_ieg	10347
GOBP_MYELOID_LEUKOCYTE_MEDIATED_IMMUNITY	1.8054085020624686	0.0	0.029794230107495732	19/76	S100A13;TYROBP;ITGB2;CX3CR1;ITGAM;SPON2;ANXA3;MYD88;CD300A;VAMP8;PIK3CG;C3;RASGRP1;CCR2;CXCL6;FCGR3B;TICAM1;RIGI;RAC2	TUB	GO_BP	no_proc_ieg	10347
GOBP_RESPONSE_TO_INTERFERON_BETA	1.8041118929097353	0.0016155088852988692	0.02989630204209067	10/24	IFITM1;TLR3;IFNAR1;OAS1;MNDA;IFI16;XAF1;NDUFA13;UBE2K;PLSCR1	TUB	GO_BP	no_proc_ieg	10347
GOBP_MEMBRANE_INVAGINATION	1.8033481456768439	0.002911208151382824	0.02988319455063426	20/43	SNX3;ABCA1;ITGB2;ITGAM;THBS1;CD300A;RHOA;RAB31;AURKB;C3;NCKAP1L;CD36;CLCN3;RAC1;ARHGAP25;MYH9;ELMO1;F2RL1;BECN1;FCGR2B	TUB	GO_BP	no_proc_ieg	10347
GOBP_NEGATIVE_REGULATION_OF_NUCLEAR_DIVISION	1.8016648807902986	0.004405286343612335	0.03022516528626186	24/46	ZWINT;CDC20;MAD2L1;BUB1B;MAD1L1;ZWILCH;NDC80;CHEK1;AURKB;APC;TTK;SPC25;CCNB1;NME6;PSMG2;CENPF;FBXO5;ZNF207;ZW10;CDCA8;SPDL1;BUB3;ATM;IK	TUB	GO_BP	no_proc_ieg	10347
GOBP_POSITIVE_REGULATION_OF_CELL_KILLING	1.8016517489848562	0.0	0.029940963825684883	13/58	FADD;HLA-B;HLA-F;TYROBP;MICB;ITGAM;HLA-DRB1;B2M;HLA-DRA;HLA-A;HLA-C;CD1D;RASGRP1	TUB	GO_BP	no_proc_ieg	10347
GOBP_HETEROTYPIC_CELL_CELL_ADHESION	1.8013026513975543	0.0014044943820224719	0.029744648293402634	16/52	FLOT1;VCAM1;ITGB2;CD2;ITGAM;ITGB3;ITGA4;PERP;CD47;CD44;CD1D;CD58;NRCAM;MBP;LCK;ITGAV	TUB	GO_BP	no_proc_ieg	10347
GOBP_NEGATIVE_REGULATION_OF_PHAGOCYTOSIS	1.8002296472854513	0.0017035775127768314	0.029914896808147885	5/18	SNX3;CSK;SYT11;CD300A;CD47	TUB	GO_BP	no_proc_ieg	10347
GOBP_REGULATION_OF_CHROMOSOME_ORGANIZATION	1.7984799969010146	0.0012091898428053204	0.030333514367061408	74/174	ZWINT;ATF7IP;CDC20;MAD2L1;SMARCE1;BUB1B;DLGAP5;NCAPG;CHFR;CDK1;MAD1L1;SMARCD3;ZWILCH;NDC80;MORC2;NAA10;RB1;MACROH2A1;AURKB;SMC4;NAT10;CCT6A;TOP2A;TACC3;RUVBL2;CENPE;CTCF;APC;TTK;DCP2;GNL3;SPC25;NBN;CCNB1;PARP1;EXOSC10;CDC27;PSMG2;FEN1;DKC1;CENPF;BECN1;POT1;SMARCA5;ACTL6A;CCT4;MPHOSPH8;FBXO5;ACTR5;CDC23;NCAPG2;RUVBL1;CCT7;YLPM1;XRCC5;TASOR;ZNF207;TINF2;UBE2C;ZW10;CDCA8;TRIM28;ACTR8;SPDL1;MAPK1;CCT3;SMC2;BUB3;SMG1;ATM;IK;CDC6;WAPL;CDC16	TUB	GO_BP	no_proc_ieg	10347
GOBP_NEGATIVE_REGULATION_OF_DEFENSE_RESPONSE	1.7972651511846773	0.0	0.0304416708053193	62/183	LPCAT3;HLA-B;SERPING1;HLA-F;DTX4;OAS1;IL10RA;MICB;HLA-DRB1;NFKB1;AHR;PLK2;SYT11;NMI;TNFRSF1B;ISG15;OAS3;PBK;IL33;TRIM21;AOAH;HLA-A;IFI16;RB1;NR1D2;CD96;AURKB;YTHDF3;RPS19;VSIG4;PTPN6;CDH5;EIF4E2;PPARG;GRN;VPS35;ADAR;HCK;TNFAIP6;MUL1;CST7;ALOX5;NR1D1;PARP1;NPY5R;MDK;FGL2;TTLL12;PPP1R13L;GSTP1;CCN3;METTL3;BANF1;A2M;NOD2;CRK;HLA-E;TARBP2;ZDHHC18;DUSP10;TRIM45;FCGR2B	TUB	GO_BP	no_proc_ieg	10347
GOBP_CELL_SURFACE_PATTERN_RECOGNITION_RECEPTOR_SIGNALING_PATHWAY	1.794002314663926	0.0028530670470756064	0.03142087128950275	17/54	FLOT1;OAS1;LY96;CYBA;MYD88;NMI;IFI35;TLR5;TLR1;TICAM1;CD14;TRIL;NR1D1;LTF;TRAF3;NOD2;F2RL1	TUB	GO_BP	no_proc_ieg	10347
GOBP_ENDOCYTIC_RECYCLING	1.7933793844918828	0.0	0.03137726344016169	27/53	SNX3;CMTM6;RAB8B;ATP9A;EIPR1;AKAP5;VPS35;VPS26A;EHD4;ANKRD27;STX6;CCDC22;RAB8A;EHD3;VPS35L;ARHGAP44;NSG1;RAB35;SCARB2;SCRIB;SNX7;CCDC93;RAB7A;ATP6AP1;ARL4C;INPP5F;LMTK2	TUB	GO_BP	no_proc_ieg	10347
GOBP_COTRANSLATIONAL_PROTEIN_TARGETING_TO_MEMBRANE	1.7930266059951254	0.0016666666666666668	0.031178598758599584	5/15	TRAM2;SEC61B;SSR2;SEC61A1;TRAM1	TUB	GO_BP	no_proc_ieg	10347
GOBP_PROTEIN_N_LINKED_GLYCOSYLATION	1.7929746617412299	0.0	0.030906290795430513	17/48	MGAT4B;ALG9;DPAGT1;DAD1;TMEM258;MLEC;MGAT2;RPN2;B4GALT7;DDOST;STT3A;ALG6;EXT2;UBE2J1;TMEM165;MAN1C1;FUT8	TUB	GO_BP	no_proc_ieg	10347
GOBP_B_CELL_RECEPTOR_SIGNALING_PATHWAY	1.7924156150560369	0.0	0.03083443066622126	23/47	NFKB1;MNDA;BAX;CD300A;MS4A1;CD38;NCKAP1L;BANK1;PTPN6;PRKCH;IGHM;GRB2;ABL1;IGKC;VAV3;LCK;LPXN;MEF2C;FCGR2B;PLCL2;FCMR;PTPN22;CD81	TUB	GO_BP	no_proc_ieg	10347
GOBP_POSITIVE_REGULATION_OF_LYMPHOCYTE_MIGRATION	1.792073536191581	0.0029850746268656717	0.030671129448014256	16/36	PYCARD;FADD;CCL5;ITGB3;ITGA4;RHOA;CCR2;TNFRSF14;STK39;ABL1;ASCL2;CXCL13;ADAM10;JAM2;CCL20;CXCL10	TUB	GO_BP	no_proc_ieg	10347
GOBP_REGULATION_OF_RECEPTOR_LOCALIZATION_TO_SYNAPSE	1.7880048736267622	0.006711409395973154	0.03188083382030762	9/17	TYROBP;DBN1;ITGB3;NETO2;GPC4;ADAM10;NPTN;HRAS;ARHGAP44	TUB	GO_BP	no_proc_ieg	10347
GOBP_CHROMOSOME_LOCALIZATION	1.787443799349052	0.0	0.03180237401599185	39/83	ZWINT;ECT2;NUP62;KPNB1;VPS4B;DLGAP5;CDK1;PSRC1;MAD1L1;CEP55;ZWILCH;NDC80;RB1;AURKB;CENPE;APC;MAP1S;SPC25;CENPQ;CCNB1;MLH1;KIF18A;EML3;CDT1;PIBF1;CENPF;BECN1;CHMP7;CDC23;SKA1;KIF14;ZNF207;ZW10;CDCA8;SPDL1;BUB3;MAPRE1;MIS12;ATM	TUB	GO_BP	no_proc_ieg	10347
GOBP_REGULATION_OF_PHAGOCYTOSIS	1.7856898398689856	0.0013966480446927375	0.03219326391752192	26/74	SNX3;PYCARD;CSK;CYBA;SYT11;CD300A;CD47;SCARB1;RAB31;FCER1G;LMAN2;C3;NCKAP1L;CD36;IL15;DOCK2;HCK;PLSCR1;SIRPG;NOD2;ITGAV;F2RL1;FCGR2B;ATG5;CFP;ITGA2	TUB	GO_BP	no_proc_ieg	10347
GOBP_POSITIVE_REGULATION_OF_RESPONSE_TO_ENDOPLASMIC_RETICULUM_STRESS	1.7852781528978208	0.0048	0.032097194368058725	9/27	UBQLN2;NFE2L2;BAX;NCK1;AGR2;CAV1;BCAP31;FCGR2B;TMX1	TUB	GO_BP	no_proc_ieg	10347
GOBP_POSITIVE_REGULATION_OF_LEUKOCYTE_MIGRATION	1.7851454991379512	0.0	0.03184939818307941	42/125	PYCARD;FADD;CCL5;CX3CR1;THBS1;ITGB3;ITGA4;PERP;FUT4;CD47;RHOA;VEGFC;CCR1;SWAP70;NCKAP1L;IL1R1;CCR2;C3AR1;TNFRSF14;CCL19;STK39;CX3CL1;RAC2;ABL1;ASCL2;CXCL13;ADAM10;PLA2G7;C5AR1;JAM2;MDK;CCL20;RAC1;SELP;CXCL10;CD74;MOSPD2;F2RL1;P2RX4;PTK2;KITLG;CCR6	TUB	GO_BP	no_proc_ieg	10347
GOBP_CELLULAR_RESPONSE_TO_EXTERNAL_STIMULUS	1.7816748057785958	0.0014124293785310734	0.032878320931011173	15/63	FADD;CASP8;TLR3;COL1A1;NFKB1;TLR7;ITGB3;MYD88;TLR5;IL33;CHEK1;FGF2;CASP1;MAP3K1;CASP2	TUB	GO_BP	no_proc_ieg	10347
GOBP_CHOLESTEROL_STORAGE	1.7807101274577304	0.0	0.033104352717840124	6/18	ABCA1;LIPA;SCARB1;CD36;PPARG;SOAT1	TUB	GO_BP	no_proc_ieg	10347
GOBP_POSITIVE_REGULATION_OF_T_CELL_MEDIATED_IMMUNITY	1.7801966221534515	0.00145985401459854	0.03295670217925739	15/54	FADD;HLA-B;HLA-F;MICB;HLA-DRB1;B2M;HLA-DRA;HLA-A;HLA-C;CD1D;IL1R1;IL18R1;IL18;RSAD2;TAP2	TUB	GO_BP	no_proc_ieg	10347
GOBP_POSITIVE_REGULATION_OF_RELEASE_OF_CYTOCHROME_C_FROM_MITOCHONDRIA	1.7779405838271816	0.003115264797507788	0.03349065322060617	5/21	PYCARD;MLLT11;BAX;BID;TNFSF10	TUB	GO_BP	no_proc_ieg	10347
GOBP_POSITIVE_REGULATION_OF_CYTOKINE_PRODUCTION	1.7771181216113565	0.0	0.03352809989257948	101/357	TMED10;PYCARD;FADD;S100A13;CLU;CASP8;HLA-F;TYROBP;TLR3;FLOT1;BTN3A2;OAS1;CD2;LY96;CYBA;HILPDA;THBS1;SPON2;TLR7;CYBB;LAPTM5;B2M;MYD88;AGPAT2;ISG15;TLR5;OAS3;HLA-DPA1;USP22;TLR1;IL33;CD86;IFIH1;IRF8;HLA-A;IRF7;BRCA1;IFI16;ANXA1;PIK3CG;FCER1G;FERMT1;C3;MYB;CARD8;PSEN1;RASGRP1;POSTN;VTCN1;CD36;TANK;IL15;CASP1;ADRA2A;IL1R1;BTN3A1;CCR2;C3AR1;CD58;TNFRSF14;CD4;CCL19;TICAM1;RIGI;CX3CL1;IL27RA;TRAF3IP3;ABL1;POU2AF1;IL18R1;CD14;MAPK11;IL7;C5AR1;IL18;NLRP2;HRAS;MBP;MDK;PANX1;RSAD2;OAS2;KPNA2;CD40;TWIST1;TLR8;LTB;LUM;MAPK13;TRAF3;HHLA2;NOD2;TRIM27;NMB;CD74;HLA-E;TOMM70;HPSE;PIBF1;F2RL1;EBI3	TUB	GO_BP	no_proc_ieg	10347
GOBP_REGULATION_OF_SPINDLE_CHECKPOINT	1.7763272094863929	0.0031847133757961785	0.03363406947001692	6/17	ZWINT;MAD2L1;MAD1L1;NDC80;AURKB;CCNB1	TUB	GO_BP	no_proc_ieg	10347
GOBP_ANTIGEN_RECEPTOR_MEDIATED_SIGNALING_PATHWAY	1.7752614731574372	0.0	0.03389072990970864	59/144	CSK;BTN3A2;HLA-DRB1;NFKB1;CD3D;LAPTM5;LIPA;MNDA;BAX;CD300A;HLA-A;TRAC;MS4A1;CACNB3;LCP2;CD38;PSEN1;VTCN1;NCKAP1L;BANK1;PTPN6;INPP5D;CRKL;BTN2A2;PRKCH;TRAT1;IGHM;BTN3A1;GRB2;THEMIS2;ABL1;LAX1;IGKC;CD8A;EIF2B4;HRAS;VAV3;SLC39A6;LCK;SH2D1A;DUSP22;LPXN;MEF2C;HHLA2;BTN2A1;GBP1;FYB1;FCGR2B;PLCL2;FCMR;RPS3;PTPN22;CD81;EIF2B1;MAPK1;GATA3;CCR7;MALT1;CD3G	TUB	GO_BP	no_proc_ieg	10347
GOBP_REGULATION_OF_T_CELL_MEDIATED_IMMUNITY	1.7722845079425564	0.0	0.03493699541319475	23/79	FADD;HLA-B;HLA-F;MICB;HLA-DRB1;AHR;B2M;TNFRSF1B;HLA-DRA;HLA-A;HLA-C;CD1D;NCKAP1L;IL1R1;CCR2;IL18R1;TRPM4;IL18;RSAD2;TAP2;DUSP22;NOD2;HLA-E	TUB	GO_BP	no_proc_ieg	10347
GOBP_POSITIVE_REGULATION_OF_UBIQUITIN_DEPENDENT_PROTEIN_CATABOLIC_PROCESS	1.7706338645594488	0.0	0.035366837934368886	23/68	CLU;CDC20;AURKA;DDRGK1;LAPTM5;RCHY1;NFE2L2;CHFR;IL33;PTEN;CSNK1D;PSEN1;RBX1;RNF139;BBS7;CCDC22;GABARAP;KEAP1;CEBPA;TGFB1I1;BCAP31;CSNK1A1;PTK2	TUB	GO_BP	no_proc_ieg	10347
GOBP_POSITIVE_REGULATION_OF_LEUKOCYTE_CELL_CELL_ADHESION	1.770439999218877	0.0	0.035150060440933696	64/218	PYCARD;FADD;HLA-DMA;CSK;CCL5;VCAM1;ITGB2;HLA-DRB1;HLA-DOA;ITGA4;B2M;SMARCE1;FUT4;HLA-DRA;EFNB2;RAG1;HLA-DPA1;CD47;CD44;CD86;HLA-A;SMARCD3;RHOA;LGALS1;NCK1;CD1D;ANXA1;HLX;GCNT1;RASGRP1;VTCN1;NCKAP1L;PTPN6;IL15;BTN2A2;CAV1;CCR2;TNFRSF14;CD4;CCL19;AMBRA1;ABL1;ALOX5;IL7;VAV1;ICOS;CD27;IL18;MDK;HLA-DQB2;LCK;HLA-DOB;SELP;SIRPG;HHLA2;NOD2;SOX4;CD74;HLA-E;HLA-DMB;EBI3;DUSP10;ACTL6A;RUNX3	TUB	GO_BP	no_proc_ieg	10347
GOBP_RNA_LOCALIZATION	1.7698643481843375	0.0	0.03511383729874552	73/130	NUP37;FLOT1;NOP10;NUP62;KPNB1;HHEX;DDX39A;MVP;CCT6A;POLDIP3;RUVBL2;ZNHIT3;NUP85;NCBP2;DCP2;UPF2;CPSF6;ATXN2;EXOSC10;NUP107;NUP153;RAE1;RTRAF;SHQ1;STAU2;NUP50;THOC6;NDC1;DKC1;EIF4A3;THOC5;XPOT;THOC7;CCT4;NHP2;CETN3;SIDT1;MRPL18;NUP93;AGFG1;RUVBL1;CCT7;IGF2BP3;CHTOP;BICD2;TGFBR2;CCT3;NUP133;UPF3B;NUP155;FMR1;SMG1;MAGOH;ATM;XPO1;WRAP53;THOC1;UPF3A;MCM3AP;ATR;NUP54;RBM8A;PEG10;PARN;FBL;FUBP3;TOMM20;NUP98;NUP42;CCT2;SLBP;CCT8;MEX3D	TUB	GO_BP	no_proc_ieg	10347
GOBP_LEUKOCYTE_ACTIVATION_INVOLVED_IN_INFLAMMATORY_RESPONSE	1.768563645020056	0.0	0.03548111617855885	15/44	CLU;TYROBP;TLR3;ITGB2;CX3CR1;ITGAM;SYT11;MYD88;C1QA;IL33;GRN;CX3CL1;CST7;C5AR1;NR1D1	TUB	GO_BP	no_proc_ieg	10347
GOBP_LEUKOCYTE_MEDIATED_IMMUNITY	1.7674307312244952	0.0	0.035675569873358536	75/290	FADD;HLA-B;S100A13;CLU;SERPING1;HLA-F;TYROBP;TLR3;BTN3A2;ITGB2;CX3CR1;MICB;CD2;ITGAM;HLA-DRB1;SPON2;AHR;ANXA3;B2M;MYD88;TNFRSF1B;C1QA;HLA-DRA;CD300A;VAMP8;HLA-A;C1S;HLA-C;IRF7;CD1D;PIK3CG;C1R;CD96;FCER1G;SWAP70;C3;RASGRP1;NCKAP1L;PTPN6;INPP5D;C8G;IGHM;IL1R1;CCR2;CXCL6;GZMB;FCGR3B;KLRB1;TICAM1;RIGI;RAC2;IL27RA;GRB2;NKG7;NBN;IGKC;IL18R1;VAV1;CD8A;CD27;TRPM4;IL18;FCER1A;MLH1;RSAD2;TAP2;CD40;TLR8;SH2D1A;DUSP22;C1QB;NOD2;CRK;CD74;HLA-E	TUB	GO_BP	no_proc_ieg	10347
GOBP_LEUKOCYTE_MEDIATED_CYTOTOXICITY	1.7656469134445258	0.0013315579227696406	0.03610518101176347	31/104	FADD;HLA-B;HLA-F;TYROBP;CX3CR1;MICB;CD2;ITGAM;HLA-DRB1;B2M;MYD88;HLA-DRA;HLA-A;HLA-C;CD1D;RASGRP1;NCKAP1L;PTPN6;CXCL6;GZMB;FCGR3B;KLRB1;GRB2;NKG7;VAV1;IL18;TAP2;SH2D1A;CRK;HLA-E;F2RL1	TUB	GO_BP	no_proc_ieg	10347
GOBP_DNA_REPLICATION_INITIATION	1.7654852871973594	0.006051437216338881	0.03587667956867501	12/28	GINS3;MCM4;MCM5;ORC6;MCM2;PRIM1;ORC5;MCM10;NBN;CDT1;ORC4;NOC3L	TUB	GO_BP	no_proc_ieg	10347
GOBP_REGULATION_OF_VIRAL_PROCESS	1.763474343373219	0.0	0.03636234594326928	46/126	SNX3;APOBEC3G;IFITM1;DYNLT1;MX1;CCL5;OAS1;SLPI;HLA-DRB1;TMPRSS4;ISG15;OAS3;PPID;TRIM21;P4HB;IFIH1;LGALS1;MORC2;IFI16;TOP2A;TRIM22;ISG20;ADAR;LAMP3;CD4;STOM;TRIM25;PLSCR1;RSAD2;OAS2;KPNA2;APOBEC3F;LTF;BANF1;FAM111A;TRIM27;CD74;TRIM68;TARBP2;UBP1;TNIP1;MDFIC;MPHOSPH8;TRIM14;ATG5;APOBEC3A	TUB	GO_BP	no_proc_ieg	10347
GOBP_TRANSFORMING_GROWTH_FACTOR_BETA_PRODUCTION	1.7605334769215815	0.0015220700152207	0.037144179026490476	11/31	COL3A1;TYROBP;FN1;THBS1;LAPTM4B;FERMT1;MYB;CX3CL1;ITGB6;LUM;ITGAV	TUB	GO_BP	no_proc_ieg	10347
GOBP_INNATE_IMMUNE_RESPONSE_ACTIVATING_CELL_SURFACE_RECEPTOR_SIGNALING_PATHWAY	1.7601877889906854	0.0014104372355430183	0.0369971149692589	19/67	TYROBP;FLOT1;OAS1;LY96;CYBA;MYD88;NMI;IFI35;TLR5;TLR1;PAK2;TICAM1;CD14;TRIL;NR1D1;LTF;TRAF3;NOD2;F2RL1	TUB	GO_BP	no_proc_ieg	10347
GOBP_ESTABLISHMENT_OF_MITOTIC_SPINDLE_LOCALIZATION	1.759958827857717	0.0	0.03683829396619372	8/30	DYNLT1;MAD2L1;KPNB1;NUSAP1;GPSM2;NDC80;CENPA;SPRY1	TUB	GO_BP	no_proc_ieg	10347
GOBP_REGULATION_OF_ANTIGEN_PROCESSING_AND_PRESENTATION	1.755978324851647	0.0048543689320388345	0.03807588920274024	12/20	PYCARD;THBS1;HLA-DOA;YTHDF1;CCL19;TAPBPL;CD68;FGL2;HLA-DOB;NOD2;CD74;FCGR2B	TUB	GO_BP	no_proc_ieg	10347
GOBP_REGULATION_OF_CELL_CYCLE_CHECKPOINT	1.7552682057465243	0.004491017964071856	0.03811029768406937	10/34	ZWINT;MAD2L1;MAD1L1;BRCA1;NDC80;RPA2;AURKB;CCNB1;RNASEH2B;BRCC3	TUB	GO_BP	no_proc_ieg	10347
GOBP_POSITIVE_REGULATION_OF_IMMUNE_EFFECTOR_PROCESS	1.7516062493950242	0.0	0.03944358058527322	52/195	PYCARD;FADD;HLA-B;HLA-F;TYROBP;TLR3;ITGB2;MICB;ITGAM;HLA-DRB1;SPON2;DDRGK1;TLR7;LAPTM5;B2M;MYD88;HLA-DRA;CD300A;IL33;CD86;VAMP8;HLA-A;HLA-C;CD1D;ANXA1;RPS19;C3;HLX;RASGRP1;CD36;PTPN6;IL1R1;CCR2;TNFRSF14;CCL19;TICAM1;RIGI;IL18R1;VAV1;IL18;MLH1;PANX1;RSAD2;TAP2;CD40;SH2D1A;NOD2;CD74;HLA-E;DDX60;HLA-DMB;F2RL1	TUB	GO_BP	no_proc_ieg	10347
GOBP_REGULATION_OF_LYMPHOCYTE_MIGRATION	1.750730671189353	0.005856515373352855	0.03958938593821799	20/52	PYCARD;FADD;STK10;CCL5;ITGB3;ITGA4;RHOA;CRKL;CCR2;TNFRSF14;STK39;IL27RA;ABL1;ASCL2;CXCL13;ADAM10;JAM2;CCL20;CXCL10;CRK	TUB	GO_BP	no_proc_ieg	10347
GOBP_PROTEIN_LOCALIZATION_TO_CHROMOSOME	1.7468617772667177	0.0	0.04124224572659624	47/87	EZH2;RPA1;BUB1B;CDK1;H2AC8;ZWILCH;XRCC4;RB1;MACROH2A1;MACROH2A2;RPA2;AURKB;CCT6A;RUVBL2;CENPA;CTCF;TTK;VCPIP1;GNL3;BRD3;NBN;CENPQ;PARP1;VRK1;DKC1;TPP1;POT1;CCT4;CHMP7;CCT7;XRCC5;TASOR;TINF2;ZW10;SPDL1;CCT3;BUB3;IK;WAPL;IFFO1;WRAP53;LEF1;BRCA2;HTATSF1;ACD;PIAS4;ATR	TUB	GO_BP	no_proc_ieg	10347
GOBP_CHROMOSOME_ORGANIZATION	1.745996365384483	0.0	0.041400074740660715	158/411	ZWINT;ATF7IP;GINS3;CDC20;RFC5;NOP10;MAD2L1;AGO4;EZH2;NUP62;KPNB1;HHEX;SMARCE1;RPA1;MCM4;NUSAP1;PRC1;BUB1B;VPS4B;DLGAP5;KIF11;NCAPG;CHFR;P3H4;CDK1;PSRC1;BRIP1;RFC2;MCM5;MAD1L1;PTTG1;CEP55;SMARCD3;DFFB;RHOA;ITPA;DSCC1;ZWILCH;NDC80;DCLRE1C;MORC2;RAD51C;SMARCAL1;NAA10;RB1;MACROH2A1;GTF2B;RPA2;AURKB;SMC4;MAP9;NAT10;CCT6A;MCM2;TOP2A;TACC3;RUVBL2;ITGB3BP;CENPE;CENPA;GINS2;PCNA;CTCF;APC;MIS18A;PTTG3P;PSMC3IP;TTK;APEX1;RFC4;ABL1;DCP2;GNL3;SPC25;WRAP73;NBN;CCNB1;SP100;PARP1;EXOSC10;KIF2A;MLH1;KIF18A;RAD54L;NUP107;KIF4A;CDC27;EML3;RAE1;PSMG2;CDT1;TEP1;BANF1;OIP5;TPX2;H1-10;PPP1CA;NDC1;FEN1;DKC1;PIBF1;CENPF;BECN1;REC8;H1-2;ASCC1;POT1;SMARCA5;PTGES3;ACTL6A;RECQL;CCT4;MSH6;MPHOSPH8;FBXO5;NHP2;CHMP7;ACTR5;PELO;CDC23;NCAPG2;ASCC3;RUVBL1;SKA1;CCT7;H3C4;YLPM1;XRCC5;RAD54B;KIF14;TASOR;ZNF207;TINF2;UBE2C;ZW10;CDCA8;MCM3;TRIM28;ACTR8;SPDL1;STAG1;MAPK1;CCT3;NUP133;NUP155;SMC2;BUB3;KIF25;SMG1;EXO1;MAPRE1;OFD1;MIS12;ATM;IK;CDC6;WAPL;CDC16	TUB	GO_BP	no_proc_ieg	10347
GOBP_LEUKOCYTE_ADHESION_TO_VASCULAR_ENDOTHELIAL_CELL	1.745074953623505	0.006051437216338881	0.04153586970910972	14/42	VCAM1;ITGB2;CX3CR1;ITGA4;FUT4;RHOA;EXT1;GCNT1;CCR2;ALOX5;SELL;JAM2;MDK;SELP	TUB	GO_BP	no_proc_ieg	10347
GOBP_CELL_ACTIVATION_INVOLVED_IN_IMMUNE_RESPONSE	1.744136201934803	0.0	0.04164351813049508	69/215	PYCARD;S100A13;HLA-F;TYROBP;ITGB2;CX3CR1;ITGAM;HLA-DRB1;DDRGK1;ANXA3;MYD88;NMI;IFI35;HLA-DRA;CD300A;IL33;CD86;IRF8;VAMP8;LGALS1;ANXA1;PIK3CG;FCER1G;SWAP70;HLX;MYB;PSEN1;RASGRP1;NCKAP1L;PTPN6;KARS1;GRN;CCR2;CCL19;DOCK2;TICAM1;RAC2;IL27RA;ABL1;ASCL2;POU2AF1;LCP1;NKG7;STAT4;NBN;IL18R1;APBB1IP;IL18;FCER1A;MLH1;MDK;FGL2;CD40;IFNA16;CD74;HLA-DMB;F2RL1;FCGR2B;STXBP1;NOTCH2;MSH6;NSD2;TCIM;CCR6;PLCL2;CBL;DOCK10;PTGDR;LAMP1	TUB	GO_BP	no_proc_ieg	10347
GOBP_RELEASE_OF_CYTOCHROME_C_FROM_MITOCHONDRIA	1.7434724619435695	0.0	0.04173012174788542	11/46	PYCARD;CLU;PPIF;TRIAP1;MLLT11;BAX;FXN;BID;IFI6;BCL2A1;TNFSF10	TUB	GO_BP	no_proc_ieg	10347
GOBP_MEMBRANE_RAFT_ORGANIZATION	1.7430336702442295	0.004702194357366771	0.041698924858624226	9/19	FLOT1;CD2;CAV2;COLEC12;CAV1;DOCK2;S100A10;PPT1;ANXA2	TUB	GO_BP	no_proc_ieg	10347
GOBP_CELLULAR_EXTRAVASATION	1.7422153644391953	0.001443001443001443	0.04179685425797915	20/61	FADD;VCAM1;CX3CR1;ITGA4;FUT4;CD47;PIK3CG;EXT1;GCNT1;CRKL;IL1R1;CCR2;CX3CL1;IL27RA;SELL;JAM2;MDK;PECAM1;SELP;CRK	TUB	GO_BP	no_proc_ieg	10347
GOBP_NEGATIVE_REGULATION_OF_B_CELL_ACTIVATION	1.7420373903708504	0.0030959752321981426	0.04163778733067613	8/24	TYROBP;LAPTM5;SAMSN1;MNDA;CD300A;BANK1;INPP5D;CASP3	TUB	GO_BP	no_proc_ieg	10347
GOBP_GRANULOCYTE_CHEMOTAXIS	1.7418116499473417	0.0	0.041487190728049364	35/102	CCL5;CXCL1;ITGB2;THBS1;PPIB;PERP;CXCL9;ANXA1;PIK3CG;FCER1G;NCKAP1L;C3AR1;CXCL6;CCL19;PF4V1;CX3CL1;TNFAIP6;RAC2;CXCL11;CXCL13;VAV1;C5AR1;CKLF;PPBP;MDK;VAV3;RAC1;CCL18;NOD2;CXCL10;CD74;MOSPD2;CXCR2;CCL11;PTK2	TUB	GO_BP	no_proc_ieg	10347
GOBP_POSITIVE_REGULATION_OF_LEUKOCYTE_DEGRANULATION	1.739924075576043	0.0066555740432612314	0.04220900764905319	4/20	HLA-F;ITGB2;ITGAM;VAMP8	TUB	GO_BP	no_proc_ieg	10347
GOBP_NEUROINFLAMMATORY_RESPONSE	1.7388026711433282	0.0039946737683089215	0.042457651329875085	21/66	CLU;TYROBP;TLR3;ITGB2;CX3CR1;ITGAM;ZEB2;SYT11;TNFRSF1B;C1QA;IL33;PSEN1;GRN;CX3CL1;CST7;C5AR1;NR1D1;IL18;KCNJ8;NR3C1;IFNGR2	TUB	GO_BP	no_proc_ieg	10347
GOBP_RESPIRATORY_BURST	1.7380420537113623	0.0047169811320754715	0.042497621956401964	15/29	CYBA;CD52;NCF4;CYBB;LIPA;PIK3CG;RPS19;GRN;HCK;RAC2;NCF2;RAC1;DUSP10;JCHAIN;S100A9	TUB	GO_BP	no_proc_ieg	10347
GOBP_POSITIVE_REGULATION_OF_MACROPHAGE_MIGRATION	1.7377697040038151	0.009554140127388535	0.042345353612117935	9/22	CCL5;CX3CR1;THBS1;C3AR1;CX3CL1;C5AR1;MDK;P2RX4;PTK2	TUB	GO_BP	no_proc_ieg	10347
GOBP_CELL_ADHESION_MEDIATED_BY_INTEGRIN	1.7300486087271312	0.0	0.045734346483733444	25/74	CCL5;VCAM1;ITGB2;ITGAM;ITGB3;MUC1;ITGA4;TESC;PIK3CG;EXT1;FERMT1;SWAP70;ITGB8;NCKAP1L;PTPN6;CRKL;ITGAE;ITGB6;CXCL13;ITGB1BP1;ITGA3;CCN3;LPXN;ITGAV;CRK	TUB	GO_BP	no_proc_ieg	10347
GOBP_MICROTUBULE_CYTOSKELETON_ORGANIZATION_INVOLVED_IN_MITOSIS	1.7300276106281771	0.0	0.0454411775960172	38/119	DYNLT1;CDC20;MAD2L1;AURKA;PLK2;NUP62;KPNB1;NUSAP1;PRC1;VPS4B;DLGAP5;KIF11;CDK1;PSRC1;GPSM2;RHOA;NDC80;SPAST;GNAI1;AURKB;MAP9;TACC3;CENPE;CENPA;SPRY1;MAP1S;TTK;SPC25;WRAP73;RCC1;CCNB1;KIF2A;KIF4A;INTS13;EML3;RAE1;BORA;TPX2	TUB	GO_BP	no_proc_ieg	10347
GOBP_NEGATIVE_REGULATION_OF_RESPONSE_TO_CYTOKINE_STIMULUS	1.7267313713713923	0.004285714285714286	0.046904914622378634	18/56	CCL5;OAS1;ISG15;OAS3;ZNF675;YTHDF3;CARD8;TNFRSF11B;EIF4E2;PPARG;TANK;CAV1;ADAR;MUL1;TTLL12;GSTP1;METTL3;F2RL1	TUB	GO_BP	no_proc_ieg	10347
GOBP_INTERMEMBRANE_LIPID_TRANSFER	1.7261050438270675	0.0033222591362126247	0.04686724958308398	6/19	PLTP;CERT1;TRIAP1;PLEKHA8P1;ESYT1;ABCA3	TUB	GO_BP	no_proc_ieg	10347
GOBP_RAS_PROTEIN_SIGNAL_TRANSDUCTION	1.7257822551255695	0.0	0.04669228761675428	28/82	RRAS;DHCR24;PLK2;NUP62;NRAS;RASSF1;RFXANK;CCNA2;FOXM1;RB1;RASGRP1;DOK5;SHTN1;FGF2;CRKL;ADRA2A;SPRY1;GRB2;HRAS;RASGRP2;RAPGEF3;GNB1;MRAS;SDCBP;RIT1;NOTCH2;KITLG;RALB	TUB	GO_BP	no_proc_ieg	10347
GOBP_INTERLEUKIN_6_PRODUCTION	1.7249740785902354	0.0	0.04684690527860258	34/114	PYCARD;HLA-B;CSK;TYROBP;TLR3;CYBA;SPON2;TLR7;SYT11;MYD88;CD47;TLR1;IL33;IFIH1;NCKAP1L;BANK1;CD36;PTPN6;INPP5D;TICAM1;RIGI;CX3CL1;IL27RA;POU2AF1;MBP;TWIST1;TLR8;MAPK13;NOD2;NMB;CD74;F2RL1;HYAL2;CAPN2	TUB	GO_BP	no_proc_ieg	10347
GOBP_REGULATION_OF_INTEGRIN_MEDIATED_SIGNALING_PATHWAY	1.7225876783362877	0.011235955056179775	0.047827789047487745	8/17	TIMP1;SLC2A10;CTNNA1;LAMC1;CD63;ITGB1BP1;PRKD1;EMP2	TUB	GO_BP	no_proc_ieg	10347
GOBP_LYMPHOCYTE_MEDIATED_IMMUNITY	1.7222967595407588	0.0	0.047650137861618445	60/221	FADD;HLA-B;CLU;SERPING1;HLA-F;BTN3A2;MICB;CD2;HLA-DRB1;AHR;B2M;MYD88;TNFRSF1B;C1QA;HLA-DRA;HLA-A;C1S;HLA-C;IRF7;CD1D;C1R;CD96;FCER1G;SWAP70;C3;RASGRP1;NCKAP1L;PTPN6;INPP5D;C8G;IGHM;IL1R1;CCR2;GZMB;FCGR3B;KLRB1;IL27RA;GRB2;NKG7;NBN;IGKC;IL18R1;VAV1;CD8A;CD27;TRPM4;IL18;FCER1A;MLH1;RSAD2;TAP2;CD40;TLR8;SH2D1A;DUSP22;C1QB;NOD2;CRK;CD74;HLA-E	TUB	GO_BP	no_proc_ieg	10347
GOBP_REGULATION_OF_MACROPHAGE_DIFFERENTIATION	1.7196705149984532	0.012944983818770227	0.048736762192851515	4/18	FADD;CASP8;HCLS1;RB1	TUB	GO_BP	no_proc_ieg	10347
GOBP_POSITIVE_REGULATION_OF_PROTEOLYSIS_INVOLVED_IN_PROTEIN_CATABOLIC_PROCESS	1.7196365613195352	0.0	0.048462816444037375	34/86	CLU;CDC20;UBQLN2;AURKA;DDRGK1;LAPTM5;RCHY1;NFE2L2;CHFR;IL33;PTEN;CSNK1D;PSEN1;RBX1;CAV1;RNF139;BBS7;CCDC22;GABARAP;KEAP1;CEBPA;ATP5IF1;TGFB1I1;BCAP31;CSNK1A1;PTK2;TMX1;CSNK1E;SOCS5;DAB2;FMR1;RACK1;PSMC4;MAGEF1	TUB	GO_BP	no_proc_ieg	10347
GOBP_ESTABLISHMENT_OF_PROTEIN_LOCALIZATION_TO_ENDOPLASMIC_RETICULUM	1.7196119184900374	0.006125574272588055	0.04820373567214017	14/26	TRAM2;SEC61B;SEC61A1;TRAM1;VPS54;SEC61G;SPCS1;SPCS3;RAB3GAP1;UBL4A;SRP9;MAN1A1;SRP14;SRP54	TUB	GO_BP	no_proc_ieg	10347
GOBP_GANGLIOSIDE_METABOLIC_PROCESS	1.717124861908453	0.0062402496099844	0.04918132570514001	6/20	HEXB;ST6GALNAC4;NEU1;B4GALT5;GM2A;ITGB8	TUB	GO_BP	no_proc_ieg	10347
GOBP_MITOTIC_CELL_CYCLE_CHECKPOINT_SIGNALING	1.7170864186640273	0.0	0.0489039359975673	31/101	ZWINT;CDC20;MAD2L1;TRIAP1;PLK2;NEK11;MUC1;BUB1B;NAE1;CHFR;CDK1;MAD1L1;DTL;ZWILCH;BRCA1;NDC80;CHEK1;RPA2;AURKB;APC;CASP2;TTK;SPC25;NBN;BABAM1;CCNB1;PSMG2;TAOK3;BRCC3;CENPF;CDKN1B	TUB	GO_BP	no_proc_ieg	10347
GOBP_O_GLYCAN_PROCESSING	1.7148305617410977	0.0077279752704791345	0.0497409992030567	12/26	C1GALT1C1;ST6GALNAC4;B4GALT5;GCNT1;GALNT7;GALNT1;POFUT1;GALNT3;GCNT3;GALNT2;GALNT6;ST3GAL2	TUB	GO_BP	no_proc_ieg	10347
GOBP_MITOTIC_CYTOKINESIS	1.713308895996078	0.0013812154696132596	0.0502074785232899	23/58	ECT2;NUP62;NUSAP1;VPS4B;RHOC;CEP55;RHOA;SPAST;AURKB;MAP9;CENPA;APC;KIF20A;IQGAP1;KIF4A;ZFYVE26;RAB35;TRIM36;CHMP7;EXOC2;EXOC1;JTB;CDCA8	TUB	GO_BP	no_proc_ieg	10347
GOBP_REGULATION_OF_CENTRIOLE_REPLICATION	1.711979960432388	0.0165016501650165	0.050646060090418395	6/15	PLK2;NUP62;VPS4B;NPM1;BRCA1;PLK4	TUB	GO_BP	no_proc_ieg	10347
GOBP_PROTEIN_N_LINKED_GLYCOSYLATION_VIA_ASPARAGINE	1.7093246506901592	0.0068846815834767644	0.05172559463473041	9/15	DAD1;MGAT2;RPN2;DDOST;STT3A;UBE2J1;FUT8;UGGT1;ALG5	TUB	GO_BP	no_proc_ieg	10347
GOBP_POSITIVE_REGULATION_OF_CELL_CYCLE_G2_M_PHASE_TRANSITION	1.7076393202062627	0.0112	0.052471413305757865	11/25	VPS4B;CDK1;NPM1;SMARCD3;DTL;RAD51C;CDC25B;CDC7;CCNB1;CDK4;RRM1	TUB	GO_BP	no_proc_ieg	10347
GOBP_CYTOSKELETON_DEPENDENT_CYTOKINESIS	1.7069597331376833	0.0	0.05256999637230734	24/70	ECT2;NUP62;NUSAP1;VPS4B;RHOC;CEP55;RHOA;SPAST;AURKB;MAP9;CENPA;APC;SEPTIN2;KIF20A;IQGAP1;KIF4A;ZFYVE26;ORC4;RAB35;TRIM36;CHMP7;WASHC5;EXOC2;EXOC1	TUB	GO_BP	no_proc_ieg	10347
GOBP_VIRAL_PROCESS	1.7058377470607324	0.0	0.05293018143032168	105/307	SNX3;MGAT4B;APOBEC3G;CLDN1;IFITM1;DYNLT1;MX1;CCL5;OAS1;SLPI;HLA-DRB1;ST6GALNAC4;TMPRSS4;ITGB3;PPIB;ISG15;IFI27;EFNB2;VPS4B;OAS3;CDK1;PPID;TRIM21;CD86;P4HB;CAV2;IFIH1;VAMP8;SCARB1;LGALS1;IRF7;MORC2;IFI16;HDAC1;GTF2B;TOP2A;TRIM22;VPS28;MGAT2;CCR5;NMT2;ISG20;CAV1;ADAR;GALNT1;TNFRSF14;LAMP3;CD4;STOM;SIGLEC1;RRP1B;TRIM25;ITGB6;PTBP1;RCC1;DDX6;PLSCR1;CCNK;NRP1;USP6NL;NUP153;RSAD2;OAS2;DEK;KPNA2;APOBEC3F;LTF;PCBP1;BANF1;FAM111A;MAN1B1;IDE;TRIM27;ITGAV;SP1;CD74;SLC52A2;BECN1;TRIM68;TARBP2;CSNK1A1;KPNA3;HYAL2;EIF3G;UBP1;TNIP1;FUT8;MDFIC;MPHOSPH8;CHMP7;ST3GAL2;BSG;TRIM14;ATG5;APOBEC3A;CXADR;SCARB2;SPCS1;ANPEP;EIF3D;LAMP1;CD81;ITGA2;PCSK5;TASOR	TUB	GO_BP	no_proc_ieg	10347
GOBP_PYRIMIDINE_RIBONUCLEOTIDE_BIOSYNTHETIC_PROCESS	1.702878296049913	0.008347245409015025	0.054282203898932756	4/17	NME1;DCK;CMPK1;AK5	TUB	GO_BP	no_proc_ieg	10347
GOBP_POSITIVE_REGULATION_OF_RESPONSE_TO_BIOTIC_STIMULUS	1.7020818800639954	0.0	0.0544824583972474	75/268	NAGK;PYCARD;FADD;HLA-F;TYROBP;TLR3;FLOT1;CCL5;OAS1;CTSS;LY96;CYBA;HLA-DRB1;TLR7;MYD88;NMI;IFI35;TLR5;MNDA;OAS3;CD300A;TLR1;IFIH1;IRF7;SASH1;LY86;CD1D;IFI16;COLEC12;AURKB;RPS19;CARD8;RASGRP1;PAK2;CD36;GRN;CASP1;CAV1;TICAM1;RIGI;HCK;TRAF3IP3;TRIM25;CD14;VAV1;TRIL;RNF34;TSPAN6;UBE2K;NR1D1;PLSCR1;LRRC14;MMRN2;PARP1;RSAD2;PPT1;TLR8;LTF;KCNJ8;SH2D1A;BANF1;TRAF3;BRCC3;NOD2;HLA-E;TOMM70;DDX60;GBP2;F2RL1;BECN1;TARBP2;ZDHHC18;CSNK1A1;RNF125;MED1	TUB	GO_BP	no_proc_ieg	10347
GOBP_POSITIVE_REGULATION_OF_DEFENSE_RESPONSE_TO_VIRUS_BY_HOST	1.6997434440917345	0.006644518272425249	0.05560596060549799	7/15	APOBEC3G;PYCARD;TRIM44;TRIM22;RIGI;APOBEC3F;TOMM70	TUB	GO_BP	no_proc_ieg	10347
GOBP_ENDOLYSOSOMAL_TOLL_LIKE_RECEPTOR_SIGNALING_PATHWAY	1.6993499858833783	0.01088646967340591	0.05547548950542399	12/34	TLR3;FLOT1;OAS1;TLR7;MYD88;COLEC12;CAV1;TICAM1;RSAD2;PPT1;TLR8;F2RL1	TUB	GO_BP	no_proc_ieg	10347
GOBP_RESPONSE_TO_DSRNA	1.6985852127746939	0.006042296072507553	0.05562847610972038	13/38	TLR3;FLOT1;NFKB1;NPM1;IFIH1;COLEC12;CAV1;TICAM1;RIGI;MUL1;KCNJ8;IFNA16;NOD2	TUB	GO_BP	no_proc_ieg	10347
GOBP_GOLGI_TO_PLASMA_MEMBRANE_TRANSPORT	1.6977914023499976	0.007352941176470588	0.055652774216613514	19/39	GOLPH3L;CSK;RAB31;VAMP5;CCDC22;VPS35L;ASAP1;NSF;SEC16A;EXOC2;EXOC1;GOLGA7;GCC2;LYPLA1;RACK1;RABEP1;CCDC93;PREPL;CLN3	TUB	GO_BP	no_proc_ieg	10347
GOBP_VIRAL_GENOME_REPLICATION	1.6971321420896752	0.0	0.055650494033738965	33/94	APOBEC3G;IFITM1;MX1;CCL5;OAS1;SLPI;PPIB;ISG15;IFI27;OAS3;PPID;IFIH1;MORC2;IFI16;TOP2A;ISG20;ADAR;STOM;PLSCR1;CCNK;RSAD2;OAS2;DEK;APOBEC3F;LTF;PCBP1;BANF1;FAM111A;TARBP2;TNIP1;MPHOSPH8;ATG5;APOBEC3A	TUB	GO_BP	no_proc_ieg	10347
GOBP_ADAPTIVE_IMMUNE_RESPONSE	1.6968141830596843	0.0	0.05547031525511399	98/366	PYCARD;FADD;HLA-B;HLA-DMA;CLU;SERPING1;CSK;HLA-F;BTN3A2;CTSS;CX3CR1;MICB;HLA-DRB1;AHR;CD3D;HLA-DOA;B2M;SAMSN1;MYD88;TNFRSF1B;C1QA;TAP1;HLA-DRA;RAG1;HLA-DPA1;IL33;CD86;HLA-A;TRAC;C1S;HLA-C;IRF7;LILRB5;DCLRE1C;CD1D;ANXA1;PIK3CG;C1R;RAP1GAP2;CLEC10A;FCER1G;SWAP70;C3;HLX;VTCN1;ADCY7;NCKAP1L;PTPN6;INPP5D;TRAT1;C8G;IGHM;IL1R1;BTN3A1;CCR2;TNFRSF14;LAMP3;CD4;FCGR3B;CCL19;IL27RA;TNFRSF17;ASCL2;CXCL13;STAT4;LAX1;NBN;IGKC;IL18R1;CD8A;CD27;TRPM4;IL18;HRAS;FCER1A;MLH1;HLA-DQB2;RAPGEF3;RSAD2;TAP2;CD40;TLR8;HLA-DOB;KCNJ8;PLA2G4A;IGLV6-57;SH2D1A;DUSP22;C1QB;MEF2C;IFNA16;NOD2;TRIM27;CD74;HLA-E;HLA-DMB;SIT1;EBI3	TUB	GO_BP	no_proc_ieg	10347
GOBP_REGULATION_OF_LIPOPOLYSACCHARIDE_MEDIATED_SIGNALING_PATHWAY	1.6965423593190005	0.009259259259259259	0.055333741265188	8/20	LY96;SASH1;LY86;CARD8;CD36;CX3CL1;CD14;LTF	TUB	GO_BP	no_proc_ieg	10347
GOBP_NEGATIVE_REGULATION_OF_EXOCYTOSIS	1.695330967186893	0.008902077151335312	0.05581979189265236	9/28	HLA-F;VPS4B;CD300A;ATP9A;RAB33B;ANXA1;NCKAP1L;ADRA2A;CCR2	TUB	GO_BP	no_proc_ieg	10347
GOBP_NEUTROPHIL_MIGRATION	1.6925122692681631	0.0	0.05713974262162409	33/86	CXCL1;ITGB2;PPIB;MYD88;PERP;FUT4;CXCL9;PIK3CG;FCER1G;NCKAP1L;IL1R1;C3AR1;CXCL6;CCL19;PF4V1;CX3CL1;TNFAIP6;RAC2;CXCL11;CXCL13;VAV1;C5AR1;CKLF;PPBP;MDK;VAV3;PECAM1;RAC1;NOD2;CXCL10;CD74;MOSPD2;CXCR2	TUB	GO_BP	no_proc_ieg	10347
GOBP_CELL_MIGRATION_INVOLVED_IN_SPROUTING_ANGIOGENESIS	1.6921832561849726	0.004457652303120356	0.05704248061140115	14/41	PIK3R3;THBS1;PLK2;EFNB2;RHOA;ANXA1;FGF2;SRPX2;MEOX2;ABL1;ITGB1BP1;MMRN2;NRP1;JCAD	TUB	GO_BP	no_proc_ieg	10347
GOBP_GLYCOSYLATION	1.6913221486366672	0.0	0.057267125870541474	48/149	MGAT4B;C1GALT1C1;ST6GALNAC4;ALG9;B4GALT5;DPAGT1;FUT4;DAD1;TMEM258;POGLUT2;EXT1;GCNT1;PSEN1;MLEC;MGAT2;GALNT7;IL15;GALNT1;EOGT;RPN2;POFUT1;B4GALT7;GALNT3;DDOST;DPM3;STT3A;ALG6;PLOD2;GCNT3;B4GALT4;EXT2;UBE2J1;FKTN;MAN1B1;PLOD3;GALNT2;TMEM165;ST8SIA1;MAN1C1;OGA;GALNT6;ST3GAL5;FUT8;COG2;ST3GAL2;CLN5;SLC35C1;TRIP11	TUB	GO_BP	no_proc_ieg	10347
GOBP_PYRIMIDINE_NUCLEOTIDE_METABOLIC_PROCESS	1.690620268344246	0.004335260115606936	0.05730193793898443	8/40	NME1;DCTPP1;DCK;TYMP;DTYMK;CMPK1;DCTD;AK5	TUB	GO_BP	no_proc_ieg	10347
GOBP_IMMUNE_EFFECTOR_PROCESS	1.6892505658985948	0.0	0.0578151086651642	144/470	PYCARD;FADD;HLA-B;S100A13;CLU;SERPING1;HLA-F;CFB;TYROBP;TLR3;BTN3A2;ITGB2;CX3CR1;MICB;CD2;ITGAM;HLA-DRB1;SPON2;AHR;DDRGK1;TLR7;LAPTM5;ANXA3;B2M;MYD88;NMI;IFI35;LIPA;TNFRSF1B;C1QA;HLA-DRA;CD300A;IL33;CD86;IRF8;VAMP8;HLA-A;C1S;LGALS1;HLA-C;IRF7;CD1D;ANXA1;PIK3CG;C1R;CD96;FCER1G;RPS19;SWAP70;C3;VSIG4;HLX;MYB;PSEN1;LITAF;RASGRP1;NCKAP1L;CD36;PTPN6;INPP5D;KARS1;GRN;C8G;IGHM;IL1R1;CCR2;TNFRSF14;CXCL6;GZMB;FCGR3B;CCL19;DOCK2;KLRB1;TICAM1;RIGI;HCK;RAC2;IL27RA;GRB2;ABL1;ASCL2;POU2AF1;LCP1;NKG7;STAT4;NBN;IGKC;IL18R1;APBB1IP;VAV1;TRIL;CD8A;CD27;TRPM4;IL18;FCER1A;MLH1;MDK;PANX1;VAV3;FGL2;RSAD2;TAP2;CD59;CD40;TWIST1;UBE2J1;TLR8;SH2D1A;DUSP22;C1QB;A2M;IFNA16;NOD2;CRK;CD74;HLA-E;DDX60;HLA-DMB;CFD;F2RL1;DUSP10;PTK2;FCGR2B;STXBP1;NOTCH2;MSH6;NSD2;TCIM;CCR6;PLCL2;ATG5;ZBTB1;CBL;FCMR;DOCK10;CRTAM;CFI;PTGDR;LAMP1;S100A9;CFP;STX7;CD81	TUB	GO_BP	no_proc_ieg	10347
GOBP_REGULATION_OF_ERAD_PATHWAY	1.6885261707421853	0.009966777408637873	0.057916848106892176	6/16	UBQLN2;NFE2L2;USP14;CAV1;BCAP31;TMX1	TUB	GO_BP	no_proc_ieg	10347
GOBP_REGULATION_OF_ADAPTIVE_IMMUNE_RESPONSE	1.6884605449126342	0.0	0.057643537326651895	42/155	PYCARD;FADD;HLA-B;HLA-F;MICB;HLA-DRB1;AHR;B2M;SAMSN1;TNFRSF1B;HLA-DRA;IL33;HLA-A;HLA-C;IRF7;CD1D;ANXA1;C3;HLX;ADCY7;NCKAP1L;PTPN6;IL1R1;CCR2;TNFRSF14;CD4;CCL19;IL27RA;ASCL2;IL18R1;TRPM4;IL18;MLH1;RSAD2;TAP2;CD40;PLA2G4A;DUSP22;MEF2C;NOD2;TRIM27;HLA-E	TUB	GO_BP	no_proc_ieg	10347
GOBP_OSTEOBLAST_PROLIFERATION	1.6878431060780326	0.00686106346483705	0.05770542663129858	11/21	NF2;ITGB3;RHOA;ABL1;LTF;ITGAV;HPSE;BMP2;MUS81;PLXNB1;ATRAID	TUB	GO_BP	no_proc_ieg	10347
GOBP_POSITIVE_REGULATION_OF_DENDRITIC_SPINE_DEVELOPMENT	1.6856570244342968	0.004379562043795621	0.05888193757726643	10/32	GPRASP3;DBN1;TIAM1;CAMK1;MAPK6;PSEN1;CDKL5;RELN;STAU2;EIF4G2	TUB	GO_BP	no_proc_ieg	10347
GOBP_MONONUCLEAR_CELL_MIGRATION	1.684546806288212	0.0	0.059251004053755434	50/162	PYCARD;FADD;STK10;CCL5;CX3CR1;THBS1;ITGB3;ITGA4;FUT4;CD47;RHOA;ANXA1;PIK3CG;CCR1;CYP7B1;EXT1;RPS19;CCR5;CRKL;CCR2;C3AR1;TNFRSF14;S1PR1;CCL19;STK39;NUP85;CX3CL1;IL27RA;CXCL11;MMP2;ABL1;ASCL2;CXCL13;ALOX5;ADAM10;PLA2G7;C5AR1;CKLF;TRPM4;ARHGEF5;JAM2;MDK;PECAM1;CCL20;CCN3;CXCL10;CRK;MOSPD2;CXCR2;P2RX4	TUB	GO_BP	no_proc_ieg	10347
GOBP_NATURAL_KILLER_CELL_MEDIATED_IMMUNITY	1.68228717379064	0.0058823529411764705	0.060236575928166614	16/53	HLA-B;HLA-F;CD2;HLA-A;CD96;RASGRP1;PTPN6;GZMB;KLRB1;GRB2;NKG7;VAV1;IL18;SH2D1A;CRK;HLA-E	TUB	GO_BP	no_proc_ieg	10347
GOBP_CELL_DIVISION	1.6821098019323697	0.0	0.05999727609106201	168/425	NUP37;ZWINT;MAEA;ANXA11;DYNLT1;ECT2;CDC20;SAC3D1;CKS2;MAD2L1;AURKA;SOX17;EVI2B;NUP62;NUSAP1;PRC1;BUB1B;VPS4B;KIF11;NCAPG;CHFR;RHOC;CDK1;PSRC1;BRIP1;GPSM2;MAD1L1;PTTG1;CEP55;RHOA;CCNA2;ZWILCH;NDC80;VEGFC;CCNO;HAUS6;RB1;SPAST;GNAI1;AURKB;EXT1;CDC25B;SMC4;MAP9;MIS18BP1;TOP2A;GNAI3;TACC3;ITGB3BP;SH3GLB1;CENPE;FGF2;CENPA;TUBA1A;PPP1CB;APC;YEATS2;ZZZ3;MIS18A;SEPTIN2;ASPM;MLLT3;GNL3;SPC25;RCC1;CDC7;KIF20A;BABAM1;IQGAP1;CCNB1;CDK7;CDK4;PPBP;ITGB1BP1;CCNK;EPB41L2;KIF2A;MDK;KIF4A;INTS13;REEP4;CDC27;PPP1CC;AATF;EML3;RAE1;CDT1;CCNG2;BORA;KLHL18;OIP5;MYH9;TPX2;BRCC3;ZFYVE26;PPP1CA;CEP164;NR3C1;VRK1;ORC4;KATNA1;CENPF;BECN1;SPECC1L;RAB35;CSNK1A1;RGS14;SPOUT1;TRIM36;CLTA;DR1;KLHL9;FBXO5;CHMP7;ATXN10;WASHC5;PELO;YME1L1;CETN3;RALB;CDC23;NCAPG2;EXOC2;NAP1L2;TPRA1;EXOC1;TUBA1B;RUVBL1;KLHL21;SKA1;HTR2B;RPS3;GNAI2;NEK4;HAUS3;FGF7;KIF14;JTB;ZNF207;UBE2C;ZW10;CDCA8;DCLRE1A;ACTR8;SPDL1;STAG1;FGF13;CCNB2;RACK1;CKAP2;PIN1;SMC2;DCTN1;BUB3;MAPRE1;MIS12;DYRK3;BBS4;CCNT2;TUBB;E2F8;CDC6;CALM2;WAPL;CDC16;CCNA1;ANAPC13;FZD7	TUB	GO_BP	no_proc_ieg	10347
GOBP_SPINDLE_ASSEMBLY	1.681074680822819	0.001326259946949602	0.06038406820784409	39/87	CDC20;SAC3D1;AURKA;KPNB1;PRC1;VPS4B;KIF11;GPSM2;RHOA;PTEN;NDC80;HAUS6;GTF2B;AURKB;MAP9;CSNK1D;ASPM;CCDC69;WRAP73;RCC1;KIF2A;MLH1;KIF4A;EML3;TPX2;PIBF1;FBXO5;CHMP7;WASHC5;RPS3;HAUS3;ZNF207;CDCA8;STAG1;CCNB2;MAPRE1;OFD1;TUBB;TUBGCP5	TUB	GO_BP	no_proc_ieg	10347
GOBP_REGULATION_OF_LEUKOCYTE_MEDIATED_IMMUNITY	1.6786348808587508	0.0	0.06164721554046905	46/178	FADD;HLA-B;HLA-F;TYROBP;TLR3;ITGB2;CX3CR1;MICB;ITGAM;HLA-DRB1;AHR;B2M;TNFRSF1B;HLA-DRA;CD300A;VAMP8;HLA-A;HLA-C;CD1D;CD96;C3;RASGRP1;NCKAP1L;PTPN6;IL1R1;CCR2;CXCL6;KLRB1;TICAM1;RIGI;RAC2;IL27RA;IL18R1;VAV1;TRPM4;IL18;MLH1;RSAD2;TAP2;CD40;SH2D1A;DUSP22;NOD2;CRK;HLA-E;F2RL1	TUB	GO_BP	no_proc_ieg	10347
GOBP_NEGATIVE_REGULATION_OF_CELL_KILLING	1.6760551374781136	0.009404388714733543	0.06294074196332641	8/22	HLA-B;HLA-F;CX3CR1;HLA-A;NCKAP1L;CRK;HLA-E;FCGR2B	TUB	GO_BP	no_proc_ieg	10347
GOBP_VIRAL_LIFE_CYCLE	1.674959659073366	0.0	0.06344035294755208	83/234	SNX3;APOBEC3G;CLDN1;IFITM1;DYNLT1;MX1;CCL5;OAS1;SLPI;HLA-DRB1;TMPRSS4;ITGB3;PPIB;ISG15;IFI27;EFNB2;VPS4B;OAS3;CDK1;PPID;TRIM21;CD86;P4HB;CAV2;IFIH1;VAMP8;SCARB1;LGALS1;MORC2;IFI16;TOP2A;TRIM22;VPS28;CCR5;NMT2;ISG20;CAV1;ADAR;TNFRSF14;LAMP3;CD4;STOM;SIGLEC1;TRIM25;ITGB6;DDX6;PLSCR1;CCNK;NRP1;USP6NL;NUP153;RSAD2;OAS2;DEK;KPNA2;APOBEC3F;LTF;PCBP1;BANF1;FAM111A;IDE;ITGAV;CD74;SLC52A2;TRIM68;TARBP2;KPNA3;HYAL2;TNIP1;MPHOSPH8;CHMP7;BSG;ATG5;APOBEC3A;CXADR;SCARB2;SPCS1;ANPEP;LAMP1;CD81;ITGA2;PCSK5;TASOR	TUB	GO_BP	no_proc_ieg	10347
GOBP_POSITIVE_REGULATION_OF_CELL_ACTIVATION	1.671653507583744	0.0	0.06509115796490621	76/274	PYCARD;FADD;HLA-DMA;CSK;TYROBP;CCL5;VCAM1;CD2;HLA-DRB1;THBS1;DDRGK1;HLA-DOA;B2M;MYD88;SMARCE1;HLA-DRA;EFNB2;RAG1;HLA-DPA1;CD47;IL33;CD86;HLA-A;SMARCD3;RHOA;LGALS1;NCK1;CD1D;ANXA1;HLX;MYB;CD38;RASGRP1;VTCN1;NCKAP1L;PTPN6;INPP5D;KARS1;IL15;BTN2A2;CAV1;CCR2;TNFRSF14;CD4;CCL19;AMBRA1;TICAM1;ABL1;TOX;IL7;VAV1;ICOS;CD27;IL18;MLH1;MDK;HLA-DQB2;VAV3;CD40;LCK;HLA-DOB;CEBPA;PLA2G4A;SELP;MEF2C;SIRPG;HHLA2;NOD2;SOX4;CD74;HLA-E;HLA-DMB;EBI3;DUSP10;ACTL6A;RUNX3	TUB	GO_BP	no_proc_ieg	10347
GOBP_REGULATION_OF_OSTEOBLAST_PROLIFERATION	1.6711457917047532	0.008403361344537815	0.06510839910850559	10/19	NF2;ITGB3;RHOA;ABL1;LTF;ITGAV;HPSE;BMP2;PLXNB1;ATRAID	TUB	GO_BP	no_proc_ieg	10347
GOBP_POSITIVE_REGULATION_OF_LEUKOCYTE_MEDIATED_IMMUNITY	1.6693548803059957	0.0	0.06608726863296008	35/106	FADD;HLA-B;HLA-F;TYROBP;ITGB2;MICB;ITGAM;HLA-DRB1;B2M;HLA-DRA;HLA-A;HLA-C;CD1D;C3;RASGRP1;IL1R1;TICAM1;RIGI;IL18R1;VAV1;IL18;MLH1;RSAD2;TAP2;CD40;SH2D1A;NOD2;HLA-E;F2RL1;NSD2;ZBTB1;CRTAM;LAMP1;STX7;CD81	TUB	GO_BP	no_proc_ieg	10347
GOBP_REGULATION_OF_MONONUCLEAR_CELL_MIGRATION	1.6653422730511118	0.0	0.06849450106807967	33/105	PYCARD;FADD;STK10;CCL5;CX3CR1;THBS1;ITGB3;ITGA4;CD47;RHOA;CCR1;CRKL;CCR2;C3AR1;TNFRSF14;STK39;CX3CL1;IL27RA;ABL1;ASCL2;CXCL13;ADAM10;PLA2G7;C5AR1;JAM2;MDK;CCL20;CCN3;CXCL10;CRK;MOSPD2;P2RX4;PTK2	TUB	GO_BP	no_proc_ieg	10347
GOBP_REGULATION_OF_IMMUNE_EFFECTOR_PROCESS	1.6637546851456615	0.0	0.06928004973646355	75/287	PYCARD;FADD;HLA-B;SERPING1;HLA-F;TYROBP;TLR3;ITGB2;CX3CR1;MICB;ITGAM;HLA-DRB1;SPON2;AHR;DDRGK1;TLR7;LAPTM5;B2M;MYD88;TNFRSF1B;HLA-DRA;CD300A;IL33;CD86;VAMP8;HLA-A;HLA-C;CD1D;ANXA1;CD96;RPS19;C3;VSIG4;HLX;LITAF;RASGRP1;NCKAP1L;CD36;PTPN6;GRN;IL1R1;CCR2;TNFRSF14;CXCL6;CCL19;KLRB1;TICAM1;RIGI;RAC2;IL27RA;ASCL2;IL18R1;VAV1;TRIL;TRPM4;IL18;MLH1;PANX1;FGL2;RSAD2;TAP2;CD59;CD40;TWIST1;UBE2J1;SH2D1A;DUSP22;A2M;NOD2;CRK;CD74;HLA-E;DDX60;HLA-DMB;F2RL1	TUB	GO_BP	no_proc_ieg	10347
GOBP_B_CELL_ACTIVATION	1.66270241255063	0.0	0.06970197199444492	60/197	PIK3R3;CASP8;TYROBP;HDAC4;TXLNA;VCAM1;AHR;DDRGK1;LAPTM5;EZH2;ITGA4;SAMSN1;HHEX;RAG1;MNDA;BAX;CD300A;CD86;IRF8;LGALS1;MS4A1;DCLRE1C;SWAP70;CD38;RASGRP1;NCKAP1L;BANK1;PTPN6;INPP5D;TICAM1;IL27RA;THEMIS2;ABL1;POU2AF1;LAX1;NBN;IL7;CASP3;CD27;MLH1;VAV3;CD40;IKZF3;MEF2C;IFNA16;NOD2;CD74;ZBTB7A;FCGR2B;NOTCH2;MSH6;NSD2;CCR6;PLCL2;ZBTB1;DOCK10;SKAP2;PPP2R3C;CD81;SLC25A5	TUB	GO_BP	no_proc_ieg	10347
GOBP_POSITIVE_REGULATION_OF_CELL_CELL_ADHESION	1.660593879834938	0.0	0.07091119622894479	68/257	CITED2;PYCARD;FADD;HLA-DMA;CSK;FLOT1;CCL5;VCAM1;ITGB2;HLA-DRB1;HLA-DOA;ITGA4;B2M;SMARCE1;FUT4;HLA-DRA;EFNB2;RAG1;HLA-DPA1;CD47;CD44;CD86;HLA-A;SMARCD3;RHOA;LGALS1;NCK1;CD1D;ANXA1;HLX;GCNT1;RASGRP1;VTCN1;NCKAP1L;PTPN6;IL15;BTN2A2;CAV1;CCR2;TNFRSF14;CD4;CCL19;AMBRA1;CX3CL1;ABL1;CXCL13;ALOX5;IL7;VAV1;ICOS;CD27;IL18;MDK;HLA-DQB2;LCK;HLA-DOB;SELP;SIRPG;HHLA2;NOD2;SOX4;CD74;HLA-E;HLA-DMB;EBI3;DUSP10;ACTL6A;RUNX3	TUB	GO_BP	no_proc_ieg	10347
GOBP_RETROGRADE_VESICLE_MEDIATED_TRANSPORT_GOLGI_TO_ENDOPLASMIC_RETICULUM	1.6603381075805002	0.0045045045045045045	0.07071680237735688	10/43	GOLPH3L;TMED10;KDELR2;ATP9A;COPZ1;RAB33B;LMAN2;KDELR3;ERGIC3;ARF4	TUB	GO_BP	no_proc_ieg	10347
GOBP_NUCLEAR_MEMBRANE_ORGANIZATION	1.6599111748308233	0.005780346820809248	0.07073389116049383	11/34	TMEM43;VPS4B;NEMP1;CDK1;SPAST;TOR1B;RCC1;REEP4;BANF1;VRK1;CHMP7	TUB	GO_BP	no_proc_ieg	10347
GOBP_ESTABLISHMENT_OF_RNA_LOCALIZATION	1.6574098012299587	0.00129366106080207	0.07197988587660932	41/100	NUP37;FLOT1;NUP62;KPNB1;HHEX;DDX39A;MVP;POLDIP3;NUP85;NCBP2;UPF2;CPSF6;ATXN2;NUP107;NUP153;RAE1;RTRAF;NUP50;THOC6;NDC1;EIF4A3;THOC5;XPOT;THOC7;CETN3;SIDT1;MRPL18;NUP93;AGFG1;IGF2BP3;CHTOP;BICD2;TGFBR2;NUP133;UPF3B;NUP155;FMR1;SMG1;MAGOH;ATM;XPO1	TUB	GO_BP	no_proc_ieg	10347
GOBP_POSITIVE_REGULATION_OF_EXTRINSIC_APOPTOTIC_SIGNALING_PATHWAY	1.6565580433279061	0.008955223880597015	0.0722436001116758	15/44	PYCARD;FADD;THBS1;ITM2C;SRPX;CTNNA1;BID;PAK2;CAV1;TNFSF10;STK4;LTB;PEA15;PPP1CA;HYAL2	TUB	GO_BP	no_proc_ieg	10347
GOBP_INTERLEUKIN_12_PRODUCTION	1.6553748175756822	0.007246376811594203	0.07276539280262051	16/49	HLA-B;TLR3;NFKB1;THBS1;LAPTM5;CD47;IRF8;CD36;CCL19;MAPK11;MDK;CD40;TLR8;LTB;NOD2;PIBF1	TUB	GO_BP	no_proc_ieg	10347
GOBP_POSITIVE_REGULATION_OF_PROTEOLYSIS	1.6540490431019164	0.0	0.07341642896785208	63/234	PYCARD;FADD;CLU;CASP8;APAF1;CDC20;ARL6IP5;PSENEN;CTSS;UBQLN2;AURKA;TNFSF15;DDRGK1;LAPTM5;RCHY1;PERP;TNFRSF1B;NFE2L2;CHFR;BAX;IL33;PTEN;BID;IFI16;CSNK1D;CARD8;PSEN1;PPARG;TANK;GRN;CASP1;RBX1;ADRA2A;CAV1;CASP2;RNF139;CTSD;PLGRKT;S100A10;MUL1;PSME1;BCL2A1;TNFSF10;BBS7;CCDC22;MBP;CLDN3;GABARAP;KEAP1;APH1A;PSME3;LCK;CEBPA;DIABLO;ATP5IF1;TGFB1I1;MYH9;ANXA2;BCAP31;CSNK1A1;PTK2;MTCH1;FGFR4	TUB	GO_BP	no_proc_ieg	10347
GOBP_POSITIVE_REGULATION_OF_CHROMOSOME_SEPARATION	1.6529345137281897	0.014195583596214511	0.07384775492290396	13/22	CDC20;DLGAP5;NCAPG;RB1;AURKB;SMC4;PLSCR1;CDC23;NCAPG2;UBE2C;CDCA8;SMC2;CDC16	TUB	GO_BP	no_proc_ieg	10347
GOBP_GOLGI_TO_PLASMA_MEMBRANE_PROTEIN_TRANSPORT	1.6522352934089295	0.01634472511144131	0.07402256786316708	12/28	GOLPH3L;CSK;RAB31;VAMP5;ASAP1;NSF;GOLGA7;GCC2;LYPLA1;RACK1;PREPL;CLN3	TUB	GO_BP	no_proc_ieg	10347
GOBP_POSITIVE_REGULATION_OF_RESPONSE_TO_CYTOKINE_STIMULUS	1.6518699107499086	0.0014492753623188406	0.07390033718945636	15/45	FADD;LAPTM5;AGPAT2;TRIM44;IFIH1;IRF7;CASP1;IL1R1;RIGI;IL7;UBE2K;CASP4;TAF9;CD74;MED1	TUB	GO_BP	no_proc_ieg	10347
GOBP_GRANULOCYTE_MIGRATION	1.651758393873756	0.001277139208173691	0.07364756281041124	40/120	CCL5;CXCL1;ITGB2;THBS1;PPIB;MYD88;PERP;FUT4;CD300A;CXCL9;ANXA1;PIK3CG;FCER1G;NCKAP1L;IL1R1;C3AR1;CXCL6;CCL19;PF4V1;CX3CL1;TNFAIP6;RAC2;CXCL11;CXCL13;VAV1;C5AR1;CKLF;PPBP;MDK;VAV3;PECAM1;RAC1;CCL18;NOD2;CXCL10;CD74;MOSPD2;CXCR2;CCL11;PTK2	TUB	GO_BP	no_proc_ieg	10347
GOBP_POSITIVE_REGULATION_OF_INTERLEUKIN_6_PRODUCTION	1.650608115340546	0.0013458950201884253	0.07428398917753677	22/75	PYCARD;TYROBP;TLR3;CYBA;SPON2;TLR7;MYD88;TLR1;IL33;IFIH1;CD36;TICAM1;RIGI;POU2AF1;MBP;TWIST1;TLR8;MAPK13;NOD2;CD74;F2RL1;HYAL2	TUB	GO_BP	no_proc_ieg	10347
GOBP_POSITIVE_REGULATION_OF_NON_CANONICAL_NF_KAPPAB_SIGNAL_TRANSDUCTION	1.6492314518387952	0.005689900426742532	0.0748841609480318	14/52	PYCARD;TLR3;TLR7;LAPTM5;NMI;IFI35;TRIM44;CD86;RHOA;SASH1;CCL19;IL18R1;CD27;IL18	TUB	GO_BP	no_proc_ieg	10347
GOBP_PROTEIN_O_LINKED_GLYCOSYLATION	1.6488340128958838	0.007215007215007215	0.07485114864429142	21/58	C1GALT1C1;ST6GALNAC4;B4GALT5;POGLUT2;GCNT1;GALNT7;IL15;GALNT1;EOGT;POFUT1;GALNT3;DPM3;PLOD2;GCNT3;FKTN;PLOD3;GALNT2;OGA;GALNT6;ST3GAL2;SLC35C1	TUB	GO_BP	no_proc_ieg	10347
GOBP_ACTIVATION_OF_INNATE_IMMUNE_RESPONSE	1.6476345452715213	0.0	0.07528386859424088	57/201	NAGK;PYCARD;TYROBP;TLR3;FLOT1;OAS1;CTSS;LY96;CYBA;TLR7;MYD88;NMI;IFI35;TLR5;MNDA;OAS3;CD300A;TLR1;IFIH1;IRF7;IFI16;COLEC12;AURKB;CARD8;PAK2;CD36;CASP1;CAV1;TICAM1;RIGI;HCK;TRAF3IP3;TRIM25;CD14;TRIL;RNF34;TSPAN6;NR1D1;LRRC14;PARP1;RSAD2;PPT1;TLR8;LTF;KCNJ8;BANF1;TRAF3;BRCC3;NOD2;TOMM70;DDX60;GBP2;F2RL1;BECN1;TARBP2;ZDHHC18;CSNK1A1	TUB	GO_BP	no_proc_ieg	10347
GOBP_REGULATION_OF_CELL_KILLING	1.646512368705899	0.0013458950201884253	0.07575988189290775	24/87	FADD;HLA-B;HLA-F;TYROBP;CX3CR1;MICB;ITGAM;HLA-DRB1;B2M;HLA-DRA;HLA-A;HLA-C;CD1D;RASGRP1;NCKAP1L;CXCL6;KLRB1;VAV1;TAP2;CD59;SH2D1A;CRK;HLA-E;F2RL1	TUB	GO_BP	no_proc_ieg	10347
GOBP_POSITIVE_REGULATION_OF_ADAPTIVE_IMMUNE_RESPONSE	1.644931171832679	0.001349527665317139	0.0765305903157046	25/94	PYCARD;FADD;HLA-B;HLA-F;MICB;HLA-DRB1;B2M;HLA-DRA;HLA-A;HLA-C;CD1D;C3;IL1R1;CCR2;CD4;IL27RA;IL18R1;IL18;MLH1;RSAD2;TAP2;CD40;PLA2G4A;NOD2;HLA-E	TUB	GO_BP	no_proc_ieg	10347
GOBP_MEIOTIC_CHROMOSOME_SEGREGATION	1.6445174863298233	0.004273504273504274	0.07645680257032414	19/56	ZWINT;AURKA;AGO4;CHFR;P3H4;BRIP1;PTTG1;PTEN;NDC80;SMC4;PTTG3P;PSMC3IP;ASPM;TTK;MLH1;NDC1;REC8;FBXO5;WASHC5	TUB	GO_BP	no_proc_ieg	10347
GOBP_MYELOID_DENDRITIC_CELL_ACTIVATION	1.6436144788347085	0.01228878648233487	0.07674347188037291	7/24	PYCARD;UBD;CD2;ITGB8;PSEN1;DOCK2;ITGB6	TUB	GO_BP	no_proc_ieg	10347
GOBP_NEGATIVE_REGULATION_OF_MITOTIC_CELL_CYCLE_PHASE_TRANSITION	1.6417026975013567	0.0012406947890818859	0.07792523421588783	33/132	ZWINT;CDC20;MAD2L1;DACT1;TRIAP1;PLK2;EZH2;MUC1;CRLF3;BUB1B;NAE1;CHFR;CDK1;MAD1L1;DTL;ZWILCH;PTEN;BRCA1;NDC80;CHEK1;RB1;RPA2;AURKB;BTN2A2;APC;CASP2;AVEN;TTK;SPC25;NBN;GPNMB;BABAM1;CCNB1	TUB	GO_BP	no_proc_ieg	10347
GOBP_T_CELL_MEDIATED_IMMUNITY	1.641103981637279	0.002617801047120419	0.0779847346171217	31/99	FADD;HLA-B;HLA-F;BTN3A2;MICB;HLA-DRB1;AHR;B2M;TNFRSF1B;HLA-DRA;HLA-A;HLA-C;CD1D;NCKAP1L;IL1R1;CCR2;IL18R1;CD8A;TRPM4;IL18;RSAD2;TAP2;DUSP22;NOD2;HLA-E;FCGR2B;ZBTB1;CRTAM;STX7;CD81;EMP2	TUB	GO_BP	no_proc_ieg	10347
GOBP_TOLL_LIKE_RECEPTOR_3_SIGNALING_PATHWAY	1.6409264956950507	0.01644736842105263	0.07775130501800127	6/20	TLR3;FLOT1;OAS1;COLEC12;CAV1;TICAM1	TUB	GO_BP	no_proc_ieg	10347
GOBP_REGULATION_OF_LEUKOCYTE_MIGRATION	1.6409106978595092	0.0	0.07742841573577128	55/180	PYCARD;FADD;STK10;CCL5;CX3CR1;THBS1;ITGB3;ITGA4;MYD88;PERP;FUT4;CD300A;CD47;IL33;RHOA;VEGFC;ANXA1;CCR1;SWAP70;GCNT1;NCKAP1L;CRKL;IL1R1;CCR2;C3AR1;TNFRSF14;CCL19;STK39;CX3CL1;TNFAIP6;RAC2;IL27RA;ABL1;ASCL2;CXCL13;ADAM10;PLA2G7;C5AR1;JAM2;MDK;CCL20;RAC1;CCN3;SELP;NOD2;CXCL10;CRK;CD74;MOSPD2;F2RL1;P2RX4;PTK2;KITLG;CCR6;RIN3	TUB	GO_BP	no_proc_ieg	10347
GOBP_CELL_CYCLE_CHECKPOINT_SIGNALING	1.6399569399746377	0.0012642225031605564	0.07792409820741335	36/132	ZWINT;CDC20;MAD2L1;TRIAP1;PLK2;NEK11;MUC1;BUB1B;NAE1;CHFR;CDK1;BRIP1;MAD1L1;DTL;ZWILCH;BRCA1;NDC80;CHEK1;RPA2;AURKB;APC;STK38;CASP2;TTK;SPC25;NBN;BABAM1;CCNB1;RNASEH2B;PSMG2;CDT1;INTS7;TAOK3;BRCC3;CENPF;CDKN1B	TUB	GO_BP	no_proc_ieg	10347
GOBP_MACROPHAGE_ACTIVATION	1.6372234961279892	0.0013054830287206266	0.07964826844641391	28/87	CLU;TYROBP;TLR3;ITGB2;CX3CR1;ITGAM;THBS1;SYT11;NMI;IFI35;C1QA;TLR1;IL33;VSIG4;KARS1;GRN;STK39;TICAM1;CX3CL1;CD93;CST7;C5AR1;NR1D1;KCNJ8;CEBPA;PLA2G4A;CD74;IFNGR2	TUB	GO_BP	no_proc_ieg	10347
GOBP_POSITIVE_REGULATION_OF_INTERLEUKIN_1_BETA_PRODUCTION	1.6371407764415782	0.005856515373352855	0.07935011454498613	14/43	PYCARD;CASP8;TYROBP;MYD88;IFI16;CARD8;CD36;CASP1;CCL19;NLRP2;PANX1;TLR8;NOD2;F2RL1	TUB	GO_BP	no_proc_ieg	10347
GOBP_REGULATION_OF_NATURAL_KILLER_CELL_MEDIATED_IMMUNITY	1.636430041647327	0.009202453987730062	0.07963496157082507	13/33	HLA-B;HLA-F;HLA-A;CD96;RASGRP1;KLRB1;VAV1;SH2D1A;CRK;HLA-E;CRTAM;LAMP1;SERPINB9	TUB	GO_BP	no_proc_ieg	10347
GOBP_DNA_REPLICATION	1.6352420071253848	0.0	0.08018193368637545	90/193	GINS3;CARM1;RFC5;POLH;DBF4;S100A11;RPA1;MCM4;WDHD1;CDK1;RFC2;MCM5;PCLAF;DTL;CCNA2;DSCC1;ORC6;BRCA1;SMARCAL1;CHEK1;SET;RPA2;JADE3;DYNLL1;MCM2;PRIM1;RUVBL2;OBI1;GTPBP4;GINS2;ADRA2A;PCNA;POLE3;RMI1;POLE2;ORC5;RFC4;MCM10;NBN;CDC7;PARP1;ASF1A;RRM1;CDT1;RBBP7;FAM111A;ORC4;FEN1;CDK2AP1;POLG2;CDKN1B;SMARCA5;ACTL6A;RECQL;NOC3L;FBXO5;ACTR5;ID3;BAZ1A;RUVBL1;RNASEH1;MCM3;ACTR8;METTL4;MUS81;NAP1L1;EXO1;RBBP6;E2F8;CDC6;WAPL;ZPR1;SSBP1;MCMBP;WRN;RAD50;ZMPSTE24;FGFR1;LIG3;RECQL5;NFRKB;REV3L;CCNE2;ORC3;POLI;BRCA2;TFPT;MCRS1;KIN;LPIN1	TUB	GO_BP	no_proc_ieg	10347
GOBP_SUBSTRATE_DEPENDENT_CELL_MIGRATION	1.6341213569055406	0.004777070063694267	0.08065129979565308	15/21	FN1;NCK1;VEGFC;SHTN1;ITGB1BP1;NRP1;STK4;SDCBP;ITGA2;ANKS1A;CD2AP;PTPRC;STON1;ROBO1;SNAI2	TUB	GO_BP	no_proc_ieg	10347
GOBP_PROTEIN_TARGETING_TO_LYSOSOME	1.6338651092237033	0.007886435331230283	0.08050730415031059	12/22	CLU;LAPTM5;GNPTAB;SNX16;BECN1;VPS54;SCARB2;GCC2;LAMP2;NCOA4;RAB7A;NEDD4	TUB	GO_BP	no_proc_ieg	10347
GOBP_MITOTIC_SPINDLE_ORGANIZATION	1.6332123778543184	0.003896103896103896	0.08071816292611574	32/96	CDC20;AURKA;PLK2;NUP62;KPNB1;PRC1;VPS4B;DLGAP5;KIF11;PSRC1;GPSM2;RHOA;NDC80;SPAST;GNAI1;AURKB;MAP9;TACC3;CENPE;MAP1S;TTK;SPC25;WRAP73;RCC1;CCNB1;KIF2A;KIF4A;INTS13;EML3;RAE1;BORA;TPX2	TUB	GO_BP	no_proc_ieg	10347
GOBP_POSITIVE_REGULATION_OF_DEFENSE_RESPONSE	1.633139849783855	0.0	0.080431033640749	97/350	NAGK;PYCARD;FADD;HLA-F;TYROBP;TLR3;FLOT1;CCL5;OAS1;CTSS;LY96;CYBA;TLR7;MYD88;NMI;IFI35;TLR5;MNDA;OAS3;CD300A;CD47;TLR1;IL33;IFIH1;VAMP8;LGALS1;IRF7;ALOX5AP;CD1D;IFI16;PIK3CG;COLEC12;AURKB;NPAS2;RPS19;C3;CARD8;RASGRP1;PAK2;CD36;KARS1;IL15;GRN;CASP1;ABCC1;CAV1;CCR2;TICAM1;RIGI;CX3CL1;HCK;TRAF3IP3;TRIM25;NKG7;CD14;VAV1;TRIL;PLA2G7;RNF34;TSPAN6;UBE2K;NR1D1;IL18;PLSCR1;LRRC14;MMRN2;PARP1;NPY5R;MDK;RSAD2;CASP4;FABP4;PPT1;TLR8;LTF;KCNJ8;CEBPA;SH2D1A;BANF1;MAPK13;MEF2C;TRAF3;BRCC3;NOD2;HLA-E;TOMM70;DDX60;GBP2;F2RL1;BECN1;TARBP2;ZDHHC18;CSNK1A1;HYAL2;OSMR;RNF125;MED1	TUB	GO_BP	no_proc_ieg	10347
GOBP_NUCLEAR_ENVELOPE_ORGANIZATION	1.6325569605140393	0.007062146892655367	0.08056473204361742	13/41	TMEM43;VPS4B;NEMP1;CDK1;SPAST;LMNB1;TOR1B;RCC1;REEP4;BANF1;VRK1;CHMP7;NUP93	TUB	GO_BP	no_proc_ieg	10347
GOBP_INTERFERON_ALPHA_PRODUCTION	1.6324320087589945	0.011235955056179775	0.08031238195920025	8/22	TLR3;TLR7;NMI;IFIH1;IRF7;RIGI;TLR8;NMB	TUB	GO_BP	no_proc_ieg	10347
GOBP_MITOTIC_SISTER_CHROMATID_COHESION	1.6296685793078967	0.024271844660194174	0.08223963884894848	5/17	CDC20;DSCC1;NAA10;RB1;MACROH2A1	TUB	GO_BP	no_proc_ieg	10347
GOBP_POSITIVE_REGULATION_OF_RESPONSE_TO_EXTERNAL_STIMULUS	1.6289083314519117	0.0	0.08246259622187485	127/453	NAGK;PYCARD;FADD;HLA-F;TYROBP;TLR3;FLOT1;CCL5;OAS1;CTSS;CX3CR1;LY96;CYBA;THBS1;TLR7;TPBG;MYD88;NMI;PERP;IFI35;TLR5;MNDA;OAS3;CD300A;CD47;TLR1;IL33;IFIH1;VAMP8;TIAM1;LGALS1;IRF7;STX3;VEGFC;SASH1;LY86;ALOX5AP;CD1D;IFI16;PIK3CG;CCR1;COLEC12;AURKB;RPS19;SWAP70;C3;CARD8;RASGRP1;NCKAP1L;PAK2;CD36;FGF2;KARS1;IL15;GRN;CASP1;ABCC1;CAV1;CCR2;C3AR1;S1PR1;CCL19;STK39;TICAM1;RIGI;CX3CL1;HCK;RAC2;TRAF3IP3;TRIM25;CXCL13;NKG7;CD14;VAV1;TRIL;ADAM10;PLA2G7;RNF34;C5AR1;TSPAN6;UBE2K;NR1D1;IL18;PLSCR1;LRRC14;STK24;MMRN2;PARP1;NRP1;NPY5R;MDK;RSAD2;CPB2;CASP4;FABP4;PPT1;RAC1;TLR8;LTF;KCNJ8;CEBPA;SH2D1A;BANF1;MET;MAPK13;TRAF3;BRCC3;NOD2;CXCL10;CD74;HLA-E;TOMM70;DDX60;MOSPD2;GBP2;F2RL1;BECN1;P2RX4;TARBP2;ZDHHC18;CSNK1A1;PTK2;HYAL2;OSMR;RNF125;MED1;PLAT	TUB	GO_BP	no_proc_ieg	10347
GOBP_MITOTIC_CYTOKINETIC_PROCESS	1.6288086335854024	0.014308426073131956	0.08218987381929992	7/20	ECT2;NUP62;VPS4B;CEP55;RHOA;KIF20A;IQGAP1	TUB	GO_BP	no_proc_ieg	10347
GOBP_REGULATION_OF_RESPONSE_TO_ENDOPLASMIC_RETICULUM_STRESS	1.6286795674930832	0.004195804195804196	0.08197793693929728	13/60	LPCAT3;CLU;UBQLN2;DDRGK1;NFE2L2;BAX;NCK1;USP14;AGR2;CAV1;HYOU1;ERP29;ALOX5	TUB	GO_BP	no_proc_ieg	10347
GOBP_ESTABLISHMENT_OF_PROTEIN_LOCALIZATION_TO_MEMBRANE	1.6283355093241898	0.0012091898428053204	0.0818843523824171	63/169	GOLPH3L;TRAM2;GORASP2;SEC61B;CSK;RTP4;ATP13A1;ITGB2;ITGAM;RAB8B;BAX;BID;STX3;RAB31;SSR2;SEC61A1;VAMP5;AKAP5;VPS35;REEP1;STOM;ZDHHC7;NDUFA13;TRAM1;EMC6;TMCO1;ITGB1BP1;HRAS;RAB8A;ARHGAP44;EMC7;ASAP1;SDCBP;TOMM70;CAMLG;NSG1;ICMT;ZDHHC18;MTCH1;NSF;SEC61G;SCARB2;GOLGA7;GCC2;NCLN;NACA4P;LYPLA1;RAB3GAP1;HSPA4;SCRIB;RACK1;UBL4A;RAB7A;ATP6AP1;PREPL;SRP9;TIMM13;CLN3;MOAP1;MAL;NACAD;SSR1;TIMM9	TUB	GO_BP	no_proc_ieg	10347
GOBP_LIPID_STORAGE	1.6274516752782158	0.0013986013986013986	0.08222514844325671	15/68	PLA2G4C;ABCA1;HEXB;HILPDA;NFKB1;ITGB3;LIPA;GM2A;PLIN3;SCARB1;C3;CD36;PPARG;CAV1;SOAT1	TUB	GO_BP	no_proc_ieg	10347
GOBP_CENTROMERE_COMPLEX_ASSEMBLY	1.6245719519129809	0.016339869281045753	0.08398216746568697	8/18	DLGAP5;RB1;ITGB3BP;CENPE;CENPA;MIS18A;OIP5;CENPF	TUB	GO_BP	no_proc_ieg	10347
GOBP_POSITIVE_REGULATION_OF_PROTEIN_CATABOLIC_PROCESS	1.6239459039211075	0.0	0.08416966208887425	25/142	LPCAT1;CLU;CDC20;UBQLN2;AURKA;DACT1;SOX17;DDRGK1;PLK2;RCHY1;TNFRSF1B;NFE2L2;VGLL4;CHFR;MYLIP;IL33;DTL;CSNK1D;PSEN1;VPS28;RBX1;VPS35;ADRA2A;CAV1;APC	TUB	GO_BP	no_proc_ieg	10347
GOBP_DENDRITIC_CELL_MIGRATION	1.6231741922742078	0.022187004754358162	0.08441302511951584	13/25	CCL5;PIK3CG;CCR1;EXT1;CCR5;CCR2;CCL19;ALOX5;TRPM4;ARHGEF5;CXCR2;CCR6;EPS8	TUB	GO_BP	no_proc_ieg	10347
GOBP_POSITIVE_REGULATION_OF_B_CELL_DIFFERENTIATION	1.6210773224030044	0.020634920634920634	0.08573257485252735	5/16	DDRGK1;NCKAP1L;INPP5D;IL7;CD27	TUB	GO_BP	no_proc_ieg	10347
GOBP_REGULATION_OF_TOLL_LIKE_RECEPTOR_4_SIGNALING_PATHWAY	1.620909447995953	0.021103896103896104	0.08550863973459627	10/19	FLOT1;IFI35;CD14;NR1D1;LTF;F2RL1;PTPN22;NINJ1;APPL1;SQSTM1	TUB	GO_BP	no_proc_ieg	10347
GOBP_ESTABLISHMENT_OF_PROTEIN_LOCALIZATION_TO_CHROMOSOME	1.6207901443588892	0.021311475409836064	0.08527136418352443	16/22	MACROH2A1;MACROH2A2;CCT6A;RUVBL2;DKC1;POT1;CCT4;CCT7;CCT3;WRAP53;BRCA2;ACD;SPIDR;CCT2;CCT8;NIPBL	TUB	GO_BP	no_proc_ieg	10347
GOBP_POSITIVE_REGULATION_OF_PROTEASOMAL_PROTEIN_CATABOLIC_PROCESS	1.6204000261069775	0.001394700139470014	0.08524301103434179	26/71	CLU;CDC20;UBQLN2;AURKA;DDRGK1;RCHY1;NFE2L2;CHFR;IL33;CSNK1D;PSEN1;RBX1;CAV1;BBS7;GABARAP;KEAP1;CEBPA;BCAP31;CSNK1A1;TMX1;CSNK1E;SOCS5;DAB2;FMR1;RACK1;PSMC4	TUB	GO_BP	no_proc_ieg	10347
GOBP_REGULATION_OF_MITOTIC_NUCLEAR_DIVISION	1.6201020511456694	0.003947368421052632	0.08513613817852476	36/90	ZWINT;CDC20;MAD2L1;AURKA;NUP62;NUSAP1;BUB1B;DLGAP5;CAV2;MAD1L1;ZWILCH;NDC80;CHEK1;RB1;AURKB;APC;TTK;SPC25;RCC1;CCNB1;NME6;PSMG2;BORA;CENPF;FBXO5;CDC23;ZNF207;UBE2C;ZW10;CDCA8;SPDL1;PIN1;BUB3;ATM;IK;CDC16	TUB	GO_BP	no_proc_ieg	10347
GOBP_INTERLEUKIN_1_PRODUCTION	1.6173292475373993	0.0041265474552957355	0.08710674140329923	20/75	TMED10;PYCARD;S100A13;CASP8;TYROBP;CX3CR1;MYD88;IFI16;ANXA1;CARD8;CD36;CASP1;CCL19;CX3CL1;NLRP2;PANX1;TLR8;GSTP1;NOD2;F2RL1	TUB	GO_BP	no_proc_ieg	10347
GOBP_POSITIVE_REGULATION_OF_POST_TRANSLATIONAL_PROTEIN_MODIFICATION	1.617144601177287	0.003952569169960474	0.08689297329153761	20/89	HDAC4;CDC20;RNF111;LAPTM5;PTTG1IP;RCHY1;NMI;CHFR;FANCI;PTEN;UBA2;SAE1;TANK;UBE2D1;RBX1;CAV1;TICAM1;MUL1;GNL3;DERL1	TUB	GO_BP	no_proc_ieg	10347
GOBP_COMPLEMENT_ACTIVATION_CLASSICAL_PATHWAY	1.615909928024531	0.01088646967340591	0.08754063623303981	8/27	CLU;SERPING1;C1QA;C1S;C1R;C3;C8G;IGHM	TUB	GO_BP	no_proc_ieg	10347
GOBP_MEIOSIS_I_CELL_CYCLE_PROCESS	1.6157491901824623	0.004016064257028112	0.08732315194510358	20/81	ZWINT;CDC20;CKS2;AURKA;AGO4;RAD51AP1;P3H4;BRIP1;PTTG1;NDC80;MYBL1;RAD51C;CDC25B;TOP2A;PTTG3P;PSMC3IP;RMI1;FOXJ3;MLH1;RAD54L	TUB	GO_BP	no_proc_ieg	10347
GOBP_REGULATION_OF_NATURAL_KILLER_CELL_ACTIVATION	1.614617235446935	0.017543859649122806	0.08779867522388742	10/22	TYROBP;RASGRP1;IL15;TICAM1;TOX;IL18;HLA-E;PIBF1;ZBTB1;PTPN22	TUB	GO_BP	no_proc_ieg	10347
GOBP_T_HELPER_2_CELL_DIFFERENTIATION	1.6140760999974246	0.025041736227045076	0.08794452170295694	6/16	CD86;ANXA1;HLX;MYB;ASCL2;IL18	TUB	GO_BP	no_proc_ieg	10347
GOBP_REGULATION_OF_GLIAL_CELL_MIGRATION	1.6114954673012611	0.01652892561983471	0.08982622172277135	6/16	RRAS;CX3CR1;TIAM1;CRKL;CCR2;CX3CL1	TUB	GO_BP	no_proc_ieg	10347
GOBP_LOCALIZATION_WITHIN_MEMBRANE	1.6095864956307513	0.0	0.09107921369237805	156/438	GOLPH3L;SNX3;RRAGC;TRAM2;GORASP2;SEC61B;CSK;CMTM6;FLOT1;RTP4;ARL6IP5;ATP13A1;ITGB2;CD2;ITGAM;ITGB3;RAB8B;NETO2;ITGA4;TPBG;TESC;TMBIM1;TM9SF1;GLRB;BAX;ATP9A;EIPR1;VAMP8;TIAM1;GPC4;BID;STX3;RAB31;RAB32;SSR2;SEC61A1;VAMP5;CACNB3;LMNB1;AKAP5;SH3GLB1;AGR2;CRKL;NMT1;VPS35;VPS26A;CAV1;PRKCH;FNTA;REEP1;EHD4;CPE;DOCK2;STOM;CD53;TNFAIP6;ZDHHC7;S100A10;STX8;ANKRD27;NDUFA13;PLS1;TRAM1;IFT20;CCDC88A;ADAM10;STX6;CCDC22;EMC6;TMCO1;ITGB1BP1;HRAS;RAB38;LZTFL1;RAB8A;EHD3;VPS35L;PIGR;ARHGAP44;ITGA3;AGRN;LDLRAP1;RELN;RAC1;EMC7;ASAP1;CRK;NDC1;SDCBP;TOMM70;FARP1;CAMLG;GBP1;FYB1;NSG1;RAB35;ICMT;ZDHHC18;MTCH1;NSF;STXBP1;SEC16A;LYPD1;SEC23A;BSG;EXOC2;SEC61G;EXOC1;SCARB2;GOLGA7;GCC2;STX7;CD81;EFR3A;EMP2;NCLN;NACA4P;LYPLA1;RAB3GAP1;HSPA4;SCRIB;APPL1;NLGN1;DAB2;NUP155;SNX7;FGF13;RACK1;RABEP1;UBL4A;CCDC93;AP2M1;SQSTM1;RAB7A;ATP6AP1;PREPL;RAPGEF6;SRP9;PSMD10;TIMM13;RAB29;CLN3;MOAP1;RAB11FIP2;MAL;CDH2;NACAD;SSR1;TIMM9;ARL4C;PACS1;TM9SF3;BAG4;INPP5F;LMTK2;PSAP	TUB	GO_BP	no_proc_ieg	10347
GOBP_PHAGOCYTOSIS_ENGULFMENT	1.6090174454978279	0.017804154302670624	0.09118557354850641	17/37	ABCA1;ITGB2;ITGAM;THBS1;CD300A;RAB31;C3;NCKAP1L;CD36;CLCN3;RAC1;ARHGAP25;MYH9;ELMO1;F2RL1;BECN1;FCGR2B	TUB	GO_BP	no_proc_ieg	10347
GOBP_GOLGI_ORGANIZATION	1.6071622350208217	0.001364256480218281	0.09249607673467262	32/88	GOLPH3L;TMED10;GORASP2;CDK1;RAB33B;CSNK1D;VCPIP1;ARMH3;RAB8A;EHD3;BET1;USP6NL;HIKESHI;VRK1;CSNK1A1;MAP2K1;SEC16A;ARL1;COG2;TRIP11;TMED3;PRKD1;GCC2;ZW10;TMED9;MAPK1;YIPF4;PDCD10;YWHAZ;RAB1B;STX18;RAB29	TUB	GO_BP	no_proc_ieg	10347
GOBP_PROTEIN_LOCALIZATION_TO_ENDOPLASMIC_RETICULUM	1.607085936962012	0.01188707280832095	0.09219375717344303	23/46	TRAM2;SEC61B;KDELR2;DDRGK1;SEC61A1;KDELR3;TRAM1;BCAP29;BCAP31;VPS54;SEC16A;SEC61G;SPCS1;SPCS3;RAB3GAP1;UBL4A;KDELR1;SRP9;BTF3;GPAA1;MAN1A1;SRP14;SRP54	TUB	GO_BP	no_proc_ieg	10347
GOBP_ADAPTIVE_IMMUNE_RESPONSE_BASED_ON_SOMATIC_RECOMBINATION_OF_IMMUNE_RECEPTORS_BUILT_FROM_IMMUNOGLOBULIN_SUPERFAMILY_DOMAINS	1.6069889632106653	0.0	0.09194383778882291	61/231	FADD;HLA-B;CLU;SERPING1;HLA-F;BTN3A2;MICB;HLA-DRB1;AHR;B2M;MYD88;TNFRSF1B;C1QA;HLA-DRA;IL33;HLA-A;C1S;HLA-C;IRF7;CD1D;ANXA1;C1R;FCER1G;SWAP70;C3;HLX;NCKAP1L;PTPN6;INPP5D;C8G;IGHM;IL1R1;CCR2;CD4;FCGR3B;CCL19;IL27RA;ASCL2;CXCL13;STAT4;NBN;IGKC;IL18R1;CD8A;CD27;TRPM4;IL18;HRAS;FCER1A;MLH1;RSAD2;TAP2;CD40;TLR8;PLA2G4A;DUSP22;C1QB;MEF2C;NOD2;CD74;HLA-E	TUB	GO_BP	no_proc_ieg	10347
GOBP_LATE_ENDOSOME_TO_VACUOLE_TRANSPORT	1.6067475749997415	0.03896103896103896	0.09182420594448458	10/20	TMEM50A;VPS4B;LEPROTL1;UBAP1;VPS28;LEPROT;STAM;BECN1;CHMP7;TMEM50B	TUB	GO_BP	no_proc_ieg	10347
GOBP_ESTABLISHMENT_OF_PROTEIN_LOCALIZATION_TO_TELOMERE	1.6066369674939822	0.020134228187919462	0.09157753055239505	11/15	CCT6A;DKC1;POT1;CCT4;CCT7;CCT3;WRAP53;BRCA2;ACD;CCT2;CCT8	TUB	GO_BP	no_proc_ieg	10347
GOBP_SISTER_CHROMATID_COHESION	1.606263665185398	0.015432098765432098	0.09155928601897281	9/35	CDC20;BUB1B;DSCC1;RAD51C;NAA10;RB1;MACROH2A1;GTF2B;CTCF	TUB	GO_BP	no_proc_ieg	10347
GOBP_CELL_KILLING	1.6042660332905323	0.0	0.09296627143809655	43/160	FADD;HLA-B;HLA-F;TYROBP;CX3CR1;MICB;CD2;GZMA;ITGAM;HLA-DRB1;B2M;MYD88;HLA-DRA;HLA-A;LYZ;HLA-C;CD1D;RPS19;C3;RASGRP1;NCKAP1L;PTPN6;GZMH;C8G;CXCL6;GZMB;FCGR3B;KLRB1;GRB2;NKG7;H2BC12;VAV1;IL18;APOL1;TAP2;CD59;LTF;SH2D1A;CRK;HLA-E;GBP2;F2RL1;GBP1	TUB	GO_BP	no_proc_ieg	10347
GOBP_INTERSTRAND_CROSS_LINK_REPAIR	1.603163955438193	0.012861736334405145	0.0935404928535406	9/27	FANCF;RAD51AP1;FANCI;DCLRE1C;FANCG;FIRRM;NEIL3;EXO5;FANCL	TUB	GO_BP	no_proc_ieg	10347
GOBP_REGULATION_OF_T_CELL_RECEPTOR_SIGNALING_PATHWAY	1.60313317520445	0.011851851851851851	0.0932176031337886	22/39	LAPTM5;LIPA;CD300A;PTPN6;BTN2A2;TRAT1;LCK;SH2D1A;DUSP22;GBP1;RPS3;PTPN22;CD81;CCR7;MALT1;RAB29;BCL10;PTPRJ;ELF1;PTPRC;PAWR;RELA	TUB	GO_BP	no_proc_ieg	10347
GOBP_REGULATION_OF_NUCLEASE_ACTIVITY	1.6019173713763144	0.020700636942675158	0.09397508691993745	6/18	OAS1;GZMA;OAS3;NPM1;ABCE1;PCNA	TUB	GO_BP	no_proc_ieg	10347
GOBP_CELL_CELL_ADHESION_MEDIATED_BY_INTEGRIN	1.6012879015822943	0.02593192868719611	0.09416741100567598	5/15	CCL5;VCAM1;ITGA4;SWAP70;CXCL13	TUB	GO_BP	no_proc_ieg	10347
GOBP_REGULATION_OF_TUMOR_NECROSIS_FACTOR_MEDIATED_SIGNALING_PATHWAY	1.6008574275711502	0.007183908045977011	0.09422326662887645	13/44	PYCARD;CASP8;LAPTM5;ZNF675;EXT1;CARD8;TNFRSF11B;TANK;CASP1;UBE2K;CASP4;GSTP1;F2RL1	TUB	GO_BP	no_proc_ieg	10347
GOBP_POSITIVE_REGULATION_OF_PEPTIDASE_ACTIVITY	1.6003348912566822	0.0025673940949935813	0.09432357762078138	31/118	PYCARD;FADD;CASP8;APAF1;ARL6IP5;PSENEN;CTSS;TNFSF15;DDRGK1;LAPTM5;PERP;BAX;BID;IFI16;CARD8;PPARG;TANK;GRN;CASP1;CASP2;CTSD;MUL1;PSME1;BCL2A1;TNFSF10;MBP;CLDN3;APH1A;PSME3;LCK;DIABLO	TUB	GO_BP	no_proc_ieg	10347
GOBP_T_HELPER_1_TYPE_IMMUNE_RESPONSE	1.600281152382737	0.013533834586466165	0.09401056585599396	15/36	HLA-DRB1;IL33;ANXA1;HLX;IL1R1;CCR2;CCL19;IL27RA;ASCL2;STAT4;IL18R1;IL18;HRAS;PLA2G4A;EBI3	TUB	GO_BP	no_proc_ieg	10347
GOBP_PYRIMIDINE_NUCLEOSIDE_TRIPHOSPHATE_METABOLIC_PROCESS	1.5992892611943679	0.020202020202020204	0.09452203461915443	9/16	NME1;DCTPP1;DTYMK;NME6;TYMS;NME5;CTPS2;ENTPD4;TBPL1	TUB	GO_BP	no_proc_ieg	10347
GOBP_MEMBRANE_BIOGENESIS	1.5992758779575	0.009900990099009901	0.09420372800432232	19/49	FLOT1;VPS4B;CAV2;PTEN;SPAST;CAV1;S100A10;RCC1;STX2;REEP4;BANF1;NLGN4X;ANXA2;CHMP7;ZNF750;EMP2;MAFB;UGCG;NLGN1	TUB	GO_BP	no_proc_ieg	10347
GOBP_VIRAL_PROTEIN_PROCESSING	1.5958476528404788	0.01866251944012442	0.09664969806398356	10/22	MGAT4B;ST6GALNAC4;MGAT2;GALNT1;MAN1B1;CSNK1A1;FUT8;ST3GAL2;SPCS1;SPCS3	TUB	GO_BP	no_proc_ieg	10347
GOBP_NEGATIVE_REGULATION_OF_PEPTIDYL_TYROSINE_PHOSPHORYLATION	1.5954981870540659	0.017350157728706624	0.09658028847156185	12/30	NF2;SAMSN1;CD300A;MVP;PTPN6;CAV1;DUSP22;PIBF1;HYAL2;CBL;SOCS1;SOCS5	TUB	GO_BP	no_proc_ieg	10347
GOBP_PYRIMIDINE_NUCLEOTIDE_BIOSYNTHETIC_PROCESS	1.5953607660184141	0.014729950900163666	0.09641005041736654	5/23	NME1;DCK;DTYMK;CMPK1;AK5	TUB	GO_BP	no_proc_ieg	10347
GOBP_LEUKOCYTE_CELL_CELL_ADHESION	1.590707756057165	0.0	0.10026606194946369	82/317	PYCARD;FADD;HLA-DMA;CSK;STK10;CCL5;VCAM1;ITGB2;CX3CR1;HLA-DRB1;LAPTM5;HLA-DOA;ITGA4;GFUS;B2M;SMARCE1;FUT4;HLA-DRA;EFNB2;RAG1;CD300A;HLA-DPA1;CD47;CD44;CD86;MAD1L1;HLA-A;SMARCD3;RHOA;LGALS1;NCK1;CD1D;ANXA1;EXT1;VSIG4;HLX;GCNT1;RASGRP1;VTCN1;NCKAP1L;PTPN6;IL15;BTN2A2;CAV1;CCR2;TNFRSF14;CD4;CCL19;AMBRA1;RAC2;ABL1;ASCL2;LAX1;ALOX5;IL7;VAV1;CASP3;GPNMB;ICOS;CD27;IL18;SELL;JAM2;MDK;HLA-DQB2;FGL2;PECAM1;LCK;HLA-DOB;SELP;DUSP22;SIRPG;HHLA2;NOD2;SOX4;CD74;HLA-E;HLA-DMB;EBI3;DUSP10;ACTL6A;RUNX3	TUB	GO_BP	no_proc_ieg	10347
GOBP_POSITIVE_REGULATION_OF_INTERFERON_ALPHA_PRODUCTION	1.590574066041191	0.014586709886547812	0.099990144623857	7/18	TLR3;TLR7;IFIH1;IRF7;RIGI;TLR8;NMB	TUB	GO_BP	no_proc_ieg	10347
GOBP_T_CELL_RECEPTOR_SIGNALING_PATHWAY	1.5901636719209586	0.003978779840848806	0.09994006459435216	32/109	CSK;BTN3A2;HLA-DRB1;CD3D;LAPTM5;LIPA;CD300A;HLA-A;TRAC;CACNB3;LCP2;PSEN1;VTCN1;PTPN6;INPP5D;CRKL;BTN2A2;TRAT1;BTN3A1;THEMIS2;ABL1;CD8A;EIF2B4;HRAS;SLC39A6;LCK;SH2D1A;DUSP22;HHLA2;BTN2A1;GBP1;FYB1	TUB	GO_BP	no_proc_ieg	10347
GOBP_REGULATION_OF_BIOLOGICAL_PROCESS_INVOLVED_IN_SYMBIOTIC_INTERACTION	1.589680804578473	0.004322766570605188	0.10003353001405303	17/44	SNX3;IFITM1;HLA-DRB1;TMPRSS4;TRIM21;P4HB;LGALS1;TRIM22;CAV1;CXCL6;CD4;TRIM25;LTF;ITGAV;CD74;F2RL1;TRIM68	TUB	GO_BP	no_proc_ieg	10347
GOBP_MITOTIC_NUCLEAR_DIVISION	1.5890956781970433	0.0	0.10021594410979952	74/195	ZWINT;CDC20;MAD2L1;AURKA;NUP62;KPNB1;NUSAP1;PRC1;BUB1B;VPS4B;DLGAP5;KIF11;NCAPG;CDK1;PSRC1;CAV2;MAD1L1;CEP55;RHOA;ZWILCH;NDC80;CHEK1;RB1;SPAST;AURKB;SMC4;MAP9;CENPE;APC;TTK;SPC25;WRAP73;RCC1;CCNB1;KIF2A;KIF18A;KIF4A;REEP4;NME6;EML3;PSMG2;CDT1;BORA;BANF1;TPX2;PIBF1;CENPF;BECN1;CDKN1B;SMARCA5;FBXO5;CHMP7;CDC23;NCAPG2;EPS8;SKA1;KIF14;ZNF207;UBE2C;ZW10;CDCA8;SPDL1;STAG1;PIN1;SMC2;BUB3;KIF25;MAPRE1;OFD1;MIS12;ATM;IK;WAPL;CDC16	TUB	GO_BP	no_proc_ieg	10347
GOBP_B_CELL_HOMEOSTASIS	1.5885143475702896	0.029185867895545316	0.10036732847702867	15/25	BAX;NCKAP1L;ABL1;CASP3;MEF2C;CD74;CAMLG;DOCK10;PPP2R3C;HIF1A;PKN1;IL7R;SOS1;RC3H2;BCL10	TUB	GO_BP	no_proc_ieg	10347
GOBP_CELL_JUNCTION_DISASSEMBLY	1.5874332790580776	0.01355421686746988	0.10098233818913328	7/23	MAP4K4;CX3CR1;ITGAM;C1QA;C3;PLXNC1;CX3CL1	TUB	GO_BP	no_proc_ieg	10347
GOBP_PROTEIN_INSERTION_INTO_ER_MEMBRANE	1.5873963886850575	0.022838499184339316	0.10067024931025753	9/19	TRAM2;SEC61A1;TRAM1;EMC6;TMCO1;EMC7;CAMLG;NCLN;UBL4A	TUB	GO_BP	no_proc_ieg	10347
GOBP_REGULATION_OF_ENDOCYTOSIS	1.5859152607727462	0.0	0.10168583118988746	52/209	SNX3;PYCARD;CLU;CSK;FLOT1;UBQLN2;CYBA;ITGB3;SYT11;B2M;EFNB2;CD300A;CD47;APOC1;SCARB1;RAB31;FCER1G;LMAN2;C3;AP2S1;ACTG1;PSEN1;VPS28;NCKAP1L;CD36;IL15;SMAP1;CD63;CAV1;EHD4;CCL19;DOCK2;MTMR2;HCK;ABL1;CD14;ANKFY1;PLSCR1;RUBCN;ATXN2;CD151;BMP2K;LDLRAP1;SYNJ2BP;PPT1;RAC1;SIRPG;NOD2;ITGAV;ANXA2;SDCBP;F2RL1	TUB	GO_BP	no_proc_ieg	10347
GOBP_DNA_UNWINDING_INVOLVED_IN_DNA_REPLICATION	1.5857027408264197	0.024077046548956663	0.1015528638909186	5/19	GINS3;MCM4;MCM5;MCM2;GINS2	TUB	GO_BP	no_proc_ieg	10347
GOBP_CELLULAR_RESPONSE_TO_INTERFERON_BETA	1.5851550115203308	0.02127659574468085	0.10167109754008656	7/19	TLR3;IFNAR1;OAS1;MNDA;IFI16;NDUFA13;UBE2K	TUB	GO_BP	no_proc_ieg	10347
GOBP_NEGATIVE_REGULATION_OF_IMMUNE_SYSTEM_PROCESS	1.5841456604698092	0.0	0.10231980590892219	108/363	COL3A1;FADD;HLA-B;SERPING1;HLA-F;TYROBP;TLR3;DTX4;OAS1;FN1;CX3CR1;HLA-DRB1;THBS1;AHR;PLK2;LAPTM5;HLA-DOA;SYT11;SAMSN1;NMI;ISG15;MNDA;OAS3;CD300A;IL33;TRIM21;CD86;MAD1L1;HLA-A;IFI16;ANXA1;ZNF675;CD96;AURKB;YTHDF3;RPS19;VSIG4;HLX;CARD8;TNFRSF11B;VTCN1;NCKAP1L;BANK1;PTPN6;EIF4E2;INPP5D;PPARG;BTN2A2;GRN;ADAR;CCR2;TNFRSF14;HCK;TNFAIP6;IL27RA;MUL1;ASCL2;CST7;IAPP;LAX1;CASP3;TAPBPL;TSPAN6;GPNMB;NR1D1;LRRC14;PARP1;NPY5R;CD68;MDK;FGL2;TTLL12;CD59;PPT1;TWIST1;HLA-DOB;LTF;CCN3;CEBPA;LST1;METTL3;SH2D1A;DUSP22;BANF1;LPXN;A2M;WDR41;NOD2;TRIM27;CRK;CD74;HLA-E;PIBF1;F2RL1;GBP1;TARBP2;ZDHHC18;CSNK1A1;DUSP10;RUNX3;RNF125;FCGR2B;KITLG;TMEM176A;RIN3;PSMA1;PLCL2;ATG5	TUB	GO_BP	no_proc_ieg	10347
GOBP_FACULTATIVE_HETEROCHROMATIN_FORMATION	1.5838182740750404	0.019637462235649546	0.10231518274910993	7/30	ATF7IP;EZH2;RRP8;DNMT1;MORC2;HDAC1;MACROH2A1	TUB	GO_BP	no_proc_ieg	10347
GOBP_POSITIVE_REGULATION_OF_CHOLESTEROL_EFFLUX	1.5831455855359415	0.03343949044585987	0.10262591736399115	5/20	PLTP;ABCA1;ABCA3;PPARG;CAV1	TUB	GO_BP	no_proc_ieg	10347
GOBP_RNA_EXPORT_FROM_NUCLEUS	1.58289357662572	0.013908205841446454	0.10250164365041368	25/55	NUP62;HHEX;DDX39A;POLDIP3;NUP85;NCBP2;UPF2;CPSF6;NUP107;NUP153;RAE1;THOC6;EIF4A3;THOC5;XPOT;THOC7;NUP93;AGFG1;CHTOP;NUP133;NUP155;FMR1;SMG1;MAGOH;XPO1	TUB	GO_BP	no_proc_ieg	10347
GOBP_CYTOCHROME_COMPLEX_ASSEMBLY	1.582285422505188	0.015748031496062992	0.10270100230917613	6/15	SCO2;CYBA;HCCS;COX10;TMEM223;COA3	TUB	GO_BP	no_proc_ieg	10347
GOBP_REGULATION_OF_ATTACHMENT_OF_SPINDLE_MICROTUBULES_TO_KINETOCHORE	1.5820387265046114	0.03403565640194489	0.1025167873928968	9/16	ECT2;CDK1;ZWILCH;AURKB;APC;CCNB1;BECN1;ZW10;CDCA8	TUB	GO_BP	no_proc_ieg	10347
GOBP_TELOMERE_MAINTENANCE	1.5817615372548548	0.002551020408163265	0.10238459603455709	51/103	NOP10;RPA1;DCLRE1C;RAD51C;SMARCAL1;RPA2;AURKB;NAT10;CCT6A;RUVBL2;PCNA;APEX1;DCP2;GNL3;NBN;SP100;PARP1;EXOSC10;TEP1;PPP1CA;FEN1;DKC1;POT1;PTGES3;ACTL6A;CCT4;NHP2;ACTR5;RUVBL1;CCT7;YLPM1;XRCC5;TINF2;ACTR8;MAPK1;CCT3;SMG1;EXO1;ATM;WRN;RAD50;WRAP53;MAP3K4;NFRKB;CCNE2;NEK2;BRCA2;TFPT;MCRS1;ACD;ATR	TUB	GO_BP	no_proc_ieg	10347
GOBP_CELLULAR_RESPONSE_TO_MOLECULE_OF_BACTERIAL_ORIGIN	1.5816114958879424	0.0	0.10220265632129164	46/174	PYCARD;ABCA1;CXCL1;CX3CR1;LY96;NFKB1;TSPO;SPON2;AHR;MYD88;TNFRSF1B;VIM;TLR1;CD86;IRF8;RHOA;SCARB1;CXCL9;SASH1;LY86;CARD8;LITAF;CD36;CCR5;CASP1;CXCL6;PAF1;PF4V1;TICAM1;CX3CL1;HCK;CXCL11;ABL1;CASP7;CXCL13;CD14;NR1D1;CDK4;PPBP;CD68;CD40;GSTP1;LTF;MEF2C;NOD2;CXCL10	TUB	GO_BP	no_proc_ieg	10347
GOBP_POSITIVE_REGULATION_OF_CELL_ADHESION	1.5786396554409081	0.0	0.10472778885309016	96/375	RRAS;CITED2;PYCARD;FADD;HLA-DMA;CSK;FLOT1;MAP4K4;CCL5;FN1;VCAM1;ITGB2;HLA-DRB1;ADGRG1;ITGB3;HLA-DOA;ITGA4;GFUS;B2M;SMARCE1;FUT4;ZFHX3;HLA-DRA;EFNB2;RAG1;ARPC2;HLA-DPA1;CD47;CD44;CD86;P4HB;HLA-A;SMARCD3;RHOA;LGALS1;STX3;NCK1;CD1D;ANXA1;LAMC1;FERMT1;HLX;GCNT1;RASGRP1;VTCN1;AGR2;NCKAP1L;CD36;PTPN6;CRKL;IL15;BTN2A2;CAV1;CCR2;TNFRSF14;CD4;CCL19;AMBRA1;CX3CL1;S100A10;ABL1;RHOD;CXCL13;ALOX5;APBB1IP;IL7;VAV1;ICOS;CD27;IL18;ITGB1BP1;NRP1;MDK;HLA-DQB2;VAV3;ITGA3;CSPG5;STK4;RAC1;LCK;HLA-DOB;SELP;SIRPG;HHLA2;NOD2;ITGAV;CRK;SOX4;CD74;HLA-E;HLA-DMB;EBI3;OLFM4;DUSP10;ACTL6A;RUNX3	TUB	GO_BP	no_proc_ieg	10347
GOBP_PROTEIN_INSERTION_INTO_MEMBRANE	1.5785376438602752	0.02365930599369085	0.10446702123596607	10/28	TRAM2;RTP4;BAX;SEC61A1;REEP1;TRAM1;EMC6;TMCO1;EMC7;CAMLG	TUB	GO_BP	no_proc_ieg	10347
GOBP_LEUKOCYTE_TETHERING_OR_ROLLING	1.5782535735984309	0.018575851393188854	0.10438967992262674	10/31	VCAM1;CX3CR1;ITGA4;FUT4;EXT1;GCNT1;CCR2;SELL;JAM2;SELP	TUB	GO_BP	no_proc_ieg	10347
GOBP_REGULATION_OF_CELL_CYCLE_PHASE_TRANSITION	1.5782052776455093	0.0	0.1040786453932684	70/297	ZWINT;UBD;CDC20;MAD2L1;AURKA;DACT1;TRIAP1;DDRGK1;PLK2;EZH2;NEK11;MUC1;DBF4;CRLF3;SMARCE1;BUB1B;VPS4B;DLGAP5;NAE1;CHFR;CDK1;NPM1;BRIP1;MAD1L1;SMARCD3;DTL;ZWILCH;PTEN;BID;BRCA1;NDC80;METTL13;RAD51C;CHEK1;ANXA1;RB1;MACROH2A1;RPA2;AURKB;CDC25B;CENPE;PTPN6;BTN2A2;APC;STK38;CASP2;PAF1;AVEN;AMBRA1;TTK;PSME1;SPC25;NBN;CDC7;GPNMB;BABAM1;CCNB1;CDK7;CDK4;ATF5;RRM1;RNASEH2B;PSME3;PSMG2;CDT1;INTS7;KLHL18;TAOK3;TMOD3;BRCC3	TUB	GO_BP	no_proc_ieg	10347
GOBP_TOLL_LIKE_RECEPTOR_SIGNALING_PATHWAY	1.578132356725466	0.011477761836441894	0.1038287806389053	18/54	TLR3;CTSS;LY96;TLR7;MYD88;TLR5;CD300A;TLR1;IRF7;CD36;TICAM1;LRRC14;TLR8;TRAF3;TNIP1;S100A9;RPS6KA3;BIRC2	TUB	GO_BP	no_proc_ieg	10347
GOBP_POSITIVE_REGULATION_OF_PROTEASOMAL_UBIQUITIN_DEPENDENT_PROTEIN_CATABOLIC_PROCESS	1.5779851165051637	0.009831460674157303	0.10362087393834532	14/51	CLU;CDC20;AURKA;DDRGK1;RCHY1;CHFR;IL33;CSNK1D;PSEN1;RBX1;BBS7;GABARAP;KEAP1;CEBPA	TUB	GO_BP	no_proc_ieg	10347
GOBP_INFLAMMATORY_RESPONSE_TO_WOUNDING	1.5776279082294782	0.0140625	0.10358129910509087	9/22	TLR3;TIMP1;IL33;PTPN6;PPARG;GRN;CCR2;ALOX5;MDK	TUB	GO_BP	no_proc_ieg	10347
GOBP_FIBROBLAST_PROLIFERATION	1.5745806231495558	0.010767160161507403	0.10608175334451271	23/81	COL3A1;CKS2;FN1;ITGB3;BAX;CD300A;CDK1;CCNA2;S100A6;FTH1;MYB;CAV1;B4GALT7;ABL1;IFI30;CCNB1;CDK4;HRAS;RNASEH2B;GSTP1;KCNJ8;CD74;PTGES3	TUB	GO_BP	no_proc_ieg	10347
GOBP_NEGATIVE_REGULATION_OF_RELEASE_OF_CYTOCHROME_C_FROM_MITOCHONDRIA	1.5738242483195426	0.01854974704890388	0.10645540142827917	4/15	CLU;PPIF;TRIAP1;FXN	TUB	GO_BP	no_proc_ieg	10347
GOBP_RESPONSE_TO_BACTERIUM	1.5719053948562134	0.0	0.1078617470106374	119/481	SNX3;NAGK;PYCARD;HLA-B;CLDN1;CASP8;CFB;TLR3;IFNAR1;OAS1;ABCA1;IL10RA;SLPI;VCAM1;CXCL1;CX3CR1;GZMA;LY96;CYBA;ITGAM;HLA-DRB1;NFKB1;TSPO;SPON2;AHR;ANXA3;SYT11;B2M;MYD88;SHC1;TNFRSF1B;ISG15;VIM;RNASE6;OAS3;ADAMTS5;TLR1;CD86;IRF8;HLA-A;LOXL1;TRAC;RHOA;LYZ;IFI44;SCARB1;MMP7;CXCL9;RNASE1;MS4A1;SASH1;GPM6A;LY86;CD1D;CD96;COLEC12;FCER1G;RPS19;C3;CARD8;LITAF;WFDC2;PTGER2;BANK1;CD36;CCR5;PLAC8;GRN;CASP1;CAV1;IGHM;TNFRSF14;CXCL6;CD4;PAF1;PF4V1;TICAM1;CX3CL1;HCK;IL27RA;LCN2;CXCL11;ABL1;CASP7;CXCL13;H2BC12;DROSHA;CD14;CASP3;C5AR1;H2BC21;NR1D1;PPM1D;IL18;CDK4;PPBP;MMRN2;CD68;CLDN3;MLH1;TAP2;CCL20;CASP4;OAS2;FABP4;CD40;GSTP1;LTF;KCNJ8;SELP;IKZF3;MEF2C;NOD2;CXCL10;HLA-E;GBP2;CFD;F2RL1;GBP1	TUB	GO_BP	no_proc_ieg	10347
GOBP_REGULATION_OF_MITOTIC_CELL_CYCLE_PHASE_TRANSITION	1.5693192076777507	0.0	0.10992149429363048	62/238	ZWINT;UBD;CDC20;MAD2L1;AURKA;DACT1;TRIAP1;PLK2;EZH2;NEK11;MUC1;CRLF3;SMARCE1;BUB1B;VPS4B;DLGAP5;NAE1;CHFR;CDK1;MAD1L1;SMARCD3;DTL;ZWILCH;PTEN;BID;BRCA1;NDC80;RAD51C;CHEK1;ANXA1;RB1;RPA2;AURKB;CDC25B;CENPE;PTPN6;BTN2A2;APC;CASP2;AVEN;AMBRA1;TTK;PSME1;SPC25;NBN;CDC7;GPNMB;BABAM1;CCNB1;CDK7;CDK4;RRM1;RNASEH2B;PSME3;PSMG2;KLHL18;TAOK3;TMOD3;BRCC3;CENPF;CDKN1B;PKIA	TUB	GO_BP	no_proc_ieg	10347
GOBP_PROTEIN_LOCALIZATION_TO_GOLGI_APPARATUS	1.5671892529220433	0.014218009478672985	0.1116516229228324	9/22	GOLPH3L;TMED10;RAB33B;CSNK1D;IFT20;PAQR3;ARL1;GCC2;BICD2	TUB	GO_BP	no_proc_ieg	10347
GOBP_REGULATION_OF_PEPTIDASE_ACTIVITY	1.5662520181705313	0.0	0.11221812766969363	53/215	PSMB8;PYCARD;FADD;CASP8;CSTB;SERPING1;PSMB9;APAF1;TIMP1;ARL6IP5;PSENEN;CTSS;TNFSF15;THBS1;TRIAP1;DDRGK1;LAPTM5;PERP;SERPINE2;SERPINF1;BAX;CD44;CSTA;BID;IFI16;EPHA7;CARD8;PAK2;PPARG;TANK;GRN;CASP1;IFI6;CAV1;CASP2;LAMP3;CAAP1;CTSD;MUL1;PSME1;CST7;BCL2A1;TNFSF10;RNF34;MBP;CLDN3;TIMP2;APH1A;PSME3;LCK;LTF;SERPINI1;DIABLO	TUB	GO_BP	no_proc_ieg	10347
GOBP_T_CELL_ACTIVATION	1.5641776252121762	0.0	0.11383322720133009	104/421	PIK3R3;PYCARD;FADD;HLA-DMA;CASP8;CSK;CCL5;VCAM1;MICB;CD2;HLA-DRB1;CD3D;LAPTM5;HLA-DOA;LEPR;B2M;LIPA;SMARCE1;TNFRSF1B;HLA-DRA;EFNB2;RAG1;BAX;CD300A;HLA-DPA1;CD47;CD44;CD86;MAD1L1;HLA-A;TRAC;SMARCD3;RHOA;LGALS1;BID;NCK1;CD1D;ANXA1;PSMB10;PIK3CG;FCER1G;VSIG4;HLX;MYB;PSEN1;RASGRP1;VTCN1;NCKAP1L;PTPN6;IL15;BTN2A2;RBX1;CAV1;RUNX2;BTN3A1;CCR2;TNFRSF14;CD4;CCL19;DOCK2;AMBRA1;DDOST;RAC2;ABL1;ASCL2;LCP1;NKG7;STAT4;DROSHA;LAX1;TOX;IL18R1;APBB1IP;IL7;VAV1;FZD8;CASP3;GPNMB;CD8A;ICOS;CD27;IL18;CD151;MDK;HLA-DQB2;FGL2;RSAD2;LCK;HLA-DOB;METTL3;DUSP22;MYH9;IKZF3;SIRPG;HHLA2;IFNA16;NOD2;SOX4;CD74;HLA-E;HLA-DMB;SIT1;F2RL1;EBI3	TUB	GO_BP	no_proc_ieg	10347
GOBP_NEGATIVE_REGULATION_OF_ENDOTHELIAL_CELL_PROLIFERATION	1.5638448853912996	0.03186646433990895	0.11386481170413695	13/33	THBS1;VASH1;NR2F2;CAV2;TNMD;PPARG;CAV1;ALOX5;MMRN2;SYNJ2BP;ATP5IF1;MEF2C;SPARC	TUB	GO_BP	no_proc_ieg	10347
GOBP_DEFENSE_RESPONSE_TO_BACTERIUM	1.5633662982848144	0.0	0.11398933529604859	54/192	NAGK;PYCARD;TLR3;OAS1;SLPI;CYBA;NFKB1;SPON2;ANXA3;SYT11;MYD88;SHC1;ISG15;RNASE6;OAS3;ADAMTS5;IRF8;HLA-A;LYZ;MMP7;RNASE1;COLEC12;FCER1G;RPS19;WFDC2;CD36;PLAC8;GRN;CASP1;IGHM;TNFRSF14;CXCL6;CD4;IL27RA;LCN2;CASP7;CXCL13;H2BC12;DROSHA;C5AR1;H2BC21;IL18;PPBP;MMRN2;CCL20;CASP4;OAS2;LTF;SELP;NOD2;HLA-E;GBP2;F2RL1;GBP1	TUB	GO_BP	no_proc_ieg	10347
GOBP_CELLULAR_PIGMENTATION	1.562330751290642	0.022123893805309734	0.1146222283117898	10/38	ZEB2;AP1S2;CDH3;GPR143;RAB32;CD63;ANKRD27;BBS7;RAB38;HPS1	TUB	GO_BP	no_proc_ieg	10347
GOBP_POSITIVE_REGULATION_OF_VASCULATURE_DEVELOPMENT	1.5611359988948328	0.002551020408163265	0.11543626218794534	34/131	RRAS;SMAD1;TLR3;AGGF1;S100A1;CX3CR1;THBS1;CYBB;ITGB3;ANXA3;NFE2L2;VASH2;BRCA1;VEGFC;SASH1;C3;ITGB8;CDH5;FGF2;GRN;PKM;C3AR1;ABL1;C5AR1;CLIC3;MYDGF;NRP1;RLN2;MDK;RAPGEF3;CD40;TWIST1;JCAD;SP1	TUB	GO_BP	no_proc_ieg	10347
GOBP_NEGATIVE_REGULATION_OF_FIBROBLAST_PROLIFERATION	1.5600145388671143	0.0234375	0.1160844883469718	7/20	BAX;CD300A;FTH1;CAV1;B4GALT7;IFI30;GSTP1	TUB	GO_BP	no_proc_ieg	10347
GOBP_INTRINSIC_APOPTOTIC_SIGNALING_PATHWAY_IN_RESPONSE_TO_DNA_DAMAGE_BY_P53_CLASS_MEDIATOR	1.5598148277117856	0.025297619047619048	0.11591571101581036	6/33	DYRK2;PYCARD;TRIAP1;MUC1;CD44;IFI16	TUB	GO_BP	no_proc_ieg	10347
GOBP_POSITIVE_REGULATION_OF_LEUKOCYTE_ADHESION_TO_VASCULAR_ENDOTHELIAL_CELL	1.5592411304338492	0.030015797788309637	0.11619756912372022	9/24	ITGB2;ITGA4;FUT4;RHOA;GCNT1;CCR2;ALOX5;MDK;SELP	TUB	GO_BP	no_proc_ieg	10347
GOBP_REGULATION_OF_UBIQUITIN_DEPENDENT_PROTEIN_CATABOLIC_PROCESS	1.5589311216276038	0.0025412960609911056	0.11620050861919004	29/110	CLU;CDC20;AURKA;DDRGK1;LAPTM5;RCHY1;NFE2L2;PBK;CHFR;IL33;PTEN;CSNK1D;USP14;PSEN1;RBX1;RNF139;BBS7;UBE2K;CCDC22;GABARAP;KEAP1;TAF9;CEBPA;TGFB1I1;GNA12;BCAP31;CAMLG;CSNK1A1;PTK2	TUB	GO_BP	no_proc_ieg	10347
GOBP_INTEGRIN_MEDIATED_SIGNALING_PATHWAY	1.5584764263947306	0.008032128514056224	0.11631807249748562	34/89	COL3A1;TIMP1;FN1;ITGB2;ITGAM;ITGB3;ITGA4;SLC2A10;ISG15;CD47;CTNNA1;LAMC1;FERMT1;ITGB8;CD63;ITGAE;HCK;ABL1;ITGB6;VAV1;ADAM10;ITGB1BP1;NRP1;VAV3;ITGA3;MYH9;ITGAV;FYB1;PTK2;FUT8;ITGBL1;PRKD1;ITGA2;EMP2	TUB	GO_BP	no_proc_ieg	10347
GOBP_RESPONSE_TO_ENDOPLASMIC_RETICULUM_STRESS	1.5584053010152163	0.0023584905660377358	0.11602464189481744	50/189	LPCAT3;PDIA4;GORASP2;SEC61B;CLU;APAF1;FLOT1;NIBAN1;CERT1;UBQLN2;THBS1;DDRGK1;DERL2;NFE2L2;BAX;P4HB;SRPX;NCK1;TMEM258;ERMP1;CLGN;USP14;AGR2;CAV1;RNF139;PARP8;HYOU1;ABL1;TRIM25;PDIA6;ERP29;SDF2L1;DERL1;ALOX5;TMCO1;CASP4;MARCKS;UBE2J1;KCNJ8;MAN1B1;NOD2;NRBF2;BCAP31;ERO1A;MAN1C1;FCGR2B;SEC16A;TMX1;UBXN8;FAM8A1	TUB	GO_BP	no_proc_ieg	10347
GOBP_PYRIMIDINE_CONTAINING_COMPOUND_BIOSYNTHETIC_PROCESS	1.5577044016100559	0.0187207488299532	0.11644001882018284	6/31	NME1;DCK;TPK1;DTYMK;CMPK1;AK5	TUB	GO_BP	no_proc_ieg	10347
GOBP_REGULATION_OF_LIPID_STORAGE	1.556958227235277	0.02127659574468085	0.11685868038115353	9/38	ABCA1;HILPDA;NFKB1;ITGB3;PLIN3;SCARB1;C3;CD36;PPARG	TUB	GO_BP	no_proc_ieg	10347
GOBP_LEUKOCYTE_MIGRATION	1.5565552689632294	0.0	0.11687698170694717	94/305	PYCARD;FADD;STK10;CCL5;VCAM1;CXCL1;ITGB2;CX3CR1;THBS1;ITGB3;ITGA4;PPIB;MYD88;PERP;FUT4;CD300A;CD47;IL33;RHOA;CXCL9;VEGFC;ANXA1;PIK3CG;CCR1;CYP7B1;EXT1;FCER1G;RPS19;SWAP70;GCNT1;NCKAP1L;CCR5;CRKL;IL1R1;CCR2;C3AR1;TNFRSF14;CXCL6;S1PR1;CCL19;STK39;PF4V1;NUP85;CX3CL1;HCK;TNFAIP6;RAC2;IL27RA;CXCL11;MMP2;ABL1;ASCL2;CXCL13;ALOX5;VAV1;ADAM10;PLA2G7;C5AR1;CKLF;TRPM4;PPBP;ARHGEF5;SELL;JAM2;MDK;VAV3;ITGA3;PECAM1;CCL20;RAC1;LCK;CCN3;SELP;CCL18;MYH9;NOD2;CXCL10;CRK;CD74;MOSPD2;CXCR2;F2RL1;P2RX4;CCL11;PTK2;KITLG;CCR6;RIN3;BSG;EPS8;CXADR;HMOX1;CRTAM;FOLR2	TUB	GO_BP	no_proc_ieg	10347
GOBP_ORGANELLE_FISSION	1.5543888215884005	0.0	0.11874499879102275	111/318	ZWINT;CDC20;CKS2;MAD2L1;AURKA;AGO4;UCP2;RAD51AP1;NUP62;KPNB1;NUSAP1;PRC1;BUB1B;VPS4B;DLGAP5;KIF11;NCAPG;CHFR;P3H4;CDK1;PSRC1;BRIP1;CAV2;MAD1L1;PTTG1;CEP55;RHOA;ZWILCH;PTEN;NDC80;MARF1;MYBL1;RAD51C;CHEK1;RB1;SPAST;AURKB;CDC25B;SMC4;MAP9;TOP2A;CENPE;PPARG;VPS35;APC;PTTG3P;PSMC3IP;RMI1;ASPM;TTK;MUL1;MSX1;SPC25;WRAP73;RCC1;CCNB1;FOXJ3;KIF2A;MLH1;KIF18A;RAD54L;KIF4A;REEP4;COX10;NME6;TESMIN;EML3;PSMG2;CDT1;BORA;BANF1;TPX2;NDC1;ORC4;PIBF1;CENPF;BECN1;REC8;CDKN1B;SMARCA5;FBXO5;CHMP7;WASHC5;CDC23;NCAPG2;TDRKH;EPS8;TMCC1;SKA1;RAD54B;KIF14;ZNF207;UBE2C;ZW10;CDCA8;SPDL1;STAG1;MUS81;CCNB2;PIN1;SMC2;BUB3;KIF25;MAPRE1;OFD1;MIS12;ATM;IK;WAPL;CDC16;CCNA1	TUB	GO_BP	no_proc_ieg	10347
GOBP_CYTOPLASMIC_PATTERN_RECOGNITION_RECEPTOR_SIGNALING_PATHWAY	1.5542654424806852	0.0013227513227513227	0.11853524295236911	37/113	NAGK;PYCARD;TLR3;FLOT1;OAS1;TLR7;MYD88;OAS3;IFIH1;IRF7;COLEC12;AURKB;CARD8;CD36;CAV1;TICAM1;RIGI;TRAF3IP3;TRIM25;RNF34;TSPAN6;PARP1;RSAD2;PPT1;TLR8;KCNJ8;BANF1;BRCC3;NOD2;DDX60;GBP2;F2RL1;BECN1;TARBP2;ZDHHC18;CSNK1A1;RNF125	TUB	GO_BP	no_proc_ieg	10347
GOBP_MACROPHAGE_DIFFERENTIATION	1.5531221227234504	0.018361581920903956	0.11927341459494022	10/47	FADD;CASP8;HLA-DRB1;UCP2;MYD88;HCLS1;IL33;RB1;IL15;CD4	TUB	GO_BP	no_proc_ieg	10347
GOBP_MITOTIC_CELL_CYCLE_PHASE_TRANSITION	1.5530666027371134	0.0	0.11896866299100917	76/309	ZWINT;UBD;CDC20;CKS2;MAD2L1;AURKA;DACT1;TRIAP1;PLK2;EZH2;NEK11;MUC1;DBF4;CRLF3;SMARCE1;CDKN3;TPD52L1;BUB1B;VPS4B;DLGAP5;NAE1;CHFR;USP22;CDK1;MAD1L1;SMARCD3;DTL;CCNA2;ZWILCH;PTEN;BID;BRCA1;NDC80;FOXM1;RAD51C;CCNO;CHEK1;ANXA1;RB1;SPAST;RPA2;AURKB;CDC25B;TACC3;CENPE;PTPN6;BTN2A2;APC;CASP2;AVEN;AMBRA1;TAF10;TTK;PSME1;SPC25;NBN;RCC1;CDC7;MELK;GPNMB;BABAM1;CCNB1;PPM1D;CDK7;CDK4;RRM1;E2F3;CDC27;RNASEH2B;PSME3;PSMG2;CCNG2;KLHL18;TAOK3;TMOD3;BRCC3	TUB	GO_BP	no_proc_ieg	10347
GOBP_CELL_MATRIX_ADHESION	1.5527619520270153	0.0011862396204033216	0.1189517521915561	34/183	COL3A1;RRAS;MAP4K4;NF2;FN1;VCAM1;ITGB2;ITGAM;THBS1;ITGB3;ITGA4;GFUS;DDR1;CD44;NID2;RHOA;TIAM1;PTEN;CD96;CDH11;GPM6B;FERMT1;ITGB8;ACTG1;POSTN;CD36;CD63;ITGAE;SIGLEC1;CX3CL1;S100A10;ABL1;RHOD;ITGB6	TUB	GO_BP	no_proc_ieg	10347
GOBP_SPINDLE_ORGANIZATION	1.5527236238208473	0.0037220843672456576	0.1186497885086168	60/141	CDC20;SAC3D1;AURKA;PLK2;NUP62;KPNB1;PRC1;VPS4B;DLGAP5;KIF11;PSRC1;GPSM2;RHOA;PTEN;NDC80;HAUS6;GTF2B;SPAST;GNAI1;AURKB;MAP9;CSNK1D;TACC3;CENPE;MAP1S;ASPM;TTK;CCDC69;SPC25;WRAP73;RCC1;CCNB1;KIF2A;MLH1;KIF4A;INTS13;EML3;RAE1;BORA;MYH9;TPX2;PIBF1;RGS14;TRIM36;FBXO5;CHMP7;WASHC5;EML1;RPS3;HAUS3;ZNF207;CDCA8;KIZ;STAG1;CCNB2;DCTN1;MAPRE1;OFD1;TUBB;TUBGCP5	TUB	GO_BP	no_proc_ieg	10347
GOBP_ATTACHMENT_OF_SPINDLE_MICROTUBULES_TO_KINETOCHORE	1.552159089512621	0.01818181818181818	0.11881872744386655	20/36	ECT2;CDK1;MAD1L1;ZWILCH;NDC80;RB1;AURKB;CENPE;APC;SPC25;CCNB1;CDT1;BECN1;SKA1;ZNF207;ZW10;CDCA8;BUB3;MAPRE1;MIS12	TUB	GO_BP	no_proc_ieg	10347
GOBP_DNA_CONFORMATION_CHANGE	1.551854780043314	0.013888888888888888	0.11875989535049387	22/60	GINS3;RFC5;HHEX;MCM4;BRIP1;RFC2;MCM5;DSCC1;MCM2;TOP2A;RUVBL2;GINS2;RFC4;ABL1;NBN;ASCC1;POT1;RECQL;ASCC3;RUVBL1;XRCC5;RAD54B	TUB	GO_BP	no_proc_ieg	10347
GOBP_REGULATION_OF_PLASMINOGEN_ACTIVATION	1.5513632732562972	0.027287319422150885	0.11881728483844729	8/18	THBS1;SERPINE2;CTSZ;PLGRKT;S100A10;CPB2;ANXA2;PLAT	TUB	GO_BP	no_proc_ieg	10347
GOBP_ENDOSOMAL_TRANSPORT	1.551028338766945	0.0	0.11878980088148682	83/178	SNX3;TMEM50A;CMTM6;ABCA1;NF2;RAB8B;LAPTM4B;AP5S1;VPS4B;LEPROTL1;ATP9A;GOSR1;UBAP1;EIPR1;WASHC4;DENND5A;VPS28;AKAP5;SNX16;VPS35;VPS26A;EHD4;MTMR2;STX8;ANKRD27;ANKFY1;RAB9A;STX6;CCDC22;GOLT1B;RAB8A;EHD3;VPS35L;ARHGAP44;SNX2;LEPROT;STAM;TRIM27;BECN1;NSG1;RAB35;MAP2K1;VPS54;ARL1;CHMP7;WASHC5;CLN5;TMEM50B;REPS2;TMCC1;SCARB2;GCC2;ARFIP1;SNX1;EMP2;TMED9;MAPK1;SCRIB;DAB2;SNX7;DCTN1;CCDC93;SQSTM1;RAB7A;ATP6AP1;PREPL;RAB29;ARL4C;INPP5F;LMTK2;RAB11B;WASHC3;EEA1;RASSF9;ARL8B;SORT1;SNF8;RUFY1;CORO1C;CLTC;ALMS1;ACAP2;ITSN1	TUB	GO_BP	no_proc_ieg	10347
GOBP_ENDODERM_DEVELOPMENT	1.5496116181025499	0.013100436681222707	0.11974860771848601	20/66	FN1;ITGB2;SOX17;ITGA4;HSBP1;HDAC1;MACROH2A1;LAMB3;EXT1;LAMC1;PAF1;GRB2;MMP2;BRD3;COL5A2;MYH9;BPTF;ITGAV;MAP2K1;PELO	TUB	GO_BP	no_proc_ieg	10347
GOBP_GLIAL_CELL_PROLIFERATION	1.5487370080166927	0.0188953488372093	0.12032080857653436	11/43	CLU;NF2;TSPO;LEPR;IL33;VEGFC;RB1;MYB;PRKCH;CX3CL1;ASCL2	TUB	GO_BP	no_proc_ieg	10347
GOBP_PROTEIN_DNA_COMPLEX_ASSEMBLY	1.5481223478939337	0.0012468827930174563	0.12057404380581953	55/147	DLGAP5;TAF4;NPM1;RAD51C;SET;RB1;MACROH2A1;GTF2B;MACROH2A2;UBN1;MCM2;ITGB3BP;MED24;CENPE;CENPA;MIS18A;POLE3;TAF10;TCF4;ATAD2;MED6;H2BC21;MED21;TBP;ASF1A;MED16;MED17;CDT1;TAF9;MED20;OIP5;H1-10;TAF5;CENPF;H1-2;HEY2;SMARCA5;MED1;DR1;NAP1L4;BAZ1A;NAP1L3;NAP1L2;TAF7;H3C4;TSPYL5;MED7;POLR1E;NAP1L1;ASF1B;UBTF;TAF4B;GTF2A1;MIS12;CAND1	TUB	GO_BP	no_proc_ieg	10347
GOBP_MRNA_TRANSPORT	1.5480639050873053	0.013175230566534914	0.12026047586444481	31/79	NUP37;NUP62;HHEX;DDX39A;MVP;POLDIP3;NUP85;NCBP2;UPF2;NUP107;NUP153;RAE1;NUP50;THOC6;NDC1;EIF4A3;THOC5;THOC7;CETN3;NUP93;AGFG1;IGF2BP3;CHTOP;BICD2;NUP133;UPF3B;NUP155;FMR1;SMG1;MAGOH;XPO1	TUB	GO_BP	no_proc_ieg	10347
GOBP_REGULATION_OF_LYMPHOCYTE_MEDIATED_IMMUNITY	1.547579211754802	0.0012594458438287153	0.12044021568916981	45/134	FADD;HLA-B;HLA-F;MICB;HLA-DRB1;AHR;B2M;TNFRSF1B;HLA-DRA;HLA-A;HLA-C;CD1D;CD96;C3;RASGRP1;NCKAP1L;PTPN6;IL1R1;CCR2;KLRB1;IL27RA;IL18R1;VAV1;TRPM4;IL18;MLH1;RSAD2;TAP2;CD40;SH2D1A;DUSP22;NOD2;CRK;HLA-E;FCGR2B;NSD2;ZBTB1;CRTAM;LAMP1;STX7;CD81;KMT5B;GATA3;SERPINB9;MALT1	TUB	GO_BP	no_proc_ieg	10347
GOBP_CYTOKINE_MEDIATED_SIGNALING_PATHWAY	1.5473839777590717	0.0	0.12029774736888874	86/372	PYCARD;FADD;IFITM1;CASP8;HDAC4;IFNAR1;MX1;CCL5;OAS1;IL10RA;CXCL1;CX3CR1;PLP2;LAPTM5;LEPR;MYD88;AGPAT2;TNFRSF1B;ISG15;IFI27;HCLS1;OAS3;TRIM44;CD44;IL33;P4HB;IFIH1;IL13RA1;CXCL9;IRF7;ZNF675;CCR1;EXT1;YTHDF3;FCER1G;CARD8;TNFRSF11B;PTPN6;CCR5;EIF4E2;PPARG;TANK;IL15;CASP1;CAV1;ADAR;IL1R1;CCR2;TNFRSF14;CXCL6;CD4;CCL19;STK39;PF4V1;CX3CL1;HCK;IL27RA;CXCL11;TNFRSF17;MUL1;CXCL13;STAT4;IL17RB;IL18R1;IL7;UBE2K;IL18;PPBP;SP100;ACKR1;TTLL12;CCL20;CASP4;OAS2;GSTP1;CEBPA;METTL3;CCL18;TRAF3;IFNA16;CXCL10;CD74;IFNGR2;CXCR2;F2RL1;EBI3	TUB	GO_BP	no_proc_ieg	10347
GOBP_LEUKOCYTE_PROLIFERATION	1.5465711563426925	0.0011273957158962795	0.12076896320118016	64/262	PYCARD;FADD;CLU;TYROBP;CCL5;VCAM1;HLA-DRB1;AHR;MYD88;LIPA;HHEX;TNFRSF1B;MNDA;BAX;CD300A;HLA-DPA1;IL33;CD86;MAD1L1;HLA-A;BID;NCK1;MS4A1;CD1D;ANXA1;PSMB10;PIK3CG;VSIG4;CD38;RASGRP1;VTCN1;NCKAP1L;PTPN6;INPP5D;IL15;BTN2A2;BTN3A1;CCR2;TNFRSF14;CCL19;DOCK2;TICAM1;CX3CL1;RAC2;ABL1;IL7;CASP3;GPNMB;IL18;CD151;VAV3;CD40;GSTP1;LST1;IKZF3;MEF2C;HHLA2;IFNA16;NMB;CD74;HLA-E;HLA-DMB;F2RL1;EBI3	TUB	GO_BP	no_proc_ieg	10347
GOBP_REGULATION_OF_LYMPHOCYTE_ACTIVATION	1.5453037180314737	0.0	0.12174118910660994	94/363	PYCARD;FADD;HLA-DMA;CSK;TYROBP;CCL5;VCAM1;CD2;HLA-DRB1;AHR;DDRGK1;LAPTM5;HLA-DOA;B2M;SAMSN1;MYD88;SMARCE1;TNFRSF1B;HLA-DRA;EFNB2;RAG1;MNDA;CD300A;HLA-DPA1;CD47;CD86;MAD1L1;HLA-A;SMARCD3;RHOA;LGALS1;BID;NCK1;CD1D;ANXA1;VSIG4;HLX;CD38;RASGRP1;VTCN1;NCKAP1L;BANK1;PTPN6;INPP5D;IL15;BTN2A2;CAV1;CCR2;TNFRSF14;CD4;CCL19;AMBRA1;TICAM1;RAC2;IL27RA;THEMIS2;ABL1;ASCL2;DROSHA;LAX1;TOX;IL7;VAV1;CASP3;GPNMB;ICOS;CD27;IL18;MLH1;MDK;HLA-DQB2;VAV3;FGL2;CD40;LCK;HLA-DOB;LST1;METTL3;DUSP22;IKZF3;MEF2C;SIRPG;HHLA2;NOD2;SOX4;CD74;HLA-E;HLA-DMB;SIT1;PIBF1;EBI3;DUSP10;ACTL6A;RUNX3	TUB	GO_BP	no_proc_ieg	10347
GOBP_NEGATIVE_REGULATION_OF_RESPONSE_TO_EXTERNAL_STIMULUS	1.543057989143863	0.0	0.12373433345845099	82/281	LPCAT3;HLA-B;SERPING1;HLA-F;DTX4;OAS1;IL10RA;MICB;HLA-DRB1;NFKB1;THBS1;AHR;PLK2;SYT11;NMI;TNFRSF1B;ISG15;SERPINE2;OAS3;PBK;IL33;TRIM21;TSPAN8;AOAH;HLA-A;PTEN;IFI16;RB1;NR1D2;CD96;AURKB;YTHDF3;RPS19;VSIG4;CARD8;PTPN6;CDH5;EIF4E2;PPARG;FGF2;GRN;VPS35;ADAR;HCK;TNFAIP6;MUL1;CST7;CXCL13;ALOX5;NR1D1;PARP1;NRP1;NPY5R;CLDN3;MDK;FGL2;TTLL12;SPP1;CPB2;PPP1R13L;GSTP1;LTF;CCN3;METTL3;BANF1;A2M;NOD2;ANXA2;CRK;HLA-E;TARBP2;ZDHHC18;TFPI;DUSP10;TRIM45;PLAT;FCGR2B;FAP;TMX1;RIN3;PSMA1;ATG5	TUB	GO_BP	no_proc_ieg	10347
GOBP_MRNA_EXPORT_FROM_NUCLEUS	1.5419065544737582	0.022889842632331903	0.12456929358751405	23/44	HHEX;DDX39A;POLDIP3;NUP85;NCBP2;UPF2;NUP107;RAE1;THOC6;EIF4A3;THOC5;THOC7;NUP93;AGFG1;CHTOP;NUP133;NUP155;FMR1;SMG1;MAGOH;XPO1;THOC1;MCM3AP	TUB	GO_BP	no_proc_ieg	10347
GOBP_NEGATIVE_REGULATION_OF_RECEPTOR_MEDIATED_ENDOCYTOSIS	1.540346091001663	0.03618421052631579	0.12588522770648589	11/22	UBQLN2;ITGB3;APOC1;PSEN1;MTMR2;ATXN2;RAC1;ITGAV;ANXA2;SDCBP;RIN3	TUB	GO_BP	no_proc_ieg	10347
GOBP_CERAMIDE_METABOLIC_PROCESS	1.539654046808109	0.00684931506849315	0.12633646883977095	26/72	CERT1;HEXB;ST6GALNAC4;NEU1;B4GALT5;GM2A;SPTLC2;PLPP2;ITGB8;DEGS1;SGMS1;PLA2G15;UGT8;SGPL1;B4GALT4;CERS4;ST3GAL5;SMPD2;ST3GAL2;PLPP1;ZNF750;SCARB2;ST8SIA4;ORMDL2;UGCG;ASAH1	TUB	GO_BP	no_proc_ieg	10347
GOBP_SUBSTANTIA_NIGRA_DEVELOPMENT	1.5389722356970936	0.01834862385321101	0.12668474179186118	14/32	S100A1;YWHAH;BASP1;RHOA;DYNLL1;FGF2;CKB;MBP;SEC16A;SYNGR3;G6PD;ATP5PB;COX6B1;CALM2	TUB	GO_BP	no_proc_ieg	10347
GOBP_REGULATION_OF_T_CELL_ACTIVATION	1.5379836941158747	0.0	0.12727184535606492	75/288	PYCARD;FADD;HLA-DMA;CSK;CCL5;VCAM1;CD2;HLA-DRB1;LAPTM5;HLA-DOA;B2M;SMARCE1;TNFRSF1B;HLA-DRA;EFNB2;RAG1;CD300A;HLA-DPA1;CD47;CD86;MAD1L1;HLA-A;SMARCD3;RHOA;LGALS1;BID;NCK1;CD1D;ANXA1;VSIG4;HLX;RASGRP1;VTCN1;NCKAP1L;PTPN6;IL15;BTN2A2;CAV1;CCR2;TNFRSF14;CD4;CCL19;AMBRA1;RAC2;ABL1;ASCL2;DROSHA;LAX1;TOX;IL7;VAV1;CASP3;GPNMB;ICOS;CD27;IL18;MDK;HLA-DQB2;FGL2;LCK;HLA-DOB;METTL3;DUSP22;SIRPG;HHLA2;NOD2;SOX4;CD74;HLA-E;HLA-DMB;SIT1;EBI3;DUSP10;ACTL6A;RUNX3	TUB	GO_BP	no_proc_ieg	10347
GOBP_INTRINSIC_APOPTOTIC_SIGNALING_PATHWAY_IN_RESPONSE_TO_DNA_DAMAGE	1.5377326996433764	0.00938337801608579	0.12717571167230735	19/80	DYRK2;PYCARD;CLU;TRIAP1;MUC1;TNFRSF1B;BAX;CRIP1;CD44;BID;BRCA1;IFI16;CASP2;ABL1;BCL2A1;MLH1;TAF9;CD74;ELL3	TUB	GO_BP	no_proc_ieg	10347
GOBP_POSITIVE_REGULATION_OF_DENDRITIC_SPINE_MORPHOGENESIS	1.5375167930840095	0.029275808936825885	0.12701286018119579	5/16	GPRASP3;DBN1;TIAM1;RELN;STAU2	TUB	GO_BP	no_proc_ieg	10347
GOBP_T_CELL_CYTOKINE_PRODUCTION	1.535479344996599	0.02157164869029276	0.12884697305353787	10/35	HLA-F;B2M;TNFRSF1B;HLA-A;IL1R1;CCR2;IL18R1;TRPM4;IL18;RSAD2	TUB	GO_BP	no_proc_ieg	10347
GOBP_REGULATION_OF_B_CELL_ACTIVATION	1.5348008138930838	0.0078125	0.12927693884457456	27/91	TYROBP;AHR;DDRGK1;LAPTM5;SAMSN1;MNDA;CD300A;CD38;NCKAP1L;BANK1;PTPN6;INPP5D;TICAM1;IL27RA;THEMIS2;IL7;CASP3;CD27;MLH1;VAV3;CD40;IKZF3;MEF2C;NOD2;CD74;FCGR2B;NSD2	TUB	GO_BP	no_proc_ieg	10347
GOBP_CELL_CYCLE_PHASE_TRANSITION	1.5336155119287023	0.0	0.13010200234036207	86/373	ZWINT;UBD;CDC20;CKS2;MAD2L1;AURKA;DACT1;TRIAP1;DDRGK1;PLK2;EZH2;NEK11;MUC1;DBF4;CRLF3;SMARCE1;CDKN3;TPD52L1;BUB1B;VPS4B;DLGAP5;NAE1;CHFR;USP22;CDK1;NPM1;BRIP1;MAD1L1;SMARCD3;DTL;CCNA2;ZWILCH;PTEN;BID;BRCA1;NDC80;FOXM1;METTL13;RAD51C;CCNO;CHEK1;ANXA1;RB1;MACROH2A1;SPAST;RPA2;AURKB;CDC25B;TACC3;CENPE;PTPN6;BTN2A2;APC;STK38;CASP2;PAF1;AVEN;AMBRA1;TAF10;TTK;PSME1;SPC25;NBN;RCC1;CDC7;MELK;GPNMB;BABAM1;CCNB1;PPM1D;CDK7;CDK4;ATF5;RRM1;E2F3;CDC27;RNASEH2B;PSME3;PSMG2;CDT1;INTS7;CCNG2;KLHL18;TAOK3;TMOD3;BRCC3	TUB	GO_BP	no_proc_ieg	10347
GOBP_MYELOID_LEUKOCYTE_MIGRATION	1.5332575103342339	0.0036101083032490976	0.13008177751606348	56/180	CCL5;CXCL1;ITGB2;CX3CR1;THBS1;PPIB;MYD88;PERP;FUT4;CD300A;CD47;CXCL9;VEGFC;ANXA1;PIK3CG;CCR1;FCER1G;RPS19;SWAP70;NCKAP1L;IL1R1;CCR2;C3AR1;CXCL6;CCL19;PF4V1;NUP85;CX3CL1;TNFAIP6;RAC2;CXCL11;MMP2;CXCL13;VAV1;PLA2G7;C5AR1;CKLF;PPBP;ARHGEF5;MDK;VAV3;PECAM1;RAC1;CCN3;CCL18;NOD2;CXCL10;CD74;MOSPD2;CXCR2;P2RX4;CCL11;PTK2;KITLG;RIN3;BSG	TUB	GO_BP	no_proc_ieg	10347
GOBP_NEGATIVE_REGULATION_OF_INTRINSIC_APOPTOTIC_SIGNALING_PATHWAY_IN_RESPONSE_TO_DNA_DAMAGE	1.5332073889751887	0.028744326777609682	0.12979371578401688	8/25	CLU;TRIAP1;MUC1;CD44;BID;TAF9;CD74;ELL3	TUB	GO_BP	no_proc_ieg	10347
GOBP_ENDOSOME_TRANSPORT_VIA_MULTIVESICULAR_BODY_SORTING_PATHWAY	1.5329600609840779	0.03442622950819672	0.12971625654187	10/23	TMEM50A;LAPTM4B;VPS4B;LEPROTL1;UBAP1;VPS28;LEPROT;STAM;CHMP7;TMEM50B	TUB	GO_BP	no_proc_ieg	10347
GOBP_APOPTOTIC_CELL_CLEARANCE	1.5301037221340434	0.03636363636363636	0.1324832796359291	11/32	TYROBP;THBS1;ITGB3;SCARB1;ANXA1;C3;CD36;CCR2;RAC1;ITGAV;BECN1	TUB	GO_BP	no_proc_ieg	10347
GOBP_STEROL_TRANSPORT	1.529472332719908	0.009510869565217392	0.1327329531014623	15/73	CLU;PLTP;ABCA1;NFKB1;TSPO;LIPA;VPS4B;LIPC;APOC1;SCARB1;ABCA3;CD36;PPARG;CAV1;SOAT1	TUB	GO_BP	no_proc_ieg	10347
GOBP_CELLULAR_RESPONSE_TO_BIOTIC_STIMULUS	1.5289853883328701	0.0	0.13289466778772122	54/193	PYCARD;APAF1;ABCA1;CXCL1;CX3CR1;LY96;NFKB1;TSPO;SPON2;AHR;MYD88;TNFRSF1B;VIM;TLR1;CD86;IRF8;RHOA;SCARB1;CXCL9;SASH1;LY86;CARD8;LITAF;CD36;CCR5;CASP1;CXCL6;PAF1;PF4V1;TICAM1;CX3CL1;HCK;CXCL11;ABL1;CASP7;CXCL13;CD14;TIGAR;NR1D1;CDK4;PPBP;TMCO1;CD68;CD40;GSTP1;LTF;MEF2C;NOD2;CXCL10;GBP2;CAPN2;FCGR2B;TNIP1;NOTCH2	TUB	GO_BP	no_proc_ieg	10347
GOBP_LYMPHOCYTE_COSTIMULATION	1.527575259999099	0.029850746268656716	0.1341282688965874	12/38	CSK;EFNB2;CD86;LGALS1;PTPN6;CAV1;TNFRSF14;CCL19;VAV1;ICOS;LCK;HHLA2	TUB	GO_BP	no_proc_ieg	10347
GOBP_POSITIVE_REGULATION_OF_PHAGOCYTOSIS	1.5275026592936	0.02514792899408284	0.13384951228260314	17/49	PYCARD;CYBA;CD47;RAB31;FCER1G;LMAN2;C3;NCKAP1L;CD36;IL15;DOCK2;SIRPG;NOD2;F2RL1;FCGR2B;CFP;ITGA2	TUB	GO_BP	no_proc_ieg	10347
GOBP_POSITIVE_REGULATION_OF_CELLULAR_EXTRAVASATION	1.5257382467069798	0.032520325203252036	0.13543026854803633	5/16	FADD;CD47;IL1R1;CCR2;MDK	TUB	GO_BP	no_proc_ieg	10347
GOBP_ENDODERM_FORMATION	1.5249743151578805	0.02127659574468085	0.13591504842830895	15/44	FN1;ITGB2;SOX17;ITGA4;HSBP1;MACROH2A1;LAMB3;PAF1;GRB2;MMP2;BRD3;COL5A2;MYH9;ITGAV;MAP2K1	TUB	GO_BP	no_proc_ieg	10347
GOBP_LIPOPOLYSACCHARIDE_MEDIATED_SIGNALING_PATHWAY	1.5249585994260961	0.017467248908296942	0.13556124256051733	17/42	LY96;MYD88;SCARB1;SASH1;LY86;CARD8;CD36;TICAM1;CX3CL1;HCK;CD14;LTF;MTDH;PTPN22;MAPK1;MALT1;PRDX2	TUB	GO_BP	no_proc_ieg	10347
GOBP_RIBONUCLEOPROTEIN_COMPLEX_BIOGENESIS	1.5245390562708354	0.0	0.13572298727878365	150/297	NOP10;AGO4;RPP40;EIF3J;NPM1;SNRPB;NIP7;BMS1;RRP8;POP5;RPS19;NAT10;ABCE1;METTL18;UTP11;RUVBL2;GTPBP4;SNRPF;ISG20;ADAR;ZNHIT3;TSR1;POP7;REXO4;DDX47;UTP25;RRP1B;DROSHA;COIL;CELF2;GEMIN2;MRM2;NOL11;URB2;EXOSC10;GEMIN4;AATF;WDR12;TAF9;SDAD1;SHQ1;GNL2;UTP14A;PUF60;UTP6;SNRPD2;SF3B2;DKC1;EIF4A3;TARBP2;PES1;CRNKL1;PTGES3;TSSC4;MTREX;EIF3G;DDX52;PRPF19;ISG20L2;NHP2;WDR3;SF3A1;DDX23;AIRIM;SNU13;CLP1;MAK16;RUVBL1;PAK1IP1;EIF3D;XRCC5;FTSJ3;NOL7;RBMX2;MPHOSPH6;SF1;FCF1;RPF1;GEMIN7;DDX27;RSL24D1;RNASEL;LSM6;DIMT1;NOL8;RPUSD2;ATM;PRPF18;SNIP1;CUL4B;EXOSC8;NVL;AFG2B;XPO1;RRN3;SNRNP200;RPS11;RPL35A;XAB2;SNRPD1;EFL1;STRAP;NGRN;RPP38;RPS16;NOL10;TSC1;EBNA1BP2;RPS21;HTATSF1;RIOK2;PRMT5;ATR;C1QBP;MTERF3;SF3B5;AGO3;SNRPD3;NOLC1;METTL5;PSIP1;CUL4A;FBL;USP16;UTP3;NUFIP1;SRSF10;DIS3;LUC7L3;U2AF2;EIF3I;EIF6;WDR77;LUC7L;SETX;EIF3H;SF3B4;EIF3L;RPL13A;DHX29;MCTS1;NOC4L;LSM2;TSR3;WBP11;RPP25;ZNHIT6;MRM3;ERAL1;HEATR1	TUB	GO_BP	no_proc_ieg	10347
GOBP_ENDOMEMBRANE_SYSTEM_ORGANIZATION	1.5236206883012442	0.0	0.13640639881994343	120/351	GOLPH3L;SNX3;LPCAT3;TRAM2;TMED10;GORASP2;CLU;FLOT1;ABCA1;CERT1;TMEM43;AP1S2;SYT11;LAPTM4B;SERPINE2;VPS4B;NEMP1;CDK1;UBAP1;CAV2;ESYT1;PTEN;RAB33B;STX3;MYOF;RAB22A;WASHC4;COLEC12;SPAST;SEC61A1;DEGS1;CSNK1D;LMNB1;VPS28;SH3GLB1;SHTN1;CAV1;RTN1;REEP1;TOR1B;S100A10;VCPIP1;CASP7;TMEM127;MYRF;SYNGR2;TRAM1;ARMH3;RCC1;STX6;ATP6V0C;CLCN3;PLSCR1;EMC6;TMCO1;RAB38;RAB8A;EHD3;STX2;BET1;USP6NL;HPS1;REEP4;HIKESHI;STAM;EMC7;REEP5;BANF1;ASAP1;MYH9;RETREG2;VRK1;ANXA2;CAMLG;CSNK1A1;MAP2K1;NSF;STXBP1;SEC16A;ARL1;CHMP7;COG2;WASHC5;NUP93;TMCC1;AGFG1;TRIP11;SCARB2;TMED3;PRKD1;FOLR2;COL5A1;GCC2;S100A9;EMP2;NCLN;ZW10;MAFB;UGCG;TMED9;MAPK1;RAB3GAP1;RTN3;YIPF4;NUP155;DOP1B;DCTN1;UBL4A;SQSTM1;PDCD10;RAB7A;YWHAZ;RAB1B;ATP6V0B;ATP6AP1;STX18;BIN2;TBPL1;RAB29;CLN3	TUB	GO_BP	no_proc_ieg	10347
GOBP_ZYMOGEN_ACTIVATION	1.5226836678025393	0.023222060957910014	0.13707072326632336	11/48	DHCR24;FADD;CASP8;THBS1;PERP;SERPINE2;IFI16;C1R;CTSZ;PLGRKT;S100A10	TUB	GO_BP	no_proc_ieg	10347
GOBP_GLYCOPROTEIN_BIOSYNTHETIC_PROCESS	1.5224410941423703	0.002372479240806643	0.13692755601700882	55/201	MGAT4B;DSE;C1GALT1C1;ST6GALNAC4;ALG9;B4GALT5;DPAGT1;SLC2A10;FUT4;ITM2C;DAD1;IL33;CANT1;TMEM258;POGLUT2;EXT1;GCNT1;PSEN1;MLEC;MGAT2;GALNT7;IL15;GALNT1;EOGT;RPN2;POFUT1;SOAT1;CCL19;B4GALT7;GALNT3;DDOST;DPM3;STT3A;ALG6;PLOD2;UGDH;GCNT3;HS2ST1;B4GALT4;EXT2;AATF;UBE2J1;FKTN;MAN1B1;PLOD3;GALNT2;TMEM165;ST8SIA1;MAN1C1;OGA;GALNT6;ST3GAL5;TNIP1;FUT8;ST3GAL2	TUB	GO_BP	no_proc_ieg	10347
GOBP_SMALL_GTPASE_MEDIATED_SIGNAL_TRANSDUCTION	1.522395560873144	0.0	0.13659875887675543	87/335	RRAGC;COL3A1;RRAS;DHCR24;FLOT1;ECT2;RGS19;MAP4K4;ABCA1;ADGRG1;PLK2;NUP62;LIPA;NRAS;COL1A2;GPR65;ARHGAP15;RASSF1;RHOC;RFXANK;RHOA;CCNA2;TIAM1;RAB33B;FOXM1;ARHGDIB;FAM13B;AMOT;CYFIP1;RB1;PIK3CG;RAP1GAP2;SWAP70;RASGRP1;DOK5;SHTN1;FGF2;CRKL;ARHGAP29;ADRA2A;SPRY1;FNTA;RAB33A;DOCK2;RAC2;GRB2;ABL1;RHOD;CCDC88A;RAB9A;VAV1;GIT2;ARHGEF5;HRAS;RAB38;NRP1;ARHGAP44;RASGRP2;GABARAP;RAPGEF3;VAV3;ITGA3;GNB1;SYNJ2BP;RELN;RAC1;MRAS;ARHGAP25;MET;STMN3;P2RY10;ITGAV;CRK;SDCBP;ELMO1;FARP1;ARHGAP17;GNA12;F2RL1;RAB35;CSNK1A1;RIT1;RAB15;RHOBTB1;ARHGEF3;NOTCH2;KITLG	TUB	GO_BP	no_proc_ieg	10347
GOBP_DNA_TEMPLATED_TRANSCRIPTION_TERMINATION	1.522351232535983	0.0464	0.13630227877511836	10/15	ZC3H4;SCAF8;TTF2;CAVIN1;ZMPSTE24;PRMT5;TTF1;MAZ;SETX;SCAF4	TUB	GO_BP	no_proc_ieg	10347
GOBP_REGULATION_OF_CELL_CYCLE_G2_M_PHASE_TRANSITION	1.521696792934771	0.0078125	0.13669565836333475	27/86	AURKA;VPS4B;NAE1;CHFR;CDK1;NPM1;SMARCD3;DTL;BRCA1;RAD51C;CHEK1;MACROH2A1;AURKB;CDC25B;AVEN;NBN;CDC7;BABAM1;CCNB1;CDK4;ATF5;RRM1;RNASEH2B;TAOK3;BRCC3;CENPF;PKIA	TUB	GO_BP	no_proc_ieg	10347
GOBP_ENDOTHELIAL_CELL_MIGRATION	1.5212371384954677	0.003745318352059925	0.13685137481343435	48/172	PIK3R3;RRAS;ZEB2;THBS1;PLK2;ITGB3;GFUS;ANXA3;VASH1;NFE2L2;EFNB2;SERPINF1;FSTL1;NR2F2;RHOA;SCARB1;VEGFC;SASH1;AMOT;ANXA1;PIK3CG;CDH5;PPARG;FGF2;SRPX2;GRN;MEOX2;PRCP;ABL1;CXCL13;ITGB1BP1;MMRN2;SP100;NRP1;SYNJ2BP;CD40;RAC1;CCN3;JCAD;MET;MYH9;LPXN;MEF2C;SP1;P2RX4;LGALS8;SPARC;PTK2	TUB	GO_BP	no_proc_ieg	10347
GOBP_B_CELL_DIFFERENTIATION	1.5202422539435307	0.009055627425614488	0.13758226142846164	30/113	PIK3R3;HDAC4;VCAM1;DDRGK1;EZH2;ITGA4;HHEX;RAG1;BAX;IRF8;LGALS1;MS4A1;DCLRE1C;NCKAP1L;PTPN6;INPP5D;ABL1;POU2AF1;IL7;CD27;IKZF3;IFNA16;ZBTB7A;FCGR2B;NOTCH2;PLCL2;ZBTB1;DOCK10;PPP2R3C;SLC25A5	TUB	GO_BP	no_proc_ieg	10347
GOBP_PLASMA_MEMBRANE_REPAIR	1.5199794932882729	0.03697749196141479	0.13749040571954502	8/18	SYT11;VPS4B;MYOF;S100A10;CASP7;MYH9;ANXA2;CHMP7	TUB	GO_BP	no_proc_ieg	10347
GOBP_REGULATION_OF_INTRINSIC_APOPTOTIC_SIGNALING_PATHWAY_IN_RESPONSE_TO_DNA_DAMAGE_BY_P53_CLASS_MEDIATOR	1.5195865804863395	0.04180064308681672	0.13759002030027784	6/15	TRIAP1;MUC1;CD44;TAF9;CD74;ELL3	TUB	GO_BP	no_proc_ieg	10347
GOBP_NEGATIVE_REGULATION_OF_IMMUNE_EFFECTOR_PROCESS	1.5181396979973758	0.014211886304909561	0.1389046927008859	28/92	HLA-B;SERPING1;HLA-F;CX3CR1;AHR;CD300A;IL33;HLA-A;ANXA1;CD96;RPS19;VSIG4;HLX;NCKAP1L;PTPN6;GRN;CCR2;ASCL2;FGL2;CD59;TWIST1;DUSP22;A2M;NOD2;CRK;HLA-E;DUSP10;FCGR2B	TUB	GO_BP	no_proc_ieg	10347
GOBP_REGULATION_OF_CYSTEINE_TYPE_ENDOPEPTIDASE_ACTIVITY	1.517834038100452	0.005284015852047556	0.13886758417656633	30/139	PYCARD;FADD;CASP8;PSMB9;APAF1;ARL6IP5;TNFSF15;THBS1;TRIAP1;LAPTM5;PERP;BAX;CD44;BID;IFI16;EPHA7;CARD8;PAK2;PPARG;CASP1;IFI6;CASP2;LAMP3;CAAP1;CTSD;MUL1;CST7;BCL2A1;TNFSF10;RNF34	TUB	GO_BP	no_proc_ieg	10347
GOBP_MODULATION_BY_SYMBIONT_OF_ENTRY_INTO_HOST	1.5169072720167196	0.01991465149359886	0.13950633596779757	11/39	SNX3;IFITM1;HLA-DRB1;TMPRSS4;TRIM21;P4HB;LGALS1;TRIM22;CAV1;CD4;TRIM25	TUB	GO_BP	no_proc_ieg	10347
GOBP_REGULATION_OF_CELL_CELL_ADHESION	1.5153505245741283	0.0	0.14097977783683635	89/372	CITED2;PYCARD;FADD;HLA-DMA;CSK;FLOT1;FXYD5;CCL5;NF2;VCAM1;ITGB2;HLA-DRB1;LAPTM5;HLA-DOA;ITGA4;B2M;SMARCE1;FUT4;HLA-DRA;EFNB2;SERPINE2;RAG1;CD300A;HLA-DPA1;CD47;CD44;CD86;MAD1L1;HLA-A;SMARCD3;RHOA;LGALS1;NCK1;CD1D;ANXA1;EPHA7;SWAP70;VSIG4;HLX;GCNT1;RASGRP1;VTCN1;NCKAP1L;SPINT2;PTPN6;GTPBP4;IL15;BTN2A2;CAV1;CCR2;TNFRSF14;CD4;CCL19;AMBRA1;CX3CL1;ABL1;ASCL2;CXCL13;LAX1;ALOX5;IL7;VAV1;CASP3;GPNMB;ICOS;CD27;IL18;MBP;MDK;HLA-DQB2;FGL2;LCK;HLA-DOB;METTL3;EPCAM;SELP;DUSP22;SIRPG;HHLA2;NOD2;SOX4;CD74;HLA-E;HLA-DMB;EBI3;DUSP10;ACTL6A;RUNX3;PTK2	TUB	GO_BP	no_proc_ieg	10347
GOBP_DOUBLE_STRAND_BREAK_REPAIR	1.5148921739657182	0.0	0.14118558005501763	78/198	RAD51AP1;SMARCE1;RPA1;MCM4;AP5S1;BRIP1;MCM5;FUS;SMARCD3;BRCA1;DCLRE1C;FOXM1;MARF1;RAD51C;SMARCAL1;CHEK1;XRCC4;RPA2;MCM2;RUVBL2;GINS2;RMI1;ABL1;PARPBP;NBN;CDC7;BABAM1;PARP1;MLH1;RAD54L;DEK;TWIST1;BRCC3;ZFYVE26;CYREN;FEN1;REC8;POT1;ACTL6A;RECQL;ZBTB7A;PRPF19;RNF138;NSD2;ACTR5;RUVBL1;PSMD14;XRCC5;RAD54B;WDR48;TDP2;KMT5B;MCM3;DCLRE1A;ACTR8;MUS81;TRRAP;PALB2;MAGEF1;ATM;IFFO1;WRN;RAD50;WRAP53;LIG3;SMCHD1;MORF4L2;RECQL5;REV3L;UIMC1;BRCA2;HTATSF1;PIAS4;AUNIP;KDM2A;ATR;SKP2;C1QBP	TUB	GO_BP	no_proc_ieg	10347
GOBP_AMYLOID_PRECURSOR_PROTEIN_CATABOLIC_PROCESS	1.5148547540226618	0.024853801169590642	0.14087576177299724	12/46	TMED10;DHCR24;CLU;PSENEN;PSEN2;PSEN1;RTN1;RTN2;ADAM10;CASP3;APH1A;SP1	TUB	GO_BP	no_proc_ieg	10347
GOBP_T_CELL_PROLIFERATION	1.5146288425609813	0.0035587188612099642	0.14076247304917336	35/163	PYCARD;FADD;CCL5;VCAM1;HLA-DRB1;LIPA;TNFRSF1B;BAX;HLA-DPA1;CD86;MAD1L1;HLA-A;BID;NCK1;CD1D;ANXA1;PSMB10;PIK3CG;VSIG4;RASGRP1;VTCN1;NCKAP1L;PTPN6;IL15;BTN2A2;BTN3A1;CCR2;TNFRSF14;CCL19;DOCK2;RAC2;ABL1;CASP3;GPNMB;IL18	TUB	GO_BP	no_proc_ieg	10347
GOBP_LIPID_IMPORT_INTO_CELL	1.5139300601858618	0.05348460291734198	0.14123303160221531	5/15	THBS1;LIPA;ACSL5;CD36;FABP3	TUB	GO_BP	no_proc_ieg	10347
GOBP_REGULATION_OF_CENTROSOME_CYCLE	1.5135172982327816	0.0413589364844904	0.1413280536247812	9/32	AURKA;PLK2;NUP62;VPS4B;NPM1;BRCA1;NAT10;CEP131;PLK4	TUB	GO_BP	no_proc_ieg	10347
GOBP_POSITIVE_REGULATION_OF_PRODUCTION_OF_MOLECULAR_MEDIATOR_OF_IMMUNE_RESPONSE	1.5134704567447654	0.009114583333333334	0.1410161581444694	26/103	PYCARD;HLA-F;TLR3;SPON2;TLR7;LAPTM5;B2M;MYD88;IL33;CD86;HLA-A;CD36;IL1R1;TNFRSF14;TICAM1;RIGI;IL18R1;IL18;MLH1;PANX1;RSAD2;CD40;NOD2;CD74;HLA-E;F2RL1	TUB	GO_BP	no_proc_ieg	10347
GOBP_REGULATION_OF_ANTIGEN_RECEPTOR_MEDIATED_SIGNALING_PATHWAY	1.513444675189576	0.033625730994152045	0.1406716728772473	27/49	LAPTM5;LIPA;CD300A;PTPN6;BTN2A2;PRKCH;TRAT1;LCK;SH2D1A;DUSP22;LPXN;GBP1;FCGR2B;PLCL2;FCMR;RPS3;PTPN22;CD81;CCR7;MALT1;RAB29;BCL10;PTPRJ;ELF1;PTPRC;PAWR;RELA	TUB	GO_BP	no_proc_ieg	10347
GOBP_REGULATION_OF_T_HELPER_1_TYPE_IMMUNE_RESPONSE	1.5132292532604223	0.028985507246376812	0.14058227741719925	11/25	IL33;ANXA1;HLX;IL1R1;CCR2;CCL19;IL27RA;ASCL2;IL18R1;IL18;PLA2G4A	TUB	GO_BP	no_proc_ieg	10347
GOBP_REGULATION_OF_DEFENSE_RESPONSE_TO_VIRUS	1.5126734040345746	0.033576642335766425	0.14083105658630915	13/39	APOBEC3G;PYCARD;MICB;TRIM44;TRIM22;IL15;RIGI;MUL1;FGL2;APOBEC3F;TRAF3;TOMM70;TARBP2	TUB	GO_BP	no_proc_ieg	10347
GOBP_POSITIVE_REGULATION_OF_NEUTROPHIL_MIGRATION	1.512569740060858	0.04608294930875576	0.140603574003975	12/28	PERP;FUT4;NCKAP1L;IL1R1;C3AR1;CCL19;RAC2;C5AR1;MDK;RAC1;CD74;MOSPD2	TUB	GO_BP	no_proc_ieg	10347
GOBP_POSITIVE_REGULATION_OF_LIPID_STORAGE	1.5125550553627676	0.057003257328990226	0.14025879862384857	6/18	HILPDA;NFKB1;PLIN3;SCARB1;C3;CD36	TUB	GO_BP	no_proc_ieg	10347
GOBP_REGULATION_OF_CELL_ADHESION_MEDIATED_BY_INTEGRIN	1.511736525781718	0.02180232558139535	0.14081031554482426	15/42	CCL5;ITGB3;MUC1;TESC;PIK3CG;FERMT1;SWAP70;NCKAP1L;PTPN6;CRKL;CXCL13;ITGB1BP1;LPXN;CRK;PTK2	TUB	GO_BP	no_proc_ieg	10347
GOBP_NEGATIVE_REGULATION_OF_ANTIGEN_RECEPTOR_MEDIATED_SIGNALING_PATHWAY	1.511038340536253	0.047692307692307694	0.1412411977149495	11/27	LAPTM5;CD300A;PTPN6;BTN2A2;SH2D1A;DUSP22;LPXN;GBP1;FCGR2B;PLCL2;PTPN22	TUB	GO_BP	no_proc_ieg	10347
GOBP_CELLULAR_RESPONSE_TO_TYPE_II_INTERFERON	1.5103321608328608	0.006993006993006993	0.14176107232799515	19/62	CLDN1;TLR3;CCL5;VIM;HLA-DPA1;CD47;IRF8;ACTG1;PPARG;CASP1;CD58;HCK;STX8;SP100;IFNGR2;GBP2;GBP1;MED1;STXBP1	TUB	GO_BP	no_proc_ieg	10347
GOBP_SPLICEOSOMAL_SNRNP_ASSEMBLY	1.5100262047025204	0.04309063893016345	0.14176862505259474	17/26	SNRPB;SNRPF;COIL;GEMIN2;GEMIN4;SNRPD2;TSSC4;PRPF19;GEMIN7;SNRPD1;STRAP;PRMT5;SNRPD3;SRSF10;WDR77;LSM2;GEMIN8	TUB	GO_BP	no_proc_ieg	10347
GOBP_CYTOKINESIS	1.5089679096836306	0.010139416983523447	0.14253998140009505	43/118	ANXA11;ECT2;AURKA;NUP62;NUSAP1;PRC1;VPS4B;RHOC;CEP55;RHOA;SPAST;AURKB;CDC25B;MAP9;SH3GLB1;CENPA;APC;SEPTIN2;KIF20A;IQGAP1;KIF4A;MYH9;ZFYVE26;ORC4;BECN1;RAB35;TRIM36;KLHL9;CHMP7;ATXN10;WASHC5;EXOC2;EXOC1;KLHL21;KIF14;JTB;CDCA8;CKAP2;PIN1;BBS4;E2F8;CDC6;CALM2	TUB	GO_BP	no_proc_ieg	10347
GOBP_PLASMA_LIPOPROTEIN_PARTICLE_CLEARANCE	1.5071281378780863	0.0286144578313253	0.14430037344368135	12/32	CSK;LIPA;LIPC;MYLIP;APOC1;SCARB1;CD36;SOAT1;VLDLR;LDLRAP1;CNPY2;ANXA2	TUB	GO_BP	no_proc_ieg	10347
GOBP_NEGATIVE_REGULATION_OF_DNA_TEMPLATED_TRANSCRIPTION_ELONGATION	1.50688297176526	0.04436860068259386	0.14420178306888823	7/15	EZH2;ZC3H4;PARP1;NELFB;NELFA;SUPT5H;RECQL5	TUB	GO_BP	no_proc_ieg	10347
GOBP_DENDRITIC_CELL_CHEMOTAXIS	1.5062473727389645	0.04983922829581994	0.14456567546992108	16/22	CCL5;PIK3CG;CCR1;CCR5;CCR2;CCL19;TRPM4;ARHGEF5;CXCR2;CCR6;CCR7;CCL21;GPR183;C1QBP;SLAMF8;CXCR4	TUB	GO_BP	no_proc_ieg	10347
GOBP_REGULATION_OF_SPINDLE_ORGANIZATION	1.5062460818593073	0.04153846153846154	0.14420931502172485	12/29	NUP62;VPS4B;PSRC1;GPSM2;GNAI1;MAP9;TACC3;EML3;RAE1;BORA;TPX2;CHMP7	TUB	GO_BP	no_proc_ieg	10347
GOBP_REGULATION_OF_CELLULAR_EXTRAVASATION	1.5051305719024317	0.03184713375796178	0.14507588430510268	10/33	FADD;ITGA4;FUT4;CD47;GCNT1;IL1R1;CCR2;IL27RA;MDK;SELP	TUB	GO_BP	no_proc_ieg	10347
GOBP_INTRINSIC_APOPTOTIC_SIGNALING_PATHWAY_BY_P53_CLASS_MEDIATOR	1.5041970030492877	0.02145922746781116	0.14580648230455603	10/56	DYRK2;PYCARD;TRIAP1;MUC1;PTTG1IP;PERP;BAX;CD44;RRP8;IFI16	TUB	GO_BP	no_proc_ieg	10347
GOBP_MEMBRANE_PROTEIN_ECTODOMAIN_PROTEOLYSIS	1.5037334341525563	0.0381791483113069	0.14606196557442233	11/37	TIMP1;PSENEN;TNFRSF1B;MMP7;PSEN2;PSEN1;ADRA2A;ADAM10;TIMP2;APH1A;MYH9	TUB	GO_BP	no_proc_ieg	10347
GOBP_RECOMBINATIONAL_REPAIR	1.5035935097373525	0.007653061224489796	0.14582711550392538	51/118	RAD51AP1;RPA1;MCM4;AP5S1;MCM5;FUS;BRCA1;RAD51C;CHEK1;RPA2;MCM2;RUVBL2;GINS2;RMI1;ABL1;PARPBP;NBN;CDC7;PARP1;RAD54L;ZFYVE26;FEN1;REC8;ACTL6A;RECQL;RNF138;RUVBL1;PSMD14;XRCC5;RAD54B;WDR48;MCM3;MUS81;TRRAP;PALB2;MAGEF1;ATM;WRN;RAD50;WRAP53;LIG3;SMCHD1;MORF4L2;RECQL5;REV3L;BRCA2;HTATSF1;PIAS4;AUNIP;SKP2;C1QBP	TUB	GO_BP	no_proc_ieg	10347
GOBP_GTP_METABOLIC_PROCESS	1.501626665578144	0.030595813204508857	0.147885748471985	8/15	NME1;RAB23;IMPDH1;GNAI3;NME6;NME5;MFN1;IMPDH2	TUB	GO_BP	no_proc_ieg	10347
GOBP_REGULATION_OF_PROTEIN_STABILITY	1.5013221039476676	0.0034965034965034965	0.14786415145283008	77/236	PYCARD;CLU;ATF7IP;TYROBP;CMTM6;FLOT1;P3H1;NF2;AURKA;DACT1;SOX17;DDRGK1;B4GALT5;TESC;PPIB;CTSA;TRIM44;RASSF2;CHFR;MYLIP;DAD1;TRIM21;PTEN;NDC80;CCT6A;RPAP3;RUVBL2;SH3GLB1;GTPBP4;GRN;VPS35;RNF139;PFN1;DDOST;UTP25;MUL1;MSX1;DPM3;DERL1;TRIM24;CASP3;IFI30;NR1D1;CDK7;TSPAN1;SPAG1;STK4;TAF9;SOX4;POLR2E;CAMLG;PTGES3;STXBP1;SEC16A;CCT4;TBX3;CRYAB;RUVBL1;GOLGA7;CCT7;LAMP1;BMP2;LAMP2;CD81;NAA15;ZNF207;NCLN;MAPK1;CCT3;USP33;GNAQ;PIN1;UBL4A;RPL23;PDCD10;MFSD1;YWHAZ	TUB	GO_BP	no_proc_ieg	10347
GOBP_TYPE_2_IMMUNE_RESPONSE	1.5012247184249392	0.033950617283950615	0.14760804051784143	17/35	IL33;CD86;ANXA1;HLX;MYB;CCR2;IL27RA;ASCL2;IL18;FCER1A;RSAD2;NOD2;CD74;CD81;IDO1;SOCS5;GATA3	TUB	GO_BP	no_proc_ieg	10347
GOBP_REGULATION_OF_PROTEOLYSIS	1.5007085759047243	0.0010775862068965517	0.14782822463266002	101/411	PSMB8;PYCARD;FADD;CLU;CASP8;CSTB;SERPING1;PSMB9;APAF1;CDC20;TIMP1;ARL6IP5;PSENEN;CTSS;UBQLN2;AURKA;TNFSF15;THBS1;TRIAP1;DDRGK1;LAPTM5;RCHY1;PERP;TNFRSF1B;NFE2L2;SERPINE2;SERPINF1;PBK;CHFR;BAX;CD44;IL33;CSTA;PRKACB;PTEN;BID;IFI16;EPHA7;CSNK1D;CARD8;USP14;PSEN1;PAK2;PPARG;TANK;GRN;CASP1;IFI6;RBX1;ADRA2A;CAV1;CASP2;CTSZ;LAMP3;IFT52;RNF139;CAAP1;CTSD;PLGRKT;S100A10;MUL1;PSME1;CST7;BCL2A1;TNFSF10;RNF34;BBS7;UBE2K;CCDC22;SPOP;MBP;CLDN3;GABARAP;KEAP1;CPB2;TIMP2;APH1A;PSME3;LCK;LTF;TAF9;CEBPA;SERPINI1;DIABLO;ATP5IF1;TGFB1I1;MYH9;TRAF3;ANXA2;CAST;GNA12;BCAP31;CAMLG;SERPINA3;CSNK1A1;PTK2;MTCH1;SERPINH1;PLAT;FGFR4;SERPINB1	TUB	GO_BP	no_proc_ieg	10347
GOBP_REGULATION_OF_LEUKOCYTE_PROLIFERATION	1.499568561366191	0.00477326968973747	0.14880557307158446	50/198	PYCARD;FADD;TYROBP;CCL5;VCAM1;HLA-DRB1;AHR;MYD88;HHEX;TNFRSF1B;MNDA;CD300A;HLA-DPA1;IL33;CD86;MAD1L1;HLA-A;BID;NCK1;CD1D;ANXA1;VSIG4;CD38;VTCN1;NCKAP1L;PTPN6;INPP5D;IL15;BTN2A2;CCR2;TNFRSF14;CCL19;TICAM1;RAC2;IL7;CASP3;GPNMB;IL18;VAV3;CD40;GSTP1;LST1;IKZF3;MEF2C;HHLA2;NMB;CD74;HLA-E;HLA-DMB;EBI3	TUB	GO_BP	no_proc_ieg	10347
GOBP_NEGATIVE_REGULATION_OF_LIPID_LOCALIZATION	1.4993832659022586	0.027314112291350532	0.14868740838840258	7/33	ABCA1;NFKB1;TSPO;THBS1;ITGB3;APOC1;PPARG	TUB	GO_BP	no_proc_ieg	10347
GOBP_REGULATION_OF_NEUTROPHIL_MIGRATION	1.4992746908358974	0.027982326951399118	0.14843868496873974	15/37	MYD88;PERP;FUT4;NCKAP1L;IL1R1;C3AR1;CCL19;TNFAIP6;RAC2;C5AR1;MDK;RAC1;NOD2;CD74;MOSPD2	TUB	GO_BP	no_proc_ieg	10347
GOBP_REGULATION_OF_LEUKOCYTE_ADHESION_TO_VASCULAR_ENDOTHELIAL_CELL	1.4978907708297582	0.04285714285714286	0.1497104340200235	9/28	ITGB2;ITGA4;FUT4;RHOA;GCNT1;CCR2;ALOX5;MDK;SELP	TUB	GO_BP	no_proc_ieg	10347
GOBP_REGULATION_OF_INFLAMMATORY_RESPONSE	1.4974209922687676	0.0	0.14989773381418955	71/277	LPCAT3;PYCARD;TLR3;CCL5;IL10RA;HLA-DRB1;NFKB1;AHR;TLR7;PLK2;SYT11;MYD88;NMI;IFI35;TNFRSF1B;PBK;CD47;IL33;AOAH;VAMP8;LGALS1;MGLL;ALOX5AP;ANXA1;RB1;PIK3CG;NR1D2;RPS19;C3;PTPN6;CDH5;PPARG;KARS1;IL15;GRN;CASP1;ABCC1;VPS35;IL1R1;CCR2;STK39;CX3CL1;HCK;TNFAIP6;TNC;CST7;NKG7;DROSHA;ALOX5;PLA2G7;NR1D1;IL18;NLRP2;NPY5R;MDK;PPP1R13L;CASP4;FABP4;GSTP1;CCN3;CEBPA;MAPK13;NOD2;HLA-E;DUSP10;HYAL2;TRIM45;OSMR;PSMA6;FCGR2B;TNIP1	TUB	GO_BP	no_proc_ieg	10347
GOBP_REGULATION_OF_POST_TRANSLATIONAL_PROTEIN_MODIFICATION	1.4973400238821974	0.0036540803897685747	0.14964104540721904	32/170	HDAC4;CDC20;P3H1;RNF111;MAD2L1;TSPO;LAPTM5;PPIB;PTTG1IP;RCHY1;NMI;ISG15;TRIM44;CHFR;TRIM21;FANCI;PTEN;SASH1;UBA2;SAE1;VPS28;TANK;GTPBP4;UBE2D1;RBX1;CAV1;COPS3;TICAM1;MUL1;ABL1;GNL3;DERL1	TUB	GO_BP	no_proc_ieg	10347
GOBP_DNA_REPAIR	1.4970970762376679	0.0	0.14957925804999675	158/399	FANCF;RNF111;RFC5;POLH;RAD51AP1;RCHY1;SMARCE1;RPA1;MCM4;WDHD1;AP5S1;TAF4;USP22;CDK1;NPM1;BRIP1;RFC2;MCM5;FUS;PCLAF;PTTG1;SMARCD3;FANCI;DTL;PMS1;BRCA1;DCLRE1C;FOXM1;MARF1;RAD51C;SMARCAL1;CHEK1;XRCC4;MACROH2A1;RPA2;NPAS2;MCM2;RUVBL2;GINS2;RBX1;PCNA;REXO4;GTF2H1;FANCG;RMI1;POLE2;TAF10;APEX1;NUDT1;RFC4;ABL1;VCPIP1;FIRRM;PARPBP;NEIL3;NBN;CDC7;TIGAR;TTF2;BABAM1;CDK7;PARP1;EXOSC10;ASF1A;MLH1;RAD54L;RRM1;EXO5;DEK;RNASEH2B;FANCL;TWIST1;TAF9;FAM111A;TAOK3;BRCC3;ZFYVE26;CEP164;CYREN;TAF5;FEN1;REC8;ASCC1;POT1;SMARCA5;ACTL6A;RECQL;ZBTB7A;PRPF19;RNF138;MSH6;NSD2;USP3;ACTR5;SUPT7L;MMS19;ASCC3;USP1;TAF7;ZBTB1;RUVBL1;PSMD14;RPS3;XRCC5;RAD54B;CSNK1E;WDR48;TDP2;KMT5B;MCM3;TRIM28;DCLRE1A;ACTR8;UBE2A;MUS81;FMR1;TRRAP;TRIP12;PALB2;SMG1;MAGEF1;EXO1;ATM;CUL4B;TAF6L;IFFO1;MBD4;FANCC;WRN;RAD50;ZMPSTE24;XAB2;NTHL1;WRAP53;PAXIP1;LIG3;SMCHD1;MORF4L2;RECQL5;PARK7;NFRKB;REV3L;POLI;UIMC1;BRCA2;TFPT;MCRS1;KIN;HTATSF1;PIAS4;AUNIP;KDM2A;ATR;SKP2;C1QBP;CHAF1B;MLH3;SF3B5	TUB	GO_BP	no_proc_ieg	10347
GOBP_DEFENSE_RESPONSE_TO_GRAM_POSITIVE_BACTERIUM	1.4964082585484002	0.026170798898071626	0.15003147864050412	19/65	PYCARD;MYD88;RNASE6;HLA-A;LYZ;MMP7;RNASE1;CD36;TNFRSF14;IL27RA;H2BC12;DROSHA;C5AR1;H2BC21;IL18;CASP4;NOD2;HLA-E;GBP2	TUB	GO_BP	no_proc_ieg	10347
GOBP_REGULATION_OF_MONOCYTE_CHEMOTAXIS	1.4962926588549894	0.052132701421800945	0.14979898182606438	8/16	CCL5;CX3CR1;CCR1;CCR2;PLA2G7;CCN3;CXCL10;MOSPD2	TUB	GO_BP	no_proc_ieg	10347
GOBP_GLYCOPROTEIN_METABOLIC_PROCESS	1.4953549861199988	0.004662004662004662	0.15056977425337273	64/242	MGAT4B;MAN2B1;DSE;C1GALT1C1;HEXB;ST6GALNAC4;ALG9;B4GALT5;DPAGT1;SLC2A10;FUT4;ITM2C;DAD1;IL33;GLB1;GNPTAB;CANT1;TMEM258;POGLUT2;EXT1;SGSH;GCNT1;PSEN1;MLEC;MGAT2;GALNT7;IL15;GALNT1;EOGT;RPN2;POFUT1;SOAT1;CCL19;B4GALT7;GALNT3;DDOST;DPM3;STT3A;AGA;ALG6;PLOD2;UGDH;GCNT3;HS2ST1;B4GALT4;EXT2;GUSB;AATF;MANBA;UBE2J1;FKTN;MAN1B1;PLOD3;HPSE;GALNT2;TMEM165;ST8SIA1;MAN1C1;OGA;GALNT6;ST3GAL5;TNIP1;FUT8;ST3GAL2	TUB	GO_BP	no_proc_ieg	10347
GOBP_PROTEIN_LOCALIZATION_TO_PLASMA_MEMBRANE	1.495316886615824	0.0	0.15025359817040976	65/194	GOLPH3L;GORASP2;CSK;FLOT1;ARL6IP5;TPBG;TESC;TMBIM1;VAMP8;STX3;RAB31;VAMP5;CACNB3;AKAP5;AGR2;VPS35;PRKCH;EHD4;ZDHHC7;S100A10;STX8;PLS1;IFT20;CCDC88A;ITGB1BP1;RAB8A;EHD3;ARHGAP44;ITGA3;LDLRAP1;ASAP1;GBP1;FYB1;NSG1;NSF;STXBP1;SEC16A;LYPD1;SEC23A;BSG;SCARB2;GOLGA7;GCC2;STX7;CD81;EFR3A;EMP2;LYPLA1;SCRIB;APPL1;DAB2;FGF13;RACK1;AP2M1;SQSTM1;RAB7A;ATP6AP1;PREPL;RAPGEF6;PSMD10;CLN3;RAB11FIP2;CDH2;PACS1;BAG4	TUB	GO_BP	no_proc_ieg	10347
GOBP_PROTEIN_MATURATION	1.4951174090833448	0.0	0.15012354589266247	99/379	PDIA4;DHCR24;FADD;CLU;CASP8;PRDX4;PPIC;PPIF;P3H1;PSENEN;CTSS;FKBP11;GZMA;THBS1;TMPRSS4;WIPF1;ITGB3;TESC;PPIB;B2M;PDIA5;PERP;SERPINE2;FXN;PPID;P4HB;PRKACB;MVP;SEC11A;IFI16;NAA10;NAA35;C1R;PSEN2;CLGN;CCT6A;CARD8;PSEN1;CDC123;RUVBL2;CPA3;GRN;CASP1;TBCB;CPE;TOR1B;CASP2;CTSZ;GZMB;IFT52;RNF139;HYOU1;PRCP;PLGRKT;AEBP1;S100A10;RP2;CST7;CASP7;PDIA6;ERP29;MYRF;F13A1;SACS;SDF2L1;LIPT1;ADAM10;PLA2G7;CASP3;QSOX1;TBCC;PARP1;VBP1;CPB2;CASP4;APH1A;MYH9;FAM111A;ANXA2;SOX4;CD74;CAST;GALNT2;TTC1;ERO1A;NFU1;PFDN4;ADAMTS3;PTGES3;SERPINH1;PLAT;CAPN2;CCT4;SELENOF;CLN5;YME1L1;MMS19;CRYAB;BCHE	TUB	GO_BP	no_proc_ieg	10347
GOBP_ATTACHMENT_OF_MITOTIC_SPINDLE_MICROTUBULES_TO_KINETOCHORE	1.493686395719853	0.047244094488188976	0.15144743821504847	11/19	CDK1;MAD1L1;NDC80;AURKB;CENPE;CDT1;BECN1;SKA1;CDCA8;MAPRE1;MIS12	TUB	GO_BP	no_proc_ieg	10347
GOBP_POSITIVE_REGULATION_OF_INFLAMMATORY_RESPONSE	1.4934936244280852	0.011857707509881422	0.15131518891262083	41/112	PYCARD;TLR3;TLR7;NMI;IFI35;CD47;IL33;VAMP8;LGALS1;ALOX5AP;PIK3CG;RPS19;C3;KARS1;IL15;GRN;CASP1;ABCC1;CCR2;CX3CL1;NKG7;PLA2G7;IL18;NPY5R;MDK;CASP4;FABP4;CEBPA;MAPK13;HLA-E;HYAL2;OSMR;TNIP1;PDCD4;S100A9;CD81;IDO1;SETD4;NINJ1;CCR7;S100A8	TUB	GO_BP	no_proc_ieg	10347
GOBP_NEGATIVE_REGULATION_OF_REGULATED_SECRETORY_PATHWAY	1.4929256788581338	0.05379746835443038	0.15161728932589855	5/18	HLA-F;CD300A;NCKAP1L;ADRA2A;CCR2	TUB	GO_BP	no_proc_ieg	10347
GOBP_LEUKOCYTE_CHEMOTAXIS	1.4925224712917642	0.007317073170731708	0.15173284493094744	57/182	CCL5;CXCL1;ITGB2;CX3CR1;THBS1;PPIB;PERP;CXCL9;VEGFC;ANXA1;PIK3CG;CCR1;CYP7B1;FCER1G;RPS19;SWAP70;NCKAP1L;CCR5;CCR2;C3AR1;CXCL6;S1PR1;CCL19;STK39;PF4V1;NUP85;CX3CL1;TNFAIP6;RAC2;CXCL11;MMP2;CXCL13;ALOX5;VAV1;ADAM10;PLA2G7;C5AR1;CKLF;TRPM4;PPBP;ARHGEF5;MDK;VAV3;RAC1;CCN3;CCL18;NOD2;CXCL10;CD74;MOSPD2;CXCR2;F2RL1;CCL11;PTK2;CCR6;RIN3;BSG	TUB	GO_BP	no_proc_ieg	10347
GOBP_NEGATIVE_REGULATION_OF_CELL_CYCLE_PROCESS	1.4918352154233792	0.0070921985815602835	0.15220835402659652	48/208	ZWINT;CDC20;MAD2L1;DACT1;TRIAP1;PLK2;EZH2;NEK11;MUC1;CRLF3;BUB1B;NAE1;CHFR;CDK1;NPM1;BRIP1;MAD1L1;DTL;ZWILCH;PTEN;BRCA1;NDC80;METTL13;CHEK1;NAA10;RB1;MACROH2A1;RPA2;AURKB;BTN2A2;APC;STK38;CASP2;AVEN;TTK;SPC25;NBN;GPNMB;BABAM1;CCNB1;ATF5;RNASEH2B;NME6;PSMG2;CDT1;INTS7;TAOK3;BRCC3	TUB	GO_BP	no_proc_ieg	10347
GOBP_NEGATIVE_REGULATION_OF_MITOTIC_CELL_CYCLE	1.4913374962947654	0.008631319358816275	0.15244187752399552	44/164	ZWINT;CDC20;MAD2L1;DACT1;TRIAP1;PLK2;EZH2;NEK11;MUC1;CRLF3;BUB1B;NAE1;CHFR;CDK1;MAD1L1;DTL;ZWILCH;PTEN;BRCA1;NDC80;CHEK1;RB1;RPA2;AURKB;BTN2A2;APC;CASP2;AVEN;TTK;ABL1;SPC25;NBN;GPNMB;BABAM1;CCNB1;ANGEL2;BRINP1;NME6;PSMG2;FZD3;TAOK3;BRCC3;CENPF;CDKN1B	TUB	GO_BP	no_proc_ieg	10347
GOBP_TELOMERE_ORGANIZATION	1.489058850772894	0.0050568900126422255	0.15483386015783046	53/119	NOP10;EZH2;RPA1;DCLRE1C;RAD51C;SMARCAL1;RPA2;AURKB;NAT10;CCT6A;RUVBL2;PCNA;APEX1;DCP2;GNL3;NBN;SP100;PARP1;EXOSC10;TEP1;PPP1CA;FEN1;DKC1;POT1;PTGES3;ACTL6A;CCT4;NHP2;ACTR5;RUVBL1;CCT7;H3C4;YLPM1;XRCC5;TINF2;ACTR8;MAPK1;CCT3;SMG1;EXO1;ATM;WRN;RAD50;WRAP53;MAP3K4;NFRKB;CCNE2;NEK2;BRCA2;TFPT;MCRS1;ACD;ATR	TUB	GO_BP	no_proc_ieg	10347
GOBP_POSITIVE_REGULATION_OF_MACROPHAGE_CHEMOTAXIS	1.4888989988266035	0.05472636815920398	0.15465802853864097	6/17	CCL5;THBS1;C3AR1;C5AR1;MDK;PTK2	TUB	GO_BP	no_proc_ieg	10347
GOBP_PHOSPHATIDYLCHOLINE_METABOLIC_PROCESS	1.4883152669669537	0.027900146842878122	0.15505401893002585	19/52	LPCAT1;LPCAT3;PLA2G4C;PLAAT4;LIPC;APOC1;SCARB1;LPGAT1;ABCA3;PLAAT1;PLA2G7;PLA2G15;FABP3;RAB38;PLA2G4A;CDS1;CAPN2;ABHD4;CETP	TUB	GO_BP	no_proc_ieg	10347
GOBP_POSITIVE_REGULATION_OF_CELLULAR_COMPONENT_BIOGENESIS	1.4882982089289511	0.0011025358324145535	0.1547179222315	87/363	PYCARD;CLU;CLDN1;ATF7IP;GPRASP3;FLOT1;MAP4K4;HOPX;ABCA1;NF2;TPBG;NUP62;MYD88;MNS1;PLEK2;FLRT3;ISG15;GPR65;VPS4B;ARPC2;BAX;CD47;RHOC;CAPG;PSRC1;GPSM2;RHOA;EVL;BID;NCK1;MORC2;GPM6A;CYFIP1;MMP1;FCHSD2;ABCA3;FERMT1;SWAP70;THBS2;SH3GLB1;NCKAP1L;CD36;ADNP;CDH5;COBL;SRPX2;OXTR;CAV1;APC;CCL19;AMBRA1;PFN1;WARS1;PLK4;CX3CL1;HCK;RAC2;TOGARAM1;GRB2;S100A10;ABL1;CXCL13;LCP1;WRAP73;IFT20;CCDC88A;ITGB1BP1;ARHGEF5;HRAS;FSCN1;NRP1;CLDN3;RAPGEF3;AGRN;RAC1;STAM;STAU2;ASAP1;MET;PHLDB1;BRCC3;SDCBP;GBP2;F2RL1;BECN1;FLRT2;CDKN1B	TUB	GO_BP	no_proc_ieg	10347
GOBP_CELL_CYCLE_G2_M_PHASE_TRANSITION	1.4880865142262734	0.007462686567164179	0.15460721379973458	34/116	AURKA;TPD52L1;VPS4B;NAE1;CHFR;USP22;CDK1;NPM1;SMARCD3;DTL;CCNA2;BRCA1;NDC80;FOXM1;RAD51C;CHEK1;MACROH2A1;AURKB;CDC25B;AVEN;NBN;CDC7;MELK;BABAM1;CCNB1;PPM1D;CDK4;ATF5;RRM1;RNASEH2B;TAOK3;BRCC3;CENPF;PKIA	TUB	GO_BP	no_proc_ieg	10347
GOBP_MAST_CELL_ACTIVATION	1.4879926438962356	0.027181688125894134	0.1543722151854267	14/46	S100A13;CD300A;VAMP8;PIK3CG;LCP2;RASGRP1;PTPN6;RAC2;PLSCR1;FCER1A;FCGR2B;STXBP1;CBL;PTGDR	TUB	GO_BP	no_proc_ieg	10347
GOBP_ENDOPLASMIC_RETICULUM_TO_GOLGI_VESICLE_MEDIATED_TRANSPORT	1.4864000537155888	0.0213903743315508	0.15585089372053573	42/91	TMED10;KDELR2;GOSR1;P4HB;SPAST;LMAN2;CSNK1D;RNF139;KDELR3;HYOU1;TRAPPC2;TFG;GOLT1B;ERGIC3;ARF4;BET1;BCAP29;SEC24D;COPB1;BCAP31;ERGIC2;SEC16A;SEC23A;TRIP11;TMED3;SCAP;COPB2;ZW10;TMED9;KLHL12;YIPF4;CREB3L2;MIA2;KDELR1;SCFD1;RAB1B;STX18;SEC24B;RAB29;CNIH4;RINT1;LMAN2L	TUB	GO_BP	no_proc_ieg	10347
GOBP_REGULATION_OF_CELL_MIGRATION_INVOLVED_IN_SPROUTING_ANGIOGENESIS	1.4863404184792148	0.0438871473354232	0.15556835644610048	12/32	THBS1;PLK2;RHOA;ANXA1;FGF2;SRPX2;MEOX2;ABL1;ITGB1BP1;MMRN2;NRP1;JCAD	TUB	GO_BP	no_proc_ieg	10347
GOBP_RESCUE_OF_STALLED_RIBOSOME	1.4862344949184794	0.044189852700491	0.15535234318982472	10/22	DDRGK1;TRIP4;RCHY1;ABCE1;EIF4E2;SAYSD1;PELO;ASCC3;GCN1;RACK1	TUB	GO_BP	no_proc_ieg	10347
GOBP_GLIAL_CELL_MIGRATION	1.4857282618364023	0.025423728813559324	0.15562545377648745	10/51	COL3A1;RRAS;HEXB;CX3CR1;TSPO;ADGRG1;TIAM1;CRKL;CCR2;CX3CL1	TUB	GO_BP	no_proc_ieg	10347
GOBP_GOLGI_VESICLE_TRANSPORT	1.484047811168753	0.0023923444976076554	0.1573822242807733	76/202	GOLPH3L;SNX3;TMED10;KDELR2;CSK;LAPTM5;ATP9A;COPZ1;GOSR1;P4HB;RAB33B;RAB31;SPAST;VAMP5;LMAN2;CSNK1D;RNF139;KDELR3;HYOU1;TRAPPC2;RP2;ANKFY1;TFG;STX6;CCDC22;GOLT1B;RAB8A;EHD3;ERGIC3;ARF4;AP1G2;VPS35L;BET1;BCAP29;SEC24D;SNX2;COPB1;ASAP1;BCAP31;ERGIC2;VPS54;NSF;SEC16A;COG2;SEC23A;EXOC2;EXOC1;TRIP11;TMED3;PRKD1;GOLGA7;GCC2;LAMP1;SCAP;SNX1;COPB2;ZW10;BICD2;TMED9;LYPLA1;KLHL12;YIPF4;RACK1;RABEP1;DOP1B;CREB3L2;CCDC93;MIA2;KDELR1;SCFD1;RAB1B;PREPL;STX18;SEC24B;RAB29;CLN3	TUB	GO_BP	no_proc_ieg	10347
GOBP_REGULATION_OF_B_CELL_DIFFERENTIATION	1.4837664367503698	0.05052005943536404	0.1573687361546184	7/25	DDRGK1;NCKAP1L;PTPN6;INPP5D;IL7;CD27;IKZF3	TUB	GO_BP	no_proc_ieg	10347
GOBP_NEGATIVE_REGULATION_OF_LIPID_TRANSPORT	1.4827887226778174	0.04276315789473684	0.15839822486583796	5/21	NFKB1;TSPO;THBS1;ITGB3;APOC1	TUB	GO_BP	no_proc_ieg	10347
GOBP_NEGATIVE_REGULATION_OF_PROTEIN_LOCALIZATION_TO_CELL_PERIPHERY	1.4795021196870275	0.055130168453292494	0.16220506309032975	8/20	CSK;TMBIM1;LZTFL1;GBP1;LYPD1;LYPLA1;DAB2;AP2M1	TUB	GO_BP	no_proc_ieg	10347
GOBP_REGULATION_OF_DNA_TEMPLATED_TRANSCRIPTION_ELONGATION	1.4764223119616662	0.021246458923512748	0.1657974061743764	25/65	EZH2;ZC3H4;INTS9;MED24;SCAF8;NCBP2;MED6;MED21;CCNK;PARP1;INTS13;MED16;MED17;INTS7;MED20;NELFB;ELL3;MED1;NELFA;CDK12;INTS8;MED7;INTS11;SUPT5H;CCNT2	TUB	GO_BP	no_proc_ieg	10347
GOBP_ESTABLISHMENT_OF_PROTEIN_LOCALIZATION_TO_ORGANELLE	1.4762833410743457	0.004395604395604396	0.16557892631549465	124/303	GOLPH3L;TRAM2;SEC61B;CLU;RAB23;ECT2;IL10RA;TSPO;RBM22;LAPTM5;RAB8B;PTTG1IP;NUP62;KPNB1;HCLS1;BAX;CDK1;UBAP1;IL33;GNPTAB;BID;MACROH2A1;SEC61A1;MACROH2A2;FERMT1;CCT6A;PSEN1;SAE1;VPS28;RUVBL2;SH3GLB1;CD36;SNX16;LAMP3;NUP85;RAC2;NDUFA13;TRAM1;CD68;NUP107;NUP153;E2F3;LEPROT;KPNA2;IPO4;HIKESHI;EIF4ENIF1;STK4;STAM;ATP5IF1;NUP50;CSE1L;DKC1;TOMM70;BCAP31;BECN1;PKIA;POT1;KPNA3;HYAL2;MTCH1;MED1;VPS41;VPS54;CCT4;MDFIC;SEC61G;NUP93;LAMP5;CBL;SCARB2;PRKD1;SPCS1;CCT7;GCC2;LAMP1;LAMP2;PPP3R1;SPCS3;TRIM28;VPS8;RAB3GAP1;HSPA4;CCT3;SCRIB;NUP133;APPL1;NUP155;NCOA4;UBL4A;RPL23;FAM53C;SQSTM1;RAB7A;UBE2L3;SRP9;ZPR1;TRIM37;SREBF1;TIMM13;NEDD4;MOAP1;TIMM9;PHB2;WRAP53;EP300;BAG4;GDAP1;MAN1A1;TIMM22;RALA;SRP14;SRP54;STK3;BRCA2;ACD;NFATC3;SAMM50;SORT1;SNF8;MIPEP;VPS13C;JUP;NUP54	TUB	GO_BP	no_proc_ieg	10347
GOBP_POSITIVE_REGULATION_OF_CELL_ADHESION_MEDIATED_BY_INTEGRIN	1.4756774267308634	0.03365384615384615	0.16599565759837787	6/20	CCL5;ITGB3;FERMT1;NCKAP1L;PTPN6;CXCL13	TUB	GO_BP	no_proc_ieg	10347
GOBP_POSITIVE_REGULATION_OF_CELL_CYCLE_PHASE_TRANSITION	1.4756716149000366	0.01891891891891892	0.16562643334166297	20/78	CDC20;DDRGK1;EZH2;VPS4B;DLGAP5;CDK1;NPM1;SMARCD3;DTL;RAD51C;ANXA1;RB1;CDC25B;PAF1;CDC7;CCNB1;CDK4;RRM1;KLHL18;TMOD3	TUB	GO_BP	no_proc_ieg	10347
GOBP_GLYCOLIPID_CATABOLIC_PROCESS	1.4756070265622938	0.05281090289608177	0.1653502722254107	4/17	HEXB;NEU1;GLB1;GM2A	TUB	GO_BP	no_proc_ieg	10347
GOBP_REGULATION_OF_FIBROBLAST_MIGRATION	1.4751851858767735	0.05132192846034215	0.1655292761413518	18/32	ZEB2;THBS1;ITGB3;PRR5L;FGF2;ITGB1BP1;RAC1;GNA12;PTK2;HYAL2;AKAP12;APPL1;CLN3;MACIR;BAG4;NHERF1;ACTA2;CORO1C	TUB	GO_BP	no_proc_ieg	10347
GOBP_MIRNA_PROCESSING	1.474326959121114	0.0513595166163142	0.16622390497906034	18/32	SMAD1;AGO4;ZC3H7A;SRRT;ADAR;NCBP2;DROSHA;METTL3;TARBP2;SPOUT1;PUM1;NUP155;SNIP1;ZMPSTE24;DGCR8;SMAD2;AGO3;SMAD3	TUB	GO_BP	no_proc_ieg	10347
GOBP_SYMBIONT_ENTRY_INTO_HOST	1.4743156623814249	0.008706467661691543	0.16587223183891756	44/127	SNX3;CLDN1;IFITM1;DYNLT1;HLA-DRB1;TMPRSS4;ITGB3;EFNB2;CDK1;TRIM21;CD86;P4HB;CAV2;VAMP8;SCARB1;LGALS1;TRIM22;CCR5;CAV1;TNFRSF14;LAMP3;CD4;SIGLEC1;TRIM25;ITGB6;PLSCR1;NRP1;NUP153;IDE;ITGAV;CD74;SLC52A2;TRIM68;KPNA3;HYAL2;BSG;EXOC2;CBL;CXADR;SCARB2;ANPEP;LAMP1;CD81;ITGA2	TUB	GO_BP	no_proc_ieg	10347
GOBP_PINOCYTOSIS	1.472921826099862	0.06677524429967427	0.1672668039188148	6/16	PYCARD;CAV1;EHD4;DOCK2;ANKFY1;PPT1	TUB	GO_BP	no_proc_ieg	10347
GOBP_VIRAL_GENE_EXPRESSION	1.4722305635717272	0.016415868673050615	0.1677238287110589	24/73	MGAT4B;CCL5;ST6GALNAC4;TRIM21;HDAC1;GTF2B;MGAT2;GALNT1;RRP1B;PTBP1;MAN1B1;TRIM27;SP1;TARBP2;CSNK1A1;EIF3G;UBP1;FUT8;MDFIC;ST3GAL2;TRIM14;ATG5;SPCS1;EIF3D	TUB	GO_BP	no_proc_ieg	10347
GOBP_REGULATION_OF_NON_CANONICAL_WNT_SIGNALING_PATHWAY	1.4717907202705607	0.061461794019933555	0.1679187092508982	9/17	DACT1;TIAM1;CSNK1D;MLLT3;ABL1;ANKRD6;CSNK1E;DAB2;SFRP4	TUB	GO_BP	no_proc_ieg	10347
GOBP_RECEPTOR_LOCALIZATION_TO_SYNAPSE	1.4715879040641764	0.045454545454545456	0.16784480108420055	13/43	TYROBP;DBN1;ITGB3;NETO2;GPC4;STX3;VPS35;ADAM10;NPTN;HRAS;RAB8A;ARHGAP44;RELN	TUB	GO_BP	no_proc_ieg	10347
GOBP_RIBOSOME_DISASSEMBLY	1.4712917135804011	0.043209876543209874	0.16781090102808013	10/26	DDRGK1;TRIP4;RCHY1;ABCE1;EIF4E2;SAYSD1;PELO;ASCC3;GCN1;RACK1	TUB	GO_BP	no_proc_ieg	10347
GOBP_NEGATIVE_REGULATION_OF_LEUKOCYTE_MEDIATED_IMMUNITY	1.4710389911950292	0.03076923076923077	0.16778965368354232	15/53	HLA-B;HLA-F;CX3CR1;AHR;CD300A;HLA-A;CD96;NCKAP1L;PTPN6;CCR2;DUSP22;NOD2;CRK;HLA-E;FCGR2B	TUB	GO_BP	no_proc_ieg	10347
GOBP_POSITIVE_REGULATION_OF_PROTEIN_UBIQUITINATION	1.4704363526524147	0.013888888888888888	0.16827797867997216	14/71	CDC20;RNF111;LAPTM5;PTTG1IP;RCHY1;NMI;CHFR;FANCI;PTEN;UBE2D1;RBX1;CAV1;TICAM1;DERL1	TUB	GO_BP	no_proc_ieg	10347
GOBP_NUCLEAR_MEMBRANE_REASSEMBLY	1.4702192235631266	0.05642633228840126	0.16821638173836972	6/17	VPS4B;SPAST;RCC1;REEP4;BANF1;CHMP7	TUB	GO_BP	no_proc_ieg	10347
GOBP_POSITIVE_REGULATION_OF_CELL_CYCLE_PROCESS	1.470120708776948	0.0035714285714285713	0.16797078104136529	29/184	ECT2;CDC20;MAD2L1;AURKA;DDRGK1;EZH2;DBF4;RAD51AP1;NUP62;NUSAP1;VPS4B;DLGAP5;NCAPG;CDK1;NPM1;GPSM2;MAD1L1;SMARCD3;RHOA;DTL;NDC80;RAD51C;ANXA1;RB1;MACROH2A1;SPAST;AURKB;CDC25B;SMC4	TUB	GO_BP	no_proc_ieg	10347
GOBP_CENTROSOME_SEPARATION	1.4693517451539049	0.056572379367720464	0.16851751459106598	5/15	AURKA;NUP62;KIF11;CHEK1;MAP9	TUB	GO_BP	no_proc_ieg	10347
GOBP_POSITIVE_REGULATION_OF_INTERLEUKIN_12_PRODUCTION	1.4690791904699958	0.05370101596516691	0.16852382878552244	10/33	TLR3;LAPTM5;IRF8;CD36;CCL19;MAPK11;MDK;CD40;LTB;NOD2	TUB	GO_BP	no_proc_ieg	10347
GOBP_EPITHELIAL_CELL_MORPHOGENESIS	1.468496446194925	0.06310679611650485	0.16894358305735374	8/18	TNMD;SPINT2;RAB25;COL18A1;CLDN3;MET;PLOD3;SIPA1	TUB	GO_BP	no_proc_ieg	10347
GOBP_SURFACTANT_HOMEOSTASIS	1.4683258411555078	0.049342105263157895	0.16881553160116505	4/17	LPCAT1;OAS1;ABCA3;ITGB6	TUB	GO_BP	no_proc_ieg	10347
GOBP_MITOTIC_SPINDLE_ASSEMBLY	1.4680570877971428	0.02877697841726619	0.16880682673428538	18/49	CDC20;KPNB1;PRC1;VPS4B;KIF11;RHOA;AURKB;MAP9;WRAP73;KIF2A;KIF4A;EML3;TPX2;PIBF1;CHMP7;ZNF207;CDCA8;STAG1	TUB	GO_BP	no_proc_ieg	10347
GOBP_CELL_CYCLE_DNA_REPLICATION	1.467966598434213	0.024745269286754003	0.16854268314182555	17/36	GINS3;DBF4;MCM4;MCM2;PCNA;CDC7;CDT1;FEN1;FBXO5;MCM3;E2F8;ZPR1;WRN;ZMPSTE24;FGFR1;RECQL5;BRCA2	TUB	GO_BP	no_proc_ieg	10347
GOBP_POSITIVE_REGULATION_OF_ACTIN_FILAMENT_BUNDLE_ASSEMBLY	1.46652938119795	0.04113475177304964	0.1700458190880003	17/51	NF2;GPR65;CD47;RHOC;RHOA;EVL;SWAP70;PFN1;CX3CL1;S100A10;ABL1;CCDC88A;ITGB1BP1;ARHGEF5;NRP1;RAPGEF3;RAC1	TUB	GO_BP	no_proc_ieg	10347
GOBP_REGULATION_OF_GRANULOCYTE_CHEMOTAXIS	1.4658191428006213	0.036231884057971016	0.17063895831646944	15/43	CCL5;THBS1;PERP;NCKAP1L;C3AR1;CCL19;TNFAIP6;RAC2;C5AR1;MDK;RAC1;NOD2;CD74;MOSPD2;PTK2	TUB	GO_BP	no_proc_ieg	10347
GOBP_INTRACELLULAR_PROTEIN_TRANSPORT	1.4656331847309032	0.0	0.17052693375930703	161/440	TRAM2;TMED10;SEC61B;CLU;RAB23;ECT2;AP1S2;RBM22;DERL2;LAPTM5;YWHAH;RAB8B;PTTG1IP;NUP62;KPNB1;IFI27;CTSA;HCLS1;COPZ1;CDK1;NPM1;FRAT2;UBAP1;IL33;GNPTAB;CAMK1;STX3;RAB22A;RAB31;RAB32;PRR5L;SEC61A1;FERMT1;AP2S1;PSEN1;VPS28;FRAT1;AKAP5;CD36;SNX16;TUBA1A;VPS35;VPS26A;RTN2;CEP131;NUP85;STX8;LCP1;NDUFA13;ERP29;DERL1;TRAM1;STX6;RAB27B;SP100;RAB38;TECPR2;RAB8A;ERGIC3;STX2;ARF4;AP1G2;ARHGAP44;BCAP29;NUP107;RAPGEF3;SEC24D;NUP153;E2F3;XPO6;SNX2;KPNA2;IPO4;HIKESHI;EIF4ENIF1;COPB1;STK4;STAM;UBE2J1;AP3M2;NUP50;CSE1L;CD74;TOMM70;BCAP31;BECN1;NSG1;PKIA;AP2B1;KPNA3;HYAL2;MTCH1;CLTA;MED1;XPOT;VPS41;VPS54;NSF;STXBP1;SEC16A;ARL1;MDFIC;MAP1LC3C;MYO6;SEC23A;VPS45;SEC61G;NUP93;MYRIP;AP4E1;SCARB2;TMED3;PRKD1;SYTL2;ICE1;GCC2;LAMP2;STX7;CD81;PPP3R1;ARFIP1;SNX1;COPB2;CHML;FAF2;TRIM28;TMED9;VPS8;C17orf75;HSPA4;SCRIB;NUP133;APPL1;NUP155;NCOA4;RPL23;FAM53C;AP2M1;SQSTM1;PDCD10;RAB7A;SCFD1;RAB1B;OAZ1;ATP6AP1;ZPR1;XPO1;TRIM37;STX18;SEC24B;TIMM13;NEDD4;APPBP2;RAB29;WDR11;AUP1;TIMM9;ARL4C;PHB2;SCG5;EP300	TUB	GO_BP	no_proc_ieg	10347
GOBP_FEMALE_MEIOTIC_NUCLEAR_DIVISION	1.46459959932613	0.05993690851735016	0.17150762335439432	11/24	AURKA;PTEN;NDC80;MARF1;CDC25B;TOP2A;TTK;MLH1;ORC4;FBXO5;WASHC5	TUB	GO_BP	no_proc_ieg	10347
GOBP_LYMPHOCYTE_CHEMOTAXIS	1.4639564654342927	0.05198776758409786	0.17203119552935256	10/29	CCL5;PIK3CG;CYP7B1;CCR2;STK39;CX3CL1;CXCL11;CXCL13;ADAM10;CKLF	TUB	GO_BP	no_proc_ieg	10347
GOBP_DNA_METHYLATION_DEPENDENT_HETEROCHROMATIN_FORMATION	1.4631058005037803	0.06677265500794913	0.17276038546887412	9/22	ATF7IP;DNMT1;MORC2;HDAC1;PPM1D;SMARCA5;MPHOSPH8;TASOR;TRIM28	TUB	GO_BP	no_proc_ieg	10347
GOBP_POSITIVE_REGULATION_OF_SYNCYTIUM_FORMATION_BY_PLASMA_MEMBRANE_FUSION	1.462814395040182	0.06919275123558484	0.17279382680968614	6/20	TYROBP;FLOT1;CXCL9;CAMK1;CD53;RAPGEF3	TUB	GO_BP	no_proc_ieg	10347
GOBP_REGULATION_OF_TYPE_2_IMMUNE_RESPONSE	1.4622758319339362	0.06477093206951026	0.1731245055231768	15/28	IL33;CD86;ANXA1;HLX;CCR2;IL27RA;ASCL2;IL18;RSAD2;NOD2;CD74;CD81;IDO1;SOCS5;GATA3	TUB	GO_BP	no_proc_ieg	10347
GOBP_MONONUCLEAR_CELL_DIFFERENTIATION	1.4620028727599692	0.0010775862068965517	0.17312896831537491	94/385	PIK3R3;FADD;HLA-B;UBD;CASP8;HDAC4;VCAM1;CD2;HLA-DRB1;UCP2;DDRGK1;CD3D;EZH2;HLA-DOA;ITGA4;LEPR;B2M;MYD88;LIPA;HHEX;SMARCE1;HLA-DRA;HCLS1;RAG1;BAX;IL33;CD86;IRF8;SMARCD3;RHOA;LGALS1;IRF7;MS4A1;DCLRE1C;CD1D;IFI16;ANXA1;RB1;FCER1G;ITGB8;HLX;MYB;PSEN1;RASGRP1;NCKAP1L;PTPN6;INPP5D;PPARG;IL15;BTN2A2;RUNX2;CCR2;CD4;CCL19;DOCK2;AMBRA1;ABL1;ASCL2;ITGB6;POU2AF1;STAT4;DROSHA;TOX;IL18R1;IL7;VAV1;FZD8;CD8A;CD27;IL18;PARP1;MDK;FGL2;RSAD2;IKZF1;LCK;CEBPA;METTL3;MYH9;IKZF3;IFNA16;NR3C1;SOX4;CD74;THOC5;F2RL1;DUSP10;ACTL6A;RUNX3;MED1;ZBTB7A;FCGR2B;VPS54;NOTCH2	TUB	GO_BP	no_proc_ieg	10347
GOBP_PROTEIN_TARGETING_TO_VACUOLE	1.4619859552158856	0.039097744360902256	0.1727832598391273	15/30	CLU;LAPTM5;GNPTAB;SNX16;BECN1;VPS41;VPS54;SCARB2;GCC2;LAMP2;VPS8;NCOA4;SQSTM1;RAB7A;NEDD4	TUB	GO_BP	no_proc_ieg	10347
GOBP_PYRIMIDINE_RIBONUCLEOTIDE_METABOLIC_PROCESS	1.4619109529200551	0.04559748427672956	0.17250888456328142	4/24	NME1;DCK;CMPK1;AK5	TUB	GO_BP	no_proc_ieg	10347
GOBP_REGULATION_OF_VASCULATURE_DEVELOPMENT	1.4618694314201226	0.002328288707799767	0.17220377730626896	55/227	RRAS;SMAD1;TLR3;AGGF1;S100A1;CX3CR1;THBS1;PLK2;CYBB;ITGB3;ANXA3;HHEX;VASH1;NFE2L2;SERPINF1;VASH2;BRCA1;VEGFC;SASH1;AMOT;PIK3CG;C3;ITGB8;THBS2;TNMD;CD36;PTPN6;CDH5;PPARG;FGF2;GRN;PKM;CCR2;C3AR1;WARS1;ABL1;CXCL13;ALOX5;ADAM10;C5AR1;GPNMB;CLIC3;MYDGF;SP100;NRP1;RLN2;MDK;RAPGEF3;SYNJ2BP;CD40;TWIST1;JCAD;GTF2I;CXCL10;SP1	TUB	GO_BP	no_proc_ieg	10347
GOBP_GAMMA_DELTA_T_CELL_ACTIVATION	1.4618517149253796	0.07655502392344497	0.17186614220399107	12/20	MICB;NCKAP1L;NOD2;SOX4;CXADR;CD3G;JAG2;TRDC;CD247;LEF1;ITK;PTPRC	TUB	GO_BP	no_proc_ieg	10347
GOBP_RESPONSE_TO_PROTOZOAN	1.4616846302827116	0.059375	0.17172039688400598	8/20	MYD88;IRF8;VTCN1;NKG7;HRAS;CD40;GBP2;GBP1	TUB	GO_BP	no_proc_ieg	10347
GOBP_REGULATION_OF_INTRINSIC_APOPTOTIC_SIGNALING_PATHWAY_IN_RESPONSE_TO_DNA_DAMAGE	1.461235358130129	0.05325443786982249	0.17194751119363538	10/30	CLU;TRIAP1;MUC1;CD44;BID;TAF9;CD74;ELL3;RPS3;CXCL12	TUB	GO_BP	no_proc_ieg	10347
GOBP_ENDOPLASMIC_RETICULUM_ORGANIZATION	1.4606602075020747	0.02418207681365576	0.17226260151880057	26/59	LPCAT3;TRAM2;CERT1;CAV2;ESYT1;SEC61A1;SHTN1;RTN1;REEP1;TOR1B;VCPIP1;TRAM1;EMC6;TMCO1;REEP4;EMC7;REEP5;RETREG2;CAMLG;SEC16A;TMCC1;NCLN;RAB3GAP1;RTN3;DOP1B;UBL4A	TUB	GO_BP	no_proc_ieg	10347
GOBP_VACUOLAR_TRANSPORT	1.4604794726693622	0.01593625498007968	0.1721445468499559	44/97	CLU;TMEM50A;LAPTM5;LIPA;VPS4B;LEPROTL1;UBAP1;GNPTAB;HMGXB4;VPS28;SNX16;GRN;VPS35;TMEM106B;ANKFY1;EHD3;AP1G2;LEPROT;STAM;BECN1;VPS41;VPS54;CHMP7;TMEM50B;UEVLD;SCARB2;GCC2;LAMP1;LAMP2;VPS8;NCOA4;ADRB2;SQSTM1;RAB7A;NEDD4;CLN3;PSAP;SCYL2;TGFBRAP1;ARL8B;SORT1;SNF8;VPS13C;ATP6V0D1	TUB	GO_BP	no_proc_ieg	10347
GOBP_ESTABLISHMENT_OF_PROTEIN_LOCALIZATION_TO_VACUOLE	1.4603267242676068	0.05202312138728324	0.17200139861980715	21/39	CLU;LAPTM5;UBAP1;GNPTAB;VPS28;SNX16;STAM;BECN1;VPS41;VPS54;SCARB2;GCC2;LAMP2;VPS8;NCOA4;SQSTM1;RAB7A;NEDD4;SORT1;SNF8;VPS13C	TUB	GO_BP	no_proc_ieg	10347
GOBP_VESICLE_ORGANIZATION	1.4601569590882513	0.00351288056206089	0.17188240559506524	63/229	GOLPH3L;SNX3;TMED10;ABCA1;ZEB2;AP1S2;SYT11;LAPTM4B;RUBCNL;SERPINE2;VPS4B;GOSR1;UBAP1;GPR143;CAV2;VAMP8;SRPX;STX3;RAB22A;RAB32;ANXA1;WASHC4;CSNK1D;VPS28;CAV1;S100A10;TRAPPC2;STX8;ANKRD27;TMEM127;ANKFY1;TFG;STX6;ATP6V0C;CLCN3;RAB38;RAB8A;STX2;BET1;HPS1;SEC24D;VAV3;STAM;AP3M2;SAMD9;ANXA2;SDCBP;PIP4K2A;VPS41;VAMP1;STXBP1;SEC16A;FBXO5;CHMP7;WASHC5;SEC23A;TMCC1;AGFG1;SCARB2;SHROOM2;IRAG2;STX7;SCAP	TUB	GO_BP	no_proc_ieg	10347
GOBP_MAST_CELL_ACTIVATION_INVOLVED_IN_IMMUNE_RESPONSE	1.4601070972956642	0.048458149779735685	0.17161300525107087	11/37	S100A13;CD300A;VAMP8;PIK3CG;RASGRP1;PTPN6;RAC2;FCER1A;STXBP1;CBL;PTGDR	TUB	GO_BP	no_proc_ieg	10347
GOBP_NUCLEAR_TRANSPORT	1.4594740862186635	0.008027522935779817	0.17213480490463007	74/225	NUP37;RAB23;ECT2;RBM22;PTTG1IP;NUP62;KPNB1;HHEX;IFI27;HCLS1;CDK1;NPM1;FRAT2;DDX39A;IL33;CAMK1;WASHC4;FERMT1;ABCE1;PSEN1;POLDIP3;FRAT1;CD36;NUP85;NCBP2;UPF2;CPSF6;SP100;NUP107;RAPGEF3;NUP153;E2F3;XPO6;PPP1CC;KPNA2;IPO4;HIKESHI;EIF4ENIF1;STK4;RAE1;SDAD1;NUP50;THOC6;NDC1;CSE1L;EIF4A3;THOC5;CDKN1B;PKIA;RGS14;KPNA3;HYAL2;MED1;XPOT;THOC7;MDFIC;NUP93;AGFG1;PRKD1;PPP1R12A;CHTOP;PPP3R1;TRIM28;ANP32A;NUP133;MALT1;APPL1;NUP155;FMR1;RPL23;FAM53C;SMG1;MAGOH;SQSTM1	TUB	GO_BP	no_proc_ieg	10347
GOBP_REGULATION_OF_FIBROBLAST_PROLIFERATION	1.4585974538183466	0.02510460251046025	0.1728789080583505	18/68	FN1;ITGB3;BAX;CD300A;CCNA2;S100A6;FTH1;MYB;CAV1;B4GALT7;ABL1;IFI30;CCNB1;CDK4;HRAS;RNASEH2B;GSTP1;CD74	TUB	GO_BP	no_proc_ieg	10347
GOBP_REGULATION_OF_MITOTIC_CELL_CYCLE	1.4574528674081393	0.0	0.17397249767622092	82/344	ZWINT;MAEA;THAP1;UBD;CDC20;CKS2;MAD2L1;AURKA;DACT1;TRIAP1;PLK2;EZH2;NEK11;MUC1;NUP62;CRLF3;SMARCE1;NUSAP1;BUB1B;VPS4B;DLGAP5;NAE1;CHFR;USP22;CDK1;CAV2;MAD1L1;SMARCD3;DTL;ZWILCH;PTEN;BID;BRCA1;NDC80;RAD51C;CHEK1;ANXA1;RB1;RPA2;AURKB;CDC25B;CENPE;PTPN6;BTN2A2;APC;CASP2;AVEN;AMBRA1;TTK;ABL1;PSME1;SPC25;NBN;RCC1;CDC7;GPNMB;BABAM1;IQGAP1;CCNB1;CDK7;CDK4;ANGEL2;RRM1;INTS13;CDC27;TTLL12;AATF;BRINP1;RNASEH2B;NME6;PSME3;PSMG2;FZD3;BORA;KLHL18;TAOK3;TMOD3;BRCC3;SDCBP;CENPF;CDKN1B;PKIA	TUB	GO_BP	no_proc_ieg	10347
GOBP_NEGATIVE_REGULATION_OF_INFLAMMATORY_RESPONSE	1.455746201055421	0.011166253101736972	0.175846879985693	33/117	LPCAT3;IL10RA;HLA-DRB1;NFKB1;AHR;PLK2;SYT11;TNFRSF1B;PBK;IL33;AOAH;RB1;NR1D2;RPS19;PTPN6;CDH5;PPARG;GRN;VPS35;HCK;TNFAIP6;CST7;ALOX5;NR1D1;NPY5R;MDK;PPP1R13L;GSTP1;CCN3;NOD2;DUSP10;TRIM45;FCGR2B	TUB	GO_BP	no_proc_ieg	10347
GOBP_POSITIVE_REGULATION_OF_LEUKOCYTE_APOPTOTIC_PROCESS	1.4556391404121578	0.056572379367720464	0.17563810007371838	4/16	CCL5;PERP;BAX;ANXA1	TUB	GO_BP	no_proc_ieg	10347
GOBP_LEUKOCYTE_DIFFERENTIATION	1.4550789023463193	0.0	0.17600897381830277	124/457	PIK3R3;RRAS;CITED2;FADD;HLA-B;UBD;CASP8;TYROBP;TLR3;HDAC4;VCAM1;CD2;HLA-DRB1;OSTM1;UCP2;DDRGK1;EVI2B;CD3D;EZH2;HLA-DOA;ITGA4;TESC;LEPR;B2M;MYD88;LIPA;HHEX;SMARCE1;HLA-DRA;HCLS1;RAG1;RASSF2;BAX;IL33;CD86;IRF8;SMARCD3;RHOA;LGALS1;IRF7;MS4A1;DCLRE1C;CD1D;IFI16;ANXA1;ZNF675;RB1;CCR1;FCER1G;ITGB8;HLX;MYB;PSEN1;TNFRSF11B;RASGRP1;NCKAP1L;PTPN6;INPP5D;PPARG;IL15;BTN2A2;RUNX2;CCR2;CD4;CCL19;DOCK2;AMBRA1;TNFAIP6;ABL1;ASCL2;ITGB6;POU2AF1;STAT4;IAPP;DROSHA;TOX;IL18R1;IL7;VAV1;FZD8;CD8A;CD27;IL18;PARP1;MDK;FGL2;RSAD2;IKZF1;LCK;LTF;CEBPA;METTL3;MYH9;IKZF3;IFNA16;NR3C1;ANXA2;SOX4;CD74;THOC5;F2RL1;DUSP10;ACTL6A;RUNX3;MED1;ZBTB7A;FCGR2B;VPS54;NOTCH2;KITLG;CCR6;TMEM176A;PLCL2;ATG5;ZBTB1;DOCK10;FSTL3;CRTAM;BMP2;PTPN22;SOCS1;PPP2R3C;CD81;SLC25A5	TUB	GO_BP	no_proc_ieg	10347
GOBP_PROTEIN_LOCALIZATION_TO_VACUOLE	1.4546415919529117	0.037815126050420166	0.1762295885553916	23/53	RRAGC;CLU;LAPTM5;UBAP1;GNPTAB;VPS28;SH3GLB1;SNX16;STAM;BECN1;GBP1;VPS41;VPS54;SCARB2;GCC2;LAMP2;CD81;VPS8;NCOA4;SQSTM1;MFSD1;RAB7A;NEDD4	TUB	GO_BP	no_proc_ieg	10347
GOBP_BIOLOGICAL_PROCESS_INVOLVED_IN_INTERACTION_WITH_HOST	1.4546033709219657	0.0170316301703163	0.17593261542117386	49/149	SNX3;CLDN1;IFITM1;DYNLT1;HLA-DRB1;TMPRSS4;ITGB3;EFNB2;VPS4B;CDK1;PPID;TRIM21;CD86;P4HB;CAV2;VAMP8;SCARB1;LGALS1;TRIM22;CCR5;CAV1;TNFRSF14;LAMP3;CD4;SIGLEC1;TRIM25;ITGB6;PLSCR1;NRP1;NUP153;LTF;IDE;ITGAV;CD74;SLC52A2;BECN1;TRIM68;KPNA3;HYAL2;CHMP7;BSG;EXOC2;CBL;CXADR;SCARB2;ANPEP;LAMP1;CD81;ITGA2	TUB	GO_BP	no_proc_ieg	10347
GOBP_POSITIVE_REGULATION_OF_ENDOTHELIAL_CELL_MIGRATION	1.453960852559161	0.036414565826330535	0.1764584202382009	25/82	RRAS;THBS1;PLK2;ITGB3;GFUS;ANXA3;NFE2L2;SCARB1;VEGFC;SASH1;ANXA1;PIK3CG;FGF2;SRPX2;GRN;ABL1;ITGB1BP1;NRP1;CD40;RAC1;JCAD;MET;SP1;P2RX4;SPARC	TUB	GO_BP	no_proc_ieg	10347
GOBP_MEIOTIC_CELL_CYCLE_PROCESS	1.4536282018668907	0.012658227848101266	0.17651933878966175	36/128	ZWINT;CDC20;CKS2;AURKA;AGO4;RAD51AP1;CHFR;P3H4;BRIP1;PTTG1;PTEN;NDC80;MARF1;MYBL1;RAD51C;CDC25B;SMC4;TOP2A;PTTG3P;PSMC3IP;RMI1;ASPM;TTK;MSX1;FOXJ3;MLH1;KIF18A;RAD54L;TESMIN;MYH9;NDC1;ORC4;REC8;MSH6;FBXO5;WASHC5	TUB	GO_BP	no_proc_ieg	10347
GOBP_REGULATION_OF_DNA_REPLICATION	1.4532807625444037	0.020242914979757085	0.17667199592370822	47/89	RFC5;DBF4;S100A11;MCM4;CDK1;RFC2;MCM5;CCNA2;DSCC1;JADE3;DYNLL1;MCM2;RUVBL2;OBI1;GTPBP4;PCNA;POLE3;ORC5;RFC4;NBN;CDC7;CDT1;POLG2;CDKN1B;SMARCA5;ACTL6A;FBXO5;ACTR5;ID3;BAZ1A;RUVBL1;MCM3;ACTR8;METTL4;RBBP6;E2F8;CDC6;WAPL;SSBP1;ZMPSTE24;FGFR1;LIG3;NFRKB;ORC3;TFPT;MCRS1;LPIN1	TUB	GO_BP	no_proc_ieg	10347
GOBP_CENTROSOME_DUPLICATION	1.4532026301758532	0.042584434654919234	0.17640711942145412	10/44	SAC3D1;PLK2;NUP62;VPS4B;NPM1;BRCA1;NDC80;NAT10;CEP131;PLK4	TUB	GO_BP	no_proc_ieg	10347
GOBP_ESTABLISHMENT_OF_ORGANELLE_LOCALIZATION	1.4530244392907163	0.0011185682326621924	0.17627881848459007	100/315	TMED10;ZWINT;S100A13;DYNLT1;ECT2;MAD2L1;ITGA4;SYT11;NUP62;KPNB1;NUSAP1;VPS4B;CDH3;CD300A;ATP9A;CDK1;NPM1;HSBP1;PSRC1;GPR143;GPSM2;MAD1L1;VAMP8;CEP55;ZWILCH;NDC80;RB1;PIK3CG;SPAST;AURKB;ABCE1;CSNK1D;LMNB1;PSEN1;RASGRP1;CENPE;CENPA;TUBA1A;FYCO1;SPRY1;APC;MAP1S;UCHL1;RAC2;TRAPPC2;SPC25;CENPQ;TFG;BBS7;CCNB1;FCER1A;MLH1;KIF18A;EML3;STAM;AP3M2;CDT1;SDAD1;MYH9;SDCBP;ACTR10;PIBF1;CENPF;BECN1;ARMCX3;STXBP1;SEC16A;CHMP7;CDC23;EXOC2;EXOC1;CBL;TRIP11;SHROOM2;SKA1;PTGDR;LAMP1;IRAG2;KIF14;ZNF207;ZW10;BICD2;CDCA8;TMED9;SPDL1;HIF1A;C17orf75;KIFBP;KLHL12;SCRIB;NLGN1;DCTN1;BUB3;KIF25;MAPRE1;PDCD10;MIS12;RAB7A;ATM;YWHAZ	TUB	GO_BP	no_proc_ieg	10347
GOBP_RESPONSE_TO_TYPE_II_INTERFERON	1.4529154373385598	0.020604395604395604	0.17607293273403318	24/78	UBD;CLDN1;IFITM1;TLR3;CCL5;VIM;HLA-DPA1;CD47;TRIM21;IRF8;ACTG1;PPARG;CASP1;CD58;HCK;STX8;SP100;CD40;CD74;IFNGR2;GBP2;GBP1;MED1;STXBP1	TUB	GO_BP	no_proc_ieg	10347
GOBP_REGULATION_OF_CYSTEINE_TYPE_ENDOPEPTIDASE_ACTIVITY_INVOLVED_IN_APOPTOTIC_PROCESS	1.4516256470199422	0.017082785808147174	0.17741720640796751	25/116	PYCARD;CASP8;APAF1;ARL6IP5;TNFSF15;THBS1;TRIAP1;LAPTM5;BAX;CD44;BID;EPHA7;CARD8;PAK2;PPARG;CASP1;IFI6;CASP2;LAMP3;CAAP1;CTSD;MUL1;BCL2A1;TNFSF10;RNF34	TUB	GO_BP	no_proc_ieg	10347
GOBP_ENDOCYTOSIS	1.4515204463967277	0.0	0.1772155649365306	114/496	SNX3;NME1;PYCARD;CLU;ANXA11;CSK;TYROBP;FLOT1;ABCA1;HMMR;IL10RA;ITGB2;UBQLN2;CYBA;ITGAM;NCF4;THBS1;SPON2;ITGB3;ITGA4;LEPR;ANXA3;SYT11;B2M;MYD88;LIPA;NECAP2;EFNB2;MYO1F;CD300A;CD47;ATP9A;CAV2;IRF8;SRPX;APOC1;SCARB1;FNBP1;RAB22A;RAB31;ANXA1;PIK3CG;COLEC12;FCHSD2;CLEC10A;FCER1G;LMAN2;C3;AP2S1;ACTG1;CSNK1D;EPN3;PSEN1;VPS28;NCKAP1L;CD36;TBC1D2B;IL15;SMAP1;CD63;CAV1;EHD4;PSTPIP1;CCR2;CLINT1;CAP1;CCL19;DOCK2;MTMR2;SIGLEC1;HCK;GRB2;ABL1;CSNK1G1;CD93;P2RY6;GRK3;CSNK1G3;VLDLR;CD14;ANKFY1;VAV1;CLCN3;PLSCR1;RUBCN;NCF2;DPYSL2;HRAS;RAB27B;ATXN2;EHD3;CD151;BMP2K;VAV3;PECAM1;LDLRAP1;SYNJ2BP;PPT1;RAC1;AP3M2;ARHGAP25;MET;MYH9;NLGN4X;SIRPG;CALCRL;NOD2;ITGAV;ANXA2;SDCBP;ELMO1;CXCR2;F2RL1;BECN1	TUB	GO_BP	no_proc_ieg	10347
GOBP_POSITIVE_REGULATION_OF_T_CELL_PROLIFERATION	1.450070633481704	0.02857142857142857	0.17872642108831435	15/75	PYCARD;FADD;CCL5;VCAM1;HLA-DPA1;CD86;HLA-A;NCK1;CD1D;ANXA1;VTCN1;NCKAP1L;IL15;CCR2;CCL19	TUB	GO_BP	no_proc_ieg	10347
GOBP_SPINDLE_LOCALIZATION	1.4499524374684076	0.04084720121028744	0.17855321752523431	9/42	DYNLT1;MAD2L1;KPNB1;NUSAP1;GPSM2;NDC80;CENPA;SPRY1;ASPM	TUB	GO_BP	no_proc_ieg	10347
GOBP_POSITIVE_REGULATION_OF_STRESS_FIBER_ASSEMBLY	1.4496495021638318	0.061224489795918366	0.17862776198603803	14/44	NF2;GPR65;CD47;RHOC;RHOA;EVL;S100A10;ABL1;CCDC88A;ITGB1BP1;ARHGEF5;NRP1;RAPGEF3;RAC1	TUB	GO_BP	no_proc_ieg	10347
GOBP_NEGATIVE_REGULATION_OF_GENE_EXPRESSION_EPIGENETIC	1.4490694457837368	0.021850899742930592	0.17907469587520408	18/106	ATF7IP;HDAC4;EZH2;H2AC8;RRP8;DNMT1;BRCA1;MORC2;CHEK1;IFI16;RB1;HDAC1;MACROH2A1;MACROH2A2;EED;LMNB1;CTCF;POLE3	TUB	GO_BP	no_proc_ieg	10347
GOBP_REGULATION_OF_CELL_ACTIVATION	1.4489992300483991	0.0	0.17880790373926547	106/450	PYCARD;FADD;HLA-DMA;CSK;TYROBP;CCL5;FN1;VCAM1;CD2;HLA-DRB1;THBS1;AHR;DDRGK1;LAPTM5;HLA-DOA;SYT11;B2M;SAMSN1;MYD88;SMARCE1;TNFRSF1B;HLA-DRA;EFNB2;SERPINE2;RAG1;MNDA;CD300A;HLA-DPA1;CD47;IL33;CD86;MAD1L1;HLA-A;SMARCD3;RHOA;LGALS1;BID;NCK1;CD1D;ANXA1;FCER1G;VSIG4;HLX;MYB;CD38;RASGRP1;VTCN1;NCKAP1L;BANK1;PTPN6;INPP5D;KARS1;IL15;BTN2A2;GRN;CAV1;CCR2;TNFRSF14;CD4;CCL19;AMBRA1;TICAM1;RAC2;IL27RA;THEMIS2;ABL1;ASCL2;CST7;DROSHA;LAX1;TOX;IL7;VAV1;CASP3;GPNMB;ICOS;NR1D1;CD27;IL18;PLSCR1;MLH1;MDK;HLA-DQB2;VAV3;FGL2;CD40;LCK;HLA-DOB;CEBPA;PLA2G4A;LST1;METTL3;SELP;DUSP22;IKZF3;MEF2C;SIRPG;HHLA2;NOD2;SOX4;CD74;HLA-E;HLA-DMB;SIT1;PIBF1;EBI3	TUB	GO_BP	no_proc_ieg	10347
GOBP_REGULATION_OF_PROTEIN_LOCALIZATION_TO_CELL_PERIPHERY	1.4485608250111988	0.00909090909090909	0.17905774086937207	23/103	CSK;NETO2;TMBIM1;GPSM2;VAMP8;GPC4;STX3;GNAI1;AKAP5;AGR2;VPS35;PRKCH;ZDHHC7;STX8;PLS1;ADAM10;HRAS;RAB38;EPB41L2;LZTFL1;ARHGAP44;ITGA3;LDLRAP1	TUB	GO_BP	no_proc_ieg	10347
GOBP_NEGATIVE_REGULATION_OF_CYTOKINE_PRODUCTION	1.4476737072484631	0.0035587188612099642	0.17976877012699846	55/223	PYCARD;CSK;HLA-F;TYROBP;OAS1;FN1;CX3CR1;HLA-DRB1;NFKB1;TSPO;THBS1;LAPTM5;EZH2;SYT11;SLC2A10;NMI;HOMER3;LAPTM4B;OAS3;IL33;ANXA1;CD96;VSIG4;CARD8;ADCY7;NCKAP1L;BANK1;PTPN6;INPP5D;BTN2A2;RBX1;SIGLEC1;CX3CL1;IL27RA;MUL1;XAF1;CASP3;NPTN;GPNMB;ANXA4;RAC1;TWIST1;TLR8;GSTP1;LTF;BANF1;NOD2;TRIM27;NMB;PIBF1;F2RL1;GBP1;RNF125;SERPINB1;FCGR2B	TUB	GO_BP	no_proc_ieg	10347
GOBP_REGULATION_OF_NUCLEAR_DIVISION	1.4475243378452647	0.017105263157894738	0.1795918254710677	25/108	ZWINT;CDC20;MAD2L1;AURKA;RAD51AP1;NUP62;NUSAP1;BUB1B;DLGAP5;CAV2;MAD1L1;ZWILCH;NDC80;CHEK1;RB1;AURKB;APC;TTK;MSX1;SPC25;RCC1;CCNB1;NME6;PSMG2;BORA	TUB	GO_BP	no_proc_ieg	10347
GOBP_REGULATION_OF_VESICLE_MEDIATED_TRANSPORT	1.4471378305013731	0.004329004329004329	0.17973055987272332	80/368	SNX3;PYCARD;CLU;CSK;HLA-F;FLOT1;NF2;ITGB2;UBQLN2;CYBA;ITGAM;ITGB3;SYT11;B2M;EFNB2;VPS4B;CD300A;CD47;ATP9A;EIPR1;VAMP8;APOC1;SCARB1;RAB33B;SCRN1;RAB31;ANXA1;FCER1G;LMAN2;C3;AP2S1;ACTG1;PSEN1;VPS28;AKAP5;NCKAP1L;CD36;IL15;SMAP1;CD63;ADRA2A;CAV1;EHD4;SEPTIN2;CCR2;CCL19;RNF139;DOCK2;MTMR2;RAB3D;HCK;RAC2;RAB25;S100A10;ABL1;ANKRD27;CD14;ANKFY1;RAB9A;PLSCR1;RUBCN;WDR44;RAB27B;ATXN2;NRP1;CD151;BMP2K;ARHGAP44;LDLRAP1;CSPG5;SYNJ2BP;PPT1;RAC1;STAM;WDR41;SIRPG;NOD2;ITGAV;ANXA2;SDCBP	TUB	GO_BP	no_proc_ieg	10347
GOBP_ARP2_3_COMPLEX_MEDIATED_ACTIN_NUCLEATION	1.445712906643945	0.053208137715179966	0.18129551442812442	16/29	ARPC2;ARPC1B;CYFIP1;WASHC4;FCHSD2;GMFB;TRIM27;GMFG;ARPC5;WASHC5;ARFIP1;WASF3;CORO1B;WASF1;WASHC3;NCKAP1	TUB	GO_BP	no_proc_ieg	10347
GOBP_WNT_SIGNALING_PATHWAY_PLANAR_CELL_POLARITY_PATHWAY	1.4455032348911916	0.057692307692307696	0.18121316950260688	12/37	DACT1;RHOA;TIAM1;FZD1;VANGL1;MLLT3;ABL1;SMURF2;FZD6;ANKRD6;RAC1;FZD3	TUB	GO_BP	no_proc_ieg	10347
GOBP_FOAM_CELL_DIFFERENTIATION	1.4447594034953415	0.05120481927710843	0.18189826511491025	8/33	ABCA1;NFKB1;ITGB3;CD36;PPARG;PRKCH;SOAT1;IL18	TUB	GO_BP	no_proc_ieg	10347
GOBP_REGULATION_OF_PLASMA_LIPOPROTEIN_PARTICLE_LEVELS	1.4441267437867864	0.0392156862745098	0.18236432630332217	17/63	LPCAT3;CSK;PLTP;ABCA1;LIPA;LIPC;MYLIP;PRKACB;APOC1;SCARB1;CD36;SOAT1;VLDLR;PLA2G7;LDLRAP1;CNPY2;ANXA2	TUB	GO_BP	no_proc_ieg	10347
GOBP_REGULATION_OF_ENDOTHELIAL_CELL_MIGRATION	1.4440395044745367	0.012853470437017995	0.18213272756996493	38/131	RRAS;THBS1;PLK2;ITGB3;GFUS;ANXA3;VASH1;NFE2L2;SERPINF1;NR2F2;RHOA;SCARB1;VEGFC;SASH1;ANXA1;PIK3CG;PPARG;FGF2;SRPX2;GRN;MEOX2;PRCP;ABL1;CXCL13;ITGB1BP1;MMRN2;SP100;NRP1;SYNJ2BP;CD40;RAC1;JCAD;MET;MEF2C;SP1;P2RX4;SPARC;PTK2	TUB	GO_BP	no_proc_ieg	10347
GOBP_REGULATION_OF_NITRIC_OXIDE_METABOLIC_PROCESS	1.4422696046725094	0.032577903682719546	0.18427845639924095	9/46	CLU;CX3CR1;TSPO;CD47;DYNLL1;HBB;CD36;CAV1;TICAM1	TUB	GO_BP	no_proc_ieg	10347
GOBP_REGULATION_OF_CELL_MATRIX_ADHESION	1.440085794885464	0.01818181818181818	0.18678546694001294	21/97	RRAS;MAP4K4;NF2;THBS1;ITGB3;GFUS;DDR1;RHOA;PTEN;GPM6B;FERMT1;ACTG1;POSTN;CD36;CX3CL1;S100A10;ABL1;ITGB1BP1;NRP1;RAC1;DUSP22	TUB	GO_BP	no_proc_ieg	10347
GOBP_REGULATION_OF_CELL_CYCLE_PROCESS	1.4386864630690308	0.0	0.18834508247536438	120/493	ZWINT;UBD;ECT2;CDC20;MAD2L1;AURKA;DACT1;TRIAP1;DDRGK1;PLK2;EZH2;NEK11;MUC1;DBF4;RAD51AP1;NUP62;CRLF3;SMARCE1;NUSAP1;PRC1;BUB1B;VPS4B;DLGAP5;NAE1;KIF11;NCAPG;CHFR;CDK1;NPM1;PSRC1;BRIP1;GPSM2;CAV2;MAD1L1;RRP8;SMARCD3;RHOA;DTL;ZWILCH;PTEN;BID;BRCA1;NDC80;METTL13;RAD51C;CHEK1;ANXA1;NAA10;RB1;MACROH2A1;SPAST;RPA2;GNAI1;AURKB;CDC25B;SMC4;MAP9;NAT10;TACC3;SH3GLB1;CENPE;PTPN6;BTN2A2;CTCF;APC;STK38;CASP2;PAF1;AVEN;CEP131;AMBRA1;PLK4;TTK;PSME1;MSX1;SPC25;NBN;RCC1;CDC7;KIF20A;GPNMB;BABAM1;CCNB1;CDK7;CDK4;PLSCR1;ATF5;SND1;RRM1;CDC27;RNASEH2B;NME6;EML3;RAE1;PSME3;PSMG2;CDT1;INTS7;BORA;KLHL18;TAOK3;TPX2;TMOD3;BRCC3;ZFYVE26;FEN1;CENPF;BECN1;CDKN1B;PKIA;CEP76;SMARCA5;ACTL6A;MED1;KLHL9;PRPF19;FBXO5;CHMP7;TCIM;ATXN10	TUB	GO_BP	no_proc_ieg	10347
GOBP_REGULATION_OF_NON_CANONICAL_NF_KAPPAB_SIGNAL_TRANSDUCTION	1.4369913326634969	0.036	0.19036574907777684	26/76	PYCARD;TLR3;TLR7;LAPTM5;NMI;IFI35;TRIM44;RASSF2;AKIP1;CD86;RHOA;SASH1;LITAF;CCL19;IL18R1;CD27;IL18;NLRP2;CCN3;NOD2;TRIP6;TCIM;PDCD4;RPS3;PTPN22;BIRC2	TUB	GO_BP	no_proc_ieg	10347
GOBP_ENDOPLASMIC_RETICULUM_TO_CYTOSOL_TRANSPORT	1.4355780879446898	0.07877813504823152	0.1918229311376901	8/17	SEC61B;DERL2;DERL1;UBE2J1;BCAP31;FAF2;AUP1;HSP90B1	TUB	GO_BP	no_proc_ieg	10347
GOBP_COLLAGEN_FIBRIL_ORGANIZATION	1.4350454647181816	0.032448377581120944	0.19221081775732846	15/44	COL3A1;COL1A1;COL1A2;P3H4;LOXL1;RB1;EXT1;AEBP1;COL18A1;COL5A2;LUM;PLOD3;ANXA2;ADAMTS3;SERPINH1	TUB	GO_BP	no_proc_ieg	10347
GOBP_POSITIVE_REGULATION_OF_CYSTEINE_TYPE_ENDOPEPTIDASE_ACTIVITY	1.4341374669166822	0.019099590723055934	0.19300513870287753	19/91	PYCARD;FADD;CASP8;APAF1;ARL6IP5;TNFSF15;LAPTM5;PERP;BAX;BID;IFI16;CARD8;PPARG;CASP1;CASP2;CTSD;MUL1;BCL2A1;TNFSF10	TUB	GO_BP	no_proc_ieg	10347
GOBP_APOPTOTIC_MITOCHONDRIAL_CHANGES	1.433949170984373	0.02455661664392906	0.19290762853775398	15/75	PYCARD;CLU;PPIF;TRIAP1;SLC35F6;MLLT11;BAX;FXN;BID;IFIT2;IFI6;VPS35;MUL1;BCL2A1;TNFSF10	TUB	GO_BP	no_proc_ieg	10347
GOBP_REGULATION_OF_MACROPHAGE_MIGRATION	1.4335883963062632	0.0654490106544901	0.1930100434268816	14/36	CCL5;CX3CR1;THBS1;CCR2;C3AR1;CX3CL1;C5AR1;MDK;P2RX4;PTK2;CD81;MAPK1;DDT;MTUS1	TUB	GO_BP	no_proc_ieg	10347
GOBP_NUCLEAR_EXPORT	1.433474282905884	0.01984126984126984	0.19279701152299178	41/109	RBM22;NUP62;HHEX;IFI27;NPM1;FRAT2;DDX39A;CAMK1;WASHC4;ABCE1;POLDIP3;FRAT1;NUP85;NCBP2;UPF2;CPSF6;SP100;NUP107;RAPGEF3;NUP153;XPO6;EIF4ENIF1;RAE1;SDAD1;THOC6;CSE1L;EIF4A3;THOC5;CDKN1B;XPOT;THOC7;NUP93;AGFG1;PRKD1;CHTOP;NUP133;MALT1;NUP155;FMR1;SMG1;MAGOH	TUB	GO_BP	no_proc_ieg	10347
GOBP_LYMPHOCYTE_HOMEOSTASIS	1.4325714973831754	0.04207573632538569	0.1937594933083795	24/53	FADD;RAG1;BAX;NCKAP1L;TNFRSF17;ABL1;CASP3;MEF2C;CD74;SIT1;CAMLG;DOCK10;PPP2R3C;HIF1A;CCNB2;PRDX2;PKN1;FAS;PACS1;IL7R;SOS1;RC3H2;BCL10;PPP3CB	TUB	GO_BP	no_proc_ieg	10347
GOBP_POSITIVE_REGULATION_OF_NATURAL_KILLER_CELL_MEDIATED_IMMUNITY	1.4325094610697364	0.08193979933110368	0.19347550010695133	7/20	HLA-F;RASGRP1;VAV1;SH2D1A;HLA-E;CRTAM;LAMP1	TUB	GO_BP	no_proc_ieg	10347
GOBP_PYRIMIDINE_CONTAINING_COMPOUND_METABOLIC_PROCESS	1.431471407714354	0.03375527426160337	0.19459689739121824	10/66	NME1;DCTPP1;APOBEC3G;DCK;TPK1;TYMP;DTYMK;CMPK1;DCTD;AK5	TUB	GO_BP	no_proc_ieg	10347
GOBP_REGULATION_OF_PRODUCTION_OF_MOLECULAR_MEDIATOR_OF_IMMUNE_RESPONSE	1.430929549619152	0.01507537688442211	0.195036590539967	35/144	PYCARD;HLA-F;TLR3;SPON2;TLR7;LAPTM5;B2M;MYD88;TNFRSF1B;IL33;CD86;HLA-A;CD96;LITAF;CD36;IL1R1;CCR2;TNFRSF14;TICAM1;RIGI;IL27RA;IL18R1;TRIL;TRPM4;IL18;MLH1;PANX1;RSAD2;CD40;TWIST1;UBE2J1;NOD2;CD74;HLA-E;F2RL1	TUB	GO_BP	no_proc_ieg	10347
GOBP_POSITIVE_REGULATION_OF_SPROUTING_ANGIOGENESIS	1.4304241259895052	0.07484076433121019	0.19532037584855538	6/16	SMAD1;S100A1;FGF2;PKM;CLIC3;JCAD	TUB	GO_BP	no_proc_ieg	10347
GOBP_POSITIVE_REGULATION_OF_NATURAL_KILLER_CELL_MEDIATED_CYTOTOXICITY	1.4303505404584167	0.0782312925170068	0.19507496952099165	7/19	HLA-F;RASGRP1;VAV1;SH2D1A;HLA-E;CRTAM;LAMP1	TUB	GO_BP	no_proc_ieg	10347
GOBP_POSITIVE_REGULATION_OF_NEURON_PROJECTION_DEVELOPMENT	1.429960418465351	0.020506634499396863	0.1952021581292561	31/123	SNX3;GPRASP3;P3H1;DBN1;EZH2;DDR1;NFE2L2;SERPINF1;TIAM1;FZD1;CAMK1;NCK1;CYFIP1;PLXNB2;ADNP;COBL;GRN;CX3CL1;ABL1;ANKRD27;TOX;VLDLR;TMEM106B;NPTN;STK24;MDK;ITGA3;RELN;SERPINI1;STAU2;ROR1	TUB	GO_BP	no_proc_ieg	10347
GOBP_PROTEIN_FOLDING	1.4298416280891852	0.019704433497536946	0.19500604811487388	40/141	PDIA4;CLU;PRDX4;PPIC;PPIF;P3H1;FKBP11;WIPF1;PPIB;B2M;PDIA5;PPID;P4HB;CLGN;CCT6A;CDC123;RUVBL2;GRN;TBCB;TOR1B;HYOU1;RP2;PDIA6;ERP29;SACS;SDF2L1;QSOX1;TBCC;VBP1;CD74;TTC1;ERO1A;PFDN4;PTGES3;CCT4;SELENOF;CRYAB;DNAJC3;CCT7;CCT8L2	TUB	GO_BP	no_proc_ieg	10347
GOBP_NUCLEOBASE_CONTAINING_COMPOUND_TRANSPORT	1.4294295461880873	0.01717791411042945	0.195189856946107	50/138	NUP37;FLOT1;NUP62;KPNB1;HHEX;CD47;DDX39A;SLC29A3;MVP;POLDIP3;ABCC1;NUP85;NCBP2;UPF2;CPSF6;ATXN2;NUP107;PANX1;NUP153;RAE1;RTRAF;NUP50;ABCC4;THOC6;NDC1;EIF4A3;THOC5;XPOT;THOC7;CETN3;SIDT1;MRPL18;NUP93;SLC35C1;AGFG1;SLC35A1;IGF2BP3;CHTOP;SLC25A5;SLC35A5;BICD2;TGFBR2;NUP133;UPF3B;NUP155;FMR1;SMG1;MAGOH;SLC35D2;XPO1	TUB	GO_BP	no_proc_ieg	10347
GOBP_POSITIVE_REGULATION_OF_PROTEIN_CONTAINING_COMPLEX_ASSEMBLY	1.4282828956518459	0.01893939393939394	0.1965990363494527	30/143	PYCARD;CLU;ABCA1;MYD88;ISG15;ARPC2;BAX;RHOC;CAPG;PSRC1;RHOA;EVL;BID;NCK1;MMP1;FCHSD2;ABCA3;FERMT1;SH3GLB1;NCKAP1L;CD36;CDH5;AMBRA1;PFN1;WARS1;HCK;TOGARAM1;GRB2;CXCL13;LCP1	TUB	GO_BP	no_proc_ieg	10347
GOBP_RESPONSE_TO_TUMOR_NECROSIS_FACTOR	1.4279986355909178	0.013317191283292978	0.19660183570102038	39/167	PYCARD;UBD;CLDN1;CASP8;COL1A1;CCL5;VCAM1;CX3CR1;NFKB1;THBS1;LAPTM5;TNFRSF1B;NFE2L2;BRCA1;ZNF675;EXT1;CARD8;TNFRSF11B;POSTN;TANK;TUBA1A;CASP1;CD58;TNFRSF14;TNFRSF17;CD14;ADAM10;CASP3;UBE2K;NR1D1;CASP4;FABP4;CD40;GSTP1;CEBPA;TRAF3;GBP2;F2RL1;GBP1	TUB	GO_BP	no_proc_ieg	10347
GOBP_POSITIVE_REGULATION_OF_HEMOPOIESIS	1.4274300025823419	0.008631319358816275	0.19702418285927262	31/149	FADD;CASP8;TYROBP;HLA-DRB1;DDRGK1;EVI2B;TESC;SMARCE1;HLA-DRA;HCLS1;RAG1;CD86;SMARCD3;RHOA;LGALS1;ANXA1;RB1;CCR1;HLX;RASGRP1;NCKAP1L;INPP5D;IL15;BTN2A2;CD4;CCL19;AMBRA1;TOX;IL7;CD27;IL18	TUB	GO_BP	no_proc_ieg	10347
GOBP_B_CELL_MEDIATED_IMMUNITY	1.4252802469691488	0.02445302445302445	0.19965548415309384	34/104	CLU;SERPING1;MYD88;C1QA;C1S;IRF7;C1R;FCER1G;SWAP70;C3;PTPN6;INPP5D;C8G;IGHM;FCGR3B;IL27RA;NBN;IGKC;CD27;FCER1A;MLH1;CD40;TLR8;C1QB;NOD2;CD74;HLA-E;FCGR2B;MSH6;NSD2;CCR6;FCMR;CFI;CD81	TUB	GO_BP	no_proc_ieg	10347
GOBP_POSTREPLICATION_REPAIR	1.4250708856830103	0.06869009584664537	0.1995538389171041	7/21	POLH;RCHY1;PCLAF;DTL;BRCA1;PCNA;POLE2	TUB	GO_BP	no_proc_ieg	10347
GOBP_REGULATION_OF_DNA_DAMAGE_CHECKPOINT	1.4242383240292258	0.06688417618270799	0.20032048168473857	12/16	BRCA1;RPA2;RNASEH2B;BRCC3;TTI1;BRCA2;CUL4A;MAP3K20;FEM1B;ETAA1;CRY1;BARD1	TUB	GO_BP	no_proc_ieg	10347
GOBP_MULTIVESICULAR_BODY_SORTING_PATHWAY	1.4239249319681093	0.0782472613458529	0.2004710246976128	12/27	TMEM50A;LAPTM4B;VPS4B;LEPROTL1;UBAP1;VPS28;RUBCN;RAB27B;LEPROT;STAM;CHMP7;TMEM50B	TUB	GO_BP	no_proc_ieg	10347
GOBP_POSITIVE_REGULATION_OF_PATTERN_RECOGNITION_RECEPTOR_SIGNALING_PATHWAY	1.4237804814398698	0.041604754829123326	0.20025618396432313	15/44	NAGK;FLOT1;CYBA;MYD88;IFI35;TLR1;CD36;CAV1;CD14;RSAD2;LTF;BRCC3;DDX60;GBP2;F2RL1	TUB	GO_BP	no_proc_ieg	10347
GOBP_PROTEIN_RNA_COMPLEX_ORGANIZATION	1.4228871696400616	0.018518518518518517	0.2011748764798709	71/138	AGO4;EIF3J;SNRPB;TRIM21;RPS19;RUVBL2;SNRPF;ADAR;ZNHIT3;COIL;CELF2;GEMIN2;MRM2;GEMIN4;TAF9;SHQ1;PUF60;SNRPD2;SF3B2;TARBP2;CRNKL1;PTGES3;TSSC4;EIF3G;PRPF19;SF3A1;DDX23;SNU13;CLP1;RUVBL1;EIF3D;XRCC5;RBMX2;SF1;GEMIN7;FAF2;DYRK3;ATM;PRPF18;SNIP1;SNRNP200;XAB2;SNRPD1;STRAP;KLC1;HTATSF1;PRMT5;ATR;SF3B5;AGO3;SNRPD3;PSIP1;NUFIP1;SRSF10;LUC7L3;U2AF2;EIF3I;EIF6;WDR77;LUC7L;SETX;EIF3H;SF3B4;EIF3L;RPL13A;DHX29;MCTS1;LSM2;ZNHIT6;ERAL1;GEMIN8	TUB	GO_BP	no_proc_ieg	10347
GOBP_AMYLOID_PRECURSOR_PROTEIN_METABOLIC_PROCESS	1.4227193375175908	0.0332409972299169	0.20105040529102094	17/62	TMED10;DHCR24;CLU;PSENEN;ITM2C;PSEN2;PSEN1;RTN1;RTN2;SOAT1;ADAM10;CASP3;LDLRAP1;APH1A;AATF;SP1;NSG1	TUB	GO_BP	no_proc_ieg	10347
GOBP_PROTEIN_LOCALIZATION_TO_CELL_PERIPHERY	1.4222116934125315	0.005847953216374269	0.20142876270705307	79/236	GOLPH3L;GORASP2;CSK;FLOT1;ARL6IP5;NETO2;TPBG;TESC;TMBIM1;GPSM2;VAMP8;GPC4;STX3;RAB31;GNAI1;VAMP5;CACNB3;AKAP5;AGR2;VPS35;CAV1;PRKCH;EHD4;ZDHHC7;S100A10;STX8;PLS1;IFT20;CCDC88A;ADAM10;ITGB1BP1;HRAS;RAB38;EPB41L2;LZTFL1;RAB8A;EHD3;ARHGAP44;ITGA3;LDLRAP1;ASAP1;GBP1;FYB1;NSG1;NSF;STXBP1;SEC16A;LYPD1;SEC23A;BSG;SCARB2;GOLGA7;GCC2;STX7;CD81;EFR3A;EMP2;LYPLA1;SCRIB;APPL1;DAB2;FGF13;RACK1;RABEP1;AP2M1;SQSTM1;RAB7A;ATP6AP1;PREPL;RAPGEF6;PSMD10;RAB29;CLN3;RAB11FIP2;MAL;CDH2;EPB41;PACS1;BAG4	TUB	GO_BP	no_proc_ieg	10347
GOBP_PROTEIN_LOCALIZATION_TO_LYSOSOME	1.4210422946487828	0.06695778748180495	0.2027181048852579	15/37	RRAGC;CLU;LAPTM5;GNPTAB;SNX16;BECN1;VPS54;SCARB2;GCC2;LAMP2;CD81;NCOA4;MFSD1;RAB7A;NEDD4	TUB	GO_BP	no_proc_ieg	10347
GOBP_EXTRINSIC_APOPTOTIC_SIGNALING_PATHWAY	1.4207554298772391	0.01097560975609756	0.20275834539432241	39/182	PYCARD;FADD;CASP8;TLR3;THBS1;TMBIM1;TNFRSF1B;IFI27;MLLT11;ITM2C;BAX;IL33;SRPX;CTNNA1;BID;BRCA1;PAK2;IFI6;CAV1;CASP2;CX3CL1;DDX47;NDUFA13;IL7;BCL2A1;TNFSF10;RNF34;CD27;SP100;NRP1;GABARAP;STK4;PSME3;GSTP1;LTB;DIABLO;PEA15;PPP1CA;ITGAV	TUB	GO_BP	no_proc_ieg	10347
GOBP_RRNA_PROCESSING	1.4204891725041768	0.017543859649122806	0.20281231784829865	49/144	NOP10;RPP40;BMS1;RRP8;POP5;RPS19;NAT10;METTL18;UTP11;GTPBP4;ISG20;ZNHIT3;TSR1;POP7;REXO4;DDX47;UTP25;RRP1B;DROSHA;MRM2;NOL11;EXOSC10;GEMIN4;WDR12;SHQ1;UTP14A;UTP6;DKC1;EIF4A3;PES1;MTREX;DDX52;NHP2;WDR3;SNU13;MAK16;FTSJ3;NOL7;MPHOSPH6;FCF1;RPF1;DDX27;RNASEL;LSM6;DIMT1;NOL8;RPUSD2;EXOSC8;NVL	TUB	GO_BP	no_proc_ieg	10347
GOBP_POSITIVE_REGULATION_OF_BINDING	1.4204751918561347	0.038834951456310676	0.202466079803136	27/80	NME1;FLOT1;EDF1;DACT1;DDRGK1;B2M;TRIM21;TIAM1;RB1;GTF2B;CLIC2;ABL1;STK4;TWIST1;CDT1;MET;IDE;ANXA2;MARK3;CLN5;RALB;EIF3D;BMP2;BAMBI;GATA3;USP33;PIN1	TUB	GO_BP	no_proc_ieg	10347
GOBP_POSITIVE_REGULATION_OF_DNA_TEMPLATED_TRANSCRIPTION_INITIATION	1.4203563577189586	0.0529500756429652	0.20222826679716382	19/49	NFKB1;TAF4;MED24;TAF10;MED6;MED21;TBP;MED16;TWIST1;MED17;TAF9;MED20;TAF5;MED1;TAF7;MED7;TAF4B;GTF2A1;CAND1	TUB	GO_BP	no_proc_ieg	10347
GOBP_EXTERNAL_ENCAPSULATING_STRUCTURE_ORGANIZATION	1.4200547833559478	0.00702576112412178	0.20231913938342036	54/224	COL3A1;COL4A1;PRDX4;FLOT1;COL1A1;TGFBI;CTSS;ITGB3;RIC8A;SLC2A10;TNFRSF1B;COL1A2;DDR1;P3H4;NID2;ADAMTS5;CAPG;COL15A1;CAV2;LOXL1;MMP7;RB1;MMP1;EXT1;GPM6B;LAMC1;FERMT1;MATN3;OLFML2B;TNFRSF11B;POSTN;SPINT2;PPARG;SPINT1;CAV1;AEBP1;MMP2;ABL1;LCP1;ADAM10;QSOX1;FSCN1;COL18A1;COL5A2;CPB2;LUM;PHLDB1;PLOD3;ANXA2;FLRT2;ERO1A;ADAMTS3;SERPINH1;FGFR4	TUB	GO_BP	no_proc_ieg	10347
GOBP_RIBOSOME_BIOGENESIS	1.4199844835819624	0.0035714285714285713	0.2020428399849609	75/196	NOP10;RPP40;NPM1;NIP7;BMS1;RRP8;POP5;RPS19;NAT10;ABCE1;METTL18;UTP11;GTPBP4;ISG20;ZNHIT3;TSR1;POP7;REXO4;DDX47;UTP25;RRP1B;DROSHA;MRM2;NOL11;URB2;EXOSC10;GEMIN4;AATF;WDR12;SDAD1;SHQ1;GNL2;UTP14A;UTP6;DKC1;EIF4A3;PES1;MTREX;DDX52;ISG20L2;NHP2;WDR3;AIRIM;SNU13;MAK16;PAK1IP1;XRCC5;FTSJ3;NOL7;MPHOSPH6;FCF1;RPF1;DDX27;RSL24D1;RNASEL;LSM6;DIMT1;NOL8;RPUSD2;CUL4B;EXOSC8;NVL;AFG2B;XPO1;RRN3;RPS11;RPL35A;EFL1;NGRN;RPP38;RPS16;NOL10;TSC1;EBNA1BP2;RPS21	TUB	GO_BP	no_proc_ieg	10347
GOBP_REGULATION_OF_MACROPHAGE_DERIVED_FOAM_CELL_DIFFERENTIATION	1.419653104618914	0.0752	0.20216982158461666	8/27	ABCA1;NFKB1;ITGB3;CD36;PPARG;PRKCH;IL18;ITGAV	TUB	GO_BP	no_proc_ieg	10347
GOBP_SUPEROXIDE_ANION_GENERATION	1.4194527365974134	0.06983655274888559	0.20211444293749115	6/32	TYROBP;ITGB2;CYBA;ITGAM;NCF4;CYBB	TUB	GO_BP	no_proc_ieg	10347
GOBP_POSITIVE_REGULATION_OF_CELL_JUNCTION_ASSEMBLY	1.4183934119840886	0.027247956403269755	0.20329945836662716	20/77	CLDN1;GPRASP3;FLOT1;MAP4K4;HOPX;TPBG;FLRT3;THBS2;ADNP;SRPX2;OXTR;CAV1;S100A10;ABL1;ITGB1BP1;NRP1;CLDN3;AGRN;RAC1;STAU2	TUB	GO_BP	no_proc_ieg	10347
GOBP_NEGATIVE_REGULATION_OF_ORGANELLE_ORGANIZATION	1.4177865989549354	0.006920415224913495	0.20380480791540886	82/242	ZWINT;CLU;PPIF;TMSB10;CDC20;MAD2L1;TSPO;TRIAP1;SLC35F6;BUB1B;FXN;NPM1;CAPG;MAD1L1;ZWILCH;BRCA1;NDC80;CHEK1;NAA10;AURKB;FLII;SWAP70;NAT10;TOP2A;PAK2;CDH5;PPARG;APC;VAT1;S1PR1;PFN1;TTK;MUL1;DCP2;ANKRD27;SPC25;NBN;TIGAR;TMSB15A;CCNB1;WDR44;PARP1;EXOSC10;GMFB;NME6;PSMG2;MET;TPX2;TMOD3;CENPF;BECN1;MID1;POT1;SMARCA5;GMFG;CAPZB;CAPZA2;FBXO5;EPS8;SLC25A5;FEZ2;ZNF207;TINF2;YAP1;ZW10;MID1IP1;CDCA8;SPDL1;FGF13;CKAP2;BUB3;MAPRE1;RAB7A;TBC1D30;SCFD1;ATM;BBS4;IK;WAPL;TRIM37;PSMD10;CORO1B	TUB	GO_BP	no_proc_ieg	10347
GOBP_MACROPHAGE_MIGRATION	1.4161389215744982	0.05507246376811594	0.20582913762446067	13/46	CCL5;CX3CR1;THBS1;CCR2;C3AR1;NUP85;CX3CL1;MMP2;C5AR1;CKLF;MDK;P2RX4;PTK2	TUB	GO_BP	no_proc_ieg	10347
GOBP_REGULATION_OF_STEROL_TRANSPORT	1.415459885038307	0.054441260744985676	0.20641504670603864	8/40	PLTP;ABCA1;NFKB1;TSPO;APOC1;ABCA3;PPARG;CAV1	TUB	GO_BP	no_proc_ieg	10347
GOBP_PROTEIN_DESTABILIZATION	1.4142605176406	0.05373134328358209	0.2077063714271155	10/38	SOX17;CHFR;MYLIP;TRIM21;VPS35;RNF139;UTP25;MUL1;DERL1;NR1D1	TUB	GO_BP	no_proc_ieg	10347
GOBP_GLYCOSAMINOGLYCAN_CATABOLIC_PROCESS	1.4138738541819464	0.08051529790660225	0.2078997677866903	9/20	HMMR;HEXB;CD44;GLB1;SGSH;FGF2;GUSB;GNS;HYAL2	TUB	GO_BP	no_proc_ieg	10347
GOBP_SPROUTING_ANGIOGENESIS	1.4135160113760337	0.024456521739130436	0.2080585821362014	21/91	PIK3R3;SMAD1;S100A1;THBS1;PLK2;EFNB2;RHOA;VEGFC;ANXA1;FGF2;SRPX2;MEOX2;PKM;ABL1;ALOX5;CLIC3;ITGB1BP1;MMRN2;NRP1;SYNJ2BP;JCAD	TUB	GO_BP	no_proc_ieg	10347
GOBP_REGULATION_OF_DNA_METABOLIC_PROCESS	1.4127858143383487	0.006564551422319475	0.20883091151360128	138/345	APAF1;RFC5;GZMA;POLH;DBF4;RAD51AP1;S100A11;ANXA3;SMARCE1;MCM4;BAX;TAF4;USP22;CDK1;NPM1;RFC2;MCM5;FUS;SMARCD3;DFFB;CCNA2;DSCC1;BRCA1;FOXM1;CHEK1;RPA2;AURKB;NPAS2;NAT10;JADE3;CCT6A;DYNLL1;MCM2;RUVBL2;OBI1;FGF2;GTPBP4;PCNA;POLE3;IL27RA;TAF10;ORC5;RFC4;ABL1;DCP2;PARPBP;GNL3;NBN;CDC7;TIGAR;BABAM1;PARP1;EXOSC10;MLH1;HNRNPAB;DEK;KPNA2;CD40;TWIST1;CDT1;TAF9;H1-10;BRCC3;CYREN;TAF5;DKC1;POLG2;CDKN1B;H1-2;POT1;SMARCA5;PTGES3;ACTL6A;FGFR4;CCT4;MSH6;NSD2;FBXO5;ACTR5;ID3;SUPT7L;BAZ1A;USP1;TAF7;RUVBL1;CCT7;YLPM1;RPS3;XRCC5;WDR48;TINF2;KMT5B;MCM3;TRIM28;ACTR8;METTL4;MAPK1;GATA3;CCT3;TRRAP;SMG1;MAGEF1;RBBP6;ATM;E2F8;NVL;CDC6;WAPL;SSBP1;TAF6L;CYP1B1;WRN;RAD50;ZMPSTE24;WRAP53;MAP3K4;FGFR1;PAXIP1;LIG3;SMCHD1;MORF4L2;RECQL5;IL7R;NFRKB;ORC3;NEK2;UIMC1;TFPT;MCRS1;LPIN1;ACD;PIAS4;AUNIP;ATR;SKP2;C1QBP;PTPRC;SF3B5	TUB	GO_BP	no_proc_ieg	10347
GOBP_HUMORAL_IMMUNE_RESPONSE	1.4119128070239877	0.012925969447708578	0.2097541719057299	64/200	CLU;SERPING1;CFB;CCL5;SLPI;CXCL1;HLA-DRB1;SPON2;C1QA;RNASE6;HLA-A;C1S;LYZ;MMP7;CXCL9;MS4A1;PSMB10;C1R;RPS19;C3;VSIG4;WFDC2;PTPN6;C8G;IGHM;CCR2;CXCL6;CCL19;PF4V1;CX3CL1;CXCL11;POU2AF1;CXCL13;H2BC12;ALOX5;IL7;H2BC21;REG1A;PPBP;CCL20;CD59;LTF;SH2D1A;C1QB;CCL18;A2M;MEF2C;IFNA16;NOD2;CXCL10;HLA-E;CFD;EBI3;CCL11;FCGR2B;NOTCH2;CCR6;JCHAIN;FCMR;CFI;S100A9;CFP;PPP2R3C;CD81	TUB	GO_BP	no_proc_ieg	10347
GOBP_POSITIVE_REGULATION_OF_LEUKOCYTE_CHEMOTAXIS	1.4117084983041466	0.040160642570281124	0.2096711785728144	25/77	CCL5;CX3CR1;THBS1;PERP;VEGFC;CCR1;SWAP70;NCKAP1L;CCR2;C3AR1;CCL19;STK39;RAC2;CXCL13;ADAM10;PLA2G7;C5AR1;MDK;RAC1;CXCL10;CD74;MOSPD2;F2RL1;PTK2;CCR6	TUB	GO_BP	no_proc_ieg	10347
GOBP_CHOLESTEROL_EFFLUX	1.411154767730468	0.06456456456456457	0.21012189812525564	9/42	PLTP;ABCA1;LIPA;APOC1;SCARB1;ABCA3;PPARG;CAV1;SOAT1	TUB	GO_BP	no_proc_ieg	10347
GOBP_POSITIVE_REGULATION_OF_CYTOSKELETON_ORGANIZATION	1.4108004902727151	0.031725888324873094	0.21028379161435762	38/134	PYCARD;NF2;NUP62;GPR65;VPS4B;ARPC2;CD47;RHOC;PSRC1;GPSM2;RHOA;EVL;NCK1;CYFIP1;SPAST;FCHSD2;SWAP70;NCKAP1L;PFN1;PLK4;CX3CL1;HCK;TOGARAM1;GRB2;S100A10;ABL1;CCDC88A;ITGB1BP1;ARHGEF5;NRP1;RAPGEF3;RAC1;MET;TRIM27;DSTN;F2RL1;CDKN1B;CCL11	TUB	GO_BP	no_proc_ieg	10347
GOBP_PROTEIN_LOCALIZATION_TO_CELL_CELL_JUNCTION	1.410690758472217	0.06763285024154589	0.21011143450223074	8/16	ACTG1;LSR;PAK2;CDH5;ZDHHC7;PECAM1;VCL;SCRIB	TUB	GO_BP	no_proc_ieg	10347
GOBP_TRANSLATIONAL_INITIATION	1.4103435403734137	0.037037037037037035	0.21022088830133803	27/72	CCL5;EIF3J;NPM1;EIF4G3;NCK1;POLR2G;EIF1B;YTHDF1;YTHDF3;ABCE1;BANK1;EIF4E2;NCBP2;EIF2B4;METTL3;EIF4G2;PPP1CA;EIF3G;EIF1AY;DNAJC3;EIF3D;RPS3;RPS6KB2;EIF2B1;EIF4EBP1;FMR1;SH3BGRL	TUB	GO_BP	no_proc_ieg	10347
GOBP_POSITIVE_REGULATION_OF_TRANSLATION	1.409706756223918	0.03718459495351926	0.21083624173376495	29/85	CCL5;NIBAN1;THBS1;NPM1;EIF4G3;NCK1;POLR2G;YTHDF1;YTHDF3;NAT10;POLDIP3;PLXNB2;PKM;METTL3;EIF4G2;SOX4;EIF4A3;SAMD4A;GUF1;MRPS27;EEF2;DNAJC3;EIF3D;COA3;ITGA2;RPS6KB2;UPF3B;FMR1;SH3BGRL	TUB	GO_BP	no_proc_ieg	10347
GOBP_POSITIVE_REGULATION_OF_LOCOMOTION	1.409421472121422	0.0010604453870625664	0.21093069897664732	109/459	PIK3R3;RRAS;PYCARD;FADD;CLDN1;CASP8;MAP4K4;COL1A1;CCL5;FN1;CX3CR1;THBS1;DDRGK1;PLK2;ITGB3;EZH2;ITGA4;GFUS;TPBG;S100A11;ANXA3;PERP;FUT4;NFE2L2;CD47;RHOC;RHOA;TIAM1;SCARB1;MMP7;STX3;VEGFC;SASH1;ANXA1;PIK3CG;CCR1;FERMT1;SWAP70;ACTG1;POSTN;NCKAP1L;SHTN1;CDH5;FGF2;CRKL;SRPX2;GRN;VPS35;ADRA2A;CAV1;APC;IL1R1;CCR2;C3AR1;TNFRSF14;S1PR1;CCL19;STK39;PFN1;CX3CL1;TNFAIP6;RAC2;RAB25;MMP2;ABL1;RHOD;ASCL2;P2RY6;CXCL13;CFAP20;LAMC2;SMURF2;ADAM10;PLA2G7;C5AR1;GPNMB;ITGB1BP1;CAVIN1;HRAS;NRP1;JAM2;CD151;CLDN3;MDK;ITGA3;PECAM1;CCL20;RELN;CD40;STK4;RAC1;TWIST1;SELP;JCAD;MET;CCL18;CXCL10;ITGAV;SP1;CRK;CD74;SDCBP;MOSPD2;F2RL1;P2RX4;TRIP6;SPARC;CCL11;PTK2	TUB	GO_BP	no_proc_ieg	10347
GOBP_POSITIVE_REGULATION_OF_TYPE_2_IMMUNE_RESPONSE	1.4089932061427881	0.09250398724082935	0.21121131277260582	9/17	IL33;CD86;IL18;RSAD2;NOD2;CD74;CD81;IDO1;GATA3	TUB	GO_BP	no_proc_ieg	10347
GOBP_POSITIVE_REGULATION_OF_CHROMOSOME_SEGREGATION	1.408390801632216	0.0949367088607595	0.21175522976761238	10/21	NCAPG;CDK1;AURKB;SMC4;CCNB1;BECN1;NCAPG2;CDCA8;SMC2;CDC6	TUB	GO_BP	no_proc_ieg	10347
GOBP_BLOOD_VESSEL_ENDOTHELIAL_CELL_MIGRATION	1.4083604682790165	0.030913978494623656	0.2114327774783157	27/98	PIK3R3;THBS1;PLK2;VASH1;NFE2L2;EFNB2;RHOA;SCARB1;VEGFC;AMOT;ANXA1;CDH5;PPARG;FGF2;SRPX2;MEOX2;PRCP;ABL1;ITGB1BP1;MMRN2;NRP1;CD40;JCAD;MYH9;MEF2C;SP1;P2RX4	TUB	GO_BP	no_proc_ieg	10347
GOBP_PROTEIN_DNA_COMPLEX_DISASSEMBLY	1.407560263052674	0.09492635024549918	0.21227919018309893	4/18	SMARCE1;SMARCD3;SET;ATAD2	TUB	GO_BP	no_proc_ieg	10347
GOBP_POSITIVE_REGULATION_OF_MEMBRANE_PERMEABILITY	1.406985797993086	0.0787037037037037	0.21274897340733723	6/26	PPIF;LAPTM5;SLC35F6;BAX;BID;MUL1	TUB	GO_BP	no_proc_ieg	10347
GOBP_T_CELL_APOPTOTIC_PROCESS	1.4061406458232597	0.046296296296296294	0.21376678882836403	6/38	FADD;CCL5;PERP;LIPA;RAG1;BAX	TUB	GO_BP	no_proc_ieg	10347
GOBP_DENDRITIC_CELL_DIFFERENTIATION	1.4057612905077932	0.05807365439093484	0.21400662741746418	12/38	HLA-B;UBD;IRF8;LGALS1;ITGB8;PSEN1;CCL19;ITGB6;F2RL1;FCGR2B;NOTCH2;TMEM176A	TUB	GO_BP	no_proc_ieg	10347
GOBP_REGULATION_OF_PROTEIN_CATABOLIC_PROCESS	1.4057138664370974	0.009378663540445486	0.2137011655031447	56/250	SNX3;LPCAT1;CLU;CDC20;TIMP1;UBQLN2;MAD2L1;AURKA;DACT1;SOX17;DDRGK1;PLK2;RCHY1;LAPTM4B;TNFRSF1B;NFE2L2;CTSA;SERPINE2;PBK;VGLL4;CHFR;MYLIP;IL33;DTL;CSNK1D;USP14;PSEN1;VPS28;RBX1;VPS35;ADRA2A;CAV1;APC;LAMP3;PSME1;NDUFA13;BBS7;UBE2K;GABARAP;KEAP1;TIMP2;PSME3;TAF9;CEBPA;IDE;ANXA2;GNA12;BCAP31;CAMLG;CDKN1B;CSNK1A1;MARCHF2;AZIN1;NSF;TMX1;NUDT15	TUB	GO_BP	no_proc_ieg	10347
GOBP_NEGATIVE_REGULATION_OF_INTRACELLULAR_TRANSPORT	1.4050154635364838	0.0625	0.21431632986133414	12/33	SNX3;RAB23;DERL2;FERMT1;CD36;VPS35;SP100;NUP153;UBE2J1;PKIA;MDFIC;CRYAB	TUB	GO_BP	no_proc_ieg	10347
GOBP_EXOCYTOSIS	1.4035870960416115	0.004581901489117984	0.21609161779557914	63/224	TMED10;S100A13;HLA-F;TXLNA;CCL5;ITGB2;ITGAM;RAB8B;ANXA3;SYT11;VPS4B;CD300A;ATP9A;VAMP8;RAB33B;STX3;SCRN1;RAB31;ANXA1;PIK3CG;CCR1;PSEN1;RASGRP1;NCKAP1L;ADRA2A;SEPTIN2;CCR2;RAB3D;HCK;RAC2;RAB25;S100A10;NKG7;SYNGR2;RAB9A;RAB40C;RAB27B;FCER1A;RAB8A;STX2;ARHGAP44;CSPG5;STAM;MYH9;ABCC4;WDR41;ANXA2;SDCBP;ARHGAP17;F2RL1;RAB15;FCGR2B;NSF;STXBP1;SYNGR3;RALB;EXOC2;EXOC1;CBL;SYTL2;PTGDR;LAMP1;GNAI2	TUB	GO_BP	no_proc_ieg	10347
GOBP_RESPONSE_TO_ANGIOTENSIN	1.4030468250485513	0.06317411402157165	0.2165352792662446	7/35	COL3A1;NFKB1;CYBB;NFE2L2;TRIM44;BRIP1;CAV1	TUB	GO_BP	no_proc_ieg	10347
GOBP_RNA_POLYMERASE_II_PREINITIATION_COMPLEX_ASSEMBLY	1.4020886856215427	0.05688622754491018	0.21760310465354085	20/40	TAF4;GTF2B;MED24;TAF10;MED6;MED21;TBP;MED16;MED17;TAF9;MED20;TAF5;MED1;DR1;TAF7;MED7;TAF4B;GTF2A1;CAND1;TAF6L	TUB	GO_BP	no_proc_ieg	10347
GOBP_NUCLEIC_ACID_CATABOLIC_PROCESS	1.401331873763353	0.0	0.21841775346148767	138/424	DBR1;APAF1;NOP10;SLFN12;AGO4;ZC3H4;MYD88;RPP40;TNFRSF1B;VIM;RNASE6;INTS9;BAX;NPM1;FUS;BMS1;RRP8;DFFB;POLR2G;SMG8;POP5;PRR5L;YTHDF1;YTHDF3;RPS19;NAT10;METTL18;UTP11;GTPBP4;KARS1;CNOT8;ISG20;CSTF1;ZNHIT3;TSR1;POP7;PAF1;REXO4;NCBP2;DDX47;UTP25;APEX1;RRP1B;DCP2;EDC4;RNASET2;UPF2;DROSHA;LSM7;PUS1;MRM2;NOL11;CPSF6;ZNF473;THUMPD1;EXOSC10;PUS7;SND1;MLH1;ANGEL2;INTS13;HNRNPAB;OAS2;GEMIN4;RNASEH2B;EIF4ENIF1;WDR12;INTS7;RTRAF;SHQ1;METTL3;UTP14A;UTP6;GSPT2;FEN1;DKC1;RBM10;EIF4A3;PUS7L;SAMD4A;PES1;ELAC2;LCMT2;DNASE2;QTRT2;MTREX;DDX52;VPS54;NHP2;CNOT3;PELO;WDR3;TRMT1L;CNOT2;SNU13;FASTKD5;CLP1;MAK16;TRDMT1;RBM7;CSTF2T;CNOT6;IGF2BP3;TENT5C;RNASEH1;FTSJ3;INTS8;NOL7;MPHOSPH6;FCF1;RPF1;DDX27;WDR4;METTL4;MTPAP;RNASEL;INTS11;LSM6;MUS81;PUM1;DIMT1;UPF3B;FMR1;NOL8;SMG1;PAPOLA;MAGOH;PPP1R8;TRMT9B;RPUSD2;LSM5;ATM;EXOG;EXOSC8;NVL;PABPC4;DTWD1;ZPR1	TUB	GO_BP	no_proc_ieg	10347
GOBP_DNA_TEMPLATED_TRANSCRIPTION_INITIATION	1.4010307549241718	0.02512562814070352	0.21842698377865738	52/130	GTF3C4;NFKB1;TAF4;POLR2G;POLR2D;MACROH2A1;GTF2B;MED24;GTF2H1;TAF10;APEX1;ATAD2;MED6;PPM1D;CDK7;MED21;CDK4;GTF2E2;TBP;CAVIN1;E2F3;MED16;APOBEC3F;TWIST1;MED17;TAF9;MED20;TAF5;HEY2;SMARCA5;MED1;DR1;APOBEC3A;TAF7;USP21;SNAPC5;MED7;POLR1E;UBTF;TAF4B;GTF2A1;GTF2F2;CAND1;RRN3;TBPL1;TAF6L;ZMPSTE24;EP300;PAXIP1;POLR1F;ZNF451;POLR1G	TUB	GO_BP	no_proc_ieg	10347
GOBP_POSITIVE_REGULATION_OF_GRANULOCYTE_CHEMOTAXIS	1.4002669411321276	0.08948194662480377	0.2192374462781725	10/23	PERP;NCKAP1L;C3AR1;CCL19;RAC2;C5AR1;MDK;RAC1;CD74;MOSPD2	TUB	GO_BP	no_proc_ieg	10347
GOBP_CELLULAR_RESPONSE_TO_ABIOTIC_STIMULUS	1.4000901844550055	0.01152073732718894	0.2191235602972783	43/256	PYCARD;FADD;CASP8;TLR3;AKR1B1;ECT2;TIMP1;COL1A1;NFKB1;TSPO;POLH;TRIAP1;TLR7;ITGB3;RAD51AP1;MYD88;TLR5;PBK;BAX;CRIP1;NPM1;PPID;IL33;PTEN;BRCA1;CHEK1;IFI16;MMP1;AURKB;RUVBL2;NMT2;FGF2;TANK;CASP1;NMT1;RBX1;PCNA;MAP3K1;CASP2;STK39;GRB2;MMP2;ITGB6	TUB	GO_BP	no_proc_ieg	10347
GOBP_MEMBRANE_FISSION	1.3992674701795276	0.08386075949367089	0.2199738148024853	10/25	VPS4B;UBAP1;SPAST;VPS28;SH3GLB1;STAM;CHMP7;EXOC2;EXOC1;TMCC1	TUB	GO_BP	no_proc_ieg	10347
GOBP_CELL_CHEMOTAXIS	1.3977242357069704	0.015081206496519721	0.22202099852219098	66/239	CCL5;VCAM1;CXCL1;ITGB2;CX3CR1;THBS1;TPBG;PPIB;PERP;TIAM1;CXCL9;VEGFC;ANXA1;PIK3CG;CCR1;CYP7B1;FCER1G;RPS19;SWAP70;NCKAP1L;CCR5;FGF2;CRKL;ABCC1;CCR2;C3AR1;CXCL6;S1PR1;CCL19;STK39;PF4V1;HOXB9;NUP85;CX3CL1;TNFAIP6;RAC2;CXCL11;MMP2;CXCL13;ALOX5;VAV1;ADAM10;PLA2G7;C5AR1;CKLF;TRPM4;PPBP;ARHGEF5;NRP1;MDK;VAV3;CCL20;RAC1;CCN3;MET;CCL18;NOD2;CXCL10;CRK;CD74;MOSPD2;CXCR2;F2RL1;P2RX4;CCL11;PTK2	TUB	GO_BP	no_proc_ieg	10347
GOBP_DNA_TEMPLATED_DNA_REPLICATION_MAINTENANCE_OF_FIDELITY	1.3968832038161303	0.05693430656934306	0.22295063006891264	16/38	CARM1;BRCA1;SMARCAL1;DYNLL1;PCNA;NBN;PARP1;ASF1A;FAM111A;RECQL;MUS81;EXO1;WRN;RAD50;BRCA2;ATR	TUB	GO_BP	no_proc_ieg	10347
GOBP_POSITIVE_REGULATION_OF_MYELOID_LEUKOCYTE_DIFFERENTIATION	1.3967082345716544	0.05873925501432665	0.22283445506911237	9/44	FADD;CASP8;TYROBP;HLA-DRB1;EVI2B;TESC;HCLS1;RB1;CCR1	TUB	GO_BP	no_proc_ieg	10347
GOBP_POSITIVE_REGULATION_OF_LEUKOCYTE_PROLIFERATION	1.3964806831418501	0.025094102885821833	0.22279267776011266	32/117	PYCARD;FADD;CCL5;VCAM1;MYD88;HLA-DPA1;CD86;HLA-A;NCK1;CD1D;ANXA1;CD38;VTCN1;NCKAP1L;IL15;CCR2;CCL19;TICAM1;RAC2;IL7;IL18;VAV3;CD40;MEF2C;HHLA2;NMB;CD74;HLA-E;HLA-DMB;EBI3;PTK2;KITLG	TUB	GO_BP	no_proc_ieg	10347
GOBP_NEGATIVE_REGULATION_OF_PROTEIN_MATURATION	1.396424070279605	0.07833333333333334	0.22250691478146603	8/20	THBS1;SERPINE2;CARD8;CTSZ;CST7;CPB2;CAST;PLAT	TUB	GO_BP	no_proc_ieg	10347
GOBP_RESPONSE_TO_IONIZING_RADIATION	1.3962004072047558	0.031496062992125984	0.22248026007941435	49/100	ECT2;VCAM1;RAD51AP1;BAX;BRCA1;DCLRE1C;XRCC4;IFI16;TANK;KARS1;GRB2;ITGB6;TIGAR;CASP3;BABAM1;HRAS;PARP1;RAD54L;RRM1;INTS7;BRCC3;CXCL10;CRYAB;CBL;XRCC5;RAD54B;TSPYL5;SOD2;EEF1D;YAP1;GATA3;ATM;WRN;ZMPSTE24;PAXIP1;UIMC1;BRCA2;ATR;PTPRC;CCND2;CLOCK;MAP3K20;HUS1;TOPBP1;RAD1;SPIDR;SIRT1;NIPBL;SNAI2	TUB	GO_BP	no_proc_ieg	10347
GOBP_REGULATION_OF_DENDRITIC_SPINE_DEVELOPMENT	1.3961107328061595	0.06151645207439199	0.222234399453645	12/42	GPRASP3;DBN1;TIAM1;CAMK1;MAPK6;PSEN1;CDKL5;RELN;STAU2;ASAP1;MEF2C;EIF4G2	TUB	GO_BP	no_proc_ieg	10347
GOBP_POSITIVE_REGULATION_OF_DNA_BINDING	1.3960978837073152	0.07865168539325842	0.22188069908235028	5/26	NME1;EDF1;DDRGK1;RB1;GTF2B	TUB	GO_BP	no_proc_ieg	10347
GOBP_HETEROCHROMATIN_FORMATION	1.3953880737465911	0.04161073825503356	0.22257153256460904	14/83	ATF7IP;EZH2;H2AC8;RRP8;DNMT1;BRCA1;MORC2;RB1;HDAC1;MACROH2A1;MACROH2A2;EED;LMNB1;POLE3	TUB	GO_BP	no_proc_ieg	10347
GOBP_REGULATION_OF_B_CELL_PROLIFERATION	1.3948500582570347	0.07443820224719101	0.2230100068530262	16/48	TYROBP;AHR;MNDA;CD300A;CD38;NCKAP1L;INPP5D;TICAM1;IL7;CASP3;VAV3;CD40;IKZF3;MEF2C;CD74;FCGR2B	TUB	GO_BP	no_proc_ieg	10347
GOBP_EXECUTION_PHASE_OF_APOPTOSIS	1.3942220238021286	0.05925925925925926	0.22362032800242487	18/55	FADD;CASP8;APAF1;BAX;DFFB;TOP2A;PAK2;CASP2;CASP7;NDUFA13;RNF34;CASP3;PLSCR1;STK24;FZD3;DNASE2;VPS54;FAP	TUB	GO_BP	no_proc_ieg	10347
GOBP_RESPONSE_TO_TRANSFORMING_GROWTH_FACTOR_BETA	1.3941388536628492	0.011029411764705883	0.2233730287439205	50/200	COL3A1;CITED2;CLDN1;SMAD1;APAF1;COL1A1;RNF111;CX3CR1;ZEB2;THBS1;SLC2A10;ZFHX3;COL1A2;CDH3;INTS9;CAV2;HDAC1;FERMT1;ITGB8;POSTN;PAK2;CDH5;PPARG;CRKL;CAV1;SPRY1;FNTA;ABL1;ITGB6;DKK3;PMEPA1;SMURF2;CILP;PARP1;ITGA3;RBBP7;DUSP22;TGFB1I1;LPXN;MEF2C;NR3C1;CRK;SDCBP;USP9Y;LDLRAD4;RUNX3;PTK2;HYAL2;ZBTB7A;FUT8	TUB	GO_BP	no_proc_ieg	10347
GOBP_REGULATION_OF_T_CELL_PROLIFERATION	1.3940845280744278	0.033498759305210915	0.22309010395636433	27/134	PYCARD;FADD;CCL5;VCAM1;HLA-DRB1;TNFRSF1B;HLA-DPA1;CD86;MAD1L1;HLA-A;BID;NCK1;CD1D;ANXA1;VSIG4;VTCN1;NCKAP1L;PTPN6;IL15;BTN2A2;CCR2;TNFRSF14;CCL19;RAC2;CASP3;GPNMB;IL18	TUB	GO_BP	no_proc_ieg	10347
GOBP_U2_TYPE_PRESPLICEOSOME_ASSEMBLY	1.3938189190278845	0.08455284552845528	0.22314352102446217	11/18	SNRPB;SNRPF;SNRPD2;SF3B2;SF3A1;RBMX2;SNIP1;SNRPD1;HTATSF1;SF3B5;SNRPD3	TUB	GO_BP	no_proc_ieg	10347
GOBP_AMYLOID_BETA_METABOLIC_PROCESS	1.3938083290540657	0.06598240469208211	0.22280031626720131	16/46	TMED10;CLU;PSENEN;PSEN2;PSEN1;RTN1;RTN2;CASP3;APH1A;IDE;SP1;BECN1;CSNK1E;IFNGR1;RTN3;PIN1	TUB	GO_BP	no_proc_ieg	10347
GOBP_AXON_ENSHEATHMENT_IN_CENTRAL_NERVOUS_SYSTEM	1.393426763307194	0.0768	0.2230117208158228	5/21	CLU;B4GALT5;PTEN;GPM6B;MYRF	TUB	GO_BP	no_proc_ieg	10347
GOBP_HOMOLOGOUS_CHROMOSOME_SEGREGATION	1.3927764925335593	0.06962962962962962	0.2236726589794807	10/37	ZWINT;AGO4;P3H4;BRIP1;PTTG1;PTTG3P;PSMC3IP;MLH1;NDC1;REC8	TUB	GO_BP	no_proc_ieg	10347
GOBP_FIBROBLAST_MIGRATION	1.3925144331853319	0.06332842415316642	0.22372004722276664	23/45	PDLIM1;ZEB2;THBS1;ITGB3;PRR5L;FGF2;IQGAP1;ITGB1BP1;SGPL1;RAC1;CCN3;GNA12;PTK2;HYAL2;FUT8;AKAP12;APPL1;CLN3;MACIR;BAG4;NHERF1;ACTA2;CORO1C	TUB	GO_BP	no_proc_ieg	10347
GOBP_NON_CANONICAL_NF_KAPPAB_SIGNAL_TRANSDUCTION	1.3916846519972257	0.05172413793103448	0.22459573902888832	20/93	PYCARD;TLR3;NFKB1;TNFSF15;TLR7;LAPTM5;NMI;IFI35;TRIM44;RASSF2;AKIP1;CD86;RHOA;SASH1;LITAF;CCL19;IL18R1;CD27;IL18;NLRP2	TUB	GO_BP	no_proc_ieg	10347
GOBP_SINGLE_STRANDED_VIRAL_RNA_REPLICATION_VIA_DOUBLE_STRANDED_DNA_INTERMEDIATE	1.3913735929630926	0.09421487603305785	0.2247135108682571	8/16	APOBEC3G;MORC2;TOP2A;APOBEC3F;MPHOSPH8;APOBEC3A;TASOR;TRIM28	TUB	GO_BP	no_proc_ieg	10347
GOBP_REGULATION_OF_EXTRACELLULAR_MATRIX_ORGANIZATION	1.3909888600257714	0.05475504322766571	0.22490127141768948	16/49	ITGB3;SLC2A10;TNFRSF1B;DDR1;RB1;LAMC1;PPARG;AEBP1;ABL1;FSCN1;CPB2;PHLDB1;FGFR4;FAP;CST3;BMP2	TUB	GO_BP	no_proc_ieg	10347
GOBP_HUMORAL_IMMUNE_RESPONSE_MEDIATED_BY_CIRCULATING_IMMUNOGLOBULIN	1.3902214014550676	0.0687593423019432	0.22569889866222495	15/40	CLU;SERPING1;C1QA;C1S;C1R;C3;PTPN6;C8G;IGHM;C1QB;NOD2;FCGR2B;FCMR;CFI;CD81	TUB	GO_BP	no_proc_ieg	10347
GOBP_APOPTOTIC_SIGNALING_PATHWAY	1.389903235485634	0.001072961373390558	0.22587352040180353	98/452	DYRK2;PYCARD;FADD;CLU;CASP8;PPIF;TLR3;APAF1;ARL6IP5;CTSS;CX3CR1;SLFN12;THBS1;TRIAP1;MUC1;PTTG1IP;PERP;TMBIM1;TNFRSF1B;IFI27;NFE2L2;SLC35F6;MLLT11;TPD52L1;ITM2C;BAX;CRIP1;FXN;CD44;IL33;P4HB;RRP8;SRPX;FZD1;CTNNA1;BID;NCK1;BRCA1;IFI16;RB1;HDAC1;ANXA6;CD38;PSEN1;PAK2;DAP3;IFI6;CAV1;CASP2;CAAP1;HYOU1;TICAM1;CX3CL1;DDX47;MMP2;MUL1;ABL1;MSX1;NDUFA13;ERP29;NBN;IL7;BCL2A1;TNFSF10;SGMS1;RNF34;CASP3;MELK;CD27;STK24;HRAS;SP100;PARP1;NRP1;MLH1;GABARAP;SGPL1;PPP1R13B;CASP4;AATF;STK4;PSME3;LCK;GSTP1;LTB;TAF9;DIABLO;ATP5IF1;PEA15;QARS1;PPP1CA;ITGAV;CD74;BCAP31;BECN1;ERO1A;P2RX4;ELL3	TUB	GO_BP	no_proc_ieg	10347
GOBP_REGULATION_OF_PROTEOLYSIS_INVOLVED_IN_PROTEIN_CATABOLIC_PROCESS	1.389532673167429	0.020935960591133004	0.22607713991688977	37/150	CLU;CDC20;UBQLN2;AURKA;DDRGK1;LAPTM5;RCHY1;NFE2L2;PBK;CHFR;IL33;PTEN;CSNK1D;USP14;PSEN1;RBX1;CAV1;LAMP3;RNF139;PSME1;BBS7;UBE2K;CCDC22;GABARAP;KEAP1;PSME3;TAF9;CEBPA;ATP5IF1;TGFB1I1;GNA12;BCAP31;CAMLG;CSNK1A1;PTK2;TMX1;NUDT15	TUB	GO_BP	no_proc_ieg	10347
GOBP_POSITIVE_REGULATION_OF_CELL_CYCLE	1.3893546934258982	0.008120649651972157	0.22603305763805	34/232	CITED2;ECT2;CDC20;MAD2L1;AURKA;DDRGK1;EZH2;DBF4;RAD51AP1;NUP62;NUSAP1;VPS4B;DLGAP5;NCAPG;USP22;CDK1;NPM1;PSRC1;TRIM21;GPSM2;MAD1L1;SMARCD3;RHOA;DTL;NDC80;RAD51C;CHEK1;ANXA1;RB1;MACROH2A1;SPAST;AURKB;CDC25B;SMC4	TUB	GO_BP	no_proc_ieg	10347
GOBP_RRNA_METABOLIC_PROCESS	1.3876144382319133	0.025210084033613446	0.2284089351729192	58/171	GTF3C4;NOP10;SLFN12;RPP40;BMS1;RRP8;POP5;MACROH2A1;MACROH2A2;RPS19;NAT10;METTL18;UTP11;GTPBP4;ISG20;ZNHIT3;TSR1;POP7;REXO4;DDX47;UTP25;RRP1B;DROSHA;MRM2;NOL11;CAVIN1;EXOSC10;GEMIN4;WDR12;SHQ1;UTP14A;UTP6;DKC1;POLR2E;EIF4A3;PES1;MTREX;DDX52;NHP2;PELO;WDR3;SNU13;MAK16;FTSJ3;NOL7;MPHOSPH6;FCF1;RPF1;DDX27;RNASEL;LSM6;POLR1E;DIMT1;NOL8;RPUSD2;MARS1;EXOSC8;NVL	TUB	GO_BP	no_proc_ieg	10347
GOBP_ANTIVIRAL_INNATE_IMMUNE_RESPONSE	1.3870961018092685	0.07518796992481203	0.22885522152081345	13/38	MX1;OAS1;IFIH1;NCK1;IFIT3;CARD8;IFIT2;RIGI;TRIM25;CXCL10;NMB;SMARCA5;MARCHF2	TUB	GO_BP	no_proc_ieg	10347
GOBP_PROTEOLYSIS_INVOLVED_IN_PROTEIN_CATABOLIC_PROCESS	1.3866255079026826	0.0021164021164021165	0.22918719154319692	152/488	PSMB8;MAEA;SEC61B;UBD;CLU;CASP8;PSMB9;DTX4;CDC20;RNF111;CTSS;UBQLN2;UBE2D2;GZMA;UBE2L6;AURKA;DDRGK1;DERL2;LAPTM5;TRIP4;RCHY1;ISG15;IFI27;NFE2L2;VPS4B;NAE1;PBK;CHFR;MYLIP;UBE2E1;UBAP1;IL33;TRIM21;DTL;PTEN;PSMB10;CLGN;NTAN1;CSNK1D;UBE3C;USP14;PSEN1;VPS28;GID8;UBE2D1;RBX1;UBE2Z;CAV1;APC;CTSZ;LAMP3;GZMB;RNF139;COPS3;AMBRA1;UCHL1;UCHL3;PSME1;TRIM25;SDF2L1;DERL1;SMURF2;RNF34;BBS7;UBE2K;NR1D1;CCDC22;UBA52;SPOP;SAYSD1;GABARAP;KEAP1;CDC27;PSMD8;STAM;PSME3;UBE2J1;TAF9;CEBPA;RNF11;ATP5IF1;TGFB1I1;MAN1B1;IDE;GNA12;BCAP31;CAMLG;CSNK1A1;MAN1C1;PTK2;TRIM45;RNF125;CAPN2;PSMA6;PRPF19;FAP;TMX1;CHMP7;UBXN8;NUDT15;YME1L1;CDC23;FAM8A1;PSMA1;ASCC3;PSMB1;CBL;SIAH1;DNAJC3;PSMD14;ADRM1;BIRC2;CSNK1E;RNF103;KIF14;FBXL4;KCTD13;UBE2C;SOCS5;CUL1;FAF2;UBA6;UGGT1;UBE2A;PCYOX1L;PSMB4;USP33;MALT1;DAB2;FMR1;FBXO11;RACK1;SH3BGRL;PSMC4;UBL4A;RPL23;TRIP12;TBL1XR1;MAGEF1;SQSTM1;RBBP6;CUL4B;DNAJC10;UBE2L3;CDC16;XPO1;KCTD5;PSMD10;ANAPC13;NEDD8;NEDD4;APPBP2	TUB	GO_BP	no_proc_ieg	10347
GOBP_POSITIVE_REGULATION_OF_HYDROLASE_ACTIVITY	1.3865572937411768	0.0077348066298342545	0.22892224735014716	70/315	PYCARD;FADD;CASP8;APAF1;ECT2;MAP4K4;CCL5;ARL6IP5;PSENEN;CTSS;TNFSF15;RGS10;TBC1D2;DDRGK1;LAPTM5;EZH2;PERP;GPR65;BAX;CD300A;RHOC;CD86;CAV2;GNA15;RHOA;TIAM1;BID;PPP1R14D;IFI16;CARD8;RASGRP1;PPARG;TANK;TBC1D2B;GRN;CASP1;CDKL5;ARHGAP29;PCNA;FNTA;CASP2;CCL19;CTSD;CX3CL1;S100A10;MUL1;PSME1;P2RY6;CXCL13;BCL2A1;TNFSF10;C5AR1;ARHGEF5;HRAS;MBP;RASGRP2;USP6NL;CLDN3;RAPGEF3;AGRN;CCL20;APH1A;CD40;PSME3;LCK;ARHGAP25;DIABLO;CCL18;MEF2C;WDR41	TUB	GO_BP	no_proc_ieg	10347
GOBP_TUMOR_NECROSIS_FACTOR_MEDIATED_SIGNALING_PATHWAY	1.3860687799333145	0.045454545454545456	0.22930080943463055	17/77	PYCARD;CASP8;LAPTM5;TNFRSF1B;ZNF675;EXT1;CARD8;TNFRSF11B;TANK;CASP1;TNFRSF14;TNFRSF17;UBE2K;CASP4;GSTP1;TRAF3;F2RL1	TUB	GO_BP	no_proc_ieg	10347
GOBP_LEUKOCYTE_HOMEOSTASIS	1.3859179070265608	0.05089408528198074	0.22917347621389547	31/74	FADD;LIPA;RAG1;BAX;ANXA1;NCKAP1L;CCR2;CXCL6;TNFRSF17;ABL1;CASP3;MEF2C;CD74;SIT1;CAMLG;KITLG;DOCK10;PPP2R3C;HIF1A;CCNB2;PRDX2;PKN1;FAS;PACS1;IL7R;SOS1;RC3H2;BCL10;GPR183;PPP3CB;F2R	TUB	GO_BP	no_proc_ieg	10347
GOBP_REGULATION_OF_ARP2_3_COMPLEX_MEDIATED_ACTIN_NUCLEATION	1.3842708181830417	0.10304054054054054	0.231383042426184	12/18	CYFIP1;WASHC4;FCHSD2;GMFB;GMFG;WASHC5;ARFIP1;WASF3;CORO1B;WASF1;WASHC3;NCKAP1	TUB	GO_BP	no_proc_ieg	10347
GOBP_POSITIVE_REGULATION_OF_VIRAL_LIFE_CYCLE	1.3836535259804346	0.09448818897637795	0.23199966808444672	8/17	HLA-DRB1;TMPRSS4;TRIM21;P4HB;LGALS1;CD4;KPNA2;CD74	TUB	GO_BP	no_proc_ieg	10347
GOBP_REGULATION_OF_MITOCHONDRIAL_MEMBRANE_POTENTIAL	1.3830443836656237	0.04885057471264368	0.23255612490750657	13/58	PPIF;ARL6IP5;TSPO;UCP2;LIPA;MLLT11;BAX;BID;CLIC1;PANK2;IFI6;MUL1;ABL1	TUB	GO_BP	no_proc_ieg	10347
GOBP_PROTEIN_LOCALIZATION_TO_CHROMATIN	1.3827222810919773	0.08095952023988005	0.2326888587588617	11/35	EZH2;H2AC8;MACROH2A1;MACROH2A2;RUVBL2;CENPA;VCPIP1;BRD3;PARP1;VRK1;CHMP7	TUB	GO_BP	no_proc_ieg	10347
GOBP_CARDIAC_CONDUCTION_SYSTEM_DEVELOPMENT	1.3823746570809268	0.09206349206349207	0.2328577985214689	8/26	SMAD1;HOPX;MAML1;MSX1;KCNJ8;HEY2;NOTCH2;TBX3	TUB	GO_BP	no_proc_ieg	10347
GOBP_NEGATIVE_REGULATION_OF_RESPONSE_TO_ENDOPLASMIC_RETICULUM_STRESS	1.3818398425435223	0.0907715582450832	0.23334163747410686	7/32	LPCAT3;CLU;DDRGK1;NCK1;USP14;HYOU1;ALOX5	TUB	GO_BP	no_proc_ieg	10347
GOBP_POSITIVE_REGULATION_OF_CHEMOKINE_PRODUCTION	1.3815094083637838	0.06213872832369942	0.23347856612620746	16/55	PYCARD;TLR3;OAS1;TLR7;MYD88;OAS3;IL33;POSTN;TICAM1;IL7;IL18;MBP;TWIST1;NOD2;CD74;F2RL1	TUB	GO_BP	no_proc_ieg	10347
GOBP_REGULATION_OF_HIPPO_SIGNALING	1.3809428312599854	0.08439490445859872	0.23400088475245703	4/21	WWC1;MAP4K4;NF2;VGLL4	TUB	GO_BP	no_proc_ieg	10347
GOBP_REGULATION_OF_NEUTROPHIL_CHEMOTAXIS	1.3808001945551032	0.08047690014903129	0.23384362682809054	12/29	PERP;NCKAP1L;C3AR1;CCL19;TNFAIP6;RAC2;C5AR1;MDK;RAC1;NOD2;CD74;MOSPD2	TUB	GO_BP	no_proc_ieg	10347
GOBP_POSITIVE_REGULATION_OF_LIPID_LOCALIZATION	1.3805499936270988	0.04411764705882353	0.23389733898251344	22/85	LPCAT3;PLTP;ABCA1;HILPDA;NFKB1;TRIAP1;PLIN3;SCARB1;ACSL5;ABCA3;C3;MYB;CD36;PPARG;CAV1;FABP3;SPP1;LDLRAP1;PLA2G4A;NMB;ANXA2;P2RX4	TUB	GO_BP	no_proc_ieg	10347
GOBP_REGULATORY_NCRNA_MEDIATED_GENE_SILENCING	1.3790876546854907	0.05227882037533512	0.23584512792863954	26/71	SMAD1;AGO4;EZH2;ZC3H7A;TDRD7;SRRT;EIF4E2;CNOT8;ADAR;NCBP2;TSN;DROSHA;DDX6;SND1;EIF4ENIF1;METTL3;TARBP2;SPOUT1;CNOT3;CNOT2;TDRKH;CLP1;CNOT6;PUM1;NUP155;FMR1	TUB	GO_BP	no_proc_ieg	10347
GOBP_POSITIVE_REGULATION_OF_SMALL_GTPASE_MEDIATED_SIGNAL_TRANSDUCTION	1.378003937676917	0.05164992826398852	0.2372705373890142	18/59	COL3A1;MAP4K4;ADGRG1;GPR65;PIK3CG;RASGRP1;CRKL;FNTA;RELN;RAC1;P2RY10;ITGAV;CRK;F2RL1;CSNK1A1;ARHGEF3;NOTCH2;KITLG	TUB	GO_BP	no_proc_ieg	10347
GOBP_POSITIVE_REGULATION_OF_CANONICAL_WNT_SIGNALING_PATHWAY	1.3777100980977617	0.06906077348066299	0.23737282373245897	17/76	COL1A1;ZEB2;NFKB1;DACT1;HHEX;CDH3;CSNK1D;FRAT1;ADNP;FGF2;GID8;VPS35;ASPM;CSNK1G1;CSNK1G3;SMURF2;TRPM4	TUB	GO_BP	no_proc_ieg	10347
GOBP_STRESS_FIBER_ASSEMBLY	1.3775776524861698	0.05540540540540541	0.2372190040780387	21/84	NF2;PDLIM1;ZEB2;GPR65;CD47;RHOC;RHOA;EVL;ACTG1;PAK2;S1PR1;PFN1;S100A10;ABL1;CCDC88A;ITGB1BP1;ARHGEF5;NRP1;RAPGEF3;RAC1;MET	TUB	GO_BP	no_proc_ieg	10347
GOBP_ENDOSOME_ORGANIZATION	1.3770627810395162	0.06872370266479663	0.23769660693935785	25/55	SNX3;LAPTM4B;VPS4B;UBAP1;RAB22A;WASHC4;VPS28;TMEM127;STX6;ATP6V0C;CLCN3;STAM;CHMP7;WASHC5;TMCC1;SCARB2;SQSTM1;RAB7A;ATP6V0B;ATP6AP1;SYNJ1;USP8;EEA1;SNF8;CORO1C	TUB	GO_BP	no_proc_ieg	10347
GOBP_REGULATION_OF_ACTOMYOSIN_STRUCTURE_ORGANIZATION	1.3768539775912543	0.049247606019151846	0.23762225475420393	20/78	ECT2;NF2;GPR65;CD47;RHOC;RHOA;EVL;ACTG1;PAK2;S1PR1;PFN1;S100A10;ABL1;CCDC88A;ITGB1BP1;ARHGEF5;NRP1;RAPGEF3;RAC1;MET	TUB	GO_BP	no_proc_ieg	10347
GOBP_POSITIVE_REGULATION_OF_MITOTIC_NUCLEAR_DIVISION	1.3768448698050857	0.08256880733944955	0.23726211242537895	6/36	CDC20;AURKA;NUP62;NUSAP1;DLGAP5;RB1	TUB	GO_BP	no_proc_ieg	10347
GOBP_ESTABLISHMENT_OF_SPINDLE_ORIENTATION	1.3758477104814975	0.09882005899705015	0.23842517040853778	6/31	DYNLT1;MAD2L1;GPSM2;NDC80;CENPA;SPRY1	TUB	GO_BP	no_proc_ieg	10347
GOBP_IMPORT_INTO_NUCLEUS	1.3757456180642318	0.04419191919191919	0.23824105052631095	38/116	RAB23;ECT2;RBM22;PTTG1IP;NUP62;KPNB1;HCLS1;CDK1;IL33;FERMT1;PSEN1;CD36;NUP85;NUP107;NUP153;E2F3;KPNA2;IPO4;HIKESHI;EIF4ENIF1;STK4;NUP50;CSE1L;PKIA;KPNA3;HYAL2;MED1;MDFIC;NUP93;PRKD1;PPP3R1;TRIM28;NUP133;APPL1;NUP155;RPL23;FAM53C;SQSTM1	TUB	GO_BP	no_proc_ieg	10347
GOBP_BIOLOGICAL_PROCESS_INVOLVED_IN_SYMBIOTIC_INTERACTION	1.3749081474605391	0.017523364485981307	0.23918281710593609	65/221	SNX3;CLDN1;IFITM1;DYNLT1;CCL5;FN1;CX3CR1;HLA-DRB1;TMPRSS4;ITGB3;PPIB;MYD88;IFI27;EFNB2;VPS4B;CDK1;PPID;TRIM21;CD86;P4HB;CAV2;VAMP8;SCARB1;LGALS1;HDAC1;TRIM22;CCR5;CAV1;TNFRSF14;LAMP3;CXCL6;CD4;STOM;SIGLEC1;RRP1B;TRIM25;ITGB6;RAB9A;PLSCR1;CCNK;APOL1;NRP1;NUP153;LTF;IDE;NOD2;ITGAV;SP1;CD74;SLC52A2;F2RL1;BECN1;TRIM68;KPNA3;HYAL2;CHMP7;BSG;EXOC2;CBL;CXADR;SCARB2;ANPEP;LAMP1;CD81;ITGA2	TUB	GO_BP	no_proc_ieg	10347
GOBP_PRODUCTION_OF_MOLECULAR_MEDIATOR_OF_IMMUNE_RESPONSE	1.3743894092029483	0.02334152334152334	0.23956656138708	47/182	PYCARD;HLA-F;TLR3;SPON2;TLR7;LAPTM5;B2M;MYD88;TNFRSF1B;IL33;CD86;HLA-A;MMP7;XRCC4;CD96;SWAP70;LITAF;CD36;IL1R1;CCR2;TNFRSF14;TICAM1;RIGI;IL27RA;NBN;IL18R1;TRIL;TRPM4;IL18;MLH1;PANX1;RSAD2;CD40;TWIST1;UBE2J1;IGLV6-57;NOD2;CYREN;CD74;HLA-E;F2RL1;FCGR2B;MSH6;NSD2;CCR6;IGLV3-19;ATG5	TUB	GO_BP	no_proc_ieg	10347
GOBP_NUCLEAR_TRANSCRIBED_MRNA_POLY_A_TAIL_SHORTENING	1.3737942710098296	0.09344262295081968	0.240111063436933	8/15	POLR2G;CNOT8;MLH1;EIF4ENIF1;SAMD4A;CNOT3;CNOT2;CNOT6	TUB	GO_BP	no_proc_ieg	10347
GOBP_PROTEIN_EXIT_FROM_ENDOPLASMIC_RETICULUM	1.372982921449859	0.08071748878923767	0.24094908815099175	12/28	SEC61B;DERL2;DERL1;TECPR2;UBE2J1;BCAP31;SEC16A;MAP1LC3C;GCC2;CD81;FAF2;TMED9	TUB	GO_BP	no_proc_ieg	10347
GOBP_REGULATION_OF_DNA_REPAIR	1.371980728138642	0.022031823745410038	0.24228367235798146	58/151	POLH;RAD51AP1;SMARCE1;TAF4;USP22;FUS;SMARCD3;BRCA1;FOXM1;CHEK1;RPA2;NPAS2;RUVBL2;PCNA;TAF10;ABL1;PARPBP;NBN;TIGAR;BABAM1;PARP1;DEK;TWIST1;TAF9;BRCC3;CYREN;TAF5;POT1;ACTL6A;NSD2;ACTR5;SUPT7L;USP1;TAF7;RUVBL1;RPS3;WDR48;KMT5B;TRIM28;ACTR8;TRRAP;MAGEF1;TAF6L;WRAP53;SMCHD1;MORF4L2;RECQL5;NFRKB;UIMC1;TFPT;MCRS1;PIAS4;AUNIP;ATR;SKP2;C1QBP;SF3B5;TOP2B	TUB	GO_BP	no_proc_ieg	10347
GOBP_ORGANELLE_MEMBRANE_FUSION	1.3702017261700268	0.057104913678618856	0.24479132030668724	25/77	SYT11;RUBCNL;GOSR1;CAV2;VAMP8;STX3;ANXA1;STX8;VCPIP1;ANKRD27;ANKFY1;STX6;RAB8A;STX2;BET1;VAV3;SAMD9;ANXA2;PIP4K2A;VPS41;VAMP1;STXBP1;CHMP7;IRAG2;STX7	TUB	GO_BP	no_proc_ieg	10347
GOBP_DNA_TEMPLATED_TRANSCRIPTION_ELONGATION	1.369798554512062	0.037991858887381276	0.24506593806923047	30/88	EZH2;ZC3H4;INTS9;MED24;PAF1;SCAF8;NCBP2;MED6;MED21;CCNK;PARP1;INTS13;MED16;MED17;INTS7;MED20;POLR2E;NELFB;ELL3;MED1;NELFA;CDK12;ADRM1;INTS8;MED7;INTS11;POLR1E;GTF2F2;SUPT5H;CCNT2	TUB	GO_BP	no_proc_ieg	10347
GOBP_PROTEIN_LIPID_COMPLEX_ASSEMBLY	1.3697724959230269	0.08744038155802862	0.2447263858444553	5/22	LPCAT3;ABCA1;PRKACB;APOC1;SOAT1	TUB	GO_BP	no_proc_ieg	10347
GOBP_SYNAPSE_MATURATION	1.3696326647907615	0.1143317230273752	0.24460133015328198	7/22	CDC20;CX3CR1;PTEN;VPS35;PFN1;RELN;SEZ6L2	TUB	GO_BP	no_proc_ieg	10347
GOBP_RESPONSE_TO_MOLECULE_OF_BACTERIAL_ORIGIN	1.3687960601308897	0.007856341189674524	0.2455657644511297	61/275	PYCARD;CLDN1;CASP8;IFNAR1;ABCA1;IL10RA;SLPI;VCAM1;CXCL1;CX3CR1;LY96;NFKB1;TSPO;SPON2;AHR;B2M;MYD88;TNFRSF1B;VIM;TLR1;CD86;IRF8;LOXL1;RHOA;SCARB1;CXCL9;SASH1;LY86;CD96;CARD8;LITAF;PTGER2;CD36;CCR5;CASP1;CXCL6;PAF1;PF4V1;TICAM1;CX3CL1;HCK;CXCL11;ABL1;CASP7;CXCL13;CD14;CASP3;C5AR1;NR1D1;CDK4;PPBP;CD68;TAP2;CD40;GSTP1;LTF;KCNJ8;SELP;MEF2C;NOD2;CXCL10	TUB	GO_BP	no_proc_ieg	10347
GOBP_VACUOLE_ORGANIZATION	1.3684085416629619	0.035443037974683546	0.24579640604894878	59/150	RAB23;ABCA1;HEXB;UBQLN2;LAPTM5;LIPA;LAPTM4B;VPS4B;GNPTAB;SRPX;RAB33B;EXT1;PSEN1;ACP2;SH3GLB1;GRN;VPS35;RAB33A;AMBRA1;CTSD;IFT20;TMEM106B;ATP6V0C;EMC6;GABARAP;HPS1;PPT1;ZFYVE26;ANXA2;TMEM165;BECN1;TPP1;PIP4K2A;VPS54;MAP1LC3C;CHMP7;WASHC5;CLN5;RALB;RB1CC1;ATG5;SCARB2;LAMP1;LAMP2;ULK2;FEZ2;HSD17B1;RAB3GAP1;ATG12;SNX7;RAB7A;SCFD1;ATM;RAB1B;ATP6V0B;ATP6AP1;CLN3;FIG4;MOAP1	TUB	GO_BP	no_proc_ieg	10347
GOBP_REGULATION_OF_LEUKOCYTE_DIFFERENTIATION	1.368300710111756	0.015046296296296295	0.24559848392604347	46/241	FADD;HLA-B;CASP8;TYROBP;TLR3;CD2;HLA-DRB1;DDRGK1;EVI2B;HLA-DOA;TESC;SMARCE1;HLA-DRA;HCLS1;RAG1;RASSF2;CD86;SMARCD3;RHOA;LGALS1;IRF7;ANXA1;ZNF675;RB1;CCR1;HLX;TNFRSF11B;RASGRP1;NCKAP1L;PTPN6;INPP5D;IL15;BTN2A2;CCR2;CD4;CCL19;AMBRA1;TNFAIP6;ABL1;ASCL2;IAPP;DROSHA;TOX;IL7;CD27;IL18	TUB	GO_BP	no_proc_ieg	10347
GOBP_RNA_5_END_PROCESSING	1.3682227971395244	0.1	0.24534996475952311	13/24	RPP40;SNRPB;POP5;SNRPF;POP7;SNRPD2;RNGTT;CMTR1;SNRPD1;RPP38;HSD17B10;SNRPD3;THG1L	TUB	GO_BP	no_proc_ieg	10347
GOBP_LYMPHOCYTE_DIFFERENTIATION	1.3680980121582293	0.0044444444444444444	0.24520446104946195	95/315	PIK3R3;FADD;HDAC4;VCAM1;CD2;HLA-DRB1;DDRGK1;CD3D;EZH2;HLA-DOA;ITGA4;LEPR;B2M;LIPA;HHEX;SMARCE1;HLA-DRA;RAG1;BAX;CD86;IRF8;SMARCD3;RHOA;LGALS1;MS4A1;DCLRE1C;CD1D;ANXA1;FCER1G;HLX;MYB;RASGRP1;NCKAP1L;PTPN6;INPP5D;IL15;BTN2A2;RUNX2;CCR2;CD4;CCL19;DOCK2;AMBRA1;ABL1;ASCL2;POU2AF1;STAT4;DROSHA;TOX;IL18R1;IL7;VAV1;FZD8;CD8A;CD27;IL18;MDK;FGL2;RSAD2;IKZF1;LCK;METTL3;IKZF3;IFNA16;SOX4;CD74;DUSP10;ACTL6A;RUNX3;ZBTB7A;FCGR2B;NOTCH2;CCR6;PLCL2;ATG5;ZBTB1;DOCK10;CRTAM;PTPN22;SOCS1;PPP2R3C;SLC25A5;SOCS5;MAFB;TGFBR2;GATA3;CBFB;CCR7;MALT1;SP3;CD3G;PRDX2;VNN1;JAG2;KDELR1	TUB	GO_BP	no_proc_ieg	10347
GOBP_LOW_DENSITY_LIPOPROTEIN_PARTICLE_CLEARANCE	1.3680953787696046	0.093603744149766	0.24483624912478305	9/22	CSK;LIPA;MYLIP;SCARB1;CD36;SOAT1;LDLRAP1;CNPY2;ANXA2	TUB	GO_BP	no_proc_ieg	10347
GOBP_PROTEIN_LOCALIZATION_TO_POSTSYNAPSE	1.3677908407958592	0.10158730158730159	0.24494973952931565	9/30	NETO2;GPC4;STX3;VPS35;ADAM10;HRAS;RAB8A;ARHGAP44;NSG1	TUB	GO_BP	no_proc_ieg	10347
GOBP_RECEPTOR_CLUSTERING	1.367744025024986	0.07050359712230216	0.24464992795322277	13/45	ITGB2;ITGA4;GLRB;CRKL;FNTA;CD53;TNFAIP6;ITGB1BP1;PIGR;AGRN;RELN;CRK;FARP1	TUB	GO_BP	no_proc_ieg	10347
GOBP_TRANSCRIPTION_PREINITIATION_COMPLEX_ASSEMBLY	1.3675842580577313	0.07058823529411765	0.2445644526662102	23/49	TAF4;GTF2B;MED24;TAF10;MED6;MED21;TBP;MED16;MED17;TAF9;MED20;TAF5;MED1;DR1;TAF7;MED7;POLR1E;UBTF;TAF4B;GTF2A1;CAND1;RRN3;TAF6L	TUB	GO_BP	no_proc_ieg	10347
GOBP_REGULATION_OF_PROTEASOMAL_UBIQUITIN_DEPENDENT_PROTEIN_CATABOLIC_PROCESS	1.3665653679379992	0.05006587615283267	0.2458317536389682	20/85	CLU;CDC20;AURKA;DDRGK1;RCHY1;PBK;CHFR;IL33;CSNK1D;PSEN1;RBX1;BBS7;UBE2K;GABARAP;KEAP1;TAF9;CEBPA;GNA12;CAMLG;CSNK1A1	TUB	GO_BP	no_proc_ieg	10347
GOBP_V_D_J_RECOMBINATION	1.3663817773523927	0.11505922165820642	0.24574908438452214	8/16	RAG1;DCLRE1C;XRCC4;CYREN;ATM;LIG3;LEF1;HMGB2	TUB	GO_BP	no_proc_ieg	10347
GOBP_MAINTENANCE_OF_BLOOD_BRAIN_BARRIER	1.3662198703789765	0.10518292682926829	0.2456522135975124	10/30	CLDN1;ZEB2;LAMC1;ACTG1;LSR;CDH5;JAM2;MBP;CLDN3;PECAM1	TUB	GO_BP	no_proc_ieg	10347
GOBP_POSITIVE_REGULATION_OF_REGULATED_SECRETORY_PATHWAY	1.3659875457322765	0.0888208269525268	0.24568695416298122	9/31	HLA-F;ITGB2;ITGAM;VAMP8;RAB3D;F2RL1;RAB15;STXBP1;LAMP1	TUB	GO_BP	no_proc_ieg	10347
GOBP_LYMPH_NODE_DEVELOPMENT	1.3635217084788531	0.11783960720130933	0.24935978551078378	4/15	FADD;IL15;TOX;LTB	TUB	GO_BP	no_proc_ieg	10347
GOBP_ACTIN_FILAMENT_ORGANIZATION	1.3617381246683469	0.015401540154015401	0.25188783051115426	79/307	PYCARD;ENAH;PSTPIP2;TMSB10;NF2;MARCKSL1;DBN1;PDLIM1;ZEB2;WIPF1;GPR65;HCLS1;ARPC2;MYO1F;CD47;RHOC;CAPG;RHOA;EVL;CAP2;NCK1;ABI1;ARPC1B;CYFIP1;WASHC4;FCHSD2;FLII;SWAP70;ACTG1;GAS2L1;NCKAP1L;PAK2;SHTN1;COBL;PSTPIP1;S1PR1;CAP1;PFN1;CX3CL1;HCK;RAC2;GRB2;S100A10;ABL1;RHOD;ALDOA;LCP1;PLS1;CCDC88A;MICAL2;TMSB15A;IQGAP1;ITGB1BP1;ARHGEF5;FSCN1;NRP1;TAGLN2;RAPGEF3;ABITRAM;MEGF9;GMFB;MARCKS;RAC1;ARHGAP25;MET;TMOD3;TRIM27;ELMO1;ARHGAP17;DSTN;F2RL1;CCL11;GMFG;RHOBTB1;CAPZB;ARPC5;CAPZA2;MYO6;WASHC5	TUB	GO_BP	no_proc_ieg	10347
GOBP_REGULATION_OF_BINDING	1.3606549625077764	0.024154589371980676	0.25333373011871635	42/170	NME1;FLOT1;HDAC4;SLPI;EDF1;GZMA;AURKA;DACT1;DDRGK1;ITGA4;B2M;BAX;TRIM21;TIAM1;CAMK1;IFI16;ZNF675;RB1;GTF2B;AURKB;CLIC2;PSEN1;IFIT2;GTPBP4;SUMO3;ABL1;GEMIN2;ITGB1BP1;SP100;LDLRAP1;STK4;TWIST1;CDT1;MET;IDE;ANXA2;MARK3;HEY2;BTBD1;ZBTB7A;CLN5;RALB	TUB	GO_BP	no_proc_ieg	10347
GOBP_REGULATION_OF_DNA_TEMPLATED_TRANSCRIPTION_INITIATION	1.3605631548300607	0.07313432835820896	0.2531185891429843	33/58	NFKB1;TAF4;MED24;TAF10;MED6;PPM1D;MED21;CDK4;TBP;MED16;TWIST1;MED17;TAF9;MED20;TAF5;HEY2;MED1;TAF7;MED7;TAF4B;GTF2A1;CAND1;RRN3;PAXIP1;ZNF451;MED12;MED23;TAF13;ZNHIT1;SETX;MED31;MED14;THRA	TUB	GO_BP	no_proc_ieg	10347
GOBP_REGULATION_OF_MITOCHONDRION_ORGANIZATION	1.35992889764619	0.044	0.2538092473629665	18/111	PYCARD;CLU;PPIF;AURKA;TSPO;TRIAP1;SLC35F6;MLLT11;BAX;FXN;BID;PPARG;VPS35;VAT1;AMBRA1;MUL1;TIGAR;TNFSF10	TUB	GO_BP	no_proc_ieg	10347
GOBP_REGULATION_OF_EXECUTION_PHASE_OF_APOPTOSIS	1.3597547580796476	0.12033898305084746	0.2537356136463091	7/17	FADD;PAK2;NDUFA13;RNF34;FZD3;FAP;TP53BP2	TUB	GO_BP	no_proc_ieg	10347
GOBP_MONOCYTE_CHEMOTACTIC_PROTEIN_1_PRODUCTION	1.359504625453528	0.09899328859060402	0.25378357292727405	5/16	OAS1;OAS3;TWIST1;GSTP1;NOD2	TUB	GO_BP	no_proc_ieg	10347
GOBP_NATURAL_KILLER_CELL_ACTIVATION	1.3589135075154213	0.06762589928057554	0.25437603303597595	18/58	CASP8;HLA-F;TYROBP;CD2;RASGRP1;IL15;TICAM1;NKG7;TOX;IL18R1;IL18;IFNA16;HLA-E;PIBF1;ZBTB1;LAMP1;PTPN22;EMP2	TUB	GO_BP	no_proc_ieg	10347
GOBP_COMPLEMENT_ACTIVATION	1.35850941870757	0.07959479015918958	0.2546748758594489	14/47	CLU;SERPING1;CFB;C1QA;C1S;C1R;C3;VSIG4;C8G;IGHM;CD59;C1QB;A2M;CFD	TUB	GO_BP	no_proc_ieg	10347
GOBP_GLIOGENESIS	1.3564865809735351	0.014942528735632184	0.2576310590977442	50/262	COL3A1;RRAS;CLU;CSK;NF2;HEXB;CX3CR1;ZEB2;TSPO;ADGRG1;EZH2;B4GALT5;LEPR;MYD88;TNFRSF1B;VIM;C1QA;SERPINE2;CDK1;IL33;RHOA;TIAM1;PTEN;VEGFC;VCAN;RB1;HDAC1;GPM6B;MYB;PSEN1;FGF2;CRKL;SPINT1;TUBA1A;GRN;PRKCH;CCR2;CX3CL1;GRB2;ABL1;ASCL2;MYRF;C5AR1;NR1D1;EIF2B4;HRAS;MDK;PPP1CC;CSPG5;RELN	TUB	GO_BP	no_proc_ieg	10347
GOBP_RHO_PROTEIN_SIGNAL_TRANSDUCTION	1.3549872149882938	0.05131578947368421	0.25969130843775734	24/99	COL3A1;FLOT1;ABCA1;ADGRG1;COL1A2;GPR65;RHOA;ARHGDIB;SHTN1;ARHGAP29;ADRA2A;ABL1;RHOD;NRP1;ITGA3;SYNJ2BP;RAC1;MET;P2RY10;GNA12;F2RL1;CSNK1A1;RHOBTB1;ARHGEF3	TUB	GO_BP	no_proc_ieg	10347
GOBP_POSITIVE_REGULATION_OF_ACTIN_FILAMENT_POLYMERIZATION	1.354955702431238	0.10479041916167664	0.25935588526223385	9/36	PYCARD;ARPC2;EVL;NCK1;FCHSD2;NCKAP1L;PFN1;HCK;GRB2	TUB	GO_BP	no_proc_ieg	10347
GOBP_POSITIVE_REGULATION_OF_TELOMERASE_ACTIVITY	1.354886366529927	0.10668789808917198	0.25908655707824885	14/21	AURKB;DKC1;POT1;PTGES3;CCT4;XRCC5;MAPK1;NVL;WRAP53;MAP3K4;NEK2;ACD;GRHL2;CCT2	TUB	GO_BP	no_proc_ieg	10347
GOBP_MAMMARY_GLAND_MORPHOGENESIS	1.3548295373908623	0.08320950965824665	0.25879400575475614	15/35	NFKB1;PERP;DDR1;BAX;CAV1;KDM5B;NR3C1;CAPN1;CCL11;MED1;TBX3;TGFBR2;SCRIB;SOSTDC1;PHB2	TUB	GO_BP	no_proc_ieg	10347
GOBP_HIGH_DENSITY_LIPOPROTEIN_PARTICLE_REMODELING	1.3545118725094378	0.13861386138613863	0.25900604288010254	4/15	PLTP;LIPC;APOC1;SCARB1	TUB	GO_BP	no_proc_ieg	10347
GOBP_CELL_SUBSTRATE_ADHESION	1.3542348675142626	0.016853932584269662	0.25908924298575586	59/266	COL3A1;RRAS;MAP4K4;COL1A1;NF2;FN1;VCAM1;ITGB2;ITGAM;THBS1;ITGB3;ITGA4;GFUS;DDR1;ARPC2;CD44;NID2;AKIP1;P4HB;RHOA;TIAM1;PTEN;CD96;CDH11;GPM6B;LAMC1;FERMT1;ITGB8;ACTG1;POSTN;AGR2;CD36;CRKL;CD63;ITGAE;SIGLEC1;CX3CL1;RAC2;S100A10;ABL1;RHOD;ITGB6;ITGB1BP1;NRP1;MDK;ITGA3;CSPG5;STK4;RAC1;SGCE;DUSP22;LPXN;ITGAV;ANXA2;CRK;HPSE;GBP1;OLFM4;TRIP6	TUB	GO_BP	no_proc_ieg	10347
GOBP_NEGATIVE_REGULATION_OF_MUSCLE_CELL_DIFFERENTIATION	1.354199783829782	0.08714918759231906	0.2587656272997606	14/45	SMAD1;HDAC4;EZH2;DNMT1;HDAC1;MSX1;PTBP1;CCN3;TOMM70;HEY2;PDCD4;BMP2;G6PD;BMPR2	TUB	GO_BP	no_proc_ieg	10347
GOBP_REGULATION_OF_SPROUTING_ANGIOGENESIS	1.3540329715542274	0.09175738724727839	0.2586677248982274	9/29	SMAD1;S100A1;THBS1;FGF2;PKM;ALOX5;CLIC3;SYNJ2BP;JCAD	TUB	GO_BP	no_proc_ieg	10347
GOBP_REGULATION_OF_CELL_FATE_SPECIFICATION	1.3529707209824269	0.11974110032362459	0.2600751788081155	5/16	SOX17;HDAC1;FGF2;ESRP1;RBBP7	TUB	GO_BP	no_proc_ieg	10347
GOBP_NEGATIVE_REGULATION_OF_TUMOR_NECROSIS_FACTOR_MEDIATED_SIGNALING_PATHWAY	1.3523511172124887	0.10420168067226891	0.2607837905535197	6/18	ZNF675;CARD8;TNFRSF11B;TANK;GSTP1;F2RL1	TUB	GO_BP	no_proc_ieg	10347
GOBP_PHOSPHOLIPID_TRANSPORT	1.3519546433739493	0.07625899280575539	0.2611043204762855	11/61	PLTP;ABCA1;CERT1;TRIAP1;PLEKHA8P1;ATP9A;ESYT1;APOC1;SCARB1;ABCA3;ABCC1	TUB	GO_BP	no_proc_ieg	10347
GOBP_POSITIVE_REGULATION_OF_ORGANELLE_ORGANIZATION	1.350863264936372	0.0065717415115005475	0.26257881816809153	122/381	PYCARD;ATF7IP;CDC20;NF2;AURKA;DDRGK1;RAD51AP1;NUP62;MNS1;GPR65;NUSAP1;MLLT11;VPS4B;DLGAP5;ARPC2;NCAPG;BAX;CD47;RHOC;CDK1;CAPG;PSRC1;GPSM2;RHOA;EVL;BID;NCK1;MORC2;CYFIP1;ANXA1;RB1;MACROH2A1;SPAST;FCHSD2;AURKB;SMC4;SWAP70;CCT6A;RUVBL2;SH3GLB1;NCKAP1L;GRN;VPS35;FYCO1;AMBRA1;PFN1;PLK4;CX3CL1;HCK;TOGARAM1;GRB2;S100A10;MUL1;ABL1;MSX1;GNL3;LCP1;WRAP73;IFT20;CCDC88A;NBN;TNFSF10;ITGB1BP1;ARHGEF5;FSCN1;NRP1;RAPGEF3;RAC1;ATP5IF1;ASAP1;MET;NOD2;TRIM27;ANXA2;SDCBP;FEN1;DKC1;DSTN;F2RL1;BECN1;CDKN1B;POT1;CCL11;ACTL6A;PIP4K2A;CCT4;MPHOSPH8;ACTR5;YME1L1;RALB;CDC23;NCAPG2;KATNBL1;ATG5;CNOT2;PRKD1;RUVBL1;CCT7;CNOT6;RPS3;XRCC5;SLC25A5;TASOR;TINF2;UBE2C;TRIM28;TMED9;ACTR8;HIF1A;UBE2A;MAPK1;RAB3GAP1;CCT3;CCR7;SNX7;SMC2;DCTN1;ADRB2;MAPRE1;WASF3;ATM;BBS4	TUB	GO_BP	no_proc_ieg	10347
GOBP_LENS_FIBER_CELL_DIFFERENTIATION	1.3503589381597232	0.10517799352750809	0.263047777272182	8/29	NF2;VIM;TDRD7;FGF2;SPRY1;PLAAT1;KDM5B;CDKN1B	TUB	GO_BP	no_proc_ieg	10347
GOBP_EXTRACELLULAR_MATRIX_DISASSEMBLY	1.3501956166078761	0.08600583090379009	0.26296814433970284	12/47	FLOT1;CTSS;DDR1;ADAMTS5;CAPG;MMP7;MMP1;LAMC1;MMP2;LCP1;ADAM10;FSCN1	TUB	GO_BP	no_proc_ieg	10347
GOBP_T_HELPER_1_CELL_DIFFERENTIATION	1.3496579419010495	0.14	0.26349495248617866	6/16	ANXA1;HLX;CCL19;ASCL2;STAT4;IL18R1	TUB	GO_BP	no_proc_ieg	10347
GOBP_POSITIVE_REGULATION_OF_VIRAL_PROCESS	1.3496569561356948	0.08050847457627118	0.26311223741673356	11/50	CCL5;HLA-DRB1;TMPRSS4;PPID;TRIM21;P4HB;LGALS1;TOP2A;ADAR;CD4;STOM	TUB	GO_BP	no_proc_ieg	10347
GOBP_REGULATION_OF_LEUKOCYTE_APOPTOTIC_PROCESS	1.349393293638143	0.056439942112879886	0.26318119666367806	21/57	FADD;CCL5;PERP;HCLS1;RAG1;BAX;IRF7;ANXA1;AURKB;CCR5;CCL19;CD27;MEF2C;NOD2;CD74;KITLG;IDO1;CXCL12;HIF1A;CCR7;CD3G	TUB	GO_BP	no_proc_ieg	10347
GOBP_RIBOSOMAL_SMALL_SUBUNIT_BIOGENESIS	1.3490676922268834	0.0847457627118644	0.2633523954166861	20/61	RPP40;NPM1;BMS1;RPS19;NAT10;UTP11;TSR1;UTP25;NOL11;EXOSC10;AATF;UTP6;DDX52;WDR3;SNU13;XRCC5;NOL7;FCF1;LSM6;DIMT1	TUB	GO_BP	no_proc_ieg	10347
GOBP_NEGATIVE_REGULATION_OF_INTRINSIC_APOPTOTIC_SIGNALING_PATHWAY_BY_P53_CLASS_MEDIATOR	1.3485863942461236	0.12558139534883722	0.26378850164877393	7/19	TRIAP1;MUC1;PTTG1IP;CD44;TAF9;CD74;ELL3	TUB	GO_BP	no_proc_ieg	10347
GOBP_NEGATIVE_REGULATION_OF_CELL_MATRIX_ADHESION	1.3480923880069082	0.10188087774294671	0.26426337283462115	7/28	MAP4K4;NF2;THBS1;PTEN;POSTN;ITGB1BP1;DUSP22	TUB	GO_BP	no_proc_ieg	10347
GOBP_REGULATION_OF_INSULIN_SECRETION_INVOLVED_IN_CELLULAR_RESPONSE_TO_GLUCOSE_STIMULUS	1.3477399284693996	0.09171597633136094	0.2644501803004785	9/37	HLA-DRB1;UCP2;TIAM1;SRI;DYNLL1;ADRA2A;NADK;NR1D1;TRPM4	TUB	GO_BP	no_proc_ieg	10347
GOBP_NEGATIVE_REGULATION_OF_CELL_CYCLE_G1_S_PHASE_TRANSITION	1.3476211459221157	0.06607929515418502	0.26429511999618227	13/53	DACT1;TRIAP1;PLK2;EZH2;MUC1;CRLF3;PTEN;METTL13;RB1;RPA2;BTN2A2;APC;CASP2	TUB	GO_BP	no_proc_ieg	10347
GOBP_PYRIMIDINE_NUCLEOSIDE_METABOLIC_PROCESS	1.347612251971943	0.11954765751211632	0.26393298246062596	4/18	APOBEC3G;TYMP;DTYMK;DCTD	TUB	GO_BP	no_proc_ieg	10347
GOBP_RNA_CATABOLIC_PROCESS	1.3475062989774618	0.036275695284159616	0.26371598589623474	65/180	DBR1;SLFN12;AGO4;ZC3H4;MYD88;TNFRSF1B;VIM;RNASE6;NPM1;FUS;POLR2G;SMG8;PRR5L;YTHDF1;YTHDF3;CNOT8;ISG20;NCBP2;APEX1;DCP2;EDC4;RNASET2;UPF2;LSM7;EXOSC10;SND1;MLH1;ANGEL2;HNRNPAB;OAS2;RNASEH2B;EIF4ENIF1;METTL3;GSPT2;FEN1;DKC1;RBM10;EIF4A3;SAMD4A;ELAC2;MTREX;CNOT3;PELO;CNOT2;FASTKD5;TRDMT1;RBM7;CNOT6;IGF2BP3;TENT5C;RNASEH1;MTPAP;RNASEL;LSM6;PUM1;UPF3B;FMR1;SMG1;MAGOH;PPP1R8;LSM5;ATM;EXOSC8;PABPC4;ZPR1	TUB	GO_BP	no_proc_ieg	10347
GOBP_SPHINGOLIPID_METABOLIC_PROCESS	1.3474752497896918	0.04415584415584416	0.2633803906289001	33/113	CERT1;HEXB;ST6GALNAC4;NEU1;B4GALT5;BAX;GLB1;GM2A;SPTLC2;PLPP2;ITGB8;DEGS1;KDSR;ABCC1;PRKD3;HACD1;SGMS1;PLA2G15;UGT8;SGPL1;B4GALT4;PPT1;CERS4;ST8SIA1;VPS54;ST3GAL5;SMPD2;ST3GAL2;PLPP1;ZNF750;SCARB2;PRKD1;ST8SIA4	TUB	GO_BP	no_proc_ieg	10347
GOBP_POSITIVE_REGULATION_OF_DNA_BIOSYNTHETIC_PROCESS	1.3474737230515241	0.08052708638360176	0.2630033389395581	32/52	RFC5;RFC2;CCNA2;DSCC1;AURKB;CCT6A;FGF2;PCNA;RFC4;DKC1;POLG2;POT1;PTGES3;FGFR4;CCT4;USP1;CCT7;XRCC5;MAPK1;CCT3;ATM;NVL;CYP1B1;WRAP53;MAP3K4;NEK2;ACD;ATR;GRHL2;PARN;CCT2;CCT8	TUB	GO_BP	no_proc_ieg	10347
GOBP_BLOOD_VESSEL_MORPHOGENESIS	1.3470453802758109	0.005313496280552604	0.2633720837995743	103/480	PIK3R3;COL3A1;RRAS;CITED2;ELK3;COL4A1;CASP8;SMAD1;TLR3;AGGF1;S100A1;TGFBI;FN1;CX3CR1;ADGRG1;THBS1;SOX17;PLK2;CYBB;ITGB3;LEPR;ANXA3;TYMP;SHC1;HHEX;VASH1;NFE2L2;EFNB2;SERPINF1;VPS4B;NR2F2;VASH2;BAX;CD47;COL15A1;RHOA;BRCA1;VEGFC;SASH1;PANK2;AMOT;ANXA1;PIK3CG;C3;ITGB8;THBS2;ACTG1;TNMD;HOXA1;CD36;PTPN6;CDH5;PPARG;FGF2;SRPX2;GRN;MEOX2;CAV1;PKM;CCR2;C3AR1;POFUT1;S1PR1;WARS1;PRCP;CX3CL1;MMP2;ABL1;CXCL13;ALOX5;FZD8;C5AR1;GPNMB;CLIC3;IL18;MYDGF;ITGB1BP1;NRCAM;MMRN2;SP100;NRP1;COL18A1;RLN2;MDK;SGPL1;RAPGEF3;VAV3;SYNJ2BP;CD40;STK4;TWIST1;CCN3;ATP5IF1;JCAD;MYH9;GTF2I;CALCRL;CXCL10;ITGAV;SP1;ANXA2;SOX4;HPSE	TUB	GO_BP	no_proc_ieg	10347
GOBP_PIGMENT_GRANULE_ORGANIZATION	1.346961234474311	0.1040650406504065	0.26311619961270977	6/23	ZEB2;AP1S2;GPR143;RAB32;RAB38;HPS1	TUB	GO_BP	no_proc_ieg	10347
GOBP_NEGATIVE_REGULATION_OF_INTERLEUKIN_6_PRODUCTION	1.3467466634895955	0.1	0.2631172049245267	8/35	CSK;SYT11;NCKAP1L;BANK1;PTPN6;INPP5D;CX3CL1;IL27RA	TUB	GO_BP	no_proc_ieg	10347
GOBP_MYELOID_LEUKOCYTE_DIFFERENTIATION	1.3467217575162653	0.02631578947368421	0.26279846809401597	31/177	CITED2;FADD;UBD;CASP8;TYROBP;TLR3;HLA-DRB1;OSTM1;UCP2;EVI2B;TESC;MYD88;HCLS1;RASSF2;IL33;IRF7;IFI16;ZNF675;RB1;CCR1;ITGB8;PSEN1;TNFRSF11B;INPP5D;PPARG;IL15;CD4;CCL19;TNFAIP6;ITGB6;IAPP	TUB	GO_BP	no_proc_ieg	10347
GOBP_NEGATIVE_REGULATION_OF_CANONICAL_NF_KAPPAB_SIGNAL_TRANSDUCTION	1.3442950514941931	0.08682634730538923	0.26657289958350844	11/40	PYCARD;CASP8;TLE1;ZNF675;HDAC1;CARD8;TANK;TSPAN6;NR1D1;CCDC22;GSTP1	TUB	GO_BP	no_proc_ieg	10347
GOBP_NEGATIVE_REGULATION_OF_LYMPHOCYTE_MEDIATED_IMMUNITY	1.3437867341946699	0.09090909090909091	0.26701804962238457	12/44	HLA-B;HLA-F;AHR;HLA-A;CD96;NCKAP1L;PTPN6;DUSP22;NOD2;CRK;HLA-E;FCGR2B	TUB	GO_BP	no_proc_ieg	10347
GOBP_ORGANELLE_LOCALIZATION	1.343371552645325	0.014023732470334413	0.2673833556197328	121/398	TMED10;ZWINT;S100A13;DYNLT1;ECT2;MAD2L1;ITGA4;SYT11;NUP62;KPNB1;NUSAP1;VPS4B;DLGAP5;CDH3;CD300A;ATP9A;CDK1;NPM1;HSBP1;PSRC1;GPR143;GPSM2;CAV2;MAD1L1;VAMP8;CEP55;ESYT1;ZWILCH;PTEN;STX3;NDC80;PCDH17;RB1;PIK3CG;PSEN2;SPAST;AURKB;ABCE1;CSNK1D;LMNB1;PSEN1;RASGRP1;CENPE;CENPA;TUBA1A;FYCO1;SPRY1;APC;MAP1S;UCHL1;ASPM;RAC2;MUL1;TRAPPC2;STX8;SPC25;TMEM106B;CENPQ;TFG;BBS7;STX6;CCNB1;FCER1A;RAB8A;STX2;MLH1;KIF18A;EML3;STAM;AP3M2;CDT1;SDAD1;ARMC1;MYH9;SDCBP;ACTR10;PIBF1;CENPF;BECN1;ARMCX3;SPOUT1;STXBP1;SEC16A;CHMP7;CLUH;RALB;CDC23;EXOC2;EXOC1;CBL;TRIP11;SYTL2;SHROOM2;SKA1;PTGDR;LAMP1;IRAG2;STX7;KIF14;ZNF207;ZW10;BICD2;CDCA8;TMED9;SPDL1;HIF1A;C17orf75;KIFBP;KLHL12;SCRIB;NLGN1;MFN1;DCTN1;BUB3;KIF25;MAPRE1;PDCD10;MIS12;RAB7A;ATM;YWHAZ	TUB	GO_BP	no_proc_ieg	10347
GOBP_PROTEIN_LIPID_COMPLEX_ORGANIZATION	1.34309273524936	0.08446455505279035	0.2675257544482241	7/43	LPCAT3;PLTP;ABCA1;LIPC;PRKACB;APOC1;SCARB1	TUB	GO_BP	no_proc_ieg	10347
GOBP_POSITIVE_REGULATION_OF_CELL_DEVELOPMENT	1.342796460510757	0.005405405405405406	0.26767045119449784	63/353	FADD;CASP8;GPRASP3;TYROBP;PLXNA1;DBN1;FN1;CX3CR1;HLA-DRB1;AURKA;TSPO;DDRGK1;EVI2B;TESC;SMARCE1;TNFRSF1B;HLA-DRA;SERPINE2;SERPINF1;HCLS1;RAG1;IL33;CD86;SMARCD3;RHOA;TIAM1;LGALS1;VEGFC;VCAN;SRRT;CYFIP1;ANXA1;RB1;HDAC1;CCR1;HLX;MYB;RASGRP1;NCKAP1L;PLXNB2;ADNP;SHTN1;CDH5;INPP5D;FGF2;SPINT1;IL15;BTN2A2;CDKL5;PLXNC1;PRKCH;CD4;CCL19;AMBRA1;CX3CL1;ASPM;ANKRD27;MYRF;TOX;IL7;NPTN;CD27;IL18	TUB	GO_BP	no_proc_ieg	10347
GOBP_ENDOTHELIAL_CELL_PROLIFERATION	1.3420666914796213	0.04780361757105943	0.26856479845259407	31/119	THAP1;AGGF1;ZEB2;THBS1;ITGB3;ITGA4;LIPA;VASH1;NRAS;NR2F2;VASH2;CAV2;SCARB1;VEGFC;TNMD;PPARG;FGF2;CAV1;ALOX5;MYDGF;ITGB1BP1;MMRN2;NRP1;MDK;SYNJ2BP;ATP5IF1;JCAD;MEF2C;SP1;SPARC;CCL11	TUB	GO_BP	no_proc_ieg	10347
GOBP_PROTEIN_PROCESSING	1.3420204683760144	0.035842293906810034	0.2682698017579659	48/178	DHCR24;FADD;CASP8;PSENEN;CTSS;THBS1;TMPRSS4;PERP;SERPINE2;FXN;P4HB;PRKACB;SEC11A;IFI16;C1R;PSEN2;CARD8;PSEN1;CPA3;CASP1;CPE;CASP2;CTSZ;IFT52;RNF139;PLGRKT;AEBP1;S100A10;CST7;CASP7;MYRF;ADAM10;PLA2G7;CASP3;PARP1;CPB2;CASP4;APH1A;MYH9;FAM111A;ANXA2;CAST;ADAMTS3;PLAT;CAPN2;CLN5;YME1L1;BCHE	TUB	GO_BP	no_proc_ieg	10347
GOBP_CLATHRIN_DEPENDENT_ENDOCYTOSIS	1.3417897088160906	0.09090909090909091	0.26823930125453627	19/37	UBQLN2;ITGA4;FCHSD2;AP2S1;SMAP1;SIGLEC1;BMP2K;AP2B1;CLTA;DAB2;AP2M1;INPP5F;SCYL2;PIP5K1C;AP2A2;CLTC;ITSN1;STON1;FNBP1L	TUB	GO_BP	no_proc_ieg	10347
GOBP_PROGRAMMED_NECROTIC_CELL_DEATH	1.341707426570804	0.08150470219435736	0.2679926120496492	6/37	FADD;CASP8;PPIF;TLR3;TSPO;BAX	TUB	GO_BP	no_proc_ieg	10347
GOBP_NEGATIVE_REGULATION_OF_TISSUE_REMODELING	1.3411672630913756	0.1260096930533118	0.2686265954052302	6/17	CSK;CD38;TNFRSF11B;INPP5D;PPARG;IAPP	TUB	GO_BP	no_proc_ieg	10347
GOBP_REGULATION_OF_LIPID_LOCALIZATION	1.339425748425701	0.043092522179974654	0.2712051509207793	19/122	LPCAT3;PLTP;ABCA1;HILPDA;NFKB1;TSPO;THBS1;TRIAP1;ITGB3;PLIN3;APOC1;SCARB1;ACSL5;ABCA3;C3;MYB;CD36;PPARG;CAV1	TUB	GO_BP	no_proc_ieg	10347
GOBP_POSITIVE_REGULATION_OF_CHEMOTAXIS	1.3386552905437465	0.03717948717948718	0.27215120482125355	32/113	CCL5;CX3CR1;THBS1;TPBG;PERP;TIAM1;STX3;VEGFC;CCR1;SWAP70;NCKAP1L;FGF2;CCR2;C3AR1;S1PR1;CCL19;STK39;RAC2;CXCL13;ADAM10;PLA2G7;C5AR1;NRP1;MDK;RAC1;MET;CXCL10;CD74;MOSPD2;F2RL1;P2RX4;PTK2	TUB	GO_BP	no_proc_ieg	10347
GOBP_CHRONIC_INFLAMMATORY_RESPONSE	1.338582488293241	0.11793214862681745	0.2719017488114572	9/16	CCL5;VCAM1;THBS1;CXCL13;CCL11;S100A9;IDO1;S100A8;VNN1	TUB	GO_BP	no_proc_ieg	10347
GOBP_SIGNAL_TRANSDUCTION_BY_P53_CLASS_MEDIATOR	1.338334165939828	0.04961832061068702	0.2719771327453584	32/121	DYRK2;PYCARD;AURKA;TRIAP1;PLK2;MUC1;PTTG1IP;PERP;BAX;CD44;RRP8;FOXM1;CHEK1;IFI16;AURKB;CASP2;COPS3;SMYD2;MSX1;NBN;TRIM24;RNF34;PPM1D;URB2;SP100;PPP1R13B;TWIST1;TAF9;SOX4;CD74;CDKN1B;ELL3	TUB	GO_BP	no_proc_ieg	10347
GOBP_RESPONSE_TO_WOUNDING	1.338028322782755	0.0010787486515641855	0.27215886971405523	102/430	COL3A1;ELK3;CLDN1;SERPING1;TYROBP;TLR3;TIMP1;PPL;C1GALT1C1;FN1;CX3CR1;AURKA;TSPO;THBS1;TMPRSS4;ITGB3;SYT11;ENTPD1;VASH1;FLRT3;DDR1;NFE2L2;SERPINE2;VPS4B;BAX;CD44;RHOC;CDK1;IL33;TSPAN8;RHOA;SCARB1;PTEN;CTNNA1;MYOF;CLIC1;ANXA1;PIK3CG;CCR1;EXT1;FCER1G;FERMT1;ACTG1;HBB;CD36;PTPN6;PPARG;FGF2;GRN;ADRA2A;CAV1;CCR2;PRCP;CX3CL1;TNC;S100A10;MMP2;ITGB6;CASP7;LCP1;F13A1;ALOX5;VAV1;CASP3;PLSCR1;PROCR;STK24;HRAS;NRP1;CD151;CLDN3;MDK;VAV3;FZD6;SPP1;ANXA5;CPB2;CSPG5;CD59;CD40;RAC1;LCK;PLA2G4A;SELP;MYH9;ITGAV;ANXA2;CRK;HPSE;GNA12;F2RL1;P2RX4;TFPI;PTK2;MAP2K1;PLAT;STXBP1;NOTCH2;FAP;TMX1;CHMP7;CYP4F11	TUB	GO_BP	no_proc_ieg	10347
GOBP_REGULATION_OF_CELL_JUNCTION_ASSEMBLY	1.337967761246196	0.043209876543209874	0.2718678821791722	35/163	CLDN1;GPRASP3;FLOT1;MAP4K4;HOPX;THBS1;TPBG;FLRT3;RHOA;FZD1;GPC4;PTEN;EPHA7;GPM6B;THBS2;ACTG1;ADNP;SRPX2;OXTR;VPS35;CAV1;PRKCH;S100A10;ABL1;ITGB1BP1;NRP1;CLDN3;AGRN;RAC1;DUSP22;STAU2;NLGN4X;MEF2C;FARP1;FLRT2	TUB	GO_BP	no_proc_ieg	10347
GOBP_MAINTENANCE_OF_PROTEIN_LOCATION_IN_CELL	1.3373176848201351	0.08438818565400844	0.27260450782653706	10/50	KDELR2;TMSB10;DBN1;TSPO;CAV1;CD4;KDELR3;CCDC88A;TMSB15A;SP100	TUB	GO_BP	no_proc_ieg	10347
GOBP_NEGATIVE_REGULATION_OF_CELLULAR_COMPONENT_ORGANIZATION	1.3364604881802595	0.0064034151547491995	0.2737436589293189	118/497	SNX3;ZWINT;CLU;CSK;PPIF;TMSB10;CDC20;CARM1;UBQLN2;MAD2L1;TSPO;DACT1;THBS1;TRIAP1;ITGB3;YWHAH;SYT11;B2M;TNFRSF1B;VIM;SLC35F6;ITM2C;BUB1B;EFNB2;CD300A;FXN;CD47;MYLIP;NPM1;CAPG;MAD1L1;EVL;APOC1;ZWILCH;PTEN;BRCA1;NDC80;CHEK1;EPHA7;NAA10;AURKB;FLII;SWAP70;NAT10;DENND5A;CD38;CARD8;PSEN1;TOP2A;PAK2;CDH5;PPARG;VPS35;CAV1;APC;VAT1;S1PR1;MTMR2;PFN1;SCAF8;TTK;MUL1;DCP2;ANKRD27;SPC25;IAPP;SACS;NBN;TIGAR;TMSB15A;CCNB1;PMP22;PLSCR1;RUBCN;ITGB1BP1;WDR44;PAQR3;ATXN2;PARP1;NRP1;EXOSC10;ARHGAP44;RAPGEF3;ITGA3;VBP1;SPP1;GMFB;NME6;RAC1;PSMG2;DUSP22;MET;TPX2;TMOD3;CXCL10;ITGAV;ANXA2;SDCBP;CENPF;BECN1;MID1;PFDN4;CSNK1A1;POT1;SMARCA5;GMFG;CAPZB;FCGR2B;STXBP1;CAPZA2;FBXO5;FAP;RIN3;CRYAB;CLDN7;ATG5;CST3;EPS8	TUB	GO_BP	no_proc_ieg	10347
GOBP_NEGATIVE_REGULATION_OF_MYELOID_CELL_APOPTOTIC_PROCESS	1.336148995091514	0.12121212121212122	0.27392325256114236	4/17	MAEA;CCL5;IRF7;CCR5	TUB	GO_BP	no_proc_ieg	10347
GOBP_TRANSPORT_OF_VIRUS	1.3359083080294938	0.12341772151898735	0.27397932707071704	8/18	DYNLT1;CAV2;NMT2;CAV1;SIGLEC1;NUP153;KPNA2;KPNA3	TUB	GO_BP	no_proc_ieg	10347
GOBP_REGULATION_OF_PROTEASOMAL_PROTEIN_CATABOLIC_PROCESS	1.3358783015587363	0.042606516290726815	0.273644240770747	37/126	CLU;CDC20;UBQLN2;AURKA;DDRGK1;RCHY1;NFE2L2;PBK;CHFR;IL33;CSNK1D;USP14;PSEN1;RBX1;CAV1;LAMP3;PSME1;BBS7;UBE2K;GABARAP;KEAP1;PSME3;TAF9;CEBPA;GNA12;BCAP31;CAMLG;CSNK1A1;TMX1;NUDT15;PSMD14;CSNK1E;SOCS5;DAB2;FMR1;RACK1;PSMC4	TUB	GO_BP	no_proc_ieg	10347
GOBP_MICROTUBULE_ORGANIZING_CENTER_ORGANIZATION	1.3348991137060269	0.059602649006622516	0.274962957761195	18/105	SAC3D1;AURKA;PLK2;NUP62;VPS4B;KIF11;CDK1;NPM1;PCLAF;BRCA1;NDC80;CHEK1;HAUS6;MAP9;NAT10;TUBA1A;CEP131;PLK4	TUB	GO_BP	no_proc_ieg	10347
GOBP_NEUTROPHIL_MEDIATED_IMMUNITY	1.3342260406663997	0.10177705977382875	0.27576427610123383	6/28	ITGB2;ITGAM;ANXA3;MYD88;VAMP8;CXCL6	TUB	GO_BP	no_proc_ieg	10347
GOBP_PLASMINOGEN_ACTIVATION	1.3338951566957955	0.11128775834658187	0.27598061873156665	9/26	DHCR24;THBS1;SERPINE2;CTSZ;PLGRKT;S100A10;CPB2;ANXA2;PLAT	TUB	GO_BP	no_proc_ieg	10347
GOBP_RETROGRADE_TRANSPORT_ENDOSOME_TO_GOLGI	1.3332627342269414	0.08923512747875353	0.27675467670623527	25/55	SNX3;ATP9A;GOSR1;EIPR1;DENND5A;VPS35;VPS26A;ANKFY1;RAB9A;STX6;GOLT1B;EHD3;SNX2;TRIM27;VPS54;ARL1;CLN5;GCC2;ARFIP1;SNX1;TMED9;DCTN1;RAB7A;PREPL;RAB29	TUB	GO_BP	no_proc_ieg	10347
GOBP_CELLULAR_RESPONSE_TO_UV	1.332821790669808	0.06843575418994413	0.2771409136328071	22/68	TIMP1;POLH;TRIAP1;PBK;BAX;CRIP1;NPM1;PPID;MMP1;AURKB;RUVBL2;RBX1;PCNA;MMP2;MAPK11;PARP1;METTL3;MAPK13;OPN3;HYAL2;ACTR5;ZBTB1	TUB	GO_BP	no_proc_ieg	10347
GOBP_REGULATION_OF_APOPTOTIC_SIGNALING_PATHWAY	1.3328002319229866	0.014806378132118452	0.2767924534643587	62/282	PYCARD;FADD;CLU;PPIF;APAF1;CTSS;CX3CR1;THBS1;TRIAP1;MUC1;PTTG1IP;TMBIM1;NFE2L2;SLC35F6;TPD52L1;ITM2C;BAX;FXN;CD44;P4HB;SRPX;FZD1;CTNNA1;BID;NCK1;BRCA1;RB1;HDAC1;PSEN1;PAK2;IFI6;CAV1;CASP2;CAAP1;HYOU1;CX3CL1;MMP2;MSX1;NDUFA13;ERP29;IL7;TNFSF10;SGMS1;RNF34;SP100;PARP1;NRP1;AATF;STK4;PSME3;LCK;GSTP1;LTB;TAF9;PEA15;QARS1;PPP1CA;ITGAV;CD74;BCAP31;BECN1;ELL3	TUB	GO_BP	no_proc_ieg	10347
GOBP_POSITIVE_REGULATION_OF_CELL_MATRIX_ADHESION	1.3326867243009732	0.09401709401709402	0.27659147596511663	12/47	RRAS;MAP4K4;ITGB3;GFUS;FERMT1;CD36;CX3CL1;S100A10;ABL1;ITGB1BP1;NRP1;RAC1	TUB	GO_BP	no_proc_ieg	10347
GOBP_RESPONSE_TO_CHEMOKINE	1.3323738902943363	0.0673854447439353	0.2767803771755518	24/80	CCL5;CXCL1;CX3CR1;RHOA;CXCL9;CCR1;CCR5;CCR2;CXCL6;CCL19;STK39;PF4V1;CX3CL1;CXCL11;CXCL13;PPBP;ACKR1;CCL20;CCL18;CXCL10;CXCR2;CCL11;CCR6;THPO	TUB	GO_BP	no_proc_ieg	10347
GOBP_REGULATION_OF_RECEPTOR_MEDIATED_ENDOCYTOSIS	1.3322443563720117	0.06077348066298342	0.27667912236075715	21/85	CLU;FLOT1;UBQLN2;ITGB3;B2M;EFNB2;APOC1;C3;PSEN1;SMAP1;CD63;CCL19;MTMR2;ATXN2;BMP2K;LDLRAP1;PPT1;RAC1;ITGAV;ANXA2;SDCBP	TUB	GO_BP	no_proc_ieg	10347
GOBP_POSITIVE_REGULATION_OF_PROTEIN_BINDING	1.3320253678764618	0.10681114551083591	0.27663807765893644	21/40	FLOT1;DACT1;B2M;TRIM21;TIAM1;ABL1;STK4;IDE;ANXA2;MARK3;RALB;BMP2;BAMBI;USP33;PIN1;NVL;EPB41;STK3;VTN;MMP9;BDNF	TUB	GO_BP	no_proc_ieg	10347
GOBP_REGULATION_OF_SYNCYTIUM_FORMATION_BY_PLASMA_MEMBRANE_FUSION	1.331172494217236	0.12261146496815287	0.2778162881495832	9/24	TYROBP;FLOT1;CXCL9;CAMK1;PLEKHO1;CD53;RAPGEF3;CXCL10;CAPN2	TUB	GO_BP	no_proc_ieg	10347
GOBP_MRNA_CIS_SPLICING_VIA_SPLICEOSOME	1.3307163359474108	0.12111292962356793	0.2782896412892461	10/19	RBM22;NCBP2;EXOSC10;SF3A1;DDX23;UPF3B;SNRNP200;UPF3A;WBP4;PSIP1	TUB	GO_BP	no_proc_ieg	10347
GOBP_INTERLEUKIN_10_PRODUCTION	1.3297071113602073	0.08513708513708514	0.2797919735598438	5/44	PYCARD;TYROBP;HLA-DRB1;ISG15;CD47	TUB	GO_BP	no_proc_ieg	10347
GOBP_POSITIVE_REGULATION_OF_LYMPHOCYTE_DIFFERENTIATION	1.3293679977953718	0.05121638924455826	0.28001903558651714	35/110	HLA-DRB1;DDRGK1;SMARCE1;HLA-DRA;RAG1;CD86;SMARCD3;RHOA;ANXA1;HLX;RASGRP1;NCKAP1L;INPP5D;IL15;BTN2A2;CCL19;AMBRA1;TOX;IL7;CD27;IL18;MDK;SOX4;CD74;DUSP10;ACTL6A;RUNX3;ZBTB1;SOCS1;PPP2R3C;SOCS5;TGFBR2;GATA3;CBFB;MALT1	TUB	GO_BP	no_proc_ieg	10347
GOBP_RAC_PROTEIN_SIGNAL_TRANSDUCTION	1.3290217958354307	0.09969788519637462	0.2802454805968136	13/36	TIAM1;CYFIP1;PIK3CG;CRKL;FNTA;ARHGAP44;GABARAP;RAC1;STMN3;CRK;ELMO1;FARP1;ARHGAP17	TUB	GO_BP	no_proc_ieg	10347
GOBP_NEGATIVE_REGULATION_OF_EPITHELIAL_CELL_MIGRATION	1.328858912029463	0.09339080459770115	0.2801275630029334	16/55	THBS1;VASH1;SERPINF1;NR2F2;RHOA;EVL;PTEN;PPARG;FGF2;MEOX2;CXCL13;ITGB1BP1;MMRN2;SP100;SYNJ2BP;MEF2C	TUB	GO_BP	no_proc_ieg	10347
GOBP_REGULATION_OF_HEMOPOIESIS	1.328271257352272	0.01675977653631285	0.2808268736383664	90/298	FADD;HLA-B;CASP8;TYROBP;TLR3;CD2;HLA-DRB1;DDRGK1;EVI2B;HLA-DOA;TESC;B2M;SMARCE1;ISG15;HLA-DRA;HCLS1;RAG1;RASSF2;CD86;GABPA;SMARCD3;RHOA;LGALS1;IRF7;ANXA1;ZNF675;RB1;CCR1;HLX;MYB;TNFRSF11B;RASGRP1;NCKAP1L;PTPN6;INPP5D;IL15;BTN2A2;SMAP1;CCR2;CD4;PAF1;CCL19;AMBRA1;TNFAIP6;ABL1;ASCL2;IAPP;DROSHA;TOX;MAPK11;IL7;BRPF1;CD27;IL18;MDK;FGL2;LTF;CEBPA;METTL3;IKZF3;MEF2C;SOX4;CD74;HOXB8;DUSP10;ACTL6A;RUNX3;MED1;FCGR2B;NOTCH2;KITLG;TCIM;TMEM176A;ZBTB1;THPO;FSTL3;CRTAM;SOCS1;PPP2R3C;BRD1;SOCS5;MAFB;TCTA;HIF1A;ARNT;TGFBR2;GATA3;CBFB;LILRB3;MALT1	TUB	GO_BP	no_proc_ieg	10347
GOBP_REGULATION_OF_LYMPHOCYTE_APOPTOTIC_PROCESS	1.3281272882231745	0.11861861861861862	0.28069431176685566	6/35	FADD;CCL5;PERP;RAG1;BAX;AURKB	TUB	GO_BP	no_proc_ieg	10347
GOBP_RESPONSE_TO_MISFOLDED_PROTEIN	1.3274856515812865	0.11942675159235669	0.28141928153282314	4/16	CLU;CAV1;SDF2L1;DERL1	TUB	GO_BP	no_proc_ieg	10347
GOBP_FC_RECEPTOR_MEDIATED_STIMULATORY_SIGNALING_PATHWAY	1.326857205341222	0.12598425196850394	0.2821448651856486	8/26	CSK;CD47;FCER1G;HCK;ABL1;VAV1;PLSCR1;VAV3	TUB	GO_BP	no_proc_ieg	10347
GOBP_POSITIVE_REGULATION_OF_ACTIVATED_T_CELL_PROLIFERATION	1.3258885564594132	0.1354515050167224	0.2834499539035814	2/17	PYCARD;FADD	TUB	GO_BP	no_proc_ieg	10347
GOBP_REGULATION_OF_TRANSLATIONAL_INITIATION	1.3257537902407788	0.08974358974358974	0.2833222664012522	19/52	CCL5;NPM1;EIF4G3;NCK1;POLR2G;EIF1B;YTHDF1;YTHDF3;BANK1;EIF4E2;NCBP2;METTL3;EIF4G2;PPP1CA;DNAJC3;RPS6KB2;EIF4EBP1;FMR1;SH3BGRL	TUB	GO_BP	no_proc_ieg	10347
GOBP_ESTABLISHMENT_OF_PIGMENT_GRANULE_LOCALIZATION	1.3250676329453288	0.14358974358974358	0.28377360162540693	7/15	CDH3;GPR143;BBS7;SHROOM2;DCTN1;RAB11B;MREG	TUB	GO_BP	no_proc_ieg	10347
GOBP_PIGMENT_GRANULE_LOCALIZATION	1.3250676329453288	0.14358974358974358	0.28377360162540693	7/15	CDH3;GPR143;BBS7;SHROOM2;DCTN1;RAB11B;MREG	TUB	GO_BP	no_proc_ieg	10347
GOBP_REGULATION_OF_T_CELL_APOPTOTIC_PROCESS	1.3248681579613577	0.119281045751634	0.2837621730585294	4/25	FADD;CCL5;PERP;RAG1	TUB	GO_BP	no_proc_ieg	10347
GOBP_STEM_CELL_DIVISION	1.3247533540553562	0.13129770992366413	0.28359650173484724	7/25	SOX17;EVI2B;EXT1;MLLT3;GNL3;YME1L1;NAP1L2	TUB	GO_BP	no_proc_ieg	10347
GOBP_TRANSLESION_SYNTHESIS	1.3236444827070264	0.13725490196078433	0.2851794894049474	6/17	POLH;RCHY1;PCLAF;DTL;PCNA;POLE2	TUB	GO_BP	no_proc_ieg	10347
GOBP_REGULATORY_NCRNA_PROCESSING	1.3235040666446753	0.09970674486803519	0.2850581451317151	23/44	SMAD1;AGO4;ZC3H7A;TDRD7;SRRT;ADAR;NCBP2;TSN;DROSHA;METTL3;TARBP2;SPOUT1;TDRKH;PUM1;NUP155;SNIP1;ZMPSTE24;DGCR8;SMAD2;AGO3;SMAD3;TSNAX;PARN	TUB	GO_BP	no_proc_ieg	10347
GOBP_NEGATIVE_REGULATION_OF_CELLULAR_CATABOLIC_PROCESS	1.3231103291486412	0.07065217391304347	0.2854260307312524	20/84	RRAGC;TIMP1;IL10RA;TSPO;LEPR;CTSA;EIF4G3;APOC1;PIK3CG;MTMR2;STK38L;TIGAR;QSOX1;RUBCN;TIMP2;MET;EIF4G2;TRIM27;ANXA2;BECN1	TUB	GO_BP	no_proc_ieg	10347
GOBP_PODOSOME_ASSEMBLY	1.3227161207171774	0.14171974522292993	0.28575615893830336	6/17	CAPG;RHOA;HCK;LCP1;ARHGEF5;FSCN1	TUB	GO_BP	no_proc_ieg	10347
GOBP_CARBOHYDRATE_DERIVATIVE_BIOSYNTHETIC_PROCESS	1.3225638460653375	0.01312910284463895	0.2856636616128949	105/432	NME1;MGAT4B;GUCY1B1;DCK;DSE;ATP5MF;C1GALT1C1;AK1;ST6GALNAC4;NFKB1;ALG9;B4GALT5;GFUS;DPAGT1;SLC2A10;LIPA;DTYMK;FUT4;CMPK1;ITM2C;ATP5MJ;DAD1;NDUFA6;IL33;DCTD;AK5;IMPDH1;CANT1;TMEM258;PANK2;ACSL5;POGLUT2;EXT1;GCNT1;PSEN1;MLEC;ADCY7;MGAT2;GALNT7;IL15;GUCY1A1;GALNT1;EOGT;RPN2;POFUT1;SOAT1;CCL19;B4GALT7;PIGT;GALNT3;DDOST;HACD1;ADA2;DPM3;ALDOA;NDUFA13;STT3A;GART;ALG6;PLOD2;ANTKMT;ACACA;ATP6V0C;UGDH;GCNT3;UGT8;PARP1;GNE;HS2ST1;RRM1;B4GALT4;EXT2;AATF;PPT1;NME6;UBE2J1;FKTN;NDUFB5;MAN1B1;PLOD3;GALNT2;TMEM165;ST8SIA1;ADSL;PAPSS1;LCMT2;MAN1C1;NDUFS6;PPCS;PDHX;OGA;GALNT6;ST3GAL5;TNIP1;PYGL;FUT8;PDK1;ST3GAL2;ATP5MC1;TYMS;SLC35C1;RFK;NDUFA8;NME5;TRIP11	TUB	GO_BP	no_proc_ieg	10347
GOBP_POSITIVE_REGULATION_OF_T_CELL_CYTOKINE_PRODUCTION	1.3225220068190517	0.1296	0.28533868176800903	9/24	B2M;HLA-A;IL1R1;IL18R1;IL18;RSAD2;CD81;GATA3;MALT1	TUB	GO_BP	no_proc_ieg	10347
GOBP_B_CELL_PROLIFERATION	1.3223326253289693	0.082010582010582	0.28530635151106504	20/74	TYROBP;AHR;MNDA;BAX;CD300A;MS4A1;CD38;RASGRP1;NCKAP1L;INPP5D;TICAM1;ABL1;IL7;CASP3;VAV3;CD40;IKZF3;MEF2C;IFNA16;CD74	TUB	GO_BP	no_proc_ieg	10347
GOBP_MYELOID_CELL_APOPTOTIC_PROCESS	1.322119926953861	0.09612403100775194	0.28530438233602556	6/33	MAEA;CCL5;LIPA;IRF7;ANXA1;CCR5	TUB	GO_BP	no_proc_ieg	10347
GOBP_MEMBRANE_LIPID_CATABOLIC_PROCESS	1.3216060397429608	0.11929307805596466	0.2858264984978018	13/36	HEXB;NEU1;GLB1;GM2A;PLPP2;SGPL1;PPT1;VPS54;SMPD2;PLPP1;SCARB2;ASAH1;FUCA1	TUB	GO_BP	no_proc_ieg	10347
GOBP_RESPONSE_TO_UV	1.3216012150491268	0.05584415584415584	0.2854564694232749	32/112	COL6A3;TIMP1;POLH;TRIAP1;PBK;BAX;CRIP1;NPM1;PPID;PCLAF;DTL;MMP1;AURKB;RUVBL2;RBX1;PCNA;MMP2;CASP7;MAPK11;CASP3;PARP1;METTL3;RO60;MAPK13;OPN3;FEN1;COL6A2;HYAL2;MSH6;ACTR5;USP1;ZBTB1	TUB	GO_BP	no_proc_ieg	10347
GOBP_NON_CANONICAL_WNT_SIGNALING_PATHWAY	1.3211669329883862	0.09447674418604651	0.2859217220327141	14/50	DACT1;RHOA;TIAM1;FZD1;VANGL1;CSNK1D;MLLT3;ABL1;SMURF2;FZD8;FZD6;ANKRD6;RAC1;FZD3	TUB	GO_BP	no_proc_ieg	10347
GOBP_TAXIS	1.321121484243333	0.01312910284463895	0.28561277431162885	87/347	CCL5;VCAM1;CXCL1;ITGB2;CX3CR1;PLP2;THBS1;ITGB3;TPBG;PPIB;PERP;TYMP;FLRT3;EFNB2;RHOA;TIAM1;CXCL9;STX3;VEGFC;AMOT;ANXA1;EPHA7;PIK3CG;CCR1;CYP7B1;YTHDF1;S100A4;FCER1G;RPS19;SWAP70;USP14;NCKAP1L;CCR5;FGF2;CRKL;ABCC1;CCR2;C3AR1;CXCL6;S1PR1;CCL19;STK39;DOCK2;PF4V1;HOXB9;NUP85;CX3CL1;TNFAIP6;RAC2;PLGRKT;CXCL11;MMP2;CXCL13;ALOX5;VAV1;ADAM10;PLA2G7;C5AR1;GPNMB;CKLF;TRPM4;PPBP;ARHGEF5;HRAS;NRP1;MDK;VAV3;CCL20;RAC1;ANOS1;CCN3;MET;CCL18;NOD2;CXCL10;ITGAV;CRK;CD74;MOSPD2;CXCR2;F2RL1;FLRT2;P2RX4;CCL11;FPR3;PTK2;MAP2K1	TUB	GO_BP	no_proc_ieg	10347
GOBP_DNA_STRAND_ELONGATION	1.3200230730300253	0.11353032659409021	0.28715182314274634	17/27	MCM4;RUVBL2;PCNA;POLE3;RFC4;NBN;POT1;ACTL6A;ACTR5;RUVBL1;MCM3;ACTR8;RAD50;LIG3;NFRKB;TFPT;MCRS1	TUB	GO_BP	no_proc_ieg	10347
GOBP_NEGATIVE_REGULATION_OF_PROTEIN_LOCALIZATION_TO_MEMBRANE	1.32001851258453	0.14153846153846153	0.28677949441245015	9/25	CSK;TMBIM1;ITGB1BP1;LZTFL1;GBP1;LYPD1;LYPLA1;DAB2;AP2M1	TUB	GO_BP	no_proc_ieg	10347
GOBP_REGULATION_OF_ENDOPLASMIC_RETICULUM_UNFOLDED_PROTEIN_RESPONSE	1.3186130361200232	0.11023622047244094	0.28902790869583206	4/22	DDRGK1;BAX;NCK1;AGR2	TUB	GO_BP	no_proc_ieg	10347
GOBP_PROTEIN_LOCALIZATION_TO_CHROMOSOME_TELOMERIC_REGION	1.3174649060118688	0.11802232854864433	0.2907536538112512	17/26	MACROH2A1;CCT6A;GNL3;DKC1;TPP1;POT1;CCT4;CCT7;XRCC5;TINF2;CCT3;WRAP53;BRCA2;ACD;ATR;CCT2;CCT8	TUB	GO_BP	no_proc_ieg	10347
GOBP_MITOTIC_DNA_INTEGRITY_CHECKPOINT_SIGNALING	1.3167739433607941	0.097953216374269	0.29157108445784197	16/59	TRIAP1;PLK2;NEK11;MUC1;NAE1;CDK1;DTL;BRCA1;CHEK1;RPA2;CASP2;NBN;BABAM1;TAOK3;BRCC3;CDKN1B	TUB	GO_BP	no_proc_ieg	10347
GOBP_REGULATION_OF_MYELOID_CELL_APOPTOTIC_PROCESS	1.3165100125995934	0.1166407465007776	0.29167673559595164	8/27	MAEA;CCL5;IRF7;ANXA1;CCR5;MEF2C;NOD2;KITLG	TUB	GO_BP	no_proc_ieg	10347
GOBP_POSITIVE_REGULATION_OF_ENDOCYTOSIS	1.316457172765078	0.06068601583113457	0.29139045203559044	26/111	PYCARD;CLU;FLOT1;CYBA;B2M;CD47;RAB31;FCER1G;LMAN2;C3;VPS28;NCKAP1L;CD36;IL15;CD63;CCL19;DOCK2;CD14;ANKFY1;CD151;LDLRAP1;PPT1;SIRPG;NOD2;ANXA2;F2RL1	TUB	GO_BP	no_proc_ieg	10347
GOBP_LYMPHOCYTE_ACTIVATION_INVOLVED_IN_IMMUNE_RESPONSE	1.3154213107469843	0.053482587064676616	0.2929104054431772	45/145	HLA-F;HLA-DRB1;DDRGK1;HLA-DRA;CD86;IRF8;LGALS1;ANXA1;FCER1G;SWAP70;HLX;MYB;PSEN1;NCKAP1L;CCL19;IL27RA;ABL1;ASCL2;POU2AF1;LCP1;NKG7;STAT4;NBN;IL18R1;APBB1IP;IL18;MLH1;MDK;FGL2;CD40;IFNA16;CD74;HLA-DMB;F2RL1;FCGR2B;NOTCH2;MSH6;NSD2;CCR6;PLCL2;DOCK10;LAMP1;CD81;SOCS5;KMT5B	TUB	GO_BP	no_proc_ieg	10347
GOBP_NEGATIVE_REGULATION_OF_PROTEIN_BINDING	1.3147756139646458	0.09748892171344166	0.2936823265396767	9/48	SLPI;AURKA;DACT1;ITGA4;B2M;BAX;CAMK1;AURKB;IFIT2	TUB	GO_BP	no_proc_ieg	10347
GOBP_RESPONSE_TO_MECHANICAL_STIMULUS	1.3147693251295982	0.04	0.2933066174989673	24/167	CITED2;FADD;CASP8;TLR3;COL1A1;PPL;ITGAM;NFKB1;THBS1;TLR7;ITGB3;MYD88;TLR5;SERPINE2;IL33;CHEK1;POSTN;FGF2;TUBA1A;CASP1;MAP3K1;CASP2;TNC;MMP2	TUB	GO_BP	no_proc_ieg	10347
GOBP_REGULATION_OF_LEUKOCYTE_CHEMOTAXIS	1.3144861994574577	0.0633245382585752	0.293464989259643	29/95	CCL5;CX3CR1;THBS1;PERP;VEGFC;CCR1;SWAP70;NCKAP1L;CCR2;C3AR1;CCL19;STK39;TNFAIP6;RAC2;CXCL13;ADAM10;PLA2G7;C5AR1;MDK;RAC1;CCN3;NOD2;CXCL10;CD74;MOSPD2;F2RL1;PTK2;CCR6;RIN3	TUB	GO_BP	no_proc_ieg	10347
GOBP_REGULATION_OF_DENDRITE_DEVELOPMENT	1.313978259889982	0.07651006711409396	0.2939540100935092	18/73	GPRASP3;CARM1;DBN1;EZH2;YWHAH;TIAM1;CYFIP1;COBL;CRKL;CDKL5;ABL1;ANKRD27;VLDLR;TMEM106B;SDC2;RELN;STAU2;CRK	TUB	GO_BP	no_proc_ieg	10347
GOBP_NEGATIVE_REGULATION_OF_PROTEIN_SERINE_THREONINE_KINASE_ACTIVITY	1.3139601777099974	0.08472222222222223	0.29360161570410975	24/63	PYCARD;HHEX;NR2F2;CD300A;PTEN;ZNF675;RB1;MACROH2A1;PPARG;SPRY1;APC;STK38;UCHL1;ABL1;PAQR3;GSTP1;CDKN1B;PKIA;RGS14;DUSP10;HYAL2;PDCD4;BMP2;PTPN22	TUB	GO_BP	no_proc_ieg	10347
GOBP_POSITIVE_REGULATION_OF_INTERLEUKIN_8_PRODUCTION	1.313705444665441	0.11522048364153627	0.2936727440588792	16/47	PYCARD;FADD;TLR3;CD2;TLR7;MYD88;TLR5;TLR1;CD58;RIGI;CD14;TLR8;NOD2;CD74;F2RL1;HYAL2	TUB	GO_BP	no_proc_ieg	10347
GOBP_REGULATION_OF_MYELOID_LEUKOCYTE_DIFFERENTIATION	1.3135044534903833	0.07480314960629922	0.29364524780840817	18/91	FADD;CASP8;TYROBP;TLR3;HLA-DRB1;EVI2B;TESC;HCLS1;RASSF2;IRF7;ZNF675;RB1;CCR1;TNFRSF11B;INPP5D;CD4;TNFAIP6;IAPP	TUB	GO_BP	no_proc_ieg	10347
GOBP_REGULATION_OF_SMALL_GTPASE_MEDIATED_SIGNAL_TRANSDUCTION	1.311684626348566	0.039568345323741004	0.2966446583453575	55/200	COL3A1;FLOT1;ECT2;MAP4K4;ABCA1;ADGRG1;NUP62;GPR65;ARHGAP15;TIAM1;FOXM1;ARHGDIB;FAM13B;AMOT;PIK3CG;RAP1GAP2;SWAP70;RASGRP1;CRKL;ARHGAP29;SPRY1;FNTA;DOCK2;ABL1;RHOD;VAV1;GIT2;ARHGEF5;NRP1;ARHGAP44;GABARAP;VAV3;ITGA3;RELN;RAC1;ARHGAP25;MET;STMN3;P2RY10;ITGAV;CRK;ARHGAP17;F2RL1;CSNK1A1;ARHGEF3;NOTCH2;KITLG;EPS8;CBL;DENND4A;SIPA1;KIF14;LPAR6;CHN1;KCTD13	TUB	GO_BP	no_proc_ieg	10347
GOBP_ANTIMICROBIAL_HUMORAL_RESPONSE	1.311667197003812	0.06193548387096774	0.2962967497852621	28/105	CCL5;SLPI;CXCL1;SPON2;RNASE6;HLA-A;LYZ;MMP7;CXCL9;RPS19;WFDC2;IGHM;CXCL6;CCL19;PF4V1;CX3CL1;CXCL11;CXCL13;H2BC12;H2BC21;REG1A;PPBP;CCL20;LTF;CCL18;NOD2;CXCL10;HLA-E	TUB	GO_BP	no_proc_ieg	10347
GOBP_DNA_RECOMBINATION	1.3116325575707994	0.033136094674556214	0.29598650951670497	84/213	RAD51AP1;RPA1;MCM4;AP5S1;RAG1;BRIP1;MCM5;FUS;BRCA1;DCLRE1C;RAD51C;CHEK1;XRCC4;RPA2;SWAP70;MCM2;TOP2A;RUVBL2;GINS2;PSMC3IP;RMI1;IL27RA;APEX1;ABL1;PARPBP;TSN;NBN;CDC7;PARP1;MLH1;RAD54L;KPNA2;CD40;TEP1;H1-10;ZFYVE26;CYREN;FEN1;REC8;H1-2;ACTL6A;RECQL;RNF138;MSH6;NSD2;ACTR5;CCR6;RUVBL1;PSMD14;XRCC5;RAD54B;WDR48;KMT5B;MCM3;ACTR8;MUS81;TRRAP;PALB2;MAGEF1;EXO1;ATM;WRN;RAD50;WRAP53;PAXIP1;LIG3;SMCHD1;MORF4L2;RECQL5;LEF1;IL7R;NFRKB;REV3L;BRCA2;TFPT;MCRS1;KIN;HTATSF1;PIAS4;AUNIP;SKP2;C1QBP;MLH3;PTPRC	TUB	GO_BP	no_proc_ieg	10347
GOBP_POSITIVE_REGULATION_OF_EXOCYTOSIS	1.311338892852336	0.11048951048951049	0.29612022124697895	15/57	HLA-F;ITGB2;ITGAM;VPS4B;VAMP8;RAB3D;S100A10;RAB9A;RAB27B;STAM;ANXA2;SDCBP;F2RL1;RAB15;STXBP1	TUB	GO_BP	no_proc_ieg	10347
GOBP_HIPPO_SIGNALING	1.3107719551805939	0.11834319526627218	0.29677809028897423	9/33	WWC1;MAP4K4;NF2;VGLL4;AMOT;MOB3B;STK4;MOB1A;MARK3	TUB	GO_BP	no_proc_ieg	10347
GOBP_PLATELET_ACTIVATION	1.310023699681748	0.08179419525065963	0.2977847123091196	21/103	COL3A1;C1GALT1C1;ITGB3;ENTPD1;SERPINE2;CLIC1;PIK3CG;FCER1G;ACTG1;HBB;PTPN6;ADRA2A;VAV1;PLSCR1;VAV3;FZD6;CD40;LCK;PLA2G4A;SELP;MYH9	TUB	GO_BP	no_proc_ieg	10347
GOBP_POLYPRENOL_METABOLIC_PROCESS	1.3095510354704547	0.13930348258706468	0.29824608740112035	9/17	ALG9;DPAGT1;DPM3;ALG6;AKR1B10;ALG3;ALG5;ALG13;DPM1	TUB	GO_BP	no_proc_ieg	10347
GOBP_REGULATION_OF_PROTEIN_BINDING	1.3092701294773899	0.07764390896921017	0.2983798794635363	37/89	FLOT1;HDAC4;SLPI;AURKA;DACT1;ITGA4;B2M;BAX;TRIM21;TIAM1;CAMK1;AURKB;IFIT2;ABL1;ITGB1BP1;LDLRAP1;STK4;IDE;ANXA2;MARK3;BTBD1;RALB;BMP2;BAMBI;CSNK1E;USP33;DAB2;RACK1;PIN1;NVL;EPB41;DNAJB2;BAG2;PARK7;STK3;TLE5;VTN	TUB	GO_BP	no_proc_ieg	10347
GOBP_ACTIN_POLYMERIZATION_OR_DEPOLYMERIZATION	1.3088256637864937	0.06535947712418301	0.29883323413207263	35/132	PYCARD;ENAH;PSTPIP2;TMSB10;WIPF1;HCLS1;ARPC2;CAPG;EVL;NCK1;ABI1;CYFIP1;FCHSD2;FLII;SWAP70;NCKAP1L;COBL;PSTPIP1;PFN1;HCK;GRB2;ABL1;MICAL2;TMSB15A;ABITRAM;MEGF9;RAC1;TMOD3;DSTN;F2RL1;CCL11;CAPZB;ARPC5;CAPZA2;WASHC5	TUB	GO_BP	no_proc_ieg	10347
GOBP_GLYCOPROTEIN_CATABOLIC_PROCESS	1.3084281014834518	0.12267080745341614	0.29921132857740246	14/24	GLB1;SGSH;GUSB;MANBA;MAN1B1;HPSE;MAN1C1;OGA;CST3;MAN1A1;FBXO2;FBXO17;NGLY1;MAN1A2	TUB	GO_BP	no_proc_ieg	10347
GOBP_REGULATION_OF_PROTEIN_UBIQUITINATION	1.3079765375080583	0.06186868686868687	0.29966125576403085	22/132	CDC20;RNF111;MAD2L1;TSPO;LAPTM5;PTTG1IP;RCHY1;NMI;ISG15;TRIM44;CHFR;FANCI;PTEN;SASH1;VPS28;GTPBP4;UBE2D1;RBX1;CAV1;TICAM1;ABL1;DERL1	TUB	GO_BP	no_proc_ieg	10347
GOBP_REGULATED_EXOCYTOSIS	1.3077655733224987	0.04438964241676942	0.2996592768725483	37/145	TMED10;S100A13;HLA-F;ITGB2;ITGAM;ANXA3;SYT11;CD300A;VAMP8;STX3;RAB31;PIK3CG;PSEN1;RASGRP1;NCKAP1L;ADRA2A;CCR2;RAB3D;HCK;RAC2;NKG7;SYNGR2;FCER1A;STX2;CSPG5;MYH9;ABCC4;ARHGAP17;F2RL1;RAB15;FCGR2B;STXBP1;SYNGR3;CBL;PTGDR;LAMP1;GNAI2	TUB	GO_BP	no_proc_ieg	10347
GOBP_REGULATION_OF_TRANSFERASE_ACTIVITY	1.3072948597201375	0.011764705882352941	0.3001304849733081	127/451	PYCARD;TLR3;ECT2;CDC20;CCL5;RFC5;PLAAT4;MAD2L1;HLA-DRB1;TNFSF15;THBS1;ITGB3;EZH2;HHEX;CDKN3;DDR1;TPD52L1;NR2F2;RASSF2;CD300A;NPM1;PSRC1;CD86;RFC2;RHOA;CCNA2;DSCC1;CAMK1;PTEN;MVP;ABI1;SASH1;SMG8;CCNO;ZNF675;DBNDD1;RB1;PIK3CG;MACROH2A1;AURKB;LCP2;RASGRP1;PAK2;CENPE;PPARG;FGF2;GTPBP4;ADRA2A;CAV1;PCNA;SPRY1;ADAR;APC;STK38;CD4;CCL19;GTF2H1;WARS1;MMD;UCHL1;RFC4;ABL1;FIRRM;ERP29;CCDC88A;NBN;TIGAR;C5AR1;IQGAP1;CCNB1;ITGB1BP1;CCNK;PRRC1;PAQR3;ARHGEF5;HRAS;RELN;CD40;DIRAS2;GSTP1;LTF;RTRAF;CCNG2;BORA;DUSP22;BANF1;MET;TAOK3;TPX2;QARS1;TRIM27;ROR1;CD74;DKC1;POLG2;PIBF1;CDKN1B;TARBP2;PKIA;POT1;RGS14;PTGES3;DUSP10;PTK2;HYAL2;MAP2K1;FGFR4;CCT4;FBXO5;TCIM;RALB;TAF7;CBL;CDK12;PDCD4;HTR2B;RPS3;BMP2;PTPN22;XRCC5;KIF14;JTB;EMP2;TINF2;UBE2C;DBI;SOCS5	TUB	GO_BP	no_proc_ieg	10347
GOBP_POSITIVE_REGULATION_OF_CHROMOSOME_ORGANIZATION	1.307274437477015	0.0776566757493188	0.2997761989855632	39/80	ATF7IP;NCAPG;CDK1;MORC2;MACROH2A1;AURKB;SMC4;CCT6A;RUVBL2;GNL3;NBN;FEN1;DKC1;POT1;ACTL6A;CCT4;MPHOSPH8;ACTR5;NCAPG2;RUVBL1;CCT7;XRCC5;TASOR;TINF2;TRIM28;ACTR8;MAPK1;CCT3;SMC2;ATM;BUB1;RAD50;MAP3K4;NFRKB;NEK2;TFPT;MCRS1;ACD;ATR	TUB	GO_BP	no_proc_ieg	10347
GOBP_PYRIMIDINE_NUCLEOSIDE_MONOPHOSPHATE_METABOLIC_PROCESS	1.3062996144219436	0.14953271028037382	0.301156230224723	3/16	DCK;TYMP;CMPK1	TUB	GO_BP	no_proc_ieg	10347
GOBP_REGULATION_OF_STRESS_ACTIVATED_PROTEIN_KINASE_SIGNALING_CASCADE	1.3061443959776156	0.10766961651917405	0.3010655666144218	16/33	ARL6IP5;PBK;FOXM1;IGFBP6;GSTP1;TAOK3;QARS1;NOD2;MID1;DUSP10;MAP2K1;MAPK1;PDCD10;TLR4;FAS;ZMPSTE24	TUB	GO_BP	no_proc_ieg	10347
GOBP_NEURAL_NUCLEUS_DEVELOPMENT	1.3057637193043583	0.12103746397694524	0.3013700653264744	18/48	S100A1;ALDH1A3;HOXB2;YWHAH;BASP1;RHOA;DYNLL1;FGF2;CKB;MBP;SEC16A;SYNGR3;G6PD;ATP5PB;SCRIB;COX6B1;CALM2;SEC24B	TUB	GO_BP	no_proc_ieg	10347
GOBP_NEGATIVE_REGULATION_OF_BINDING	1.3052092848076347	0.08835341365461848	0.30202133031795964	18/82	SLPI;GZMA;AURKA;DACT1;ITGA4;B2M;BAX;CAMK1;IFI16;ZNF675;AURKB;PSEN1;IFIT2;GTPBP4;SUMO3;GEMIN2;ITGB1BP1;SP100	TUB	GO_BP	no_proc_ieg	10347
GOBP_POSITIVE_REGULATION_OF_MITOCHONDRIAL_MEMBRANE_PERMEABILITY	1.3051460197202982	0.12264150943396226	0.30177498622278603	5/23	PPIF;SLC35F6;BAX;BID;MUL1	TUB	GO_BP	no_proc_ieg	10347
GOBP_POSITIVE_REGULATION_OF_STEROL_TRANSPORT	1.304772315944357	0.1276595744680851	0.30207504193050844	8/27	PLTP;ABCA1;ABCA3;PPARG;CAV1;LDLRAP1;ANXA2;CETP	TUB	GO_BP	no_proc_ieg	10347
GOBP_PLATELET_AGGREGATION	1.3044182104863493	0.11174785100286533	0.30230006640311247	8/53	ITGB3;ENTPD1;SERPINE2;CLIC1;PIK3CG;ACTG1;HBB;PTPN6	TUB	GO_BP	no_proc_ieg	10347
GOBP_INTRINSIC_APOPTOTIC_SIGNALING_PATHWAY	1.304396794207994	0.033760186263096625	0.3019537944801328	52/233	DYRK2;PYCARD;CLU;PPIF;APAF1;ARL6IP5;TRIAP1;MUC1;PTTG1IP;PERP;TNFRSF1B;NFE2L2;MLLT11;BAX;CRIP1;CD44;P4HB;RRP8;FZD1;BID;NCK1;BRCA1;IFI16;HDAC1;IFI6;CAV1;CASP2;HYOU1;MMP2;ABL1;MSX1;NDUFA13;ERP29;NBN;BCL2A1;SGMS1;CASP3;MELK;STK24;HRAS;PARP1;MLH1;PPP1R13B;CASP4;LCK;TAF9;DIABLO;CD74;BCAP31;BECN1;ERO1A;ELL3	TUB	GO_BP	no_proc_ieg	10347
GOBP_REGULATION_OF_DNA_BINDING	1.3042824033845797	0.11477761836441894	0.3017912264660759	10/59	NME1;EDF1;GZMA;DDRGK1;IFI16;ZNF675;RB1;GTF2B;PSEN1;SUMO3	TUB	GO_BP	no_proc_ieg	10347
GOBP_NEGATIVE_REGULATION_OF_CELL_CYCLE	1.3041665022353943	0.029511918274687854	0.30165412943925163	63/268	ZWINT;CDC20;MAD2L1;DACT1;TRIAP1;PLK2;EZH2;NEK11;MUC1;CRLF3;HHEX;BUB1B;NR2F2;NAE1;CHFR;CDK1;NPM1;BRIP1;MAD1L1;RRP8;DTL;ZWILCH;PTEN;BRCA1;NDC80;METTL13;CHEK1;NAA10;RB1;MACROH2A1;RPA2;AURKB;BTN2A2;APC;STK38;CASP2;AVEN;TTK;ABL1;SPC25;NBN;CASP3;GPNMB;BABAM1;CCNB1;ATF5;ANGEL2;PPP1R13B;BRINP1;RNASEH2B;NME6;PSMG2;CDT1;INTS7;FZD3;CEBPA;TAOK3;BRCC3;CENPF;CDKN1B;SMARCA5;ZBTB17;RUNX3	TUB	GO_BP	no_proc_ieg	10347
GOBP_DNA_CATABOLIC_PROCESS	1.3037970332713607	0.13192182410423453	0.30193934661747435	11/26	APAF1;BAX;DFFB;ISG20;REXO4;APEX1;DNASE2;VPS54;MUS81;ATM;EXOG	TUB	GO_BP	no_proc_ieg	10347
GOBP_MEMBRANE_PROTEIN_PROTEOLYSIS	1.303598407196673	0.11600587371512482	0.3019619366698724	11/46	TIMP1;PSENEN;TNFRSF1B;MMP7;PSEN2;PSEN1;ADRA2A;ADAM10;TIMP2;APH1A;MYH9	TUB	GO_BP	no_proc_ieg	10347
GOBP_LYMPHOCYTE_APOPTOTIC_PROCESS	1.303525143917721	0.11465892597968069	0.30172407225090814	10/51	FADD;CCL5;PERP;LIPA;RAG1;BAX;AURKB;CRKL;CASP7;CD27	TUB	GO_BP	no_proc_ieg	10347
GOBP_NEGATIVE_REGULATION_OF_SIGNAL_TRANSDUCTION_BY_P53_CLASS_MEDIATOR	1.3020056319512043	0.12878787878787878	0.3042193528336905	9/28	TRIAP1;MUC1;PTTG1IP;CD44;RNF34;TWIST1;TAF9;CD74;ELL3	TUB	GO_BP	no_proc_ieg	10347
GOBP_MATURATION_OF_SSU_RRNA	1.3018403670256302	0.12053571428571429	0.3041429473954698	17/36	RPP40;BMS1;RPS19;NAT10;TSR1;UTP25;NOL11;UTP6;DDX52;WDR3;SNU13;NOL7;LSM6;RPS16;NOL10;RPS21;RIOK2	TUB	GO_BP	no_proc_ieg	10347
GOBP_MODIFICATION_DEPENDENT_MACROMOLECULE_CATABOLIC_PROCESS	1.3015076447931346	0.016042780748663103	0.3043462965775588	117/391	PSMB8;MAEA;UBD;CLU;PSMB9;DTX4;CDC20;RNF111;UBQLN2;UBE2D2;UBE2L6;AURKA;DDRGK1;LAPTM5;TRIP4;RCHY1;ISG15;IFI27;NFE2L2;VPS4B;NAE1;PBK;CHFR;MYLIP;UBE2E1;UBAP1;IL33;DTL;PTEN;PSMB10;NTAN1;CSNK1D;UBE3C;USP14;PSEN1;VPS28;GID8;UBE2D1;RBX1;UBE2Z;APC;RNF139;COPS3;AMBRA1;UCHL1;UCHL3;TRIM25;DERL1;SMURF2;RNF34;BBS7;UBE2K;CCDC22;UBA52;SPOP;GABARAP;KEAP1;CDC27;PSMD8;STAM;TAF9;CEBPA;RNF11;TGFB1I1;GNA12;BCAP31;CAMLG;CSNK1A1;PTK2;TRIM45;RNF125;PSMA6;CHMP7;CDC23;PSMA1;ASCC3;PSMB1;CBL;SIAH1;PSMD14;ADRM1;BIRC2;CSNK1E;KIF14;FBXL4;KCTD13;UBE2C;SOCS5;CUL1;FAF2;UBA6;UBE2A;PCYOX1L;PSMB4;USP33;DAB2;FBXO11;RACK1;SH3BGRL;PSMC4;UBL4A;RPL23;TRIP12;TBL1XR1;MAGEF1;SQSTM1;RBBP6;CUL4B;UBE2L3;CDC16;XPO1;KCTD5;PSMD10;ANAPC13;NEDD8;NEDD4;APPBP2	TUB	GO_BP	no_proc_ieg	10347
GOBP_REGULATION_OF_PROTEIN_IMPORT_INTO_NUCLEUS	1.301361716723549	0.11376404494382023	0.30427347264452204	8/47	RAB23;ECT2;RBM22;HCLS1;CDK1;FERMT1;PSEN1;CD36	TUB	GO_BP	no_proc_ieg	10347
GOBP_POSITIVE_REGULATION_OF_SMOOTH_MUSCLE_CELL_MIGRATION	1.30067685377437	0.11566617862371889	0.3052489584100051	8/35	CCL5;ITGB3;S100A11;POSTN;P2RY6;NRP1;MDK;CRK	TUB	GO_BP	no_proc_ieg	10347
GOBP_RNA_TEMPLATED_DNA_BIOSYNTHETIC_PROCESS	1.2998818958467224	0.12608695652173912	0.3062538917954802	29/48	NOP10;RPA1;AURKB;NAT10;CCT6A;DCP2;EXOSC10;TEP1;DKC1;POT1;PTGES3;CCT4;NHP2;CCT7;XRCC5;TINF2;MAPK1;CCT3;ATM;RAD50;WRAP53;MAP3K4;NEK2;ACD;ATR;PARN;RFC1;CCT2;CCT8	TUB	GO_BP	no_proc_ieg	10347
GOBP_VESICLE_MEDIATED_TRANSPORT_BETWEEN_ENDOSOMAL_COMPARTMENTS	1.2997609309371434	0.12613981762917933	0.3060835001322302	17/36	SNX3;NF2;SNX16;MTMR2;STX8;ANKRD27;BECN1;MAP2K1;EMP2;MAPK1;DAB2;RAB7A;LMTK2;EEA1;SNF8;DYNC1LI1;RAB5A	TUB	GO_BP	no_proc_ieg	10347
GOBP_APICAL_JUNCTION_ASSEMBLY	1.2990248407801321	0.1318840579710145	0.3070601948029009	11/50	CLDN1;ECT2;RHOC;RHOA;CTNNA1;PAK2;CDH5;PRKCH;APC;CLDN3;PECAM1	TUB	GO_BP	no_proc_ieg	10347
GOBP_POSITIVE_REGULATION_OF_MYELOID_CELL_DIFFERENTIATION	1.2987171176120047	0.09581646423751687	0.30726784272113156	14/73	FADD;CASP8;TYROBP;HLA-DRB1;EVI2B;TESC;ISG15;HCLS1;RB1;CCR1;NCKAP1L;INPP5D;SMAP1;CD4	TUB	GO_BP	no_proc_ieg	10347
GOBP_TRANSCRIPTION_INITIATION_AT_RNA_POLYMERASE_II_PROMOTER	1.298271773523739	0.06914893617021277	0.3077145502360545	40/104	NFKB1;TAF4;POLR2G;POLR2D;MACROH2A1;GTF2B;MED24;GTF2H1;TAF10;APEX1;ATAD2;MED6;PPM1D;CDK7;MED21;CDK4;GTF2E2;TBP;E2F3;MED16;APOBEC3F;MED17;TAF9;MED20;TAF5;HEY2;MED1;DR1;APOBEC3A;TAF7;USP21;MED7;TAF4B;GTF2A1;GTF2F2;CAND1;TAF6L;ZMPSTE24;EP300;PAXIP1	TUB	GO_BP	no_proc_ieg	10347
GOBP_NEGATIVE_REGULATION_OF_APOPTOTIC_SIGNALING_PATHWAY	1.2977265132756266	0.051807228915662654	0.3083278857165776	36/173	CLU;PPIF;CX3CR1;THBS1;TRIAP1;MUC1;PTTG1IP;TMBIM1;NFE2L2;SLC35F6;BAX;FXN;CD44;FZD1;CTNNA1;BID;BRCA1;RB1;HDAC1;PSEN1;IFI6;CAAP1;HYOU1;CX3CL1;NDUFA13;IL7;RNF34;NRP1;AATF;PSME3;GSTP1;TAF9;PEA15;QARS1;ITGAV;CD74	TUB	GO_BP	no_proc_ieg	10347
GOBP_INNERVATION	1.2975440453289944	0.14862681744749595	0.30830125469957903	3/18	VCAM1;ITGA4;SERPINE2	TUB	GO_BP	no_proc_ieg	10347
GOBP_NEGATIVE_REGULATION_OF_CELL_ADHESION	1.297460105940621	0.04462242562929062	0.3080781219230793	52/225	FXYD5;MAP4K4;COL1A1;TGFBI;PLXNA1;NF2;HLA-DRB1;THBS1;LAPTM5;MUC1;SERPINE2;CD300A;CD86;MAD1L1;ADAMDEC1;RHOA;PTEN;ANXA1;SWAP70;VSIG4;HLX;POSTN;VTCN1;PLXNB2;SPINT2;PTPN6;GTPBP4;BTN2A2;PLXNC1;TNFRSF14;CX3CL1;TNC;MMP2;ABL1;ASCL2;LAX1;ADAM10;CASP3;GPNMB;ITGB1BP1;MBP;MDK;FGL2;METTL3;EPCAM;DUSP22;LPXN;CD74;HLA-E;GBP1;RUNX3;PTK2	TUB	GO_BP	no_proc_ieg	10347
GOBP_INFLAMMATORY_RESPONSE_TO_ANTIGENIC_STIMULUS	1.2957828762394343	0.1059322033898305	0.3109114444717594	21/56	HLA-DRB1;PLK2;EXT1;C3;PNMA1;RASGRP1;KARS1;FCGR3B;HCK;FCER1A;NPY5R;CD68;A2M;NOD2;HLA-E;FCGR2B;NOTCH2;PSMA1;CD81;PSMB4;CCR7	TUB	GO_BP	no_proc_ieg	10347
GOBP_ICOSANOID_BIOSYNTHETIC_PROCESS	1.2955769782796276	0.12663755458515283	0.3109155933136505	11/37	PYCARD;ALOX5AP;CASP1;PTGS1;ALOX5;HPGDS;PLA2G4A;CD74;LTC4S;PIBF1;PTGES3	TUB	GO_BP	no_proc_ieg	10347
GOBP_NEGATIVE_REGULATION_OF_PHOSPHORUS_METABOLIC_PROCESS	1.2954270414752833	0.030542986425339366	0.3108299695228734	59/251	LPCAT1;PYCARD;HDAC4;NIBAN1;NF2;TSPO;SAMSN1;HHEX;NR2F2;PBK;RASSF2;BAX;CD300A;NPM1;APOC1;PTEN;MVP;NCK1;PPP1R14D;PRR5L;ZNF675;DBNDD1;RB1;MACROH2A1;SWAP70;PSEN1;DYNLL1;NCKAP1L;PAK2;ADNP;PTPN6;PPARG;CRKL;CAV1;SPRY1;ADAR;APC;STK38;WARS1;UCHL1;ABL1;TIGAR;IQGAP1;ITGB1BP1;PAQR3;PARP1;GSTP1;RTRAF;DUSP22;YWHAB;QARS1;TRIM27;PIBF1;CDKN1B;TARBP2;PKIA;RGS14;DUSP10;HYAL2	TUB	GO_BP	no_proc_ieg	10347
GOBP_CELLULAR_RESPONSE_TO_LIPOPROTEIN_PARTICLE_STIMULUS	1.29536537131486	0.12202380952380952	0.3105722355245783	8/29	ABCA1;ITGB2;MYD88;FCER1G;CD36;PPARG;TICAM1;CD68	TUB	GO_BP	no_proc_ieg	10347
GOBP_TELOMERE_MAINTENANCE_IN_RESPONSE_TO_DNA_DAMAGE	1.2953443240056524	0.14285714285714285	0.3102279134365202	12/21	RUVBL2;APEX1;NBN;PPP1CA;ACTL6A;ACTR5;RUVBL1;ACTR8;NFRKB;TFPT;MCRS1;ACD	TUB	GO_BP	no_proc_ieg	10347
GOBP_ERAD_PATHWAY	1.2951851733386353	0.08701657458563536	0.31010162820277176	31/76	SEC61B;UBQLN2;DERL2;NFE2L2;CLGN;USP14;CAV1;RNF139;TRIM25;SDF2L1;DERL1;UBE2J1;MAN1B1;BCAP31;MAN1C1;TMX1;UBXN8;FAM8A1;RNF103;FAF2;UGGT1;DNAJC10;AUP1;DNAJB2;MAN1A1;HSP90B1;FBXO2;FBXO17;TMUB2;CCDC47;MAN1A2	TUB	GO_BP	no_proc_ieg	10347
GOBP_INTRACELLULAR_PROTEIN_TRANSMEMBRANE_TRANSPORT	1.294946418927934	0.16030534351145037	0.3101682216962362	5/23	TRAM2;SEC61B;SEC61A1;RTN2;TRAM1	TUB	GO_BP	no_proc_ieg	10347
GOBP_T_CELL_DIFFERENTIATION	1.2946482299022075	0.04223744292237443	0.3103203936710616	72/233	PIK3R3;FADD;CD2;HLA-DRB1;CD3D;HLA-DOA;LEPR;B2M;LIPA;SMARCE1;HLA-DRA;RAG1;CD86;SMARCD3;RHOA;CD1D;ANXA1;FCER1G;HLX;MYB;RASGRP1;NCKAP1L;IL15;BTN2A2;RUNX2;CCR2;CD4;CCL19;DOCK2;AMBRA1;ABL1;ASCL2;STAT4;DROSHA;TOX;IL18R1;IL7;VAV1;FZD8;CD8A;CD27;IL18;MDK;FGL2;RSAD2;LCK;METTL3;IKZF3;SOX4;CD74;DUSP10;ACTL6A;RUNX3;CCR6;ATG5;ZBTB1;CRTAM;PTPN22;SOCS1;SOCS5;MAFB;TGFBR2;GATA3;CBFB;CCR7;MALT1;SP3;CD3G;PRDX2;VNN1;JAG2;KDELR1	TUB	GO_BP	no_proc_ieg	10347
GOBP_REGULATION_OF_INTRINSIC_APOPTOTIC_SIGNALING_PATHWAY_BY_P53_CLASS_MEDIATOR	1.2942650647520504	0.1562021439509954	0.31062263804702755	8/22	TRIAP1;MUC1;PTTG1IP;CD44;MSX1;TAF9;CD74;ELL3	TUB	GO_BP	no_proc_ieg	10347
GOBP_CERAMIDE_BIOSYNTHETIC_PROCESS	1.2935867353580526	0.11808669656203288	0.3114685509959382	16/43	ST6GALNAC4;B4GALT5;SPTLC2;DEGS1;SGMS1;UGT8;B4GALT4;CERS4;ST3GAL5;SMPD2;ST3GAL2;ZNF750;ST8SIA4;ORMDL2;UGCG;ASAH1	TUB	GO_BP	no_proc_ieg	10347
GOBP_SYNAPTIC_MEMBRANE_ADHESION	1.293526288937802	0.15654952076677317	0.3112295464269976	5/19	FLRT3;GPC4;PCDH17;CDH6;ITGA3	TUB	GO_BP	no_proc_ieg	10347
GOBP_MEIOTIC_CELL_CYCLE	1.293482005012993	0.05378973105134474	0.31092655006352343	57/168	ZWINT;CDC20;CKS2;AURKA;AGO4;RAD51AP1;MNS1;RPA1;CHFR;P3H4;BRIP1;PTTG1;PTEN;NDC80;MARF1;MYBL1;RAD51C;CDC25B;SMC4;TOP2A;PTTG3P;PSMC3IP;RMI1;ASPM;TTK;MSX1;NBN;FOXJ3;MLH1;KIF18A;RAD54L;CDC27;TESMIN;METTL3;MYH9;NDC1;ORC4;REC8;MSH6;FBXO5;WASHC5;CDC23;TDRKH;RBM7;RAD54B;ZW10;MUS81;CCNB2;SMC2;BUB3;EDNRA;EXO1;ATM;TUBGCP5;CDC16;CCNA1;ANAPC13	TUB	GO_BP	no_proc_ieg	10347
GOBP_POSITIVE_REGULATION_OF_APOPTOTIC_SIGNALING_PATHWAY	1.29302772463013	0.07323568575233022	0.31143044171154877	49/107	PYCARD;FADD;APAF1;CTSS;THBS1;TPD52L1;ITM2C;BAX;SRPX;CTNNA1;BID;NCK1;PAK2;CAV1;CASP2;MMP2;MSX1;TNFSF10;STK4;LCK;LTB;PEA15;PPP1CA;BCAP31;BECN1;HYAL2;MAGED1;SIAH1;RPS3;S100A9;S100A8;RACK1;VNN1;AGT;TLR4;MAL;FAS;PARK7;INHBB;STK3;GSDME;BCL10;NHERF1;PIAS4;SERINC3;PTPRC;IL20RA;FIS1;CTSC	TUB	GO_BP	no_proc_ieg	10347
GOBP_SMOOTH_MUSCLE_CELL_MIGRATION	1.2926884143559063	0.11263736263736264	0.31165015239868404	15/61	CCL5;PLXNA1;ITGB3;S100A11;DDR1;NFE2L2;POSTN;P2RY6;NRP1;MDK;CCN3;MEF2C;CRK;GNA12;PLAT	TUB	GO_BP	no_proc_ieg	10347
GOBP_VITAMIN_BIOSYNTHETIC_PROCESS	1.2924171975795953	0.14064914992272023	0.31179580521902606	4/21	PLTP;AKR1B1;NFKB1;TPK1	TUB	GO_BP	no_proc_ieg	10347
GOBP_POSITIVE_REGULATION_OF_NUCLEAR_DIVISION	1.2921903416292075	0.11407407407407408	0.31184471809626607	7/47	CDC20;AURKA;RAD51AP1;NUP62;NUSAP1;DLGAP5;RB1	TUB	GO_BP	no_proc_ieg	10347
GOBP_POST_GOLGI_VESICLE_MEDIATED_TRANSPORT	1.2920242197896186	0.09932885906040269	0.3117915097374981	28/73	GOLPH3L;CSK;LAPTM5;RAB31;VAMP5;RP2;ANKFY1;CCDC22;EHD3;AP1G2;VPS35L;ASAP1;VPS54;NSF;SEC16A;EXOC2;EXOC1;GOLGA7;GCC2;LAMP1;LYPLA1;RACK1;RABEP1;DOP1B;CCDC93;SCFD1;PREPL;CLN3	TUB	GO_BP	no_proc_ieg	10347
GOBP_NEGATIVE_REGULATION_OF_TRANSPORT	1.290831602690667	0.024581005586592177	0.3136363906008056	62/296	SNX3;RAB23;CSK;HLA-F;PPIF;ARL6IP5;UBQLN2;NFKB1;TSPO;THBS1;UCP2;ITGB3;DERL2;SYT11;TNFRSF1B;SERPINE2;VPS4B;CD300A;CD47;ATP9A;FRMD4A;VAMP8;APOC1;PTEN;RAB33B;CYFIP1;ANXA1;SRI;CLIC2;GPM6B;FERMT1;PSEN1;NCKAP1L;CD36;VPS35;ADRA2A;CAV1;TRAT1;CCR2;STK39;MTMR2;ANKRD27;ERP29;PLSCR1;RUBCN;ATXN2;SP100;NPY5R;NUP153;RSAD2;RAC1;UBE2J1;CCN3;GNAZ;WDR41;PEA15;TRIM27;ITGAV;NMB;ANXA2;CD74;SDCBP	TUB	GO_BP	no_proc_ieg	10347
GOBP_ACTIVATED_T_CELL_PROLIFERATION	1.2906164307467487	0.13798449612403102	0.31364747372502605	12/33	PYCARD;FADD;BTN2A2;BTN3A1;ABL1;CASP3;IL18;HHLA2;CRTAM;RPS3;IDO1;SCRIB	TUB	GO_BP	no_proc_ieg	10347
GOBP_MATURE_B_CELL_DIFFERENTIATION_INVOLVED_IN_IMMUNE_RESPONSE	1.2905230267258403	0.1437403400309119	0.31345411509405274	7/24	DDRGK1;IRF8;LGALS1;POU2AF1;FCGR2B;NOTCH2;DOCK10	TUB	GO_BP	no_proc_ieg	10347
GOBP_CELLULAR_RESPONSE_TO_IONIZING_RADIATION	1.2902444625399985	0.1306179775280899	0.31358401409052344	30/55	ECT2;RAD51AP1;BRCA1;IFI16;TANK;GRB2;ITGB6;HRAS;INTS7;BRCC3;CRYAB;XRCC5;TSPYL5;EEF1D;YAP1;GATA3;ATM;WRN;ZMPSTE24;BRCA2;ATR;CCND2;CLOCK;MAP3K20;HUS1;RAD1;SPIDR;SIRT1;NIPBL;SNAI2	TUB	GO_BP	no_proc_ieg	10347
GOBP_LEUKOCYTE_APOPTOTIC_PROCESS	1.2884231386519855	0.09410112359550561	0.3165981889173631	19/78	FADD;CCL5;PERP;LIPA;HCLS1;RAG1;BAX;IRF7;ANXA1;AURKB;CCR5;CRKL;CCL19;CASP7;CASP3;CD27;MEF2C;NOD2;CD74	TUB	GO_BP	no_proc_ieg	10347
GOBP_LYTIC_VACUOLE_ORGANIZATION	1.288272576520307	0.10402219140083217	0.3165260281107689	24/70	ABCA1;HEXB;LAPTM5;LIPA;LAPTM4B;GNPTAB;SRPX;ACP2;GRN;VPS35;TMEM106B;ATP6V0C;HPS1;PPT1;ZFYVE26;TMEM165;BECN1;TPP1;CHMP7;WASHC5;CLN5;SCARB2;LAMP1;LAMP2	TUB	GO_BP	no_proc_ieg	10347
GOBP_VASCULAR_ENDOTHELIAL_CELL_PROLIFERATION	1.2880335078078535	0.15311004784688995	0.31657905818098253	6/18	ITGA4;PPARG;FGF2;MDK;MEF2C;SP1	TUB	GO_BP	no_proc_ieg	10347
GOBP_POSITIVE_REGULATION_OF_T_CELL_RECEPTOR_SIGNALING_PATHWAY	1.286923016582681	0.18166666666666667	0.3182972688473388	10/15	LIPA;TRAT1;LCK;RPS3;CD81;CCR7;RAB29;BCL10;RELA;UBR2	TUB	GO_BP	no_proc_ieg	10347
GOBP_PLACENTA_BLOOD_VESSEL_DEVELOPMENT	1.2868839417103606	0.152	0.31799544377678796	8/21	VASH1;NR2F2;VASH2;ITGB8;SPINT1;HEY2;MAP2K1;NOTCH2	TUB	GO_BP	no_proc_ieg	10347
GOBP_PROTEIN_TARGETING	1.2858693804311923	0.0611764705882353	0.31950517041875465	77/200	GOLPH3L;TRAM2;SEC61B;CLU;RTP4;ITGB2;ITGAM;TSPO;LAPTM5;HOMER3;GNPTAB;BID;SSR2;SEC61A1;SAE1;SH3GLB1;SNX16;STOM;RAC2;ZDHHC7;NDUFA13;TRAM1;ITGB1BP1;HRAS;GABARAP;LEPROT;SYNJ2BP;ATP5IF1;YWHAB;SDCBP;TOMM70;BCAP31;BECN1;ICMT;ZDHHC18;MTCH1;VPS41;VPS54;SEC61G;AP4E1;SCARB2;SPCS1;GOLGA7;GCC2;LAMP2;SPCS3;NACA4P;VPS8;HSPA4;NLGN1;NCOA4;UBL4A;SQSTM1;RAB7A;YWHAZ;UBE2L3;SRP9;SREBF1;TIMM13;NEDD4;SYNGR1;NACAD;SSR1;TIMM9;BAG4;PRKCI;GDAP1;MAN1A1;TIMM22;SRP14;SRP54;RASSF9;SAMM50;SORT1;MIPEP;VPS13C;NUP54	TUB	GO_BP	no_proc_ieg	10347
GOBP_NEGATIVE_REGULATION_OF_INTRACELLULAR_SIGNAL_TRANSDUCTION	1.2857609073218026	0.022532188841201718	0.31935193740087797	86/396	DYRK2;PYCARD;CLU;CASP8;CSK;PPIF;WWC1;NF2;DACT1;THBS1;TRIAP1;DDRGK1;MUC1;PTTG1IP;NUP62;NMI;IFI35;HOMER3;NFE2L2;SERPINE2;PBK;VGLL4;RASSF2;CD300A;CD44;TLE1;PRKACB;FZD1;PTEN;PIK3IP1;BID;NCK1;FOXM1;ZNF675;HDAC1;CARD8;LITAF;BANK1;PTPN6;PPARG;TANK;BTN2A2;UBE2D1;CAV1;SPRY1;STK38;HYOU1;UCHL1;MUL1;ABL1;TMEM127;NDUFA13;LAX1;PMEPA1;CILP;RNF34;TSPAN6;NR1D1;CCDC22;NLRP2;RUBCN;ITGB1BP1;PAQR3;ARHGAP44;ITGA3;SYNJ2BP;TWIST1;GSTP1;CCN3;TAF9;FKTN;ARHGAP25;MET;TAOK3;STMN3;QARS1;CD74;MARK3;F2RL1;GBP1;LDLRAD4;ELL3;PKIA;RGS14;DUSP10;HYAL2	TUB	GO_BP	no_proc_ieg	10347
GOBP_REGULATION_OF_MEMBRANE_PERMEABILITY	1.285252580533932	0.12946428571428573	0.31992778391116633	6/41	PPIF;LAPTM5;LAPTM4B;SLC35F6;BAX;BID	TUB	GO_BP	no_proc_ieg	10347
GOBP_REGULATION_OF_LIPID_TRANSPORT	1.2850636458568578	0.08764940239043825	0.3198895155460389	23/100	LPCAT3;PLTP;ABCA1;NFKB1;TSPO;THBS1;TRIAP1;ITGB3;APOC1;ACSL5;ABCA3;MYB;PPARG;CAV1;FABP3;SPP1;LDLRAP1;KDM5B;PLA2G4A;ITGAV;NMB;ANXA2;P2RX4	TUB	GO_BP	no_proc_ieg	10347
GOBP_NEGATIVE_REGULATION_OF_BONE_REMODELING	1.2850151966447705	0.16583747927031509	0.3195909734615171	5/15	CSK;CD38;TNFRSF11B;INPP5D;IAPP	TUB	GO_BP	no_proc_ieg	10347
GOBP_REGULATION_OF_NUCLEOCYTOPLASMIC_TRANSPORT	1.28463124138673	0.09244791666666667	0.31994834452714416	18/85	RAB23;ECT2;RBM22;IFI27;HCLS1;CDK1;FRAT2;CAMK1;FERMT1;PSEN1;FRAT1;CD36;NCBP2;CPSF6;SP100;RAPGEF3;NUP153;PPP1CC	TUB	GO_BP	no_proc_ieg	10347
GOBP_REGULATION_OF_CELLULAR_RESPONSE_TO_STRESS	1.2845907136736687	0.022050716648291068	0.31964706455672803	77/366	LPCAT3;CLU;ARL6IP5;SPRING1;UBQLN2;POLH;TRIAP1;DDRGK1;MUC1;RAD51AP1;PTTG1IP;SMARCE1;NFE2L2;PBK;BAX;TAF4;CD44;USP22;NPM1;FUS;SMARCD3;BID;NCK1;BRCA1;FOXM1;CHEK1;RPA2;NPAS2;USP14;RUVBL2;AGR2;CD36;GRN;CAV1;PCNA;COPS3;SMYD2;HYOU1;TAF10;ABL1;MSX1;PARPBP;ERP29;ALOX5;NBN;TIGAR;BABAM1;STK24;PARP1;SPP1;DEK;RNASEH2B;TWIST1;IGFBP6;GSTP1;TAF9;TAOK3;QARS1;BRCC3;NOD2;CYREN;SOX4;TAF5;CD74;BCAP31;ELL3;MID1;POT1;DUSP10;ACTL6A;MAP2K1;FCGR2B;FUT8;NSD2;TMX1;ACTR5;SUPT7L	TUB	GO_BP	no_proc_ieg	10347
GOBP_NEGATIVE_REGULATION_OF_LEUKOCYTE_APOPTOTIC_PROCESS	1.2845790207830254	0.13843888070692195	0.3192914617472151	16/40	FADD;CCL5;HCLS1;RAG1;IRF7;AURKB;CCR5;CCL19;CD27;NOD2;CD74;KITLG;IDO1;CXCL12;HIF1A;CCR7	TUB	GO_BP	no_proc_ieg	10347
GOBP_MUSCLE_CELL_MIGRATION	1.2840434115268642	0.1039136302294197	0.3199642726070994	17/70	CCL5;PLXNA1;ITGB3;S100A11;DDR1;NFE2L2;ANXA1;POSTN;PLEKHO1;P2RY6;ITGB1BP1;NRP1;MDK;CCN3;MEF2C;CRK;GNA12	TUB	GO_BP	no_proc_ieg	10347
GOBP_AMYLOID_BETA_CLEARANCE	1.2839011208433027	0.15372670807453417	0.31983547191126765	6/32	CLU;ITGB2;ITGAM;C3;CD36;C5AR1	TUB	GO_BP	no_proc_ieg	10347
GOBP_POSITIVE_REGULATION_OF_CD4_POSITIVE_ALPHA_BETA_T_CELL_DIFFERENTIATION	1.283893062669357	0.13846153846153847	0.3194697095866028	8/31	HLA-DRB1;HLA-DRA;CD86;ANXA1;HLX;NCKAP1L;CCL19;IL18	TUB	GO_BP	no_proc_ieg	10347
GOBP_NITRIC_OXIDE_MEDIATED_SIGNAL_TRANSDUCTION	1.2832663555250874	0.13930348258706468	0.3203098565689044	4/18	GUCY1B1;THBS1;CD36;GUCY1A1	TUB	GO_BP	no_proc_ieg	10347
GOBP_POSITIVE_REGULATION_OF_ORGANELLE_ASSEMBLY	1.282637294198273	0.10583446404341927	0.32112235309933995	27/67	NUP62;MNS1;VPS4B;CAPG;GPSM2;RHOA;SH3GLB1;PLK4;LCP1;WRAP73;IFT20;CCDC88A;ARHGEF5;FSCN1;ASAP1;SDCBP;BECN1;PIP4K2A;RALB;ATG5;CNOT2;CNOT6;RAB3GAP1;SNX7;BBS4;STX18;MOAP1	TUB	GO_BP	no_proc_ieg	10347
GOBP_NUCLEUS_ORGANIZATION	1.2824581502484145	0.07464607464607464	0.3210887102479095	51/108	TMEM43;VPS4B;NEMP1;CDK1;CEP55;RRP8;CHEK1;MACROH2A1;SPAST;RPS19;LMNB1;TOR1B;RCC1;NUP107;NUP153;REEP4;BANF1;VRK1;NDC1;GOLM1;SMARCA5;SELENOF;CHMP7;NUP93;AGFG1;IRAG2;SF1;NUP133;NUP155;DCTN1;ACTR6;DYRK3;ZPR1;RRN3;TBPL1;ZMPSTE24;WRAP53;LPIN1;ATR;NUP54;NOLC1;HMGB2;PHF2;CHMP5;PSME4;NUP98;HIPK2;SIRT1;ETS1;CHMP1A;NUP205	TUB	GO_BP	no_proc_ieg	10347
GOBP_REGULATION_OF_INTRACELLULAR_TRANSPORT	1.2820514849632954	0.053003533568904596	0.3214427956449011	63/189	SNX3;RAB23;WWC1;ECT2;NF2;RBM22;DERL2;IFI27;HCLS1;ATP9A;CDK1;FRAT2;EIPR1;CAMK1;PRR5L;FERMT1;PSEN1;FRAT1;AKAP5;CD36;VPS35;RNF139;CEP131;MTMR2;NCBP2;LCP1;CPSF6;SP100;ERGIC3;ARHGAP44;RAPGEF3;NUP153;PPP1CC;LDLRAP1;UBE2J1;REEP5;ANXA2;BCAP31;PKIA;HYAL2;MAP2K1;MDFIC;CRYAB;PRKD1;ICE1;GCC2;LAMP1;PPP1R12A;CD81;ARFIP1;TRIM28;MAPK1;DAB2;PDCD10;SCFD1;TMEM97;OAZ1;ZPR1;XPO1;STX18;SEC24B;NEDD4;RAB29	TUB	GO_BP	no_proc_ieg	10347
GOBP_SPLEEN_DEVELOPMENT	1.2819597569047285	0.14774494556765164	0.32123862402196574	3/28	CITED2;FADD;LIPA	TUB	GO_BP	no_proc_ieg	10347
GOBP_ACTIVATION_OF_CYSTEINE_TYPE_ENDOPEPTIDASE_ACTIVITY_INVOLVED_IN_APOPTOTIC_PROCESS	1.2812305876516277	0.1150070126227209	0.32230518578663386	12/56	PYCARD;CASP8;APAF1;TNFSF15;LAPTM5;BAX;BID;CARD8;PPARG;CASP2;MUL1;BCL2A1	TUB	GO_BP	no_proc_ieg	10347
GOBP_REGULATION_OF_MEIOTIC_CELL_CYCLE	1.2810334421406273	0.12698412698412698	0.322312502728791	12/42	ZWINT;CDC20;RAD51AP1;CHFR;CDC25B;ASPM;TTK;MSX1;CDC27;METTL3;FBXO5;CDC23	TUB	GO_BP	no_proc_ieg	10347
GOBP_PROTEIN_TRANSMEMBRANE_TRANSPORT	1.2806822919623517	0.14327485380116958	0.3226380134161829	8/45	TRAM2;TMED10;SEC61B;ABCA1;SEC61A1;RTN2;TRAM1;IFT20	TUB	GO_BP	no_proc_ieg	10347
GOBP_REGULATION_OF_ACTIN_FILAMENT_BUNDLE_ASSEMBLY	1.2806625210241709	0.12995896032831739	0.32229718416831743	21/80	NF2;GPR65;CD47;RHOC;RHOA;EVL;SWAP70;ACTG1;PAK2;S1PR1;PFN1;CX3CL1;S100A10;ABL1;CCDC88A;ITGB1BP1;ARHGEF5;NRP1;RAPGEF3;RAC1;MET	TUB	GO_BP	no_proc_ieg	10347
GOBP_NEGATIVE_REGULATION_OF_TRANSFERASE_ACTIVITY	1.280269037602369	0.08220858895705521	0.3227436355413509	45/133	PYCARD;MAD2L1;HHEX;NR2F2;CD300A;NPM1;PTEN;MVP;ZNF675;DBNDD1;RB1;MACROH2A1;PAK2;PPARG;CAV1;SPRY1;ADAR;APC;STK38;WARS1;UCHL1;ABL1;ITGB1BP1;PAQR3;GSTP1;RTRAF;DUSP22;BANF1;QARS1;TRIM27;CDKN1B;TARBP2;PKIA;POT1;RGS14;DUSP10;HYAL2;FBXO5;TAF7;CBL;PDCD4;BMP2;PTPN22;TINF2;SOCS5	TUB	GO_BP	no_proc_ieg	10347
GOBP_POSITIVE_REGULATION_OF_GLYCOPROTEIN_METABOLIC_PROCESS	1.2802162787755675	0.1675485008818342	0.3224940754974423	5/17	SLC2A10;IL33;IL15;SOAT1;CCL19	TUB	GO_BP	no_proc_ieg	10347
GOBP_INTRACELLULAR_RECEPTOR_SIGNALING_PATHWAY	1.2801412079389851	0.037162162162162164	0.3222605443387521	78/275	NAGK;CITED2;PYCARD;TLR3;FLOT1;OAS1;CARM1;AHR;DDRGK1;TLR7;EZH2;YWHAH;TRIP4;MYD88;NR2F2;OAS3;IFIH1;RHOA;IRF7;BRCA1;HDAC1;NR1D2;CYP7B1;CYP24A1;COLEC12;AURKB;CARD8;CD36;PPARG;CRKL;CAV1;TICAM1;RIGI;PRCP;ZDHHC7;TRAF3IP3;TRIM25;PMEPA1;TRIM24;RNF34;TSPAN6;NR1D1;PARP1;RSAD2;RBFOX2;PPT1;TWIST1;TLR8;KCNJ8;SCGB2A1;BANF1;BRCC3;NOD2;NR3C1;DDX60;GBP2;F2RL1;BECN1;TRIM68;TARBP2;ZDHHC18;CSNK1A1;PTGES3;RNF125;MED1;ZBTB7A;PLPP1;CNOT2;TAF7;ASXL2;PRKD1;KMT2D;BMP2;PTPN22;NCOA2;BIRC2;RWDD1;HNF4G	TUB	GO_BP	no_proc_ieg	10347
GOBP_PROTEIN_CONTAINING_COMPLEX_LOCALIZATION	1.2796221711455318	0.08366013071895424	0.3229017030363768	42/127	CILK1;TYROBP;DBN1;ITGB3;NETO2;EFNB2;NPM1;GPC4;STX3;AP2S1;ABCE1;LMNB1;DYNLL1;VPS35;IFT52;CEP131;IFT56;IFT20;ADAM10;NPTN;HRAS;RAB8A;ARHGAP44;RELN;SDAD1;STAU2;NDC1;NSG1;AP2B1;WASHC5;RALB;FCMR;KLHL21;STX7;PPP3R1;SCRIB;NLGN1;IFT74;AP2M1;ATM;SYT17;XPO1	TUB	GO_BP	no_proc_ieg	10347
GOBP_PROTEIN_LOCALIZATION_TO_NUCLEUS	1.2794240634582954	0.06459054209919261	0.3229324944187483	70/217	RAB23;ECT2;COL1A1;NF2;RBM22;PTTG1IP;NUP62;KPNB1;HHEX;HCLS1;CDK1;IL33;CTNNA1;FERMT1;CCT6A;LMNB1;PSEN1;CD36;TOR1B;SUMO3;PAF1;NUP85;UTP25;MSX1;SP100;PARP1;NUP107;NUP153;INTS13;E2F3;KPNA2;IPO4;HIKESHI;EIF4ENIF1;STK4;NUP50;CSE1L;MARK3;DKC1;GBP2;PKIA;KPNA3;HYAL2;MED1;ZBTB7A;CCT4;MDFIC;SUPT7L;NUP93;MAGED1;PRKD1;CCT7;PPP3R1;YAP1;NUAK2;TRIM28;CCT3;NUP133;APPL1;NUP155;PIN1;RPL23;FAM53C;NOL8;SQSTM1;BBS4;YWHAZ;NVL;ZPR1;XPO1	TUB	GO_BP	no_proc_ieg	10347
GOBP_SNARE_COMPLEX_ASSEMBLY	1.2792762020787642	0.1490066225165563	0.3228576352144446	6/15	VAMP8;ANKRD27;VPS41;VAMP1;STXBP1;VPS8	TUB	GO_BP	no_proc_ieg	10347
GOBP_RECEPTOR_CATABOLIC_PROCESS	1.2784852979103274	0.1703125	0.3239979092731236	7/21	LAPTM5;MYLIP;SH3GLB1;MTMR2;ANXA2;CAPN1;BECN1	TUB	GO_BP	no_proc_ieg	10347
GOBP_MICROTUBULE_ORGANIZING_CENTER_LOCALIZATION	1.2783379338846186	0.1641337386018237	0.3239329676402745	7/24	MAD2L1;AURKA;DLGAP5;GPSM2;ASPM;IFT20;INTS13	TUB	GO_BP	no_proc_ieg	10347
GOBP_RESPONSE_TO_MURAMYL_DIPEPTIDE	1.2770080411498599	0.18627450980392157	0.3261982490771985	2/17	NAGK;VIM	TUB	GO_BP	no_proc_ieg	10347
GOBP_RESPONSE_TO_HYDROGEN_PEROXIDE	1.2768098054571853	0.1067193675889328	0.32618675882440706	21/73	PPIF;ECT2;COL1A1;EZH2;NFE2L2;FXN;CDK1;MYB;HBB;PCNA;MMP2;ABL1;CASP3;MAPK13;CRK;BECN1;CAPN2;CRYAB;HMOX1;RPS3;SOD2	TUB	GO_BP	no_proc_ieg	10347
GOBP_INFLAMMASOME_MEDIATED_SIGNALING_PATHWAY	1.2758769644307877	0.14705882352941177	0.3276536702402997	10/25	PYCARD;MYD88;CARD8;CD36;KCNJ8;BRCC3;GBP2;CSNK1A1;PRKD1;PTPN22	TUB	GO_BP	no_proc_ieg	10347
GOBP_HOMOLOGOUS_RECOMBINATION	1.275062604648391	0.1460843373493976	0.3288397935897619	10/38	RAD51AP1;BRIP1;BRCA1;RAD51C;TOP2A;PSMC3IP;RMI1;NBN;MLH1;RAD54L	TUB	GO_BP	no_proc_ieg	10347
GOBP_POSITIVE_REGULATION_OF_PROGRAMMED_CELL_DEATH	1.274957975521909	0.028384279475982533	0.3286736724807688	84/397	PYCARD;FADD;UBD;CLU;CASP8;TLR3;APAF1;ECT2;CCL5;ARL6IP5;CARM1;ALDH1A3;CTSS;GZMA;TSPO;THBS1;LAPTM5;ITGA4;PERP;TNFRSF1B;PNMA2;MLLT11;TPD52L1;ITM2C;MNDA;RASSF2;BAX;PPID;IRF8;SRPX;LGALS1;CTNNA1;BID;NCK1;ANXA1;EPHA7;TNFAIP8;PNMA1;MYB;PSEN1;UTP11;IFIT2;TOP2A;PAK2;INPP5D;PPARG;GRN;UBE2Z;CAV1;APC;CASP2;CTSD;MMP2;ABL1;RRP1B;CASP7;MSX1;NDUFA13;IAPP;TIGAR;TNFSF10;CASP3;MELK;PARP1;E2F3;CASP4;CD40;STK4;LCK;LTB;SHQ1;DIABLO;TCTN3;MEF2C;PEA15;PPP1CA;NR3C1;SOX4;BCAP31;RBM10;GBP2;F2RL1;BECN1;GBP1	TUB	GO_BP	no_proc_ieg	10347
GOBP_GLYCEROPHOSPHOLIPID_CATABOLIC_PROCESS	1.273683155265837	0.16326530612244897	0.3307701892027179	7/18	PLA2G4C;LIPC;APOC1;SCARB1;PLA2G7;PLA2G15;PLA2G4A	TUB	GO_BP	no_proc_ieg	10347
GOBP_PROTEIN_TARGETING_TO_MEMBRANE	1.273632499091651	0.10909090909090909	0.33046835931708995	15/66	TRAM2;SEC61B;RTP4;ITGB2;ITGAM;SSR2;SEC61A1;STOM;ZDHHC7;TRAM1;ITGB1BP1;HRAS;SDCBP;ICMT;ZDHHC18	TUB	GO_BP	no_proc_ieg	10347
GOBP_COLLAGEN_BIOSYNTHETIC_PROCESS	1.2705509650209938	0.13587786259541984	0.3361382942700222	11/35	TRAM2;COL1A1;VIM;P3H4;MYB;ADAMTS3;SERPINH1;COL5A1;ITGA2;ENG;SUCO	TUB	GO_BP	no_proc_ieg	10347
GOBP_CHEMOKINE_PRODUCTION	1.2699067547447782	0.11878453038674033	0.33709186825198506	20/74	PYCARD;TLR3;OAS1;TLR7;MYD88;OAS3;IL33;POSTN;CXCL6;TICAM1;MUL1;IL7;IL18;MBP;ACKR1;TWIST1;GSTP1;NOD2;CD74;F2RL1	TUB	GO_BP	no_proc_ieg	10347
GOBP_RRNA_MODIFICATION	1.2688272840626709	0.15384615384615385	0.3388362259527078	14/25	NOP10;NAT10;MRM2;DKC1;NHP2;FTSJ3;DIMT1;RPUSD2;METTL5;FBL;TSR3;MRM3;NSUN3;TRMT112	TUB	GO_BP	no_proc_ieg	10347
GOBP_PHOSPHATIDYLINOSITOL_3_PHOSPHATE_BIOSYNTHETIC_PROCESS	1.2676871804707153	0.17313915857605178	0.34075214507525703	7/16	PIK3R3;PIK3CG;INPP4B;BECN1;ATM;FIG4;SYNJ1	TUB	GO_BP	no_proc_ieg	10347
GOBP_TISSUE_HOMEOSTASIS	1.2676221329040886	0.07907542579075426	0.3404926369012241	38/183	COL3A1;CLDN1;CSK;PROM1;IL10RA;ZEB2;ITGB3;PERP;LIPA;CDH3;BAX;ZNF675;RB1;EXT1;LAMC1;ACTG1;CD38;TNFRSF11B;LSR;CDH5;INPP5D;TUBA1A;CCR2;S1PR1;STK39;RAB3D;RAC2;IAPP;IL7;ACACA;CLCN3;ALDH1A1;JAM2;MBP;BBS10;CLDN3;PECAM1;SPP1	TUB	GO_BP	no_proc_ieg	10347
GOBP_NEGATIVE_REGULATION_OF_T_CELL_RECEPTOR_SIGNALING_PATHWAY	1.267598313298046	0.17214397496087636	0.3401439897760685	7/21	LAPTM5;PTPN6;BTN2A2;SH2D1A;DUSP22;GBP1;PTPN22	TUB	GO_BP	no_proc_ieg	10347
GOBP_PERK_MEDIATED_UNFOLDED_PROTEIN_RESPONSE	1.2660537544060837	0.1847649918962723	0.3428704246953394	4/15	DDRGK1;NFE2L2;NCK1;AGR2	TUB	GO_BP	no_proc_ieg	10347
GOBP_AMEBOIDAL_TYPE_CELL_MIGRATION	1.265681383702211	0.03837719298245614	0.34323175866346356	77/338	PIK3R3;RRAS;MAP4K4;TIMP1;FN1;PDLIM1;ZEB2;THBS1;SOX17;PLK2;ITGB3;ITGA4;GFUS;TPBG;ANXA3;RIC8A;VASH1;NFE2L2;NRTN;EFNB2;SERPINF1;FSTL1;NR2F2;RHOA;EVL;SCARB1;PTEN;VEGFC;SASH1;ARHGDIB;PRR5L;AMOT;ANXA1;PIK3CG;YTHDF3;FERMT1;CDH5;PPARG;FGF2;SRPX2;GRN;MEOX2;CAP1;PFN1;PRCP;RAB25;ABL1;CXCL13;SMURF2;IQGAP1;ITGB1BP1;MMRN2;SP100;NRP1;SGPL1;ITGA3;SYNJ2BP;CD40;RAC1;TWIST1;CCN3;JCAD;MET;MYH9;LPXN;MEF2C;SP1;GNA12;P2RX4;LGALS8;SPARC;DUSP10;PTK2;HYAL2;FUT8;KITLG;FAP	TUB	GO_BP	no_proc_ieg	10347
GOBP_PRODUCTION_OF_MOLECULAR_MEDIATOR_INVOLVED_IN_INFLAMMATORY_RESPONSE	1.2655698444124959	0.11866666666666667	0.34306866244663625	13/70	PYCARD;TLR3;EZH2;MYD88;LIPA;VAMP8;ALOX5AP;RPS19;ADCY7;CD36;GRN;TICAM1;ALOX5	TUB	GO_BP	no_proc_ieg	10347
GOBP_TRANSFORMING_GROWTH_FACTOR_BETA_RECEPTOR_SIGNALING_PATHWAY	1.2655079838041077	0.08695652173913043	0.3428306025610579	45/151	COL3A1;CITED2;SMAD1;RNF111;ZEB2;THBS1;SLC2A10;COL1A2;CDH3;INTS9;CAV2;HDAC1;FERMT1;ITGB8;CDH5;PPARG;SPRY1;FNTA;ITGB6;DKK3;PMEPA1;SMURF2;CILP;PARP1;ITGA3;RBBP7;DUSP22;TGFB1I1;LPXN;SDCBP;USP9Y;LDLRAD4;PTK2;ZBTB7A;FUT8;FAM89B;BMP2;BAMBI;ENG;LEMD3;TGFBR2;PTPRK;APPL1;DAB2;PIN1	TUB	GO_BP	no_proc_ieg	10347
GOBP_DOUBLE_STRAND_BREAK_REPAIR_VIA_NONHOMOLOGOUS_END_JOINING	1.2649726056376343	0.12985074626865672	0.3435164709748032	24/53	DCLRE1C;SMARCAL1;XRCC4;NBN;MLH1;DEK;CYREN;POT1;ZBTB7A;PRPF19;NSD2;PSMD14;XRCC5;KMT5B;DCLRE1A;ATM;IFFO1;WRAP53;SMCHD1;AUNIP;KDM2A;TOP2B;HMGB2;TOPBP1	TUB	GO_BP	no_proc_ieg	10347
GOBP_MAINTENANCE_OF_LOCATION	1.2632534036730578	0.05555555555555555	0.346658603027301	41/253	KDELR2;TMSB10;PLA2G4C;ABCA1;DBN1;HEXB;CYBA;HILPDA;NFKB1;TSPO;ITGB3;LIPA;BAX;GPSM2;GM2A;PLIN3;SCARB1;CXCL9;FTH1;ITPR3;ANXA6;SRI;CLIC2;C3;PSEN1;CD36;PTPN6;CCR5;PPARG;FGF2;CAV1;CD4;SOAT1;CCL19;KDELR3;CX3CL1;ASPM;CXCL11;ABL1;P2RY6;NFKBIE	TUB	GO_BP	no_proc_ieg	10347
GOBP_REGULATION_OF_DOUBLE_STRAND_BREAK_REPAIR	1.2631078979220596	0.10560625814863103	0.3465685327053258	34/94	RAD51AP1;SMARCE1;FUS;SMARCD3;FOXM1;CHEK1;RPA2;RUVBL2;ABL1;PARPBP;NBN;PARP1;DEK;TWIST1;CYREN;POT1;ACTL6A;NSD2;RUVBL1;WDR48;KMT5B;TRRAP;MAGEF1;WRAP53;SMCHD1;MORF4L2;RECQL5;PIAS4;AUNIP;ATR;SKP2;C1QBP;TOP2B;PPP4C	TUB	GO_BP	no_proc_ieg	10347
GOBP_REGULATION_OF_PROTEIN_SERINE_THREONINE_KINASE_ACTIVITY	1.2624514279902332	0.07068366164542295	0.34752964247939905	57/206	PYCARD;THBS1;EZH2;HHEX;CDKN3;TPD52L1;NR2F2;CD300A;PSRC1;RHOA;CCNA2;CAMK1;PTEN;SASH1;CCNO;ZNF675;RB1;PIK3CG;MACROH2A1;RASGRP1;PPARG;FGF2;GTPBP4;ADRA2A;SPRY1;APC;STK38;CCL19;GTF2H1;UCHL1;ABL1;ERP29;CCNB1;CCNK;PAQR3;ARHGEF5;HRAS;CD40;DIRAS2;GSTP1;LTF;CCNG2;TAOK3;CDKN1B;PKIA;RGS14;DUSP10;HYAL2;MAP2K1;TCIM;RALB;CDK12;PDCD4;HTR2B;RPS3;BMP2;PTPN22	TUB	GO_BP	no_proc_ieg	10347
GOBP_REGULATION_OF_INFLAMMATORY_RESPONSE_TO_ANTIGENIC_STIMULUS	1.2623965645596513	0.15877862595419848	0.3472686453490479	13/33	HLA-DRB1;PLK2;C3;KARS1;HCK;NPY5R;NOD2;HLA-E;FCGR2B;PSMA1;CD81;PSMB4;CCR7	TUB	GO_BP	no_proc_ieg	10347
GOBP_CALCIUM_DEPENDENT_CELL_CELL_ADHESION_VIA_PLASMA_MEMBRANE_CELL_ADHESION_MOLECULES	1.2620909924702728	0.15476190476190477	0.3474967341662426	8/30	FXYD5;CDH3;PCDH12;CDH11;CDH5;CDH6;SELL;SELP	TUB	GO_BP	no_proc_ieg	10347
GOBP_AMINO_ACID_ACTIVATION	1.2617431850813914	0.16024653312788906	0.34780012037860625	12/26	KARS1;WARS1;RARS1;TARS1;HARS2;QARS1;YARS2;LARS2;GARS1;MARS1;HARS1;VARS1	TUB	GO_BP	no_proc_ieg	10347
GOBP_REGULATION_OF_GLIAL_CELL_PROLIFERATION	1.2612621546921685	0.16257668711656442	0.34836839407634146	8/30	NF2;TSPO;VEGFC;RB1;MYB;PRKCH;ASCL2;PPP1CC	TUB	GO_BP	no_proc_ieg	10347
GOBP_TRANSLATIONAL_ELONGATION	1.261143982223568	0.14992503748125938	0.34823014073157216	18/44	DDRGK1;TRIP4;RCHY1;ABCE1;METTL18;EIF4E2;SAYSD1;EIF4A3;PELO;EEF2;ASCC3;EEF1D;GCN1;RACK1;SRP9;MRPL44;GIGYF2;EFL1	TUB	GO_BP	no_proc_ieg	10347
GOBP_REGULATION_OF_EXTRINSIC_APOPTOTIC_SIGNALING_PATHWAY	1.2608566099247063	0.0983397190293742	0.348429532094217	25/119	PYCARD;FADD;THBS1;TMBIM1;ITM2C;SRPX;CTNNA1;BID;BRCA1;PAK2;IFI6;CAV1;CX3CL1;IL7;TNFSF10;RNF34;SP100;NRP1;STK4;PSME3;GSTP1;LTB;PEA15;PPP1CA;ITGAV	TUB	GO_BP	no_proc_ieg	10347
GOBP_RESPONSE_TO_AXON_INJURY	1.2606360260562375	0.13576642335766423	0.3484669080110539	15/59	TYROBP;TSPO;FLRT3;BAX;CDK1;CTNNA1;FGF2;GRN;TNC;MMP2;STK24;SPP1;CSPG5;P2RX4;MAP2K1	TUB	GO_BP	no_proc_ieg	10347
GOBP_NEGATIVE_REGULATION_OF_LIPID_STORAGE	1.2599777363605673	0.19604612850082373	0.34944812121551727	3/16	ABCA1;ITGB3;PPARG	TUB	GO_BP	no_proc_ieg	10347
GOBP_NEGATIVE_REGULATION_OF_DNA_METABOLIC_PROCESS	1.2591651254990097	0.10185185185185185	0.3507071463277256	39/91	GZMA;S100A11;DFFB;CHEK1;NAT10;DYNLL1;GTPBP4;ABL1;DCP2;PARPBP;NBN;PARP1;EXOSC10;MLH1;TWIST1;CDT1;H1-10;CYREN;H1-2;POT1;MSH6;FBXO5;RPS3;XRCC5;TINF2;TRIM28;GATA3;MAGEF1;ATM;CDC6;WAPL;RAD50;LIG3;SMCHD1;RECQL5;ACD;AUNIP;ATR;C1QBP	TUB	GO_BP	no_proc_ieg	10347
GOBP_EXTRACELLULAR_MATRIX_ASSEMBLY	1.2580702932519432	0.15210843373493976	0.3525460492102719	7/34	COL3A1;COL1A2;GPM6B;PPARG;QSOX1;PHLDB1;PLOD3	TUB	GO_BP	no_proc_ieg	10347
GOBP_REGULATION_OF_MAP_KINASE_ACTIVITY	1.2578511586750283	0.1099476439790576	0.35259984987839016	32/107	THBS1;EZH2;TPD52L1;CD300A;SASH1;ZNF675;PIK3CG;RASGRP1;PPARG;FGF2;ADRA2A;SPRY1;STK38;CCL19;UCHL1;ERP29;PAQR3;ARHGEF5;HRAS;CD40;DIRAS2;GSTP1;TAOK3;RGS14;DUSP10;HYAL2;CDK12;PDCD4;HTR2B;RPS3;BMP2;PTPN22	TUB	GO_BP	no_proc_ieg	10347
GOBP_REGULATION_OF_TRANSCRIPTION_BY_RNA_POLYMERASE_I	1.257691772029041	0.16792738275340394	0.35252985461041997	11/34	CARM1;POLR2L;MACROH2A1;MACROH2A2;NOL11;DEK;SMARCA5;UBTF;ACTR6;MARS1;ZMPSTE24	TUB	GO_BP	no_proc_ieg	10347
GOBP_RESPONSE_TO_TUMOR_CELL	1.2576092358276187	0.17418351477449456	0.35229951891430933	4/29	HLA-DRB1;AHR;LAPTM5;HLA-A	TUB	GO_BP	no_proc_ieg	10347
GOBP_TISSUE_REMODELING	1.2572879661764316	0.10427135678391959	0.35259072652465245	29/136	CSK;TIMP1;NFKB1;ITGB3;LEPR;TMBIM1;LIPA;RASSF2;BAX;P3H4;ZNF675;EXT1;CD38;TNFRSF11B;INPP5D;PPARG;IL15;CAV1;CCR2;S1PR1;RAB3D;RAC2;MMP2;IAPP;IL7;GPNMB;IL18;MDK;SPP1	TUB	GO_BP	no_proc_ieg	10347
GOBP_IMMUNE_RESPONSE_TO_TUMOR_CELL	1.2568419600058764	0.18541996830427893	0.35314994671322764	4/19	HLA-DRB1;AHR;HLA-A;NKG7	TUB	GO_BP	no_proc_ieg	10347
GOBP_REGULATION_OF_DOUBLE_STRAND_BREAK_REPAIR_VIA_HOMOLOGOUS_RECOMBINATION	1.2566396100462323	0.15564738292011018	0.3531743682634365	22/53	RAD51AP1;FUS;CHEK1;RPA2;RUVBL2;ABL1;PARPBP;NBN;PARP1;ACTL6A;RUVBL1;WDR48;TRRAP;MAGEF1;WRAP53;SMCHD1;MORF4L2;RECQL5;PIAS4;SKP2;C1QBP;PPP4C	TUB	GO_BP	no_proc_ieg	10347
GOBP_REGULATION_OF_RHO_PROTEIN_SIGNAL_TRANSDUCTION	1.2561803295780447	0.14008321775312066	0.35375483684551545	18/63	COL3A1;FLOT1;ABCA1;ADGRG1;GPR65;ARHGDIB;ABL1;NRP1;ITGA3;RAC1;MET;P2RY10;F2RL1;CSNK1A1;ARHGEF3;EPS8;LPAR6;KCTD13	TUB	GO_BP	no_proc_ieg	10347
GOBP_TRANSLATION	1.2559901431588227	0.043668122270742356	0.3537701370594427	128/364	CCL5;NIBAN1;RRBP1;AGO4;THBS1;DDRGK1;TRIP4;RCHY1;EIF3J;NPM1;EIF4G3;RPL28;NCK1;POLR2G;EIF1B;CYFIP1;YTHDF1;YTHDF3;RPL39L;RPS19;NAT10;ABCE1;METTL18;POLDIP3;PLXNB2;BANK1;EIF4E2;KARS1;DAP3;CNOT8;PKM;GZMB;RNF139;WARS1;RARS1;TARS1;NCBP2;MRPL33;DDX6;EIF2B4;RPL36;ATXN2;UBA52;SAYSD1;PUS7;HARS2;EIF4ENIF1;MRPS17;METTL3;ABCF1;EIF4G2;QARS1;GSPT2;PPP1CA;YARS2;SOX4;LARS2;MRPS30;EIF4A3;TARBP2;SAMD4A;EIF3G;OGFOD1;TNIP1;GUF1;EIF1AY;CNOT3;MRPS27;PELO;MRPL18;EEF2;CNOT2;ASCC3;TYMS;RPL8;DNAJC3;MTRF1;GARS1;EIF3D;CNOT6;IGF2BP3;COA3;RPS3;RPS6KA3;ITGA2;RPS6KB2;EIF2B1;RWDD1;EEF1D;MRPL42;GCN1;EIF4EBP1;MRPL17;RSL24D1;KRT13;PUM1;SRBD1;UPF3B;FMR1;RACK1;SH3BGRL;MRPS18C;RPL23;MAGOH;MARS1;PABPC4;BZW2;SRP9;RBM4B;HARS1;RPS11;MRPL44;CYP1B1;RPL35A;GIGYF2;EFL1;DNAJC1;AIMP2;NGRN;MRPS16;MRPL20;VARS1;TRIM2;RPS16;UPF3A;TSC1;ILF3;RPS21	TUB	GO_BP	no_proc_ieg	10347
GOBP_DNA_INTEGRITY_CHECKPOINT_SIGNALING	1.2547118702334097	0.12907608695652173	0.35607938074208817	21/92	TRIAP1;PLK2;NEK11;MUC1;NAE1;CDK1;BRIP1;DTL;BRCA1;CHEK1;RPA2;STK38;CASP2;NBN;BABAM1;RNASEH2B;CDT1;INTS7;TAOK3;BRCC3;CDKN1B	TUB	GO_BP	no_proc_ieg	10347
GOBP_REGULATION_OF_RAC_PROTEIN_SIGNAL_TRANSDUCTION	1.254612344518549	0.18719211822660098	0.35587520348888807	8/20	PIK3CG;CRKL;FNTA;ARHGAP44;GABARAP;STMN3;CRK;ARHGAP17	TUB	GO_BP	no_proc_ieg	10347
GOBP_MOTOR_NEURON_APOPTOTIC_PROCESS	1.2540904785700575	0.1964573268921095	0.35657783899597784	3/18	FADD;BAX;RHOA	TUB	GO_BP	no_proc_ieg	10347
GOBP_SYNCYTIUM_FORMATION	1.2537113937185003	0.13872832369942195	0.3569767937547153	13/47	TYROBP;FLOT1;VASH2;ADAMTS5;CXCL9;CAMK1;PLEKHO1;DOCK2;CD53;JAM2;RAPGEF3;MYH9;CXCL10	TUB	GO_BP	no_proc_ieg	10347
GOBP_MICROTUBULE_CYTOSKELETON_ORGANIZATION	1.2536481820837482	0.03943044906900329	0.3567200884054683	133/404	DYNLT1;CDC20;SAC3D1;MAD2L1;AURKA;PLK2;NUP62;KPNB1;MNS1;NUSAP1;PRC1;VPS4B;DLGAP5;KIF11;CDK1;NPM1;PSRC1;GPSM2;PCLAF;RHOA;CAPN6;PTEN;BRCA1;NDC80;CHEK1;HAUS6;GTF2B;SPAST;GNAI1;AURKB;TTLL1;MAP9;NAT10;TUBA4B;CSNK1D;TACC3;GAS2L1;CENPE;CDH5;CENPA;TUBA1A;TBCB;SPRY1;APC;MAP1S;TUBB6;TXNDC9;CEP131;PLK4;ASPM;TOGARAM1;LRRC61;TTK;MAP7D3;ABL1;CCDC69;IFT56;SPC25;WRAP73;CCDC88A;RCC1;KIF20A;CCNB1;ATF5;KIF2A;MLH1;KIF18A;GABARAP;KIF4A;INTS13;SPAG1;EML3;RAC1;RAE1;TTLL5;BORA;MET;MYH9;PHLDB1;TPX2;STMN3;KATNA1;PIBF1;CDKN1B;CEP76;MID1;RGS14;TRIM36;MAP7D1;TTLL7;CEP68;FBXO5;CHMP7;WASHC5;CETN3;CRYAB;KATNBL1;TUBA1B;SKA1;EML1;GCC2;RPS3;PPP1R12A;HAUS3;PPP2R3C;KIF14;ZNF207;ZW10;BICD2;MID1IP1;CDCA8;KIZ;SPDL1;STAG1;KIFBP;DNAI4;USP33;BBOF1;FGF13;CCNB2;CKAP2;PIN1;DCTN1;KIF25;MAPRE1;OFD1;KIAA0753;BBS4;TUBB;TUBGCP5;ZPR1;XPO1;TRIM37	TUB	GO_BP	no_proc_ieg	10347
GOBP_MONOCYTE_CHEMOTAXIS	1.2532167319048428	0.17180616740088106	0.35722128731635194	10/33	CCL5;CX3CR1;ANXA1;CCR1;RPS19;CCR2;PLA2G7;CCN3;CXCL10;MOSPD2	TUB	GO_BP	no_proc_ieg	10347
GOBP_INSULIN_SECRETION_INVOLVED_IN_CELLULAR_RESPONSE_TO_GLUCOSE_STIMULUS	1.2529303591839434	0.14305949008498584	0.3574546299924315	9/45	HLA-DRB1;UCP2;TIAM1;SRI;DYNLL1;ADRA2A;NADK;NR1D1;TRPM4	TUB	GO_BP	no_proc_ieg	10347
GOBP_RIBOSOMAL_LARGE_SUBUNIT_BIOGENESIS	1.2529175413083904	0.16200294550810015	0.3570858278960283	18/41	NPM1;NIP7;GTPBP4;ZNHIT3;MRM2;WDR12;SDAD1;PES1;AIRIM;MAK16;PAK1IP1;FTSJ3;RPF1;RSL24D1;NVL;AFG2B;RPL35A;EBNA1BP2	TUB	GO_BP	no_proc_ieg	10347
GOBP_NEGATIVE_REGULATION_OF_LOCOMOTION	1.252749709673163	0.08246225319396051	0.3570214392706601	50/238	COL3A1;RRAS;CITED2;IFITM1;TIMP1;NF2;CX3CR1;ZEB2;ADGRG1;THBS1;VASH1;NFE2L2;SERPINF1;NR2F2;CD300A;IL33;RHOA;EVL;PTEN;CTNNA1;ARHGDIB;HDAC1;CDH11;SPINT2;PPARG;FGF2;GTPBP4;MEOX2;CX3CL1;TNFAIP6;IL27RA;CXCL13;ITGB1BP1;STK24;MMRN2;SP100;NRP1;CLDN3;SYNJ2BP;RAC1;CCN3;RBBP7;DUSP22;MEF2C;CRK;CD74;GNA12;LDLRAD4;DUSP10;HYAL2	TUB	GO_BP	no_proc_ieg	10347
GOBP_REGULATION_OF_NEUROINFLAMMATORY_RESPONSE	1.2523789558480272	0.17004680187207488	0.35736433024966413	7/28	SYT11;TNFRSF1B;IL33;GRN;CST7;NR1D1;IL18	TUB	GO_BP	no_proc_ieg	10347
GOBP_MYELOID_DENDRITIC_CELL_DIFFERENTIATION	1.2523405759834074	0.1937984496124031	0.35703833131219914	4/18	UBD;ITGB8;PSEN1;ITGB6	TUB	GO_BP	no_proc_ieg	10347
GOBP_WOUND_HEALING	1.2516486176672998	0.05251396648044693	0.358123527809353	76/327	COL3A1;ELK3;CLDN1;SERPING1;TIMP1;PPL;C1GALT1C1;FN1;THBS1;ITGB3;SYT11;ENTPD1;DDR1;NFE2L2;SERPINE2;VPS4B;CD44;RHOC;TSPAN8;RHOA;SCARB1;PTEN;MYOF;CLIC1;ANXA1;PIK3CG;EXT1;FCER1G;FERMT1;ACTG1;HBB;CD36;PTPN6;PPARG;FGF2;ADRA2A;CAV1;PRCP;CX3CL1;S100A10;ITGB6;CASP7;LCP1;F13A1;ALOX5;VAV1;PLSCR1;PROCR;HRAS;CD151;CLDN3;VAV3;FZD6;ANXA5;CPB2;CD59;CD40;LCK;PLA2G4A;SELP;MYH9;ITGAV;ANXA2;CRK;HPSE;GNA12;F2RL1;TFPI;PTK2;PLAT;STXBP1;NOTCH2;FAP;TMX1;CHMP7;CYP4F11	TUB	GO_BP	no_proc_ieg	10347
GOBP_RESPONSE_TO_ISCHEMIA	1.2514274334056497	0.13793103448275862	0.358198047726279	14/51	PPIF;CX3CR1;ITGAM;NFE2L2;MYB;CAV1;HYOU1;UCHL1;CX3CL1;TIGAR;PANX1;KCNJ8;MEF2C;P2RX4	TUB	GO_BP	no_proc_ieg	10347
GOBP_NEGATIVE_REGULATION_OF_VIRAL_ENTRY_INTO_HOST_CELL	1.2512051520028522	0.17984496124031008	0.35825689417682455	2/18	SNX3;IFITM1	TUB	GO_BP	no_proc_ieg	10347
GOBP_GPI_ANCHOR_METABOLIC_PROCESS	1.251133828332687	0.19604612850082373	0.35802637636488166	14/20	PIGT;DPM3;PIGB;SLC30A5;PIGN;GPAA1;DPM1;DPM2;GPLD1;PIGH;PIGF;CWH43;PGAP1;PIGP	TUB	GO_BP	no_proc_ieg	10347
GOBP_NUCLEOSIDE_TRIPHOSPHATE_BIOSYNTHETIC_PROCESS	1.2509862318178022	0.11578947368421053	0.3579449471483535	28/75	NME1;ATP5MF;AK1;LIPA;DTYMK;ATP5MJ;NDUFA6;IMPDH1;ALDOA;NDUFA13;ANTKMT;ATP6V0C;PARP1;NME6;NDUFB5;NDUFS6;ATP5MC1;TYMS;NDUFA8;NME5;NDUFB3;ATP5PB;ATP5PO;IMPDH2;CTPS2;ATP5ME;NDUFB2;TBPL1	TUB	GO_BP	no_proc_ieg	10347
GOBP_CHAPERONE_MEDIATED_PROTEIN_COMPLEX_ASSEMBLY	1.2509232532296384	0.18760195758564438	0.357666820553782	5/15	CLU;HOPX;BBS10;PSMG2;PTGES3	TUB	GO_BP	no_proc_ieg	10347
GOBP_REGULATION_OF_KINASE_ACTIVITY	1.2504320261148165	0.03747323340471092	0.35833038414644797	93/387	PYCARD;TLR3;ECT2;CCL5;HLA-DRB1;TNFSF15;THBS1;ITGB3;EZH2;HHEX;CDKN3;DDR1;TPD52L1;NR2F2;RASSF2;CD300A;NPM1;PSRC1;CD86;RHOA;CCNA2;CAMK1;PTEN;MVP;ABI1;SASH1;SMG8;CCNO;ZNF675;DBNDD1;RB1;PIK3CG;MACROH2A1;LCP2;RASGRP1;PAK2;CENPE;PPARG;FGF2;GTPBP4;ADRA2A;CAV1;SPRY1;ADAR;APC;STK38;CD4;CCL19;GTF2H1;WARS1;MMD;UCHL1;ABL1;FIRRM;ERP29;CCDC88A;NBN;TIGAR;C5AR1;IQGAP1;CCNB1;ITGB1BP1;CCNK;PRRC1;PAQR3;ARHGEF5;HRAS;RELN;CD40;DIRAS2;GSTP1;LTF;RTRAF;CCNG2;BORA;DUSP22;MET;TAOK3;TPX2;QARS1;TRIM27;ROR1;CD74;PIBF1;CDKN1B;TARBP2;PKIA;RGS14;DUSP10;PTK2;HYAL2;MAP2K1;FGFR4	TUB	GO_BP	no_proc_ieg	10347
GOBP_VESICLE_TARGETING_ROUGH_ER_TO_CIS_GOLGI	1.2501860817460217	0.1945337620578778	0.3584659093711183	4/17	TMED10;CSNK1D;TRAPPC2;TFG	TUB	GO_BP	no_proc_ieg	10347
GOBP_CENTRIOLE_ASSEMBLY	1.2496126695920118	0.17236024844720496	0.35930184007053606	6/28	PLK2;NUP62;VPS4B;NPM1;BRCA1;PLK4	TUB	GO_BP	no_proc_ieg	10347
GOBP_POSITIVE_REGULATION_OF_DNA_REPAIR	1.2495091189386383	0.12719891745602166	0.35911171271118414	34/88	RAD51AP1;SMARCE1;FUS;SMARCD3;BRCA1;FOXM1;NPAS2;RUVBL2;PCNA;NBN;TIGAR;BABAM1;PARP1;BRCC3;ACTL6A;ACTR5;USP1;RUVBL1;RPS3;WDR48;KMT5B;TRIM28;ACTR8;TRRAP;WRAP53;SMCHD1;MORF4L2;NFRKB;UIMC1;TFPT;MCRS1;PIAS4;SKP2;TOP2B	TUB	GO_BP	no_proc_ieg	10347
GOBP_REGULATION_OF_EPITHELIAL_CELL_MIGRATION	1.248781857693731	0.09047619047619047	0.36022502940462403	45/184	RRAS;MAP4K4;THBS1;PLK2;ITGB3;GFUS;ANXA3;VASH1;NFE2L2;SERPINF1;NR2F2;RHOA;EVL;SCARB1;PTEN;VEGFC;SASH1;ANXA1;PIK3CG;PPARG;FGF2;SRPX2;GRN;MEOX2;PFN1;PRCP;RAB25;ABL1;CXCL13;ITGB1BP1;MMRN2;SP100;NRP1;ITGA3;SYNJ2BP;CD40;RAC1;JCAD;MET;MEF2C;SP1;P2RX4;SPARC;DUSP10;PTK2	TUB	GO_BP	no_proc_ieg	10347
GOBP_LIVER_REGENERATION	1.2481866173364917	0.18209876543209877	0.36107480586222584	4/24	CLDN1;AURKA;UCP2;EZH2	TUB	GO_BP	no_proc_ieg	10347
GOBP_REGULATION_OF_SIGNAL_TRANSDUCTION_BY_P53_CLASS_MEDIATOR	1.2481673706039942	0.12080536912751678	0.36072277547960174	19/71	DYRK2;AURKA;TRIAP1;MUC1;PTTG1IP;CD44;CHEK1;AURKB;COPS3;SMYD2;MSX1;TRIM24;RNF34;URB2;TWIST1;TAF9;SOX4;CD74;ELL3	TUB	GO_BP	no_proc_ieg	10347
GOBP_REGULATION_OF_CHOLESTEROL_EFFLUX	1.2478209903620552	0.17665615141955837	0.3610326726363191	5/27	PLTP;ABCA1;ABCA3;PPARG;CAV1	TUB	GO_BP	no_proc_ieg	10347
GOBP_SIGNAL_TRANSDUCTION_IN_RESPONSE_TO_DNA_DAMAGE	1.2477264741896044	0.09937106918238994	0.36083048015469044	33/137	TRIAP1;PLK2;NEK11;MUC1;PTTG1IP;CD44;CDK1;BRIP1;DTL;BID;BRCA1;FOXM1;CHEK1;RPA2;STK38;CASP2;COPS3;SMYD2;GRB2;ABL1;MSX1;NBN;BABAM1;PPM1D;SP100;RNASEH2B;TWIST1;INTS7;TAOK3;BRCC3;SOX4;CD74;CDKN1B	TUB	GO_BP	no_proc_ieg	10347
GOBP_RNA_3_END_PROCESSING	1.2477242073880104	0.11954992967651196	0.36044925059803035	31/58	INTS9;CPSF1;CSTF1;PAF1;NCBP2;CPSF6;ZNF473;EXOSC10;INTS7;DKC1;ELAC2;CLP1;CSTF2T;INTS8;PAPOLG;MTPAP;PAPOLA;EXOSC8;RPS21;HSD17B10;CSTF3;CDC73;PARN;ELAC1;FBL;SLBP;NUDT21;INTS6;TUT7;TENT4A;INTS12	TUB	GO_BP	no_proc_ieg	10347
GOBP_POSITIVE_REGULATION_OF_DNA_TEMPLATED_TRANSCRIPTION_ELONGATION	1.2474712642326187	0.16850393700787403	0.3605659257519241	16/39	MED24;SCAF8;NCBP2;MED6;MED21;CCNK;PARP1;MED16;MED17;MED20;ELL3;MED1;CDK12;MED7;SUPT5H;CCNT2	TUB	GO_BP	no_proc_ieg	10347
GOBP_REGULATION_OF_LYMPHOCYTE_DIFFERENTIATION	1.246072492785654	0.09003601440576231	0.36309594990836097	37/162	CD2;HLA-DRB1;DDRGK1;HLA-DOA;SMARCE1;HLA-DRA;RAG1;CD86;SMARCD3;RHOA;ANXA1;HLX;RASGRP1;NCKAP1L;PTPN6;INPP5D;IL15;BTN2A2;CCR2;CCL19;AMBRA1;ABL1;ASCL2;DROSHA;TOX;IL7;CD27;IL18;MDK;FGL2;METTL3;IKZF3;SOX4;CD74;DUSP10;ACTL6A;RUNX3	TUB	GO_BP	no_proc_ieg	10347
GOBP_REGULATION_OF_ACTIN_FILAMENT_ORGANIZATION	1.2457006259224048	0.09541062801932366	0.36343012129720104	48/185	PYCARD;TMSB10;NF2;GPR65;HCLS1;ARPC2;CD47;RHOC;CAPG;RHOA;EVL;NCK1;CYFIP1;WASHC4;FCHSD2;FLII;SWAP70;ACTG1;NCKAP1L;PAK2;S1PR1;PFN1;CX3CL1;HCK;GRB2;S100A10;ABL1;CCDC88A;TMSB15A;ITGB1BP1;ARHGEF5;NRP1;RAPGEF3;ABITRAM;MEGF9;GMFB;RAC1;MET;TMOD3;TRIM27;DSTN;F2RL1;CCL11;GMFG;CAPZB;ARPC5;CAPZA2;WASHC5	TUB	GO_BP	no_proc_ieg	10347
GOBP_TELOMERE_MAINTENANCE_VIA_TELOMERE_LENGTHENING	1.245695607330118	0.15804195804195803	0.36305079208342433	29/52	NOP10;RPA1;AURKB;NAT10;CCT6A;DCP2;PARP1;EXOSC10;DKC1;POT1;PTGES3;CCT4;NHP2;CCT7;XRCC5;TINF2;MAPK1;CCT3;ATM;RAD50;WRAP53;MAP3K4;NEK2;ACD;ATR;PARN;RFC1;CCT2;CCT8	TUB	GO_BP	no_proc_ieg	10347
GOBP_LYMPH_VESSEL_DEVELOPMENT	1.2454060927507011	0.1780821917808219	0.36327374259552575	5/23	VASH1;EFNB2;NR2F2;VEGFC;FGF2	TUB	GO_BP	no_proc_ieg	10347
GOBP_IMMUNOLOGICAL_MEMORY_PROCESS	1.2452141713253635	0.20627062706270627	0.36330066973904956	5/15	HLA-DRB1;HLA-DRA;TNFRSF14;CD27;FGL2	TUB	GO_BP	no_proc_ieg	10347
GOBP_MATURE_B_CELL_DIFFERENTIATION	1.2450046740667853	0.17443609022556392	0.3633305760433103	13/29	DDRGK1;IRF8;LGALS1;POU2AF1;FCGR2B;NOTCH2;PLCL2;DOCK10;MALT1;GPR183;ITM2A;PHF14;SLAMF8	TUB	GO_BP	no_proc_ieg	10347
GOBP_GLYCOSYL_COMPOUND_METABOLIC_PROCESS	1.2439426458763319	0.1564245810055866	0.3652318836945769	17/55	APOBEC3G;AKR1B1;TYMP;DTYMK;DCTD;NUDT1;ADA2;AKR1C2;GUSB;APOBEC3F;ERH;AKR1B10;ICMT;LCMT2;APOBEC3A;NME5;PTGDR	TUB	GO_BP	no_proc_ieg	10347
GOBP_APOPTOTIC_DNA_FRAGMENTATION	1.2435871618150398	0.18592964824120603	0.36553944417275996	3/15	APAF1;BAX;DFFB	TUB	GO_BP	no_proc_ieg	10347
GOBP_REGULATION_OF_UBIQUITIN_PROTEIN_TRANSFERASE_ACTIVITY	1.2432188796805224	0.18066561014263074	0.3659321107325367	11/25	CDC20;MAD2L1;PTEN;ABL1;FBXO5;UBE2C;RPL23;UBE2L3;BAG2;PARK7;BAG5	TUB	GO_BP	no_proc_ieg	10347
GOBP_GLYCOSPHINGOLIPID_METABOLIC_PROCESS	1.2428023750941053	0.14749262536873156	0.3664600055158085	15/50	HEXB;ST6GALNAC4;NEU1;B4GALT5;BAX;GLB1;GM2A;ITGB8;UGT8;B4GALT4;ST8SIA1;ST3GAL5;ST3GAL2;SCARB2;ST8SIA4	TUB	GO_BP	no_proc_ieg	10347
GOBP_NEGATIVE_REGULATION_OF_LYMPHOCYTE_ACTIVATION	1.242263561494163	0.10366624525916561	0.36717303873153023	37/115	TYROBP;HLA-DRB1;LAPTM5;SAMSN1;MNDA;CD300A;CD86;MAD1L1;ANXA1;VSIG4;HLX;VTCN1;BANK1;PTPN6;INPP5D;BTN2A2;TNFRSF14;ASCL2;LAX1;CASP3;GPNMB;MDK;FGL2;LST1;DUSP22;CD74;HLA-E;PIBF1;RUNX3;FCGR2B;CRTAM;PTPN22;SOCS1;IDO1;SOCS5;CBFB;SCRIB	TUB	GO_BP	no_proc_ieg	10347
GOBP_POSITIVE_REGULATION_OF_PLASMA_MEMBRANE_BOUNDED_CELL_PROJECTION_ASSEMBLY	1.2399557764476359	0.14986737400530503	0.3716550024587048	20/78	MNS1;PLEK2;ARPC2;GPM6A;CYFIP1;COBL;APC;CCL19;PFN1;RAC2;WRAP73;IFT20;CCDC88A;HRAS;FSCN1;NRP1;AGRN;RAC1;ASAP1;F2RL1	TUB	GO_BP	no_proc_ieg	10347
GOBP_NUCLEOTIDE_SUGAR_METABOLIC_PROCESS	1.2388286338494825	0.1808	0.37370628716866194	15/30	GFUS;DPAGT1;UGDH;GNE;FUT8;UGGT1;CSGALNACT1;AMDHD2;GMDS;GNPDA1;TGDS;EXTL2;PGM3;GFPT1;DPM1	TUB	GO_BP	no_proc_ieg	10347
GOBP_PYRIMIDINE_DEOXYRIBONUCLEOTIDE_METABOLIC_PROCESS	1.2384689126303998	0.21428571428571427	0.37403809923092923	3/18	DCTPP1;TYMP;DTYMK	TUB	GO_BP	no_proc_ieg	10347
GOBP_LYSOSOMAL_TRANSPORT	1.2373762281360465	0.13396481732070364	0.3759572391808377	31/78	CLU;LAPTM5;LIPA;VPS4B;GNPTAB;HMGXB4;SNX16;GRN;VPS35;TMEM106B;ANKFY1;EHD3;BECN1;VPS41;VPS54;CHMP7;UEVLD;SCARB2;GCC2;LAMP1;LAMP2;NCOA4;ADRB2;RAB7A;NEDD4;CLN3;PSAP;SCYL2;TGFBRAP1;ARL8B;SORT1	TUB	GO_BP	no_proc_ieg	10347
GOBP_NEGATIVE_REGULATION_OF_AUTOPHAGY	1.2372030818970696	0.1459227467811159	0.375915436028105	20/65	RRAGC;IL10RA;TSPO;LEPR;CTSA;EIF4G3;STK38L;TIGAR;QSOX1;RUBCN;MET;EIF4G2;TRIM27;BECN1;HMOX1;PTPN22;FEZ2;LYPLA1;KIF25;SCFD1	TUB	GO_BP	no_proc_ieg	10347
GOBP_NEGATIVE_REGULATION_OF_KINASE_ACTIVITY	1.2367924997842923	0.11572327044025157	0.376442968646542	39/117	PYCARD;HHEX;NR2F2;CD300A;NPM1;PTEN;MVP;ZNF675;DBNDD1;RB1;MACROH2A1;PAK2;PPARG;CAV1;SPRY1;ADAR;APC;STK38;WARS1;UCHL1;ABL1;ITGB1BP1;PAQR3;GSTP1;RTRAF;DUSP22;QARS1;TRIM27;CDKN1B;TARBP2;PKIA;RGS14;DUSP10;HYAL2;TAF7;CBL;PDCD4;BMP2;PTPN22	TUB	GO_BP	no_proc_ieg	10347
GOBP_POSITIVE_REGULATION_OF_FIBROBLAST_PROLIFERATION	1.2367690937566227	0.16011644832605532	0.37609792958431226	11/46	FN1;ITGB3;CCNA2;S100A6;MYB;ABL1;CCNB1;CDK4;HRAS;RNASEH2B;CD74	TUB	GO_BP	no_proc_ieg	10347
GOBP_MORPHOGENESIS_OF_AN_EPITHELIAL_SHEET	1.2360856283801598	0.1631736526946108	0.37717125442211136	9/49	HOXB2;ITGB3;FLRT3;DDR1;CD44;RHOC;RHOA;PTEN;FERMT1	TUB	GO_BP	no_proc_ieg	10347
GOBP_REGULATION_OF_POLYSACCHARIDE_METABOLIC_PROCESS	1.2359451201805152	0.17784711388455537	0.37708148236840333	4/30	DYRK2;NFKB1;RUBCNL;PPP1R3C	TUB	GO_BP	no_proc_ieg	10347
GOBP_REGULATION_OF_BICELLULAR_TIGHT_JUNCTION_ASSEMBLY	1.2357388380444114	0.215210355987055	0.3771154331024722	3/17	CLDN1;PRKCH;CLDN3	TUB	GO_BP	no_proc_ieg	10347
GOBP_CELLULAR_RESPONSE_TO_PROSTAGLANDIN_STIMULUS	1.2354890597470485	0.19631901840490798	0.3772269391725753	6/18	PTGER2;TNC;P2RY6;ACACA;AKR1C2;GNB1	TUB	GO_BP	no_proc_ieg	10347
GOBP_MEMBRANE_LIPID_METABOLIC_PROCESS	1.2351856874424532	0.11097256857855362	0.37746148953168385	41/144	CERT1;HEXB;ST6GALNAC4;NEU1;B4GALT5;BAX;GLB1;GM2A;SPTLC2;PLPP2;ITGB8;DEGS1;KDSR;ABCC1;PIGT;PRKD3;HACD1;DPM3;SGMS1;PLA2G15;UGT8;SGPL1;B4GALT4;PPT1;CERS4;ST8SIA1;VPS54;ST3GAL5;SMPD2;ST3GAL2;PLPP1;ZNF750;SCARB2;PRKD1;ST8SIA4;PIGB;ORMDL2;UGCG;ASAH1;FUCA1;SLC30A5	TUB	GO_BP	no_proc_ieg	10347
GOBP_CGMP_MEDIATED_SIGNALING	1.2340469627965662	0.1703125	0.3795239091632652	5/32	GUCY1B1;THBS1;CD36;ADNP;GUCY1A1	TUB	GO_BP	no_proc_ieg	10347
GOBP_MODIFICATION_OF_POSTSYNAPTIC_STRUCTURE	1.2329463319926763	0.21428571428571427	0.38143420936626193	5/16	RHOA;TIAM1;CYFIP1;PFN1;ARHGAP44	TUB	GO_BP	no_proc_ieg	10347
GOBP_REGULATION_OF_CELL_SUBSTRATE_ADHESION	1.2326879001316098	0.10253317249698432	0.3815833731240546	35/168	RRAS;MAP4K4;COL1A1;NF2;FN1;THBS1;ITGB3;GFUS;DDR1;ARPC2;P4HB;RHOA;PTEN;GPM6B;FERMT1;ACTG1;POSTN;AGR2;CD36;CRKL;CX3CL1;RAC2;S100A10;ABL1;ITGB1BP1;NRP1;MDK;ITGA3;CSPG5;STK4;RAC1;DUSP22;CRK;GBP1;OLFM4	TUB	GO_BP	no_proc_ieg	10347
GOBP_TISSUE_MIGRATION	1.2321844400030024	0.07216494845360824	0.3823193182505131	56/248	PIK3R3;RRAS;MAP4K4;ZEB2;THBS1;PLK2;ITGB3;GFUS;ANXA3;VASH1;NFE2L2;EFNB2;SERPINF1;FSTL1;NR2F2;RHOA;EVL;SCARB1;PTEN;VEGFC;SASH1;AMOT;ANXA1;PIK3CG;FERMT1;CDH5;PPARG;FGF2;SRPX2;GRN;MEOX2;PFN1;PRCP;RAB25;ABL1;CXCL13;ITGB1BP1;MMRN2;SP100;NRP1;ITGA3;SYNJ2BP;CD40;RAC1;CCN3;JCAD;MET;MYH9;LPXN;MEF2C;SP1;P2RX4;LGALS8;SPARC;DUSP10;PTK2	TUB	GO_BP	no_proc_ieg	10347
GOBP_NEGATIVE_REGULATION_OF_INTERLEUKIN_12_PRODUCTION	1.2317756229289474	0.21490467937608318	0.38278868075059125	5/15	NFKB1;THBS1;TLR8;NOD2;PIBF1	TUB	GO_BP	no_proc_ieg	10347
GOBP_NEGATIVE_REGULATION_OF_PROTEIN_CATABOLIC_PROCESS	1.2306868064525924	0.12483574244415244	0.3847647303162992	11/81	SNX3;TIMP1;MAD2L1;DDRGK1;LAPTM4B;CTSA;SERPINE2;PBK;USP14;VPS35;LAMP3	TUB	GO_BP	no_proc_ieg	10347
GOBP_POSITIVE_REGULATION_OF_MRNA_PROCESSING	1.2292567274999475	0.19365609348914858	0.3874324901077957	13/20	NCBP2;EXOSC10;PRPF19;TRA2A;UPF3B;DAZAP1;UPF3A;SNW1;PRMT5;CDC73;NUP98;WDR77;SF3B4	TUB	GO_BP	no_proc_ieg	10347
GOBP_REGULATION_OF_PATTERN_RECOGNITION_RECEPTOR_SIGNALING_PATHWAY	1.2290849233886374	0.11360634081902246	0.3873873444241507	38/113	NAGK;FLOT1;CYBA;MYD88;IFI35;CD300A;TLR1;IRF7;AURKB;CARD8;CD36;CAV1;CD14;TSPAN6;NR1D1;LRRC14;PARP1;RSAD2;PPT1;LTF;BANF1;BRCC3;NOD2;DDX60;GBP2;F2RL1;TARBP2;ZDHHC18;CSNK1A1;RNF125;PRKD1;S100A9;PTPN22;BIRC2;NINJ1;PUM1;S100A8;APPL1	TUB	GO_BP	no_proc_ieg	10347
GOBP_POSITIVE_REGULATION_OF_TRANSFERASE_ACTIVITY	1.2290231396331792	0.072480181200453	0.3871265952657496	67/281	TLR3;ECT2;CDC20;CCL5;RFC5;PLAAT4;HLA-DRB1;TNFSF15;THBS1;ITGB3;EZH2;DDR1;TPD52L1;RASSF2;CD300A;PSRC1;CD86;RFC2;RHOA;DSCC1;CAMK1;PTEN;ABI1;SASH1;PIK3CG;AURKB;LCP2;RASGRP1;CENPE;FGF2;ADRA2A;PCNA;CD4;CCL19;MMD;RFC4;ABL1;ERP29;CCDC88A;NBN;TIGAR;IQGAP1;ITGB1BP1;PRRC1;ARHGEF5;HRAS;RELN;CD40;DIRAS2;LTF;BORA;MET;TAOK3;TPX2;ROR1;CD74;DKC1;POLG2;PIBF1;POT1;PTGES3;PTK2;MAP2K1;FGFR4;CCT4;TCIM;RALB	TUB	GO_BP	no_proc_ieg	10347
GOBP_REGULATION_OF_CYTOKINESIS	1.2288242086291616	0.15041782729805014	0.3871546674383804	23/66	ECT2;AURKA;NUP62;PRC1;RHOA;SPAST;AURKB;CDC25B;MAP9;SH3GLB1;KIF20A;ZFYVE26;BECN1;KLHL9;ATXN10;KLHL21;KIF14;CDCA8;PIN1;BBS4;E2F8;CDC6;CALM2	TUB	GO_BP	no_proc_ieg	10347
GOBP_PEROXISOME_PROLIFERATOR_ACTIVATED_RECEPTOR_SIGNALING_PATHWAY	1.2282080117761507	0.21036106750392464	0.38805155135534064	7/18	CITED2;PPARG;TWIST1;MED1;ASXL2;BMP2;NCOA2	TUB	GO_BP	no_proc_ieg	10347
GOBP_CELLULAR_COMPONENT_DISASSEMBLY	1.2281959156621454	0.05349344978165939	0.38767113562913585	110/382	APAF1;FLOT1;MAP4K4;CTSS;CX3CR1;ITGAM;AURKA;TSPO;DDRGK1;TRIP4;RCHY1;SMARCE1;C1QA;DDR1;RUBCNL;VPS4B;NEMP1;BAX;CDK1;ADAMTS5;CAPG;TRIM21;VAMP8;SMARCD3;DFFB;PLIN3;MMP7;SET;MMP1;SPAST;FLII;LAMC1;SWAP70;C3;ABCE1;TOP2A;EIF4E2;FYCO1;PLXNC1;APC;MAP1S;AMBRA1;CX3CL1;SCAF8;RAC2;MMP2;MUL1;ATAD2;LCP1;PLAAT1;MICAL2;TIGAR;ADAM10;RUBCN;FSCN1;SAYSD1;KIF2A;KIF18A;GABARAP;ATP5IF1;C1QB;TPX2;STMN3;TMOD3;GSPT2;NOD2;RETREG2;VRK1;DSTN;F2RL1;BECN1;NIPSNAP2;MID1;DNASE2;FGFR4;CAPZB;OGFOD1;VPS54;NSF;CAPZA2;MAP1LC3C;FAP;CHMP7;PELO;RB1CC1;ATG5;ASCC3;CST3;EPS8;MTRF1;LAMP2;ULK2;SLC25A5;KIF14;FBXL4;UFC1;MID1IP1;FAF2;GCN1;HIF1A;UBE2A;ATG12;ARHGAP26;SNX7;FGF13;RACK1;CKAP2;DCTN1;RPL23;ADRB2	TUB	GO_BP	no_proc_ieg	10347
GOBP_POSITIVE_REGULATION_OF_CELL_MIGRATION_INVOLVED_IN_SPROUTING_ANGIOGENESIS	1.2280921854449582	0.21221864951768488	0.3875014074504847	7/19	PLK2;ANXA1;FGF2;SRPX2;ABL1;NRP1;JCAD	TUB	GO_BP	no_proc_ieg	10347
GOBP_NECROPTOTIC_PROCESS	1.2278761872091934	0.1936	0.38753485759452067	4/29	FADD;CASP8;PPIF;TLR3	TUB	GO_BP	no_proc_ieg	10347
GOBP_BONE_REMODELING	1.2277778978031577	0.16106442577030813	0.3873646395078995	17/69	CSK;ITGB3;LEPR;RASSF2;P3H4;ZNF675;EXT1;CD38;TNFRSF11B;INPP5D;S1PR1;RAB3D;RAC2;IAPP;IL7;MDK;SPP1	TUB	GO_BP	no_proc_ieg	10347
GOBP_POSITIVE_REGULATION_OF_TRANSLATIONAL_INITIATION	1.2268034055995636	0.21207177814029363	0.38910253415469165	5/19	CCL5;NCK1;POLR2G;YTHDF1;YTHDF3	TUB	GO_BP	no_proc_ieg	10347
GOBP_REGULATION_OF_PROTEIN_EXPORT_FROM_NUCLEUS	1.2266996057181947	0.18910741301059	0.38894375622460575	7/27	RBM22;IFI27;FRAT2;CAMK1;FRAT1;SP100;RAPGEF3	TUB	GO_BP	no_proc_ieg	10347
GOBP_NEGATIVE_REGULATION_OF_PHOSPHORYLATION	1.2259786374403692	0.0919674039580908	0.3900802365502654	48/207	PYCARD;NIBAN1;NF2;SAMSN1;HHEX;NR2F2;PBK;RASSF2;BAX;CD300A;NPM1;PTEN;MVP;NCK1;PRR5L;ZNF675;DBNDD1;RB1;MACROH2A1;PSEN1;DYNLL1;PAK2;ADNP;PTPN6;PPARG;CRKL;CAV1;SPRY1;ADAR;APC;STK38;WARS1;UCHL1;ABL1;ITGB1BP1;PAQR3;GSTP1;RTRAF;DUSP22;QARS1;TRIM27;PIBF1;CDKN1B;TARBP2;PKIA;RGS14;DUSP10;HYAL2	TUB	GO_BP	no_proc_ieg	10347
GOBP_NEGATIVE_REGULATION_OF_BLOOD_VESSEL_ENDOTHELIAL_CELL_MIGRATION	1.2254061739584847	0.20923076923076922	0.3909248640917278	9/30	THBS1;VASH1;RHOA;PPARG;FGF2;MEOX2;ITGB1BP1;MMRN2;MEF2C	TUB	GO_BP	no_proc_ieg	10347
GOBP_EPIBOLY	1.2249881327863112	0.1780185758513932	0.3914814556208673	9/33	ITGB3;DDR1;CD44;RHOC;RHOA;PTEN;FERMT1;LCP1;CD151	TUB	GO_BP	no_proc_ieg	10347
GOBP_VACUOLAR_ACIDIFICATION	1.224800991356541	0.20588235294117646	0.3915115740137982	14/25	ATP6V0E1;GRN;ATP6V0A2;TMEM106B;ATP6V0C;PPT1;CLN5;LAMP1;LAMP2;ATP6V0B;ATP6AP1;CLN3;CREG1;ATP6V0D1	TUB	GO_BP	no_proc_ieg	10347
GOBP_HOMOTYPIC_CELL_CELL_ADHESION	1.2247905984669663	0.1608108108108108	0.39114025611231285	9/69	CCL5;ITGB3;ENTPD1;SERPINE2;CLIC1;PIK3CG;ACTG1;HBB;PTPN6	TUB	GO_BP	no_proc_ieg	10347
GOBP_OLIGOSACCHARIDE_METABOLIC_PROCESS	1.2243216014876015	0.17485549132947978	0.39177647830457757	14/49	MAN2B1;HEXB;ST6GALNAC4;NEU1;FUT4;GM2A;MGAT2;MANBA;MAN1B1;ST8SIA1;FUT8;ST3GAL2;MAN2B2;ST8SIA4	TUB	GO_BP	no_proc_ieg	10347
GOBP_REGULATION_OF_MEIOTIC_NUCLEAR_DIVISION	1.2241328285370237	0.19284603421461896	0.391803294638035	3/22	ZWINT;CDC20;RAD51AP1	TUB	GO_BP	no_proc_ieg	10347
GOBP_REGULATION_OF_PROTEIN_MATURATION	1.2235890996396104	0.16424418604651161	0.39256640970081713	16/51	THBS1;SERPINE2;PRKACB;CARD8;CTSZ;IFT52;RNF139;PLGRKT;S100A10;CST7;CPB2;MYH9;ANXA2;SOX4;CAST;PLAT	TUB	GO_BP	no_proc_ieg	10347
GOBP_NEGATIVE_REGULATION_OF_PROTEIN_MODIFICATION_PROCESS	1.2225524267497658	0.07856341189674523	0.3944168626422188	44/280	PYCARD;NIBAN1;P3H1;NF2;MAD2L1;TSPO;SAMSN1;HHEX;ISG15;NR2F2;PBK;TRIM44;RASSF2;BAX;CD300A;NPM1;TRIM21;PTEN;MVP;NCK1;PPP1R14D;PRR5L;ZNF675;DBNDD1;RB1;MACROH2A1;SWAP70;PSEN1;VPS28;NCKAP1L;PAK2;ADNP;PTPN6;PPARG;CRKL;GTPBP4;CAV1;SPRY1;ADAR;APC;STK38;WARS1;UCHL1;ABL1	TUB	GO_BP	no_proc_ieg	10347
GOBP_NEGATIVE_REGULATION_OF_TYPE_I_INTERFERON_PRODUCTION	1.221945803785107	0.19090909090909092	0.395342084867971	10/34	PYCARD;TYROBP;NMI;RBX1;SIGLEC1;XAF1;BANF1;TRIM27;RNF125;ATG5	TUB	GO_BP	no_proc_ieg	10347
GOBP_NEGATIVE_REGULATION_OF_OSTEOCLAST_DIFFERENTIATION	1.220344994542202	0.18885448916408668	0.3984919174157302	13/25	TLR3;ZNF675;TNFRSF11B;INPP5D;TNFAIP6;IAPP;LTF;FSTL3;MAFB;TCTA;LILRB3;TLR4;FBN1	TUB	GO_BP	no_proc_ieg	10347
GOBP_POSITIVE_REGULATION_OF_MITOTIC_CELL_CYCLE	1.2198456395428678	0.15081521739130435	0.3991583167548611	19/85	CDC20;AURKA;VPS4B;DLGAP5;USP22;CDK1;SMARCD3;DTL;RAD51C;ANXA1;RB1;CDC25B;ABL1;CDC7;CCNB1;CDK4;RRM1;KLHL18;TMOD3	TUB	GO_BP	no_proc_ieg	10347
GOBP_STRESS_ACTIVATED_PROTEIN_KINASE_SIGNALING_CASCADE	1.2196258895217322	0.17893217893217894	0.39923533769799346	20/45	ARL6IP5;PBK;FOXM1;MAPK11;IGFBP6;GSTP1;MAPK13;TAOK3;QARS1;NOD2;MID1;DUSP10;MAP2K1;CRYAB;MAPK1;PDCD10;TLR4;FAS;ZMPSTE24;CD2AP	TUB	GO_BP	no_proc_ieg	10347
GOBP_REGULATION_OF_POLYSACCHARIDE_BIOSYNTHETIC_PROCESS	1.2195723470111821	0.19286871961102106	0.39895685295824657	3/23	DYRK2;NFKB1;PPP1R3C	TUB	GO_BP	no_proc_ieg	10347
GOBP_POSITIVE_REGULATION_OF_EPITHELIAL_CELL_APOPTOTIC_PROCESS	1.2195432914244746	0.2006079027355623	0.3986173605612089	4/32	CARM1;THBS1;ITGA4;BAX	TUB	GO_BP	no_proc_ieg	10347
GOBP_SEMI_LUNAR_VALVE_DEVELOPMENT	1.2193459732361296	0.1750380517503805	0.39865913482828835	12/36	TNFRSF1B;ADAMTS5;RHOA;RB1;CDH11;TWIST1;HEY2;NOTCH2;BMP2;TGFBR2;GATA3;BMPR2	TUB	GO_BP	no_proc_ieg	10347
GOBP_POSITIVE_REGULATION_OF_CELL_PROJECTION_ORGANIZATION	1.2190053238100933	0.08748615725359911	0.39897253193117377	54/267	SNX3;GPRASP3;P3H1;PLXNA1;DBN1;FN1;EZH2;RAB8B;MNS1;PLEK2;DDR1;NFE2L2;SERPINF1;ARPC2;TIAM1;FZD1;CAMK1;NCK1;GPM6A;CYFIP1;PLXNB2;ADNP;SHTN1;COBL;GRN;CDKL5;PLXNC1;APC;CCL19;PFN1;CX3CL1;RAC2;ABL1;ANKRD27;TOX;WRAP73;IFT20;CCDC88A;VLDLR;TMEM106B;NPTN;STK24;HRAS;FSCN1;NRP1;MDK;ITGA3;AGRN;RELN;RAC1;SERPINI1;STAU2;ASAP1;EIF4G2	TUB	GO_BP	no_proc_ieg	10347
GOBP_ACTIN_NUCLEATION	1.2189935935166316	0.18290854572713644	0.398601439023991	16/33	ARPC2;ARPC1B;CYFIP1;WASHC4;FCHSD2;GMFB;TRIM27;GMFG;ARPC5;WASHC5;ARFIP1;WASF3;CORO1B;WASF1;WASHC3;NCKAP1	TUB	GO_BP	no_proc_ieg	10347
GOBP_SPHINGOLIPID_BIOSYNTHETIC_PROCESS	1.2186138632391443	0.15655853314527504	0.39904169938263834	22/69	ST6GALNAC4;B4GALT5;SPTLC2;DEGS1;KDSR;ABCC1;PRKD3;HACD1;SGMS1;UGT8;B4GALT4;CERS4;ST8SIA1;ST3GAL5;SMPD2;ST3GAL2;ZNF750;PRKD1;ST8SIA4;ORMDL2;UGCG;ASAH1	TUB	GO_BP	no_proc_ieg	10347
GOBP_NEGATIVE_REGULATION_OF_CATALYTIC_ACTIVITY	1.2185097454141955	0.07007786429365963	0.3988569798409314	84/299	PYCARD;CSTB;SERPING1;TIMP1;GZMA;MAD2L1;NFKB1;THBS1;TRIAP1;TMBIM1;HHEX;SERPINE2;SERPINF1;NR2F2;CD300A;CD44;NPM1;CSTA;APOC1;PTEN;MVP;PPP1R14D;IFI16;ZNF675;DBNDD1;RB1;MACROH2A1;ABCE1;CARD8;GNAI3;AKAP5;NCKAP1L;PAK2;PPARG;IFI6;CAV1;SPRY1;ADAR;APC;STK38;CCR2;LAMP3;CAAP1;WARS1;UCHL1;ABL1;RRP1B;CST7;RNF34;ITGB1BP1;PAQR3;HRAS;TIMP2;GSTP1;LTF;RTRAF;SERPINI1;DUSP22;ATP5IF1;BANF1;QARS1;TRIM27;CAST;CDKN1B;SERPINA3;TARBP2;PKIA;POT1;RGS14;DUSP10;HYAL2;SERPINH1;SERPINB1;FBXO5;CST3;TAF7;CBL;AOC3;PDCD4;GNAI2;BMP2;PTPN22;PPP1R12A;RPS6KA3	TUB	GO_BP	no_proc_ieg	10347
GOBP_DNA_BIOSYNTHETIC_PROCESS	1.218489509991799	0.12531017369727046	0.3985100704549693	37/134	RFC5;NOP10;POLH;RCHY1;RPA1;RFC2;PCLAF;DTL;CCNA2;DSCC1;CHEK1;AURKB;NAT10;JADE3;CCT6A;FGF2;PCNA;POLE3;POLE2;RFC4;DCP2;EXOSC10;RRM1;TEP1;DKC1;POLG2;CENPF;POT1;PTGES3;FGFR4;CCT4;NHP2;TYMS;USP1;ZBTB1;CCT7;XRCC5	TUB	GO_BP	no_proc_ieg	10347
GOBP_CHAPERONE_MEDIATED_PROTEIN_FOLDING	1.2160786692566001	0.16500711237553342	0.4034866809740482	15/54	PDIA4;CLU;P3H1;FKBP11;PPIB;PPID;CCT6A;TOR1B;SDF2L1;VBP1;CD74;ERO1A;PFDN4;PTGES3;CCT4	TUB	GO_BP	no_proc_ieg	10347
GOBP_EXTRINSIC_APOPTOTIC_SIGNALING_PATHWAY_VIA_DEATH_DOMAIN_RECEPTORS	1.2160763226219051	0.16161616161616163	0.40308906596698785	14/65	FADD;CASP8;THBS1;TMBIM1;BAX;BID;BRCA1;DDX47;RNF34;SP100;GABARAP;STK4;DIABLO;PEA15	TUB	GO_BP	no_proc_ieg	10347
GOBP_HOMEOSTASIS_OF_NUMBER_OF_CELLS	1.214878884330211	0.09545983701979045	0.40539790598027425	69/228	LPCAT3;MAEA;CITED2;FADD;CX3CR1;ADGRG1;EZH2;B2M;LIPA;ISG15;HOXB6;HCLS1;FSTL1;NEMP1;RAG1;RASSF2;BAX;ANXA1;RB1;EXT1;RPS19;MYB;NCKAP1L;INPP5D;TUBA1A;SMAP1;ADAR;CCR2;CXCL6;RAC2;TNFRSF17;ABL1;MAPK11;IL7;CASP3;ARHGEF5;IKZF1;CCN3;ATP5IF1;ARMCX1;MEF2C;TMOD3;NOD2;SOX4;CD74;SIT1;CAMLG;DNASE2;MED1;ZBTB7A;VPS54;KITLG;NCAPG2;DOCK10;HMOX1;PPP2R3C;SLC25A5;WDR48;PTBP3;G6PD;BRD1;MAFB;HIF1A;ARNT;GATA3;CCR7;SP3;CCNB2;PRDX2	TUB	GO_BP	no_proc_ieg	10347
GOBP_REGULATION_OF_DNA_DAMAGE_RESPONSE_SIGNAL_TRANSDUCTION_BY_P53_CLASS_MEDIATOR	1.2148179846118792	0.20239880059970014	0.40512870339739115	19/30	PTTG1IP;CD44;COPS3;SMYD2;MSX1;TWIST1;SOX4;CD74;DYRK3;ATM;PSMD10;ZMPSTE24;ATR;SIRT1;ZNHIT1;SNAI2;SPRED2;MARCHF7;MDM2	TUB	GO_BP	no_proc_ieg	10347
GOBP_MAINTENANCE_OF_LOCATION_IN_CELL	1.2146233370286208	0.11722488038277512	0.40517592452511175	31/175	KDELR2;TMSB10;DBN1;HEXB;CYBA;TSPO;ITGB3;BAX;GPSM2;GM2A;CXCL9;FTH1;ITPR3;ANXA6;SRI;CLIC2;PSEN1;PTPN6;CCR5;FGF2;CAV1;CD4;CCL19;KDELR3;CX3CL1;ASPM;CXCL11;ABL1;P2RY6;CCDC88A;TMSB15A	TUB	GO_BP	no_proc_ieg	10347
GOBP_POSITIVE_REGULATION_OF_JNK_CASCADE	1.2143529290640753	0.15405777166437415	0.405367529499602	18/72	PYCARD;TLR3;MYD88;TPD52L1;RASSF2;RASGRP1;CCL19;CD27;HRAS;ANKRD6;DUSP22;TAOK3;NOD2;CRK;SDCBP;F2RL1;FCGR2B;RB1CC1	TUB	GO_BP	no_proc_ieg	10347
GOBP_CELLULAR_RESPONSE_TO_HYDROGEN_PEROXIDE	1.213971597404613	0.1746905089408528	0.40583412659336704	9/52	PPIF;ECT2;EZH2;NFE2L2;FXN;CDK1;MYB;PCNA;ABL1	TUB	GO_BP	no_proc_ieg	10347
GOBP_PROTEIN_SUMOYLATION	1.2131606618249102	0.20575539568345325	0.407191497354299	13/41	HDAC4;IFIH1;UBA2;SAE1;SUMO3;MUL1;GNL3;TRPM4;TRIM27;RWDD3;HMG20A;TRIM28;ARNT	TUB	GO_BP	no_proc_ieg	10347
GOBP_REGULATION_OF_CANONICAL_WNT_SIGNALING_PATHWAY	1.2128328413656904	0.1296969696969697	0.40752646700407247	37/171	COL1A1;ZEB2;NFKB1;DACT1;SOX17;TPBG;HHEX;CDH3;TLE1;FZD1;HDAC1;FERMT1;CSNK1D;PSEN1;FRAT1;RUVBL2;ADNP;FGF2;GID8;RBX1;CBY1;VPS35;CAV1;APC;ASPM;MLLT3;CSNK1G1;CSNK1G3;DKK3;IFT20;SMURF2;TRPM4;MDK;FZD6;ANKRD6;STK4;IGFBP6	TUB	GO_BP	no_proc_ieg	10347
GOBP_HYPEROSMOTIC_RESPONSE	1.2126364308526418	0.22061191626409019	0.4075739101748301	3/20	TLR3;AKR1B1;STK39	TUB	GO_BP	no_proc_ieg	10347
GOBP_NEGATIVE_REGULATION_OF_CELL_CELL_ADHESION	1.2123251126399708	0.12911084043848964	0.40781041797619855	43/141	FXYD5;NF2;HLA-DRB1;LAPTM5;SERPINE2;CD300A;CD86;MAD1L1;ANXA1;SWAP70;VSIG4;HLX;VTCN1;SPINT2;PTPN6;GTPBP4;BTN2A2;TNFRSF14;ABL1;ASCL2;LAX1;CASP3;GPNMB;MBP;MDK;FGL2;METTL3;EPCAM;DUSP22;CD74;HLA-E;RUNX3;PTK2;TMX1;CRTAM;BMP2;PTPN22;SOCS1;IDO1;SOCS5;CXCL12;CBFB;SCRIB	TUB	GO_BP	no_proc_ieg	10347
GOBP_MYELOID_CELL_DIFFERENTIATION	1.2122851345421795	0.07802197802197802	0.40749182604473577	92/314	MAEA;CITED2;FADD;UBD;CASP8;TYROBP;TLR3;HLA-DRB1;OSTM1;UCP2;EVI2B;TESC;B2M;NBEAL2;MYD88;LIPA;ISG15;HCLS1;NEMP1;RASSF2;IL33;GABPA;IRF8;IRF7;ABI1;IFI16;ZNF675;RB1;CCR1;RPS19;ITGB8;MYB;PSEN1;TNFRSF11B;NCKAP1L;PTPN6;INPP5D;PPARG;IL15;SMAP1;HOXB7;ADAR;CD4;PAF1;CCL19;TNFAIP6;RAC2;ITGB6;IAPP;MAPK11;CASP3;PARP1;SNRK;IKZF1;LTF;CEBPA;ATP5IF1;MYH9;MEF2C;TMOD3;NR3C1;ANXA2;CD74;THOC5;F2RL1;HOXB8;DNASE2;PIP4K2A;MED1;ZBTB7A;VPS54;NOTCH2;KITLG;NCAPG2;THPO;FSTL3;BMP2;SOCS1;CD81;SLC25A5;PTBP3;G6PD;BRD1;MAFB;TCTA;HIF1A;ARNT;TGFBR2;GATA3;CBFB;CCR7;LILRB3	TUB	GO_BP	no_proc_ieg	10347
GOBP_NEGATIVE_REGULATION_OF_STRIATED_MUSCLE_CELL_DIFFERENTIATION	1.212129129219173	0.19393939393939394	0.40742589213900887	8/27	HDAC4;EZH2;HDAC1;MSX1;CCN3;TOMM70;BMP2;G6PD	TUB	GO_BP	no_proc_ieg	10347
GOBP_REGULATION_OF_PROTEIN_LOCALIZATION_TO_MEMBRANE	1.210183884227717	0.14698492462311558	0.4114243541319572	28/130	CSK;ITGB2;ITGAM;NETO2;TMBIM1;VAMP8;GPC4;STX3;AKAP5;AGR2;CRKL;PRKCH;FNTA;STOM;TNFAIP6;ZDHHC7;STX8;PLS1;ADAM10;ITGB1BP1;HRAS;LZTFL1;ARHGAP44;ITGA3;LDLRAP1;CRK;FARP1;GBP1	TUB	GO_BP	no_proc_ieg	10347
GOBP_POSITIVE_REGULATION_OF_EPITHELIAL_CELL_MIGRATION	1.2099002973921267	0.13188220230473752	0.41164952327942805	30/122	RRAS;MAP4K4;THBS1;PLK2;ITGB3;GFUS;ANXA3;NFE2L2;SCARB1;VEGFC;SASH1;ANXA1;PIK3CG;FGF2;SRPX2;GRN;PFN1;RAB25;ABL1;ITGB1BP1;NRP1;ITGA3;CD40;RAC1;JCAD;MET;SP1;P2RX4;SPARC;PTK2	TUB	GO_BP	no_proc_ieg	10347
GOBP_REGULATION_OF_TRANSCRIPTION_REGULATORY_REGION_DNA_BINDING	1.2097385972786847	0.21362229102167182	0.4116257913815839	8/27	DDRGK1;ZNF675;RB1;GTF2B;PSEN1;TWIST1;HEY2;ZBTB7A	TUB	GO_BP	no_proc_ieg	10347
GOBP_POSITIVE_REGULATION_OF_TRANSFORMING_GROWTH_FACTOR_BETA_PRODUCTION	1.2093527122224683	0.23039215686274508	0.4121060494360577	5/16	THBS1;FERMT1;MYB;CX3CL1;LUM	TUB	GO_BP	no_proc_ieg	10347
GOBP_INTERLEUKIN_2_PRODUCTION	1.2091435780262445	0.17510853835021709	0.41217020504634105	12/53	LAPTM5;HOMER3;CD86;ANXA1;VSIG4;VTCN1;CCR2;CD4;ABL1;NOD2;TRIM27;GBP1	TUB	GO_BP	no_proc_ieg	10347
GOBP_POSITIVE_REGULATION_OF_DNA_METABOLIC_PROCESS	1.20849179883153	0.1073512252042007	0.41323544275549173	81/205	RFC5;DBF4;RAD51AP1;ANXA3;SMARCE1;BAX;CDK1;RFC2;FUS;SMARCD3;CCNA2;DSCC1;BRCA1;FOXM1;AURKB;NPAS2;CCT6A;RUVBL2;FGF2;PCNA;RFC4;GNL3;NBN;CDC7;TIGAR;BABAM1;PARP1;MLH1;HNRNPAB;CD40;CDT1;BRCC3;DKC1;POLG2;CDKN1B;POT1;SMARCA5;PTGES3;ACTL6A;FGFR4;CCT4;NSD2;ACTR5;BAZ1A;USP1;RUVBL1;CCT7;RPS3;XRCC5;WDR48;TINF2;KMT5B;TRIM28;ACTR8;MAPK1;CCT3;TRRAP;ATM;E2F8;NVL;SSBP1;CYP1B1;WRN;RAD50;WRAP53;MAP3K4;FGFR1;PAXIP1;SMCHD1;MORF4L2;NFRKB;NEK2;UIMC1;TFPT;MCRS1;LPIN1;ACD;PIAS4;ATR;SKP2;PTPRC	TUB	GO_BP	no_proc_ieg	10347
GOBP_MODIFICATION_OF_SYNAPTIC_STRUCTURE	1.2080810433869424	0.25117739403453687	0.41375300731870235	6/20	RHOA;TIAM1;CYFIP1;PFN1;ABL1;ARHGAP44	TUB	GO_BP	no_proc_ieg	10347
GOBP_LIPID_HOMEOSTASIS	1.208076414402661	0.15633074935400518	0.41336021795329797	24/107	ABCA1;CERT1;RBP1;TSPO;LIPA;LIPC;MYLIP;RALY;SCARB1;NR1D2;CYP7B1;ABCA3;PPARG;TLCD3A;CAV1;SOAT1;ITGB6;ACACA;NR1D1;IL18;FABP3;LDLRAP1;FABP4;CEBPA	TUB	GO_BP	no_proc_ieg	10347
GOBP_PROTEIN_STABILIZATION	1.2079203957677966	0.14041514041514042	0.4133134272688487	48/158	CLU;ATF7IP;TYROBP;FLOT1;P3H1;SOX17;TESC;PPIB;TRIM44;RASSF2;PTEN;CCT6A;RPAP3;RUVBL2;GTPBP4;GRN;PFN1;MUL1;MSX1;IFI30;CDK7;TSPAN1;SPAG1;STK4;TAF9;SOX4;POLR2E;CAMLG;PTGES3;STXBP1;SEC16A;CCT4;CRYAB;RUVBL1;GOLGA7;CCT7;LAMP1;LAMP2;NAA15;ZNF207;NCLN;CCT3;USP33;GNAQ;PIN1;RPL23;PDCD10;MFSD1	TUB	GO_BP	no_proc_ieg	10347
GOBP_REGULATION_OF_SUPEROXIDE_ANION_GENERATION	1.2077817217307245	0.22132471728594508	0.41323681941685303	3/18	TYROBP;ITGB2;ITGAM	TUB	GO_BP	no_proc_ieg	10347
GOBP_REGULATION_OF_WNT_SIGNALING_PATHWAY	1.2076474046541978	0.11583924349881797	0.41315009063582675	45/220	SNX3;COL1A1;ZEB2;NFKB1;DACT1;SOX17;TPBG;HHEX;VGLL4;CDH3;TLE1;HMGXB4;TIAM1;FZD1;HDAC1;FERMT1;CSNK1D;PSEN1;FRAT1;RUVBL2;ADNP;FGF2;GID8;RBX1;CBY1;VPS35;CAV1;APC;C12orf43;ASPM;MLLT3;ABL1;CSNK1G1;CSNK1G3;DKK3;IFT20;SMURF2;ATP6V0C;TRPM4;MDK;FZD6;ITGA3;ANKRD6;STK4;IGFBP6	TUB	GO_BP	no_proc_ieg	10347
GOBP_PHOSPHATIDYLCHOLINE_BIOSYNTHETIC_PROCESS	1.2074307023645046	0.22664359861591696	0.4132491640213841	6/15	LPCAT1;LPCAT3;FABP3;RAB38;CDS1;CAPN2	TUB	GO_BP	no_proc_ieg	10347
GOBP_POSITIVE_REGULATION_OF_CATABOLIC_PROCESS	1.206646515329502	0.08167770419426049	0.41464060653197704	102/346	LPCAT1;CLU;CDC20;UBQLN2;AURKA;AGO4;DACT1;SOX17;DDRGK1;PLK2;LAPTM5;RCHY1;TNFRSF1B;NFE2L2;VGLL4;CHFR;BAX;MYLIP;IL33;TRIM21;SPTLC2;DTL;PTEN;POLR2G;PRR5L;YTHDF1;YTHDF3;CSNK1D;PSEN1;TRIM22;GNAI3;VPS28;SH3GLB1;CNOT8;RBX1;VPS35;ADRA2A;FYCO1;CAV1;APC;RNF139;AMBRA1;TICAM1;UCHL1;HSPB8;DCP2;NDUFA13;PHKA1;BBS7;CCDC22;MLH1;GABARAP;KEAP1;EIF4ENIF1;TWIST1;CEBPA;METTL3;TGFB1I1;IDE;NOD2;BCAP31;BECN1;TRIM68;CDKN1B;SAMD4A;CSNK1A1;PTK2;PIP4K2A;MARCHF2;NSF;TMX1;CNOT3;RALB;RB1CC1;CNOT2;MTDH;PRKD1;HMOX1;CNOT6;CD81;ULK2;SLC25A5;CSNK1E;SOCS5;HIF1A;UBE2A;RAB3GAP1;PUM1;DAB2;FMR1;SNX7;RACK1;PSMC4;ADRB2;MAGEF1;SQSTM1;RAB7A;SUPT5H;ATM;CUL4B;EXOSC8;OAZ1	TUB	GO_BP	no_proc_ieg	10347
GOBP_LIPOSACCHARIDE_METABOLIC_PROCESS	1.2063727174064771	0.175	0.4148590594555804	22/78	HEXB;ST6GALNAC4;NEU1;B4GALT5;BAX;GLB1;AOAH;GM2A;ITGB8;PIGT;DPM3;UGT8;B4GALT4;ST8SIA1;ST3GAL5;ST3GAL2;SCARB2;ST8SIA4;PIGB;UGCG;FUCA1;SLC30A5	TUB	GO_BP	no_proc_ieg	10347
GOBP_REGULATION_OF_PROTEIN_LOCALIZATION_TO_PLASMA_MEMBRANE	1.2063623943721706	0.1608108108108108	0.414479036156175	24/78	CSK;TMBIM1;VAMP8;STX3;AKAP5;AGR2;PRKCH;ZDHHC7;STX8;PLS1;ARHGAP44;ITGA3;LDLRAP1;GBP1;LYPD1;STX7;LYPLA1;APPL1;DAB2;RACK1;AP2M1;SQSTM1;CLN3;RAB11FIP2	TUB	GO_BP	no_proc_ieg	10347
GOBP_POSITIVE_REGULATION_OF_CYTOKINESIS	1.206285940607231	0.2072072072072072	0.414243778074192	6/33	ECT2;NUP62;RHOA;SPAST;AURKB;CDC25B	TUB	GO_BP	no_proc_ieg	10347
GOBP_TRANSCRIPTION_BY_RNA_POLYMERASE_I	1.2061997371805688	0.1847672778561354	0.4140303290152511	20/53	CARM1;TAF1A;POLR2L;MACROH2A1;MACROH2A2;GTF2H1;NOL11;TBP;CAVIN1;DEK;POLR2E;SMARCA5;POLR1E;UBTF;ACTR6;MARS1;RRN3;ZMPSTE24;POLR1F;POLR1G	TUB	GO_BP	no_proc_ieg	10347
GOBP_NEGATIVE_REGULATION_OF_INFLAMMATORY_RESPONSE_TO_ANTIGENIC_STIMULUS	1.2059967060603183	0.22843450479233227	0.4140899440878455	7/21	HLA-DRB1;PLK2;HCK;NPY5R;NOD2;FCGR2B;PSMA1	TUB	GO_BP	no_proc_ieg	10347
GOBP_POSITIVE_REGULATION_OF_SYNAPSE_ASSEMBLY	1.2050165600859004	0.19730941704035873	0.4159291989373088	10/41	GPRASP3;TPBG;FLRT3;THBS2;ADNP;SRPX2;OXTR;AGRN;STAU2;FLRT2	TUB	GO_BP	no_proc_ieg	10347
GOBP_INTERLEUKIN_8_PRODUCTION	1.2044928707889482	0.17688022284122562	0.41674119496238293	18/64	PYCARD;FADD;TLR3;CD2;TLR7;MYD88;TLR5;TLR1;ANXA1;CD58;RIGI;CD14;ANXA4;TLR8;NOD2;CD74;F2RL1;HYAL2	TUB	GO_BP	no_proc_ieg	10347
GOBP_NON_MEMBRANE_BOUNDED_ORGANELLE_ASSEMBLY	1.2044572315976863	0.10259301014656144	0.4164235112736839	70/275	CDC20;PLA2G4C;SAC3D1;AURKA;PLK2;NUP62;KPNB1;PRC1;VPS4B;DLGAP5;KIF11;NPM1;CAPG;NIP7;GPSM2;RHOA;PTEN;BRCA1;NDC80;HAUS6;GTF2B;YTHDF1;AURKB;FLII;YTHDF3;RPS19;MAP9;ACTG1;CSNK1D;MYH6;CENPE;CENPA;PLK4;HCK;ASPM;CCDC69;LCP1;PLS1;WRAP73;RCC1;DDX6;MRM2;ARHGEF5;FSCN1;ATXN2;KIF2A;MLH1;KIF4A;EIF4ENIF1;EML3;KRT19;TPX2;TMOD3;MOSPD2;PIBF1;CENPF;BECN1;CEP76;CDS1;OGFOD1;FBXO5;CHMP7;WASHC5;ATG5;CNOT2;PRKD1;CNOT6;RPS3;XRCC5;HAUS3	TUB	GO_BP	no_proc_ieg	10347
GOBP_REGULATION_OF_PROTEIN_SUMOYLATION	1.2041566972458257	0.23088923556942278	0.4167161371546135	11/19	HDAC4;UBA2;SAE1;MUL1;GNL3;RWDD3;HMG20A;ARNT;PARK7;PIAS4;RELA	TUB	GO_BP	no_proc_ieg	10347
GOBP_CELL_CYCLE_G1_S_PHASE_TRANSITION	1.2039280354890494	0.14393939393939395	0.41679777869752005	34/168	DACT1;TRIAP1;DDRGK1;PLK2;EZH2;MUC1;DBF4;CRLF3;SMARCE1;CDKN3;CDK1;SMARCD3;CCNA2;PTEN;BID;METTL13;ANXA1;RB1;RPA2;PTPN6;BTN2A2;APC;CASP2;PAF1;AMBRA1;TAF10;PSME1;RCC1;CDC7;GPNMB;CDK7;CDK4;RRM1;E2F3	TUB	GO_BP	no_proc_ieg	10347
GOBP_NEGATIVE_REGULATION_OF_ORGAN_GROWTH	1.2037077216128385	0.22259136212624583	0.41688387211956346	5/24	CITED2;WWC1;VGLL4;FXN;PTEN	TUB	GO_BP	no_proc_ieg	10347
GOBP_REGULATION_OF_GENERATION_OF_PRECURSOR_METABOLITES_AND_ENERGY	1.2036711354412637	0.15261044176706828	0.416554384030228	18/94	DYRK2;PPIF;HDAC4;IFNAR1;RUBCNL;PPP1R3C;CDK1;RHOA;MACROH2A1;PSEN1;UCHL1;PHKA1;TIGAR;CCNB1;COX7A2;IDE;PPP1CA;OPN3	TUB	GO_BP	no_proc_ieg	10347
GOBP_PROSTANOID_METABOLIC_PROCESS	1.2033609878104645	0.19402985074626866	0.41680894423951165	10/32	AKR1B1;PTGS1;HPGDS;AKR1C2;GSTP1;PLA2G4A;CD74;PIBF1;PTGES3;MGST3	TUB	GO_BP	no_proc_ieg	10347
GOBP_SNRNA_METABOLIC_PROCESS	1.2031102583855462	0.18497109826589594	0.4169637265299956	19/46	NOP10;INTS9;CDK7;EXOSC10;INTS13;INTS7;SNAPC4;DKC1;ELL3;MTREX;NHP2;RBM7;ICE1;INTS8;SNAPC5;METTL4;INTS11;EXOSC8;POLR3B	TUB	GO_BP	no_proc_ieg	10347
GOBP_REGULATION_OF_MYELOID_CELL_DIFFERENTIATION	1.2016305993381184	0.13647642679900746	0.4198845299912416	26/147	FADD;CASP8;TYROBP;TLR3;HLA-DRB1;EVI2B;TESC;B2M;ISG15;HCLS1;RASSF2;GABPA;IRF7;ZNF675;RB1;CCR1;MYB;TNFRSF11B;NCKAP1L;INPP5D;SMAP1;CD4;PAF1;TNFAIP6;IAPP;MAPK11	TUB	GO_BP	no_proc_ieg	10347
GOBP_MIDBRAIN_DEVELOPMENT	1.2013256497408267	0.1792717086834734	0.42019386931768177	14/63	SMAD1;S100A1;YWHAH;BASP1;RHOA;FZD1;CSNK1D;DYNLL1;FGF2;CKB;MSX1;MBP;FZD6;FZD3	TUB	GO_BP	no_proc_ieg	10347
GOBP_MEMBRANE_DOCKING	1.2009636587552448	0.1853932584269663	0.4206327796061984	17/56	SNX3;VCAM1;CAV2;VAMP8;ESYT1;STX3;PSEN2;STX8;STX6;RAB8A;STX2;STXBP1;RALB;EXOC2;EXOC1;SYTL2;STX7	TUB	GO_BP	no_proc_ieg	10347
GOBP_MONOCYTE_DIFFERENTIATION	1.2004836069489684	0.2132132132132132	0.42131261268220244	10/26	HLA-DRB1;IRF7;IFI16;INPP5D;PPARG;CD4;MYH9;CD74;THOC5;MED1	TUB	GO_BP	no_proc_ieg	10347
GOBP_DEOXYRIBONUCLEOTIDE_METABOLIC_PROCESS	1.1998274716541268	0.22106824925816024	0.4223543564479669	5/32	DCTPP1;DCK;TYMP;DTYMK;AK5	TUB	GO_BP	no_proc_ieg	10347
GOBP_VIRAL_TRANSCRIPTION	1.1997002611123562	0.20802377414561665	0.4222469983708265	11/39	CCL5;TRIM21;HDAC1;GTF2B;RRP1B;TRIM27;SP1;TARBP2;UBP1;MDFIC;TRIM14	TUB	GO_BP	no_proc_ieg	10347
GOBP_RESPONSE_TO_FIBROBLAST_GROWTH_FACTOR	1.199664844135842	0.1584022038567493	0.4219261691930104	21/81	COL1A1;CCL5;THBS1;FLRT3;CD44;EXT1;POSTN;FGF2;CRKL;RUNX2;SPRY1;GALNT3;TNC;GRB2;CXCL13;NPTN;IQGAP1;ITGB1BP1;SHCBP1;EXT2;KDM5B	TUB	GO_BP	no_proc_ieg	10347
GOBP_NEGATIVE_REGULATION_OF_CELL_CYCLE_G2_M_PHASE_TRANSITION	1.1982755717072247	0.20221606648199447	0.4247578639176502	14/53	NAE1;CHFR;CDK1;DTL;BRCA1;CHEK1;MACROH2A1;AURKB;AVEN;NBN;BABAM1;ATF5;TAOK3;BRCC3	TUB	GO_BP	no_proc_ieg	10347
GOBP_ACTIVATION_OF_PROTEIN_KINASE_ACTIVITY	1.1977616591775626	0.17304964539007092	0.42551161151200506	15/63	TLR3;ECT2;CCL5;TNFSF15;ITGB3;CD300A;CD86;ADRA2A;ABL1;CCDC88A;ITGB1BP1;PRRC1;BORA;TPX2;PIBF1	TUB	GO_BP	no_proc_ieg	10347
GOBP_REGULATION_OF_INTRACELLULAR_ESTROGEN_RECEPTOR_SIGNALING_PATHWAY	1.1976166880756212	0.21559633027522937	0.42543624573068123	11/27	CARM1;DDRGK1;BRCA1;CYP7B1;PARP1;MED1;CNOT2;KMT2D;PAK1;PHB2;KANK2	TUB	GO_BP	no_proc_ieg	10347
GOBP_DNA_DAMAGE_RESPONSE_SIGNAL_TRANSDUCTION_BY_P53_CLASS_MEDIATOR	1.1962865497037112	0.1763085399449036	0.4281273023760833	17/60	TRIAP1;PLK2;MUC1;PTTG1IP;CD44;FOXM1;CASP2;COPS3;SMYD2;MSX1;NBN;PPM1D;SP100;TWIST1;SOX4;CD74;CDKN1B	TUB	GO_BP	no_proc_ieg	10347
GOBP_POSITIVE_REGULATION_OF_CELL_MORPHOGENESIS	1.1959813625556917	0.2215568862275449	0.42840674010191976	7/29	GPRASP3;DBN1;TIAM1;CDKL5;ANKRD27;RELN;STAU2	TUB	GO_BP	no_proc_ieg	10347
GOBP_HEART_GROWTH	1.195892526311227	0.19176136363636365	0.4282089836713796	11/61	CITED2;SMAD1;BASP1;VGLL4;CDK1;MYH6;FGF2;S1PR1;SORBS2;ABL1;MAPK11	TUB	GO_BP	no_proc_ieg	10347
GOBP_MUSCLE_HYPERTROPHY_IN_RESPONSE_TO_STRESS	1.1958897153170478	0.25426356589147286	0.4278084220857637	4/23	HDAC4;EZH2;MYH6;PPARG	TUB	GO_BP	no_proc_ieg	10347
GOBP_REGULATION_OF_T_HELPER_CELL_DIFFERENTIATION	1.1952005253500202	0.22945736434108527	0.4289636597392884	8/33	HLA-DRB1;HLA-DRA;CD86;ANXA1;HLX;CCL19;ASCL2;IL18	TUB	GO_BP	no_proc_ieg	10347
GOBP_G0_TO_G1_TRANSITION	1.195119563591293	0.21669341894060995	0.4287433044289796	7/26	SMARCE1;SMARCD3;CHEK1;CCNC;RRM1;ACTL6A;MED1	TUB	GO_BP	no_proc_ieg	10347
GOBP_POSITIVE_REGULATION_OF_PROTEIN_IMPORT_INTO_NUCLEUS	1.1947971152571404	0.20029239766081872	0.42905520043923917	5/32	ECT2;RBM22;HCLS1;CDK1;PSEN1	TUB	GO_BP	no_proc_ieg	10347
GOBP_ANTIMICROBIAL_HUMORAL_IMMUNE_RESPONSE_MEDIATED_BY_ANTIMICROBIAL_PEPTIDE	1.1943910279824268	0.16988950276243095	0.4295653008843021	21/77	CCL5;CXCL1;RNASE6;MMP7;CXCL9;RPS19;CXCL6;CCL19;PF4V1;CX3CL1;CXCL11;CXCL13;H2BC12;H2BC21;REG1A;PPBP;CCL20;LTF;CCL18;NOD2;CXCL10	TUB	GO_BP	no_proc_ieg	10347
GOBP_NUCLEOSIDE_TRIPHOSPHATE_METABOLIC_PROCESS	1.1937071673210413	0.1357733175914994	0.43073886779986653	33/179	NME1;DCTPP1;RAB23;ATP5MF;HDAC4;AK1;TSPO;UCP2;LIPA;DTYMK;ATP5MJ;NDUFA6;HKDC1;AK5;ITPA;IMPDH1;PSEN1;GNAI3;MYH6;PKM;UCHL1;ALDOA;NDUFA13;NADK;TIGAR;ANTKMT;ATP6V0C;ENO2;PARP1;NME6;PFKP;NDUFB5;ATP5IF1	TUB	GO_BP	no_proc_ieg	10347
GOBP_NEGATIVE_REGULATION_OF_HUMORAL_IMMUNE_RESPONSE	1.1930238193606055	0.23882896764252695	0.4318804490868546	6/16	SERPING1;VSIG4;PTPN6;CD59;A2M;FCGR2B	TUB	GO_BP	no_proc_ieg	10347
GOBP_EMBRYO_DEVELOPMENT_ENDING_IN_BIRTH_OR_EGG_HATCHING	1.1921967864343335	0.07234042553191489	0.43337398484142203	136/464	COL3A1;CITED2;CASP8;APAF1;SCO2;COL1A1;HOPX;DBN1;CERT1;HOXB2;DACT1;SOX17;RIC8A;SLC2A10;VASH1;HOXB6;SATB2;NR2F2;VASH2;FXN;USP22;DAD1;GABPA;PRKACB;FZD1;PCDH12;BRCA1;ABI1;CHEK1;AMOT;EXT1;ALX1;TTLL1;PSEN1;CENPU;HOXA1;MYH6;PLXNB2;RAI2;SPINT2;COBL;FGF2;SPINT1;NMT1;HOXB7;CBY1;MEOX2;ARNT2;RUNX2;TM4SF1;POFUT1;IFT52;COPS3;AMBRA1;PFN1;HOXB9;PLK4;SLC39A1;TAF10;GRB2;ABL1;ASCL2;MSX1;NBN;RPGRIP1L;ADAM10;CASP3;CCNB1;MED21;SEC24D;FZD6;KEAP1;PPP1CC;MARCKS;RNASEH2B;KRT19;STK4;TWIST1;FZD3;CEBPA;MYH9;PLOD3;STMN3;BPTF;GNA12;POLG2;EIF4A3;HOXB8;TRIP6;TULP3;ADAMTS3;HEY2;ACTL6A;MAP2K1;MED1;CAPN2;VPS54;NOTCH2;FUT8;CNOT3;TBX3;PELO;NCAPG2;CNOT2;TENT5C;BMP2;PCSK5;EMP2;LPAR6;YAP1;TRIM28;HIF1A;ARNT;SOX18;TGFBR2;MAPK1;GATA3;DEAF1;KIFBP;KLHL12;SCRIB;BMPR2;NUP133;SP3;CCNB2;ASF1B;PSMC4;PALB2;TBL1XR1;EDNRA;JAG2;RBBP6;PSPH;ATM;BBS4;E2F8	TUB	GO_BP	no_proc_ieg	10347
GOBP_REGULATION_OF_LIPASE_ACTIVITY	1.1921492975938734	0.2028985507246377	0.4330525884994071	11/53	CCL5;RHOC;CD86;GNA15;RHOA;APOC1;RASGRP1;ABL1;P2RY6;C5AR1;HRAS	TUB	GO_BP	no_proc_ieg	10347
GOBP_CELLULAR_RESPONSE_TO_RADIATION	1.1918000918861746	0.16044776119402984	0.4335052427343143	42/134	ECT2;TIMP1;POLH;TRIAP1;RAD51AP1;PBK;BAX;CRIP1;NPM1;PPID;BRCA1;IFI16;MMP1;AURKB;RUVBL2;NMT2;TANK;NMT1;RBX1;PCNA;GRB2;MMP2;ITGB6;MAPK11;HRAS;PARP1;INTS7;METTL3;MAPK13;BRCC3;OPN3;HYAL2;ACTR5;CRYAB;ZBTB1;XRCC5;TSPYL5;EEF1D;MFAP4;YAP1;GATA3;PTPRK	TUB	GO_BP	no_proc_ieg	10347
GOBP_DNA_SYNTHESIS_INVOLVED_IN_DNA_REPAIR	1.1915369612719464	0.200920245398773	0.4336785064871572	9/29	POLH;RCHY1;PCLAF;DTL;PCNA;POLE2;RRM1;USP1;ZBTB1	TUB	GO_BP	no_proc_ieg	10347
GOBP_T_CELL_HOMEOSTASIS	1.191534300766787	0.21153846153846154	0.4332760450332841	13/33	FADD;RAG1;BAX;NCKAP1L;CASP3;SIT1;PPP2R3C;CCNB2;PRDX2;FAS;IL7R;RC3H2;PPP3CB	TUB	GO_BP	no_proc_ieg	10347
GOBP_NEGATIVE_REGULATION_OF_ADAPTIVE_IMMUNE_RESPONSE	1.1909791025352299	0.20723226703755215	0.43420252078380617	12/51	HLA-F;AHR;SAMSN1;IL33;NCKAP1L;PTPN6;TNFRSF14;IL27RA;ASCL2;DUSP22;NOD2;TRIM27	TUB	GO_BP	no_proc_ieg	10347
GOBP_CHROMOSOME_CONDENSATION	1.1909682084086828	0.22431259044862517	0.4338209308728195	10/33	NUSAP1;NCAPG;CDK1;DFFB;SMC4;TOP2A;H1-10;H1-2;SMARCA5;NCAPG2	TUB	GO_BP	no_proc_ieg	10347
GOBP_POSITIVE_REGULATION_OF_MACROPHAGE_DERIVED_FOAM_CELL_DIFFERENTIATION	1.1909569761863976	0.249597423510467	0.4334355826024229	4/16	NFKB1;CD36;PRKCH;IL18	TUB	GO_BP	no_proc_ieg	10347
GOBP_MITOTIC_G2_DNA_DAMAGE_CHECKPOINT_SIGNALING	1.1906377241721218	0.21684867394695787	0.4338361413104866	8/28	CDK1;DTL;BRCA1;CHEK1;NBN;BABAM1;TAOK3;BRCC3	TUB	GO_BP	no_proc_ieg	10347
GOBP_NEGATIVE_REGULATION_OF_CELL_ACTIVATION	1.1904560271143048	0.1334981458590853	0.4338535530468236	37/151	TYROBP;FN1;HLA-DRB1;LAPTM5;SYT11;SAMSN1;SERPINE2;MNDA;CD300A;CD86;MAD1L1;ANXA1;VSIG4;HLX;VTCN1;BANK1;PTPN6;INPP5D;BTN2A2;GRN;TNFRSF14;ASCL2;CST7;LAX1;CASP3;GPNMB;NR1D1;MDK;FGL2;LST1;DUSP22;CD74;HLA-E;PIBF1;RUNX3;FCGR2B;TMX1	TUB	GO_BP	no_proc_ieg	10347
GOBP_MACROPHAGE_CHEMOTAXIS	1.190173810911432	0.22067901234567902	0.4340958698608825	8/34	CCL5;THBS1;C3AR1;NUP85;MMP2;C5AR1;CKLF;MDK	TUB	GO_BP	no_proc_ieg	10347
GOBP_LYSOSOMAL_LUMEN_ACIDIFICATION	1.1899348531865395	0.23993288590604026	0.43421288450997436	11/17	GRN;TMEM106B;ATP6V0C;PPT1;CLN5;LAMP1;LAMP2;ATP6V0B;ATP6AP1;CLN3;CREG1	TUB	GO_BP	no_proc_ieg	10347
GOBP_REGULATION_OF_SUPRAMOLECULAR_FIBER_ORGANIZATION	1.189859220733906	0.11824324324324324	0.4339643948405445	65/272	PYCARD;CLU;TMSB10;NF2;GPR65;HCLS1;ARPC2;CD47;RHOC;CAPG;PSRC1;RHOA;EVL;NCK1;CYFIP1;HAUS6;RB1;WASHC4;SPAST;FCHSD2;FLII;SWAP70;ACTG1;PSEN1;NCKAP1L;PAK2;CDH5;APC;MAP1S;S1PR1;PFN1;CX3CL1;HCK;TOGARAM1;GRB2;AEBP1;S100A10;ABL1;IAPP;CCDC88A;TMSB15A;ITGB1BP1;ARHGEF5;NRP1;RAPGEF3;VBP1;ABITRAM;MEGF9;GMFB;RAC1;MET;TPX2;TMOD3;TRIM27;DSTN;F2RL1;CDKN1B;MID1;PFDN4;CCL11;GMFG;CAPZB;ARPC5;CAPZA2;WASHC5	TUB	GO_BP	no_proc_ieg	10347
GOBP_ORGANELLE_FUSION	1.1894641163414572	0.17783505154639176	0.4345290376332618	35/108	SYT11;RUBCNL;BAX;GOSR1;CDK1;CAV2;VAMP8;STX3;ANXA1;VAT1;MUL1;STX8;VCPIP1;ANKRD27;ANKFY1;BCL2A1;STX6;RAB8A;STX2;BET1;VAV3;SAMD9;ANXA2;PIP4K2A;VPS41;VAMP1;STXBP1;CHMP7;YME1L1;IRAG2;STX7;LDAH;VPS8;MFN1;YIPF4	TUB	GO_BP	no_proc_ieg	10347
GOBP_PHAGOSOME_MATURATION	1.1893072430185805	0.2504012841091493	0.43448969671754006	4/19	SYT11;SRPX;RAB31;RAB32	TUB	GO_BP	no_proc_ieg	10347
GOBP_ACUTE_INFLAMMATORY_RESPONSE_TO_ANTIGENIC_STIMULUS	1.1892947476303874	0.2626427406199021	0.43411815013868005	8/16	EXT1;C3;FCGR3B;FCER1A;NPY5R;A2M;HLA-E;FCGR2B	TUB	GO_BP	no_proc_ieg	10347
GOBP_AMYLOID_FIBRIL_FORMATION	1.1886650300775772	0.23787878787878788	0.43520476597515806	11/33	CLU;B2M;FUS;PSEN1;CD36;IAPP;NUP153;VBP1;PFDN4;CRYAB;SIAH1	TUB	GO_BP	no_proc_ieg	10347
GOBP_POSITIVE_REGULATION_OF_GLIOGENESIS	1.1882698544646035	0.21190130624092887	0.43572801884169354	12/55	TSPO;TNFRSF1B;SERPINE2;IL33;VEGFC;HDAC1;MYB;SPINT1;PRKCH;MYRF;MDK;PPP1CC	TUB	GO_BP	no_proc_ieg	10347
GOBP_REGULATION_OF_POSTSYNAPTIC_MEMBRANE_NEUROTRANSMITTER_RECEPTOR_LEVELS	1.1880847235918763	0.22622478386167147	0.4357514986249731	22/61	ITGB3;NETO2;EFNB2;GPC4;STX3;AP2S1;VPS35;ADAM10;HRAS;RAB8A;ARHGAP44;NSG1;AP2B1;EPS8;PPP3R1;SCRIB;AP2M1;SYT17;AP2A2;PRKCI;RALA;DLG3	TUB	GO_BP	no_proc_ieg	10347
GOBP_NEGATIVE_REGULATION_OF_CYSTEINE_TYPE_ENDOPEPTIDASE_ACTIVITY	1.1879901854214032	0.21052631578947367	0.43555010821247	11/48	THBS1;TRIAP1;CD44;IFI16;CARD8;PAK2;IFI6;LAMP3;CAAP1;CST7;RNF34	TUB	GO_BP	no_proc_ieg	10347
GOBP_POSITIVE_REGULATION_OF_NERVOUS_SYSTEM_DEVELOPMENT	1.1879133588198845	0.12529550827423167	0.43532521508869526	44/218	GPRASP3;PLXNA1;DBN1;FN1;CX3CR1;TSPO;TPBG;FLRT3;TNFRSF1B;SERPINE2;SERPINF1;IL33;SMARCD3;TIAM1;VEGFC;VCAN;SRRT;CYFIP1;HDAC1;THBS2;MYB;PLXNB2;ADNP;SHTN1;FGF2;SPINT1;SRPX2;CDKL5;OXTR;PLXNC1;PRKCH;CX3CL1;ASPM;ANKRD27;MYRF;NPTN;NRP1;MDK;AGRN;PPP1CC;RELN;FZD3;STAU2;EIF4G2	TUB	GO_BP	no_proc_ieg	10347
GOBP_REGULATION_OF_VASCULAR_ENDOTHELIAL_GROWTH_FACTOR_RECEPTOR_SIGNALING_PATHWAY	1.1879081319698512	0.24600638977635783	0.4349302233756893	5/22	ITGB3;HHEX;VEGFC;MMRN2;NRP1	TUB	GO_BP	no_proc_ieg	10347
GOBP_TIGHT_JUNCTION_ORGANIZATION	1.1875088118857031	0.2019914651493599	0.4354239428020163	9/56	CLDN1;ECT2;EXT1;ACTG1;LSR;PAK2;CDH5;PRKCH;APC	TUB	GO_BP	no_proc_ieg	10347
GOBP_CELL_SUBSTRATE_JUNCTION_ORGANIZATION	1.1874376499871677	0.19246298788694483	0.43517774456121466	20/84	MAP4K4;FN1;THBS1;ITGB3;RAB8B;RHOA;PTEN;CDH11;GPM6B;LAMC1;ACTG1;S100A10;ABL1;RHOD;ITGB1BP1;NRP1;RAC1;DUSP22;TRIP6;PTK2	TUB	GO_BP	no_proc_ieg	10347
GOBP_REGULATION_OF_INTRACELLULAR_PROTEIN_TRANSPORT	1.1864880931301658	0.1668806161745828	0.4369848478834128	30/110	RAB23;ECT2;RBM22;DERL2;IFI27;HCLS1;CDK1;FRAT2;CAMK1;PRR5L;FERMT1;PSEN1;FRAT1;AKAP5;CD36;CEP131;LCP1;SP100;ERGIC3;ARHGAP44;RAPGEF3;UBE2J1;BCAP31;PKIA;HYAL2;MDFIC;PRKD1;ICE1;GCC2;CD81	TUB	GO_BP	no_proc_ieg	10347
GOBP_REGULATION_OF_NEURON_PROJECTION_DEVELOPMENT	1.186392520849663	0.11371237458193979	0.436776392475015	63/329	SNX3;GPRASP3;P3H1;PLXNA1;CARM1;DBN1;FN1;EZH2;YWHAH;B2M;VIM;DDR1;NFE2L2;ITM2C;EFNB2;SERPINF1;MYLIP;RHOA;TIAM1;FZD1;CAMK1;PTEN;NCK1;CYFIP1;EPHA7;YTHDF1;DENND5A;CD38;PSEN1;PLXNB2;PAK2;ADNP;SHTN1;COBL;CRKL;GRN;CDKL5;PLXNC1;CX3CL1;ABL1;XK;ANKRD27;TOX;CCDC88A;VLDLR;TMEM106B;NPTN;PMP22;NRCAM;PAQR3;STK24;NRP1;ARHGAP44;SDC2;MDK;ITGA3;SPP1;RELN;SERPINI1;STAU2;EIF4G2;CRK;ROR1	TUB	GO_BP	no_proc_ieg	10347
GOBP_POSITIVE_REGULATION_OF_CELL_SUBSTRATE_ADHESION	1.186372453772015	0.17397078353253653	0.4364170613114569	21/96	RRAS;MAP4K4;FN1;ITGB3;GFUS;ARPC2;P4HB;FERMT1;AGR2;CD36;CRKL;CX3CL1;S100A10;ABL1;ITGB1BP1;NRP1;MDK;ITGA3;CSPG5;STK4;RAC1	TUB	GO_BP	no_proc_ieg	10347
GOBP_NEGATIVE_REGULATION_OF_LEUKOCYTE_PROLIFERATION	1.1861366609059416	0.18533333333333332	0.4365275716520834	18/76	TYROBP;HLA-DRB1;MNDA;CD300A;IL33;CD86;MAD1L1;VSIG4;VTCN1;PTPN6;INPP5D;BTN2A2;TNFRSF14;CASP3;GPNMB;GSTP1;LST1;HLA-E	TUB	GO_BP	no_proc_ieg	10347
GOBP_MITOCHONDRIAL_FISSION	1.1858969982975192	0.2472952086553323	0.436668601346588	6/27	AURKA;UCP2;PPARG;VPS35;MUL1;COX10	TUB	GO_BP	no_proc_ieg	10347
GOBP_PROTEOGLYCAN_METABOLIC_PROCESS	1.1858498730599376	0.19436619718309858	0.4363629816705338	19/58	DSE;HEXB;SLC2A10;GLB1;CANT1;EXT1;SGSH;B4GALT7;UGDH;HS2ST1;EXT2;GUSB;HPSE;BMP2;CHST15;CHPF2;BMPR2;CSGALNACT1;SLC35D2	TUB	GO_BP	no_proc_ieg	10347
GOBP_RNA_SPLICING_VIA_TRANSESTERIFICATION_REACTIONS	1.185547949639526	0.13372093023255813	0.43668965485917016	92/198	DBR1;RBPMS;RBM22;SNRPB;DDX39A;RALY;MFAP1;SNRPF;NOVA1;NCBP2;SMNDC1;GPATCH1;LSM7;PTBP1;HNRNPM;COIL;CELF2;SNRPA;GEMIN2;DDX41;EXOSC10;RBFOX2;GEMIN4;BUD31;METTL3;PUF60;SNRPD2;SF3B2;RBM10;EIF4A3;CRNKL1;TSSC4;MTREX;ZBTB7A;PRPF19;SF3A1;DDX23;SNU13;RBM7;HNRNPR;TRA2A;RBMX2;SF1;KHDRBS3;HNRNPUL1;AQR;GEMIN7;SNRNP25;LSM6;CDC40;UPF3B;FMR1;MAGOH;LSM5;PRPF18;SNIP1;IK;RBM4B;SNRNP200;XAB2;SNRPD1;STRAP;DAZAP1;LSM1;UPF3A;SNW1;WBP4;PPWD1;LSM3;HTATSF1;CDK13;PRMT5;C1QBP;SF3B5;SNRPD3;RBM8A;BCAS2;DHX15;PSIP1;HNRNPH3;SYF2;SRSF10;NUP98;LUC7L3;U2AF2;WDR77;LUC7L;SETX;RBM19;SF3B4;CDC5L;LSM2	TUB	GO_BP	no_proc_ieg	10347
GOBP_NEGATIVE_REGULATION_OF_REPRODUCTIVE_PROCESS	1.185528225862124	0.21030042918454936	0.4363268024679951	12/49	ZWINT;PRDX4;TIMP1;SERPINF1;CHFR;ARHGDIB;TTK;HPGDS;MYH9;CDKN1B;PLAT;FBXO5	TUB	GO_BP	no_proc_ieg	10347
GOBP_CELLULAR_RESPONSE_TO_ACID_CHEMICAL	1.1855142979887716	0.20272108843537415	0.4359541215429543	7/66	RRAGC;COL3A1;COL4A1;COL1A1;CYBB;COL1A2;DNMT1	TUB	GO_BP	no_proc_ieg	10347
GOBP_POSITIVE_REGULATION_OF_CD4_POSITIVE_ALPHA_BETA_T_CELL_ACTIVATION	1.1853949147750633	0.22439759036144577	0.43583027656135465	13/38	HLA-DRB1;HLA-DRA;CD86;ANXA1;HLX;NCKAP1L;CCL19;IL18;SOCS1;CD81;SOCS5;TGFBR2;MALT1	TUB	GO_BP	no_proc_ieg	10347
GOBP_NUCLEOSIDE_MONOPHOSPHATE_METABOLIC_PROCESS	1.184889556663691	0.22033898305084745	0.436564792243733	7/54	DCK;AK1;TYMP;DTYMK;CMPK1;AK5;IMPDH1	TUB	GO_BP	no_proc_ieg	10347
GOBP_POSITIVE_REGULATION_OF_WNT_SIGNALING_PATHWAY	1.1838644311858095	0.19009370816599733	0.43849720296551686	20/102	COL1A1;ZEB2;NFKB1;DACT1;HHEX;CDH3;CSNK1D;FRAT1;ADNP;FGF2;GID8;VPS35;ASPM;MLLT3;ABL1;CSNK1G1;CSNK1G3;SMURF2;ATP6V0C;TRPM4	TUB	GO_BP	no_proc_ieg	10347
GOBP_REGULATION_OF_TELOMERE_MAINTENANCE	1.1835183161536034	0.2016348773841962	0.43889768279728353	32/68	AURKB;NAT10;CCT6A;RUVBL2;DCP2;GNL3;NBN;PARP1;EXOSC10;DKC1;POT1;ACTL6A;CCT4;ACTR5;RUVBL1;CCT7;YLPM1;XRCC5;TINF2;ACTR8;MAPK1;CCT3;SMG1;ATM;RAD50;MAP3K4;NFRKB;NEK2;TFPT;MCRS1;ACD;ATR	TUB	GO_BP	no_proc_ieg	10347
GOBP_POSITIVE_REGULATION_OF_REGULATORY_T_CELL_DIFFERENTIATION	1.1834077850811215	0.2526964560862866	0.4387411296795164	4/20	HLA-DRB1;HLA-DRA;BTN2A2;AMBRA1	TUB	GO_BP	no_proc_ieg	10347
GOBP_NEGATIVE_REGULATION_OF_MAP_KINASE_ACTIVITY	1.182861561203449	0.23873873873873874	0.4395946831767345	14/34	CD300A;ZNF675;PPARG;SPRY1;STK38;UCHL1;PAQR3;GSTP1;RGS14;DUSP10;HYAL2;PDCD4;BMP2;PTPN22	TUB	GO_BP	no_proc_ieg	10347
GOBP_MAINTENANCE_OF_PROTEIN_LOCATION	1.182362219080195	0.20080321285140562	0.4403059024475097	12/65	KDELR2;TMSB10;DBN1;TSPO;CAV1;CD4;KDELR3;NFKBIE;CCDC88A;TMSB15A;CCDC22;SP100	TUB	GO_BP	no_proc_ieg	10347
GOBP_ESTABLISHMENT_OF_CELL_POLARITY	1.18221978596961	0.1724137931034483	0.4402274999138492	37/114	WWC1;DYNLT1;MAD2L1;FRMD4A;GPSM2;RHOA;NDC80;AMOT;FERMT1;SHTN1;CDH5;CENPA;CRKL;SPRY1;CCL19;DOCK2;ABL1;IFT20;FSCN1;KCNJ8;FRMD4B;MYH9;CRK;PTK2;FAM89B;CRTAM;SIPA1;ZW10;SPDL1;GATA3;CCR7;SCRIB;FGF13;RACK1;DCTN1;KIF25;MAPRE1	TUB	GO_BP	no_proc_ieg	10347
GOBP_REGULATION_OF_HETEROCHROMATIN_FORMATION	1.1817431468201587	0.24916943521594684	0.44097761558036436	7/17	ATF7IP;MORC2;MACROH2A1;MPHOSPH8;BAZ1A;TASOR;TRIM28	TUB	GO_BP	no_proc_ieg	10347
GOBP_HEMOSTASIS	1.18173101751792	0.14558472553699284	0.44061709318020126	47/179	COL3A1;SERPING1;C1GALT1C1;THBS1;ITGB3;ENTPD1;NFE2L2;SERPINE2;TSPAN8;CLIC1;PIK3CG;FCER1G;ACTG1;HBB;CD36;PTPN6;ADRA2A;CAV1;F13A1;VAV1;PLSCR1;PROCR;VAV3;FZD6;ANXA5;CPB2;CD59;CD40;LCK;PLA2G4A;SELP;MYH9;ANXA2;HPSE;GNA12;F2RL1;TFPI;PLAT;STXBP1;FAP;TMX1;CYP4F11;TFPI2;VCL;FIBP;ITGA2;DGKI	TUB	GO_BP	no_proc_ieg	10347
GOBP_REGULATION_OF_CELLULAR_RESPONSE_TO_TRANSFORMING_GROWTH_FACTOR_BETA_STIMULUS	1.1816199088283073	0.18503401360544217	0.44048061084847756	27/99	CITED2;RNF111;ZEB2;THBS1;SLC2A10;CDH3;INTS9;CAV2;HDAC1;FERMT1;PPARG;SPRY1;DKK3;PMEPA1;SMURF2;CILP;ITGA3;RBBP7;TGFB1I1;SDCBP;LDLRAD4;ZBTB7A;FAM89B;BMP2;BAMBI;ENG;LEMD3	TUB	GO_BP	no_proc_ieg	10347
GOBP_REGULATION_OF_NEUROGENESIS	1.1814551541322087	0.1165158371040724	0.4404490469192336	60/279	GPRASP3;DYNLT1;PLXNA1;NF2;DBN1;FN1;CX3CR1;TSPO;EZH2;YWHAH;B2M;TNFRSF1B;SERPINE2;SERPINF1;IL33;SMARCD3;TIAM1;PTEN;CTNNA1;VEGFC;VCAN;SRRT;CYFIP1;EPHA7;RB1;HDAC1;MYB;PSEN1;PLXNB2;ADNP;SHTN1;FGF2;SPINT1;CDKL5;PLXNC1;PRKCH;CX3CL1;ASPM;S100A10;ASCL2;ANKRD27;MYRF;NPTN;NR1D1;NRP1;MDK;SPP1;PPP1CC;BRINP1;RELN;FZD3;STAU2;EIF4G2;ANXA2;ELL3;HEY2;RGS14;CCL11;DUSP10;MAP2K1	TUB	GO_BP	no_proc_ieg	10347
GOBP_PROTEIN_MODIFICATION_BY_SMALL_PROTEIN_CONJUGATION	1.1812482542835177	0.0934873949579832	0.4405307583736499	175/490	UBD;DTX4;HDAC4;CDC20;RNF111;FBXO28;UBE2D2;UBE2L6;MAD2L1;WSB2;TSPO;DDRGK1;LAPTM5;PTTG1IP;RCHY1;NMI;ISG15;IFI27;NFE2L2;RAG1;NAE1;TRIM44;CHFR;MYLIP;UBE2E1;TRIM21;IFIH1;EIPR1;FANCI;DTL;RNF44;PTEN;BRCA1;SASH1;UBE3C;UBA2;TRIM22;SAE1;VPS28;OBI1;GTPBP4;UBE2D1;RBX1;UBE2Z;CAV1;SUMO3;RNF139;COPS3;AMBRA1;TICAM1;UCHL3;MUL1;ABL1;VCPIP1;TRIM25;GNL3;DERL1;SMURF2;NBN;TRIM24;MED6;RNF34;UBE2K;TRPM4;MED21;RAB40C;UBA52;SPOP;GABARAP;KEAP1;CDC27;KLHL2;FANCL;UBE2J1;MED17;KLHL24;RNF11;KLHL18;TRAF3;NOD2;TRIM27;SOX4;CAMLG;TRIM68;TRIM45;MARCHF2;BTBD1;RNF125;MED1;KLHL9;PRPF19;RNF138;FBXO5;CDC23;TRIM14;ATG5;BLMH;CBL;SIAH1;KLHL21;RPS3;PTPN22;SOCS1;TSPYL5;BIRC2;RNF103;WDR48;RWDD3;KCTD13;UBE2C;RNF2;SOCS5;UFC1;CUL1;HMG20A;MED7;UBA6;TRIM28;HIF1A;ARNT;UBE2A;CBFB;KLHL12;MALT1;FBXO11;RACK1;KBTBD2;RPL23;TRIP12;MAGEF1;SQSTM1;RBBP6;CAND1;CUL4B;KLHL7;UBE2L3;CDC16;TRIM37;PSMD10;ANAPC13;NEDD8;CAND2;NEDD4;LNPEP;APPBP2;TRAF5;NQO1;MSL2;AIMP2;DNAJB2;PAXIP1;CBLL1;UBA3;BAG2;TRIM2;AREL1;MKRN2;HERC5;DCAF6;PARK7;ZNF451;UBR7;RC3H2;BCL10;N4BP1;PPP1R11;DCAF10;FBXO2;PIAS4;RAB40B;RNF170;FBXL2;SKP2;NT5C2;BAG5	TUB	GO_BP	no_proc_ieg	10347
GOBP_REGULATION_OF_CYTOSKELETON_ORGANIZATION	1.181124869332052	0.1121898597626753	0.4404491245615565	89/369	PYCARD;ECT2;TMSB10;NF2;ITGB3;NUP62;GPR65;VPS4B;HCLS1;ARPC2;CD47;RHOC;NPM1;CAPG;PSRC1;GPSM2;RHOA;EVL;CAPN6;NCK1;BRCA1;CYFIP1;HAUS6;WASHC4;SPAST;FCHSD2;GNAI1;FLII;GPM6B;MAP9;SWAP70;ACTG1;TACC3;GAS2L1;NCKAP1L;PAK2;CDH5;APC;MAP1S;S1PR1;PFN1;PLK4;CX3CL1;HCK;TOGARAM1;GRB2;S100A10;ABL1;RHOD;CCDC88A;TMSB15A;ITGB1BP1;ARHGEF5;HRAS;FSCN1;NRP1;ARHGAP44;KIF18A;RAPGEF3;ABITRAM;MEGF9;GMFB;EML3;RAC1;RAE1;BORA;STAU2;MET;PHLDB1;TPX2;STMN3;TMOD3;TRIM27;CRK;ARHGAP17;DSTN;F2RL1;CDKN1B;MID1;CCL11;TRIM36;GMFG;PTK2;CAPN2;CAPZB;ARPC5;CAPZA2;CHMP7;WASHC5	TUB	GO_BP	no_proc_ieg	10347
GOBP_POSITIVE_REGULATION_OF_RHO_PROTEIN_SIGNAL_TRANSDUCTION	1.1804001985350903	0.22508038585209003	0.44178332048793884	8/29	COL3A1;ADGRG1;GPR65;RAC1;P2RY10;F2RL1;CSNK1A1;ARHGEF3	TUB	GO_BP	no_proc_ieg	10347
GOBP_VIRAL_RNA_GENOME_REPLICATION	1.1803572357163357	0.2395498392282958	0.44148349858906527	11/24	APOBEC3G;MORC2;TOP2A;APOBEC3F;PCBP1;MPHOSPH8;ATG5;APOBEC3A;TASOR;TRIM28;FMR1	TUB	GO_BP	no_proc_ieg	10347
GOBP_MODULATION_BY_HOST_OF_SYMBIONT_PROCESS	1.180269180414609	0.20719424460431654	0.44128238820586685	13/58	CCL5;CX3CR1;PPIB;IFI27;CAV2;HDAC1;STOM;RRP1B;RAB9A;CCNK;LTF;NOD2;SP1	TUB	GO_BP	no_proc_ieg	10347
GOBP_REGULATION_OF_RESPONSE_TO_TUMOR_CELL	1.1795766182722318	0.2631578947368421	0.44245649114336005	2/15	HLA-DRB1;AHR	TUB	GO_BP	no_proc_ieg	10347
GOBP_MICROTUBULE_DEPOLYMERIZATION	1.1784993789881029	0.23237179487179488	0.44459722163185145	12/33	SPAST;APC;MAP1S;KIF2A;KIF18A;TPX2;STMN3;MID1;KIF14;MID1IP1;FGF13;CKAP2	TUB	GO_BP	no_proc_ieg	10347
GOBP_REGULATION_OF_LEUKOCYTE_TETHERING_OR_ROLLING	1.1783580606940762	0.265	0.4445372680453419	5/17	ITGA4;FUT4;GCNT1;CCR2;SELP	TUB	GO_BP	no_proc_ieg	10347
GOBP_NEGATIVE_REGULATION_OF_INTRINSIC_APOPTOTIC_SIGNALING_PATHWAY	1.1782081924508507	0.1858288770053476	0.4444945831111834	10/79	CLU;PPIF;TRIAP1;MUC1;PTTG1IP;NFE2L2;CD44;FZD1;BID;HDAC1	TUB	GO_BP	no_proc_ieg	10347
GOBP_AUTOPHAGOSOME_ORGANIZATION	1.177724825686042	0.19382022471910113	0.44526208485580576	29/75	RAB23;UBQLN2;RAB33B;PSEN1;SH3GLB1;RAB33A;AMBRA1;CTSD;IFT20;EMC6;GABARAP;ZFYVE26;BECN1;PIP4K2A;MAP1LC3C;RALB;RB1CC1;ATG5;ULK2;FEZ2;RAB3GAP1;ATG12;SNX7;RAB7A;SCFD1;ATM;RAB1B;CLN3;MOAP1	TUB	GO_BP	no_proc_ieg	10347
GOBP_NUCLEOSOME_ORGANIZATION	1.1776668848871177	0.21109607577807848	0.44498500360858284	21/85	SMARCE1;NPM1;SMARCD3;SET;MACROH2A1;MACROH2A2;UBN1;MCM2;POLE3;ATAD2;H2BC21;ASF1A;H1-10;H1-2;SMARCA5;NAP1L4;BAZ1A;NAP1L3;NAP1L2;H3C4;TSPYL5	TUB	GO_BP	no_proc_ieg	10347
GOBP_POSITIVE_REGULATION_OF_ALPHA_BETA_T_CELL_ACTIVATION	1.1776538518916617	0.21602288984263232	0.4446185698039269	20/59	HLA-DRB1;HLA-DRA;CD86;HLA-A;RHOA;ANXA1;HLX;NCKAP1L;CCR2;CCL19;IL18;HLA-E;EBI3;RUNX3;SOCS1;CD81;SOCS5;TGFBR2;CBFB;MALT1	TUB	GO_BP	no_proc_ieg	10347
GOBP_REGULATION_OF_NERVOUS_SYSTEM_DEVELOPMENT	1.1776238254976692	0.12087912087912088	0.44428955674076387	71/333	GPRASP3;DYNLT1;PLXNA1;NF2;DBN1;FN1;CX3CR1;TSPO;EZH2;YWHAH;TPBG;B2M;TYMP;FLRT3;TNFRSF1B;SERPINE2;SERPINF1;IL33;SMARCD3;TIAM1;PTEN;CTNNA1;VEGFC;VCAN;SRRT;CYFIP1;EPHA7;RB1;HDAC1;THBS2;MYB;PSEN1;PLXNB2;ADNP;SHTN1;FGF2;SPINT1;SRPX2;CDKL5;OXTR;PLXNC1;PRKCH;MTMR2;CX3CL1;ASPM;S100A10;ASCL2;CST7;ANKRD27;MYRF;NPTN;NR1D1;NRP1;JAM2;MDK;SPP1;AGRN;PPP1CC;BRINP1;RELN;FZD3;STAU2;EIF4G2;ANXA2;FLRT2;ELL3;HEY2;RGS14;CCL11;DUSP10;MAP2K1	TUB	GO_BP	no_proc_ieg	10347
GOBP_RNA_SPLICING	1.1755166138382163	0.1265397536394177	0.4487992304207299	114/286	DBR1;RRAGC;RBPMS;RBM22;RBM12;USP22;SNRPB;DDX39A;FUS;RALY;MFAP1;SUGP1;SNRPF;ESRP1;NOVA1;TAF10;NCBP2;DDX47;RRP1B;SMNDC1;GPATCH1;LSM7;PTBP1;HNRNPM;PUS1;COIL;CELF2;SNRPA;GEMIN2;TTF2;DDX41;EXOSC10;PUS7;RBFOX2;GEMIN4;RBM12B;BUD31;TAF9;RTRAF;METTL3;PUF60;THOC6;SNRPD2;SF3B2;RBM10;EIF4A3;THOC5;RBM48;CRNKL1;TSSC4;MTREX;THOC7;ZBTB7A;PRPF19;SUPT7L;SF3A1;DDX23;SNU13;CLP1;CDK12;RBM7;RBM28;HNRNPR;TRA2A;PTBP3;RBMX2;SF1;KHDRBS3;HNRNPUL1;AQR;GEMIN7;AHNAK2;METTL4;SNRNP25;LSM6;CDC40;UPF3B;FMR1;TRRAP;MAGOH;PPP1R8;LSM5;PRPF18;SNIP1;IK;RBM4B;ZPR1;TAF6L;SNRNP200;XAB2;SNRPD1;STRAP;DAZAP1;LSM1;THOC1;UPF3A;ECD;FAM50A;SNW1;WBP4;PPWD1;LSM3;HTATSF1;CDK13;PRMT5;CRIPT;C1QBP;SF3B5;SNRPD3;RBM8A;BCAS2;DHX15;ZNF638;PSIP1	TUB	GO_BP	no_proc_ieg	10347
GOBP_REGULATION_OF_SUPEROXIDE_METABOLIC_PROCESS	1.1748907209764796	0.24960998439937598	0.4498837352887967	8/23	TYROBP;ITGB2;ITGAM;NFE2L2;CD36;PON3;GSTP1;F2RL1	TUB	GO_BP	no_proc_ieg	10347
GOBP_NEGATIVE_REGULATION_OF_T_CELL_APOPTOTIC_PROCESS	1.1746159447436813	0.2541528239202658	0.45014604490852905	3/19	FADD;CCL5;RAG1	TUB	GO_BP	no_proc_ieg	10347
GOBP_MITOCHONDRIAL_DEPOLARIZATION	1.1745305321884665	0.2702265372168285	0.4499461600146451	7/23	PPIF;TSPO;MLLT11;IFI6;ABL1;PARP1;ATP5IF1	TUB	GO_BP	no_proc_ieg	10347
GOBP_POSITIVE_REGULATION_OF_PROTEIN_TARGETING_TO_MEMBRANE	1.1737394770554794	0.25990491283676703	0.45144123287753724	5/21	ITGB2;ITGAM;STOM;ITGB1BP1;HRAS	TUB	GO_BP	no_proc_ieg	10347
GOBP_REGULATION_OF_ORGAN_GROWTH	1.1733768048340902	0.21910112359550563	0.45187237370956024	16/68	CITED2;WWC1;BASP1;VGLL4;FXN;CDK1;PTEN;HLX;MYH6;FGF2;MAPK11;IL7;STK4;MEF2C;TOMM70;HEY2	TUB	GO_BP	no_proc_ieg	10347
GOBP_MEIOTIC_SPINDLE_ORGANIZATION	1.172880189834548	0.2544861337683524	0.4526969652171108	7/16	AURKA;PTEN;NDC80;ASPM;MYH9;FBXO5;WASHC5	TUB	GO_BP	no_proc_ieg	10347
GOBP_POSITIVE_REGULATION_OF_LIPID_TRANSPORT	1.1724436728255683	0.20680272108843537	0.4533341877099809	16/69	LPCAT3;PLTP;ABCA1;TRIAP1;ACSL5;ABCA3;MYB;PPARG;CAV1;FABP3;SPP1;LDLRAP1;PLA2G4A;NMB;ANXA2;P2RX4	TUB	GO_BP	no_proc_ieg	10347
GOBP_GLYCOSIDE_METABOLIC_PROCESS	1.1722442533110502	0.24920127795527156	0.4534249478773841	4/15	AKR1B1;AKR1C2;GUSB;AKR1B10	TUB	GO_BP	no_proc_ieg	10347
GOBP_POSITIVE_REGULATION_OF_REACTIVE_OXYGEN_SPECIES_METABOLIC_PROCESS	1.1719528603931568	0.2404692082111437	0.4536875574162928	7/56	TYROBP;ITGB2;CYBA;ITGAM;TSPO;THBS1;NFE2L2	TUB	GO_BP	no_proc_ieg	10347
GOBP_RECEPTOR_METABOLIC_PROCESS	1.1705830588741073	0.23194444444444445	0.4566968878075532	15/53	LAPTM5;MYLIP;PSEN1;SH3GLB1;TRAT1;MTMR2;CTSD;EHD3;ANXA2;CAPN1;CAMLG;BECN1;NSG1;NSF;FUT8	TUB	GO_BP	no_proc_ieg	10347
GOBP_PROCESS_UTILIZING_AUTOPHAGIC_MECHANISM	1.1702289357490239	0.10141766630316248	0.4571422096975234	113/385	RRAGC;PYCARD;CLU;RAB23;RGS19;IL10RA;UBQLN2;TSPO;DDRGK1;PLK2;LEPR;SYT11;DRAM1;RUBCNL;CTSA;VPS4B;TM9SF1;TRIM21;EIF4G3;IRF8;VAMP8;SPTLC2;SRPX;RAB33B;IFI16;ATP6V0E1;PSEN1;TRIM22;GNAI3;VPS28;SH3GLB1;VPS35;FYCO1;VPS26A;MAP1S;ATP6V0A2;LAMP3;RAB33A;AMBRA1;TICAM1;CTSD;UCHL1;HSPB8;STK38L;MUL1;ABL1;IFT20;TIGAR;CASP3;ATP6V0C;QSOX1;EMC6;RUBCN;CAPNS1;TECPR2;RAB8A;GABARAP;KEAP1;STAM;ATP5IF1;MET;EIF4G2;WDR41;NOD2;ZFYVE26;TRIM27;NRBF2;RETREG2;CAPN1;BECN1;TRIM68;LGALS8;NIPSNAP2;PIP4K2A;VPS41;SEC16A;MAP1LC3C;CHMP7;RALB;RB1CC1;ATG5;EXOC1;MTDH;PRKD1;HMOX1;S100A9;LAMP2;PTPN22;ULK2;SLC25A5;EI24;FEZ2;FBXL4;UFC1;LYPLA1;HIF1A;UBE2A;RAB3GAP1;ATG12;USP33;S100A8;ARHGAP26;SNX7;KIF25;ADRB2;SQSTM1;RAB7A;SCFD1;SUPT5H;ATM;RAB1B;ATP6V0B;DEPP1	TUB	GO_BP	no_proc_ieg	10347
GOBP_RIBONUCLEOSIDE_MONOPHOSPHATE_BIOSYNTHETIC_PROCESS	1.169553978312863	0.23394495412844038	0.45839633618331105	12/27	DCK;CMPK1;IMPDH1;GART;ADSL;RFK;IMPDH2;PPAT;HPRT1;ATIC;PAICS;UCKL1	TUB	GO_BP	no_proc_ieg	10347
GOBP_POSITIVE_REGULATION_OF_FILOPODIUM_ASSEMBLY	1.1690989316657459	0.2564102564102564	0.4590884420162424	10/22	GPM6A;FSCN1;NRP1;AGRN;CCR7;NLGN1;FMR1;DPYSL3;RALA;CCL21	TUB	GO_BP	no_proc_ieg	10347
GOBP_TRNA_METABOLIC_PROCESS	1.1689973570140906	0.1870967741935484	0.4589239199781776	37/106	GTF3C4;RPP40;POLR2L;POP5;NAT10;KARS1;POP7;WARS1;RARS1;TARS1;PUS1;THUMPD1;EXOSC10;PUS7;HARS2;RTRAF;QARS1;YARS2;LARS2;POLR2E;ELAC2;LCMT2;QTRT2;TRMT1L;CLP1;TRDMT1;GARS1;WDR4;LSM6;TRMT9B;MARS1;EXOSC8;DTWD1;HARS1;VARS1;THUMPD2;RPP38	TUB	GO_BP	no_proc_ieg	10347
GOBP_INTRACILIARY_TRANSPORT	1.168556310146993	0.2571428571428571	0.4596059055067469	6/28	CILK1;DYNLL1;IFT52;CEP131;IFT56;IFT20	TUB	GO_BP	no_proc_ieg	10347
GOBP_MRNA_PROCESSING	1.1684958590506775	0.1559432933478735	0.4593561647958753	121/304	DBR1;RBPMS;RBM22;SNRPB;DDX39A;CPSF1;RALY;SRRT;MFAP1;SUGP1;SNRPF;ESRP1;CSTF1;ADAR;PAF1;NOVA1;NCBP2;DDX47;RRP1B;SMNDC1;GPATCH1;LSM7;PTBP1;HNRNPM;PUS1;COIL;CELF2;SNRPA;GEMIN2;TTF2;CPSF6;DDX41;ZNF473;EXOSC10;PUS7;RBFOX2;GEMIN4;BUD31;METTL3;PUF60;THOC6;SNRPD2;SF3B2;RBM10;EIF4A3;THOC5;RBM48;PUS7L;CRNKL1;TSSC4;MTREX;THOC7;ZBTB7A;PRPF19;SF3A1;DDX23;SNU13;FASTKD5;CLP1;CDK12;RBM7;CSTF2T;RBM28;HNRNPR;TRA2A;PTBP3;RBMX2;SF1;PAPOLG;KHDRBS3;HNRNPUL1;RNGTT;AQR;GEMIN7;MTPAP;SNRNP25;RNASEL;LSM6;CDC40;UPF3B;FMR1;PAPOLA;FIP1L1;MAGOH;PPP1R8;RPUSD2;LSM5;PRPF18;SNIP1;IK;RBM4B;ZPR1;SNRNP200;XAB2;CMTR1;SNRPD1;STRAP;DAZAP1;CBLL1;LSM1;THOC1;UPF3A;ECD;FAM50A;SNW1;KIN;WBP4;PPWD1;LSM3;HTATSF1;CDK13;PRMT5;CRIPT;C1QBP;SF3B5;SNRPD3;PTCD2;CSTF3;RBM8A;BCAS2;DHX15	TUB	GO_BP	no_proc_ieg	10347
GOBP_NEGATIVE_REGULATION_OF_VIRAL_LIFE_CYCLE	1.1676227974959457	0.241112828438949	0.4610705899276982	2/21	SNX3;IFITM1	TUB	GO_BP	no_proc_ieg	10347
GOBP_REGULATION_OF_MAST_CELL_DEGRANULATION	1.1662220952235527	0.2737341772151899	0.4638739453647043	3/19	CD300A;VAMP8;RAC2	TUB	GO_BP	no_proc_ieg	10347
GOBP_VESICLE_COATING	1.1660576315703077	0.2531055900621118	0.4638352689997031	8/26	TMED10;CSNK1D;TRAPPC2;TFG;AP3M2;SEC16A;TMED9;KLHL12	TUB	GO_BP	no_proc_ieg	10347
GOBP_PROTEASOMAL_PROTEIN_CATABOLIC_PROCESS	1.1653369803691147	0.12197802197802197	0.46511829372412233	99/354	PSMB8;MAEA;SEC61B;CLU;PSMB9;DTX4;CDC20;UBQLN2;AURKA;DDRGK1;DERL2;TRIP4;RCHY1;IFI27;NFE2L2;PBK;CHFR;IL33;TRIM21;DTL;PSMB10;CLGN;CSNK1D;USP14;PSEN1;GID8;UBE2D1;RBX1;CAV1;APC;LAMP3;RNF139;AMBRA1;UCHL1;PSME1;TRIM25;SDF2L1;DERL1;SMURF2;RNF34;BBS7;UBE2K;NR1D1;SPOP;GABARAP;KEAP1;CDC27;PSMD8;PSME3;UBE2J1;TAF9;CEBPA;MAN1B1;GNA12;BCAP31;CAMLG;CSNK1A1;MAN1C1;TRIM45;PSMA6;PRPF19;TMX1;UBXN8;NUDT15;CDC23;FAM8A1;PSMA1;ASCC3;PSMB1;SIAH1;PSMD14;ADRM1;BIRC2;CSNK1E;RNF103;KIF14;FBXL4;KCTD13;UBE2C;SOCS5;CUL1;FAF2;UGGT1;UBE2A;PSMB4;DAB2;FMR1;RACK1;SH3BGRL;PSMC4;TRIP12;TBL1XR1;CUL4B;DNAJC10;CDC16;XPO1;KCTD5;PSMD10;ANAPC13	TUB	GO_BP	no_proc_ieg	10347
GOBP_REGULATION_OF_AMYLOID_FIBRIL_FORMATION	1.1649197218983418	0.28	0.465685586860422	6/15	CLU;PSEN1;IAPP;VBP1;PFDN4;CRYAB	TUB	GO_BP	no_proc_ieg	10347
GOBP_POSITIVE_REGULATION_OF_PROTEIN_POLYMERIZATION	1.1645063025036968	0.2173314993122421	0.4662627716473252	12/63	PYCARD;ARPC2;PSRC1;EVL;NCK1;FCHSD2;NCKAP1L;AMBRA1;PFN1;HCK;TOGARAM1;GRB2	TUB	GO_BP	no_proc_ieg	10347
GOBP_VESICLE_BUDDING_FROM_MEMBRANE	1.164277911773794	0.24778761061946902	0.46642968821834513	19/60	GOLPH3L;SNX3;TMED10;CSNK1D;S100A10;TRAPPC2;TFG;SEC24D;AP3M2;ANXA2;SEC16A;CHMP7;SEC23A;SCAP;TMED9;KLHL12;AP2M1;RAB7A;SEC24B	TUB	GO_BP	no_proc_ieg	10347
GOBP_POSITIVE_REGULATION_OF_NEUROGENESIS	1.1642536063480502	0.1683046683046683	0.46608205784999335	38/187	GPRASP3;PLXNA1;DBN1;FN1;CX3CR1;TSPO;TNFRSF1B;SERPINE2;SERPINF1;IL33;SMARCD3;TIAM1;VEGFC;VCAN;SRRT;CYFIP1;HDAC1;MYB;PLXNB2;ADNP;SHTN1;FGF2;SPINT1;CDKL5;PLXNC1;PRKCH;CX3CL1;ASPM;ANKRD27;MYRF;NPTN;NRP1;MDK;PPP1CC;RELN;FZD3;STAU2;EIF4G2	TUB	GO_BP	no_proc_ieg	10347
GOBP_VESICLE_TARGETING	1.1641323589899355	0.23695976154992549	0.4659355457482877	15/44	TMED10;CSNK1D;PSEN1;TRAPPC2;TFG;SEC16A;EXOC2;EXOC1;TRIP11;IRAG2;TMED9;C17orf75;KLHL12;SCRIB;NLGN1	TUB	GO_BP	no_proc_ieg	10347
GOBP_NEGATIVE_REGULATION_OF_INTERLEUKIN_2_PRODUCTION	1.1635986001230207	0.2631578947368421	0.46680097038502655	6/23	LAPTM5;HOMER3;VSIG4;NOD2;TRIM27;GBP1	TUB	GO_BP	no_proc_ieg	10347
GOBP_ASTROCYTE_ACTIVATION	1.163449455579815	0.25411061285500747	0.46674665807287163	6/20	ZEB2;C1QA;PSEN1;GRN;C5AR1;NR1D1	TUB	GO_BP	no_proc_ieg	10347
GOBP_CELL_JUNCTION_ASSEMBLY	1.1634468767700268	0.13736263736263737	0.4663449718617621	63/325	CLDN1;GPRASP3;FLOT1;ECT2;MAP4K4;HOPX;FN1;THBS1;ITGB3;TPBG;FLRT3;CDH3;RHOC;RHOA;FZD1;GPC4;PTEN;CTNNA1;GPM6A;PCDH17;EPHA7;CDH11;GPM6B;LAMC1;THBS2;ACTG1;LSR;PLXNB2;PAK2;ADNP;CDH5;CRKL;SRPX2;OXTR;VPS35;CAV1;PRKCH;APC;CDH6;S100A10;ABL1;RHOD;NPTN;ITGB1BP1;NRCAM;UGT8;FSCN1;NRP1;CLDN3;PECAM1;AGRN;RELN;RAC1;KCNJ8;DUSP22;STAU2;NLGN4X;MEF2C;CRK;SDCBP;FARP1;FLRT2;TRIP6	TUB	GO_BP	no_proc_ieg	10347
GOBP_CELLULAR_RESPONSE_TO_INTERLEUKIN_1	1.1623411362880025	0.2194787379972565	0.46856396125852484	16/64	PYCARD;CCL5;NFKB1;MYD88;CD47;ZNF675;TANK;IL1R1;MMP2;MAPK11;NR1D1;CD40;MAPK13;GBP2;GBP1;HYAL2	TUB	GO_BP	no_proc_ieg	10347
GOBP_SIGNAL_TRANSDUCTION_IN_ABSENCE_OF_LIGAND	1.161806063220741	0.23631123919308358	0.4694739752199386	11/50	FADD;BAX;SRPX;CTNNA1;IFI6;CASP2;CX3CL1;IL7;BCL2A1;PPP1CA;ITGAV	TUB	GO_BP	no_proc_ieg	10347
GOBP_POSITIVE_REGULATION_OF_MITOCHONDRIAL_FISSION	1.1607828146359296	0.2840531561461794	0.4715725040441291	3/15	AURKA;VPS35;MUL1	TUB	GO_BP	no_proc_ieg	10347
GOBP_ESTABLISHMENT_OR_MAINTENANCE_OF_CELL_POLARITY	1.1601531871865127	0.19382716049382717	0.47258376309258676	50/163	WWC1;DYNLT1;PDLIM1;MAD2L1;FRMD4A;GPSM2;RHOA;CAP2;CTNNA1;NDC80;AMOT;FERMT1;NCKAP1L;SPINT2;SHTN1;CDH5;CENPA;CRKL;SPRY1;CAP1;CCL19;DOCK2;ABL1;IFT20;RPGRIP1L;FSCN1;ARF4;CDC42BPB;RAC1;KCNJ8;FRMD4B;MYH9;CRK;PTK2;PARVB;RHOBTB1;FAM89B;CRTAM;SIPA1;ZW10;SPDL1;GATA3;CCR7;SCRIB;FGF13;RACK1;CD3G;DCTN1;KIF25;MAPRE1	TUB	GO_BP	no_proc_ieg	10347
GOBP_POSITIVE_REGULATION_OF_MAP_KINASE_ACTIVITY	1.159832896074116	0.22052704576976423	0.47292457886173755	15/68	THBS1;EZH2;TPD52L1;SASH1;PIK3CG;RASGRP1;FGF2;ADRA2A;CCL19;ERP29;ARHGEF5;HRAS;CD40;DIRAS2;TAOK3	TUB	GO_BP	no_proc_ieg	10347
GOBP_POSITIVE_REGULATION_OF_BLOOD_VESSEL_ENDOTHELIAL_CELL_MIGRATION	1.1595968818451903	0.23929098966026588	0.4730758104562875	15/46	THBS1;PLK2;NFE2L2;VEGFC;ANXA1;FGF2;SRPX2;ABL1;NRP1;CD40;JCAD;SP1;P2RX4;PRKD1;HMOX1	TUB	GO_BP	no_proc_ieg	10347
GOBP_POSITIVE_REGULATION_OF_ANTIGEN_RECEPTOR_MEDIATED_SIGNALING_PATHWAY	1.1595287246666441	0.2765957446808511	0.47280854469358546	11/19	LIPA;PRKCH;TRAT1;LCK;RPS3;CD81;CCR7;RAB29;BCL10;PTPRC;RELA	TUB	GO_BP	no_proc_ieg	10347
GOBP_AMINOGLYCAN_CATABOLIC_PROCESS	1.1580377026824293	0.2785388127853881	0.47595090855771033	9/26	HMMR;HEXB;CD44;GLB1;SGSH;FGF2;GUSB;GNS;HYAL2	TUB	GO_BP	no_proc_ieg	10347
GOBP_REGULATION_OF_CELL_CYCLE_G1_S_PHASE_TRANSITION	1.1577258643852892	0.1895674300254453	0.47625950860348076	24/130	DACT1;TRIAP1;DDRGK1;PLK2;EZH2;MUC1;CRLF3;SMARCE1;SMARCD3;PTEN;BID;METTL13;ANXA1;RB1;RPA2;PTPN6;BTN2A2;APC;CASP2;PAF1;AMBRA1;PSME1;GPNMB;CDK7	TUB	GO_BP	no_proc_ieg	10347
GOBP_NEGATIVE_REGULATION_OF_DNA_DAMAGE_RESPONSE_SIGNAL_TRANSDUCTION_BY_P53_CLASS_MEDIATOR	1.1574326670230528	0.27107438016528923	0.4765617911262509	10/15	PTTG1IP;CD44;TWIST1;CD74;DYRK3;PSMD10;SIRT1;SNAI2;MARCHF7;MDM2	TUB	GO_BP	no_proc_ieg	10347
GOBP_CELLULAR_RESPONSE_TO_GLUCOSE_STARVATION	1.1568475824772824	0.2709284627092846	0.4775271039538809	5/30	NFE2L2;RRP8;PLIN3;IFI16;SH3GLB1	TUB	GO_BP	no_proc_ieg	10347
GOBP_POSTSYNAPTIC_NEUROTRANSMITTER_RECEPTOR_INTERNALIZATION	1.1567414260108346	0.2523961661341853	0.477373410077516	10/21	ITGB3;EFNB2;AP2S1;AP2B1;PPP3R1;SCRIB;AP2M1;SYT17;AP2A2;RALA	TUB	GO_BP	no_proc_ieg	10347
GOBP_PROSTANOID_BIOSYNTHETIC_PROCESS	1.1560232223178	0.2617960426179604	0.47866261047844993	6/20	PTGS1;HPGDS;PLA2G4A;CD74;PIBF1;PTGES3	TUB	GO_BP	no_proc_ieg	10347
GOBP_NEGATIVE_REGULATION_OF_CATABOLIC_PROCESS	1.1555951744058286	0.16859122401847576	0.4792984499937773	43/231	SNX3;RRAGC;HDAC4;TIMP1;IL10RA;MAD2L1;TSPO;DDRGK1;LEPR;MYD88;LAPTM4B;CTSA;SERPINE2;PBK;FUS;EIF4G3;DFFB;APOC1;PIK3CG;USP14;PSEN1;VPS35;ADRA2A;LAMP3;MTMR2;ZDHHC7;STK38L;TIGAR;QSOX1;RUBCN;ANGEL2;HNRNPAB;TIMP2;EIF4ENIF1;TAF9;MET;EIF4G2;TRIM27;ANXA2;DKC1;RBM10;CAMLG;BECN1	TUB	GO_BP	no_proc_ieg	10347
GOBP_REGULATION_OF_MICROTUBULE_CYTOSKELETON_ORGANIZATION	1.1553198087353374	0.20102432778489115	0.47955814715229417	38/115	NUP62;VPS4B;PSRC1;GPSM2;RHOA;HAUS6;SPAST;GNAI1;MAP9;TACC3;GAS2L1;CDH5;APC;MAP1S;TOGARAM1;ABL1;KIF18A;EML3;RAC1;RAE1;BORA;MET;PHLDB1;TPX2;STMN3;CDKN1B;MID1;TRIM36;CHMP7;SKA1;RPS3;HAUS3;BICD2;MID1IP1;FGF13;CKAP2;DCTN1;MAPRE1	TUB	GO_BP	no_proc_ieg	10347
GOBP_CARDIAC_MUSCLE_CELL_PROLIFERATION	1.1552820116276459	0.25076452599388377	0.47923477138525306	10/37	CITED2;SMAD1;VGLL4;CDK1;FGF2;ABL1;MAPK11;MEF2C;HEY2;FGF20	TUB	GO_BP	no_proc_ieg	10347
GOBP_NEGATIVE_REGULATION_OF_PROTEIN_LOCALIZATION_TO_NUCLEUS	1.15460859528457	0.2573189522342065	0.4804415642485431	8/25	RAB23;CTNNA1;FERMT1;CD36;MARK3;PKIA;MDFIC;MAGED1	TUB	GO_BP	no_proc_ieg	10347
GOBP_ENDOTHELIAL_CELL_DEVELOPMENT	1.15429022142419	0.25783475783475784	0.48077671772908576	19/50	CLDN1;MYD88;TNMD;CDH5;COL18A1;CLDN3;RAPGEF3;PECAM1;MET;PLOD3;HPSE;F2RL1;VEZF1;VCL;PPP1R12A;SOX18;EDNRA;RAB1B;RAPGEF6	TUB	GO_BP	no_proc_ieg	10347
GOBP_REGULATION_OF_MUSCLE_CELL_DIFFERENTIATION	1.1538803801549227	0.2130718954248366	0.4813276777609218	25/102	SMAD1;HDAC4;HOPX;EZH2;MAML1;EFNB2;SMARCD3;DNMT1;CAMK1;HDAC1;LAMC1;MSX1;PTBP1;MAPK11;CCN3;MEF2C;TOMM70;HEY2;NOTCH2;PRKD1;PDCD4;BMP2;SOD2;G6PD;ENG	TUB	GO_BP	no_proc_ieg	10347
GOBP_MITOTIC_G2_M_TRANSITION_CHECKPOINT	1.153077301792231	0.2650957290132548	0.48279325333763806	10/41	NAE1;CHFR;CDK1;DTL;BRCA1;CHEK1;NBN;BABAM1;TAOK3;BRCC3	TUB	GO_BP	no_proc_ieg	10347
GOBP_MUCOPOLYSACCHARIDE_METABOLIC_PROCESS	1.15260451830884	0.22585034013605443	0.48358863847950107	18/68	DSE;HMMR;HEXB;NFKB1;CD44;GLB1;EXT1;FGF2;TNFAIP6;UGDH;HS2ST1;B4GALT4;EXT2;GUSB;GNS;HPSE;HYAL2;ST3GAL2	TUB	GO_BP	no_proc_ieg	10347
GOBP_T_CELL_ACTIVATION_INVOLVED_IN_IMMUNE_RESPONSE	1.1524669784435129	0.232	0.4835079080364755	22/86	HLA-DRB1;HLA-DRA;CD86;ANXA1;FCER1G;HLX;MYB;PSEN1;NCKAP1L;CCL19;ASCL2;LCP1;STAT4;IL18R1;APBB1IP;IL18;MDK;FGL2;IFNA16;CD74;HLA-DMB;F2RL1	TUB	GO_BP	no_proc_ieg	10347
GOBP_COLLAGEN_METABOLIC_PROCESS	1.1524145596623838	0.22876712328767124	0.48321575908192016	23/81	TRAM2;COL1A1;P3H1;CTSS;COL1A2;VIM;P3H4;MMP7;MMP1;MYB;MMP2;PLOD3;RETREG2;ADAMTS3;SERPINH1;FAP;CST3;COL5A1;ITGA2;MFAP4;ENG;SUCO;HIF1A	TUB	GO_BP	no_proc_ieg	10347
GOBP_NERVE_DEVELOPMENT	1.1522063980853587	0.2310866574965612	0.48332319466721957	9/69	CITED2;PLXNA1;VCAM1;HOXB2;ITGA4;NRTN;SERPINE2;EXT1;HOXA1	TUB	GO_BP	no_proc_ieg	10347
GOBP_IRE1_MEDIATED_UNFOLDED_PROTEIN_RESPONSE	1.1519196172867379	0.2808641975308642	0.4836245171209913	3/17	DDRGK1;BAX;AGR2	TUB	GO_BP	no_proc_ieg	10347
GOBP_REGULATION_OF_GTPASE_ACTIVITY	1.1518995127067175	0.19617224880382775	0.4832637664348692	43/181	ECT2;MAP4K4;CCL5;PLXNA1;RGS10;TBC1D2;EZH2;GPR65;ARHGAP15;CAV2;TIAM1;RASGRP1;PLXNB2;TBC1D2B;CDKL5;ARHGAP29;PLXNC1;CCL19;CX3CL1;S100A10;RRP1B;CXCL13;VAV1;ITGB1BP1;ARHGEF5;HRAS;ARHGAP44;RASGRP2;USP6NL;RAPGEF3;VAV3;AGRN;CCL20;CD40;ARHGAP25;MET;CCL18;WDR41;STMN3;CRK;F2RL1;CCL11;PTK2	TUB	GO_BP	no_proc_ieg	10347
GOBP_REGULATION_OF_NEURON_MIGRATION	1.1510386691155916	0.26348228043143296	0.484858931956837	9/32	COL3A1;ADGRG1;PLXNB2;SHTN1;CX3CL1;MDK;RELN;VRK1;FLRT2	TUB	GO_BP	no_proc_ieg	10347
GOBP_CYTOPLASMIC_TRANSLATION	1.1506171403598018	0.24822695035460993	0.48542738473481944	35/68	EIF3J;RPL28;NCK1;RPS19;PKM;NCBP2;EIF2B4;RPL36;UBA52;METTL3;EIF3G;RPL8;EIF3D;RPS3;EIF2B1;RWDD1;FMR1;RACK1;SH3BGRL;RPL23;RPS11;RPL35A;RPS16;RPS21;EIF4G1;IMPACT;EIF3I;SLBP;EIF3H;RPL30;EIF3L;RPL13A;DHX29;RPL15;MCTS1	TUB	GO_BP	no_proc_ieg	10347
GOBP_STRIATED_MUSCLE_CELL_PROLIFERATION	1.1501574264406227	0.25252525252525254	0.48611513827370245	10/55	CITED2;SMAD1;VGLL4;CDK1;CAV2;NDC80;MYB;FGF2;ABL1;MAPK11	TUB	GO_BP	no_proc_ieg	10347
GOBP_POSTSYNAPTIC_MEMBRANE_ORGANIZATION	1.1499302741909623	0.2835820895522388	0.4862098091779571	10/27	GLRB;CRKL;FNTA;RELN;NLGN4X;CRK;FARP1;CHRNB1;NLGN1;CDH2	TUB	GO_BP	no_proc_ieg	10347
GOBP_REGULATION_OF_GLYCOGEN_METABOLIC_PROCESS	1.1498811578272143	0.249597423510467	0.4859100482616244	3/24	DYRK2;RUBCNL;PPP1R3C	TUB	GO_BP	no_proc_ieg	10347
GOBP_REGULATION_OF_ORGANELLE_ASSEMBLY	1.1498140515076158	0.19901719901719903	0.48566672661870813	49/167	NF2;UBQLN2;TBC1D2;PLK2;NUP62;MNS1;VPS4B;NPM1;CAPG;GPSM2;RHOA;BRCA1;SH3GLB1;TBC1D2B;CDKL5;PLK4;HCK;LCP1;WRAP73;IFT20;CCDC88A;WDR44;ARHGEF5;FSCN1;ARF4;USP6NL;EML3;STAM;ASAP1;SDCBP;BECN1;CEP76;PIP4K2A;CHMP7;RALB;ATG5;CNOT2;CNOT6;FEZ2;YAP1;RAB3GAP1;SNX7;TBC1D30;SCFD1;ATM;BBS4;RAB1B;TRIM37;STX18	TUB	GO_BP	no_proc_ieg	10347
GOBP_NEGATIVE_REGULATION_OF_CARDIAC_MUSCLE_TISSUE_GROWTH	1.1497480696410582	0.29462738301559793	0.48540276199727833	5/15	CITED2;VGLL4;MAPK11;TOMM70;G6PD	TUB	GO_BP	no_proc_ieg	10347
GOBP_NUCLEOSIDE_DIPHOSPHATE_METABOLIC_PROCESS	1.1495469916038232	0.22371967654986524	0.4855147093708982	19/96	HDAC4;AK1;UCP2;ENTPD1;LIPA;DTYMK;CMPK1;HKDC1;AK5;PSEN1;ENTPD6;PKM;UCHL1;ALDOA;TIGAR;ENO2;RRM1;PFKP;NUDT9	TUB	GO_BP	no_proc_ieg	10347
GOBP_NEGATIVE_REGULATION_OF_INTERLEUKIN_1_BETA_PRODUCTION	1.149372957211917	0.2785829307568438	0.4855197444741198	5/19	CX3CR1;CARD8;CX3CL1;GSTP1;SERPINB1	TUB	GO_BP	no_proc_ieg	10347
GOBP_RESPONSE_TO_PROGESTERONE	1.1491554372231556	0.28440366972477066	0.4856378652502422	6/33	TSPO;THBS1;CD38;PTGER2;OXTR;CAV1	TUB	GO_BP	no_proc_ieg	10347
GOBP_NEGATIVE_REGULATION_OF_CELL_SUBSTRATE_ADHESION	1.1479891913872742	0.2404692082111437	0.488055302684903	8/51	MAP4K4;COL1A1;NF2;THBS1;RHOA;PTEN;POSTN;CX3CL1	TUB	GO_BP	no_proc_ieg	10347
GOBP_HYALURONAN_METABOLIC_PROCESS	1.1477902593917937	0.2766295707472178	0.48810010906112344	6/28	HMMR;HEXB;NFKB1;CD44;FGF2;TNFAIP6	TUB	GO_BP	no_proc_ieg	10347
GOBP_POSITIVE_REGULATION_OF_PROTEIN_LOCALIZATION	1.1474650341657961	0.1444082519001086	0.4884864842040991	67/351	GOLPH3L;TMED10;TYROBP;ECT2;NF2;ITGB2;ITGAM;HLA-DRB1;RBM22;DDRGK1;SYT11;NUP62;HCLS1;CDK1;FRMD4A;PPID;GPSM2;CAMK1;STX3;VEGFC;PRR5L;SRI;GNAI1;CCT6A;CD38;PSEN1;DYNLL1;SAE1;VPS28;AKAP5;SH3GLB1;AGR2;PPARG;CRKL;VPS35;PRKCH;APC;FNTA;CEP131;STOM;TNFAIP6;RAC2;GNL3;NADK;PLS1;CCDC88A;CENPQ;TRPM4;ITGB1BP1;ARHGEF5;HRAS;PARP1;RAB38;EPB41L2;ERGIC3;RAPGEF3;ITGA3;PECAM1;LEPROT;VRK1;CRK;SOX4;DKC1;TOMM70;FARP1;BCAP31;F2RL1	TUB	GO_BP	no_proc_ieg	10347
GOBP_PROTEIN_CONTAINING_COMPLEX_DISASSEMBLY	1.1467246336908927	0.20372670807453416	0.48995021414810913	48/166	SMARCE1;RUBCNL;VPS4B;CAPG;TRIM21;VAMP8;SMARCD3;SET;SPAST;FLII;SWAP70;ABCE1;FYCO1;APC;MAP1S;SCAF8;ATAD2;MICAL2;RUBCN;KIF2A;KIF18A;GABARAP;TPX2;STMN3;TMOD3;GSPT2;DSTN;F2RL1;BECN1;MID1;CAPZB;OGFOD1;NSF;CAPZA2;MAP1LC3C;CHMP7;ATG5;EPS8;MTRF1;LAMP2;KIF14;MID1IP1;FAF2;ATG12;FGF13;CKAP2;RPL23;ADRB2	TUB	GO_BP	no_proc_ieg	10347
GOBP_PROTEIN_K48_LINKED_UBIQUITINATION	1.1466436365909494	0.23022598870056496	0.4897463544022268	15/69	DTX4;UBE2D2;NMI;IFI27;TRIM44;UBE2E1;TRIM21;UBE3C;UBE2D1;RBX1;TRIM25;RNF34;UBE2K;GABARAP;CDC27	TUB	GO_BP	no_proc_ieg	10347
GOBP_REGULATION_OF_CHEMOTAXIS	1.146601998658259	0.2009626955475331	0.4894327283149737	37/159	CCL5;CX3CR1;THBS1;TPBG;PERP;EFNB2;TIAM1;STX3;VEGFC;CCR1;YTHDF1;SWAP70;USP14;NCKAP1L;FGF2;CCR2;C3AR1;S1PR1;CCL19;STK39;TNFAIP6;RAC2;CXCL13;ADAM10;PLA2G7;C5AR1;NRP1;MDK;RAC1;CCN3;MET;NOD2;CXCL10;CD74;MOSPD2;F2RL1;P2RX4	TUB	GO_BP	no_proc_ieg	10347
GOBP_REGULATION_OF_MACROPHAGE_CHEMOTAXIS	1.1462956454694477	0.2939297124600639	0.4897628725013191	12/25	CCL5;THBS1;C3AR1;C5AR1;MDK;PTK2;MAPK1;DDT;MTUS1;PTPRJ;CSF1R;SLAMF8	TUB	GO_BP	no_proc_ieg	10347
GOBP_REGULATION_OF_CD4_POSITIVE_ALPHA_BETA_T_CELL_DIFFERENTIATION	1.1462117295756775	0.2708333333333333	0.48956289529989483	15/43	HLA-DRB1;HLA-DRA;CD86;ANXA1;HLX;NCKAP1L;CCL19;ASCL2;IL18;RUNX3;SOCS1;SOCS5;GATA3;CBFB;MALT1	TUB	GO_BP	no_proc_ieg	10347
GOBP_POSITIVE_REGULATION_OF_AXONOGENESIS	1.144431572148675	0.2409288824383164	0.4934751535393879	9/59	PLXNA1;FN1;TIAM1;CYFIP1;PLXNB2;ADNP;SHTN1;CDKL5;PLXNC1	TUB	GO_BP	no_proc_ieg	10347
GOBP_REGULATION_OF_EMBRYONIC_DEVELOPMENT	1.1438725674382477	0.24893917963224893	0.4944362751149303	20/55	SOX17;B4GALT5;NFE2L2;CDK1;AMOT;RUVBL2;YEATS2;ZZZ3;UTP25;MSX1;LAMA4;PHLDB1;ACTL6A;DR1;ACTR5;RUVBL1;ACTR8;NR2C2;RACK1;TRIP12	TUB	GO_BP	no_proc_ieg	10347
GOBP_NUCLEOTIDE_EXCISION_REPAIR	1.142938433512176	0.2613138686131387	0.49635299829859136	7/56	RNF111;SMARCE1;RPA1;BRIP1;SMARCD3;RPA2;GTF2H1	TUB	GO_BP	no_proc_ieg	10347
GOBP_MYELOID_CELL_DEVELOPMENT	1.1427842942302762	0.2535211267605634	0.49633128539853844	27/63	MAEA;CITED2;TYROBP;EVI2B;NEMP1;ABI1;MYB;NCKAP1L;PTPN6;RAC2;LTF;TMOD3;ANXA2;PIP4K2A;MED1;ZBTB7A;NOTCH2;THPO;PTBP3;G6PD;BRD1;PABPC4;ATP6AP1;ALAS1;MEIS1;FBN1;EP300	TUB	GO_BP	no_proc_ieg	10347
GOBP_MICROVILLUS_ASSEMBLY	1.142546290476172	0.2910569105691057	0.4965157524114746	2/17	FXYD5;MAP4K4	TUB	GO_BP	no_proc_ieg	10347
GOBP_IN_UTERO_EMBRYONIC_DEVELOPMENT	1.1415571489704197	0.17974971558589306	0.49854087298918137	87/275	COL3A1;CITED2;CASP8;SCO2;HOPX;DBN1;CERT1;SOX17;RIC8A;VASH1;NR2F2;VASH2;DAD1;GABPA;PCDH12;CHEK1;AMOT;TTLL1;MYH6;SPINT2;SPINT1;NMT1;ARNT2;TM4SF1;COPS3;PLK4;SLC39A1;TAF10;GRB2;ASCL2;MSX1;NBN;RPGRIP1L;ADAM10;CCNB1;MED21;SEC24D;KEAP1;PPP1CC;RNASEH2B;KRT19;STK4;TWIST1;CEBPA;MYH9;PLOD3;STMN3;BPTF;GNA12;POLG2;ADAMTS3;HEY2;ACTL6A;MAP2K1;MED1;CAPN2;VPS54;NOTCH2;FUT8;CNOT3;TBX3;PELO;NCAPG2;CNOT2;TENT5C;BMP2;LPAR6;YAP1;TRIM28;HIF1A;ARNT;SOX18;TGFBR2;MAPK1;GATA3;KIFBP;SP3;CCNB2;ASF1B;PSMC4;PALB2;TBL1XR1;EDNRA;JAG2;RBBP6;PSPH;E2F8	TUB	GO_BP	no_proc_ieg	10347
GOBP_CD8_POSITIVE_ALPHA_BETA_T_CELL_ACTIVATION	1.1407866532322888	0.27838258164852253	0.5000273665958826	8/19	HLA-A;NCKAP1L;TOX;HLA-E;RUNX3;CRTAM;SOCS1;CBFB	TUB	GO_BP	no_proc_ieg	10347
GOBP_ENDOTHELIUM_DEVELOPMENT	1.1400966643981094	0.24635761589403973	0.5012308283922923	24/104	CLDN1;EDF1;SOX17;MYD88;LIPA;FSTL1;NR2F2;RHOA;FZD1;TNMD;CDH5;S1PR1;NRP1;COL18A1;CLDN3;RAPGEF3;PECAM1;MET;PLOD3;CXCL10;HPSE;F2RL1;HEY2;VEZF1	TUB	GO_BP	no_proc_ieg	10347
GOBP_FIBROBLAST_APOPTOTIC_PROCESS	1.1399178320972936	0.30377668308702793	0.501247333486628	4/19	BID;PIK3CG;CASP7;CASP3	TUB	GO_BP	no_proc_ieg	10347
GOBP_CELL_CELL_JUNCTION_ASSEMBLY	1.1394761835459963	0.22921914357682618	0.5018740885202554	20/111	CLDN1;ECT2;HOPX;CDH3;RHOC;RHOA;CTNNA1;CDH11;ACTG1;LSR;PAK2;CDH5;CAV1;PRKCH;APC;CDH6;UGT8;FSCN1;CLDN3;PECAM1	TUB	GO_BP	no_proc_ieg	10347
GOBP_NEGATIVE_REGULATION_OF_TELOMERE_MAINTENANCE	1.1389916397237831	0.3008	0.5026699280840623	10/21	NAT10;DCP2;NBN;PARP1;EXOSC10;POT1;TINF2;ATM;RAD50;ACD	TUB	GO_BP	no_proc_ieg	10347
GOBP_RESPONSE_TO_MAGNESIUM_ION	1.1389875039829047	0.3102310231023102	0.5022626022246949	4/15	THBS1;TNFRSF11B;ENTPD6;CD14	TUB	GO_BP	no_proc_ieg	10347
GOBP_REGULATION_OF_PROTEIN_AUTOPHOSPHORYLATION	1.1389339295112784	0.2531446540880503	0.5019805628508871	7/29	RASSF2;MVP;VEGFC;EPHA7;CAV1;NBN;GPNMB	TUB	GO_BP	no_proc_ieg	10347
GOBP_TYPE_II_INTERFERON_MEDIATED_SIGNALING_PATHWAY	1.1383375278145431	0.3338815789473684	0.5030003360019758	6/16	PPARG;HCK;SP100;IFNGR2;MED1;IFNGR1	TUB	GO_BP	no_proc_ieg	10347
GOBP_PEPTIDYL_PROLINE_MODIFICATION	1.1379132761043151	0.28095238095238095	0.5036261949305315	5/22	PPIC;PPIF;PPIB;PPID;P4HB	TUB	GO_BP	no_proc_ieg	10347
GOBP_CANONICAL_WNT_SIGNALING_PATHWAY	1.1376693819968335	0.20813397129186603	0.5038187452770191	43/215	COL1A1;ZEB2;NFKB1;DACT1;SOX17;TPBG;HHEX;VPS4B;CDH3;FRAT2;TLE1;FZD1;PTEN;HDAC1;EXT1;FERMT1;CSNK1D;PSEN1;FRAT1;RUVBL2;ADNP;FGF2;GID8;RBX1;CBY1;VPS35;CAV1;APC;ASPM;MLLT3;CSNK1G1;CSNK1G3;DKK3;IFT20;SMURF2;FZD8;TRPM4;MDK;FZD6;ANKRD6;STK4;IGFBP6;FZD3	TUB	GO_BP	no_proc_ieg	10347
GOBP_REGULATION_OF_AMYLOID_PRECURSOR_PROTEIN_CATABOLIC_PROCESS	1.137412870060674	0.27811550151975684	0.5040639756019493	10/33	TMED10;CLU;RTN1;RTN2;CASP3;SP1;CSNK1E;IFNGR1;RTN3;PIN1	TUB	GO_BP	no_proc_ieg	10347
GOBP_REGULATION_OF_GLIOGENESIS	1.136667028908198	0.24861878453038674	0.5054596005794431	17/81	NF2;TSPO;EZH2;TNFRSF1B;SERPINE2;IL33;VEGFC;RB1;HDAC1;MYB;SPINT1;PRKCH;ASCL2;MYRF;NR1D1;MDK;PPP1CC	TUB	GO_BP	no_proc_ieg	10347
GOBP_REGULATION_OF_VACUOLE_ORGANIZATION	1.1361306598758114	0.2606774668630339	0.5063411657968183	18/42	UBQLN2;LAPTM4B;SH3GLB1;GRN;IFT20;TMEM106B;ANXA2;BECN1;PIP4K2A;RALB;SCARB2;FEZ2;RAB3GAP1;SNX7;SCFD1;ATM;RAB1B;MOAP1	TUB	GO_BP	no_proc_ieg	10347
GOBP_MRNA_METABOLIC_PROCESS	1.1355765821087644	0.1527777777777778	0.5072930761845559	177/461	DBR1;RBPMS;AGO4;RBM22;MYD88;VIM;TAF4;NPM1;SNRPB;DDX39A;FUS;CPSF1;RALY;POLR2G;SMG8;SRRT;PRR5L;YTHDF1;YTHDF3;PPARG;MFAP1;SUGP1;CNOT8;SNRPF;ESRP1;CSTF1;ADAR;PAF1;NOVA1;TAF10;NCBP2;DDX47;S100A10;APEX1;RRP1B;DCP2;SMNDC1;EDC4;UPF2;GPATCH1;LSM7;PTBP1;HNRNPM;PUS1;COIL;CELF2;SNRPA;GEMIN2;C5AR1;TTF2;CPSF6;TBP;DDX41;ZNF473;EXOSC10;PUS7;SND1;MLH1;ANGEL2;RBFOX2;HNRNPAB;GEMIN4;EIF4ENIF1;BUD31;TAF9;METTL3;PUF60;GSPT2;THOC6;ANXA2;SNRPD2;TAF5;SF3B2;DKC1;RBM10;EIF4A3;THOC5;RBM48;PUS7L;SAMD4A;CRNKL1;TSSC4;MTREX;MED1;THOC7;ZBTB7A;PRPF19;CNOT3;PELO;SF3A1;CNOT2;DDX23;SNU13;TAF7;FASTKD5;ZBTB1;CLP1;CDK12;RBM7;CSTF2T;RBM28;CNOT6;IGF2BP3;TENT5C;NCOA2;HNRNPR;TRA2A;PTBP3;RBMX2;SF1;PAPOLG;KHDRBS3;HNRNPUL1;RNGTT;AQR;GEMIN7;METTL4;MTPAP;SNRNP25;RNASEL;LSM6;PUM1;CDC40;UPF3B;FMR1;TAF4B;SMG1;PAPOLA;FIP1L1;MAGOH;PPP1R8;RPUSD2;LSM5;ATM;PRPF18;SNIP1;EXOSC8;IK;PABPC4;RBM4B;ZPR1;SREBF1;SNRNP200;TRAF5;XAB2;GIGYF2;CMTR1;SNRPD1;BAG4;STRAP;DAZAP1;CBLL1;LSM1;THOC1;UPF3A;ECD;RC3H2;FAM50A;SNW1;KIN;WBP4;PPWD1;LSM3;HTATSF1;PIAS4;CDK13;PRMT5;CRIPT;C1QBP;SF3B5;FASTKD1;AGO3;SNRPD3;PTCD2;CSTF3;RBM8A;BCAS2	TUB	GO_BP	no_proc_ieg	10347
GOBP_SUBSTRATE_ADHESION_DEPENDENT_CELL_SPREADING	1.1349791497174406	0.24794520547945206	0.5083600971489123	24/78	FN1;ITGB3;ITGA4;ARPC2;AKIP1;P4HB;RHOA;LAMC1;POSTN;CRKL;S100A10;ABL1;ITGB1BP1;NRP1;MDK;CSPG5;RAC1;LPXN;ITGAV;CRK;GBP1;OLFM4;PTK2;PARVB	TUB	GO_BP	no_proc_ieg	10347
GOBP_POSITIVE_REGULATION_OF_SMOOTH_MUSCLE_CELL_PROLIFERATION	1.1338886652645175	0.2605042016806723	0.5106353688682786	15/72	CCL5;THBS1;ITGB3;MYD88;DNMT1;HDAC1;MYB;FGF2;S1PR1;CX3CL1;MMP2;P2RY6;IL18;NPY5R;LDLRAP1	TUB	GO_BP	no_proc_ieg	10347
GOBP_POSITIVE_REGULATION_OF_INTERLEUKIN_2_PRODUCTION	1.1324931718281064	0.29892141756548535	0.5136947866357783	6/30	CD86;ANXA1;VTCN1;CCR2;CD4;ABL1	TUB	GO_BP	no_proc_ieg	10347
GOBP_REGULATION_OF_PROTEIN_TRANSPORT	1.131682996448622	0.17633928571428573	0.5152556456669681	49/310	GOLPH3L;SNX3;TMED10;RAB23;CSK;ECT2;CCL5;P3H1;HLA-DRB1;UCP2;RBM22;DERL2;IFI27;HCLS1;CDK1;FRAT2;FRMD4A;PPID;EIPR1;TIAM1;CAMK1;VEGFC;PRR5L;SRI;FERMT1;CD38;PSEN1;DYNLL1;VPS28;FRAT1;AKAP5;CD36;PPARG;VPS35;ADRA2A;CEP131;LCP1;ERP29;NADK;ALOX5;NR1D1;TRPM4;ARHGEF5;SP100;RAB8A;ERGIC3;ARHGAP44;RAPGEF3;RSAD2	TUB	GO_BP	no_proc_ieg	10347
GOBP_SYNAPTONEMAL_COMPLEX_ORGANIZATION	1.1314948140248435	0.3128930817610063	0.5153090821323595	2/15	AGO4;P3H4	TUB	GO_BP	no_proc_ieg	10347
GOBP_BLASTOCYST_DEVELOPMENT	1.1309539877049632	0.24964539007092199	0.5162316170004826	25/71	CITED2;HOPX;SOX17;DAD1;GABPA;CHEK1;TTLL1;TM4SF1;NBN;MED21;PPP1CC;STMN3;ACTL6A;CAPN2;CNOT3;PELO;NCAPG2;CNOT2;LPAR6;YAP1;SP3;ASF1B;PSMC4;PALB2;TBL1XR1	TUB	GO_BP	no_proc_ieg	10347
GOBP_POSITIVE_REGULATION_OF_TRANSCRIPTION_ELONGATION_BY_RNA_POLYMERASE_II	1.1306349747204816	0.2774294670846395	0.516646612621535	12/32	MED24;NCBP2;MED6;MED21;CCNK;MED16;MED17;MED20;ELL3;MED1;CDK12;MED7	TUB	GO_BP	no_proc_ieg	10347
GOBP_FORMATION_OF_PRIMARY_GERM_LAYER	1.1302242927472843	0.2574123989218329	0.5172498403305256	20/94	SMAD1;NF2;FN1;ITGB2;SOX17;ITGB3;ITGA4;HSBP1;MACROH2A1;LAMB3;PAF1;TAF10;GRB2;MMP2;BRD3;COL5A2;ITGA3;EXT2;MYH9;ITGAV	TUB	GO_BP	no_proc_ieg	10347
GOBP_PROTEIN_COMPLEX_OLIGOMERIZATION	1.1299600522704478	0.22386223862238622	0.517472206480197	33/175	PYCARD;CLDN1;ECT2;ALDH1A3;HLA-DRB1;STEAP4;B2M;BASP1;ISG15;COL1A2;FUS;IFIH1;EVL;MS4A1;ALOX5AP;ITPR3;SPAST;ABCA3;TDO2;CBY1;VPS35;SIGMAR1;EHD4;WDCP;ALDOA;ACACA;CPSF6;TRPM4;KCTD12;UGDH;KRT10;EHD3;RRM1	TUB	GO_BP	no_proc_ieg	10347
GOBP_REGULATION_OF_PROTEIN_CONTAINING_COMPLEX_ASSEMBLY	1.129184021994602	0.1886574074074074	0.5190449615315402	75/290	PYCARD;CLU;TMSB10;ABCA1;DACT1;MYD88;ISG15;HCLS1;ARPC2;BAX;RHOC;CAPG;PSRC1;RHOA;EVL;BID;NCK1;CYFIP1;HAUS6;RB1;MMP1;FCHSD2;ABCA3;FLII;FERMT1;CARD8;SH3GLB1;NCKAP1L;CD36;CDH5;VPS35;AMBRA1;PFN1;WARS1;TICAM1;HCK;TOGARAM1;GRB2;ABL1;ANKRD27;CXCL13;LCP1;IAPP;TMSB15A;ARHGEF5;FSCN1;BBS10;ABITRAM;MEGF9;RAC1;SELP;MET;TMOD3;BRCC3;GBP2;CDKN1B;CSNK1A1;CCL11;VPS41;CAPZB;STXBP1;ARPC5;SEC16A;CAPZA2;RALB;CRYAB;CLDN7;EPS8;PRKD1;ICE1;RPS3;PTPN22;HAUS3;BIRC2;KIF14	TUB	GO_BP	no_proc_ieg	10347
GOBP_REGULATION_OF_AUTOPHAGY	1.1285093271800122	0.20645905420991925	0.5202914068483254	76/251	RRAGC;PYCARD;IL10RA;UBQLN2;TSPO;DDRGK1;PLK2;LEPR;DRAM1;CTSA;TRIM21;EIF4G3;SPTLC2;IFI16;ATP6V0E1;TRIM22;GNAI3;SH3GLB1;VPS35;FYCO1;VPS26A;ATP6V0A2;LAMP3;AMBRA1;TICAM1;UCHL1;HSPB8;STK38L;ABL1;TIGAR;CASP3;ATP6V0C;QSOX1;RUBCN;CAPNS1;RAB8A;KEAP1;MET;EIF4G2;WDR41;NOD2;TRIM27;CAPN1;BECN1;TRIM68;PIP4K2A;RALB;RB1CC1;ATG5;EXOC1;MTDH;PRKD1;HMOX1;PTPN22;ULK2;SLC25A5;FEZ2;LYPLA1;HIF1A;UBE2A;RAB3GAP1;ATG12;USP33;SNX7;KIF25;ADRB2;SQSTM1;SCFD1;SUPT5H;ATM;ATP6V0B;DEPP1;SREBF1;NEDD4;CLN3;MOAP1	TUB	GO_BP	no_proc_ieg	10347
GOBP_ACTIN_FILAMENT_BUNDLE_ORGANIZATION	1.1277148662938559	0.24808184143222506	0.5218303603739889	29/121	NF2;PDLIM1;ZEB2;GPR65;CD47;RHOC;RHOA;EVL;SWAP70;ACTG1;PAK2;SHTN1;S1PR1;PFN1;CX3CL1;S100A10;ABL1;RHOD;LCP1;PLS1;CCDC88A;ITGB1BP1;ARHGEF5;FSCN1;NRP1;RAPGEF3;MARCKS;RAC1;MET	TUB	GO_BP	no_proc_ieg	10347
GOBP_POSITIVE_REGULATION_OF_PROTEIN_LOCALIZATION_TO_CELL_PERIPHERY	1.1275512192621258	0.24498567335243554	0.5218007712030962	11/53	GPSM2;STX3;GNAI1;AKAP5;AGR2;VPS35;PRKCH;PLS1;RAB38;EPB41L2;ITGA3	TUB	GO_BP	no_proc_ieg	10347
GOBP_HEART_VALVE_DEVELOPMENT	1.1274373361471355	0.28345323741007195	0.5216433058188219	15/56	TNFRSF1B;ADAMTS5;RHOA;RB1;CDH11;APC;TWIST1;MEF2C;SOX4;HEY2;NOTCH2;BMP2;TGFBR2;GATA3;BMPR2	TUB	GO_BP	no_proc_ieg	10347
GOBP_B_CELL_ACTIVATION_INVOLVED_IN_IMMUNE_RESPONSE	1.1270645957464984	0.2602739726027397	0.5221353302039261	17/61	DDRGK1;IRF8;LGALS1;SWAP70;IL27RA;ABL1;POU2AF1;NBN;MLH1;CD40;FCGR2B;NOTCH2;MSH6;NSD2;CCR6;PLCL2;DOCK10	TUB	GO_BP	no_proc_ieg	10347
GOBP_ALPHA_BETA_T_CELL_ACTIVATION	1.1268364167205858	0.24838292367399742	0.5222737748879792	24/126	HLA-DRB1;CD3D;HLA-DRA;CD300A;CD86;HLA-A;TRAC;RHOA;ANXA1;HLX;MYB;NCKAP1L;IL15;CCR2;TNFRSF14;CCL19;DOCK2;ABL1;ASCL2;NKG7;STAT4;TOX;IL18R1;IL18	TUB	GO_BP	no_proc_ieg	10347
GOBP_SYNAPSE_ORGANIZATION	1.1263750703545337	0.19538968166849616	0.5230469365864503	67/338	COL4A1;GPRASP3;CDC20;IL10RA;DBN1;CX3CR1;ITGAM;ITGB3;TPBG;FLRT3;C1QA;GLRB;RHOA;CAP2;TIAM1;FZD1;GPC4;CAMK1;PTEN;GPM6A;PCDH17;CYFIP1;EPHA7;CACNB3;C3;THBS2;ACTG1;PSEN1;PLXNB2;ADNP;CRKL;TUBA1A;SRPX2;CDKL5;OXTR;VPS35;PLXNC1;FNTA;STK38;MTMR2;PFN1;CX3CL1;TNC;CDH6;STK38L;ABL1;ADAM10;C5AR1;NPTN;PPFIBP1;NRCAM;NRP1;ARF4;ARHGAP44;ITGA3;AGRN;RELN;KCNJ8;STAU2;C1QB;ASAP1;NLGN4X;MEF2C;CRK;SDCBP;CAST;FARP1	TUB	GO_BP	no_proc_ieg	10347
GOBP_NEURAL_TUBE_DEVELOPMENT	1.1260669172929105	0.24903225806451612	0.5233686741871962	24/111	CITED2;APAF1;DACT1;SOX17;PRKACB;FZD1;PSEN1;PLXNB2;SPINT2;COBL;SPINT1;CBY1;IFT52;AMBRA1;PFN1;ABL1;RPGRIP1L;CASP3;FZD6;MARCKS;STK4;TWIST1;FZD3;PLOD3	TUB	GO_BP	no_proc_ieg	10347
GOBP_EPIGENETIC_REGULATION_OF_GENE_EXPRESSION	1.1260170195940986	0.22616136919315402	0.5230575331904516	37/157	ATF7IP;HDAC4;EZH2;H2AC8;RRP8;DNMT1;BRCA1;MORC2;CHEK1;IFI16;RB1;HDAC1;MACROH2A1;MACROH2A2;EED;LMNB1;CTCF;POLE3;APEX1;ATAD2;PPM1D;APOBEC3F;METTL3;TRIM27;SMARCA5;LRIF1;MPHOSPH8;BAZ1A;SUV39H2;APOBEC3A;KMT2D;H3C4;TASOR;USP21;RNF2;TRIM28;METTL4	TUB	GO_BP	no_proc_ieg	10347
GOBP_PEPTIDE_CROSS_LINKING	1.1253962115831464	0.2898089171974522	0.5241712524430403	7/24	COL3A1;FN1;THBS1;CSTA;ANXA1;F13A1;KRT10	TUB	GO_BP	no_proc_ieg	10347
GOBP_REGULATION_OF_INTRINSIC_APOPTOTIC_SIGNALING_PATHWAY	1.1248983228510616	0.2590286425902864	0.5249853342854588	28/134	PYCARD;CLU;PPIF;TRIAP1;MUC1;PTTG1IP;NFE2L2;BAX;CD44;P4HB;FZD1;BID;NCK1;HDAC1;CAV1;HYOU1;MMP2;MSX1;NDUFA13;ERP29;SGMS1;PARP1;LCK;TAF9;CD74;BCAP31;BECN1;ELL3	TUB	GO_BP	no_proc_ieg	10347
GOBP_REGULATION_OF_GLYCOGEN_BIOSYNTHETIC_PROCESS	1.1246365169592023	0.3108108108108108	0.5252595003571419	2/17	DYRK2;PPP1R3C	TUB	GO_BP	no_proc_ieg	10347
GOBP_POSITIVE_REGULATION_OF_PHOSPHORYLATION	1.1242859591103938	0.17075773745997866	0.5257012482903041	91/464	PIK3R3;TLR3;FLOT1;ECT2;CCL5;NIBAN1;CX3CR1;HLA-DRB1;TNFSF15;THBS1;DDRGK1;ITGB3;EZH2;LEPR;DDR1;TPD52L1;HCLS1;RASSF2;CD300A;CD44;PSRC1;CD86;RHOA;FZD1;CAMK1;ABI1;VEGFC;SASH1;PRR5L;EPHA7;PIK3CG;C3;LCP2;CSNK1D;PSEN1;RASGRP1;NCKAP1L;PAK2;BANK1;CD36;ADNP;CENPE;FGF2;CRKL;IL15;ADRA2A;CAV1;EHD4;TNFRSF14;CD4;CCL19;MMD;CX3CL1;MOB3B;ABL1;ERP29;CCDC88A;NBN;TIGAR;FZD8;NPTN;GPNMB;UBE2K;IQGAP1;IL18;MYDGF;ITGB1BP1;PRRC1;ARHGEF5;HRAS;NRP1;CLDN3;PECAM1;RELN;CD40;STK4;RAC1;DIRAS2;LTF;BORA;MET;TAOK3;TPX2;MOB1A;IFNA16;NOD2;ROR1;CD74;SDCBP;CDK2AP1;PIBF1	TUB	GO_BP	no_proc_ieg	10347
GOBP_MEMBRANE_LIPID_BIOSYNTHETIC_PROCESS	1.1237195270233231	0.2608695652173913	0.5267364739704213	26/92	ST6GALNAC4;B4GALT5;SPTLC2;DEGS1;KDSR;ABCC1;PIGT;PRKD3;HACD1;DPM3;SGMS1;UGT8;B4GALT4;CERS4;ST8SIA1;ST3GAL5;SMPD2;ST3GAL2;ZNF750;PRKD1;ST8SIA4;PIGB;ORMDL2;UGCG;ASAH1;SLC30A5	TUB	GO_BP	no_proc_ieg	10347
GOBP_AMINOGLYCAN_METABOLIC_PROCESS	1.122952765218129	0.2759084791386272	0.5282585955367709	18/86	DSE;HMMR;HEXB;NFKB1;B4GALT5;CD44;GLB1;EXT1;SGSH;FGF2;B4GALT7;TNFAIP6;UGDH;HS2ST1;B4GALT4;EXT2;GUSB;GNS	TUB	GO_BP	no_proc_ieg	10347
GOBP_ANTIBACTERIAL_HUMORAL_RESPONSE	1.1225141509160064	0.2844702467343977	0.5289316571556251	12/43	SLPI;SPON2;RNASE6;HLA-A;MMP7;WFDC2;IGHM;H2BC12;H2BC21;LTF;NOD2;HLA-E	TUB	GO_BP	no_proc_ieg	10347
GOBP_POSITIVE_REGULATION_OF_ALPHA_BETA_T_CELL_PROLIFERATION	1.1218643595336006	0.3082077051926298	0.5301330902993494	7/17	HLA-A;CCR2;IL18;HLA-E;EBI3;CD81;TGFBR2	TUB	GO_BP	no_proc_ieg	10347
GOBP_REGULATION_OF_ESTABLISHMENT_OF_PROTEIN_LOCALIZATION	1.1214323576943326	0.19176598049837487	0.530826679713673	68/382	GOLPH3L;SNX3;TMED10;RAB23;CSK;ECT2;CCL5;P3H1;ITGB2;ITGAM;HLA-DRB1;UCP2;RBM22;DERL2;IFI27;HCLS1;CDK1;FRAT2;FRMD4A;PPID;EIPR1;TIAM1;CAMK1;VEGFC;PRR5L;SRI;FERMT1;CCT6A;CD38;PSEN1;DYNLL1;SAE1;VPS28;FRAT1;AKAP5;SH3GLB1;CD36;PPARG;VPS35;ADRA2A;CEP131;STOM;CTSD;RAC2;LCP1;ERP29;NADK;ALOX5;NR1D1;TRPM4;ITGB1BP1;ARHGEF5;HRAS;SP100;RAB8A;ERGIC3;ARHGAP44;RAPGEF3;RSAD2;LEPROT;UBE2J1;CCN3;GNAZ;ATP5IF1;SOX4;DKC1;TOMM70;BCAP31	TUB	GO_BP	no_proc_ieg	10347
GOBP_VASCULAR_ENDOTHELIAL_GROWTH_FACTOR_PRODUCTION	1.121312951633723	0.2986425339366516	0.5306861691051363	10/29	ADGRG1;BRCA1;C3;CCR2;C3AR1;C5AR1;HPSE;ADAMTS3;HIF1A;ARNT	TUB	GO_BP	no_proc_ieg	10347
GOBP_WNT_SIGNALING_PATHWAY	1.1210584551629947	0.20022246941045607	0.5309015976077186	62/315	SNX3;COL1A1;ZEB2;NFKB1;DACT1;SOX17;TPBG;HHEX;VPS4B;VGLL4;CDH3;FRAT2;TLE1;HMGXB4;RHOA;TIAM1;FZD1;GPC4;PTEN;VANGL1;ZBTB33;HDAC1;EXT1;FERMT1;CSNK1D;PSEN1;FRAT1;RUVBL2;ADNP;FGF2;GID8;RBX1;CBY1;VPS35;CAV1;APC;CPE;PAF1;C12orf43;ASPM;MLLT3;ABL1;CSNK1G1;CSNK1G3;DKK3;IFT20;SMURF2;FZD8;ATP6V0C;TRPM4;MDK;FZD6;ITGA3;ANKRD6;STK4;RAC1;IGFBP6;FZD3;TGFB1I1;PPP1CA;ROR1;SOX4	TUB	GO_BP	no_proc_ieg	10347
GOBP_SUPEROXIDE_METABOLIC_PROCESS	1.1206906334769515	0.2851123595505618	0.5313720914351339	7/53	TYROBP;ITGB2;CYBA;ITGAM;NCF4;CYBB;NFE2L2	TUB	GO_BP	no_proc_ieg	10347
GOBP_DENDRITE_DEVELOPMENT	1.1205560035574544	0.24116930572472595	0.5312814461092028	35/172	GPRASP3;CARM1;DBN1;EZH2;YWHAH;TPBG;TIAM1;CAMK1;PTEN;ABI1;CYFIP1;MAPK6;PSEN1;PAK2;COBL;CRKL;CDKL5;MAP1S;ABL1;ANKRD27;VLDLR;TMEM106B;NRP1;ARF4;ARHGAP44;SDC2;ABITRAM;RELN;LST1;STAU2;ASAP1;MEF2C;EIF4G2;CRK;FARP1	TUB	GO_BP	no_proc_ieg	10347
GOBP_CRANIAL_NERVE_MORPHOGENESIS	1.1205257582997532	0.3054263565891473	0.5309251925200843	4/25	CITED2;PLXNA1;HOXB2;HOXA1	TUB	GO_BP	no_proc_ieg	10347
GOBP_EPIGENETIC_PROGRAMMING_OF_GENE_EXPRESSION	1.1190249479069811	0.33728813559322035	0.5342878450067794	6/17	DNMT1;CTCF;SUV39H2;TRIM28;ARID4B;NDN	TUB	GO_BP	no_proc_ieg	10347
GOBP_RESPONSE_TO_RADIATION	1.1189319111314566	0.20893854748603352	0.5340846460934587	85/303	COL3A1;COL6A3;ECT2;TIMP1;VCAM1;POLH;TRIAP1;RAD51AP1;RIC8A;RAG1;PBK;BAX;CRIP1;NPM1;PPID;PCLAF;DTL;BRCA1;DCLRE1C;XRCC4;IFI16;MMP1;AURKB;EXT1;HOXA1;RUVBL2;NMT2;TANK;KARS1;TUBA1A;NMT1;RBX1;PPP1CB;PCNA;COPS3;FANCG;GRB2;MMP2;ITGB6;CASP7;IFT20;MAPK11;TIGAR;CASP3;BABAM1;PPM1D;HRAS;PARP1;RAD54L;RRM1;PPP1CC;INTS7;METTL3;RO60;MAPK13;BRCC3;CXCL10;PPP1CA;OPN3;FEN1;COL6A2;RGS14;CCL11;CDS1;HYAL2;MSH6;ACTR5;CRYAB;USP1;DYNLRB1;ZBTB1;CBL;XRCC5;RAD54B;TSPYL5;SOD2;EEF1D;MFAP4;HRH1;YAP1;HIF1A;UBE2A;GATA3;PTPRK;GNAQ	TUB	GO_BP	no_proc_ieg	10347
GOBP_CHROMATIN_REMODELING	1.1180647555296226	0.20042872454448016	0.535786603822981	100/423	ATF7IP;GTF3C4;HDAC4;CARM1;AURKA;EZH2;MYD88;SMARCE1;SATB2;USP22;CDK1;NPM1;H2AC8;RRP8;SMARCD3;DNMT1;BRCA1;MORC2;SMARCAL1;CHEK1;IFI16;SET;RB1;HDAC1;MACROH2A1;GTF2B;MACROH2A2;EED;UBN1;LMNB1;MCM2;RUVBL2;ITGB3BP;CENPA;CTCF;YEATS2;MIS18A;POLE3;SMYD2;TAF10;APEX1;ATAD2;NBN;ANTKMT;H2BC21;TTF2;BRPF1;BABAM1;PPM1D;ASF1A;RAD54L;DEK;KDM5B;APOBEC3F;RIOX1;TAF9;RBBP7;METTL3;OIP5;H1-10;BPTF;BRCC3;TRIM27;VRK1;H1-2;SMARCA5;ACTL6A;ZBTB7A;LRIF1;NAP1L4;NSD2;MPHOSPH8;USP3;ACTR5;BAZ1A;SUV39H2;NAP1L3;NAP1L2;DDX23;APOBEC3A;ZBTB1;RUVBL1;NSD3;KMT2D;H3C4;RAD54B;CHTOP;TSPYL5;TASOR;BRD1;USP21;RNF2;SETD4;KMT5B;TRIM28;BICRA;ACTR8;METTL4;UBE2A;GATA3	TUB	GO_BP	no_proc_ieg	10347
GOBP_GRANULOCYTE_DIFFERENTIATION	1.1176491050285897	0.3055555555555556	0.5364277567021959	5/30	CITED2;EVI2B;TESC;HCLS1;INPP5D	TUB	GO_BP	no_proc_ieg	10347
GOBP_NEGATIVE_REGULATION_OF_PEPTIDASE_ACTIVITY	1.1174755914458954	0.2757697456492637	0.5364314064020346	24/94	CSTB;SERPING1;TIMP1;THBS1;TRIAP1;SERPINE2;SERPINF1;CD44;CSTA;IFI16;CARD8;PAK2;IFI6;LAMP3;CAAP1;CST7;RNF34;TIMP2;LTF;SERPINI1;CAST;SERPINA3;SERPINH1;SERPINB1	TUB	GO_BP	no_proc_ieg	10347
GOBP_POSITIVE_REGULATION_OF_EPIDERMIS_DEVELOPMENT	1.117044270438568	0.30959752321981426	0.5370817139357584	6/22	PLAAT4;MACROH2A1;MACROH2A2;FGF2;PRKCH;KRT10	TUB	GO_BP	no_proc_ieg	10347
GOBP_NEGATIVE_REGULATION_OF_SMAD_PROTEIN_SIGNAL_TRANSDUCTION	1.1169008686273967	0.3223684210526316	0.5370390074628277	7/16	PPARG;PMEPA1;CILP;CCN3;LDLRAD4;FAM89B;PIN1	TUB	GO_BP	no_proc_ieg	10347
GOBP_RESPONSE_TO_LECTIN	1.1168289244934506	0.3275563258232236	0.5367735287764921	2/15	TYROBP;PAK2	TUB	GO_BP	no_proc_ieg	10347
GOBP_MULTICELLULAR_ORGANISMAL_LEVEL_CHEMICAL_HOMEOSTASIS	1.11681669536374	0.2936046511627907	0.5363757929036262	8/62	LPCAT1;AKR1B1;OAS1;B2M;LIPA;PRKACB;ABCA3;EXT1	TUB	GO_BP	no_proc_ieg	10347
GOBP_REGULATION_OF_EPITHELIAL_CELL_PROLIFERATION	1.1167496305456082	0.2041522491349481	0.5361242223967531	59/261	NME1;CLDN1;AGGF1;CCL5;THBS1;ITGB3;ITGA4;B2M;VASH1;NRAS;EFNB2;SERPINF1;NR2F2;VASH2;CDH3;BAX;CAV2;RAB33B;BID;VEGFC;RB1;CYP7B1;LAMC1;HLX;TNMD;ITGB3BP;PPARG;FGF2;GRN;CAV1;RUNX2;IFT52;ALOX5;TRIM24;C5AR1;NR1D1;CDK4;MYDGF;HRAS;MMRN2;NRP1;MDK;CPB2;SYNJ2BP;KDM5B;STK4;TWIST1;ATP5IF1;JCAD;MEF2C;NOD2;SP1;ST8SIA1;CDKN1B;SPARC;CCL11;DUSP10;RUNX3;MED1	TUB	GO_BP	no_proc_ieg	10347
GOBP_BIOLOGICAL_PROCESS_INVOLVED_IN_INTERACTION_WITH_SYMBIONT	1.1165621305374314	0.25997248968363135	0.5361357104535657	18/80	CCL5;FN1;CX3CR1;PPIB;MYD88;IFI27;CAV2;HDAC1;CXCL6;STOM;RRP1B;RAB9A;CCNK;APOL1;LTF;NOD2;SP1;F2RL1	TUB	GO_BP	no_proc_ieg	10347
GOBP_NEGATIVE_REGULATION_OF_PEPTIDYL_SERINE_PHOSPHORYLATION	1.1165206827713012	0.31655844155844154	0.5357972513812597	6/22	RASSF2;BAX;PTEN;NCK1;CAV1;PAQR3	TUB	GO_BP	no_proc_ieg	10347
GOBP_REGULATION_OF_DNA_BIOSYNTHETIC_PROCESS	1.1162061793516118	0.257516339869281	0.5361495102651139	31/83	RFC5;RFC2;CCNA2;DSCC1;CHEK1;AURKB;NAT10;JADE3;CCT6A;FGF2;PCNA;RFC4;DCP2;EXOSC10;DKC1;POLG2;POT1;PTGES3;FGFR4;CCT4;USP1;CCT7;XRCC5;TINF2;MAPK1;CCT3;ATM;NVL;CYP1B1;WRAP53;MAP3K4	TUB	GO_BP	no_proc_ieg	10347
GOBP_NUCLEOLUS_ORGANIZATION	1.115024729108114	0.3203252032520325	0.5387986992876465	9/16	RRP8;MACROH2A1;RPS19;SMARCA5;ACTR6;RRN3;NOLC1;PHF2;SIRT1	TUB	GO_BP	no_proc_ieg	10347
GOBP_MAMMARY_GLAND_DUCT_MORPHOGENESIS	1.114405978817239	0.3232484076433121	0.539884893510625	10/25	PERP;DDR1;KDM5B;NR3C1;CCL11;MED1;TBX3;SCRIB;SOSTDC1;PHB2	TUB	GO_BP	no_proc_ieg	10347
GOBP_DEVELOPMENTAL_PIGMENTATION	1.1143204588333802	0.29475308641975306	0.5396939108539704	9/33	ZEB2;BAX;GPR143;RAB32;CD63;ANKRD27;RAB38;MEF2C;KITLG	TUB	GO_BP	no_proc_ieg	10347
GOBP_REGULATION_OF_TISSUE_REMODELING	1.1137040120710158	0.2981715893108298	0.5408269144365605	15/57	CSK;ITGB3;LEPR;TMBIM1;CD38;TNFRSF11B;INPP5D;PPARG;IL15;S1PR1;IAPP;GPNMB;IL18;MDK;SPP1	TUB	GO_BP	no_proc_ieg	10347
GOBP_POSITIVE_REGULATION_OF_DOUBLE_STRAND_BREAK_REPAIR_VIA_HOMOLOGOUS_RECOMBINATION	1.1136333505714107	0.3141524105754277	0.5405718913166733	13/30	RAD51AP1;FUS;RUVBL2;NBN;PARP1;ACTL6A;RUVBL1;WDR48;TRRAP;WRAP53;MORF4L2;PIAS4;SKP2	TUB	GO_BP	no_proc_ieg	10347
GOBP_NEURAL_TUBE_FORMATION	1.113326168168911	0.2696629213483146	0.5409406171086449	16/73	CITED2;APAF1;PRKACB;FZD1;PLXNB2;SPINT2;COBL;SPINT1;IFT52;PFN1;ABL1;CASP3;FZD6;STK4;TWIST1;FZD3	TUB	GO_BP	no_proc_ieg	10347
GOBP_REGULATION_OF_OXIDATIVE_PHOSPHORYLATION	1.1127229123397158	0.3448275862068966	0.542089586619025	3/17	PPIF;RHOA;MACROH2A1	TUB	GO_BP	no_proc_ieg	10347
GOBP_NUCLEOTIDE_SUGAR_BIOSYNTHETIC_PROCESS	1.112635428944972	0.33881578947368424	0.5418779754406869	7/15	GFUS;UGDH;AMDHD2;GMDS;GNPDA1;PGM3;GFPT1	TUB	GO_BP	no_proc_ieg	10347
GOBP_MUCUS_SECRETION	1.1116113131714604	0.3425774877650897	0.5440190586363073	3/15	CYBA;VAMP8;AGR2	TUB	GO_BP	no_proc_ieg	10347
GOBP_NEGATIVE_REGULATION_OF_NUCLEOCYTOPLASMIC_TRANSPORT	1.1115983885301548	0.33438985736925514	0.5436215029709267	7/20	RAB23;FERMT1;CD36;SP100;NUP153;PKIA;MDFIC	TUB	GO_BP	no_proc_ieg	10347
GOBP_MICROTUBULE_ANCHORING	1.110170194066483	0.3195084485407066	0.5467667458073603	9/18	MAP1S;GCC2;BICD2;DCTN1;BBS4;PEX14;CEP350;KIF3A;PCM1	TUB	GO_BP	no_proc_ieg	10347
GOBP_NEGATIVE_REGULATION_OF_CYSTEINE_TYPE_ENDOPEPTIDASE_ACTIVITY_INVOLVED_IN_APOPTOTIC_PROCESS	1.1093341080348775	0.2993827160493827	0.5484652179581352	8/36	THBS1;TRIAP1;CD44;PAK2;IFI6;LAMP3;CAAP1;RNF34	TUB	GO_BP	no_proc_ieg	10347
GOBP_PLASMA_MEMBRANE_ORGANIZATION	1.109272684836855	0.2729693741677763	0.5482012591292088	27/96	CLU;FLOT1;SYT11;VPS4B;CAV2;PTEN;MYOF;COLEC12;DEGS1;SH3GLB1;CAV1;S100A10;CASP7;MYRF;PLSCR1;STX2;ASAP1;MYH9;ANXA2;NSF;CHMP7;FOLR2;COL5A1;S100A9;EMP2;MAFB;UGCG	TUB	GO_BP	no_proc_ieg	10347
GOBP_NEGATIVE_REGULATION_OF_AMYLOID_PRECURSOR_PROTEIN_CATABOLIC_PROCESS	1.108976816965616	0.32094594594594594	0.5485022501563438	3/16	CLU;RTN1;RTN2	TUB	GO_BP	no_proc_ieg	10347
GOBP_ERK1_AND_ERK2_CASCADE	1.108868255828729	0.24100719424460432	0.5483430835586236	65/231	RRAS;PYCARD;CSK;FN1;HLA-DRB1;ITGB3;TPBG;SHC1;DDR1;CD44;CDK1;TIAM1;EPHA7;CCR1;RASGRP1;CD36;PTPN6;FGF2;CRKL;KARS1;BTN2A2;OXTR;SPRY1;CD4;DENND2B;CCL19;CX3CL1;ABL1;P2RY6;C5AR1;GPNMB;ITGB1BP1;ARHGEF5;HRAS;NRP1;NPY5R;SYNJ2BP;GSTP1;NOD2;ITGAV;ROR1;CD74;F2RL1;GBP1;RGS14;CCL11;DUSP10;MAP2K1;FGFR4;TNIP1;NOTCH2;FGF20;THPO;HTR2B;GNAI2;BMP2;PTPN22;AKAP12;MARCO;MAPK1;SLC30A10;CCR7;DAB2;PIN1;DSTYK	TUB	GO_BP	no_proc_ieg	10347
GOBP_CELL_PROJECTION_ASSEMBLY	1.1086093985816166	0.2141255605381166	0.5485594297714725	80/371	RAB23;CILK1;FXYD5;MAP4K4;TBC1D2;RAB8B;MNS1;PLEK2;ARPC2;CAPG;EVL;NCK1;EMP3;GPM6A;CCNO;CYFIP1;TTLL1;CSNK1D;DYNLL1;NCKAP1L;SHTN1;COBL;TBC1D2B;CDKL5;CBY1;CAV1;APC;EHD4;SEPTIN2;S1PR1;IFT52;CCL19;CEP131;PFN1;PLK4;NUP85;RAC2;TOGARAM1;LRRC61;ABL1;RHOD;RP2;IFT56;CFAP20;WRAP73;IFT20;CCDC88A;RPGRIP1L;BBS7;PMP22;VDAC3;WDR44;HRAS;FSCN1;NRP1;RAB8A;EHD3;CLCN4;ARF4;BBS10;ARHGAP44;USP6NL;TXNDC15;VAV3;CEP162;ABITRAM;AGRN;SPAG1;RAC1;TCTN3;STAU2;ASAP1;RO60;ABCC4;CEP164;SDCBP;PIBF1;F2RL1;P2RX4;ARHGEF6	TUB	GO_BP	no_proc_ieg	10347
GOBP_ENSHEATHMENT_OF_NEURONS	1.108404244616896	0.2782152230971129	0.548647196747129	20/117	CLU;HEXB;B4GALT5;TYMP;TNFRSF1B;PTEN;CYFIP1;GPM6B;DEGS1;MTMR2;GRB2;XK;CST7;MYRF;PMP22;EIF2B4;UGT8;HRAS;JAM2;MBP	TUB	GO_BP	no_proc_ieg	10347
GOBP_ANIMAL_ORGAN_REGENERATION	1.1083533489924884	0.30578512396694213	0.548351162042589	11/52	CLDN1;AURKA;UCP2;EZH2;ANXA3;CDK1;CCNA2;PCNA;NNMT;LCP1;UPF2	TUB	GO_BP	no_proc_ieg	10347
GOBP_CELLULAR_COMPONENT_DISASSEMBLY_INVOLVED_IN_EXECUTION_PHASE_OF_APOPTOSIS	1.1071475525051369	0.3259493670886076	0.5510438692587408	4/24	APAF1;BAX;DFFB;TOP2A	TUB	GO_BP	no_proc_ieg	10347
GOBP_REGULATION_OF_ACTIN_FILAMENT_BASED_PROCESS	1.1069244628992865	0.2440944881889764	0.551124988764252	64/273	PYCARD;ECT2;TMSB10;NF2;ZEB2;ITGB3;GPR65;HCLS1;ARPC2;CD47;RHOC;CAPG;RHOA;EVL;NCK1;CYFIP1;WASHC4;SRI;FCHSD2;FLII;GPM6B;SWAP70;ACTG1;NCKAP1L;PAK2;CAV1;S1PR1;PFN1;CX3CL1;HCK;GRB2;S100A10;ABL1;RHOD;CCDC88A;TMSB15A;TRPM4;ITGB1BP1;ARHGEF5;HRAS;FSCN1;NRP1;ARHGAP44;RAPGEF3;ABITRAM;MEGF9;GMFB;RAC1;STAU2;MET;MYH9;TMOD3;TRIM27;CRK;ARHGAP17;DSTN;F2RL1;CCL11;GMFG;DSC2;CAPZB;ARPC5;CAPZA2;WASHC5	TUB	GO_BP	no_proc_ieg	10347
GOBP_MATURATION_OF_SSU_RRNA_FROM_TRICISTRONIC_RRNA_TRANSCRIPT_SSU_RRNA_5_8S_RRNA_LSU_RRNA	1.1067826716277123	0.30483870967741933	0.5510437564167223	5/23	RPP40;BMS1;RPS19;TSR1;UTP25	TUB	GO_BP	no_proc_ieg	10347
GOBP_NEGATIVE_REGULATION_OF_INTRACELLULAR_PROTEIN_TRANSPORT	1.1065104368305687	0.34534534534534533	0.5513129907577102	8/24	RAB23;DERL2;FERMT1;CD36;SP100;UBE2J1;PKIA;MDFIC	TUB	GO_BP	no_proc_ieg	10347
GOBP_POSITIVE_REGULATION_OF_GLIAL_CELL_PROLIFERATION	1.1061594274388915	0.32189542483660133	0.5517773616356795	5/19	TSPO;VEGFC;MYB;PRKCH;PPP1CC	TUB	GO_BP	no_proc_ieg	10347
GOBP_BRANCHING_INVOLVED_IN_BLOOD_VESSEL_MORPHOGENESIS	1.1054553456835388	0.325115562403698	0.5532008782976098	12/28	COL4A1;ABL1;NRP1;MDK;STK4;PPP3R1;ENG;TGFBR2;EDNRA;SEMA3E;ACVR1;LEF1	TUB	GO_BP	no_proc_ieg	10347
GOBP_POSITIVE_REGULATION_OF_PROTEIN_KINASE_ACTIVITY	1.1046468416188604	0.25833333333333336	0.5548517007024985	40/194	TLR3;ECT2;CCL5;TNFSF15;THBS1;ITGB3;EZH2;TPD52L1;RASSF2;CD300A;PSRC1;CD86;RHOA;CAMK1;ABI1;SASH1;PIK3CG;LCP2;RASGRP1;CENPE;FGF2;ADRA2A;CD4;CCL19;MMD;ABL1;ERP29;CCDC88A;IQGAP1;ITGB1BP1;PRRC1;ARHGEF5;HRAS;RELN;CD40;DIRAS2;LTF;BORA;TAOK3;TPX2	TUB	GO_BP	no_proc_ieg	10347
GOBP_REGULATION_OF_CELLULAR_RESPIRATION	1.1044479411297512	0.30261136712749614	0.5549316964363626	7/35	PPIF;IFNAR1;RHOA;MACROH2A1;COX7A2;IDE;OPN3	TUB	GO_BP	no_proc_ieg	10347
GOBP_REGULATION_OF_RESPONSE_TO_WOUNDING	1.104432932313459	0.282994923857868	0.5545286630865844	34/135	CLDN1;SERPING1;THBS1;NFE2L2;SERPINE2;IL33;TSPAN8;PTEN;ANXA1;FERMT1;ACTG1;CD36;PTPN6;FGF2;GRN;ADRA2A;CAV1;ALOX5;STK24;HRAS;CLDN3;MDK;SPP1;CPB2;ANXA2;CRK;HPSE;F2RL1;TFPI;PTK2;MAP2K1;PLAT;FAP;TMX1	TUB	GO_BP	no_proc_ieg	10347
GOBP_NEGATIVE_REGULATION_OF_MOLECULAR_FUNCTION	1.1038447612616364	0.2074074074074074	0.5555678923868521	105/481	PYCARD;CSTB;SERPING1;PPIF;HDAC4;TIMP1;SLPI;GZMA;MAD2L1;AURKA;NFKB1;DACT1;THBS1;TRIAP1;ITGB3;ITGA4;B2M;TMBIM1;HHEX;SERPINE2;SERPINF1;NR2F2;BAX;CD300A;CD44;NPM1;TRIM21;CSTA;APOC1;CAMK1;PTEN;MVP;PPP1R14D;IFI16;ZNF675;DBNDD1;RB1;MACROH2A1;SRI;AURKB;CLIC2;ABCE1;CARD8;PSEN1;IFIT2;GNAI3;AKAP5;NCKAP1L;PAK2;PPARG;GTPBP4;IFI6;ADRA2A;CAV1;SPRY1;ADAR;APC;STK38;SUMO3;CCR2;LAMP3;STK39;CAAP1;WARS1;UCHL1;ABL1;RRP1B;CST7;NFKBIE;RNF34;GEMIN2;ANXA4;CCDC22;LRRC14;ITGB1BP1;PAQR3;HRAS;SP100;FZD6;KEAP1;TIMP2;GSTP1;LTF;RTRAF;SERPINI1;DUSP22;ATP5IF1;BANF1;MET;TRAF3;QARS1;TRIM27;ITGAV;CAST;CDKN1B;SERPINA3;TARBP2;PKIA;POT1;HEY2;RGS14;DUSP10;HYAL2;SERPINH1;SERPINB1	TUB	GO_BP	no_proc_ieg	10347
GOBP_REGULATION_OF_MITOCHONDRIAL_MEMBRANE_PERMEABILITY	1.1037685009492164	0.3359013867488444	0.5553492340392296	5/32	PPIF;SLC35F6;BAX;BID;MUL1	TUB	GO_BP	no_proc_ieg	10347
GOBP_REGULATION_OF_SYNAPSE_STRUCTURE_OR_ACTIVITY	1.1035627892427664	0.2490842490842491	0.5554389852614675	37/180	GPRASP3;CDC20;IL10RA;DBN1;TPBG;FLRT3;RHOA;TIAM1;FZD1;GPC4;CAMK1;GPM6A;CYFIP1;EPHA7;THBS2;PSEN1;ADNP;TUBA1A;SRPX2;CDKL5;OXTR;VPS35;PLXNC1;ABL1;ADAM10;NRCAM;ARF4;ARHGAP44;AGRN;PPT1;RELN;STAU2;ASAP1;NLGN4X;MEF2C;FARP1;FLRT2	TUB	GO_BP	no_proc_ieg	10347
GOBP_REGULATION_OF_LIPOPROTEIN_PARTICLE_CLEARANCE	1.1033307895454523	0.33070866141732286	0.5555953547343055	6/18	CSK;MYLIP;APOC1;LDLRAP1;CNPY2;ANXA2	TUB	GO_BP	no_proc_ieg	10347
GOBP_REGULATION_OF_CELL_DIVISION	1.1026017995858461	0.2826086956521739	0.5570455791360346	40/129	ECT2;AURKA;SOX17;EVI2B;NUP62;PRC1;RHOA;VEGFC;SPAST;AURKB;CDC25B;MAP9;SH3GLB1;FGF2;YEATS2;ZZZ3;ASPM;MLLT3;KIF20A;PPBP;ITGB1BP1;MDK;ZFYVE26;BECN1;DR1;KLHL9;ATXN10;YME1L1;NAP1L2;KLHL21;HTR2B;FGF7;KIF14;CDCA8;RACK1;PIN1;BBS4;E2F8;CDC6;CALM2	TUB	GO_BP	no_proc_ieg	10347
GOBP_THYMUS_DEVELOPMENT	1.1016343256675751	0.3302325581395349	0.5591512031763205	15/39	CITED2;FADD;RAG1;MAD1L1;PSEN1;CRKL;ABL1;MAP2K1;ZBTB1;MAFB;MAPK1;GATA3;CCNB2;PRDX2;ATM	TUB	GO_BP	no_proc_ieg	10347
GOBP_CELL_DIFFERENTIATION_INVOLVED_IN_EMBRYONIC_PLACENTA_DEVELOPMENT	1.1012248460012164	0.3283582089552239	0.559769060759087	6/20	CASP8;NR2F2;SPINT2;PLK4;KRT19;STK4	TUB	GO_BP	no_proc_ieg	10347
GOBP_ACTOMYOSIN_STRUCTURE_ORGANIZATION	1.1007795863855165	0.26438188494492043	0.5604887428360646	31/156	ECT2;NF2;PDLIM1;ZEB2;GPR65;CD47;RHOC;RHOA;EVL;FLII;ACTG1;MYH6;PAK2;S1PR1;PFN1;S100A10;ABL1;CCDC88A;IQGAP1;ITGB1BP1;ARHGEF5;EPB41L2;NRP1;RAPGEF3;CDC42BPB;KRT19;RAC1;EPB41L4A;MET;MYH9;TMOD3	TUB	GO_BP	no_proc_ieg	10347
GOBP_REGULATION_OF_MITOCHONDRIAL_FISSION	1.1003197966574578	0.3449367088607595	0.5612516409926824	4/21	AURKA;PPARG;VPS35;MUL1	TUB	GO_BP	no_proc_ieg	10347
GOBP_CELL_CELL_JUNCTION_ORGANIZATION	1.1003066134069674	0.2607099143206854	0.5608475710566936	26/153	CLDN1;CSK;ECT2;HOPX;NF2;PERP;EFNB2;CDH3;RHOC;RHOA;CTNNA1;CDH11;EXT1;ACTG1;LSR;PAK2;CDH5;CAV1;PRKCH;APC;CDH6;ADAM10;UGT8;FSCN1;CLDN3;PECAM1	TUB	GO_BP	no_proc_ieg	10347
GOBP_REGULATION_OF_ACTIN_FILAMENT_LENGTH	1.100113401070955	0.3075916230366492	0.560908899643847	25/105	PYCARD;TMSB10;HCLS1;ARPC2;CAPG;EVL;NCK1;CYFIP1;FCHSD2;FLII;SWAP70;NCKAP1L;PFN1;HCK;GRB2;TMSB15A;ABITRAM;MEGF9;TMOD3;DSTN;F2RL1;CCL11;CAPZB;ARPC5;CAPZA2	TUB	GO_BP	no_proc_ieg	10347
GOBP_POSITIVE_REGULATION_OF_PROTEIN_LOCALIZATION_TO_MEMBRANE	1.0995556570625322	0.3012379642365887	0.5619350799162406	16/73	ITGB2;ITGAM;STX3;AKAP5;AGR2;CRKL;PRKCH;FNTA;STOM;TNFAIP6;PLS1;ITGB1BP1;HRAS;ITGA3;CRK;FARP1	TUB	GO_BP	no_proc_ieg	10347
GOBP_RAB_PROTEIN_SIGNAL_TRANSDUCTION	1.0988275557687215	0.33164983164983164	0.5633876334797907	7/16	RAB33B;RAB33A;RAB9A;RAB35;RAB15;DENND4A;RAB4A	TUB	GO_BP	no_proc_ieg	10347
GOBP_FC_GAMMA_RECEPTOR_SIGNALING_PATHWAY	1.0983518882323424	0.3374233128834356	0.564092349835482	9/26	FCER1G;FCGR3B;HCK;ABL1;VAV1;VAV3;LCK;PTK2;FCGR2B	TUB	GO_BP	no_proc_ieg	10347
GOBP_MULTIVESICULAR_BODY_ORGANIZATION	1.098237854050912	0.35570469798657717	0.5639531458458591	5/16	VPS4B;UBAP1;VPS28;STAM;CHMP7	TUB	GO_BP	no_proc_ieg	10347
GOBP_CELL_SURFACE_RECEPTOR_PROTEIN_SERINE_THREONINE_KINASE_SIGNALING_PATHWAY	1.095818996566794	0.2692307692307692	0.5699137270697344	64/246	COL3A1;CITED2;SMAD1;RBPMS;RNF111;ZEB2;DACT1;THBS1;SLC2A10;COL1A2;FSTL1;CDH3;INTS9;CAV2;FZD1;HDAC1;EXT1;FERMT1;ITGB8;CDH5;PPARG;UBE2D1;RUNX2;SPRY1;FNTA;TNFAIP6;ABL1;ITGB6;MSX1;DKK3;PMEPA1;SMURF2;CILP;PARP1;ITGA3;CCN3;RBBP7;DUSP22;TGFB1I1;LPXN;SDCBP;USP9Y;BECN1;LDLRAD4;PTK2;ZBTB7A;NOTCH2;FUT8;PELO;FAM89B;NUP93;FSTL3;PDCD4;BMP2;BAMBI;NCLN;ENG;LEMD3;TGFBR2;PTPRK;BMPR2;APPL1;DAB2;PIN1	TUB	GO_BP	no_proc_ieg	10347
GOBP_POSITIVE_REGULATION_OF_AMIDE_METABOLIC_PROCESS	1.0956351334286043	0.34789391575663026	0.5699589699932812	7/20	CLU;NFE2L2;CASP3;SP1;ZNF750;CSNK1E;IFNGR1	TUB	GO_BP	no_proc_ieg	10347
GOBP_POSITIVE_REGULATION_OF_RNA_SPLICING	1.0954720739244843	0.34408602150537637	0.5699241638381285	15/27	RBM22;EXOSC10;PRPF19;TRA2A;UPF3B;ZPR1;DAZAP1;UPF3A;SNW1;PRMT5;NUP98;U2AF2;WDR77;SETX;SF3B4	TUB	GO_BP	no_proc_ieg	10347
GOBP_NEGATIVE_REGULATION_OF_HYDROLASE_ACTIVITY	1.0954317766099846	0.28640192539109505	0.569596134952858	29/140	CSTB;SERPING1;TIMP1;GZMA;THBS1;TRIAP1;SERPINE2;SERPINF1;CD44;CSTA;APOC1;PPP1R14D;IFI16;ABCE1;CARD8;NCKAP1L;PAK2;IFI6;LAMP3;CAAP1;ABL1;RRP1B;CST7;RNF34;HRAS;TIMP2;LTF;SERPINI1;ATP5IF1	TUB	GO_BP	no_proc_ieg	10347
GOBP_NEGATIVE_REGULATION_OF_CELL_JUNCTION_ASSEMBLY	1.0952565757870583	0.3380503144654088	0.5696144105794919	5/25	THBS1;PTEN;EPHA7;ITGB1BP1;DUSP22	TUB	GO_BP	no_proc_ieg	10347
GOBP_NEGATIVE_REGULATION_OF_LYMPHOCYTE_APOPTOTIC_PROCESS	1.0946124199626248	0.3380503144654088	0.5708361708002384	4/26	FADD;CCL5;RAG1;AURKB	TUB	GO_BP	no_proc_ieg	10347
GOBP_PROTEIN_AUTOPROCESSING	1.0945997844449562	0.3673139158576052	0.5704357786352884	7/18	FXN;CASP1;MYRF;PARP1;CASP4;FAM111A;CAPN2	TUB	GO_BP	no_proc_ieg	10347
GOBP_NEGATIVE_REGULATION_OF_POST_TRANSLATIONAL_PROTEIN_MODIFICATION	1.0941693251048825	0.3054393305439331	0.571119254150566	10/65	P3H1;MAD2L1;TSPO;ISG15;TRIM44;TRIM21;VPS28;GTPBP4;CAV1;ABL1	TUB	GO_BP	no_proc_ieg	10347
GOBP_JNK_CASCADE	1.0939392896924345	0.29987293519695046	0.5712385588085285	29/132	PYCARD;TLR3;MAP4K4;NFKB1;DACT1;TLR7;MYD88;TPD52L1;RASSF2;ZNF675;RASGRP1;CRKL;CCL19;CD27;HRAS;ANKRD6;GSTP1;FKTN;DUSP22;TAOK3;NOD2;CRK;SDCBP;F2RL1;BECN1;ARHGEF6;DUSP10;FCGR2B;MDFIC	TUB	GO_BP	no_proc_ieg	10347
GOBP_REGULATION_OF_EXOCYTOSIS	1.0936004913674366	0.308953341740227	0.5716496085465042	28/122	HLA-F;ITGB2;ITGAM;VPS4B;CD300A;ATP9A;VAMP8;RAB33B;ANXA1;NCKAP1L;ADRA2A;SEPTIN2;CCR2;RAB3D;RAC2;S100A10;RAB9A;RAB27B;CSPG5;STAM;WDR41;ANXA2;SDCBP;F2RL1;RAB15;FCGR2B;NSF;STXBP1	TUB	GO_BP	no_proc_ieg	10347
GOBP_POSITIVE_REGULATION_OF_KINASE_ACTIVITY	1.0933177293814582	0.25955967555040554	0.5719849149240667	51/233	TLR3;ECT2;CCL5;HLA-DRB1;TNFSF15;THBS1;ITGB3;EZH2;DDR1;TPD52L1;RASSF2;CD300A;PSRC1;CD86;RHOA;CAMK1;ABI1;SASH1;PIK3CG;LCP2;RASGRP1;CENPE;FGF2;ADRA2A;CD4;CCL19;MMD;ABL1;ERP29;CCDC88A;NBN;TIGAR;IQGAP1;ITGB1BP1;PRRC1;ARHGEF5;HRAS;RELN;CD40;DIRAS2;LTF;BORA;MET;TAOK3;TPX2;ROR1;CD74;PIBF1;PTK2;MAP2K1;FGFR4	TUB	GO_BP	no_proc_ieg	10347
GOBP_BONE_RESORPTION	1.0933157003548193	0.3238380809595202	0.5715516552256404	12/49	CSK;ITGB3;ZNF675;EXT1;CD38;TNFRSF11B;INPP5D;S1PR1;RAB3D;RAC2;IAPP;IL7	TUB	GO_BP	no_proc_ieg	10347
GOBP_PYRIMIDINE_NUCLEOTIDE_CATABOLIC_PROCESS	1.0932383419524936	0.35176651305683565	0.5713287640251383	2/17	DCTPP1;TYMP	TUB	GO_BP	no_proc_ieg	10347
GOBP_MRNA_3_END_PROCESSING	1.0928069304230812	0.33490566037735847	0.5719844140794328	12/22	CSTF1;PAF1;NCBP2;CPSF6;ZNF473;CLP1;CSTF2T;PAPOLA;CSTF3;CDC73;SLBP;NUDT21	TUB	GO_BP	no_proc_ieg	10347
GOBP_REGULATION_OF_CD8_POSITIVE_ALPHA_BETA_T_CELL_ACTIVATION	1.0921010646763984	0.3642072213500785	0.573403176121447	7/15	HLA-A;NCKAP1L;HLA-E;RUNX3;CRTAM;SOCS1;CBFB	TUB	GO_BP	no_proc_ieg	10347
GOBP_REGULATION_OF_SYNAPTIC_VESICLE_RECYCLING	1.0920938254674606	0.36807817589576547	0.5729919509180637	3/16	SYT11;CYFIP1;ACTG1	TUB	GO_BP	no_proc_ieg	10347
GOBP_RIBOSE_PHOSPHATE_BIOSYNTHETIC_PROCESS	1.0919778189689255	0.29534313725490197	0.5728717229625004	37/161	NME1;GUCY1B1;DCK;ATP5MF;AK1;LIPA;CMPK1;ATP5MJ;NDUFA6;AK5;IMPDH1;PANK2;ACSL5;ADCY7;GUCY1A1;HACD1;ALDOA;NDUFA13;GART;ANTKMT;ACACA;ATP6V0C;PARP1;PPT1;NME6;NDUFB5;ADSL;PAPSS1;NDUFS6;PPCS;PDHX;PYGL;PDK1;ATP5MC1;RFK;NDUFA8;NME5	TUB	GO_BP	no_proc_ieg	10347
GOBP_FAT_SOLUBLE_VITAMIN_METABOLIC_PROCESS	1.0912994625513306	0.32994186046511625	0.5741552750408545	6/38	PLTP;RBP1;NFKB1;LIPA;CYP24A1;CBR3	TUB	GO_BP	no_proc_ieg	10347
GOBP_CELLULAR_RESPONSE_TO_OSMOTIC_STRESS	1.0911318712513602	0.3472429210134128	0.5741263970223812	6/40	PYCARD;AKR1B1;TSPO;CASP1;STK39;CASP3	TUB	GO_BP	no_proc_ieg	10347
GOBP_POSITIVE_REGULATION_OF_ENDOTHELIAL_CELL_APOPTOTIC_PROCESS	1.0908135345672179	0.35152487961476725	0.5744843230223459	2/17	THBS1;ITGA4	TUB	GO_BP	no_proc_ieg	10347
GOBP_REGULATION_OF_TELOMERASE_ACTIVITY	1.0905292923514176	0.33024691358024694	0.5748019004899582	15/29	AURKB;DKC1;POT1;PTGES3;CCT4;XRCC5;MAPK1;ATM;NVL;WRAP53;MAP3K4;NEK2;ACD;GRHL2;CCT2	TUB	GO_BP	no_proc_ieg	10347
GOBP_PROTEASOME_MEDIATED_UBIQUITIN_DEPENDENT_PROTEIN_CATABOLIC_PROCESS	1.0899511313128263	0.28376844494892167	0.5758862790187357	74/268	PSMB8;MAEA;CLU;PSMB9;DTX4;CDC20;AURKA;DDRGK1;TRIP4;RCHY1;IFI27;NFE2L2;PBK;CHFR;IL33;DTL;PSMB10;CSNK1D;USP14;PSEN1;GID8;UBE2D1;RBX1;APC;RNF139;AMBRA1;UCHL1;DERL1;SMURF2;RNF34;BBS7;UBE2K;SPOP;GABARAP;KEAP1;CDC27;PSMD8;TAF9;CEBPA;GNA12;CAMLG;CSNK1A1;TRIM45;PSMA6;CDC23;PSMA1;ASCC3;PSMB1;SIAH1;PSMD14;ADRM1;BIRC2;CSNK1E;KIF14;FBXL4;KCTD13;UBE2C;SOCS5;CUL1;FAF2;UBE2A;PSMB4;DAB2;RACK1;SH3BGRL;PSMC4;TRIP12;TBL1XR1;CDC16;XPO1;KCTD5;PSMD10;ANAPC13;APPBP2	TUB	GO_BP	no_proc_ieg	10347
GOBP_POSITIVE_REGULATION_OF_TELOMERE_MAINTENANCE	1.0898152579832594	0.3286118980169972	0.5757882488853108	26/51	AURKB;CCT6A;RUVBL2;GNL3;NBN;DKC1;POT1;ACTL6A;CCT4;ACTR5;RUVBL1;CCT7;XRCC5;TINF2;ACTR8;MAPK1;CCT3;ATM;RAD50;MAP3K4;NFRKB;NEK2;TFPT;MCRS1;ACD;ATR	TUB	GO_BP	no_proc_ieg	10347
GOBP_REGULATION_OF_PHOSPHOLIPASE_ACTIVITY	1.0885638327879021	0.33187134502923976	0.578492012281817	8/42	CCL5;CD86;GNA15;RASGRP1;ABL1;P2RY6;C5AR1;HRAS	TUB	GO_BP	no_proc_ieg	10347
GOBP_POSITIVE_REGULATION_OF_ERYTHROCYTE_DIFFERENTIATION	1.0879323673547223	0.3371710526315789	0.5797010055265429	9/24	ISG15;NCKAP1L;INPP5D;SMAP1;MAPK11;MED1;BRD1;HIF1A;ARNT	TUB	GO_BP	no_proc_ieg	10347
GOBP_B_CELL_APOPTOTIC_PROCESS	1.0879049791029105	0.35864297253634897	0.5793270587670338	3/15	BAX;AURKB;CRKL	TUB	GO_BP	no_proc_ieg	10347
GOBP_REGULATION_OF_FIBROBLAST_APOPTOTIC_PROCESS	1.0872698079517946	0.36363636363636365	0.5805184621897036	2/15	BID;PIK3CG	TUB	GO_BP	no_proc_ieg	10347
GOBP_RECEPTOR_MEDIATED_ENDOCYTOSIS	1.0870422542545701	0.29904306220095694	0.5806527053914341	52/197	CLU;FLOT1;HMMR;ITGB2;UBQLN2;ITGAM;ITGB3;ITGA4;B2M;EFNB2;CAV2;APOC1;RAB31;FCHSD2;FCER1G;C3;AP2S1;PSEN1;CD36;SMAP1;CD63;CAV1;CAP1;CCL19;MTMR2;SIGLEC1;GRB2;GRK3;VLDLR;CD14;ATXN2;BMP2K;LDLRAP1;PPT1;RAC1;CALCRL;ITGAV;ANXA2;SDCBP;CXCR2;AP2B1;CLTA;FCGR2B;RALB;RIN3;CBL;FCMR;SCARB2;HTR2B;CD81;PPP3R1;SNX1	TUB	GO_BP	no_proc_ieg	10347
GOBP_RESPONSE_TO_ANTIBIOTIC	1.0869999065677958	0.34467455621301774	0.5803393122478974	10/29	EZH2;CRIP1;CYB5R4;KDM5B;PLA2G4A;MEF2C;CDKN1B;HYAL2;VPS54;AOC3	TUB	GO_BP	no_proc_ieg	10347
GOBP_NEGATIVE_REGULATION_OF_ANOIKIS	1.0866534392699947	0.36468646864686466	0.5808041377085574	3/17	PIK3R3;TLE1;CAV1	TUB	GO_BP	no_proc_ieg	10347
GOBP_NEGATIVE_REGULATION_OF_EPITHELIAL_CELL_PROLIFERATION	1.085975168805959	0.3107569721115538	0.5821524420723322	25/104	THBS1;B2M;VASH1;EFNB2;SERPINF1;NR2F2;CAV2;RB1;TNMD;PPARG;CAV1;IFT52;ALOX5;TRIM24;MMRN2;CPB2;SYNJ2BP;STK4;ATP5IF1;MEF2C;CDKN1B;SPARC;DUSP10;RUNX3;MED1	TUB	GO_BP	no_proc_ieg	10347
GOBP_POSITIVE_REGULATION_OF_T_HELPER_CELL_DIFFERENTIATION	1.0858083846316384	0.37110016420361247	0.5821257153805537	5/20	CD86;ANXA1;HLX;CCL19;IL18	TUB	GO_BP	no_proc_ieg	10347
GOBP_VIRAL_RELEASE_FROM_HOST_CELL	1.0857466694162436	0.3688663282571912	0.5818322380339269	4/19	VPS4B;PPID;CAV2;TRIM25	TUB	GO_BP	no_proc_ieg	10347
GOBP_REGULATION_OF_CYTOPLASMIC_PATTERN_RECOGNITION_RECEPTOR_SIGNALING_PATHWAY	1.0852736308344633	0.33240611961057026	0.5826757937209877	23/74	NAGK;FLOT1;MYD88;AURKB;CARD8;CD36;CAV1;TSPAN6;PARP1;RSAD2;PPT1;BANF1;BRCC3;DDX60;GBP2;F2RL1;TARBP2;ZDHHC18;CSNK1A1;RNF125;PRKD1;PTPN22;BIRC2	TUB	GO_BP	no_proc_ieg	10347
GOBP_CORTICAL_ACTIN_CYTOSKELETON_ORGANIZATION	1.0844456169769419	0.3458083832335329	0.5843945890028975	6/28	ECT2;NCKAP1L;LCP1;PLS1;IQGAP1;EPB41L2	TUB	GO_BP	no_proc_ieg	10347
GOBP_STEROL_HOMEOSTASIS	1.083621973214338	0.33475783475783477	0.5861100860087666	14/60	ABCA1;TSPO;LIPC;MYLIP;RALY;SCARB1;CYP7B1;CAV1;SOAT1;NR1D1;IL18;FABP3;LDLRAP1;FABP4	TUB	GO_BP	no_proc_ieg	10347
GOBP_POSITIVE_REGULATION_OF_LYMPHOCYTE_CHEMOTAXIS	1.0826748477757655	0.35889070146818924	0.5880654010619812	5/16	CCL5;CCR2;STK39;CXCL13;ADAM10	TUB	GO_BP	no_proc_ieg	10347
GOBP_PHOSPHOLIPID_CATABOLIC_PROCESS	1.0825162567279794	0.33821376281112736	0.5880329298626763	10/32	PLA2G4C;LIPC;APOC1;SCARB1;PLA2G7;PLA2G15;PLA2G4A;PLBD1;SMPD2;GDE1	TUB	GO_BP	no_proc_ieg	10347
GOBP_POSITIVE_REGULATION_OF_EPITHELIAL_CELL_PROLIFERATION	1.081984231997228	0.3074027603513174	0.5890300292417312	41/144	NME1;CLDN1;AGGF1;CCL5;ITGB3;ITGA4;NRAS;VASH2;CDH3;CAV2;VEGFC;CYP7B1;LAMC1;HLX;ITGB3BP;FGF2;GRN;RUNX2;C5AR1;MYDGF;HRAS;NRP1;MDK;KDM5B;TWIST1;JCAD;NOD2;SP1;ST8SIA1;CCL11;MED1;NOTCH2;PRKD1;HMOX1;HTR2B;FGF7;WDR48;YAP1;CXCL12;HIF1A;ARNT	TUB	GO_BP	no_proc_ieg	10347
GOBP_MORPHOGENESIS_OF_EMBRYONIC_EPITHELIUM	1.0818762348316036	0.3227931488801054	0.5888791699259405	20/103	CITED2;APAF1;ALDH1A3;PRKACB;FZD1;VEGFC;PLXNB2;SPINT2;COBL;SPINT1;IFT52;PFN1;ABL1;CASP3;HS2ST1;FZD6;STK4;TWIST1;FZD3;TGFB1I1	TUB	GO_BP	no_proc_ieg	10347
GOBP_EXIT_FROM_MITOSIS	1.0811049345731012	0.3641025641025641	0.5904729669341259	8/20	SPAST;CDKN1B;CHMP7;CDC23;EPS8;UBE2C;ZW10;PHB2	TUB	GO_BP	no_proc_ieg	10347
GOBP_PROTEIN_HOMOOLIGOMERIZATION	1.080329720854927	0.32299741602067183	0.5920665168596816	22/130	PYCARD;ECT2;ALDH1A3;STEAP4;B2M;BASP1;FUS;EVL;ALOX5AP;ITPR3;SPAST;ABCA3;TDO2;CBY1;VPS35;SIGMAR1;EHD4;ALDOA;ACACA;TRPM4;KCTD12;EHD3	TUB	GO_BP	no_proc_ieg	10347
GOBP_CHONDROITIN_SULFATE_METABOLIC_PROCESS	1.0800308418735374	0.37542087542087543	0.5924241011429258	8/16	DSE;HEXB;EXT1;UGDH;GUSB;CHST15;CHPF2;CSGALNACT1	TUB	GO_BP	no_proc_ieg	10347
GOBP_POSITIVE_REGULATION_OF_STRESS_ACTIVATED_PROTEIN_KINASE_SIGNALING_CASCADE	1.0795069745890205	0.35784313725490197	0.5933537382888542	7/18	ARL6IP5;IGFBP6;TAOK3;NOD2;MID1;PDCD10;TLR4	TUB	GO_BP	no_proc_ieg	10347
GOBP_REGULATION_OF_HEART_GROWTH	1.0794562459547474	0.3427299703264095	0.5930374517996359	13/48	CITED2;BASP1;VGLL4;CDK1;MYH6;FGF2;MAPK11;MEF2C;TOMM70;HEY2;FGF20;G6PD;YAP1	TUB	GO_BP	no_proc_ieg	10347
GOBP_INFLAMMATORY_CELL_APOPTOTIC_PROCESS	1.0794488577854302	0.37398373983739835	0.5926108415646103	6/18	CCL5;IRF7;ANXA1;CCR5;MEF2C;NOD2	TUB	GO_BP	no_proc_ieg	10347
GOBP_AORTIC_VALVE_MORPHOGENESIS	1.0793243094603384	0.3646322378716745	0.5924985536714403	8/28	ADAMTS5;RHOA;RB1;CDH11;TWIST1;HEY2;TGFBR2;GATA3	TUB	GO_BP	no_proc_ieg	10347
GOBP_CYTOSOLIC_TRANSPORT	1.0791029758783999	0.3278236914600551	0.5925857096708589	30/81	SNX3;LAPTM5;ATP9A;GOSR1;EIPR1;DENND5A;VPS35;VPS26A;ANKFY1;RAB9A;STX6;GOLT1B;EHD3;SNX2;TRIM27;PIP4K2A;VPS54;ARL1;CLN5;GCC2;LAMP1;ARFIP1;SNX1;TMED9;DOP1B;DCTN1;RAB7A;PREPL;RAB29;CLN3	TUB	GO_BP	no_proc_ieg	10347
GOBP_PHAGOCYTOSIS_RECOGNITION	1.0786064583853654	0.34683954619124796	0.5934649977288792	4/22	SPON2;SCARB1;COLEC12;CD36	TUB	GO_BP	no_proc_ieg	10347
GOBP_GLYCEROPHOSPHOLIPID_BIOSYNTHETIC_PROCESS	1.0785948282149376	0.32944228274967574	0.5930520844174624	44/133	PIK3R3;LPCAT1;LPCAT3;CDIPT;PLA2G4C;AGPAT2;PTEN;PIK3CG;INPP5D;PIGT;MTMR2;DPM3;INPP4B;PLSCR1;FABP3;RAB38;INPP1;PLA2G4A;BECN1;CDS1;PIP4K2A;CAPN2;PGS1;ABHD4;HTR2B;IP6K1;SOCS1;DGKI;EFR3A;PIGB;SOCS5;ABHD3;SLC30A5;SMG1;ATM;GNPAT;PIGN;CLN3;FIG4;HDHD5;SYNJ1;INPP5F;GPAA1;PIP5K1C	TUB	GO_BP	no_proc_ieg	10347
GOBP_PROTEIN_LOCALIZATION_TO_MICROTUBULE_ORGANIZING_CENTER	1.0783790963448532	0.34674922600619196	0.5931973648103006	5/31	AURKA;NUP62;CSNK1D;APC;CEP131	TUB	GO_BP	no_proc_ieg	10347
GOBP_EPITHELIAL_CELL_PROLIFERATION	1.0781556028994788	0.2824858757062147	0.5933424294935727	71/316	NME1;THAP1;CLDN1;AGGF1;CCL5;ZEB2;THBS1;ITGB3;ITGA4;B2M;LIPA;VASH1;NRAS;EFNB2;SERPINF1;NR2F2;VASH2;CDH3;BAX;CAV2;SCARB1;RAB33B;BID;VEGFC;RB1;CYP7B1;LAMC1;FERMT1;HLX;PSEN1;TNMD;ITGB3BP;PPARG;FGF2;GRN;CAV1;RUNX2;IFT52;ALOX5;TRIM24;C5AR1;NR1D1;CDK4;MYDGF;ITGB1BP1;HRAS;MMRN2;NRP1;MDK;CPB2;SYNJ2BP;KDM5B;STK4;TWIST1;CCN3;ATP5IF1;JCAD;MEF2C;NOD2;SP1;ST8SIA1;CDKN1B;SPARC;CCL11;DUSP10;RUNX3;MAP2K1;MED1;SERPINB1;NOTCH2;FAP	TUB	GO_BP	no_proc_ieg	10347
GOBP_POSITIVE_REGULATION_OF_INSULIN_SECRETION_INVOLVED_IN_CELLULAR_RESPONSE_TO_GLUCOSE_STIMULUS	1.0779125549010236	0.34108527131782945	0.5935233124467424	5/23	HLA-DRB1;SRI;DYNLL1;NADK;TRPM4	TUB	GO_BP	no_proc_ieg	10347
GOBP_PLATELET_MORPHOGENESIS	1.076969537796063	0.3431372549019608	0.5955120328030501	6/21	C1GALT1C1;NBEAL2;PTPN6;CASP3;MYH9;MEF2C	TUB	GO_BP	no_proc_ieg	10347
GOBP_REGULATION_OF_JNK_CASCADE	1.076690621432002	0.33204134366925064	0.5958039194645735	27/107	PYCARD;TLR3;MAP4K4;DACT1;MYD88;TPD52L1;RASSF2;ZNF675;RASGRP1;CCL19;CD27;HRAS;ANKRD6;GSTP1;FKTN;DUSP22;TAOK3;NOD2;CRK;SDCBP;F2RL1;DUSP10;FCGR2B;MDFIC;RB1CC1;PDCD4;PTPN22	TUB	GO_BP	no_proc_ieg	10347
GOBP_NEGATIVE_REGULATION_OF_MAPK_CASCADE	1.0763931620412293	0.3281853281853282	0.5961595263168731	29/115	CSK;NF2;DACT1;PBK;CD300A;FOXM1;ZNF675;PTPN6;PPARG;BTN2A2;CAV1;SPRY1;STK38;UCHL1;ABL1;LAX1;ITGB1BP1;PAQR3;SYNJ2BP;GSTP1;FKTN;TAOK3;QARS1;F2RL1;GBP1;RGS14;DUSP10;HYAL2;TNIP1	TUB	GO_BP	no_proc_ieg	10347
GOBP_MITOTIC_G1_S_TRANSITION_CHECKPOINT_SIGNALING	1.0763573597811311	0.36217948717948717	0.595829178391308	5/21	TRIAP1;PLK2;MUC1;RPA2;CASP2	TUB	GO_BP	no_proc_ieg	10347
GOBP_REGULATION_OF_TRANSMEMBRANE_RECEPTOR_PROTEIN_SERINE_THREONINE_KINASE_SIGNALING_PATHWAY	1.0761554911551345	0.32378580323785805	0.595927307127033	46/178	CITED2;RNF111;ZEB2;DACT1;THBS1;SLC2A10;FSTL1;CDH3;INTS9;CAV2;FZD1;HDAC1;FERMT1;CDH5;PPARG;UBE2D1;SPRY1;TNFAIP6;ABL1;MSX1;DKK3;PMEPA1;SMURF2;CILP;PARP1;ITGA3;CCN3;RBBP7;TGFB1I1;SDCBP;LDLRAD4;ZBTB7A;NOTCH2;PELO;FAM89B;NUP93;FSTL3;BMP2;BAMBI;NCLN;ENG;LEMD3;TGFBR2;BMPR2;DAB2;PIN1	TUB	GO_BP	no_proc_ieg	10347
GOBP_REGULATION_OF_PROTEIN_POLYUBIQUITINATION	1.0760183955269005	0.35927152317880795	0.5958578797394067	8/18	NMI;TRIM44;SASH1;UBE2D1;GABARAP;NOD2;PTPN22;BIRC2	TUB	GO_BP	no_proc_ieg	10347
GOBP_RESPONSE_TO_INTERLEUKIN_1	1.075995315219912	0.32845744680851063	0.5954736604723665	19/84	PYCARD;HDAC4;CCL5;NFKB1;MYD88;CD47;ZNF675;CD38;TANK;IL1R1;MMP2;MAPK11;NR1D1;CD40;TAF9;MAPK13;GBP2;GBP1;HYAL2	TUB	GO_BP	no_proc_ieg	10347
GOBP_REGULATION_OF_CELL_MORPHOGENESIS	1.0754199551655161	0.3180169286577993	0.5965488321163928	35/174	GPRASP3;PLXNA1;NF2;DBN1;FN1;HEXB;ITGB2;AGO4;ARHGAP15;CD44;TIAM1;CYFIP1;ANXA1;PLXNB2;PLEKHO1;CDKL5;PLXNC1;ZMYM4;HCK;MUL1;ANKRD27;ALDOA;CLDN3;RELN;RAC1;LST1;STAU2;MYH9;CRK;GNA12;SPARC;CCL11;PTK2;PARVB;CAPZB	TUB	GO_BP	no_proc_ieg	10347
GOBP_GLYCOSPHINGOLIPID_BIOSYNTHETIC_PROCESS	1.0752277041553358	0.3744075829383886	0.5965885893074544	9/30	ST6GALNAC4;B4GALT5;UGT8;B4GALT4;ST8SIA1;ST3GAL5;ST3GAL2;ST8SIA4;UGCG	TUB	GO_BP	no_proc_ieg	10347
GOBP_REGULATION_OF_REPRODUCTIVE_PROCESS	1.075191851805997	0.33040201005025127	0.596246059601678	29/131	ZWINT;CITED2;PRDX4;CDC20;TIMP1;AURKA;RAD51AP1;SERPINF1;CHFR;BAX;ARHGDIB;CDC25B;OXTR;ASPM;TTK;MSX1;LHFPL2;SMURF2;HPGDS;INTS13;CDC27;STK4;METTL3;MYH9;CDKN1B;PLAT;FBXO5;CCR6;CDC23	TUB	GO_BP	no_proc_ieg	10347
GOBP_REGULATION_OF_CELL_PROJECTION_ORGANIZATION	1.0750637083485295	0.28753993610223644	0.5961486202865978	82/491	SNX3;GPRASP3;P3H1;PLXNA1;CARM1;DBN1;FN1;TBC1D2;EZH2;YWHAH;RAB8B;B2M;MNS1;PLEK2;VIM;DDR1;NFE2L2;ITM2C;EFNB2;SERPINF1;ARPC2;CD44;MYLIP;RHOA;EVL;TIAM1;FZD1;CAMK1;PTEN;NCK1;GPM6A;CYFIP1;EPHA7;YTHDF1;DENND5A;CD38;PSEN1;PLXNB2;PAK2;ADNP;SHTN1;COBL;CRKL;TBC1D2B;GRN;CDKL5;VPS35;CAV1;PLXNC1;APC;CCL19;PFN1;CX3CL1;RAC2;ABL1;XK;ANKRD27;TOX;PLS1;WRAP73;IFT20;CCDC88A;VLDLR;TMEM106B;NPTN;PMP22;WDR44;NRCAM;PAQR3;STK24;HRAS;FSCN1;NRP1;ARF4;ARHGAP44;SDC2;USP6NL;MDK;ITGA3;ABITRAM;SPP1;AGRN	TUB	GO_BP	no_proc_ieg	10347
GOBP_RESPONSE_TO_ACIDIC_PH	1.0740505750454745	0.37362637362637363	0.5983357192869585	3/19	CTSS;GPR65;SERPINF1	TUB	GO_BP	no_proc_ieg	10347
GOBP_NEUROTRANSMITTER_RECEPTOR_LOCALIZATION_TO_POSTSYNAPTIC_SPECIALIZATION_MEMBRANE	1.073921467359213	0.362012987012987	0.598236887774189	4/18	NETO2;GPC4;ADAM10;HRAS	TUB	GO_BP	no_proc_ieg	10347
GOBP_POSITIVE_REGULATION_OF_LAMELLIPODIUM_ASSEMBLY	1.0738939755499939	0.37717908082408874	0.5978542950537921	5/19	ARPC2;CYFIP1;RAC2;FSCN1;RAC1	TUB	GO_BP	no_proc_ieg	10347
GOBP_ESTABLISHMENT_OF_PROTEIN_LOCALIZATION_TO_MITOCHONDRIAL_MEMBRANE	1.073499103515759	0.3829787234042553	0.5984379550874407	12/25	BAX;NDUFA13;TOMM70;MTCH1;HSPA4;TIMM13;MOAP1;TIMM9;TIMM22;SAMM50;TOMM7;TOMM20	TUB	GO_BP	no_proc_ieg	10347
GOBP_REACTIVE_NITROGEN_SPECIES_METABOLIC_PROCESS	1.0727122425941853	0.33469945355191255	0.6000283360183861	10/64	CLU;CX3CR1;TSPO;CD47;DYNLL1;HBB;CD36;CAV1;TICAM1;CYB5B	TUB	GO_BP	no_proc_ieg	10347
GOBP_REGULATION_OF_MONOOXYGENASE_ACTIVITY	1.0727090865052558	0.36608557844690964	0.5995964299577976	4/30	S100A1;NFKB1;CDH3;SCARB1	TUB	GO_BP	no_proc_ieg	10347
GOBP_POSITIVE_REGULATION_OF_PROTEIN_DEPHOSPHORYLATION	1.0725107493760262	0.3650075414781297	0.5996769223669725	6/30	CD300A;NCK1;PPP1R14D;CDH5;AMBRA1;PTBP1	TUB	GO_BP	no_proc_ieg	10347
GOBP_FACE_MORPHOGENESIS	1.070716917300972	0.3669291338582677	0.6038686357171449	5/25	RRAS;COL1A1;MMP2;MSX1;SGPL1	TUB	GO_BP	no_proc_ieg	10347
GOBP_SPLICEOSOMAL_COMPLEX_ASSEMBLY	1.0703236427260951	0.3554913294797688	0.6044088669293652	26/54	SNRPB;SNRPF;CELF2;GEMIN2;PUF60;SNRPD2;SF3B2;CRNKL1;PRPF19;SF3A1;DDX23;RBMX2;SF1;SNIP1;SNRNP200;SNRPD1;HTATSF1;SF3B5;SNRPD3;PSIP1;SRSF10;LUC7L3;U2AF2;LUC7L;SETX;SF3B4	TUB	GO_BP	no_proc_ieg	10347
GOBP_SIGNAL_TRANSDUCTION_INVOLVED_IN_REGULATION_OF_GENE_EXPRESSION	1.0698072045095512	0.37201907790143085	0.6052773755412406	4/17	SOX17;MSX1;PARP1;EPCAM	TUB	GO_BP	no_proc_ieg	10347
GOBP_ACTIVATION_OF_GTPASE_ACTIVITY	1.0695197061089563	0.3620689655172414	0.6055863760222906	11/55	ECT2;TBC1D2;GPR65;TIAM1;RASGRP1;TBC1D2B;ARHGAP29;CXCL13;ARHGEF5;USP6NL;ARHGAP25	TUB	GO_BP	no_proc_ieg	10347
GOBP_CARBOHYDRATE_DERIVATIVE_CATABOLIC_PROCESS	1.0693209028133894	0.31990521327014215	0.6056837411171997	40/201	NAGK;DCTPP1;APOBEC3G;HDAC4;HMMR;HEXB;UCP2;NEU1;TYMP;LIPA;CD44;GLB1;AOAH;GM2A;HKDC1;DCTD;ITPA;SGSH;PSEN1;FGF2;PKM;UCHL1;NUDT1;ADA2;ALDOA;TIGAR;ENO2;ALDH1A1;GUSB;MANBA;APOBEC3F;GNS;PFKP;NUDT9;MAN1B1;HPSE;MAN1C1;HYAL2;OGA;ZBTB7A	TUB	GO_BP	no_proc_ieg	10347
GOBP_NEGATIVE_REGULATION_OF_TRANSMEMBRANE_RECEPTOR_PROTEIN_SERINE_THREONINE_KINASE_SIGNALING_PATHWAY	1.0683387700940754	0.3324175824175824	0.6078537855141886	31/95	SLC2A10;CDH3;INTS9;CAV2;FZD1;HDAC1;PPARG;UBE2D1;SPRY1;TNFAIP6;ABL1;DKK3;PMEPA1;SMURF2;CILP;CCN3;RBBP7;LDLRAD4;ZBTB7A;FAM89B;FSTL3;BMP2;BAMBI;NCLN;LEMD3;PIN1;ACVR1;SOSTDC1;LTBP1;FBN1;STRAP	TUB	GO_BP	no_proc_ieg	10347
GOBP_HOMOLOGOUS_CHROMOSOME_PAIRING_AT_MEIOSIS	1.0677864240677666	0.37003058103975534	0.6088324047681193	7/27	AGO4;P3H4;BRIP1;PSMC3IP;MLH1;NDC1;REC8	TUB	GO_BP	no_proc_ieg	10347
GOBP_NEGATIVE_REGULATION_OF_VASCULATURE_DEVELOPMENT	1.0676880698159181	0.3659863945578231	0.608641608988992	12/78	THBS1;PLK2;HHEX;VASH1;SERPINF1;AMOT;THBS2;TNMD;CD36;PTPN6;PPARG;CCR2	TUB	GO_BP	no_proc_ieg	10347
GOBP_RETINA_LAYER_FORMATION	1.0676477658639514	0.39228295819935693	0.608313942993054	2/16	FJX1;PROM1	TUB	GO_BP	no_proc_ieg	10347
GOBP_NUCLEOSIDE_METABOLIC_PROCESS	1.0674030598083397	0.3830104321907601	0.6084927236432112	12/39	APOBEC3G;TYMP;DTYMK;DCTD;NUDT1;ADA2;APOBEC3F;ERH;ICMT;APOBEC3A;NME5;PTGDR	TUB	GO_BP	no_proc_ieg	10347
GOBP_LAMELLIPODIUM_ORGANIZATION	1.0670846063573778	0.36115107913669064	0.6088448511090944	18/66	ARPC2;CD44;NCK1;ABI1;CYFIP1;PLEKHO1;S1PR1;NUP85;RAC2;RHOD;CCDC88A;FSCN1;VAV3;SNX2;RAC1;ARHGEF6;PARVB;CAPZB	TUB	GO_BP	no_proc_ieg	10347
GOBP_POSITIVE_REGULATION_OF_LIPASE_ACTIVITY	1.0669321327773025	0.35909090909090907	0.6088266983151899	8/42	CCL5;RHOC;CD86;GNA15;RHOA;P2RY6;C5AR1;HRAS	TUB	GO_BP	no_proc_ieg	10347
GOBP_POSITIVE_REGULATION_OF_NITRIC_OXIDE_METABOLIC_PROCESS	1.0668488073222315	0.38461538461538464	0.6086020656564447	4/27	CLU;HBB;CD36;TICAM1	TUB	GO_BP	no_proc_ieg	10347
GOBP_POSITIVE_REGULATION_OF_TRANSCRIPTION_BY_RNA_POLYMERASE_I	1.0664178049396162	0.3751962323390895	0.6092673692316745	7/23	CARM1;NOL11;DEK;SMARCA5;UBTF;ACTR6;MARS1	TUB	GO_BP	no_proc_ieg	10347
GOBP_DISRUPTION_OF_ANATOMICAL_STRUCTURE_IN_ANOTHER_ORGANISM	1.066352518101465	0.3553008595988539	0.6089792944501866	16/62	MICB;GZMA;MYD88;LYZ;RPS19;GZMH;C8G;CXCL6;GZMB;NKG7;H2BC12;APOL1;LTF;GBP2;F2RL1;GBP1	TUB	GO_BP	no_proc_ieg	10347
GOBP_REGULATION_OF_CYCLIN_DEPENDENT_PROTEIN_KINASE_ACTIVITY	1.06622351452649	0.3493635077793494	0.6088942486951329	12/60	HHEX;CDKN3;NR2F2;PSRC1;CCNA2;PTEN;CCNO;GTPBP4;APC;GTF2H1;CCNB1;CCNK	TUB	GO_BP	no_proc_ieg	10347
GOBP_REGULATION_OF_MACROAUTOPHAGY	1.065892073183286	0.34513274336283184	0.6093292631720885	44/133	UBQLN2;TSPO;DDRGK1;SPTLC2;ATP6V0E1;GNAI3;SH3GLB1;VPS35;FYCO1;VPS26A;ATP6V0A2;AMBRA1;UCHL1;HSPB8;TIGAR;CASP3;ATP6V0C;QSOX1;RUBCN;CAPNS1;NOD2;CAPN1;BECN1;PIP4K2A;RALB;ATG5;EXOC1;HMOX1;SLC25A5;FEZ2;LYPLA1;HIF1A;UBE2A;RAB3GAP1;ATG12;SNX7;ADRB2;SCFD1;SUPT5H;ATP6V0B;SREBF1;NEDD4;CLN3;MOAP1	TUB	GO_BP	no_proc_ieg	10347
GOBP_ORGANOPHOSPHATE_ESTER_TRANSPORT	1.0657557655226573	0.3426666666666667	0.6092076149140766	18/90	PLTP;ABCA1;CERT1;TRIAP1;PLEKHA8P1;CD47;ATP9A;ESYT1;APOC1;SCARB1;ABCA3;ABCC1;SLC37A1;PLSCR1;PANX1;ATP10D;G6PC3;ABCC4	TUB	GO_BP	no_proc_ieg	10347
GOBP_T_CELL_DIFFERENTIATION_INVOLVED_IN_IMMUNE_RESPONSE	1.0653919799034306	0.3446327683615819	0.6097346096142451	13/59	HLA-DRB1;HLA-DRA;CD86;ANXA1;FCER1G;HLX;MYB;CCL19;ASCL2;STAT4;IL18R1;IL18;FGL2	TUB	GO_BP	no_proc_ieg	10347
GOBP_REGULATION_OF_RELEASE_OF_SEQUESTERED_CALCIUM_ION_INTO_CYTOSOL	1.064611792174581	0.36995827538247567	0.6113719945149393	11/63	CYBA;ITGB3;BAX;CXCL9;SRI;CLIC2;PTPN6;CX3CL1;CXCL11;ABL1;P2RY6	TUB	GO_BP	no_proc_ieg	10347
GOBP_NEGATIVE_REGULATION_OF_DNA_REPLICATION	1.0641126757647057	0.38461538461538464	0.6122290183548813	10/17	S100A11;DYNLL1;GTPBP4;CDT1;FBXO5;CDC6;WAPL;LIG3;ATR;TTF1	TUB	GO_BP	no_proc_ieg	10347
GOBP_VACUOLAR_LOCALIZATION	1.0638994265754194	0.3808139534883721	0.6123540278867851	12/49	S100A13;CD300A;VAMP8;PIK3CG;RASGRP1;RAC2;TMEM106B;FCER1A;MYH9;STXBP1;CBL;PTGDR	TUB	GO_BP	no_proc_ieg	10347
GOBP_GASTRULATION	1.0634978456702389	0.3455233291298865	0.6129204378091112	26/144	SMAD1;NF2;FN1;ITGB2;SOX17;ITGB3;ITGA4;RIC8A;HSBP1;AMOT;MACROH2A1;LAMB3;EXT1;PAF1;TAF10;GRB2;MMP2;BRD3;UGDH;MBP;COL5A2;ITGA3;EXT2;MYH9;PHLDB1;ITGAV	TUB	GO_BP	no_proc_ieg	10347
GOBP_REGULATION_OF_NEUROTRANSMITTER_UPTAKE	1.0630773919072523	0.3564189189189189	0.6135504406636371	3/17	FLOT1;ITGB3;GPM6B	TUB	GO_BP	no_proc_ieg	10347
GOBP_PYRIMIDINE_CONTAINING_COMPOUND_CATABOLIC_PROCESS	1.0627786141184667	0.3858615611192931	0.6138974421359888	4/32	DCTPP1;APOBEC3G;TYMP;DCTD	TUB	GO_BP	no_proc_ieg	10347
GOBP_AMIDE_METABOLIC_PROCESS	1.0621679534017483	0.3221099887766554	0.6150410451123749	87/300	TMED10;NAGK;CLU;ARL6IP5;PSENEN;CERT1;HEXB;PLAAT4;ST6GALNAC4;NEU1;B4GALT5;NFE2L2;SLC5A6;P4HB;GM2A;SPTLC2;PLPP2;PANK2;ACSL5;PSEN2;ITGB8;DEGS1;PSEN1;CPA3;TDO2;VNN2;RTN1;NNMT;RTN2;CPE;CTSZ;GLRX2;HACD1;PLAAT1;TIGAR;ADAM10;PLA2G7;SGMS1;CASP3;ACACA;HPGDS;PLA2G15;UGT8;GNE;SGPL1;B4GALT4;APH1A;PPT1;GSTP1;ETHE1;CEBPA;IDE;SP1;CERS4;BECN1;MTHFD2;MMACHC;PPCS;PDHX;DPEP2;ST3GAL5;SMPD2;ACOT9;PDK1;ST3GAL2;ABHD4;PLPP1;BCHE;ZNF750;SCARB2;ST8SIA4;CSNK1E;PCSK5;SOD2;G6PD;ORMDL2;PAM;UGCG;AASDHPPT;IFNGR1;RTN3;ASAH1;PIN1;SLC30A5;XPNPEP1;VNN1;AMDHD2	TUB	GO_BP	no_proc_ieg	10347
GOBP_CYTOPLASMIC_TRANSLATIONAL_INITIATION	1.062039388842472	0.3807266982622433	0.6149413799137419	18/29	EIF3J;NCK1;NCBP2;EIF2B4;METTL3;EIF3G;EIF3D;EIF2B1;SH3BGRL;EIF4G1;IMPACT;EIF3I;SLBP;EIF3H;EIF3L;RPL13A;DHX29;MCTS1	TUB	GO_BP	no_proc_ieg	10347
GOBP_REGULATION_OF_OXIDOREDUCTASE_ACTIVITY	1.0610606055552443	0.37700145560407566	0.6170507222690605	6/50	S100A1;GZMA;NFKB1;CDH3;FXN;SCARB1	TUB	GO_BP	no_proc_ieg	10347
GOBP_POSITIVE_REGULATION_OF_GTPASE_ACTIVITY	1.0605086965466373	0.33875	0.6180086807841757	28/132	ECT2;MAP4K4;CCL5;RGS10;TBC1D2;EZH2;GPR65;CAV2;TIAM1;RASGRP1;TBC1D2B;CDKL5;ARHGAP29;CCL19;CX3CL1;S100A10;CXCL13;ARHGEF5;HRAS;RASGRP2;USP6NL;RAPGEF3;AGRN;CCL20;CD40;ARHGAP25;CCL18;WDR41	TUB	GO_BP	no_proc_ieg	10347
GOBP_HYDROGEN_PEROXIDE_METABOLIC_PROCESS	1.0604778545565643	0.375366568914956	0.6176492151183658	6/37	PRDX4;CYBA;CYBB;HBD;HBB;RAC2	TUB	GO_BP	no_proc_ieg	10347
GOBP_CELLULAR_RESPONSE_TO_LIGHT_STIMULUS	1.0603704081106673	0.36304909560723514	0.6175241068067402	15/87	TIMP1;POLH;TRIAP1;PBK;BAX;CRIP1;NPM1;PPID;MMP1;AURKB;RUVBL2;NMT2;NMT1;RBX1;PCNA	TUB	GO_BP	no_proc_ieg	10347
GOBP_ENDOTHELIAL_CELL_CHEMOTAXIS	1.0603209196198853	0.4032520325203252	0.6172091032693326	8/19	THBS1;FGF2;CXCL13;NRP1;CCN3;MET;P2RX4;PRKD1	TUB	GO_BP	no_proc_ieg	10347
GOBP_REGULATION_OF_CHROMATIN_ORGANIZATION	1.0598278124792462	0.3700787401574803	0.618039626379136	8/24	ATF7IP;MORC2;MACROH2A1;MLLT3;MPHOSPH8;BAZ1A;TASOR;TRIM28	TUB	GO_BP	no_proc_ieg	10347
GOBP_REGULATION_OF_LYSOSOMAL_LUMEN_PH	1.059620081461294	0.3872	0.6181315218173774	12/21	GRN;TMEM106B;ATP6V0C;PPT1;TMEM165;CLN5;LAMP1;LAMP2;ATP6V0B;ATP6AP1;CLN3;CREG1	TUB	GO_BP	no_proc_ieg	10347
GOBP_BASE_EXCISION_REPAIR	1.05948653078875	0.36468885672937773	0.618005066822564	12/32	RPA1;RPA2;PCNA;APEX1;NEIL3;PARP1;FEN1;RPS3;MBD4;WRN;NTHL1;LIG3	TUB	GO_BP	no_proc_ieg	10347
GOBP_NEURON_APOPTOTIC_PROCESS	1.05945638700809	0.3380614657210402	0.6176376315419901	39/222	FADD;CLU;COL6A3;CASP8;GPRASP3;APAF1;CX3CR1;UCP2;NAE1;BAX;RHOA;FZD1;BID;SET;EPHA7;RB1;MYB;PSEN1;ADNP;TUBA1A;GRN;SIGMAR1;CASP2;PIGT;AMBRA1;HYOU1;CX3CL1;IL27RA;MMP2;ABL1;CASP7;CASP3;HRAS;PARP1;NRP1;TOX3;MDK;CASP4;PPT1	TUB	GO_BP	no_proc_ieg	10347
GOBP_REGULATION_OF_CELLULAR_RESPONSE_TO_GROWTH_FACTOR_STIMULUS	1.0593218139924956	0.3411619283065513	0.6175375048183418	35/211	CITED2;RNF111;ZEB2;THBS1;ITGB3;SLC2A10;HHEX;FSTL1;CDH3;INTS9;CAV2;FZD1;VEGFC;CYFIP1;HDAC1;FERMT1;DOK5;CDH5;PPARG;FGF2;UBE2D1;CD63;RUNX2;SPRY1;TNFAIP6;ABL1;MSX1;CXCL13;DKK3;PMEPA1;SMURF2;CILP;NPTN;MMRN2;NRP1	TUB	GO_BP	no_proc_ieg	10347
GOBP_REGULATION_OF_MEMBRANE_LIPID_DISTRIBUTION	1.0588194427612734	0.37777777777777777	0.61843335049398	7/33	ABCA1;TRIAP1;ATP9A;ABCA3;ABCC1;PLSCR1;ATP10D	TUB	GO_BP	no_proc_ieg	10347
GOBP_ENDOPLASMIC_RETICULUM_UNFOLDED_PROTEIN_RESPONSE	1.0582661114686014	0.3445040214477212	0.6194174004887859	9/54	DDRGK1;DERL2;NFE2L2;BAX;NCK1;ERMP1;AGR2;PARP8;DERL1	TUB	GO_BP	no_proc_ieg	10347
GOBP_RESPONSE_TO_ACID_CHEMICAL	1.058212953671394	0.36597938144329895	0.6191224871115314	19/102	RRAGC;COL3A1;COL4A1;COL1A1;CYBB;MYD88;COL1A2;DNMT1;TUBA1A;RBX1;PCNA;MMP2;CASP3;COL18A1;COL5A2;LAMTOR3;TAF9;TOMM70;CDKN1B	TUB	GO_BP	no_proc_ieg	10347
GOBP_NEGATIVE_REGULATION_OF_NUCLEOTIDE_METABOLIC_PROCESS	1.0582021629435971	0.3800978792822186	0.6187183332378787	4/19	HDAC4;TSPO;TIGAR;PARP1	TUB	GO_BP	no_proc_ieg	10347
GOBP_POSITIVE_REGULATION_OF_OLIGODENDROCYTE_DIFFERENTIATION	1.0573578638389614	0.4031496062992126	0.6204888026777692	5/21	TNFRSF1B;IL33;HDAC1;MYRF;MDK	TUB	GO_BP	no_proc_ieg	10347
GOBP_NEGATIVE_REGULATION_OF_VASCULAR_ASSOCIATED_SMOOTH_MUSCLE_CELL_PROLIFERATION	1.056870821005364	0.3852080123266564	0.6213976254113399	8/19	PTEN;PPARG;MEF2C;GNA12;RBM10;CDKN1B;PDCD4;SOD2	TUB	GO_BP	no_proc_ieg	10347
GOBP_CILIUM_ORGANIZATION	1.0561907133079995	0.34085510688836107	0.622779340043499	44/224	RAB23;CILK1;AURKA;TBC1D2;RAB8B;MNS1;CCNO;TTLL1;CSNK1D;DYNLL1;TBC1D2B;CDKL5;CBY1;EHD4;SEPTIN2;IFT52;CEP131;PLK4;TOGARAM1;LRRC61;RP2;IFT56;CFAP20;WRAP73;IFT20;CCDC88A;RPGRIP1L;BBS7;VDAC3;WDR44;RAB8A;EHD3;CLCN4;ARF4;BBS10;USP6NL;TXNDC15;CEP162;SPAG1;TCTN3;ASAP1;RO60;ABCC4;CEP164	TUB	GO_BP	no_proc_ieg	10347
GOBP_PROTEIN_ACTIVATION_CASCADE	1.0561797403538904	0.3891625615763547	0.622374415211242	4/19	ITGB3;MVP;PRCP;F13A1	TUB	GO_BP	no_proc_ieg	10347
GOBP_REGULATION_OF_AMIDE_METABOLIC_PROCESS	1.0557197746601399	0.37319884726224783	0.623151813793515	16/50	TMED10;CLU;NFE2L2;RTN1;RTN2;TIGAR;CASP3;SP1;PDK1;ZNF750;SCARB2;CSNK1E;ORMDL2;IFNGR1;RTN3;PIN1	TUB	GO_BP	no_proc_ieg	10347
GOBP_PROTEIN_DEACETYLATION	1.0553155642882255	0.34950071326676174	0.6237899343568457	6/37	HDAC4;HDAC1;NNMT;FNTA;YEATS2;ZZZ3	TUB	GO_BP	no_proc_ieg	10347
GOBP_MUSCLE_HYPERTROPHY	1.055207941117112	0.3574408901251738	0.6236363920691801	26/69	HDAC4;CYBA;EZH2;TNFRSF1B;TIAM1;MYH6;PAK2;PPARG;SORBS2;PARP1;TOMM70;BECN1;P2RX4;HEY2;HTR2B;G6PD;GLRX3;AGT;PDLIM5;MEF2A;MEIS1;INPP5F;RGS4;KDM4A;NFATC3;RAP1GDS1	TUB	GO_BP	no_proc_ieg	10347
GOBP_EMBRYONIC_PLACENTA_DEVELOPMENT	1.0550876980005364	0.3816155988857939	0.6235039324280355	19/68	CITED2;CASP8;VASH1;NR2F2;VASH2;PCDH12;SPINT2;SPINT1;PLK4;TAF10;GRB2;ASCL2;KRT19;STK4;CEBPA;BPTF;HEY2;MAP2K1;MED1	TUB	GO_BP	no_proc_ieg	10347
GOBP_ORGAN_GROWTH	1.0545460853669815	0.36787564766839376	0.6244922270623896	18/117	CITED2;SMAD1;WWC1;LEPR;BASP1;VGLL4;FXN;CDK1;PTEN;EXT1;HLX;MYH6;FGF2;S1PR1;SORBS2;ABL1;MAPK11;IL7	TUB	GO_BP	no_proc_ieg	10347
GOBP_PHOSPHATIDYLINOSITOL_3_KINASE_PROTEIN_KINASE_B_SIGNAL_TRANSDUCTION	1.054483585838019	0.3623693379790941	0.6242229070615992	45/221	PIK3R3;RRAS;COL6A3;CCL5;FN1;CX3CR1;THBS1;TPBG;DDR1;SERPINE2;HCLS1;CEP55;PTEN;PIK3IP1;PRR5L;PIK3CG;RASGRP1;BANK1;PTPN6;FGF2;BTN2A2;CCL19;AMBRA1;CX3CL1;MUL1;CCDC88A;IL18;MYDGF;RUBCN;ITGB1BP1;AKR1C2;RAPGEF3;VAV3;RELN;CD40;TWIST1;SELP;ROR1;HPSE;COL6A2;F2RL1;BECN1;P2RX4;PTK2;HYAL2	TUB	GO_BP	no_proc_ieg	10347
GOBP_REGULATION_OF_MYOBLAST_FUSION	1.0529936843153682	0.40887480190174325	0.6275957111366415	6/17	FLOT1;CXCL9;PLEKHO1;CD53;CXCL10;CAPN2	TUB	GO_BP	no_proc_ieg	10347
GOBP_REGULATION_OF_KERATINOCYTE_DIFFERENTIATION	1.0527763100496785	0.41437308868501527	0.6277615265983005	5/26	PLAAT4;EZH2;MACROH2A1;MACROH2A2;PRKCH	TUB	GO_BP	no_proc_ieg	10347
GOBP_POSITIVE_REGULATION_OF_ESTABLISHMENT_OF_PROTEIN_LOCALIZATION	1.052758071113371	0.3693181818181818	0.6273717567612968	35/243	GOLPH3L;TMED10;ECT2;ITGB2;ITGAM;HLA-DRB1;RBM22;HCLS1;CDK1;FRMD4A;PPID;CAMK1;VEGFC;PRR5L;SRI;CCT6A;CD38;PSEN1;DYNLL1;SAE1;VPS28;AKAP5;SH3GLB1;PPARG;VPS35;CEP131;STOM;RAC2;NADK;TRPM4;ITGB1BP1;ARHGEF5;HRAS;ERGIC3;RAPGEF3	TUB	GO_BP	no_proc_ieg	10347
GOBP_CYCLIC_NUCLEOTIDE_BIOSYNTHETIC_PROCESS	1.0524490101712678	0.39672131147540984	0.6277385692514582	3/18	GUCY1B1;ADCY7;GUCY1A1	TUB	GO_BP	no_proc_ieg	10347
GOBP_REGULATION_OF_CELL_SHAPE	1.0518940032908182	0.383289124668435	0.6287136879798693	21/99	PLXNA1;NF2;FN1;HEXB;ITGB2;ARHGAP15;CYFIP1;ANXA1;PLXNB2;PLEKHO1;PLXNC1;HCK;ALDOA;RAC1;LST1;MYH9;CRK;GNA12;CCL11;PTK2;PARVB	TUB	GO_BP	no_proc_ieg	10347
GOBP_BLASTOCYST_FORMATION	1.0518067587578406	0.38425925925925924	0.6284907266073707	5/31	CITED2;HOPX;SOX17;GABPA;TM4SF1	TUB	GO_BP	no_proc_ieg	10347
GOBP_DENDRITIC_SPINE_DEVELOPMENT	1.0518041574030463	0.3683492496589359	0.6280567278971936	16/73	GPRASP3;DBN1;TIAM1;CAMK1;PTEN;MAPK6;PSEN1;PAK2;CDKL5;ARF4;ARHGAP44;RELN;STAU2;ASAP1;MEF2C;EIF4G2	TUB	GO_BP	no_proc_ieg	10347
GOBP_GLIAL_CELL_DIFFERENTIATION	1.0517355079305728	0.3664302600472813	0.6277870868255389	35/192	CLU;CSK;ZEB2;B4GALT5;MYD88;TNFRSF1B;VIM;C1QA;SERPINE2;CDK1;IL33;RHOA;PTEN;VCAN;HDAC1;GPM6B;PSEN1;FGF2;SPINT1;TUBA1A;GRN;GRB2;ABL1;MYRF;C5AR1;NR1D1;EIF2B4;HRAS;MDK;CSPG5;RELN;METTL3;NR3C1;ROR1;SOX4	TUB	GO_BP	no_proc_ieg	10347
GOBP_GLYCEROPHOSPHOLIPID_METABOLIC_PROCESS	1.0516373337752358	0.34560570071258906	0.6275872847624494	60/193	PIK3R3;LPCAT1;LPCAT3;CDIPT;PLA2G4C;PLAAT4;AGPAT2;LIPC;APOC1;SCARB1;PTEN;LPGAT1;PIK3CG;ABCA3;INPP5D;PIGT;MTMR2;PLA1A;DPM3;PLAAT1;INPP4B;PLA2G7;PLA2G15;PLSCR1;FABP3;RAB38;INPP1;PLA2G4A;BECN1;CDS1;PIP4K2A;PLCB4;CAPN2;PGS1;ABHD4;CETP;GDE1;HTR2B;IP6K1;SOCS1;DGKI;EFR3A;PIGB;DBI;SOCS5;PLCH1;ABHD3;SLC30A5;SMG1;ATM;GNPAT;PIGN;CLN3;FIG4;HDHD5;SYNJ1;PHB2;INPP5F;GPAA1;PIP5K1C	TUB	GO_BP	no_proc_ieg	10347
GOBP_MACROAUTOPHAGY	1.05148936486906	0.3438967136150235	0.627514573396644	74/233	RAB23;UBQLN2;TSPO;DDRGK1;RUBCNL;VPS4B;VAMP8;SPTLC2;RAB33B;ATP6V0E1;PSEN1;GNAI3;VPS28;SH3GLB1;VPS35;FYCO1;VPS26A;ATP6V0A2;RAB33A;AMBRA1;CTSD;UCHL1;HSPB8;IFT20;TIGAR;CASP3;ATP6V0C;QSOX1;EMC6;RUBCN;CAPNS1;GABARAP;STAM;NOD2;ZFYVE26;RETREG2;CAPN1;BECN1;LGALS8;NIPSNAP2;PIP4K2A;VPS41;MAP1LC3C;CHMP7;RALB;RB1CC1;ATG5;EXOC1;HMOX1;LAMP2;ULK2;SLC25A5;EI24;FEZ2;UFC1;LYPLA1;HIF1A;UBE2A;RAB3GAP1;ATG12;ARHGAP26;SNX7;ADRB2;SQSTM1;RAB7A;SCFD1;SUPT5H;ATM;RAB1B;ATP6V0B;SREBF1;NEDD4;CLN3;MOAP1	TUB	GO_BP	no_proc_ieg	10347
GOBP_REGULATION_OF_CARDIAC_MUSCLE_CELL_PROLIFERATION	1.0509283140876011	0.40345368916797486	0.6285064275198282	8/31	CITED2;VGLL4;CDK1;FGF2;MAPK11;MEF2C;HEY2;FGF20	TUB	GO_BP	no_proc_ieg	10347
GOBP_POSITIVE_REGULATION_OF_DOUBLE_STRAND_BREAK_REPAIR	1.0505221606925084	0.3954154727793696	0.6291803105020104	19/60	RAD51AP1;SMARCE1;FUS;SMARCD3;FOXM1;RUVBL2;NBN;PARP1;ACTL6A;RUVBL1;WDR48;KMT5B;TRRAP;WRAP53;SMCHD1;MORF4L2;PIAS4;SKP2;TOP2B	TUB	GO_BP	no_proc_ieg	10347
GOBP_REGULATION_OF_PHOSPHOLIPID_METABOLIC_PROCESS	1.0502156201968276	0.3741830065359477	0.6295328932693037	7/25	LPCAT1;APOC1;SCARB1;ABCA3;MTMR2;FABP3;RAB38	TUB	GO_BP	no_proc_ieg	10347
GOBP_POSITIVE_REGULATION_OF_GLIAL_CELL_DIFFERENTIATION	1.0501452174286061	0.3949447077409163	0.6292586922934771	7/33	TNFRSF1B;SERPINE2;IL33;HDAC1;SPINT1;MYRF;MDK	TUB	GO_BP	no_proc_ieg	10347
GOBP_ASTROCYTE_DEVELOPMENT	1.0499887552746858	0.3892128279883382	0.6292189874266149	7/35	ZEB2;VIM;C1QA;PSEN1;GRN;C5AR1;NR1D1	TUB	GO_BP	no_proc_ieg	10347
GOBP_REGULATION_OF_LYMPHOCYTE_CHEMOTAXIS	1.0493433560554672	0.3971061093247588	0.6305059395339414	6/18	CCL5;CCR2;STK39;CXCL13;ADAM10;CXCL10	TUB	GO_BP	no_proc_ieg	10347
GOBP_PHOSPHATIDIC_ACID_METABOLIC_PROCESS	1.0480805180909676	0.3893129770992366	0.6334249464662293	2/24	LPCAT1;AGPAT2	TUB	GO_BP	no_proc_ieg	10347
GOBP_NEGATIVE_REGULATION_OF_RESPONSE_TO_WOUNDING	1.0474366543078248	0.3991825613079019	0.6346706702252422	19/75	SERPING1;THBS1;SERPINE2;IL33;TSPAN8;PTEN;PTPN6;FGF2;ALOX5;CLDN3;MDK;SPP1;CPB2;ANXA2;CRK;TFPI;PLAT;FAP;TMX1	TUB	GO_BP	no_proc_ieg	10347
GOBP_REGULATION_OF_ANOIKIS	1.0473440886439804	0.3974151857835218	0.6344608335442995	3/19	PIK3R3;TLE1;CAV1	TUB	GO_BP	no_proc_ieg	10347
GOBP_POSITIVE_REGULATION_OF_VASOCONSTRICTION	1.0470608352392667	0.40536277602523657	0.6347503622447259	6/27	RHOA;CD38;OXTR;CAV1;ABL1;TRPM4	TUB	GO_BP	no_proc_ieg	10347
GOBP_LYMPH_VESSEL_MORPHOGENESIS	1.0462030119064294	0.40219092331768386	0.636542952589735	6/16	VASH1;VEGFC;FGF2;LGALS8;SOX18;BMPR2	TUB	GO_BP	no_proc_ieg	10347
GOBP_INCLUSION_BODY_ASSEMBLY	1.045804527980593	0.401006711409396	0.6371476623431057	2/17	UBD;CLU	TUB	GO_BP	no_proc_ieg	10347
GOBP_REGULATION_OF_CELLULAR_CATABOLIC_PROCESS	1.0456745414170112	0.3609865470852018	0.6370464806754826	57/319	RRAGC;PYCARD;TIMP1;IL10RA;UBQLN2;TSPO;DDRGK1;PLK2;LAPTM5;LEPR;DRAM1;TNFRSF1B;CTSA;MYLIP;TRIM21;EIF4G3;SPTLC2;APOC1;SCARB1;IFI16;PIK3CG;ATP6V0E1;PSEN1;TRIM22;GNAI3;SH3GLB1;VPS35;ADRA2A;FYCO1;VPS26A;ATP6V0A2;LAMP3;MTMR2;AMBRA1;TICAM1;UCHL1;HSPB8;STK38L;ABL1;PHKA1;TIGAR;CASP3;ATP6V0C;QSOX1;RUBCN;CAPNS1;RAB8A;KEAP1;TIMP2;TWIST1;MET;EIF4G2;WDR41;NOD2;TRIM27;ANXA2;CAPN1	TUB	GO_BP	no_proc_ieg	10347
GOBP_REGULATION_OF_STRIATED_MUSCLE_CELL_DIFFERENTIATION	1.0453122207269685	0.38764044943820225	0.637562757599308	6/60	HDAC4;HOPX;EZH2;MAML1;EFNB2;HDAC1	TUB	GO_BP	no_proc_ieg	10347
GOBP_POSITIVE_REGULATION_OF_B_CELL_ACTIVATION	1.0449080604962222	0.39805825242718446	0.6381727673728211	17/57	DDRGK1;CD38;NCKAP1L;INPP5D;TICAM1;IL7;CD27;MLH1;VAV3;CD40;MEF2C;NOD2;CD74;NSD2;PPP2R3C;CD81;KMT5B	TUB	GO_BP	no_proc_ieg	10347
GOBP_BEHAVIORAL_RESPONSE_TO_PAIN	1.0446752019557806	0.3927392739273927	0.6383667764822973	2/16	TSPO;THBS1	TUB	GO_BP	no_proc_ieg	10347
GOBP_NEGATIVE_REGULATION_OF_AMIDE_METABOLIC_PROCESS	1.0446394374668035	0.4297520661157025	0.6380196718849717	3/18	CLU;RTN1;RTN2	TUB	GO_BP	no_proc_ieg	10347
GOBP_SEROTONIN_TRANSPORT	1.0444205521296162	0.4	0.6381601304578911	3/19	ITGB3;SLC29A3;GPM6B	TUB	GO_BP	no_proc_ieg	10347
GOBP_NEGATIVE_REGULATION_OF_DNA_BINDING	1.043690264911357	0.4217252396166134	0.6396249495701158	6/27	GZMA;IFI16;ZNF675;PSEN1;SUMO3;SP100	TUB	GO_BP	no_proc_ieg	10347
GOBP_SEMINIFEROUS_TUBULE_DEVELOPMENT	1.0435332447452075	0.4142614601018676	0.6395719103337014	7/15	ADGRG1;BRIP1;KIF18A;REC8;WDR48;INHBB;SPATA2	TUB	GO_BP	no_proc_ieg	10347
GOBP_NEGATIVE_REGULATION_OF_ERBB_SIGNALING_PATHWAY	1.0417599963625843	0.3839869281045752	0.643817308322789	6/20	NUP62;MVP;CBL;PTPN12;SOCS5;RAB7A	TUB	GO_BP	no_proc_ieg	10347
GOBP_POSITIVE_REGULATION_OF_ALPHA_BETA_T_CELL_DIFFERENTIATION	1.0411822937362063	0.4106628242074928	0.6449202532787051	8/46	HLA-DRB1;HLA-DRA;CD86;RHOA;ANXA1;HLX;NCKAP1L;CCL19	TUB	GO_BP	no_proc_ieg	10347
GOBP_REGULATION_OF_MEGAKARYOCYTE_DIFFERENTIATION	1.041089994354904	0.40031645569620256	0.6447165401721595	3/20	TESC;GABPA;MYB	TUB	GO_BP	no_proc_ieg	10347
GOBP_REGULATION_OF_NEURAL_PRECURSOR_CELL_PROLIFERATION	1.0408406836488937	0.3763586956521739	0.644964044450857	18/75	NF2;CX3CR1;ADGRG1;SMARCD3;RHOA;CTNNA1;VEGFC;VCAN;SPINT2;FGF2;SPINT1;CX3CL1;ASPM;GNG5;TOX;MDK;SHCBP1;FZD3	TUB	GO_BP	no_proc_ieg	10347
GOBP_CHONDROITIN_SULFATE_PROTEOGLYCAN_METABOLIC_PROCESS	1.0406039790908894	0.4205298013245033	0.6451213449812255	8/19	DSE;HEXB;EXT1;UGDH;GUSB;CHST15;CHPF2;CSGALNACT1	TUB	GO_BP	no_proc_ieg	10347
GOBP_REGULATION_OF_SYNAPSE_ASSEMBLY	1.0401555985715538	0.37667560321715815	0.6458303445480514	17/86	GPRASP3;TPBG;FLRT3;FZD1;GPC4;EPHA7;THBS2;ADNP;SRPX2;OXTR;VPS35;AGRN;STAU2;NLGN4X;MEF2C;FARP1;FLRT2	TUB	GO_BP	no_proc_ieg	10347
GOBP_REGULATION_OF_BONE_REMODELING	1.0401259819339905	0.40606060606060607	0.6454595330750784	10/38	CSK;ITGB3;LEPR;CD38;TNFRSF11B;INPP5D;S1PR1;IAPP;MDK;SPP1	TUB	GO_BP	no_proc_ieg	10347
GOBP_RESPONSE_TO_LITHIUM_ION	1.040044069189249	0.42424242424242425	0.6452378211163166	5/15	XRCC4;ADCY7;FABP4;CEBPA;CDKN1B	TUB	GO_BP	no_proc_ieg	10347
GOBP_REGULATION_OF_CALCIUM_ION_TRANSMEMBRANE_TRANSPORT	1.0398804307921887	0.4012987012987013	0.6452362017485254	20/126	CYBA;UCP2;ITGB3;BAX;CXCL9;MS4A1;PIK3CG;PSEN2;SRI;CLIC2;CACNB3;AKAP5;TSPAN13;PTPN6;ADRA2A;CAV1;CX3CL1;CXCL11;ABL1;P2RY6	TUB	GO_BP	no_proc_ieg	10347
GOBP_MRNA_TRANSCRIPTION	1.039790650932012	0.4100609756097561	0.6450358652395525	14/41	TAF4;PPARG;TAF10;NCBP2;S100A10;C5AR1;TBP;TAF9;ANXA2;TAF5;MED1;TAF7;ZBTB1;NCOA2	TUB	GO_BP	no_proc_ieg	10347
GOBP_SPERM_FLAGELLUM_ASSEMBLY	1.0393337677614256	0.41545893719806765	0.6457862586861078	4/19	MNS1;TTLL1;CEP131;VDAC3	TUB	GO_BP	no_proc_ieg	10347
GOBP_HEPARAN_SULFATE_PROTEOGLYCAN_BIOSYNTHETIC_PROCESS	1.0389014963172327	0.4161290322580645	0.6464409695146481	5/21	DSE;EXT1;UGDH;HS2ST1;EXT2	TUB	GO_BP	no_proc_ieg	10347
GOBP_GLIAL_CELL_DEVELOPMENT	1.0387097407249886	0.41092327698309494	0.6464933269798753	19/102	CLU;ZEB2;B4GALT5;VIM;C1QA;PTEN;GPM6B;PSEN1;GRN;GRB2;MYRF;C5AR1;NR1D1;EIF2B4;HRAS;MDK;CSPG5;ROR1;SOX4	TUB	GO_BP	no_proc_ieg	10347
GOBP_REGULATION_OF_CELL_SUBSTRATE_JUNCTION_ORGANIZATION	1.0379524097881752	0.40714285714285714	0.648003896147659	15/57	MAP4K4;THBS1;RHOA;PTEN;GPM6B;ACTG1;S100A10;ABL1;ITGB1BP1;NRP1;RAC1;DUSP22;PTK2;PEAK1;VCL	TUB	GO_BP	no_proc_ieg	10347
GOBP_REGULATION_OF_RECEPTOR_INTERNALIZATION	1.0378508826169055	0.39461883408071746	0.6478095176082217	16/47	FLOT1;UBQLN2;ITGB3;EFNB2;CD63;MTMR2;ATXN2;ANXA2;SDCBP;RIN3;PPP3R1;SCRIB;FMR1;AP2M1;SYT17;SFRP4	TUB	GO_BP	no_proc_ieg	10347
GOBP_PROTEIN_DEPOLYMERIZATION	1.0370776383617544	0.4025069637883008	0.6493522761627212	23/79	VPS4B;CAPG;SPAST;FLII;SWAP70;APC;MAP1S;MICAL2;KIF2A;KIF18A;TPX2;STMN3;TMOD3;DSTN;F2RL1;MID1;CAPZB;CAPZA2;EPS8;KIF14;MID1IP1;FGF13;CKAP2	TUB	GO_BP	no_proc_ieg	10347
GOBP_REGULATION_OF_PROTEIN_LOCALIZATION_TO_NUCLEUS	1.035989479470186	0.4055766793409379	0.651767275179676	29/99	RAB23;ECT2;NF2;RBM22;HCLS1;CDK1;CTNNA1;FERMT1;CCT6A;PSEN1;CD36;SUMO3;PARP1;MARK3;DKC1;PKIA;HYAL2;CCT4;MDFIC;MAGED1;PRKD1;CCT7;YAP1;TRIM28;CCT3;PIN1;YWHAZ;NVL;ZPR1	TUB	GO_BP	no_proc_ieg	10347
GOBP_REGULATION_OF_ENDOTHELIAL_CELL_CHEMOTAXIS	1.0356573136772778	0.4113821138211382	0.6521915832855026	6/15	THBS1;FGF2;CXCL13;MET;P2RX4;PRKD1	TUB	GO_BP	no_proc_ieg	10347
GOBP_REGULATION_OF_PROTEIN_LOCALIZATION_TO_SYNAPSE	1.03505942851007	0.39933993399339934	0.6532792743089636	5/17	NETO2;GPC4;ADAM10;HRAS;ARHGAP44	TUB	GO_BP	no_proc_ieg	10347
GOBP_NEGATIVE_REGULATION_OF_WNT_SIGNALING_PATHWAY	1.034697842354742	0.4064516129032258	0.6537896188080975	22/109	DACT1;SOX17;TPBG;VGLL4;TLE1;HMGXB4;FZD1;HDAC1;FERMT1;RUVBL2;RBX1;CBY1;CAV1;APC;C12orf43;MLLT3;DKK3;MDK;FZD6;ANKRD6;STK4;IGFBP6	TUB	GO_BP	no_proc_ieg	10347
GOBP_GLYCEROLIPID_BIOSYNTHETIC_PROCESS	1.0345386422827272	0.39375	0.653771157875133	50/158	PIK3R3;LPCAT1;LPCAT3;CDIPT;PLA2G4C;AGPAT2;SCARB1;PTEN;LPGAT1;PIK3CG;C3;INPP5D;PIGT;MTMR2;DPM3;INPP4B;PLA2G15;PLSCR1;FABP3;RAB38;INPP1;PLA2G4A;BECN1;CDS1;PIP4K2A;CAPN2;PGS1;TMX1;ABHD4;HTR2B;IP6K1;SOCS1;DGKI;EFR3A;PIGB;SOCS5;ABHD3;SLC30A5;SMG1;ATM;GNPAT;PIGN;SREBF1;CLN3;FIG4;HDHD5;SYNJ1;INPP5F;GPAA1;PIP5K1C	TUB	GO_BP	no_proc_ieg	10347
GOBP_REGULATION_OF_AEROBIC_RESPIRATION	1.0341218675256978	0.41029641185647425	0.6544231080201067	5/26	PPIF;RHOA;MACROH2A1;COX7A2;IDE	TUB	GO_BP	no_proc_ieg	10347
GOBP_EPITHELIAL_TUBE_FORMATION	1.033877315673303	0.3915343915343915	0.6545824141045117	19/95	CITED2;APAF1;PRKACB;FZD1;PLXNB2;SPINT2;COBL;FGF2;SPINT1;IFT52;PFN1;ABL1;CASP3;MMRN2;HS2ST1;FZD6;STK4;TWIST1;FZD3	TUB	GO_BP	no_proc_ieg	10347
GOBP_HEAD_MORPHOGENESIS	1.0337301711544822	0.401244167962675	0.6545038854771853	5/29	RRAS;COL1A1;MMP2;MSX1;SGPL1	TUB	GO_BP	no_proc_ieg	10347
GOBP_INTRACELLULAR_ESTROGEN_RECEPTOR_SIGNALING_PATHWAY	1.0329867230058958	0.4043478260869565	0.6559369044989465	17/39	CARM1;DDRGK1;TRIP4;BRCA1;CYP7B1;PARP1;RBFOX2;MED1;CNOT2;TAF7;KMT2D;NCOA4;PAK1;PHB2;KANK2;POU4F2;SKP2	TUB	GO_BP	no_proc_ieg	10347
GOBP_PRESYNAPSE_ORGANIZATION	1.031255875365968	0.4122938530734633	0.6600112038029956	10/39	CAP2;FZD1;GPC4;PTEN;PCDH17;VPS35;C5AR1;NLGN4X;SDCBP;FARP1	TUB	GO_BP	no_proc_ieg	10347
GOBP_CD4_POSITIVE_ALPHA_BETA_T_CELL_DIFFERENTIATION	1.0310843258476365	0.4090909090909091	0.6599879509879116	14/68	HLA-DRB1;HLA-DRA;CD86;ANXA1;HLX;MYB;NCKAP1L;CCL19;ASCL2;STAT4;TOX;IL18R1;IL18;RSAD2	TUB	GO_BP	no_proc_ieg	10347
GOBP_NEGATIVE_REGULATION_OF_SMOOTHENED_SIGNALING_PATHWAY	1.030804950378366	0.43343653250773995	0.6603282616063174	4/20	SERPINE2;PRKACB;RB1;RUNX2	TUB	GO_BP	no_proc_ieg	10347
GOBP_CARBOHYDRATE_PHOSPHORYLATION	1.0306720579247912	0.4253246753246753	0.6602370724016057	4/19	NAGK;HKDC1;GNPTAB;PFKFB3	TUB	GO_BP	no_proc_ieg	10347
GOBP_TRIGLYCERIDE_METABOLIC_PROCESS	1.0300206297785417	0.4084507042253521	0.6615846238209253	11/66	LIPA;AGPAT2;LIPC;APOC1;SCARB1;LPGAT1;MGLL;PANK2;PIK3CG;C3;CAV1	TUB	GO_BP	no_proc_ieg	10347
GOBP_REGULATION_OF_ACTIN_NUCLEATION	1.0298939803297043	0.4161392405063291	0.6614617770408054	13/24	CYFIP1;WASHC4;FCHSD2;GMFB;TRIM27;GMFG;WASHC5;ARFIP1;WASF3;CORO1B;WASF1;WASHC3;NCKAP1	TUB	GO_BP	no_proc_ieg	10347
GOBP_NEGATIVE_REGULATION_OF_ERK1_AND_ERK2_CASCADE	1.0297586198541142	0.42196531791907516	0.6613893251569759	19/46	CSK;BTN2A2;SPRY1;ABL1;ITGB1BP1;SYNJ2BP;GSTP1;GBP1;RGS14;DUSP10;TNIP1;DAB2;PIN1;PSCA;TLR4;SIRPA;DUSP4;NHERF1;PTPRC	TUB	GO_BP	no_proc_ieg	10347
GOBP_OXIDATIVE_PHOSPHORYLATION	1.0297522031233526	0.42539267015706805	0.6609559544722641	17/76	PPIF;ATP5MF;FXN;CDK1;NDUFA6;RHOA;BID;MACROH2A1;COX5A;NDUFA13;ANTKMT;CCNB1;COX7A2;NDUFB5;COX4I1;NIPSNAP2;NDUFS6	TUB	GO_BP	no_proc_ieg	10347
GOBP_POSITIVE_REGULATION_OF_MRNA_METABOLIC_PROCESS	1.0296783036913422	0.42661179698216734	0.6607077355785114	39/73	AGO4;POLR2G;PRR5L;YTHDF1;YTHDF3;CNOT8;NCBP2;DCP2;EXOSC10;MLH1;EIF4ENIF1;METTL3;SAMD4A;PRPF19;CNOT3;CNOT2;CNOT6;TRA2A;PUM1;UPF3B;EXOSC8;GIGYF2;DAZAP1;LSM1;UPF3A;RC3H2;SNW1;PRMT5;AGO3;CDC73;PARN;NUP98;MEX3D;WDR77;SF3B4;TUT7;DCP1A;TENT4A;ZFP36L2	TUB	GO_BP	no_proc_ieg	10347
GOBP_GLYCEROLIPID_CATABOLIC_PROCESS	1.029127053680178	0.42152466367713004	0.6617226689194514	9/38	PLA2G4C;LIPC;APOC1;SCARB1;MGLL;PIK3CG;PLA2G7;PLA2G15;PLA2G4A	TUB	GO_BP	no_proc_ieg	10347
GOBP_NEGATIVE_REGULATION_OF_CALCIUM_MEDIATED_SIGNALING	1.0287489095387072	0.43812709030100333	0.6622661271865117	2/17	DYRK2;HOMER3	TUB	GO_BP	no_proc_ieg	10347
GOBP_POSITIVE_REGULATION_OF_ENDOTHELIAL_CELL_PROLIFERATION	1.028476654893778	0.4061624649859944	0.6625405852362468	21/66	AGGF1;ITGB3;ITGA4;NRAS;VASH2;CAV2;VEGFC;FGF2;MYDGF;NRP1;MDK;JCAD;SP1;CCL11;PRKD1;HMOX1;HTR2B;FGF7;CXCL12;HIF1A;ARNT	TUB	GO_BP	no_proc_ieg	10347
GOBP_NEURON_MIGRATION	1.0281100791203412	0.4050632911392405	0.6630134942532675	29/132	COL3A1;PLXNA1;ADGRG1;SATB2;NR2F2;BAX;RHOA;ABI1;GPM6A;PSEN1;PLXNB2;SHTN1;CRKL;TUBA1A;CDKL5;CX3CL1;ASPM;NRCAM;NRP1;MDK;ITGA3;RELN;RAC1;TWIST1;FZD3;MEF2C;VRK1;CRK;FLRT2	TUB	GO_BP	no_proc_ieg	10347
GOBP_RESPONSE_TO_LEAD_ION	1.0273391044304925	0.4176	0.6645702122223793	5/20	CLDN1;UCP2;PLSCR1;PPP1CA;BECN1	TUB	GO_BP	no_proc_ieg	10347
GOBP_N_TERMINAL_PROTEIN_AMINO_ACID_MODIFICATION	1.0266136022272074	0.4379905808477237	0.6660851257823169	4/18	NAA10;NAA35;NMT2;NMT1	TUB	GO_BP	no_proc_ieg	10347
GOBP_REGULATION_OF_TRANSLATION	1.0265989698396836	0.4020979020979021	0.6656662907973204	61/218	CCL5;NIBAN1;AGO4;THBS1;NPM1;EIF4G3;NCK1;POLR2G;EIF1B;CYFIP1;YTHDF1;YTHDF3;NAT10;ABCE1;METTL18;POLDIP3;PLXNB2;BANK1;EIF4E2;CNOT8;PKM;GZMB;RNF139;NCBP2;DDX6;EIF2B4;ATXN2;PUS7;EIF4ENIF1;METTL3;EIF4G2;PPP1CA;SOX4;EIF4A3;TARBP2;SAMD4A;OGFOD1;GUF1;CNOT3;MRPS27;PELO;EEF2;CNOT2;TYMS;DNAJC3;EIF3D;CNOT6;IGF2BP3;COA3;RPS3;RPS6KA3;ITGA2;RPS6KB2;GCN1;EIF4EBP1;KRT13;PUM1;UPF3B;FMR1;RACK1;SH3BGRL	TUB	GO_BP	no_proc_ieg	10347
GOBP_VESICLE_TETHERING	1.0263042626633816	0.42644628099173554	0.6660059845319124	8/16	TRAPPC2;EXOC2;EXOC1;TRIP11;C17orf75;WDR11;TRAPPC11;TRAPPC4	TUB	GO_BP	no_proc_ieg	10347
GOBP_CELLULAR_RESPONSE_TO_TOPOLOGICALLY_INCORRECT_PROTEIN	1.0262827463958786	0.42990654205607476	0.6656203642908144	12/74	DDRGK1;DERL2;NFE2L2;BAX;NCK1;ERMP1;AGR2;CAV1;PARP8;HSPB8;SDF2L1;DERL1	TUB	GO_BP	no_proc_ieg	10347
GOBP_LIPID_LOCALIZATION	1.0260580364021907	0.415929203539823	0.6657296738498044	39/330	LPCAT3;CLU;PLTP;PLA2G4C;ABCA1;CERT1;HEXB;HILPDA;RBP1;NFKB1;TSPO;THBS1;UCP2;TRIAP1;ITGB3;PLEKHA8P1;LIPA;VPS4B;ATP9A;LIPC;GM2A;ESYT1;STOML1;PLIN3;APOC1;SCARB1;SLC27A3;ACSL5;ANXA1;ABCA3;C3;MYB;CD36;PPARG;ABCC1;CAV1;SIGMAR1;SOAT1;ABCC3	TUB	GO_BP	no_proc_ieg	10347
GOBP_IMMUNE_SYSTEM_DEVELOPMENT	1.0259785560714547	0.42643391521197005	0.6654756170100236	51/150	CITED2;FADD;HLA-B;LIPA;RAG1;MAD1L1;DCLRE1C;XRCC4;SWAP70;PSEN1;CRKL;IL15;ADAR;IL27RA;ABL1;TOX;NBN;ICOS;MLH1;CD40;LTB;RO60;CYREN;HLA-E;MAP2K1;MSH6;NSD2;CCR6;ZBTB1;PPP2R3C;IDO1;KMT5B;MAFB;TGFBR2;MAPK1;GATA3;CCNB2;PRDX2;EXO1;ATM;PITX2;PKN1;ZMPSTE24;PAXIP1;LIG3;LEF1;IL7R;CD2AP;RC3H2;MCM3AP;NKX3-2	TUB	GO_BP	no_proc_ieg	10347
GOBP_CELL_REDOX_HOMEOSTASIS	1.0254273326740013	0.43034055727554177	0.6664167250207437	5/29	PRDX4;SLC2A10;NFE2L2;GLRX2;APEX1	TUB	GO_BP	no_proc_ieg	10347
GOBP_NEGATIVE_REGULATION_OF_LEUKOCYTE_CELL_CELL_ADHESION	1.0251003946394275	0.41002570694087404	0.6667879292433803	31/102	HLA-DRB1;LAPTM5;CD300A;CD86;MAD1L1;ANXA1;VSIG4;HLX;VTCN1;PTPN6;BTN2A2;TNFRSF14;ASCL2;LAX1;CASP3;GPNMB;MDK;FGL2;DUSP22;CD74;HLA-E;RUNX3;CRTAM;PTPN22;SOCS1;IDO1;SOCS5;CXCL12;CBFB;SCRIB;PRDX2	TUB	GO_BP	no_proc_ieg	10347
GOBP_NEUROMUSCULAR_PROCESS_CONTROLLING_BALANCE	1.024899150853747	0.43457943925233644	0.6668611266821266	5/29	ALDH1A3;HEXB;GM2A;ABL1;NBN	TUB	GO_BP	no_proc_ieg	10347
GOBP_NEGATIVE_REGULATION_OF_TRANSFORMING_GROWTH_FACTOR_BETA_RECEPTOR_SIGNALING_PATHWAY	1.0247366469634995	0.4227994227994228	0.6668380934813344	28/61	SLC2A10;CDH3;INTS9;CAV2;HDAC1;PPARG;SPRY1;PMEPA1;SMURF2;CILP;RBBP7;LDLRAD4;ZBTB7A;FAM89B;BMP2;BAMBI;LEMD3;PIN1;LTBP1;FBN1;STRAP;ZNF451;SAP30;PEG10;ARID4B;ADAM17;SIRT1;BRMS1	TUB	GO_BP	no_proc_ieg	10347
GOBP_SMOOTHENED_SIGNALING_PATHWAY	1.0247202377922764	0.40829986613119146	0.666440996243444	17/84	DYRK2;SERPINE2;PRKACB;CTNNA1;RB1;EXT1;TUBA1A;RUNX2;SEPTIN2;IFT52;IFT56;IFT20;RPGRIP1L;BBS7;TXNDC15;TCTN3;RO60	TUB	GO_BP	no_proc_ieg	10347
GOBP_PROTEOGLYCAN_BIOSYNTHETIC_PROCESS	1.0243256635756193	0.42136498516320475	0.6669943008584537	8/42	DSE;SLC2A10;CANT1;EXT1;B4GALT7;UGDH;HS2ST1;EXT2	TUB	GO_BP	no_proc_ieg	10347
GOBP_REGULATION_OF_NEUROBLAST_PROLIFERATION	1.0236325807171194	0.43923865300146414	0.6683182025480633	8/36	CX3CR1;SMARCD3;CTNNA1;VEGFC;VCAN;FGF2;CX3CL1;ASPM	TUB	GO_BP	no_proc_ieg	10347
GOBP_POSITIVE_REGULATION_OF_TRANSMEMBRANE_RECEPTOR_PROTEIN_SERINE_THREONINE_KINASE_SIGNALING_PATHWAY	1.023349787744417	0.42209631728045327	0.6686117310008404	19/74	CITED2;RNF111;ZEB2;THBS1;SLC2A10;FERMT1;CDH5;MSX1;PARP1;TGFB1I1;SDCBP;NOTCH2;PELO;NUP93;BMP2;ENG;TGFBR2;BMPR2;DAB2	TUB	GO_BP	no_proc_ieg	10347
GOBP_NEGATIVE_REGULATION_OF_RECEPTOR_SIGNALING_PATHWAY_VIA_STAT	1.023244876677221	0.43375394321766564	0.6684423031043524	6/16	NF2;PPARG;CAV1;LEPROT;PIBF1;SOCS1	TUB	GO_BP	no_proc_ieg	10347
GOBP_RESPONSE_TO_TOPOLOGICALLY_INCORRECT_PROTEIN	1.0228383929200136	0.44191919191919193	0.6690549433582893	16/104	CLU;THBS1;DDRGK1;DERL2;NFE2L2;BAX;NCK1;ERMP1;AGR2;CAV1;TOR1B;PARP8;HSPB8;SDF2L1;DERL1;TRAM1	TUB	GO_BP	no_proc_ieg	10347
GOBP_REGULATION_OF_DENDRITE_MORPHOGENESIS	1.0221223745267376	0.4117647058823529	0.670453793831294	9/50	GPRASP3;DBN1;YWHAH;TIAM1;CDKL5;ANKRD27;SDC2;RELN;STAU2	TUB	GO_BP	no_proc_ieg	10347
GOBP_OOGENESIS	1.0217379415738455	0.4303448275862069	0.6709914577031694	20/66	HEXB;AURKA;TDRD7;MARF1;CDC25B;TNFAIP6;ASPM;MLH1;MDK;PANX1;METTL3;REC8;FBXO5;WASHC5;TDRKH;KMT2D;DIAPH2;TAF4B;EDNRA;ATM	TUB	GO_BP	no_proc_ieg	10347
GOBP_ICOSANOID_METABOLIC_PROCESS	1.021343651209084	0.4414535666218035	0.6715663770986767	19/80	PYCARD;AKR1B1;PLA2G4C;MGLL;ALOX5AP;CASP1;ABCC1;PTGS1;ALOX5;HPGDS;AKR1C2;GSTP1;PLA2G4A;CD74;LTC4S;PIBF1;PTGES3;DPEP2;CYP4F11	TUB	GO_BP	no_proc_ieg	10347
GOBP_REGULATION_OF_ALPHA_BETA_T_CELL_ACTIVATION	1.0209741833413386	0.411522633744856	0.6720817185263577	25/83	HLA-DRB1;HLA-DRA;CD300A;CD86;HLA-A;RHOA;ANXA1;HLX;NCKAP1L;CCR2;TNFRSF14;CCL19;ASCL2;IL18;HLA-E;EBI3;RUNX3;CRTAM;SOCS1;CD81;SOCS5;TGFBR2;GATA3;CBFB;MALT1	TUB	GO_BP	no_proc_ieg	10347
GOBP_CYTOKINE_PRODUCTION_INVOLVED_IN_INFLAMMATORY_RESPONSE	1.0197515374284887	0.4350282485875706	0.6747464193608542	7/47	PYCARD;TLR3;EZH2;MYD88;ADCY7;TICAM1;ALOX5	TUB	GO_BP	no_proc_ieg	10347
GOBP_VESICLE_TARGETING_TO_FROM_OR_WITHIN_GOLGI	1.0194411166766773	0.43375394321766564	0.6751231799415944	7/23	TMED10;CSNK1D;TRAPPC2;TFG;SEC16A;TMED9;KLHL12	TUB	GO_BP	no_proc_ieg	10347
GOBP_INTRA_GOLGI_VESICLE_MEDIATED_TRANSPORT	1.0190917520514233	0.42362204724409447	0.6756162050852921	7/22	COPZ1;GOSR1;RAB33B;COPB1;NSF;COG2;COPB2	TUB	GO_BP	no_proc_ieg	10347
GOBP_PROTEIN_LOCALIZATION_TO_CYTOSKELETON	1.0190071420389197	0.4093567251461988	0.6754015195709849	8/45	AURKA;NUP62;CSNK1D;GAS2L1;APC;CEP131;TTK;ABL1	TUB	GO_BP	no_proc_ieg	10347
GOBP_NEGATIVE_REGULATION_OF_PROTEOLYSIS	1.018932583223963	0.42661691542288555	0.6751537112136243	33/157	CSTB;SERPING1;TIMP1;THBS1;TRIAP1;DDRGK1;SERPINE2;SERPINF1;PBK;CD44;CSTA;IFI16;CARD8;USP14;PSEN1;PAK2;IFI6;CTSZ;LAMP3;CAAP1;CST7;RNF34;CPB2;TIMP2;LTF;TAF9;SERPINI1;CAST;CAMLG;SERPINA3;SERPINH1;PLAT;SERPINB1	TUB	GO_BP	no_proc_ieg	10347
GOBP_TRANSCRIPTION_BY_RNA_POLYMERASE_III	1.0183873586154026	0.43157894736842106	0.6761477714275752	10/41	GTF3C4;POLR2L;TBP;DEK;RO60;SNAPC4;POLR2E;SMARCA5;ICE1;SNAPC5	TUB	GO_BP	no_proc_ieg	10347
GOBP_EMBRYONIC_SKELETAL_SYSTEM_DEVELOPMENT	1.0183211642547993	0.4318488529014845	0.6758702114952357	12/88	COL1A1;HOXB2;SLC2A10;HOXB6;SATB2;EXT1;ALX1;HOXA1;HOXB7;RUNX2;HOXB9;SLC39A1	TUB	GO_BP	no_proc_ieg	10347
GOBP_CELLULAR_OXIDANT_DETOXIFICATION	1.01811713872714	0.426812585499316	0.6759320879712899	9/64	PRDX4;GPX7;NFE2L2;HBD;ALOX5AP;CLIC2;HBB;CD36;PTGS1	TUB	GO_BP	no_proc_ieg	10347
GOBP_POST_TRANSCRIPTIONAL_REGULATION_OF_GENE_EXPRESSION	1.0177740832278368	0.42713004484304934	0.6763735913876311	83/313	CCL5;NIBAN1;AGO4;THBS1;MYD88;TNFRSF1B;VIM;NPM1;FUS;EIF4G3;ZC3H7A;NCK1;POLR2G;TDRD7;EIF1B;CYFIP1;YTHDF1;YTHDF3;NAT10;ABCE1;METTL18;POLDIP3;PLXNB2;BANK1;EIF4E2;CNOT8;CAV1;ADAR;PKM;GZMB;RNF139;NCBP2;APEX1;DCP2;TSN;DDX6;EIF2B4;ATXN2;PUS7;MLH1;ANGEL2;FOCAD;EIF4ENIF1;METTL3;EIF4G2;PPP1CA;SOX4;DKC1;RBM10;EIF4A3;TARBP2;SAMD4A;SPOUT1;OGFOD1;GUF1;CNOT3;MRPS27;PELO;EEF2;CNOT2;TYMS;FASTKD5;CLP1;TRDMT1;DNAJC3;EIF3D;CNOT6;IGF2BP3;COA3;TENT5C;RPS3;RPS6KA3;ITGA2;RPS6KB2;GCN1;EIF4EBP1;KRT13;RNASEL;PUM1;UPF3B;FMR1;RACK1;SH3BGRL	TUB	GO_BP	no_proc_ieg	10347
GOBP_FOCAL_ADHESION_ASSEMBLY	1.017524885031169	0.4422809457579972	0.6765971406193835	19/68	MAP4K4;THBS1;RHOA;PTEN;CDH11;GPM6B;ACTG1;S100A10;ABL1;RHOD;ITGB1BP1;NRP1;RAC1;DUSP22;TRIP6;PTK2;PEAK1;VCL;ITGA2	TUB	GO_BP	no_proc_ieg	10347
GOBP_LABYRINTHINE_LAYER_DEVELOPMENT	1.0165192620147152	0.4333843797856049	0.6787553605561298	7/35	CASP8;VASH1;VASH2;PCDH12;SPINT2;SPINT1;GRB2	TUB	GO_BP	no_proc_ieg	10347
GOBP_NEGATIVE_REGULATION_OF_CYTOKINE_PRODUCTION_INVOLVED_IN_INFLAMMATORY_RESPONSE	1.0161979257250515	0.4478330658105939	0.6791445658461643	3/21	PYCARD;EZH2;ADCY7	TUB	GO_BP	no_proc_ieg	10347
GOBP_SECRETORY_GRANULE_ORGANIZATION	1.0158314405387083	0.43952802359882004	0.6796674369470233	3/32	ABCA1;AP1S2;SERPINE2	TUB	GO_BP	no_proc_ieg	10347
GOBP_REGULATION_OF_COAGULATION	1.0155178968260739	0.42776203966005666	0.680059289606867	18/65	SERPING1;THBS1;NFE2L2;SERPINE2;TSPAN8;PSEN1;CD36;CAV1;PROCR;ANXA5;CPB2;ANXA2;HPSE;F2RL1;TFPI;PLAT;FAP;TMX1	TUB	GO_BP	no_proc_ieg	10347
GOBP_TUBE_FORMATION	1.015427059740033	0.4425363276089828	0.6798375999653502	21/106	CITED2;APAF1;PRKACB;FZD1;HOXA1;PLXNB2;SPINT2;COBL;FGF2;SPINT1;IFT52;PFN1;ABL1;CASP3;ITGB1BP1;MMRN2;HS2ST1;FZD6;STK4;TWIST1;FZD3	TUB	GO_BP	no_proc_ieg	10347
GOBP_MICROTUBULE_POLYMERIZATION_OR_DEPOLYMERIZATION	1.0153280828391515	0.4217506631299735	0.6796781524060408	34/95	PSRC1;HAUS6;SPAST;CSNK1D;GAS2L1;CDH5;TUBA1A;APC;MAP1S;TOGARAM1;MAP7D3;ABL1;KIF2A;KIF18A;RAC1;MET;TPX2;STMN3;CDKN1B;MID1;FBXO5;CRYAB;SKA1;RPS3;HAUS3;KIF14;ZNF207;MID1IP1;FGF13;CKAP2;PIN1;DCTN1;MAPRE1;TUBGCP5	TUB	GO_BP	no_proc_ieg	10347
GOBP_ORGANIC_CYCLIC_COMPOUND_CATABOLIC_PROCESS	1.014859078669837	0.43567567567567567	0.6804531938003014	97/425	DBR1;DCTPP1;APOBEC3G;APAF1;HDAC4;SLFN12;AGO4;UCP2;YWHAH;ZC3H4;ENTPD1;MYD88;TYMP;LIPA;TNFRSF1B;VIM;NFE2L2;RNASE6;BAX;NPM1;FUS;HKDC1;DFFB;DCTD;ITPA;SCARB1;POLR2G;SMG8;PRR5L;CYP24A1;YTHDF1;YTHDF3;PON2;PSEN1;ENTPD6;TDO2;CNOT8;ABCC1;ISG20;PKM;REXO4;HSD17B6;UCHL1;NCBP2;APEX1;NUDT1;DCP2;EDC4;ADA2;RNASET2;ALDOA;UPF2;LSM7;TIGAR;BLVRA;ENO2;DPYSL2;EXOSC10;PON3;SND1;MLH1;ANGEL2;SPP1;HNRNPAB;OAS2;RNASEH2B;EIF4ENIF1;APOBEC3F;METTL3;PFKP;NUDT9;GSPT2;FEN1;DKC1;RBM10;EIF4A3;SAMD4A;ELAC2;DNASE2;SULT1E1;MTREX;ZBTB7A;VPS54;TAT;CNOT3;SLCO1B1;PELO;NUDT15;CNOT2;APOBEC3A;FASTKD5;TRDMT1;HMOX1;RBM7;CNOT6;IGF2BP3;TENT5C	TUB	GO_BP	no_proc_ieg	10347
GOBP_POSITIVE_REGULATION_OF_VACUOLE_ORGANIZATION	1.0146445623318816	0.4512	0.6805560280893866	13/18	SH3GLB1;GRN;ANXA2;BECN1;PIP4K2A;RALB;RAB3GAP1;SNX7;MOAP1;PPP3CB;MCOLN1;TRIM32;RAB3GAP2	TUB	GO_BP	no_proc_ieg	10347
GOBP_PROTEIN_CATABOLIC_PROCESS_IN_THE_VACUOLE	1.013592072080311	0.4511784511784512	0.6828589619435965	9/16	LAPTM4B;VPS35;TMEM106B;TPP1;MARCHF2;LAMP2;CD81;CLN3;USP8	TUB	GO_BP	no_proc_ieg	10347
GOBP_REGULATION_OF_DNA_RECOMBINATION	1.0134151173111463	0.4534731323722149	0.6828795728041347	34/93	RAD51AP1;FUS;CHEK1;RPA2;RUVBL2;IL27RA;ABL1;PARPBP;NBN;PARP1;MLH1;KPNA2;CD40;H1-10;H1-2;ACTL6A;MSH6;NSD2;RUVBL1;WDR48;KMT5B;TRRAP;MAGEF1;RAD50;WRAP53;PAXIP1;SMCHD1;MORF4L2;RECQL5;IL7R;PIAS4;SKP2;C1QBP;PTPRC	TUB	GO_BP	no_proc_ieg	10347
GOBP_RESPONSE_TO_OXIDATIVE_STRESS	1.0131909585623249	0.43899657924743446	0.6829843583749553	84/283	PRDX4;GPX7;PPIF;RBPMS;ECT2;COL1A1;ARL6IP5;PDLIM1;MICB;UCP2;EZH2;NFE2L2;FXN;CDK1;NDUFA6;PRR5L;MACROH2A1;ERMP1;MYB;CD38;PSEN1;HBB;CD36;ABCC1;RBX1;PCNA;GLRX2;PTGS1;NUDT1;MMP2;ABL1;TRIM25;CYB5B;ALOX5;CASP3;STK24;PARP1;STX2;KEAP1;GSTP1;BANF1;STAU2;MET;MAPK13;SP1;CRK;BECN1;ERO1A;RGS14;HYAL2;CAPN2;FUT8;TAT;NUDT15;CRYAB;RLIG1;PRKD1;HMOX1;RPS3;RWDD1;SOD2;G6PD;ATOX1;HIF1A;ARNT;MAPK1;PTPRK;GPX4;RACK1;PRDX2;VNN1;EDNRA;PDCD10;ATM;STK26;OSER1;FANCC;NQO1;CYP1B1;WRN;SIRPA;MAPK7;VRK2;COMT	TUB	GO_BP	no_proc_ieg	10347
GOBP_MYOTUBE_DIFFERENTIATION	1.012922871402087	0.4675862068965517	0.6832080586477416	17/86	PPIF;FLOT1;HDAC4;MAML1;ADAMTS5;CAV2;CXCL9;HDAC1;PLEKHO1;DOCK2;CD53;XK;JAM2;CCN3;MYH9;MEF2C;CXCL10	TUB	GO_BP	no_proc_ieg	10347
GOBP_POSITIVE_REGULATION_OF_VIRAL_GENOME_REPLICATION	1.0126196391712496	0.43800322061191627	0.6835846998307799	4/25	CCL5;PPID;TOP2A;ADAR	TUB	GO_BP	no_proc_ieg	10347
GOBP_NEGATIVE_REGULATION_OF_T_CELL_MEDIATED_IMMUNITY	1.0125466708694935	0.44984802431610943	0.6833215479876328	6/25	HLA-F;AHR;NCKAP1L;DUSP22;NOD2;FCGR2B	TUB	GO_BP	no_proc_ieg	10347
GOBP_POSTSYNAPSE_ORGANIZATION	1.0125404298727536	0.44627054361567636	0.6828882881338091	28/132	GPRASP3;DBN1;ITGB3;GLRB;TIAM1;PTEN;EPHA7;ACTG1;PSEN1;CRKL;CDKL5;VPS35;FNTA;STK38;MTMR2;STK38L;ADAM10;NRCAM;NRP1;ARF4;ARHGAP44;ITGA3;RELN;STAU2;ASAP1;NLGN4X;CRK;FARP1	TUB	GO_BP	no_proc_ieg	10347
GOBP_NEGATIVE_REGULATION_OF_INTERLEUKIN_1_PRODUCTION	1.0119280780482842	0.44227642276422763	0.6840377712988481	5/24	CX3CR1;CARD8;CX3CL1;GSTP1;SERPINB1	TUB	GO_BP	no_proc_ieg	10347
GOBP_REGULATION_OF_CELLULAR_SENESCENCE	1.011879891058252	0.4482758620689655	0.6837133326417578	4/31	PLK2;B2M;VASH1;PTEN	TUB	GO_BP	no_proc_ieg	10347
GOBP_SKELETAL_MUSCLE_CELL_PROLIFERATION	1.011207947601379	0.47875816993464054	0.6849756402760446	4/19	CAV2;NDC80;MYB;FGF2	TUB	GO_BP	no_proc_ieg	10347
GOBP_MORPHOGENESIS_OF_AN_EPITHELIUM	1.010671398022954	0.42778993435448576	0.6859093177868465	65/359	CITED2;COL4A1;APAF1;PLXNA1;ALDH1A3;HOXB2;SOX17;ITGB3;PERP;FLRT3;DDR1;EFNB2;CD44;RHOC;RHOA;PRKACB;FZD1;PTEN;VEGFC;EPHA7;CYP7B1;EXT1;BTBD7;FERMT1;ACTG1;PSEN1;PLXNB2;SPINT2;COBL;FGF2;SPINT1;HOXB7;SPRY1;CTSZ;IFT52;PFN1;TNC;GRB2;ZDHHC7;MMP2;ABL1;LCP1;IFT20;MICAL2;RPGRIP1L;CASP3;BBS7;MMRN2;NRP1;CD151;MDK;HS2ST1;FZD6;KDM5B;STK4;TWIST1;FZD3;TGFB1I1;MET;MEF2C;PLOD3;CXCL10;PPP1CA;NR3C1;ITGAV	TUB	GO_BP	no_proc_ieg	10347
GOBP_POSITIVE_REGULATION_OF_NUCLEOCYTOPLASMIC_TRANSPORT	1.010537335167484	0.47249647390691113	0.685813097129733	9/51	ECT2;RBM22;HCLS1;CDK1;CAMK1;PSEN1;NCBP2;CPSF6;RAPGEF3	TUB	GO_BP	no_proc_ieg	10347
GOBP_VITAMIN_METABOLIC_PROCESS	1.0084857818279962	0.45466491458607095	0.6906383281023286	12/84	PLTP;AKR1B1;RBP1;NFKB1;TPK1;LIPA;SLC5A6;PANK2;CYP24A1;CBR3;VNN2;NNMT	TUB	GO_BP	no_proc_ieg	10347
GOBP_EMBRYONIC_PATTERN_SPECIFICATION	1.008029920806219	0.4270676691729323	0.6914098309209279	6/44	SMAD1;BASP1;SATB2;TDRD7;COBL;MEOX2	TUB	GO_BP	no_proc_ieg	10347
GOBP_CORTICAL_CYTOSKELETON_ORGANIZATION	1.0078247619669956	0.45493562231759654	0.6914940231022464	14/36	ECT2;NCKAP1L;LCP1;PLS1;IQGAP1;EPB41L2;RAC1;PPP2R3C;NLGN1;CAVIN3;EPB41;FHOD3;NCKAP1;PLEK	TUB	GO_BP	no_proc_ieg	10347
GOBP_REGULATION_OF_PROTEIN_POLYMERIZATION	1.006851186240383	0.44458281444582815	0.6935911645966033	31/139	PYCARD;TMSB10;HCLS1;ARPC2;CAPG;PSRC1;EVL;NCK1;CYFIP1;HAUS6;FCHSD2;FLII;NCKAP1L;CDH5;AMBRA1;PFN1;HCK;TOGARAM1;GRB2;ABL1;TMSB15A;ABITRAM;MEGF9;RAC1;MET;TMOD3;CDKN1B;CCL11;CAPZB;ARPC5;CAPZA2	TUB	GO_BP	no_proc_ieg	10347
GOBP_REGULATION_OF_INFLAMMASOME_MEDIATED_SIGNALING_PATHWAY	1.0063573443670915	0.4585365853658537	0.694391387874051	8/21	MYD88;CARD8;CD36;BRCC3;GBP2;CSNK1A1;PRKD1;PTPN22	TUB	GO_BP	no_proc_ieg	10347
GOBP_SYNAPSE_ASSEMBLY	1.005536785640906	0.44512946979038226	0.6960299583177055	28/148	GPRASP3;TPBG;FLRT3;FZD1;GPC4;PTEN;GPM6A;PCDH17;EPHA7;THBS2;PLXNB2;ADNP;CRKL;SRPX2;OXTR;VPS35;NPTN;NRCAM;AGRN;RELN;KCNJ8;STAU2;NLGN4X;MEF2C;CRK;SDCBP;FARP1;FLRT2	TUB	GO_BP	no_proc_ieg	10347
GOBP_PURINE_NUCLEOSIDE_MONOPHOSPHATE_BIOSYNTHETIC_PROCESS	1.0042678819728856	0.44390243902439025	0.6988860884479803	9/17	DCK;IMPDH1;GART;ADSL;IMPDH2;PPAT;HPRT1;ATIC;PAICS	TUB	GO_BP	no_proc_ieg	10347
GOBP_NUCLEAR_TRANSCRIBED_MRNA_CATABOLIC_PROCESS_NONSENSE_MEDIATED_DECAY	1.0035289040601463	0.4624624624624625	0.7003475244462155	11/30	SMG8;NCBP2;DCP2;UPF2;EXOSC10;HNRNPAB;GSPT2;EIF4A3;UPF3B;SMG1;MAGOH	TUB	GO_BP	no_proc_ieg	10347
GOBP_PIGMENT_BIOSYNTHETIC_PROCESS	1.003492682091912	0.46907993966817496	0.7000014873322367	5/40	ZEB2;TSPO;CDH3;FXN;GPR143	TUB	GO_BP	no_proc_ieg	10347
GOBP_SIGNALING_RECEPTOR_LIGAND_PRECURSOR_PROCESSING	1.0032897430635486	0.48059701492537316	0.7000840533183723	7/34	P4HB;CPA3;CASP1;CPE;CTSZ;ADAM10;PLA2G7	TUB	GO_BP	no_proc_ieg	10347
GOBP_MHC_CLASS_II_BIOSYNTHETIC_PROCESS	1.0030281664858285	0.4652241112828439	0.7003056500888726	3/17	IL33;RFXANK;RFX5	TUB	GO_BP	no_proc_ieg	10347
GOBP_ESTABLISHMENT_OF_ENDOTHELIAL_BARRIER	1.0022752227131695	0.44812680115273773	0.7017051740157968	14/42	CLDN1;MYD88;CDH5;CLDN3;RAPGEF3;PECAM1;HPSE;F2RL1;VCL;PPP1R12A;SOX18;EDNRA;RAB1B;RAPGEF6	TUB	GO_BP	no_proc_ieg	10347
GOBP_PIGMENT_CELL_DIFFERENTIATION	1.0021683536774937	0.44952681388012616	0.7015300844978838	8/25	ZEB2;RAB32;CD63;ANKRD27;RAB38;MEF2C;KITLG;SOD2	TUB	GO_BP	no_proc_ieg	10347
GOBP_REACTIVE_OXYGEN_SPECIES_METABOLIC_PROCESS	1.001536112863156	0.4695121951219512	0.7026793847696231	31/173	PRDX4;TYROBP;ITGB2;CYBA;ITGAM;NCF4;TSPO;THBS1;UCP2;CYBB;LIPA;NFE2L2;RHOA;HBD;BRCA1;FOXM1;HBB;CD36;IFI6;PRCP;RAC2;GRB2;CYB5R4;NDUFA13;ALOX5;VAV1;TIGAR;CLCN3;NCF2;ARF4;PON3	TUB	GO_BP	no_proc_ieg	10347
GOBP_REGULATORY_T_CELL_DIFFERENTIATION	1.0013312686069098	0.4666666666666667	0.7027323250978119	7/32	HLA-DRB1;HLA-DRA;BTN2A2;AMBRA1;DROSHA;TOX;MDK	TUB	GO_BP	no_proc_ieg	10347
GOBP_DEFENSE_RESPONSE_TO_GRAM_NEGATIVE_BACTERIUM	1.000712539145104	0.4527503526093089	0.7038891883826994	14/54	PYCARD;RNASE6;LYZ;MMP7;RPS19;IGHM;TNFRSF14;CXCL6;CD4;H2BC12;DROSHA;LTF;SELP;F2RL1	TUB	GO_BP	no_proc_ieg	10347
GOBP_CGMP_METABOLIC_PROCESS	1.0004065832296505	0.4533333333333333	0.7042785823370883	2/16	GUCY1B1;GUCY1A1	TUB	GO_BP	no_proc_ieg	10347
GOBP_NUCLEOSIDE_PHOSPHATE_BIOSYNTHETIC_PROCESS	0.9998893180631249	0.48226950354609927	0.7051491984804747	43/192	NME1;GUCY1B1;DCK;ATP5MF;AK1;LIPA;DTYMK;CMPK1;ATP5MJ;NDUFA6;DCTD;AK5;IMPDH1;PANK2;ACSL5;ADCY7;KARS1;GUCY1A1;NNMT;HACD1;ALDOA;NDUFA13;GART;NADK;ANTKMT;ACACA;ATP6V0C;PARP1;RRM1;PPT1;NME6;NDUFB5;ADSL;PAPSS1;NDUFS6;PPCS;PDHX;PDK1;ATP5MC1;TYMS;RFK;NDUFA8;NME5	TUB	GO_BP	no_proc_ieg	10347
GOBP_PROTEIN_POLYUBIQUITINATION	0.9993683017348929	0.4896214896214896	0.7060168574040364	59/172	DTX4;RNF111;FBXO28;UBE2D2;UBE2L6;WSB2;NMI;IFI27;TRIM44;CHFR;UBE2E1;TRIM21;DTL;BRCA1;SASH1;UBE3C;TRIM22;UBE2D1;RBX1;AMBRA1;MUL1;TRIM25;NBN;RNF34;UBE2K;SPOP;GABARAP;CDC27;UBE2J1;TRAF3;NOD2;TRIM27;TRIM68;TRIM45;RNF125;PRPF19;CDC23;BLMH;CBL;PTPN22;BIRC2;UBE2C;CUL1;UBE2A;CBFB;KBTBD2;TRIP12;CUL4B;UBE2L3;CDC16;ANAPC13;NEDD4;LNPEP;TRAF5;NQO1;TRIM2;AREL1;MKRN2;HERC5	TUB	GO_BP	no_proc_ieg	10347
GOBP_MICROTUBULE_BUNDLE_FORMATION	0.9989817647900865	0.48633093525179855	0.7066250983435296	12/62	MNS1;PSRC1;CAPN6;SPAST;TTLL1;GAS2L1;MAP1S;CEP131;TOGARAM1;LRRC61;IFT56;KIF20A	TUB	GO_BP	no_proc_ieg	10347
GOBP_HEMATOPOIETIC_OR_LYMPHOID_ORGAN_DEVELOPMENT	0.9989452699183603	0.4589041095890411	0.7062642389719015	27/77	CITED2;FADD;LIPA;RAG1;MAD1L1;PSEN1;CRKL;IL15;ABL1;TOX;LTB;MAP2K1;ZBTB1;PPP2R3C;MAFB;MAPK1;GATA3;CCNB2;PRDX2;ATM;PITX2;PKN1;ZMPSTE24;IL7R;CD2AP;RC3H2;NKX3-2	TUB	GO_BP	no_proc_ieg	10347
GOBP_REGULATION_OF_BODY_FLUID_LEVELS	0.9983966721618125	0.4943946188340807	0.7072517727042595	65/287	NME1;COL3A1;SERPING1;AKR1B1;C1GALT1C1;CYBA;THBS1;ITGB3;ENTPD1;DDR1;NFE2L2;SERPINE2;TSPAN8;VAMP8;PRKACB;CLIC1;PIK3CG;EXT1;FCER1G;ACTG1;AGR2;HBB;CD36;PTPN6;OXTR;ADRA2A;CAV1;STK39;F13A1;VAV1;PLSCR1;PROCR;VAV3;FZD6;ANXA5;CPB2;EXT2;OAS2;CD59;CD40;LCK;PLA2G4A;SELP;MYH9;ANXA2;HPSE;GNA12;F2RL1;TFPI;HYAL2;MED1;PLAT;STXBP1;FAP;TMX1;CYP4F11;ATG5;TFPI2;CELSR2;VCL;FIBP;GNAI2;ITGA2;DGKI;EMP2	TUB	GO_BP	no_proc_ieg	10347
GOBP_RESPONSE_TO_PROSTAGLANDIN_E	0.9983901247279401	0.49607535321821034	0.706821941021336	6/21	PTGER2;CCL19;P2RY6;ACACA;GNB1;A2M	TUB	GO_BP	no_proc_ieg	10347
GOBP_REGULATION_OF_COMPLEMENT_ACTIVATION	0.9976301479623826	0.4791666666666667	0.7082895533079485	5/20	SERPING1;C3;VSIG4;CD59;A2M	TUB	GO_BP	no_proc_ieg	10347
GOBP_NEGATIVE_REGULATION_OF_PROTEIN_LOCALIZATION	0.9967192598755141	0.4868913857677903	0.7101744453993023	27/140	SNX3;RAB23;CSK;UCP2;DERL2;TMBIM1;FRMD4A;CTNNA1;MACROH2A1;GPM6B;FERMT1;CD36;VPS35;ADRA2A;ERP29;ITGB1BP1;SP100;LZTFL1;RSAD2;LEPROT;UBE2J1;CCN3;GNAZ;MARK3;F2RL1;GBP1;PKIA	TUB	GO_BP	no_proc_ieg	10347
GOBP_SOMATIC_DIVERSIFICATION_OF_IMMUNE_RECEPTORS	0.995439186852824	0.46829971181556196	0.7130416551561188	20/54	RAG1;DCLRE1C;XRCC4;SWAP70;ADAR;IL27RA;NBN;MLH1;CD40;CYREN;MSH6;NSD2;CCR6;KMT5B;EXO1;ATM;PAXIP1;LIG3;LEF1;MCM3AP	TUB	GO_BP	no_proc_ieg	10347
GOBP_TRIGLYCERIDE_BIOSYNTHETIC_PROCESS	0.9948773428989744	0.46709470304975925	0.7140564266117163	4/24	AGPAT2;SCARB1;LPGAT1;C3	TUB	GO_BP	no_proc_ieg	10347
GOBP_NEGATIVE_REGULATION_OF_CANONICAL_WNT_SIGNALING_PATHWAY	0.9943812193659148	0.47275204359673023	0.7148628536997726	19/89	DACT1;SOX17;TPBG;TLE1;FZD1;HDAC1;FERMT1;RUVBL2;RBX1;CBY1;CAV1;APC;MLLT3;DKK3;MDK;FZD6;ANKRD6;STK4;IGFBP6	TUB	GO_BP	no_proc_ieg	10347
GOBP_REGULATION_OF_HETEROTYPIC_CELL_CELL_ADHESION	0.9942100505600971	0.47962382445141066	0.714835724005309	4/22	FLOT1;CD44;MBP;LCK	TUB	GO_BP	no_proc_ieg	10347
GOBP_NEGATIVE_REGULATION_OF_HEMOPOIESIS	0.9936794419182764	0.48601864181091875	0.7157373246623798	25/78	TLR3;ANXA1;ZNF675;HLX;TNFRSF11B;INPP5D;TNFAIP6;ASCL2;IAPP;MDK;FGL2;LTF;CEBPA;CD74;RUNX3;FCGR2B;TMEM176A;FSTL3;SOCS1;SOCS5;MAFB;TCTA;CBFB;LILRB3;PRDX2	TUB	GO_BP	no_proc_ieg	10347
GOBP_REGULATION_OF_NEURON_PROJECTION_REGENERATION	0.9935894086354602	0.4735945485519591	0.7155090991727481	10/18	GRN;STK24;SPP1;MAP2K1;PRRX1;INPP5F;RTCA;PTN;FLNA;CERS2	TUB	GO_BP	no_proc_ieg	10347
GOBP_MITOCHONDRION_ORGANIZATION	0.9935789463120569	0.4961496149614962	0.7150728240393123	129/333	PYCARD;CLU;PPIF;SCO2;CERT1;AURKA;TSPO;UCP2;TRIAP1;TYMP;LIPA;SLC35F6;MLLT11;TMEM186;BAX;FXN;NDUFA6;CAV2;BID;PANK2;RAB32;IFIT2;PPARG;IFI6;VPS35;VAT1;AMBRA1;FANCG;MUL1;NDUFA13;BCL2A1;TIGAR;TNFSF10;PARP1;RAB38;GABARAP;RRM1;COX7A2;COX10;MARCKS;CEBPA;NDUFB5;ATP5IF1;ARMC1;NOD2;TOMM70;POLG2;BECN1;ARMCX3;NIPSNAP2;MTCH1;VPS54;MAP1LC3C;CLUH;YME1L1;RB1CC1;ATG5;CHCHD7;NDUFA8;CXADR;TMEM223;COA3;NDUFB3;ULK2;SLC25A5;ATPAF2;SOD2;JTB;FBXL4;METTL4;HIF1A;UBE2A;HSPA4;ATG12;ARHGAP26;MFN1;SNX7;EDNRA;SQSTM1;GABPB1;NDUFB2;MEF2A;PSMD10;SSBP1;SREBF1;TIMM13;RAB29;MOAP1;TIMM9;PHB2;EP300;LIG3;GDAP1;PARK7;TIMM22;RALA;WASF1;SIRT5;HSD17B10;SAMM50;RAP1GDS1;WDR45B;VPS13C;APOOL;COX7A2L;MMP9;PTCD2;AFG3L2;TMEM126B;HTT;NDUFAF4;FIS1;TMEM135;RHOT1;ATG13;LETM1;THG1L;MAN2A1;TOMM7;TMEM14A;HIGD2A;TOMM20;AGTPBP1;CSNK2A2;ATG9A;NDUFB1;TWNK;GABARAPL2;AKT3	TUB	GO_BP	no_proc_ieg	10347
GOBP_TISSUE_MORPHOGENESIS	0.9935346436009445	0.49733759318423854	0.7147360493330918	78/444	COL3A1;CITED2;COL4A1;SMAD1;APAF1;PLXNA1;NF2;ALDH1A3;HOXB2;SOX17;ITGB3;PERP;FLRT3;DDR1;EFNB2;CD44;RHOC;ADAMTS5;RHOA;PRKACB;FZD1;PTEN;VEGFC;EPHA7;CYP7B1;EXT1;BTBD7;FERMT1;ACTG1;GCNT1;PSEN1;MYH6;PLXNB2;SPINT2;COBL;FGF2;SPINT1;HOXB7;SPRY1;APC;CTSZ;S1PR1;IFT52;PFN1;TNC;TAF10;GRB2;ZDHHC7;MMP2;ABL1;MSX1;LCP1;IFT20;MICAL2;RPGRIP1L;CASP3;BBS7;GCNT3;MMRN2;NRP1;CD151;MDK;HS2ST1;FZD6;ITGA3;EXT2;KDM5B;STK4;TWIST1;FZD3;TGFB1I1;MET;MEF2C;PLOD3;CXCL10;PPP1CA;NR3C1;ITGAV	TUB	GO_BP	no_proc_ieg	10347
GOBP_REGULATION_OF_TELOMERE_MAINTENANCE_VIA_TELOMERE_LENGTHENING	0.9935273971205582	0.46607669616519176	0.714294756015986	22/40	AURKB;NAT10;CCT6A;DCP2;PARP1;EXOSC10;DKC1;POT1;CCT4;CCT7;XRCC5;TINF2;MAPK1;CCT3;ATM;MAP3K4;NEK2;ACD;ATR;PARN;CCT2;CCT8	TUB	GO_BP	no_proc_ieg	10347
GOBP_REGULATION_OF_PROGRAMMED_NECROTIC_CELL_DEATH	0.9929494788326693	0.4591503267973856	0.7153647933067366	3/25	FADD;CASP8;TSPO	TUB	GO_BP	no_proc_ieg	10347
GOBP_POSITIVE_REGULATION_OF_MYOBLAST_DIFFERENTIATION	0.9929370536797021	0.4845679012345679	0.7149388080136968	6/28	SMARCE1;SMARCD3;CXCL9;MEF2C;SOX4;ACTL6A	TUB	GO_BP	no_proc_ieg	10347
GOBP_CELLULAR_RESPONSE_TO_AMYLOID_BETA	0.9928850212484497	0.46827794561933533	0.7146302213449575	7/36	VCAM1;ITGA4;PSEN1;CD36;ABCC1;PARP1;CASP4	TUB	GO_BP	no_proc_ieg	10347
GOBP_PROTEIN_CONTAINING_COMPLEX_REMODELING	0.9924287205823221	0.4637223974763407	0.7153670207078688	4/29	PLTP;LIPC;APOC1;SCARB1	TUB	GO_BP	no_proc_ieg	10347
GOBP_PEPTIDYL_LYSINE_MODIFICATION	0.9920031457226992	0.48825065274151436	0.7160133876923314	18/91	HDAC4;P3H4;IFIH1;LOXL1;METTL18;UBA2;SAE1;SUMO3;SMYD2;MUL1;GNL3;PLOD2;LIPT1;ANTKMT;TRPM4;PLOD3;TRIM27;SOX4	TUB	GO_BP	no_proc_ieg	10347
GOBP_RESPONSE_TO_SALT_STRESS	0.9909219209696669	0.463884430176565	0.7183298906650708	2/19	AKR1B1;BAX	TUB	GO_BP	no_proc_ieg	10347
GOBP_NEGATIVE_REGULATION_OF_SECRETION	0.9908939692963294	0.4919053549190536	0.7179613541065919	25/129	HLA-F;TSPO;UCP2;SYT11;TNFRSF1B;VPS4B;CD300A;ATP9A;FRMD4A;VAMP8;RAB33B;ANXA1;NCKAP1L;ADRA2A;CCR2;STK39;ERP29;NPY5R;RSAD2;CCN3;GNAZ;WDR41;NMB;CD74;F2RL1	TUB	GO_BP	no_proc_ieg	10347
GOBP_RESPONSE_TO_X_RAY	0.99073586528119	0.474036850921273	0.7178685071826333	9/20	XRCC4;KARS1;CASP3;BRCC3;XRCC5;GATA3;ATM;BRCA2;CCND2	TUB	GO_BP	no_proc_ieg	10347
GOBP_REGULATION_OF_SODIUM_ION_TRANSMEMBRANE_TRANSPORTER_ACTIVITY	0.9905808546193322	0.4851190476190476	0.7178336827533827	3/31	FXYD5;YWHAH;TESC	TUB	GO_BP	no_proc_ieg	10347
GOBP_REGULATION_OF_JUN_KINASE_ACTIVITY	0.9895710509045909	0.4813218390804598	0.719981017434508	13/35	SASH1;ZNF675;CCL19;ARHGEF5;GSTP1;TAOK3;DUSP10;PDCD4;RPS3;PTPN22;PAK1;MAP3K4;MAP3K11	TUB	GO_BP	no_proc_ieg	10347
GOBP_POSITIVE_REGULATION_OF_PROTEIN_TRANSPORT	0.9894909463100472	0.5064478311840562	0.7197430925403097	20/186	GOLPH3L;TMED10;ECT2;HLA-DRB1;RBM22;HCLS1;CDK1;FRMD4A;PPID;CAMK1;VEGFC;PRR5L;SRI;CD38;PSEN1;DYNLL1;VPS28;AKAP5;PPARG;VPS35	TUB	GO_BP	no_proc_ieg	10347
GOBP_NEGATIVE_REGULATION_OF_ESTABLISHMENT_OF_PROTEIN_LOCALIZATION	0.9890338473916668	0.4906166219839142	0.720489188954274	18/88	SNX3;RAB23;CSK;UCP2;DERL2;FRMD4A;FERMT1;CD36;ADRA2A;ERP29;ITGB1BP1;SP100;RSAD2;UBE2J1;CCN3;GNAZ;F2RL1;PKIA	TUB	GO_BP	no_proc_ieg	10347
GOBP_REGULATION_OF_DOUBLE_STRAND_BREAK_REPAIR_VIA_NONHOMOLOGOUS_END_JOINING	0.9882136907365577	0.48580968280467446	0.7220983147600416	9/21	DEK;CYREN;POT1;NSD2;KMT5B;WRAP53;SMCHD1;AUNIP;TOP2B	TUB	GO_BP	no_proc_ieg	10347
GOBP_NOTCH_SIGNALING_PATHWAY	0.9881377587633933	0.48860759493670886	0.7218288389316062	29/126	DTX4;PSENEN;PERP;MAML1;PSEN2;PSEN1;POSTN;POFUT1;SORBS2;CCNC;CDH6;ADAM10;ANXA4;ITGB1BP1;BMP2K;SYNJ2BP;APH1A;KRT19;WDR12;CCN3;CEBPA;METTL3;NOD2;SUSD5;CDKN1B;HEY2;ZBTB7A;NOTCH2;TCIM	TUB	GO_BP	no_proc_ieg	10347
GOBP_TELENCEPHALON_GLIAL_CELL_MIGRATION	0.9878394892699963	0.4601910828025478	0.7221359591850444	2/22	COL3A1;ADGRG1	TUB	GO_BP	no_proc_ieg	10347
GOBP_RETINOIC_ACID_METABOLIC_PROCESS	0.987764709152467	0.49157733537519144	0.721866198925578	2/22	ALDH1A3;RBP1	TUB	GO_BP	no_proc_ieg	10347
GOBP_COMPLEMENT_ACTIVATION_ALTERNATIVE_PATHWAY	0.9875258328568922	0.48464163822525597	0.7220336771847087	4/15	CFB;C3;VSIG4;C8G	TUB	GO_BP	no_proc_ieg	10347
GOBP_MICROVILLUS_ORGANIZATION	0.9872637673206984	0.47095761381475665	0.722244127051178	4/24	FXYD5;MAP4K4;PLS1;FSCN1	TUB	GO_BP	no_proc_ieg	10347
GOBP_RESPONSE_TO_LEPTIN	0.9872231480043049	0.4668820678513732	0.7218926929584177	10/18	LEPR;CCNA2;NR1D1;UGCG;BBS4;INHBB;CCND1;SIRT1;LRP2;MKKS	TUB	GO_BP	no_proc_ieg	10347
GOBP_MUSCLE_CELL_PROLIFERATION	0.987194137508451	0.4950859950859951	0.721513547777849	43/167	CITED2;SMAD1;CCL5;THBS1;ITGB3;MYD88;VGLL4;CDK1;CAV2;DNMT1;PTEN;NDC80;NAA35;HDAC1;MYB;PPARG;FGF2;S1PR1;CX3CL1;MMP2;ABL1;P2RY6;MAPK11;IL18;NPY5R;LDLRAP1;CCN3;MEF2C;CALCRL;GNA12;RBM10;CDKN1B;HEY2;FGF20;HMOX1;PDCD4;GNAI2;BMP2;XRCC5;ITGA2;SOD2;SF1;YAP1	TUB	GO_BP	no_proc_ieg	10347
GOBP_RNA_MODIFICATION	0.9868833584096098	0.47167325428194995	0.7218340750243464	32/99	APOBEC3G;NOP10;SNRPB;NAT10;SNRPF;ADAR;PUS1;MRM2;THUMPD1;PUS7;HNRNPAB;APOBEC3F;METTL3;SNRPD2;DKC1;PUS7L;LCMT2;QTRT2;NHP2;TRMT1L;APOBEC3A;TRDMT1;FTSJ3;WDR4;METTL4;DIMT1;TRMT9B;RPUSD2;DTWD1;SNRPD1;BAG4;THUMPD2	TUB	GO_BP	no_proc_ieg	10347
GOBP_CELLULAR_RESPONSE_TO_VITAMIN	0.9865398197308188	0.48575949367088606	0.7222900024691717	6/27	COL1A1;BRIP1;CYP24A1;POSTN;TNC;TRIM24	TUB	GO_BP	no_proc_ieg	10347
GOBP_VIRION_ASSEMBLY	0.9857401212188991	0.49455676516329705	0.723871156092087	8/18	VPS4B;VPS28;DDX6;USP6NL;CHMP7;SPCS1;RAB1B;NEDD4	TUB	GO_BP	no_proc_ieg	10347
GOBP_GLYCOSYL_COMPOUND_CATABOLIC_PROCESS	0.9857044607833149	0.47919876733436056	0.7234970986475345	6/25	APOBEC3G;DCTD;NUDT1;ADA2;GUSB;APOBEC3F	TUB	GO_BP	no_proc_ieg	10347
GOBP_EOSINOPHIL_MIGRATION	0.9855178262186395	0.47416413373860183	0.723542692198196	5/21	CCL5;CD300A;CX3CL1;CCL18;CCL11	TUB	GO_BP	no_proc_ieg	10347
GOBP_REGULATION_OF_WOUND_HEALING	0.9845009810933638	0.49670619235836627	0.7256750674106831	27/111	CLDN1;SERPING1;THBS1;NFE2L2;SERPINE2;TSPAN8;PTEN;ANXA1;FERMT1;ACTG1;CD36;FGF2;ADRA2A;CAV1;ALOX5;HRAS;CLDN3;CPB2;ANXA2;CRK;HPSE;F2RL1;TFPI;PTK2;PLAT;FAP;TMX1	TUB	GO_BP	no_proc_ieg	10347
GOBP_PHOSPHATIDYLGLYCEROL_METABOLIC_PROCESS	0.9844967238860658	0.48083067092651754	0.7252296141578916	6/19	LPCAT1;LPGAT1;ABCA3;PLA2G15;PLA2G4A;PGS1	TUB	GO_BP	no_proc_ieg	10347
GOBP_REGULATION_OF_SUBSTRATE_ADHESION_DEPENDENT_CELL_SPREADING	0.9843222119938129	0.4956521739130435	0.7252221855634736	16/51	ITGB3;ARPC2;P4HB;POSTN;CRKL;S100A10;ABL1;ITGB1BP1;NRP1;MDK;CSPG5;RAC1;CRK;GBP1;OLFM4;PTK2	TUB	GO_BP	no_proc_ieg	10347
GOBP_POSITIVE_REGULATION_OF_OXIDOREDUCTASE_ACTIVITY	0.9839793814979065	0.46676737160120846	0.7256513641860146	4/30	S100A1;CDH3;FXN;SCARB1	TUB	GO_BP	no_proc_ieg	10347
GOBP_MEMBRANE_FUSION	0.9834218491938297	0.510828025477707	0.726604429760315	35/109	SYT11;RUBCNL;GOSR1;CAV2;VAMP8;STX3;ANXA1;STX8;VCPIP1;ANKRD27;ANKFY1;STX6;RAB8A;STX2;BET1;VAV3;SAMD9;ANXA2;PIP4K2A;HYAL2;VPS41;VAMP1;NSF;STXBP1;CHMP7;FOLR2;IRAG2;STX7;VPS8;YIPF4;RABEP1;RAB7A;GCA;STX18;CLN3	TUB	GO_BP	no_proc_ieg	10347
GOBP_HEMATOPOIETIC_PROGENITOR_CELL_DIFFERENTIATION	0.9830540874428756	0.5046357615894039	0.7270851538668824	28/92	CITED2;LIPA;NFE2L2;EXT1;MYB;PSEN1;TOP2A;PTPN6;ADAR;MLLT3;ABL1;PUS7;METTL3;SOX4;CIAO3;HYAL2;MED1;KITLG;EEF2;RLIG1;ZBTB1;FSTL3;EML1;XRCC5;PDCD2;GATA3;DNAI4;SP3	TUB	GO_BP	no_proc_ieg	10347
GOBP_POSITIVE_REGULATION_OF_MICROTUBULE_POLYMERIZATION_OR_DEPOLYMERIZATION	0.982861213764134	0.5194610778443114	0.7271306865244811	10/26	PSRC1;SPAST;TOGARAM1;RAC1;MET;CDKN1B;RPS3;DCTN1;MAPRE1;PAK1	TUB	GO_BP	no_proc_ieg	10347
GOBP_EMBRYONIC_DIGIT_MORPHOGENESIS	0.9824137508626659	0.47832585949177875	0.7278000148925348	9/40	BAX;HDAC1;IFT52;MSX1;FZD6;TWIST1;GNA12;TULP3;TBX3	TUB	GO_BP	no_proc_ieg	10347
GOBP_NEURAL_PRECURSOR_CELL_PROLIFERATION	0.9823719030916532	0.49169859514687103	0.7274656229781463	25/123	NF2;DBN1;CX3CR1;ADGRG1;SMARCD3;RHOA;CTNNA1;VEGFC;VCAN;PLXNB2;SPINT2;FGF2;SPINT1;CX3CL1;ASPM;GNG5;TOX;IFT20;NBN;MELK;ATF5;MDK;FZD6;SHCBP1;RRM1	TUB	GO_BP	no_proc_ieg	10347
GOBP_REGULATION_OF_CALCIUM_ION_TRANSPORT	0.9822465978904124	0.5048309178743962	0.727335185628426	25/182	CCL5;CYBA;TSPO;UCP2;ITGB3;HOMER3;BAX;CXCL9;MS4A1;PIK3CG;CCR1;PSEN2;SRI;CLIC2;CACNB3;AKAP5;TSPAN13;PTPN6;ADRA2A;CAV1;CD4;CX3CL1;CXCL11;ABL1;P2RY6	TUB	GO_BP	no_proc_ieg	10347
GOBP_POSITIVE_REGULATION_OF_DEPHOSPHORYLATION	0.9820036790865971	0.5	0.7275239637595873	12/38	CD300A;NCK1;PPP1R14D;CDH5;AMBRA1;PTBP1;MEF2C;GNA12;BMP2;PPP1R12A;PIN1;CALM2	TUB	GO_BP	no_proc_ieg	10347
GOBP_REGULATION_OF_MICROTUBULE_POLYMERIZATION_OR_DEPOLYMERIZATION	0.9814924533513038	0.4871099050203528	0.7283745152744762	23/70	PSRC1;HAUS6;SPAST;GAS2L1;CDH5;APC;MAP1S;TOGARAM1;ABL1;RAC1;MET;TPX2;STMN3;CDKN1B;MID1;SKA1;RPS3;HAUS3;MID1IP1;FGF13;CKAP2;DCTN1;MAPRE1	TUB	GO_BP	no_proc_ieg	10347
GOBP_NEGATIVE_REGULATION_OF_TELOMERE_MAINTENANCE_VIA_TELOMERE_LENGTHENING	0.9814802186651298	0.48327759197324416	0.727958268511559	6/16	NAT10;DCP2;PARP1;EXOSC10;POT1;TINF2	TUB	GO_BP	no_proc_ieg	10347
GOBP_HYDROGEN_PEROXIDE_CATABOLIC_PROCESS	0.9804123686298746	0.4895666131621188	0.7302239805738001	3/20	PRDX4;HBD;HBB	TUB	GO_BP	no_proc_ieg	10347
GOBP_CELLULAR_RESPONSE_TO_INORGANIC_SUBSTANCE	0.9795103351331856	0.532608695652174	0.732014220035579	28/161	GUCY1B1;CLDN1;PPIF;ECT2;TSPO;UCP2;CYBB;B2M;NFE2L2;SERPINF1;CCNA2;ALOX5AP;XRCC4;ADCY7;TUBA1A;STK39;TIGAR;IQGAP1;PARP1;RASGRP2;FABP4;CEBPA;MEF2C;CRK;EIF4A3;BECN1;P2RX4;CDKN1B	TUB	GO_BP	no_proc_ieg	10347
GOBP_HEART_DEVELOPMENT	0.9794578390859284	0.5328310010764262	0.7316869419300754	99/426	COL3A1;CITED2;CASP8;SMAD1;HOPX;FN1;CERT1;VCAM1;PDLIM1;SOX17;PDLIM4;SHC1;BASP1;FLRT3;TNFRSF1B;MAML1;EFNB2;VGLL4;CRIP1;CDK1;ADAMTS5;SMARCD3;RHOA;FZD1;PTEN;RB1;SRI;CDH11;EXT1;PSEN1;MYH6;FGF2;CRKL;OXTR;CBY1;PCNA;SPRY1;APC;CPE;POFUT1;S1PR1;IFT52;SMYD2;SORBS2;MMP2;ABL1;CASP7;MSX1;GNG5;IFT20;MICAL2;RPGRIP1L;MAPK11;CASP3;BBS7;NRP1;NPY5R;ITGA3;PPP1R13L;STK4;TWIST1;KCNJ8;MEF2C;EIF4G2;CALCRL;SOX4;TOMM70;FLRT2;CDKN1B;AP2B1;HEY2;PTK2;MAP2K1;MED1;NOTCH2;NSD2;ID3;TBX3;FGF20;RB1CC1;ATG5;CXADR;TRIP11;PDCD4;HTR2B;COL5A1;BMP2;PPP3R1;PCSK5;SOD2;G6PD;EMP2;ENG;YAP1;HIF1A;SOX18;TGFBR2;MAPK1;GATA3	TUB	GO_BP	no_proc_ieg	10347
GOBP_REGULATION_OF_REGULATED_SECRETORY_PATHWAY	0.9784744073829535	0.5182679296346414	0.7336991582010128	20/79	HLA-F;ITGB2;ITGAM;CD300A;VAMP8;NCKAP1L;ADRA2A;CCR2;RAB3D;RAC2;CSPG5;F2RL1;RAB15;FCGR2B;STXBP1;LAMP1;GNAI2;RAB3GAP1;NLGN1;FMR1	TUB	GO_BP	no_proc_ieg	10347
GOBP_MODULATION_BY_HOST_OF_VIRAL_GENOME_REPLICATION	0.9784405322035902	0.48450244698205547	0.7333364040521628	4/15	PPIB;IFI27;STOM;CCNK	TUB	GO_BP	no_proc_ieg	10347
GOBP_RESPONSE_TO_FLUID_SHEAR_STRESS	0.9784324652087807	0.5046875	0.7329074185715939	3/28	CITED2;ABCA1;NFE2L2	TUB	GO_BP	no_proc_ieg	10347
GOBP_PROTEIN_POLYMERIZATION	0.9776882924418169	0.5035714285714286	0.73436492265829	59/199	PYCARD;PSTPIP2;TMSB10;HCLS1;ARPC2;CAPG;PSRC1;EVL;NCK1;CYFIP1;HAUS6;FCHSD2;FLII;CSNK1D;NCKAP1L;CDH5;COBL;TUBA1A;PSTPIP1;AMBRA1;PFN1;HCK;TOGARAM1;GRB2;MAP7D3;ABL1;TMSB15A;UBE2K;ABITRAM;MEGF9;RAC1;MET;TPX2;TMOD3;ORC4;CDKN1B;CCL11;CAPZB;ARPC5;CAPZA2;FBXO5;WASHC5;EPS8;RPS3;HAUS3;ZNF207;UBE2C;MSRB1;MID1IP1;CCR7;GPX4;DIAPH2;FGF13;PIN1;DCTN1;MAPRE1;WASF3;BBS4;TUBGCP5	TUB	GO_BP	no_proc_ieg	10347
GOBP_REGULATION_OF_PHOSPHOLIPASE_C_ACTIVITY	0.9776846571739339	0.5015243902439024	0.7339163825752517	7/31	CD86;GNA15;RASGRP1;ABL1;P2RY6;C5AR1;HRAS	TUB	GO_BP	no_proc_ieg	10347
GOBP_MYELOID_CELL_HOMEOSTASIS	0.9773996107911258	0.5265151515151515	0.734169308631915	38/129	MAEA;CITED2;B2M;LIPA;ISG15;HOXB6;HCLS1;NEMP1;BAX;ANXA1;RB1;RPS19;MYB;NCKAP1L;INPP5D;SMAP1;ADAR;CCR2;RAC2;MAPK11;CASP3;IKZF1;ATP5IF1;TMOD3;DNASE2;MED1;ZBTB7A;KITLG;NCAPG2;HMOX1;SLC25A5;PTBP3;G6PD;BRD1;MAFB;HIF1A;ARNT;GATA3	TUB	GO_BP	no_proc_ieg	10347
GOBP_LONG_TERM_SYNAPTIC_POTENTIATION	0.9768334536464413	0.5020804438280166	0.7351282865823275	10/69	TYROBP;CX3CR1;PLK2;SERPINE2;STX3;ITPR3;YTHDF1;AKAP5;ABL1;NPTN	TUB	GO_BP	no_proc_ieg	10347
GOBP_MALE_MEIOTIC_NUCLEAR_DIVISION	0.9761767118719238	0.5077399380804953	0.736355509155315	9/29	AGO4;MYBL1;RAD51C;FOXJ3;MLH1;KIF18A;TESMIN;REC8;TDRKH	TUB	GO_BP	no_proc_ieg	10347
GOBP_POSITIVE_REGULATION_OF_MACROPHAGE_ACTIVATION	0.9753161926431646	0.5	0.7381309128620327	5/19	THBS1;IL33;KARS1;CEBPA;PLA2G4A	TUB	GO_BP	no_proc_ieg	10347
GOBP_REGULATION_OF_MICROTUBULE_BASED_PROCESS	0.9752877461506205	0.5150784077201448	0.7377537014257383	38/171	AURKA;PLK2;NUP62;VPS4B;NPM1;PSRC1;GPSM2;RHOA;BRCA1;HAUS6;SPAST;GNAI1;MAP9;NAT10;TACC3;GAS2L1;CDH5;APC;MAP1S;CEP131;PLK4;TOGARAM1;ABL1;CFAP20;ATF5;KIF18A;EML3;RAC1;RAE1;BORA;MET;PHLDB1;TPX2;STMN3;CDKN1B;CEP76;MID1;TRIM36	TUB	GO_BP	no_proc_ieg	10347
GOBP_RESPONSE_TO_GAMMA_RADIATION	0.9743649010591204	0.5	0.7396223523798028	17/39	BAX;TIGAR;HRAS;PARP1;CXCL10;CRYAB;CBL;XRCC5;TSPYL5;SOD2;YAP1;ATM;WRN;ZMPSTE24;BRCA2;ATR;PTPRC	TUB	GO_BP	no_proc_ieg	10347
GOBP_NEGATIVE_REGULATION_OF_DNA_REPAIR	0.9736661091698532	0.5	0.7409147870540703	10/26	ABL1;PARPBP;TWIST1;CYREN;RPS3;MAGEF1;SMCHD1;RECQL5;AUNIP;C1QBP	TUB	GO_BP	no_proc_ieg	10347
GOBP_MYOBLAST_DIFFERENTIATION	0.9729035288480239	0.5210312075983717	0.7424032678699843	9/77	TRIP4;DTYMK;SMARCE1;NRAS;MAML1;SMARCD3;CXCL9;LGALS1;RB1	TUB	GO_BP	no_proc_ieg	10347
GOBP_NEGATIVE_REGULATION_OF_CELLULAR_SENESCENCE	0.9727691089094048	0.5104669887278583	0.7422793099408342	5/18	PLK2;PTEN;ABL1;TWIST1;FBXO5	TUB	GO_BP	no_proc_ieg	10347
GOBP_EMBRYONIC_MORPHOGENESIS	0.9720827974370752	0.5551982851018221	0.7435923271255465	69/427	CITED2;SMAD1;APAF1;NF2;ALDH1A3;FN1;ITGB2;HOXB2;DACT1;SOX17;ITGB3;ITGA4;RIC8A;FLRT3;HOXB6;SATB2;BAX;HOXA10;HSBP1;PRKACB;FZD1;VEGFC;AMOT;HDAC1;MACROH2A1;LAMB3;EXT1;ALX1;HLX;PSEN1;HOXA1;PLXNB2;SPINT2;COBL;FGF2;SPINT1;HOXB7;RUNX2;ZNF281;PAF1;IFT52;PFN1;HOXB9;SLC39A1;TAF10;GRB2;MMP2;ABL1;MSX1;BRD3;PLS1;MICAL2;RPGRIP1L;CASP3;BBS7;UGDH;MBP;COL5A2;HS2ST1;FZD6;ITGA3;EXT2;STK4;TWIST1;FZD3;TGFB1I1;MYH9;MEF2C;PHLDB1	TUB	GO_BP	no_proc_ieg	10347
GOBP_POSITIVE_REGULATION_OF_PROTEIN_SECRETION	0.971714197965787	0.5157629255989912	0.7440789284813973	11/106	GOLPH3L;TMED10;HLA-DRB1;FRMD4A;PPID;VEGFC;SRI;CD38;DYNLL1;PPARG;VPS35	TUB	GO_BP	no_proc_ieg	10347
GOBP_REGULATION_OF_LONG_TERM_SYNAPTIC_POTENTIATION	0.9708985811668549	0.4948453608247423	0.745661847180676	7/33	TYROBP;CX3CR1;YTHDF1;AKAP5;ABL1;RELN;NSG1	TUB	GO_BP	no_proc_ieg	10347
GOBP_REGULATION_OF_ANIMAL_ORGAN_MORPHOGENESIS	0.9696730095625534	0.5205091937765205	0.7483267863149637	9/66	CITED2;FZD1;BTBD7;TNFRSF11B;FGF2;HOXB7;RUNX2;SPRY1;MSX1	TUB	GO_BP	no_proc_ieg	10347
GOBP_RESPONSE_TO_AMYLOID_BETA	0.9696614115944946	0.5	0.7479009954315001	8/43	VCAM1;ITGA4;PSEN1;CD36;ABCC1;MMP2;PARP1;CASP4	TUB	GO_BP	no_proc_ieg	10347
GOBP_NEGATIVE_REGULATION_OF_MACROAUTOPHAGY	0.9696386555218719	0.5139751552795031	0.7474909092493148	9/25	TSPO;TIGAR;QSOX1;RUBCN;BECN1;HMOX1;FEZ2;LYPLA1;SCFD1	TUB	GO_BP	no_proc_ieg	10347
GOBP_MISMATCH_REPAIR	0.9690156237932197	0.49606299212598426	0.7486179115867839	7/20	RPA1;PMS1;RPA2;PCNA;ABL1;MLH1;RNASEH2B	TUB	GO_BP	no_proc_ieg	10347
GOBP_GLYCOLIPID_BIOSYNTHETIC_PROCESS	0.968842301641459	0.5190615835777126	0.7485700745632589	18/53	ST6GALNAC4;B4GALT5;PIGT;DPM3;UGT8;B4GALT4;ST8SIA1;ST3GAL5;ST3GAL2;ST8SIA4;PIGB;UGCG;SLC30A5;PIGN;GPAA1;B3GALNT1;TM9SF2;DPM1	TUB	GO_BP	no_proc_ieg	10347
GOBP_NEGATIVE_REGULATION_OF_NEURON_PROJECTION_DEVELOPMENT	0.9678694747608233	0.5255376344086021	0.7505378716978709	11/99	CARM1;B2M;VIM;ITM2C;EFNB2;MYLIP;PTEN;EPHA7;DENND5A;CD38;PSEN1	TUB	GO_BP	no_proc_ieg	10347
GOBP_PHOSPHATIDYLINOSITOL_BIOSYNTHETIC_PROCESS	0.9667865797359737	0.5204918032786885	0.7527618991674827	28/85	PIK3R3;CDIPT;PTEN;PIK3CG;INPP5D;PIGT;MTMR2;DPM3;INPP4B;INPP1;BECN1;CDS1;PIP4K2A;HTR2B;IP6K1;SOCS1;EFR3A;PIGB;SOCS5;SLC30A5;SMG1;ATM;PIGN;FIG4;SYNJ1;INPP5F;GPAA1;PIP5K1C	TUB	GO_BP	no_proc_ieg	10347
GOBP_REGULATION_OF_MYOBLAST_DIFFERENTIATION	0.9666415305969551	0.5122302158273381	0.7527017201336239	12/49	TRIP4;SMARCE1;SMARCD3;CXCL9;IL18;MEF2C;CXCL10;SOX4;ANKRD2;ACTL6A;ID3;TBX3	TUB	GO_BP	no_proc_ieg	10347
GOBP_REGULATION_OF_PEPTIDYL_TYROSINE_PHOSPHORYLATION	0.9661237721535266	0.5299145299145299	0.7535486486772118	32/165	CCL5;NF2;ITGB2;ITGB3;SAMSN1;HCLS1;CD300A;CD44;MVP;ABI1;EPHA7;PAK2;BANK1;CD36;ADNP;PTPN6;IL15;CAV1;EHD4;TNFRSF14;CD4;ABL1;IL7;IL18;NRP1;PECAM1;RELN;CD40;DUSP22;NOD2;CD74;PIBF1	TUB	GO_BP	no_proc_ieg	10347
GOBP_CELLULAR_SENESCENCE	0.9653029209090351	0.5442359249329759	0.7551434505209424	15/74	CITED2;PLK2;B2M;NUP62;VASH1;NPM1;PTEN;ABL1;MAPK11;HRAS;TWIST1;CDKN1B;MAP2K1;FBXO5;TBX3	TUB	GO_BP	no_proc_ieg	10347
GOBP_RESPONSE_TO_OSMOTIC_STRESS	0.9652840733866318	0.5202797202797202	0.7547367581049782	7/61	PYCARD;TLR3;AKR1B1;TSPO;BAX;CASP1;STK39	TUB	GO_BP	no_proc_ieg	10347
GOBP_NEGATIVE_REGULATION_OF_MYELOID_LEUKOCYTE_DIFFERENTIATION	0.9650492182381256	0.5285505124450952	0.7548572935249344	13/37	TLR3;ZNF675;TNFRSF11B;INPP5D;TNFAIP6;IAPP;LTF;FSTL3;MAFB;TCTA;LILRB3;TLR4;FBN1	TUB	GO_BP	no_proc_ieg	10347
GOBP_HEART_VALVE_MORPHOGENESIS	0.9643345671332324	0.5232558139534884	0.7561419380929144	13/45	ADAMTS5;RHOA;RB1;CDH11;TWIST1;MEF2C;SOX4;HEY2;NOTCH2;BMP2;TGFBR2;GATA3;BMPR2	TUB	GO_BP	no_proc_ieg	10347
GOBP_POSITIVE_REGULATION_OF_MUSCLE_CELL_DIFFERENTIATION	0.9643134177004675	0.5170532060027285	0.7557313203942145	6/53	HOPX;MAML1;EFNB2;SMARCD3;CAMK1;LAMC1	TUB	GO_BP	no_proc_ieg	10347
GOBP_REGULATION_OF_DENDRITIC_SPINE_MORPHOGENESIS	0.9636046241792321	0.5465465465465466	0.7570445922725276	6/32	GPRASP3;DBN1;TIAM1;ARHGAP44;RELN;STAU2	TUB	GO_BP	no_proc_ieg	10347
GOBP_NEGATIVE_REGULATION_OF_MUSCLE_CONTRACTION	0.9633750187328887	0.5200642054574639	0.7571842864264489	4/19	PIK3CG;SRI;GUCY1A1;ADRA2A	TUB	GO_BP	no_proc_ieg	10347
GOBP_ATP_METABOLIC_PROCESS	0.963281895291466	0.5407407407407407	0.7569584771416713	25/146	ATP5MF;HDAC4;AK1;TSPO;UCP2;LIPA;ATP5MJ;NDUFA6;HKDC1;AK5;PSEN1;MYH6;PKM;UCHL1;ALDOA;NDUFA13;NADK;TIGAR;ANTKMT;ATP6V0C;ENO2;PARP1;PFKP;NDUFB5;ATP5IF1	TUB	GO_BP	no_proc_ieg	10347
GOBP_SKELETAL_SYSTEM_DEVELOPMENT	0.9627000504149923	0.5654054054054054	0.7579659896413232	45/375	COL3A1;CITED2;RAB23;SMAD1;TYROBP;TIMP1;COL1A1;TGFBI;P3H1;HEXB;HOXB2;DDRGK1;LEPR;PPIB;SLC2A10;LIPA;COL1A2;HOXB6;SATB2;RASSF2;CD44;HOXA10;SLC26A2;RHOA;RAB33B;VCAN;RB1;CDH11;EXT1;ALX1;MATN3;ITGB8;PSEN1;TNFRSF11B;HOXA1;FGF2;MGP;HOXB7;RUNX2;HOXB9;SLC39A1;MMP2;TRAPPC2;ITGB6;MSX1	TUB	GO_BP	no_proc_ieg	10347
GOBP_SEQUESTERING_OF_CALCIUM_ION	0.9625155985134168	0.5325520833333334	0.7579747585855492	17/106	CYBA;ITGB3;BAX;CXCL9;ITPR3;ANXA6;SRI;CLIC2;PSEN1;PTPN6;CCR5;FGF2;CCL19;CX3CL1;CXCL11;ABL1;P2RY6	TUB	GO_BP	no_proc_ieg	10347
GOBP_MALE_SEX_DIFFERENTIATION	0.9622270486658034	0.5471938775510204	0.7582591855055343	18/138	DHCR24;CITED2;PRDX4;TLR3;AGO4;ADGRG1;BAX;HOXA10;BRIP1;CTNNA1;CRKL;ASPM;NUDT1;LHFPL2;TNFSF10;KIF18A;SGPL1;RRM1	TUB	GO_BP	no_proc_ieg	10347
GOBP_REGULATION_OF_MICROTUBULE_DEPOLYMERIZATION	0.9621878093476754	0.528	0.757905628893231	8/26	SPAST;APC;MAP1S;TPX2;MID1;MID1IP1;FGF13;CKAP2	TUB	GO_BP	no_proc_ieg	10347
GOBP_ORGANOPHOSPHATE_BIOSYNTHETIC_PROCESS	0.9621126612658275	0.5792880258899676	0.757633311791098	87/391	NME1;PIK3R3;LPCAT1;LPCAT3;CDIPT;GUCY1B1;DCK;ATP5MF;PLA2G4C;HEXB;AK1;TPK1;LIPA;DTYMK;AGPAT2;CMPK1;ATP5MJ;NDUFA6;SPTLC2;DCTD;AK5;PTEN;IMPDH1;LPGAT1;PANK2;ACSL5;PIK3CG;ADCY7;INPP5D;KARS1;GUCY1A1;NNMT;PIGT;MTMR2;HACD1;CKB;P2RY6;DPM3;ALDOA;NDUFA13;GART;NADK;INPP4B;SGMS1;ANTKMT;ACACA;ATP6V0C;PLSCR1;FABP3;PARP1;RAB38;RRM1;PPT1;NME6;INPP1;PLA2G4A;NDUFB5;ADSL;PAPSS1;BECN1;CDS1;NDUFS6;PPCS;PIP4K2A;PDHX;CAPN2;PGS1;PYGL;PDK1;ABHD4;ATP5MC1;TYMS;RFK;NDUFA8;NME5;GARS1;HTR2B;IP6K1;NDUFB3;SOCS1;DGKI;IDO1;EFR3A;G6PD;PIGB;ATP5PB;SOCS5	TUB	GO_BP	no_proc_ieg	10347
GOBP_POSITIVE_REGULATION_OF_INTRACELLULAR_TRANSPORT	0.9617066952370187	0.5417721518987342	0.7582047107036678	31/108	ECT2;NF2;RBM22;HCLS1;CDK1;EIPR1;CAMK1;PRR5L;PSEN1;AKAP5;CEP131;MTMR2;NCBP2;CPSF6;ERGIC3;RAPGEF3;LDLRAP1;ANXA2;BCAP31;HYAL2;PRKD1;ICE1;CD81;TRIM28;DAB2;PDCD10;OAZ1;ZPR1;STX18;NEDD4;RAB29	TUB	GO_BP	no_proc_ieg	10347
GOBP_POSITIVE_REGULATION_OF_STRIATED_MUSCLE_CELL_DIFFERENTIATION	0.9614971099922429	0.5083713850837138	0.7582542416868417	3/31	HOPX;MAML1;EFNB2	TUB	GO_BP	no_proc_ieg	10347
GOBP_ODONTOGENESIS	0.9611595922932963	0.5273224043715847	0.7586453836453366	14/94	COL1A1;NF2;PERP;COL1A2;BAX;RHOA;CTNNA1;CNNM4;HDAC1;TNFRSF11B;RUNX2;TNC;ITGB6;MSX1	TUB	GO_BP	no_proc_ieg	10347
GOBP_PROTEIN_NEDDYLATION	0.9611314717658066	0.5345104333868379	0.7582604161222103	3/18	NAE1;RBX1;COPS3	TUB	GO_BP	no_proc_ieg	10347
GOBP_POSITIVE_REGULATION_OF_JUN_KINASE_ACTIVITY	0.9610369798133833	0.52	0.7580289907648268	8/25	SASH1;CCL19;ARHGEF5;TAOK3;RPS3;PAK1;MAP3K4;MAP3K11	TUB	GO_BP	no_proc_ieg	10347
GOBP_NEGATIVE_REGULATION_OF_EPIDERMAL_GROWTH_FACTOR_RECEPTOR_SIGNALING_PATHWAY	0.960908022888122	0.4966996699669967	0.7578933164432455	2/17	NUP62;MVP	TUB	GO_BP	no_proc_ieg	10347
GOBP_REGULATION_OF_ALPHA_BETA_T_CELL_DIFFERENTIATION	0.9605088639144577	0.5375722543352601	0.7584555920146631	10/57	HLA-DRB1;HLA-DRA;CD86;RHOA;ANXA1;HLX;NCKAP1L;CCL19;ASCL2;IL18	TUB	GO_BP	no_proc_ieg	10347
GOBP_POSITIVE_REGULATION_OF_RESPONSE_TO_WOUNDING	0.9604572469367744	0.5216783216783217	0.75814232333827	17/63	CLDN1;THBS1;NFE2L2;ANXA1;FERMT1;ACTG1;CD36;GRN;ADRA2A;STK24;HRAS;CLDN3;MDK;CPB2;HPSE;PTK2;PLAT	TUB	GO_BP	no_proc_ieg	10347
GOBP_VESICLE_DOCKING	0.9601022100244231	0.516320474777448	0.7585843603043956	12/37	CAV2;STX3;STX8;STX6;RAB8A;STX2;STXBP1;RALB;EXOC2;EXOC1;SYTL2;STX7	TUB	GO_BP	no_proc_ieg	10347
GOBP_NEGATIVE_REGULATION_OF_PROTEASOMAL_PROTEIN_CATABOLIC_PROCESS	0.9600890836531842	0.5392592592592592	0.7581606589193426	18/36	DDRGK1;PBK;USP14;LAMP3;TAF9;CAMLG;PARK7;PHF20L1;N4BP1;BAG5;PSMF1;PSME3IP1;WAC;CSNK2A2;GABARAPL2;EIF3H;MARCHF7;MTM1	TUB	GO_BP	no_proc_ieg	10347
GOBP_EMBRYO_IMPLANTATION	0.9585000928372587	0.526706231454006	0.7616921969089903	9/42	TIMP1;ITGB3;DDR1;ARHGDIB;YTHDF3;MMP2;SMURF2;IGFBP7;SPP1	TUB	GO_BP	no_proc_ieg	10347
GOBP_POSITIVE_REGULATION_OF_AXON_EXTENSION	0.9581630830697803	0.5217391304347826	0.7621370306043572	7/33	FN1;CYFIP1;ADNP;SHTN1;CDKL5;NRP1;EIF4G2	TUB	GO_BP	no_proc_ieg	10347
GOBP_REGULATION_OF_CATECHOLAMINE_METABOLIC_PROCESS	0.9579686892306316	0.5159128978224455	0.7621426343297514	3/15	ITGB2;ITGAM;VPS35	TUB	GO_BP	no_proc_ieg	10347
GOBP_REGULATION_OF_MEMBRANE_PROTEIN_ECTODOMAIN_PROTEOLYSIS	0.9571169595018314	0.5191424196018377	0.7638080889255573	4/20	TIMP1;TNFRSF1B;ADRA2A;TIMP2	TUB	GO_BP	no_proc_ieg	10347
GOBP_RESPONSE_TO_ESTROGEN	0.9566231955864287	0.5217391304347826	0.7646203758329071	10/53	CITED2;DTYMK;HOXA10;CTNNA1;ARPC1B;TNFRSF11B;CAV1;MMP2;TRIM25;TRIM24	TUB	GO_BP	no_proc_ieg	10347
GOBP_POSITIVE_REGULATION_OF_INTERLEUKIN_10_PRODUCTION	0.9559431580280893	0.5320121951219512	0.7658764527624787	5/30	PYCARD;ISG15;NOD2;PIBF1;F2RL1	TUB	GO_BP	no_proc_ieg	10347
GOBP_POSITIVE_REGULATION_OF_CYTOKINE_PRODUCTION_INVOLVED_IN_INFLAMMATORY_RESPONSE	0.9547911227986392	0.543171114599686	0.768351964829317	7/20	TLR3;MYD88;TICAM1;NOD2;HIF1A;APPL1;TLR4	TUB	GO_BP	no_proc_ieg	10347
GOBP_NEGATIVE_REGULATION_OF_WOUND_HEALING	0.9540918913336618	0.5643564356435643	0.7695923076733735	15/60	SERPING1;THBS1;SERPINE2;TSPAN8;PTEN;FGF2;ALOX5;CLDN3;CPB2;ANXA2;CRK;TFPI;PLAT;FAP;TMX1	TUB	GO_BP	no_proc_ieg	10347
GOBP_REGULATION_OF_MACROPHAGE_ACTIVATION	0.9536536500632943	0.539454806312769	0.7701783405890509	12/46	THBS1;SYT11;IL33;VSIG4;KARS1;GRN;CST7;NR1D1;CEBPA;PLA2G4A;CD74;FCGR2B	TUB	GO_BP	no_proc_ieg	10347
GOBP_OLIGODENDROCYTE_DIFFERENTIATION	0.9529843268678596	0.5662482566248257	0.7713545110589123	8/78	CLU;CSK;B4GALT5;TNFRSF1B;IL33;PTEN;HDAC1;GPM6B	TUB	GO_BP	no_proc_ieg	10347
GOBP_LAMELLIPODIUM_ASSEMBLY	0.952960009651372	0.5191740412979351	0.7709424856732842	14/49	ARPC2;NCK1;CYFIP1;S1PR1;NUP85;RAC2;RHOD;CCDC88A;FSCN1;VAV3;RAC1;ARHGEF6;PARVB;CAPZB	TUB	GO_BP	no_proc_ieg	10347
GOBP_CARDIAC_ATRIUM_MORPHOGENESIS	0.9522578691043491	0.5230524642289348	0.7722005272534691	10/21	MYH6;SOX4;HEY2;NOTCH2;NSD2;BMP2;ENG;BMPR2;ACVR1;SOS1	TUB	GO_BP	no_proc_ieg	10347
GOBP_NEUROMUSCULAR_JUNCTION_DEVELOPMENT	0.9512573185353778	0.5333333333333333	0.7742421097724599	10/45	COL4A1;CACNB3;CRKL;FNTA;TNC;PPFIBP1;AGRN;KCNJ8;CRK;FARP1	TUB	GO_BP	no_proc_ieg	10347
GOBP_POSITIVE_REGULATION_OF_PROTEIN_SERINE_THREONINE_KINASE_ACTIVITY	0.9511132694345436	0.5680628272251309	0.7741516899397577	24/102	THBS1;EZH2;TPD52L1;PSRC1;RHOA;CAMK1;SASH1;PIK3CG;RASGRP1;FGF2;ADRA2A;CCL19;ERP29;ARHGEF5;HRAS;CD40;DIRAS2;LTF;TAOK3;MAP2K1;TCIM;RALB;HTR2B;RPS3	TUB	GO_BP	no_proc_ieg	10347
GOBP_CELL_FATE_COMMITMENT_INVOLVED_IN_FORMATION_OF_PRIMARY_GERM_LAYER	0.9486970836292162	0.5354200988467874	0.7796746553056235	3/22	SMAD1;SOX17;PAF1	TUB	GO_BP	no_proc_ieg	10347
GOBP_REGULATION_OF_CELLULAR_COMPONENT_SIZE	0.9474638298431309	0.6011428571428571	0.7823565161447977	52/253	PYCARD;TMSB10;FN1;HCLS1;ARPC2;CAPG;RHOA;EVL;PTEN;NCK1;RAB22A;CYFIP1;EPHA7;FCHSD2;RAP1GAP2;FLII;CCDC51;SWAP70;NCKAP1L;ADNP;SHTN1;CDKL5;STK39;PFN1;HCK;GRB2;ABL1;XK;PLS1;VAV1;TMSB15A;CLCN3;NRCAM;NRP1;VAV3;ABITRAM;SPP1;MEGF9;RAC1;EIF4G2;TMOD3;DSTN;F2RL1;CCL11;CAPZB;ARPC5;CAPZA2;WASHC5;RIN3;RB1CC1;EPS8;PRKD1	TUB	GO_BP	no_proc_ieg	10347
GOBP_CHROMOSOME_ORGANIZATION_INVOLVED_IN_MEIOTIC_CELL_CYCLE	0.9472587263662242	0.5603576751117735	0.7823920428045804	8/36	AGO4;P3H4;BRIP1;SMC4;PSMC3IP;MLH1;NDC1;REC8	TUB	GO_BP	no_proc_ieg	10347
GOBP_POSITIVE_REGULATION_OF_ESTABLISHMENT_OF_PROTEIN_LOCALIZATION_TO_MITOCHONDRION	0.9468176805817338	0.5519379844961241	0.7830359828508265	5/26	SAE1;SH3GLB1;RAC2;LEPROT;TOMM70	TUB	GO_BP	no_proc_ieg	10347
GOBP_REGULATION_OF_OSTEOCLAST_DIFFERENTIATION	0.9464644621421351	0.5457184325108854	0.7834698401343724	9/50	TYROBP;TLR3;RASSF2;ZNF675;CCR1;TNFRSF11B;INPP5D;TNFAIP6;IAPP	TUB	GO_BP	no_proc_ieg	10347
GOBP_NEGATIVE_REGULATION_OF_NEURON_APOPTOTIC_PROCESS	0.9464469168058712	0.5822784810126582	0.7830539443493924	20/120	CLU;GPRASP3;CX3CR1;UCP2;BAX;RHOA;FZD1;SET;PSEN1;ADNP;GRN;AMBRA1;HYOU1;CX3CL1;IL27RA;HRAS;NRP1;TOX3;MDK;PPT1	TUB	GO_BP	no_proc_ieg	10347
GOBP_ORGANIC_HYDROXY_COMPOUND_TRANSPORT	0.9463251667081788	0.5830346475507766	0.78289293616572	23/188	CLU;PLTP;ABCA1;NFKB1;TSPO;ITGB3;SYT11;LIPA;VPS4B;LIPC;SLC29A3;APOC1;SCARB1;ABCA3;GPM6B;MYB;CD36;PPARG;OXTR;ADRA2A;CAV1;SOAT1;ABCC3	TUB	GO_BP	no_proc_ieg	10347
GOBP_POSITIVE_REGULATION_OF_MIRNA_METABOLIC_PROCESS	0.946020254790713	0.5659259259259259	0.7832037969379212	15/48	SMAD1;NFKB1;MYB;PPARG;FGF2;MRTFB;GNL3;HRAS;NR3C1;NOTCH2;BMP2;HIF1A;GATA3;AGT;SREBF1	TUB	GO_BP	no_proc_ieg	10347
GOBP_POSITIVE_REGULATION_OF_AMYLOID_PRECURSOR_PROTEIN_CATABOLIC_PROCESS	0.9455208184028532	0.5172955974842768	0.7839658789378281	5/18	CLU;CASP3;SP1;CSNK1E;IFNGR1	TUB	GO_BP	no_proc_ieg	10347
GOBP_DENDRITE_MORPHOGENESIS	0.9452741087476825	0.59375	0.7841496119338058	18/107	GPRASP3;DBN1;YWHAH;TPBG;TIAM1;PTEN;ABI1;CDKL5;ANKRD27;VLDLR;TMEM106B;NRP1;ARHGAP44;SDC2;ABITRAM;RELN;STAU2;FARP1	TUB	GO_BP	no_proc_ieg	10347
GOBP_COPULATION	0.9451143207833947	0.5379310344827586	0.7840849902806727	3/18	SERPINE2;TAC1;OXTR	TUB	GO_BP	no_proc_ieg	10347
GOBP_NON_MOTILE_CILIUM_ASSEMBLY	0.9449666344908069	0.5640648011782032	0.7839837270369479	14/37	CSNK1D;IFT52;CEP131;TOGARAM1;WRAP73;RPGRIP1L;BBS7;CLCN4;BBS10;PIBF1;DCTN1;IFT74;MAPRE1;BBS4	TUB	GO_BP	no_proc_ieg	10347
GOBP_POSITIVE_REGULATION_OF_NEUROBLAST_PROLIFERATION	0.9448706777040895	0.5615384615384615	0.7837651551022604	7/29	CX3CR1;SMARCD3;VEGFC;VCAN;FGF2;CX3CL1;ASPM	TUB	GO_BP	no_proc_ieg	10347
GOBP_ER_NUCLEUS_SIGNALING_PATHWAY	0.9447541629013827	0.5219298245614035	0.7835942371906792	5/36	SPRING1;DDRGK1;NFE2L2;NCK1;AGR2	TUB	GO_BP	no_proc_ieg	10347
GOBP_POSITIVE_REGULATION_OF_ERK1_AND_ERK2_CASCADE	0.9444592477761456	0.5675324675324676	0.7838904248616918	38/151	PYCARD;HLA-DRB1;ITGB3;TPBG;SHC1;DDR1;CD44;CCR1;RASGRP1;CD36;FGF2;CRKL;CD4;DENND2B;CCL19;CX3CL1;ABL1;P2RY6;C5AR1;GPNMB;HRAS;NRP1;NPY5R;NOD2;ROR1;CD74;F2RL1;MAP2K1;FGFR4;NOTCH2;FGF20;THPO;HTR2B;GNAI2;BMP2;PTPN22;AKAP12;MARCO	TUB	GO_BP	no_proc_ieg	10347
GOBP_DEVELOPMENTAL_MATURATION	0.9438291458009397	0.6267441860465116	0.7850349819906859	58/240	MAEA;AKR1B1;CDC20;CX3CR1;AURKA;B4GALT5;C1QA;NEMP1;CDH3;RHOA;PTEN;TDRD7;RAB32;RB1;EXT1;CDC25B;FERMT1;C3;CDH5;PPARG;IL15;CD63;VPS35;RUNX2;S1PR1;CCL19;PFN1;CX3CL1;RAC2;MMP2;ANKRD27;CLCN3;NRCAM;RAB38;AGRN;RELN;LTF;CEBPA;REC8;SEZ6L2;MTCH1;ZBTB7A;STXBP1;FBXO5;WASHC5;CCR6;CLN5;TDRKH;TYMS;BMP2;KIF14;PTBP3;G6PD;BRD1;HIF1A;SOX18;GATA3;CBFB	TUB	GO_BP	no_proc_ieg	10347
GOBP_ALPHA_BETA_T_CELL_DIFFERENTIATION	0.9434078205328547	0.5712383488681758	0.7855941202489385	16/90	HLA-DRB1;HLA-DRA;CD86;RHOA;ANXA1;HLX;MYB;NCKAP1L;CCL19;ABL1;ASCL2;STAT4;TOX;IL18R1;IL18;RSAD2	TUB	GO_BP	no_proc_ieg	10347
GOBP_NEGATIVE_REGULATION_OF_TUMOR_NECROSIS_FACTOR_SUPERFAMILY_CYTOKINE_PRODUCTION	0.9432732782984435	0.5815295815295816	0.785500204675042	11/49	TSPO;SYT11;PTPN6;CX3CL1;IL27RA;GPNMB;TWIST1;GSTP1;LTF;NOD2;TRIM27	TUB	GO_BP	no_proc_ieg	10347
GOBP_CELLULAR_RESPONSE_TO_LIPID	0.9430895017964727	0.6496815286624203	0.7854637812130917	80/467	PYCARD;CLDN1;COL1A1;ABCA1;CARM1;CXCL1;CX3CR1;LY96;NFKB1;TSPO;SPON2;AHR;DDRGK1;YWHAH;TESC;TRIP4;MYD88;TNFRSF1B;VIM;SERPINF1;CD86;IRF8;RHOA;CCNA2;SCARB1;CXCL9;BRCA1;SASH1;LY86;ANXA1;HDAC1;CYP7B1;CYP24A1;GNAI1;MYB;CARD8;LITAF;RUVBL2;PTGER2;CD36;CCR5;CASP1;CXCL6;PAF1;PF4V1;TICAM1;CX3CL1;HCK;TNC;ZDHHC7;CXCL11;MMP2;ABL1;P2RY6;CASP7;CXCL13;NDUFA13;PMEPA1;TRIM24;CD14;ACACA;NR1D1;CDK4;PPBP;AKR1C2;PARP1;CD68;KIF18A;RBFOX2;SPP1;GNB1;BRINP1;CD40;GSTP1;LTF;SCGB2A1;MEF2C;NOD2;CXCL10;NR3C1	TUB	GO_BP	no_proc_ieg	10347
GOBP_EPITHELIAL_CELL_APOPTOTIC_PROCESS	0.9425313391260116	0.5776636713735558	0.7863933090815919	21/112	CARM1;THBS1;ITGB3;ITGA4;NFE2L2;BAX;BID;TMEM258;RB1;PIK3CG;ITGB3BP;CDH5;ADAR;ABL1;CASP3;MDK;CD40;STK4;ANXA2;CAST;CDKN1B	TUB	GO_BP	no_proc_ieg	10347
GOBP_NEURON_MATURATION	0.9407460940128581	0.5515151515151515	0.7903335062853655	9/38	B4GALT5;C1QA;RB1;C3;CX3CL1;NRCAM;AGRN;MTCH1;CLN5	TUB	GO_BP	no_proc_ieg	10347
GOBP_NEGATIVE_REGULATION_OF_TRANSPORTER_ACTIVITY	0.9404195718708704	0.5625	0.7906654921291534	6/40	PPIF;SRI;CLIC2;ADRA2A;CAV1;STK39	TUB	GO_BP	no_proc_ieg	10347
GOBP_NEGATIVE_REGULATION_OF_PROTEIN_UBIQUITINATION	0.9400934911884895	0.5656984785615491	0.791001015351987	8/55	MAD2L1;TSPO;ISG15;TRIM44;VPS28;GTPBP4;CAV1;ABL1	TUB	GO_BP	no_proc_ieg	10347
GOBP_BONE_DEVELOPMENT	0.9397684165151778	0.5906288532675709	0.7913338997610202	10/147	COL3A1;CITED2;RAB23;SMAD1;TYROBP;COL1A1;P3H1;LEPR;PPIB;LIPA	TUB	GO_BP	no_proc_ieg	10347
GOBP_EMBRYONIC_CAMERA_TYPE_EYE_MORPHOGENESIS	0.9394857223508437	0.5553745928338762	0.7915548381292423	2/21	CITED2;ALDH1A3	TUB	GO_BP	no_proc_ieg	10347
GOBP_UTERUS_DEVELOPMENT	0.9394353024311746	0.5594059405940595	0.7912051881499277	2/19	CITED2;HOXA10	TUB	GO_BP	no_proc_ieg	10347
GOBP_CELLULAR_RESPONSE_TO_ALCOHOL	0.9390045091690515	0.5768725361366623	0.79183803960583	14/79	ABCA1;AHR;CYBB;CTNNA1;BRCA1;GNAI1;ADCY7;PTGER2;TNC;P2RY6;ACACA;CDK4;AKR1C2;GNB1	TUB	GO_BP	no_proc_ieg	10347
GOBP_RESPONSE_TO_KETONE	0.9388581725514935	0.615568862275449	0.7917320538784863	33/170	CLDN1;ITGAM;TSPO;THBS1;UCP2;AHR;CYBB;LIPA;SERPINF1;HOXA10;GLB1;GNAI1;CD38;POSTN;PTGER2;OXTR;CAV1;PCNA;PAPPA;CCL19;STK39;TNC;P2RY6;ACACA;IGFBP7;CDK4;AKR1C2;PARP1;SPP1;GNB1;A2M;NR3C1;SP1	TUB	GO_BP	no_proc_ieg	10347
GOBP_PROTEIN_AUTOUBIQUITINATION	0.938389812698106	0.5726744186046512	0.7923996451943751	7/44	UBE2D2;RAG1;TRIM21;BRCA1;SASH1;OBI1;RBX1	TUB	GO_BP	no_proc_ieg	10347
GOBP_EPHRIN_RECEPTOR_SIGNALING_PATHWAY	0.9377165883480588	0.5808823529411765	0.7936024657681753	5/44	EFNA4;EFNB2;TIAM1;NCK1;EPHA7	TUB	GO_BP	no_proc_ieg	10347
GOBP_POSITIVE_REGULATION_OF_NF_KAPPAB_TRANSCRIPTION_FACTOR_ACTIVITY	0.9375703082476319	0.5640362225097024	0.7935135069065901	23/97	PYCARD;CLU;DDRGK1;MYD88;NPM1;TRIM21;TRIM22;PRKCH;TRIM25;IL18R1;IL18;CD40;LTF;NOD2;ROR1;TRIM68;ZBTB7A;PSMA6;TRIM14;MTDH;PRKD1;RPS3;S100A9	TUB	GO_BP	no_proc_ieg	10347
GOBP_VOCALIZATION_BEHAVIOR	0.9368434125724455	0.5522875816993464	0.7948041465234621	4/16	EXT1;SRPX2;BRINP1;NLGN4X	TUB	GO_BP	no_proc_ieg	10347
GOBP_POSITIVE_REGULATION_OF_PHOSPHOLIPASE_ACTIVITY	0.9367652645382903	0.5701219512195121	0.7945460880445507	6/35	CCL5;CD86;GNA15;P2RY6;C5AR1;HRAS	TUB	GO_BP	no_proc_ieg	10347
GOBP_REGULATION_OF_HOMOTYPIC_CELL_CELL_ADHESION	0.9363318505563438	0.5520504731861199	0.7951643526577545	2/25	CCL5;SERPINE2	TUB	GO_BP	no_proc_ieg	10347
GOBP_POSITIVE_CHEMOTAXIS	0.9362841374880964	0.563845050215208	0.7948144319559621	15/50	CCL5;VEGFC;S100A4;FGF2;S1PR1;CX3CL1;GPNMB;NRP1;MET;CXCL10;F2RL1;FGF7;ITGA2;CXCL12;SCRIB	TUB	GO_BP	no_proc_ieg	10347
GOBP_NEGATIVE_REGULATION_OF_PROTEASOMAL_UBIQUITIN_DEPENDENT_PROTEIN_CATABOLIC_PROCESS	0.9355159563955979	0.5597579425113465	0.796246660339797	12/26	DDRGK1;PBK;TAF9;CAMLG;PARK7;PHF20L1;N4BP1;BAG5;WAC;CSNK2A2;EIF3H;MTM1	TUB	GO_BP	no_proc_ieg	10347
GOBP_SKIN_DEVELOPMENT	0.9350727316148301	0.6304604486422668	0.7968706399978405	39/204	COL3A1;DHCR24;CLDN1;COL1A1;PPL;PLAAT4;EZH2;SLC2A10;MYD88;COL1A2;CDH3;CSTA;ANXA1;HDAC1;MACROH2A1;MACROH2A2;EXT1;FERMT1;PSEN1;LSR;PRKCH;ITGB6;KRT85;CASP3;IL18;KRT10;KRT7;COL5A2;FZD6;ITGA3;STK4;LTB;FZD3;MET;OPN3;HPSE;PTGES3;MAP2K1;MED1	TUB	GO_BP	no_proc_ieg	10347
GOBP_PROTEIN_LOCALIZATION_TO_CELL_JUNCTION	0.9347637003935712	0.5655172413793104	0.7971139261397024	18/75	NETO2;GPC4;STX3;ACTG1;LSR;PAK2;CDH5;VPS35;ZDHHC7;ADAM10;HRAS;RAB27B;RAB8A;ARHGAP44;PECAM1;LAMTOR3;RELN;STAU2	TUB	GO_BP	no_proc_ieg	10347
GOBP_SMAD_PROTEIN_SIGNAL_TRANSDUCTION	0.9347023670813351	0.5684647302904564	0.7967925960283131	18/62	SMAD1;RBPMS;PPARG;RUNX2;PMEPA1;CILP;PARP1;CCN3;BECN1;LDLRAD4;FAM89B;NUP93;BMP2;ENG;TGFBR2;BMPR2;DAB2;PIN1	TUB	GO_BP	no_proc_ieg	10347
GOBP_NUCLEOSIDE_MONOPHOSPHATE_BIOSYNTHETIC_PROCESS	0.9345032864628378	0.5598802395209581	0.7967950396048349	7/32	DCK;CMPK1;IMPDH1;GART;ADSL;TYMS;RFK	TUB	GO_BP	no_proc_ieg	10347
GOBP_ERYTHROCYTE_DEVELOPMENT	0.9341148864571077	0.5519877675840978	0.797268411987748	11/31	MAEA;CITED2;NEMP1;NCKAP1L;RAC2;TMOD3;MED1;ZBTB7A;PTBP3;G6PD;BRD1	TUB	GO_BP	no_proc_ieg	10347
GOBP_COGNITION	0.933896505638969	0.6310344827586207	0.7973427280741625	38/236	MAN2B1;GPRASP3;ARL6IP5;CX3CR1;PLK2;TPBG;SYT11;B2M;RIC8A;HLA-DRA;SERPINF1;RAG1;GM2A;PTEN;CYFIP1;ITPR3;YTHDF1;DGCR2;CBR3;NTAN1;PSEN1;HOXA1;ADNP;TUBA1A;OXTR;ABL1;IFT20;VLDLR;CASP3;C5AR1;VDAC3;ARF4;MDK;RAPGEF3;ITGA3;BRINP1;PPT1;RELN	TUB	GO_BP	no_proc_ieg	10347
GOBP_POSITIVE_REGULATION_OF_PROTEIN_AUTOPHOSPHORYLATION	0.9336104940575478	0.5444078947368421	0.7975661711038647	4/20	RASSF2;VEGFC;NBN;GPNMB	TUB	GO_BP	no_proc_ieg	10347
GOBP_PHOSPHOLIPID_BIOSYNTHETIC_PROCESS	0.9335115488327286	0.6262755102040817	0.7973458546670212	49/159	PIK3R3;LPCAT1;LPCAT3;CDIPT;PLA2G4C;HEXB;AGPAT2;SPTLC2;PTEN;LPGAT1;PIK3CG;INPP5D;PIGT;MTMR2;DPM3;INPP4B;SGMS1;PLSCR1;FABP3;RAB38;INPP1;PLA2G4A;BECN1;CDS1;PIP4K2A;CAPN2;PGS1;ABHD4;HTR2B;IP6K1;SOCS1;DGKI;EFR3A;PIGB;SOCS5;FADS1;ABHD3;SLC30A5;SMG1;ATM;GNPAT;PIGN;CLN3;FIG4;HDHD5;SYNJ1;INPP5F;GPAA1;PIP5K1C	TUB	GO_BP	no_proc_ieg	10347
GOBP_ENERGY_HOMEOSTASIS	0.933129488402869	0.5902578796561605	0.7977834539114252	13/61	LEPR;LIPA;RRP8;NR1D2;CD36;NMU;STK39;PRCP;RMI1;ADRB1;MEX3C;TWIST1;CEBPA	TUB	GO_BP	no_proc_ieg	10347
GOBP_REGULATION_OF_PROTEIN_TARGETING_TO_MEMBRANE	0.9326804852836876	0.5890850722311396	0.7983833408107595	5/25	ITGB2;ITGAM;STOM;ITGB1BP1;HRAS	TUB	GO_BP	no_proc_ieg	10347
GOBP_TRNA_PROCESSING	0.9308985696294767	0.5863453815261044	0.8022498503027166	22/69	RPP40;POP5;NAT10;KARS1;POP7;PUS1;THUMPD1;PUS7;RTRAF;ELAC2;LCMT2;QTRT2;TRMT1L;CLP1;TRDMT1;WDR4;LSM6;TRMT9B;DTWD1;THUMPD2;RPP38;HSD17B10	TUB	GO_BP	no_proc_ieg	10347
GOBP_RIBONUCLEOSIDE_MONOPHOSPHATE_METABOLIC_PROCESS	0.929926357754104	0.5671428571428572	0.8040842541921916	4/44	DCK;AK1;CMPK1;IMPDH1	TUB	GO_BP	no_proc_ieg	10347
GOBP_RIBONUCLEOSIDE_CATABOLIC_PROCESS	0.9298600281824543	0.555366269165247	0.8037662712204017	4/15	APOBEC3G;DCTD;ADA2;APOBEC3F	TUB	GO_BP	no_proc_ieg	10347
GOBP_NEGATIVE_REGULATION_OF_MUSCLE_HYPERTROPHY	0.9298449064883413	0.5306122448979592	0.8033309863945329	8/22	TNFRSF1B;PPARG;TOMM70;P2RX4;G6PD;GLRX3;RGS4;SMAD3	TUB	GO_BP	no_proc_ieg	10347
GOBP_NEUROTRANSMITTER_RECEPTOR_TRANSPORT	0.9278856800380176	0.5692307692307692	0.807631226377993	5/15	STX3;VPS35;RAB8A;ARHGAP44;NSG1	TUB	GO_BP	no_proc_ieg	10347
GOBP_REGULATION_OF_MRNA_CATABOLIC_PROCESS	0.9276521102201291	0.5935064935064935	0.8077244909624954	32/113	AGO4;MYD88;VIM;NPM1;FUS;POLR2G;PRR5L;YTHDF1;YTHDF3;CNOT8;APEX1;DCP2;MLH1;ANGEL2;HNRNPAB;EIF4ENIF1;METTL3;RBM10;EIF4A3;SAMD4A;CNOT3;CNOT2;FASTKD5;CNOT6;IGF2BP3;TENT5C;RNASEL;PUM1;FMR1;MAGOH;EXOSC8;PABPC4	TUB	GO_BP	no_proc_ieg	10347
GOBP_REPRODUCTIVE_SYSTEM_DEVELOPMENT	0.9275882612021468	0.6377858002406739	0.8074244386304021	33/233	DHCR24;CITED2;PRDX4;TLR3;AGO4;ADGRG1;BASP1;SERPINE2;SERPINF1;NR2F2;BAX;TAF4;CRIP1;HOXA10;BRIP1;CTNNA1;CYP7B1;C3;CRKL;CASP2;FANCG;TNFAIP6;TNC;ASPM;NUDT1;MMP2;TNFSF10;CASP3;EIF2B4;KIF18A;NUP107;SGPL1;RRM1	TUB	GO_BP	no_proc_ieg	10347
GOBP_REGULATION_OF_ERYTHROCYTE_DIFFERENTIATION	0.9273052462700352	0.5699088145896657	0.8076235388104894	11/33	B2M;ISG15;NCKAP1L;INPP5D;SMAP1;MAPK11;MED1;BRD1;MAFB;HIF1A;ARNT	TUB	GO_BP	no_proc_ieg	10347
GOBP_NEURON_PROJECTION_EXTENSION	0.9271904698168245	0.631979695431472	0.8074285529201047	17/128	PLXNA1;FN1;AURKA;ITGA4;FLRT3;DDR1;TIAM1;CYFIP1;POSTN;ADNP;SHTN1;CDKL5;MUL1;ABL1;IQGAP1;NRCAM;NRP1	TUB	GO_BP	no_proc_ieg	10347
GOBP_REGULATION_OF_NEURON_APOPTOTIC_PROCESS	0.9261259841658617	0.6413043478260869	0.8095377555301696	32/181	CLU;CASP8;GPRASP3;CX3CR1;UCP2;NAE1;BAX;RHOA;FZD1;SET;EPHA7;MYB;PSEN1;ADNP;GRN;SIGMAR1;CASP2;AMBRA1;HYOU1;CX3CL1;IL27RA;MMP2;ABL1;CASP7;CASP3;HRAS;PARP1;NRP1;TOX3;MDK;CASP4;PPT1	TUB	GO_BP	no_proc_ieg	10347
GOBP_REGULATION_OF_STEM_CELL_DIFFERENTIATION	0.9260909636245678	0.5874125874125874	0.8091630705813448	15/54	SOX17;EZH2;NFE2L2;FZD1;HDAC1;FGF2;ABL1;PUS7;RBBP7;METTL3;NELFB;TBX3;CDK12;YAP1;TGFBR2	TUB	GO_BP	no_proc_ieg	10347
GOBP_NEGATIVE_REGULATION_OF_LIPID_BIOSYNTHETIC_PROCESS	0.9260690343074471	0.5874439461883408	0.8087519754565156	4/45	LPCAT1;NFKB1;APOC1;BRCA1	TUB	GO_BP	no_proc_ieg	10347
GOBP_MUSCLE_STRUCTURE_DEVELOPMENT	0.9257626272274889	0.7272727272727273	0.8090173329871129	86/475	COL3A1;CITED2;COL6A3;SMAD1;PPIF;FLOT1;HDAC4;HOPX;PDLIM1;EZH2;PDLIM4;TRIP4;DTYMK;SMARCE1;BASP1;ZFHX3;NRAS;MAML1;EFNB2;NR2F2;CDK1;ADAMTS5;CAV2;SMARCD3;RHOA;DNMT1;FZD1;CXCL9;CAMK1;LGALS1;MYL6;RB1;HDAC1;NR1D2;SRI;FLII;VAMP5;LAMC1;HLX;ACTG1;MYH6;ZBTB18;PLEKHO1;MRTFB;CBY1;MEOX2;CAV1;S1PR1;DOCK2;SORBS2;UCHL1;CD53;XK;CASP7;MSX1;IFT20;PTBP1;MAPK11;CASP3;IL18;JAM2;ASF1A;TAGLN;KRT19;SGCE;TWIST1;CCN3;KCNJ8;FKTN;MED20;MYH9;MEF2C;TMOD3;CXCL10;SOX4;TOMM70;CENPF;ANKRD2;TCF12;HEY2;ACTL6A;BTBD1;MED1;CAPN2;VPS54;NOTCH2	TUB	GO_BP	no_proc_ieg	10347
GOBP_BODY_MORPHOGENESIS	0.9256914019947919	0.5769230769230769	0.8087325763442724	7/39	RRAS;COL1A1;ZNF281;MMP2;MSX1;SGPL1;PHLDB1	TUB	GO_BP	no_proc_ieg	10347
GOBP_NEUROTRANSMITTER_RECEPTOR_INTERNALIZATION	0.9255906602471662	0.5798045602605864	0.808498101698174	10/25	ITGB3;EFNB2;AP2S1;AP2B1;PPP3R1;SCRIB;AP2M1;SYT17;AP2A2;RALA	TUB	GO_BP	no_proc_ieg	10347
GOBP_OLIGODENDROCYTE_DEVELOPMENT	0.9248586186581407	0.5857805255023184	0.8098165089448348	6/38	CLU;B4GALT5;PTEN;GPM6B;MYRF;EIF2B4	TUB	GO_BP	no_proc_ieg	10347
GOBP_BODY_FLUID_SECRETION	0.9241649780013037	0.5938375350140056	0.8109880959560873	8/70	NME1;CYBA;DDR1;VAMP8;AGR2;OXTR;CAV1;STK39	TUB	GO_BP	no_proc_ieg	10347
GOBP_VASCULOGENESIS	0.923908927373529	0.5852981969486823	0.8111297486511556	7/63	RRAS;CITED2;AGGF1;SOX17;AMOT;ITGB8;CAV1	TUB	GO_BP	no_proc_ieg	10347
GOBP_ENDOSOME_TO_LYSOSOME_TRANSPORT	0.9233634692663151	0.5779411764705882	0.8119854126486277	20/39	LIPA;VPS4B;HMGXB4;SNX16;VPS41;CHMP7;UEVLD;ADRB2;RAB7A;SCYL2;TGFBRAP1;ARL8B;SORT1;CHMP5;CHMP1A;MTM1;M6PR;TRAK1;VPS4A;AKTIP	TUB	GO_BP	no_proc_ieg	10347
GOBP_ODONTOGENESIS_OF_DENTIN_CONTAINING_TOOTH	0.923334259892081	0.6027972027972028	0.8115740382158009	11/65	NF2;PERP;BAX;CTNNA1;CNNM4;HDAC1;TNFRSF11B;RUNX2;TNC;ITGB6;MSX1	TUB	GO_BP	no_proc_ieg	10347
GOBP_TELOMERE_CAPPING	0.9229033073487685	0.6025039123630673	0.8121680680463276	10/28	AURKB;NBN;POT1;TINF2;MAPK1;ATM;RAD50;MAP3K4;NEK2;ACD	TUB	GO_BP	no_proc_ieg	10347
GOBP_REGULATION_OF_NUCLEOTIDE_EXCISION_REPAIR	0.9226492627988772	0.5479674796747968	0.8123387886137868	2/20	SMARCE1;SMARCD3	TUB	GO_BP	no_proc_ieg	10347
GOBP_ENDOPLASMIC_RETICULUM_CALCIUM_ION_HOMEOSTASIS	0.9224684589322911	0.5712	0.8122896513444351	3/19	BAX;PSEN1;TMCO1	TUB	GO_BP	no_proc_ieg	10347
GOBP_PROGRAMMED_CELL_DEATH_INVOLVED_IN_CELL_DEVELOPMENT	0.9210002511175021	0.5858747993579454	0.8153817918695343	3/18	BAX;FGF2;CASP2	TUB	GO_BP	no_proc_ieg	10347
GOBP_MESODERMAL_CELL_DIFFERENTIATION	0.9206280561137029	0.5993690851735016	0.8158445615584364	4/24	SMAD1;ITGB3;TAF10;ITGA3	TUB	GO_BP	no_proc_ieg	10347
GOBP_PROTEIN_HOMOTETRAMERIZATION	0.9205178332834434	0.6035502958579881	0.8156364014729194	9/52	ALDH1A3;B2M;EVL;ITPR3;TDO2;CBY1;ALDOA;ACACA;TRPM4	TUB	GO_BP	no_proc_ieg	10347
GOBP_NEGATIVE_REGULATION_OF_TRANSMEMBRANE_TRANSPORT	0.9202729157583777	0.615595075239398	0.8157664861070404	9/81	PPIF;ARL6IP5;THBS1;UCP2;SRI;CLIC2;ADRA2A;CAV1;STK39	TUB	GO_BP	no_proc_ieg	10347
GOBP_REGULATION_OF_SYSTEMIC_ARTERIAL_BLOOD_PRESSURE_BY_RENIN_ANGIOTENSIN	0.9198044048641731	0.5543307086614173	0.8164412816551	10/23	RHOA;CPA3;CTSZ;F2RL1;PCSK5;AGT;COMT;CMA1;F2R;NDST2	TUB	GO_BP	no_proc_ieg	10347
GOBP_POSITIVE_REGULATION_OF_INTRACELLULAR_PROTEIN_TRANSPORT	0.9191055886606044	0.6198125836680054	0.8176712893058015	21/72	ECT2;RBM22;HCLS1;CDK1;CAMK1;PRR5L;PSEN1;AKAP5;CEP131;ERGIC3;RAPGEF3;BCAP31;HYAL2;PRKD1;ICE1;CD81;TRIM28;PDCD10;OAZ1;ZPR1;RAB29	TUB	GO_BP	no_proc_ieg	10347
GOBP_INTESTINAL_LIPID_ABSORPTION	0.9178432389063378	0.5723905723905723	0.8202430682860358	3/16	LPCAT3;SCARB1;CD36	TUB	GO_BP	no_proc_ieg	10347
GOBP_REGULATION_OF_SYSTEMIC_ARTERIAL_BLOOD_PRESSURE_BY_CIRCULATORY_RENIN_ANGIOTENSIN	0.9172474167164361	0.5702875399361023	0.821175779637924	8/17	CPA3;CTSZ;F2RL1;PCSK5;COMT;CMA1;F2R;NDST2	TUB	GO_BP	no_proc_ieg	10347
GOBP_POSITIVE_REGULATION_OF_MEIOTIC_CELL_CYCLE	0.9166603464465414	0.5693548387096774	0.822139499581855	3/18	RAD51AP1;CDC25B;MSX1	TUB	GO_BP	no_proc_ieg	10347
GOBP_LONG_CHAIN_FATTY_ACID_TRANSPORT	0.9160479257688255	0.6051136363636364	0.8231966552037444	10/49	THBS1;UCP2;ACSL5;ANXA1;CD36;PPARG;FABP3;FABP4;PLA2G4A;NMB	TUB	GO_BP	no_proc_ieg	10347
GOBP_RESPONSE_TO_METAL_ION	0.9160085380671756	0.6912442396313364	0.8228239831327824	43/265	ANXA11;CLDN1;CASP8;PPIF;ECT2;VCAM1;TSPO;THBS1;UCP2;CYBB;B2M;DTYMK;NFE2L2;SERPINF1;CRIP1;FXN;CDK1;ALOX5AP;XRCC4;ITPR3;TNFRSF11B;ADCY7;TUBA1A;ENTPD6;CAV1;PCNA;STK39;NUDT1;CD14;TIGAR;CASP3;IQGAP1;PLSCR1;PARP1;RASGRP2;FABP4;TESMIN;CEBPA;MEF2C;PPP1CA;BECN1;P2RX4;CDKN1B	TUB	GO_BP	no_proc_ieg	10347
GOBP_MYOBLAST_FUSION	0.915813129578526	0.6079632465543645	0.8228392139363393	10/34	FLOT1;ADAMTS5;CXCL9;PLEKHO1;DOCK2;CD53;JAM2;MYH9;CXCL10;CAPN2	TUB	GO_BP	no_proc_ieg	10347
GOBP_REGULATION_OF_CELL_PROJECTION_ASSEMBLY	0.9154887898201637	0.6371571072319202	0.8231511078717928	32/153	TBC1D2;MNS1;PLEK2;ARPC2;EVL;GPM6A;CYFIP1;COBL;TBC1D2B;CDKL5;CAV1;APC;CCL19;PFN1;RAC2;WRAP73;IFT20;CCDC88A;WDR44;HRAS;FSCN1;NRP1;ARF4;ARHGAP44;USP6NL;ABITRAM;AGRN;RAC1;STAU2;ASAP1;F2RL1;P2RX4	TUB	GO_BP	no_proc_ieg	10347
GOBP_POSITIVE_REGULATION_OF_PHOSPHATASE_ACTIVITY	0.9154808010893543	0.5907590759075908	0.8226988718658357	7/19	CD300A;PPP1R14D;MEF2C;GNA12;BMP2;PPP1R12A;CALM2	TUB	GO_BP	no_proc_ieg	10347
GOBP_REGULATION_OF_MYOTUBE_DIFFERENTIATION	0.915189575623702	0.5872274143302181	0.8229211003317056	3/29	HDAC4;MAML1;HDAC1	TUB	GO_BP	no_proc_ieg	10347
GOBP_OSTEOBLAST_DIFFERENTIATION	0.9150255916905001	0.6514215080346106	0.8228501503501235	29/159	IFITM1;SMAD1;COL1A1;RRBP1;SATB2;RASSF2;FZD1;CLIC1;VEGFC;VCAN;CYP24A1;PPARG;FGF2;GTPBP4;RUNX2;ADAR;TNFAIP6;TNC;MAPK11;TRPM4;ASF1A;BCAP29;SND1;SPP1;TWIST1;RIOX1;LTF;CEBPA;MEF2C	TUB	GO_BP	no_proc_ieg	10347
GOBP_ORGANELLE_DISASSEMBLY	0.9148244777060766	0.6343001261034048	0.8228647818718156	42/135	AURKA;TSPO;DDRGK1;TRIP4;RCHY1;CDK1;TRIM21;PLIN3;SPAST;ABCE1;EIF4E2;AMBRA1;MUL1;PLAAT1;TIGAR;SAYSD1;GABARAP;ATP5IF1;NOD2;RETREG2;VRK1;BECN1;NIPSNAP2;MAP1LC3C;PELO;RB1CC1;ATG5;ASCC3;ULK2;SLC25A5;FBXL4;UFC1;FAF2;GCN1;HIF1A;UBE2A;ATG12;ARHGAP26;SNX7;RACK1;SQSTM1;DYRK3	TUB	GO_BP	no_proc_ieg	10347
GOBP_POSITIVE_REGULATION_OF_MONOOXYGENASE_ACTIVITY	0.9147644201037595	0.5741626794258373	0.8225554351105456	3/21	S100A1;CDH3;SCARB1	TUB	GO_BP	no_proc_ieg	10347
GOBP_FIBROBLAST_GROWTH_FACTOR_RECEPTOR_SIGNALING_PATHWAY	0.9146513705647188	0.5937052932761088	0.8223561671843662	20/56	THBS1;FLRT3;EXT1;FGF2;CRKL;RUNX2;SPRY1;GALNT3;GRB2;NPTN;IQGAP1;SHCBP1;FLRT2;FGFR4;FGF20;FIBP;FGF7;GATA3;DSTYK;OFD1	TUB	GO_BP	no_proc_ieg	10347
GOBP_PROTEIN_EXPORT_FROM_NUCLEUS	0.914536754506411	0.6011560693641619	0.8221641482252094	9/42	RBM22;IFI27;FRAT2;CAMK1;FRAT1;SP100;RAPGEF3;XPO6;CSE1L	TUB	GO_BP	no_proc_ieg	10347
GOBP_POSITIVE_REGULATION_OF_RELEASE_OF_SEQUESTERED_CALCIUM_ION_INTO_CYTOSOL	0.9142348164189361	0.5970149253731343	0.8224345165374857	7/35	BAX;CXCL9;SRI;CX3CL1;CXCL11;ABL1;P2RY6	TUB	GO_BP	no_proc_ieg	10347
GOBP_PEPTIDYL_TYROSINE_MODIFICATION	0.9141469708581161	0.6730083234244947	0.8221665855075992	39/198	CCL5;NF2;ITGB2;ITGB3;SAMSN1;DDR1;HCLS1;CD300A;CD44;MVP;ABI1;EPHA7;PAK2;BANK1;CD36;ADNP;PTPN6;IL15;CAV1;EHD4;TNFRSF14;CD4;HCK;ABL1;IL7;IL18;NRP1;PECAM1;RELN;CD40;LCK;DUSP22;NOD2;CD74;PIBF1;PTK2;HYAL2;FGFR4;KITLG	TUB	GO_BP	no_proc_ieg	10347
GOBP_DETERMINATION_OF_ADULT_LIFESPAN	0.9141247848940789	0.5763239875389408	0.8217630527340307	10/27	LIPA;SGSH;INPP5D;RAD54L;KCNJ8;MSH6;RAD54B;ATM;WRN;ZMPSTE24	TUB	GO_BP	no_proc_ieg	10347
GOBP_REGULATION_OF_CD4_POSITIVE_ALPHA_BETA_T_CELL_ACTIVATION	0.9139836206716688	0.5991561181434599	0.8216305552285195	17/57	HLA-DRB1;HLA-DRA;CD86;ANXA1;HLX;NCKAP1L;CCL19;ASCL2;IL18;RUNX3;SOCS1;CD81;SOCS5;TGFBR2;GATA3;CBFB;MALT1	TUB	GO_BP	no_proc_ieg	10347
GOBP_SMOOTH_MUSCLE_CELL_PROLIFERATION	0.9138570596275232	0.6506329113924051	0.8214664245324248	32/120	CCL5;THBS1;ITGB3;MYD88;DNMT1;PTEN;NAA35;HDAC1;MYB;PPARG;FGF2;S1PR1;CX3CL1;MMP2;P2RY6;IL18;NPY5R;LDLRAP1;CCN3;MEF2C;CALCRL;GNA12;RBM10;CDKN1B;HMOX1;PDCD4;GNAI2;BMP2;XRCC5;ITGA2;SOD2;SF1	TUB	GO_BP	no_proc_ieg	10347
GOBP_CELLULAR_RESPONSE_TO_ORGANIC_CYCLIC_COMPOUND	0.9136780159853429	0.7225186766275347	0.8214101577316147	88/406	CASP8;SMAD1;TLR3;FLOT1;COL1A1;ARL6IP5;ABCA1;CARM1;NFKB1;AHR;DDRGK1;EZH2;YWHAH;TRIP4;SERPINF1;CDK1;NPM1;CAV2;IFIH1;GNA15;RHOA;CCNA2;DNMT1;CTNNA1;BRCA1;CHEK1;ANXA1;HDAC1;PIK3CG;CYP7B1;CYP24A1;COLEC12;GNAI1;GNAI3;RUVBL2;PAK2;VPS35;CAV1;RIGI;TNC;P2RY13;ZDHHC7;MMP2;MUL1;ABL1;P2RY6;CASP7;PMEPA1;TRIM24;GNAL;CASP3;NR1D1;TRPM4;CDK4;PARP1;KIF18A;RAPGEF3;RBFOX2;SPP1;GNB1;RAE1;CEBPA;SCGB2A1;MEF2C;NOD2;NR3C1;SP1;TRIM68;P2RX4;CDKN1B;NSG1;AQP9;PTGES3;TFPI;MED1;ZBTB7A;VPS54;ID3;RALB;PLPP1;ZNF764;CNOT2;TAF7;PRKD1;FOLR2;HTR2B;KMT2D;BMP2	TUB	GO_BP	no_proc_ieg	10347
GOBP_CELLULAR_RESPONSE_TO_ANGIOTENSIN	0.9135093012169615	0.5770440251572327	0.8213227454350337	4/28	NFKB1;NFE2L2;BRIP1;CAV1	TUB	GO_BP	no_proc_ieg	10347
GOBP_POSITIVE_REGULATION_OF_MAPK_CASCADE	0.9131226453487838	0.6936936936936937	0.8217737532888044	60/354	PYCARD;TLR3;WWC1;ARL6IP5;HLA-DRB1;THBS1;ITGB3;LAPTM5;EZH2;TPBG;MYD88;SHC1;DDR1;TPD52L1;RASSF2;CD44;CAV2;SASH1;PIK3CG;CCR1;RASGRP1;DOK5;BANK1;CD36;FGF2;CRKL;ADRA2A;CD4;DENND2B;CCL19;STK39;CX3CL1;ABL1;P2RY6;ERP29;IAPP;ADRB1;C5AR1;GPNMB;IQGAP1;CD27;MYDGF;ARHGEF5;HRAS;NRP1;NPY5R;LAMTOR3;ANKRD6;CD40;IGFBP6;DIRAS2;DUSP22;JCAD;MEF2C;TAOK3;NOD2;CRK;ROR1;CD74;SDCBP	TUB	GO_BP	no_proc_ieg	10347
GOBP_NUCLEOBASE_CONTAINING_SMALL_MOLECULE_CATABOLIC_PROCESS	0.9130247125705323	0.5647425897035881	0.8215405773384673	5/22	APOBEC3G;DCTD;NUDT1;ADA2;APOBEC3F	TUB	GO_BP	no_proc_ieg	10347
GOBP_REGENERATION	0.912871306551781	0.6338199513381995	0.821442495848624	37/144	CLDN1;HOPX;AURKA;TSPO;UCP2;EZH2;ANXA3;CDK1;CCNA2;CTNNA1;ANXA1;POSTN;GRN;PCNA;NNMT;TNC;MMP2;LCP1;UPF2;STK24;MDK;SPP1;CPB2;CSPG5;CCN3;CDKN1B;DUSP10;MAP2K1;MED1;VPS54;TM4SF4;TYMS;PTPN12;CD81;YAP1;NINJ1;CXCL12	TUB	GO_BP	no_proc_ieg	10347
GOBP_NEURON_RECOGNITION	0.9128144445733539	0.6191198786039454	0.8211099109060829	5/33	PCDH12;EXT1;CASP3;NRCAM;NRP1	TUB	GO_BP	no_proc_ieg	10347
GOBP_PHOSPHATIDYLINOSITOL_PHOSPHATE_BIOSYNTHETIC_PROCESS	0.9126699769464202	0.6026587887740029	0.8209891099745485	15/41	PIK3R3;PIK3CG;INPP4B;INPP1;BECN1;PIP4K2A;IP6K1;SOCS1;EFR3A;SOCS5;SMG1;ATM;FIG4;SYNJ1;PIP5K1C	TUB	GO_BP	no_proc_ieg	10347
GOBP_PROTEIN_METHYLATION	0.9121192897586003	0.5962145110410094	0.8218262226231421	5/27	CARM1;SNRPB;METTL18;SMYD2;ANTKMT	TUB	GO_BP	no_proc_ieg	10347
GOBP_NUCLEOBASE_CONTAINING_SMALL_MOLECULE_METABOLIC_PROCESS	0.9116875598952165	0.7228786251342643	0.8223440282124693	71/466	NME1;DCTPP1;APOBEC3G;GUCY1B1;RAB23;DCK;ATP5MF;FDXR;HDAC4;TP53I3;AK1;TSPO;UCP2;GFUS;DPAGT1;ENTPD1;TYMP;LIPA;DTYMK;CMPK1;ATP5MJ;NDUFA6;HKDC1;DCTD;AK5;ITPA;IMPDH1;PANK2;ACSL5;MACROH2A1;CD38;PSEN1;GNAI3;ADCY7;MYH6;KARS1;ENTPD6;GUCY1A1;TDO2;NNMT;PKM;HACD1;UCHL1;NUDT1;ADA2;ALDOA;NDUFA13;GART;NADK;GPD2;TIGAR;ANTKMT;ACACA;ATP6V0C;ENO2;UGDH;DPYSL2;PARP1;GNE;RRM1;TALDO1;RNASEH2B;PPT1;NME6;APOBEC3F;PFKP;NDUFB5;ATP5IF1;ERH;PUDP;NUDT9	TUB	GO_BP	no_proc_ieg	10347
GOBP_POSITIVE_REGULATION_OF_CALCIUM_ION_TRANSPORT	0.9115584170989584	0.636604774535809	0.8221739913610399	14/90	CCL5;TSPO;BAX;CXCL9;MS4A1;CCR1;SRI;CACNB3;AKAP5;CAV1;CX3CL1;CXCL11;ABL1;P2RY6	TUB	GO_BP	no_proc_ieg	10347
GOBP_PULMONARY_VALVE_DEVELOPMENT	0.9113797063562378	0.5826235093696763	0.82209194557683	5/18	TNFRSF1B;ADAMTS5;HEY2;NOTCH2;BMPR2	TUB	GO_BP	no_proc_ieg	10347
GOBP_CELLULAR_HYPEROSMOTIC_RESPONSE	0.9112147860247284	0.5856443719412724	0.8220244387209529	2/15	AKR1B1;STK39	TUB	GO_BP	no_proc_ieg	10347
GOBP_AMINOGLYCAN_BIOSYNTHETIC_PROCESS	0.9109281880568391	0.5784172661870504	0.8222270635390584	8/51	DSE;NFKB1;B4GALT5;EXT1;B4GALT7;UGDH;B4GALT4;EXT2	TUB	GO_BP	no_proc_ieg	10347
GOBP_REGULATION_OF_REACTIVE_OXYGEN_SPECIES_METABOLIC_PROCESS	0.9106834426268893	0.6512261580381471	0.8223231026084792	21/113	TYROBP;ITGB2;CYBA;ITGAM;TSPO;THBS1;NFE2L2;RHOA;BRCA1;FOXM1;CD36;PRCP;RAC2;GRB2;ALOX5;TIGAR;CLCN3;ARF4;PON3;RAC1;GSTP1	TUB	GO_BP	no_proc_ieg	10347
GOBP_RESPONSE_TO_PROSTAGLANDIN	0.9103834116456404	0.6035242290748899	0.822555779996829	8/29	PTGER2;CCL19;TNC;P2RY6;ACACA;AKR1C2;GNB1;A2M	TUB	GO_BP	no_proc_ieg	10347
GOBP_CELLULAR_RESPONSE_TO_CHEMICAL_STRESS	0.9098340086309362	0.6819787985865724	0.8233807864912371	30/223	PYCARD;GPX7;PPIF;AKR1B1;ECT2;ARL6IP5;TSPO;EZH2;NFE2L2;FXN;CDK1;TRIM21;PRR5L;ERMP1;MYB;CD36;CASP1;ABCC1;RBX1;CAV1;PCNA;GLRX2;STK39;MMP2;ABL1;ALOX5;CASP3;STK24;PARP1;STX2	TUB	GO_BP	no_proc_ieg	10347
GOBP_ANOIKIS	0.9094970001182571	0.5886075949367089	0.8237508041634358	3/25	PIK3R3;TLE1;CAV1	TUB	GO_BP	no_proc_ieg	10347
GOBP_VESICLE_LOCALIZATION	0.9092121273669107	0.646551724137931	0.8239966895401084	39/149	TMED10;ITGA4;SYT11;VPS4B;CDH3;ATP9A;GPR143;PTEN;PCDH17;PIK3CG;CSNK1D;PSEN1;RASGRP1;FYCO1;TRAPPC2;TFG;BBS7;STAM;AP3M2;SDCBP;STXBP1;SEC16A;EXOC2;EXOC1;TRIP11;SHROOM2;IRAG2;TMED9;C17orf75;KLHL12;SCRIB;NLGN1;DCTN1;RAB7A;KIFAP3;CLN3;WDR11;CDH2;SYNJ1	TUB	GO_BP	no_proc_ieg	10347
GOBP_VASCULAR_ENDOTHELIAL_GROWTH_FACTOR_RECEPTOR_SIGNALING_PATHWAY	0.9090727194905703	0.6111929307805597	0.8238628260965803	11/40	ITGB3;HHEX;VEGFC;PAK2;VAV1;MMRN2;NRP1;PTK2;PRKD1;HIF1A;ARNT	TUB	GO_BP	no_proc_ieg	10347
GOBP_DEVELOPMENT_OF_PRIMARY_SEXUAL_CHARACTERISTICS	0.908954775181537	0.6783479349186483	0.8236699859633927	27/185	CITED2;PRDX4;TLR3;AGO4;ADGRG1;BASP1;NR2F2;BAX;TAF4;HOXA10;BRIP1;CTNNA1;CRKL;CASP2;FANCG;TNFAIP6;ASPM;NUDT1;MMP2;LHFPL2;TNFSF10;CASP3;EIF2B4;KIF18A;NUP107;SGPL1;RRM1	TUB	GO_BP	no_proc_ieg	10347
GOBP_REGULATION_OF_EPITHELIAL_CELL_APOPTOTIC_PROCESS	0.9087441398778326	0.6436170212765957	0.8236812601771047	16/90	CARM1;THBS1;ITGB3;ITGA4;NFE2L2;BAX;RB1;ITGB3BP;CDH5;ADAR;ABL1;MDK;CD40;STK4;CAST;CDKN1B	TUB	GO_BP	no_proc_ieg	10347
GOBP_ACTIN_FILAMENT_DEPOLYMERIZATION	0.90800943029051	0.5874439461883408	0.8249423667521483	10/37	CAPG;FLII;SWAP70;MICAL2;TMOD3;DSTN;F2RL1;CAPZB;CAPZA2;EPS8	TUB	GO_BP	no_proc_ieg	10347
GOBP_LIPOPROTEIN_BIOSYNTHETIC_PROCESS	0.907996772840638	0.6317280453257791	0.8245099466628852	18/55	ABCA1;NMT2;NMT1;PIGT;ZDHHC7;DPM3;ZDHHC13;ZDHHC18;RB1CC1;ATG5;GOLGA7;PIGB;DBI;UGCG;RAB3GAP1;ATG12;SLC30A5;PIGN	TUB	GO_BP	no_proc_ieg	10347
GOBP_BLASTODERM_SEGMENTATION	0.9071462661580941	0.5882352941176471	0.8260423648069223	6/17	BASP1;TDRD7;NRP1;TBX3;TDRKH;TASOR	TUB	GO_BP	no_proc_ieg	10347
GOBP_TERTIARY_ALCOHOL_METABOLIC_PROCESS	0.9068422013696064	0.5851239669421487	0.8262891992805279	5/16	AKR1B1;DKK3;AKR1C2;AKR1B10;BMP2	TUB	GO_BP	no_proc_ieg	10347
GOBP_REGULATION_OF_CALCINEURIN_MEDIATED_SIGNALING	0.9061688962818766	0.6025236593059937	0.8273963296280293	4/29	DYRK2;HOMER3;AKAP5;PTBP1	TUB	GO_BP	no_proc_ieg	10347
GOBP_SKELETAL_MUSCLE_ORGAN_DEVELOPMENT	0.905465126800932	0.6752910737386805	0.8286279769994888	15/125	CITED2;PPIF;FLOT1;BASP1;NR2F2;CAV2;RHOA;MYL6;RB1;NR1D2;VAMP5;HLX;ZBTB18;MEOX2;CAV1	TUB	GO_BP	no_proc_ieg	10347
GOBP_CELL_MATURATION	0.9042753037538325	0.6593137254901961	0.8308806669822795	36/143	MAEA;AKR1B1;AURKA;B4GALT5;C1QA;NEMP1;TDRD7;RB1;CDC25B;C3;PPARG;IL15;RUNX2;CCL19;CX3CL1;RAC2;NRCAM;AGRN;CEBPA;REC8;MTCH1;ZBTB7A;FBXO5;WASHC5;CCR6;CLN5;TDRKH;TYMS;KIF14;PTBP3;G6PD;BRD1;HIF1A;SOX18;GATA3;CBFB	TUB	GO_BP	no_proc_ieg	10347
GOBP_NEGATIVE_REGULATION_OF_ORGANIC_ACID_TRANSPORT	0.9039518285471797	0.6049180327868853	0.8312085300149148	2/19	ARL6IP5;THBS1	TUB	GO_BP	no_proc_ieg	10347
GOBP_POSITIVE_REGULATION_OF_INTERLEUKIN_4_PRODUCTION	0.903804316570308	0.5811688311688312	0.8310937222337733	3/20	IL33;CD86;FCER1G	TUB	GO_BP	no_proc_ieg	10347
GOBP_EPITHELIAL_TUBE_MORPHOGENESIS	0.9037336067116162	0.7088607594936709	0.8308106886017533	71/241	CITED2;COL4A1;APAF1;SOX17;PERP;DDR1;EFNB2;RHOA;PRKACB;FZD1;EPHA7;EXT1;PSEN1;PLXNB2;SPINT2;COBL;FGF2;SPINT1;HOXB7;SPRY1;CTSZ;IFT52;PFN1;TNC;ABL1;MICAL2;CASP3;BBS7;MMRN2;NRP1;MDK;HS2ST1;FZD6;KDM5B;STK4;TWIST1;FZD3;MET;MEF2C;CXCL10;PPP1CA;NR3C1;TULP3;CCL11;MED1;NOTCH2;TBX3;MAGED1;BMP2;PPP3R1;ENG;YAP1;HIF1A;SOX18;TGFBR2;GATA3;DEAF1;SCRIB;EDNRA;FOXD1;AGT;BBS4;SEC24B;SEMA3E;ACVR1;PRKX;SOSTDC1;TACSTD2;KRAS;PAK1;PHB2	TUB	GO_BP	no_proc_ieg	10347
GOBP_POSITIVE_REGULATION_OF_EPITHELIAL_TO_MESENCHYMAL_TRANSITION	0.9035189712387262	0.6338235294117647	0.8308480866639543	19/42	COL1A1;EZH2;TIAM1;ALX1;MDK;TWIST1;TGFB1I1;SDCBP;PTK2;BMP2;BAMBI;EMP2;ENG;TGFBR2;DAB2;AGT;ACVR1;LEF1;SMAD2	TUB	GO_BP	no_proc_ieg	10347
GOBP_RESPONSE_TO_OXYGEN_RADICAL	0.9034781062084323	0.6043613707165109	0.8304814204623547	4/23	UCP2;NFE2L2;CD36;GLRX2	TUB	GO_BP	no_proc_ieg	10347
GOBP_PIGMENTATION	0.9027986819925126	0.6478679504814305	0.8315744383476082	12/76	ZEB2;AP1S2;CDH3;BAX;GPR143;VANGL1;RAB32;CD63;ANKRD27;BBS7;RAB38;HPS1	TUB	GO_BP	no_proc_ieg	10347
GOBP_GLAND_DEVELOPMENT	0.9013325184004067	0.7293986636971047	0.8344680668855392	42/353	NME1;CITED2;FADD;CLDN1;PLXNA1;ALDH1A3;AURKA;NFKB1;TSPO;UCP2;EZH2;PERP;LIPA;DDR1;SERPINE2;SERPINF1;RAG1;BAX;CRIP1;HOXA10;MAD1L1;CYP7B1;EXT1;BTBD7;HLX;PSEN1;LSR;COBL;FGF2;CRKL;OXTR;CAV1;PCNA;HOXB9;TNC;TAF10;MMP2;ABL1;MSX1;UPF2;DKK3;RPGRIP1L	TUB	GO_BP	no_proc_ieg	10347
GOBP_AUTOPHAGOSOME_MATURATION	0.9009421842259577	0.6253731343283582	0.8348829479324078	13/38	RUBCNL;VPS4B;VAMP8;FYCO1;RUBCN;GABARAP;BECN1;MAP1LC3C;CHMP7;ATG5;LAMP2;ATG12;ADRB2	TUB	GO_BP	no_proc_ieg	10347
GOBP_DNA_MODIFICATION	0.9008590841611502	0.6266233766233766	0.8345955899164611	11/28	APOBEC3G;NEIL3;PARP1;HNRNPAB;APOBEC3F;APOBEC3A;TRIM28;GATA3;MBD4;CYP1B1;NTHL1	TUB	GO_BP	no_proc_ieg	10347
GOBP_RESPONSE_TO_ETHER	0.9008360992570151	0.5961844197138315	0.8341782918389773	2/15	ITGAM;LIPA	TUB	GO_BP	no_proc_ieg	10347
GOBP_DEOXYRIBONUCLEOTIDE_CATABOLIC_PROCESS	0.900629004062411	0.6021840873634945	0.8342226415684298	2/21	DCTPP1;TYMP	TUB	GO_BP	no_proc_ieg	10347
GOBP_MAMMARY_GLAND_EPITHELIUM_DEVELOPMENT	0.9005767709234949	0.636098981077147	0.8338755460928736	20/51	PERP;DDR1;BAX;FGF2;MSX1;KDM5B;NR3C1;CCL11;MED1;TBX3;HIF1A;MAPK1;GATA3;DEAF1;SCRIB;SOSTDC1;PHB2;HOXA5;BRCA2;CSF1R	TUB	GO_BP	no_proc_ieg	10347
GOBP_REGULATION_OF_AXONOGENESIS	0.8994243298902133	0.6509803921568628	0.8360280677919265	13/115	PLXNA1;FN1;TIAM1;PTEN;CYFIP1;EPHA7;PSEN1;PLXNB2;PAK2;ADNP;SHTN1;CDKL5;PLXNC1	TUB	GO_BP	no_proc_ieg	10347
GOBP_NEGATIVE_REGULATION_OF_UBIQUITIN_DEPENDENT_PROTEIN_CATABOLIC_PROCESS	0.8983319800164061	0.6208955223880597	0.8381024387830556	4/35	DDRGK1;PBK;USP14;PSEN1	TUB	GO_BP	no_proc_ieg	10347
GOBP_GLOMERULAR_EPITHELIUM_DEVELOPMENT	0.8982704694018943	0.6271186440677966	0.8377784934935917	5/24	PROM1;BASP1;EXT1;IQGAP1;PECAM1	TUB	GO_BP	no_proc_ieg	10347
GOBP_EMBRYONIC_SKELETAL_SYSTEM_MORPHOGENESIS	0.8982074509000295	0.626027397260274	0.8374449190697398	13/69	HOXB2;HOXB6;SATB2;ALX1;HOXA1;HOXB7;RUNX2;HOXB9;SLC39A1;TWIST1;EIF4A3;HOXB8;TULP3	TUB	GO_BP	no_proc_ieg	10347
GOBP_INTEGRIN_ACTIVATION	0.8969716617600478	0.6267716535433071	0.8397772134168084	6/21	FN1;FERMT1;CX3CL1;CXCL13;ITGB1BP1;SELP	TUB	GO_BP	no_proc_ieg	10347
GOBP_HOMEOSTASIS_OF_NUMBER_OF_CELLS_WITHIN_A_TISSUE	0.8969548287466206	0.6369230769230769	0.8393546989348842	5/29	LIPA;BAX;TUBA1A;CCR2;IL7	TUB	GO_BP	no_proc_ieg	10347
GOBP_RECEPTOR_RECYCLING	0.8958679888342467	0.6219879518072289	0.8414288690013615	19/34	PSEN1;TRAT1;CTSD;EHD3;ANXA2;CAMLG;NSG1;NSF;SCRIB;RAB29;INPP5F;LMTK2;RAB11B;PEX12;CHMP5;PLEKHJ1;VAMP3;PTPN2;EPS15	TUB	GO_BP	no_proc_ieg	10347
GOBP_MOTILE_CILIUM_ASSEMBLY	0.895273815864115	0.6186046511627907	0.8422892578804393	5/32	MNS1;TTLL1;DYNLL1;CEP131;VDAC3	TUB	GO_BP	no_proc_ieg	10347
GOBP_POSITIVE_REGULATION_OF_SECRETION	0.8947727495103095	0.7323462414578588	0.8430019324310244	36/241	GOLPH3L;TMED10;HLA-F;ITGB2;CYBA;ITGAM;HLA-DRB1;RAB8B;VPS4B;FRMD4A;PPID;VAMP8;VEGFC;SRI;MYB;CD38;DYNLL1;PPARG;OXTR;VPS35;RAB3D;S100A10;NADK;RAB9A;TRPM4;RAB27B;SPP1;CPB2;STAM;PLA2G4A;NMB;ANXA2;SOX4;SDCBP;F2RL1;P2RX4	TUB	GO_BP	no_proc_ieg	10347
GOBP_CARBOHYDRATE_CATABOLIC_PROCESS	0.8946444389052569	0.6797966963151207	0.8428195588558419	19/131	MAN2B1;HDAC4;HEXB;UCP2;NEU1;LIPA;FUT4;GLB1;GM2A;HKDC1;PSEN1;PYGB;PKM;UCHL1;ALDOA;PHKA1;GPD2;TIGAR;ENO2	TUB	GO_BP	no_proc_ieg	10347
GOBP_RESPONSE_TO_INORGANIC_SUBSTANCE	0.8945315272637425	0.7478260869565218	0.8426222016174336	49/389	GUCY1B1;ANXA11;CLDN1;CASP8;PPIF;ECT2;COL1A1;VCAM1;TSPO;THBS1;UCP2;CYBB;EZH2;B2M;DTYMK;NFE2L2;SERPINF1;CRIP1;FXN;CDK1;CCNA2;ALOX5AP;XRCC4;ITPR3;MYB;TNFRSF11B;ADCY7;HBB;CD36;ADNP;TUBA1A;ENTPD6;CAV1;PCNA;RUNX2;GLRX2;CCL19;STK39;NUDT1;MMP2;ABL1;GART;CD14;TIGAR;CASP3;IQGAP1;PLSCR1;PARP1;COL18A1	TUB	GO_BP	no_proc_ieg	10347
GOBP_REGULATION_OF_KIDNEY_DEVELOPMENT	0.8941035802924749	0.5953488372093023	0.8431022177451126	8/27	EZH2;BASP1;HOXB7;MAGED1;GATA3;FOXD1;AGT;TACSTD2	TUB	GO_BP	no_proc_ieg	10347
GOBP_NEGATIVE_REGULATION_OF_CELL_PROJECTION_ORGANIZATION	0.8933677926960332	0.6731016731016731	0.844341128065733	20/133	CARM1;YWHAH;B2M;VIM;ITM2C;EFNB2;MYLIP;EVL;PTEN;EPHA7;DENND5A;CD38;PSEN1;PMP22;WDR44;PAQR3;NRP1;ARHGAP44;ITGA3;SPP1	TUB	GO_BP	no_proc_ieg	10347
GOBP_EMBRYONIC_HEART_TUBE_MORPHOGENESIS	0.8933526552407327	0.6312769010043041	0.8439116910937124	14/46	CITED2;SOX17;PSEN1;IFT52;MICAL2;BBS7;MEF2C;NOTCH2;TBX3;ENG;YAP1;HIF1A;SOX18;TGFBR2	TUB	GO_BP	no_proc_ieg	10347
GOBP_RESPONSE_TO_OXYGEN_LEVELS	0.893238488510673	0.7379077615298087	0.8437188698017316	33/263	CITED2;GUCY1B1;APAF1;COL1A1;VCAM1;PDLIM1;ZEB2;HILPDA;THBS1;UCP2;CYBB;NFE2L2;BRIP1;P4HB;CCNA2;VEGFC;PSEN2;MYB;CD38;POSTN;PPARG;GUCY1A1;OXTR;CAV1;ARNT2;ATP6V0A2;HYOU1;MMP2;ASCL2;CYB5R4;PLOD2;TIGAR;CASP3	TUB	GO_BP	no_proc_ieg	10347
GOBP_POSITIVE_REGULATION_OF_REPRODUCTIVE_PROCESS	0.8930977104025184	0.6458923512747875	0.8435737762474952	9/61	CITED2;AURKA;RAD51AP1;BAX;CDC25B;OXTR;MSX1;LHFPL2;SMURF2	TUB	GO_BP	no_proc_ieg	10347
GOBP_REGULATION_OF_CHOLESTEROL_BIOSYNTHETIC_PROCESS	0.8924041151097353	0.6026711185308848	0.8447162978243523	1/15	LPCAT3	TUB	GO_BP	no_proc_ieg	10347
GOBP_RESPONSE_TO_ALCOHOL	0.8913968380896845	0.7347417840375586	0.8465632729853341	30/204	CLDN1;CASP8;RGS19;ABCA1;VCAM1;TSPO;AHR;CYBB;MYD88;LIPA;CDK1;GLB1;CTNNA1;BRCA1;GNAI1;ADCY7;PTGER2;CCR5;CCL19;STK39;TNC;P2RY6;CD14;ACACA;IGFBP7;CD27;CDK4;AKR1C2;PARP1;CLDN3	TUB	GO_BP	no_proc_ieg	10347
GOBP_CELL_CELL_ADHESION_VIA_PLASMA_MEMBRANE_ADHESION_MOLECULES	0.8910536341317499	0.7104622871046229	0.8468844667847312	23/170	CLDN1;FXYD5;MPZL2;VCAM1;ITGB2;ITGAM;RIC8A;FLRT3;CDH3;GPC4;PCDH12;PCDH17;CDH11;PLXNB2;CDH5;CX3CL1;CDH6;NPTN;SELL;MBP;CLDN3;ITGA3;PECAM1	TUB	GO_BP	no_proc_ieg	10347
GOBP_PROTON_MOTIVE_FORCE_DRIVEN_ATP_SYNTHESIS	0.8910468740977094	0.6362359550561798	0.8464383755501365	15/41	ATP5MF;ATP5MJ;NDUFA6;NDUFA13;ANTKMT;ATP6V0C;NDUFB5;NDUFS6;ATP5MC1;NDUFA8;NDUFB3;ATP5PB;ATP5PO;ATP5ME;NDUFB2	TUB	GO_BP	no_proc_ieg	10347
GOBP_REGULATION_OF_NITRIC_OXIDE_SYNTHASE_ACTIVITY	0.8908119018337103	0.6126418152350082	0.8465171470455745	2/17	S100A1;SCARB1	TUB	GO_BP	no_proc_ieg	10347
GOBP_NEGATIVE_REGULATION_OF_SIGNAL_TRANSDUCTION_IN_ABSENCE_OF_LIGAND	0.8902298502161577	0.6295731707317073	0.8473379874090963	4/24	CTNNA1;IFI6;CX3CL1;IL7	TUB	GO_BP	no_proc_ieg	10347
GOBP_ANATOMICAL_STRUCTURE_MATURATION	0.89004771472823	0.7396449704142012	0.8472949840196835	24/195	MAEA;AKR1B1;CX3CR1;AURKA;B4GALT5;C1QA;NEMP1;CDH3;RHOA;TDRD7;RB1;EXT1;CDC25B;FERMT1;C3;CDH5;PPARG;IL15;RUNX2;S1PR1;CCL19;CX3CL1;RAC2;MMP2	TUB	GO_BP	no_proc_ieg	10347
GOBP_CELLULAR_RESPIRATION	0.8899378305882897	0.7002487562189055	0.8470991837098611	26/141	PPIF;ATP5MF;SCO2;IFNAR1;FXN;CDK1;NDUFA6;RHOA;BID;PANK2;MACROH2A1;COX5A;NDUFA13;GPD2;ANTKMT;CCNB1;COX7A2;COX10;NDUFB5;COX4I1;IDE;OPN3;ADSL;NIPSNAP2;NDUFS6;VPS54	TUB	GO_BP	no_proc_ieg	10347
GOBP_REGULATION_OF_MONOATOMIC_ION_TRANSMEMBRANE_TRANSPORT	0.8894013003179113	0.7331042382588774	0.847886667901309	29/236	PPIF;FXYD5;CTSS;CYBA;UCP2;ITGB3;YWHAH;TESC;BAX;CXCL9;MS4A1;PIK3CG;PSEN2;SRI;CLIC2;CACNB3;AKAP5;TSPAN13;PTPN6;CD63;ADRA2A;CAV1;CCR2;STK39;STOM;CX3CL1;CXCL11;ABL1;P2RY6	TUB	GO_BP	no_proc_ieg	10347
GOBP_LENS_MORPHOGENESIS_IN_CAMERA_TYPE_EYE	0.8891153550776567	0.5939597315436241	0.8480667390559606	2/16	CITED2;TDRD7	TUB	GO_BP	no_proc_ieg	10347
GOBP_BLOOD_VESSEL_ENDOTHELIAL_CELL_PROLIFERATION_INVOLVED_IN_SPROUTING_ANGIOGENESIS	0.8890551439430834	0.6122112211221122	0.8477317390006026	5/19	THBS1;FGF2;ITGB1BP1;MMRN2;JCAD	TUB	GO_BP	no_proc_ieg	10347
GOBP_MATING_BEHAVIOR	0.8887329949677261	0.6200941915227629	0.8480154472772359	4/31	HEXB;SERPINE2;TAC1;OXTR	TUB	GO_BP	no_proc_ieg	10347
GOBP_NEUTRAL_LIPID_METABOLIC_PROCESS	0.8886101097163867	0.6770691994572592	0.8478218615551539	11/83	LIPA;AGPAT2;LIPC;APOC1;SCARB1;LPGAT1;MGLL;PANK2;PIK3CG;C3;CAV1	TUB	GO_BP	no_proc_ieg	10347
GOBP_RESPONSE_TO_XENOBIOTIC_STIMULUS	0.8874519218413879	0.7491712707182321	0.849955114697993	73/328	TLR3;COL1A1;ABCA1;TSPO;THBS1;RBM22;AHR;CYBB;ITGB3;LIPA;AGPAT2;NFE2L2;CDH3;CDK1;SLC29A3;PMS1;FZD1;MMP7;VEGFC;CCNO;RB1;ABCA3;NPAS2;CBR3;CD38;TNFRSF11B;NCKAP1L;CRKL;OXTR;ABCC1;PCNA;NNMT;CD69;ABCC3;UCHL1;MMP2;ABL1;CYB5B;VAV1;TIGAR;CASP3;CDK4;COL18A1;PON3;RAD54L;VAV3;ITGA3;CPB2;LCK;GSTP1;KCNJ8;FZD3;MEF2C;ABCC4;GNA12;CENPF;BECN1;CDKN1B;MYO6;SLCO1B1;NUDT15;SRR;BCHE;ATG5;BLMH;TYMS;HTR2B;PPP1R12A;XRCC5;RAD54B;SLCO2B1;ITGA2;SOD2	TUB	GO_BP	no_proc_ieg	10347
GOBP_REGULATION_OF_PROTEIN_CONTAINING_COMPLEX_DISASSEMBLY	0.8872360865667576	0.6702269692923899	0.8500077222254829	24/89	CAPG;SPAST;FLII;SWAP70;FYCO1;APC;MAP1S;SCAF8;RUBCN;TPX2;TMOD3;DSTN;F2RL1;MID1;CAPZB;OGFOD1;CAPZA2;ATG5;EPS8;MID1IP1;ATG12;FGF13;CKAP2;ADRB2	TUB	GO_BP	no_proc_ieg	10347
GOBP_NUCLEAR_TRANSCRIBED_MRNA_CATABOLIC_PROCESS	0.8872066766562691	0.6652949245541838	0.8496182278539238	25/75	POLR2G;SMG8;CNOT8;NCBP2;DCP2;EDC4;UPF2;LSM7;EXOSC10;MLH1;HNRNPAB;EIF4ENIF1;GSPT2;EIF4A3;SAMD4A;CNOT3;PELO;CNOT2;CNOT6;MTPAP;UPF3B;SMG1;MAGOH;ATM;EXOSC8	TUB	GO_BP	no_proc_ieg	10347
GOBP_INTRACELLULAR_PH_REDUCTION	0.8870277686417483	0.6460843373493976	0.8495302459373348	15/38	ATP6V0E1;GRN;ATP6V0A2;TMEM106B;ATP6V0C;CLCN3;RAB38;PPT1;CLN5;LAMP1;LAMP2;RAB7A;ATP6V0B;ATP6AP1;CLN3	TUB	GO_BP	no_proc_ieg	10347
GOBP_POLYSACCHARIDE_BIOSYNTHETIC_PROCESS	0.8868795628245104	0.6651851851851852	0.8493844494175905	9/46	DYRK2;NFKB1;PPP1R3C;EXT1;NR1D1;HS2ST1;EXT2;PPP1CA;PTGES3	TUB	GO_BP	no_proc_ieg	10347
GOBP_STRIATED_MUSCLE_CELL_DIFFERENTIATION	0.8867900271596215	0.7392316647264261	0.8491127182100611	35/211	PPIF;FLOT1;HDAC4;HOPX;EZH2;MAML1;EFNB2;CDK1;ADAMTS5;CAV2;CXCL9;RB1;HDAC1;FLII;ACTG1;MYH6;PLEKHO1;CBY1;DOCK2;SORBS2;CD53;XK;CASP7;MSX1;IFT20;CASP3;JAM2;KRT19;CCN3;KCNJ8;MYH9;MEF2C;TMOD3;CXCL10;TOMM70	TUB	GO_BP	no_proc_ieg	10347
GOBP_NEGATIVE_REGULATION_OF_T_CELL_PROLIFERATION	0.8865407430364318	0.6543715846994536	0.8492219377642078	10/58	HLA-DRB1;CD86;MAD1L1;VSIG4;VTCN1;PTPN6;BTN2A2;TNFRSF14;CASP3;GPNMB	TUB	GO_BP	no_proc_ieg	10347
GOBP_REGULATION_OF_RAS_PROTEIN_SIGNAL_TRANSDUCTION	0.8863396066366578	0.6475155279503105	0.8492143745571122	4/30	NUP62;FOXM1;RASGRP1;SPRY1	TUB	GO_BP	no_proc_ieg	10347
GOBP_ALTERNATIVE_MRNA_SPLICING_VIA_SPLICEOSOME	0.8862917392389786	0.6627906976744186	0.8488590797788619	14/47	RBPMS;NOVA1;NCBP2;PTBP1;HNRNPM;CELF2;RBFOX2;PUF60;ZBTB7A;RBM7;KHDRBS3;HNRNPUL1;FMR1;MAGOH	TUB	GO_BP	no_proc_ieg	10347
GOBP_REGULATION_OF_ANIMAL_ORGAN_FORMATION	0.8862738204341545	0.6418918918918919	0.8484381658826701	3/22	CITED2;FGF2;SPRY1	TUB	GO_BP	no_proc_ieg	10347
GOBP_ADHERENS_JUNCTION_ORGANIZATION	0.8862164400427982	0.6543026706231454	0.8481017138088949	8/43	CSK;EFNB2;CDH3;CDH11;PAK2;CDH5;CDH6;ADAM10	TUB	GO_BP	no_proc_ieg	10347
GOBP_PROTEIN_DEUBIQUITINATION	0.8861686363648229	0.6476323119777159	0.8477501727457973	24/57	MINDY1;USP22;TRIM21;USP14;TANK;UCHL1;UCHL3;VCPIP1;BRCC3;USP9Y;TNIP1;USP1;PSMD14;USP33;USP48;MINDY2;DESI2;PARK7;USP8;SPATA2;USP32;USP46;OTUD7B;USP16	TUB	GO_BP	no_proc_ieg	10347
GOBP_GLAND_MORPHOGENESIS	0.8858832216936098	0.6945169712793734	0.8479164046573987	22/102	PLXNA1;NFKB1;PERP;LIPA;DDR1;BAX;CRIP1;CYP7B1;BTBD7;CAV1;TNC;MMP2;NRP1;MDK;CPB2;KDM5B;NR3C1;CAPN1;CCL11;MED1;NOTCH2;TBX3	TUB	GO_BP	no_proc_ieg	10347
GOBP_CELLULAR_RESPONSE_TO_REACTIVE_NITROGEN_SPECIES	0.8857762135561812	0.6152542372881356	0.8476950078042846	2/15	GUCY1B1;CCNA2	TUB	GO_BP	no_proc_ieg	10347
GOBP_EPITHELIAL_TUBE_BRANCHING_INVOLVED_IN_LUNG_MORPHOGENESIS	0.8853028746748703	0.656957928802589	0.8482755858647337	4/22	EXT1;SPRY1;CTSZ;TNC	TUB	GO_BP	no_proc_ieg	10347
GOBP_BLOOD_VESSEL_REMODELING	0.8850495019719885	0.6441176470588236	0.8483780449026093	10/36	TMBIM1;BAX;EXT1;CCR2;MEF2C;ATG5;CST3;BMPR2;EDNRA;AGT	TUB	GO_BP	no_proc_ieg	10347
GOBP_SECRETION_BY_TISSUE	0.8849817559621356	0.6484018264840182	0.848071481752699	4/31	CYBA;VAMP8;AGR2;STK39	TUB	GO_BP	no_proc_ieg	10347
GOBP_FACE_DEVELOPMENT	0.8848163446131441	0.677710843373494	0.847988078263072	3/45	RRAS;COL1A1;ALDH1A3	TUB	GO_BP	no_proc_ieg	10347
GOBP_BRANCHING_INVOLVED_IN_MAMMARY_GLAND_DUCT_MORPHOGENESIS	0.8844838207653242	0.6182965299684543	0.8482855253248077	5/19	DDR1;KDM5B;CCL11;MED1;TBX3	TUB	GO_BP	no_proc_ieg	10347
GOBP_REGULATION_OF_CELL_FATE_COMMITMENT	0.8843904066227257	0.6453125	0.8480297693176099	4/27	SOX17;HDAC1;FGF2;ESRP1	TUB	GO_BP	no_proc_ieg	10347
GOBP_AORTA_MORPHOGENESIS	0.8840476693489583	0.6376360808709176	0.8483355879978699	2/27	COL3A1;EFNB2	TUB	GO_BP	no_proc_ieg	10347
GOBP_BRANCHING_INVOLVED_IN_SALIVARY_GLAND_MORPHOGENESIS	0.8840247276247016	0.6216216216216216	0.8479284315897463	3/16	PLXNA1;BTBD7;NRP1	TUB	GO_BP	no_proc_ieg	10347
GOBP_RESPONSE_TO_AMINO_ACID_STARVATION	0.8837298230918232	0.6467065868263473	0.8481361741757172	3/28	RRAGC;UCP2;SH3GLB1	TUB	GO_BP	no_proc_ieg	10347
GOBP_CD4_POSITIVE_ALPHA_BETA_T_CELL_CYTOKINE_PRODUCTION	0.8832898914173906	0.6385135135135135	0.848655876767812	6/16	IL1R1;IL18R1;IL18;RSAD2;CD81;GATA3	TUB	GO_BP	no_proc_ieg	10347
GOBP_REGULATION_OF_EXTRINSIC_APOPTOTIC_SIGNALING_PATHWAY_VIA_DEATH_DOMAIN_RECEPTORS	0.8822814871989113	0.6476923076923077	0.850434848083089	7/36	THBS1;TMBIM1;BRCA1;RNF34;SP100;STK4;PEA15	TUB	GO_BP	no_proc_ieg	10347
GOBP_PHOSPHOLIPID_METABOLIC_PROCESS	0.8822132214301067	0.7612456747404844	0.8501179261319898	52/245	PIK3R3;LPCAT1;LPCAT3;CDIPT;PLA2G4C;HEXB;PLAAT4;AGPAT2;LIPC;SPTLC2;APOC1;SCARB1;PLPP2;PTEN;LPGAT1;PIK3CG;ABCA3;INPP5D;PIGT;MTMR2;PLA1A;DPM3;PLAAT1;INPP4B;PLA2G7;SGMS1;PLA2G15;PLSCR1;FABP3;RAB38;INPP1;PLA2G4A;BECN1;PLBD1;CDS1;PIP4K2A;PLCB4;CAPN2;PGS1;SMPD2;ABHD4;PLPP1;CETP;GDE1;HTR2B;IP6K1;SOCS1;DGKI;EFR3A;PIGB;DBI;SOCS5	TUB	GO_BP	no_proc_ieg	10347
GOBP_INTERLEUKIN_4_PRODUCTION	0.8812516860831294	0.6333333333333333	0.8517378529541738	4/26	HLA-DRB1;IL33;CD86;FCER1G	TUB	GO_BP	no_proc_ieg	10347
GOBP_POSITIVE_REGULATION_OF_RECEPTOR_MEDIATED_ENDOCYTOSIS	0.8812427122552609	0.6656580937972768	0.8513026055389528	15/41	CLU;B2M;C3;CD63;CCL19;LDLRAP1;PPT1;ANXA2;CBL;DAB2;FMR1;AP2M1;SFRP4;CCL21;VTN	TUB	GO_BP	no_proc_ieg	10347
GOBP_POSITIVE_REGULATION_OF_MRNA_CATABOLIC_PROCESS	0.8806960873531955	0.6661991584852734	0.852070848096302	14/54	AGO4;POLR2G;PRR5L;YTHDF1;YTHDF3;CNOT8;DCP2;MLH1;EIF4ENIF1;METTL3;SAMD4A;CNOT3;CNOT2;CNOT6	TUB	GO_BP	no_proc_ieg	10347
GOBP_T_CELL_DIFFERENTIATION_IN_THYMUS	0.8801250375880358	0.6563380281690141	0.8528734667325568	19/69	FADD;CD3D;B2M;RAG1;RASGRP1;DOCK2;ABL1;TOX;FZD8;CD74;CCR6;ATG5;ZBTB1;MAFB;GATA3;CCR7;CD3G;VNN1;JAG2	TUB	GO_BP	no_proc_ieg	10347
GOBP_POSITIVE_REGULATION_OF_NEURAL_PRECURSOR_CELL_PROLIFERATION	0.8798556604771011	0.6551724137931034	0.8530011936853075	12/50	CX3CR1;ADGRG1;SMARCD3;VEGFC;VCAN;FGF2;CX3CL1;ASPM;GNG5;TOX;MDK;FZD3	TUB	GO_BP	no_proc_ieg	10347
GOBP_GLUTATHIONE_METABOLIC_PROCESS	0.8787451452191579	0.6371814092953523	0.8549806167854556	15/36	ARL6IP5;NFE2L2;GLRX2;HPGDS;GSTP1;ETHE1;MMACHC;SOD2;G6PD;GSTO1;PARK7;OPLAH;NAT8;MGST2;CTNS	TUB	GO_BP	no_proc_ieg	10347
GOBP_TRIGLYCERIDE_CATABOLIC_PROCESS	0.8785981648250739	0.6365105008077544	0.8548610822542604	3/18	LIPC;MGLL;PIK3CG	TUB	GO_BP	no_proc_ieg	10347
GOBP_NEGATIVE_REGULATION_OF_COAGULATION	0.8777141329591105	0.6826347305389222	0.8563502435996311	12/46	SERPING1;THBS1;SERPINE2;TSPAN8;PROCR;ANXA5;CPB2;ANXA2;TFPI;PLAT;FAP;TMX1	TUB	GO_BP	no_proc_ieg	10347
GOBP_FC_RECEPTOR_SIGNALING_PATHWAY	0.8770843514247009	0.6758720930232558	0.8572791860216507	13/44	FCER1G;MAP3K1;FCGR3B;HCK;ABL1;VAV1;FCER1A;PIGR;VAV3;LCK;PTK2;FCGR2B;FCMR	TUB	GO_BP	no_proc_ieg	10347
GOBP_FC_EPSILON_RECEPTOR_SIGNALING_PATHWAY	0.8766530202730934	0.624	0.8577525402120029	5/20	FCER1G;MAP3K1;VAV1;FCER1A;VAV3	TUB	GO_BP	no_proc_ieg	10347
GOBP_ASTROCYTE_DIFFERENTIATION	0.8758097346325333	0.6762688614540466	0.8591188498945386	22/70	ZEB2;VIM;C1QA;SERPINE2;PSEN1;GRN;ABL1;C5AR1;NR1D1;NR3C1;ROR1;MAP2K1;VPS54;BMP2;S100A9;IFNGR1;MAPK1;S100A8;CUL4B;NR2E1;TLR4;KRAS	TUB	GO_BP	no_proc_ieg	10347
GOBP_REGULATION_OF_CILIUM_ASSEMBLY	0.8747405215241602	0.6858345021037868	0.860971846536243	11/60	TBC1D2;MNS1;TBC1D2B;CDKL5;WRAP73;IFT20;CCDC88A;WDR44;ARF4;USP6NL;ASAP1	TUB	GO_BP	no_proc_ieg	10347
GOBP_EXTRACELLULAR_VESICLE_BIOGENESIS	0.8738972155967196	0.6266025641025641	0.8623766136237634	8/16	VPS4B;ATP9A;STAM;SDCBP;RAB7A;CD34;SNF8;COPS5	TUB	GO_BP	no_proc_ieg	10347
GOBP_RECEPTOR_INTERNALIZATION	0.8737297875578732	0.7085492227979274	0.862278955217886	27/104	FLOT1;ITGB2;UBQLN2;ITGB3;EFNB2;RAB31;FCER1G;AP2S1;CD36;CD63;CAV1;MTMR2;GRB2;GRK3;ATXN2;LDLRAP1;CALCRL;ANXA2;SDCBP;CXCR2;AP2B1;RALB;RIN3;HTR2B;CD81;PPP3R1;SNX1	TUB	GO_BP	no_proc_ieg	10347
GOBP_NEGATIVE_REGULATION_OF_NERVOUS_SYSTEM_DEVELOPMENT	0.8734523556684265	0.7298013245033113	0.8623761437864472	10/105	DYNLT1;NF2;TSPO;YWHAH;B2M;PTEN;CTNNA1;EPHA7;RB1;PSEN1	TUB	GO_BP	no_proc_ieg	10347
GOBP_NUCLEOSIDE_DIPHOSPHATE_CATABOLIC_PROCESS	0.87214537604558	0.6935704514363885	0.8647602410361015	12/81	HDAC4;UCP2;ENTPD1;LIPA;HKDC1;PSEN1;ENTPD6;PKM;UCHL1;ALDOA;TIGAR;ENO2	TUB	GO_BP	no_proc_ieg	10347
GOBP_DENDRITIC_SPINE_MORPHOGENESIS	0.8718979224926128	0.6725403817914831	0.8648271299720963	4/45	GPRASP3;DBN1;TIAM1;PTEN	TUB	GO_BP	no_proc_ieg	10347
GOBP_NEGATIVE_REGULATION_OF_INTRACELLULAR_STEROID_HORMONE_RECEPTOR_SIGNALING_PATHWAY	0.871515137251388	0.6574500768049155	0.8652053433913077	4/30	RHOA;BRCA1;HDAC1;CYP7B1	TUB	GO_BP	no_proc_ieg	10347
GOBP_NEGATIVE_REGULATION_OF_TYPE_II_INTERFERON_PRODUCTION	0.8714905668155997	0.6682027649769585	0.8647997658382895	4/29	HLA-DRB1;LAPTM5;IL33;CD96	TUB	GO_BP	no_proc_ieg	10347
GOBP_NEUROBLAST_PROLIFERATION	0.8714792366093146	0.6801675977653632	0.8643597191034736	10/56	CX3CR1;SMARCD3;CTNNA1;VEGFC;VCAN;PLXNB2;FGF2;CX3CL1;ASPM;NBN	TUB	GO_BP	no_proc_ieg	10347
GOBP_NEGATIVE_REGULATION_OF_DNA_RECOMBINATION	0.8709747264683076	0.6602658788774003	0.8649908479201768	10/27	ABL1;PARPBP;MLH1;H1-10;H1-2;MSH6;MAGEF1;SMCHD1;RECQL5;C1QBP	TUB	GO_BP	no_proc_ieg	10347
GOBP_REPRODUCTIVE_BEHAVIOR	0.8707598549499393	0.6605504587155964	0.8650018585088423	5/40	HEXB;SERPINE2;TAC1;PTEN;OXTR	TUB	GO_BP	no_proc_ieg	10347
GOBP_LIPID_DROPLET_ORGANIZATION	0.8701328731819614	0.652317880794702	0.8658703337787089	8/24	PLA2G4C;PPID;PLIN3;MOSPD2;CDS1;FAF2;LDAH;RAB3GAP1	TUB	GO_BP	no_proc_ieg	10347
GOBP_REGULATION_OF_PROTEIN_DEPHOSPHORYLATION	0.8698673356784259	0.6705539358600583	0.865970707555345	19/52	CD300A;NCK1;PPP1R14D;SWAP70;NCKAP1L;CDH5;AMBRA1;PTBP1;YWHAB;GNA12;PPP1R12A;PPP1R2;PIN1;PPP1R8;CALM2;ARPP19;TSC1;HSP90B1;TIPRL	TUB	GO_BP	no_proc_ieg	10347
GOBP_CELLULAR_RESPONSE_TO_VASCULAR_ENDOTHELIAL_GROWTH_FACTOR_STIMULUS	0.8697435246112781	0.6506955177743431	0.8657667874229803	9/45	VCAM1;VEGFC;ANXA1;CD63;ITGB1BP1;NRP1;JCAD;ADAMTS3;PRKD1	TUB	GO_BP	no_proc_ieg	10347
GOBP_REGULATION_OF_INTRACELLULAR_STEROID_HORMONE_RECEPTOR_SIGNALING_PATHWAY	0.8697432580579486	0.6986111111111111	0.8653089714502031	6/60	CARM1;DDRGK1;RHOA;BRCA1;HDAC1;CYP7B1	TUB	GO_BP	no_proc_ieg	10347
GOBP_PROTEIN_AUTOPHOSPHORYLATION	0.8693097358075368	0.7346153846153847	0.8657844017808298	49/143	STK10;AURKA;DDR1;RASSF2;MVP;VEGFC;EPHA7;AURKB;PAK2;CDKL5;CAV1;STK39;HCK;ABL1;NBN;MELK;GPNMB;STK24;STK4;LCK;TAOK3;VRK1;MARK3;PTK2;FGFR4;PEAK1;PRKD1;CDK12;ULK2;SMG1;ATM;CALM2;STK26;STK17B;PRKX;RAD50;PAK1;VRK2;FGFR1;LMTK2;MAP3K11;RAP2C;NEK2;EPHA1;HTATIP2;RIOK2;ATR;CSF1R;PTPRC	TUB	GO_BP	no_proc_ieg	10347
GOBP_ACTIVATION_OF_PHOSPHOLIPASE_C_ACTIVITY	0.8692427568004663	0.6448445171849427	0.8654449163695264	4/21	CD86;GNA15;P2RY6;C5AR1	TUB	GO_BP	no_proc_ieg	10347
GOBP_NEGATIVE_REGULATION_OF_OSTEOBLAST_DIFFERENTIATION	0.8689054862538459	0.6792738275340393	0.8656972736727321	8/31	VEGFC;PPARG;TNFAIP6;TRPM4;TWIST1;RIOX1;ID3;BAMBI	TUB	GO_BP	no_proc_ieg	10347
GOBP_ADULT_LOCOMOTORY_BEHAVIOR	0.8685381956116731	0.7054794520547946	0.8659921299444397	26/65	CSTB;GLRB;FXN;NTAN1;TUBA1A;UCHL1;CLCN3;PPT1;HOXB8;EPS8;CXCL12;PUM1;HOXD10;HOXD9;ZMPSTE24;GIGYF2;INPP5F;PARK7;TSC1;PBX3;CCND2;CTNS;ARCN1;AGTPBP1;OXR1;HIPK2	TUB	GO_BP	no_proc_ieg	10347
GOBP_RETINA_VASCULATURE_DEVELOPMENT_IN_CAMERA_TYPE_EYE	0.867881807408542	0.6262458471760798	0.8669750887572093	5/15	COL4A1;NRP1;HIF1A;BMPR2;CYP1B1	TUB	GO_BP	no_proc_ieg	10347
GOBP_REGULATION_OF_MITOCHONDRIAL_MEMBRANE_PERMEABILITY_INVOLVED_IN_APOPTOTIC_PROCESS	0.8669041022101605	0.6661392405063291	0.868608371434818	4/23	SLC35F6;BAX;BID;MUL1	TUB	GO_BP	no_proc_ieg	10347
GOBP_POSITIVE_REGULATION_OF_GENE_EXPRESSION_EPIGENETIC	0.8668153454167836	0.6376360808709176	0.8683371108607606	8/28	MACROH2A1;APEX1;ATAD2;APOBEC3F;APOBEC3A;USP21;ZMPSTE24;EP300	TUB	GO_BP	no_proc_ieg	10347
GOBP_POSITIVE_REGULATION_OF_CALCIUM_ION_TRANSMEMBRANE_TRANSPORT	0.866655975317456	0.6777777777777778	0.8682021955395444	11/64	BAX;CXCL9;MS4A1;SRI;CACNB3;AKAP5;CAV1;CX3CL1;CXCL11;ABL1;P2RY6	TUB	GO_BP	no_proc_ieg	10347
GOBP_REGULATION_OF_ALTERNATIVE_MRNA_SPLICING_VIA_SPLICEOSOME	0.8666052660935565	0.6947852760736196	0.8678501433384355	11/35	RBPMS;NOVA1;PTBP1;CELF2;RBFOX2;PUF60;ZBTB7A;RBM7;KHDRBS3;FMR1;MAGOH	TUB	GO_BP	no_proc_ieg	10347
GOBP_PEPTIDE_CATABOLIC_PROCESS	0.8662884996625401	0.6314102564102564	0.8680872639306833	9/18	IDE;TPP1;ANPEP;ERAP1;LNPEP;CPA4;ERAP2;LTA4H;CTSH	TUB	GO_BP	no_proc_ieg	10347
GOBP_ELECTRON_TRANSPORT_CHAIN	0.866111570280692	0.7125171939477304	0.8680058278550766	17/72	SCO2;PDIA5;CDK1;NDUFA6;BID;COX5A;GPD2;CCNB1;COX7A2;NDUFB5;COX4I1;NDUFS6;VPS54;ENOX2;NDUFA8;NDUFB3;SOD2	TUB	GO_BP	no_proc_ieg	10347
GOBP_CRANIAL_SKELETAL_SYSTEM_DEVELOPMENT	0.8655550769578413	0.6885964912280702	0.86873761227845	7/50	RAB23;CEP55;EXT1;HOXA1;CRKL;RUNX2;SLC39A1	TUB	GO_BP	no_proc_ieg	10347
GOBP_MITOCHONDRIAL_TRANSLATION	0.86522400269128	0.6964285714285714	0.8689478535842877	25/73	DAP3;MRPL33;MRPS17;YARS2;LARS2;MRPS30;MRPS27;MRPL18;MTRF1;GARS1;COA3;MRPL42;MRPL17;MRPS18C;HARS1;MRPL44;NGRN;MRPS16;MRPL20;MTIF2;MRPL22;C1QBP;MRPL15;MRPL39;IARS2	TUB	GO_BP	no_proc_ieg	10347
GOBP_CEREBRAL_CORTEX_CELL_MIGRATION	0.8651907210934986	0.6528803545051699	0.8685633028141141	4/36	COL3A1;ADGRG1;RHOA;PSEN1	TUB	GO_BP	no_proc_ieg	10347
GOBP_POSITIVE_REGULATION_OF_INTRINSIC_APOPTOTIC_SIGNALING_PATHWAY	0.8650967581626071	0.6730205278592375	0.8683217180801212	24/47	BAX;BID;NCK1;CAV1;MMP2;MSX1;LCK;BCAP31;BECN1;SIAH1;RPS3;S100A9;S100A8;RACK1;VNN1;PARK7;GSDME;NHERF1;PIAS4;SERINC3;IL20RA;FIS1;NUPR1;SIRT1	TUB	GO_BP	no_proc_ieg	10347
GOBP_PROTEIN_HETEROOLIGOMERIZATION	0.8645057225613824	0.6405228758169934	0.8691167943156572	4/16	COL1A2;CPSF6;KRT10;RRM1	TUB	GO_BP	no_proc_ieg	10347
GOBP_REGULATION_OF_PRESYNAPSE_ORGANIZATION	0.8636890647085753	0.6478190630048465	0.87034626886133	3/20	FZD1;GPC4;VPS35	TUB	GO_BP	no_proc_ieg	10347
GOBP_POSITIVE_REGULATION_OF_VASCULAR_ENDOTHELIAL_GROWTH_FACTOR_PRODUCTION	0.8634943630111466	0.6548536209553159	0.8702914158293387	7/22	BRCA1;C3;C3AR1;C5AR1;HPSE;HIF1A;ARNT	TUB	GO_BP	no_proc_ieg	10347
GOBP_DEVELOPMENTAL_GROWTH_INVOLVED_IN_MORPHOGENESIS	0.8627884494858763	0.7793764988009593	0.8713657410413727	25/178	PLXNA1;FN1;AURKA;ITGA4;FLRT3;DDR1;TIAM1;CYFIP1;EPHA7;EXT1;POSTN;ADNP;SHTN1;COBL;CDKL5;SPRY1;S1PR1;TNC;MUL1;ABL1;IQGAP1;NRCAM;NRP1;SPP1;KDM5B	TUB	GO_BP	no_proc_ieg	10347
GOBP_POSITIVE_REGULATION_OF_MIRNA_TRANSCRIPTION	0.8613449162530807	0.6965098634294385	0.8739406529682016	13/43	SMAD1;MYB;PPARG;FGF2;MRTFB;GNL3;NR3C1;NOTCH2;BMP2;HIF1A;GATA3;AGT;SREBF1	TUB	GO_BP	no_proc_ieg	10347
GOBP_GLYCEROLIPID_METABOLIC_PROCESS	0.8612921158270124	0.8249708284714119	0.873603266227426	31/247	PIK3R3;LPCAT1;LPCAT3;CDIPT;PLA2G4C;PLAAT4;LIPA;AGPAT2;LIPC;APOC1;SCARB1;PTEN;LPGAT1;MGLL;PANK2;PIK3CG;ABCA3;C3;INPP5D;CAV1;PIGT;MTMR2;PLA1A;DPM3;PLAAT1;INPP4B;PLA2G7;PLA2G15;PLSCR1;FABP3;RAB38	TUB	GO_BP	no_proc_ieg	10347
GOBP_PATTERN_SPECIFICATION_PROCESS	0.8612178289388392	0.8132118451025057	0.8733001228058896	38/306	CITED2;SMAD1;RNF111;HOXB2;ITGAM;AURKA;ADGRG1;SOX17;MNS1;HHEX;BASP1;HOXB6;C1QA;SATB2;NR2F2;HOXA10;SMARCD3;ABI1;TDRD7;EXT1;C3;PSEN1;COBL;FGF2;CRKL;HOXB7;MEOX2;SPRY1;APC;POFUT1;IFT52;HOXB9;TAF10;MLLT3;MSX1;MICAL2;RPGRIP1L;BBS7	TUB	GO_BP	no_proc_ieg	10347
GOBP_NEGATIVE_REGULATION_OF_SMALL_GTPASE_MEDIATED_SIGNAL_TRANSDUCTION	0.8609526227084501	0.6713836477987422	0.873367403295462	7/33	NUP62;SPRY1;ARHGAP44;ITGA3;ARHGAP25;MET;STMN3	TUB	GO_BP	no_proc_ieg	10347
GOBP_MODULATION_BY_HOST_OF_VIRAL_PROCESS	0.860223317378141	0.6737481031866465	0.8744198873505878	6/30	PPIB;IFI27;CAV2;STOM;CCNK;LTF	TUB	GO_BP	no_proc_ieg	10347
GOBP_LIPOPROTEIN_METABOLIC_PROCESS	0.8596397584411732	0.72911051212938	0.875171713774625	27/82	ABCA1;ITGB3;LIPA;APOC1;NMT2;NMT1;PIGT;CTSD;ZDHHC7;DPM3;APOL1;PPT1;ITGAV;ZDHHC13;ZDHHC18;RB1CC1;ATG5;GOLGA7;PIGB;DBI;UGCG;LYPLA1;RAB3GAP1;ATG12;SLC30A5;ATM;PIGN	TUB	GO_BP	no_proc_ieg	10347
GOBP_PLACENTA_DEVELOPMENT	0.8596211398261672	0.7407407407407407	0.874749519166533	34/117	CITED2;CASP8;VASH1;NR2F2;VASH2;PCDH12;ITGB8;SPINT2;PPARG;SPINT1;PLK4;TAF10;GRB2;ASCL2;PARP1;SPP1;KRT19;STK4;CEBPA;BPTF;CDKN1B;HEY2;PTK2;MAP2K1;MED1;NOTCH2;BSG;BIRC2;TRIM28;HIF1A;ARNT;MAPK1;BMPR2;SP3	TUB	GO_BP	no_proc_ieg	10347
GOBP_LAMELLIPODIUM_MORPHOGENESIS	0.8587243408771689	0.6672158154859967	0.8762306066163184	4/16	CD44;ABI1;PLEKHO1;SNX2	TUB	GO_BP	no_proc_ieg	10347
GOBP_CELLULAR_RESPONSE_TO_NITROGEN_COMPOUND	0.8585892714536284	0.8664529914529915	0.8760651589942393	53/476	PIK3R3;GUCY1B1;CSK;TLR3;FLOT1;VCAM1;NFKB1;UCP2;AHR;RGS10;PTPRE;CYBB;ITGB3;EZH2;ITGA4;SHC1;VIM;NFE2L2;LEPROTL1;NPM1;BRIP1;CAV2;IFIH1;GNA15;CCNA2;CTNNA1;NCK1;BRCA1;RAB31;CHEK1;CYFIP1;RB1;PIK3CG;COLEC12;PSEN1;GNAI3;CD36;PPARG;CRKL;ABCC1;RBX1;VPS35;CAV1;APC;PKM;RIGI;CTSD;GRB2;ZDHHC7;MUL1;ABL1;P2RY6;CASP7	TUB	GO_BP	no_proc_ieg	10347
GOBP_NEUTRAL_LIPID_CATABOLIC_PROCESS	0.8581735870409005	0.6522435897435898	0.8764649767480417	3/22	LIPC;MGLL;PIK3CG	TUB	GO_BP	no_proc_ieg	10347
GOBP_INTRACELLULAR_LIPID_TRANSPORT	0.8579452773138633	0.6992248062015504	0.876479739190847	7/29	ABCA1;CERT1;FABP3;LDLRAP1;ANXA2;PIP4K2A;VPS54	TUB	GO_BP	no_proc_ieg	10347
GOBP_NEGATIVE_REGULATION_OF_SUPRAMOLECULAR_FIBER_ORGANIZATION	0.8573519491042207	0.7425997425997426	0.8772603865287694	24/113	CLU;TMSB10;CAPG;FLII;SWAP70;PAK2;CDH5;APC;S1PR1;PFN1;IAPP;TMSB15A;VBP1;GMFB;MET;TPX2;TMOD3;MID1;PFDN4;GMFG;CAPZB;CAPZA2;CRYAB;EPS8	TUB	GO_BP	no_proc_ieg	10347
GOBP_REGULATION_OF_PROTEIN_DEPOLYMERIZATION	0.8572549747889798	0.6919831223628692	0.8770114544279335	17/65	CAPG;SPAST;FLII;SWAP70;APC;MAP1S;TPX2;TMOD3;DSTN;F2RL1;MID1;CAPZB;CAPZA2;EPS8;MID1IP1;FGF13;CKAP2	TUB	GO_BP	no_proc_ieg	10347
GOBP_G_PROTEIN_COUPLED_ACETYLCHOLINE_RECEPTOR_SIGNALING_PATHWAY	0.8571894926028487	0.6585365853658537	0.8767018307756101	6/16	RGS10;GNA15;AGRN;GNB1;GNAI2;GNAQ	TUB	GO_BP	no_proc_ieg	10347
GOBP_RESPONSE_TO_TOXIC_SUBSTANCE	0.8569341351750543	0.7787081339712919	0.8767659668954226	16/182	CLDN1;PRDX4;GPX7;CCL5;AHR;SNN;NFE2L2;BAX;CDK1;BRIP1;HBD;ALOX5AP;CLIC2;PON2;HBB;CD36	TUB	GO_BP	no_proc_ieg	10347
GOBP_CD4_POSITIVE_ALPHA_BETA_T_CELL_ACTIVATION	0.8568587341861321	0.7362045760430687	0.8764746133415001	15/84	HLA-DRB1;HLA-DRA;CD86;ANXA1;HLX;MYB;NCKAP1L;CCL19;ASCL2;NKG7;STAT4;TOX;IL18R1;IL18;RSAD2	TUB	GO_BP	no_proc_ieg	10347
GOBP_REGULATION_OF_BONE_MINERALIZATION	0.8564459382961734	0.6967095851216023	0.8768841440110704	18/59	ISG15;CCR1;GPM6B;MGP;S1PR1;ALOX5;TRPM4;BMP2K;TWIST1;LTF;MEF2C;BMP2;HIF1A;BMPR2;ADRB2;ACVR1;ATRAID;ZMPSTE24	TUB	GO_BP	no_proc_ieg	10347
GOBP_NEGATIVE_REGULATION_OF_NON_CANONICAL_NF_KAPPAB_SIGNAL_TRANSDUCTION	0.8561083610544867	0.6768488745980707	0.8771369861277132	6/20	NMI;IFI35;RASSF2;LITAF;NLRP2;CCN3	TUB	GO_BP	no_proc_ieg	10347
GOBP_ACTIVIN_RECEPTOR_SIGNALING_PATHWAY	0.8560288070518135	0.6661538461538462	0.8768538015820827	2/32	CITED2;DACT1	TUB	GO_BP	no_proc_ieg	10347
GOBP_NEGATIVE_REGULATION_OF_NEURAL_PRECURSOR_CELL_PROLIFERATION	0.8559877050139402	0.649671052631579	0.8765012580508131	3/18	CTNNA1;SPINT2;SPINT1	TUB	GO_BP	no_proc_ieg	10347
GOBP_REGULATION_OF_MITOCHONDRIAL_DEPOLARIZATION	0.8558221342910398	0.6650246305418719	0.8763860728469373	4/18	TSPO;MLLT11;IFI6;PARP1	TUB	GO_BP	no_proc_ieg	10347
GOBP_CELL_COMMUNICATION_BY_ELECTRICAL_COUPLING	0.855058900793636	0.6725239616613419	0.8775111202236311	3/24	DBN1;SRI;CAV1	TUB	GO_BP	no_proc_ieg	10347
GOBP_NEGATIVE_REGULATION_OF_EXTRINSIC_APOPTOTIC_SIGNALING_PATHWAY	0.8545005512596859	0.7387755102040816	0.8781886349586172	26/74	THBS1;TMBIM1;CTNNA1;BRCA1;IFI6;CX3CL1;IL7;RNF34;NRP1;PSME3;GSTP1;PEA15;ITGAV;RB1CC1;HMOX1;YAP1;PRDX2;FAIM;ACVR1;MAPK7;ITGA6;PARK7;SCG2;HTT;RELA;HMGB2	TUB	GO_BP	no_proc_ieg	10347
GOBP_RESPONSE_TO_NITRIC_OXIDE	0.8544532272518902	0.6621621621621622	0.8778405671387194	3/18	GUCY1B1;CCNA2;CCL19	TUB	GO_BP	no_proc_ieg	10347
GOBP_CARTILAGE_DEVELOPMENT	0.8532536071445002	0.7701863354037267	0.8797898889471587	16/154	COL3A1;SMAD1;TIMP1;COL1A1;TGFBI;DDRGK1;SATB2;CD44;SLC26A2;RB1;EXT1;MATN3;ITGB8;FGF2;MGP;RUNX2	TUB	GO_BP	no_proc_ieg	10347
GOBP_POSITIVE_REGULATION_OF_PHOSPHATIDYLINOSITOL_3_KINASE_PROTEIN_KINASE_B_SIGNAL_TRANSDUCTION	0.8524981680416213	0.785982478097622	0.880885734068012	32/143	CCL5;FN1;CX3CR1;THBS1;TPBG;DDR1;HCLS1;PRR5L;PIK3CG;PTPN6;FGF2;CCL19;AMBRA1;CX3CL1;CCDC88A;IL18;MYDGF;ITGB1BP1;AKR1C2;VAV3;RELN;SELP;ROR1;HPSE;F2RL1;BECN1;P2RX4;PTK2;CBL;THPO;MTDH;PRKD1	TUB	GO_BP	no_proc_ieg	10347
GOBP_POSTSYNAPTIC_SPECIALIZATION_ORGANIZATION	0.8519794154010961	0.6723338485316847	0.8814813516204257	5/29	ITGB3;PTEN;CRKL;RELN;CRK	TUB	GO_BP	no_proc_ieg	10347
GOBP_AORTA_DEVELOPMENT	0.8516451540530404	0.6941529235382309	0.8816783664630291	3/46	COL3A1;EFNB2;LOXL1	TUB	GO_BP	no_proc_ieg	10347
GOBP_MATURATION_OF_5_8S_RRNA_FROM_TRICISTRONIC_RRNA_TRANSCRIPT_SSU_RRNA_5_8S_RRNA_LSU_RRNA	0.850955114983114	0.6772046589018302	0.8826609078392175	7/17	RPP40;EXOSC10;WDR12;PES1;FTSJ3;EXOSC8;RPS21	TUB	GO_BP	no_proc_ieg	10347
GOBP_REGULATION_OF_MYELINATION	0.8500846993187555	0.677115987460815	0.8839495865717105	7/34	TYMP;TNFRSF1B;CYFIP1;MTMR2;CST7;MYRF;JAM2	TUB	GO_BP	no_proc_ieg	10347
GOBP_EMBRYONIC_HEART_TUBE_DEVELOPMENT	0.8499762373255844	0.7110157367668097	0.8836921476916428	18/53	CITED2;SOX17;PSEN1;IFT52;MICAL2;BBS7;MEF2C;MED1;NOTCH2;TBX3;ENG;YAP1;HIF1A;SOX18;TGFBR2;EDNRA;PITX2;ACVR1	TUB	GO_BP	no_proc_ieg	10347
GOBP_AEROBIC_RESPIRATION	0.849893465823948	0.7608695652173914	0.8834069908896632	21/115	PPIF;ATP5MF;FXN;CDK1;NDUFA6;RHOA;BID;PANK2;MACROH2A1;COX5A;NDUFA13;ANTKMT;CCNB1;COX7A2;COX10;NDUFB5;COX4I1;IDE;ADSL;NIPSNAP2;NDUFS6	TUB	GO_BP	no_proc_ieg	10347
GOBP_RESPONSE_TO_LIGHT_STIMULUS	0.8498563400338697	0.8164924506387921	0.8830235007179723	47/221	COL6A3;TIMP1;POLH;TRIAP1;RIC8A;RAG1;PBK;BAX;CRIP1;NPM1;PPID;PCLAF;DTL;MMP1;AURKB;EXT1;HOXA1;RUVBL2;NMT2;TUBA1A;NMT1;RBX1;PPP1CB;PCNA;COPS3;MMP2;CASP7;IFT20;MAPK11;CASP3;PARP1;PPP1CC;METTL3;RO60;MAPK13;PPP1CA;OPN3;FEN1;COL6A2;RGS14;CDS1;HYAL2;MSH6;ACTR5;USP1;DYNLRB1;ZBTB1	TUB	GO_BP	no_proc_ieg	10347
GOBP_RESPONSE_TO_FUNGUS	0.8496730433504659	0.6765140324963073	0.8829513380402235	3/43	CX3CR1;SPON2;MYD88	TUB	GO_BP	no_proc_ieg	10347
GOBP_NEGATIVE_REGULATION_OF_MYELOID_CELL_DIFFERENTIATION	0.8482419333968971	0.751696065128901	0.8854458189360072	9/62	TLR3;GABPA;ZNF675;MYB;TNFRSF11B;INPP5D;PAF1;TNFAIP6;IAPP	TUB	GO_BP	no_proc_ieg	10347
GOBP_CELL_PROJECTION_MORPHOGENESIS	0.8477699721298763	0.873538788522848	0.8859285497038824	69/480	ENAH;GPRASP3;FLOT1;EFNA4;MAP4K4;PLXNA1;DBN1;FN1;AURKA;YWHAH;B4GALT5;ITGA4;TPBG;FLRT3;DDR1;EFNB2;CD44;ATP9A;TIAM1;S100A6;PTEN;ABI1;GPM6A;CYFIP1;EPHA7;YTHDF1;SPAST;CDH11;EXT1;ACTG1;PSEN1;POSTN;NCKAP1L;PLXNB2;PAK2;ADNP;SHTN1;COBL;TUBA1A;PLEKHO1;CDKL5;PLXNC1;MAP1S;UCHL1;MUL1;ABL1;XK;ANKRD27;VLDLR;TMEM106B;IQGAP1;NRCAM;UGT8;NRP1;RAB8A;ARHGAP44;SDC2;MDK;ABITRAM;SPP1;SNX2;CSPG5;RELN;RAC1;ANOS1;FZD3;STAU2;TAOK3;EIF4G2	TUB	GO_BP	no_proc_ieg	10347
GOBP_AMELOGENESIS	0.847602235793061	0.6787479406919276	0.8858148515102502	3/16	PERP;CNNM4;ITGB6	TUB	GO_BP	no_proc_ieg	10347
GOBP_ORGANOPHOSPHATE_CATABOLIC_PROCESS	0.8464999617312394	0.8062575210589651	0.8875468798242209	21/167	DCTPP1;HDAC4;PLA2G4C;UCP2;ENTPD1;TYMP;LIPA;LIPC;HKDC1;APOC1;ITPA;SCARB1;PSEN1;ENTPD6;PKM;UCHL1;ALDOA;TIGAR;PLA2G7;ENO2;PLA2G15	TUB	GO_BP	no_proc_ieg	10347
GOBP_MORPHOGENESIS_OF_A_POLARIZED_EPITHELIUM	0.8462703007350802	0.7171145685997171	0.8875415522403015	8/41	RHOA;FZD1;ACTG1;ZDHHC7;IFT20;RPGRIP1L;FZD6;FZD3	TUB	GO_BP	no_proc_ieg	10347
GOBP_REGULATION_OF_PROTEIN_SECRETION	0.8456569669520855	0.8138173302107728	0.8882950329199617	22/188	GOLPH3L;TMED10;CCL5;P3H1;HLA-DRB1;UCP2;FRMD4A;PPID;EIPR1;TIAM1;VEGFC;SRI;CD38;DYNLL1;PPARG;VPS35;ADRA2A;ERP29;NADK;ALOX5;NR1D1;TRPM4	TUB	GO_BP	no_proc_ieg	10347
GOBP_REGULATION_OF_SODIUM_ION_TRANSMEMBRANE_TRANSPORT	0.8454587276655328	0.7249283667621776	0.8882414374279267	3/40	FXYD5;YWHAH;TESC	TUB	GO_BP	no_proc_ieg	10347
GOBP_TOOTH_MINERALIZATION	0.8451481754140642	0.6984375	0.8884208722296985	3/21	COL1A1;CNNM4;ITGB6	TUB	GO_BP	no_proc_ieg	10347
GOBP_PROTEIN_LOCALIZATION_TO_EXTRACELLULAR_REGION	0.8449025237545804	0.8407789232531501	0.8884663651874746	31/262	GOLPH3L;TMED10;PDIA4;CCL5;P3H1;ABCA1;HLA-DRB1;UCP2;RAB8B;FRMD4A;PPID;EIPR1;GNPTAB;TIAM1;VEGFC;SRI;CD38;DYNLL1;PPARG;VPS35;ADRA2A;RAB3D;CYB5R4;ERP29;NADK;ALOX5;NR1D1;TRPM4;RAB40C;CAVIN1;RAB8A	TUB	GO_BP	no_proc_ieg	10347
GOBP_ESTABLISHMENT_OF_TISSUE_POLARITY	0.8446499008124834	0.7	0.8885288886440844	5/24	FZD1;IFT20;RPGRIP1L;FZD6;FZD3	TUB	GO_BP	no_proc_ieg	10347
GOBP_REGULATION_OF_TRANSMEMBRANE_TRANSPORT	0.8425885396789498	0.862788144895719	0.8922000884036393	36/321	PPIF;FXYD5;ARL6IP5;CTSS;CYBA;THBS1;UCP2;ITGB3;YWHAH;TESC;NFE2L2;BAX;CXCL9;MS4A1;ACSL5;PIK3CG;PSEN2;SRI;CLIC2;CACNB3;C3;PSEN1;AKAP5;TSPAN13;PTPN6;CD63;ADRA2A;CAV1;RTN2;CCR2;STK39;STOM;CX3CL1;CXCL11;ABL1;P2RY6	TUB	GO_BP	no_proc_ieg	10347
GOBP_ERYTHROCYTE_MATURATION	0.8424708257637804	0.6611570247933884	0.8919803716826348	7/15	MAEA;NEMP1;RAC2;ZBTB7A;PTBP3;G6PD;BRD1	TUB	GO_BP	no_proc_ieg	10347
GOBP_RESPONSE_TO_CALCIUM_ION	0.8422957177394323	0.7654320987654321	0.8918870564341478	9/98	ANXA11;PPIF;ECT2;THBS1;ALOX5AP;ITPR3;TUBA1A;ENTPD6;CAV1	TUB	GO_BP	no_proc_ieg	10347
GOBP_CENTRAL_NERVOUS_SYSTEM_NEURON_AXONOGENESIS	0.8420498393846364	0.6959761549925484	0.8919233572284802	3/28	B4GALT5;PTEN;CDH11	TUB	GO_BP	no_proc_ieg	10347
GOBP_POSTSYNAPTIC_SPECIALIZATION_ASSEMBLY	0.8419194222294316	0.695447409733124	0.8917245589054855	4/19	PTEN;CRKL;RELN;CRK	TUB	GO_BP	no_proc_ieg	10347
GOBP_C21_STEROID_HORMONE_BIOSYNTHETIC_PROCESS	0.8416917770138111	0.6933560477001703	0.8917025349369578	2/15	AKR1B1;TSPO	TUB	GO_BP	no_proc_ieg	10347
GOBP_POSITIVE_REGULATION_OF_TELOMERE_MAINTENANCE_VIA_TELOMERE_LENGTHENING	0.8415002517062947	0.6989247311827957	0.8916294851843666	17/27	AURKB;CCT6A;DKC1;POT1;CCT4;CCT7;XRCC5;MAPK1;CCT3;ATM;MAP3K4;NEK2;ACD;ATR;PARN;CCT2;CCT8	TUB	GO_BP	no_proc_ieg	10347
GOBP_POSITIVE_REGULATION_OF_RECEPTOR_SIGNALING_PATHWAY_VIA_STAT	0.8413966396809606	0.7373595505617978	0.8913733158921067	4/40	CCL5;IL10RA;CRLF3;CD300A	TUB	GO_BP	no_proc_ieg	10347
GOBP_CELLULAR_RESPONSE_TO_CALCIUM_ION	0.8404154262841368	0.7299270072992701	0.8928843049636218	7/50	PPIF;ECT2;ALOX5AP;TUBA1A;IQGAP1;RASGRP2;MEF2C	TUB	GO_BP	no_proc_ieg	10347
GOBP_REGULATION_OF_AMINE_METABOLIC_PROCESS	0.8403076457447999	0.7050473186119873	0.8926355241302582	3/24	ITGB2;ITGAM;VPS35	TUB	GO_BP	no_proc_ieg	10347
GOBP_PROTEIN_TETRAMERIZATION	0.8392368314056293	0.7465564738292011	0.8942588339951872	15/76	ALDH1A3;HLA-DRB1;B2M;EVL;MS4A1;ITPR3;TDO2;CBY1;ALDOA;ACACA;CPSF6;TRPM4;KRT10;RRM1;STK4	TUB	GO_BP	no_proc_ieg	10347
GOBP_INTERLEUKIN_1_MEDIATED_SIGNALING_PATHWAY	0.8391287845357488	0.6907378335949764	0.8939965133612995	3/23	MYD88;ZNF675;IL1R1	TUB	GO_BP	no_proc_ieg	10347
GOBP_ENERGY_DERIVATION_BY_OXIDATION_OF_ORGANIC_COMPOUNDS	0.8388700265947501	0.8401400233372228	0.8940713189156136	40/220	DYRK2;PPIF;ATP5MF;SCO2;IFNAR1;LEPR;RUBCNL;PPP1R3C;FXN;CDK1;NDUFA6;RHOA;PCDH12;BID;PANK2;MACROH2A1;COX5A;PYGB;PPP1CB;NDUFA13;PHKA1;GPD2;TIGAR;ANTKMT;NR1D1;CCNB1;COX7A2;PPP1CC;COX10;NDUFB5;COX4I1;IDE;PPP1CA;OPN3;ADSL;NIPSNAP2;PTGES3;NDUFS6;VPS54;PYGL	TUB	GO_BP	no_proc_ieg	10347
GOBP_NOREPINEPHRINE_TRANSPORT	0.8386238742877841	0.7003257328990228	0.8940903374310191	3/20	SLC29A3;OXTR;ADRA2A	TUB	GO_BP	no_proc_ieg	10347
GOBP_NEGATIVE_REGULATION_OF_DEVELOPMENTAL_GROWTH	0.8382050453463207	0.7682584269662921	0.8944797470602001	15/75	CITED2;WWC1;VGLL4;FXN;PTEN;EPHA7;PLAC8;MAPK11;ADRB1;NRP1;SPP1;STK4;TOMM70;CDKN1B;DUSP10	TUB	GO_BP	no_proc_ieg	10347
GOBP_REGULATION_OF_TELOMERE_CAPPING	0.8381001135031632	0.6720257234726688	0.8942304300622311	7/18	AURKB;NBN;MAPK1;ATM;RAD50;MAP3K4;NEK2	TUB	GO_BP	no_proc_ieg	10347
GOBP_CELLULAR_METABOLIC_COMPOUND_SALVAGE	0.8377237786344989	0.7127158555729984	0.8944998979041814	3/21	DCK;DCTD;ENOPH1	TUB	GO_BP	no_proc_ieg	10347
GOBP_REGULATION_OF_SECRETION	0.8376320166104843	0.9102428722280888	0.8942140808832645	66/446	GOLPH3L;TMED10;HLA-F;CCL5;P3H1;ITGB2;CYBA;ITGAM;HLA-DRB1;TSPO;UCP2;RAB8B;SYT11;TNFRSF1B;VPS4B;CD300A;ATP9A;FRMD4A;PPID;EIPR1;VAMP8;TIAM1;RAB33B;MYOF;VEGFC;ANXA1;SRI;MYB;CD38;DYNLL1;NCKAP1L;PPARG;OXTR;VPS35;ADRA2A;SEPTIN2;CCR2;STK39;RAB3D;RAC2;S100A10;ERP29;NADK;ALOX5;RAB9A;NR1D1;TRPM4;RAB27B;NPY5R;RSAD2;SPP1;CPB2;CSPG5;OAS2;KDM5B;STAM;CCN3;PLA2G4A;GNAZ;MEF2C;WDR41;NMB;ANXA2;SOX4;CD74;SDCBP	TUB	GO_BP	no_proc_ieg	10347
GOBP_GENERATION_OF_PRECURSOR_METABOLITES_AND_ENERGY	0.8369537311324259	0.8518518518518519	0.8950447782866126	56/318	DYRK2;PPIF;ATP5MF;SCO2;FDXR;HDAC4;IFNAR1;UCP2;LEPR;PDIA5;LIPA;RUBCNL;PPP1R3C;FXN;CDK1;NDUFA6;HKDC1;RHOA;PCDH12;BID;PANK2;MACROH2A1;PSEN1;COX5A;PYGB;PPP1CB;PKM;UCHL1;ALDOA;NDUFA13;PHKA1;GPD2;TIGAR;ANTKMT;ENO2;NR1D1;CCNB1;TALDO1;COX7A2;PPP1CC;COX10;CEBPA;PFKP;NDUFB5;ATP5IF1;COX4I1;IDE;PPP1CA;OPN3;ADSL;NIPSNAP2;PTGES3;NDUFS6;ZBTB7A;VPS54;PYGL	TUB	GO_BP	no_proc_ieg	10347
GOBP_DEVELOPMENTAL_CELL_GROWTH	0.8365045379128002	0.812039312039312	0.8954814964404024	23/173	PLXNA1;FN1;AURKA;ITGA4;FLRT3;DDR1;TIAM1;CYFIP1;EPHA7;EXT1;POSTN;ADNP;SHTN1;COBL;CDKL5;SORBS2;MUL1;ABL1;IQGAP1;NRCAM;NRP1;MEX3C;SPP1	TUB	GO_BP	no_proc_ieg	10347
GOBP_NEURON_PROJECTION_REGENERATION	0.8363703799023224	0.7353383458646616	0.8952926440605095	8/41	TSPO;CTNNA1;GRN;TNC;MMP2;STK24;SPP1;CSPG5	TUB	GO_BP	no_proc_ieg	10347
GOBP_MACROMOLECULE_DEACYLATION	0.835901781195628	0.7124824684431977	0.8957596728769719	6/44	HDAC4;HDAC1;NNMT;FNTA;YEATS2;ZZZ3	TUB	GO_BP	no_proc_ieg	10347
GOBP_SKELETAL_SYSTEM_MORPHOGENESIS	0.8356892095761721	0.816708229426434	0.8957092724410607	19/162	COL3A1;CITED2;RAB23;COL1A1;HOXB2;HOXB6;SATB2;RAB33B;EXT1;ALX1;PSEN1;HOXA1;MGP;HOXB7;RUNX2;HOXB9;SLC39A1;MMP2;MSX1	TUB	GO_BP	no_proc_ieg	10347
GOBP_PERIPHERAL_NERVOUS_SYSTEM_DEVELOPMENT	0.8356140948963025	0.7562326869806094	0.8954025036358969	10/65	CITED2;CLDN1;CDK1;GRB2;PMP22;UGT8;HRAS;SERPINI1;RUNX3;MAP2K1	TUB	GO_BP	no_proc_ieg	10347
GOBP_PURINE_NUCLEOSIDE_MONOPHOSPHATE_METABOLIC_PROCESS	0.8355443436645305	0.6916030534351145	0.8950893007031431	3/31	DCK;AK1;IMPDH1	TUB	GO_BP	no_proc_ieg	10347
GOBP_PEPTIDYL_SERINE_MODIFICATION	0.8352470634600317	0.8286052009456265	0.8952044714835844	25/201	DYRK2;AURKA;PLK2;PBK;RASSF2;BAX;CD44;CDK1;CAMK1;PTEN;NCK1;POGLUT2;CSNK1D;PAK2;CAV1;PRKCH;STK38;GALNT1;STK39;GALNT3;TTK;STK38L;CSNK1G1;CSNK1G3;CDC7	TUB	GO_BP	no_proc_ieg	10347
GOBP_REGULATION_OF_PROTEIN_TARGETING	0.8349349193259199	0.7510917030567685	0.8953570642026272	11/58	ITGB2;ITGAM;SAE1;SH3GLB1;STOM;RAC2;ITGB1BP1;HRAS;LEPROT;ATP5IF1;TOMM70	TUB	GO_BP	no_proc_ieg	10347
GOBP_NEGATIVE_REGULATION_OF_STEM_CELL_DIFFERENTIATION	0.8346134387656906	0.6688311688311688	0.8955133509284056	6/16	EZH2;NFE2L2;NELFB;TBX3;CDK12;YAP1	TUB	GO_BP	no_proc_ieg	10347
GOBP_LACTATION	0.8345976386811408	0.7071651090342679	0.8950906270287228	4/34	NME1;DDR1;OXTR;CAV1	TUB	GO_BP	no_proc_ieg	10347
GOBP_NEGATIVE_REGULATION_OF_CYTOPLASMIC_PATTERN_RECOGNITION_RECEPTOR_SIGNALING_PATHWAY	0.8344962835644604	0.7349397590361446	0.8948264247901941	11/36	AURKB;CARD8;TSPAN6;PARP1;PPT1;BANF1;F2RL1;TARBP2;ZDHHC18;CSNK1A1;RNF125	TUB	GO_BP	no_proc_ieg	10347
GOBP_NEGATIVE_REGULATION_OF_SMALL_MOLECULE_METABOLIC_PROCESS	0.8343845509087574	0.7786998616874136	0.8945807400345989	6/75	HDAC4;NFKB1;TSPO;LEPR;APOC1;BRCA1	TUB	GO_BP	no_proc_ieg	10347
GOBP_REGULATION_OF_TOLERANCE_INDUCTION	0.8343416868484245	0.7019230769230769	0.8942143308980101	1/17	HLA-B	TUB	GO_BP	no_proc_ieg	10347
GOBP_CARBOHYDRATE_DERIVATIVE_TRANSPORT	0.8342466580602881	0.7557471264367817	0.8939452117449647	14/58	PLTP;CD47;SLC29A3;SCARB1;ABCC3;VLDLR;SLC37A1;PANX1;G6PC3;ABCC4;SLC35C1;SLC35A1;SLC25A5;SLC35A5	TUB	GO_BP	no_proc_ieg	10347
GOBP_NEGATIVE_REGULATION_OF_CHEMOKINE_PRODUCTION	0.833648654163032	0.7135842880523732	0.8946139119594243	5/18	OAS1;OAS3;MUL1;GSTP1;F2RL1	TUB	GO_BP	no_proc_ieg	10347
GOBP_CALCINEURIN_MEDIATED_SIGNALING	0.8330323635674286	0.7286585365853658	0.8953399371844715	4/34	DYRK2;HOMER3;AKAP5;PTBP1	TUB	GO_BP	no_proc_ieg	10347
GOBP_POSITIVE_REGULATION_OF_DNA_RECOMBINATION	0.8328330866759791	0.7402031930333817	0.8952661233677845	19/51	RAD51AP1;FUS;RUVBL2;NBN;PARP1;MLH1;CD40;ACTL6A;NSD2;RUVBL1;WDR48;KMT5B;TRRAP;WRAP53;PAXIP1;MORF4L2;PIAS4;SKP2;PTPRC	TUB	GO_BP	no_proc_ieg	10347
GOBP_REGULATION_OF_AUTOPHAGOSOME_ASSEMBLY	0.8326659493475648	0.7326283987915407	0.8951330074830364	13/34	UBQLN2;SH3GLB1;IFT20;BECN1;PIP4K2A;RALB;FEZ2;RAB3GAP1;SNX7;SCFD1;ATM;RAB1B;MOAP1	TUB	GO_BP	no_proc_ieg	10347
GOBP_NATURAL_KILLER_CELL_ACTIVATION_INVOLVED_IN_IMMUNE_RESPONSE	0.8323570738299979	0.6881028938906752	0.895262298416295	4/17	HLA-F;NKG7;IFNA16;LAMP1	TUB	GO_BP	no_proc_ieg	10347
GOBP_ENDOTHELIAL_CELL_APOPTOTIC_PROCESS	0.8316043989870618	0.7396280400572246	0.8962544209928589	6/55	THBS1;ITGB3;ITGA4;NFE2L2;CDH5;ABL1	TUB	GO_BP	no_proc_ieg	10347
GOBP_REGULATION_OF_CARBOHYDRATE_BIOSYNTHETIC_PROCESS	0.831503925275122	0.771545827633379	0.8960062606737679	4/67	DYRK2;NFKB1;LEPR;PPP1R3C	TUB	GO_BP	no_proc_ieg	10347
GOBP_CEREBRAL_CORTEX_RADIALLY_ORIENTED_CELL_MIGRATION	0.8314260078344079	0.7049689440993789	0.8957067383462375	2/27	COL3A1;ADGRG1	TUB	GO_BP	no_proc_ieg	10347
GOBP_RNA_METHYLATION	0.8309149505567212	0.7350427350427351	0.8962027876158145	24/49	SNRPB;SNRPF;MRM2;METTL3;SNRPD2;LCMT2;TRMT1L;TRDMT1;FTSJ3;WDR4;DIMT1;TRMT9B;SNRPD1;THUMPD2;HSD17B10;SNRPD3;METTL5;FBL;MRM3;NSUN3;MEPCE;RBM15;TRMT112;TARBP1	TUB	GO_BP	no_proc_ieg	10347
GOBP_OSTEOCLAST_DIFFERENTIATION	0.8306437419835156	0.760778859527121	0.8962323962893773	10/76	TYROBP;TLR3;OSTM1;RASSF2;ZNF675;CCR1;TNFRSF11B;INPP5D;TNFAIP6;IAPP	TUB	GO_BP	no_proc_ieg	10347
GOBP_STEROID_HORMONE_MEDIATED_SIGNALING_PATHWAY	0.8302513890543832	0.7835443037974683	0.8965415920786199	35/109	CARM1;DDRGK1;YWHAH;TRIP4;RHOA;BRCA1;HDAC1;CYP7B1;ZDHHC7;PMEPA1;NR1D1;PARP1;RBFOX2;SCGB2A1;NR3C1;TRIM68;PTGES3;MED1;ZBTB7A;PLPP1;CNOT2;TAF7;KMT2D;RWDD1;MAPK1;DAB2;NCOA4;NR2E1;NEDD4;PKN1;PAK1;PHB2;EP300;KANK2;PARK7	TUB	GO_BP	no_proc_ieg	10347
GOBP_REGULATION_OF_RUFFLE_ASSEMBLY	0.8296549855818776	0.6956521739130435	0.897211985695765	8/22	EVL;CYFIP1;COBL;CAV1;PFN1;HRAS;P2RX4;EPS8	TUB	GO_BP	no_proc_ieg	10347
GOBP_POSITIVE_REGULATION_OF_MONOATOMIC_ION_TRANSPORT	0.8295676359079367	0.8349633251833741	0.8969316768219326	19/148	CCL5;CTSS;TSPO;TESC;BAX;CXCL9;MS4A1;CCR1;SRI;CACNB3;AKAP5;ADRA2A;CAV1;CCR2;STK39;CX3CL1;CXCL11;ABL1;P2RY6	TUB	GO_BP	no_proc_ieg	10347
GOBP_RETINA_HOMEOSTASIS	0.8277073980806504	0.7350299401197605	0.8999748567797206	4/31	PROM1;CDH3;CLCN3;BBS10	TUB	GO_BP	no_proc_ieg	10347
GOBP_ESTABLISHMENT_OF_EPITHELIAL_CELL_POLARITY	0.826535982707196	0.7173252279635258	0.9016839938091014	6/27	FRMD4A;RHOA;AMOT;FERMT1;IFT20;FRMD4B	TUB	GO_BP	no_proc_ieg	10347
GOBP_NITRIC_OXIDE_SYNTHASE_BIOSYNTHETIC_PROCESS	0.8261882190223546	0.6852459016393443	0.9018602288713052	7/15	IL33;GSTP1;NOD2;AKAP12;TLR4;STAT1;TLR2	TUB	GO_BP	no_proc_ieg	10347
GOBP_PROTEIN_MODIFICATION_BY_SMALL_PROTEIN_REMOVAL	0.8259554223875804	0.7705382436260623	0.9018298203202973	25/70	MINDY1;USP22;TRIM21;USP14;TANK;COPS3;UCHL1;UCHL3;VCPIP1;BRCC3;USP9Y;TNIP1;USP1;PSMD14;USP33;USP48;MINDY2;DESI2;PARK7;USP8;SPATA2;USP32;USP46;COPS5;OTUD7B	TUB	GO_BP	no_proc_ieg	10347
GOBP_NATURAL_KILLER_CELL_DIFFERENTIATION	0.8257811065970091	0.7104825291181365	0.9016929314354959	5/16	RASGRP1;IL15;TOX;ZBTB1;SP3	TUB	GO_BP	no_proc_ieg	10347
GOBP_CELLULAR_RESPONSE_TO_PEPTIDE_HORMONE_STIMULUS	0.8255486547489271	0.8714622641509434	0.9016830727612104	24/226	PIK3R3;CSK;NFKB1;UCP2;PTPRE;ITGB3;SHC1;NFE2L2;LEPROTL1;BRIP1;CAV2;CCNA2;NCK1;RAB31;CYFIP1;RB1;PPARG;RBX1;CAV1;APC;PKM;CTSD;GRB2;ZDHHC7	TUB	GO_BP	no_proc_ieg	10347
GOBP_NEGATIVE_CHEMOTAXIS	0.8253862802960794	0.7492537313432835	0.9015520938532123	4/38	ITGB3;FLRT3;RHOA;EPHA7	TUB	GO_BP	no_proc_ieg	10347
GOBP_NEGATIVE_REGULATION_OF_CELLULAR_RESPONSE_TO_GROWTH_FACTOR_STIMULUS	0.8249195430090156	0.7831491712707183	0.9019710443322774	12/72	THBS1;HHEX;FZD1;PPARG;FGF2;UBE2D1;SPRY1;TNFAIP6;ABL1;CXCL13;SMURF2;MMRN2	TUB	GO_BP	no_proc_ieg	10347
GOBP_NEGATIVE_REGULATION_OF_MONOATOMIC_ION_TRANSMEMBRANE_TRANSPORT	0.8244596484263107	0.7865329512893983	0.9023615790779487	7/59	PPIF;UCP2;SRI;CLIC2;ADRA2A;CAV1;STK39	TUB	GO_BP	no_proc_ieg	10347
GOBP_LIPID_BIOSYNTHETIC_PROCESS	0.8243776346064858	0.9363057324840764	0.9020606549086164	102/485	PIK3R3;LPCAT1;LPCAT3;CDIPT;DHCR24;AKR1B1;FDXR;PLA2G4C;ALDH1A3;HEXB;RBP1;ST6GALNAC4;NFKB1;TSPO;B4GALT5;LIPA;AGPAT2;LIPC;SPTLC2;APOC1;SCARB1;PTEN;LPGAT1;MGLL;BRCA1;ACSL5;PIK3CG;CYP7B1;ABCA3;C3;DEGS1;KDSR;INPP5D;ABCC1;PTGS1;PIGT;MTMR2;HSD17B6;PRKD3;HACD1;DPM3;DKK3;ALOX5;CYB5R2;INPP4B;AGPS;SGMS1;COQ2;ACACA;IGFBP7;HPGDS;NR1D1;PLA2G15;PLSCR1;FABP3;UGT8;RAB38;B4GALT4;PPT1;GSTP1;INPP1;PLA2G4A;NR3C1;CD74;CERS4;LTC4S;PIBF1;ST8SIA1;BECN1;CDS1;PTGES3;PIP4K2A;MED1;FGFR4;CAPN2;PGS1;ST3GAL5;SMPD2;PRPF19;TMX1;ST3GAL2;ABHD4;ZNF750;OSBPL9;PRKD1;HTR2B;IP6K1;BMP2;ST8SIA4;SCAP;SOCS1;DGKI;EFR3A;G6PD;SF1;PIGB;SOCS5;ORMDL2;MID1IP1;PAM;UGCG;HSD17B1	TUB	GO_BP	no_proc_ieg	10347
GOBP_RETINA_DEVELOPMENT_IN_CAMERA_TYPE_EYE	0.8243760784554692	0.8052287581699347	0.9016163858660877	9/104	LPCAT1;COL4A1;FJX1;PROM1;SERPINF1;BAX;SMARCD3;GPM6A;PSEN1	TUB	GO_BP	no_proc_ieg	10347
GOBP_REGULATION_OF_RECEPTOR_SIGNALING_PATHWAY_VIA_STAT	0.8242855344015861	0.7894736842105263	0.9013355592342035	6/75	IFNAR1;CCL5;NF2;IL10RA;CRLF3;CD300A	TUB	GO_BP	no_proc_ieg	10347
GOBP_REGULATION_OF_GLYCOPROTEIN_METABOLIC_PROCESS	0.8238105923676576	0.7355371900826446	0.9017644686012352	8/35	SLC2A10;ITM2C;IL33;IL15;SOAT1;CCL19;AATF;FKTN	TUB	GO_BP	no_proc_ieg	10347
GOBP_SEMAPHORIN_PLEXIN_SIGNALING_PATHWAY	0.8237810175273824	0.7404129793510325	0.9013659790834997	7/41	PLXNA1;RHOA;PLXNB2;PLXNC1;NRP1;RAC1;MET	TUB	GO_BP	no_proc_ieg	10347
GOBP_NEGATIVE_REGULATION_OF_BMP_SIGNALING_PATHWAY	0.8231614361205404	0.7470059880239521	0.9020153998737245	6/38	FZD1;PPARG;UBE2D1;TNFAIP6;ABL1;SMURF2	TUB	GO_BP	no_proc_ieg	10347
GOBP_MUSCLE_CELL_DIFFERENTIATION	0.822954694621079	0.8821548821548821	0.9019368599509354	35/290	SMAD1;PPIF;FLOT1;HDAC4;HOPX;EZH2;MAML1;EFNB2;CDK1;ADAMTS5;CAV2;SMARCD3;DNMT1;CXCL9;CAMK1;RB1;HDAC1;FLII;LAMC1;ACTG1;MYH6;PLEKHO1;MRTFB;CBY1;DOCK2;SORBS2;UCHL1;CD53;XK;CASP7;MSX1;IFT20;PTBP1;MAPK11;CASP3	TUB	GO_BP	no_proc_ieg	10347
GOBP_MITOCHONDRIAL_OUTER_MEMBRANE_PERMEABILIZATION	0.8208057846674803	0.7411003236245954	0.9053991124338399	4/19	SLC35F6;BID;MUL1;ATP5IF1	TUB	GO_BP	no_proc_ieg	10347
GOBP_MIRNA_METABOLIC_PROCESS	0.8206294644905616	0.7994467496542186	0.905274563766846	13/77	SMAD1;AGO4;NFKB1;MYB;PPARG;FGF2;MRTFB;GNL3;DROSHA;HRAS;SND1;TWIST1;NR3C1	TUB	GO_BP	no_proc_ieg	10347
GOBP_SEX_DIFFERENTIATION	0.8183588651841811	0.860774818401937	0.9089281610030974	28/216	DHCR24;CITED2;PRDX4;TLR3;AGO4;ADGRG1;BASP1;NR2F2;BAX;TAF4;HOXA10;BRIP1;CTNNA1;CRKL;CASP2;FANCG;TNFAIP6;ASPM;NUDT1;MMP2;LHFPL2;TNFSF10;CASP3;EIF2B4;KIF18A;NUP107;SGPL1;RRM1	TUB	GO_BP	no_proc_ieg	10347
GOBP_RIBOSE_PHOSPHATE_METABOLIC_PROCESS	0.8179729006423226	0.9024390243902439	0.9091790828571068	56/330	NME1;GUCY1B1;RAB23;DCK;ATP5MF;HDAC4;AK1;TSPO;UCP2;LIPA;CMPK1;ATP5MJ;NDUFA6;HKDC1;AK5;ITPA;IMPDH1;PANK2;ACSL5;PSEN1;GNAI3;ADCY7;MYH6;GUCY1A1;TDO2;PKM;HACD1;UCHL1;ALDOA;NDUFA13;GART;NADK;TIGAR;ANTKMT;ACACA;ATP6V0C;ENO2;PARP1;TALDO1;RNASEH2B;PPT1;NME6;PFKP;NDUFB5;ATP5IF1;NUDT9;ADSL;PAPSS1;SULT1E1;NDUFS6;PPCS;PDHX;ZBTB7A;ACOT9;PYGL;PDK1	TUB	GO_BP	no_proc_ieg	10347
GOBP_CARBOHYDRATE_METABOLIC_PROCESS	0.8179728132315021	0.9175704989154013	0.9087292430017276	62/408	NAGK;DYRK2;MAN2B1;AKR1B1;HDAC4;OAS1;HEXB;ST6GALNAC4;NFKB1;UCP2;NEU1;B4GALT5;LEPR;LIPA;FUT4;RUBCNL;PPP1R3C;GLB1;GM2A;HKDC1;GNPTAB;PCDH12;PFKFB3;TPD52L2;EXT1;PSEN1;MGAT2;GALNT7;PYGB;PPP1CB;NNMT;PKM;POFUT1;B4GALT7;GALNT3;UCHL1;P2RY6;DPM3;ALDOA;PHKA1;GPD2;TIGAR;COQ2;ENO2;NR1D1;GCNT3;PARP1;GNE;HS2ST1;TALDO1;PPP1CC;B4GALT4;EXT2;GUSB;MANBA;SLC3A1;G6PC3;PLA2G4A;PFKP;MAN1B1;PPP1CA;NR3C1	TUB	GO_BP	no_proc_ieg	10347
GOBP_REGULATION_OF_GLIAL_CELL_DIFFERENTIATION	0.8179002617028635	0.7518142235123367	0.9084245967293628	9/54	TNFRSF1B;SERPINE2;CDK1;IL33;HDAC1;SPINT1;MYRF;NR1D1;MDK	TUB	GO_BP	no_proc_ieg	10347
GOBP_NEGATIVE_REGULATION_OF_CELL_DEVELOPMENT	0.8176843184237363	0.8644470868014269	0.9083525827242089	44/191	TLR3;DYNLT1;NF2;TSPO;YWHAH;B2M;PTEN;CTNNA1;ANXA1;ZNF675;EPHA7;RB1;HLX;PSEN1;TNFRSF11B;INPP5D;TNFAIP6;ASCL2;IAPP;NR1D1;NRP1;MDK;FGL2;SPP1;BRINP1;LTF;CEBPA;CD74;CCL11;DUSP10;RUNX3;FCGR2B;TMEM176A;FSTL3;SOCS1;ULK2;SOCS5;MAFB;TCTA;RYK;CBFB;LILRB3;FGF13;PRDX2	TUB	GO_BP	no_proc_ieg	10347
GOBP_POSITIVE_REGULATION_OF_AUTOPHAGY	0.8175284774753583	0.8218085106382979	0.9081911449836999	29/106	DDRGK1;PLK2;TRIM21;SPTLC2;TRIM22;GNAI3;SH3GLB1;FYCO1;AMBRA1;TICAM1;HSPB8;NOD2;BECN1;TRIM68;PIP4K2A;RALB;RB1CC1;MTDH;PRKD1;HMOX1;ULK2;SLC25A5;HIF1A;UBE2A;RAB3GAP1;SNX7;ADRB2;SQSTM1;SUPT5H	TUB	GO_BP	no_proc_ieg	10347
GOBP_CONNECTIVE_TISSUE_DEVELOPMENT	0.8173280835429569	0.8742586002372479	0.9080896575946633	21/216	COL3A1;SMAD1;TIMP1;COL1A1;TGFBI;DDRGK1;ITGB3;LIPA;SATB2;CRIP1;CD44;SLC26A2;SPTLC2;RB1;EXT1;MATN3;ITGB8;PPARG;FGF2;MGP;RUNX2	TUB	GO_BP	no_proc_ieg	10347
GOBP_CELLULAR_RESPONSE_TO_OXIDATIVE_STRESS	0.8165785211562562	0.8450363196125908	0.9089524493538181	49/172	GPX7;PPIF;ECT2;ARL6IP5;EZH2;NFE2L2;FXN;CDK1;PRR5L;ERMP1;MYB;CD36;ABCC1;PCNA;GLRX2;MMP2;ABL1;ALOX5;STK24;PARP1;STX2;KEAP1;STAU2;MET;MAPK13;BECN1;FUT8;PRKD1;RPS3;RWDD1;SOD2;G6PD;HIF1A;ARNT;MAPK1;PTPRK;RACK1;PRDX2;EDNRA;PDCD10;ATM;STK26;OSER1;FANCC;NQO1;CYP1B1;SIRPA;MAPK7;VRK2	TUB	GO_BP	no_proc_ieg	10347
GOBP_NEGATIVE_REGULATION_OF_T_CELL_DIFFERENTIATION	0.8159154126485395	0.7406855439642325	0.9096925739382331	11/34	ANXA1;HLX;ASCL2;MDK;FGL2;CD74;RUNX3;SOCS1;SOCS5;CBFB;PRDX2	TUB	GO_BP	no_proc_ieg	10347
GOBP_PROTON_TRANSMEMBRANE_TRANSPORT	0.8154829149128906	0.792156862745098	0.9099952485513366	11/88	PPIF;ATP5MF;UCP2;TESC;SLC2A10;ATP6V0E1;COX5A;ATP6V0A2;ANTKMT;ATP6V0C;CLCN3	TUB	GO_BP	no_proc_ieg	10347
GOBP_RESPONSE_TO_NICOTINE	0.8151306427158447	0.7650429799426934	0.9101867365570999	3/42	VCAM1;NFKB1;B2M	TUB	GO_BP	no_proc_ieg	10347
GOBP_FEMALE_GAMETE_GENERATION	0.8148683779796503	0.8438709677419355	0.9102113161572235	21/101	HEXB;AURKA;PTEN;NDC80;TDRD7;MARF1;CDC25B;TOP2A;TNFAIP6;ASPM;TTK;MMP2;MLH1;MDK;PANX1;METTL3;ORC4;REC8;FBXO5;WASHC5;TDRKH	TUB	GO_BP	no_proc_ieg	10347
GOBP_NEUTRAL_LIPID_BIOSYNTHETIC_PROCESS	0.8148658004736495	0.7279752704791345	0.9097674092239121	6/30	AGPAT2;SCARB1;LPGAT1;C3;PLA2G15;PLA2G4A	TUB	GO_BP	no_proc_ieg	10347
GOBP_POSITIVE_REGULATION_OF_B_CELL_PROLIFERATION	0.8143182064243741	0.7458893871449925	0.9102632177276581	8/31	CD38;NCKAP1L;TICAM1;IL7;VAV3;CD40;MEF2C;CD74	TUB	GO_BP	no_proc_ieg	10347
GOBP_NEGATIVE_REGULATION_OF_GROWTH	0.8142006859571047	0.8773234200743495	0.9100377789460322	43/175	CITED2;WWC1;TMPRSS4;SOX17;CRLF3;SERPINE2;VGLL4;FXN;PSRC1;PTEN;BRCA1;EPHA7;RB1;SERTAD2;PLAC8;MUL1;MSX1;NDUFA13;MAPK11;ADRB1;NRP1;SPP1;PPT1;NME6;STK4;CCN3;RBBP7;TOMM70;CDKN1B;DUSP10;HYAL2;CRYAB;ULK2;SIPA1;CGRRF1;EI24;G6PD;RYK;HIF1A;BMPR2;DAB2;FGF13;RACK1	TUB	GO_BP	no_proc_ieg	10347
GOBP_AXON_DEVELOPMENT	0.8140607479154982	0.9065934065934066	0.9098228736310372	39/373	ENAH;FLOT1;EFNA4;PLXNA1;FN1;TSPO;B4GALT5;ITGA4;FLRT3;DDR1;EFNB2;VASH2;TIAM1;S100A6;PTEN;CTNNA1;CYFIP1;EPHA7;YTHDF1;SPAST;CDH11;EXT1;GPM6B;ACTG1;PSEN1;PLXNB2;PAK2;ADNP;SHTN1;COBL;GRN;CDKL5;PLXNC1;MAP1S;UCHL1;TNC;MMP2;ABL1;XK	TUB	GO_BP	no_proc_ieg	10347
GOBP_ARF_PROTEIN_SIGNAL_TRANSDUCTION	0.8137897272463978	0.7320261437908496	0.9098606891291621	2/17	MAP4K4;GIT2	TUB	GO_BP	no_proc_ieg	10347
GOBP_LIPOPROTEIN_LOCALIZATION	0.8130930284055863	0.7022653721682848	0.9106336155803509	2/16	CD36;PPARG	TUB	GO_BP	no_proc_ieg	10347
GOBP_POSITIVE_REGULATION_OF_MONOATOMIC_ION_TRANSMEMBRANE_TRANSPORT	0.8128285510596076	0.8455497382198953	0.9106578910349098	16/109	CTSS;TESC;BAX;CXCL9;MS4A1;SRI;CACNB3;AKAP5;CAV1;CCR2;STK39;CX3CL1;CXCL11;ABL1;P2RY6;ANTKMT	TUB	GO_BP	no_proc_ieg	10347
GOBP_MITOCHONDRIAL_GENE_EXPRESSION	0.8128089179088842	0.8201811125485123	0.9102447615618173	34/97	DAP3;MRPL33;PUS1;MRPS17;YARS2;LARS2;MRPS30;ELAC2;MRPS27;MRPL18;FASTKD5;MTRF1;GARS1;COA3;MRPL42;MRPL17;METTL4;MTPAP;MRPS18C;THAP11;HARS1;MRPL44;NGRN;MRPS16;MRPL20;HSD17B10;MTIF2;MRPL22;C1QBP;MRPL15;MTERF3;FASTKD1;MRPL39;IARS2	TUB	GO_BP	no_proc_ieg	10347
GOBP_MEMORY	0.8126070969732622	0.8430851063829787	0.9101476390993085	16/94	CX3CR1;PLK2;SYT11;SERPINF1;ITPR3;YTHDF1;NTAN1;PSEN1;ADNP;TUBA1A;OXTR;VLDLR;MDK;ITGA3;BRINP1;RELN	TUB	GO_BP	no_proc_ieg	10347
GOBP_CARDIOCYTE_DIFFERENTIATION	0.8119972491954343	0.8424479166666666	0.910800673689838	33/113	CITED2;VCAM1;SOX17;MAML1;EFNB2;CDK1;MYH6;CBY1;SPRY1;SORBS2;IFT20;TWIST1;KCNJ8;MEF2C;TOMM70;HEY2;TBX3;ATG5;CXADR;PDCD4;BMP2;G6PD;ENG;SOX18;MAPK1;EDNRA;PDLIM5;MEF2A;PITX2;FZD7;ACVR1;ZMPSTE24;MEIS1	TUB	GO_BP	no_proc_ieg	10347
GOBP_POSITIVE_REGULATION_OF_ORGAN_GROWTH	0.811966669004062	0.7256371814092953	0.9104123711798645	7/37	BASP1;CDK1;HLX;FGF2;IL7;MEF2C;HEY2	TUB	GO_BP	no_proc_ieg	10347
GOBP_SULFUR_COMPOUND_CATABOLIC_PROCESS	0.8117142017958182	0.7428115015974441	0.9103872073664643	8/29	HEXB;GLB1;SGSH;GUSB;GNS;HPSE;DPEP2;BLMH	TUB	GO_BP	no_proc_ieg	10347
GOBP_ETHER_METABOLIC_PROCESS	0.8115787662209882	0.7046875	0.910180078113261	5/19	PLA2G4C;ALOX5;AGPS;PLA2G7;PLA2G4A	TUB	GO_BP	no_proc_ieg	10347
GOBP_ANGIOGENESIS_INVOLVED_IN_WOUND_HEALING	0.8110495271165776	0.7488226059654631	0.9106713716241203	5/23	ITGB3;PRCP;CX3CL1;ALOX5;HPSE	TUB	GO_BP	no_proc_ieg	10347
GOBP_MACROMOLECULE_METHYLATION	0.8104211320659999	0.8013605442176871	0.9113127617617562	36/73	CARM1;SNRPB;METTL18;SNRPF;SMYD2;ANTKMT;MRM2;METTL3;SNRPD2;ICMT;LCMT2;TRMT1L;TRDMT1;FTSJ3;SETD4;WDR4;DIMT1;TRMT9B;SNRPD1;THUMPD2;PCMT1;HSD17B10;PRMT5;SNRPD3;METTL5;FBL;NDUFAF7;MRM3;VCPKMT;NSUN3;MEPCE;SETD2;RBM15;LCMT1;TRMT112;TARBP1	TUB	GO_BP	no_proc_ieg	10347
GOBP_AXONAL_FASCICULATION	0.8089093480330016	0.7006472491909385	0.9135065569405957	3/16	CASP3;NRCAM;NRP1	TUB	GO_BP	no_proc_ieg	10347
GOBP_POSITIVE_REGULATION_OF_MUSCLE_TISSUE_DEVELOPMENT	0.808753802180964	0.7434640522875817	0.9133439488719539	3/18	FLOT1;MRTFB;MEF2C	TUB	GO_BP	no_proc_ieg	10347
GOBP_REGULATION_OF_RECEPTOR_RECYCLING	0.80842335942587	0.7160883280757098	0.9134999023728972	8/21	PSEN1;TRAT1;ANXA2;NSG1;NSF;SCRIB;RAB29;INPP5F	TUB	GO_BP	no_proc_ieg	10347
GOBP_PROTEIN_ACETYLATION	0.8076855424056064	0.7511380880121397	0.9142912670969829	5/39	DSCC1;NAA10;NAA35;GTF2B;NAT10	TUB	GO_BP	no_proc_ieg	10347
GOBP_SKELETAL_MUSCLE_CELL_DIFFERENTIATION	0.8069957562864869	0.7732732732732732	0.9150111719645416	4/44	CITED2;PPIF;RB1;NR1D2	TUB	GO_BP	no_proc_ieg	10347
GOBP_MAINTENANCE_OF_PROTEIN_LOCALIZATION_IN_ORGANELLE	0.8069803890221969	0.7634408602150538	0.9145929611952357	2/32	KDELR2;TSPO	TUB	GO_BP	no_proc_ieg	10347
GOBP_OSSIFICATION	0.8064702164567307	0.9257990867579908	0.915003062464269	46/304	IFITM1;SMAD1;COL1A1;RRBP1;ISG15;COL1A2;SATB2;RASSF2;SLC26A2;RHOA;FZD1;CLIC1;VEGFC;VCAN;CCR1;CYP24A1;CDH11;EXT1;GPM6B;PPARG;FGF2;MINPP1;GTPBP4;MGP;RUNX2;ADAR;S1PR1;TNFAIP6;TNC;MMP2;ALOX5;MAPK11;TRPM4;TMCO1;BMP2K;ASF1A;BCAP29;COL5A2;SND1;MDK;SPP1;EXT2;TWIST1;RIOX1;LTF;CEBPA	TUB	GO_BP	no_proc_ieg	10347
GOBP_NEGATIVE_REGULATION_OF_PHOSPHATIDYLINOSITOL_3_KINASE_PROTEIN_KINASE_B_SIGNAL_TRANSDUCTION	0.8055735126425191	0.7659883720930233	0.9161186002835939	8/44	SERPINE2;PTEN;PIK3IP1;BANK1;BTN2A2;MUL1;RUBCN;TWIST1	TUB	GO_BP	no_proc_ieg	10347
GOBP_CELLULAR_RESPONSE_TO_CARBOHYDRATE_STIMULUS	0.804849740413261	0.8421733505821475	0.916905832282911	16/111	COL1A1;HLA-DRB1;UCP2;SERPINF1;TIAM1;SRI;COLEC12;DYNLL1;ADRA2A;NADK;NR1D1;TRPM4;CPB2;MAPK13;CALCRL;SOX4	TUB	GO_BP	no_proc_ieg	10347
GOBP_SKELETAL_MUSCLE_TISSUE_REGENERATION	0.8046598857876115	0.771689497716895	0.9167797791055505	3/28	HOPX;EZH2;ANXA1	TUB	GO_BP	no_proc_ieg	10347
GOBP_INTRINSIC_APOPTOTIC_SIGNALING_PATHWAY_IN_RESPONSE_TO_OXIDATIVE_STRESS	0.8043949970366323	0.7824143070044709	0.9167744075087797	19/49	ARL6IP5;NFE2L2;P4HB;FZD1;MMP2;MELK;STK24;PARP1;DIABLO;PDK1;NME5;SOD2;HIF1A;RACK1;VNN1;PDCD10;CYP1B1;MAPK7;PARK7	TUB	GO_BP	no_proc_ieg	10347
GOBP_POSITIVE_REGULATION_OF_CILIUM_ASSEMBLY	0.8039958811668826	0.7542503863987635	0.9170086511037394	5/22	MNS1;WRAP73;IFT20;CCDC88A;ASAP1	TUB	GO_BP	no_proc_ieg	10347
GOBP_NEGATIVE_REGULATION_OF_PROTEIN_CONTAINING_COMPLEX_ASSEMBLY	0.8031523830706143	0.839622641509434	0.917993573677068	22/99	CLU;TMSB10;DACT1;CAPG;FLII;CARD8;CDH5;VPS35;PFN1;ANKRD27;IAPP;TMSB15A;TMOD3;CSNK1A1;CAPZB;STXBP1;CAPZA2;CRYAB;CLDN7;EPS8;BIRC2;KIF14	TUB	GO_BP	no_proc_ieg	10347
GOBP_COPII_COATED_VESICLE_BUDDING	0.8029318740353775	0.7555555555555555	0.9179311324200663	9/28	TMED10;CSNK1D;TRAPPC2;TFG;SEC24D;SEC16A;SEC23A;SCAP;KLHL12	TUB	GO_BP	no_proc_ieg	10347
GOBP_RRNA_TRANSCRIPTION	0.8028187038530431	0.7729323308270677	0.917692430145509	5/30	GTF3C4;MACROH2A1;MACROH2A2;NOL11;CAVIN1	TUB	GO_BP	no_proc_ieg	10347
GOBP_REGULATION_OF_SPINDLE_ASSEMBLY	0.8025621635199746	0.7347611202635914	0.9176750642970496	2/17	VPS4B;GPSM2	TUB	GO_BP	no_proc_ieg	10347
GOBP_KERATINOCYTE_MIGRATION	0.7998890841880373	0.7362459546925566	0.9217734419914081	3/16	MAP4K4;PTEN;FERMT1	TUB	GO_BP	no_proc_ieg	10347
GOBP_REGULATION_OF_FILOPODIUM_ASSEMBLY	0.7998824498796633	0.7794561933534743	0.9213354385246179	15/37	GPM6A;FSCN1;NRP1;ARHGAP44;ABITRAM;AGRN;STAU2;CAPZB;CCR7;NLGN1;FMR1;DPYSL3;CLN3;RALA;CCL21	TUB	GO_BP	no_proc_ieg	10347
GOBP_REGULATION_OF_CARDIOCYTE_DIFFERENTIATION	0.7994943578306356	0.7793880837359098	0.9215384997520522	2/18	SOX17;EFNB2	TUB	GO_BP	no_proc_ieg	10347
GOBP_REGULATION_OF_EXTRINSIC_APOPTOTIC_SIGNALING_PATHWAY_IN_ABSENCE_OF_LIGAND	0.7993548031917844	0.7731958762886598	0.9213327906150162	5/32	SRPX;CTNNA1;IFI6;CX3CL1;IL7	TUB	GO_BP	no_proc_ieg	10347
GOBP_UBIQUITIN_DEPENDENT_PROTEIN_CATABOLIC_PROCESS_VIA_THE_MULTIVESICULAR_BODY_SORTING_PATHWAY	0.7992800764405262	0.7452229299363057	0.9210160734548152	3/21	VPS4B;UBAP1;VPS28	TUB	GO_BP	no_proc_ieg	10347
GOBP_PIGMENT_METABOLIC_PROCESS	0.7983242943628699	0.8031837916063675	0.922217069747593	15/56	ZEB2;TSPO;CDH3;FXN;GPR143;ABCC1;BLVRA;RAB38;COX10;ATP5IF1;OPN3;SLCO1B1;SRRD;HMOX1;SLCO2B1	TUB	GO_BP	no_proc_ieg	10347
GOBP_GLUCAN_BIOSYNTHETIC_PROCESS	0.7982466603728481	0.7791411042944786	0.9219057631069223	2/30	DYRK2;PPP1R3C	TUB	GO_BP	no_proc_ieg	10347
GOBP_NEGATIVE_REGULATION_OF_CD4_POSITIVE_ALPHA_BETA_T_CELL_DIFFERENTIATION	0.7974810778893281	0.7361563517915309	0.9227144326109473	6/16	ANXA1;HLX;ASCL2;RUNX3;SOCS5;CBFB	TUB	GO_BP	no_proc_ieg	10347
GOBP_INTRACELLULAR_STEROL_TRANSPORT	0.7968738837109064	0.7255216693418941	0.9232676365688858	5/18	ABCA1;LDLRAP1;ANXA2;PIP4K2A;VPS54	TUB	GO_BP	no_proc_ieg	10347
GOBP_LIPID_DIGESTION	0.7957643684567167	0.7372881355932204	0.9246116064590574	2/15	LPCAT3;CD36	TUB	GO_BP	no_proc_ieg	10347
GOBP_AMINO_SUGAR_METABOLIC_PROCESS	0.7955877277815055	0.7961019490254873	0.924457100092526	2/32	NAGK;DPAGT1	TUB	GO_BP	no_proc_ieg	10347
GOBP_NEGATIVE_REGULATION_OF_ACTIN_FILAMENT_POLYMERIZATION	0.7943001154337725	0.7690058479532164	0.9261155963039517	9/40	TMSB10;CAPG;FLII;PFN1;TMSB15A;TMOD3;CAPZB;CAPZA2;EPS8	TUB	GO_BP	no_proc_ieg	10347
GOBP_XENOBIOTIC_TRANSPORT	0.7938799984839465	0.7745241581259151	0.9263162897995519	4/35	CLDN1;ABCA3;ABCC1;ABCC3	TUB	GO_BP	no_proc_ieg	10347
GOBP_MEGAKARYOCYTE_DIFFERENTIATION	0.7920835471668055	0.7991137370753324	0.9287786026410124	5/40	TESC;GABPA;ABI1;MYB;PTPN6	TUB	GO_BP	no_proc_ieg	10347
GOBP_CELL_RECOGNITION	0.7920280744570362	0.8646517739816032	0.9284240036107646	22/103	SPON2;SCARB1;PCDH12;VCAN;COLEC12;EXT1;CLGN;CD36;CCL19;DOCK2;ALDOA;CASP3;NRCAM;NRP1;PECAM1;SPA17;CCT4;CRTAM;FOLR2;CCT7;CFP;CD81	TUB	GO_BP	no_proc_ieg	10347
GOBP_AXONEME_ASSEMBLY	0.7916944380257176	0.8052147239263804	0.9285209385528048	7/42	MNS1;TTLL1;CEP131;TOGARAM1;LRRC61;IFT56;SPAG1	TUB	GO_BP	no_proc_ieg	10347
GOBP_POSITIVE_REGULATION_OF_CELL_DIVISION	0.7908255036689784	0.8296398891966759	0.9294761462831592	11/70	ECT2;NUP62;RHOA;VEGFC;SPAST;AURKB;CDC25B;FGF2;PPBP;ITGB1BP1;MDK	TUB	GO_BP	no_proc_ieg	10347
GOBP_VENTRICULAR_SYSTEM_DEVELOPMENT	0.7897684875470136	0.7830188679245284	0.9307344549417708	8/18	RPGRIP1L;CENPF;NME5;CELSR2;BBS4;CORO1C;NUMB;MNAT1	TUB	GO_BP	no_proc_ieg	10347
GOBP_CELL_CELL_ADHESION_MEDIATED_BY_CADHERIN	0.7891704969999995	0.8034321372854915	0.9312302623116877	5/36	FLOT1;CDH3;CDH11;CDH5;CDH6	TUB	GO_BP	no_proc_ieg	10347
GOBP_COCHLEA_DEVELOPMENT	0.7890765194250658	0.7888563049853372	0.9309298521714129	6/36	CCNA2;MCM2;HOXA1;IFT20;RPGRIP1L;ADAM10	TUB	GO_BP	no_proc_ieg	10347
GOBP_RESPONSE_TO_ETHANOL	0.7884339117693439	0.8794416243654822	0.9315230776977014	7/103	CLDN1;CASP8;RGS19;VCAM1;CYBB;MYD88;CDK1	TUB	GO_BP	no_proc_ieg	10347
GOBP_DITERPENOID_METABOLIC_PROCESS	0.7882793843004002	0.8351800554016621	0.9312951276971162	4/59	AKR1B1;ALDH1A3;RBP1;LIPA	TUB	GO_BP	no_proc_ieg	10347
GOBP_VENTRICULAR_SEPTUM_MORPHOGENESIS	0.788205528951825	0.78419452887538	0.9309621827326644	8/35	CITED2;FZD1;SOX4;HEY2;NSD2;TBX3;TGFBR2;BMPR2	TUB	GO_BP	no_proc_ieg	10347
GOBP_PHOSPHATIDYLINOSITOL_METABOLIC_PROCESS	0.7876676034083362	0.8596026490066225	0.9313414681121626	31/107	PIK3R3;CDIPT;PTEN;LPGAT1;PIK3CG;INPP5D;PIGT;MTMR2;DPM3;INPP4B;INPP1;BECN1;CDS1;PIP4K2A;PLCB4;HTR2B;IP6K1;SOCS1;EFR3A;PIGB;SOCS5;PLCH1;SLC30A5;SMG1;ATM;PIGN;FIG4;SYNJ1;INPP5F;GPAA1;PIP5K1C	TUB	GO_BP	no_proc_ieg	10347
GOBP_BIOLOGICAL_PROCESS_INVOLVED_IN_INTRASPECIES_INTERACTION_BETWEEN_ORGANISMS	0.7876072333337942	0.7950581395348837	0.9309983091400508	7/44	CX3CR1;PTEN;EXT1;OXTR;BRINP1;LTF;NLGN4X	TUB	GO_BP	no_proc_ieg	10347
GOBP_ALPHA_BETA_T_CELL_PROLIFERATION	0.7875489718333283	0.7862595419847328	0.9306317260652573	8/31	HLA-A;IL15;CCR2;TNFRSF14;DOCK2;IL18;HLA-E;EBI3	TUB	GO_BP	no_proc_ieg	10347
GOBP_PROTEIN_MONOUBIQUITINATION	0.7871104982960649	0.7925925925925926	0.9308709125269213	13/32	TRIM21;DTL;OBI1;RBX1;TRIM25;FANCL;CBL;BIRC2;WDR48;CUL1;KLHL12;TRIM37;MSL2	TUB	GO_BP	no_proc_ieg	10347
GOBP_KERATAN_SULFATE_METABOLIC_PROCESS	0.7869557825043395	0.7553017944535073	0.9306599028161365	4/15	GLB1;B4GALT4;GNS;ST3GAL2	TUB	GO_BP	no_proc_ieg	10347
GOBP_SECONDARY_METABOLIC_PROCESS	0.7866840544349433	0.8008720930232558	0.9306301817612973	4/44	AKR1B1;ZEB2;NFE2L2;CDH3	TUB	GO_BP	no_proc_ieg	10347
GOBP_RESPONSE_TO_REACTIVE_OXYGEN_SPECIES	0.7865008136342992	0.9035846724351051	0.9304523154775872	42/147	PPIF;ECT2;COL1A1;UCP2;EZH2;NFE2L2;FXN;CDK1;MYB;HBB;CD36;PCNA;GLRX2;MMP2;ABL1;CASP3;GSTP1;MET;MAPK13;CRK;BECN1;HYAL2;CAPN2;NUDT15;CRYAB;RLIG1;HMOX1;RPS3;SOD2;HIF1A;MAPK1;PTPRK;RACK1;PRDX2;PDCD10;ATM;OSER1;FANCC;NQO1;CYP1B1;SIRPA;MAPK7	TUB	GO_BP	no_proc_ieg	10347
GOBP_NEGATIVE_REGULATION_OF_BONE_MINERALIZATION	0.7864759223297408	0.7444633730834753	0.9300458575572538	2/15	CCR1;TRPM4	TUB	GO_BP	no_proc_ieg	10347
GOBP_VASCULAR_ASSOCIATED_SMOOTH_MUSCLE_CELL_PROLIFERATION	0.7851731726101284	0.8126721763085399	0.9316252385815336	15/53	DNMT1;PTEN;PPARG;FGF2;MMP2;P2RY6;LDLRAP1;MEF2C;CALCRL;GNA12;RBM10;CDKN1B;PDCD4;GNAI2;SOD2	TUB	GO_BP	no_proc_ieg	10347
GOBP_POSITIVE_REGULATION_OF_MACROAUTOPHAGY	0.7848056370694388	0.8380681818181818	0.9317580978630329	19/62	DDRGK1;SPTLC2;GNAI3;SH3GLB1;FYCO1;AMBRA1;HSPB8;NOD2;BECN1;PIP4K2A;RALB;HMOX1;SLC25A5;HIF1A;UBE2A;RAB3GAP1;SNX7;ADRB2;SUPT5H	TUB	GO_BP	no_proc_ieg	10347
GOBP_MICROTUBULE_BASED_MOVEMENT	0.7824989320034023	0.9348837209302325	0.934839539317927	31/225	CILK1;PLTP;DYNLT1;KPNB1;MNS1;DLGAP5;KIF11;HSBP1;SPAST;TTLL1;DYNLL1;RASGRP1;CENPE;TUBA1A;FYCO1;APC;MAP1S;IFT52;CEP131;UCHL1;IFT56;CFAP20;IFT20;KIF20A;VDAC3;RAB27B;LZTFL1;KIF2A;KIF18A;KIF4A;INTS13	TUB	GO_BP	no_proc_ieg	10347
GOBP_MATURATION_OF_5_8S_RRNA	0.7822663703352292	0.7885532591414944	0.9347542374311398	10/26	RPP40;EXOSC10;WDR12;PES1;MTREX;MAK16;FTSJ3;MPHOSPH6;RPF1;EXOSC8	TUB	GO_BP	no_proc_ieg	10347
GOBP_CELLULAR_RESPONSE_TO_REACTIVE_OXYGEN_SPECIES	0.7820477079657517	0.8810126582278481	0.9346426494071961	12/110	PPIF;ECT2;EZH2;NFE2L2;FXN;CDK1;MYB;CD36;PCNA;GLRX2;MMP2;ABL1	TUB	GO_BP	no_proc_ieg	10347
GOBP_POSITIVE_REGULATION_OF_DNA_BINDING_TRANSCRIPTION_FACTOR_ACTIVITY	0.7818379443515914	0.9072289156626506	0.9344961793378525	32/159	PYCARD;CLU;HDAC4;DDRGK1;ANXA3;MYD88;NPM1;TRIM21;FZD1;PTEN;TRIM22;PPARG;PRKCH;TRIM25;IL18R1;IL18;ARHGEF5;CD40;BUD31;LTF;NOD2;TRIM27;ROR1;TRIM68;ZBTB7A;PSMA6;TRIM14;MTDH;PRKD1;RPS3;BMP2;S100A9	TUB	GO_BP	no_proc_ieg	10347
GOBP_CELL_SURFACE_RECEPTOR_SIGNALING_PATHWAY_VIA_STAT	0.7817350579350649	0.8745387453874539	0.934205419816361	12/122	IFNAR1;CCL5;NF2;IL10RA;CRLF3;NMI;HCLS1;CD300A;PPARG;IL15;CAV1;CCR2	TUB	GO_BP	no_proc_ieg	10347
GOBP_REGULATION_OF_ERBB_SIGNALING_PATHWAY	0.78172278309112	0.820627802690583	0.9337742088728126	16/48	NUP62;MVP;AGR2;IFI6;ADRA2A;CCDC88A;RALB;CBL;PTPN12;SOCS5;RAB7A;AGT;RALA;SOS1;PTPRJ;MMP9	TUB	GO_BP	no_proc_ieg	10347
GOBP_PROTEIN_KINASE_C_SIGNALING	0.7811559124724896	0.7786499215070644	0.9341873781279285	7/27	FLOT1;ADGRG1;PRKCH;CD40;SEZ6L2;HTR2B;AKAP12	TUB	GO_BP	no_proc_ieg	10347
GOBP_REGULATION_OF_EPITHELIAL_TO_MESENCHYMAL_TRANSITION	0.7810903025597173	0.8542234332425068	0.9338504673447945	22/76	COL1A1;EZH2;TIAM1;PTEN;ALX1;SPRY1;MDK;TWIST1;TGFB1I1;PHLDB1;SDCBP;LDLRAD4;ELL3;PTK2;ZNF750;BMP2;BAMBI;EMP2;ENG;TGFBR2;GATA3;DAB2	TUB	GO_BP	no_proc_ieg	10347
GOBP_OUTFLOW_TRACT_MORPHOGENESIS	0.7809587077734255	0.8518518518518519	0.9336081667995031	19/63	CITED2;SOX17;FZD1;CRKL;NRP1;NPY5R;TWIST1;MEF2C;HEY2;TBX3;ENG;HIF1A;SOX18;TGFBR2;BMPR2;EDNRA;SEC24B;PITX2;ACVR1	TUB	GO_BP	no_proc_ieg	10347
GOBP_REGULATION_OF_FIBROBLAST_GROWTH_FACTOR_RECEPTOR_SIGNALING_PATHWAY	0.7809566055000319	0.7779605263157895	0.9331680923783908	5/19	THBS1;FGF2;RUNX2;SPRY1;NPTN	TUB	GO_BP	no_proc_ieg	10347
GOBP_MAMMARY_GLAND_DEVELOPMENT	0.7808923194736008	0.8764629388816645	0.9328176546066691	24/102	NME1;NFKB1;PERP;DDR1;BAX;FGF2;OXTR;CAV1;HOXB9;MSX1;OAS2;KDM5B;NR3C1;CAPN1;CCL11;MED1;TBX3;ITGA2;HIF1A;TGFBR2;MAPK1;GATA3;DEAF1;SCRIB	TUB	GO_BP	no_proc_ieg	10347
GOBP_RESPONSE_TO_COLD	0.7807929585924694	0.7962085308056872	0.9325037634429749	5/31	UCP2;LIPA;PLAC8;ADRB1;RNF34	TUB	GO_BP	no_proc_ieg	10347
GOBP_MAMMARY_GLAND_EPITHELIAL_CELL_PROLIFERATION	0.7792092804441484	0.7803660565723793	0.9344293634238435	11/19	BAX;KDM5B;MED1;MAPK1;GATA3;DEAF1;PHB2;HOXA5;BRCA2;CCND1;ROBO1	TUB	GO_BP	no_proc_ieg	10347
GOBP_NEGATIVE_REGULATION_OF_PROTEOLYSIS_INVOLVED_IN_PROTEIN_CATABOLIC_PROCESS	0.7786331184291218	0.8216833095577746	0.9348141661949614	21/45	DDRGK1;PBK;USP14;PSEN1;LAMP3;TAF9;CAMLG;RPL23;PARK7;PHF20L1;N4BP1;BAG5;PSMF1;PSME3IP1;WAC;CSNK2A2;HIPK2;GABARAPL2;EIF3H;MARCHF7;MTM1	TUB	GO_BP	no_proc_ieg	10347
GOBP_REGULATION_OF_SYNAPTIC_PLASTICITY	0.7781604506080723	0.8920953575909661	0.9350711328994685	13/150	TYROBP;CDC20;DBN1;CX3CR1;PLK2;YWHAH;SERPINE2;STX3;ITPR3;YTHDF1;CD38;PSEN1;AKAP5	TUB	GO_BP	no_proc_ieg	10347
GOBP_NUCLEAR_TRANSCRIBED_MRNA_CATABOLIC_PROCESS_DEADENYLATION_DEPENDENT_DECAY	0.7779051567194005	0.8069908814589666	0.9349908057666195	9/30	POLR2G;CNOT8;DCP2;MLH1;EIF4ENIF1;SAMD4A;CNOT3;CNOT2;CNOT6	TUB	GO_BP	no_proc_ieg	10347
GOBP_STEROID_CATABOLIC_PROCESS	0.777339874588479	0.7874015748031497	0.9353964715353628	6/22	YWHAH;SCARB1;CYP24A1;HSD17B6;SPP1;SULT1E1	TUB	GO_BP	no_proc_ieg	10347
GOBP_PYRIMIDINE_NUCLEOBASE_METABOLIC_PROCESS	0.7770931847860846	0.801948051948052	0.9353129066829412	8/19	TYMP;CMPK1;DPYSL2;RRM1;TYMS;MAPK1;CTPS2;DPYSL3	TUB	GO_BP	no_proc_ieg	10347
GOBP_REGULATION_OF_CELLULAR_RESPONSE_TO_HYPOXIA	0.7769789450968342	0.7687296416938111	0.935048953953197	2/15	NFE2L2;HYOU1	TUB	GO_BP	no_proc_ieg	10347
GOBP_LIMBIC_SYSTEM_DEVELOPMENT	0.7764025393662471	0.8746770025839793	0.9354174886859146	10/100	PLXNA1;NF2;ALDH1A3;EZH2;ANXA3;BAX;PTEN;HDAC1;CRKL;TUBA1A	TUB	GO_BP	no_proc_ieg	10347
GOBP_MATERNAL_PLACENTA_DEVELOPMENT	0.7747848156291607	0.7741935483870968	0.9372695125839464	2/27	CITED2;NR2F2	TUB	GO_BP	no_proc_ieg	10347
GOBP_NEGATIVE_REGULATION_OF_FATTY_ACID_BIOSYNTHETIC_PROCESS	0.7747163098459277	0.7622950819672131	0.93692571606955	2/17	APOC1;BRCA1	TUB	GO_BP	no_proc_ieg	10347
GOBP_CELLULAR_RESPONSE_TO_INSULIN_STIMULUS	0.7747052558960852	0.9158415841584159	0.936502989332925	19/150	PIK3R3;UCP2;PTPRE;SHC1;CAV2;NCK1;RAB31;CYFIP1;RB1;PPARG;RBX1;APC;PKM;CTSD;GRB2;ZDHHC7;HRAS;PARP1;RAB8A	TUB	GO_BP	no_proc_ieg	10347
GOBP_BLOOD_COAGULATION_FIBRIN_CLOT_FORMATION	0.7745788127061192	0.7807757166947723	0.9362471997167165	2/15	ITGB3;F13A1	TUB	GO_BP	no_proc_ieg	10347
GOBP_CELLULAR_RESPONSE_TO_RETINOIC_ACID	0.7737846510402706	0.829817158931083	0.9369476657116335	7/55	COL1A1;ABCA1;TESC;SERPINF1;MYB;TNC;NDUFA13	TUB	GO_BP	no_proc_ieg	10347
GOBP_COLLAGEN_CATABOLIC_PROCESS	0.773539378815072	0.808199121522694	0.9368618854037143	8/36	CTSS;MMP7;MMP1;MMP2;RETREG2;ADAMTS3;FAP;CST3	TUB	GO_BP	no_proc_ieg	10347
GOBP_REGULATION_OF_TRIGLYCERIDE_METABOLIC_PROCESS	0.7717089764538263	0.7779503105590062	0.9390536216552661	4/28	SCARB1;PANK2;PIK3CG;C3	TUB	GO_BP	no_proc_ieg	10347
GOBP_NEGATIVE_REGULATION_OF_COLD_INDUCED_THERMOGENESIS	0.7715627269545742	0.8385093167701864	0.9388245159219818	14/41	ADAMTS5;RB1;IL15;NOVA1;IL18R1;NR1D1;ALDH1A1;LAMA4;PLCL2;IP6K1;TLE3;ID1;LNPEP;TLR4	TUB	GO_BP	no_proc_ieg	10347
GOBP_RESPONSE_TO_HYPEROXIA	0.7714585115125732	0.77	0.9385426394482638	3/16	COL1A1;CAV1;MMP2	TUB	GO_BP	no_proc_ieg	10347
GOBP_POSITIVE_REGULATION_OF_TRANSMEMBRANE_TRANSPORT	0.7698458810405365	0.9166666666666666	0.9403067906016961	19/151	CTSS;TESC;NFE2L2;BAX;CXCL9;MS4A1;ACSL5;SRI;CACNB3;C3;PSEN1;AKAP5;CAV1;CCR2;STK39;CX3CL1;CXCL11;ABL1;P2RY6	TUB	GO_BP	no_proc_ieg	10347
GOBP_REGULATION_OF_PHOSPHOPROTEIN_PHOSPHATASE_ACTIVITY	0.7683209821812144	0.8009049773755657	0.9419530878937826	11/28	CD300A;PPP1R14D;NCKAP1L;GNA12;PPP1R12A;PPP1R2;CALM2;TSC1;HSP90B1;TIPRL;HTT	TUB	GO_BP	no_proc_ieg	10347
GOBP_FATTY_ACID_TRANSPORT	0.7678967485703695	0.8671052631578947	0.9420979161382042	16/91	RBP1;THBS1;UCP2;SLC27A3;ACSL5;ANXA1;CD36;PPARG;SLCO2A1;FABP3;FABP4;KCNJ8;PLA2G4A;ABCC4;NMB;P2RX4	TUB	GO_BP	no_proc_ieg	10347
GOBP_MOTOR_BEHAVIOR	0.7674645831924664	0.7836990595611285	0.9422587431016831	5/18	EXT1;SGSH;TUBA1A;NR3C1;VPS54	TUB	GO_BP	no_proc_ieg	10347
GOBP_ANIMAL_ORGAN_FORMATION	0.7673388943774222	0.8588588588588588	0.942000553350338	7/53	CITED2;SOX17;SMARCD3;EXT1;FGF2;SPRY1;GNG5	TUB	GO_BP	no_proc_ieg	10347
GOBP_REGULATION_OF_CELL_SIZE	0.7667822711838901	0.9081885856079405	0.9423202345589918	20/139	FN1;RHOA;PTEN;CYFIP1;EPHA7;RAP1GAP2;CCDC51;ADNP;SHTN1;CDKL5;STK39;ABL1;XK;VAV1;CLCN3;NRCAM;NRP1;VAV3;SPP1;RAC1	TUB	GO_BP	no_proc_ieg	10347
GOBP_NEGATIVE_REGULATION_OF_LIPID_CATABOLIC_PROCESS	0.7662669548771072	0.801980198019802	0.9425769564438796	3/18	APOC1;PIK3CG;ADRA2A	TUB	GO_BP	no_proc_ieg	10347
GOBP_REGULATION_OF_LAMELLIPODIUM_ASSEMBLY	0.7659372320869141	0.8069620253164557	0.9426030502921826	6/26	ARPC2;CYFIP1;RAC2;FSCN1;RAC1;CAPZB	TUB	GO_BP	no_proc_ieg	10347
GOBP_ADRENAL_GLAND_DEVELOPMENT	0.765544521454913	0.7952755905511811	0.9427154182614913	2/25	CITED2;TSPO	TUB	GO_BP	no_proc_ieg	10347
GOBP_LEUKOCYTE_MIGRATION_INVOLVED_IN_INFLAMMATORY_RESPONSE	0.7649173735333304	0.7851500789889415	0.9431324892761316	7/18	CX3CL1;ALOX5;MDK;CCR6;S100A9;NINJ1;S100A8	TUB	GO_BP	no_proc_ieg	10347
GOBP_METHYLATION	0.7646475411432845	0.9003783102143758	0.9430434778570739	31/130	CARM1;EZH2;SNRPB;RRP8;DNMT1;METTL13;METTL18;SNRPF;NNMT;SMYD2;ANTKMT;MRM2;PRDM10;METTL3;SNRPD2;ICMT;LCMT2;SPOUT1;NSD2;TRMT1L;SUV39H2;TYMS;TRDMT1;NSD3;KMT2D;FTSJ3;SETD4;KMT5B;WDR4;METTL4;DIMT1	TUB	GO_BP	no_proc_ieg	10347
GOBP_NEGATIVE_REGULATION_OF_CYTOSKELETON_ORGANIZATION	0.764184848410945	0.9061277705345502	0.9432510353461901	20/108	TMSB10;NPM1;CAPG;BRCA1;FLII;SWAP70;PAK2;CDH5;APC;S1PR1;PFN1;TMSB15A;GMFB;MET;TPX2;TMOD3;MID1;GMFG;CAPZB;CAPZA2	TUB	GO_BP	no_proc_ieg	10347
GOBP_CELL_MORPHOGENESIS_INVOLVED_IN_NEURON_DIFFERENTIATION	0.7633950066435345	0.9741100323624595	0.9438997939452126	55/417	ENAH;GPRASP3;FLOT1;EFNA4;PLXNA1;DBN1;FN1;YWHAH;B4GALT5;ITGA4;TPBG;FLRT3;EFNB2;TIAM1;S100A6;PTEN;ABI1;CYFIP1;EPHA7;RB1;YTHDF1;SPAST;CDH11;EXT1;ACTG1;PSEN1;PLXNB2;PAK2;ADNP;SHTN1;COBL;CDKL5;PLXNC1;MAP1S;UCHL1;ABL1;XK;ANKRD27;PLS1;VLDLR;TMEM106B;NRCAM;NRP1;RAB8A;ARHGAP44;SDC2;ABITRAM;SPP1;RELN;RAC1;ANOS1;FZD3;STAU2;MEF2C;EIF4G2	TUB	GO_BP	no_proc_ieg	10347
GOBP_TORC1_SIGNALING	0.7632961076701892	0.8609929078014185	0.9435955299610094	4/56	RRAGC;PRKACB;UBE2D1;RBX1	TUB	GO_BP	no_proc_ieg	10347
GOBP_ISOPRENOID_METABOLIC_PROCESS	0.7622039749602346	0.884514435695538	0.9446020130567738	6/93	AKR1B1;ALDH1A3;RBP1;ALG9;DPAGT1;LIPA	TUB	GO_BP	no_proc_ieg	10347
GOBP_NEGATIVE_REGULATION_OF_PROTEIN_CONTAINING_COMPLEX_DISASSEMBLY	0.7615301063248006	0.8717948717948718	0.9450803165877303	15/60	CAPG;FLII;SWAP70;APC;SCAF8;RUBCN;TPX2;TMOD3;MID1;CAPZB;CAPZA2;EPS8;MID1IP1;FGF13;CKAP2	TUB	GO_BP	no_proc_ieg	10347
GOBP_L_GLUTAMATE_IMPORT_ACROSS_PLASMA_MEMBRANE	0.7613444594195231	0.7924836601307189	0.944875712657316	2/15	ARL6IP5;PSEN1	TUB	GO_BP	no_proc_ieg	10347
GOBP_LENS_DEVELOPMENT_IN_CAMERA_TYPE_EYE	0.7607306055970378	0.8613138686131386	0.9452804180856339	15/65	CITED2;NF2;VIM;TDRD7;FGF2;SPRY1;PLAAT1;KDM5B;CDKN1B;MED1;CRYAB;SHROOM2;TGFBR2;GATA3;SIX5	TUB	GO_BP	no_proc_ieg	10347
GOBP_NEGATIVE_REGULATION_OF_NF_KAPPAB_TRANSCRIPTION_FACTOR_ACTIVITY	0.7606657067982877	0.8519593613933236	0.9449241485681137	7/47	PYCARD;TRIM21;ZNF675;CARD8;ANXA4;CCDC22;LRRC14	TUB	GO_BP	no_proc_ieg	10347
GOBP_POSITIVE_REGULATION_OF_ERBB_SIGNALING_PATHWAY	0.7596081563927284	0.7996715927750411	0.9459018595502853	10/24	NUP62;AGR2;ADRA2A;CCDC88A;RALB;CBL;AGT;RALA;SOS1;MMP9	TUB	GO_BP	no_proc_ieg	10347
GOBP_REGULATION_OF_ATP_DEPENDENT_ACTIVITY	0.7590345551372498	0.8452554744525548	0.9462401573008897	14/42	PPIF;MYH6;PFN1;PLSCR1;LTF;ATP5IF1;POT1;MSH6;CHTOP;TPM2;DNAJC10;SSBP1;DNAJB2;TSC1	TUB	GO_BP	no_proc_ieg	10347
GOBP_SEGMENTATION	0.7584774896680677	0.8612303290414879	0.9465448070304894	9/67	BASP1;ABI1;TDRD7;PSEN1;COBL;MEOX2;POFUT1;TAF10;MLLT3	TUB	GO_BP	no_proc_ieg	10347
GOBP_CALCIUM_INDEPENDENT_CELL_CELL_ADHESION_VIA_PLASMA_MEMBRANE_CELL_ADHESION_MOLECULES	0.7582011044231168	0.8046875	0.9464769134106927	5/16	CLDN1;CX3CL1;CLDN3;CLDN7;BMP2	TUB	GO_BP	no_proc_ieg	10347
GOBP_DEVELOPMENTAL_GROWTH	0.7580551917998459	0.9830148619957537	0.9462252603692881	67/480	COL3A1;CITED2;SMAD1;WWC1;HOPX;PLXNA1;FN1;AURKA;EZH2;ITGA4;LEPR;PPIB;BASP1;FLRT3;DDR1;VGLL4;FXN;CDK1;TIAM1;PTEN;CHEK1;CYFIP1;ANXA1;EPHA7;EXT1;HLX;POSTN;MYH6;AGR2;ADNP;SHTN1;COBL;FGF2;PLAC8;CDKL5;SPRY1;S1PR1;SORBS2;RMI1;TNFAIP6;TNC;ASPM;TAF10;MUL1;ABL1;PLS1;NBN;MAPK11;IL7;ADRB1;IQGAP1;NRCAM;NRP1;ATF5;MEX3C;MDK;SGPL1;SPP1;AGRN;PPP1R13L;KDM5B;STK4;CCN3;KCNJ8;NLGN4X;MEF2C;EIF4G2	TUB	GO_BP	no_proc_ieg	10347
GOBP_MORPHOGENESIS_OF_A_BRANCHING_STRUCTURE	0.7578394217614888	0.9375780274656679	0.946065710393763	45/158	COL4A1;PLXNA1;DDR1;EPHA7;EXT1;BTBD7;SPINT2;FGF2;SPINT1;HOXB7;SPRY1;CTSZ;TNC;GRB2;ABL1;NRP1;MDK;KDM5B;STK4;MET;PPP1CA;CCL11;MED1;TBX3;MAGED1;BMP2;FGF7;PPP3R1;ENG;YAP1;TGFBR2;FGF13;EDNRA;FOXD1;AGT;SEMA3E;ACVR1;TACSTD2;KRAS;PAK1;PHB2;FGFR1;HOXA5;TGM2;LEF1	TUB	GO_BP	no_proc_ieg	10347
GOBP_ENDOCARDIAL_CUSHION_DEVELOPMENT	0.7575949249571594	0.8333333333333334	0.9459480076914344	13/47	CITED2;ADAMTS5;APC;MSX1;TWIST1;HEY2;TBX3;BMP2;ENG;TGFBR2;BMPR2;CRELD1;ACVR1	TUB	GO_BP	no_proc_ieg	10347
GOBP_REGULATION_OF_ANATOMICAL_STRUCTURE_SIZE	0.7567718505232526	0.9737130339539978	0.9465868483476263	56/370	PYCARD;TMSB10;FN1;ITGA4;HCLS1;ARPC2;CAPG;RHOA;EVL;PTEN;NCK1;RAB22A;CYFIP1;EPHA7;FCHSD2;RAP1GAP2;EXT1;FLII;CCDC51;SWAP70;CD38;NCKAP1L;HBB;ADNP;SHTN1;GUCY1A1;CDKL5;OXTR;ADRA2A;CAV1;STK39;PFN1;HCK;GRB2;MMP2;ABL1;XK;PLS1;VAV1;ADRB1;TMSB15A;TRPM4;CLCN3;ITGB1BP1;NRCAM;NRP1;VAV3;ABITRAM;SPP1;MEGF9;EXT2;RAC1;KCNJ8;EIF4G2;PLOD3;TMOD3	TUB	GO_BP	no_proc_ieg	10347
GOBP_NON_PROTEINOGENIC_AMINO_ACID_BIOSYNTHETIC_PROCESS	0.7559204367543476	0.8056426332288401	0.947258776880527	5/16	ALDH18A1;PLOD2;ALDH1A1;PLOD3;SRR	TUB	GO_BP	no_proc_ieg	10347
GOBP_NEURON_PROJECTION_ARBORIZATION	0.7553024717308918	0.8051948051948052	0.9476182198742479	3/23	TPBG;TUBA1A;NRP1	TUB	GO_BP	no_proc_ieg	10347
GOBP_FEAR_RESPONSE	0.7552959441790483	0.8520710059171598	0.9471878560070247	9/42	RAG1;EXT1;NPAS2;ADRA2A;ADRB1;VDAC3;MDK;BRINP1;MEF2C	TUB	GO_BP	no_proc_ieg	10347
GOBP_NEGATIVE_REGULATION_OF_LIPID_METABOLIC_PROCESS	0.7551746544597346	0.8964539007092198	0.9469096942867338	6/74	LPCAT1;NFKB1;APOC1;BRCA1;PIK3CG;ADRA2A	TUB	GO_BP	no_proc_ieg	10347
GOBP_NEUROTROPHIN_TRK_RECEPTOR_SIGNALING_PATHWAY	0.7545014510799427	0.8019017432646592	0.9473634649770802	4/21	CYFIP1;DOK5;SPRY1;CASP3	TUB	GO_BP	no_proc_ieg	10347
GOBP_RESPONSE_TO_STEROL	0.7537263220325695	0.8408736349453978	0.9479282389172047	2/24	ABCA1;CCR5	TUB	GO_BP	no_proc_ieg	10347
GOBP_NEGATIVE_REGULATION_OF_ACTIN_FILAMENT_DEPOLYMERIZATION	0.7529355219046553	0.8356374807987711	0.9484761363389005	7/30	CAPG;FLII;SWAP70;TMOD3;CAPZB;CAPZA2;EPS8	TUB	GO_BP	no_proc_ieg	10347
GOBP_PROTEIN_LOCALIZATION_TO_CILIUM	0.7516616503281399	0.8552238805970149	0.9496287241805028	9/39	CSNK1D;IFT56;IFT20;CCDC88A;LZTFL1;RAB8A;ARF4;ASAP1;TULP3	TUB	GO_BP	no_proc_ieg	10347
GOBP_POSITIVE_REGULATION_OF_PROTEIN_LOCALIZATION_TO_NUCLEUS	0.7513828814431136	0.8983957219251337	0.9495765887730785	6/66	ECT2;RBM22;HCLS1;CDK1;CCT6A;PSEN1	TUB	GO_BP	no_proc_ieg	10347
GOBP_NEGATIVE_REGULATION_OF_AMINE_TRANSPORT	0.7509869318656166	0.8210361067503925	0.9496251275342792	4/25	ARL6IP5;SYT11;ADRA2A;NPY5R	TUB	GO_BP	no_proc_ieg	10347
GOBP_BARBED_END_ACTIN_FILAMENT_CAPPING	0.7508410678011251	0.7881619937694704	0.9493679133698766	5/16	CAPG;FLII;CAPZB;CAPZA2;EPS8	TUB	GO_BP	no_proc_ieg	10347
GOBP_REGULATION_OF_MRNA_METABOLIC_PROCESS	0.7503947853003626	0.9520383693045563	0.9494667701359012	44/188	RBPMS;AGO4;MYD88;VIM;NPM1;FUS;POLR2G;PRR5L;YTHDF1;YTHDF3;CNOT8;NOVA1;NCBP2;APEX1;DCP2;PTBP1;CELF2;EXOSC10;MLH1;ANGEL2;RBFOX2;HNRNPAB;EIF4ENIF1;METTL3;PUF60;RBM10;EIF4A3;SAMD4A;ZBTB7A;PRPF19;CNOT3;CNOT2;FASTKD5;RBM7;CNOT6;IGF2BP3;TENT5C;TRA2A;SF1;KHDRBS3;RNASEL;PUM1;UPF3B;FMR1	TUB	GO_BP	no_proc_ieg	10347
GOBP_HEART_MORPHOGENESIS	0.7500228399729129	0.9555822328931572	0.9494787118448421	45/190	CITED2;CERT1;SOX17;ADAMTS5;SMARCD3;FZD1;EXT1;PSEN1;MYH6;CRKL;SPRY1;APC;CPE;S1PR1;IFT52;MSX1;GNG5;MICAL2;BBS7;NRP1;NPY5R;PPP1R13L;TWIST1;KCNJ8;MEF2C;SOX4;FLRT2;HEY2;PTK2;MED1;NOTCH2;NSD2;TBX3;PDCD4;HTR2B;COL5A1;BMP2;EMP2;ENG;YAP1;HIF1A;SOX18;TGFBR2;GATA3;BMPR2	TUB	GO_BP	no_proc_ieg	10347
GOBP_CELL_GROWTH	0.7496469135851894	0.9781897491821155	0.9494906425068736	48/356	PLXNA1;FN1;AURKA;SOX17;DERL2;ITGA4;CRLF3;FLRT3;DDR1;SERPINE2;VGLL4;FXN;PSRC1;TIAM1;RAB33B;BRCA1;CYFIP1;EPHA7;RB1;EXT1;JADE3;CD38;POSTN;SERTAD2;ADNP;SHTN1;COBL;CRKL;CDKL5;SORBS2;TNC;MUL1;ABL1;MSX1;NDUFA13;IL17RB;ADAM10;IGFBP7;IQGAP1;NRCAM;NRP1;MEX3C;RASGRP2;SPP1;PPT1;NME6;CCN3;RBBP7	TUB	GO_BP	no_proc_ieg	10347
GOBP_POSITIVE_REGULATION_OF_LAMELLIPODIUM_ORGANIZATION	0.749353434562431	0.8270106221547799	0.9494255059199362	5/27	ARPC2;CYFIP1;RAC2;FSCN1;RAC1	TUB	GO_BP	no_proc_ieg	10347
GOBP_BONE_MINERALIZATION	0.7488906858643666	0.9134487350199734	0.949558482528123	14/91	ISG15;COL1A2;CCR1;GPM6B;MINPP1;MGP;RUNX2;S1PR1;ALOX5;TRPM4;BMP2K;TWIST1;LTF;MEF2C	TUB	GO_BP	no_proc_ieg	10347
GOBP_CARDIAC_EPITHELIAL_TO_MESENCHYMAL_TRANSITION	0.748621532636761	0.8428351309707242	0.949458181620357	10/34	SPRY1;MSX1;TWIST1;HEY2;TBX3;PDCD4;BMP2;EMP2;ENG;TGFBR2	TUB	GO_BP	no_proc_ieg	10347
GOBP_REGULATION_OF_RNA_SPLICING	0.7478918465576619	0.9387755102040817	0.9499339952329819	30/125	RBPMS;RBM22;RBM12;USP22;FUS;ESRP1;NOVA1;TAF10;RRP1B;PTBP1;CELF2;EXOSC10;RBFOX2;RBM12B;TAF9;PUF60;RBM10;ZBTB7A;PRPF19;SUPT7L;RBM7;TRA2A;PTBP3;SF1;KHDRBS3;AHNAK2;METTL4;UPF3B;FMR1;TRRAP	TUB	GO_BP	no_proc_ieg	10347
GOBP_TETRAPYRROLE_BIOSYNTHETIC_PROCESS	0.7472588661158955	0.8125984251968504	0.9502489491103419	5/22	TSPO;FXN;COX10;ATP5IF1;SRRD	TUB	GO_BP	no_proc_ieg	10347
GOBP_APOPTOTIC_PROCESS_INVOLVED_IN_DEVELOPMENT	0.7472528966501907	0.8322475570032574	0.9498207464315442	3/23	TNFRSF1B;BAX;CHEK1	TUB	GO_BP	no_proc_ieg	10347
GOBP_GAMETE_GENERATION	0.7468623783642109	0.987012987012987	0.9498601443993063	83/445	GORASP2;PRDX4;SMAD1;PAFAH1B3;HEXB;AURKA;AGO4;SOX17;MNS1;BAX;HOXA10;BRIP1;TSPAN8;EIF4G3;PTTG1;PTEN;NDC80;TDRD7;MARF1;MYBL1;RAD51C;PANK2;RB1;CDC25B;TTLL1;RPL39L;DYNLL1;TOP2A;WFDC2;CRKL;RBX1;CTCF;SEPTIN2;CEP131;ZSCAN2;GALNT3;FANCG;UCHL1;TNFAIP6;ASPM;TTK;MMP2;IFT56;IFT20;HPGDS;VDAC3;TBP;LZTFL1;FOXJ3;JAM2;MLH1;KIF18A;MDK;SGPL1;PANX1;PPP1CC;FANCL;TESMIN;UBE2J1;METTL3;STAU2;TRIM27;NDC1;ORC4;USP9Y;BCAP31;REC8;ELL3;ANKRD49;SPA17;VPS54;MSH6;FBXO5;SELENOF;WASHC5;CCR6;TDRKH;RAI14;SIAH1;CXADR;NME5;AGFG1;RUVBL1	TUB	GO_BP	no_proc_ieg	10347
GOBP_HEPATICOBILIARY_SYSTEM_DEVELOPMENT	0.7446834698273371	0.9248407643312102	0.9520413422088242	14/120	CITED2;CLDN1;AURKA;UCP2;SOX17;EZH2;LIPA;HLX;LSR;COBL;PCNA;TAF10;UPF2;RPGRIP1L	TUB	GO_BP	no_proc_ieg	10347
GOBP_MATERNAL_PROCESS_INVOLVED_IN_FEMALE_PREGNANCY	0.7439587064004382	0.8670605612998523	0.9524613488937821	8/42	CITED2;NR2F2;ADCY7;PARP1;ITGA3;SPP1;MED1;BSG	TUB	GO_BP	no_proc_ieg	10347
GOBP_NEGATIVE_REGULATION_OF_CALCIUM_ION_TRANSMEMBRANE_TRANSPORTER_ACTIVITY	0.742538482863289	0.8327922077922078	0.9537154280649985	3/18	SRI;CLIC2;ADRA2A	TUB	GO_BP	no_proc_ieg	10347
GOBP_POSITIVE_REGULATION_OF_VASCULAR_ASSOCIATED_SMOOTH_MUSCLE_CELL_PROLIFERATION	0.7420089011209289	0.8325925925925926	0.9539072410132395	6/32	DNMT1;FGF2;MMP2;P2RY6;LDLRAP1;CALCRL	TUB	GO_BP	no_proc_ieg	10347
GOBP_REGULATION_OF_CALCIUM_MEDIATED_SIGNALING	0.7407863692414601	0.8975817923186344	0.954909350116377	8/72	DYRK2;HOMER3;GPR143;AKAP5;TRAT1;CD4;IAPP;PTBP1	TUB	GO_BP	no_proc_ieg	10347
GOBP_POSITIVE_REGULATION_OF_MORPHOGENESIS_OF_AN_EPITHELIUM	0.7407323850453921	0.8451612903225807	0.9545329298740692	8/30	FGF2;HOXB7;ABL1;MMRN2;MDK;MAGED1;GATA3;AGT	TUB	GO_BP	no_proc_ieg	10347
GOBP_STEM_CELL_DIFFERENTIATION	0.7403450911609448	0.9647201946472019	0.954536333396784	40/176	CITED2;FN1;SOX17;EZH2;NFE2L2;NRTN;FZD1;GPM6A;HDAC1;EXT1;FGF2;RUNX2;ZNF281;MLLT3;ABL1;MSX1;NRP1;PUS7;TWIST1;RBBP7;METTL3;EPCAM;A2M;MEF2C;NELFB;ELL3;MED1;KITLG;TBX3;CDK12;HTR2B;XRCC5;ENG;YAP1;HIF1A;SOX18;TGFBR2;MAPK1;PUM1;KLHL12	TUB	GO_BP	no_proc_ieg	10347
GOBP_FATTY_ACYL_COA_BIOSYNTHETIC_PROCESS	0.7403107932855361	0.8137254901960784	0.9541333059595754	4/19	ACSL5;HACD1;ACACA;PPT1	TUB	GO_BP	no_proc_ieg	10347
GOBP_VASCULAR_ASSOCIATED_SMOOTH_MUSCLE_CONTRACTION	0.7402322919956397	0.8159609120521173	0.9537918690335838	2/18	RHOA;CD38	TUB	GO_BP	no_proc_ieg	10347
GOBP_EPIDERMAL_GROWTH_FACTOR_RECEPTOR_SIGNALING_PATHWAY	0.7402228525835804	0.900709219858156	0.9533676987679659	21/76	NUP62;SHC1;MVP;AGR2;IFI6;ADRA2A;GRB2;ABL1;CCDC88A;IQGAP1;PIGR;CAMLG;PTK2;RALB;REPS2;CBL;PTPN12;SOCS5;SLC30A10;RAB7A;AGT	TUB	GO_BP	no_proc_ieg	10347
GOBP_FERTILIZATION	0.739572551057256	0.926923076923077	0.9536796362741817	28/111	HEXB;NR2F2;GLRB;BAX;HOXA10;CDK1;CLGN;CRKL;ALDOA;LHFPL2;STX2;INTS13;SPAG1;KDM5B;MYH9;REC8;TRIM36;PLAT;SPA17;STXBP1;CCT4;UBXN8;TDRKH;SNU13;FOLR2;CCT7;IRAG2;WDR48	TUB	GO_BP	no_proc_ieg	10347
GOBP_SPECIFICATION_OF_ANIMAL_ORGAN_IDENTITY	0.7384870277367637	0.853035143769968	0.9545349633307392	4/30	SMARCD3;EXT1;FGF2;SPRY1	TUB	GO_BP	no_proc_ieg	10347
GOBP_REGULATION_OF_GENE_SILENCING_BY_REGULATORY_NCRNA	0.7373052766090079	0.8291457286432161	0.9554619632610185	6/16	ADAR;TARBP2;PUM1;FMR1;ZMPSTE24;DGCR8	TUB	GO_BP	no_proc_ieg	10347
GOBP_CELLULAR_RESPONSE_TO_TOXIC_SUBSTANCE	0.7370572027288314	0.9212598425196851	0.9553227006829025	9/92	PRDX4;GPX7;NFE2L2;HBD;ALOX5AP;CLIC2;HBB;CD36;PTGS1	TUB	GO_BP	no_proc_ieg	10347
GOBP_POSITIVE_REGULATION_OF_TORC1_SIGNALING	0.7359425525980616	0.8740740740740741	0.9561521157146641	4/33	RRAGC;RBX1;LAMTOR3;CSNK1A1	TUB	GO_BP	no_proc_ieg	10347
GOBP_MESENCHYME_DEVELOPMENT	0.7358442669808315	0.9767171129220024	0.9558444120572918	58/227	CITED2;COL1A1;FN1;EZH2;BASP1;NRTN;ADAMTS5;TIAM1;PTEN;S100A4;EXT1;ALX1;SPRY1;APC;TAF10;MSX1;NRP1;MDK;SLC39A6;HNRNPAB;TWIST1;TGFB1I1;MEF2C;PHLDB1;SOX4;SDCBP;LDLRAD4;ELL3;HEY2;PTK2;KITLG;TBX3;ZNF750;BNC2;DPPA4;PDCD4;HTR2B;BMP2;BAMBI;PPP3R1;TASOR;EMP2;NCLN;ENG;YAP1;TRIM28;HIF1A;TGFBR2;MAPK1;GATA3;KLHL12;BMPR2;NUP133;DAB2;EDNRA;FOXD1;CRELD1;AGT	TUB	GO_BP	no_proc_ieg	10347
GOBP_MUSCLE_CELL_CELLULAR_HOMEOSTASIS	0.7357853074139676	0.8274809160305343	0.955482093183366	3/20	FXN;CAV1;ALDOA	TUB	GO_BP	no_proc_ieg	10347
GOBP_NEGATIVE_REGULATION_OF_PRODUCTION_OF_MOLECULAR_MEDIATOR_OF_IMMUNE_RESPONSE	0.7339272179120271	0.8416289592760181	0.9571603724782378	3/34	HLA-F;IL33;CD96	TUB	GO_BP	no_proc_ieg	10347
GOBP_REGULATION_OF_SKELETAL_MUSCLE_TISSUE_DEVELOPMENT	0.7325631986473905	0.8380634390651085	0.9582011587887347	3/18	FLOT1;TWIST1;MEF2C	TUB	GO_BP	no_proc_ieg	10347
GOBP_REGULATION_OF_MIRNA_METABOLIC_PROCESS	0.7321245312467944	0.9123055162659123	0.958272045859159	11/68	SMAD1;NFKB1;MYB;PPARG;FGF2;MRTFB;GNL3;DROSHA;HRAS;TWIST1;NR3C1	TUB	GO_BP	no_proc_ieg	10347
GOBP_NEGATIVE_REGULATION_OF_ALPHA_BETA_T_CELL_DIFFERENTIATION	0.7317807198435194	0.8330733229329174	0.9582332752512535	7/20	ANXA1;HLX;ASCL2;RUNX3;SOCS1;SOCS5;CBFB	TUB	GO_BP	no_proc_ieg	10347
GOBP_NEGATIVE_REGULATION_OF_ENDOTHELIAL_CELL_APOPTOTIC_PROCESS	0.7315417713339013	0.88125	0.958077607312183	4/33	ITGB3;NFE2L2;CDH5;ABL1	TUB	GO_BP	no_proc_ieg	10347
GOBP_POSITIVE_REGULATION_OF_PROTEIN_LOCALIZATION_TO_PLASMA_MEMBRANE	0.7314989546294328	0.8880706921944035	0.9576870191649653	6/42	STX3;AKAP5;AGR2;PRKCH;PLS1;ITGA3	TUB	GO_BP	no_proc_ieg	10347
GOBP_NEGATIVE_REGULATION_OF_CALCIUM_ION_TRANSMEMBRANE_TRANSPORT	0.7310963313419748	0.8795731707317073	0.957697644004488	4/34	UCP2;SRI;CLIC2;ADRA2A	TUB	GO_BP	no_proc_ieg	10347
GOBP_INTRACELLULAR_GLUCOSE_HOMEOSTASIS	0.7293848474263178	0.929757343550447	0.9591655320122603	12/114	COL1A1;HLA-DRB1;UCP2;SERPINF1;HKDC1;TIAM1;SRI;DYNLL1;ADRA2A;NADK;NR1D1;TRPM4	TUB	GO_BP	no_proc_ieg	10347
GOBP_EMBRYONIC_CRANIAL_SKELETON_MORPHOGENESIS	0.729348748067539	0.8499234303215927	0.9587693413350804	18/33	HOXA1;RUNX2;SLC39A1;TWIST1;EIF4A3;TULP3;TGFBR2;PRRX1;SMAD2;MED12;SMAD3;GRHL2;NIPBL;MMP16;TFAP2A;FGF8;WDR19;SETD2	TUB	GO_BP	no_proc_ieg	10347
GOBP_PHOTORECEPTOR_CELL_MAINTENANCE	0.7289827060219244	0.8409448818897638	0.95874346133445	3/24	PROM1;CLCN3;BBS10	TUB	GO_BP	no_proc_ieg	10347
GOBP_MITOTIC_RECOMBINATION	0.7284204733749562	0.8261589403973509	0.9589174516134699	6/18	RAD51C;MLH1;TEP1;RAD54B;RAD50;BRCA2	TUB	GO_BP	no_proc_ieg	10347
GOBP_CHONDROCYTE_PROLIFERATION	0.7280006763240818	0.7974683544303798	0.9589339921336368	4/20	SLC26A2;EXT1;LTF;CCN3	TUB	GO_BP	no_proc_ieg	10347
GOBP_REGULATION_OF_SMOOTHENED_SIGNALING_PATHWAY	0.7279409885423916	0.8972503617945007	0.9585611492848437	7/47	SERPINE2;PRKACB;CTNNA1;RB1;RUNX2;RPGRIP1L;TXNDC15	TUB	GO_BP	no_proc_ieg	10347
GOBP_NEGATIVE_REGULATION_OF_BLOOD_CIRCULATION	0.7269391739506386	0.8398133748055988	0.9591943088791829	2/20	PIK3CG;SRI	TUB	GO_BP	no_proc_ieg	10347
GOBP_POSITIVE_REGULATION_OF_ACUTE_INFLAMMATORY_RESPONSE	0.7269355745773133	0.831946755407654	0.9587602404332529	6/20	ALOX5AP;PIK3CG;C3;NPY5R;HLA-E;OSMR	TUB	GO_BP	no_proc_ieg	10347
GOBP_DEFENSE_RESPONSE_TO_FUNGUS	0.7268944184532041	0.8564814814814815	0.9583654932739292	2/35	CX3CR1;SPON2	TUB	GO_BP	no_proc_ieg	10347
GOBP_POSITIVE_REGULATION_OF_CELL_CYCLE_G1_S_PHASE_TRANSITION	0.7267225091498601	0.8626292466765141	0.9581137721671581	17/39	DDRGK1;EZH2;ANXA1;PAF1;RRM1;CUL4B;CDC6;PHB2;CCNE2;CCND2;TFDP1;CUL4A;CCND1;EIF4G1;CDC73;ADAM17;ADAMTS1	TUB	GO_BP	no_proc_ieg	10347
GOBP_EMBRYONIC_AXIS_SPECIFICATION	0.7266059976187909	0.8585365853658536	0.9578069668234627	3/26	BASP1;TDRD7;COBL	TUB	GO_BP	no_proc_ieg	10347
GOBP_MALE_MEIOSIS_I	0.7243109098399431	0.8338815789473685	0.9598359078233111	4/16	MYBL1;RAD51C;FOXJ3;REC8	TUB	GO_BP	no_proc_ieg	10347
GOBP_GLUCOSAMINE_CONTAINING_COMPOUND_METABOLIC_PROCESS	0.7242646203211468	0.8562596599690881	0.9594439792543447	1/21	NAGK	TUB	GO_BP	no_proc_ieg	10347
GOBP_REGULATION_OF_HUMORAL_IMMUNE_RESPONSE	0.7227751140352138	0.8814814814814815	0.9605563323339289	9/40	SERPING1;C3;VSIG4;PTPN6;CXCL13;CD59;A2M;NOD2;FCGR2B	TUB	GO_BP	no_proc_ieg	10347
GOBP_POSITIVE_REGULATION_OF_EXTRACELLULAR_MATRIX_ORGANIZATION	0.7215718530513243	0.845679012345679	0.9613614212616061	5/25	RB1;ABL1;FSCN1;CPB2;PHLDB1	TUB	GO_BP	no_proc_ieg	10347
GOBP_BIOMINERAL_TISSUE_DEVELOPMENT	0.7208087853397139	0.9470899470899471	0.9617135027867557	19/127	COL1A1;ISG15;COL1A2;CNNM4;CCR1;GPM6B;MINPP1;MGP;RUNX2;S1PR1;ITGB6;ALOX5;TRPM4;ITGB1BP1;BMP2K;SPP1;TWIST1;LTF;MEF2C	TUB	GO_BP	no_proc_ieg	10347
GOBP_REGULATION_OF_TOLL_LIKE_RECEPTOR_SIGNALING_PATHWAY	0.7208001129015084	0.8659476117103235	0.9612860955308534	7/26	CD300A;IRF7;CD36;LRRC14;S100A9;BIRC2;S100A8	TUB	GO_BP	no_proc_ieg	10347
GOBP_SOMATIC_DIVERSIFICATION_OF_IMMUNOGLOBULINS	0.720399602060896	0.8912732474964234	0.9612532221507379	10/45	XRCC4;SWAP70;IL27RA;NBN;MLH1;CD40;CYREN;MSH6;NSD2;CCR6	TUB	GO_BP	no_proc_ieg	10347
GOBP_REGULATION_OF_ALCOHOL_BIOSYNTHETIC_PROCESS	0.719842636483548	0.8895705521472392	0.9613844246311122	2/40	LPCAT3;NFKB1	TUB	GO_BP	no_proc_ieg	10347
GOBP_REGULATION_OF_FATTY_ACID_TRANSPORT	0.719199297762511	0.881203007518797	0.9615964186100151	5/29	THBS1;ACSL5;FABP3;PLA2G4A;P2RX4	TUB	GO_BP	no_proc_ieg	10347
GOBP_NEGATIVE_REGULATION_OF_MONOATOMIC_ION_TRANSPORT	0.7191003156540804	0.9381720430107527	0.9612584531660587	8/79	PPIF;UCP2;SERPINE2;SRI;CLIC2;ADRA2A;CAV1;STK39	TUB	GO_BP	no_proc_ieg	10347
GOBP_MITOCHONDRIAL_GENOME_MAINTENANCE	0.7189709313850032	0.8512396694214877	0.9609543316448748	8/18	TYMP;PARP1;RRM1;POLG2;METTL4;MEF2A;SSBP1;LIG3	TUB	GO_BP	no_proc_ieg	10347
GOBP_PROTEIN_DEPHOSPHORYLATION	0.7143861841274375	0.9726027397260274	0.9650803310936146	15/140	LRRC59;PTPRE;CD300A;PTEN;NCK1;PPP1R14D;SWAP70;NCKAP1L;PTPN6;CDH5;PDP1;PPP1CB;DUSP11;MTMR2;AMBRA1	TUB	GO_BP	no_proc_ieg	10347
GOBP_IMMUNE_RESPONSE_REGULATING_CELL_SURFACE_RECEPTOR_SIGNALING_PATHWAY_INVOLVED_IN_PHAGOCYTOSIS	0.7138281090742232	0.8666666666666667	0.9651901795868656	5/19	HCK;ABL1;VAV1;VAV3;PTK2	TUB	GO_BP	no_proc_ieg	10347
GOBP_DETOXIFICATION	0.7135812395376308	0.96	0.9649963414283144	26/98	PRDX4;GPX7;NFE2L2;HBD;ALOX5AP;CLIC2;HBB;CD36;PTGS1;ALDH1A1;GSTP1;AKR1B10;LTC4S;SELENOF;S100A9;MGST3;SOD2;SLC30A10;GPX4;TXNRD1;PRDX2;GSTO1;RAB29;ATP7B;FANCC;NQO1	TUB	GO_BP	no_proc_ieg	10347
GOBP_NEGATIVE_REGULATION_OF_TRANSLATION	0.7130192591448593	0.9335106382978723	0.9651052703465249	26/66	AGO4;CYFIP1;BANK1;EIF4E2;GZMB;RNF139;DDX6;PUS7;EIF4ENIF1;EIF4A3;SAMD4A;TYMS;IGF2BP3;RPS3;EIF4EBP1;FMR1;RACK1;SRP9;GIGYF2;TRIM2;TSC1;ILF3;AGO3;LSM14A;EIF4G1;ENC1	TUB	GO_BP	no_proc_ieg	10347
GOBP_RESPONSE_TO_CARBOHYDRATE	0.712041845272092	0.9781818181818182	0.9656049344303339	25/170	COL6A3;COL1A1;HLA-DRB1;THBS1;UCP2;SERPINF1;TIAM1;SRI;COLEC12;DYNLL1;ADNP;ADRA2A;RMI1;NADK;CASP3;NR1D1;TRPM4;EIF2B4;CPB2;CDT1;MAPK13;CALCRL;SOX4;COL6A2;CDKN1B	TUB	GO_BP	no_proc_ieg	10347
GOBP_REGULATION_OF_COLLAGEN_METABOLIC_PROCESS	0.7118119016849966	0.8873015873015873	0.9653790096649028	8/30	VIM;MYB;FAP;CST3;ITGA2;MFAP4;ENG;SUCO	TUB	GO_BP	no_proc_ieg	10347
GOBP_REGULATION_OF_PROTEIN_KINASE_A_SIGNALING	0.7117219558325892	0.8611570247933884	0.9650186985752705	6/17	AKAP5;IAPP;TCIM;AKAP12;AKAP7;ADRB2	TUB	GO_BP	no_proc_ieg	10347
GOBP_RESPONSE_TO_MITOCHONDRIAL_DEPOLARISATION	0.7110478853242616	0.8436482084690554	0.9652208206395855	8/16	AMBRA1;MUL1;ATP5IF1;BECN1;SQSTM1;VPS13C;ATG13;TOMM7	TUB	GO_BP	no_proc_ieg	10347
GOBP_RETICULOPHAGY	0.7097998302581563	0.8186195826645265	0.9659713416133716	6/15	DDRGK1;RETREG2;RB1CC1;ULK2;UFC1;SNX7	TUB	GO_BP	no_proc_ieg	10347
GOBP_GLIAL_CELL_APOPTOTIC_PROCESS	0.7097575539425016	0.847972972972973	0.9655748657324315	3/15	RB1;PRKCH;CASP3	TUB	GO_BP	no_proc_ieg	10347
GOBP_BRAIN_MORPHOGENESIS	0.7087743590104125	0.860062893081761	0.9660301861214641	5/25	PTEN;PSEN1;TUBA1A;FZD6;FZD3	TUB	GO_BP	no_proc_ieg	10347
GOBP_BRANCHING_MORPHOGENESIS_OF_AN_EPITHELIAL_TUBE	0.7076997324099666	0.9698492462311558	0.9665826057221266	35/119	COL4A1;DDR1;EXT1;FGF2;HOXB7;SPRY1;CTSZ;TNC;ABL1;NRP1;MDK;KDM5B;STK4;MET;PPP1CA;CCL11;MED1;TBX3;MAGED1;BMP2;PPP3R1;ENG;YAP1;TGFBR2;EDNRA;FOXD1;AGT;SEMA3E;ACVR1;TACSTD2;KRAS;PAK1;PHB2;HOXA5;LEF1	TUB	GO_BP	no_proc_ieg	10347
GOBP_HIPPOCAMPUS_DEVELOPMENT	0.705369934487073	0.9435483870967742	0.9682904224981194	7/74	NF2;EZH2;ANXA3;PTEN;HDAC1;CRKL;TUBA1A	TUB	GO_BP	no_proc_ieg	10347
GOBP_REGULATION_OF_NOTCH_SIGNALING_PATHWAY	0.7050750896939287	0.9397260273972603	0.9681149505262407	17/61	POSTN;POFUT1;CCNC;ADAM10;ITGB1BP1;BMP2K;SYNJ2BP;CCN3;METTL3;NOD2;HEY2;ZBTB7A;TCIM;SLC35C1;YAP1;JAG2;PDCD10	TUB	GO_BP	no_proc_ieg	10347
GOBP_PROTEIN_TARGETING_TO_MITOCHONDRION	0.7040944336827615	0.9287671232876712	0.9685738673397842	26/70	TSPO;BID;SAE1;SH3GLB1;RAC2;NDUFA13;LEPROT;ATP5IF1;TOMM70;BCAP31;MTCH1;HSPA4;UBE2L3;SREBF1;TIMM13;TIMM9;BAG4;GDAP1;TIMM22;SAMM50;MIPEP;FIS1;ATG13;TOMM7;TOMM20;CSNK2A2	TUB	GO_BP	no_proc_ieg	10347
GOBP_NEGATIVE_REGULATION_OF_CELL_GROWTH	0.7034654122487769	0.9574193548387097	0.9686925600154046	32/137	SOX17;CRLF3;SERPINE2;VGLL4;PSRC1;BRCA1;EPHA7;RB1;SERTAD2;MUL1;MSX1;NDUFA13;NRP1;SPP1;PPT1;NME6;CCN3;RBBP7;TOMM70;CDKN1B;HYAL2;CRYAB;ULK2;SIPA1;CGRRF1;EI24;G6PD;RYK;BMPR2;DAB2;FGF13;RACK1	TUB	GO_BP	no_proc_ieg	10347
GOBP_CALCIUM_MEDIATED_SIGNALING	0.7033763816726677	0.9872773536895675	0.9683541408243989	15/165	DYRK2;CX3CR1;HOMER3;RCAN3;GPR143;GNA15;ITPR3;CCR1;CLIC2;AKAP5;CCR5;TRAT1;CCR2;C3AR1;CD4	TUB	GO_BP	no_proc_ieg	10347
GOBP_PHOSPHOLIPID_DEPHOSPHORYLATION	0.7031253426579523	0.8970814132104454	0.9681333172094169	5/30	PLPP2;PTEN;INPP5D;MTMR2;INPP4B	TUB	GO_BP	no_proc_ieg	10347
GOBP_CARDIAC_RIGHT_VENTRICLE_MORPHOGENESIS	0.7028457713103631	0.860655737704918	0.9679293180466536	5/17	SMARCD3;PPP1R13L;SOX4;HEY2;GATA3	TUB	GO_BP	no_proc_ieg	10347
GOBP_REGULATION_OF_SYSTEMIC_ARTERIAL_BLOOD_PRESSURE_BY_HORMONE	0.7022371411099851	0.8905325443786982	0.9680416946398973	4/35	RHOA;CPA3;OXTR;CTSZ	TUB	GO_BP	no_proc_ieg	10347
GOBP_TYPE_B_PANCREATIC_CELL_PROLIFERATION	0.7005482836021591	0.8940609951845907	0.96907188395306	5/21	NR1D1;CDK4;CCN3;MAP2K1;SERPINB1	TUB	GO_BP	no_proc_ieg	10347
GOBP_NEGATIVE_REGULATION_OF_DNA_BIOSYNTHETIC_PROCESS	0.7003603989771645	0.8821656050955414	0.9687834392342268	6/22	CHEK1;NAT10;DCP2;EXOSC10;POT1;TINF2	TUB	GO_BP	no_proc_ieg	10347
GOBP_CELLULAR_RESPONSE_TO_OXYGEN_RADICAL	0.7002057701331962	0.8690292758089369	0.9684867409821054	3/19	NFE2L2;CD36;GLRX2	TUB	GO_BP	no_proc_ieg	10347
GOBP_APPENDAGE_MORPHOGENESIS	0.7001244317294676	0.946949602122016	0.9681175686155115	18/104	COL3A1;BAX;HOXA10;HDAC1;EXT1;PSEN1;RUNX2;IFT52;MSX1;RPGRIP1L;FZD6;TWIST1;GNA12;TULP3;MED1;VPS54;NOTCH2;TBX3	TUB	GO_BP	no_proc_ieg	10347
GOBP_REGULATION_OF_LONG_TERM_NEURONAL_SYNAPTIC_PLASTICITY	0.6999631343086182	0.856	0.9678146295730212	6/18	NPTN;HRAS;RAB8A;FMR1;SYNGR1;KRAS	TUB	GO_BP	no_proc_ieg	10347
GOBP_ESTABLISHMENT_OF_SKIN_BARRIER	0.6991606551967823	0.8975155279503105	0.9680580800692482	6/22	CLDN1;LSR;IL18;MET;ZNF750;UGCG	TUB	GO_BP	no_proc_ieg	10347
GOBP_CARDIAC_CELL_DEVELOPMENT	0.6990394518946621	0.9367088607594937	0.967723152551411	18/64	MAML1;CDK1;MYH6;SPRY1;SORBS2;TOMM70;HEY2;TBX3;ATG5;CXADR;PDCD4;G6PD;PDLIM5;MEF2A;ZMPSTE24;MEIS1;RGS4;FHOD3	TUB	GO_BP	no_proc_ieg	10347
GOBP_ARTERY_MORPHOGENESIS	0.6989925026415194	0.9359886201991465	0.9673282281306691	3/55	COL3A1;CITED2;EFNB2	TUB	GO_BP	no_proc_ieg	10347
GOBP_LEUKOTRIENE_METABOLIC_PROCESS	0.6989132285938523	0.8868501529051988	0.9669646388849097	7/23	ALOX5AP;ABCC1;ALOX5;PLA2G4A;LTC4S;DPEP2;MGST3	TUB	GO_BP	no_proc_ieg	10347
GOBP_NEGATIVE_REGULATION_OF_EPITHELIAL_CELL_APOPTOTIC_PROCESS	0.6988285234576381	0.9288762446657184	0.9666005250729132	10/56	ITGB3;NFE2L2;RB1;ITGB3BP;CDH5;ADAR;ABL1;MDK;CAST;CDKN1B	TUB	GO_BP	no_proc_ieg	10347
GOBP_NUCLEOLAR_LARGE_RRNA_TRANSCRIPTION_BY_RNA_POLYMERASE_I	0.6976249099172239	0.8857589984350548	0.9671607390342352	7/22	MACROH2A1;MACROH2A2;NOL11;POLR2E;POLR1E;MARS1;POLR1F	TUB	GO_BP	no_proc_ieg	10347
GOBP_RIBOSOME_ASSEMBLY	0.6974579831244084	0.9063444108761329	0.9668757001172034	4/35	NPM1;NIP7;RPS19;MRM2	TUB	GO_BP	no_proc_ieg	10347
GOBP_REGULATION_OF_CYTOPLASMIC_TRANSLATION	0.6953041262171694	0.8412438625204582	0.9682508620221137	5/15	NCK1;PKM;METTL3;FMR1;SH3BGRL	TUB	GO_BP	no_proc_ieg	10347
GOBP_ERBB_SIGNALING_PATHWAY	0.6939956856291851	0.9652294853963839	0.9689095370439157	23/92	NUP62;SHC1;MVP;AGR2;IFI6;ADRA2A;GRB2;ABL1;CCDC88A;IQGAP1;PIGR;CAMLG;PTK2;MAP2K1;RALB;REPS2;CBL;PTPN12;SOCS5;MAPK1;SLC30A10;RAB7A;AGT	TUB	GO_BP	no_proc_ieg	10347
GOBP_MITOCHONDRIAL_RESPIRATORY_CHAIN_COMPLEX_ASSEMBLY	0.69328678144266	0.9352617079889807	0.9690727941519437	10/49	SCO2;TMEM186;NDUFA6;NDUFA13;NDUFB5;CHCHD7;NDUFA8;TMEM223;COA3;NDUFB3	TUB	GO_BP	no_proc_ieg	10347
GOBP_DNA_REPAIR_DEPENDENT_CHROMATIN_REMODELING	0.6917385804880392	0.8855325914149443	0.9698997617799472	6/16	BABAM1;ASF1A;BRCC3;USP3;TRIP12;UIMC1	TUB	GO_BP	no_proc_ieg	10347
GOBP_NEGATIVE_REGULATION_OF_TORC1_SIGNALING	0.6916123024204947	0.8736349453978159	0.969580728812711	2/24	PRKACB;UBE2D1	TUB	GO_BP	no_proc_ieg	10347
GOBP_AMP_METABOLIC_PROCESS	0.6896942749436623	0.8592471358428805	0.9707009582531776	3/17	AK1;GART;ADSL	TUB	GO_BP	no_proc_ieg	10347
GOBP_HEART_FORMATION	0.6893983527544527	0.8861386138613861	0.970500587859775	7/26	SOX17;SMARCD3;EXT1;GNG5;MEF2C;BMP2;EMP2	TUB	GO_BP	no_proc_ieg	10347
GOBP_POSITIVE_REGULATION_OF_TOR_SIGNALING	0.6887893016669923	0.9335302806499262	0.9705335361964119	6/47	RRAGC;NCKAP1L;RBX1;LAMTOR3;RELN;CSNK1A1	TUB	GO_BP	no_proc_ieg	10347
GOBP_LONG_CHAIN_FATTY_ACYL_COA_METABOLIC_PROCESS	0.6881035106939293	0.8625827814569537	0.9706217595544415	2/15	ACSL5;HACD1	TUB	GO_BP	no_proc_ieg	10347
GOBP_NUCLEOTIDE_BINDING_DOMAIN_LEUCINE_RICH_REPEAT_CONTAINING_RECEPTOR_SIGNALING_PATHWAY	0.6870455808360748	0.9067524115755627	0.9709930550947966	5/20	NAGK;RNF34;NOD2;PTPN22;BIRC2	TUB	GO_BP	no_proc_ieg	10347
GOBP_NEGATIVE_REGULATION_OF_ALPHA_BETA_T_CELL_ACTIVATION	0.6869630108065644	0.8774002954209749	0.9706309407171373	5/30	CD300A;ANXA1;HLX;TNFRSF14;ASCL2	TUB	GO_BP	no_proc_ieg	10347
GOBP_NEURAL_TUBE_PATTERNING	0.6832362657218041	0.8758064516129033	0.9730821225266518	3/21	SOX17;PSEN1;RPGRIP1L	TUB	GO_BP	no_proc_ieg	10347
GOBP_CORTICOSTEROID_HORMONE_SECRETION	0.6830678914425293	0.8945634266886326	0.9727885175278439	1/15	TSPO	TUB	GO_BP	no_proc_ieg	10347
GOBP_NEGATIVE_REGULATION_OF_LYMPHOCYTE_DIFFERENTIATION	0.6790170032394967	0.9279411764705883	0.9753229302542851	11/40	ANXA1;HLX;ASCL2;MDK;FGL2;CD74;RUNX3;SOCS1;SOCS5;CBFB;PRDX2	TUB	GO_BP	no_proc_ieg	10347
GOBP_RUFFLE_ORGANIZATION	0.6783016408306324	0.9357249626307922	0.975405433871828	21/43	EVL;CYFIP1;COBL;CAV1;PFN1;HRAS;RAC1;P2RX4;EPS8;CCR7;NLGN1;CORO1B;TACSTD2;BAG4;EPS8L1;CCL21;PLEKHA1;PLEK;CORO1C;CSF1R;STON1	TUB	GO_BP	no_proc_ieg	10347
GOBP_REGULATION_OF_AXON_EXTENSION	0.6782457566121115	0.9528571428571428	0.9750160762209065	8/65	FN1;CYFIP1;ADNP;SHTN1;CDKL5;ABL1;NRCAM;NRP1	TUB	GO_BP	no_proc_ieg	10347
GOBP_HEMATOPOIETIC_STEM_CELL_DIFFERENTIATION	0.6779355611966177	0.9119402985074627	0.9748058506482561	7/27	NFE2L2;EXT1;MLLT3;ABL1;PUS7;METTL3;MED1	TUB	GO_BP	no_proc_ieg	10347
GOBP_POSITIVE_REGULATION_OF_PROTEIN_CONTAINING_COMPLEX_DISASSEMBLY	0.6779280370624178	0.9140271493212669	0.9743796777113113	4/23	SPAST;FYCO1;DSTN;F2RL1	TUB	GO_BP	no_proc_ieg	10347
GOBP_NEGATIVE_REGULATION_OF_ION_TRANSMEMBRANE_TRANSPORTER_ACTIVITY	0.6778210006763208	0.9187116564417178	0.9740249127421462	5/36	SRI;CLIC2;ADRA2A;CAV1;STK39	TUB	GO_BP	no_proc_ieg	10347
GOBP_REGULATION_OF_DEPHOSPHORYLATION	0.6774091032932091	0.9517241379310345	0.9739053085269811	25/72	CD300A;NCK1;PPP1R14D;SWAP70;NCKAP1L;CDH5;MTMR2;AMBRA1;PTBP1;IQGAP1;YWHAB;MEF2C;GNA12;BMP2;PPP1R12A;PPP2R3C;PPP1R2;PIN1;PPP1R8;CALM2;ARPP19;TSC1;HSP90B1;TIPRL;PLEK	TUB	GO_BP	no_proc_ieg	10347
GOBP_ATRIOVENTRICULAR_VALVE_DEVELOPMENT	0.6769219706010904	0.9112903225806451	0.9738261236388558	7/23	TWIST1;SOX4;HEY2;BMP2;TGFBR2;BMPR2;ACVR1	TUB	GO_BP	no_proc_ieg	10347
GOBP_GLUCOSE_6_PHOSPHATE_METABOLIC_PROCESS	0.6756414691499132	0.9166666666666666	0.9742637219354938	7/23	HKDC1;TIGAR;TALDO1;G6PC3;PGLS;RPIA;G6PD	TUB	GO_BP	no_proc_ieg	10347
GOBP_IRON_ION_TRANSPORT	0.6742408274155769	0.9176646706586826	0.9747982739977141	4/41	STEAP4;B2M;FXN;FTH1	TUB	GO_BP	no_proc_ieg	10347
GOBP_CARDIAC_ATRIUM_DEVELOPMENT	0.6720161449435983	0.9107981220657277	0.9759161340135527	10/25	MYH6;SOX4;HEY2;NOTCH2;NSD2;BMP2;ENG;BMPR2;ACVR1;SOS1	TUB	GO_BP	no_proc_ieg	10347
GOBP_SPERM_EGG_RECOGNITION	0.6709433591078536	0.8989280245022971	0.9762315059540495	7/24	CLGN;ALDOA;SPA17;CCT4;FOLR2;CCT7;CCT3	TUB	GO_BP	no_proc_ieg	10347
GOBP_TOR_SIGNALING	0.669224737113217	0.9783715012722646	0.9769723168476927	11/101	RRAGC;LIPA;PRKACB;PRR5L;NCKAP1L;UBE2D1;RBX1;TMEM127;CCDC88A;LAMTOR3;RELN	TUB	GO_BP	no_proc_ieg	10347
GOBP_UNSATURATED_FATTY_ACID_BIOSYNTHETIC_PROCESS	0.6665703871248302	0.9161676646706587	0.9782728680418087	7/33	DEGS1;PTGS1;HPGDS;PLA2G4A;CD74;PIBF1;PTGES3	TUB	GO_BP	no_proc_ieg	10347
GOBP_PLATELET_DERIVED_GROWTH_FACTOR_RECEPTOR_SIGNALING_PATHWAY	0.6655811172012199	0.9487554904831625	0.9784658000963342	11/44	ITGB3;ABL1;IFT20;IQGAP1;PDGFRL;NRP1;SGPL1;RGS14;PLAT;CBL;PTPN12	TUB	GO_BP	no_proc_ieg	10347
GOBP_POSITIVE_REGULATION_OF_SIGNALING_RECEPTOR_ACTIVITY	0.6649320676056254	0.9075235109717869	0.9784669079575565	4/22	HDAC1;ADRA2A;CCR2;BUD31	TUB	GO_BP	no_proc_ieg	10347
GOBP_EPITHELIAL_CELL_MATURATION	0.6617644674202612	0.9090909090909091	0.9800139635825788	1/21	AKR1B1	TUB	GO_BP	no_proc_ieg	10347
GOBP_NEGATIVE_REGULATION_OF_BIOMINERAL_TISSUE_DEVELOPMENT	0.6598623250964625	0.905144694533762	0.9807447985545159	4/23	CCR1;TRPM4;HEY2;HIF1A	TUB	GO_BP	no_proc_ieg	10347
GOBP_IMMUNOGLOBULIN_PRODUCTION	0.6590897861646456	0.9674479166666666	0.9807712332315822	24/87	IL33;CD86;XRCC4;SWAP70;IL27RA;NBN;MLH1;CD40;IGLV6-57;CYREN;HLA-E;FCGR2B;MSH6;NSD2;CCR6;IGLV3-19;KMT5B;IGKV1D-8;IGLV3-25;EXO1;PKN1;PHB2;IGKV4-1;PAXIP1	TUB	GO_BP	no_proc_ieg	10347
GOBP_REGULATION_OF_BIOMINERAL_TISSUE_DEVELOPMENT	0.6586976032146934	0.9747899159663865	0.9805846045572278	20/74	ISG15;CCR1;GPM6B;MGP;S1PR1;ALOX5;TRPM4;BMP2K;TWIST1;LTF;MEF2C;HEY2;FBXO5;BMP2;HIF1A;BMPR2;ADRB2;ACVR1;ATRAID;ZMPSTE24	TUB	GO_BP	no_proc_ieg	10347
GOBP_BINDING_OF_SPERM_TO_ZONA_PELLUCIDA	0.6572040884305663	0.9145569620253164	0.9810432429568349	6/20	CLGN;ALDOA;SPA17;CCT4;CCT7;CCT3	TUB	GO_BP	no_proc_ieg	10347
GOBP_MESENCHYMAL_CELL_MIGRATION	0.6547483458418533	0.9597701149425287	0.9820352824573623	3/52	FN1;TPBG;NRTN	TUB	GO_BP	no_proc_ieg	10347
GOBP_NEGATIVE_REGULATION_OF_CYTOKINE_PRODUCTION_INVOLVED_IN_IMMUNE_RESPONSE	0.651482020690479	0.9178294573643411	0.9834982799573496	4/26	HLA-F;CD96;TWIST1;NOD2	TUB	GO_BP	no_proc_ieg	10347
GOBP_LUNG_MORPHOGENESIS	0.6501846360803435	0.9541420118343196	0.9838220190895579	13/42	EXT1;SPRY1;CTSZ;TNC;PLOD3;MAP2K1;FGF7;YAP1;TGFBR2;MAPK1;SEC24B;KRAS;HOXA5	TUB	GO_BP	no_proc_ieg	10347
GOBP_REGULATION_OF_BMP_SIGNALING_PATHWAY	0.6493818090762756	0.9680696661828737	0.9838399518493404	16/68	FSTL1;FZD1;CDH5;PPARG;UBE2D1;TNFAIP6;ABL1;MSX1;SMURF2;ITGA3;NOTCH2;PELO;FSTL3;BAMBI;ENG;LEMD3	TUB	GO_BP	no_proc_ieg	10347
GOBP_EXCITATORY_SYNAPSE_ASSEMBLY	0.649113142339242	0.9102167182662538	0.9835537294456461	4/22	PTEN;PLXNB2;NPTN;RELN	TUB	GO_BP	no_proc_ieg	10347
GOBP_INNATE_IMMUNE_RESPONSE_IN_MUCOSA	0.6473109205642318	0.8961038961038961	0.9841206413012966	4/16	H2BC12;H2BC21;LTF;NOD2	TUB	GO_BP	no_proc_ieg	10347
GOBP_POSITIVE_REGULATION_OF_COLLAGEN_METABOLIC_PROCESS	0.6472954964076469	0.9265905383360522	0.9836975951522996	2/21	VIM;MYB	TUB	GO_BP	no_proc_ieg	10347
GOBP_PROTEIN_K63_LINKED_DEUBIQUITINATION	0.6468888560521999	0.9080459770114943	0.98348129599165	6/17	BRCC3;PSMD14;USP33;USP8;SPATA2;OTUD7B	TUB	GO_BP	no_proc_ieg	10347
GOBP_POSITIVE_REGULATION_OF_ANIMAL_ORGAN_MORPHOGENESIS	0.6461395889212455	0.9354838709677419	0.9834619072331285	7/27	FGF2;SPRY1;MSX1;BMP2;GATA3;CD34;FGFR1	TUB	GO_BP	no_proc_ieg	10347
GOBP_PHYSIOLOGICAL_CARDIAC_MUSCLE_HYPERTROPHY	0.6449120103978424	0.9090909090909091	0.9836570469942417	6/18	SORBS2;TOMM70;G6PD;PDLIM5;MEIS1;RGS4	TUB	GO_BP	no_proc_ieg	10347
GOBP_POSITIVE_REGULATION_OF_CARTILAGE_DEVELOPMENT	0.6436193567394208	0.9341021416803954	0.9839060365156367	3/23	SMAD1;RUNX2;MDK	TUB	GO_BP	no_proc_ieg	10347
GOBP_SNRNA_TRANSCRIPTION	0.64311550350381	0.8946488294314381	0.9837265752362782	6/16	CDK7;SNAPC4;ELL3;ICE1;SNAPC5;POLR3B	TUB	GO_BP	no_proc_ieg	10347
GOBP_REGULATION_OF_ESTABLISHMENT_OR_MAINTENANCE_OF_CELL_POLARITY	0.6406642919509351	0.9264705882352942	0.9846221623270198	3/19	SHTN1;CDH5;ABL1	TUB	GO_BP	no_proc_ieg	10347
GOBP_GLUTAMINE_METABOLIC_PROCESS	0.6405214688528028	0.8925619834710744	0.9842574573766634	1/18	UCP2	TUB	GO_BP	no_proc_ieg	10347
GOBP_SCHWANN_CELL_DIFFERENTIATION	0.6383343072075194	0.9534534534534534	0.9849230553333573	10/36	CDK1;GRB2;HRAS;MAP2K1;PPP3R1;MAPK1;ADGRG6;SOS1;MED12;RELA	TUB	GO_BP	no_proc_ieg	10347
GOBP_RRNA_METHYLATION	0.6377658150328435	0.9259259259259259	0.9847753906449896	11/19	MRM2;FTSJ3;DIMT1;METTL5;FBL;MRM3;NSUN3;TRMT112;TFB2M;NOP2;MRM1	TUB	GO_BP	no_proc_ieg	10347
GOBP_ADULT_BEHAVIOR	0.6361420539911516	0.9873417721518988	0.9851558686216533	8/111	FADD;CSTB;GLRB;FXN;PTEN;PCDH17;NTAN1;TUBA1A	TUB	GO_BP	no_proc_ieg	10347
GOBP_MECHANORECEPTOR_DIFFERENTIATION	0.6352360836326923	0.9579242636746143	0.9851797403676821	15/42	FGF2;ESRP1;PLS1;IFT20;HEY2;MYO6;FGF20;TRIP11;SCRIB;JAG2;SEC24B;FGFR1;GSDME;NHERF1;FZD2	TUB	GO_BP	no_proc_ieg	10347
GOBP_CARDIAC_MUSCLE_CELL_DIFFERENTIATION	0.6319976935810865	0.9907651715039578	0.9862843751601205	25/86	MAML1;EFNB2;CDK1;MYH6;CBY1;SORBS2;IFT20;KCNJ8;MEF2C;TOMM70;HEY2;TBX3;ATG5;CXADR;BMP2;G6PD;PDLIM5;MEF2A;FZD7;ACVR1;ZMPSTE24;MEIS1;RGS4;TSC1;FHOD3	TUB	GO_BP	no_proc_ieg	10347
GOBP_WALKING_BEHAVIOR	0.6316516284220266	0.940387481371088	0.986013443252899	3/27	GLRB;FXN;UCHL1	TUB	GO_BP	no_proc_ieg	10347
GOBP_POSTSYNAPSE_ASSEMBLY	0.631288948255944	0.9429892141756548	0.9857501939395339	6/34	PTEN;CRKL;VPS35;RELN;NLGN4X;CRK	TUB	GO_BP	no_proc_ieg	10347
GOBP_RESPONSE_TO_ELECTRICAL_STIMULUS	0.6299860536254728	0.9576399394856279	0.9859276082434089	8/32	PTEN;CYFIP1;MMP2;CD14;FZD3;SOD2;AKAP12;BRD1	TUB	GO_BP	no_proc_ieg	10347
GOBP_OOCYTE_MATURATION	0.6298744005281761	0.9428129829984544	0.985547226341995	5/25	AURKA;CDC25B;REC8;FBXO5;WASHC5	TUB	GO_BP	no_proc_ieg	10347
GOBP_ORGANELLE_TRANSPORT_ALONG_MICROTUBULE	0.6296565714457687	0.9791666666666666	0.9852109731770528	14/63	HSBP1;SPAST;RASGRP1;TUBA1A;FYCO1;MAP1S;UCHL1;AP3M2;ACTR10;ARMCX3;LAMP1;BICD2;HIF1A;KIFBP	TUB	GO_BP	no_proc_ieg	10347
GOBP_HEMATOPOIETIC_STEM_CELL_PROLIFERATION	0.6280966393831617	0.9516908212560387	0.9854800800541488	8/21	BABAM1;CEBPA;KITLG;THPO;XRCC5;PDCD2;CD34;BRCA2	TUB	GO_BP	no_proc_ieg	10347
GOBP_SYNAPTIC_VESICLE_RECYCLING	0.6280689781236585	0.9730496453900709	0.9850644699699083	9/59	SYT11;CYFIP1;AP2S1;ACTG1;GIT2;RAB27B;AP3M2;NLGN4X;AP2B1	TUB	GO_BP	no_proc_ieg	10347
GOBP_REGULATION_OF_EXTENT_OF_CELL_GROWTH	0.6279469602631634	0.9833795013850416	0.9847008022929566	11/80	FN1;CYFIP1;EPHA7;ADNP;SHTN1;CDKL5;ABL1;NRCAM;NRP1;SPP1;EIF4G2	TUB	GO_BP	no_proc_ieg	10347
GOBP_STEROID_HORMONE_BIOSYNTHETIC_PROCESS	0.6250839112332709	0.946319018404908	0.9855654006768001	9/35	AKR1B1;TSPO;HSD17B6;DKK3;NR3C1;MED1;BMP2;HSD17B1;DAB2	TUB	GO_BP	no_proc_ieg	10347
GOBP_NUCLEOBASE_BIOSYNTHETIC_PROCESS	0.6234406062958123	0.9330065359477124	0.9858441956561311	7/15	CMPK1;GART;CTPS2;PPAT;HPRT1;CPS1;PAICS	TUB	GO_BP	no_proc_ieg	10347
GOBP_CELLULAR_RESPONSE_TO_ALKALOID	0.6222888955206265	0.9604863221884499	0.9858804213927549	4/31	CCNA2;CHEK1;CASP7;CASP3	TUB	GO_BP	no_proc_ieg	10347
GOBP_REGULATION_OF_SYSTEMIC_ARTERIAL_BLOOD_PRESSURE_MEDIATED_BY_A_CHEMICAL_SIGNAL	0.6207596096365102	0.9622926093514329	0.9861197042522226	14/41	RHOA;CPA3;OXTR;CTSZ;ADRB1;F2RL1;PCSK5;SOD2;ADRB2;AGT;COMT;CMA1;F2R;NDST2	TUB	GO_BP	no_proc_ieg	10347
GOBP_IMMUNOGLOBULIN_PRODUCTION_INVOLVED_IN_IMMUNOGLOBULIN_MEDIATED_IMMUNE_RESPONSE	0.6200851556378885	0.9583952451708767	0.9859914849028301	10/35	SWAP70;IL27RA;NBN;MLH1;CD40;MSH6;NSD2;CCR6;KMT5B;EXO1	TUB	GO_BP	no_proc_ieg	10347
GOBP_VESICLE_MEDIATED_TRANSPORT_IN_SYNAPSE	0.6164165113648293	1.0	0.9870606861360374	20/156	ITGB3;SYT11;EFNB2;PTEN;STX3;SCRN1;PCDH17;CYFIP1;AP2S1;ACTG1;PSEN1;VPS35;GIT2;CLCN3;RAB27B;RAB8A;STX2;CSPG5;AP3M2;NLGN4X	TUB	GO_BP	no_proc_ieg	10347
GOBP_NEGATIVE_REGULATION_OF_SMOOTH_MUSCLE_CELL_MIGRATION	0.6132458388915036	0.9278350515463918	0.987843444904377	3/17	NFE2L2;MEF2C;GNA12	TUB	GO_BP	no_proc_ieg	10347
GOBP_PURINERGIC_NUCLEOTIDE_RECEPTOR_SIGNALING_PATHWAY	0.6128090072869737	0.948051948051948	0.9875867540092294	6/23	P2RY13;P2RY6;P2RX4;GNAI2;P2RY14;P2RX3	TUB	GO_BP	no_proc_ieg	10347
GOBP_NEGATIVE_REGULATION_OF_ORGANELLE_ASSEMBLY	0.6127479967440843	0.9497716894977168	0.9871905259254181	13/31	BRCA1;WDR44;BECN1;FEZ2;YAP1;TBC1D30;SCFD1;TRIM37;NUPR1;CCP110;MARCHF7;MTM1;TRIM32	TUB	GO_BP	no_proc_ieg	10347
GOBP_MEGAKARYOCYTE_DEVELOPMENT	0.6119475735659854	0.9370748299319728	0.9870736257696343	7/16	ABI1;PTPN6;PIP4K2A;MED1;THPO;MEIS1;EP300	TUB	GO_BP	no_proc_ieg	10347
GOBP_POSITIVE_REGULATION_OF_PROTEIN_MATURATION	0.6118686469455189	0.9522240527182867	0.986680424884395	5/21	PLGRKT;S100A10;MYH9;ANXA2;SOX4	TUB	GO_BP	no_proc_ieg	10347
GOBP_POSITIVE_REGULATION_OF_BONE_MINERALIZATION	0.6111286372432366	0.9579288025889967	0.9865412665754978	10/34	ISG15;GPM6B;ALOX5;LTF;MEF2C;BMP2;BMPR2;ADRB2;ACVR1;ATRAID	TUB	GO_BP	no_proc_ieg	10347
GOBP_REGULATION_OF_SMOOTH_MUSCLE_CELL_DIFFERENTIATION	0.6103014699663685	0.960352422907489	0.9864338248800533	7/30	SMARCD3;DNMT1;HEY2;NOTCH2;PDCD4;SOD2;ENG	TUB	GO_BP	no_proc_ieg	10347
GOBP_POSITIVE_REGULATION_OF_CALCIUM_MEDIATED_SIGNALING	0.6008782965998732	0.9789156626506024	0.9893137441720663	5/41	AKAP5;TRAT1;CD4;IAPP;PTBP1	TUB	GO_BP	no_proc_ieg	10347
GOBP_REGULATION_OF_ACTIVIN_RECEPTOR_SIGNALING_PATHWAY	0.5981481750652242	0.9306930693069307	0.9898238816456556	5/16	DACT1;FSTL3;NCLN;LEMD3;ACVR1	TUB	GO_BP	no_proc_ieg	10347
GOBP_PROTEIN_K48_LINKED_DEUBIQUITINATION	0.5976868393824419	0.954248366013072	0.9895414037260108	7/18	MINDY1;VCPIP1;USP33;MINDY2;PARK7;USP8;OTUD7B	TUB	GO_BP	no_proc_ieg	10347
GOBP_RESPONSE_TO_IRON_ION	0.5960458158233924	0.9433070866141732	0.9896720867188166	7/25	B2M;FXN;BECN1;ATG5;CYBRD1;G6PD;HIF1A	TUB	GO_BP	no_proc_ieg	10347
GOBP_REGULATION_OF_STEROID_HORMONE_SECRETION	0.5943112535065384	0.9691558441558441	0.9897997910917111	3/19	TSPO;SPP1;KDM5B	TUB	GO_BP	no_proc_ieg	10347
GOBP_REGULATION_OF_ACTIN_FILAMENT_BASED_MOVEMENT	0.5928967373321259	0.9566563467492261	0.9898217892165486	4/32	ZEB2;SRI;CAV1;TRPM4	TUB	GO_BP	no_proc_ieg	10347
GOBP_MITOCHONDRIAL_MEMBRANE_ORGANIZATION	0.5888554838345745	0.9931972789115646	0.9906165827234386	4/73	PPIF;SLC35F6;BAX;BID	TUB	GO_BP	no_proc_ieg	10347
GOBP_EXOCYTIC_PROCESS	0.5883879172884627	0.9777158774373259	0.990324147447568	12/46	VAMP8;STX3;PSEN1;RAB8A;STX2;STXBP1;RALB;EXOC2;EXOC1;SYTL2;SCRIB;NLGN1	TUB	GO_BP	no_proc_ieg	10347
GOBP_REGULATION_OF_PHOSPHATASE_ACTIVITY	0.5882811264984251	0.9746268656716418	0.9899273201844708	14/38	CD300A;PPP1R14D;NCKAP1L;MEF2C;GNA12;BMP2;PPP1R12A;PPP1R2;CALM2;TSC1;HSP90B1;TIPRL;PLEK;HTT	TUB	GO_BP	no_proc_ieg	10347
GOBP_NEURAL_CREST_CELL_DIFFERENTIATION	0.5876055974262574	0.9915014164305949	0.9896967194689246	18/73	CITED2;FN1;NRTN;EXT1;NRP1;TWIST1;MEF2C;KITLG;HTR2B;ENG;HIF1A;MAPK1;KLHL12;EDNRA;PITX2;SEMA3E;ACVR1;CDH2	TUB	GO_BP	no_proc_ieg	10347
GOBP_REGULATION_OF_ENDOPLASMIC_RETICULUM_STRESS_INDUCED_INTRINSIC_APOPTOTIC_SIGNALING_PATHWAY	0.5873776812960309	0.9457831325301205	0.9893376670058132	3/23	NCK1;HYOU1;ERP29	TUB	GO_BP	no_proc_ieg	10347
GOBP_EMBRYONIC_APPENDAGE_MORPHOGENESIS	0.5850884835136396	0.9959514170040485	0.9895810706095707	15/89	BAX;HOXA10;HDAC1;PSEN1;RUNX2;IFT52;MSX1;RPGRIP1L;FZD6;TWIST1;GNA12;TULP3;MED1;NOTCH2;TBX3	TUB	GO_BP	no_proc_ieg	10347
GOBP_DENTATE_GYRUS_DEVELOPMENT	0.5841838828205158	0.9532258064516129	0.9894284462747526	3/18	PTEN;TUBA1A;MDK	TUB	GO_BP	no_proc_ieg	10347
GOBP_CELLULAR_RESPONSE_TO_GAMMA_RADIATION	0.5828910666247203	0.9633173843700159	0.9893697665495452	10/21	HRAS;CRYAB;XRCC5;TSPYL5;YAP1;ATM;WRN;ZMPSTE24;ATR;MAP3K20	TUB	GO_BP	no_proc_ieg	10347
GOBP_ORGAN_INDUCTION	0.5813356465027841	0.9702479338842975	0.9893918640071818	2/17	FGF2;SPRY1	TUB	GO_BP	no_proc_ieg	10347
GOBP_REGULATION_OF_EXTRACELLULAR_MATRIX_ASSEMBLY	0.5762384789280269	0.9589490968801314	0.9903304941116358	4/15	PPARG;PHLDB1;AGT;SMAD3	TUB	GO_BP	no_proc_ieg	10347
GOBP_STEM_CELL_PROLIFERATION	0.5756627458812742	0.9944674965421854	0.9900372700983231	23/83	NF2;SOX17;VEGFC;FERMT1;FGF2;RUNX2;BABAM1;CEBPA;EPCAM;ELL3;KITLG;TBX3;THPO;XRCC5;YAP1;PDCD2;SOX18;TGFBR2;NR2E1;PRRX1;CD34;FGFR1;DGCR8	TUB	GO_BP	no_proc_ieg	10347
GOBP_GMP_METABOLIC_PROCESS	0.5678778362958877	0.958139534883721	0.9914984666100995	11/22	IMPDH1;GART;ADSL;IMPDH2;PPAT;CASK;NT5C2;HPRT1;ATIC;DLG1;PAICS	TUB	GO_BP	no_proc_ieg	10347
GOBP_POSITIVE_REGULATION_OF_CALCIUM_ION_IMPORT	0.5603851210548518	0.965742251223491	0.9926938545562927	2/19	MS4A1;AKAP5	TUB	GO_BP	no_proc_ieg	10347
GOBP_OOCYTE_DIFFERENTIATION	0.5574637628870783	0.9912917271407837	0.9928662365771816	10/44	AURKA;TDRD7;CDC25B;REC8;FBXO5;WASHC5;TDRKH;KMT2D;EDNRA;ATM	TUB	GO_BP	no_proc_ieg	10347
GOBP_REGULATION_OF_MUSCLE_TISSUE_DEVELOPMENT	0.5571243269044385	0.9888712241653418	0.9925028905377286	5/36	FLOT1;MRTFB;TWIST1;MEF2C;CENPF	TUB	GO_BP	no_proc_ieg	10347
GOBP_NEGATIVE_REGULATION_OF_SIGNALING_RECEPTOR_ACTIVITY	0.556017832627152	0.9698890649762282	0.9922906638325708	3/18	PPARG;CBL;SOCS5	TUB	GO_BP	no_proc_ieg	10347
GOBP_NEGATIVE_REGULATION_OF_NOTCH_SIGNALING_PATHWAY	0.5523848877042176	0.9843014128728415	0.9925918007814065	6/25	CCNC;METTL3;HEY2;ZBTB7A;TCIM;SLC35C1	TUB	GO_BP	no_proc_ieg	10347
GOBP_ENDOCARDIAL_CUSHION_MORPHOGENESIS	0.5518008236463653	0.9835329341317365	0.992275337371571	9/40	ADAMTS5;APC;MSX1;TWIST1;HEY2;TBX3;BMP2;ENG;TGFBR2	TUB	GO_BP	no_proc_ieg	10347
GOBP_MRNA_SPLICE_SITE_RECOGNITION	0.5489413631804251	0.9771241830065359	0.9923870402769025	9/21	CELF2;PUF60;SF3A1;SF1;PSIP1;SRSF10;LUC7L3;LUC7L;SETX	TUB	GO_BP	no_proc_ieg	10347
GOBP_MYELIN_ASSEMBLY	0.5328576333938664	0.9716981132075472	0.9946006969533395	3/20	MTMR2;PMP22;UGT8	TUB	GO_BP	no_proc_ieg	10347
GOBP_NEUROTROPHIN_SIGNALING_PATHWAY	0.5161202471895346	0.9910714285714286	0.9963747953107451	4/32	CYFIP1;DOK5;SPRY1;CASP3	TUB	GO_BP	no_proc_ieg	10347
GOBP_EMBRYONIC_FORELIMB_MORPHOGENESIS	0.512388095505791	0.9902755267423015	0.9963629737287606	5/25	RUNX2;MSX1;RPGRIP1L;TWIST1;TBX3	TUB	GO_BP	no_proc_ieg	10347
GOBP_REGULATION_OF_NEUROTRANSMITTER_RECEPTOR_ACTIVITY	0.5095686132235532	0.9858712715855573	0.9962482203476564	6/23	CCR2;RELN;CAPN1;NLGN1;ADRB2;PSCA	TUB	GO_BP	no_proc_ieg	10347
GOBP_LUNG_ALVEOLUS_DEVELOPMENT	0.4860927796965781	1.0	0.9979152406811986	13/40	HOPX;ITGB6;PTGES3;BMPR2;NKIRAS2;FBN1;HOXA5;SFTPD;RC3H2;MAN1A2;PHF14;MAN2A1;CREB1	TUB	GO_BP	no_proc_ieg	10347
GOBP_RESPONSE_TO_INTERLEUKIN_4	0.48460944197259814	0.9938461538461538	0.997593406376593	7/30	MCM2;CDK4;KEAP1;CCL11;TUBA1B;GATA3;IMPDH2	TUB	GO_BP	no_proc_ieg	10347
GOBP_REGULATION_OF_T_CELL_DIFFERENTIATION_IN_THYMUS	0.46017877795137385	0.993485342019544	0.9986460268419013	2/21	RASGRP1;TOX	TUB	GO_BP	no_proc_ieg	10347
GOBP_POSITIVE_REGULATION_OF_ATP_DEPENDENT_ACTIVITY	0.446106868490931	0.9969604863221885	0.9988222110415013	8/28	PFN1;PLSCR1;POT1;MSH6;CHTOP;DNAJC10;SSBP1;DNAJB2	TUB	GO_BP	no_proc_ieg	10347
GOBP_RESPONSE_TO_ATP	0.4085205248703107	1.0	0.9994285510919001	4/26	TRPM4;PANX1;KCNJ8;P2RX4	TUB	GO_BP	no_proc_ieg	10347
GOBP_OUTFLOW_TRACT_SEPTUM_MORPHOGENESIS	-0.4311911482756073	0.9973262032085561	0.9991588644860434	23/23	TBX1;MSX2;NKX2-5;NRP2;ISL1;TBX2;BMPR1A;GATA6;TGFB2;SMAD6;PARVA;ZFPM2;SMAD4;BMP4;LRP2;FGF8;SEMA3C;ROBO1;ACVR1;BMPR2;TGFBR2;ENG;NRP1	TUB	GO_BP	no_proc_ieg	10347
GOBP_LUNG_CELL_DIFFERENTIATION	-0.4858825115709724	0.9972222222222222	0.997544293580134	3/26	ASCL1;CTNNB1;NFIB	TUB	GO_BP	no_proc_ieg	10347
GOBP_OLIGOPEPTIDE_TRANSPORT	-0.4994672909064975	0.9904076738609112	0.9972925778577576	2/15	SLC13A3;CA2	TUB	GO_BP	no_proc_ieg	10347
GOBP_BILE_ACID_BIOSYNTHETIC_PROCESS	-0.5007708761781352	1.0	0.9980160274628054	10/26	BAAT;ACOX2;STAR;ABCD3;ACOT8;ABCB11;AKR1D1;SLC27A2;AKR1C4;CYP27A1	TUB	GO_BP	no_proc_ieg	10347
GOBP_EXTRACELLULAR_TRANSPORT	-0.5046948902772445	0.9920212765957447	0.9984987522174639	5/22	CFAP45;ADCY10;DNAI1;DNAAF1;DNAH9	TUB	GO_BP	no_proc_ieg	10347
GOBP_REGULATION_OF_MUSCLE_ORGAN_DEVELOPMENT	-0.5324023005643084	0.9819121447028424	0.9961162826491634	3/21	SOX15;LOX;JPH2	TUB	GO_BP	no_proc_ieg	10347
GOBP_POSITIVE_REGULATION_OF_FATTY_ACID_BIOSYNTHETIC_PROCESS	-0.545333542120045	0.9829268292682927	0.9950351401577834	8/17	ABCD1;MLXIPL;APOA4;SIRT2;AVP;RGN;PLA2G3;NR1H2	TUB	GO_BP	no_proc_ieg	10347
GOBP_EPITHELIAL_TO_MESENCHYMAL_TRANSITION_INVOLVED_IN_ENDOCARDIAL_CUSHION_FORMATION	-0.5537045477796517	0.9792746113989638	0.9943379891655053	4/18	TGFB3;TMEM100;MSX2;HEYL	TUB	GO_BP	no_proc_ieg	10347
GOBP_TRNA_METHYLATION	-0.5663095269136209	0.994413407821229	0.9926971284721297	1/21	METTL1	TUB	GO_BP	no_proc_ieg	10347
GOBP_RESPONSE_TO_UV_B	-0.5815722088087563	0.9607329842931938	0.9899551336657351	5/18	CDKN1A;HYAL1;IVL;HYAL3;MME	TUB	GO_BP	no_proc_ieg	10347
GOBP_POSITIVE_REGULATION_OF_AUTOPHAGY_OF_MITOCHONDRION	-0.5866535173363813	0.9593301435406698	0.9894835303848432	4/16	PRKN;SLC25A4;FBXO7;EIF2AK1	TUB	GO_BP	no_proc_ieg	10347
GOBP_POSITIVE_REGULATION_OF_AMINO_ACID_TRANSPORT	-0.5874257508998255	0.961038961038961	0.9901477354323376	7/16	SLC38A3;KMO;TRH;GABBR1;AVP;NTSR1;ABAT	TUB	GO_BP	no_proc_ieg	10347
GOBP_REGULATION_OF_STRIATED_MUSCLE_TISSUE_DEVELOPMENT	-0.5961512293268031	0.9460154241645244	0.9884649837723413	3/18	SOX15;LOX;JPH2	TUB	GO_BP	no_proc_ieg	10347
GOBP_POST_EMBRYONIC_DEVELOPMENT	-0.598463372997935	0.9929328621908127	0.9885880047471817	15/63	ETNK2;MMUT;RAB3A;VEGFA;CYP1A2;CRB1;MTOR;INPPL1;NPPC;ATRX;PLAGL2;ARID5B;ACO1;ERCC2;DSCAM	TUB	GO_BP	no_proc_ieg	10347
GOBP_CHONDROCYTE_DEVELOPMENT	-0.6055086438363457	0.9578947368421052	0.9872699627477062	7/25	RARG;FGF18;SMPD3;CHSY1;MSX2;TSKU;SMAD7	TUB	GO_BP	no_proc_ieg	10347
GOBP_MODULATION_OF_EXCITATORY_POSTSYNAPTIC_POTENTIAL	-0.606987682498941	0.9579288025889967	0.9876075794859329	12/32	BAIAP2;GRIN2B;SYNE1;NRXN1;NLGN3;SLC8A2;GRIN1;STX1A;RIMS1;RIMS2;GRIN2A;WNT7A	TUB	GO_BP	no_proc_ieg	10347
GOBP_REGULATION_OF_MITOPHAGY	-0.6072583610574859	0.9739583333333334	0.9883586994464985	9/31	PRKN;ADCY10;SREBF2;SLC25A4;FBXO7;BNIP3L;EIF2AK1;PARL;RNF41	TUB	GO_BP	no_proc_ieg	10347
GOBP_RENAL_FILTRATION	-0.6089123785226934	0.9554973821989529	0.9886159601497675	5/22	NPHS2;UMOD;ADGRF5;PDGFB;XPNPEP3	TUB	GO_BP	no_proc_ieg	10347
GOBP_INTERLEUKIN_5_PRODUCTION	-0.6163979396450846	0.9375	0.9867881375130052	7/15	IL1RL1;FOXP3;RARA;IFNA2;IL9;SCGB1A1;IL5RA	TUB	GO_BP	no_proc_ieg	10347
GOBP_REGULATION_OF_MRNA_SPLICING_VIA_SPLICEOSOME	-0.6203672376588751	0.9928825622775801	0.9861460471707298	20/73	JMJD6;SRSF4;DDX17;RBFOX1;DDX5;SON;KHDRBS2;DYRK1A;HNRNPA2B1;RBM39;CELF3;REST;SRPK1;ARB2A;MYOD1;CIRBP;SRSF6;SFSWAP;KHDRBS1;PCBP4	TUB	GO_BP	no_proc_ieg	10347
GOBP_POSITIVE_REGULATION_OF_ISOTYPE_SWITCHING	-0.6215203272256891	0.9130434782608695	0.9865594910810523	3/17	TFRC;HMCES;ATAD5	TUB	GO_BP	no_proc_ieg	10347
GOBP_NEGATIVE_REGULATION_OF_OSSIFICATION	-0.6234678078626502	0.9778393351800554	0.9866208088621291	7/32	CALCA;CHSY1;CALCR;FGF23;AHSG;GFRA4;SMAD7	TUB	GO_BP	no_proc_ieg	10347
GOBP_ESTABLISHMENT_OR_MAINTENANCE_OF_MONOPOLAR_CELL_POLARITY	-0.6241410167369505	0.953551912568306	0.9872230884669659	6/20	PTK7;MYO9A;EZR;FOXF1;SH3BP1;TCF15	TUB	GO_BP	no_proc_ieg	10347
GOBP_PROTEIN_K11_LINKED_UBIQUITINATION	-0.6244804382608422	0.9555555555555556	0.987952307157886	2/23	PRKN;RNF4	TUB	GO_BP	no_proc_ieg	10347
GOBP_NUCLEOPHAGY	-0.6259965600251736	0.9207161125319693	0.9881642606630127	2/15	WDR45;WIPI1	TUB	GO_BP	no_proc_ieg	10347
GOBP_CELL_COMMUNICATION_BY_ELECTRICAL_COUPLING_INVOLVED_IN_CARDIAC_CONDUCTION	-0.6269587581296295	0.9245283018867925	0.9885880600363302	12/19	RYR2;TBX5;CALM1;ATP1A2;CACNA1C;ATP1B2;ATP1A3;HRC;GJC1;SLC8A1;PDE4D;ATP1B1	TUB	GO_BP	no_proc_ieg	10347
GOBP_RELAXATION_OF_MUSCLE	-0.632894579922593	0.9649595687331537	0.9868658945165306	18/27	RGS2;ABCC8;GSN;ACTN3;ATP1A2;CHGA;ATP2A1;PRKG1;ADORA2B;HRC;SLN;SLC8A1;PDE4B;PDE4D;GRK2;ATP1B1;TNNI2;P2RY1	TUB	GO_BP	no_proc_ieg	10347
GOBP_SNRNA_3_END_PROCESSING	-0.6349137528852171	0.9309462915601023	0.986848116657233	4/18	TUT1;TOE1;EXOSC7;SAGE1	TUB	GO_BP	no_proc_ieg	10347
GOBP_CARDIAC_VENTRICLE_MORPHOGENESIS	-0.6370596427009351	0.9966442953020134	0.9867729231479683	8/56	MYL3;HAND1;RYR2;TNNI3;TGFBR3;TBX5;FOXH1;TNNI1	TUB	GO_BP	no_proc_ieg	10347
GOBP_MESENCHYMAL_TO_EPITHELIAL_TRANSITION	-0.6372290193617488	0.9425	0.9875571728856547	7/18	CTNNB1;SMO;PAX2;TCF15;WT1;WNT4;CITED1	TUB	GO_BP	no_proc_ieg	10347
GOBP_POSITIVE_REGULATION_OF_BIOMINERAL_TISSUE_DEVELOPMENT	-0.6375424128623253	0.9776536312849162	0.9882736202745731	10/39	CEBPB;BMP7;RXRA;VDR;FZD9;ACTN3;KL;WNT10B;ACVR2A;NELL1	TUB	GO_BP	no_proc_ieg	10347
GOBP_FORELIMB_MORPHOGENESIS	-0.6387434789573645	0.9693593314763231	0.9885905260646247	13/30	ZBTB16;CTNNB1;TBX5;TP63;GDF5;MSX2;ATRX;EN1;CACNA1C;WNT3;ZNF358;WNT7A;CRABP2	TUB	GO_BP	no_proc_ieg	10347
GOBP_POSITIVE_REGULATION_OF_STEM_CELL_PROLIFERATION	-0.646279571573219	0.9833333333333333	0.9858383580482387	11/39	FERMT2;CTNNB1;TP63;HMGA2;WNT1;SOX11;KDM1A;WNT10B;N4BP2L2;FGF9;CITED1	TUB	GO_BP	no_proc_ieg	10347
GOBP_ALCOHOL_CATABOLIC_PROCESS	-0.6465866143492501	0.9570200573065902	0.9865600682201155	13/25	TPI1;ALDH1B1;SULT1B1;GK2;TKFC;APOE;NTSR1;AKR1D1;ALDH2;SULT2A1;CYP27A1;CYP7A1;ALDH3B2	TUB	GO_BP	no_proc_ieg	10347
GOBP_STEM_CELL_DEVELOPMENT	-0.6486782038852292	0.9964285714285714	0.9863620055803066	5/71	BMP7;TCOF1;HES1;SEMA4G;TBX1	TUB	GO_BP	no_proc_ieg	10347
GOBP_POSITIVE_REGULATION_OF_B_CELL_MEDIATED_IMMUNITY	-0.6490653947937972	0.9408450704225352	0.9870198802805268	5/27	TFRC;FCER2;HPX;HMCES;ATAD5	TUB	GO_BP	no_proc_ieg	10347
GOBP_NEUROMUSCULAR_SYNAPTIC_TRANSMISSION	-0.649725975064121	0.9366754617414248	0.9875339519560317	8/21	RAB3A;TSPOAP1;ERC1;CHRNA3;CHRNA1;P2RX2;SLC5A7;CHRNB2	TUB	GO_BP	no_proc_ieg	10347
GOBP_CELL_MIGRATION_INVOLVED_IN_HEART_DEVELOPMENT	-0.6524489931783501	0.9357326478149101	0.986933304993763	3/17	BMP7;NDRG4;TBX5	TUB	GO_BP	no_proc_ieg	10347
GOBP_REGULATION_OF_MRNA_PROCESSING	-0.6598114000975366	0.9920634920634921	0.9837441632637901	24/88	JMJD6;SRSF4;SRPK3;DDX17;RBFOX1;DDX5;SON;AHCYL1;KHDRBS2;DYRK1A;HNRNPA2B1;RBM39;CELF3;REST;MAGOHB;SRPK1;ARB2A;MYOD1;CIRBP;SRSF6;SFSWAP;SUPT6H;KHDRBS1;PCBP4	TUB	GO_BP	no_proc_ieg	10347
GOBP_INTERLEUKIN_13_PRODUCTION	-0.660468740345822	0.9057071960297767	0.9842567035771129	4/16	ARG2;RARA;LILRA5;IFNA2	TUB	GO_BP	no_proc_ieg	10347
GOBP_TRNA_MODIFICATION	-0.6641346370413751	0.9655172413793104	0.9830637682481879	2/48	CDK5RAP1;METTL1	TUB	GO_BP	no_proc_ieg	10347
GOBP_EPITHELIAL_CELL_DIFFERENTIATION_INVOLVED_IN_KIDNEY_DEVELOPMENT	-0.6645214256231138	0.9668674698795181	0.9837212334855177	7/44	MTSS1;NPHS1;CTNNB1;NPHS2;PODXL;KLF15;WWTR1	TUB	GO_BP	no_proc_ieg	10347
GOBP_PURINE_CONTAINING_COMPOUND_TRANSMEMBRANE_TRANSPORT	-0.6661718615145165	0.9420289855072463	0.9836009813778545	5/23	SLC28A1;ADCY10;SLC25A4;SLC25A31;SLC19A1	TUB	GO_BP	no_proc_ieg	10347
GOBP_CELL_VOLUME_HOMEOSTASIS	-0.6708078584658852	0.9242424242424242	0.9816789249277363	11/25	SLC12A3;SCTR;ABCB8;SLC12A5;SLC12A9;KCNMA1;SLC12A6;GNB3;SLC12A4;AQP4;AQP1	TUB	GO_BP	no_proc_ieg	10347
GOBP_RESPONSE_TO_HEPATOCYTE_GROWTH_FACTOR	-0.6721029489845733	0.9177057356608479	0.9817381499375148	5/15	GAB1;ADAMTS12;GCLC;IL10;CASR	TUB	GO_BP	no_proc_ieg	10347
GOBP_NEGATIVE_REGULATION_OF_PLATELET_ACTIVATION	-0.67785648510827	0.8979591836734694	0.9787249911131709	7/15	PRKCD;ALOX12;PDGFB;APOE;C1QTNF1;PRKG1;PDGFRA	TUB	GO_BP	no_proc_ieg	10347
GOBP_REGULATION_OF_B_CELL_MEDIATED_IMMUNITY	-0.6837916954151513	0.9470404984423676	0.9754327493485789	8/42	SUSD4;TFRC;FCER2;HPX;FOXP3;HMCES;ATAD5;IL10	TUB	GO_BP	no_proc_ieg	10347
GOBP_AXONEMAL_DYNEIN_COMPLEX_ASSEMBLY	-0.6858758242759353	0.8945945945945946	0.9748239048411622	8/18	DNAI1;DNAAF1;TEKT2;CLXN;DNAAF8;CCDC40;NISCH;DNAI2	TUB	GO_BP	no_proc_ieg	10347
GOBP_EXOCRINE_SYSTEM_DEVELOPMENT	-0.6870530737220136	0.9337349397590361	0.974811900483363	6/37	BMP7;EDA;TGFB3;NFIB;EGFR;NKX3-1	TUB	GO_BP	no_proc_ieg	10347
GOBP_VENTRICULAR_SEPTUM_DEVELOPMENT	-0.6895110616953365	0.9705882352941176	0.973894262074091	12/54	HES1;STRA6;PTK7;WNT11;TGFBR3;TBX5;FRS2;SOX11;HEYL;NKX2-5;LMO4;SMAD7	TUB	GO_BP	no_proc_ieg	10347
GOBP_AXIS_ELONGATION	-0.696484277097775	0.8804347826086957	0.9693840141846908	8/20	ESR1;PTK7;WNT11;SIX1;HOXD13;FGF1;SPRY2;MAGI2	TUB	GO_BP	no_proc_ieg	10347
GOBP_REGULATION_OF_CARDIAC_MUSCLE_CELL_ACTION_POTENTIAL	-0.6968325425320212	0.884514435695538	0.9699884837196471	7/21	SLC4A3;RYR2;ANK2;CALM1;CTNNA3;HCN4;CACNA1C	TUB	GO_BP	no_proc_ieg	10347
GOBP_ATRIAL_CARDIAC_MUSCLE_TISSUE_DEVELOPMENT	-0.7007627825160042	0.8443271767810027	0.9677208899459673	7/17	TBX5;WNT2;ZIC3;NKX2-5;HCN4;CACNA1G;TREX1	TUB	GO_BP	no_proc_ieg	10347
GOBP_MULTICELLULAR_ORGANISMAL_LEVEL_IRON_ION_HOMEOSTASIS	-0.7030060053260213	0.8891752577319587	0.9668473217051585	11/19	EPB42;HFE;EIF2AK1;SLC11A2;SLC11A1;TMPRSS6;NEO1;FECH;RHAG;TFR2;NAGLU	TUB	GO_BP	no_proc_ieg	10347
GOBP_SNRNA_PROCESSING	-0.706949128784853	0.8598382749326146	0.9644982112396939	5/22	FTO;TUT1;TOE1;EXOSC7;SAGE1	TUB	GO_BP	no_proc_ieg	10347
GOBP_REGULATION_OF_MUSCLE_HYPERTROPHY	-0.7104432925954893	0.9242424242424242	0.962245502097306	10/42	ACACB;PRKCA;ADCY10;RGS2;PDE9A;AKAP6;ROCK2;ADRA1A;TRPC3;FOXO1	TUB	GO_BP	no_proc_ieg	10347
GOBP_MELANOCYTE_DIFFERENTIATION	-0.7111913716828999	0.8537859007832899	0.962471391502974	11/18	KIT;OR51E2;GLI3;OCA2;SOX10;CITED1;EDN3;TYRP1;BCL2;EDNRB;ENPP1	TUB	GO_BP	no_proc_ieg	10347
GOBP_SARCOPLASMIC_RETICULUM_CALCIUM_ION_TRANSPORT	-0.7128712333414394	0.8950437317784257	0.9618574219006796	14/31	CASQ1;RYR2;ANK2;CALM1;AKAP6;ATP1A2;CASQ2;CACNA1C;NOL3;ATP2A1;RYR1;CACNG1;HRC;SLN	TUB	GO_BP	no_proc_ieg	10347
GOBP_LUNG_EPITHELIUM_DEVELOPMENT	-0.7128724526572014	0.8888888888888888	0.9627206256005585	12/37	STRA6;ASCL1;CTNNB1;NFIB;WNT2;PKD1;NKX2-1;COL6A1;SRSF6;IL13;WNT7B;SPDEF	TUB	GO_BP	no_proc_ieg	10347
GOBP_VESICLE_DOCKING_INVOLVED_IN_EXOCYTOSIS	-0.7129403845753332	0.8763157894736842	0.9635243980660262	9/21	GNAO1;SNPH;UNC13A;YKT6;KCNB1;PPFIA3;VPS11;UNC13B;VTI1B	TUB	GO_BP	no_proc_ieg	10347
GOBP_REGULATION_OF_TRANSCRIPTION_BY_RNA_POLYMERASE_III	-0.7146055401229282	0.8906666666666667	0.9629367354880471	2/21	ELL;NAB2	TUB	GO_BP	no_proc_ieg	10347
GOBP_ANIMAL_ORGAN_MATURATION	-0.7154834192996451	0.8915989159891599	0.9630140348847924	4/23	EBP;GH1;ZBTB16;ADAMTS12	TUB	GO_BP	no_proc_ieg	10347
GOBP_REGULATION_OF_PLATELET_ACTIVATION	-0.7160737408845643	0.9423076923076923	0.9633571198015539	17/41	HRG;PRKCD;PRKCA;TEC;ALOX12;IL6;GP9;PDGFB;APOE;C1QTNF1;PRKG1;PDGFRA;GP5;GP1BA;GP6;CELA2A;CTSG	TUB	GO_BP	no_proc_ieg	10347
GOBP_POSITIVE_REGULATION_OF_GLUCONEOGENESIS	-0.7186018760570017	0.8341708542713567	0.9617623655183778	3/16	KAT2A;PPARGC1A;FOXO1	TUB	GO_BP	no_proc_ieg	10347
GOBP_GLUCOCORTICOID_METABOLIC_PROCESS	-0.721628980327351	0.8737113402061856	0.9598604424899266	11/22	BMP5;CYP11B2;STAR;REST;CRH;CYP11A1;APOA1;WNT4;SERPINA6;HSD11B2;CYP11B1	TUB	GO_BP	no_proc_ieg	10347
GOBP_RESPONSE_TO_EPIDERMAL_GROWTH_FACTOR	-0.7243957382217606	0.8960674157303371	0.9581450549024795	8/30	CFLAR;BAIAP2;ASCL1;EGFR;INPP5K;PDE8A;PLCG1;PAX2	TUB	GO_BP	no_proc_ieg	10347
GOBP_ATRIAL_SEPTUM_DEVELOPMENT	-0.7295445924987511	0.8358585858585859	0.9540130080241611	5/16	ANK2;WNT11;TBX5;SMO;NKX2-5	TUB	GO_BP	no_proc_ieg	10347
GOBP_VESICLE_TRANSPORT_ALONG_MICROTUBULE	-0.7322492066686497	0.8785310734463276	0.9521633439860104	6/31	HAP1;NDEL1;DYNC1I1;BLOC1S1;KIF5A;TRIM46	TUB	GO_BP	no_proc_ieg	10347
GOBP_POSITIVE_REGULATION_OF_NERVOUS_SYSTEM_PROCESS	-0.7326889816352511	0.845360824742268	0.9525831206064737	11/21	CARTPT;MTNR1B;TPPP;HCRT;MAG;RIMS1;SOX10;RIMS2;NTSR1;ABAT;UNC13B	TUB	GO_BP	no_proc_ieg	10347
GOBP_REGULATION_OF_STEM_CELL_PROLIFERATION	-0.7339400827852068	0.9335548172757475	0.9521925792497208	7/65	FERMT2;RARB;RARG;PIM1;GLI3;CTNNB1;WNT11	TUB	GO_BP	no_proc_ieg	10347
GOBP_COPPER_ION_HOMEOSTASIS	-0.7341384480107479	0.851063829787234	0.9528474004674028	5/17	SLC31A2;SLC31A1;MT2A;ATP7A;CUTC	TUB	GO_BP	no_proc_ieg	10347
GOBP_REGULATION_OF_ISOTYPE_SWITCHING	-0.7343291013024897	0.8676056338028169	0.9535236250679443	9/22	TFRC;FOXP3;HMCES;ATAD5;IL10;IL4;SUPT6H;CLCF1;IL2	TUB	GO_BP	no_proc_ieg	10347
GOBP_REGULATION_OF_BRANCHING_INVOLVED_IN_URETERIC_BUD_MORPHOGENESIS	-0.7361406574770172	0.8363636363636363	0.9524733365905839	4/16	VEGFA;SMO;LGR4;SIX1	TUB	GO_BP	no_proc_ieg	10347
GOBP_AXON_EXTENSION	-0.7407386784984016	0.9534883720930233	0.9483766052070579	34/87	MAPT;HDAC6;IFRD1;VEGFA;ADCY10;ALCAM;POU4F3;RAB21;GOLGA4;AUTS2;SRF;SLIT1;CDH4;TRIM46;NLGN3;ARHGAP4;ULK1;APOE;SEMA7A;LHX2;MAG;PLXNA3;DSCAM;WNT3;DNM2;KIAA0319;GDI1;EDN3;NRP2;CDKL3;L1CAM;CDK5;SEMA3A;EDN2	TUB	GO_BP	no_proc_ieg	10347
GOBP_CELL_CELL_RECOGNITION	-0.7435284303530315	0.9003115264797508	0.9462100328589812	7/41	NEDD9;SPAM1;ZP2;OVGP1;EPHB1;ATP8B3;FUT3	TUB	GO_BP	no_proc_ieg	10347
GOBP_REGULATION_OF_CELL_MATURATION	-0.7464856390178477	0.849009900990099	0.9437707098835314	11/18	RAC3;TRIM58;NPR2;TCP11;NPPC;SIRT2;BNC1;RET;BCL2;PAEP;EDNRB	TUB	GO_BP	no_proc_ieg	10347
GOBP_REGULATION_OF_OSSIFICATION	-0.748205893756306	0.9776119402985075	0.9426487931894111	25/96	BMP7;CYP27B1;CALCA;TOB2;ZBTB16;RXRA;ADCY10;VDR;FZD9;CHSY1;GDF10;CALCR;SOX11;ACTN3;FGF23;PTGER4;OXT;AHSG;KL;WNT10B;GFRA4;SMAD7;ACVR2A;NELL1;DDR2	TUB	GO_BP	no_proc_ieg	10347
GOBP_RESPONSE_TO_MUSCLE_ACTIVITY	-0.7504634035127944	0.8337730870712401	0.9409323909123125	7/19	ABCG5;RYR2;PPARGC1A;MYOG;TNS2;NFATC1;COL6A1	TUB	GO_BP	no_proc_ieg	10347
GOBP_REGULATION_OF_MORPHOGENESIS_OF_AN_EPITHELIUM	-0.7523904105592086	0.8930817610062893	0.9395291698972292	12/52	BMP7;ESR1;CTNNB1;VEGFA;ADAMTS12;EGF;WNT2;SMO;LGR4;SIX1;HOXD13;PAX2	TUB	GO_BP	no_proc_ieg	10347
GOBP_LIPID_EXPORT_FROM_CELL	-0.7539112064522123	0.9003115264797508	0.9386049136435527	18/42	FZD4;PLA2G10;NOS2;RETN;CRY2;NKX3-1;KCNQ1;CRHR1;MAP2K6;OXT;CRH;TNFSF11;LEP;C1QTNF1;GDF9;GALR1;REN;IL1A	TUB	GO_BP	no_proc_ieg	10347
GOBP_INNER_EAR_RECEPTOR_CELL_STEREOCILIUM_ORGANIZATION	-0.7547887553192081	0.8196286472148541	0.938414664474125	6/17	HES1;WHRN;USH1C;MYO7A;TSKU;MKS1	TUB	GO_BP	no_proc_ieg	10347
GOBP_POSITIVE_REGULATION_OF_DNA_REPLICATION	-0.7558655988585717	0.8929663608562691	0.9379731679042671	6/33	WEE1;CDKN1A;PTK6;GLI1;EGFR;ATAD5	TUB	GO_BP	no_proc_ieg	10347
GOBP_POSITIVE_REGULATION_OF_INSULIN_SECRETION	-0.7562770698167921	0.9110320284697508	0.9383730604562078	25/59	PFKFB2;NR0B2;BAIAP3;PRKAR1A;PLA2G6;ABCC8;CRH;ADCY8;GIP;CASR;RBP4;TRH;IRS2;GIPR;FFAR2;F2RL2;ABAT;BLK;GPR68;ITPR1;GCK;F2;ISL1;PCK2;GCG	TUB	GO_BP	no_proc_ieg	10347
GOBP_SYNAPTIC_VESICLE_MEMBRANE_ORGANIZATION	-0.758150072716821	0.8194070080862533	0.9369906703038062	4/19	GRIK5;RAB3A;DOC2A;CPLX3	TUB	GO_BP	no_proc_ieg	10347
GOBP_OLFACTORY_LOBE_DEVELOPMENT	-0.7585403109088849	0.8319088319088319	0.9373760765930114	9/26	OGDH;ZIC3;SRF;SLIT1;DLX2;ATP1A2;FUT1;SEMA7A;LHX2	TUB	GO_BP	no_proc_ieg	10347
GOBP_BILE_ACID_METABOLIC_PROCESS	-0.7588734577211452	0.8604651162790697	0.9378062103976902	15/33	BAAT;KIT;ACAA1;ACOX2;STAR;ABCD3;ACOT8;LEP;ABCB11;NPC1;AKR1D1;SLC27A2;AKR1C4;SULT2A1;CYP27A1	TUB	GO_BP	no_proc_ieg	10347
GOBP_REGULATION_OF_MICROTUBULE_POLYMERIZATION	-0.7595049466630384	0.8806451612903226	0.9379102858725887	7/45	CLIP1;ARHGEF7;FKBP4;MAPT;CLIP3;MAPRE3;DYRK1A	TUB	GO_BP	no_proc_ieg	10347
GOBP_VITAMIN_D_METABOLIC_PROCESS	-0.760065946144632	0.812807881773399	0.9380976234966796	2/17	CYP3A4;CYP27B1	TUB	GO_BP	no_proc_ieg	10347
GOBP_MESENCHYME_MORPHOGENESIS	-0.7610851012336127	0.8838709677419355	0.9377135443000694	11/52	BMP7;CPLANE2;BMP5;WNT11;TGFB3;ACTA1;TMEM100;FOXF1;ACTC1;MSX2;HEYL	TUB	GO_BP	no_proc_ieg	10347
GOBP_NEGATIVE_REGULATION_OF_CATION_CHANNEL_ACTIVITY	-0.7614043492566962	0.823076923076923	0.9381609919328056	8/22	KCNE2;DRD3;DRD2;CALM1;CASQ2;CRHR1;KCNE5;EPO	TUB	GO_BP	no_proc_ieg	10347
GOBP_POSITIVE_REGULATION_OF_HEART_GROWTH	-0.7614285807202807	0.8396739130434783	0.9389990322452973	7/29	PIM1;ACACB;TGFBR3;GLI1;TBX5;WNT2;AKAP6	TUB	GO_BP	no_proc_ieg	10347
GOBP_SALIVARY_GLAND_DEVELOPMENT	-0.7621056291324055	0.8438356164383561	0.9390099933101562	6/29	BMP7;EDA;TGFB3;NFIB;EGFR;NKX3-1	TUB	GO_BP	no_proc_ieg	10347
GOBP_POSITIVE_REGULATION_OF_NOTCH_SIGNALING_PATHWAY	-0.7625565432276993	0.8406593406593407	0.9393269766094635	6/28	HES1;KIT;ASCL1;TP63;WNT1;GDF2	TUB	GO_BP	no_proc_ieg	10347
GOBP_POSITIVE_REGULATION_OF_FATTY_ACID_TRANSPORT	-0.7632824285556505	0.8184357541899442	0.9392382294969118	10/23	SSTR4;PLA2G10;CYP4A11;MAP2K6;OXT;TNFSF11;CYP4F2;NTSR1;IL1A;PLA2R1	TUB	GO_BP	no_proc_ieg	10347
GOBP_CELL_AGGREGATION	-0.7655783173657661	0.7971830985915493	0.9371798365132943	9/18	OTOR;PKD1;FGF6;MYF5;BPIFA1;SOX5;WNT7A;MPZ;COL2A1	TUB	GO_BP	no_proc_ieg	10347
GOBP_PROTEIN_LOCALIZATION_TO_ENDOSOME	-0.7656771977346074	0.7978142076502732	0.9379216737294441	5/18	ABHD17B;EGF;ARF6;EZR;ROCK2	TUB	GO_BP	no_proc_ieg	10347
GOBP_ENDOCRINE_PROCESS	-0.7660681146731232	0.9112903225806451	0.9382615752614931	29/78	CGA;FZD4;KISS1;OR51E2;DRD5;RETN;INHA;CYP11B2;CRY2;NOX1;NKX3-1;KCNQ1;NPVF;SERPINF2;CRHR1;CRH;RAB11FIP3;TRPV6;UCN;LEP;OPRK1;FOXL2;C1QTNF1;GDF9;ECE1;GALR1;HSD11B2;EDN3;REN	TUB	GO_BP	no_proc_ieg	10347
GOBP_POSITIVE_REGULATION_OF_MUSCLE_CELL_APOPTOTIC_PROCESS	-0.7662817775417445	0.8010610079575596	0.9388546756420741	4/23	CAMK2A;CDKN2A;ADCY10;BAG1	TUB	GO_BP	no_proc_ieg	10347
GOBP_UNSATURATED_FATTY_ACID_METABOLIC_PROCESS	-0.767036323852651	0.9348659003831418	0.9387526419649783	21/75	CYP2A7;CYP4F12;DECR2;ABCD1;PLA2G10;HPGD;EPHX1;ACAA1;CYP1A2;CYP2C8;ALOX12;ELOVL4;ELOVL2;CYP4A11;CYP2A13;ALOX15;ACOT8;CYP2A6;CYP2C19;CYP4F2;ALOX12B	TUB	GO_BP	no_proc_ieg	10347
GOBP_CALCIUM_ION_REGULATED_EXOCYTOSIS	-0.7686357320264753	0.8571428571428571	0.9374816769421266	14/40	BAIAP3;RAB3A;CADPS;SCIN;DOC2A;UNC13A;REST;TRPV6;HYAL3;CDK5R2;STX1A;KCNB1;RIMS1;RIMS2	TUB	GO_BP	no_proc_ieg	10347
GOBP_NADP_METABOLIC_PROCESS	-0.7687374764176111	0.8322981366459627	0.9382231072588997	5/37	NOCT;ALDH1L1;ACACB;FMO5;ALDOB	TUB	GO_BP	no_proc_ieg	10347
GOBP_RESPONSE_TO_COPPER_ION	-0.7694857511542228	0.8240469208211144	0.9381160413526856	8/26	TFRC;MT1M;MT2A;ATP7A;MT1X;AQP2;MT4;PRNP	TUB	GO_BP	no_proc_ieg	10347
GOBP_INSULIN_LIKE_GROWTH_FACTOR_RECEPTOR_SIGNALING_PATHWAY	-0.7700512408771636	0.8654434250764526	0.9382490030211071	12/41	IRS1;GHRH;GH1;BMP5;GHSR;NKX3-1;WNT1;INPPL1;GHR;GRB10;COL6A1;ERCC2	TUB	GO_BP	no_proc_ieg	10347
GOBP_ACTIVATION_OF_PROTEIN_KINASE_B_ACTIVITY	-0.7705237703955035	0.7984293193717278	0.9384602827780104	7/18	NTRK3;ANG;INS;NTF3;FGF1;NRG1;ADRA2B	TUB	GO_BP	no_proc_ieg	10347
GOBP_STRESS_GRANULE_ASSEMBLY	-0.7705906613961782	0.8204419889502762	0.9392377085484885	4/30	DDX3X;MAPT;DYNC1H1;PRRC2C	TUB	GO_BP	no_proc_ieg	10347
GOBP_RNA_STABILIZATION	-0.7712200818655722	0.8694362017804155	0.9392187941134242	6/38	NOCT;METTL1;LARP1;E2F1;ELAVL1;HNRNPD	TUB	GO_BP	no_proc_ieg	10347
GOBP_POSITIVE_REGULATION_OF_CARDIAC_MUSCLE_CELL_PROLIFERATION	-0.7713160415641114	0.8081841432225064	0.9399629010379584	5/21	PIM1;TGFBR3;GLI1;TBX5;WNT2	TUB	GO_BP	no_proc_ieg	10347
GOBP_POSITIVE_REGULATION_OF_BMP_SIGNALING_PATHWAY	-0.7714024075535381	0.8067885117493473	0.9407282585157101	6/24	HES1;GPC3;GDF5;MSX2;GDF2;SOX11	TUB	GO_BP	no_proc_ieg	10347
GOBP_REGULATION_OF_HEMATOPOIETIC_PROGENITOR_CELL_DIFFERENTIATION	-0.7729149977534225	0.8209876543209876	0.9395466981036589	4/29	HSPA9;ITCH;HES1;VEGFA	TUB	GO_BP	no_proc_ieg	10347
GOBP_MITOCHONDRIAL_RNA_PROCESSING	-0.7736859127706339	0.7941952506596306	0.9394557740266608	1/17	CDK5RAP1	TUB	GO_BP	no_proc_ieg	10347
GOBP_RELEASE_OF_SEQUESTERED_CALCIUM_ION_INTO_CYTOSOL_BY_ENDOPLASMIC_RETICULUM	-0.7745025474836567	0.8121387283236994	0.9392389438983784	13/28	CASQ1;RYR2;ANK2;CALM1;AKAP6;ATP1A2;CASQ2;CACNA1C;NOL3;FASLG;RYR1;HRC;ITPR1	TUB	GO_BP	no_proc_ieg	10347
GOBP_SECONDARY_METABOLITE_BIOSYNTHETIC_PROCESS	-0.7759300581525307	0.7780678851174935	0.9381753413774581	7/21	BDH2;CYP1A2;MC1R;SLC45A2;OCA2;ATP7A;DCT	TUB	GO_BP	no_proc_ieg	10347
GOBP_CARTILAGE_CONDENSATION	-0.7770027350461107	0.7835616438356164	0.9375768767661232	7/15	OTOR;PKD1;FGF6;MYF5;SOX5;WNT7A;COL2A1	TUB	GO_BP	no_proc_ieg	10347
GOBP_CELLULAR_RESPONSE_TO_GONADOTROPIN_STIMULUS	-0.7802902625725516	0.7771883289124668	0.9338869960834313	4/17	SLC5A5;GCLC;FSHR;WT1	TUB	GO_BP	no_proc_ieg	10347
GOBP_MONOCARBOXYLIC_ACID_BIOSYNTHETIC_PROCESS	-0.7814311862288424	0.984375	0.933179218355606	35/151	PDK4;CYP3A4;INSIG1;DECR2;ACOT7;BAAT;APOC3;ABCD1;ACLY;ACACB;PRKAG2;PLA2G10;GATM;MLXIPL;CYP1A2;MECR;PECR;CYP2C8;ACOX2;ALOX12;ACSM3;STAR;ELOVL4;ACADL;ELOVL2;OLAH;KMO;ALOX15;ABCD3;APOA4;ACOT8;LPL;THNSL2;LIPG;GIP	TUB	GO_BP	no_proc_ieg	10347
GOBP_INTERLEUKIN_6_MEDIATED_SIGNALING_PATHWAY	-0.7829863437020778	0.770935960591133	0.9318300281768026	6/15	FER;IL6;IL6R;GFI1;SRC;RIPK1	TUB	GO_BP	no_proc_ieg	10347
GOBP_P38MAPK_CASCADE	-0.783367592970898	0.853035143769968	0.9321400405817988	13/39	GADD45A;XDH;VEGFA;PER1;PJA2;EZR;ZC3H12A;MAP2K6;PRMT1;CYLD;LEP;OPRK1;HAND2	TUB	GO_BP	no_proc_ieg	10347
GOBP_NEGATIVE_REGULATION_OF_CALCIUM_ION_TRANSPORT	-0.7852701289170251	0.8588957055214724	0.9303063394421658	14/45	HES1;YWHAE;STC1;DRD3;DRD2;CALM1;INPP5K;NOS1;PACSIN3;ATP1A2;CASQ2;CRHR1;EPO;TMBIM6	TUB	GO_BP	no_proc_ieg	10347
GOBP_DEVELOPMENTAL_INDUCTION	-0.7856515861184259	0.7734806629834254	0.9306344971528734	10/27	CTNNB1;FRS2;WNT2;HIPK1;WNT1;SIX1;NKX2-1;FGF1;WNT4;WNT3	TUB	GO_BP	no_proc_ieg	10347
GOBP_CARDIAC_VENTRICLE_DEVELOPMENT	-0.7864567667790271	0.9215686274509803	0.9303757241860994	14/94	MYL3;HES1;HAND1;STRA6;RYR2;GREB1L;PTK7;TNNI3;WNT11;TGFBR3;TBX5;FRS2;FOXH1;TNNI1	TUB	GO_BP	no_proc_ieg	10347
GOBP_POSITIVE_REGULATION_OF_IMMUNOGLOBULIN_PRODUCTION	-0.789161477537949	0.8547297297297297	0.9273007062885882	9/38	DNAJB9;TFRC;PHB1;HPX;HMCES;ATAD5;IL6;IL10;IL5	TUB	GO_BP	no_proc_ieg	10347
GOBP_REGULATION_OF_ESTABLISHMENT_OF_PROTEIN_LOCALIZATION_TO_MITOCHONDRION	-0.7893858334621645	0.8226299694189603	0.9278821016073256	5/35	PRKN;HAX1;MAPT;ADCY10;SREBF2	TUB	GO_BP	no_proc_ieg	10347
GOBP_REGULATION_OF_PROTEIN_TYROSINE_KINASE_ACTIVITY	-0.792906363399909	0.7931034482758621	0.9234221961306209	4/34	NEDD9;PTK6;EFNA1;NOX4	TUB	GO_BP	no_proc_ieg	10347
GOBP_RESPONSE_TO_PEPTIDE	-0.7953719666655367	0.7664041994750657	0.9205608704738707	8/15	SLC34A1;KLF15;NPR2;SMPD3;KLF1;CASR;IRS2;COL6A1	TUB	GO_BP	no_proc_ieg	10347
GOBP_POSITIVE_REGULATION_OF_G1_S_TRANSITION_OF_MITOTIC_CELL_CYCLE	-0.7970817187147138	0.7521613832853026	0.9187813616066403	5/29	DDX3X;KCNA5;HYAL1;EGFR;AIF1	TUB	GO_BP	no_proc_ieg	10347
GOBP_REGULATION_OF_PLATELET_AGGREGATION	-0.7989521142367464	0.7617801047120419	0.9167901386007001	9/20	PRKCD;PRKCA;ALOX12;IL6;C1QTNF1;PRKG1;GP6;CELA2A;CTSG	TUB	GO_BP	no_proc_ieg	10347
GOBP_REGULATION_OF_ACUTE_INFLAMMATORY_RESPONSE	-0.799500913554045	0.8011695906432749	0.9168163845243458	13/36	PTGER3;KLKB1;DNASE1L3;PLA2G2D;CNR1;IL6;INS;OSM;TNFSF11;ADAM8;FUT7;FFAR2;DNASE1	TUB	GO_BP	no_proc_ieg	10347
GOBP_RESPONSE_TO_MUSCLE_STRETCH	-0.7996753812438342	0.771978021978022	0.9174134406024639	7/18	RYR2;CTNNB1;ANKRD1;NPPA;GSN;DDR2;TCAP	TUB	GO_BP	no_proc_ieg	10347
GOBP_NEGATIVE_REGULATION_OF_PROTEIN_DEPHOSPHORYLATION	-0.8010196626223877	0.7613636363636364	0.9161890013617615	5/17	PPP1R16B;YWHAE;ENSA;CRY2;ROCK2	TUB	GO_BP	no_proc_ieg	10347
GOBP_TRANSPOSITION	-0.8019633525772003	0.7801608579088471	0.9155255321781193	10/21	ZNF91;PIWIL2;PIWIL1;ZNF93;L1TD1;SMYD5;FKBP6;TREX1;TUT4;DDX4	TUB	GO_BP	no_proc_ieg	10347
GOBP_POSITIVE_REGULATION_OF_ORGANIC_ACID_TRANSPORT	-0.8027777314359245	0.7961783439490446	0.9151149530984914	17/38	SSTR4;PLA2G10;SLC38A3;CYP4A11;KMO;MAP2K6;OXT;TNFSF11;CYP4F2;TRH;ABCB11;GABBR1;AVP;NTSR1;ABAT;IL1A;PLA2R1	TUB	GO_BP	no_proc_ieg	10347
GOBP_ROOF_OF_MOUTH_DEVELOPMENT	-0.8033248210285501	0.8585858585858586	0.9151055081742335	9/67	INSIG1;COL11A2;TBX1;CDK20;GLI3;FOXF2;WNT11;TGFBR3;TGFB3	TUB	GO_BP	no_proc_ieg	10347
GOBP_NEGATIVE_REGULATION_OF_TOR_SIGNALING	-0.8040017978255485	0.8267477203647416	0.91488526001115	3/38	EPM2A;RPS6KA1;KPTN	TUB	GO_BP	no_proc_ieg	10347
GOBP_L_GLUTAMATE_IMPORT	-0.8042154527295812	0.7818181818181819	0.9154271435491664	14/32	SLC1A1;GRM1;ABCC8;SLC1A6;SLC25A13;SLC1A7;KMO;ATP1A2;SLC17A7;GNAT2;TTYH1;KCNJ10;NTSR1;TNF	TUB	GO_BP	no_proc_ieg	10347
GOBP_PURINE_NUCLEOTIDE_TRANSPORT	-0.805244436806071	0.7774725274725275	0.9146922022809856	8/23	ABCD1;ADCY10;SLC25A4;SLC25A31;SLC19A1;GJB1;SLC17A9;SLC25A17	TUB	GO_BP	no_proc_ieg	10347
GOBP_POSITIVE_REGULATION_OF_SMOOTHENED_SIGNALING_PATHWAY	-0.8052921895895289	0.7404580152671756	0.9154924831682909	5/18	GPC3;GLI1;CHSY1;DYNC2H1;SMO	TUB	GO_BP	no_proc_ieg	10347
GOBP_SOMITOGENESIS	-0.8069100932171455	0.8109756097560976	0.913701408752702	4/45	CDX1;TBXT;PLXNA2;KAT2A	TUB	GO_BP	no_proc_ieg	10347
GOBP_ENDOCARDIAL_CUSHION_FORMATION	-0.8069629036835914	0.7784256559766763	0.914497978762352	6/28	BMP7;BMP5;TGFB3;TMEM100;MSX2;HEYL	TUB	GO_BP	no_proc_ieg	10347
GOBP_NADH_METABOLIC_PROCESS	-0.8076509305296757	0.7797101449275362	0.9141897680307984	10/27	TPI1;ENO3;ALDOB;GPD1;PGK2;NUDT13;HK3;PGAM2;PGK1;MDH2	TUB	GO_BP	no_proc_ieg	10347
GOBP_CELLULAR_RESPONSE_TO_FLUID_SHEAR_STRESS	-0.8081690571988084	0.7610837438423645	0.9142235199252354	4/15	MTSS1;ASS1;SREBF2;HDAC3	TUB	GO_BP	no_proc_ieg	10347
GOBP_GANGLION_DEVELOPMENT	-0.808876602213429	0.7319347319347319	0.9138853316121509	6/15	ASCL1;CTNNB1;PHOX2B;INSM1;SIX1;UNC5C	TUB	GO_BP	no_proc_ieg	10347
GOBP_RESPONSE_TO_SALT	-0.8100429204433808	0.7213114754098361	0.9128492431835792	5/19	ALPL;NPR2;HNRNPD;ZC3H12A;FGF23	TUB	GO_BP	no_proc_ieg	10347
GOBP_REGULATION_OF_ENDOCRINE_PROCESS	-0.8108988185867188	0.7888198757763976	0.9122562547011338	17/36	KISS1;OR51E2;RETN;INHA;CRY2;NKX3-1;NPVF;CRHR1;CRH;UCN;LEP;OPRK1;FOXL2;C1QTNF1;GDF9;GALR1;REN	TUB	GO_BP	no_proc_ieg	10347
GOBP_POSITIVE_REGULATION_OF_CELL_GROWTH	-0.812881450470978	0.926605504587156	0.9097577247718395	39/119	HBEGF;DDX3X;PRKN;RPS6KA1;MAPT;ITSN2;NEDD4L;VEGFA;HYAL1;ADCY10;CPNE6;KRT17;EGFR;GOLGA4;SRF;CDH4;AKAP6;MAPKAP1;MTOR;INS;UNC13A;EXTL3;LGI1;SMAD7;UCN;SEMA7A;LPAR3;RIMS1;IL9;DSCAM;RIMS2;WNT3;RND2;SUPV3L1;PLAA;AVP;H3-3B;GDI1;IL2	TUB	GO_BP	no_proc_ieg	10347
GOBP_VESICLE_CYTOSKELETAL_TRAFFICKING	-0.8136209744490139	0.7976190476190477	0.9093673243675848	7/40	HAP1;PPFIA2;NDEL1;DYNC1I1;BLOC1S1;KIF5A;TRIM46	TUB	GO_BP	no_proc_ieg	10347
GOBP_REGULATION_OF_IMMUNOGLOBULIN_PRODUCTION	-0.8143548353332636	0.8270676691729323	0.9090368407465454	20/53	DNAJB9;TFRC;PHB1;HPX;FOXP3;HMCES;ATAD5;IL6;IL10;IL5;TMBIM6;RBP4;IL4;TREX1;SUPT6H;CD22;CLCF1;IL13;TNF;IL2	TUB	GO_BP	no_proc_ieg	10347
GOBP_MITOCHONDRIAL_RNA_METABOLIC_PROCESS	-0.8146822963657876	0.8138138138138138	0.9093141668236202	4/34	CDK5RAP1;MTERF4;FOXO3;KANSL3	TUB	GO_BP	no_proc_ieg	10347
GOBP_LYMPHOID_PROGENITOR_CELL_DIFFERENTIATION	-0.8156484586377855	0.7548209366391184	0.9085639255425372	2/20	HES1;KIT	TUB	GO_BP	no_proc_ieg	10347
GOBP_REGULATION_OF_MITOCHONDRIAL_GENE_EXPRESSION	-0.8163730906191947	0.753731343283582	0.9082588551655829	3/19	CDK5RAP1;KANSL3;TSFM	TUB	GO_BP	no_proc_ieg	10347
GOBP_PHOSPHATIDYLINOSITOL_MEDIATED_SIGNALING	-0.8165050128930563	0.753731343283582	0.9089572021973392	2/19	PIK3C2G;PLCH2	TUB	GO_BP	no_proc_ieg	10347
GOBP_NEGATIVE_REGULATION_OF_AXONOGENESIS	-0.8171825974390398	0.8142414860681114	0.9086595412850758	19/44	FSTL4;HDAC6;IFRD1;MCF2;SLIT1;DAB1;DCC;TRIM46;ARHGAP4;ULK1;MAG;PLXNA3;WNT3;KIAA0319;GDI1;CDKL3;CDK5;SEMA3A;THY1	TUB	GO_BP	no_proc_ieg	10347
GOBP_EMBRYONIC_HEMOPOIESIS	-0.8172999129944759	0.7668393782383419	0.9093476614902563	3/19	TAL1;KIT;VEGFA	TUB	GO_BP	no_proc_ieg	10347
GOBP_MICROTUBULE_BASED_TRANSPORT	-0.820285645905745	0.9057591623036649	0.9049171847093337	26/133	HAP1;DST;UBB;IFT46;MAPT;DYNC1H1;KIF17;OPA1;CFAP45;ARL3;HDAC6;CLIP3;ADCY10;TRIM58;RAB21;NDEL1;MAP1A;DYNC1I1;RAB6A;FUZ;DNAI1;SUN1;MAPK8IP3;DNAAF1;DYNC2H1;BLOC1S1	TUB	GO_BP	no_proc_ieg	10347
GOBP_NADPH_REGENERATION	-0.8204672419558299	0.7125	0.9054752111260882	3/18	ALDH1L1;ACACB;ALDOB	TUB	GO_BP	no_proc_ieg	10347
GOBP_MITOPHAGY	-0.8218758276973915	0.8113207547169812	0.9038382550909613	14/53	RETREG1;TAFAZZIN;PRKN;HDAC6;ADCY10;SREBF2;SLC25A4;ABI2;FBXO7;BNIP3L;EIF2AK1;PARL;RNF41;ARFIP2	TUB	GO_BP	no_proc_ieg	10347
GOBP_THYMIC_T_CELL_SELECTION	-0.8223465992907769	0.7082228116710876	0.9038929875243401	5/22	AIRE;ITPKB;GLI3;FOXN1;SRF	TUB	GO_BP	no_proc_ieg	10347
GOBP_REGULATION_OF_GLUCONEOGENESIS	-0.8223573395784719	0.752112676056338	0.9047583311667128	9/32	KAT2A;GNMT;CLK2;PPARGC1A;INS;ZNF692;FOXO1;PDK2;LEP	TUB	GO_BP	no_proc_ieg	10347
GOBP_PEPTIDE_METABOLIC_PROCESS	-0.823625407316536	0.8207885304659498	0.903259447584726	5/57	CPM;BDH2;SLC1A1;ELANE;HAGH	TUB	GO_BP	no_proc_ieg	10347
GOBP_NEGATIVE_REGULATION_OF_SYSTEMIC_ARTERIAL_BLOOD_PRESSURE	-0.8238371284430982	0.7219387755102041	0.9037406738193873	9/19	CALCA;NPPA;ADRA1A;GPR37L1;KL;CRH;ADRB3;NTSR1;TNF	TUB	GO_BP	no_proc_ieg	10347
GOBP_RELAXATION_OF_CARDIAC_MUSCLE	-0.8245295158051068	0.7240506329113924	0.9033363441020028	9/15	RGS2;GSN;ATP1A2;CHGA;HRC;SLC8A1;PDE4B;PDE4D;ATP1B1	TUB	GO_BP	no_proc_ieg	10347
GOBP_POSITIVE_REGULATION_OF_HORMONE_SECRETION	-0.8248908183158474	0.9074074074074074	0.9035557920066984	46/107	PFKFB2;NR0B2;BAIAP3;GHRH;KISS1;PRKAR1A;RETN;INHA;PLA2G6;ABCC8;EGFR;DRD2;NKX3-1;INS;HFE;SOX11;ADCYAP1;CRH;ADCY8;GIP;TNFSF11;CASR;UCN;LEP;RBP4;TRH;IRS2;GIPR;FOXL2;C1QTNF1;GABBR1;FFAR2;F2RL2;GALR1;EDN3;ABAT;BLK;GPR68;TFR2;ITPR1;GCK;PLA2G3;F2;ISL1;PCK2;GCG	TUB	GO_BP	no_proc_ieg	10347
GOBP_MALE_GAMETE_GENERATION	-0.825010943651421	0.98	0.9042247588237594	67/337	CREM;PMFBP1;CHD5;ADCYAP1R1;SSTR2;CCDC87;PRKACG;TAFAZZIN;MAST2;RSPH6A;SERPINA5;CCNB1IP1;INPP5B;UBB;TNP1;TAF7L;SPAG11B;TEX14;SSTR3;PIAS1;KIT;SLC26A3;CATSPERG;DDX25;SLC22A14;ZBTB16;ADGB;OSBP2;AFF4;MSH4;ADCY10;CLDN11;ACTL7A;GLI1;PIWIL2;FSHB;GHSR;SLC19A2;RGS2;PIWIL1;CYLC2;KRT9;ATAT1;NPR2;TCP11;TP63;BRME1;SLC25A31;SUN1;OCA2;HSPA2;B4GALNT1;CNR1;FANCA;ADAM29;NR0B1;ZCWPW1;DEDD;RNF17;SEPTIN4;SPO11;LGR4;CELF3;DLEC1;SYNE1;JAM3;FSHR	TUB	GO_BP	no_proc_ieg	10347
GOBP_REGULATION_OF_MIRNA_TRANSCRIPTION	-0.825399800320264	0.7972972972972973	0.9044455221997446	16/61	KLF5;ESR1;FOXO3;DDX5;VEGFA;SREBF2;NFIB;EGFR;SRF;MYCN;RARA;IL10;MRTFA;PDGFB;PRL;REST	TUB	GO_BP	no_proc_ieg	10347
GOBP_POSITIVE_REGULATION_OF_SMOOTH_MUSCLE_CONTRACTION	-0.8259405920740024	0.7585227272727273	0.9043899004953173	7/23	TBXA2R;KIT;GHSR;SRF;ADRA1A;TACR3;OXT	TUB	GO_BP	no_proc_ieg	10347
GOBP_EXCRETION	-0.8263319825457918	0.7624633431085044	0.9045626913740453	5/24	STC1;UMOD;SLC22A6;SCN11A;DRD2	TUB	GO_BP	no_proc_ieg	10347
GOBP_REGULATION_OF_AUTOPHAGY_OF_MITOCHONDRION	-0.8268494975469539	0.7331460674157303	0.9045302821034259	12/37	PRKN;HAX1;HDAC6;ADCY10;SREBF2;SLC25A4;FBXO7;BNIP3L;EIF2AK1;PARL;RNF41;CAMKK2	TUB	GO_BP	no_proc_ieg	10347
GOBP_NEGATIVE_REGULATION_OF_PROTEIN_POLYMERIZATION	-0.826909638843871	0.767515923566879	0.9053219072739985	13/52	ARHGEF7;VILL;FKBP4;KANK1;PRKCD;SCIN;CLIP3;DYRK1A;SPTA1;GSN;ADD1;SPTBN5;SPTBN4	TUB	GO_BP	no_proc_ieg	10347
GOBP_SEX_DETERMINATION	-0.8269582140913538	0.7	0.9061427912580456	9/20	INSRR;SRY;NR5A1;NR0B1;AMH;WT1;FGF9;FOXL2;WNT4	TUB	GO_BP	no_proc_ieg	10347
GOBP_REGULATION_OF_HORMONE_BIOSYNTHETIC_PROCESS	-0.8277819914476576	0.7338308457711443	0.9055765134642269	3/18	ADM;CYP27B1;BMP5	TUB	GO_BP	no_proc_ieg	10347
GOBP_REGULATION_OF_NEURONAL_SYNAPTIC_PLASTICITY	-0.8278983866942728	0.7908309455587392	0.9062905605106297	14/39	CAMK2A;KIT;RAB3A;JPH3;DRD2;GRIN2B;SLC8A2;GRIN1;APOE;ARC;VGF;KCNJ10;PPFIA3;GRIN2A	TUB	GO_BP	no_proc_ieg	10347
GOBP_DOPAMINE_RECEPTOR_SIGNALING_PATHWAY	-0.8281395565603307	0.7716763005780347	0.9067306070756054	6/32	GNAO1;SLC1A1;NSG2;DRD5;DRD3;DRD2	TUB	GO_BP	no_proc_ieg	10347
GOBP_POSITIVE_REGULATION_OF_EXCITATORY_POSTSYNAPTIC_POTENTIAL	-0.828540165465036	0.7478260869565218	0.9069214003482263	13/24	BAIAP2;GRIN2B;NRXN1;NLGN3;GRIN1;STX1A;RIMS1;RIMS2;GRIN2A;WNT7A;SHANK1;CUX2;PRKAR1B	TUB	GO_BP	no_proc_ieg	10347
GOBP_MESENCHYMAL_CELL_DIFFERENTIATION	-0.8296042454504097	0.9216867469879518	0.905807241538982	50/186	FERMT2;BMP7;TCOF1;HES1;SEMA4G;TBX1;DDX17;CTNNB1;MARK1;DDX5;VEGFA;FOXF2;BMP5;PHOX2B;WNT11;TGFBR3;TGFB3;EFNA1;TBX5;FUZ;WWTR1;WNT2;TMEM100;FOXA2;HMGA2;ROCK2;IL6;ADIPOR1;MTOR;SEMA6C;SMO;SEMA3D;MSX2;SIX1;HEYL;FOLR1;TRIM62;SERPINB3;KDM1A;NKX2-1;PAX2;GBX2;SMAD7;LIMS1;ARB2A;POFUT2;ADAM8;NCAM1;SEMA4A;SEMA7A	TUB	GO_BP	no_proc_ieg	10347
GOBP_REGULATION_OF_HUMORAL_IMMUNE_RESPONSE_MEDIATED_BY_CIRCULATING_IMMUNOGLOBULIN	-0.8296638238023912	0.6983695652173914	0.906611268368179	3/17	SUSD4;FCER2;HPX	TUB	GO_BP	no_proc_ieg	10347
GOBP_MALE_GENITALIA_DEVELOPMENT	-0.8299161188900488	0.7506493506493507	0.9070377914015807	8/19	CTNNB1;GREB1L;BMP5;LGR4;HOXD13;HSD17B3;SRD5A2;WT1	TUB	GO_BP	no_proc_ieg	10347
GOBP_TOLERANCE_INDUCTION	-0.830399065159271	0.736986301369863	0.907090138254001	10/24	AIRE;ITCH;PSG9;FOXP3;PDCD1;IL2RA;IRAK3;CCR4;CD3E;TNFAIP3	TUB	GO_BP	no_proc_ieg	10347
GOBP_REGULATION_OF_PROTEIN_DEACETYLATION	-0.8309744093117335	0.7134146341463414	0.9069761140584985	7/24	KAT2A;MAPT;HDAC6;DYRK1A;TPPP;FRY;BEX4	TUB	GO_BP	no_proc_ieg	10347
GOBP_TRABECULA_MORPHOGENESIS	-0.8324470744191361	0.7529761904761905	0.9050936472368404	11/38	BMP7;TEK;VEGFA;BMP5;TGFBR3;FOXH1;SRF;MSX2;WNT10B;NKX2-5;RBP4	TUB	GO_BP	no_proc_ieg	10347
GOBP_PEPTIDYL_THREONINE_MODIFICATION	-0.833532447282668	0.8601398601398601	0.9039776329569476	16/79	HIPK3;CAMK2A;TAF1;PRKCD;PRKCA;PRKAG2;AZU1;ADCY10;CHI3L1;EGF;DYRK1A;CALM1;INPP5K;ROCK2;HIPK1;MAPK8	TUB	GO_BP	no_proc_ieg	10347
GOBP_STEROID_HORMONE_SECRETION	-0.8343110878929828	0.7066666666666667	0.9033827212066047	11/22	FZD4;RETN;CRY2;NKX3-1;KCNQ1;CRHR1;CRH;C1QTNF1;GDF9;GALR1;REN	TUB	GO_BP	no_proc_ieg	10347
GOBP_VASCULAR_ENDOTHELIAL_GROWTH_FACTOR_SIGNALING_PATHWAY	-0.8348404966357056	0.7421875	0.9031882132760443	4/31	HRG;XDH;VEGFA;GAB1	TUB	GO_BP	no_proc_ieg	10347
GOBP_RENAL_SYSTEM_PROCESS_INVOLVED_IN_REGULATION_OF_SYSTEMIC_ARTERIAL_BLOOD_PRESSURE	-0.8356169011287	0.6987341772151898	0.9026036545561142	10/23	CYP4F12;OR51E2;CYP11B2;PDGFB;SERPINF2;CYP4A11;CYP4F2;PTPRO;HSD11B2;REN	TUB	GO_BP	no_proc_ieg	10347
GOBP_REGULATION_OF_LAMELLIPODIUM_ORGANIZATION	-0.835875882878669	0.790273556231003	0.902994729407974	10/37	ARHGEF7;HRG;KANK1;FER;ABI2;AUTS2;AKIRIN1;ATP7A;MTOR;WNT1	TUB	GO_BP	no_proc_ieg	10347
GOBP_BONE_MATURATION	-0.8361051771505157	0.6981627296587927	0.903465360358202	4/19	EBP;GH1;ZBTB16;ADAMTS12	TUB	GO_BP	no_proc_ieg	10347
GOBP_REGULATION_OF_ATP_METABOLIC_PROCESS	-0.8371499655623024	0.7810457516339869	0.9023397857171203	11/54	PFKFB1;TAFAZZIN;ZBTB20;PRKAG2;ADCY10;MLXIPL;SLC4A4;GPD1;GAPDHS;MTOR;INS	TUB	GO_BP	no_proc_ieg	10347
GOBP_REGULATION_OF_AMINO_ACID_TRANSPORT	-0.837559603514397	0.734375	0.9024521656194012	16/32	SLC43A1;RGS2;SLC38A3;GRM2;HTR1B;GRM7;KMO;ATP1A2;LEP;TRH;GABBR1;PRKG1;AVP;NTSR1;TNF;ABAT	TUB	GO_BP	no_proc_ieg	10347
GOBP_SENSORY_PERCEPTION_OF_TEMPERATURE_STIMULUS	-0.8377365831762759	0.7150537634408602	0.9030026834777983	5/20	CALCA;PRDM12;SCN11A;EPHB1;ASIC3	TUB	GO_BP	no_proc_ieg	10347
GOBP_REGULATION_OF_ORGANIC_ACID_TRANSPORT	-0.8394788887462247	0.7963636363636364	0.9005332874258493	31/62	SSTR4;SLC10A1;PLA2G10;SLC43A1;RGS2;SLC38A3;GRM2;HTR1B;GRM7;CYP4A11;KMO;ATP1A2;MAP2K6;OXT;TNFSF11;LEP;CYP4F2;TRH;IRS2;ABCB11;GABBR1;PRKG1;AVP;NTSR1;TNF;ABAT;IL1A;PLA2R1;SV2A;PER2;PLA2G3	TUB	GO_BP	no_proc_ieg	10347
GOBP_CELLULAR_RESPONSE_TO_NUTRIENT	-0.8396971779937955	0.7507598784194529	0.9010060700756093	16/44	CYP27B1;PIM1;RXRA;MLXIPL;VDR;PENK;SRF;FOXA2;MTOR;FGF23;FOLR1;PDK2;PRMT1;LPL;CASR;LEP	TUB	GO_BP	no_proc_ieg	10347
GOBP_REGULATION_OF_ASTROCYTE_DIFFERENTIATION	-0.8398295591520422	0.6816901408450704	0.9016383070189213	13/24	LDLR;HES1;IL6;DAB1;GPR37L1;MAG;ID4;CLCF1;BIN1;MBD1;LIF;F2;NOTCH1	TUB	GO_BP	no_proc_ieg	10347
GOBP_RESPONSE_TO_PAIN	-0.8413445939476469	0.7277777777777777	0.8996177956003288	14/31	GCH1;CALCA;THBS4;PRKCG;ATAT1;SCN11A;MTOR;DBH;CRH;P2RX2;SLC6A2;UCN;COL6A1;ADAM11	TUB	GO_BP	no_proc_ieg	10347
GOBP_REGULATION_OF_COLLATERAL_SPROUTING	-0.8414119598193933	0.7103960396039604	0.9003985115384983	7/17	FSTL4;IFRD1;DCC;ULK1;LPAR3;WNT3;RND2	TUB	GO_BP	no_proc_ieg	10347
GOBP_CELLULAR_RESPONSE_TO_NUTRIENT_LEVELS	-0.8415359453103962	0.9065934065934066	0.9010570473979224	41/162	GABARAPL1;PDK4;CDKN1A;CARTPT;ALB;WDR45;CYP27B1;PCK1;KPTN;TFEB;PIM1;FOXO3;RXRA;PRKAG2;WIPI1;MLXIPL;VDR;SLC34A1;SREBF2;PLIN2;SLC38A3;PENK;SRF;SLC39A4;FOXA2;MAPKAP1;ZC3H12A;MTOR;CLEC16A;MAPK8;FGF23;FOXO1;FOLR1;PDK2;PRMT1;LPL;FAM107A;SEH1L;CASR;ULK1;LEP	TUB	GO_BP	no_proc_ieg	10347
GOBP_NUCLEUS_LOCALIZATION	-0.8421721382137489	0.7047353760445683	0.9006972996597853	11/23	DYNC1H1;TRIM58;SLIT1;SUN1;MTOR;SUN2;BIN1;CLMN;NTN1;CDK9;FBXW11	TUB	GO_BP	no_proc_ieg	10347
GOBP_CEREBELLAR_CORTEX_DEVELOPMENT	-0.843629422595326	0.7771084337349398	0.8985071123886467	11/39	OGDH;CEND1;HERC1;GRID2;GLI1;RORA;FAIM2;WHRN;ATP7A;SMO;LDB1	TUB	GO_BP	no_proc_ieg	10347
GOBP_REGULATION_OF_NEURON_DIFFERENTIATION	-0.8437380092327369	0.848780487804878	0.8992443283505062	36/135	DIXDC1;CDK5RAP1;BMP7;ATOH1;HES1;NKX2-2;SOCS2;FOXO3;BRINP2;GLI3;ASCL1;PHOX2B;RAC3;ZC4H2;SLC6A4;NREP;RARA;GDF5;DLX2;EFNA3;WDR62;S1PR5;DAB1;GPR37L1;REST;SOX11;SIX1;HEYL;ZEB1;SPAG9;NKX2-5;EPO;CASZ1;FOXG1;CDK5RAP2;OLIG2	TUB	GO_BP	no_proc_ieg	10347
GOBP_OLIGOSACCHARIDE_BIOSYNTHETIC_PROCESS	-0.844260418480564	0.6886543535620053	0.8991062357026559	12/22	ST3GAL6;ST3GAL4;FBP2;FUT3;FUT5;FUT1;FUT7;LALBA;B3GALT4;B3GALT5;FUT2;B3GALT1	TUB	GO_BP	no_proc_ieg	10347
GOBP_PROTEIN_KINASE_A_SIGNALING	-0.8445652731698161	0.743202416918429	0.8994324010799063	10/35	PRKACG;PJA2;EZR;SCN11A;MC1R;TCP11;AKAP6;MYOM1;CALCR;FSHR	TUB	GO_BP	no_proc_ieg	10347
GOBP_VENTRICULAR_CARDIAC_MUSCLE_TISSUE_DEVELOPMENT	-0.8451221957205218	0.761437908496732	0.899166251953802	8/47	MYL3;HAND1;RYR2;TNNI3;TGFBR3;TBX5;FOXH1;TNNI1	TUB	GO_BP	no_proc_ieg	10347
GOBP_REGULATION_OF_CELLULAR_RESPONSE_TO_INSULIN_STIMULUS	-0.8457136574686922	0.7745098039215687	0.8989567416121855	6/53	IRS1;GPR21;KANK1;PRKCD;BLVRB;ZBTB7B	TUB	GO_BP	no_proc_ieg	10347
GOBP_CARDIAC_LEFT_VENTRICLE_MORPHOGENESIS	-0.8462615887554522	0.6722488038277512	0.8987834367342687	4/15	HAND1;RYR2;TBX5;FOXF1	TUB	GO_BP	no_proc_ieg	10347
GOBP_APPENDAGE_DEVELOPMENT	-0.84676337706457	0.8689320388349514	0.8986624945071529	25/129	FERMT2;RARB;BMP7;PLXNA2;KAT2A;CPLANE2;RARG;GPC3;ZBTB16;GLI3;CTNNB1;TBX4;FOXN1;TBX5;KRT84;NPR2;TP63;ZIC3;B4GALNT1;RARA;GDF5;DYNC2H1;HOXC13;RAX;MSX2	TUB	GO_BP	no_proc_ieg	10347
GOBP_RESPONSE_TO_PLATELET_DERIVED_GROWTH_FACTOR	-0.8474971266534825	0.7037037037037037	0.8980732167897026	6/21	DDIT3;FYN;HYAL1;FER;ATP7A;PDGFB	TUB	GO_BP	no_proc_ieg	10347
GOBP_POSITIVE_REGULATION_OF_STEM_CELL_POPULATION_MAINTENANCE	-0.8486043630157593	0.7265193370165746	0.8967109601465465	6/32	PRDM14;SS18;ACTL6B;TP63;ING1;REST	TUB	GO_BP	no_proc_ieg	10347
GOBP_PHOSPHOLIPASE_C_ACTIVATING_G_PROTEIN_COUPLED_RECEPTOR_SIGNALING_PATHWAY	-0.8489214362149173	0.8110236220472441	0.8969139978722844	15/93	PTGER3;ADRA1B;PLCH2;GRM1;ESR1;CHRM2;KISS1;GNG13;OPRL1;DRD5;ADRA1D;NTSR2;LTB4R;DRD3;DRD2	TUB	GO_BP	no_proc_ieg	10347
GOBP_NEURONAL_STEM_CELL_POPULATION_MAINTENANCE	-0.8489566093785732	0.6870229007633588	0.8977688270089315	3/17	HES1;SS18;FOXO3	TUB	GO_BP	no_proc_ieg	10347
GOBP_INTEGRATED_STRESS_RESPONSE_SIGNALING	-0.849383513732114	0.7223880597014926	0.8978558752433677	2/34	DDIT3;CEBPB	TUB	GO_BP	no_proc_ieg	10347
GOBP_PROXIMAL_DISTAL_PATTERN_FORMATION	-0.8511151686738396	0.6721763085399449	0.8952422631868848	6/21	GLI3;CTNNB1;GLI1;TP63;CHSY1;DLX2	TUB	GO_BP	no_proc_ieg	10347
GOBP_L_GLUTAMATE_TRANSMEMBRANE_TRANSPORT	-0.8514980751089005	0.7044776119402985	0.8953580378376296	11/25	SLC1A1;GRM1;SLC1A6;SLC25A13;SLC1A7;ATP1A2;SLC17A7;TTYH1;KCNJ10;NTSR1;TNF	TUB	GO_BP	no_proc_ieg	10347
GOBP_QUINONE_METABOLIC_PROCESS	-0.8526609286415716	0.6509186351706037	0.8939209034031399	4/16	COQ6;NQO2;GPD1;COQ8A	TUB	GO_BP	no_proc_ieg	10347
GOBP_REGULATION_OF_ACTION_POTENTIAL	-0.8527186321023283	0.7516129032258064	0.8947296359631574	21/44	CACNA2D1;SLC4A3;RYR2;ANK2;MTNR1B;CALM1;CNR1;NOS1;ADRA1A;CTNNA3;HCN4;SLC8A2;CACNA1C;KCNB1;CHRNB2;BIN1;TNF;GPR35;CNR2;SCN5A;RANGRF	TUB	GO_BP	no_proc_ieg	10347
GOBP_POSITIVE_REGULATION_OF_OSTEOCLAST_DIFFERENTIATION	-0.8550915042210527	0.6459948320413437	0.8906080251938756	3/18	NEDD9;IL23A;EEIG1	TUB	GO_BP	no_proc_ieg	10347
GOBP_INTESTINAL_EPITHELIAL_CELL_DEVELOPMENT	-0.8557291619326342	0.6739130434782609	0.8901989549995479	2/15	CDKN1A;KLF5	TUB	GO_BP	no_proc_ieg	10347
GOBP_NEGATIVE_REGULATION_OF_CD4_POSITIVE_ALPHA_BETA_T_CELL_ACTIVATION	-0.8562245380249288	0.6647727272727273	0.8901127942599307	3/22	ARG2;ITCH;ZBTB7B	TUB	GO_BP	no_proc_ieg	10347
GOBP_GROOMING_BEHAVIOR	-0.856317004401452	0.6709511568123393	0.8908291571336298	8/15	SLC1A1;MC4R;DRD2;DDO;OXT;DRD1;AVP;SLITRK5	TUB	GO_BP	no_proc_ieg	10347
GOBP_RESPONSE_TO_ZINC_ION	-0.8563639795700352	0.7383720930232558	0.8916726086587727	11/33	ASS1;MT1M;GLRA1;MT2A;ALAD;SLC30A3;ABCC8;HAAO;KCNK3;ATP7A;MT1X	TUB	GO_BP	no_proc_ieg	10347
GOBP_CARDIAC_SEPTUM_MORPHOGENESIS	-0.856863251668259	0.7491289198606271	0.891550469537485	14/58	BMP7;HES1;HAND1;TBX1;BMP5;WNT11;TGFBR3;TBX5;SMO;MSX2;SOX11;HEYL;NKX2-5;SMAD7	TUB	GO_BP	no_proc_ieg	10347
GOBP_CARDIAC_CHAMBER_MORPHOGENESIS	-0.8568782185073662	0.8359375	0.8924558761110177	21/100	BMP7;MYL3;HES1;HAND1;TBX1;TEK;RYR2;TNNI3;BMP5;WNT11;TGFBR3;TBX5;FOXH1;TNNI1;WNT2;SRF;FOXF1;SMO;MSX2;SOX11;HEYL	TUB	GO_BP	no_proc_ieg	10347
GOBP_POSITIVE_REGULATION_OF_ALCOHOL_BIOSYNTHETIC_PROCESS	-0.8573576943699949	0.6842105263157895	0.8923063058194867	7/22	ADCYAP1R1;ABCG4;SREBF2;FGF1;WNT4;CD244;NTSR1	TUB	GO_BP	no_proc_ieg	10347
GOBP_CARBOHYDRATE_HOMEOSTASIS	-0.8585922138432661	0.8587570621468926	0.890598634487488	49/177	PDK4;IRS1;CARTPT;SLC39A14;G6PC1;BAIAP3;PCK1;FGF21;GPR21;ZBTB20;FOXO3;ADGRF5;MLXIPL;PLA2G6;CRY2;MTNR1B;KLF15;NOX4;ABCC8;ENY2;SRF;PPARGC1A;INPP5K;FOXA2;CNR1;NPTX1;IL6;GCLC;ADIPOR1;INS;DBH;BRSK2;FOXO1;PDK2;CRH;PAX2;BACE2;ADCY8;EPHA5;CASR;G6PC2;LEP;OBP2A;RBP4;HK3;IRS2;VGF;OPRK1;KCNB1	TUB	GO_BP	no_proc_ieg	10347
GOBP_POSTSYNAPTIC_MODULATION_OF_CHEMICAL_SYNAPTIC_TRANSMISSION	-0.8588086604692027	0.681704260651629	0.8910593444062509	5/20	SLC1A1;GHSR;DRD2;GRM3;DCC	TUB	GO_BP	no_proc_ieg	10347
GOBP_RESPONSE_TO_BMP	-0.8588122366341003	0.8604651162790697	0.8919914505375443	29/105	PPM1A;FSTL4;BMP7;HES1;FST;GPC3;ETV2;TOB1;DDX5;BMP5;PHOX2B;TGFBR3;ADAMTS12;PCSK6;TMEM100;SMPD3;GDF5;HFE;MSX2;WNT1;CER1;GDF2;SOX11;HEYL;TRIM33;PRMT1;SMAD7;ACVR2A;AMHR2	TUB	GO_BP	no_proc_ieg	10347
GOBP_REGULATION_OF_CALCIUM_ION_TRANSPORT_INTO_CYTOSOL	-0.858909576604213	0.6884422110552764	0.8927322321829652	7/16	ADCYAP1R1;NOS1;TRPC3;EPO;P2RX2;GRIN1;TMBIM6	TUB	GO_BP	no_proc_ieg	10347
GOBP_EAR_DEVELOPMENT	-0.8592949245796094	0.8638743455497382	0.8928589178338282	37/149	KCNQ4;INSIG1;ATOH1;HES1;TBX1;STRA6;AHI1;GLI3;PTK7;BMP5;PHOX2B;NOX3;SOBP;TGFB3;POU4F3;CHRNA10;ITGA8;LGR5;ZIC3;LHX3;SLC4A7;WHRN;KCNK3;KCNQ1;USH1C;PI4KB;WNT1;MYO7A;SIX1;TSKU;ZEB1;ATP8A2;PAX2;FOXG1;GBX2;PRKRA;TCF15	TUB	GO_BP	no_proc_ieg	10347
GOBP_FOREBRAIN_NEURON_DEVELOPMENT	-0.8593596709289844	0.6694214876033058	0.8936503107695787	7/17	OGDH;UBB;SOX1;NDNF;ATP7A;FOXG1;GBX2	TUB	GO_BP	no_proc_ieg	10347
GOBP_HORMONE_BIOSYNTHETIC_PROCESS	-0.8595702600347225	0.7438271604938271	0.8941343090444813	18/53	ADM;CYP27B1;TG;DIO2;BMP5;HSD3B1;FSHB;CYP11B2;HFE;DIO3;REST;DIO1;HSD17B3;SRD5A2;CYP11A1;HSD17B11;RDH8;DUOX2	TUB	GO_BP	no_proc_ieg	10347
GOBP_POSITIVE_REGULATION_OF_PROTEIN_EXPORT_FROM_NUCLEUS	-0.860935374795254	0.6267029972752044	0.8920947637754588	2/16	PPM1A;YWHAE	TUB	GO_BP	no_proc_ieg	10347
GOBP_PHOSPHATIDYLINOSITOL_DEPHOSPHORYLATION	-0.8619548324848877	0.6794520547945205	0.8907610218777939	6/21	INPP5B;INPP5J;CHRM5;MTMR12;INPP5K;MTMR8	TUB	GO_BP	no_proc_ieg	10347
GOBP_MAINTENANCE_OF_SYNAPSE_STRUCTURE	-0.8620327028034162	0.6860158311345647	0.8915582626306485	6/17	BSN;RAB3A;ARF6;ERC1;ADGRB3;C1QL1	TUB	GO_BP	no_proc_ieg	10347
GOBP_CELLULAR_PROCESS_INVOLVED_IN_REPRODUCTION_IN_MULTICELLULAR_ORGANISM	-0.862531112068232	0.8888888888888888	0.8914685409823166	31/210	PRDM14;CHD5;MAST2;RSPH6A;FZD4;SERPINA5;CCNB1IP1;TNP1;KIT;SLC26A3;FOXO3;ANG;DDX25;SLC22A14;ZBTB16;CTNNB1;ADGB;SPAM1;OSBP2;AFF4;ADCY10;RETN;ACTL7A;PAQR5;GLI1;PIWIL2;PIWIL1;FER;NPR2;TCP11;LGR5	TUB	GO_BP	no_proc_ieg	10347
GOBP_ANDROGEN_RECEPTOR_SIGNALING_PATHWAY	-0.8627721147794956	0.7470588235294118	0.8919008105095315	8/41	FKBP4;PHB1;DDX17;HDAC6;DDX5;KDM4C;SCGB2A2;FOXH1	TUB	GO_BP	no_proc_ieg	10347
GOBP_CELLULAR_RESPONSE_TO_GROWTH_HORMONE_STIMULUS	-0.8628647549719997	0.6462765957446809	0.892627300371912	3/18	SOCS2;GDF15;GH1	TUB	GO_BP	no_proc_ieg	10347
GOBP_HETEROPHILIC_CELL_CELL_ADHESION_VIA_PLASMA_MEMBRANE_CELL_ADHESION_MOLECULES	-0.8642934992856695	0.7337110481586402	0.8903185744570781	9/35	GRID2;REG3A;UMOD;ALCAM;CEACAM6;CDH4;CRB1;TENM3;CEACAM8	TUB	GO_BP	no_proc_ieg	10347
GOBP_MAINTENANCE_OF_PROTEIN_LOCATION_IN_NUCLEUS	-0.8645835292989732	0.6554621848739496	0.8906004819824265	5/18	NR5A1;RANGAP1;SKP1;SUN1;SYNE1	TUB	GO_BP	no_proc_ieg	10347
GOBP_CAMERA_TYPE_EYE_PHOTORECEPTOR_CELL_DIFFERENTIATION	-0.8651395092241435	0.6570680628272252	0.8903312918397369	12/20	GNAT1;NRL;RPGRIP1;USH1C;DIO3;GNAT2;ROM1;DSCAM;SDK2;THY1;NAGLU;NOTCH1	TUB	GO_BP	no_proc_ieg	10347
GOBP_RESPONSE_TO_IMMOBILIZATION_STRESS	-0.8675827402547683	0.6539509536784741	0.8857429842934971	9/22	FOXO3;HDAC6;PENK;NR0B1;PITX3;CRH;TFF1;FOXO4;REN	TUB	GO_BP	no_proc_ieg	10347
GOBP_REGULATION_OF_INOSITOL_PHOSPHATE_BIOSYNTHETIC_PROCESS	-0.8685097771058263	0.6218905472636815	0.8845358564359437	1/15	ADCYAP1R1	TUB	GO_BP	no_proc_ieg	10347
GOBP_NEGATIVE_REGULATION_OF_MRNA_PROCESSING	-0.8689150018537494	0.6491228070175439	0.8845283075067936	7/16	SRSF4;DYRK1A;HNRNPA2B1;SRSF6;SFSWAP;PCBP4;SRSF7	TUB	GO_BP	no_proc_ieg	10347
GOBP_NEGATIVE_REGULATION_OF_CELL_DIFFERENTIATION	-0.8692801697856805	0.9761904761904762	0.8846530029924141	106/453	DDIT3;FERMT2;NOCT;DIXDC1;FSTL4;RARB;BMP7;KLF13;LDLR;CARTPT;HSPA9;INSIG1;ATOH1;HES1;NKX2-2;ITPKB;XDH;TBX1;FST;RARG;SS18;ZBTB7B;FOXO3;TOB2;ZBTB16;REG3A;GLI3;ASCL1;CTNNB1;TOB1;HDAC6;NMRK2;IFRD1;MARK1;VEGFA;BMP5;PHOX2B;INHA;ADAMTS12;ACTL6B;RGS2;EFNA1;E2F1;TBX5;FRS2;FUZ;NPR2;WWTR1;DRD3;ABCC8;EGFR;TP63;RORA;FOXP3;EPHB1;CRP;MCF2;HDAC3;SLIT1;SLC6A4;IQCB1;FOXA2;ABCA5;IL6;RARA;GDF5;AKIRIN1;DLX2;ADIPOR1;TLX2;PITX3;ZC3H12A;FBXO7;DAB1;SMO;PDGFB;GPR37L1;MSX2;WNT1;LRP3;IFNA2;REST;SOX11;TSKU;SLC7A10;DCC;TRIM46;ZEB1;LDB1;FGF23;SPAG9;FOXO1;TRIM62;PRMT1;EXTL3;WNT10B;NFATC4;NKX2-5;PGLYRP1;NKX2-1;NPPC;FOXG1;NFATC1;SMAD7;TCF15;ARHGAP4	TUB	GO_BP	no_proc_ieg	10347
GOBP_POSITIVE_REGULATION_OF_GLUCOSE_METABOLIC_PROCESS	-0.8694097509382712	0.7053824362606232	0.8853409749249468	8/32	IRS1;KAT2A;ADCY10;PPARGC1A;INS;PHKG2;ACTN3;FOXO1	TUB	GO_BP	no_proc_ieg	10347
GOBP_REGULATION_OF_CARDIAC_MUSCLE_CONTRACTION_BY_REGULATION_OF_THE_RELEASE_OF_SEQUESTERED_CALCIUM_ION	-0.8700386919776704	0.6262886597938144	0.884866180591919	6/17	RYR2;ANK2;CALM1;ATP1A2;CASQ2;CACNA1C	TUB	GO_BP	no_proc_ieg	10347
GOBP_DIOL_METABOLIC_PROCESS	-0.872003407694045	0.6194029850746269	0.8814186490843844	3/17	GCH1;QDPR;NAAA	TUB	GO_BP	no_proc_ieg	10347
GOBP_NEGATIVE_REGULATION_OF_SMOOTH_MUSCLE_CELL_PROLIFERATION	-0.872078424019659	0.6907894736842105	0.88220827451567	10/42	CTNNBIP1;CDKN1A;APOD;ANG;TGFB3;NDRG4;AIF1;PPARGC1A;IL10;VIPR2	TUB	GO_BP	no_proc_ieg	10347
GOBP_MICROTUBULE_POLYMERIZATION	-0.8725370610774842	0.7591240875912408	0.8820675913144688	12/70	TUBG1;CLIP1;ARHGEF7;FKBP4;MAPT;CLIP3;TUBGCP3;NDEL1;TPPP3;MAPRE3;DYRK1A;GOLGA2	TUB	GO_BP	no_proc_ieg	10347
GOBP_RETINAL_GANGLION_CELL_AXON_GUIDANCE	-0.8726894040116817	0.6443850267379679	0.8826809322869679	5/18	VEGFA;ALCAM;POU4F3;EPHB1;SLIT1	TUB	GO_BP	no_proc_ieg	10347
GOBP_CHONDROCYTE_DIFFERENTIATION	-0.8735116022043078	0.8081180811808119	0.8817240856033007	18/86	RARB;SLC39A14;TRPS1;RARG;ARID5A;ZBTB16;SCIN;GLI3;CTNNB1;ADAMTS12;GLG1;NFIB;NPR2;FGF18;SMPD3;HMGA2;CHSY1;GDF5	TUB	GO_BP	no_proc_ieg	10347
GOBP_NEGATIVE_REGULATION_OF_ACTIN_FILAMENT_BUNDLE_ASSEMBLY	-0.874034517776713	0.6675461741424802	0.8814742568964671	2/22	ARHGAP28;PRKN	TUB	GO_BP	no_proc_ieg	10347
GOBP_REGULATION_OF_SMAD_PROTEIN_SIGNAL_TRANSDUCTION	-0.8742903887624139	0.7142857142857143	0.881826661971307	13/50	BMP7;GDF15;TOB1;BMP5;TGFBR3;TGFB3;GDF5;HFE;SH2B1;AMH;GDF2;SMAD7;ACVR2A	TUB	GO_BP	no_proc_ieg	10347
GOBP_COLLATERAL_SPROUTING	-0.8744129593985052	0.6480446927374302	0.8824893733533735	10/24	FSTL4;HDAC6;IFRD1;NPR2;DCC;ULK1;LPAR3;WNT3;RND2;PRKG1	TUB	GO_BP	no_proc_ieg	10347
GOBP_PROSTAGLANDIN_SECRETION	-0.8753964595873114	0.6547945205479452	0.8810880680123074	6/18	PLA2G10;NOS2;MAP2K6;OXT;TNFSF11;LEP	TUB	GO_BP	no_proc_ieg	10347
GOBP_RESPONSE_TO_THYROID_HORMONE	-0.8756656471162899	0.6666666666666666	0.8814653429080487	5/20	HES1;GHSR;SLC34A1;CTSL;GCLC	TUB	GO_BP	no_proc_ieg	10347
GOBP_SYNAPTIC_VESICLE_EXOCYTOSIS	-0.8758158129312682	0.7463235294117647	0.8820597368844898	11/60	SYN1;GRIK5;RAB3A;CADPS;PPFIA2;PRKCG;CACNB4;DOC2A;CPLX3;HTR1B;SNPH	TUB	GO_BP	no_proc_ieg	10347
GOBP_SMOOTH_MUSCLE_CELL_APOPTOTIC_PROCESS	-0.8759327332791224	0.6575342465753424	0.8827606673466115	5/28	CDKN2A;APOH;ESR1;ADCY10;BAG1	TUB	GO_BP	no_proc_ieg	10347
GOBP_IMP_METABOLIC_PROCESS	-0.8774054184308858	0.6340852130325815	0.8802176275623433	2/15	PNP;XDH	TUB	GO_BP	no_proc_ieg	10347
GOBP_REGULATION_OF_NERVOUS_SYSTEM_PROCESS	-0.8778085916485188	0.7745901639344263	0.8802209898551041	32/83	OPRPN;CARTPT;BAIAP2;GRM1;BEGAIN;GLRA1;SMR3A;GHSR;MTNR1B;CHRNA2;GRIN2B;TMEM100;ROCK2;TPPP;SYNE1;HCRT;NRXN1;NLGN3;SLC8A2;GRIN1;STX1A;MAG;RIMS1;SOX10;RIMS2;GRIN2A;AVP;WNT7A;NTSR1;TNF;GPR35;ABAT	TUB	GO_BP	no_proc_ieg	10347
GOBP_REGULATION_OF_GLUCOSE_IMPORT	-0.8779070835536409	0.6731391585760518	0.8809440542857802	6/41	IRS1;FGF21;GPC3;PRKAG2;KLF15;CLTCL1	TUB	GO_BP	no_proc_ieg	10347
GOBP_RUFFLE_ASSEMBLY	-0.8782210713621571	0.6713881019830028	0.8811729885778572	11/33	SH3YL1;STAP1;KANK1;NDEL1;PIP5K1A;ARF6;AIF1;INPP5K;EPS8L3;INPPL1;SH3BP1	TUB	GO_BP	no_proc_ieg	10347
GOBP_RESPONSE_TO_INCREASED_OXYGEN_LEVELS	-0.879071435411723	0.6349614395886889	0.8801703055635162	5/20	ATP6V1A;CDKN1A;KCNA5;CAT;NOX1	TUB	GO_BP	no_proc_ieg	10347
GOBP_CELL_DIFFERENTIATION_INVOLVED_IN_KIDNEY_DEVELOPMENT	-0.8812417314690392	0.6529968454258676	0.8760494892118862	9/50	MTSS1;NPHS1;HES1;GLI3;CTNNB1;NPHS2;PODXL;KLF15;WWTR1	TUB	GO_BP	no_proc_ieg	10347
GOBP_EMBRYONIC_ORGAN_DEVELOPMENT	-0.8815517901729852	0.8877551020408163	0.8762579630726486	68/318	ADM;KCNQ4;RARB;CEBPB;BMP7;INSIG1;TAL1;ATOH1;HES1;HAND1;TBX1;STRA6;RARG;TFEB;SOX15;KIT;CDK20;PLG;AHI1;RYR2;GLI3;CTNNB1;PTK7;VEGFA;FOXF2;BMP5;HYAL1;WNT11;TBX4;SOBP;TGFB3;GLI1;GJB5;POU4F3;CHRNA10;VAX2;EFNA1;ITGA8;NDRG4;FRS2;FUZ;CSF2;FOXH1;WNT2;EGFR;ZIC3;CDX4;SRF;NES;HOXB1;FOXF1;RARA;WHRN;TEAD3;DLX2;KCNQ1;DNAAF1;PKD1;IL10;VPS52;SMO;HIPK1;USH1C;PDGFB;WNT1;MYO7A;SOX11;SIX1	TUB	GO_BP	no_proc_ieg	10347
GOBP_CELLULAR_RESPONSE_TO_VITAMIN_D	-0.8839630256333847	0.6282722513089005	0.871383076178718	5/19	CYP27B1;PIM1;RXRA;VDR;PENK	TUB	GO_BP	no_proc_ieg	10347
GOBP_INNER_EAR_RECEPTOR_CELL_DEVELOPMENT	-0.8840688999854421	0.6369047619047619	0.8721085259901861	7/25	HES1;SLC4A7;WHRN;KCNQ1;USH1C;MYO7A;TSKU	TUB	GO_BP	no_proc_ieg	10347
GOBP_POSITIVE_REGULATION_OF_NEURON_DIFFERENTIATION	-0.8872217664152443	0.7099236641221374	0.865383853492181	20/69	BMP7;ATOH1;NKX2-2;SOCS2;BRINP2;ASCL1;PHOX2B;ZC4H2;RARA;GDF5;DLX2;DAB1;REST;SOX11;HEYL;ZEB1;SPAG9;NKX2-5;EPO;FOXG1	TUB	GO_BP	no_proc_ieg	10347
GOBP_RESPONSE_TO_TESTOSTERONE	-0.8875226354220617	0.6586826347305389	0.8656108836901406	11/33	CFLAR;HMGCS2;TBXA2R;CA9;HOXB13;NKX3-1;ROCK2;ELK1;HOXD13;SRD5A2;EPO	TUB	GO_BP	no_proc_ieg	10347
GOBP_AMIDE_TRANSPORT	-0.8881747618199011	0.8639455782312925	0.8649289499854135	75/233	PFKFB2;GNAO1;IRS1;CARTPT;PRKN;NR0B2;BAIAP3;SLC13A3;GHRH;ABCD1;RAB3A;KISS1;PRKAR1A;KCNA5;UMOD;NOS2;ENSA;PLA2G6;MC4R;GHSR;SLC19A2;MTNR1B;AQP3;CPLX3;SLC38A3;CA2;ABCC8;SLC25A32;EGFR;DRD2;ENY2;ABCB8;SMPD3;FOXA2;CNR1;IL6;SLC19A1;INS;HFE;REST;SGPP1;UPK3A;BRSK2;FOXO1;FOLR1;CRHR1;ADCYAP1;AQP8;CRH;ADCY8;EPHA5;GIP;TNFSF11;CASR;G6PC2;UCN;CLEC4M;LEP;RBP4;SLC14A2;TRH;STX1A;ABCB9;IRS2;GIPR;VGF;KCNB1;PICK1;PTPRN;RIMS2;CHGA;GABBR1;IFNG;FFAR2;HNF1A	TUB	GO_BP	no_proc_ieg	10347
GOBP_ADIPOSE_TISSUE_DEVELOPMENT	-0.8892600840260708	0.6655518394648829	0.8632724632031452	5/43	ACAT1;HMGCS2;RORC;UBB;FTO	TUB	GO_BP	no_proc_ieg	10347
GOBP_SPERMATID_DIFFERENTIATION	-0.8895016513079342	0.7408906882591093	0.8636219815754576	22/103	CHD5;MAST2;RSPH6A;CCNB1IP1;TNP1;KIT;SLC26A3;DDX25;SLC22A14;ADGB;OSBP2;AFF4;ADCY10;ACTL7A;GLI1;PIWIL1;TCP11;OCA2;HSPA2;RNF17;SEPTIN4;SPO11	TUB	GO_BP	no_proc_ieg	10347
GOBP_CARDIAC_SEPTUM_DEVELOPMENT	-0.891543501637773	0.732824427480916	0.8595832562431069	12/81	BMP7;HES1;HAND1;TBX1;STRA6;PTK7;ANK2;BMP5;WNT11;TGFBR3;TBX5;FRS2	TUB	GO_BP	no_proc_ieg	10347
GOBP_REGULATION_OF_PEPTIDYL_SERINE_PHOSPHORYLATION	-0.8917199529053184	0.7193675889328063	0.8600907403356115	33/85	GADD45A;TFRC;NTRK3;INPP5J;HDAC6;MLXIPL;EGFR;BDKRB2;INPP5K;IL6;MAPKAP1;NOS1;IFNA2;IFNA5;SPTBN4;IL11;OSM;IFNA7;LATS1;SMAD7;UCN;IFNW1;NTF3;ANGPT1;NGF;IFNA21;IFNG;SPRY2;RIPK2;AVP;IFNB1;TNF;RET	TUB	GO_BP	no_proc_ieg	10347
GOBP_DECIDUALIZATION	-0.8921959623839869	0.6304909560723514	0.8598524621035913	7/20	CYP27B1;STC1;GHSR;VDR;TPPP3;DEDD;EPOR	TUB	GO_BP	no_proc_ieg	10347
GOBP_MUSCLE_ORGAN_MORPHOGENESIS	-0.8924533132097231	0.7109634551495017	0.8601294066113829	17/60	MYL3;HAND1;TBX1;RYR2;TNNI3;TGFBR3;ANKRD1;FOXH1;TNNI1;WNT2;MYF6;ACTC1;NKX2-5;SMAD7;TCF15;ARID5B;MYF5	TUB	GO_BP	no_proc_ieg	10347
GOBP_REGULATION_OF_ANDROGEN_RECEPTOR_SIGNALING_PATHWAY	-0.8926484261452402	0.6222826086956522	0.8606181902991568	7/24	PHB1;HDAC6;DDX5;KDM4C;FOXH1;HEYL;KDM1A	TUB	GO_BP	no_proc_ieg	10347
GOBP_REGULATION_OF_DIGESTIVE_SYSTEM_PROCESS	-0.8931903217656325	0.6243523316062176	0.8602325481593996	12/25	PTGER3;ABCG5;GHSR;SLC22A5;KCNQ1;APOA4;OXT;CRH;LEP;OPRK1;APOA1;NEUROD1	TUB	GO_BP	no_proc_ieg	10347
GOBP_NEGATIVE_REGULATION_OF_STEROID_METABOLIC_PROCESS	-0.8946904722545969	0.6522911051212938	0.8574394185643305	9/24	INSIG1;CYP27B1;BMP5;NR0B1;REST;DKKL1;APOE;WNT4;GFI1	TUB	GO_BP	no_proc_ieg	10347
GOBP_GLUCOSE_IMPORT	-0.8955948444623693	0.6503496503496503	0.8561297693162712	8/52	IRS1;FGF21;GPC3;ACACB;PRKAG2;SLC2A3;KLF15;CLTCL1	TUB	GO_BP	no_proc_ieg	10347
GOBP_WATER_SOLUBLE_VITAMIN_METABOLIC_PROCESS	-0.8968590386806323	0.6622950819672131	0.8538568632104389	16/43	SHMT1;BTD;ALPL;PNPO;SLC52A1;SLC2A3;TKTL1;SLC19A2;THTPA;SLC25A32;GCLC;SLC19A1;MTR;ATP1A2;MCCC1;FOLR1	TUB	GO_BP	no_proc_ieg	10347
GOBP_NEURON_PROJECTION_ORGANIZATION	-0.8981039042115416	0.6937269372693727	0.8516596162594614	14/74	NEDD9;ABHD17B;BAIAP2;ABCD1;PPFIA2;SIPA1L1;HDAC6;FYN;ADCY10;MAP1A;EFNA1;ABI2;EPHB1;GRIN2B	TUB	GO_BP	no_proc_ieg	10347
GOBP_MUSCLE_CELL_APOPTOTIC_PROCESS	-0.8981152629329568	0.6266666666666667	0.8525811677335914	8/65	CFLAR;BMP7;CAMK2A;GCH1;CDKN2A;APOH;ESR1;ADCY10	TUB	GO_BP	no_proc_ieg	10347
GOBP_POSITIVE_REGULATION_OF_OSSIFICATION	-0.9001907022981896	0.6638888888888889	0.8481529184062448	14/44	BMP7;TOB2;ZBTB16;RXRA;ADCY10;VDR;FZD9;SOX11;ACTN3;OXT;KL;WNT10B;ACVR2A;NELL1	TUB	GO_BP	no_proc_ieg	10347
GOBP_REGULATION_OF_OSTEOBLAST_DIFFERENTIATION	-0.9002154261255786	0.7463768115942029	0.8490364620227133	22/90	FERMT2;NOCT;CEBPB;BMP7;CTNNBIP1;GLI3;CTNNB1;TOB1;DDX5;VEGFA;GLI1;WWTR1;TP63;IL6;IL6R;GDF10;MSX2;GDPD2;LRP3;REST;SOX11;FGF23	TUB	GO_BP	no_proc_ieg	10347
GOBP_REGULATION_OF_POSITIVE_CHEMOTAXIS	-0.9002711009352794	0.6099476439790575	0.8498334019442471	4/23	F3;NTRK3;AZU1;VEGFA	TUB	GO_BP	no_proc_ieg	10347
GOBP_POSITIVE_REGULATION_OF_DEVELOPMENTAL_GROWTH	-0.9015437714685227	0.7591623036649214	0.8474818885562753	44/131	PRKN;GHRH;GPR21;MAPT;PIM1;SOX15;GH1;SLC6A3;ITSN2;NEDD4L;ACACB;VEGFA;ADCY10;TGFBR3;GLI1;GHSR;CPNE6;EZR;TBX5;WNT2;DRD2;GOLGA4;SRF;CDH4;AKAP6;SMO;DIO3;UNC13A;ACTN3;SPTBN4;ATP8A2;PEX5;SMAD7;LEP;WT1;GHR;MYOD1;SEMA7A;LPAR3;FGF9;RIMS1;DSCAM;RIMS2;WNT3	TUB	GO_BP	no_proc_ieg	10347
GOBP_DIACYLGLYCEROL_METABOLIC_PROCESS	-0.9023749413258205	0.5788113695090439	0.8463068174543115	9/15	ANG;DGKB;LIPE;DGAT1;PNPLA2;DAGLA;PLCE1;DGKE;MOGAT2	TUB	GO_BP	no_proc_ieg	10347
GOBP_AXONAL_TRANSPORT_OF_MITOCHONDRION	-0.902426410129744	0.5885416666666666	0.847138429544077	4/15	HAP1;MAPT;OPA1;HDAC6	TUB	GO_BP	no_proc_ieg	10347
GOBP_TRABECULA_FORMATION	-0.9040168015038538	0.5883905013192612	0.8441204328744539	8/22	TEK;VEGFA;TGFBR3;SRF;MSX2;WNT10B;NKX2-5;RBP4	TUB	GO_BP	no_proc_ieg	10347
GOBP_REGULATION_OF_HORMONE_METABOLIC_PROCESS	-0.9042147942511113	0.6242603550295858	0.8445461719037645	4/29	ADM;CYP27B1;SLCO1C1;BMP5	TUB	GO_BP	no_proc_ieg	10347
GOBP_CEREBRAL_CORTEX_DEVELOPMENT	-0.905611443887708	0.6756756756756757	0.8420359648052621	23/88	TACC1;DIXDC1;ATOH1;SRGAP2;YWHAE;TUBB2A;TACC2;GLI3;ASCL1;CTNNB1;NPY;NDEL1;TBR1;EGFR;SUN1;WDR62;DAB1;SMO;PHACTR1;KDM1A;NKX2-1;PEX5;FOXG1	TUB	GO_BP	no_proc_ieg	10347
GOBP_RESPIRATORY_SYSTEM_DEVELOPMENT	-0.9056189894658201	0.7734806629834254	0.8429708880062897	37/174	JMJD6;HMGCS2;HES1;ASS1;STRA6;RARG;RAB3A;GPC3;GLI3;ASCL1;CTNNB1;EDA;PTK7;VEGFA;PHOX2B;WNT11;CHI3L1;TBX4;TGFB3;GLI1;CYP1A2;NFIB;CRISPLD2;LOX;TBX5;WNT2;EGFR;FGF18;ZIC3;SRF;SMPD3;LHX3;FOXF1;RARA;DNAAF1;ATP7A;PKD1	TUB	GO_BP	no_proc_ieg	10347
GOBP_VISUAL_BEHAVIOR	-0.9058694327812652	0.6261980830670927	0.8432545037371965	18/41	GNAT1;PIAS1;KIT;PDE1B;NDRG4;FOXB1;DRD3;ABCC8;DRD2;DBH;ATP1A2;GRIN1;GNAT2;CHRNB2;B4GALT2;HMGCR;GRIN2A;DRD1	TUB	GO_BP	no_proc_ieg	10347
GOBP_CARDIAC_CHAMBER_DEVELOPMENT	-0.9058742203622824	0.7446808510638298	0.8441992306854026	20/126	BMP7;MYL3;HES1;HAND1;TBX1;STRA6;TEK;RYR2;GREB1L;PTK7;TNNI3;ANK2;BMP5;WNT11;TGFBR3;TBX5;FRS2;FOXH1;TNNI1;WNT2	TUB	GO_BP	no_proc_ieg	10347
GOBP_RESPONSE_TO_FOLLICLE_STIMULATING_HORMONE	-0.9058830897164775	0.6117021276595744	0.8451296980453399	5/15	TGFBR3;GHSR;GCLC;FSHR;SRD5A2	TUB	GO_BP	no_proc_ieg	10347
GOBP_MAINTENANCE_OF_CELL_NUMBER	-0.9071084180084446	0.7048458149779736	0.8429356127852599	26/125	PRDM14;BMP7;TAL1;HES1;KAT2A;TBX1;PADI4;SS18;KIT;FOXO3;CTNNB1;KDM4C;PIWIL2;ACTL6B;NFIB;TP63;ELAVL1;ZIC3;SMC1A;HMGA2;SMO;ING1;REST;RTF1;LDB1;FOXO1	TUB	GO_BP	no_proc_ieg	10347
GOBP_REGULATION_OF_MORPHOGENESIS_OF_A_BRANCHING_STRUCTURE	-0.9072258294158904	0.6363636363636364	0.8435783996213383	9/42	BMP7;ESR1;CTNNB1;VEGFA;WNT2;SMO;LGR4;SIX1;HOXD13	TUB	GO_BP	no_proc_ieg	10347
GOBP_DOPAMINERGIC_NEURON_DIFFERENTIATION	-0.9072957691854545	0.5855072463768116	0.8443644625558758	11/29	CTNNB1;VEGFA;PHOX2B;WNT2;PHOX2A;FOXA2;PITX3;SMO;WNT1;EN2;EN1	TUB	GO_BP	no_proc_ieg	10347
GOBP_TUBULIN_DEACETYLATION	-0.9073049364862856	0.5978260869565217	0.8452942917009536	6/20	KAT2A;MAPT;HDAC6;TPPP;FRY;BEX4	TUB	GO_BP	no_proc_ieg	10347
GOBP_MULTICELLULAR_ORGANISMAL_RESPONSE_TO_STRESS	-0.9073181999404857	0.6470588235294118	0.8462160911962666	26/78	SLC1A1;HMGCS2;ADCYAP1R1;GCH1;CALCA;THBS4;DPP4;HTR1A;UMOD;PRKCG;ATAT1;SCN11A;ASIC4;PENK;GNG7;GRM7;NOS1;MTOR;DBH;ATP1A2;CRHR1;CRH;P2RX2;SLC6A2;UCN;APOE	TUB	GO_BP	no_proc_ieg	10347
GOBP_VESICLE_CARGO_LOADING	-0.9083821103071456	0.6220472440944882	0.8442851419555194	2/20	SEC31B;INSIG1	TUB	GO_BP	no_proc_ieg	10347
GOBP_ACYLGLYCEROL_HOMEOSTASIS	-0.9099872134334145	0.5772151898734177	0.8410663538481933	13/24	APOC3;ABCG5;MLXIPL;RORA;APOA4;LPL;GIP;APOE;APOA1;PNPLA2;ANGPTL4;GCKR;ANGPTL8	TUB	GO_BP	no_proc_ieg	10347
GOBP_SINGLE_FERTILIZATION	-0.9099971411628629	0.6857142857142857	0.8420017591944332	18/91	ADAM20;CCDC87;SERPINA5;TNP1;RAB3A;SPAM1;PLA2G10;TRPC6;GLRA1;ZP2;ACTL7A;TUBGCP3;MST1R;OVGP1;PKDREJ;NPR2;SERPINA10;SMCP	TUB	GO_BP	no_proc_ieg	10347
GOBP_PROTEIN_REFOLDING	-0.9104118083929925	0.5775	0.8418620280558157	2/15	HSPA9;HSPA6	TUB	GO_BP	no_proc_ieg	10347
GOBP_DEPHOSPHORYLATION	-0.910644397772038	0.7549668874172185	0.8422223066536327	43/193	PPEF1;PPP2R1B;PPM1A;DUSP26;IGBP1;CHP1;DUSP5;PPP1R16B;INPP5B;YWHAE;ALPL;INPP5J;PPP6C;PRKCD;DUSP9;CHRM5;PTPRZ1;ENSA;CHP2;CRY2;THTPA;DUSP2;PTPRU;MTMR12;CALM1;PTPRB;INPP5K;MTMR8;ROCK2;PTPRT;MTOR;URI1;PTPRR;SGPP1;PTPN9;PPP2R5B;INPPL1;PPP1R2C;PPP6R2;TNS2;THNSL2;PPP2CB;PTPN4	TUB	GO_BP	no_proc_ieg	10347
GOBP_ARACHIDONIC_ACID_METABOLIC_PROCESS	-0.911162184915542	0.6139817629179332	0.841883167780815	19/39	CYP2A7;CYP4F12;PLA2G10;EPHX1;CYP1A2;CYP2C8;ALOX12;CYP4A11;CYP2A13;ALOX15;CYP2A6;CYP2C19;CYP4F2;ALOX12B;DAGLA;PLA2G2F;CYP2B6;PTGES2;CYP2C18	TUB	GO_BP	no_proc_ieg	10347
GOBP_NEGATIVE_REGULATION_OF_OXIDATIVE_STRESS_INDUCED_INTRINSIC_APOPTOTIC_SIGNALING_PATHWAY	-0.9116260519018133	0.5989583333333334	0.8416430330843175	9/23	PRKN;NONO;CTNNB1;FYN;INS;IL10;FBXO7;WNT1;PYCR1	TUB	GO_BP	no_proc_ieg	10347
GOBP_INTESTINAL_ABSORPTION	-0.9118618316507018	0.5958702064896755	0.8419761277584492	21/32	LDLR;SLC2A5;ABCG5;NPC1L1;FABP1;VDR;FABP2;EZR;PNLIP;KCNQ1;APOA4;LEP;TJP2;ACO1;APOA1;CEL;VIL1;NPC1;SLC26A6;SOAT2;MOGAT2	TUB	GO_BP	no_proc_ieg	10347
GOBP_POLARIZED_EPITHELIAL_CELL_DIFFERENTIATION	-0.9120440245012431	0.574585635359116	0.8424600131474606	8/19	AHI1;PTK7;MYO9A;EZR;TP63;FOXF1;SH3BP1;TCF15	TUB	GO_BP	no_proc_ieg	10347
GOBP_REGULATION_OF_CHOLESTEROL_METABOLIC_PROCESS	-0.9124279720832181	0.5849056603773585	0.8423878803641575	11/25	LDLR;MBTPS1;FMO5;ABCG4;SREBF2;ACADL;AQP8;APOE;FGF1;APOA1;EPHX2	TUB	GO_BP	no_proc_ieg	10347
GOBP_PHENOL_CONTAINING_COMPOUND_BIOSYNTHETIC_PROCESS	-0.913678472966239	0.6384839650145773	0.8399906415867896	16/36	GCH1;SLC6A3;DDC;MC1R;HDC;SLC45A2;OCA2;INSM1;ATP7A;DCT;DBH;PNMT;KL;PMEL;HAND2;CITED1	TUB	GO_BP	no_proc_ieg	10347
GOBP_ASPARTATE_FAMILY_AMINO_ACID_BIOSYNTHETIC_PROCESS	-0.9138121116649807	0.571078431372549	0.840614158803305	2/15	AASS;BHMT2	TUB	GO_BP	no_proc_ieg	10347
GOBP_REGULATION_OF_SIGNALING_RECEPTOR_ACTIVITY	-0.9141239026378537	0.6678832116788321	0.840740593298382	14/63	CGA;TAF1;PRKCD;BEGAIN;HDAC6;FSHB;SERPINE1;CACNG2;CALCR;IL10;HFE;CACNG5;CACNG4;CRH	TUB	GO_BP	no_proc_ieg	10347
GOBP_CELLULAR_RESPONSE_TO_STARVATION	-0.9150280459790546	0.6415929203539823	0.8393042293006259	15/105	GABARAPL1;PDK4;CDKN1A;CARTPT;ALB;WDR45;PCK1;KPTN;TFEB;FOXO3;WIPI1;SLC34A1;SREBF2;PLIN2;SLC38A3	TUB	GO_BP	no_proc_ieg	10347
GOBP_MONOSACCHARIDE_TRANSMEMBRANE_TRANSPORT	-0.9166538993699775	0.6483050847457628	0.8359510035602564	26/75	IRS1;FGF21;SLC2A5;GH1;GPC3;ACACB;PRKAG2;CLIP3;SLC2A3;KLF15;CLTCL1;SLC45A2;INPP5K;INS;SLC50A1;GIP;LEP;IRS2;GRB10;SLC5A2;HNF1A;SLC2A1;DRD1;SLC2A4;TERT;TNF	TUB	GO_BP	no_proc_ieg	10347
GOBP_MITOCHONDRIAL_FUSION	-0.9173113564066854	0.5643835616438356	0.8351805083259788	5/25	TFRC;PRKN;STOML2;OPA1;MCL1	TUB	GO_BP	no_proc_ieg	10347
GOBP_PROTEIN_LOCALIZATION_TO_MITOCHONDRION	-0.9176449224713878	0.64	0.8352727339746324	11/87	DDIT3;RNF186;PRKN;GRPEL1;HAX1;MTERF4;MAPT;OXA1L;ADCY10;SARM1;SREBF2	TUB	GO_BP	no_proc_ieg	10347
GOBP_NEGATIVE_REGULATION_OF_JNK_CASCADE	-0.9178745292581068	0.5779816513761468	0.835632087201384	9/26	HIPK3;ITCH;PRKN;PER1;HDAC3;NPPA;SERPINB3;PRMT1;CYLD	TUB	GO_BP	no_proc_ieg	10347
GOBP_REGULATION_OF_FATTY_ACID_BIOSYNTHETIC_PROCESS	-0.9178963903692718	0.615606936416185	0.8365396991996991	5/38	PDK4;INSIG1;APOC3;ABCD1;MLXIPL	TUB	GO_BP	no_proc_ieg	10347
GOBP_NEUROTRANSMITTER_UPTAKE	-0.9182337973940164	0.5870206489675516	0.8366338359088897	11/37	PRKN;SLC6A3;GFAP;SLC6A13;DRD3;DRD2;SLC1A6;SLC6A4;NOS1;SLC1A7;ATP1A2	TUB	GO_BP	no_proc_ieg	10347
GOBP_VASCULAR_WOUND_HEALING	-0.9183524880684044	0.5893333333333334	0.8372989975316454	9/16	VEGFA;SERPINE1;NPR2;NDNF;TNFAIP3;TNF;ADIPOR2;FOXC2;HTN1	TUB	GO_BP	no_proc_ieg	10347
GOBP_NUCLEAR_MIGRATION	-0.9183900564736828	0.5898876404494382	0.8381739986777309	4/17	DYNC1H1;TRIM58;SLIT1;SUN1	TUB	GO_BP	no_proc_ieg	10347
GOBP_CYTOSKELETON_DEPENDENT_INTRACELLULAR_TRANSPORT	-0.918584186209708	0.6834170854271356	0.8386131469281164	21/129	HAP1;DST;UBB;IFT46;MAPT;DYNC1H1;KIF17;PPFIA2;OPA1;ARL3;HDAC6;CLIP3;MAP6D1;MYO10;TRIM58;RAB21;NDEL1;MAP1A;DYNC1I1;RAB6A;FUZ	TUB	GO_BP	no_proc_ieg	10347
GOBP_RETINOL_METABOLIC_PROCESS	-0.9207494103233034	0.5638629283489096	0.8337622938147617	17/35	CYP3A4;RDH16;LRAT;CYP1A2;CYP2C8;PNLIP;RPE65;CYP3A5;RDH8;RBP4;PNPLA4;LIPE;CEL;DGAT1;PNPLA2;DHRS3;ADH7	TUB	GO_BP	no_proc_ieg	10347
GOBP_REGULATION_OF_PROTEIN_LOCALIZATION_TO_CELL_SURFACE	-0.9224367233124363	0.6160458452722063	0.830304366699555	9/31	TMEM35A;NEDD4L;CTNNB1;EGF;ARF6;MAP1A;RIC3;TM9SF4;HFE	TUB	GO_BP	no_proc_ieg	10347
GOBP_NEGATIVE_REGULATION_OF_GLIOGENESIS	-0.9225190566377504	0.6075581395348837	0.8310837044318382	11/31	LDLR;ATOH1;HES1;CTNNB1;DRD3;ABCC8;DLX2;PITX3;DAB1;GPR37L1;SOX11	TUB	GO_BP	no_proc_ieg	10347
GOBP_STRIATED_MUSCLE_TISSUE_DEVELOPMENT	-0.9225431238993932	0.7295597484276729	0.8319984396633964	39/186	RARB;BMP7;TAFAZZIN;MYL3;HAND1;KAT2A;PIM1;SOX15;PRKAR1A;SGCG;RYR2;TNNI3;IFRD1;VEGFA;BMP5;TGFBR3;GLI1;ANKRD1;RGS2;MYL7;LOX;NOX4;NDRG4;TBX5;FRS2;AKAP13;FOXH1;JPH2;TNNI1;WNT2;ZIC3;SRF;HDAC3;AKAP6;RARA;NPPA;ADRA1A;MTOR;ACTC1	TUB	GO_BP	no_proc_ieg	10347
GOBP_DIGESTIVE_TRACT_MORPHOGENESIS	-0.9235411201766658	0.5753424657534246	0.8302304624074331	12/35	STRA6;AHI1;GLI3;CTNNB1;WNT11;GLI1;NPR2;EGFR;TP63;FOXF1;SOX11;HOXD13	TUB	GO_BP	no_proc_ieg	10347
GOBP_CORONARY_VASCULATURE_MORPHOGENESIS	-0.9239577978991453	0.5450121654501217	0.8300871470516231	4/16	TBX1;VEGFA;TGFBR3;TBX5	TUB	GO_BP	no_proc_ieg	10347
GOBP_NEGATIVE_REGULATION_OF_EXTRINSIC_APOPTOTIC_SIGNALING_PATHWAY_VIA_DEATH_DOMAIN_RECEPTORS	-0.9244251984442635	0.5645161290322581	0.829759522970423	5/24	CFLAR;DDX3X;BMP5;SERPINE1;FAIM2	TUB	GO_BP	no_proc_ieg	10347
GOBP_REGULATION_OF_OXIDATIVE_STRESS_INDUCED_INTRINSIC_APOPTOTIC_SIGNALING_PATHWAY	-0.9246654229810921	0.6149425287356322	0.8300415738926601	13/34	PRKN;NONO;CTNNB1;FYN;ADCY10;PRODH;MCL1;NOX1;INS;IL10;FBXO7;WNT1;PYCR1	TUB	GO_BP	no_proc_ieg	10347
GOBP_T_CELL_TOLERANCE_INDUCTION	-0.9248363935980581	0.5378590078328982	0.8305389942975145	2/15	AIRE;ITCH	TUB	GO_BP	no_proc_ieg	10347
GOBP_FOREBRAIN_GENERATION_OF_NEURONS	-0.9249564908447031	0.6188925081433225	0.8312011194815035	14/37	HES1;OGDH;UBB;GLI3;ASCL1;SOX1;TBR1;NDNF;DLX2;ATP7A;DCT;NKX2-1;FOXG1;GBX2	TUB	GO_BP	no_proc_ieg	10347
GOBP_REGULATION_OF_HAIR_FOLLICLE_DEVELOPMENT	-0.9266159410327937	0.5910364145658263	0.8276345330753044	8/19	FST;FOXN1;KRT17;SMO;MSX2;PKP3;WNT10B;DKK4	TUB	GO_BP	no_proc_ieg	10347
GOBP_REGULATION_OF_MEMBRANE_DEPOLARIZATION	-0.9268290522888615	0.5429447852760736	0.827978849161272	9/35	ALB;SCN3B;ABCD1;NEDD4L;ADCY10;TBX5;SCN2B;FZD9;GCLC	TUB	GO_BP	no_proc_ieg	10347
GOBP_REGULATION_OF_OLIGODENDROCYTE_DIFFERENTIATION	-0.9272911116491076	0.5783783783783784	0.8276715207138775	9/30	HES1;NKX2-2;CTNNB1;PTPRZ1;ASPA;SOX1;DRD3;DLX2;MTOR	TUB	GO_BP	no_proc_ieg	10347
GOBP_GLOMERULUS_DEVELOPMENT	-0.9275252090858385	0.6084142394822006	0.827974300558933	14/62	CFLAR;BMP7;MTSS1;NPHS1;HES1;TEK;NPHS2;PODXL;KLF15;WWTR1;IL6R;LGR4;PDGFB;HEYL	TUB	GO_BP	no_proc_ieg	10347
GOBP_CELLULAR_RESPONSE_TO_COPPER_ION	-0.927772497244044	0.5546875	0.8282724965662178	7/18	MT1M;MT2A;ATP7A;MT1X;AQP2;MT4;PRNP	TUB	GO_BP	no_proc_ieg	10347
GOBP_SOMITE_DEVELOPMENT	-0.9282094659482398	0.6277602523659306	0.8280348120502974	19/58	CDX1;TBXT;PLXNA2;KAT2A;WNT11;FOXB1;FOXF1;NKX3-1;MYF6;RAD51B;SMO;WNT1;SIX1;TCF15;MYF5;CDX2;LFNG;TCAP;WNT4	TUB	GO_BP	no_proc_ieg	10347
GOBP_POSITIVE_REGULATION_OF_GROWTH	-0.9283098126028795	0.7536231884057971	0.8287181029629198	60/193	HBEGF;DDX3X;PRKN;GHRH;RPS6KA1;GPR21;MAPT;PIM1;SOX15;GH1;SLC6A3;ITSN2;NEDD4L;ACACB;VEGFA;HYAL1;ADCY10;TGFBR3;GLI1;GHSR;CPNE6;EZR;TBX5;KRT17;WNT2;EGFR;DRD2;GOLGA4;SRF;CSHL1;CDH4;AKAP6;MAPKAP1;MTOR;INS;SMO;DIO3;UNC13A;ACTN3;SPTBN4;ATP8A2;EXTL3;LGI1;PEX5;SMAD7;UCN;LEP;WT1;GHR;MYOD1;SEMA7A;GH2;LPAR3;FGF9;RIMS1;IL9;TFCP2L1;DSCAM;RIMS2;WNT3	TUB	GO_BP	no_proc_ieg	10347
GOBP_PROTEIN_LOCALIZATION_TO_CELL_SURFACE	-0.9298399190402429	0.598705501618123	0.8254008963327227	13/50	TMEM35A;NEDD4L;CTNNB1;ANK2;WNT11;EGF;ARF6;MAP1A;PTPRU;RIC3;TM9SF4;HFE;JAM3	TUB	GO_BP	no_proc_ieg	10347
GOBP_ESTROGEN_METABOLIC_PROCESS	-0.9299320597967499	0.5546218487394958	0.8261186580755201	7/24	CYP3A4;HSD3B1;CYP1A2;CYP2C8;CYP3A5;HSD17B11;RDH8	TUB	GO_BP	no_proc_ieg	10347
GOBP_T_CELL_SELECTION	-0.9303533960498319	0.5911949685534591	0.8258865886268192	12/44	AIRE;ITPKB;IL23A;OPA1;GLI3;FOXN1;FOXP3;CTSL;SRF;IL6;IL6R;MTOR	TUB	GO_BP	no_proc_ieg	10347
GOBP_RESPONSE_TO_GONADOTROPIN	-0.9306873487794719	0.5675675675675675	0.825919861659206	8/26	SLC5A5;TGFBR3;GHSR;NPR2;GCLC;FSHR;SRD5A2;WT1	TUB	GO_BP	no_proc_ieg	10347
GOBP_NAD_CATABOLIC_PROCESS	-0.9317605940999791	0.5505050505050505	0.8238060609606722	10/16	TPI1;ENO3;SARM1;PGK2;HK3;PGAM2;PGK1;GCK;HK2;PFKL	TUB	GO_BP	no_proc_ieg	10347
GOBP_PALLIUM_DEVELOPMENT	-0.9327183786848829	0.6408839779005525	0.8220782722473985	37/134	TACC1;DIXDC1;ATOH1;SRGAP2;OGDH;BCAN;YWHAE;TUBB2A;TACC2;GLI3;ASCL1;CTNNB1;NPY;NEUROD6;SCN2A;HSD3B1;NDEL1;ATAT1;TBR1;EGFR;ZIC3;SRF;SUN1;RARA;DLX2;WDR62;HTR5A;DAB1;SMO;TSKU;PHACTR1;KDM1A;NKX2-1;PEX5;SRD5A2;FOXG1;EPHA5	TUB	GO_BP	no_proc_ieg	10347
GOBP_ASSOCIATIVE_LEARNING	-0.9327509203886204	0.625	0.8229881206577514	27/66	SLC1A1;PIAS1;KIT;OPRL1;DRD5;PDE1B;MAP1A;NDRG4;FOXB1;TBR1;DRD3;ABCC8;DRD2;SRF;SLC6A4;DBH;ATP1A2;CRH;GRIN1;UCN;OPRK1;CHRNB2;B4GALT2;HMGCR;ASIC1;GRIN2A;DRD1	TUB	GO_BP	no_proc_ieg	10347
GOBP_PROSTAGLANDIN_TRANSPORT	-0.9330621996362678	0.5689149560117303	0.8231174090468854	9/28	SLCO4A1;PLA2G10;NOS2;SLC22A6;SLC22A8;MAP2K6;OXT;TNFSF11;LEP	TUB	GO_BP	no_proc_ieg	10347
GOBP_PEPTIDE_TRANSPORT	-0.9338389476992531	0.6871165644171779	0.8218583883809022	63/191	PFKFB2;GNAO1;IRS1;CARTPT;PRKN;NR0B2;BAIAP3;GHRH;RAB3A;KISS1;PRKAR1A;KCNA5;NOS2;ENSA;PLA2G6;MC4R;GHSR;MTNR1B;CPLX3;ABCC8;EGFR;DRD2;ENY2;ABCB8;SMPD3;FOXA2;CNR1;IL6;INS;HFE;REST;BRSK2;FOXO1;CRHR1;ADCYAP1;CRH;ADCY8;EPHA5;GIP;TNFSF11;CASR;G6PC2;UCN;CLEC4M;LEP;RBP4;TRH;STX1A;ABCB9;IRS2;GIPR;VGF;KCNB1;PICK1;PTPRN;RIMS2;CHGA;GABBR1;IFNG;FFAR2;HNF1A;CAMK2G;NEUROD1	TUB	GO_BP	no_proc_ieg	10347
GOBP_APOPTOTIC_PROCESS_INVOLVED_IN_MORPHOGENESIS	-0.9350619594390387	0.5503875968992248	0.8193809818855263	2/20	PPP2R1B;BMP7	TUB	GO_BP	no_proc_ieg	10347
GOBP_CALCIUM_ION_HOMEOSTASIS	-0.9352630879880416	0.6666666666666666	0.8198257303463039	64/243	DDIT3;GPR3;HAP1;CALML3;HCRTR1;SCGN;MCUR1;ELANE;CYP27B1;CALCA;TRPM2;CASQ1;YWHAE;ALPL;PLCH2;GRM1;STC1;STOML2;RYR2;DRD5;TNNI3;ANK2;UMOD;TRPC6;XCR1;TSPOAP1;JPH3;ITPR2;CACNB4;VDR;SLC24A2;JPH2;DRD3;DRD2;HTR1B;CALM1;CNR1;AKAP6;FZD9;NOS1;CALB2;GP9;TRPC3;ATP2B2;ATP1A2;CASQ2;MICU1;FGF23;PLCG1;CCL1;TRPV5;BDKRB1;CCL13;KL;P2RX1;NPPC;ADCY8;TNFSF11;SLC8A2;CASR;TRPV6;GRIN1;TMBIM6;APOE	TUB	GO_BP	no_proc_ieg	10347
GOBP_VITAMIN_TRANSPORT	-0.9356757937302645	0.5483870967741935	0.8195686484023872	17/35	STRA6;SLC22A14;NPC1L1;SLC52A1;SLC2A3;SLC19A2;AFM;SLC25A32;SLC19A1;FOLR1;SLC19A3;TTPA;APOA1;SLC2A1;SLC2A4;ABCG2;SLC22A1	TUB	GO_BP	no_proc_ieg	10347
GOBP_ECTODERM_DEVELOPMENT	-0.9365400455229795	0.5591397849462365	0.8181316980507309	5/17	KRT6B;ETS2;ZBTB7B;CTNNB1;VAX2	TUB	GO_BP	no_proc_ieg	10347
GOBP_MUSCLE_ORGAN_DEVELOPMENT	-0.9385540251275306	0.6783216783216783	0.8134697444447708	64/241	HBEGF;CFLAR;USP2;MYOM2;TAFAZZIN;MYL3;NPHS1;CHRND;HAND1;CASQ1;TBX1;ITGB1BP2;POPDC3;RCAN1;ASS1;STRA6;SRPK3;DDX17;KLF5;SOX15;SGCG;RYR2;CTNNB1;TNNI3;DDX5;PHOX2B;ITGA7;TGFBR3;ZNF609;ANKRD1;H1-5;LOX;SCN11A;FOXH1;JPH2;TNNI1;WNT2;EPHB1;SGCA;ACTA1;COL19A1;MYOM1;MYF6;AKIRIN1;ACTC1;SMO;MYOZ1;MYOG;SOX11;ACTN3;SIX1;HEYL;CTF1;CHRNA1;WNT10B;NKX2-5;P2RX2;POPDC2;SMAD7;TCF15;ARID5B;PITX1;MYF5;PAX3	TUB	GO_BP	no_proc_ieg	10347
GOBP_DE_NOVO_PROTEIN_FOLDING	-0.938774600352775	0.5558739255014327	0.8138160278444688	3/26	DNAJB5;HSPA9;HSPA6	TUB	GO_BP	no_proc_ieg	10347
GOBP_NAD_METABOLIC_PROCESS	-0.9429096100257224	0.546875	0.8031274606733373	10/42	KYNU;TPI1;ENO3;NMNAT2;NMRK2;ALDOB;SARM1;GPD1;HAAO;PGK2	TUB	GO_BP	no_proc_ieg	10347
GOBP_POSITIVE_REGULATION_OF_CELLULAR_CATABOLIC_PROCESS	-0.9433349841264314	0.6532663316582915	0.8028728536884514	36/155	IRS1;RFPL2;EPM2A;ITCH;PRKN;WDR45;FGF21;TFEB;ABCD1;PRKCD;ZBTB20;FOXO3;NOD1;CALCOCO2;WIPI1;FABP1;ADCY10;MLXIPL;LARP1;UFL1;TRIM58;SLC4A4;GPD1;GAPDHS;SLC25A4;TRIM13;ZC3H12A;PACSIN3;MTOR;INS;FBXO7;PHKG2;FOXO1;BNIP3L;EIF2AK1;APOA4	TUB	GO_BP	no_proc_ieg	10347
GOBP_SKIN_EPIDERMIS_DEVELOPMENT	-0.943922869842687	0.6108786610878661	0.8021637010697964	31/94	KRT1;FST;CTNNB1;EDA;PLA2G10;SPINK5;KRT16;FOXN1;FUZ;KRT84;KRT17;EGFR;LGR5;TP63;SRF;HDAC3;ALOX12;ATP7A;SMO;HOXC13;LGR4;MSX2;PKP3;LDB1;WNT10B;DKK4;ALOX12B;FLG;LHX2;COL6A1;ERCC2	TUB	GO_BP	no_proc_ieg	10347
GOBP_RESPONSE_TO_ACETYLCHOLINE	-0.9445712059881186	0.551829268292683	0.8013602838576892	15/37	CHRNE;CHRND;HRH3;CHRM2;CHRM5;ACHE;CHRNA2;ROCK2;CHRNG;HRH4;LY6G6D;CHRNA3;CHRNA1;CHRNA6;CHRNA4	TUB	GO_BP	no_proc_ieg	10347
GOBP_SENSORY_SYSTEM_DEVELOPMENT	-0.9449334239172892	0.6541353383458647	0.8013518911159702	65/270	JMJD6;CRYGA;RARB;GNAT1;SLC1A1;BMP7;MYOM2;CRYBB3;HES1;FZD4;MTERF4;STRA6;RARG;TSPAN12;NRL;CDK20;SLC6A3;NEUROD4;AHI1;GLI3;CTNNB1;SLC4A5;LENEP;ACHE;VEGFA;FOXF2;PHOX2B;MAB21L2;RPGRIP1;PDE6A;VAX2;MTNR1B;SOX1;NFIB;FRS2;LIM2;WNT2;EGFR;RPE65;DRD2;ABI2;EPHB1;DCX;SRF;NES;CRB1;MYOM1;RARA;TENM3;DLX2;PITX3;HIPK1;CRYGC;USH1C;SIX6;RAX;DIO3;ATP2B2;CRYGB;MYO7A;SOX11;TSKU;HSF4;PDE6B;ZEB1	TUB	GO_BP	no_proc_ieg	10347
GOBP_SPECIFICATION_OF_SYMMETRY	-0.9453742715108403	0.5735294117647058	0.8010311094335022	19/80	DDIT3;HAND1;TBX1;LEFTY1;AHI1;CFAP45;CTNNB1;NDRG4;FOXH1;WNT8B;PCSK6;ZIC3;SRF;DNAI1;FOXF1;DNAAF1;DYNC2H1;SMO;CER1	TUB	GO_BP	no_proc_ieg	10347
GOBP_REGULATION_OF_CARDIAC_CONDUCTION	-0.9458539759190531	0.5368956743002544	0.8005797952728568	8/19	RYR2;ANK2;TBX5;ATP2B2;NKX2-5;SLC8A2;ATP2B3;ATP2A1	TUB	GO_BP	no_proc_ieg	10347
GOBP_SECONDARY_PALATE_DEVELOPMENT	-0.946002654345159	0.5390625	0.8011720717375401	5/23	COL11A2;TBX1;WNT11;TGFBR3;TGFB3	TUB	GO_BP	no_proc_ieg	10347
GOBP_REGULATION_OF_MUSCLE_ADAPTATION	-0.9468200415294249	0.5439739413680782	0.7998860416129415	16/58	CASQ1;FOXO3;ACACB;PRKCA;ADCY10;RGS2;PDE9A;TNNI1;SGCA;AKAP6;ROCK2;ADRA1A;TRPC3;MYOG;ACTN3;FOXO1	TUB	GO_BP	no_proc_ieg	10347
GOBP_RESPONSE_TO_ARSENIC_CONTAINING_SUBSTANCE	-0.9468614940143519	0.5346260387811634	0.8007599334981486	8/24	CDKN1A;DDX3X;UROS;RNF4;ZFAND1;ALAD;GCLC;ZC3H12A	TUB	GO_BP	no_proc_ieg	10347
GOBP_MESODERM_DEVELOPMENT	-0.9488816872899205	0.5933609958506224	0.795933353694237	23/91	BMP7;BMX;TBXT;TAL1;HAND1;ETS2;TBX1;TRIM15;PRKAR1A;ETV2;VEGFA;WNT11;ITGA8;FOXH1;TP63;ZIC3;SRF;FOXF1;HMGA2;TLX2;SMO;AMH;CER1	TUB	GO_BP	no_proc_ieg	10347
GOBP_POSITIVE_REGULATION_OF_PEPTIDE_SECRETION	-0.9491011745724294	0.5537848605577689	0.7963153154123459	36/82	PFKFB2;NR0B2;BAIAP3;GHRH;KISS1;PRKAR1A;PLA2G6;ABCC8;EGFR;DRD2;INS;HFE;ADCYAP1;CRH;ADCY8;GIP;TNFSF11;CASR;UCN;RBP4;TRH;IRS2;GIPR;GABBR1;FFAR2;F2RL2;ABAT;BLK;GPR68;TFR2;ITPR1;GCK;F2;ISL1;PCK2;GCG	TUB	GO_BP	no_proc_ieg	10347
GOBP_CENTRAL_NERVOUS_SYSTEM_PROJECTION_NEURON_AXONOGENESIS	-0.9499495809734193	0.52	0.7948297894807548	10/20	NFIB;EPHB1;TSKU;DCC;SPTBN4;MYCBP2;CHRNB2;EPHB3;GLI2;ADARB1	TUB	GO_BP	no_proc_ieg	10347
GOBP_REGULATION_OF_NUCLEOTIDE_CATABOLIC_PROCESS	-0.9502262374577887	0.5416666666666666	0.7950529090757429	10/40	PFKFB1;ZBTB20;PRKAG2;MLXIPL;SLC4A4;GPD1;GAPDHS;MTOR;INS;ACTN3	TUB	GO_BP	no_proc_ieg	10347
GOBP_ORGANIC_ACID_BIOSYNTHETIC_PROCESS	-0.9502817046071356	0.6209150326797386	0.795873812843506	55/224	AASS;PDK4;KYNU;CYP3A4;GLUD2;INSIG1;DECR2;UROS;PRG3;SHMT1;GLS2;ACOT7;GAD2;BHMT2;ASS1;BAAT;APOC3;ABCD1;ACLY;ACACB;PRKAG2;PLA2G10;GATM;MLXIPL;CYP1A2;MECR;PECR;CYP2C8;UPB1;AGXT;ACOX2;HAAO;ALOX12;ACSM3;STAR;MTR;ELOVL4;GLS;OAT;ACADL;ELOVL2;GOT1;OLAH;CYP4A11;KMO;ALOX15;ABCD3;APOA4;OTC;PYCR1;ACOT8;LPL;THNSL2;LIPG;GIP	TUB	GO_BP	no_proc_ieg	10347
GOBP_NEGATIVE_REGULATION_OF_MYOBLAST_DIFFERENTIATION	-0.9505609567375802	0.5407608695652174	0.7960794497148369	2/18	DDIT3;NMRK2	TUB	GO_BP	no_proc_ieg	10347
GOBP_CELL_SURFACE_RECEPTOR_PROTEIN_TYROSINE_KINASE_SIGNALING_PATHWAY	-0.9517165658410016	0.7142857142857143	0.7936943877038747	77/459	NEDD9;PRDM14;HBEGF;PDK4;GFRA3;IRS1;TGFA;FSTL4;FGFBP1;F3;MTSS1;ARHGEF7;HAP1;ZFAND5;SLC39A14;HRG;STAP1;FZD4;BAIAP2;GHRH;XDH;FRS3;SOCS2;FGF21;INSRR;GDF15;GPR21;TEK;NTRK3;SS18;PTK6;KANK1;APOD;KIT;PRKCD;BLVRB;ZBTB7B;GH1;AHI1;CTNNB1;SLC31A1;SIPA1L1;DOCK3;FYN;VEGFA;BMP5;GAB1;MST1R;RNF126;ADAMTS12;GHSR;EGF;PDE6H;NDEL1;SHC3;EFNA1;LOX;NDRG4;FRS2;FUZ;FER;NPR2;EGFR;EPHB1;FGF18;DOK4;GFRA2;CYFIP2;DNAI1;BDKRB2;CSHL1;CUL5;INPP5K;SMPD3;MAPKAPK3;NKX3-1;MUSK	TUB	GO_BP	no_proc_ieg	10347
GOBP_TELENCEPHALON_DEVELOPMENT	-0.9522561537809329	0.6111111111111112	0.7931543792890854	47/181	TACC1;DIXDC1;RARB;ATOH1;HES1;SRGAP2;OGDH;BCAN;HERC1;KAT2A;YWHAE;TUBB2A;TACC2;GLI3;ASCL1;CTNNB1;NPY;NEUROD6;SCN2A;HSD3B1;NDEL1;NFIB;ATAT1;FOXB1;TBR1;EGFR;DRD2;ZIC3;SRF;SLIT1;SUN1;RARA;DLX2;WDR62;HTR5A;DAB1;SMO;TSKU;ATP1A2;FUT1;PHACTR1;KDM1A;NKX2-1;PEX5;SRD5A2;FOXG1;EPHA5	TUB	GO_BP	no_proc_ieg	10347
GOBP_EXPLORATION_BEHAVIOR	-0.9531124772537434	0.5585585585585585	0.7915664700162862	10/27	DPP4;HTR1A;JPH3;PENK;ATP1A2;CRHR1;CRH;GIP;APOE;GAD1	TUB	GO_BP	no_proc_ieg	10347
GOBP_NEGATIVE_REGULATION_OF_RNA_SPLICING	-0.9532488822222634	0.5142857142857142	0.7921674701061925	9/18	SRSF4;DYRK1A;HNRNPA2B1;TMBIM6;PTBP2;SRSF6;SFSWAP;PCBP4;SRSF7	TUB	GO_BP	no_proc_ieg	10347
GOBP_REGULATION_OF_SODIUM_ION_TRANSPORT	-0.9534846948837152	0.5428571428571428	0.792510111901403	18/56	CHP1;NKAIN1;SCN3B;SNTA1;NEDD4L;PER1;CHP2;AHCYL1;DRD2;SCN2B;CNTN1;NOS1;ATP1B3;ATP1A2;SPTBN4;NKX2-5;BPIFA1;FGF14	TUB	GO_BP	no_proc_ieg	10347
GOBP_VASODILATION	-0.9550830668086797	0.5319767441860465	0.7889160367331051	20/40	GCH1;CALCA;KNG1;VEGFA;RGS2;EGFR;BDKRB2;NPPA;NOS1;INS;CASR;UCN;APOE;ADRB3;KCNMB1;DRD1;PRKG1;ADORA2B;TNF;KCNMA1	TUB	GO_BP	no_proc_ieg	10347
GOBP_NEGATIVE_REGULATION_OF_SYNAPTIC_TRANSMISSION	-0.9551494988152889	0.5239520958083832	0.7897026519788284	19/45	MAPT;GRID2;DRD5;ACHE;SLC24A2;DRD3;DRD2;GRM2;HTR1B;SRF;SLC6A4;IQSEC2;GRIK3;ADCY8;ARC;KCNB1;PICK1;GABBR1;DRD1	TUB	GO_BP	no_proc_ieg	10347
GOBP_REGULATION_OF_CELL_GROWTH	-0.9554008940937117	0.6551724137931034	0.7900058296598609	89/296	HBEGF;FSTL4;CDKN1A;DDX3X;CISH;ITCH;TFRC;ST7L;PRKN;PAK5;HRG;CDKN2A;CYP27B1;SOCS2;ESR2;RPS6KA1;PHB1;SERTAD3;MAPT;ITSN2;NEDD4L;HDAC6;MEAF6;IFRD1;VEGFA;HYAL1;ADCY10;WNT11;RGS2;RAB21;CPNE6;PAK4;KRT17;EGFR;DCSTAMP;GOLGA4;BLTP1;NET1;SRF;SLIT1;CDH4;AKAP6;MAPKAP1;ADIPOR1;CDA;MTOR;INS;URI1;ING1;UNC13A;MINAR1;GDF2;DCC;TRIM46;CDHR2;KAZALD1;SPAG9;OGFR;BDKRB1;PTCH2;PRDM11;EXTL3;LGI1;TSPYL2;FAM107A;SPOCK1;SMAD7;WFDC1;ARHGAP4;TAOK2;ULK1;UCN;APOE;WT1;BTG1;MELTF;SEMA7A;ATAD3A;ROS1;LPAR3;MAG;RIMS1;PLXNA3;TP53TG5;IL9;YY1;DSCAM;RIMS2;WNT3	TUB	GO_BP	no_proc_ieg	10347
GOBP_TYROSINE_PHOSPHORYLATION_OF_STAT_PROTEIN	-0.9560902319728567	0.5371621621621622	0.7889760036938708	27/58	HES1;PTK6;KIT;GH1;IL23A;FYN;IL24;HPX;FER;CSF2;CSHL1;IL6;IL6R;CTF1;EPO;OSM;LEP;CNOT7;GHR;GH2;IL4;IFNG;CLCF1;IL13;IL3;TNF;IL2	TUB	GO_BP	no_proc_ieg	10347
GOBP_PROTEIN_ACYLATION	-0.9579548425177387	0.5392857142857143	0.784657418104823	10/55	PPM1A;DDX3X;KAT2A;ZDHHC3;MAPT;ARID5A;HDAC6;CLIP3;KLF15;ATAT1	TUB	GO_BP	no_proc_ieg	10347
GOBP_NEGATIVE_REGULATION_OF_MRNA_METABOLIC_PROCESS	-0.958707597184678	0.5608108108108109	0.7835160525282817	20/58	NOCT;SRSF4;A1CF;TOB1;LARP1;E2F1;NBAS;DYRK1A;ELAVL1;HNRNPD;HNRNPA2B1;PKP3;HNRNPA0;PKP1;DHX34;CIRBP;SLC11A1;SRSF6;SFSWAP;PCBP4	TUB	GO_BP	no_proc_ieg	10347
GOBP_ESTABLISHMENT_OF_MITOCHONDRION_LOCALIZATION_MICROTUBULE_MEDIATED	-0.9598316114074356	0.5138121546961326	0.7813287973437244	5/22	HAP1;UBB;MAPT;OPA1;HDAC6	TUB	GO_BP	no_proc_ieg	10347
GOBP_PROTEIN_K63_LINKED_UBIQUITINATION	-0.9598810283075192	0.5565749235474006	0.7821581129454528	7/45	RNF186;DDX3X;ITCH;PRKN;RNF4;RNF126;MAGEL2	TUB	GO_BP	no_proc_ieg	10347
GOBP_ONE_CARBON_COMPOUND_TRANSPORT	-0.9600289824199851	0.5167958656330749	0.7827520058747488	9/17	RHCG;UMOD;RHBG;AQP3;CA2;UPK3A;AQP8;SLC14A2;HBE1	TUB	GO_BP	no_proc_ieg	10347
GOBP_BENZENE_CONTAINING_COMPOUND_METABOLIC_PROCESS	-0.960596067549943	0.48484848484848486	0.7820499453323204	10/19	KYNU;ACAA1;HAAO;KMO;SRD5A2;GSTM4;EPHX2;FAH;KYAT3;ACSM1	TUB	GO_BP	no_proc_ieg	10347
GOBP_REGULATION_OF_ADENYLATE_CYCLASE_ACTIVITY	-0.9609699828719108	0.5069637883008357	0.7818942076160269	19/33	DRD5;DRD3;DRD2;LGR5;GRM2;GRM3;CALCR;LGR4;FSHR;CRHR1;ADCYAP1;CACNA1C;CACNA1D;GIPR;LTB4R2;DRD1;ADORA2B;GALR1;GLP1R	TUB	GO_BP	no_proc_ieg	10347
GOBP_NEURON_PROJECTION_EXTENSION_INVOLVED_IN_NEURON_PROJECTION_GUIDANCE	-0.9613173157269187	0.5077319587628866	0.7818749214305833	9/17	HDAC6;VEGFA;ALCAM;SLIT1;PLXNA3;DSCAM;WNT3;NRP2;SEMA3A	TUB	GO_BP	no_proc_ieg	10347
GOBP_RESPONSE_TO_CADMIUM_ION	-0.9613362143105031	0.5169230769230769	0.7828260317271093	18/46	KIT;MT1M;CAT;CYP1A2;SLC34A1;MT2A;ALAD;EGFR;HAAO;GCLC;ATP7A;MT1X;MAPK8;CER1;GSS;MT4;PRNP;MAPK9	TUB	GO_BP	no_proc_ieg	10347
GOBP_SCF_DEPENDENT_PROTEASOMAL_UBIQUITIN_DEPENDENT_PROTEIN_CATABOLIC_PROCESS	-0.9613482695255957	0.5213675213675214	0.7837823909148108	5/26	FBXO9;FBXL8;WWTR1;SKP1;CUL5	TUB	GO_BP	no_proc_ieg	10347
GOBP_REGULATION_OF_CILIUM_DEPENDENT_CELL_MOTILITY	-0.9625345803709687	0.5092348284960422	0.7814018263298915	4/16	PRDM14;CFAP45;TACR3;CLXN	TUB	GO_BP	no_proc_ieg	10347
GOBP_REGULATION_OF_GLUCOSE_TRANSMEMBRANE_TRANSPORT	-0.9627360501383481	0.528169014084507	0.7818100466017053	10/54	IRS1;FGF21;GH1;GPC3;PRKAG2;CLIP3;KLF15;CLTCL1;INPP5K;INS	TUB	GO_BP	no_proc_ieg	10347
GOBP_TISSUE_REGENERATION	-0.9633805490744891	0.48951048951048953	0.7808832771382043	12/57	CFLAR;GNAT1;CDKN1A;KLF5;APOD;SOX15;PLG;IFRD1;TEC;SGCA;FZD9;AKIRIN1	TUB	GO_BP	no_proc_ieg	10347
GOBP_EPITHELIAL_TO_MESENCHYMAL_TRANSITION	-0.9644058115432859	0.5931372549019608	0.7788722874268336	36/126	FERMT2;BMP7;TCOF1;DDX17;CTNNB1;MARK1;DDX5;VEGFA;FOXF2;BMP5;WNT11;TGFBR3;TGFB3;EFNA1;TBX5;FUZ;WWTR1;WNT2;TMEM100;FOXA2;HMGA2;ROCK2;IL6;ADIPOR1;MTOR;MSX2;HEYL;TRIM62;SERPINB3;KDM1A;NKX2-1;SMAD7;LIMS1;POFUT2;ADAM8;NCAM1	TUB	GO_BP	no_proc_ieg	10347
GOBP_CARBOHYDRATE_TRANSPORT	-0.9650233481895871	0.5594713656387665	0.7780376002596796	28/83	IRS1;FGF21;SLC2A5;GH1;GPC3;ACACB;PRKAG2;CLIP3;SLC2A3;KLF15;AQP3;CLTCL1;SLC45A2;INPP5K;SMPD3;INS;AQP2;SLC50A1;GIP;LEP;IRS2;GRB10;ABCB11;SLC5A2;HNF1A;SLC2A1;DRD1;SLC2A4	TUB	GO_BP	no_proc_ieg	10347
GOBP_REGULATION_OF_DEVELOPMENTAL_GROWTH	-0.9651112158625279	0.6076923076923076	0.7787728362547177	79/236	CGA;FSTL4;CDKN1A;WWC2;PRKN;GHRH;SOCS2;GDF15;GPR21;MAPT;PIM1;SOX15;GH1;SLC6A3;ITSN2;NEDD4L;FTO;ACACB;HDAC6;IFRD1;VEGFA;ADCY10;TGFBR3;GLI1;GHSR;RGS2;RAB21;CPNE6;EZR;TBX5;WNT2;DRD2;GOLGA4;SRF;HDAC3;SLIT1;SLC6A4;CDH4;AKAP6;MUSK;GDF5;SMO;DIO3;UNC13A;MYOZ1;ACTN3;SIX1;DCC;TRIM46;SPAG9;SPTBN4;ATP8A2;NKX2-5;PEX5;NPPC;PRLH;LATS1;SMAD7;ARHGAP4;ULK1;LEP;APOE;ADRB3;WT1;RBP4;GHR;MYOD1;SEMA7A;MYCBP2;LPAR3;FGF9;MAG;RIMS1;KCNK2;PLXNA3;YY1;DSCAM;RIMS2;WNT3	TUB	GO_BP	no_proc_ieg	10347
GOBP_MITOCHONDRIAL_ELECTRON_TRANSPORT_NADH_TO_UBIQUINONE	-0.9651813869530714	0.5058139534883721	0.7795413558936206	2/30	NDUFS1;NDUFA10	TUB	GO_BP	no_proc_ieg	10347
GOBP_NEGATIVE_REGULATION_OF_RNA_CATABOLIC_PROCESS	-0.9656086737962033	0.5110410094637224	0.7793273215835855	15/47	NOCT;METTL1;A1CF;TOB1;LARP1;E2F1;NBAS;ELAVL1;HNRNPD;PKP3;HNRNPA0;PKP1;DHX34;CIRBP;SLC11A1	TUB	GO_BP	no_proc_ieg	10347
GOBP_PROTEIN_LOCALIZATION_TO_SYNAPSE	-0.9660449911115828	0.506578947368421	0.7790111520765879	16/54	ABHD17B;BSN;NPHS1;BAIAP2;MAPT;SLITRK3;GHSR;MAP1A;CACNG2;MAPK8IP3;IQSEC2;NPTX1;KIF5A;NRXN1;LGI1;DLG2	TUB	GO_BP	no_proc_ieg	10347
GOBP_EMBRYONIC_ORGAN_MORPHOGENESIS	-0.9665685609286007	0.5	0.7784520569199619	53/202	KCNQ4;RARB;BMP7;INSIG1;ATOH1;HES1;HAND1;TBX1;STRA6;RARG;AHI1;RYR2;GLI3;CTNNB1;PTK7;FOXF2;HYAL1;WNT11;SOBP;TGFB3;GLI1;POU4F3;CHRNA10;VAX2;EFNA1;ITGA8;NDRG4;FRS2;FUZ;FOXH1;ZIC3;SRF;HOXB1;FOXF1;WHRN;DLX2;KCNQ1;DNAAF1;SMO;HIPK1;USH1C;WNT1;MYO7A;SOX11;SIX1;ZEB1;FOLR1;ATP8A2;NKX2-5;PAX2;FOXG1;GBX2;PRKRA	TUB	GO_BP	no_proc_ieg	10347
GOBP_CELLULAR_MODIFIED_AMINO_ACID_BIOSYNTHETIC_PROCESS	-0.9671190090605847	0.5139664804469274	0.7777724590317759	5/31	SLC1A1;GCH1;HAGH;GATM;ALDH7A1	TUB	GO_BP	no_proc_ieg	10347
GOBP_POSITIVE_REGULATION_OF_HUMORAL_IMMUNE_RESPONSE	-0.9673476762311801	0.48677248677248675	0.7780965220726158	5/18	PHB1;KLK5;FCER2;HPX;KLK3	TUB	GO_BP	no_proc_ieg	10347
GOBP_STRIATED_MUSCLE_ADAPTATION	-0.9692308947443613	0.5175718849840255	0.7734352947922936	19/41	CFLAR;ACACB;KLF15;TNNI1;ACTA1;NPPA;TRPC3;MYOZ1;GSN;MYOG;ACTN3;FOXO1;NFATC1;MYOD1;TNNT1;CACNA1S;TCAP;MYOC;CAMK2G	TUB	GO_BP	no_proc_ieg	10347
GOBP_SPERM_CAPACITATION	-0.9708536661984557	0.4949748743718593	0.7696461708304033	9/15	SLC26A3;SLC22A14;TCP11;DLD;SLC26A6;SEMG1;PAEP;CABYR;ELSPBP1	TUB	GO_BP	no_proc_ieg	10347
GOBP_REGULATION_OF_RELEASE_OF_SEQUESTERED_CALCIUM_ION_INTO_CYTOSOL_BY_SARCOPLASMIC_RETICULUM	-0.9709068752503678	0.4959785522788204	0.7704612937500186	7/22	CASQ1;RYR2;ANK2;CALM1;AKAP6;ATP1A2;CASQ2	TUB	GO_BP	no_proc_ieg	10347
GOBP_TRANSCYTOSIS	-0.9712057078707281	0.5026737967914439	0.7705436542575239	1/18	GP2	TUB	GO_BP	no_proc_ieg	10347
GOBP_EPITHELIAL_CELL_DEVELOPMENT	-0.9716324003439228	0.5649717514124294	0.77029372974013	34/166	EXPH5;RARB;CDKN1A;PPP1R16B;NPHS1;NKX2-2;RARG;KLF5;AFDN;ESR1;STC1;NPHS2;SLC4A5;PODXL;VEGFA;BMP5;EZR;FRS2;FER;TP63;FOXP3;ABI2;HOXB13;INSM1;ROCK2;RARA;CDSN;SMO;TJP3;PDGFB;CRYGB;SDC1;ADD1;YIPF6	TUB	GO_BP	no_proc_ieg	10347
GOBP_CYCLIC_NUCLEOTIDE_METABOLIC_PROCESS	-0.9717929794547144	0.5060606060606061	0.7708436391124375	14/36	ADCY10;CACNB4;PDE9A;NPR2;RORA;PDE4C;NPPA;PDE8A;ADCY1;NPPC;ADCY8;ADCY6;GUCY2F;PTHLH	TUB	GO_BP	no_proc_ieg	10347
GOBP_HORMONE_METABOLIC_PROCESS	-0.9724971585264105	0.5529411764705883	0.7697296006318999	60/181	CGA;ADM;AFP;CYP3A4;SLC5A5;RDH16;CYP27B1;SCNN1B;LRAT;TG;DIO2;SLCO1C1;CRYM;ESR1;DPP4;NR5A1;BMP5;HSD3B1;FSHB;CYP1A2;CYP11B2;CYP2C8;PCSK6;PNLIP;RPE65;PCSK7;SULT1B1;CTSL;GCNT4;HFE;DIO3;DDO;CYP3A5;REST;DIO1;HSD17B3;SRD5A2;BACE2;CYP11A1;HSD17B11;LEP;RDH8;RBP4;DUOX2;GHR;MME;CYP26A1;PNPLA4;LIPE;WNT4;GFI1;CEL;DGAT1;PNPLA2;ECE2;CHST8;ECE1;DHRS3;ADH7;TPO	TUB	GO_BP	no_proc_ieg	10347
GOBP_INTRACELLULAR_IRON_ION_HOMEOSTASIS	-0.9727793313708847	0.5016949152542373	0.7699043198871639	5/44	ATP6V1A;BDH2;ABCB7;TFRC;SLC39A14	TUB	GO_BP	no_proc_ieg	10347
GOBP_SODIUM_ION_IMPORT_ACROSS_PLASMA_MEMBRANE	-0.9729835772801843	0.5	0.7703585118144859	5/15	SLC9A2;SCNN1B;SLC34A1;SLC9A5;SLC9A3	TUB	GO_BP	no_proc_ieg	10347
GOBP_ANTEROGRADE_AXONAL_TRANSPORT	-0.9730930056461164	0.4692737430167598	0.7710423449744341	10/31	HAP1;RAB21;MAP1A;MAPK8IP3;BLOC1S1;KIF5A;TRIM46;DLG2;CALY;KIF1A	TUB	GO_BP	no_proc_ieg	10347
GOBP_NUCLEOBASE_METABOLIC_PROCESS	-0.9759736896696647	0.49085365853658536	0.7634156889002486	10/34	ALDH6A1;SHMT1;XDH;GMPR2;CRMP1;CTPS1;ADK;DPYSL4;CDA;MTOR	TUB	GO_BP	no_proc_ieg	10347
GOBP_ENDOCHONDRAL_BONE_MORPHOGENESIS	-0.977964240657955	0.4831804281345566	0.7585147198266425	15/46	RARB;PEX7;ALPL;TEK;RARG;NAB2;STC1;NPR2;FGF18;SMPD3;RARA;CER1;TSKU;INPPL1;NPPC	TUB	GO_BP	no_proc_ieg	10347
GOBP_NEGATIVE_REGULATION_OF_MIRNA_METABOLIC_PROCESS	-0.9780759793962661	0.4853801169590643	0.75916085093743	8/25	ESR1;VEGFA;NFIB;SRF;RARA;PDGFB;REST;NFATC4	TUB	GO_BP	no_proc_ieg	10347
GOBP_SMOOTH_MUSCLE_CELL_DIFFERENTIATION	-0.9782661645414072	0.5	0.7595717139227864	17/55	ADM;HES1;PIAS1;KIT;CTNNB1;VEGFA;ITGA8;SRF;FOXF1;MRTFA;PDGFB;SIX1;ZEB1;NFATC4;NFATC1;CTH;FGF9	TUB	GO_BP	no_proc_ieg	10347
GOBP_FOREBRAIN_CELL_MIGRATION	-0.978630913865102	0.5051903114186851	0.7595266745340957	17/48	DIXDC1;SRGAP2;OGDH;GLI3;CTNNB1;NDEL1;FOXB1;EGFR;DRD2;SRF;SLIT1;SUN1;DAB1;NKX2-1;PEX5;FOXG1;CDK5R2	TUB	GO_BP	no_proc_ieg	10347
GOBP_AMIDE_BIOSYNTHETIC_PROCESS	-0.9795921951135454	0.5299145299145299	0.7577699615682375	26/100	PDK4;ARG2;ACAT1;SLC1A1;MMUT;HAGH;ASS1;ACLY;PRKCD;ACACB;PLA2G6;PEMT;DLAT;B4GALNT1;GCLC;ELOVL4;ELOVL2;CHAC1;PPT2;ST8SIA3;AGK;PDK2;GSS;OTC;CERS6;P2RX1	TUB	GO_BP	no_proc_ieg	10347
GOBP_FATTY_ACID_DERIVATIVE_BIOSYNTHETIC_PROCESS	-0.9810393348802215	0.48360655737704916	0.7544651452177947	8/30	ACAT1;HMGCS2;ALOX12;ACSS3;ELOVL4;ELOVL2;PPT2;ALOX15	TUB	GO_BP	no_proc_ieg	10347
GOBP_RENAL_SYSTEM_DEVELOPMENT	-0.981184081515562	0.5507246376811594	0.7549940229820762	59/245	CFLAR;ARG2;JMJD6;ACAT1;RARB;BMP7;CTNNBIP1;MTSS1;HMGCS2;KLHL3;NPHS1;HES1;ASS1;STRA6;TEK;AHI1;GPC3;ZBTB16;GLI3;ARL3;CTNNB1;NPHS2;GREB1L;HPGD;PTK7;PODXL;CASP9;VEGFA;UMOD;CAT;MMP17;WNT11;SLC34A1;KLF15;SLC22A6;ITGA8;DDC;WWTR1;LGR5;FOXF1;NKX3-1;RARA;IL6R;GCNT4;DCHS2;DYNC2H1;PKD1;SMO;LGR4;PDGFB;WNT1;SDC1;CER1;CYP4A11;SOX11;SIX1;HEYL;UPK3A;AQP2	TUB	GO_BP	no_proc_ieg	10347
GOBP_FATTY_ACYL_COA_METABOLIC_PROCESS	-0.9813919420908523	0.48501362397820164	0.7554035603924749	6/24	ACAT1;ACOT7;ABCD1;ELOVL4;ELOVL2;PPT2	TUB	GO_BP	no_proc_ieg	10347
GOBP_REGULATION_OF_STEROID_BIOSYNTHETIC_PROCESS	-0.9814269259175	0.4807692307692308	0.7563051621070362	10/56	CGA;ADM;INSIG1;CYP27B1;MBTPS1;NR5A1;ABCG4;BMP5;FSHB;SREBF2	TUB	GO_BP	no_proc_ieg	10347
GOBP_RHYTHMIC_BEHAVIOR	-0.9815198635594087	0.4563953488372093	0.7570142781429051	11/28	USP2;GHRH;OPRL1;PER3;MTNR1B;CSF2;DRD2;KCNQ1;MTOR;KCND2;CRH	TUB	GO_BP	no_proc_ieg	10347
GOBP_PROTEIN_KINASE_C_ACTIVATING_G_PROTEIN_COUPLED_RECEPTOR_SIGNALING_PATHWAY	-0.9818446612577184	0.4808743169398907	0.7570496834521161	6/20	CISH;AZU1;DGKB;HTR1B;HCRT;BDKRB1	TUB	GO_BP	no_proc_ieg	10347
GOBP_GLYCOLYTIC_PROCESS_THROUGH_GLUCOSE_6_PHOSPHATE	-0.9831677050765446	0.461734693877551	0.7540091234253384	11/17	TPI1;ENO3;GALK1;PGK2;HK3;PGAM2;PGK1;ADPGK;GCK;HK2;PFKL	TUB	GO_BP	no_proc_ieg	10347
GOBP_NEGATIVE_REGULATION_OF_LEUKOCYTE_MIGRATION	-0.9837535221320701	0.4940828402366864	0.753204614916263	6/36	STAP1;GDF15;APOD;DPP4;BMP5;C5	TUB	GO_BP	no_proc_ieg	10347
GOBP_MULTICELLULAR_ORGANISMAL_LEVEL_WATER_HOMEOSTASIS	-0.9847437763149465	0.46607669616519176	0.7512164944583659	12/28	CYP4F12;PRKACG;SCNN1B;UMOD;CYP11B2;AQP3;INPP5K;CYP4A11;AQP2;BPIFA1;CYP4F2;ADCY6	TUB	GO_BP	no_proc_ieg	10347
GOBP_REGULATION_OF_BONE_RESORPTION	-0.9852083021419638	0.4757834757834758	0.7508192747836233	10/31	PDK4;CARTPT;TFRC;CALCA;PRKCA;MC4R;FSHB;EGFR;DCSTAMP;IL6	TUB	GO_BP	no_proc_ieg	10347
GOBP_NUCLEOTIDE_TRANSPORT	-0.9859920128754437	0.46368715083798884	0.7494729923963558	9/26	SLC25A36;ABCD1;ADCY10;SLC25A32;SLC25A4;SLC25A31;SLC19A1;GJB1;SLC17A9	TUB	GO_BP	no_proc_ieg	10347
GOBP_HAIR_CELL_DIFFERENTIATION	-0.9869014382116831	0.4578313253012048	0.7476745445273768	10/33	ATOH1;HES1;CTNNB1;SPINK5;POU4F3;SLC4A7;WHRN;KCNQ1;USH1C;MYO7A	TUB	GO_BP	no_proc_ieg	10347
GOBP_REGULATION_OF_P38MAPK_CASCADE	-0.9869477389550614	0.48059701492537316	0.7485498035959343	12/31	GADD45A;XDH;VEGFA;PER1;PJA2;EZR;ZC3H12A;PRMT1;CYLD;LEP;OPRK1;HAND2	TUB	GO_BP	no_proc_ieg	10347
GOBP_COCHLEA_MORPHOGENESIS	-0.9873438647433292	0.49226804123711343	0.7484188131506236	5/17	TBX1;PTK7;SIX1;ZEB1;PAX2	TUB	GO_BP	no_proc_ieg	10347
GOBP_NEGATIVE_REGULATION_OF_EPITHELIAL_CELL_DIFFERENTIATION	-0.9877665302845203	0.47575757575757577	0.7481543050321648	18/37	HES1;XDH;FST;REG3A;CTNNB1;VEGFA;TP63;SMO;MSX2;ZEB1;EXTL3;SRSF6;FOXE3;IFNG;SPRY2;IL13;GDF3;IL1A	TUB	GO_BP	no_proc_ieg	10347
GOBP_ARTERY_DEVELOPMENT	-0.9885000588002091	0.4716312056737589	0.7469766477048789	16/77	DDIT3;LDLR;HES1;TBX1;STRA6;GLI3;HPGD;VEGFA;WNT11;ADGRF5;LOX;SCN11A;FOXH1;SRF;FOXF1;NKX3-1	TUB	GO_BP	no_proc_ieg	10347
GOBP_CARTILAGE_DEVELOPMENT_INVOLVED_IN_ENDOCHONDRAL_BONE_MORPHOGENESIS	-0.9887486918198239	0.48011363636363635	0.7472645812523421	10/24	RARB;RARG;STC1;NPR2;SMPD3;RARA;CER1;TSKU;NPPC;GHR	TUB	GO_BP	no_proc_ieg	10347
GOBP_POSITIVE_REGULATION_OF_SYNAPTIC_TRANSMISSION_GLUTAMATERGIC	-0.9888470125710153	0.4777777777777778	0.7479799469413915	13/26	HDAC6;EGFR;CACNG2;GRIN2B;IQSEC2;KMO;NRXN1;CACNG5;CACNG4;NLGN3;GRIN1;GRIN2A;DRD1	TUB	GO_BP	no_proc_ieg	10347
GOBP_LONG_TERM_SYNAPTIC_DEPRESSION	-0.9931264083303006	0.4731182795698925	0.7361691426123441	12/28	MAPT;GRID2;DRD5;SLC24A2;GRM2;SRF;IQSEC2;ADCY8;ARC;KCNB1;PICK1;DRD1	TUB	GO_BP	no_proc_ieg	10347
GOBP_ACTIN_FILAMENT_BASED_MOVEMENT	-0.9934247347060219	0.4748858447488584	0.7362989904114915	31/108	KCNE2;MYO1B;CACNA2D1;SCN3B;SNTA1;NEDD4L;STC1;RYR2;ANK2;KCNA5;KCNH2;ADCY10;SCN2A;KCND3;SCN11A;SCN2B;KCNN2;NOS1;KCNQ1;ACTC1;MYO7A;GSN;ATP1A2;KCNE5;CTNNA3;SCN4A;HCN4;CACNA1G;CACNA1C;MYH4;CACNA1D	TUB	GO_BP	no_proc_ieg	10347
GOBP_RENAL_ABSORPTION	-0.9942765638526956	0.46504559270516715	0.7347171363501481	7/28	SLC12A3;KLHL3;CLCNKB;UMOD;AQP3;KCNQ1;GSN	TUB	GO_BP	no_proc_ieg	10347
GOBP_REGULATION_OF_CELLULAR_KETONE_METABOLIC_PROCESS	-0.9948719504123581	0.43478260869565216	0.733875644153035	24/101	PDK4;ADM;IRS1;INSIG1;GDF15;APOC3;ABCD1;ACACB;PRKAG2;FABP1;BMP5;MLXIPL;GHSR;PPARGC1A;CNR1;STAR;INS;ACADL;REST;FMO2;PDK2;APOA4;DKKL1;GIP	TUB	GO_BP	no_proc_ieg	10347
GOBP_CELL_PROLIFERATION_INVOLVED_IN_HEART_MORPHOGENESIS	-0.9952786812601819	0.412987012987013	0.733655021394054	7/18	HES1;PIM1;CTNNB1;TBX5;SIX1;MKS1;HAND2	TUB	GO_BP	no_proc_ieg	10347
GOBP_EAR_MORPHOGENESIS	-0.9957756904893269	0.453125	0.7331323954624841	22/82	KCNQ4;INSIG1;ATOH1;TBX1;PTK7;SOBP;POU4F3;CHRNA10;ITGA8;ZIC3;WHRN;KCNQ1;USH1C;WNT1;MYO7A;SIX1;ZEB1;ATP8A2;PAX2;FOXG1;GBX2;PRKRA	TUB	GO_BP	no_proc_ieg	10347
GOBP_REGULATION_OF_LYASE_ACTIVITY	-0.9973040136116342	0.4114114114114114	0.7295022457768292	23/42	GUCA1B;DRD5;NOS2;DRD3;DRD2;LGR5;GRM2;NOS1;GRM3;CALCR;LGR4;FSHR;CRHR1;ADCYAP1;CACNA1C;CACNA1D;GIPR;LTB4R2;DRD1;ADORA2B;GALR1;GLP1R;GUCA1A	TUB	GO_BP	no_proc_ieg	10347
GOBP_MIDDLE_EAR_MORPHOGENESIS	-0.9978464129268731	0.45544554455445546	0.7289072137022178	2/15	INSIG1;TBX1	TUB	GO_BP	no_proc_ieg	10347
GOBP_ATP_BIOSYNTHETIC_PROCESS	-1.0014242220284848	0.4166666666666667	0.7193895477702507	9/58	NDUFS1;ATP6V1A;NDUFA10;TAFAZZIN;SDHB;STOML2;PRKAG2;ADCY10;NDUFB8	TUB	GO_BP	no_proc_ieg	10347
GOBP_EMBRYONIC_CAMERA_TYPE_EYE_DEVELOPMENT	-1.0021635582463986	0.4489795918367347	0.7181181016269297	12/29	BMP7;STRA6;RARG;CDK20;FOXF2;FRS2;NES;RARA;HIPK1;SOX11;ZEB1;PAX2	TUB	GO_BP	no_proc_ieg	10347
GOBP_PERIPHERAL_NERVOUS_SYSTEM_AXON_ENSHEATHMENT	-1.0024371203308091	0.4166666666666667	0.7182324159677566	11/18	COL6A1;MYOC;SIRT2;POU3F1;PRX;SH3TC2;NDRG1;CNTNAP1;NTRK2;POU3F2;DAG1	TUB	GO_BP	no_proc_ieg	10347
GOBP_RESPONSE_TO_LEUKEMIA_INHIBITORY_FACTOR	-1.002828925275032	0.44765342960288806	0.71802483346558	12/71	TFRC;SHMT1;FZD4;LRAT;TLE4;RARG;TEX14;KLF5;PLA2G10;ABCG4;CACNB4;SOX1	TUB	GO_BP	no_proc_ieg	10347
GOBP_MOTOR_NEURON_AXON_GUIDANCE	-1.003576419750286	0.4666666666666667	0.7167187384590218	10/18	ALCAM;RAC3;SLIT1;LHX3;LMO4;MYCBP2;PLXNA3;NRP2;CDK5;SEMA3A	TUB	GO_BP	no_proc_ieg	10347
GOBP_RESPONSE_TO_DEXAMETHASONE	-1.0036724610157866	0.428125	0.7174594194574313	9/35	CFLAR;PCK1;ASS1;FOXO3;HDAC6;CASP9;GHSR;TFAP4;EGFR	TUB	GO_BP	no_proc_ieg	10347
GOBP_REGULATION_OF_HORMONE_SECRETION	-1.0039257674012114	0.4594594594594595	0.7177206609058454	64/196	PFKFB2;GNAO1;IRS1;CARTPT;PRKN;NR0B2;BAIAP3;GHRH;KISS1;PRKAR1A;HTR1A;KCNA5;NOS2;RETN;INHA;ENSA;PLA2G6;GHSR;CRY2;MTNR1B;ABCC8;EGFR;DRD2;ENY2;FOXA2;CNR1;NKX3-1;IL6;INS;HFE;NPVF;REST;SOX11;BRSK2;FGF23;FOXO1;CRHR1;ADCYAP1;IL11;CRH;ADCY8;OSM;RAB11FIP3;EPHA5;GIP;TNFSF11;CASR;G6PC2;UCN;LEP;RBP4;TRH;STX1A;IRS2;GIPR;OPRK1;KCNB1;PICK1;FOXL2;C1QTNF1;CHGA;GABBR1;IFNG;FFAR2	TUB	GO_BP	no_proc_ieg	10347
GOBP_REGULATION_OF_INSULIN_SECRETION	-1.0045405449613358	0.42857142857142855	0.7168202484920105	40/120	PFKFB2;GNAO1;IRS1;CARTPT;PRKN;NR0B2;BAIAP3;PRKAR1A;KCNA5;NOS2;ENSA;PLA2G6;GHSR;MTNR1B;ABCC8;DRD2;ENY2;FOXA2;CNR1;IL6;REST;BRSK2;FOXO1;CRH;ADCY8;EPHA5;GIP;CASR;G6PC2;LEP;RBP4;TRH;STX1A;IRS2;GIPR;KCNB1;PICK1;CHGA;IFNG;FFAR2	TUB	GO_BP	no_proc_ieg	10347
GOBP_REGULATION_OF_THE_FORCE_OF_HEART_CONTRACTION	-1.0047671739749253	0.42613636363636365	0.7171197692078085	6/24	ADM;MYL3;RYR2;NOS1;ADRA1A;ATP1A2	TUB	GO_BP	no_proc_ieg	10347
GOBP_TRANSITION_METAL_ION_TRANSPORT	-1.0056274118119546	0.423728813559322	0.7155693327365898	17/67	SLC1A1;ABCB7;TFRC;SLC31A2;SLC39A14;TRPM2;FKBP4;SLC25A28;SLC31A1;SFXN1;HPX;SLC30A3;ASIC3;SLC39A4;ATP7A;HFE;CUTC	TUB	GO_BP	no_proc_ieg	10347
GOBP_LIPID_CATABOLIC_PROCESS	-1.0056706964280175	0.42142857142857143	0.716419946565538	70/233	ACAT1;IRS1;CYP3A4;PEX7;BDH2;LDLR;CYP4F12;DECR2;CYP27B1;ACOT7;PCK1;FGF21;LIPF;PLCH2;APOC3;ABCD1;PLA2G2E;PCCA;PRKCD;CIDEC;ACACB;LCT;HSD17B14;PLA2G10;HPGD;PNPLA3;FABP1;NAAA;ACAA1;PLA2G6;GDPD3;CYP1A2;ACOX3;ECI2;PNLIP;ACOX2;PLA2G2D;SMPD3;DPEP1;CNR1;ACAA2;INS;PAFAH2;ACADL;PLIN1;HADHA;CYP4A11;SGPP1;FGF23;PLCG1;PDE3B;ABCD3;APOA4;NEU3;ACOT8;LPL;PEX5;SRD5A2;LIPG;HSD17B11;LEP;APOE;CYP4F2;HAO2;CYP26A1;PNPLA4;IRS2;CIDEA;LIPE;NEU2	TUB	GO_BP	no_proc_ieg	10347
GOBP_CELLULAR_RESPONSE_TO_OXYGEN_LEVELS	-1.0059041880746538	0.42424242424242425	0.7167093510767145	42/126	CFLAR;ATP6V1A;BMP7;CLCA1;PCK1;GAD2;FOXO3;STC1;ANGPT4;FABP1;VEGFA;SCN2A;AQP3;FAM162A;DRD2;RORA;DDAH1;NOX1;NDNF;NKX3-1;ROCK2;KCNK3;ATP7A;ACAA2;MTOR;FOXO1;BNIP3L;KCND2;NGB;MPL;CASR;TMBIM6;ADAM8;KCNMB1;MYOD1;DDR2;SDHD;PICK1;NOL3;KCNK2;PLK3;PGK1	TUB	GO_BP	no_proc_ieg	10347
GOBP_NEGATIVE_REGULATION_OF_PLASMA_MEMBRANE_BOUNDED_CELL_PROJECTION_ASSEMBLY	-1.0060359910578314	0.4380165289256198	0.7173381741844063	4/25	HRG;STAP1;KANK1;PRKCD	TUB	GO_BP	no_proc_ieg	10347
GOBP_ESTABLISHMENT_OF_MITOCHONDRION_LOCALIZATION	-1.0071408036362035	0.43023255813953487	0.7151213623462086	6/26	HAP1;UBB;MAPT;OPA1;HDAC6;MARK1	TUB	GO_BP	no_proc_ieg	10347
GOBP_MAINTENANCE_OF_GASTROINTESTINAL_EPITHELIUM	-1.0072592036760613	0.44139650872817954	0.7157838355850937	8/18	PBLD;MUC4;MUC13;HTR4;SLC22A5;MUC6;TFF1;RBP4	TUB	GO_BP	no_proc_ieg	10347
GOBP_ENDOCRINE_HORMONE_SECRETION	-1.007798215855453	0.4495114006514658	0.7152231112560696	18/46	CGA;FZD4;KISS1;RETN;INHA;CRY2;NKX3-1;KCNQ1;NPVF;CRHR1;CRH;RAB11FIP3;TRPV6;UCN;LEP;OPRK1;FOXL2;C1QTNF1	TUB	GO_BP	no_proc_ieg	10347
GOBP_STRIATED_MUSCLE_CELL_APOPTOTIC_PROCESS	-1.0078542410246674	0.4044943820224719	0.7160399532796617	4/34	CFLAR;BMP7;CAMK2A;GCH1	TUB	GO_BP	no_proc_ieg	10347
GOBP_MODIFIED_AMINO_ACID_TRANSPORT	-1.0087064935893335	0.4343163538873995	0.7144550625408621	9/27	SLC13A3;SLC22A4;SLC19A2;SLC6A13;SLC25A32;SLC22A5;SLC19A1;SLC25A20;FOLR1	TUB	GO_BP	no_proc_ieg	10347
GOBP_NEURAL_RETINA_DEVELOPMENT	-1.0092057279538582	0.44107744107744107	0.7138838785179065	22/53	GNAT1;SLC1A1;HES1;TSPAN12;NRL;NEUROD4;AHI1;RPGRIP1;RPE65;CRB1;DLX2;HIPK1;USH1C;DIO3;ATP2B2;SLC17A7;ATP8A2;RHO;GNAT2;ROM1;VSX1;DSCAM	TUB	GO_BP	no_proc_ieg	10347
GOBP_NEGATIVE_REGULATION_OF_FATTY_ACID_METABOLIC_PROCESS	-1.009216541871895	0.44141689373297005	0.7148568581579957	7/29	INSIG1;APOC3;ACACB;CNR1;INS;ACADL;FMO2	TUB	GO_BP	no_proc_ieg	10347
GOBP_POSITIVE_REGULATION_OF_LYASE_ACTIVITY	-1.0095701375677886	0.4140845070422535	0.7147146164836065	16/28	DRD5;NOS2;LGR5;NOS1;CALCR;LGR4;FSHR;CRHR1;ADCYAP1;CACNA1C;CACNA1D;GIPR;DRD1;ADORA2B;GLP1R;GUCA1A	TUB	GO_BP	no_proc_ieg	10347
GOBP_MICROTUBULE_NUCLEATION	-1.0101349718136485	0.43342776203966005	0.714003595919173	7/31	TUBG1;ARHGEF7;TUBGCP3;NDEL1;GOLGA2;HAUS5;TPPP	TUB	GO_BP	no_proc_ieg	10347
GOBP_EYE_PHOTORECEPTOR_CELL_DIFFERENTIATION	-1.010786065713533	0.4161849710982659	0.7129895158388824	12/33	GNAT1;NRL;VEGFA;RPGRIP1;CRB1;USH1C;DIO3;MYO7A;GNAT2;TULP1;ROM1;DSCAM	TUB	GO_BP	no_proc_ieg	10347
GOBP_ACTIVATION_OF_ADENYLATE_CYCLASE_ACTIVITY	-1.01185995633378	0.41424802110817943	0.7108074802779516	11/18	DRD5;LGR5;CALCR;LGR4;FSHR;CRHR1;ADCYAP1;GIPR;DRD1;ADORA2B;GLP1R	TUB	GO_BP	no_proc_ieg	10347
GOBP_POSITIVE_REGULATION_OF_FOCAL_ADHESION_ASSEMBLY	-1.012474185088514	0.43007915567282323	0.7099526878092027	4/22	FERMT2;HRG;TEK;VEGFA	TUB	GO_BP	no_proc_ieg	10347
GOBP_POSITIVE_REGULATION_OF_CELL_SUBSTRATE_JUNCTION_ORGANIZATION	-1.01257522972461	0.4141689373297003	0.710618161800341	5/26	FERMT2;HRG;TEK;VEGFA;ARF6	TUB	GO_BP	no_proc_ieg	10347
GOBP_REGULATION_OF_INSULIN_LIKE_GROWTH_FACTOR_RECEPTOR_SIGNALING_PATHWAY	-1.0127162661483373	0.4599483204134367	0.7111877567900351	7/20	GHRH;GH1;BMP5;GHSR;NKX3-1;WNT1;INPPL1	TUB	GO_BP	no_proc_ieg	10347
GOBP_REPLACEMENT_OSSIFICATION	-1.0133083209072369	0.42857142857142855	0.7103282827803353	7/23	PEX7;ALPL;TEK;NAB2;NPR2;FGF18;SMPD3	TUB	GO_BP	no_proc_ieg	10347
GOBP_INSULIN_RECEPTOR_SIGNALING_PATHWAY	-1.0134491512428143	0.41064638783269963	0.7109275505748633	28/89	PDK4;IRS1;SLC39A14;BAIAP2;INSRR;GPR21;KANK1;PRKCD;BLVRB;ZBTB7B;GAB1;NDEL1;FER;DNAI1;INPP5K;ADIPOR1;INS;FOXO1;PDK2;AHSG;TNS2;IRS4;LEP;FUT7;IRS2;EIF4EBP2;GRB10;COL6A1	TUB	GO_BP	no_proc_ieg	10347
GOBP_REGULATION_OF_EPIDERMIS_DEVELOPMENT	-1.0137730320589349	0.4290322580645161	0.7109679228457816	17/44	MAFG;ATOH1;HES1;CYP27B1;NAB2;REG3A;VDR;AQP3;KRT84;TP63;ROCK2;MSX2;SGPP1;SULT2B1;PTCH2;EXTL3;KRT2	TUB	GO_BP	no_proc_ieg	10347
GOBP_HYPOTHALAMUS_DEVELOPMENT	-1.014358256554555	0.43142857142857144	0.7101742358791461	11/25	HAP1;UBB;CTNNB1;PROP1;FOXB1;NDNF;NR0B1;RAX;CRH;NKX2-1;SRD5A2	TUB	GO_BP	no_proc_ieg	10347
GOBP_CALCIUM_ION_TRANSMEMBRANE_IMPORT_INTO_CYTOSOL	-1.0144601083649563	0.411214953271028	0.7108584356181424	44/148	DDIT3;CACNA1E;TRPM1;ADCYAP1R1;HAP1;CALML3;CACNA2D1;TRPM2;CASQ1;PLCH2;RYR2;CACNA1B;FYN;ANK2;XCR1;JPH3;ITPR2;CACNA1F;SLC24A2;JPH2;DRD2;CALM1;GRIN2B;CACNA1I;AKAP6;NOS1;ADRA1A;GP9;TRPC3;ATP1A2;CASQ2;PLCG1;TRPV5;BDKRB1;P2RX1;EPO;P2RX2;SLC8A2;TRPV6;GRIN1;TMBIM6;PRNP;CACNA1G;CACNA1C	TUB	GO_BP	no_proc_ieg	10347
GOBP_CORONARY_VASCULATURE_DEVELOPMENT	-1.0144650104782322	0.45454545454545453	0.7118626771118967	8/36	TBX1;GPC3;PTK7;VEGFA;TGFBR3;TBX5;SRF;DYNC2H1	TUB	GO_BP	no_proc_ieg	10347
GOBP_REGULATION_OF_RENAL_SYSTEM_PROCESS	-1.0146758439885044	0.44502617801047123	0.7122454580616335	5/20	OR51E2;STC1;DRD2;INPP5K;PDGFB	TUB	GO_BP	no_proc_ieg	10347
GOBP_FLUID_TRANSPORT	-1.0146943126261032	0.43440233236151604	0.7132131015684556	17/27	SCNN1B;NHERF4;AHCYL1;AQP3;CSF2;INPP5K;UPK3A;AQP2;AQP8;AVP;SLC26A6;ITPR1;MIP;LARGE1;AQP4;AQP1;EDNRB	TUB	GO_BP	no_proc_ieg	10347
GOBP_POSITIVE_REGULATION_OF_CIRCADIAN_RHYTHM	-1.0154564004174165	0.44722222222222224	0.7119074076887001	6/15	RORC;GHRH;MTNR1B;RORA;CRH;NKX2-1	TUB	GO_BP	no_proc_ieg	10347
GOBP_REGULATION_OF_GROWTH	-1.015933333998498	0.42424242424242425	0.7114489297886863	128/442	HBEGF;CGA;FSTL4;CDKN1A;WWC2;DDX3X;CISH;ITCH;TFRC;ST7L;PRKN;PAK5;HRG;CDKN2A;CYP27B1;GHRH;SOCS2;GDF15;ESR2;RPS6KA1;GPR21;PHB1;SERTAD3;PTK6;MAPT;PIM1;SOX15;MT1M;GH1;SLC6A3;GPC3;ITSN2;NEDD4L;FTO;ACACB;HDAC6;MEAF6;IFRD1;VEGFA;HYAL1;ADCY10;WNT11;TGFBR3;GLI1;GHSR;RGS2;RAB21;CPNE6;MT2A;PAK4;EZR;TBX5;KRT17;WNT2;EGFR;DRD2;DCSTAMP;GOLGA4;BLTP1;NET1;SRF;HDAC3;SLIT1;CSHL1;SLC6A4;HOXB13;CDH4;AKAP6;MUSK;GDF5;MAPKAP1;ADIPOR1;CDA;MTOR;INS;MT1X;URI1;SMO;DIO3;ING1;UNC13A;MINAR1;MYOZ1;GDF2;ACTN3;SIX1;DCC;TRIM46;CDHR2;KAZALD1;SPAG9;SPTBN4;OGFR;BDKRB1;PTCH2;PRDM11;ATP8A2;EXTL3;LGI1;NKX2-5;PEX5;TSPYL2;NPPC;FAM107A;PRLH;LATS1;SPOCK1;SMAD7;WFDC1;ARHGAP4;TAOK2;ULK1;UCN;LEP;APOE;ADRB3;WT1;RBP4;GHR;BTG1;MYOD1;MELTF;SEMA7A;ATAD3A;MYCBP2;ROS1;GH2;LPAR3	TUB	GO_BP	no_proc_ieg	10347
GOBP_NEGATIVE_REGULATION_OF_POTASSIUM_ION_TRANSMEMBRANE_TRANSPORT	-1.0161624854613147	0.4129353233830846	0.7117179855123722	7/16	KCNE2;NEDD4L;KCNH2;CASQ2;KCNE5;KEL;ACTN2	TUB	GO_BP	no_proc_ieg	10347
GOBP_DEFINITIVE_HEMOPOIESIS	-1.0175639650195323	0.42424242424242425	0.7084858701253438	3/16	TAL1;TEK;TGFBR3	TUB	GO_BP	no_proc_ieg	10347
GOBP_POSITIVE_REGULATION_OF_EPITHELIAL_CELL_DIFFERENTIATION	-1.0186328169966226	0.4197952218430034	0.7063159545854211	16/47	BMP7;ATOH1;NKX2-2;CYP27B1;AHI1;ETV2;CTNNB1;FOXN1;SERPINE1;VDR;TMEM100;GDF2;SULT2B1;PTCH2;WNT10B;PAX2	TUB	GO_BP	no_proc_ieg	10347
GOBP_AUTOPHAGY_OF_MITOCHONDRION	-1.0188785282509498	0.4139194139194139	0.7065755324279155	12/79	GABARAPL1;RETREG1;TAFAZZIN;PRKN;WDR45;HAX1;HDAC6;WIPI1;ADCY10;SREBF2;SLC25A4;ABI2	TUB	GO_BP	no_proc_ieg	10347
GOBP_RESPONSE_TO_ALKALOID	-1.0189845541229159	0.39015151515151514	0.7073176010419986	28/82	SLC1A1;HES1;GAD2;SLC6A3;RYR2;DRD5;PRKCG;SLC34A1;DRD3;DRD2;GRM2;HTR1B;SLC6A4;CNR1;UQCRC1;PITX3;CASQ2;TACR3;OXT;CACNG4;CRH;ADCY8;EN1;ARC;ST8SIA2;OPRK1;CACNA1S;CHRNB2	TUB	GO_BP	no_proc_ieg	10347
GOBP_CENTRAL_NERVOUS_SYSTEM_NEURON_DEVELOPMENT	-1.0195629419535372	0.39768339768339767	0.7066532351155106	23/63	OGDH;UBB;MAPT;ASCL1;NPY;PHOX2B;RAC3;NDEL1;SOX1;NFIB;DRD2;EPHB1;NDNF;ATP7A;TSKU;DCC;SPTBN4;FOXG1;GBX2;LEP;MYCBP2;CHRNB2;PLXNA3	TUB	GO_BP	no_proc_ieg	10347
GOBP_REGULATION_OF_CARBOHYDRATE_CATABOLIC_PROCESS	-1.020311691006555	0.4153846153846154	0.7054811772360268	13/48	PFKFB1;ZBTB20;PRKAG2;ALDOB;ADCY10;MLXIPL;SLC4A4;GPD1;GAPDHS;MTOR;INS;PHKG2;ACTN3	TUB	GO_BP	no_proc_ieg	10347
GOBP_MUSCLE_TISSUE_DEVELOPMENT	-1.0211281016476645	0.3883495145631068	0.7039982491039929	72/300	CFLAR;RARB;BMP7;MYOM2;ZFAND5;TAFAZZIN;MYL3;NPHS1;CHRND;HAND1;KAT2A;CASQ1;TBX1;POPDC3;RCAN1;STRA6;SRPK3;DDX17;KLF5;PIM1;SOX15;PRKAR1A;SGCG;RYR2;CTNNB1;TNNI3;IFRD1;DDX5;VEGFA;BMP5;PHOX2B;TGFBR3;GLI1;ANKRD1;RGS2;MYL7;ITGA8;LOX;NOX4;NDRG4;TBX5;FRS2;AKAP13;FOXH1;NPR2;JPH2;TNNI1;WNT2;EPHB1;ZIC3;SRF;ACTA1;HDAC3;COL19A1;AKAP6;MYOM1;RARA;MYF6;NPPA;AKIRIN1;ADRA1A;MTOR;ACTC1;SMO;MSX2;MYOZ1;SYNE1;MYOG;SOX11;ACTN3;SIX1;HEYL	TUB	GO_BP	no_proc_ieg	10347
GOBP_POSITIVE_REGULATION_OF_INTERLEUKIN_17_PRODUCTION	-1.0212021610432835	0.430939226519337	0.704834880137013	5/21	PHB1;ARID5A;ZBTB7B;IL23A;OPA1	TUB	GO_BP	no_proc_ieg	10347
GOBP_RESPONSE_TO_ACTIVITY	-1.0213704823736491	0.3967741935483871	0.7053380083195511	21/58	PCK1;FGF21;UCP3;ABCG5;RYR2;PHOX2B;CAT;CRY2;ALAD;PPARGC1A;IL6;GCLC;UQCRC1;IL10;MYOG;ZEB1;OXT;KL;TNS2;NFATC1;LEP	TUB	GO_BP	no_proc_ieg	10347
GOBP_CELL_JUNCTION_MAINTENANCE	-1.0220308888831828	0.4281437125748503	0.7044025934750744	12/32	FERMT2;MTSS1;BSN;RAB3A;ARF6;PARD6A;WHRN;ERC1;ADGRB3;C1QL1;PRTN3;KIFC3	TUB	GO_BP	no_proc_ieg	10347
GOBP_REGULATION_OF_CELL_CELL_ADHESION_MEDIATED_BY_CADHERIN	-1.0228731830045588	0.41336633663366334	0.7029842745447147	6/15	AFDN;PLG;VEGFA;PTPRU;FOXA2;SERPINF2	TUB	GO_BP	no_proc_ieg	10347
GOBP_NADH_DEHYDROGENASE_COMPLEX_ASSEMBLY	-1.0230270758108742	0.43302180685358255	0.7035635154309526	5/35	NDUFS1;NDUFA10;TAFAZZIN;OXA1L;NDUFB8	TUB	GO_BP	no_proc_ieg	10347
GOBP_TERPENOID_METABOLIC_PROCESS	-1.024456236044861	0.3992673992673993	0.7002053361783327	28/67	CYP3A4;RDH16;HMGCS2;FDPS;LRAT;RBP3;CYP1A2;RLBP1;PECR;CYP2C8;PNLIP;EGFR;RPE65;ALDH3A2;CYP3A5;CRH;CYP2C19;RDH8;RBP4;CYP26A1;PNPLA4;LIPE;CEL;DGAT1;PNPLA2;DHRS3;ADH7;ADH5	TUB	GO_BP	no_proc_ieg	10347
GOBP_NEGATIVE_REGULATION_OF_CHEMOTAXIS	-1.0253023540021964	0.4069767441860465	0.6985816741913913	8/34	HRG;ELANE;STAP1;DPP4;HDAC6;C5;AIF1;SLIT1	TUB	GO_BP	no_proc_ieg	10347
GOBP_RESPONSE_TO_RETINOIC_ACID	-1.0253208073223563	0.37037037037037035	0.6995564833877392	17/85	GDAP2;TFRC;FZD4;TBX1;LRAT;PCK1;RARG;PTK6;SLC10A3;BRINP2;RXRA;ASCL1;PTK7;WNT11;AQP3;WNT8B;WNT2	TUB	GO_BP	no_proc_ieg	10347
GOBP_POSITIVE_REGULATION_OF_PEPTIDYL_TYROSINE_PHOSPHORYLATION	-1.025596315656648	0.3333333333333333	0.6997799147198803	27/126	NEDD9;HBEGF;TGFA;HES1;HAX1;PTK6;KIT;CSF3;THBS4;GH1;IL23A;ANGPT4;FYN;VEGFA;CD80;IL24;EGF;EFNA1;HPX;NOX4;CSF2;CSHL1;IL6;IL6R;TNK2;MTOR;LILRA5	TUB	GO_BP	no_proc_ieg	10347
GOBP_RESPONSE_TO_COCAINE	-1.0258635539231118	0.43234323432343236	0.7000401323876863	19/48	SLC1A1;GAD2;SLC6A3;DRD5;DRD3;DRD2;GRM2;HTR1B;SLC6A4;CNR1;PITX3;TACR3;OXT;CACNG4;CRH;EN1;ST8SIA2;OPRK1;CHRNB2	TUB	GO_BP	no_proc_ieg	10347
GOBP_POSITIVE_REGULATION_OF_GLUCOSE_IMPORT	-1.0258651694391963	0.42702702702702705	0.7010691165839079	6/25	IRS1;FGF21;GPC3;KLF15;CLTCL1;INS	TUB	GO_BP	no_proc_ieg	10347
GOBP_POSITIVE_REGULATION_OF_BLOOD_PRESSURE	-1.026039696173062	0.3782991202346041	0.7016087059529904	15/25	CARTPT;TBXA2R;OR51E2;DRD5;CYP11B2;CNR1;ADRA1A;TACR3;OXT;TAC3;AVP;ADH5;HSD11B2;GLP1R;ADRA2B	TUB	GO_BP	no_proc_ieg	10347
GOBP_REGULATION_OF_POSTSYNAPSE_ORGANIZATION	-1.0263648244665697	0.41796875	0.7016798139528208	14/77	NEDD9;DOCK1;ABHD17B;RPS6KA5;BAIAP2;GRID2;PPFIA2;SIPA1L1;FYN;GHSR;EFNA1;ABI2;CYFIP2;GRIN2B	TUB	GO_BP	no_proc_ieg	10347
GOBP_REGULATION_OF_VASOCONSTRICTION	-1.0265012046610178	0.4028776978417266	0.702286336946853	18/59	ADM;ADRA1B;KCNMB4;TBXA2R;SNTA1;HTR1A;KCNA5;ITGA9;ADRA1D;MTNR1B;EGFR;BDKRB2;ADRA1A;DBH;ATP1A2;P2RX1;CASR;LEP	TUB	GO_BP	no_proc_ieg	10347
GOBP_PURINE_CONTAINING_COMPOUND_METABOLIC_PROCESS	-1.0271949131157194	0.38461538461538464	0.7012635042349271	75/388	AASS;NOCT;PDK4;PFKFB2;NDUFS1;ATP6V1A;ACAT1;KYNU;PFKFB1;HMGCS2;MMUT;NDUFA10;TAFAZZIN;G6PC1;PNP;SHMT1;OGDH;ALDH1L1;XDH;ACOT7;TPI1;GUCA1B;BAAT;ABCD1;SDHB;ENO3;ACLY;GNMT;GMPR2;ZBTB20;NMNAT2;STOML2;ACOT11;OPA1;ACACB;PRKAG2;SLC17A1;FMO5;GLYAT;NMRK2;ALDOB;NOS2;ADCY10;DGUOK;SARM1;MLXIPL;ADK;GALK1;NDUFB8;CACNB4;SLC4A4;PDE9A;GPD1;NPR2;GAPDHS;RORA;NOX1;SULT1B1;PDE4C;ALDOC;DLAT;HAAO;SLC4A7;PGK2;GTPBP1;NPPA;NOS1;ACSM3;ELOVL4;AMPD1;MTOR;INS;PDE8A;ADCY1;SLC25A13	TUB	GO_BP	no_proc_ieg	10347
GOBP_RESPONSE_TO_PEPTIDE_HORMONE	-1.0279374524562832	0.3619047619047619	0.7000636602284404	51/322	GLP2R;PDK4;CFLAR;ADM;IRS1;PFKFB1;BMP7;HMGCS2;SRSF4;CAMK2A;INSIG1;SLC39A14;BAIAP2;SCNN1B;EIF2B3;PCK1;SOCS2;FGF21;INSRR;GDF15;ALPL;ASS1;GPR21;TEK;KANK1;UCP3;PRKCD;BLVRB;ZBTB7B;GH1;PRKAR1A;REG3A;PRKCA;PNPLA3;CAT;GAB1;TGFBR3;RETN;MC4R;GHSR;CYP11B2;NDEL1;AHCYL1;SLC34A1;CRY2;KLF15;FER;NPR2;RANGAP1;CA2;ABCC8	TUB	GO_BP	no_proc_ieg	10347
GOBP_MESODERM_MORPHOGENESIS	-1.0284316350373461	0.3959731543624161	0.6995803532667138	13/53	BMP7;TBXT;TAL1;HAND1;TRIM15;PRKAR1A;ETV2;WNT11;ITGA8;SRF;FOXF1;HMGA2;TLX2	TUB	GO_BP	no_proc_ieg	10347
GOBP_CELLULAR_COMPONENT_ASSEMBLY_INVOLVED_IN_MORPHOGENESIS	-1.0288505778204542	0.4	0.6993033189178611	29/92	CFLAR;MYOM2;CASQ1;PRKAR1A;ANK2;ACTL7A;ANKRD1;MOBP;AKAP13;ACTL8;CNTN1;SRF;MYBPH;ACTA1;MYOM1;ACTC1;TPPP;MYOZ1;NKX2-5;MAG;TNNT1;ACTN2;RFX2;ERCC2;TCAP;NEBL;MYBPC2;LDB3;TNNT2	TUB	GO_BP	no_proc_ieg	10347
GOBP_NEGATIVE_REGULATION_OF_MICROTUBULE_POLYMERIZATION_OR_DEPOLYMERIZATION	-1.030091493758086	0.39502762430939226	0.6964392456701349	6/33	ARHGEF7;FKBP4;HDAC6;CLIP3;MAP6D1;DYRK1A	TUB	GO_BP	no_proc_ieg	10347
GOBP_VASCULAR_ASSOCIATED_SMOOTH_MUSCLE_CELL_MIGRATION	-1.0304932728923224	0.37604456824512533	0.696246674344104	9/21	DDIT3;ATP7A;PDGFB;DDR2;FGF9;GRB10;PRKG1;IGFBP5;TERT	TUB	GO_BP	no_proc_ieg	10347
GOBP_REFLEX	-1.031109186808202	0.4107142857142857	0.6954726343811329	7/16	SLC1A1;ASCL1;GLRA1;SCN11A;DRD3;CACNG2;ADRA1A	TUB	GO_BP	no_proc_ieg	10347
GOBP_NEGATIVE_REGULATION_OF_CARBOHYDRATE_METABOLIC_PROCESS	-1.0312751619730915	0.375	0.6960369981419755	9/34	PFKFB1;PRKN;KAT2A;CLK2;INPP5K;SMPD3;FOXA2;INS;ACTN3	TUB	GO_BP	no_proc_ieg	10347
GOBP_ALCOHOL_METABOLIC_PROCESS	-1.0325389424152212	0.33884297520661155	0.6932076768822611	45/263	IDI1;CYP3A4;RDH16;HMGCS2;LDLR;ADCYAP1R1;INSIG1;GCH1;NR0B2;QDPR;CYP27B1;SCNN1B;ITPKB;EBP;FDPS;LRAT;INPP5B;PCK1;TPI1;ALDH1B1;INPP5J;MBTPS1;ACLY;NPC1L1;FMO5;ABCG4;HDLBP;BMP5;CAT;DHDDS;NAAA;SQLE;GDPD3;GALK1;TKTL1;CYP1A2;CYP11B2;SLC34A1;THTPA;SREBF2;PECR;CYP2C8;PNLIP;RPE65;IDH3A	TUB	GO_BP	no_proc_ieg	10347
GOBP_CELLULAR_RESPONSE_TO_XENOBIOTIC_STIMULUS	-1.0331828887869645	0.37158469945355194	0.6923668635330262	44/141	CYP2A7;CYP3A4;CYP4F12;KCNE2;TFRC;RORC;AOC2;SLC10A1;FGF21;TPMT;FMO5;GLYAT;EPHX1;KCNH2;NOS2;ACAA1;ANKRD1;CYP1A2;E2F1;ABCC2;CYP2C8;EGFR;RORA;HTR1B;NR1I2;SULT1B1;DPEP1;NKX3-1;GSTA3;NOS1;KCNQ1;AOX1;CYP3A5;REST;FMO2;CYP2A13;SLCO1A2;BPHL;CYP2A6;CYP2C19;ALDH3A1;GRIN1;PRNP;CYP4F2	TUB	GO_BP	no_proc_ieg	10347
GOBP_BONE_MORPHOGENESIS	-1.0334494363240638	0.3853820598006645	0.6926755173636205	22/70	CDX1;RARB;PEX7;INSIG1;ALPL;TEK;RARG;NAB2;STC1;GLI3;TGFB3;GLG1;NPR2;FGF18;SMPD3;RARA;CHSY1;MSX2;CER1;ACTN3;TSKU;INPPL1	TUB	GO_BP	no_proc_ieg	10347
GOBP_ATP_SYNTHESIS_COUPLED_ELECTRON_TRANSPORT	-1.0337852854317013	0.3694915254237288	0.6926773262433323	8/51	NDUFS1;NDUFA10;TAFAZZIN;SDHB;COX5B;COX6A2;DGUOK;NDUFB8	TUB	GO_BP	no_proc_ieg	10347
GOBP_MOLTING_CYCLE_PROCESS	-1.0340916734376446	0.3619402985074627	0.6928239989960918	25/71	FST;CTNNB1;EDA;PLA2G10;SPINK5;FOXN1;FUZ;KRT84;KRT17;EGFR;LGR5;TP63;ATP7A;SMO;HOXC13;LGR4;MSX2;PKP3;LDB1;WNT10B;DKK4;LHX2;COL6A1;ERCC2;SOX21	TUB	GO_BP	no_proc_ieg	10347
GOBP_STEROL_METABOLIC_PROCESS	-1.0341373497398865	0.39545454545454545	0.6937488035542626	20/112	IDI1;CYP3A4;HMGCS2;LDLR;INSIG1;NR0B2;EBP;FDPS;MBTPS1;ACLY;NPC1L1;PRKAG2;FMO5;ABCG4;HDLBP;CAT;SQLE;CYP1A2;CYP11B2;SREBF2	TUB	GO_BP	no_proc_ieg	10347
GOBP_REGULATION_OF_CALCIUM_ION_IMPORT	-1.0341813501696977	0.3917808219178082	0.6947000723437602	11/30	HES1;STC1;CTNNB1;FYN;EGF;PDGFB;CRH;P2RX1;CASR;PRNP;UCN	TUB	GO_BP	no_proc_ieg	10347
GOBP_CELLULAR_RESPONSE_TO_KETONE	-1.035161591939506	0.4063745019920319	0.6928792073180025	13/81	KLF9;CFLAR;SLC5A5;UCP1;SCNN1B;PCK1;ASS1;FOXO3;CASP9;LARP1;PTGFR;TFAP4;EGFR	TUB	GO_BP	no_proc_ieg	10347
GOBP_POSITIVE_REGULATION_OF_OSTEOBLAST_DIFFERENTIATION	-1.0353111001109614	0.382089552238806	0.6934592231738645	21/52	FERMT2;CEBPB;BMP7;CTNNBIP1;GLI3;CTNNB1;VEGFA;WWTR1;TP63;IL6;IL6R;GDF10;MSX2;GDPD2;LRP3;SOX11;WNT10B;NPPC;ACVR2A;NELL1;DDR2	TUB	GO_BP	no_proc_ieg	10347
GOBP_PROSTATE_GLAND_MORPHOGENESIS	-1.0355647936553205	0.42424242424242425	0.6937134392925701	7/23	BMP7;RARG;ESR1;FRS2;TP63;HOXB13;NKX3-1	TUB	GO_BP	no_proc_ieg	10347
GOBP_MUSCLE_ADAPTATION	-1.035928474232939	0.388	0.693599564705215	32/83	CFLAR;CASQ1;FOXO3;ACACB;PRKCA;GATM;ADCY10;RGS2;PDE9A;KLF15;TNNI1;SGCA;ACTA1;AKAP6;ROCK2;NPPA;ADRA1A;TRPC3;MYOZ1;GSN;MYOG;ACTN3;FOXO1;NFATC1;MYOD1;HAND2;TNNT1;CACNA1S;NOL3;TCAP;MYOC;YY1	TUB	GO_BP	no_proc_ieg	10347
GOBP_AMINE_BIOSYNTHETIC_PROCESS	-1.0365937603839626	0.39714285714285713	0.6927243433975869	9/29	GCH1;PRG3;SLC6A3;DDC;HDC;INSM1;DBH;PNMT;KL	TUB	GO_BP	no_proc_ieg	10347
GOBP_RESPONSE_TO_TEMPERATURE_STIMULUS	-1.0367209381585003	0.38306451612903225	0.6934236246938116	26/121	CDKN1A;HMGCS2;UCP1;EIF2B3;CALCA;TRPM2;CASQ1;YWHAE;HSPA6;MAPT;UCP3;STAC;ZFAND1;CLPB;ACOT11;PRDM12;HDAC6;SCN11A;HTR1B;SCN2B;EPHB1;ASIC3;HSPA2;ANO3;GCLC;NOS1	TUB	GO_BP	no_proc_ieg	10347
GOBP_POSITIVE_REGULATION_OF_CYTOSOLIC_CALCIUM_ION_CONCENTRATION	-1.0370749505819086	0.3382352941176471	0.6934009952280472	45/140	PTGER3;ADM;ADRA1B;ADCYAP1R1;CACNA2D1;CALCA;KNG1;TBXA2R;CCR3;ESR1;KISS1;RYR2;TRPC6;XCR1;JPH3;ADRA1D;CXCR1;PTGFR;CCR10;CHRNA10;JPH2;ACKR3;MCHR1;GPR32;BDKRB2;RIC3;NOS1;HRH4;ADRA1A;PKD1;CALCR;TRPC3;HCRT;CCL1;BDKRB1;ADCYAP1;PTGER4;OXT;EPO;ADCY8;P2RX2;GRIN1;TMBIM6;GNAT2;CACNA1C	TUB	GO_BP	no_proc_ieg	10347
GOBP_GLOMERULAR_MESANGIUM_DEVELOPMENT	-1.0371260055622424	0.40954773869346733	0.6943052861839805	2/16	CFLAR;BMP7	TUB	GO_BP	no_proc_ieg	10347
GOBP_FILOPODIUM_ASSEMBLY	-1.0371360217968546	0.3741721854304636	0.6953356961927134	10/49	PPP1R16B;SRGAP2;TRPM2;PRKCD;MYO10;TGFB3;ARF6;ARHGEF4;EZR;SRF	TUB	GO_BP	no_proc_ieg	10347
GOBP_SULFUR_COMPOUND_BIOSYNTHETIC_PROCESS	-1.0380008524600235	0.34854771784232363	0.6937667326673119	27/113	PDK4;CSGALNACT2;ACAT1;SLC1A1;MMUT;ST3GAL6;BHMT2;HAGH;ACLY;ACACB;CTNNB1;ST3GAL4;EXTL1;SLC19A2;THTPA;DLAT;GCLC;CHSY1;MTR;ELOVL4;ELOVL2;CHAC1;PPT2;PDK2;HS3ST2;GSS;EXTL3	TUB	GO_BP	no_proc_ieg	10347
GOBP_REGULATION_OF_INSULIN_RECEPTOR_SIGNALING_PATHWAY	-1.0389995170203272	0.36795252225519287	0.6918011595215977	14/44	IRS1;GPR21;KANK1;PRKCD;BLVRB;ZBTB7B;INPP5K;ADIPOR1;INS;AHSG;TNS2;LEP;FUT7;GRB10	TUB	GO_BP	no_proc_ieg	10347
GOBP_RIBONUCLEOSIDE_METABOLIC_PROCESS	-1.0395913658870533	0.3904494382022472	0.6910978072027626	7/25	PNP;XDH;GNMT;AICDA;DGUOK;APOBEC2;ADK	TUB	GO_BP	no_proc_ieg	10347
GOBP_INTRINSIC_APOPTOTIC_SIGNALING_PATHWAY_IN_RESPONSE_TO_ENDOPLASMIC_RETICULUM_STRESS	-1.0414394402346885	0.3675496688741722	0.6865090662462622	4/47	DDIT3;CEBPB;RNF186;PRKN	TUB	GO_BP	no_proc_ieg	10347
GOBP_NUCLEOSIDE_PHOSPHATE_CATABOLIC_PROCESS	-1.041938985135526	0.33783783783783783	0.6860974055280445	29/133	PFKFB2;ACAT1;PFKFB1;PNP;OGDH;XDH;ACOT7;TPI1;ABCD1;ENO3;ZBTB20;PRKAG2;ALDOB;SARM1;MLXIPL;GALK1;SLC4A4;PDE9A;GPD1;GAPDHS;UPB1;NEIL1;PDE4C;ALDOC;PGK2;MTOR;INS;NT5M;PDE8A	TUB	GO_BP	no_proc_ieg	10347
GOBP_CALCIUM_ION_TRANSMEMBRANE_TRANSPORT	-1.0433206818057168	0.3287671232876712	0.6830080760484377	69/240	DDIT3;TRPM3;CACNA1E;TRPM1;ADCYAP1R1;HAP1;HSPA9;CALML3;TRPM6;CACNA2D1;MCUR1;TRPM2;CASQ1;CNGA3;YWHAE;PLCH2;STAC;RYR2;CACNA1B;FYN;ANK2;TRPC6;XCR1;CACNB1;JPH3;ITPR2;CACNA1F;CACNB4;PKDREJ;CHRNA10;SLC24A2;SCN11A;JPH2;DRD3;DRD2;CACNG2;CALM1;GRIN2B;CACNA1I;CUL5;AKAP6;NPPA;NOS1;ADRA1A;PKD1;GP9;TRPC3;ATP2B2;ATP1A2;CASQ2;MICU1;PLCG1;TRPV5;BDKRB1;CRHR1;CACNG5;GJC2;CACNG4;P2RX1;EPO;P2RX2;SLC8A2;TRPV6;CLCA3P;GRIN1;TMBIM6;PRNP;P2RX6;CACNA1G	TUB	GO_BP	no_proc_ieg	10347
GOBP_REGULATION_OF_FATTY_ACID_METABOLIC_PROCESS	-1.0442070344259473	0.3763440860215054	0.6814849022110981	18/73	PDK4;IRS1;INSIG1;GDF15;APOC3;ABCD1;ACACB;PRKAG2;FABP1;MLXIPL;GHSR;PPARGC1A;CNR1;INS;ACADL;FMO2;PDK2;APOA4	TUB	GO_BP	no_proc_ieg	10347
GOBP_NUCLEOSIDE_MONOPHOSPHATE_CATABOLIC_PROCESS	-1.0449680440762155	0.38242894056847543	0.6802448742483553	9/15	PNP;XDH;UPB1;NT5M;DPYS;DPYD;AMPD3;NT5C;DNPH1	TUB	GO_BP	no_proc_ieg	10347
GOBP_POSITIVE_REGULATION_OF_SYNAPTIC_TRANSMISSION	-1.045214726556853	0.3349282296650718	0.6805399863339213	44/120	SLC1A1;HAP1;SCGN;BAIAP3;ZDHHC3;KISS1;HDAC6;PRKCG;CA7;RETN;PDE9A;MPP2;SLC24A2;GFAP;CA2;EGFR;DRD2;CACNG2;GRIN2B;IQSEC2;CALB2;ADRA1A;INS;ADCY1;KMO;SLC7A10;NRXN1;CACNG5;OXT;LGI1;CACNG4;CRH;NFATC4;FAM107A;ADCY8;NLGN3;GIP;SLC8A2;GRIN1;PRNP;APOE;ARC;MME;STX1A	TUB	GO_BP	no_proc_ieg	10347
GOBP_EMBRYONIC_PLACENTA_MORPHOGENESIS	-1.0454489611647309	0.3736559139784946	0.680889954516782	4/18	ADM;BMP7;BMP5;GJB5	TUB	GO_BP	no_proc_ieg	10347
GOBP_MULTI_MULTICELLULAR_ORGANISM_PROCESS	-1.0456371167629706	0.2972972972972973	0.6813786759085289	54/160	PRDM14;ADM;CLIC5;CYP27B1;CALCA;FKBP4;A1CF;ESR1;PSG9;STC1;TLE6;HPGD;VEGFA;TGFB3;FSHB;GHSR;PTGFR;OVGP1;RGS2;VDR;PSG4;PZP;SLC38A3;TPPP3;ABCC8;SMCP;SLC6A4;CNR1;RARA;NPPA;TEAD3;ATP7A;SLC19A1;DEDD;DDO;PRL;EPOR;CRHR1;SYDE1;ADCYAP1;PSG3;OXT;CRH;DKKL1;P2RX1;KLF1;EPO;KLK14;GIP;ACVR2A;HYAL3;UCN;EPYC;LEP	TUB	GO_BP	no_proc_ieg	10347
GOBP_POSITIVE_REGULATION_OF_FATTY_ACID_METABOLIC_PROCESS	-1.0457350318960608	0.3687315634218289	0.6821481666447996	7/30	IRS1;GDF15;ABCD1;FABP1;MLXIPL;GHSR;PPARGC1A	TUB	GO_BP	no_proc_ieg	10347
GOBP_POSITIVE_REGULATION_OF_COAGULATION	-1.0470982149647285	0.3806970509383378	0.6790920400269065	7/27	F3;HRG;TBXA2R;APOH;PLG;ST3GAL4;SERPINE1	TUB	GO_BP	no_proc_ieg	10347
GOBP_ESTABLISHMENT_OR_MAINTENANCE_OF_BIPOLAR_CELL_POLARITY	-1.0471281417985734	0.3591331269349845	0.680045929129717	14/38	LIN7B;PTK7;WNT11;MYO9A;EZR;FOXF1;CRB1;PARD6A;SH3BP1;DLG2;TCF15;ANK1;LHX2;CDX2	TUB	GO_BP	no_proc_ieg	10347
GOBP_WATER_TRANSPORT	-1.0473679616323088	0.3983957219251337	0.6803961245677427	12/18	NHERF4;AQP3;INPP5K;UPK3A;AQP2;AQP8;AVP;MIP;LARGE1;AQP4;AQP1;AQP6	TUB	GO_BP	no_proc_ieg	10347
GOBP_PRESYNAPTIC_MODULATION_OF_CHEMICAL_SYNAPTIC_TRANSMISSION	-1.0493491596997355	0.3829113924050633	0.6753241377594592	9/25	RAB3A;CHRM2;PRKCG;DRD2;GRM2;HTR1B;ADCY1;APBA1;CHRNA6	TUB	GO_BP	no_proc_ieg	10347
GOBP_CELLULAR_KETONE_METABOLIC_PROCESS	-1.0493711026624577	0.3165829145728643	0.6763223276017691	23/164	PDK4;ADM;AFP;IRS1;KYNU;CYP4F12;INSIG1;SCNN1B;HAGH;TPI1;GDF15;APOC3;ABCD1;ACACB;COQ6;PRKAG2;NQO2;FABP1;BMP5;MLXIPL;FSHB;GHSR;CYP11B2	TUB	GO_BP	no_proc_ieg	10347
GOBP_SENSORY_ORGAN_DEVELOPMENT	-1.0502853060582926	0.27848101265822783	0.6745347314691278	110/388	JMJD6;CRYGA;KCNQ4;RARB;GNAT1;SLC1A1;BMP7;MYOM2;KCNE2;INSIG1;CRYBB3;ATOH1;HES1;FZD4;TBX1;MTERF4;STRA6;RARG;TSPAN12;KIT;NRL;CDK20;SLC6A3;NEUROD4;AHI1;GLI3;ASCL1;CTNNB1;SLC4A5;LENEP;PTK7;ACHE;NEUROD6;VEGFA;FOXF2;BMP5;PHOX2B;MAB21L2;NOX3;SOBP;RPGRIP1;TGFB3;POU4F3;PDE6A;CHRNA10;VAX2;MTNR1B;SOX1;NFIB;ITGA8;FRS2;LIM2;WNT2;EGFR;RPE65;DRD2;LGR5;ABI2;EPHB1;ZIC3;DCX;SRF;NES;LHX3;CRB1;SLC4A7;MYOM1;RARA;TENM3;WHRN;DLX2;KCNK3;KCNQ1;PITX3;HIPK1;CRYGC;HOXC13;USH1C;SIX6;RAX;DIO3;ATP2B2;PI4KB;CRYGB;WNT1;MYO7A;SOX11;SIX1;TSKU;HSF4;PDE6B;ZEB1;SLC17A7;ATP8A2;GJA8;WNT10B;PAX2;FOXG1;GBX2;PRKRA;RHO;TCF15;MYF5;OLIG2;ATF6;GNAT2;TULP1;WT1;RBP4;CACNA1C	TUB	GO_BP	no_proc_ieg	10347
GOBP_REGULATION_OF_CARDIAC_MUSCLE_CONTRACTION	-1.0510398095984226	0.3506944444444444	0.6733008416147162	21/59	ADRA1B;STC1;RYR2;TNNI3;ANK2;ADCY10;RGS2;CALM1;NPPA;NOS1;KCNQ1;ADRA1A;ZC3H12A;ATP1A2;CASQ2;CTNNA3;NKX2-5;HCN4;SMAD7;UCN;CACNA1C	TUB	GO_BP	no_proc_ieg	10347
GOBP_DEOXYRIBONUCLEOSIDE_MONOPHOSPHATE_METABOLIC_PROCESS	-1.0518562952917394	0.35833333333333334	0.6718739150340627	10/20	PNP;SHMT1;XDH;DGUOK;ADK;UPB1;NT5M;DPYS;DPYD;TK2	TUB	GO_BP	no_proc_ieg	10347
GOBP_RESPONSE_TO_PH	-1.0521835698952	0.36	0.6719524496059739	8/28	CHP1;SCNN1B;INSRR;ARSB;HYAL1;GPR31;ABCC8;ASIC3	TUB	GO_BP	no_proc_ieg	10347
GOBP_POSITIVE_REGULATION_OF_AMINE_TRANSPORT	-1.0540791533550449	0.3708206686930091	0.6673751987465455	16/32	CARTPT;SLC38A3;DRD2;KMO;OXT;TRH;STX1A;OPRK1;KCNB1;CHRNB2;GABBR1;AVP;NTSR1;ABAT;SLC18A3;DRD4	TUB	GO_BP	no_proc_ieg	10347
GOBP_LOCOMOTORY_BEHAVIOR	-1.054677403010056	0.24861878453038674	0.6666440978136888	42/151	GNAO1;USP2;SLC1A1;TAL1;PRKN;PAK5;FZD4;CEND1;RCAN1;NAV2;GRM1;SLC6A3;SLURP1;DPP4;OPRL1;PDE1B;GLRA1;SOBP;CACNB4;GHSR;DRD3;PENK;DRD2;CNTN1;FOXA2;GNG7;ATP7A;MTOR;DBH;DAB1;ATP1A2;SPTBN4;CHRNA3;KCND2;APBA1;CRH;NKX2-1;C1QL1;ADCY8;GIP;EN1;APOE	TUB	GO_BP	no_proc_ieg	10347
GOBP_CELL_PROLIFERATION_IN_FOREBRAIN	-1.0546945198937387	0.3734015345268542	0.6676609240338809	4/15	DIXDC1;GLI3;NFIB;DCT	TUB	GO_BP	no_proc_ieg	10347
GOBP_EPITHELIAL_STRUCTURE_MAINTENANCE	-1.055162502357592	0.3698630136986301	0.6672504031262568	14/25	PBLD;MUC4;MUC13;HTR4;SLC22A5;SRF;PKP3;LDB1;MUC6;TFF1;RBP4;MKS1;CROCC;NEUROD1	TUB	GO_BP	no_proc_ieg	10347
GOBP_SOMATIC_STEM_CELL_POPULATION_MAINTENANCE	-1.056189002468771	0.34276729559748426	0.6653414221164009	12/46	BMP7;TAL1;HES1;TBX1;KIT;TP63;SMC1A;SMO;REST;LDB1;PAX2;TAF5L	TUB	GO_BP	no_proc_ieg	10347
GOBP_INSULIN_SECRETION	-1.056936396397435	0.31875	0.664175183850838	50/143	PFKFB2;GNAO1;IRS1;CARTPT;PRKN;NR0B2;BAIAP3;RAB3A;PRKAR1A;KCNA5;NOS2;ENSA;PLA2G6;MC4R;GHSR;MTNR1B;CPLX3;ABCC8;DRD2;ENY2;FOXA2;CNR1;IL6;REST;BRSK2;FOXO1;ADCYAP1;CRH;ADCY8;EPHA5;GIP;CASR;G6PC2;LEP;RBP4;TRH;STX1A;IRS2;GIPR;VGF;KCNB1;PICK1;PTPRN;RIMS2;CHGA;IFNG;FFAR2;HNF1A;CAMK2G;NEUROD1	TUB	GO_BP	no_proc_ieg	10347
GOBP_REGULATION_OF_DNA_BINDING_TRANSCRIPTION_FACTOR_ACTIVITY	-1.0571587340483408	0.24793388429752067	0.6645877117727806	61/242	DDIT3;BHLHE40;CFLAR;RFPL2;RPS6KA5;BMP7;CTNNBIP1;CHP1;CAMK2A;ITCH;TFRC;TBXT;NR0B2;HES1;FZD4;CDKN2A;TAF1;HAND1;ESR2;PIM1;TRIM15;PIDD1;KIT;ESR1;NOD1;PLA2G10;UFL1;TRIM58;FER;FOXH1;WNT2;FOXP3;SRF;ZC4H2;TRIM13;PPARGC1A;RNF25;FOXA2;IL6;NR0B1;ADGRG3;ZC3H12A;INS;IL10;ADCY1;CAMK1D;WNT1;HEYL;ERC1;TRIM62;MAP3K10;KDM1A;CYLD;CARD14;PPP2CB;ADCY8;EPHA5;TNFSF11;ARID5B;BEX1;PRNP	TUB	GO_BP	no_proc_ieg	10347
GOBP_REGULATION_OF_MONOATOMIC_ION_TRANSPORT	-1.0572146491203964	0.24175824175824176	0.6654821134214248	105/315	KCNJ6;CHP1;ADCYAP1R1;HAP1;CAMK2A;KCNE2;CALML3;SLC31A2;KCNAB3;CACNA2D1;NKAIN1;HES1;SCN3B;CASQ1;YWHAE;RGS7;KCNJ4;STAC;SNTA1;NEDD4L;STC1;RYR2;CTNNB1;HTR1A;FYN;ANK2;KCNA5;KCNH2;TRPC6;CA7;PER1;CACNB1;JPH3;CHP2;CACNB4;EGF;AHCYL1;KCNJ14;JPH2;CA2;DRD3;ABCC8;DRD2;KCNJ16;KCNIP2;HTR1B;SCN2B;CNTN1;CALM1;MCHR1;GRIN2B;SLC6A4;INPP5K;CNR1;AKAP6;KCNN2;NPPA;NOS1;KCNQ1;ATP7A;PACSIN3;LILRA5;GABRE;TRPC3;HFE;ATP1B3;PDGFB;RCVRN;ATP4A;BEST1;ATP1A2;CASQ2;HCRT;PLCG1;SPTBN4;BDKRB1;CRHR1;KCNE5;KCNS1;GJC2;CRH;NKX2-5;P2RX1;KCNG1;EPO;P2RX2;CASR;GRIN1;TMBIM6;PRNP;UCN;BPIFA1;LEP;FGF14;CACNA1C;KCNMB1;KCNIP1;KEL;CACNA1D;OPRK1;ACTN2;ATP1B2;DIAPH1;GNB5;RGS9	TUB	GO_BP	no_proc_ieg	10347
GOBP_PROSTATE_GLAND_DEVELOPMENT	-1.0579235283886375	0.35149863760217986	0.6644038405535254	11/37	BMP7;FKBP4;RARG;ESR1;CTNNB1;GLI1;FRS2;TP63;HOXB13;NKX3-1;RARA	TUB	GO_BP	no_proc_ieg	10347
GOBP_SPERM_MOTILITY	-1.0594788121562568	0.3588850174216028	0.6608216437114102	16/54	PRDM14;RSPH6A;INPP5B;TNP1;SLC22A14;CFAP45;SMCP;GAPDHS;DNAI1;PGK2;SEPTIN4;CELF3;TEKT2;TACR3;CLXN;GK2	TUB	GO_BP	no_proc_ieg	10347
GOBP_REGULATION_OF_LIPID_BIOSYNTHETIC_PROCESS	-1.0605760475146664	0.3	0.6586134111038277	21/127	CGA;PDK4;ADM;LDLR;CHP1;INSIG1;CYP27B1;PCK1;APOC3;ABCD1;MBTPS1;PRKCD;ZBTB20;NR5A1;ABCG4;BMP5;ADGRF5;MLXIPL;PLA2G6;FSHB;SREBF2	TUB	GO_BP	no_proc_ieg	10347
GOBP_RENAL_WATER_HOMEOSTASIS	-1.0606617096003408	0.3573407202216066	0.6594389523048225	10/20	CYP4F12;PRKACG;UMOD;CYP11B2;AQP3;INPP5K;CYP4A11;AQP2;CYP4F2;ADCY6	TUB	GO_BP	no_proc_ieg	10347
GOBP_PEPTIDYL_TYROSINE_DEPHOSPHORYLATION	-1.0610807696914328	0.3712737127371274	0.6593235855839911	8/23	DUSP5;DUSP9;PTPRZ1;DUSP2;PTPRB;PTPRT;PTPN9;TNS2	TUB	GO_BP	no_proc_ieg	10347
GOBP_HORMONE_MEDIATED_SIGNALING_PATHWAY	-1.0631081866629966	0.2918918918918919	0.6542124177370106	24/150	ESRRG;CGA;RARB;SSTR2;SSTR4;FKBP4;ESR2;RARG;PHB1;DDX17;SSTR3;ESR1;OR51E2;RXRA;NR5A1;HDAC6;DDX5;LANCL2;PER1;KDM4C;GHSR;UFL1;SCGB2A2;CRY2	TUB	GO_BP	no_proc_ieg	10347
GOBP_POSITIVE_REGULATION_OF_CELLULAR_RESPONSE_TO_INSULIN_STIMULUS	-1.0642158787984755	0.3690773067331671	0.6519191469788964	7/18	IRS1;ZBTB7B;ADIPOR1;INS;LEP;SNX5;SRC	TUB	GO_BP	no_proc_ieg	10347
GOBP_CRANIAL_NERVE_DEVELOPMENT	-1.0644575760218409	0.33993399339933994	0.6522105412116752	13/45	HES1;NKX2-2;TBX1;NAV2;GLI3;CTNNB1;PHOX2B;POU4F3;NPR2;ACKR3;EPHB1;PHOX2A;HOXB1	TUB	GO_BP	no_proc_ieg	10347
GOBP_POSTSYNAPTIC_SIGNAL_TRANSDUCTION	-1.0654630742580564	0.3264705882352941	0.6501248253704468	14/37	CHRNE;CHRND;HRH3;CHRM2;CHRM5;ACHE;CHRNA2;CHRNG;HRH4;LY6G6D;CHRNA3;CHRNA1;CHRNA6;CHRNA4	TUB	GO_BP	no_proc_ieg	10347
GOBP_SYNAPTIC_VESICLE_MATURATION	-1.065991427390086	0.35924932975871315	0.6495576747133524	2/19	ATP6V1A;RAB3A	TUB	GO_BP	no_proc_ieg	10347
GOBP_LEARNING	-1.0660094448276631	0.2857142857142857	0.6505622063076163	45/119	SLC1A1;PRKN;PAK5;STRA6;PIAS1;KIT;OPRL1;DRD5;ATP8A1;FYN;PDE1B;JPH3;MAP1A;SLC24A2;NDRG4;FOXB1;TBR1;DRD3;ABCC8;DRD2;SRF;SLC6A4;DBH;AAAS;ATP1A2;NRXN1;ADGRB3;CRH;C1QL1;NLGN3;SLC8A2;EN1;GRIN1;UCN;ARC;CIC;OPRK1;CNTNAP2;CHRNB2;B4GALT2;HMGCR;ASIC1;GRIN2A;DRD1;SLC12A5	TUB	GO_BP	no_proc_ieg	10347
GOBP_MONOCARBOXYLIC_ACID_TRANSPORT	-1.066363425797856	0.2714285714285714	0.6506247282448749	41/128	SLC16A7;SLCO4A1;NR0B2;SSTR4;SLC10A1;SLCO1C1;MPC1;ABCD1;PLA2G2E;SLC10A3;TSPO2;ACACB;PLA2G10;FABP1;NOS2;FABP6;PLIN2;SLC22A6;ABCC2;FABP2;SLC6A13;DRD3;DRD2;PLA2G2D;BDKRB2;SLC10A2;SLC22A8;SLC25A20;PMP2;CYP4A11;SLCO1A2;ABCD3;MAP2K6;OXT;TNFSF11;FABP7;CASR;LEP;APOE;CYP4F2;SLC16A8	TUB	GO_BP	no_proc_ieg	10347
GOBP_POSITIVE_REGULATION_OF_NEURON_APOPTOTIC_PROCESS	-1.0668697611564546	0.3374233128834356	0.6502497342073273	10/48	DDIT3;CFLAR;GCH1;PHB1;FOXO3;ASCL1;CTNNB1;CASP9;ADCY10;MCL1	TUB	GO_BP	no_proc_ieg	10347
GOBP_TETRAPYRROLE_METABOLIC_PROCESS	-1.06865757275437	0.3805309734513274	0.6459385109128511	9/41	BDH2;ABCB7;UROS;HMOX2;BLVRB;CYP1A2;HPX;ABCC2;ALAD	TUB	GO_BP	no_proc_ieg	10347
GOBP_FIBRINOLYSIS	-1.069042129118017	0.3333333333333333	0.6458485357583963	7/25	HRG;KRT1;KLKB1;APOH;PLG;F11;SERPINE1	TUB	GO_BP	no_proc_ieg	10347
GOBP_NEGATIVE_REGULATION_OF_DEPHOSPHORYLATION	-1.0692106297054385	0.3628571428571429	0.6464282299453472	8/21	CHP1;PPP1R16B;YWHAE;ENSA;CRY2;INPP5K;ROCK2;URI1	TUB	GO_BP	no_proc_ieg	10347
GOBP_REGULATION_OF_SMOOTH_MUSCLE_CONTRACTION	-1.0693698052108493	0.33980582524271846	0.6470596246209086	15/43	CALCA;TBXA2R;KIT;CHRM2;TNNI3;GHSR;SETD3;RGS2;SRF;ADRA1A;ATP1A2;TACR3;CHRNA3;OXT;P2RX1	TUB	GO_BP	no_proc_ieg	10347
GOBP_CARDIAC_MUSCLE_TISSUE_MORPHOGENESIS	-1.0703167890682463	0.32087227414330216	0.6453459812355807	9/45	MYL3;HAND1;RYR2;TNNI3;TGFBR3;ANKRD1;FOXH1;TNNI1;WNT2	TUB	GO_BP	no_proc_ieg	10347
GOBP_ANDROGEN_METABOLIC_PROCESS	-1.0703203359661577	0.336986301369863	0.6464031204133116	4/26	ADM;CYP3A4;ESR1;HSD3B1	TUB	GO_BP	no_proc_ieg	10347
GOBP_REGULATION_OF_KERATINOCYTE_PROLIFERATION	-1.0706630463184368	0.35625	0.6465280992425984	7/28	KLF9;TGM1;EPB41L4B;SLURP1;REG3A;VDR;TP63	TUB	GO_BP	no_proc_ieg	10347
GOBP_CEREBELLAR_CORTEX_MORPHOGENESIS	-1.0708211270905186	0.349862258953168	0.6471805803679409	10/27	CEND1;HERC1;GRID2;GLI1;RORA;FAIM2;WHRN;ATP7A;SMO;LDB1	TUB	GO_BP	no_proc_ieg	10347
GOBP_REGULATION_OF_T_HELPER_17_TYPE_IMMUNE_RESPONSE	-1.0708931172738596	0.35294117647058826	0.6480323015926354	6/21	ARID5A;ZBTB7B;IL23A;OPA1;FOXP3;ZC3H12A	TUB	GO_BP	no_proc_ieg	10347
GOBP_CHAPERONE_COFACTOR_DEPENDENT_PROTEIN_REFOLDING	-1.0713537670619881	0.33879781420765026	0.6477956558763799	5/20	DNAJB5;HSPA9;HSPA6;BAG1;HSPA2	TUB	GO_BP	no_proc_ieg	10347
GOBP_REGULATION_OF_PEPTIDE_TRANSPORT	-1.0719562698100857	0.23655913978494625	0.6470564570559652	49/148	PFKFB2;GNAO1;IRS1;CARTPT;PRKN;NR0B2;BAIAP3;GHRH;KISS1;PRKAR1A;KCNA5;NOS2;ENSA;PLA2G6;GHSR;MTNR1B;ABCC8;EGFR;DRD2;ENY2;FOXA2;CNR1;IL6;INS;HFE;REST;BRSK2;FOXO1;ADCYAP1;CRH;ADCY8;EPHA5;GIP;TNFSF11;CASR;G6PC2;UCN;LEP;RBP4;TRH;STX1A;IRS2;GIPR;KCNB1;PICK1;CHGA;GABBR1;IFNG;FFAR2	TUB	GO_BP	no_proc_ieg	10347
GOBP_MONOCARBOXYLIC_ACID_METABOLIC_PROCESS	-1.0747763630645883	0.16455696202531644	0.6398033647686265	89/422	PDK4;PFKFB2;CYP2A7;ACAT1;IRS1;KYNU;PFKFB1;CYP3A4;PEX7;BDH2;CYP4F12;MMUT;INSIG1;DECR2;OGDH;ACOT7;BTD;PCK1;GAD2;HAGH;TPI1;GDF15;BAAT;ACADSB;APOC3;ABCD1;KIT;UCP3;ENO3;ACLY;PCCA;ZBTB20;ACOT11;ACACB;PRKAG2;PLA2G10;GATM;HPGD;GLYAT;PNPLA3;ALDOB;FABP1;EPHX1;NAAA;ACAA1;MLXIPL;FTCD;GALK1;GHSR;SLC4A4;CYP1A2;ACOX3;ASPA;MECR;PECR;FABP2;ECI2;HAL;GPD1;CYP2C8;GAPDHS;AGXT;ACOX2;ACBD4;ALDOC;PPARGC1A;ALDH3A2;DLAT;HAAO;ALOX12;PGK2;CNR1;ACSM3;ADIPOR1;STAR;ACAA2;ELOVL4;MTOR;INS;LDHAL6B;ACADL;ELOVL2;CYP3A5;OLAH;HADHA;CYP4A11;KMO;FMO2;ACTN3	TUB	GO_BP	no_proc_ieg	10347
GOBP_GLUTAMATE_SECRETION	-1.0750632172920376	0.36312849162011174	0.6399746419740002	11/22	ABCC8;GRM2;GRM7;KMO;BEST1;APBA1;TRH;GABBR1;PRKG1;AVP;NTSR1	TUB	GO_BP	no_proc_ieg	10347
GOBP_ISOPRENOID_BIOSYNTHETIC_PROCESS	-1.075140125609657	0.3615819209039548	0.6408513883769364	5/24	IDI1;HMGCS2;FDPS;DHDDS;RPE65	TUB	GO_BP	no_proc_ieg	10347
GOBP_CELLULAR_RESPONSE_TO_STEROL	-1.076745443985961	0.3663101604278075	0.6370720807745651	4/16	INSIG1;RORC;RORA;SMO	TUB	GO_BP	no_proc_ieg	10347
GOBP_NEURON_PROJECTION_GUIDANCE	-1.0795899877053063	0.2808988764044944	0.6297887442052359	71/165	LRTM1;GFRA3;RPS6KA5;BMP7;ATOH1;SEMA4G;CELSR3;GLI3;PLA2G10;HDAC6;PTK7;FYN;VEGFA;ALCAM;RAC3;POU4F3;EFNA1;NFIB;TBR1;EPHB1;CNTN1;CYFIP2;SLIT1;EVX1;LHX3;CDH4;EFNA3;SEMA6C;SMO;SEMA3D;KIF5A;DCC;NRXN1;LGI1;NKX2-1;CNTN2;FOXG1;GBX2;EPHA5;LMO4;CDK5R2;NCAM1;UNC5C;SEMA4A;SEMA7A;MYCBP2;LHX2;PTPRO;PLXNA3;DSCAM;WNT3;NEO1;FEZ1;ECE1;SEMA3B;DLX5;ARTN;VASP;NFASC;EDN3;NECTIN1;WNT7B;NRP2;SEMA6B;RET;EPHB3;L1CAM;GLI2;CNTN5;CDK5;SEMA3A	TUB	GO_BP	no_proc_ieg	10347
GOBP_HEAT_GENERATION	-1.0798411582098866	0.37681159420289856	0.6301345173186478	7/15	PTGER3;CNR1;TNFSF11;ADRB3;TNF;ABAT;IL1A	TUB	GO_BP	no_proc_ieg	10347
GOBP_SECRETORY_GRANULE_LOCALIZATION	-1.080174171081532	0.34196891191709844	0.6302719583597125	7/19	BAIAP3;RAB3A;CADPS;PPFIA2;UNC13A;KIF5A;TRIM46	TUB	GO_BP	no_proc_ieg	10347
GOBP_RENAL_SYSTEM_VASCULATURE_DEVELOPMENT	-1.0805698754375008	0.3342776203966006	0.6301451754740999	4/29	CFLAR;BMP7;HES1;TEK	TUB	GO_BP	no_proc_ieg	10347
GOBP_FATTY_ACID_BIOSYNTHETIC_PROCESS	-1.0806185033502724	0.26785714285714285	0.6310842115832215	29/110	PDK4;CYP3A4;INSIG1;DECR2;ACOT7;APOC3;ABCD1;ACLY;ACACB;PRKAG2;PLA2G10;MLXIPL;CYP1A2;MECR;PECR;CYP2C8;ALOX12;ACSM3;ELOVL4;ACADL;ELOVL2;OLAH;ALOX15;ABCD3;APOA4;LPL;THNSL2;LIPG;GIP	TUB	GO_BP	no_proc_ieg	10347
GOBP_MITOCHONDRIAL_TRANSPORT	-1.0820873606936827	0.2986425339366516	0.6279780290470954	27/104	SLC25A36;ABCB7;CAMK2A;HSPA9;PRKN;GRPEL1;MCUR1;UCP1;SLC25A28;MPC1;UCP3;ADCY10;SFXN1;SLC25A32;TIMM17B;SLC25A4;SLC25A31;ABCB8;NPTX1;FZD9;GCLC;ACAA2;SLC25A20;SLC25A13;AGK;MICU1;BNIP3L	TUB	GO_BP	no_proc_ieg	10347
GOBP_UROGENITAL_SYSTEM_DEVELOPMENT	-1.0825090556645969	0.3003003003003003	0.6277535576643745	14/51	BMP7;FKBP4;RARG;ESR1;AHI1;CTNNB1;WNT11;GLI1;FRS2;FOXB1;TP63;HOXB13;NKX3-1;RARA	TUB	GO_BP	no_proc_ieg	10347
GOBP_POSITIVE_REGULATION_OF_P38MAPK_CASCADE	-1.0825545805393126	0.35410764872521244	0.6287085511741837	9/20	GADD45A;XDH;VEGFA;PJA2;ZC3H12A;PRMT1;LEP;OPRK1;HAND2	TUB	GO_BP	no_proc_ieg	10347
GOBP_VENTRICULAR_CARDIAC_MUSCLE_TISSUE_MORPHOGENESIS	-1.0839266156512355	0.31547619047619047	0.625765369272345	7/37	MYL3;HAND1;RYR2;TNNI3;TGFBR3;FOXH1;TNNI1	TUB	GO_BP	no_proc_ieg	10347
GOBP_NEGATIVE_REGULATION_OF_MUSCLE_CELL_APOPTOTIC_PROCESS	-1.0840463892532322	0.34110787172011664	0.6265177531283154	5/35	CFLAR;BMP7;GCH1;APOH;ESR1	TUB	GO_BP	no_proc_ieg	10347
GOBP_STEROID_BIOSYNTHETIC_PROCESS	-1.0874788357027658	0.27979274611398963	0.6176730390899039	22/136	IDI1;CGA;ADM;CYP3A4;HMGCS2;INSIG1;CYP27B1;EBP;FDPS;BAAT;MBTPS1;ACLY;NPC1L1;PRKAG2;NR5A1;ABCG4;BMP5;HSD3B1;SQLE;FSHB;CYP11B2;SREBF2	TUB	GO_BP	no_proc_ieg	10347
GOBP_PEPTIDYL_CYSTEINE_MODIFICATION	-1.0884148753221405	0.3333333333333333	0.6161484891282564	6/22	ZDHHC3;SNTA1;CLIP3;NOS2;RAB6A;NOS1	TUB	GO_BP	no_proc_ieg	10347
GOBP_EMBRYONIC_EYE_MORPHOGENESIS	-1.0892428409762283	0.3353658536585366	0.6148337176482176	11/30	RARB;BMP7;STRA6;RARG;FOXF2;VAX2;FRS2;HIPK1;SOX11;ZEB1;PAX2	TUB	GO_BP	no_proc_ieg	10347
GOBP_LABYRINTHINE_LAYER_MORPHOGENESIS	-1.0898082136824312	0.33161953727506427	0.6143683700512185	4/16	ADM;BMP7;BMP5;GJB5	TUB	GO_BP	no_proc_ieg	10347
GOBP_METALLO_SULFUR_CLUSTER_ASSEMBLY	-1.089900079520345	0.350253807106599	0.615225050025254	5/19	ABCB7;HSPA9;XDH;NFS1;BOLA1	TUB	GO_BP	no_proc_ieg	10347
GOBP_MONOSACCHARIDE_CATABOLIC_PROCESS	-1.0900456543771229	0.3018292682926829	0.6159129308841669	16/38	PFKFB2;TPI1;ENO3;ALDOB;ADCY10;GALK1;TKTL1;PGK2;FUT5;ACTN3;FUT1;TKFC;FUT7;HK3;PGAM2;PGK1	TUB	GO_BP	no_proc_ieg	10347
GOBP_REGULATION_OF_URINE_VOLUME	-1.090386349435283	0.31805929919137466	0.6161372554183235	8/18	ADM;OPRL1;UMOD;DRD2;INPP5K;TRPV5;OXT;ADCY6	TUB	GO_BP	no_proc_ieg	10347
GOBP_FOREBRAIN_DEVELOPMENT	-1.0904420494093063	0.13846153846153847	0.6170382930579749	80/283	TACC1;APLP1;DIXDC1;RARB;CHD5;SSTR2;HAP1;ATOH1;HES1;SRGAP2;OGDH;SSTR4;BCAN;HERC1;GHRH;KAT2A;UBB;YWHAE;PCDH9;SSTR3;SLC6A3;TUBB2A;TACC2;GLI3;ASCL1;CTNNB1;NPY;NEUROD6;FYN;SCN2A;HSD3B1;PROP1;RAC3;GLI1;VAX2;NDEL1;SOX1;E2F1;NFIB;ATAT1;FRS2;FOXB1;TBR1;EGFR;DRD2;ZIC3;NDNF;SRF;SLIT1;SUN1;LHX3;RARA;DLX2;NR0B1;ATP7A;DYNC2H1;WDR62;DCT;HTR5A;DAB1;SMO;RAX;WNT1;TSKU;ATP1A2;FUT1;ZEB1;PHACTR1;KDM1A;CRH;NKX2-1;PEX5;SRD5A2;ATRX;FOXG1;GBX2;EPHA5;PITX1;OLIG2;CDK5R2	TUB	GO_BP	no_proc_ieg	10347
GOBP_NEGATIVE_REGULATION_OF_PROTEIN_SECRETION	-1.0912532278774536	0.3018867924528302	0.6157714517647591	20/50	GNAO1;IRS1;PRKN;SERGEF;GHSR;MTNR1B;DRD3;ABCC8;DRD2;ENY2;INS;REST;FOXO1;RAB11FIP3;APOE;KCNB1;CHGA;FFAR2;HMGCR;NEO1	TUB	GO_BP	no_proc_ieg	10347
GOBP_ENERGY_RESERVE_METABOLIC_PROCESS	-1.0920297595777666	0.2757352941176471	0.6145856966438774	12/76	GABARAPL1;PHKA2;IRS1;GYG2;G6PC1;WDR45;GNMT;PRKAG2;WIPI1;ADCY10;ADGRF5;MC4R	TUB	GO_BP	no_proc_ieg	10347
GOBP_C21_STEROID_HORMONE_METABOLIC_PROCESS	-1.0935754159706623	0.3107344632768362	0.6111295476680906	7/31	ADM;AFP;SCNN1B;BMP5;HSD3B1;FSHB;CYP11B2	TUB	GO_BP	no_proc_ieg	10347
GOBP_REGULATION_OF_CARDIAC_MUSCLE_CONTRACTION_BY_CALCIUM_ION_SIGNALING	-1.0940088193973783	0.3035230352303523	0.6109300714956859	8/21	RYR2;TNNI3;ANK2;CALM1;NOS1;ATP1A2;CASQ2;CACNA1C	TUB	GO_BP	no_proc_ieg	10347
GOBP_PRIMARY_ALCOHOL_METABOLIC_PROCESS	-1.0948643559981248	0.2713178294573643	0.6093915511261728	33/72	CYP3A4;RDH16;SCNN1B;LRAT;ALDH1B1;BMP5;NAAA;GDPD3;TKTL1;CYP1A2;CYP11B2;THTPA;PECR;CYP2C8;PNLIP;RPE65;SULT1B1;ALDH3A2;CYP3A5;REST;CYP11A1;RDH8;RBP4;PNPLA4;LIPE;WNT4;CEL;AKR1A1;DGAT1;PNPLA2;DHRS3;ADH7;HSD11B2	TUB	GO_BP	no_proc_ieg	10347
GOBP_CALCIUM_ION_TRANSPORT	-1.0950595269838779	0.15702479338842976	0.60990074270664	92/313	DDIT3;TRPM3;CACNA1E;TRPM1;ADCYAP1R1;HAP1;CAMK2A;HSPA9;CALML3;TRPM6;CLCA1;CACNA2D1;HES1;MCUR1;CYP27B1;TRPM2;CASQ1;CNGA3;YWHAE;SLC3A2;PLCH2;STAC;STC1;RYR2;CACNA1B;CTNNB1;FYN;ANK2;TRPC6;XCR1;CACNB1;JPH3;ITPR2;CACNA1F;CACNB4;PKDREJ;CHRNA10;VDR;EGF;SLC24A2;SCN11A;JPH2;DRD3;DRD2;CACNG2;CALM1;MCHR1;GRIN2B;CACNA1I;CUL5;INPP5K;AKAP6;NPPA;NOS1;ADRA1A;PKD1;GP9;PACSIN3;LILRA5;TRPC3;PDGFB;RCVRN;ATP2B2;BEST1;ATP1A2;CASQ2;MICU1;HCRT;PLCG1;TRPV5;BDKRB1;CRHR1;CACNG5;GJC2;CACNG4;CRH;CSN2;P2RX1;EPO;P2RX2;SLC8A2;CASR;TRPV6;CLCA3P;GRIN1;TMBIM6;PRNP;UCN;P2RX6;CACNA1G;CHRNA4;CACNA1C	TUB	GO_BP	no_proc_ieg	10347
GOBP_DETECTION_OF_TEMPERATURE_STIMULUS_INVOLVED_IN_SENSORY_PERCEPTION_OF_PAIN	-1.095376531365331	0.32989690721649484	0.6100470444302465	5/16	CALCA;PRDM12;SCN11A;EPHB1;ASIC3	TUB	GO_BP	no_proc_ieg	10347
GOBP_POLYSACCHARIDE_METABOLIC_PROCESS	-1.0954031596063587	0.24110671936758893	0.6110502286968219	12/84	GABARAPL1;PHKA2;CSGALNACT2;IRS1;GYG2;G6PC1;WDR45;CHIT1;GNMT;PRKAG2;WIPI1;ADCY10	TUB	GO_BP	no_proc_ieg	10347
GOBP_FOREBRAIN_NEURON_DIFFERENTIATION	-1.0956412749690732	0.30498533724340177	0.6114450349892311	12/29	HES1;OGDH;UBB;ASCL1;SOX1;TBR1;NDNF;DLX2;ATP7A;NKX2-1;FOXG1;GBX2	TUB	GO_BP	no_proc_ieg	10347
GOBP_ACIDIC_AMINO_ACID_TRANSPORT	-1.0961357575440225	0.28222996515679444	0.6111474118974076	24/52	SLC1A1;GRM1;SLC6A13;ABCC8;GRM2;SLC1A6;GRM7;SLC25A13;SLC1A7;KMO;BEST1;ATP1A2;SLC17A7;APBA1;GNAT2;TRH;TTYH1;KCNJ10;GABBR1;PRKG1;AVP;NTSR1;TNF;ABAT	TUB	GO_BP	no_proc_ieg	10347
GOBP_TRANSEPITHELIAL_TRANSPORT	-1.0971024186058285	0.2900552486187845	0.6094921762836222	11/30	SLC1A1;SCNN1B;CLCNKB;RHCG;RHBG;AHCYL1;ABCC2;CSF2;CLCN7;BEST1;AQP8	TUB	GO_BP	no_proc_ieg	10347
GOBP_DETECTION_OF_TEMPERATURE_STIMULUS	-1.0972831036985693	0.3404255319148936	0.6100722611105509	6/20	CALCA;PRDM12;SCN11A;EPHB1;ASIC3;ANO3	TUB	GO_BP	no_proc_ieg	10347
GOBP_RESPONSE_TO_DIETARY_EXCESS	-1.0973976269352121	0.30704225352112674	0.6108525786704614	13/29	SLC12A3;UCP1;GDF15;SCTR;MC4R;PPARGC1A;PRLH;CNTN2;LEP;APOE;ADRB3;VGF;COL6A1	TUB	GO_BP	no_proc_ieg	10347
GOBP_ANTERIOR_POSTERIOR_PATTERN_SPECIFICATION	-1.0976165265222178	0.21052631578947367	0.6112962163413562	41/154	DDIT3;BHLHE40;CDX1;CTNNBIP1;TBXT;PLXNA2;HES1;KAT2A;ETS2;HOXC8;TBX1;LEFTY1;RARG;GPC3;ZBTB16;GLI3;CTNNB1;FRS2;FUZ;FOXH1;PCSK6;FOXB1;WNT2;ZIC3;CDX4;SRF;HOXB1;FOXF1;FOXA2;NKX3-1;MYF6;SMO;HIPK1;HOXC13;MSX2;WNT1;CER1;HEYL;LDB1;HOXD13;LEFTY2	TUB	GO_BP	no_proc_ieg	10347
GOBP_POSITIVE_REGULATION_OF_SMAD_PROTEIN_SIGNAL_TRANSDUCTION	-1.097852066800826	0.3253731343283582	0.6117374637930574	9/33	BMP7;BMP5;TGFBR3;TGFB3;GDF5;HFE;SH2B1;AMH;GDF2	TUB	GO_BP	no_proc_ieg	10347
GOBP_INOSITOL_PHOSPHATE_BIOSYNTHETIC_PROCESS	-1.0979754680847804	0.29085872576177285	0.6125130070371065	2/24	ADCYAP1R1;ITPKB	TUB	GO_BP	no_proc_ieg	10347
GOBP_RESPONSE_TO_ESTRADIOL	-1.098623458121967	0.2577777777777778	0.6117325544335276	29/97	CFLAR;BMP7;ADCYAP1R1;SSTR2;SOCS2;ESR2;ASS1;SSTR3;ESR1;GH1;OPRL1;CTNNB1;HPGD;CASP9;CAT;GHSR;PTGFR;SLC34A1;WNT8B;PENK;EGFR;SLC6A4;HNRNPD;RARA;IL10;HTR5A;MSX2;MYOG;TACR3	TUB	GO_BP	no_proc_ieg	10347
GOBP_RESPONSE_TO_INSULIN	-1.098678101161884	0.20588235294117646	0.6126868317125614	59/194	PDK4;CFLAR;ADM;IRS1;PFKFB1;HMGCS2;SRSF4;INSIG1;SLC39A14;BAIAP2;PCK1;INSRR;ALPL;GPR21;KANK1;UCP3;PRKCD;BLVRB;ZBTB7B;PNPLA3;CAT;GAB1;RETN;MC4R;GHSR;NDEL1;CRY2;KLF15;FER;ABCC8;DNAI1;INPP5K;GCLC;ADIPOR1;KCNQ1;MTOR;INS;IL10;GOT1;HADHA;PDE3B;INPPL1;FOXO1;PDK2;OTC;AHSG;TNS2;PRLH;IRS4;LEP;GHR;FUT7;IRS2;VGF;OPRK1;EIF4EBP2;GRB10;COL6A1;SRSF6	TUB	GO_BP	no_proc_ieg	10347
GOBP_HEART_TRABECULA_MORPHOGENESIS	-1.1011892002003387	0.3076923076923077	0.6068060663227647	6/26	BMP7;TEK;BMP5;TGFBR3;FOXH1;SRF	TUB	GO_BP	no_proc_ieg	10347
GOBP_REGULATION_OF_HAIR_CYCLE	-1.101476211245709	0.2996941896024465	0.6070906830671424	11/26	FST;PER1;FOXN1;KRT17;SMO;MSX2;PKP3;TSKU;EPS8L3;WNT10B;DKK4	TUB	GO_BP	no_proc_ieg	10347
GOBP_CELLULAR_LIPID_CATABOLIC_PROCESS	-1.1016787486728743	0.19553072625698323	0.607601484394275	60/158	ACAT1;IRS1;PEX7;BDH2;LDLR;CYP4F12;DECR2;ACOT7;PCK1;FGF21;APOC3;ABCD1;PCCA;PRKCD;ACACB;LCT;PLA2G10;PNPLA3;FABP1;ACAA1;PLA2G6;GDPD3;ACOX3;ECI2;ACOX2;SMPD3;CNR1;ACAA2;ACADL;HADHA;CYP4A11;SGPP1;PLCG1;ABCD3;APOA4;NEU3;ACOT8;LPL;PEX5;LIPG;LEP;CYP4F2;HAO2;CYP26A1;PNPLA4;IRS2;LIPE;NEU2;SLC25A17;ABCB11;CEL;SIRT2;PNPLA2;PLD1;DAGLA;PCCB;ENPP2;AADAC;SMPDL3A;PLA2G5	TUB	GO_BP	no_proc_ieg	10347
GOBP_SYNAPTIC_TRANSMISSION_DOPAMINERGIC	-1.1017849261505885	0.32294617563739375	0.6083497693502239	12/23	PRKN;SLC6A3;DRD5;DRD3;DRD2;SLC6A4;CRH;SLC6A2;CHRNB2;DRD1;DRD4;CDK5	TUB	GO_BP	no_proc_ieg	10347
GOBP_PROTEIN_QUALITY_CONTROL_FOR_MISFOLDED_OR_INCOMPLETELY_SYNTHESIZED_PROTEINS	-1.1020396206699277	0.3192019950124688	0.6086811072123981	4/16	OXA1L;HDAC6;RNF126;PEX10	TUB	GO_BP	no_proc_ieg	10347
GOBP_SULFUR_COMPOUND_TRANSPORT	-1.1041151043090127	0.3191489361702128	0.6037482158450737	8/39	SLC1A1;SLC13A4;SLC13A3;SLC3A2;ABCD1;SLC26A3;SLC19A2;SLC6A13	TUB	GO_BP	no_proc_ieg	10347
GOBP_OVULATION_CYCLE	-1.1044045409915848	0.2867647058823529	0.6039853057163429	13/63	CGA;AFP;FZD4;ESR1;FOXO3;KISS1;OPRL1;NR5A1;RETN;TGFB3;FSHB;NPR2;EGFR	TUB	GO_BP	no_proc_ieg	10347
GOBP_PHOTORECEPTOR_CELL_DIFFERENTIATION	-1.1044401150974985	0.2716417910447761	0.6049982077830487	14/41	GNAT1;NRL;AHI1;ARL3;VEGFA;RPGRIP1;CRB1;DLX2;USH1C;DIO3;MYO7A;GNAT2;TULP1;ROM1	TUB	GO_BP	no_proc_ieg	10347
GOBP_CELL_PROLIFERATION_INVOLVED_IN_KIDNEY_DEVELOPMENT	-1.1056411561522121	0.32367149758454106	0.6026410865795935	5/17	CFLAR;BMP7;GPC3;IL6R;PDGFB	TUB	GO_BP	no_proc_ieg	10347
GOBP_NEUROMUSCULAR_PROCESS	-1.1069613072789832	0.25116279069767444	0.5999658458878576	34/112	GCH1;PRKN;CHRND;HERC1;CASQ1;STRA6;GRID2;STAC;SLC6A3;SLURP1;ASCL1;TNNI3;GLRA1;JPH3;RAC3;POU4F3;MAP1A;TNNC2;NPR2;TNNI1;DRD3;PENK;ABCC8;DRD2;MTOR;USH1C;MYO7A;ACTN3;NRXN1;SPTBN4;SCN4A;ATP8A2;CHRNA1;PEX5	TUB	GO_BP	no_proc_ieg	10347
GOBP_INNER_MITOCHONDRIAL_MEMBRANE_ORGANIZATION	-1.1069725587846244	0.2911764705882353	0.6010381431186668	4/28	HSPA9;TAFAZZIN;OPA1;OXA1L	TUB	GO_BP	no_proc_ieg	10347
GOBP_RESPONSE_TO_VITAMIN	-1.1082428635103065	0.25475285171102663	0.5986852664353424	19/78	KYNU;F5;BMP7;CYP27B1;LRAT;ALPL;PIM1;STC1;RXRA;ASCL1;FABP1;CAT;VDR;SLC34A1;ALAD;AQP3;PENK;TSHB;EGFR	TUB	GO_BP	no_proc_ieg	10347
GOBP_CARBOHYDRATE_BIOSYNTHETIC_PROCESS	-1.1083964394190806	0.1837837837837838	0.5993722081803351	53/150	CSGALNACT2;IRS1;PFKFB1;ADCYAP1R1;GYG2;SLC39A14;G6PC1;KAT2A;PCK1;ST3GAL6;TPI1;SLC37A4;ENO3;GNMT;ALDOB;ST3GAL4;CLK2;EGF;FBP2;GPD1;ALDOC;PPARGC1A;INPP5K;SMPD3;PGK2;FUT3;FUT5;INS;ZNF692;SLC25A13;PHKG2;PDGFB;GOT1;FUT1;FOXO1;PDK2;PHKG1;G6PC2;LEP;RBP4;FUT7;IRS2;PGAM2;UGP2;LALBA;B3GALT4;PGK1;MDH2;B3GALT5;CD244;AKR1A1;PRKG1;CHST8	TUB	GO_BP	no_proc_ieg	10347
GOBP_PROTEIN_HYDROXYLATION	-1.1085523822101626	0.30446927374301674	0.6000657869942596	3/18	P4HA1;JMJD6;P3H2	TUB	GO_BP	no_proc_ieg	10347
GOBP_SMOOTH_MUSCLE_TISSUE_DEVELOPMENT	-1.109582078691778	0.2979274611398964	0.5983186470990002	7/16	ZFAND5;STRA6;ITGA8;NPR2;SRF;SMO;SIX1	TUB	GO_BP	no_proc_ieg	10347
GOBP_POSITIVE_REGULATION_OF_CARBOHYDRATE_METABOLIC_PROCESS	-1.111069707668739	0.26262626262626265	0.5951877586618287	17/62	IRS1;ADCYAP1R1;KAT2A;ZBTB20;ADCY10;MLXIPL;SLC4A4;EGF;GPD1;GAPDHS;PPARGC1A;MTOR;INS;PHKG2;PDGFB;ACTN3;FOXO1	TUB	GO_BP	no_proc_ieg	10347
GOBP_T_CELL_LINEAGE_COMMITMENT	-1.1120577400376246	0.2934131736526946	0.5933446470381704	9/25	IL23A;OPA1;FOXN1;FOXP3;CTSL;IL6;IL6R;MTOR;CYLD	TUB	GO_BP	no_proc_ieg	10347
GOBP_POSITIVE_T_CELL_SELECTION	-1.1126936511155887	0.30930930930930933	0.5925836576278121	10/32	ITPKB;IL23A;OPA1;FOXN1;FOXP3;CTSL;SRF;IL6;IL6R;MTOR	TUB	GO_BP	no_proc_ieg	10347
GOBP_NEGATIVE_REGULATION_OF_OXIDOREDUCTASE_ACTIVITY	-1.112860186915494	0.30256410256410254	0.5931530506301802	5/16	PRKN;CYP27B1;DRD5;OXA1L;HDAC6	TUB	GO_BP	no_proc_ieg	10347
GOBP_DIGESTIVE_SYSTEM_PROCESS	-1.1129507228288096	0.2440944881889764	0.5940190868132278	37/76	PTGER3;LDLR;PBLD;MUC4;MUC13;SLC2A5;ABCG5;CHRM5;NPC1L1;FABP1;GHSR;HTR4;VDR;FABP2;EZR;NPR2;PNLIP;SLC22A5;COPA;KCNQ1;APOA4;OXT;CRH;NPPC;MUC6;LEP;TFF1;RBP4;OPRK1;TJP2;ACO1;APOA1;CEL;NEUROD1;VIL1;CCKBR;HRH2	TUB	GO_BP	no_proc_ieg	10347
GOBP_LONG_CHAIN_FATTY_ACID_METABOLIC_PROCESS	-1.1131820315333911	0.21739130434782608	0.5944603025507712	25/73	CYP2A7;CYP3A4;CYP4F12;ACOT7;ABCD1;PLA2G10;PNPLA3;EPHX1;ACAA1;CYP1A2;CYP2C8;ALOX12;ACADL;ELOVL2;CYP4A11;CYP2A13;ALOX15;ABCD3;ACOT8;CYP2A6;CYP2C19;CYP4F2;ALOX12B;ACSF2;GSTM4	TUB	GO_BP	no_proc_ieg	10347
GOBP_CILIUM_MOVEMENT	-1.113322471271908	0.2345679012345679	0.5951675647888433	23/84	PRDM14;CFAP298;RSPH6A;INPP5B;TNP1;SLC22A14;DNAH3;CFAP45;CFAP46;ADCY10;SMCP;GAPDHS;DNAI1;PGK2;DNAAF1;DYNC2H1;SEPTIN4;CELF3;TEKT2;TACR3;CLXN;GK2;DNAH9	TUB	GO_BP	no_proc_ieg	10347
GOBP_NEUROTRANSMITTER_REUPTAKE	-1.1152749473073336	0.27298050139275765	0.5908237123717306	14/28	PRKN;SLC6A3;SLC6A13;DRD3;DRD2;SLC6A4;NOS1;ATP1A2;SLC6A2;KCNJ10;DRD1;SLC22A1;SLC18A3;DRD4	TUB	GO_BP	no_proc_ieg	10347
GOBP_STEROID_METABOLIC_PROCESS	-1.1156432549826059	0.15625	0.5907975032955383	68/236	IDI1;CGA;ADM;AFP;CYP3A4;RDH16;HMGCS2;LDLR;INSIG1;RORC;NR0B2;G6PC1;CYP27B1;SCNN1B;EBP;FDPS;BAAT;KIT;MBTPS1;ACLY;ESR1;NPC1L1;PRKAG2;HSD17B14;NR5A1;FMO5;ABCG4;HDLBP;BMP5;CAT;ACAA1;HSD3B1;SQLE;FSHB;CYP1A2;CYP11B2;SREBF2;CYP2C8;RORA;NR1I2;ACOX2;ABCA5;NR0B1;STAR;ACAA2;ACADL;CYP3A43;CYP3A5;REST;TSKU;FGF23;SULT2B1;ABCD3;APOA4;HSD17B3;ACOT8;AQP8;CRH;DKKL1;SRD5A2;CYP2A6;CYP11A1;CYP2C19;HSD17B11;LEP;SC5D;APOE;RDH8	TUB	GO_BP	no_proc_ieg	10347
GOBP_EYE_MORPHOGENESIS	-1.1168256766083322	0.22026431718061673	0.588625250995187	43/114	RARB;GNAT1;SLC1A1;BMP7;STRA6;RARG;TSPAN12;NRL;AHI1;GLI3;CTNNB1;VEGFA;FOXF2;RPGRIP1;VAX2;SOX1;FRS2;WNT2;ABI2;EPHB1;CRB1;TENM3;PITX3;HIPK1;USH1C;DIO3;CRYGB;MYO7A;SOX11;TSKU;ZEB1;ATP8A2;PAX2;RHO;GNAT2;TULP1;RBP4;ROM1;VSX1;FOXL2;YY1;FOXE3;DSCAM	TUB	GO_BP	no_proc_ieg	10347
GOBP_REGULATION_OF_VESICLE_FUSION	-1.117836548015869	0.30193905817174516	0.5869125561910873	5/17	CPLANE2;GRIK5;RAB3A;DOC2A;CPLX3	TUB	GO_BP	no_proc_ieg	10347
GOBP_POSITIVE_REGULATION_OF_PROTEIN_TYROSINE_KINASE_ACTIVITY	-1.1187095647083247	0.30319148936170215	0.5854476700572824	4/17	NEDD9;EFNA1;NOX4;LILRA5	TUB	GO_BP	no_proc_ieg	10347
GOBP_BEHAVIOR	-1.1187588529633576	0.09803921568627451	0.5864175094707579	141/471	NEDD9;GNAO1;USP2;MTNR1A;MAFG;GNAT1;SLC1A1;LDLR;CARTPT;HCRTR1;INSL5;PYY;TAL1;PRKN;PAK5;GALR3;FZD4;BAIAP3;CEND1;CALCA;GHRH;KAT2A;TBX1;GDF15;AMFR;RCAN1;STRA6;NAV2;MAPT;PIAS1;KIT;GRM1;THBS4;SLC6A3;SLURP1;AHI1;DPP4;OPRL1;GLI3;DRD5;HTR1A;PER3;NPY;GATM;KLK8;ATP8A1;FYN;PDE1B;PRKCG;MMP17;GLRA1;SCN2A;RETN;PTPRZ1;JPH3;SOBP;MC4R;CACNB4;GHSR;FEV;MAP1A;MTNR1B;PJA2;SLC24A2;ITGA8;SCN11A;NDRG4;MC1R;CSF2;ASIC4;FOXB1;TBR1;KCNK10;DRD3;PENK;ABCC8;EGFR;DRD2;GRM2;HTR1B;CNTN1;MCHR1;SRF;GRIN2B;SLC6A4;B4GALNT1;FOXA2;GNG7;CNR1;GRM7;MUSK;FZD9;GCNT4;KCNQ1;ATP7A;GLS;MTOR;INS;ADCY1;HTR1D;DBH;DAB1;AAAS;ADM2;DDO;ATP1A2;TACR3;HCRT;NRXN1;SPTBN4;CRHR1;CHRNA3;OXT;ATP8A2;KCND2;APBA1;ADGRB3;CRH;NFATC4;NKX2-1;P2RX1;C1QL1;PRLH;ADCY8;P2RX2;CNTN2;NLGN3;KLK14;GIP;SLC8A2;CASR;ACVR2A;EN1;GRIN1;PRNP;UCN;LEP;APOE;ADRB3;GNAT2;CHRNA4	TUB	GO_BP	no_proc_ieg	10347
GOBP_CILIUM_OR_FLAGELLUM_DEPENDENT_CELL_MOTILITY	-1.118811256930466	0.25	0.5873678250427466	20/67	PRDM14;RSPH6A;INPP5B;TNP1;SLC22A14;DNAH3;CFAP45;CFAP46;SMCP;GAPDHS;DNAI1;PGK2;DYNC2H1;SEPTIN4;CELF3;TEKT2;TACR3;CLXN;GK2;DNAH9	TUB	GO_BP	no_proc_ieg	10347
GOBP_REGULATION_OF_TRANS_SYNAPTIC_SIGNALING	-1.1190508610895127	0.15384615384615385	0.5877997181034773	122/346	SLC1A1;KCNMB4;BSN;HAP1;CAMK2A;SYN1;PRKN;SCGN;BAIAP2;BAIAP3;GABRR1;KAT2A;ZDHHC3;GRIK5;GRIK4;MAPT;GRID2;KIT;GRM1;PLG;RAB3A;CHRM2;KISS1;PPFIA2;BEGAIN;CACNA1B;DRD5;SIPA1L1;HDAC6;SNCAIP;ACHE;FYN;PRKCG;CA7;RETN;SCTR;TSPOAP1;JPH3;CACNB4;GHSR;PDE9A;MPP2;MAP1A;SLC24A2;SYN3;CPLX3;GFAP;CAMKV;CA2;DRD3;EGFR;DRD2;GRM2;HTR1B;EPHB1;CACNG2;SRF;GRIN2B;SLC6A4;PLCL1;CNR1;PHF24;IQSEC2;GRM7;RARA;CALB2;GRM3;ADRA1A;INS;ADCY1;UNC13A;SYNE1;KMO;BEST1;ERC1;ATP1A2;GRIK3;GRM8;SLC7A10;DCC;HCRT;PLCG1;NRXN1;CHRNA3;CACNG5;OXT;APBA1;LGI1;CACNG4;CRH;NFATC4;P2RX1;FAM107A;ADCY8;NLGN3;CHRNA6;GIP;SLC8A2;GRIN1;PRNP;UCN;APOE;MAPK9;ARC;MME;STX1A;VGF;EIF4EBP2;NTF3;KCNB1;PICK1;RIMS1;NGF;CHRNB2;INA;KCNJ10;RIMS2;GABBR1;HMGCR;ASIC1;PPFIA3;GRIN2A	TUB	GO_BP	no_proc_ieg	10347
GOBP_PYRUVATE_METABOLIC_PROCESS	-1.119438880511446	0.22264150943396227	0.5878732761491383	21/93	PDK4;PFKFB2;PFKFB1;OGDH;PCK1;TPI1;ENO3;ZBTB20;PRKAG2;ALDOB;MLXIPL;GALK1;SLC4A4;GPD1;GAPDHS;ALDOC;DLAT;PGK2;MTOR;INS;LDHAL6B	TUB	GO_BP	no_proc_ieg	10347
GOBP_VASCULAR_ASSOCIATED_SMOOTH_MUSCLE_CELL_DIFFERENTIATION	-1.1196306331995123	0.26548672566371684	0.5884626570429194	10/26	ADM;HES1;KIT;VEGFA;SRF;PDGFB;NFATC4;NFATC1;CTH;FGF9	TUB	GO_BP	no_proc_ieg	10347
GOBP_RESPONSE_TO_STEROID_HORMONE	-1.120099648313673	0.10526315789473684	0.5882252964968288	47/263	KLF9;ESRRG;CFLAR;ADM;SLC12A3;PFKFB1;CDKN1A;HMGCS2;SSTR2;NKX2-2;SSTR4;SCNN1B;FKBP4;PCK1;GAD2;ALPL;ESR2;ASS1;PHB1;DDX17;SSTR3;UCP3;ESR1;FOXO3;OR51E2;STC1;RXRA;HDAC6;CASP9;DDX5;PER1;HSD3B1;KDM4C;TGFB3;IL22;GHSR;UFL1;SCGB2A2;CRY2;LOX;ALAD;TFAP4;FOXH1;PTPRU;EGFR;TP63;HTR1B	TUB	GO_BP	no_proc_ieg	10347
GOBP_MOLTING_CYCLE	-1.1210271231126285	0.2125984251968504	0.5866240178668203	36/85	FST;CTNNB1;EDA;PLA2G10;SPINK5;PER1;KRT16;FOXN1;FUZ;KRT84;KRT17;EGFR;LGR5;TP63;ATP7A;SMO;HOXC13;LGR4;MSX2;PKP3;TSKU;LDB1;EPS8L3;PTCH2;WNT10B;DKK4;LHX2;COL6A1;ERCC2;SOX21;KRT83;IGFBP5;TERT;TNF;KRT14;GLI2	TUB	GO_BP	no_proc_ieg	10347
GOBP_REGULATION_OF_PLATELET_DERIVED_GROWTH_FACTOR_RECEPTOR_SIGNALING_PATHWAY	-1.1210827255875924	0.29395604395604397	0.5875771387863832	4/18	F3;APOD;LOX;NDRG4	TUB	GO_BP	no_proc_ieg	10347
GOBP_ORGAN_OR_TISSUE_SPECIFIC_IMMUNE_RESPONSE	-1.12130693953664	0.29573170731707316	0.5881084850110937	7/27	GP2;UMOD;NOS2;RNASE3;DEFA4;IL6;IL6R	TUB	GO_BP	no_proc_ieg	10347
GOBP_NUCLEOSIDE_BISPHOSPHATE_BIOSYNTHETIC_PROCESS	-1.1216730228007274	0.23780487804878048	0.5882263285941175	6/42	PDK4;ACAT1;MMUT;ACOT7;ACLY;ACACB	TUB	GO_BP	no_proc_ieg	10347
GOBP_IONOTROPIC_GLUTAMATE_RECEPTOR_SIGNALING_PATHWAY	-1.1220050960044141	0.29521276595744683	0.5884583729411316	7/18	GRIK5;GRIK4;GRIN2B;GRIK3;GRIN1;GRIN2A;GRIA4	TUB	GO_BP	no_proc_ieg	10347
GOBP_LONG_CHAIN_FATTY_ACID_BIOSYNTHETIC_PROCESS	-1.1230744902347387	0.29315068493150687	0.5865066124336723	8/20	CYP3A4;ACOT7;CYP1A2;CYP2C8;ALOX12;ALOX15;ALOX12B;GSTM4	TUB	GO_BP	no_proc_ieg	10347
GOBP_AXONAL_TRANSPORT	-1.1238648623578258	0.25	0.5853875283095964	16/45	HAP1;DST;MAPT;DYNC1H1;OPA1;HDAC6;RAB21;NDEL1;MAP1A;MAPK8IP3;BLOC1S1;KIF5A;TRIM46;DLG2;CALY;KIF1A	TUB	GO_BP	no_proc_ieg	10347
GOBP_INOSITOL_PHOSPHATE_METABOLIC_PROCESS	-1.1243594500619618	0.24307692307692308	0.585203110289772	4/35	ADCYAP1R1;ITPKB;INPP5B;INPP5J	TUB	GO_BP	no_proc_ieg	10347
GOBP_POSITIVE_REGULATION_OF_GLUCOSE_TRANSMEMBRANE_TRANSPORT	-1.1245566742809514	0.2640449438202247	0.5857987628626943	7/31	IRS1;FGF21;GH1;GPC3;CLIP3;KLF15;CLTCL1	TUB	GO_BP	no_proc_ieg	10347
GOBP_CAMERA_TYPE_EYE_MORPHOGENESIS	-1.1258429702714947	0.23577235772357724	0.583150475493674	37/89	GNAT1;SLC1A1;BMP7;STRA6;TSPAN12;NRL;AHI1;GLI3;CTNNB1;VEGFA;FOXF2;RPGRIP1;SOX1;FRS2;WNT2;ABI2;EPHB1;CRB1;TENM3;PITX3;HIPK1;USH1C;DIO3;CRYGB;SOX11;TSKU;ZEB1;ATP8A2;PAX2;RHO;GNAT2;RBP4;ROM1;VSX1;YY1;FOXE3;DSCAM	TUB	GO_BP	no_proc_ieg	10347
GOBP_SULFUR_COMPOUND_METABOLIC_PROCESS	-1.1259196422270965	0.14906832298136646	0.5840505986237324	54/215	AASS;PDK4;CSGALNACT2;ACAT1;SLC1A1;HMGCS2;MMUT;OGDH;ACOT7;BTD;ST3GAL6;BHMT2;HAGH;BAAT;ABCD1;ACLY;GNMT;ACOT11;ACACB;CTNNB1;GLYAT;ST3GAL4;HYAL1;EXTL1;TKTL1;SLC19A2;AHCYL1;THTPA;NOX4;AHCY;AGXT;SULT1B1;CHST4;DLAT;DPEP1;GSTA3;GCLC;CHSY1;ACSM3;MTR;ELOVL4;AHCYL2;ELOVL2;CHAC1;PPT2;MCCC1;PDK2;HS3ST2;SULT2B1;HYAL4;GSS;GSTM5;ACOT8;EXTL3	TUB	GO_BP	no_proc_ieg	10347
GOBP_REGULATION_OF_FEEDING_BEHAVIOR	-1.1263155361121868	0.2945945945945946	0.5840666220288997	10/16	INSL5;RETN;MC4R;GHSR;MC1R;CNR1;INS;TACR3;UCN;OPRK1	TUB	GO_BP	no_proc_ieg	10347
GOBP_PEPTIDYL_LYSINE_ACETYLATION	-1.126937840250506	0.2893401015228426	0.5834745408238884	4/15	KAT2A;KLF15;ATAT1;BLOC1S1	TUB	GO_BP	no_proc_ieg	10347
GOBP_RESPONSE_TO_INTERLEUKIN_6	-1.1270081127935732	0.26912181303116145	0.5844417605058408	10/31	PCK1;ST3GAL6;PHB1;CHI3L1;FER;FOXA2;IL6;IL6R;PTPRT;FGF23	TUB	GO_BP	no_proc_ieg	10347
GOBP_REGULATION_OF_CALCIUM_ION_DEPENDENT_EXOCYTOSIS	-1.127208270876118	0.287292817679558	0.5849816746052591	14/20	BAIAP3;RAB3A;DOC2A;REST;TRPV6;HYAL3;CDK5R2;STX1A;KCNB1;SCAMP5;CDK5;SYT5;NOTCH1;ATP2A2	TUB	GO_BP	no_proc_ieg	10347
GOBP_KIDNEY_MORPHOGENESIS	-1.1273708586790798	0.19855595667870035	0.5856377394597941	18/71	BMP7;CTNNBIP1;KLHL3;HES1;AHI1;GPC3;GLI3;CTNNB1;GREB1L;VEGFA;WNT11;WWTR1;GCNT4;PKD1;SMO;LGR4;WNT1;SIX1	TUB	GO_BP	no_proc_ieg	10347
GOBP_ACTIN_MEDIATED_CELL_CONTRACTION	-1.1304522299480126	0.21940928270042195	0.5782354454020768	29/89	KCNE2;CACNA2D1;SCN3B;SNTA1;NEDD4L;STC1;RYR2;ANK2;KCNA5;KCNH2;ADCY10;SCN2A;KCND3;SCN11A;SCN2B;KCNN2;NOS1;KCNQ1;ACTC1;GSN;ATP1A2;KCNE5;CTNNA3;SCN4A;HCN4;CACNA1G;CACNA1C;MYH4;CACNA1D	TUB	GO_BP	no_proc_ieg	10347
GOBP_POSITIVE_REGULATION_OF_ADENYLATE_CYCLASE_ACTIVITY	-1.1307433072216748	0.26737967914438504	0.5785109154830352	13/21	DRD5;LGR5;CALCR;LGR4;FSHR;CRHR1;ADCYAP1;CACNA1C;CACNA1D;GIPR;DRD1;ADORA2B;GLP1R	TUB	GO_BP	no_proc_ieg	10347
GOBP_EPIDERMIS_DEVELOPMENT	-1.1310163400595803	0.09322033898305085	0.5789529108324927	74/249	EXPH5;CFLAR;SPRR3;TGM1;MAFG;KRT6B;CDKN1A;KRT75;ATOH1;HES1;KRT1;CYP27B1;KRT34;FST;KLK5;NAB2;TGM5;REG3A;CTNNB1;EDA;PLA2G10;SPINK5;KRT76;KRT81;KRT16;FOXN1;GLI1;GJB5;POU4F3;VDR;PIP5K1A;KRT9;KRTAP5-9;AQP3;FUZ;KRT84;KRT17;EGFR;LGR5;TP63;SRF;HDAC3;ALDH3A2;HOXB13;ALOX12;SLC4A7;ROCK2;WHRN;KCNQ1;ATP7A;DCT;IVL;CDSN;SMO;HOXC13;USH1C;LGR4;MSX2;MYO7A;PKP3;SGPP1;LDB1;KRT31;SULT2B1;PTCH2;EXTL3;WNT10B;KRT2;EVPL;KLK14;LATS1;POU2F3;DKK4;SHARPIN	TUB	GO_BP	no_proc_ieg	10347
GOBP_TYPE_B_PANCREATIC_CELL_DIFFERENTIATION	-1.1310445013584727	0.2773109243697479	0.5800420265395281	4/21	NKX2-2;BMP5;INSM1;SMO	TUB	GO_BP	no_proc_ieg	10347
GOBP_INNER_EAR_MORPHOGENESIS	-1.132464356047865	0.2111111111111111	0.5771714374395693	20/67	KCNQ4;INSIG1;ATOH1;TBX1;PTK7;SOBP;POU4F3;CHRNA10;ITGA8;WHRN;KCNQ1;USH1C;WNT1;MYO7A;SIX1;ZEB1;ATP8A2;PAX2;FOXG1;GBX2	TUB	GO_BP	no_proc_ieg	10347
GOBP_POSITIVE_REGULATION_OF_RECEPTOR_INTERNALIZATION	-1.132479554627355	0.31466666666666665	0.5782702209585071	9/20	GH1;AHI1;VEGFA;EGF;DRD2;NTF3;PICK1;ANGPT1;MAGI2	TUB	GO_BP	no_proc_ieg	10347
GOBP_RETINA_MORPHOGENESIS_IN_CAMERA_TYPE_EYE	-1.134348762462636	0.2476489028213166	0.5742795721791106	17/40	GNAT1;SLC1A1;TSPAN12;NRL;AHI1;RPGRIP1;CRB1;HIPK1;USH1C;DIO3;ATP8A2;RHO;GNAT2;RBP4;ROM1;VSX1;DSCAM	TUB	GO_BP	no_proc_ieg	10347
GOBP_GLUCAN_METABOLIC_PROCESS	-1.1348987249111242	0.2140221402214022	0.5738709285264791	10/65	GABARAPL1;PHKA2;IRS1;GYG2;G6PC1;WDR45;GNMT;PRKAG2;WIPI1;ADCY10	TUB	GO_BP	no_proc_ieg	10347
GOBP_ASPARTATE_TRANSMEMBRANE_TRANSPORT	-1.135546012802685	0.31805929919137466	0.5732865214315316	5/15	SLC1A1;SLC1A5;GFAP;SLC1A6;SLC25A13	TUB	GO_BP	no_proc_ieg	10347
GOBP_DENDRITE_EXTENSION	-1.1356661446396223	0.27472527472527475	0.5741112015983618	12/25	PRKN;ITSN2;NEDD4L;CPNE6;AUTS2;CYFIP2;UNC13A;SPAG9;RIMS1;RIMS2;PLAA;CDKL3	TUB	GO_BP	no_proc_ieg	10347
GOBP_RESPONSE_TO_NUTRIENT	-1.1359144250125188	0.17297297297297298	0.574558179529911	35/139	KYNU;F5;BMP7;HMGCS2;TFRC;CYP27B1;LRAT;ALPL;TBXA2R;ASS1;PIM1;UCP3;ABCG5;ARSB;STC1;RXRA;ACACB;ASCL1;FABP1;CAT;MLXIPL;ENSA;VDR;SLC34A1;ALAD;AQP3;PENK;TSHB;EGFR;SRF;SLC6A4;FOXA2;CNR1;GCLC;RARA	TUB	GO_BP	no_proc_ieg	10347
GOBP_REGULATION_OF_TRANSPORTER_ACTIVITY	-1.1364872687537515	0.14720812182741116	0.5741962056132816	42/139	CHP1;HAP1;KCNE2;CALML3;CACNA2D1;SCN3B;CASQ1;YWHAE;PIM1;STAC;PRKCD;NEDD4L;RXRA;ANK2;TRPC6;CACNB1;JPH3;CHP2;CACNB4;AHCYL1;JPH2;DRD3;DRD2;KCNIP2;SCN2B;CACNG2;CALM1;AKAP6;NPPA;NOS1;INS;ATP1B3;ATP1A2;CASQ2;CRHR1;KCNE5;CACNG5;KCNS1;CACNG4;CRH;KCNG1;EPO	TUB	GO_BP	no_proc_ieg	10347
GOBP_PYRIDINE_CONTAINING_COMPOUND_CATABOLIC_PROCESS	-1.137437040285151	0.21708185053380782	0.5725860375102269	19/75	PFKFB2;PFKFB1;PNP;OGDH;TPI1;ENO3;ZBTB20;PRKAG2;ALDOB;SARM1;MLXIPL;GALK1;SLC4A4;GPD1;GAPDHS;ALDOC;PGK2;MTOR;INS	TUB	GO_BP	no_proc_ieg	10347
GOBP_RESPONSE_TO_AMINE	-1.137535676467677	0.24629080118694363	0.5734655974403975	17/38	SLC1A1;UROS;RGS7;ASS1;DRD5;HDAC6;PDE1B;RGS2;DRD2;PITX3;DBH;OXT;RGS9;ADAMTS13;ASIC1;GRIN2A;DRD1	TUB	GO_BP	no_proc_ieg	10347
GOBP_REGULATION_OF_SMALL_MOLECULE_METABOLIC_PROCESS	-1.1376437157201633	0.08029197080291971	0.5742922437963265	52/235	PDK4;ADM;IRS1;PFKFB1;LDLR;ADCYAP1R1;INSIG1;TAFAZZIN;PRKN;RORC;CYP27B1;KAT2A;GDF15;GUCA1B;APOC3;ABCD1;KIT;MBTPS1;GNMT;ZBTB20;ACACB;PRKAG2;FMO5;ALDOB;FABP1;ABCG4;BMP5;NOS2;ADCY10;MLXIPL;GHSR;CLK2;SLC4A4;SREBF2;GPD1;GAPDHS;RORA;PPARGC1A;FOXA2;CNR1;NOS1;ADIPOR1;CDA;STAR;MTOR;INS;ZNF692;ACADL;PHKG2;REST;FMO2;ACTN3	TUB	GO_BP	no_proc_ieg	10347
GOBP_PORPHYRIN_CONTAINING_COMPOUND_METABOLIC_PROCESS	-1.138926661280654	0.27246376811594203	0.571947901099621	9/37	BDH2;ABCB7;UROS;HMOX2;BLVRB;CYP1A2;HPX;ABCC2;ALAD	TUB	GO_BP	no_proc_ieg	10347
GOBP_REGULATION_OF_CELLULAR_RESPONSE_TO_VASCULAR_ENDOTHELIAL_GROWTH_FACTOR_STIMULUS	-1.1394199198892132	0.29876543209876544	0.5716699265979743	4/18	HRG;XDH;VEGFA;ADAMTS12	TUB	GO_BP	no_proc_ieg	10347
GOBP_NEGATIVE_REGULATION_OF_STRIATED_MUSCLE_CELL_APOPTOTIC_PROCESS	-1.1398038182990742	0.27365728900255754	0.5717659300111589	3/20	CFLAR;BMP7;GCH1	TUB	GO_BP	no_proc_ieg	10347
GOBP_CELLULAR_RESPONSE_TO_HORMONE_STIMULUS	-1.1399890340177332	0.028169014084507043	0.5723566706391537	73/450	KLF9;ESRRG;CGA;GLP2R;PDK4;BCAS3;CFLAR;IRS1;RARB;SLC5A5;HMGCS2;SSTR2;CAMK2A;INSIG1;HCRTR1;SLC39A14;UCP1;BAIAP2;SSTR4;SCNN1B;FKBP4;PCK1;SOCS2;FGF21;INSRR;GDF15;ESR2;ASS1;GPR21;RARG;PHB1;DDX17;SSTR3;KANK1;UCP3;ARID5A;PRKCD;BLVRB;ESR1;ZBTB7B;FOXO3;GH1;PRKAR1A;OR51E2;STC1;RXRA;PRKCA;NR5A1;HDAC6;PNPLA3;CASP9;DDX5;LANCL2;GAB1;PER1;KDM4C;GHSR;UFL1;PTGFR;SCGB2A2;CYP11B2;NDEL1;AHCYL1;SLC34A1;CRY2;TFAP4;FER;FOXH1;RANGAP1;CA2;EGFR;TP63;NPFFR1	TUB	GO_BP	no_proc_ieg	10347
GOBP_NEGATIVE_REGULATION_OF_CELLULAR_RESPONSE_TO_INSULIN_STIMULUS	-1.140014893611121	0.23756906077348067	0.5734566099425787	5/30	IRS1;GPR21;KANK1;PRKCD;BLVRB	TUB	GO_BP	no_proc_ieg	10347
GOBP_DETECTION_OF_STIMULUS_INVOLVED_IN_SENSORY_PERCEPTION_OF_PAIN	-1.1403786214237237	0.2865013774104683	0.5735774693825196	7/23	CALCA;PRDM12;FYN;SCN11A;EPHB1;ASIC3;PHF24	TUB	GO_BP	no_proc_ieg	10347
GOBP_BICARBONATE_TRANSPORT	-1.1420309470954169	0.2644628099173554	0.570058856388076	10/23	SLC39A14;SLC4A3;SLC26A3;SLC4A5;SLC4A4;BEST2;SLC39A4;SLC4A7;BEST1;SLC26A1	TUB	GO_BP	no_proc_ieg	10347
GOBP_MITOCHONDRION_LOCALIZATION	-1.1426282719411442	0.24404761904761904	0.5696012647647701	9/38	HAP1;KAT2A;UBB;MAPT;OPA1;TLE6;SLC4A5;HDAC6;MARK1	TUB	GO_BP	no_proc_ieg	10347
GOBP_REGULATION_OF_LIPID_METABOLIC_PROCESS	-1.1427652883986277	0.08074534161490683	0.5703731688396836	36/225	CGA;PDK4;ADM;IRS1;LDLR;CHP1;INSIG1;TAFAZZIN;RORC;CYP27B1;PCK1;FGF21;GDF15;MAPT;APOC3;ABCD1;APOD;KIT;MBTPS1;PRKCD;CIDEC;ZBTB20;CHRM5;ACACB;PRKAG2;NR5A1;FMO5;HPGD;FABP1;ABCG4;BMP5;ADGRF5;MLXIPL;PLA2G6;FSHB;GHSR	TUB	GO_BP	no_proc_ieg	10347
GOBP_ERYTHROCYTE_HOMEOSTASIS	-1.1433802892642289	0.22807017543859648	0.5698728146818678	23/106	CFLAR;JMJD6;EPB42;KLF13;HSPA9;TAL1;SLC1A5;SCNN1B;ACIN1;KIT;TSPO2;FOXO3;TRIM10;ETV2;PLA2G10;HDAC6;VEGFA;TGFBR3;SFXN1;ADGRF5;INHA;UFL1;TRIM58	TUB	GO_BP	no_proc_ieg	10347
GOBP_EPIDERMIS_MORPHOGENESIS	-1.1435023579650052	0.24661246612466126	0.5707108962293908	15/23	FST;CTNNB1;PLA2G10;KRT17;TP63;ATP7A;SMO;KLK14;IGFBP5;GLI2;TGM3;SNAI1;NAGLU;BCL2;NOTCH1	TUB	GO_BP	no_proc_ieg	10347
GOBP_METENCEPHALON_DEVELOPMENT	-1.143564887369333	0.18992248062015504	0.571742385872341	24/86	SSTR2;HAP1;OGDH;FZD4;CEND1;HERC1;KAT2A;SSTR3;GRID2;ASCL1;GLI1;RORA;MYO16;PHOX2A;CNTN1;FAIM2;HOXB1;HNRNPD;WHRN;ATP7A;GDF10;DAB1;SMO;WNT1	TUB	GO_BP	no_proc_ieg	10347
GOBP_ACUTE_INFLAMMATORY_RESPONSE	-1.1436207650335914	0.22519083969465647	0.5727572943960147	33/80	PTGER3;CEBPB;F3;CTNNBIP1;TFRC;ELANE;ASS1;KLKB1;REG3A;DNASE1L3;IL22;SCN11A;CRP;PLA2G2D;CNR1;IL6;IL6R;ORM1;INS;SERPINF2;EIF2AK1;AHSG;EPO;OSM;TNFSF11;ORM2;ADAM8;FUT7;CD6;FFAR2;LBP;SERPINA1;DNASE1	TUB	GO_BP	no_proc_ieg	10347
GOBP_SIGNAL_RELEASE	-1.1445201150291557	0.06944444444444445	0.5713995426581355	117/348	CGA;PFKFB2;GNAO1;IRS1;GNAT1;KCNMB4;CARTPT;CAMK2A;SYN1;PRKN;NR0B2;LIN7B;FZD4;BAIAP3;GHRH;GRIK5;HRH3;RAB3A;CADPS;KISS1;PRKAR1A;OR51E2;PPFIA2;HTR1A;PLA2G10;SNCAIP;KCNA5;PRKCG;NOS2;RETN;TSPOAP1;INHA;ENSA;PLA2G6;MC4R;CACNB4;GHSR;DOC2A;CRY2;MTNR1B;SYN3;CPLX3;DRD3;ABCC8;EGFR;DRD2;GRM2;HTR1B;ENY2;SNPH;SLC6A4;SMPD3;FOXA2;CNR1;NKX3-1;IL6;KCNQ1;INS;HFE;NPVF;UNC13A;KMO;REST;SOX11;BEST1;BRSK2;FGF23;HCRT;NRXN1;PORCN;FOXO1;CRHR1;ADCYAP1;CHRNA3;MAP2K6;OXT;IL11;CRH;P2RX1;ADCY8;OSM;CHRNA6;RAB11FIP3;EPHA5;GIP;TNFSF11;CASR;TRPV6;G6PC2;UCN;LEP;CHRNA4;ADAM8;RBP4;TRH;STX1A;NAPA;IRS2;GIPR;VGF;OPRK1;KCNB1;PICK1;STX11;FOXL2;RIMS1;PTPRN;CHRNB2;C1QTNF1;RIMS2;CHGA;GABBR1;IFNG;FFAR2;HNF1A;ASIC1;PPFIA3	TUB	GO_BP	no_proc_ieg	10347
GOBP_OVARIAN_FOLLICLE_DEVELOPMENT	-1.145159150394285	0.26384364820846906	0.5708937648086927	24/49	CGA;CEBPB;KIT;ESR1;FOXO3;ANG;MSH4;VEGFA;INHA;FSHB;NPR2;SPO11;AMH;FSHR;NPPC;HYAL3;VGF;LFNG;FOXL2;PCYT1B;DMC1;SRC;EREG;EIF2B5	TUB	GO_BP	no_proc_ieg	10347
GOBP_CELLULAR_RESPONSE_TO_CADMIUM_ION	-1.1453360290464147	0.2479108635097493	0.5716166769136695	12/27	MT1M;CYP1A2;MT2A;EGFR;ATP7A;MT1X;MAPK8;CER1;MT4;MAPK9;SLC11A1;HESX1	TUB	GO_BP	no_proc_ieg	10347
GOBP_REGULATION_OF_BLOOD_PRESSURE	-1.1463724764003274	0.14736842105263157	0.5699249693530671	47/154	ADM;KLK1;CARTPT;CYP4F12;GCH1;SCNN1B;CALCA;TBXA2R;NAV2;SLC2A5;OR51E2;OPRL1;DRD5;SLC4A5;NPY;TNNI3;UMOD;NOS2;CYP11B2;NPR2;DRD3;DRD2;DDAH1;NOX1;CNR1;NPPA;NOS1;ACSM3;KCNQ1;ADRA1A;ADM2;PDGFB;SERPINF2;GPR37L1;CYP4A11;ATP1A2;TACR3;BDKRB1;OXT;KL;CRH;P2RX1;P2RX2;UCN;LEP;ADRB3;CYP4F2	TUB	GO_BP	no_proc_ieg	10347
GOBP_REGULATION_OF_T_HELPER_17_CELL_DIFFERENTIATION	-1.1468238382015346	0.27202072538860106	0.5699030611569235	6/15	ZBTB7B;IL23A;OPA1;FOXP3;ZC3H12A;SMAD7	TUB	GO_BP	no_proc_ieg	10347
GOBP_MUSCLE_CELL_DEVELOPMENT	-1.1522074375502573	0.15934065934065933	0.5563713896677935	48/141	CFLAR;ADM;MYOM2;HES1;CASQ1;RCAN1;PRKAR1A;ANK2;VEGFA;ANKRD1;CACNB4;RGS2;LOX;TBX5;AKAP13;ACTL8;SRF;MYBPH;ACTA1;AKAP6;MYOM1;MYF6;ADRA1A;MTOR;ACTC1;SMO;SDC1;MYOZ1;MYOG;ACTN3;SIX1;KDM1A;WNT10B;NFATC4;NKX2-5;P2RX2;MYF5;MYOD1;KEL;TNNT1;CACNA1S;ACTN2;COL6A1;TCAP;NEBL;YY1;MYBPC2;LDB3	TUB	GO_BP	no_proc_ieg	10347
GOBP_ADENYLATE_CYCLASE_ACTIVATING_ADRENERGIC_RECEPTOR_SIGNALING_PATHWAY	-1.153003488073634	0.2741514360313316	0.5553173135212349	7/20	ADRA1B;DRD5;ADRA1D;AKAP13;DRD3;DRD2;ADRA1A	TUB	GO_BP	no_proc_ieg	10347
GOBP_POSITIVE_REGULATION_OF_PEPTIDYL_SERINE_PHOSPHORYLATION	-1.1538602369137005	0.20666666666666667	0.5540510545750666	26/60	TFRC;NTRK3;HDAC6;EGFR;IL6;MAPKAP1;NOS1;IFNA2;IFNA5;IL11;OSM;IFNA7;LATS1;UCN;IFNW1;NTF3;ANGPT1;NGF;IFNA21;IFNG;SPRY2;RIPK2;AVP;IFNB1;TNF;RET	TUB	GO_BP	no_proc_ieg	10347
GOBP_GLYCOLYTIC_PROCESS_THROUGH_FRUCTOSE_6_PHOSPHATE	-1.154281557715116	0.2680965147453083	0.5541323746357224	12/20	PFKFB1;TPI1;ENO3;GALK1;PGK2;HK3;PGAM2;PGK1;ADPGK;GCK;HK2;PFKL	TUB	GO_BP	no_proc_ieg	10347
GOBP_METANEPHROS_MORPHOGENESIS	-1.1545059670707565	0.2623376623376623	0.5547378934380932	12/22	HES1;CTNNB1;PKD1;SMO;LGR4;PAX2;WT1;KIF26B;WNT4;WNT7B;LIF;FOXJ1	TUB	GO_BP	no_proc_ieg	10347
GOBP_REGULATION_OF_SKELETAL_MUSCLE_CELL_DIFFERENTIATION	-1.1554328186703962	0.2743589743589744	0.5532793708168089	6/16	TBX1;DDX17;DDX5;EPHB1;AKIRIN1;SIX1	TUB	GO_BP	no_proc_ieg	10347
GOBP_HINDLIMB_MORPHOGENESIS	-1.155661519503578	0.225	0.5538570900186658	9/29	RARB;RARG;GPC3;ZBTB16;CTNNB1;TBX4;TP63;GDF5;MSX2	TUB	GO_BP	no_proc_ieg	10347
GOBP_REGULATION_OF_HORMONE_LEVELS	-1.1561982214645736	0.015625	0.5535617622121091	139/402	CGA;PFKFB2;GNAO1;ADM;AFP;IRS1;CYP3A4;SLC5A5;RDH16;CARTPT;SLCO4A1;PRKN;SLC39A14;NR0B2;FZD4;BAIAP3;CYP27B1;SCNN1B;GHRH;LRAT;TG;DIO2;SLC3A2;SLCO1C1;CRYM;RAB3A;ESR1;KISS1;PRKAR1A;DPP4;HTR1A;NR5A1;KCNA5;BMP5;NOS2;RETN;HSD3B1;INHA;ENSA;PLA2G6;MC4R;FSHB;GHSR;CYP1A2;CYP11B2;CRY2;MTNR1B;CPLX3;CYP2C8;PCSK6;ABCC8;PNLIP;EGFR;RPE65;DRD2;PCSK7;ENY2;SULT1B1;CTSL;SMPD3;FOXA2;CNR1;NKX3-1;IL6;GCNT4;KCNQ1;INS;HFE;NPVF;DIO3;DDO;CYP3A5;REST;DIO1;SOX11;BRSK2;FGF23;FOXO1;CRHR1;ADCYAP1;HSD17B3;IL11;CRH;SRD5A2;BACE2;ADCY8;OSM;RAB11FIP3;EPHA5;GIP;TNFSF11;CYP11A1;CASR;TRPV6;G6PC2;HSD17B11;UCN;LEP;RDH8;RBP4;DUOX2;GHR;SLC17A4;MME;CYP26A1;TRH;STX1A;PNPLA4;IRS2;GIPR;LIPE;VGF;OPRK1;KCNB1;PICK1;FOXL2;PTPRN;C1QTNF1;WNT4;RIMS2;CHGA;GABBR1;IFNG;FFAR2;HNF1A;GFI1;CEL;CAMK2G;NEUROD1;DGAT1;PNPLA2;ECE2;GDF9;CHST8;ECE1;DHRS3;ADH7;TPO;F2RL2	TUB	GO_BP	no_proc_ieg	10347
GOBP_POSITIVE_REGULATION_OF_WOUND_HEALING	-1.1607201238168592	0.18831168831168832	0.5424756591013061	10/54	FERMT2;HBEGF;F3;HRG;TBXA2R;KANK1;APOH;PLG;REG3A;ST3GAL4	TUB	GO_BP	no_proc_ieg	10347
GOBP_POSITIVE_REGULATION_OF_SMALL_MOLECULE_METABOLIC_PROCESS	-1.161266545308273	0.17842323651452283	0.5421401539021989	27/111	ADM;IRS1;ADCYAP1R1;TAFAZZIN;KAT2A;GDF15;ABCD1;ZBTB20;FABP1;ABCG4;NOS2;ADCY10;MLXIPL;GHSR;SLC4A4;SREBF2;GPD1;GAPDHS;PPARGC1A;NOS1;STAR;MTOR;INS;PHKG2;ACTN3;FOXO1;APOA4	TUB	GO_BP	no_proc_ieg	10347
GOBP_NEGATIVE_REGULATION_OF_POTASSIUM_ION_TRANSPORT	-1.162374095591112	0.24581005586592178	0.5403793540073184	9/20	KCNE2;NEDD4L;KCNH2;NOS1;CASQ2;HCRT;KCNE5;KEL;ACTN2	TUB	GO_BP	no_proc_ieg	10347
GOBP_REGULATION_OF_CARBOHYDRATE_METABOLIC_PROCESS	-1.1631000217746459	0.1574074074074074	0.5395638206896322	33/131	PDK4;IRS1;PFKFB1;ADCYAP1R1;PRKN;RORC;KAT2A;GNMT;ZBTB20;ACACB;PRKAG2;ALDOB;ADCY10;MLXIPL;CLK2;SLC4A4;EGF;GPD1;GAPDHS;RORA;PPARGC1A;INPP5K;SMPD3;FOXA2;ADIPOR1;MTOR;INS;ZNF692;PHKG2;PDGFB;ACTN3;FOXO1;PDK2	TUB	GO_BP	no_proc_ieg	10347
GOBP_REGULATION_OF_SYNAPTIC_VESICLE_EXOCYTOSIS	-1.1652299961950625	0.23809523809523808	0.5351226683312958	6/30	SYN1;RAB3A;PPFIA2;PRKCG;CACNB4;HTR1B	TUB	GO_BP	no_proc_ieg	10347
GOBP_AUTONOMIC_NERVOUS_SYSTEM_DEVELOPMENT	-1.1664512838974483	0.20170454545454544	0.5331321227498139	21/40	GFRA3;HES1;TBX1;NAV2;ASCL1;CTNNB1;PHOX2B;TP63;ACKR3;PHOX2A;HOXB1;SLC6A4;INSM1;TLX2;SOX11;SIX1;PRLH;GBX2;HAND2;SOX10;PLXNA3	TUB	GO_BP	no_proc_ieg	10347
GOBP_REGULATION_OF_SYSTEMIC_ARTERIAL_BLOOD_PRESSURE	-1.1671065253463406	0.16483516483516483	0.532617597694022	26/82	ADM;KLK1;CYP4F12;CALCA;NAV2;SLC2A5;OR51E2;DRD5;SLC4A5;TNNI3;CYP11B2;DRD2;DDAH1;NOX1;NPPA;ADRA1A;ADM2;PDGFB;SERPINF2;GPR37L1;CYP4A11;KL;CRH;P2RX2;ADRB3;CYP4F2	TUB	GO_BP	no_proc_ieg	10347
GOBP_INTRACELLULAR_ZINC_ION_HOMEOSTASIS	-1.1682682323583564	0.2328042328042328	0.5306371631989039	6/22	SLC1A1;SLC39A14;MT1M;MT2A;SLC39A4;MT1X	TUB	GO_BP	no_proc_ieg	10347
GOBP_CEREBELLAR_PURKINJE_CELL_LAYER_DEVELOPMENT	-1.168899792346578	0.2237960339943343	0.5300906008367281	10/21	CEND1;HERC1;RORA;FAIM2;WHRN;ATP7A;LDB1;B4GALT2;LHX5;KLHL1	TUB	GO_BP	no_proc_ieg	10347
GOBP_REGULATION_OF_NUCLEOTIDE_METABOLIC_PROCESS	-1.169322837074195	0.1709090909090909	0.5300438583999612	17/69	PDK4;PFKFB1;TAFAZZIN;GUCA1B;ZBTB20;PRKAG2;ALDOB;NOS2;ADCY10;MLXIPL;SLC4A4;GPD1;GAPDHS;NOS1;CDA;MTOR;INS	TUB	GO_BP	no_proc_ieg	10347
GOBP_MONOSACCHARIDE_METABOLIC_PROCESS	-1.1699386393233024	0.09146341463414634	0.5294715998510982	58/181	PDK4;PFKFB2;IRS1;PFKFB1;GALK2;PRKN;SLC39A14;RORC;G6PC1;KAT2A;PCK1;TPI1;SLC37A4;APOD;ENO3;GNMT;ACACB;ALDOB;ADCY10;SLC2A3;GALK1;TKTL1;CLK2;FBP2;GPD1;GAPDHS;RORA;ALDOC;PPARGC1A;DLAT;FOXA2;PGK2;GCLC;ADIPOR1;KCNQ1;FUT5;INS;ZNF692;SLC25A13;PHKG2;GOT1;ACTN3;ATP1A2;FUT1;INPPL1;FOXO1;PDK2;TKFC;FGGY;DCXR;G6PC2;LEP;POFUT2;RBP4;FUT7;HK3;IRS2;PGAM2	TUB	GO_BP	no_proc_ieg	10347
GOBP_METANEPHROS_DEVELOPMENT	-1.1700202958787638	0.16271186440677965	0.5303856220856703	19/67	ACAT1;BMP7;HES1;GPC3;GLI3;CTNNB1;NPHS2;GREB1L;UMOD;SLC22A6;ITGA8;WWTR1;NKX3-1;PKD1;SMO;LGR4;PDGFB;SIX1;AQP2	TUB	GO_BP	no_proc_ieg	10347
GOBP_DETECTION_OF_MECHANICAL_STIMULUS_INVOLVED_IN_SENSORY_PERCEPTION	-1.1706678138457904	0.2208955223880597	0.5298361323799483	15/25	KIT;FYN;CHRNA10;SCN11A;ASIC3;PHF24;WHRN;KCNQ1;PIEZO2;PDZD7;TNF;ASIC2;KCNA1;CHRNA9;BACE1	TUB	GO_BP	no_proc_ieg	10347
GOBP_EATING_BEHAVIOR	-1.1707365409880566	0.22922636103151864	0.5308140339761349	14/26	GDF15;OPRL1;MC4R;GHSR;HCRT;OXT;ATP8A2;PRLH;CNTN2;LEP;ADRB3;TRH;OPRK1;COL6A1	TUB	GO_BP	no_proc_ieg	10347
GOBP_SENSORY_ORGAN_MORPHOGENESIS	-1.170771019238135	0.08670520231213873	0.5318948711834344	64/183	KCNQ4;RARB;GNAT1;SLC1A1;BMP7;INSIG1;ATOH1;TBX1;STRA6;RARG;TSPAN12;NRL;AHI1;GLI3;CTNNB1;PTK7;VEGFA;FOXF2;SOBP;RPGRIP1;POU4F3;CHRNA10;VAX2;SOX1;ITGA8;FRS2;WNT2;ABI2;EPHB1;ZIC3;CRB1;TENM3;WHRN;KCNQ1;PITX3;HIPK1;HOXC13;USH1C;DIO3;CRYGB;WNT1;MYO7A;SOX11;SIX1;TSKU;ZEB1;ATP8A2;PAX2;FOXG1;GBX2;PRKRA;RHO;GNAT2;TULP1;RBP4;ROM1;FGF9;VSX1;FOXL2;TCAP;YY1;FOXE3;DSCAM;HESX1	TUB	GO_BP	no_proc_ieg	10347
GOBP_INTERMEDIATE_FILAMENT_BASED_PROCESS	-1.1708473866144595	0.140893470790378	0.5328718121712963	15/66	KRT6B;KRT38;KRT75;DST;KRT1;KRT34;KRT76;KRT81;KRT16;NDEL1;KRT9;GFAP;KRT84;KRT17;NES	TUB	GO_BP	no_proc_ieg	10347
GOBP_NEGATIVE_REGULATION_OF_EPITHELIAL_TO_MESENCHYMAL_TRANSITION	-1.1714887187213991	0.225	0.5322783972103938	11/26	MARK1;VEGFA;BMP5;EFNA1;TBX5;FUZ;FOXA2;ADIPOR1;TRIM62;NKX2-1;SMAD7	TUB	GO_BP	no_proc_ieg	10347
GOBP_REGULATION_OF_MUSCLE_SYSTEM_PROCESS	-1.1735896821648404	0.1242603550295858	0.527853406351319	49/173	PPP1R12B;ADRA1B;MYL3;CALCA;CASQ1;TBXA2R;KIT;FOXO3;CHRM2;STC1;RYR2;ACACB;PRKCA;TNNI3;ANK2;ADCY10;CACNB1;GHSR;SETD3;RGS2;PDE9A;TNNC2;TNNI1;ABCC8;SGCA;CALM1;SRF;MYBPH;AKAP6;ROCK2;NPPA;NOS1;KCNQ1;ADRA1A;ZC3H12A;TRPC3;MYOG;ACTN3;ATP1A2;CASQ2;TACR3;FOXO1;CHRNA3;CTNNA3;SCN4A;OXT;NKX2-5;P2RX1;HCN4	TUB	GO_BP	no_proc_ieg	10347
GOBP_POSITIVE_REGULATION_OF_G_PROTEIN_COUPLED_RECEPTOR_SIGNALING_PATHWAY	-1.1772017061805478	0.21568627450980393	0.519777548092844	9/29	PTGDR2;SLC39A14;NECAB2;PHB1;KLK5;PRKCA;PDE6H;DRD2;NOS1	TUB	GO_BP	no_proc_ieg	10347
GOBP_SENSORY_PERCEPTION_OF_PAIN	-1.178157980824492	0.19318181818181818	0.5183307136168361	15/61	RETREG1;OPRPN;CALCA;GRM1;OPRL1;PRDM12;FYN;SMR3A;SCN11A;MC1R;PENK;EPHB1;ASIC3;TMEM100;PHF24	TUB	GO_BP	no_proc_ieg	10347
GOBP_REACTIVE_OXYGEN_SPECIES_BIOSYNTHETIC_PROCESS	-1.1782025978417987	0.19461077844311378	0.519378085816047	10/40	CFLAR;ARG2;ABCB7;UCP1;ABCD1;FOXO3;FYN;ADCY10;CYP1A2;NOX4	TUB	GO_BP	no_proc_ieg	10347
GOBP_CELLULAR_RESPONSE_TO_HEAT	-1.1782689462881692	0.2006172839506173	0.5203575646149635	8/43	CDKN1A;YWHAE;HSPA6;MAPT;STAC;ZFAND1;CLPB;HDAC6	TUB	GO_BP	no_proc_ieg	10347
GOBP_REGULATION_OF_VOLTAGE_GATED_CALCIUM_CHANNEL_ACTIVITY	-1.1787371968388265	0.25252525252525254	0.5203552359893894	14/22	CACNA2D1;STAC;CACNB1;CACNB4;DRD3;DRD2;CALM1;NPPA;CRHR1;GNB5;HPCA;GPR35;CACNB2;DRD4	TUB	GO_BP	no_proc_ieg	10347
GOBP_REGULATION_OF_PEPTIDYL_THREONINE_PHOSPHORYLATION	-1.180452075031618	0.21388888888888888	0.5170177850205813	12/33	PRKAG2;AZU1;ADCY10;CHI3L1;EGF;CALM1;INPP5K;SMAD7;PPP2R5D;SIRT2;SPRY2;RIPK2	TUB	GO_BP	no_proc_ieg	10347
GOBP_REGULATION_OF_STEROID_METABOLIC_PROCESS	-1.182481457821038	0.16541353383458646	0.5130601892752313	31/74	CGA;ADM;LDLR;INSIG1;RORC;CYP27B1;KIT;MBTPS1;NR5A1;FMO5;ABCG4;BMP5;FSHB;SREBF2;RORA;NR0B1;STAR;ACADL;REST;AQP8;DKKL1;LEP;APOE;FGF1;APOA1;ABCB11;WNT4;IFNG;GFI1;EPHX2;PRKG1	TUB	GO_BP	no_proc_ieg	10347
GOBP_STARTLE_RESPONSE	-1.1834699709757268	0.20596205962059622	0.5115581457147745	8/23	PRKN;GRID2;SLC6A3;GLRA1;NPR2;DRD3;PENK;DRD2	TUB	GO_BP	no_proc_ieg	10347
GOBP_GENITALIA_DEVELOPMENT	-1.1840099417629135	0.1894150417827298	0.5113407602863869	15/34	STRA6;ESR1;CTNNB1;GREB1L;FOXF2;BMP5;NPR2;TP63;PKD1;LGR4;HOXD13;HSD17B3;SRD5A2;WT1;RBP4	TUB	GO_BP	no_proc_ieg	10347
GOBP_HORMONE_TRANSPORT	-1.1845210641605795	0.047619047619047616	0.5111503017357015	81/240	CGA;PFKFB2;GNAO1;IRS1;CARTPT;SLCO4A1;PRKN;NR0B2;FZD4;BAIAP3;GHRH;SLC3A2;SLCO1C1;CRYM;RAB3A;KISS1;PRKAR1A;HTR1A;KCNA5;NOS2;RETN;INHA;ENSA;PLA2G6;MC4R;GHSR;CRY2;MTNR1B;CPLX3;ABCC8;EGFR;DRD2;ENY2;SMPD3;FOXA2;CNR1;NKX3-1;IL6;KCNQ1;INS;HFE;NPVF;REST;SOX11;BRSK2;FGF23;FOXO1;CRHR1;ADCYAP1;IL11;CRH;ADCY8;OSM;RAB11FIP3;EPHA5;GIP;TNFSF11;CASR;TRPV6;G6PC2;UCN;LEP;RBP4;SLC17A4;TRH;STX1A;IRS2;GIPR;VGF;OPRK1;KCNB1;PICK1;FOXL2;PTPRN;C1QTNF1;RIMS2;CHGA;GABBR1;IFNG;FFAR2;HNF1A	TUB	GO_BP	no_proc_ieg	10347
GOBP_REGULATION_OF_RESPONSE_TO_OXIDATIVE_STRESS	-1.184542829551871	0.22959183673469388	0.5122512955468628	6/21	BMP7;ADCYAP1R1;GCH1;PRKN;ABCD1;HDAC6	TUB	GO_BP	no_proc_ieg	10347
GOBP_RESPONSE_TO_ORGANOPHOSPHORUS	-1.1858356420720642	0.11403508771929824	0.5100120288632097	33/101	PFKFB1;SLC5A5;HMGCS2;TAF1;PCK1;CNGA3;ASS1;TEK;SLC26A3;SLC6A3;STC1;PER1;ITPR2;EZR;GPD1;NPR2;PENK;SLC6A4;INPP5K;AKAP6;KCNQ1;TRPC3;SDC1;AQP8;OXT;KDM1A;WNT10B;P2RX1;HCN4;P2RX2;P2RX6;WT1;DUOX2	TUB	GO_BP	no_proc_ieg	10347
GOBP_SARCOMERE_ORGANIZATION	-1.1870901456467415	0.20958083832335328	0.5080129195411901	15/36	MYOM2;CASQ1;PRKAR1A;ANKRD1;AKAP13;SRF;MYBPH;MYOM1;MYOZ1;TNNT1;ACTN2;TCAP;MYBPC2;LDB3;TNNT2	TUB	GO_BP	no_proc_ieg	10347
GOBP_CELL_COMMUNICATION_INVOLVED_IN_CARDIAC_CONDUCTION	-1.1876051573976203	0.1853035143769968	0.507887322140692	25/44	CACNA2D1;SCN3B;RYR2;ANK2;KCNA5;TBX5;CALM1;KCNN2;KCNQ1;ATP1A2;CASQ2;KCNE5;CTNNA3;HCN4;CACNA1G;CACNA1C;CACNA1D;ATP1B2;CACNB2;ATP1A3;HRC;SCN5A;RANGRF;KCNJ5;GJC1	TUB	GO_BP	no_proc_ieg	10347
GOBP_REGULATION_OF_BEHAVIOR	-1.1878290964167189	0.1649122807017544	0.5084774619300332	21/54	INSL5;BAIAP3;GHRH;STRA6;AHI1;OPRL1;HTR1A;PER3;RETN;MC4R;GHSR;MTNR1B;MC1R;CSF2;PENK;DRD2;HTR1B;CNR1;MTOR;INS;HTR1D	TUB	GO_BP	no_proc_ieg	10347
GOBP_MULTICELLULAR_ORGANISM_GROWTH	-1.187934484816804	0.11538461538461539	0.5093971542179525	37/111	RARB;ETNK2;G6PC1;SCNN1B;GHRH;KAT2A;SOCS2;GDF15;GPR21;RARG;GH1;SLC6A3;FTO;GHSR;EZR;NPR2;WWTR1;DRD2;HDAC3;SMPD3;RARA;GDF5;MTOR;SMO;DIO3;SPTBN4;ATP8A2;APBA1;TNS2;PEX5;NPPC;PRLH;ATRX;ARID5B;EN1;ADRB3;GHR	TUB	GO_BP	no_proc_ieg	10347
GOBP_NEPHRON_DEVELOPMENT	-1.1883593659450111	0.08482142857142858	0.5093925448070316	31/124	CFLAR;ACAT1;BMP7;CTNNBIP1;MTSS1;KLHL3;NPHS1;HES1;TEK;AHI1;GPC3;GLI3;CTNNB1;NPHS2;GREB1L;PODXL;VEGFA;UMOD;WNT11;KLF15;SLC22A6;WWTR1;IL6R;DCHS2;PKD1;SMO;LGR4;PDGFB;WNT1;SIX1;HEYL	TUB	GO_BP	no_proc_ieg	10347
GOBP_AXO_DENDRITIC_TRANSPORT	-1.1889870043636046	0.18181818181818182	0.5089690859626895	18/53	HAP1;DST;MAPT;DYNC1H1;KIF17;OPA1;HDAC6;RAB21;NDEL1;MAP1A;MAPK8IP3;BLOC1S1;KIF5A;TRIM46;APBA1;DLG2;CALY;KIF1A	TUB	GO_BP	no_proc_ieg	10347
GOBP_REGULATION_OF_NEUROTRANSMITTER_TRANSPORT	-1.1890255429324144	0.13553113553113552	0.5100622042477363	22/67	KCNMB4;CAMK2A;SYN1;PRKN;BAIAP3;RAB3A;PPFIA2;SNCAIP;PRKCG;TSPOAP1;CACNB4;CPLX3;GFAP;DRD3;DRD2;HTR1B;NOS1;KMO;ATP1A2;HCRT;CHRNA3;P2RX1	TUB	GO_BP	no_proc_ieg	10347
GOBP_CAMP_METABOLIC_PROCESS	-1.1895921893661523	0.24210526315789474	0.5097630083254866	16/20	ADCY10;CACNB4;PDE4C;PDE8A;ADCY1;ADCY8;ADCY6;PTHLH;ADCY2;PDE4A;PTH;PDE4B;PDE4D;PDE8B;EPHA2;PDE10A	TUB	GO_BP	no_proc_ieg	10347
GOBP_BROWN_FAT_CELL_DIFFERENTIATION	-1.189720773264598	0.19117647058823528	0.510620978350422	14/38	CEBPB;BMP7;ALDH6A1;UCP1;PIM1;ZBTB7B;FTO;RGS2;PPARGC1A;INS;SIX1;SLC7A10;LEP;ADRB3	TUB	GO_BP	no_proc_ieg	10347
GOBP_FATTY_ACID_METABOLIC_PROCESS	-1.1909320120304718	0.06201550387596899	0.5085706252487008	69/265	PDK4;CYP2A7;ACAT1;IRS1;CYP3A4;PEX7;BDH2;CYP4F12;MMUT;INSIG1;DECR2;ACOT7;PCK1;GDF15;BAAT;ACADSB;APOC3;ABCD1;UCP3;ACLY;PCCA;ACOT11;ACACB;PRKAG2;PLA2G10;HPGD;PNPLA3;FABP1;EPHX1;NAAA;ACAA1;MLXIPL;GHSR;CYP1A2;ACOX3;MECR;PECR;FABP2;ECI2;CYP2C8;ACOX2;ACBD4;PPARGC1A;ALDH3A2;ALOX12;CNR1;ACSM3;ADIPOR1;ACAA2;ELOVL4;INS;ACADL;ELOVL2;OLAH;HADHA;CYP4A11;FMO2;CYP2A13;ALOX15;PDK2;ABCD3;APOA4;ACOT8;LPL;PEX5;CYP2A6;THNSL2;LIPG;GIP	TUB	GO_BP	no_proc_ieg	10347
GOBP_RESPONSE_TO_NERVE_GROWTH_FACTOR	-1.1923249884918925	0.18095238095238095	0.5062673564476763	7/42	HES1;CALCA;KAT2A;GAD2;NTRK3;MAPT;FOXO3	TUB	GO_BP	no_proc_ieg	10347
GOBP_SLEEP	-1.1923330947990733	0.2	0.5074351637993101	10/15	GHRH;PER3;MTNR1B;CSF2;DRD2;CACNA1I;HCRT;CRH;CHRNB2;GRIN2A	TUB	GO_BP	no_proc_ieg	10347
GOBP_ICOSANOID_TRANSPORT	-1.1924803205909194	0.16993464052287582	0.508245809145284	26/54	SLCO4A1;SSTR4;PLA2G2E;PLA2G10;NOS2;SLC22A6;ABCC2;DRD3;DRD2;PLA2G2D;BDKRB2;SLC22A8;CYP4A11;MAP2K6;OXT;TNFSF11;LEP;CYP4F2;SLC22A1;PLA2G2F;NTSR1;PLA2G5;SLC22A11;IL1A;DRD4;PLA2R1	TUB	GO_BP	no_proc_ieg	10347
GOBP_ADAPTIVE_THERMOGENESIS	-1.1927214514629296	0.10810810810810811	0.5088811592852833	37/133	DDIT3;ESRRG;CEBPB;GPR3;ACOT13;G0S2;UCP1;FGF21;DIO2;ALPL;DYNC1H1;UCP3;ZBTB7B;ACOT11;GATM;ACHE;VEGFA;PHOX2B;SCTR;MC4R;PEMT;SLC25A4;HDAC3;PPARGC1A;PLCL1;SLC25A44;ADIPOR1;DBH;ACADL;LGR4;ACTN3;HCRT;ADCYAP1;MAP2K6;OXT;KDM1A;WNT10B	TUB	GO_BP	no_proc_ieg	10347
GOBP_REGULATION_OF_CYCLASE_ACTIVITY	-1.193233459689766	0.18787878787878787	0.5087458240266644	24/41	GUCA1B;DRD5;NOS2;DRD3;DRD2;LGR5;GRM2;NOS1;GRM3;CALCR;MAPK8;LGR4;FSHR;CRHR1;ADCYAP1;CACNA1C;CACNA1D;GIPR;LTB4R2;DRD1;ADORA2B;GALR1;GLP1R;GUCA1A	TUB	GO_BP	no_proc_ieg	10347
GOBP_KERATINOCYTE_DIFFERENTIATION	-1.194615288382781	0.15163934426229508	0.5063520265597377	21/99	EXPH5;CFLAR;SPRR3;TGM1;KRT6B;CDKN1A;KRT75;KRT1;CYP27B1;KLK5;REG3A;KRT76;KRT81;KRT16;FOXN1;VDR;PIP5K1A;AQP3;KRT84;KRT17;TP63	TUB	GO_BP	no_proc_ieg	10347
GOBP_WOUND_HEALING_SPREADING_OF_EPIDERMAL_CELLS	-1.1946831125893178	0.21079691516709512	0.5073508986734754	2/20	FERMT2;HBEGF	TUB	GO_BP	no_proc_ieg	10347
GOBP_HOMOPHILIC_CELL_ADHESION_VIA_PLASMA_MEMBRANE_ADHESION_MOLECULES	-1.2001131293945233	0.1037344398340249	0.4945965489832501	48/93	PCDHGA11;CELSR3;PCDH9;PCDHGA9;FAT2;CDH9;PCDH1;CDH18;PTK7;PCDHGB6;PCDHB8;PCDH7;CEACAM6;CDH4;TENM3;DCHS2;PTPRT;PKD1;PTPRR;CDHR2;PCDH11X;PLXNB3;PCDHGA10;CNTN2;CDH19;CDH10;CDH8;CADM3;PCDHB1;DSC1;DSC3;PCDHA6;DSCAM;CDHR5;PCDHGB5;PCDHB12;PCDHA5;NECTIN1;RET;CDH15;CDHR1;L1CAM;PCDHGC3;DCHS1;SDK2;PCDHA3;CDH17;CELSR1	TUB	GO_BP	no_proc_ieg	10347
GOBP_INORGANIC_ION_HOMEOSTASIS	-1.2005150966589364	0.0	0.4947215810759567	108/384	DDIT3;SLC12A3;ATP6V1A;CNNM2;EPB42;GPR3;BDH2;SLC1A1;CYP4F12;ABCB7;HAP1;KLHL3;CALML3;HCRTR1;TFRC;ATP12A;SLC31A2;SLC39A14;SCGN;MCUR1;ELANE;CYP27B1;SCNN1B;CALCA;TRPM2;CASQ1;YWHAE;ALPL;PLCH2;GRM1;MT1M;STC1;STOML2;RYR2;RHD;DRD5;SLC31A1;RHCG;TNNI3;ANK2;KCNA5;KCNH2;UMOD;TRPC6;XCR1;TSPOAP1;JPH3;ITPR2;RHBG;CACNB4;VDR;CYP11B2;SLC34A1;HPX;MT2A;SLC24A2;JPH2;DRD3;DRD2;HTR1B;CALM1;SLC39A4;CNR1;AKAP6;BOLA1;FZD9;NOS1;CALB2;KCNQ1;ATP7A;GP9;MT1X;TRPC3;HFE;TMEM94;ATP1B3;CUTC;ATP2B2;GDF2;CYP4A11;ATP4A;ATP1A2;UPK3A;CASQ2;MICU1;FGF23;PLCG1;CCL1;TRPV5;SLC17A7;BDKRB1;EIF2AK1;CCL13;OTC;KL;P2RX1;NPPC;ADCY8;TNFSF11;MT4;SLC8A2;CASR;TRPV6;GRIN1;TMBIM6;PRNP;APOE;CYP4F2	TUB	GO_BP	no_proc_ieg	10347
GOBP_LIGAND_GATED_ION_CHANNEL_SIGNALING_PATHWAY	-1.2008649787697	0.21703296703296704	0.4951117784422182	11/23	GRIK5;GRIK4;GRIN2B;GRIK3;GRIN1;FFAR2;GRIN2A;F2RL2;GRIA4;ITPR1;F2	TUB	GO_BP	no_proc_ieg	10347
GOBP_REGULATION_OF_TUBE_SIZE	-1.2010861268402568	0.10185185185185185	0.4957610215254422	54/126	ADM;ADRA1B;KCNMB4;GCH1;SCNN1B;CALCA;KNG1;TBXA2R;SNTA1;DRD5;HTR1A;KCNA5;VEGFA;ITGA9;ADRA1D;RGS2;HTR7;MTNR1B;EGFR;HTR1B;CRP;BDKRB2;SLC6A4;ROCK2;GCLC;NPPA;NOS1;ADRA1A;INS;HTR1D;DBH;SERPINF2;ATP1A2;P2RX1;NPPC;CASR;UCN;LEP;APOE;ADRB3;KCNMB1;KEL;ADCY6;DRD1;PRKG1;ADORA2B;HRH2;NTS;ECE1;KCNMB2;AVP;EDN3;TNF;KCNMA1	TUB	GO_BP	no_proc_ieg	10347
GOBP_MESONEPHRIC_TUBULE_MORPHOGENESIS	-1.201728903313637	0.1610738255033557	0.495274844361128	20/50	CTNNBIP1;HES1;GPC3;GLI3;CTNNB1;GREB1L;VEGFA;WNT11;SMO;LGR4;WNT1;SIX1;PAX2;WT1;KIF26B;FGF1;WNT4;CITED1;TMEM59L;WNT6	TUB	GO_BP	no_proc_ieg	10347
GOBP_KETONE_BIOSYNTHETIC_PROCESS	-1.2020369324096005	0.1781609195402299	0.4956772910426205	11/33	ADM;TPI1;COQ6;BMP5;FSHB;CYP11B2;COQ8A;REST;HSD17B3;DKKL1;SRD5A2	TUB	GO_BP	no_proc_ieg	10347
GOBP_PYRIDINE_CONTAINING_COMPOUND_METABOLIC_PROCESS	-1.2027754953939072	0.10526315789473684	0.49506442828159763	33/126	NOCT;PFKFB2;KYNU;PFKFB1;PNP;OGDH;ALDH1L1;TPI1;ALPL;ENO3;ZBTB20;NMNAT2;PNPO;ACACB;PRKAG2;FMO5;NMRK2;ALDOB;SARM1;MLXIPL;GALK1;SLC4A4;GPD1;GAPDHS;NOX1;ALDOC;HAAO;PGK2;MTOR;INS;KMO;FMO2;ACTN3	TUB	GO_BP	no_proc_ieg	10347
GOBP_STRIATED_MUSCLE_CELL_DEVELOPMENT	-1.2042891135123235	0.13553113553113552	0.49244697516100355	22/59	CFLAR;MYOM2;CASQ1;PRKAR1A;ANKRD1;AKAP13;ACTL8;SRF;MYBPH;ACTA1;MYOM1;ACTC1;SDC1;MYOZ1;NKX2-5;TNNT1;ACTN2;TCAP;NEBL;MYBPC2;LDB3;TNNT2	TUB	GO_BP	no_proc_ieg	10347
GOBP_KILLING_BY_HOST_OF_SYMBIONT_CELLS	-1.2051165277674232	0.23544973544973544	0.49157921143510835	5/19	HRG;ELANE;SCNN1B;CFHR5;AZU1	TUB	GO_BP	no_proc_ieg	10347
GOBP_ENDOCRINE_SYSTEM_DEVELOPMENT	-1.207810548077491	0.07407407407407407	0.4860837119592904	33/113	CGA;HES1;NKX2-2;GHRH;TBX1;TG;STRA6;SLC6A3;ASCL1;NR5A1;BMP5;WNT11;PROP1;GLI1;DRD2;SRF;LHX3;FOXA2;INSM1;IL6;IL6R;NR0B1;SMO;SIX1;CRHR1;CRH;NKX2-5;NKX2-1;GIP;ARID5B;PITX1;WT1;POU1F1	TUB	GO_BP	no_proc_ieg	10347
GOBP_OLEFINIC_COMPOUND_BIOSYNTHETIC_PROCESS	-1.207938658091165	0.20924574209245742	0.48694812186051745	11/19	ADM;BMP5;FSHB;CYP11B2;REST;HSD17B3;DKKL1;SRD5A2;WNT4;PRKG1;CYP11B1	TUB	GO_BP	no_proc_ieg	10347
GOBP_CELL_FATE_COMMITMENT	-1.209223121054308	0.06395348837209303	0.4848422202975063	60/192	PRDM14;TBXT;TAL1;ATOH1;HES1;NKX2-2;ETS2;TBX1;TRIM15;NEUROD4;IL23A;OPA1;GLI3;ASCL1;CTNNB1;IFRD1;CHD4;WNT11;TBX4;FOXN1;MCL1;FEV;SOX1;NFIB;TBX5;MYT1L;WNT8B;TBR1;WNT2;FOXP3;CTSL;LHX3;FOXA2;IL6;RARA;IL6R;MYF6;TEAD3;DLX2;MTOR;SMO;WNT1;MYOG;SIX1;RTF1;PTCH2;CYLD;WNT10B;NKX2-5;NKX2-1;PAX2;FOXG1;LATS1;LMO4;PITX1;MYF5;OLIG2;SOX5;WT1;MYOD1	TUB	GO_BP	no_proc_ieg	10347
GOBP_NEGATIVE_REGULATION_OF_REACTIVE_OXYGEN_SPECIES_METABOLIC_PROCESS	-1.20956631448384	0.1994750656167979	0.48509447661890853	7/36	CFLAR;ABCB7;PRKN;ABCD1;HDAC6;FYN;ADCY10	TUB	GO_BP	no_proc_ieg	10347
GOBP_ORGANIC_HYDROXY_COMPOUND_BIOSYNTHETIC_PROCESS	-1.210395622824253	0.04895104895104895	0.48430764336276144	65/180	IDI1;CYP3A4;HMGCS2;ADCYAP1R1;INSIG1;GCH1;QDPR;CYP27B1;ITPKB;EBP;FDPS;PCK1;BAAT;MBTPS1;ACLY;SLC6A3;PNPO;NPC1L1;PRKAG2;ABCG4;BMP5;DHDDS;SQLE;CYP11B2;SREBF2;DDC;MC1R;HDC;SLC45A2;ACOX2;OCA2;ALOX12;INSM1;STAR;ATP7A;ACAA2;DCT;DBH;GOT1;REST;PNMT;ALOX15;ABCD3;HSD17B3;ACOT8;AQP8;KL;DKKL1;SRD5A2;LEP;SC5D;APOE;PMEL;PCBD1;HAND2;FGF1;APOA1;ABCB11;WNT4;CITED1;IFNG;HMGCR;GFI1;CD244;MVK	TUB	GO_BP	no_proc_ieg	10347
GOBP_POSITIVE_REGULATION_OF_BEHAVIOR	-1.2108403071628377	0.23157894736842105	0.48437821026823746	11/17	INSL5;GHRH;STRA6;GHSR;MTNR1B;MC1R;PENK;CRH;UCN;OPRK1;GRPR	TUB	GO_BP	no_proc_ieg	10347
GOBP_BILE_ACID_AND_BILE_SALT_TRANSPORT	-1.2114716531498206	0.1913265306122449	0.4839581018220856	8/20	NR0B2;SLC10A1;SLCO1C1;SLC10A3;ABCC2;SLC10A2;SLCO1A2;ABCD3	TUB	GO_BP	no_proc_ieg	10347
GOBP_PURINE_CONTAINING_COMPOUND_CATABOLIC_PROCESS	-1.2145485566871286	0.10441767068273092	0.4776206427915977	26/112	PFKFB2;ACAT1;PFKFB1;PNP;OGDH;XDH;ACOT7;TPI1;ABCD1;ENO3;ZBTB20;PRKAG2;ALDOB;SARM1;MLXIPL;GALK1;SLC4A4;PDE9A;GPD1;GAPDHS;PDE4C;ALDOC;PGK2;MTOR;INS;PDE8A	TUB	GO_BP	no_proc_ieg	10347
GOBP_CELL_DIFFERENTIATION_INVOLVED_IN_METANEPHROS_DEVELOPMENT	-1.2145540562830852	0.22276029055690072	0.47879508273967414	7/20	CTNNB1;NPHS2;WWTR1;SMO;PDGFB;PAX2;WNT4	TUB	GO_BP	no_proc_ieg	10347
GOBP_PEROXISOME_ORGANIZATION	-1.2161870080979482	0.1871508379888268	0.4758454147671498	9/24	PEX7;ABCD1;PEX5L;PEX10;PEX26;ABCD3;ACOT8;PEX5;PEX19	TUB	GO_BP	no_proc_ieg	10347
GOBP_REGULATION_OF_FIBRINOLYSIS	-1.2166630721674263	0.18527315914489312	0.4757869945860285	6/17	HRG;KLKB1;APOH;PLG;F11;SERPINE1	TUB	GO_BP	no_proc_ieg	10347
GOBP_SMALL_MOLECULE_BIOSYNTHETIC_PROCESS	-1.2170000752211176	0.012987012987012988	0.47610257311594567	109/420	IDI1;AASS;PDK4;ADM;KYNU;PFKFB1;CYP3A4;GLUD2;HMGCS2;ADCYAP1R1;INSIG1;GCH1;DECR2;UROS;SLC39A14;PRG3;G6PC1;PNP;QDPR;SHMT1;GLS2;CYP27B1;ITPKB;KAT2A;EBP;ACOT7;FDPS;PCK1;GAD2;BHMT2;TPI1;SLC37A4;ASS1;BAAT;APOC3;ABCD1;MBTPS1;ENO3;ACLY;GNMT;PNPO;NPC1L1;ACACB;COQ6;PRKAG2;PLA2G10;GATM;ALDOB;ABCG4;BMP5;DHDDS;MLXIPL;ADK;FSHB;SLC19A2;CLK2;CYP1A2;CYP11B2;THTPA;SREBF2;MECR;PECR;FBP2;GPD1;CYP2C8;UPB1;AGXT;ACOX2;COQ8A;ALDOC;PPARGC1A;HAAO;ALOX12;PGK2;ACSM3;ACSS3;STAR;MTR;ACAA2;ELOVL4;GLS;INS;ZNF692;OAT;DBH;SLC25A13;ACADL;ELOVL2;GOT1;OLAH;CYP4A11;KMO;REST;FOXO1;ALOX15;PDK2;ABCD3;MPO;APOA4;OTC;PYCR1;HSD17B3;ACOT8;AQP8;LPL;DKKL1;SRD5A2;THNSL2;LIPG	TUB	GO_BP	no_proc_ieg	10347
GOBP_RESPONSE_TO_VITAMIN_D	-1.21716142210928	0.1511627906976744	0.47692378858653744	9/33	BMP7;CYP27B1;ALPL;PIM1;STC1;RXRA;VDR;AQP3;PENK	TUB	GO_BP	no_proc_ieg	10347
GOBP_RESPONSE_TO_PURINE_CONTAINING_COMPOUND	-1.2188367173101988	0.08558558558558559	0.47406312315724114	36/113	PFKFB1;SLC5A5;HMGCS2;TAF1;TRPM2;PCK1;CNGA3;ASS1;TEK;SLC26A3;SLC6A3;STC1;RYR2;PER1;ITPR2;EZR;GPD1;NPR2;PENK;SLC6A4;INPP5K;AKAP6;KCNQ1;TRPC3;SDC1;CASQ2;AQP8;OXT;KDM1A;WNT10B;P2RX1;HCN4;P2RX2;P2RX6;WT1;DUOX2	TUB	GO_BP	no_proc_ieg	10347
GOBP_EMBRYONIC_HINDLIMB_MORPHOGENESIS	-1.2223106676729423	0.17989417989417988	0.46654133233971495	7/24	RARB;RARG;GPC3;ZBTB16;CTNNB1;TBX4;TP63	TUB	GO_BP	no_proc_ieg	10347
GOBP_HINDBRAIN_MORPHOGENESIS	-1.223344191742626	0.18028169014084508	0.46536378192939903	13/34	HES1;CEND1;HERC1;GRID2;GLI1;RORA;FAIM2;WHRN;ATP7A;DAB1;SMO;WNT1;LDB1	TUB	GO_BP	no_proc_ieg	10347
GOBP_POSITIVE_REGULATION_OF_MUSCLE_HYPERTROPHY	-1.225768197592545	0.1909814323607427	0.46053396313825395	7/20	PRKCA;ADCY10;PDE9A;AKAP6;ROCK2;ADRA1A;TRPC3	TUB	GO_BP	no_proc_ieg	10347
GOBP_SPINAL_CORD_DEVELOPMENT	-1.2263441741392473	0.12734082397003746	0.46036170444891983	34/61	TAL1;NKX2-2;GLI3;ASCL1;SOX1;FOXB1;ABT1;PHOX2A;ZC4H2;SLIT1;LHX3;DYNC2H1;PKD1;DAB1;SMO;WNT1;SOX11;DCC;LMO4;OLIG2;ERCC2;LBX1;SOX13;LHX5;GLI2;MNX1;ADARB1;CHRD;GDF11;ISL1;NEUROG3;NOTCH1;CD320;TCTN1	TUB	GO_BP	no_proc_ieg	10347
GOBP_AXIS_SPECIFICATION	-1.2264382213128084	0.13694267515923567	0.4613287009021749	21/68	DDIT3;CDX1;TBXT;ETS2;LEFTY1;AHI1;GPC3;STC1;CTNNB1;VAX2;FRS2;PCSK6;ZIC3;CDX4;SRF;FOXA2;SMO;WNT1;CER1;LDB1;LEFTY2	TUB	GO_BP	no_proc_ieg	10347
GOBP_CARDIAC_MYOFIBRIL_ASSEMBLY	-1.2276228475877549	0.20052083333333334	0.45979219614947175	12/15	SRF;ACTC1;NKX2-5;TCAP;NEBL;PDGFRA;CSRP3;NRAP;MYL2;PDGFRB;NEB;PROX1	TUB	GO_BP	no_proc_ieg	10347
GOBP_RIG_I_SIGNALING_PATHWAY	-1.228059824972849	0.1912568306010929	0.4599682177712132	6/23	SEC14L1;PHB1;TRIM15;GPATCH3;CLPB;DHX58	TUB	GO_BP	no_proc_ieg	10347
GOBP_AMINE_TRANSPORT	-1.2282821353111584	0.11969111969111969	0.46062936828043155	43/76	CARTPT;PRKN;RHCG;SLC43A1;GHSR;RGS2;SLC38A3;DRD3;DRD2;GRM2;HTR1B;CNR1;GRM7;KMO;ATP1A2;CHRNA3;AQP8;OXT;CRH;CHRNA6;LEP;CHRNA4;TRH;STX1A;SDHD;OPRK1;KCNB1;CHRNB2;CHGA;GABBR1;DRD1;PRKG1;AVP;NTSR1;TNF;ABAT;SLC18A3;DRD4;ADRA2B;RHAG;SV2A;SNCG;PER2	TUB	GO_BP	no_proc_ieg	10347
GOBP_ACROSOME_REACTION	-1.2285666879532129	0.20147420147420148	0.4611474319687417	14/20	CCDC87;RAB3A;PLA2G10;GLRA1;ZP2;PKDREJ;SERPINA10;AKAP3;HYAL3;RIMS1;CRISP1;TNP2;UNC13B;PRND	TUB	GO_BP	no_proc_ieg	10347
GOBP_SENSORY_PERCEPTION_OF_TASTE	-1.229492065203844	0.16615384615384615	0.46009278600592285	22/38	TAS2R16;GNAT1;SCNN1B;TAS2R4;GNG13;TAS2R1;TAS2R10;REEP2;AZGP1;ASIC3;WNT10B;P2RX2;TAS2R8;GNAT2;CST1;CA6;TAS2R9;ASIC1;CST2;LPO;TAS2R7;SCNN1A	TUB	GO_BP	no_proc_ieg	10347
GOBP_POSITIVE_REGULATION_OF_TYROSINE_PHOSPHORYLATION_OF_STAT_PROTEIN	-1.2295432409440228	0.13804713804713806	0.46116366786768875	25/49	HES1;PTK6;KIT;GH1;IL23A;FYN;IL24;HPX;CSF2;CSHL1;IL6;IL6R;CTF1;EPO;OSM;LEP;GHR;GH2;IL4;IFNG;CLCF1;IL13;IL3;TNF;IL2	TUB	GO_BP	no_proc_ieg	10347
GOBP_THYROID_GLAND_DEVELOPMENT	-1.2318916097679882	0.1671309192200557	0.45676845943166705	7/27	CGA;TBX1;TG;SRF;SIX1;NKX2-5;NKX2-1	TUB	GO_BP	no_proc_ieg	10347
GOBP_PEPTIDE_BIOSYNTHETIC_PROCESS	-1.2337825666041096	0.2	0.4534881270422239	4/19	BDH2;SLC1A1;ELANE;HAGH	TUB	GO_BP	no_proc_ieg	10347
GOBP_CEREBRAL_CORTEX_NEURON_DIFFERENTIATION	-1.2347201964899144	0.19130434782608696	0.45239074625081926	11/21	CHD5;HES1;ASCL1;RAC3;DRD2;DLX2;NKX2-1;PEX5;ZNF335;ID4;DRD1	TUB	GO_BP	no_proc_ieg	10347
GOBP_POSITIVE_REGULATION_OF_COLD_INDUCED_THERMOGENESIS	-1.2352114293166696	0.11196911196911197	0.4524168160144053	24/77	ESRRG;CEBPB;GPR3;G0S2;UCP1;FGF21;DIO2;ALPL;DYNC1H1;ZBTB7B;GATM;ACHE;VEGFA;PHOX2B;PEMT;HDAC3;PPARGC1A;ADIPOR1;DBH;ACADL;HCRT;ADCYAP1;OXT;KDM1A	TUB	GO_BP	no_proc_ieg	10347
GOBP_NEPHRON_EPITHELIUM_DEVELOPMENT	-1.2356530760551434	0.09205020920502092	0.45260977857759666	25/92	ACAT1;CTNNBIP1;MTSS1;KLHL3;NPHS1;HES1;AHI1;GPC3;GLI3;CTNNB1;NPHS2;GREB1L;PODXL;VEGFA;UMOD;WNT11;KLF15;SLC22A6;WWTR1;PKD1;SMO;LGR4;WNT1;SIX1;HEYL	TUB	GO_BP	no_proc_ieg	10347
GOBP_REGULATION_OF_CILIUM_MOVEMENT	-1.2370917457448236	0.16348773841961853	0.45053048619388153	6/20	PRDM14;CFAP298;CFAP45;DNAAF1;TACR3;CLXN	TUB	GO_BP	no_proc_ieg	10347
GOBP_PITUITARY_GLAND_DEVELOPMENT	-1.237983663752805	0.14739884393063585	0.44964600870112675	13/35	HES1;GHRH;SLC6A3;PROP1;GLI1;DRD2;LHX3;NR0B1;NKX2-1;PITX1;POU1F1;WNT4;HESX1	TUB	GO_BP	no_proc_ieg	10347
GOBP_RENAL_TUBULAR_SECRETION	-1.2391175363034448	0.1875	0.4479577096659238	4/16	STC1;UMOD;SLC22A6;DRD2	TUB	GO_BP	no_proc_ieg	10347
GOBP_DETECTION_OF_MECHANICAL_STIMULUS	-1.2397300867465342	0.14465408805031446	0.4476411902578562	12/36	KIT;CTNNB1;FYN;PKDREJ;CHRNA10;SCN11A;ASIC3;PHF24;ANO3;WHRN;KCNQ1;PKD1	TUB	GO_BP	no_proc_ieg	10347
GOBP_EPIDERMAL_CELL_DIFFERENTIATION	-1.2411288767872926	0.05687203791469194	0.4454760719414534	46/141	EXPH5;CFLAR;SPRR3;TGM1;MAFG;KRT6B;CDKN1A;KRT75;ATOH1;HES1;KRT1;CYP27B1;KLK5;REG3A;CTNNB1;SPINK5;KRT76;KRT81;KRT16;FOXN1;GLI1;POU4F3;VDR;PIP5K1A;AQP3;KRT84;KRT17;TP63;SLC4A7;ROCK2;WHRN;KCNQ1;IVL;CDSN;USH1C;MSX2;MYO7A;SGPP1;SULT2B1;PTCH2;EXTL3;KRT2;EVPL;LATS1;POU2F3;SHARPIN	TUB	GO_BP	no_proc_ieg	10347
GOBP_MONOATOMIC_ION_HOMEOSTASIS	-1.2414825608441096	0.014492753623188406	0.4458467825985297	120/434	DDIT3;PDK4;SLC12A3;ATP6V1A;CNNM2;EPB42;GPR3;BDH2;SLC1A1;CHP1;CYP4F12;ABCB7;HAP1;KLHL3;CALML3;HCRTR1;TFRC;ATP12A;SLC31A2;SLC39A14;SLC9A2;SCGN;MCUR1;ELANE;CYP27B1;SCNN1B;CALCA;TRPM2;RAB20;CASQ1;YWHAE;SLC4A3;ALPL;PLCH2;SLC26A3;GRM1;MT1M;STC1;STOML2;RYR2;DRD5;SLC31A1;RHCG;SLC4A5;TNNI3;ANK2;KCNA5;KCNH2;UMOD;TRPC6;CA7;XCR1;TSPOAP1;JPH3;ITPR2;CACNB4;SLC4A4;VDR;CYP11B2;HPX;MT2A;SLC24A2;SLC9A5;JPH2;CA2;DRD3;DRD2;HTR1B;SLC45A2;CALM1;SLC39A4;OCA2;SLC4A7;CNR1;AKAP6;BOLA1;FZD9;NOS1;SLC9A3;CALB2;KCNQ1;ATP7A;GP9;MT1X;TM9SF4;TRPC3;HFE;TMEM94;ATP1B3;CUTC;ATP2B2;GDF2;CYP4A11;ATP4A;ATP1A2;UPK3A;CASQ2;MICU1;FGF23;PLCG1;CCL1;TRPV5;PDK2;BDKRB1;EIF2AK1;CCL13;OTC;KL;CRH;P2RX1;NPPC;ADCY8;TNFSF11;MT4;SLC8A2;CASR;TRPV6;GRIN1;TMBIM6;PRNP	TUB	GO_BP	no_proc_ieg	10347
GOBP_GLUCOSE_CATABOLIC_PROCESS	-1.241917060166849	0.18406593406593408	0.44603171329147284	10/21	PFKFB2;TPI1;ENO3;ADCY10;TKTL1;PGK2;ACTN3;HK3;PGAM2;PGK1	TUB	GO_BP	no_proc_ieg	10347
GOBP_REGULATION_OF_GLUCOSE_METABOLIC_PROCESS	-1.2419308880567386	0.13454545454545455	0.44720382721048374	19/69	PDK4;IRS1;PRKN;RORC;KAT2A;GNMT;ACACB;ADCY10;CLK2;RORA;PPARGC1A;FOXA2;ADIPOR1;INS;ZNF692;PHKG2;ACTN3;FOXO1;PDK2	TUB	GO_BP	no_proc_ieg	10347
GOBP_NEUROEPITHELIAL_CELL_DIFFERENTIATION	-1.244315602470825	0.1565217391304348	0.4428237401254681	9/31	CEBPB;HES1;NKX2-2;ASCL1;CTNNB1;WNT11;SERPINE1;LHX3;INSM1	TUB	GO_BP	no_proc_ieg	10347
GOBP_MONOAMINE_TRANSPORT	-1.245395108213855	0.0996309963099631	0.44167997356973737	34/66	GNAT1;CARTPT;PRKN;SLC6A3;CHRM5;HTR1A;GHSR;DRD3;DRD2;GRM2;HTR1B;SLC6A4;CNR1;NOS1;OXT;CRH;P2RX1;CHRNA6;SLC6A2;CHRNA4;STX1A;SDHD;OPRK1;KCNB1;PICK1;CHRNB2;CHGA;GABBR1;DRD1;SLC22A1;ABAT;SLC18A3;DRD4;ADRA2B	TUB	GO_BP	no_proc_ieg	10347
GOBP_VASOCONSTRICTION	-1.2458197076104027	0.078125	0.44183452753150043	21/76	ADM;ADRA1B;KCNMB4;SCNN1B;TBXA2R;SNTA1;DRD5;HTR1A;KCNA5;ITGA9;ADRA1D;HTR7;MTNR1B;EGFR;HTR1B;CRP;BDKRB2;SLC6A4;ADRA1A;HTR1D;DBH	TUB	GO_BP	no_proc_ieg	10347
GOBP_SERTOLI_CELL_DIFFERENTIATION	-1.24604212772022	0.18461538461538463	0.44253973155897686	12/19	NR5A1;FER;RARA;NR0B1;SDC1;ATRX;WNT4;IL1A;DMRT1;ARID4A;SAFB2;TCF21	TUB	GO_BP	no_proc_ieg	10347
GOBP_EMBRYONIC_DIGESTIVE_TRACT_DEVELOPMENT	-1.248031918353487	0.14945652173913043	0.4391533461784804	12/26	RARB;STRA6;GLI3;FOXF2;FOXF1;VPS52;SOX11;FGF9;TNF;PDGFRA;GLI2;RARRES2	TUB	GO_BP	no_proc_ieg	10347
GOBP_MEMBRANE_DEPOLARIZATION_DURING_ACTION_POTENTIAL	-1.2491024004446851	0.14857142857142858	0.43796275150347697	11/23	CACNA2D1;SCN3B;ANK2;KCNH2;SCN11A;SCN2B;ATP1A2;HCN4;CACNA1G;CACNA1C;CACNA1D	TUB	GO_BP	no_proc_ieg	10347
GOBP_MESONEPHROS_DEVELOPMENT	-1.25019403529763	0.08487084870848709	0.4367077635021055	21/77	ARG2;RARB;BMP7;CTNNBIP1;HES1;GPC3;ZBTB16;GLI3;CTNNB1;GREB1L;VEGFA;CAT;WNT11;RARA;PKD1;SMO;LGR4;WNT1;SDC1;CER1;SIX1	TUB	GO_BP	no_proc_ieg	10347
GOBP_PARASYMPATHETIC_NERVOUS_SYSTEM_DEVELOPMENT	-1.2506508646391847	0.19010416666666666	0.4368477264083897	8/17	HES1;TBX1;NAV2;PHOX2B;ACKR3;PHOX2A;HOXB1;SIX1	TUB	GO_BP	no_proc_ieg	10347
GOBP_GLANDULAR_EPITHELIAL_CELL_DIFFERENTIATION	-1.2507415347700557	0.14492753623188406	0.43782759786601433	13/54	RARB;HES1;NKX2-2;RARG;ASCL1;CTNNB1;BMP5;NFIB;TP63;LHX3;INSM1;RARA;SMO	TUB	GO_BP	no_proc_ieg	10347
GOBP_MEMBRANE_DEPOLARIZATION	-1.2510919756264918	0.13565891472868216	0.4382171079408498	35/76	CHRNE;ALB;CACNA2D1;CHRND;SCN3B;ABCD1;NEDD4L;ANK2;KCNH2;PHOX2B;ADCY10;CHRNA10;SCN11A;TBX5;SCN2B;CHRNA2;CACNG2;BEST2;SLC6A4;CHRNG;FZD9;GCLC;ATP1A2;CHRNA3;CHRNA1;HCN4;CHRNA6;SMAD7;CACNA1G;CHRNA4;CACNA1C;CACNA1D;COL6A1;CHRNB2;MYOC	TUB	GO_BP	no_proc_ieg	10347
GOBP_NEGATIVE_REGULATION_OF_STEM_CELL_PROLIFERATION	-1.2535586425015028	0.19736842105263158	0.43366615874612857	5/15	RARB;RARG;GLI3;WNT11;NFIB	TUB	GO_BP	no_proc_ieg	10347
GOBP_REGULATION_OF_ICOSANOID_SECRETION	-1.2546050090905627	0.1712707182320442	0.4323879815089426	11/21	SSTR4;PLA2G10;CYP4A11;MAP2K6;OXT;TNFSF11;CYP4F2;NTSR1;IL1A;PLA2R1;PLA2G3	TUB	GO_BP	no_proc_ieg	10347
GOBP_REGULATION_OF_DOPAMINE_SECRETION	-1.2549728158828077	0.1554959785522788	0.4328089477647373	11/21	PRKN;DRD3;DRD2;GRM2;HTR1B;CNR1;CHRNA6;CHRNA4;OPRK1;CHRNB2;GABBR1	TUB	GO_BP	no_proc_ieg	10347
GOBP_DEVELOPMENT_OF_PRIMARY_FEMALE_SEXUAL_CHARACTERISTICS	-1.2557078296101363	0.09236947791164658	0.4323068809471684	17/88	CGA;AFP;CEBPB;ADCYAP1R1;FZD4;UBB;FST;KIT;ESR1;FOXO3;ANG;NR5A1;MSH4;VEGFA;RETN;INHA;FSHB	TUB	GO_BP	no_proc_ieg	10347
GOBP_RETINOIC_ACID_RECEPTOR_SIGNALING_PATHWAY	-1.2567266365843728	0.14	0.4311106897393652	5/27	ESRRG;RARB;TBX1;RARG;RXRA	TUB	GO_BP	no_proc_ieg	10347
GOBP_GASTRULATION_WITH_MOUTH_FORMING_SECOND	-1.257206802955918	0.17346938775510204	0.43121621641514135	9/19	TBXT;ETS2;CTNNB1;FRS2;ZIC3;SRF;FOXA2;LDB1;ACVR2A	TUB	GO_BP	no_proc_ieg	10347
GOBP_NEGATIVE_REGULATION_OF_PEPTIDE_SECRETION	-1.2578727801933771	0.14450867052023122	0.4309903922069449	16/35	GNAO1;IRS1;CARTPT;PRKN;GHSR;MTNR1B;ABCC8;DRD2;ENY2;REST;FOXO1;CRH;LEP;KCNB1;CHGA;FFAR2	TUB	GO_BP	no_proc_ieg	10347
GOBP_ENTRAINMENT_OF_CIRCADIAN_CLOCK	-1.2580904629796696	0.1763085399449036	0.43169599291519983	5/20	BHLHE40;USP2;PER3;PER1;CRY2	TUB	GO_BP	no_proc_ieg	10347
GOBP_AMINO_ACID_BIOSYNTHETIC_PROCESS	-1.2589819505389768	0.11578947368421053	0.43080259616807987	20/52	AASS;GLUD2;SHMT1;GLS2;GAD2;BHMT2;ASS1;UPB1;AGXT;MTR;GLS;OAT;GOT1;OTC;PYCR1;BHMT;DPYD;PCBD1;CTH;GAD1	TUB	GO_BP	no_proc_ieg	10347
GOBP_POSITIVE_REGULATION_OF_SUBSTRATE_ADHESION_DEPENDENT_CELL_SPREADING	-1.26117993910824	0.11363636363636363	0.4270174829705876	4/36	NEDD9;FERMT2;DOCK1;ARHGEF7	TUB	GO_BP	no_proc_ieg	10347
GOBP_AROMATIC_AMINO_ACID_METABOLIC_PROCESS	-1.2620490776640474	0.14987080103359174	0.42618484774753707	8/20	KYNU;QDPR;SLC45A2;OCA2;HAAO;ATP7A;DCT;KMO	TUB	GO_BP	no_proc_ieg	10347
GOBP_POSITIVE_REGULATION_OF_SODIUM_ION_TRANSPORT	-1.2621029395764383	0.1588235294117647	0.4272627616749257	8/22	CHP1;SCN3B;CHP2;AHCYL1;CNTN1;NOS1;ATP1B3;NKX2-5	TUB	GO_BP	no_proc_ieg	10347
GOBP_PURINE_NUCLEOBASE_METABOLIC_PROCESS	-1.2628162580067896	0.17344173441734417	0.4269261652086947	4/16	SHMT1;XDH;GMPR2;ADK	TUB	GO_BP	no_proc_ieg	10347
GOBP_RESPONSE_TO_AUDITORY_STIMULUS	-1.2629222771206379	0.14958448753462603	0.42793254047783247	11/23	STRA6;XPA;CHRNA10;SCN11A;DRD2;ATP1A2;NRXN1;ATP8A2;UCN;CNTNAP2;KIAA0319	TUB	GO_BP	no_proc_ieg	10347
GOBP_ANGIOTENSIN_ACTIVATED_SIGNALING_PATHWAY	-1.2630953337355217	0.17884130982367757	0.4287877320515792	5/15	CAMK2A;PRKCA;AHCYL1;CA2;ROCK2	TUB	GO_BP	no_proc_ieg	10347
GOBP_THIOESTER_BIOSYNTHETIC_PROCESS	-1.2650059623675807	0.13687150837988826	0.4256926428119176	10/34	PDK4;ACAT1;MMUT;ACLY;ACACB;DLAT;ELOVL4;ELOVL2;PPT2;PDK2	TUB	GO_BP	no_proc_ieg	10347
GOBP_NEGATIVE_REGULATION_OF_DNA_BINDING_TRANSCRIPTION_FACTOR_ACTIVITY	-1.2661854688734961	0.0946969696969697	0.42437122664371246	14/93	DDIT3;BHLHE40;BMP7;CTNNBIP1;CHP1;ITCH;TBXT;NR0B2;HES1;CDKN2A;HAND1;PIM1;ESR1;PLA2G10	TUB	GO_BP	no_proc_ieg	10347
GOBP_CYTOPLASMIC_MICROTUBULE_ORGANIZATION	-1.2666492764716428	0.11940298507462686	0.42456425733969005	8/37	TUBG1;CLIP1;CHP1;MAPT;DYNC1H1;CLIP3;TUBGCP3;EZR	TUB	GO_BP	no_proc_ieg	10347
GOBP_TYPE_B_PANCREATIC_CELL_DEVELOPMENT	-1.2669566517552902	0.1601123595505618	0.4250403909621384	4/18	NKX2-2;BMP5;INSM1;SMO	TUB	GO_BP	no_proc_ieg	10347
GOBP_NEGATIVE_REGULATION_OF_NEURON_DIFFERENTIATION	-1.267586426678282	0.11363636363636363	0.4248171801903743	19/48	DIXDC1;BMP7;HES1;NKX2-2;FOXO3;GLI3;ASCL1;PHOX2B;SLC6A4;DLX2;GPR37L1;REST;SPAG9;FOXG1;CDK5RAP2;OLIG2;MAG;ID4;LBX1	TUB	GO_BP	no_proc_ieg	10347
GOBP_SUBPALLIUM_DEVELOPMENT	-1.2678470283564445	0.16129032258064516	0.4254859355675263	6/18	RARB;OGDH;GLI3;ASCL1;DRD2;DLX2	TUB	GO_BP	no_proc_ieg	10347
GOBP_SENSORY_PERCEPTION_OF_BITTER_TASTE	-1.2680668305260592	0.14285714285714285	0.4262730649108442	15/23	TAS2R16;GNAT1;TAS2R4;TAS2R1;TAS2R10;REEP2;AZGP1;TAS2R8;GNAT2;CST1;CA6;TAS2R9;CST2;LPO;TAS2R7	TUB	GO_BP	no_proc_ieg	10347
GOBP_PEROXISOMAL_TRANSPORT	-1.2681481857824786	0.16666666666666666	0.42733046645906253	8/17	PEX7;ABCD1;PEX5L;PEX10;PEX26;ABCD3;PEX5;PEX19	TUB	GO_BP	no_proc_ieg	10347
GOBP_NEGATIVE_REGULATION_OF_AXON_EXTENSION	-1.2682439291245695	0.15300546448087432	0.4283908357562778	13/26	HDAC6;IFRD1;SLIT1;TRIM46;ARHGAP4;MAG;PLXNA3;WNT3;KIAA0319;CDKL3;CDK5;SEMA3A;NTN1	TUB	GO_BP	no_proc_ieg	10347
GOBP_FEMALE_SEX_DIFFERENTIATION	-1.268479864040885	0.06302521008403361	0.42918699441813507	40/98	CGA;AFP;CEBPB;ADCYAP1R1;FZD4;UBB;FST;STRA6;KIT;ESR1;FOXO3;ANG;NR5A1;MSH4;VEGFA;RETN;INHA;FSHB;NPR2;TP63;FANCA;SPO11;AMH;FSHR;NPPC;SRD5A2;ARID5B;HYAL3;AMHR2;LEP;WT1;RBP4;VGF;LFNG;FOXL2;PTPRN;WNT4;PCYT1B;GDF9;DMC1	TUB	GO_BP	no_proc_ieg	10347
GOBP_NEURON_INTRINSIC_APOPTOTIC_SIGNALING_PATHWAY_IN_RESPONSE_TO_OXIDATIVE_STRESS	-1.270492018557048	0.1631578947368421	0.4258620147162097	10/20	PRKN;NONO;CTNNB1;ADCY10;PRODH;MCL1;IL10;FBXO7;WNT1;PYCR1	TUB	GO_BP	no_proc_ieg	10347
GOBP_POSITIVE_REGULATION_OF_TRANSPORTER_ACTIVITY	-1.2705935989540533	0.08754208754208755	0.42693745197747046	16/58	CHP1;HAP1;CALML3;CACNA2D1;CASQ1;STAC;PRKCD;RXRA;ANK2;TRPC6;CHP2;JPH2;KCNIP2;CALM1;AKAP6;NPPA	TUB	GO_BP	no_proc_ieg	10347
GOBP_BONE_GROWTH	-1.2706239849658627	0.1534090909090909	0.4281491387237809	12/23	RARB;RARG;STC1;NPR2;SMPD3;RARA;MSX2;CER1;TSKU;NPPC;LEP;DDR2	TUB	GO_BP	no_proc_ieg	10347
GOBP_ALDEHYDE_BIOSYNTHETIC_PROCESS	-1.2734281546046555	0.1691542288557214	0.42300835512890905	5/16	PCK1;TPI1;PNPO;BMP5;CYP11B2	TUB	GO_BP	no_proc_ieg	10347
GOBP_KERATINOCYTE_PROLIFERATION	-1.2734746815616527	0.12080536912751678	0.42420211254058726	10/37	KLF9;TGM1;CDKN1A;FST;EPB41L4B;SLURP1;REG3A;KLK8;VDR;TP63	TUB	GO_BP	no_proc_ieg	10347
GOBP_KIDNEY_EPITHELIUM_DEVELOPMENT	-1.2735942039025236	0.047619047619047616	0.4251612621923505	32/116	ARG2;ACAT1;RARB;BMP7;CTNNBIP1;MTSS1;KLHL3;NPHS1;HES1;AHI1;GPC3;GLI3;CTNNB1;NPHS2;GREB1L;PODXL;VEGFA;UMOD;CAT;WNT11;KLF15;SLC22A6;WWTR1;RARA;PKD1;SMO;LGR4;WNT1;SDC1;CER1;SIX1;HEYL	TUB	GO_BP	no_proc_ieg	10347
GOBP_SERINE_FAMILY_AMINO_ACID_METABOLIC_PROCESS	-1.275119685727039	0.14084507042253522	0.42282143226408025	6/22	SHMT1;BAAT;AMT;GLYAT;RIDA;AGXT	TUB	GO_BP	no_proc_ieg	10347
GOBP_CALCIUM_ION_TRANSPORT_INTO_CYTOSOL	-1.2753585478334855	0.13972602739726028	0.42355582038195083	13/24	ADCYAP1R1;CACNA2D1;RYR2;JPH3;JPH2;NOS1;ADRA1A;TRPC3;EPO;P2RX2;GRIN1;TMBIM6;CACNA1C	TUB	GO_BP	no_proc_ieg	10347
GOBP_INTERMEDIATE_FILAMENT_ORGANIZATION	-1.2757432643211437	0.10862619808306709	0.42398625642087695	12/50	KRT6B;KRT38;KRT75;KRT1;KRT34;KRT76;KRT81;KRT16;KRT9;GFAP;KRT84;KRT17	TUB	GO_BP	no_proc_ieg	10347
GOBP_L_AMINO_ACID_BIOSYNTHETIC_PROCESS	-1.2760485686792753	0.12658227848101267	0.42454171452021733	16/40	AASS;GLUD2;SHMT1;GLS2;BHMT2;ASS1;AGXT;MTR;GLS;OAT;GOT1;OTC;PYCR1;BHMT;PCBD1;CTH	TUB	GO_BP	no_proc_ieg	10347
GOBP_SYNAPTIC_VESICLE_LOCALIZATION	-1.2761187645118226	0.11419753086419752	0.4256666627100173	10/35	BSN;SYN1;PRKN;RAB3A;CTNNB1;SYN3;BLOC1S1;KIF5A;BRSK2;TRIM46	TUB	GO_BP	no_proc_ieg	10347
GOBP_RESPONSE_TO_CATECHOLAMINE	-1.2763010592814912	0.12037037037037036	0.42654882785086007	11/44	APLP1;GNAO1;SLC1A1;PRKN;HTR3A;NSG2;DRD5;HTR1A;HTR3B;DRD3;DRD2	TUB	GO_BP	no_proc_ieg	10347
GOBP_DEMETHYLATION	-1.2763202876994018	0.1741424802110818	0.4278138688040036	12/25	JMJD6;CYP3A4;A1CF;AICDA;APOBEC2;CYP1A2;CYP2C8;PHF8;KDM7A;CYP3A43;CYP3A5;KDM1A	TUB	GO_BP	no_proc_ieg	10347
GOBP_ARACHIDONIC_ACID_SECRETION	-1.2770640191510365	0.1448087431693989	0.42735207167175987	7/24	SSTR4;PLA2G2E;PLA2G10;DRD3;DRD2;PLA2G2D;BDKRB2	TUB	GO_BP	no_proc_ieg	10347
GOBP_LIVER_MORPHOGENESIS	-1.2777900765275865	0.17039106145251395	0.4270255061021096	5/22	CFLAR;TGFA;CEBPB;RPS6KA1;GLI1	TUB	GO_BP	no_proc_ieg	10347
GOBP_NEGATIVE_REGULATION_OF_G_PROTEIN_COUPLED_RECEPTOR_SIGNALING_PATHWAY	-1.278844252166602	0.10062893081761007	0.4258657253434977	11/49	APLP1;ADM;ARR3;SSTR4;RGS7;NECAB2;OPRL1;RGS2;DRD3;DRD2;HTR1B	TUB	GO_BP	no_proc_ieg	10347
GOBP_NEURON_CELLULAR_HOMEOSTASIS	-1.2801030238721247	0.10437710437710437	0.42441729589647387	19/55	ATP6V1A;PRKN;SCGN;CA7;TSPOAP1;CACNB4;MAP1A;SLC24A2;CA2;HTR1B;HAAO;CNR1;IL6;CALB2;CHRNA1;P2RX1;FGGY;SLC8A2;SLC6A2	TUB	GO_BP	no_proc_ieg	10347
GOBP_RHYTHMIC_PROCESS	-1.2804853586055167	0.03125	0.42485212155313795	49/231	KLF9;BHLHE40;CGA;NOCT;CREM;USP2;AFP;MTNR1A;CARTPT;NFIL3;RORC;NR0B2;FZD4;GHRH;ASS1;NONO;MAPK10;ESR1;FOXO3;KISS1;OPRL1;NR5A1;PER3;DDX5;PRKCG;NOS2;PER1;RETN;TGFB3;PIWIL2;MAGEL2;FSHB;HTR7;CRY2;MTNR1B;SCN11A;CSF2;NPR2;TOP1;DRD3;EGFR;RPE65;DRD2;RORA;DYRK1A;HDAC3;PPARGC1A;SLC6A4;HNRNPD	TUB	GO_BP	no_proc_ieg	10347
GOBP_CHLORIDE_TRANSPORT	-1.282829520591131	0.05714285714285714	0.42064709445817955	31/81	GABRR2;SLC12A3;SLC1A1;CLCA1;CLCN5;CLIC5;GABRR1;SLC4A3;SLC26A3;CLCNKB;GLRA1;CA7;GABRD;CA2;GABRA1;BEST2;OCA2;SLC25A14;ANO3;CLCN1;CLCN7;GABRA4;SLC1A7;GABRE;BEST1;SLC17A7;GABRQ;SLC26A1;CASR;CLCA3P;ANO2	TUB	GO_BP	no_proc_ieg	10347
GOBP_DOPAMINE_TRANSPORT	-1.2837185641081876	0.11271676300578035	0.41992248970170376	19/36	GNAT1;PRKN;SLC6A3;CHRM5;DRD3;DRD2;GRM2;HTR1B;CNR1;CHRNA6;SLC6A2;CHRNA4;OPRK1;CHRNB2;GABBR1;DRD1;SLC22A1;ABAT;DRD4	TUB	GO_BP	no_proc_ieg	10347
GOBP_PHOSPHATIDYLETHANOLAMINE_METABOLIC_PROCESS	-1.2838448439930148	0.15365239294710328	0.4209628782048418	7/20	CEPT1;ETNK2;CHKA;PLA2G10;NAAA;PLA2G6;PLA2G2D	TUB	GO_BP	no_proc_ieg	10347
GOBP_INHIBITORY_SYNAPSE_ASSEMBLY	-1.2849658191340845	0.15223097112860892	0.4197088216637497	8/17	SRGAP2;GABRA1;GABRA4;GABRE;SEMA4A;LGI2;GABRA3;GABRG3	TUB	GO_BP	no_proc_ieg	10347
GOBP_CELLULAR_RESPONSE_TO_STEROID_HORMONE_STIMULUS	-1.285815528515219	0.029239766081871343	0.41905927680341365	31/162	KLF9;ESRRG;CFLAR;HMGCS2;SSTR2;SSTR4;SCNN1B;FKBP4;PCK1;ESR2;ASS1;PHB1;DDX17;SSTR3;ESR1;FOXO3;OR51E2;STC1;RXRA;HDAC6;CASP9;DDX5;PER1;KDM4C;UFL1;SCGB2A2;CRY2;TFAP4;FOXH1;EGFR;TP63	TUB	GO_BP	no_proc_ieg	10347
GOBP_POSITIVE_REGULATION_OF_PEPTIDYL_THREONINE_PHOSPHORYLATION	-1.2865637265617826	0.1450381679389313	0.4186186876824024	6/22	PRKAG2;AZU1;ADCY10;CHI3L1;EGF;CALM1	TUB	GO_BP	no_proc_ieg	10347
GOBP_PHOTOTRANSDUCTION	-1.2866494470688445	0.13813813813813813	0.4197751302562389	16/31	GRK4;GNAT1;RRH;OPN1SW;RGR;TRPC3;RCVRN;PDE6B;RHO;GNAT2;GUCY2F;SAG;GUCA1A;PLEKHB1;NR2E3;ASIC2	TUB	GO_BP	no_proc_ieg	10347
GOBP_PURINE_NUCLEOSIDE_METABOLIC_PROCESS	-1.2876661357592678	0.15926892950391644	0.4187942433247838	5/17	PNP;XDH;GNMT;DGUOK;ADK	TUB	GO_BP	no_proc_ieg	10347
GOBP_MYOTUBE_CELL_DEVELOPMENT	-1.291480977778942	0.12188365650969529	0.4113196977057084	14/28	RCAN1;ACTA1;MYF6;SMO;MYOG;ACTN3;SIX1;WNT10B;P2RX2;MYF5;MYOD1;KEL;CACNA1S;COL6A1	TUB	GO_BP	no_proc_ieg	10347
GOBP_RENAL_TUBULE_DEVELOPMENT	-1.2920832406784808	0.075	0.41117215524687273	22/73	ACAT1;CTNNBIP1;MTSS1;KLHL3;HES1;AHI1;GPC3;GLI3;CTNNB1;GREB1L;VEGFA;UMOD;WNT11;SLC22A6;WWTR1;LGR5;PKD1;SMO;LGR4;WNT1;SIX1;HEYL	TUB	GO_BP	no_proc_ieg	10347
GOBP_TEMPERATURE_HOMEOSTASIS	-1.2925038599463288	0.04522613065326633	0.4114640049802837	40/144	DDIT3;PTGER3;ESRRG;CEBPB;GPR3;ACOT13;G0S2;UCP1;TRPM2;FGF21;DIO2;ALPL;DYNC1H1;ZBTB7B;ACOT11;FTO;GATM;ACHE;VEGFA;PHOX2B;NOX3;PEMT;DRD2;HDAC3;PPARGC1A;PLCL1;CNR1;SLC25A44;ADIPOR1;DBH;ACADL;LGR4;ACTN3;HCRT;FOXO1;ADCYAP1;MAP2K6;OXT;KDM1A;WNT10B	TUB	GO_BP	no_proc_ieg	10347
GOBP_REGULATION_OF_STRIATED_MUSCLE_CONTRACTION	-1.29417302324141	0.07984790874524715	0.4090418669216757	27/74	ADRA1B;MYL3;CASQ1;STC1;RYR2;TNNI3;ANK2;ADCY10;RGS2;TNNI1;CALM1;MYBPH;NPPA;NOS1;KCNQ1;ADRA1A;ZC3H12A;ACTN3;ATP1A2;CASQ2;CTNNA3;SCN4A;NKX2-5;HCN4;SMAD7;UCN;CACNA1C	TUB	GO_BP	no_proc_ieg	10347
GOBP_REGULATION_OF_CIRCADIAN_RHYTHM	-1.2949881408600021	0.06374501992031872	0.40864928781588794	25/86	BHLHE40;NOCT;USP2;RORC;GHRH;NONO;MAPK10;OPRL1;PER3;PRKCG;PER1;PIWIL2;MAGEL2;CRY2;MTNR1B;CSF2;DRD2;RORA;HDAC3;PPARGC1A;HNRNPD;ROCK2;MTOR;ADCY1;MAPK8	TUB	GO_BP	no_proc_ieg	10347
GOBP_REGULATION_OF_SYNAPTIC_TRANSMISSION_GLUTAMATERGIC	-1.2960584179550818	0.07017543859649122	0.4075798221977166	24/53	GRM1;HDAC6;DRD3;EGFR;DRD2;GRM2;HTR1B;CACNG2;GRIN2B;CNR1;IQSEC2;GRM7;GRM3;UNC13A;KMO;ATP1A2;GRIK3;GRM8;NRXN1;CACNG5;CACNG4;NLGN3;GRIN1;UCN	TUB	GO_BP	no_proc_ieg	10347
GOBP_REGULATION_OF_STEM_CELL_POPULATION_MAINTENANCE	-1.296695265403281	0.07384615384615385	0.40764062300290277	12/48	PRDM14;BMP7;TAL1;KAT2A;SS18;ACTL6B;TP63;ELAVL1;HMGA2;SMO;ING1;REST	TUB	GO_BP	no_proc_ieg	10347
GOBP_SYNAPTIC_VESICLE_TRANSPORT	-1.2973440243139946	0.14127423822714683	0.4074926927100279	10/25	PRKN;RAB3A;CTNNB1;BLOC1S1;KIF5A;TRIM46;DNM2;SLC2A4;CDK5;SNAP91	TUB	GO_BP	no_proc_ieg	10347
GOBP_TRACHEA_DEVELOPMENT	-1.2978933390235046	0.15942028985507245	0.4075315208281603	6/16	RARG;CTNNB1;EDA;SRF;FOXF1;RARA	TUB	GO_BP	no_proc_ieg	10347
GOBP_DIGESTION	-1.3004467239431936	0.05042016806722689	0.40326783257217874	46/91	PTGER3;LDLR;PBLD;CTRB2;MUC4;CHIT1;MUC13;SLC2A5;ABCG5;CHRM5;NPC1L1;FABP1;GHSR;HTR4;VDR;FABP2;EZR;NPR2;PNLIP;SLC22A5;CAPN9;PPARGC1A;COPA;KCNQ1;CHIA;GKN1;APOA4;OXT;CRH;NPPC;MUC6;LEP;TFF1;RBP4;OPRK1;TJP2;SST;ACO1;CLPS;APOA1;CEL;NEUROD1;VIL1;PGC;CCKBR;HRH2	TUB	GO_BP	no_proc_ieg	10347
GOBP_CIRCADIAN_REGULATION_OF_GENE_EXPRESSION	-1.301874044963241	0.09	0.4015326387794485	15/53	BHLHE40;NOCT;USP2;CARTPT;RORC;NR0B2;PER3;PER1;CRY2;TOP1;DRD3;DRD2;RORA;HDAC3;PPARGC1A	TUB	GO_BP	no_proc_ieg	10347
GOBP_SERINE_PHOSPHORYLATION_OF_STAT_PROTEIN	-1.3044840703719718	0.1345646437994723	0.3972984472595358	10/15	GADD45A;IFNA2;IFNA5;IFNA7;IFNW1;IFNA21;IFNG;IFNB1;RET;LIF	TUB	GO_BP	no_proc_ieg	10347
GOBP_ORGANIC_HYDROXY_COMPOUND_METABOLIC_PROCESS	-1.3046980465913685	0.0	0.3982138419121693	116/405	IDI1;CGA;PFKFB2;CYP3A4;SLC5A5;SLC1A1;RDH16;HMGCS2;LDLR;ADCYAP1R1;CYP4F12;INSIG1;GCH1;PRKN;NR0B2;QDPR;AOC2;CYP27B1;SCNN1B;ITPKB;EBP;FDPS;LRAT;INPP5B;PCK1;TG;HAGH;DIO2;TPI1;ALPL;SLCO1C1;BAAT;ALDH1B1;INPP5J;CRYM;KIT;MBTPS1;ACLY;SLC6A3;PNPO;NPC1L1;LCT;PRKAG2;HTR1A;FMO5;SNCAIP;ABCG4;PDE1B;HDLBP;BMP5;CAT;DHDDS;NAAA;ACAA1;SQLE;GDPD3;GALK1;TKTL1;CYP1A2;CYP11B2;SLC34A1;THTPA;SREBF2;PECR;DDC;MC1R;GPD1;HDC;CYP2C8;DRD3;PNLIP;RPE65;DRD2;IDH3A;SLC45A2;SULT1B1;ACOX2;ALDH3A2;OCA2;ALOX12;ABCA5;INSM1;GCNT4;MAOA;STAR;ATP7A;ACAA2;DCT;LDHAL6B;DBH;ACADL;DIO3;GOT1;CYP3A5;CYP4A11;REST;DIO1;ACTN3;SGPP1;TSKU;PNMT;TACR3;FGF23;ALOX15;SULT2B1;ABCD3;APOA4;HSD17B3;ACOT8;AQP8;IDH3B;GK2;KL;ITPK1;DKKL1;TKFC	TUB	GO_BP	no_proc_ieg	10347
GOBP_POSITIVE_REGULATION_OF_CATION_CHANNEL_ACTIVITY	-1.306037153656617	0.12121212121212122	0.3964029298860094	11/31	HAP1;CALML3;CACNA2D1;CASQ1;STAC;ANK2;JPH2;KCNIP2;CALM1;AKAP6;NPPA	TUB	GO_BP	no_proc_ieg	10347
GOBP_REGULATION_OF_EPITHELIAL_CELL_DIFFERENTIATION	-1.3062140820203658	0.039473684210526314	0.39731772848457614	37/113	APOLD1;CEBPB;MAFG;BMP7;ATOH1;HES1;NKX2-2;CYP27B1;XDH;FST;AHI1;REG3A;ASCL1;ETV2;CTNNB1;VEGFA;FOXN1;SERPINE1;VDR;AQP3;KRT84;WWTR1;TP63;BLTP1;TMEM100;ROCK2;SMO;MSX2;GDF2;ADD1;SGPP1;ZEB1;SULT2B1;PTCH2;EXTL3;WNT10B;PAX2	TUB	GO_BP	no_proc_ieg	10347
GOBP_L_AMINO_ACID_TRANSPORT	-1.3068202381733138	0.08278145695364239	0.3972476167853923	20/60	SLC1A1;SLC1A5;SLC6A5;SLC7A1;SLC3A2;GRM1;SLC43A1;SFXN1;RGS2;SLC38A3;SLC6A15;ABCC8;SLC1A6;SLC25A13;SLC1A7;KMO;ATP1A2;SLC7A10;SLC38A10;SLC17A7	TUB	GO_BP	no_proc_ieg	10347
GOBP_PANCREAS_DEVELOPMENT	-1.3084660776301462	0.08759124087591241	0.39476455496974483	21/52	HES1;NKX2-2;CTNNB1;BMP5;ZIC3;FOXF1;FOXA2;INSM1;IL6;IL6R;DNAAF1;SMO;GIP;GIPR;CCDC40;HNF1A;NEUROD1;MNX1;ONECUT2;ONECUT1;GDF11	TUB	GO_BP	no_proc_ieg	10347
GOBP_CELLULAR_MODIFIED_AMINO_ACID_METABOLIC_PROCESS	-1.308958304299696	0.013452914798206279	0.3951215850987794	39/130	CGA;P4HA1;SLC5A5;SLC1A1;GCH1;SHMT1;ALDH1L1;BHMT2;TG;HAGH;DIO2;SLCO1C1;ASS1;CRYM;GNMT;PLA2G10;GATM;ALDH7A1;PCYOX1;PRODH;FTCD;SLC22A4;SARDH;SLC25A32;SULT1B1;P4HA2;DPEP1;GSTA3;GCLC;GCNT4;SLC19A1;MTR;ACADL;DIO3;CHAC1;DIO1;FOLR1;GSS;GSTM5	TUB	GO_BP	no_proc_ieg	10347
GOBP_VENTRAL_SPINAL_CORD_DEVELOPMENT	-1.3113983831113945	0.11419753086419752	0.39126648441847117	12/29	NKX2-2;GLI3;ASCL1;SOX1;ABT1;PHOX2A;ZC4H2;LHX3;DYNC2H1;DAB1;LMO4;OLIG2	TUB	GO_BP	no_proc_ieg	10347
GOBP_REGULATION_OF_CATION_CHANNEL_ACTIVITY	-1.312495126851111	0.06498194945848375	0.3900132466462582	24/64	HAP1;KCNE2;CALML3;CACNA2D1;CASQ1;STAC;ANK2;CACNB1;JPH3;CACNB4;JPH2;DRD3;DRD2;KCNIP2;CALM1;AKAP6;NPPA;NOS1;CASQ2;CRHR1;KCNE5;KCNS1;KCNG1;EPO	TUB	GO_BP	no_proc_ieg	10347
GOBP_OLEFINIC_COMPOUND_METABOLIC_PROCESS	-1.312886720719313	0.04583333333333333	0.390464923300318	53/111	ADM;CYP2A7;AFP;CYP3A4;RDH16;CYP4F12;SCNN1B;LRAT;ABCD1;PLA2G10;EPHX1;BMP5;ACAA1;FSHB;CYP1A2;CYP11B2;CYP2C8;PNLIP;RPE65;ALOX12;ELOVL2;CYP3A5;CYP4A11;REST;CYP2A13;ALOX15;HSD17B3;ACOT8;DKKL1;SRD5A2;CYP2A6;CYP11A1;CYP2C19;GRIN1;CYP4F2;RDH8;RBP4;ALOX12B;PNPLA4;LIPE;WNT4;CEL;DGAT1;PNPLA2;EPHX2;PRKG1;DAGLA;DHRS3;ADH7;PLA2G2F;HSD11B2;CYP2B6;PTGES2	TUB	GO_BP	no_proc_ieg	10347
GOBP_FOLIC_ACID_CONTAINING_COMPOUND_METABOLIC_PROCESS	-1.313238561612412	0.15135135135135136	0.39107744152760676	8/21	GCH1;SHMT1;ALDH1L1;FTCD;SLC25A32;SLC19A1;MTR;FOLR1	TUB	GO_BP	no_proc_ieg	10347
GOBP_POSITIVE_REGULATION_OF_NUCLEOTIDE_CATABOLIC_PROCESS	-1.3162966100224258	0.14324324324324325	0.3857303849497713	7/18	ZBTB20;MLXIPL;SLC4A4;GPD1;GAPDHS;MTOR;INS	TUB	GO_BP	no_proc_ieg	10347
GOBP_REGULATION_OF_MUSCLE_CONTRACTION	-1.3169600753939221	0.033816425120772944	0.38569541555574943	61/125	PPP1R12B;ADRA1B;MYL3;CALCA;CASQ1;TBXA2R;KIT;CHRM2;STC1;RYR2;TNNI3;ANK2;ADCY10;CACNB1;GHSR;SETD3;RGS2;TNNC2;TNNI1;CALM1;SRF;MYBPH;NPPA;NOS1;KCNQ1;ADRA1A;ZC3H12A;ACTN3;ATP1A2;CASQ2;TACR3;CHRNA3;CTNNA3;SCN4A;OXT;NKX2-5;P2RX1;HCN4;SMAD7;UCN;CACNA1C;TNNT1;CACNA1S;CHGA;TNNT2;ATP2A1;PRKG1;ADORA2B;BIN1;KCNB2;ABAT;CACNB2;CACNG1;MYBPC3;ADRA2B;HRC;EDN2;KCNA1;SCN5A;RANGRF;REM1	TUB	GO_BP	no_proc_ieg	10347
GOBP_POSITIVE_REGULATION_OF_CYCLASE_ACTIVITY	-1.3186017148927565	0.11079545454545454	0.3835961638941309	17/28	DRD5;NOS2;LGR5;NOS1;CALCR;MAPK8;LGR4;FSHR;CRHR1;ADCYAP1;CACNA1C;CACNA1D;GIPR;DRD1;ADORA2B;GLP1R;GUCA1A	TUB	GO_BP	no_proc_ieg	10347
GOBP_NEGATIVE_REGULATION_OF_MONONUCLEAR_CELL_MIGRATION	-1.3193471347788766	0.13520408163265307	0.3833857298367066	4/20	STAP1;APOD;BMP5;C5	TUB	GO_BP	no_proc_ieg	10347
GOBP_CELL_FATE_DETERMINATION	-1.319855557803302	0.0851063829787234	0.3836396334560721	13/31	ATOH1;HES1;NKX2-2;TRIM15;ASCL1;CTNNB1;IFRD1;MCL1;WNT1;PTCH2;PAX2;FOXG1;MYOD1	TUB	GO_BP	no_proc_ieg	10347
GOBP_XENOBIOTIC_METABOLIC_PROCESS	-1.322727175862459	0.044	0.37907140058942485	31/86	CYP2A7;CYP3A4;CYP4F12;RORC;AOC2;TPMT;FMO5;GLYAT;EPHX1;ACAA1;CYP1A2;ABCC2;CYP2C8;RORA;NR1I2;SULT1B1;GSTA3;NOS1;AOX1;CYP3A5;FMO2;CYP2A13;SLCO1A2;BPHL;CYP2A6;CYP2C19;ALDH3A1;GRIN1;CYP4F2;CYP26A1;GSTM4	TUB	GO_BP	no_proc_ieg	10347
GOBP_RESPONSE_TO_HEAT	-1.3242033960772672	0.058823529411764705	0.3773209885725123	19/69	CDKN1A;EIF2B3;CALCA;TRPM2;CASQ1;YWHAE;HSPA6;MAPT;STAC;ZFAND1;CLPB;HDAC6;SCN11A;SCN2B;ASIC3;HSPA2;GCLC;NOS1;MTOR	TUB	GO_BP	no_proc_ieg	10347
GOBP_INTERLEUKIN_17_PRODUCTION	-1.3258689394396135	0.12232415902140673	0.37518623138132995	7/33	DDIT3;ARG2;PHB1;ARID5A;ZBTB7B;IL23A;OPA1	TUB	GO_BP	no_proc_ieg	10347
GOBP_CELLULAR_RESPONSE_TO_ESTRADIOL_STIMULUS	-1.3260365296785288	0.10588235294117647	0.3761172339742799	10/30	CFLAR;SSTR2;ESR2;SSTR3;ESR1;EGFR;HNRNPD;IL10;MSX2;MYOG	TUB	GO_BP	no_proc_ieg	10347
GOBP_NEGATIVE_REGULATION_OF_GLIAL_CELL_DIFFERENTIATION	-1.326766142620325	0.12871287128712872	0.37577983780676183	7/19	LDLR;HES1;CTNNB1;DRD3;DLX2;DAB1;GPR37L1	TUB	GO_BP	no_proc_ieg	10347
GOBP_ATRIAL_CARDIAC_MUSCLE_CELL_TO_AV_NODE_CELL_COMMUNICATION	-1.3275838143041514	0.1092436974789916	0.3753360420181728	12/17	SCN3B;RYR2;ANK2;KCNA5;KCNN2;KCNQ1;KCNE5;CACNA1C;CACNB2;SCN5A;KCNJ5;GJC1	TUB	GO_BP	no_proc_ieg	10347
GOBP_DOPAMINE_SECRETION	-1.3298674756648392	0.11263736263736264	0.37182282601914807	12/24	GNAT1;PRKN;DRD3;DRD2;GRM2;HTR1B;CNR1;CHRNA6;CHRNA4;OPRK1;CHRNB2;GABBR1	TUB	GO_BP	no_proc_ieg	10347
GOBP_ASPARTATE_FAMILY_AMINO_ACID_METABOLIC_PROCESS	-1.3338687999631151	0.12121212121212122	0.3647395886606006	10/31	AASS;BHMT2;ASS1;GNMT;ASPA;RIDA;MTR;SLC25A13;DDO;GOT1	TUB	GO_BP	no_proc_ieg	10347
GOBP_CELLULAR_COMPONENT_MAINTENANCE	-1.3345263912658383	0.06578947368421052	0.3647884655516774	21/50	NEDD9;FERMT2;ABHD17B;MTSS1;BSN;RAB3A;FYN;ARF6;GRIN2B;PARD6A;WHRN;INS;ZNF804A;ERC1;ADGRB3;C1QL1;PRNP;APOE;PRTN3;KIFC3;PICK1	TUB	GO_BP	no_proc_ieg	10347
GOBP_SENSORY_PERCEPTION_OF_MECHANICAL_STIMULUS	-1.3378783743354543	0.03255813953488372	0.35929946609910385	34/113	DDIT3;KCNQ4;COL11A2;CLIC5;FZD4;TBX1;NAV2;CRYM;KIT;RAB3A;FYN;ALDH7A1;SOBP;SERPINB6;POU4F3;CHRNA10;OTOR;SCN11A;NPR2;ASIC3;PHF24;GRM7;WHRN;KCNQ1;USH1C;ATP2B2;MYO7A;SIX1;SPTBN4;P2RX2;PIEZO2;PAX3;UCN;EPYC	TUB	GO_BP	no_proc_ieg	10347
GOBP_CELL_FATE_SPECIFICATION	-1.3383474046196926	0.052434456928838954	0.3596871253255054	24/69	PRDM14;TBXT;ATOH1;NKX2-2;TBX1;GLI3;ASCL1;CTNNB1;CHD4;TBX4;FEV;SOX1;NFIB;TBX5;MYT1L;TBR1;LHX3;FOXA2;SMO;SIX1;PTCH2;PAX2;LMO4;OLIG2	TUB	GO_BP	no_proc_ieg	10347
GOBP_REGULATION_OF_CELLULAR_RESPONSE_TO_OXIDATIVE_STRESS	-1.3383943754888017	0.11793611793611794	0.36087871576443875	7/16	BMP7;GCH1;PRKN;ABCD1;HDAC6;SLC25A14;MAPKAP1	TUB	GO_BP	no_proc_ieg	10347
GOBP_DIGESTIVE_SYSTEM_DEVELOPMENT	-1.3394366237371156	0.017241379310344827	0.3599992703568222	35/110	RARB;CDKN1A;HMGCS2;PYY;HES1;NKX2-2;ASS1;STRA6;PTK6;KLF5;KIT;AHI1;GLI3;ASCL1;CTNNB1;NPY;FOXF2;WNT11;TGFB3;GLI1;NPR2;EGFR;TP63;ZIC3;FOXF1;KCNQ1;DNAAF1;PKD1;VPS52;SMO;LGR4;SOX11;YIPF6;HOXD13;OTC	TUB	GO_BP	no_proc_ieg	10347
GOBP_ADENOHYPOPHYSIS_DEVELOPMENT	-1.3396402145204955	0.12694300518134716	0.3609208587894442	6/15	HES1;GHRH;SLC6A3;PROP1;DRD2;LHX3	TUB	GO_BP	no_proc_ieg	10347
GOBP_DETECTION_OF_CHEMICAL_STIMULUS_INVOLVED_IN_SENSORY_PERCEPTION_OF_TASTE	-1.340589767694561	0.10662824207492795	0.3602829951228652	14/22	TAS2R16;GNAT1;TAS2R4;TAS2R1;TAS2R10;AZGP1;TAS2R8;GNAT2;CST1;CA6;TAS2R9;CST2;LPO;TAS2R7	TUB	GO_BP	no_proc_ieg	10347
GOBP_ICOSANOID_SECRETION	-1.3408256606615307	0.07339449541284404	0.36115444566942173	20/40	SSTR4;PLA2G2E;PLA2G10;NOS2;DRD3;DRD2;PLA2G2D;BDKRB2;CYP4A11;MAP2K6;OXT;TNFSF11;LEP;CYP4F2;PLA2G2F;NTSR1;PLA2G5;IL1A;DRD4;PLA2R1	TUB	GO_BP	no_proc_ieg	10347
GOBP_SYMPATHETIC_NERVOUS_SYSTEM_DEVELOPMENT	-1.342018157891752	0.1175	0.3598048523792986	8/19	GFRA3;ASCL1;CTNNB1;PHOX2B;TP63;PHOX2A;INSM1;SOX11	TUB	GO_BP	no_proc_ieg	10347
GOBP_ADRENERGIC_RECEPTOR_SIGNALING_PATHWAY	-1.3451399021194905	0.11518324607329843	0.35474221821164387	9/25	ADRA1B;DRD5;ADRA1D;RGS2;AKAP13;DRD3;DRD2;KCNQ1;ADRA1A	TUB	GO_BP	no_proc_ieg	10347
GOBP_L_ALPHA_AMINO_ACID_TRANSMEMBRANE_TRANSPORT	-1.3456467692389789	0.07166123778501629	0.3549733592653894	16/47	SLC1A1;SLC1A5;SLC6A5;SLC7A1;SLC3A2;GRM1;SLC43A1;RGS2;SLC38A3;SLC1A6;SLC25A13;SLC1A7;ATP1A2;SLC7A10;SLC38A10;SLC17A7	TUB	GO_BP	no_proc_ieg	10347
GOBP_POSITIVE_REGULATION_OF_MUSCLE_CONTRACTION	-1.3463630636382522	0.10097719869706841	0.3550336003977428	22/40	TBXA2R;KIT;CACNB1;GHSR;RGS2;SRF;NPPA;KCNQ1;ADRA1A;ACTN3;TACR3;OXT;UCN;CACNA1C;CACNA1S;CHGA;ATP2A1;ABAT;CACNB2;CACNG1;ADRA2B;EDN2	TUB	GO_BP	no_proc_ieg	10347
GOBP_CELLULAR_RESPONSE_TO_DEXAMETHASONE_STIMULUS	-1.3477772381754929	0.11232876712328767	0.3534922624073372	6/20	CFLAR;PCK1;ASS1;CASP9;TFAP4;EGFR	TUB	GO_BP	no_proc_ieg	10347
GOBP_REGULATION_OF_LIPID_CATABOLIC_PROCESS	-1.3480813822585442	0.05688622754491018	0.354188025217803	10/43	IRS1;LDLR;FGF21;APOC3;ABCD1;PRKCD;CIDEC;ACACB;HPGD;FABP1	TUB	GO_BP	no_proc_ieg	10347
GOBP_POSITIVE_REGULATION_OF_SIGNAL_TRANSDUCTION_BY_P53_CLASS_MEDIATOR	-1.3504857803414847	0.12398921832884097	0.3506893491210999	4/17	CHD5;UBB;DDX5;ANKRD1	TUB	GO_BP	no_proc_ieg	10347
GOBP_CATECHOLAMINE_TRANSPORT	-1.3508229891487848	0.060897435897435896	0.35139251087057016	28/54	GNAT1;CARTPT;PRKN;SLC6A3;CHRM5;GHSR;DRD3;DRD2;GRM2;HTR1B;CNR1;OXT;CRH;CHRNA6;SLC6A2;CHRNA4;STX1A;SDHD;OPRK1;KCNB1;CHRNB2;CHGA;GABBR1;DRD1;SLC22A1;ABAT;DRD4;ADRA2B	TUB	GO_BP	no_proc_ieg	10347
GOBP_REGULATION_OF_MULTICELLULAR_ORGANISM_GROWTH	-1.3515055826755145	0.07260726072607261	0.3512941513213031	21/49	GHRH;SOCS2;GDF15;GPR21;GH1;SLC6A3;FTO;GHSR;EZR;DRD2;HDAC3;GDF5;SMO;DIO3;SPTBN4;ATP8A2;PEX5;NPPC;PRLH;ADRB3;GHR	TUB	GO_BP	no_proc_ieg	10347
GOBP_DENDRITIC_SPINE_MAINTENANCE	-1.3532082071873535	0.11662531017369727	0.3491655232731453	9/18	NEDD9;ABHD17B;FYN;GRIN2B;INS;ZNF804A;PRNP;APOE;PICK1	TUB	GO_BP	no_proc_ieg	10347
GOBP_CELLULAR_ALDEHYDE_METABOLIC_PROCESS	-1.3534749183583228	0.07590759075907591	0.35003101461410807	14/57	SCNN1B;PCK1;HAGH;TPI1;ALPL;PNPO;ALDOB;ALDH7A1;BMP5;CYP11B2;AKR7A3;RPE65;AGXT;ALDH3A2	TUB	GO_BP	no_proc_ieg	10347
GOBP_HINDBRAIN_DEVELOPMENT	-1.3537780694864725	0.014492753623188406	0.3507599620207379	37/120	BMP7;SSTR2;HAP1;PLXNA2;HES1;OGDH;FZD4;CEND1;HERC1;KAT2A;SSTR3;GRID2;AHI1;ASCL1;CTNNB1;BMP5;PHOX2B;GLI1;EGF;NFIB;TBR1;RORA;MYO16;EPHB1;PHOX2A;CNTN1;FAIM2;HOXB1;SLC6A4;HNRNPD;WHRN;ATP7A;GDF10;DAB1;SMO;GPR37L1;WNT1	TUB	GO_BP	no_proc_ieg	10347
GOBP_IMPORT_INTO_THE_MITOCHONDRION	-1.3542639548928181	0.08	0.35111969906015683	8/27	SLC25A36;HSPA9;GRPEL1;MCUR1;SLC25A28;SFXN1;SLC25A32;TIMM17B	TUB	GO_BP	no_proc_ieg	10347
GOBP_NON_PROTEINOGENIC_AMINO_ACID_METABOLIC_PROCESS	-1.3555962445207321	0.06333333333333334	0.3498190895586035	22/57	P4HA1;ARG2;KYNU;MMUT;GAD2;ASS1;GNMT;PRODH;NOX4;SARDH;DDAH1;UPB1;P4HA2;DPEP1;MTR;DDO;KMO;OTC;BHMT;DPYD;CTH;GAD1	TUB	GO_BP	no_proc_ieg	10347
GOBP_DICARBOXYLIC_ACID_TRANSPORT	-1.358727900302887	0.03543307086614173	0.34491822972385844	38/79	SLC13A2;SLC1A1;SLC1A5;SLC13A3;SLC26A3;GRM1;SLC19A2;SLC22A6;ABCC2;GFAP;ABCC8;SLC25A32;GRM2;AGXT;SLC1A6;GRM7;SLC19A1;SLC25A13;SLC1A7;KMO;BEST1;ATP1A2;FOLR1;SLC17A7;APBA1;SLC26A1;GNAT2;TRH;TTYH1;KCNJ10;GABBR1;PRKG1;AVP;NTSR1;TNF;ABAT;SLC26A6;SLC26A10P	TUB	GO_BP	no_proc_ieg	10347
GOBP_CD4_POSITIVE_ALPHA_BETA_T_CELL_PROLIFERATION	-1.3618807020408912	0.10723192019950124	0.3398858321815151	7/15	ARG2;ITCH;FOXP3;IL2RA;RIPK2;CD3E;IL2	TUB	GO_BP	no_proc_ieg	10347
GOBP_POSITIVE_REGULATION_OF_POTASSIUM_ION_TRANSPORT	-1.3621056187229956	0.07042253521126761	0.34082805276390965	16/29	RGS7;ANK2;KCNH2;ABCC8;KCNIP2;AKAP6;NPPA;KCNQ1;ATP1B3;KCNE5;KCNMB1;OPRK1;ACTN2;ATP1B2;DRD1;EDN3	TUB	GO_BP	no_proc_ieg	10347
GOBP_NEUROTRANSMITTER_SECRETION	-1.3622016060084994	0.02564102564102564	0.34194234329341583	35/89	KCNMB4;CAMK2A;SYN1;PRKN;LIN7B;BAIAP3;GRIK5;HRH3;RAB3A;CADPS;PPFIA2;SNCAIP;PRKCG;TSPOAP1;CACNB4;DOC2A;SYN3;CPLX3;ABCC8;HTR1B;SNPH;UNC13A;KMO;BEST1;HCRT;NRXN1;CHRNA3;P2RX1;STX1A;NAPA;STX11;RIMS1;RIMS2;ASIC1;PPFIA3	TUB	GO_BP	no_proc_ieg	10347
GOBP_DORSAL_VENTRAL_PATTERN_FORMATION	-1.3647540863070688	0.04513888888888889	0.33814997738953134	18/59	DDIT3;NKX2-2;GLI3;ASCL1;CTNNB1;PROP1;GLI1;VAX2;SOX1;WNT8B;LHX3;DYNC2H1;SMO;CER1;GPR161;NKX2-1;FOXG1;EN1	TUB	GO_BP	no_proc_ieg	10347
GOBP_MUSCLE_SYSTEM_PROCESS	-1.3658037545326345	0.0	0.3374873152869045	116/341	PTGER3;PPP1R12B;GNAO1;CFLAR;ARG2;ADRA1B;CHRNE;SSTR2;MYOM2;KCNE2;TAFAZZIN;CACNA2D1;MYL3;CHRND;SCNN1B;SCN3B;CALCA;CASQ1;CALD1;TBXA2R;KIT;STAC;FOXO3;CHRM2;SNTA1;NEDD4L;STC1;RYR2;ACACB;PRKCA;GATM;TNNI3;ANK2;KCNA5;KCNH2;ADCY10;GLRA1;SCN2A;CACNB1;GHSR;SETD3;RGS2;PDE9A;KCND3;HTR7;KLF15;TNNC2;LTB4R;SCN11A;TNNI1;ABCC8;DRD2;KCNIP2;SCN2B;SGCA;CALM1;SRF;MYBPH;ACTA1;BDKRB2;AKAP6;ROCK2;CHRNG;APBB1;KCNN2;NPPA;NOS1;CLCN1;KCNQ1;ADRA1A;ZC3H12A;MTOR;HTR1D;TRPC3;SMPX;MYOZ1;GSN;MYOG;ACTN3;ATP1A2;CASQ2;TACR3;FOXO1;KCNE5;CHRNA3;MAP2K6;CTNNA3;SCN4A;OXT;ATP8A2;KCND2;CHRNA1;NKX2-5;P2RX1;HCN4;P2RX2;NFATC1;SMAD7;UCN;P2RX6;LEP;CACNA1G;CACNA1C;MYOD1;MYH4;CACNA1D;PGAM2;HAND2;TNNT1;CACNA1S;COL6A1;NOL3;CHRNB2;TCAP;MYOC;YY1	TUB	GO_BP	no_proc_ieg	10347
GOBP_POSITIVE_REGULATION_OF_STEROID_METABOLIC_PROCESS	-1.3699777241693258	0.09239130434782608	0.33050462911263323	13/20	CGA;ADM;ABCG4;FSHB;SREBF2;STAR;APOE;FGF1;APOA1;WNT4;IFNG;TNF;IL1A	TUB	GO_BP	no_proc_ieg	10347
GOBP_RESPIRATORY_SYSTEM_PROCESS	-1.370865975581636	0.06896551724137931	0.3300676099196658	12/28	ZFAND5;RAB3A;FTO;PHOX2B;GLRA1;ECEL1;GLS;FLT4;ATP1A2;DNAH9;NLGN3;TCF15	TUB	GO_BP	no_proc_ieg	10347
GOBP_NUCLEOTIDE_TRANSMEMBRANE_TRANSPORT	-1.37152901845716	0.11140583554376658	0.3300626296631107	8/15	SLC25A36;ADCY10;SLC25A32;SLC25A4;SLC25A31;SLC19A1;SLC17A9;SLC25A17	TUB	GO_BP	no_proc_ieg	10347
GOBP_SMOOTH_MUSCLE_CONTRACTION	-1.3720655424078534	0.03985507246376811	0.33036742771434285	26/79	PTGER3;SSTR2;SCNN1B;CALCA;TBXA2R;KIT;CHRM2;TNNI3;GHSR;SETD3;RGS2;HTR7;SCN11A;DRD2;SRF;BDKRB2;ROCK2;APBB1;ADRA1A;HTR1D;ATP1A2;TACR3;CHRNA3;OXT;P2RX1;P2RX2	TUB	GO_BP	no_proc_ieg	10347
GOBP_ZINC_ION_TRANSPORT	-1.3721585096889672	0.11793611793611794	0.33153481809468777	5/16	SLC1A1;SLC39A14;TRPM2;SLC30A3;SLC39A4	TUB	GO_BP	no_proc_ieg	10347
GOBP_RESPONSE_TO_MINERALOCORTICOID	-1.3743257949400831	0.09444444444444444	0.3289449256389161	7/27	SLC12A3;CDKN1A;SCNN1B;FOXO3;HDAC6;HSD3B1;HTR1B	TUB	GO_BP	no_proc_ieg	10347
GOBP_DOPAMINE_METABOLIC_PROCESS	-1.3746711876371163	0.07246376811594203	0.32969171650316265	19/33	SLC1A1;GCH1;PRKN;SLC6A3;HTR1A;SNCAIP;PDE1B;DDC;DRD3;DRD2;MAOA;ATP7A;DBH;TACR3;GNAT2;CHRNB2;SNCB;GRIN2A;DRD1	TUB	GO_BP	no_proc_ieg	10347
GOBP_STEROL_BIOSYNTHETIC_PROCESS	-1.374993891942211	0.06535947712418301	0.33038451332810553	12/49	IDI1;HMGCS2;INSIG1;EBP;FDPS;MBTPS1;ACLY;NPC1L1;PRKAG2;ABCG4;SQLE;SREBF2	TUB	GO_BP	no_proc_ieg	10347
GOBP_RESPONSE_TO_GROWTH_HORMONE	-1.376756827252615	0.07865168539325842	0.32843641498299275	8/27	HMGCS2;SOCS2;GDF15;ASS1;GH1;GHSR;SLC34A1;CSHL1	TUB	GO_BP	no_proc_ieg	10347
GOBP_CEREBELLAR_CORTEX_FORMATION	-1.378709963807211	0.09523809523809523	0.32602819869434363	8/18	CEND1;HERC1;GRID2;RORA;FAIM2;WHRN;ATP7A;LDB1	TUB	GO_BP	no_proc_ieg	10347
GOBP_REGULATION_OF_SYSTEM_PROCESS	-1.37883720123446	0.0	0.3271130196002256	173/420	PTGER3;PPP1R12B;HBEGF;GNAO1;ADM;OPRPN;ADRA1B;SLC1A1;KCNMB4;CARTPT;KCNE2;GCH1;CACNA2D1;MYL3;BAIAP2;SCN3B;CALCA;CASQ1;YWHAE;SLC4A3;TBXA2R;KIT;KCNG2;GRM1;FOXO3;CHRM2;KISS1;ABCG5;OR51E2;SNTA1;STC1;RYR2;BEGAIN;FTO;ACACB;PRKCA;HTR1A;TNNI3;ANK2;KCNA5;KCNH2;PHOX2B;ADCY10;GLRA1;SMR3A;RETN;CACNB1;INHA;ITGA9;ADRA1D;GHSR;SETD3;RGS2;PDE9A;KCND3;CRY2;MTNR1B;TNNC2;TBX5;TNNI1;ABCC8;SLC22A5;EGFR;DRD2;KCNIP2;SCN2B;CHRNA2;SGCA;CALM1;SRF;MYBPH;GRIN2B;BDKRB2;TMEM100;INPP5K;KCNH6;NKX3-1;AKAP6;ROCK2;KCNN2;NPPA;NOS1;KCNQ1;ADRA1A;ZC3H12A;GLS;DBH;TPPP;TRPC3;ADM2;NPVF;PDGFB;ATP2B2;SYNE1;MYOG;ACTN3;ATP1A2;CASQ2;TACR3;HCRT;NRXN1;FOXO1;SPTBN4;CRHR1;APOA4;KCNE5;CHRNA3;CTNNA3;SCN4A;OXT;KCND2;CRH;NKX2-5;P2RX1;HCN4;NLGN3;POPDC2;SMAD7;SLC8A2;CASR;GRIN1;UCN;LEP;APOE;CACNA1G;CACNA1C;STX1A;CACNA1D;OPRK1;HAND2;MAG;TNNT1;PTPRO;CACNA1S;ATP1B2;FOXL2;RIMS1;NOL3;SOX10;C1QTNF1;YY1;APOA1;RIMS2;CHGA;GRIN2A;ATP2B3;CAMK2G;NEUROD1;TNNT2;ATP2A1;HSPB7;PRKG1;GDF9;ADORA2B;HRH2;ECE1;KCNMB2;AVP;WNT7A;GALR1;IGFBP5;NTSR1;EDN3;BIN1;KCNB2;TNF;GPR35;ABAT;REN;SRC;CACNB2;CACNG1;GLP1R	TUB	GO_BP	no_proc_ieg	10347
GOBP_CIRCADIAN_RHYTHM	-1.3795192663506628	0.015306122448979591	0.32718954216604895	41/151	KLF9;BHLHE40;NOCT;USP2;MTNR1A;CARTPT;NFIL3;RORC;NR0B2;GHRH;ASS1;NONO;MAPK10;OPRL1;PER3;PRKCG;NOS2;PER1;PIWIL2;MAGEL2;HTR7;CRY2;MTNR1B;SCN11A;CSF2;TOP1;DRD3;EGFR;RPE65;DRD2;RORA;DYRK1A;HDAC3;PPARGC1A;SLC6A4;HNRNPD;ROCK2;MTOR;ADCY1;MAPK8;LGR4	TUB	GO_BP	no_proc_ieg	10347
GOBP_CATECHOL_CONTAINING_COMPOUND_BIOSYNTHETIC_PROCESS	-1.382960245438729	0.09375	0.32197311299280673	9/17	GCH1;SLC6A3;DDC;HDC;INSM1;DBH;PNMT;KL;HAND2	TUB	GO_BP	no_proc_ieg	10347
GOBP_POLYOL_METABOLIC_PROCESS	-1.383023709882119	0.02962962962962963	0.32317328422092517	13/74	CYP3A4;ADCYAP1R1;GCH1;QDPR;CYP27B1;ITPKB;INPP5B;PCK1;TPI1;INPP5J;NAAA;GALK1;SLC34A1	TUB	GO_BP	no_proc_ieg	10347
GOBP_RESPONSE_TO_CAMP	-1.384413935856458	0.035856573705179286	0.32187407378547744	26/69	PFKFB1;SLC5A5;HMGCS2;PCK1;CNGA3;ASS1;TEK;SLC26A3;SLC6A3;STC1;PER1;ITPR2;EZR;GPD1;PENK;INPP5K;AKAP6;KCNQ1;SDC1;AQP8;OXT;KDM1A;WNT10B;HCN4;WT1;DUOX2	TUB	GO_BP	no_proc_ieg	10347
GOBP_POSITIVE_REGULATION_OF_MESENCHYMAL_CELL_PROLIFERATION	-1.3900361311362006	0.08695652173913043	0.3125804789647047	9/21	TBX1;CTNNB1;WNT2;FOXF1;SMO;SYNE1;SIX1;IRS2;FGF9	TUB	GO_BP	no_proc_ieg	10347
GOBP_REGULATION_OF_PH	-1.3913496392207827	0.04460966542750929	0.3116957956268795	19/68	PDK4;ATP6V1A;CHP1;ATP12A;SLC9A2;RAB20;SLC4A3;SLC26A3;RHCG;SLC4A5;CA7;SLC4A4;SLC9A5;CA2;SLC45A2;OCA2;SLC4A7;SLC9A3;TM9SF4	TUB	GO_BP	no_proc_ieg	10347
GOBP_SYNAPTIC_TRANSMISSION_GABAERGIC	-1.3929213644549394	0.042483660130718956	0.31020889945974645	19/45	HAP1;BAIAP3;ZDHHC3;SLITRK3;CA7;RAC3;GABRD;SYN3;CA2;DRD2;GABRA1;HTR1B;PLCL1;CNR1;PHF24;ADRA1A;GABRA4;GABRE;BEST1	TUB	GO_BP	no_proc_ieg	10347
GOBP_CHEMICAL_SYNAPTIC_TRANSMISSION_POSTSYNAPTIC	-1.3963944992585924	0.02	0.3052573950372996	43/80	CHRNE;HTR3A;BAIAP2;CHRND;GRIK5;GRID2;GLRA1;HTR3B;CHRNA10;MPP2;DRD2;CHRNA2;GRIN2B;CHRNG;SLC1A7;SYNE1;HCRT;NRXN1;CHRNA3;CHRNA1;P2RX1;P2RX2;NLGN3;CHRNA6;SLC8A2;GRIN1;P2RX6;CHRNA4;STX1A;RIMS1;CHRNB2;NPFF;RIMS2;GRIN2A;WNT7A;NTSR1;ABAT;DRD4;CDK5;UNC13B;SHANK1;CHRNA9;CUX2	TUB	GO_BP	no_proc_ieg	10347
GOBP_FAT_CELL_DIFFERENTIATION	-1.3974001117618735	0.015463917525773196	0.30472877568530427	54/171	DDIT3;FERMT2;NOCT;RETREG1;FBXO9;CEBPB;BMP7;INSIG1;ZBTB7C;RORC;ALDH6A1;HES1;UCP1;ADIRF;KLF5;PIAS1;PIM1;ZBTB7B;ZBTB16;FTO;HDAC6;PNPLA3;VEGFA;CLIP3;RETN;ADGRF5;RGS2;E2F1;ATAT1;NPR2;WWTR1;RORA;PPARGC1A;HMGA2;IL6;GDF10;ZC3H12A;INS;MSX2;WNT1;LRP3;SIX1;SLC7A10;FOXO1;LPL;WNT10B;IL11;DKKL1;PRLH;CNTN2;ARID5B;SENP2;LEP;ADRB3	TUB	GO_BP	no_proc_ieg	10347
GOBP_ORGANIC_ANION_TRANSPORT	-1.3976387267704748	0.0	0.3056745058919594	101/294	SLC16A7;SLC13A2;SLC1A1;SLCO4A1;SLC39A14;NR0B2;G6PC1;SLC1A5;SLC6A5;SSTR4;SLC13A3;SLC10A1;SLC7A1;SLC4A3;SLC3A2;SLC37A4;SLCO1C1;MPC1;ABCD1;PLA2G2E;SLC26A3;GRM1;SLC10A3;TSPO2;SLC22A14;ACACB;SLC17A1;SLC4A5;PLA2G10;FABP1;UMOD;NOS2;ADCY10;SLC52A1;SLC2A3;SLC43A1;SFXN1;FABP6;CACNB4;SLC19A2;SLC4A4;RGS2;PLIN2;SLC22A6;ABCC2;FABP2;SLC38A3;GFAP;SLC6A15;SLC6A13;DRD3;ABCC8;SLC25A32;DRD2;GRM2;SLC25A4;HTR1B;AGXT;ASIC3;BEST2;SLC25A31;SLC1A6;PLA2G2D;BDKRB2;SLC39A4;SLC4A7;SLC10A2;GRM7;SLC25A44;SLC19A1;SLC22A8;SLC25A20;SLC25A13;SLC1A7;PMP2;CYP4A11;KMO;BEST1;ATP1A2;SLC7A10;SLC38A10;SLCO1A2;FOLR1;SLC17A7;ABCD3;SLC6A7;MAP2K6;OXT;APBA1;SLC26A1;TNFSF11;FABP7;CASR;SLC17A9;LEP;APOE;GNAT2;CYP4F2;SLC16A8;SLC17A4;TRH	TUB	GO_BP	no_proc_ieg	10347
GOBP_REGULATION_OF_G_PROTEIN_COUPLED_RECEPTOR_SIGNALING_PATHWAY	-1.4009492434553217	0.02631578947368421	0.30119306181409267	28/118	RGS3;GRK4;APLP1;ADM;ARR3;GNAT1;PTGDR2;CAMK2A;SLC39A14;SSTR4;RGS7;ZDHHC3;NECAB2;PHB1;KLK5;OPRL1;PRKCA;RGS6;RGS2;PDE6H;DRD3;DRD2;HTR1B;RGS16;GNG7;PHF24;ROCK2;NOS1	TUB	GO_BP	no_proc_ieg	10347
GOBP_INTESTINAL_EPITHELIAL_CELL_DIFFERENTIATION	-1.4010479523572463	0.06933333333333333	0.30229947504451987	5/23	CDKN1A;PYY;PTK6;KLF5;NPY	TUB	GO_BP	no_proc_ieg	10347
GOBP_REGULATION_OF_CALCIUM_ION_TRANSMEMBRANE_TRANSPORTER_ACTIVITY	-1.404036295497302	0.05555555555555555	0.29795650656701433	19/45	HAP1;CALML3;CACNA2D1;CASQ1;STAC;ANK2;CACNB1;JPH3;CACNB4;JPH2;DRD3;DRD2;CALM1;AKAP6;NPPA;NOS1;ATP1A2;CASQ2;CRHR1	TUB	GO_BP	no_proc_ieg	10347
GOBP_REGULATION_OF_BLOOD_CIRCULATION	-1.4053392959011386	0.006993006993006993	0.2968947438477177	65/209	HBEGF;GNAO1;ADM;ADRA1B;SLC1A1;KCNMB4;KCNE2;GCH1;CACNA2D1;MYL3;SCN3B;YWHAE;SLC4A3;TBXA2R;KCNG2;CHRM2;SNTA1;STC1;RYR2;HTR1A;TNNI3;ANK2;KCNA5;KCNH2;ADCY10;ITGA9;ADRA1D;RGS2;KCND3;MTNR1B;TBX5;EGFR;DRD2;KCNIP2;SCN2B;CALM1;BDKRB2;KCNH6;KCNN2;NPPA;NOS1;KCNQ1;ADRA1A;ZC3H12A;DBH;ADM2;ATP2B2;ATP1A2;CASQ2;TACR3;SPTBN4;KCNE5;CTNNA3;OXT;KCND2;NKX2-5;P2RX1;HCN4;POPDC2;SMAD7;SLC8A2;CASR;UCN;LEP;CACNA1G	TUB	GO_BP	no_proc_ieg	10347
GOBP_MULTICELLULAR_ORGANISMAL_MOVEMENT	-1.4069192225772889	0.05423728813559322	0.2953927556154002	18/43	CHRND;CASQ1;STAC;ASCL1;TNNI3;MAP1A;TNNC2;TNNI1;DRD3;MTOR;ACTN3;SCN4A;ATP8A2;CHRNA1;NPPC;TNNT1;COL6A1;TCAP	TUB	GO_BP	no_proc_ieg	10347
GOBP_COLUMNAR_CUBOIDAL_EPITHELIAL_CELL_DEVELOPMENT	-1.4122408686401315	0.03666666666666667	0.28692022204712897	10/42	RARB;CDKN1A;NKX2-2;RARG;KLF5;BMP5;INSM1;RARA;SMO;YIPF6	TUB	GO_BP	no_proc_ieg	10347
GOBP_SYNAPTIC_TRANSMISSION_GLUTAMATERGIC	-1.4127739658909613	0.011583011583011582	0.2873552545250519	34/75	PRKN;GRIK5;GRIK4;GRID2;GRM1;HDAC6;CACNB4;DRD3;ABCC8;EGFR;DRD2;GRM2;HTR1B;CACNG2;GRIN2B;CNR1;IQSEC2;GRM7;GRM3;UNC13A;KMO;ATP1A2;GRIK3;GRM8;NRXN1;SLC17A7;CACNG5;CACNG4;P2RX1;NLGN3;GRIN1;UCN;CDH8;NAPA	TUB	GO_BP	no_proc_ieg	10347
GOBP_MAMMARY_GLAND_ALVEOLUS_DEVELOPMENT	-1.413276140138597	0.08933002481389578	0.2878094887233506	7/16	TGFA;SOCS2;ESR1;VEGFA;EGF;FOXB1;FOXF1	TUB	GO_BP	no_proc_ieg	10347
GOBP_REGULATION_OF_REACTIVE_OXYGEN_SPECIES_BIOSYNTHETIC_PROCESS	-1.4158437807356004	0.06318681318681318	0.2845962074851567	8/29	CFLAR;ARG2;ABCB7;UCP1;ABCD1;FOXO3;FYN;ADCY10	TUB	GO_BP	no_proc_ieg	10347
GOBP_REGULATION_OF_RIG_I_SIGNALING_PATHWAY	-1.4172820945674454	0.09610389610389611	0.28336667317862524	4/16	SEC14L1;TRIM15;GPATCH3;DHX58	TUB	GO_BP	no_proc_ieg	10347
GOBP_REGULATION_OF_DENDRITE_EXTENSION	-1.4184383458990468	0.06860158311345646	0.2826816062629259	9/18	PRKN;ITSN2;NEDD4L;CPNE6;UNC13A;SPAG9;RIMS1;RIMS2;PLAA	TUB	GO_BP	no_proc_ieg	10347
GOBP_CAMP_MEDIATED_SIGNALING	-1.4197544598744034	0.036544850498338874	0.28158168006938916	18/48	ADM;GPR3;ADCYAP1R1;PEX5L;OPRL1;PDE1B;PDE6A;PDE9A;PDE4C;PDE8A;ADCY1;PDE6B;PDE3B;ADCYAP1;CRH;EPHA5;GIP;UCN	TUB	GO_BP	no_proc_ieg	10347
GOBP_RESPONSE_TO_AMPHETAMINE	-1.4222672255285103	0.07633587786259542	0.2786065129168451	15/26	SLC1A1;RGS7;DRD5;HDAC6;PDE1B;RGS2;DRD2;DBH;OXT;RGS9;ASIC1;GRIN2A;DRD1;CNR2;DRD4	TUB	GO_BP	no_proc_ieg	10347
GOBP_CATECHOLAMINE_SECRETION	-1.4231490085153917	0.03987730061349693	0.27856795375046345	20/41	GNAT1;CARTPT;PRKN;GHSR;DRD3;DRD2;GRM2;HTR1B;CNR1;OXT;CRH;CHRNA6;CHRNA4;STX1A;SDHD;OPRK1;KCNB1;CHRNB2;CHGA;GABBR1	TUB	GO_BP	no_proc_ieg	10347
GOBP_PROTEIN_TRANSMEMBRANE_IMPORT_INTO_INTRACELLULAR_ORGANELLE	-1.423590654620402	0.04810126582278481	0.2791373216509872	7/20	PEX7;GRPEL1;PEX5L;TIMM17B;PEX10;PEX26;PEX5	TUB	GO_BP	no_proc_ieg	10347
GOBP_RESPONSE_TO_STARVATION	-1.4244135075606696	0.0	0.279064031502866	24/134	DDIT3;GABARAPL1;PDK4;BCAS3;ADM;ACAT1;PFKFB1;CDKN1A;HMGCS2;CARTPT;ALB;SSTR2;WDR45;PCK1;KPTN;TFEB;SSTR3;FOXO3;WIPI1;LARP1;SLC34A1;SREBF2;PLIN2;SLC38A3	TUB	GO_BP	no_proc_ieg	10347
GOBP_MEMBRANE_DEPOLARIZATION_DURING_CARDIAC_MUSCLE_CELL_ACTION_POTENTIAL	-1.4254502133887743	0.08	0.27856653709219553	12/18	CACNA2D1;SCN3B;ANK2;SCN2B;ATP1A2;HCN4;CACNA1G;CACNA1C;CACNA1D;CACNB2;SCN5A;RANGRF	TUB	GO_BP	no_proc_ieg	10347
GOBP_LONG_TERM_MEMORY	-1.4286671587641087	0.06060606060606061	0.27443129733817456	11/28	LDLR;KAT2A;PJA2;DRD2;SRF;ADCY1;NFATC4;ADCY8;PRNP;APOE;ARC	TUB	GO_BP	no_proc_ieg	10347
GOBP_ORGANIC_HYDROXY_COMPOUND_CATABOLIC_PROCESS	-1.429054061201876	0.021806853582554516	0.2751253451116648	18/42	CYP3A4;CYP4F12;CYP27B1;TPI1;ALDH1B1;SLC6A3;LCT;PDE1B;SULT1B1;MAOA;DBH;DIO3;CYP4A11;FGF23;GK2;TKFC;APOE;CYP4F2	TUB	GO_BP	no_proc_ieg	10347
GOBP_PTERIDINE_CONTAINING_COMPOUND_METABOLIC_PROCESS	-1.4300858637255118	0.05459770114942529	0.27459087206575666	12/25	GCH1;QDPR;SHMT1;ALDH1L1;FTCD;SLC25A32;SLC19A1;MTR;FOLR1;PCBD1;GGH;FPGS	TUB	GO_BP	no_proc_ieg	10347
GOBP_METANEPHRIC_NEPHRON_DEVELOPMENT	-1.4310264990814827	0.0650887573964497	0.2743264376344996	13/30	HES1;CTNNB1;NPHS2;PKD1;SMO;LGR4;PDGFB;PAX2;WT1;KIF26B;WNT4;RET;PDGFRA	TUB	GO_BP	no_proc_ieg	10347
GOBP_CELLULAR_RESPONSE_TO_CAMP	-1.4322305333962755	0.02912621359223301	0.2734845910762946	17/41	SLC5A5;PCK1;ASS1;SLC26A3;STC1;ITPR2;EZR;GPD1;PENK;INPP5K;AKAP6;KCNQ1;AQP8;KDM1A;WNT10B;HCN4;WT1	TUB	GO_BP	no_proc_ieg	10347
GOBP_ADENYLATE_CYCLASE_INHIBITING_G_PROTEIN_COUPLED_RECEPTOR_SIGNALING_PATHWAY	-1.4323402976657584	0.038869257950530034	0.2746399178276165	25/61	MTNR1A;HTR1E;SSTR2;PTGDR2;GRM1;HRH3;CHRM2;CHRM5;OPRL1;HTR1A;RGS2;RGS1;DRD3;DRD2;GRM2;HTR1B;MCHR1;GRM7;HRH4;GRM3;HTR5A;HTR1D;GPR37L1;GRIK3;GRM8	TUB	GO_BP	no_proc_ieg	10347
GOBP_MONOSACCHARIDE_BIOSYNTHETIC_PROCESS	-1.4337970146335075	0.011320754716981131	0.27331487690827433	28/70	PFKFB1;SLC39A14;G6PC1;KAT2A;PCK1;TPI1;SLC37A4;ENO3;GNMT;ALDOB;CLK2;FBP2;GPD1;ALDOC;PPARGC1A;PGK2;INS;ZNF692;SLC25A13;GOT1;FOXO1;PDK2;G6PC2;LEP;RBP4;PGAM2;PGK1;MDH2	TUB	GO_BP	no_proc_ieg	10347
GOBP_ORGANIC_ACID_TRANSPORT	-1.4351921978548567	0.0	0.272334443285804	80/240	SLC16A7;SLC13A2;SLC1A1;SLCO4A1;NR0B2;SLC1A5;SLC6A5;SSTR4;SLC13A3;SLC10A1;SLC7A1;SLC3A2;SLCO1C1;MPC1;ABCD1;PLA2G2E;SLC26A3;GRM1;SLC10A3;TSPO2;ACACB;PLA2G10;FABP1;UMOD;NOS2;SLC43A1;SFXN1;FABP6;CACNB4;SLC19A2;RGS2;PLIN2;SLC22A6;ABCC2;FABP2;SLC38A3;GFAP;SLC6A15;SLC6A13;DRD3;ABCC8;SLC25A32;DRD2;GRM2;HTR1B;AGXT;SLC1A6;PLA2G2D;BDKRB2;SLC10A2;GRM7;SLC25A44;SLC19A1;SLC22A8;SLC25A20;SLC25A13;SLC1A7;PMP2;CYP4A11;KMO;BEST1;ATP1A2;SLC7A10;SLC38A10;SLCO1A2;FOLR1;SLC17A7;ABCD3;SLC6A7;MAP2K6;OXT;APBA1;SLC26A1;TNFSF11;FABP7;CASR;LEP;APOE;GNAT2;CYP4F2	TUB	GO_BP	no_proc_ieg	10347
GOBP_NEGATIVE_REGULATION_OF_HORMONE_SECRETION	-1.4356743568532147	0.02622950819672131	0.2729150198644973	25/55	GNAO1;IRS1;CARTPT;PRKN;INHA;GHSR;CRY2;MTNR1B;ABCC8;DRD2;ENY2;NPVF;REST;FGF23;FOXO1;IL11;CRH;OSM;RAB11FIP3;UCN;LEP;OPRK1;KCNB1;CHGA;FFAR2	TUB	GO_BP	no_proc_ieg	10347
GOBP_DIENCEPHALON_DEVELOPMENT	-1.4360381957649189	0.014814814814814815	0.27372930151575275	29/64	HAP1;HES1;OGDH;GHRH;UBB;SLC6A3;CTNNB1;PROP1;GLI1;FOXB1;DRD2;NDNF;LHX3;NR0B1;SMO;RAX;WNT1;CRH;NKX2-1;SRD5A2;GBX2;PITX1;OLIG2;POU1F1;CNTNAP2;CHRNB2;PLXNA3;WNT4;HESX1	TUB	GO_BP	no_proc_ieg	10347
GOBP_CELLULAR_RESPONSE_TO_ESTROGEN_STIMULUS	-1.4365070994964033	0.060453400503778336	0.27432272237277444	4/15	BCAS3;ESR2;ARID5A;ESR1	TUB	GO_BP	no_proc_ieg	10347
GOBP_PHOTORECEPTOR_CELL_DEVELOPMENT	-1.4385965155534484	0.0469208211143695	0.272401152192824	13/33	GNAT1;NRL;AHI1;ARL3;VEGFA;RPGRIP1;CRB1;USH1C;DIO3;MYO7A;GNAT2;TULP1;ROM1	TUB	GO_BP	no_proc_ieg	10347
GOBP_REGULATION_OF_NEUROTRANSMITTER_SECRETION	-1.4399772320661006	0.010452961672473868	0.27131783509832746	13/52	KCNMB4;CAMK2A;SYN1;PRKN;BAIAP3;RAB3A;PPFIA2;SNCAIP;PRKCG;TSPOAP1;CACNB4;CPLX3;HTR1B	TUB	GO_BP	no_proc_ieg	10347
GOBP_ENDOCRINE_PANCREAS_DEVELOPMENT	-1.4425208230017568	0.04100946372239748	0.2683120136137862	15/33	HES1;NKX2-2;BMP5;FOXA2;INSM1;IL6;IL6R;SMO;GIP;GIPR;NEUROD1;MNX1;ONECUT2;ONECUT1;GDF11	TUB	GO_BP	no_proc_ieg	10347
GOBP_SKELETAL_MUSCLE_CONTRACTION	-1.44408954533284	0.059190031152647975	0.2668887591588567	14/30	CHRND;CASQ1;STAC;TNNI3;TNNC2;TNNI1;ACTN3;SCN4A;ATP8A2;CHRNA1;TNNT1;TCAP;ATP2A1;TNF	TUB	GO_BP	no_proc_ieg	10347
GOBP_POSITIVE_REGULATION_OF_FAT_CELL_DIFFERENTIATION	-1.4444014562637775	0.022653721682847898	0.2676857007138798	9/45	NOCT;CEBPB;BMP7;ZBTB7C;ADIRF;KLF5;PIM1;ZBTB7B;ZBTB16	TUB	GO_BP	no_proc_ieg	10347
GOBP_OVULATION_CYCLE_PROCESS	-1.445383824636194	0.039473684210526314	0.26725823419074446	11/45	CGA;AFP;FZD4;ESR1;FOXO3;KISS1;NR5A1;RETN;TGFB3;FSHB;NPR2	TUB	GO_BP	no_proc_ieg	10347
GOBP_RENAL_SYSTEM_PROCESS	-1.446438267255563	0.00784313725490196	0.26684947538998244	31/97	ADM;SLC12A3;CYP4F12;KLHL3;PRKACG;CLCN5;SCNN1B;OR51E2;STC1;CLCNKB;OPRL1;NPHS2;SLC4A5;UMOD;ADGRF5;CYP11B2;SLC22A6;SCN11A;AQP3;DRD2;INPP5K;KCNQ1;PDGFB;SERPINF2;CYP4A11;GSN;XPNPEP3;AQP2;TRPV5;CHRNA3;OXT	TUB	GO_BP	no_proc_ieg	10347
GOBP_NEUROTRANSMITTER_TRANSPORT	-1.44657948424242	0.0049504950495049506	0.2679788528473515	46/138	SLC1A1;KCNMB4;CAMK2A;SYN1;PRKN;LIN7B;SLC6A5;BAIAP3;GRIK5;HRH3;RAB3A;CADPS;SLC6A3;PPFIA2;ICA1;SNCAIP;PRKCG;TSPOAP1;SLC22A4;CACNB4;DOC2A;SYN3;CPLX3;GFAP;SLC6A15;SLC6A13;DRD3;ABCC8;DRD2;HTR1B;SNPH;SLC1A6;SLC6A4;NOS1;SLC1A7;UNC13A;KMO;BEST1;ATP1A2;HCRT;NRXN1;SLC17A7;SLC6A7;CHRNA3;P2RX1;GABRQ	TUB	GO_BP	no_proc_ieg	10347
GOBP_POSITIVE_REGULATION_OF_MULTICELLULAR_ORGANISM_GROWTH	-1.449310076163834	0.061971830985915494	0.26507117573396494	13/26	GHRH;GPR21;GH1;SLC6A3;GHSR;EZR;DRD2;SMO;DIO3;SPTBN4;ATP8A2;PEX5;GHR	TUB	GO_BP	no_proc_ieg	10347
GOBP_REGULATION_OF_ENDOTHELIAL_CELL_DIFFERENTIATION	-1.449572545117285	0.04201680672268908	0.26599722418348537	10/28	APOLD1;XDH;ETV2;CTNNB1;VEGFA;TMEM100;ROCK2;GDF2;ADD1;ZEB1	TUB	GO_BP	no_proc_ieg	10347
GOBP_NEPHRON_MORPHOGENESIS	-1.4520898097181092	0.026845637583892617	0.26343835279803296	22/58	BMP7;CTNNBIP1;KLHL3;HES1;AHI1;GPC3;GLI3;CTNNB1;GREB1L;VEGFA;WNT11;PKD1;SMO;LGR4;WNT1;SIX1;PAX2;WT1;KIF26B;FGF1;WNT4;CITED1	TUB	GO_BP	no_proc_ieg	10347
GOBP_PURINE_RIBONUCLEOSIDE_METABOLIC_PROCESS	-1.4533273374176696	0.061068702290076333	0.2628377240418982	5/15	PNP;XDH;GNMT;DGUOK;ADK	TUB	GO_BP	no_proc_ieg	10347
GOBP_POSITIVE_REGULATION_OF_LIPID_BIOSYNTHETIC_PROCESS	-1.4536078107670554	0.03728813559322034	0.26383842378648503	14/64	CGA;ADM;LDLR;CHP1;PCK1;ABCD1;PRKCD;ZBTB20;ABCG4;ADGRF5;MLXIPL;PLA2G6;FSHB;SREBF2	TUB	GO_BP	no_proc_ieg	10347
GOBP_SULFUR_AMINO_ACID_METABOLIC_PROCESS	-1.4544886771668153	0.06925207756232687	0.2637322287607381	8/25	MMUT;BHMT2;GNMT;NOX4;AGXT;DPEP1;GCLC;MTR	TUB	GO_BP	no_proc_ieg	10347
GOBP_EYE_PHOTORECEPTOR_CELL_DEVELOPMENT	-1.4588534093697554	0.05322128851540616	0.25819323901729546	10/25	GNAT1;NRL;VEGFA;RPGRIP1;CRB1;USH1C;DIO3;MYO7A;GNAT2;TULP1	TUB	GO_BP	no_proc_ieg	10347
GOBP_MONOATOMIC_ANION_TRANSPORT	-1.4621382641548435	0.004830917874396135	0.25389373923400443	37/115	GABRR2;SLC12A3;SLC5A5;SLC1A1;CLCA1;SLC39A14;CLCN5;CLIC5;GABRR1;SLC4A3;TG;SLC26A3;STC1;CLCNKB;SLC17A1;SLC4A5;GLRA1;CA7;SLC4A4;AHCYL1;GABRD;SLC22A6;ABCC2;CA2;GABRA1;BEST2;OCA2;SLC25A14;SLC4A7;ANO3;CLCN1;KCNQ1;SLC19A1;CLCN7;GABRA4;SLC1A7;GABRE	TUB	GO_BP	no_proc_ieg	10347
GOBP_CARDIAC_CONDUCTION	-1.4627809060528754	0.014598540145985401	0.2541526227902301	42/75	KCNE2;CACNA2D1;SCN3B;YWHAE;SLC4A3;RYR2;ANK2;KCNA5;KCNH2;KCND3;TBX5;SCN2B;CALM1;KCNH6;KCNN2;KCNQ1;ATP2B2;ATP1A2;CASQ2;SPTBN4;KCNE5;CTNNA3;NKX2-5;HCN4;SLC8A2;CACNA1G;CACNA1C;CACNA1D;ATP1B2;ATP2B3;ATP2A1;BIN1;SRC;CACNB2;ATP1A3;HRC;ATP2A3;SCN5A;RANGRF;KCNJ5;GJC1;ISL1	TUB	GO_BP	no_proc_ieg	10347
GOBP_NEGATIVE_ADAPTATION_OF_SIGNALING_PATHWAY	-1.4633818795718128	0.059113300492610835	0.25465390535527627	7/15	ADM;ARR3;ENTREP1;NECAB2;DRD3;DRD2;HTR1B	TUB	GO_BP	no_proc_ieg	10347
GOBP_MYOBLAST_PROLIFERATION	-1.463785866080775	0.04709141274238227	0.25557455863592166	5/18	FGFBP1;SOX15;CTNNB1;KCNA5;ZNF609	TUB	GO_BP	no_proc_ieg	10347
GOBP_REGULATION_OF_RESPONSE_TO_NUTRIENT_LEVELS	-1.4656993652064187	0.03260869565217391	0.2538100822995788	8/26	CARTPT;CYP27B1;GDF15;RXRA;NPY;PRKCG;GHSR;VDR	TUB	GO_BP	no_proc_ieg	10347
GOBP_AMINE_METABOLIC_PROCESS	-1.4666311845384814	0.003663003663003663	0.25369958181738395	39/85	KYNU;SLC1A1;GCH1;PRKN;PRG3;AOC2;HNMT;SLC6A3;HTR1A;HDAC6;SNCAIP;ALDH7A1;PDE1B;NAAA;GDPD3;DDC;HDC;DRD3;DRD2;SULT1B1;HAAO;INSM1;MAOA;ATP7A;INS;DBH;KMO;PNMT;TACR3;KL;GNAT2;BHMT;TRH;HAND2;CHRNB2;SNCB;GRIN2A;AOC1;DRD1	TUB	GO_BP	no_proc_ieg	10347
GOBP_VASCULAR_TRANSPORT	-1.4667907663706816	0.013422818791946308	0.25483143375475065	16/64	SLC16A7;SLC5A5;SLC1A1;TFRC;SLC1A5;SLC13A3;SLC7A1;SLC4A3;SLCO1C1;ATP8A1;SLC2A3;SLC4A4;ABCC2;SLC38A3;SLC6A13;SLC22A5	TUB	GO_BP	no_proc_ieg	10347
GOBP_RESPIRATORY_GASEOUS_EXCHANGE_BY_RESPIRATORY_SYSTEM	-1.4684796448075847	0.014134275618374558	0.2535379787874358	22/54	ZFAND5;HNMT;COX5B;UCP3;RAB3A;TAS2R4;FTO;PHOX2B;GLRA1;SFTPB;PHOX2A;ECEL1;GLS;FLT4;ATP1A2;SFTPC;DNAH9;NLGN3;TCF15;COL6A1;TRAF4;GRPR	TUB	GO_BP	no_proc_ieg	10347
GOBP_VERY_LONG_CHAIN_FATTY_ACID_METABOLIC_PROCESS	-1.4706656341112823	0.05804749340369393	0.25126414720224116	9/22	CYP4F12;ABCD1;ACAA1;ACOX2;ELOVL4;ELOVL2;ABCD3;PEX5;CYP4F2	TUB	GO_BP	no_proc_ieg	10347
GOBP_VENTRICULAR_CARDIAC_MUSCLE_CELL_ACTION_POTENTIAL	-1.4746664576122948	0.055401662049861494	0.24640853839080545	13/27	KCNE2;SCN3B;SNTA1;NEDD4L;RYR2;ANK2;KCNH2;KCND3;SCN2B;NOS1;KCNQ1;KCNE5;CTNNA3	TUB	GO_BP	no_proc_ieg	10347
GOBP_CIRCULATORY_SYSTEM_PROCESS	-1.4748654780570676	0.0	0.24743445107514356	149/474	FERMT2;HBEGF;SLC16A7;GNAO1;ADM;F5;ADRA1B;SLC5A5;KLK1;SLC1A1;CTNNBIP1;KCNMB4;CARTPT;CYP4F12;KCNE2;GCH1;TFRC;TAFAZZIN;CACNA2D1;MYL3;SLC1A5;SCNN1B;SCN3B;SLC13A3;CALCA;KNG1;YWHAE;SLC7A1;SLC4A3;TBXA2R;SLCO1C1;TEK;NAV2;SLC2A5;KCNG2;CHRM2;OR51E2;SNTA1;SGCG;NEDD4L;STC1;RYR2;OPRL1;DRD5;HTR1A;SLC4A5;NPY;AZU1;ATP8A1;TNNI3;FYN;ANK2;KCNA5;VEGFA;KCNH2;UMOD;NOS2;ADCY10;SLC2A3;SCN2A;ITGA9;ADRA1D;SLC4A4;RGS2;KCND3;CYP11B2;HTR7;MTNR1B;MYL7;ABCC2;NOX4;SCN11A;TBX5;AKAP13;SLC38A3;NPR2;SLC6A13;WWTR1;TNNI1;DRD3;ABCC8;SLC22A5;EGFR;DRD2;KCNIP2;HTR1B;DDAH1;SCN2B;NOX1;CRP;CALM1;BDKRB2;SLC6A4;KCNH6;CNR1;ROCK2;GCLC;KCNN2;NPPA;NOS1;ACSM3;KCNQ1;ADRA1A;SLC19A1;ZC3H12A;MTOR;INS;ACTC1;SLC22A8;HTR1D;DBH;ADM2;TJP3;PDGFB;SERPINF2;ATP2B2;GPR37L1;LRP3;CYP4A11;GSN;ATP1A2;CASQ2;TACR3;SPTBN4;BDKRB1;KCNE5;MAP2K6;CTNNA3;SCN4A;OXT;KCND2;KL;CRH;NKX2-5;P2RX1;NPPC;EPO;HCN4;P2RX2;POPDC2;SMAD7;SLC8A2;CASR;UCN;LEP;APOE;ADRB3;CACNA1G;CYP4F2	TUB	GO_BP	no_proc_ieg	10347
GOBP_SPINAL_CORD_MOTOR_NEURON_DIFFERENTIATION	-1.4789722482516734	0.062146892655367235	0.2425324329958444	10/19	NKX2-2;GLI3;ABT1;PHOX2A;ZC4H2;LHX3;DYNC2H1;LMO4;OLIG2;LBX1	TUB	GO_BP	no_proc_ieg	10347
GOBP_KERATINIZATION	-1.4796519768323795	0.03614457831325301	0.24285855095978426	19/34	SPRR3;TGM1;KRT6B;KRT75;KRT1;KLK5;KRT76;KRT81;KRT16;KRT84;KRT17;IVL;CDSN;KRT2;EVPL;SHARPIN;LCE2B;SPRR1A;KRT83	TUB	GO_BP	no_proc_ieg	10347
GOBP_GLUCOSE_METABOLIC_PROCESS	-1.48047394723671	0.0	0.24306425634227458	40/136	PDK4;PFKFB2;IRS1;PFKFB1;PRKN;SLC39A14;RORC;G6PC1;KAT2A;PCK1;TPI1;SLC37A4;APOD;ENO3;GNMT;ACACB;ALDOB;ADCY10;TKTL1;CLK2;FBP2;GPD1;GAPDHS;RORA;ALDOC;PPARGC1A;DLAT;FOXA2;PGK2;ADIPOR1;KCNQ1;INS;ZNF692;SLC25A13;PHKG2;GOT1;ACTN3;INPPL1;FOXO1;PDK2	TUB	GO_BP	no_proc_ieg	10347
GOBP_AMINO_ACID_TRANSPORT	-1.481924679048971	0.004132231404958678	0.2424764424026988	49/104	SLC1A1;SLC1A5;SLC6A5;SLC7A1;SLC3A2;GRM1;TSPO2;SLC6A3;SLC43A1;SFXN1;SLC22A4;CACNB4;RGS2;SLC38A3;GFAP;SLC6A15;SLC6A13;ABCC8;GRM2;HTR1B;SLC1A6;SLC6A4;GRM7;SLC25A44;SLC25A13;SLC1A7;KMO;BEST1;ATP1A2;SLC7A10;SLC38A10;SLC17A7;SLC6A7;APBA1;SLC6A2;LEP;GNAT2;TRH;SLC7A4;SLC11A1;TTYH1;KCNJ10;GABBR1;PRKG1;AVP;NTSR1;TNF;ABAT;TRPC4	TUB	GO_BP	no_proc_ieg	10347
GOBP_REGULATION_OF_CAMP_MEDIATED_SIGNALING	-1.483558531374936	0.05865921787709497	0.24141180341967747	8/18	GPR3;ADCYAP1R1;PEX5L;OPRL1;CRH;GIP;UCN;GIPR	TUB	GO_BP	no_proc_ieg	10347
GOBP_EXPORT_ACROSS_PLASMA_MEMBRANE	-1.4836902040945825	0.025477707006369428	0.2425977635989326	23/45	KCNE2;ATP12A;YWHAE;KCNA5;KCNH2;SLC4A4;KCND3;KCNK5;SLC22A5;KCNIP2;CALM1;NPPA;KCNQ1;ATP1B3;ATP4A;ATP1A2;KCNE5;SLC8A2;KCNB1;ATP1B2;RGS9;ATP2B3;ABCG2	TUB	GO_BP	no_proc_ieg	10347
GOBP_REGULATION_OF_VASCULAR_PERMEABILITY	-1.4846375425139422	0.04819277108433735	0.24277336967113175	14/37	FERMT2;ADM;CTNNBIP1;TEK;AZU1;VEGFA;ABCC8;DDAH1;BDKRB2;TJP3;UCN;APOE;TJP2;ANGPT1	TUB	GO_BP	no_proc_ieg	10347
GOBP_INDOLE_CONTAINING_COMPOUND_METABOLIC_PROCESS	-1.4892641410297187	0.060240963855421686	0.2367929382591343	8/15	KYNU;HTR1A;PDE1B;SLC34A1;DDC;HAAO;ATP7A;KMO	TUB	GO_BP	no_proc_ieg	10347
GOBP_NUCLEOSIDE_BISPHOSPHATE_METABOLIC_PROCESS	-1.4919255541150465	0.00784313725490196	0.23393233423001045	13/77	AASS;PDK4;ACAT1;HMGCS2;MMUT;OGDH;ACOT7;BAAT;ABCD1;ACLY;ACOT11;ACACB;GLYAT	TUB	GO_BP	no_proc_ieg	10347
GOBP_RESPONSE_TO_NUTRIENT_LEVELS	-1.4931258440759885	0.0	0.23344418591358188	118/368	DDIT3;GABARAPL1;PDK4;BCAS3;ADM;SLC12A3;ACAT1;KYNU;PFKFB1;F5;BMP7;CDKN1A;HMGCS2;LDLR;CARTPT;ALB;SSTR2;TFRC;UCP1;WDR45;CYP27B1;SCNN1B;GHRH;KAT2A;LRAT;PCK1;SLC10A1;GAD2;FGF21;GDF15;ALPL;TBXA2R;ASS1;KPTN;TFEB;SSTR3;PIM1;UCP3;FOXO3;GH1;ABCG5;ARSB;STC1;RXRA;ACACB;ASCL1;PRKAG2;NPY;WIPI1;FABP1;PRKCG;CAT;WNT11;GAST;SCTR;MLXIPL;ENSA;LARP1;MC4R;GHSR;HTR4;VDR;SLC34A1;SREBF2;PLIN2;ALAD;AQP3;SLC38A3;PENK;TSHB;EGFR;CIDEB;SRF;PPARGC1A;CSHL1;SLC6A4;SLC39A4;FOXA2;CNR1;GCLC;RARA;CHSY1;MAPKAP1;ZC3H12A;MTOR;CLEC16A;HFE;MAPK8;PRL;ZEB1;FGF23;HCRT;FOXO1;FOLR1;PDK2;EIF2AK1;MPO;OTC;OXT;PRMT1;LPL;KL;PAX2;NPPC;SRD5A2;FAM107A;EPO;PRLH;SEH1L;CNTN2;LIPG;GIP;CASR;ULK1;UCN;LEP;APOE;ADRB3	TUB	GO_BP	no_proc_ieg	10347
GOBP_RESPONSE_TO_CORTICOSTEROID	-1.4996054519357047	0.0049504950495049506	0.2250171113869186	27/118	KLF9;CFLAR;ADM;SLC12A3;PFKFB1;CDKN1A;HMGCS2;SSTR2;SSTR4;SCNN1B;PCK1;ALPL;ASS1;SSTR3;UCP3;FOXO3;STC1;HDAC6;CASP9;HSD3B1;IL22;GHSR;ALAD;TFAP4;PTPRU;EGFR;HTR1B	TUB	GO_BP	no_proc_ieg	10347
GOBP_ENTEROENDOCRINE_CELL_DIFFERENTIATION	-1.4997096814733704	0.03977272727272727	0.2262835383224008	6/24	HES1;NKX2-2;ASCL1;BMP5;INSM1;SMO	TUB	GO_BP	no_proc_ieg	10347
GOBP_RESPONSE_TO_FATTY_ACID	-1.5004689797157789	0.02147239263803681	0.22662779539900774	10/47	PDK4;IRS1;HMGCS2;LDLR;HES1;UCP1;ASS1;FOXO3;OR51E2;CAT	TUB	GO_BP	no_proc_ieg	10347
GOBP_BRANCHED_CHAIN_AMINO_ACID_METABOLIC_PROCESS	-1.5009758187454059	0.04774535809018567	0.22732597518585151	7/21	ACAT1;ALDH6A1;ACADSB;PCCA;DBT;SLC25A44;MCCC1	TUB	GO_BP	no_proc_ieg	10347
GOBP_REGULATION_OF_POTASSIUM_ION_TRANSMEMBRANE_TRANSPORTER_ACTIVITY	-1.503307632133066	0.03081232492997199	0.225148191339931	15/31	KCNE2;YWHAE;NEDD4L;ANK2;KCNIP2;AKAP6;NPPA;ATP1B3;CASQ2;KCNE5;KCNS1;KCNG1;CACNA1D;ACTN2;ATP1B2	TUB	GO_BP	no_proc_ieg	10347
GOBP_PHOTOPERIODISM	-1.504776290911768	0.05913978494623656	0.22433760563158678	5/17	BHLHE40;USP2;PER3;PER1;CRY2	TUB	GO_BP	no_proc_ieg	10347
GOBP_VASCULAR_PROCESS_IN_CIRCULATORY_SYSTEM	-1.505388803103672	0.00641025641025641	0.2248136157235136	58/214	FERMT2;SLC16A7;ADM;ADRA1B;SLC5A5;SLC1A1;CTNNBIP1;KCNMB4;GCH1;TFRC;SLC1A5;SCNN1B;SLC13A3;CALCA;KNG1;SLC7A1;SLC4A3;TBXA2R;SLCO1C1;TEK;SNTA1;DRD5;HTR1A;AZU1;ATP8A1;KCNA5;VEGFA;SLC2A3;ITGA9;ADRA1D;SLC4A4;RGS2;HTR7;MTNR1B;ABCC2;SLC38A3;SLC6A13;ABCC8;SLC22A5;EGFR;HTR1B;DDAH1;CRP;BDKRB2;SLC6A4;ROCK2;GCLC;NPPA;NOS1;ADRA1A;SLC19A1;INS;SLC22A8;HTR1D;DBH;TJP3;SERPINF2;LRP3	TUB	GO_BP	no_proc_ieg	10347
GOBP_CD4_POSITIVE_OR_CD8_POSITIVE_ALPHA_BETA_T_CELL_LINEAGE_COMMITMENT	-1.5088603835392331	0.0390625	0.22076288473772993	8/20	IL23A;OPA1;FOXP3;CTSL;IL6;IL6R;MTOR;CYLD	TUB	GO_BP	no_proc_ieg	10347
GOBP_FATTY_ACID_DERIVATIVE_METABOLIC_PROCESS	-1.509302240701178	0.012944983818770227	0.22150339971780003	16/44	ACAT1;HMGCS2;CYP4F12;ACOT7;ABCD1;HPGD;PECR;ALDH3A2;ALOX12;DPEP1;ACSS3;ELOVL4;ELOVL2;PPT2;CYP4A11;ALOX15	TUB	GO_BP	no_proc_ieg	10347
GOBP_C4_DICARBOXYLATE_TRANSPORT	-1.5108020798864503	0.03611111111111111	0.22079312083464708	7/21	SLC13A2;SLC1A1;SLC1A5;SLC13A3;GFAP;SLC1A6;SLC25A13	TUB	GO_BP	no_proc_ieg	10347
GOBP_ANTERIOR_POSTERIOR_AXIS_SPECIFICATION	-1.5130615423208682	0.017094017094017096	0.21851564789869518	16/41	DDIT3;CDX1;TBXT;ETS2;LEFTY1;GPC3;CTNNB1;FRS2;PCSK6;ZIC3;CDX4;SRF;FOXA2;CER1;LDB1;LEFTY2	TUB	GO_BP	no_proc_ieg	10347
GOBP_CELLULAR_RESPONSE_TO_PH	-1.5155686077043347	0.05080213903743316	0.21609021331479805	4/17	CHP1;SCNN1B;INSRR;HYAL1	TUB	GO_BP	no_proc_ieg	10347
GOBP_REGULATION_OF_NUCLEOTIDE_BIOSYNTHETIC_PROCESS	-1.517454806136094	0.04709141274238227	0.21492201616828283	5/21	PDK4;TAFAZZIN;GUCA1B;NOS2;ADCY10	TUB	GO_BP	no_proc_ieg	10347
GOBP_AMINO_ACID_TRANSMEMBRANE_TRANSPORT	-1.5175777474378338	0.02054794520547945	0.2161779183010416	23/62	SLC1A1;SLC1A5;SLC6A5;SLC7A1;SLC3A2;GRM1;TSPO2;SLC43A1;SFXN1;SLC22A4;RGS2;SLC38A3;GFAP;SLC6A15;SLC6A13;SLC1A6;SLC25A13;SLC1A7;ATP1A2;SLC7A10;SLC38A10;SLC17A7;SLC6A7	TUB	GO_BP	no_proc_ieg	10347
GOBP_REGULATION_OF_CARTILAGE_DEVELOPMENT	-1.5182292031289955	0.034782608695652174	0.2166996407764803	19/48	RARB;KAT2A;TRPS1;RARG;ZBTB16;SCIN;GLI3;CTNNB1;WNT11;ADAMTS12;GLG1;FGF18;SMPD3;RARA;GDF5;GDF2;SMAD7;LEP;SOX5	TUB	GO_BP	no_proc_ieg	10347
GOBP_ALCOHOL_BIOSYNTHETIC_PROCESS	-1.5187450509422025	0.0	0.21743265203565423	20/101	IDI1;CYP3A4;HMGCS2;ADCYAP1R1;INSIG1;GCH1;QDPR;CYP27B1;ITPKB;EBP;FDPS;PCK1;MBTPS1;ACLY;NPC1L1;ABCG4;BMP5;DHDDS;CYP11B2;SREBF2	TUB	GO_BP	no_proc_ieg	10347
GOBP_CATECHOL_CONTAINING_COMPOUND_METABOLIC_PROCESS	-1.5199748368173758	0.003257328990228013	0.21715537353566952	25/44	SLC1A1;GCH1;PRKN;AOC2;SLC6A3;HTR1A;SNCAIP;PDE1B;DDC;HDC;DRD3;DRD2;INSM1;MAOA;ATP7A;DBH;PNMT;TACR3;KL;GNAT2;HAND2;CHRNB2;SNCB;GRIN2A;DRD1	TUB	GO_BP	no_proc_ieg	10347
GOBP_CENTRAL_NERVOUS_SYSTEM_NEURON_DIFFERENTIATION	-1.5200046934916889	0.0	0.2186299960303537	51/119	CHD5;TAL1;HES1;OGDH;NKX2-2;CEND1;HERC1;UBB;MAPT;GRID2;BRINP2;GLI3;ASCL1;NPY;PHOX2B;RAC3;NDEL1;SOX1;NFIB;TBR1;DRD2;RORA;EPHB1;ABT1;NDNF;PHOX2A;FAIM2;ZC4H2;LHX3;DLX2;ATP7A;DYNC2H1;SMO;WNT1;TSKU;DCC;LDB1;SPTBN4;NKX2-1;PEX5;FOXG1;GBX2;SPOCK1;LMO4;OLIG2;LEP;ZNF335;MYCBP2;ID4;CHRNB2;PLXNA3	TUB	GO_BP	no_proc_ieg	10347
GOBP_REGULATION_OF_RESPIRATORY_GASEOUS_EXCHANGE	-1.5211663924534897	0.03626943005181347	0.21845754348978622	9/17	FTO;PHOX2B;GLRA1;PHOX2A;GLS;ATP1A2;NLGN3;GRPR;NTSR1	TUB	GO_BP	no_proc_ieg	10347
GOBP_NEGATIVE_REGULATION_OF_BLOOD_PRESSURE	-1.5244497525733598	0.030395136778115502	0.2152041142811437	24/43	GCH1;CALCA;OPRL1;DRD5;NOS2;DRD3;DRD2;CNR1;NPPA;NOS1;ADRA1A;ADM2;GPR37L1;BDKRB1;OXT;KL;CRH;UCN;ADRB3;SNX5;NTSR1;TNF;ABAT;GLP1R	TUB	GO_BP	no_proc_ieg	10347
GOBP_REGULATION_OF_HEART_CONTRACTION	-1.5246086014118236	0.0	0.21649259808503077	54/164	HBEGF;GNAO1;ADM;ADRA1B;SLC1A1;KCNE2;GCH1;CACNA2D1;MYL3;SCN3B;YWHAE;SLC4A3;KCNG2;CHRM2;SNTA1;STC1;RYR2;TNNI3;ANK2;KCNA5;KCNH2;ADCY10;RGS2;KCND3;TBX5;DRD2;KCNIP2;SCN2B;CALM1;KCNH6;KCNN2;NPPA;NOS1;KCNQ1;ADRA1A;ZC3H12A;ADM2;ATP2B2;ATP1A2;CASQ2;TACR3;SPTBN4;KCNE5;CTNNA3;OXT;KCND2;NKX2-5;HCN4;POPDC2;SMAD7;SLC8A2;UCN;CACNA1G;CACNA1C	TUB	GO_BP	no_proc_ieg	10347
GOBP_POLYSACCHARIDE_CATABOLIC_PROCESS	-1.5319846141062845	0.024861878453038673	0.20756537450837312	10/25	GABARAPL1;G6PC1;WDR45;CHIT1;WIPI1;ADCY10;INS;PHKG2;CHIA;PYGM	TUB	GO_BP	no_proc_ieg	10347
GOBP_CATECHOLAMINE_UPTAKE	-1.5330346990219879	0.043689320388349516	0.20769011737651433	8/16	PRKN;SLC6A3;DRD3;DRD2;SLC6A2;DRD1;SLC22A1;DRD4	TUB	GO_BP	no_proc_ieg	10347
GOBP_POSITIVE_REGULATION_OF_CALCIUM_ION_TRANSMEMBRANE_TRANSPORTER_ACTIVITY	-1.5335085552329628	0.03314917127071823	0.20866442933025345	9/21	HAP1;CALML3;CACNA2D1;CASQ1;STAC;ANK2;JPH2;CALM1;AKAP6	TUB	GO_BP	no_proc_ieg	10347
GOBP_POSITIVE_REGULATION_OF_ATP_METABOLIC_PROCESS	-1.533670150109666	0.04189944134078212	0.2098864806900553	9/27	TAFAZZIN;ZBTB20;ADCY10;MLXIPL;SLC4A4;GPD1;GAPDHS;MTOR;INS	TUB	GO_BP	no_proc_ieg	10347
GOBP_HEMOGLOBIN_METABOLIC_PROCESS	-1.5371363780714775	0.0425	0.2064361176557478	8/16	EPB42;CAT;INHA;HPX;LDB1;EIF2AK1;PRMT1;EPO	TUB	GO_BP	no_proc_ieg	10347
GOBP_DETECTION_OF_ABIOTIC_STIMULUS	-1.5381542989233445	0.008733624454148471	0.20649083172341867	39/94	GRK4;GNAT1;CALCA;RRH;KIT;OPN1SW;PRDM12;CTNNB1;FYN;RGR;NOX3;CACNA1F;CACNB4;PKDREJ;CHRNA10;SCN11A;RPE65;EPHB1;ASIC3;CRB1;PHF24;ANO3;WHRN;KCNQ1;PKD1;ELOVL4;TRPC3;RCVRN;BEST1;PDE6B;ATP8A2;RHO;PIEZO2;GNAT2;TULP1;ROM1;GUCY2F;SAG;TCAP	TUB	GO_BP	no_proc_ieg	10347
GOBP_REGULATION_OF_MEMBRANE_POTENTIAL	-1.544018395635436	0.0	0.1996784965017384	137/335	GABRR2;NDUFS1;CHRNE;KCNMB4;GLRX;ALB;SLC25A36;KCNE2;PRKN;HTR3A;CACNA2D1;BAIAP2;CHRND;GABRR1;SCN3B;UBB;YWHAE;SLC4A3;POPDC3;GRIK5;GRIK4;MAPT;GRID2;ABCD1;SLC26A3;KCNG2;GRM1;SNTA1;NEDD4L;RYR2;ANK2;KCNA5;KCNH2;PHOX2B;ADCY10;GLRA1;SCN2A;CACNB4;HTR3B;SLC4A4;CHRNA10;MPP2;KCND3;KCNK5;SLC34A1;NTSR2;MTNR1B;GABRD;SCN11A;TBX5;NPR2;KCNK10;DRD2;KCNIP2;GABRA1;SCN2B;CHRNA2;CACNG2;CALM1;BEST2;GRIN2B;SLC1A6;CACNA1I;SLC6A4;KCNH6;CNR1;AKAP6;KCNQ2;CHRNG;FZD9;GCLC;KCNN2;NPPA;NOS1;KCNK7;CLCN1;KCNK3;KCNQ1;ADRA1A;GABRA4;MTOR;SLC1A7;GABRE;ATP1B3;SYNE1;KCNF1;ATP1A2;GRIK3;CASQ2;HCRT;NRXN1;BNIP3L;KCNV2;KCNE5;CHRNA3;KCNS1;PYCR1;CTNNA3;SCN4A;KCNK13;KCND2;CHRNA1;KCNK1;P2RX1;KCNG1;GABRQ;HCN4;P2RX2;NLGN3;POPDC2;CHRNA6;SMAD7;SLC8A2;PIEZO2;GRIN1;P2RX6;CACNA1G;CHRNA4;CACNA1C;KCNH1;STX1A;CACNA1D;ACTN2;KCNB1;ATP1B2;COL6A1;RIMS1;KCNK2;CHRNB2;MYOC;NPFF;KCNJ10;RIMS2;GABBR1;ASIC1;KCNK12;GRIN2A	TUB	GO_BP	no_proc_ieg	10347
GOBP_T_HELPER_17_CELL_DIFFERENTIATION	-1.544146970795426	0.03488372093023256	0.20095293078665655	9/22	RORC;ZBTB7B;IL23A;OPA1;RORA;FOXP3;IL6;IL6R;ZC3H12A	TUB	GO_BP	no_proc_ieg	10347
GOBP_REGULATION_OF_MICROTUBULE_BASED_MOVEMENT	-1.5484069182684068	0.025936599423631124	0.19652083629533365	11/33	PRDM14;IGBP1;CFAP298;HAP1;CFAP45;HDAC6;TRIM58;DNAAF1;TACR3;CLXN;TRIM46	TUB	GO_BP	no_proc_ieg	10347
GOBP_PHOSPHATE_ION_TRANSPORT	-1.5509416049269178	0.04143646408839779	0.19449765671348868	10/18	CEBPB;SLC37A4;SLC17A1;VDR;SLC34A1;CRY2;FGF23;SLC17A7;SLC17A4;SLC20A1	TUB	GO_BP	no_proc_ieg	10347
GOBP_POSITIVE_REGULATION_OF_NUCLEOTIDE_METABOLIC_PROCESS	-1.551326063785589	0.03293413173652695	0.1955071394335353	11/32	TAFAZZIN;ZBTB20;NOS2;ADCY10;MLXIPL;SLC4A4;GPD1;GAPDHS;NOS1;MTOR;INS	TUB	GO_BP	no_proc_ieg	10347
GOBP_PHASIC_SMOOTH_MUSCLE_CONTRACTION	-1.5544476639223384	0.03664921465968586	0.19280366868871224	7/20	PTGER3;SSTR2;KIT;GHSR;SCN11A;DRD2;HTR1D	TUB	GO_BP	no_proc_ieg	10347
GOBP_CARDIAC_MUSCLE_CONTRACTION	-1.5610633998342425	0.0047169811320754715	0.18491342126965257	42/115	ADRA1B;KCNE2;TAFAZZIN;CACNA2D1;MYL3;SCN3B;SNTA1;NEDD4L;STC1;RYR2;TNNI3;ANK2;KCNA5;KCNH2;ADCY10;SCN2A;RGS2;KCND3;SCN11A;TNNI1;SCN2B;CALM1;KCNN2;NPPA;NOS1;KCNQ1;ADRA1A;ZC3H12A;MTOR;GSN;ATP1A2;CASQ2;KCNE5;MAP2K6;CTNNA3;SCN4A;NKX2-5;HCN4;SMAD7;UCN;CACNA1G;CACNA1C	TUB	GO_BP	no_proc_ieg	10347
GOBP_ERBB2_SIGNALING_PATHWAY	-1.5614627402340513	0.04071246819338423	0.1857761498445893	7/21	HBEGF;TGFA;PTK6;EGF;EGFR;CUL5;PTPRR	TUB	GO_BP	no_proc_ieg	10347
GOBP_REGULATION_OF_HEART_RATE_BY_CARDIAC_CONDUCTION	-1.56474288246504	0.01812688821752266	0.18279213843211867	17/33	KCNE2;CACNA2D1;SCN3B;YWHAE;ANK2;KCNA5;KCNH2;KCND3;SCN2B;KCNH6;KCNQ1;KCNE5;CTNNA3;HCN4;CACNA1G;CACNA1C;CACNA1D	TUB	GO_BP	no_proc_ieg	10347
GOBP_CELLULAR_MODIFIED_AMINO_ACID_CATABOLIC_PROCESS	-1.5658404330853026	0.041666666666666664	0.18289294348213705	9/15	ALDH1L1;PCYOX1;PRODH;SARDH;DPEP1;ACADL;DIO3;CHAC1;BHMT	TUB	GO_BP	no_proc_ieg	10347
GOBP_BIOGENIC_AMINE_METABOLIC_PROCESS	-1.5662400239145067	0.0	0.1838847245613469	36/72	KYNU;SLC1A1;GCH1;PRKN;PRG3;AOC2;HNMT;SLC6A3;HTR1A;HDAC6;SNCAIP;PDE1B;NAAA;GDPD3;DDC;HDC;DRD3;DRD2;SULT1B1;HAAO;INSM1;MAOA;ATP7A;DBH;KMO;PNMT;TACR3;KL;GNAT2;TRH;HAND2;CHRNB2;SNCB;GRIN2A;AOC1;DRD1	TUB	GO_BP	no_proc_ieg	10347
GOBP_REGULATION_OF_HEART_RATE	-1.56646748163109	0.0	0.18499112100707923	31/83	ADM;SLC1A1;KCNE2;GCH1;CACNA2D1;SCN3B;YWHAE;SNTA1;RYR2;ANK2;KCNA5;KCNH2;KCND3;DRD2;SCN2B;CALM1;KCNH6;NPPA;KCNQ1;ADRA1A;ADM2;CASQ2;TACR3;SPTBN4;KCNE5;CTNNA3;OXT;HCN4;POPDC2;CACNA1G;CACNA1C	TUB	GO_BP	no_proc_ieg	10347
GOBP_TRICARBOXYLIC_ACID_CYCLE	-1.5690233624412724	0.037940379403794036	0.18305154313379318	9/22	OGDH;SDHB;IDH3A;DLAT;IDH3B;SDHD;ACO1;COL6A1;MDH2	TUB	GO_BP	no_proc_ieg	10347
GOBP_COLUMNAR_CUBOIDAL_EPITHELIAL_CELL_DIFFERENTIATION	-1.5697448100877698	0.003952569169960474	0.1835313849564082	22/91	RARB;CEBPB;BMP7;CDKN1A;PYY;HES1;NKX2-2;FST;RARG;PTK6;KLF5;ASCL1;CTNNB1;NPY;BMP5;WNT11;SERPINE1;NFIB;TP63;LHX3;INSM1;RARA	TUB	GO_BP	no_proc_ieg	10347
GOBP_RESPONSE_TO_MACROPHAGE_COLONY_STIMULATING_FACTOR	-1.5704378688585952	0.048223350253807105	0.18423047367291978	6/16	STAP1;ALPL;PDE1B;MST1R;FER;DCSTAMP	TUB	GO_BP	no_proc_ieg	10347
GOBP_ORGANIC_ACID_TRANSMEMBRANE_TRANSPORT	-1.5754430517631766	0.0038461538461538464	0.17929005219597127	32/94	SLC16A7;SLC13A2;SLC1A1;SLC1A5;SLC6A5;SLC13A3;SLC7A1;SLC3A2;MPC1;ABCD1;GRM1;TSPO2;ACACB;SLC43A1;SFXN1;RGS2;SLC38A3;GFAP;SLC6A15;SLC6A13;SLC25A32;SLC1A6;SLC19A1;SLC25A20;SLC25A13;SLC1A7;ATP1A2;SLC7A10;SLC38A10;SLC17A7;ABCD3;SLC6A7	TUB	GO_BP	no_proc_ieg	10347
GOBP_ACUTE_PHASE_RESPONSE	-1.5762309273814334	0.01892744479495268	0.17975038170371258	17/41	PTGER3;CEBPB;TFRC;ASS1;REG3A;IL22;CRP;CNR1;IL6;IL6R;ORM1;INS;SERPINF2;AHSG;EPO;TNFSF11;ORM2	TUB	GO_BP	no_proc_ieg	10347
GOBP_PHENOL_CONTAINING_COMPOUND_METABOLIC_PROCESS	-1.577843694255636	0.003861003861003861	0.17920102166893423	33/89	CGA;SLC5A5;SLC1A1;GCH1;PRKN;AOC2;TG;DIO2;SLCO1C1;CRYM;SLC6A3;HTR1A;SNCAIP;PDE1B;DDC;MC1R;GPD1;HDC;DRD3;DRD2;SLC45A2;SULT1B1;OCA2;INSM1;GCNT4;MAOA;ATP7A;DCT;DBH;DIO3;DIO1;PNMT;TACR3	TUB	GO_BP	no_proc_ieg	10347
GOBP_REGULATION_OF_SYNAPTIC_TRANSMISSION_GABAERGIC	-1.5786540107320806	0.027855153203342618	0.1797064660846277	12/26	HAP1;BAIAP3;ZDHHC3;CA7;SYN3;CA2;DRD2;HTR1B;PLCL1;CNR1;PHF24;ADRA1A	TUB	GO_BP	no_proc_ieg	10347
GOBP_GLUTAMINE_FAMILY_AMINO_ACID_METABOLIC_PROCESS	-1.5815707020220553	0.013651877133105802	0.17735511232894363	19/50	ARG2;GLUD2;GLS2;GAD2;ASS1;NOS2;CTPS1;PRODH;FTCD;HAL;DDAH1;GCLC;NOS1;GLS;OAT;GOT1;PRODH2;OTC;PYCR1	TUB	GO_BP	no_proc_ieg	10347
GOBP_ACTION_POTENTIAL	-1.5837740121786916	0.0	0.1756395548165018	50/130	KCNMB4;KCNE2;CACNA2D1;SCN3B;YWHAE;SLC4A3;KCNG2;SNTA1;NEDD4L;RYR2;ANK2;KCNA5;KCNH2;GLRA1;SCN2A;CACNB4;KCND3;MTNR1B;SCN11A;NPR2;KCNIP2;SCN2B;CALM1;CACNA1I;KCNH6;CNR1;AKAP6;KCNQ2;KCNN2;NOS1;CLCN1;KCNQ1;ADRA1A;MTOR;KCNF1;ATP1A2;KCNV2;KCNE5;KCNS1;CTNNA3;SCN4A;KCND2;CHRNA1;P2RX1;KCNG1;HCN4;SLC8A2;CACNA1G;CHRNA4;CACNA1C	TUB	GO_BP	no_proc_ieg	10347
GOBP_REGULATION_OF_ADENYLATE_CYCLASE_ACTIVATING_G_PROTEIN_COUPLED_RECEPTOR_SIGNALING_PATHWAY	-1.5864249012361196	0.02702702702702703	0.17379638191476363	6/16	APLP1;SSTR4;OPRL1;PRKCA;NOS1;PDE3B	TUB	GO_BP	no_proc_ieg	10347
GOBP_T_HELPER_17_TYPE_IMMUNE_RESPONSE	-1.5888803220297643	0.02932551319648094	0.17201896736303807	11/31	RORC;PHB1;ARID5A;ZBTB7B;IL23A;OPA1;RORA;FOXP3;IL6;IL6R;ZC3H12A	TUB	GO_BP	no_proc_ieg	10347
GOBP_NEURONAL_ACTION_POTENTIAL	-1.5919425937834848	0.017142857142857144	0.16996166506586002	18/25	KCNMB4;GLRA1;SCN2A;MTNR1B;SCN11A;NPR2;CACNA1I;MTOR;KCND2;CHRNA1;P2RX1;DRD1;KCNMB2;GPR35;KCNA1;MYH14;SCN1A;GPER1	TUB	GO_BP	no_proc_ieg	10347
GOBP_REGULATION_OF_PRESYNAPTIC_MEMBRANE_POTENTIAL	-1.5920121165247454	0.027548209366391185	0.17142274378223332	7/22	KCNMB4;HTR3A;GABRR1;GRIK5;GRIK4;GLRA1;GRIN2B	TUB	GO_BP	no_proc_ieg	10347
GOBP_CELL_DIFFERENTIATION_IN_HINDBRAIN	-1.597973378369098	0.0171990171990172	0.16591675917201057	8/16	CEND1;HERC1;GRID2;PHOX2B;RORA;FAIM2;ATP7A;LDB1	TUB	GO_BP	no_proc_ieg	10347
GOBP_GLUTAMATE_RECEPTOR_SIGNALING_PATHWAY	-1.5979963915708695	0.02064896755162242	0.16740833391848345	17/41	SLC1A1;TRPM1;NECAB2;GRIK5;GRIK4;GRID2;GRM1;FYN;GRM2;GRIN2B;GRM7;GRM3;GRIK3;GRM8;NLGN3;GRIN1;PRNP	TUB	GO_BP	no_proc_ieg	10347
GOBP_METANEPHRIC_TUBULE_DEVELOPMENT	-1.6016084213913255	0.0273972602739726	0.16481010843622845	11/18	ACAT1;HES1;UMOD;SLC22A6;WWTR1;PKD1;LGR4;PAX2;WNT4;SLC22A1;WNT7B	TUB	GO_BP	no_proc_ieg	10347
GOBP_BRANCHED_CHAIN_AMINO_ACID_CATABOLIC_PROCESS	-1.6034985001855988	0.023255813953488372	0.16388801755515706	6/17	ACAT1;ALDH6A1;ACADSB;DBT;SLC25A44;MCCC1	TUB	GO_BP	no_proc_ieg	10347
GOBP_MUSCLE_CONTRACTION	-1.6044784730019725	0.0	0.16425950035497214	83/270	PTGER3;PPP1R12B;GNAO1;ARG2;ADRA1B;CHRNE;SSTR2;MYOM2;KCNE2;TAFAZZIN;CACNA2D1;MYL3;CHRND;SCNN1B;SCN3B;CALCA;CASQ1;CALD1;TBXA2R;KIT;STAC;CHRM2;SNTA1;NEDD4L;STC1;RYR2;TNNI3;ANK2;KCNA5;KCNH2;ADCY10;GLRA1;SCN2A;CACNB1;GHSR;SETD3;RGS2;KCND3;HTR7;TNNC2;LTB4R;SCN11A;TNNI1;DRD2;KCNIP2;SCN2B;SGCA;CALM1;SRF;MYBPH;ACTA1;BDKRB2;ROCK2;CHRNG;APBB1;KCNN2;NPPA;NOS1;CLCN1;KCNQ1;ADRA1A;ZC3H12A;MTOR;HTR1D;SMPX;GSN;ACTN3;ATP1A2;CASQ2;TACR3;KCNE5;CHRNA3;MAP2K6;CTNNA3;SCN4A;OXT;ATP8A2;KCND2;CHRNA1;NKX2-5;P2RX1;HCN4;P2RX2	TUB	GO_BP	no_proc_ieg	10347
GOBP_MITOCHONDRIAL_TRANSMEMBRANE_TRANSPORT	-1.6052347733589192	0.003424657534246575	0.16488157511779558	18/53	SLC25A36;ABCB7;HSPA9;GRPEL1;MCUR1;UCP1;SLC25A28;MPC1;UCP3;ADCY10;SFXN1;SLC25A32;TIMM17B;SLC25A4;SLC25A31;ABCB8;SLC25A20;SLC25A13	TUB	GO_BP	no_proc_ieg	10347
GOBP_ADENYLATE_CYCLASE_ACTIVATING_G_PROTEIN_COUPLED_RECEPTOR_SIGNALING_PATHWAY	-1.6070161447316322	0.0	0.1643932194604201	66/133	PTGER3;APLP1;ADM;ADRA1B;GPR3;SSTR4;CALCA;GHRH;TBXA2R;PRKAR1A;OR51E2;OPRL1;PRKCA;DRD5;ADCY10;MC5R;SCTR;ADGRF5;ADRA1D;MC4R;PTGFR;MC1R;AKAP13;DRD3;TCP11;DRD2;LGR5;CNR1;AKAP6;NOS1;ADGRG3;ADRA1A;CALCR;S1PR5;ADCY1;HTR5A;ADM2;LGR4;MC2R;FSHR;GPR161;PDE3B;ADGRL3;CRHR1;ADCYAP1;PTGER4;ADGRB3;ADCY8;GIP;ADRB3;GPR12;LPAR3;ADCY6;GIPR;PTHLH;CHGA;RIT2;ADGRE1;DRD1;ADORA2B;ADGRE3;ADCY2;GALR1;CALCB;S1PR4;PTGIR	TUB	GO_BP	no_proc_ieg	10347
GOBP_REGULATION_OF_BROWN_FAT_CELL_DIFFERENTIATION	-1.6099926027430356	0.027227722772277228	0.16236274079183904	9/17	BMP7;PIM1;ZBTB7B;FTO;INS;SIX1;SLC7A10;LEP;SOX13	TUB	GO_BP	no_proc_ieg	10347
GOBP_HEART_PROCESS	-1.613509419527781	0.0	0.15958401003361153	70/205	HBEGF;GNAO1;ADM;ADRA1B;SLC1A1;KCNE2;GCH1;TAFAZZIN;CACNA2D1;MYL3;SCN3B;YWHAE;SLC4A3;KCNG2;CHRM2;SNTA1;SGCG;NEDD4L;STC1;RYR2;TNNI3;FYN;ANK2;KCNA5;KCNH2;ADCY10;SCN2A;RGS2;KCND3;MYL7;NOX4;SCN11A;TBX5;AKAP13;WWTR1;TNNI1;DRD2;KCNIP2;SCN2B;CALM1;KCNH6;KCNN2;NPPA;NOS1;KCNQ1;ADRA1A;ZC3H12A;MTOR;ACTC1;ADM2;ATP2B2;GSN;ATP1A2;CASQ2;TACR3;SPTBN4;KCNE5;MAP2K6;CTNNA3;SCN4A;OXT;KCND2;NKX2-5;HCN4;POPDC2;SMAD7;SLC8A2;UCN;CACNA1G;CACNA1C	TUB	GO_BP	no_proc_ieg	10347
GOBP_GLANDULAR_EPITHELIAL_CELL_DEVELOPMENT	-1.6174507043194992	0.024390243902439025	0.15611185066375222	7/27	RARB;NKX2-2;RARG;BMP5;INSM1;RARA;SMO	TUB	GO_BP	no_proc_ieg	10347
GOBP_XENOBIOTIC_CATABOLIC_PROCESS	-1.6198893366026488	0.013736263736263736	0.1549381774890871	11/18	CYP3A4;TPMT;ACAA1;CYP1A2;CYP2C8;NR1I2;NOS1;CYP3A5;CYP2A6;CYP2C19;GSTM4	TUB	GO_BP	no_proc_ieg	10347
GOBP_CELL_CELL_SIGNALING_INVOLVED_IN_CARDIAC_CONDUCTION	-1.6206917289933638	0.008595988538681949	0.15545888164553778	14/26	CACNA2D1;SCN3B;RYR2;ANK2;KCNA5;TBX5;KCNN2;KCNQ1;CASQ2;KCNE5;HCN4;CACNA1G;CACNA1C;CACNA1D	TUB	GO_BP	no_proc_ieg	10347
GOBP_CARDIAC_MUSCLE_CELL_CONTRACTION	-1.625709272812465	0.0	0.15112367172023508	27/67	KCNE2;CACNA2D1;SCN3B;SNTA1;NEDD4L;STC1;RYR2;ANK2;KCNA5;KCNH2;ADCY10;SCN2A;KCND3;SCN11A;SCN2B;KCNN2;NOS1;KCNQ1;GSN;ATP1A2;KCNE5;CTNNA3;SCN4A;HCN4;CACNA1G;CACNA1C;CACNA1D	TUB	GO_BP	no_proc_ieg	10347
GOBP_INORGANIC_ANION_TRANSMEMBRANE_TRANSPORT	-1.6273785623570485	0.0	0.15076768320985973	35/85	GABRR2;SLC12A3;SLC5A5;SLC1A1;SLC13A4;CLCA1;CLCN5;CLIC5;GABRR1;SLC4A3;SLC37A4;SLC26A3;CLCNKB;SLC17A1;GLRA1;VDR;SLC34A1;GABRD;GABRA1;BEST2;OCA2;SLC25A14;ANO3;CLCN1;CLCN7;GABRA4;SLC1A7;GABRE;BEST1;SLC17A7;GABRQ;SLC26A1;CASR;CLCA3P;ANO2	TUB	GO_BP	no_proc_ieg	10347
GOBP_POSITIVE_REGULATION_OF_LIPID_CATABOLIC_PROCESS	-1.6294590673203742	0.03299492385786802	0.14999896954570455	5/18	IRS1;FGF21;ABCD1;PRKCD;FABP1	TUB	GO_BP	no_proc_ieg	10347
GOBP_INORGANIC_ANION_TRANSPORT	-1.639072423852163	0.0	0.14077682467296196	39/114	GABRR2;SLC12A3;SLC5A5;CEBPB;SLC1A1;SLC13A4;CLCA1;CLCN5;CLIC5;GABRR1;SLC4A3;TG;SLC37A4;SLC26A3;CLCNKB;SLC17A1;SLC4A5;GLRA1;CA7;SLC4A4;VDR;SLC34A1;CRY2;GABRD;SLC22A6;CA2;GABRA1;BEST2;OCA2;SLC25A14;SLC4A7;ANO3;CLCN1;KCNQ1;CLCN7;GABRA4;SLC22A8;SLC1A7;GABRE	TUB	GO_BP	no_proc_ieg	10347
GOBP_POSITIVE_REGULATION_OF_HEART_RATE	-1.6392494721160435	0.017902813299232736	0.1420497443527351	10/21	ADM;SLC1A1;GCH1;SCN3B;RYR2;NPPA;KCNQ1;ADRA1A;ADM2;TACR3	TUB	GO_BP	no_proc_ieg	10347
GOBP_REGULATION_OF_APPETITE	-1.6424810976884299	0.015873015873015872	0.13995515781402112	6/17	CARTPT;GDF15;NPY;SCTR;GHSR;HTR4	TUB	GO_BP	no_proc_ieg	10347
GOBP_SODIUM_ION_HOMEOSTASIS	-1.6437597729917885	0.016304347826086956	0.1401351145637467	12/36	SLC12A3;CYP4F12;ATP12A;SCNN1B;UMOD;CYP11B2;DRD2;ATP1B3;CYP4A11;ATP4A;ATP1A2;UPK3A	TUB	GO_BP	no_proc_ieg	10347
GOBP_GAMMA_AMINOBUTYRIC_ACID_TRANSPORT	-1.6499439293308371	0.0160857908847185	0.13518808516615488	11/15	CACNB4;SLC6A13;HTR1B;BEST1;APBA1;TRH;GABBR1;NTSR1;ABAT;TRPC4;SV2A	TUB	GO_BP	no_proc_ieg	10347
GOBP_IRON_ION_TRANSMEMBRANE_TRANSPORT	-1.6556117157895167	0.013123359580052493	0.13072403054754397	8/15	ABCB7;SLC39A14;SLC25A28;ATP7A;SLC11A2;SLC11A1;TTYH1;IFNG	TUB	GO_BP	no_proc_ieg	10347
GOBP_STRIATED_MUSCLE_CONTRACTION	-1.6566076750484398	0.0	0.1313309570531486	56/147	ARG2;ADRA1B;KCNE2;TAFAZZIN;CACNA2D1;MYL3;CHRND;SCN3B;CASQ1;STAC;SNTA1;NEDD4L;STC1;RYR2;TNNI3;ANK2;KCNA5;KCNH2;ADCY10;SCN2A;RGS2;KCND3;TNNC2;SCN11A;TNNI1;SCN2B;CALM1;MYBPH;KCNN2;NPPA;NOS1;KCNQ1;ADRA1A;ZC3H12A;MTOR;SMPX;GSN;ACTN3;ATP1A2;CASQ2;KCNE5;MAP2K6;CTNNA3;SCN4A;ATP8A2;CHRNA1;NKX2-5;HCN4;SMAD7;UCN;CACNA1G;CACNA1C;CACNA1D;PGAM2;TNNT1;CACNA1S	TUB	GO_BP	no_proc_ieg	10347
GOBP_FEEDING_BEHAVIOR	-1.6620974229195005	0.0	0.1270879726252076	38/76	CARTPT;HCRTR1;INSL5;PYY;GALR3;CALCA;GDF15;STRA6;OPRL1;NPY;FYN;MMP17;RETN;MC4R;GHSR;MC1R;TBR1;DRD2;HTR1B;MCHR1;CNR1;GLS;INS;ADM2;TACR3;HCRT;OXT;ATP8A2;PRLH;CNTN2;EN1;UCN;LEP;ADRB3;TRH;OPRK1;HAND2;COL6A1	TUB	GO_BP	no_proc_ieg	10347
GOBP_REGULATION_OF_CHONDROCYTE_DIFFERENTIATION	-1.6676969643936963	0.0111731843575419	0.12339913683926716	11/34	RARB;TRPS1;RARG;ZBTB16;SCIN;GLI3;CTNNB1;ADAMTS12;GLG1;FGF18;GDF5	TUB	GO_BP	no_proc_ieg	10347
GOBP_NEURON_FATE_SPECIFICATION	-1.6713437008646654	0.021148036253776436	0.12165402019634856	11/24	ATOH1;NKX2-2;GLI3;ASCL1;FEV;SOX1;NFIB;MYT1L;LHX3;SIX1;LMO4	TUB	GO_BP	no_proc_ieg	10347
GOBP_INTRACELLULAR_SODIUM_ION_HOMEOSTASIS	-1.6739066866180665	0.02295918367346939	0.12065257417511814	10/16	ATP12A;SCNN1B;UMOD;ATP1B3;ATP4A;ATP1A2;ATP1B2;SCNN1A;IL1A;ATP1A3	TUB	GO_BP	no_proc_ieg	10347
GOBP_MESENCHYMAL_CELL_PROLIFERATION	-1.6759392427822393	0.008241758241758242	0.11983903733157059	17/38	BMP7;CTNNBIP1;TBX1;GPC3;CTNNB1;WNT11;NFIB;WNT2;FOXF1;DCHS2;SMO;SYNE1;SIX1;ZEB1;IRS2;FGF9;HAND2	TUB	GO_BP	no_proc_ieg	10347
GOBP_POSITIVE_REGULATION_OF_LIPID_METABOLIC_PROCESS	-1.6769358711573288	0.0	0.12021135928931105	21/90	CGA;ADM;IRS1;LDLR;CHP1;TAFAZZIN;PCK1;FGF21;GDF15;MAPT;ABCD1;PRKCD;ZBTB20;FABP1;ABCG4;ADGRF5;MLXIPL;PLA2G6;FSHB;GHSR;SREBF2	TUB	GO_BP	no_proc_ieg	10347
GOBP_MEMBRANE_REPOLARIZATION_DURING_ACTION_POTENTIAL	-1.6836515060670796	0.015463917525773196	0.11541384881484085	12/24	KCNE2;CACNA2D1;YWHAE;KCNA5;KCNH2;KCND3;KCNIP2;SCN2B;KCNH6;KCNN2;NOS1;KCNQ1	TUB	GO_BP	no_proc_ieg	10347
GOBP_METANEPHRIC_EPITHELIUM_DEVELOPMENT	-1.6896890353398082	0.019390581717451522	0.11133509042822103	13/22	ACAT1;HES1;NPHS2;UMOD;SLC22A6;WWTR1;PKD1;LGR4;PAX2;WT1;WNT4;SLC22A1;WNT7B	TUB	GO_BP	no_proc_ieg	10347
GOBP_REGULATION_OF_POSTSYNAPTIC_MEMBRANE_POTENTIAL	-1.6899830356490837	0.0	0.11230989008276546	57/101	GABRR2;CHRNE;HTR3A;BAIAP2;CHRND;GRIK5;GRIK4;GRID2;GRM1;GLRA1;HTR3B;CHRNA10;MPP2;GABRD;DRD2;GABRA1;CHRNA2;GRIN2B;CHRNG;GABRA4;SLC1A7;GABRE;SYNE1;GRIK3;HCRT;NRXN1;CHRNA3;KCND2;CHRNA1;P2RX1;P2RX2;NLGN3;CHRNA6;SLC8A2;GRIN1;P2RX6;CHRNA4;STX1A;RIMS1;CHRNB2;NPFF;RIMS2;GABBR1;GRIN2A;GABRA3;WNT7A;NTSR1;GABRG3;ABAT;GRIA4;DRD4;CDK5;UNC13B;KCNA1;SHANK1;CHRNA9;CUX2	TUB	GO_BP	no_proc_ieg	10347
GOBP_CALCIUM_ION_IMPORT_ACROSS_PLASMA_MEMBRANE	-1.6910090990211757	0.010498687664041995	0.11277462454440496	18/33	CACNA1E;TRPM1;CACNA2D1;TRPM2;CACNA1B;FYN;CACNA1F;SLC24A2;CACNA1I;TRPV5;P2RX1;SLC8A2;TRPV6;PRNP;CACNA1G;CACNA1C;CACNA1D;CACNA1S	TUB	GO_BP	no_proc_ieg	10347
GOBP_NEUROPEPTIDE_SIGNALING_PATHWAY	-1.6914407005784886	0.0	0.11372161155469078	37/71	CARTPT;SSTR2;PTGDR2;HCRTR1;PYY;GALR3;SSTR4;CALCA;SSTR3;OPRL1;NPY;GLRA1;NTSR2;LTB4R;NPBWR2;PENK;NPFFR1;MCHR1;NPPA;RXFP3;ECEL1;NXPH3;NPVF;MC2R;HCRT;ADCYAP1;UCN;OPRK1;TAC3;NPFF;GRPR;LTB4R2;NXPH4;PPY;NTS;GALR1;NTSR1	TUB	GO_BP	no_proc_ieg	10347
GOBP_LIPID_MODIFICATION	-1.6935015220895868	0.0	0.11363924254848155	51/137	PDK4;ACAT1;IRS1;CYP3A4;PEX7;BDH2;DECR2;INPP5B;GDF15;INPP5J;ABCD1;APOD;CHRM5;ACACB;PRKAG2;ST3GAL4;FABP1;ACAA1;ACOX3;DGKB;ECI2;CYP2C8;MTMR12;ACOX2;PPARGC1A;INPP5K;ALOX12;B4GALNT1;CNR1;MTMR8;ADIPOR1;ACAA2;ACADL;CYP3A5;HADHA;FMO2;SGPP1;AGK;INPPL1;PORCN;ALOX15;ABCD3;ACOT8;PEX5;LEP;PLPPR2;CYP4F2;ALOX12B;PLPPR3;PLPPR1;HAO2	TUB	GO_BP	no_proc_ieg	10347
GOBP_AMINO_ACID_METABOLIC_PROCESS	-1.6970288057476643	0.0	0.11125815964905951	64/201	AASS;P4HA1;ARG2;ACAT1;KYNU;GLUD2;MMUT;QDPR;ALDH6A1;SHMT1;GLS2;GAD2;BHMT2;ASS1;BAAT;ACADSB;CRYM;ART4;PCCA;GNMT;AMT;GLYAT;ENOSF1;NOS2;CTPS1;PRODH;DBT;FTCD;ASPA;RIDA;DDC;IARS1;HAL;NOX4;HDC;SARDH;DDAH1;UPB1;SLC45A2;AGXT;OCA2;P4HA2;HAAO;DPEP1;GCLC;NOS1;TARS2;SLC25A44;ATP7A;MTR;GLS;INS;OAT;DCT;SLC25A13;DDO;GOT1;KMO;PRODH2;DIO1;MCCC1;GSS;OTC;PYCR1	TUB	GO_BP	no_proc_ieg	10347
GOBP_PHARYNGEAL_SYSTEM_DEVELOPMENT	-1.6977929611344287	0.005405405405405406	0.11211904757383988	10/25	BMP7;PLXNA2;HES1;TBX1;BMP5;ADGRF5;NKX3-1;SIX1;FOLR1;NKX2-5	TUB	GO_BP	no_proc_ieg	10347
GOBP_CARDIAC_MUSCLE_CELL_ACTION_POTENTIAL_INVOLVED_IN_CONTRACTION	-1.6987098379771748	0.0031446540880503146	0.11255251195517282	22/48	KCNE2;CACNA2D1;SCN3B;SNTA1;NEDD4L;RYR2;ANK2;KCNA5;KCNH2;SCN2A;KCND3;SCN11A;SCN2B;KCNN2;NOS1;KCNQ1;KCNE5;CTNNA3;SCN4A;CACNA1G;CACNA1C;CACNA1D	TUB	GO_BP	no_proc_ieg	10347
GOBP_RESPONSE_TO_FOOD	-1.6993246256423389	0.005747126436781609	0.11356131845124216	14/30	CARTPT;SCNN1B;GHRH;GDF15;NPY;PRKCG;GAST;GHSR;MPO;OXT;UCN;LEP;GHR;CLPS	TUB	GO_BP	no_proc_ieg	10347
GOBP_METANEPHRIC_NEPHRON_MORPHOGENESIS	-1.701830569971465	0.0158311345646438	0.11303867377380816	9/18	HES1;CTNNB1;PKD1;SMO;LGR4;PAX2;WT1;KIF26B;WNT4	TUB	GO_BP	no_proc_ieg	10347
GOBP_DETECTION_OF_LIGHT_STIMULUS	-1.7050510723042411	0.0	0.11167144320995474	21/43	GRK4;GNAT1;RRH;OPN1SW;RGR;CACNA1F;CACNB4;RPE65;CRB1;ELOVL4;TRPC3;RCVRN;BEST1;PDE6B;ATP8A2;RHO;GNAT2;TULP1;ROM1;GUCY2F;SAG	TUB	GO_BP	no_proc_ieg	10347
GOBP_POSITIVE_REGULATION_OF_BLOOD_CIRCULATION	-1.7089695844485804	0.0029069767441860465	0.10962988952399758	14/30	ADM;SLC1A1;GCH1;SCN3B;RYR2;RGS2;NPPA;KCNQ1;ADRA1A;ADM2;ATP1A2;TACR3;NKX2-5;UCN	TUB	GO_BP	no_proc_ieg	10347
GOBP_ACETYL_COA_METABOLIC_PROCESS	-1.7116552091049704	0.02318840579710145	0.10864086430437114	6/23	AASS;PDK4;ACAT1;HMGCS2;ACLY;ACACB	TUB	GO_BP	no_proc_ieg	10347
GOBP_DETECTION_OF_STIMULUS	-1.7167962890664437	0.0	0.10515411342742004	92/198	PPEF1;GRK4;TAS2R16;GNAT1;KCNMB4;OR1A2;OR12D3;OR7A5;CALCA;RRH;OR2F2;OR6A2;OR2F1;OR10H3;OR2B2;KIT;OR7C2;TAS2R4;OR51E2;OR2C1;OPN1SW;RYR2;REG3A;PRDM12;CTNNB1;NOD1;TAS2R1;FYN;RGR;TAS2R10;NOX3;CACNA1F;TGFB3;CACNB4;OR10H1;PKDREJ;CHRNA10;OR5I1;SCN11A;AZGP1;RPE65;KCNIP2;OR3A3;EPHB1;ASIC3;CALM1;OR10J1;OR3A1;FOXF1;CRB1;PHF24;ANO3;WHRN;OR2J3;KCNQ1;OR52A1;PKD1;ELOVL4;SMO;TRPC3;RCVRN;OR1F1;BEST1;CASQ2;PDE6B;CDHR2;OR1D2;ATP8A2;EXTL3;PGLYRP1;OR7A17;P2RX2;OR7A10;OR2H1;RHO;CASR;PIEZO2;TAS2R8;GNAT2;TULP1;OR12D2;KCNMB1;OR11A1;CST1;OR1A1;ROM1;CA6;OR2H2;GUCY2F;TAS2R9;SAG;OR2B6	TUB	GO_BP	no_proc_ieg	10347
GOBP_TRANSMISSION_OF_NERVE_IMPULSE	-1.722792650395066	0.0	0.10129779889790588	31/54	KCNMB4;CARTPT;CHRM5;DRD5;GLRA1;SCN2A;CACNB4;GHSR;MTNR1B;SCN11A;NPR2;PENK;CACNG2;CACNA1I;CLCN1;MTOR;JAM3;ATP1A2;HCRT;SPTBN4;CACNG5;KCND2;CHRNA1;CACNG4;P2RX1;MAG;COL6A1;CNTNAP2;DRD1;KCNMB2;AVP	TUB	GO_BP	no_proc_ieg	10347
GOBP_RETROGRADE_AXONAL_TRANSPORT	-1.723977397850716	0.0199501246882793	0.1017040660982112	9/15	HAP1;DST;DYNC1H1;NDEL1;MAP1A;KIF5A;DLG2;CALY;KIF1A	TUB	GO_BP	no_proc_ieg	10347
GOBP_POSITIVE_REGULATION_OF_POTASSIUM_ION_TRANSMEMBRANE_TRANSPORT	-1.7243180981769808	0.005333333333333333	0.1029095781513334	13/23	RGS7;ANK2;KCNH2;KCNIP2;AKAP6;NPPA;KCNQ1;ATP1B3;KCNE5;KCNMB1;OPRK1;ACTN2;ATP1B2	TUB	GO_BP	no_proc_ieg	10347
GOBP_NEURON_FATE_COMMITMENT	-1.725957516072751	0.00303951367781155	0.10312791039058689	18/43	ATOH1;NKX2-2;GLI3;ASCL1;CTNNB1;FEV;SOX1;NFIB;MYT1L;TBR1;LHX3;DLX2;WNT1;SIX1;NKX2-1;FOXG1;LMO4;OLIG2	TUB	GO_BP	no_proc_ieg	10347
GOBP_CELLULAR_RESPONSE_TO_FATTY_ACID	-1.7293154953018501	0.0029411764705882353	0.10220617768812175	8/28	PDK4;IRS1;HMGCS2;LDLR;HES1;UCP1;ASS1;OR51E2	TUB	GO_BP	no_proc_ieg	10347
GOBP_NEGATIVE_REGULATION_OF_FAT_CELL_DIFFERENTIATION	-1.7310389231962922	0.008955223880597015	0.10277882190681188	14/44	DDIT3;FERMT2;INSIG1;VEGFA;E2F1;WWTR1;RORA;IL6;MSX2;WNT1;LRP3;SLC7A10;FOXO1;WNT10B	TUB	GO_BP	no_proc_ieg	10347
GOBP_L_AMINO_ACID_METABOLIC_PROCESS	-1.7342492205467046	0.0	0.1014019786403312	41/125	AASS;P4HA1;ARG2;KYNU;GLUD2;QDPR;SHMT1;GLS2;GAD2;BHMT2;ASS1;BAAT;GNMT;AMT;GLYAT;NOS2;CTPS1;PRODH;FTCD;ASPA;RIDA;HAL;DDAH1;SLC45A2;AGXT;OCA2;P4HA2;GCLC;NOS1;MTR;GLS;OAT;DCT;SLC25A13;DDO;GOT1;KMO;PRODH2;MCCC1;OTC;PYCR1	TUB	GO_BP	no_proc_ieg	10347
GOBP_NEGATIVE_REGULATION_OF_CHONDROCYTE_DIFFERENTIATION	-1.736254525846322	0.007352941176470588	0.10118358652841411	6/17	RARB;RARG;GLI3;CTNNB1;ADAMTS12;GDF5	TUB	GO_BP	no_proc_ieg	10347
GOBP_REGULATION_OF_MESENCHYMAL_CELL_PROLIFERATION	-1.7374237256871938	0.0	0.10176801619619513	13/28	CTNNBIP1;TBX1;CTNNB1;WNT11;NFIB;WNT2;FOXF1;SMO;SYNE1;SIX1;ZEB1;IRS2;FGF9	TUB	GO_BP	no_proc_ieg	10347
GOBP_REGULATION_OF_POTASSIUM_ION_TRANSPORT	-1.739500511257735	0.0035587188612099642	0.10175924471569887	31/64	KCNE2;KCNAB3;YWHAE;RGS7;NEDD4L;ANK2;KCNA5;KCNH2;DRD3;ABCC8;DRD2;KCNIP2;AKAP6;KCNN2;NPPA;NOS1;KCNQ1;ATP1B3;CASQ2;HCRT;KCNE5;KCNS1;KCNG1;PRNP;KCNMB1;KCNIP1;KEL;CACNA1D;OPRK1;ACTN2;ATP1B2	TUB	GO_BP	no_proc_ieg	10347
GOBP_CALCIUM_ION_IMPORT	-1.748002001231662	0.009554140127388535	0.09636717798685303	28/61	CACNA1E;TRPM1;CACNA2D1;HES1;MCUR1;TRPM2;STC1;CACNA1B;CTNNB1;FYN;CACNA1F;EGF;SLC24A2;CACNA1I;PDGFB;MICU1;TRPV5;CRH;P2RX1;SLC8A2;CASR;TRPV6;PRNP;UCN;CACNA1G;CACNA1C;CACNA1D;CACNA1S	TUB	GO_BP	no_proc_ieg	10347
GOBP_AMINO_ACID_IMPORT_ACROSS_PLASMA_MEMBRANE	-1.7498501282109127	0.006172839506172839	0.0964403164036615	14/40	SLC1A1;SLC1A5;SLC6A5;SLC7A1;SLC3A2;GRM1;TSPO2;SLC43A1;SLC22A4;RGS2;SLC38A3;GFAP;SLC6A13;SLC1A6	TUB	GO_BP	no_proc_ieg	10347
GOBP_SYNAPTIC_TRANSMISSION_CHOLINERGIC	-1.756034492008718	0.008928571428571428	0.0929384490068715	17/24	CHRNE;CHRND;ACHE;CHRNA10;CHRNA2;CHRNG;RIC3;CHRNA3;CHRNA1;CHRNA6;APOE;CHRNA4;SLC5A7;CHRNB2;ANXA9;SLC18A3;COLQ	TUB	GO_BP	no_proc_ieg	10347
GOBP_REGULATION_OF_CYTOSOLIC_CALCIUM_ION_CONCENTRATION	-1.759839828911121	0.006134969325153374	0.09101561294067403	19/46	GPR3;HCRTR1;SCGN;CALCA;YWHAE;GRM1;RYR2;TRPC6;TSPOAP1;CACNB4;HTR1B;CNR1;FZD9;CALB2;TRPC3;ATP2B2;P2RX1;ADCY8;SLC8A2	TUB	GO_BP	no_proc_ieg	10347
GOBP_POLYOL_BIOSYNTHETIC_PROCESS	-1.7609323558900483	0.006309148264984227	0.09172606245081001	7/44	CYP3A4;ADCYAP1R1;GCH1;QDPR;CYP27B1;ITPKB;PCK1	TUB	GO_BP	no_proc_ieg	10347
GOBP_G_PROTEIN_COUPLED_SEROTONIN_RECEPTOR_SIGNALING_PATHWAY	-1.761221163945906	0.010498687664041995	0.0933403727373944	11/19	HTR1E;HRH3;CHRM2;CHRM5;HTR1A;HTR4;HTR7;HTR1B;HRH4;HTR5A;HTR1D	TUB	GO_BP	no_proc_ieg	10347
GOBP_GLUTAMATE_METABOLIC_PROCESS	-1.7660513375431202	0.0	0.0915084925722034	11/23	GLUD2;GLS2;GAD2;PRODH;FTCD;HAL;GCLC;GLS;OAT;GOT1;PRODH2	TUB	GO_BP	no_proc_ieg	10347
GOBP_CELL_DIFFERENTIATION_IN_SPINAL_CORD	-1.7717708850320317	0.003076923076923077	0.08869173997330392	18/28	TAL1;NKX2-2;GLI3;ASCL1;SOX1;ABT1;PHOX2A;ZC4H2;LHX3;DYNC2H1;WNT1;LMO4;OLIG2;LBX1;SOX13;LHX5;GLI2;MNX1	TUB	GO_BP	no_proc_ieg	10347
GOBP_REGULATION_OF_FAT_CELL_DIFFERENTIATION	-1.7768705623052319	0.0	0.08610033541184388	33/100	DDIT3;FERMT2;NOCT;CEBPB;BMP7;INSIG1;ZBTB7C;RORC;HES1;ADIRF;KLF5;PIM1;ZBTB7B;ZBTB16;FTO;HDAC6;VEGFA;E2F1;ATAT1;WWTR1;RORA;IL6;ZC3H12A;INS;MSX2;WNT1;LRP3;SIX1;SLC7A10;FOXO1;LPL;WNT10B;DKKL1	TUB	GO_BP	no_proc_ieg	10347
GOBP_THYROID_HORMONE_METABOLIC_PROCESS	-1.777670925253811	0.0027472527472527475	0.0873382404318462	10/23	CGA;SLC5A5;TG;DIO2;SLCO1C1;CRYM;SULT1B1;GCNT4;DIO3;DIO1	TUB	GO_BP	no_proc_ieg	10347
GOBP_NEGATIVE_REGULATION_OF_CARTILAGE_DEVELOPMENT	-1.7797921938940613	0.0079155672823219	0.08739885194960555	8/21	RARB;RARG;GLI3;CTNNB1;WNT11;ADAMTS12;RARA;GDF5	TUB	GO_BP	no_proc_ieg	10347
GOBP_SKELETAL_MUSCLE_ADAPTATION	-1.7801709058059174	0.007751937984496124	0.0891296546539791	12/19	CFLAR;TNNI1;ACTA1;MYOZ1;ACTN3;NFATC1;MYOD1;TNNT1;CACNA1S;MYOC;CAMK2G;IGFBP5	TUB	GO_BP	no_proc_ieg	10347
GOBP_ACYL_COA_METABOLIC_PROCESS	-1.7806460220387363	0.006896551724137931	0.09064092754019444	13/59	AASS;PDK4;ACAT1;HMGCS2;MMUT;OGDH;ACOT7;BAAT;ABCD1;ACLY;ACOT11;ACACB;GLYAT	TUB	GO_BP	no_proc_ieg	10347
GOBP_SODIUM_ION_TRANSMEMBRANE_TRANSPORT	-1.7833383030277437	0.0	0.09067966873794633	49/118	SLC12A3;SLC5A5;SLC13A2;CHP1;SLC13A4;ATP12A;SLC9A2;SLC6A5;SCNN1B;SCN3B;SLC13A3;TRPM2;CNGA3;SLC3A2;SLC6A3;SNTA1;NEDD4L;SLC17A1;SLC4A5;SCN2A;CHP2;SLC4A4;SLC34A1;SLC24A2;SCN11A;SLC9A5;SLC6A15;ASIC4;SLC6A13;SCN2B;ASIC3;SLC6A4;SLC4A7;NPPA;NOS1;SLC9A3;ATP1B3;ATP4A;ATP1A2;SLC17A7;SLC6A7;SCN4A;KCNK1;HCN4;SLC8A2;SLC6A2;BPIFA1;FGF14;SLC17A4	TUB	GO_BP	no_proc_ieg	10347
GOBP_ADENYLATE_CYCLASE_MODULATING_G_PROTEIN_COUPLED_RECEPTOR_SIGNALING_PATHWAY	-1.7884177049031647	0.0	0.0882899753417342	77/203	PTGER3;GLP2R;APLP1;GNAO1;ADM;ADRA1B;MTNR1A;HTR1E;GPR3;GNAT1;ADCYAP1R1;SSTR2;PTGDR2;GALR3;SSTR4;CALCA;GHRH;TBXA2R;CCR3;GRM1;HRH3;CHRM2;PRKAR1A;OR51E2;CHRM5;OPRL1;PRKCA;DRD5;HTR1A;ADCY10;MC5R;SCTR;ADGRF5;ADRA1D;VIPR1;MC4R;PTGFR;RGS2;HTR4;RGS1;MC1R;AKAP13;DRD3;TCP11;DRD2;LGR5;GRM2;HTR1B;MCHR1;CNR1;GRM7;AKAP6;NOS1;HRH4;GRM3;ADGRG3;ADRA1A;CALCR;S1PR5;ADCY1;HTR5A;HTR1D;ADM2;LGR4;GPR37L1;MC2R;GRIK3;FSHR;GRM8;VIPR2;GPR161;PDE3B;ADGRL3;CRHR1;ADCYAP1;PTGER4;ADGRB3	TUB	GO_BP	no_proc_ieg	10347
GOBP_CARDIAC_MUSCLE_CELL_ACTION_POTENTIAL	-1.7894314589433522	0.0	0.08991567306799456	29/66	KCNE2;CACNA2D1;SCN3B;YWHAE;SLC4A3;SNTA1;NEDD4L;RYR2;ANK2;KCNA5;KCNH2;SCN2A;KCND3;SCN11A;KCNIP2;SCN2B;CALM1;KCNH6;KCNN2;NOS1;KCNQ1;ATP1A2;KCNE5;CTNNA3;SCN4A;HCN4;CACNA1G;CACNA1C;CACNA1D	TUB	GO_BP	no_proc_ieg	10347
GOBP_NEUTRAL_AMINO_ACID_TRANSPORT	-1.7934337000330214	0.0	0.08885497064870986	14/34	SLC1A1;SLC1A5;SLC6A5;SLC3A2;SLC43A1;SFXN1;RGS2;SLC38A3;SLC6A15;SLC1A6;SLC25A13;SLC1A7;SLC7A10;SLC6A7	TUB	GO_BP	no_proc_ieg	10347
GOBP_MONOCARBOXYLIC_ACID_CATABOLIC_PROCESS	-1.8006216580005474	0.00392156862745098	0.08504535106490034	60/91	ACAT1;IRS1;PEX7;BDH2;CYP4F12;DECR2;ACOT7;PCK1;ABCD1;PCCA;ACACB;FABP1;ACAA1;ACOX3;ECI2;AGXT;ACOX2;CNR1;ACAA2;ACADL;HADHA;CYP4A11;ABCD3;ACOT8;PEX5;DCXR;LEP;CYP4F2;HAO2;CYP26A1;IDS;IRS2;SLC25A17;ABCB11;AKR1A1;CRYL1;PCCB;AKR1D1;ACOX1;FAH;ACAD10;SLC27A2;SULT2A1;GCDH;IVD;ECI1;PCK2;PHYH;CYP26B1;LDHC;ETFDH;ACADM;ETFA;EHHADH;CYP2W1;ADIPOQ;ABCD2;ADTRP;MCAT;FAAH	TUB	GO_BP	no_proc_ieg	10347
GOBP_SMALL_MOLECULE_CATABOLIC_PROCESS	-1.8031074154188549	0.0	0.08523063505414849	100/268	AASS;PFKFB2;ARG2;ACAT1;IRS1;KYNU;CYP3A4;GLUD2;PEX7;BDH2;CYP4F12;DECR2;PNP;QDPR;ALDH6A1;SHMT1;GLS2;CYP27B1;ALDH1L1;XDH;ACOT7;PCK1;GAD2;HAGH;TPI1;HNMT;ACADSB;ALDH1B1;ABCD1;CRYM;ENO3;PCCA;AMT;ACACB;ALDOB;NQO2;FABP1;NOS2;AICDA;ADCY10;ACAA1;APOBEC2;PRODH;DBT;FTCD;GALK1;TKTL1;ACOX3;RIDA;ECI2;HAL;HDC;SARDH;DDAH1;UPB1;AGXT;SULT1B1;ACOX2;HAAO;PGK2;DPEP1;CNR1;NOS1;SLC25A44;CDA;FUT5;ACAA2;GLS;OAT;ACADL;DDO;GOT1;HADHA;CYP4A11;KMO;PRODH2;ACTN3;FUT1;FGF23;MCCC1;ABCD3;OTC;ACOT8;GK2;TKFC;PEX5;THNSL2;DCXR;LEP;APOE;CYP4F2;HAO2;DPYD;CYP26A1;IDS;FUT7;HK3;IRS2;PGAM2;GAD1	TUB	GO_BP	no_proc_ieg	10347
GOBP_THYROID_HORMONE_GENERATION	-1.8046970477365505	0.002631578947368421	0.08606928890021907	5/18	CGA;SLC5A5;TG;DIO2;SLCO1C1	TUB	GO_BP	no_proc_ieg	10347
GOBP_EPOXYGENASE_P450_PATHWAY	-1.8059497754969622	0.01038961038961039	0.0870434135435493	9/15	CYP2A7;CYP4F12;CYP1A2;CYP2C8;CYP4A11;CYP2A13;CYP2A6;CYP2C19;CYP4F2	TUB	GO_BP	no_proc_ieg	10347
GOBP_POTASSIUM_ION_TRANSPORT	-1.8161308545075907	0.0	0.08093822263656639	81/160	KCNJ6;SLC12A3;KCNQ4;KCNMB4;CHP1;KCNE2;ATP12A;KCNAB3;SLC9A2;KCNN3;YWHAE;RGS7;KCNJ4;KCNG2;NEDD4L;ANK2;KCNA5;KCNH2;KCND3;KCNK5;SLC24A2;KCNJ14;SLC9A5;KCNK10;DRD3;ABCC8;DRD2;KCNJ16;KCNIP2;ABCB8;KCNH6;AKAP6;KCNQ2;KCNN2;NPPA;NOS1;SLC9A3;KCNK7;KCNK3;KCNQ1;ATP1B3;ATP4A;KCNF1;ATP1A2;CASQ2;HCRT;SLC17A7;KCNV2;KCNE5;KCNS1;KCNK13;KCND2;KCNK1;KCNG1;HCN4;KCNN1;PRNP;KCNH1;KCNMB1;KCNIP1;KEL;CACNA1D;OPRK1;ACTN2;KCNB1;ATP1B2;KCNK2;ATP1B4;KCNJ10;FXYD7;KCNK12;DRD1;SLC12A5;KCNMB2;SLC12A9;EDN3;KCNJ9;BIN1;KCNB2;KCNMA1;CDK2	TUB	GO_BP	no_proc_ieg	10347
GOBP_POTASSIUM_ION_IMPORT_ACROSS_PLASMA_MEMBRANE	-1.821939300467587	0.0	0.07848629784551586	21/35	KCNJ6;SLC12A3;KCNE2;ATP12A;KCNJ4;KCNH2;KCNK5;KCNJ14;ABCC8;KCNJ16;KCNQ1;ATP1B3;ATP4A;ATP1A2;HCN4;ATP1B2;KCNJ10;SLC12A5;KCNJ9;SLC12A6;ATP1A3	TUB	GO_BP	no_proc_ieg	10347
GOBP_IMPORT_ACROSS_PLASMA_MEMBRANE	-1.826657419454581	0.0	0.0772961206910513	69/146	KCNJ6;CACNA1E;SLC12A3;SLC1A1;TRPM1;KCNE2;ATP12A;SLC39A14;CACNA2D1;SLC9A2;SLC1A5;SLC6A5;SCNN1B;TRPM2;CNGA3;SLC7A1;SLC28A1;KCNJ4;SLC3A2;SLC2A5;GRM1;TSPO2;CACNA1B;FYN;KCNH2;SLC2A3;SLC43A1;CACNA1F;SLC22A4;RGS2;KCNK5;SLC34A1;SLC24A2;KCNJ14;SLC9A5;SLC38A3;GFAP;SLC6A13;ABCC8;KCNJ16;SLC1A6;CACNA1I;SLC39A4;SLC9A3;KCNQ1;SLC19A1;ATP1B3;ATP4A;ATP1A2;TRPV5;SLC6A7;AQP8;P2RX1;HCN4;SLC8A2;TRPV6;PRNP;CACNA1G;CACNA1C;CACNA1D;IRS2;CACNA1S;ATP1B2;KCNJ10;IFNG;SLC5A2;SLC2A1;CACNA1A;SLC12A5	TUB	GO_BP	no_proc_ieg	10347
GOBP_DETECTION_OF_VISIBLE_LIGHT	-1.8410361968587967	0.0	0.06959940396121375	19/32	GRK4;GNAT1;RRH;OPN1SW;RGR;CACNA1F;CACNB4;RPE65;CRB1;ELOVL4;BEST1;PDE6B;ATP8A2;RHO;GNAT2;TULP1;ROM1;GUCY2F;SAG	TUB	GO_BP	no_proc_ieg	10347
GOBP_VENTRICULAR_CARDIAC_MUSCLE_CELL_MEMBRANE_REPOLARIZATION	-1.8428117001657172	0.005434782608695652	0.07059319990354473	11/20	KCNE2;CACNA2D1;SNTA1;ANK2;KCNH2;KCND3;SCN2B;KCNH6;NOS1;KCNQ1;KCNE5	TUB	GO_BP	no_proc_ieg	10347
GOBP_SENSORY_PERCEPTION_OF_LIGHT_STIMULUS	-1.8627127682027478	0.0	0.06085682511369845	65/143	GABRR2;CRYGA;ARR3;TIMP3;TULP2;GNAT1;TRPM1;CRYBB3;CLIC5;AOC2;LRAT;CNGA3;NYX;RRH;POU6F2;GUCA1B;NRL;OPN1SW;OPA1;RGR;CRX;MYO9A;GLRA1;RBP3;CACNA1F;RPGRIP1;CACNB4;POU4F3;PDE6A;VAX2;PDE6H;RLBP1;CPLX3;GJA3;RPE65;SLC45A2;RGS16;CRB1;WHRN;OAT;CRYGC;USH1C;SIX6;RAX;RCVRN;CRYGB;MYO7A;BEST1;GRM8;PDE6B;ATP8A2;PAX2;RHO;ATF6;GNAT2;RDH8;TULP1;RBP4;ROM1;KIFC3;GUCY2F;VSX1;RIMS1;RGS9;CHRNB2	TUB	GO_BP	no_proc_ieg	10347
GOBP_ORGANIC_CATION_TRANSPORT	-1.8666199134390156	0.0	0.060217296505648395	33/66	SLC1A1;SEC14L1;CARTPT;SLC1A5;SLC6A5;SLC7A1;SLC3A2;TSPO2;SLC6A3;SLC43A1;SFXN1;SLC22A4;GHSR;SLC19A2;RGS2;SLC38A3;SLC6A15;SLC22A5;SLC25A20;SLC7A10;SLCO1A2;CHRNA3;AQP8;OXT;CRH;SLC6A2;SLC5A7;SLC19A3;STX1A;SLC11A1;KCNB1;SLC25A17;GABBR1	TUB	GO_BP	no_proc_ieg	10347
GOBP_REGULATION_OF_FATTY_ACID_OXIDATION	-1.8793240871747572	0.009876543209876543	0.05493350826053738	11/25	PDK4;IRS1;GDF15;ABCD1;ACACB;PRKAG2;FABP1;PPARGC1A;CNR1;ACADL;FMO2	TUB	GO_BP	no_proc_ieg	10347
GOBP_REGULATION_OF_MEMBRANE_REPOLARIZATION	-1.8902744260790918	0.00804289544235925	0.050939862472580366	16/27	KCNE2;CACNA2D1;YWHAE;SNTA1;NEDD4L;ANK2;KCNA5;KCNH2;ADCY10;KCNH6;AKAP6;NPPA;NOS1;KCNQ1;CASQ2;KCNE5	TUB	GO_BP	no_proc_ieg	10347
GOBP_ALPHA_AMINO_ACID_METABOLIC_PROCESS	-1.8965679684356938	0.0	0.049614934898670984	52/149	AASS;P4HA1;ARG2;ACAT1;KYNU;GLUD2;MMUT;QDPR;ALDH6A1;SHMT1;GLS2;GAD2;BHMT2;ASS1;BAAT;ACADSB;CRYM;ART4;GNMT;AMT;GLYAT;NOS2;CTPS1;PRODH;FTCD;ASPA;RIDA;HAL;NOX4;SARDH;DDAH1;SLC45A2;AGXT;OCA2;P4HA2;HAAO;DPEP1;GCLC;NOS1;ATP7A;MTR;GLS;OAT;DCT;SLC25A13;DDO;GOT1;KMO;PRODH2;MCCC1;OTC;PYCR1	TUB	GO_BP	no_proc_ieg	10347
GOBP_REGULATION_OF_VENTRICULAR_CARDIAC_MUSCLE_CELL_MEMBRANE_REPOLARIZATION	-1.9094299475691716	0.002702702702702703	0.04510952507464548	9/15	KCNE2;CACNA2D1;SNTA1;ANK2;KCNH2;KCNH6;NOS1;KCNQ1;KCNE5	TUB	GO_BP	no_proc_ieg	10347
GOBP_SODIUM_ION_TRANSPORT	-1.9102188737328603	0.0	0.04655816081827485	66/155	SLC12A3;SLC5A5;SLC13A2;CHP1;SLC13A4;KLHL3;ATP12A;SLC9A2;NKAIN1;SLC6A5;SCNN1B;SCN3B;SLC13A3;TRPM2;CNGA3;SLC10A1;SLC3A2;SLC6A3;SNTA1;NEDD4L;CLCNKB;SLC17A1;SLC4A5;UMOD;PER1;SCN2A;CHP2;SLC22A4;SLC4A4;AHCYL1;SLC34A1;SLC24A2;SCN11A;SLC9A5;SLC38A3;SLC6A15;ASIC4;SLC6A13;SLC22A5;DRD2;SCN2B;CNTN1;ASIC3;SLC6A4;SLC4A7;SLC10A2;NPPA;NOS1;SLC9A3;KCNQ1;ATP1B3;ATP4A;ATP1A2;SPTBN4;SLC17A7;SLC6A7;SCN4A;KCNK1;NKX2-5;HCN4;SLC8A2;SLC6A2;BPIFA1;SLC5A7;FGF14;SLC17A4	TUB	GO_BP	no_proc_ieg	10347
GOBP_GAMMA_AMINOBUTYRIC_ACID_SIGNALING_PATHWAY	-1.932866653994911	0.005376344086021506	0.03742736582812608	10/20	GABRR2;GABRR1;HTR1A;CACNB4;GABRD;GABRA1;PLCL1;PHF24;GABRA4;GABRE	TUB	GO_BP	no_proc_ieg	10347
GOBP_CELLULAR_RESPONSE_TO_GLUCOCORTICOID_STIMULUS	-1.9351402307145606	0.0031847133757961785	0.03803960857520692	13/41	KLF9;CFLAR;HMGCS2;SSTR2;SSTR4;PCK1;ASS1;SSTR3;FOXO3;STC1;CASP9;TFAP4;EGFR	TUB	GO_BP	no_proc_ieg	10347
GOBP_SENSORY_PERCEPTION	-1.9580895758405739	0.0	0.03127930618489205	162/380	DDIT3;PPEF1;GABRR2;RETREG1;CRYGA;OPRPN;ARR3;TIMP3;KCNQ4;TULP2;TAS2R16;GNAT1;TRPM1;OR1A2;COL11A2;OR12D3;CRYBB3;CLIC5;AOC2;OR7A5;FZD4;SCNN1B;CALCA;TBX1;LRAT;CNGA3;NYX;RRH;POU6F2;OR2F2;GUCA1B;OR6A2;OR2F1;OR10H3;NAV2;CRYM;OR2B2;KIT;GRM1;NRL;OR7C2;RAB3A;TAS2R4;SLC6A3;OR51E2;OR2C1;GNG13;OPN1SW;OPA1;OPRL1;PRDM12;TAS2R1;FYN;RGR;ALDH7A1;CRX;MYO9A;GLRA1;TAS2R10;RBP3;REEP2;SMR3A;CACNA1F;SOBP;RPGRIP1;SERPINB6;CACNB4;POU4F3;PDE6A;OR10H1;CHRNA10;VAX2;PDE6H;RLBP1;OTOR;NTSR2;OR5I1;SCN11A;MC1R;CPLX3;NPR2;AZGP1;PENK;GJA3;RPE65;DRD2;OR3A3;SLC45A2;EPHB1;ASIC3;RGS16;OR10J1;BEST2;TMEM100;OR3A1;CRB1;PHF24;GRM7;WHRN;OR2J3;KCNQ1;OR52A1;OAT;CRYGC;USH1C;SIX6;RAX;RCVRN;ATP2B2;CRYGB;MYO7A;OR1F1;BEST1;SIX1;GRM8;PDE6B;SPTBN4;OR1D2;ATP8A2;KCND2;WNT10B;TAAR5;OR7A17;PAX2;P2RX2;OR7A10;GIP;OR2H1;OMP;RHO;PIEZO2;PAX3;UCN;TAS2R8;EPYC;ATF6;GNAT2;CHRNA4;RDH8;TULP1;OBP2A;RBP4;OR12D2;OR11A1;CST1;OR1A1;MME;ROM1;CACNA1D;KIFC3;CA6;OPRK1;OR2H2;GUCY2F;TAS2R9;OR2B6;VSX1;COL6A1;DIAPH1;RIMS1;RGS9;CHRNB2	TUB	GO_BP	no_proc_ieg	10347
GOBP_CELLULAR_RESPONSE_TO_CORTICOSTEROID_STIMULUS	-1.9590606849350445	0.0	0.03234529069446256	14/48	KLF9;CFLAR;HMGCS2;SSTR2;SSTR4;SCNN1B;PCK1;ASS1;SSTR3;FOXO3;STC1;CASP9;TFAP4;EGFR	TUB	GO_BP	no_proc_ieg	10347
GOBP_LIPID_OXIDATION	-1.9689974517692894	0.0	0.030071591454974567	35/86	PDK4;ACAT1;IRS1;PEX7;BDH2;DECR2;GDF15;ABCD1;APOD;ACACB;PRKAG2;FABP1;ACAA1;ACOX3;ECI2;ACOX2;PPARGC1A;ALOX12;CNR1;ADIPOR1;ACAA2;ACADL;HADHA;FMO2;ALOX15;ABCD3;ACOT8;PEX5;LEP;CYP4F2;ALOX12B;HAO2;IRS2;SLC25A17;ABCB11	TUB	GO_BP	no_proc_ieg	10347
GOBP_REGULATION_OF_CARDIAC_MUSCLE_CELL_MEMBRANE_REPOLARIZATION	-1.9711450525569523	0.002631578947368421	0.0311862209271358	11/19	KCNE2;CACNA2D1;SNTA1;ANK2;KCNA5;KCNH2;KCNH6;NPPA;NOS1;KCNQ1;KCNE5	TUB	GO_BP	no_proc_ieg	10347
GOBP_INORGANIC_ION_IMPORT_ACROSS_PLASMA_MEMBRANE	-1.9774716966263415	0.0	0.030139528917698888	48/88	KCNJ6;CACNA1E;SLC12A3;TRPM1;KCNE2;ATP12A;SLC39A14;CACNA2D1;SLC9A2;SCNN1B;TRPM2;CNGA3;KCNJ4;CACNA1B;FYN;KCNH2;CACNA1F;KCNK5;SLC34A1;SLC24A2;KCNJ14;SLC9A5;ABCC8;KCNJ16;CACNA1I;SLC39A4;SLC9A3;KCNQ1;ATP1B3;ATP4A;ATP1A2;TRPV5;AQP8;P2RX1;HCN4;SLC8A2;TRPV6;PRNP;CACNA1G;CACNA1C;CACNA1D;CACNA1S;ATP1B2;KCNJ10;IFNG;SLC5A2;CACNA1A;SLC12A5	TUB	GO_BP	no_proc_ieg	10347
GOBP_MEMBRANE_REPOLARIZATION	-1.9817098893826437	0.0	0.02995061190905372	23/41	KCNE2;CACNA2D1;YWHAE;SNTA1;NEDD4L;ANK2;KCNA5;KCNH2;ADCY10;KCND3;KCNIP2;SCN2B;KCNH6;AKAP6;KCNN2;NPPA;NOS1;KCNQ1;ATP1B3;ATP1A2;CASQ2;KCNE5;KCND2	TUB	GO_BP	no_proc_ieg	10347
GOBP_ONE_CARBON_METABOLIC_PROCESS	-1.9835700890580372	0.0	0.03126667318562513	15/30	CA8;CA14;SHMT1;ALDH1L1;GNMT;CA7;SFXN1;CA11;AHCYL1;CA5A;AHCY;CA2;CA9;AHCYL2;CA1	TUB	GO_BP	no_proc_ieg	10347
GOBP_SENSORY_PERCEPTION_OF_CHEMICAL_STIMULUS	-2.009663160639844	0.0	0.024161032197958614	57/96	TAS2R16;GNAT1;OR1A2;OR12D3;OR7A5;SCNN1B;OR2F2;OR6A2;OR2F1;OR10H3;NAV2;OR2B2;OR7C2;TAS2R4;SLC6A3;OR51E2;OR2C1;GNG13;TAS2R1;TAS2R10;REEP2;OR10H1;OR5I1;AZGP1;DRD2;OR3A3;ASIC3;OR10J1;BEST2;OR3A1;OR2J3;OR52A1;OR1F1;OR1D2;WNT10B;TAAR5;OR7A17;P2RX2;OR7A10;OR2H1;OMP;TAS2R8;GNAT2;OBP2A;OR12D2;OR11A1;CST1;OR1A1;CA6;OR2H2;TAS2R9;OR2B6;OR3A2;ASIC1;CST2;LPO;OR2J2	TUB	GO_BP	no_proc_ieg	10347
GOBP_FATTY_ACID_CATABOLIC_PROCESS	-2.0373125310311835	0.0	0.01802548523971277	30/74	ACAT1;IRS1;PEX7;BDH2;CYP4F12;DECR2;ACOT7;PCK1;ABCD1;PCCA;ACACB;FABP1;ACAA1;ACOX3;ECI2;ACOX2;CNR1;ACAA2;ACADL;HADHA;CYP4A11;ABCD3;ACOT8;PEX5;LEP;CYP4F2;HAO2;IRS2;SLC25A17;ABCB11	TUB	GO_BP	no_proc_ieg	10347
GOBP_FATTY_ACID_BETA_OXIDATION	-2.051460832150137	0.0	0.016504527657642803	23/55	ACAT1;IRS1;PEX7;BDH2;DECR2;ABCD1;ACACB;FABP1;ACAA1;ACOX3;ECI2;ACOX2;CNR1;ACAA2;ACADL;HADHA;ABCD3;ACOT8;PEX5;LEP;IRS2;SLC25A17;ABCB11	TUB	GO_BP	no_proc_ieg	10347
GOBP_CARDIAC_MUSCLE_CELL_MEMBRANE_REPOLARIZATION	-2.0715117027476673	0.0	0.013711015204363018	15/30	KCNE2;CACNA2D1;YWHAE;SNTA1;ANK2;KCNA5;KCNH2;KCND3;KCNIP2;SCN2B;KCNH6;KCNN2;NPPA;NOS1;KCNQ1	TUB	GO_BP	no_proc_ieg	10347
GOBP_RESPONSE_TO_GLUCAGON	-2.0715356750695015	0.0	0.014957471132032385	7/20	GLP2R;PFKFB1;HMGCS2;PCK1;FGF21;ASS1;PRKAR1A	TUB	GO_BP	no_proc_ieg	10347
GOBP_ORGANIC_ACID_CATABOLIC_PROCESS	-2.0787694921151303	0.0	0.015008003129100061	69/175	AASS;ARG2;ACAT1;IRS1;KYNU;GLUD2;PEX7;BDH2;CYP4F12;DECR2;QDPR;ALDH6A1;SHMT1;GLS2;ALDH1L1;ACOT7;PCK1;GAD2;HNMT;ACADSB;ABCD1;CRYM;PCCA;AMT;ACACB;FABP1;NOS2;ACAA1;PRODH;DBT;FTCD;ACOX3;RIDA;ECI2;HAL;HDC;SARDH;DDAH1;AGXT;ACOX2;HAAO;DPEP1;CNR1;NOS1;SLC25A44;ACAA2;GLS;OAT;ACADL;DDO;GOT1;HADHA;CYP4A11;KMO;PRODH2;MCCC1;ABCD3;OTC;ACOT8;PEX5;THNSL2;DCXR;LEP;CYP4F2;HAO2;CYP26A1;IDS;IRS2;GAD1	TUB	GO_BP	no_proc_ieg	10347
GOBP_DICARBOXYLIC_ACID_METABOLIC_PROCESS	-2.10204071429259	0.0	0.01210522063087906	27/65	KYNU;GLUD2;SHMT1;OGDH;GLS2;ALDH1L1;PCK1;GAD2;LIPF;ASS1;ACLY;PRODH;FTCD;ASPA;HAL;SLC25A32;HAAO;GCLC;SLC19A1;GLS;OAT;DDO;GOT1;KMO;PRODH2;FOLR1;ACOT8	TUB	GO_BP	no_proc_ieg	10347
GOBP_G_PROTEIN_COUPLED_RECEPTOR_SIGNALING_PATHWAY_COUPLED_TO_CYCLIC_NUCLEOTIDE_SECOND_MESSENGER	-2.1144785362616187	0.0	0.01250666927425005	24/48	MTNR1A;HTR1E;SSTR2;GALR3;SSTR4;SSTR3;HRH3;CHRM2;CHRM5;HTR1A;NPY;XCR1;MC5R;VIPR1;HTR4;HTR7;MTNR1B;MC1R;HTR1B;CNR1;HRH4;HTR5A;HTR1D;MC2R	TUB	GO_BP	no_proc_ieg	10347
GOBP_POTASSIUM_ION_HOMEOSTASIS	-2.1244591814479876	0.0	0.01286400268208577	20/26	SLC12A3;KLHL3;ATP12A;SCNN1B;KCNA5;KCNH2;UMOD;CYP11B2;KCNQ1;ATP1B3;ATP4A;ATP1A2;UPK3A;ATP1B2;KCNJ10;SLC12A5;SLC12A9;KCNMA1;SLC12A6;ATP1A3	TUB	GO_BP	no_proc_ieg	10347
GOBP_GLUTAMINE_FAMILY_AMINO_ACID_CATABOLIC_PROCESS	-2.1259893291099203	0.0	0.014637435150603765	12/19	ARG2;GLUD2;GLS2;GAD2;NOS2;PRODH;DDAH1;NOS1;GLS;OAT;GOT1;PRODH2	TUB	GO_BP	no_proc_ieg	10347
GOBP_ACID_SECRETION	-2.1814158164672355	0.0	0.007781927548422255	25/33	PTGER3;SLC10A1;CHRM5;ACACB;UMOD;CACNB4;DRD3;DRD2;HTR1B;AGXT;KCNQ1;BEST1;APBA1;CASR;TRH;ABCB11;GABBR1;CCKBR;HRH2;NTSR1;TNF;ABAT;TRPC4;SLC26A6;SV2A	TUB	GO_BP	no_proc_ieg	10347
GOBP_L_AMINO_ACID_CATABOLIC_PROCESS	-2.2225589821230267	0.0	0.00667022361293336	22/48	AASS;ARG2;KYNU;GLUD2;QDPR;SHMT1;GLS2;GAD2;AMT;NOS2;PRODH;RIDA;DDAH1;AGXT;NOS1;GLS;OAT;DDO;GOT1;PRODH2;MCCC1;THNSL2	TUB	GO_BP	no_proc_ieg	10347
GOBP_DETECTION_OF_STIMULUS_INVOLVED_IN_SENSORY_PERCEPTION	-2.267486543391203	0.0	0.0037056797849629778	71/110	PPEF1;TAS2R16;GNAT1;OR1A2;OR12D3;OR7A5;CALCA;OR2F2;OR6A2;OR2F1;OR10H3;OR2B2;KIT;OR7C2;TAS2R4;OR51E2;OR2C1;PRDM12;TAS2R1;FYN;TAS2R10;CACNA1F;CACNB4;OR10H1;CHRNA10;OR5I1;SCN11A;AZGP1;RPE65;OR3A3;EPHB1;ASIC3;OR10J1;OR3A1;CRB1;PHF24;WHRN;OR2J3;KCNQ1;OR52A1;OR1F1;BEST1;OR1D2;ATP8A2;OR7A17;OR7A10;OR2H1;RHO;PIEZO2;TAS2R8;GNAT2;TULP1;OR12D2;OR11A1;CST1;OR1A1;ROM1;CA6;OR2H2;GUCY2F;TAS2R9;OR2B6;OR3A2;CST2;LPO;OR2J2;NTSR1;TAS2R7;OR1F2P;PDZD7;TNF	TUB	GO_BP	no_proc_ieg	10347
GOBP_SENSORY_PERCEPTION_OF_SMELL	-2.2899246087941907	0.0	0.005558519677444467	34/53	OR1A2;OR12D3;OR7A5;OR2F2;OR6A2;OR2F1;OR10H3;NAV2;OR2B2;OR7C2;SLC6A3;OR51E2;OR2C1;OR10H1;OR5I1;DRD2;OR3A3;OR10J1;BEST2;OR3A1;OR2J3;OR52A1;OR1F1;OR1D2;OR7A17;OR7A10;OR2H1;OMP;OBP2A;OR12D2;OR11A1;OR1A1;OR2H2;OR2B6	TUB	GO_BP	no_proc_ieg	10347
GOBP_AMINO_ACID_CATABOLIC_PROCESS	-2.290101846873113	0.0	0.011117039354888935	32/75	AASS;ARG2;ACAT1;KYNU;GLUD2;QDPR;ALDH6A1;SHMT1;GLS2;GAD2;ACADSB;CRYM;AMT;ENOSF1;NOS2;PRODH;DBT;RIDA;SARDH;DDAH1;AGXT;HAAO;NOS1;SLC25A44;GLS;OAT;DDO;GOT1;KMO;PRODH2;MCCC1;OTC	TUB	GO_BP	no_proc_ieg	10347
