term	nes	p	fdr	tag_frac	leading_edge	compartment	library	variant	n_ranked
GOBP_IMMUNE_RESPONSE_REGULATING_CELL_SURFACE_RECEPTOR_SIGNALING_PATHWAY	2.457709863023995	0.0	0.0	80/249	TYROBP;NMI;MYD88;FGR;CD300A;LIPA;ITGAM;LILRB2;CSK;LCP2;LTF;GBP1;TLR2;CD247;HCK;PTPN6;PTPRC;MICB;CD14;TLR1;CD3D;RBCK1;CD40;MEF2C;TNIP2;LAT2;BTN3A1;LIMK1;MAPK1;HLA-DQB1;BTN2A2;TRDC;LILRA2;FCGR2B;FCER1G;HLA-DRB1;EIF2B1;C3AR1;KLRD1;CD38;MAP3K1;DUSP22;GATA3;LAPTM5;INPP5D;FCN1;NCKAP1L;IGHM;HLA-A;LPXN;FLOT1;OAS1;NOD2;SYK;CD79B;BTN3A2;TLR4;LILRB4;TREM2;FCMR;PTPN2;PAK2;CD8A;VAV1;C5AR1;PRKCB;ADA;LY96;C3;THEMIS2;IFI35;FYB1;HLA-DPB1;TRAF6;FCHO1;CEACAM1;LCK;BLK;RC3H2;BTK	GLOM	GO_BP	no_proc_ieg	10098
GOBP_ANTIGEN_PROCESSING_AND_PRESENTATION	2.4413559007372827	0.0	0.0	38/84	PYCARD;CTSS;HLA-DMB;LILRB2;FGL2;MICB;HLA-DQB1;CD1D;FCGR2B;FCER1G;HLA-DRB1;HLA-DMA;IFI30;HLA-B;TAP1;HLA-A;NOD2;HLA-F;TAP2;HLA-DRA;TREM2;HLA-C;CD68;RAB5B;CD8A;PSMB8;RAB32;HLA-DPB1;TRAF6;TAPBPL;RAB35;EXT1;CCL19;HLA-E;HLA-DPA1;PSME1;YTHDF1;HLA-DQB2	GLOM	GO_BP	no_proc_ieg	10098
GOBP_IMMUNE_RESPONSE_REGULATING_SIGNALING_PATHWAY	2.436525915925895	0.0	0.0	108/366	TYROBP;NMI;PYCARD;MYD88;CTSS;FGR;CASP1;TLR7;CD300A;RPS6KA3;LIPA;ITGAM;LILRB2;CSK;ZDHHC18;LCP2;LTF;GBP1;GBP2;TLR2;CD247;HCK;PTPN6;CD36;SLC15A3;PTPRC;MICB;CD14;PPT1;TLR1;CD3D;RBCK1;NAGK;CD40;TLR8;RNF125;MEF2C;LRRC14;AURKB;TNIP2;LAT2;BTN3A1;LIMK1;MAPK1;HLA-DQB1;BTN2A2;TRDC;LILRA2;FCGR2B;CARD8;FCER1G;HLA-DRB1;EIF2B1;LILRA5;ZDHHC3;C3AR1;OAS3;KLRD1;CD38;MAP3K1;DUSP22;GATA3;LAPTM5;INPP5D;FCN1;NCKAP1L;IGHM;HLA-A;LPXN;FLOT1;OAS1;NOD2;SYK;CD79B;BTN3A2;TLR4;LILRB4;LILRA1;TREM2;FCMR;PTPN2;PAK2;CD8A;LAIR1;VAV1;C5AR1;PRKCB;ADA;LY96;C3;THEMIS2;IFI35;FYB1;HLA-DPB1;IRF1;TRAF3IP3;RIGI;TRAF6;FCHO1;SCARA3;TASL;CEACAM1;LCK;BLK;RC3H2;BTK;TNIP1;IRF7	GLOM	GO_BP	no_proc_ieg	10098
GOBP_ANTIGEN_PROCESSING_AND_PRESENTATION_OF_PEPTIDE_ANTIGEN	2.4205173629765095	0.0	0.0	23/49	PYCARD;CTSS;HLA-DMB;MICB;HLA-DQB1;FCGR2B;FCER1G;HLA-DRB1;HLA-DMA;IFI30;HLA-B;TAP1;HLA-A;HLA-F;TAP2;HLA-DRA;TREM2;HLA-C;HLA-DPB1;TRAF6;TAPBPL;HLA-E;HLA-DPA1	GLOM	GO_BP	no_proc_ieg	10098
GOBP_ANTIGEN_PROCESSING_AND_PRESENTATION_OF_EXOGENOUS_PEPTIDE_ANTIGEN	2.4013464361167727	0.0	0.0	17/29	CTSS;HLA-DMB;HLA-DQB1;FCGR2B;FCER1G;HLA-DRB1;HLA-DMA;IFI30;HLA-A;HLA-F;TAP2;HLA-DRA;HLA-DPB1;TRAF6;HLA-E;HLA-DPA1;HLA-DQB2	GLOM	GO_BP	no_proc_ieg	10098
GOBP_ACTIVATION_OF_IMMUNE_RESPONSE	2.347424276150047	0.0	0.0	109/379	TYROBP;NMI;PYCARD;MYD88;CTSS;FGR;C1QA;CASP1;TLR7;CD300A;RPS6KA3;LIPA;ITGAM;CSK;ZDHHC18;LCP2;LTF;GBP1;CFD;GBP2;TLR2;CD247;HCK;PTPN6;CD36;SLC15A3;PTPRC;C1QB;MICB;CD14;PPT1;TLR1;CD3D;RBCK1;NAGK;TLR8;RNF125;MEF2C;LRRC14;TRIM5;AURKB;TNIP2;LAT2;BTN3A1;LIMK1;MAPK1;HLA-DQB1;BTN2A2;TRDC;LILRA2;FCGR2B;CARD8;FCER1G;HLA-DRB1;EIF2B1;CFB;ZDHHC3;C3AR1;OAS3;KLRD1;CD38;DUSP22;GATA3;LAPTM5;INPP5D;FCN1;NCKAP1L;IGHM;HLA-A;LPXN;FLOT1;OAS1;NOD2;SYK;CD79B;BTN3A2;TLR4;LILRB4;TREM2;FCMR;PTPN2;PAK2;CD8A;VAV1;SERPING1;C5AR1;PRKCB;ADA;LY96;C3;THEMIS2;IFI35;FYB1;HLA-DPB1;VSIG4;IRF1;TRAF3IP3;RIGI;TRAF6;FCHO1;SCARA3;TASL;CEACAM1;LCK;BLK;RC3H2;BTK;TNIP1;IRF7	GLOM	GO_BP	no_proc_ieg	10098
GOBP_ANTIGEN_PROCESSING_AND_PRESENTATION_OF_EXOGENOUS_PEPTIDE_ANTIGEN_VIA_MHC_CLASS_II	2.31297815758242	0.0	0.0	16/23	CTSS;HLA-DMB;HLA-DQB1;FCGR2B;FCER1G;HLA-DRB1;HLA-DMA;IFI30;HLA-DRA;HLA-DPB1;TRAF6;HLA-DPA1;HLA-DQB2;CD74;HLA-DQA1;HLA-DOA	GLOM	GO_BP	no_proc_ieg	10098
GOBP_DETECTION_OF_EXTERNAL_BIOTIC_STIMULUS	2.3002019212194957	0.0	0.0	12/16	TLR2;TLR1;CD1D;HLA-DRB1;SCARB1;HLA-B;HLA-A;NOD2;TLR4;TREM2;LY96;CLEC7A	GLOM	GO_BP	no_proc_ieg	10098
GOBP_ANTIGEN_PROCESSING_AND_PRESENTATION_OF_EXOGENOUS_ANTIGEN	2.29107547125764	0.0	0.0	19/37	CTSS;HLA-DMB;HLA-DQB1;CD1D;FCGR2B;FCER1G;HLA-DRB1;HLA-DMA;IFI30;HLA-A;HLA-F;TAP2;HLA-DRA;HLA-DPB1;TRAF6;HLA-E;HLA-DPA1;PSME1;HLA-DQB2	GLOM	GO_BP	no_proc_ieg	10098
GOBP_ANTIGEN_RECEPTOR_MEDIATED_SIGNALING_PATHWAY	2.2835888054249995	0.0	0.0	48/144	CD300A;LIPA;CSK;LCP2;GBP1;CD247;PTPN6;PTPRC;CD3D;RBCK1;MEF2C;LAT2;BTN3A1;MAPK1;HLA-DQB1;BTN2A2;TRDC;FCGR2B;HLA-DRB1;EIF2B1;CD38;DUSP22;GATA3;LAPTM5;INPP5D;NCKAP1L;IGHM;HLA-A;LPXN;SYK;CD79B;BTN3A2;LILRB4;FCMR;PTPN2;CD8A;PRKCB;ADA;THEMIS2;FYB1;HLA-DPB1;TRAF6;FCHO1;CEACAM1;LCK;BLK;RC3H2;BTK	GLOM	GO_BP	no_proc_ieg	10098
GOBP_NEGATIVE_REGULATION_OF_IMMUNE_RESPONSE	2.282054405783812	0.0	0.0	51/142	NMI;HLX;FGR;CD300A;IL27RA;ZDHHC18;FGL2;TNFRSF14;HCK;PTPN6;PTPRC;ISG15;ADAR;TRIM27;AURKB;COL3A1;FCGR2B;HLA-DRB1;ASCL2;OAS3;KLRD1;DUSP22;HLA-B;INPP5D;PLK2;CCR2;NCKAP1L;HLA-A;OAS1;NOD2;SYK;HLA-F;LILRB4;TREM2;PTPN2;ANXA1;SLAMF1;SERPING1;AHR;RPS19;TBX21;TRIM21;GFER;VSIG4;CEACAM1;RC3H2;NPY5R;HLA-E;GRN;IFI16;SPI1	GLOM	GO_BP	no_proc_ieg	10098
GOBP_POSITIVE_REGULATION_OF_TUMOR_NECROSIS_FACTOR_SUPERFAMILY_CYTOKINE_PRODUCTION	2.2790743027213662	0.0	0.0	37/85	TYROBP;PYCARD;MYD88;TWIST1;OAS2;TLR2;CD36;PTPRC;CD14;TLR1;LILRA2;FCGR2B;LILRA5;OAS3;CYBB;CCR2;SASH3;SPON2;OAS1;NOD2;CD86;SYK;TLR4;CARD9;LY96;PTAFR;RIGI;BTK;CCL19;CD2;HLA-E;CLEC7A;IFIH1;CYBA;TGFB1;EPHB2;APP	GLOM	GO_BP	no_proc_ieg	10098
GOBP_MYELOID_CELL_ACTIVATION_INVOLVED_IN_IMMUNE_RESPONSE	2.242794019987046	0.0	0.0003429297826401091	29/72	CX3CR1;TYROBP;NMI;PYCARD;MYD88;ITGB2;FGR;CD300A;DOCK2;ITGAM;PTPN6;RAC2;LAT2;LILRA2;FCER1G;CCR2;SYK;TREM2;MILR1;SLAMF1;PTAFR;IFI35;ADGRE2;PTGDR;BTK;GRN;SPI1;STXBP1;GATA2	GLOM	GO_BP	no_proc_ieg	10098
GOBP_RESPONSE_TO_VIRUS	2.227296357161598	0.0	0.00047765219724872334	109/267	NMI;PYCARD;MYD88;FGR;CASP1;TLR7;CCL5;FGL2;ISG20;GBP1;OAS2;GBP2;TLR2;CCL4;PRF1;PTPRC;IFITM2;ACTA2;MICB;ISG15;RNASE6;CD40;APOBEC3F;TLR8;ADAR;TRIM27;TRIM5;NPC2;IFIT3;CARD8;IFNGR2;OAS3;IFITM1;IFNAR1;RNASE1;APOBEC3A;GATA3;IRF2;CXCL10;SPON2;OAS1;CARD9;POLR3B;LGALS8;AUP1;MAPK11;IFIT2;APOBEC3G;TBX21;IFI6;RTP4;TRIM21;IRF1;RIGI;TRAF6;MX1;IRF7;PML;EXT1;CCL19;CDK6;FCN3;IFI16;CXCR4;DNAJC3;IKBKE;BAX;IFIH1;TARBP2;SMARCA5;IFI27;TGFB1;HNRNPUL1;HYAL3;IFI44;SEC11A;IL12A;CCL8;ITGB6;TRIM25;IL1B;SAMHD1;RNASE2;FADD;CCDC92;EXOC1;RNASEL;TRIM22;HYAL2;NFKB1;TICAM1;TLR3;SPN;CXCL9;BST2;SKP2;G3BP1;IFIT1;RSAD2;POLR3E;TRIM44;TRIM32;NLRP3;DCLK1;IL33;IL12RB1;IRF5;IL15;TREX1	GLOM	GO_BP	no_proc_ieg	10098
GOBP_TUMOR_NECROSIS_FACTOR_SUPERFAMILY_CYTOKINE_PRODUCTION	2.2250152768950646	0.0	0.0005201101703374988	50/134	CX3CR1;TYROBP;PYCARD;MYD88;UBE2J1;TWIST1;IL27RA;SYT11;LTF;OAS2;TLR2;PTPN6;CD36;PTPRC;CD14;TLR1;TRIM27;LILRA2;FCGR2B;LILRA5;OAS3;CYBB;CCR2;SASH3;SPON2;OAS1;NOD2;CD86;SYK;TLR4;CARD9;LILRB4;TREM2;TSPO;SLAMF1;LY96;PTAFR;RIGI;BTK;CCL19;CD2;HLA-E;POMC;CLEC7A;IFIH1;CYBA;TGFB1;EPHB2;APP;PTPN22	GLOM	GO_BP	no_proc_ieg	10098
GOBP_T_CELL_RECEPTOR_SIGNALING_PATHWAY	2.2202178855612695	0.0	0.0004876032846914051	36/109	CD300A;LIPA;CSK;LCP2;GBP1;CD247;PTPN6;PTPRC;CD3D;RBCK1;BTN3A1;MAPK1;HLA-DQB1;BTN2A2;TRDC;HLA-DRB1;EIF2B1;DUSP22;GATA3;LAPTM5;INPP5D;HLA-A;BTN3A2;LILRB4;PTPN2;CD8A;ADA;THEMIS2;FYB1;HLA-DPB1;TRAF6;FCHO1;CEACAM1;LCK;RC3H2;BTK	GLOM	GO_BP	no_proc_ieg	10098
GOBP_LEUKOCYTE_ACTIVATION_INVOLVED_IN_INFLAMMATORY_RESPONSE	2.2186146526824837	0.0	0.0004589207385330872	14/41	CX3CR1;TYROBP;MYD88;ITGB2;C1QA;SYT11;ITGAM;CST7;CALHM2;TLR2;PTPRC;IFNGR2;TREM2;C5AR1	GLOM	GO_BP	no_proc_ieg	10098
GOBP_ANTIGEN_PROCESSING_AND_PRESENTATION_OF_PEPTIDE_OR_POLYSACCHARIDE_ANTIGEN_VIA_MHC_CLASS_II	2.210460412060861	0.0	0.0005572608967901772	15/26	PYCARD;CTSS;HLA-DMB;HLA-DQB1;FCGR2B;FCER1G;HLA-DRB1;HLA-DMA;IFI30;HLA-DRA;TREM2;HLA-DPB1;TRAF6;HLA-DPA1;HLA-DQB2	GLOM	GO_BP	no_proc_ieg	10098
GOBP_TYPE_I_INTERFERON_PRODUCTION	2.200963877879793	0.0	0.000762567542976032	43/90	TYROBP;NMI;PYCARD;MYD88;TLR7;OAS2;TLR2;CD14;ISG15;TLR8;RNF125;TRIM27;OAS3;IRF8;FLOT1;OAS1;SYK;TLR4;POLR3B;KPNA2;TRIM21;SIGLEC1;IRF1;TRAF3IP3;RIGI;TRAF6;IRF7;TRAIP;USP22;IKBKE;IFIH1;PTPN22;XAF1;CYLD;HMGB2;RBX1;TICAM1;TLR3;G3BP1;IRAK1;UFD1;IRF5;TREX1	GLOM	GO_BP	no_proc_ieg	10098
GOBP_MYELOID_LEUKOCYTE_ACTIVATION	2.197849228093456	0.0	0.0007244391658272303	49/180	CX3CR1;TYROBP;NMI;PYCARD;MYD88;ITGB2;FGR;C1QA;CD300A;DOCK2;CCL5;SYT11;ITGAM;CST7;LCP2;CALHM2;TLR2;PTPN6;PTPRC;TLR1;RAC2;TNIP2;LAT2;LILRA2;FCGR2B;ADAM10;FCER1G;IFNGR2;FN1;CXCL6;CCR2;STK39;SYK;TLR4;CEBPA;LILRB4;TREM2;MILR1;ANXA1;SLAMF1;C5AR1;PLA2G4A;PTAFR;IFI35;ADGRE2;PTGDR;CD93;VSIG4;TRAF6	GLOM	GO_BP	no_proc_ieg	10098
GOBP_MACROPHAGE_ACTIVATION	2.1967842185649027	0.0	0.0006899420626926004	25/81	CX3CR1;TYROBP;NMI;ITGB2;C1QA;SYT11;ITGAM;CST7;CALHM2;TLR2;PTPRC;TLR1;TNIP2;FCGR2B;IFNGR2;STK39;SYK;TLR4;CEBPA;TREM2;C5AR1;PLA2G4A;IFI35;CD93;VSIG4	GLOM	GO_BP	no_proc_ieg	10098
GOBP_PYROPTOSIS	2.195114092970004	0.0	0.0007092411413693165	12/23	PYCARD;CASP1;GZMA;GBP1;GBP2;GZMB;TREM2;CASP8;TRIM21;CASP4;GSDMD;IFI27	GLOM	GO_BP	no_proc_ieg	10098
GOBP_DEFENSE_RESPONSE_TO_VIRUS	2.186986264761694	0.0	0.0006784045700054331	81/194	PYCARD;MYD88;CASP1;TLR7;FGL2;ISG20;GBP1;OAS2;GBP2;TLR2;PRF1;PTPRC;IFITM2;MICB;ISG15;RNASE6;CD40;APOBEC3F;TLR8;ADAR;TRIM27;TRIM5;IFIT3;CARD8;IFNGR2;OAS3;IFITM1;RNASE1;APOBEC3A;IRF2;CXCL10;SPON2;OAS1;CARD9;POLR3B;IFIT2;APOBEC3G;IFI6;RTP4;TRIM21;IRF1;RIGI;TRAF6;MX1;IRF7;PML;FCN3;IFI16;DNAJC3;IKBKE;IFIH1;TARBP2;SMARCA5;IFI27;TRIM25;IL1B;SAMHD1;RNASE2;FADD;CCDC92;EXOC1;RNASEL;TRIM22;HYAL2;TICAM1;TLR3;SPN;CXCL9;BST2;SKP2;G3BP1;IFIT1;RSAD2;POLR3E;TRIM44;TRIM32;IL33;IL12RB1;IRF5;IL15;TREX1	GLOM	GO_BP	no_proc_ieg	10098
GOBP_LIPOPOLYSACCHARIDE_MEDIATED_SIGNALING_PATHWAY	2.1840986807148584	0.0	0.0006965761209877215	16/40	MYD88;LTF;TLR2;HCK;CD36;CD14;TRIM5;MAPK1;LILRA2;CARD8;SCARB1;LY86;TLR4;LY96;PTAFR;TRAF6	GLOM	GO_BP	no_proc_ieg	10098
GOBP_LEUKOCYTE_MEDIATED_CYTOTOXICITY	2.178055695127386	0.0	0.0008024556913778552	35/101	CX3CR1;TYROBP;MYD88;NKG7;ITGAM;PRF1;PTPN6;PTPRC;MICB;CD1D;FCGR2B;HLA-DRB1;KLRD1;CXCL6;GZMB;HLA-B;NCKAP1L;HLA-A;CORO1A;HLA-F;HPRT1;TAP2;HLA-DRA;HLA-C;VAV1;EMP2;GFER;CEACAM1;CD2;HLA-E;SPI1;SH2D1A;CRTAM;TGFB1;GRB2	GLOM	GO_BP	no_proc_ieg	10098
GOBP_GRANULOCYTE_ACTIVATION	2.17342481736021	0.0	0.0008573244566002727	16/38	TYROBP;MYD88;ITGB2;CD300A;CCL5;ITGAM;LILRA2;FCGR2B;FCER1G;CXCL6;CCR2;SYK;ANXA1;PTAFR;GRN;SPI1	GLOM	GO_BP	no_proc_ieg	10098
GOBP_REGULATION_OF_INNATE_IMMUNE_RESPONSE	2.173328587871431	0.0	0.0008255716989484107	102/292	TYROBP;NMI;PYCARD;MYD88;CTSS;FGR;CASP1;TLR7;CD300A;RPS6KA3;CCL5;ZDHHC18;LTF;GBP2;TLR2;HCK;PTPN6;CD36;SLC15A3;CD14;PPT1;ISG15;TLR1;NAGK;TLR8;RNF125;ADAR;LRRC14;TRIM5;AURKB;TNIP2;CD1D;LILRA2;FCGR2B;CARD8;ZDHHC3;OAS3;KLRD1;HLA-B;FCN1;HLA-A;FLOT1;OAS1;NOD2;SYK;TLR4;HLA-F;CARD9;POLR3B;TREM2;PTPN2;PAK2;VAV1;SERPING1;RPS19;CASP8;LY96;TRIM21;IFI35;GFER;VSIG4;IRF1;TRAF3IP3;RIGI;TRAF6;SCARA3;TASL;CEACAM1;BTK;TNIP1;IRF7;FCN3;HLA-E;GRN;IFI16;SPI1;SH2D1A;IKBKE;CLEC7A;CD96;CRTAM;IFIH1;TARBP2;CYBA;TGFB1;SLAMF8;MNDA;PTPN22;IL12A;COLEC12;TRIM3;NR1H3;TRIM25;SAMHD1;IRAK4;CYLD;FADD;HMGB2;A2M;PPARG;YTHDF2;TLR5	GLOM	GO_BP	no_proc_ieg	10098
GOBP_REGULATION_OF_PHAGOCYTOSIS	2.1733032951040188	0.0	0.0007960869954145389	33/75	PYCARD;FGR;CD300A;DOCK2;SYT11;CSK;TLR2;HCK;CD36;PTPRC;FCGR2B;FCER1G;SCARB1;ABCA7;TGM2;FCN1;NCKAP1L;NOD2;SYK;TREM2;SNX3;IL2RB;RAB31;C3;BTK;PTX3;FCN3;CLEC7A;GATA2;CYBA;CFP;TGFB1;ATG3	GLOM	GO_BP	no_proc_ieg	10098
GOBP_POSITIVE_REGULATION_OF_TYPE_I_INTERFERON_PRODUCTION	2.1507848980365836	0.0	0.0011145217935803545	29/53	MYD88;TLR7;OAS2;TLR2;CD14;ISG15;TLR8;OAS3;FLOT1;OAS1;SYK;TLR4;POLR3B;KPNA2;IRF1;TRAF3IP3;RIGI;TRAF6;IRF7;USP22;IKBKE;IFIH1;PTPN22;HMGB2;TICAM1;TLR3;G3BP1;IRAK1;IRF5	GLOM	GO_BP	no_proc_ieg	10098
GOBP_MACROPHAGE_CYTOKINE_PRODUCTION	2.1448262582321918	0.0	0.0011145217935803545	20/33	PYCARD;MYD88;UBE2J1;TLR7;TWIST1;CD36;GPRC5B;LAPTM5;SPON2;NOD2;TLR4;CARD9;LITAF;TGFB1;PANX1;CD74;P2RX7;TGFB2;TICAM1;TLR3	GLOM	GO_BP	no_proc_ieg	10098
GOBP_CELL_ACTIVATION_INVOLVED_IN_IMMUNE_RESPONSE	2.13818501621291	0.0	0.0012223787413461952	64/212	CX3CR1;TYROBP;NMI;PYCARD;MYD88;ITGB2;HLX;FGR;HLA-DMB;CD300A;DOCK2;IL27RA;NKG7;ITGAM;TCIM;FGL2;PTPN6;PTPRC;LCP1;CD40;RAC2;LAT2;ITGAL;LILRA2;FCGR2B;FCER1G;HLA-DRB1;ASCL2;IRF8;GATA3;CCR2;NCKAP1L;MDK;APBB1IP;CD86;SYK;CORO1A;TLR4;HLA-F;HLA-DRA;TREM2;MILR1;ANXA1;DOCK10;SLAMF1;ADA;TBX21;PTAFR;IFI35;LGALS1;ADGRE2;PTGDR;CEACAM1;DDRGK1;RC3H2;BTK;STAT4;ENTPD7;CCL19;GRN;SPI1;STXBP1;CD244;GATA2	GLOM	GO_BP	no_proc_ieg	10098
GOBP_PHAGOCYTOSIS	2.1369083430455693	0.0	0.0011841794056791266	65/170	TYROBP;PYCARD;MYD88;ITGB2;FGR;CD300A;DOCK2;SYT11;ITGAM;CSK;TLR2;HCK;CD36;PTPRC;CD14;LIMK1;ITGAL;FCGR2B;NCF2;ANXA11;FCER1G;RUBCN;SCARB1;ABCA7;IRF8;CORO1C;TGM2;NCF4;ARHGAP25;FCN1;CCR2;NCKAP1L;BIN2;SPON2;NOD2;SYK;CORO1A;TLR4;PECAM1;MFGE8;TREM2;ANXA1;SNX3;VAV1;IL2RB;RAB31;SLAMF1;C3;CD93;BTK;PTX3;FCN3;CLEC7A;PIP5K1C;GATA2;CYBA;CFP;TGFB1;MARCO;ATG3;COLEC12;MSR1;NR1H3;ABCA1;ELMO1	GLOM	GO_BP	no_proc_ieg	10098
GOBP_IMMUNE_EFFECTOR_PROCESS	2.1358196866702905	0.0	0.001215841956633114	135/458	CX3CR1;TYROBP;NMI;PYCARD;MYD88;ITGB2;HLX;FGR;C1QA;HLA-DMB;UBE2J1;TLR7;CD300A;TNFRSF1B;TWIST1;DOCK2;LIPA;IL27RA;NKG7;ITGAM;TCIM;FGL2;CFD;TNFRSF14;HCK;PRF1;PTPN6;CD36;PTPRC;C1QB;GPRC5B;MICB;LCP1;CD40;RAC2;TLR8;LAT2;LIMK1;CD1D;ITGAL;LILRA2;FCGR2B;FCER1G;HLA-DRB1;ASCL2;CFB;KLRD1;CXCL6;DUSP22;GZMB;IRF8;GATA3;HLA-B;LAPTM5;INPP5D;IL1R1;FCN1;CCR2;NCKAP1L;IGHM;HLA-A;SASH3;SPON2;MDK;APBB1IP;NOD2;CD86;SYK;IL21R;CORO1A;BTN3A2;TLR4;HLA-F;HPRT1;CARD9;LILRB4;TAP2;HLA-DRA;TREM2;FCMR;MILR1;HLA-C;ANXA1;CD8A;TRPM4;VAV1;DOCK10;IL2RB;SLAMF1;EMP2;SERPING1;AHR;RPS19;ADA;TBX21;C3;PTAFR;IFI35;LGALS1;ADGRE2;GFER;PTGDR;VSIG4;RIGI;TRAF6;CEACAM1;DDRGK1;RC3H2;BTK;STAT4;TNFRSF4;ENTPD7;IRF7;PTX3;CCL19;CD2;FCN3;HLA-E;GRN;SPI1;SH2D1A;STXBP1;CLEC7A;CD244;CD96;CRTAM;NDST2;GATA2;C1R;LITAF;CFP;TGFB1;GRB2;SLAMF8;ERCC1	GLOM	GO_BP	no_proc_ieg	10098
GOBP_ADAPTIVE_IMMUNE_RESPONSE	2.1336967877112345	0.0	0.001245642004589808	102/361	CX3CR1;PYCARD;MYD88;HLX;CTSS;C1QA;HLA-DMB;TNFRSF1B;IL27RA;LILRB2;CSK;TNFRSF14;CD247;PRF1;PTPN6;PTPRC;C1QB;MICB;SIPA1;RAG1;CD3D;CD40;TLR8;RNF125;MEF2C;TRIM27;LAT2;BTN3A1;ADCY7;HLA-DQB1;CD1D;CLEC10A;TRDC;FCGR2B;FCER1G;HLA-DRB1;ASCL2;DCLRE1C;KLRD1;DUSP22;HLA-DMA;GATA3;HLA-B;TAP1;INPP5D;IL1R1;CCR2;NCKAP1L;IGHM;EBI3;HLA-A;SASH3;NOD2;CD86;SYK;IL21R;CD79B;BTN3A2;TLR4;HLA-F;HPRT1;CARD9;LILRB4;TAP2;LILRA1;HLA-DRA;RAP1GAP2;TREM2;FCMR;HLA-C;ANXA1;CD8A;TRPM4;LAIR1;IL2RB;SLAMF1;EMP2;SERPING1;AHR;PRKCB;ADA;TBX21;PLA2G4A;C3;HLA-DPB1;IRF1;TRAF6;CEACAM1;RC3H2;BTK;STAT4;ENTPD7;ADGRE1;IRF7;CD4;CCL19;HLA-E;SH2D1A;HLA-DPA1;CLEC7A;CD244;CRTAM	GLOM	GO_BP	no_proc_ieg	10098
GOBP_REGULATION_OF_ANTIGEN_RECEPTOR_MEDIATED_SIGNALING_PATHWAY	2.132394598155836	0.0	0.0012418957128466808	21/50	CD300A;LIPA;GBP1;PTPN6;PTPRC;BTN2A2;FCGR2B;DUSP22;LAPTM5;LPXN;LILRB4;FCMR;PTPN2;PRKCB;ADA;CEACAM1;LCK;SH2D1A;PRKCH;PTPN22;CYLD	GLOM	GO_BP	no_proc_ieg	10098
GOBP_NEGATIVE_REGULATION_OF_VIRAL_GENOME_REPLICATION	2.1263690369891117	0.0	0.001238357548422616	22/39	CCL5;LTF;ISG20;OAS2;IFITM2;ISG15;APOBEC3F;OAS3;IFITM1;APOBEC3A;OAS1;APOBEC3G;MX1;TNIP1;IFI16;IFIH1;FAM111A;RNASEL;MORC2;BST2;IFIT1;RSAD2	GLOM	GO_BP	no_proc_ieg	10098
GOBP_POSITIVE_REGULATION_OF_MONONUCLEAR_CELL_MIGRATION	2.1197579007021474	0.0	0.001265132846766889	22/70	CX3CR1;PYCARD;CCL5;TNFRSF14;CCL4;CSF1R;MAPK1;ADAM10;ASCL2;C3AR1;CXCL10;CCR1;CCR2;ITGA4;MDK;STK39;CORO1A;TNFSF14;PLA2G7;TREM2;SLAMF1;C5AR1	GLOM	GO_BP	no_proc_ieg	10098
GOBP_REGULATION_OF_RESPONSE_TO_BIOTIC_STIMULUS	2.118006997236913	0.0	0.0012904989188825158	136/347	TYROBP;NMI;PYCARD;MYD88;CTSS;FGR;CASP1;TLR7;CD300A;RPS6KA3;CCL5;PPP2R3C;SYT11;ZDHHC18;LTF;FGL2;TIGAR;GBP2;TLR2;HCK;PTPN6;CD36;SLC15A3;MICB;CD14;PPT1;ISG15;TLR1;NAGK;APOBEC3F;TLR8;RNF125;ADAR;LRRC14;TRIM5;AURKB;TNIP2;CD1D;LILRA2;FCGR2B;CARD8;HLA-DRB1;ZDHHC3;OAS3;KLRD1;CXCL6;HLA-B;FCN1;HLA-A;LY86;FLOT1;OAS1;NOD2;EMILIN1;SYK;TLR4;HLA-F;CARD9;POLR3B;TREM2;PTPN2;PAK2;MMRN2;VAV1;SERPING1;AHR;RPS19;APOBEC3G;CASP8;LY96;TRIM21;IFI35;GFER;VSIG4;IRF1;TRAF3IP3;RIGI;TRAF6;SCARA3;TASL;CEACAM1;BTK;TNIP1;IRF7;FCN3;HLA-E;GRN;IFI16;SPI1;SH2D1A;IKBKE;CLEC7A;CD96;CRTAM;IFIH1;TARBP2;CYBA;TGFB1;SLAMF8;MNDA;PTPN22;IL12A;COLEC12;TRIM3;NR1H3;TRIM25;IL1B;SAMHD1;IRAK4;CYLD;FADD;HMGB2;A2M;PPARG;CCDC92;YTHDF2;TLR5;CD180;KLRB1;TRIM22;TICAM1;GDI1;TLR3;RNF34;SPN;FCN2;FLOT2;RSAD2;TRIM44;TRIM32;IRAK1;NLRP3;UFD1;IL12RB1;IL15;TREX1	GLOM	GO_BP	no_proc_ieg	10098
GOBP_REGULATION_OF_IMMUNE_EFFECTOR_PROCESS	2.1079606930069517	0.0	0.0016574939494271939	89/284	CX3CR1;TYROBP;PYCARD;MYD88;ITGB2;HLX;FGR;HLA-DMB;UBE2J1;TLR7;CD300A;TNFRSF1B;TWIST1;IL27RA;ITGAM;FGL2;TNFRSF14;PTPN6;CD36;PTPRC;GPRC5B;MICB;CD40;RAC2;CD1D;FCGR2B;HLA-DRB1;ASCL2;KLRD1;CXCL6;DUSP22;GATA3;HLA-B;LAPTM5;IL1R1;FCN1;CCR2;NCKAP1L;HLA-A;SASH3;SPON2;NOD2;CD86;SYK;TLR4;HLA-F;CARD9;LILRB4;TAP2;HLA-DRA;TREM2;HLA-C;ANXA1;TRPM4;VAV1;SLAMF1;SERPING1;AHR;RPS19;TBX21;C3;PTAFR;ADGRE2;GFER;VSIG4;RIGI;TRAF6;CEACAM1;DDRGK1;RC3H2;BTK;TNFRSF4;CCL19;FCN3;HLA-E;GRN;SPI1;SH2D1A;STXBP1;CLEC7A;CD244;CD96;CRTAM;GATA2;LITAF;CFP;TGFB1;SLAMF8;EPHB2	GLOM	GO_BP	no_proc_ieg	10098
GOBP_REGULATION_OF_T_CELL_MEDIATED_IMMUNITY	2.10536390189658	0.0	0.001643919645531023	41/77	TNFRSF1B;PTPRC;MICB;CD1D;FCGR2B;HLA-DRB1;KLRD1;DUSP22;GATA3;HLA-B;IL1R1;CCR2;NCKAP1L;HLA-A;SASH3;NOD2;HLA-F;LILRB4;TAP2;HLA-DRA;HLA-C;TRPM4;SLAMF1;AHR;TBX21;TRAF6;CEACAM1;HLA-E;IL12A;IL1B;FADD;SMAD7;P2RX7;SPN;RSAD2;CD81;NLRP3;IL12RB1;IL18R1;CD80;IL7R	GLOM	GO_BP	no_proc_ieg	10098
GOBP_REGULATION_OF_MYELOID_LEUKOCYTE_MEDIATED_IMMUNITY	2.1044425839379377	0.0	0.0016038240444205102	20/42	CX3CR1;TYROBP;ITGB2;FGR;CD300A;ITGAM;RAC2;FCGR2B;CXCL6;CCR2;SYK;C3;PTAFR;ADGRE2;RIGI;BTK;HLA-E;SPI1;STXBP1;GATA2	GLOM	GO_BP	no_proc_ieg	10098
GOBP_ANTIGEN_PROCESSING_AND_PRESENTATION_OF_ENDOGENOUS_ANTIGEN	2.104416092911477	0.0	0.0015656377576485933	10/24	MICB;CD1D;HLA-DRB1;HLA-B;TAP1;HLA-A;HLA-F;TAP2;HLA-DRA;HLA-C	GLOM	GO_BP	no_proc_ieg	10098
GOBP_CYTOKINE_PRODUCTION_INVOLVED_IN_IMMUNE_RESPONSE	2.1026558695623083	0.0	0.0015292275772381609	53/97	PYCARD;MYD88;UBE2J1;TLR7;TNFRSF1B;TWIST1;TNFRSF14;CD36;GPRC5B;GATA3;LAPTM5;IL1R1;CCR2;HLA-A;SASH3;SPON2;NOD2;SYK;TLR4;HLA-F;CARD9;LILRB4;TRPM4;SLAMF1;TBX21;RIGI;TRAF6;BTK;HLA-E;CLEC7A;CD96;LITAF;TGFB1;IL1B;PANX1;CD74;SMAD7;P2RX7;TGFB2;TICAM1;TLR3;BST2;RSAD2;CD81;NLRP3;IRF5;IL18R1;CUEDC2;FFAR2;LILRB1;TRAF2;DDX21;TRIL	GLOM	GO_BP	no_proc_ieg	10098
GOBP_ACTIVATION_OF_INNATE_IMMUNE_RESPONSE	2.1015988153396297	0.0	0.0014944724050282028	64/188	TYROBP;NMI;PYCARD;MYD88;CTSS;CASP1;TLR7;CD300A;RPS6KA3;ZDHHC18;LTF;GBP2;TLR2;HCK;CD36;SLC15A3;CD14;PPT1;TLR1;NAGK;TLR8;RNF125;LRRC14;TRIM5;AURKB;TNIP2;LILRA2;CARD8;ZDHHC3;OAS3;KLRD1;FCN1;FLOT1;OAS1;NOD2;SYK;TLR4;TREM2;PAK2;LY96;IFI35;IRF1;TRAF3IP3;RIGI;TRAF6;SCARA3;TASL;BTK;TNIP1;IRF7;FCN3;IFI16;CLEC7A;IFIH1;TARBP2;CYBA;MNDA;PTPN22;COLEC12;TRIM3;NR1H3;TRIM25;IRAK4;CYLD	GLOM	GO_BP	no_proc_ieg	10098
GOBP_REGULATION_OF_ADAPTIVE_IMMUNE_RESPONSE	2.1004832323331133	0.0	0.0015107962090755915	50/152	PYCARD;HLX;TNFRSF1B;IL27RA;TNFRSF14;PTPN6;PTPRC;MICB;CD40;MEF2C;TRIM27;ADCY7;CD1D;FCGR2B;HLA-DRB1;ASCL2;KLRD1;DUSP22;GATA3;HLA-B;IL1R1;CCR2;NCKAP1L;HLA-A;SASH3;NOD2;HLA-F;CARD9;LILRB4;TAP2;HLA-DRA;TREM2;HLA-C;ANXA1;TRPM4;SLAMF1;AHR;ADA;TBX21;PLA2G4A;C3;IRF1;TRAF6;CEACAM1;RC3H2;BTK;IRF7;CD4;CCL19;HLA-E	GLOM	GO_BP	no_proc_ieg	10098
GOBP_LEUKOCYTE_MEDIATED_IMMUNITY	2.099470096425116	0.0	0.0014779528132261221	128/286	CX3CR1;TYROBP;MYD88;ITGB2;FGR;C1QA;CD300A;TNFRSF1B;IL27RA;NKG7;ITGAM;PRF1;PTPN6;PTPRC;C1QB;MICB;CD40;RAC2;TLR8;LAT2;CD1D;FCGR2B;FCER1G;HLA-DRB1;KLRD1;CXCL6;DUSP22;GZMB;GATA3;HLA-B;INPP5D;IL1R1;CCR2;NCKAP1L;IGHM;HLA-A;SASH3;SPON2;NOD2;SYK;IL21R;CORO1A;BTN3A2;TLR4;HLA-F;HPRT1;CARD9;LILRB4;TAP2;HLA-DRA;TREM2;FCMR;MILR1;HLA-C;CD8A;TRPM4;VAV1;IL2RB;SLAMF1;EMP2;SERPING1;AHR;TBX21;C3;PTAFR;ADGRE2;GFER;PTGDR;RIGI;TRAF6;CEACAM1;BTK;IRF7;CD2;HLA-E;SPI1;SH2D1A;STXBP1;CLEC7A;CD96;CRTAM;NDST2;GATA2;C1R;TGFB1;GRB2;ERCC1;C8G;IL12A;CBL;IL1B;IRAK4;FADD;CD74;IGHV3-23;SMAD7;KLRB1;P2RX7;PIK3CG;GZMM;TICAM1;TLR3;SPN;BST2;CHGA;RSAD2;CD81;TUBB;NLRP3;IL12RB1;CD27;IL18R1;TREX1;CD80;S100A13;SLAMF7;IL7R;CRK;ANXA3;IL4R;KMT5B;MLH1;PIK3CD;CLU;ICAM1;LILRB1;TRAF2;DDX21	GLOM	GO_BP	no_proc_ieg	10098
GOBP_POSITIVE_REGULATION_OF_RESPONSE_TO_BIOTIC_STIMULUS	2.0971680687788297	0.0	0.001493933467990688	84/250	TYROBP;NMI;PYCARD;MYD88;CTSS;CASP1;TLR7;CD300A;RPS6KA3;CCL5;ZDHHC18;LTF;GBP2;TLR2;HCK;CD36;SLC15A3;CD14;PPT1;TLR1;NAGK;TLR8;RNF125;LRRC14;TRIM5;AURKB;TNIP2;CD1D;LILRA2;CARD8;HLA-DRB1;ZDHHC3;OAS3;KLRD1;FCN1;LY86;FLOT1;OAS1;NOD2;EMILIN1;SYK;TLR4;HLA-F;CARD9;POLR3B;TREM2;PAK2;MMRN2;VAV1;RPS19;LY96;IFI35;IRF1;TRAF3IP3;RIGI;TRAF6;SCARA3;TASL;BTK;TNIP1;IRF7;FCN3;HLA-E;GRN;IFI16;SPI1;SH2D1A;IKBKE;CLEC7A;CRTAM;IFIH1;TARBP2;CYBA;MNDA;PTPN22;IL12A;COLEC12;TRIM3;NR1H3;TRIM25;IRAK4;CYLD;FADD;HMGB2	GLOM	GO_BP	no_proc_ieg	10098
GOBP_GAMMA_DELTA_T_CELL_ACTIVATION	2.0937005353969993	0.0	0.0016021250782717595	9/19	CD247;PTPRC;MICB;TRDC;SOX4;NCKAP1L;NOD2;SYK;JAG2	GLOM	GO_BP	no_proc_ieg	10098
GOBP_NEGATIVE_REGULATION_OF_CELL_ACTIVATION	2.0910276574663142	0.0	0.0015921739908290778	40/152	TYROBP;HLX;FGR;CD300A;SYT11;LILRB2;CST7;FGL2;THBD;TNFRSF14;IDO1;PTPN6;PTPRC;BTN2A2;FCGR2B;HLA-DRB1;ASCL2;PDGFB;FN1;LST1;DUSP22;LAPTM5;INPP5D;MDK;EMILIN1;CD86;SCRIB;LILRB4;TREM2;PTPN2;MILR1;ANXA1;LRRC32;TBX21;RUNX3;VSIG4;IRF1;CEACAM1;RC3H2;BTK	GLOM	GO_BP	no_proc_ieg	10098
GOBP_POSITIVE_REGULATION_OF_MACROPHAGE_CYTOKINE_PRODUCTION	2.089270377228906	0.0	0.0015826209468841035	10/23	PYCARD;MYD88;TLR7;CD36;GPRC5B;LAPTM5;SPON2;NOD2;TLR4;CARD9	GLOM	GO_BP	no_proc_ieg	10098
GOBP_POSITIVE_REGULATION_OF_DEFENSE_RESPONSE	2.089124459034838	0.0	0.001551589163611866	129/328	TYROBP;NMI;PYCARD;MYD88;CTSS;CASP1;TLR7;CD300A;RPS6KA3;CCL5;NKG7;ZDHHC18;LTF;IDO1;GBP2;TLR2;HCK;CD36;SLC15A3;GPRC5B;CD14;PPT1;TLR1;NAGK;TLR8;RNF125;MEF2C;LRRC14;TRIM5;AURKB;TNIP2;ETS1;CD1D;LILRA2;CARD8;LILRA5;ZDHHC3;OAS3;KLRD1;FCN1;CCR2;MDK;FLOT1;OAS1;NOD2;EMILIN1;SYK;TLR4;HLA-F;CEBPA;CARD9;PLA2G7;POLR3B;TREM2;GPR4;PAK2;MMRN2;VAV1;RPS19;LY96;C3;IFI35;LGALS1;IRF1;TRAF3IP3;RIGI;TRAF6;CASP4;SCARA3;TASL;BTK;NPY5R;TNIP1;IRF7;GSDMD;TRADD;FCN3;HLA-E;GRN;IFI16;SPI1;SH2D1A;AGTR1;IKBKE;CLEC7A;CRTAM;IFIH1;TARBP2;NPAS2;CYBA;TGFB1;MNDA;OSMR;APP;PTPN22;IL12A;COLEC12;TRIM3;FABP4;NR1H3;TRIM25;IL1B;IRAK4;IL16;CYLD;FADD;HMGB2;CCN4;TLR5;MGST2;PIK3CG;HYAL2;CD47;TICAM1;GDI1;TLR3;RNF34;ABCC1;FCN2;FLOT2;RSAD2;CD81;TRIM32;IRAK1;NLRP3;IL33;UFD1;IL15;TREX1	GLOM	GO_BP	no_proc_ieg	10098
GOBP_MYELOID_LEUKOCYTE_CYTOKINE_PRODUCTION	2.0799892849597983	0.0	0.0018003813588605725	22/40	PYCARD;MYD88;UBE2J1;TLR7;TWIST1;CD36;GPRC5B;LAPTM5;SPON2;NOD2;SYK;TLR4;CARD9;RIGI;LITAF;TGFB1;PANX1;CD74;P2RX7;TGFB2;TICAM1;TLR3	GLOM	GO_BP	no_proc_ieg	10098
GOBP_RESPONSE_TO_INTERFERON_BETA	2.0778952699237907	0.0	0.0017874406123458513	15/23	IFITM2;HTRA2;IFITM1;IFNAR1;OAS1;CDC34;IRF1;IFI16;IKBKE;MNDA;CALM1;XAF1;TLR3;BST2;TREX1	GLOM	GO_BP	no_proc_ieg	10098
GOBP_POSITIVE_REGULATION_OF_TYPE_II_INTERFERON_PRODUCTION	2.0778746640342765	0.0	0.0017543398602653728	28/60	PYCARD;TLR7;IL27RA;CD14;ISG15;TLR8;TRIM27;BTN3A1;IRF8;IL1R1;CCR2;EBI3;HLA-A;SASH3;BTN3A2;TLR4;SCRIB;SLAMF1;HLA-DPB1;CD2;HLA-DPA1;CLEC7A;CD244;CRTAM;PTPN22;IL12A;IL1B;FADD	GLOM	GO_BP	no_proc_ieg	10098
GOBP_ANTIGEN_PROCESSING_AND_PRESENTATION_OF_ENDOGENOUS_PEPTIDE_ANTIGEN	2.0746890080084355	0.0	0.001844026967560223	10/17	MICB;HLA-DRB1;HLA-B;TAP1;HLA-A;HLA-F;TAP2;HLA-DRA;HLA-C;HLA-E	GLOM	GO_BP	no_proc_ieg	10098
GOBP_T_CELL_MEDIATED_IMMUNITY	2.0663567203644018	0.0	0.0020499240131924374	49/96	TNFRSF1B;PRF1;PTPRC;MICB;CD1D;FCGR2B;HLA-DRB1;KLRD1;DUSP22;GATA3;HLA-B;IL1R1;CCR2;NCKAP1L;HLA-A;SASH3;NOD2;BTN3A2;HLA-F;HPRT1;LILRB4;TAP2;HLA-DRA;HLA-C;CD8A;TRPM4;SLAMF1;EMP2;AHR;TBX21;TRAF6;CEACAM1;HLA-E;CRTAM;IL12A;IL1B;FADD;SMAD7;P2RX7;GZMM;SPN;RSAD2;CD81;NLRP3;IL12RB1;IL18R1;TREX1;CD80;IL7R	GLOM	GO_BP	no_proc_ieg	10098
GOBP_NEGATIVE_REGULATION_OF_VIRAL_PROCESS	2.0641623106090914	0.0	0.0020921724897034724	34/67	CCL5;LTF;ISG20;OAS2;IFITM2;ISG15;APOBEC3F;TRIM27;TRIM5;OAS3;IFITM1;APOBEC3A;FCN1;OAS1;SNX3;APOBEC3G;TRIM21;MX1;TNIP1;PTX3;FCN3;IFI16;CH25H;IFIH1;TRIM25;FAM111A;UBP1;RNASEL;MORC2;BST2;LY6E;IFIT1;RSAD2;TRIM32	GLOM	GO_BP	no_proc_ieg	10098
GOBP_POSITIVE_REGULATION_OF_B_CELL_DIFFERENTIATION	2.063384144675374	0.0	0.002056100550225826	8/16	PPP2R3C;INPP5D;NCKAP1L;SYK;DDRGK1;BTK;SPI1;IL7	GLOM	GO_BP	no_proc_ieg	10098
GOBP_POSITIVE_REGULATION_OF_CYTOKINE_PRODUCTION_INVOLVED_IN_IMMUNE_RESPONSE	2.062639422079686	0.0	0.0020401415882487844	38/64	PYCARD;MYD88;TLR7;TNFRSF14;CD36;GPRC5B;GATA3;LAPTM5;IL1R1;HLA-A;SASH3;SPON2;NOD2;SYK;TLR4;HLA-F;CARD9;SLAMF1;TBX21;RIGI;TRAF6;HLA-E;CLEC7A;IL1B;PANX1;CD74;P2RX7;TICAM1;TLR3;RSAD2;CD81;NLRP3;IRF5;IL18R1;FFAR2;LILRB1;TRAF2;DDX21	GLOM	GO_BP	no_proc_ieg	10098
GOBP_T_CELL_MEDIATED_CYTOTOXICITY	2.060773572874937	0.0	0.002061865318123656	23/44	PRF1;PTPRC;MICB;CD1D;FCGR2B;HLA-DRB1;KLRD1;HLA-B;NCKAP1L;HLA-A;HLA-F;HPRT1;TAP2;HLA-DRA;HLA-C;EMP2;CEACAM1;HLA-E;CRTAM;IL12A;FADD;P2RX7;GZMM	GLOM	GO_BP	no_proc_ieg	10098
GOBP_T_HELPER_1_TYPE_IMMUNE_RESPONSE	2.0602280520346588	0.0	0.0020280642473347434	25/35	HLX;IL27RA;HLA-DRB1;ASCL2;IL1R1;CCR2;EBI3;TLR4;ANXA1;SLAMF1;TBX21;PLA2G4A;TRAF6;STAT4;CCL19;IL1B;SPN;IL33;IL12RB1;IL18R1;CD80;IL4R;SLC11A1;HRAS;LEF1	GLOM	GO_BP	no_proc_ieg	10098
GOBP_NEGATIVE_REGULATION_OF_LEUKOCYTE_MEDIATED_IMMUNITY	2.0600501992983866	0.0	0.0019953535336680542	23/54	CX3CR1;CD300A;PTPN6;PTPRC;FCGR2B;KLRD1;DUSP22;HLA-B;CCR2;NCKAP1L;HLA-A;NOD2;HLA-F;LILRB4;SLAMF1;AHR;TBX21;GFER;CEACAM1;HLA-E;SPI1;CD96;TGFB1	GLOM	GO_BP	no_proc_ieg	10098
GOBP_NEGATIVE_REGULATION_OF_IMMUNE_EFFECTOR_PROCESS	2.059684500647408	0.0	0.0019813720774761855	45/91	CX3CR1;HLX;CD300A;TWIST1;FGL2;PTPN6;PTPRC;FCGR2B;ASCL2;KLRD1;DUSP22;HLA-B;CCR2;NCKAP1L;HLA-A;NOD2;HLA-F;LILRB4;ANXA1;SLAMF1;SERPING1;AHR;RPS19;TBX21;GFER;VSIG4;CEACAM1;RC3H2;HLA-E;GRN;SPI1;CD96;TGFB1;SLAMF8;A2M;SMAD7;TGFB2;SPN;BST2;IL33;CD80;CUEDC2;IL7R;CRK;IL4R	GLOM	GO_BP	no_proc_ieg	10098
GOBP_POSITIVE_REGULATION_OF_IMMUNE_EFFECTOR_PROCESS	2.0590618137456023	0.0	0.0019852419448150066	63/192	TYROBP;PYCARD;MYD88;ITGB2;HLX;FGR;HLA-DMB;TLR7;CD300A;ITGAM;TNFRSF14;PTPN6;CD36;PTPRC;GPRC5B;MICB;CD40;CD1D;HLA-DRB1;KLRD1;GATA3;HLA-B;LAPTM5;IL1R1;FCN1;CCR2;HLA-A;SASH3;SPON2;NOD2;CD86;SYK;TLR4;HLA-F;CARD9;TAP2;HLA-DRA;TREM2;HLA-C;ANXA1;VAV1;SLAMF1;RPS19;TBX21;C3;PTAFR;RIGI;TRAF6;DDRGK1;BTK;TNFRSF4;CCL19;FCN3;HLA-E;SPI1;SH2D1A;STXBP1;CLEC7A;CD244;CRTAM;GATA2;CFP;TGFB1	GLOM	GO_BP	no_proc_ieg	10098
GOBP_CELL_JUNCTION_DISASSEMBLY	2.058993442880841	0.0	0.001954699761048622	9/24	CX3CR1;C1QA;ITGAM;C1QB;MAP4K4;TREM2;SNAI2;C3;ADGRB3	GLOM	GO_BP	no_proc_ieg	10098
GOBP_TOLL_LIKE_RECEPTOR_SIGNALING_PATHWAY	2.0575388751730967	0.0	0.001941969791844557	18/51	MYD88;CTSS;TLR7;CD300A;RPS6KA3;TLR2;CD36;TLR1;TLR8;LRRC14;TLR4;LY96;IRF1;TRAF6;TASL;BTK;TNIP1;IRF7	GLOM	GO_BP	no_proc_ieg	10098
GOBP_REGULATION_OF_LEUKOCYTE_MEDIATED_IMMUNITY	2.054870772513694	0.0	0.001996158436263321	56/177	CX3CR1;TYROBP;ITGB2;FGR;CD300A;TNFRSF1B;IL27RA;ITGAM;PTPN6;PTPRC;MICB;CD40;RAC2;CD1D;FCGR2B;HLA-DRB1;KLRD1;CXCL6;DUSP22;GATA3;HLA-B;IL1R1;CCR2;NCKAP1L;HLA-A;SASH3;NOD2;SYK;TLR4;HLA-F;LILRB4;TAP2;HLA-DRA;TREM2;HLA-C;TRPM4;VAV1;SLAMF1;AHR;TBX21;C3;PTAFR;ADGRE2;GFER;RIGI;TRAF6;CEACAM1;BTK;HLA-E;SPI1;SH2D1A;STXBP1;CLEC7A;CD96;CRTAM;GATA2	GLOM	GO_BP	no_proc_ieg	10098
GOBP_POSITIVE_REGULATION_OF_INTERLEUKIN_12_PRODUCTION	2.0533214702474547	0.0	0.002065143323398892	16/32	IDO1;TLR2;CD36;CD40;LTB;IRF8;LAPTM5;MDK;NOD2;SYK;TLR4;MAPK11;IRF1;TRAF6;CCL19;CLEC7A	GLOM	GO_BP	no_proc_ieg	10098
GOBP_NEGATIVE_REGULATION_OF_INNATE_IMMUNE_RESPONSE	2.052275880709662	0.0	0.0020675186895403675	29/63	NMI;ZDHHC18;ISG15;ADAR;AURKB;OAS3;KLRD1;HLA-B;HLA-A;OAS1;HLA-F;PTPN2;SERPING1;RPS19;TRIM21;GFER;VSIG4;CEACAM1;HLA-E;GRN;IFI16;CD96;TGFB1;SLAMF8;NR1H3;SAMHD1;A2M;PPARG;YTHDF2	GLOM	GO_BP	no_proc_ieg	10098
GOBP_GLIAL_CELL_ACTIVATION	2.0471438592788456	0.0	0.0022608870669772905	13/43	CX3CR1;TYROBP;ITGB2;C1QA;SYT11;ITGAM;CST7;CALHM2;TLR2;PTPRC;IFNGR2;TREM2;C5AR1	GLOM	GO_BP	no_proc_ieg	10098
GOBP_INTERLEUKIN_6_PRODUCTION	2.0466549507353147	0.0	0.002229043587160709	47/112	TYROBP;PYCARD;MYD88;TLR7;TWIST1;IL27RA;SYT11;LILRB2;CSK;TLR2;PTPN6;CD36;TLR1;TLR8;ARRB1;LILRA2;LILRA5;HLA-B;INPP5D;NCKAP1L;SPON2;NOD2;SYK;TLR4;CARD9;LILRB4;TREM2;SLAMF1;PTAFR;RIGI;TRAF6;BTK;CLEC7A;IFIH1;CYBA;TGFB1;APP;PTPN22;IL1B;IL16;CD74;P2RX7;HYAL2;CD47;TICAM1;C5AR2;TLR3	GLOM	GO_BP	no_proc_ieg	10098
GOBP_CELL_KILLING	2.0414594613747634	0.0	0.002383838280713536	50/155	CX3CR1;TYROBP;MYD88;NKG7;ITGAM;GZMA;LTF;GBP1;GBP2;PRF1;PTPN6;PTPRC;MICB;LYZ;GZMH;CD1D;FCGR2B;HLA-DRB1;KLRD1;CXCL6;GZMB;HLA-B;NCKAP1L;HLA-A;SYK;CORO1A;CCL13;HLA-F;HPRT1;TAP2;HLA-DRA;HLA-C;VAV1;EMP2;RPS19;C3;GNLY;GFER;CEACAM1;CD2;HLA-E;SPI1;SH2D1A;CLEC7A;CRTAM;TGFB1;GRB2;APOL1;C8G;IL12A	GLOM	GO_BP	no_proc_ieg	10098
GOBP_INTERFERON_BETA_PRODUCTION	2.03784817361185	0.0	0.002442787492778859	17/40	NMI;PYCARD;TLR7;OAS2;TLR2;ISG15;TLR8;OAS3;FLOT1;OAS1;TLR4;POLR3B;IRF1;RIGI;IRF7;TRAIP;IFIH1	GLOM	GO_BP	no_proc_ieg	10098
GOBP_LYMPHOCYTE_MIGRATION	2.0370635966340345	0.0	0.0024248379563032037	27/75	STK10;PYCARD;CCL5;IL27RA;TNFRSF14;CCL4;MSN;FUT4;ITGAL;ADAM10;ASCL2;GATA3;CXCL10;CKLF;CCR2;ITGA4;STK39;CORO1A;TNFSF14;ECM1;TBX21;CXCL11;EXT1;JAM2;CH25H;CRTAM;F11R	GLOM	GO_BP	no_proc_ieg	10098
GOBP_POSITIVE_REGULATION_OF_MYELOID_LEUKOCYTE_CYTOKINE_PRODUCTION_INVOLVED_IN_IMMUNE_RESPONSE	2.0367109230084752	0.0	0.002392506783552494	17/29	PYCARD;MYD88;TLR7;CD36;GPRC5B;LAPTM5;SPON2;NOD2;SYK;TLR4;CARD9;RIGI;PANX1;CD74;P2RX7;TICAM1;TLR3	GLOM	GO_BP	no_proc_ieg	10098
GOBP_POSITIVE_REGULATION_OF_RESPONSE_TO_EXTERNAL_STIMULUS	2.0331194741057823	0.0	0.002463679754230257	162/423	CX3CR1;TYROBP;NMI;PYCARD;MYD88;CTSS;CASP1;TLR7;CD300A;RPS6KA3;CCL5;NKG7;ZDHHC18;LTF;THBD;IDO1;GBP2;TLR2;VEGFC;CCL4;HCK;CD36;SLC15A3;GPRC5B;CD14;PPT1;TLR1;NAGK;RAC2;TLR8;RNF125;LRRC14;CSF1R;TRIM5;AURKB;TNIP2;MAPK1;ETS1;CD1D;LILRA2;CARD8;ADAM10;LILRA5;PDGFB;ZDHHC3;C3AR1;OAS3;KLRD1;FKBP1B;CXCL10;CCR1;FCN1;CCR2;NCKAP1L;SCG2;MDK;LY86;FLOT1;OAS1;NOD2;STK39;EMILIN1;SYK;TLR4;HLA-F;TNFSF14;CEBPA;CARD9;PLA2G7;KDR;POLR3B;TREM2;GPR4;PAK2;MMRN2;VAV1;SLAMF1;C5AR1;RPS19;LY96;C3;IFI35;LGALS1;NRP1;IRF1;TRAF3IP3;RIGI;TRAF6;CASP4;SCARA3;TASL;BTK;NPY5R;TNIP1;IRF7;CCL19;GSDMD;TRADD;FCN3;HLA-E;GRN;IFI16;SPI1;CXCR4;SH2D1A;AGTR1;IKBKE;CLEC7A;CRTAM;IFIH1;TARBP2;DNM1L;CYBA;TGFB1;PTN;MNDA;OSMR;APP;PLAU;PTPN22;IL12A;COLEC12;TRIM3;FABP4;NR1H3;TRIM25;IL1B;IRAK4;IL16;CYLD;FADD;CD74;HMGB2;CCN4;TLR5;CD180;PDGFRB;FLNA;MGST2;FGF2;PIK3CG;HYAL2;CD47;TICAM1;GDI1;TLR3;RNF34;ABCC1;BMPR2;FCN2;FLOT2;RSAD2;S1PR1;CD81;TRIM32;IRAK1;PLAT;NLRP3;IL33;UFD1;IL15;TREX1	GLOM	GO_BP	no_proc_ieg	10098
GOBP_REGULATION_OF_LEUKOCYTE_PROLIFERATION	2.0320461378073675	0.0	0.002489581149296376	62/194	TYROBP;PYCARD;MYD88;HLA-DMB;CD300A;TNFRSF1B;CCL5;LILRB2;TNFRSF14;IDO1;BID;PTPN6;PTPRC;CD40;RAC2;MEF2C;CSF1R;MAPK1;BTN2A2;CD1D;FCGR2B;HLA-DRB1;CD38;LST1;INPP5D;CCR2;NCKAP1L;EBI3;HLA-A;SASH3;CD86;SYK;CORO1A;TLR4;SCRIB;HHEX;LILRB4;ANXA1;LRRC32;SLAMF1;AHR;ADA;HLA-DPB1;VSIG4;IRF1;TRAF6;KITLG;BTK;TNFRSF4;CCL19;HLA-E;HLA-DPA1;IL7;CRTAM;TGFBR2;TGFB1;EPHB2;MNDA;PTPN22;IL12A;CCL8;PKN1	GLOM	GO_BP	no_proc_ieg	10098
GOBP_NEGATIVE_REGULATION_OF_RESPONSE_TO_BIOTIC_STIMULUS	2.030477408916025	0.0	0.0024862409241407906	36/83	NMI;ZDHHC18;LTF;FGL2;MICB;ISG15;ADAR;AURKB;LILRA2;CARD8;OAS3;KLRD1;HLA-B;HLA-A;OAS1;HLA-F;PTPN2;SERPING1;AHR;RPS19;TRIM21;GFER;VSIG4;CEACAM1;HLA-E;GRN;IFI16;CD96;TARBP2;TGFB1;SLAMF8;NR1H3;SAMHD1;A2M;PPARG;YTHDF2	GLOM	GO_BP	no_proc_ieg	10098
GOBP_NEUTROPHIL_ACTIVATION_INVOLVED_IN_IMMUNE_RESPONSE	2.027469500833006	0.001890359168241966	0.0025112010032570012	9/17	TYROBP;MYD88;ITGB2;ITGAM;LILRA2;FCER1G;SYK;PTAFR;SPI1	GLOM	GO_BP	no_proc_ieg	10098
GOBP_LEUKOCYTE_DEGRANULATION	2.0263975355471824	0.0	0.0025494686028150605	23/56	ITGB2;FGR;CD300A;NKG7;ITGAM;HCK;RAC2;LAT2;FCGR2B;CCR2;NCKAP1L;SYK;CORO1A;HLA-F;MILR1;PTAFR;ADGRE2;PTGDR;CEACAM1;BTK;SPI1;STXBP1;GATA2	GLOM	GO_BP	no_proc_ieg	10098
GOBP_LYMPHOCYTE_MEDIATED_IMMUNITY	2.0190444120210604	0.0	0.002751905663161369	94/215	MYD88;C1QA;TNFRSF1B;IL27RA;NKG7;PRF1;PTPN6;PTPRC;C1QB;MICB;CD40;TLR8;CD1D;FCGR2B;FCER1G;HLA-DRB1;KLRD1;DUSP22;GZMB;GATA3;HLA-B;INPP5D;IL1R1;CCR2;NCKAP1L;IGHM;HLA-A;SASH3;NOD2;IL21R;CORO1A;BTN3A2;HLA-F;HPRT1;CARD9;LILRB4;TAP2;HLA-DRA;TREM2;FCMR;HLA-C;CD8A;TRPM4;VAV1;IL2RB;SLAMF1;EMP2;SERPING1;AHR;TBX21;C3;GFER;TRAF6;CEACAM1;BTK;IRF7;CD2;HLA-E;SH2D1A;CD96;CRTAM;C1R;TGFB1;GRB2;ERCC1;C8G;IL12A;IL1B;FADD;CD74;IGHV3-23;SMAD7;KLRB1;P2RX7;GZMM;SPN;RSAD2;CD81;TUBB;NLRP3;IL12RB1;CD27;IL18R1;TREX1;CD80;SLAMF7;IL7R;CRK;IL4R;KMT5B;MLH1;CLU;ICAM1;LILRB1	GLOM	GO_BP	no_proc_ieg	10098
GOBP_NEGATIVE_REGULATION_OF_T_CELL_MEDIATED_IMMUNITY	2.017069687401979	0.0	0.0027998962131408904	12/25	PTPRC;FCGR2B;KLRD1;DUSP22;NCKAP1L;NOD2;HLA-F;LILRB4;SLAMF1;AHR;TBX21;CEACAM1	GLOM	GO_BP	no_proc_ieg	10098
GOBP_CELLULAR_RESPONSE_TO_EXTERNAL_STIMULUS	2.0148564338885175	0.0	0.0028601583377423556	29/59	MYD88;CASP1;TLR7;ATP1A2;CD40;TLR8;MAP3K1;PIEZO2;TLR4;TNFSF14;CASP8;IRF1;CHEK1;COL1A1;ENG;F11R;TGFB1;GADD45A;FAS;KCNJ2;CASP2;IL1B;FADD;TLR5;PLEC;FGF2;LTBR;NFKB1;TLR3	GLOM	GO_BP	no_proc_ieg	10098
GOBP_REGULATION_OF_LYMPHOCYTE_MIGRATION	2.0092363681810568	0.0	0.002958789999624036	16/49	STK10;PYCARD;CCL5;IL27RA;TNFRSF14;CCL4;MSN;ADAM10;ASCL2;CXCL10;CCR2;ITGA4;STK39;CORO1A;TNFSF14;ECM1	GLOM	GO_BP	no_proc_ieg	10098
GOBP_REGULATION_OF_T_CELL_RECEPTOR_SIGNALING_PATHWAY	2.0072296561956318	0.0	0.0030288768743183753	14/40	CD300A;LIPA;GBP1;PTPN6;PTPRC;BTN2A2;DUSP22;LAPTM5;LILRB4;PTPN2;ADA;CEACAM1;LCK;SH2D1A	GLOM	GO_BP	no_proc_ieg	10098
GOBP_ADAPTIVE_IMMUNE_RESPONSE_BASED_ON_SOMATIC_RECOMBINATION_OF_IMMUNE_RECEPTORS_BUILT_FROM_IMMUNOGLOBULIN_SUPERFAMILY_DOMAINS	2.0050766827417856	0.0	0.0030584551544763218	102/225	MYD88;HLX;C1QA;TNFRSF1B;IL27RA;PRF1;PTPN6;PTPRC;C1QB;MICB;CD40;TLR8;MEF2C;CD1D;FCGR2B;FCER1G;HLA-DRB1;ASCL2;KLRD1;DUSP22;GATA3;HLA-B;INPP5D;IL1R1;CCR2;NCKAP1L;IGHM;EBI3;HLA-A;SASH3;NOD2;IL21R;BTN3A2;TLR4;HLA-F;HPRT1;CARD9;LILRB4;TAP2;HLA-DRA;TREM2;FCMR;HLA-C;ANXA1;CD8A;TRPM4;IL2RB;SLAMF1;EMP2;SERPING1;AHR;ADA;TBX21;PLA2G4A;C3;TRAF6;CEACAM1;RC3H2;BTK;STAT4;ENTPD7;IRF7;CD4;CCL19;HLA-E;CLEC7A;CRTAM;C1R;TGFB1;ERCC1;EPHB2;C8G;IL12A;PKN1;IL1B;FADD;CD74;IGHV3-23;SMAD7;P2RX7;GZMM;SPN;RSAD2;CD81;NLRP3;IL33;IL12RB1;CD27;IL18R1;TREX1;CD80;IL7R;IL4R;KMT5B;MLH1;SLC11A1;HRAS;CLU;ICAM1;LILRB1;TRAF2;LEF1	GLOM	GO_BP	no_proc_ieg	10098
GOBP_CARDIAC_EPITHELIAL_TO_MESENCHYMAL_TRANSITION	2.00484331576378	0.0	0.003036111092856828	15/33	TWIST1;HEY2;EFNA1;SNAI2;TBX3;MSX1;EMP2;ACVRL1;BMP2;HEY1;ENG;TGFBR2;TGFB1;ADAM15;TGFB2	GLOM	GO_BP	no_proc_ieg	10098
GOBP_POSITIVE_REGULATION_OF_INTERLEUKIN_6_PRODUCTION	2.0027554841383366	0.0019723865877712033	0.0031155950138723547	33/73	TYROBP;PYCARD;MYD88;TLR7;TWIST1;LILRB2;TLR2;CD36;TLR1;TLR8;LILRA2;LILRA5;SPON2;NOD2;SYK;TLR4;CARD9;PTAFR;RIGI;TRAF6;BTK;CLEC7A;IFIH1;CYBA;TGFB1;APP;IL1B;IL16;CD74;P2RX7;HYAL2;TICAM1;TLR3	GLOM	GO_BP	no_proc_ieg	10098
GOBP_POSITIVE_REGULATION_OF_LEUKOCYTE_ADHESION_TO_VASCULAR_ENDOTHELIAL_CELL	2.001496401801716	0.0	0.0031432019122322355	10/23	ITGB2;ALOX5;ETS1;FUT4;CCR2;ITGA4;MDK;SELE;PTAFR;TRAF6	GLOM	GO_BP	no_proc_ieg	10098
GOBP_POSITIVE_REGULATION_OF_T_CELL_MIGRATION	1.9992169277096479	0.0	0.003281647503319933	11/27	PYCARD;CCL5;TNFRSF14;ADAM10;ASCL2;CXCL10;CCR2;ITGA4;STK39;CORO1A;TNFSF14	GLOM	GO_BP	no_proc_ieg	10098
GOBP_POSITIVE_REGULATION_OF_INTERFERON_BETA_PRODUCTION	1.998873960529332	0.0	0.0032578329350810365	17/28	TLR7;OAS2;TLR2;ISG15;TLR8;OAS3;FLOT1;OAS1;TLR4;POLR3B;IRF1;RIGI;IRF7;IFIH1;HMGB2;TICAM1;TLR3	GLOM	GO_BP	no_proc_ieg	10098
GOBP_REGULATION_OF_T_CELL_MIGRATION	1.998368713175143	0.0	0.0032466504421688586	13/37	PYCARD;CCL5;IL27RA;TNFRSF14;ADAM10;ASCL2;CXCL10;CCR2;ITGA4;STK39;CORO1A;TNFSF14;ECM1	GLOM	GO_BP	no_proc_ieg	10098
GOBP_POSITIVE_REGULATION_OF_CELL_KILLING	1.9977434899676667	0.002053388090349076	0.0032357084329752224	21/56	TYROBP;ITGAM;PRF1;PTPRC;MICB;CD1D;HLA-DRB1;KLRD1;HLA-B;HLA-A;SYK;HLA-F;TAP2;HLA-DRA;HLA-C;VAV1;HLA-E;SPI1;SH2D1A;CLEC7A;CRTAM	GLOM	GO_BP	no_proc_ieg	10098
GOBP_REGULATION_OF_MONONUCLEAR_CELL_MIGRATION	1.9958271611676077	0.0	0.003272425691789126	27/97	STK10;CX3CR1;PYCARD;CCL5;IL27RA;TNFRSF14;CCL4;CSF1R;MAPK1;MSN;ADAM10;ASCL2;C3AR1;CXCL10;CCR1;CCR2;ITGA4;MDK;STK39;EMILIN1;CORO1A;TNFSF14;PLA2G7;TREM2;SLAMF1;C5AR1;ECM1	GLOM	GO_BP	no_proc_ieg	10098
GOBP_MONONUCLEAR_CELL_MIGRATION	1.9947814593100048	0.0	0.003261442722266721	55/156	STK10;CX3CR1;PYCARD;CCL5;IL27RA;TNFRSF14;CCL4;ALOX5;CSF1R;MAPK1;MSN;FUT4;ITGAL;ADAM10;ASCL2;PDGFB;C3AR1;GATA3;CXCL10;CKLF;CCR1;CCR2;ITGA4;MDK;STK39;EMILIN1;CORO1A;TNFSF14;PECAM1;PLA2G7;TREM2;ANXA1;TRPM4;SLAMF1;MMP2;C5AR1;RPS19;ECM1;TBX21;FOLR2;NUP85;CXCL11;EXT1;CCL19;JAM2;CXCR4;CH25H;CRTAM;CCR5;F11R;TGFB1;SLAMF8;APP;IL12A;CCL8	GLOM	GO_BP	no_proc_ieg	10098
GOBP_INNATE_IMMUNE_RESPONSE_ACTIVATING_CELL_SURFACE_RECEPTOR_SIGNALING_PATHWAY	1.9940542017553629	0.0	0.0032506885646093673	32/65	TYROBP;NMI;MYD88;LTF;TLR2;CD14;TLR1;TNIP2;LILRA2;KLRD1;FCN1;FLOT1;OAS1;NOD2;SYK;TLR4;TREM2;PAK2;LY96;IFI35;TRAF6;FCN3;CLEC7A;CYBA;PTPN22;NR1H3;IRAK4;TLR5;TICAM1;FCN2;TRIM32;IRAK1	GLOM	GO_BP	no_proc_ieg	10098
GOBP_RESPONSE_TO_PROTOZOAN	1.9911451977751906	0.0019083969465648854	0.0033550552961387993	6/19	MYD88;NKG7;GBP1;GBP2;CD40;IRF8	GLOM	GO_BP	no_proc_ieg	10098
GOBP_TYPE_II_INTERFERON_PRODUCTION	1.989774861321273	0.0	0.0034004287375563875	44/89	PYCARD;TLR7;IL27RA;CD14;ISG15;TLR8;TRIM27;BTN3A1;HLA-DRB1;IRF8;GATA3;LAPTM5;IL1R1;CCR2;EBI3;HLA-A;SASH3;NOD2;BTN3A2;TLR4;SCRIB;LILRB4;SLAMF1;HLA-DPB1;CD2;HLA-DPA1;CLEC7A;CD244;CD96;CRTAM;PTPN22;IL12A;IL1B;FADD;CD47;TLR3;IL33;IL12RB1;IL18R1;SLC11A1;HRAS;LILRB1;GAS6;PDCD1LG2	GLOM	GO_BP	no_proc_ieg	10098
GOBP_NEGATIVE_REGULATION_OF_ANTIGEN_RECEPTOR_MEDIATED_SIGNALING_PATHWAY	1.9878497998315778	0.0	0.0034561433396885738	12/28	CD300A;GBP1;PTPN6;BTN2A2;FCGR2B;DUSP22;LAPTM5;LPXN;LILRB4;PTPN2;CEACAM1;SH2D1A	GLOM	GO_BP	no_proc_ieg	10098
GOBP_ANTIGEN_PROCESSING_AND_PRESENTATION_OF_PEPTIDE_ANTIGEN_VIA_MHC_CLASS_I	1.9876204910813329	0.0	0.0034215819062916883	11/24	MICB;FCER1G;IFI30;HLA-B;TAP1;HLA-A;HLA-F;TAP2;HLA-C;TAPBPL;HLA-E	GLOM	GO_BP	no_proc_ieg	10098
GOBP_POSITIVE_REGULATION_OF_INTERLEUKIN_1_BETA_PRODUCTION	1.986532013039204	0.0	0.003442879203931392	18/41	TYROBP;PYCARD;MYD88;CASP1;CD36;TLR8;LILRA2;CARD8;LILRA5;NOD2;TLR4;CASP8;CCL19;GSDMD;IFI16;CLEC7A;NLRP2;APP	GLOM	GO_BP	no_proc_ieg	10098
GOBP_INTERLEUKIN_12_PRODUCTION	1.9864639306995966	0.0	0.00340912548624579	20/49	IDO1;TLR2;CD36;CD40;TLR8;LILRA5;LTB;IRF8;HLA-B;LAPTM5;MDK;NOD2;SYK;TLR4;MAPK11;SLAMF1;IRF1;TRAF6;CCL19;CLEC7A	GLOM	GO_BP	no_proc_ieg	10098
GOBP_INTERLEUKIN_8_PRODUCTION	1.9831391494362691	0.0	0.003505874379806164	28/62	PYCARD;MYD88;TLR7;TLR2;PTPRC;CD14;TLR1;TLR8;ARRB1;LILRA2;FCN1;NOD2;SYK;TLR4;ANXA1;RIGI;CD2;CLEC7A;CD244;PTPN22;CD58;IL1B;FADD;CD74;TLR5;HYAL2;C5AR2;TLR3	GLOM	GO_BP	no_proc_ieg	10098
GOBP_CELLULAR_RESPONSE_TO_INTERFERON_BETA	1.9817216615725184	0.001968503937007874	0.003515030272061118	11/18	IFITM2;HTRA2;IFNAR1;OAS1;CDC34;IRF1;IFI16;MNDA;CALM1;TLR3;TREX1	GLOM	GO_BP	no_proc_ieg	10098
GOBP_MYELOID_LEUKOCYTE_MEDIATED_IMMUNITY	1.9817053810749492	0.0	0.0034815537932795836	27/79	CX3CR1;TYROBP;MYD88;ITGB2;FGR;CD300A;ITGAM;RAC2;LAT2;FCGR2B;CXCL6;CCR2;SPON2;SYK;CARD9;MILR1;C3;PTAFR;ADGRE2;PTGDR;RIGI;BTK;HLA-E;SPI1;STXBP1;NDST2;GATA2	GLOM	GO_BP	no_proc_ieg	10098
GOBP_NEGATIVE_REGULATION_OF_LYMPHOCYTE_ACTIVATION	1.9815073748791026	0.0	0.0034487089461731723	30/117	TYROBP;HLX;FGR;CD300A;LILRB2;FGL2;TNFRSF14;IDO1;PTPN6;BTN2A2;FCGR2B;HLA-DRB1;ASCL2;LST1;DUSP22;LAPTM5;INPP5D;MDK;CD86;SCRIB;LILRB4;PTPN2;ANXA1;LRRC32;TBX21;RUNX3;VSIG4;IRF1;RC3H2;BTK	GLOM	GO_BP	no_proc_ieg	10098
GOBP_REGULATION_OF_LIPOPOLYSACCHARIDE_MEDIATED_SIGNALING_PATHWAY	1.981104786916891	0.0	0.0034268941129713703	9/19	LTF;CD36;CD14;TRIM5;LILRA2;CARD8;LY86;LY96;TRAF6	GLOM	GO_BP	no_proc_ieg	10098
GOBP_NEGATIVE_REGULATION_OF_ADAPTIVE_IMMUNE_RESPONSE	1.9788844413779132	0.0	0.0034983600742938903	18/51	IL27RA;TNFRSF14;PTPN6;PTPRC;TRIM27;FCGR2B;ASCL2;KLRD1;DUSP22;NCKAP1L;NOD2;HLA-F;LILRB4;SLAMF1;AHR;TBX21;CEACAM1;RC3H2	GLOM	GO_BP	no_proc_ieg	10098
GOBP_T_CELL_PROLIFERATION	1.9782176412043981	0.0	0.0034969399394906534	48/161	PYCARD;HLA-DMB;TNFRSF1B;DOCK2;LIPA;CCL5;LILRB2;TNFRSF14;IDO1;BID;PTPN6;PTPRC;RAC2;BTN3A1;MSN;BTN2A2;CD1D;HLA-DRB1;FKBP1B;CCR2;NCKAP1L;EBI3;HLA-A;SASH3;CD86;SYK;CORO1A;TNFSF14;SCRIB;LILRB4;ANXA1;LRRC32;SLAMF1;HLA-DPB1;VSIG4;IRF1;TRAF6;PSMB10;KITLG;RC3H2;TNFRSF4;CCL19;HLA-E;HLA-DPA1;BAX;CRTAM;TGFBR2;TGFB1	GLOM	GO_BP	no_proc_ieg	10098
GOBP_LEUKOCYTE_CELL_CELL_ADHESION	1.9745509132723837	0.0	0.003657657886204618	85/315	STK10;CX3CR1;PYCARD;ITGB2;HLX;HLA-DMB;CD300A;CCL5;LILRB2;CSK;FGL2;TNFRSF14;IDO1;PTPN6;PTPRC;RAG1;RAC2;ALOX5;ETS1;MSN;FUT4;HLA-DQB1;SOX12;BTN2A2;CD1D;ITGAL;SOX4;HLA-DRB1;ASCL2;DUSP22;HLA-DMA;SMARCD2;GATA3;LAPTM5;CCR2;ITGA4;NCKAP1L;EBI3;HLA-A;SASH3;MDK;NOD2;CD86;SYK;CORO1A;SELE;TNFSF14;SCRIB;PECAM1;LILRB4;SMARCE1;HLA-DRA;PTPN2;ANXA1;VAV1;LRRC32;SLAMF1;CD44;ADA;TBX21;PTAFR;RUNX3;SELPLG;LGALS1;HLA-DPB1;VSIG4;IRF1;TRAF6;FCHO1;KITLG;LCK;RC3H2;NT5E;TNIP1;SMARCC2;CD4;EXT1;CCL19;ITGA5;HLA-E;JAM2;GFUS;AMBRA1;HLA-DPA1;IL7	GLOM	GO_BP	no_proc_ieg	10098
GOBP_POSITIVE_REGULATION_OF_CANONICAL_NF_KAPPAB_SIGNAL_TRANSDUCTION	1.9741248773415565	0.0	0.0036648689608723365	61/146	CX3CR1;PYCARD;MYD88;CASP1;TLR7;HTR2B;LTF;TNFSF10;CD36;GPRC5B;RBCK1;CD40;ECT2;TLR8;TRIM5;TNIP2;HLA-DRB1;S100A4;NUP62;LTB;PLK2;FLOT1;NOD2;TLR4;CARD9;GOLT1B;SECTM1;PRKCB;CASP8;ECM1;TRIM21;LGALS1;CCDC22;TRAF6;CD4;CCL19;TRADD;IKBKE;CLEC7A;APOL3;LITAF;TGFB1;UBD;RHOC;TRIM25;IL1B;IRAK4;FADD;CD74;RHOA;RBX1;FLNA;CANT1;LTBR;TRIM22;TICAM1;TLR3;BST2;FLOT2;TRIM32;IRAK1	GLOM	GO_BP	no_proc_ieg	10098
GOBP_POSITIVE_REGULATION_OF_INFLAMMATORY_RESPONSE	1.9733397166122404	0.0	0.00367195126634956	47/106	NMI;PYCARD;CASP1;TLR7;NKG7;IDO1;TLR2;GPRC5B;ETS1;LILRA5;CCR2;MDK;TLR4;CEBPA;PLA2G7;TREM2;GPR4;RPS19;C3;IFI35;LGALS1;CASP4;BTK;NPY5R;TNIP1;GSDMD;TRADD;HLA-E;GRN;AGTR1;TGFB1;OSMR;APP;FABP4;IL1B;IL16;CCN4;MGST2;PIK3CG;HYAL2;CD47;TLR3;ABCC1;CD81;NLRP3;IL33;IL15	GLOM	GO_BP	no_proc_ieg	10098
GOBP_REGULATION_OF_T_CELL_MEDIATED_CYTOTOXICITY	1.9713539571869736	0.0	0.003757812419062965	15/36	PTPRC;MICB;CD1D;FCGR2B;HLA-DRB1;KLRD1;HLA-B;NCKAP1L;HLA-A;HLA-F;TAP2;HLA-DRA;HLA-C;CEACAM1;HLA-E	GLOM	GO_BP	no_proc_ieg	10098
GOBP_POSITIVE_REGULATION_OF_CYTOKINE_PRODUCTION	1.9702344740220155	0.0	0.003754178673112773	147/347	TYROBP;PYCARD;MYD88;FGR;CASP1;TLR7;TWIST1;HTR2B;IL27RA;LILRB2;OAS2;TNFRSF14;IDO1;TLR2;CD36;PTPRC;GPRC5B;CD14;ISG15;TLR1;CD40;TLR8;HPSE;CSF1R;TRIM27;BTN3A1;LILRA2;FCGR2B;CARD8;FCER1G;LILRA5;C3AR1;OAS3;LTB;IRF8;GATA3;CYBB;LAPTM5;IL1R1;FCN1;CCR2;EBI3;HLA-A;SASH3;SPON2;MDK;BRCA1;FLOT1;OAS1;NOD2;CD86;SYK;BTN3A2;TLR4;HLA-F;SCRIB;CARD9;POLR3B;TREM2;MAPK11;ANXA1;SLAMF1;C5AR1;KPNA2;CASP8;LY96;TBX21;C3;PTAFR;HLA-DPB1;IRF1;TRAF3IP3;RIGI;TRAF6;BTK;IRF7;POSTN;CD4;CCL19;GSDMD;CD34;CD2;IL17B;HLA-E;IFI16;USP22;HLA-DPA1;IKBKE;CLEC7A;IL7;CD244;CRTAM;IFIH1;CYBA;TGFB1;NLRP2;EPHB2;APP;PTPN22;CD58;IL12A;IL1B;IL16;FADD;PANX1;CD74;HMGB2;TLR5;P2RX7;PIK3CG;HYAL2;TICAM1;TLR3;ADRA2A;AGPAT1;SPN;G3BP1;RSAD2;FLT4;CD81;TRIM32;IRAK1;NLRP3;IL33;IL12RB1;IRF5;IL18R1;IL15;CD80;S100A13;CLEC5A;IL4R;FFAR2;TMED10;PIK3CD;HDAC2;MEFV;SLC11A1;HRAS;CLU;LILRB1;POU2F2;ITK;TRAF2;DDX21;HMOX1;SPHK1	GLOM	GO_BP	no_proc_ieg	10098
GOBP_MYELOID_DENDRITIC_CELL_ACTIVATION	1.966583391215355	0.0	0.003983203975317614	10/24	PYCARD;DOCK2;SLAMF1;TRAF6;CD2;TGFBR2;TGFB1;UBD;ITGB6;LTBR	GLOM	GO_BP	no_proc_ieg	10098
GOBP_REGULATION_OF_LEUKOCYTE_ADHESION_TO_VASCULAR_ENDOTHELIAL_CELL	1.966511377327149	0.0	0.003948866010013152	10/27	ITGB2;ALOX5;ETS1;FUT4;CCR2;ITGA4;MDK;SELE;PTAFR;TRAF6	GLOM	GO_BP	no_proc_ieg	10098
GOBP_DETECTION_OF_BIOTIC_STIMULUS	1.9652067581127663	0.0	0.0039817958095434884	15/26	TLR2;TLR1;CD1D;HLA-DRB1;SCARB1;HLA-B;HLA-A;NOD2;TLR4;TREM2;TSPO;LY96;CLEC7A;CRTAM;FAP	GLOM	GO_BP	no_proc_ieg	10098
GOBP_POSITIVE_REGULATION_OF_INTERLEUKIN_1_PRODUCTION	1.960768219365779	0.0	0.00427863027535509	26/46	TYROBP;PYCARD;MYD88;CASP1;CD36;TLR8;LILRA2;CARD8;LILRA5;NOD2;TLR4;CASP8;CCL19;GSDMD;IFI16;CLEC7A;NLRP2;APP;IL16;PANX1;P2RX7;NLRP3;S100A13;TMED10;HDAC2;MEFV	GLOM	GO_BP	no_proc_ieg	10098
GOBP_NATURAL_KILLER_CELL_MEDIATED_IMMUNITY	1.9605717948087706	0.0	0.004242675399091601	23/51	NKG7;PTPN6;KLRD1;GZMB;HLA-B;HLA-A;CORO1A;HLA-F;VAV1;GFER;CEACAM1;CD2;HLA-E;SH2D1A;CD96;CRTAM;TGFB1;GRB2;IL12A;KLRB1;TUBB;SLAMF7;CRK	GLOM	GO_BP	no_proc_ieg	10098
GOBP_INTERLEUKIN_10_PRODUCTION	1.9543705624757697	0.0	0.004504525582387266	14/42	TYROBP;PYCARD;IDO1;TLR2;ISG15;FCGR2B;HLA-DRB1;LILRA5;SASH3;NOD2;SYK;TLR4;LILRB4;TREM2	GLOM	GO_BP	no_proc_ieg	10098
GOBP_LEUKOCYTE_PROLIFERATION	1.9534317105107868	0.0	0.004504141793890854	97/258	TYROBP;PYCARD;MYD88;HLA-DMB;CD300A;TNFRSF1B;DOCK2;LIPA;CCL5;LILRB2;TNFRSF14;IDO1;BID;PTPN6;PTPRC;CD40;RAC2;MEF2C;CSF1R;BTN3A1;MAPK1;MSN;BTN2A2;CD1D;FCGR2B;HLA-DRB1;CD38;FKBP1B;LST1;INPP5D;CCR2;NCKAP1L;EBI3;HLA-A;SASH3;CD86;SYK;CORO1A;TLR4;TNFSF14;SCRIB;HPRT1;HHEX;LILRB4;TREM2;ANXA1;LRRC32;SLAMF1;EMP2;AHR;ADA;HLA-DPB1;VSIG4;IRF1;TRAF6;PSMB10;KITLG;RC3H2;BTK;TNFRSF4;CCL19;HLA-E;HLA-DPA1;IL7;BAX;CRTAM;TGFBR2;TGFB1;EPHB2;MNDA;PTPN22;IL12A;CCL8;PKN1;IL1B;FADD;CD74;CTPS1;CD180;EFNB1;P2RX7;CD151;GREM1;PIK3CG;TICAM1;SPN;BST2;TNFRSF21;CD81;CCND3;WNT4;IL33;IL12RB1;IL15;CD80;PURA;IL7R	GLOM	GO_BP	no_proc_ieg	10098
GOBP_REGULATION_OF_LEUKOCYTE_DEGRANULATION	1.952605365580485	0.0	0.004531170570621769	16/34	ITGB2;FGR;CD300A;ITGAM;RAC2;FCGR2B;CCR2;NCKAP1L;SYK;HLA-F;PTAFR;ADGRE2;CEACAM1;SPI1;STXBP1;GATA2	GLOM	GO_BP	no_proc_ieg	10098
GOBP_CHONDROITIN_SULFATE_METABOLIC_PROCESS	1.9509012286861438	0.0	0.004612126771808133	9/16	DSE;CHPF2;CHST15;CHST11;CSGALNACT1;EXT1;CHST3;HEXB;GUSB	GLOM	GO_BP	no_proc_ieg	10098
GOBP_INFLAMMATORY_RESPONSE_TO_WOUNDING	1.9503349116306787	0.0020325203252032522	0.004619872595970179	12/21	PTPN6;ALOX5;EXTL3;CCR2;MDK;TLR4;TIMP1;GRN;TGFB1;PPARG;TLR3;IL33	GLOM	GO_BP	no_proc_ieg	10098
GOBP_T_CELL_MIGRATION	1.9492744523081091	0.0	0.00465424300999156	27/52	PYCARD;CCL5;IL27RA;TNFRSF14;MSN;ITGAL;ADAM10;ASCL2;CXCL10;CCR2;ITGA4;STK39;CORO1A;TNFSF14;ECM1;CXCL11;F11R;APP;FADD;RHOA;PLEC;PIK3CG;SPN;S1PR1;CRK;PIK3CD;ICAM1	GLOM	GO_BP	no_proc_ieg	10098
GOBP_CYTOPLASMIC_PATTERN_RECOGNITION_RECEPTOR_SIGNALING_PATHWAY	1.9479310247633252	0.0	0.004714604095066102	45/104	PYCARD;MYD88;TLR7;ZDHHC18;GBP2;CD36;SLC15A3;PPT1;NAGK;TLR8;RNF125;AURKB;TNIP2;CARD8;ZDHHC3;OAS3;FLOT1;OAS1;NOD2;TLR4;TREM2;TRAF3IP3;RIGI;TRAF6;SCARA3;TASL;BTK;IRF7;IFIH1;TARBP2;PTPN22;COLEC12;TRIM3;TRIM25;IRAK4;CYLD;TICAM1;TLR3;RNF34;FLOT2;RSAD2;IRAK1;NLRP3;UFD1;TREX1	GLOM	GO_BP	no_proc_ieg	10098
GOBP_CHROMOSOME_SEPARATION	1.947827783051538	0.0	0.004686256990329995	28/56	SMC4;ZWINT;AURKB;CCNB1;LCMT1;CHFR;NDC80;DLGAP5;BUB1B;CDC20;CENPF;NCAPG;IK;CSNK2A2;XRCC3;UBE2C;SMC2;NCAPH;TTK;BIRC5;SPDL1;SPC25;NCAPH2;KNTC1;PLSCR1;ZWILCH;ZNF207;ANAPC15	GLOM	GO_BP	no_proc_ieg	10098
GOBP_NEGATIVE_REGULATION_OF_IMMUNE_SYSTEM_PROCESS	1.94552567689043	0.0	0.004788960831790585	94/362	CX3CR1;TYROBP;NMI;HLX;FGR;CD300A;TWIST1;IL27RA;SYT11;LILRB2;CST7;ZDHHC18;LTF;FGL2;GBP1;TNFRSF14;IDO1;HCK;PTPN6;PTPRC;PPT1;PIAS3;ISG15;RNF125;ADAR;LRRC14;TRIM27;AURKB;BTN2A2;COL3A1;RIN3;LILRA2;FCGR2B;CARD8;HLA-DRB1;ASCL2;FN1;OAS3;KLRD1;LST1;DUSP22;HLA-B;LAPTM5;INPP5D;PLK2;CCR2;NCKAP1L;HLA-A;MDK;LPXN;OAS1;NOD2;EMILIN1;CD86;SYK;TLR4;HLA-F;SCRIB;CEBPA;LILRB4;TREM2;SNAI2;PTPN2;MILR1;CD68;ANXA1;LRRC32;SLAMF1;SERPING1;AHR;RPS19;ADA;TBX21;TRIM21;RUNX3;GFER;VSIG4;IRF1;TAPBPL;KITLG;CEACAM1;RC3H2;BTK;NPY5R;CDK6;HLA-E;GRN;IFI16;SPI1;SH2D1A;CD96;CRTAM;TARBP2;GATA2	GLOM	GO_BP	no_proc_ieg	10098
GOBP_POSITIVE_REGULATION_OF_MACROPHAGE_MIGRATION	1.9436112685030187	0.0	0.004864153254153019	9/21	CX3CR1;CCL5;CSF1R;MAPK1;C3AR1;MDK;TREM2;SLAMF1;C5AR1	GLOM	GO_BP	no_proc_ieg	10098
GOBP_PEPTIDE_ANTIGEN_ASSEMBLY_WITH_MHC_PROTEIN_COMPLEX	1.942946779765953	0.0	0.004861029668923546	12/16	HLA-DMB;HLA-DQB1;HLA-DRB1;HLA-DMA;HLA-A;HLA-DRA;HLA-DPB1;TAPBPL;HLA-DPA1;HLA-DQB2;HLA-DQA1;HLA-DOA	GLOM	GO_BP	no_proc_ieg	10098
GOBP_PRODUCTION_OF_MOLECULAR_MEDIATOR_INVOLVED_IN_INFLAMMATORY_RESPONSE	1.9422166811275772	0.0	0.004857953772018186	23/70	PYCARD;MYD88;LIPA;CD36;ALOX5;ADCY7;EXTL3;MACIR;NOD2;SYK;TLR4;CARD9;LILRB4;TREM2;RPS19;FADS2;EZH2;BTK;IL17B;GRN;CLEC7A;SLAMF8;EPHB2	GLOM	GO_BP	no_proc_ieg	10098
GOBP_B_CELL_RECEPTOR_SIGNALING_PATHWAY	1.9404035803285307	0.0	0.004914027908058835	23/48	CD300A;PTPN6;PTPRC;MEF2C;LAT2;MAPK1;FCGR2B;CD38;NCKAP1L;IGHM;LPXN;SYK;CD79B;FCMR;PRKCB;LCK;BLK;BTK;BAX;PRKCH;GRB2;MNDA;PTPN22	GLOM	GO_BP	no_proc_ieg	10098
GOBP_REGULATION_OF_LYMPHOCYTE_ACTIVATION	1.938446710883745	0.0	0.005011158139556783	103/360	TYROBP;PYCARD;MYD88;HLX;FGR;HLA-DMB;CD300A;TNFRSF1B;CCL5;IL27RA;PPP2R3C;LILRB2;CSK;FGL2;TNFRSF14;IDO1;BID;PTPN6;PTPRC;RAG1;CD40;RAC2;MEF2C;TNIP2;HLA-DQB1;SOX12;BTN2A2;CD1D;FCGR2B;SOX4;HLA-DRB1;ASCL2;KLRD1;CD38;LST1;DUSP22;HLA-DMA;SMARCD2;GATA3;LAPTM5;INPP5D;CCR2;NCKAP1L;EBI3;HLA-A;SASH3;MDK;NOD2;CD86;SYK;CORO1A;TLR4;TNFSF14;SCRIB;LILRB4;SMARCE1;HLA-DRA;PTPN2;ANXA1;VAV1;LRRC32;SLAMF1;AHR;ADA;TBX21;RUNX3;THEMIS2;LGALS1;HLA-DPB1;VSIG4;IRF1;TRAF6;FCHO1;KITLG;LCK;DDRGK1;RC3H2;BTK;TNFRSF4;SMARCC2;CD4;CCL19;CD2;HLA-E;SPI1;AMBRA1;HLA-DPA1;CLEC7A;IL7;CRTAM;TGFBR2;CYP26B1;TGFB1;SLAMF8;HLA-DQB2;EPHB2;MNDA;EFNB2;PTPN22;TOX;DROSHA;IL12A;PKN1	GLOM	GO_BP	no_proc_ieg	10098
GOBP_NEGATIVE_REGULATION_OF_DEFENSE_RESPONSE	1.9383720129123418	0.0	0.00498207876384054	62/178	NMI;AOAH;FGR;TNFRSF1B;SYT11;IL10RA;CST7;ZDHHC18;FGL2;HCK;PTPN6;PTPRC;MICB;ISG15;ALOX5;WFDC1;ADAR;AURKB;FCGR2B;HLA-DRB1;OAS3;KLRD1;GATA3;HLA-B;PLK2;EXTL3;HLA-A;MDK;MACIR;OAS1;NOD2;SYK;HLA-F;TREM2;PTPN2;PBK;SERPING1;AHR;RPS19;ADA;TRIM21;GFER;VSIG4;CEACAM1;NPY5R;NT5E;HLA-E;GRN;IFI16;CDH5;CD96;TARBP2;TGFB1;SLAMF8;NR1H3;SAMHD1;CYLD;PPARD;PPP1R13L;A2M;PPARG;YTHDF2	GLOM	GO_BP	no_proc_ieg	10098
GOBP_POSITIVE_REGULATION_OF_LEUKOCYTE_CELL_CELL_ADHESION	1.9383549701943603	0.0	0.00494517447670098	84/213	PYCARD;ITGB2;HLX;HLA-DMB;CCL5;LILRB2;CSK;TNFRSF14;PTPN6;PTPRC;RAG1;ALOX5;ETS1;FUT4;HLA-DQB1;SOX12;BTN2A2;CD1D;SOX4;HLA-DRB1;HLA-DMA;SMARCD2;GATA3;CCR2;ITGA4;NCKAP1L;EBI3;HLA-A;SASH3;MDK;NOD2;CD86;SYK;CORO1A;SELE;TNFSF14;LILRB4;SMARCE1;HLA-DRA;ANXA1;VAV1;SLAMF1;CD44;ADA;PTAFR;RUNX3;LGALS1;HLA-DPB1;TRAF6;FCHO1;KITLG;LCK;SMARCC2;CD4;CCL19;HLA-E;AMBRA1;HLA-DPA1;IL7;TGFBR2;TGFB1;HLA-DQB2;EFNB2;IL12A;IL1B;CYLD;SMARCD3;FADD;CD74;RHOA;EFNB1;SMARCB1;CD47;SPN;FLOT2;HLA-DQA1;HLA-DOA;CD81;IRAK1;NLRP3;IL12RB1;CD27;IL15;CD80	GLOM	GO_BP	no_proc_ieg	10098
GOBP_CHONDROITIN_SULFATE_PROTEOGLYCAN_METABOLIC_PROCESS	1.9379549509876441	0.0	0.004925202926042597	10/19	DSE;CHPF2;CHST15;CHST11;CSGALNACT1;EXT1;CHST3;HEXB;B3GAT3;GUSB	GLOM	GO_BP	no_proc_ieg	10098
GOBP_LEUKOCYTE_ADHESION_TO_VASCULAR_ENDOTHELIAL_CELL	1.9365266710090618	0.0	0.0050112804733248055	14/41	CX3CR1;ITGB2;ALOX5;ETS1;FUT4;CCR2;ITGA4;MDK;SELE;PTAFR;SELPLG;TRAF6;EXT1;JAM2	GLOM	GO_BP	no_proc_ieg	10098
GOBP_REGULATION_OF_B_CELL_ACTIVATION	1.93064497453088	0.0	0.005459541539567533	34/91	TYROBP;CD300A;IL27RA;PPP2R3C;PTPN6;PTPRC;CD40;MEF2C;TNIP2;FCGR2B;CD38;LAPTM5;INPP5D;NCKAP1L;SASH3;NOD2;SYK;TLR4;AHR;ADA;TBX21;THEMIS2;DDRGK1;BTK;TNFRSF4;SPI1;IL7;TGFB1;SLAMF8;EPHB2;MNDA;PKN1;CYLD;CD74	GLOM	GO_BP	no_proc_ieg	10098
GOBP_NEGATIVE_REGULATION_OF_LYMPHOCYTE_MEDIATED_IMMUNITY	1.9285782680062995	0.0	0.00565279039190036	19/44	PTPN6;PTPRC;FCGR2B;KLRD1;DUSP22;HLA-B;NCKAP1L;HLA-A;NOD2;HLA-F;LILRB4;SLAMF1;AHR;TBX21;GFER;CEACAM1;HLA-E;CD96;TGFB1	GLOM	GO_BP	no_proc_ieg	10098
GOBP_LYMPH_VESSEL_DEVELOPMENT	1.9263246111932875	0.0	0.00571590462707639	15/23	VASH1;VEGFC;SOX18;SYK;KDR;LGALS8;ACVRL1;TBX1;NR2F2;EFNB2;NPR2;PDPN;FGF2;BMPR2;FLT4	GLOM	GO_BP	no_proc_ieg	10098
GOBP_CELLULAR_RESPONSE_TO_MOLECULE_OF_BACTERIAL_ORIGIN	1.9210523190636006	0.0	0.006078491200448883	65/167	CX3CR1;PYCARD;MYD88;CASP1;TNFRSF1B;LILRB2;LTF;GBP2;TLR2;HCK;CD36;CD14;TLR1;CD40;MEF2C;TRIM5;TNIP2;MAPK1;LILRA2;FCGR2B;CARD8;CXCL6;SCARB1;IRF8;CXCL10;SPON2;LY86;NOD2;CD86;TLR4;TREM2;TSPO;PAF1;CD68;AHR;LY96;PTAFR;GFER;TRAF6;HDAC5;TNIP1;CXCL11;CCR5;LITAF;EPHB2;PTPN22;CASP7;LDOC1;NR1H3;IL1B;ABCA1;IRAK4;HMGB2;RHOA;CD180;NFKB1;TICAM1;TBXA2R;VIM;CXCL9;IRAK1;PPBP;NLRP3;CDK4;CD80	GLOM	GO_BP	no_proc_ieg	10098
GOBP_CELL_SURFACE_PATTERN_RECOGNITION_RECEPTOR_SIGNALING_PATHWAY	1.9183397742131427	0.0	0.006271147275145798	27/52	NMI;MYD88;LTF;TLR2;CD14;TLR1;TNIP2;LILRA2;FCN1;FLOT1;OAS1;NOD2;TLR4;TREM2;LY96;IFI35;TRAF6;FCN3;CYBA;PTPN22;NR1H3;IRAK4;TLR5;TICAM1;FCN2;TRIM32;IRAK1	GLOM	GO_BP	no_proc_ieg	10098
GOBP_NEGATIVE_REGULATION_OF_CYTOKINE_PRODUCTION	1.914289666923789	0.0	0.006554635163643904	52/222	CX3CR1;TYROBP;NMI;PYCARD;TWIST1;IL27RA;SYT11;CSK;LTF;GBP1;IDO1;HOMER3;PTPN6;PTPRC;TLR8;RNF125;TRIM27;ARRB1;ADCY7;BTN2A2;FCGR2B;CARD8;HLA-DRB1;LILRA5;FN1;OAS3;HDAC9;GATA3;LAPTM5;INPP5D;EXTL3;NCKAP1L;MACIR;OAS1;NOD2;TLR4;HLA-F;LILRB4;TREM2;TSPO;ANXA1;LRRC32;SLAMF1;TBX21;SIGLEC1;EZH2;VSIG4;CEACAM1;BTK;PML;CD34;TRAIP	GLOM	GO_BP	no_proc_ieg	10098
GOBP_CELLULAR_RESPONSE_TO_BIOTIC_STIMULUS	1.9136182813604699	0.0	0.00659425394535043	71/186	CX3CR1;PYCARD;MYD88;CASP1;TNFRSF1B;LILRB2;LTF;TIGAR;GBP2;TLR2;HCK;CD36;CD14;TLR1;CD40;MEF2C;TRIM5;TNIP2;MAPK1;LILRA2;FCGR2B;CARD8;CXCL6;SCARB1;IRF8;CXCL10;SPON2;LY86;NOD2;CD86;SYK;TLR4;TREM2;TSPO;PAF1;CD68;AHR;LY96;PTAFR;GFER;TRAF6;HDAC5;BTK;TMCO1;TNIP1;CXCL11;CLEC7A;CCR5;LITAF;EPHB2;PTPN22;CASP7;LDOC1;NR1H3;IL1B;ABCA1;IRAK4;HMGB2;RHOA;CD180;MUS81;NFKB1;TICAM1;TBXA2R;VIM;CXCL9;GSK3B;IRAK1;PPBP;NLRP3;CDK4	GLOM	GO_BP	no_proc_ieg	10098
GOBP_NEGATIVE_REGULATION_OF_CELL_KILLING	1.9112262082762321	0.0	0.00679473976224161	12/21	CX3CR1;PTPRC;FCGR2B;KLRD1;HLA-B;NCKAP1L;HLA-A;HLA-F;GFER;CEACAM1;HLA-E;TGFB1	GLOM	GO_BP	no_proc_ieg	10098
GOBP_REGULATION_OF_LYMPHOCYTE_CHEMOTAXIS	1.9107876211298849	0.0	0.006771101581546401	7/16	CCL5;CCL4;ADAM10;CXCL10;CCR2;STK39;TNFSF14	GLOM	GO_BP	no_proc_ieg	10098
GOBP_REGULATION_OF_INFLAMMATORY_RESPONSE	1.909843680469941	0.0	0.006793275694204065	97/266	NMI;PYCARD;MYD88;AOAH;FGR;CASP1;TLR7;TNFRSF1B;CCL5;SYT11;NKG7;MGLL;IL10RA;CST7;CALHM2;IDO1;TLR2;HCK;PTPN6;PTPRC;GPRC5B;ALOX5;WFDC1;ETS1;FCGR2B;HLA-DRB1;LILRA5;GATA3;IL1R1;PLK2;EXTL3;CCR2;MDK;MACIR;NOD2;STK39;SYK;TLR4;SELE;CEBPA;PLA2G7;TREM2;GPR4;PTPN2;PBK;ANXA1;AHR;RPS19;ADA;C3;IFI35;LGALS1;CASP4;BTK;NPY5R;NT5E;TNIP1;GSDMD;TRADD;HLA-E;GRN;TNC;AGTR1;CDH5;TGFB1;SLAMF8;NLRP2;OSMR;APP;DROSHA;FABP4;NR1H3;IL1B;IL16;CYLD;PPARD;PPP1R13L;PPARG;CCN4;PSMA6;MGST2;PIK3CG;HYAL2;NFKB1;CD47;TLR3;SPN;TRIM45;ABCC1;CD81;VPS35;PSMB4;NLRP3;IL33;IL15;TREX1;HAMP	GLOM	GO_BP	no_proc_ieg	10098
GOBP_POSITIVE_REGULATION_OF_INTERLEUKIN_8_PRODUCTION	1.8984451363772517	0.0	0.007839305318359115	23/47	PYCARD;MYD88;TLR7;TLR2;CD14;TLR1;TLR8;LILRA2;FCN1;NOD2;SYK;TLR4;RIGI;CD2;CLEC7A;CD244;CD58;IL1B;FADD;CD74;TLR5;HYAL2;TLR3	GLOM	GO_BP	no_proc_ieg	10098
GOBP_REGULATION_OF_CELL_KILLING	1.8971013237409573	0.0	0.007891412699511905	28/84	CX3CR1;TYROBP;ITGAM;PRF1;PTPRC;MICB;CD1D;FCGR2B;HLA-DRB1;KLRD1;CXCL6;HLA-B;NCKAP1L;HLA-A;SYK;HLA-F;TAP2;HLA-DRA;HLA-C;VAV1;GFER;CEACAM1;HLA-E;SPI1;SH2D1A;CLEC7A;CRTAM;TGFB1	GLOM	GO_BP	no_proc_ieg	10098
GOBP_DEFENSE_RESPONSE_TO_GRAM_POSITIVE_BACTERIUM	1.8961852734129383	0.0	0.007913104734420516	28/64	PYCARD;MYD88;FGR;IL27RA;TNFRSF14;GBP2;TLR2;CD36;RNASE6;LYZ;RNASE1;HLA-A;NOD2;CARD9;C5AR1;H2BC21;CASP4;GSDMD;HLA-E;DROSHA;IL12A;IL1B;RNASE2;HMGB2;P2RX7;CHGA;H2BC12;FCN2	GLOM	GO_BP	no_proc_ieg	10098
GOBP_ENDOLYSOSOMAL_TOLL_LIKE_RECEPTOR_SIGNALING_PATHWAY	1.8955074938600858	0.0	0.007919747579547816	20/32	MYD88;TLR7;PPT1;TLR8;TNIP2;ZDHHC3;FLOT1;OAS1;TRAF6;SCARA3;TASL;PTPN22;COLEC12;TRIM3;IRAK4;TICAM1;TLR3;FLOT2;RSAD2;IRAK1	GLOM	GO_BP	no_proc_ieg	10098
GOBP_CELLULAR_DEFENSE_RESPONSE	1.8923909026174868	0.0	0.008131609665004034	17/42	CX3CR1;TYROBP;LILRB2;PRF1;NCF2;CCR2;FCMR;RAB23;C5AR1;LSP1;LY96;GNLY;CD300C;SH2D1A;CCR5;MNDA;LGALS3BP	GLOM	GO_BP	no_proc_ieg	10098
GOBP_POSITIVE_REGULATION_OF_CELL_ACTIVATION	1.891091172896644	0.0	0.008209582100425225	74/269	TYROBP;PYCARD;MYD88;HLX;HLA-DMB;CCL5;PPP2R3C;LILRB2;CSK;TNFRSF14;PTPN6;PTPRC;ACTA2;RAG1;CD40;MEF2C;TNIP2;HLA-DQB1;SOX12;BTN2A2;CD1D;LILRA2;SOX4;HLA-DRB1;LILRA5;CD38;HLA-DMA;SMARCD2;GATA3;INPP5D;CCR2;NCKAP1L;EBI3;HLA-A;SASH3;MDK;NOD2;CD86;SYK;CORO1A;TLR4;TNFSF14;CEBPA;LILRB4;SMARCE1;HLA-DRA;TREM2;ANXA1;VAV1;SLAMF1;ADA;TBX21;PLA2G4A;RUNX3;LGALS1;HLA-DPB1;TRAF6;FCHO1;KITLG;LCK;DDRGK1;BTK;TNFRSF4;SMARCC2;CD4;PLEK;CCL19;CD2;HLA-E;SPI1;AMBRA1;HLA-DPA1;CLEC7A;IL7	GLOM	GO_BP	no_proc_ieg	10098
GOBP_POSITIVE_REGULATION_OF_LYMPHOCYTE_MIGRATION	1.8908459508588948	0.0	0.008185221743762213	12/33	PYCARD;CCL5;TNFRSF14;CCL4;ADAM10;ASCL2;CXCL10;CCR2;ITGA4;STK39;CORO1A;TNFSF14	GLOM	GO_BP	no_proc_ieg	10098
GOBP_MEMBRANE_RAFT_ORGANIZATION	1.8859223314834506	0.001893939393939394	0.008571032115792146	10/19	DOCK2;PPT1;ABCA7;FLOT1;COL6A1;CAV2;EMP2;S100A10;CD2;COLEC12	GLOM	GO_BP	no_proc_ieg	10098
GOBP_DEFENSE_RESPONSE_TO_BACTERIUM	1.8818206086624394	0.0	0.009009051164774533	43/182	PYCARD;MYD88;FGR;CASP1;IL27RA;SYT11;LTF;PLAC8;GBP1;OAS2;TNFRSF14;GBP2;TLR2;CD36;ISG15;RNASE6;STAB1;RBCK1;NAGK;LYZ;FCER1G;OAS3;SHC1;CXCL6;IRF8;RNASE1;IGHM;HLA-A;SPON2;OAS1;NOD2;EMILIN1;SYK;TLR4;CARD9;TREM2;ADAMTS5;MMRN2;C5AR1;RPS19;GNLY;H2BC21;CASP4	GLOM	GO_BP	no_proc_ieg	10098
GOBP_REGULATION_OF_T_CELL_PROLIFERATION	1.880030765278687	0.0	0.009228524405442425	38/132	PYCARD;HLA-DMB;TNFRSF1B;CCL5;LILRB2;TNFRSF14;IDO1;BID;PTPN6;PTPRC;RAC2;BTN2A2;CD1D;HLA-DRB1;CCR2;NCKAP1L;EBI3;HLA-A;SASH3;CD86;SYK;CORO1A;SCRIB;LILRB4;ANXA1;LRRC32;SLAMF1;HLA-DPB1;VSIG4;IRF1;TRAF6;KITLG;CCL19;HLA-E;HLA-DPA1;CRTAM;TGFBR2;TGFB1	GLOM	GO_BP	no_proc_ieg	10098
GOBP_FC_GAMMA_RECEPTOR_SIGNALING_PATHWAY	1.8768371186915822	0.001937984496124031	0.009431111633018569	9/23	FGR;CD247;HCK;LIMK1;FCGR2B;FCER1G;SYK;VAV1;LCK	GLOM	GO_BP	no_proc_ieg	10098
GOBP_REGULATION_OF_LYMPHOCYTE_MEDIATED_IMMUNITY	1.874888577415711	0.0	0.009652179306667598	59/131	TNFRSF1B;IL27RA;PTPN6;PTPRC;MICB;CD40;CD1D;FCGR2B;HLA-DRB1;KLRD1;DUSP22;GATA3;HLA-B;IL1R1;CCR2;NCKAP1L;HLA-A;SASH3;NOD2;HLA-F;LILRB4;TAP2;HLA-DRA;TREM2;HLA-C;TRPM4;VAV1;SLAMF1;AHR;TBX21;C3;GFER;TRAF6;CEACAM1;BTK;HLA-E;SH2D1A;CD96;CRTAM;TGFB1;IL12A;IL1B;FADD;SMAD7;KLRB1;P2RX7;SPN;RSAD2;CD81;NLRP3;IL12RB1;IL18R1;CD80;IL7R;CRK;KMT5B;MLH1;LILRB1;TRAF2	GLOM	GO_BP	no_proc_ieg	10098
GOBP_RESPIRATORY_BURST	1.8735970736391439	0.002008032128514056	0.00977992873866761	13/28	LIPA;HCK;RAC2;CD52;NCF2;CYBB;NCF4;TREM2;RPS19;GRN;CLEC7A;CYBA;SLAMF8	GLOM	GO_BP	no_proc_ieg	10098
GOBP_REGULATION_OF_CELL_ACTIVATION	1.8718865465333674	0.0	0.009871478743140283	122/444	TYROBP;PYCARD;MYD88;HLX;FGR;HLA-DMB;CD300A;TNFRSF1B;CCL5;IL27RA;PPP2R3C;SYT11;LILRB2;CST7;CSK;FGL2;CALHM2;THBD;TNFRSF14;IDO1;BID;PTPN6;PTPRC;ACTA2;RAG1;CD40;RAC2;MEF2C;TNIP2;HLA-DQB1;SOX12;BTN2A2;CD1D;LILRA2;FCGR2B;SOX4;FCER1G;HLA-DRB1;ASCL2;LILRA5;PDGFB;FN1;KLRD1;CD38;LST1;DUSP22;HLA-DMA;SMARCD2;GATA3;LAPTM5;INPP5D;CCR2;NCKAP1L;EBI3;HLA-A;SASH3;MDK;NOD2;EMILIN1;CD86;SYK;CORO1A;TLR4;TNFSF14;SCRIB;CEBPA;LILRB4;SMARCE1;HLA-DRA;TREM2;PTPN2;MILR1;ANXA1;VAV1;LRRC32;SLAMF1;AHR;ADA;TBX21;PLA2G4A;RUNX3;THEMIS2;LGALS1;HLA-DPB1;VSIG4;IRF1;TRAF6;FCHO1;KITLG;CEACAM1;LCK;DDRGK1;RC3H2;BTK;TNFRSF4;SMARCC2;CD4;PLEK;CCL19;CD2;HLA-E;GRN;SPI1;AMBRA1;HLA-DPA1;CLEC7A;IL7;CRTAM;F11R;TGFBR2;CYP26B1;TGFB1;SLAMF8;HLA-DQB2;EPHB2;MNDA;EFNB2;PTPN22;TOX;DROSHA;IL12A;PKN1	GLOM	GO_BP	no_proc_ieg	10098
GOBP_AORTIC_VALVE_MORPHOGENESIS	1.8648726531414812	0.0	0.010636115388118692	11/22	TWIST1;HEY2;CDH11;GATA3;EFNA1;EMILIN1;ADAMTS5;SNAI2;HEY1;TGFBR2;TGFB1	GLOM	GO_BP	no_proc_ieg	10098
GOBP_T_CELL_ACTIVATION	1.8638520388507875	0.0	0.010748639628885382	161/412	PYCARD;HLX;HLA-DMB;CD300A;TNFRSF1B;DOCK2;LIPA;CCL5;NKG7;LILRB2;CSK;FGL2;TNFRSF14;IDO1;CD247;BID;PTPN6;PTPRC;MICB;RAG1;CD3D;LCP1;KLRF1;RAC2;BTN3A1;MSN;HLA-DQB1;SOX12;BTN2A2;CD1D;TRDC;ITGAL;FCGR2B;SOX4;FCER1G;HLA-DRB1;ASCL2;FKBP1B;DUSP22;HLA-DMA;SMARCD2;GATA3;LAPTM5;CCR2;NCKAP1L;EBI3;HLA-A;SASH3;MDK;APBB1IP;NOD2;CD86;SYK;CORO1A;TNFSF14;SCRIB;LILRB4;SMARCE1;DDOST;HLA-DRA;PTPN2;JAG2;ANXA1;CD8A;VAV1;LRRC32;SLAMF1;CD44;ADA;CASP8;TBX21;RUNX3;LGALS1;PKNOX1;HLA-DPB1;VSIG4;IRF1;TRAF6;FCHO1;PSMB10;KITLG;CEACAM1;LCK;RC3H2;STAT4;TNFRSF4;ENTPD7;PIK3R3;SMARCC2;CD4;CCL19;CD2;CDK6;HLA-E;SPI1;AMBRA1;HLA-DPA1;CLEC7A;IL7;BAX;CRTAM;TGFBR2;CYP26B1;TGFB1;HLA-DQB2;EFNB2;PTPN22;TOX;DROSHA;IL12A;IL1B;CYLD;SMARCD3;FADD;MAFB;CD74;RHOA;RBX1;CTPS1;SMAD7;EFNB1;P2RX7;SMARCB1;CD151;TRAC;PIK3CG;CD47;KDELR1;SPN;TNFRSF21;FLOT2;HLA-DQA1;RSAD2;HLA-DOA;CD81;CCND3;NLRP3;WNT4;IL12RB1;CD27;IL18R1;IL15;TREX1;CD80;SLAMF7;IL7R;NCAPH2;IL4R;CBFB;NHEJ1;SLC4A2;PIK3CD;IL2RG;SLC11A1;ICAM1;LILRB1;CASP3;ITK;LEF1;PDE5A;PDCD1LG2	GLOM	GO_BP	no_proc_ieg	10098
GOBP_REGULATION_OF_PATTERN_RECOGNITION_RECEPTOR_SIGNALING_PATHWAY	1.8618706921234949	0.0	0.010934546133358479	26/106	MYD88;CD300A;ZDHHC18;LTF;GBP2;CD36;SLC15A3;CD14;PPT1;TLR1;NAGK;RNF125;LRRC14;AURKB;LILRA2;CARD8;ZDHHC3;FLOT1;NOD2;TLR4;TREM2;IFI35;IRF1;TASL;BTK;IRF7	GLOM	GO_BP	no_proc_ieg	10098
GOBP_REGULATION_OF_B_CELL_DIFFERENTIATION	1.8617625400530458	0.003968253968253968	0.01088178551186637	11/25	PPP2R3C;PTPN6;INPP5D;NCKAP1L;SYK;DDRGK1;BTK;SPI1;IL7;SLAMF8;CYLD	GLOM	GO_BP	no_proc_ieg	10098
GOBP_NEGATIVE_REGULATION_OF_INFLAMMATORY_RESPONSE_TO_ANTIGENIC_STIMULUS	1.857797436166116	0.0020325203252032522	0.01135335152376132	9/21	FGR;HCK;FCGR2B;HLA-DRB1;PLK2;NOD2;SYK;TREM2;NPY5R	GLOM	GO_BP	no_proc_ieg	10098
GOBP_LOW_DENSITY_LIPOPROTEIN_PARTICLE_CLEARANCE	1.8569415490185162	0.0019047619047619048	0.011372126564436673	8/21	LIPA;CSK;CD36;SOAT1;SCARB1;TREM2;CNPY2;LDLRAP1	GLOM	GO_BP	no_proc_ieg	10098
GOBP_NEGATIVE_REGULATION_OF_LEUKOCYTE_PROLIFERATION	1.8544178239034803	0.0019342359767891683	0.011675942599413238	33/76	TYROBP;CD300A;LILRB2;TNFRSF14;IDO1;PTPN6;BTN2A2;FCGR2B;HLA-DRB1;LST1;INPP5D;CD86;SCRIB;LILRB4;LRRC32;VSIG4;BTK;HLA-E;CRTAM;TGFB1;MNDA;CCL8;PKN1;GREM1;SPN;TNFRSF21;IL33;CD80;SLC4A2;LILRB1;CASP3;PDE5A;PDCD1LG2	GLOM	GO_BP	no_proc_ieg	10098
GOBP_POSITIVE_REGULATION_OF_LEUKOCYTE_PROLIFERATION	1.8542978510289725	0.0	0.01160685418166523	48/114	PYCARD;MYD88;HLA-DMB;CCL5;LILRB2;PTPRC;CD40;RAC2;MEF2C;CSF1R;MAPK1;CD1D;CD38;CCR2;NCKAP1L;EBI3;HLA-A;SASH3;CD86;SYK;CORO1A;TLR4;ANXA1;SLAMF1;ADA;HLA-DPB1;TRAF6;KITLG;BTK;TNFRSF4;CCL19;HLA-E;HLA-DPA1;IL7;TGFBR2;EPHB2;IL12A;IL1B;FADD;CD74;EFNB1;TICAM1;SPN;BST2;CD81;IL12RB1;IL15;CD80	GLOM	GO_BP	no_proc_ieg	10098
GOBP_PROTEOGLYCAN_METABOLIC_PROCESS	1.8529293858521423	0.0	0.011728702874795613	28/58	DSE;HPSE;CHPF2;CHST15;CHST11;EXTL3;GPC1;IDS;CSGALNACT1;B4GALT7;GLB1;BMP2;COL11A1;BTK;GAL3ST4;HS3ST2;EXT1;CHST3;NDST2;HEXB;EXTL2;B3GAT3;GUSB;CANT1;SLC35D2;BMPR2;EXT2;NDST1	GLOM	GO_BP	no_proc_ieg	10098
GOBP_NEUROINFLAMMATORY_RESPONSE	1.8522375513616451	0.0	0.01174484369609239	15/61	CX3CR1;TYROBP;ITGB2;C1QA;TNFRSF1B;SYT11;ITGAM;CST7;CALHM2;TLR2;PTPRC;IFNGR2;NR3C1;TREM2;C5AR1	GLOM	GO_BP	no_proc_ieg	10098
GOBP_REGULATION_OF_STRESS_ACTIVATED_PROTEIN_KINASE_SIGNALING_CASCADE	1.8483632649017263	0.0057361376673040155	0.0122597397293839	16/33	MAP2K1;ARL6IP5;MAPK1;IGFBP6;SEMA4C;NOD2;TLR4;CARD9;PBK;QARS1;FOXM1;STK25;FAS;TAOK3;GREM1;TGFB2	GLOM	GO_BP	no_proc_ieg	10098
GOBP_REGULATION_OF_VIRAL_PROCESS	1.847211149464698	0.0	0.012317720631940102	56/120	CCL5;LTF;ISG20;OAS2;IFITM2;ISG15;APOBEC3F;ADAR;TRIM27;TRIM5;HLA-DRB1;OAS3;IFITM1;APOBEC3A;FCN1;OAS1;SNX3;KPNA2;APOBEC3G;STOM;TRIM21;LGALS1;TOP2A;MX1;TNIP1;CD4;PTX3;FCN3;IFI16;CXCR4;CH25H;IFIH1;TARBP2;PPID;TRIM25;CD74;FAM111A;UBP1;RNASEL;MORC2;TRIM22;VPS4A;BST2;LY6E;IFIT1;RSAD2;TRIM32;VAPB;TRIM14;PPIE;P4HB;DYNLT1;NR5A2;FURIN;TRIM28;RAB7A	GLOM	GO_BP	no_proc_ieg	10098
GOBP_MACROPHAGE_MIGRATION	1.8466178226346188	0.0	0.012291766217705174	14/43	CX3CR1;CCL5;CSF1R;MAPK1;C3AR1;CKLF;CCR2;MDK;EMILIN1;TREM2;SLAMF1;MMP2;C5AR1;NUP85	GLOM	GO_BP	no_proc_ieg	10098
GOBP_POSITIVE_REGULATION_OF_LEUKOCYTE_MEDIATED_IMMUNITY	1.8465446962803984	0.0	0.012234264945530633	33/104	TYROBP;ITGB2;ITGAM;PTPRC;MICB;CD40;CD1D;HLA-DRB1;KLRD1;GATA3;HLA-B;IL1R1;HLA-A;SASH3;NOD2;HLA-F;TAP2;HLA-DRA;TREM2;HLA-C;VAV1;SLAMF1;TBX21;C3;PTAFR;RIGI;TRAF6;BTK;HLA-E;SPI1;SH2D1A;CLEC7A;CRTAM	GLOM	GO_BP	no_proc_ieg	10098
GOBP_SYNCYTIUM_FORMATION	1.842741768558658	0.0018867924528301887	0.012703015442739723	15/47	TYROBP;CD53;DOCK2;CAMK1;CXCL10;FLOT1;ADAM12;TNFSF14;TREM2;ADAMTS5;PLEKHO1;CDON;ADGRB3;SH3PXD2A;JAM2	GLOM	GO_BP	no_proc_ieg	10098
GOBP_POSITIVE_REGULATION_OF_HEMOPOIESIS	1.8419715228384252	0.0	0.012694214326881325	50/140	HCLS1;TYROBP;HLX;PPP2R3C;LILRB2;PTPRC;RAG1;SOX12;BTN2A2;SOX4;HLA-DRB1;SMARCD2;GATA3;INPP5D;CCR1;NCKAP1L;SASH3;MDK;CD86;SYK;LILRB4;EVI2B;SMARCE1;HLA-DRA;TREM2;TESC;ANXA1;ADA;CASP8;RUNX3;LGALS1;TRAF6;KITLG;DDRGK1;BTK;SMARCC2;CD4;CCL19;SPI1;AMBRA1;IL7;TGFBR2;TGFB1;CREB1;TOX;CYLD;SMARCD3;FADD;CD74;RHOA	GLOM	GO_BP	no_proc_ieg	10098
GOBP_REGULATION_OF_LEUKOCYTE_MIGRATION	1.8357993799469705	0.0	0.013605931783427585	40/169	STK10;CX3CR1;PYCARD;MYD88;CD300A;CCL5;IL27RA;TNFRSF14;VEGFC;CCL4;RAC2;CSF1R;MAPK1;MSN;FUT4;RIN3;ADAM10;ASCL2;C3AR1;CXCL10;CCR1;IL1R1;CCR2;ITGA4;NCKAP1L;MDK;NOD2;STK39;EMILIN1;CORO1A;SELE;TNFSF14;PLA2G7;TREM2;ANXA1;SLAMF1;C5AR1;ADA;ECM1;PTAFR	GLOM	GO_BP	no_proc_ieg	10098
GOBP_POSITIVE_REGULATION_OF_PATTERN_RECOGNITION_RECEPTOR_SIGNALING_PATHWAY	1.8357276331614827	0.0	0.013529920991341399	18/41	MYD88;LTF;GBP2;CD36;SLC15A3;CD14;TLR1;NAGK;ZDHHC3;FLOT1;TLR4;IFI35;TASL;BTK;CYBA;PTPN22;TRIM3;NR1H3	GLOM	GO_BP	no_proc_ieg	10098
GOBP_POSITIVE_REGULATION_OF_LEUKOCYTE_MIGRATION	1.8332264295160758	0.0	0.013776727726201603	42/115	CX3CR1;PYCARD;CCL5;TNFRSF14;VEGFC;CCL4;RAC2;CSF1R;MAPK1;FUT4;ADAM10;ASCL2;C3AR1;CXCL10;CCR1;IL1R1;CCR2;ITGA4;NCKAP1L;MDK;STK39;CORO1A;SELE;TNFSF14;PLA2G7;TREM2;SLAMF1;C5AR1;PTAFR;KITLG;CCL19;JAM2;LYVE1;DNM1L;TGFB1;PTN;APP;IL12A;CCL8;FADD;CD74;RHOA	GLOM	GO_BP	no_proc_ieg	10098
GOBP_REGULATION_OF_ANTIGEN_PROCESSING_AND_PRESENTATION	1.831712342492891	0.00202020202020202	0.01397770426202986	10/20	PYCARD;LILRB2;FGL2;FCGR2B;NOD2;TREM2;CD68;TAPBPL;CCL19;YTHDF1	GLOM	GO_BP	no_proc_ieg	10098
GOBP_REGULATION_OF_LEUKOCYTE_DIFFERENTIATION	1.8315113858675298	0.0	0.01394376991199158	75/233	HCLS1;TYROBP;HLX;RASSF2;PPP2R3C;LILRB2;LTF;FGL2;PTPN6;PTPRC;PIAS3;RAG1;SOX12;BTN2A2;FCGR2B;SOX4;HLA-DRB1;ASCL2;SMARCD2;GATA3;HLA-B;INPP5D;CCR1;CCR2;NCKAP1L;SASH3;MDK;CD86;SYK;TLR4;LILRB4;EVI2B;SMARCE1;HLA-DRA;TREM2;PTPN2;TESC;ANXA1;ADA;CASP8;TBX21;RUNX3;LGALS1;IRF1;TRAF6;KITLG;CEACAM1;DDRGK1;RC3H2;BTK;IRF7;SMARCC2;CD4;CCL19;CD2;CDK6;SPI1;AMBRA1;IL7;CRTAM;GATA2;TGFBR2;CYP26B1;TGFB1;FBN1;SLAMF8;CREB1;TOX;DROSHA;CYLD;SMARCD3;FADD;MAFB;CD74;RHOA	GLOM	GO_BP	no_proc_ieg	10098
GOBP_DISRUPTION_OF_ANATOMICAL_STRUCTURE_IN_ANOTHER_ORGANISM	1.829243310650507	0.001953125	0.014208630297393263	16/61	MYD88;NKG7;GZMA;LTF;GBP1;GBP2;PRF1;MICB;LYZ;GZMH;CXCL6;GZMB;SYK;CCL13;RPS19;GNLY	GLOM	GO_BP	no_proc_ieg	10098
GOBP_INTERLEUKIN_2_PRODUCTION	1.8286984287507153	0.0	0.014198038500827993	19/52	GBP1;HOMER3;PTPRC;TRIM27;GATA3;LAPTM5;CCR2;SASH3;NOD2;CD86;CARD9;LILRB4;ANXA1;TBX21;VSIG4;TRAF6;CD4;CD34;CLEC7A	GLOM	GO_BP	no_proc_ieg	10098
GOBP_REGULATION_OF_TYPE_2_IMMUNE_RESPONSE	1.8247467631002101	0.0	0.014826152075682445	11/28	HLX;IL27RA;IDO1;ASCL2;GATA3;CCR2;NOD2;CD86;ANXA1;ECM1;TBX21	GLOM	GO_BP	no_proc_ieg	10098
GOBP_INTERFERON_MEDIATED_SIGNALING_PATHWAY	1.8242450412051536	0.0	0.014848306475764078	25/67	MYD88;OAS2;HCK;PTPN6;IFITM2;ISG15;ADAR;SP100;IFNGR2;OAS3;IFITM1;IFNAR1;OAS1;PTPN2;IRF1;IRF7;IKBKE;IFIH1;IFI27;NR1H3;SAMHD1;FADD;PPARG;YTHDF2;HDAC4	GLOM	GO_BP	no_proc_ieg	10098
GOBP_ANTIGEN_PROCESSING_AND_PRESENTATION_VIA_MHC_CLASS_IB	1.823000832162659	0.0	0.014941744045486356	8/18	MICB;CD1D;HLA-B;HLA-A;HLA-F;TAP2;HLA-C;HLA-E	GLOM	GO_BP	no_proc_ieg	10098
GOBP_POSITIVE_REGULATION_OF_CELL_CELL_ADHESION	1.8225880207924228	0.0	0.014903764835430912	93/249	PYCARD;ITGB2;HLX;HLA-DMB;CCL5;LILRB2;CSK;TNFRSF14;PTPN6;PTPRC;RAG1;ALOX5;ETS1;FUT4;HLA-DQB1;SOX12;BTN2A2;CD1D;SOX4;HLA-DRB1;HLA-DMA;SMARCD2;GATA3;CCR2;ITGA4;NCKAP1L;EBI3;HLA-A;SASH3;MDK;FLOT1;NOD2;EMILIN1;CD86;SYK;CORO1A;SELE;TNFSF14;LILRB4;SMARCE1;HLA-DRA;ANXA1;VAV1;SLAMF1;CD44;ADA;PTAFR;RUNX3;LGALS1;HLA-DPB1;TRAF6;FCHO1;KITLG;LCK;SMARCC2;CD4;CCL19;HLA-E;AMBRA1;HLA-DPA1;IL7;PLPP3;F11R;TGFBR2;TGFB1;HLA-DQB2;EFNB2;IL12A;PLAUR;KIF26B;IL1B;PDPN;CYLD;SMARCD3;FADD;CD74;RHOA;SMAD7;EFNB1;SMARCB1;MAGI1;CD47;SPN;FLOT2;HLA-DQA1;HLA-DOA;CD81;IRAK1;NLRP3;IL12RB1;CD27;IL15;CD80	GLOM	GO_BP	no_proc_ieg	10098
GOBP_LEUKOCYTE_MIGRATION	1.8212669552037095	0.0	0.015001817158033977	84/295	STK10;CX3CR1;PYCARD;MYD88;ITGB2;CD300A;CCL5;IL27RA;TNFRSF14;VEGFC;CCL4;HCK;RAC2;ALOX5;CSF1R;MAPK1;MSN;FUT4;RIN3;ITGAL;ADAM10;FCER1G;ASCL2;PDGFB;C3AR1;CXCL6;GATA3;CXCL10;CKLF;CCR1;IL1R1;CCR2;ITGA4;NCKAP1L;SCG2;MDK;NOD2;STK39;EMILIN1;SYK;CORO1A;CCL13;SELE;TNFSF14;PECAM1;PLA2G7;TREM2;CCL18;ANXA1;ITGA7;TRPM4;VAV1;SLAMF1;MMP2;EMP2;C5AR1;RPS19;ADA;ECM1;TBX21;PTAFR;SELPLG;ADGRE2;FOLR2;NUP85;KITLG;LCK;CXCL11;EXT1;CCL19;CD34;JAM2;CXCR4;CH25H;LYVE1;PIP5K1C;PPIB;CRTAM;DNM1L;CCR5;F11R;TGFB1;SLAMF8;PTN	GLOM	GO_BP	no_proc_ieg	10098
GOBP_MACROPHAGE_DIFFERENTIATION	1.8207635394052355	0.0020408163265306124	0.015046044213334785	18/43	HCLS1;MYD88;TLR2;CSF1R;UCP2;HLA-DRB1;GATA3;NR3C1;TLR4;CEBPA;PTPN2;CASP8;CD4;GATA2;TGFB1;APP;FADD;VPS54	GLOM	GO_BP	no_proc_ieg	10098
GOBP_DENDRITIC_CELL_MIGRATION	1.819495847071898	0.004024144869215292	0.015247358359295634	12/25	CCL5;ALOX5;CCR1;CCR2;TRPM4;SLAMF1;EXT1;CCL19;CXCR4;CCR5;SLAMF8;IL12A	GLOM	GO_BP	no_proc_ieg	10098
GOBP_POSITIVE_REGULATION_OF_T_CELL_MEDIATED_CYTOTOXICITY	1.8176124371376146	0.0	0.015545257100042653	14/29	PTPRC;MICB;CD1D;HLA-DRB1;HLA-B;HLA-A;HLA-F;TAP2;HLA-DRA;HLA-C;HLA-E;IL12A;FADD;P2RX7	GLOM	GO_BP	no_proc_ieg	10098
GOBP_T_CELL_CHEMOTAXIS	1.8160881202117591	0.004016064257028112	0.015718799596506346	13/17	CCL5;ADAM10;CXCL10;CCR2;STK39;TNFSF14;CXCL11;PLEC;PIK3CG;PIK3CD;GPR183;ADAM17;CXCL13	GLOM	GO_BP	no_proc_ieg	10098
GOBP_POSITIVE_REGULATION_OF_CYTOKINE_PRODUCTION_INVOLVED_IN_INFLAMMATORY_RESPONSE	1.8113157373983757	0.002066115702479339	0.01655122313043815	8/18	MYD88;NOD2;TLR4;CARD9;IL17B;CLEC7A;TICAM1;TLR3	GLOM	GO_BP	no_proc_ieg	10098
GOBP_NEGATIVE_REGULATION_OF_INTERLEUKIN_2_PRODUCTION	1.811058033864838	0.0	0.016489207048611912	11/23	GBP1;HOMER3;PTPRC;TRIM27;GATA3;LAPTM5;NOD2;LILRB4;TBX21;VSIG4;CD34	GLOM	GO_BP	no_proc_ieg	10098
GOBP_REGULATION_OF_MYELOID_LEUKOCYTE_DIFFERENTIATION	1.8103743900144718	0.0	0.016501746147807084	28/88	HCLS1;TYROBP;RASSF2;LTF;PIAS3;HLA-DRB1;INPP5D;CCR1;TLR4;LILRB4;EVI2B;TREM2;PTPN2;TESC;CASP8;TRAF6;KITLG;CEACAM1;IRF7;CD4;CDK6;GATA2;TGFB1;FBN1;CREB1;FADD;MAFB;CD74	GLOM	GO_BP	no_proc_ieg	10098
GOBP_RESPONSE_TO_FUNGUS	1.8101747322961212	0.0019880715705765406	0.01644061082306858	14/42	CX3CR1;MYD88;LTF;SPON2;SYK;TLR4;CARD9;GNLY;BTK;PTX3;SPI1;CLEC7A;COTL1;TGFB1	GLOM	GO_BP	no_proc_ieg	10098
GOBP_REGULATION_OF_T_HELPER_1_TYPE_IMMUNE_RESPONSE	1.8100659821420162	0.002036659877800407	0.016374464128915408	17/25	HLX;IL27RA;ASCL2;IL1R1;CCR2;ANXA1;SLAMF1;TBX21;PLA2G4A;CCL19;IL1B;IL33;IL12RB1;IL18R1;CD80;IL4R;SLC11A1	GLOM	GO_BP	no_proc_ieg	10098
GOBP_NEGATIVE_REGULATION_OF_T_CELL_DIFFERENTIATION	1.8094910595916058	0.004016064257028112	0.016404192630134967	11/33	HLX;FGL2;ASCL2;MDK;LILRB4;PTPN2;ANXA1;TBX21;RUNX3;IRF1;RC3H2	GLOM	GO_BP	no_proc_ieg	10098
GOBP_REGULATION_OF_INFLAMMATORY_RESPONSE_TO_ANTIGENIC_STIMULUS	1.8076657118048907	0.00390625	0.016650955596090495	12/33	FGR;HCK;FCGR2B;HLA-DRB1;PLK2;NOD2;SYK;TREM2;C3;BTK;NPY5R;HLA-E	GLOM	GO_BP	no_proc_ieg	10098
GOBP_POSITIVE_REGULATION_OF_T_CELL_PROLIFERATION	1.8075040339283048	0.0	0.01657920479007592	31/73	PYCARD;HLA-DMB;CCL5;LILRB2;PTPRC;CD1D;CCR2;NCKAP1L;EBI3;HLA-A;SASH3;CD86;SYK;CORO1A;ANXA1;SLAMF1;HLA-DPB1;TRAF6;KITLG;CCL19;HLA-E;HLA-DPA1;TGFBR2;IL1B;FADD;EFNB1;SPN;CD81;IL12RB1;IL15;CD80	GLOM	GO_BP	no_proc_ieg	10098
GOBP_REGULATION_OF_MACROPHAGE_MIGRATION	1.8056607927903954	0.0019723865877712033	0.016883349942355866	11/32	CX3CR1;CCL5;CSF1R;MAPK1;C3AR1;CCR2;MDK;EMILIN1;TREM2;SLAMF1;C5AR1	GLOM	GO_BP	no_proc_ieg	10098
GOBP_POSITIVE_REGULATION_OF_T_CELL_MEDIATED_IMMUNITY	1.8056191400053088	0.0	0.01680018073081717	26/53	PTPRC;MICB;CD1D;HLA-DRB1;GATA3;HLA-B;IL1R1;HLA-A;SASH3;HLA-F;TAP2;HLA-DRA;HLA-C;SLAMF1;TBX21;TRAF6;HLA-E;IL12A;IL1B;FADD;P2RX7;RSAD2;CD81;NLRP3;IL12RB1;IL18R1	GLOM	GO_BP	no_proc_ieg	10098
GOBP_MITOTIC_SPINDLE_ORGANIZATION	1.8043200131730226	0.0019305019305019305	0.016996457352100407	41/94	TACC3;AURKA;MAP1S;STIL;PRC1;RAB11A;AURKB;CCNB1;GNAI1;NUP62;PSRC1;PLK2;NDC80;DLGAP5;GPSM2;KIF4A;TPX2;VCP;CDC20;WRAP73;KIF11;EML3;KIF2A;TUBG1;TTK;SPAST;RHOA;BIRC5;DCTN1;FLNA;DCTN2;CHMP1A;INTS13;BORA;NEK2;RCC1;RACGAP1;SPC25;CENPE;KPNB1;PTPA	GLOM	GO_BP	no_proc_ieg	10098
GOBP_REGULATION_OF_T_CELL_ACTIVATION	1.804034313107402	0.0	0.0169787881041534	100/285	PYCARD;HLX;HLA-DMB;CD300A;TNFRSF1B;CCL5;LILRB2;CSK;FGL2;TNFRSF14;IDO1;BID;PTPN6;PTPRC;RAG1;RAC2;HLA-DQB1;SOX12;BTN2A2;CD1D;SOX4;HLA-DRB1;ASCL2;DUSP22;HLA-DMA;SMARCD2;GATA3;LAPTM5;CCR2;NCKAP1L;EBI3;HLA-A;SASH3;MDK;NOD2;CD86;SYK;CORO1A;TNFSF14;SCRIB;LILRB4;SMARCE1;HLA-DRA;PTPN2;ANXA1;VAV1;LRRC32;SLAMF1;ADA;TBX21;RUNX3;LGALS1;HLA-DPB1;VSIG4;IRF1;TRAF6;FCHO1;KITLG;LCK;RC3H2;SMARCC2;CD4;CCL19;CD2;HLA-E;AMBRA1;HLA-DPA1;IL7;CRTAM;TGFBR2;CYP26B1;TGFB1;HLA-DQB2;EFNB2;PTPN22;TOX;DROSHA;IL12A;IL1B;CYLD;SMARCD3;FADD;CD74;RHOA;SMAD7;EFNB1;SMARCB1;CD47;SPN;TNFRSF21;FLOT2;HLA-DQA1;HLA-DOA;CD81;NLRP3;IL12RB1;CD27;IL15;TREX1;CD80	GLOM	GO_BP	no_proc_ieg	10098
GOBP_ENDODERM_FORMATION	1.8013146133553168	0.0	0.017323780500215026	13/44	ITGB2;MAP2K1;MACROH2A1;FN1;SOX17;ITGA4;COL5A2;PAF1;ITGA7;COL6A1;MMP2;COL11A1;COL5A1	GLOM	GO_BP	no_proc_ieg	10098
GOBP_POSITIVE_REGULATION_OF_PHAGOCYTOSIS	1.7976352283374715	0.001937984496124031	0.01805848355395415	21/53	PYCARD;DOCK2;CD36;PTPRC;FCGR2B;FCER1G;ABCA7;FCN1;NCKAP1L;NOD2;TREM2;IL2RB;RAB31;C3;BTK;PTX3;FCN3;CLEC7A;GATA2;CYBA;CFP	GLOM	GO_BP	no_proc_ieg	10098
GOBP_REGULATION_OF_HEMOPOIESIS	1.797522582349568	0.0	0.017977022199336966	88/288	HCLS1;TYROBP;HLX;RASSF2;PPP2R3C;TCIM;LILRB2;LTF;FGL2;PTPN6;PTPRC;PIAS3;ISG15;RAG1;MEF2C;ETS1;SOX12;BTN2A2;FCGR2B;SOX4;HLA-DRB1;ASCL2;SMARCD2;GATA3;HLA-B;INPP5D;CCR1;CCR2;HOXB8;NCKAP1L;SASH3;MDK;CD86;SYK;TLR4;CEBPA;LILRB4;EVI2B;SMARCE1;HLA-DRA;TREM2;SNAI2;PTPN2;MAPK11;TESC;PAF1;ANXA1;ADA;CASP8;TBX21;RUNX3;LGALS1;IRF1;TRAF6;KITLG;CEACAM1;DDRGK1;RC3H2;BTK;IRF7;SMARCC2;CD4;CCL19;CD2;CDK6;SPI1;AMBRA1;IL7;CRTAM;GATA2;KLF13;TGFBR2;CYP26B1;TGFB1;FBN1;SLAMF8;PTN;CREB1;BRPF1;TOX;DROSHA;CYLD;SMARCD3;FADD;MAFB;CD74;HMGB2;RHOA	GLOM	GO_BP	no_proc_ieg	10098
GOBP_SUBSTRATE_DEPENDENT_CELL_MIGRATION	1.796466827052451	0.01002004008016032	0.01803498902339119	8/20	VEGFC;PTPRC;CSPG4;FN1;SDCBP;SNAI2;NRP1;ITGB1BP1	GLOM	GO_BP	no_proc_ieg	10098
GOBP_MITOTIC_SISTER_CHROMATID_SEGREGATION	1.7932400445745613	0.0	0.018585977719611433	51/127	WAPL;SMC4;NSL1;PRC1;NUSAP1;ZWINT;RAB11A;AURKB;CEP55;CCNB1;LCMT1;NUP62;PSRC1;NDC80;DLGAP5;BUB1B;KIF4A;TPX2;CDT1;CDC20;CENPF;NCAPG;WRAP73;KIF11;SKA1;IK;SMARCA5;EML3;KIF2A;TUBG1;CDK1;XRCC3;UBE2C;SMC2;KIF14;NCAPH;TTK;KIF2C;RHOA;BIRC5;FLNA;DCTN2;VPS4A;CHMP1A;SPDL1;NEK2;RACGAP1;SPC25;NCAPH2;CENPE;KPNB1	GLOM	GO_BP	no_proc_ieg	10098
GOBP_FC_RECEPTOR_MEDIATED_STIMULATORY_SIGNALING_PATHWAY	1.7901353536242415	0.003838771593090211	0.019110615398927597	8/25	FGR;CSK;HCK;PTPRC;LIMK1;FCER1G;SYK;VAV1	GLOM	GO_BP	no_proc_ieg	10098
GOBP_EOSINOPHIL_MIGRATION	1.7877783025214897	0.008130081300813009	0.019477845496298173	6/18	CD300A;CCL5;CCL4;SCG2;CCL13;CCL18	GLOM	GO_BP	no_proc_ieg	10098
GOBP_REGULATION_OF_SYNCYTIUM_FORMATION_BY_PLASMA_MEMBRANE_FUSION	1.7877425202888484	0.0	0.019391632708961472	8/23	TYROBP;CD53;CAMK1;CXCL10;FLOT1;TNFSF14;TREM2;PLEKHO1	GLOM	GO_BP	no_proc_ieg	10098
GOBP_NEGATIVE_REGULATION_OF_INFLAMMATORY_RESPONSE	1.7840580429668629	0.0	0.020009311826802437	26/115	AOAH;FGR;TNFRSF1B;SYT11;IL10RA;CST7;HCK;PTPN6;PTPRC;ALOX5;WFDC1;FCGR2B;HLA-DRB1;GATA3;PLK2;EXTL3;MDK;MACIR;NOD2;SYK;TREM2;PTPN2;PBK;AHR;RPS19;ADA	GLOM	GO_BP	no_proc_ieg	10098
GOBP_TELOMERASE_RNA_LOCALIZATION	1.7840282170963027	0.010810810810810811	0.01992142908246187	8/17	NOP10;CCT8;NHP2;EXOSC10;CCT6A;CCT3;CCT4;RUVBL1	GLOM	GO_BP	no_proc_ieg	10098
GOBP_RESPONSE_TO_TYPE_II_INTERFERON	1.783680170884596	0.0	0.019901437767775126	32/78	CASP1;CCL5;GBP1;GBP2;TLR2;HCK;IFITM2;CD40;ACTR3;SP100;IFNGR2;IFITM1;IRF8;TLR4;PTPN2;TRIM21;IRF1;HLA-DPA1;STXBP1;GCH1;UBD;CALM1;CD58;NR1H3;CD74;PPARG;FLNB;RPL13A;CD47;TLR3;VIM;BST2	GLOM	GO_BP	no_proc_ieg	10098
GOBP_REGULATION_OF_PRODUCTION_OF_MOLECULAR_MEDIATOR_OF_IMMUNE_RESPONSE	1.7820762730761905	0.0	0.02013329691629027	67/145	PYCARD;MYD88;UBE2J1;TLR7;TNFRSF1B;TWIST1;IL27RA;TNFRSF14;CD36;PTPRC;GPRC5B;CD40;FCGR2B;GATA3;LAPTM5;IL1R1;CCR2;HLA-A;SASH3;SPON2;NOD2;CD86;SYK;TLR4;HLA-F;CARD9;LILRB4;TRPM4;SLAMF1;TBX21;RIGI;TRAF6;BTK;TNFRSF4;HLA-E;CLEC7A;CD244;CD96;LITAF;TGFB1;EPHB2;PKN1;IL1B;PANX1;CD74;SMAD7;P2RX7;TGFB2;TICAM1;TLR3;BST2;RSAD2;CD81;NLRP3;IL33;IRF5;IL18R1;TREX1;CUEDC2;IL4R;FFAR2;KMT5B;MLH1;LILRB1;TRAF2;DDX21;TRIL	GLOM	GO_BP	no_proc_ieg	10098
GOBP_POSITIVE_REGULATION_OF_ADAPTIVE_IMMUNE_RESPONSE	1.7784446385530681	0.0	0.020843602534069288	30/93	PYCARD;IL27RA;PTPRC;MICB;CD40;CD1D;HLA-DRB1;GATA3;HLA-B;IL1R1;CCR2;HLA-A;SASH3;NOD2;HLA-F;CARD9;TAP2;HLA-DRA;TREM2;HLA-C;SLAMF1;ADA;TBX21;PLA2G4A;C3;TRAF6;BTK;CD4;HLA-E;CLEC7A	GLOM	GO_BP	no_proc_ieg	10098
GOBP_NEGATIVE_REGULATION_OF_CHROMOSOME_SEGREGATION	1.7782491306661534	0.0	0.020799317672889995	28/37	ZWINT;AURKB;CCNB1;LCMT1;CHFR;NDC80;BUB1B;CDC20;CENPF;IK;XRCC3;TTK;BIRC5;SPDL1;SPC25;KNTC1;ZWILCH;ZNF207;ANAPC15;BUB3;MAD2L1;CDCA8;ZW10;BUB1;FBXO5;PSMG2;INCENP;KLHL22	GLOM	GO_BP	no_proc_ieg	10098
GOBP_REGULATION_OF_B_CELL_PROLIFERATION	1.7773956120341434	0.0	0.020826359515494716	23/48	TYROBP;CD300A;PTPRC;CD40;MEF2C;FCGR2B;CD38;INPP5D;NCKAP1L;SASH3;TLR4;AHR;ADA;BTK;TNFRSF4;IL7;EPHB2;MNDA;PKN1;CD74;TICAM1;TNFRSF21;CD81	GLOM	GO_BP	no_proc_ieg	10098
GOBP_POSITIVE_REGULATION_OF_CHROMOSOME_SEPARATION	1.7749542281105537	0.0019801980198019802	0.021352422054385613	9/21	SMC4;AURKB;DLGAP5;CDC20;NCAPG;UBE2C;SMC2;NCAPH;BIRC5	GLOM	GO_BP	no_proc_ieg	10098
GOBP_LYMPHOCYTE_CHEMOTAXIS	1.7717430635597604	0.0019083969465648854	0.02202937671275043	19/27	CCL5;CCL4;ADAM10;CXCL10;CKLF;CCR2;STK39;TNFSF14;CXCL11;CH25H;PLEC;PIK3CG;PIK3CD;GAS6;GPR183;CCL7;ADAM17;CX3CL1;CXCL13	GLOM	GO_BP	no_proc_ieg	10098
GOBP_POSITIVE_REGULATION_OF_MYELOID_LEUKOCYTE_MEDIATED_IMMUNITY	1.7692248468566116	0.00408997955010225	0.022470358672364455	9/15	TYROBP;ITGB2;ITGAM;C3;PTAFR;RIGI;BTK;HLA-E;SPI1	GLOM	GO_BP	no_proc_ieg	10098
GOBP_CANONICAL_NF_KAPPAB_SIGNAL_TRANSDUCTION	1.768823823850126	0.0	0.022444677726968655	68/206	CX3CR1;PYCARD;MYD88;RASSF2;CASP1;TLR7;HTR2B;LTF;TLR2;TNFSF10;CD36;GPRC5B;RBCK1;CD40;ECT2;TLR8;TRIM5;TNIP2;CARD8;HLA-DRB1;S100A4;NKIRAS2;NUP62;LTB;PRDX4;PLK2;FLOT1;HDAC1;NOD2;TLR4;CARD9;LILRB4;TREM2;GOLT1B;SECTM1;PRKCB;CASP8;ECM1;TRIM21;LGALS1;CCDC22;TRAF6;DDRGK1;TNIP1;CD4;CCL19;TRADD;IKBKE;CLEC7A;APOL3;LITAF;TGFB1;UBD;RHOC;TRIM25;IL1B;IRAK4;FADD;CD74;RHOA;RBX1;FLNA;CANT1;LTBR;TRIM22;NFKB1;TICAM1;TLR3	GLOM	GO_BP	no_proc_ieg	10098
GOBP_RESPONSE_TO_TYPE_I_INTERFERON	1.7687309357531042	0.0	0.022364737324512447	26/60	MYD88;OAS2;PTPN6;IFITM2;ISG15;ADAR;SP100;OAS3;IFITM1;IFNAR1;OAS1;PTPN2;MX1;IRF7;CH25H;IKBKE;IFIH1;IFI27;SHMT2;SAMHD1;FADD;YTHDF2;HDAC4;IFIT1;IRAK1;TREX1	GLOM	GO_BP	no_proc_ieg	10098
GOBP_GRANULOCYTE_MIGRATION	1.7675497825497448	0.0	0.022537011489655843	43/115	MYD88;ITGB2;CD300A;CCL5;CCL4;RAC2;CSF1R;MAPK1;FUT4;FCER1G;C3AR1;CXCL6;CXCL10;CKLF;IL1R1;NCKAP1L;SCG2;MDK;NOD2;SYK;CCL13;PECAM1;CCL18;ANXA1;VAV1;SLAMF1;EMP2;C5AR1;ADGRE2;CXCL11;CCL19;PIP5K1C;PPIB;DNM1L;SLAMF8;CCL8;IL1B;IRAK4;CD74;TGFB2;PIK3CG;C5AR2;CXCL9	GLOM	GO_BP	no_proc_ieg	10098
GOBP_POSITIVE_REGULATION_OF_LEUKOCYTE_CHEMOTAXIS	1.7672209431226322	0.0	0.02251137631526839	19/71	CX3CR1;CCL5;VEGFC;CCL4;RAC2;CSF1R;MAPK1;ADAM10;C3AR1;CXCL10;CCR1;CCR2;NCKAP1L;MDK;STK39;TNFSF14;PLA2G7;SLAMF1;C5AR1	GLOM	GO_BP	no_proc_ieg	10098
GOBP_CYTOKINE_PRODUCTION_INVOLVED_IN_INFLAMMATORY_RESPONSE	1.7652684389169286	0.0	0.022857473275358496	15/46	PYCARD;MYD88;ALOX5;ADCY7;EXTL3;MACIR;NOD2;TLR4;CARD9;LILRB4;TREM2;EZH2;IL17B;CLEC7A;EPHB2	GLOM	GO_BP	no_proc_ieg	10098
GOBP_SISTER_CHROMATID_SEGREGATION	1.7620017582743226	0.0	0.023497428905702843	61/156	TACC3;WAPL;SMC4;NSL1;PRC1;NUSAP1;ZWINT;RAB11A;AURKB;CEP55;CCNB1;LCMT1;NUP62;PSRC1;SMARCD2;CHFR;NDC80;SMARCE1;DLGAP5;BUB1B;KIF4A;TPX2;CDT1;CDC20;TOP2A;CENPF;NCAPG;WRAP73;SMARCC2;KIF11;SKA1;IK;SMARCA5;EML3;KIF2A;TUBG1;CDK1;XRCC3;UBE2C;SMC2;KIF14;NCAPH;TTK;SMARCD3;KIF2C;RHOA;BIRC5;CDC27;FLNA;SMARCB1;DCTN2;VPS4A;CHMP1A;SPDL1;NEK2;RACGAP1;SPC25;NCAPH2;CENPE;KPNB1;CDC6	GLOM	GO_BP	no_proc_ieg	10098
GOBP_MYELOID_LEUKOCYTE_MIGRATION	1.7611705977490721	0.0	0.023598787542331853	42/172	CX3CR1;MYD88;ITGB2;CD300A;CCL5;VEGFC;CCL4;RAC2;CSF1R;MAPK1;FUT4;RIN3;FCER1G;PDGFB;C3AR1;CXCL6;CXCL10;CKLF;CCR1;IL1R1;CCR2;NCKAP1L;SCG2;MDK;NOD2;EMILIN1;SYK;CCL13;PECAM1;PLA2G7;TREM2;CCL18;ANXA1;VAV1;SLAMF1;MMP2;EMP2;C5AR1;RPS19;ADGRE2;FOLR2;NUP85	GLOM	GO_BP	no_proc_ieg	10098
GOBP_T_CELL_CYTOKINE_PRODUCTION	1.7608418450338092	0.0018975332068311196	0.023568999833939532	18/35	TNFRSF1B;GATA3;IL1R1;CCR2;HLA-A;SASH3;HLA-F;LILRB4;TRPM4;SLAMF1;TBX21;TRAF6;IL1B;SMAD7;RSAD2;CD81;NLRP3;IL18R1	GLOM	GO_BP	no_proc_ieg	10098
GOBP_NEGATIVE_REGULATION_OF_PHAGOCYTOSIS	1.7603964850403444	0.010526315789473684	0.02361152851485966	8/15	CD300A;SYT11;CSK;TLR2;FCGR2B;SNX3;TGFB1;ATG3	GLOM	GO_BP	no_proc_ieg	10098
GOBP_POSITIVE_REGULATION_OF_PRODUCTION_OF_MOLECULAR_MEDIATOR_OF_IMMUNE_RESPONSE	1.758321929085279	0.0	0.024002877082344286	50/103	PYCARD;MYD88;TLR7;TNFRSF14;CD36;PTPRC;GPRC5B;CD40;GATA3;LAPTM5;IL1R1;HLA-A;SASH3;SPON2;NOD2;CD86;SYK;TLR4;HLA-F;CARD9;SLAMF1;TBX21;RIGI;TRAF6;BTK;TNFRSF4;HLA-E;CLEC7A;CD244;TGFB1;EPHB2;IL1B;PANX1;CD74;P2RX7;TICAM1;TLR3;RSAD2;CD81;NLRP3;IL33;IRF5;IL18R1;IL4R;FFAR2;KMT5B;MLH1;LILRB1;TRAF2;DDX21	GLOM	GO_BP	no_proc_ieg	10098
GOBP_SEMI_LUNAR_VALVE_DEVELOPMENT	1.7567419190691298	0.0056925996204933585	0.024281333776378835	13/29	TNFRSF1B;TWIST1;HEY2;CDH11;GATA3;EFNA1;EMILIN1;ADAMTS5;SNAI2;BMP2;HEY1;TGFBR2;TGFB1	GLOM	GO_BP	no_proc_ieg	10098
GOBP_CELL_ADHESION_MEDIATED_BY_INTEGRIN	1.7532355676405582	0.0	0.02501745728143136	23/69	ITGB2;CCL5;ITGAM;PTPN6;ITGAL;ITGA4;NCKAP1L;EFNA1;LPXN;EMILIN1;SYK;SNAI2;TESC;ITGA7;ADA;ITGB1BP1;EXT1;ITGA5;ITGAE;PLPP3;FBN1;PLAU;ITGB6	GLOM	GO_BP	no_proc_ieg	10098
GOBP_POSITIVE_REGULATION_OF_SYNCYTIUM_FORMATION_BY_PLASMA_MEMBRANE_FUSION	1.7496604378153653	0.003952569169960474	0.025728452251804115	6/20	TYROBP;CD53;CAMK1;FLOT1;TNFSF14;TREM2	GLOM	GO_BP	no_proc_ieg	10098
GOBP_REGULATION_OF_VASCULATURE_DEVELOPMENT	1.748075335180077	0.0	0.026061940000094194	78/221	CX3CR1;TWIST1;VASH1;VEGFC;FUT1;PTPN6;CD36;STAB1;CD40;ALOX5;ETS1;SP100;ADAM10;HTATIP2;C3AR1;CYBB;TGM2;CXCL10;PLK2;CCR2;EFNA1;MDK;WARS1;BRCA1;ADAM12;EMILIN1;KDR;TNFSF12;HHEX;CLIC3;GPR4;ADAMTS1;MYDGF;EMP2;C5AR1;PRKCB;ADGRA2;ACVRL1;ECM1;C3;JCAD;NRP1;ADGRB3;CEACAM1;PML;CD34;AGGF1;ITGA5;ENG;THBS2;GRN;APLNR;CXCR4;CDH5;RRAS;GATA2;ADGRB2;TGFBR2;SEMA3E;TGFB1;HK2;SERPINF1;GADD45A;RAMP2;ADM;IL1B;SPARC;PPARG;FOXJ2;ATP2B4;PTPRM;GREM1;FGF2;TGFB2;PIK3CG;TBXA2R;TLR3;FKBPL	GLOM	GO_BP	no_proc_ieg	10098
GOBP_POSITIVE_REGULATION_OF_VASCULATURE_DEVELOPMENT	1.7454910523327323	0.0	0.026608037105561238	41/128	CX3CR1;TWIST1;VEGFC;FUT1;CD40;ETS1;C3AR1;CYBB;TGM2;MDK;BRCA1;ADAM12;EMILIN1;KDR;TNFSF12;CLIC3;MYDGF;EMP2;C5AR1;PRKCB;ACVRL1;ECM1;C3;JCAD;NRP1;CD34;AGGF1;ITGA5;ENG;GRN;APLNR;CXCR4;CDH5;RRAS;GATA2;TGFBR2;TGFB1;HK2;RAMP2;ADM;IL1B	GLOM	GO_BP	no_proc_ieg	10098
GOBP_TYPE_2_IMMUNE_RESPONSE	1.7453234617081161	0.0038535645472061657	0.026538675846300406	11/34	HLX;IL27RA;IDO1;ASCL2;GATA3;CCR2;NOD2;CD86;ANXA1;ECM1;TBX21	GLOM	GO_BP	no_proc_ieg	10098
GOBP_BASEMENT_MEMBRANE_ORGANIZATION	1.7437557608229612	0.007827788649706457	0.026855331384479958	15/29	CTSS;NID2;COL3A1;COL4A1;RIC8A;COL6A1;CAV2;LAMC1;PHLDB1;EXT1;GAS2;LAMA2;PLOD3;RAMP2;NID1	GLOM	GO_BP	no_proc_ieg	10098
GOBP_PROTEIN_N_LINKED_GLYCOSYLATION_VIA_ASPARAGINE	1.7428260420327388	0.005917159763313609	0.02699362534908103	9/15	UBE2J1;DDOST;ALG8;UGGT1;MGAT2;RPN2;DAD1;ALG5;RPN1	GLOM	GO_BP	no_proc_ieg	10098
GOBP_REGULATION_OF_VIRAL_GENOME_REPLICATION	1.7423940555765542	0.0	0.026997217991603463	29/61	CCL5;LTF;ISG20;OAS2;IFITM2;ISG15;APOBEC3F;ADAR;OAS3;IFITM1;APOBEC3A;OAS1;APOBEC3G;TOP2A;MX1;TNIP1;IFI16;IFIH1;TARBP2;PPID;FAM111A;RNASEL;MORC2;BST2;IFIT1;RSAD2;VAPB;PPIE;NR5A2	GLOM	GO_BP	no_proc_ieg	10098
GOBP_INTEGRIN_MEDIATED_SIGNALING_PATHWAY	1.7396528572489562	0.0	0.027509883612736485	29/84	ITGB2;FGR;ITGAM;HCK;ISG15;COL3A1;ITGAL;ADAM10;FN1;ITGA4;SYK;ADAMTS1;ITGA7;VAV1;LAMC1;EMP2;TIMP1;NRP1;FYB1;CEACAM1;ITGB1BP1;PLEK;ITGA5;ITGAE;PLPP3;PTN;LAMA2;NID1;ITGB6	GLOM	GO_BP	no_proc_ieg	10098
GOBP_INTERLEUKIN_1_PRODUCTION	1.7392456800247227	0.0	0.027520466419350964	22/73	CX3CR1;TYROBP;PYCARD;MYD88;CASP1;CD36;TLR8;LILRA2;CARD8;LILRA5;NOD2;TLR4;LILRB4;TREM2;ANXA1;CASP8;CEACAM1;PML;CCL19;GSDMD;IFI16;CLEC7A	GLOM	GO_BP	no_proc_ieg	10098
GOBP_RESPONSE_TO_CHEMOKINE	1.7387151908842196	0.0	0.027567355384069177	20/77	CX3CR1;CCRL2;CCL5;ENTREP1;CCL4;CXCL6;GPR35;CXCL10;CCR1;CCR2;STK39;CCL13;TREM2;CCL18;CXCL11;ACKR1;CCL19;CXCR4;CCR10;CCR5	GLOM	GO_BP	no_proc_ieg	10098
GOBP_NEGATIVE_REGULATION_OF_T_CELL_RECEPTOR_SIGNALING_PATHWAY	1.7356090245414286	0.006160164271047228	0.028288919020795663	10/22	GBP1;PTPN6;BTN2A2;DUSP22;LAPTM5;LILRB4;PTPN2;CEACAM1;SH2D1A;PTPN22	GLOM	GO_BP	no_proc_ieg	10098
GOBP_CELLULAR_RESPONSE_TO_TYPE_II_INTERFERON	1.735308505991443	0.001996007984031936	0.028251096961970035	24/61	CASP1;CCL5;GBP1;GBP2;TLR2;HCK;ACTR3;SP100;IFNGR2;IRF8;TLR4;PTPN2;IRF1;HLA-DPA1;STXBP1;CALM1;CD58;NR1H3;PPARG;FLNB;RPL13A;CD47;TLR3;VIM	GLOM	GO_BP	no_proc_ieg	10098
GOBP_REGULATION_OF_CD8_POSITIVE_ALPHA_BETA_T_CELL_ACTIVATION	1.7326240272941686	0.003861003861003861	0.028883191803794107	10/15	NCKAP1L;HLA-A;LILRB4;RUNX3;IRF1;HLA-E;CRTAM;CBFB;SLC4A2;LILRB1	GLOM	GO_BP	no_proc_ieg	10098
GOBP_LEUKOCYTE_HOMEOSTASIS	1.7317712590275163	0.0038314176245210726	0.028977566633089216	29/73	LIPA;PPP2R3C;RAG1;MEF2C;CXCL6;CCR2;NCKAP1L;SASH3;SLC7A11;CORO1A;TNFSF14;SKIL;ANXA1;DOCK10;ADA;KITLG;RC3H2;BTK;CHST3;BAX;TGFB1;TNFRSF17;FAS;PKN1;FADD;CD74;CCNB2;PACS1;P2RX7	GLOM	GO_BP	no_proc_ieg	10098
GOBP_PHAGOSOME_MATURATION	1.7308508838201728	0.0019305019305019305	0.029075644550924287	11/18	SYT11;CORO1A;RAB31;RAB32;SLAMF8;MCOLN1;P2RX7;RAB38;SRPX;MREG;RAB7A	GLOM	GO_BP	no_proc_ieg	10098
GOBP_APOPTOTIC_CELL_CLEARANCE	1.728004692624501	0.001976284584980237	0.029812347896806774	14/32	TYROBP;CD36;SCARB1;ABCA7;TGM2;FCN1;CCR2;MFGE8;TREM2;ANXA1;C3;FCN3;MARCO;NR1H3	GLOM	GO_BP	no_proc_ieg	10098
GOBP_LYMPHOCYTE_HOMEOSTASIS	1.7278965950776157	0.0038684719535783366	0.029707313045552543	22/52	PPP2R3C;RAG1;MEF2C;NCKAP1L;SASH3;CORO1A;TNFSF14;SKIL;DOCK10;ADA;RC3H2;CHST3;BAX;TGFB1;TNFRSF17;FAS;PKN1;FADD;CD74;CCNB2;PACS1;P2RX7	GLOM	GO_BP	no_proc_ieg	10098
GOBP_NEGATIVE_REGULATION_OF_LEUKOCYTE_CELL_CELL_ADHESION	1.7272170100288138	0.0	0.029805748835433507	24/101	HLX;CD300A;LILRB2;FGL2;TNFRSF14;IDO1;PTPN6;BTN2A2;HLA-DRB1;ASCL2;DUSP22;LAPTM5;MDK;CD86;SCRIB;LILRB4;PTPN2;ANXA1;LRRC32;TBX21;RUNX3;VSIG4;IRF1;RC3H2	GLOM	GO_BP	no_proc_ieg	10098
GOBP_CYTOKINE_MEDIATED_SIGNALING_PATHWAY	1.7266451533705967	0.0	0.02985514284850682	97/356	CX3CR1;HCLS1;PYCARD;CCRL2;MYD88;CASP1;TNFRSF1B;CCL5;IL27RA;IL10RA;LILRB2;OAS2;TNFRSF14;ENTREP1;CCL4;HCK;PTPN6;PTPRC;IFITM2;PIAS3;ISG15;ADAR;CSF1R;TNIP2;LILRA2;SP100;CARD8;FCER1G;IFNGR2;LILRA5;PDGFB;OAS3;IFITM1;CXCL6;GPR35;NKIRAS2;IFNAR1;CXCL10;LAPTM5;CCR1;IL1R1;CCR2;EBI3;OAS1;STK39;SYK;IL21R;CCL13;CEBPA;LILRB4;LILRA1;TREM2;PTPN2;CCL18;IL2RB;CD44;CASP8;ECM1;IRF1;TRAF6;CASP4;CEACAM1;MX1;STAT4;TNFRSF4;CXCL11;IRF7;CD4;ACKR1;EXT1;CCL19;DOK1;PIAS4;TRADD;TRAIP;SPI1;CXCR4;IKBKE;IL7;IFIH1;CCR10;CCR5;IFI27;OSMR;TNFRSF17;FAS;IL12A;CCL8;CBL;NR1H3;IL1B;PLP2;SAMHD1;IRAK4;CYLD;FADD;CD74	GLOM	GO_BP	no_proc_ieg	10098
GOBP_B_CELL_ACTIVATION	1.726231813120373	0.0	0.029891037436455076	52/195	TYROBP;CD300A;IL27RA;PPP2R3C;PTPN6;PTPRC;RAG1;CD40;MEF2C;TNIP2;LAT2;FCGR2B;DCLRE1C;CD38;HDAC9;IRF8;LAPTM5;INPP5D;ITGA4;NCKAP1L;SASH3;NOD2;CD86;SYK;CD79B;TLR4;HHEX;PTPN2;LYL1;DOCK10;AHR;PRKCB;ADA;CASP8;TBX21;THEMIS2;LGALS1;EZH2;HDAC5;DDRGK1;BTK;TNFRSF4;PIK3R3;SPI1;IL7;BAX;ZBTB7A;TGFB1;SLAMF8;ERCC1;EPHB2;MNDA	GLOM	GO_BP	no_proc_ieg	10098
GOBP_LEUKOCYTE_CHEMOTAXIS	1.7253011550727353	0.0	0.03006596682213253	63/173	CX3CR1;ITGB2;CCL5;VEGFC;CCL4;RAC2;ALOX5;CSF1R;MAPK1;RIN3;ADAM10;FCER1G;PDGFB;C3AR1;CXCL6;CXCL10;CKLF;CCR1;CCR2;NCKAP1L;SCG2;MDK;NOD2;STK39;SYK;CORO1A;CCL13;TNFSF14;PLA2G7;CCL18;ANXA1;TRPM4;VAV1;SLAMF1;MMP2;C5AR1;RPS19;ADGRE2;FOLR2;NUP85;CXCL11;CCL19;CXCR4;CH25H;PIP5K1C;PPIB;DNM1L;CCR5;SLAMF8;PTN;IL12A;CCL8;IL1B;IL16;CD74;PLEC;RPL13A;GREM1;TGFB2;PIK3CG;C5AR2;CXCL9;CHGA	GLOM	GO_BP	no_proc_ieg	10098
GOBP_NUCLEAR_CHROMOSOME_SEGREGATION	1.7239432590233421	0.0	0.03035662472786958	74/200	TACC3;WAPL;AURKA;SMC4;NSL1;MAP1S;PRC1;NUSAP1;ZWINT;ECT2;RAB11A;AURKB;ACTR3;CEP55;CCNB1;P3H4;LCMT1;NUP62;PSRC1;SMARCD2;CHFR;NDC80;SMARCE1;DLGAP5;BUB1B;KIF4A;TPX2;CDT1;CDC20;TOP2A;CENPF;NCAPG;WRAP73;SMARCC2;KIF11;SKA1;PTEN;IK;NDC1;SMARCA5;EML3;KIF2A;TUBG1;CDK1;XRCC3;ASPM;CCNE1;UBE2C;SMC2;KIF14;NCAPH;TTK;SMARCD3;KIF2C;RHOA;BIRC5;CCNB2;PTTG1;CDC27;FLNA;SMARCB1;DCTN2;VPS4A;CHMP1A;SPDL1;NEK2;RACGAP1;SPC25;GEM;NCAPH2;CCNE2;CENPE;KPNB1;CDC6	GLOM	GO_BP	no_proc_ieg	10098
GOBP_GLYCOPROTEIN_METABOLIC_PROCESS	1.721789702044362	0.0	0.030925819845898286	84/241	MAN2B1;UBE2J1;GALNT1;SLC35C1;POGLUT2;FUT1;DSE;HPSE;C1GALT1C1;FUT4;CHPF2;CHST15;SOAT1;CHST11;ABCA7;ST8SIA4;EXTL3;GPC1;IDS;CSGALNACT1;DDOST;SRD5A3;DPY19L1;B4GALT7;GLB1;BMP2;COL11A1;ST8SIA1;ITM2C;DOLK;ALG8;B4GALT5;BTK;UGGT1;TNIP1;GAL3ST4;HS3ST2;PTX3;EXT1;CCL19;MGAT2;MOGS;CHST3;MAN1B1;ST6GALNAC4;TRAK1;ST3GAL2;PLOD1;NDST2;GALNT2;HEXB;SERP1;FKTN;RPN2;DPM2;PLOD3;GMPPB;EXTL2;B3GAT3;GALNT6;RAMP1;MGAT4B;GALNT7;GUSB;DPM3;GALNT10;GFPT1;CANT1;PLOD2;DAD1;CST3;ALG5;SLC35D2;DPAGT1;ALG9;BMPR2;ST3GAL1;IL33;EXT2;IL15;ENGASE;TREX1;ALG3;NDST1	GLOM	GO_BP	no_proc_ieg	10098
GOBP_CHROMOSOME_SEGREGATION	1.7209021467455843	0.0	0.031030180129374266	94/264	UBE2I;TACC3;WAPL;AURKA;SMC4;CCDC69;NSL1;MAP1S;STIL;PRC1;NUSAP1;ZWINT;ECT2;RAB11A;AURKB;ACTR3;CEP55;CCNB1;P3H4;LCMT1;NUP62;PSRC1;SMARCD2;CENPU;NR3C1;BRCA1;CHFR;CTCF;NDC80;SMARCE1;DLGAP5;BUB1B;GPSM2;KIF4A;TPX2;CDT1;CDC20;TOP2A;CENPF;NCAPG;WRAP73;CENPX;SMARCC2;TUBGCP5;KIF11;SKA1;PTEN;SAC3D1;IK;CENPM;NDC1;CSNK2A2;SMARCA5;EML3;KIF2A;TUBG1;CDK1;XRCC3;MAPRE2;ASPM;CCNE1;UBE2C;SMC2;KIF14;NUP37;NCAPH;TTK;SMARCD3;KIF2C;RHOA;BIRC5;CCNB2;PTTG1;CDC27;FLNA;SMARCB1;MMS19;DCTN2;VPS4A;CHMP1A;NDE1;SPDL1;NEK2;RCC1;TUBB;CSNK1D;RACGAP1;SPC25;GEM;NCAPH2;CCNE2;CENPE;KPNB1;CDC6	GLOM	GO_BP	no_proc_ieg	10098
GOBP_REGULATION_OF_NATURAL_KILLER_CELL_MEDIATED_IMMUNITY	1.7189419750177513	0.01026694045174538	0.03156239986973904	14/31	KLRD1;HLA-B;HLA-A;HLA-F;VAV1;GFER;CEACAM1;HLA-E;SH2D1A;CD96;CRTAM;TGFB1;IL12A;KLRB1	GLOM	GO_BP	no_proc_ieg	10098
GOBP_NEGATIVE_REGULATION_OF_TYPE_I_INTERFERON_PRODUCTION	1.7186228671165695	0.003992015968063872	0.031543955897234015	5/33	TYROBP;NMI;PYCARD;RNF125;TRIM27	GLOM	GO_BP	no_proc_ieg	10098
GOBP_DNA_TEMPLATED_DNA_REPLICATION	1.7169911330730465	0.0	0.03195104271596199	50/112	ORC6;GINS2;TK1;PCNA;CARM1;DSCC1;POLE3;MCM5;BRCA1;RAD51;NYNRIN;CDC34;CDT1;CENPX;CDK2AP1;TRAIP;WDHD1;POLD4;RFC5;RPA1;HMGA1;CCNE1;SAMHD1;FAM111A;BAZ1A;MUS81;TWNK;RFC4;MCMBP;RRM1;DBF4;RFC2;MCM2;PRIM1;BRCA2;SMARCAL1;GINS4;PURA;SETMAR;CCNE2;E2F8;CDC6;UPF1;POLB;ZPR1;TONSL;WDR18;ORC5;LIG3;RTF2	GLOM	GO_BP	no_proc_ieg	10098
GOBP_ACUTE_INFLAMMATORY_RESPONSE_TO_ANTIGENIC_STIMULUS	1.7160336580121747	0.005917159763313609	0.03210500801583561	8/17	FCGR2B;C3;BTK;NPY5R;EXT1;HLA-E;A2M;SPN	GLOM	GO_BP	no_proc_ieg	10098
GOBP_FC_RECEPTOR_SIGNALING_PATHWAY	1.7137979438390585	0.005836575875486381	0.032667309237593874	13/41	FGR;CD247;HCK;LIMK1;FCGR2B;FCER1G;MAP3K1;SYK;FCMR;VAV1;TRAF6;LCK;BTK	GLOM	GO_BP	no_proc_ieg	10098
GOBP_ALPHA_BETA_T_CELL_ACTIVATION	1.7128646027560708	0.001941747572815534	0.03279217518696612	53/123	HLX;CD300A;DOCK2;NKG7;TNFRSF14;CD247;PTPRC;CD3D;KLRF1;HLA-DRB1;ASCL2;GATA3;CCR2;NCKAP1L;EBI3;HLA-A;SASH3;CD86;SYK;LILRB4;HLA-DRA;ANXA1;ADA;TBX21;RUNX3;IRF1;RC3H2;STAT4;ENTPD7;CCL19;HLA-E;CRTAM;TGFBR2;TOX;IL12A;RHOA;SMAD7;TRAC;SPN;RSAD2;CD81;NLRP3;IL12RB1;IL18R1;IL15;CD80;IL4R;CBFB;SLC4A2;IL2RG;LILRB1;ITK;LEF1	GLOM	GO_BP	no_proc_ieg	10098
GOBP_TOLL_LIKE_RECEPTOR_4_SIGNALING_PATHWAY	1.7123881691435676	0.002070393374741201	0.032844873458181954	12/37	NMI;MYD88;LTF;CD14;LILRA2;FLOT1;OAS1;TLR4;TREM2;LY96;IFI35;TRAF6	GLOM	GO_BP	no_proc_ieg	10098
GOBP_CYTOKINETIC_PROCESS	1.709706270310185	0.012145748987854251	0.033631843036992196	15/26	ECT2;RAB11A;AURKB;CEP55;ANXA11;NUP62;KIF20B;KIF20A;IQGAP1;SPAST;RHOA;PLEC;VPS4A;CHMP1A;RACGAP1	GLOM	GO_BP	no_proc_ieg	10098
GOBP_CELLULAR_RESPONSE_TO_VIRUS	1.7091353311296662	0.004	0.03375171222648566	21/51	TLR7;CCL5;ADAR;IFNGR2;IFNAR1;CXCL10;OAS1;LGALS8;MAPK11;IFI6;EXT1;CCL19;IKBKE;BAX;IFIH1;TGFB1;IL12A;NFKB1;TLR3;NLRP3;IRF5	GLOM	GO_BP	no_proc_ieg	10098
GOBP_MITOTIC_SISTER_CHROMATID_SEPARATION	1.708566281882057	0.006	0.03379196932506086	31/45	ZWINT;AURKB;CCNB1;LCMT1;NDC80;DLGAP5;BUB1B;CDC20;CENPF;IK;XRCC3;UBE2C;TTK;BIRC5;SPDL1;SPC25;NCAPH2;KNTC1;ZWILCH;ZNF207;ANAPC15;BUB3;MAD2L1;RB1;CDCA8;ZW10;BUB1;FBXO5;PSMG2;INCENP;KLHL22	GLOM	GO_BP	no_proc_ieg	10098
GOBP_THYMIC_T_CELL_SELECTION	1.7077954400101516	0.0099601593625498	0.03390622967581123	6/20	DOCK2;PTPRC;CD3D;GATA3;PTPN2;JAG2	GLOM	GO_BP	no_proc_ieg	10098
GOBP_POSITIVE_REGULATION_OF_B_CELL_ACTIVATION	1.702067612167057	0.005952380952380952	0.03556188173095692	21/57	PPP2R3C;PTPRC;CD40;MEF2C;TNIP2;CD38;INPP5D;NCKAP1L;SASH3;NOD2;SYK;TLR4;ADA;TBX21;DDRGK1;BTK;TNFRSF4;SPI1;IL7;TGFB1;EPHB2	GLOM	GO_BP	no_proc_ieg	10098
GOBP_NEGATIVE_REGULATION_OF_INTERLEUKIN_6_PRODUCTION	1.7015880462090058	0.005847953216374269	0.035619624822036844	10/34	IL27RA;SYT11;CSK;PTPN6;ARRB1;INPP5D;NCKAP1L;TLR4;LILRB4;SLAMF1	GLOM	GO_BP	no_proc_ieg	10098
GOBP_NEGATIVE_REGULATION_OF_CD4_POSITIVE_ALPHA_BETA_T_CELL_DIFFERENTIATION	1.6978348316832255	0.007984031936127744	0.036705734234728817	9/16	HLX;ASCL2;ANXA1;TBX21;RUNX3;RC3H2;SMAD7;IL4R;CBFB	GLOM	GO_BP	no_proc_ieg	10098
GOBP_POSITIVE_REGULATION_OF_MACROPHAGE_CHEMOTAXIS	1.6977112283375648	0.008016032064128256	0.03662465047225369	7/16	CCL5;CSF1R;MAPK1;C3AR1;MDK;SLAMF1;C5AR1	GLOM	GO_BP	no_proc_ieg	10098
GOBP_MICROTUBULE_CYTOSKELETON_ORGANIZATION_INVOLVED_IN_MITOSIS	1.696612637234762	0.001941747572815534	0.036860275318593906	52/117	TACC3;AURKA;MAP1S;STIL;PRC1;NUSAP1;RAB11A;AURKB;CCNB1;GNAI1;NUP62;PSRC1;PLK2;HTT;NDC80;DLGAP5;GPSM2;KIF4A;TPX2;VCP;CDC20;WRAP73;KIF11;EML3;KIF2A;TUBG1;CDK1;TTK;SPAST;RHOA;BIRC5;CENPA;DCTN1;FLNA;DCTN2;CHMP1A;NDE1;INTS13;SPDL1;BORA;NEK2;RCC1;RACGAP1;SPC25;CENPE;KPNB1;PTPA;DYNLT1;MAPRE1;WDR62;CHMP2A;MAP4	GLOM	GO_BP	no_proc_ieg	10098
GOBP_REGULATION_OF_ALPHA_BETA_T_CELL_ACTIVATION	1.6961878798747623	0.0019342359767891683	0.036859981636961865	38/82	HLX;CD300A;TNFRSF14;PTPRC;HLA-DRB1;ASCL2;GATA3;CCR2;NCKAP1L;EBI3;HLA-A;SASH3;CD86;SYK;LILRB4;HLA-DRA;ANXA1;ADA;TBX21;RUNX3;IRF1;RC3H2;CCL19;HLA-E;CRTAM;TGFBR2;IL12A;RHOA;SMAD7;CD81;NLRP3;IL12RB1;CD80;IL4R;CBFB;SLC4A2;IL2RG;LILRB1	GLOM	GO_BP	no_proc_ieg	10098
GOBP_MYELOID_LEUKOCYTE_DIFFERENTIATION	1.6961071417590148	0.0	0.03676312501062707	65/172	HCLS1;TYROBP;MYD88;RASSF2;LTF;TLR2;PIAS3;CSF1R;UCP2;THOC5;HLA-DRB1;GATA3;INPP5D;CCR1;NR3C1;TLR4;CEBPA;LILRB4;EVI2B;TREM2;PTPN2;TESC;OSTM1;CASP8;BMP2;CBFA2T3;TRAF6;KITLG;CEACAM1;IRF7;SH3PXD2A;CD4;CCL19;CDK6;IFI16;SPI1;GATA2;TGFBR2;TGFB1;FBN1;UBD;CREB1;APP;ITGB6;FADD;VPS54;MAFB;CD74;PPARG;CCN4;LTBR;TNFRSF11B;TLR3;LBR;CD81;IL33;IL15;STAT5A;SLC4A2;ATP6AP1;PIK3CD;FARP2;LILRB1;LEF1;GPR68	GLOM	GO_BP	no_proc_ieg	10098
GOBP_VIRAL_GENOME_REPLICATION	1.6940695131013084	0.005714285714285714	0.03738458893934103	40/90	CCL5;LTF;ISG20;OAS2;IFITM2;ISG15;APOBEC3F;ADAR;OAS3;IFITM1;APOBEC3A;CCNK;OAS1;APOBEC3G;STOM;VCP;TOP2A;MX1;TNIP1;PCBP1;IFI16;PPIB;IFIH1;TARBP2;IFI27;PPID;CCL8;FAM111A;SMARCB1;RNASEL;MORC2;BST2;IFIT1;RSAD2;CTBP2;VAPB;PPIE;NR5A2;GAS6;TRIM28	GLOM	GO_BP	no_proc_ieg	10098
GOBP_NEGATIVE_REGULATION_OF_CALCIUM_MEDIATED_SIGNALING	1.6900051056162224	0.01609657947686117	0.03866871312493846	4/17	DYRK2;HOMER3;MYOZ2;FKBP1B	GLOM	GO_BP	no_proc_ieg	10098
GOBP_RECEPTOR_CLUSTERING	1.6893468042602338	0.001968503937007874	0.038753514936779754	16/44	CD53;ITGB2;ITGAL;ITGA4;CDK5;RER1;FNTA;SLC7A11;SCRIB;LRP4;FARP1;ITGB1BP1;GLRB;PTN;SSNA1;DLG4	GLOM	GO_BP	no_proc_ieg	10098
GOBP_INTERSTRAND_CROSS_LINK_REPAIR	1.6883102301919342	0.011673151750972763	0.038972566347760015	12/27	RAD51AP1;DCLRE1C;EXO5;FANCG;RAD51;FANCI;FANCF;VCP;CENPX;FAAP100;XRCC3;ERCC1	GLOM	GO_BP	no_proc_ieg	10098
GOBP_POSITIVE_REGULATION_OF_CELL_ADHESION	1.6874512293755226	0.0	0.03918611199769225	152/367	PYCARD;ITGB2;HLX;HLA-DMB;CCL5;LILRB2;CSK;TNFRSF14;FUT1;PTPN6;CD36;PTPRC;RAG1;ALOX5;ARPC2;ETS1;FUT4;HLA-DQB1;SOX12;BTN2A2;MAP4K4;CD1D;SOX4;BAG4;HLA-DRB1;PDGFB;FN1;HLA-DMA;SMARCD2;GATA3;TGM2;CCR2;ITGA4;NCKAP1L;EBI3;HLA-A;SASH3;MDK;FLOT1;APBB1IP;NOD2;EMILIN1;CD86;SYK;CORO1A;SELE;TNFSF14;KDR;LILRB4;SMARCE1;HLA-DRA;HSD17B12;ANXA1;VAV1;LAMC1;SLAMF1;EMP2;CD44;ADA;PTAFR;RUNX3;LGALS1;NRP1;HLA-DPB1;TRAF6;FCHO1;KITLG;LCK;AGR2;SMARCC2;CD4;ITGB1BP1;CCL19;S100A10;ITGA5;CDK6;HLA-E;GFUS;AMBRA1;HLA-DPA1;IL7;RRAS;PLPP3;F11R;TGFBR2;TGFB1;HLA-DQB2;LAMA2;EFNB2;NID1;IL12A;PLAUR;CYTH3;KIF26B;IL1B;PDPN;EFEMP2;CYLD;SMARCD3;FADD;CD74;RHOA;SMAD7;EFNB1;FLNA;SMARCB1;MAGI1;TGFB2;CD47;SPN;GSK3B;FLOT2;HLA-DQA1;HLA-DOA;CD81;IRAK1;NLRP3;WNT4;IL12RB1;CD27;IL15;CD80;DAG1;IL7R;CRK;IL4R;LIMS2;CBFB;P4HB;STK4;IL2RG;LILRB1;LEF1;RHOD;PDCD1LG2;LAMB2;ITGA2;ITGA3;EFNB3;CAV1;SIRPG;BRD4;CYRIB;RELA;ABL1;MYO10;CD55;MMRN1;PIEZO1;CARMIL1;ACTB;ICOS	GLOM	GO_BP	no_proc_ieg	10098
GOBP_GLYCOPROTEIN_BIOSYNTHETIC_PROCESS	1.686889219096709	0.0	0.03926424834627609	71/201	UBE2J1;GALNT1;SLC35C1;POGLUT2;FUT1;DSE;C1GALT1C1;FUT4;CHPF2;CHST15;SOAT1;CHST11;ABCA7;ST8SIA4;EXTL3;CSGALNACT1;DDOST;SRD5A3;DPY19L1;B4GALT7;ST8SIA1;ITM2C;DOLK;ALG8;B4GALT5;UGGT1;TNIP1;GAL3ST4;HS3ST2;EXT1;CCL19;MGAT2;MOGS;CHST3;MAN1B1;ST6GALNAC4;TRAK1;ST3GAL2;PLOD1;NDST2;GALNT2;SERP1;FKTN;RPN2;DPM2;PLOD3;GMPPB;EXTL2;B3GAT3;GALNT6;RAMP1;MGAT4B;GALNT7;DPM3;GALNT10;GFPT1;CANT1;PLOD2;DAD1;ALG5;SLC35D2;DPAGT1;ALG9;BMPR2;ST3GAL1;IL33;EXT2;IL15;TREX1;ALG3;NDST1	GLOM	GO_BP	no_proc_ieg	10098
GOBP_ACTIVATED_T_CELL_PROLIFERATION	1.6863524280082907	0.009596928982725527	0.039357531928934424	8/31	PYCARD;IDO1;BTN3A1;BTN2A2;SCRIB;LILRB4;LRRC32;SLAMF1	GLOM	GO_BP	no_proc_ieg	10098
GOBP_GLYCOSYLATION	1.6856502491506034	0.0018796992481203006	0.039477535109451505	51/147	UBE2J1;GALNT1;SLC35C1;POGLUT2;FUT1;C1GALT1C1;FUT4;ST8SIA4;EXTL3;DDOST;SRD5A3;DPY19L1;B4GALT7;ST8SIA1;DOLK;ALG8;B4GALT5;NANS;UGGT1;EXT1;MGAT2;MOGS;MAN1B1;ST6GALNAC4;TRAK1;ST3GAL2;PLOD1;GALNT2;SERP1;FKTN;RPN2;DPM2;PLOD3;GMPPB;B3GAT3;GALNT6;RAMP1;MGAT4B;GALNT7;DPM3;GALNT10;GFPT1;PLOD2;DAD1;ALG5;DPAGT1;ALG9;ST3GAL1;EXT2;IL15;ALG3	GLOM	GO_BP	no_proc_ieg	10098
GOBP_COLLAGEN_FIBRIL_ORGANIZATION	1.6852884724921493	0.004149377593360996	0.039471997367746196	22/44	COL3A1;COL1A2;P3H4;COL5A2;EMILIN1;SERPINH1;AEBP1;COL6A1;COL11A1;COL5A1;COMP;COL1A1;EXT1;CRTAP;COLGALT1;PLOD3;COLGALT2;EFEMP2;ADAMTS3;GREM1;TGFB2;MMP11	GLOM	GO_BP	no_proc_ieg	10098
GOBP_LEUKOCYTE_DIFFERENTIATION	1.682980962637079	0.0	0.040087834408118465	125/443	HCLS1;TYROBP;MYD88;HLX;RASSF2;DOCK2;LIPA;PPP2R3C;LILRB2;LTF;FGL2;TLR2;PTPN6;PTPRC;PIAS3;RAG1;CD3D;CSF1R;SOX12;BTN2A2;CD1D;UCP2;THOC5;FCGR2B;SOX4;FCER1G;HLA-DRB1;ASCL2;DCLRE1C;HDAC9;SMARCD2;IRF8;GATA3;HLA-B;INPP5D;CCR1;CCR2;ITGA4;NCKAP1L;SASH3;NR3C1;MDK;IKZF1;CD86;SYK;CD79B;TLR4;CEBPA;HHEX;LILRB4;EVI2B;SMARCE1;HLA-DRA;TREM2;PTPN2;TESC;JAG2;ANXA1;CD8A;OSTM1;LYL1;VAV1;DOCK10;SLAMF1;ADA;CASP8;BMP2;TBX21;RUNX3;LGALS1;CBFA2T3;PKNOX1;EZH2;PBX1;IRF1;TRAF6;KITLG;HDAC5;CEACAM1;LCK;DDRGK1;RC3H2;BTK;STAT4;ENTPD7;IRF7;PIK3R3;SH3PXD2A;SMARCC2;CD4;CCL19;CD2;CDK6;IFI16;SPI1;AMBRA1;IL7;RRAS;BAX;CRTAM;GATA2;ZBTB7A;TGFBR2;CYP26B1;TGFB1;FBN1;SLAMF8;UBD;CREB1;APP;PTPN22;TOX;DROSHA;ITGB6;IL1B;CYLD;SMARCD3;FADD;VPS54;MAFB;CD74;RHOA;PPARG;CCN4;SMAD7	GLOM	GO_BP	no_proc_ieg	10098
GOBP_POSITIVE_REGULATION_OF_ANTIGEN_RECEPTOR_MEDIATED_SIGNALING_PATHWAY	1.6815187540929948	0.01	0.04046333289470898	9/19	LIPA;PTPRC;PRKCB;ADA;LCK;PRKCH;CYLD;KCNN4;CD81	GLOM	GO_BP	no_proc_ieg	10098
GOBP_INFLAMMATORY_RESPONSE_TO_ANTIGENIC_STIMULUS	1.679099735899846	0.001893939393939394	0.04128358408400586	24/55	FGR;HCK;FCGR2B;HLA-DRB1;PLK2;NOD2;SYK;TREM2;CD68;C3;BTK;NPY5R;EXT1;HLA-E;HMGB2;A2M;SPN;CD81;PSMB4;TREX1;KARS1;FURIN;IL1RN;PLCG1	GLOM	GO_BP	no_proc_ieg	10098
GOBP_REGULATION_OF_CELL_CYCLE_CHECKPOINT	1.6780862938850432	0.01171875	0.041490956149977616	13/31	ZWINT;AURKB;CCNB1;LCMT1;BRCA1;RPA2;NDC80;RAD51;WDR76;XRCC3;BIRC5;TTI1;BRCA2	GLOM	GO_BP	no_proc_ieg	10098
GOBP_TYPE_II_INTERFERON_MEDIATED_SIGNALING_PATHWAY	1.677524125978586	0.01171875	0.041532214191015	7/16	HCK;SP100;IFNGR2;PTPN2;IRF1;NR1H3;PPARG	GLOM	GO_BP	no_proc_ieg	10098
GOBP_LYMPHOCYTE_ACTIVATION_INVOLVED_IN_IMMUNE_RESPONSE	1.6765864618249775	0.0	0.04168387845099675	34/143	HLX;HLA-DMB;IL27RA;NKG7;FGL2;PTPRC;LCP1;CD40;ITGAL;FCGR2B;FCER1G;HLA-DRB1;ASCL2;IRF8;GATA3;NCKAP1L;MDK;APBB1IP;CD86;CORO1A;TLR4;HLA-F;HLA-DRA;ANXA1;DOCK10;ADA;TBX21;LGALS1;CEACAM1;DDRGK1;RC3H2;STAT4;ENTPD7;CCL19	GLOM	GO_BP	no_proc_ieg	10098
GOBP_ENDOCYTOSIS	1.6755681365513506	0.0	0.04197524911999731	146/478	TYROBP;PYCARD;MYD88;ITGB2;FGR;CD300A;DOCK2;LIPA;HTR2B;SYT11;ITGAM;IL10RA;CSK;TLR2;ENTREP1;HCK;CD36;PTPRC;CD14;PPT1;STAB1;NECAP2;ARRB1;LIMK1;MAPK1;CLEC10A;RIN3;ITGAL;FCGR2B;NCF2;ANXA11;FCER1G;RUBCN;TBC1D2B;SCARB1;ABCA7;IRF8;CORO1C;TGM2;NCF4;ARHGAP25;FCN1;CCR2;ITGA4;CDK5;NCKAP1L;BIN2;CAP1;SPON2;SDCBP;ADRB2;FLOT1;NOD2;SYK;CORO1A;MYO1F;CSNK1E;TLR4;SELE;SCRIB;PECAM1;MFGE8;LILRB4;TREM2;FCMR;HMMR;RAB5B;ANXA1;SNX3;VAV1;AP3M2;CAV2;IL2RB;RAB31;SLAMF1;PSTPIP1;C3;SIGLEC1;PPP3R1;DNM3;CD93;LDLRAP1;LRP4;DNM1;FCHO1;CEACAM1;NLGN4X;EPN3;SYT17;BTK;PTX3;CCL19;ARFGAP1;FCN3;CLEC7A;LYVE1;PIP5K1C;AP2S1;GATA2;RUFY1;RALA;DNM1L;CYBA;MTMR2;CFP;TGFB1;DGKD;GRB2;MARCO;INPPL1;EFNB2;CSNK1G1;ATG3;APP;VAMP4;RAMP2;EHD3;COLEC12;VPS28;MSR1;ADM;CBL;NR1H3;DLG4;LRP10;ABCA1;SNX1;ELMO1;RAMP1;H1-1;MARCHF3;UBQLN2;LMAN2;EHD2;NME1;APOC1;FNBP1;MTMR9;FCHSD2;P2RX7;CD151;GREM1;AMPH;PIK3CG;CD47;RAB22A	GLOM	GO_BP	no_proc_ieg	10098
GOBP_ENDODERM_DEVELOPMENT	1.675186947615065	0.001949317738791423	0.04198411178198104	20/65	ITGB2;MAP2K1;MACROH2A1;FN1;SOX17;ITGA4;COL5A2;HDAC1;PAF1;ITGA7;COL6A1;PELO;LAMC1;MMP2;COL11A1;COL5A1;EXT1;ITGA5;TGFB1;GRB2	GLOM	GO_BP	no_proc_ieg	10098
GOBP_REGULATION_OF_CHROMOSOME_SEGREGATION	1.673985741203352	0.003703703703703704	0.04232160383622756	34/89	TACC3;SMC4;ZWINT;AURKB;CCNB1;LCMT1;SMARCD2;CHFR;NDC80;SMARCE1;DLGAP5;BUB1B;CDC20;CENPF;NCAPG;SMARCC2;IK;CSNK2A2;CDK1;XRCC3;UBE2C;SMC2;NCAPH;TTK;SMARCD3;KIF2C;BIRC5;CDC27;SMARCB1;SPDL1;SPC25;NCAPH2;CENPE;CDC6	GLOM	GO_BP	no_proc_ieg	10098
GOBP_POSITIVE_REGULATION_OF_NATURAL_KILLER_CELL_MEDIATED_CYTOTOXICITY	1.673915415062319	0.01646090534979424	0.04205912546278994	7/18	KLRD1;HLA-F;VAV1;HLA-E;SH2D1A;CRTAM;IL12A	GLOM	GO_BP	no_proc_ieg	10098
GOBP_POSITIVE_REGULATION_OF_NATURAL_KILLER_CELL_MEDIATED_IMMUNITY	1.673915415062319	0.01646090534979424	0.04205912546278994	7/18	KLRD1;HLA-F;VAV1;HLA-E;SH2D1A;CRTAM;IL12A	GLOM	GO_BP	no_proc_ieg	10098
GOBP_REGULATION_OF_CYTOPLASMIC_PATTERN_RECOGNITION_RECEPTOR_SIGNALING_PATHWAY	1.6737676350297412	0.005791505791505791	0.04197034754214342	14/69	MYD88;ZDHHC18;GBP2;CD36;SLC15A3;PPT1;NAGK;RNF125;AURKB;CARD8;ZDHHC3;FLOT1;TLR4;TREM2	GLOM	GO_BP	no_proc_ieg	10098
GOBP_NEGATIVE_REGULATION_OF_INTRACELLULAR_PROTEIN_TRANSPORT	1.6727050271684878	0.007677543186180422	0.04219527325528298	5/23	UBE2J1;CD36;SP100;CDK5;RAB23	GLOM	GO_BP	no_proc_ieg	10098
GOBP_CHOLESTEROL_STORAGE	1.6705906164766209	0.00796812749003984	0.04281992730935722	11/17	LIPA;CD36;NPC2;SOAT1;SCARB1;TREM2;MSR1;NR1H3;ABCA1;PPARD;PPARG	GLOM	GO_BP	no_proc_ieg	10098
GOBP_REGULATED_EXOCYTOSIS	1.6702821650770732	0.0	0.04284799400435834	55/145	ITGB2;FGR;CD300A;SYT11;NKG7;ITGAM;HCK;RAC2;LAT2;FCGR2B;CCR2;CDK5;NCKAP1L;SYK;CORO1A;HLA-F;SCRIB;SYNGR3;MILR1;RAB31;PRKCB;ARHGAP17;PTAFR;ADGRE2;PTGDR;GNAI2;SYNGR2;CEACAM1;SYT17;BTK;PLEK;ATP2A2;SPI1;SV2A;STXBP1;PIP5K1C;GATA2;HYAL3;PPFIA3;SNAP29;CBL;P2RX7;PIK3CG;UNC13B;ADRA2A;CHGA;SDF4;CRHBP;SV2B;S100A13;ANXA3;IL4R;TMED10;PIK3CD;SNCA	GLOM	GO_BP	no_proc_ieg	10098
GOBP_POSITIVE_REGULATION_OF_MYELOID_LEUKOCYTE_DIFFERENTIATION	1.6695163110989746	0.012244897959183673	0.04299396985169248	15/41	HCLS1;TYROBP;HLA-DRB1;CCR1;EVI2B;TREM2;TESC;CASP8;TRAF6;KITLG;CD4;TGFB1;CREB1;FADD;CD74	GLOM	GO_BP	no_proc_ieg	10098
GOBP_POSITIVE_REGULATION_OF_LYMPHOCYTE_DIFFERENTIATION	1.6685462902231356	0.001838235294117647	0.043219904536531906	49/105	HLX;PPP2R3C;LILRB2;PTPRC;RAG1;SOX12;BTN2A2;SOX4;HLA-DRB1;SMARCD2;GATA3;INPP5D;NCKAP1L;SASH3;MDK;CD86;SYK;LILRB4;SMARCE1;HLA-DRA;ANXA1;ADA;RUNX3;DDRGK1;BTK;SMARCC2;CCL19;SPI1;AMBRA1;IL7;TGFBR2;TGFB1;TOX;CYLD;SMARCD3;CD74;RHOA;SMARCB1;NLRP3;IL12RB1;CD27;IL15;CD80;IL7R;IL4R;CBFB;IL2RG;GAS6;LEF1	GLOM	GO_BP	no_proc_ieg	10098
GOBP_NEGATIVE_REGULATION_OF_REGULATED_SECRETORY_PATHWAY	1.668271951403815	0.01593625498007968	0.04318771950123874	8/17	CD300A;FCGR2B;CCR2;NCKAP1L;HLA-F;GNAI2;CEACAM1;SPI1	GLOM	GO_BP	no_proc_ieg	10098
GOBP_REGULATION_OF_RESPONSE_TO_CYTOKINE_STIMULUS	1.6646181780705127	0.0	0.04454433004506401	54/116	PYCARD;CASP1;CCL5;TLR2;PTPN6;PTPRC;PIAS3;ISG15;ADAR;CARD8;OAS3;NKIRAS2;LAPTM5;IL1R1;OAS1;SYK;TLR4;TREM2;PTPN2;CASP8;ECM1;RIGI;CASP4;IRF7;EXT1;PIAS4;TRAIP;CXCR4;IKBKE;IL7;IFIH1;NR1H3;SAMHD1;CYLD;FADD;CD74;PPARG;YTHDF2;TNFRSF11B;AGPAT1;TRIM44;TRIM32;IRAK1;TREX1;TLE5;RNF113A;GAS6;TRAF2;TTLL12;SPHK1;EIF4E2;IL1RN;CAV1;GSTP1	GLOM	GO_BP	no_proc_ieg	10098
GOBP_NATURAL_KILLER_CELL_ACTIVATION	1.66416165024261	0.0	0.04458815619938137	18/56	TYROBP;FGR;NKG7;PTPRC;KLRD1;IL21R;CORO1A;HLA-F;SLAMF1;EMP2;CASP8;PBX1;CD2;HLA-E;CD244;PTPN22;TOX;IL12A	GLOM	GO_BP	no_proc_ieg	10098
GOBP_REGULATION_OF_SPINDLE_CHECKPOINT	1.6627789137784212	0.015873015873015872	0.0450419279900699	7/16	ZWINT;AURKB;CCNB1;LCMT1;NDC80;XRCC3;BIRC5	GLOM	GO_BP	no_proc_ieg	10098
GOBP_NEGATIVE_REGULATION_OF_CHROMOSOME_ORGANIZATION	1.6625580151436803	0.002008032128514056	0.04500786385893652	25/62	WAPL;TINF2;ZWINT;AURKB;CCNB1;LCMT1;NDC80;BUB1B;EXOSC10;CDC20;TOP2A;CENPF;NAA10;IK;SMARCA5;XRCC3;ERCC1;NAT10;TTK;STN1;BIRC5;SPDL1;SPC25;SETMAR;ACD	GLOM	GO_BP	no_proc_ieg	10098
GOBP_MEMBRANE_INVAGINATION	1.661535698478807	0.007827788649706457	0.04527699700587117	21/41	ITGB2;CD300A;ITGAM;CD36;AURKB;FCGR2B;ABCA7;ARHGAP25;NCKAP1L;BIN2;TREM2;SNX3;RAB31;C3;GATA2;MARCO;MSR1;ABCA1;ELMO1;RHOA;SMURF1	GLOM	GO_BP	no_proc_ieg	10098
GOBP_CELLULAR_RESPONSE_TO_DSRNA	1.6596386153872056	0.009881422924901186	0.04583560756889012	11/15	FLOT1;RIGI;IFIH1;COLEC12;P2RX7;NFKB1;TLR3;IFIT1;RALB;CAV1;MUL1	GLOM	GO_BP	no_proc_ieg	10098
GOBP_REGULATION_OF_NEUROINFLAMMATORY_RESPONSE	1.6588539388394334	0.012219959266802444	0.04601792395937406	6/26	TNFRSF1B;SYT11;CST7;CALHM2;PTPRC;TREM2	GLOM	GO_BP	no_proc_ieg	10098
GOBP_MITOTIC_NUCLEAR_DIVISION	1.6578315910776362	0.001953125	0.04627408754499972	67/190	UBE2I;WAPL;REEP4;AURKA;SMC4;NSL1;PRC1;NUSAP1;ZWINT;RAB11A;AURKB;CEP55;CCNB1;PDGFB;LCMT1;NUP62;PSRC1;KIF20B;NDC80;DLGAP5;BUB1B;CAV2;KIF4A;TPX2;CDT1;CDC20;CENPF;NCAPG;CHEK1;ANKLE2;WRAP73;KIF11;SKA1;NME6;IK;SMARCA5;EML3;KIF2A;TUBG1;TGFB1;CDK1;XRCC3;UBE2C;SMC2;KIF14;IL1B;NCAPH;TTK;KIF2C;SPAST;RHOA;BIRC5;PDGFRB;FLNA;DCTN2;VPS4A;CHMP1A;NDE1;SPDL1;BORA;NEK2;RCC1;RACGAP1;SPC25;NCAPH2;CENPE;KPNB1	GLOM	GO_BP	no_proc_ieg	10098
GOBP_ENDOCARDIAL_CUSHION_MORPHOGENESIS	1.655927337279341	0.007920792079207921	0.04687757000794047	15/36	TWIST1;HEY2;ADAMTS5;SNAI2;TBX3;MSX1;ACVRL1;BMP2;HEY1;TBX2;ENG;APLNR;TGFBR2;TGFB1;CPLANE2	GLOM	GO_BP	no_proc_ieg	10098
GOBP_CHROMOSOME_LOCALIZATION	1.6542281756331318	0.0	0.047402670551801376	43/84	NSL1;MAP1S;ZWINT;ECT2;RAB11A;AURKB;ACTR3;CEP55;CCNB1;NUP62;PSRC1;NDC80;DLGAP5;CDT1;CENPF;IFFO1;SKA1;EML3;CDK1;KIF14;KIF2C;BIRC5;DCTN2;VPS4A;CHMP1A;NDE1;SPDL1;NEK2;RACGAP1;SPC25;GEM;CENPE;KPNB1;MLH1;MAPRE1;CHMP2A;CENPQ;KNTC1;ZWILCH;LMNA;KIF18A;ZNF207;KIFC1	GLOM	GO_BP	no_proc_ieg	10098
GOBP_CHROMOSOME_ORGANIZATION	1.653776402875901	0.0	0.04746093758440278	164/407	TACC3;WAPL;MACROH2A1;SMC4;TINF2;NSL1;PRC1;NUSAP1;ZWINT;RAB11A;AURKB;MAPK1;GINS2;SP100;CEP55;CCNB1;HUS1;PCNA;DCLRE1C;P3H4;LCMT1;NUP62;PSRC1;SMARCD2;DSCC1;ITPA;MCM5;RPA2;CHFR;CTCF;NDC80;TEP1;HHEX;SMARCE1;RAD51;DLGAP5;BUB1B;NOP10;PELO;CCT8;KIF4A;NHP2;EZH2;TPX2;DFFB;CDT1;EXOSC10;CDC20;TOP2A;CENPF;CCT6A;NCAPG;WRAP73;CENPX;PML;SMARCC2;KIF11;SKA1;CCT3;MCRS1;NAA10;IK;GCH1;NDC1;SMARCA5;EML3;KIF2A;CCT4;RFC5;TUBG1;CDK1;RPA1;XRCC3;ERCC1;NPR2;NAT10;HMGA1;CCNE1;UBE2C;SMC2;RUVBL1;KIF14;NCAPH;TTK;SMARCD3;KIF2C;STN1;H1-1;HMGB2;RHOA;BIRC5;NUP107;PTTG1;RAD54L;CDC27;CENPA;FLNA;TWNK;SMARCB1;DCTN2;MORC2;VPS4A;TFPT;RFC4;CHMP1A;MCMBP;SPDL1;G3BP1;RFC2;MCM2;H1-0;BRCA2;NEK2;SMARCAL1;GINS4;TREX1;USP7;RACGAP1;SPC25;PURA;SETMAR;GEM;ACD;H3C2;NCAPH2;CCNE2;CENPE;KPNB1;CDC6;PPP1CA;ACTR8;MLH1;H3C8;H1-10;UPF1;MAPRE1;TFIP11;PDS5A;TRIM28;PSMC3IP;CHMP2A;H1-2;KNTC1;ABL1;H4C13;ATF7IP;OIP5;NUP155;MLH3;AGO4;ZWILCH;DOT1L;HJURP;H3C4;ACTB;PARP1;SMG1;KIF18A;RUVBL2;CENPN;MCM4;ZNF207;ANAPC15;KIFC1	GLOM	GO_BP	no_proc_ieg	10098
GOBP_POSITIVE_REGULATION_OF_CHEMOTAXIS	1.649753680901833	0.0	0.04880617904925616	24/106	CX3CR1;CCL5;VEGFC;CCL4;RAC2;CSF1R;MAPK1;ADAM10;PDGFB;C3AR1;CXCL10;CCR1;CCR2;NCKAP1L;SCG2;MDK;STK39;TNFSF14;PLA2G7;KDR;TREM2;SLAMF1;C5AR1;NRP1	GLOM	GO_BP	no_proc_ieg	10098
GOBP_MESENCHYME_MORPHOGENESIS	1.6484020453055501	0.005964214711729622	0.0492323302066426	18/48	TWIST1;HEY2;ACTA2;ADAMTS5;SNAI2;TBX3;MSX1;ACVRL1;BMP2;HEY1;TBX2;ENG;APLNR;TGFBR2;TGFB1;CPLANE2;TAF10;TGFB2	GLOM	GO_BP	no_proc_ieg	10098
GOBP_REGULATION_OF_MITOTIC_SISTER_CHROMATID_SEGREGATION	1.6483755302077308	0.011385199240986717	0.04908452112922285	29/40	ZWINT;AURKB;CCNB1;LCMT1;NDC80;BUB1B;CDC20;CENPF;IK;CDK1;XRCC3;TTK;BIRC5;SPDL1;SPC25;KNTC1;ZWILCH;ZNF207;ANAPC15;BUB3;MAD2L1;BECN1;CDCA8;ZW10;BUB1;FBXO5;PSMG2;INCENP;KLHL22	GLOM	GO_BP	no_proc_ieg	10098
GOBP_PRODUCTION_OF_MOLECULAR_MEDIATOR_OF_IMMUNE_RESPONSE	1.646631914681716	0.0	0.049594472914962794	72/183	PYCARD;MYD88;UBE2J1;TLR7;TNFRSF1B;TWIST1;IL27RA;TNFRSF14;CD36;PTPRC;GPRC5B;CD40;FCGR2B;GATA3;LAPTM5;IL1R1;CCR2;HLA-A;SASH3;SPON2;NOD2;CD86;SYK;TLR4;HLA-F;CARD9;LILRB4;TRPM4;SLAMF1;TBX21;RIGI;TRAF6;BTK;TNFRSF4;HLA-E;CLEC7A;CD244;CD96;LITAF;TGFB1;ERCC1;EPHB2;CYREN;PKN1;IL1B;SAMHD1;PANX1;CD74;SMAD7;P2RX7;TGFB2;TICAM1;TLR3;BST2;RSAD2;CD81;NLRP3;IL33;IRF5;IL18R1;TREX1;CUEDC2;IL4R;FFAR2;KMT5B;NHEJ1;MLH1;LILRB1;TRAF2;DDX21;POLB;TRIL	GLOM	GO_BP	no_proc_ieg	10098
GOBP_STRESS_ACTIVATED_PROTEIN_KINASE_SIGNALING_CASCADE	1.6464659217851956	0.011976047904191617	0.049509147799202305	17/44	MAP2K1;ARL6IP5;MAPK1;IGFBP6;SEMA4C;NOD2;TLR4;CARD9;MAPK11;PBK;QARS1;FOXM1;STK25;FAS;TAOK3;GREM1;TGFB2	GLOM	GO_BP	no_proc_ieg	10098
GOBP_POSITIVE_REGULATION_OF_NON_CANONICAL_NF_KAPPAB_SIGNAL_TRANSDUCTION	1.6461895665017927	0.012448132780082987	0.04950421100582148	27/48	NMI;PYCARD;TLR7;TCIM;TLR2;RBCK1;LAPTM5;NOD2;CD86;TLR4;TNFSF14;TREM2;PTP4A3;ADISSP;IFI35;VCP;RC3H2;CCL19;APP;IL1B;RHOA;GREM1;TLR3;TRIM44;NLRP3;CD27;IL18R1	GLOM	GO_BP	no_proc_ieg	10098
GOBP_NEGATIVE_REGULATION_OF_TUMOR_NECROSIS_FACTOR_SUPERFAMILY_CYTOKINE_PRODUCTION	1.6445925578889102	0.0058823529411764705	0.05005656577254375	12/48	TWIST1;IL27RA;SYT11;LTF;PTPN6;TRIM27;NOD2;TLR4;LILRB4;TREM2;TSPO;SLAMF1	GLOM	GO_BP	no_proc_ieg	10098
GOBP_REGULATION_OF_CHROMOSOME_ORGANIZATION	1.6440609605364214	0.0	0.05008447007374256	58/169	TACC3;WAPL;MACROH2A1;SMC4;TINF2;ZWINT;AURKB;MAPK1;CCNB1;LCMT1;SMARCD2;CHFR;CTCF;NDC80;SMARCE1;DLGAP5;BUB1B;CCT8;EXOSC10;CDC20;TOP2A;CENPF;CCT6A;NCAPG;PML;SMARCC2;CCT3;MCRS1;NAA10;IK;GCH1;SMARCA5;CCT4;CDK1;XRCC3;ERCC1;NAT10;UBE2C;SMC2;RUVBL1;NCAPH;TTK;SMARCD3;STN1;BIRC5;CDC27;SMARCB1;MORC2;TFPT;SPDL1;NEK2;USP7;SPC25;SETMAR;ACD;NCAPH2;CENPE;CDC6	GLOM	GO_BP	no_proc_ieg	10098
GOBP_POSITIVE_REGULATION_OF_LAMELLIPODIUM_ASSEMBLY	1.643688016895941	0.014613778705636743	0.05011908189032643	6/18	RAC2;ARPC2;TWF2;CYFIP1;ACTR3;FSCN1	GLOM	GO_BP	no_proc_ieg	10098
GOBP_REGULATION_OF_LYMPHOCYTE_DIFFERENTIATION	1.6434926023016956	0.0	0.05001973809588631	66/157	HLX;PPP2R3C;LILRB2;FGL2;PTPN6;PTPRC;RAG1;SOX12;BTN2A2;SOX4;HLA-DRB1;ASCL2;SMARCD2;GATA3;INPP5D;CCR2;NCKAP1L;SASH3;MDK;CD86;SYK;LILRB4;SMARCE1;HLA-DRA;PTPN2;ANXA1;ADA;TBX21;RUNX3;IRF1;DDRGK1;RC3H2;BTK;SMARCC2;CCL19;CD2;SPI1;AMBRA1;IL7;CRTAM;TGFBR2;CYP26B1;TGFB1;SLAMF8;TOX;DROSHA;CYLD;SMARCD3;CD74;RHOA;SMAD7;SMARCB1;HLA-DOA;NLRP3;IL12RB1;CD27;IL15;CD80;IL7R;IL4R;CBFB;SLC4A2;IL2RG;GAS6;LEF1;FANCA	GLOM	GO_BP	no_proc_ieg	10098
GOBP_INFLAMMASOME_MEDIATED_SIGNALING_PATHWAY	1.6416204851913971	0.011904761904761904	0.050656041151779484	7/24	PYCARD;MYD88;GBP2;CD36;CARD8;TLR4;TREM2	GLOM	GO_BP	no_proc_ieg	10098
GOBP_GRANULOCYTE_CHEMOTAXIS	1.6409732504539556	0.0039447731755424065	0.05087263697547514	28/98	ITGB2;CCL5;CCL4;RAC2;CSF1R;MAPK1;FCER1G;C3AR1;CXCL6;CXCL10;CKLF;NCKAP1L;SCG2;MDK;NOD2;SYK;CCL13;CCL18;ANXA1;VAV1;SLAMF1;C5AR1;ADGRE2;CXCL11;CCL19;PIP5K1C;PPIB;DNM1L	GLOM	GO_BP	no_proc_ieg	10098
GOBP_HEPARAN_SULFATE_PROTEOGLYCAN_BIOSYNTHETIC_PROCESS	1.6405272250512806	0.008097165991902834	0.050921413410351196	11/22	DSE;EXTL3;CSGALNACT1;HS3ST2;EXT1;NDST2;EXTL2;B3GAT3;SLC35D2;EXT2;NDST1	GLOM	GO_BP	no_proc_ieg	10098
GOBP_REGULATION_OF_MONOCYTE_CHEMOTAXIS	1.6391304149790789	0.009900990099009901	0.05139673146565696	6/16	CX3CR1;CCL5;CXCL10;CCR1;CCR2;PLA2G7	GLOM	GO_BP	no_proc_ieg	10098
GOBP_MONONUCLEAR_CELL_DIFFERENTIATION	1.638765907129218	0.0	0.051447001459422846	106/372	HCLS1;MYD88;HLX;DOCK2;LIPA;PPP2R3C;LILRB2;FGL2;TLR2;PTPN6;PTPRC;RAG1;CD3D;CSF1R;SOX12;BTN2A2;CD1D;UCP2;THOC5;FCGR2B;SOX4;FCER1G;HLA-DRB1;ASCL2;DCLRE1C;HDAC9;SMARCD2;IRF8;GATA3;HLA-B;INPP5D;CCR2;ITGA4;NCKAP1L;SASH3;NR3C1;MDK;IKZF1;CD86;SYK;CD79B;TLR4;CEBPA;HHEX;LILRB4;SMARCE1;HLA-DRA;TREM2;PTPN2;JAG2;ANXA1;CD8A;LYL1;VAV1;DOCK10;SLAMF1;ADA;CASP8;TBX21;RUNX3;LGALS1;PKNOX1;EZH2;PBX1;IRF1;TRAF6;HDAC5;LCK;DDRGK1;RC3H2;BTK;STAT4;ENTPD7;IRF7;PIK3R3;SMARCC2;CD4;CCL19;CD2;CDK6;IFI16;SPI1;AMBRA1;IL7;BAX;CRTAM;GATA2;ZBTB7A;TGFBR2;CYP26B1;TGFB1;SLAMF8;UBD;APP;PTPN22;TOX;DROSHA;ITGB6;IL1B;CYLD;SMARCD3;FADD;VPS54;MAFB;CD74;RHOA	GLOM	GO_BP	no_proc_ieg	10098
GOBP_TRNA_PROCESSING	1.637153299948974	0.005964214711729622	0.052103052066049566	19/66	LAGE3;RPP40;POP7;RTRAF;POP4;QTRT2;THG1L;CLP1;DUS1L;ELP3;WDR4;PUS3;TRMT1;NAT10;PUS7;ELP1;ELAC2;POP5;TRMU	GLOM	GO_BP	no_proc_ieg	10098
GOBP_RESPONSE_TO_BACTERIUM	1.6366102102135363	0.0	0.05223145959733956	94/462	CX3CR1;PYCARD;MYD88;FGR;CASP1;TNFRSF1B;RPS6KA3;IL27RA;SYT11;ITGAM;IL10RA;LILRB2;GZMA;LTF;PLAC8;GBP1;THBD;CFD;OAS2;TNFRSF14;IDO1;GBP2;TLR2;HCK;CD36;PYGL;CD14;ISG15;RNASE6;TLR1;STAB1;RBCK1;NAGK;CD40;MEF2C;LYZ;TRIM5;TNIP2;MAPK1;CD1D;LILRA2;FCGR2B;PTGER2;CARD8;FCER1G;HLA-DRB1;CFB;OAS3;SHC1;CXCL6;SCARB1;IFNAR1;IRF8;RNASE1;HLA-B;CXCL10;IGHM;HLA-A;SPON2;LY86;OAS1;NOD2;EMILIN1;CD86;SYK;TLR4;SELE;CARD9;TAP2;TREM2;ADAMTS5;TSPO;PAF1;CD68;MMRN2;SNX3;COL6A1;C5AR1;AHR;RPS19;CASP8;LY96;BMP2;C3;PTAFR;GNLY;GFER;H2BC21;TRAF6;CASP4;HDAC5;BTK;TNIP1;CXCL11	GLOM	GO_BP	no_proc_ieg	10098
GOBP_MYOBLAST_FUSION	1.6354276849150517	0.007476635514018692	0.052553216825221405	16/35	CD53;DOCK2;CXCL10;FLOT1;ADAM12;TNFSF14;ADAMTS5;PLEKHO1;CDON;ADGRB3;JAM2;EHD2;CXCL9;NEO1;CD81;IL4R	GLOM	GO_BP	no_proc_ieg	10098
GOBP_LEUKOCYTE_TETHERING_OR_ROLLING	1.6326526810975832	0.007936507936507936	0.053757323636465605	9/30	CX3CR1;FUT4;CCR2;ITGA4;SELE;PTAFR;SELPLG;EXT1;JAM2	GLOM	GO_BP	no_proc_ieg	10098
GOBP_BLOOD_VESSEL_ENDOTHELIAL_CELL_MIGRATION	1.631806721432571	0.0	0.05400273956237706	37/95	VASH1;VEGFC;CD40;MEF2C;ETS1;PDGFB;SOX18;SCARB1;HDAC9;PLK2;EFNA1;KDR;MMRN2;ANXA1;EMP2;PRCP;ACVRL1;JCAD;NRP1;HDAC5;PIK3R3;ITGB1BP1;SRPX2;CDH5;GATA2;EPHB4;ID1;TGFB1;EFNB2;GADD45A;RHOA;PPARG;MEOX2;ATP2B4;GREM1;FGF2;TBXA2R	GLOM	GO_BP	no_proc_ieg	10098
GOBP_RETROGRADE_VESICLE_MEDIATED_TRANSPORT_GOLGI_TO_ENDOPLASMIC_RETICULUM	1.6292702575983977	0.003766478342749529	0.054886881304684894	19/43	ERGIC2;BET1L;RER1;HTT;ARF4;KDELR3;STX18;ARF5;USE1;PLPP3;COPB2;KDELR2;KIF1C;ERGIC3;LMAN2;BICD2;KDELR1;PITPNB;TMED10	GLOM	GO_BP	no_proc_ieg	10098
GOBP_DENDRITIC_CELL_CHEMOTAXIS	1.6271657178060241	0.014256619144602852	0.0557790046603153	11/22	CCL5;CCR1;CCR2;TRPM4;SLAMF1;CCL19;CXCR4;CCR5;SLAMF8;IL12A;PIK3CG	GLOM	GO_BP	no_proc_ieg	10098
GOBP_REGULATION_OF_ENDOCYTOSIS	1.6263499493141524	0.0	0.056055829854633206	63/207	PYCARD;FGR;CD300A;DOCK2;SYT11;CSK;TLR2;HCK;CD36;PTPRC;CD14;PPT1;ARRB1;RIN3;FCGR2B;FCER1G;RUBCN;SCARB1;ABCA7;TGM2;FCN1;NCKAP1L;SDCBP;FLOT1;NOD2;SYK;SELE;SCRIB;TREM2;RAB5B;SNX3;IL2RB;RAB31;C3;PPP3R1;LDLRAP1;SYT17;BTK;PTX3;CCL19;ARFGAP1;FCN3;CLEC7A;AP2S1;GATA2;RUFY1;RALA;CYBA;MTMR2;CFP;TGFB1;DGKD;EFNB2;ATG3;VAMP4;VPS28;CBL;NR1H3;DLG4;H1-1;UBQLN2;LMAN2;APOC1	GLOM	GO_BP	no_proc_ieg	10098
GOBP_AORTA_MORPHOGENESIS	1.626033644226285	0.01818181818181818	0.05603184344539818	13/24	HEY2;COL3A1;SOX4;ACVRL1;TBX1;HEY1;TBX2;ENG;TGFBR2;EFNB2;EFEMP2;PDGFRB;TGFB2	GLOM	GO_BP	no_proc_ieg	10098
GOBP_POSITIVE_REGULATION_OF_REGULATORY_T_CELL_DIFFERENTIATION	1.6254322718370662	0.03143418467583497	0.056132562333147035	8/19	LILRB2;SOX12;BTN2A2;HLA-DRB1;LILRB4;HLA-DRA;AMBRA1;TGFB1	GLOM	GO_BP	no_proc_ieg	10098
GOBP_METAPHASE_CHROMOSOME_ALIGNMENT	1.6240773579566488	0.00202020202020202	0.05663470275413602	38/72	NSL1;MAP1S;ZWINT;ECT2;RAB11A;AURKB;CEP55;CCNB1;NUP62;PSRC1;NDC80;CDT1;CENPF;SKA1;EML3;CDK1;KIF14;KIF2C;BIRC5;DCTN2;VPS4A;CHMP1A;SPDL1;NEK2;RACGAP1;SPC25;GEM;CENPE;KPNB1;MLH1;MAPRE1;CHMP2A;CENPQ;KNTC1;ZWILCH;KIF18A;ZNF207;KIFC1	GLOM	GO_BP	no_proc_ieg	10098
GOBP_LYMPHOCYTE_COSTIMULATION	1.6240362500952787	0.0038535645472061657	0.0564919160576475	22/38	LILRB2;CSK;TNFRSF14;PTPN6;CD86;TNFSF14;LILRB4;VAV1;LGALS1;LCK;CCL19;EFNB2;EFNB1;SPN;CD81;CD80;PDCD1LG2;EFNB3;CAV1;ICOS;CD160;CD28	GLOM	GO_BP	no_proc_ieg	10098
GOBP_TOLL_LIKE_RECEPTOR_3_SIGNALING_PATHWAY	1.6233638198448124	0.03232323232323232	0.05663590338806291	11/18	TNIP2;FLOT1;OAS1;TRAF6;SCARA3;PTPN22;COLEC12;TRIM3;TICAM1;TLR3;FLOT2	GLOM	GO_BP	no_proc_ieg	10098
GOBP_PHAGOCYTOSIS_RECOGNITION	1.6230030745823574	0.01606425702811245	0.05664621813650848	10/23	CD36;SCARB1;FCN1;SPON2;TREM2;PTX3;FCN3;CLEC7A;CFP;COLEC12	GLOM	GO_BP	no_proc_ieg	10098
GOBP_PROTEIN_EXIT_FROM_ENDOPLASMIC_RETICULUM	1.6224588494365089	0.01858736059479554	0.0567566185258355	13/28	UBE2J1;SEC61B;TMED9;AUP1;DERL1;TECPR2;VCP;SEC16A;BCAP31;OS9;CD81;UFD1;DERL2	GLOM	GO_BP	no_proc_ieg	10098
GOBP_POSITIVE_REGULATION_OF_CHROMOSOME_SEGREGATION	1.6214904251416744	0.024528301886792454	0.057017775341519805	10/19	SMC4;AURKB;CCNB1;NCAPG;CDK1;SMC2;NCAPH;BIRC5;NCAPH2;CDC6	GLOM	GO_BP	no_proc_ieg	10098
GOBP_NEGATIVE_REGULATION_OF_MUSCLE_CELL_DIFFERENTIATION	1.6202143771446271	0.0	0.05748941090286675	12/39	DNMT1;HEY2;BDNF;MED28;PDGFB;HDAC1;MSX1;BMP2;EZH2;RGS4;HDAC5;HEY1	GLOM	GO_BP	no_proc_ieg	10098
GOBP_AMYLOID_BETA_CLEARANCE	1.6190887729065861	0.01603206412825651	0.05783022996172547	9/29	ITGB2;ITGAM;CD36;RAB11A;ABCA7;TREM2;C5AR1;C3;LRP4	GLOM	GO_BP	no_proc_ieg	10098
GOBP_SPROUTING_ANGIOGENESIS	1.6181368899345094	0.0	0.058133967708701356	36/87	VEGFC;FUT1;ALOX5;HDAC9;TGM2;PLK2;KDR;CLIC3;MMRN2;ANXA1;NGFR;ADGRA2;ACVRL1;JCAD;NRP1;HDAC5;CEACAM1;PIK3R3;ITGB1BP1;SRPX2;ITGA5;ENG;APLNR;AGTR1;GATA2;EPHB4;SEMA3E;TGFB1;EFNB2;RAMP2;IL12A;RHOA;MEOX2;GREM1;FGF2;TBXA2R	GLOM	GO_BP	no_proc_ieg	10098
GOBP_INFLAMMATORY_CELL_APOPTOTIC_PROCESS	1.6180253880883593	0.016359918200409	0.05801563587782993	8/17	PLEKHO2;CCL5;MEF2C;NOD2;SLC7A11;ANXA1;IRF7;CCR5	GLOM	GO_BP	no_proc_ieg	10098
GOBP_REGULATION_OF_CELL_CELL_ADHESION	1.617894591108749	0.0	0.05790432885393546	99/366	PYCARD;ITGB2;HLX;HLA-DMB;CD300A;CCL5;LILRB2;CSK;FGL2;TNFRSF14;IDO1;PTPN6;PTPRC;RAG1;ALOX5;ETS1;FUT4;HLA-DQB1;SOX12;BTN2A2;CD1D;SOX4;FXYD5;HLA-DRB1;ASCL2;DUSP22;HLA-DMA;SMARCD2;GATA3;LAPTM5;CCR2;ITGA4;NCKAP1L;EBI3;HLA-A;SASH3;MDK;FLOT1;NOD2;EMILIN1;CD86;SYK;CORO1A;SELE;TNFSF14;SCRIB;LILRB4;SMARCE1;HLA-DRA;PTPN2;ANXA1;VAV1;LRRC32;SLAMF1;CD44;NOTCH4;ADA;BMP2;TBX21;PTAFR;RUNX3;LGALS1;LRFN3;HLA-DPB1;VSIG4;IRF1;TRAF6;FCHO1;KITLG;CEACAM1;LCK;RC3H2;SMARCC2;CD4;CCL19;HLA-E;SPI1;AMBRA1;HLA-DPA1;IL7;PLPP3;CRTAM;F11R;TGFBR2;TGFB1;GTPBP4;HLA-DQB2;EFNB2;PTPN22;IL12A;PLAUR;KIF26B;IL1B;PDPN;CYLD;SMARCD3;FADD;CD74;RHOA	GLOM	GO_BP	no_proc_ieg	10098
GOBP_NEGATIVE_REGULATION_OF_LYMPHOCYTE_DIFFERENTIATION	1.6173681087496958	0.015873015873015872	0.05802162462318181	11/39	HLX;FGL2;ASCL2;MDK;LILRB4;PTPN2;ANXA1;TBX21;RUNX3;IRF1;RC3H2	GLOM	GO_BP	no_proc_ieg	10098
GOBP_SPINDLE_ORGANIZATION	1.6153930517617314	0.0038910505836575876	0.05886127421450014	58/138	TACC3;AURKA;CCDC69;MAP1S;STIL;PRC1;RAB11A;AURKB;CCNB1;GNAI1;NUP62;PSRC1;PLK2;NDC80;DLGAP5;GPSM2;KIF4A;TPX2;VCP;CDC20;WRAP73;TUBGCP5;KIF11;PTEN;SAC3D1;EML3;KIF2A;TUBG1;MAPRE2;ASPM;TTK;SPAST;RHOA;BIRC5;CCNB2;DCTN1;FLNA;DCTN2;CHMP1A;INTS13;CHD3;BORA;NEK2;RCC1;TUBB;CSNK1D;RACGAP1;SPC25;CENPE;KPNB1;PTPA;MLH1;MAPRE1;HAUS7;WDR62;CHMP2A;MAP4;TRIM36	GLOM	GO_BP	no_proc_ieg	10098
GOBP_DNA_UNWINDING_INVOLVED_IN_DNA_REPLICATION	1.6138924678995037	0.018108651911468814	0.059475794357419426	14/19	GINS2;MCM5;RAD51;HMGA1;TWNK;MCM2;GINS4;PURA;MCM4;RECQL4;GINS3;RECQL;MCM3;CDC45	GLOM	GO_BP	no_proc_ieg	10098
GOBP_PHAGOCYTOSIS_ENGULFMENT	1.6136851733676132	0.011299435028248588	0.05943383682892871	17/35	ITGB2;CD300A;ITGAM;CD36;FCGR2B;ABCA7;ARHGAP25;NCKAP1L;BIN2;TREM2;RAB31;C3;GATA2;MARCO;MSR1;ABCA1;ELMO1	GLOM	GO_BP	no_proc_ieg	10098
GOBP_MONOCYTE_CHEMOTAXIS	1.612808795260097	0.011976047904191617	0.05977092719953968	10/32	CX3CR1;CCL5;PDGFB;CXCL10;CCR1;CCR2;PLA2G7;ANXA1;RPS19;FOLR2	GLOM	GO_BP	no_proc_ieg	10098
GOBP_NUCLEAR_MEMBRANE_REASSEMBLY	1.611254940715817	0.018036072144288578	0.060368369530709565	7/16	UBE2I;REEP4;ANKLE2;SPAST;VPS4A;CHMP1A;RCC1	GLOM	GO_BP	no_proc_ieg	10098
GOBP_REGULATION_OF_LEUKOCYTE_CHEMOTAXIS	1.6112176173332549	0.0	0.0602246483151172	21/87	CX3CR1;CCL5;VEGFC;CCL4;RAC2;CSF1R;MAPK1;RIN3;ADAM10;C3AR1;CXCL10;CCR1;CCR2;NCKAP1L;MDK;NOD2;STK39;TNFSF14;PLA2G7;SLAMF1;C5AR1	GLOM	GO_BP	no_proc_ieg	10098
GOBP_POSITIVE_REGULATION_OF_STRESS_ACTIVATED_PROTEIN_KINASE_SIGNALING_CASCADE	1.6092488460949352	0.023121387283236993	0.061072068867166394	10/18	ARL6IP5;IGFBP6;SEMA4C;NOD2;TLR4;CARD9;STK25;TAOK3;TGFB2;MID1	GLOM	GO_BP	no_proc_ieg	10098
GOBP_PROTEIN_LOCALIZATION_TO_CHROMOSOME	1.6052102608624457	0.002012072434607646	0.06301072795761377	43/85	WAPL;MACROH2A1;TINF2;AURKB;MACROH2A2;RPA2;CTCF;BUB1B;TPP1;CCT8;EZH2;VCP;CCT6A;IFFO1;CCT3;PIAS4;SPI1;IK;CCT4;CDK1;RPA1;TTK;BRD3;CENPA;SPDL1;BRCA2;ACD;LEF1;TONSL;CENPQ;KNTC1;H4C13;ZWILCH;PARP1;RUVBL2;CCT7;GNL3L;BUB3;WRAP53;BRD2;XRCC4;H2AC8;TP53BP1	GLOM	GO_BP	no_proc_ieg	10098
GOBP_IMMUNE_RESPONSE_TO_TUMOR_CELL	1.6050323073133066	0.024844720496894408	0.06291336595451652	10/19	NKG7;PRF1;HLA-DRB1;HLA-A;AHR;CEACAM1;CRTAM;TGFB1;IL12A;ADAM15	GLOM	GO_BP	no_proc_ieg	10098
GOBP_REGULATION_OF_DEFENSE_RESPONSE_TO_VIRUS_BY_HOST	1.6041612185948377	0.018	0.06325372996991266	12/22	PYCARD;MICB;APOBEC3F;APOBEC3G;RIGI;TARBP2;IL1B;TRIM22;TRIM44;IL12RB1;IL15;LILRB1	GLOM	GO_BP	no_proc_ieg	10098
GOBP_B_CELL_MEDIATED_IMMUNITY	1.603411513151003	0.0019569471624266144	0.06348168761451076	27/102	MYD88;C1QA;IL27RA;PTPN6;PTPRC;C1QB;CD40;TLR8;FCGR2B;FCER1G;INPP5D;IGHM;NOD2;IL21R;CARD9;TREM2;FCMR;IL2RB;SERPING1;TBX21;C3;BTK;IRF7;HLA-E;C1R;TGFB1;ERCC1	GLOM	GO_BP	no_proc_ieg	10098
GOBP_REGULATION_OF_REGULATED_SECRETORY_PATHWAY	1.6029436797352024	0.005952380952380952	0.06354305159937663	21/78	ITGB2;FGR;CD300A;ITGAM;RAC2;FCGR2B;CCR2;CDK5;NCKAP1L;SYK;HLA-F;PRKCB;PTAFR;ADGRE2;GNAI2;CEACAM1;ATP2A2;SPI1;STXBP1;GATA2;HYAL3	GLOM	GO_BP	no_proc_ieg	10098
GOBP_B_CELL_DIFFERENTIATION	1.6017105111522008	0.0	0.06396133701404845	29/110	PPP2R3C;PTPN6;PTPRC;RAG1;FCGR2B;DCLRE1C;HDAC9;IRF8;INPP5D;ITGA4;NCKAP1L;SYK;CD79B;HHEX;PTPN2;LYL1;DOCK10;ADA;LGALS1;EZH2;HDAC5;DDRGK1;BTK;PIK3R3;SPI1;IL7;BAX;ZBTB7A;SLAMF8	GLOM	GO_BP	no_proc_ieg	10098
GOBP_EXOCYTOSIS	1.6010515760936115	0.0	0.06412458997053307	81/223	ITGB2;FGR;CD300A;CCL5;SYT11;NKG7;ITGAM;HCK;RAC2;RAB11A;LAT2;SEPTIN4;FCGR2B;CCR1;CCR2;CDK5;NCKAP1L;SDCBP;SYK;CORO1A;HLA-F;SCRIB;SYNGR3;MILR1;ANXA1;RAB31;PRKCB;ARHGAP17;PTAFR;ADGRE2;PTGDR;COPS5;GNAI2;SYNGR2;CEACAM1;SYT17;BTK;PLEK;S100A10;ATP2A2;SPI1;SV2A;STXBP1;PIP5K1C;GATA2;RALA;HYAL3;CCL8;ARHGAP44;CPLANE2;PPFIA3;SNAP29;CBL;ANK1;TXLNA;EXOC1;SYTL2;P2RX7;SNF8;RAB8A;PIK3CG;VPS4A;UNC13B;ADRA2A;CHGA;SDF4;CRHBP;RALB;SV2B;RAB8B;YKT6;CDK16;S100A13;EXOC5;NSF;VPS11;ANXA3;IL4R;TMED10;PIK3CD;SNCA	GLOM	GO_BP	no_proc_ieg	10098
GOBP_TAXIS	1.6008205468397145	0.0	0.06409866892942927	99/335	CX3CR1;CCRL2;RHOG;ITGB2;MAP2K1;DOCK2;CCL5;VEGFC;CCL4;RAC2;ALOX5;CSF1R;MAPK1;NOVA2;RIN3;SEMA4C;ADAM10;FCER1G;PDGFB;C3AR1;S100A4;CXCL6;CXCL10;CKLF;CCR1;SEMA3F;TYMP;CCR2;NCKAP1L;SCG2;BIN2;MDK;NOD2;STK39;SYK;MACO1;CORO1A;CCL13;TNFSF14;SCRIB;PLA2G7;KDR;TREM2;PTPN2;CCL18;ANXA1;TRPM4;VAV1;SLAMF1;MMP2;C5AR1;LSP1;RPS19;ADGRA2;PTAFR;NRP1;ADGRE2;FOLR2;NUP85;CXCL11;USP14;CCL19;FPR3;CXCR4;AGTR1;CH25H;PIP5K1C;PPIB;CCR10;YTHDF1;RALA;DNM1L;CCR5;SEMA3E;TGFB1;SLAMF8;PTN;EFNB2;PLAU;IL12A;CCL8;PLAUR;IL1B;PLP2;IL16;SEMA4F;RNASE2;TUBB2B;CD74;HMGB2;RHOA;CORO1B;PLEC;RPL13A;PDGFRB;GREM1;FGF2;TGFB2;PIK3CG	GLOM	GO_BP	no_proc_ieg	10098
GOBP_HEART_VALVE_MORPHOGENESIS	1.6005985366554238	0.003976143141153081	0.06403957425341467	14/37	TWIST1;HEY2;MEF2C;SOX4;CDH11;GATA3;EFNA1;EMILIN1;ADAMTS5;SNAI2;BMP2;HEY1;TGFBR2;TGFB1	GLOM	GO_BP	no_proc_ieg	10098
GOBP_LEUKOCYTE_MIGRATION_INVOLVED_IN_INFLAMMATORY_RESPONSE	1.599961273568246	0.02459016393442623	0.06415296177682041	6/16	ALOX5;MDK;SELE;SLAMF1;SLAMF8;PTN	GLOM	GO_BP	no_proc_ieg	10098
GOBP_ENDOPLASMIC_RETICULUM_TO_CYTOSOL_TRANSPORT	1.5984096803815868	0.021825396825396824	0.06478082619659217	10/17	UBE2J1;SEC61B;AUP1;DERL1;VCP;BCAP31;OS9;UFD1;DERL2;NPLOC4	GLOM	GO_BP	no_proc_ieg	10098
GOBP_REGULATION_OF_MYELOID_CELL_DIFFERENTIATION	1.5965038179958195	0.0	0.06557053150533261	38/140	HCLS1;TYROBP;RASSF2;LTF;PIAS3;ISG15;MEF2C;ETS1;HLA-DRB1;INPP5D;CCR1;HOXB8;NCKAP1L;TLR4;LILRB4;EVI2B;TREM2;PTPN2;MAPK11;TESC;PAF1;CASP8;TRAF6;KITLG;CEACAM1;IRF7;CD4;CDK6;SPI1;GATA2;KLF13;TGFB1;FBN1;CREB1;FADD;MAFB;CD74;HMGB2	GLOM	GO_BP	no_proc_ieg	10098
GOBP_T_HELPER_1_CELL_DIFFERENTIATION	1.5949358039998998	0.034274193548387094	0.06631704274435792	11/16	HLX;ASCL2;ANXA1;TBX21;STAT4;CCL19;SPN;IL18R1;CD80;IL4R;LEF1	GLOM	GO_BP	no_proc_ieg	10098
GOBP_ARF_PROTEIN_SIGNAL_TRANSDUCTION	1.5946652228685718	0.01606425702811245	0.06629163676239609	8/16	GIT2;MAP4K4;ARFGAP1;MYO9B;MAPRE2;CYTH4;CYTH3;IQSEC1	GLOM	GO_BP	no_proc_ieg	10098
GOBP_PROTEIN_INSERTION_INTO_ER_MEMBRANE	1.5945633907387124	0.019230769230769232	0.06616504647824761	13/18	EMC7;TMEM147;NCLN;TMCO1;UBL4A;SGTA;EMC9;TRAM1;TRAM2;EMC6;SEC61A1;EMC1;CCDC47	GLOM	GO_BP	no_proc_ieg	10098
GOBP_ENDOPLASMIC_RETICULUM_TO_GOLGI_VESICLE_MEDIATED_TRANSPORT	1.5941968718147626	0.001953125	0.06619962248055684	40/90	ERGIC2;BCAP29;TMED9;SEC24D;CNIH4;ARF4;KDELR3;GOLT1B;STX18;VCP;SEC16A;COPB1;USE1;PEF1;COPB2;KDELR2;ERGIC3;ANK1;SEC23IP;SPAST;TRAPPC4;LMAN2;YIF1A;YIPF5;BET1;KDELR1;BCAP31;TRAPPC2;SCAP;CSNK1D;YKT6;VAPB;TMED10;P4HB;TMED1;HYOU1;CREB3L2;TEX261;RAB1B;TFG	GLOM	GO_BP	no_proc_ieg	10098
GOBP_INTRINSIC_APOPTOTIC_SIGNALING_PATHWAY_IN_RESPONSE_TO_DNA_DAMAGE	1.591153107164291	0.003766478342749529	0.06770719896000654	19/73	PYCARD;DYRK2;TNFRSF1B;CRIP1;BID;BCL2A1;HTRA2;TRIAP1;BRCA1;SNAI2;SKIL;AEN;CD44;ELL3;PML;PIAS4;IFI16;IKBKE;BAX	GLOM	GO_BP	no_proc_ieg	10098
GOBP_EPITHELIAL_TO_MESENCHYMAL_TRANSITION_INVOLVED_IN_ENDOCARDIAL_CUSHION_FORMATION	1.5905674794104745	0.02495201535508637	0.0679000969627416	7/16	HEY2;SNAI2;MSX1;ENG;TGFBR2;TGFB1;TGFB2	GLOM	GO_BP	no_proc_ieg	10098
GOBP_HEMATOPOIETIC_OR_LYMPHOID_ORGAN_DEVELOPMENT	1.5902305043170293	0.01171875	0.0679445508234542	24/72	MAP2K1;LIPA;PPP2R3C;PTPRC;RAG1;MAPK1;LTB;CD248;GATA3;ADA;TBX1;PBX1;RC3H2;HOXA3;TGFB1;CDKN2B;TOX;PKN1;PDPN;FADD;MAFB;CCNB2;LMO4;LTBR	GLOM	GO_BP	no_proc_ieg	10098
GOBP_AMINOGLYCAN_BIOSYNTHETIC_PROCESS	1.5892263113492777	0.0039603960396039604	0.06836811920567193	21/52	DSE;CHPF2;CHST15;PDGFB;CHST11;CSGALNACT1;B4GALT7;B4GALT5;HS3ST2;EXT1;CHST3;ST3GAL2;NDST2;TGFB1;B3GAT3;IL1B;NFKB1;SLC35D2;ST3GAL1;EXT2;NDST1	GLOM	GO_BP	no_proc_ieg	10098
GOBP_NEGATIVE_REGULATION_OF_ALPHA_BETA_T_CELL_ACTIVATION	1.5889632147114536	0.024640657084188913	0.06829965528185714	8/29	HLX;CD300A;TNFRSF14;ASCL2;ANXA1;TBX21;RUNX3;RC3H2	GLOM	GO_BP	no_proc_ieg	10098
GOBP_LYMPH_VESSEL_MORPHOGENESIS	1.5881706935334081	0.01818181818181818	0.06859720750514255	9/16	VASH1;VEGFC;SOX18;LGALS8;ACVRL1;PDPN;FGF2;BMPR2;FLT4	GLOM	GO_BP	no_proc_ieg	10098
GOBP_TELOMERE_ORGANIZATION	1.5880305028012116	0.0018975332068311196	0.06851391434200907	53/115	TINF2;AURKB;MAPK1;SP100;HUS1;PCNA;DCLRE1C;RPA2;TEP1;RAD51;NOP10;CCT8;NHP2;EZH2;EXOSC10;CCT6A;PML;CCT3;MCRS1;GCH1;CCT4;RPA1;XRCC3;ERCC1;NAT10;CCNE1;RUVBL1;STN1;TFPT;BRCA2;NEK2;SMARCAL1;USP7;ACD;H3C2;CCNE2;PPP1CA;ACTR8;H3C8;UPF1;TFIP11;H4C13;DOT1L;H3C4;PARP1;SMG1;RUVBL2;CCT7;RAD51C;GNL3L;ZNF365;RECQL4;ACTR5	GLOM	GO_BP	no_proc_ieg	10098
GOBP_CELL_DIVISION	1.5865384857358955	0.0	0.06914982083772836	155/409	UBE2I;TACC3;WAPL;REEP4;HTR2B;AURKA;SMC4;ZFYVE26;BABAM1;VEGFC;NSL1;CINP;PRC1;NUSAP1;ZWINT;ECT2;RAB11A;AURKB;SEPTIN4;ACTR3;YME1L1;CEP55;ANXA11;CCNB1;GNAI1;PDGFB;NUP62;SH3GLB1;PSRC1;SOX17;CCNK;CDK5;KIF20B;NR3C1;MDK;CHFR;NDC80;EVI2B;BUB1B;EPB41L2;GPSM2;PELO;YEATS2;KIF4A;TUBA1B;TPX2;CDT1;CDC20;TOP2A;PIMREG;CENPF;CCND1;KIF20A;NCAPG;GNAI2;IQGAP1;ANKLE2;CEP164;RAB35;CENPX;KIF11;CALM3;ITGB1BP1;SKA1;EXT1;CDK6;FZR1;SAC3D1;GNAI3;EML3;RALA;KIF2A;CDC25B;TGFB1;CDK1;MAPRE2;PTN;ASPM;SSNA1;LBH;CALM1;CCNE1;UBE2C;SPOUT1;SMC2;RUVBL1;KIF14;RHOC;TUBA1A;IL1B;MAEA;NUP37;NCAPH;KIF2C;CCND2;SPAST;RHOA;BIRC5;CCNB2;PTTG1;ETV5;YTHDF2;CDC27;CENPA;DCTN1;EXOC1;PLEC;FGF2;TGFB2;VPS4A;CHMP1A;MCMBP;NDE1;INTS13;SPDL1;BRCA2;SSTR5;BORA;NEK2;CCND3;RCC1;RALB;TUBB;PPBP;CDK4;RACGAP1;CCNA2;SPC25;EXOC5;CLTA;TXNL4A;CCNE2;CENPE;E2F8;CDC6;SEPTIN6;PPP1CA;FGF3;ACTR8;DYNLT1;PDGFD;MYH10;MAPRE1;LEF1;DR1;PDS5A;DYNLT3;HAUS7;SPTBN1;CHMP2A;MAP4;TRIM36;CDK2AP2;LIG3;KNTC1	GLOM	GO_BP	no_proc_ieg	10098
GOBP_ENDOCARDIAL_CUSHION_DEVELOPMENT	1.5864247048254903	0.01761252446183953	0.06901908398786674	16/42	TWIST1;HEY2;ADAMTS5;SNAI2;TBX3;MSX1;ACVRL1;BMP2;HEY1;TBX2;ENG;APLNR;CRELD1;TGFBR2;TGFB1;CPLANE2	GLOM	GO_BP	no_proc_ieg	10098
GOBP_CELLULAR_EXTRAVASATION	1.5842796700222384	0.005780346820809248	0.06996302001883119	25/59	CX3CR1;IL27RA;FUT4;ITGAL;IL1R1;CCR2;ITGA4;MDK;SELE;PECAM1;PTAFR;SELPLG;EXT1;JAM2;LYVE1;F11R;FADD;PIK3CG;CD47;SPN;CRK;PLVAP;PIK3CD;PDGFD;ICAM1	GLOM	GO_BP	no_proc_ieg	10098
GOBP_SUPEROXIDE_ANION_GENERATION	1.5842371875168246	0.011450381679389313	0.06979909284458935	12/32	TYROBP;ITGB2;ITGAM;NCF2;CYBB;NCF4;SYK;GNAI2;SH3PXD2A;CLEC7A;CYBA;TGFB1	GLOM	GO_BP	no_proc_ieg	10098
GOBP_ATRIOVENTRICULAR_VALVE_DEVELOPMENT	1.5838010304408243	0.017578125	0.06980592701445533	10/17	TWIST1;HEY2;SOX4;EFNA1;BMP2;HEY1;APLNR;TGFBR2;TGFB2;BMPR2	GLOM	GO_BP	no_proc_ieg	10098
GOBP_CELL_CYCLE_CHECKPOINT_SIGNALING	1.583333963577618	0.0019723865877712033	0.06991900767407065	41/127	BABAM1;ZWINT;DTL;TRIAP1;AURKB;CCNB1;HUS1;LCMT1;PLK2;BRCA1;RPA2;CHFR;NDC80;RAD51;BUB1B;GTSE1;CDT1;CDC20;CENPF;CCND1;CHEK1;PML;FZR1;IK;WDR76;CDK1;XRCC3;PRPF19;RAD1;CASP2;TTK;TAOK3;BIRC5;TTI1;MUS81;VPS4A;SPDL1;BRCA2;TREX1;SPC25;SETMAR	GLOM	GO_BP	no_proc_ieg	10098
GOBP_REGULATION_OF_MACROPHAGE_ACTIVATION	1.5821585854504914	0.009708737864077669	0.07047559660280092	22/45	SYT11;CST7;CALHM2;PTPRC;TNIP2;FCGR2B;TLR4;CEBPA;TREM2;PLA2G4A;VSIG4;GRN;NR1H3;CD74;IL33;HAMP;IL4R;SNCA;SPHK1;KARS1;PLA2G10;CD84	GLOM	GO_BP	no_proc_ieg	10098
GOBP_CELL_RECOGNITION	1.5818710367534556	0.003663003663003663	0.07042634636152373	29/104	DOCK2;PCDH12;PRF1;CD36;MSN;NTM;SCARB1;FCN1;SPON2;VCAN;CORO1A;PECAM1;TREM2;CCT8;NRP1;FOLR2;PTX3;EXT1;CCL19;CCT3;FCN3;CXCR4;CLEC7A;CRTAM;CCT4;CFP;EPHB2;APP;COLEC12	GLOM	GO_BP	no_proc_ieg	10098
GOBP_POSITIVE_REGULATION_OF_T_CELL_RECEPTOR_SIGNALING_PATHWAY	1.5817559691205028	0.04008016032064128	0.07032033925224385	7/15	LIPA;ADA;LCK;CYLD;KCNN4;CD81;RELA	GLOM	GO_BP	no_proc_ieg	10098
GOBP_T_CELL_ACTIVATION_INVOLVED_IN_IMMUNE_RESPONSE	1.5807780928998496	0.007662835249042145	0.07067830935360722	22/84	HLX;HLA-DMB;FGL2;LCP1;ITGAL;FCGR2B;FCER1G;HLA-DRB1;ASCL2;GATA3;NCKAP1L;MDK;APBB1IP;CD86;HLA-DRA;ANXA1;TBX21;CEACAM1;RC3H2;STAT4;ENTPD7;CCL19	GLOM	GO_BP	no_proc_ieg	10098
GOBP_LYMPHOCYTE_DIFFERENTIATION	1.5805200277894071	0.0	0.07065160672638007	86/307	HLX;DOCK2;LIPA;PPP2R3C;LILRB2;FGL2;PTPN6;PTPRC;RAG1;CD3D;SOX12;BTN2A2;CD1D;FCGR2B;SOX4;FCER1G;HLA-DRB1;ASCL2;DCLRE1C;HDAC9;SMARCD2;IRF8;GATA3;INPP5D;CCR2;ITGA4;NCKAP1L;SASH3;MDK;IKZF1;CD86;SYK;CD79B;HHEX;LILRB4;SMARCE1;HLA-DRA;PTPN2;JAG2;ANXA1;CD8A;LYL1;VAV1;DOCK10;SLAMF1;ADA;TBX21;RUNX3;LGALS1;PKNOX1;EZH2;PBX1;IRF1;HDAC5;LCK;DDRGK1;RC3H2;BTK;STAT4;ENTPD7;PIK3R3;SMARCC2;CD4;CCL19;CD2;CDK6;SPI1;AMBRA1;IL7;BAX;CRTAM;ZBTB7A;TGFBR2;CYP26B1;TGFB1;SLAMF8;PTPN22;TOX;DROSHA;IL1B;CYLD;SMARCD3;FADD;MAFB;CD74;RHOA	GLOM	GO_BP	no_proc_ieg	10098
GOBP_MEIOTIC_SPINDLE_ORGANIZATION	1.580368920898969	0.027253668763102725	0.0705486637865331	6/15	AURKA;NDC80;PTEN;TUBG1;ASPM;CCNB2	GLOM	GO_BP	no_proc_ieg	10098
GOBP_PYRIMIDINE_NUCLEOSIDE_METABOLIC_PROCESS	1.5784474710966976	0.0482897384305835	0.07153819127705395	6/17	APOBEC3F;TK1;DTYMK;APOBEC3A;TYMP;APOBEC3G	GLOM	GO_BP	no_proc_ieg	10098
GOBP_NITRIC_OXIDE_SYNTHASE_BIOSYNTHETIC_PROCESS	1.5784140725790836	0.043568464730290454	0.07138568376861644	4/16	TLR2;NOD2;TLR4;KDR	GLOM	GO_BP	no_proc_ieg	10098
GOBP_OSTEOCLAST_DIFFERENTIATION	1.5781811499850869	0.00945179584120983	0.07134623894723206	27/74	TYROBP;RASSF2;LTF;PIAS3;CSF1R;INPP5D;CCR1;TLR4;LILRB4;TREM2;OSTM1;BMP2;TRAF6;SH3PXD2A;TGFB1;FBN1;CREB1;MAFB;CCN4;TNFRSF11B;TLR3;CD81;SLC4A2;ATP6AP1;FARP2;LILRB1;GPR68	GLOM	GO_BP	no_proc_ieg	10098
GOBP_POSITIVE_REGULATION_OF_INTERLEUKIN_10_PRODUCTION	1.5781496221855187	0.019569471624266144	0.0711837788764136	9/28	PYCARD;TLR2;ISG15;LILRA5;SASH3;NOD2;SYK;TLR4;TREM2	GLOM	GO_BP	no_proc_ieg	10098
GOBP_NEUTROPHIL_MIGRATION	1.5781397549973735	0.0039603960396039604	0.07101095999097687	31/83	MYD88;ITGB2;RAC2;FUT4;FCER1G;C3AR1;CXCL6;CXCL10;CKLF;IL1R1;NCKAP1L;MDK;NOD2;SYK;PECAM1;VAV1;EMP2;C5AR1;CXCL11;CCL19;PIP5K1C;PPIB;DNM1L;SLAMF8;IL1B;IRAK4;CD74;TGFB2;PIK3CG;C5AR2;CXCL9	GLOM	GO_BP	no_proc_ieg	10098
GOBP_PROTEOGLYCAN_BIOSYNTHETIC_PROCESS	1.5769370487095944	0.003898635477582846	0.0715216497985353	19/43	DSE;CHPF2;CHST15;CHST11;EXTL3;CSGALNACT1;B4GALT7;GAL3ST4;HS3ST2;EXT1;CHST3;NDST2;EXTL2;B3GAT3;CANT1;SLC35D2;BMPR2;EXT2;NDST1	GLOM	GO_BP	no_proc_ieg	10098
GOBP_HUMORAL_IMMUNE_RESPONSE_MEDIATED_BY_CIRCULATING_IMMUNOGLOBULIN	1.5762524556549435	0.021956087824351298	0.07176019498366876	11/38	C1QA;PTPN6;PTPRC;C1QB;FCGR2B;IGHM;NOD2;TREM2;FCMR;SERPING1;C3	GLOM	GO_BP	no_proc_ieg	10098
GOBP_INTERFERON_ALPHA_PRODUCTION	1.5754813269519636	0.013461538461538462	0.07202250535728967	7/22	NMI;TLR7;TLR8;TLR4;RIGI;IRF7;IFIH1	GLOM	GO_BP	no_proc_ieg	10098
GOBP_CELL_CHEMOTAXIS	1.5739828660578545	0.0	0.07272876954733538	72/231	CX3CR1;CCRL2;RHOG;ITGB2;CCL5;VEGFC;CCL4;RAC2;ALOX5;CSF1R;MAPK1;RIN3;ADAM10;FCER1G;PDGFB;C3AR1;CXCL6;CXCL10;CKLF;CCR1;CCR2;NCKAP1L;SCG2;BIN2;MDK;NOD2;STK39;SYK;CORO1A;CCL13;TNFSF14;PLA2G7;KDR;CCL18;ANXA1;TRPM4;VAV1;SLAMF1;MMP2;C5AR1;RPS19;NRP1;ADGRE2;FOLR2;NUP85;CXCL11;CCL19;CXCR4;AGTR1;CH25H;PIP5K1C;PPIB;CCR10;DNM1L;CCR5;SLAMF8;PTN;IL12A;CCL8;IL1B;IL16;CD74;HMGB2;CORO1B;PLEC;RPL13A;PDGFRB;GREM1;FGF2;TGFB2;PIK3CG;C5AR2	GLOM	GO_BP	no_proc_ieg	10098
GOBP_RESPONSE_TO_MOLECULE_OF_BACTERIAL_ORIGIN	1.57103093099233	0.0	0.07422328924821643	55/266	CX3CR1;PYCARD;MYD88;CASP1;TNFRSF1B;RPS6KA3;IL10RA;LILRB2;LTF;THBD;IDO1;GBP2;TLR2;HCK;CD36;CD14;TLR1;CD40;MEF2C;TRIM5;TNIP2;MAPK1;LILRA2;FCGR2B;PTGER2;CARD8;CXCL6;SCARB1;IFNAR1;IRF8;CXCL10;SPON2;LY86;NOD2;CD86;TLR4;SELE;CARD9;TAP2;TREM2;TSPO;PAF1;CD68;COL6A1;C5AR1;AHR;CASP8;LY96;PTAFR;GFER;TRAF6;HDAC5;BTK;TNIP1;CXCL11	GLOM	GO_BP	no_proc_ieg	10098
GOBP_POSITIVE_REGULATION_OF_DNA_BIOSYNTHETIC_PROCESS	1.5689488594252186	0.013182674199623353	0.07520132605721074	20/47	AURKB;MAPK1;PCNA;PDGFB;DSCC1;CCT8;GFER;CCT6A;CCT3;GCH1;CCT4;RFC5;PDGFRB;GREM1;FGF2;RFC4;RFC2;NEK2;CCNA2;ACD	GLOM	GO_BP	no_proc_ieg	10098
GOBP_RIBOSOMAL_LARGE_SUBUNIT_BIOGENESIS	1.5663362226455761	0.009900990099009901	0.07660827510701221	27/39	CINP;EBNA1BP2;MRTO4;WDR12;GTPBP4;RPL10;PAK1IP1;RRP15;PES1;NIP7;DDX28;AFG2B;MAK16;RPL10L;NLE1;FTSJ3;RPL35A;NVL;MRM2;NOP2;TMA16;RRS1;RPL5;AIRIM;RPL11;NOP16;DDX18	GLOM	GO_BP	no_proc_ieg	10098
GOBP_MUCOPOLYSACCHARIDE_METABOLIC_PROCESS	1.5652553219233425	0.002109704641350211	0.07699237038895639	29/68	DSE;HPSE;CHPF2;CHST15;ITIH3;PDGFB;CHST11;IDS;CSGALNACT1;HMMR;CD44;GLB1;EXT1;CHST3;LYVE1;ST3GAL2;NDST2;HEXB;TGFB1;HYAL3;IL1B;GUSB;FGF2;HYAL2;NFKB1;SLC35D2;ST3GAL1;EXT2;NDST1	GLOM	GO_BP	no_proc_ieg	10098
GOBP_PROTEIN_LOCALIZATION_TO_CHROMOSOME_CENTROMERIC_REGION	1.5649534266444511	0.03275529865125241	0.07700580725742695	17/23	AURKB;CTCF;BUB1B;IK;CDK1;TTK;CENPA;SPDL1;CENPQ;KNTC1;H4C13;ZWILCH;BUB3;H2AC8;RB1;ZW10;H4C4	GLOM	GO_BP	no_proc_ieg	10098
GOBP_REGULATION_OF_OSTEOCLAST_DIFFERENTIATION	1.5644497684741703	0.009578544061302681	0.07712817810635295	9/48	TYROBP;RASSF2;LTF;PIAS3;INPP5D;CCR1;TLR4;LILRB4;TREM2	GLOM	GO_BP	no_proc_ieg	10098
GOBP_RESPONSE_TO_IONIZING_RADIATION	1.5641312230245143	0.005859375	0.07712490811576052	38/97	BABAM1;THBD;TIGAR;PTPRC;RAD51AP1;ECT2;HUS1;DCLRE1C;GATA3;CXCL10;BRCA1;RAD51;SNAI2;AEN;PML;IFI16;BAX;TGFB1;GRB2;ERCC1;GADD45A;RAD1;ITGB6;CBL;CCND2;RAD54L;RRM1;SOD2;BRCA2;TREX1;DNMT3A;NHEJ1;HRAS;CASP3;KARS1;POLB;RAD9A;GTF2H5	GLOM	GO_BP	no_proc_ieg	10098
GOBP_TELOMERE_MAINTENANCE	1.5608907709287723	0.005545286506469501	0.07885716242656134	47/100	TINF2;AURKB;MAPK1;SP100;HUS1;PCNA;DCLRE1C;RPA2;TEP1;RAD51;NOP10;CCT8;NHP2;EXOSC10;CCT6A;PML;CCT3;MCRS1;GCH1;CCT4;RPA1;XRCC3;ERCC1;NAT10;CCNE1;RUVBL1;STN1;TFPT;BRCA2;NEK2;SMARCAL1;USP7;ACD;CCNE2;PPP1CA;ACTR8;UPF1;TFIP11;PARP1;SMG1;RUVBL2;CCT7;RAD51C;GNL3L;ZNF365;RECQL4;ACTR5	GLOM	GO_BP	no_proc_ieg	10098
GOBP_VIRAL_PROCESS	1.560778947108508	0.0	0.07875773664635544	120/299	CCL5;GALNT1;LTF;ISG20;OAS2;TNFRSF14;CCL4;IFITM2;ISG15;APOBEC3F;ADAR;CSF1R;TRIM27;TRIM5;HLA-DRB1;OAS3;IFITM1;SCARB1;APOBEC3A;TAF11;CCNK;FCN1;OAS1;HDAC1;CD86;EIF3D;SNX3;CAV2;SLAMF1;KPNA2;APOBEC3G;STOM;PCSK5;TRIM21;SELPLG;SIGLEC1;LGALS1;NRP1;SPCS3;VCP;TOP2A;MX1;TNIP1;TNFRSF4;IRF7;CD4;PTX3;MGAT2;ITGA5;PCBP1;FCN3;MOGS;IFI16;CXCR4;AGTR1;CH25H;MAN1B1;ST6GALNAC4;PPIB;SIVA1;ST3GAL2;IFIH1;TARBP2;CCR5;IFI27;F11R;CDK1;PPID;SLC52A2;EFNB2;CCL8;VPS28;ITGB6;TRIM25;NMT2;MGAT4B;CD74;EIF3G;FAM111A;UBP1;SMARCB1;RNASEL;MORC2;TRIM22;VPS4A;HYAL2;CHMP1A;GSK3B;BST2;MCTS1;LY6E;IFIT1;RSAD2;CD81;ST3GAL1;RCC1;TRIM32;CTBP2;NCAM1;CD80;CLEC5A;DAG1;VAPB;SP1;TRIM14;SNW1;PPIE;P4HB;DYNLT1;NR5A2;ICAM1;GAS6;LEF1;FURIN;TRIM28;ITGA2;RAB7A;CHMP2A;EFNB3;CAV1	GLOM	GO_BP	no_proc_ieg	10098
GOBP_REGULATION_OF_CD4_POSITIVE_ALPHA_BETA_T_CELL_DIFFERENTIATION	1.5599324550058071	0.011627906976744186	0.07913914314415854	13/44	HLX;HLA-DRB1;ASCL2;GATA3;NCKAP1L;SASH3;CD86;HLA-DRA;ANXA1;TBX21;RUNX3;RC3H2;CCL19	GLOM	GO_BP	no_proc_ieg	10098
GOBP_MITOTIC_CELL_CYCLE_CHECKPOINT_SIGNALING	1.5586129431907727	0.0	0.07982560440397263	35/97	BABAM1;ZWINT;DTL;TRIAP1;AURKB;CCNB1;HUS1;LCMT1;PLK2;BRCA1;RPA2;CHFR;NDC80;BUB1B;GTSE1;CDC20;CENPF;CCND1;CHEK1;PML;FZR1;IK;CDK1;XRCC3;CASP2;TTK;TAOK3;BIRC5;MUS81;VPS4A;SPDL1;TREX1;SPC25;SETMAR;CDC6	GLOM	GO_BP	no_proc_ieg	10098
GOBP_SMOOTH_MUSCLE_CELL_DIFFERENTIATION	1.5583682319331107	0.018518518518518517	0.07977827566288677	17/51	DNMT1;HEY2;MEF2C;MED28;PDGFB;TBX3;NOTCH4;COMP;HEY1;TBX2;ENG;APLNR;TGFB1;RAMP2;ADM;EFEMP2;SMARCD3	GLOM	GO_BP	no_proc_ieg	10098
GOBP_POSITIVE_REGULATION_OF_MYELOID_CELL_DIFFERENTIATION	1.5577383410374064	0.007858546168958742	0.08001784232900107	22/70	HCLS1;TYROBP;ISG15;ETS1;HLA-DRB1;INPP5D;CCR1;NCKAP1L;EVI2B;TREM2;MAPK11;TESC;CASP8;TRAF6;KITLG;CD4;GATA2;TGFB1;CREB1;FADD;CD74;HMGB2	GLOM	GO_BP	no_proc_ieg	10098
GOBP_MITOTIC_METAPHASE_CHROMOSOME_ALIGNMENT	1.5568899765110304	0.0275049115913556	0.0804032592716494	22/47	RAB11A;AURKB;CEP55;CCNB1;NUP62;PSRC1;NDC80;CDT1;SKA1;EML3;CDK1;KIF14;KIF2C;BIRC5;DCTN2;VPS4A;CHMP1A;SPDL1;CENPE;KPNB1;MAPRE1;CHMP2A	GLOM	GO_BP	no_proc_ieg	10098
GOBP_LEUKOCYTE_APOPTOTIC_PROCESS	1.556740605506081	0.003875968992248062	0.0803042281795529	34/78	HCLS1;PLEKHO2;LIPA;CCL5;IDO1;RAG1;MEF2C;AURKB;EFNA1;NOD2;SLC7A11;ANXA1;ADA;KITLG;BTK;IRF7;CCL19;BAX;CCR5;FAS;CASP7;PKN1;FADD;CD74;P2RX7;KDELR1;TNFRSF21;ST3GAL1;CD27;IL7R;PIK3CD;LILRB1;GAS6;CASP3	GLOM	GO_BP	no_proc_ieg	10098
GOBP_NEGATIVE_REGULATION_OF_ALPHA_BETA_T_CELL_DIFFERENTIATION	1.5549692662368066	0.02976190476190476	0.08120847340813418	10/19	HLX;ASCL2;ANXA1;TBX21;RUNX3;RC3H2;SMAD7;IL4R;CBFB;SLC4A2	GLOM	GO_BP	no_proc_ieg	10098
GOBP_POSITIVE_REGULATION_OF_PEPTIDASE_ACTIVITY	1.5541577807521565	0.0039447731755424065	0.08149807934390439	30/116	PYCARD;CTSS;CASP1;BID;TNFSF10;PSENEN;BCL2A1;HTRA2;ARL6IP5;RCN3;MAPK12;ANP32B;CARD8;LAPTM5;EFNA1;SYK;CARD9;ATP2A3;NGFR;CASP8;VCP;LCK;DDRGK1;TNFSF15;GRN;IFI16;CLEC7A;PSME1;BAX;PDCD2	GLOM	GO_BP	no_proc_ieg	10098
GOBP_POSITIVE_REGULATION_OF_VIRAL_LIFE_CYCLE	1.5539158705589864	0.027722772277227723	0.08143951053660912	9/16	HLA-DRB1;KPNA2;TRIM21;LGALS1;CD4;CD74;VPS4A;P4HB;FURIN	GLOM	GO_BP	no_proc_ieg	10098
GOBP_REGULATION_OF_NEUTROPHIL_MIGRATION	1.5536625104628086	0.023762376237623763	0.081434040244684	12/34	MYD88;RAC2;FUT4;C3AR1;IL1R1;NCKAP1L;MDK;NOD2;C5AR1;CCL19;DNM1L;SLAMF8	GLOM	GO_BP	no_proc_ieg	10098
GOBP_NEGATIVE_REGULATION_OF_ENDOCYTOSIS	1.5529320094260528	0.020080321285140562	0.08164991929376265	19/47	CD300A;SYT11;CSK;TLR2;RIN3;FCGR2B;RUBCN;ABCA7;SDCBP;SNX3;MTMR2;TGFB1;ATG3;NR1H3;DLG4;UBQLN2;APOC1;CD47;LRPAP1	GLOM	GO_BP	no_proc_ieg	10098
GOBP_POSITIVE_REGULATION_OF_CELL_MIGRATION_INVOLVED_IN_SPROUTING_ANGIOGENESIS	1.552563635559533	0.04397705544933078	0.08169655034074862	8/19	HDAC9;PLK2;KDR;ANXA1;JCAD;NRP1;SRPX2;GATA2	GLOM	GO_BP	no_proc_ieg	10098
GOBP_IMMUNE_SYSTEM_DEVELOPMENT	1.5507584604426115	0.003898635477582846	0.08260835534017587	40/144	MAP2K1;LIPA;IL27RA;PPP2R3C;LILRB2;IDO1;PTPRC;RAG1;CD40;ADAR;MAPK1;DCLRE1C;LTB;CD248;GATA3;HLA-B;LILRB4;ADA;TBX21;TBX1;PBX1;RC3H2;HLA-E;HOXA3;TGFBR2;TGFB1;ERCC1;CDKN2B;TOX;CYREN;PKN1;SAMHD1;PDPN;FADD;MAFB;HMGB2;CCNB2;LMO4;RO60;LTBR	GLOM	GO_BP	no_proc_ieg	10098
GOBP_POSITIVE_REGULATION_OF_ENDOCYTOSIS	1.5503015418313475	0.0	0.08270222633067743	51/112	PYCARD;DOCK2;CD36;PTPRC;CD14;PPT1;ARRB1;FCGR2B;FCER1G;ABCA7;FCN1;NCKAP1L;FLOT1;NOD2;SYK;SELE;TREM2;IL2RB;RAB31;C3;LDLRAP1;BTK;PTX3;CCL19;FCN3;CLEC7A;GATA2;CYBA;CFP;DGKD;VPS28;CBL;H1-1;LMAN2;CD151;GREM1;CD47;FCN2;AP2M1;IL15;TOR1A;CD63;SNCA;IL2RG;SLC11A1;CLU;GAS6;ITGA2;SIRPG;SFTPD;CBLL1	GLOM	GO_BP	no_proc_ieg	10098
GOBP_ENDOTHELIAL_CELL_PROLIFERATION	1.5497148391377857	0.0	0.08285569043422664	46/114	LIPA;HTR2B;VASH1;VEGFC;FUT1;ALOX5;MEF2C;PDGFB;SCARB1;ITGA4;SCG2;MDK;KDR;TNFSF12;MMRN2;MYDGF;CAV2;NGFR;ACVRL1;ECM1;JCAD;NRP1;NRAS;ITGB1BP1;CD34;AGGF1;APLNR;AGTR1;THAP1;GATA2;POLD4;NR2F2;IL12A;SLC39A9;SPARC;HMGB2;PPARG;PTPRM;FGF2;ALDH1A2;BMPR2;FLT4;SYNJ2BP;ZEB2;STAT5A;SP1	GLOM	GO_BP	no_proc_ieg	10098
GOBP_REGULATION_OF_SUPEROXIDE_METABOLIC_PROCESS	1.5484394957230012	0.028517110266159697	0.08356830233546901	9/23	TYROBP;ITGB2;ITGAM;CD36;SYK;GNAI2;CLEC7A;GCH1;TGFB1	GLOM	GO_BP	no_proc_ieg	10098
GOBP_NEGATIVE_REGULATION_OF_PROTEIN_BINDING	1.548289493058827	0.015355086372360844	0.0834722266380811	22/50	AURKA;CAMK1;AURKB;PDGFB;ITGA4;CSNK1E;BAG2;IFIT2;ATP2A3;ITGB1BP1;ATP2A2;BAX;DACT1;MAP2;SYMPK;ADAM15;LRPAP1;IFIT1;RALB;DNAJB2;TLE5;TFIP11	GLOM	GO_BP	no_proc_ieg	10098
GOBP_HEART_VALVE_DEVELOPMENT	1.5472140294738044	0.005905511811023622	0.08399347265759294	16/46	TNFRSF1B;TWIST1;HEY2;MEF2C;SOX4;CDH11;GATA3;EFNA1;EMILIN1;ADAMTS5;SNAI2;BMP2;HEY1;APLNR;TGFBR2;TGFB1	GLOM	GO_BP	no_proc_ieg	10098
GOBP_RESPONSE_TO_TUMOR_NECROSIS_FACTOR	1.5472103523038636	0.0	0.08380117810802447	44/155	CX3CR1;PYCARD;CASP1;TNFRSF1B;CCL5;GBP1;TNFRSF14;GBP2;CD14;PIAS3;CD40;MAPK1;CARD8;ADAM10;BAG4;NKIRAS2;GATA3;LAPTM5;BRCA1;SYK;SELE;CEBPA;PTPN2;CASP8;GFER;TRAF6;CASP4;COL1A1;TNFRSF4;POSTN;EXT1;PIAS4;TRADD;TRAIP;GCH1;PID1;HYAL3;UBD;TNFRSF17;FAS;CD58;FABP4;TUBA1A;CYLD	GLOM	GO_BP	no_proc_ieg	10098
GOBP_NEGATIVE_REGULATION_OF_HEMOPOIESIS	1.544280323733146	0.006024096385542169	0.0855214882763777	27/77	HLX;LTF;FGL2;PIAS3;FCGR2B;ASCL2;INPP5D;MDK;TLR4;CEBPA;LILRB4;SNAI2;PTPN2;ANXA1;TBX21;RUNX3;IRF1;CEACAM1;RC3H2;CDK6;GATA2;FBN1;MAFB;CD74;SMAD7;TNFRSF11B;TLR3	GLOM	GO_BP	no_proc_ieg	10098
GOBP_REGULATORY_T_CELL_DIFFERENTIATION	1.5442243831413507	0.023076923076923078	0.08536516231892023	12/30	LILRB2;SOX12;BTN2A2;HLA-DRB1;MDK;LILRB4;HLA-DRA;IRF1;AMBRA1;TGFB1;TOX;DROSHA	GLOM	GO_BP	no_proc_ieg	10098
GOBP_REGULATION_OF_CHEMOTAXIS	1.5430350155871047	0.0	0.08601334782069214	48/149	CX3CR1;CCL5;VEGFC;CCL4;RAC2;CSF1R;MAPK1;NOVA2;RIN3;ADAM10;PDGFB;C3AR1;CXCL10;CCR1;SEMA3F;CCR2;NCKAP1L;SCG2;MDK;NOD2;STK39;TNFSF14;PLA2G7;KDR;TREM2;PTPN2;SLAMF1;C5AR1;ADGRA2;NRP1;USP14;CCL19;CXCR4;YTHDF1;DNM1L;TGFB1;SLAMF8;PTN;EFNB2;IL12A;IL16;TUBB2B;CD74;CORO1B;PDGFRB;GREM1;FGF2;C5AR2	GLOM	GO_BP	no_proc_ieg	10098
GOBP_EXTERNAL_ENCAPSULATING_STRUCTURE_ORGANIZATION	1.542871016109863	0.0	0.08592578710644679	69/216	CTSS;TNFRSF1B;GPM6B;TGFBI;LCP1;NID2;COL3A1;ADAM10;COL1A2;P3H4;COL4A1;PRDX4;COL5A2;FLOT1;FSCN1;EMILIN1;COL13A1;SERPINH1;CSGALNACT1;ADAMTS5;HSD17B12;RIC8A;ADAMTS1;COL15A1;AEBP1;CAPG;COL6A1;CAV2;LAMC1;MMP2;BMP2;MPV17;OLFML2B;COL11A1;COL5A1;PHLDB1;COMP;COL1A1;POSTN;PTX3;EXT1;CRTAP;COLGALT1;TCF15;ENG;TGFB1;MATN3;GAS2;MMP1;FAP;MATN2;LAMA2;APP;PLOD3;RAMP2;NID1;QSOX1;COLGALT2;PDPN;EFEMP2;GFOD2;ADAMTS3;PPARG;ADAM15;GREM1;TNFRSF11B;TGFB2;MMP11;CST3	GLOM	GO_BP	no_proc_ieg	10098
GOBP_NEGATIVE_REGULATION_OF_EXOCYTOSIS	1.5419284347509996	0.03162055335968379	0.08630642045104016	9/27	CD300A;FCGR2B;CCR2;NCKAP1L;HLA-F;ANXA1;GNAI2;CEACAM1;SPI1	GLOM	GO_BP	no_proc_ieg	10098
GOBP_POSITIVE_REGULATION_OF_PROTEASOMAL_UBIQUITIN_DEPENDENT_PROTEIN_CATABOLIC_PROCESS	1.5408274759516027	0.01775147928994083	0.08680007945701096	23/45	AURKA;CHFR;CSNK1E;CEBPA;BAG2;CBFA2T3;VCP;CDC20;DDRGK1;FZR1;KEAP1;GABARAP;RBX1;SMAD7;TRIB3;GSK3B;DDA1;IL33;CSNK1D;DNAJB2;TRIB2;CLU;BBS7	GLOM	GO_BP	no_proc_ieg	10098
GOBP_MAST_CELL_ACTIVATION_INVOLVED_IN_IMMUNE_RESPONSE	1.5404471462104081	0.02092050209205021	0.08685127364950836	18/40	FGR;CD300A;PTPN6;RAC2;LAT2;SYK;MILR1;ADGRE2;PTGDR;BTK;STXBP1;GATA2;CBL;PIK3CG;CHGA;S100A13;IL4R;PIK3CD	GLOM	GO_BP	no_proc_ieg	10098
GOBP_POSITIVE_REGULATION_OF_T_HELPER_1_TYPE_IMMUNE_RESPONSE	1.5402392297602616	0.04781704781704782	0.08674483062198986	10/15	IL27RA;IL1R1;CCR2;SLAMF1;TBX21;PLA2G4A;IL1B;IL12RB1;IL18R1;SLC11A1	GLOM	GO_BP	no_proc_ieg	10098
GOBP_REGULATION_OF_VESICLE_MEDIATED_TRANSPORT	1.5400643434422754	0.0	0.08666926747533046	88/361	PYCARD;ITGB2;FGR;MAP2K1;CD300A;DOCK2;SYT11;ITGAM;CSK;TLR2;HCK;CD36;PTPRC;CD14;PPT1;RAC2;RAB11A;ARRB1;MAPK1;MSN;SEPTIN4;RIN3;FCGR2B;FCER1G;RUBCN;SCARB1;ABCA7;TGM2;FCN1;CCR2;BET1L;CDK5;NCKAP1L;SDCBP;FLOT1;NOD2;SYK;CORO1A;SELE;HLA-F;SCRIB;TREM2;RAB5B;ANXA1;SNX3;IL2RB;RAB31;SLAMF1;PRKCB;C3;PTAFR;STX18;NRP1;ADGRE2;PPP3R1;LDLRAP1;GNAI2;CEACAM1;SYT17;BTK;PTX3;CCL19;ARFGAP1;S100A10;ATP2A2;FCN3;SPI1;STXBP1;CLEC7A;AP2S1;GATA2;RUFY1;RALA;CYBA;MTMR2;CFP;TGFB1;DGKD;HYAL3;EFNB2;ATG3;VAMP4;ARHGAP44;CPLANE2;VPS28;CBL;NR1H3;DLG4	GLOM	GO_BP	no_proc_ieg	10098
GOBP_REGULATION_OF_NON_CANONICAL_NF_KAPPAB_SIGNAL_TRANSDUCTION	1.5389388033779656	0.008528784648187633	0.0872839890813712	34/69	NMI;PYCARD;RASSF2;TLR7;TCIM;TLR2;RBCK1;LAPTM5;NOD2;CD86;TLR4;TNFSF14;TREM2;PTP4A3;ADISSP;IFI35;AKIP1;VCP;RC3H2;CCL19;SPI1;LITAF;NLRP2;APP;PTPN22;IL1B;CYLD;RHOA;GREM1;TLR3;TRIM44;NLRP3;CD27;IL18R1	GLOM	GO_BP	no_proc_ieg	10098
GOBP_NEGATIVE_REGULATION_OF_RESPONSE_TO_EXTERNAL_STIMULUS	1.5381466604555805	0.0019047619047619048	0.08762360254958669	92/272	NMI;AOAH;FGR;TNFRSF1B;SYT11;IL10RA;CST7;ZDHHC18;LTF;FGL2;THBD;HCK;PTPN6;PTPRC;MICB;ISG15;ALOX5;WFDC1;ADAR;AURKB;RIN3;LILRA2;FCGR2B;CARD8;HLA-DRB1;PDGFB;OAS3;KLRD1;GATA3;HLA-B;SEMA3F;PLK2;EXTL3;HLA-A;MDK;MACIR;OAS1;NOD2;SYK;HLA-F;TREM2;PTPN2;PBK;SERPING1;AHR;RPS19;ADA;TRIM21;NRP1;GFER;VSIG4;CEACAM1;NPY5R;NT5E;PTEN;HLA-E;GRN;IFI16;CDH5;CD96;TARBP2;TGFB1;SLAMF8;FAP;PLAU;PLAUR;NR1H3;SAMHD1;CYLD;PPARD;PPP1R13L;A2M;CORO1B;PPARG;PROS1;YTHDF2;GREM1;FGF2;NFKB1;C5AR2;SPN;NEO1;TRIM45;VPS35;PSMB4;PLAT;NLRP3;WNT4;IL33;TREX1;TFPI;HAMP	GLOM	GO_BP	no_proc_ieg	10098
GOBP_POSITIVE_CHEMOTAXIS	1.5364265548208844	0.01642710472279261	0.08854284425116704	10/48	CCL5;VEGFC;PDGFB;S100A4;CXCL10;SCG2;CORO1A;SCRIB;KDR;NRP1	GLOM	GO_BP	no_proc_ieg	10098
GOBP_PLATELET_MORPHOGENESIS	1.536064758487142	0.025440313111545987	0.08860699277385796	4/22	PTPN6;NBEAL2;MEF2C;C1GALT1C1	GLOM	GO_BP	no_proc_ieg	10098
GOBP_NEGATIVE_REGULATION_OF_CYTOKINE_PRODUCTION_INVOLVED_IN_INFLAMMATORY_RESPONSE	1.5359764469079837	0.040229885057471264	0.08846297589000382	7/22	PYCARD;ADCY7;EXTL3;MACIR;LILRB4;TREM2;EZH2	GLOM	GO_BP	no_proc_ieg	10098
GOBP_NEUTROPHIL_MEDIATED_IMMUNITY	1.535464105905728	0.02912621359223301	0.08861947615636796	7/28	MYD88;ITGB2;ITGAM;CXCL6;SYK;CARD9;PTAFR	GLOM	GO_BP	no_proc_ieg	10098
GOBP_POSITIVE_REGULATION_OF_ACUTE_INFLAMMATORY_RESPONSE	1.5349886919482056	0.04133858267716536	0.08876779618578921	8/18	C3;BTK;NPY5R;HLA-E;OSMR;IL1B;PIK3CG;FFAR2	GLOM	GO_BP	no_proc_ieg	10098
GOBP_NUCLEAR_ENVELOPE_ORGANIZATION	1.5346162861662025	0.028680688336520075	0.0888134554259345	21/38	UBE2I;REEP4;NUP93;CTDNEP1;PRKCB;ANKLE2;TMEM43;CDK1;TOR1B;SPAST;DCTN1;LMNB1;VPS4A;CHMP1A;RCC1;TOR1A;CHMP2A;NUP155;LMNA;GPER1;LMNB2	GLOM	GO_BP	no_proc_ieg	10098
GOBP_POSITIVE_REGULATION_OF_ENDOTHELIAL_CELL_PROLIFERATION	1.5336450294828123	0.012915129151291513	0.08928089058240131	20/64	HTR2B;VEGFC;PDGFB;ITGA4;SCG2;MDK;KDR;TNFSF12;MYDGF;CAV2;ACVRL1;ECM1;JCAD;NRP1;NRAS;AGGF1;APLNR;AGTR1;GATA2;POLD4	GLOM	GO_BP	no_proc_ieg	10098
GOBP_MACROPHAGE_CHEMOTAXIS	1.5328222426792477	0.03406813627254509	0.08961002891895734	10/31	CCL5;CSF1R;MAPK1;C3AR1;CKLF;MDK;SLAMF1;MMP2;C5AR1;NUP85	GLOM	GO_BP	no_proc_ieg	10098
GOBP_ACTIVATION_OF_GTPASE_ACTIVITY	1.5309939109705333	0.015444015444015444	0.09064447757988336	10/50	RHOG;ARHGAP45;ECT2;GPR65;TBC1D2B;CORO1C;ARHGAP25;TBC1D2;SCRIB;GMIP	GLOM	GO_BP	no_proc_ieg	10098
GOBP_MAST_CELL_ACTIVATION	1.5306411700125366	0.018367346938775512	0.09066585475652574	14/49	FGR;CD300A;LCP2;PTPN6;RAC2;LAT2;FCGR2B;SYK;MILR1;ADGRE2;PTGDR;BTK;STXBP1;GATA2	GLOM	GO_BP	no_proc_ieg	10098
GOBP_REGULATION_OF_LAMELLIPODIUM_ASSEMBLY	1.528253760500841	0.028629856850715747	0.09231586476539086	7/25	RAC2;ARPC2;TWF2;CYFIP1;ACTR3;CAPZB;FSCN1	GLOM	GO_BP	no_proc_ieg	10098
GOBP_POSITIVE_REGULATION_OF_HYDROLASE_ACTIVITY	1.526506029739655	0.0	0.09339643532327001	69/308	PYCARD;RHOG;CTSS;CASP1;CD300A;CCL5;HTR2B;ARHGAP45;CCL4;BID;TNFSF10;PSENEN;BCL2A1;GNA12;CD40;ECT2;HTRA2;MEF2C;ARL6IP5;RCN3;MAPK12;MAP4K4;ANP32B;CARD8;RASGRP2;GPR65;PCNA;TBC1D2B;CORO1C;TGM2;LAPTM5;ARHGAP25;TBC1D2;EFNA1;FNTA;CD86;SYK;CCL13;SELE;SCRIB;CARD9;CCL18;ATP2A3;CAV2;GNA15;DOCK10;NGFR;GMIP;C5AR1;CASP8;BMP2;RGS16;EZH2;VCP;LCK;DDRGK1;TNFSF15;CALM3;PLEK;CCL19;S100A10;RGS9;GRN;IFI16;AGTR1;CLEC7A;PSME1;BAX;PDCD2	GLOM	GO_BP	no_proc_ieg	10098
GOBP_ENDOTHELIAL_CELL_MIGRATION	1.5255992235545204	0.001953125	0.09383293702567613	60/167	VASH1;VEGFC;FUT1;CD40;MEF2C;ETS1;SP100;PDGFB;SOX18;SCARB1;HDAC9;GATA3;PLK2;SCG2;EFNA1;LPXN;KDR;TNFSF12;LGALS8;SNAI2;PTP4A3;MMRN2;ANXA1;EMP2;PRCP;ADGRA2;ACVRL1;JCAD;NRP1;HDAC5;CEACAM1;PIK3R3;ITGB1BP1;SRPX2;GFUS;GRN;CDH5;RRAS;PLPP3;GATA2;EPHB4;ID1;NR2F2;TGFB1;FAP;PTN;EFNB2;SERPINF1;GADD45A;SPARC;RHOA;CORO1B;PPARG;MEOX2;ATP2B4;PTPRM;GREM1;FGF2;PIK3CG;TBXA2R	GLOM	GO_BP	no_proc_ieg	10098
GOBP_REGULATION_OF_CELL_SHAPE	1.5255792129729098	0.013618677042801557	0.09363693954793194	20/96	RHOG;ITGB2;FGR;HCK;GNA12;CSF1R;MSN;CYFIP1;FN1;LST1;PARVB;CORO1A;CCL13;KDR;FGD6;ANXA1;ITGA7;ARHGAP15;PLXNA2;PLEKHO1	GLOM	GO_BP	no_proc_ieg	10098
GOBP_CEREBELLAR_CORTEX_FORMATION	1.5253097209739304	0.05040322580645161	0.09362958577491678	3/17	MAP2K1;LHX5;CDK5	GLOM	GO_BP	no_proc_ieg	10098
GOBP_MEMBRANE_BIOGENESIS	1.5243640703763996	0.005917159763313609	0.09397511490062473	20/46	UBE2I;REEP4;FLOT1;COL6A1;CAV2;EMP2;LRP4;ANKLE2;NLGN4X;S100A10;PTEN;EPHB2;MAFB;SPAST;VPS4A;CHMP1A;RCC1;SPTBN1;CHMP2A;CAV1	GLOM	GO_BP	no_proc_ieg	10098
GOBP_POSITIVE_REGULATION_OF_CHEMOKINE_PRODUCTION	1.5243194084473717	0.008064516129032258	0.09381165467315249	25/52	PYCARD;MYD88;TLR7;TWIST1;TLR2;CSF1R;OAS3;OAS1;NOD2;SYK;TLR4;CARD9;POSTN;CLEC7A;IL7;TGFB1;APP;IL1B;CD74;TICAM1;TLR3;TRIM32;IL33;IL4R;FFAR2	GLOM	GO_BP	no_proc_ieg	10098
GOBP_VIRAL_PROTEIN_PROCESSING	1.5238899110771664	0.032520325203252036	0.09390815260300207	10/22	GALNT1;SPCS3;MGAT2;MOGS;MAN1B1;ST6GALNAC4;ST3GAL2;MGAT4B;GSK3B;ST3GAL1	GLOM	GO_BP	no_proc_ieg	10098
GOBP_POSITIVE_REGULATION_OF_CELL_DEVELOPMENT	1.5221812751781758	0.0	0.09490358569847467	112/343	CX3CR1;HCLS1;TYROBP;HLX;MAP2K1;TNFRSF1B;PPP2R3C;AURKA;LILRB2;TLR2;VEGFC;PTPRC;RAG1;TRPV2;BDNF;LIMK1;TWF2;CYFIP1;SOX12;BTN2A2;SOX4;HLA-DRB1;FN1;SMARCD2;GATA3;TGM2;INPP5D;CCR1;NCKAP1L;SASH3;MDK;VCAN;HDAC1;CD86;SYK;LILRB4;EVI2B;SMARCE1;HLA-DRA;TREM2;TSPO;SKIL;TESC;ANXA1;PLAG1;ADA;CASP8;BMP2;PLXNA2;RUNX3;LGALS1;NRP1;CDON;TRAF6;ELL3;KITLG;DDRGK1;BTK;EIF4G2;SMARCC2;METRN;CD4;CCL19;SPI1;CXCR4;AMBRA1;CLEC7A;IL7;TRAK1;CDH5;PRKCH;F11R;TGFBR2;TGFB1;PTN;ASPM;STK25;EPHB2;CREB1;SERPINF1;TOX;IL1B;CYLD;SMARCD3;FADD;CD74;RHOA;ETV5;SMAD7;MAP1B;SMARCB1;SMURF1;FGF2;GDI1;HOXA11;SRRT;CDH4;BMPR2;TRIM32;NLRP3;IL33;IL12RB1;CD27;IL15;CD80;DAG1;IL7R;HAPLN1;IL4R;ANKRD27;CBFB;SNW1	GLOM	GO_BP	no_proc_ieg	10098
GOBP_POSITIVE_REGULATION_OF_NEUTROPHIL_MIGRATION	1.5221099996364351	0.04572564612326044	0.09475847630267603	9/25	RAC2;FUT4;C3AR1;IL1R1;NCKAP1L;MDK;C5AR1;CCL19;DNM1L	GLOM	GO_BP	no_proc_ieg	10098
GOBP_HOMEOSTASIS_OF_NUMBER_OF_CELLS	1.5213851527204987	0.0	0.09508579993135546	68/222	CX3CR1;HCLS1;RASSF2;LIPA;PPP2R3C;ISG15;RAG1;RAC2;MEF2C;ADAR;ETS1;SEPTIN4;SOX4;ALAS1;CXCL6;GATA3;INPP5D;CCR2;NCKAP1L;SASH3;HOXB6;IKZF1;NOD2;SLC7A11;CORO1A;TNFSF14;CARD9;PTPN2;MAPK11;SKIL;ANXA1;COL6A1;DOCK10;RPS19;ADA;PKNOX1;EZH2;KITLG;RC3H2;BTK;EXT1;MYCT1;CDK6;SPI1;CHST3;IL7;BAX;SART3;ETV2;GATA2;ZBTB7A;KLF13;TGFB1;TNFRSF17;FAS;PKN1;TUBA1A;MAEA;CYLD;FADD;VPS54;MAFB;BPGM;CD74;HMGB2;CCNB2;PACS1;ZNHIT1	GLOM	GO_BP	no_proc_ieg	10098
GOBP_ORGANELLE_FISSION	1.5208422750666317	0.001996007984031936	0.09525798553838297	102/309	UBE2I;WAPL;REEP4;AURKA;SMC4;NSL1;RAD51AP1;PRC1;NUSAP1;ZWINT;RAB11A;AURKB;UCP2;ACTR3;CEP55;CCNB1;PDGFB;P3H4;LCMT1;NUP62;PSRC1;CORO1C;KIF20B;CHFR;NDC80;KDR;RAD51;DLGAP5;BUB1B;CAV2;MSX1;PSMD13;KIF4A;TPX2;CDT1;CDC20;TOP2A;CENPF;NCAPG;CHEK1;ANKLE2;WRAP73;CENPX;KIF11;SKA1;PTEN;FZR1;NME6;IK;NDC1;SMARCA5;EML3;MYBL1;RALA;DNM1L;KIF2A;TUBG1;CDC25B;CYP26B1;TGFB1;CDK1;XRCC3;ASPM;NPR2;RAD1;CCNE1;UBE2C;SMC2;KIF14;IL1B;NCAPH;TTK;KIF2C;SPAST;RHOA;PPARG;BIRC5;CCNB2;PTTG1;RAD54L;FOXJ2;MUS81;PDGFRB;FLNA;DCTN2;VPS4A;CHMP1A;NDE1;TDRKH;SPDL1;BRCA2;BORA;NEK2;VPS35;RCC1;WNT4;RACGAP1;SPC25;NCAPH2;CCNE2;CENPE;KPNB1	GLOM	GO_BP	no_proc_ieg	10098
GOBP_NEGATIVE_REGULATION_OF_MYOBLAST_DIFFERENTIATION	1.520181120592909	0.05172413793103448	0.09556125572053491	7/16	SOX4;ID3;CXCL10;TBX3;SOSTDC1;TGFB1;PPARD	GLOM	GO_BP	no_proc_ieg	10098
GOBP_SMALL_GTPASE_MEDIATED_SIGNAL_TRANSDUCTION	1.5199524617062081	0.0	0.09551643105197127	108/333	RHOG;LPAR6;DOCK2;GIT2;LIPA;ARHGAP45;DOK2;RGS19;SIPA1;GNA12;RAC2;ECT2;ARRB1;LIMK1;CYFIP1;MRAS;MAP4K4;COL3A1;RASGRP2;GPR65;COL1A2;GPR35;NKIRAS2;NUP62;TGM2;ARHGAP25;PLK2;SDCBP;FLOT1;FNTA;GRAP;ARHGDIB;GNB1;ARHGAP4;RAP1GAP2;GPR4;VAV1;DOCK10;NGFR;GMIP;DOK5;ARHGAP15;ARHGAP17;FOXM1;DENND3;RAP2A;NRP1;NRAS;CDON;LRP4;FARP1;KITLG;RAB35;STMN3;ARFGAP1;DOK1;DHCR24;AGTR1;RAPGEF5;RRAS;RUFY1;RALA;ARHGAP22;F11R;MYO9B;RASIP1;KCTD13;GRB2;MAPRE2;EPHB2;CYTH4;ARHGAP44;ABR;RFXANK;CYTH3;CDC42EP1;KIF14;RHOC;CBL;GABARAP;IQSEC1;ABCA1;RABIF;ELMO1;PDPN;RIT1;RHOA;RASGRP3;FGF2;RAB33A;TGFB2;PIK3CG;GDI1;ADRA2A;RHOF;F2RL2;DOK3;RAB38;CHN1;G3BP1;CDC42SE1;RHOBTB1;RALB;ARHGAP11A;DEF6;SYNJ2BP;RACGAP1;CCNA2	GLOM	GO_BP	no_proc_ieg	10098
GOBP_POSITIVE_REGULATION_OF_CELL_ADHESION_MEDIATED_BY_INTEGRIN	1.5196246566332277	0.038461538461538464	0.09555055471001425	4/20	CCL5;PTPN6;NCKAP1L;SYK	GLOM	GO_BP	no_proc_ieg	10098
GOBP_REGULATION_OF_SISTER_CHROMATID_SEGREGATION	1.5187995200030429	0.011363636363636364	0.09593460669357051	27/75	TACC3;ZWINT;AURKB;CCNB1;LCMT1;SMARCD2;CHFR;NDC80;SMARCE1;DLGAP5;BUB1B;CDC20;CENPF;SMARCC2;IK;CDK1;XRCC3;UBE2C;TTK;SMARCD3;BIRC5;CDC27;SMARCB1;SPDL1;SPC25;CENPE;CDC6	GLOM	GO_BP	no_proc_ieg	10098
GOBP_CALCIUM_MEDIATED_SIGNALING	1.5183645250171407	0.00390625	0.09606512474517234	38/164	CX3CR1;CCRL2;DYRK2;HTR2B;GBP1;HOMER3;CCL4;ATP1A2;PTPRC;MYOZ2;LAT2;C3AR1;FKBP1B;CCR1;ITPR3;CCR2;HTT;SYK;SELE;TREM2;TRPM4;GNA15;ADA;PPP3R1;BTK;CD4;CALM3;PLEK;ATP2A2;CLIC2;RYR1;CXCR4;AGTR1;POMC;CLEC7A;CCR10;ADGRB2;CCR5	GLOM	GO_BP	no_proc_ieg	10098
GOBP_T_CELL_DIFFERENTIATION	1.5181509833262896	0.0019011406844106464	0.09600063891767462	86/225	HLX;DOCK2;LIPA;LILRB2;FGL2;PTPRC;RAG1;CD3D;SOX12;BTN2A2;CD1D;SOX4;FCER1G;HLA-DRB1;ASCL2;SMARCD2;GATA3;CCR2;NCKAP1L;SASH3;MDK;CD86;SYK;LILRB4;SMARCE1;HLA-DRA;PTPN2;JAG2;ANXA1;CD8A;VAV1;ADA;TBX21;RUNX3;PKNOX1;IRF1;LCK;RC3H2;STAT4;ENTPD7;PIK3R3;SMARCC2;CD4;CCL19;CD2;CDK6;SPI1;AMBRA1;IL7;CRTAM;TGFBR2;CYP26B1;TGFB1;PTPN22;TOX;DROSHA;IL1B;CYLD;SMARCD3;FADD;MAFB;CD74;RHOA;SMAD7;SMARCB1;KDELR1;SPN;RSAD2;HLA-DOA;NLRP3;WNT4;IL12RB1;CD27;IL18R1;IL15;CD80;IL7R;NCAPH2;IL4R;CBFB;NHEJ1;SLC4A2;PIK3CD;IL2RG;ITK;LEF1	GLOM	GO_BP	no_proc_ieg	10098
GOBP_REGULATION_OF_CELL_MIGRATION_INVOLVED_IN_SPROUTING_ANGIOGENESIS	1.5165230053492949	0.039761431411530816	0.09696339604149085	15/31	HDAC9;PLK2;KDR;MMRN2;ANXA1;JCAD;NRP1;HDAC5;ITGB1BP1;SRPX2;GATA2;RHOA;MEOX2;FGF2;TBXA2R	GLOM	GO_BP	no_proc_ieg	10098
GOBP_COTRANSLATIONAL_PROTEIN_TARGETING_TO_MEMBRANE	1.5163258996043207	0.0297029702970297	0.09690908671680366	12/16	SEC61B;SSR3;SSR2;SRPRB;TRAM1;SRPRA;TRAM2;SEC61A1;ARL6IP1;SRP72;SRP19;SSR1	GLOM	GO_BP	no_proc_ieg	10098
GOBP_IMMUNE_RESPONSE_REGULATING_CELL_SURFACE_RECEPTOR_SIGNALING_PATHWAY_INVOLVED_IN_PHAGOCYTOSIS	1.5163057545520475	0.045275590551181105	0.09671127377528979	5/17	FGR;HCK;LIMK1;SYK;VAV1	GLOM	GO_BP	no_proc_ieg	10098
GOBP_DNA_REPLICATION	1.515246054576331	0.001893939393939394	0.0972267429631807	76/188	WAPL;ORC6;CINP;DTL;GINS2;TK1;S100A11;PCNA;CARM1;ID3;DSCC1;POLE3;MCM5;BRCA1;RPA2;RAD51;ACVRL1;NYNRIN;CDC34;CDT1;RNASEH2A;CHEK1;JADE3;CENPX;POLH;CDK2AP1;TRAIP;MCRS1;WDHD1;SMARCA5;POLD4;RFC5;CDK1;RPA1;GTPBP4;HMGA1;CCNE1;RUVBL1;SAMHD1;RNASEH1;STN1;FAM111A;BAZ1A;MUS81;TWNK;TFPT;RFC4;ADRA2A;MCMBP;RRM1;DBF4;RFC2;MCM2;PRIM1;BRCA2;NFIX;SMARCAL1;GINS4;TREX1;CCNA2;PURA;SETMAR;CCNE2;E2F8;CDC6;ACTR8;UPF1;PDS5A;POLB;GRWD1;ZPR1;TONSL;WDR18;ORC5;LIG3;RTF2	GLOM	GO_BP	no_proc_ieg	10098
GOBP_RNA_TEMPLATED_DNA_BIOSYNTHETIC_PROCESS	1.5148222437362833	0.03345724907063197	0.09731300393042447	15/45	TINF2;AURKB;MAPK1;TEP1;NOP10;CCT8;NHP2;EXOSC10;CCT6A;CCT3;GCH1;CCT4;RPA1;NAT10;STN1	GLOM	GO_BP	no_proc_ieg	10098
GOBP_MAMMARY_GLAND_MORPHOGENESIS	1.5134261909610787	0.025390625	0.09806386924103447	17/36	CSF1R;NR3C1;SCRIB;KDM5B;TBX3;PML;TBX2;SOSTDC1;BAX;TGFBR2;TGFB1;PGR;NFKB1;IGFBP5;AR;CAPN1;WNT4	GLOM	GO_BP	no_proc_ieg	10098
GOBP_CELL_MIGRATION_INVOLVED_IN_SPROUTING_ANGIOGENESIS	1.513268476149134	0.028112449799196786	0.09797277426963909	19/40	HDAC9;PLK2;KDR;MMRN2;ANXA1;JCAD;NRP1;HDAC5;PIK3R3;ITGB1BP1;SRPX2;GATA2;EPHB4;EFNB2;RHOA;MEOX2;GREM1;FGF2;TBXA2R	GLOM	GO_BP	no_proc_ieg	10098
GOBP_REGULATION_OF_DEFENSE_RESPONSE_TO_VIRUS	1.513139882045507	0.027833001988071572	0.09786807063544309	14/37	PYCARD;FGL2;MICB;APOBEC3F;APOBEC3G;RIGI;TARBP2;IL1B;CCDC92;TRIM22;SPN;TRIM44;IL12RB1;IL15	GLOM	GO_BP	no_proc_ieg	10098
GOBP_REGULATION_OF_BIOLOGICAL_PROCESS_INVOLVED_IN_SYMBIOTIC_INTERACTION	1.5111277469107112	0.03428571428571429	0.09910402245087273	14/41	LTF;IFITM2;TRIM5;HLA-DRB1;IFITM1;CXCL6;FCN1;SNX3;TRIM21;LGALS1;CD4;PTX3;FCN3;CH25H	GLOM	GO_BP	no_proc_ieg	10098
GOBP_COLLAGEN_METABOLIC_PROCESS	1.5095562771354087	0.016494845360824743	0.10007476938190266	35/79	CTSS;RCN3;COL1A2;P3H4;P3H3;EMILIN1;SERPINH1;RETREG2;COL6A1;MMP2;COL5A1;COL1A1;ENG;TGFB1;MMP1;FAP;PLOD3;ADAMTS3;P3H1;ADAM15;P2RX7;MMP11;CST3;VIM;WNT4;RETREG3;HDAC2;MMP15;FURIN;ITGA2;MMP9;AMELX;MMP10;ADAMTS2;TRAM2	GLOM	GO_BP	no_proc_ieg	10098
GOBP_T_CELL_HOMEOSTASIS	1.508978770613199	0.0390625	0.1003115956084838	13/33	PPP2R3C;RAG1;NCKAP1L;CORO1A;TNFSF14;RC3H2;CHST3;BAX;TGFB1;FAS;FADD;CCNB2;P2RX7	GLOM	GO_BP	no_proc_ieg	10098
GOBP_POSITIVE_REGULATION_OF_OLIGODENDROCYTE_DIFFERENTIATION	1.5087049151639358	0.039603960396039604	0.10029771227871671	9/22	TNFRSF1B;TLR2;MDK;HDAC1;CXCR4;PTN;IL33;DAG1;HDAC2	GLOM	GO_BP	no_proc_ieg	10098
GOBP_SIGNAL_TRANSDUCTION_IN_RESPONSE_TO_DNA_DAMAGE	1.508589417609729	0.005791505791505791	0.10015466651876129	35/128	TWIST1;BABAM1;BID;DTL;TRIAP1;MAPK12;SOX4;SP100;HUS1;PLK2;BRCA1;PTTG1IP;RPA2;RAD51;SNAI2;MSX1;CD44;FOXM1;GTSE1;CCND1;CHEK1;PML;FZR1;WDR76;CDK1;GRB2;PRPF19;GADD45A;RAD1;CASP2;CD74;TAOK3;TTI1;ZNHIT1;MUS81	GLOM	GO_BP	no_proc_ieg	10098
GOBP_POSITIVE_REGULATION_OF_LEUKOCYTE_DEGRANULATION	1.5082920289643187	0.0425531914893617	0.10017570575645901	8/21	ITGB2;FGR;ITGAM;SYK;HLA-F;PTAFR;STXBP1;GATA2	GLOM	GO_BP	no_proc_ieg	10098
GOBP_AMINOGLYCAN_METABOLIC_PROCESS	1.5075611699198923	0.010416666666666666	0.10045862830548201	34/86	DSE;HPSE;CHPF2;CHST15;ITIH3;PDGFB;CHST11;IDS;CSGALNACT1;HMMR;CD44;B4GALT7;GLB1;B4GALT5;HS3ST2;EXT1;CHST3;LYVE1;ST3GAL2;NDST2;HEXB;TGFB1;HYAL3;B3GAT3;IL1B;GUSB;FGF2;HYAL2;NFKB1;SLC35D2;CHIT1;ST3GAL1;EXT2;NDST1	GLOM	GO_BP	no_proc_ieg	10098
GOBP_MITOTIC_CYTOKINESIS	1.507023429641971	0.023255813953488372	0.10064865637540778	28/58	ZFYVE26;NUSAP1;ECT2;RAB11A;AURKB;CEP55;NUP62;KIF20B;KIF4A;KIF20A;IQGAP1;RAB35;RHOC;SPAST;RHOA;BIRC5;CENPA;EXOC1;VPS4A;CHMP1A;RACGAP1;EXOC5;SEPTIN6;MYH10;SPTBN1;CHMP2A;TRIM36;CFL1	GLOM	GO_BP	no_proc_ieg	10098
GOBP_REGULATION_OF_SPINDLE_ORGANIZATION	1.5054382290450934	0.03747534516765286	0.10162974088155315	11/27	TACC3;STIL;GNAI1;NUP62;PSRC1;GPSM2;TPX2;EML3;DCTN1;CHMP1A;BORA	GLOM	GO_BP	no_proc_ieg	10098
GOBP_HUMORAL_IMMUNE_RESPONSE	1.5050324769245573	0.0	0.10165672039765401	44/197	C1QA;CCL5;PPP2R3C;LTF;CFD;CCL4;PTPN6;PTPRC;C1QB;RNASE6;ALOX5;MEF2C;LYZ;HLA-DQB1;FCGR2B;HLA-DRB1;CFB;CXCL6;GATA3;CXCL10;FCN1;CCR2;IGHM;EBI3;HLA-A;SPON2;NOD2;CCL13;TREM2;FCMR;CCL18;SERPING1;RPS19;C3;GNLY;H2BC21;VSIG4;PSMB10;CXCL11;CCL19;FCN3;HLA-E;SH2D1A;IL7	GLOM	GO_BP	no_proc_ieg	10098
GOBP_REGULATION_OF_INFLAMMASOME_MEDIATED_SIGNALING_PATHWAY	1.5046482596250348	0.0437375745526839	0.10172917328152463	7/21	MYD88;GBP2;CD36;CARD8;TLR4;TREM2;BTK	GLOM	GO_BP	no_proc_ieg	10098
GOBP_NEGATIVE_REGULATION_OF_PEPTIDYL_TYROSINE_PHOSPHORYLATION	1.5041673533859623	0.040776699029126215	0.1018854882074253	7/29	CD300A;PTPN6;MVP;PTPRC;DUSP22;LILRB4;PTPN2	GLOM	GO_BP	no_proc_ieg	10098
GOBP_POSITIVE_REGULATION_OF_RELEASE_OF_CYTOCHROME_C_FROM_MITOCHONDRIA	1.5039792314775815	0.05567010309278351	0.10182325583793796	7/19	PYCARD;BID;TNFSF10;MLLT11;BAX;DNM1L;PLAUR	GLOM	GO_BP	no_proc_ieg	10098
GOBP_SPINDLE_ASSEMBLY	1.5029872964436155	0.014462809917355372	0.10232986378334422	35/86	AURKA;CCDC69;STIL;PRC1;RAB11A;AURKB;NDC80;GPSM2;KIF4A;TPX2;CDC20;WRAP73;TUBGCP5;KIF11;PTEN;SAC3D1;EML3;KIF2A;MAPRE2;ASPM;RHOA;BIRC5;CCNB2;FLNA;CHMP1A;NEK2;RCC1;TUBB;CSNK1D;RACGAP1;KPNB1;MLH1;MAPRE1;HAUS7;CHMP2A	GLOM	GO_BP	no_proc_ieg	10098
GOBP_REGULATION_OF_SIGNAL_TRANSDUCTION_BY_P53_CLASS_MEDIATOR	1.5028719235196897	0.022304832713754646	0.1022330721080949	15/67	DYRK2;TWIST1;AURKA;TRIAP1;AURKB;SOX4;TRIM24;PTTG1IP;SNAI2;MSX1;CD44;ELL3;CHEK1;PML;RPS20	GLOM	GO_BP	no_proc_ieg	10098
GOBP_PYRIMIDINE_NUCLEOSIDE_TRIPHOSPHATE_METABOLIC_PROCESS	1.5026746432501399	0.045275590551181105	0.10216600182285986	9/16	DTYMK;UCK2;ENTPD7;TYMS;NME6;NME3;NME1;CTPS1;DCTPP1	GLOM	GO_BP	no_proc_ieg	10098
GOBP_REGULATION_OF_LEUKOCYTE_APOPTOTIC_PROCESS	1.5020398386498235	0.017964071856287425	0.10244143952387672	26/56	HCLS1;CCL5;IDO1;RAG1;MEF2C;AURKB;EFNA1;NOD2;SLC7A11;ANXA1;ADA;KITLG;BTK;IRF7;CCL19;BAX;CCR5;FADD;CD74;P2RX7;ST3GAL1;CD27;IL7R;PIK3CD;LILRB1;GAS6	GLOM	GO_BP	no_proc_ieg	10098
GOBP_PODOSOME_ASSEMBLY	1.5019467137868538	0.04703476482617587	0.10229557389666459	6/15	HCK;LCP1;MSN;BIN2;FSCN1;CAPG	GLOM	GO_BP	no_proc_ieg	10098
GOBP_REGULATION_OF_NITRIC_OXIDE_SYNTHASE_ACTIVITY	1.5019137842352124	0.04329896907216495	0.1021211427723456	7/17	HTR2B;GLA;SCARB1;GCH1;NOSIP;IL1B;ATP2B4	GLOM	GO_BP	no_proc_ieg	10098
GOBP_BLOOD_VESSEL_MORPHOGENESIS	1.5011265720915798	0.0	0.10251138705812879	141/463	CX3CR1;TWIST1;VASH1;HEY2;VEGFC;FUT1;PTPN6;CD36;STAB1;TGFBI;CD40;ALOX5;HPSE;ETS1;CSPG4;COL3A1;SOX4;SP100;HTATIP2;FN1;C3AR1;SHC1;SOX18;COL4A1;HDAC9;CYBB;TGM2;CXCL10;SOX17;CLIC4;PLK2;TYMP;CCR2;SCG2;EFNA1;MDK;WARS1;BRCA1;ADAM12;EMILIN1;SYK;PANK2;MFGE8;KDR;TNFSF12;HHEX;CLIC3;GPR4;ADAMTS1;COL15A1;MMRN2;ANXA1;MYDGF;NGFR;MMP2;EMP2;C5AR1;PRCP;NOTCH4;PRKCB;ADGRA2;CASP8;ACVRL1;ECM1;C3;JCAD;TBX1;NRP1;PPP3R1;PKNOX1;ADGRB3;HDAC5;CEACAM1;COMP;ELK3;PIK3R3;PML;HEY1;TBX2;ITGB1BP1;SRPX2;CD34;AGGF1;ITGA5;ENG;HOXA3;THBS2;GRN;APLNR;CXCR4;AGTR1;CDH5;RRAS;BAX;ETV2;GATA2;EPHB4;ADGRB2;ID1;ARHGAP22;NR2F2;TGFBR2;SEMA3E;RASIP1;TGFB1;FAP;EPHB2;HK2;EFNB2;NPR2;SERPINF1;GADD45A;RAMP2;IL12A;CCL8;ADM;IL1B;EFEMP2;RAMP1;SPARC;RHOA;PPARG;SMAD7;MEOX2;FOXJ2;SGPL1;ATP2B4;UBP1;ADAM15;PDGFRB;FLNA;PTPRM;GREM1;FGF2;TGFB2;PIK3CG;CD47;TBXA2R;TLR3;CALCRL;FKBPL	GLOM	GO_BP	no_proc_ieg	10098
GOBP_REGULATION_OF_TUMOR_NECROSIS_FACTOR_MEDIATED_SIGNALING_PATHWAY	1.5007388375516149	0.03143418467583497	0.10255834011547639	13/42	PYCARD;CASP1;PIAS3;CARD8;NKIRAS2;LAPTM5;SYK;PTPN2;CASP8;CASP4;EXT1;PIAS4;TRAIP	GLOM	GO_BP	no_proc_ieg	10098
GOBP_PROTEIN_O_LINKED_GLYCOSYLATION	1.500287526749925	0.017716535433070866	0.10273216084506276	20/56	GALNT1;SLC35C1;POGLUT2;C1GALT1C1;B4GALT5;ST6GALNAC4;TRAK1;ST3GAL2;PLOD1;GALNT2;FKTN;DPM2;PLOD3;GALNT6;GALNT7;DPM3;GALNT10;PLOD2;ST3GAL1;IL15	GLOM	GO_BP	no_proc_ieg	10098
GOBP_CELLULAR_RESPONSE_TO_LIPOPROTEIN_PARTICLE_STIMULUS	1.4999050397662328	0.05523809523809524	0.1027896087708061	8/27	MYD88;ITGB2;CD36;FCER1G;SYK;TLR4;TREM2;CD68	GLOM	GO_BP	no_proc_ieg	10098
GOBP_VACUOLE_ORGANIZATION	1.499789931530044	0.0	0.10264923331909898	51/147	LIPA;ZFYVE26;PPT1;ATG4A;HSD17B1;SH3GLB1;LAPTM5;CORO1A;RAB23;TPP1;FEZ1;PIP4K2A;TRAF6;TASL;EXT1;ATP2A2;GRN;AMBRA1;ATG9A;ACP2;HEXB;LAPTM4B;EPHB2;NPR2;ATG3;FIG4;CLN8;GABARAP;ABCA1;MCOLN1;VPS54;UBQLN2;ATP6V0B;EFNB1;P2RX7;SMURF1;RAB33A;VPS4A;CHMP1A;SRPX;VPS35;RALB;TRIM32;TREX1;GAA;VPS11;IFT20;HPS1;ATP6AP1;TBC1D12;WDR45	GLOM	GO_BP	no_proc_ieg	10098
GOBP_RRNA_PROCESSING	1.4994602793435294	0.00980392156862745	0.10269775469315279	64/143	ISG20;WDR3;RPP40;POP7;RRP7A;EBNA1BP2;POP4;NOP10;RPS19;UTP14A;MRTO4;NHP2;EXOSC10;NOL7;WDR12;RRP12;UTP11;TSR3;DIMT1;GTPBP4;TSR1;NOP56;NAT10;DROSHA;DDX47;RRP8;NOL11;YTHDF2;RNASEL;POP5;REXO4;PIN4;NOL8;BMS1;GEMIN4;RRP15;PELP1;DDX21;NOP14;PES1;GTF2H5;WDR18;METTL18;EMG1;DDX52;EXOSC2;TSR2;RPP25;MAK16;EXOSC5;MRM3;EXOSC4;IMP4;KRI1;BYSL;RPS21;FBL;NOL10;FTSJ3;RPL35A;NVL;USP36;MRM2;NOP2	GLOM	GO_BP	no_proc_ieg	10098
GOBP_POSITIVE_REGULATION_OF_EPITHELIAL_TO_MESENCHYMAL_TRANSITION	1.498832624097776	0.028513238289205704	0.10295395068198523	14/42	TWIST1;MDK;SDCBP;EMP2;BMP2;EZH2;COL1A1;TGFB1I1;BAMBI;ENG;TGFBR2;TGFB1;IL1B;PDPN	GLOM	GO_BP	no_proc_ieg	10098
GOBP_MYELOID_CELL_DIFFERENTIATION	1.4983353267090416	0.0	0.10315837163471867	80/304	HCLS1;TYROBP;MYD88;RASSF2;LIPA;LTF;TLR2;PTPN6;NBEAL2;PIAS3;ISG15;RAC2;MEF2C;ADAR;CSF1R;ETS1;UCP2;THOC5;HLA-DRB1;ALAS1;IRF8;GATA3;INPP5D;CCR1;HOXB8;NCKAP1L;NR3C1;IKZF1;TLR4;CEBPA;LILRB4;EVI2B;TREM2;PTPN2;MAPK11;TESC;PAF1;OSTM1;RPS19;CASP8;PIP4K2A;BMP2;CBFA2T3;PKNOX1;HOXB7;TRAF6;KITLG;TPM4;CEACAM1;IRF7;PML;SH3PXD2A;CD4;CCL19;SNRK;CDK6;IFI16;SPI1;ETV2;GATA2;ZBTB7A;KLF13;TGFBR2;TGFB1;FBN1;UBD;CREB1;APP;CDKN2B;ITGB6;MAEA;FADD;VPS54;MAFB;BPGM;CD74;HMGB2;MFAP2;PPARG;CCN4	GLOM	GO_BP	no_proc_ieg	10098
GOBP_VIRAL_LIFE_CYCLE	1.4976445116601476	0.0017857142857142857	0.10340163161982162	94/224	CCL5;LTF;ISG20;OAS2;TNFRSF14;IFITM2;ISG15;APOBEC3F;ADAR;TRIM5;HLA-DRB1;OAS3;IFITM1;SCARB1;APOBEC3A;CCNK;FCN1;OAS1;CD86;SNX3;CAV2;SLAMF1;KPNA2;APOBEC3G;STOM;PCSK5;TRIM21;SELPLG;SIGLEC1;LGALS1;NRP1;VCP;TOP2A;MX1;TNIP1;TNFRSF4;CD4;PTX3;ITGA5;PCBP1;FCN3;IFI16;CXCR4;AGTR1;CH25H;PPIB;SIVA1;IFIH1;TARBP2;CCR5;IFI27;F11R;CDK1;PPID;SLC52A2;EFNB2;CCL8;VPS28;ITGB6;TRIM25;NMT2;CD74;FAM111A;SMARCB1;RNASEL;MORC2;TRIM22;VPS4A;HYAL2;CHMP1A;BST2;LY6E;IFIT1;RSAD2;CD81;CTBP2;NCAM1;CD80;CLEC5A;DAG1;VAPB;PPIE;P4HB;DYNLT1;NR5A2;ICAM1;GAS6;FURIN;TRIM28;ITGA2;RAB7A;CHMP2A;EFNB3;CAV1	GLOM	GO_BP	no_proc_ieg	10098
GOBP_REGULATION_OF_TOLL_LIKE_RECEPTOR_SIGNALING_PATHWAY	1.4973018809518936	0.04030710172744722	0.10345707923327856	6/24	CD300A;CD36;LRRC14;IRF1;TASL;IRF7	GLOM	GO_BP	no_proc_ieg	10098
GOBP_PROTEIN_LOCALIZATION_TO_CHROMATIN	1.497262481104377	0.04780876494023904	0.10329949631680593	16/34	WAPL;MACROH2A1;MACROH2A2;EZH2;VCP;PIAS4;SPI1;BRD3;CENPA;LEF1;TONSL;H4C13;PARP1;RUVBL2;BRD2;H2AC8	GLOM	GO_BP	no_proc_ieg	10098
GOBP_RRNA_METABOLIC_PROCESS	1.4953077723844954	0.004	0.10459425743761566	76/172	MACROH2A1;ISG20;WDR3;RPP40;MACROH2A2;POP7;RRP7A;SLFN12;EBNA1BP2;POP4;NOP10;MARS1;PELO;RPS19;UTP14A;MRTO4;NHP2;EXOSC10;NOL7;WDR12;RRP12;GTF3C3;UTP11;TSR3;CAVIN1;DIMT1;GTPBP4;TSR1;NOP56;NAT10;DROSHA;DDX47;RRP8;NOL11;YTHDF2;SMARCB1;RNASEL;POP5;REXO4;PIN4;NOL8;BMS1;POLR1G;GEMIN4;RRP15;POLR1E;PELP1;DDX21;NOP14;PES1;GTF2H5;WDR18;METTL18;EMG1;DDX52;EXOSC2;TSR2;RPP25;MAK16;EXOSC5;MRM3;EXOSC4;IMP4;KRI1;POLR2E;BYSL;RPS21;IPPK;FBL;NOL10;FTSJ3;RPL35A;NVL;USP36;MRM2;NOP2	GLOM	GO_BP	no_proc_ieg	10098
GOBP_NEGATIVE_REGULATION_OF_B_CELL_ACTIVATION	1.4947846908387927	0.03747534516765286	0.10472789787010064	10/25	TYROBP;CD300A;FCGR2B;LAPTM5;INPP5D;BTK;MNDA;PKN1;SAMSN1;TNFRSF21	GLOM	GO_BP	no_proc_ieg	10098
GOBP_POSITIVE_REGULATION_OF_ALPHA_BETA_T_CELL_ACTIVATION	1.4927853837373317	0.01727447216890595	0.10602352036738671	27/58	HLX;PTPRC;HLA-DRB1;CCR2;NCKAP1L;EBI3;HLA-A;SASH3;CD86;SYK;LILRB4;HLA-DRA;ANXA1;ADA;RUNX3;CCL19;HLA-E;TGFBR2;IL12A;RHOA;CD81;NLRP3;IL12RB1;CD80;IL4R;CBFB;IL2RG	GLOM	GO_BP	no_proc_ieg	10098
GOBP_MAINTENANCE_OF_PROTEIN_LOCALIZATION_IN_ORGANELLE	1.4927121389517424	0.03639846743295019	0.10587086318862132	12/32	SP100;CDK5;RER1;TSPO;KDELR3;PML;KDELR2;HK2;PGR;SUPT7L;KDELR1;OS9	GLOM	GO_BP	no_proc_ieg	10098
GOBP_DEFENSE_RESPONSE_TO_FUNGUS	1.4917540754931444	0.034	0.10645747057939757	9/33	CX3CR1;LTF;SPON2;CARD9;GNLY;SPI1;CLEC7A;COTL1;TGFB1	GLOM	GO_BP	no_proc_ieg	10098
GOBP_REGULATION_OF_PROTEIN_BINDING	1.4915355108716473	0.011695906432748537	0.10642598963523532	37/89	AURKA;CAMK1;BDNF;AURKB;PDGFB;ITGA4;FLOT1;CSNK1E;BAG2;IFIT2;ATP2A3;BMP2;TRIM21;LDLRAP1;HDAC5;BLK;BAMBI;ITGB1BP1;ATP2A2;BAX;DACT1;MAP2;SYMPK;TRIB3;ADAM15;HDAC4;LRPAP1;GSK3B;IFIT1;RALB;DNAJB2;STK4;MARK2;TLE5;TFIP11;MMP9;ABL1	GLOM	GO_BP	no_proc_ieg	10098
GOBP_REGULATION_OF_NUCLEAR_DIVISION	1.4912490440033805	0.01730769230769231	0.10643358510694255	35/105	AURKA;RAD51AP1;NUSAP1;ZWINT;AURKB;CCNB1;PDGFB;LCMT1;NUP62;KIF20B;NDC80;DLGAP5;BUB1B;CAV2;MSX1;CDC20;CENPF;CHEK1;FZR1;NME6;IK;XRCC3;NPR2;RAD1;UBE2C;IL1B;TTK;BIRC5;PDGFRB;SPDL1;BORA;NEK2;RCC1;WNT4;SPC25	GLOM	GO_BP	no_proc_ieg	10098
GOBP_RECEPTOR_INTERNALIZATION	1.4912050505041488	0.012121212121212121	0.10625539750657356	42/98	ITGB2;HTR2B;ENTREP1;CD36;ARRB1;RIN3;FCER1G;SDCBP;FLOT1;SYK;SELE;SCRIB;LILRB4;RAB31;PPP3R1;DNM3;LDLRAP1;DNM1;CEACAM1;SYT17;AP2S1;RALA;MTMR2;GRB2;EFNB2;RAMP2;ADM;DLG4;SNX1;RAMP1;UBQLN2;GREM1;CALCRL;LRPAP1;AP2A2;CD81;RALB;AP2M1;CD63;AP2B1;SNCA;LILRB1	GLOM	GO_BP	no_proc_ieg	10098
GOBP_MYOTUBE_DIFFERENTIATION	1.4901607436890392	0.01717557251908397	0.10683025532430955	21/84	CD53;DOCK2;MEF2C;BDNF;MAML1;HDAC9;CXCL10;FLOT1;ADAM12;HDAC1;TNFSF14;ADAMTS5;COL6A1;CAV2;PLEKHO1;TBX1;CDON;ADGRB3;HDAC5;JAM2;RYR1	GLOM	GO_BP	no_proc_ieg	10098
GOBP_MITOTIC_CYTOKINETIC_PROCESS	1.4896497913632407	0.045454545454545456	0.10700485011608449	10/20	ECT2;RAB11A;CEP55;NUP62;KIF20B;KIF20A;IQGAP1;RHOA;VPS4A;CHMP1A	GLOM	GO_BP	no_proc_ieg	10098
GOBP_REGULATION_OF_NUCLEASE_ACTIVITY	1.4891387255743544	0.038314176245210725	0.10717662465472431	5/17	GZMA;OAS2;PCNA;OAS3;OAS1	GLOM	GO_BP	no_proc_ieg	10098
GOBP_CHEMOKINE_PRODUCTION	1.488325994067328	0.013257575757575758	0.10770138486040927	16/71	PYCARD;MYD88;TLR7;TWIST1;TLR2;CSF1R;OAS3;CXCL6;OAS1;NOD2;SYK;TLR4;CARD9;LILRB4;TREM2;SNAI2	GLOM	GO_BP	no_proc_ieg	10098
GOBP_POSITIVE_REGULATION_OF_AXONOGENESIS	1.4883093781316228	0.026530612244897958	0.10750322114124211	19/60	MAP2K1;TRPV2;BDNF;LIMK1;TWF2;CYFIP1;FN1;SKIL;PLXNA2;NRP1;EIF4G2;METRN;TRAK1;STK25;MAP1B;SMURF1;GDI1;CDH4;BMPR2	GLOM	GO_BP	no_proc_ieg	10098
GOBP_POSITIVE_REGULATION_OF_REGULATED_SECRETORY_PATHWAY	1.4881713968383548	0.02702702702702703	0.10740830143266918	10/33	ITGB2;FGR;ITGAM;CDK5;SYK;HLA-F;PTAFR;STXBP1;GATA2;HYAL3	GLOM	GO_BP	no_proc_ieg	10098
GOBP_REGULATION_OF_TRANSFERASE_ACTIVITY	1.4868092032355151	0.0	0.10822155786842204	126/433	UBE2I;PYCARD;RASSF2;FGR;MAP2K1;CD300A;CCL5;HTR2B;MACROH2A1;TCIM;LCP2;LTF;TIGAR;TINF2;MVP;PTPRC;GPRC5B;CAMK1;CD40;ECT2;ADAR;CSF1R;TRIM27;AURKB;LIMK1;MAPK1;CDKN3;CCNB1;HLA-DRB1;LILRA5;PCNA;PDGFB;RTRAF;DUSP22;PSRC1;CORO1C;DSCC1;CCNK;CDKN2C;EFNA1;WARS1;ADRB2;HTT;CD86;TLR4;KDR;HHEX;LILRB4;TREM2;MAP3K11;PAK2;BAG2;QARS1;EMP2;C5AR1;BMP2;EZH2;PLAAT4;TPX2;TRAF6;CDC20;CCND1;IQGAP1;CEACAM1;TNFSF15;CD4;CALM3;ITGB1BP1;CCL19;MMD;PTEN;FZR1;AGTR1;TARBP2;EPHB4;CCT4;RFC5;NR2F2;TGFBR2;RASIP1;ERP29;GTPBP4;SLAMF8;EPHB2;DUSP7;APP;GADD45A;CDKN2B;PTPN22;CALM1;CCNE1;UBE2C;KIF14;CBL;DLG4;IL1B;CCND2;CD74;RHOA;TAOK3;UCHL1;PPARG;CCNB2;SMAD7;LMO4;TRIB3;PDGFRB;SNF8;GREM1;FGF2;TGFB2;PIK3CG;HYAL2;LTK;TLR3;FGFR3;RFC4;ADRA2A;GSK3B;RFC2;BORA;NEK2;FLT4;CCND3;RALB;IRAK1	GLOM	GO_BP	no_proc_ieg	10098
GOBP_REGULATION_OF_LEUKOCYTE_TETHERING_OR_ROLLING	1.485963198316677	0.053169734151329244	0.10866162097410906	5/17	FUT4;CCR2;ITGA4;SELE;PTAFR	GLOM	GO_BP	no_proc_ieg	10098
GOBP_REGULATION_OF_TOLL_LIKE_RECEPTOR_4_SIGNALING_PATHWAY	1.485506191982499	0.05399568034557235	0.10882190792518581	8/18	LTF;CD14;LILRA2;FLOT1;TREM2;IFI35;PTPN22;NR1H3	GLOM	GO_BP	no_proc_ieg	10098
GOBP_REGULATION_OF_CELLULAR_EXTRAVASATION	1.4843703576754146	0.03406813627254509	0.10946892384702554	14/32	IL27RA;FUT4;IL1R1;CCR2;ITGA4;MDK;SELE;PTAFR;LYVE1;FADD;CD47;PLVAP;PDGFD;ICAM1	GLOM	GO_BP	no_proc_ieg	10098
GOBP_PLACENTA_BLOOD_VESSEL_DEVELOPMENT	1.4822454603620085	0.052525252525252523	0.11092346882977151	4/20	MAP2K1;VASH1;HEY2;MAPK1	GLOM	GO_BP	no_proc_ieg	10098
GOBP_POSITIVE_REGULATION_OF_PROTEASOMAL_PROTEIN_CATABOLIC_PROCESS	1.4817496174725722	0.020080321285140562	0.11113344301176531	35/64	AURKA;CHFR;CSNK1E;CEBPA;TREM2;BAG2;CBFA2T3;PSMC4;VCP;CDC20;DDRGK1;FZR1;KEAP1;GABARAP;UBQLN2;RBX1;SMAD7;TRIB3;GSK3B;BCAP31;DDA1;IL33;CSNK1D;DNAJB2;TRIB2;WFS1;USP13;RNFT1;CLU;SGTA;CAV1;BBS7;PSMC5;RAD23A;PSMC3	GLOM	GO_BP	no_proc_ieg	10098
GOBP_POSITIVE_REGULATION_OF_UBIQUITIN_DEPENDENT_PROTEIN_CATABOLIC_PROCESS	1.480851287665084	0.009861932938856016	0.11167129139306825	30/61	AURKA;LAPTM5;CHFR;CSNK1E;CEBPA;BAG2;CBFA2T3;CCDC22;VCP;CDC20;DDRGK1;TGFB1I1;PTEN;FZR1;KEAP1;GABARAP;RBX1;SMAD7;TRIB3;SMURF1;GSK3B;BCAP31;DDA1;IL33;CSNK1D;DNAJB2;TRIB2;CLU;SGTA;BBS7	GLOM	GO_BP	no_proc_ieg	10098
GOBP_POSITIVE_REGULATION_OF_LOCOMOTION	1.4774408067700096	0.0	0.11417750057403571	114/440	CX3CR1;UBE2I;PYCARD;FGR;TWIST1;CCL5;TNFRSF14;VEGFC;CCL4;FUT1;PTPRC;ACTA2;CD40;RAC2;RAB11A;CSF1R;MAPK1;ETS1;FUT4;MAP4K4;SEMA4C;S100A11;ADAM10;BAG4;ASCL2;PDGFB;FN1;FAM89B;C3AR1;SCARB1;HDAC9;GATA3;CXCL10;CCR1;IL1R1;SEMA3F;PLK2;CCR2;ITGA4;NCKAP1L;SCG2;KIF20B;MDK;SDCBP;STK39;CORO1A;CCL13;TLR4;SELE;TNFSF14;PECAM1;PLA2G7;KDR;TREM2;SNAI2;ADAMTS1;CCL18;ANXA1;SLAMF1;MMP2;C5AR1;ADGRA2;CASP8;BMP2;PTAFR;JCAD;NRP1;ELP3;EZH2;KITLG;GNAI2;WNT5B;DDRGK1;COL1A1;PIK3R3;POSTN;ITGB1BP1;CCL19;SRPX2;TRADD;ITGA5;JAM2;GFUS;GRN;CXCR4;CLEC7A;LYVE1;CDH5;RRAS;PLPP3;GATA2;CAVIN1;DNM1L;TGFBR2;SEMA3E;TGFB1;MAPRE2;PTN;EPHB2;APP;PLAU;SMURF2;IL12A;CCL8;RHOC;IL1B;IQSEC1;PDPN;IL16;SEMA4F;FADD;SPARC;CD74;RHOA	GLOM	GO_BP	no_proc_ieg	10098
GOBP_POSITIVE_REGULATION_OF_LAMELLIPODIUM_ORGANIZATION	1.4772113554566586	0.054878048780487805	0.11412829100928773	7/26	RAC2;ARPC2;TWF2;CYFIP1;ACTR3;CORO1C;FSCN1	GLOM	GO_BP	no_proc_ieg	10098
GOBP_REGULATION_OF_INTRACELLULAR_PROTEIN_TRANSPORT	1.4771652931647528	0.013257575757575758	0.11395147353048163	29/105	HCLS1;UBE2J1;PRR5L;CD36;CAMK1;LCP1;ECT2;ANP32B;SP100;CDK5;KIF20B;RAB23;FRAT2;OAZ2;IFI27;TGFB1;CDK1;OAZ1;ARHGAP44;B3GAT3;ERGIC3;IL1B;CEP131;FLNA;HYAL2;GSK3B;BCAP31;OS9;CD81	GLOM	GO_BP	no_proc_ieg	10098
GOBP_HETEROTYPIC_CELL_CELL_ADHESION	1.4765229539186984	0.025048169556840076	0.11430644248793637	12/49	ITGB2;ITGAM;LILRB2;PTPRC;CD1D;ITGA4;FLOT1;ITGA7;CD44;LCK;CD2;ITGA5	GLOM	GO_BP	no_proc_ieg	10098
GOBP_NEGATIVE_REGULATION_OF_CELL_ADHESION	1.4762220258162175	0.003875968992248062	0.11431570726214078	53/221	HLX;CD300A;LILRB2;FGL2;GBP1;TNFRSF14;IDO1;PTPN6;PTPRC;SIPA1;TGFBI;BTN2A2;MAP4K4;ADAM10;FXYD5;HLA-DRB1;ASCL2;DUSP22;CORO1C;LAPTM5;MDK;LPXN;CD86;SCRIB;LILRB4;SNAI2;PTPN2;ANXA1;LRRC32;MMP2;NOTCH4;ACVRL1;BMP2;TBX21;PLXNA2;RUNX3;VSIG4;IRF1;ADAMDEC1;CEACAM1;RC3H2;COL1A1;POSTN;ITGB1BP1;PTEN;HLA-E;SPI1;TNC;CRTAM;SEMA3E;TGFB1;GTPBP4;EPHB2	GLOM	GO_BP	no_proc_ieg	10098
GOBP_MODULATION_BY_HOST_OF_SYMBIONT_PROCESS	1.4731433955276712	0.024193548387096774	0.11662272719292599	12/55	CX3CR1;CCL5;LTF;CCL4;CSF1R;TAF11;CCNK;HDAC1;NOD2;CARD9;CAV2;STOM	GLOM	GO_BP	no_proc_ieg	10098
GOBP_POSITIVE_REGULATION_OF_POST_TRANSLATIONAL_PROTEIN_MODIFICATION	1.4722922626332955	0.02286902286902287	0.11707053362343493	28/85	NMI;PIAS3;SEPTIN4;LAPTM5;PTTG1IP;NOD2;CHFR;FANCI;DERL1;TRAF6;VCP;CDC20;TNIP1;CENPX;PIAS4;PTEN;FZR1;PEF1;RNF111;PTPN22;UBE2C;GABARAP;RBX1;TRIB3;HDAC4;TICAM1;GSK3B;SKP2	GLOM	GO_BP	no_proc_ieg	10098
GOBP_NOTCH_SIGNALING_PATHWAY	1.4718582895410812	0.007619047619047619	0.11721780606672488	32/119	TCIM;HEY2;SLC35C1;PSENEN;ARRB1;ADAM10;MAML1;NOD2;CEBPA;SNAI2;PTP4A3;JAG2;SUSD5;NOTCH4;ACVRL1;BMP2;NRIP2;PSEN2;WDR12;POSTN;HEY1;TBX2;ITGB1BP1;CDK6;ETV2;GATA2;ZBTB7A;TGFBR2;TGFB1;TSPAN5;GAS2;APP	GLOM	GO_BP	no_proc_ieg	10098
GOBP_REGULATION_OF_POST_TRANSLATIONAL_PROTEIN_MODIFICATION	1.471673748552262	0.0020325203252032522	0.11712836841827738	47/165	NMI;UBE2I;PIAS3;ISG15;ARRB1;LIMK1;SEPTIN4;SOX4;LAPTM5;CDK5;PTTG1IP;NOD2;CHFR;FANCI;TSPO;BAG2;USP4;TRIM21;DERL1;TRAF6;COPS5;VCP;CDC20;TNIP1;CENPX;CRTAP;PIAS4;PTEN;FZR1;PEF1;PPIB;GTPBP4;RNF111;PTPN22;UBE2C;VPS28;GABARAP;P3H1;UBXN1;RBX1;SMAD7;TRIB3;COPS6;HDAC4;TICAM1;GSK3B;SKP2	GLOM	GO_BP	no_proc_ieg	10098
GOBP_PURINE_NUCLEOSIDE_MONOPHOSPHATE_BIOSYNTHETIC_PROCESS	1.4706646501957676	0.05405405405405406	0.11773816498416584	7/16	DCK;ADSL;HPRT1;ADA;APRT;PFAS;IMPDH1	GLOM	GO_BP	no_proc_ieg	10098
GOBP_POSITIVE_REGULATION_OF_CELL_CYCLE_G2_M_PHASE_TRANSITION	1.4698564926496922	0.05747126436781609	0.11815582155349655	11/24	DTL;RAB11A;CCNB1;PBX1;CCND1;CDC25B;CDK1;APP;SMARCD3;RRM1;CDK4	GLOM	GO_BP	no_proc_ieg	10098
GOBP_NEGATIVE_REGULATION_OF_BINDING	1.4696337242247122	0.012844036697247707	0.11810428817775998	21/82	WAPL;AURKA;GZMA;HEY2;CAMK1;AURKB;SP100;PDGFB;SUMO3;ITGA4;CSNK1E;BAG2;IFIT2;ATP2A3;ITGB1BP1;ATP2A2;IFI16;BAX;DACT1;GTPBP4;MAP2	GLOM	GO_BP	no_proc_ieg	10098
GOBP_SPLICEOSOMAL_SNRNP_ASSEMBLY	1.469345945527037	0.0550098231827112	0.11817221113187418	15/26	SNRPD3;USP4;SART3;WDR77;PRPF19;CD2BP2;GEMIN4;LSM2;SNRPB;STRAP;TSSC4;PRPF3;GEMIN6;GEMIN2;GEMIN7	GLOM	GO_BP	no_proc_ieg	10098
GOBP_REGULATION_OF_ALPHA_BETA_T_CELL_DIFFERENTIATION	1.4667299548623882	0.03557312252964427	0.1201425758111095	26/56	HLX;HLA-DRB1;ASCL2;GATA3;NCKAP1L;SASH3;CD86;SYK;LILRB4;HLA-DRA;ANXA1;ADA;TBX21;RUNX3;RC3H2;CCL19;TGFBR2;RHOA;SMAD7;NLRP3;IL12RB1;CD80;IL4R;CBFB;SLC4A2;IL2RG	GLOM	GO_BP	no_proc_ieg	10098
GOBP_REGULATION_OF_B_CELL_MEDIATED_IMMUNITY	1.466094502810081	0.04038461538461539	0.120431865058886	12/43	IL27RA;PTPN6;PTPRC;CD40;FCGR2B;NOD2;TREM2;TBX21;C3;BTK;HLA-E;TGFB1	GLOM	GO_BP	no_proc_ieg	10098
GOBP_BIOLOGICAL_PROCESS_INVOLVED_IN_INTERACTION_WITH_SYMBIONT	1.465608715294117	0.015717092337917484	0.12062193297714428	15/77	CX3CR1;MYD88;CCL5;LTF;CCL4;CSF1R;FN1;CXCL6;TAF11;CCNK;HDAC1;NOD2;CARD9;CAV2;STOM	GLOM	GO_BP	no_proc_ieg	10098
GOBP_CELLULAR_RESPONSE_TO_INTERLEUKIN_1	1.4652149850851177	0.026565464895635674	0.12077047970179795	11/63	PYCARD;MYD88;CCL5;GBP1;GBP2;CD40;TNIP2;IL1R1;MAPK11;MMP2;TRAF6	GLOM	GO_BP	no_proc_ieg	10098
GOBP_CELL_MATRIX_ADHESION	1.4650018364874975	0.0	0.12070250649305339	42/173	ITGB2;ITGAM;FUT1;CD36;GPM6B;NID2;HPSE;MAP4K4;COL3A1;ITGAL;FN1;DUSP22;CDH11;CORO1C;ITGA4;CDK5;EMILIN1;COL13A1;THBS3;KDR;ITGA7;EMP2;CD44;ACVRL1;SIGLEC1;NRP1;POSTN;ITGB1BP1;S100A10;CD34;ITGA5;CDK6;PTEN;GFUS;ITGAE;LYVE1;RRAS;CD96;SEMA3E;PEAK1;PLAU;NID1	GLOM	GO_BP	no_proc_ieg	10098
GOBP_COLLAGEN_BIOSYNTHETIC_PROCESS	1.464830237208316	0.032196969696969696	0.12063478136171302	16/34	RCN3;P3H4;P3H3;EMILIN1;SERPINH1;COL5A1;COL1A1;ENG;TGFB1;ADAMTS3;VIM;WNT4;HDAC2;ITGA2;AMELX;TRAM2	GLOM	GO_BP	no_proc_ieg	10098
GOBP_POSITIVE_REGULATION_OF_PROTEIN_CATABOLIC_PROCESS	1.4638431439166486	0.015625	0.12129001653779939	58/126	TNFRSF1B;AURKA;DTL;MSN;SOX17;PLK2;CHFR;CSNK1E;CEBPA;TNFSF12;TREM2;CUL4B;BAG2;CBFA2T3;PSMC4;OAZ2;VCP;CDC20;DDRGK1;FZR1;LPCAT1;DACT1;KEAP1;OAZ1;VPS28;GABARAP;IL1B;UBQLN2;RBX1;SMAD7;TRIB3;SNF8;ADRA2A;GSK3B;BCAP31;CD81;VPS35;TRIM32;DDA1;IL33;CSNK1D;HAMP;DNAJB2;NSF;VPS11;TRIB2;NRDC;MARCHF2;WFS1;USP13;RNFT1;CLU;SGTA;FURIN;RAB7A;VGLL4;CAV1;BBS7	GLOM	GO_BP	no_proc_ieg	10098
GOBP_VIRAL_GENE_EXPRESSION	1.4636065820036528	0.022774327122153208	0.1212721295611089	28/72	CCL5;GALNT1;CCL4;TRIM27;TAF11;HDAC1;EIF3D;TRIM21;SPCS3;MGAT2;MOGS;MAN1B1;ST6GALNAC4;ST3GAL2;TARBP2;MGAT4B;EIF3G;UBP1;SMARCB1;GSK3B;MCTS1;ST3GAL1;TRIM32;SP1;TRIM14;SNW1;LEF1;FURIN	GLOM	GO_BP	no_proc_ieg	10098
GOBP_FACULTATIVE_HETEROCHROMATIN_FORMATION	1.4613078988298693	0.04665314401622718	0.12302823784199257	13/28	DNMT1;MACROH2A1;HDAC1;EZH2;SMARCA5;KDM5A;RRP8;MORC2;DNMT3A;PHF2;MBD3;TRIM28;ATF7IP	GLOM	GO_BP	no_proc_ieg	10098
GOBP_POSITIVE_REGULATION_OF_PROTEOLYSIS_INVOLVED_IN_PROTEIN_CATABOLIC_PROCESS	1.460286479733098	0.020491803278688523	0.12370788096497883	40/77	AURKA;LAPTM5;CHFR;CSNK1E;CEBPA;TREM2;BAG2;CBFA2T3;CCDC22;PSMC4;VCP;CDC20;DDRGK1;TGFB1I1;PTEN;FZR1;KEAP1;GABARAP;UBQLN2;RBX1;SMAD7;TRIB3;SMURF1;GSK3B;BCAP31;DDA1;IL33;CSNK1D;DNAJB2;TRIB2;WFS1;USP13;RNFT1;CLU;SGTA;CAV1;BBS7;PSMC5;RAD23A;PSMC3	GLOM	GO_BP	no_proc_ieg	10098
GOBP_PLASMA_MEMBRANE_REPAIR	1.4600979928834277	0.060077519379844964	0.12362727186259044	6/17	SYT11;MYOF;S100A10;CASP7;VPS4A;CHMP1A	GLOM	GO_BP	no_proc_ieg	10098
GOBP_B_CELL_PROLIFERATION	1.4595118265842624	0.011363636363636364	0.1239171198508583	26/74	TYROBP;CD300A;PTPRC;CD40;MEF2C;FCGR2B;CD38;INPP5D;NCKAP1L;SASH3;TLR4;AHR;ADA;BTK;TNFRSF4;IL7;BAX;EPHB2;MNDA;PKN1;CD74;CTPS1;CD180;TICAM1;TNFRSF21;CD81	GLOM	GO_BP	no_proc_ieg	10098
GOBP_CD8_POSITIVE_ALPHA_BETA_T_CELL_ACTIVATION	1.4589214491936937	0.07058823529411765	0.12419186631024043	11/19	NCKAP1L;HLA-A;LILRB4;RUNX3;IRF1;HLA-E;CRTAM;TOX;CBFB;SLC4A2;LILRB1	GLOM	GO_BP	no_proc_ieg	10098
GOBP_O_GLYCAN_PROCESSING	1.4565132332417705	0.04660194174757282	0.12607125748857775	10/25	GALNT1;C1GALT1C1;B4GALT5;ST6GALNAC4;ST3GAL2;GALNT2;GALNT6;GALNT7;GALNT10;ST3GAL1	GLOM	GO_BP	no_proc_ieg	10098
GOBP_REGULATION_OF_PHOSPHOLIPID_METABOLIC_PROCESS	1.4561896181067604	0.0550098231827112	0.12616106572178623	9/22	HTR2B;PDGFB;SCARB1;LPCAT1;MTMR2;ABCA3;APOC1;MTMR9;RAB38	GLOM	GO_BP	no_proc_ieg	10098
GOBP_BRANCHING_INVOLVED_IN_BLOOD_VESSEL_MORPHOGENESIS	1.4547542310150472	0.04175365344467641	0.12725721690750022	13/26	COL4A1;MDK;KDR;NOTCH4;NRP1;PPP3R1;ENG;TGFBR2;SEMA3E;FKBPL;STK4;LEF1;ABL1	GLOM	GO_BP	no_proc_ieg	10098
GOBP_VASCULAR_ASSOCIATED_SMOOTH_MUSCLE_CELL_DIFFERENTIATION	1.4542384002976034	0.060851926977687626	0.1274861404742666	9/24	DNMT1;HEY2;PDGFB;COMP;ENG;APLNR;RAMP2;ADM;EFEMP2	GLOM	GO_BP	no_proc_ieg	10098
GOBP_ENDOTHELIUM_DEVELOPMENT	1.4540667053731549	0.009541984732824428	0.12742566492102816	31/99	MYD88;LIPA;HEY2;GJA4;HPSE;MSN;SOX18;CXCL10;SOX17;CLIC4;PECAM1;KDR;NOTCH4;ACVRL1;NRP1;CEACAM1;HEY1;EDF1;HOXB5;CD34;CXCR4;CDH5;ETV2;F11R;NR2F2;PLOD3;FZD1;IL1B;PDPN;RHOA;FOXJ2	GLOM	GO_BP	no_proc_ieg	10098
GOBP_GLYCOPROTEIN_CATABOLIC_PROCESS	1.4536993747806488	0.06525911708253358	0.12756208528342422	8/23	HPSE;GPC1;IDS;GLB1;BTK;MAN1B1;GUSB;CST3	GLOM	GO_BP	no_proc_ieg	10098
GOBP_INTRACELLULAR_RECEPTOR_SIGNALING_PATHWAY	1.4534961657094094	0.0036101083032490976	0.12751953802634156	81/254	PYCARD;MYD88;TLR7;TWIST1;ZDHHC18;GBP2;CD36;SLC15A3;PPT1;NAGK;TLR8;RNF125;AURKB;TNIP2;MAPK1;CARD8;TRIM24;CARM1;ZDHHC3;OAS3;NR3C1;BRCA1;FLOT1;OAS1;HDAC1;NOD2;TLR4;TREM2;SNAI2;AHR;PRCP;BMP2;TBX1;MN1;EZH2;TRAF3IP3;RIGI;TRAF6;PMEPA1;SCARA3;TASL;DDRGK1;BTK;IRF7;PML;YWHAH;IFIH1;TARBP2;ZBTB7A;NR2F2;CYP26B1;PGR;LBH;PTPN22;COLEC12;PKN1;TRIM3;NR1H3;TRIM25;IRAK4;CYLD;PPARD;RHOA;PPARG;PLPP1;KMT2D;SREBF1;TICAM1;TLR3;ALDH1A2;RNF34;AR;SKP2;RXRA;FLOT2;RSAD2;IRAK1;CTBP2;NLRP3;UFD1;TREX1	GLOM	GO_BP	no_proc_ieg	10098
GOBP_AMEBOIDAL_TYPE_CELL_MIGRATION	1.4532036080572526	0.0018450184501845018	0.12754444873639192	103/330	TWIST1;PRR5L;HTR2B;VASH1;VEGFC;FUT1;ACTA2;GNA12;CD40;MEF2C;RAB11A;ETS1;MAP4K4;LAMTOR2;SEMA4C;SP100;BAG4;PDGFB;FN1;SOX18;SCARB1;HDAC9;CD248;CORO1C;GATA3;SOX17;SEMA3F;PLK2;ITGA4;SCG2;EFNA1;CAP1;MACIR;LPXN;CORO1A;ARHGDIB;KDR;TNFSF12;ARHGAP4;LGALS8;SNAI2;RIC8A;PTP4A3;MMRN2;ANXA1;PDLIM1;EMP2;PRCP;ADGRA2;TIMP1;ACVRL1;JCAD;TBX1;NRP1;KITLG;IQGAP1;HDAC5;CEACAM1;PIK3R3;PML;TNS1;ITGB1BP1;SRPX2;PTEN;ENG;GFUS;GRN;CDH5;RRAS;PLPP3;GATA2;EPHB4;ID1;NR2F2;TGFBR2;SEMA3E;TGFB1;MAPRE2;FAP;PTN;EFNB2;SERPINF1;GADD45A;SMURF2;PKN1;IQSEC1;SEMA4F;PPARD;SPARC;RHOA;CORO1B;PPARG;MEOX2;SGPL1;EFNB1;PLEC;ATP2B4;PTPRM;GREM1;FGF2;TGFB2;PIK3CG;HYAL2	GLOM	GO_BP	no_proc_ieg	10098
GOBP_ICOSANOID_BIOSYNTHETIC_PROCESS	1.4518024501880884	0.042884990253411304	0.1285672028583891	15/35	PYCARD;CASP1;ALOX5;FADS1;SYK;LTC4S;PLA2G4A;PTGS1;GGT5;MGST3;TBXAS1;LTA4H;IL1B;CD74;MGST2	GLOM	GO_BP	no_proc_ieg	10098
GOBP_NEGATIVE_REGULATION_OF_CELLULAR_SENESCENCE	1.4506838026164237	0.06	0.1293259527591533	7/18	TWIST1;PLK2;TBX2;CDK6;PTEN;FZR1;GCH1	GLOM	GO_BP	no_proc_ieg	10098
GOBP_NEGATIVE_REGULATION_OF_TISSUE_REMODELING	1.4505860331709794	0.06851851851851852	0.1291978867851488	9/17	CSK;CD38;INPP5D;PPARG;P2RX7;GREM1;TNFRSF11B;CST3;HAMP	GLOM	GO_BP	no_proc_ieg	10098
GOBP_TRNA_METABOLIC_PROCESS	1.450288364866335	0.014227642276422764	0.12921179911993755	22/105	LAGE3;YARS2;RPP40;POP7;RTRAF;WARS1;POLR2F;POP4;QARS1;QTRT2;MARS1;THG1L;CLP1;DUS1L;ELP3;WDR4;EXOSC10;HARS1;PUS3;LARS2;GTF3C3;TRMT1	GLOM	GO_BP	no_proc_ieg	10098
GOBP_NEGATIVE_REGULATION_OF_T_CELL_PROLIFERATION	1.448163912498054	0.02620967741935484	0.1309249157655908	22/57	LILRB2;TNFRSF14;IDO1;PTPN6;BTN2A2;HLA-DRB1;CD86;SCRIB;LILRB4;LRRC32;VSIG4;HLA-E;CRTAM;TGFB1;SPN;TNFRSF21;CD80;SLC4A2;LILRB1;CASP3;PDE5A;PDCD1LG2	GLOM	GO_BP	no_proc_ieg	10098
GOBP_ESTABLISHMENT_OF_PROTEIN_LOCALIZATION_TO_CHROMOSOME	1.4463058808411688	0.06903353057199212	0.13239696237869403	11/21	MACROH2A1;MACROH2A2;CCT8;CCT6A;CCT3;CCT4;BRCA2;ACD;RUVBL2;CCT7;WRAP53	GLOM	GO_BP	no_proc_ieg	10098
GOBP_NEGATIVE_REGULATION_OF_INTRACELLULAR_TRANSPORT	1.44569612924915	0.04854368932038835	0.13266915476529936	6/31	UBE2J1;CD36;SP100;CDK5;RAB23;SNX3	GLOM	GO_BP	no_proc_ieg	10098
GOBP_DNA_TEMPLATED_DNA_REPLICATION_MAINTENANCE_OF_FIDELITY	1.445427267616586	0.04655493482309125	0.13270226476383112	12/34	PCNA;CARM1;BRCA1;RAD51;CENPX;TRAIP;SAMHD1;FAM111A;MUS81;BRCA2;SMARCAL1;SETMAR	GLOM	GO_BP	no_proc_ieg	10098
GOBP_REGULATION_OF_SMOOTH_MUSCLE_CELL_DIFFERENTIATION	1.4450010717422477	0.05465587044534413	0.1328346306915159	10/27	DNMT1;HEY2;MED28;PDGFB;NOTCH4;HEY1;ENG;TGFB1;EFEMP2;SMARCD3	GLOM	GO_BP	no_proc_ieg	10098
GOBP_VESICLE_DOCKING_INVOLVED_IN_EXOCYTOSIS	1.4440513431819273	0.06809338521400778	0.13350337233154413	11/20	PLEK;STXBP1;PPFIA3;EXOC1;SYTL2;RAB8A;UNC13B;RALB;YKT6;EXOC5;VPS11	GLOM	GO_BP	no_proc_ieg	10098
GOBP_POSITIVE_REGULATION_OF_T_CELL_CYTOKINE_PRODUCTION	1.443143632037323	0.058931860036832415	0.13408240845939265	15/24	GATA3;IL1R1;HLA-A;SASH3;SLAMF1;TBX21;TRAF6;IL1B;RSAD2;CD81;NLRP3;IL18R1;TRAF2;CD55;ARID5A	GLOM	GO_BP	no_proc_ieg	10098
GOBP_REGULATION_OF_T_HELPER_CELL_DIFFERENTIATION	1.4414519131167525	0.0594059405940594	0.13548902242271366	10/34	HLX;HLA-DRB1;ASCL2;GATA3;CD86;HLA-DRA;ANXA1;TBX21;RC3H2;CCL19	GLOM	GO_BP	no_proc_ieg	10098
GOBP_POSITIVE_REGULATION_OF_RESPONSE_TO_CYTOKINE_STIMULUS	1.4406970714202456	0.04821802935010482	0.13597746361781146	18/43	CASP1;TLR2;LAPTM5;IL1R1;TLR4;TREM2;RIGI;CASP4;IRF7;CXCR4;IKBKE;IL7;IFIH1;FADD;CD74;AGPAT1;TRIM44;TRIM32	GLOM	GO_BP	no_proc_ieg	10098
GOBP_NON_CANONICAL_NF_KAPPAB_SIGNAL_TRANSDUCTION	1.4392512667048385	0.01694915254237288	0.1371132227336247	37/86	NMI;PYCARD;RASSF2;TLR7;TCIM;TLR2;RBCK1;LAPTM5;NOD2;CD86;TLR4;TNFSF14;TREM2;PTP4A3;ADISSP;IFI35;TRAF6;AKIP1;VCP;RC3H2;TNFSF15;CCL19;SPI1;LITAF;NLRP2;APP;PTPN22;IL1B;CYLD;RHOA;GREM1;NFKB1;TLR3;TRIM44;NLRP3;CD27;IL18R1	GLOM	GO_BP	no_proc_ieg	10098
GOBP_CYTOSKELETON_DEPENDENT_CYTOKINESIS	1.438971009360214	0.04119850187265917	0.13710160651756118	30/68	ZFYVE26;NUSAP1;ECT2;RAB11A;AURKB;SEPTIN4;ACTR3;CEP55;NUP62;KIF20B;KIF4A;KIF20A;IQGAP1;RAB35;RHOC;SPAST;RHOA;BIRC5;CENPA;EXOC1;PLEC;VPS4A;CHMP1A;RACGAP1;EXOC5;SEPTIN6;MYH10;SPTBN1;CHMP2A;TRIM36	GLOM	GO_BP	no_proc_ieg	10098
GOBP_ANTIVIRAL_INNATE_IMMUNE_RESPONSE	1.43668142506688	0.05847953216374269	0.13903033779780355	11/34	IFIT3;CARD8;CXCL10;OAS1;IFIT2;RIGI;TRAF6;MX1;IFIH1;SMARCA5;TRIM25	GLOM	GO_BP	no_proc_ieg	10098
GOBP_REGULATION_OF_VASCULAR_ENDOTHELIAL_GROWTH_FACTOR_RECEPTOR_SIGNALING_PATHWAY	1.4365494277311996	0.06313645621181263	0.1389251415697912	9/23	VEGFC;EMILIN1;HHEX;MMRN2;PRKCB;NRP1;ITGA5;IL1B;GRB10	GLOM	GO_BP	no_proc_ieg	10098
GOBP_POSITIVE_REGULATION_OF_EXTRINSIC_APOPTOTIC_SIGNALING_PATHWAY	1.4360806452465662	0.04065040650406504	0.1390869486494616	13/44	PYCARD;BID;TNFSF10;PTPRC;RBCK1;HTRA2;LTB;TLR4;TNFSF12;PAK2;SKIL;ITM2C;PML	GLOM	GO_BP	no_proc_ieg	10098
GOBP_VASCULAR_ENDOTHELIAL_GROWTH_FACTOR_RECEPTOR_SIGNALING_PATHWAY	1.4355984209318602	0.04008016032064128	0.13930181929624696	10/39	VEGFC;EMILIN1;KDR;HHEX;PAK2;MMRN2;VAV1;PRKCB;NRP1;ITGA5	GLOM	GO_BP	no_proc_ieg	10098
GOBP_MODULATION_BY_SYMBIONT_OF_ENTRY_INTO_HOST	1.435084006734415	0.056	0.13956183365101235	19/36	IFITM2;TRIM5;HLA-DRB1;IFITM1;FCN1;SNX3;TRIM21;LGALS1;CD4;PTX3;FCN3;CH25H;TRIM25;CD74;TRIM22;LY6E;P4HB;FURIN;CAV1	GLOM	GO_BP	no_proc_ieg	10098
GOBP_NEGATIVE_REGULATION_OF_CELL_CELL_ADHESION	1.4345538252537484	0.01263157894736842	0.1398171406902012	28/140	HLX;CD300A;LILRB2;FGL2;TNFRSF14;IDO1;PTPN6;BTN2A2;FXYD5;HLA-DRB1;ASCL2;DUSP22;LAPTM5;MDK;CD86;SCRIB;LILRB4;PTPN2;ANXA1;LRRC32;NOTCH4;BMP2;TBX21;RUNX3;VSIG4;IRF1;CEACAM1;RC3H2	GLOM	GO_BP	no_proc_ieg	10098
GOBP_NEGATIVE_REGULATION_OF_MYELOID_LEUKOCYTE_DIFFERENTIATION	1.4344232260668743	0.05202312138728324	0.13971911927487599	13/37	LTF;PIAS3;INPP5D;TLR4;LILRB4;PTPN2;CEACAM1;CDK6;GATA2;FBN1;MAFB;TNFRSF11B;TLR3	GLOM	GO_BP	no_proc_ieg	10098
GOBP_PYRIMIDINE_RIBONUCLEOTIDE_BIOSYNTHETIC_PROCESS	1.4342014271953696	0.07100591715976332	0.13968799940495344	7/17	DCK;UCK2;NME6;NME3;AK5;NME1;CTPS1	GLOM	GO_BP	no_proc_ieg	10098
GOBP_POSITIVE_REGULATION_OF_TYPE_2_IMMUNE_RESPONSE	1.4330616635004843	0.07677165354330709	0.1404753141734857	10/17	IDO1;GATA3;NOD2;CD86;CD74;RSAD2;CD81;NLRP3;IL33;IL4R	GLOM	GO_BP	no_proc_ieg	10098
GOBP_TUMOR_NECROSIS_FACTOR_MEDIATED_SIGNALING_PATHWAY	1.4327851579268969	0.033663366336633666	0.14050745924543892	18/72	PYCARD;CASP1;TNFRSF1B;TNFRSF14;PIAS3;CARD8;NKIRAS2;LAPTM5;SYK;PTPN2;CASP8;TRAF6;CASP4;TNFRSF4;EXT1;PIAS4;TRADD;TRAIP	GLOM	GO_BP	no_proc_ieg	10098
GOBP_GANGLIOSIDE_METABOLIC_PROCESS	1.4323394960768776	0.06746031746031746	0.14066816661250178	8/17	ST8SIA4;NEU1;B4GALT5;ST6GALNAC4;ST3GAL2;HEXB;ST3GAL1;GM2A	GLOM	GO_BP	no_proc_ieg	10098
GOBP_NUCLEAR_MEMBRANE_ORGANIZATION	1.4309578929738398	0.04844961240310078	0.14172561370366046	14/32	UBE2I;REEP4;CTDNEP1;PRKCB;ANKLE2;TMEM43;CDK1;TOR1B;SPAST;DCTN1;VPS4A;CHMP1A;RCC1;TOR1A	GLOM	GO_BP	no_proc_ieg	10098
GOBP_POSITIVE_REGULATION_OF_PROGRAMMED_CELL_DEATH	1.430904096504712	0.0	0.141544267784705	88/383	PYCARD;RASSF2;CTSS;TNFRSF1B;CCL5;GZMA;GBP1;CALHM2;TIGAR;IDO1;GBP2;BID;TNFSF10;PRF1;PTPRC;RBCK1;CD40;ECT2;HTRA2;MEF2C;ARL6IP5;PHLDA2;SEPTIN4;SOX4;HTATIP2;CARM1;TNFAIP8;LTB;MLLT11;MELK;CD248;IRF8;TGM2;ID3;LAPTM5;INPP5D;ITGA4;CDK5;NR3C1;HTT;EMILIN1;SYK;TLR4;SCRIB;TNFSF12;E2F3;MAP3K11;PTPN2;PAK2;TSPO;SKIL;ANXA1;IFIT2;NGFR;MSX1;MMP2;CASP8;BMP2;STK17B;LGALS1;ITM2C;CDC34;CASP4;TOP2A;LCK;PML;TNFRSF10C;PIAS4;TRADD;ATP2A2;UTP11;GRN;CLEC7A;GCH1;BAX;PDCD2;DNM1L;TGFB1;PPID;FAP;UBD;MNDA;GADD45A;FAS;STK17A;CASP7;IL12A;CASP2	GLOM	GO_BP	no_proc_ieg	10098
GOBP_REGULATION_OF_DEPHOSPHORYLATION	1.4303763604291124	0.021696252465483234	0.14189632112152856	23/67	CD300A;PPP2R3C;LILRB2;GNA12;MEF2C;YWHAB;NCKAP1L;HTT;BMP2;PPP1R7;IQGAP1;ANKLE2;CALM3;PLEK;AMBRA1;CDH5;MTMR2;TGFB1;CALM1;MTMR9;PDGFRB;PPP1R8;GSK3B	GLOM	GO_BP	no_proc_ieg	10098
GOBP_REGULATION_OF_MITOTIC_NUCLEAR_DIVISION	1.430245571813408	0.032567049808429116	0.14175476768501025	28/87	AURKA;NUSAP1;ZWINT;AURKB;CCNB1;PDGFB;LCMT1;NUP62;KIF20B;NDC80;DLGAP5;BUB1B;CAV2;CDC20;CENPF;CHEK1;NME6;IK;XRCC3;UBE2C;IL1B;TTK;BIRC5;PDGFRB;SPDL1;BORA;NEK2;RCC1	GLOM	GO_BP	no_proc_ieg	10098
GOBP_GLUCOSE_CATABOLIC_PROCESS	1.4296951141285934	0.06693711967545639	0.14201709521228456	4/21	ENO2;TIGAR;HK3;ENO3	GLOM	GO_BP	no_proc_ieg	10098
GOBP_REGULATION_OF_PROTEIN_DEPHOSPHORYLATION	1.4292357005507528	0.026871401151631478	0.14222983917369733	16/49	CD300A;LILRB2;GNA12;YWHAB;NCKAP1L;HTT;PPP1R7;ANKLE2;CALM3;AMBRA1;CDH5;TGFB1;CALM1;PDGFRB;PPP1R8;GSK3B	GLOM	GO_BP	no_proc_ieg	10098
GOBP_V_D_J_RECOMBINATION	1.4282030234399345	0.06728971962616823	0.14290188996950257	8/15	RAG1;DCLRE1C;CYREN;HMGB2;NHEJ1;LEF1;POLB;LIG3	GLOM	GO_BP	no_proc_ieg	10098
GOBP_T_CELL_SELECTION	1.4272730281285881	0.04734848484848485	0.1435698224681802	17/43	DOCK2;PTPRC;CD3D;CD1D;GATA3;SYK;PTPN2;JAG2;TBX21;CD4;TOX;CYLD;CD74;RHOA;SPN;IL12RB1;IL15	GLOM	GO_BP	no_proc_ieg	10098
GOBP_ALPHA_BETA_T_CELL_PROLIFERATION	1.426256465983679	0.04633204633204633	0.1443287085198372	10/32	DOCK2;TNFRSF14;PTPRC;CCR2;EBI3;HLA-A;SYK;IRF1;HLA-E;TGFBR2	GLOM	GO_BP	no_proc_ieg	10098
GOBP_REGULATION_OF_PROTEIN_TYROSINE_KINASE_ACTIVITY	1.4260680366999325	0.05576923076923077	0.1442756834658001	8/32	MVP;PTPRC;GPRC5B;CSF1R;LILRA5;DUSP22;EFNA1;LILRB4	GLOM	GO_BP	no_proc_ieg	10098
GOBP_POSITIVE_REGULATION_OF_DEPHOSPHORYLATION	1.4254731631125175	0.04	0.14459619996279255	15/39	CD300A;LILRB2;GNA12;MEF2C;BMP2;PPP1R7;ANKLE2;CALM3;PLEK;AMBRA1;CDH5;TGFB1;CALM1;MTMR9;PDGFRB	GLOM	GO_BP	no_proc_ieg	10098
GOBP_ENDOCARDIAL_CUSHION_FORMATION	1.4245586093188018	0.07	0.14522348781542618	10/25	HEY2;SNAI2;TBX3;MSX1;BMP2;TBX2;ENG;APLNR;TGFBR2;TGFB1	GLOM	GO_BP	no_proc_ieg	10098
GOBP_VASCULOGENESIS	1.4245298274008935	0.043137254901960784	0.1450118746275223	21/58	HEY2;SOX18;SOX17;KDR;EMP2;NRP1;CEACAM1;HEY1;CD34;AGGF1;ENG;APLNR;RRAS;TGFBR2;RASIP1;TGFB1;NPR2;RAMP2;ADM;SGPL1;PDGFRB	GLOM	GO_BP	no_proc_ieg	10098
GOBP_PROTEIN_FOLDING	1.4242171882886092	0.017341040462427744	0.14508929730392078	55/134	FKBP11;SDF2;WIPF1;PPIC;BAG4;TBCC;TBCB;FKBP1B;CDC123;PRDX4;PDIA5;BAG2;CCT8;PDIA4;CCT6A;DNAJC1;UGGT1;CRTAP;CCT3;PFDN1;MOGS;PDIA6;GRN;DNAJC3;PPIB;CCT4;TOR1B;SACS;PPID;ERP29;SDF2L1;VBP1;QSOX1;DNAJC10;FKBP2;P3H1;CD74;ERO1A;HSPB2;ENGASE;DNAJB2;AHSA1;TOR1A;PPIE;P4HB;WFS1;CLU;RP2;TAPBP;DFFA;PFDN6;ZPR1;HSPA5;AIP;HYOU1	GLOM	GO_BP	no_proc_ieg	10098
GOBP_REGULATION_OF_PROTEIN_EXPORT_FROM_NUCLEUS	1.424123027348036	0.05304518664047151	0.1449265830953553	8/28	CAMK1;ANP32B;SP100;CDK5;FRAT2;IFI27;IL1B;GSK3B	GLOM	GO_BP	no_proc_ieg	10098
GOBP_REGULATION_OF_ENDOTHELIAL_CELL_MIGRATION	1.4215027586643842	0.013861386138613862	0.14717582666565568	45/128	VASH1;VEGFC;FUT1;CD40;MEF2C;ETS1;SP100;PDGFB;SCARB1;HDAC9;GATA3;PLK2;EFNA1;KDR;MMRN2;ANXA1;EMP2;PRCP;ADGRA2;ACVRL1;JCAD;NRP1;HDAC5;CEACAM1;ITGB1BP1;SRPX2;GFUS;GRN;RRAS;PLPP3;GATA2;NR2F2;TGFB1;PTN;SERPINF1;GADD45A;SPARC;RHOA;PPARG;MEOX2;ATP2B4;PTPRM;FGF2;PIK3CG;TBXA2R	GLOM	GO_BP	no_proc_ieg	10098
GOBP_RECEPTOR_MEDIATED_ENDOCYTOSIS	1.4199517936084578	0.005870841487279843	0.14842634790282003	56/189	ITGB2;HTR2B;ITGAM;ENTREP1;CD36;CD14;PPT1;STAB1;ARRB1;RIN3;FCGR2B;FCER1G;ITGA4;CAP1;SDCBP;ADRB2;FLOT1;SYK;SELE;SCRIB;LILRB4;FCMR;HMMR;CAV2;RAB31;C3;SIGLEC1;PPP3R1;DNM3;LDLRAP1;DNM1;FCHO1;CEACAM1;SYT17;CCL19;LYVE1;PIP5K1C;AP2S1;RALA;MTMR2;DGKD;GRB2;MARCO;EFNB2;RAMP2;MSR1;ADM;CBL;DLG4;SNX1;RAMP1;H1-1;UBQLN2;APOC1;FCHSD2;GREM1	GLOM	GO_BP	no_proc_ieg	10098
GOBP_NEGATIVE_REGULATION_OF_OSTEOCLAST_DIFFERENTIATION	1.418311701988929	0.07100591715976332	0.14994816605359676	9/25	LTF;PIAS3;INPP5D;TLR4;LILRB4;FBN1;MAFB;TNFRSF11B;TLR3	GLOM	GO_BP	no_proc_ieg	10098
GOBP_NEGATIVE_REGULATION_OF_TYPE_II_INTERFERON_PRODUCTION	1.4177524828130352	0.06212424849699399	0.15021480739594692	7/29	HLA-DRB1;GATA3;LAPTM5;NOD2;TLR4;LILRB4;SLAMF1	GLOM	GO_BP	no_proc_ieg	10098
GOBP_AORTA_DEVELOPMENT	1.4163321981886519	0.055445544554455446	0.1513608439764374	22/42	HEY2;COL3A1;SOX4;NGFR;ACVRL1;TBX1;HEY1;TBX2;ENG;APLNR;TGFBR2;EFNB2;EFEMP2;PDGFRB;TGFB2;ADAMTS6;GAA;NDST1;AP2B1;DCTN5;SNX17;SIX1	GLOM	GO_BP	no_proc_ieg	10098
GOBP_REGULATION_OF_CELL_CYCLE_G2_M_PHASE_TRANSITION	1.4154095239226436	0.019157088122605363	0.15205914142741803	22/80	AURKA;MACROH2A1;BABAM1;DTL;RAB11A;AURKB;CCNB1;HUS1;BRCA1;CHFR;PBX1;CENPF;CCND1;CHEK1;CDK6;FZR1;CDC25B;CDK1;APP;KIF14;SMARCD3;TAOK3	GLOM	GO_BP	no_proc_ieg	10098
GOBP_MEIOTIC_CHROMOSOME_SEGREGATION	1.415160185746283	0.05122950819672131	0.1520601730874722	16/53	AURKA;SMC4;ZWINT;ACTR3;P3H4;CHFR;NDC80;PTEN;NDC1;ASPM;CCNE1;SMC2;NCAPH;TTK;CCNB2;PTTG1	GLOM	GO_BP	no_proc_ieg	10098
GOBP_REGULATION_OF_SUPEROXIDE_ANION_GENERATION	1.4146044628748047	0.08171206225680934	0.1523835385614865	7/18	TYROBP;ITGB2;ITGAM;SYK;GNAI2;CLEC7A;TGFB1	GLOM	GO_BP	no_proc_ieg	10098
GOBP_NEGATIVE_REGULATION_OF_NUCLEAR_DIVISION	1.4145930610946122	0.06627680311890838	0.15215313347074313	15/44	ZWINT;AURKB;CCNB1;LCMT1;NDC80;BUB1B;CDC20;CENPF;CHEK1;NME6;IK;XRCC3;RAD1;TTK;BIRC5	GLOM	GO_BP	no_proc_ieg	10098
GOBP_NEUTROPHIL_CHEMOTAXIS	1.4145344881532471	0.0390625	0.1519724888011857	24/69	ITGB2;RAC2;FCER1G;C3AR1;CXCL6;CXCL10;CKLF;NCKAP1L;MDK;NOD2;SYK;VAV1;C5AR1;CXCL11;CCL19;PIP5K1C;PPIB;DNM1L;IL1B;CD74;TGFB2;PIK3CG;C5AR2;CXCL9	GLOM	GO_BP	no_proc_ieg	10098
GOBP_VIRAL_TRANSCRIPTION	1.4129648582327488	0.06875	0.1533509498744221	14/38	CCL5;CCL4;TRIM27;TAF11;HDAC1;TRIM21;TARBP2;UBP1;SMARCB1;TRIM32;SP1;TRIM14;SNW1;LEF1	GLOM	GO_BP	no_proc_ieg	10098
GOBP_REGULATION_OF_GRANULOCYTE_CHEMOTAXIS	1.4120464835549158	0.054901960784313725	0.15404283361271326	10/40	CCL5;RAC2;CSF1R;MAPK1;C3AR1;NCKAP1L;MDK;NOD2;SLAMF1;C5AR1	GLOM	GO_BP	no_proc_ieg	10098
GOBP_REGULATION_OF_NATURAL_KILLER_CELL_ACTIVATION	1.4118497706194666	0.08183632734530938	0.1539954812744123	10/20	TYROBP;FGR;KLRD1;HLA-E;PTPN22;TOX;IL12A;TICAM1;IL15;GAS6	GLOM	GO_BP	no_proc_ieg	10098
GOBP_CELL_CYCLE_PHASE_TRANSITION	1.4117975615369114	0.0	0.1537985972141201	112/364	TACC3;AURKA;MACROH2A1;TCIM;BABAM1;BID;PTPN6;PTPRC;STIL;ZWINT;DTL;RAB11A;TRIAP1;AURKB;BTN2A2;CDKN3;CCNB1;HUS1;LCMT1;MELK;SMARCD2;PLK2;CDKN2C;BRCA1;RPA2;CHFR;NDC80;SMARCE1;RAD51;E2F3;MAP3K11;DLGAP5;BUB1B;CUL4B;ADAMTS1;PAF1;ANXA1;FOXM1;GTSE1;MN1;EZH2;PBX1;CDC34;CDT1;CDC20;CENPF;CCND1;CHEK1;DDRGK1;METTL13;PML;SMARCC2;TBX2;CALM3;CDK6;PTEN;FZR1;BCAT1;AMBRA1;USP22;IK;PSME1;DACT1;WDR76;CDC25B;TGFB1;CDK1;XRCC3;PRPF19;UBD;APP;CDKN2B;CALM1;RAD1;CCNE1;UBE2C;CASP2;KIF14;TMEM14B;PSME3;TTK;SMARCD3;CCND2;SPAST;TAOK3;BIRC5;CCNB2;CDC27;TTI1;MUS81;ATP2B4;SMARCB1;TAF10;VPS4A;GFI1B;UBE2A;RRM1;DBF4;SKP2;SPDL1;BRCA2;CCND3;RCC1;CDK4;TREX1;CCNA2;SPC25;SETMAR;CCNE2;CENPE;CDC6;FBXL15	GLOM	GO_BP	no_proc_ieg	10098
GOBP_REGULATION_OF_TOLERANCE_INDUCTION	1.4106662269193964	0.0872865275142315	0.15466645652721492	4/16	LILRB2;IDO1;HLA-B;LILRB4	GLOM	GO_BP	no_proc_ieg	10098
GOBP_REGULATION_OF_TRANSCRIPTION_BY_RNA_POLYMERASE_I	1.4105493032385783	0.03680981595092025	0.15452664906412006	9/32	MACROH2A1;MACROH2A2;CARM1;MARS1;SMARCA5;UBTF;NOL11;FLNA;SMARCB1	GLOM	GO_BP	no_proc_ieg	10098
GOBP_POSITIVE_REGULATION_OF_PROTEIN_UBIQUITINATION	1.4105324157787569	0.038539553752535496	0.1542921716491193	23/67	NMI;SEPTIN4;LAPTM5;PTTG1IP;NOD2;CHFR;FANCI;DERL1;TRAF6;CDC20;CENPX;PTEN;FZR1;PEF1;RNF111;PTPN22;UBE2C;GABARAP;RBX1;TRIB3;TICAM1;GSK3B;SKP2	GLOM	GO_BP	no_proc_ieg	10098
GOBP_REGULATION_OF_HUMORAL_IMMUNE_RESPONSE_MEDIATED_BY_CIRCULATING_IMMUNOGLOBULIN	1.409047056417042	0.10139165009940358	0.15557613300259532	5/16	PTPN6;PTPRC;FCGR2B;NOD2;TREM2	GLOM	GO_BP	no_proc_ieg	10098
GOBP_REGULATION_OF_CELL_CYCLE_PHASE_TRANSITION	1.4083458050999063	0.003913894324853229	0.15607777508975607	91/288	AURKA;MACROH2A1;TCIM;BABAM1;BID;PTPN6;STIL;ZWINT;DTL;RAB11A;TRIAP1;AURKB;BTN2A2;CCNB1;HUS1;LCMT1;SMARCD2;PLK2;CDKN2C;BRCA1;RPA2;CHFR;NDC80;SMARCE1;RAD51;DLGAP5;BUB1B;CUL4B;ADAMTS1;PAF1;ANXA1;GTSE1;MN1;EZH2;PBX1;CDT1;CDC20;CENPF;CCND1;CHEK1;DDRGK1;METTL13;PML;SMARCC2;TBX2;CDK6;PTEN;FZR1;AMBRA1;IK;PSME1;DACT1;WDR76;CDC25B;TGFB1;CDK1;XRCC3;PRPF19;UBD;APP;CDKN2B;RAD1;CCNE1;UBE2C;CASP2;KIF14;TMEM14B;PSME3;TTK;SMARCD3;CCND2;TAOK3;BIRC5;TTI1;MUS81;ATP2B4;SMARCB1;VPS4A;GFI1B;RRM1;DBF4;SPDL1;BRCA2;CCND3;CDK4;TREX1;SPC25;SETMAR;CCNE2;CENPE;CDC6	GLOM	GO_BP	no_proc_ieg	10098
GOBP_NEGATIVE_REGULATION_OF_NUCLEOCYTOPLASMIC_TRANSPORT	1.407223534117123	0.08282828282828283	0.15692966959544408	4/19	CD36;SP100;CDK5;RAB23	GLOM	GO_BP	no_proc_ieg	10098
GOBP_REGULATION_OF_MAST_CELL_DEGRANULATION	1.4069243670668792	0.0814663951120163	0.15698886499142412	7/21	FGR;CD300A;RAC2;SYK;ADGRE2;STXBP1;GATA2	GLOM	GO_BP	no_proc_ieg	10098
GOBP_REGULATION_OF_DNA_DAMAGE_RESPONSE_SIGNAL_TRANSDUCTION_BY_P53_CLASS_MEDIATOR	1.4064992215651728	0.06130268199233716	0.1571440121223265	6/26	TWIST1;SOX4;PTTG1IP;SNAI2;MSX1;CD44	GLOM	GO_BP	no_proc_ieg	10098
GOBP_NAD_CATABOLIC_PROCESS	1.4064702565192628	0.07392197125256673	0.15691471427448064	3/15	ENO2;HK3;ENO3	GLOM	GO_BP	no_proc_ieg	10098
GOBP_PEPTIDE_CROSS_LINKING	1.4052223259272756	0.07156673114119923	0.1579887883887107	7/24	CSTA;COL3A1;KRT10;FN1;ABCA7;TGM2;ANXA1	GLOM	GO_BP	no_proc_ieg	10098
GOBP_NUCLEOLAR_LARGE_RRNA_TRANSCRIPTION_BY_RNA_POLYMERASE_I	1.4047192535432669	0.09316770186335403	0.15826918226738385	9/21	MACROH2A1;MACROH2A2;MARS1;NOL11;SMARCB1;POLR1E;GTF2H5;POLR2E;IPPK	GLOM	GO_BP	no_proc_ieg	10098
GOBP_AMP_METABOLIC_PROCESS	1.40427643192944	0.0735009671179884	0.15852922610242723	7/17	ADSL;HPRT1;ADA;AK1;NT5E;APRT;PFAS	GLOM	GO_BP	no_proc_ieg	10098
GOBP_B_CELL_HOMEOSTASIS	1.4037399949105316	0.08349900596421471	0.15882730383887897	10/24	PPP2R3C;MEF2C;NCKAP1L;SASH3;DOCK10;ADA;RC3H2;BAX;PKN1;CD74	GLOM	GO_BP	no_proc_ieg	10098
GOBP_RIBOSOMAL_SMALL_SUBUNIT_BIOGENESIS	1.4033575472263604	0.0496031746031746	0.15893574551934023	31/60	WDR3;RPP40;RRP7A;RPS19;EXOSC10;NOL7;UTP11;TSR3;DIMT1;TSR1;NOP56;NAT10;NOL11;BMS1;NOP14;GTF2H5;ERAL1;EMG1;DDX52;TSR2;MRPS7;IMP4;KRI1;BYSL;RPS21;FBL;NOL10;RPS11;AATF;UTP6;PNO1	GLOM	GO_BP	no_proc_ieg	10098
GOBP_RESPONSE_TO_AMYLOID_BETA	1.4030049806479352	0.05973025048169557	0.15905969085348443	19/41	CD36;FCGR2B;ITGA4;CDK5;ADRB2;TLR4;TREM2;MMP2;CASP4;EPHB2;APP;GSK3B;ABCC1;HDAC2;ICAM1;MMP9;CACNA1A;CACNA1B;PARP1	GLOM	GO_BP	no_proc_ieg	10098
GOBP_NEGATIVE_REGULATION_OF_TYPE_I_INTERFERON_MEDIATED_SIGNALING_PATHWAY	1.402699329233187	0.09514925373134328	0.1591445709350623	11/17	ISG15;ADAR;OAS3;OAS1;PTPN2;SAMHD1;YTHDF2;TREX1;TTLL12;EIF4E2;MUL1	GLOM	GO_BP	no_proc_ieg	10098
GOBP_REGULATION_OF_MACROPHAGE_CHEMOTAXIS	1.4025158248350784	0.0907258064516129	0.15908175087361037	7/22	CCL5;CSF1R;MAPK1;C3AR1;MDK;SLAMF1;C5AR1	GLOM	GO_BP	no_proc_ieg	10098
GOBP_RIBOSOME_BIOGENESIS	1.3999515371045725	0.011834319526627219	0.16146371625581804	111/195	ISG20;WDR3;CINP;RPP40;POP7;RRP7A;EBNA1BP2;POP4;CUL4B;NOP10;RPS19;UTP14A;MRTO4;NHP2;EXOSC10;NOL7;WDR12;RRP12;UTP11;TSR3;DIMT1;GTPBP4;TSR1;NOP56;RPL10;NAT10;DROSHA;URB2;DDX47;RRP8;NOL11;YTHDF2;RNASEL;POP5;REXO4;ABCE1;PIN4;PAK1IP1;NOL8;BMS1;GEMIN4;RRP15;PELP1;DDX21;NOP14;PES1;NIP7;GRWD1;GTF2H5;WDR18;ERAL1;METTL18;EMG1;NGRN;DDX28;DDX52;EXOSC2;TSR2;AFG2B;MRPS7;GNL3L;RPP25;MAK16;EXOSC5;MRM3;RPL10L;NLE1;EXOSC4;IMP4;KRI1;ZNF593;BYSL;RPS21;FBL;NOL10;FTSJ3;RPS11;RPL35A;GNL2;NVL;USP36;AATF;MRM2;NOP2;UTP6;PNO1;TMA16;EFL1;NSUN3;WDR46;EIF4A3;LSM6;RRS1;PWP1;PDCD11;HEATR1;TRMT112;RPL5;AIRIM;EXOSC8;RPL11;RIOK2;TFB1M;PIH1D1;XPO1;MTERF3;EXOSC7;NOP16;NSUN5P1;DDX18;RSL1D1	GLOM	GO_BP	no_proc_ieg	10098
GOBP_REGULATION_OF_BINDING	1.399942633540987	0.01486988847583643	0.1612224885263035	49/168	WAPL;TWIST1;AURKA;GZMA;HEY2;CAMK1;BDNF;AURKB;SP100;PDGFB;SUMO3;GATA3;ITGA4;FLOT1;CSNK1E;EIF3D;BAG2;IFIT2;ATP2A3;BMP2;TRIM21;LDLRAP1;CDT1;TRAF6;HDAC5;DDRGK1;BLK;BAMBI;EDF1;ITGB1BP1;ATP2A2;CLIC2;IFI16;BAX;DACT1;ZBTB7A;GTPBP4;MAP2;PLAUR;SYMPK;NME1;TRIB3;ADAM15;HDAC4;LRPAP1;GSK3B;H1-0;IFIT1;RALB	GLOM	GO_BP	no_proc_ieg	10098
GOBP_POSITIVE_REGULATION_OF_GTPASE_ACTIVITY	1.3984628924577407	0.02186878727634195	0.162699219070376	25/126	RHOG;CCL5;ARHGAP45;CCL4;CD40;ECT2;MAP4K4;RASGRP2;GPR65;TBC1D2B;CORO1C;TGM2;ARHGAP25;TBC1D2;CCL13;SCRIB;CCL18;CAV2;DOCK10;GMIP;RGS16;EZH2;CCL19;S100A10;RGS9	GLOM	GO_BP	no_proc_ieg	10098
GOBP_TELOMERE_MAINTENANCE_VIA_TELOMERE_LENGTHENING	1.3976610576633435	0.047619047619047616	0.1633323839746984	15/49	TINF2;AURKB;MAPK1;RAD51;NOP10;CCT8;NHP2;EXOSC10;CCT6A;CCT3;GCH1;CCT4;RPA1;NAT10;STN1	GLOM	GO_BP	no_proc_ieg	10098
GOBP_ARP2_3_COMPLEX_MEDIATED_ACTIN_NUCLEATION	1.3976043272837066	0.07291666666666667	0.16313464465471944	6/27	ARPC1B;ARPC2;TRIM27;CYFIP1;ACTR3;GMFG	GLOM	GO_BP	no_proc_ieg	10098
GOBP_SURFACTANT_HOMEOSTASIS	1.3972668673892044	0.08151093439363817	0.16326961850356075	8/17	RCN3;NKIRAS2;OAS1;KDR;LPCAT1;TGFB1;ITGB6;ABCA3	GLOM	GO_BP	no_proc_ieg	10098
GOBP_POSITIVE_REGULATION_OF_PROTEOLYSIS	1.3950413321158786	0.008316008316008316	0.1653797572330824	78/223	PYCARD;CTSS;CASP1;TNFRSF1B;AURKA;BID;TNFSF10;PSENEN;BCL2A1;HTRA2;ARL6IP5;RCN3;MAPK12;ANP32B;CARD8;LAPTM5;EFNA1;SYK;CHFR;CSNK1E;CEBPA;CARD9;TREM2;BAG2;ATP2A3;NGFR;CASP8;CBFA2T3;CCDC22;PSMC4;VCP;CDC20;LCK;DDRGK1;TGFB1I1;TNFSF15;S100A10;PTEN;FZR1;GRN;IFI16;CLEC7A;PSME1;BAX;PDCD2;KEAP1;FAS;CASP2;GABARAP;IL1B;PSME3;KHDC1;CLEC3B;FADD;UBQLN2;PPARG;RBX1;SMAD7;TRIB3;SMURF1;ADRA2A;GSK3B;BCAP31;TRIM32;DDA1;NLRP3;IL33;CSNK1D;DNAJB2;TRIB2;NRDC;WFS1;HDAC2;SNCA;USP13;MEFV;RNFT1;CLU	GLOM	GO_BP	no_proc_ieg	10098
GOBP_LYTIC_VACUOLE_ORGANIZATION	1.3946165069359935	0.03780718336483932	0.16560615198141185	26/67	LIPA;ZFYVE26;PPT1;HSD17B1;LAPTM5;CORO1A;TPP1;TASL;GRN;ACP2;HEXB;LAPTM4B;CLN8;ABCA1;MCOLN1;ATP6V0B;P2RX7;CHMP1A;SRPX;VPS35;TREX1;GAA;HPS1;ATP6AP1;RAB7A;CHMP2A	GLOM	GO_BP	no_proc_ieg	10098
GOBP_KINETOCHORE_ORGANIZATION	1.39433511335556	0.10483870967741936	0.16566743436966863	9/15	SMC4;NDC80;DLGAP5;CENPF;CENPX;SMC2;CENPA;CENPE;KNTC1	GLOM	GO_BP	no_proc_ieg	10098
GOBP_POSITIVE_REGULATION_OF_PROTEIN_DEPHOSPHORYLATION	1.392083922268393	0.053465346534653464	0.16787981298774096	10/31	CD300A;LILRB2;GNA12;PPP1R7;ANKLE2;CALM3;AMBRA1;CDH5;TGFB1;CALM1	GLOM	GO_BP	no_proc_ieg	10098
GOBP_MEIOTIC_CELL_CYCLE_PROCESS	1.3920495279470717	0.033663366336633666	0.16765271716899527	35/123	AURKA;SMC4;RAD51AP1;ZWINT;ACTR3;HUS1;P3H4;CHFR;NDC80;RAD51;MSX1;PSMD13;CDC20;TOP2A;CENPX;PTEN;FZR1;NDC1;MYBL1;TUBG1;CDC25B;CYP26B1;ASPM;NPR2;RAD1;CCNE1;SMC2;NCAPH;TTK;CCNB2;PTTG1;YTHDF2;RAD54L;FOXJ2;MUS81	GLOM	GO_BP	no_proc_ieg	10098
GOBP_CELLULAR_RESPONSE_TO_IONIZING_RADIATION	1.3914549213904346	0.05533596837944664	0.16804645912046043	25/52	RAD51AP1;ECT2;HUS1;GATA3;BRCA1;RAD51;SNAI2;IFI16;TGFB1;GRB2;GADD45A;RAD1;ITGB6;CCND2;BRCA2;TREX1;HRAS;RAD9A;GTF2H5;NET1;ZMPSTE24;TMEM109;TP53BP1;EEF1D;TANK	GLOM	GO_BP	no_proc_ieg	10098
GOBP_NEGATIVE_ADAPTATION_OF_SIGNALING_PATHWAY	1.391290375397974	0.08817635270541083	0.16796944191521207	6/15	HTR2B;ENTREP1;ARRB1;APLNR;ADM;UBQLN2	GLOM	GO_BP	no_proc_ieg	10098
GOBP_POSITIVE_REGULATION_OF_B_CELL_PROLIFERATION	1.3910721426994115	0.09486166007905138	0.16795963639618885	15/31	PTPRC;CD40;MEF2C;CD38;NCKAP1L;SASH3;TLR4;ADA;BTK;TNFRSF4;IL7;EPHB2;CD74;TICAM1;CD81	GLOM	GO_BP	no_proc_ieg	10098
GOBP_REGULATION_OF_CALCIUM_MEDIATED_SIGNALING	1.3903829041615294	0.029585798816568046	0.168484831508912	23/72	DYRK2;GBP1;HOMER3;CCL4;PTPRC;MYOZ2;FKBP1B;HTT;SYK;TREM2;ADA;PPP3R1;CD4;CALM3;PLEK;CLEC7A;APP;CALM1;NMUR1;ATP2B4;PDGFRB;GPR143;GSK3B	GLOM	GO_BP	no_proc_ieg	10098
GOBP_POSITIVE_REGULATION_OF_RHO_PROTEIN_SIGNAL_TRANSDUCTION	1.3898130322558335	0.07613168724279835	0.16883378758450662	6/29	LPAR6;ARRB1;COL3A1;GPR65;GPR35;GPR4	GLOM	GO_BP	no_proc_ieg	10098
GOBP_CYTOPLASMIC_TRANSLATIONAL_INITIATION	1.3897111456248357	0.08712871287128712	0.16865860013098044	14/29	EIF2B1;EIF3I;EIF3D;NCBP2;EIF3G;YTHDF2;RPL13A;EIF2B4;MCTS1;EIF2B5;EIF4G1;EIF2B3;METTL3;EIF3A	GLOM	GO_BP	no_proc_ieg	10098
GOBP_REGULATION_OF_KINASE_ACTIVITY	1.3895209022547275	0.0019646365422396855	0.16859318261573328	100/372	PYCARD;RASSF2;FGR;MAP2K1;CD300A;CCL5;HTR2B;MACROH2A1;TCIM;LCP2;LTF;TIGAR;MVP;PTPRC;GPRC5B;CAMK1;CD40;ECT2;ADAR;CSF1R;TRIM27;CDKN3;CCNB1;HLA-DRB1;LILRA5;PDGFB;RTRAF;DUSP22;PSRC1;CORO1C;CCNK;CDKN2C;EFNA1;WARS1;ADRB2;HTT;CD86;TLR4;KDR;HHEX;LILRB4;TREM2;MAP3K11;PAK2;QARS1;EMP2;C5AR1;BMP2;EZH2;TPX2;TRAF6;CCND1;IQGAP1;CEACAM1;TNFSF15;CD4;CALM3;ITGB1BP1;CCL19;MMD;PTEN;TARBP2;EPHB4;NR2F2;TGFBR2;RASIP1;ERP29;GTPBP4;SLAMF8;EPHB2;DUSP7;APP;GADD45A;CDKN2B;PTPN22;CALM1;CCNE1;KIF14;CBL;DLG4;IL1B;CCND2;CD74;RHOA;TAOK3;UCHL1;PPARG;CCNB2;LMO4;TRIB3;PDGFRB;SNF8;FGF2;TGFB2;PIK3CG;HYAL2;LTK;TLR3;FGFR3;ADRA2A	GLOM	GO_BP	no_proc_ieg	10098
GOBP_REGULATION_OF_CELL_ADHESION_MEDIATED_BY_INTEGRIN	1.3886275162236272	0.05390334572490706	0.1693953834918667	9/41	CCL5;PTPN6;NCKAP1L;EFNA1;LPXN;SYK;SNAI2;TESC;ADA	GLOM	GO_BP	no_proc_ieg	10098
GOBP_CELL_CYCLE_G2_M_PHASE_TRANSITION	1.3884701377149726	0.023391812865497075	0.16928990498489016	38/110	AURKA;MACROH2A1;BABAM1;DTL;RAB11A;AURKB;CCNB1;HUS1;LCMT1;MELK;BRCA1;CHFR;NDC80;FOXM1;PBX1;CENPF;CCND1;CHEK1;CALM3;CDK6;FZR1;USP22;CDC25B;CDK1;APP;CALM1;KIF14;SMARCD3;TAOK3;CCNB2;VPS4A;UBE2A;RRM1;SKP2;CDK4;CCNA2;CDC6;FBXL15	GLOM	GO_BP	no_proc_ieg	10098
GOBP_POSITIVE_REGULATION_OF_PROTEIN_CONTAINING_COMPLEX_ASSEMBLY	1.3882531860010103	0.018329938900203666	0.16925440567082634	40/140	PYCARD;MYD88;GBP2;HCK;BID;CD36;ISG15;LCP1;ARPC2;MSN;BAG4;SH3GLB1;PSRC1;NCKAP1L;WARS1;FSCN1;SYK;TLR4;CAPG;VCP;BTK;PLEK;AMBRA1;CLEC7A;CDH5;BAX;RASIP1;TGFB1;GRB2;MMP1;PTPN22;CDC42EP1;RHOC;ABCA1;ABCA3;RHOA;MAP1B;DCTN1;FCHSD2;UNC13B	GLOM	GO_BP	no_proc_ieg	10098
GOBP_RESPONSE_TO_WOUNDING	1.3865977840337098	0.002070393374741201	0.17080682629195176	118/416	CX3CR1;TYROBP;MAP2K1;SYT11;AURKA;THBD;VASH1;PTPN6;CD36;PROCR;GNA12;LCP1;CD40;ALOX5;HPSE;WFDC1;C1GALT1C1;TFPI2;COL3A1;FCER1G;HBB;PDGFB;FN1;FKBP1B;SCARB1;CCR1;SLC1A3;EXTL3;CCR2;MDK;EMILIN1;SLC7A11;SYK;TLR4;SCRIB;KDR;TREM2;GPR4;TSPO;COMT;CLIC1;ANXA1;COL6A1;VAV1;MMP2;SERPING1;CD44;PRCP;NOTCH4;DGKA;TIMP1;ACVRL1;MYOF;PLA2G4A;COL5A1;NRP1;CEACAM1;LCK;COMP;ELK3;ENTPD1;EXT1;PLEK;F8;S100A10;FIBP;CD34;ITGA5;ANXA5;PTEN;GRN;CXCR4;TNC;STXBP1;CLEC7A;LYVE1;BAX;PLPP3;GATA2;ADORA3;TMEM97;F13A1;F11R;TGFB1;CDK1;DGKD;FAP;PTN;MATN2;EPHB2;DGKE;NPR2;PLAU;ABHD2;CASP7;PLAUR;RHOC;ITGB6;PDPN;PPARD;RHOA;CORO1B;PPARG;PROS1;CCN4;MAP1B;PLEC;FLNA;DPYSL3;CD151;FGF2;TGFB2;PIK3CG;VPS4A;TBXA2R;TLR3;CHMP1A;ADRA2A	GLOM	GO_BP	no_proc_ieg	10098
GOBP_POSITIVE_REGULATION_OF_TRANSFERASE_ACTIVITY	1.3860457069983652	0.0019083969465648854	0.17117564203530491	81/271	UBE2I;RASSF2;MAP2K1;CD300A;CCL5;HTR2B;TCIM;LCP2;LTF;TIGAR;PTPRC;GPRC5B;CAMK1;CD40;ECT2;CSF1R;AURKB;MAPK1;HLA-DRB1;LILRA5;PCNA;PDGFB;PSRC1;DSCC1;EFNA1;ADRB2;CD86;TLR4;KDR;TREM2;MAP3K11;EMP2;EZH2;PLAAT4;TPX2;TRAF6;CDC20;CCND1;IQGAP1;TNFSF15;CD4;CALM3;ITGB1BP1;CCL19;MMD;PTEN;FZR1;AGTR1;EPHB4;CCT4;RFC5;TGFBR2;ERP29;CALM1;UBE2C;KIF14;DLG4;IL1B;CCND2;CD74;RHOA;TAOK3;LMO4;TRIB3;PDGFRB;GREM1;FGF2;TGFB2;PIK3CG;LTK;TLR3;FGFR3;RFC4;ADRA2A;RFC2;BORA;NEK2;FLT4;CCND3;RALB;IRAK1	GLOM	GO_BP	no_proc_ieg	10098
GOBP_LYMPH_NODE_DEVELOPMENT	1.3857616437867353	0.09782608695652174	0.17121354824719387	10/15	LTB;CD248;RC3H2;TGFB1;TOX;PDPN;FADD;IL15;IL7R;POLB	GLOM	GO_BP	no_proc_ieg	10098
GOBP_REGULATION_OF_MUSCLE_CELL_DIFFERENTIATION	1.383321828525371	0.03206412825651302	0.1737471929416404	30/96	DNMT1;HEY2;CAMK1;HOPX;MEF2C;BDNF;MED28;MAPK12;PDGFB;MAML1;HDAC9;HDAC1;MAPK11;LAMC1;MSX1;NOTCH4;BMP2;TBX1;EZH2;RGS4;HDAC5;HEY1;ENG;CYP26B1;TGFB1;LAMA2;EFNB2;NID1;EFEMP2;SMARCD3	GLOM	GO_BP	no_proc_ieg	10098
GOBP_REGULATION_OF_EXOCYTOSIS	1.3830258770079222	0.028225806451612902	0.1737945829826043	26/119	ITGB2;FGR;CD300A;ITGAM;RAC2;SEPTIN4;FCGR2B;CCR2;CDK5;NCKAP1L;SDCBP;SYK;HLA-F;ANXA1;PRKCB;PTAFR;ADGRE2;GNAI2;CEACAM1;S100A10;ATP2A2;SPI1;STXBP1;GATA2;RALA;HYAL3	GLOM	GO_BP	no_proc_ieg	10098
GOBP_NEGATIVE_REGULATION_OF_CYTOKINE_PRODUCTION_INVOLVED_IN_IMMUNE_RESPONSE	1.3812145336633035	0.07961165048543689	0.17554896746255394	13/28	TWIST1;NOD2;HLA-F;LILRB4;SLAMF1;TBX21;CD96;TGFB1;SMAD7;TGFB2;BST2;CUEDC2;LILRB1	GLOM	GO_BP	no_proc_ieg	10098
GOBP_AUTONOMIC_NERVOUS_SYSTEM_DEVELOPMENT	1.3811390225664522	0.07462686567164178	0.17536151502672007	8/39	HLX;SOX4;FN1;GATA3;SEMA3F;TBX1;NRP1;HOXB2	GLOM	GO_BP	no_proc_ieg	10098
GOBP_REGULATION_OF_DNA_TEMPLATED_DNA_REPLICATION	1.3808055979222196	0.0741444866920152	0.17550864804539548	18/31	PCNA;DSCC1;MCM5;CDT1;RFC5;RFC4;DBF4;RFC2;MCM2;E2F8;LIG3;MCM4;ZMPSTE24;METTL4;CDK2;MCM3;FGFR1;FBXO5	GLOM	GO_BP	no_proc_ieg	10098
GOBP_REGULATION_OF_MACROPHAGE_DIFFERENTIATION	1.3799163790958442	0.09090909090909091	0.1762402530038035	6/16	HCLS1;PTPN2;CASP8;GATA2;TGFB1;FADD	GLOM	GO_BP	no_proc_ieg	10098
GOBP_POSITIVE_REGULATION_OF_INTERLEUKIN_2_PRODUCTION	1.376355794769692	0.08113207547169811	0.1798111894871104	15/29	PTPRC;CCR2;SASH3;CD86;ANXA1;TRAF6;CD4;CLEC7A;IL1B;CD80;TRAF2;SPTBN1;ABL1;VTCN1;CD28	GLOM	GO_BP	no_proc_ieg	10098
GOBP_FIBROBLAST_MIGRATION	1.3761802331892086	0.06390977443609022	0.17975715968483863	19/43	PRR5L;ACTA2;GNA12;LAMTOR2;BAG4;CD248;CORO1C;MACIR;ARHGAP4;PDLIM1;IQGAP1;PML;TNS1;ITGB1BP1;TGFB1;SGPL1;PLEC;FGF2;HYAL2	GLOM	GO_BP	no_proc_ieg	10098
GOBP_MEMBRANE_FISSION	1.375374021049543	0.10379241516966067	0.18043907624570085	13/25	SH3GLB1;CORO1C;DNM1;DNM1L;VPS28;SPAST;EXOC1;SNF8;VPS4A;CHMP1A;EXOC5;CHMP2A;STAM	GLOM	GO_BP	no_proc_ieg	10098
GOBP_NEGATIVE_REGULATION_OF_LEUKOCYTE_APOPTOTIC_PROCESS	1.3753378324275012	0.0781563126252505	0.1802110104289502	19/39	HCLS1;CCL5;IDO1;RAG1;AURKB;EFNA1;NOD2;ADA;KITLG;IRF7;CCL19;CCR5;FADD;CD74;ST3GAL1;CD27;IL7R;LILRB1;GAS6	GLOM	GO_BP	no_proc_ieg	10098
GOBP_POSITIVE_REGULATION_OF_CHROMOSOME_ORGANIZATION	1.3752325502020668	0.038910505836575876	0.18006513520849646	24/74	MACROH2A1;SMC4;TINF2;AURKB;MAPK1;CCT8;CCT6A;NCAPG;PML;CCT3;MCRS1;GCH1;CCT4;CDK1;ERCC1;SMC2;RUVBL1;NCAPH;MORC2;TFPT;NEK2;ACD;NCAPH2;ACTR8	GLOM	GO_BP	no_proc_ieg	10098
GOBP_INTERLEUKIN_4_PRODUCTION	1.3748989378051146	0.07706766917293233	0.18018379160595657	6/27	FCER1G;HLA-DRB1;GATA3;SASH3;CD86;SYK	GLOM	GO_BP	no_proc_ieg	10098
GOBP_REGULATION_OF_CELL_CYCLE_PROCESS	1.3746637826415662	0.0	0.18018765735378575	144/478	TACC3;WAPL;AURKA;MACROH2A1;SMC4;ZFYVE26;TCIM;BABAM1;BID;PTPN6;STIL;RAD51AP1;PRC1;NUSAP1;ZWINT;DTL;ECT2;RAB11A;TRIAP1;AURKB;BTN2A2;CCNB1;HUS1;GNAI1;PDGFB;LCMT1;NUP62;SH3GLB1;PSRC1;SMARCD2;PLK2;CDKN2C;KIF20B;BRCA1;RPA2;CHFR;CTCF;NDC80;SMARCE1;RAD51;DLGAP5;BUB1B;CUL4B;ADAMTS1;PAF1;ANXA1;GPSM2;CAV2;MSX1;GTSE1;MN1;EZH2;PBX1;TPX2;CDT1;CDC20;CENPF;CCND1;KIF20A;NCAPG;CHEK1;DDRGK1;METTL13;PML;SMARCC2;TBX2;KIF11;CALM3;CDK6;PTEN;FZR1;NME6;AMBRA1;NAA10;IK;PSME1;CSNK2A2;DACT1;SMARCA5;EML3;WDR76;CDC25B;TGFB1;CDK1;XRCC3;PRPF19;UBD;NPR2;APP;NAT10;CDKN2B;CALM1;RAD1;CCNE1;UBE2C;CASP2;SMC2;KIF14;IL1B;TMEM14B;NCAPH;PSME3;TTK;SMARCD3;KIF2C;CCND2;RRP8;SPAST;RHOA;TAOK3;BIRC5;YTHDF2;CEP131;CDC27;TTI1;MUS81;DCTN1;ATP2B4;PDGFRB;SMARCB1;VPS4A;GFI1B;CHMP1A;RRM1;DBF4;SPDL1;BRCA2;SSTR5;BORA;NEK2;CCND3;RCC1;WNT4;CDK4;TREX1;PPP2R5B;RACGAP1;SPC25;SETMAR;NCAPH2;CCNE2;CENPE;E2F8;CDC6	GLOM	GO_BP	no_proc_ieg	10098
GOBP_MAINTENANCE_OF_PROTEIN_LOCATION	1.3743554881471456	0.04980842911877394	0.18030246697780253	19/63	TMSB15A;YWHAB;TWF2;SP100;CDK5;RER1;TSPO;KDELR3;LTBP1;CCDC22;PML;CD4;TMSB10;KDELR2;NFKBIE;FBN1;HK2;PGR;SUPT7L	GLOM	GO_BP	no_proc_ieg	10098
GOBP_MAINTENANCE_OF_PROTEIN_LOCATION_IN_NUCLEUS	1.3742155839614247	0.08086785009861933	0.1801903936567621	5/18	SP100;CDK5;PML;PGR;SUPT7L	GLOM	GO_BP	no_proc_ieg	10098
GOBP_SISTER_CHROMATID_COHESION	1.3725647232227138	0.07198443579766536	0.1819064681462928	7/34	WAPL;MACROH2A1;DSCC1;CTCF;BUB1B;CDC20;NAA10	GLOM	GO_BP	no_proc_ieg	10098
GOBP_POSITIVE_REGULATION_OF_INTERFERON_ALPHA_PRODUCTION	1.3723814585166345	0.09607843137254903	0.1818319224414055	6/18	TLR7;TLR8;TLR4;RIGI;IRF7;IFIH1	GLOM	GO_BP	no_proc_ieg	10098
GOBP_NEGATIVE_REGULATION_OF_BLOOD_VESSEL_ENDOTHELIAL_CELL_MIGRATION	1.371903682524872	0.08282828282828283	0.1821197753864406	14/28	VASH1;MEF2C;MMRN2;ACVRL1;HDAC5;ITGB1BP1;TGFB1;GADD45A;RHOA;PPARG;MEOX2;ATP2B4;FGF2;TBXA2R	GLOM	GO_BP	no_proc_ieg	10098
GOBP_SYMPATHETIC_NERVOUS_SYSTEM_DEVELOPMENT	1.3713579283218538	0.1015625	0.18246102584371476	4/19	SOX4;GATA3;SEMA3F;NRP1	GLOM	GO_BP	no_proc_ieg	10098
GOBP_POSITIVE_REGULATION_OF_ORGANELLE_ORGANIZATION	1.3675355626436627	0.003795066413662239	0.1865716048119455	101/364	PYCARD;AURKA;MACROH2A1;SMC4;TINF2;HCK;BID;TNFSF10;STIL;DELE1;RAD51AP1;NUSAP1;LCP1;ARPC2;TRIM27;AURKB;LIMK1;MAPK1;MSN;CYFIP1;YME1L1;TMED9;GPR65;BAG4;PDGFB;NUP62;MLLT11;SH3GLB1;PSRC1;NCKAP1L;SDCBP;ADRB2;HTT;FSCN1;NOD2;KDR;DLGAP5;CAPG;ANXA1;GPSM2;CCT8;MSX1;PIP4K2A;STX18;NRP1;CDC20;CCT6A;NCAPG;DDRGK1;WRAP73;PML;ITGB1BP1;PLEK;S100A10;CCT3;MCRS1;GRN;AMBRA1;GCH1;BAX;RALA;DNM1L;CCT4;CDK1;GRB2;ERCC1;NPR2;UBE2C;PLAUR;SMC2;CDC42EP1;ASAP1;RUVBL1;RHOC;IL1B;ANK1;NCAPH;MCOLN1;SPAST;RHOA;CNOT6;SLC25A4;MAP1B;DCTN1;PDGFRB;FLNA;FCHSD2;P2RX7;MORC2;CD47;TFPT;UBE2A;GSK3B;G3BP1;PFN1;NEK2;VPS35;RALB;TRIM32;CROCC;WNT4	GLOM	GO_BP	no_proc_ieg	10098
GOBP_REGULATION_OF_HYDROLASE_ACTIVITY	1.3674530745158526	0.001976284584980237	0.18638737994993812	98/491	PYCARD;RHOG;CTSS;CASP1;CD300A;CSTA;RPS6KA3;CCL5;HTR2B;CST7;GZMA;ARHGAP45;LTF;OAS2;CCL4;BID;TNFSF10;PSENEN;BCL2A1;GNA12;CD40;ECT2;HTRA2;MEF2C;ARL6IP5;RCN3;TRIAP1;MAPK12;MAP4K4;ANP32B;CARD8;RASGRP2;GPR65;PSMB9;PCNA;TBC1D2B;OAS3;CORO1C;TGM2;LAPTM5;ARHGAP25;NCKAP1L;TBC1D2;EFNA1;FNTA;HTT;OAS1;CD86;SYK;CCL13;SELE;SCRIB;CARD9;SERPINH1;PAK2;FGD6;CCL18;PSMB8;ATP2A3;VAV1;CAV2;GNA15;DOCK10;NGFR;ADAP2;GMIP;SERPING1;CD44;C5AR1;ARHGAP15;TIMP1;CASP8;ECM1;BMP2;IFI6;PLXNA2;RGS16;EZH2;VCP;LCK;DDRGK1;TNFSF15;PTX3;STMN3;CALM3;ITGB1BP1;PLEK;CCL19;S100A10;RGS9;GRN;IFI16;FICD;AGTR1;CLEC7A;PSME1;CSTB;BAX	GLOM	GO_BP	no_proc_ieg	10098
GOBP_PYRIMIDINE_NUCLEOTIDE_BIOSYNTHETIC_PROCESS	1.3672653552931038	0.0854368932038835	0.1863395335880646	9/23	DCK;DTYMK;UCK2;TYMS;NME6;NME3;AK5;NME1;CTPS1	GLOM	GO_BP	no_proc_ieg	10098
GOBP_POSITIVE_REGULATION_OF_ALPHA_BETA_T_CELL_PROLIFERATION	1.3664337352243205	0.10789980732177264	0.1870337526030375	7/18	PTPRC;CCR2;EBI3;HLA-A;SYK;HLA-E;TGFBR2	GLOM	GO_BP	no_proc_ieg	10098
GOBP_NEGATIVE_REGULATION_OF_NF_KAPPAB_TRANSCRIPTION_FACTOR_ACTIVITY	1.365494924554511	0.06153846153846154	0.18779284270952845	9/45	PYCARD;RBCK1;LRRC14;ARRB1;CARD8;TRIM21;CCDC22;SPI1;ADORA3	GLOM	GO_BP	no_proc_ieg	10098
GOBP_REGULATION_OF_GLIAL_CELL_MIGRATION	1.3646439843605662	0.09741550695825049	0.18848616595905654	4/15	CX3CR1;CCR2;TREM2;RRAS	GLOM	GO_BP	no_proc_ieg	10098
GOBP_CD4_POSITIVE_ALPHA_BETA_T_CELL_CYTOKINE_PRODUCTION	1.3645538499848129	0.09596928982725528	0.18832001529367087	9/17	GATA3;IL1R1;SLAMF1;TBX21;IL1B;RSAD2;CD81;NLRP3;IL18R1	GLOM	GO_BP	no_proc_ieg	10098
GOBP_EXTRACELLULAR_MATRIX_ASSEMBLY	1.364536230700632	0.088	0.18807311566567844	12/32	GPM6B;COL3A1;COL1A2;EMILIN1;COL6A1;PHLDB1;TGFB1;PLOD3;RAMP2;QSOX1;EFEMP2;PPARG	GLOM	GO_BP	no_proc_ieg	10098
GOBP_POSITIVE_REGULATION_OF_LEUKOCYTE_APOPTOTIC_PROCESS	1.3640184219141878	0.10080645161290322	0.18840771909643095	5/15	CCL5;IDO1;MEF2C;ANXA1;BAX	GLOM	GO_BP	no_proc_ieg	10098
GOBP_MITOCHONDRIAL_TRANSLATION	1.3628609919468908	0.05343511450381679	0.1894978639090737	27/73	YARS2;MRPL17;DAP3;MRPL9;MRPL35;HARS1;MRPL18;LARS2;MRPL16;MRPS16;MRPS11;SHMT2;GADD45GIP1;MRPL28;MRPS18A;MRPL11;MRPL33;MRPS14;NGRN;MRPL12;MRPS17;MRPL23;MRPL24;TUFM;GARS1;MRPS7;MRPS30	GLOM	GO_BP	no_proc_ieg	10098
GOBP_INTRACELLULAR_STEROL_TRANSPORT	1.362338978165916	0.10679611650485436	0.1898973671369604	7/16	NPC2;PIP4K2A;LDLRAP1;TMEM97;ABCA1;VPS54;VPS4A	GLOM	GO_BP	no_proc_ieg	10098
GOBP_GLIAL_CELL_MIGRATION	1.3611773663130373	0.047337278106508875	0.19100319143605352	8/50	CX3CR1;CSPG4;COL3A1;CCR2;CDK5;SCRIB;TREM2;TSPO	GLOM	GO_BP	no_proc_ieg	10098
GOBP_TRANSCRIPTION_BY_RNA_POLYMERASE_I	1.3607672728708184	0.0482897384305835	0.19124452038584114	21/51	MACROH2A1;MACROH2A2;CARM1;POLR2F;MARS1;SMARCA5;CAVIN1;UBTF;TAF1A;NOL11;FLNA;SMARCB1;POLR1G;POLR1E;DDX21;GTF2H5;POLR2L;ZMPSTE24;POLR2E;TTF1;IPPK	GLOM	GO_BP	no_proc_ieg	10098
GOBP_REGULATION_OF_FIBROBLAST_MIGRATION	1.3602104748987984	0.08863198458574181	0.19164943107702415	7/30	PRR5L;ACTA2;GNA12;BAG4;CORO1C;MACIR;ARHGAP4	GLOM	GO_BP	no_proc_ieg	10098
GOBP_MAMMARY_GLAND_DUCT_MORPHOGENESIS	1.3595025650192338	0.10311284046692606	0.19223651444221262	11/26	CSF1R;NR3C1;SCRIB;KDM5B;TBX3;PML;SOSTDC1;TGFB1;PGR;AR;WNT4	GLOM	GO_BP	no_proc_ieg	10098
GOBP_POLYPRENOL_METABOLIC_PROCESS	1.3580693259280259	0.11284046692607004	0.1936955368405097	9/17	SRD5A3;DOLK;ALG8;DPM2;DPM3;ALG5;DPAGT1;ALG9;ALG3	GLOM	GO_BP	no_proc_ieg	10098
GOBP_CELL_SUBSTRATE_ADHESION	1.3577979917266645	0.0017793594306049821	0.19375841109258465	52/253	ITGB2;ITGAM;GBP1;FUT1;CD36;GPM6B;NID2;RAC2;HPSE;ARPC2;MAP4K4;COL3A1;ITGAL;PDGFB;FN1;DUSP22;CDH11;CORO1C;ITGA4;CDK5;EFNA1;PARVB;MDK;LPXN;EMILIN1;COL13A1;CORO1A;THBS3;KDR;HSD17B12;ITGA7;LAMC1;EMP2;CD44;ACVRL1;SIGLEC1;NRP1;AKIP1;AGR2;COL1A1;POSTN;ITGB1BP1;S100A10;CD34;ITGA5;CDK6;PTEN;GFUS;ITGAE;LYVE1;RRAS;CD96	GLOM	GO_BP	no_proc_ieg	10098
GOBP_RNA_5_END_PROCESSING	1.3576671415768833	0.08477842003853564	0.19363855368809021	5/23	RPP40;POP7;POP4;SNRPD3;THG1L	GLOM	GO_BP	no_proc_ieg	10098
GOBP_NUCLEOSOME_ORGANIZATION	1.3576334125448495	0.052734375	0.19339751415805326	31/83	MACROH2A1;UBN1;MACROH2A2;ANP32B;SMARCD2;POLE3;SMARCE1;H2BC21;SMARCC2;SART3;NAP1L3;SMARCA5;HMGA1;SMARCD3;H1-1;HMGB2;BAZ1A;SMARCB1;H3-4;MCM2;H1-0;H3C2;H2BC14;H3C8;CABIN1;H1-10;GRWD1;H1-2;H4C13;ASF1B;H3C4	GLOM	GO_BP	no_proc_ieg	10098
GOBP_CEREBELLAR_CORTEX_DEVELOPMENT	1.357073199064591	0.07975460122699386	0.1938070368759351	7/36	MAP2K1;LHX5;CDK5;MDK;COMT;CLP1;EZH2	GLOM	GO_BP	no_proc_ieg	10098
GOBP_ACTIN_NUCLEATION	1.3566544128804123	0.09109311740890688	0.1940926150680065	7/30	ARPC1B;ARPC2;TRIM27;CYFIP1;ACTR3;GMFG;CORO1A	GLOM	GO_BP	no_proc_ieg	10098
GOBP_REGULATION_OF_MYOBLAST_FUSION	1.355647032753572	0.1111111111111111	0.19508589474830523	5/16	CD53;CXCL10;FLOT1;TNFSF14;PLEKHO1	GLOM	GO_BP	no_proc_ieg	10098
GOBP_REGULATION_OF_UBIQUITIN_DEPENDENT_PROTEIN_CATABOLIC_PROCESS	1.3553720762459969	0.035916824196597356	0.19518599502237632	35/97	AURKA;GNA12;LAPTM5;CHFR;CSNK1E;CEBPA;DESI1;PBK;BAG2;CBFA2T3;CCDC22;VCP;CDC20;DDRGK1;TGFB1I1;USP14;PML;PTEN;FZR1;CSNK2A2;KEAP1;GABARAP;UBXN1;RBX1;SMAD7;TRIB3;SMURF1;GSK3B;BCAP31;DDA1;IL33;CSNK1D;USP7;DNAJB2;TRIB2	GLOM	GO_BP	no_proc_ieg	10098
GOBP_NEGATIVE_REGULATION_OF_TRANSFERASE_ACTIVITY	1.355350161847939	0.03006012024048096	0.19492224103536754	35/125	PYCARD;CD300A;MACROH2A1;TINF2;MVP;PTPRC;ADAR;TRIM27;LIMK1;RTRAF;DUSP22;CORO1C;WARS1;HHEX;LILRB4;PAK2;BAG2;QARS1;BMP2;CEACAM1;ITGB1BP1;PTEN;TARBP2;NR2F2;RASIP1;EPHB2;DUSP7;GADD45A;PTPN22;CBL;IL1B;UCHL1;PPARG;SMAD7;TRIB3	GLOM	GO_BP	no_proc_ieg	10098
GOBP_NEGATIVE_REGULATION_OF_VIRAL_ENTRY_INTO_HOST_CELL	1.3548250434137779	0.126	0.1952759500436316	9/17	IFITM2;TRIM5;IFITM1;FCN1;SNX3;PTX3;FCN3;CH25H;TRIM25	GLOM	GO_BP	no_proc_ieg	10098
GOBP_ANGIOGENESIS_INVOLVED_IN_WOUND_HEALING	1.3540402244748486	0.09898989898989899	0.19592628217572597	9/24	ALOX5;HPSE;KDR;GPR4;PRCP;CD34;CXCR4;GATA2;NPR2	GLOM	GO_BP	no_proc_ieg	10098
GOBP_EXTRINSIC_APOPTOTIC_SIGNALING_PATHWAY	1.353971376386438	0.01968503937007874	0.19572425489050063	55/177	PYCARD;TNFRSF1B;BID;TNFSF10;PTPRC;DELE1;BCL2A1;RBCK1;HTRA2;SP100;ZDHHC3;LTB;MLLT11;SCG2;BRCA1;HTT;TLR4;TNFSF12;SNAI2;PAK2;SKIL;TMBIM1;CASP8;IFI6;NRP1;ITM2C;KITLG;PML;TNFRSF10C;TRADD;SPI1;IL7;BAX;SIVA1;IFI27;TGFB1;FAS;IL12A;CASP2;GABARAP;IL1B;PSME3;DDX47;CYLD;FADD;HMGB2;P2RX7;LTBR;TGFB2;HYAL2;TLR3;RNF34;FGFR3;AR;GSK3B	GLOM	GO_BP	no_proc_ieg	10098
GOBP_TOLERANCE_INDUCTION	1.3536367508059963	0.09943714821763602	0.19583694983118596	7/23	LILRB2;IDO1;HLA-B;LILRB4;HLA-E;TGFBR2;TGFB1	GLOM	GO_BP	no_proc_ieg	10098
GOBP_MEMBRANE_DOCKING	1.3523918978780458	0.08670520231213873	0.19714582108226186	23/53	MSN;SNX3;CAV2;PSEN2;PLEK;ATP2A2;STXBP1;CALM1;ESYT1;PPFIA3;SNAP29;EXOC1;SYTL2;RAB8A;UNC13B;RALB;YKT6;VAPB;EXOC5;VPS11;ICAM1;RAB7A;STX6	GLOM	GO_BP	no_proc_ieg	10098
GOBP_FIBROBLAST_PROLIFERATION	1.3506080091392412	0.05827067669172932	0.199064926453386	31/73	CD300A;DAZAP1;COL3A1;CCNB1;PDGFB;FN1;IFI30;CD248;NGFR;B4GALT7;PML;CDK6;BAX;TGFB1;CDK1;CD74;SOD2;TRIM32;CDK4;CCNA2;E2F8;CDC6;PDGFD;CDC73;HRAS;GAS6;SPHK1;RNASEH2B;CAV1;GSTP1;ABL1	GLOM	GO_BP	no_proc_ieg	10098
GOBP_INTERLEUKIN_1_MEDIATED_SIGNALING_PATHWAY	1.3497491127123025	0.11090573012939002	0.19990182358848085	9/22	MYD88;TNIP2;IL1R1;TRAF6;IL1B;IRAK4;IRAK1;IL1RN;RELA	GLOM	GO_BP	no_proc_ieg	10098
GOBP_POSITIVE_REGULATION_OF_BMP_SIGNALING_PATHWAY	1.3497119426798774	0.09980806142034548	0.1996626549474079	6/23	KDR;PELO;MSX1;ACVRL1;ENG;CDH5	GLOM	GO_BP	no_proc_ieg	10098
GOBP_GLIOGENESIS	1.3492950178916383	0.016129032258064516	0.1999414476694343	63/253	CX3CR1;MYD88;C1QA;MAP2K1;TNFRSF1B;CSK;TLR2;VEGFC;GPM6B;CSF1R;MAPK1;CSPG4;COL3A1;SOX4;EIF2B1;ASCL2;CCR2;CDKN2C;CDK5;GPC1;NR3C1;MDK;VCAN;HDAC1;TLR4;SCRIB;TREM2;CUL4B;TSPO;PLAG1;COL6A1;C5AR1;BMP2;PPP3R1;EZH2;B4GALT5;METRN;CDK6;PTEN;GRN;CXCR4;RRAS;PLPP3;PRKCH;HEXB;TGFB1;CDK1;GRB2;PTN;MATN2;LAMA2;APP;CDKN2B;TUBA1A;IL1B;MIOS;VPS54;RHOA;ETV5;PLEC;MXRA8;FGF2;TGFB2	GLOM	GO_BP	no_proc_ieg	10098
GOBP_CELLULAR_RESPONSE_TO_ABIOTIC_STIMULUS	1.3462934469680385	0.012048192771084338	0.203523889156635	70/243	PYCARD;MYD88;CASP1;TLR7;CRIP1;ATP1A2;RAD51AP1;SIPA1;CD40;ECT2;TLR8;TRIAP1;AURKB;HUS1;PCNA;MAP3K1;GATA3;BRCA1;PIEZO2;STK39;TLR4;TNFSF14;RAD51;SNAI2;CUL4B;MAPK11;TSPO;PBK;MMP2;TIMP1;CASP8;PTAFR;IRF1;CHEK1;COL1A1;POLH;PTEN;RGS9;ENG;IFI16;BAX;F11R;TGFB1;PPID;GRB2;MMP1;ERCC1;HYAL3;GADD45A;FAS;KCNJ2;RAD1;CASP2;ITGB6;IL1B;EFHD1;MCOLN1;NMT2;CCND2;FADD;AKR1B1;RBX1;TLR5;PLEC;FGF2;LTBR;HYAL2;NFKB1;GNA11;TLR3	GLOM	GO_BP	no_proc_ieg	10098
GOBP_REGULATION_OF_RECEPTOR_LOCALIZATION_TO_SYNAPSE	1.3455929810315297	0.10778443113772455	0.20415288124651979	4/17	TYROBP;NETO2;ADAM10;ZDHHC3	GLOM	GO_BP	no_proc_ieg	10098
GOBP_ENDOPLASMIC_RETICULUM_ORGANIZATION	1.3447452590762707	0.062135922330097085	0.20493152407841797	15/58	REEP4;EMC7;TMEM147;DOP1B;NCLN;RTN1;RETREG2;CAV2;STX18;TMCO1;SEC16A;DNM1L;TOR1B;UBL4A;ESYT1	GLOM	GO_BP	no_proc_ieg	10098
GOBP_MYELOID_CELL_APOPTOTIC_PROCESS	1.3447294986642475	0.07692307692307693	0.20465893550787784	10/30	PLEKHO2;LIPA;CCL5;MEF2C;NOD2;SLC7A11;SNAI2;ANXA1;KITLG;IRF7	GLOM	GO_BP	no_proc_ieg	10098
GOBP_POSITIVE_REGULATION_OF_PROTEIN_TARGETING_TO_MEMBRANE	1.3425375371257073	0.11270491803278689	0.2072372332239113	5/20	ITGB2;ITGAM;CDK5;STOM;ITGB1BP1	GLOM	GO_BP	no_proc_ieg	10098
GOBP_RENAL_SYSTEM_VASCULATURE_DEVELOPMENT	1.3421891665077599	0.0967741935483871	0.20742385307832092	6/25	ACTA2;PDGFB;PECAM1;GPR4;NRP1;CD34	GLOM	GO_BP	no_proc_ieg	10098
GOBP_NEGATIVE_REGULATION_OF_CD4_POSITIVE_ALPHA_BETA_T_CELL_ACTIVATION	1.3421333737664436	0.10183299389002037	0.20719705226866197	6/22	HLX;ASCL2;ANXA1;TBX21;RUNX3;RC3H2	GLOM	GO_BP	no_proc_ieg	10098
GOBP_MESENCHYME_DEVELOPMENT	1.3416171877223146	0.013461538461538462	0.20751651748537245	64/227	TWIST1;HTR2B;HEY2;ACTA2;MEF2C;MAPK1;SEMA4C;SOX4;FN1;S100A4;NCLN;CORO1C;GATA3;SEMA3F;EFNA1;MDK;SDCBP;ADAMTS5;SNAI2;TBX3;BASP1;MSX1;EMP2;NOTCH4;ACVRL1;BMP2;TBX1;NRP1;PPP3R1;EZH2;PHLDB1;ELL3;KITLG;COL1A1;TGFB1I1;BAMBI;HEY1;TBX2;LDLRAD4;EXT1;TCF15;PTEN;ENG;APLNR;PEF1;MEOX1;CRELD1;TGFBR2;SEMA3E;TGFB1;CPLANE2;IL1B;PDPN;SEMA4F;SMAD7;EFNB1;ADAM15;FLNA;GREM1;TAF10;TGFB2;ALDH1A2;FRZB;GSK3B	GLOM	GO_BP	no_proc_ieg	10098
GOBP_RIBONUCLEOPROTEIN_COMPLEX_BIOGENESIS	1.3407303548482319	0.01486988847583643	0.20836139725678282	162/291	ISG20;WDR3;CINP;ADAR;RPP40;POP7;RRP7A;CELF2;EBNA1BP2;POP4;CUL4B;NOP10;EIF3I;EIF3D;RPS19;UTP14A;SNRPD3;CLP1;USP4;MRTO4;NHP2;EXOSC10;NOL7;WDR12;SF3B5;RRP12;UTP11;SART3;TARBP2;TSR3;WDR77;DIMT1;GTPBP4;TSR1;PRPF19;NOP56;RPL10;NAT10;DROSHA;URB2;RUVBL1;CD2BP2;DDX47;RRP8;NOL11;EIF3G;YTHDF2;RPL13A;RNASEL;POP5;REXO4;SNRNP200;ABCE1;PIN4;SF3B3;SF1;MCTS1;PAK1IP1;NOL8;BMS1;TXNL4A;GEMIN4;RRP15;PELP1;DDX21;NOP14;PES1;NIP7;GRWD1;DDX23;GTF2H5;WDR18;SF3B2;ERAL1;METTL18;DICER1;EMG1;NGRN;DDX28;DDX52;AGO4;SNIP1;LSM2;EXOSC2;TSR2;RUVBL2;PRPF18;AFG2B;SNRPB;MRPS7;STRAP;GNL3L;RPP25;RBM5;MAK16;EXOSC5;MRM3;RSRP1;RPL10L;NLE1;EXOSC4;IMP4;KRI1;ZNF593;BYSL;EIF3A;RPS21;SF3A1;TSSC4;PUF60;FBL;NOL10;FTSJ3;RPS11;RPL35A;XAB2;GNL2;NVL;USP36;AATF;PRPF3;MRM2;NOP2;U2AF2;UTP6;PNO1;TMA16;CRNKL1;EIF2S2;GEMIN6;GEMIN2;ATR;EFL1;NSUN3;WDR46;EIF4A3;CELF1;GEMIN7;HTATSF1;LUC7L;LSM6;RRS1;PWP1;LUC7L3;PDCD11;HEATR1;TRMT112;RPL5;AIRIM;EXOSC8;RPL11;RIOK2;TFB1M;PIH1D1;XPO1;MTERF3;EXOSC7;SNRPF;NOP16;NSUN5P1;DDX18;RSL1D1	GLOM	GO_BP	no_proc_ieg	10098
GOBP_REGULATION_OF_MEIOTIC_NUCLEAR_DIVISION	1.3405304435687073	0.10841121495327102	0.20832901060002487	7/22	RAD51AP1;ZWINT;MSX1;CDC20;FZR1;NPR2;RAD1	GLOM	GO_BP	no_proc_ieg	10098
GOBP_NUCLEOSIDE_MONOPHOSPHATE_BIOSYNTHETIC_PROCESS	1.3403791273348795	0.09696969696969697	0.2082318799792547	10/30	DCK;TK1;UCK2;ADSL;HPRT1;ADA;TYMS;APRT;PFAS;IMPDH1	GLOM	GO_BP	no_proc_ieg	10098
GOBP_STEM_CELL_PROLIFERATION	1.3400903360545533	0.047520661157024795	0.20832616701221277	24/80	BABAM1;VEGFC;PTPRC;SOX18;SOX17;CDKN2C;CEBPA;KDR;SNAI2;TBX3;PBX1;ELL3;KITLG;CD34;HOXA3;PDCD2;SART3;TGFBR2;TGFB1;MECOM;CCNE1;HMGB2;YTHDF2;FGF2	GLOM	GO_BP	no_proc_ieg	10098
GOBP_CELLULAR_RESPONSE_TO_AMYLOID_BETA	1.3399792976090936	0.10114503816793893	0.20817542981969403	10/33	CD36;FCGR2B;ITGA4;CDK5;ADRB2;TLR4;TREM2;CASP4;EPHB2;APP	GLOM	GO_BP	no_proc_ieg	10098
GOBP_POSITIVE_REGULATION_OF_AXON_EXTENSION	1.3398699534437055	0.09018036072144289	0.20803433208254984	12/33	TRPV2;LIMK1;TWF2;CYFIP1;FN1;NRP1;EIF4G2;MAP1B;SMURF1;GDI1;CDH4;BMPR2	GLOM	GO_BP	no_proc_ieg	10098
GOBP_POSITIVE_REGULATION_OF_EPITHELIAL_CELL_PROLIFERATION	1.3396519650126844	0.0248565965583174	0.20801950567122912	35/143	HLX;TWIST1;CCL5;HTR2B;VEGFC;PDGFB;EXTL3;ITGA4;SCG2;MDK;NOD2;KDR;TNFSF12;KDM5B;MYDGF;CAV2;LAMC1;C5AR1;ACVRL1;ECM1;JCAD;TBX1;ST8SIA1;NRP1;NRAS;CCND1;BTK;AGGF1;GRN;APLNR;AGTR1;GATA2;POLD4;TGFB1;PTN	GLOM	GO_BP	no_proc_ieg	10098
GOBP_INTRINSIC_APOPTOTIC_SIGNALING_PATHWAY_IN_RESPONSE_TO_DNA_DAMAGE_BY_P53_CLASS_MEDIATOR	1.3393996160547235	0.11176470588235295	0.20805531044561792	10/29	PYCARD;DYRK2;TRIAP1;AEN;CD44;ELL3;PML;IFI16;CD74;PHLDA3	GLOM	GO_BP	no_proc_ieg	10098
GOBP_POSITIVE_REGULATION_OF_VIRAL_PROCESS	1.3377739833455724	0.08270676691729323	0.20994498099264	20/47	CCL5;ADAR;HLA-DRB1;KPNA2;STOM;TRIM21;LGALS1;TOP2A;CD4;TARBP2;PPID;CD74;VPS4A;IFIT1;VAPB;PPIE;P4HB;NR5A2;FURIN;RAB7A	GLOM	GO_BP	no_proc_ieg	10098
GOBP_MYELOID_DENDRITIC_CELL_DIFFERENTIATION	1.337744824455682	0.1276595744680851	0.2096982692058554	6/18	TRAF6;TGFBR2;TGFB1;UBD;ITGB6;LTBR	GLOM	GO_BP	no_proc_ieg	10098
GOBP_RESPONSE_TO_AUDITORY_STIMULUS	1.3366552797825606	0.10909090909090909	0.2108095071424496	6/22	ATP8A2;ATP1A2;CXCL10;SLC1A3;MDK;HTT	GLOM	GO_BP	no_proc_ieg	10098
GOBP_CORTICAL_CYTOSKELETON_ORGANIZATION	1.3346629749479937	0.09021113243761997	0.21318621656520745	9/37	RHOG;PPP2R3C;CAVIN3;LCP1;ECT2;NCKAP1L;EPB41L2;IQGAP1;PLEK	GLOM	GO_BP	no_proc_ieg	10098
GOBP_OLIGOSACCHARIDE_METABOLIC_PROCESS	1.3333778039177662	0.07489878542510121	0.21463070922656866	15/49	MAN2B1;FUT1;NAGA;GLA;FUT4;ST8SIA4;NEU1;ST8SIA1;GAL3ST4;MGAT2;MOGS;MAN1B1;ST6GALNAC4;ST3GAL2;HEXB	GLOM	GO_BP	no_proc_ieg	10098
GOBP_REGULATION_OF_CD4_POSITIVE_ALPHA_BETA_T_CELL_ACTIVATION	1.3331976980118965	0.07782101167315175	0.21454620551100784	22/58	HLX;HLA-DRB1;ASCL2;GATA3;NCKAP1L;SASH3;CD86;HLA-DRA;ANXA1;TBX21;RUNX3;RC3H2;CCL19;TGFBR2;SMAD7;CD81;NLRP3;IL12RB1;CD80;IL4R;CBFB;IL2RG	GLOM	GO_BP	no_proc_ieg	10098
GOBP_POSITIVE_REGULATION_OF_CYSTEINE_TYPE_ENDOPEPTIDASE_ACTIVITY	1.3320254016905557	0.03187250996015936	0.21582243821844313	27/90	PYCARD;CASP1;BID;TNFSF10;BCL2A1;HTRA2;ARL6IP5;ANP32B;CARD8;LAPTM5;SYK;CARD9;ATP2A3;NGFR;CASP8;VCP;LCK;TNFSF15;IFI16;CLEC7A;BAX;PDCD2;FAS;CASP2;KHDC1;FADD;PPARG	GLOM	GO_BP	no_proc_ieg	10098
GOBP_RIBONUCLEOSIDE_MONOPHOSPHATE_BIOSYNTHETIC_PROCESS	1.331476375005012	0.1014799154334038	0.21625665321531407	15/27	DCK;UCK2;ADSL;HPRT1;ADA;APRT;PFAS;IMPDH1;RFK;GART;AMPD3;IMPDH2;PRPS1;UPP1;DHODH	GLOM	GO_BP	no_proc_ieg	10098
GOBP_PEPTIDYL_TYROSINE_MODIFICATION	1.3307318061050888	0.02095238095238095	0.21695771865711702	34/191	HCLS1;ITGB2;FGR;CD300A;CCL5;TNFRSF14;HCK;PTPN6;CD36;MVP;PTPRC;GPRC5B;CD40;CSF1R;CSPG4;LILRA5;PDGFB;DUSP22;EFNA1;NOD2;SYK;PECAM1;KDR;LILRB4;TREM2;PTPN2;PAK2;CD44;NRP1;LRP4;KITLG;LCK;BLK;BTK	GLOM	GO_BP	no_proc_ieg	10098
GOBP_MATURE_B_CELL_DIFFERENTIATION_INVOLVED_IN_IMMUNE_RESPONSE	1.3304590127203828	0.12684989429175475	0.21705349736008392	6/23	FCGR2B;IRF8;DOCK10;ADA;LGALS1;DDRGK1	GLOM	GO_BP	no_proc_ieg	10098
GOBP_CELLULAR_COMPONENT_DISASSEMBLY	1.3300903864023514	0.0	0.21722603629891352	136/370	CX3CR1;CTSS;C1QA;AURKA;ITGAM;TIGAR;MAP1S;C1QB;DELE1;LCP1;RAC2;ATG4A;HTRA2;TWF2;MAP4K4;CAPZB;ADAM10;RUBCN;SMARCD2;RRP7A;EXOG;ADRB2;FLOT1;HTT;FSCN1;NOD2;CTDNEP1;SMARCE1;TREM2;ADAMTS5;SNAI2;TSPO;CAPG;RETREG2;COL6A1;PELO;LAMC1;MMP2;PRKCB;C3;TRIM21;TPX2;DFFB;ADGRB3;VCP;TOP2A;KLC1;DDRGK1;SMARCC2;LIMA1;STMN3;PLEK;ATP2A2;RUBCNL;AMBRA1;ATG9A;BAX;CSNK2A2;FLII;DNM1L;KIF2A;TGFB1;CDK1;MMP1;MAPRE2;FAP;HK2;TMOD1;ATG3;CALM1;HMGA1;MICAL2;SNAP29;KIF14;GABARAP;OGFOD1;IQSEC1;JMJD4;PDPN;MCOLN1;SMARCD3;KIF2C;VPS54;SPAST;SLC25A4;MAP1B;DCTN1;ADAM15;SMARCB1;VPS4A;SREBF1;MMP11;CST3;UBE2A;CHMP1A;ABCE1;GSK3B;MCTS1;GSPT2;MID1;PLAAT1;GCN1;CAMKK2;NSF;PLIN3;RETREG3;MARK2;WDR45;SKIC2;UPF1;TFIP11;MMP15;EIF4E2;FURIN;SPTBN1;DFFA;CHMP2A;SCAF4;GRWD1;MMP9;MAP4;DDR1;SWAP70;DICER1;CFL1;SVIL;MUL1;CARMIL1;ARHGAP26;SYNJ1;MMP10;ANKZF1;CLTC;KIF18A;FBXL4;UFC1	GLOM	GO_BP	no_proc_ieg	10098
GOBP_PLATELET_ACTIVATION	1.3300017115940304	0.03643724696356275	0.21706179115405427	26/100	THBD;PTPN6;CD40;C1GALT1C1;COL3A1;FCER1G;HBB;PDGFB;EMILIN1;SLC7A11;SYK;TLR4;CLIC1;VAV1;DGKA;PLA2G4A;CEACAM1;LCK;COMP;ENTPD1;PLEK;FIBP;STXBP1;F11R;DGKD;DGKE	GLOM	GO_BP	no_proc_ieg	10098
GOBP_REGULATION_OF_MITOTIC_CELL_CYCLE_PHASE_TRANSITION	1.3299886210625897	0.015873015873015872	0.21679256217776136	61/231	AURKA;BABAM1;BID;PTPN6;STIL;ZWINT;DTL;RAB11A;TRIAP1;AURKB;BTN2A2;CCNB1;HUS1;LCMT1;SMARCD2;PLK2;CDKN2C;BRCA1;RPA2;CHFR;NDC80;SMARCE1;DLGAP5;BUB1B;CUL4B;ADAMTS1;ANXA1;GTSE1;EZH2;PBX1;CDC20;CENPF;CCND1;CHEK1;PML;SMARCC2;CDK6;PTEN;FZR1;AMBRA1;IK;PSME1;DACT1;CDC25B;TGFB1;CDK1;XRCC3;UBD;APP;CDKN2B;CCNE1;UBE2C;CASP2;KIF14;TMEM14B;PSME3;TTK;SMARCD3;CCND2;TAOK3;BIRC5	GLOM	GO_BP	no_proc_ieg	10098
GOBP_REGULATION_OF_GTPASE_ACTIVITY	1.3296498667002359	0.0275049115913556	0.21690459159786302	39/171	RHOG;CCL5;ARHGAP45;CCL4;CD40;ECT2;MAP4K4;RASGRP2;GPR65;TBC1D2B;CORO1C;TGM2;ARHGAP25;TBC1D2;CCL13;SCRIB;FGD6;CCL18;VAV1;CAV2;DOCK10;ADAP2;GMIP;ARHGAP15;PLXNA2;RGS16;EZH2;STMN3;ITGB1BP1;CCL19;S100A10;RGS9;FICD;ARHGAP22;RASIP1;MAPRE2;CCL8;ARHGAP44;ABR	GLOM	GO_BP	no_proc_ieg	10098
GOBP_REGULATION_OF_PROTEIN_SERINE_THREONINE_KINASE_ACTIVITY	1.3292621646351674	0.014056224899598393	0.21709893185328374	64/193	PYCARD;MAP2K1;CD300A;HTR2B;MACROH2A1;TCIM;LTF;CAMK1;CD40;CDKN3;CCNB1;PDGFB;PSRC1;CCNK;CDKN2C;ADRB2;HTT;TLR4;HHEX;MAP3K11;BMP2;EZH2;TRAF6;CCND1;CALM3;CCL19;PTEN;NR2F2;RASIP1;ERP29;GTPBP4;DUSP7;GADD45A;CDKN2B;PTPN22;CALM1;CCNE1;IL1B;CCND2;RHOA;TAOK3;UCHL1;PPARG;CCNB2;TRIB3;PDGFRB;SNF8;FGF2;PIK3CG;HYAL2;ADRA2A;CCND3;RALB;IRAK1;CCNA2;CCNE2;TRIB2;CDC6;DIRAS2;SNCA;PDGFD;HRAS;CEMIP;TRAF2	GLOM	GO_BP	no_proc_ieg	10098
GOBP_NEGATIVE_REGULATION_OF_MITOTIC_CELL_CYCLE_PHASE_TRANSITION	1.3281356645787956	0.044921875	0.21826326796326118	33/130	BABAM1;ZWINT;DTL;TRIAP1;AURKB;BTN2A2;CCNB1;HUS1;LCMT1;PLK2;BRCA1;RPA2;CHFR;NDC80;BUB1B;GTSE1;EZH2;CDC20;CENPF;CCND1;CHEK1;PML;PTEN;FZR1;IK;DACT1;CDK1;XRCC3;CDKN2B;CASP2;TTK;TAOK3;BIRC5	GLOM	GO_BP	no_proc_ieg	10098
GOBP_REGULATION_OF_EXTRACELLULAR_MATRIX_ORGANIZATION	1.325353720784547	0.0783132530120482	0.2216220594481881	18/44	TNFRSF1B;FSCN1;EMILIN1;AEBP1;COL6A1;LAMC1;BMP2;PHLDB1;COLGALT1;TCF15;TGFB1;FAP;LAMA2;NID1;PDPN;EFEMP2;PPARG;CST3	GLOM	GO_BP	no_proc_ieg	10098
GOBP_POSTSYNAPTIC_NEUROTRANSMITTER_RECEPTOR_INTERNALIZATION	1.3233258083155481	0.13646055437100213	0.22400392048557632	10/20	SCRIB;PPP3R1;DNM3;SYT17;AP2S1;RALA;EFNB2;AP2A2;AP2M1;AP2B1	GLOM	GO_BP	no_proc_ieg	10098
GOBP_T_CELL_DIFFERENTIATION_INVOLVED_IN_IMMUNE_RESPONSE	1.3226052848250403	0.07509881422924901	0.22472255311659006	14/58	HLX;FGL2;FCER1G;HLA-DRB1;ASCL2;GATA3;CD86;HLA-DRA;ANXA1;TBX21;RC3H2;STAT4;ENTPD7;CCL19	GLOM	GO_BP	no_proc_ieg	10098
GOBP_NEGATIVE_REGULATION_OF_LIPID_STORAGE	1.322545428985227	0.125	0.22450228755264995	8/15	TREM2;PTPN2;NR1H3;ABCA1;PPARD;PPARG;ABHD5;ITGAV	GLOM	GO_BP	no_proc_ieg	10098
GOBP_REGULATION_OF_TYPE_I_INTERFERON_MEDIATED_SIGNALING_PATHWAY	1.319792028827752	0.0872210953346856	0.22807615703895512	11/31	PTPN6;ISG15;ADAR;OAS3;OAS1;PTPN2;IRF7;IKBKE;SAMHD1;FADD;YTHDF2	GLOM	GO_BP	no_proc_ieg	10098
GOBP_RESPONSE_TO_TUMOR_CELL	1.3197810271126946	0.08316008316008316	0.22778950564307263	11/29	NKG7;PRF1;HLA-DRB1;LAPTM5;HLA-A;AHR;CEACAM1;SPI1;CRTAM;TGFB1;IL12A	GLOM	GO_BP	no_proc_ieg	10098
GOBP_SUPEROXIDE_METABOLIC_PROCESS	1.3195133776072876	0.08527131782945736	0.22786918179920684	14/51	TYROBP;ITGB2;ITGAM;CD36;NCF2;CYBB;NCF4;SYK;GNAI2;SH3PXD2A;CLEC7A;GCH1;CYBA;TGFB1	GLOM	GO_BP	no_proc_ieg	10098
GOBP_NEGATIVE_REGULATION_OF_BONE_REMODELING	1.3191960625789978	0.14678899082568808	0.22804510903958933	7/15	CSK;CD38;INPP5D;P2RX7;GREM1;TNFRSF11B;HAMP	GLOM	GO_BP	no_proc_ieg	10098
GOBP_CHROMOSOME_CONDENSATION	1.3190349551449692	0.10251450676982592	0.2279374917094205	15/32	SMC4;NUSAP1;DFFB;TOP2A;NCAPG;SMARCA5;CDK1;SMC2;NCAPH;H1-1;CHMP1A;H1-0;NCAPH2;H1-10;H1-2	GLOM	GO_BP	no_proc_ieg	10098
GOBP_CD4_POSITIVE_ALPHA_BETA_T_CELL_DIFFERENTIATION	1.31895483305655	0.05232558139534884	0.2277546746756497	27/68	HLX;HLA-DRB1;ASCL2;GATA3;NCKAP1L;SASH3;CD86;HLA-DRA;ANXA1;TBX21;RUNX3;RC3H2;STAT4;ENTPD7;CCL19;TOX;SMAD7;SPN;RSAD2;NLRP3;IL12RB1;IL18R1;CD80;IL4R;CBFB;IL2RG;LEF1	GLOM	GO_BP	no_proc_ieg	10098
GOBP_DEFENSE_RESPONSE_TO_GRAM_NEGATIVE_BACTERIUM	1.3187949620180395	0.09702970297029703	0.22766990017827654	12/53	PYCARD;LTF;TNFRSF14;RNASE6;LYZ;CXCL6;IGHM;TLR4;TREM2;RPS19;CD4;GSDMD	GLOM	GO_BP	no_proc_ieg	10098
GOBP_POSITIVE_REGULATION_OF_TELOMERE_MAINTENANCE_VIA_TELOMERE_LENGTHENING	1.3187914915449996	0.13382899628252787	0.22737425539284084	7/26	AURKB;MAPK1;CCT8;CCT6A;CCT3;GCH1;CCT4	GLOM	GO_BP	no_proc_ieg	10098
GOBP_MONOCYTE_DIFFERENTIATION	1.3187429236437578	0.1306930693069307	0.227128042497298	10/25	CSF1R;THOC5;HLA-DRB1;INPP5D;IRF7;CD4;CDK6;IFI16;CD74;PPARG	GLOM	GO_BP	no_proc_ieg	10098
GOBP_REGULATION_OF_CYSTEINE_TYPE_ENDOPEPTIDASE_ACTIVITY	1.3186835045261487	0.04056795131845842	0.226908981276888	30/137	PYCARD;CASP1;RPS6KA3;CST7;LTF;BID;TNFSF10;BCL2A1;HTRA2;ARL6IP5;TRIAP1;ANP32B;CARD8;PSMB9;LAPTM5;SYK;CARD9;PAK2;ATP2A3;NGFR;CD44;CASP8;IFI6;VCP;LCK;TNFSF15;IFI16;CLEC7A;BAX;PDCD2	GLOM	GO_BP	no_proc_ieg	10098
GOBP_MATURE_B_CELL_DIFFERENTIATION	1.3179165838314628	0.10967741935483871	0.22760799356786976	13/28	FCGR2B;IRF8;DOCK10;ADA;LGALS1;DDRGK1;SLAMF8;ST3GAL1;IL2RG;ITM2A;LFNG;GPR183;POU2AF1	GLOM	GO_BP	no_proc_ieg	10098
GOBP_POSITIVE_REGULATION_OF_B_CELL_MEDIATED_IMMUNITY	1.3171345629798101	0.11871227364185111	0.22840648409228376	9/28	PTPRC;CD40;NOD2;TREM2;TBX21;C3;BTK;HLA-E;TGFB1	GLOM	GO_BP	no_proc_ieg	10098
GOBP_EXTRACELLULAR_MATRIX_DISASSEMBLY	1.3167070696782814	0.08237547892720307	0.22871893623126313	16/43	CTSS;LCP1;ADAM10;FLOT1;FSCN1;ADAMTS5;CAPG;LAMC1;MMP2;TGFB1;MMP1;FAP;PDPN;ADAM15;MMP11;CST3	GLOM	GO_BP	no_proc_ieg	10098
GOBP_RIBONUCLEOSIDE_CATABOLIC_PROCESS	1.3164199340055087	0.16244725738396623	0.22881088485734496	5/15	APOBEC3F;APOBEC3A;ADA2;APOBEC3G;ADA	GLOM	GO_BP	no_proc_ieg	10098
GOBP_REGULATION_OF_INTEGRIN_MEDIATED_SIGNALING_PATHWAY	1.3154962077720769	0.15667311411992263	0.22980064514222753	10/17	LAMC1;EMP2;TIMP1;ITGB1BP1;LAMA2;NID1;FLNA;LIMS2;CD63;LAMB2	GLOM	GO_BP	no_proc_ieg	10098
GOBP_REGULATION_OF_PROTEASOMAL_UBIQUITIN_DEPENDENT_PROTEIN_CATABOLIC_PROCESS	1.315182343531122	0.058027079303675046	0.22991430640596883	27/74	AURKA;GNA12;CHFR;CSNK1E;CEBPA;DESI1;PBK;BAG2;CBFA2T3;VCP;CDC20;DDRGK1;FZR1;CSNK2A2;KEAP1;GABARAP;UBXN1;RBX1;SMAD7;TRIB3;GSK3B;DDA1;IL33;CSNK1D;USP7;DNAJB2;TRIB2	GLOM	GO_BP	no_proc_ieg	10098
GOBP_RESPONSE_TO_MECHANICAL_STIMULUS	1.3144645170078104	0.02012072434607646	0.23061702458342606	47/160	MYD88;CASP1;TLR7;ITGAM;ATP8A2;ATP1A2;CD40;TLR8;MAP3K1;CXCL10;SLC1A3;MDK;PIEZO2;HTT;TLR4;TNFSF14;COL6A1;MMP2;CASP8;COL11A1;SCN9A;IRF1;CHEK1;COL1A1;POSTN;ENG;CXCR4;TNC;RETN;F11R;TGFB1;PTN;GADD45A;FAS;KCNJ2;CASP2;TUBA1A;IL1B;FADD;TLR5;MAP1B;PLEC;P2RX7;FGF2;LTBR;NFKB1;TLR3	GLOM	GO_BP	no_proc_ieg	10098
GOBP_NEGATIVE_REGULATION_OF_CYTOPLASMIC_PATTERN_RECOGNITION_RECEPTOR_SIGNALING_PATHWAY	1.3144345510218596	0.12209302325581395	0.2303578142663416	6/34	ZDHHC18;PPT1;RNF125;AURKB;CARD8;TREM2	GLOM	GO_BP	no_proc_ieg	10098
GOBP_PROTEIN_LOCALIZATION_TO_ENDOPLASMIC_RETICULUM	1.3139577448846702	0.09883720930232558	0.23075984587473977	23/47	SEC61B;BCAP29;RER1;BTF3;KDELR3;SPCS3;DDRGK1;SEC16A;KDELR2;UBL4A;SSR3;VPS54;KDELR1;BCAP31;OS9;SRPRB;SGTA;TRAM1;HSPA5;SRPRA;TRAM2;GPAA1;SEC61G	GLOM	GO_BP	no_proc_ieg	10098
GOBP_TISSUE_MIGRATION	1.3126918794949731	0.01532567049808429	0.2323233030002793	74/244	VASH1;VEGFC;FUT1;ACTA2;CD40;MEF2C;RAB11A;ETS1;MAP4K4;SP100;PDGFB;SOX18;SCARB1;HDAC9;CORO1C;GATA3;PLK2;SCG2;EFNA1;MACIR;LPXN;CORO1A;KDR;TNFSF12;LGALS8;SNAI2;PTP4A3;MMRN2;ANXA1;EMP2;PRCP;ADGRA2;ACVRL1;JCAD;NRP1;KITLG;HDAC5;CEACAM1;PIK3R3;ITGB1BP1;SRPX2;PTEN;GFUS;GRN;CDH5;RRAS;PLPP3;GATA2;EPHB4;ID1;NR2F2;TGFBR2;TGFB1;MAPRE2;FAP;PTN;EFNB2;SERPINF1;GADD45A;PKN1;IQSEC1;PPARD;SPARC;RHOA;CORO1B;PPARG;MEOX2;ATP2B4;PTPRM;GREM1;FGF2;TGFB2;PIK3CG;TBXA2R	GLOM	GO_BP	no_proc_ieg	10098
GOBP_FEMALE_MEIOTIC_NUCLEAR_DIVISION	1.3121674489534838	0.11825726141078838	0.23273624042376218	10/23	AURKA;NDC80;TOP2A;PTEN;CDC25B;NCAPH;TTK;CCNB2;NCAPH2;MLH1	GLOM	GO_BP	no_proc_ieg	10098
GOBP_POSITIVE_REGULATION_OF_ORGANELLE_ASSEMBLY	1.311908633854103	0.0825147347740668	0.23278867423260927	24/63	STIL;LCP1;MSN;NUP62;SH3GLB1;SDCBP;HTT;FSCN1;CAPG;GPSM2;PIP4K2A;STX18;WRAP73;ASAP1;RHOA;CNOT6;GSK3B;G3BP1;RALB;TRIM32;CROCC;CEP135;IFT20;WDR45	GLOM	GO_BP	no_proc_ieg	10098
GOBP_POSITIVE_REGULATION_OF_STEM_CELL_PROLIFERATION	1.3114337914975902	0.11485148514851486	0.2331565117861094	11/37	VEGFC;PTPRC;KDR;TBX3;PBX1;ELL3;KITLG;HOXA3;PDCD2;TGFB1;CCNE1	GLOM	GO_BP	no_proc_ieg	10098
GOBP_REGULATION_OF_PEPTIDASE_ACTIVITY	1.3112733076529435	0.01761252446183953	0.23308250132125802	57/212	PYCARD;CTSS;CASP1;CSTA;RPS6KA3;CST7;LTF;BID;TNFSF10;PSENEN;BCL2A1;HTRA2;ARL6IP5;RCN3;TRIAP1;MAPK12;ANP32B;CARD8;PSMB9;LAPTM5;EFNA1;SYK;CARD9;SERPINH1;PAK2;PSMB8;ATP2A3;NGFR;SERPING1;CD44;TIMP1;CASP8;ECM1;IFI6;VCP;LCK;DDRGK1;TNFSF15;GRN;IFI16;CLEC7A;PSME1;CSTB;BAX;PDCD2;TIMP2;SERPINF1;FAS;CASP2;PLAUR;PSME3;CST1;KHDC1;FADD;PPARG;UBXN1;SERPINB8	GLOM	GO_BP	no_proc_ieg	10098
GOBP_REGULATION_OF_LAMELLIPODIUM_ORGANIZATION	1.309785496852703	0.1115702479338843	0.23477719191607715	9/36	RAC2;ARPC2;TWF2;CYFIP1;ACTR3;CAPZB;CORO1C;FSCN1;CD44	GLOM	GO_BP	no_proc_ieg	10098
GOBP_DNA_INTEGRITY_CHECKPOINT_SIGNALING	1.308435906693446	0.07272727272727272	0.23639108168780523	22/87	BABAM1;DTL;TRIAP1;HUS1;PLK2;BRCA1;RPA2;RAD51;GTSE1;CDT1;CCND1;CHEK1;PML;FZR1;WDR76;CDK1;PRPF19;RAD1;CASP2;TAOK3;TTI1;MUS81	GLOM	GO_BP	no_proc_ieg	10098
GOBP_REGULATION_OF_EPIDERMIS_DEVELOPMENT	1.3077209850041291	0.11637931034482758	0.23709219234933604	11/44	MACROH2A1;HEY2;MACROH2A2;KRT10;EXTL3;EZH2;PLAAT4;PRKCH;KEAP1;ZBED2;FGF2	GLOM	GO_BP	no_proc_ieg	10098
GOBP_POSTSYNAPTIC_MEMBRANE_ORGANIZATION	1.307216472941553	0.12698412698412698	0.23748661805401253	9/28	RER1;FNTA;SLC7A11;LRP4;FARP1;NLGN4X;GLRB;EPHB2;DLG4	GLOM	GO_BP	no_proc_ieg	10098
GOBP_REGULATION_OF_PROTEIN_UBIQUITINATION	1.3070120606974223	0.05622489959839357	0.23746495400385137	38/125	NMI;ISG15;ARRB1;LIMK1;SEPTIN4;SOX4;LAPTM5;CDK5;PTTG1IP;NOD2;CHFR;FANCI;TSPO;BAG2;USP4;DERL1;TRAF6;CDC20;CENPX;PTEN;FZR1;PEF1;GTPBP4;RNF111;PTPN22;UBE2C;VPS28;GABARAP;UBXN1;RBX1;SMAD7;TRIB3;TICAM1;GSK3B;SKP2;TRIM44;DNAJB2;PLAA	GLOM	GO_BP	no_proc_ieg	10098
GOBP_POSITIVE_REGULATION_OF_APOPTOTIC_SIGNALING_PATHWAY	1.3055518866380982	0.06547619047619048	0.23920621223478486	30/106	PYCARD;CTSS;BID;TNFSF10;PTPRC;RBCK1;HTRA2;SEPTIN4;LTB;TLR4;TNFSF12;PTPN2;PAK2;SKIL;NGFR;MSX1;MMP2;ITM2C;LCK;PML;PIAS4;BAX;DNM1L;FAS;CASP2;CYLD;FADD;LTBR;HYAL2;PLEKHF1	GLOM	GO_BP	no_proc_ieg	10098
GOBP_NEGATIVE_REGULATION_OF_VASCULATURE_DEVELOPMENT	1.3050379123459506	0.0691699604743083	0.2396579993020892	25/74	VASH1;PTPN6;CD36;STAB1;ALOX5;CXCL10;PLK2;CCR2;EMILIN1;HHEX;GPR4;ADAMTS1;ADGRB3;PML;THBS2;ADGRB2;SEMA3E;SERPINF1;GADD45A;SPARC;PPARG;FOXJ2;ATP2B4;PTPRM;TGFB2	GLOM	GO_BP	no_proc_ieg	10098
GOBP_MITOTIC_CELL_CYCLE_PHASE_TRANSITION	1.304930793739405	0.015717092337917484	0.23950057541123407	93/303	TACC3;AURKA;BABAM1;BID;PTPN6;STIL;ZWINT;DTL;RAB11A;TRIAP1;AURKB;BTN2A2;CDKN3;CCNB1;HUS1;LCMT1;MELK;SMARCD2;PLK2;CDKN2C;BRCA1;RPA2;CHFR;NDC80;SMARCE1;E2F3;DLGAP5;BUB1B;CUL4B;ADAMTS1;ANXA1;FOXM1;GTSE1;EZH2;PBX1;CDC34;CDC20;CENPF;CCND1;CHEK1;PML;SMARCC2;CALM3;CDK6;PTEN;FZR1;BCAT1;AMBRA1;USP22;IK;PSME1;DACT1;CDC25B;TGFB1;CDK1;XRCC3;UBD;APP;CDKN2B;CALM1;CCNE1;UBE2C;CASP2;KIF14;TMEM14B;PSME3;TTK;SMARCD3;CCND2;SPAST;TAOK3;BIRC5;CCNB2;CDC27;SMARCB1;TAF10;VPS4A;GFI1B;UBE2A;RRM1;DBF4;SKP2;SPDL1;CCND3;RCC1;CDK4;TREX1;CCNA2;SPC25;CCNE2;CENPE;CDC6;FBXL15	GLOM	GO_BP	no_proc_ieg	10098
GOBP_REGULATION_OF_ENDOPLASMIC_RETICULUM_UNFOLDED_PROTEIN_RESPONSE	1.3037337369114095	0.12734864300626306	0.2409581828979783	7/21	ABCA7;PTPN2;COPS5;DDRGK1;AGR2;FICD;BAX	GLOM	GO_BP	no_proc_ieg	10098
GOBP_BIOLOGICAL_PROCESS_INVOLVED_IN_SYMBIOTIC_INTERACTION	1.3036924818928395	0.026415094339622643	0.24070245834415563	78/212	CX3CR1;MYD88;CCL5;LTF;TNFRSF14;CCL4;IFITM2;CSF1R;TRIM5;HLA-DRB1;FN1;IFITM1;CXCL6;SCARB1;TAF11;CCNK;FCN1;HDAC1;NOD2;CD86;CARD9;SNX3;CAV2;SLAMF1;STOM;TRIM21;SELPLG;SIGLEC1;LGALS1;NRP1;TNFRSF4;CD4;PTX3;ITGA5;FCN3;CXCR4;AGTR1;CH25H;PPIB;SIVA1;CCR5;IFI27;F11R;CDK1;PPID;APOL1;SLC52A2;EFNB2;CCL8;ITGB6;CBL;TRIM25;CD74;SMARCB1;TRIM22;VPS4A;HYAL2;CHMP1A;LY6E;IFIT1;CD81;NCAM1;CD80;CLEC5A;DAG1;SP1;SNW1;P4HB;DYNLT1;ICAM1;GAS6;LEF1;FURIN;ITGA2;RAB7A;CHMP2A;EFNB3;CAV1	GLOM	GO_BP	no_proc_ieg	10098
GOBP_REGULATION_OF_CYSTEINE_TYPE_ENDOPEPTIDASE_ACTIVITY_INVOLVED_IN_APOPTOTIC_PROCESS	1.3036919828241698	0.04878048780487805	0.24039607990866896	26/114	PYCARD;CASP1;RPS6KA3;BID;TNFSF10;BCL2A1;HTRA2;ARL6IP5;TRIAP1;ANP32B;CARD8;LAPTM5;SYK;CARD9;PAK2;ATP2A3;NGFR;CD44;CASP8;IFI6;VCP;LCK;TNFSF15;CLEC7A;BAX;PDCD2	GLOM	GO_BP	no_proc_ieg	10098
GOBP_DNA_DAMAGE_RESPONSE_SIGNAL_TRANSDUCTION_BY_P53_CLASS_MEDIATOR	1.30359255010215	0.10795454545454546	0.24022855379865898	12/53	TWIST1;TRIAP1;SOX4;SP100;PLK2;PTTG1IP;SNAI2;MSX1;CD44;FOXM1;GTSE1;PML	GLOM	GO_BP	no_proc_ieg	10098
GOBP_BONE_DEVELOPMENT	1.3034236926222302	0.04093567251461988	0.240178024932646	48/144	TYROBP;TWIST1;LIPA;LTF;PTPRC;MEF2C;COL3A1;HSD17B1;TGM2;COL13A1;THBS3;SERPINH1;KDR;CSGALNACT1;MAPK11;RAB23;COL6A1;MSX1;ECM1;BMP2;RPL13;COMP;COL1A1;EXT1;ENG;RYR1;ATG9A;PPIB;SRD5A1;TGFBR2;CYP26B1;TGFB1;BGN;FBN1;INPPL1;NPR2;ITGB6;P3H1;RHOA;CCN4;GREM1;HOXA11;FGFR3;TRIM45;TTC9;BMPR2;EXT2;TULP3	GLOM	GO_BP	no_proc_ieg	10098
GOBP_NEGATIVE_REGULATION_OF_RESPONSE_TO_CYTOKINE_STIMULUS	1.3029289504393369	0.08795411089866156	0.24062880466646214	29/58	CCL5;PTPRC;ISG15;ADAR;CARD8;OAS3;OAS1;TREM2;PTPN2;ECM1;PIAS4;TRAIP;NR1H3;SAMHD1;CYLD;PPARG;YTHDF2;TNFRSF11B;TREX1;TLE5;RNF113A;GAS6;TTLL12;EIF4E2;IL1RN;CAV1;GSTP1;DICER1;MUL1	GLOM	GO_BP	no_proc_ieg	10098
GOBP_REGULATION_OF_STEM_CELL_PROLIFERATION	1.3011777558174495	0.07628865979381444	0.24294306353398126	17/61	VEGFC;PTPRC;SOX18;SOX17;CDKN2C;CEBPA;KDR;SNAI2;TBX3;PBX1;ELL3;KITLG;HOXA3;PDCD2;TGFBR2;TGFB1;CCNE1	GLOM	GO_BP	no_proc_ieg	10098
GOBP_POSITIVE_REGULATION_OF_ENDOTHELIAL_CELL_MIGRATION	1.2975590748590264	0.07677165354330709	0.24781186736345495	22/81	VEGFC;FUT1;CD40;ETS1;PDGFB;SCARB1;HDAC9;GATA3;PLK2;KDR;ANXA1;ADGRA2;JCAD;NRP1;ITGB1BP1;SRPX2;GFUS;GRN;RRAS;PLPP3;GATA2;TGFB1	GLOM	GO_BP	no_proc_ieg	10098
GOBP_PROTEIN_LOCALIZATION_TO_NUCLEUS	1.2968450378910865	0.03313840155945419	0.24862746513719516	42/207	HCLS1;GBP2;CD36;ECT2;TMEM147;RANBP6;SP100;NUP93;NUP62;SUMO3;ABCA7;RRP7A;CDK5;RAP1GDS1;PTTG1IP;SYK;CTDNEP1;HHEX;LILRB4;E2F3;PAF1;RAB23;NGFR;CCT8;MSX1;KPNA2;PPP3R1;NUP85;CCT6A;COL1A1;PML;CCT3;NUP188;MCRS1;SNUPN;ZBTB7A;CCT4;TGFB1;CDK1;TOR1B;PGR;SUPT7L	GLOM	GO_BP	no_proc_ieg	10098
GOBP_REGULATION_OF_INTRACELLULAR_TRANSPORT	1.296304125031257	0.0380952380952381	0.24917401878605044	45/178	HCLS1;UBE2J1;MAP2K1;PRR5L;CD36;CAMK1;LCP1;ECT2;RAB11A;MAPK1;MSN;ANP32B;SP100;CDK5;KIF20B;RAB23;SNX3;FRAT2;FEZ1;NCBP2;STX18;LDLRAP1;OAZ2;TMEM97;IFI27;MTMR2;TGFB1;CDK1;OAZ1;MAP2;ARHGAP44;B3GAT3;ERGIC3;IL1B;EHD2;CEP131;MAP1B;FLNA;YIPF5;HYAL2;GSK3B;BCAP31;OS9;CD81;VPS35	GLOM	GO_BP	no_proc_ieg	10098
GOBP_PROTEOLYSIS_INVOLVED_IN_PROTEIN_CATABOLIC_PROCESS	1.2948078110642796	0.005474452554744526	0.2510594364812394	141/461	UBE2I;CTSS;UBE2J1;AURKA;GZMA;RNF130;ISG15;GNA12;RBCK1;DTL;RNF125;RCN3;ARRB1;SEC61B;RMND5A;YME1L1;PSMB9;GZMB;LAPTM5;FBXO11;EFNA1;CTSZ;CHFR;CSNK1E;CEBPA;DESI1;PSMD2;TREM2;AUP1;CUL4B;DMAC2;PBK;BAG2;UBE2L6;PSMB8;CASP8;PSMD13;TBX21;TRIM21;CBFA2T3;HECTD3;DERL1;CDC34;NTAN1;CCDC22;PSMC4;VCP;PSMB10;CDC20;DDRGK1;RC3H2;UGGT1;UCHL3;TGFB1I1;USP14;PML;PSMD11;PSMA7;CTSW;TRIM9;PTEN;FZR1;AMBRA1;UBXN8;MAN1B1;DNAJC3;PSME1;RHBDF1;RNF7;CSNK2A2;WDR77;IFI27;KCTD13;SDF2L1;FAP;PRPF19;UBD;KEAP1;UBL4A;RNF111;SMURF2;UBE2C;PSMF1;VPS28;TRIM3;DNAJC10;PSMB2;KIF14;CBL;TRIM25;GABARAP;PSMB6;MAEA;PSME3;TBL1XR1;UBQLN2;PSMD7;UCHL1;UBXN1;RBX1;SMAD7;PSMB5;CDC27;PSMA6;TRIB3;SMURF1;SNF8;VPS4A;ADRM1;RNF34;UBE2A;CHMP1A;GSK3B;ENC1;BCAP31;SKP2;OS9;PSMD8;TRIM45;PSMB4;TRIM32;DDA1;IL33;UFD1;CSNK1D;USP7;DNAJB2;PLAA;UBE2D2;TRIB2;PSMD1;UBE3C;TOR1A;FBXL15;PSMB1;DERL2;WFS1;USP13;RNFT1;CLU;TMUB2	GLOM	GO_BP	no_proc_ieg	10098
GOBP_REGULATION_OF_CYCLIN_DEPENDENT_PROTEIN_KINASE_ACTIVITY	1.2939044578319394	0.07505070993914807	0.2520721408259406	19/56	CDKN3;CCNB1;PSRC1;CCNK;CDKN2C;HHEX;CCND1;PTEN;NR2F2;GTPBP4;GADD45A;CDKN2B;CCNE1;CCND2;CCNB2;CCND3;CCNA2;CCNE2;CDC6	GLOM	GO_BP	no_proc_ieg	10098
GOBP_LIVER_REGENERATION	1.293375290586891	0.14512922465208747	0.2525686508987399	9/24	AURKA;UCP2;PCNA;GFER;EZH2;CCND1;TYMS;CSNK2A2;TGFB1	GLOM	GO_BP	no_proc_ieg	10098
GOBP_BONE_MORPHOGENESIS	1.2933289061656466	0.08216432865731463	0.2523260475266776	19/68	TWIST1;LTF;MEF2C;COL3A1;COL13A1;THBS3;SERPINH1;CSGALNACT1;RAB23;MSX1;COMP;COL1A1;EXT1;ATG9A;TGFBR2;CYP26B1;TGFB1;INPPL1;NPR2	GLOM	GO_BP	no_proc_ieg	10098
GOBP_MAMMARY_GLAND_EPITHELIUM_DEVELOPMENT	1.2923576729446522	0.1194331983805668	0.25346246884987983	19/52	CSF1R;MAPK1;GATA3;NR3C1;SCRIB;KDM5B;TBX3;MSX1;CCND1;PML;SOSTDC1;BAX;TGFB1;PGR;LBH;FGF2;AR;BRCA2;WNT4	GLOM	GO_BP	no_proc_ieg	10098
GOBP_MEMBRANE_ORGANIZATION	1.292333055312382	0.005747126436781609	0.25317168641846066	135/497	UBE2I;ITGB2;REEP4;CD300A;DOCK2;SYT11;ITGAM;PLEKHA8P1;BID;ATP8A2;CD36;EMC7;PPT1;GLTP;TRIAP1;AURKB;TMEM147;FCGR2B;CEP55;TMED9;NUP93;SEC24D;NCLN;SH3GLB1;ABCA7;CORO1C;LAPTM5;ARHGAP25;BET1L;NCKAP1L;RER1;BIN2;FLOT1;FNTA;SLC7A11;CORO1A;CTDNEP1;TREM2;ANXA1;SNX3;COL6A1;AP3M2;CAV2;RAB31;SLAMF1;EMP2;PRKCB;PIP4K2A;MYOF;RTP4;C3;STX18;COL5A1;FOLR2;DNM3;PITPNM1;LRP4;DNM1;FARP1;KIF20A;SYNGR2;ANKLE2;DEGS1;NLGN4X;TMCO1;SEC16A;S100A10;TMEM43;CD2;ATP2A2;PTEN;DHCR24;RUBCNL;ABCB4;USE1;CXCR4;CH25H;STXBP1;ATG9A;PEF1;PIP5K1C;BAX;GATA2;RUFY1;SAMD9;DNM1L;SERP1;GLRB;LAPTM4B;CDK1;TOR1B;MARCO;EPHB2;HK2;UBL4A;VAMP4;ESYT1;CASP7;COLEC12;CPLANE2;VPS28;MSR1;ASAP1;SNAP29;CLN8;DLG4;ABCA1;RABIF;ELMO1;VPS8;MAFB;SPAST;ABCA3;TRAPPC4;RHOA;EHD2;SLC25A4;DCTN1;EXOC1;PLEC;LMNB1;FCHSD2;P2RX7;SMURF1;SNF8;YIPF5;TGFB2;RAB8A;TIMM8B;VPS4A;HYAL2;VAMP1;BET1;AR;CHMP1A	GLOM	GO_BP	no_proc_ieg	10098
GOBP_GLYCOSAMINOGLYCAN_CATABOLIC_PROCESS	1.2921074920005782	0.13690476190476192	0.2531854677986869	11/20	IDS;HMMR;CD44;GLB1;LYVE1;HEXB;TGFB1;HYAL3;GUSB;FGF2;HYAL2	GLOM	GO_BP	no_proc_ieg	10098
GOBP_VACUOLAR_LOCALIZATION	1.291533594365401	0.0973630831643002	0.25375997148313556	26/51	FGR;CD300A;RAC2;LAT2;SYK;MILR1;ADGRE2;PTGDR;BTK;STXBP1;GATA2;CBL;PIK3CG;CHGA;S100A13;IL4R;SPAG9;PIK3CD;HPS6;CD84;TMEM106B;FCER1A;FOXF1;ADORA2B;BLOC1S1;KLC2	GLOM	GO_BP	no_proc_ieg	10098
GOBP_VASCULAR_WOUND_HEALING	1.29074061725333	0.14747474747474748	0.2547143190802139	7/16	ALOX5;HPSE;KDR;CD34;CXCR4;GATA2;NPR2	GLOM	GO_BP	no_proc_ieg	10098
GOBP_PLASMA_LIPOPROTEIN_PARTICLE_CLEARANCE	1.2902470749220964	0.11798839458413926	0.25515853572853464	8/32	LIPA;CSK;CD36;SOAT1;SCARB1;TREM2;CNPY2;LDLRAP1	GLOM	GO_BP	no_proc_ieg	10098
GOBP_MATURATION_OF_SSU_RRNA	1.290091237588754	0.11934156378600823	0.2550722439832839	26/37	WDR3;RPP40;RPS19;NOL7;TSR3;TSR1;NAT10;NOL11;BMS1;NOP14;GTF2H5;DDX52;TSR2;IMP4;KRI1;BYSL;RPS21;NOL10;UTP6;WDR46;LSM6;RRS1;HEATR1;RIOK2;RSL1D1;UTP3	GLOM	GO_BP	no_proc_ieg	10098
GOBP_REGULATION_OF_TELOMERE_MAINTENANCE_VIA_TELOMERE_LENGTHENING	1.2886649496165827	0.11507936507936507	0.2568896206489051	11/38	TINF2;AURKB;MAPK1;CCT8;EXOSC10;CCT6A;CCT3;GCH1;CCT4;NAT10;STN1	GLOM	GO_BP	no_proc_ieg	10098
GOBP_DNA_REPLICATION_INITIATION	1.288343261762018	0.13513513513513514	0.2570973870590193	19/28	ORC6;MCM5;CDC34;CDT1;CCNE1;MCM2;PRIM1;PURA;CCNE2;CDC6;ORC5;MCM4;GINS3;CDK2;NOC3L;MCM3;CDC45;PRIM2;MCM10	GLOM	GO_BP	no_proc_ieg	10098
GOBP_POSITIVE_REGULATION_OF_ERK1_AND_ERK2_CASCADE	1.2880830889701846	0.0755813953488372	0.257157513565099	28/141	PYCARD;MAP2K1;HTR2B;CAVIN3;CD36;PTPRC;ACTA2;CSF1R;ARRB1;HLA-DRB1;PDGFB;SHC1;ABCA7;CCR1;NOD2;TLR4;CARD9;KDR;TREM2;SLAMF1;CD44;C5AR1;BMP2;NRP1;GNAI2;NPY5R;CD4;CCL19	GLOM	GO_BP	no_proc_ieg	10098
GOBP_REGULATION_OF_DNA_BIOSYNTHETIC_PROCESS	1.2873060696221403	0.08490566037735849	0.25801040899271577	26/76	TINF2;AURKB;MAPK1;PCNA;PDGFB;DSCC1;CCT8;GFER;EXOSC10;CCT6A;CHEK1;JADE3;CCT3;GCH1;CCT4;RFC5;NAT10;STN1;PDGFRB;GREM1;FGF2;RFC4;RFC2;NEK2;CCNA2;ACD	GLOM	GO_BP	no_proc_ieg	10098
GOBP_POSITIVE_REGULATION_OF_PROTEIN_SERINE_THREONINE_KINASE_ACTIVITY	1.2871460857978878	0.088	0.2579114190274737	35/93	MAP2K1;HTR2B;TCIM;LTF;CAMK1;CD40;PDGFB;PSRC1;ADRB2;TLR4;MAP3K11;EZH2;TRAF6;CCND1;CALM3;CCL19;ERP29;CALM1;IL1B;CCND2;RHOA;TAOK3;PDGFRB;FGF2;PIK3CG;ADRA2A;CCND3;RALB;IRAK1;DIRAS2;SNCA;PDGFD;HRAS;CEMIP;TRAF2	GLOM	GO_BP	no_proc_ieg	10098
GOBP_POSITIVE_REGULATION_OF_JNK_CASCADE	1.2857212566166822	0.08651911468812877	0.25969878849942035	22/67	PYCARD;MYD88;RASSF2;FCGR2B;DUSP22;SDCBP;NOD2;TLR4;CARD9;MAP3K11;SLAMF1;CCL19;APP;GADD45A;IL1B;TAOK3;LTBR;DVL3;TLR3;FLT4;CD27;CRK	GLOM	GO_BP	no_proc_ieg	10098
GOBP_POSITIVE_REGULATION_OF_GRANULOCYTE_CHEMOTAXIS	1.2846618251455382	0.1489795918367347	0.2609652089134451	8/21	RAC2;C3AR1;NCKAP1L;MDK;C5AR1;CCL19;DNM1L;CD74	GLOM	GO_BP	no_proc_ieg	10098
GOBP_NEGATIVE_REGULATION_OF_VIRAL_LIFE_CYCLE	1.2836634900346362	0.1724137931034483	0.26219676937440006	11/21	IFITM2;TRIM5;IFITM1;FCN1;SNX3;PTX3;FCN3;CH25H;TRIM25;BST2;LY6E	GLOM	GO_BP	no_proc_ieg	10098
GOBP_MAINTENANCE_OF_PROTEIN_LOCATION_IN_CELL	1.2831052094849758	0.11776061776061776	0.26275987847908655	14/49	TMSB15A;TWF2;SP100;CDK5;RER1;TSPO;KDELR3;PML;CD4;TMSB10;KDELR2;HK2;PGR;SUPT7L	GLOM	GO_BP	no_proc_ieg	10098
GOBP_POSITIVE_REGULATION_OF_CELL_CYCLE_PROCESS	1.282400892967424	0.04158790170132325	0.26353074202132215	58/177	AURKA;MACROH2A1;SMC4;STIL;RAD51AP1;NUSAP1;DTL;ECT2;RAB11A;AURKB;CCNB1;PDGFB;NUP62;KIF20B;NDC80;DLGAP5;CUL4B;ADAMTS1;PAF1;ANXA1;GPSM2;MSX1;EZH2;PBX1;CDC20;CCND1;NCAPG;DDRGK1;TBX2;CDC25B;TGFB1;CDK1;XRCC3;NPR2;APP;CCNE1;UBE2C;SMC2;KIF14;IL1B;NCAPH;SMARCD3;CCND2;SPAST;RHOA;BIRC5;PDGFRB;RRM1;DBF4;SSTR5;CCND3;WNT4;CDK4;RACGAP1;NCAPH2;CCNE2;E2F8;CDC6	GLOM	GO_BP	no_proc_ieg	10098
GOBP_PROTEIN_MATURATION	1.2804542069630338	0.02824858757062147	0.26618930684480135	88/356	CTSS;CASP1;FKBP11;CST7;GZMA;THBD;MVP;PSENEN;SDF2;WIPF1;ATG4A;HTRA2;PPIC;YME1L1;SOX4;CARD8;ADAM10;BAG4;TMEM208;TBCC;TBCB;FKBP1B;GZMB;CDC123;SCG5;PRDX4;RAP1GDS1;PDIA5;CTSZ;PLA2G7;SERPINH1;LIPT1;TESC;BAG2;AEBP1;CCT8;PRCP;CASP8;PCSK5;SPCS3;PDIA4;CASP4;CCT6A;DNAJC1;PSEN2;COMP;UGGT1;F8;CRTAP;S100A10;CCT3;PFDN1;MOGS;PDIA6;DHCR24;GRN;IFI16;NAA10;DNAJC3;PPIB;GALNT2;F13A1;CCT4;RASAL2;C1R;TOR1B;TSPAN5;SACS;PPID;ERP29;SDF2L1;VBP1;FXN;PLAU;SEC11A;CASP7;CASP2;QSOX1;PLAUR;CPLANE2;DNAJC10;CLEC3B;FKBP2;FADD;MAFB;ADAMTS3;P3H1;CD74	GLOM	GO_BP	no_proc_ieg	10098
GOBP_POSITIVE_REGULATION_OF_TELOMERASE_ACTIVITY	1.2804089725336099	0.16574585635359115	0.26592325287173035	6/19	AURKB;MAPK1;CCT4;GREM1;NEK2;ACD	GLOM	GO_BP	no_proc_ieg	10098
GOBP_REGULATION_OF_SYNAPTIC_VESICLE_RECYCLING	1.2803771549117322	0.15531914893617021	0.2656468863938592	9/16	SYT11;CYFIP1;CDK5;DNM3;VAMP4;AP2M1;PLAA;TOR1A;SNCA	GLOM	GO_BP	no_proc_ieg	10098
GOBP_POSITIVE_REGULATION_OF_MAPK_CASCADE	1.2791537458425697	0.019455252918287938	0.2672593138795053	59/343	PYCARD;MYD88;RASSF2;MAP2K1;HTR2B;DOK2;CAVIN3;CD36;PTPRC;ACTA2;CD40;MEF2C;ARL6IP5;CSF1R;TRIM5;ARRB1;CSPG4;IGFBP6;LAMTOR2;SEMA4C;FCGR2B;HLA-DRB1;LILRA5;PDGFB;SHC1;DUSP22;ABCA7;LAPTM5;CCR1;EFNA1;SDCBP;ADRB2;NOD2;STK39;SYK;TLR4;CARD9;KDR;TREM2;MAP3K11;MYDGF;CAV2;SLAMF1;DOK5;CD44;C5AR1;BMP2;JCAD;TBX1;NRP1;EZH2;CDON;TRAF6;GNAI2;IQGAP1;NPY5R;CD4;CCL19;DOK1	GLOM	GO_BP	no_proc_ieg	10098
GOBP_REGULATION_OF_CELL_DIVISION	1.2790388679252254	0.059961315280464215	0.26711736989183343	41/124	HTR2B;AURKA;ZFYVE26;VEGFC;PRC1;ECT2;RAB11A;AURKB;YME1L1;PDGFB;NUP62;SH3GLB1;SOX17;KIF20B;MDK;EVI2B;YEATS2;KIF20A;CALM3;ITGB1BP1;CDC25B;TGFB1;PTN;ASPM;LBH;CALM1;KIF14;IL1B;SPAST;RHOA;BIRC5;FGF2;TGFB2;VPS4A;BRCA2;SSTR5;PPBP;RACGAP1;E2F8;CDC6;FGF3	GLOM	GO_BP	no_proc_ieg	10098
GOBP_POSITIVE_REGULATION_OF_BLOOD_VESSEL_ENDOTHELIAL_CELL_MIGRATION	1.2773352392326738	0.11313131313131314	0.26941788773614317	13/45	VEGFC;CD40;ETS1;PDGFB;HDAC9;PLK2;KDR;ANXA1;JCAD;NRP1;SRPX2;GATA2;TGFB1	GLOM	GO_BP	no_proc_ieg	10098
GOBP_LYMPHOCYTE_APOPTOTIC_PROCESS	1.276246712129133	0.11992263056092843	0.2708083333835956	20/51	LIPA;CCL5;IDO1;RAG1;AURKB;EFNA1;ADA;BTK;BAX;FAS;CASP7;PKN1;FADD;CD74;P2RX7;KDELR1;TNFRSF21;ST3GAL1;CD27;IL7R	GLOM	GO_BP	no_proc_ieg	10098
GOBP_RESPONSE_TO_INTERLEUKIN_1	1.2757988662121278	0.0945945945945946	0.27121029474247416	12/82	PYCARD;MYD88;CCL5;GBP1;GBP2;CD40;TNIP2;CD38;IL1R1;SELE;MAPK11;MMP2	GLOM	GO_BP	no_proc_ieg	10098
GOBP_NUCLEUS_ORGANIZATION	1.2755540930644536	0.08775137111517367	0.2712901180476253	32/105	UBE2I;REEP4;MACROH2A1;ETS1;CEP55;NUP93;CTDNEP1;RPS19;PRKCB;CHEK1;ANKLE2;PML;TMEM43;NDC1;SMARCA5;CDK1;TOR1B;RRP8;SPAST;HMGB2;NUP107;DCTN1;PLEC;LMNB1;VPS4A;CHMP1A;SF1;RCC1;NUP205;PHF2;PITPNB;TOR1A	GLOM	GO_BP	no_proc_ieg	10098
GOBP_ATTACHMENT_OF_MITOTIC_SPINDLE_MICROTUBULES_TO_KINETOCHORE	1.274885977737276	0.17408123791102514	0.27210098169221053	9/19	AURKB;NDC80;CDT1;SKA1;CDK1;KIF2C;BIRC5;CENPE;MAPRE1	GLOM	GO_BP	no_proc_ieg	10098
GOBP_REGULATION_OF_UBIQUITIN_PROTEIN_TRANSFERASE_ACTIVITY	1.2744012111435012	0.1463917525773196	0.2725324801895308	8/22	LIMK1;BAG2;CDC20;PTEN;FZR1;UBE2C;SMAD7;TRIB3	GLOM	GO_BP	no_proc_ieg	10098
GOBP_RESPONSE_TO_RADIATION	1.274191345896879	0.031189083820662766	0.272514137189686	64/296	CRIP1;BABAM1;THBD;TIGAR;ATP8A2;ATP1A2;PTPRC;RAD51AP1;RAG1;DTL;ECT2;TRIAP1;AURKB;COL3A1;HUS1;PCNA;DCLRE1C;COL6A3;CTNS;ABCA7;GATA3;CXCL10;SLC1A3;CDK5;BRCA1;SLC7A11;COL6A2;FANCG;RAD51;SNAI2;RIC8A;CUL4B;MAPK11;PBK;COMT;AEN;COL6A1;MMP2;TIMP1;PITPNM1;SCARA3;CCND1;PML;POLH;EXT1;RGS9;IFI16;RBM4B;BAX;PDE8B;TGFB1;PPID;GRB2;MMP1;ERCC1;HYAL3;APP;GADD45A;RAD1;CASP7;IL12A;ITGB6;CBL;TUBA1A	GLOM	GO_BP	no_proc_ieg	10098
GOBP_RNA_MODIFICATION	1.273502699397171	0.09496124031007752	0.27329076500251587	20/94	APOBEC3F;ADAR;BAG4;APOBEC3A;NOP10;QTRT2;APOBEC3G;SNRPD3;THG1L;DUS1L;NHP2;ELP3;WDR4;PUS3;TRMT1;TSR3;DIMT1;NAT10;PUS7;ELP1	GLOM	GO_BP	no_proc_ieg	10098
GOBP_POSITIVE_REGULATION_OF_ANIMAL_ORGAN_MORPHOGENESIS	1.273173052089179	0.15261044176706828	0.27345143874991973	11/26	GATA3;NGFR;MSX1;PRKCB;BMP2;CD34;TGFB1;FGF2;HOXA11;AR;WNT4	GLOM	GO_BP	no_proc_ieg	10098
GOBP_CEREBELLAR_CORTEX_MORPHOGENESIS	1.2723888145379818	0.16533864541832669	0.27446416329035916	6/25	MAP2K1;LHX5;CDK5;COMT;KIF14;TUBA1A	GLOM	GO_BP	no_proc_ieg	10098
GOBP_REGULATION_OF_PROTEIN_KINASE_A_SIGNALING	1.2719879477485108	0.15338645418326693	0.2747822448172543	3/16	TCIM;ADRB2;ADISSP	GLOM	GO_BP	no_proc_ieg	10098
GOBP_MESENCHYMAL_CELL_DIFFERENTIATION	1.271772835463376	0.05103969754253308	0.2747976793733927	52/187	TWIST1;HTR2B;HEY2;MEF2C;MAPK1;SEMA4C;FN1;S100A4;CORO1C;GATA3;SEMA3F;EFNA1;MDK;SDCBP;SNAI2;TBX3;MSX1;EMP2;NOTCH4;ACVRL1;BMP2;TBX1;NRP1;PPP3R1;EZH2;PHLDB1;ELL3;KITLG;COL1A1;TGFB1I1;BAMBI;HEY1;LDLRAD4;EXT1;PTEN;ENG;PEF1;TGFBR2;SEMA3E;TGFB1;IL1B;PDPN;SEMA4F;SMAD7;EFNB1;ADAM15;FLNA;GREM1;TGFB2;ALDH1A2;FRZB;GSK3B	GLOM	GO_BP	no_proc_ieg	10098
GOBP_POSITIVE_REGULATION_OF_INTRACELLULAR_PROTEIN_TRANSPORT	1.2717658570668553	0.10606060606060606	0.27447791248543235	19/68	HCLS1;PRR5L;CAMK1;ECT2;ANP32B;KIF20B;OAZ2;TGFB1;CDK1;OAZ1;B3GAT3;ERGIC3;IL1B;CEP131;FLNA;HYAL2;GSK3B;BCAP31;CD81	GLOM	GO_BP	no_proc_ieg	10098
GOBP_GLYCOLYTIC_PROCESS_THROUGH_GLUCOSE_6_PHOSPHATE	1.2715641260010437	0.15212981744421908	0.27444124464503267	3/17	ENO2;HK3;ENO3	GLOM	GO_BP	no_proc_ieg	10098
GOBP_ANTIMICROBIAL_HUMORAL_RESPONSE	1.271406978402875	0.08447937131630648	0.2743361824964501	20/103	CCL5;PPP2R3C;LTF;CCL4;RNASE6;LYZ;CXCL6;CXCL10;IGHM;HLA-A;SPON2;NOD2;CCL13;CCL18;RPS19;GNLY;H2BC21;CXCL11;CCL19;HLA-E	GLOM	GO_BP	no_proc_ieg	10098
GOBP_CD4_POSITIVE_ALPHA_BETA_T_CELL_ACTIVATION	1.2711049763931042	0.08576642335766424	0.27449290358979933	30/84	HLX;NKG7;HLA-DRB1;ASCL2;GATA3;NCKAP1L;SASH3;CD86;HLA-DRA;ANXA1;TBX21;RUNX3;RC3H2;STAT4;ENTPD7;CCL19;TGFBR2;TOX;SMAD7;SPN;RSAD2;CD81;NLRP3;IL12RB1;IL18R1;CD80;IL4R;CBFB;IL2RG;LEF1	GLOM	GO_BP	no_proc_ieg	10098
GOBP_POSITIVE_REGULATION_OF_KINASE_ACTIVITY	1.2708795580737295	0.040229885057471264	0.2745434219621395	74/224	RASSF2;MAP2K1;CD300A;CCL5;HTR2B;TCIM;LCP2;LTF;TIGAR;PTPRC;GPRC5B;CAMK1;CD40;ECT2;CSF1R;HLA-DRB1;LILRA5;PDGFB;PSRC1;EFNA1;ADRB2;CD86;TLR4;KDR;TREM2;MAP3K11;EMP2;EZH2;TPX2;TRAF6;CCND1;IQGAP1;TNFSF15;CD4;CALM3;ITGB1BP1;CCL19;MMD;EPHB4;TGFBR2;ERP29;CALM1;KIF14;DLG4;IL1B;CCND2;CD74;RHOA;TAOK3;LMO4;PDGFRB;FGF2;TGFB2;PIK3CG;LTK;TLR3;FGFR3;ADRA2A;BORA;FLT4;CCND3;RALB;IRAK1;CENPE;ROR1;DIRAS2;MARK2;SNCA;PDGFD;SLC11A1;HRAS;GAS6;CEMIP;TRAF2	GLOM	GO_BP	no_proc_ieg	10098
GOBP_NEGATIVE_REGULATION_OF_KINASE_ACTIVITY	1.2696064183737055	0.07597535934291581	0.2763064095530129	31/111	PYCARD;CD300A;MACROH2A1;MVP;PTPRC;ADAR;TRIM27;RTRAF;DUSP22;CORO1C;WARS1;HHEX;LILRB4;PAK2;QARS1;BMP2;CEACAM1;ITGB1BP1;PTEN;TARBP2;NR2F2;RASIP1;EPHB2;DUSP7;GADD45A;PTPN22;CBL;IL1B;UCHL1;PPARG;TRIB3	GLOM	GO_BP	no_proc_ieg	10098
GOBP_CARDIAC_CONDUCTION_SYSTEM_DEVELOPMENT	1.268409947864456	0.14171656686626746	0.27792217914976775	7/25	HEY2;HOPX;MAML1;MSC;TBX3;MSX1;HEY1	GLOM	GO_BP	no_proc_ieg	10098
GOBP_GLYCOSYL_COMPOUND_CATABOLIC_PROCESS	1.2677625346813184	0.16632443531827515	0.2786010837490302	7/26	NAGA;GLA;APOBEC3F;APOBEC3A;ADA2;APOBEC3G;ADA	GLOM	GO_BP	no_proc_ieg	10098
GOBP_RIBONUCLEOSIDE_METABOLIC_PROCESS	1.2677599091775549	0.17088607594936708	0.27827049518424324	8/24	APOBEC3F;APOBEC3A;HPRT1;ADA2;APOBEC3G;ADA;PTGDR;NT5E	GLOM	GO_BP	no_proc_ieg	10098
GOBP_DENDRITIC_CELL_DIFFERENTIATION	1.2670673521860567	0.1402805611222445	0.27901127663041003	12/37	LILRB2;FCGR2B;IRF8;HLA-B;TREM2;LGALS1;TRAF6;CCL19;TGFBR2;TGFB1;UBD;ITGB6	GLOM	GO_BP	no_proc_ieg	10098
GOBP_NEGATIVE_REGULATION_OF_CANONICAL_NF_KAPPAB_SIGNAL_TRANSDUCTION	1.2662860457974725	0.1282051282051282	0.27995510675595503	9/39	PYCARD;CARD8;NKIRAS2;HDAC1;LILRB4;TREM2;CASP8;CCDC22;TNIP1	GLOM	GO_BP	no_proc_ieg	10098
GOBP_PROTEIN_LOCALIZATION_TO_CHROMOSOME_TELOMERIC_REGION	1.265587207894314	0.1324110671936759	0.28081565501063055	7/25	MACROH2A1;TINF2;TPP1;CCT8;CCT6A;CCT3;CCT4	GLOM	GO_BP	no_proc_ieg	10098
GOBP_PROTEIN_HYDROXYLATION	1.2636804923290437	0.15778688524590165	0.2834812718204812	10/18	P3H4;P3H3;CRTAP;PLOD1;PLOD3;OGFOD1;JMJD4;P3H1;PLOD2;P4HB	GLOM	GO_BP	no_proc_ieg	10098
GOBP_GLIAL_CELL_DIFFERENTIATION	1.2629589725088943	0.05389221556886228	0.28428787233895847	59/184	MYD88;C1QA;MAP2K1;TNFRSF1B;CSK;TLR2;GPM6B;MAPK1;SOX4;EIF2B1;CDKN2C;CDK5;GPC1;NR3C1;MDK;VCAN;HDAC1;TLR4;TREM2;CUL4B;COL6A1;C5AR1;BMP2;PPP3R1;B4GALT5;METRN;CDK6;PTEN;GRN;CXCR4;PLPP3;TGFB1;CDK1;GRB2;PTN;LAMA2;APP;TUBA1A;IL1B;MIOS;VPS54;RHOA;PLEC;MXRA8;FGF2;VIM;EIF2B4;TNFRSF21;IL33;DAG1;ZEB2;HAPLN1;ROR1;EIF2B5;HDAC2;HRAS;CLU;LEF1;LAMB2	GLOM	GO_BP	no_proc_ieg	10098
GOBP_NUCLEOTIDE_BINDING_DOMAIN_LEUCINE_RICH_REPEAT_CONTAINING_RECEPTOR_SIGNALING_PATHWAY	1.2627373926725167	0.14653465346534653	0.2843420416721661	7/18	SLC15A3;NAGK;NOD2;TLR4;PTPN22;CYLD;RNF34	GLOM	GO_BP	no_proc_ieg	10098
GOBP_THYMUS_DEVELOPMENT	1.262240507251869	0.1390593047034765	0.28480857454147174	11/37	MAP2K1;RAG1;MAPK1;GATA3;TBX1;PBX1;HOXA3;FADD;MAFB;CCNB2;LMO4	GLOM	GO_BP	no_proc_ieg	10098
GOBP_EPIGENETIC_PROGRAMMING_OF_GENE_EXPRESSION	1.2622032610579041	0.172147001934236	0.2845358292729219	3/17	DNMT1;SUV39H2;CTCF	GLOM	GO_BP	no_proc_ieg	10098
GOBP_REGULATION_OF_NOTCH_SIGNALING_PATHWAY	1.2614175699357655	0.10638297872340426	0.2855510352009065	15/56	TCIM;HEY2;SLC35C1;ARRB1;ADAM10;NOD2;JAG2;ACVRL1;POSTN;HEY1;ITGB1BP1;GATA2;ZBTB7A;TSPAN5;GAS2	GLOM	GO_BP	no_proc_ieg	10098
GOBP_RESPONSE_TO_ANTIBIOTIC	1.2605977458921678	0.14007782101167315	0.28654934969675705	11/27	CRIP1;MEF2C;SLC1A3;KDM5B;PLA2G4A;GFER;EZH2;SRD5A1;HYAL3;VPS54;HYAL2	GLOM	GO_BP	no_proc_ieg	10098
GOBP_NUCLEIC_ACID_CATABOLIC_PROCESS	1.2594674063000237	0.019569471624266144	0.28802032740215994	132/410	MYD88;TNFRSF1B;PRR5L;LAGE3;ISG20;OAS2;WDR3;RNASE6;RPP40;POP7;BAG4;POLR2G;RTRAF;EDC4;RRP7A;EXOG;SLFN12;SAMD4A;EBNA1BP2;DCPS;POP4;NOP10;CNOT3;PAF1;DBR1;QTRT2;PELO;RPS19;UTP14A;NCBP2;THG1L;CLP1;RNASET2;MRTO4;DUS1L;NHP2;ELP3;DFFB;RNASEH2A;WDR4;EXOSC10;NOL7;LSM7;LSM1;RC3H2;WDR12;PUS3;RRP12;PIAS4;UTP11;TRMT1;IKBKE;BAX;CSTF1;TSR3;YTHDF1;DIMT1;GTPBP4;TSR1;NOP56;NAT10;DROSHA;PUS7;RNASEH1;DDX47;RNASE2;ELP1;VPS54;RRP8;NOL11;CNOT6;CSTF2T;YTHDF2;MUS81;ELAC2;CSDC2;RNASEL;POP5;FASTKD5;REXO4;TRMU;VIM;PPP1R8;INTS13;PIN4;INTS5;GSPT2;NOL8;TREX1;RTCB;SETMAR;BMS1;HNRNPAB;SMG8;INTS1;MLH1;GEMIN4;RRP15;SKIC2;RBM10;CDC73;SLC11A1;RNF113A;PELP1;UPF1;TRAF2;DDX21;NOP14;PES1;KARS1;RNASEH2B;DFFA;ZPR1;INTS11;CSTF2;GTF2H5;PABPC4;WDR18;METTL18;DICER1;EMG1;DDX52;SND1;AGO4;CASC3;LSM2;EXOSC2;TSR2;SARS1;SMG9;SMG1;ELP4	GLOM	GO_BP	no_proc_ieg	10098
GOBP_MEMBRANE_PROTEIN_ECTODOMAIN_PROTEOLYSIS	1.2591800017764305	0.14566929133858267	0.28814594106669444	19/33	TNFRSF1B;PSENEN;ADAM10;TIMP1;PSEN2;TSPAN5;TIMP2;IL1B;P2RX7;ADRA2A;DAG1;NRDC;FURIN;TSPAN15;ADAM17;BACE2;PSEN1;ADAM9;ERAP1	GLOM	GO_BP	no_proc_ieg	10098
GOBP_SOMATIC_DIVERSIFICATION_OF_IMMUNE_RECEPTORS	1.2586160778091595	0.11730769230769231	0.2887556622865907	19/55	IL27RA;PTPRC;RAG1;CD40;ADAR;DCLRE1C;TBX21;TGFB1;ERCC1;CYREN;SAMHD1;HMGB2;KMT5B;NHEJ1;MLH1;LEF1;POLB;LIG3;SWAP70	GLOM	GO_BP	no_proc_ieg	10098
GOBP_AUTOPHAGOSOME_MATURATION	1.2586006754071355	0.1431297709923664	0.2884474185933664	11/40	RUBCN;ADRB2;VCP;ATP2A2;RUBCNL;CALM1;SNAP29;GABARAP;MCOLN1;VPS4A;CHMP1A	GLOM	GO_BP	no_proc_ieg	10098
GOBP_NEGATIVE_REGULATION_OF_MYELOID_CELL_DIFFERENTIATION	1.2584651245566678	0.125	0.28835337412427847	20/59	LTF;PIAS3;INPP5D;HOXB8;TLR4;LILRB4;PTPN2;PAF1;CEACAM1;CDK6;GATA2;KLF13;FBN1;MAFB;TNFRSF11B;TLR3;GPR171;CDC73;LILRB1;GPR68	GLOM	GO_BP	no_proc_ieg	10098
GOBP_CENTROSOME_SEPARATION	1.2584465255229609	0.170873786407767	0.28804501805283256	6/15	AURKA;NUP62;CHEK1;KIF11;NDE1;NEK2	GLOM	GO_BP	no_proc_ieg	10098
GOBP_REGULATION_OF_DNA_RECOMBINATION	1.2584130389699157	0.09774436090225563	0.2877622101950102	36/91	IL27RA;PTPRC;RAD51AP1;CD40;PARPBP;RPA2;RAD51;KPNA2;TBX21;CHEK1;PIAS4;MRGBP;TGFB1;RUVBL1;H1-1;SKP2;H1-0;KPNA1;IL7R;KMT5B;MLH1;H1-10;PPP4C;H1-2;ABL1;EP400;ACTB;PARP1;RUVBL2;CD28;ZNF365;WAS;WRAP53;H1-4;TP53BP1;ING3	GLOM	GO_BP	no_proc_ieg	10098
GOBP_VASCULAR_ENDOTHELIAL_CELL_PROLIFERATION	1.257607064792466	0.17073170731707318	0.28871856720583355	9/18	MEF2C;ITGA4;MDK;SLC39A9;PPARG;FGF2;ALDH1A2;SP1;PLCG1	GLOM	GO_BP	no_proc_ieg	10098
GOBP_ALPHA_BETA_T_CELL_DIFFERENTIATION	1.2574729027412122	0.09645669291338582	0.28862464557798984	35/87	HLX;HLA-DRB1;ASCL2;GATA3;NCKAP1L;SASH3;CD86;SYK;LILRB4;HLA-DRA;ANXA1;ADA;TBX21;RUNX3;IRF1;RC3H2;STAT4;ENTPD7;CCL19;TGFBR2;TOX;RHOA;SMAD7;SPN;RSAD2;NLRP3;IL12RB1;IL18R1;CD80;IL4R;CBFB;SLC4A2;IL2RG;ITK;LEF1	GLOM	GO_BP	no_proc_ieg	10098
GOBP_CELLULAR_SENESCENCE	1.2573697002634177	0.09615384615384616	0.28846323879826485	18/71	MAP2K1;TWIST1;VASH1;NUP62;PLK2;MAPK11;TBX3;COMP;PML;TBX2;CDK6;PTEN;FZR1;SPI1;GCH1;CDKN2B;HMGA1;PRELP	GLOM	GO_BP	no_proc_ieg	10098
GOBP_B_CELL_ACTIVATION_INVOLVED_IN_IMMUNE_RESPONSE	1.2566470314456102	0.10337972166998012	0.28936341031156315	11/61	IL27RA;PTPRC;CD40;FCGR2B;IRF8;TLR4;DOCK10;ADA;TBX21;LGALS1;DDRGK1	GLOM	GO_BP	no_proc_ieg	10098
GOBP_PURINE_NUCLEOSIDE_MONOPHOSPHATE_METABOLIC_PROCESS	1.2561228773126893	0.16570327552986513	0.2898678936587991	10/29	GUK1;DCK;ADSL;HPRT1;ADA;AK1;NT5E;APRT;PFAS;IMPDH1	GLOM	GO_BP	no_proc_ieg	10098
GOBP_VISUAL_BEHAVIOR	1.2556650098837643	0.1364522417153996	0.2902725951399041	8/42	ATP1A2;RAG1;CTNS;ABCA7;CDK5;SLC7A11;RIC8A;COMT	GLOM	GO_BP	no_proc_ieg	10098
GOBP_DNA_BIOSYNTHETIC_PROCESS	1.2549788541585998	0.08108108108108109	0.2910457027933442	41/123	TINF2;DTL;AURKB;MAPK1;TK1;PCNA;PDGFB;DSCC1;POLE3;TEP1;NOP10;CCT8;NYNRIN;GFER;NHP2;EXOSC10;VCP;CENPF;CCT6A;CHEK1;JADE3;POLH;TYMS;CCT3;GCH1;POLD4;CCT4;RFC5;RPA1;NAT10;STN1;PDGFRB;GREM1;FGF2;RFC4;RRM1;RFC2;NEK2;TREX1;CCNA2;ACD	GLOM	GO_BP	no_proc_ieg	10098
GOBP_LEUKOTRIENE_METABOLIC_PROCESS	1.2549556305055685	0.19111969111969113	0.2907594486341687	11/23	DPEP2;TLR2;ALOX5;SYK;LTC4S;PLA2G4A;GGT5;MGST3;LTA4H;MGST2;ABCC1	GLOM	GO_BP	no_proc_ieg	10098
GOBP_ASTROCYTE_DIFFERENTIATION	1.2531504810280902	0.11857707509881422	0.29348513619838873	15/62	C1QA;MAP2K1;MAPK1;NR3C1;TLR4;TREM2;CUL4B;C5AR1;BMP2;CDK6;GRN;PLPP3;APP;IL1B;VPS54	GLOM	GO_BP	no_proc_ieg	10098
GOBP_PHOSPHATIDYLINOSITOL_3_KINASE_PROTEIN_KINASE_B_SIGNAL_TRANSDUCTION	1.2530641250367864	0.038910505836575876	0.293297451882565	28/216	CX3CR1;HCLS1;FGR;TWIST1;PRR5L;CCL5;HTR2B;CAVIN3;PTPN6;CD40;HPSE;RCN3;CSF1R;BTN2A2;CEP55;BAG4;RUBCN;PDGFB;FN1;COL6A3;GATA3;EXTL3;COL6A2;KDR;TREM2;PIP5K1B;COL6A1;MYDGF	GLOM	GO_BP	no_proc_ieg	10098
GOBP_CENTRIOLE_ASSEMBLY	1.2527158716561408	0.1515748031496063	0.29354749703046273	4/26	STIL;NUP62;PLK2;BRCA1	GLOM	GO_BP	no_proc_ieg	10098
GOBP_NEGATIVE_REGULATION_OF_DNA_METABOLIC_PROCESS	1.25240586724894	0.10557768924302789	0.29370161766619773	29/86	WAPL;TWIST1;GZMA;TINF2;S100A11;PARPBP;GATA3;DFFB;CDT1;EXOSC10;CHEK1;GTPBP4;ERCC1;NAT10;CYREN;STN1;H1-1;H1-0;ACD;CDC6;MLH1;H1-10;TFIP11;PDS5A;TRIM28;DFFA;H1-2;LIG3;ABL1	GLOM	GO_BP	no_proc_ieg	10098
GOBP_NEGATIVE_REGULATION_OF_CELL_CYCLE	1.251825102334616	0.03333333333333333	0.29441264326191985	56/261	WAPL;MACROH2A1;BABAM1;SIPA1;ZWINT;DTL;HTRA2;TRIAP1;AURKB;BTN2A2;MAPK12;CCNB1;HUS1;LCMT1;GATA3;PLK2;CDK5;BRCA1;RPA2;CHFR;SCRIB;CEBPA;NDC80;HHEX;RAD51;BUB1B;BMP2;RUNX3;PPP1R13B;GTSE1;EZH2;CDT1;CDC20;CENPF;CCND1;CHEK1;METTL13;PML;CDK6;PTEN;FZR1;NME6;NAA10;IK;DACT1;SMARCA5;WDR76;NR2F2;TGFB1;CDK1;XRCC3;PRPF19;NPR2;CDKN2B;RAD1;CASP2	GLOM	GO_BP	no_proc_ieg	10098
GOBP_LENS_FIBER_CELL_DIFFERENTIATION	1.2513949462971823	0.166015625	0.29479294264040096	11/30	SLC7A11;SKIL;KDM5B;BFSP1;WNT5B;FZR1;TGFB1;TMOD1;FGF2;VIM;PLAAT1	GLOM	GO_BP	no_proc_ieg	10098
GOBP_POSITIVE_REGULATION_OF_PROTEIN_KINASE_ACTIVITY	1.2511782360785784	0.06165703275529865	0.29478716236815494	34/185	RASSF2;MAP2K1;CD300A;CCL5;HTR2B;TCIM;LCP2;LTF;PTPRC;GPRC5B;CAMK1;CD40;ECT2;CSF1R;LILRA5;PDGFB;PSRC1;EFNA1;ADRB2;CD86;TLR4;MAP3K11;EMP2;EZH2;TPX2;TRAF6;CCND1;IQGAP1;TNFSF15;CD4;CALM3;ITGB1BP1;CCL19;MMD	GLOM	GO_BP	no_proc_ieg	10098
GOBP_SIGNAL_TRANSDUCTION_BY_P53_CLASS_MEDIATOR	1.2507583750454485	0.07722772277227723	0.29514820004010744	36/115	PYCARD;DYRK2;TWIST1;AURKA;TRIAP1;AURKB;SOX4;SP100;TRIM24;PLK2;PTTG1IP;SNAI2;AEN;MSX1;CD44;PPP1R13B;FOXM1;GTSE1;ELL3;CHEK1;PML;RPS20;IFI16;BAX;CASP2;URB2;RRP8;CD74;PHLDA3;ZNHIT1;GREM1;RNF34;HIC1;BRCA2;PAK1IP1;USP7	GLOM	GO_BP	no_proc_ieg	10098
GOBP_REGULATION_OF_HUMORAL_IMMUNE_RESPONSE	1.2504159612474115	0.1485148514851485	0.29537645860851663	9/39	PPP2R3C;PTPN6;PTPRC;FCGR2B;NOD2;TREM2;SERPING1;C3;VSIG4	GLOM	GO_BP	no_proc_ieg	10098
GOBP_REGULATION_OF_DNA_METABOLIC_PROCESS	1.2502886169185528	0.034220532319391636	0.29524590819949836	106/335	WAPL;TWIST1;IL27RA;BABAM1;GZMA;TIGAR;TINF2;PTPRC;RAD51AP1;CD40;AURKB;MAPK1;S100A11;PARPBP;PCNA;PDGFB;SMARCD2;GATA3;ID3;DSCC1;POLE3;MCM5;BRCA1;RPA2;SMARCE1;RAD51;CCT8;KPNA2;ACVRL1;TBX21;MPV17;FOXM1;GFER;DFFB;CDT1;EXOSC10;CCT6A;CHEK1;JADE3;SF3B5;PML;SMARCC2;POLH;CCT3;PIAS4;TAF4;MCRS1;USP22;GCH1;MRGBP;BAX;SMARCA5;NPAS2;CCT4;RFC5;TGFB1;CDK1;GTPBP4;ERCC1;SUPT7L;NAT10;CYREN;RUVBL1;SMARCD3;STN1;H1-1;BAZ1A;PDGFRB;SMARCB1;GREM1;TAF10;FGF2;TFPT;RFC4;SF3B3;DBF4;SKP2;RFC2;MCM2;H1-0;NEK2;KPNA1;USP7;CCNA2;SETMAR;IL7R;HNRNPAB;ACD;ANXA3;E2F8;CDC6;KMT5B;ACTR8;MLH1;TAF12;H1-10;UPF1;TFIP11;PDS5A;TRIM28;PPP4C;DFFA;H1-2;ORC5;LIG3;ABL1	GLOM	GO_BP	no_proc_ieg	10098
GOBP_MAINTENANCE_OF_LOCATION	1.2502775551080945	0.034026465028355386	0.2949239390195867	75/247	LIPA;HTR2B;TMSB15A;PTPN6;CD36;ATP1A2;PTPRC;YWHAB;TWF2;NPC2;ANXA6;SP100;SOAT1;FKBP1B;SCARB1;CXCL10;ITPR3;CDK5;RER1;HTT;CORO1A;TREM2;AUP1;PTPN2;TSPO;PLA2G4C;KDELR3;GPSM2;C3;LTBP1;CCDC22;LCK;CXCL11;PML;CD4;CALM3;CCL19;CLIC2;RYR1;APLNR;IKBKE;DGAT1;BAX;TMSB10;KDELR2;HEXB;NFKBIE;CCR5;CYBA;TGFB1;FBN1;ASPM;HK2;PGR;SUPT7L;CALM1;SPOUT1;MSR1;NR1H3;IL1B;ABCA1;MCOLN1;PPARD;PPARG;FLNA;P2RX7;FGF2;SQLE;PLCB3;NFKB1;SREBF1;KDELR1;CXCL9;OS9;ERO1A	GLOM	GO_BP	no_proc_ieg	10098
GOBP_ESTABLISHMENT_OF_ORGANELLE_LOCALIZATION	1.2483543606139673	0.028037383177570093	0.29773690104425654	120/315	CDR2L;FGR;CD300A;SYT11;NSL1;MAP1S;NUSAP1;ZWINT;RAC2;ECT2;RAB11A;AURKB;LAT2;CEP55;TMED9;CCNB1;NUP62;PSRC1;ITGA4;CDK5;SDCBP;HTT;SYK;SCRIB;NDC80;MILR1;GPSM2;AP3M2;FEZ1;TRAK2;ADGRE2;DNM3;PTGDR;CDT1;COPS5;DNM1;CENPF;BTK;SEC16A;KIF1A;SKA1;STXBP1;PEF1;TRAK1;GATA2;EML3;DNM1L;CDK1;STK25;MAP2;KIF1C;SNAP29;KIF14;CBL;TUBA1A;KIF2C;SPAST;TRAPPC4;UCHL1;BIRC5;MAP1B;CENPA;DCTN1;EXOC1;LMNB1;BICD2;SNF8;DCTN2;PIK3CG;GPR143;VPS4A;UNC13B;CHMP1A;NDE1;ABCE1;CHGA;SPDL1;MYO5A;TRAPPC2;NEK2;MREG;CROCC;CSNK1D;YKT6;S100A13;RACGAP1;SPC25;EXOC5;GEM;CENPE;IL4R;KPNB1;TOR1A;TMED10;MLH1;PIK3CD;DYNLT1;SNCA;MAPRE1;RAB7A;CHMP2A;MAP4;BBS7;CENPQ;KNTC1;NEFH;CDH3;CFL1;ZWILCH;CD84;LMNA;SYNJ1;RIPOR1;STAM;KIF18A;ZNF207;TFG;KIFC1;FCER1A;FOXF1	GLOM	GO_BP	no_proc_ieg	10098
GOBP_GRANULOCYTE_DIFFERENTIATION	1.2481429348808852	0.15495867768595042	0.29777497435277955	8/30	HCLS1;INPP5D;CEBPA;EVI2B;TESC;CBFA2T3;CEACAM1;GATA2	GLOM	GO_BP	no_proc_ieg	10098
GOBP_CYTOKINESIS	1.2480487239482245	0.09671532846715329	0.29760279366980796	38/114	AURKA;ZFYVE26;PRC1;NUSAP1;ECT2;RAB11A;AURKB;SEPTIN4;ACTR3;CEP55;ANXA11;NUP62;SH3GLB1;KIF20B;KIF4A;KIF20A;IQGAP1;RAB35;CALM3;CDC25B;CALM1;KIF14;RHOC;SPAST;RHOA;BIRC5;CENPA;EXOC1;PLEC;VPS4A;CHMP1A;BRCA2;SSTR5;RACGAP1;EXOC5;E2F8;CDC6;SEPTIN6	GLOM	GO_BP	no_proc_ieg	10098
GOBP_ASTROCYTE_ACTIVATION	1.2479908350933184	0.20078740157480315	0.2973635749803365	6/16	C1QA;TREM2;C5AR1;GRN;APP;IL1B	GLOM	GO_BP	no_proc_ieg	10098
GOBP_POSITIVE_REGULATION_OF_INTERLEUKIN_4_PRODUCTION	1.2475142167000945	0.17958412098298676	0.297822589930608	5/21	FCER1G;GATA3;SASH3;CD86;SYK	GLOM	GO_BP	no_proc_ieg	10098
GOBP_PROTEIN_AUTOPHOSPHORYLATION	1.2469074610327135	0.07262569832402235	0.2984722367270414	17/138	STK10;RASSF2;FGR;AURKA;VEGFC;HCK;MVP;PTPRC;CSF1R;AURKB;HTATIP2;PDGFB;MELK;STK39;KDR;MAP3K11;PAK2	GLOM	GO_BP	no_proc_ieg	10098
GOBP_REGULATION_OF_PROTEIN_LOCALIZATION_TO_CELL_SURFACE	1.2468807133133262	0.18181818181818182	0.2981669123262446	5/28	TYROBP;CD247;GPM6B;BDNF;ABCA7	GLOM	GO_BP	no_proc_ieg	10098
GOBP_POSITIVE_REGULATION_OF_ALPHA_BETA_T_CELL_DIFFERENTIATION	1.2465624365163268	0.13618677042801555	0.2983752151699951	20/44	HLX;HLA-DRB1;NCKAP1L;SASH3;CD86;SYK;LILRB4;HLA-DRA;ANXA1;ADA;RUNX3;CCL19;TGFBR2;RHOA;NLRP3;IL12RB1;CD80;IL4R;CBFB;IL2RG	GLOM	GO_BP	no_proc_ieg	10098
GOBP_EPITHELIAL_TO_MESENCHYMAL_TRANSITION	1.2464462718770157	0.078125	0.2982414777300292	40/129	TWIST1;HEY2;S100A4;GATA3;EFNA1;MDK;SDCBP;SNAI2;TBX3;MSX1;EMP2;NOTCH4;ACVRL1;BMP2;PPP3R1;EZH2;PHLDB1;ELL3;COL1A1;TGFB1I1;BAMBI;HEY1;LDLRAD4;PTEN;ENG;PEF1;TGFBR2;TGFB1;IL1B;PDPN;SMAD7;ADAM15;FLNA;GREM1;TGFB2;GSK3B;NCAM1;WNT4;DAG1;HNRNPAB	GLOM	GO_BP	no_proc_ieg	10098
GOBP_POSITIVE_REGULATION_OF_PHOSPHORYLATION	1.2463584298705221	0.013232514177693762	0.29804738930229463	71/448	CX3CR1;HCLS1;RASSF2;NIBAN1;MAP2K1;CD300A;PRR5L;CCL5;HTR2B;TCIM;LCP2;LTF;TIGAR;TNFRSF14;VEGFC;CD36;PTPRC;GPRC5B;CAMK1;CD40;ECT2;BDNF;CSF1R;ARRB1;MAPK1;CSPG4;BAG4;HLA-DRB1;LILRA5;PDGFB;PSRC1;NCKAP1L;EFNA1;SDCBP;ADRB2;FLOT1;NOD2;CD86;SYK;TLR4;PECAM1;KDR;TREM2;MAP3K11;PAK2;MYDGF;EMP2;CD44;BMP2;C3;RAP2A;TBX1;NRP1;EZH2;TPX2;CDON;TRAF6;LRP4;KITLG;CCND1;IQGAP1;DDRGK1;TNFSF15;PIK3R3;CD4;CALM3;ITGB1BP1;CCL19;CDK2AP1;ITGA5;MMD	GLOM	GO_BP	no_proc_ieg	10098
GOBP_NEGATIVE_REGULATION_OF_NOTCH_SIGNALING_PATHWAY	1.2462053767692765	0.16570327552986513	0.2979585030101463	7/24	TCIM;HEY2;SLC35C1;ARRB1;HEY1;GATA2;ZBTB7A	GLOM	GO_BP	no_proc_ieg	10098
GOBP_POSITIVE_REGULATION_OF_GLIAL_CELL_DIFFERENTIATION	1.2460315474629176	0.14767932489451477	0.2979000763284394	8/33	TNFRSF1B;TLR2;MDK;HDAC1;BMP2;CXCR4;TGFB1;PTN	GLOM	GO_BP	no_proc_ieg	10098
GOBP_ACTIVATION_OF_CYSTEINE_TYPE_ENDOPEPTIDASE_ACTIVITY_INVOLVED_IN_APOPTOTIC_PROCESS	1.2452790887841971	0.1257606490872211	0.2987988851455851	17/55	PYCARD;BID;BCL2A1;ANP32B;CARD8;LAPTM5;ATP2A3;NGFR;CASP8;VCP;LCK;TNFSF15;BAX;PDCD2;CASP2;KHDC1;PPARG	GLOM	GO_BP	no_proc_ieg	10098
GOBP_PROTEIN_DNA_COMPLEX_ASSEMBLY	1.2450633578753703	0.07317073170731707	0.2988251807586767	51/145	MACROH2A1;HEY2;MED28;UBN1;MACROH2A2;ANP32B;MED24;TAF11;POLE3;RAD51;DLGAP5;H2BC21;CDT1;CENPF;TCF4;CENPX;TAF4;SART3;NAP1L3;SMARCA5;UBTF;H1-1;HMGB2;BAZ1A;CENPA;MED7;SMARCB1;H3-4;TAF10;MED18;MCM2;H1-0;H3C2;CENPE;H2BC14;H3C8;TAF12;CABIN1;H1-10;POLR1E;DR1;MED6;GRWD1;H1-2;GTF2H5;KNTC1;H4C13;OIP5;ASF1B;HJURP;H3C4	GLOM	GO_BP	no_proc_ieg	10098
GOBP_PROTEASOMAL_PROTEIN_CATABOLIC_PROCESS	1.2448228353134114	0.03398926654740608	0.29890419037865007	105/328	UBE2J1;AURKA;GNA12;RBCK1;DTL;RCN3;ARRB1;SEC61B;RMND5A;PSMB9;CHFR;CSNK1E;CEBPA;DESI1;PSMD2;TREM2;AUP1;CUL4B;DMAC2;PBK;BAG2;PSMB8;PSMD13;TBX21;TRIM21;CBFA2T3;HECTD3;DERL1;CDC34;PSMC4;VCP;PSMB10;CDC20;DDRGK1;UGGT1;USP14;PML;PSMD11;PSMA7;TRIM9;FZR1;AMBRA1;UBXN8;MAN1B1;PSME1;RHBDF1;CSNK2A2;IFI27;KCTD13;SDF2L1;PRPF19;KEAP1;SMURF2;UBE2C;PSMF1;TRIM3;DNAJC10;PSMB2;KIF14;TRIM25;GABARAP;PSMB6;MAEA;PSME3;TBL1XR1;UBQLN2;PSMD7;UCHL1;UBXN1;RBX1;SMAD7;PSMB5;CDC27;PSMA6;TRIB3;SMURF1;ADRM1;RNF34;UBE2A;GSK3B;ENC1;BCAP31;SKP2;OS9;PSMD8;TRIM45;PSMB4;DDA1;IL33;UFD1;CSNK1D;USP7;DNAJB2;PLAA;TRIB2;PSMD1;TOR1A;FBXL15;PSMB1;DERL2;WFS1;USP13;RNFT1;CLU;TMUB2	GLOM	GO_BP	no_proc_ieg	10098
GOBP_LUNG_ALVEOLUS_DEVELOPMENT	1.244615428099097	0.15176715176715178	0.2989290530883038	15/38	HOPX;NKIRAS2;SLC7A11;KDR;COL6A1;ADA;RC3H2;TGFB1;FBN1;CREB1;PGR;ITGB6;IGFBP5;BMPR2;FLT4	GLOM	GO_BP	no_proc_ieg	10098
GOBP_BLASTOCYST_FORMATION	1.244104043918941	0.17681728880157171	0.2994076921352542	7/29	TM4SF1;HOPX;RRP7A;SOX17;CNOT3;SKIL;ADA	GLOM	GO_BP	no_proc_ieg	10098
GOBP_REGULATION_OF_MEIOTIC_CELL_CYCLE	1.2437971177137537	0.1527777777777778	0.2995822058427211	12/42	RAD51AP1;ZWINT;CHFR;MSX1;CDC20;FZR1;CDC25B;ASPM;NPR2;RAD1;TTK;CDC27	GLOM	GO_BP	no_proc_ieg	10098
GOBP_DNA_REPAIR	1.241597967948968	0.027777777777777776	0.3029197684711193	141/385	TWIST1;MACROH2A1;ZFYVE26;BABAM1;TIGAR;CINP;RAD51AP1;DTL;GINS2;HUS1;PARPBP;PCNA;DCLRE1C;SMARCD2;EXO5;MCM5;BRCA1;RPA2;CSNK1E;FANCG;SMARCE1;RAD51;FANCI;CUL4B;FANCF;SMUG1;NYNRIN;FOXM1;RNASEH2A;EXOSC10;VCP;CHEK1;CEP164;IFFO1;SF3B5;CENPX;PML;SMARCC2;POLH;PIAS4;TAF4;TRAIP;FZR1;MCRS1;USP22;MRGBP;WDHD1;NME3;NUDT1;FAAP100;CSNK2A2;SMARCA5;POLD4;NPAS2;ZBTB7A;RFC5;CDK1;RPA1;XRCC3;ERCC1;PRPF19;SUPT7L;RNF111;GADD45A;CYREN;RAD1;RUVBL1;SAMHD1;SMARCD3;HMGB2;TAOK3;FAM111A;RBX1;PTTG1;RAD54L;MUS81;PMS1;SMARCB1;MMS19;TAF10;REXO4;TFPT;UBE2A;RFC4;RRM1;SF3B3;SKP2;RFC2;MCM2;BRCA2;SMARCAL1;GINS4;TREX1;USP7;SETMAR;MPG;KMT5B;NHEJ1;TTF2;ACTR8;MLH1;TAF12;RNF113A;UPF1;TFIP11;PDS5A;FANCA;POLB;TRIM28;RNASEH2B;PPP4C;RAD9A;TONSL;GTF2H5;LIG3;ABL1;AP5S1;PWWP3A;USP3;EP400;MLH3;DOT1L;TMEM161A;ACTB;PARP1;SMG1;RAD23A;RUVBL2;MCM4;POLE2;SUPT20H;PSMD14;RAD51C;ZNF365;WAS;PCLAF;UIMC1;RECQL4;ACTR5;TAF5;TRIP12	GLOM	GO_BP	no_proc_ieg	10098
GOBP_LAMELLIPODIUM_ASSEMBLY	1.2410618703080483	0.16733067729083664	0.3034935304247472	10/48	RAC2;ARPC2;TWF2;CYFIP1;ACTR3;CAPZB;PARVB;FSCN1;NUP85;ARHGEF6	GLOM	GO_BP	no_proc_ieg	10098
GOBP_POSITIVE_REGULATION_OF_SMALL_GTPASE_MEDIATED_SIGNAL_TRANSDUCTION	1.240199715605215	0.12804878048780488	0.3046550939043132	12/57	LPAR6;ARRB1;MAP4K4;COL3A1;GPR65;GPR35;TGM2;FNTA;GPR4;CDON;LRP4;KITLG	GLOM	GO_BP	no_proc_ieg	10098
GOBP_REGULATION_OF_PEPTIDYL_TYROSINE_PHOSPHORYLATION	1.2399527659533802	0.06759443339960239	0.30471574370702975	23/159	HCLS1;ITGB2;CD300A;CCL5;TNFRSF14;PTPN6;CD36;MVP;PTPRC;GPRC5B;CD40;CSF1R;CSPG4;LILRA5;DUSP22;EFNA1;NOD2;SYK;PECAM1;LILRB4;TREM2;PTPN2;PAK2	GLOM	GO_BP	no_proc_ieg	10098
GOBP_NEURAL_CREST_CELL_DIFFERENTIATION	1.23807575138023	0.13095238095238096	0.3075831095132375	16/71	TWIST1;HTR2B;MEF2C;MAPK1;SEMA4C;FN1;CORO1C;SEMA3F;SNAI2;TBX1;NRP1;KITLG;EXT1;ENG;PEF1;SEMA3E	GLOM	GO_BP	no_proc_ieg	10098
GOBP_ERK1_AND_ERK2_CASCADE	1.2376504346089894	0.06457925636007827	0.30799859521030304	50/221	PYCARD;MAP2K1;HTR2B;CSK;GBP1;CAVIN3;PTPN6;CD36;PTPRC;ACTA2;CSF1R;ARRB1;MAPK1;BTN2A2;HLA-DRB1;PDGFB;FN1;SHC1;ABCA7;CCR1;NOD2;EMILIN1;SYK;TLR4;CARD9;KDR;TREM2;PTPN2;SLAMF1;CD44;C5AR1;BMP2;NRP1;GNAI2;CEACAM1;NPY5R;TNIP1;CD4;ITGB1BP1;CCL19;RRAS;PDE8B;TGFB1;CDK1;MARCO;EPHB2;DUSP7;INPPL1;APP;PTPN22	GLOM	GO_BP	no_proc_ieg	10098
GOBP_NEGATIVE_REGULATION_OF_INTERLEUKIN_1_BETA_PRODUCTION	1.237524570216024	0.19813084112149532	0.3078726673604327	5/19	CX3CR1;CARD8;LILRB4;TREM2;PML	GLOM	GO_BP	no_proc_ieg	10098
GOBP_BRANCHING_INVOLVED_IN_MAMMARY_GLAND_DUCT_MORPHOGENESIS	1.2374165227890854	0.18309859154929578	0.30770233981248973	8/18	KDM5B;TBX3;PML;TGFB1;PGR;AR;WNT4;DDR1	GLOM	GO_BP	no_proc_ieg	10098
GOBP_NEGATIVE_REGULATION_OF_POST_TRANSLATIONAL_PROTEIN_MODIFICATION	1.2367659225463907	0.14084507042253522	0.3085093023962901	16/62	PIAS3;ISG15;ARRB1;LIMK1;SOX4;CDK5;TSPO;BAG2;USP4;TRIM21;CRTAP;GTPBP4;VPS28;P3H1;UBXN1;SMAD7	GLOM	GO_BP	no_proc_ieg	10098
GOBP_NEGATIVE_REGULATION_OF_CELL_CYCLE_PROCESS	1.2365823597713053	0.06300813008130081	0.30851201603852635	57/203	WAPL;MACROH2A1;BABAM1;ZWINT;DTL;TRIAP1;AURKB;BTN2A2;CCNB1;HUS1;LCMT1;PLK2;BRCA1;RPA2;CHFR;NDC80;RAD51;BUB1B;GTSE1;EZH2;CDT1;CDC20;CENPF;CCND1;CHEK1;METTL13;PML;PTEN;FZR1;NME6;NAA10;IK;DACT1;SMARCA5;WDR76;CDK1;XRCC3;PRPF19;CDKN2B;RAD1;CASP2;TTK;TAOK3;BIRC5;TTI1;MUS81;VPS4A;GFI1B;SPDL1;BRCA2;NEK2;TREX1;PPP2R5B;SPC25;SETMAR;E2F8;CDC6	GLOM	GO_BP	no_proc_ieg	10098
GOBP_BLOOD_VESSEL_ENDOTHELIAL_CELL_PROLIFERATION_INVOLVED_IN_SPROUTING_ANGIOGENESIS	1.2365300322963417	0.19721115537848605	0.30825743116761145	10/19	MMRN2;NGFR;ACVRL1;JCAD;ITGB1BP1;APLNR;AGTR1;GATA2;IL12A;FGF2	GLOM	GO_BP	no_proc_ieg	10098
GOBP_REPLACEMENT_OSSIFICATION	1.236484673853564	0.19675456389452334	0.307991054668987	7/21	MEF2C;COL13A1;CSGALNACT1;COL1A1;EXT1;INPPL1;NPR2	GLOM	GO_BP	no_proc_ieg	10098
GOBP_REGULATION_OF_PROTEIN_AUTOPHOSPHORYLATION	1.2361798654161107	0.16089613034623218	0.3081498478824212	5/27	RASSF2;VEGFC;MVP;PTPRC;PDGFB	GLOM	GO_BP	no_proc_ieg	10098
GOBP_REGULATION_OF_MIRNA_METABOLIC_PROCESS	1.235796135041655	0.15461847389558234	0.3085067831559655	20/61	TWIST1;ETS1;PDGFB;GATA3;NR3C1;LILRB4;NGFR;BMP2;RC3H2;SPI1;GATA2;TGFB1;DROSHA;PPARD;PPARG;FGF2;TGFB2;NFKB1;SREBF1;AR	GLOM	GO_BP	no_proc_ieg	10098
GOBP_NEGATIVE_REGULATION_OF_CELL_DIFFERENTIATION	1.2349115065892036	0.025490196078431372	0.30971513855173144	109/443	DNMT1;HLX;TWIST1;LTF;FGL2;HEY2;VEGFC;PIAS3;GDF11;HOPX;BDNF;MAPK1;MED28;ANP32B;FCGR2B;SOX4;ASCL2;PDGFB;GATA3;ID3;CXCL10;INPP5D;SEMA3F;EXTL3;HOXB8;COL5A2;CDK5;EFNA1;MDK;HDAC1;TLR4;CEBPA;LILRB4;ARHGAP4;TREM2;SNAI2;PTPN2;TSPO;SKIL;CCDC85B;PAF1;ANXA1;TRPM4;TBX3;MSX1;NOTCH4;ACVRL1;BMP2;TBX21;RUNX3;COL5A1;TBX1;NRP1;EZH2;PBX1;IRF1;LRP4;RGS4;CCND1;HDAC5;CEACAM1;LSM1;RC3H2;TGFB1I1;BAMBI;HEY1;NELFB;LDLRAD4;TCF15;CDK6;PTEN;YWHAH;SOSTDC1;RIOX1;GATA2;KLF13;TGFB1;FBN1;PTN;ASPM;EPHB2;NPR2;APP;MAP2;LBH;CDKN2B;NR1H3;IL1B;ABCA1;SEMA4F;PPARD;MAFB;CD74;PPARG;CCN4;YTHDF2;SMAD7;FOXJ2;TRIB3;HDAC4;GREM1;TNFRSF11B;TGFB2;GDI1;MMP11;TLR3;IGFBP5;FRZB;GSK3B	GLOM	GO_BP	no_proc_ieg	10098
GOBP_RHO_PROTEIN_SIGNAL_TRANSDUCTION	1.2347519226259829	0.10693069306930693	0.30968328905220655	31/101	RHOG;LPAR6;GNA12;ARRB1;LIMK1;COL3A1;GPR65;COL1A2;GPR35;FLOT1;ARHGDIB;ARHGAP4;GPR4;NGFR;NRP1;AGTR1;F11R;MYO9B;RASIP1;KCTD13;CDC42EP1;ABCA1;PDPN;RHOA;ADRA2A;F2RL2;CDC42SE1;RHOBTB1;SYNJ2BP;RACGAP1;P2RY10	GLOM	GO_BP	no_proc_ieg	10098
GOBP_MICROTUBULE_ORGANIZING_CENTER_LOCALIZATION	1.234584658067719	0.18095238095238095	0.30961833217734813	11/25	AURKA;DLGAP5;GPSM2;PLXNA2;ASPM;SPOUT1;DYNC1LI2;BICD2;NDE1;INTS13;IFT20	GLOM	GO_BP	no_proc_ieg	10098
GOBP_NEGATIVE_REGULATION_OF_PROTEIN_MODIFICATION_PROCESS	1.2344036502200535	0.05649717514124294	0.3095608830607619	66/267	PYCARD;RASSF2;NIBAN1;CD300A;PRR5L;MACROH2A1;PTPN6;MVP;PTPRC;PIAS3;ISG15;ADAR;TRIM27;ARRB1;YWHAB;LIMK1;SOX4;RTRAF;DUSP22;CORO1C;CDK5;NCKAP1L;WARS1;HHEX;LILRB4;PTPN2;PAK2;TSPO;PBK;BAG2;QARS1;BMP2;USP4;TRIM21;CEACAM1;CALM3;ITGB1BP1;CRTAP;PTEN;DNAJC3;BAX;PLPP3;TARBP2;NR2F2;PID1;RASIP1;TGFB1;GTPBP4;EPHB2;DUSP7;GADD45A;PTPN22;CALM1;PKN1;VPS28;DNAJC10;CBL;IL1B;P3H1;UCHL1;PPARG;UBXN1;SMAD7;TRIB3;SAMSN1;ATP2B4	GLOM	GO_BP	no_proc_ieg	10098
GOBP_REGULATION_OF_ERYTHROCYTE_DIFFERENTIATION	1.2342187157041087	0.16939890710382513	0.3095538303047587	11/32	ISG15;ETS1;INPP5D;NCKAP1L;MAPK11;CDK6;SPI1;GATA2;KLF13;MAFB;HMGB2	GLOM	GO_BP	no_proc_ieg	10098
GOBP_SCHWANN_CELL_DIFFERENTIATION	1.2338876945361483	0.16729323308270677	0.30980643988474565	16/36	MAP2K1;MAPK1;CDK5;GPC1;COL6A1;PPP3R1;CDK1;GRB2;LAMA2;PLEC;DAG1;HRAS;LAMB2;RELA;MED12;DICER1	GLOM	GO_BP	no_proc_ieg	10098
GOBP_NEGATIVE_REGULATION_OF_INTERLEUKIN_1_PRODUCTION	1.233717192581734	0.1977401129943503	0.30977711177902084	6/24	CX3CR1;CARD8;LILRB4;TREM2;CEACAM1;PML	GLOM	GO_BP	no_proc_ieg	10098
GOBP_NEGATIVE_REGULATION_OF_PHOSPHORYLATION	1.2331190307213091	0.07156673114119923	0.31047253156781857	52/201	PYCARD;RASSF2;NIBAN1;CD300A;PRR5L;MACROH2A1;PTPN6;MVP;PTPRC;ADAR;TRIM27;RTRAF;DUSP22;CORO1C;CDKN2C;WARS1;HHEX;LILRB4;PTPN2;PAK2;PBK;QARS1;BMP2;CEACAM1;ANKLE2;CALM3;ITGB1BP1;PTEN;DNAJC3;BAX;PLPP3;TARBP2;NR2F2;PID1;RASIP1;TGFB1;EPHB2;DUSP7;PGR;GADD45A;CDKN2B;PTPN22;CALM1;PKN1;DNAJC10;CBL;IL1B;UCHL1;PPARG;SMAD7;TRIB3;SAMSN1	GLOM	GO_BP	no_proc_ieg	10098
GOBP_PROTEIN_N_LINKED_GLYCOSYLATION	1.2308360775935574	0.15831663326653306	0.31409616763812265	21/50	UBE2J1;DDOST;SRD5A3;B4GALT7;DOLK;ALG8;UGGT1;MGAT2;MOGS;RPN2;MGAT4B;GFPT1;DAD1;ALG5;DPAGT1;ALG9;ST3GAL1;EXT2;ALG3;RPN1;SLC39A8	GLOM	GO_BP	no_proc_ieg	10098
GOBP_NEGATIVE_REGULATION_OF_ENDOTHELIAL_CELL_PROLIFERATION	1.230565371297903	0.15495867768595042	0.31424758960809585	13/30	VASH1;ALOX5;MEF2C;SCG2;MMRN2;CAV2;NGFR;ACVRL1;NR2F2;IL12A;SPARC;PPARG;PTPRM	GLOM	GO_BP	no_proc_ieg	10098
GOBP_PLATELET_AGGREGATION	1.2296302893761322	0.16565656565656567	0.3155132023946658	16/52	PTPN6;HBB;EMILIN1;SLC7A11;SYK;CLIC1;CEACAM1;COMP;ENTPD1;PLEK;FIBP;STXBP1;F11R;PDPN;FLNA;PIK3CG	GLOM	GO_BP	no_proc_ieg	10098
GOBP_COMPLEMENT_ACTIVATION	1.2295749045425768	0.166015625	0.31527217744931607	16/48	C1QA;CFD;C1QB;CFB;FCN1;IGHM;TREM2;SERPING1;C3;VSIG4;FCN3;C1R;CFP;C8G;IL1B;A2M	GLOM	GO_BP	no_proc_ieg	10098
GOBP_EPIBOLY	1.228295022688019	0.19230769230769232	0.31711487377341835	12/32	LCP1;CD44;ACVRL1;COL5A1;CEACAM1;ITGA5;PTEN;RHOC;PDPN;RHOA;FLNA;CD151	GLOM	GO_BP	no_proc_ieg	10098
GOBP_POSITIVE_REGULATION_OF_OSTEOCLAST_DIFFERENTIATION	1.228187033136667	0.2147117296222664	0.31696004267082434	5/16	TYROBP;CCR1;TREM2;TRAF6;CREB1	GLOM	GO_BP	no_proc_ieg	10098
GOBP_POSITIVE_REGULATION_OF_REACTIVE_OXYGEN_SPECIES_METABOLIC_PROCESS	1.2279447175312226	0.13333333333333333	0.31705901430714595	17/56	TYROBP;ITGB2;ITGAM;CD36;PDGFB;SYK;TLR4;TSPO;GNAI2;AGTR1;CLEC7A;CYBA;TGFBR2;PID1;TGFB1;GRB2;GADD45A	GLOM	GO_BP	no_proc_ieg	10098
GOBP_PROTEIN_SUMOYLATION	1.226881116370441	0.17786561264822134	0.31859332331533724	8/39	UBE2I;PIAS3;TRIM27;SUMO3;TRPM4;PML;PIAS4;IFIH1	GLOM	GO_BP	no_proc_ieg	10098
GOBP_HYALURONAN_METABOLIC_PROCESS	1.2267028940175961	0.19834710743801653	0.31859833742697996	13/29	ITIH3;PDGFB;HMMR;CD44;LYVE1;HEXB;TGFB1;HYAL3;IL1B;GUSB;FGF2;HYAL2;NFKB1	GLOM	GO_BP	no_proc_ieg	10098
GOBP_NUCLEOSIDE_MONOPHOSPHATE_METABOLIC_PROCESS	1.2258774506825436	0.14230019493177387	0.31975291791332083	15/51	GUK1;DCK;TK1;DTYMK;UCK2;ADSL;TYMP;HPRT1;ADA;AK1;NT5E;TYMS;AK5;APRT;PFAS	GLOM	GO_BP	no_proc_ieg	10098
GOBP_REGULATION_OF_CYTOKINESIS	1.2231042516858404	0.14821763602251406	0.32433791692422964	23/64	AURKA;ZFYVE26;PRC1;ECT2;RAB11A;AURKB;NUP62;SH3GLB1;KIF20B;KIF20A;CALM3;CDC25B;CALM1;KIF14;SPAST;RHOA;BIRC5;VPS4A;BRCA2;SSTR5;RACGAP1;E2F8;CDC6	GLOM	GO_BP	no_proc_ieg	10098
GOBP_POSITIVE_REGULATION_OF_CD4_POSITIVE_ALPHA_BETA_T_CELL_DIFFERENTIATION	1.2227421992347314	0.16015625	0.324644276730049	7/31	HLX;HLA-DRB1;NCKAP1L;SASH3;CD86;HLA-DRA;ANXA1	GLOM	GO_BP	no_proc_ieg	10098
GOBP_AMINO_ACID_ACTIVATION	1.222729183782177	0.1934826883910387	0.32431499793605373	6/26	YARS2;WARS1;QARS1;MARS1;HARS1;LARS2	GLOM	GO_BP	no_proc_ieg	10098
GOBP_VESICLE_MEDIATED_TRANSPORT_BETWEEN_ENDOSOMAL_COMPARTMENTS	1.2227157413169425	0.17137096774193547	0.32398522674010855	7/34	MAP2K1;RAB11A;MAPK1;MSN;CORO1A;SNX3;EMP2	GLOM	GO_BP	no_proc_ieg	10098
GOBP_PROTEIN_EXPORT_FROM_NUCLEUS	1.2226326689845455	0.17025440313111545	0.323765575312888	12/42	CAMK1;ANP32B;SP100;CDK5;DESI1;FRAT2;IFI27;TGFB1;IL1B;CSE1L;SMURF1;GSK3B	GLOM	GO_BP	no_proc_ieg	10098
GOBP_STEM_CELL_DEVELOPMENT	1.2224592404258017	0.14031620553359683	0.3237253452758592	15/69	TWIST1;HTR2B;PTPRC;MAPK1;SEMA4C;FN1;CORO1C;SEMA3F;SNAI2;TBX1;NRP1;KITLG;ENG;PEF1;SEMA3E	GLOM	GO_BP	no_proc_ieg	10098
GOBP_NEGATIVE_REGULATION_OF_PROTEIN_LOCALIZATION	1.22168829488838	0.09770114942528736	0.32479612454015383	41/138	UBE2J1;MACROH2A1;CSK;GBP1;CD36;GPM6B;UCP2;SP100;BAG4;FKBP1B;LYPD1;CDK5;BTF3;LILRB4;RAB23;TMBIM1;SNX3;FRMD4A;VCP;ITGB1BP1;PIAS4;SPI1;RHBDF1;PDE8B;PID1;TGFB1;ERP29;IL12A;NR1H3;IL1B;SREBF1;GDI1;ADRA2A;GSK3B;CHGA;NEO1;OS9;RSAD2;VPS35;DCLK1;AP2M1	GLOM	GO_BP	no_proc_ieg	10098
GOBP_RAS_PROTEIN_SIGNAL_TRANSDUCTION	1.2216017645364925	0.12871287128712872	0.32461585728032016	29/81	DOK2;MRAS;RASGRP2;NUP62;PLK2;SDCBP;GRAP;GNB1;DOK5;FOXM1;NRAS;KITLG;DOK1;DHCR24;RAPGEF5;RRAS;RALA;GRB2;EPHB2;RFXANK;RIT1;RASGRP3;FGF2;TGFB2;ADRA2A;DOK3;G3BP1;RALB;CCNA2	GLOM	GO_BP	no_proc_ieg	10098
GOBP_REGULATION_OF_DOUBLE_STRAND_BREAK_REPAIR_VIA_HOMOLOGOUS_RECOMBINATION	1.221512404063955	0.1471698113207547	0.324398866453267	20/50	RAD51AP1;PARPBP;RPA2;RAD51;CHEK1;PIAS4;MRGBP;RUVBL1;SKP2;PPP4C;ABL1;EP400;ACTB;PARP1;RUVBL2;ZNF365;WAS;WRAP53;TP53BP1;ING3	GLOM	GO_BP	no_proc_ieg	10098
GOBP_MAMMARY_GLAND_EPITHELIAL_CELL_PROLIFERATION	1.2207257466723926	0.20041322314049587	0.3255455975428831	5/19	MAPK1;GATA3;KDM5B;CCND1;BAX	GLOM	GO_BP	no_proc_ieg	10098
GOBP_ENDOMEMBRANE_SYSTEM_ORGANIZATION	1.220438997003863	0.04316546762589928	0.3257198900916991	114/338	UBE2I;MAP2K1;REEP4;SYT11;EMC7;RAB11A;MAPK1;TMEM147;DOP1B;TMED9;NUP93;NCLN;SH3GLB1;ABCA7;CORO1C;BIN2;FLOT1;HTT;CTDNEP1;RAB5B;RTN1;RETREG2;SNX3;COL6A1;CAV2;TMEM127;EMP2;PRKCB;MYOF;STX18;COL5A1;FOLR2;DNM1;SYNGR2;ANKLE2;DEGS1;TMCO1;SEC16A;KIFC3;S100A10;TMEM43;ATP2A2;PTEN;CXCR4;STXBP1;ATG9A;DNM1L;SERP1;LAPTM4B;CDK1;TOR1B;STK25;CREB1;UBL4A;VAMP4;EHD3;ESYT1;CASP7;COLEC12;VPS28;ASAP1;SNAP29;GORASP2;ABCA1;SEC23IP;MAFB;SPAST;EHD2;ATP6V0B;DCTN1;PLEC;LMNB1;P2RX7;SNF8;YIPF5;TGFB2;RAB8A;VPS4A;RAB22A;PLEKHF1;BET1;AR;CHMP1A;RAB38;MYO5A;HIKESHI;RCC1;CSNK1D;VAPB;NSF;AP1S2;VPS11;RETREG3;TOR1A;TMED10;HPS1;ATP6AP1;ATP8B4;CLU;SGTA;EMC9;RAB7A;SPTBN1;CHMP2A;CAV1;TRAM1;PLEKHJ1;NPLOC4;CERT1;STX6;TMED1;NUP155;PLSCR1;HPS6	GLOM	GO_BP	no_proc_ieg	10098
GOBP_NUCLEAR_EXPORT	1.2203414900384755	0.12007874015748031	0.32554775875910613	24/104	UBE2I;DDX39A;CAMK1;THOC5;ANP32B;SP100;NUP93;NUP62;CDK5;HHEX;DESI1;FRAT2;NCBP2;NUP85;NUP188;IFI27;TGFB1;NXF3;IL1B;NUP107;CSE1L;SMURF1;ABCE1;GSK3B	GLOM	GO_BP	no_proc_ieg	10098
GOBP_REGULATION_OF_ISOTYPE_SWITCHING	1.2200414081836917	0.20463320463320464	0.3257467082184583	4/23	IL27RA;PTPRC;CD40;TBX21	GLOM	GO_BP	no_proc_ieg	10098
GOBP_EMBRYONIC_HEMOPOIESIS	1.2179562676429385	0.20077972709551656	0.329119714518373	7/19	THOC5;GATA3;KDR;PBX1;KITLG;GATA2;TGFBR2	GLOM	GO_BP	no_proc_ieg	10098
GOBP_CELLULAR_RESPONSE_TO_LIPID	1.2179215192815047	0.025878003696857672	0.3288303179535361	126/451	CX3CR1;PYCARD;MYD88;CASP1;TNFRSF1B;LILRB2;LTF;GBP2;TLR2;HCK;CD36;ATP1A2;CD14;CD40;HTRA2;MEF2C;TRIM5;TNIP2;MAPK1;MSN;TWF2;LILRA2;PTGER2;CARD8;TRIM24;GNAI1;CARM1;CXCL6;SCARB1;IRF8;ID3;CXCL10;KCNMB1;NR3C1;SPON2;LY86;BRCA1;HDAC1;NOD2;CD86;SYK;TLR4;GNB1;TREM2;SNAI2;TSPO;ADCY3;TESC;PAF1;CD68;ANXA1;MMP2;AHR;LY96;PTAFR;TBX1;MN1;GFER;PTGDR;TRAF6;PMEPA1;HDAC5;WNT5B;DDRGK1;COL1A1;ZNF764;TNIP1;CXCL11;TBX2;YWHAH;ABCB4;TNC;H2AZ1;SRD5A1;ZBTB7A;CCR5;PID1;CYP26B1;LITAF;TGFB1;EPHB2;CREB1;PGR;SERPINF1;LBH;PTPN22;ABHD2;CASP7;PKN1;LDOC1;SLC39A9;NR1H3;IL1B;ABCA1;IRAK4;PPARD;VPS54;HMGB2;RHOA;PLPP1;CD180;KMT2D;ADAM15;NFKB1;SREBF1;LTK;TICAM1;TBXA2R;ALDH1A2;VIM;AR;CXCL9;GSK3B;SKP2;RXRA;SSTR5;CRHBP;IRAK1;PPBP;NLRP3;CDK4;ZNF35;CD80;TFPI;DAG1;CCNA2	GLOM	GO_BP	no_proc_ieg	10098
GOBP_DNA_RECOMBINATION	1.2178987032316855	0.07208872458410351	0.3285213392166723	72/206	IL27RA;ZFYVE26;PTPRC;RAD51AP1;RAG1;CD40;GINS2;HUS1;PARPBP;DCLRE1C;MCM5;BRCA1;RPA2;TEP1;RAD51;KPNA2;TBX21;TOP2A;CHEK1;CENPX;PIAS4;MCRS1;MRGBP;TGFB1;RPA1;XRCC3;ERCC1;CYREN;RUVBL1;SAMHD1;H1-1;HMGB2;RAD54L;MUS81;TFPT;SKP2;MCM2;H1-0;BRCA2;KPNA1;GINS4;TREX1;IL7R;KMT5B;NHEJ1;ACTR8;MLH1;H1-10;LEF1;POLB;PSMC3IP;PPP4C;H1-2;TONSL;LIG3;ABL1;AP5S1;SWAP70;EP400;MLH3;ACTB;PARP1;RUVBL2;MCM4;PSMD14;RAD51C;CD28;CCR6;ZNF365;WAS;RECQL4;ACTR5	GLOM	GO_BP	no_proc_ieg	10098
GOBP_REGULATION_OF_CENTROSOME_CYCLE	1.2175970315655444	0.17716535433070865	0.32867354515859754	12/31	AURKA;STIL;NUP62;PLK2;BRCA1;XRCC3;NAT10;CEP131;CHMP1A;ATF5;WDR62;CHMP2A	GLOM	GO_BP	no_proc_ieg	10098
GOBP_MITOTIC_DNA_INTEGRITY_CHECKPOINT_SIGNALING	1.217436059790258	0.17276422764227642	0.32861912216013256	16/56	BABAM1;DTL;TRIAP1;HUS1;PLK2;BRCA1;RPA2;GTSE1;CCND1;CHEK1;PML;FZR1;CDK1;CASP2;TAOK3;MUS81	GLOM	GO_BP	no_proc_ieg	10098
GOBP_IRE1_MEDIATED_UNFOLDED_PROTEIN_RESPONSE	1.2171597305297128	0.2194616977225673	0.32875195026621873	9/18	COPS5;DDRGK1;AGR2;FICD;BAX;DNAJC10;VAPB;BFAR;HSPA5	GLOM	GO_BP	no_proc_ieg	10098
GOBP_PURINERGIC_NUCLEOTIDE_RECEPTOR_SIGNALING_PATHWAY	1.2164214412449856	0.19153225806451613	0.3297505578804669	14/23	P2RY13;ADA;PTAFR;GNAI2;ADORA3;P2RX7;P2RY14;P2RY2;GPR171;P2RX4;ADORA2B;P2RY6;P2RY1;ADORA1	GLOM	GO_BP	no_proc_ieg	10098
GOBP_REGULATION_OF_LYMPHOCYTE_APOPTOTIC_PROCESS	1.2163688295532935	0.18072289156626506	0.3294883352450952	14/34	CCL5;IDO1;RAG1;AURKB;EFNA1;ADA;BTK;BAX;FADD;CD74;P2RX7;ST3GAL1;CD27;IL7R	GLOM	GO_BP	no_proc_ieg	10098
GOBP_ORGANELLE_LOCALIZATION	1.2156996692324018	0.04291044776119403	0.33035181569717353	147/392	CDR2L;FGR;CD300A;SYT11;NSL1;MAP1S;NUSAP1;ZWINT;RAC2;ECT2;RAB11A;AURKB;LAT2;ACTR3;CEP55;TMED9;CCNB1;NUP62;PSRC1;PCDH17;ITGA4;CDK5;SDCBP;HTT;SYK;SCRIB;NDC80;DLGAP5;MILR1;GPSM2;AP3M2;CAV2;FEZ1;TRAK2;MEF2A;ADGRE2;DNM3;PTGDR;CDT1;COPS5;DNM1;CENPF;PSEN2;BTK;SEC16A;IFFO1;KIF1A;SKA1;PLEK;ATP2A2;PTEN;STXBP1;PEF1;TRAK1;GATA2;EML3;DNM1L;CDK1;ASPM;STK25;MAP2;CALM1;ESYT1;KIF1C;PPFIA3;SPOUT1;SNAP29;KIF14;CBL;TUBA1A;KIF2C;SPAST;TRAPPC4;UCHL1;BIRC5;MAP1B;CENPA;DCTN1;EXOC1;LMNB1;MFN1;BICD2;SYTL2;SNF8;DCTN2;RAB8A;PIK3CG;GPR143;VPS4A;UNC13B;CHMP1A;NDE1;ABCE1;CHGA;SPDL1;MYO5A;TRAPPC2;NEK2;RALB;MREG;CROCC;CSNK1D;YKT6;S100A13;RACGAP1;VAPB;SPC25;EXOC5;GEM;VPS11;CENPE;IL4R;KPNB1;TOR1A;TMED10;SPAG9;MLH1;PIK3CD;DYNLT1;MARK2;SNCA;MAPRE1;RAB7A;CHMP2A;MAP4;BBS7;CENPQ;KNTC1;NEFH;STX6;HPS6;CDH3;CFL1;ZWILCH;CD84;MUL1;LMNA;SYNJ1;TMEM106B;RIPOR1;STAM;KIF18A;ZNF207;TFG;KIFC1;FCER1A;FOXF1	GLOM	GO_BP	no_proc_ieg	10098
GOBP_REGULATION_OF_PROTEOLYSIS	1.2144609538307798	0.036468330134357005	0.3322973263793007	95/389	PYCARD;CTSS;CASP1;CSTA;TNFRSF1B;RPS6KA3;AURKA;CST7;LTF;BID;TNFSF10;PSENEN;BCL2A1;GNA12;HTRA2;ARL6IP5;RCN3;TRIAP1;MAPK12;ANP32B;CARD8;PSMB9;LAPTM5;CDK5;EFNA1;CTSZ;SYK;CHFR;CSNK1E;CEBPA;CARD9;SERPINH1;DESI1;TREM2;PAK2;PBK;BAG2;PSMB8;ATP2A3;NGFR;SERPING1;CD44;TIMP1;CASP8;ECM1;IFI6;CBFA2T3;CCDC22;PSMC4;VCP;CDC20;DNAJC1;LCK;DDRGK1;TGFB1I1;USP14;TNFSF15;PML;S100A10;PTEN;FZR1;GRN;IFI16;CLEC7A;PSME1;CSTB;BAX;PDCD2;RHBDF1;CSNK2A2;TSPAN5;KEAP1;TIMP2;PLAU;SERPINF1;FAS;CASP2;PSMF1;PLAUR;NR1H3;CLN8;GABARAP;IL1B;PSME3;CST1;KHDC1;CLEC3B;FADD;UBQLN2;PPARG;UBXN1;RBX1;SMAD7;SERPINB8;TRIB3	GLOM	GO_BP	no_proc_ieg	10098
GOBP_NEGATIVE_REGULATION_OF_DNA_BINDING	1.213980395686127	0.2037037037037037	0.33285087332548513	4/25	GZMA;HEY2;SP100;SUMO3	GLOM	GO_BP	no_proc_ieg	10098
GOBP_REGULATION_OF_INTRACELLULAR_ESTROGEN_RECEPTOR_SIGNALING_PATHWAY	1.2136126083228516	0.20656370656370657	0.3331219727504889	8/25	CARM1;BRCA1;DDRGK1;LBH;KMT2D;AR;SKP2;VPS11	GLOM	GO_BP	no_proc_ieg	10098
GOBP_GROOMING_BEHAVIOR	1.2123929745646764	0.20594059405940593	0.33504547243174143	7/15	PPT1;CTNS;HOXB8;HPRT1;NMU;APRT;DLG4	GLOM	GO_BP	no_proc_ieg	10098
GOBP_REGULATION_OF_CELLULAR_RESPONSE_TO_STRESS	1.2118715481359152	0.05311355311355311	0.33561903641773005	114/350	MAP2K1;TWIST1;BABAM1;TIGAR;BID;CD36;RAD51AP1;ALOX5;ARL6IP5;TRIAP1;MAPK1;IGFBP6;SEMA4C;FCGR2B;SOX4;PARPBP;PCNA;FKBP1B;ABCA7;SMARCD2;BRCA1;PTTG1IP;NOD2;SLC7A11;RPA2;TLR4;CARD9;SMARCE1;RAD51;SNAI2;PTPN2;PBK;SKIL;QARS1;MSX1;CD44;FADS2;FOXM1;ELL3;COPS5;CHEK1;DDRGK1;AGR2;USP14;SF3B5;PML;SMARCC2;POLH;PIAS4;TAF4;MCRS1;GRN;FICD;USP22;GCH1;MRGBP;BAX;NPAS2;SPRING1;WDR76;MANF;ERP29;ERCC1;PTN;STK25;SUPT7L;FAS;CYREN;RUVBL1;NR1H3;EFHD1;SMARCD3;CD74;UBQLN2;TAOK3;UBXN1;TTI1;ZNHIT1;FLNA;SMARCB1;GREM1;TAF10;TGFB2;TFPT;GSK3B;SF3B3;BCAP31;SKP2;HIC1;NEO1;BRCA2;CRHBP;TRIM32;MID1;DNMT3A;SETMAR;CREB3;KMT5B;ACTR8;WFS1;USP13;TAF12;RNFT1;CLU;TFIP11;SGTA;TRIM28;RNASEH2B;PPP4C;EIF4G1;BFAR;RAD9A;CAV1;GSTP1	GLOM	GO_BP	no_proc_ieg	10098
GOBP_CENTROSOME_DUPLICATION	1.2115750633405935	0.1803921568627451	0.3358441313733273	15/43	STIL;NUP62;PLK2;BRCA1;NDC80;SAC3D1;XRCC3;NAT10;CEP131;CHMP1A;NDE1;BRCA2;CEP135;WDR62;CHMP2A	GLOM	GO_BP	no_proc_ieg	10098
GOBP_ORGANELLE_MEMBRANE_FUSION	1.2106579470750933	0.13962264150943396	0.3371727272118283	27/76	SYT11;CORO1A;ANXA1;CAV2;SLAMF1;PIP4K2A;RUBCNL;STXBP1;RUFY1;SAMD9;VAMP4;CPLANE2;SNAP29;VPS8;YIPF5;RAB8A;VPS4A;VAMP1;BET1;CHMP1A;VPS11;ANKRD27;SNCA;SPHK1;RAB7A;CHMP2A;STX6	GLOM	GO_BP	no_proc_ieg	10098
GOBP_REGULATION_OF_FIBROBLAST_PROLIFERATION	1.2103706037929383	0.1657142857142857	0.33738518080519075	27/62	CD300A;CCNB1;PDGFB;FN1;IFI30;CD248;NGFR;B4GALT7;PML;CDK6;BAX;TGFB1;CD74;SOD2;TRIM32;CDK4;CCNA2;CDC6;PDGFD;CDC73;HRAS;GAS6;SPHK1;RNASEH2B;CAV1;GSTP1;ABL1	GLOM	GO_BP	no_proc_ieg	10098
GOBP_REGULATION_OF_KERATINOCYTE_DIFFERENTIATION	1.2101802884997765	0.1839323467230444	0.3373831722837453	7/25	MACROH2A1;MACROH2A2;EXTL3;EZH2;PLAAT4;PRKCH;ZBED2	GLOM	GO_BP	no_proc_ieg	10098
GOBP_BIOLOGICAL_PROCESS_INVOLVED_IN_INTERACTION_WITH_HOST	1.2089090615446154	0.0940959409594096	0.3394256261897721	59/143	LTF;TNFRSF14;IFITM2;TRIM5;HLA-DRB1;IFITM1;SCARB1;FCN1;CD86;SNX3;CAV2;SLAMF1;TRIM21;SELPLG;SIGLEC1;LGALS1;NRP1;TNFRSF4;CD4;PTX3;ITGA5;FCN3;CXCR4;AGTR1;CH25H;SIVA1;CCR5;F11R;CDK1;PPID;SLC52A2;EFNB2;ITGB6;CBL;TRIM25;CD74;TRIM22;VPS4A;HYAL2;CHMP1A;LY6E;IFIT1;CD81;NCAM1;CD80;CLEC5A;DAG1;P4HB;DYNLT1;ICAM1;GAS6;FURIN;ITGA2;RAB7A;CHMP2A;EFNB3;CAV1;PLSCR1;CD55	GLOM	GO_BP	no_proc_ieg	10098
GOBP_NEGATIVE_REGULATION_OF_PHOSPHORUS_METABOLIC_PROCESS	1.2087805856212117	0.0821917808219178	0.3392884428905153	67/241	PYCARD;RASSF2;NIBAN1;CD300A;PRR5L;MACROH2A1;TIGAR;PTPN6;MVP;PTPRC;ADAR;TRIM27;YWHAB;PDGFB;RTRAF;DUSP22;CORO1C;CDKN2C;NCKAP1L;WARS1;HHEX;LILRB4;PTPN2;PAK2;TSPO;PBK;QARS1;BMP2;CBFA2T3;IQGAP1;CEACAM1;ANKLE2;CALM3;ITGB1BP1;PLEK;PTEN;LPCAT1;DNAJC3;BAX;PLPP3;TARBP2;NR2F2;PID1;RASIP1;TGFB1;EPHB2;DUSP7;PGR;GADD45A;CDKN2B;PTPN22;CALM1;PKN1;DNAJC10;CBL;IL1B;UCHL1;PPARG;APOC1;SMAD7;TRIB3;SAMSN1;HDAC4;HYAL2;GRB10;PPP1R8;GSK3B	GLOM	GO_BP	no_proc_ieg	10098
GOBP_NEGATIVE_REGULATION_OF_TRANSPORT	1.2083936084733022	0.06666666666666667	0.3395770700737432	78/284	UBE2J1;CD300A;TNFRSF1B;SYT11;LILRB2;CSK;TLR2;CD36;ATP1A2;GPM6B;ARL6IP5;TRIM27;CYFIP1;UCP2;RIN3;FCGR2B;SP100;RUBCN;FKBP1B;GPR35;ABCA7;CCR2;CDK5;NCKAP1L;SDCBP;STK39;CORO1A;HLA-F;TSPO;RAB23;ANXA1;SNX3;PRKCB;FRMD4A;ADA;PPP3R1;RGS4;OAZ2;GNAI2;CEACAM1;NPY5R;CALM3;PTEN;CLIC2;SPI1;RHBDF1;PDE8B;MTMR2;PID1;TGFB1;ERP29;EPHB2;KCNH2;ATG3;OAZ1;CALM1;SCT;IL12A;NR1H3;DLG4;IL1B;CD74;UBQLN2;APOC1;MAP1B;NFKB1;CD47;SREBF1;GRB10;ADRA2A;LRPAP1;CHGA;NEO1;OS9;REM1;RSAD2;CRHBP;VPS35	GLOM	GO_BP	no_proc_ieg	10098
GOBP_REGULATION_OF_EPITHELIAL_TO_MESENCHYMAL_TRANSITION	1.2078799383234007	0.148	0.3401620669570719	23/75	TWIST1;GATA3;EFNA1;MDK;SDCBP;EMP2;BMP2;EZH2;PHLDB1;ELL3;COL1A1;TGFB1I1;BAMBI;LDLRAD4;PTEN;ENG;TGFBR2;TGFB1;IL1B;PDPN;SMAD7;GREM1;TGFB2	GLOM	GO_BP	no_proc_ieg	10098
GOBP_AMYLOID_PRECURSOR_PROTEIN_METABOLIC_PROCESS	1.2072775807220546	0.171875	0.3409098796850021	13/57	PSENEN;SOAT1;ADAM10;ABCA7;EFNA1;CSNK1E;NSG1;RTN1;ITM2C;LDLRAP1;PSEN2;RTN2;DHCR24	GLOM	GO_BP	no_proc_ieg	10098
GOBP_CHAPERONE_MEDIATED_PROTEIN_FOLDING	1.2065469838352052	0.15354330708661418	0.3420001354008822	24/50	FKBP11;SDF2;CCT8;PDIA4;CCT6A;CRTAP;CCT3;PFDN1;PPIB;CCT4;TOR1B;PPID;SDF2L1;VBP1;FKBP2;P3H1;CD74;ERO1A;DNAJB2;TOR1A;CLU;DFFA;PFDN6;HSPA5	GLOM	GO_BP	no_proc_ieg	10098
GOBP_REGULATION_OF_PROTEIN_SUMOYLATION	1.20598758110007	0.22762645914396887	0.3426829446403129	2/19	UBE2I;PIAS3	GLOM	GO_BP	no_proc_ieg	10098
GOBP_NEGATIVE_REGULATION_OF_EPITHELIAL_CELL_MIGRATION	1.2054123075310168	0.1527777777777778	0.3433770901141355	21/53	VASH1;MEF2C;SP100;CORO1C;MACIR;MMRN2;ACVRL1;HDAC5;ITGB1BP1;PTEN;NR2F2;TGFB1;SERPINF1;GADD45A;RHOA;PPARG;MEOX2;ATP2B4;PTPRM;FGF2;TBXA2R	GLOM	GO_BP	no_proc_ieg	10098
GOBP_VASCULAR_ASSOCIATED_SMOOTH_MUSCLE_CONTRACTION	1.204077514069585	0.21756487025948104	0.345453097054265	4/18	ACTA2;CD38;RAP1GDS1;COMP	GLOM	GO_BP	no_proc_ieg	10098
GOBP_POSITIVE_REGULATION_OF_MIRNA_TRANSCRIPTION	1.203748227569451	0.2099009900990099	0.3457251233060272	14/38	ETS1;PDGFB;GATA3;NR3C1;NGFR;BMP2;SPI1;GATA2;TGFB1;PPARG;FGF2;TGFB2;SREBF1;AR	GLOM	GO_BP	no_proc_ieg	10098
GOBP_NUCLEOSIDE_METABOLIC_PROCESS	1.2025433797875407	0.16735537190082644	0.34765796259188847	13/38	APOBEC3F;TK1;DTYMK;APOBEC3A;TYMP;HPRT1;ADA2;APOBEC3G;ADA;PTGDR;NT5E;NUDT1;APRT	GLOM	GO_BP	no_proc_ieg	10098
GOBP_REGULATION_OF_EPITHELIAL_CELL_MIGRATION	1.2022082907093845	0.08918406072106262	0.3479132808855532	54/182	VASH1;VEGFC;FUT1;CD40;MEF2C;RAB11A;ETS1;MAP4K4;SP100;PDGFB;SCARB1;HDAC9;CORO1C;GATA3;PLK2;EFNA1;MACIR;KDR;MMRN2;ANXA1;EMP2;PRCP;ADGRA2;ACVRL1;JCAD;NRP1;HDAC5;CEACAM1;ITGB1BP1;SRPX2;PTEN;GFUS;GRN;RRAS;PLPP3;GATA2;NR2F2;TGFBR2;TGFB1;MAPRE2;PTN;SERPINF1;GADD45A;IQSEC1;SPARC;RHOA;PPARG;MEOX2;ATP2B4;PTPRM;FGF2;TGFB2;PIK3CG;TBXA2R	GLOM	GO_BP	no_proc_ieg	10098
GOBP_TRNA_MODIFICATION	1.2021388841938456	0.19029126213592232	0.3476823421277845	11/45	QTRT2;THG1L;DUS1L;ELP3;WDR4;PUS3;TRMT1;NAT10;PUS7;ELP1;TRMU	GLOM	GO_BP	no_proc_ieg	10098
GOBP_MYELOID_CELL_HOMEOSTASIS	1.2007675986550888	0.11754068716094032	0.3499402497297423	28/124	HCLS1;LIPA;ISG15;RAC2;ADAR;ETS1;ALAS1;GATA3;INPP5D;CCR2;NCKAP1L;HOXB6;IKZF1;SLC7A11;PTPN2;MAPK11;ANXA1;RPS19;PKNOX1;KITLG;BTK;CDK6;SPI1;BAX;ETV2;GATA2;ZBTB7A;KLF13	GLOM	GO_BP	no_proc_ieg	10098
GOBP_REGULATION_OF_PROTEIN_CONTAINING_COMPLEX_ASSEMBLY	1.200730970353764	0.07480314960629922	0.3496570340605622	67/280	HCLS1;PYCARD;MYD88;TMSB15A;GBP2;HCK;BID;CD36;ISG15;LCP1;ARPC2;MSN;TWF2;CYFIP1;CAPZB;CARD8;BAG4;NCLN;LCMT1;SH3GLB1;PSRC1;NCKAP1L;WARS1;FSCN1;SYK;CORO1A;TLR4;TREM2;CAPG;CYRIA;VCP;BTK;SEC16A;PLEK;AMBRA1;IKBKE;STXBP1;CLEC7A;CDH5;BAX;TMSB10;COTL1;DACT1;FLII;ARPC5;DNAJC15;RASIP1;TGFB1;GRB2;MMP1;TMOD1;MAP2;PTPN22;CDC42EP1;KIF14;RHOC;ABCA1;VPS8;ABCA3;RHOA;LMO4;MAP1B;DCTN1;RPL13A;FCHSD2;UNC13B;TICAM1	GLOM	GO_BP	no_proc_ieg	10098
GOBP_REGULATION_OF_NUCLEOCYTOPLASMIC_TRANSPORT	1.200691386846739	0.16054158607350097	0.3493686520573992	10/79	HCLS1;CD36;CAMK1;ECT2;ANP32B;SP100;CDK5;RAB23;FRAT2;NCBP2	GLOM	GO_BP	no_proc_ieg	10098
GOBP_REGULATION_OF_T_HELPER_17_TYPE_IMMUNE_RESPONSE	1.2005860884132658	0.222	0.34921874364107736	8/23	IL27RA;ASCL2;CARD9;TBX21;RC3H2;CLEC7A;EPHB2;SMAD7	GLOM	GO_BP	no_proc_ieg	10098
GOBP_POSITIVE_REGULATION_OF_CELL_CYCLE_PHASE_TRANSITION	1.2000269602767806	0.15473887814313347	0.34989327030675693	23/75	STIL;DTL;RAB11A;CCNB1;DLGAP5;CUL4B;ADAMTS1;PAF1;ANXA1;EZH2;PBX1;CDC20;CCND1;DDRGK1;TBX2;CDC25B;TGFB1;CDK1;APP;CCNE1;UBE2C;SMARCD3;CCND2	GLOM	GO_BP	no_proc_ieg	10098
GOBP_MONOSACCHARIDE_CATABOLIC_PROCESS	1.1993715278074522	0.19455252918287938	0.3507762418643025	7/38	ENO2;TIGAR;FUT1;FUT4;HK3;ENO3;GLB1	GLOM	GO_BP	no_proc_ieg	10098
GOBP_POSITIVE_REGULATION_OF_TELOMERE_MAINTENANCE	1.1987710634518958	0.1806083650190114	0.35153712633917494	16/49	TINF2;AURKB;MAPK1;CCT8;CCT6A;PML;CCT3;MCRS1;GCH1;CCT4;ERCC1;RUVBL1;TFPT;NEK2;ACD;ACTR8	GLOM	GO_BP	no_proc_ieg	10098
GOBP_POSITIVE_REGULATION_OF_ERYTHROCYTE_DIFFERENTIATION	1.1985771189716032	0.2314990512333966	0.3515412283163956	5/23	ISG15;ETS1;INPP5D;NCKAP1L;MAPK11	GLOM	GO_BP	no_proc_ieg	10098
GOBP_REGULATION_OF_EPITHELIAL_CELL_PROLIFERATION	1.198279857877435	0.07976653696498054	0.35173393325975616	63/260	HLX;TWIST1;CCL5;HTR2B;TINF2;VASH1;VEGFC;BID;FUT1;ALOX5;MEF2C;TRIM24;PDGFB;GATA3;EXTL3;ITGA4;SCG2;MDK;NOD2;KDR;TNFSF12;SNAI2;KDM5B;MMRN2;MYDGF;CAV2;NGFR;LAMC1;C5AR1;ACVRL1;ECM1;RUNX3;JCAD;TBX1;ST8SIA1;NRP1;NRAS;CCND1;CEACAM1;BTK;AGGF1;CDK6;GRN;APLNR;AGTR1;BAX;GATA2;POLD4;WDR77;NR2F2;TGFB1;PTN;EFNB2;PGR;SERPINF1;CDKN2B;IL12A;SLC39A9;PPARD;SPARC;HMGB2;NME1;PPARG	GLOM	GO_BP	no_proc_ieg	10098
GOBP_RECOMBINATIONAL_REPAIR	1.1979152762701748	0.1297709923664122	0.35205528118753043	51/113	ZFYVE26;RAD51AP1;GINS2;HUS1;PARPBP;MCM5;BRCA1;RPA2;RAD51;CHEK1;PIAS4;MRGBP;RPA1;XRCC3;RUVBL1;SAMHD1;RAD54L;MUS81;SKP2;MCM2;BRCA2;GINS4;PPP4C;TONSL;LIG3;ABL1;AP5S1;EP400;ACTB;PARP1;RUVBL2;MCM4;PSMD14;RAD51C;ZNF365;WAS;RECQL4;WRAP53;TP53BP1;ING3;RAD52;RMI1;RECQL;MCM3;SIRT6;CDC45;ACTL6A;SMC6;MRE11;YY1;HTATSF1	GLOM	GO_BP	no_proc_ieg	10098
GOBP_FC_EPSILON_RECEPTOR_SIGNALING_PATHWAY	1.1976572831093506	0.2191780821917808	0.3521957313269309	6/20	FCER1G;MAP3K1;SYK;VAV1;TRAF6;BTK	GLOM	GO_BP	no_proc_ieg	10098
GOBP_PROTEIN_LOCALIZATION_TO_CELL_SURFACE	1.1966585866194799	0.19423076923076923	0.35377519999906465	9/47	TYROBP;CD247;GPM6B;BDNF;RAB11A;ABCA7;FCN1;EMP2;USP4	GLOM	GO_BP	no_proc_ieg	10098
GOBP_RESPONSE_TO_DSRNA	1.1961341950874431	0.2019607843137255	0.3543746700642156	16/35	MAPK1;FLOT1;NOD2;CARD9;RIGI;IFIH1;COLEC12;P2RX7;NFKB1;TICAM1;TLR3;IFIT1;RALB;DDX21;CAV1;MUL1	GLOM	GO_BP	no_proc_ieg	10098
GOBP_REGULATION_OF_AXONOGENESIS	1.1958523736130435	0.1346153846153846	0.3545202844008203	31/115	MAP2K1;TRPV2;BDNF;LIMK1;TWF2;CYFIP1;FN1;SEMA3F;CDK5;EFNA1;ARHGAP4;PAK2;SKIL;PLXNA2;NRP1;LRP4;EIF4G2;METRN;PTEN;TRAK1;STK25;EPHB2;MAP2;SEMA4F;MAP1B;SMURF1;GDI1;CDH4;GSK3B;CHN1;BMPR2	GLOM	GO_BP	no_proc_ieg	10098
GOBP_CELLULAR_RESPONSE_TO_RADIATION	1.1951077527635334	0.12016293279022404	0.3555688076030959	32/128	CRIP1;RAD51AP1;ECT2;TRIAP1;AURKB;HUS1;PCNA;GATA3;BRCA1;RAD51;SNAI2;CUL4B;MAPK11;PBK;MMP2;TIMP1;POLH;RGS9;IFI16;BAX;TGFB1;PPID;GRB2;MMP1;ERCC1;HYAL3;GADD45A;RAD1;ITGB6;NMT2;CCND2;RBX1	GLOM	GO_BP	no_proc_ieg	10098
GOBP_ANTIMICROBIAL_HUMORAL_IMMUNE_RESPONSE_MEDIATED_BY_ANTIMICROBIAL_PEPTIDE	1.1947338620994004	0.15267175572519084	0.35592968497061894	14/75	CCL5;LTF;CCL4;RNASE6;CXCL6;CXCL10;NOD2;CCL13;CCL18;RPS19;GNLY;H2BC21;CXCL11;CCL19	GLOM	GO_BP	no_proc_ieg	10098
GOBP_REGULATION_OF_G_PROTEIN_COUPLED_RECEPTOR_SIGNALING_PATHWAY	1.1944762145978693	0.132	0.3560834771691016	28/114	GIT2;CCL5;HTR2B;MGLL;PDCL;ARRB1;YWHAB;ZDHHC3;ADRB2;TREM2;ADA;C3;RGS16;RGS4;GNAI2;PLEK;RGS9;APLNR;POMC;RAMP2;ADM;RAMP1;NMT2;RGS20;RGS11;UBQLN2;ATP2B4;INPP5A	GLOM	GO_BP	no_proc_ieg	10098
GOBP_POSITIVE_REGULATION_OF_CALCIUM_MEDIATED_SIGNALING	1.1942596098091371	0.21301775147928995	0.3561384167451874	11/41	CCL4;PTPRC;SYK;TREM2;ADA;PPP3R1;CD4;CLEC7A;APP;NMUR1;PDGFRB	GLOM	GO_BP	no_proc_ieg	10098
GOBP_REGULATION_OF_REACTIVE_OXYGEN_SPECIES_METABOLIC_PROCESS	1.1928547582876443	0.1286549707602339	0.3584720741010892	29/109	TYROBP;ITGB2;ITGAM;TIGAR;CD36;RAC2;ALOX5;PDGFB;CTNS;BRCA1;SYK;ARF4;TLR4;TSPO;PRCP;MPV17;FOXM1;GNAI2;AGTR1;CLEC7A;GCH1;CYBA;TGFBR2;PID1;TGFB1;GRB2;HK2;GADD45A;STK17A	GLOM	GO_BP	no_proc_ieg	10098
GOBP_POSITIVE_REGULATION_OF_MIRNA_METABOLIC_PROCESS	1.192389709067371	0.1936127744510978	0.35901731086370325	15/42	ETS1;PDGFB;GATA3;NR3C1;NGFR;BMP2;SPI1;GATA2;TGFB1;PPARG;FGF2;TGFB2;NFKB1;SREBF1;AR	GLOM	GO_BP	no_proc_ieg	10098
GOBP_POSITIVE_REGULATION_OF_CD4_POSITIVE_ALPHA_BETA_T_CELL_ACTIVATION	1.191689688595835	0.17738791423001948	0.36005151620269904	17/39	HLX;HLA-DRB1;NCKAP1L;SASH3;CD86;HLA-DRA;ANXA1;CCL19;TGFBR2;CD81;NLRP3;IL12RB1;CD80;IL4R;IL2RG;BRD4;CD55	GLOM	GO_BP	no_proc_ieg	10098
GOBP_MITOCHONDRIAL_GENE_EXPRESSION	1.1915781885291785	0.13926499032882012	0.35989578241283027	35/96	YARS2;MRPL17;DAP3;MRPL9;MRPL35;THAP11;HARS1;MRPL18;LARS2;MRPL16;MRPS16;MRPS11;SHMT2;GADD45GIP1;ELAC2;TWNK;FASTKD5;MRPL28;MRPS18A;MRPL11;MRPL33;MRPS14;NGRN;MRPL12;MRPS17;MRPL23;MRPL24;TUFM;GARS1;MRPS7;MRPS30;FASTKD1;PUS1;AURKAIP1;METTL4	GLOM	GO_BP	no_proc_ieg	10098
GOBP_REGULATION_OF_MITOCHONDRIAL_MEMBRANE_POTENTIAL	1.191034021057708	0.18726591760299627	0.3605855519725722	14/57	LIPA;PPP2R3C;BID;ARL6IP5;UCP2;MLLT11;CTNS;PANK2;KDR;TSPO;CLIC1;COL6A1;IFI6;VCP	GLOM	GO_BP	no_proc_ieg	10098
GOBP_PROCESS_UTILIZING_AUTOPHAGIC_MECHANISM	1.1904605173853051	0.0670391061452514	0.3613437263930036	116/371	PYCARD;SYT11;ZFYVE26;IL10RA;RGS19;TIGAR;MAP1S;DELE1;ATG4A;HTRA2;TRIM27;TRIM5;DRAM1;TMEM208;RUBCN;SH3GLB1;IRF8;PLK2;CDK5;ADRB2;HTT;NOD2;KDR;TREM2;LGALS8;AUP1;TSPO;RAB23;RETREG2;COL6A1;FEZ1;PIP4K2A;TRIM21;TRAF6;TECPR2;VCP;DDRGK1;STK38L;SEC16A;EIF4G2;TM9SF1;LZTS1;ATP2A2;ATP6V0A2;RUBCNL;IFI16;AMBRA1;ATG9A;CSNK2A2;GNAI3;DNM1L;RASIP1;EIF4G3;NRBF2;EPHB2;HK2;KEAP1;ATG3;PTPN22;CALM1;QSOX1;VPS28;SPTLC2;SNAP29;GABARAP;MCOLN1;TRAPPC4;UBQLN2;UCHL1;ATP6V0B;SLC25A4;EFNB1;EXOC1;TRIB3;MTMR9;SMURF1;SNF8;RAB33A;RAB8A;TRIM22;VPS4A;SUPT5H;SREBF1;TICAM1;PLEKHF1;UBE2A;CHMP1A;GSK3B;CAPN1;SRPX;VPS35;RALB;TRIM32;CDK16;GAA;CAMKK2;PLAA;VPS11;RETREG3;IFT20;TBC1D12;MARK2;SNCA;WDR45;USP13;MEFV;CAPNS1;CLU;CPTP;ATP6V0D1;CASP3;HMOX1;MTDH;EIF4G1;RAB7A;CHMP2A	GLOM	GO_BP	no_proc_ieg	10098
GOBP_NUCLEOBASE_CONTAINING_SMALL_MOLECULE_CATABOLIC_PROCESS	1.1890845508719432	0.2359081419624217	0.36363663383179	7/23	APOBEC3F;APOBEC3A;ADA2;APOBEC3G;ADA;ENTPD7;NUDT1	GLOM	GO_BP	no_proc_ieg	10098
GOBP_REGULATION_OF_LIPOPROTEIN_PARTICLE_CLEARANCE	1.1890242425006556	0.22334004024144868	0.3633902802008236	6/17	CSK;TREM2;CNPY2;LDLRAP1;APOC1;LRPAP1	GLOM	GO_BP	no_proc_ieg	10098
GOBP_MITOTIC_G2_M_TRANSITION_CHECKPOINT	1.1874299772135475	0.18236472945891782	0.36618606833004314	8/38	BABAM1;DTL;HUS1;BRCA1;CHFR;CHEK1;FZR1;CDK1	GLOM	GO_BP	no_proc_ieg	10098
GOBP_REGULATION_OF_CELLULAR_SENESCENCE	1.1873570781379261	0.2124756335282651	0.3659656767892208	8/29	TWIST1;VASH1;PLK2;TBX2;CDK6;PTEN;FZR1;GCH1	GLOM	GO_BP	no_proc_ieg	10098
GOBP_MYELOID_CELL_DEVELOPMENT	1.1861796476044617	0.1830708661417323	0.3678313961657132	9/61	TYROBP;LTF;TLR2;PTPN6;RAC2;ALAS1;NCKAP1L;EVI2B;PIP4K2A	GLOM	GO_BP	no_proc_ieg	10098
GOBP_ASTROCYTE_DEVELOPMENT	1.1859206081636562	0.21176470588235294	0.3679645175403638	13/31	C1QA;TLR4;TREM2;C5AR1;CDK6;GRN;APP;IL1B;VIM;ZEB2;ROR1;EIF2B5;LAMB2	GLOM	GO_BP	no_proc_ieg	10098
GOBP_POSITIVE_REGULATION_OF_AMYLOID_PRECURSOR_PROTEIN_CATABOLIC_PROCESS	1.1859149212614397	0.2547892720306513	0.3676021530601442	7/15	EFNA1;CSNK1E;SP1;CLU;CASP3;RELA;SPON1	GLOM	GO_BP	no_proc_ieg	10098
GOBP_DOPAMINE_SECRETION	1.1857420239854077	0.2239089184060721	0.3675900591714588	4/23	SYT11;TGM2;COMT;PRKCB	GLOM	GO_BP	no_proc_ieg	10098
GOBP_REGULATION_OF_NEUTROPHIL_CHEMOTAXIS	1.1857413455883008	0.2277432712215321	0.36722433242913216	10/27	RAC2;C3AR1;NCKAP1L;MDK;NOD2;C5AR1;CCL19;DNM1L;CD74;C5AR2	GLOM	GO_BP	no_proc_ieg	10098
GOBP_NEGATIVE_REGULATION_OF_PROTEIN_LOCALIZATION_TO_CELL_PERIPHERY	1.185569017906092	0.22967479674796748	0.3672070679398873	6/20	CSK;GBP1;LYPD1;TMBIM1;PID1;TGFB1	GLOM	GO_BP	no_proc_ieg	10098
GOBP_REGULATION_OF_PROTEOLYSIS_INVOLVED_IN_PROTEIN_CATABOLIC_PROCESS	1.1854953243789457	0.14559386973180077	0.3669671562680874	50/133	AURKA;GNA12;LAPTM5;EFNA1;CHFR;CSNK1E;CEBPA;DESI1;TREM2;PBK;BAG2;CBFA2T3;CCDC22;PSMC4;VCP;CDC20;DDRGK1;TGFB1I1;USP14;PML;PTEN;FZR1;PSME1;RHBDF1;CSNK2A2;KEAP1;PSMF1;GABARAP;PSME3;UBQLN2;UBXN1;RBX1;SMAD7;TRIB3;SMURF1;GSK3B;BCAP31;DDA1;IL33;CSNK1D;USP7;DNAJB2;TRIB2;WFS1;USP13;RNFT1;CLU;SGTA;CAV1;BBS7	GLOM	GO_BP	no_proc_ieg	10098
GOBP_REGULATION_OF_RECEPTOR_INTERNALIZATION	1.1850543520907133	0.188715953307393	0.3674785240713476	18/46	ARRB1;RIN3;SDCBP;FLOT1;SYK;SELE;SCRIB;PPP3R1;SYT17;RALA;MTMR2;EFNB2;DLG4;UBQLN2;GREM1;LRPAP1;AP2M1;CD63	GLOM	GO_BP	no_proc_ieg	10098
GOBP_IMMUNOLOGICAL_MEMORY_PROCESS	1.1848836678970962	0.24361493123772102	0.36744772353056	4/15	FGL2;TNFRSF14;HLA-DRB1;HLA-DRA	GLOM	GO_BP	no_proc_ieg	10098
GOBP_PROTEASOME_MEDIATED_UBIQUITIN_DEPENDENT_PROTEIN_CATABOLIC_PROCESS	1.1844192365272825	0.09157509157509157	0.367956483938738	77/249	AURKA;GNA12;RBCK1;DTL;ARRB1;RMND5A;PSMB9;CHFR;CSNK1E;CEBPA;DESI1;PSMD2;DMAC2;PBK;BAG2;PSMB8;PSMD13;TBX21;CBFA2T3;HECTD3;DERL1;CDC34;PSMC4;VCP;PSMB10;CDC20;DDRGK1;USP14;PML;PSMD11;PSMA7;TRIM9;FZR1;AMBRA1;CSNK2A2;IFI27;KCTD13;KEAP1;SMURF2;UBE2C;PSMF1;TRIM3;PSMB2;KIF14;GABARAP;PSMB6;MAEA;TBL1XR1;PSMD7;UCHL1;UBXN1;RBX1;SMAD7;PSMB5;CDC27;PSMA6;TRIB3;SMURF1;ADRM1;RNF34;UBE2A;GSK3B;SKP2;PSMD8;TRIM45;PSMB4;DDA1;IL33;UFD1;CSNK1D;USP7;DNAJB2;PLAA;TRIB2;PSMD1;FBXL15;PSMB1	GLOM	GO_BP	no_proc_ieg	10098
GOBP_IN_UTERO_EMBRYONIC_DEVELOPMENT	1.1844010579208668	0.09551656920077972	0.367633608183525	44/268	MAP2K1;LPAR6;TWIST1;APBA3;VASH1;HEY2;PCDH12;STIL;GNA12;TM4SF1;HOPX;PHLDA2;MAPK1;COL3A1;ADAM10;CCNB1;ASCL2;PDGFB;SEC24D;SOX18;CHST11;GATA3;RRP7A;SOX17;CEBPA;BTF3;RIC8A;CNOT3;SKIL;JAG2;TBX3;PELO;MSX1;ADA;CASP8;ACVRL1;BMP2;TRAF6;PSMC4;RPL13;CHEK1;SH3PXD2A;HEY1;STMN3	GLOM	GO_BP	no_proc_ieg	10098
GOBP_GLIAL_CELL_DEVELOPMENT	1.1825189219781214	0.1702970297029703	0.3709662524566737	34/95	C1QA;MAP2K1;TLR2;GPM6B;MAPK1;SOX4;EIF2B1;CDK5;MDK;TLR4;TREM2;COL6A1;C5AR1;PPP3R1;B4GALT5;CDK6;PTEN;GRN;TGFB1;GRB2;APP;IL1B;MIOS;PLEC;MXRA8;VIM;EIF2B4;DAG1;ZEB2;ROR1;EIF2B5;HRAS;CLU;LAMB2	GLOM	GO_BP	no_proc_ieg	10098
GOBP_DNA_CONFORMATION_CHANGE	1.1821165622543843	0.19367588932806323	0.3713858882705492	22/60	GINS2;DSCC1;MCM5;HHEX;RAD51;TOP2A;RFC5;HMGA1;RUVBL1;HMGB2;TWNK;RFC4;G3BP1;RFC2;MCM2;GINS4;TREX1;PURA;UPF1;ABL1;RUVBL2;MCM4	GLOM	GO_BP	no_proc_ieg	10098
GOBP_MITOTIC_SISTER_CHROMATID_COHESION	1.1819799861960383	0.24110671936758893	0.3713027143960186	4/16	MACROH2A1;DSCC1;CDC20;NAA10	GLOM	GO_BP	no_proc_ieg	10098
GOBP_POSITIVE_REGULATION_OF_PEPTIDYL_TYROSINE_PHOSPHORYLATION	1.181744036346394	0.126232741617357	0.37137655582618323	22/122	HCLS1;CCL5;TNFRSF14;CD36;PTPRC;GPRC5B;CD40;CSF1R;CSPG4;LILRA5;EFNA1;NOD2;SYK;PECAM1;TREM2;PAK2;CD44;NRP1;LRP4;KITLG;CD4;ITGA5	GLOM	GO_BP	no_proc_ieg	10098
GOBP_CELL_CYCLE_G1_S_PHASE_TRANSITION	1.1814248164033518	0.10231660231660232	0.37163011940436097	57/166	TCIM;BID;PTPN6;STIL;TRIAP1;BTN2A2;CDKN3;SMARCD2;PLK2;CDKN2C;RPA2;SMARCE1;E2F3;MAP3K11;CUL4B;ADAMTS1;PAF1;ANXA1;GTSE1;MN1;EZH2;CDC34;CCND1;DDRGK1;METTL13;PML;SMARCC2;TBX2;CDK6;PTEN;BCAT1;AMBRA1;PSME1;DACT1;CDK1;CDKN2B;CCNE1;CASP2;KIF14;TMEM14B;PSME3;SMARCD3;CCND2;ATP2B4;SMARCB1;TAF10;GFI1B;RRM1;DBF4;SKP2;CCND3;RCC1;CDK4;TREX1;CCNA2;CCNE2;CDC6	GLOM	GO_BP	no_proc_ieg	10098
GOBP_NEGATIVE_REGULATION_OF_OSTEOBLAST_DIFFERENTIATION	1.1813525569580126	0.2229038854805726	0.3713970249824149	11/29	TWIST1;VEGFC;ID3;TRPM4;BAMBI;CDK6;RIOX1;PPARG;GREM1;IGFBP5;GSK3B	GLOM	GO_BP	no_proc_ieg	10098
GOBP_ENDOSOME_ORGANIZATION	1.1791612760833996	0.19136960600375236	0.3752975930902621	23/52	RAB11A;CORO1C;RAB5B;SNX3;TMEM127;DNM1;LAPTM4B;VAMP4;VPS28;ATP6V0B;SNF8;VPS4A;RAB22A;PLEKHF1;CHMP1A;VPS11;ATP6AP1;RAB7A;CHMP2A;PLEKHJ1;STX6;SYNJ1;STAM	GLOM	GO_BP	no_proc_ieg	10098
GOBP_POSITIVE_REGULATION_OF_NF_KAPPAB_TRANSCRIPTION_FACTOR_ACTIVITY	1.1778039290422992	0.15648854961832062	0.3775951427016561	33/92	PYCARD;MYD88;LTF;TLR2;RBCK1;CD40;TRIM5;NOD2;TLR4;CARD9;TRIM21;TRAF6;DDRGK1;BTK;TRADD;CLEC7A;PRKCH;ZBTB7A;TRIM25;IL1B;PSMA6;TRIM22;AR;TRIM32;IRAK1;NLRP3;IL18R1;ROR1;TRIM14;CLU;TRAF2;SPHK1;MTDH	GLOM	GO_BP	no_proc_ieg	10098
GOBP_PROTEIN_DEPHOSPHORYLATION	1.1773244093616284	0.1462925851703407	0.37818450308299856	40/140	CD300A;LILRB2;PTPN6;PTPRC;GNA12;YWHAB;PTPRE;DAPP1;DUSP22;NCKAP1L;HTT;PPP2R5E;CTDNEP1;PTPN2;PPP3R1;PPP1R7;ANKLE2;CALM3;PTEN;AMBRA1;CDH5;MTMR2;TGFB1;SBF1;DUSP7;PTPN22;CALM1;LRRC59;PDGFRB;PTPRM;PTPN12;PPP1R8;GSK3B;DUSP4;PTPN21;PHLPP1;PPP2R5B;PTPA;PTPRK;PPP1CA	GLOM	GO_BP	no_proc_ieg	10098
GOBP_REGULATION_OF_SMALL_GTPASE_MEDIATED_SIGNAL_TRANSDUCTION	1.1771864204894957	0.11406844106463879	0.37807214560713204	48/195	LPAR6;DOCK2;GIT2;ARHGAP45;SIPA1;ECT2;ARRB1;MAP4K4;COL3A1;GPR65;GPR35;NUP62;TGM2;ARHGAP25;FLOT1;FNTA;ARHGDIB;ARHGAP4;RAP1GAP2;GPR4;VAV1;GMIP;ARHGAP15;ARHGAP17;FOXM1;DENND3;NRP1;CDON;LRP4;KITLG;STMN3;ARFGAP1;ARHGAP22;F11R;MYO9B;RASIP1;KCTD13;MAPRE2;EPHB2;CYTH4;ARHGAP44;ABR;CYTH3;KIF14;CBL;GABARAP;IQSEC1;ABCA1	GLOM	GO_BP	no_proc_ieg	10098
GOBP_WOUND_HEALING	1.1771355745273184	0.09278350515463918	0.37782398499400943	89/317	SYT11;THBD;PTPN6;CD36;PROCR;GNA12;LCP1;CD40;ALOX5;HPSE;WFDC1;C1GALT1C1;TFPI2;COL3A1;FCER1G;HBB;PDGFB;FN1;SCARB1;EMILIN1;SLC7A11;SYK;TLR4;SCRIB;KDR;GPR4;CLIC1;ANXA1;VAV1;SERPING1;CD44;PRCP;NOTCH4;DGKA;TIMP1;ACVRL1;MYOF;PLA2G4A;COL5A1;CEACAM1;LCK;COMP;ELK3;ENTPD1;EXT1;PLEK;F8;S100A10;FIBP;CD34;ITGA5;ANXA5;PTEN;CXCR4;STXBP1;CLEC7A;PLPP3;GATA2;TMEM97;F13A1;F11R;TGFB1;DGKD;FAP;EPHB2;DGKE;NPR2;PLAU;CASP7;PLAUR;RHOC;ITGB6;PDPN;PPARD;RHOA;CORO1B;PPARG;PROS1;CCN4;PLEC;FLNA;CD151;FGF2;TGFB2;PIK3CG;VPS4A;TBXA2R;CHMP1A;ADRA2A	GLOM	GO_BP	no_proc_ieg	10098
GOBP_REACTIVE_OXYGEN_SPECIES_METABOLIC_PROCESS	1.1761446282298578	0.098	0.3794141226788814	41/165	TYROBP;ITGB2;LIPA;ITGAM;TIGAR;CD36;RAC2;ALOX5;UCP2;NCF2;HBB;PDGFB;CTNS;CYBB;NCF4;PRDX4;BRCA1;SYK;ARF4;TLR4;TSPO;COL6A1;VAV1;PRCP;IFI6;MPV17;HBD;FOXM1;GNAI2;SH3PXD2A;AGTR1;CLEC7A;GCH1;CYBA;TGFBR2;PID1;TGFB1;GRB2;HK2;GADD45A;STK17A	GLOM	GO_BP	no_proc_ieg	10098
GOBP_FORMATION_OF_PRIMARY_GERM_LAYER	1.1760602190039036	0.16194331983805668	0.37920782915230516	30/93	ITGB2;MAP2K1;MACROH2A1;FN1;SOX17;ITGA4;COL5A2;PAF1;ITGA7;COL6A1;MMP2;COL11A1;COL5A1;ITGA5;ETV2;GRB2;BRD3;TAF10;HOXA11;DUSP4;BMPR2;EXT2;ETS2;CDC73;LAMB3;LEF1;MMP15;ITGA2;ITGA3;MMP9	GLOM	GO_BP	no_proc_ieg	10098
GOBP_NATURAL_KILLER_CELL_ACTIVATION_INVOLVED_IN_IMMUNE_RESPONSE	1.1760048045964904	0.24708171206225682	0.3789374098173205	4/16	NKG7;CORO1A;HLA-F;CD244	GLOM	GO_BP	no_proc_ieg	10098
GOBP_PYRIMIDINE_CONTAINING_COMPOUND_BIOSYNTHETIC_PROCESS	1.1751279148409204	0.22090729783037474	0.3802781139748922	11/30	DCK;TK1;DTYMK;UCK2;TYMS;NME6;NME3;AK5;TPK1;NME1;CTPS1	GLOM	GO_BP	no_proc_ieg	10098
GOBP_NEGATIVE_REGULATION_OF_MOLECULAR_FUNCTION	1.174445437480076	0.06	0.3812734300310932	118/464	PYCARD;WAPL;CD300A;CSTA;RPS6KA3;AURKA;MACROH2A1;CST7;APBA3;GZMA;LTF;TINF2;HEY2;GLA;MVP;ATP1A2;PTPRC;CAMK1;RBCK1;ADAR;LRRC14;TRIAP1;TRIM27;ARRB1;AURKB;LIMK1;SP100;CARD8;PDGFB;RTRAF;GPR35;DUSP22;SUMO3;CORO1C;ID3;CCR2;ITGA4;NCKAP1L;WARS1;STK39;CSNK1E;SERPINH1;HHEX;LILRB4;PAK2;BAG2;QARS1;IFIT2;TMBIM1;ATP2A3;GMIP;SERPING1;CD44;TIMP1;ECM1;BMP2;IFI6;TRIM21;CCDC22;GNAI2;CEACAM1;TNFRSF4;PTX3;CALM3;ITGB1BP1;ATP2A2;PTEN;CLIC2;IFI16;SPI1;FICD;CSTB;BAX;DACT1;TARBP2;ADORA3;GNAI3;ID1;NFKBIE;NR2F2;RASIP1;GTPBP4;EPHB2;KEAP1;TIMP2;DUSP7;SERPINF1;MAP2;GADD45A;PTPN22;CALM1;PLAUR;NOSIP;CBL;SYMPK;IL1B;CYLD;CST1;UCHL1;PPARG;UBXN1;APOC1;SMAD7;SERPINB8;TRIB3;ATP2B4;ADAM15;FLNA;HDAC4;VCPKMT;HYAL2;NFKB1;CST3;RNF34;ADRA2A;LRPAP1;ABCE1;GSK3B	GLOM	GO_BP	no_proc_ieg	10098
GOBP_REGULATION_OF_EXTRINSIC_APOPTOTIC_SIGNALING_PATHWAY	1.1743314231035158	0.1464354527938343	0.38112065113899163	20/116	PYCARD;BID;TNFSF10;PTPRC;RBCK1;HTRA2;SP100;LTB;SCG2;BRCA1;HTT;TLR4;TNFSF12;SNAI2;PAK2;SKIL;TMBIM1;IFI6;NRP1;ITM2C	GLOM	GO_BP	no_proc_ieg	10098
GOBP_NEGATIVE_REGULATION_OF_PRODUCTION_OF_MOLECULAR_MEDIATOR_OF_IMMUNE_RESPONSE	1.1740816305908692	0.22243713733075435	0.38125796839046433	14/36	TWIST1;FCGR2B;NOD2;HLA-F;LILRB4;SLAMF1;TBX21;CD96;TGFB1;SMAD7;TGFB2;BST2;IL33;CUEDC2	GLOM	GO_BP	no_proc_ieg	10098
GOBP_INTRACELLULAR_PROTEIN_TRANSPORT	1.1736133851669506	0.06826568265682657	0.3817933719133702	129/416	HCLS1;UBE2J1;PRR5L;CD36;CAMK1;LCP1;ECT2;RAB11A;SEC61B;BCAP29;ANP32B;RANBP6;SP100;TMED9;NUP93;SEC24D;NUP62;SCG5;ARL4C;LAPTM5;CDK5;KIF20B;PTTG1IP;SYK;ARF4;SCRIB;DESI1;NSG1;E2F3;AUP1;RAB23;RAB5B;FRAT2;AP3M2;NGFR;RAB31;RAB32;KPNA2;STX18;PPP3R1;NUP85;DERL1;ARF5;AP4E1;TECPR2;OAZ2;VCP;SEC16A;COPB1;PML;NUP188;RTN2;YWHAH;SNUPN;STXBP1;COPB2;AP2S1;IFI27;DNAJC15;TGFB1;CDK1;ERP29;OAZ1;RAMP2;ARHGAP44;VPS28;B3GAT3;ERGIC3;TUBA1A;IL1B;SNX1;VPS8;SEC23IP;RAMP1;VPS54;CD74;NUP107;CEP131;CSE1L;FLNA;SYTL2;SMURF1;SNF8;RAB8A;TIMM8B;VPS4A;HYAL2;RAB22A;GSK3B;BCAP31;RAB38;OS9;AP2A2;HIKESHI;CD81;VPS35;KPNA1;RAB8B;AP1G2;IL33;AP2M1;UFD1;CLTA;ACD;NXT1;NSF;AP1S2;VPS11;KPNB1;TMED10;AP2B1;STK4;DERL2;FAM53B;ATP6AP1;CLU;GAS6;FAM53C;TRIM28;SNX17;RAB7A;VPS45;ZPR1;TRAM1;NPLOC4;HSPA5;STX6;TMED1;NUP155	GLOM	GO_BP	no_proc_ieg	10098
GOBP_HEMATOPOIETIC_STEM_CELL_PROLIFERATION	1.1732867724656952	0.2263779527559055	0.38204176076431745	10/22	BABAM1;CEBPA;SNAI2;KITLG;CD34;PDCD2;SART3;MECOM;YTHDF2;BRCA2	GLOM	GO_BP	no_proc_ieg	10098
GOBP_STEM_CELL_DIFFERENTIATION	1.1727043604543173	0.134765625	0.3829207932647466	46/175	TWIST1;HTR2B;PTPRC;MEF2C;MAPK1;SEMA4C;GATAD2A;FN1;SOX18;CORO1C;SOX17;SEMA3F;HDAC1;SNAI2;TBX3;MSX1;TBX1;NRP1;EZH2;ELL3;KITLG;TBX2;PSMD11;NELFB;EXT1;TCF15;CDK6;ENG;PEF1;MEOX1;TGFBR2;SEMA3E;PTN;FZD1;LBH;PUS7;SEMA4F;A2M;YTHDF2;EFNB1;GREM1;FGF2;TGFB2;ALDH1A2;FRZB;GSK3B	GLOM	GO_BP	no_proc_ieg	10098
GOBP_REGULATION_OF_ESTABLISHMENT_OF_PROTEIN_LOCALIZATION	1.1722603241666805	0.08067542213883677	0.3834508432540301	92/368	HCLS1;ITGB2;UBE2J1;PRR5L;CCL5;ITGAM;CSK;TLR2;VEGFC;CD36;CAMK1;LCP1;RAC2;ECT2;HTRA2;ALOX5;NADK;UCP2;ANP32B;SOX4;SP100;BAG4;HLA-DRB1;CD38;FKBP1B;SH3GLB1;CDK5;KIF20B;RAP1GDS1;TMEM132A;SLC7A11;TLR4;TREM2;PTP4A3;RAB23;TRPM4;SNX3;FRAT2;CCT8;PRKCB;FRMD4A;STOM;OAZ2;CCT6A;DNAJC1;BLK;ITGB1BP1;CCT3;RHBDF1;CSNK2A2;TMEM97;DNM1L;SERP1;IFI27;CCT4;PDE8B;TGFB1;CDK1;PPID;ERP29;OAZ1;IL12A;ARHGAP44;VPS28;B3GAT3;ERGIC3;NR1H3;IL1B;P3H1;PPARG;CEP131;FLNA;P2RX7;TGFB2;RAB8A;HYAL2;UNC13B;SREBF1;GDI1;GNA11;ADRA2A;GSK3B;F2RL2;BCAP31;CHGA;NEO1;OS9;SSTR5;KCNN4;RSAD2;CD81;VPS35	GLOM	GO_BP	no_proc_ieg	10098
GOBP_POSITIVE_REGULATION_OF_DNA_METABOLIC_PROCESS	1.1722511576642718	0.14051094890510948	0.3830951832398698	59/200	BABAM1;TIGAR;TINF2;PTPRC;RAD51AP1;CD40;AURKB;MAPK1;PCNA;PDGFB;SMARCD2;DSCC1;BRCA1;SMARCE1;RAD51;CCT8;TBX21;FOXM1;GFER;CDT1;CCT6A;PML;SMARCC2;CCT3;PIAS4;MCRS1;GCH1;MRGBP;BAX;SMARCA5;NPAS2;CCT4;RFC5;TGFB1;CDK1;ERCC1;RUVBL1;SMARCD3;STN1;BAZ1A;PDGFRB;SMARCB1;GREM1;FGF2;TFPT;RFC4;DBF4;SKP2;RFC2;NEK2;CCNA2;SETMAR;HNRNPAB;ACD;ANXA3;E2F8;KMT5B;ACTR8;MLH1	GLOM	GO_BP	no_proc_ieg	10098
GOBP_NEGATIVE_REGULATION_OF_CELL_CYCLE_G2_M_PHASE_TRANSITION	1.172215137373421	0.20736434108527133	0.3828030349692042	7/50	MACROH2A1;BABAM1;DTL;AURKB;HUS1;BRCA1;CHFR	GLOM	GO_BP	no_proc_ieg	10098
GOBP_MESENCHYMAL_CELL_MIGRATION	1.1719360989560301	0.1852589641434263	0.38300054509391684	11/50	TWIST1;HTR2B;SEMA4C;FN1;CORO1C;SEMA3F;TBX1;NRP1;KITLG;ENG;SEMA3E	GLOM	GO_BP	no_proc_ieg	10098
GOBP_EPITHELIAL_CELL_PROLIFERATION	1.1717863051419384	0.08679245283018867	0.3829447156260522	66/315	HLX;MAP2K1;TWIST1;LIPA;CCL5;HTR2B;TINF2;VASH1;VEGFC;BID;FUT1;ALOX5;MEF2C;MAPK1;TRIM24;PDGFB;SCARB1;GATA3;EXTL3;ITGA4;SCG2;MDK;NOD2;KDR;TNFSF12;SNAI2;KDM5B;MMRN2;MYDGF;CAV2;NGFR;LAMC1;C5AR1;ACVRL1;ECM1;RUNX3;JCAD;TBX1;ST8SIA1;NRP1;NRAS;CCND1;CEACAM1;BTK;TBX2;ITGB1BP1;CD34;AGGF1;CDK6;GRN;APLNR;AGTR1;THAP1;BAX;GATA2;POLD4;WDR77;NR2F2;TGFB1;FAP;PTN;EFNB2;PGR;SERPINF1;CDKN2B;IL12A	GLOM	GO_BP	no_proc_ieg	10098
GOBP_MUSCLE_STRUCTURE_DEVELOPMENT	1.1716547756520472	0.052830188679245285	0.38280691716848175	123/463	DNMT1;CD53;HLX;TWIST1;DOCK2;HEY2;TAGLN;MYOZ2;CAMK1;HOPX;MEF2C;BDNF;MED28;MAPK12;COL3A1;HSD17B1;SEMA4C;SOX4;DTYMK;PDGFB;COL6A3;MAML1;HDAC9;SMARCD2;ID3;CXCL10;CDK5;GPC1;FLOT1;ADAM12;HDAC1;ALPK3;TNFSF14;MSC;CSRP2;SMARCE1;MYL6;ADAMTS5;MAPK11;ITGA7;TBX3;COL6A1;CAV2;BASP1;LAMC1;MSX1;PDLIM1;NOTCH4;BMP2;PLEKHO1;MEF2A;COL11A1;PDLIM4;LGALS1;TBX1;NRAS;EZH2;CDON;RGS4;ADGRB3;CENPF;HDAC5;WNT5B;COMP;SMARCC2;HEY1;TBX2;ATP2A2;TCF15;JAM2;ENG;SOSTDC1;RYR1;APLNR;MYBPH;FLII;SERP1;NR2F2;FKTN;CYP26B1;TGFB1;CDK1;LAMA2;EFNB2;CREB1;TMOD1;RAMP2;POU6F1;FZD1;NID1;CASP7;ADM;EFEMP2;PPARD;SMARCD3;VPS54;RHOA;EHD2;UCHL1;FLNB;SMAD7;MEOX2;ZNHIT1;PLEC;PDGFRB;SMARCB1;HDAC4;GREM1;TGFB2;MYH7;IGFBP5;FHL3;CXCL9;NEO1;SOD2;BMPR2;FLOT2;VAMP5;S1PR1;CD81;TRIM32;WNT4;HSPB2	GLOM	GO_BP	no_proc_ieg	10098
GOBP_COGNITION	1.1715479492137388	0.1053639846743295	0.3826370179781986	29/227	CX3CR1;MAN2B1;SYT11;LILRB2;TLR2;ATP1A2;PPT1;RAG1;MEF2C;ARL6IP5;CBR3;MAPK1;CYFIP1;DOP1B;SLC1A4;CTNS;ABCA7;ITPR3;PLK2;CDK5;MDK;HTT;SLC7A11;ARF4;HLA-DRA;TREM2;RIC8A;ADCY3;COMT	GLOM	GO_BP	no_proc_ieg	10098
GOBP_RECEPTOR_LOCALIZATION_TO_SYNAPSE	1.1712064518829546	0.1980392156862745	0.3829276996430792	7/45	TYROBP;NETO2;RAB11A;ADAM10;ZDHHC3;SCRIB;NSG1	GLOM	GO_BP	no_proc_ieg	10098
GOBP_REGULATION_OF_NEUROTRANSMITTER_UPTAKE	1.170960635999679	0.25239005736137665	0.3830498337107344	4/16	ATP1A2;GPM6B;FLOT1;SYNGR3	GLOM	GO_BP	no_proc_ieg	10098
GOBP_REGULATION_OF_OLIGODENDROCYTE_DIFFERENTIATION	1.1708886150154643	0.22817460317460317	0.3828177960233478	10/30	TNFRSF1B;TLR2;MDK;HDAC1;CXCR4;PTN;TNFRSF21;IL33;DAG1;HDAC2	GLOM	GO_BP	no_proc_ieg	10098
GOBP_RESPONSE_TO_INTERLEUKIN_4	1.1707453383296123	0.222007722007722	0.3827431202040785	16/28	GATA3;CORO1A;PTPN2;TUBA1B;PML;KEAP1;MCM2;CDK4;STAT5A;IL4R;IL2RG;LEF1;HSPA5;FASN;IMPDH2;XBP1	GLOM	GO_BP	no_proc_ieg	10098
GOBP_VIRAL_RNA_GENOME_REPLICATION	1.1705179587585144	0.250996015936255	0.38280924564357366	7/21	APOBEC3F;APOBEC3A;APOBEC3G;TOP2A;PCBP1;SMARCB1;MORC2	GLOM	GO_BP	no_proc_ieg	10098
GOBP_POSITIVE_REGULATION_OF_ACTIN_FILAMENT_POLYMERIZATION	1.1704291958509623	0.22132796780684105	0.38261565354223587	5/36	PYCARD;HCK;ARPC2;BAG4;NCKAP1L	GLOM	GO_BP	no_proc_ieg	10098
GOBP_ACTIN_POLYMERIZATION_OR_DEPOLYMERIZATION	1.1703429128924496	0.12770137524557956	0.38240957386655167	29/128	HCLS1;PYCARD;PSTPIP2;TMSB15A;HCK;WIPF1;ARPC2;TWF2;CYFIP1;CAPZB;BAG4;ENAH;NCKAP1L;CORO1A;CAPG;CYRIA;PSTPIP1;LIMA1;PLEK;TMSB10;COTL1;FLII;ARPC5;GRB2;TMOD1;MICAL2;ARPC4;CDC42EP1;GAS7	GLOM	GO_BP	no_proc_ieg	10098
GOBP_POSITIVE_REGULATION_OF_CELL_MATRIX_ADHESION	1.168422968342615	0.19047619047619047	0.38586007832576485	11/46	FUT1;CD36;MAP4K4;KDR;EMP2;NRP1;ITGB1BP1;S100A10;CDK6;GFUS;RRAS	GLOM	GO_BP	no_proc_ieg	10098
GOBP_POSITIVE_REGULATION_OF_CELLULAR_COMPONENT_BIOGENESIS	1.1683005576697039	0.08888888888888889	0.3857315004438296	95/354	PYCARD;MYD88;GBP2;HCK;BID;CD36;STIL;ISG15;LCP1;HOPX;RAC2;BDNF;ARPC2;LIMK1;MSN;TWF2;CYFIP1;MAP4K4;ACTR3;GPR65;BAG4;NUP62;SH3GLB1;PSRC1;NCKAP1L;SDCBP;WARS1;FLOT1;HTT;FSCN1;EMILIN1;SYK;TLR4;KDR;CAPG;GPSM2;PIP4K2A;ACVRL1;STX18;NRP1;DNM3;CDC34;PHLDB1;ADGRB3;VCP;BTK;WRAP73;ITGB1BP1;PLEK;CCL19;SRPX2;S100A10;THBS2;AMBRA1;CLEC7A;CDH5;BAX;RALA;RASIP1;TGFB1;GRB2;MMP1;ERCC1;EPHB2;PTPN22;CDC42EP1;ASAP1;RHOC;ABCA1;ABCA3;RHOA;CNOT6;MAP1B;DCTN1;FLNA;FCHSD2;P2RX7;DPYSL3;SNF8;MORC2;VPS4A;UNC13B;CD47;GSK3B;AMIGO2;CHGA;G3BP1;PFN1;RALB;TRIM32;CROCC;WNT4;CEP135;PPP2R5B;DAG1	GLOM	GO_BP	no_proc_ieg	10098
GOBP_MITOTIC_G2_DNA_DAMAGE_CHECKPOINT_SIGNALING	1.1682256102700646	0.2439516129032258	0.3855102032519444	7/26	BABAM1;DTL;BRCA1;CHEK1;FZR1;CDK1;TAOK3	GLOM	GO_BP	no_proc_ieg	10098
GOBP_REGULATION_OF_ACTIN_FILAMENT_LENGTH	1.1680756876793097	0.16634050880626222	0.38543665184731785	22/100	HCLS1;PYCARD;TMSB15A;HCK;ARPC2;TWF2;CYFIP1;CAPZB;BAG4;NCKAP1L;CORO1A;CAPG;CYRIA;LIMA1;PLEK;TMSB10;COTL1;FLII;ARPC5;GRB2;TMOD1;CDC42EP1	GLOM	GO_BP	no_proc_ieg	10098
GOBP_REGULATION_OF_CELL_FATE_SPECIFICATION	1.1677647253506196	0.2665330661322645	0.38566613517205584	10/17	GATAD2A;SOX17;HDAC1;LMO4;FGF2;AR;CHD3;MBD3;HDAC2;MTA2	GLOM	GO_BP	no_proc_ieg	10098
GOBP_REGULATION_OF_ATTACHMENT_OF_SPINDLE_MICROTUBULES_TO_KINETOCHORE	1.1676209459577787	0.2688588007736944	0.3856032304106654	9/17	ECT2;AURKB;CCNB1;CDK1;BIRC5;NEK2;RACGAP1;KNTC1;ZWILCH	GLOM	GO_BP	no_proc_ieg	10098
GOBP_POSITIVE_REGULATION_OF_NUCLEAR_DIVISION	1.1675942936019774	0.2155688622754491	0.385295612943448	12/46	AURKA;RAD51AP1;NUSAP1;PDGFB;NUP62;DLGAP5;MSX1;CDC20;NPR2;UBE2C;IL1B;PDGFRB	GLOM	GO_BP	no_proc_ieg	10098
GOBP_POSITIVE_REGULATION_OF_ESTABLISHMENT_OF_PROTEIN_LOCALIZATION	1.167489589994737	0.11005692599620494	0.3851342786066266	59/233	HCLS1;ITGB2;PRR5L;ITGAM;TLR2;VEGFC;CAMK1;RAC2;ECT2;HTRA2;NADK;ANP32B;SOX4;HLA-DRB1;CD38;SH3GLB1;CDK5;KIF20B;TMEM132A;TLR4;TREM2;PTP4A3;TRPM4;CCT8;PRKCB;FRMD4A;STOM;OAZ2;CCT6A;BLK;ITGB1BP1;CCT3;CSNK2A2;TMEM97;DNM1L;SERP1;CCT4;TGFB1;CDK1;PPID;OAZ1;VPS28;B3GAT3;ERGIC3;IL1B;PPARG;CEP131;FLNA;P2RX7;TGFB2;HYAL2;UNC13B;GNA11;GSK3B;F2RL2;BCAP31;KCNN4;CD81;VPS35	GLOM	GO_BP	no_proc_ieg	10098
GOBP_REGULATION_OF_PROTEIN_CATABOLIC_PROCESS	1.1672843887354918	0.11731843575418995	0.3851836191828676	83/225	TNFRSF1B;AURKA;GNA12;DTL;MSN;SOX17;PLK2;TMEM132A;CHFR;CSNK1E;CEBPA;TNFSF12;DESI1;PSMD2;TREM2;CUL4B;PBK;BAG2;SNX3;TIMP1;CBFA2T3;PSMC4;OAZ2;VCP;CDC20;DDRGK1;USP14;FZR1;LPCAT1;PSME1;RHBDF1;CSNK2A2;DACT1;LAPTM4B;TSPAN5;KEAP1;TIMP2;OAZ1;PSMF1;VPS28;GABARAP;IL1B;PSME3;UBQLN2;UBXN1;RBX1;SMAD7;TRIB3;FLNA;SNF8;CST3;ADRA2A;GSK3B;SF3B3;BCAP31;CD81;VPS35;TRIM32;DDA1;IL33;CSNK1D;USP7;HAMP;DNAJB2;NSF;VPS11;TRIB2;PSMD1;NRDC;MARCHF2;WFS1;SNCA;USP13;RNFT1;CLU;SGTA;FURIN;RAB7A;VGLL4;CAV1;BBS7;TSPAN15;RELA	GLOM	GO_BP	no_proc_ieg	10098
GOBP_NAD_METABOLIC_PROCESS	1.1666535706535126	0.23870967741935484	0.38607565654287085	10/41	ENO2;MACROH2A1;IDO1;NADK;HK3;CD38;ENO3;NNMT;VCP;GPD2	GLOM	GO_BP	no_proc_ieg	10098
GOBP_SYMBIONT_ENTRY_INTO_HOST	1.165847351585251	0.14814814814814814	0.3873254853522593	52/122	TNFRSF14;IFITM2;TRIM5;HLA-DRB1;IFITM1;SCARB1;FCN1;CD86;SNX3;CAV2;SLAMF1;TRIM21;SELPLG;SIGLEC1;LGALS1;NRP1;TNFRSF4;CD4;PTX3;ITGA5;FCN3;CXCR4;AGTR1;CH25H;SIVA1;CCR5;F11R;CDK1;SLC52A2;EFNB2;ITGB6;CBL;TRIM25;CD74;TRIM22;HYAL2;LY6E;CD81;NCAM1;CD80;CLEC5A;DAG1;P4HB;DYNLT1;ICAM1;GAS6;FURIN;ITGA2;EFNB3;CAV1;PLSCR1;CD55	GLOM	GO_BP	no_proc_ieg	10098
GOBP_NEGATIVE_REGULATION_OF_STRIATED_MUSCLE_CELL_DIFFERENTIATION	1.165492438183906	0.23921568627450981	0.3876904317361046	7/24	BDNF;HDAC1;MSX1;BMP2;EZH2;RGS4;HDAC5	GLOM	GO_BP	no_proc_ieg	10098
GOBP_ACTIN_FILAMENT_ORGANIZATION	1.164753207760246	0.09351145038167939	0.3888516791814869	72/292	HCLS1;PYCARD;RHOG;ARPC1B;PSTPIP2;TMSB15A;HCK;WIPF1;LCP1;RAC2;ARPC2;TRIM27;ARRB1;LIMK1;TWF2;CYFIP1;ACTR3;CAPZB;GPR65;BAG4;CORO1C;ENAH;ARHGAP25;NCKAP1L;CAP1;GMFG;FSCN1;CORO1A;MYO1F;PAK2;CAPG;PDLIM1;CYRIA;EMP2;PSTPIP1;MARCKS;MARCKSL1;ARHGAP17;NRP1;LIMD2;RGS4;TPM4;IQGAP1;LIMA1;ITGB1BP1;PLEK;S100A10;KPTN;TMSB10;COTL1;FLII;F11R;ARPC5;KCTD13;GAS2;GRB2;INPPL1;TMOD1;MICAL2;ARPC4;CDC42EP1;GAS7;RHOC;ELMO1;FSCN2;RHOA;TAGLN2;CORO1B;PLEC;FLNA;FCHSD2;DPYSL3	GLOM	GO_BP	no_proc_ieg	10098
GOBP_SYNAPTIC_VESICLE_RECYCLING	1.1645733011142843	0.1950286806883365	0.3888708232223431	18/57	GIT2;SYT11;CYFIP1;CDK5;SCRIB;AP3M2;DNM3;DNM1;NLGN4X;PIP5K1C;AP2S1;VAMP4;AMPH;AP2M1;PLAA;TOR1A;AP2B1;SNCA	GLOM	GO_BP	no_proc_ieg	10098
GOBP_REGULATION_OF_TELOMERE_MAINTENANCE	1.1643978362043297	0.21032504780114722	0.38887302827099185	27/66	TINF2;AURKB;MAPK1;CCT8;EXOSC10;CCT6A;PML;CCT3;MCRS1;GCH1;CCT4;ERCC1;NAT10;RUVBL1;STN1;TFPT;NEK2;USP7;ACD;ACTR8;UPF1;PARP1;SMG1;RUVBL2;CCT7;GNL3L;ACTR5	GLOM	GO_BP	no_proc_ieg	10098
GOBP_GOLGI_VESICLE_TRANSPORT	1.1639057753926445	0.13203883495145632	0.38951797892777795	65/201	CSK;RAB11A;ERGIC2;BCAP29;DOP1B;TMED9;SEC24D;LAPTM5;CNIH4;BET1L;RER1;HTT;ARF4;KDELR3;GOLT1B;SNX3;RAB31;STX18;ARF5;CCDC22;VCP;SEC16A;COPB1;SCAMP3;USE1;PEF1;PLPP3;COPB2;RUFY1;KDELR2;EHD3;KIF1C;CYTH3;ASAP1;ERGIC3;RABIF;ANK1;SNX1;SEC23IP;VPS54;SPAST;TRAPPC4;LMAN2;EXOC1;YIF1A;BICD2;YIPF5;RAB8A;BET1;KDELR1;BCAP31;MYO5A;TRAPPC2;SCAP;SGSM2;VAMP5;AP1G2;CSNK1D;YKT6;VAPB;EXOC5;NSF;PITPNB;TMED10;P4HB	GLOM	GO_BP	no_proc_ieg	10098
GOBP_REGULATION_OF_NEUROBLAST_PROLIFERATION	1.1632354634634754	0.2231404958677686	0.39053181061411296	11/37	CX3CR1;VEGFC;LHX5;VCAN;CDON;GATA2;TGFB1;PTN;ASPM;SMARCD3;FGF2	GLOM	GO_BP	no_proc_ieg	10098
GOBP_POSITIVE_REGULATION_OF_PROTEIN_LOCALIZATION	1.1627907809921214	0.11886792452830189	0.39108021956647054	60/338	HCLS1;TYROBP;RHOG;ITGB2;PRR5L;SYT11;ITGAM;TLR2;VEGFC;CD247;CAMK1;RAC2;ECT2;HTRA2;MSN;NADK;ANP32B;SOX4;HLA-DRB1;GNAI1;CD38;NUP62;SH3GLB1;ABCA7;CDK5;KIF20B;RER1;TMEM132A;FNTA;TLR4;PECAM1;TREM2;PTP4A3;EPB41L2;TRPM4;GPSM2;NGFR;CCT8;PRKCB;FRMD4A;STOM;LRP4;OAZ2;FARP1;CCT6A;DDRGK1;BLK;AGR2;ITGB1BP1;CCT3;MCRS1;CSNK2A2;TMEM97;PRKCH;DNM1L;SERP1;CCT4;TGFB1;CDK1;PPID	GLOM	GO_BP	no_proc_ieg	10098
GOBP_CELLULAR_RESPONSE_TO_ACID_CHEMICAL	1.1623712904782715	0.1991869918699187	0.39155918495462855	10/63	DNMT1;SIPA1;COL3A1;LAMTOR2;COL1A2;COL4A1;CYBB;COL5A2;COL6A1;MMP2	GLOM	GO_BP	no_proc_ieg	10098
GOBP_POSITIVE_REGULATION_OF_EXOCYTOSIS	1.1620590363480816	0.19193857965451055	0.3918027764835933	12/58	ITGB2;FGR;ITGAM;CDK5;SDCBP;SYK;HLA-F;PTAFR;S100A10;STXBP1;GATA2;HYAL3	GLOM	GO_BP	no_proc_ieg	10098
GOBP_GLAND_MORPHOGENESIS	1.1617637797391842	0.1956521739130435	0.39204170706040714	25/95	LIPA;CRIP1;CSF1R;MSN;TGM2;NR3C1;MDK;SCRIB;SNAI2;KDM5B;PLAG1;TBX3;MMP2;NRP1;CEACAM1;PML;TBX2;SOSTDC1;BTBD7;TNC;BAX;TGFBR2;TGFB1;PTN;PGR	GLOM	GO_BP	no_proc_ieg	10098
GOBP_MODIFICATION_DEPENDENT_MACROMOLECULE_CATABOLIC_PROCESS	1.160652466437821	0.09636363636363636	0.3939194372421352	108/373	UBE2I;AURKA;RNF130;ISG15;GNA12;RBCK1;DTL;RNF125;ARRB1;RMND5A;PSMB9;LAPTM5;FBXO11;CHFR;CSNK1E;CEBPA;DESI1;PSMD2;CUL4B;DMAC2;PBK;BAG2;UBE2L6;PSMB8;PSMD13;TBX21;CBFA2T3;HECTD3;DERL1;CDC34;NTAN1;CCDC22;PSMC4;VCP;PSMB10;CDC20;DDRGK1;RC3H2;UCHL3;TGFB1I1;USP14;PML;PSMD11;PSMA7;TRIM9;PTEN;FZR1;AMBRA1;RNF7;CSNK2A2;WDR77;IFI27;KCTD13;UBD;KEAP1;UBL4A;RNF111;SMURF2;UBE2C;PSMF1;VPS28;TRIM3;PSMB2;KIF14;CBL;TRIM25;GABARAP;PSMB6;MAEA;TBL1XR1;UBQLN2;PSMD7;UCHL1;UBXN1;RBX1;SMAD7;PSMB5;CDC27;PSMA6;TRIB3;SMURF1;SNF8;VPS4A;ADRM1;RNF34;UBE2A;CHMP1A;GSK3B;BCAP31;SKP2;OS9;PSMD8;TRIM45;PSMB4;TRIM32;DDA1;IL33;UFD1;CSNK1D;USP7;DNAJB2;PLAA;UBE2D2;TRIB2;PSMD1;UBE3C;FBXL15;PSMB1	GLOM	GO_BP	no_proc_ieg	10098
GOBP_POSITIVE_REGULATION_OF_EXTRACELLULAR_MATRIX_ORGANIZATION	1.1602732227802157	0.2407766990291262	0.3942901310058408	8/22	FSCN1;EMILIN1;BMP2;PHLDB1;COLGALT1;TGFB1;PDPN;EFEMP2	GLOM	GO_BP	no_proc_ieg	10098
GOBP_POSITIVE_REGULATION_OF_MACROPHAGE_ACTIVATION	1.1600654551748901	0.2737864077669903	0.3943490255588128	5/19	TNIP2;TLR4;CEBPA;TREM2;PLA2G4A	GLOM	GO_BP	no_proc_ieg	10098
GOBP_CARBOHYDRATE_DERIVATIVE_BIOSYNTHETIC_PROCESS	1.159961453251159	0.06578947368421052	0.39419327714766267	112/427	UBE2J1;LIPA;GALNT1;SLC35C1;POGLUT2;FUT1;PYGL;PPT1;DSE;GUK1;C1GALT1C1;FUT4;ADCY7;CHPF2;CHST15;DCK;SOAT1;TK1;DTYMK;PDGFB;PRPSAP1;CHST11;ABCA7;UCK2;ADSL;ST8SIA4;EXTL3;PANK2;HPRT1;CSGALNACT1;DDOST;SRD5A3;TREM2;HSD17B12;ADCY3;DPY19L1;GUCY1A1;ELOVL1;ELOVL5;HACD1;ADA2;B4GALT7;ADA;GUCY1B1;ST8SIA1;ITM2C;DOLK;NDUFA8;ALG8;ATP5MF;B4GALT5;NANS;VCP;AK1;NT5E;UGGT1;TNIP1;TKT;GAL3ST4;HS3ST2;TYMS;EXT1;CCL19;MGAT2;MOGS;GFUS;CHST3;NME6;MAN1B1;ST6GALNAC4;TRAK1;NME3;ST3GAL2;PLOD1;NDST2;GALNT2;SERP1;FKTN;PID1;TGFB1;AK5;RPN2;DPM2;NPR2;APRT;PLOD3;PFAS;GMPPB;EXTL2;B3GAT3;GALNT6;IL1B;RAMP1;MGAT4B;GALNT7;AMDHD2;DPM3;NME1;CTPS1;GALNT10;GFPT1;CANT1;IMPDH1;PPT2;PLOD2;NFKB1;DAD1;ALG5;SLC35D2;RRM1;DPAGT1;ALG9	GLOM	GO_BP	no_proc_ieg	10098
GOBP_MITOTIC_SPINDLE_ASSEMBLY	1.1597228582021248	0.23155737704918034	0.39430338242543544	17/49	PRC1;RAB11A;AURKB;KIF4A;TPX2;CDC20;WRAP73;KIF11;EML3;KIF2A;RHOA;BIRC5;FLNA;CHMP1A;NEK2;RACGAP1;KPNB1	GLOM	GO_BP	no_proc_ieg	10098
GOBP_APOPTOTIC_SIGNALING_PATHWAY	1.159384197526926	0.09467455621301775	0.3946399460149714	120/434	CX3CR1;PYCARD;DYRK2;CTSS;TNFRSF1B;CRIP1;BID;TNFSF10;PTPRC;DELE1;BCL2A1;RBCK1;DAP3;HTRA2;ARL6IP5;BDNF;TRIAP1;SEPTIN4;ANXA6;FCGR2B;SP100;ZDHHC3;CD38;LTB;MLLT11;MELK;SLFN12;SCG2;BRCA1;HTT;HDAC1;PTTG1IP;TLR4;TNFSF12;TREM2;SNAI2;PTPN2;PAK2;SKIL;QARS1;TMBIM1;AEN;ATP2A3;NGFR;MSX1;MMP2;CD44;CASP8;IFI6;PPP1R13B;NRP1;ITM2C;ELL3;CASP4;KITLG;GNAI2;LCK;BTK;PML;TNFRSF10C;PIAS4;TRADD;IFI16;SPI1;IKBKE;IL7;BAX;SIVA1;CSNK2A2;DNM1L;IFI27;TGFB1;ERP29;STK25;FXN;PCGF2;FAS;FZD1;IL12A;CASP2;PLAUR;DNAJC10;GABARAP;IL1B;PSME3;DDX47;CYLD;PPARD;FADD;RRP8;CD74;HMGB2;PHLDA3;SLC25A4;SGPL1;TRIB3;P2RX7;LTBR;TGFB2;HYAL2;TICAM1;PLEKHF1;TLR3;TFPT;RNF34;FGFR3;AR;SPN;GSK3B;BCAP31;HIC1;ERO1A;SOD2;BRCA2;SRPX;TRIM32;WNT4;IL33;CD27;TNFRSF25	GLOM	GO_BP	no_proc_ieg	10098
GOBP_AUTOPHAGOSOME_ORGANIZATION	1.1592119749689809	0.19157088122605365	0.3945970671529636	22/76	ZFYVE26;ATG4A;SH3GLB1;RAB23;FEZ1;PIP4K2A;TRAF6;ATP2A2;AMBRA1;ATG9A;EPHB2;ATG3;GABARAP;UBQLN2;EFNB1;SMURF1;RAB33A;RALB;TRIM32;IFT20;TBC1D12;WDR45	GLOM	GO_BP	no_proc_ieg	10098
GOBP_NEGATIVE_REGULATION_OF_INTERLEUKIN_12_PRODUCTION	1.158979158648616	0.2793522267206478	0.3946595694498666	4/16	TLR8;LILRA5;NOD2;SLAMF1	GLOM	GO_BP	no_proc_ieg	10098
GOBP_DOUBLE_STRAND_BREAK_REPAIR	1.1588481468092886	0.13909774436090225	0.3945636303288088	65/191	TWIST1;ZFYVE26;BABAM1;RAD51AP1;GINS2;HUS1;PARPBP;DCLRE1C;SMARCD2;MCM5;BRCA1;RPA2;SMARCE1;RAD51;FOXM1;VCP;CHEK1;IFFO1;PML;SMARCC2;PIAS4;MRGBP;CSNK2A2;ZBTB7A;RPA1;XRCC3;ERCC1;PRPF19;CYREN;RUVBL1;SAMHD1;SMARCD3;HMGB2;RAD54L;MUS81;SMARCB1;SKP2;MCM2;BRCA2;SMARCAL1;GINS4;SETMAR;KMT5B;NHEJ1;ACTR8;MLH1;TFIP11;POLB;PPP4C;TONSL;LIG3;ABL1;AP5S1;EP400;ACTB;PARP1;RUVBL2;MCM4;PSMD14;RAD51C;ZNF365;WAS;UIMC1;RECQL4;ACTR5	GLOM	GO_BP	no_proc_ieg	10098
GOBP_NEGATIVE_REGULATION_OF_GENE_EXPRESSION_EPIGENETIC	1.1566484834284059	0.1696969696969697	0.39876049632144017	30/101	DNMT1;MACROH2A1;TRIM27;MACROH2A2;SUV39H2;HDAC9;POLE3;BRCA1;HDAC1;CTCF;EZH2;HDAC5;CHEK1;IFI16;H2AZ1;SMARCA5;KDM5A;RRP8;BAZ1A;EED;KMT2D;LMNB1;HDAC4;MORC2;H1-0;USP7;DNMT3A;PCGF3;PHF2;MBD3	GLOM	GO_BP	no_proc_ieg	10098
GOBP_NEGATIVE_REGULATION_OF_BIOMINERAL_TISSUE_DEVELOPMENT	1.1543717507290232	0.279296875	0.40312939453263885	6/20	HEY2;CCR1;TRPM4;ECM1;HEY1;TGFB1	GLOM	GO_BP	no_proc_ieg	10098
GOBP_ESTABLISHMENT_OR_MAINTENANCE_OF_CELL_POLARITY	1.1537866504215815	0.17408123791102514	0.40400843733982655	45/159	RHOG;DOCK2;CCL4;SIPA1;MSN;ACTR3;FAM89B;GATA3;CLIC4;NCKAP1L;KIF20B;PARVB;CAP1;HTT;FSCN1;ARF4;SCRIB;NDC80;GPSM2;PDLIM1;FEZ1;FRMD4A;RAP2A;CCL19;TCF15;CDH5;CRTAM;CYP26B1;STK25;CYTH3;DLG4;KIF26B;ANK1;KIF2C;FSCN2;RHOA;MAP1B;CENPA;DCTN1;NDE1;SPN;GSK3B;SPDL1;FLOT2;RHOBTB1	GLOM	GO_BP	no_proc_ieg	10098
GOBP_HINDBRAIN_MORPHOGENESIS	1.1524807928935517	0.22560975609756098	0.40641753236462164	4/32	MAP2K1;LHX5;CDK5;COMT	GLOM	GO_BP	no_proc_ieg	10098
GOBP_GLYCOLYTIC_PROCESS_THROUGH_FRUCTOSE_6_PHOSPHATE	1.1518265776357657	0.26156941649899396	0.40742562362569357	3/20	ENO2;HK3;ENO3	GLOM	GO_BP	no_proc_ieg	10098
GOBP_COMPLEMENT_ACTIVATION_CLASSICAL_PATHWAY	1.1508658760954227	0.27091633466135456	0.40911754132247924	6/27	C1QA;C1QB;IGHM;TREM2;SERPING1;C3	GLOM	GO_BP	no_proc_ieg	10098
GOBP_NEGATIVE_REGULATION_OF_SIGNAL_TRANSDUCTION_BY_P53_CLASS_MEDIATOR	1.1501907667494735	0.27360308285163776	0.41023198136761163	6/23	TWIST1;TRIAP1;PTTG1IP;SNAI2;CD44;ELL3	GLOM	GO_BP	no_proc_ieg	10098
GOBP_RESPONSE_TO_X_RAY	1.1494911297435164	0.25102880658436216	0.41126371122722494	7/19	THBD;GATA3;ERCC1;CCND2;BRCA2;CASP3;KARS1	GLOM	GO_BP	no_proc_ieg	10098
GOBP_NEGATIVE_REGULATION_OF_CALCIUM_ION_TRANSMEMBRANE_TRANSPORTER_ACTIVITY	1.1494354367221806	0.25889328063241107	0.41100341033623483	7/17	ATP1A2;GPR35;CALM3;CLIC2;CALM1;ADRA2A;GSTO1	GLOM	GO_BP	no_proc_ieg	10098
GOBP_RESPONSE_TO_TRANSFORMING_GROWTH_FACTOR_BETA	1.1493015677389022	0.1422924901185771	0.41092418529307667	50/189	CX3CR1;SAP30L;DKK3;ACTA2;MEF2C;COL3A1;COL1A2;FAM89B;DUSP22;CHST11;NR3C1;SDCBP;LPXN;FNTA;HDAC1;PAK2;CILP;SKIL;CAV2;LRRC32;ADISSP;ACVRL1;BMP2;RUNX3;LTBP1;PMEPA1;COL1A1;TGFB1I1;BAMBI;POSTN;PML;LDLRAD4;ENG;CDH5;ZBTB7A;ID1;TGFBR2;TGFB1;FBN1;RNF111;SMURF2;CDKN2B;ITGB6;CLEC3B;PPARG;SMAD7;MXRA5;SMURF1;TGFB2;HYAL2	GLOM	GO_BP	no_proc_ieg	10098
GOBP_REGULATION_OF_MIRNA_TRANSCRIPTION	1.1488194589702647	0.256	0.4115729998765181	17/55	TWIST1;ETS1;PDGFB;GATA3;NR3C1;LILRB4;NGFR;BMP2;SPI1;GATA2;TGFB1;PPARD;PPARG;FGF2;TGFB2;SREBF1;AR	GLOM	GO_BP	no_proc_ieg	10098
GOBP_ENDOSOME_TRANSPORT_VIA_MULTIVESICULAR_BODY_SORTING_PATHWAY	1.147426939439148	0.26476190476190475	0.4141571225401481	11/23	TMEM50A;VCP;LEPROTL1;LAPTM4B;VPS28;SNF8;VPS4A;CHMP1A;CHMP2A;STAM;UBXN6	GLOM	GO_BP	no_proc_ieg	10098
GOBP_EMBRYONIC_FORELIMB_MORPHOGENESIS	1.1469169884325465	0.27058823529411763	0.41492524649461043	6/23	TWIST1;TBX3;MSX1;HOXA11;ALDH1A2;ALX4	GLOM	GO_BP	no_proc_ieg	10098
GOBP_REGULATION_OF_PROTEIN_TARGETING	1.146509551737934	0.24273858921161826	0.4154287451473518	7/52	ITGB2;ITGAM;RAC2;HTRA2;BAG4;SH3GLB1;CDK5	GLOM	GO_BP	no_proc_ieg	10098
GOBP_NEGATIVE_REGULATION_OF_LYMPHOCYTE_APOPTOTIC_PROCESS	1.1460844884609827	0.26587301587301587	0.4159292612739249	6/25	CCL5;IDO1;RAG1;AURKB;EFNA1;ADA	GLOM	GO_BP	no_proc_ieg	10098
GOBP_ASSOCIATIVE_LEARNING	1.1459579793193406	0.22745098039215686	0.4158172027953165	10/66	ATP1A2;PPT1;RAG1;CTNS;ABCA7;CDK5;SLC7A11;RIC8A;ADCY3;COMT	GLOM	GO_BP	no_proc_ieg	10098
GOBP_MRNA_CIS_SPLICING_VIA_SPLICEOSOME	1.1456254850060203	0.2842741935483871	0.41616059214863715	6/19	DCPS;NCBP2;EXOSC10;SNRNP200;UPF1;DDX23	GLOM	GO_BP	no_proc_ieg	10098
GOBP_EMBRYONIC_DIGIT_MORPHOGENESIS	1.14522275188996	0.2721774193548387	0.4166232023394048	9/39	TWIST1;GNA12;CHST11;HDAC1;TBX3;MSX1;LRP4;TBX2;BAX	GLOM	GO_BP	no_proc_ieg	10098
GOBP_TRACHEA_DEVELOPMENT	1.1443465265223667	0.2618556701030928	0.41803266465181965	2/15	MAP2K1;MAPK1	GLOM	GO_BP	no_proc_ieg	10098
GOBP_REGULATION_OF_PROTEIN_STABILITY	1.1440563597983224	0.1425925925925926	0.41825242171013216	75/228	TYROBP;PYCARD;RASSF2;AURKA;TNIP2;MAPK1;ATP1B3;SOX4;TRIM24;BAG4;NCLN;SH3GLB1;IFI30;SOX17;EFNA1;FLOT1;HTT;CHFR;NDC80;DDOST;TESC;BAG2;TBX3;CCT8;CMTM6;MSX1;MFSD1;BMP2;USP4;TRIM21;DERL1;B4GALT5;CCT6A;DDRGK1;SEC16A;CRTAP;CCT3;SERF2;PTEN;GRN;STXBP1;PPIB;PLPP3;DACT1;CCT4;GTPBP4;DPM2;CREB1;UBL4A;DSG1;RUVBL1;P3H1;DPM3;SMAD7;TTI1;MTMR9;FLNA;SREBF1;DAD1;DVL3;PFN1;FLOT2;CD81;VPS35;TRIM44;TREX1;USP7;VPS11;STK4;WFS1;SNCA;USP13;CDC73;CLU;CASP3	GLOM	GO_BP	no_proc_ieg	10098
GOBP_SNARE_COMPLEX_ASSEMBLY	1.1439044531788902	0.29306930693069305	0.41820923503327795	7/16	STXBP1;VAMP4;VPS8;VAMP1;VPS11;ANKRD27;SNCA	GLOM	GO_BP	no_proc_ieg	10098
GOBP_PHOSPHATIDYLGLYCEROL_METABOLIC_PROCESS	1.1426602962412655	0.27474747474747474	0.4204400785115985	5/18	PGS1;PLA2G4A;LPCAT1;PLA2G15;ABCA3	GLOM	GO_BP	no_proc_ieg	10098
GOBP_INTERLEUKIN_17_PRODUCTION	1.141945271590107	0.2795918367346939	0.4216165586465115	6/35	MYD88;IL27RA;NCKAP1L;NOD2;TLR4;CARD9	GLOM	GO_BP	no_proc_ieg	10098
GOBP_POSITIVE_REGULATION_OF_PHOSPHATIDYLINOSITOL_3_KINASE_PROTEIN_KINASE_B_SIGNAL_TRANSDUCTION	1.1415185532716012	0.17738791423001948	0.4221215636638266	16/139	CX3CR1;HCLS1;FGR;PRR5L;CCL5;PTPN6;HPSE;CSF1R;BAG4;PDGFB;FN1;GATA3;EXTL3;KDR;TREM2;MYDGF	GLOM	GO_BP	no_proc_ieg	10098
GOBP_POSITIVE_REGULATION_OF_CELL_CYCLE	1.1403608489862977	0.1678832116788321	0.42415951327738916	66/222	AURKA;MACROH2A1;SMC4;STIL;RAD51AP1;NUSAP1;DTL;ECT2;RAB11A;AURKB;CCNB1;PDGFB;NUP62;PSRC1;KIF20B;NDC80;DLGAP5;CUL4B;ADAMTS1;PAF1;ANXA1;TBX3;GPSM2;MSX1;TRIM21;EZH2;PBX1;CDC20;CCND1;NCAPG;CHEK1;DDRGK1;TBX2;USP22;CDC25B;TGFB1;CDK1;XRCC3;NPR2;APP;CCNE1;UBE2C;SMC2;KIF14;IL1B;NCAPH;SMARCD3;CCND2;SPAST;RHOA;BIRC5;PDGFRB;TGFB2;RRM1;DBF4;BRCA2;SSTR5;CCND3;TRIM32;WNT4;CDK4;RACGAP1;NCAPH2;CCNE2;E2F8;CDC6	GLOM	GO_BP	no_proc_ieg	10098
GOBP_REGULATION_OF_PROTEIN_TRANSPORT	1.1401354736954046	0.1434108527131783	0.4242524829610502	77/301	HCLS1;UBE2J1;PRR5L;CCL5;CSK;TLR2;VEGFC;CD36;CAMK1;LCP1;ECT2;ALOX5;NADK;UCP2;ANP32B;SOX4;SP100;HLA-DRB1;CD38;FKBP1B;CDK5;KIF20B;RAP1GDS1;TMEM132A;SLC7A11;TLR4;TREM2;RAB23;TRPM4;SNX3;FRAT2;PRKCB;FRMD4A;OAZ2;DNAJC1;BLK;RHBDF1;TMEM97;DNM1L;SERP1;IFI27;PDE8B;TGFB1;CDK1;PPID;ERP29;OAZ1;IL12A;ARHGAP44;VPS28;B3GAT3;ERGIC3;NR1H3;IL1B;P3H1;PPARG;CEP131;FLNA;P2RX7;TGFB2;RAB8A;HYAL2;UNC13B;SREBF1;GNA11;ADRA2A;GSK3B;F2RL2;BCAP31;CHGA;NEO1;OS9;SSTR5;KCNN4;RSAD2;CD81;VPS35	GLOM	GO_BP	no_proc_ieg	10098
GOBP_REGULATION_OF_BIOMINERAL_TISSUE_DEVELOPMENT	1.1401100886248305	0.218436873747495	0.4239185747115562	14/71	TWIST1;LTF;HEY2;ISG15;GPM6B;ALOX5;MEF2C;CCR1;ADRB2;TRPM4;ECM1;BMP2;COMP;HEY1	GLOM	GO_BP	no_proc_ieg	10098
GOBP_SKELETAL_SYSTEM_DEVELOPMENT	1.1393784517600078	0.12551440329218108	0.4250834842979672	75/367	TYROBP;RASSF2;FGR;RPS6KA3;TWIST1;LIPA;LTF;PTPRC;TGFBI;GDF11;MEF2C;COL3A1;HSD17B1;COL1A2;CHST11;CDH11;GATA3;TGM2;HOXB8;COL5A2;MDK;HOXB6;VCAN;COL13A1;THBS3;SERPINH1;KDR;CSGALNACT1;SNAI2;MAPK11;JAG2;RAB23;TBX3;COL6A1;MSX1;MMP2;CD44;TIMP1;ACVRL1;ECM1;BMP2;PCSK5;RUNX3;COL11A1;TBX1;PBX1;HOXB7;RPL13;HOXB2;WNT5B;DDRGK1;COMP;COL1A1;HOXB5;TYMS;EXT1;TCF15;ENG;HOXA3;RYR1;ATG9A;PPIB;SRD5A1;HEXB;SERP1;TGFBR2;CYP26B1;TGFB1;BGN;MATN3;FBN1;HYAL3;INPPL1;NPR2;PCGF2	GLOM	GO_BP	no_proc_ieg	10098
GOBP_PROTEIN_TARGETING_TO_MEMBRANE	1.1393237576138007	0.21739130434782608	0.4248133173479798	31/66	ITGB2;ITGAM;ZDHHC18;SEC61B;ZDHHC3;CDK5;SDCBP;STOM;RTP4;ITGB1BP1;ATG3;UBL4A;SSR3;SSR2;GDI1;NACAD;SRPRB;ICMT;HRAS;CEMIP;SGTA;TRAM1;ZDHHC7;HSPA5;SRPRA;NACA2;TRAM2;SEC61G;FIS1;TAOK2;NACA4P	GLOM	GO_BP	no_proc_ieg	10098
GOBP_REGULATION_OF_BONE_MINERALIZATION	1.1386351387160338	0.2398286937901499	0.4258202756650934	11/58	TWIST1;LTF;ISG15;GPM6B;ALOX5;MEF2C;CCR1;ADRB2;TRPM4;ECM1;BMP2	GLOM	GO_BP	no_proc_ieg	10098
GOBP_PARASYMPATHETIC_NERVOUS_SYSTEM_DEVELOPMENT	1.138407283195164	0.314	0.4258910691029074	4/16	SEMA3F;TBX1;NRP1;HOXB2	GLOM	GO_BP	no_proc_ieg	10098
GOBP_VASCULAR_ASSOCIATED_SMOOTH_MUSCLE_CELL_PROLIFERATION	1.1366882249389083	0.24404761904761904	0.4293983448163207	16/49	DNMT1;GNA12;MEF2C;PDGFB;ADAMTS1;MMP2;LDLRAP1;GNAI2;PTEN;EFEMP2;PPARG;FOXJ2;FGF2;IGFBP5;CALCRL;SOD2	GLOM	GO_BP	no_proc_ieg	10098
GOBP_TRANSLATION	1.1365168609196048	0.13203883495145632	0.42937280492590607	122/360	NIBAN1;RPS6KA3;CCL5;RPL39L;PRR16;YARS2;MRPL17;DAP3;MRPL9;CYFIP1;SOX4;EIF2B1;POLR2G;MRPL35;GZMB;SAMD4A;WARS1;CNOT3;EIF3I;EIF3D;QARS1;MARS1;PELO;RPS19;NCBP2;SRBD1;RPL28;PTAFR;ELP3;COPS5;HARS1;RPL13;DNAJC1;DDRGK1;EIF4G2;TNIP1;MRPL18;TYMS;LARS2;BZW2;RPS20;RBM4B;DNAJC3;MRPL16;MRPS16;TARBP2;MKNK1;YTHDF1;TRNAU1AP;SERP1;EIF4G3;MRPS11;RPL10;APP;NAT10;SHMT2;TRIM3;OGFOD1;PUS7;JMJD4;ELP1;CNOT6;EIF3G;YTHDF2;GADD45GIP1;RRBP1;RPL13A;IGFBP5;EIF2B4;ABCE1;ENC1;RPS6KB2;MCTS1;GSPT2;MRPL28;RPL36;GCN1;PURA;POLDIP3;IFRD2;PPP1CA;EIF2B5;MRPS18A;WFS1;NEURL1;MRPL11;SKIC2;UPF1;KARS1;EIF4E2;ITGA2;RWDD1;MRPL33;EIF4G1;MRPS14;PABPC4;EIF4EBP2;METTL18;VARS1;NGRN;RPS6KA1;AGO4;MRPL12;MRPS17;MRPL23;EIF2B3;CASC3;MRPL24;ANKZF1;SARS1;DHPS;ELP4;EIF4EBP1;TUFM;GARS1;MRPS7;MRPS30;RARS1;CD28;PLXNB2;EIF5A2;ILF3	GLOM	GO_BP	no_proc_ieg	10098
GOBP_AMYLOID_PRECURSOR_PROTEIN_CATABOLIC_PROCESS	1.1365113286881	0.25239005736137665	0.42899195652864397	9/42	PSENEN;ADAM10;ABCA7;EFNA1;CSNK1E;RTN1;PSEN2;RTN2;DHCR24	GLOM	GO_BP	no_proc_ieg	10098
GOBP_POSITIVE_REGULATION_OF_BINDING	1.1359320469007943	0.22085889570552147	0.4298463446672525	26/78	TWIST1;BDNF;GATA3;FLOT1;EIF3D;BMP2;TRIM21;CDT1;TRAF6;DDRGK1;BLK;BAMBI;EDF1;CLIC2;DACT1;PLAUR;NME1;TRIB3;GSK3B;H1-0;RALB;ACD;STK4;EIF4G1;MMP9;ABL1	GLOM	GO_BP	no_proc_ieg	10098
GOBP_MITOTIC_G1_S_TRANSITION_CHECKPOINT_SIGNALING	1.1344230643374265	0.26434426229508196	0.43283854563722973	6/20	TRIAP1;PLK2;RPA2;GTSE1;CCND1;PML	GLOM	GO_BP	no_proc_ieg	10098
GOBP_EMBRYONIC_SKELETAL_SYSTEM_MORPHOGENESIS	1.1342988198708048	0.2545454545454545	0.4327163584405258	21/68	TWIST1;CHST11;HOXB8;HOXB6;COL11A1;TBX1;HOXB7;HOXB2;HOXB5;HOXA3;TGFBR2;PCGF2;HOXA4;SLC39A1;HOXA11;TULP3;NDST1;ALX4;SIX1;MED12;HOXB9	GLOM	GO_BP	no_proc_ieg	10098
GOBP_NEURON_APOPTOTIC_PROCESS	1.1342752424624507	0.1784313725490196	0.4323851674905083	48/210	CX3CR1;IL27RA;BID;PPT1;HTRA2;MEF2C;BDNF;UCP2;FCGR2B;COL6A3;GATA3;CDK5;NR3C1;MDK;CORO1A;COL6A2;KDR;TREM2;MAP3K11;COL6A1;NGFR;SIGMAR1;MMP2;CASP8;THAP11;NRP1;CDC34;CASP4;CCND1;GRN;AMBRA1;STXBP1;GCH1;BAX;SEMA3E;TGFB1;NPR2;APP;FAS;FZD1;CASP7;CASP2;KIF14;CLN8;TUBA1A;FADD;VPS54;RHOA	GLOM	GO_BP	no_proc_ieg	10098
GOBP_REGULATION_OF_CELL_CYCLE_G1_S_PHASE_TRANSITION	1.1336347145840355	0.19477911646586346	0.4334092856114074	36/127	TCIM;BID;PTPN6;STIL;TRIAP1;BTN2A2;SMARCD2;PLK2;CDKN2C;RPA2;SMARCE1;CUL4B;ADAMTS1;PAF1;ANXA1;GTSE1;MN1;EZH2;CCND1;DDRGK1;METTL13;PML;SMARCC2;TBX2;PTEN;AMBRA1;PSME1;DACT1;CDKN2B;CCNE1;CASP2;KIF14;TMEM14B;PSME3;SMARCD3;CCND2	GLOM	GO_BP	no_proc_ieg	10098
GOBP_POSITIVE_REGULATION_OF_NEUROGENESIS	1.133576005246544	0.16210526315789472	0.43315136452234543	53/186	CX3CR1;MAP2K1;TNFRSF1B;TLR2;VEGFC;TRPV2;BDNF;LIMK1;TWF2;CYFIP1;FN1;TGM2;MDK;VCAN;HDAC1;TSPO;SKIL;PLAG1;BMP2;PLXNA2;NRP1;CDON;ELL3;EIF4G2;METRN;CXCR4;TRAK1;PRKCH;TGFB1;PTN;ASPM;STK25;EPHB2;SERPINF1;IL1B;SMARCD3;ETV5;MAP1B;SMURF1;FGF2;GDI1;SRRT;CDH4;BMPR2;TRIM32;IL33;DAG1;HAPLN1;ANKRD27;SNW1;NRDC;HDAC2;NEURL1	GLOM	GO_BP	no_proc_ieg	10098
GOBP_HOMEOSTASIS_OF_NUMBER_OF_CELLS_WITHIN_A_TISSUE	1.1333837000148994	0.2757936507936508	0.4331858301876579	10/27	LIPA;CCR2;SASH3;CORO1A;IL7;BAX;GATA2;TUBA1A;VPS54;P2RX7	GLOM	GO_BP	no_proc_ieg	10098
GOBP_MEIOTIC_CELL_CYCLE	1.1318813235807037	0.1695906432748538	0.43597947711771506	38/160	AURKA;SMC4;RAD51AP1;ZWINT;ACTR3;HUS1;P3H4;CHFR;NDC80;RAD51;MSX1;PSMD13;CDC20;TOP2A;CENPX;TUBGCP5;PTEN;FZR1;NDC1;MYBL1;TUBG1;CDC25B;CYP26B1;RPA1;ASPM;NPR2;RAD1;CCNE1;SMC2;NCAPH;TTK;CCNB2;PTTG1;YTHDF2;RAD54L;CDC27;FOXJ2;MUS81	GLOM	GO_BP	no_proc_ieg	10098
GOBP_EPITHELIAL_CELL_MATURATION	1.1314434946221863	0.2985971943887776	0.4366131616096365	8/21	GDF11;CEBPA;KDR;TYMS;GATA2;TGFB1;PGR;AKR1B1	GLOM	GO_BP	no_proc_ieg	10098
GOBP_VASCULAR_ENDOTHELIAL_GROWTH_FACTOR_SIGNALING_PATHWAY	1.1310522269467744	0.2693069306930693	0.43706462364767834	13/28	VEGFC;EMILIN1;KDR;PTP4A3;ADGRA2;JCAD;NRP1;IL12A;ADAMTS3;PDGFRB;FLT4;CD63;PIK3CD	GLOM	GO_BP	no_proc_ieg	10098
GOBP_REGULATION_OF_ACUTE_INFLAMMATORY_RESPONSE	1.13036852139519	0.27552986512524086	0.43812801298203286	14/34	FCGR2B;C3;BTK;NPY5R;HLA-E;OSMR;IL1B;PIK3CG;SPN;NLRP3;FFAR2;GSTP1;TNFRSF11A;EDNRB	GLOM	GO_BP	no_proc_ieg	10098
GOBP_RESPONSE_TO_ENDOPLASMIC_RETICULUM_STRESS	1.1303371074639672	0.17803030303030304	0.43780832846406637	75/185	NIBAN1;UBE2J1;ALOX5;RCN3;SEC61B;FCGR2B;ABCA7;PARP8;FLOT1;NOD2;AUP1;PTPN2;ATP2A3;MARCKS;PDIA4;DERL1;COPS5;CASP4;VCP;CCND1;DDRGK1;TMCO1;AGR2;SEC16A;UGGT1;USP14;PML;ATP2A2;PDIA6;FICD;UBXN8;MAN1B1;DNAJC3;BAX;SERP1;MANF;ERP29;SDF2L1;NRBF2;TBL2;DNAJC10;NR1H3;TRIM25;GORASP2;UBQLN2;UBXN1;TRIB3;GSK3B;BCAP31;OS9;ERO1A;SRPX;UFD1;VAPB;DNAJB2;CREB3;TOR1A;P4HB;DERL2;EIF2B5;WFS1;USP13;RNFT1;CLU;TMUB2;TRAF2;SGTA;TNFRSF10B;EIF4G1;BFAR;CAV1;NPLOC4;CERT1;ABL1;HSPA5	GLOM	GO_BP	no_proc_ieg	10098
GOBP_NEGATIVE_REGULATION_OF_CALCIUM_ION_TRANSPORT	1.130005619159187	0.25697211155378485	0.4381457564879187	11/42	LILRB2;ATP1A2;TRIM27;UCP2;FKBP1B;GPR35;PPP3R1;CALM3;CLIC2;TGFB1;CALM1	GLOM	GO_BP	no_proc_ieg	10098
GOBP_L_GLUTAMATE_TRANSMEMBRANE_TRANSPORT	1.1288146814411912	0.30177514792899407	0.4403078844652577	5/24	ATP1A2;ARL6IP5;SLC1A4;SLC1A3;SLC7A11	GLOM	GO_BP	no_proc_ieg	10098
GOBP_POSITIVE_REGULATION_OF_INTRACELLULAR_TRANSPORT	1.128505630844224	0.20656370656370657	0.4405667798096097	26/101	HCLS1;PRR5L;CAMK1;ECT2;MSN;ANP32B;KIF20B;FEZ1;NCBP2;STX18;LDLRAP1;OAZ2;MTMR2;TGFB1;CDK1;OAZ1;MAP2;B3GAT3;ERGIC3;IL1B;EHD2;CEP131;FLNA;HYAL2;GSK3B;BCAP31	GLOM	GO_BP	no_proc_ieg	10098
GOBP_NEGATIVE_REGULATION_OF_CELL_DEVELOPMENT	1.1272342446705363	0.1760154738878143	0.4429467846836266	47/188	HLX;LTF;FGL2;PIAS3;FCGR2B;ASCL2;INPP5D;SEMA3F;CDK5;MDK;TLR4;CEBPA;LILRB4;ARHGAP4;TREM2;SNAI2;PTPN2;TSPO;ANXA1;TBX21;RUNX3;NRP1;IRF1;LRP4;CEACAM1;RC3H2;CDK6;PTEN;YWHAH;GATA2;TGFB1;FBN1;PTN;EPHB2;NPR2;MAP2;CDKN2B;IL1B;SEMA4F;MAFB;CD74;SMAD7;TNFRSF11B;GDI1;TLR3;FRZB;GSK3B	GLOM	GO_BP	no_proc_ieg	10098
GOBP_DEPHOSPHORYLATION	1.1271169435717059	0.19455252918287938	0.44280517564944216	52/193	CD300A;PPP2R3C;LILRB2;PTPN6;PTPRC;GNA12;MEF2C;YWHAB;PTPRE;DAPP1;DUSP22;PLPP2;INPP5D;NCKAP1L;INPP4B;HTT;PPP2R5E;CTDNEP1;PTPN2;BMP2;PPP3R1;PPP1R7;IQGAP1;ANKLE2;CALM3;PLEK;PLPPR2;PTEN;PLPPR4;AMBRA1;CDH5;PLPP3;ACP2;MTMR2;TGFB1;SBF1;DUSP7;INPPL1;FIG4;PTPN22;CALM1;LRRC59;PLPP1;MTMR9;INPP5A;PDGFRB;PTPRM;PTPN12;PPP1R8;GSK3B;PLPPR3;DUSP4	GLOM	GO_BP	no_proc_ieg	10098
GOBP_NEGATIVE_REGULATION_OF_PROTEIN_LOCALIZATION_TO_MEMBRANE	1.1269039373535235	0.29672447013487474	0.44288235272279447	7/24	CSK;GBP1;LYPD1;TMBIM1;ITGB1BP1;PID1;TGFB1	GLOM	GO_BP	no_proc_ieg	10098
GOBP_RNA_LOCALIZATION	1.125553577996385	0.20359281437125748	0.4455953405972178	28/121	DDX39A;MVP;THOC5;NUP93;RTRAF;NUP62;FLOT1;HHEX;NOP10;CCT8;NCBP2;NHP2;NUP85;EXOSC10;CCT6A;MRPL18;CCT3;NUP188;SNUPN;NDC1;CCT4;TGFBR2;NXF3;RUVBL1;NUP37;SIDT1;NUP107;BICD2	GLOM	GO_BP	no_proc_ieg	10098
GOBP_REGULATION_OF_RELEASE_OF_CYTOCHROME_C_FROM_MITOCHONDRIA	1.1254017821323057	0.2766393442622951	0.44554099422549887	5/33	PYCARD;BID;TNFSF10;TRIAP1;MLLT11	GLOM	GO_BP	no_proc_ieg	10098
GOBP_NEGATIVE_REGULATION_OF_T_CELL_APOPTOTIC_PROCESS	1.1251902010394894	0.2777777777777778	0.44563138463120766	5/19	CCL5;IDO1;RAG1;EFNA1;ADA	GLOM	GO_BP	no_proc_ieg	10098
GOBP_ANTEROGRADE_AXONAL_TRANSPORT	1.1250563051970648	0.2742857142857143	0.4455187042123203	9/29	AP3M2;FEZ1;KIF4A;TRAK2;KIF1A;TRAK1;MAP2;KIF1C;SPAST	GLOM	GO_BP	no_proc_ieg	10098
GOBP_REGULATION_OF_CYTOSKELETON_ORGANIZATION	1.1243963525724783	0.13405797101449277	0.44660579335550094	77/349	HCLS1;PYCARD;RHOG;TACC3;TMSB15A;HCK;MAP1S;STIL;GPM6B;ECT2;CSF1R;ARPC2;TRIM27;LIMK1;MAPK1;TWF2;CYFIP1;CAPZB;GPR65;BAG4;GNAI1;NUP62;PSRC1;CLIC4;NCKAP1L;GMFG;BRCA1;FSCN1;CORO1A;PAK2;CAPG;GPSM2;CYRIA;ARHGAP17;NRP1;TPX2;PHLDB1;RGS4;LIMA1;STMN3;ITGB1BP1;SKA1;PLEK;S100A10;CDH5;TMSB10;COTL1;FLII;EML3;RALA;F11R;ARPC5;TGFB1;GRB2;MAPRE2;TMOD1;MAP2;ARHGAP44;CDC42EP1;RHOC;CYLD;SPAST;RHOA;CORO1B;MAP1B;DCTN1;PDGFRB;FLNA;BICD2;FCHSD2;P2RX7;CD47;DVL3;CHMP1A;GSK3B;RHOF;BST2	GLOM	GO_BP	no_proc_ieg	10098
GOBP_NUCLEOLUS_ORGANIZATION	1.1242262121787034	0.313373253493014	0.44656754078096245	6/15	MACROH2A1;RPS19;SMARCA5;RRP8;PHF2;EMG1	GLOM	GO_BP	no_proc_ieg	10098
GOBP_POSITIVE_REGULATION_OF_PROTEIN_TYROSINE_KINASE_ACTIVITY	1.1240023000396901	0.29300567107750475	0.4466813810862827	4/17	GPRC5B;CSF1R;LILRA5;EFNA1	GLOM	GO_BP	no_proc_ieg	10098
GOBP_RESPONSE_TO_FLUID_SHEAR_STRESS	1.1236270002443467	0.2982456140350877	0.4471195134176889	8/23	MEF2C;TFPI2;MMP2;TGFB1;ABCA1;SMAD7;PLEC;P2RX7	GLOM	GO_BP	no_proc_ieg	10098
GOBP_EPITHELIAL_CELL_DIFFERENTIATION_INVOLVED_IN_KIDNEY_DEVELOPMENT	1.1233628563843232	0.2994011976047904	0.4473046007943478	9/43	ACTA2;MEF2C;PDGFB;GATA3;GPR4;BASP1;IQGAP1;EXT1;CD34	GLOM	GO_BP	no_proc_ieg	10098
GOBP_CRANIAL_NERVE_MORPHOGENESIS	1.122582840547218	0.2891791044776119	0.4486019138353109	7/22	SEMA3F;TBX1;NRP1;HOXB2;HOXA3;EPHB2;MAFB	GLOM	GO_BP	no_proc_ieg	10098
GOBP_POSITIVE_REGULATION_OF_MITOTIC_CELL_CYCLE	1.1217699242310002	0.2543352601156069	0.44996087673549806	32/84	AURKA;STIL;DTL;RAB11A;CCNB1;DLGAP5;CUL4B;ADAMTS1;ANXA1;PBX1;CDC20;CCND1;USP22;CDC25B;TGFB1;CDK1;APP;CCNE1;UBE2C;SMARCD3;CCND2;RRM1;BRCA2;CCND3;CDK4;CCNE2;CDC6;SPHK1;DYNLT3;EIF4G1;BRD4;ABL1	GLOM	GO_BP	no_proc_ieg	10098
GOBP_LIPID_STORAGE	1.1215162753069594	0.2774566473988439	0.4500928448556133	22/65	LIPA;CD36;NPC2;SOAT1;SCARB1;TREM2;AUP1;PTPN2;PLA2G4C;C3;IKBKE;DGAT1;HEXB;MSR1;NR1H3;IL1B;ABCA1;PPARD;PPARG;SQLE;NFKB1;SREBF1	GLOM	GO_BP	no_proc_ieg	10098
GOBP_REGULATION_OF_DNA_REPAIR	1.1206811620626504	0.20566037735849058	0.45156102462755476	51/145	TWIST1;BABAM1;TIGAR;RAD51AP1;PARPBP;PCNA;SMARCD2;BRCA1;RPA2;SMARCE1;RAD51;FOXM1;CHEK1;SF3B5;PML;SMARCC2;POLH;PIAS4;TAF4;MCRS1;USP22;MRGBP;NPAS2;SUPT7L;CYREN;RUVBL1;SMARCD3;SMARCB1;TAF10;TFPT;SF3B3;SKP2;SETMAR;KMT5B;ACTR8;TAF12;TFIP11;TRIM28;PPP4C;ABL1;EP400;TMEM161A;ACTB;PARP1;RUVBL2;SUPT20H;ZNF365;WAS;UIMC1;ACTR5;TAF5	GLOM	GO_BP	no_proc_ieg	10098
GOBP_NEGATIVE_REGULATION_OF_NON_CANONICAL_NF_KAPPAB_SIGNAL_TRANSDUCTION	1.1204785052867214	0.30861723446893785	0.4515824504913147	7/19	NMI;RASSF2;IFI35;SPI1;LITAF;NLRP2;CYLD	GLOM	GO_BP	no_proc_ieg	10098
GOBP_RESPONSE_TO_ETHER	1.1202511444495973	0.3089430894308943	0.4517077430730974	4/16	LIPA;ITGAM;PTAFR;ABCB4	GLOM	GO_BP	no_proc_ieg	10098
GOBP_STEROL_TRANSPORT	1.1201034913526973	0.252465483234714	0.4516535909506722	23/68	LIPA;CD36;NPC2;SOAT1;SCARB1;ABCA7;TREM2;TSPO;COMT;PIP4K2A;LDLRAP1;STARD5;ABCB4;TMEM97;MSR1;NR1H3;ABCA1;VPS54;ABCA3;PPARG;APOC1;VPS4A;NFKB1	GLOM	GO_BP	no_proc_ieg	10098
GOBP_CELLULAR_RESPONSE_TO_VASCULAR_ENDOTHELIAL_GROWTH_FACTOR_STIMULUS	1.1192855814989937	0.2857142857142857	0.45305555536300757	19/42	VEGFC;EMILIN1;KDR;PTP4A3;ANXA1;ADGRA2;JCAD;NRP1;ITGB1BP1;RAMP2;IL12A;ADAMTS3;ATP2B4;PDGFRB;FLT4;CD63;PIK3CD;SPHK1;RELA	GLOM	GO_BP	no_proc_ieg	10098
GOBP_UNSATURATED_FATTY_ACID_BIOSYNTHETIC_PROCESS	1.1185157683044902	0.2745490981963928	0.45435436216695396	10/32	FADS1;ELOVL1;ELOVL5;FADS2;PLA2G4A;DEGS1;PTGS1;TBXAS1;IL1B;CD74	GLOM	GO_BP	no_proc_ieg	10098
GOBP_T_CELL_DIFFERENTIATION_IN_THYMUS	1.1180420150038417	0.2648221343873518	0.4550501641359663	18/64	DOCK2;PTPRC;RAG1;CD3D;GATA3;PTPN2;JAG2;ADA;CDK6;TOX;IL1B;FADD;MAFB;CD74;SPN;WNT4;IL7R;NCAPH2	GLOM	GO_BP	no_proc_ieg	10098
GOBP_REGULATION_OF_PROTEASOMAL_PROTEIN_CATABOLIC_PROCESS	1.1173601616122635	0.2567049808429119	0.45623174086072166	43/112	AURKA;GNA12;CHFR;CSNK1E;CEBPA;DESI1;TREM2;PBK;BAG2;CBFA2T3;PSMC4;VCP;CDC20;DDRGK1;USP14;FZR1;PSME1;RHBDF1;CSNK2A2;KEAP1;PSMF1;GABARAP;PSME3;UBQLN2;UBXN1;RBX1;SMAD7;TRIB3;GSK3B;BCAP31;DDA1;IL33;CSNK1D;USP7;DNAJB2;TRIB2;WFS1;USP13;RNFT1;CLU;SGTA;CAV1;BBS7	GLOM	GO_BP	no_proc_ieg	10098
GOBP_NEGATIVE_REGULATION_OF_ESTABLISHMENT_OF_PROTEIN_LOCALIZATION	1.1168999611972112	0.2529411764705882	0.45685740198424934	25/86	UBE2J1;CSK;CD36;UCP2;SP100;BAG4;FKBP1B;CDK5;RAB23;SNX3;FRMD4A;ITGB1BP1;RHBDF1;PDE8B;ERP29;IL12A;NR1H3;IL1B;SREBF1;GDI1;ADRA2A;CHGA;NEO1;OS9;RSAD2	GLOM	GO_BP	no_proc_ieg	10098
GOBP_MOTOR_NEURON_AXON_GUIDANCE	1.1166591112917548	0.284	0.4570084923788199	5/18	SEMA3F;CDK5;NRP1;LMO4;CHN1	GLOM	GO_BP	no_proc_ieg	10098
GOBP_RESPONSE_TO_AXON_INJURY	1.1163996197987482	0.26434426229508196	0.45714763828228805	22/58	TYROBP;MAP2K1;FKBP1B;TREM2;TSPO;MMP2;GRN;TNC;BAX;CDK1;PTN;MATN2;MAP1B;FLNA;DPYSL3;FGF2;NEO1;SOD2;DAG1;P2RX4;LAMB2;NREP	GLOM	GO_BP	no_proc_ieg	10098
GOBP_MUSCLE_CELL_DIFFERENTIATION	1.1161012943250381	0.17288801571709234	0.457431448632036	78/280	DNMT1;CD53;DOCK2;HEY2;MYOZ2;CAMK1;HOPX;MEF2C;BDNF;MED28;MAPK12;SEMA4C;PDGFB;MAML1;HDAC9;CXCL10;FLOT1;ADAM12;HDAC1;ALPK3;TNFSF14;CSRP2;ADAMTS5;MAPK11;TBX3;COL6A1;CAV2;LAMC1;MSX1;NOTCH4;BMP2;PLEKHO1;MEF2A;TBX1;EZH2;CDON;RGS4;ADGRB3;HDAC5;WNT5B;COMP;HEY1;TBX2;ATP2A2;JAM2;ENG;RYR1;APLNR;MYBPH;FLII;CYP26B1;TGFB1;CDK1;LAMA2;EFNB2;TMOD1;RAMP2;NID1;CASP7;ADM;EFEMP2;SMARCD3;EHD2;UCHL1;ZNHIT1;PLEC;PDGFRB;HDAC4;GREM1;MYH7;IGFBP5;CXCL9;NEO1;SOD2;BMPR2;CD81;TRIM32;WNT4	GLOM	GO_BP	no_proc_ieg	10098
GOBP_REGULATION_OF_CELL_SUBSTRATE_JUNCTION_ORGANIZATION	1.1158665693655223	0.27766990291262134	0.45756026631754787	16/56	GPM6B;MAP4K4;LAMTOR2;DUSP22;CORO1C;KDR;ACVRL1;NRP1;ITGB1BP1;S100A10;PTEN;PEAK1;MAPRE2;IQSEC1;RHOA;GREM1	GLOM	GO_BP	no_proc_ieg	10098
GOBP_RAC_PROTEIN_SIGNAL_TRANSDUCTION	1.1153728381756653	0.2761904761904762	0.45830339990895286	10/35	RHOG;CYFIP1;FNTA;ARHGAP17;LRP4;FARP1;STMN3;ARHGAP44;GABARAP;ELMO1	GLOM	GO_BP	no_proc_ieg	10098
GOBP_NEGATIVE_REGULATION_OF_G_PROTEIN_COUPLED_RECEPTOR_SIGNALING_PATHWAY	1.1147785691195529	0.26968503937007876	0.4591965588551149	14/47	CCL5;HTR2B;ARRB1;YWHAB;ADRB2;ADA;RGS4;GNAI2;PLEK;APLNR;ADM;UBQLN2;ATP2B4;INPP5A	GLOM	GO_BP	no_proc_ieg	10098
GOBP_REGULATION_OF_STRIATED_MUSCLE_CELL_DIFFERENTIATION	1.1140904969009269	0.25656565656565655	0.4603382050228867	15/55	HOPX;MEF2C;BDNF;MAML1;HDAC9;HDAC1;MSX1;BMP2;TBX1;EZH2;RGS4;HDAC5;CYP26B1;TGFB1;EFNB2	GLOM	GO_BP	no_proc_ieg	10098
GOBP_REGULATION_OF_MITOTIC_CELL_CYCLE	1.1127075454387219	0.17077798861480076	0.4629942368000516	93/336	AURKA;BABAM1;BID;PTPN6;STIL;NUSAP1;ZWINT;DTL;RAB11A;TRIAP1;AURKB;BTN2A2;CCNB1;HUS1;PDGFB;LCMT1;NUP62;SMARCD2;PLK2;CDKN2C;KIF20B;SDCBP;BRCA1;RPA2;CHFR;SCRIB;NDC80;SMARCE1;DLGAP5;BUB1B;CUL4B;ADAMTS1;ANXA1;CAV2;GTSE1;EZH2;PBX1;CDC20;CENPF;CCND1;IQGAP1;CHEK1;PML;SMARCC2;CDK6;PTEN;FZR1;NME6;AMBRA1;USP22;THAP1;IK;PSME1;DACT1;CDC25B;TGFB1;CDK1;XRCC3;UBD;APP;CDKN2B;CCNE1;UBE2C;CASP2;KIF14;IL1B;MAEA;TMEM14B;PSME3;TTK;CYLD;SMARCD3;CCND2;TAOK3;BIRC5;CDC27;MUS81;PDGFRB;SMARCB1;VPS4A;GFI1B;INTS13;RRM1;SPDL1;BRCA2;BORA;NEK2;CCND3;RCC1;CDK4;TREX1;SPC25;SETMAR	GLOM	GO_BP	no_proc_ieg	10098
GOBP_POSITIVE_REGULATION_OF_TRANSLATION	1.1123059535601676	0.2495164410058027	0.4635762458515022	15/80	NIBAN1;CCL5;PRR16;SOX4;POLR2G;SAMD4A;EIF3D;PTAFR;EIF4G2;DNAJC3;YTHDF1;SERP1;EIF4G3;NAT10;JMJD4	GLOM	GO_BP	no_proc_ieg	10098
GOBP_LAMELLIPODIUM_ORGANIZATION	1.1106999921464626	0.2710843373493976	0.4667217087626804	12/65	RAC2;ARPC2;TWF2;CYFIP1;ACTR3;CAPZB;CORO1C;PARVB;FSCN1;CD44;PLEKHO1;NUP85	GLOM	GO_BP	no_proc_ieg	10098
GOBP_PROTEIN_RNA_COMPLEX_ORGANIZATION	1.1104746210619212	0.2153846153846154	0.4668474893137314	67/135	ADAR;RRP7A;CELF2;EIF3I;EIF3D;RPS19;SNRPD3;CLP1;USP4;TRIM21;VCP;KLC1;SF3B5;SART3;TARBP2;WDR77;PRPF19;RPL10;RUVBL1;CD2BP2;EIF3G;RPL13A;SNRNP200;SF3B3;SF1;MCTS1;TXNL4A;GEMIN4;TFIP11;DDX23;SF3B2;ERAL1;DICER1;DDX28;AGO4;SNIP1;LSM2;RUVBL2;PRPF18;SNRPB;MRPS7;STRAP;RBM5;RSRP1;RPL10L;NLE1;EIF3A;SF3A1;TSSC4;PUF60;XAB2;PRPF3;MRM2;NOP2;U2AF2;KIF5B;CRNKL1;EIF2S2;GEMIN6;GEMIN2;ATR;CELF1;GEMIN7;HTATSF1;LUC7L;RRS1;LUC7L3	GLOM	GO_BP	no_proc_ieg	10098
GOBP_POSITIVE_REGULATION_OF_DOUBLE_STRAND_BREAK_REPAIR_VIA_HOMOLOGOUS_RECOMBINATION	1.1098518765199705	0.31401869158878504	0.4678916882079742	12/29	RAD51AP1;PIAS4;MRGBP;RUVBL1;SKP2;EP400;ACTB;PARP1;RUVBL2;WAS;WRAP53;ING3	GLOM	GO_BP	no_proc_ieg	10098
GOBP_OUTFLOW_TRACT_MORPHOGENESIS	1.1097272478586633	0.26666666666666666	0.46778195808740985	14/57	TWIST1;HEY2;MEF2C;SOX18;SOX17;TBX3;TBX1;NRP1;NPY5R;TBX2;ENG;RYR1;TGFBR2;FZD1	GLOM	GO_BP	no_proc_ieg	10098
GOBP_TISSUE_REMODELING	1.1094137459612976	0.23679060665362034	0.46805869529568456	44/134	RASSF2;LIPA;CSK;RAC2;MEF2C;CSF1R;CSPG4;P3H4;CD38;INPP5D;CCR2;MDK;ADRB2;SYK;TPP1;TMBIM1;COL6A1;MMP2;TIMP1;ACVRL1;TRAF6;CEACAM1;EXT1;HOXA3;IL7;BAX;TGFB1;PTN;NCDN;NPR2;PPARG;FLNA;P2RX7;GREM1;TNFRSF11B;NFKB1;CST3;IGFBP5;BMPR2;CAPN1;S1PR1;FLT4;IL15;HAMP	GLOM	GO_BP	no_proc_ieg	10098
GOBP_CYTOPLASMIC_TRANSLATION	1.1091088261020496	0.261758691206544	0.468348428903522	31/69	EIF2B1;EIF3I;EIF3D;RPS19;NCBP2;RPL28;RPL13;RPS20;RPL10;EIF3G;YTHDF2;RPL13A;EIF2B4;MCTS1;RPL36;EIF2B5;RWDD1;EIF4G1;EIF2B3;SARS1;METTL3;EIF3A;RPS21;RPS11;RPL35A;RPL4;UBA52;AARS1;SH3BGRL;EIF2S2;RACK1	GLOM	GO_BP	no_proc_ieg	10098
GOBP_REGULATION_OF_IMMUNOGLOBULIN_PRODUCTION	1.1082523410408944	0.2933070866141732	0.469907005738547	14/54	IL27RA;PTPRC;CD40;FCGR2B;SASH3;CD86;TBX21;TRAF6;BTK;TNFRSF4;HLA-E;TGFB1;EPHB2;PKN1	GLOM	GO_BP	no_proc_ieg	10098
GOBP_POSITIVE_REGULATION_OF_EPIDERMIS_DEVELOPMENT	1.1079297908551826	0.30707070707070705	0.4702292350419968	7/22	MACROH2A1;MACROH2A2;KRT10;PLAAT4;PRKCH;ZBED2;FGF2	GLOM	GO_BP	no_proc_ieg	10098
GOBP_NEURON_RECOGNITION	1.107738193784403	0.31238095238095237	0.47023987991846394	11/33	PCDH12;NTM;NRP1;EXT1;CXCR4;EPHB2;APP;CRTAC1;TNFRSF21;CASP3;EFNB3	GLOM	GO_BP	no_proc_ieg	10098
GOBP_REGULATION_OF_CELLULAR_COMPONENT_SIZE	1.1072965762042122	0.19281663516068054	0.4708921717744081	61/239	HCLS1;PYCARD;TMSB15A;PRR16;HCK;GPRC5B;TRPV2;BDNF;RAB11A;ARPC2;LIMK1;MSN;TWF2;CYFIP1;RIN3;CAPZB;BAG4;FN1;SEMA3F;CDK5;NCKAP1L;STK39;CORO1A;ARHGAP4;RAP1GAP2;CAPG;COL6A1;VAV1;CYRIA;NRP1;DNM1;EIF4G2;LIMA1;PLEK;PTEN;TMSB10;COTL1;FLII;ARPC5;GRB2;CREB1;TMOD1;MAP2;SCT;CDC42EP1;CLN8;SEMA4F;CCDC51;RHOA;MAP1B;FCHSD2;P2RX7;SMURF1;RAB22A;GDI1;CDH4;GSK3B;PFN1;BMPR2;KCNN4;SLC12A4	GLOM	GO_BP	no_proc_ieg	10098
GOBP_EXECUTION_PHASE_OF_APOPTOSIS	1.1069617703337045	0.30919765166340507	0.47118301498194454	23/48	HTRA2;EXOG;PAK2;COL6A1;CASP8;DFFB;TOP2A;BAX;FAP;NPR2;CASP7;CASP2;FADD;VPS54;RNF34;CASP3;DFFA;PLSCR1;DICER1;MADD;BNIP1;DNASE2;GPER1	GLOM	GO_BP	no_proc_ieg	10098
GOBP_REGULATION_OF_PROTEIN_TARGETING_TO_MEMBRANE	1.106662046295803	0.2905811623246493	0.47147431595183376	5/23	ITGB2;ITGAM;CDK5;STOM;ITGB1BP1	GLOM	GO_BP	no_proc_ieg	10098
GOBP_REACTIVE_OXYGEN_SPECIES_BIOSYNTHETIC_PROCESS	1.1062541668158878	0.2796780684104628	0.4720463781280515	6/40	LIPA;CD36;ALOX5;CTNS;CYBB;TLR4	GLOM	GO_BP	no_proc_ieg	10098
GOBP_POSITIVE_REGULATION_OF_CELL_DIVISION	1.1054486229479794	0.2695984703632887	0.47346529854316577	27/69	HTR2B;VEGFC;ECT2;RAB11A;AURKB;PDGFB;NUP62;KIF20B;MDK;ITGB1BP1;CDC25B;TGFB1;PTN;LBH;KIF14;IL1B;SPAST;RHOA;BIRC5;FGF2;TGFB2;SSTR5;PPBP;RACGAP1;CDC6;FGF3;PDGFD	GLOM	GO_BP	no_proc_ieg	10098
GOBP_AMELOGENESIS	1.105336823929068	0.3428030303030303	0.47332508582686084	7/16	TBX1;TGFB1;CNNM4;ITGB6;STIM1;SLC4A2;AMELX	GLOM	GO_BP	no_proc_ieg	10098
GOBP_NEGATIVE_REGULATION_OF_MIRNA_METABOLIC_PROCESS	1.103977844995109	0.2813765182186235	0.4761212292614801	6/23	TWIST1;PDGFB;LILRB4;TGFB1;PPARD;PPARG	GLOM	GO_BP	no_proc_ieg	10098
GOBP_POSITIVE_REGULATION_OF_FIBROBLAST_PROLIFERATION	1.1037844678579436	0.30916030534351147	0.47615440962022476	18/40	CCNB1;PDGFB;FN1;CD248;NGFR;PML;CDK6;TGFB1;CD74;CDK4;CCNA2;CDC6;PDGFD;HRAS;GAS6;SPHK1;RNASEH2B;ABL1	GLOM	GO_BP	no_proc_ieg	10098
GOBP_NEGATIVE_REGULATION_OF_PROTEIN_UBIQUITINATION	1.103732061193551	0.28286852589641437	0.4758769912905725	8/52	ISG15;ARRB1;LIMK1;SOX4;CDK5;TSPO;BAG2;USP4	GLOM	GO_BP	no_proc_ieg	10098
GOBP_PEPTIDYL_PROLINE_MODIFICATION	1.1034547014215201	0.31716417910447764	0.4761197127866708	8/22	PPIC;FKBP1B;CRTAP;PPIB;PPID;OGFOD1;PPIE;P4HB	GLOM	GO_BP	no_proc_ieg	10098
GOBP_CENTROMERE_COMPLEX_ASSEMBLY	1.1031133010590737	0.3367768595041322	0.4765103693994982	10/21	DLGAP5;CENPF;CENPX;CENPA;CENPE;KNTC1;OIP5;HJURP;CENPN;MIS12	GLOM	GO_BP	no_proc_ieg	10098
GOBP_MEMBRANE_FUSION	1.1026944687944256	0.2509727626459144	0.477070436146874	37/107	SYT11;BET1L;CORO1A;ANXA1;CAV2;SLAMF1;PIP4K2A;STX18;FOLR2;RUBCNL;USE1;CH25H;STXBP1;RUFY1;SAMD9;DNM1L;VAMP4;CPLANE2;SNAP29;RABIF;VPS8;YIPF5;RAB8A;VPS4A;HYAL2;VAMP1;BET1;CHMP1A;YKT6;NSF;VPS11;ANKRD27;SNCA;GAS6;SPHK1;RAB7A;CHMP2A	GLOM	GO_BP	no_proc_ieg	10098
GOBP_NUCLEAR_TRANSPORT	1.1026815331160003	0.23954372623574144	0.4766878063416718	26/211	HCLS1;UBE2I;DDX39A;CD36;CAMK1;ECT2;THOC5;ANP32B;RANBP6;SP100;HTATIP2;NUP93;NUP62;CDK5;PTTG1IP;SYK;HHEX;DESI1;E2F3;RAB23;FRAT2;KPNA2;NCBP2;PPP3R1;NUP85;ANP32A	GLOM	GO_BP	no_proc_ieg	10098
GOBP_RESPONSE_TO_UV	1.101328150932548	0.28488372093023256	0.4795014226489655	33/108	CRIP1;DTL;TRIAP1;AURKB;HUS1;PCNA;COL6A3;COL6A2;CUL4B;MAPK11;PBK;COL6A1;MMP2;TIMP1;SCARA3;CCND1;PML;POLH;BAX;PPID;MMP1;ERCC1;HYAL3;CASP7;IL12A;RBX1;RO60;HYAL2;UBE2A;SDF4;BRCA2;TRIM32;TREX1	GLOM	GO_BP	no_proc_ieg	10098
GOBP_EMBRYO_DEVELOPMENT_ENDING_IN_BIRTH_OR_EGG_HATCHING	1.101236052106638	0.15922330097087378	0.47929554826068616	85/452	MAP2K1;LPAR6;TWIST1;APBA3;VASH1;HEY2;PCDH12;STIL;GNA12;TM4SF1;HOPX;PHLDA2;MAPK1;COL3A1;SEMA4C;ADAM10;CCNB1;HUS1;ASCL2;PDGFB;SEC24D;SOX18;CHST11;GATA3;RRP7A;SOX17;CENPU;HOXB8;KIF20B;BRCA1;HOXB6;SCRIB;CEBPA;BTF3;RIC8A;CNOT3;SKIL;JAG2;TBX3;PELO;MSX1;EMP2;ADA;CASP8;ACVRL1;MARCKS;BMP2;PLXNA2;PCSK5;COL11A1;TBX1;PBX1;HOXB7;TRAF6;PSMC4;RPL13;HOXB2;CHEK1;COL1A1;SH3PXD2A;HEY1;TBX2;HOXB5;STMN3;EXT1;TCF15;HOXA3;AMBRA1;USP22;PEF1;MEOX1;ETV2;DACT1;GATA2;RALA;NR2F2;TGFBR2;TGFB1;GRB2;FXN;KEAP1;PCGF2;PLOD3;FZD1;HOXA4	GLOM	GO_BP	no_proc_ieg	10098
GOBP_ACTIVATION_OF_PHOSPHOLIPASE_C_ACTIVITY	1.1009563776712952	0.30401529636711283	0.4795095081148307	5/21	HTR2B;CD86;SELE;GNA15;C5AR1	GLOM	GO_BP	no_proc_ieg	10098
GOBP_T_CELL_APOPTOTIC_PROCESS	1.0997550493288393	0.31620553359683795	0.4818906509141231	14/38	LIPA;CCL5;IDO1;RAG1;EFNA1;ADA;BAX;FAS;FADD;P2RX7;KDELR1;ST3GAL1;CD27;IL7R	GLOM	GO_BP	no_proc_ieg	10098
GOBP_LONG_CHAIN_FATTY_ACYL_COA_METABOLIC_PROCESS	1.0980957288504969	0.32786885245901637	0.4853397372488876	6/15	FAR2;HSD17B12;ELOVL1;ELOVL5;HACD1;DGAT1	GLOM	GO_BP	no_proc_ieg	10098
GOBP_REGULATION_OF_MITOCHONDRION_ORGANIZATION	1.0966515504767906	0.2612244897959184	0.4883400024871616	15/103	PYCARD;AURKA;TIGAR;BID;TNFSF10;DELE1;HTRA2;TRIAP1;YME1L1;MLLT11;RAP1GDS1;HTT;NOD2;KDR;TSPO	GLOM	GO_BP	no_proc_ieg	10098
GOBP_REGULATION_OF_CELL_MORPHOGENESIS	1.096264877573463	0.2084942084942085	0.48889475215500766	23/169	RHOG;ITGB2;FGR;HCK;GNA12;CSF1R;MSN;CYFIP1;CAPZB;FN1;LST1;CORO1C;PARVB;CORO1A;CCL13;KDR;FGD6;ANXA1;ITGA7;CD44;ARHGAP15;PLXNA2;PLEKHO1	GLOM	GO_BP	no_proc_ieg	10098
GOBP_MEMBRANE_LIPID_CATABOLIC_PROCESS	1.0957857640629591	0.33874239350912777	0.4895390826966677	12/36	NAGA;GLA;PPT1;PLPP2;GLB1;NEU1;PLPP3;HEXB;VPS54;PLPP1;SGPL1;MGST2	GLOM	GO_BP	no_proc_ieg	10098
GOBP_NEGATIVE_REGULATION_OF_CELL_MATRIX_ADHESION	1.0947575915329895	0.31299212598425197	0.49161810685822055	8/27	MAP4K4;DUSP22;CORO1C;ACVRL1;POSTN;ITGB1BP1;PTEN;SEMA3E	GLOM	GO_BP	no_proc_ieg	10098
GOBP_REGULATION_OF_STRIATED_MUSCLE_TISSUE_DEVELOPMENT	1.0934363967209606	0.33858267716535434	0.4941915769492336	6/17	TWIST1;CENPF;TGFB1;CREB1;FGF3;LEF1	GLOM	GO_BP	no_proc_ieg	10098
GOBP_REGULATION_OF_CELLULAR_RESPONSE_TO_GROWTH_FACTOR_STIMULUS	1.093348903882562	0.2235294117647059	0.4939795720328211	53/206	VEGFC;SAP30L;DKK3;CYFIP1;FAM89B;CHST11;GATA3;GPC1;SDCBP;HDAC1;EMILIN1;KDR;HHEX;CILP;PTP4A3;SKIL;MMRN2;PELO;CAV2;NGFR;ADISSP;MSX1;DOK5;PRKCB;ADGRA2;ACVRL1;BMP2;JCAD;NRP1;LTBP1;PMEPA1;TGFB1I1;BAMBI;LDLRAD4;ITGA5;ENG;SOSTDC1;CDH5;ZBTB7A;FBN1;RNF111;SMURF2;FZD1;CDKN2B;IL12A;IL1B;ADAMTS3;PPARG;SMAD7;ATP2B4;SMURF1;GREM1;FGF2	GLOM	GO_BP	no_proc_ieg	10098
GOBP_REGULATION_OF_CALCINEURIN_MEDIATED_SIGNALING	1.0932559906702732	0.3097165991902834	0.4937632259704264	3/30	DYRK2;HOMER3;MYOZ2	GLOM	GO_BP	no_proc_ieg	10098
GOBP_REGULATION_OF_AXON_EXTENSION	1.0926793041069567	0.27655310621242485	0.4946899344277553	18/64	TRPV2;LIMK1;TWF2;CYFIP1;FN1;SEMA3F;CDK5;ARHGAP4;NRP1;EIF4G2;MAP2;SEMA4F;MAP1B;SMURF1;GDI1;CDH4;GSK3B;BMPR2	GLOM	GO_BP	no_proc_ieg	10098
GOBP_DNA_METHYLATION_DEPENDENT_HETEROCHROMATIN_FORMATION	1.0924273644472862	0.32475247524752476	0.4948570578462564	8/20	DNMT1;HDAC1;SMARCA5;MORC2;DNMT3A;MBD3;TRIM28;ATF7IP	GLOM	GO_BP	no_proc_ieg	10098
GOBP_RELEASE_OF_CYTOCHROME_C_FROM_MITOCHONDRIA	1.0909044268462402	0.3207920792079208	0.4980571991597859	6/42	PYCARD;BID;TNFSF10;BCL2A1;TRIAP1;MLLT11	GLOM	GO_BP	no_proc_ieg	10098
GOBP_REGULATION_OF_CELLULAR_RESPONSE_TO_OXIDATIVE_STRESS	1.090344813022112	0.3546511627906977	0.4989376903602366	5/16	CD36;ALOX5;SLC7A11;FADS2;GCH1	GLOM	GO_BP	no_proc_ieg	10098
GOBP_VESICLE_TRANSPORT_ALONG_MICROTUBULE	1.0900176842502827	0.3030888030888031	0.49927768992718313	8/31	CDR2L;HTT;AP3M2;TRAK2;KIF1A;TRAK1;MAP2;KIF1C	GLOM	GO_BP	no_proc_ieg	10098
GOBP_LABYRINTHINE_LAYER_DEVELOPMENT	1.0899185027222384	0.31069958847736623	0.4990729481493332	5/36	MAP2K1;VASH1;HEY2;PCDH12;MAPK1	GLOM	GO_BP	no_proc_ieg	10098
GOBP_MAINTENANCE_OF_LOCATION_IN_CELL	1.0895586572293043	0.26519337016574585	0.499525304698761	49/173	HTR2B;TMSB15A;PTPN6;ATP1A2;PTPRC;TWF2;ANXA6;SP100;FKBP1B;CXCL10;ITPR3;CDK5;RER1;HTT;CORO1A;TSPO;KDELR3;GPSM2;LCK;CXCL11;PML;CD4;CALM3;CCL19;CLIC2;RYR1;APLNR;BAX;TMSB10;KDELR2;HEXB;CCR5;CYBA;TGFB1;ASPM;HK2;PGR;SUPT7L;CALM1;SPOUT1;MCOLN1;FLNA;P2RX7;FGF2;PLCB3;KDELR1;CXCL9;OS9;ERO1A	GLOM	GO_BP	no_proc_ieg	10098
GOBP_NEGATIVE_REGULATION_OF_CELLULAR_COMPONENT_ORGANIZATION	1.0895411444499952	0.20186915887850468	0.49914614608119956	119/470	WAPL;CD300A;TNFRSF1B;SYT11;LILRB2;CSK;TMSB15A;TIGAR;TINF2;TLR2;PMP22;ZWINT;TRIAP1;AURKB;TWF2;RIN3;CAPZB;FCGR2B;CARD8;CCNB1;RUBCN;CARM1;CD38;LCMT1;DUSP22;ABCA7;CORO1C;CXCL10;SEMA3F;CDK5;EFNA1;SDCBP;GMFG;BRCA1;EMILIN1;CORO1A;NDC80;ARHGAP4;TREM2;BUB1B;PAK2;TSPO;CAPG;SNX3;FEZ1;ACVRL1;NRP1;ITM2C;DNM3;TPX2;LRP4;DENND5A;EXOSC10;CDC20;TOP2A;CENPF;CHEK1;LIMA1;ITGB1BP1;PTEN;VAT1;PFDN1;YWHAH;NME6;CH25H;NAA10;STXBP1;IK;CDH5;TMSB10;DACT1;FLII;SMARCA5;F11R;MTMR2;DNAJC15;TGFB1;SACS;XRCC3;ERCC1;FAP;VBP1;EPHB2;FXN;EFNB2;TMOD1;ATG3;MAP2;NAT10;RAD1;ARHGAP44;KIF14;NR1H3;DLG4;IL1B;SEMA4F;TTK;STN1;UBQLN2;CORO1B;PPARG;BIRC5;APOC1;SLC25A4;LMO4;MAP1B;RPL13A;FLNA;DPYSL3;CD47;GDI1;CST3;VIM;AR;LRPAP1;GSK3B;NEO1;SPDL1;PFN1	GLOM	GO_BP	no_proc_ieg	10098
GOBP_CHONDROCYTE_DEVELOPMENT	1.0892061723564204	0.33954451345755693	0.49955105158400853	10/23	CHST11;SERPINH1;ECM1;COL11A1;COMP;EXT1;TGFBR2;SMAD7;HOXA11;BMPR2	GLOM	GO_BP	no_proc_ieg	10098
GOBP_SKELETAL_SYSTEM_MORPHOGENESIS	1.0889718976194012	0.25609756097560976	0.49967292204128194	40/158	FGR;TWIST1;LTF;MEF2C;COL3A1;CHST11;HOXB8;HOXB6;COL13A1;THBS3;SERPINH1;CSGALNACT1;RAB23;MSX1;MMP2;COL11A1;TBX1;HOXB7;HOXB2;COMP;COL1A1;HOXB5;EXT1;TCF15;HOXA3;ATG9A;TGFBR2;CYP26B1;TGFB1;INPPL1;NPR2;PCGF2;HOXA4;SLC39A1;SGPL1;P2RX7;GREM1;HYAL2;HOXA11;FGFR3	GLOM	GO_BP	no_proc_ieg	10098
GOBP_NEGATIVE_REGULATION_OF_MAPK_CASCADE	1.0888868919959507	0.2859848484848485	0.4994444968132582	32/111	CD300A;CSK;GBP1;PTPN6;PTPRC;BTN2A2;ABCA7;EFNA1;EMILIN1;TLR4;LILRB4;TREM2;PTPN2;PBK;QARS1;BMP2;FOXM1;TNIP1;ITGB1BP1;DACT1;FKTN;EPHB2;DUSP7;PTPN22;MECOM;IL1B;CYLD;TAOK3;UCHL1;PPARG;P2RX7;HYAL2	GLOM	GO_BP	no_proc_ieg	10098
GOBP_CELL_SURFACE_RECEPTOR_SIGNALING_PATHWAY_VIA_STAT	1.0888619366745333	0.2706333973128599	0.4990871386312681	10/112	HCLS1;NMI;CD300A;CCL5;IL10RA;PTPRC;CD40;CSF1R;IFNAR1;CCR2	GLOM	GO_BP	no_proc_ieg	10098
GOBP_REGULATION_OF_OSSIFICATION	1.0882729850526442	0.29435483870967744	0.5000995930583755	16/91	TWIST1;LTF;ISG15;GPM6B;ALOX5;MEF2C;MAPK1;CCR1;MDK;ADRB2;TRPM4;ECM1;BMP2;PBX1;LRP4;COMP	GLOM	GO_BP	no_proc_ieg	10098
GOBP_POSITIVE_REGULATION_OF_PHOSPHATASE_ACTIVITY	1.0878504220179164	0.336	0.5006756965619413	9/19	CD300A;GNA12;MEF2C;BMP2;CALM3;PLEK;CALM1;MTMR9;PDGFRB	GLOM	GO_BP	no_proc_ieg	10098
GOBP_PHOSPHOLIPASE_C_ACTIVATING_G_PROTEIN_COUPLED_RECEPTOR_SIGNALING_PATHWAY	1.0877512260972233	0.27565392354124746	0.5004843169610073	29/94	CX3CR1;LPAR6;HTR2B;GPR65;C3AR1;GPR35;TGM2;GNB1;GPR4;GNA15;C5AR1;PRKCB;PTAFR;FPR3;AGTR1;NMUR1;INPP5A;PLCB3;PIK3CG;GPR143;C5AR2;GNA11;ADRA2A;F2RL2;CHGA;S1PR1;P2RY2;P2RY10;FFAR2	GLOM	GO_BP	no_proc_ieg	10098
GOBP_SKELETAL_MUSCLE_ORGAN_DEVELOPMENT	1.0872395171229945	0.2821497120921305	0.5012900202945995	25/114	HLX;TWIST1;MYOZ2;MEF2C;HSD17B1;HDAC9;CDK5;GPC1;FLOT1;MSC;MYL6;COL6A1;CAV2;BASP1;TBX1;CDON;RYR1;NR2F2;CYP26B1;TGFB1;VPS54;RHOA;FLNB;MEOX2;PLEC	GLOM	GO_BP	no_proc_ieg	10098
GOBP_RESPONSE_TO_PLATELET_DERIVED_GROWTH_FACTOR	1.0871468125119548	0.3128834355828221	0.5011160507930396	10/22	PDGFB;HDAC1;TLR4;MARS1;IQGAP1;CBL;CORO1B;PDGFRB;CCNA2;PDGFD	GLOM	GO_BP	no_proc_ieg	10098
GOBP_PROTEIN_LOCALIZATION_TO_CELL_CELL_JUNCTION	1.087005257509829	0.3360323886639676	0.5010525265011467	10/17	SCRIB;PECAM1;PAK2;CDH5;F11R;FLNA;ZDHHC7;ACTB;TJP2;ACTG1	GLOM	GO_BP	no_proc_ieg	10098
GOBP_POSITIVE_REGULATION_OF_SMOOTH_MUSCLE_CELL_MIGRATION	1.0867577127401564	0.34791666666666665	0.5012388345186735	8/34	CCL5;S100A11;PDGFB;MDK;TLR4;ADAMTS1;NRP1;POSTN	GLOM	GO_BP	no_proc_ieg	10098
GOBP_NEGATIVE_REGULATION_OF_CATALYTIC_ACTIVITY	1.0866913213013458	0.21814671814671815	0.5009914084257323	75/283	PYCARD;CD300A;CSTA;RPS6KA3;MACROH2A1;CST7;APBA3;GZMA;LTF;TINF2;GLA;MVP;PTPRC;ADAR;TRIAP1;TRIM27;LIMK1;CARD8;RTRAF;DUSP22;CORO1C;CCR2;NCKAP1L;WARS1;SERPINH1;HHEX;LILRB4;PAK2;BAG2;QARS1;TMBIM1;GMIP;SERPING1;CD44;TIMP1;ECM1;BMP2;IFI6;GNAI2;CEACAM1;PTX3;ITGB1BP1;PTEN;IFI16;FICD;CSTB;TARBP2;GNAI3;NR2F2;RASIP1;EPHB2;TIMP2;DUSP7;SERPINF1;GADD45A;PTPN22;PLAUR;NOSIP;CBL;IL1B;CST1;UCHL1;PPARG;UBXN1;APOC1;SMAD7;SERPINB8;TRIB3;ATP2B4;HYAL2;NFKB1;CST3;RNF34;ABCE1;GSK3B	GLOM	GO_BP	no_proc_ieg	10098
GOBP_POSITIVE_REGULATION_OF_MUSCLE_CELL_DIFFERENTIATION	1.0866483359230696	0.29902912621359223	0.5006852958849011	17/50	CAMK1;HOPX;MEF2C;MAPK12;MAML1;MAPK11;LAMC1;NOTCH4;TBX1;ENG;CYP26B1;TGFB1;LAMA2;EFNB2;NID1;EFEMP2;SMARCD3	GLOM	GO_BP	no_proc_ieg	10098
GOBP_EMBRYONIC_PLACENTA_DEVELOPMENT	1.0864394103806632	0.30103092783505153	0.500744124017535	8/68	MAP2K1;VASH1;HEY2;PCDH12;PHLDA2;MAPK1;ASCL2;PDGFB	GLOM	GO_BP	no_proc_ieg	10098
GOBP_POSITIVE_REGULATION_OF_BONE_MINERALIZATION	1.08554038164483	0.32172131147540983	0.5024502083857876	7/35	LTF;ISG15;GPM6B;ALOX5;MEF2C;ADRB2;BMP2	GLOM	GO_BP	no_proc_ieg	10098
GOBP_REGULATION_OF_GLYCOGEN_BIOSYNTHETIC_PROCESS	1.085537654985573	0.37474541751527496	0.5020414079264234	2/16	DYRK2;PPP1R3C	GLOM	GO_BP	no_proc_ieg	10098
GOBP_REGULATION_OF_SKELETAL_MUSCLE_CELL_DIFFERENTIATION	1.0850955774494846	0.3657587548638132	0.5026612932179657	4/15	MEF2C;GPC1;TBX1;CYP26B1	GLOM	GO_BP	no_proc_ieg	10098
GOBP_REGULATION_OF_MONOOXYGENASE_ACTIVITY	1.0824910439590738	0.3313253012048193	0.5084224046638962	8/29	HTR2B;GLA;SCARB1;GCH1;NOSIP;IL1B;ATP2B4;NFKB1	GLOM	GO_BP	no_proc_ieg	10098
GOBP_OLIGODENDROCYTE_DIFFERENTIATION	1.079921011971516	0.3075356415478615	0.514169423090981	9/76	TNFRSF1B;CSK;TLR2;GPM6B;EIF2B1;CDKN2C;CDK5;MDK;HDAC1	GLOM	GO_BP	no_proc_ieg	10098
GOBP_DEOXYRIBONUCLEOTIDE_METABOLIC_PROCESS	1.079706712204969	0.3458498023715415	0.514271936735652	12/29	GUK1;DCK;DTYMK;TYMP;ADA;SMUG1;TYMS;AK5;SAMHD1;NUDT18;DCTPP1;RRM1	GLOM	GO_BP	no_proc_ieg	10098
GOBP_VASCULAR_ENDOTHELIAL_GROWTH_FACTOR_PRODUCTION	1.079227438908231	0.3574380165289256	0.5149998815210081	9/27	HPSE;C3AR1;CCR2;BRCA1;C5AR1;C3;TGFB1;IL1B;ADAMTS3	GLOM	GO_BP	no_proc_ieg	10098
GOBP_BONE_REMODELING	1.0787111405852612	0.3486590038314176	0.5158366147320705	16/69	RASSF2;CSK;RAC2;CSF1R;P3H4;CD38;INPP5D;MDK;ADRB2;SYK;TPP1;TRAF6;EXT1;IL7;PTN;NCDN	GLOM	GO_BP	no_proc_ieg	10098
GOBP_GMP_METABOLIC_PROCESS	1.0784174036947736	0.3781190019193858	0.5161591279999719	7/21	GUK1;ADSL;HPRT1;ADA;APRT;PFAS;IMPDH1	GLOM	GO_BP	no_proc_ieg	10098
GOBP_MAMMARY_GLAND_DEVELOPMENT	1.078355940566795	0.3121272365805169	0.5158945694318956	37/100	OAS2;CSF1R;MAPK1;GATA3;NR3C1;SCRIB;KDM5B;TBX3;MSX1;NOTCH4;CCND1;CDO1;PML;TBX2;SOSTDC1;BAX;TGFBR2;TGFB1;HK2;CREB1;PGR;LBH;NME1;FGF2;NFKB1;IGFBP5;AR;BRCA2;CAPN1;WNT4;STAT5A;NEURL1;LEF1;ITGA2;DDR1;CAV1;OXTR	GLOM	GO_BP	no_proc_ieg	10098
GOBP_REGULATION_OF_RECEPTOR_MEDIATED_ENDOCYTOSIS	1.0780756711338133	0.29215686274509806	0.5161342197443761	24/84	PPT1;ARRB1;RIN3;SDCBP;FLOT1;SYK;SELE;SCRIB;C3;PPP3R1;LDLRAP1;SYT17;CCL19;RALA;MTMR2;DGKD;EFNB2;CBL;DLG4;H1-1;UBQLN2;APOC1;GREM1;LRPAP1	GLOM	GO_BP	no_proc_ieg	10098
GOBP_NEGATIVE_REGULATION_OF_EPITHELIAL_CELL_DIFFERENTIATION	1.07793576123632	0.32934131736526945	0.5160756623475682	7/36	EXTL3;TBX3;MSX1;NOTCH4;ACVRL1;EZH2;CCND1	GLOM	GO_BP	no_proc_ieg	10098
GOBP_3_UTR_MEDIATED_MRNA_STABILIZATION	1.0779201349211003	0.3567251461988304	0.5156876821393851	1/15	MYD88	GLOM	GO_BP	no_proc_ieg	10098
GOBP_GLYCOSPHINGOLIPID_METABOLIC_PROCESS	1.0775373950498224	0.3273092369477912	0.5162260649270289	11/48	FUT1;GLA;ST8SIA4;GLB1;NEU1;ST8SIA1;B4GALT5;ST6GALNAC4;BAX;ST3GAL2;HEXB	GLOM	GO_BP	no_proc_ieg	10098
GOBP_RESPONSE_TO_PROGESTERONE	1.077051115643327	0.32983193277310924	0.5169841022596204	12/32	TLR2;PTGER2;CD38;TSPO;TYMS;TGFB1;ABHD2;DSG1;NR1H3;VPS54;TGFB2;SREBF1	GLOM	GO_BP	no_proc_ieg	10098
GOBP_FIBROBLAST_APOPTOTIC_PROCESS	1.0770285796179448	0.34930139720558884	0.5166227369474556	7/19	BID;STK17B;STK17A;CASP7;PIK3CG;GAS6;CASP3	GLOM	GO_BP	no_proc_ieg	10098
GOBP_EXOCYTIC_PROCESS	1.0769260651896813	0.31679389312977096	0.5164593911943368	17/47	SYK;SCRIB;BTK;PLEK;SV2A;STXBP1;PPFIA3;SNAP29;EXOC1;SYTL2;RAB8A;UNC13B;RALB;YKT6;EXOC5;VPS11;SNCA	GLOM	GO_BP	no_proc_ieg	10098
GOBP_RESPONSE_TO_CATECHOLAMINE	1.0748632497105288	0.3223938223938224	0.520969849056473	14/44	HTR2B;TGM2;GNB1;NSG1;COMT;CAV2;GNA15;RGS4;RGS9;GNAI3;FLNA;GNA11;GSK3B;VPS35	GLOM	GO_BP	no_proc_ieg	10098
GOBP_REGULATION_OF_MYOBLAST_DIFFERENTIATION	1.0745908677029619	0.3275862068965517	0.5211947172173154	16/50	MEF2C;SOX4;SMARCD2;ID3;CXCL10;TNFSF14;SMARCE1;TBX3;SMARCC2;SOSTDC1;TGFB1;PPARD;SMARCD3;SMARCB1;CXCL9;FLOT2	GLOM	GO_BP	no_proc_ieg	10098
GOBP_POSITIVE_REGULATION_OF_SIGNALING_RECEPTOR_ACTIVITY	1.0745048784138658	0.34970530451866405	0.5209908361738484	8/23	CCR2;ADRB2;HDAC1;BUD31;EPHB2;GREM1;ADRA2A;HDAC2	GLOM	GO_BP	no_proc_ieg	10098
GOBP_THYROID_GLAND_DEVELOPMENT	1.0744025779492614	0.36059479553903345	0.5208299089842345	5/26	MAP2K1;MAPK1;CTNS;TBX1;HOXA3	GLOM	GO_BP	no_proc_ieg	10098
GOBP_SPLEEN_DEVELOPMENT	1.0740348533654849	0.3402061855670103	0.5213008058145431	7/25	LIPA;PPP2R3C;PBX1;RC3H2;CDKN2B;PKN1;FADD	GLOM	GO_BP	no_proc_ieg	10098
GOBP_RESPONSE_TO_ISCHEMIA	1.0732973605616942	0.3225152129817444	0.5226319531989007	5/52	CX3CR1;ITGAM;TIGAR;MEF2C;CSF1R	GLOM	GO_BP	no_proc_ieg	10098
GOBP_CORTICAL_ACTIN_CYTOSKELETON_ORGANIZATION	1.0729610849770246	0.36585365853658536	0.5230671510484968	10/29	CAVIN3;LCP1;ECT2;NCKAP1L;EPB41L2;IQGAP1;PLEK;EHD2;PLEC;VPS4A	GLOM	GO_BP	no_proc_ieg	10098
GOBP_RESPONSE_TO_FIBROBLAST_GROWTH_FACTOR	1.0729092015869912	0.30916030534351147	0.5227776105750134	18/82	CCL5;SHCBP1;GATA3;GPC1;KDM5B;NGFR;CD44;TBX1;IQGAP1;COL1A1;POSTN;TBX2;ITGB1BP1;EXT1;FIBP;TNC;GRB2;NPR2	GLOM	GO_BP	no_proc_ieg	10098
GOBP_PRESYNAPSE_ORGANIZATION	1.0726739245592445	0.325626204238921	0.5229392252522137	10/38	PCDH17;SDCBP;C5AR1;LRFN3;LRP4;FARP1;NLGN4X;PTEN;APP;FZD1	GLOM	GO_BP	no_proc_ieg	10098
GOBP_NEGATIVE_REGULATION_OF_VASCULAR_ASSOCIATED_SMOOTH_MUSCLE_CELL_PROLIFERATION	1.0715930678393997	0.3979381443298969	0.5251707911562308	7/18	GNA12;MEF2C;PTEN;EFEMP2;PPARG;SOD2;RBM10	GLOM	GO_BP	no_proc_ieg	10098
GOBP_NEGATIVE_REGULATION_OF_MACROAUTOPHAGY	1.0714344365354491	0.379110251450677	0.5250921548921359	5/25	TIGAR;RUBCN;TSPO;FEZ1;LZTS1	GLOM	GO_BP	no_proc_ieg	10098
GOBP_REGULATION_OF_SYNAPSE_STRUCTURE_OR_ACTIVITY	1.0701189533572628	0.2802197802197802	0.5279769943367021	30/178	RHOG;IL10RA;LILRB2;TLR2;CAMK1;PPT1;MEF2C;BDNF;CYFIP1;FCGR2B;ADAM10;SEMA3F;CDK5;EFNA1;SLC7A11;ARF4;TREM2;RAP2A;LRFN3;DNM3;LRP4;ADGRB3;VCP;FARP1;CDC20;NLGN4X;LZTS1;KIF1A;SRPX2;THBS2	GLOM	GO_BP	no_proc_ieg	10098
GOBP_OLFACTORY_LOBE_DEVELOPMENT	1.0701021886643365	0.3475609756097561	0.5275919305306989	3/24	FUT1;ATP1A2;CSF1R	GLOM	GO_BP	no_proc_ieg	10098
GOBP_POSITIVE_REGULATION_OF_ESTABLISHMENT_OF_PROTEIN_LOCALIZATION_TO_MITOCHONDRION	1.0700108846533403	0.3584158415841584	0.5273873949622486	3/23	RAC2;HTRA2;SH3GLB1	GLOM	GO_BP	no_proc_ieg	10098
GOBP_CELL_CELL_RECOGNITION	1.0694747918105085	0.34442270058708413	0.5282770385018017	9/41	DOCK2;PRF1;MSN;CORO1A;CCT8;FOLR2;CCL19;CCT3;CCT4	GLOM	GO_BP	no_proc_ieg	10098
GOBP_PROTEIN_LOCALIZATION_TO_MICROTUBULE_ORGANIZING_CENTER	1.0685163652925802	0.3433962264150943	0.5301944521367327	4/31	AURKA;STIL;RAB11A;NUP62	GLOM	GO_BP	no_proc_ieg	10098
GOBP_BLASTODERM_SEGMENTATION	1.0676423303749998	0.3949416342412451	0.5318449541496166	4/15	SEMA3F;TBX3;BASP1;NRP1	GLOM	GO_BP	no_proc_ieg	10098
GOBP_RNA_CATABOLIC_PROCESS	1.067546986843629	0.296969696969697	0.5316340686467177	55/175	MYD88;TNFRSF1B;PRR5L;ISG20;OAS2;RNASE6;POLR2G;EDC4;SLFN12;SAMD4A;DCPS;CNOT3;DBR1;PELO;NCBP2;RNASET2;MRTO4;RNASEH2A;EXOSC10;LSM7;LSM1;RC3H2;PIAS4;IKBKE;YTHDF1;RNASEH1;RNASE2;CNOT6;YTHDF2;ELAC2;CSDC2;RNASEL;FASTKD5;VIM;PPP1R8;GSPT2;HNRNPAB;SMG8;MLH1;SKIC2;RBM10;SLC11A1;UPF1;TRAF2;RNASEH2B;ZPR1;PABPC4;DICER1;SND1;AGO4;CASC3;LSM2;EXOSC2;SMG9;SMG1	GLOM	GO_BP	no_proc_ieg	10098
GOBP_PLASMA_MEMBRANE_ORGANIZATION	1.067485756367351	0.31334622823984526	0.531362599774882	29/93	SYT11;SH3GLB1;ABCA7;BIN2;FLOT1;COL6A1;CAV2;EMP2;MYOF;COL5A1;FOLR2;DEGS1;S100A10;ATP2A2;PTEN;CXCR4;ATG9A;SERP1;CASP7;COLEC12;ASAP1;MAFB;EHD2;PLEC;P2RX7;TGFB2;VPS4A;AR;CHMP1A	GLOM	GO_BP	no_proc_ieg	10098
GOBP_CELLULAR_RESPONSE_TO_UV	1.0673233517368839	0.33399602385685884	0.5313314801226633	15/66	CRIP1;TRIAP1;AURKB;PCNA;CUL4B;MAPK11;PBK;MMP2;TIMP1;POLH;BAX;PPID;MMP1;ERCC1;HYAL3	GLOM	GO_BP	no_proc_ieg	10098
GOBP_NEGATIVE_REGULATION_OF_FIBROBLAST_PROLIFERATION	1.0669110234432138	0.36254980079681276	0.5319480137753053	9/20	CD300A;IFI30;B4GALT7;BAX;SOD2;TRIM32;CDC73;CAV1;GSTP1	GLOM	GO_BP	no_proc_ieg	10098
GOBP_ARTERY_MORPHOGENESIS	1.0667604052462294	0.3422680412371134	0.5318887679400096	17/51	HEY2;COL3A1;SOX4;MDK;ACVRL1;TBX1;NRP1;COMP;HEY1;TBX2;ENG;TGFBR2;EFNB2;EFEMP2;SMAD7;PDGFRB;TGFB2	GLOM	GO_BP	no_proc_ieg	10098
GOBP_MYOBLAST_DIFFERENTIATION	1.0667537177420734	0.32	0.531476863757924	24/80	MEF2C;MAPK12;SOX4;DTYMK;MAML1;SMARCD2;ID3;CXCL10;TNFSF14;SMARCE1;TBX3;LGALS1;NRAS;SMARCC2;TBX2;SOSTDC1;TGFB1;PPARD;SMARCD3;PLEC;SMARCB1;GREM1;CXCL9;FLOT2	GLOM	GO_BP	no_proc_ieg	10098
GOBP_POSITIVE_REGULATION_OF_GENE_EXPRESSION_EPIGENETIC	1.066015772111272	0.3650485436893204	0.5328092345102022	3/29	MACROH2A1;APOBEC3F;APOBEC3A	GLOM	GO_BP	no_proc_ieg	10098
GOBP_MEIOSIS_I_CELL_CYCLE_PROCESS	1.0646555144188576	0.3254437869822485	0.5357149614766817	19/77	AURKA;RAD51AP1;ZWINT;P3H4;NDC80;RAD51;PSMD13;CDC20;TOP2A;CENPX;NDC1;MYBL1;CDC25B;CCNE1;CCNB2;PTTG1;RAD54L;FOXJ2;MUS81	GLOM	GO_BP	no_proc_ieg	10098
GOBP_REGULATION_OF_CELL_SIZE	1.0645063626930527	0.31153846153846154	0.5356520030225582	36/131	PRR16;GPRC5B;TRPV2;BDNF;LIMK1;MSN;TWF2;CYFIP1;FN1;SEMA3F;CDK5;STK39;ARHGAP4;RAP1GAP2;COL6A1;VAV1;NRP1;EIF4G2;PLEK;PTEN;CREB1;MAP2;SCT;CLN8;SEMA4F;CCDC51;RHOA;MAP1B;P2RX7;SMURF1;GDI1;CDH4;GSK3B;BMPR2;KCNN4;SLC12A4	GLOM	GO_BP	no_proc_ieg	10098
GOBP_MULTIVESICULAR_BODY_SORTING_PATHWAY	1.0635383150109865	0.36257309941520466	0.5376535029999209	9/27	RUBCN;TMEM50A;VCP;LEPROTL1;LAPTM4B;VPS28;SNF8;VPS4A;CHMP1A	GLOM	GO_BP	no_proc_ieg	10098
GOBP_COMPLEMENT_ACTIVATION_ALTERNATIVE_PATHWAY	1.0613027374858786	0.3857965451055662	0.5427000653768409	6/15	CFD;CFB;C3;VSIG4;CFP;C8G	GLOM	GO_BP	no_proc_ieg	10098
GOBP_INSULIN_LIKE_GROWTH_FACTOR_RECEPTOR_SIGNALING_PATHWAY	1.0612632677363383	0.34808853118712274	0.5423730542349424	13/41	MAP2K1;MAPK1;IGFBP6;SHC1;CILP;COL6A1;BMP2;GRB2;ERCC1;INPPL1;GRB10;IGFBP5;AR	GLOM	GO_BP	no_proc_ieg	10098
GOBP_POSITIVE_REGULATION_OF_NEURAL_PRECURSOR_CELL_PROLIFERATION	1.0605845687313729	0.3660531697341513	0.5436832683423286	14/49	CX3CR1;VEGFC;GNG5;LHX5;MDK;VCAN;CDON;ELL3;GNAI2;ASPM;TOX;SMARCD3;FLNA;FGF2	GLOM	GO_BP	no_proc_ieg	10098
GOBP_ATTACHMENT_OF_SPINDLE_MICROTUBULES_TO_KINETOCHORE	1.060128194031948	0.3702970297029703	0.5443755695890782	24/37	NSL1;ECT2;AURKB;CCNB1;NDC80;CDT1;SKA1;CDK1;KIF2C;BIRC5;NEK2;RACGAP1;SPC25;CENPE;MAPRE1;KNTC1;ZWILCH;ZNF207;MIS12;BUB3;BECN1;RB1;CDCA8;ZW10	GLOM	GO_BP	no_proc_ieg	10098
GOBP_NUCLEAR_TRANSCRIBED_MRNA_CATABOLIC_PROCESS_DEADENYLATION_DEPENDENT_DECAY	1.0592588232874443	0.3780487804878049	0.5460731195496069	6/28	POLR2G;SAMD4A;DCPS;CNOT3;LSM1;RC3H2	GLOM	GO_BP	no_proc_ieg	10098
GOBP_NEGATIVE_REGULATION_OF_ORGANELLE_ORGANIZATION	1.0587031159221678	0.31499051233396586	0.547005170015546	51/226	WAPL;LILRB2;TMSB15A;TIGAR;TINF2;ZWINT;TRIAP1;AURKB;TWF2;CAPZB;CCNB1;LCMT1;GMFG;BRCA1;CORO1A;NDC80;BUB1B;PAK2;TSPO;CAPG;FEZ1;TPX2;EXOSC10;CDC20;TOP2A;CENPF;CHEK1;LIMA1;VAT1;NME6;NAA10;IK;CDH5;TMSB10;FLII;SMARCA5;F11R;XRCC3;ERCC1;FXN;TMOD1;MAP2;NAT10;RAD1;TTK;STN1;CORO1B;PPARG;BIRC5;SLC25A4;MAP1B	GLOM	GO_BP	no_proc_ieg	10098
GOBP_REGULATION_OF_NEUROGENESIS	1.058456555356335	0.2680851063829787	0.5471770860271321	56/275	CX3CR1;MAP2K1;TNFRSF1B;TLR2;HEY2;VEGFC;TRPV2;BDNF;LIMK1;TWF2;CYFIP1;ASCL2;FN1;TGM2;SEMA3F;CDK5;MDK;VCAN;HDAC1;ARHGAP4;TREM2;TSPO;SKIL;PLAG1;BMP2;PLXNA2;NRP1;EZH2;CDON;LRP4;ELL3;EIF4G2;HEY1;METRN;S100A10;PTEN;YWHAH;CXCR4;TRAK1;GATA2;PRKCH;TGFB1;PTN;ASPM;STK25;EPHB2;SERPINF1;MAP2;CDKN2B;IL1B;SEMA4F;SMARCD3;HMGB2;ETV5;YTHDF2;MAP1B	GLOM	GO_BP	no_proc_ieg	10098
GOBP_REGULATION_OF_CELL_MATRIX_ADHESION	1.0584250364192227	0.3383742911153119	0.5468171199514446	24/95	FUT1;CD36;GPM6B;MAP4K4;DUSP22;CORO1C;KDR;EMP2;ACVRL1;NRP1;POSTN;ITGB1BP1;S100A10;CDK6;PTEN;GFUS;RRAS;SEMA3E;PEAK1;PLAU;EFEMP2;RHOA;ADAM15;GREM1	GLOM	GO_BP	no_proc_ieg	10098
GOBP_POSITIVE_REGULATION_OF_TRANSCRIPTION_BY_RNA_POLYMERASE_I	1.0583895124273621	0.3852295409181637	0.5464762854299334	6/21	CARM1;MARS1;SMARCA5;UBTF;NOL11;SMARCB1	GLOM	GO_BP	no_proc_ieg	10098
GOBP_REGULATION_OF_PHOSPHOPROTEIN_PHOSPHATASE_ACTIVITY	1.0567920081959685	0.3797979797979798	0.5500527138431068	8/25	CD300A;GNA12;NCKAP1L;HTT;CALM3;CALM1;PDGFRB;GSK3B	GLOM	GO_BP	no_proc_ieg	10098
GOBP_REGULATION_OF_TRANSCRIPTION_REGULATORY_REGION_DNA_BINDING	1.0562869535369361	0.36416184971098264	0.5508190843648909	6/27	TWIST1;HEY2;GATA3;TRAF6;DDRGK1;ZBTB7A	GLOM	GO_BP	no_proc_ieg	10098
GOBP_ERYTHROCYTE_HOMEOSTASIS	1.0560136216798588	0.3550185873605948	0.5510693049907143	21/101	HCLS1;ISG15;RAC2;ADAR;ETS1;ALAS1;GATA3;INPP5D;NCKAP1L;HOXB6;IKZF1;PTPN2;MAPK11;RPS19;PKNOX1;CDK6;SPI1;ETV2;GATA2;ZBTB7A;KLF13	GLOM	GO_BP	no_proc_ieg	10098
GOBP_LEARNING	1.054924744769195	0.3416988416988417	0.5534133737288607	25/117	SYT11;TLR2;ATP1A2;PPT1;RAG1;CTNS;ABCA7;CDK5;HTT;SLC7A11;ARF4;RIC8A;ADCY3;COMT;ADGRB3;NLGN4X;YTHDF1;PDE8B;PTN;VDAC3;EPHB2;APP;CLN8;DLG4;TUBA1A	GLOM	GO_BP	no_proc_ieg	10098
GOBP_NEGATIVE_REGULATION_OF_CYSTEINE_TYPE_ENDOPEPTIDASE_ACTIVITY	1.0535718916225516	0.3592814371257485	0.5563550177020302	8/47	RPS6KA3;CST7;LTF;TRIAP1;CARD8;PAK2;CD44;IFI6	GLOM	GO_BP	no_proc_ieg	10098
GOBP_REGULATION_OF_PHOSPHATASE_ACTIVITY	1.053442011532683	0.38414634146341464	0.5562686469218594	12/35	CD300A;GNA12;MEF2C;NCKAP1L;HTT;BMP2;CALM3;PLEK;CALM1;MTMR9;PDGFRB;GSK3B	GLOM	GO_BP	no_proc_ieg	10098
GOBP_POSITIVE_REGULATION_OF_TRANSLATIONAL_INITIATION	1.0531917180699768	0.34980237154150196	0.5564847747525342	7/19	CCL5;POLR2G;DNAJC3;YTHDF1;YTHDF2;RPS6KB2;EIF2B5	GLOM	GO_BP	no_proc_ieg	10098
GOBP_EXTRACELLULAR_VESICLE_BIOGENESIS	1.0531044882905254	0.395112016293279	0.5562579150027314	9/16	RAB11A;SDCBP;COPS5;CD34;SNF8;VPS4A;RAB7A;CHMP2A;STAM	GLOM	GO_BP	no_proc_ieg	10098
GOBP_POSTSYNAPSE_ORGANIZATION	1.05292256840497	0.32695984703632885	0.556299950834295	29/131	RHOG;LILRB2;FCGR2B;ADAM10;SEMA3F;CDK5;RER1;EFNA1;FNTA;SLC7A11;ARF4;TREM2;DOCK10;NRP1;DNM3;LRP4;FARP1;NLGN4X;STK38L;LZTS1;KIF1A;PTEN;ARHGAP22;MTMR2;GLRB;EPHB2;ARHGAP44;ASAP1;DLG4	GLOM	GO_BP	no_proc_ieg	10098
GOBP_RRNA_MODIFICATION	1.0526767458697046	0.376953125	0.5564944986410119	17/25	NOP10;NHP2;TSR3;DIMT1;NAT10;EMG1;MRM3;FBL;FTSJ3;MRM2;NOP2;NSUN3;TRMT112;TFB1M;NSUN5P1;DKC1;RPUSD2	GLOM	GO_BP	no_proc_ieg	10098
GOBP_REGULATION_OF_PROTEIN_LOCALIZATION_TO_MEMBRANE	1.0525147490895943	0.3359073359073359	0.5564521675327286	21/125	RHOG;ITGB2;ITGAM;CSK;GBP1;NETO2;ADAM10;LYPD1;CDK5;GPC1;RER1;FNTA;SLC7A11;TREM2;TMBIM1;STOM;LDLRAP1;LRP4;FARP1;AGR2;ITGB1BP1	GLOM	GO_BP	no_proc_ieg	10098
GOBP_NEGATIVE_REGULATION_OF_DNA_REPAIR	1.0523798674568763	0.38181818181818183	0.5563503683806537	2/24	TWIST1;PARPBP	GLOM	GO_BP	no_proc_ieg	10098
GOBP_REGULATION_OF_CALCIUM_ION_TRANSPORT	1.0520613243839538	0.3145631067961165	0.5567045107142611	33/177	CCL5;LILRB2;HOMER3;CCL4;PTPN6;ATP1A2;TRPV2;TRIM27;TRPC6;UCP2;LILRA2;LILRA5;PDGFB;FKBP1B;GPR35;CXCL10;CCR1;HTT;CORO1A;TSPO;PPP3R1;RGS4;GNAI2;PSEN2;CXCL11;PML;CD4;CALM3;CLIC2;RGS9;APLNR;CXCR4;BAX	GLOM	GO_BP	no_proc_ieg	10098
GOBP_ARTERY_DEVELOPMENT	1.0514701609739494	0.35196687370600416	0.5577521605140927	28/70	HEY2;COL3A1;SOX4;MDK;COMT;NGFR;ACVRL1;TBX1;NRP1;COMP;HEY1;TBX2;ENG;APLNR;TGFBR2;EFNB2;EFEMP2;SMAD7;PDGFRB;TGFB2;BMPR2;ADAMTS6;GAA;NDST1;AP2B1;DCTN5;SNX17;SIX1	GLOM	GO_BP	no_proc_ieg	10098
GOBP_VASCULAR_ASSOCIATED_SMOOTH_MUSCLE_CELL_MIGRATION	1.0514475739657354	0.3900414937759336	0.5573796859468597	4/19	GNA12;MEF2C;PDGFB;ADAMTS1	GLOM	GO_BP	no_proc_ieg	10098
GOBP_LOCALIZATION_WITHIN_MEMBRANE	1.0509884449082558	0.28233151183970856	0.558131044188924	120/424	CD53;RHOG;ITGB2;DOCK2;ITGAM;CSK;ZDHHC18;GBP1;BID;EMC7;NETO2;ARL6IP5;RAB11A;SEC61B;ATP1B3;TMEM147;ITGAL;ADAM10;BAG4;ZDHHC3;NCLN;SH3GLB1;LYPD1;ATP13A1;ARL4C;ITGA4;CDK5;GPC1;RER1;SDCBP;FLOT1;FNTA;SLC7A11;SCRIB;TREM2;NSG1;TESC;TMBIM1;SNX3;CMTM6;RAB31;EMP2;RAB32;STOM;RTP4;RAP2A;FYB1;LDLRAP1;CCDC22;LRP4;FARP1;RAB35;TMCO1;AGR2;SEC16A;TM9SF1;ITGB1BP1;S100A10;CD2;STXBP1;BAX;NDC1;PRKCH;RALA;F11R;GLRB;PID1;TGFB1;TSPAN5;PTN;EPHB2;CACNB3;ATG3;SSNA1;UBL4A;VAMP4;RAMP2;EHD3;ARHGAP44;ASAP1;DLG4;GORASP2;SSR3;ANK1;SSR2;RAMP1;NHERF2;EHD2;PACS1;EXOC1;ATP2B4;LMNB1;FLNA;SMURF1;SNF8;RAB8A;TIMM8B;VPS4A;PLEKHF1;GDI1;AR;RAB38;MYO5A;FLOT2;VAMP5;CPE;CD81;VPS35;NACAD;RAB8B;AP2M1;DEF6;DAG1;SRPRB;EXOC5;NSF;CRK;ICMT;ANKRD27;IFT20	GLOM	GO_BP	no_proc_ieg	10098
GOBP_REGULATION_OF_T_CELL_APOPTOTIC_PROCESS	1.0509624057564384	0.3715953307392996	0.5577571118923268	5/24	CCL5;IDO1;RAG1;EFNA1;ADA	GLOM	GO_BP	no_proc_ieg	10098
GOBP_REGULATION_OF_GLYCOGEN_METABOLIC_PROCESS	1.0503970527701683	0.3956692913385827	0.5587370499710413	5/22	DYRK2;PHLDA2;PPP1R3C;RUBCNL;POMC	GLOM	GO_BP	no_proc_ieg	10098
GOBP_ENDOCHONDRAL_BONE_MORPHOGENESIS	1.0501062553684384	0.37142857142857144	0.5590371658986959	16/43	MEF2C;COL3A1;COL13A1;THBS3;SERPINH1;CSGALNACT1;COMP;COL1A1;EXT1;TGFBR2;INPPL1;NPR2;HOXA11;FGFR3;BMPR2;EXT2	GLOM	GO_BP	no_proc_ieg	10098
GOBP_REGULATION_OF_PROTEIN_POLYMERIZATION	1.0498269688227977	0.3715953307392996	0.5593063618461549	24/131	HCLS1;PYCARD;TMSB15A;HCK;ARPC2;TWF2;CYFIP1;CAPZB;BAG4;PSRC1;NCKAP1L;CORO1A;CAPG;CYRIA;AMBRA1;CDH5;TMSB10;COTL1;FLII;ARPC5;GRB2;TMOD1;MAP2;CDC42EP1	GLOM	GO_BP	no_proc_ieg	10098
GOBP_TRANSFORMING_GROWTH_FACTOR_BETA_RECEPTOR_SIGNALING_PATHWAY	1.0496522137131041	0.348	0.5593030275960432	34/143	SAP30L;DKK3;COL3A1;COL1A2;FAM89B;DUSP22;CHST11;SDCBP;LPXN;FNTA;HDAC1;CILP;SKIL;CAV2;LRRC32;ADISSP;ACVRL1;BMP2;LTBP1;PMEPA1;TGFB1I1;BAMBI;PML;LDLRAD4;ENG;CDH5;ZBTB7A;ID1;TGFBR2;TGFB1;FBN1;RNF111;SMURF2;CDKN2B	GLOM	GO_BP	no_proc_ieg	10098
GOBP_PYRIMIDINE_CONTAINING_COMPOUND_METABOLIC_PROCESS	1.049049823866849	0.37074148296593185	0.5604585232299039	21/65	APOBEC3F;MAPK1;DCK;TK1;DTYMK;UCK2;APOBEC3A;TYMP;APOBEC3G;SMUG1;ENTPD7;TYMS;NME6;NME3;AK5;TPK1;NME1;CTPS1;DPYSL3;DCTPP1;RRM1	GLOM	GO_BP	no_proc_ieg	10098
GOBP_HEART_FORMATION	1.0490196165240642	0.3737166324435318	0.5601027537622817	6/25	MEF2C;GNG5;SOX17;EMP2;BMP2;EXT1	GLOM	GO_BP	no_proc_ieg	10098
GOBP_STEM_CELL_DIVISION	1.0488318876167773	0.3638211382113821	0.5601586534534861	7/22	YME1L1;SOX17;EVI2B;EXT1;LBH;ETV5;TGFB2	GLOM	GO_BP	no_proc_ieg	10098
GOBP_TELOMERE_CAPPING	1.0488218126752629	0.37349397590361444	0.5597473377122473	3/25	TINF2;AURKB;MAPK1	GLOM	GO_BP	no_proc_ieg	10098
GOBP_GLIAL_CELL_PROLIFERATION	1.0483426670970362	0.37067209775967414	0.5605360494112501	7/40	VEGFC;CSF1R;SOX4;ASCL2;TREM2;TSPO;PLAG1	GLOM	GO_BP	no_proc_ieg	10098
GOBP_ENDOSOMAL_TRANSPORT	1.0478968272818001	0.32727272727272727	0.5611764333708846	69/171	MAP2K1;RAB11A;TRIM27;MAPK1;MSN;TMED9;CORO1C;ARL4C;BET1L;TMEM50A;CORO1A;SCRIB;NSG1;GOLT1B;SNX3;CMTM6;EMP2;TINAGL1;CCDC22;DENND5A;VCP;RAB35;LEPROTL1;RUFY1;MTMR2;LAPTM4B;VAMP4;EHD3;ARHGAP44;VPS28;ABCA1;SNX1;VPS54;EHD2;DCTN1;FLNA;SNF8;RAB8A;VPS4A;CHMP1A;SGSM2;VPS35;RAB8B;DCLK1;YKT6;USP7;VPS11;ANKRD27;SPAG9;ATP6AP1;SNX17;RAB7A;CHMP2A;PLEKHJ1;STX6;AP5S1;RASSF9;CLTC;STAM;INPP5F;UBXN6;RAB6B;EHD4;WAS;SCARB2;BLOC1S1;RAB14;NF2;SQSTM1	GLOM	GO_BP	no_proc_ieg	10098
GOBP_ERAD_PATHWAY	1.0473529789512603	0.3663551401869159	0.5621642738975428	29/73	UBE2J1;RCN3;SEC61B;AUP1;DERL1;VCP;UGGT1;USP14;UBXN8;MAN1B1;SDF2L1;DNAJC10;TRIM25;UBQLN2;UBXN1;BCAP31;OS9;UFD1;DNAJB2;TOR1A;DERL2;WFS1;USP13;RNFT1;TMUB2;SGTA;CAV1;NPLOC4;HSPA5	GLOM	GO_BP	no_proc_ieg	10098
GOBP_SPHINGOLIPID_METABOLIC_PROCESS	1.0473014090197712	0.33070866141732286	0.5618719067222224	27/112	ORMDL2;FUT1;GLA;PPT1;HTRA2;PLPP2;ST8SIA4;ELOVL1;ELOVL5;HACD1;GLB1;NEU1;ST8SIA1;B4GALT5;DEGS1;ST6GALNAC4;BAX;PLPP3;ST3GAL2;HEXB;PLA2G15;SPTLC2;CLN8;VPS54;PLPP1;SGPL1;P2RX7	GLOM	GO_BP	no_proc_ieg	10098
GOBP_POSITIVE_REGULATION_OF_MUSCLE_CELL_APOPTOTIC_PROCESS	1.0464232550494013	0.40239043824701193	0.5636545051583074	8/22	TIGAR;E2F3;ATP2A2;IL12A;PPARG;LTK;SOD2;RBM10	GLOM	GO_BP	no_proc_ieg	10098
GOBP_POSITIVE_REGULATION_OF_ORGAN_GROWTH	1.0456307726242136	0.3825242718446602	0.5652523285980166	9/37	HLX;HEY2;MEF2C;SASH3;BASP1;TBX2;IL7;SERP1;CDK1	GLOM	GO_BP	no_proc_ieg	10098
GOBP_REGULATION_OF_CELLULAR_RESPIRATION	1.0444503452106135	0.3788187372708758	0.5677389531882923	9/31	MACROH2A1;IFNAR1;CBFA2T3;VCP;DNAJC15;SHMT2;RHOA;TREX1;SNCA	GLOM	GO_BP	no_proc_ieg	10098
GOBP_POSITIVE_REGULATION_OF_SMOOTH_MUSCLE_CELL_PROLIFERATION	1.0442850408866604	0.38269230769230766	0.5676843455891799	22/68	DNMT1;MYD88;CCL5;PDGFB;HDAC1;TLR4;ADAMTS1;MMP2;PTAFR;LDLRAP1;GNAI2;NPY5R;TGFB1;IRAK4;CCN4;FOXJ2;PDGFRB;FGF2;IGFBP5;CALCRL;S1PR1;IRAK1	GLOM	GO_BP	no_proc_ieg	10098
GOBP_POSITIVE_REGULATION_OF_VASCULAR_ASSOCIATED_SMOOTH_MUSCLE_CELL_PROLIFERATION	1.0415895877117438	0.3929273084479371	0.5740888849213561	10/29	DNMT1;PDGFB;ADAMTS1;MMP2;LDLRAP1;GNAI2;FOXJ2;FGF2;IGFBP5;CALCRL	GLOM	GO_BP	no_proc_ieg	10098
GOBP_REGULATION_OF_AEROBIC_RESPIRATION	1.0411129186103247	0.3995943204868154	0.5748429940662192	6/23	MACROH2A1;CBFA2T3;VCP;DNAJC15;SHMT2;RHOA	GLOM	GO_BP	no_proc_ieg	10098
GOBP_REGULATION_OF_NEURON_APOPTOTIC_PROCESS	1.041095510023249	0.33984375	0.5744393124998649	37/171	CX3CR1;IL27RA;PPT1;HTRA2;MEF2C;BDNF;UCP2;FCGR2B;GATA3;CDK5;NR3C1;MDK;CORO1A;KDR;TREM2;MAP3K11;SIGMAR1;MMP2;CASP8;THAP11;NRP1;CDC34;CASP4;CCND1;GRN;AMBRA1;STXBP1;GCH1;BAX;SEMA3E;FZD1;CASP7;CASP2;KIF14;CLN8;VPS54;RHOA	GLOM	GO_BP	no_proc_ieg	10098
GOBP_POSITIVE_T_CELL_SELECTION	1.0407258198579608	0.3798449612403101	0.5749455584701317	10/31	DOCK2;PTPRC;CD3D;PTPN2;TBX21;TOX;CYLD;CD74;SPN;IL12RB1	GLOM	GO_BP	no_proc_ieg	10098
GOBP_CELL_SUBSTRATE_JUNCTION_ORGANIZATION	1.0401625239858934	0.3727810650887574	0.5759726795432134	22/83	GPM6B;MAP4K4;LAMTOR2;FN1;DUSP22;CDH11;CORO1C;KDR;LAMC1;ACVRL1;NRP1;TNS1;ITGB1BP1;S100A10;ITGA5;PTEN;PEAK1;MAPRE2;IQSEC1;RHOA;PLEC;GREM1	GLOM	GO_BP	no_proc_ieg	10098
GOBP_MISMATCH_REPAIR	1.039275726711555	0.41929133858267714	0.5777218022713994	10/21	PCNA;RPA2;RNASEH2A;RPA1;PMS1;TREX1;MLH1;RNASEH2B;ABL1;MLH3	GLOM	GO_BP	no_proc_ieg	10098
GOBP_PYRIMIDINE_NUCLEOTIDE_METABOLIC_PROCESS	1.0389523845098094	0.3790983606557377	0.578115561312022	13/40	DCK;DTYMK;UCK2;TYMP;SMUG1;ENTPD7;TYMS;NME6;NME3;AK5;NME1;CTPS1;DCTPP1	GLOM	GO_BP	no_proc_ieg	10098
GOBP_SUBSTRATE_ADHESION_DEPENDENT_CELL_SPREADING	1.0382564333126576	0.39090909090909093	0.5794374836613648	15/76	GBP1;ARPC2;FN1;CORO1C;ITGA4;EFNA1;PARVB;MDK;LPXN;LAMC1;NRP1;AKIP1;POSTN;ITGB1BP1;S100A10	GLOM	GO_BP	no_proc_ieg	10098
GOBP_BONE_RESORPTION	1.0376755768710142	0.391812865497076	0.5804862308355244	12/49	CSK;RAC2;CSF1R;CD38;INPP5D;ADRB2;SYK;TPP1;TRAF6;EXT1;IL7;NCDN	GLOM	GO_BP	no_proc_ieg	10098
GOBP_INTEGRATED_STRESS_RESPONSE_SIGNALING	1.0372276632784152	0.3889980353634578	0.5811795259261789	6/32	DELE1;ABCA7;CEBPA;PTPN2;DDRGK1;AGR2	GLOM	GO_BP	no_proc_ieg	10098
GOBP_REGULATION_OF_POLYSACCHARIDE_BIOSYNTHETIC_PROCESS	1.036770024968754	0.4063157894736842	0.58193837359133	3/23	DYRK2;PPP1R3C;PDGFB	GLOM	GO_BP	no_proc_ieg	10098
GOBP_EMBRYONIC_HINDLIMB_MORPHOGENESIS	1.0365746585653903	0.39766081871345027	0.581999696387498	3/21	TWIST1;TBX3;MSX1	GLOM	GO_BP	no_proc_ieg	10098
GOBP_ENSHEATHMENT_OF_NEURONS	1.0362364944399889	0.364	0.5824531824426213	26/113	MAP2K1;TNFRSF1B;CST7;TLR2;PMP22;GPM6B;MAPK1;CYFIP1;TYMP;GPC1;COL6A1;PPP3R1;B4GALT5;DEGS1;PTEN;JAM2;CXCR4;HEXB;MTMR2;TGFB1;GRB2;PTN;FIG4;KIF14;MIOS;PPARD	GLOM	GO_BP	no_proc_ieg	10098
GOBP_REGULATION_OF_STEM_CELL_DIFFERENTIATION	1.0361974761606507	0.38747553816046965	0.5820973503370276	22/54	GATAD2A;SOX17;HDAC1;TBX3;EZH2;NELFB;TCF15;CDK6;TGFBR2;PTN;FZD1;LBH;PUS7;YTHDF2;FGF2;TGFB2;GSK3B;CHD3;MBD3;HDAC2;MTA2;ABL1	GLOM	GO_BP	no_proc_ieg	10098
GOBP_MIRNA_METABOLIC_PROCESS	1.0359472376281125	0.3983739837398374	0.5822750570450261	20/71	TWIST1;ETS1;PDGFB;GATA3;NR3C1;LILRB4;NGFR;BMP2;RC3H2;SPI1;GATA2;TGFB1;DROSHA;PPARD;PPARG;FGF2;TGFB2;NFKB1;SREBF1;AR	GLOM	GO_BP	no_proc_ieg	10098
GOBP_REGULATION_OF_MYELOID_CELL_APOPTOTIC_PROCESS	1.0359319341965088	0.3935361216730038	0.5818748128284011	9/24	CCL5;MEF2C;NOD2;SLC7A11;SNAI2;ANXA1;KITLG;IRF7;CCR5	GLOM	GO_BP	no_proc_ieg	10098
GOBP_POSITIVE_REGULATION_OF_MITOTIC_NUCLEAR_DIVISION	1.0354248613153718	0.3956262425447316	0.5827971329729131	9/35	AURKA;NUSAP1;PDGFB;NUP62;DLGAP5;CDC20;UBE2C;IL1B;PDGFRB	GLOM	GO_BP	no_proc_ieg	10098
GOBP_REGULATION_OF_JNK_CASCADE	1.0354074844596972	0.37375745526838966	0.5823928535455697	31/102	PYCARD;MYD88;RASSF2;MAP4K4;FCGR2B;DUSP22;SDCBP;NOD2;TLR4;CARD9;MAP3K11;SLAMF1;RAP2A;COPS5;CCL19;DACT1;FKTN;APP;GADD45A;PTPN22;MECOM;IL1B;CYLD;TAOK3;LTBR;DVL3;TLR3;FLT4;CD27;PHLPP1;CRK	GLOM	GO_BP	no_proc_ieg	10098
GOBP_NEGATIVE_REGULATION_OF_STEM_CELL_DIFFERENTIATION	1.0352817790321716	0.4061224489795918	0.5822710035122272	7/16	TBX3;EZH2;NELFB;TCF15;LBH;YTHDF2;GSK3B	GLOM	GO_BP	no_proc_ieg	10098
GOBP_REGULATION_OF_VESICLE_FUSION	1.0350238953103592	0.40535372848948376	0.5824928559343389	8/17	CORO1A;ANXA1;SLAMF1;STXBP1;CPLANE2;ANKRD27;SNCA;SPHK1	GLOM	GO_BP	no_proc_ieg	10098
GOBP_REGULATION_OF_POLYSACCHARIDE_METABOLIC_PROCESS	1.0349196124115203	0.4134419551934827	0.5823329756477392	7/29	DYRK2;PHLDA2;PPP1R3C;PDGFB;RUBCNL;POMC;TGFB1	GLOM	GO_BP	no_proc_ieg	10098
GOBP_POSITIVE_REGULATION_OF_PROTEIN_MATURATION	1.0345200436624786	0.38979591836734695	0.5829338554912372	4/19	SOX4;BAG2;S100A10;CLEC3B	GLOM	GO_BP	no_proc_ieg	10098
GOBP_REGULATION_OF_SUPRAMOLECULAR_FIBER_ORGANIZATION	1.034517969002171	0.34368932038834954	0.5824971567798201	54/258	HCLS1;PYCARD;TMSB15A;HCK;MAP1S;ARPC2;TRIM27;LIMK1;TWF2;CYFIP1;CAPZB;GPR65;BAG4;PSRC1;NCKAP1L;GMFG;EMILIN1;CORO1A;TREM2;PAK2;AEBP1;CAPG;COL6A1;CYRIA;NRP1;TPX2;RGS4;LIMA1;ITGB1BP1;PLEK;S100A10;COLGALT1;PFDN1;CDH5;TMSB10;COTL1;FLII;F11R;ARPC5;GRB2;VBP1;TMOD1;APP;MAP2;CDC42EP1;RHOC;EFEMP2;SPAST;RHOA;CORO1B;MAP1B;DCTN1;FLNA;FCHSD2	GLOM	GO_BP	no_proc_ieg	10098
GOBP_POSITIVE_REGULATION_OF_TYROSINE_PHOSPHORYLATION_OF_STAT_PROTEIN	1.034461026868467	0.39250493096646943	0.5821888087423436	4/46	HCLS1;CCL5;CD40;CSF1R	GLOM	GO_BP	no_proc_ieg	10098
GOBP_POSITIVE_REGULATION_OF_HUMORAL_IMMUNE_RESPONSE	1.0342133194598762	0.42655935613682094	0.5823887581226205	5/17	PTPRC;FCGR2B;NOD2;TREM2;C3	GLOM	GO_BP	no_proc_ieg	10098
GOBP_ICOSANOID_METABOLIC_PROCESS	1.033095908715376	0.38372093023255816	0.5848123821282989	20/76	PYCARD;CASP1;MGLL;DPEP2;TLR2;ALOX5;FADS1;SYK;PLA2G4C;COMT;LTC4S;PLA2G4A;PTGS1;GGT5;MGST3;TBXAS1;LTA4H;IL1B;AKR1B1;CD74	GLOM	GO_BP	no_proc_ieg	10098
GOBP_ROOF_OF_MOUTH_DEVELOPMENT	1.0318549777782062	0.3817829457364341	0.5875090688896798	18/66	TWIST1;GDF11;ANP32B;MSC;SNAI2;JAG2;TBX3;LRRC32;MSX1;TBX1;TBX2;TGFBR2;EPHB2;FZD1;ITGB6;MEOX2;SGPL1;TGFB2	GLOM	GO_BP	no_proc_ieg	10098
GOBP_PROTEIN_POLYUBIQUITINATION	1.030434973094363	0.38461538461538464	0.5907150978589031	47/167	NMI;UBE2J1;RBCK1;DTL;RNF125;TRIM27;TRIM5;RMND5A;BRCA1;NOD2;CHFR;CUL4B;UBE2L6;WSB2;TRIM21;CDC34;TRAF6;RC3H2;FZR1;AMBRA1;WDR77;IFI27;PRPF19;RUSC1;RNF111;PTPN22;UBE2C;TRIM3;CBL;TRIM25;GABARAP;RBX1;CDC27;SMURF1;TRIM22;RNF34;UBE2A;SKP2;TRIM45;TRIM44;TRIM32;DDA1;THOP1;PLAA;UBE2D2;CBFB;UBE3C	GLOM	GO_BP	no_proc_ieg	10098
GOBP_ENDOCYTIC_RECYCLING	1.0297209855314953	0.4091778202676864	0.5920966528053963	25/52	RAB11A;ARL4C;SCRIB;NSG1;SNX3;CMTM6;CCDC22;RAB35;VAMP4;EHD3;ARHGAP44;EHD2;SNF8;RAB8A;VPS35;RAB8B;ANKRD27;ATP6AP1;SNX17;RAB7A;STX6;INPP5F;EHD4;SCARB2;RAB14	GLOM	GO_BP	no_proc_ieg	10098
GOBP_POSITIVE_REGULATION_OF_PROTEIN_AUTOPHOSPHORYLATION	1.029019936621433	0.4268041237113402	0.5934458165929303	5/18	RASSF2;VEGFC;PDGFB;RAP2A;CALM3	GLOM	GO_BP	no_proc_ieg	10098
GOBP_GTP_METABOLIC_PROCESS	1.0288466009683404	0.42412451361867703	0.5934622469427141	8/15	RAB23;ENTPD7;NME6;NME3;GNAI3;NME1;MFN1;IMPDH1	GLOM	GO_BP	no_proc_ieg	10098
GOBP_OSSIFICATION	1.0287602944402956	0.3722334004024145	0.5932391059713289	50/295	RASSF2;FGR;TWIST1;LTF;CLEC11A;VEGFC;ISG15;GPM6B;ALOX5;MEF2C;ADAR;MAPK1;BCAP29;COL1A2;IFITM1;CDH11;ID3;CCR1;COL5A2;OSTF1;MDK;ADRB2;VCAN;COL13A1;CEBPA;THBS3;CSGALNACT1;SNAI2;MAPK11;CLIC1;TRPM4;COL6A1;MMP2;ECM1;BMP2;RUNX3;COL11A1;MN1;PBX1;TRAF6;LRP4;TPM4;COMP;TMCO1;COL1A1;BAMBI;EXT1;CDK6;RYR1;TNC	GLOM	GO_BP	no_proc_ieg	10098
GOBP_REGULATION_OF_LONG_TERM_SYNAPTIC_POTENTIATION	1.0287451223281094	0.41044776119402987	0.592834887060629	3/31	CX3CR1;TYROBP;LILRB2	GLOM	GO_BP	no_proc_ieg	10098
GOBP_MODULATION_BY_HOST_OF_VIRAL_PROCESS	1.0287328691116941	0.4008097165991903	0.5924220451816249	9/29	LTF;CSF1R;CCNK;CAV2;STOM;PTX3;PPIB;IFI27;CCL8	GLOM	GO_BP	no_proc_ieg	10098
GOBP_REGULATION_OF_ORGANELLE_ASSEMBLY	1.0286889942384632	0.3858695652173913	0.5920819456337013	43/153	HCK;STIL;LCP1;RAB11A;MSN;TBC1D2B;NUP62;SH3GLB1;PLK2;TBC1D2;SDCBP;BRCA1;HTT;FSCN1;ARF4;CAPG;GPSM2;FEZ1;PIP4K2A;STX18;ODF2;WRAP73;EML3;EPHB2;ATG3;ASAP1;CYLD;RHOA;UBQLN2;CNOT6;EFNB1;CHMP1A;GSK3B;G3BP1;RALB;TRIM32;CROCC;CEP135;VPS11;IFT20;TBC1D12;WDR45;TBC1D8	GLOM	GO_BP	no_proc_ieg	10098
GOBP_REGULATION_OF_MUSCLE_ORGAN_DEVELOPMENT	1.0284213075266981	0.40039447731755423	0.5923138641777458	6/19	TWIST1;CENPF;TGFB1;CREB1;FGF3;LEF1	GLOM	GO_BP	no_proc_ieg	10098
GOBP_POSITIVE_REGULATION_OF_RECEPTOR_SIGNALING_PATHWAY_VIA_STAT	1.0280036055841362	0.38537549407114624	0.5929816970849514	3/37	CD300A;CCL5;IL10RA	GLOM	GO_BP	no_proc_ieg	10098
GOBP_CERAMIDE_METABOLIC_PROCESS	1.0270154284685464	0.41420118343195267	0.5950475365785323	19/72	ORMDL2;GLA;HTRA2;PLPP2;ST8SIA4;ELOVL1;NEU1;B4GALT5;DEGS1;ST6GALNAC4;PLPP3;ST3GAL2;HEXB;PLA2G15;SPTLC2;CLN8;PLPP1;SGPL1;P2RX7	GLOM	GO_BP	no_proc_ieg	10098
GOBP_NEGATIVE_REGULATION_OF_MUSCLE_HYPERTROPHY	1.0263169950523752	0.41749502982107356	0.5964673153532455	11/20	TNFRSF1B;RGS4;PPARG;ATP2B4;IGFBP5;G6PD;P2RX4;GLRX3;LMNA;MSTN;CTDP1	GLOM	GO_BP	no_proc_ieg	10098
GOBP_ADULT_LOCOMOTORY_BEHAVIOR	1.0258207708198266	0.4027777777777778	0.5973201853648331	15/63	ATP1A2;PPT1;HTRA2;CTNS;HOXB8;NTAN1;CSTB;GLRB;FXN;TMOD1;APP;CLN8;TUBA1A;CCND2;UCHL1	GLOM	GO_BP	no_proc_ieg	10098
GOBP_REGULATION_OF_DOUBLE_STRAND_BREAK_REPAIR	1.025037535822042	0.4165103189493433	0.598989093650497	33/91	TWIST1;RAD51AP1;PARPBP;SMARCD2;RPA2;SMARCE1;RAD51;FOXM1;CHEK1;PML;SMARCC2;PIAS4;MRGBP;CYREN;RUVBL1;SMARCD3;SMARCB1;SKP2;SETMAR;KMT5B;TFIP11;PPP4C;ABL1;EP400;ACTB;PARP1;RUVBL2;ZNF365;WAS;WRAP53;UBE2V2;TP53BP1;ING3	GLOM	GO_BP	no_proc_ieg	10098
GOBP_NUCLEOSIDE_TRIPHOSPHATE_METABOLIC_PROCESS	1.0249026082132031	0.36726546906187624	0.598883614132167	47/169	ENO2;LIPA;TIGAR;ATP1A2;GUK1;NADK;UCP2;DTYMK;HK3;CTNS;UCK2;ITPA;TREM2;TSPO;ENO3;RAB23;COL6A1;ADA;CBFA2T3;NDUFA8;ATP5MF;VCP;AK1;NT5E;ENTPD7;TYMS;NME6;NME3;GNAI3;ZBTB7A;DNM1L;PID1;TGFB1;AK5;HK2;APP;SAMHD1;BPGM;NME1;UCHL1;CTPS1;MFN1;IMPDH1;P2RX7;HDAC4;MYH7;DCTPP1	GLOM	GO_BP	no_proc_ieg	10098
GOBP_ENDOPLASMIC_RETICULUM_CALCIUM_ION_HOMEOSTASIS	1.0248658824765724	0.4406779661016949	0.5985273791158331	7/18	TGM2;RAP1GDS1;TMCO1;PML;ATP2A2;BAX;APP	GLOM	GO_BP	no_proc_ieg	10098
GOBP_REGULATION_OF_ACTIN_FILAMENT_ORGANIZATION	1.0242273143855298	0.37957610789980734	0.5997085171781155	33/176	HCLS1;PYCARD;TMSB15A;HCK;ARPC2;TRIM27;LIMK1;TWF2;CYFIP1;CAPZB;GPR65;BAG4;NCKAP1L;GMFG;CORO1A;PAK2;CAPG;CYRIA;NRP1;RGS4;LIMA1;ITGB1BP1;PLEK;S100A10;TMSB10;COTL1;FLII;F11R;ARPC5;GRB2;TMOD1;CDC42EP1;RHOC	GLOM	GO_BP	no_proc_ieg	10098
GOBP_PROTEIN_INSERTION_INTO_MEMBRANE	1.0240207009711273	0.4104627766599598	0.5997975074990124	7/27	EMC7;TMEM147;NCLN;RTP4;TMCO1;BAX;UBL4A	GLOM	GO_BP	no_proc_ieg	10098
GOBP_POSITIVE_REGULATION_OF_VASCULAR_ENDOTHELIAL_GROWTH_FACTOR_PRODUCTION	1.0235320502385035	0.4271255060728745	0.6006182897584984	7/21	HPSE;C3AR1;BRCA1;C5AR1;C3;TGFB1;IL1B	GLOM	GO_BP	no_proc_ieg	10098
GOBP_CALCINEURIN_MEDIATED_SIGNALING	1.0231833095330745	0.42168674698795183	0.6010696650686366	3/34	DYRK2;HOMER3;MYOZ2	GLOM	GO_BP	no_proc_ieg	10098
GOBP_DEOXYRIBONUCLEOSIDE_MONOPHOSPHATE_METABOLIC_PROCESS	1.0228722927122496	0.42429906542056073	0.6014049291418688	6/17	GUK1;DCK;TK1;TYMP;ADA;TYMS	GLOM	GO_BP	no_proc_ieg	10098
GOBP_POSITIVE_REGULATION_OF_RECEPTOR_MEDIATED_ENDOCYTOSIS	1.0225400804557319	0.4288577154308617	0.6018301502868463	14/40	PPT1;ARRB1;SYK;SELE;C3;LDLRAP1;CCL19;DGKD;CBL;H1-1;GREM1;AP2M1;CD63;CLU	GLOM	GO_BP	no_proc_ieg	10098
GOBP_POSITIVE_REGULATION_OF_CALCIUM_ION_IMPORT	1.0224506440018315	0.4367588932806324	0.6015780647161604	3/19	TRPV2;PDGFB;PPP3R1	GLOM	GO_BP	no_proc_ieg	10098
GOBP_CHONDROCYTE_DIFFERENTIATION	1.0216589471580317	0.3795180722891566	0.6031526781820488	25/84	TGFBI;MEF2C;COL3A1;CHST11;MDK;SERPINH1;SNAI2;ACVRL1;ECM1;BMP2;RUNX3;COL11A1;WNT5B;COMP;EXT1;TGFBR2;TGFB1;NPR2;CCN4;SMAD7;GREM1;HOXA11;FGFR3;BMPR2;EXT2	GLOM	GO_BP	no_proc_ieg	10098
GOBP_POSITIVE_REGULATION_OF_GLIOGENESIS	1.0215362652957338	0.41164241164241167	0.6030266724610389	14/54	TNFRSF1B;TLR2;VEGFC;MDK;HDAC1;TSPO;PLAG1;BMP2;CXCR4;PRKCH;TGFB1;PTN;IL1B;ETV5	GLOM	GO_BP	no_proc_ieg	10098
GOBP_MACROAUTOPHAGY	1.020643737425895	0.35661764705882354	0.6049230448209143	70/225	ZFYVE26;TIGAR;DELE1;ATG4A;HTRA2;RUBCN;SH3GLB1;CDK5;ADRB2;HTT;NOD2;KDR;LGALS8;AUP1;TSPO;RAB23;RETREG2;FEZ1;PIP4K2A;TRAF6;VCP;DDRGK1;LZTS1;ATP2A2;ATP6V0A2;RUBCNL;AMBRA1;ATG9A;CSNK2A2;GNAI3;DNM1L;EPHB2;ATG3;CALM1;QSOX1;VPS28;SPTLC2;SNAP29;GABARAP;MCOLN1;UBQLN2;UCHL1;ATP6V0B;SLC25A4;EFNB1;EXOC1;SMURF1;SNF8;RAB33A;VPS4A;SUPT5H;SREBF1;UBE2A;CHMP1A;CAPN1;VPS35;RALB;TRIM32;GAA;PLAA;RETREG3;IFT20;TBC1D12;WDR45;CAPNS1;ATP6V0D1;CASP3;HMOX1;RAB7A;CHMP2A	GLOM	GO_BP	no_proc_ieg	10098
GOBP_BLASTOCYST_DEVELOPMENT	1.0206064139078523	0.403960396039604	0.6045801188155413	13/67	LPAR6;TM4SF1;HOPX;RRP7A;SOX17;CNOT3;SKIL;PELO;ADA;PSMC4;RPL13;CHEK1;STMN3	GLOM	GO_BP	no_proc_ieg	10098
GOBP_NON_MEMBRANE_BOUNDED_ORGANELLE_ASSEMBLY	1.0205517470182333	0.3943089430894309	0.6042880984301975	76/262	AURKA;CCDC69;HCK;MYOZ2;STIL;PRC1;LCP1;RAB11A;AURKB;MSN;NUP62;RRP7A;PLK2;BIN2;BRCA1;FSCN1;NDC80;CSRP2;AUP1;DLGAP5;PLA2G4C;CAPG;GPSM2;RPS19;KIF4A;MEF2A;TPX2;CDC20;CENPF;WRAP73;CENPX;TUBGCP5;KIF11;PTEN;SAC3D1;MYBPH;FLII;EML3;YTHDF1;KIF2A;MAPRE2;ASPM;RPL10;TMOD1;OGFOD1;RHOA;CNOT6;BIRC5;CCNB2;YTHDF2;CENPA;PLEC;PDGFRB;FLNA;SQLE;MYH7;AR;CHMP1A;G3BP1;NEK2;RCC1;TUBB;CSNK1D;CEP135;RACGAP1;MYH6;CENPE;KPNB1;MLH1;FARP2;MAPRE1;PGM5;NIP7;HAUS7;WDR62;CHMP2A	GLOM	GO_BP	no_proc_ieg	10098
GOBP_EMBRYONIC_HEART_TUBE_MORPHOGENESIS	1.0197869447765522	0.422	0.6058400122713986	10/41	STIL;MEF2C;SOX18;SOX17;TBX3;TBX2;ENG;APLNR;TGFBR2;MICAL2	GLOM	GO_BP	no_proc_ieg	10098
GOBP_REGULATION_OF_GLIAL_CELL_DIFFERENTIATION	1.0197763905040749	0.4125	0.6054146729656613	10/53	TNFRSF1B;TLR2;MDK;HDAC1;TREM2;BMP2;CXCR4;TGFB1;CDK1;PTN	GLOM	GO_BP	no_proc_ieg	10098
GOBP_IMPORT_INTO_NUCLEUS	1.0196449202256574	0.38953488372093026	0.6052867290181342	19/108	HCLS1;CD36;ECT2;RANBP6;HTATIP2;NUP93;NUP62;PTTG1IP;SYK;E2F3;RAB23;KPNA2;PPP3R1;NUP85;PML;NUP188;SNUPN;TGFB1;CDK1	GLOM	GO_BP	no_proc_ieg	10098
GOBP_ESTABLISHMENT_OF_PROTEIN_LOCALIZATION_TO_ENDOPLASMIC_RETICULUM	1.0195976703713283	0.4389763779527559	0.6049621000589512	12/27	SEC61B;SPCS3;UBL4A;SSR3;VPS54;SRPRB;SGTA;TRAM1;HSPA5;SRPRA;TRAM2;SEC61G	GLOM	GO_BP	no_proc_ieg	10098
GOBP_DOPAMINE_RECEPTOR_SIGNALING_PATHWAY	1.0187039515448846	0.4231536926147705	0.60678961971597	11/31	GNB1;NSG1;CAV2;GNA15;RGS4;RGS9;GNAI3;FLNA;GNA11;GSK3B;VPS35	GLOM	GO_BP	no_proc_ieg	10098
GOBP_IMMUNOGLOBULIN_PRODUCTION_INVOLVED_IN_IMMUNOGLOBULIN_MEDIATED_IMMUNE_RESPONSE	1.0186418529406454	0.4294117647058823	0.6065170023892665	7/37	IL27RA;PTPRC;CD40;TBX21;BTK;TGFB1;ERCC1	GLOM	GO_BP	no_proc_ieg	10098
GOBP_NEGATIVE_REGULATION_OF_NEURON_APOPTOTIC_PROCESS	1.0185077973960968	0.4181459566074951	0.6064379380538202	23/115	CX3CR1;IL27RA;PPT1;HTRA2;MEF2C;BDNF;UCP2;MDK;CORO1A;KDR;THAP11;NRP1;CCND1;GRN;AMBRA1;STXBP1;BAX;SEMA3E;FZD1;KIF14;CLN8;VPS54;RHOA	GLOM	GO_BP	no_proc_ieg	10098
GOBP_HEART_DEVELOPMENT	1.018372327857003	0.3702290076335878	0.6063343508553402	93/405	MAP2K1;TNFRSF1B;TWIST1;HTR2B;CRIP1;HEY2;STIL;HOPX;MEF2C;MAPK1;COL3A1;SOX4;PCNA;GNG5;PDGFB;FN1;SHC1;SOX18;MAML1;HDAC9;CDH11;GATA3;ID3;SOX17;EFNA1;EMILIN1;ALPK3;MSC;KDR;ADAMTS5;SNAI2;MAPK11;ADAMTS1;TBX3;COL6A1;BASP1;ADAP2;MSX1;MMP2;PDLIM1;EMP2;CASP8;ACVRL1;BMP2;PCSK5;MEF2A;COL11A1;PDLIM4;COL5A1;TBX1;NRP1;PPP3R1;RGS4;NPY5R;EIF4G2;HEY1;TBX2;EXT1;PTEN;ENG;RYR1;APLNR;CRELD1;EPHB4;TGFBR2;TGFB1;CDK1;FBN1;EFNB2;CREB1;RAMP2;POU6F1;FZD1;CASP7;MICAL2;CPLANE2;ADM;SMARCD3;PPP1R13L;RHOA;SMAD7;LMO4;PLEC;ADAM15;PDGFRB;FLNA;GREM1;FGF2;TGFB2;MYH7;GNA11;ALDH1A2;CALCRL	GLOM	GO_BP	no_proc_ieg	10098
GOBP_CELL_DIFFERENTIATION_INVOLVED_IN_KIDNEY_DEVELOPMENT	1.01816575957258	0.4105691056910569	0.6063925957391375	9/49	ACTA2;MEF2C;PDGFB;GATA3;GPR4;BASP1;IQGAP1;EXT1;CD34	GLOM	GO_BP	no_proc_ieg	10098
GOBP_REGULATION_OF_DNA_BINDING_TRANSCRIPTION_FACTOR_ACTIVITY	1.017201851220306	0.40476190476190477	0.6083862011402871	51/231	PYCARD;MYD88;LTF;TLR2;HCK;RBCK1;CD40;LRRC14;TRIM27;TRIM5;ARRB1;SP100;CARD8;ID3;NOD2;SYK;TLR4;CARD9;BMP2;BUD31;TRIM21;CCDC22;TRAF6;COPS5;HDAC5;DDRGK1;BTK;TNFRSF4;TRADD;PTEN;SPI1;IKBKE;CLEC7A;PLPP3;ADORA3;PRKCH;ZBTB7A;ID1;NFKBIE;KEAP1;FZD1;TRIM25;IL1B;KDM5A;CYLD;PPARG;PSMA6;FLNA;SMARCB1;HDAC4;TRIM22	GLOM	GO_BP	no_proc_ieg	10098
GOBP_EMBRYONIC_ORGAN_DEVELOPMENT	1.0169522668328765	0.3935969868173258	0.6085928203977407	61/306	HLX;MAP2K1;TWIST1;VASH1;HEY2;PCDH12;ATP8A2;STIL;MEF2C;PHLDA2;MAPK1;THOC5;ASCL2;PDGFB;SOX18;CHST11;GATA3;ID3;SOX17;HOXB8;EFNA1;HOXB6;SCRIB;CEBPA;KDR;TBX3;MSX1;ADA;CASP8;PCSK5;COL11A1;TBX1;PBX1;HOXB7;KITLG;HOXB2;HEY1;TBX2;HOXB5;ENG;HOXA3;APLNR;GATA2;NR2F2;TGFBR2;TGFB1;GRB2;FBN1;ERCC1;EPHB2;PCGF2;RPL10;HOXA4;SCT;MICAL2;ADM;TUBB2B;MAFB;PPP1R13L;A2M;MFAP2	GLOM	GO_BP	no_proc_ieg	10098
GOBP_HEMOSTASIS	1.0167044506536054	0.4158415841584158	0.6087696556558674	38/175	THBD;PTPN6;CD36;PROCR;GNA12;CD40;HPSE;C1GALT1C1;TFPI2;COL3A1;FCER1G;HBB;PDGFB;EMILIN1;SLC7A11;SYK;TLR4;CLIC1;VAV1;SERPING1;DGKA;PLA2G4A;CEACAM1;LCK;COMP;ENTPD1;PLEK;F8;FIBP;ANXA5;STXBP1;F13A1;F11R;DGKD;FAP;EPHB2;DGKE;PLAU	GLOM	GO_BP	no_proc_ieg	10098
GOBP_PROGRAMMED_NECROTIC_CELL_DEATH	1.016139727929289	0.4421906693711968	0.6098160819536855	12/32	PYGL;RBCK1;TSPO;CASP8;ATG9A;BAX;DNM1L;FAS;CYLD;FADD;SLC25A4;TLR3	GLOM	GO_BP	no_proc_ieg	10098
GOBP_PROTEIN_AUTOPROCESSING	1.015775784841752	0.4421052631578947	0.6103679011391598	5/17	CASP1;HTRA2;CASP4;FXN;FAM111A	GLOM	GO_BP	no_proc_ieg	10098
GOBP_REGULATION_OF_INTRINSIC_APOPTOTIC_SIGNALING_PATHWAY_IN_RESPONSE_TO_DNA_DAMAGE	1.015595012914806	0.44031311154598823	0.6103412228565753	7/26	BID;TRIAP1;SNAI2;SKIL;CD44;ELL3;PIAS4	GLOM	GO_BP	no_proc_ieg	10098
GOBP_KERATINOCYTE_MIGRATION	1.015520224737466	0.4579831932773109	0.6100884133064035	5/17	MAP4K4;PTEN;MAPRE2;IQSEC1;PPARD	GLOM	GO_BP	no_proc_ieg	10098
GOBP_REGULATION_OF_MICROTUBULE_CYTOSKELETON_ORGANIZATION	1.0149092505993604	0.4173076923076923	0.6111879231054727	36/109	TACC3;MAP1S;STIL;GNAI1;NUP62;PSRC1;GPSM2;TPX2;PHLDB1;STMN3;SKA1;CDH5;EML3;MAPRE2;MAP2;CYLD;SPAST;RHOA;MAP1B;DCTN1;BICD2;CHMP1A;GSK3B;BORA;MID1;MARK2;SNCA;MAPRE1;HAUS7;CHMP2A;TRIM36;CDK2AP2;ABL1;HAUS6;CLTC;KIF18A	GLOM	GO_BP	no_proc_ieg	10098
GOBP_TOR_SIGNALING	1.0143963378982077	0.43204868154158216	0.6120379715696137	11/104	PRR5L;LIPA;GNA12;LAMTOR2;CTNS;GATA3;NCKAP1L;SYK;TREM2;TMEM127;USP4	GLOM	GO_BP	no_proc_ieg	10098
GOBP_LIPOSACCHARIDE_METABOLIC_PROCESS	1.0143526574936097	0.4	0.6116940434235721	15/77	AOAH;FUT1;NAGA;GLA;ST8SIA4;GLB1;NEU1;ST8SIA1;B4GALT5;GAL3ST4;ST6GALNAC4;BAX;ST3GAL2;HEXB;DPM2	GLOM	GO_BP	no_proc_ieg	10098
GOBP_POSITIVE_REGULATION_OF_CELL_SUBSTRATE_ADHESION	1.0139518764158184	0.43144424131627057	0.6122827780313228	19/97	FUT1;CD36;ARPC2;MAP4K4;PDGFB;FN1;MDK;EMILIN1;KDR;HSD17B12;EMP2;NRP1;AGR2;ITGB1BP1;S100A10;ITGA5;CDK6;GFUS;RRAS	GLOM	GO_BP	no_proc_ieg	10098
GOBP_REGULATION_OF_NEURAL_PRECURSOR_CELL_PROLIFERATION	1.0134742397946197	0.4308617234468938	0.6130618302684719	19/73	CX3CR1;VEGFC;SHCBP1;GNG5;LHX5;MDK;VCAN;CDON;ELL3;GNAI2;GATA2;TGFB1;PTN;ASPM;TOX;SMARCD3;RHOA;FLNA;FGF2	GLOM	GO_BP	no_proc_ieg	10098
GOBP_PHOSPHOLIPID_DEPHOSPHORYLATION	1.0130025372199218	0.4330097087378641	0.6138478752944332	14/30	PLPP2;INPP5D;INPP4B;PLPPR2;PTEN;PLPPR4;PLPP3;MTMR2;INPPL1;FIG4;PLPP1;MTMR9;INPP5A;PLPPR3	GLOM	GO_BP	no_proc_ieg	10098
GOBP_POSITIVE_REGULATION_OF_ACTIVATED_T_CELL_PROLIFERATION	1.0128241726560048	0.4334677419354839	0.613885427506877	2/15	PYCARD;SLAMF1	GLOM	GO_BP	no_proc_ieg	10098
GOBP_NEGATIVE_REGULATION_OF_OSSIFICATION	1.0119633899772646	0.42857142857142855	0.6155634556409533	9/29	MEF2C;CCR1;MDK;TRPM4;ECM1;LRP4;TGFB1;SMAD7;GREM1	GLOM	GO_BP	no_proc_ieg	10098
GOBP_ETHER_METABOLIC_PROCESS	1.011258017839888	0.44752475247524753	0.6169308037620534	4/19	ALOX5;PLA2G7;PLA2G4C;PLA2G4A	GLOM	GO_BP	no_proc_ieg	10098
GOBP_POSITIVE_REGULATION_OF_NERVOUS_SYSTEM_DEVELOPMENT	1.0112349887808916	0.42276422764227645	0.6165502139634345	57/218	CX3CR1;MAP2K1;TNFRSF1B;TLR2;VEGFC;TRPV2;BDNF;LIMK1;TWF2;CYFIP1;FN1;TGM2;MDK;VCAN;HDAC1;TSPO;SKIL;PLAG1;BMP2;PLXNA2;NRP1;CDON;ELL3;ADGRB3;EIF4G2;METRN;SRPX2;THBS2;CXCR4;TRAK1;PRKCH;TGFB1;PTN;ASPM;STK25;EPHB2;SERPINF1;IL1B;SMARCD3;ETV5;MAP1B;SMURF1;FGF2;GDI1;SRRT;CDH4;AMIGO2;BMPR2;TRIM32;IL33;DAG1;HAPLN1;ANKRD27;SNW1;NRDC;HDAC2;NEURL1	GLOM	GO_BP	no_proc_ieg	10098
GOBP_ANIMAL_ORGAN_MATURATION	1.010731955137104	0.45901639344262296	0.6173640764201457	10/24	LTF;GATA3;THBS3;BMP2;EXT1;RYR1;RHOA;GREM1;ALDH1A2;FGFR3	GLOM	GO_BP	no_proc_ieg	10098
GOBP_RIBONUCLEOSIDE_MONOPHOSPHATE_METABOLIC_PROCESS	1.010572732289558	0.43529411764705883	0.617294528216061	10/43	GUK1;DCK;UCK2;ADSL;HPRT1;ADA;AK1;NT5E;APRT;PFAS	GLOM	GO_BP	no_proc_ieg	10098
GOBP_POSITIVE_REGULATION_OF_BIOMINERAL_TISSUE_DEVELOPMENT	1.010533828310923	0.42886178861788615	0.6169468549026996	7/40	LTF;ISG15;GPM6B;ALOX5;MEF2C;ADRB2;BMP2	GLOM	GO_BP	no_proc_ieg	10098
GOBP_NEGATIVE_REGULATION_OF_AUTOPHAGY	1.0104431428912555	0.450199203187251	0.616744355445522	14/63	IL10RA;TIGAR;TRIM27;RUBCN;TREM2;TSPO;FEZ1;STK38L;EIF4G2;LZTS1;RASIP1;EIF4G3;PTPN22;QSOX1	GLOM	GO_BP	no_proc_ieg	10098
GOBP_B_CELL_APOPTOTIC_PROCESS	1.0099364936288386	0.4487704918032787	0.6176405187696371	7/15	AURKB;ADA;BTK;BAX;PKN1;CD74;TNFRSF21	GLOM	GO_BP	no_proc_ieg	10098
GOBP_JNK_CASCADE	1.0090363794164396	0.4245472837022133	0.6195320782475705	35/127	PYCARD;MYD88;RASSF2;TLR7;MAP4K4;FCGR2B;DUSP22;SDCBP;NOD2;TLR4;CARD9;MAP3K11;SLAMF1;RAP2A;COPS5;ARHGEF6;CCL19;DACT1;FKTN;APP;GADD45A;PTPN22;MECOM;IL1B;IRAK4;CYLD;TAOK3;LTBR;NFKB1;DVL3;TLR3;FLT4;IRAK1;CD27;PHLPP1	GLOM	GO_BP	no_proc_ieg	10098
GOBP_REGULATION_OF_PLATELET_ACTIVATION	1.0089865391591022	0.4375	0.619224114943544	10/38	THBD;FCER1G;PDGFB;EMILIN1;SYK;TLR4;PLA2G4A;CEACAM1;PLEK;F11R	GLOM	GO_BP	no_proc_ieg	10098
GOBP_REGULATION_OF_DNA_BINDING	1.0088425135656298	0.4247619047619048	0.6191454648108733	11/56	TWIST1;GZMA;HEY2;SP100;SUMO3;GATA3;TRAF6;DDRGK1;EDF1;IFI16;ZBTB7A	GLOM	GO_BP	no_proc_ieg	10098
GOBP_PROTEIN_LOCALIZATION_TO_POSTSYNAPSE	1.0087883626859722	0.4525691699604743	0.6188406417564317	11/30	NETO2;RAB11A;ADAM10;SCRIB;NSG1;ARHGAP44;DLG4;RAB8A;VPS35;DAG1;HRAS	GLOM	GO_BP	no_proc_ieg	10098
GOBP_POSTREPLICATION_REPAIR	1.0081967049724045	0.45564516129032256	0.6199710548060064	5/20	DTL;PCNA;BRCA1;VCP;POLH	GLOM	GO_BP	no_proc_ieg	10098
GOBP_HEART_MORPHOGENESIS	1.007949866178034	0.4011406844106464	0.620156594197595	50/177	TWIST1;HTR2B;HEY2;STIL;MEF2C;SOX4;GNG5;SOX18;GATA3;SOX17;EFNA1;ADAMTS5;SNAI2;ADAMTS1;TBX3;MSX1;EMP2;ACVRL1;BMP2;COL11A1;COL5A1;TBX1;NRP1;NPY5R;HEY1;TBX2;EXT1;ENG;RYR1;APLNR;EPHB4;TGFBR2;TGFB1;FZD1;MICAL2;CPLANE2;SMARCD3;PPP1R13L;SMAD7;ADAM15;FLNA;TGFB2;MYH7;ALDH1A2;BMPR2;S1PR1;CPE;TREX1;GAA;DAG1	GLOM	GO_BP	no_proc_ieg	10098
GOBP_NUCLEAR_TRANSCRIBED_MRNA_CATABOLIC_PROCESS	1.0075925526577054	0.4263261296660118	0.6206142689959899	12/72	POLR2G;EDC4;SAMD4A;DCPS;CNOT3;PELO;NCBP2;MRTO4;EXOSC10;LSM7;LSM1;RC3H2	GLOM	GO_BP	no_proc_ieg	10098
GOBP_NEGATIVE_REGULATION_OF_DNA_REPLICATION	1.006002631028229	0.46555323590814196	0.6242084865162305	7/17	WAPL;S100A11;CDT1;GTPBP4;CDC6;PDS5A;LIG3	GLOM	GO_BP	no_proc_ieg	10098
GOBP_GLYCOSPHINGOLIPID_BIOSYNTHETIC_PROCESS	1.005715417038271	0.4311377245508982	0.624528585806027	6/30	FUT1;ST8SIA4;ST8SIA1;B4GALT5;ST6GALNAC4;ST3GAL2	GLOM	GO_BP	no_proc_ieg	10098
GOBP_POSITIVE_REGULATION_OF_EPITHELIAL_CELL_MIGRATION	1.0056626258339394	0.41025641025641024	0.6242075749435572	44/122	VEGFC;FUT1;CD40;RAB11A;ETS1;MAP4K4;PDGFB;SCARB1;HDAC9;GATA3;PLK2;KDR;ANXA1;ADGRA2;JCAD;NRP1;ITGB1BP1;SRPX2;GFUS;GRN;RRAS;PLPP3;GATA2;TGFBR2;TGFB1;MAPRE2;IQSEC1;SPARC;FGF2;TGFB2;PIK3CG;PFN1;BMPR2;FLT4;STAT5A;SP1;ANXA3;PIK3CD;P2RX4;HMOX1;ITGA2;PLCG1;ITGA3;MMP9	GLOM	GO_BP	no_proc_ieg	10098
GOBP_POSITIVE_REGULATION_OF_NERVOUS_SYSTEM_PROCESS	1.0054728157740271	0.45168067226890757	0.624274023497352	2/23	TNFRSF1B;CST7	GLOM	GO_BP	no_proc_ieg	10098
GOBP_POSITIVE_REGULATION_OF_NUCLEOCYTOPLASMIC_TRANSPORT	1.0053836710650454	0.42638623326959846	0.6240601448062757	11/47	HCLS1;CAMK1;ECT2;ANP32B;NCBP2;TGFB1;CDK1;IL1B;FLNA;HYAL2;GSK3B	GLOM	GO_BP	no_proc_ieg	10098
GOBP_GLYCOLIPID_CATABOLIC_PROCESS	1.004743123197301	0.4550898203592814	0.6253179339800783	4/17	NAGA;GLA;GLB1;NEU1	GLOM	GO_BP	no_proc_ieg	10098
GOBP_REGULATION_OF_GENERATION_OF_PRECURSOR_METABOLITES_AND_ENERGY	1.0047334323448047	0.412109375	0.6248981383205293	21/90	DYRK2;MACROH2A1;TIGAR;CAVIN3;PHLDA2;PPP1R3C;CCNB1;IFNAR1;CBFA2T3;VCP;RUBCNL;POMC;ZBTB7A;DNAJC15;CDK1;APP;SHMT2;RHOA;UCHL1;P2RX7;HDAC4	GLOM	GO_BP	no_proc_ieg	10098
GOBP_POSITIVE_REGULATION_OF_PROTEIN_TRANSPORT	1.00469666543726	0.4307692307692308	0.6245380661047396	45/179	HCLS1;PRR5L;TLR2;VEGFC;CAMK1;ECT2;NADK;ANP32B;SOX4;HLA-DRB1;CD38;KIF20B;TMEM132A;TLR4;TREM2;TRPM4;PRKCB;FRMD4A;OAZ2;BLK;TMEM97;DNM1L;SERP1;TGFB1;CDK1;PPID;OAZ1;VPS28;B3GAT3;ERGIC3;IL1B;PPARG;CEP131;FLNA;P2RX7;TGFB2;HYAL2;UNC13B;GNA11;GSK3B;F2RL2;BCAP31;KCNN4;CD81;VPS35	GLOM	GO_BP	no_proc_ieg	10098
GOBP_MATURATION_OF_SSU_RRNA_FROM_TRICISTRONIC_RRNA_TRANSCRIPT_SSU_RRNA_5_8S_RRNA_LSU_RRNA	1.0045815641121507	0.4738955823293173	0.624396464228548	17/23	RPP40;RPS19;TSR1;BMS1;NOP14;GTF2H5;TSR2;KRI1;BYSL;RPS21;NOL10;UTP6;WDR46;RRS1;HEATR1;RSL1D1;UTP3	GLOM	GO_BP	no_proc_ieg	10098
GOBP_REGULATION_OF_MYOTUBE_DIFFERENTIATION	1.0039852407220347	0.45020746887966806	0.6254940431320147	7/27	BDNF;MAML1;HDAC9;HDAC1;TBX1;HDAC5;CYP26B1	GLOM	GO_BP	no_proc_ieg	10098
GOBP_ANIMAL_ORGAN_FORMATION	1.0035577105955684	0.45491803278688525	0.6261723054563376	14/51	MAP2K1;MEF2C;MAPK1;GNG5;SOX17;EMP2;BMP2;EXT1;HOXA3;TGFBR2;SMARCD3;FGF2;HOXA11;AR	GLOM	GO_BP	no_proc_ieg	10098
GOBP_POSITIVE_REGULATION_OF_ERBB_SIGNALING_PATHWAY	1.0029939882956926	0.41846758349705304	0.6272407562552849	12/24	NUP62;AGR2;RALA;TGFB1;DGKD;PLAUR;CBL;ADRA2A;RALB;MMP9;GPER1;ADAM17	GLOM	GO_BP	no_proc_ieg	10098
GOBP_POSITIVE_REGULATION_OF_INTRINSIC_APOPTOTIC_SIGNALING_PATHWAY	1.0027292341285414	0.4260700389105058	0.6275203506574828	10/46	BID;SEPTIN4;PTPN2;SKIL;MSX1;MMP2;LCK;PIAS4;BAX;DNM1L	GLOM	GO_BP	no_proc_ieg	10098
GOBP_REGULATION_OF_ACTIN_FILAMENT_BASED_PROCESS	1.0012869007552416	0.4320754716981132	0.6308233127603192	47/258	HCLS1;PYCARD;RHOG;TMSB15A;HCK;ATP1A2;ACTA2;GPM6B;ECT2;CSF1R;ARPC2;TRIM27;LIMK1;TWF2;CYFIP1;CAPZB;GPR65;BAG4;NCKAP1L;GMFG;FSCN1;CORO1A;PAK2;CAPG;TRPM4;CYRIA;ARHGAP17;NRP1;RGS4;LIMA1;ITGB1BP1;PLEK;S100A10;ATP2A2;TMSB10;COTL1;FLII;RALA;F11R;ARPC5;TGFB1;GRB2;TMOD1;KCNJ2;ARHGAP44;CDC42EP1;RHOC	GLOM	GO_BP	no_proc_ieg	10098
GOBP_REGULATION_OF_POSTSYNAPTIC_MEMBRANE_NEUROTRANSMITTER_RECEPTOR_LEVELS	1.0012016865248021	0.4389763779527559	0.6305744901504872	22/60	NETO2;RAB11A;ADAM10;SCRIB;NSG1;RAP2A;PPP3R1;DNM3;SYT17;AP2S1;RALA;EFNB2;ARHGAP44;DLG4;RAB8A;AP2A2;FLOT2;VPS35;AP2M1;DAG1;AP2B1;HRAS	GLOM	GO_BP	no_proc_ieg	10098
GOBP_REGULATION_OF_ESTABLISHMENT_OF_PROTEIN_LOCALIZATION_TO_MITOCHONDRION	1.000702629987436	0.43775100401606426	0.6314389552655488	4/31	RAC2;HTRA2;BAG4;SH3GLB1	GLOM	GO_BP	no_proc_ieg	10098
GOBP_REGULATION_OF_ANATOMICAL_STRUCTURE_SIZE	1.0003320491440058	0.462406015037594	0.6319576715283	68/354	HCLS1;PYCARD;HTR2B;TMSB15A;PRR16;HCK;ATP1A2;ACTA2;GPRC5B;TRPV2;BDNF;RAB11A;ARPC2;LIMK1;MSN;TWF2;CYFIP1;RIN3;CAPZB;BAG4;HBB;FN1;CD38;KCNMB1;SEMA3F;ITGA4;CDK5;NCKAP1L;RAP1GDS1;ADRB2;STK39;CORO1A;ARHGAP4;RAP1GAP2;GUCY1A1;CAPG;TRPM4;COL6A1;VAV1;MMP2;CYRIA;NRP1;DNM1;COMP;EIF4G2;LIMA1;ITGB1BP1;EXT1;PLEK;PTEN;AGTR1;GCH1;TMSB10;COTL1;FLII;ARPC5;MANF;SCPEP1;GRB2;TBXAS1;CREB1;TMOD1;MAP2;PLOD3;SCT;CDC42EP1;ADM;CLN8	GLOM	GO_BP	no_proc_ieg	10098
GOBP_RESPONSE_TO_ACIDIC_PH	0.9996246105565344	0.4490644490644491	0.6332927009688889	3/19	CTSS;GPR65;GPR4	GLOM	GO_BP	no_proc_ieg	10098
GOBP_ANATOMICAL_STRUCTURE_MATURATION	0.9989597518658013	0.47297297297297297	0.634545769698217	52/192	CX3CR1;C1QA;AURKA;LTF;GDF11;RAC2;SOX18;GATA3;CEBPA;THBS3;KDR;LYL1;MMP2;ACVRL1;BMP2;C3;BFSP1;B4GALT5;ADGRB3;BTK;TYMS;EXT1;CCL19;RYR1;CLEC7A;CDH5;GATA2;ZBTB7A;WDR77;CDC25B;TGFB1;NPR2;PGR;APP;ABHD2;KIF14;MAEA;AKR1B1;RHOA;PPARG;YTHDF2;GREM1;TGFB2;ALDH1A2;FGFR3;TDRKH;BRCA2;S1PR1;IL15;DAG1;G6PD;CABYR	GLOM	GO_BP	no_proc_ieg	10098
GOBP_AMINOGLYCAN_CATABOLIC_PROCESS	0.9983129665945933	0.4717741935483871	0.6358358714271376	12/26	IDS;HMMR;CD44;GLB1;LYVE1;HEXB;TGFB1;HYAL3;GUSB;FGF2;HYAL2;CHIT1	GLOM	GO_BP	no_proc_ieg	10098
GOBP_STRIATED_MUSCLE_CELL_DIFFERENTIATION	0.9981225623906641	0.4417744916820702	0.6359035492859172	39/204	CD53;DOCK2;HEY2;MYOZ2;HOPX;MEF2C;BDNF;MAML1;HDAC9;CXCL10;FLOT1;ADAM12;HDAC1;ALPK3;TNFSF14;CSRP2;ADAMTS5;TBX3;COL6A1;CAV2;MSX1;BMP2;PLEKHO1;MEF2A;TBX1;EZH2;CDON;RGS4;ADGRB3;HDAC5;JAM2;RYR1;MYBPH;FLII;CYP26B1;TGFB1;CDK1;EFNB2;TMOD1	GLOM	GO_BP	no_proc_ieg	10098
GOBP_REGULATION_OF_MITOPHAGY	0.998017252824391	0.4543610547667343	0.6357259204649752	11/30	TIGAR;DELE1;HTT;NOD2;TSPO;AMBRA1;CSNK2A2;DNM1L;SLC25A4;SREBF1;UBE2A	GLOM	GO_BP	no_proc_ieg	10098
GOBP_POSITIVE_REGULATION_OF_DNA_BINDING_TRANSCRIPTION_FACTOR_ACTIVITY	0.9978207040754644	0.4530938123752495	0.6358220361817786	47/149	PYCARD;MYD88;LTF;TLR2;RBCK1;CD40;TRIM27;TRIM5;NOD2;TLR4;CARD9;BMP2;BUD31;TRIM21;TRAF6;COPS5;HDAC5;DDRGK1;BTK;TRADD;PTEN;IKBKE;CLEC7A;PLPP3;PRKCH;ZBTB7A;FZD1;TRIM25;IL1B;PPARG;PSMA6;SMARCB1;HDAC4;TRIM22;AR;TRIM32;IRAK1;NLRP3;IL18R1;ANXA3;ROR1;TRIM14;CLU;PPRC1;TRAF2;SPHK1;MTDH	GLOM	GO_BP	no_proc_ieg	10098
GOBP_REGULATION_OF_SECRETION	0.9972686743071731	0.4735812133072407	0.6367955732176706	69/432	ITGB2;FGR;CD300A;TNFRSF1B;CCL5;SYT11;ITGAM;OAS2;TLR2;VEGFC;RAC2;ALOX5;MEF2C;NADK;SEPTIN4;UCP2;FCGR2B;SOX4;HLA-DRB1;CD38;FKBP1B;SCG5;CCR2;CDK5;NCKAP1L;RAP1GDS1;SDCBP;TMEM132A;STK39;SYK;TLR4;HLA-F;TREM2;TSPO;KDM5B;ANXA1;TRPM4;PRKCB;FRMD4A;ADA;MYOF;BMP2;PLA2G4A;PTAFR;ADGRE2;GNAI2;DNAJC1;CEACAM1;BLK;NPY5R;S100A10;ATP2A2;SPI1;SV2A;AGTR1;POMC;STXBP1;RETN;RHBDF1;GATA2;ADORA3;RALA;DNM1L;SERP1;CYBA;PDE8B;TGFB1;PPID;ERP29	GLOM	GO_BP	no_proc_ieg	10098
GOBP_VIRAL_RELEASE_FROM_HOST_CELL	0.9970539475004873	0.4494163424124514	0.6369365758890357	7/17	CAV2;PPID;TRIM25;VPS4A;CHMP1A;RAB7A;CHMP2A	GLOM	GO_BP	no_proc_ieg	10098
GOBP_ESTABLISHMENT_OF_RNA_LOCALIZATION	0.9963772965114822	0.46153846153846156	0.638234493964392	20/92	DDX39A;MVP;THOC5;NUP93;RTRAF;NUP62;FLOT1;HHEX;NCBP2;NUP85;MRPL18;NUP188;SNUPN;NDC1;TGFBR2;NXF3;NUP37;SIDT1;NUP107;BICD2	GLOM	GO_BP	no_proc_ieg	10098
GOBP_VESICLE_LOCALIZATION	0.9961910741101228	0.43830570902394106	0.6382670837008093	42/146	CDR2L;SYT11;RAB11A;TMED9;PCDH17;ITGA4;CDK5;SDCBP;HTT;SCRIB;AP3M2;TRAK2;DNM3;COPS5;DNM1;SEC16A;KIF1A;PTEN;STXBP1;PEF1;TRAK1;MAP2;KIF1C;SNAP29;TRAPPC4;DCTN1;EXOC1;SNF8;DCTN2;PIK3CG;GPR143;VPS4A;UNC13B;NDE1;MYO5A;TRAPPC2;MREG;CSNK1D;YKT6;EXOC5;TOR1A;TMED10	GLOM	GO_BP	no_proc_ieg	10098
GOBP_SKIN_DEVELOPMENT	0.9957501631562219	0.4750499001996008	0.6389651898585004	32/195	MYD88;MAP2K1;CSTA;MACROH2A1;ATP8A2;HPSE;MACROH2A2;COL3A1;KRT10;COL1A2;SOX18;LTB;CLIC4;EXTL3;COL5A2;HDAC1;ELOVL1;ANXA1;COL6A1;NGFR;COL5A1;EZH2;PLAAT4;LRP4;COMP;COL1A1;EXT1;PIAS4;TRADD;SOSTDC1;DHCR24;RYR1	GLOM	GO_BP	no_proc_ieg	10098
GOBP_REGULATION_OF_GLIOGENESIS	0.9957002707832132	0.4594017094017094	0.6386414521047585	17/78	TNFRSF1B;TLR2;VEGFC;ASCL2;MDK;HDAC1;TREM2;TSPO;PLAG1;BMP2;EZH2;CXCR4;PRKCH;TGFB1;PTN;CDKN2B;IL1B	GLOM	GO_BP	no_proc_ieg	10098
GOBP_NEUROTRANSMITTER_RECEPTOR_INTERNALIZATION	0.9956344688538106	0.47121535181236673	0.6383803076447361	10/24	SCRIB;PPP3R1;DNM3;SYT17;AP2S1;RALA;EFNB2;AP2A2;AP2M1;AP2B1	GLOM	GO_BP	no_proc_ieg	10098
GOBP_REGULATION_OF_NITRIC_OXIDE_METABOLIC_PROCESS	0.9947336705968403	0.4642857142857143	0.640300630227101	15/46	CX3CR1;GLA;CD36;HBB;TLR4;TSPO;PTX3;DDAH2;CLEC7A;NOSIP;IL1B;ATP2B4;CD47;TICAM1;SOD2	GLOM	GO_BP	no_proc_ieg	10098
GOBP_POSITIVE_REGULATION_OF_TRANSPORTER_ACTIVITY	0.9940436551159354	0.4523809523809524	0.6416150378111333	10/56	CTSS;TRPC6;ATP1B3;CCR2;ADRB2;HTT;STK39;SYNGR3;TREM2;TESC	GLOM	GO_BP	no_proc_ieg	10098
GOBP_REGULATION_OF_APOPTOTIC_SIGNALING_PATHWAY	0.9939343709328787	0.4373795761078998	0.6414692972911932	57/269	CX3CR1;PYCARD;CTSS;BID;TNFSF10;PTPRC;RBCK1;HTRA2;BDNF;TRIAP1;SEPTIN4;FCGR2B;SP100;LTB;SCG2;BRCA1;HTT;HDAC1;PTTG1IP;TLR4;TNFSF12;TREM2;SNAI2;PTPN2;PAK2;SKIL;QARS1;TMBIM1;NGFR;MSX1;MMP2;CD44;IFI6;NRP1;ITM2C;ELL3;GNAI2;LCK;PML;PIAS4;IL7;BAX;CSNK2A2;DNM1L;ERP29;FXN;PCGF2;FAS;FZD1;CASP2;PLAUR;IL1B;PSME3;CYLD;FADD;CD74;HMGB2	GLOM	GO_BP	no_proc_ieg	10098
GOBP_REGULATION_OF_BONE_RESORPTION	0.9932149117322189	0.4628252788104089	0.6428727981670035	5/31	CSK;CSF1R;CD38;INPP5D;SYK	GLOM	GO_BP	no_proc_ieg	10098
GOBP_VENTRICULAR_SYSTEM_DEVELOPMENT	0.9929436101294393	0.4560669456066946	0.6431629383500931	5/19	ANP32B;CORO1C;SLC7A11;CENPF;CDK6	GLOM	GO_BP	no_proc_ieg	10098
GOBP_INTRINSIC_APOPTOTIC_SIGNALING_PATHWAY_BY_P53_CLASS_MEDIATOR	0.9928166220922517	0.4635108481262327	0.6430383474656002	12/53	PYCARD;DYRK2;TRIAP1;PTTG1IP;AEN;MSX1;CD44;PPP1R13B;ELL3;PML;IFI16;BAX	GLOM	GO_BP	no_proc_ieg	10098
GOBP_NEGATIVE_REGULATION_OF_LOCOMOTION	0.9926075406175702	0.4797687861271676	0.6431463844985666	63/238	CX3CR1;CD300A;IL27RA;VASH1;SAP30L;GNA12;MEF2C;COL3A1;RIN3;SP100;IFITM1;DUSP22;CDH11;CORO1C;GATA3;CLIC4;SEMA3F;MACIR;HDAC1;EMILIN1;ARHGDIB;ARHGAP4;PTPN2;MMRN2;NGFR;ADA;TIMP1;ACVRL1;SIN3B;RAP2A;NRP1;HDAC5;LDLRAD4;ITGB1BP1;PTEN;ENG;RRAS;ADORA3;NR2F2;TGFB1;GTPBP4;SLAMF8;SERPINF1;GADD45A;ABHD2;CD74;RHOA;CORO1B;PPARG;SMAD7;MEOX2;ATP2B4;ADAM15;PTPRM;DPYSL3;GREM1;FGF2;HYAL2;C5AR2;TBXA2R;IGFBP5;GSK3B;BST2	GLOM	GO_BP	no_proc_ieg	10098
GOBP_PROTEIN_LOCALIZATION_TO_CYTOSKELETON	0.9909785587064387	0.4728682170542636	0.6469669961842069	5/44	AURKA;STIL;RAB11A;NUP62;KIF20B	GLOM	GO_BP	no_proc_ieg	10098
GOBP_RESPONSE_TO_TEMPERATURE_STIMULUS	0.9906215721435057	0.45540796963946867	0.6474496259966368	17/117	LIPA;HTR2B;TCIM;PLAC8;MICB;TRPV2;HTRA2;UCP2;EIF2B1;CXCL10;ADRB2;COMT;NGFR;LXN;ST8SIA1;SCN9A;VCP	GLOM	GO_BP	no_proc_ieg	10098
GOBP_ORGANELLE_TRANSPORT_ALONG_MICROTUBULE	0.9904863075109134	0.4633699633699634	0.6473504972428098	17/61	CDR2L;MAP1S;HTT;AP3M2;FEZ1;TRAK2;KIF1A;TRAK1;MAP2;KIF1C;TUBA1A;SPAST;UCHL1;MAP1B;BICD2;NDE1;MREG	GLOM	GO_BP	no_proc_ieg	10098
GOBP_NEGATIVE_REGULATION_OF_HUMORAL_IMMUNE_RESPONSE	0.9904132300237679	0.48249027237354086	0.6470844851512247	4/16	PTPN6;FCGR2B;SERPING1;VSIG4	GLOM	GO_BP	no_proc_ieg	10098
GOBP_NEGATIVE_REGULATION_OF_ERK1_AND_ERK2_CASCADE	0.9904094557669268	0.4527938342967245	0.6466410210339202	9/46	CSK;GBP1;PTPRC;BTN2A2;EMILIN1;TLR4;PTPN2;TNIP1;ITGB1BP1	GLOM	GO_BP	no_proc_ieg	10098
GOBP_SEQUESTERING_OF_CALCIUM_ION	0.9899875362660141	0.4826254826254826	0.6472908761353808	29/106	HTR2B;PTPN6;ATP1A2;PTPRC;ANXA6;FKBP1B;CXCL10;ITPR3;HTT;CORO1A;LCK;CXCL11;CALM3;CCL19;CLIC2;RYR1;APLNR;BAX;CCR5;CYBA;TGFB1;CALM1;MCOLN1;FLNA;P2RX7;FGF2;PLCB3;CXCL9;ERO1A	GLOM	GO_BP	no_proc_ieg	10098
GOBP_CRANIAL_SKELETAL_SYSTEM_DEVELOPMENT	0.9898049140702462	0.4683794466403162	0.6473377787164777	14/52	TWIST1;CEP55;CHST11;RAB23;TBX1;EXT1;TGFBR2;TGFB1;CPLANE2;SLC39A1;TGFB2;GNA11;TULP3;NDST1	GLOM	GO_BP	no_proc_ieg	10098
GOBP_PHOSPHOLIPID_TRANSPORT	0.9896056290319573	0.5046728971962616	0.6474040732247235	24/59	PLEKHA8P1;ATP8A2;GLTP;TRIAP1;NPC2;SCARB1;ABCA7;PITPNM1;ABCB4;ATG9A;ESYT1;ABCA1;ABCA3;APOC1;P2RX7;ABCC1;KCNN4;PITPNB;CETP;ATP8B4;CPTP;CERT1;PLSCR1;PLA2G10	GLOM	GO_BP	no_proc_ieg	10098
GOBP_REGULATION_OF_CARDIOCYTE_DIFFERENTIATION	0.9890012644504221	0.4816955684007707	0.6484836889528008	6/16	HEY2;MEF2C;SOX17;BMP2;TGFB1;EFNB2	GLOM	GO_BP	no_proc_ieg	10098
GOBP_REGULATION_OF_DNA_REPLICATION	0.9888624056622993	0.4567219152854512	0.6484099709782688	30/86	WAPL;S100A11;PCNA;ID3;DSCC1;POLE3;MCM5;ACVRL1;CDT1;JADE3;MCRS1;SMARCA5;RFC5;CDK1;GTPBP4;RUVBL1;STN1;BAZ1A;TFPT;RFC4;DBF4;RFC2;MCM2;CCNA2;E2F8;CDC6;ACTR8;PDS5A;ORC5;LIG3	GLOM	GO_BP	no_proc_ieg	10098
GOBP_REGULATION_OF_RESPONSE_TO_OXIDATIVE_STRESS	0.9886852320185179	0.4764705882352941	0.6484435362395994	7/22	MACROH2A1;CD36;ALOX5;SLC7A11;FADS2;GCH1;KEAP1	GLOM	GO_BP	no_proc_ieg	10098
GOBP_DETECTION_OF_TEMPERATURE_STIMULUS_INVOLVED_IN_SENSORY_PERCEPTION_OF_PAIN	0.988054891669638	0.45920303605313095	0.6495939049343837	4/17	COMT;LXN;SCN9A;CXCR4	GLOM	GO_BP	no_proc_ieg	10098
GOBP_MORPHOGENESIS_OF_AN_EPITHELIUM	0.9869417278283991	0.5099601593625498	0.6521464891538657	86/345	TWIST1;VEGFC;STIL;LCP1;MEF2C;CSF1R;MSN;SEMA4C;SOX18;COL4A1;CTNS;GATA3;TGM2;CXCL10;SOX17;CLIC4;KIF20B;NR3C1;MDK;CTSZ;SCRIB;KDR;SNAI2;JAG2;KDM5B;MMRN2;TBX3;NGFR;MMP2;CD44;NOTCH4;ACVRL1;BMP2;COL5A1;RAP2A;NRP1;PPP3R1;PBX1;HOXB7;TRAF6;HOXB2;CEACAM1;WNT5B;TGFB1I1;PML;TBX2;EXT1;ITGA5;TCF15;PTEN;ENG;SOSTDC1;BTBD7;APLNR;CXCR4;TNC;RALA;TGFBR2;SEMA3E;RASIP1;TGFB1;GRB2;EFNB2;PGR;PLOD3;FZD1;MICAL2;ADM;RHOC;KIF26B;PDPN;RHOA;LMO4;FLNA;CD151;GREM1;FGF2;TGFB2;DVL3;HOXA11;ALDH1A2;IGFBP5;AR;FKBPL;FRZB;HOXD11	GLOM	GO_BP	no_proc_ieg	10098
GOBP_REGULATION_OF_LIPID_STORAGE	0.9869322878148468	0.4739776951672863	0.6517177813710012	13/36	CD36;SCARB1;TREM2;PTPN2;C3;IKBKE;MSR1;NR1H3;ABCA1;PPARD;PPARG;NFKB1;SREBF1	GLOM	GO_BP	no_proc_ieg	10098
GOBP_NUCLEOPHAGY	0.9867916355859947	0.47484909456740443	0.6516234838095396	3/15	ATG4A;ATG9A;ATG3	GLOM	GO_BP	no_proc_ieg	10098
GOBP_POSITIVE_REGULATION_OF_CATABOLIC_PROCESS	0.9857885768707857	0.49233716475095785	0.653837306097786	108/328	TNFRSF1B;TWIST1;PRR5L;AURKA;DELE1;DTL;TRIM5;MSN;POLR2G;SH3GLB1;LAPTM5;SOX17;PLK2;SAMD4A;ADRB2;HTT;NOD2;CHFR;DCPS;CSNK1E;CEBPA;KDR;TNFSF12;TREM2;CUL4B;CNOT3;BAG2;PIP4K2A;TRIM21;CBFA2T3;CCDC22;PSMC4;OAZ2;VCP;CDC20;DDRGK1;LSM1;RC3H2;TGFB1I1;PTEN;FZR1;LPCAT1;AMBRA1;BAX;DACT1;GNAI3;YTHDF1;KEAP1;APP;OAZ1;SCT;VPS28;SPTLC2;GABARAP;IL1B;UBQLN2;CNOT6;UCHL1;RBX1;YTHDF2;SMAD7;SLC25A4;TRIB3;P2RX7;SMURF1;SNF8;TRIM22;SUPT5H;TICAM1;PLEKHF1;UBE2A;ADRA2A;GSK3B;BCAP31;CD81;VPS35;RALB;TRIM32;DDA1;IL33;CSNK1D;CDK16;HAMP;DNAJB2;CAMKK2;NSF;VPS11;TRIB2;NRDC;MARCHF2;WFS1;MLH1;SNCA;WDR45;USP13;MEFV;RNFT1;CLU;UPF1;ABHD5;HMOX1;SGTA;FURIN;MTDH;RAB7A;VGLL4;CAV1;BBS7	GLOM	GO_BP	no_proc_ieg	10098
GOBP_NATURAL_KILLER_CELL_DIFFERENTIATION	0.985574659937091	0.48582995951417	0.6539706057058566	8/16	PTPRC;SLAMF1;PBX1;TOX;IL15;PIK3CD;GAS6;MERTK	GLOM	GO_BP	no_proc_ieg	10098
GOBP_REGULATION_OF_VACUOLE_ORGANIZATION	0.9849155631551221	0.48084291187739464	0.6552020113260364	15/41	SH3GLB1;FEZ1;PIP4K2A;GRN;LAPTM4B;EPHB2;MCOLN1;UBQLN2;EFNB1;RALB;TRIM32;TREX1;IFT20;TBC1D12;WDR45	GLOM	GO_BP	no_proc_ieg	10098
GOBP_NEGATIVE_REGULATION_OF_CALCIUM_ION_TRANSMEMBRANE_TRANSPORT	0.9837670264330803	0.466796875	0.6577393231037293	9/33	ATP1A2;UCP2;FKBP1B;GPR35;PPP3R1;CALM3;CLIC2;TGFB1;CALM1	GLOM	GO_BP	no_proc_ieg	10098
GOBP_REGULATION_OF_AUTOPHAGY_OF_MITOCHONDRION	0.9833324393149308	0.4774590163934426	0.6584462001799261	12/35	TIGAR;DELE1;HTRA2;HTT;NOD2;TSPO;AMBRA1;CSNK2A2;DNM1L;SLC25A4;SREBF1;UBE2A	GLOM	GO_BP	no_proc_ieg	10098
GOBP_REGULATION_OF_NEURON_PROJECTION_REGENERATION	0.9831498411054047	0.48588709677419356	0.6584795293266043	6/19	MAP2K1;FKBP1B;GRN;PTN;FLNA;NEO1	GLOM	GO_BP	no_proc_ieg	10098
GOBP_ESTABLISHMENT_OF_EPITHELIAL_CELL_POLARITY	0.9829133735096491	0.4893162393162393	0.6586415296221307	7/25	SIPA1;MSN;FRMD4A;RAP2A;TCF15;CYTH3;RHOA	GLOM	GO_BP	no_proc_ieg	10098
GOBP_REGULATION_OF_CELL_JUNCTION_ASSEMBLY	0.9826931158284573	0.48565965583174	0.65874553880839	32/162	RHOG;TLR2;GPM6B;HOPX;MEF2C;BDNF;MAP4K4;DUSP22;CORO1C;FLOT1;KDR;SNAI2;ACVRL1;RAP2A;NRP1;LRFN3;ADGRB3;FARP1;NLGN4X;LZTS1;ITGB1BP1;SRPX2;S100A10;PTEN;THBS2;APLNR;PRKCH;F11R;PEAK1;EPHB2;APP;FZD1	GLOM	GO_BP	no_proc_ieg	10098
GOBP_SKELETAL_MUSCLE_CELL_PROLIFERATION	0.9821235228770205	0.46464646464646464	0.659812295746995	7/17	NDC80;CAV2;SIX5;PPARD;FGF2;KPNA1;SIX1	GLOM	GO_BP	no_proc_ieg	10098
GOBP_INTERMEMBRANE_LIPID_TRANSFER	0.982072522910222	0.4949698189134809	0.659489235327912	3/18	PLEKHA8P1;GLTP;TRIAP1	GLOM	GO_BP	no_proc_ieg	10098
GOBP_GANGLION_DEVELOPMENT	0.9805393647254752	0.4820415879017013	0.6630912744942494	3/15	SEMA3F;NRP1;RGS4	GLOM	GO_BP	no_proc_ieg	10098
GOBP_MATURATION_OF_5_8S_RRNA_FROM_TRICISTRONIC_RRNA_TRANSCRIPT_SSU_RRNA_5_8S_RRNA_LSU_RRNA	0.9801842386102908	0.48065173116089616	0.6635905772912951	9/16	RPP40;EXOSC10;WDR12;NOP14;PES1;EXOSC2;KRI1;RPS21;FTSJ3	GLOM	GO_BP	no_proc_ieg	10098
GOBP_PHOSPHATIDYLINOSITOL_DEPHOSPHORYLATION	0.9799864022480286	0.470703125	0.6635979430680339	8/21	INPP5D;INPP4B;PTEN;MTMR2;INPPL1;FIG4;MTMR9;INPP5A	GLOM	GO_BP	no_proc_ieg	10098
GOBP_PROXIMAL_DISTAL_PATTERN_FORMATION	0.9794172844426986	0.494949494949495	0.6646714964301295	8/21	PBX1;LRP4;CYP26B1;GREM1;HOXA11;ALDH1A2;HOXA10;HOXB9	GLOM	GO_BP	no_proc_ieg	10098
GOBP_REGULATION_OF_CELL_FATE_COMMITMENT	0.9791959645758676	0.492	0.664809950307146	14/29	GATAD2A;SOX17;HDAC1;TBX21;SOSTDC1;LMO4;FGF2;AR;CHD3;IL12RB1;MBD3;HDAC2;BRD4;MTA2	GLOM	GO_BP	no_proc_ieg	10098
GOBP_SEMAPHORIN_PLEXIN_SIGNALING_PATHWAY	0.9786689063375783	0.4881422924901186	0.6656766745057711	19/39	SEMA4C;SEMA3F;KDR;PLXNA2;NRP1;SEMA3E;SEMA4F;RHOA;FLNA;NCAM1;FARP2;ARHGDIA;SEMA7A;PLXNC1;PLXNB2;EDN1;PLXNA3;RAC1;EDNRA	GLOM	GO_BP	no_proc_ieg	10098
GOBP_REGULATION_OF_NERVOUS_SYSTEM_DEVELOPMENT	0.9782784937582698	0.5130784708249497	0.6662023402395977	57/329	CX3CR1;MAP2K1;TNFRSF1B;CST7;TLR2;HEY2;VEGFC;TRPV2;BDNF;LIMK1;TWF2;CYFIP1;ASCL2;FN1;TGM2;SEMA3F;TYMP;CDK5;MDK;VCAN;HDAC1;ARHGAP4;TREM2;TSPO;SKIL;PLAG1;BMP2;PLXNA2;NRP1;EZH2;CDON;LRP4;ELL3;ADGRB3;EIF4G2;HEY1;METRN;SRPX2;S100A10;PTEN;JAM2;YWHAH;THBS2;CXCR4;TRAK1;GATA2;PRKCH;MTMR2;TGFB1;PTN;ASPM;STK25;EPHB2;SERPINF1;MAP2;FIG4;CDKN2B	GLOM	GO_BP	no_proc_ieg	10098
GOBP_CALCIUM_ION_REGULATED_EXOCYTOSIS	0.9779387837965533	0.490272373540856	0.6666798579413927	11/38	SYT11;CDK5;ARHGAP17;GNAI2;SYT17;ATP2A2;STXBP1;HYAL3;UNC13B;ADRA2A;SDF4	GLOM	GO_BP	no_proc_ieg	10098
GOBP_POSITIVE_REGULATION_OF_IMMUNOGLOBULIN_PRODUCTION	0.977415755161338	0.5019685039370079	0.6675809727351177	10/40	PTPRC;CD40;SASH3;CD86;TBX21;BTK;TNFRSF4;HLA-E;TGFB1;EPHB2	GLOM	GO_BP	no_proc_ieg	10098
GOBP_DETECTION_OF_TEMPERATURE_STIMULUS	0.9771618337413194	0.48956356736242884	0.6677719583622695	5/21	COMT;NGFR;LXN;SCN9A;CXCR4	GLOM	GO_BP	no_proc_ieg	10098
GOBP_BIOLOGICAL_PROCESS_INVOLVED_IN_INTRASPECIES_INTERACTION_BETWEEN_ORGANISMS	0.9766253501711094	0.48785425101214575	0.6687283435700425	9/40	CX3CR1;LTF;TREM2;TBX1;NLGN4X;EXT1;PTEN;CLN8;DLG4	GLOM	GO_BP	no_proc_ieg	10098
GOBP_REGULATION_OF_PLASMA_LIPOPROTEIN_PARTICLE_LEVELS	0.9763894776250756	0.4685714285714286	0.6688534402892248	11/62	LIPA;CSK;CD36;SOAT1;SCARB1;ABCA7;PLA2G7;TREM2;PCSK5;CNPY2;LDLRAP1	GLOM	GO_BP	no_proc_ieg	10098
GOBP_POSITIVE_REGULATION_OF_CYTOSKELETON_ORGANIZATION	0.9762315165077596	0.4853801169590643	0.668835810764332	28/130	PYCARD;HCK;STIL;ARPC2;TRIM27;LIMK1;CYFIP1;GPR65;BAG4;NUP62;PSRC1;NCKAP1L;GPSM2;NRP1;ITGB1BP1;PLEK;S100A10;GRB2;CDC42EP1;RHOC;SPAST;RHOA;MAP1B;DCTN1;FLNA;FCHSD2;P2RX7;CD47	GLOM	GO_BP	no_proc_ieg	10098
GOBP_PYRIMIDINE_RIBONUCLEOTIDE_METABOLIC_PROCESS	0.9761102281751324	0.4899598393574297	0.6686742240556134	8/24	DCK;UCK2;ENTPD7;NME6;NME3;AK5;NME1;CTPS1	GLOM	GO_BP	no_proc_ieg	10098
GOBP_SYNAPSE_MATURATION	0.9760157103896777	0.49789915966386555	0.6684565229757833	8/20	CX3CR1;ADGRB3;CDC20;PTEN;PFN1;VPS35;NEURL1;SEZ6L2	GLOM	GO_BP	no_proc_ieg	10098
GOBP_HETEROCHROMATIN_FORMATION	0.9756525634305118	0.46825396825396826	0.6689276120839054	26/79	DNMT1;MACROH2A1;MACROH2A2;POLE3;BRCA1;HDAC1;EZH2;H2AZ1;SMARCA5;KDM5A;RRP8;BAZ1A;EED;KMT2D;LMNB1;MORC2;H1-0;DNMT3A;PCGF3;PHF2;MBD3;HDAC2;TRIM28;ATF7IP;DOT1L;LMNA	GLOM	GO_BP	no_proc_ieg	10098
GOBP_NECROPTOTIC_PROCESS	0.9755718147607656	0.492156862745098	0.6686735433151525	9/24	PYGL;RBCK1;CASP8;DNM1L;FAS;CYLD;FADD;SLC25A4;TLR3	GLOM	GO_BP	no_proc_ieg	10098
GOBP_ADENOHYPOPHYSIS_DEVELOPMENT	0.975329521678625	0.5010615711252654	0.668861223216889	4/15	BMP2;GATA2;FGF2;WNT4	GLOM	GO_BP	no_proc_ieg	10098
GOBP_REGULATION_OF_NEUROTRANSMITTER_TRANSPORT	0.9752583234524195	0.4854368932038835	0.668594639227369	8/63	SYT11;ATP1A2;GPM6B;MEF2C;FLOT1;SYNGR3;PRKCB;MYOF	GLOM	GO_BP	no_proc_ieg	10098
GOBP_REGULATION_OF_OSTEOBLAST_DIFFERENTIATION	0.9750713244982244	0.4906054279749478	0.6686584501651373	12/86	RASSF2;TWIST1;LTF;VEGFC;MEF2C;IFITM1;ID3;CEBPA;SNAI2;CLIC1;TRPM4;BMP2	GLOM	GO_BP	no_proc_ieg	10098
GOBP_ORGANELLE_DISASSEMBLY	0.9745748704965599	0.5315487571701721	0.6695068886093545	37/131	AURKA;TIGAR;DELE1;ATG4A;HTRA2;RRP7A;HTT;NOD2;TSPO;RETREG2;PELO;TRIM21;VCP;KLC1;DDRGK1;AMBRA1;ATG9A;CSNK2A2;DNM1L;CDK1;HK2;ATG3;GABARAP;SPAST;SLC25A4;SREBF1;UBE2A;ABCE1;MCTS1;PLAAT1;GCN1;CAMKK2;PLIN3;RETREG3;MARK2;WDR45;SKIC2	GLOM	GO_BP	no_proc_ieg	10098
GOBP_METENCEPHALON_DEVELOPMENT	0.973781483855419	0.5236220472440944	0.6710921369448424	11/81	MAP2K1;SEMA4C;FCGR2B;LHX5;CDK5;MDK;SCRIB;COMT;CLP1;EZH2;NLGN4X	GLOM	GO_BP	no_proc_ieg	10098
GOBP_PROTEIN_CONTAINING_COMPLEX_DISASSEMBLY	0.9725803674088523	0.5174311926605505	0.6737602244335432	55/165	MAP1S;TWF2;CAPZB;RUBCN;SMARCD2;ADRB2;SMARCE1;CAPG;TRIM21;TPX2;VCP;KLC1;SMARCC2;LIMA1;STMN3;PLEK;ATP2A2;RUBCNL;FLII;KIF2A;TMOD1;CALM1;HMGA1;MICAL2;SNAP29;KIF14;GABARAP;OGFOD1;JMJD4;MCOLN1;SMARCD3;KIF2C;SPAST;MAP1B;SMARCB1;VPS4A;CHMP1A;ABCE1;GSK3B;GSPT2;MID1;NSF;UPF1;TFIP11;SPTBN1;CHMP2A;SCAF4;GRWD1;SWAP70;CFL1;SVIL;CARMIL1;SYNJ1;CLTC;KIF18A	GLOM	GO_BP	no_proc_ieg	10098
GOBP_REGULATION_OF_CELL_SUBSTRATE_ADHESION	0.9723141707820347	0.5209471766848816	0.6739724386649657	38/165	GBP1;FUT1;CD36;GPM6B;RAC2;ARPC2;MAP4K4;PDGFB;FN1;DUSP22;CORO1C;MDK;EMILIN1;KDR;HSD17B12;EMP2;ACVRL1;NRP1;AGR2;COL1A1;POSTN;ITGB1BP1;S100A10;ITGA5;CDK6;PTEN;GFUS;RRAS;SEMA3E;PEAK1;PLAU;NID1;PDPN;EFEMP2;RHOA;ADAM15;FLNA;GREM1	GLOM	GO_BP	no_proc_ieg	10098
GOBP_FORELIMB_MORPHOGENESIS	0.9716796664263893	0.5009560229445507	0.6751968104629694	7/28	TWIST1;TBX3;MSX1;VPS54;HOXA11;ALDH1A2;ALX4	GLOM	GO_BP	no_proc_ieg	10098
GOBP_POSITIVE_REGULATION_OF_MONOATOMIC_ION_TRANSPORT	0.9716662057246758	0.5227722772277228	0.674779852745268	19/148	CTSS;CCL5;CCL4;TRPV2;TRPC6;ATP1B3;LILRA2;LILRA5;PDGFB;CXCL10;KCNMB1;CCR1;CCR2;ADRB2;HTT;STK39;TREM2;TSPO;TESC	GLOM	GO_BP	no_proc_ieg	10098
GOBP_POSITIVE_REGULATION_OF_PROTEIN_POLYMERIZATION	0.9716129671966067	0.4802494802494803	0.674453316442791	6/63	PYCARD;HCK;ARPC2;BAG4;PSRC1;NCKAP1L	GLOM	GO_BP	no_proc_ieg	10098
GOBP_RESPONSE_TO_LIGHT_STIMULUS	0.9714410032008096	0.5387596899224806	0.6744599942117929	41/217	CRIP1;ATP8A2;ATP1A2;RAG1;DTL;TRIAP1;AURKB;HUS1;PCNA;COL6A3;CTNS;ABCA7;SLC1A3;CDK5;SLC7A11;COL6A2;RIC8A;CUL4B;MAPK11;PBK;COMT;COL6A1;MMP2;TIMP1;PITPNM1;SCARA3;CCND1;PML;POLH;EXT1;RGS9;RBM4B;BAX;PDE8B;PPID;MMP1;ERCC1;HYAL3;APP;CASP7;IL12A	GLOM	GO_BP	no_proc_ieg	10098
GOBP_POSITIVE_REGULATION_OF_INSULIN_SECRETION_INVOLVED_IN_CELLULAR_RESPONSE_TO_GLUCOSE_STIMULUS	0.971151779937382	0.4817813765182186	0.6747577356186728	3/22	NADK;HLA-DRB1;TRPM4	GLOM	GO_BP	no_proc_ieg	10098
GOBP_NEUROEPITHELIAL_CELL_DIFFERENTIATION	0.9708833357501064	0.49377593360995853	0.675020410436426	11/31	SOX4;MSX1;BMP2;GATA2;TGFB1;MAP1B;FGF2;TUBB;WNT4;LEF1;ABL1	GLOM	GO_BP	no_proc_ieg	10098
GOBP_MULTIVESICULAR_BODY_ORGANIZATION	0.9704836390363762	0.4923954372623574	0.6755749157313913	7/16	RAB11A;VPS28;SNF8;VPS4A;CHMP1A;CHMP2A;STAM	GLOM	GO_BP	no_proc_ieg	10098
GOBP_LENS_DEVELOPMENT_IN_CAMERA_TYPE_EYE	0.9702489836915975	0.5121951219512195	0.6757478835259231	13/67	CTNS;GATA3;SLC7A11;SKIL;KDM5B;SIX5;BFSP1;CDON;WNT5B;FZR1;TGFBR2;TGFB1;TMOD1	GLOM	GO_BP	no_proc_ieg	10098
GOBP_ATRIAL_SEPTUM_DEVELOPMENT	0.968892618859136	0.5159235668789809	0.6788039354101973	2/16	HEY2;SOX4	GLOM	GO_BP	no_proc_ieg	10098
GOBP_NEGATIVE_REGULATION_OF_TRANSFORMING_GROWTH_FACTOR_BETA_RECEPTOR_SIGNALING_PATHWAY	0.9685597229034147	0.5056603773584906	0.6792067159349708	18/61	SAP30L;FAM89B;CHST11;HDAC1;CILP;SKIL;CAV2;BMP2;LTBP1;PMEPA1;BAMBI;LDLRAD4;ZBTB7A;FBN1;SMURF2;PPARG;SMAD7;SMURF1	GLOM	GO_BP	no_proc_ieg	10098
GOBP_DETERMINATION_OF_ADULT_LIFESPAN	0.9682125196401877	0.5010224948875256	0.6796307333674025	3/26	LIPA;ATP8A2;INPP5D	GLOM	GO_BP	no_proc_ieg	10098
GOBP_POSITIVE_REGULATION_OF_PHOSPHOLIPASE_ACTIVITY	0.9678299677860192	0.5277207392197125	0.6802177930329218	6/36	CCL5;HTR2B;CD86;SELE;GNA15;C5AR1	GLOM	GO_BP	no_proc_ieg	10098
GOBP_CARDIAC_ATRIUM_MORPHOGENESIS	0.9671669644532226	0.5095057034220533	0.6815210765983956	7/20	HEY2;SOX4;BMP2;ENG;TGFB2;BMPR2;MYH6	GLOM	GO_BP	no_proc_ieg	10098
GOBP_COLLAGEN_CATABOLIC_PROCESS	0.9668354102512505	0.5300429184549357	0.681878973811987	15/36	CTSS;RETREG2;MMP2;MMP1;FAP;ADAMTS3;ADAM15;MMP11;CST3;RETREG3;MMP15;FURIN;MMP9;MMP10;ADAMTS2	GLOM	GO_BP	no_proc_ieg	10098
GOBP_EMBRYONIC_SKELETAL_SYSTEM_DEVELOPMENT	0.9668101556744003	0.5090543259557344	0.6814768973070856	17/88	TWIST1;CHST11;HOXB8;HOXB6;PCSK5;COL11A1;TBX1;PBX1;HOXB7;HOXB2;COL1A1;HOXB5;EXT1;HOXA3;TGFBR2;PCGF2;HOXA4	GLOM	GO_BP	no_proc_ieg	10098
GOBP_PROTEIN_STABILIZATION	0.9650218204177597	0.5472061657032755	0.685719825424196	41/153	TYROBP;RASSF2;TNIP2;ATP1B3;SOX4;BAG4;NCLN;IFI30;SOX17;EFNA1;FLOT1;TESC;BAG2;CCT8;MSX1;MFSD1;CCT6A;SEC16A;CRTAP;CCT3;PTEN;GRN;STXBP1;PPIB;PLPP3;CCT4;GTPBP4;CREB1;DSG1;RUVBL1;P3H1;SMAD7;TTI1;MTMR9;FLNA;DVL3;PFN1;FLOT2;TRIM44;TREX1;USP7	GLOM	GO_BP	no_proc_ieg	10098
GOBP_REGULATION_OF_POSITIVE_CHEMOTAXIS	0.9642274475155335	0.498960498960499	0.6873315741106345	3/21	VEGFC;SCG2;KDR	GLOM	GO_BP	no_proc_ieg	10098
GOBP_CARTILAGE_DEVELOPMENT	0.9641263801852823	0.5477178423236515	0.6871307169745215	40/148	TGFBI;MEF2C;COL3A1;CHST11;GATA3;MDK;THBS3;SERPINH1;CSGALNACT1;SNAI2;COL6A1;MSX1;CD44;TIMP1;ACVRL1;ECM1;BMP2;RUNX3;COL11A1;WNT5B;DDRGK1;COMP;COL1A1;TYMS;EXT1;HOXA3;TGFBR2;TGFB1;BGN;MATN3;HYAL3;NPR2;CCN4;SMAD7;GREM1;FGF2;HYAL2;HOXA11;FGFR3;FRZB	GLOM	GO_BP	no_proc_ieg	10098
GOBP_KILLING_BY_HOST_OF_SYMBIONT_CELLS	0.9639537904076284	0.4846153846153846	0.6870996977482039	2/19	MYD88;CXCL6	GLOM	GO_BP	no_proc_ieg	10098
GOBP_MICROTUBULE_CYTOSKELETON_ORGANIZATION	0.963455508035814	0.5676691729323309	0.6879473484411741	102/394	TACC3;PPP2R3C;AURKA;MAP7D1;CCDC69;MAP1S;STIL;PRC1;NUSAP1;RAB11A;AURKB;CCNB1;GNAI1;TBCB;NUP62;PSRC1;TUBB6;PLK2;CDK5;BRCA1;HTT;NDC80;DLGAP5;TUBB2A;GPSM2;KIF4A;TXNDC9;TUBA1B;TPX2;PHLDB1;ODF2;VCP;CDC20;KIF20A;CHEK1;WRAP73;TUBGCP5;KIF11;STMN3;SKA1;PTEN;SAC3D1;CDH5;EML3;KIF2A;TUBG1;TUBA4A;CDK1;XRCC3;MAPRE2;ASPM;SSNA1;MAP2;NAT10;GADD45A;CPLANE2;KIF14;GABARAP;TUBA1A;TTK;DYNC1LI2;CYLD;TUBB2B;KIF2C;SPAST;RHOA;BIRC5;CCNB2;CEP131;MAP1B;CENPA;DCTN1;FLNA;BICD2;DCTN2;CHMP1A;NDE1;INTS13;GSK3B;SPDL1;CHD3;BRCA2;BORA;NEK2;RCC1;TUBA3C;TUBB;CROCC;CSNK1D;CEP135;MID1;RACGAP1;DAG1;SPC25;CENPE;KPNB1;PTPA;MLH1;DYNLT1;MARK2;SNCA;NEURL1	GLOM	GO_BP	no_proc_ieg	10098
GOBP_INTRINSIC_APOPTOTIC_SIGNALING_PATHWAY	0.9634093563428447	0.5588235294117647	0.6875972827631344	46/219	PYCARD;DYRK2;TNFRSF1B;CRIP1;BID;BCL2A1;HTRA2;ARL6IP5;TRIAP1;SEPTIN4;FCGR2B;MLLT11;MELK;BRCA1;HDAC1;PTTG1IP;TREM2;SNAI2;PTPN2;SKIL;AEN;ATP2A3;MSX1;MMP2;CD44;IFI6;PPP1R13B;ELL3;CASP4;LCK;PML;PIAS4;IFI16;IKBKE;BAX;DNM1L;ERP29;STK25;FZD1;CASP2;PLAUR;DNAJC10;CYLD;RRP8;CD74;PHLDA3	GLOM	GO_BP	no_proc_ieg	10098
GOBP_REGULATION_OF_BONE_REMODELING	0.9625689413832906	0.5018382352941176	0.6892985546004765	6/38	CSK;CSF1R;CD38;INPP5D;MDK;SYK	GLOM	GO_BP	no_proc_ieg	10098
GOBP_HEMATOPOIETIC_PROGENITOR_CELL_DIFFERENTIATION	0.9624171830287491	0.5614035087719298	0.6892497791975682	18/89	LIPA;PTPN6;PTPRC;ADAR;SOX4;GATA3;KDR;KITLG;TOP2A;EXT1;PLEK;TCF15;CDK6;SPI1;MEOX1;PDCD2;GATA2;TGFB1	GLOM	GO_BP	no_proc_ieg	10098
GOBP_VESICLE_DOCKING	0.9619255365701077	0.5161290322580645	0.69005799252894	12/35	CAV2;PLEK;STXBP1;PPFIA3;EXOC1;SYTL2;RAB8A;UNC13B;RALB;YKT6;EXOC5;VPS11	GLOM	GO_BP	no_proc_ieg	10098
GOBP_ESTABLISHMENT_OF_PROTEIN_LOCALIZATION_TO_ORGANELLE	0.9616432867034498	0.575925925925926	0.6903644104038749	99/284	HCLS1;MACROH2A1;IL10RA;BID;CD36;RAC2;ECT2;HTRA2;RAB11A;SEC61B;MACROH2A2;RANBP6;BAG4;NUP93;NUP62;SH3GLB1;LAPTM5;PTTG1IP;SYK;SCRIB;E2F3;TSPO;RAB23;CD68;CCT8;KPNA2;SPCS3;PPP3R1;NUP85;CCT6A;PML;CCT3;NUP188;SNUPN;BAX;CSNK2A2;RALA;CCT4;DNAJC15;TGFB1;CDK1;HK2;UBL4A;VPS28;CBL;SSR3;VPS8;VPS54;NUP107;CSE1L;FLNA;SMURF1;SNF8;TIMM8B;VPS4A;HYAL2;SREBF1;BCAP31;BRCA2;HIKESHI;KPNA1;RAB8B;IL33;SRPRB;ACD;VPS11;KPNB1;STK4;FAM53B;CLU;FAM53C;SGTA;TRIM28;RAB7A;ZPR1;TRAM1;SIRT4;HSPA5;NUP155;SRPRA;AIP;LMNA;STAM;TRAM2;TIMM10;RUVBL2;MTCH1;TIMM8A;CCT7;IPO4;PITRM1;SEC61G;NEDD4;JUP;FIS1;TIMM13;SCARB2;PSEN1;TRIM37	GLOM	GO_BP	no_proc_ieg	10098
GOBP_REGULATION_OF_CILIUM_ASSEMBLY	0.9613053480671417	0.5372848948374761	0.6907841765100758	19/56	RAB11A;TBC1D2B;TBC1D2;HTT;ARF4;ODF2;WRAP73;ATG3;ASAP1;CYLD;GSK3B;TRIM32;CROCC;CEP135;IFT20;TBC1D8;MAP4;TBC1D22B;TBC1D30	GLOM	GO_BP	no_proc_ieg	10098
GOBP_EPITHELIAL_TUBE_MORPHOGENESIS	0.9612305750243676	0.5991820040899796	0.6905042062562957	58/231	TWIST1;STIL;MEF2C;CSF1R;SEMA4C;SOX18;COL4A1;CTNS;GATA3;CXCL10;SOX17;CLIC4;KIF20B;NR3C1;MDK;CTSZ;SCRIB;KDR;KDM5B;MMRN2;TBX3;NOTCH4;ACVRL1;BMP2;NRP1;PPP3R1;PBX1;HOXB7;TRAF6;PML;TBX2;EXT1;ENG;SOSTDC1;APLNR;CXCR4;TNC;RALA;TGFBR2;SEMA3E;RASIP1;TGFB1;EFNB2;PGR;FZD1;MICAL2;ADM;KIF26B;RHOA;LMO4;GREM1;FGF2;TGFB2;DVL3;HOXA11;AR;FKBPL;HOXD11	GLOM	GO_BP	no_proc_ieg	10098
GOBP_POSITIVE_REGULATION_OF_DNA_RECOMBINATION	0.9608911175061126	0.5191956124314442	0.6909092120412823	20/51	PTPRC;RAD51AP1;CD40;TBX21;PIAS4;MRGBP;TGFB1;RUVBL1;SKP2;KMT5B;MLH1;EP400;ACTB;PARP1;RUVBL2;CD28;WAS;WRAP53;TP53BP1;ING3	GLOM	GO_BP	no_proc_ieg	10098
GOBP_POSITIVE_REGULATION_OF_CYTOSOLIC_CALCIUM_ION_CONCENTRATION	0.9600375089032476	0.5714285714285714	0.6927331726728396	25/138	CX3CR1;CCRL2;CD36;TRPC6;CD52;PTGER2;C3AR1;CD38;FKBP1B;GPR35;CCR1;ITPR3;CCR2;TRPM4;C5AR1;PTGDR;PML;TAC1;FPR3;CXCR4;AGTR1;BAX;CCR10;GATA2;CCR5	GLOM	GO_BP	no_proc_ieg	10098
GOBP_NEGATIVE_REGULATION_OF_EPITHELIAL_CELL_PROLIFERATION	0.9591557443190454	0.5416666666666666	0.6945628630572022	33/103	TINF2;VASH1;ALOX5;MEF2C;TRIM24;GATA3;SCG2;SNAI2;MMRN2;CAV2;NGFR;ACVRL1;RUNX3;CEACAM1;CDK6;WDR77;NR2F2;TGFB1;EFNB2;SERPINF1;CDKN2B;IL12A;PPARD;SPARC;PPARG;PTPRM;TGFB2;AR;BRCA2;SYNJ2BP;LIMS2;PTPRK;STK4	GLOM	GO_BP	no_proc_ieg	10098
GOBP_POSITIVE_REGULATION_OF_HEART_RATE	0.9585209821207008	0.516260162601626	0.6957787636407187	7/21	HEY2;TRPM4;ADA;RGS4;ATP2A2;GCH1;ADM	GLOM	GO_BP	no_proc_ieg	10098
GOBP_L_GLUTAMATE_IMPORT	0.9584799071828491	0.5130784708249497	0.6954356800826625	5/31	ATP1A2;ARL6IP5;SLC1A4;SLC1A3;SLC7A11	GLOM	GO_BP	no_proc_ieg	10098
GOBP_PROTEIN_PROCESSING	0.9582433447605969	0.5546719681908548	0.6956110901651261	38/168	CTSS;CASP1;CST7;THBD;PSENEN;ATG4A;HTRA2;YME1L1;CARD8;ADAM10;TMEM208;SCG5;CTSZ;PLA2G7;BAG2;AEBP1;CASP8;PCSK5;SPCS3;CASP4;PSEN2;COMP;S100A10;DHCR24;IFI16;C1R;FXN;PLAU;SEC11A;CASP7;CASP2;PLAUR;CPLANE2;CLEC3B;FADD;MAFB;ADAMTS3;FAM111A	GLOM	GO_BP	no_proc_ieg	10098
GOBP_POSITIVE_REGULATION_OF_SPROUTING_ANGIOGENESIS	0.9580239225913161	0.5333333333333333	0.6956797703481599	5/16	FUT1;TGM2;CLIC3;JCAD;ITGA5	GLOM	GO_BP	no_proc_ieg	10098
GOBP_REGULATION_OF_OXIDATIVE_PHOSPHORYLATION	0.9578427232894934	0.525987525987526	0.6956840601091728	5/16	MACROH2A1;VCP;DNAJC15;SHMT2;RHOA	GLOM	GO_BP	no_proc_ieg	10098
GOBP_PURINE_NUCLEOSIDE_METABOLIC_PROCESS	0.9574582796561749	0.520242914979757	0.6961905806456082	7/17	HPRT1;ADA2;ADA;PTGDR;NT5E;NUDT1;APRT	GLOM	GO_BP	no_proc_ieg	10098
GOBP_PRIMARY_MIRNA_PROCESSING	0.957336814430726	0.5048923679060665	0.6960395267202164	5/15	NCBP2;TGFB1;DROSHA;SRRT;DGCR8	GLOM	GO_BP	no_proc_ieg	10098
GOBP_SMOOTH_MUSCLE_CONTRACTION	0.9572253183648691	0.52	0.6958407283813683	14/76	HTR2B;ATP1A2;ACTA2;CD38;FKBP1B;RAP1GDS1;ADRB2;GUCY1A1;TBX3;NMU;ADA;PTAFR;COMP;TBX2	GLOM	GO_BP	no_proc_ieg	10098
GOBP_PROTEIN_MODIFICATION_BY_SMALL_PROTEIN_CONJUGATION	0.9567100678051259	0.6328871892925431	0.6967309156812744	132/468	NMI;UBE2I;UBE2J1;RNF130;PIAS3;ISG15;RAG1;RBCK1;DTL;RNF125;TRIM27;TRIM5;ARRB1;LIMK1;RMND5A;SEPTIN4;SOX4;TRIM24;SUMO3;LAPTM5;FBXO11;CDK5;BRCA1;PTTG1IP;NOD2;CHFR;FANCI;CUL4B;TSPO;BAG2;UBE2L6;TRPM4;WSB2;USP4;TRIM21;HECTD3;DERL1;CDC34;TRAF6;COPS5;VCP;CDC20;DDRGK1;RC3H2;UCHL3;CENPX;PML;PIAS4;TRIM9;RNF44;PTEN;TRAIP;FZR1;AMBRA1;PEF1;RNF7;IFIH1;WDR77;IFI27;KCTD13;GTPBP4;PRPF19;UBD;KEAP1;RUSC1;ATG3;RNF111;SMURF2;PTPN22;UBE2C;VPS28;TRIM3;CBL;TRIM25;GABARAP;MARCHF3;UBXN1;RBX1;SMAD7;CDC27;TRIB3;COPS6;MED7;CAND2;HDAC4;SMURF1;MED18;TRIM22;TICAM1;RNF34;UBE2A;GSK3B;ENC1;SKP2;OS9;TRIM45;TRIM44;TRIM32;DDA1;THOP1;USP7;DNAJB2;PLAA;UBAC1;UBE2D2;VPS11;CBFB;TRIM14;LMO7;UBE3C;FBXL15;MARCHF2;WFS1;NEURL1;MEFV;RNFT1;RNF113A;RAB40C;TRAF2;SPHK1;TRIM28;MED6;BFAR;UBA2;CAV1;KLHL2;RELA;MED12;UBA3;ABL1;HSPA5;AREL1	GLOM	GO_BP	no_proc_ieg	10098
GOBP_REGULATION_OF_PRESYNAPSE_ORGANIZATION	0.9564424896330894	0.504	0.6969554856431701	10/20	LRFN3;FARP1;APP;FZD1;VPS35;SNCA;EIF4G1;EFNB3;SLITRK3;LRFN4	GLOM	GO_BP	no_proc_ieg	10098
GOBP_MEMBRANE_LIPID_METABOLIC_PROCESS	0.9564243210348078	0.5728952772073922	0.6965577173913942	32/142	ORMDL2;FUT1;NAGA;GLA;PPT1;HTRA2;PLPP2;ST8SIA4;ELOVL1;ELOVL5;HACD1;GLB1;NEU1;ST8SIA1;B4GALT5;DEGS1;GAL3ST4;ST6GALNAC4;BAX;PLPP3;ST3GAL2;HEXB;DPM2;PLA2G15;SPTLC2;CLN8;VPS54;DPM3;PLPP1;SGPL1;P2RX7;MGST2	GLOM	GO_BP	no_proc_ieg	10098
GOBP_TRANSLATIONAL_INITIATION	0.9560544824564762	0.5343228200371057	0.6970748970775219	25/69	CCL5;EIF2B1;POLR2G;EIF3I;EIF3D;NCBP2;COPS5;EIF4G2;BZW2;DNAJC3;YTHDF1;EIF4G3;EIF3G;YTHDF2;RPL13A;EIF2B4;ABCE1;RPS6KB2;MCTS1;PPP1CA;EIF2B5;EIF4E2;EIF4G1;EIF4EBP2;EIF2B3	GLOM	GO_BP	no_proc_ieg	10098
GOBP_NEGATIVE_REGULATION_OF_MITOTIC_CELL_CYCLE	0.9558895417619359	0.5546875	0.6970642756519282	36/161	BABAM1;ZWINT;DTL;TRIAP1;AURKB;BTN2A2;CCNB1;HUS1;LCMT1;PLK2;BRCA1;RPA2;CHFR;SCRIB;NDC80;BUB1B;GTSE1;EZH2;CDC20;CENPF;CCND1;CHEK1;PML;PTEN;FZR1;NME6;IK;DACT1;CDK1;XRCC3;CDKN2B;CASP2;TTK;TAOK3;BIRC5;MUS81	GLOM	GO_BP	no_proc_ieg	10098
GOBP_VESICLE_ORGANIZATION	0.9536556561529647	0.5918367346938775	0.7023133000820321	71/226	SYT11;RAB11A;TMED9;SEC24D;CORO1C;SDCBP;CORO1A;RAB5B;ANXA1;SNX3;AP3M2;CAV2;TMEM127;SLAMF1;RAB32;PIP4K2A;DNM3;DNM1;SEC16A;S100A10;CD34;RUBCNL;STXBP1;PEF1;RUFY1;SAMD9;LAPTM4B;CREB1;VAMP4;CPLANE2;VPS28;SNAP29;DLG4;ABCA1;VPS8;TRAPPC4;ATP6V0B;P2RX7;SNF8;YIPF5;RAB8A;GPR143;VPS4A;VAMP1;RAB22A;PLEKHF1;BET1;CHMP1A;RAB38;TRAPPC2;SCAP;SRPX;AP2M1;CSNK1D;VAPB;ZEB2;AP1S2;VPS11;ANKRD27;TMED10;HPS1;ATP6AP1;SNCA;ATP6V0D1;SPHK1;RAB7A;CHMP2A;CAV1;PLEKHJ1;STX6;HPS6	GLOM	GO_BP	no_proc_ieg	10098
GOBP_EMBRYONIC_MORPHOGENESIS	0.9535992944607969	0.6	0.7020004207314446	69/417	ITGB2;HLX;MAP2K1;TWIST1;HTR2B;MACROH2A1;VEGFC;ATP8A2;STIL;GNA12;MEF2C;MAPK1;SEMA4C;FN1;SOX18;CHST11;GATA3;SOX17;ITGA4;HOXB8;COL5A2;KIF20B;EFNA1;HOXB6;HDAC1;SCRIB;RIC8A;JAG2;PAF1;ITGA7;TBX3;COL6A1;MSX1;MMP2;COL11A1;COL5A1;TBX1;PBX1;CDON;HOXB7;PHLDB1;TRAF6;LRP4;HOXB2;WNT5B;TGFB1I1;TBX2;HOXB5;EXT1;ITGA5;ENG;HOXA3;APLNR;BAX;PLPP3;ETV2;DACT1;GATA2;RALA;TGFBR2;CYP26B1;TGFB1;GRB2;FBN1;EPHB2;PCGF2;FZD1;HOXA4;MICAL2	GLOM	GO_BP	no_proc_ieg	10098
GOBP_OSTEOBLAST_PROLIFERATION	0.9534515179561989	0.5037037037037037	0.7019190753661627	7/22	LTF;HPSE;BMP2;MN1;RHOA;MUS81;GREM1	GLOM	GO_BP	no_proc_ieg	10098
GOBP_VENTRICULAR_SEPTUM_MORPHOGENESIS	0.9530026045835346	0.5450980392156862	0.7026004045772322	10/30	HEY2;SOX4;TBX3;HEY1;APLNR;TGFBR2;FZD1;SMAD7;TGFB2;BMPR2	GLOM	GO_BP	no_proc_ieg	10098
GOBP_REGULATION_OF_MYELINATION	0.9526751519410123	0.520242914979757	0.7030031233884404	15/32	TNFRSF1B;CST7;CYFIP1;TYMP;JAM2;MTMR2;PTN;FIG4;KIF14;TNFRSF21;DAG1;NRDC;ITGAX;ZPR1;DICER1	GLOM	GO_BP	no_proc_ieg	10098
GOBP_ENDOPLASMIC_RETICULUM_UNFOLDED_PROTEIN_RESPONSE	0.951552774032903	0.5142857142857142	0.7055149958459576	22/53	ABCA7;PARP8;PTPN2;DERL1;COPS5;VCP;CCND1;DDRGK1;AGR2;FICD;BAX;SERP1;TBL2;DNAJC10;OS9;ERO1A;VAPB;CREB3;DERL2;WFS1;BFAR;HSPA5	GLOM	GO_BP	no_proc_ieg	10098
GOBP_APPENDAGE_DEVELOPMENT	0.9511866054231939	0.5583657587548638	0.7060711441470815	30/128	TWIST1;GNA12;COL3A1;CHST11;HDAC1;SLC7A11;TBX3;COL6A1;MSX1;PLXNA2;PCSK5;PBX1;LRP4;RC3H2;COMP;TBX2;EXT1;PIAS4;BAX;CYP26B1;NPR2;CPLANE2;VPS54;MEOX2;SLC39A1;GREM1;TAF10;TGFB2;HOXA11;ALDH1A2	GLOM	GO_BP	no_proc_ieg	10098
GOBP_REGULATION_OF_PROTEIN_LOCALIZATION_TO_CELL_PERIPHERY	0.9509802707911733	0.5692307692307692	0.7061563280060303	13/99	RHOG;CSK;GBP1;NETO2;ADAM10;GNAI1;LYPD1;CDK5;RER1;TREM2;EPB41L2;TMBIM1;GPSM2	GLOM	GO_BP	no_proc_ieg	10098
GOBP_NEUROTRANSMITTER_RECEPTOR_TRANSPORT	0.9509610207048536	0.5093945720250522	0.7057327397101925	6/15	RAB11A;SCRIB;NSG1;ARHGAP44;RAB8A;VPS35	GLOM	GO_BP	no_proc_ieg	10098
GOBP_POSITIVE_REGULATION_OF_RESPONSE_TO_ENDOPLASMIC_RETICULUM_STRESS	0.9505969226937976	0.5319148936170213	0.7062000093717375	14/27	FCGR2B;PTPN2;AGR2;BAX;UBQLN2;BCAP31;WFS1;USP13;RNFT1;SGTA;CAV1;RNFT2;SERINC3;XBP1	GLOM	GO_BP	no_proc_ieg	10098
GOBP_ENDOTHELIAL_CELL_DEVELOPMENT	0.950262999019625	0.527027027027027	0.706579081813536	6/47	MYD88;HPSE;MSN;SOX18;CLIC4;PECAM1	GLOM	GO_BP	no_proc_ieg	10098
GOBP_TRANSLESION_SYNTHESIS	0.949958131608178	0.532803180914513	0.7068796123857034	4/15	DTL;PCNA;VCP;POLH	GLOM	GO_BP	no_proc_ieg	10098
GOBP_PROTEIN_TRANSMEMBRANE_TRANSPORT	0.949562267632382	0.5205479452054794	0.7074392460954573	4/39	PRF1;HPSE;RAB11A;SEC61B	GLOM	GO_BP	no_proc_ieg	10098
GOBP_CELL_CYCLE_DNA_REPLICATION	0.9493479287348875	0.5508637236084453	0.7075727360177144	18/37	TK1;PCNA;RAD51;CDT1;DBF4;MCM2;BRCA2;E2F8;UPF1;ZPR1;RTF2;MCM4;ZMPSTE24;GINS3;MCM3;FGFR1;CDC45;FBXO5	GLOM	GO_BP	no_proc_ieg	10098
GOBP_RESPONSE_TO_GAMMA_RADIATION	0.949083707805194	0.524896265560166	0.7077832163581784	14/38	TIGAR;PTPRC;CXCL10;PML;BAX;CBL;SOD2;BRCA2;TREX1;HRAS;POLB;GTF2H5;CCL7;PARP1	GLOM	GO_BP	no_proc_ieg	10098
GOBP_RRNA_TRANSCRIPTION	0.947710636211186	0.570264765784114	0.710752809102278	10/32	MACROH2A1;MACROH2A2;MARS1;GTF3C3;CAVIN1;NOL11;SMARCB1;POLR1G;POLR1E;GTF2H5	GLOM	GO_BP	no_proc_ieg	10098
GOBP_BLOOD_VESSEL_REMODELING	0.9474407499872661	0.546	0.7110118318379052	14/35	MEF2C;CCR2;TMBIM1;ACVRL1;CEACAM1;EXT1;HOXA3;BAX;TGFB1;NPR2;FLNA;CST3;BMPR2;FLT4	GLOM	GO_BP	no_proc_ieg	10098
GOBP_POSITIVE_REGULATION_OF_CALCIUM_ION_TRANSPORT	0.947258887112683	0.5612648221343873	0.7110082337045927	16/91	CCL5;CCL4;TRPV2;TRPC6;LILRA2;LILRA5;PDGFB;CXCL10;CCR1;HTT;TSPO;PPP3R1;CXCL11;CALM3;APLNR;BAX	GLOM	GO_BP	no_proc_ieg	10098
GOBP_PERIPHERAL_NERVOUS_SYSTEM_DEVELOPMENT	0.9471900321039617	0.5375722543352601	0.7107084025448863	12/64	MAP2K1;PMP22;MAPK1;CDK5;GPC1;COL6A1;RUNX3;PPP3R1;ADGRB2;CDK1;GRB2;LAMA2	GLOM	GO_BP	no_proc_ieg	10098
GOBP_CYCLIC_NUCLEOTIDE_BIOSYNTHETIC_PROCESS	0.9464156360572322	0.5387673956262425	0.7121779748975944	4/19	ADCY7;ADCY3;GUCY1A1;GUCY1B1	GLOM	GO_BP	no_proc_ieg	10098
GOBP_MUSCLE_CELL_MIGRATION	0.9461652515797098	0.5535353535353535	0.7123433050343131	20/67	CCL5;GNA12;MEF2C;S100A11;PDGFB;MDK;TLR4;ADAMTS1;ANXA1;PLEKHO1;NRP1;POSTN;ITGB1BP1;PLAU;ABHD2;CORO1B;CCN4;PDGFRB;GRB10;IGFBP5	GLOM	GO_BP	no_proc_ieg	10098
GOBP_NEGATIVE_REGULATION_OF_DNA_TEMPLATED_TRANSCRIPTION_ELONGATION	0.9461113199183944	0.5241779497098646	0.7120265235630965	9/17	EZH2;NELFB;SUPT5H;SUPT4H1;NELFE;PARP1;HEXIM1;NELFA;SIRT6	GLOM	GO_BP	no_proc_ieg	10098
GOBP_POSITIVE_REGULATION_OF_PROTEIN_EXPORT_FROM_NUCLEUS	0.9459415853161057	0.5454545454545454	0.7120027247868436	2/17	CAMK1;ANP32B	GLOM	GO_BP	no_proc_ieg	10098
GOBP_POLYSACCHARIDE_BIOSYNTHETIC_PROCESS	0.9456445909552132	0.5366876310272537	0.712308971163464	13/43	DYRK2;PPP1R3C;PDGFB;CSGALNACT1;GYG1;EXT1;NDST2;TGFB1;NFKB1;GSK3B;EXT2;NDST1;PPP1CA	GLOM	GO_BP	no_proc_ieg	10098
GOBP_REGULATION_OF_REACTIVE_OXYGEN_SPECIES_BIOSYNTHETIC_PROCESS	0.9456375377567519	0.5276679841897233	0.7118611979413408	4/29	CD36;ALOX5;CTNS;TLR4	GLOM	GO_BP	no_proc_ieg	10098
GOBP_NEGATIVE_REGULATION_OF_CELLULAR_CATABOLIC_PROCESS	0.9455376690845158	0.5928853754940712	0.7116546901561219	21/81	IL10RA;TIGAR;TRIM27;RUBCN;TREM2;TSPO;FEZ1;TIMP1;STK38L;EIF4G2;LZTS1;MTMR2;RASIP1;EIF4G3;TIMP2;PTPN22;QSOX1;APOC1;MTMR9;ATP2B4;PIK3CG	GLOM	GO_BP	no_proc_ieg	10098
GOBP_REGULATION_OF_CELLULAR_RESPONSE_TO_TRANSFORMING_GROWTH_FACTOR_BETA_STIMULUS	0.9454677525633887	0.5541284403669725	0.7113559945718052	22/95	SAP30L;DKK3;FAM89B;CHST11;SDCBP;HDAC1;CILP;SKIL;CAV2;ADISSP;BMP2;LTBP1;PMEPA1;TGFB1I1;BAMBI;LDLRAD4;ENG;ZBTB7A;FBN1;RNF111;SMURF2;CDKN2B	GLOM	GO_BP	no_proc_ieg	10098
GOBP_EMBRYONIC_HEART_TUBE_DEVELOPMENT	0.9451667786564342	0.5591182364729459	0.7116856871685661	10/48	STIL;MEF2C;SOX18;SOX17;TBX3;TBX2;ENG;APLNR;TGFBR2;MICAL2	GLOM	GO_BP	no_proc_ieg	10098
GOBP_INNATE_IMMUNE_RESPONSE_IN_MUCOSA	0.9451006208303515	0.5170340681362725	0.7113916864223838	5/16	LTF;NOD2;H2BC21;RNASE2;H2BC12	GLOM	GO_BP	no_proc_ieg	10098
GOBP_POSITIVE_REGULATION_OF_OSSIFICATION	0.9449961833124755	0.5358649789029536	0.7112040393017829	7/44	LTF;ISG15;GPM6B;ALOX5;MEF2C;ADRB2;BMP2	GLOM	GO_BP	no_proc_ieg	10098
GOBP_REGULATION_OF_ENDOTHELIAL_CELL_DIFFERENTIATION	0.9445303865722882	0.5633802816901409	0.7119416806603018	8/26	NOTCH4;ACVRL1;CEACAM1;CDH5;ETV2;F11R;IL1B;FOXJ2	GLOM	GO_BP	no_proc_ieg	10098
GOBP_TISSUE_MORPHOGENESIS	0.9440455370499414	0.6746506986027944	0.7127676459333472	100/426	TWIST1;HEY2;VEGFC;ACTA2;STIL;LCP1;MEF2C;CSF1R;MSN;COL3A1;SEMA4C;SOX18;COL4A1;CTNS;GATA3;TGM2;CXCL10;SOX17;CLIC4;KIF20B;NR3C1;MDK;CTSZ;SCRIB;KDR;ADAMTS5;SNAI2;JAG2;KDM5B;MMRN2;TBX3;NGFR;MSX1;MMP2;CD44;NOTCH4;ACVRL1;BMP2;COL11A1;COL5A1;RAP2A;TBX1;NRP1;PPP3R1;PBX1;HOXB7;TRAF6;HOXB2;CEACAM1;WNT5B;TGFB1I1;PML;HEY1;TBX2;EXT1;ITGA5;TCF15;PTEN;ENG;SOSTDC1;BTBD7;APLNR;CXCR4;TNC;ETV2;RALA;TGFBR2;SEMA3E;RASIP1;TGFB1;GRB2;EFNB2;PGR;PLOD3;FZD1;MICAL2;CPLANE2;ADM;RHOC;KIF26B;PDPN;EFEMP2;RHOA;SMAD7;LMO4;FLNA;CD151;GREM1;TAF10;FGF2;TGFB2;MYH7;DVL3;HOXA11;ALDH1A2;IGFBP5;AR;FKBPL;FRZB;HOXD11	GLOM	GO_BP	no_proc_ieg	10098
GOBP_RESPONSE_TO_NICOTINE	0.9429766250182579	0.5637707948243993	0.71502293166804	5/41	ATP1A2;MAPK1;LYPD1;SLC7A11;MMP2	GLOM	GO_BP	no_proc_ieg	10098
GOBP_NEGATIVE_REGULATION_OF_DNA_BINDING_TRANSCRIPTION_FACTOR_ACTIVITY	0.942592653392437	0.5805825242718446	0.7155323390807272	15/92	PYCARD;RBCK1;LRRC14;ARRB1;SP100;CARD8;ID3;TRIM21;CCDC22;TNFRSF4;SPI1;ADORA3;ID1;NFKBIE;KEAP1	GLOM	GO_BP	no_proc_ieg	10098
GOBP_REGULATION_OF_INSULIN_SECRETION_INVOLVED_IN_CELLULAR_RESPONSE_TO_GLUCOSE_STIMULUS	0.9424416213515501	0.5579399141630901	0.7154396358834519	5/36	NADK;UCP2;HLA-DRB1;FKBP1B;TRPM4	GLOM	GO_BP	no_proc_ieg	10098
GOBP_SMOOTH_MUSCLE_CELL_MIGRATION	0.9423627438867571	0.5741127348643006	0.7151804483757926	17/58	CCL5;GNA12;MEF2C;S100A11;PDGFB;MDK;TLR4;ADAMTS1;NRP1;POSTN;PLAU;ABHD2;CORO1B;CCN4;PDGFRB;GRB10;IGFBP5	GLOM	GO_BP	no_proc_ieg	10098
GOBP_REGULATION_OF_PROTEIN_MATURATION	0.9421523530392235	0.5614035087719298	0.7152703761074735	10/47	CST7;SOX4;CARD8;CTSZ;BAG2;S100A10;RASAL2;PLAU;PLAUR;CLEC3B	GLOM	GO_BP	no_proc_ieg	10098
GOBP_REGULATION_OF_RHO_PROTEIN_SIGNAL_TRANSDUCTION	0.9402941993122339	0.5711422845691383	0.7195902071101153	13/64	LPAR6;ARRB1;COL3A1;GPR65;GPR35;FLOT1;ARHGDIB;GPR4;NRP1;F11R;MYO9B;RASIP1;KCTD13	GLOM	GO_BP	no_proc_ieg	10098
GOBP_MRNA_TRANSPORT	0.939793112680006	0.5825242718446602	0.720406818810714	14/73	DDX39A;MVP;THOC5;NUP93;NUP62;HHEX;NCBP2;NUP85;NUP188;NDC1;NXF3;NUP37;NUP107;BICD2	GLOM	GO_BP	no_proc_ieg	10098
GOBP_SPHINGOLIPID_BIOSYNTHETIC_PROCESS	0.9396631942877869	0.5891472868217055	0.7202589928276579	13/69	ORMDL2;FUT1;ST8SIA4;ELOVL1;ELOVL5;HACD1;ST8SIA1;B4GALT5;DEGS1;ST6GALNAC4;ST3GAL2;SPTLC2;CLN8	GLOM	GO_BP	no_proc_ieg	10098
GOBP_REGULATION_OF_FIBROBLAST_APOPTOTIC_PROCESS	0.9386921879400764	0.506	0.7222244385123057	5/15	BID;STK17B;STK17A;PIK3CG;GAS6	GLOM	GO_BP	no_proc_ieg	10098
GOBP_NEGATIVE_REGULATION_OF_PROTEIN_SERINE_THREONINE_KINASE_ACTIVITY	0.9384071295795918	0.5812133072407045	0.7224934024905562	15/59	PYCARD;CD300A;MACROH2A1;HHEX;BMP2;PTEN;NR2F2;RASIP1;DUSP7;GADD45A;PTPN22;IL1B;UCHL1;PPARG;HYAL2	GLOM	GO_BP	no_proc_ieg	10098
GOBP_CELLULAR_METABOLIC_COMPOUND_SALVAGE	0.9373451026133853	0.5425531914893617	0.7246900940822315	5/19	DCK;UCK2;ADSL;HPRT1;ADA	GLOM	GO_BP	no_proc_ieg	10098
GOBP_NEGATIVE_REGULATION_OF_SECRETION	0.9370161382729303	0.5938104448742747	0.7250907324142466	32/124	CD300A;TNFRSF1B;SYT11;UCP2;FCGR2B;FKBP1B;CCR2;NCKAP1L;STK39;HLA-F;TSPO;ANXA1;FRMD4A;ADA;GNAI2;CEACAM1;NPY5R;SPI1;RHBDF1;PDE8B;ERP29;SCT;IL12A;NR1H3;IL1B;CD74;SREBF1;ADRA2A;CHGA;NEO1;RSAD2;CRHBP	GLOM	GO_BP	no_proc_ieg	10098
GOBP_POSITIVE_REGULATION_OF_PROTEIN_BINDING	0.9364269101784016	0.5591836734693878	0.726153430290002	13/38	BDNF;FLOT1;BMP2;TRIM21;BLK;BAMBI;DACT1;TRIB3;GSK3B;RALB;STK4;MMP9;ABL1	GLOM	GO_BP	no_proc_ieg	10098
GOBP_REGULATION_OF_ACTIN_NUCLEATION	0.9363954794556955	0.5323886639676113	0.7257656037364916	4/22	TRIM27;CYFIP1;GMFG;CORO1A	GLOM	GO_BP	no_proc_ieg	10098
GOBP_DEVELOPMENTAL_MATURATION	0.9351342536384101	0.6431226765799256	0.7285621120911342	69/234	CX3CR1;C1QA;AURKA;LTF;GDF11;RAC2;SOX18;GATA3;CEBPA;THBS3;KDR;LYL1;MMP2;RAB32;ACVRL1;BMP2;C3;BFSP1;B4GALT5;ADGRB3;CDC20;BTK;TYMS;EXT1;CCL19;PTEN;RYR1;STXBP1;CLEC7A;CDH5;GATA2;ZBTB7A;WDR77;CDC25B;TGFB1;NPR2;PGR;APP;ABHD2;KIF14;DLG4;MAEA;AKR1B1;RHOA;PPARG;YTHDF2;MAP1B;GREM1;TGFB2;ALDH1A2;FGFR3;RAB38;TDRKH;PFN1;BRCA2;S1PR1;VPS35;IL15;DAG1;G6PD;CABYR;ANKRD27;CBFB;CD63;ATP6AP1;NEURL1;SEZ6L2;FARP2;ATP6V0D1	GLOM	GO_BP	no_proc_ieg	10098
GOBP_REGULATION_OF_GLIAL_CELL_PROLIFERATION	0.9345528922041386	0.5506072874493927	0.7296340915786376	8/28	VEGFC;ASCL2;TSPO;PLAG1;PRKCH;CDKN2B;IL1B;ETV5	GLOM	GO_BP	no_proc_ieg	10098
GOBP_REGULATION_OF_EPITHELIAL_CELL_DIFFERENTIATION	0.9345237532844147	0.6086956521739131	0.7292483451703923	24/112	MACROH2A1;HEY2;MACROH2A2;GATA3;EXTL3;TBX3;MSX1;NOTCH4;ACVRL1;BMP2;EZH2;PLAAT4;CCND1;CEACAM1;CDH5;ETV2;PRKCH;F11R;KEAP1;CDKN2B;IL1B;ZBED2;FOXJ2;FGF2	GLOM	GO_BP	no_proc_ieg	10098
GOBP_RNA_EXPORT_FROM_NUCLEUS	0.9339885179668227	0.5770750988142292	0.7301434392471197	8/51	DDX39A;THOC5;NUP93;NUP62;HHEX;NCBP2;NUP85;NUP188	GLOM	GO_BP	no_proc_ieg	10098
GOBP_HOMOTYPIC_CELL_CELL_ADHESION	0.933844058375138	0.5873015873015873	0.7300331121619524	19/68	CCL5;PTPN6;HBB;EMILIN1;SLC7A11;SYK;CLIC1;CEACAM1;COMP;ENTPD1;PLEK;FIBP;STXBP1;PLPP3;F11R;PLAUR;PDPN;FLNA;PIK3CG	GLOM	GO_BP	no_proc_ieg	10098
GOBP_REGULATION_OF_PROTEIN_IMPORT_INTO_NUCLEUS	0.9333407508418293	0.5814393939393939	0.730812837334268	3/42	HCLS1;CD36;ECT2	GLOM	GO_BP	no_proc_ieg	10098
GOBP_T_HELPER_17_TYPE_IMMUNE_RESPONSE	0.9330343838558911	0.5737051792828686	0.7311099587931406	8/32	IL27RA;ASCL2;CARD9;TBX21;RC3H2;ENTPD7;CLEC7A;EPHB2	GLOM	GO_BP	no_proc_ieg	10098
GOBP_REGULATION_OF_OSTEOBLAST_PROLIFERATION	0.9325111961875463	0.5273722627737226	0.7319518945797532	4/20	LTF;HPSE;BMP2;MN1	GLOM	GO_BP	no_proc_ieg	10098
GOBP_REGULATION_OF_MITOCHONDRIAL_DEPOLARIZATION	0.9324462604850142	0.565922920892495	0.7316406366907786	5/18	PPP2R3C;MLLT11;KDR;TSPO;IFI6	GLOM	GO_BP	no_proc_ieg	10098
GOBP_GASTRULATION	0.932317101005915	0.6216730038022814	0.7314992218198977	23/139	ITGB2;MAP2K1;MACROH2A1;FN1;SOX17;ITGA4;COL5A2;RIC8A;PAF1;ITGA7;COL6A1;MMP2;COL11A1;COL5A1;PHLDB1;WNT5B;EXT1;ITGA5;APLNR;PLPP3;ETV2;TGFBR2;GRB2	GLOM	GO_BP	no_proc_ieg	10098
GOBP_POSITIVE_REGULATION_OF_ISOTYPE_SWITCHING	0.9318320794279796	0.536779324055666	0.7323173399040391	4/18	PTPRC;CD40;TBX21;TGFB1	GLOM	GO_BP	no_proc_ieg	10098
GOBP_PEPTIDYL_LYSINE_MODIFICATION	0.9303820323393047	0.58984375	0.7355780110208852	11/87	UBE2I;PIAS3;TRIM27;SOX4;P3H4;SUMO3;HDAC9;P3H3;DESI1;LIPT1;TRPM4	GLOM	GO_BP	no_proc_ieg	10098
GOBP_MHC_CLASS_II_BIOSYNTHETIC_PROCESS	0.9300995423724104	0.5689655172413793	0.7358419621331058	8/17	TLR4;RFX5;RFXANK;IL33;HDAC2;SLC11A1;PF4;XBP1	GLOM	GO_BP	no_proc_ieg	10098
GOBP_POSITIVE_REGULATION_OF_DEVELOPMENTAL_GROWTH	0.9288907591950263	0.6368821292775665	0.7383919037633602	24/129	HLX;HEY2;ATP8A2;TRPV2;HOPX;MEF2C;BDNF;LIMK1;TWF2;CYFIP1;FN1;SASH3;BASP1;NRP1;SYT17;AGR2;EIF4G2;TBX2;CXCR4;IL7;PPIB;SERP1;CDK1;CREB1	GLOM	GO_BP	no_proc_ieg	10098
GOBP_TYROSINE_PHOSPHORYLATION_OF_STAT_PROTEIN	0.9286525561959095	0.5782178217821782	0.7385152156450744	4/55	HCLS1;CCL5;CD40;CSF1R	GLOM	GO_BP	no_proc_ieg	10098
GOBP_AXONAL_FASCICULATION	0.9277688643228305	0.5787476280834914	0.74028190242533	5/16	NRP1;EPHB2;CRTAC1;TNFRSF21;CASP3	GLOM	GO_BP	no_proc_ieg	10098
GOBP_DNA_MODIFICATION	0.9259700373758212	0.5845511482254697	0.7443459790915411	5/28	APOBEC3F;APOBEC3A;GATA3;APOBEC3G;SMUG1	GLOM	GO_BP	no_proc_ieg	10098
GOBP_REGULATION_OF_RECEPTOR_RECYCLING	0.9255402230738814	0.5705521472392638	0.7449449560420285	9/18	SCRIB;NSG1;NSF;SNCA;INPP5F;ARAP1;PSEN1;TRAT1;RAMP3	GLOM	GO_BP	no_proc_ieg	10098
GOBP_INTRACELLULAR_SODIUM_ION_HOMEOSTASIS	0.9250522724855237	0.5546719681908548	0.7457342160109592	3/17	ATP1A2;ATP1B3;SLC1A3	GLOM	GO_BP	no_proc_ieg	10098
GOBP_REGULATION_OF_MEMBRANE_PROTEIN_ECTODOMAIN_PROTEOLYSIS	0.9246441150675422	0.5669291338582677	0.7462744935580962	9/17	TNFRSF1B;TIMP1;TSPAN5;TIMP2;IL1B;ADRA2A;NRDC;FURIN;TSPAN15	GLOM	GO_BP	no_proc_ieg	10098
GOBP_REGULATION_OF_HOMOTYPIC_CELL_CELL_ADHESION	0.9246238233446298	0.5649484536082474	0.7458516429644125	7/24	CCL5;EMILIN1;SYK;CEACAM1;F11R;PLAUR;PDPN	GLOM	GO_BP	no_proc_ieg	10098
GOBP_ESTABLISHMENT_OF_ENDOTHELIAL_BARRIER	0.9240880865301866	0.5976095617529881	0.7467197511274296	5/39	MYD88;HPSE;MSN;SOX18;PECAM1	GLOM	GO_BP	no_proc_ieg	10098
GOBP_POSITIVE_REGULATION_OF_DNA_BINDING	0.9235565794077578	0.5609756097560976	0.7475551213112434	9/25	TWIST1;GATA3;TRAF6;DDRGK1;EDF1;PLAUR;NME1;H1-0;ACD	GLOM	GO_BP	no_proc_ieg	10098
GOBP_MUSCLE_ORGAN_DEVELOPMENT	0.9232496165491048	0.687382297551789	0.7478834760904257	48/232	HLX;TWIST1;HEY2;TAGLN;MYOZ2;MEF2C;MAPK12;COL3A1;HSD17B1;COL6A3;HDAC9;ID3;CXCL10;CDK5;GPC1;FLOT1;MSC;MYL6;ITGA7;COL6A1;CAV2;BASP1;MSX1;BMP2;MEF2A;COL11A1;TBX1;CDON;CENPF;TCF15;ENG;RYR1;SERP1;NR2F2;FKTN;CYP26B1;TGFB1;LAMA2;CREB1;POU6F1;FZD1;EFEMP2;VPS54;RHOA;FLNB;SMAD7;MEOX2;PLEC	GLOM	GO_BP	no_proc_ieg	10098
GOBP_VESICLE_BUDDING_FROM_MEMBRANE	0.9223442209483248	0.5929549902152642	0.7497459035913565	18/60	TMED9;SEC24D;SNX3;AP3M2;DNM3;DNM1;SEC16A;S100A10;PEF1;TRAPPC4;P2RX7;VPS4A;TRAPPC2;SCAP;AP2M1;CSNK1D;VAPB;TMED10	GLOM	GO_BP	no_proc_ieg	10098
GOBP_POSITIVE_REGULATION_OF_NEUROBLAST_PROLIFERATION	0.9222350304412762	0.5630081300813008	0.7495390669001613	4/29	CX3CR1;VEGFC;VCAN;CDON	GLOM	GO_BP	no_proc_ieg	10098
GOBP_PIGMENT_GRANULE_LOCALIZATION	0.9214192594512391	0.5621414913957935	0.7506633729602041	8/15	RAB11A;DCTN1;DCTN2;GPR143;MYO5A;MREG;BBS7;CDH3	GLOM	GO_BP	no_proc_ieg	10098
GOBP_ESTABLISHMENT_OF_PIGMENT_GRANULE_LOCALIZATION	0.9214192594512391	0.5621414913957935	0.7506633729602041	8/15	RAB11A;DCTN1;DCTN2;GPR143;MYO5A;MREG;BBS7;CDH3	GLOM	GO_BP	no_proc_ieg	10098
GOBP_GLOMERULUS_DEVELOPMENT	0.9213246084539976	0.599601593625498	0.7504388367063849	11/56	ACTA2;MEF2C;PDGFB;PECAM1;GPR4;COMT;BASP1;MPV17;IQGAP1;EXT1;CD34	GLOM	GO_BP	no_proc_ieg	10098
GOBP_MYELIN_ASSEMBLY	0.9211517648909416	0.5797665369649806	0.7504225052548276	6/19	TLR2;PMP22;GPC1;MTMR2;FIG4;MIOS	GLOM	GO_BP	no_proc_ieg	10098
GOBP_BONE_MATURATION	0.9208671333909874	0.5688259109311741	0.7506678585576346	8/20	LTF;THBS3;BMP2;EXT1;RYR1;RHOA;GREM1;FGFR3	GLOM	GO_BP	no_proc_ieg	10098
GOBP_IMMUNOGLOBULIN_PRODUCTION	0.9206682360927719	0.6384615384615384	0.7506639894858367	28/88	IL27RA;PTPRC;CD40;FCGR2B;SASH3;CD86;TBX21;TRAF6;BTK;TNFRSF4;HLA-E;TGFB1;ERCC1;EPHB2;CYREN;PKN1;SAMHD1;IL33;TREX1;IL4R;KMT5B;NHEJ1;MLH1;TRAF2;POLB;IGLV3-19;SWAP70;IGKV4-1	GLOM	GO_BP	no_proc_ieg	10098
GOBP_CELL_SURFACE_RECEPTOR_PROTEIN_SERINE_THREONINE_KINASE_SIGNALING_PATHWAY	0.9196783550250099	0.6966731898238747	0.7526963111630273	47/236	SAP30L;DKK3;GDF11;COL3A1;COL1A2;FAM89B;NUP93;NCLN;DUSP22;CHST11;SDCBP;LPXN;FNTA;HDAC1;EMILIN1;KDR;CILP;SKIL;PELO;CAV2;LRRC32;ADISSP;MSX1;ACVRL1;BMP2;LTBP1;PMEPA1;COMP;TGFB1I1;BAMBI;PML;LDLRAD4;EXT1;ENG;SOSTDC1;CDH5;ETV2;DACT1;ZBTB7A;ID1;TGFBR2;TGFB1;FBN1;RNF111;SMURF2;FZD1;CDKN2B	GLOM	GO_BP	no_proc_ieg	10098
GOBP_REGULATION_OF_EXTENT_OF_CELL_GROWTH	0.9193337987188998	0.6232179226069247	0.7530836329017119	9/79	TRPV2;BDNF;LIMK1;TWF2;CYFIP1;FN1;SEMA3F;CDK5;ARHGAP4	GLOM	GO_BP	no_proc_ieg	10098
GOBP_PROTEIN_ACTIVATION_CASCADE	0.9193331706173823	0.5797665369649806	0.7526127693380875	6/19	THBD;MVP;PRCP;F8;F13A1;RASAL2	GLOM	GO_BP	no_proc_ieg	10098
GOBP_ESTABLISHMENT_OF_PROTEIN_LOCALIZATION_TO_MEMBRANE	0.918969959030519	0.6621621621621622	0.7530268590669458	19/162	ITGB2;ITGAM;CSK;ZDHHC18;BID;EMC7;RAB11A;SEC61B;TMEM147;ZDHHC3;NCLN;ATP13A1;CDK5;SDCBP;SCRIB;NSG1;RAB31;STOM;RTP4	GLOM	GO_BP	no_proc_ieg	10098
GOBP_PYRIMIDINE_NUCLEOSIDE_MONOPHOSPHATE_METABOLIC_PROCESS	0.918551015562079	0.5731958762886598	0.7536467463389197	4/16	DCK;UCK2;TYMP;TYMS	GLOM	GO_BP	no_proc_ieg	10098
GOBP_PROTEIN_POLYMERIZATION	0.9184334842418567	0.691089108910891	0.7534599201798209	34/192	HCLS1;PYCARD;PSTPIP2;TMSB15A;HCK;ARPC2;TWF2;CYFIP1;CAPZB;BAG4;PSRC1;NCKAP1L;CORO1A;CAPG;CYRIA;PSTPIP1;TPX2;TUBGCP5;AMBRA1;CDH5;TMSB10;COTL1;FLII;ARPC5;TUBG1;GRB2;TMOD1;SSNA1;MAP2;UBE2C;ARPC4;CDC42EP1;GAS7;TUBA1A	GLOM	GO_BP	no_proc_ieg	10098
GOBP_RESPONSE_TO_ACETYLCHOLINE	0.9170024123879074	0.6115384615384616	0.7565681629159963	7/38	LYPD1;GNB1;TSPO;GNA15;PRKCB;GNAI2;LY6H	GLOM	GO_BP	no_proc_ieg	10098
GOBP_REGULATION_OF_SMAD_PROTEIN_SIGNAL_TRANSDUCTION	0.9166443623741433	0.6023391812865497	0.7569829239171816	16/48	GDF11;FAM89B;NUP93;EMILIN1;CILP;ACVRL1;BMP2;PMEPA1;LDLRAD4;ENG;TGFBR2;TGFB1;PPARG;SMAD7;GREM1;TGFB2	GLOM	GO_BP	no_proc_ieg	10098
GOBP_REGULATION_OF_MEMBRANE_LIPID_DISTRIBUTION	0.9162285302837141	0.5732217573221757	0.757520230667251	10/33	ATP8A2;TRIAP1;ABCA7;ABCB4;ATG9A;ABCA1;ABCA3;P2RX7;ABCC1;KCNN4	GLOM	GO_BP	no_proc_ieg	10098
GOBP_LUNG_MORPHOGENESIS	0.9158632540704168	0.5835010060362174	0.7579463880540543	9/42	MAP2K1;MAPK1;CTSZ;COL6A1;TBX2;EXT1;TNC;TGFBR2;PLOD3	GLOM	GO_BP	no_proc_ieg	10098
GOBP_NEGATIVE_REGULATION_OF_PHOSPHATIDYLINOSITOL_3_KINASE_PROTEIN_KINASE_B_SIGNAL_TRANSDUCTION	0.9141618831876509	0.615071283095723	0.761777381927427	5/42	TWIST1;CAVIN3;BTN2A2;RUBCN;TREM2	GLOM	GO_BP	no_proc_ieg	10098
GOBP_NEGATIVE_REGULATION_OF_PROTEIN_MATURATION	0.9140842243666678	0.5897435897435898	0.7614904227134416	3/19	CST7;CARD8;CTSZ	GLOM	GO_BP	no_proc_ieg	10098
GOBP_REGULATION_OF_BICELLULAR_TIGHT_JUNCTION_ASSEMBLY	0.913175994847412	0.6042471042471043	0.7632580916705903	4/16	SNAI2;ACVRL1;PRKCH;F11R	GLOM	GO_BP	no_proc_ieg	10098
GOBP_REGULATION_OF_PROTEIN_POLYUBIQUITINATION	0.9126231132832264	0.5668016194331984	0.7641329149544401	7/18	NMI;NOD2;PTPN22;GABARAP;SKP2;TRIM44;PLAA	GLOM	GO_BP	no_proc_ieg	10098
GOBP_NUCLEOTIDE_SUGAR_METABOLIC_PROCESS	0.9124781138230101	0.5804597701149425	0.7640382844694936	10/30	GUK1;CSGALNACT1;NANS;UGGT1;GFUS;GMPPB;EXTL2;AMDHD2;GFPT1;DPAGT1	GLOM	GO_BP	no_proc_ieg	10098
GOBP_REGULATION_OF_AUTOPHAGY	0.9112432989178897	0.751412429378531	0.766674003807436	69/244	PYCARD;IL10RA;TIGAR;DELE1;HTRA2;TRIM27;TRIM5;DRAM1;RUBCN;SH3GLB1;PLK2;CDK5;ADRB2;HTT;NOD2;KDR;TREM2;TSPO;FEZ1;PIP4K2A;TRIM21;DDRGK1;STK38L;EIF4G2;LZTS1;ATP6V0A2;IFI16;AMBRA1;CSNK2A2;GNAI3;DNM1L;RASIP1;EIF4G3;KEAP1;PTPN22;QSOX1;SPTLC2;UBQLN2;UCHL1;ATP6V0B;SLC25A4;EXOC1;TRIB3;MTMR9;RAB8A;TRIM22;SUPT5H;SREBF1;TICAM1;PLEKHF1;UBE2A;GSK3B;CAPN1;VPS35;RALB;TRIM32;CDK16;CAMKK2;SNCA;WDR45;USP13;MEFV;CAPNS1;CPTP;ATP6V0D1;CASP3;HMOX1;MTDH;EIF4G1	GLOM	GO_BP	no_proc_ieg	10098
GOBP_SOMATIC_DIVERSIFICATION_OF_IMMUNOGLOBULINS	0.9112316345444199	0.6147859922178989	0.7662299280772666	18/46	IL27RA;PTPRC;CD40;TBX21;TGFB1;ERCC1;CYREN;SAMHD1;KMT5B;NHEJ1;MLH1;POLB;SWAP70;CD28;CCR6;CTNNBL1;XRCC4;TP53BP1	GLOM	GO_BP	no_proc_ieg	10098
GOBP_MITOPHAGY	0.9101352850369779	0.6176470588235294	0.7685132481940833	7/51	TIGAR;DELE1;ATG4A;HTRA2;HTT;NOD2;TSPO	GLOM	GO_BP	no_proc_ieg	10098
GOBP_REGULATION_OF_RESPONSE_TO_TUMOR_CELL	0.9097057465499525	0.589098532494759	0.7690953524343629	6/16	HLA-DRB1;AHR;CEACAM1;CRTAM;TGFB1;IL12A	GLOM	GO_BP	no_proc_ieg	10098
GOBP_EPITHELIAL_CELL_APOPTOTIC_PROCESS	0.9094175809203442	0.6546489563567363	0.7693328494493119	19/108	BID;CD40;ADAR;TNIP2;CARM1;CD248;GATA3;ITGA4;SCG2;MDK;KDR;JAG2;PIAS4;CDH5;BAX;GATA2;TGFBR2;TGFB1;RAMP2	GLOM	GO_BP	no_proc_ieg	10098
GOBP_NEGATIVE_REGULATION_OF_CELL_CYCLE_G1_S_PHASE_TRANSITION	0.908555762148699	0.6319148936170212	0.7710075439267985	13/55	TRIAP1;BTN2A2;PLK2;RPA2;GTSE1;EZH2;CCND1;METTL13;PML;PTEN;DACT1;CDKN2B;CASP2	GLOM	GO_BP	no_proc_ieg	10098
GOBP_LATE_ENDOSOME_TO_VACUOLE_TRANSPORT	0.907156866003426	0.5879017013232514	0.773969176426096	8/20	TMEM50A;LEPROTL1;VPS28;SNF8;VPS4A;CHMP1A;CHMP2A;STAM	GLOM	GO_BP	no_proc_ieg	10098
GOBP_NEGATIVE_REGULATION_OF_ENDOTHELIAL_CELL_APOPTOTIC_PROCESS	0.9070911799588884	0.6190476190476191	0.7736649122562442	7/32	TNIP2;GATA3;SCG2;KDR;CDH5;GATA2;RAMP2	GLOM	GO_BP	no_proc_ieg	10098
GOBP_ESTABLISHMENT_OF_CELL_POLARITY	0.9059871713307025	0.679920477137177	0.7758924627463106	37/111	DOCK2;SIPA1;MSN;FAM89B;GATA3;KIF20B;HTT;FSCN1;SCRIB;NDC80;GPSM2;FEZ1;FRMD4A;RAP2A;CCL19;TCF15;CDH5;CRTAM;CYP26B1;CYTH3;KIF26B;RHOA;MAP1B;CENPA;DCTN1;NDE1;GSK3B;SPDL1;FLOT2;CRK;IFT20;DYNLT1;MARK2;MAPRE1;MAP4;CYRIB;ABL1	GLOM	GO_BP	no_proc_ieg	10098
GOBP_TIGHT_JUNCTION_ORGANIZATION	0.9045884245721022	0.6047904191616766	0.7788827637820726	14/54	ECT2;PECAM1;SNAI2;PAK2;ACVRL1;EXT1;CDH5;PRKCH;F11R;EPHB2;RAMP2;SLC39A9;PLEC;CLDN11	GLOM	GO_BP	no_proc_ieg	10098
GOBP_CARTILAGE_DEVELOPMENT_INVOLVED_IN_ENDOCHONDRAL_BONE_MORPHOGENESIS	0.9041263110082449	0.5964912280701754	0.7795034221942577	7/23	THBS3;SERPINH1;COMP;COL1A1;EXT1;TGFBR2;NPR2	GLOM	GO_BP	no_proc_ieg	10098
GOBP_SECRETORY_GRANULE_LOCALIZATION	0.9028815064901533	0.610236220472441	0.7819810803408229	6/19	KIF1A;STXBP1;MAP2;KIF1C;PIK3CG;UNC13B	GLOM	GO_BP	no_proc_ieg	10098
GOBP_DENDRITIC_SPINE_DEVELOPMENT	0.9024485498572239	0.6541501976284585	0.7825571484553562	16/72	CAMK1;MEF2C;CDK5;EFNA1;ARF4;PAK2;DOCK10;DNM3;EIF4G2;KIF1A;PTEN;EPHB2;ARHGAP44;ASAP1;DLG4;IQSEC1	GLOM	GO_BP	no_proc_ieg	10098
GOBP_ENDOCRINE_SYSTEM_DEVELOPMENT	0.9023307231465717	0.7221135029354208	0.7823476031710653	17/110	MAP2K1;DKK3;GDF11;MAPK1;SOX4;CTNS;GATA3;NR3C1;MDK;TSPO;BMP2;TBX1;PBX1;CDK6;HOXA3;SRD5A1;GATA2	GLOM	GO_BP	no_proc_ieg	10098
GOBP_MRNA_EXPORT_FROM_NUCLEUS	0.9018732800052045	0.662	0.7829735210107622	6/41	DDX39A;THOC5;NUP93;HHEX;NCBP2;NUP85	GLOM	GO_BP	no_proc_ieg	10098
GOBP_CHROMATIN_REMODELING	0.9010396013674425	0.8323699421965318	0.7845170344479511	112/411	DNMT1;MYD88;AURKA;MACROH2A1;BABAM1;APOBEC3F;TRIM27;UBN1;MACROH2A2;ANP32B;GATAD2A;SUV39H2;CARM1;HDAC9;SMARCD2;APOBEC3A;GATA3;TGM2;POLE3;BRCA1;HDAC1;CTCF;SMARCE1;KDM5B;PRKCB;YEATS2;EZH2;H2BC21;HDAC5;CHEK1;SMARCC2;MCRS1;IFI16;SPI1;USP22;H2AZ1;KMT2B;RIOX1;SART3;NAP1L3;SMARCA5;ZBTB7A;CDK1;PCGF2;BRPF1;HMGA1;MECOM;PKN1;SATB1;RUVBL1;KDM5A;SMARCD3;RRP8;H1-1;HMGB2;BAZ1A;RAD54L;EED;ZNHIT1;CENPA;KMT2D;LMNB1;SMARCB1;HDAC4;H3-4;MORC2;TAF10;VCPKMT;SUPT5H;TFPT;UBE2A;MIER2;MCM2;CHD3;H1-0;BRCA2;SUPT4H1;SMARCAL1;USP7;DNMT3A;ANTKMT;SETMAR;PCGF3;H3C2;PHF2;MBD3;H2BC14;KMT5B;TTF2;ACTR8;HDAC2;H3C8;CABIN1;H1-10;DDX21;TRIM28;GRWD1;H1-2;DDX23;SIRT4;MTA2;H4C13;ATF7IP;OIP5;ASF1B;USP3;EP400;DOT1L;HJURP;H3C4;LMNA;ACTB	GLOM	GO_BP	no_proc_ieg	10098
GOBP_REGULATION_OF_PHOSPHOLIPASE_ACTIVITY	0.900938405880432	0.6277665995975855	0.7843059849988798	6/42	CCL5;HTR2B;CD86;SELE;GNA15;C5AR1	GLOM	GO_BP	no_proc_ieg	10098
GOBP_REGULATION_OF_PHOSPHOLIPASE_C_ACTIVITY	0.9002423602313788	0.6107899807321773	0.7855316745172553	5/31	HTR2B;CD86;SELE;GNA15;C5AR1	GLOM	GO_BP	no_proc_ieg	10098
GOBP_REGULATION_OF_MITOCHONDRIAL_FISSION	0.8999531684238647	0.6165254237288136	0.7857351260913648	9/19	AURKA;KDR;RALA;DNM1L;PPARG;VPS35;CYRIB;MUL1;FIS1	GLOM	GO_BP	no_proc_ieg	10098
GOBP_NEGATIVE_REGULATION_OF_CELL_JUNCTION_ASSEMBLY	0.8992402200746611	0.6161616161616161	0.7869892213559537	6/24	TLR2;DUSP22;CORO1C;ACVRL1;ITGB1BP1;PTEN	GLOM	GO_BP	no_proc_ieg	10098
GOBP_AXON_EXTENSION	0.8991233518296159	0.6863117870722434	0.7867710193392419	20/84	TRPV2;LIMK1;TWF2;CYFIP1;FN1;SEMA3F;CDK5;ARHGAP4;NRP1;EIF4G2;SSNA1;MAP2;SEMA4F;MAP1B;SMURF1;GDI1;CDH4;GSK3B;BMPR2;DCLK1	GLOM	GO_BP	no_proc_ieg	10098
GOBP_POSITIVE_REGULATION_OF_FOCAL_ADHESION_ASSEMBLY	0.8990403353292582	0.6192384769539078	0.7864628844759823	5/21	MAP4K4;KDR;NRP1;ITGB1BP1;S100A10	GLOM	GO_BP	no_proc_ieg	10098
GOBP_LIPOPROTEIN_LOCALIZATION	0.8989904440581935	0.5739299610894941	0.7860943475478319	6/16	CD36;ZDHHC3;PRKCB;TMEM97;MSR1;PPARG	GLOM	GO_BP	no_proc_ieg	10098
GOBP_ORGANELLE_FUSION	0.898248778001962	0.6749521988527725	0.7873622134445855	29/106	SYT11;BCL2A1;YME1L1;CORO1A;ANXA1;CAV2;SLAMF1;THG1L;PIP4K2A;VAT1;RUBCNL;STXBP1;NME3;BAX;RUFY1;SAMD9;PID1;CDK1;VAMP4;CPLANE2;SNAP29;VPS8;MFN1;YIPF5;RAB8A;VPS4A;VAMP1;BET1;CHMP1A	GLOM	GO_BP	no_proc_ieg	10098
GOBP_LAMELLIPODIUM_MORPHOGENESIS	0.8977078447970593	0.5870841487279843	0.7881694863799724	7/16	CORO1C;CD44;PLEKHO1;MYO9B;SNX1;PDPN;CORO1B	GLOM	GO_BP	no_proc_ieg	10098
GOBP_NEGATIVE_REGULATION_OF_CELLULAR_RESPONSE_TO_GROWTH_FACTOR_STIMULUS	0.8972146126936781	0.6538461538461539	0.788866023807936	20/69	GATA3;GPC1;EMILIN1;HHEX;SKIL;MMRN2;NGFR;ADGRA2;BAMBI;SOSTDC1;FBN1;SMURF2;FZD1;IL12A;PPARG;SMAD7;ATP2B4;SMURF1;GREM1;FGF2	GLOM	GO_BP	no_proc_ieg	10098
GOBP_REGULATION_OF_TELOMERASE_ACTIVITY	0.8969662064150646	0.5895522388059702	0.7889751551606375	6/26	AURKB;MAPK1;CCT4;GREM1;NEK2;ACD	GLOM	GO_BP	no_proc_ieg	10098
GOBP_ESTABLISHMENT_OF_MITOCHONDRION_LOCALIZATION	0.8960030455592871	0.611764705882353	0.7907828287322014	8/25	MAP1S;FEZ1;TRAK2;TRAK1;DNM1L;SPAST;UCHL1;MAP1B	GLOM	GO_BP	no_proc_ieg	10098
GOBP_POSITIVE_REGULATION_OF_VACUOLE_ORGANIZATION	0.8951561852477401	0.6257309941520468	0.7923385823737367	7/19	SH3GLB1;PIP4K2A;GRN;MCOLN1;RALB;TRIM32;WDR45	GLOM	GO_BP	no_proc_ieg	10098
GOBP_REGULATION_OF_HETEROCHROMATIN_FORMATION	0.8949282203428172	0.6053169734151329	0.79241207521484	6/15	MACROH2A1;BAZ1A;MORC2;PHF2;TRIM28;ATF7IP	GLOM	GO_BP	no_proc_ieg	10098
GOBP_EPIGENETIC_REGULATION_OF_GENE_EXPRESSION	0.894129401422973	0.7426326129666012	0.7938548451464205	37/153	DNMT1;MACROH2A1;APOBEC3F;TRIM27;MACROH2A2;SUV39H2;HDAC9;APOBEC3A;POLE3;BRCA1;HDAC1;CTCF;EZH2;HDAC5;CHEK1;IFI16;SPI1;H2AZ1;SMARCA5;KDM5A;RRP8;BAZ1A;EED;KMT2D;LMNB1;SMARCB1;HDAC4;MORC2;H1-0;USP7;DNMT3A;PCGF3;H3C2;PHF2;MBD3;HDAC2;H3C8	GLOM	GO_BP	no_proc_ieg	10098
GOBP_NEGATIVE_REGULATION_OF_SYNAPTIC_TRANSMISSION	0.8941179422052337	0.6477272727272727	0.7933948533229159	7/41	LILRB2;CD38;PLK2;PCDH17;GNAI2;NPY5R;STXBP1	GLOM	GO_BP	no_proc_ieg	10098
GOBP_MEMORY	0.893926188654819	0.6945525291828794	0.7933738999051968	17/91	CX3CR1;SYT11;CTNS;ABCA7;ITPR3;PLK2;MDK;TREM2;COMT;NTAN1;ITGA5;YTHDF1;PTN;CREB1;SERPINF1;TUBA1A;CCND2	GLOM	GO_BP	no_proc_ieg	10098
GOBP_NEGATIVE_REGULATION_OF_AMIDE_METABOLIC_PROCESS	0.8936668959632355	0.6221374045801527	0.793512383205875	4/18	ORMDL2;ABCA7;RTN1;RTN2	GLOM	GO_BP	no_proc_ieg	10098
GOBP_TRANSFORMING_GROWTH_FACTOR_BETA_PRODUCTION	0.8931780979945098	0.610337972166998	0.7941801636806317	3/31	TYROBP;COL3A1;FN1	GLOM	GO_BP	no_proc_ieg	10098
GOBP_NUCLEOBASE_CONTAINING_COMPOUND_TRANSPORT	0.8911508875024815	0.703125	0.7985809496529397	34/130	DDX39A;CALHM2;SLC35C1;MVP;THOC5;NUP93;RTRAF;NUP62;FLOT1;HHEX;NCBP2;NUP85;MRPL18;NUP188;SNUPN;NDC1;TGFBR2;SLC35A1;SLC35B1;NXF3;NUP37;SIDT1;PANX1;NUP107;SLC25A4;BICD2;P2RX7;CD47;SLC35D2;ABCC1;NUP205;NXT1;KPNB1;POLDIP3	GLOM	GO_BP	no_proc_ieg	10098
GOBP_RECEPTOR_METABOLIC_PROCESS	0.8906202196184174	0.6878727634194831	0.7993301551693698	20/49	SH3GLB1;LAPTM5;CDK5;SCRIB;NSG1;PTPN2;MTMR2;TGFB1;EHD3;SMURF1;CAPN1;NSF;SNCA;FURIN;PLEKHJ1;INPP5F;ARAP1;NEDD4;PSEN1;TRAT1	GLOM	GO_BP	no_proc_ieg	10098
GOBP_MICROTUBULE_ORGANIZING_CENTER_ORGANIZATION	0.8905250689307664	0.7347328244274809	0.7990701707140528	28/100	AURKA;STIL;NUP62;PLK2;BRCA1;NDC80;ODF2;CHEK1;KIF11;SAC3D1;CDK1;XRCC3;NAT10;GADD45A;TUBA1A;CEP131;DCTN1;CHMP1A;NDE1;CHD3;BRCA2;NEK2;CROCC;CEP135;ATF5;HAUS7;WDR62;CHMP2A	GLOM	GO_BP	no_proc_ieg	10098
GOBP_FOAM_CELL_DIFFERENTIATION	0.8904066293345997	0.6329365079365079	0.7988558130360905	10/32	CD36;SOAT1;AGTR1;PRKCH;TGFB1;MSR1;NR1H3;ABCA1;PPARG;NFKB1	GLOM	GO_BP	no_proc_ieg	10098
GOBP_POSITIVE_REGULATION_OF_MAP_KINASE_ACTIVITY	0.8894540275829591	0.6686626746506986	0.800576076394261	20/61	HTR2B;CD40;PDGFB;TLR4;MAP3K11;EZH2;TRAF6;CCL19;ERP29;IL1B;TAOK3;PDGFRB;FGF2;PIK3CG;ADRA2A;IRAK1;DIRAS2;PDGFD;HRAS;TRAF2	GLOM	GO_BP	no_proc_ieg	10098
GOBP_POSITIVE_REGULATION_OF_INTERLEUKIN_17_PRODUCTION	0.888798724402966	0.6214574898785425	0.8016951146872059	5/23	MYD88;NOD2;CARD9;BTK;TGFB1	GLOM	GO_BP	no_proc_ieg	10098
GOBP_REGULATION_OF_LONG_TERM_NEURONAL_SYNAPTIC_PLASTICITY	0.8881585260983413	0.6242299794661191	0.8026838611938638	8/16	EPHB2;APP;DLG4;RAB8A;SNCA;NEURL1;HRAS;KRAS	GLOM	GO_BP	no_proc_ieg	10098
GOBP_NEGATIVE_REGULATION_OF_TRANSMEMBRANE_TRANSPORT	0.8881159870343189	0.6865671641791045	0.8023079430287063	19/77	ATP1A2;ARL6IP5;UCP2;FKBP1B;GPR35;STK39;PRKCB;PPP3R1;RGS4;OAZ2;CALM3;CLIC2;PID1;TGFB1;EPHB2;KCNH2;OAZ1;CALM1;IL1B	GLOM	GO_BP	no_proc_ieg	10098
GOBP_POSITIVE_REGULATION_OF_CYTOKINESIS	0.8879648041592113	0.6634615384615384	0.8021988052294257	13/34	ECT2;RAB11A;AURKB;NUP62;KIF20B;CDC25B;KIF14;SPAST;RHOA;BIRC5;SSTR5;RACGAP1;CDC6	GLOM	GO_BP	no_proc_ieg	10098
GOBP_REGULATION_OF_COLLAGEN_METABOLIC_PROCESS	0.8878635302676027	0.6498993963782697	0.8019604232289547	14/29	EMILIN1;ENG;TGFB1;FAP;CST3;VIM;WNT4;HDAC2;ITGA2;AMELX;NPPC;RUNX1;BMP4;F2R	GLOM	GO_BP	no_proc_ieg	10098
GOBP_CERAMIDE_BIOSYNTHETIC_PROCESS	0.8861466895286794	0.6789883268482491	0.8054699509235141	10/45	ORMDL2;ST8SIA4;ELOVL1;B4GALT5;DEGS1;ST6GALNAC4;ST3GAL2;SPTLC2;CLN8;P2RX7	GLOM	GO_BP	no_proc_ieg	10098
GOBP_POSITIVE_REGULATION_OF_DNA_REPAIR	0.8860079924653429	0.7057728119180633	0.8053052597800407	32/88	BABAM1;TIGAR;RAD51AP1;PCNA;SMARCD2;BRCA1;SMARCE1;FOXM1;SMARCC2;PIAS4;MCRS1;MRGBP;NPAS2;RUVBL1;SMARCD3;SMARCB1;TFPT;SKP2;SETMAR;KMT5B;ACTR8;TRIM28;EP400;TMEM161A;ACTB;PARP1;RUVBL2;WAS;UIMC1;ACTR5;WRAP53;UBE2V2	GLOM	GO_BP	no_proc_ieg	10098
GOBP_REGULATION_OF_PROTEIN_LOCALIZATION_TO_PLASMA_MEMBRANE	0.8856345895697202	0.6810506566604128	0.8056620434538948	15/76	RHOG;CSK;GBP1;LYPD1;CDK5;RER1;TREM2;TMBIM1;LDLRAP1;AGR2;PRKCH;PID1;TGFB1;EPHB2;ARHGAP44	GLOM	GO_BP	no_proc_ieg	10098
GOBP_REGULATION_OF_RAC_PROTEIN_SIGNAL_TRANSDUCTION	0.8848511363248438	0.630859375	0.8069776383654397	8/19	FNTA;ARHGAP17;LRP4;STMN3;ARHGAP44;GABARAP;PIK3CG;CRK	GLOM	GO_BP	no_proc_ieg	10098
GOBP_REGULATION_OF_ANIMAL_ORGAN_MORPHOGENESIS	0.884789446471775	0.6700404858299596	0.8066443854001418	18/59	GATA3;SNAI2;NGFR;MSX1;PRKCB;BMP2;TBX1;HOXB7;CD34;BTBD7;TGFB1;FZD1;GREM1;FGF2;TNFRSF11B;DVL3;HOXA11;AR	GLOM	GO_BP	no_proc_ieg	10098
GOBP_PROTEIN_CATABOLIC_PROCESS_IN_THE_VACUOLE	0.8846804254194389	0.6228893058161351	0.8063927731836114	6/15	TPP1;LAPTM4B;CD81;VPS35;MARCHF2;TMEM106B	GLOM	GO_BP	no_proc_ieg	10098
GOBP_NEGATIVE_REGULATION_OF_CELL_SUBSTRATE_ADHESION	0.8830146336603288	0.6558044806517311	0.8096474099712293	10/47	GBP1;MAP4K4;DUSP22;CORO1C;ACVRL1;COL1A1;POSTN;ITGB1BP1;PTEN;SEMA3E	GLOM	GO_BP	no_proc_ieg	10098
GOBP_POSITIVE_REGULATION_OF_ACTIN_FILAMENT_BUNDLE_ASSEMBLY	0.882938354750407	0.6743295019157088	0.8093352816789027	21/48	LIMK1;GPR65;BAG4;NRP1;ITGB1BP1;PLEK;S100A10;RHOC;RHOA;FLNA;CD47;PFN1;WNT4;ABL1;SWAP70;CARMIL1;CX3CL1;NF2;TESK1;LIMCH1;RAC1	GLOM	GO_BP	no_proc_ieg	10098
GOBP_EPITHELIAL_CELL_DEVELOPMENT	0.8818189909797156	0.7753479125248509	0.811430842225497	36/160	MYD88;TIGAR;ACTA2;SIPA1;GDF11;HPSE;MSN;PDGFB;SOX18;CLIC4;CEBPA;PECAM1;KDR;GPR4;BFSP1;IQGAP1;WNT5B;TYMS;CDK6;CXCR4;CDH5;GATA2;F11R;TGFB1;PGR;TMOD1;PLOD3;IL1B;AKR1B1;FLNB;PLEC;FLNA;VIM;AR;FRZB;GSK3B	GLOM	GO_BP	no_proc_ieg	10098
GOBP_PROTEIN_LOCALIZATION_TO_CELL_JUNCTION	0.8804726459175014	0.701195219123506	0.8140376089587396	9/76	NETO2;RAB11A;LAMTOR2;ADAM10;CDK5;SCRIB;PECAM1;NSG1;PAK2	GLOM	GO_BP	no_proc_ieg	10098
GOBP_CHROMOSOME_ORGANIZATION_INVOLVED_IN_MEIOTIC_CELL_CYCLE	0.8800075664967547	0.6673189823874756	0.8146023054717345	13/35	SMC4;P3H4;RAD51;NDC1;CCNE1;SMC2;NCAPH;NCAPH2;CCNE2;MLH1;PSMC3IP;MLH3;AGO4	GLOM	GO_BP	no_proc_ieg	10098
GOBP_ESTABLISHMENT_OF_MITOTIC_SPINDLE_LOCALIZATION	0.8792665169334094	0.6335877862595419	0.8158312908621562	11/29	NUSAP1;HTT;NDC80;GPSM2;CENPA;DCTN1;NDE1;SPDL1;KPNB1;DYNLT1;MAPRE1	GLOM	GO_BP	no_proc_ieg	10098
GOBP_ENDOTHELIAL_CELL_APOPTOTIC_PROCESS	0.8789780163480653	0.6789168278529981	0.8159803832568816	7/52	CD40;TNIP2;CD248;GATA3;ITGA4;SCG2;KDR	GLOM	GO_BP	no_proc_ieg	10098
GOBP_REGULATION_OF_MAP_KINASE_ACTIVITY	0.8784021980698173	0.7379576107899807	0.816762061954803	30/98	CD300A;HTR2B;CD40;PDGFB;TLR4;MAP3K11;BMP2;EZH2;TRAF6;CCL19;ERP29;DUSP7;PTPN22;IL1B;TAOK3;UCHL1;PPARG;TRIB3;PDGFRB;SNF8;FGF2;PIK3CG;HYAL2;ADRA2A;IRAK1;TRIB2;DIRAS2;PDGFD;HRAS;TRAF2	GLOM	GO_BP	no_proc_ieg	10098
GOBP_EMBRYONIC_ORGAN_MORPHOGENESIS	0.8779112259819013	0.7954545454545454	0.8174519861162819	32/194	HLX;TWIST1;ATP8A2;STIL;MEF2C;MAPK1;SOX18;CHST11;GATA3;SOX17;HOXB8;EFNA1;HOXB6;SCRIB;TBX3;MSX1;COL11A1;TBX1;HOXB7;HOXB2;TBX2;HOXB5;ENG;HOXA3;APLNR;GATA2;TGFBR2;FBN1;EPHB2;PCGF2;HOXA4;MICAL2	GLOM	GO_BP	no_proc_ieg	10098
GOBP_SECONDARY_PALATE_DEVELOPMENT	0.8763740326491494	0.6408730158730159	0.8203868120664283	7/23	JAG2;LRRC32;TBX1;TGFBR2;FZD1;ITGB6;TGFB2	GLOM	GO_BP	no_proc_ieg	10098
GOBP_POSITIVE_REGULATION_OF_VIRAL_GENOME_REPLICATION	0.8743187660993186	0.6464088397790055	0.8245200213918777	9/23	CCL5;ADAR;TOP2A;TARBP2;PPID;IFIT1;VAPB;PPIE;NR5A2	GLOM	GO_BP	no_proc_ieg	10098
GOBP_POSITIVE_REGULATION_OF_MYOBLAST_DIFFERENTIATION	0.8742673924138517	0.6365422396856582	0.8241435389113063	5/31	MEF2C;SOX4;SMARCD2;TNFSF14;SMARCE1	GLOM	GO_BP	no_proc_ieg	10098
GOBP_NEGATIVE_REGULATION_OF_AMINE_TRANSPORT	0.8742430605889685	0.6615678776290631	0.8237008883408384	4/24	SYT11;ARL6IP5;RGS4;NPY5R	GLOM	GO_BP	no_proc_ieg	10098
GOBP_CHONDROCYTE_PROLIFERATION	0.8725638472160335	0.6264822134387352	0.8269478737078676	8/19	LTF;COMP;EXT1;NPR2;SMAD7;FGFR3;BMPR2;LEF1	GLOM	GO_BP	no_proc_ieg	10098
GOBP_POSITIVE_REGULATION_OF_BLOOD_CIRCULATION	0.8725218244816734	0.6481481481481481	0.8265586391095895	10/29	HEY2;ATP1A2;TRPM4;ADA;RGS4;ATP2A2;GCH1;ADM;TGFB2;CHGA	GLOM	GO_BP	no_proc_ieg	10098
GOBP_REGULATION_OF_EPITHELIAL_CELL_APOPTOTIC_PROCESS	0.870928632697558	0.7166979362101313	0.8296697068196706	10/86	CD40;ADAR;TNIP2;CARM1;CD248;GATA3;ITGA4;SCG2;MDK;KDR	GLOM	GO_BP	no_proc_ieg	10098
GOBP_POSITIVE_REGULATION_OF_PLASMA_MEMBRANE_BOUNDED_CELL_PROJECTION_ASSEMBLY	0.8708686670973779	0.7321063394683026	0.8293085554623001	23/75	RAC2;ARPC2;TWF2;CYFIP1;ACTR3;HTT;FSCN1;NRP1;DNM3;WRAP73;CCL19;RALA;CDC42EP1;ASAP1;P2RX7;DPYSL3;GSK3B;PFN1;CROCC;CEP135;IFT20;NEURL1;HRAS	GLOM	GO_BP	no_proc_ieg	10098
GOBP_CELL_FATE_DETERMINATION	0.8707972537674753	0.6338329764453962	0.8289750666175947	7/32	MEF2C;GATA3;SOX17;NOTCH4;TBX2;GATA2;CYP26B1	GLOM	GO_BP	no_proc_ieg	10098
GOBP_POLYSACCHARIDE_METABOLIC_PROCESS	0.8703521559518633	0.7615384615384615	0.8294869936281107	15/80	DYRK2;PCDH12;PYGL;PHLDA2;PPP1R3C;PDGFB;CSGALNACT1;COMT;GYG1;EXT1;RUBCNL;POMC;NDST2;TGFB1;ATG3	GLOM	GO_BP	no_proc_ieg	10098
GOBP_REGULATION_OF_PROTEIN_LOCALIZATION_TO_NUCLEUS	0.870274700072842	0.7190388170055453	0.8291551223923999	14/94	HCLS1;CD36;ECT2;SUMO3;LILRB4;RAB23;NGFR;CCT8;CCT6A;CCT3;MCRS1;CCT4;TGFB1;CDK1	GLOM	GO_BP	no_proc_ieg	10098
GOBP_POSITIVE_REGULATION_OF_CELL_PROJECTION_ORGANIZATION	0.8693530523131348	0.8662790697674418	0.8306979786123242	67/257	MAP2K1;ATP8A2;CAMK1;TRPV2;RAC2;BDNF;ARPC2;LIMK1;TWF2;CYFIP1;ACTR3;FN1;FKBP1B;CORO1C;MDK;HTT;FSCN1;SKIL;SNX3;FEZ1;PLXNA2;NRP1;DNM3;EZH2;WRAP73;EIF4G2;METRN;CCL19;GRN;TRAK1;RALA;PTN;STK25;EPHB2;SERPINF1;FZD1;TOX;CDC42EP1;ASAP1;DLG4;TUBB2B;P3H1;CORO1B;MAP1B;FLNA;P2RX7;DPYSL3;SMURF1;LTK;DVL3;GDI1;CDH4;GSK3B;ENC1;PFN1;BMPR2;CROCC;RAB8B;CEP135;PPP2R5B;ROR1;ANKRD27;RETREG3;IFT20;NRDC;MARK2;NEURL1	GLOM	GO_BP	no_proc_ieg	10098
GOBP_REGULATION_OF_BMP_SIGNALING_PATHWAY	0.8691754018741777	0.7157258064516129	0.830602998910257	17/66	KDR;SKIL;PELO;MSX1;ACVRL1;BAMBI;ENG;SOSTDC1;CDH5;FBN1;SMURF2;FZD1;PPARG;SMAD7;SMURF1;GREM1;NEO1	GLOM	GO_BP	no_proc_ieg	10098
GOBP_RENAL_FILTRATION	0.8682862437145584	0.6531440162271805	0.8320444901057006	14/22	PDGFB;COMT;EMP2;CD34;JCHAIN;GAS6;ITGA3;NPHS2;AQP1;EDN1;EDNRA;ADORA1;CORO2B;F2R	GLOM	GO_BP	no_proc_ieg	10098
GOBP_DNA_TEMPLATED_TRANSCRIPTION_INITIATION	0.8677419264299441	0.7874306839186691	0.8327522852880261	34/130	TWIST1;MACROH2A1;HEY2;APOBEC3F;MED28;MED24;POLR2G;APOBEC3A;TAF11;E2F3;GTF2E2;TAF4;SPI1;GTF2E1;SMARCA5;CAVIN1;ERCC1;UBTF;ZNHIT1;MED7;SMARCB1;TAF10;MED18;NFKB1;CDK4;PHF2;POLR1G;TAF12;POLR1E;DR1;MED6;GTF2H5;SNAPC5;MED12	GLOM	GO_BP	no_proc_ieg	10098
GOBP_GOLGI_ORGANIZATION	0.8666546383906079	0.7397769516728625	0.8346828992998824	21/81	MAP2K1;MAPK1;TMED9;HTT;STX18;SEC16A;KIFC3;CDK1;STK25;VAMP4;EHD3;GORASP2;SEC23IP;YIPF5;RAB8A;BET1;MYO5A;HIKESHI;CSNK1D;TMED10;ATP8B4	GLOM	GO_BP	no_proc_ieg	10098
GOBP_VESICLE_MEDIATED_TRANSPORT_IN_SYNAPSE	0.8665880377717855	0.8135593220338984	0.8343326011821446	39/152	GIT2;SYT11;CYFIP1;PCDH17;CDK5;SCRIB;NSG1;AP3M2;PRKCB;PPP3R1;DNM3;DNM1;NLGN4X;SYT17;ATP2A2;PTEN;SV2A;STXBP1;PIP5K1C;AP2S1;RALA;EFNB2;VAMP4;PPFIA3;SNAP29;P2RX7;AMPH;RAB8A;UNC13B;AP2A2;VPS35;SV2B;AP2M1;PLAA;TOR1A;AP2B1;ATP6AP1;SNCA;ATP6V0D1	GLOM	GO_BP	no_proc_ieg	10098
GOBP_NEGATIVE_REGULATION_OF_MONOATOMIC_ION_TRANSPORT	0.8663077747007459	0.7547169811320755	0.8344445148782469	15/75	LILRB2;ATP1A2;TRIM27;UCP2;FKBP1B;GPR35;STK39;PPP3R1;RGS4;CALM3;CLIC2;TGFB1;EPHB2;KCNH2;CALM1	GLOM	GO_BP	no_proc_ieg	10098
GOBP_ANTIBACTERIAL_HUMORAL_RESPONSE	0.8660764703831613	0.693050193050193	0.8344592375014532	6/44	LTF;RNASE6;IGHM;HLA-A;SPON2;NOD2	GLOM	GO_BP	no_proc_ieg	10098
GOBP_POSITIVE_REGULATION_OF_TRANSMEMBRANE_RECEPTOR_PROTEIN_SERINE_THREONINE_KINASE_SIGNALING_PATHWAY	0.8649091985721024	0.7333333333333333	0.8364410175677718	16/71	GDF11;NUP93;SDCBP;KDR;PELO;ADISSP;MSX1;ACVRL1;BMP2;TGFB1I1;ENG;CDH5;TGFBR2;TGFB1;RNF111;CDKN2B	GLOM	GO_BP	no_proc_ieg	10098
GOBP_MORPHOGENESIS_OF_AN_EPITHELIAL_SHEET	0.8642927201498087	0.6761710794297352	0.8372861461281194	13/44	LCP1;CD44;ACVRL1;COL5A1;HOXB2;CEACAM1;ITGA5;PTEN;RHOC;PDPN;RHOA;FLNA;CD151	GLOM	GO_BP	no_proc_ieg	10098
GOBP_REGULATION_OF_HORMONE_BIOSYNTHETIC_PROCESS	0.8638442762054783	0.6549019607843137	0.8377954572264567	7/18	DKK3;NR3C1;BMP2;PDE8B;ADM;NFKB1;WNT4	GLOM	GO_BP	no_proc_ieg	10098
GOBP_PROTEIN_HETEROOLIGOMERIZATION	0.8638082738191363	0.6533066132264529	0.8373767155425493	2/16	KRT10;COL1A2	GLOM	GO_BP	no_proc_ieg	10098
GOBP_DNA_CATABOLIC_PROCESS	0.8626128870752267	0.6594911937377691	0.8394389872086591	11/26	ISG20;EXOG;DFFB;BAX;VPS54;MUS81;REXO4;TREX1;SETMAR;DFFA;DICER1	GLOM	GO_BP	no_proc_ieg	10098
GOBP_NEUROMUSCULAR_PROCESS_CONTROLLING_BALANCE	0.8622642190829014	0.6700819672131147	0.8396651922974128	9/29	SLC1A3;TPP1;HEXB;PDE8B;APP;CLN8;DLG4;GAA;GM2A	GLOM	GO_BP	no_proc_ieg	10098
GOBP_CELL_PROLIFERATION_INVOLVED_IN_KIDNEY_DEVELOPMENT	0.8610291986621701	0.6404040404040404	0.8418597902120085	3/15	PDGFB;GATA3;BMP2	GLOM	GO_BP	no_proc_ieg	10098
GOBP_REGULATION_OF_EMBRYONIC_DEVELOPMENT	0.8610031556863448	0.7233201581027668	0.8414258396106984	24/54	LAMA4;PHLDA2;SOX17;MSX1;YEATS2;PHLDB1;B4GALT5;MCRS1;CDK1;LAMA2;RUVBL1;TFPT;WNT4;RACGAP1;DAG1;ACTR8;DR1;CFL1;RUVBL2;RBM19;ACTR5;TRIP12;RAB14;TADA3	GLOM	GO_BP	no_proc_ieg	10098
GOBP_APPENDAGE_MORPHOGENESIS	0.860609671947055	0.7720306513409961	0.8417443906916819	22/104	TWIST1;GNA12;COL3A1;CHST11;HDAC1;TBX3;COL6A1;MSX1;PLXNA2;PCSK5;PBX1;LRP4;TBX2;EXT1;BAX;CYP26B1;NPR2;VPS54;GREM1;TGFB2;HOXA11;ALDH1A2	GLOM	GO_BP	no_proc_ieg	10098
GOBP_REGULATION_OF_TELOMERE_CAPPING	0.8606010199942186	0.6601941747572816	0.84126310393595	2/17	AURKB;MAPK1	GLOM	GO_BP	no_proc_ieg	10098
GOBP_STRIATED_MUSCLE_CELL_APOPTOTIC_PROCESS	0.8602743478692528	0.6921529175050302	0.8414796978394806	7/31	TIGAR;HEY2;MDK;ATP2A2;ENG;AMBRA1;GCH1	GLOM	GO_BP	no_proc_ieg	10098
GOBP_REGULATION_OF_POSTSYNAPSE_ORGANIZATION	0.8597267539754446	0.7556818181818182	0.842160858074683	15/75	RHOG;LILRB2;FCGR2B;ADAM10;SEMA3F;CDK5;EFNA1;ARF4;DNM3;LZTS1;KIF1A;ARHGAP22;EPHB2;ARHGAP44;ASAP1	GLOM	GO_BP	no_proc_ieg	10098
GOBP_REGULATION_OF_PLATELET_AGGREGATION	0.8592491979601526	0.6848484848484848	0.8426957595452493	5/19	EMILIN1;SYK;CEACAM1;F11R;PDPN	GLOM	GO_BP	no_proc_ieg	10098
GOBP_DNA_SYNTHESIS_INVOLVED_IN_DNA_REPAIR	0.857477291495507	0.6792079207920793	0.8459901437167561	6/27	DTL;PCNA;NYNRIN;VCP;POLH;POLD4	GLOM	GO_BP	no_proc_ieg	10098
GOBP_NEUROBLAST_PROLIFERATION	0.8570785378652146	0.7215686274509804	0.8462944211868826	16/55	CX3CR1;VEGFC;LHX5;VCAN;CDON;GATA2;TGFB1;PTN;ASPM;SMARCD3;FGF2;NDE1;RACGAP1;HAPLN1;LEF1;WDR62	GLOM	GO_BP	no_proc_ieg	10098
GOBP_DENDRITE_DEVELOPMENT	0.8564603983605666	0.8352713178294574	0.8471045855779546	35/172	MAP1S;CAMK1;MEF2C;CYFIP1;CARM1;LST1;CDK5;EFNA1;ARF4;HPRT1;PAK2;DOCK10;MEF2A;RAP2A;NRP1;DNM3;EZH2;LRP4;ADGRB3;FARP1;EIF4G2;LZTS1;KIF1A;PTEN;YWHAH;TRAK1;PTN;MATN2;EPHB2;APP;MAP2;ARHGAP44;ASAP1;DLG4;IQSEC1	GLOM	GO_BP	no_proc_ieg	10098
GOBP_MITOCHONDRIAL_GENOME_MAINTENANCE	0.8557159455957107	0.6938369781312127	0.8481667731979611	8/18	TYMP;MPV17;MEF2A;SLC25A4;TWNK;RRM1;LIG3;PARP1	GLOM	GO_BP	no_proc_ieg	10098
GOBP_LONG_TERM_SYNAPTIC_DEPRESSION	0.8524620869744723	0.701195219123506	0.8544397055389197	3/23	LILRB2;CD38;PLK2	GLOM	GO_BP	no_proc_ieg	10098
GOBP_ESTABLISHMENT_OF_MITOCHONDRION_LOCALIZATION_MICROTUBULE_MEDIATED	0.8509181977490908	0.6826003824091779	0.8571012107180471	7/22	MAP1S;FEZ1;TRAK2;TRAK1;SPAST;UCHL1;MAP1B	GLOM	GO_BP	no_proc_ieg	10098
GOBP_CRANIAL_NERVE_DEVELOPMENT	0.849824086806286	0.7519083969465649	0.858898259352746	10/42	SLC1A3;SEMA3F;TBX1;NRP1;HOXB2;EXT1;HOXA3;EPHB2;NPR2;MAFB	GLOM	GO_BP	no_proc_ieg	10098
GOBP_REGULATION_OF_ERBB_SIGNALING_PATHWAY	0.8497818761648618	0.718562874251497	0.858492203744845	15/46	MVP;NUP62;PTPN2;IFI6;CEACAM1;AGR2;RHBDF1;RALA;TGFB1;DGKD;PLAUR;CBL;PTPN12;ADRA2A;RALB	GLOM	GO_BP	no_proc_ieg	10098
GOBP_POSITIVE_REGULATION_OF_SIGNAL_TRANSDUCTION_BY_P53_CLASS_MEDIATOR	0.8494637080904078	0.6622889305816135	0.8586477945553583	5/17	MSX1;PML;RPS20;ZNHIT1;HIC1	GLOM	GO_BP	no_proc_ieg	10098
GOBP_VACUOLAR_ACIDIFICATION	0.8468861044877233	0.699047619047619	0.8633739804821383	10/24	PPT1;CLIC4;ATP6V0A2;GRN;ATP6V0B;ATP6AP1;SLC11A1;ATP6V0D1;ATP6V0E1;TMEM106B	GLOM	GO_BP	no_proc_ieg	10098
GOBP_CELLULAR_RESPONSE_TO_VITAMIN	0.8466395731656939	0.6955645161290323	0.8633833167640615	7/27	TRIM24;SNAI2;FOLR2;MN1;COL1A1;POSTN;TNC	GLOM	GO_BP	no_proc_ieg	10098
GOBP_APICAL_JUNCTION_ASSEMBLY	0.8454996239265025	0.7195121951219512	0.8651779590173923	13/49	ECT2;PECAM1;SNAI2;PAK2;ACVRL1;CDH5;PRKCH;F11R;RAMP2;SLC39A9;RHOC;RHOA;CLDN11	GLOM	GO_BP	no_proc_ieg	10098
GOBP_POSITIVE_REGULATION_OF_EPITHELIAL_CELL_APOPTOTIC_PROCESS	0.8446593847004474	0.7015810276679841	0.8664243004591043	7/30	CD40;CARM1;CD248;ITGA4;PIAS4;BAX;TGFB1	GLOM	GO_BP	no_proc_ieg	10098
GOBP_RIG_I_SIGNALING_PATHWAY	0.8442474916139344	0.67578125	0.8667424781920531	3/18	RNF125;OAS3;RIGI	GLOM	GO_BP	no_proc_ieg	10098
GOBP_PROTEIN_K48_LINKED_UBIQUITINATION	0.844189045950817	0.7737373737373737	0.8663607862704844	17/64	NMI;TRIM21;CDC34;IFI27;UBE2C;TRIM25;GABARAP;RBX1;CDC27;RNF34;UBE2A;SKP2;TRIM45;TRIM44;TRIM32;UBE2D2;UBE3C	GLOM	GO_BP	no_proc_ieg	10098
GOBP_ODONTOGENESIS_OF_DENTIN_CONTAINING_TOOTH	0.843390959094408	0.75390625	0.8674056335244192	16/63	HDAC1;JAG2;NGFR;MSX1;PRKCB;BMP2;TBX1;TRAF6;LRP4;SOSTDC1;TNC;BAX;TGFB1;CNNM4;ADM;ITGB6	GLOM	GO_BP	no_proc_ieg	10098
GOBP_REGULATION_OF_COMPLEMENT_ACTIVATION	0.8432296070931162	0.7047244094488189	0.8672212145095788	6/20	TREM2;SERPING1;C3;VSIG4;IL1B;A2M	GLOM	GO_BP	no_proc_ieg	10098
GOBP_NEGATIVE_REGULATION_OF_LIPID_BIOSYNTHETIC_PROCESS	0.8421705856446574	0.7348066298342542	0.8687862711416898	14/43	ORMDL2;DKK3;PDGFB;BRCA1;SNAI2;BMP2;CEACAM1;LPCAT1;PDE8B;APOC1;TRIB3;NFKB1;SCAP;WNT4	GLOM	GO_BP	no_proc_ieg	10098
GOBP_POSITIVE_REGULATION_OF_CELL_SUBSTRATE_JUNCTION_ORGANIZATION	0.8411596751089525	0.7068273092369478	0.8703216448956682	7/26	MAP4K4;KDR;NRP1;ITGB1BP1;S100A10;MAPRE2;IQSEC1	GLOM	GO_BP	no_proc_ieg	10098
GOBP_REGULATION_OF_TRANSLATION	0.8407513707813223	0.9122137404580153	0.8706222015418692	61/216	NIBAN1;RPS6KA3;CCL5;PRR16;CYFIP1;SOX4;POLR2G;GZMB;SAMD4A;CNOT3;EIF3D;PELO;NCBP2;PTAFR;ELP3;DNAJC1;EIF4G2;TYMS;BZW2;RBM4B;DNAJC3;TARBP2;MKNK1;YTHDF1;TRNAU1AP;SERP1;EIF4G3;RPL10;APP;NAT10;SHMT2;TRIM3;OGFOD1;PUS7;JMJD4;ELP1;CNOT6;YTHDF2;RPL13A;IGFBP5;EIF2B4;ABCE1;ENC1;RPS6KB2;GCN1;PURA;POLDIP3;IFRD2;PPP1CA;EIF2B5;WFS1;NEURL1;UPF1;EIF4E2;ITGA2;EIF4G1;EIF4EBP2;METTL18;NGRN;RPS6KA1;AGO4	GLOM	GO_BP	no_proc_ieg	10098
GOBP_NEGATIVE_REGULATION_OF_MONOATOMIC_ION_TRANSMEMBRANE_TRANSPORT	0.8400200216509257	0.7792706333973128	0.8716007011186044	13/57	ATP1A2;UCP2;FKBP1B;GPR35;STK39;PPP3R1;RGS4;CALM3;CLIC2;TGFB1;EPHB2;KCNH2;CALM1	GLOM	GO_BP	no_proc_ieg	10098
GOBP_CELL_MATURATION	0.8392985586404088	0.8496993987975952	0.8724829780007313	30/141	C1QA;AURKA;GDF11;RAC2;SOX18;GATA3;CEBPA;KDR;C3;BFSP1;B4GALT5;ADGRB3;BTK;TYMS;CCL19;CLEC7A;GATA2;ZBTB7A;WDR77;CDC25B;TGFB1;NPR2;PGR;APP;ABHD2;KIF14;MAEA;AKR1B1;PPARG;YTHDF2	GLOM	GO_BP	no_proc_ieg	10098
GOBP_POSITIVE_REGULATION_OF_STRESS_FIBER_ASSEMBLY	0.8386051508578077	0.7495145631067961	0.873357766616211	10/41	LIMK1;GPR65;BAG4;NRP1;ITGB1BP1;S100A10;RHOC;RHOA;CD47;WNT4	GLOM	GO_BP	no_proc_ieg	10098
GOBP_POSITIVE_REGULATION_OF_PROTEIN_LOCALIZATION_TO_NUCLEUS	0.8385319687701207	0.7543186180422264	0.8729942602682487	10/62	HCLS1;ECT2;NGFR;CCT8;CCT6A;CCT3;MCRS1;CCT4;TGFB1;CDK1	GLOM	GO_BP	no_proc_ieg	10098
GOBP_REGULATION_OF_HEMATOPOIETIC_PROGENITOR_CELL_DIFFERENTIATION	0.8372409807176964	0.7410358565737052	0.8749809693429602	10/28	KDR;KITLG;TCF15;CDK6;SPI1;PDCD2;GATA2;PUS7;YTHDF2;ZNHIT1	GLOM	GO_BP	no_proc_ieg	10098
GOBP_POSITIVE_REGULATION_OF_PROTEIN_IMPORT_INTO_NUCLEUS	0.8358617935934968	0.7476459510357816	0.8772015762510826	2/28	HCLS1;ECT2	GLOM	GO_BP	no_proc_ieg	10098
GOBP_REGULATION_OF_CALCIUM_ION_IMPORT	0.8357424147781274	0.7235772357723578	0.8769409629818061	4/31	TRPV2;TRIM27;PDGFB;PPP3R1	GLOM	GO_BP	no_proc_ieg	10098
GOBP_PROTEIN_NEDDYLATION	0.8353795070461039	0.7125	0.8771350975962848	8/21	COPS5;RNF7;RBX1;COPS6;UBA3;COPS7A;EPAS1;NEDD8	GLOM	GO_BP	no_proc_ieg	10098
GOBP_INTEGRIN_ACTIVATION	0.8349441452211338	0.6842105263157895	0.8774874889113369	10/21	FN1;ITGB1BP1;PLEK;RASIP1;KIF14;FARP2;TLN1;PIEZO1;CX3CL1;CXCL13	GLOM	GO_BP	no_proc_ieg	10098
GOBP_REGULATION_OF_DENDRITIC_SPINE_DEVELOPMENT	0.834855502291379	0.7442748091603053	0.8771344462884334	8/42	CAMK1;MEF2C;EFNA1;DNM3;EIF4G2;KIF1A;EPHB2;ASAP1	GLOM	GO_BP	no_proc_ieg	10098
GOBP_MACROMOLECULE_DEACYLATION	0.8346025051420984	0.748062015503876	0.8770977641077321	8/39	PPT1;HDAC9;FNTA;HDAC1;DESI1;YEATS2;NNMT;DESI2	GLOM	GO_BP	no_proc_ieg	10098
GOBP_POSITIVE_REGULATION_OF_SMOOTHENED_SIGNALING_PATHWAY	0.8345500358699242	0.7047619047619048	0.8766951906770678	2/18	PDCL;TXNDC15	GLOM	GO_BP	no_proc_ieg	10098
GOBP_SYNAPTIC_VESICLE_EXOCYTOSIS	0.8338439789668058	0.7935606060606061	0.8775567204719169	12/59	SYT11;CDK5;SCRIB;PRKCB;ATP2A2;SV2A;STXBP1;PIP5K1C;PPFIA3;SNAP29;P2RX7;UNC13B	GLOM	GO_BP	no_proc_ieg	10098
GOBP_MATURATION_OF_5_8S_RRNA	0.8338259957815114	0.7208333333333333	0.8770843276262652	12/25	RPP40;EXOSC10;WDR12;RRP15;NOP14;PES1;EXOSC2;MAK16;EXOSC4;KRI1;RPS21;FTSJ3	GLOM	GO_BP	no_proc_ieg	10098
GOBP_FOCAL_ADHESION_ASSEMBLY	0.833083747271936	0.8015717092337917	0.878031953485278	11/67	GPM6B;MAP4K4;DUSP22;CDH11;CORO1C;KDR;ACVRL1;NRP1;ITGB1BP1;S100A10;PTEN	GLOM	GO_BP	no_proc_ieg	10098
GOBP_COLUMNAR_CUBOIDAL_EPITHELIAL_CELL_DEVELOPMENT	0.8330305474572094	0.758893280632411	0.8776278443833208	7/39	TIGAR;GDF11;TYMS;CDK6;GATA2;TGFB1;PGR	GLOM	GO_BP	no_proc_ieg	10098
GOBP_LUNG_EPITHELIUM_DEVELOPMENT	0.8329057291842408	0.7406679764243614	0.8773620726828731	7/37	MAP2K1;RCN3;COL6A1;PPP3R1;AGR2;CREB1;LTA4H	GLOM	GO_BP	no_proc_ieg	10098
GOBP_PROTEIN_TARGETING	0.8327677825418478	0.8933601609657947	0.8771158335857657	68/189	ITGB2;ITGAM;ZDHHC18;HOMER3;BID;RAC2;HTRA2;YWHAB;SEC61B;BAG4;ZDHHC3;SH3GLB1;LAPTM5;CDK5;SDCBP;TSPO;STOM;RTP4;TRAK2;SPCS3;AP4E1;ITGB1BP1;TRAK1;CSNK2A2;DNAJC15;ATG3;UBL4A;GABARAP;SSR3;VPS8;SSR2;VPS54;SMURF1;TIMM8B;VPS4A;SREBF1;GDI1;BCAP31;OS9;NACAD;SYNJ2BP;SRPRB;ICMT;VPS11;HRAS;CLU;CEMIP;SGTA;RAB7A;TRAM1;SIRT4;ZDHHC7;HSPA5;SRPRA;AIP;RASSF9;NACA2;TRAM2;TIMM10;MTCH1;TIMM8A;PITRM1;SEC61G;NEDD4;FIS1;TIMM13;SCARB2;TAOK2	GLOM	GO_BP	no_proc_ieg	10098
GOBP_REGULATION_OF_NEURON_PROJECTION_DEVELOPMENT	0.8320579223057235	0.9506641366223909	0.877974791369187	67/323	MAP2K1;PMP22;ATP8A2;CAMK1;TRPV2;BDNF;LIMK1;TWF2;CYFIP1;NOVA2;CARM1;FN1;CD38;FKBP1B;GATA3;SEMA3F;CDK5;EFNA1;MDK;ARHGAP4;PAK2;SKIL;SNX3;FEZ1;PLXNA2;RAP2A;NRP1;ITM2C;DNM3;EZH2;LRP4;DENND5A;ADGRB3;EIF4G2;LZTS1;METRN;KIF1A;PTEN;YWHAH;GRN;TRAK1;YTHDF1;PTN;STK25;EPHB2;EFNB2;SERPINF1;MAP2;FZD1;TOX;ARHGAP44;SEMA4F;TUBB2B;P3H1;RHOA;MAP1B;FLNA;DPYSL3;SMURF1;LTK;GDI1;VIM;CDH4;GSK3B;ENC1;NEO1;CHN1	GLOM	GO_BP	no_proc_ieg	10098
GOBP_REGULATION_OF_DOUBLE_STRAND_BREAK_REPAIR_VIA_NONHOMOLOGOUS_END_JOINING	0.8300308976834969	0.7145708582834331	0.8813281133317062	9/18	CYREN;SETMAR;KMT5B;TFIP11;WAS;WRAP53;MRE11;NSD2;TOP2B	GLOM	GO_BP	no_proc_ieg	10098
GOBP_NEGATIVE_REGULATION_OF_UBIQUITIN_DEPENDENT_PROTEIN_CATABOLIC_PROCESS	0.8291044578189166	0.7514231499051234	0.8825118813819439	11/32	PBK;DDRGK1;USP14;PML;CSNK2A2;UBXN1;USP7;SGTA;CSNK2B;PHF20L1;PSEN1	GLOM	GO_BP	no_proc_ieg	10098
GOBP_SMAD_PROTEIN_SIGNAL_TRANSDUCTION	0.8279967359931812	0.7692307692307693	0.8839845911178873	17/60	GDF11;FAM89B;NUP93;EMILIN1;CILP;ACVRL1;BMP2;PMEPA1;PML;LDLRAD4;ENG;TGFBR2;TGFB1;PPARG;SMAD7;GREM1;TGFB2	GLOM	GO_BP	no_proc_ieg	10098
GOBP_REGULATION_OF_SYNAPTIC_PLASTICITY	0.8268163878546787	0.8732943469785575	0.8856601113781849	23/142	CX3CR1;TYROBP;LILRB2;CALHM2;MEF2C;MAPK1;CD38;ITPR3;PLK2;CDK5;NSG1;CDC20;LZTS1;YWHAH;STXBP1;YTHDF1;PTN;NCDN;EPHB2;APP;SCT;PPFIA3;DLG4	GLOM	GO_BP	no_proc_ieg	10098
GOBP_KERATINOCYTE_DIFFERENTIATION	0.8262322006273313	0.8459958932238193	0.8862115251445907	10/97	MAP2K1;CSTA;MACROH2A1;MACROH2A2;KRT10;CLIC4;EXTL3;ANXA1;EZH2;PLAAT4	GLOM	GO_BP	no_proc_ieg	10098
GOBP_NEGATIVE_REGULATION_OF_PROTEIN_CONTAINING_COMPLEX_ASSEMBLY	0.8256752919127949	0.8281853281853282	0.8867929470545011	34/92	TMSB15A;TWF2;CAPZB;CARD8;LCMT1;TREM2;CAPG;STXBP1;CDH5;TMSB10;DACT1;FLII;DNAJC15;TMOD1;MAP2;KIF14;LMO4;RPL13A;GSK3B;PFN1;VPS35;ANKRD27;SNCA;MEFV;CLU;CPTP;MAPRE1;TFIP11;SPTBN1;CYRIB;HSPA5;SVIL;CARMIL1;OPRD1	GLOM	GO_BP	no_proc_ieg	10098
GOBP_REGULATION_OF_MICROTUBULE_BASED_PROCESS	0.8254802728931651	0.88996138996139	0.8866521669081096	43/159	TACC3;AURKA;MAP1S;STIL;GNAI1;NUP62;PSRC1;PLK2;BRCA1;GPSM2;FEZ1;TPX2;PHLDB1;STMN3;SKA1;CDH5;EML3;XRCC3;MAPRE2;MAP2;NAT10;CYLD;SPAST;RHOA;CEP131;MAP1B;DCTN1;BICD2;CHMP1A;GSK3B;BORA;MID1;MARK2;SNCA;ATF5;MAPRE1;HAUS7;WDR62;CHMP2A;TRIM36;CDK2AP2;ABL1;NEFH	GLOM	GO_BP	no_proc_ieg	10098
GOBP_POSITIVE_REGULATION_OF_T_HELPER_CELL_DIFFERENTIATION	0.8243219415042912	0.7292490118577075	0.8882572919282605	8/20	HLX;CD86;ANXA1;CCL19;NLRP3;IL12RB1;CD80;IL4R	GLOM	GO_BP	no_proc_ieg	10098
GOBP_POSITIVE_REGULATION_OF_GLIAL_CELL_PROLIFERATION	0.8242903893470278	0.7247524752475247	0.8878150611980206	6/18	VEGFC;TSPO;PLAG1;PRKCH;IL1B;ETV5	GLOM	GO_BP	no_proc_ieg	10098
GOBP_STRESS_FIBER_ASSEMBLY	0.8229343967430197	0.8336557059961315	0.889726569032775	18/79	ARRB1;LIMK1;GPR65;BAG4;PAK2;PDLIM1;NRP1;ITGB1BP1;S100A10;F11R;KCTD13;RHOC;RHOA;CD47;PFN1;S1PR1;WNT4;ZEB2	GLOM	GO_BP	no_proc_ieg	10098
GOBP_POSITIVE_REGULATION_OF_GLYCOPROTEIN_METABOLIC_PROCESS	0.8228225267947937	0.7176470588235294	0.8893992118770605	5/18	SOAT1;CCL19;RAMP1;IL33;IL15	GLOM	GO_BP	no_proc_ieg	10098
GOBP_AXON_DEVELOPMENT	0.822786868829741	0.966542750929368	0.8889532697549717	78/365	MAP2K1;ATP8A2;MAP1S;TRPV2;GPM6B;BDNF;CSF1R;LIMK1;TWF2;CYFIP1;NOVA2;SEMA4C;FN1;FKBP1B;CDH11;GATA3;ENAH;SEMA3F;ITGA4;CDK5;EFNA1;FLOT1;ARHGAP4;PAK2;TSPO;SKIL;NGFR;MMP2;FEZ1;PLXNA2;EFNA4;NRP1;LRP4;B4GALT5;EIF4G2;METRN;EXT1;PTEN;PLPPR4;GRN;TNC;STXBP1;TRAK1;YTHDF1;SEMA3E;PTN;MATN2;LAMA2;STK25;EPHB2;EFNB2;NPR2;CREB1;SSNA1;APP;MAP2;SEMA4F;TUBB2B;SPAST;UCHL1;LMO4;MAP1B;EFNB1;FLNA;PTPRM;SMURF1;RAB8A;GDI1;CRTAC1;CDH4;GSK3B;NEO1;CHN1;TNFRSF21;BMPR2;TRIM32;NCAM1;DCLK1	GLOM	GO_BP	no_proc_ieg	10098
GOBP_POSITIVE_REGULATION_OF_NITRIC_OXIDE_METABOLIC_PROCESS	0.8217820785552531	0.7520833333333333	0.8902416076188141	11/27	CD36;HBB;TLR4;PTX3;DDAH2;CLEC7A;IL1B;TICAM1;SOD2;P2RX4;CLU	GLOM	GO_BP	no_proc_ieg	10098
GOBP_REGULATION_OF_ORGAN_GROWTH	0.8209648423607013	0.8048780487804879	0.8912546116350165	13/69	HLX;HEY2;MEF2C;SASH3;MAPK11;BASP1;RGS4;TBX2;PTEN;IL7;SERP1;CDK1;FXN	GLOM	GO_BP	no_proc_ieg	10098
GOBP_ANTERIOR_POSTERIOR_PATTERN_SPECIFICATION	0.8207793582377031	0.876953125	0.8910668420466002	26/149	AURKA;HEY2;GDF11;SOX17;HOXB8;HOXB6;HHEX;TBX3;BASP1;MSX1;BMP2;PLXNA2;PCSK5;TBX1;PBX1;CDON;HOXB7;HOXB2;HEY1;HOXB5;TCF15;HOXA3;MEOX1;NR2F2;PCGF2;HOXA4	GLOM	GO_BP	no_proc_ieg	10098
GOBP_REGULATION_OF_CALCIUM_ION_DEPENDENT_EXOCYTOSIS	0.8202174945316859	0.693359375	0.8915653899969296	6/19	CDK5;GNAI2;ATP2A2;STXBP1;HYAL3;ADRA2A	GLOM	GO_BP	no_proc_ieg	10098
GOBP_REGULATION_OF_MORPHOGENESIS_OF_AN_EPITHELIUM	0.819029631539664	0.7983014861995754	0.8931588622737316	19/49	GATA3;CXCL10;MDK;SNAI2;MMRN2;HOXB7;WNT5B;TBX2;BTBD7;TGFB1;GREM1;FGF2;AR;FKBPL;WNT4;PIK3CD;ITGAX;SIX1;ABL1	GLOM	GO_BP	no_proc_ieg	10098
GOBP_COPII_COATED_VESICLE_BUDDING	0.8189856635870677	0.7479674796747967	0.8927218131148053	9/30	SEC24D;SEC16A;PEF1;TRAPPC4;TRAPPC2;SCAP;CSNK1D;VAPB;TMED10	GLOM	GO_BP	no_proc_ieg	10098
GOBP_REGULATION_OF_CELL_PROJECTION_ASSEMBLY	0.8182088505876687	0.905587668593449	0.8935752929325971	14/146	RHOG;RAC2;RAB11A;ARPC2;TWF2;CYFIP1;ACTR3;CAPZB;TBC1D2B;CORO1C;TBC1D2;HTT;FSCN1;ARF4	GLOM	GO_BP	no_proc_ieg	10098
GOBP_VESICLE_COATING	0.8170309989635754	0.7355212355212355	0.895169973081321	8/28	TMED9;AP3M2;SEC16A;PEF1;TRAPPC4;TRAPPC2;CSNK1D;TMED10	GLOM	GO_BP	no_proc_ieg	10098
GOBP_MRNA_METABOLIC_PROCESS	0.8163080820200797	0.9823182711198428	0.8958875532863658	151/446	MYD88;DDX39A;PRR5L;DAZAP1;ADAR;NOVA2;THOC5;PABPC3;BAG4;POLR2G;EDC4;TAF11;SAMD4A;CELF2;DCPS;CNOT3;PAF1;DBR1;PELO;C5AR1;DDX41;SNRPD3;NCBP2;CLP1;BUD31;USP4;MRTO4;EXOSC10;KHDRBS3;SUGP1;LSM7;GPKOW;LSM1;RC3H2;PUS3;SF3B5;S100A10;PIAS4;TAF4;RBM4B;IKBKE;IK;HNRNPR;SART3;RBM28;CSTF1;YTHDF1;ZBTB7A;WDR77;HNRNPUL1;PRPF19;CREB1;APP;FAM50A;NR1H3;CD2BP2;SYMPK;PUS7;CPSF1;DDX47;ARMC7;CNOT6;PPARG;CSTF2T;YTHDF2;CSDC2;FLNA;RNASEL;TAF10;SREBF1;FASTKD5;SNRNP200;VIM;PPP1R8;PAPOLG;SRRT;SF3B3;SF1;RBM48;RXRA;RALY;GSPT2;RBM42;HNRNPAB;TXNL4A;SNW1;PPIE;SMG8;TTF2;MLH1;GEMIN4;TAF12;SKIC2;RBM10;CDC73;SLC11A1;RNF113A;RBFOX2;SMNDC1;UPF1;TRAF2;TFIP11;MFAP1;ZPR1;CSTF2;DDX23;PABPC4;SF3B2;HNRNPM;CBLL1;SND1;AGO4;CASC3;SNIP1;LSM2;EXOSC2;SMG9;SMG1;PTBP1;PRPF18;TUT7;THOC6;SNRPB;STRAP;AQR;RBM5;EXOSC5;HNRNPA0;RBM19;ARL6IP4;PAPOLB;EPAS1;RSRP1;TAF5;EXOSC4;PKP3;FASTKD1;METTL3;PUS1;PQBP1;CTNNBL1;EDC3;GPATCH1;ECD;SF3A1;TSSC4;METTL4;CDK12;PUF60;ZNF473;PCBP4	GLOM	GO_BP	no_proc_ieg	10098
GOBP_REGULATION_OF_DNA_TEMPLATED_TRANSCRIPTION_INITIATION	0.8156313094892467	0.8125	0.8965651019865228	5/58	TWIST1;HEY2;MED28;MED24;TAF11	GLOM	GO_BP	no_proc_ieg	10098
GOBP_CELLULAR_RESPONSE_TO_LIGHT_STIMULUS	0.8155376705752905	0.8542914171656687	0.8962386227888851	16/84	CRIP1;TRIAP1;AURKB;PCNA;CUL4B;MAPK11;PBK;MMP2;TIMP1;POLH;RGS9;BAX;PPID;MMP1;ERCC1;HYAL3	GLOM	GO_BP	no_proc_ieg	10098
GOBP_RESPONSE_TO_NERVE_GROWTH_FACTOR	0.8154837963059766	0.7618069815195072	0.8958133187821787	9/39	BDNF;CORO1A;CSNK1E;RAB35;TAC1;CBL;DYNC1LI2;CSNK1D;CRK	GLOM	GO_BP	no_proc_ieg	10098
GOBP_SUBSTANTIA_NIGRA_DEVELOPMENT	0.8152778501455389	0.7690802348336595	0.89569033320343	14/31	SYNGR3;BASP1;SEC16A;CALM3;YWHAH;CALM1;RAD1;RHOA;FGF2;G6PD;HSPA5;CASP5;ACTB;CNP	GLOM	GO_BP	no_proc_ieg	10098
GOBP_POSITIVE_REGULATION_OF_MRNA_PROCESSING	0.8139637631653608	0.7223340040241448	0.897508749101584	8/21	DAZAP1;NCBP2;EXOSC10;WDR77;PRPF19;SNW1;CDC73;UPF1	GLOM	GO_BP	no_proc_ieg	10098
GOBP_TRANSCYTOSIS	0.8138189089091405	0.7259713701431493	0.897240503222953	3/15	RAB11A;FCMR;PTAFR	GLOM	GO_BP	no_proc_ieg	10098
GOBP_APOPTOTIC_PROCESS_INVOLVED_IN_DEVELOPMENT	0.8137386159585779	0.747534516765286	0.89686917754659	5/22	TNFRSF1B;SCRIB;JAG2;CHEK1;BAX	GLOM	GO_BP	no_proc_ieg	10098
GOBP_PROTEIN_CONTAINING_COMPLEX_LOCALIZATION	0.8126250041230986	0.8946322067594433	0.898236522463693	35/130	TYROBP;NETO2;RAB11A;ADAM10;ZDHHC3;SCRIB;NSG1;FCMR;PPP3R1;DNM3;SYT17;PML;KIF17;NDC1;AP2S1;RALA;EFNB2;SSNA1;ARHGAP44;DLG4;MIOS;BIRC5;SMAD7;CEP131;LMNB1;RAB8A;ABCE1;AP2A2;VPS35;RALB;AP2M1;DAG1;PURA;IFT20;AP2B1	GLOM	GO_BP	no_proc_ieg	10098
GOBP_POSITIVE_REGULATION_OF_TRANSCRIPTION_ELONGATION_BY_RNA_POLYMERASE_II	0.811894297146514	0.7735124760076776	0.8989285718955048	5/37	MED28;MED24;CCNK;NCBP2;ELL3	GLOM	GO_BP	no_proc_ieg	10098
GOBP_POSITIVE_REGULATION_OF_TOR_SIGNALING	0.8113820184397019	0.7995867768595041	0.8992932238627588	6/45	LAMTOR2;CTNS;NCKAP1L;SYK;TREM2;USP4	GLOM	GO_BP	no_proc_ieg	10098
GOBP_ESTABLISHMENT_OR_MAINTENANCE_OF_MONOPOLAR_CELL_POLARITY	0.8113648555032886	0.7184873949579832	0.8988165412126587	7/20	MSN;FSCN1;SCRIB;RAP2A;TCF15;RHOA;MAP1B	GLOM	GO_BP	no_proc_ieg	10098
GOBP_RNA_SPLICING_VIA_TRANSESTERIFICATION_REACTIONS	0.8111187127320381	0.9274809160305344	0.898697445558641	68/195	DDX39A;DAZAP1;NOVA2;CELF2;DCPS;DBR1;DDX41;SNRPD3;NCBP2;BUD31;USP4;EXOSC10;KHDRBS3;LSM7;GPKOW;LSM1;SF3B5;RBM4B;IK;HNRNPR;SART3;ZBTB7A;WDR77;HNRNPUL1;PRPF19;CD2BP2;SNRNP200;SF3B3;SF1;RALY;RBM42;TXNL4A;SNW1;PPIE;GEMIN4;RBM10;RNF113A;RBFOX2;SMNDC1;UPF1;TFIP11;MFAP1;DDX23;SF3B2;HNRNPM;CASC3;SNIP1;LSM2;PTBP1;PRPF18;SNRPB;STRAP;AQR;RBM5;RBM19;RSRP1;METTL3;PQBP1;CTNNBL1;GPATCH1;SF3A1;TSSC4;PUF60;PCBP4;XAB2;SNRPA;PRPF3;MAGOH	GLOM	GO_BP	no_proc_ieg	10098
GOBP_REGULATION_OF_FIBROBLAST_GROWTH_FACTOR_RECEPTOR_SIGNALING_PATHWAY	0.8109276190554588	0.718562874251497	0.898528223888739	3/19	GATA3;GPC1;NGFR	GLOM	GO_BP	no_proc_ieg	10098
GOBP_AUTOPHAGY_OF_MITOCHONDRION	0.8108531298615357	0.8382642998027613	0.8981450791268533	17/75	TIGAR;DELE1;ATG4A;HTRA2;HTT;NOD2;TSPO;AMBRA1;ATG9A;CSNK2A2;DNM1L;HK2;ATG3;GABARAP;SLC25A4;SREBF1;UBE2A	GLOM	GO_BP	no_proc_ieg	10098
GOBP_COCHLEA_DEVELOPMENT	0.810801782227822	0.751953125	0.8977184376104481	9/32	HEY2;ADAM10;TBX1;TBX2;GATA2;FRZB;MCM2;CCNA2;IFT20	GLOM	GO_BP	no_proc_ieg	10098
GOBP_INTRACELLULAR_LIPID_TRANSPORT	0.8101751695518873	0.7553398058252427	0.8982631708939839	7/26	NPC2;PIP4K2A;LDLRAP1;TMEM97;ABCA1;VPS54;VPS4A	GLOM	GO_BP	no_proc_ieg	10098
GOBP_RESPONSE_TO_UV_B	0.8086491075147578	0.7393939393939394	0.9003217372409185	5/17	CRIP1;MAPK11;HYAL3;IL12A;HYAL2	GLOM	GO_BP	no_proc_ieg	10098
GOBP_RESPONSE_TO_ESTROGEN	0.8078756487388506	0.8024691358024691	0.9010899303780187	16/50	ARPC1B;TRIM24;DTYMK;GATA3;MMP2;SRD5A1;TRIM25;KMT2D;TNFRSF11B;HOXA11;AR;CRHBP;SP1;PELP1;HOXA10;CAV1	GLOM	GO_BP	no_proc_ieg	10098
GOBP_TRANSPOSITION	0.8078681239747555	0.7436974789915967	0.9005943443893182	3/20	APOBEC3F;APOBEC3A;APOBEC3G	GLOM	GO_BP	no_proc_ieg	10098
GOBP_TRANSCRIPTION_INITIATION_AT_RNA_POLYMERASE_II_PROMOTER	0.8071139179455751	0.8679611650485437	0.9013433740646349	20/106	MACROH2A1;HEY2;APOBEC3F;MED28;MED24;POLR2G;APOBEC3A;TAF11;E2F3;GTF2E2;TAF4;SPI1;GTF2E1;ERCC1;ZNHIT1;MED7;SMARCB1;TAF10;MED18;NFKB1	GLOM	GO_BP	no_proc_ieg	10098
GOBP_REGULATION_OF_INSULIN_LIKE_GROWTH_FACTOR_RECEPTOR_SIGNALING_PATHWAY	0.8053798897898543	0.751503006012024	0.9036063620590882	6/19	IGFBP6;CILP;BMP2;INPPL1;IGFBP5;AR	GLOM	GO_BP	no_proc_ieg	10098
GOBP_POSITIVE_REGULATION_OF_FILOPODIUM_ASSEMBLY	0.8036865720997527	0.7592592592592593	0.9058524347550325	5/20	FSCN1;NRP1;DNM3;RALA;DPYSL3	GLOM	GO_BP	no_proc_ieg	10098
GOBP_NEGATIVE_REGULATION_OF_EPITHELIAL_CELL_APOPTOTIC_PROCESS	0.8035617385758509	0.8276515151515151	0.905549582015985	6/55	ADAR;TNIP2;GATA3;SCG2;MDK;KDR	GLOM	GO_BP	no_proc_ieg	10098
GOBP_SPINAL_CORD_DEVELOPMENT	0.8032937649407607	0.8466135458167331	0.9054400026325088	11/58	GDF11;SOX12;SOX4;LHX5;HOXB8;SRD5A1;GATA2;CLN8;LMO4;EED;DCTN1	GLOM	GO_BP	no_proc_ieg	10098
GOBP_PROTEIN_LOCALIZATION_TO_SYNAPSE	0.8029577467778362	0.8070175438596491	0.9054634648508239	6/54	NETO2;RAB11A;ADAM10;CDK5;SCRIB;NSG1	GLOM	GO_BP	no_proc_ieg	10098
GOBP_PATTERN_SPECIFICATION_PROCESS	0.8028029593411538	0.973384030418251	0.9052149749558555	61/299	C1QA;AURKA;ITGAM;HEY2;STIL;GDF11;MEF2C;DOP1B;SOX18;NCLN;SOX17;SEMA3F;HOXB8;HOXB6;HHEX;TBX3;BASP1;MSX1;ACVRL1;BMP2;PLXNA2;C3;PCSK5;TBX1;NRP1;PBX1;CDON;HOXB7;LRP4;HOXB2;HEY1;TBX2;HOXB5;EXT1;TCF15;ENG;HOXA3;SOSTDC1;APLNR;MEOX1;WDR77;NR2F2;TGFBR2;CYP26B1;PCGF2;RNF111;HOXA4;MICAL2;SMARCD3;MAFB;MEOX2;EFNB1;GREM1;TAF10;FGF2;HOXA11;ALDH1A2;AR;HOXD11;ALG5;TDRKH	GLOM	GO_BP	no_proc_ieg	10098
GOBP_RNA_SPLICING	0.8018401219361728	0.9674952198852772	0.9062109383493525	93/278	DDX39A;DAZAP1;NOVA2;THOC5;RTRAF;AHNAK2;CELF2;DCPS;DBR1;DDX41;SNRPD3;NCBP2;CLP1;BUD31;USP4;EXOSC10;KHDRBS3;SUGP1;LSM7;GPKOW;LSM1;SF3B5;RBM4B;USP22;IK;HNRNPR;SART3;RBM28;ZBTB7A;WDR77;HNRNPUL1;PRPF19;SUPT7L;FAM50A;CD2BP2;PUS7;DDX47;ARMC7;TAF10;SNRNP200;PPP1R8;SF3B3;SF1;RBM48;RALY;RBM42;RTCB;RBM12;TXNL4A;SNW1;PPIE;TTF2;GEMIN4;TAF12;RBM10;RNF113A;RBFOX2;SMNDC1;UPF1;TFIP11;MFAP1;ZPR1;DDX23;SF3B2;RBM12B;HNRNPM;CASC3;SNIP1;LSM2;PTBP1;PRPF18;SUPT20H;THOC6;SNRPB;STRAP;AQR;RBM5;RBM19;ARL6IP4;RSRP1;METTL3;PUS1;PQBP1;CTNNBL1;GPATCH1;TADA3;ECD;SF3A1;TSSC4;METTL4;CDK12;PUF60;PCBP4	GLOM	GO_BP	no_proc_ieg	10098
GOBP_MUSCLE_HYPERTROPHY	0.8017984587507019	0.8474903474903475	0.9057816425215462	24/66	TNFRSF1B;HTR2B;HEY2;RAP1GDS1;PAK2;MEF2A;EZH2;RGS4;ATP2A2;CYBA;PPARG;ATP2B4;HDAC4;MYH7;IGFBP5;G6PD;MYH6;HDAC2;P2RX4;PDE5A;GLRX3;LMNA;PARP1;INPP5F	GLOM	GO_BP	no_proc_ieg	10098
GOBP_REGULATION_OF_CAMP_MEDIATED_SIGNALING	0.7990499012553967	0.7728155339805826	0.9096390654751159	4/16	GNAI1;CDC34;APLNR;SCT	GLOM	GO_BP	no_proc_ieg	10098
GOBP_REGULATION_OF_DOPAMINE_SECRETION	0.7978987875511636	0.7569060773480663	0.9108679829851145	2/20	SYT11;PRKCB	GLOM	GO_BP	no_proc_ieg	10098
GOBP_PHOSPHATIDYLINOSITOL_BIOSYNTHETIC_PROCESS	0.7976523882440913	0.8834355828220859	0.9107204130394065	20/83	HTR2B;PDGFB;INPP5D;INPP4B;PIP5K1B;PIP4K2A;PITPNM1;PIK3R3;PTEN;CDIPT;PIP5K1C;MTMR2;DPM2;DGKE;INPPL1;FIG4;INPP4A;DPM3;PIK3CG;IP6K1	GLOM	GO_BP	no_proc_ieg	10098
GOBP_CGMP_METABOLIC_PROCESS	0.7968967811543257	0.7292929292929293	0.9113649211220941	6/15	GUCY1A1;GUCY1B1;NPR2;PDE5A;NPR1;NPPC	GLOM	GO_BP	no_proc_ieg	10098
GOBP_PROSTANOID_METABOLIC_PROCESS	0.7963300256424843	0.8077669902912621	0.9117477858550216	12/29	COMT;PLA2G4A;PTGS1;MGST3;TBXAS1;IL1B;AKR1B1;CD74;PLAA;HPGDS;GSTP1;PLA2G10	GLOM	GO_BP	no_proc_ieg	10098
GOBP_REGULATION_OF_CHROMATIN_ORGANIZATION	0.7951809638466938	0.7658730158730159	0.9130665464850264	9/21	MACROH2A1;BAZ1A;MORC2;PHF2;TRIM28;ATF7IP;MKI67;CDK2;PHF8	GLOM	GO_BP	no_proc_ieg	10098
GOBP_SPINDLE_LOCALIZATION	0.7949637267229661	0.8041431261770244	0.9128976026512867	15/42	NUSAP1;ACTR3;HTT;NDC80;GPSM2;ASPM;CENPA;DCTN1;NDE1;SPDL1;KPNB1;DYNLT1;MAPRE1;MAP4;CFL1	GLOM	GO_BP	no_proc_ieg	10098
GOBP_POSITIVE_REGULATION_OF_MONOOXYGENASE_ACTIVITY	0.7948917254348403	0.7494780793319415	0.9124851033488716	2/20	HTR2B;SCARB1	GLOM	GO_BP	no_proc_ieg	10098
GOBP_BRANCHING_MORPHOGENESIS_OF_AN_EPITHELIAL_TUBE	0.79280258178175	0.8911290322580645	0.9150961567638627	29/115	COL4A1;CLIC4;MDK;CTSZ;KDR;KDM5B;TBX3;NOTCH4;BMP2;NRP1;PPP3R1;PBX1;HOXB7;PML;TBX2;EXT1;ENG;TNC;TGFBR2;SEMA3E;RASIP1;TGFB1;PGR;GREM1;FGF2;HOXA11;AR;FKBPL;HOXD11	GLOM	GO_BP	no_proc_ieg	10098
GOBP_REGULATION_OF_THE_FORCE_OF_HEART_CONTRACTION	0.7927821967257119	0.783203125	0.914617224517797	10/23	ATP1A2;ATP2A2;ADM;ATP2B4;MYH7;CHGA;GAA;MYH6;CAV1;GLRX3	GLOM	GO_BP	no_proc_ieg	10098
GOBP_RECEPTOR_RECYCLING	0.792363850988649	0.8072033898305084	0.9147369511145595	13/31	SCRIB;NSG1;PTPN2;EHD3;NSF;SNCA;PLEKHJ1;INPP5F;ARAP1;PSEN1;TRAT1;SORL1;RAMP3	GLOM	GO_BP	no_proc_ieg	10098
GOBP_REGULATION_OF_CARDIAC_MUSCLE_CONTRACTION_BY_REGULATION_OF_THE_RELEASE_OF_SEQUESTERED_CALCIUM_ION	0.7921127621811883	0.7724425887265136	0.9146102484347878	5/16	ATP1A2;FKBP1B;CALM3;CLIC2;CALM1	GLOM	GO_BP	no_proc_ieg	10098
GOBP_POSITIVE_REGULATION_OF_MORPHOGENESIS_OF_AN_EPITHELIUM	0.7919573216067934	0.8020833333333334	0.9143321559469874	14/30	GATA3;MDK;MMRN2;HOXB7;WNT5B;TGFB1;GREM1;FGF2;AR;WNT4;PIK3CD;ITGAX;SIX1;ABL1	GLOM	GO_BP	no_proc_ieg	10098
GOBP_REGULATION_OF_AMYLOID_PRECURSOR_PROTEIN_CATABOLIC_PROCESS	0.7918464413089137	0.7853107344632768	0.9139882300443574	11/30	ABCA7;EFNA1;CSNK1E;RTN1;RTN2;FLOT2;SP1;TMED10;CLU;CASP3;RELA	GLOM	GO_BP	no_proc_ieg	10098
GOBP_UROGENITAL_SYSTEM_DEVELOPMENT	0.7901334206914691	0.8273244781783681	0.9160788405710577	10/48	CRIP1;PLAG1;MMP2;PBX1;TNC;SRD5A1;GATA2;WDR77;EPHB2;SERPINF1	GLOM	GO_BP	no_proc_ieg	10098
GOBP_RECEPTOR_CATABOLIC_PROCESS	0.7896299174702853	0.7973484848484849	0.9163203010115242	7/20	SH3GLB1;LAPTM5;CDK5;MTMR2;TGFB1;SMURF1;CAPN1	GLOM	GO_BP	no_proc_ieg	10098
GOBP_MEMBRANE_PROTEIN_PROTEOLYSIS	0.7876447129309274	0.8537074148296593	0.9187812808155719	19/43	TNFRSF1B;PSENEN;ADAM10;TIMP1;PSEN2;TGFB1;TSPAN5;TIMP2;IL1B;P2RX7;ADRA2A;DAG1;NRDC;FURIN;TSPAN15;ADAM17;BACE2;PSEN1;ADAM9	GLOM	GO_BP	no_proc_ieg	10098
GOBP_FOREBRAIN_NEURON_DIFFERENTIATION	0.7875094490490923	0.825187969924812	0.9184726608821486	5/31	CSF1R;LHX5;NRP1;GATA2;SEMA3E	GLOM	GO_BP	no_proc_ieg	10098
GOBP_POSITIVE_REGULATION_OF_LIPASE_ACTIVITY	0.7873810064248228	0.8430583501006036	0.9181539028786901	12/43	CCL5;HTR2B;CD86;SELE;GNA15;C5AR1;AGTR1;RHOC;NR1H3;RHOA;PDGFRB;FGFR3	GLOM	GO_BP	no_proc_ieg	10098
GOBP_G0_TO_G1_TRANSITION	0.7867977264779973	0.7944664031620553	0.9184953385495996	9/26	SMARCD2;SMARCE1;CHEK1;SMARCC2;CDKN2B;SMARCD3;SMARCB1;RRM1;PPP2R5B	GLOM	GO_BP	no_proc_ieg	10098
GOBP_ACUTE_INFLAMMATORY_RESPONSE	0.7863556641039825	0.8832684824902723	0.9186227289532635	11/78	LIPA;FCGR2B;FN1;PRCP;C3;CD163;BTK;NPY5R;EXT1;F8;HLA-E	GLOM	GO_BP	no_proc_ieg	10098
GOBP_NEURON_PROJECTION_REGENERATION	0.7857761558050524	0.8136645962732919	0.9189659903501574	13/42	MAP2K1;FKBP1B;TSPO;MMP2;GRN;TNC;PTN;MATN2;ADM;MAP1B;FLNA;NEO1;DAG1	GLOM	GO_BP	no_proc_ieg	10098
GOBP_INSULIN_SECRETION_INVOLVED_IN_CELLULAR_RESPONSE_TO_GLUCOSE_STIMULUS	0.7855219411272887	0.8222222222222222	0.9188303419908705	5/44	NADK;UCP2;HLA-DRB1;FKBP1B;TRPM4	GLOM	GO_BP	no_proc_ieg	10098
GOBP_CELL_FATE_SPECIFICATION	0.7849014487411791	0.8895238095238095	0.9191989292451825	10/70	GATAD2A;SOX18;SOX17;HDAC1;TBX3;TBX21;TBX1;NRP1;CDON;TBX2	GLOM	GO_BP	no_proc_ieg	10098
GOBP_POSTSYNAPSE_ASSEMBLY	0.7846465958111243	0.8384615384615385	0.919057158030266	6/33	RHOG;LRP4;NLGN4X;LZTS1;PTEN;EPHB2	GLOM	GO_BP	no_proc_ieg	10098
GOBP_LIVER_MORPHOGENESIS	0.7835807722917963	0.7860082304526749	0.9200736632038469	4/19	LIPA;MDK;CEACAM1;PTN	GLOM	GO_BP	no_proc_ieg	10098
GOBP_MICROTUBULE_POLYMERIZATION_OR_DEPOLYMERIZATION	0.7811432348449856	0.898	0.9229922053110978	29/91	MAP1S;PSRC1;TPX2;TUBGCP5;STMN3;SKA1;CDH5;KIF2A;TUBG1;MAPRE2;SSNA1;MAP2;KIF14;TUBA1A;KIF2C;SPAST;MAP1B;DCTN1;NDE1;CSNK1D;MID1;SNCA;MAPRE1;HAUS7;MAP4;ABL1;HAUS6;KIF18A;ZNF207	GLOM	GO_BP	no_proc_ieg	10098
GOBP_CLATHRIN_DEPENDENT_ENDOCYTOSIS	0.7789076646780411	0.8183520599250936	0.9255971617762103	13/36	ITGA4;SIGLEC1;DNM1;FCHO1;PIP5K1C;AP2S1;DGKD;UBQLN2;FCHSD2;AP2A2;AP2M1;CLTA;AP2B1	GLOM	GO_BP	no_proc_ieg	10098
GOBP_MRNA_PROCESSING	0.7782897978546213	0.9825581395348837	0.9259211650521725	101/295	DDX39A;DAZAP1;ADAR;NOVA2;THOC5;CELF2;DCPS;PAF1;DBR1;DDX41;SNRPD3;NCBP2;CLP1;BUD31;USP4;EXOSC10;KHDRBS3;SUGP1;LSM7;GPKOW;LSM1;SF3B5;RBM4B;IK;HNRNPR;SART3;RBM28;CSTF1;ZBTB7A;WDR77;HNRNPUL1;PRPF19;FAM50A;CD2BP2;SYMPK;PUS7;CPSF1;DDX47;ARMC7;CSTF2T;CSDC2;RNASEL;FASTKD5;SNRNP200;PPP1R8;PAPOLG;SRRT;SF3B3;SF1;RBM48;RALY;RBM42;TXNL4A;SNW1;PPIE;TTF2;GEMIN4;RBM10;CDC73;RNF113A;RBFOX2;SMNDC1;UPF1;TFIP11;MFAP1;ZPR1;CSTF2;DDX23;SF3B2;HNRNPM;CBLL1;CASC3;SNIP1;LSM2;PTBP1;PRPF18;THOC6;SNRPB;STRAP;AQR;RBM5;HNRNPA0;RBM19;ARL6IP4;PAPOLB;RSRP1;METTL3;PUS1;PQBP1;CTNNBL1;GPATCH1;ECD;SF3A1;TSSC4;CDK12;PUF60;ZNF473;PCBP4;TENT4A;KIN;XAB2	GLOM	GO_BP	no_proc_ieg	10098
GOBP_POSITIVE_REGULATION_OF_CELL_JUNCTION_ASSEMBLY	0.7778802885135699	0.896484375	0.9259697047262275	12/79	HOPX;BDNF;MAP4K4;FLOT1;KDR;ACVRL1;NRP1;ADGRB3;ITGB1BP1;SRPX2;S100A10;THBS2	GLOM	GO_BP	no_proc_ieg	10098
GOBP_NEGATIVE_REGULATION_OF_PROTEIN_LOCALIZATION_TO_NUCLEUS	0.7771263907160151	0.7869822485207101	0.9265117649971385	3/24	CD36;LILRB4;RAB23	GLOM	GO_BP	no_proc_ieg	10098
GOBP_REGULATION_OF_AUTOPHAGOSOME_ASSEMBLY	0.7768387810255707	0.812	0.9263928405696336	11/33	SH3GLB1;FEZ1;PIP4K2A;EPHB2;UBQLN2;EFNB1;RALB;TRIM32;IFT20;TBC1D12;WDR45	GLOM	GO_BP	no_proc_ieg	10098
GOBP_VESICLE_CYTOSKELETAL_TRAFFICKING	0.7763943599181121	0.8132075471698114	0.9264777435878571	10/37	CDR2L;HTT;AP3M2;TRAK2;KIF1A;TRAK1;MAP2;KIF1C;NDE1;MYO5A	GLOM	GO_BP	no_proc_ieg	10098
GOBP_AMYLOID_BETA_METABOLIC_PROCESS	0.7737338006364248	0.8538011695906432	0.9294983371418657	7/43	PSENEN;ABCA7;EFNA1;CSNK1E;RTN1;PSEN2;RTN2	GLOM	GO_BP	no_proc_ieg	10098
GOBP_CARDIAC_ATRIUM_DEVELOPMENT	0.7719027770701843	0.8260869565217391	0.9314029299430139	7/24	HEY2;SOX4;BMP2;ENG;TGFB2;BMPR2;MYH6	GLOM	GO_BP	no_proc_ieg	10098
GOBP_TRANSPORT_OF_VIRUS	0.7705767125747054	0.8055555555555556	0.9325866452994241	7/16	CAV2;KPNA2;SIGLEC1;NMT2;BST2;DYNLT1;CAV1	GLOM	GO_BP	no_proc_ieg	10098
GOBP_REGULATION_OF_AMINO_ACID_TRANSPORT	0.7701610595914841	0.8445297504798465	0.9326069340809771	6/31	ATP1A2;ARL6IP5;RGS4;NPY5R;SV2A;STXBP1	GLOM	GO_BP	no_proc_ieg	10098
GOBP_GLUCAN_BIOSYNTHETIC_PROCESS	0.7666873380490299	0.8066528066528067	0.9366241063950834	2/26	DYRK2;PPP1R3C	GLOM	GO_BP	no_proc_ieg	10098
GOBP_EMBRYONIC_CRANIAL_SKELETON_MORPHOGENESIS	0.7665712920445779	0.8372549019607843	0.9362458627890619	9/34	TWIST1;CHST11;TBX1;TGFBR2;SLC39A1;TULP3;NDST1;SIX1;MED12	GLOM	GO_BP	no_proc_ieg	10098
GOBP_NEGATIVE_REGULATION_OF_TELOMERE_MAINTENANCE	0.7659310364883175	0.7959183673469388	0.9365547829602832	5/18	TINF2;EXOSC10;ERCC1;NAT10;STN1	GLOM	GO_BP	no_proc_ieg	10098
GOBP_NEGATIVE_REGULATION_OF_STEM_CELL_POPULATION_MAINTENANCE	0.7653320557157755	0.8016194331983806	0.9367854098911106	2/17	SAP30L;HDAC1	GLOM	GO_BP	no_proc_ieg	10098
GOBP_NEUROMUSCULAR_PROCESS	0.7648898454696148	0.9216867469879518	0.936838045769187	26/107	ATP8A2;SYNM;SLC1A3;COMT;TPP1;COMP;TCF15;PTEN;GCH1;HEXB;PDE8B;GLRB;FXN;NPR2;APP;KCNJ2;CLN8;DLG4;TUBA1A;VPS54;UCHL1;DCTN1;MYH7;REM1;VPS35;GAA	GLOM	GO_BP	no_proc_ieg	10098
GOBP_NEURAL_PRECURSOR_CELL_PROLIFERATION	0.7645279345998591	0.9410609037328095	0.9367646929556546	30/119	CX3CR1;VEGFC;SHCBP1;GNG5;LHX5;MELK;MDK;VCAN;CDON;ELL3;GNAI2;GATA2;TGFB1;KCTD13;PTN;ASPM;TOX;KIF14;TMEM14B;MIOS;SMARCD3;RHOA;FLNA;FGF2;NDE1;RRM1;RACGAP1;HAPLN1;LIMS2;IFT20	GLOM	GO_BP	no_proc_ieg	10098
GOBP_POSTSYNAPTIC_SIGNAL_TRANSDUCTION	0.7636848626184021	0.8684719535783365	0.9372927633606045	6/38	LYPD1;GNB1;GNA15;PRKCB;GNAI2;LY6H	GLOM	GO_BP	no_proc_ieg	10098
GOBP_REGULATION_OF_NON_CANONICAL_WNT_SIGNALING_PATHWAY	0.7608672684115638	0.8003992015968064	0.9402571348841189	5/16	CSNK1E;WNT5B;DACT1;CSNK1D;ABL1	GLOM	GO_BP	no_proc_ieg	10098
GOBP_NEGATIVE_REGULATION_OF_REPRODUCTIVE_PROCESS	0.7605388198034168	0.8845360824742268	0.9401565292389763	11/50	ZWINT;PRDX4;CHFR;ARHGDIB;ADA;TIMP1;WDR77;NPR2;SERPINF1;RAD1;TTK	GLOM	GO_BP	no_proc_ieg	10098
GOBP_MULTICELLULAR_ORGANISMAL_MOVEMENT	0.7604445037403661	0.8613861386138614	0.9397640479013382	13/42	ATP8A2;SYNM;COL6A1;COMP;KCNJ2;CLN8;VPS54;MYH7;REM1;VPS35;GAA;GSTO1;TNNI2	GLOM	GO_BP	no_proc_ieg	10098
GOBP_MOTOR_NEURON_APOPTOTIC_PROCESS	0.7599282332745689	0.8176352705410822	0.9398725276101775	6/16	BAX;FAS;FADD;VPS54;RHOA;CRLF1	GLOM	GO_BP	no_proc_ieg	10098
GOBP_REGULATION_OF_MEGAKARYOCYTE_DIFFERENTIATION	0.7597425896874095	0.8237623762376237	0.9395915949409448	4/19	MEF2C;TESC;GATA2;HMGB2	GLOM	GO_BP	no_proc_ieg	10098
GOBP_VESICLE_TARGETING_TO_FROM_OR_WITHIN_GOLGI	0.7585628044745836	0.81	0.9405048818468572	7/25	TMED9;SEC16A;PEF1;TRAPPC4;TRAPPC2;CSNK1D;TMED10	GLOM	GO_BP	no_proc_ieg	10098
GOBP_SINGLE_FERTILIZATION	0.7579816997206041	0.953757225433526	0.9406860739817569	18/92	TRPC6;LHFPL2;MFGE8;ADCY3;KDM5B;COL6A1;CCT8;FOLR2;CCT3;UBXN8;STXBP1;HEXB;CCT4;GLRB;CDK1;HYAL3;NPR2;ABHD2	GLOM	GO_BP	no_proc_ieg	10098
GOBP_REGULATION_OF_CARDIAC_MUSCLE_CONTRACTION_BY_CALCIUM_ION_SIGNALING	0.756167129724638	0.7955911823647295	0.9423472462367186	6/20	ATP1A2;FKBP1B;CALM3;ATP2A2;CLIC2;CALM1	GLOM	GO_BP	no_proc_ieg	10098
GOBP_POST_TRANSCRIPTIONAL_REGULATION_OF_GENE_EXPRESSION	0.7561246844783894	0.9961977186311787	0.9418810366212365	85/311	MYD88;NIBAN1;TNFRSF1B;RPS6KA3;CCL5;PRR16;ADAR;CYFIP1;SOX4;POLR2G;GZMB;SAMD4A;DCPS;CNOT3;EIF3D;PELO;NCBP2;CLP1;PTAFR;ELP3;DNAJC1;LSM1;RC3H2;EIF4G2;TYMS;PIAS4;BZW2;RBM4B;DNAJC3;IKBKE;TARBP2;MKNK1;YTHDF1;TRNAU1AP;SERP1;TGFB1;EIF4G3;RPL10;APP;NAT10;SHMT2;SPOUT1;TRIM3;OGFOD1;PUS7;JMJD4;FOCAD;ELP1;CNOT6;YTHDF2;RPL13A;CSDC2;RNASEL;FASTKD5;IGFBP5;VIM;EIF2B4;ABCE1;ENC1;RPS6KB2;DGCR8;GCN1;PURA;POLDIP3;IFRD2;PPP1CA;EIF2B5;WFS1;MLH1;NEURL1;RBM10;SLC11A1;UPF1;TRAF2;EIF4E2;ITGA2;EIF4G1;CAV1;PABPC4;EIF4EBP2;METTL18;DICER1;NGRN;RPS6KA1;AGO4	GLOM	GO_BP	no_proc_ieg	10098
GOBP_TRANSCRIPTION_BY_RNA_POLYMERASE_III	0.7551673052833309	0.869140625	0.9424736146118294	16/44	POLR2F;POLR3B;GTF3C3;SMARCA5;SNAPC3;RO60;AR;POLR3E;DDX21;SNAPC5;POLR2L;BRF2;POLR3K;POLR3D;POLR2E;SNAPC4	GLOM	GO_BP	no_proc_ieg	10098
GOBP_POSITIVE_REGULATION_OF_MEIOTIC_CELL_CYCLE	0.7507295407200091	0.8336633663366336	0.9471108288326026	4/18	RAD51AP1;MSX1;CDC25B;NPR2	GLOM	GO_BP	no_proc_ieg	10098
GOBP_SENSORY_PERCEPTION_OF_PAIN	0.7504753491659678	0.9022140221402214	0.9468789894434296	9/61	MGLL;CCR2;HOXB8;CDK5;COMT;LXN;SCN9A;TAC1;CXCR4	GLOM	GO_BP	no_proc_ieg	10098
GOBP_MICROTUBULE_DEPOLYMERIZATION	0.7499798123152409	0.8709677419354839	0.9469432385470155	8/32	MAP1S;TPX2;STMN3;KIF2A;KIF14;KIF2C;SPAST;MAP1B	GLOM	GO_BP	no_proc_ieg	10098
GOBP_REGULATION_OF_SPINDLE_ASSEMBLY	0.7499648257611898	0.7884615384615384	0.9464492520483981	3/16	STIL;GPSM2;EML3	GLOM	GO_BP	no_proc_ieg	10098
GOBP_NEURON_PROJECTION_GUIDANCE	0.7497555771308789	0.9732313575525813	0.9461747240909427	32/160	BDNF;CSF1R;CYFIP1;NOVA2;SEMA4C;GATA3;ENAH;SEMA3F;CDK5;EFNA1;NGFR;FEZ1;EFNA4;NRP1;EXT1;YTHDF1;SEMA3E;MATN2;LAMA2;EPHB2;EFNB2;APP;SEMA4F;TUBB2B;LMO4;EFNB1;PTPRM;CDH4;NEO1;CHN1;BMPR2;NCAM1	GLOM	GO_BP	no_proc_ieg	10098
GOBP_MITOCHONDRION_LOCALIZATION	0.7480841296098437	0.8657587548638133	0.9475116973828951	10/35	MAP1S;FEZ1;TRAK2;MEF2A;TRAK1;DNM1L;SPAST;UCHL1;MAP1B;MFN1	GLOM	GO_BP	no_proc_ieg	10098
GOBP_HINDBRAIN_DEVELOPMENT	0.7467671589077387	0.9416498993963782	0.9485182907581563	13/113	MAP2K1;SEMA4C;FCGR2B;LHX5;CDK5;MDK;SCRIB;COMT;CLP1;PLXNA2;EZH2;HOXB2;NLGN4X	GLOM	GO_BP	no_proc_ieg	10098
GOBP_REGULATION_OF_NERVOUS_SYSTEM_PROCESS	0.745158382374444	0.9359223300970874	0.9498128135089808	14/81	TNFRSF1B;MGLL;CST7;GPR35;TYMP;ADRB2;RGS4;NLGN4X;PTEN;JAM2;MTMR2;APP;FIG4;DLG4	GLOM	GO_BP	no_proc_ieg	10098
GOBP_MEMBRANE_LIPID_BIOSYNTHETIC_PROCESS	0.7438367697935452	0.9633204633204633	0.9507695356506733	17/93	ORMDL2;FUT1;ST8SIA4;ELOVL1;ELOVL5;HACD1;ST8SIA1;B4GALT5;DEGS1;GAL3ST4;ST6GALNAC4;ST3GAL2;DPM2;SPTLC2;CLN8;DPM3;P2RX7	GLOM	GO_BP	no_proc_ieg	10098
GOBP_SNRNA_METABOLIC_PROCESS	0.7438195163719045	0.8957055214723927	0.9502756852252787	20/44	POLR3B;NOP10;NHP2;ELL3;EXOSC10;SNAPC3;INTS13;INTS5;INTS1;INTS11;SNAPC5;EXOSC2;EXOSC5;INTS8;EXOSC4;INTS12;SNAPC4;METTL4;ICE1;INTS9	GLOM	GO_BP	no_proc_ieg	10098
GOBP_POSITIVE_REGULATION_OF_G_PROTEIN_COUPLED_RECEPTOR_SIGNALING_PATHWAY	0.7434967004612971	0.845841784989858	0.9501214130050785	4/29	CCL5;TREM2;C3;POMC	GLOM	GO_BP	no_proc_ieg	10098
GOBP_NEGATIVE_REGULATION_OF_SUPRAMOLECULAR_FIBER_ORGANIZATION	0.7433827060223579	0.9530075187969925	0.9497329871702926	19/106	TMSB15A;TWF2;CAPZB;GMFG;EMILIN1;CORO1A;TREM2;PAK2;CAPG;TPX2;LIMA1;PFDN1;CDH5;TMSB10;FLII;F11R;VBP1;TMOD1;MAP2	GLOM	GO_BP	no_proc_ieg	10098
GOBP_POSITIVE_REGULATION_OF_P38MAPK_CASCADE	0.742093026558662	0.8165680473372781	0.9505994174122628	5/20	STK39;BMP2;SPI1;GADD45A;IL1B	GLOM	GO_BP	no_proc_ieg	10098
GOBP_OLIGOSACCHARIDE_BIOSYNTHETIC_PROCESS	0.7411876690208375	0.8346613545816733	0.9510525954557012	4/22	FUT1;FUT4;MGAT2;ST3GAL2	GLOM	GO_BP	no_proc_ieg	10098
GOBP_P38MAPK_CASCADE	0.7408792524655984	0.874	0.9508628460518782	9/39	STK39;TREM2;MAPK11;BMP2;SPI1;GADD45A;PTPN22;IL1B;CYLD	GLOM	GO_BP	no_proc_ieg	10098
GOBP_REGULATION_OF_T_HELPER_17_CELL_DIFFERENTIATION	0.7402561166248501	0.8290766208251473	0.9510120338789216	6/16	ASCL2;TBX21;RC3H2;SMAD7;IL12RB1;BRD4	GLOM	GO_BP	no_proc_ieg	10098
GOBP_MESENCHYMAL_TO_EPITHELIAL_TRANSITION	0.7401652788220345	0.8366533864541833	0.9505870226447263	4/18	GATA3;PELO;BASP1;TCF15	GLOM	GO_BP	no_proc_ieg	10098
GOBP_REGULATION_OF_MACROPHAGE_DERIVED_FOAM_CELL_DIFFERENTIATION	0.7375561024036297	0.8441814595660749	0.9527747970559184	8/26	CD36;AGTR1;PRKCH;MSR1;NR1H3;ABCA1;PPARG;NFKB1	GLOM	GO_BP	no_proc_ieg	10098
GOBP_PHOSPHATIDYLINOSITOL_METABOLIC_PROCESS	0.7368440964180457	0.9695740365111561	0.9530172904301693	25/106	HTR2B;PDGFB;INPP5D;INPP4B;PIP5K1B;PIP4K2A;PITPNM1;PIK3R3;PLEK;PTEN;CDIPT;PIP5K1C;MTMR2;DPM2;DGKE;INPPL1;FIG4;INPP4A;DPM3;MTMR9;INPP5A;PDGFRB;PLCB3;PIK3CG;IP6K1	GLOM	GO_BP	no_proc_ieg	10098
GOBP_REGULATION_OF_FILOPODIUM_ASSEMBLY	0.7366947039525497	0.8707865168539326	0.9526672655207955	8/33	CAPZB;FSCN1;NRP1;DNM3;RALA;EPHB2;ARHGAP44;DPYSL3	GLOM	GO_BP	no_proc_ieg	10098
GOBP_NUCLEOBASE_BIOSYNTHETIC_PROCESS	0.7346021080456658	0.8203592814371258	0.9543122753502642	4/15	HPRT1;ADA;APRT;CTPS1	GLOM	GO_BP	no_proc_ieg	10098
GOBP_DNA_TEMPLATED_TRANSCRIPTION_ELONGATION	0.7329757567664008	0.9539347408829175	0.9553985589967434	33/92	MED28;MED24;CCNK;PAF1;NCBP2;EZH2;ELL3;NELFB;SART3;MED7;MED18;SUPT5H;ADRM1;INTS13;INTS5;SUPT4H1;INTS1;CDC73;POLR1E;MED6;INTS11;NELFE;GTF2H5;BRD4;PARP1;ELP4;INTS8;POLR2E;INTS12;HEXIM1;CTDP1;CDK12;MED20	GLOM	GO_BP	no_proc_ieg	10098
GOBP_POSITIVE_REGULATION_OF_POTASSIUM_ION_TRANSMEMBRANE_TRANSPORT	0.7303535399356473	0.8611111111111112	0.957461423355333	7/23	ATP1B3;KCNMB1;TREM2;KCNH2;KCNJ2;FLNA;KCNN4	GLOM	GO_BP	no_proc_ieg	10098
GOBP_REGULATION_OF_ARP2_3_COMPLEX_MEDIATED_ACTIN_NUCLEATION	0.7299965777398194	0.8612244897959184	0.9572978099787337	2/17	CYFIP1;GMFG	GLOM	GO_BP	no_proc_ieg	10098
GOBP_AXONAL_TRANSPORT	0.7293155275418515	0.9173076923076923	0.9574034560002384	11/43	AP3M2;FEZ1;KIF4A;TRAK2;KIF1A;TRAK1;MAP2;KIF1C;SPAST;UCHL1;DCTN1	GLOM	GO_BP	no_proc_ieg	10098
GOBP_NEGATIVE_REGULATION_OF_CELLULAR_RESPONSE_TO_INSULIN_STIMULUS	0.7283272939517275	0.882	0.9578471023239992	8/33	PTPRE;PTPN2;PRKCB;PIP4K2A;PID1;IL1B;GRB10;RPS6KB2	GLOM	GO_BP	no_proc_ieg	10098
GOBP_NEGATIVE_REGULATION_OF_TUMOR_NECROSIS_FACTOR_MEDIATED_SIGNALING_PATHWAY	0.7267842441569063	0.868421052631579	0.9587795909471623	8/19	CARD8;PTPN2;PIAS4;TRAIP;TNFRSF11B;GAS6;GSTP1;DICER1	GLOM	GO_BP	no_proc_ieg	10098
GOBP_DOUBLE_STRAND_BREAK_REPAIR_VIA_NONHOMOLOGOUS_END_JOINING	0.7234962750856543	0.9258517034068137	0.961404012205338	19/47	DCLRE1C;IFFO1;ZBTB7A;ERCC1;PRPF19;CYREN;HMGB2;SMARCAL1;SETMAR;KMT5B;NHEJ1;MLH1;TFIP11;POLB;PSMD14;WAS;WRAP53;XRCC4;TP53BP1	GLOM	GO_BP	no_proc_ieg	10098
GOBP_MODULATION_OF_EXCITATORY_POSTSYNAPTIC_POTENTIAL	0.7213115601076759	0.9056224899598394	0.9628771720413276	7/32	ADRB2;RGS4;NLGN4X;PTEN;MTMR2;APP;DLG4	GLOM	GO_BP	no_proc_ieg	10098
GOBP_NEUROTRANSMITTER_SECRETION	0.7210280349953647	0.9624765478424016	0.9626022978229494	11/87	SYT11;PPT1;MEF2C;CDK5;SCRIB;PRKCB;MYOF;ATP2A2;SV2A;STXBP1;PIP5K1C	GLOM	GO_BP	no_proc_ieg	10098
GOBP_GLUCOSE_6_PHOSPHATE_METABOLIC_PROCESS	0.7207662721838883	0.8682634730538922	0.9623146329263313	8/24	TIGAR;HK3;PGLS;TKT;HK2;RPIA;G6PD;TALDO1	GLOM	GO_BP	no_proc_ieg	10098
GOBP_NEURAL_NUCLEUS_DEVELOPMENT	0.7206356552011194	0.9319066147859922	0.961923252838202	16/47	SCRIB;SYNGR3;BASP1;HOXB2;SEC16A;CALM3;YWHAH;CALM1;RAD1;RHOA;FGF2;G6PD;HSPA5;CASP5;ACTB;CNP	GLOM	GO_BP	no_proc_ieg	10098
GOBP_FERTILIZATION	0.7206047546288081	0.9862745098039216	0.9614491167314562	21/112	TRPC6;LHFPL2;CLIC4;MFGE8;ADCY3;KDM5B;COL6A1;CCT8;FOLR2;CCT3;UBXN8;STXBP1;BAX;HEXB;CCT4;NR2F2;GLRB;CDK1;HYAL3;NPR2;ABHD2	GLOM	GO_BP	no_proc_ieg	10098
GOBP_PROSTANOID_BIOSYNTHETIC_PROCESS	0.7189537114413665	0.8666666666666667	0.9624231172283129	7/18	PLA2G4A;PTGS1;TBXAS1;IL1B;CD74;HPGDS;PLA2G10	GLOM	GO_BP	no_proc_ieg	10098
GOBP_MIRNA_PROCESSING	0.7189361873962302	0.9087378640776699	0.9619260748691034	15/31	ADAR;NCBP2;TARBP2;TGFB1;DROSHA;SPOUT1;SRRT;DGCR8;NUP155;DICER1;AGO4;SNIP1;TUT7;ZMPSTE24;METTL3	GLOM	GO_BP	no_proc_ieg	10098
GOBP_POSITIVE_REGULATION_OF_NOTCH_SIGNALING_PATHWAY	0.71739495480735	0.885480572597137	0.9627926116298334	5/24	NOD2;JAG2;ACVRL1;ITGB1BP1;TSPAN5	GLOM	GO_BP	no_proc_ieg	10098
GOBP_NEGATIVE_REGULATION_OF_SIGNALING_RECEPTOR_ACTIVITY	0.7160706834854811	0.8601694915254238	0.9634928267661323	5/15	LILRB4;EPHB2;CBL;PPARG;CRHBP	GLOM	GO_BP	no_proc_ieg	10098
GOBP_SENSORY_PERCEPTION_OF_TEMPERATURE_STIMULUS	0.7152681417606318	0.8579654510556622	0.9636442204833275	4/21	COMT;LXN;SCN9A;CXCR4	GLOM	GO_BP	no_proc_ieg	10098
GOBP_REGULATION_OF_SUBSTRATE_ADHESION_DEPENDENT_CELL_SPREADING	0.7128986480212461	0.9289719626168225	0.9651640292257774	8/51	GBP1;ARPC2;CORO1C;MDK;NRP1;POSTN;ITGB1BP1;S100A10	GLOM	GO_BP	no_proc_ieg	10098
GOBP_MYOBLAST_PROLIFERATION	0.7110262445003827	0.8702594810379242	0.9662276550925213	1/18	FGR	GLOM	GO_BP	no_proc_ieg	10098
GOBP_PIGMENT_CELL_DIFFERENTIATION	0.7109329486408406	0.8693069306930693	0.9657999817821089	12/26	MEF2C;RAB32;KITLG;GNA11;RAB38;SOD2;MREG;ZEB2;ANKRD27;CD63;USP13;OR51E2	GLOM	GO_BP	no_proc_ieg	10098
GOBP_REGULATION_OF_NEURON_DIFFERENTIATION	0.7104836999527878	0.9920948616600791	0.965648288579086	31/129	HEY2;GPRC5B;GDF11;ECT2;MEF2C;BMP2;S1PR5;PBX1;CDON;LSM1;TCF4;HEY1;MMD;YWHAH;GATA2;ASPM;APP;RHOA;ETV5;MAP1B;FGF2;LTK;GSK3B;TRIM32;SPAG9;GDPD5;LBX1;WDR62;EIF4G1;SIX1;NREP	GLOM	GO_BP	no_proc_ieg	10098
GOBP_CELL_PROLIFERATION_INVOLVED_IN_HEART_MORPHOGENESIS	0.7104417502188063	0.875	0.9651658271798813	4/17	GNG5;TBX3;ENG;TGFBR2	GLOM	GO_BP	no_proc_ieg	10098
GOBP_GLOMERULAR_EPITHELIUM_DEVELOPMENT	0.7078489242294456	0.8943248532289628	0.9668355479835445	5/24	PECAM1;BASP1;IQGAP1;EXT1;CD34	GLOM	GO_BP	no_proc_ieg	10098
GOBP_TELOMERE_MAINTENANCE_IN_RESPONSE_TO_DNA_DAMAGE	0.7075502803969795	0.8972332015810277	0.9665802415387477	11/20	MCRS1;ERCC1;RUVBL1;TFPT;ACD;PPP1CA;ACTR8;TFIP11;RUVBL2;ACTR5;CDK2	GLOM	GO_BP	no_proc_ieg	10098
GOBP_CELLULAR_RESPONSE_TO_HEAT	0.7063135988312129	0.9274509803921569	0.9670473730443122	5/43	TCIM;HTRA2;CXCL10;ST8SIA1;VCP	GLOM	GO_BP	no_proc_ieg	10098
GOBP_SYNAPTIC_VESICLE_LOCALIZATION	0.7016177019280423	0.912	0.9702395762254942	7/35	PCDH17;CDK5;AP3M2;DNM3;DNM1;PTEN;MAP2	GLOM	GO_BP	no_proc_ieg	10098
GOBP_MESODERM_DEVELOPMENT	0.69961058218961	0.9841897233201581	0.9712571190714501	13/89	HCK;GDF11;NCLN;IKZF1;CTDNEP1;TBX3;SECTM1;TBX1;BTK;EXT1;TCF15;ETV2;MEST	GLOM	GO_BP	no_proc_ieg	10098
GOBP_MITOCHONDRIAL_RNA_METABOLIC_PROCESS	0.6993761777105528	0.9076923076923077	0.9709352176252779	10/31	YARS2;THAP11;ELAC2;TWNK;FASTKD5;MRPL12;GARS1;FASTKD1;PUS1;METTL4	GLOM	GO_BP	no_proc_ieg	10098
GOBP_NEGATIVE_REGULATION_OF_RECEPTOR_MEDIATED_ENDOCYTOSIS	0.6973723770909275	0.8966861598440545	0.9718818443070847	7/22	RIN3;SDCBP;MTMR2;DLG4;UBQLN2;APOC1;LRPAP1	GLOM	GO_BP	no_proc_ieg	10098
GOBP_NEURON_PROJECTION_ARBORIZATION	0.6957371843538183	0.9014675052410901	0.9725838536309688	6/20	NRP1;PTN;SSNA1;DLG4;TUBA1A;DVL3	GLOM	GO_BP	no_proc_ieg	10098
GOBP_REGULATION_OF_HETEROTYPIC_CELL_CELL_ADHESION	0.6943118943923329	0.8800738007380073	0.9731451451682988	6/19	FLOT1;CD44;LCK;IL1B;FLOT2;IL1RN	GLOM	GO_BP	no_proc_ieg	10098
GOBP_DNA_STRAND_ELONGATION	0.693613225736724	0.9148936170212766	0.9731397663099048	11/25	PCNA;POLE3;MCRS1;RUVBL1;TFPT;RFC4;ACTR8;LIG3;RUVBL2;MCM4;ACTR5	GLOM	GO_BP	no_proc_ieg	10098
GOBP_EMBRYONIC_APPENDAGE_MORPHOGENESIS	0.6930092720986724	0.9719101123595506	0.9730351025672734	21/88	TWIST1;GNA12;CHST11;HDAC1;TBX3;MSX1;PBX1;LRP4;TBX2;BAX;CYP26B1;GREM1;TGFB2;HOXA11;ALDH1A2;TULP3;ACD;ALX4;HDAC2;LEF1;HOXA10	GLOM	GO_BP	no_proc_ieg	10098
GOBP_REGULATION_OF_DNA_TEMPLATED_TRANSCRIPTION_ELONGATION	0.6883048665574178	0.9674329501915708	0.975780272118494	30/70	MED28;MED24;CCNK;NCBP2;EZH2;ELL3;NELFB;MED7;MED18;SUPT5H;INTS13;INTS5;SUPT4H1;INTS1;CDC73;MED6;INTS11;NELFE;BRD4;PARP1;INTS8;INTS12;HEXIM1;CDK12;MED20;INTS9;MED8;MED25;NELFA;SIRT6	GLOM	GO_BP	no_proc_ieg	10098
GOBP_PROSTATE_GLAND_MORPHOGENESIS	0.6871764204041183	0.9015748031496063	0.9760182511313734	3/20	CRIP1;MMP2;TNC	GLOM	GO_BP	no_proc_ieg	10098
GOBP_EPHRIN_RECEPTOR_SIGNALING_PATHWAY	0.6869974618099144	0.9442379182156134	0.9756306742547884	12/43	EFNA1;MMP2;EFNA4;EPHB4;EPHB2;EFNB2;EFNB1;CHN1;CRK;MMP9;EFNB3;EFNA2	GLOM	GO_BP	no_proc_ieg	10098
GOBP_RESPONSE_TO_ELECTRICAL_STIMULUS	0.6850652747617714	0.9377593360995851	0.976384995897853	4/31	CD14;CYFIP1;MMP2;PTEN	GLOM	GO_BP	no_proc_ieg	10098
GOBP_MUSCLE_HYPERTROPHY_IN_RESPONSE_TO_STRESS	0.6847058218437295	0.8980769230769231	0.9760949053654957	10/22	HEY2;EZH2;ATP2A2;PPARG;ATP2B4;HDAC4;MYH7;MYH6;LMNA;INPP5F	GLOM	GO_BP	no_proc_ieg	10098
GOBP_NEGATIVE_REGULATION_OF_DNA_BIOSYNTHETIC_PROCESS	0.6830680897985303	0.8964059196617337	0.9766402789732908	5/21	TINF2;EXOSC10;CHEK1;NAT10;STN1	GLOM	GO_BP	no_proc_ieg	10098
GOBP_PHOSPHATIDYLINOSITOL_3_PHOSPHATE_BIOSYNTHETIC_PROCESS	0.6804292614882536	0.896414342629482	0.9777950228340772	7/18	INPP4B;PIK3R3;FIG4;INPP4A;PIK3CG;PIK3CD;SYNJ1	GLOM	GO_BP	no_proc_ieg	10098
GOBP_VESICLE_TARGETING	0.6798822576329572	0.9517625231910947	0.9776462312616712	12/44	TMED9;SCRIB;SEC16A;PEF1;SNAP29;TRAPPC4;EXOC1;TRAPPC2;CSNK1D;YKT6;EXOC5;TMED10	GLOM	GO_BP	no_proc_ieg	10098
GOBP_EPITHELIAL_CELL_MORPHOGENESIS	0.6797067902059398	0.9007782101167315	0.9772373848020676	5/18	SIPA1;CLIC4;PLOD3;FLNB;AR	GLOM	GO_BP	no_proc_ieg	10098
GOBP_CELL_VOLUME_HOMEOSTASIS	0.6788662977431136	0.9178356713426854	0.9772608662388327	7/21	GPRC5B;STK39;SCT;CCDC51;P2RX7;KCNN4;SLC12A4	GLOM	GO_BP	no_proc_ieg	10098
GOBP_POSITIVE_REGULATION_OF_COLLAGEN_METABOLIC_PROCESS	0.6786878128127168	0.9106796116504854	0.9768526503127417	13/21	ENG;TGFB1;VIM;WNT4;HDAC2;ITGA2;AMELX;RUNX1;BMP4;F2R;RGCC;LARP6;MYB	GLOM	GO_BP	no_proc_ieg	10098
GOBP_RESPONSE_TO_ATP	0.6786650399793378	0.9317697228144989	0.9763555368473288	7/26	TRPM4;NT5E;IL1B;PANX1;P2RX7;P2RY2;P2RX4	GLOM	GO_BP	no_proc_ieg	10098
GOBP_POSITIVE_REGULATION_OF_AMIDE_METABOLIC_PROCESS	0.6735842617379181	0.900390625	0.9789276717271358	6/18	EFNA1;CSNK1E;SP1;CLU;CASP3;RELA	GLOM	GO_BP	no_proc_ieg	10098
GOBP_INTRACELLULAR_ESTROGEN_RECEPTOR_SIGNALING_PATHWAY	0.6735500694324353	0.947265625	0.9784340751942564	9/36	CARM1;BRCA1;DDRGK1;LBH;KMT2D;AR;SKP2;VPS11;RBFOX2	GLOM	GO_BP	no_proc_ieg	10098
GOBP_FIBROBLAST_GROWTH_FACTOR_RECEPTOR_SIGNALING_PATHWAY	0.6730998954295572	0.9653846153846154	0.9781770730753234	8/57	SHCBP1;GATA3;GPC1;NGFR;IQGAP1;TBX2;EXT1;FIBP	GLOM	GO_BP	no_proc_ieg	10098
GOBP_NEGATIVE_REGULATION_OF_GLIOGENESIS	0.6713817770700744	0.9395161290322581	0.9786748120577625	3/29	ASCL2;TREM2;TSPO	GLOM	GO_BP	no_proc_ieg	10098
GOBP_LUNG_CELL_DIFFERENTIATION	0.6712969080149553	0.9313725490196079	0.9782089070879826	5/27	COL6A1;PPP3R1;AGR2;CREB1;LTA4H	GLOM	GO_BP	no_proc_ieg	10098
GOBP_VESICLE_TARGETING_ROUGH_ER_TO_CIS_GOLGI	0.6688173416200989	0.897029702970297	0.9791286385039266	6/19	SEC16A;PEF1;TRAPPC4;TRAPPC2;CSNK1D;TMED10	GLOM	GO_BP	no_proc_ieg	10098
GOBP_NEGATIVE_REGULATION_OF_MAP_KINASE_ACTIVITY	0.6671090879831639	0.9498069498069498	0.9795570435447033	8/32	CD300A;BMP2;DUSP7;PTPN22;IL1B;UCHL1;PPARG;HYAL2	GLOM	GO_BP	no_proc_ieg	10098
GOBP_MITOTIC_RECOMBINATION	0.6650037021906546	0.8961538461538462	0.9801780226206326	6/18	TEP1;RAD51;XRCC3;ERCC1;BRCA2;MLH1	GLOM	GO_BP	no_proc_ieg	10098
GOBP_NEGATIVE_REGULATION_OF_TELOMERE_MAINTENANCE_VIA_TELOMERE_LENGTHENING	0.6646929594688666	0.9195876288659793	0.9798447930305466	4/15	TINF2;EXOSC10;NAT10;STN1	GLOM	GO_BP	no_proc_ieg	10098
GOBP_POSITIVE_REGULATION_OF_FAT_CELL_DIFFERENTIATION	0.6638532733501381	0.974	0.979775586032157	13/45	CARM1;CEBPA;SNAI2;TRPM4;BMP2;CREB1;PPARD;PPARG;FRZB;AAMDC;STK4;SIX1;CMKLR1	GLOM	GO_BP	no_proc_ieg	10098
GOBP_NEGATIVE_REGULATION_OF_DEPHOSPHORYLATION	0.6603579284456979	0.9013806706114399	0.9811924801824979	7/17	YWHAB;NCKAP1L;IQGAP1;PPP1R8;GSK3B;PTPA;SWAP70	GLOM	GO_BP	no_proc_ieg	10098
GOBP_POSITIVE_REGULATION_OF_CILIUM_ASSEMBLY	0.6591041407736583	0.9211045364891519	0.9812850935011554	7/21	HTT;WRAP73;ASAP1;GSK3B;CROCC;CEP135;IFT20	GLOM	GO_BP	no_proc_ieg	10098
GOBP_POSITIVE_REGULATION_OF_AUTOPHAGOSOME_ASSEMBLY	0.6578293054114487	0.9072978303747534	0.9814199414006112	5/15	SH3GLB1;PIP4K2A;RALB;TRIM32;WDR45	GLOM	GO_BP	no_proc_ieg	10098
GOBP_REGULATION_OF_CELL_MATURATION	0.6553644481504964	0.9174484052532833	0.9821290073976431	4/16	AURKA;CLEC7A;NPR2;KIF14	GLOM	GO_BP	no_proc_ieg	10098
GOBP_EMBRYO_IMPLANTATION	0.6545269846296534	0.9611650485436893	0.982036201371538	9/43	ARHGDIB;MMP2;EMP2;TIMP1;PCSK5;SMURF2;TRO;IL1B;PPARD	GLOM	GO_BP	no_proc_ieg	10098
GOBP_PITUITARY_GLAND_DEVELOPMENT	0.6538683459581566	0.944	0.9818346449635416	7/33	BMP2;SRD5A1;GATA2;CREB1;FGF2;ALDH1A2;WNT4	GLOM	GO_BP	no_proc_ieg	10098
GOBP_POSITIVE_REGULATION_OF_DNA_TEMPLATED_TRANSCRIPTION_ELONGATION	0.6518573298440634	0.9572815533980582	0.9823132371642018	5/44	MED28;MED24;CCNK;NCBP2;ELL3	GLOM	GO_BP	no_proc_ieg	10098
GOBP_POSITIVE_REGULATION_OF_DOUBLE_STRAND_BREAK_REPAIR	0.6428554527091932	0.9811676082862524	0.9859694837869288	20/61	RAD51AP1;SMARCD2;SMARCE1;FOXM1;SMARCC2;PIAS4;MRGBP;RUVBL1;SMARCD3;SMARCB1;SKP2;SETMAR;KMT5B;EP400;ACTB;PARP1;RUVBL2;WAS;WRAP53;UBE2V2	GLOM	GO_BP	no_proc_ieg	10098
GOBP_POSITIVE_REGULATION_OF_JUN_KINASE_ACTIVITY	0.6397020652349173	0.9394572025052192	0.9868073076367369	4/20	MAP3K11;TRAF6;CCL19;TAOK3	GLOM	GO_BP	no_proc_ieg	10098
GOBP_NEGATIVE_REGULATION_OF_CATION_CHANNEL_ACTIVITY	0.6388493205165467	0.9477911646586346	0.9866458731625393	7/21	GPR35;CALM3;CLIC2;CALM1;GSTO1;MMP9;CAV1	GLOM	GO_BP	no_proc_ieg	10098
GOBP_EPIDERMIS_MORPHOGENESIS	0.6358074787552621	0.9425742574257425	0.987423576152233	6/20	NGFR;EXT1;SOSTDC1;PLOD3;TGFB2;IGFBP5	GLOM	GO_BP	no_proc_ieg	10098
GOBP_TRANSCRIPTION_PREINITIATION_COMPLEX_ASSEMBLY	0.6342693484508262	0.9815573770491803	0.9875378786111086	13/47	MED28;MED24;TAF11;TAF4;UBTF;MED7;SMARCB1;TAF10;MED18;TAF12;POLR1E;DR1;MED6	GLOM	GO_BP	no_proc_ieg	10098
GOBP_REGULATION_OF_T_CELL_DIFFERENTIATION_IN_THYMUS	0.6285098898409529	0.9287054409005628	0.9892719267177358	5/17	PTPN2;ADA;TOX;IL7R;IL2RG	GLOM	GO_BP	no_proc_ieg	10098
GOBP_CELL_DIFFERENTIATION_IN_HINDBRAIN	0.6277968417944689	0.9313725490196079	0.9889982720741926	2/15	LHX5;GATA2	GLOM	GO_BP	no_proc_ieg	10098
GOBP_MICROTUBULE_NUCLEATION	0.6206010601355737	0.9689922480620154	0.9910680470697313	9/28	TPX2;TUBGCP5;TUBG1;SSNA1;DCTN1;NDE1;CSNK1D;HAUS7;HAUS6	GLOM	GO_BP	no_proc_ieg	10098
GOBP_SKELETAL_MUSCLE_CONTRACTION	0.618281013413197	0.9607843137254902	0.9913213449594465	2/29	ATP8A2;SYNM	GLOM	GO_BP	no_proc_ieg	10098
GOBP_GLYCOLIPID_BIOSYNTHETIC_PROCESS	0.6173582925049883	0.9861932938856016	0.9911138349820934	8/54	FUT1;ST8SIA4;ST8SIA1;B4GALT5;GAL3ST4;ST6GALNAC4;ST3GAL2;DPM2	GLOM	GO_BP	no_proc_ieg	10098
GOBP_ORGAN_INDUCTION	0.6141868424393806	0.9549180327868853	0.9916741035760315	10/17	BMP2;FGF2;HOXA11;AR;SIX1;SPRY1;ROBO1;BMP4;FGFR1;DKK1	GLOM	GO_BP	no_proc_ieg	10098
GOBP_EXIT_FROM_MITOSIS	0.6109747258276915	0.9517102615694165	0.9921613328081641	11/21	TGFB1;UBE2C;SPAST;CHMP2A;KNTC1;CTDP1;ZW10;PHB2;CHMP7;NEUROG1;RGCC	GLOM	GO_BP	no_proc_ieg	10098
GOBP_REGULATION_OF_LYSOSOMAL_LUMEN_PH	0.6051044371073437	0.9566074950690335	0.9933849428968753	4/20	PPT1;TASL;GRN;ATP6V0B	GLOM	GO_BP	no_proc_ieg	10098
GOBP_LIGAND_GATED_ION_CHANNEL_SIGNALING_PATHWAY	0.6041865966338281	0.966789667896679	0.9931164750090306	5/23	MEF2C;APP;GNA11;F2RL2;FFAR2	GLOM	GO_BP	no_proc_ieg	10098
GOBP_IONOTROPIC_GLUTAMATE_RECEPTOR_SIGNALING_PATHWAY	0.602918143938189	0.9521988527724665	0.9929493429127602	1/17	MEF2C	GLOM	GO_BP	no_proc_ieg	10098
GOBP_GLANDULAR_EPITHELIAL_CELL_DIFFERENTIATION	0.6018429218004901	0.9937369519832986	0.992735896706764	11/53	GDF11;BMP2;AGR2;EXT1;CDK6;GATA2;WDR77;PGR;FGF2;GSK3B;WNT4	GLOM	GO_BP	no_proc_ieg	10098
GOBP_MESENCHYMAL_CELL_PROLIFERATION	0.6015807386541093	0.9721669980119284	0.9923035516676563	6/36	KDR;MSX1;BMP2;TBX1;TBX2;TGFBR2	GLOM	GO_BP	no_proc_ieg	10098
GOBP_LYSOSOMAL_LUMEN_ACIDIFICATION	0.5997223634450575	0.9454191033138402	0.9922798507680073	5/16	PPT1;GRN;ATP6V0B;ATP6AP1;TMEM106B	GLOM	GO_BP	no_proc_ieg	10098
GOBP_INNERVATION	0.5992207154170246	0.949119373776908	0.9918980374163331	3/16	ITGA4;NRP1;NPR2	GLOM	GO_BP	no_proc_ieg	10098
GOBP_SYNAPTIC_VESICLE_TRANSPORT	0.5983686562057546	0.9725490196078431	0.9916225704976066	4/25	CDK5;AP3M2;DNM3;DNM1	GLOM	GO_BP	no_proc_ieg	10098
GOBP_BASE_EXCISION_REPAIR	0.5956110156752219	0.9770992366412213	0.9918328074385582	3/31	PCNA;RPA2;SMUG1	GLOM	GO_BP	no_proc_ieg	10098
GOBP_RNA_3_END_PROCESSING	0.588181524111461	0.996	0.9931430469129663	25/56	PAF1;NCBP2;CLP1;EXOSC10;CSTF1;CPSF1;CSTF2T;ELAC2;PAPOLG;INTS5;INTS1;CDC73;CSTF2;EXOSC2;TUT7;EXOSC5;INTS8;PAPOLB;EXOSC4;INTS12;RPS21;ZNF473;FBL;TENT4A;INTS9	GLOM	GO_BP	no_proc_ieg	10098
GOBP_TRNA_METHYLATION	0.5858327990958299	0.9631067961165048	0.9932161893761502	2/21	WDR4;TRMT1	GLOM	GO_BP	no_proc_ieg	10098
GOBP_NEGATIVE_REGULATION_OF_NEURON_DIFFERENTIATION	0.57878767688612	0.9980119284294234	0.9942437447164381	6/47	GDF11;PBX1;LSM1;HEY1;ASPM;APP	GLOM	GO_BP	no_proc_ieg	10098
GOBP_PROTEIN_K11_LINKED_UBIQUITINATION	0.5720898693326266	0.9694501018329938	0.9950560254369037	6/22	FZR1;UBE2C;CDC27;UBE2A;AREL1;ANAPC15	GLOM	GO_BP	no_proc_ieg	10098
GOBP_NEGATIVE_REGULATION_OF_DNA_RECOMBINATION	0.5658906469856578	0.9885057471264368	0.9956682074548078	9/26	PARPBP;H1-1;H1-0;MLH1;H1-10;H1-2;ABL1;H1-4;TP53BP1	GLOM	GO_BP	no_proc_ieg	10098
GOBP_REGULATION_OF_PROTEIN_NEDDYLATION	0.5621978191043492	0.9612244897959183	0.9957838488671524	15/15	COPS5;COPS6;COPS7A;EPAS1;RPL5;RPL11;COPS8;COPS2;COPS3;HIF1A;GPS1;COPS7B;DCUN1D4;DCUN1D2;COPS4	GLOM	GO_BP	no_proc_ieg	10098
GOBP_RIBOSOME_ASSEMBLY	0.5612804797153732	0.9898167006109979	0.9954413570742413	18/35	RRP7A;RPS19;RPL10;NIP7;ERAL1;NGRN;DDX28;MRPS7;RPL10L;NLE1;MRM2;NOP2;EFL1;RRS1;RPL5;RPL11;MTERF3;XRCC5	GLOM	GO_BP	no_proc_ieg	10098
GOBP_PURINE_NUCLEOBASE_METABOLIC_PROCESS	0.5538558165395026	0.9803921568627451	0.9961305046205493	3/16	HPRT1;ADA;APRT	GLOM	GO_BP	no_proc_ieg	10098
GOBP_MICROTUBULE_POLYMERIZATION	0.5371613290627115	1.0	0.9978799084473037	19/67	PSRC1;TPX2;TUBGCP5;CDH5;TUBG1;SSNA1;MAP2;TUBA1A;MAP1B;DCTN1;NDE1;CSNK1D;SNCA;MAPRE1;HAUS7;MAP4;ABL1;HAUS6;ZNF207	GLOM	GO_BP	no_proc_ieg	10098
GOBP_CELL_DIFFERENTIATION_INVOLVED_IN_METANEPHROS_DEVELOPMENT	0.5370236363122156	0.9836734693877551	0.997381965191922	6/20	PDGFB;CD34;GREM1;WNT4;LAMB2;NPHS2	GLOM	GO_BP	no_proc_ieg	10098
GOBP_RRNA_METHYLATION	0.5304211764978901	0.9881422924901185	0.9976376012110129	11/19	DIMT1;EMG1;MRM3;FBL;FTSJ3;MRM2;NOP2;NSUN3;TRMT112;TFB1M;NSUN5P1	GLOM	GO_BP	no_proc_ieg	10098
GOBP_RIBOSOME_DISASSEMBLY	0.5207668351871085	0.9920477137176938	0.9981000645199585	8/26	PELO;DDRGK1;ABCE1;MCTS1;GCN1;SKIC2;EIF4E2;ANKZF1	GLOM	GO_BP	no_proc_ieg	10098
GOBP_PROSTAGLANDIN_SECRETION	0.5179591417765769	0.98989898989899	0.9978501267002404	7/17	PLA2G4A;IL1B;P2RX7;P2RX4;PLA2G10;TNFRSF11A;EDN1	GLOM	GO_BP	no_proc_ieg	10098
GOBP_RNA_METHYLATION	0.4929386298065619	1.0	0.9991685037729894	48/48	SNRPD3;WDR4;TRMT1;DIMT1;EMG1;SNRPB;MRM3;METTL3;FBL;FTSJ3;MRM2;NOP2;NSUN3;LCMT2;TRMT112;TFB1M;SNRPF;NSUN5P1;THADA;TRMT61A;HSD17B10;BUD23;SNRPD2;TRMT5;DALRD3;METTL8;MTO1;LARP7;TARBP1;METTL16;MEPCE;TRMT61B;TRMT2B;TRDMT1;MRM1;THUMPD2;ZCCHC4;SNRPD1;WDR6;TRMT1L;TGS1;RNMT;TRMT9B;GTPBP3;RBM15B;METTL25B;METTL1;TFB2M	GLOM	GO_BP	no_proc_ieg	10098
GOBP_TRANSLATIONAL_ELONGATION	0.48172103676201034	0.998062015503876	0.9992727418123847	20/44	PELO;DDRGK1;TRNAU1AP;ABCE1;GCN1;SKIC2;EIF4E2;METTL18;ANKZF1;SARS1;TUFM;EIF5A2;ASCC3;EEF1D;AARS1;EEF2;MRPL58;RACK1;EFL1;EIF4A3	GLOM	GO_BP	no_proc_ieg	10098
GOBP_REGULATION_OF_JUN_KINASE_ACTIVITY	0.47981618731962616	1.0	0.9988653177977329	5/30	MAP3K11;TRAF6;CCL19;PTPN22;TAOK3	GLOM	GO_BP	no_proc_ieg	10098
GOBP_COPPER_ION_HOMEOSTASIS	0.45535977610682526	0.9979879275653923	0.9993157640876275	7/16	CCDC22;APP;SCO2;ABCB6;SLC31A1;CP;XIAP	GLOM	GO_BP	no_proc_ieg	10098
GOBP_CYTOCHROME_COMPLEX_ASSEMBLY	0.4474937888110417	0.9957264957264957	0.9990312451789134	4/15	TMEM223;CYBA;SCO2;COA1	GLOM	GO_BP	no_proc_ieg	10098
GOBP_RETROGRADE_AXONAL_TRANSPORT	-0.4255453377989353	0.9979123173277662	0.9994696962570668	5/15	NDEL1;DLG2;HAP1;DST;KIF5A	GLOM	GO_BP	no_proc_ieg	10098
GOBP_KERATAN_SULFATE_METABOLIC_PROCESS	-0.4534235131930528	0.9960707269155207	0.9995403502562038	7/15	CHST5;CHST1;B3GNT3;ST3GAL4;B3GNT4;ST3GAL6;B4GALT4	GLOM	GO_BP	no_proc_ieg	10098
GOBP_REGULATION_OF_ANIMAL_ORGAN_FORMATION	-0.48416091576805415	0.9922330097087378	0.9989729420430093	5/20	FGF1;FRS2;CTNNB1;BMP7;WT1	GLOM	GO_BP	no_proc_ieg	10098
GOBP_CENTRAL_NERVOUS_SYSTEM_PROJECTION_NEURON_AXONOGENESIS	-0.49369442834531085	0.9922330097087378	0.9990857735634897	10/18	TSKU;SPTBN4;CHRNB2;SPG11;NR2E1;EPHA4;DCC;NFIB;WDR47;EPHB1	GLOM	GO_BP	no_proc_ieg	10098
GOBP_NEURAL_TUBE_PATTERNING	-0.5068140472820528	0.9960861056751468	0.9988969356529818	4/22	PTCH1;GLI3;GPR161;RNF220	GLOM	GO_BP	no_proc_ieg	10098
GOBP_SCF_DEPENDENT_PROTEASOMAL_UBIQUITIN_DEPENDENT_PROTEIN_CATABOLIC_PROCESS	-0.5164148934297599	0.9918200408997955	0.9987674235844863	10/24	FBXO17;FBXO3;FBXO9;FBXW7;CUL5;SKP1;FBXL7;FBXL12;BTRC;FBXW11	GLOM	GO_BP	no_proc_ieg	10098
GOBP_MITOCHONDRIAL_RNA_PROCESSING	-0.5292295062805004	0.9815195071868583	0.998221588792071	16/16	SUPV3L1;FASTKD3;TRMT61B;TRIT1;MTO1;METTL8;TRMT5;FASTKD2;TBRG4;HSD17B10;FASTK;MTPAP;PUS1;FASTKD1;FASTKD5;ELAC2	GLOM	GO_BP	no_proc_ieg	10098
GOBP_ENTEROENDOCRINE_CELL_DIFFERENTIATION	-0.5312177565585144	0.993801652892562	0.9986720871693346	1/24	BMP5	GLOM	GO_BP	no_proc_ieg	10098
GOBP_INTERMEDIATE_FILAMENT_BASED_PROCESS	-0.5359943834257074	1.0	0.9987915971028494	20/64	KRT75;ARHGEF28;KRT81;KRT76;ERBIN;KRT32;NDEL1;KRT86;KRT6B;GFAP;KRT4;KRT83;KRT1;KRT13;KRT33B;DST;KRT38;MACF1;KRT16;KRT37	GLOM	GO_BP	no_proc_ieg	10098
GOBP_MACROMOLECULE_METHYLATION	-0.5494095788215164	1.0	0.9977555329496192	2/73	SETD3;BHMT	GLOM	GO_BP	no_proc_ieg	10098
GOBP_REGULATION_OF_SYNAPTIC_VESICLE_EXOCYTOSIS	-0.5607544015434858	0.9883495145631068	0.9966044384560971	8/28	PREPL;RAB3GAP1;BRAF;RIMS1;CASK;RAB3A;CACNB4;RIMS2	GLOM	GO_BP	no_proc_ieg	10098
GOBP_REGULATION_OF_MICROTUBULE_POLYMERIZATION_OR_DEPOLYMERIZATION	-0.5683472718162688	0.998003992015968	0.9959392317717777	17/66	HDAC6;TOGARAM1;STMN1;CLIP1;PRUNE1;MAP6D1;CLASP1;MET;CLASP2;ATXN7;TRPV4;NAV3;DYRK1A;MAPT;APC2;APC;AKAP9	GLOM	GO_BP	no_proc_ieg	10098
GOBP_TYPE_B_PANCREATIC_CELL_DIFFERENTIATION	-0.5689807798526225	0.9831932773109243	0.996480980377921	1/21	BMP5	GLOM	GO_BP	no_proc_ieg	10098
GOBP_SYNAPTIC_VESICLE_MEMBRANE_ORGANIZATION	-0.5703665935509716	0.9769874476987448	0.99690840385956	2/19	STX2;CPLX3	GLOM	GO_BP	no_proc_ieg	10098
GOBP_VESICLE_CARGO_LOADING	-0.5785351669132744	0.9747081712062257	0.9959916168086843	5/21	AP3B1;CTAGE1;TMED2;CIDEB;MIA3	GLOM	GO_BP	no_proc_ieg	10098
GOBP_SNRNA_3_END_PROCESSING	-0.5807757726731422	0.9610136452241715	0.9962072776679665	16/16	INTS14;TUT1;SAGE1;EXOSC9;TOE1;INTS7;EXOSC7;EXOSC8;INTS9;INTS12;EXOSC4;INTS8;EXOSC5;EXOSC2;INTS1;INTS5	GLOM	GO_BP	no_proc_ieg	10098
GOBP_RESCUE_OF_STALLED_RIBOSOME	-0.5807981847399203	0.9732510288065843	0.9968754634576873	3/22	USP10;GIGYF2;RCHY1	GLOM	GO_BP	no_proc_ieg	10098
GOBP_SNRNA_PROCESSING	-0.5966712557612724	0.9613152804642167	0.9938302801836104	20/20	INTS14;FTO;TUT1;SAGE1;EXOSC9;TOE1;INTS3;INTS7;EXOSC7;EXOSC8;INTS9;INTS12;EXOSC4;INTS8;EXOSC5;EXOSC2;INTS11;INTS1;INTS5;INTS13	GLOM	GO_BP	no_proc_ieg	10098
GOBP_U2_TYPE_PRESPLICEOSOME_ASSEMBLY	-0.5984865956045385	0.9661733615221987	0.9940413481289431	3/17	SF3B4;DDX42;DDX46	GLOM	GO_BP	no_proc_ieg	10098
GOBP_METANEPHRIC_NEPHRON_DEVELOPMENT	-0.6012450707960648	0.9882352941176471	0.9939758089078571	9/30	LGR4;PAX2;SALL1;CTNNB1;WT1;AGTR2;PAX8;SMO;ADIPOQ	GLOM	GO_BP	no_proc_ieg	10098
GOBP_VIRION_ASSEMBLY	-0.6067835965602214	0.9463519313304721	0.993106948128398	1/17	APOE	GLOM	GO_BP	no_proc_ieg	10098
GOBP_TYPE_B_PANCREATIC_CELL_DEVELOPMENT	-0.6090938120727878	0.9490835030549898	0.9931217811823452	1/18	BMP5	GLOM	GO_BP	no_proc_ieg	10098
GOBP_DEVELOPMENTAL_INDUCTION	-0.6107915450984982	0.9694501018329938	0.9932881902778999	5/27	FGF1;FRS2;SALL1;FZD5;CTNNB1	GLOM	GO_BP	no_proc_ieg	10098
GOBP_REGULATORY_NCRNA_PROCESSING	-0.6153426498579962	0.9772727272727273	0.9925197956292309	12/43	TUT4;RIPK1;ZC3H7A;FKBP6;PRKRA;TERT;PIWIL2;DDX5;TSN;LIN28A;SMAD1;SMAD2	GLOM	GO_BP	no_proc_ieg	10098
GOBP_METHYLATION	-0.6166243766249985	0.9978858350951374	0.9927780350896102	24/131	SETD3;BHMT;TPMT;BHMT2;GNMT;GAMT;PRDM4;PRDM5;PRDM1;EEF1AKMT3;KMT2A;TFB2M;METTL1;PNMT;CAMKMT;TRMT11;PRDM9;METTL25B;TMT1A;HNMT;PRDM11;EZH1;PRDM12;PEMT	GLOM	GO_BP	no_proc_ieg	10098
GOBP_NEGATIVE_REGULATION_OF_RNA_SPLICING	-0.6195925768092921	0.9395161290322581	0.9924787922696534	16/16	TMBIM6;PTBP2;DYRK1A;SFSWAP;PTBP3;SRSF6;SRSF4;SRSF10;SRSF7;C1QBP;HNRNPA2B1;U2AF2;PCBP4;PTBP1;RBM10;RBM42	GLOM	GO_BP	no_proc_ieg	10098
GOBP_REGULATORY_NCRNA_MEDIATED_GENE_SILENCING	-0.6219382796662505	1.0	0.9923370936322451	8/66	TUT4;STAU1;NCBP3;RIPK1;ARB2A;ZC3H7A;FKBP6;PRKRA	GLOM	GO_BP	no_proc_ieg	10098
GOBP_REGULATION_OF_CARTILAGE_DEVELOPMENT	-0.6288641556590061	0.978515625	0.9904553693746035	8/46	BMPR1B;BMP10;ZBTB16;SCIN;CTNNB1;GLI3;RARB;GDF5	GLOM	GO_BP	no_proc_ieg	10098
GOBP_CEREBELLAR_PURKINJE_CELL_LAYER_DEVELOPMENT	-0.6294033464311648	0.9344262295081968	0.9909237946181	4/19	RORA;SPTBN2;SLC25A46;KLHL1	GLOM	GO_BP	no_proc_ieg	10098
GOBP_SOMATIC_STEM_CELL_POPULATION_MAINTENANCE	-0.6311511865762203	0.9776876267748479	0.9908940579392413	26/46	BMPR1A;MED21;CDX2;PAX2;KIT;SMC1A;BRAF;MED27;BMP7;PAX8;MED14;REST;SMO;NR2E1;BCL9;CUL4A;SOX9;SIX2;RIF1;SOX2;LDB1;HNF1B;TP63;TAF5L;ZHX2;TAL1	GLOM	GO_BP	no_proc_ieg	10098
GOBP_REGULATION_OF_MICROTUBULE_POLYMERIZATION	-0.6340462793860433	0.9817444219066938	0.9904527312470556	15/42	TOGARAM1;STMN1;CLIP1;PRUNE1;CLASP1;MET;NAV3;DYRK1A;MAPT;AKAP9;NME7;PAK1;MAPRE3;CAMSAP2;CDK5RAP2	GLOM	GO_BP	no_proc_ieg	10098
GOBP_POSITIVE_REGULATION_OF_FATTY_ACID_BIOSYNTHETIC_PROCESS	-0.6347483071875593	0.9386138613861386	0.9908440684034766	6/16	RGN;MLXIPL;AVP;APOA4;ABCD2;KAT2B	GLOM	GO_BP	no_proc_ieg	10098
GOBP_SECRETORY_GRANULE_ORGANIZATION	-0.6349351752190443	0.9681528662420382	0.9914461995925178	2/34	VPS13B;AP3B1	GLOM	GO_BP	no_proc_ieg	10098
GOBP_MAINTENANCE_OF_SYNAPSE_STRUCTURE	-0.636612893491643	0.9322381930184805	0.991449801599735	6/16	ERC1;SHANK2;BSN;DLG1;RAB3A;ERC2	GLOM	GO_BP	no_proc_ieg	10098
GOBP_ANOIKIS	-0.6386320036373483	0.9347826086956522	0.9912693298027854	2/21	BCL2;PDK4	GLOM	GO_BP	no_proc_ieg	10098
GOBP_N_TERMINAL_PROTEIN_AMINO_ACID_MODIFICATION	-0.6392005783520168	0.9261603375527426	0.9917297152119896	7/17	NAA16;PPM1A;AANAT;METAP2;NAA35;PPM1B;KAT2B	GLOM	GO_BP	no_proc_ieg	10098
GOBP_NEGATIVE_REGULATION_OF_CARDIAC_MUSCLE_TISSUE_GROWTH	-0.6441508309226919	0.9046692607003891	0.9902329728256241	5/15	RBP4;RGS2;TBX5;KCNK2;SAV1	GLOM	GO_BP	no_proc_ieg	10098
GOBP_NUCLEAR_TRANSCRIBED_MRNA_CATABOLIC_PROCESS_NONSENSE_MEDIATED_DECAY	-0.6477160417018064	0.9636015325670498	0.9892857438597967	4/31	DCP1A;A1CF;NBAS;SMG7	GLOM	GO_BP	no_proc_ieg	10098
GOBP_RELAXATION_OF_MUSCLE	-0.6486081024744847	0.9410609037328095	0.9895388154032753	6/26	PRKG1;PDE4D;SLC8A1;PDE4B;RGS2;ATP1B1	GLOM	GO_BP	no_proc_ieg	10098
GOBP_NEGATIVE_REGULATION_OF_NEURAL_PRECURSOR_CELL_PROLIFERATION	-0.6522143627896381	0.8945233265720081	0.988460034123837	7/16	SPINT2;PROX1;SLC6A4;SPINT1;SLC16A2;NR2E1;APPL2	GLOM	GO_BP	no_proc_ieg	10098
GOBP_INOSITOL_PHOSPHATE_METABOLIC_PROCESS	-0.6524976694727648	0.9606299212598425	0.989007657339468	4/33	PRKG1;PTH1R;IP6K2;MAS1	GLOM	GO_BP	no_proc_ieg	10098
GOBP_MRNA_3_END_PROCESSING	-0.6550432262236929	0.9384328358208955	0.9884341676918248	9/22	YTHDC1;SLBP;PCF11;CSTF3;TUT1;RPRD1A;CDK9;RPRD2;CPSF7	GLOM	GO_BP	no_proc_ieg	10098
GOBP_NEGATIVE_REGULATION_OF_CHONDROCYTE_DIFFERENTIATION	-0.6552132693187144	0.9183266932270916	0.9890278899286644	5/16	CTNNB1;GLI3;RARB;GDF5;ADAMTS12	GLOM	GO_BP	no_proc_ieg	10098
GOBP_REGULATION_OF_ANOIKIS	-0.6572138061170973	0.9156626506024096	0.988695739581	2/18	BCL2;PDK4	GLOM	GO_BP	no_proc_ieg	10098
GOBP_COCHLEA_MORPHOGENESIS	-0.658453435602407	0.905982905982906	0.9887410887911129	3/15	HPN;PAX2;FZD2	GLOM	GO_BP	no_proc_ieg	10098
GOBP_INTERMEDIATE_FILAMENT_ORGANIZATION	-0.6589406802437945	0.9645833333333333	0.9891835060240326	16/48	KRT75;KRT81;KRT76;KRT32;KRT86;KRT6B;GFAP;KRT4;KRT83;KRT1;KRT13;KRT33B;KRT38;KRT16;KRT37;KRT35	GLOM	GO_BP	no_proc_ieg	10098
GOBP_REGULATION_OF_KIDNEY_DEVELOPMENT	-0.6596914097479605	0.954183266932271	0.9894858166563537	4/28	LGR4;VEGFA;AGT;PAX2	GLOM	GO_BP	no_proc_ieg	10098
GOBP_NEGATIVE_REGULATION_OF_CARTILAGE_DEVELOPMENT	-0.6633470205744724	0.9348659003831418	0.9882675260993027	7/20	CTNNB1;GLI3;RARB;GDF5;ADAMTS12;LEP;NKX3-2	GLOM	GO_BP	no_proc_ieg	10098
GOBP_POSITIVE_REGULATION_OF_EXCITATORY_POSTSYNAPTIC_POTENTIAL	-0.6642263920346467	0.9403578528827038	0.9884876273810497	8/23	PRKCZ;NRXN1;BAIAP2;GRIN2B;RIMS1;CUX2;GRIN1;RIMS2	GLOM	GO_BP	no_proc_ieg	10098
GOBP_INTRA_GOLGI_VESICLE_MEDIATED_TRANSPORT	-0.6681585802582298	0.9133858267716536	0.9869588197390576	5/21	COG7;VTI1B;COPA;GOLGA5;TRAPPC3	GLOM	GO_BP	no_proc_ieg	10098
GOBP_NEGATIVE_REGULATION_OF_ORGANELLE_ASSEMBLY	-0.6712194843212467	0.9550321199143469	0.9858360088273319	5/29	NUPR1;USP10;SMAD4;MAK;CCP110	GLOM	GO_BP	no_proc_ieg	10098
GOBP_ER_NUCLEUS_SIGNALING_PATHWAY	-0.672309333187802	0.9510763209393346	0.9858899489741402	9/34	MBTPS2;EIF2AK3;AMFR;INSIG2;NFE2L2;ERLIN1;ERLIN2;FBXW7;TMED2	GLOM	GO_BP	no_proc_ieg	10098
GOBP_NEGATIVE_REGULATION_OF_SYSTEMIC_ARTERIAL_BLOOD_PRESSURE	-0.673006618296395	0.8882235528942116	0.9861912370126423	8/18	ADRA1A;KL;NPPA;CALCA;CRH;ADRB3;AGTR2;ADRB1	GLOM	GO_BP	no_proc_ieg	10098
GOBP_CYTOPLASMIC_MICROTUBULE_ORGANIZATION	-0.6751465737935683	0.9389002036659878	0.9856116498517349	12/34	EZR;CLIP1;CLASP1;PCM1;AXIN1;TRPV4;TPPP;TUBGCP2;CLIP4;MAPT;DLG1;TUBGCP3	GLOM	GO_BP	no_proc_ieg	10098
GOBP_HOMOLOGOUS_CHROMOSOME_SEGREGATION	-0.677225512909439	0.93	0.9850215022444463	10/35	CCNB1IP1;TEX11;MSH4;DMC1;TERF1;PRDM9;SYCP2;ZCWPW1;CENPC;ESPL1	GLOM	GO_BP	no_proc_ieg	10098
GOBP_REGULATION_OF_EXTRACELLULAR_MATRIX_ASSEMBLY	-0.682720940530592	0.894	0.982187026805916	5/15	AGT;SMAD4;CLASP1;TGFBR3;CLASP2	GLOM	GO_BP	no_proc_ieg	10098
GOBP_FOREBRAIN_GENERATION_OF_NEURONS	-0.6834583467187307	0.9364406779661016	0.9823864231987639	10/39	FGFR2;NDNF;DCT;GLI3;DLX2;PROX1;FOXG1;SECISBP2;ASCL1;UBB	GLOM	GO_BP	no_proc_ieg	10098
GOBP_REGULATION_OF_NEUROTRANSMITTER_SECRETION	-0.6853864449392083	0.96	0.9817494188676876	13/49	PRKN;PREPL;TSPOAP1;KMO;CHRNA3;CPLX3;SLC18A3;RAB3GAP1;BRAF;ASIC1;RIMS1;CASK;RAB3A	GLOM	GO_BP	no_proc_ieg	10098
GOBP_ENDOSOME_TO_LYSOSOME_TRANSPORT	-0.6891123860989357	0.9444444444444444	0.979966034403117	7/39	BIN1;GPRASP1;CACNG5;CDX2;CACNG2;CLEC16A;HMGXB4	GLOM	GO_BP	no_proc_ieg	10098
GOBP_PROTEIN_MONOUBIQUITINATION	-0.6891879257372073	0.9266917293233082	0.9806012777589642	8/31	PRKN;ZC4H2;NEDD4L;RNF220;UBB;ITCH;MSL2;SKP1	GLOM	GO_BP	no_proc_ieg	10098
GOBP_WALKING_BEHAVIOR	-0.6919113815581915	0.9118236472945892	0.9793615199610725	9/26	CHD7;KCNJ10;DRD1;SPTBN4;SCN1A;KLHL1;DAB1;SPG11;TRH	GLOM	GO_BP	no_proc_ieg	10098
GOBP_NEGATIVE_REGULATION_OF_CYTOSKELETON_ORGANIZATION	-0.69339631889449	0.973741794310722	0.9790007169417339	21/100	RDX;PRKN;KANK1;HDAC6;TJP1;VIL1;SPTBN2;DMTN;SPTBN4;STMN1;SCIN;ADD2;MAP6D1;PIK3R1;SMAD4;CLASP1;MET;CLASP2;ATXN7;NAV3;DYRK1A	GLOM	GO_BP	no_proc_ieg	10098
GOBP_MICROTUBULE_ANCHORING	-0.6934626991394386	0.8796680497925311	0.979637228011238	5/17	GCC2;NINL;CLASP1;PCM1;CLASP2	GLOM	GO_BP	no_proc_ieg	10098
GOBP_DETECTION_OF_STIMULUS_INVOLVED_IN_SENSORY_PERCEPTION_OF_PAIN	-0.6991966361132309	0.8689516129032258	0.9761455642849232	7/23	FYN;MMP24;SCN1A;ASIC3;CALCA;PRDM12;PHF24	GLOM	GO_BP	no_proc_ieg	10098
GOBP_FILOPODIUM_ASSEMBLY	-0.7012639702747275	0.9533898305084746	0.9752996654322015	14/44	RAB17;EZR;SPAG6;SRGAP2;DMTN;PIK3R1;ZMYND8;TRPM2;PPP1R16B;STAU2;MYO3A;RIPOR2;TTYH1;GPM6A	GLOM	GO_BP	no_proc_ieg	10098
GOBP_NEGATIVE_REGULATION_OF_MUSCLE_CONTRACTION	-0.7023489676753201	0.8614457831325302	0.9751531954425198	2/19	BIN1;PRKG1	GLOM	GO_BP	no_proc_ieg	10098
GOBP_CHEMICAL_SYNAPTIC_TRANSMISSION_POSTSYNAPTIC	-0.7030446213635293	0.9763779527559056	0.975276505084607	17/78	PRKCZ;MPP2;ABAT;CHRNA3;NRXN1;BAIAP2;MAPK8IP2;P2RX2;SLC8A2;MET;GRIK5;GRIN2B;HTR3A;RAB3GAP1;CHRNB2;ZMYND8;RIMS1	GLOM	GO_BP	no_proc_ieg	10098
GOBP_GLUTAMATE_RECEPTOR_SIGNALING_PATHWAY	-0.7032945220512155	0.9216494845360824	0.9757729359012816	18/38	NECAB2;SLC1A1;FYN;GRIK5;GRIK3;GRIN2B;PLP1;GRM8;GRM1;GRIA4;HOMER1;GRIN1;TRPM1;GRIA3;PRNP;PTK2B;GRID2;GNAQ	GLOM	GO_BP	no_proc_ieg	10098
GOBP_REGULATION_OF_ICOSANOID_SECRETION	-0.7064027501234705	0.8962818003913894	0.9739833820691398	2/20	CYP4A11;CYP4F2	GLOM	GO_BP	no_proc_ieg	10098
GOBP_NEURON_MATURATION	-0.7088434263565051	0.93125	0.9727225656679385	8/38	BCL2;KCNQ3;ACTL6B;SPTBN4;KCNIP2;FEV;RAC3;VSX1	GLOM	GO_BP	no_proc_ieg	10098
GOBP_REGULATION_OF_NEURON_MIGRATION	-0.7093168200282971	0.8997955010224948	0.9730252183058055	6/28	SRGAP2;ULK4;DRD1;UNC5C;GPR173;TNN	GLOM	GO_BP	no_proc_ieg	10098
GOBP_POSTSYNAPTIC_SPECIALIZATION_ORGANIZATION	-0.7098911989886636	0.903353057199211	0.9732314020879596	7/29	PTPRD;SPTBN2;NRXN1;PTPRS;NPTX1;SHANK2;ZMYND8	GLOM	GO_BP	no_proc_ieg	10098
GOBP_POSITIVE_REGULATION_OF_MEMBRANE_PERMEABILITY	-0.7107386519410704	0.8865979381443299	0.9732359249802418	3/25	ACAA2;SLC25A5;EYA2	GLOM	GO_BP	no_proc_ieg	10098
GOBP_NEGATIVE_REGULATION_OF_ION_TRANSMEMBRANE_TRANSPORTER_ACTIVITY	-0.7135177373687899	0.8954918032786885	0.9716255763874273	6/34	HECW1;PRKCE;CALM2;NEDD4L;DRD3;ANK3	GLOM	GO_BP	no_proc_ieg	10098
GOBP_AXO_DENDRITIC_TRANSPORT	-0.7161573710739106	0.9493670886075949	0.9701360392996187	18/52	OPA1;HDAC6;STAU1;AP3B1;RABGEF1;NDEL1;SYBU;TERF2;MAPT;KIF1B;STAU2;SPG11;DLG2;APBA1;MAPK8IP3;HAP1;DST;KIF5A	GLOM	GO_BP	no_proc_ieg	10098
GOBP_LYMPHOID_PROGENITOR_CELL_DIFFERENTIATION	-0.7163101616199734	0.845213849287169	0.9706724955709154	6/18	BCL2;SOS2;KIT;SOS1;ZBTB1;PRKDC	GLOM	GO_BP	no_proc_ieg	10098
GOBP_STEROID_HORMONE_MEDIATED_SIGNALING_PATHWAY	-0.7174040283053815	0.964509394572025	0.9703897265521203	12/100	NR3C2;ESR2;HDAC6;SAFB2;SIRT1;DAB2;PER1;PHB1;ESRRG;CRY2;NCOR1;RXRG	GLOM	GO_BP	no_proc_ieg	10098
GOBP_ESTABLISHMENT_OF_SKIN_BARRIER	-0.7181715843622138	0.8516260162601627	0.9703997040449298	7/22	ALOX12B;STMN1;MET;FA2H;ALOXE3;KRT1;KRT16	GLOM	GO_BP	no_proc_ieg	10098
GOBP_REGULATION_OF_MEMBRANE_PERMEABILITY	-0.7181921021256676	0.9092783505154639	0.9710658580366542	4/40	BCL2;ACAA2;SLC25A5;EYA2	GLOM	GO_BP	no_proc_ieg	10098
GOBP_REGULATION_OF_MORPHOGENESIS_OF_A_BRANCHING_STRUCTURE	-0.7191460915573766	0.9056974459724951	0.9709031704880244	13/40	LGR4;FGFR2;VEGFA;AGT;CTNNB1;ESR1;HOXD13;BMP7;MAP3K13;AGTR2;PAX8;SMO;TACSTD2	GLOM	GO_BP	no_proc_ieg	10098
GOBP_PRESYNAPTIC_MODULATION_OF_CHEMICAL_SYNAPTIC_TRANSMISSION	-0.7241196772040244	0.8626262626262626	0.9671076416374178	3/23	ADCY1;DRD1;CHRM2	GLOM	GO_BP	no_proc_ieg	10098
GOBP_POSITIVE_REGULATION_OF_STEM_CELL_POPULATION_MAINTENANCE	-0.7271632353125551	0.9103869653767821	0.9649127243948432	4/34	SMARCC1;BCL7A;ACTL6B;ING2	GLOM	GO_BP	no_proc_ieg	10098
GOBP_NEGATIVE_REGULATION_OF_BMP_SIGNALING_PATHWAY	-0.7279238459417758	0.8956692913385826	0.9648579215611004	9/36	CER1;TMEM53;LRP2;TOB1;HTRA1;TRIM33;SPART;GREM2;PPM1A	GLOM	GO_BP	no_proc_ieg	10098
GOBP_POSITIVE_REGULATION_OF_DNA_TEMPLATED_TRANSCRIPTION_INITIATION	-0.7281567623159727	0.8906560636182903	0.965316505893495	8/49	WNT10B;HNF1A;GTF2A2;MED21;GTF2A1;NKX2-5;KAT8;MED23	GLOM	GO_BP	no_proc_ieg	10098
GOBP_REGULATION_OF_PROTEIN_LOCALIZATION_TO_SYNAPSE	-0.728751037151422	0.8369781312127237	0.9654363008781719	7/16	PRKCZ;GHSR;IQSEC2;ABHD17B;MAPT;GPC4;DLG1	GLOM	GO_BP	no_proc_ieg	10098
GOBP_POSITIVE_REGULATION_OF_CELLULAR_RESPONSE_TO_TRANSFORMING_GROWTH_FACTOR_BETA_STIMULUS	-0.7288869786019487	0.8516260162601627	0.9659838227696308	6/22	THBS1;ING2;FERMT1;SMAD4;TGFBR3;AXIN1	GLOM	GO_BP	no_proc_ieg	10098
GOBP_NEGATIVE_REGULATION_OF_BLOOD_CIRCULATION	-0.7292018858062647	0.8538011695906432	0.9663724517471468	4/18	BIN1;PDE4D;SPTBN4;ADRA1A	GLOM	GO_BP	no_proc_ieg	10098
GOBP_GLANDULAR_EPITHELIAL_CELL_DEVELOPMENT	-0.7300201962759942	0.8789144050104384	0.966269805388989	5/26	BMP5;RFX3;FZD5;RARB;SPDEF	GLOM	GO_BP	no_proc_ieg	10098
GOBP_POSITIVE_REGULATION_OF_DENDRITIC_SPINE_DEVELOPMENT	-0.7314652725413129	0.8835758835758836	0.9655636627259628	9/31	APOE;PTPRD;DLG5;BAIAP2;MAPK6;ZMYND8;STAU2;CUX2;IL1RAPL1	GLOM	GO_BP	no_proc_ieg	10098
GOBP_CENTRAL_NERVOUS_SYSTEM_NEURON_AXONOGENESIS	-0.7377975331445469	0.8373015873015873	0.959870031259659	4/26	ARHGEF28;TSKU;SPTBN4;NDEL1	GLOM	GO_BP	no_proc_ieg	10098
GOBP_REGULATION_OF_STEM_CELL_POPULATION_MAINTENANCE	-0.7378186048014066	0.9137577002053389	0.9605331345709562	17/50	SMARCC1;BCL7A;ACTL6B;ING2;ZC3H13;PAX2;ELAVL1;ARID4B;BMP7;ING1;PAX8;REST;SMO;SAV1;SMARCA2;OGT;SS18	GLOM	GO_BP	no_proc_ieg	10098
GOBP_LIPID_EXPORT_FROM_CELL	-0.7387448040640544	0.8932038834951457	0.9602583034565361	12/42	DAB2;AGT;ABCC4;GDF9;CRY2;SPP1;OXT;CRH;NOS2;LEP;NKX3-1;MAP2K6	GLOM	GO_BP	no_proc_ieg	10098
GOBP_POSITIVE_REGULATION_OF_OXIDOREDUCTASE_ACTIVITY	-0.7400865190707461	0.8815533980582524	0.9595414961765835	8/29	CYP27B1;SIRT3;VDR;S100A1;TERT;FGF23;EDN3;TERF2	GLOM	GO_BP	no_proc_ieg	10098
GOBP_NEGATIVE_REGULATION_OF_ANOIKIS	-0.7414720599164281	0.8273809523809523	0.9588086258663263	2/16	BCL2;PDK4	GLOM	GO_BP	no_proc_ieg	10098
GOBP_RNA_POLYMERASE_II_PREINITIATION_COMPLEX_ASSEMBLY	-0.7426987118483377	0.8654970760233918	0.9582189807522811	8/39	WNT10B;GTF2A2;MED21;GTF2A1;MED23;ESR1;TAF2;MED27	GLOM	GO_BP	no_proc_ieg	10098
GOBP_STRIATED_MUSCLE_CELL_PROLIFERATION	-0.7428679514517957	0.9227467811158798	0.9587144180663716	17/54	RBP4;BMPR1A;FGFR2;BMP10;NKX2-5;ZFPM2;ERBB4;MYOG;AKIRIN1;TGFBR3;NDRG4;TBX5;JAK2;FGF9;GATA6;SMAD1;KCNK2	GLOM	GO_BP	no_proc_ieg	10098
GOBP_POSITIVE_REGULATION_OF_MICROTUBULE_POLYMERIZATION_OR_DEPOLYMERIZATION	-0.7435425598675889	0.83640081799591	0.9586603038151431	8/26	TOGARAM1;CLIP1;CLASP1;MET;TRPV4;NAV3;MAPT;AKAP9	GLOM	GO_BP	no_proc_ieg	10098
GOBP_CATECHOLAMINE_SECRETION	-0.7435573609368538	0.8686440677966102	0.9593308838247883	9/40	PRKN;GHSR;ABAT;SDHD;DRD3;ADRA2C;OXT;CRH;CHRNB2	GLOM	GO_BP	no_proc_ieg	10098
GOBP_PROSTATE_GLAND_DEVELOPMENT	-0.7438839528268035	0.8692946058091287	0.9596017195145298	9/34	SMARCC1;FGFR2;ID4;FRS2;PTCH1;CTNNB1;ESR1;HOXD13;BMP7	GLOM	GO_BP	no_proc_ieg	10098
GOBP_ERYTHROCYTE_DEVELOPMENT	-0.7447988150468345	0.8662420382165605	0.9593082857902113	5/29	HDAC6;SLC11A2;GATA1;DMTN;EPB42	GLOM	GO_BP	no_proc_ieg	10098
GOBP_POSITIVE_REGULATION_OF_RELEASE_OF_SEQUESTERED_CALCIUM_ION_INTO_CYTOSOL	-0.745656130674914	0.8888888888888888	0.9590591586125535	7/36	CALML3;BDKRB1;CALM2;CAPN3;DRD1;AKAP6;IL13	GLOM	GO_BP	no_proc_ieg	10098
GOBP_SEX_DETERMINATION	-0.7487181041511339	0.8065843621399177	0.9563429402101585	6/19	DMRT1;INSR;INSRR;NR5A1;FGF9;WT1	GLOM	GO_BP	no_proc_ieg	10098
GOBP_DENDRITIC_SPINE_MORPHOGENESIS	-0.7490944907069469	0.9022403258655805	0.9566199827017386	8/43	HDAC6;ARHGAP33;SIPA1L1;PTPRD;BAIAP2;PDLIM5;ARC;LZTS3	GLOM	GO_BP	no_proc_ieg	10098
GOBP_POSITIVE_REGULATION_OF_NEURON_PROJECTION_DEVELOPMENT	-0.7504612880688304	0.9630390143737166	0.9557358339000499	13/116	PRKCI;BMP5;MAGI2;APOE;TENM3;COBL;RIT2;CBFA2T2;PTPRD;FYN;NDNF;CNTN1;BAIAP2	GLOM	GO_BP	no_proc_ieg	10098
GOBP_CORONARY_VASCULATURE_DEVELOPMENT	-0.750934463520908	0.8633663366336634	0.9558909105409966	8/34	DYNC2H1;ACE;VEGFA;LRP2;HAND2;PRDM1;TGFBR3;TBX5	GLOM	GO_BP	no_proc_ieg	10098
GOBP_ORGAN_OR_TISSUE_SPECIFIC_IMMUNE_RESPONSE	-0.7510349473767858	0.8707070707070707	0.956467257319051	13/27	RAB17;UMOD;DEFA5;PLA2G1B;IL6R;GP2;DEFA6;APOA4;NOS2;H2BC10;IL6;PIGR;OTUD7B	GLOM	GO_BP	no_proc_ieg	10098
GOBP_APOPTOTIC_PROCESS_INVOLVED_IN_MORPHOGENESIS	-0.7514174925952651	0.8353658536585366	0.9567325314320967	8/19	VDR;PPP2R1B;NKX2-5;PAX2;HAND2;FZD5;CRYAB;BMP7	GLOM	GO_BP	no_proc_ieg	10098
GOBP_POSITIVE_REGULATION_OF_REPRODUCTIVE_PROCESS	-0.75156858480609	0.9087136929460581	0.9572438341462035	16/60	ACVR1B;VEGFA;OVOL1;ZFPM2;UNC5C;DMRT1;TACR3;INSR;CTNNB1;TACR1;OXT;PRDM9;PIWIL2;CFAP69;NR5A1;CACNA1H	GLOM	GO_BP	no_proc_ieg	10098
GOBP_TOOTH_MINERALIZATION	-0.7525413652628962	0.8080168776371308	0.9568264289959771	1/20	ALPL	GLOM	GO_BP	no_proc_ieg	10098
GOBP_REGULATION_OF_TRANSLATIONAL_INITIATION	-0.7547000730809904	0.8895966029723992	0.9549748973432653	13/50	DDX3X;CSDE1;EIF2AK3;YTHDF3;GIGYF2;TPR;BANK1;FECH;EIF5;EIF2AK1;TMED2;EIF1B;KLHL25	GLOM	GO_BP	no_proc_ieg	10098
GOBP_DEVELOPMENTAL_PIGMENTATION	-0.7559573271800123	0.8565815324165029	0.9542069284706031	9/34	BCL2;TYRP1;DCT;KIT;OCA2;HPS5;SOX10;GLI3;EDN3	GLOM	GO_BP	no_proc_ieg	10098
GOBP_REGULATION_OF_MICROTUBULE_DEPOLYMERIZATION	-0.7565862997855155	0.8187250996015937	0.9541508867499162	9/25	HDAC6;MAP6D1;CLASP1;CLASP2;ATXN7;TRPV4;NAV3;APC2;APC	GLOM	GO_BP	no_proc_ieg	10098
GOBP_POSITIVE_REGULATION_OF_NEURON_DIFFERENTIATION	-0.7569419104813133	0.9208494208494209	0.9544061074349365	19/66	ZC4H2;BRINP1;NCOA1;BRINP2;NGF;NKX2-5;PCP4;ADRA2C;DLX2;GDF5;PROX1;SOCS2;FOXG1;BMP7;ASCL1;HOXD3;DAB1;EPO;LIN28A	GLOM	GO_BP	no_proc_ieg	10098
GOBP_REGULATION_OF_RENAL_SYSTEM_PROCESS	-0.756959462412692	0.8269617706237424	0.9550750006946447	3/19	F2RL1;NHERF1;AGT	GLOM	GO_BP	no_proc_ieg	10098
GOBP_NEGATIVE_REGULATION_OF_AXON_EXTENSION	-0.7570777252076384	0.8488612836438924	0.9556239606128141	8/25	HDAC6;CDH1;MT3;PTPRS;CDKL3;SEMA5A;IFRD1;KIAA0319	GLOM	GO_BP	no_proc_ieg	10098
GOBP_POSITIVE_REGULATION_OF_POTASSIUM_ION_TRANSPORT	-0.7577396727878574	0.8469184890656064	0.9555433099242889	10/31	DRD1;ANK2;RGS7;FHL1;KCNIP2;AKAP6;NPPA;ATP1B1;ACTN2;EDN3	GLOM	GO_BP	no_proc_ieg	10098
GOBP_SPECIFICATION_OF_ANIMAL_ORGAN_IDENTITY	-0.7601898116591773	0.8650793650793651	0.9533284524844521	7/31	FGFR2;PAX2;LRP2;FGF1;FRS2;CTNNB1;GLI3	GLOM	GO_BP	no_proc_ieg	10098
GOBP_TELENCEPHALON_GLIAL_CELL_MIGRATION	-0.7604057045054513	0.8047808764940239	0.9537631932116656	8/22	SRGAP2;SYNE2;CTNNB1;GLI3;FOXG1;DAB1;LAMB1;NR2E1	GLOM	GO_BP	no_proc_ieg	10098
GOBP_POSITIVE_REGULATION_OF_NUCLEOTIDE_METABOLIC_PROCESS	-0.7630966224081644	0.8494623655913979	0.9510128942744057	9/30	GPD1;SLC4A4;MLXIPL;IGF1;INSR;ADCY10;GAPDHS;NOS1;NOS2	GLOM	GO_BP	no_proc_ieg	10098
GOBP_POSITIVE_REGULATION_OF_SUBSTRATE_ADHESION_DEPENDENT_CELL_SPREADING	-0.7657900620690261	0.8538135593220338	0.9483735605164861	11/37	NEDD9;APOA1;DAB2;RREB1;FERMT2;FGA;RAC3;BRAF;HTN1;DOCK5;DOCK1	GLOM	GO_BP	no_proc_ieg	10098
GOBP_PEPTIDYL_TYROSINE_DEPHOSPHORYLATION	-0.7661003476432274	0.8012958963282938	0.9486695297799818	7/25	PTPN13;DUSP9;PTPRF;PTPRZ1;DUSP2;PTPRS;PTPRO	GLOM	GO_BP	no_proc_ieg	10098
GOBP_POSITIVE_REGULATION_OF_CARTILAGE_DEVELOPMENT	-0.7668756261733055	0.7961538461538461	0.9483283030315723	5/23	BMPR1B;BMP10;ZBTB16;GLI3;GDF5	GLOM	GO_BP	no_proc_ieg	10098
GOBP_ARACHIDONIC_ACID_SECRETION	-0.7672124612422684	0.8225806451612904	0.9486086690874245	4/21	ACE;PLA2G2A;DRD3;PLA2G1B	GLOM	GO_BP	no_proc_ieg	10098
GOBP_ACTOMYOSIN_STRUCTURE_ORGANIZATION	-0.768650696856951	0.9715447154471545	0.9473977792228453	31/147	TNNT2;SERPINF2;TCAP;NEBL;TJP1;APOA1;BMP10;NEB;CAPN3;FHOD3;NKX2-5;STMN1;IQGAP2;EPB41L4B;MYBPC3;EVL;FERMT2;ARHGEF5;PTGER4;TACR1;PIK3R1;MYOZ1;SMAD4;CLASP1;EPB41L5;MET;ACTN2;PROX1;AKAP13;CLASP2;BRAF	GLOM	GO_BP	no_proc_ieg	10098
GOBP_REGULATION_OF_MESENCHYMAL_CELL_PROLIFERATION	-0.7696277755623544	0.8292181069958847	0.9468106850912923	3/27	IRS2;BMPR1A;FGFR2	GLOM	GO_BP	no_proc_ieg	10098
GOBP_REGULATION_OF_ESTABLISHMENT_OR_MAINTENANCE_OF_CELL_POLARITY	-0.771906838665801	0.7995824634655533	0.9445012025332306	3/18	KANK1;LLGL2;PLEKHG3	GLOM	GO_BP	no_proc_ieg	10098
GOBP_REGULATION_OF_RESPIRATORY_GASEOUS_EXCHANGE	-0.7722296736206045	0.7948717948717948	0.9447468624535197	2/17	GLS;GRPR	GLOM	GO_BP	no_proc_ieg	10098
GOBP_REGULATION_OF_TRANSCRIPTION_BY_RNA_POLYMERASE_III	-0.7725751640145215	0.8208955223880597	0.9449928804786489	2/21	ICE2;ELL	GLOM	GO_BP	no_proc_ieg	10098
GOBP_ATRIAL_CARDIAC_MUSCLE_TISSUE_DEVELOPMENT	-0.773760716429382	0.7947154471544715	0.9440822001685566	5/17	BMP10;NKX2-5;HCN4;PROX1;TBX5	GLOM	GO_BP	no_proc_ieg	10098
GOBP_REGULATION_OF_MRNA_CATABOLIC_PROCESS	-0.7749353573255988	0.9078156312625251	0.9432107169608418	10/109	RIDA;TUT4;TRAF5;CSDE1;RBM47;YTHDF3;DCP1A;NOCT;A1CF;GIGYF2	GLOM	GO_BP	no_proc_ieg	10098
GOBP_CELL_FATE_COMMITMENT	-0.7775057983835716	0.9676113360323887	0.940355214705665	47/191	WNT10B;OPA1;BCL2;GATA1;MYOD1;BMPR1A;FGFR2;IL23A;EYA2;FOXA2;PRDM4;ONECUT2;SPRY2;NKX2-5;FZD7;PAX2;ERBB4;PTCH1;PRDM1;MYF6;MYOG;CTNNB1;NEUROD4;ESRP1;TRIM15;FEV;IL6R;GLI3;GCM1;RTF1;DLX2;SMAD4;SPDEF;FOXN1;PROX1;BRAF;TBX5;FOXG1;MCL1;ASCL1;TBX10;EBF2;PRKDC;IFRD1;APC2;WT1;LATS1	GLOM	GO_BP	no_proc_ieg	10098
GOBP_LACTATION	-0.777790647638912	0.8207171314741036	0.9406580099828935	9/32	VEGFA;NCOA1;VDR;FOXB1;ERBB4;CSN2;XDH;GJA1;SOCS2	GLOM	GO_BP	no_proc_ieg	10098
GOBP_NON_CANONICAL_WNT_SIGNALING_PATHWAY	-0.7801329339693232	0.8501945525291829	0.9380156573552701	8/47	MAGI2;CELSR3;DAB2;FZD6;FZD7;NLK;FZD5;FZD2	GLOM	GO_BP	no_proc_ieg	10098
GOBP_VOCALIZATION_BEHAVIOR	-0.7802433982932266	0.7788461538461539	0.9385416997927534	4/16	BRINP1;NRXN1;GLI3;SHANK2	GLOM	GO_BP	no_proc_ieg	10098
GOBP_PEPTIDYL_THREONINE_MODIFICATION	-0.7807870400584322	0.8865096359743041	0.9384990628255419	19/73	MAPK8;ACVR1B;EGF;CHI3L1;CALM2;HIPK3;PRKAG2;SPRY2;ULK1;DMTN;NLK;RIPK2;PRKCA;LMTK2;ADCY10;AXIN1;GALNT11;DYRK1A;TNKS	GLOM	GO_BP	no_proc_ieg	10098
GOBP_NADH_DEHYDROGENASE_COMPLEX_ASSEMBLY	-0.7809703637954037	0.804040404040404	0.9389254380716977	3/28	NDUFS1;OXA1L;NDUFA10	GLOM	GO_BP	no_proc_ieg	10098
GOBP_POSITIVE_REGULATION_OF_RNA_SPLICING	-0.7814876340716713	0.7910750507099391	0.938909529962161	5/28	PRDX6;SF3B4;CELF3;CIRBP;PIK3R1	GLOM	GO_BP	no_proc_ieg	10098
GOBP_OVULATION_CYCLE_PROCESS	-0.7817044800909819	0.8024948024948025	0.9392973621911282	6/40	BMPR1B;SCAPER;SIRT1;AFP;CGA;GDF9	GLOM	GO_BP	no_proc_ieg	10098
GOBP_POSITIVE_REGULATION_OF_AUTOPHAGY	-0.7819037191308371	0.9117043121149897	0.9397064853869258	21/108	DAPK1;VPS13D;PRKN;SLC25A5;SIRT1;DCN;DEPDC5;SNX4;ULK1;UVRAG;HSPB8;RIPK2;RFPL2;PIK3CB;KAT5;SPTLC1;DEPTOR;FBXO7;EPM2A;EIF2AK1;RAB3GAP1	GLOM	GO_BP	no_proc_ieg	10098
GOBP_REGULATION_OF_ASTROCYTE_DIFFERENTIATION	-0.7855163296010536	0.7637795275590551	0.935193935665102	8/20	BIN1;ID4;CLCF1;DAB1;IL6;NR2E1;EPHA4;GPR37L1	GLOM	GO_BP	no_proc_ieg	10098
GOBP_MATERNAL_PROCESS_INVOLVED_IN_FEMALE_PREGNANCY	-0.7867025469168134	0.8227091633466136	0.9341207973902732	9/41	CYP27B1;ACE2;PRDX3;VDR;GHSR;PRDM1;SPP1;RGS2;ESR1	GLOM	GO_BP	no_proc_ieg	10098
GOBP_NEGATIVE_REGULATION_OF_NERVOUS_SYSTEM_DEVELOPMENT	-0.7881016807095113	0.9101796407185628	0.9327644286520715	27/102	PTPN13;HDAC6;CDH1;MT3;BMPR1A;BRINP1;EPHA7;ULK1;ID4;DRD3;SPP1;PTPRS;SOX10;CTNNB1;SPART;DLX2;PCM1;PROX1;CDKL3;PITX3;FSTL4;BMP7;SEMA5A;DAB1;IFRD1;KIAA0319;LIN28A	GLOM	GO_BP	no_proc_ieg	10098
GOBP_ODONTOGENESIS	-0.7891320188131866	0.8975409836065574	0.9319619826440987	17/93	ALPL;SLC34A1;ACVR2A;AQP6;EDA;BMPR1A;FGFR2;EDAR;AMBN;HAND2;TUFT1;HAND1;PAX9;CTNNB1;GLI3;DLX2;TFAP2A	GLOM	GO_BP	no_proc_ieg	10098
GOBP_NEGATIVE_REGULATION_OF_PROTEASOMAL_UBIQUITIN_DEPENDENT_PROTEIN_CATABOLIC_PROCESS	-0.7910385255451814	0.791578947368421	0.9297785723032416	2/23	SMARCC1;FHIT	GLOM	GO_BP	no_proc_ieg	10098
GOBP_PROTEIN_DEPOLYMERIZATION	-0.7914398421088087	0.8993839835728953	0.9298839486050237	23/77	RDX;HDAC6;F2RL1;VIL1;SPTBN2;DMTN;ASPH;SPTBN4;STMN1;SCIN;ADD2;MAP6D1;CLASP1;ACTN2;CLASP2;ATXN7;TRPV4;NAV3;SEMA5A;APC2;SPTB;ADD3;APC	GLOM	GO_BP	no_proc_ieg	10098
GOBP_ACROSOME_REACTION	-0.7920345338203877	0.7773279352226721	0.9296471175237727	9/23	STX2;ZP2;PKDREJ;AKAP3;CRISP1;CACNA1H;RIMS1;PRND;RAB3A	GLOM	GO_BP	no_proc_ieg	10098
GOBP_SIGNAL_TRANSDUCTION_IN_ABSENCE_OF_LIGAND	-0.7932336069580881	0.8633540372670807	0.9285442771135497	12/50	WWOX;BCL2;GATA1;EYA2;RIPK1;PPP2R1B;BCL2L10;CSF2;EYA3;TERT;MCL1;EYA4	GLOM	GO_BP	no_proc_ieg	10098
GOBP_SKELETAL_MUSCLE_CELL_DIFFERENTIATION	-0.7934042967088655	0.8440748440748441	0.9289592516305766	8/39	NUPR1;MYOD1;HLF;MYF6;MYOG;KAT8;KLF5;AKIRIN1	GLOM	GO_BP	no_proc_ieg	10098
GOBP_REGULATION_OF_GLYCOPROTEIN_METABOLIC_PROCESS	-0.7934500808990967	0.7819706498951782	0.929580975366952	7/36	BCL2;GATA1;NECAB2;APCS;IGF1;CTNNB1;NECAB3	GLOM	GO_BP	no_proc_ieg	10098
GOBP_INCLUSION_BODY_ASSEMBLY	-0.7935162196024914	0.7605042016806722	0.9301788134400404	2/15	PRKN;HDAC6	GLOM	GO_BP	no_proc_ieg	10098
GOBP_ESTABLISHMENT_OF_SPINDLE_ORIENTATION	-0.7938327883294204	0.8123711340206186	0.9303894819626805	8/31	LLGL2;SPAG5;SPRY2;NDEL1;MCPH1;KAT5;CLASP1;GJA1	GLOM	GO_BP	no_proc_ieg	10098
GOBP_PLATELET_DERIVED_GROWTH_FACTOR_RECEPTOR_SIGNALING_PATHWAY	-0.7944783275527871	0.8296146044624746	0.9301114375638565	7/41	ARID5B;LOX;NHERF1;VEGFA;ZFAND5;TXNIP;APOD	GLOM	GO_BP	no_proc_ieg	10098
GOBP_CORONARY_VASCULATURE_MORPHOGENESIS	-0.7946434758762928	0.7490196078431373	0.9305526693504516	6/15	ACE;VEGFA;LRP2;HAND2;TGFBR3;TBX5	GLOM	GO_BP	no_proc_ieg	10098
GOBP_REGULATION_OF_CELLULAR_RESPONSE_TO_VASCULAR_ENDOTHELIAL_GROWTH_FACTOR_STIMULUS	-0.7951331542867031	0.7648221343873518	0.9305002213933345	7/17	HRG;VEGFA;DCN;SPRY2;PIK3CB;XDH;ADAMTS12	GLOM	GO_BP	no_proc_ieg	10098
GOBP_PROTEIN_AUTOUBIQUITINATION	-0.7954433867096139	0.8090551181102362	0.9306966849850558	8/43	PRKN;AMFR;RNF186;MDM2;SASH1;ERCC8;WWP2;RNF8	GLOM	GO_BP	no_proc_ieg	10098
GOBP_PHOSPHOLIPID_CATABOLIC_PROCESS	-0.7963299733512162	0.790650406504065	0.9300521481270049	7/33	PRDX6;GDPD3;PNLIPRP2;APOA2;ENPP2;SMPDL3A;ABHD6	GLOM	GO_BP	no_proc_ieg	10098
GOBP_REGULATION_OF_INSULIN_RECEPTOR_SIGNALING_PATHWAY	-0.7975007130262712	0.8294243070362474	0.9289466472267226	23/47	SNX5;KANK1;PRKCZ;SIRT1;GPR21;NR1H4;AHSG;GRB14;LEP;BLVRB;SOCS1;ENPP1;OGT;PTPN1;FUT7;INS;PTPRJ;ADIPOR1;PIP4K2C;PRKCD;PRKCQ;GRB7;ZBTB7B	GLOM	GO_BP	no_proc_ieg	10098
GOBP_ESTABLISHMENT_OF_TISSUE_POLARITY	-0.7975846929603533	0.7893700787401575	0.9295147414700867	13/23	FZD6;ERBB4;JHY;FZD2;CELSR1;ASTN2;NPHP1;BRSK2;DLG3;SEC24B;TP63;WNT5A;FOXF2	GLOM	GO_BP	no_proc_ieg	10098
GOBP_PROTEIN_MODIFICATION_BY_SMALL_PROTEIN_REMOVAL	-0.7979625068970178	0.8617234468937875	0.9295559593359564	6/71	USP25;USP46;USP47;USP10;USP2;OTUD3	GLOM	GO_BP	no_proc_ieg	10098
GOBP_NEGATIVE_REGULATION_OF_TRANSPORTER_ACTIVITY	-0.8003428621769799	0.7832618025751072	0.9264535257573497	8/39	HECW1;PRKCE;CALM2;NEDD4L;APOA2;DRD3;ANK3;WWP2	GLOM	GO_BP	no_proc_ieg	10098
GOBP_AMINO_SUGAR_METABOLIC_PROCESS	-0.8011574712619906	0.7914110429447853	0.9258146021323829	7/31	CHI3L1;CHST5;UAP1;OVGP1;RENBP;FN3K;CHST1	GLOM	GO_BP	no_proc_ieg	10098
GOBP_BARBED_END_ACTIN_FILAMENT_CAPPING	-0.8018023528249016	0.7401574803149606	0.9254658527830592	4/15	RDX;VIL1;SCIN;ADD2	GLOM	GO_BP	no_proc_ieg	10098
GOBP_POSITIVE_REGULATION_OF_STEROL_TRANSPORT	-0.8018525350161739	0.7892561983471075	0.9260855414455329	4/26	APOE;PON1;APOA1;SIRT1	GLOM	GO_BP	no_proc_ieg	10098
GOBP_RESPONSE_TO_IMMOBILIZATION_STRESS	-0.8023937123236932	0.7630522088353414	0.9259013852251662	7/22	HDAC6;MDM2;PENK;CYP1A1;PITX3;CRH;UGT8	GLOM	GO_BP	no_proc_ieg	10098
GOBP_PROTEIN_TARGETING_TO_LYSOSOME	-0.8030075089742656	0.7728194726166329	0.925598787382413	2/21	AP3B1;GCC2	GLOM	GO_BP	no_proc_ieg	10098
GOBP_REGULATION_OF_CHONDROCYTE_DIFFERENTIATION	-0.8038709430574295	0.8110236220472441	0.9249257782426951	8/33	BMPR1B;ZBTB16;SCIN;CTNNB1;GLI3;RARB;GDF5;ADAMTS12	GLOM	GO_BP	no_proc_ieg	10098
GOBP_EATING_BEHAVIOR	-0.8044214488515695	0.7885835095137421	0.9247264537086326	7/26	ACE;GHSR;GDF15;MC4R;OPRL1;TACR1;OXT	GLOM	GO_BP	no_proc_ieg	10098
GOBP_STRIATUM_DEVELOPMENT	-0.805040817836049	0.7208835341365462	0.9243475280041251	6/15	BBS1;DRD1;RARB;SECISBP2;OGDH;SLITRK5	GLOM	GO_BP	no_proc_ieg	10098
GOBP_MAINTENANCE_OF_CELL_NUMBER	-0.8053836382419736	0.8940677966101694	0.924495086533928	30/124	TUT4;SMARCC1;BMPR1A;BCL7A;MED21;ACTL6B;ING2;CDX2;ZC3H13;FZD7;PAX2;IGF1;KIT;MCPH1;MMP24;CTNNB1;FANCC;RTF1;KDM4C;SMC1A;PCM1;PIWIL2;PROX1;ELAVL1;ARID4B;BRAF;MED27;FOXO1;PADI4;BMP7	GLOM	GO_BP	no_proc_ieg	10098
GOBP_STARTLE_RESPONSE	-0.8059719188404258	0.7717601547388782	0.9242293886425264	4/21	PRKN;DRD1;DRD3;PENK	GLOM	GO_BP	no_proc_ieg	10098
GOBP_RESPONSE_TO_PH	-0.806395818135997	0.7490272373540856	0.9242073205707595	10/28	SCNN1A;PKD2L1;ASIC3;SST;GPLD1;INSRR;GJA1;ASIC1;GPR31;SCNN1B	GLOM	GO_BP	no_proc_ieg	10098
GOBP_NEURON_MIGRATION	-0.8066502125450059	0.9010752688172043	0.9244699137165933	45/126	PRKG1;VEGFA;SRGAP2;BBS1;ULK4;FYN;DRD1;PEX13;NDNF;EMX2;UNC5C;AUTS2;NDEL1;ABI1;GPR173;CTNNB1;NEUROD4;TNN;PEX7;PCM1;PEX5;EVX1;NDN;GJA1;FOXG1;ZNF609;ASCL1;TUBGCP2;CELSR1;SATB2;DAB1;KIAA0319;YWHAE;GFRA3;ASTN2;VRK1;FLRT2;CHL1;GPM6A;KIAA0319L;ABI2;ATOH1;CCR4;APBB2;ADGRL3	GLOM	GO_BP	no_proc_ieg	10098
GOBP_EMBRYONIC_DIGESTIVE_TRACT_DEVELOPMENT	-0.8087479902041586	0.7766599597585513	0.9216327740137868	6/24	STRA6;FGFR2;OVOL2;SALL1;GLI3;RARB	GLOM	GO_BP	no_proc_ieg	10098
GOBP_RETINOIC_ACID_RECEPTOR_SIGNALING_PATHWAY	-0.8088100059835596	0.7657841140529531	0.922219487581862	7/25	AKR1C3;ASXL1;ESRRG;RXRG;DHRS3;RARB;PRAME	GLOM	GO_BP	no_proc_ieg	10098
GOBP_REGULATION_OF_DENDRITIC_SPINE_MORPHOGENESIS	-0.8097484453376742	0.7587628865979381	0.9213058974266591	7/31	ARHGAP33;SIPA1L1;PTPRD;BAIAP2;PDLIM5;ARC;LZTS3	GLOM	GO_BP	no_proc_ieg	10098
GOBP_NEGATIVE_REGULATION_OF_POTASSIUM_ION_TRANSMEMBRANE_TRANSPORT	-0.8104701746598374	0.739406779661017	0.9207357227046663	4/15	BIN1;NEDD4L;ANK3;ACTN2	GLOM	GO_BP	no_proc_ieg	10098
GOBP_CELLULAR_RESPONSE_TO_RETINOIC_ACID	-0.8122391019571424	0.8354166666666667	0.9183341567944652	9/54	WNT10B;PCK1;FGFR2;BRINP1;BRINP2;FZD7;PAX2;HAND2;GJB3	GLOM	GO_BP	no_proc_ieg	10098
GOBP_CELLULAR_RESPONSE_TO_VITAMIN_D	-0.8136076204223935	0.754863813229572	0.9166122588758185	6/19	CYP27B1;VDR;PENK;GDAP1;CASR;FGF23	GLOM	GO_BP	no_proc_ieg	10098
GOBP_HOMOLOGOUS_CHROMOSOME_PAIRING_AT_MEIOSIS	-0.8137334619723168	0.7335984095427436	0.9170933187825667	7/26	CCNB1IP1;TEX11;MSH4;DMC1;PRDM9;SYCP2;ZCWPW1	GLOM	GO_BP	no_proc_ieg	10098
GOBP_CELL_MIGRATION_INVOLVED_IN_HEART_DEVELOPMENT	-0.8138526757471312	0.722753346080306	0.917592466348178	7/15	SEMA3C;FOLR1;HAND2;FLRT3;NDRG4;TBX5;BMP7	GLOM	GO_BP	no_proc_ieg	10098
GOBP_SIGNAL_TRANSDUCTION_INVOLVED_IN_REGULATION_OF_GENE_EXPRESSION	-0.813934531576969	0.728421052631579	0.9181484955031001	2/16	CER1;TRAF5	GLOM	GO_BP	no_proc_ieg	10098
GOBP_MESODERM_MORPHOGENESIS	-0.8139732873168389	0.8174442190669371	0.9187729029145454	10/52	BMPR1A;FGFR2;EYA2;PAX2;HAND1;TRIM15;EPB41L5;GJA1;AXIN1;BMP7	GLOM	GO_BP	no_proc_ieg	10098
GOBP_DENDRITE_MORPHOGENESIS	-0.8143086472441198	0.8705636743215032	0.9188903613879027	20/105	HDAC6;HECW1;SLC11A2;ARHGAP33;SIPA1L1;PTPRD;NEDD4L;FYN;CHRNA3;SEMA4D;BAIAP2;ABI1;SS18L1;MAPK8IP2;PDLIM5;ARC;PARP6;LZTS3;TNIK;SULT4A1	GLOM	GO_BP	no_proc_ieg	10098
GOBP_DETECTION_OF_MECHANICAL_STIMULUS_INVOLVED_IN_SENSORY_PERCEPTION	-0.8144414093946334	0.7439516129032258	0.9193595775924595	5/24	HPN;FYN;KIT;SCN1A;ASIC3	GLOM	GO_BP	no_proc_ieg	10098
GOBP_REGULATION_OF_NUCLEOTIDE_EXCISION_REPAIR	-0.8156061002188103	0.7474332648870636	0.91801129832706	4/21	SMARCC1;BCL7A;ACTL6B;ERCC8	GLOM	GO_BP	no_proc_ieg	10098
GOBP_NEGATIVE_REGULATION_OF_RECEPTOR_SIGNALING_PATHWAY_VIA_STAT	-0.8161446803897904	0.7092337917485265	0.9177448083935245	7/15	PTPRD;SOCS2;LEPROT;GGNBP2;DAB1;PTPRT;SOCS1	GLOM	GO_BP	no_proc_ieg	10098
GOBP_NEUROTROPHIN_TRK_RECEPTOR_SIGNALING_PATHWAY	-0.8166048011476527	0.76	0.9176195367501462	8/21	CYFIP2;AGT;SPRY2;SOS1;NDN;AGTR2;HAP1;ZDHHC17	GLOM	GO_BP	no_proc_ieg	10098
GOBP_HOMOLOGOUS_RECOMBINATION	-0.8167117927423344	0.7758985200845666	0.9181275027104541	8/35	CCNB1IP1;ERCC4;RBBP8;TEX11;MSH4;DMC1;PRDM9;BRME1	GLOM	GO_BP	no_proc_ieg	10098
GOBP_REGULATION_OF_P38MAPK_CASCADE	-0.8171053581057136	0.7555110220440882	0.9181697168327383	6/31	EZR;VEGFA;PER1;ULK4;SASH1;HAND2	GLOM	GO_BP	no_proc_ieg	10098
GOBP_POSITIVE_REGULATION_OF_SECRETION	-0.8173677957157053	0.9267782426778243	0.918413817980863	49/239	ANG;RBP4;CYP4A11;EGFR;PCK2;SDC1;PRKCE;ADCY8;F2RL1;SIRT3;GATA1;CYP4F2;PFKFB2;IRS2;DAB2;KMO;ALOX12B;NR0B2;SNX4;ABAT;IGF1;SCIN;SCAMP5;SPP1;SLC18A3;NR1H4;PLA2G1B;FGA;IL13;TACR1;GPLD1;OXT;AIMP1;SMAD4;CD177;CASR;EXPH5;INHA;CLASP1;AVP;MYRIP;CLASP2;EDN3;RAB3GAP1;SLC6A4;CRH;CHRNB2;SYBU;CADPS	GLOM	GO_BP	no_proc_ieg	10098
GOBP_MULTICELLULAR_ORGANISMAL_LEVEL_IRON_ION_HOMEOSTASIS	-0.8177040155698501	0.7197452229299363	0.9185209478920769	7/18	SLC11A2;EPB42;FECH;RHAG;EIF2AK1;TMPRSS6;PICALM	GLOM	GO_BP	no_proc_ieg	10098
GOBP_REGULATION_OF_ACTOMYOSIN_STRUCTURE_ORGANIZATION	-0.8188014122724899	0.8405797101449275	0.917304282420722	18/75	SERPINF2;TJP1;APOA1;BMP10;STMN1;EVL;FERMT2;ARHGEF5;PTGER4;TACR1;PIK3R1;SMAD4;CLASP1;MET;PROX1;AKAP13;CLASP2;BRAF	GLOM	GO_BP	no_proc_ieg	10098
GOBP_CELL_COMMUNICATION_BY_ELECTRICAL_COUPLING_INVOLVED_IN_CARDIAC_CONDUCTION	-0.8199005090899631	0.7338709677419355	0.9160500180185076	8/18	CALM2;PDE4D;SLC8A1;ATP1B1;TBX5;GJA1;ATP1A1;RYR2	GLOM	GO_BP	no_proc_ieg	10098
GOBP_REGULATION_OF_HAIR_FOLLICLE_DEVELOPMENT	-0.8200686846707692	0.7052845528455285	0.9164497979039324	5/18	WNT10B;DKK4;FERMT1;SMAD4;FOXN1	GLOM	GO_BP	no_proc_ieg	10098
GOBP_REGULATION_OF_MUSCLE_HYPERTROPHY	-0.8210663129853165	0.8150406504065041	0.9152854752484915	12/38	BMP10;AGT;IGF1;HAND2;ADRA1A;AKAP6;RGS2;SMAD4;NFATC3;PRKCA;ADCY10;FOXO1	GLOM	GO_BP	no_proc_ieg	10098
GOBP_NEGATIVE_REGULATION_OF_PEPTIDYL_SERINE_PHOSPHORYLATION	-0.822474856441649	0.7371541501976284	0.9134536670215634	5/21	GPD1L;PDE4D;DMD;DMTN;MLXIPL	GLOM	GO_BP	no_proc_ieg	10098
GOBP_REGULATION_OF_ACTIN_FILAMENT_BASED_MOVEMENT	-0.8233717424202087	0.7440944881889764	0.9125246878527091	12/30	BIN1;CTNNA3;ANK2;PDE4D;HCN4;MYBPC3;PDE4B;ADCY10;SCN5A;RYR2;DLG1;AKAP9	GLOM	GO_BP	no_proc_ieg	10098
GOBP_TELENCEPHALON_DEVELOPMENT	-0.8247999928063395	0.9244897959183673	0.9105092502322454	39/179	HSD3B2;TACC2;NPY;EGFR;CHD7;NEUROD6;TRAPPC9;NCOA1;SRGAP2;BBS1;SYNE2;TSKU;PALS1;DRD1;PEX13;BCAN;EMX2;MAS1;ID4;NDEL1;SRD5A2;FOXB1;MCPH1;ERBB4;SALL1;PTPRS;CTNNB1;DIXDC1;GLI3;RARB;DLX2;PROX1;PEX5;SCN2A;FOXG1;SECISBP2;EZH1;ASCL1;EMX1	GLOM	GO_BP	no_proc_ieg	10098
GOBP_CELLULAR_RESPONSE_TO_ALKALOID	-0.8253082431429707	0.7586206896551724	0.9102912323232598	6/31	SLC34A1;ADCY8;SLC1A1;TMEM38B;MDM2;SLC8A1	GLOM	GO_BP	no_proc_ieg	10098
GOBP_POSITIVE_REGULATION_OF_ALCOHOL_BIOSYNTHETIC_PROCESS	-0.8270716122926198	0.7258064516129032	0.9077374554175823	4/20	PTH1R;DAB2;MAS1;FGF1	GLOM	GO_BP	no_proc_ieg	10098
GOBP_MITOCHONDRIAL_FISSION	-0.8275120416402971	0.741106719367589	0.9075929531854715	4/25	OPA1;PRKN;AP3B1;DCN	GLOM	GO_BP	no_proc_ieg	10098
GOBP_SKELETAL_MUSCLE_ADAPTATION	-0.8277521906062305	0.7267206477732794	0.9078264098087113	5/18	MYOD1;GTF2IRD1;CAMK2G;MYOZ1;TNNI1	GLOM	GO_BP	no_proc_ieg	10098
GOBP_REGULATION_OF_MITOCHONDRIAL_MEMBRANE_PERMEABILITY_INVOLVED_IN_APOPTOTIC_PROCESS	-0.8281829141667917	0.7063339731285988	0.9077191250056326	3/22	ACAA2;SLC25A5;EYA2	GLOM	GO_BP	no_proc_ieg	10098
GOBP_PIGMENTATION	-0.8293486138112666	0.79375	0.9061931754556481	13/77	APOE;BCL2;RAB17;AP3B1;EDA;TYRP1;KRT76;EDAR;DCT;KIT;OCA2;HPS5;SOX10	GLOM	GO_BP	no_proc_ieg	10098
GOBP_SMOOTHENED_SIGNALING_PATHWAY	-0.8294637985055259	0.8378378378378378	0.9066860560982539	12/86	WNT10B;DYNC2H1;CDK20;FGFR2;IFT57;PKD2L1;ARL3;DLG5;RORA;IFT81;IFT25;PTCH1	GLOM	GO_BP	no_proc_ieg	10098
GOBP_NEGATIVE_REGULATION_OF_ORGAN_GROWTH	-0.8295303399302629	0.7308488612836439	0.9072505287971414	7/24	RBP4;CGA;WWC2;RGS2;WWC1;TBX5;SLC6A4	GLOM	GO_BP	no_proc_ieg	10098
GOBP_PROTEIN_DEACETYLATION	-0.8301258884049358	0.7163265306122449	0.9068296183089105	10/32	HDAC6;FRY;SIRT3;SIRT1;BEX4;SIRT5;NDN;TPPP;DYRK1A;MAPT	GLOM	GO_BP	no_proc_ieg	10098
GOBP_REGULATION_OF_DENDRITE_EXTENSION	-0.8308079322083536	0.7204968944099379	0.9062109251693813	4/18	PRKN;NEDD4L;CPNE6;UNC13A	GLOM	GO_BP	no_proc_ieg	10098
GOBP_GLUCAN_METABOLIC_PROCESS	-0.8312344865897608	0.7768762677484787	0.9060725367675719	13/60	G6PC1;GYG2;MGAM;IRS2;GNMT;LEPR;KHK;PRKAG2;PHKA2;IGF1;INSR;ACADM;PHKA1	GLOM	GO_BP	no_proc_ieg	10098
GOBP_POSITIVE_REGULATION_OF_LIPID_STORAGE	-0.8316888125207108	0.7145748987854251	0.9058826959078515	3/17	LPL;CIDEA;HILPDA	GLOM	GO_BP	no_proc_ieg	10098
GOBP_RESPONSE_TO_HEAT	-0.8330362167928644	0.7857142857142857	0.9039402321859762	21/66	THBS1;HDAC6;SIRT1;CRNN;TPR;DNAJB4;IGF1;HSPA6;FGF1;CDKN1A;ASIC3;CALCA;CRYAB;HSPA2;TRPV4;TRPM2;NOS1;MAPT;CETN1;ZFAND1;YWHAE	GLOM	GO_BP	no_proc_ieg	10098
GOBP_POSTSYNAPTIC_MODULATION_OF_CHEMICAL_SYNAPTIC_TRANSMISSION	-0.8330737789944225	0.7334710743801653	0.9045667835222574	3/22	CDH1;SLC1A1;GHSR	GLOM	GO_BP	no_proc_ieg	10098
GOBP_NEURON_PROJECTION_EXTENSION	-0.8335301188672279	0.8684759916492694	0.9043465700623743	25/124	GOLGA4;APOE;PRKN;HDAC6;PRKCZ;CYFIP2;CDH1;MT3;SPAG6;VEGFA;NEDD4L;CPNE6;ULK1;AUTS2;NDEL1;PTPRS;CTNNB1;SLC9A6;TNN;UNC13A;FLRT3;ADCY10;EDN3;CDKL3;NDN	GLOM	GO_BP	no_proc_ieg	10098
GOBP_DEOXYRIBONUCLEOTIDE_CATABOLIC_PROCESS	-0.8344319110641083	0.7117988394584139	0.9033125666068436	6/20	DPYS;UPB1;NEIL1;PNP;XDH;NT5M	GLOM	GO_BP	no_proc_ieg	10098
GOBP_REGULATION_OF_TISSUE_REMODELING	-0.8344874394412198	0.7796610169491526	0.9038948274542504	15/56	THBS4;EGFR;HRG;TFRC;LEPR;IL23A;PDK4;HAND2;MC4R;SPP1;CALCA;PRKCA;GPR137B;SUCO;GJA1	GLOM	GO_BP	no_proc_ieg	10098
GOBP_SNRNA_TRANSCRIPTION	-0.8346659489793685	0.7072691552062869	0.9042556131770774	3/16	ICE2;MYOD1;ELL	GLOM	GO_BP	no_proc_ieg	10098
GOBP_MEGAKARYOCYTE_DIFFERENTIATION	-0.8363431669447293	0.7803921568627451	0.9015561376230306	7/39	GP5;LOX;GATA1;KIT;ABI1;SCIN;IL11	GLOM	GO_BP	no_proc_ieg	10098
GOBP_MEMBRANE_REPOLARIZATION_DURING_ACTION_POTENTIAL	-0.8365497604797442	0.6853002070393375	0.9018482932940504	9/24	KCNJ3;CACNA2D1;KCNH6;KCNIP2;KCNA5;ATP1B1;NOS1;ATP1A1;YWHAE	GLOM	GO_BP	no_proc_ieg	10098
GOBP_DENTATE_GYRUS_DEVELOPMENT	-0.8374687991427983	0.6735966735966736	0.9007869765336599	10/18	NEUROD6;DRD1;EMX2;PROX1;SCN2A;ATAT1;SMO;NR2E1;NEUROD1;FXR2	GLOM	GO_BP	no_proc_ieg	10098
GOBP_NEURON_PROJECTION_EXTENSION_INVOLVED_IN_NEURON_PROJECTION_GUIDANCE	-0.8382170095504944	0.6766467065868264	0.9000496663701592	2/16	HDAC6;VEGFA	GLOM	GO_BP	no_proc_ieg	10098
GOBP_ANDROGEN_RECEPTOR_SIGNALING_PATHWAY	-0.8389870066766081	0.7390350877192983	0.8991389413513032	6/37	HDAC6;SAFB2;SIRT1;DAB2;PHB1;NCOR1	GLOM	GO_BP	no_proc_ieg	10098
GOBP_INTRACELLULAR_PH_REDUCTION	-0.8401143049506203	0.7359307359307359	0.8976082317462963	4/37	CA2;BCL2;ATP6V1A;ATP6V0A4	GLOM	GO_BP	no_proc_ieg	10098
GOBP_APOPTOTIC_MITOCHONDRIAL_CHANGES	-0.8412783215858108	0.7706611570247934	0.8959874786856249	21/71	OPA1;NDUFS1;BCL2;ACAA2;PRKN;SLC25A5;BIK;EYA2;FAM162A;IGF1;ERBB4;BCL2L10;NOL3;PARL;NPTX1;AVP;MCL1;MFF;BNIP3L;PPP2CB;MOAP1	GLOM	GO_BP	no_proc_ieg	10098
GOBP_GLYCEROPHOSPHOLIPID_CATABOLIC_PROCESS	-0.842150681665897	0.7068273092369478	0.8949084313661801	3/19	PRDX6;GDPD3;PNLIPRP2	GLOM	GO_BP	no_proc_ieg	10098
GOBP_PROTEIN_LOCALIZATION_TO_GOLGI_APPARATUS	-0.8426351967689495	0.6977225672877847	0.8946509217569463	4/23	VPS13D;GCC2;COG7;VPS13C	GLOM	GO_BP	no_proc_ieg	10098
GOBP_RESPONSE_TO_COCAINE	-0.8433059276181095	0.7535353535353535	0.8939613547093449	13/44	SLC1A1;DRD1;ABAT;MDM2;TACR3;DRD3;OXT;SLC6A4;PITX3;CRH;CHRNB2;DRD5;GAD2	GLOM	GO_BP	no_proc_ieg	10098
GOBP_CYTOSKELETON_DEPENDENT_INTRACELLULAR_TRANSPORT	-0.8436250130670473	0.8607068607068608	0.8939754609053648	39/126	MYO5C;OPA1;HDAC6;PRKCZ;DYNC2H1;STAU1;AP3B1;IFT57;ARL3;CCDC186;SYNE2;RABGEF1;KIF13B;NDEL1;IFT81;IFT25;MAP6D1;SSX2IP;IFT88;PCM1;MAK;SYBU;UBB;TERF2;MAPT;KIF1B;STAU2;MYO19;SPG11;TUB;DLG2;IFT46;DYNC2LI1;APBA1;MAPK8IP3;HAP1;DST;KIF5A;WASL	GLOM	GO_BP	no_proc_ieg	10098
GOBP_NEGATIVE_REGULATION_OF_PROTEIN_POLYMERIZATION	-0.8436735491076872	0.7341772151898734	0.8945743458684953	9/47	RDX;KANK1;VIL1;SPTBN2;DMTN;SPTBN4;STMN1;SCIN;ADD2	GLOM	GO_BP	no_proc_ieg	10098
GOBP_DOPAMINERGIC_NEURON_DIFFERENTIATION	-0.8440009030106316	0.7130977130977131	0.8945938102446741	5/28	LRP6;VEGFA;FOXA2;CTNNB1;PITX3	GLOM	GO_BP	no_proc_ieg	10098
GOBP_CELLULAR_RESPONSE_TO_TOPOLOGICALLY_INCORRECT_PROTEIN	-0.8449323505083619	0.79296875	0.8933288396501916	18/70	PRKN;HDAC6;UMOD;MBTPS2;EIF2AK3;AMFR;HERPUD1;CTH;TMBIM6;ERMP1;PARP6;HSPB8;NFE2L2;PIK3R1;DNAJB9;PACRG;TMED2;PARP16	GLOM	GO_BP	no_proc_ieg	10098
GOBP_POSITIVE_REGULATION_OF_CARDIAC_MUSCLE_CELL_PROLIFERATION	-0.8469594075313605	0.6831275720164609	0.8899513583527281	9/21	BMPR1A;FGFR2;BMP10;ZFPM2;ERBB4;TGFBR3;TBX5;FGF9;GATA6	GLOM	GO_BP	no_proc_ieg	10098
GOBP_MITOCHONDRIAL_RESPIRATORY_CHAIN_COMPLEX_ASSEMBLY	-0.8470429414908279	0.7311608961303462	0.8904815415186876	6/41	AIFM1;NDUFS1;OXA1L;NDUFA10;TACO1;NDUFS3	GLOM	GO_BP	no_proc_ieg	10098
GOBP_SMOOTH_MUSCLE_CELL_APOPTOTIC_PROCESS	-0.8480171668155213	0.6889763779527559	0.8892033743182886	8/28	APOH;LRP6;SIRT1;IGF1;MFN2;ESR1;ADCY10;FOXO1	GLOM	GO_BP	no_proc_ieg	10098
GOBP_PROTEIN_METHYLATION	-0.8482044659732845	0.7378048780487805	0.8895089564515161	2/28	SETD3;BHMT	GLOM	GO_BP	no_proc_ieg	10098
GOBP_POSITIVE_REGULATION_OF_MITOCHONDRIAL_MEMBRANE_PERMEABILITY	-0.8484512124023683	0.7116935483870968	0.8896756870278493	3/22	ACAA2;SLC25A5;EYA2	GLOM	GO_BP	no_proc_ieg	10098
GOBP_POSITIVE_REGULATION_OF_MESENCHYMAL_CELL_PROLIFERATION	-0.8489631862199339	0.6865079365079365	0.8893051212369704	3/20	IRS2;BMPR1A;FGFR2	GLOM	GO_BP	no_proc_ieg	10098
GOBP_REGULATION_OF_URINE_VOLUME	-0.8491468131015708	0.6908713692946058	0.88961430088484	5/18	UMOD;OPRL1;TRPV5;OXT;BTC	GLOM	GO_BP	no_proc_ieg	10098
GOBP_NEURON_FATE_COMMITMENT	-0.849268099439619	0.7203219315895373	0.8900643347600884	13/39	CTNNB1;ESRP1;FEV;GLI3;DLX2;SMAD4;PROX1;FOXG1;ASCL1;MNX1;ATOH1;MYT1L;NKX2-1	GLOM	GO_BP	no_proc_ieg	10098
GOBP_REGULATION_OF_OXIDOREDUCTASE_ACTIVITY	-0.8509205349688241	0.7151162790697675	0.8872729624949368	7/50	CYP27B1;PRKN;HDAC6;SIRT3;MT3;OXA1L;VDR	GLOM	GO_BP	no_proc_ieg	10098
GOBP_PHASIC_SMOOTH_MUSCLE_CONTRACTION	-0.8518788526280846	0.6574468085106383	0.8859690607996518	6/20	SSTR2;DRD1;GHSR;KIT;P2RX2;EDN3	GLOM	GO_BP	no_proc_ieg	10098
GOBP_NEGATIVE_REGULATION_OF_AXONOGENESIS	-0.8523875605802024	0.7391304347826086	0.885606679122636	14/43	HDAC6;CDH1;MT3;EPHA7;ULK1;SPP1;PTPRS;SPART;CDKL3;FSTL4;SEMA5A;DAB1;IFRD1;KIAA0319	GLOM	GO_BP	no_proc_ieg	10098
GOBP_POLARIZED_EPITHELIAL_CELL_DIFFERENTIATION	-0.8527196396344242	0.6843100189035917	0.8856241199801942	6/20	NHERF1;EZR;DLG5;AHI1;MYO9A;FAT1	GLOM	GO_BP	no_proc_ieg	10098
GOBP_RESPONSE_TO_MUSCLE_ACTIVITY	-0.8534688913962701	0.6646825396825397	0.8846936914723174	5/17	CAPN3;AGT;ABCG5;PPARGC1A;MYOG	GLOM	GO_BP	no_proc_ieg	10098
GOBP_POSITIVE_REGULATION_OF_FATTY_ACID_TRANSPORT	-0.8535511760242221	0.6731517509727627	0.8852254557075682	4/21	CYP4A11;CYP4F2;ACSL1;OXT	GLOM	GO_BP	no_proc_ieg	10098
GOBP_STEROID_HORMONE_SECRETION	-0.8539818445631601	0.7017543859649122	0.8849996647685459	5/22	DAB2;AGT;GDF9;CRY2;SPP1	GLOM	GO_BP	no_proc_ieg	10098
GOBP_POLYSACCHARIDE_CATABOLIC_PROCESS	-0.854564641312321	0.6782608695652174	0.8844179046965615	8/23	G6PC1;MGAM;PHKA1;GABARAPL1;ADCY10;PFKM;RB1CC1;CHIA	GLOM	GO_BP	no_proc_ieg	10098
GOBP_FACE_DEVELOPMENT	-0.8555448901595398	0.7270916334661355	0.8830312921240145	6/42	STRA6;ARID5B;CHD7;ZFAND5;CRISPLD2;ASPH	GLOM	GO_BP	no_proc_ieg	10098
GOBP_POSITIVE_REGULATION_OF_DENDRITIC_SPINE_MORPHOGENESIS	-0.8557249115474521	0.6389452332657201	0.8833248029224899	5/15	PTPRD;BAIAP2;STAU2;CUX2;IL1RAPL1	GLOM	GO_BP	no_proc_ieg	10098
GOBP_RETROGRADE_TRANSPORT_ENDOSOME_TO_GOLGI	-0.8567255665153778	0.7230142566191446	0.8818907181534631	10/51	SNX5;PRKN;MAGEL2;GCC2;PREPL;SLC66A2;ERC1;RHOBTB3;VTI1B;ARFIP1	GLOM	GO_BP	no_proc_ieg	10098
GOBP_POSITIVE_REGULATION_OF_EPITHELIAL_CELL_DIFFERENTIATION	-0.8578262941247976	0.7385229540918163	0.8801984116756187	10/48	WNT10B;CYP27B1;VDR;OVOL2;AHI1;PAX2;RFX3;PTCH1;CTNNB1;IL13	GLOM	GO_BP	no_proc_ieg	10098
GOBP_REGULATION_OF_ADENYLATE_CYCLASE_ACTIVITY	-0.8579413550877567	0.7062374245472837	0.8806455909080881	8/30	LGR4;LGR5;DRD1;DRD3;CACNA1D;GLP1R;DRD5;GIPR	GLOM	GO_BP	no_proc_ieg	10098
GOBP_CORTICOSTEROID_HORMONE_SECRETION	-0.8580774047540765	0.6486988847583643	0.8810264012512865	3/15	DAB2;AGT;CRY2	GLOM	GO_BP	no_proc_ieg	10098
GOBP_POSITIVE_REGULATION_OF_ENDOTHELIAL_CELL_APOPTOTIC_PROCESS	-0.8581818710572618	0.6645702306079665	0.8815081779723036	3/16	PRKCI;THBS1;AKR1C3	GLOM	GO_BP	no_proc_ieg	10098
GOBP_PIGMENT_BIOSYNTHETIC_PROCESS	-0.8591757011896718	0.7016129032258065	0.8800138332171635	8/41	PGRMC1;SLC11A2;ALAD;TYRP1;DCT;ABCB7;OCA2;FECH	GLOM	GO_BP	no_proc_ieg	10098
GOBP_NEURONAL_STEM_CELL_POPULATION_MAINTENANCE	-0.8597226148158956	0.6572008113590264	0.8795243797959861	9/17	MCPH1;MMP24;FANCC;PCM1;PROX1;FOXO1;REST;FOXO3;SS18	GLOM	GO_BP	no_proc_ieg	10098
GOBP_REGULATION_OF_INTRACELLULAR_STEROID_HORMONE_RECEPTOR_SIGNALING_PATHWAY	-0.8606565518211391	0.6872340425531915	0.8781485969494043	8/55	HDAC6;SAFB2;SIRT1;DAB2;PER1;PHB1;CRY2;NCOR1	GLOM	GO_BP	no_proc_ieg	10098
GOBP_SENSORY_SYSTEM_DEVELOPMENT	-0.8609561486444947	0.9083820662768031	0.8782120054986393	77/266	STRA6;PRKCI;BMPR1B;RBP4;SLC4A5;BCL2;EGFR;RHO;CHD7;CDK20;CRYBB3;USH1C;TENM3;SCAPER;SLC1A1;SALL2;VEGFA;SLC44A4;TSPAN12;TSKU;SPRY2;RS1;GJA8;PDE6A;HSF4;AHI1;PAX2;FRS2;CRB1;MTNR1B;PDE6B;PRDM1;FZD5;PHACTR4;CTNNB1;MFN2;NEUROD4;GLI3;FAT1;RARB;CYP1A1;DLX2;TFAP2A;DZANK1;PROX1;SOS1;VSX1;SLC17A7;RAB3GAP1;GJA1;PITX3;CRYAB;ATP2B2;BMP7;B9D1;STAU2;SIX6;BCAR3;HPCA;FGF9;IMPG2;GRHL2;WT1;DLG1;DIO3;MAB21L2;NR2E3;JMJD6;TUB;GPM6A;TULP1;HIPK1;MIP;RAX;LIM2;ABI2;SIPA1L3	GLOM	GO_BP	no_proc_ieg	10098
GOBP_FOREBRAIN_DEVELOPMENT	-0.8616034029108623	0.8895705521472392	0.8775034987576693	59/276	SSTR2;HSD3B2;TACC2;NPY;EGFR;PRKG1;DYNC2H1;CHD7;NEUROD6;CDH1;TRAPPC9;BMPR1A;FGFR2;NCOA1;SRGAP2;BBS1;SYNE2;TSKU;FYN;PALS1;DRD1;PEX13;BCAN;NDNF;EMX2;DCT;MAS1;ID4;LRP2;NDEL1;SRD5A2;FOXB1;FRS2;MCPH1;ERBB4;SALL1;PTPRS;CTNNB1;DIXDC1;GLI3;PROP1;RAC3;RARB;DLX2;CHD5;PCM1;PROX1;PEX5;SCN2A;RAB3GAP1;FOXG1;CRH;SECISBP2;CHRNB2;POU3F1;EZH1;ASCL1;EMX1;UBB	GLOM	GO_BP	no_proc_ieg	10098
GOBP_FAT_SOLUBLE_VITAMIN_METABOLIC_PROCESS	-0.8619937932195451	0.6986301369863014	0.8773342717400193	12/37	CYP27B1;CYP3A4;NQO1;CYP4F2;LRP2;CYP1A1;FGF23;NPC1L1;RLBP1;TTPA;BCO1;GC	GLOM	GO_BP	no_proc_ieg	10098
GOBP_DE_NOVO_PROTEIN_FOLDING	-0.8621873844298248	0.7098765432098766	0.8776196321206962	5/25	HSPA9;HSPA1L;DNAJB4;HSPA6;ENTPD5	GLOM	GO_BP	no_proc_ieg	10098
GOBP_POSITIVE_REGULATION_OF_NEURON_APOPTOTIC_PROCESS	-0.8624130401616655	0.6912350597609562	0.8778200979820174	14/45	AIFM1;NQO1;NUPR1;SRPK2;RIPK1;EPHA7;PHB1;CTNNB1;TFAP2A;ADCY10;FBXW7;PITX3;MCL1;ASCL1	GLOM	GO_BP	no_proc_ieg	10098
GOBP_POSITIVE_REGULATION_OF_LIPID_TRANSPORT	-0.8625266643819082	0.7341513292433538	0.8782949566708168	11/65	CYP4A11;APOE;ATP8A1;CYP4F2;PON1;APOA1;SIRT1;DAB2;ACSL1;PTCH1;SPP1	GLOM	GO_BP	no_proc_ieg	10098
GOBP_MALE_MEIOTIC_NUCLEAR_DIVISION	-0.8630756320385203	0.6686991869918699	0.8777660385706323	8/29	FOXJ3;ING2;TEX11;DMC1;TESMIN;HSPA2;SYCP2;UBB	GLOM	GO_BP	no_proc_ieg	10098
GOBP_REGULATION_OF_SIGNALING_RECEPTOR_ACTIVITY	-0.8637075467799168	0.749498997995992	0.8770794003585451	16/62	DAPK1;HDAC6;CACNG5;ACE2;CGA;DLGAP2;CACNG2;MAPK8IP2;CNIH3;ADRA2C;ZGPAT;GREM2;FBXW7;CRH;CBLB;JAK2	GLOM	GO_BP	no_proc_ieg	10098
GOBP_PROTEIN_K63_LINKED_DEUBIQUITINATION	-0.863844227850433	0.6608695652173913	0.8774855939156281	1/16	USP25	GLOM	GO_BP	no_proc_ieg	10098
GOBP_AMYLOID_FIBRIL_FORMATION	-0.8656080197106369	0.6503067484662577	0.8742380124639475	6/31	APOE;PRKN;NAT8;RIPK1;MDM2;NAT8B	GLOM	GO_BP	no_proc_ieg	10098
GOBP_TUBULIN_DEACETYLATION	-0.8657509721207577	0.6581532416502947	0.8746332686360153	7/18	HDAC6;FRY;BEX4;TPPP;MAPT;MBIP;KAT2B	GLOM	GO_BP	no_proc_ieg	10098
GOBP_NEGATIVE_REGULATION_OF_MICROTUBULE_POLYMERIZATION_OR_DEPOLYMERIZATION	-0.8658375813042506	0.673469387755102	0.8751607879780368	10/30	HDAC6;STMN1;MAP6D1;CLASP1;CLASP2;ATXN7;NAV3;DYRK1A;APC2;APC	GLOM	GO_BP	no_proc_ieg	10098
GOBP_SPERMATID_NUCLEUS_DIFFERENTIATION	-0.8666957944849859	0.6411764705882353	0.873960228567054	3/15	RNF8;KAT5;CHD5	GLOM	GO_BP	no_proc_ieg	10098
GOBP_CELL_JUNCTION_MAINTENANCE	-0.8678592670520624	0.6792828685258964	0.8720433690245638	12/30	F2RL1;TJP1;ERC1;FERMT2;SHANK2;CD177;BSN;PARD6A;DLG1;RAB3A;PRTN3;ERC2	GLOM	GO_BP	no_proc_ieg	10098
GOBP_RESPONSE_TO_VITAMIN	-0.8679303520439944	0.7438524590163934	0.8726059227476667	17/79	ALPL;SLC34A1;CYP27B1;EGFR;ALAD;NNT;FABP1;FOLR1;VDR;MDM2;SPP1;KL;PENK;CAT;CYP1A1;GDAP1;CASR	GLOM	GO_BP	no_proc_ieg	10098
GOBP_GLUCOSAMINE_CONTAINING_COMPOUND_METABOLIC_PROCESS	-0.8684593647290698	0.6515463917525773	0.8721194496225654	4/21	CHI3L1;CHST5;OVGP1;RENBP	GLOM	GO_BP	no_proc_ieg	10098
GOBP_CELLULAR_COMPONENT_DISASSEMBLY_INVOLVED_IN_EXECUTION_PHASE_OF_APOPTOSIS	-0.8687477860576072	0.6558044806517311	0.8721701522927756	2/21	AIFM1;CIDEA	GLOM	GO_BP	no_proc_ieg	10098
GOBP_LIPOPROTEIN_BIOSYNTHETIC_PROCESS	-0.8693523685237796	0.693089430894309	0.8714733490983078	18/54	APOE;ZDHHC6;APOA1;ZDHHC4;ALOX12B;ULK1;ZDHHC13;PIGB;RAB3GAP1;PGAP2;SLC30A5;PPM1A;PIGV;RB1CC1;PIGH;PPM1B;PIGL;PGAP1	GLOM	GO_BP	no_proc_ieg	10098
GOBP_NEGATIVE_REGULATION_OF_NEURON_PROJECTION_DEVELOPMENT	-0.869865200891993	0.7677419354838709	0.8710005873439709	27/96	APOE;KANK1;HDAC6;CDH1;MT3;RIT2;CBFA2T2;DAB2;EPHA7;TSKU;NR2F1;ULK1;CRMP1;MDM2;SPP1;PTPRS;THOC2;SPART;PTPRO;GFAP;CDKL3;FSTL4;TRPV4;SEMA5A;DAB1;IFRD1;KIAA0319	GLOM	GO_BP	no_proc_ieg	10098
GOBP_REGULATION_OF_ERAD_PATHWAY	-0.8707411279598852	0.6469465648854962	0.8696832016907684	3/16	USP25;HERPUD1;NFE2L2	GLOM	GO_BP	no_proc_ieg	10098
GOBP_RESPONSE_TO_PAIN	-0.8729525449579102	0.6909090909090909	0.8651678075087933	9/30	THBS4;THBS1;SLC6A2;DBH;P2RX2;CALCA;TACR1;ADAM11;CRH	GLOM	GO_BP	no_proc_ieg	10098
GOBP_RESPONSE_TO_PROSTAGLANDIN_E	-0.8738507630048491	0.6638297872340425	0.8637381991295106	7/21	PRKCE;TNFSF4;AKAP8;PTGER4;OXT;TGFBR3;AANAT	GLOM	GO_BP	no_proc_ieg	10098
GOBP_REGULATION_OF_LIPASE_ACTIVITY	-0.8738735745996055	0.6761133603238867	0.8643979640209897	12/54	APOH;ANG;EGFR;FGFR2;APOC3;PHB1;APOA2;KIT;ADRA1A;PLA2G1B;RGS2;ESR1	GLOM	GO_BP	no_proc_ieg	10098
GOBP_EAR_DEVELOPMENT	-0.874006651997557	0.7563559322033898	0.8647871992144003	30/138	STRA6;BMP5;BCL2;CHD7;LGR5;TCAP;USH1C;HPN;NHERF1;FGFR2;SLC44A4;FZD6;TSKU;INSIG2;SPRY2;AHI1;PAX2;PRKRA;ESRP1;FZD2;GLI3;PLS1;GABRB2;IFT88;TFAP2A;SOBP;PROX1;DLX6;FOXG1;EYA4	GLOM	GO_BP	no_proc_ieg	10098
GOBP_PROTEIN_DNA_COMPLEX_DISASSEMBLY	-0.8745297493395617	0.6357894736842106	0.8642567411000965	2/17	SMARCC1;SUPT16H	GLOM	GO_BP	no_proc_ieg	10098
GOBP_PROTEIN_K63_LINKED_UBIQUITINATION	-0.8748706596269231	0.670061099796334	0.8641617165742499	9/44	DDX3X;PRKN;TRAF5;MAGEL2;RNF186;SASH1;WWP2;RNF8;RIPK2	GLOM	GO_BP	no_proc_ieg	10098
GOBP_NEGATIVE_REGULATION_OF_STEROID_METABOLIC_PROCESS	-0.874945429370916	0.6515463917525773	0.8646922024581774	7/23	BMP5;CYP27B1;APOE;INSIG2;ERLIN1;PROX1;ERLIN2	GLOM	GO_BP	no_proc_ieg	10098
GOBP_EMBRYONIC_PATTERN_SPECIFICATION	-0.875653057482703	0.6765327695560254	0.8636247697558721	18/43	FGFR2;COBL;PCSK6;ZBTB16;FRS2;ERBB4;PTCH1;FZD5;CTNNB1;SMAD4;EPB41L5;TMED2;BMP7;SATB2;WT1;SMAD1;SMAD2;PGAP1	GLOM	GO_BP	no_proc_ieg	10098
GOBP_GPI_ANCHOR_METABOLIC_PROCESS	-0.8777461267841764	0.6449136276391555	0.8593589927317037	9/21	PIGB;GPLD1;PGAP2;SLC30A5;PIGV;PIGH;PIGL;PGAP1;PIGF	GLOM	GO_BP	no_proc_ieg	10098
GOBP_INTERLEUKIN_13_PRODUCTION	-0.8777759476596063	0.6260162601626016	0.860002257980442	3/17	ARG2;PRKCZ;TNFSF4	GLOM	GO_BP	no_proc_ieg	10098
GOBP_MORPHOGENESIS_OF_EMBRYONIC_EPITHELIUM	-0.8777821349554611	0.7378048780487805	0.8606967150452456	22/101	BMP5;OPA1;CDK20;MTHFD1;FGFR2;IFT57;COBL;FOLR1;FZD6;PALS1;SPINT2;OVOL2;PAX2;LRP2;PTCH1;HAND1;PHACTR4;CTNNB1;FZD2;EPB41L5;TFAP2A;PRKACB	GLOM	GO_BP	no_proc_ieg	10098
GOBP_INOSITOL_PHOSPHATE_BIOSYNTHETIC_PROCESS	-0.8778460056032878	0.6666666666666666	0.8612461632309018	9/22	PRKG1;PTH1R;IP6K2;MAS1;ADCYAP1R1;PPIP5K2;AVPR1B;PLCG2;ITPKC	GLOM	GO_BP	no_proc_ieg	10098
GOBP_POSITIVE_REGULATION_OF_MONOATOMIC_ION_TRANSMEMBRANE_TRANSPORT	-0.8779025005893546	0.7616161616161616	0.8618292671000526	27/107	CHP2;CACNB2;GJC2;CALML3;BDKRB1;NHERF1;CALM2;CACNA2D1;CAPN3;ABCB1;DRD1;ANK2;DMD;RGS7;ANK3;KCNIP2;AKAP6;P2RX2;NPPA;PLA2G1B;IL13;ATP1B1;ACTN2;EDN3;FXYD1;PLP1;ADCYAP1R1	GLOM	GO_BP	no_proc_ieg	10098
GOBP_MEGAKARYOCYTE_DEVELOPMENT	-0.8786246585860432	0.6410256410256411	0.860800060727752	3/16	GP5;KIT;ABI1	GLOM	GO_BP	no_proc_ieg	10098
GOBP_T_HELPER_17_CELL_DIFFERENTIATION	-0.8794960621020914	0.6316831683168317	0.8594280065219602	4/23	OPA1;IL23A;RORC;RORA	GLOM	GO_BP	no_proc_ieg	10098
GOBP_MORPHOGENESIS_OF_A_BRANCHING_STRUCTURE	-0.8796325086639687	0.8004032258064516	0.8598089690777186	45/152	LGR4;BCL2;EGF;SEMA3C;ESRP2;FGFR2;CTSH;VEGFA;VDR;EPHA7;AGT;SPINT2;SPRY2;GREB1L;DLG5;PAX2;FGF1;FRS2;PTCH1;PRDM1;SALL1;FZD5;SOX10;CTNNB1;GLI3;GCM1;DLX2;SMAD4;CASR;ESR1;MET;PROX1;TMED2;HOXD13;BMP7;CELSR1;SPINT1;GRHL2;WT1;DLG1;MAP3K13;NKX3-1;CITED1;AGTR2;PAX8	GLOM	GO_BP	no_proc_ieg	10098
GOBP_HIPPOCAMPUS_DEVELOPMENT	-0.879935792329218	0.6845360824742268	0.8597867895407487	22/73	HSD3B2;NEUROD6;NCOA1;BBS1;TSKU;DRD1;BCAN;EMX2;MAS1;ID4;SRD5A2;PTPRS;GLI3;DLX2;PROX1;SCN2A;EZH1;DAB1;YWHAE;OGDH;ATAT1;EPHA5	GLOM	GO_BP	no_proc_ieg	10098
GOBP_REGULATION_OF_BEHAVIOR	-0.8801265198332745	0.6911447084233261	0.8600751445861738	15/54	STRA6;APOE;LEPR;GHSR;GRPR;AHI1;TACR3;MC4R;MTNR1B;OPRL1;PENK;CSF2;CRH;CHRNB2;GNB3	GLOM	GO_BP	no_proc_ieg	10098
GOBP_COLUMNAR_CUBOIDAL_EPITHELIAL_CELL_DIFFERENTIATION	-0.8806144577690632	0.7123287671232876	0.8596538251561174	22/89	BMP5;NPY;FGFR2;CBFA2T2;CDX2;DLG5;PYY;RFX3;PRDM1;FZD5;CEBPB;CDKN1A;CTNNB1;KLF5;IL13;RARB;SPDEF;PROX1;GJA1;BMP7;ASCL1;EMX1	GLOM	GO_BP	no_proc_ieg	10098
GOBP_NUCLEAR_MIGRATION	-0.8807281992647917	0.606694560669456	0.860084550947333	9/16	NHERF1;SYNE2;PCM1;CLMN;SLIT1;NTN1;FBXW11;SUN2;DYNC1H1	GLOM	GO_BP	no_proc_ieg	10098
GOBP_NEUROTRANSMITTER_RECEPTOR_LOCALIZATION_TO_POSTSYNAPTIC_SPECIALIZATION_MEMBRANE	-0.8809148147864303	0.6639839034205232	0.8603489649298386	10/18	PRKCZ;GHSR;ERBB4;CACNG2;IQSEC2;NPTX1;GPC4;DLG1;ERBB2;OGT	GLOM	GO_BP	no_proc_ieg	10098
GOBP_G_PROTEIN_COUPLED_ACETYLCHOLINE_RECEPTOR_SIGNALING_PATHWAY	-0.8812429197117138	0.6371134020618556	0.860266287779654	5/17	HRH3;CHRM5;CHRM2;HRH4;RGS10	GLOM	GO_BP	no_proc_ieg	10098
GOBP_POSITIVE_REGULATION_OF_MACROPHAGE_DERIVED_FOAM_CELL_DIFFERENTIATION	-0.8814909078181394	0.6489795918367347	0.860385267518178	3/15	LPL;PLA2G2A;AGT	GLOM	GO_BP	no_proc_ieg	10098
GOBP_PROTEIN_LOCALIZATION_TO_EXTRACELLULAR_REGION	-0.881517099929504	0.8392484342379958	0.8610449712663952	47/259	ANG;RBP4;RAB11FIP3;APOE;EGFR;HNF1A;PCK2;PRKN;CER1;PRKCE;AP1M2;ADCY8;F2RL1;SIRT3;AFM;PFKFB2;IRS2;CCN3;RAB11FIP2;CCDC186;FOXA2;CAMK2G;NR0B2;CTAGE1;ADTRP;GHSR;ABAT;GNAZ;CPLX3;IGF1;MC4R;MTNR1B;RFX3;DRD3;BMP8A;G6PC2;NECAB3;NR1H4;PLA2G1B;HNF4A;FGA;IL13;ARFIP1;GPLD1;KCNA5;CASR;EXPH5	GLOM	GO_BP	no_proc_ieg	10098
GOBP_DIOL_METABOLIC_PROCESS	-0.8816959436829362	0.6295585412667947	0.8613279738980906	6/18	QDPR;LRP2;SGPP1;SPTLC1;SPTLC3;PCBD1	GLOM	GO_BP	no_proc_ieg	10098
GOBP_POSITIVE_REGULATION_OF_CELL_CYCLE_G1_S_PHASE_TRANSITION	-0.8825677825534884	0.6768916155419223	0.859906980394279	4/37	RDX;AIF1;DDX3X;EGFR	GLOM	GO_BP	no_proc_ieg	10098
GOBP_POSITIVE_REGULATION_OF_ATP_METABOLIC_PROCESS	-0.8827145586177043	0.6311300639658849	0.8602911077537693	5/26	GPD1;SLC4A4;MLXIPL;IGF1;INSR	GLOM	GO_BP	no_proc_ieg	10098
GOBP_POSITIVE_REGULATION_OF_PROTEIN_SECRETION	-0.8829095609949553	0.7037037037037037	0.8605454521576668	27/104	ANG;RBP4;EGFR;PCK2;PRKCE;ADCY8;F2RL1;SIRT3;PFKFB2;IRS2;NR0B2;ABAT;IGF1;NR1H4;PLA2G1B;FGA;IL13;GPLD1;CASR;EXPH5;MYRIP;CRH;SYBU;JAK2;GIPR;PARD6A;PFKM	GLOM	GO_BP	no_proc_ieg	10098
GOBP_WOUND_HEALING_SPREADING_OF_EPIDERMAL_CELLS	-0.8829215306162376	0.6086956521739131	0.8612323871499821	7/19	RREB1;ARHGAP24;FERMT2;FERMT1;CLASP1;CLASP2;HTN1	GLOM	GO_BP	no_proc_ieg	10098
GOBP_BONE_GROWTH	-0.8853922718022474	0.6268041237113402	0.8559558831766895	5/22	CER1;FGFR2;LEPR;TSKU;BNC2	GLOM	GO_BP	no_proc_ieg	10098
GOBP_REGULATION_OF_RECEPTOR_SIGNALING_PATHWAY_VIA_STAT	-0.8867092076645671	0.6933867735470942	0.8533690744012358	24/70	IFNA5;EGF;IL9;GHR;IL23A;VEGFA;PTPRD;AGT;KIT;NLK;ERBB4;IL6R;CSHL1;SOCS2;LEPROT;IFNA2;GGNBP2;IL5;JAK2;IFNW1;DAB1;LEP;PTPRT;SOCS1	GLOM	GO_BP	no_proc_ieg	10098
GOBP_PROTEIN_TARGETING_TO_MITOCHONDRION	-0.8869443568982194	0.6887550200803213	0.853512000439338	18/62	AIFM1;HSPA1L;MTCH2;PRKN;FZD5;GRPEL1;MFN2;PARL;GDAP1;FBXO7;ADCY10;MIPEP;FBXW7;LEPROT;MFF;ARIH2;BNIP3L;AGK	GLOM	GO_BP	no_proc_ieg	10098
GOBP_MUSCLE_CELL_APOPTOTIC_PROCESS	-0.8873139876672647	0.6806387225548902	0.8532911063498848	19/62	APOH;NUPR1;BMPR1A;LRP6;SIRT1;PPP1R10;NKX2-5;IGF1;HAND2;MFN2;NFE2L2;NOL3;SMAD4;ESR1;SIRT5;ADCY10;FOXO1;JAK2;BMP7	GLOM	GO_BP	no_proc_ieg	10098
GOBP_PROGRAMMED_CELL_DEATH_INVOLVED_IN_CELL_DEVELOPMENT	-0.8873607730862403	0.6307385229540918	0.8539000328088943	10/18	BCL2;UNC5C;TEX11;KIT;SYCP2;PRKDC;DNASE1L3;BCL2L1;DDB1;FASLG	GLOM	GO_BP	no_proc_ieg	10098
GOBP_PHOSPHOLIPID_BIOSYNTHETIC_PROCESS	-0.8875517000171024	0.7643564356435644	0.854156429080943	52/156	LPIN1;CISH;HMGCS2;DGKB;PIP5K1A;PIK3C2G;IMPA2;ETNK2;APOA1;IDI1;ALOX15;SLC44A4;SH3YL1;IP6K2;TMEM38B;UVRAG;PISD;APOA2;PIGB;CHPT1;NR1H4;PIK3CB;CHKA;SPTLC1;PIK3R1;SOCS2;PGAP2;SLC30A5;PEMT;SYNJ2;DHDDS;AGPAT3;ETNK1;BMX;PCYT2;PIGV;MTMR6;PIGH;SERINC1;OSBP;SOCS1;IMPA1;CDS1;PIGL;PLCG2;PGAP1;IDH1;MTMR1;SOCS7;INPP5J;ITPKC;SOCS6	GLOM	GO_BP	no_proc_ieg	10098
GOBP_RESPONSE_TO_BMP	-0.888150281894719	0.7309236947791165	0.8533954686864126	25/102	BMPR1B;BMP5;ACVR2A;CER1;BMPR1A;TMEM53;BMP10;SPINT2;PCSK6;AMHR2;LRP2;TOB1;HTRA1;TRIM33;SPART;SMAD4;GDF5;TGFBR3;GREM2;FSTL4;ADAMTS12;BMP7;PPM1A;SPINT1;DDX5	GLOM	GO_BP	no_proc_ieg	10098
GOBP_REGULATION_OF_LIPID_BIOSYNTHETIC_PROCESS	-0.8883690915837792	0.7314410480349345	0.853542731273857	28/122	BMP5;CYP27B1;PCK1;APOE;PRKG1;MBTPS2;SIRT3;AKR1C3;SIRT1;DAB2;APOC3;INSIG2;CGA;PDK4;RGN;ACADL;MLXIPL;FGF1;FGFR4;NR1H4;ERLIN1;KAT5;GPLD1;AVP;ABHD6;PROX1;ERLIN2;FBXW7	GLOM	GO_BP	no_proc_ieg	10098
GOBP_RESPONSE_TO_AMPHETAMINE	-0.8894893129664668	0.6206896551724138	0.8514387122521522	9/26	HDAC6;SLC1A1;DRD1;RGS7;DBH;RGS2;OXT;ASIC1;DRD5	GLOM	GO_BP	no_proc_ieg	10098
GOBP_NUCLEOSIDE_TRIPHOSPHATE_BIOSYNTHETIC_PROCESS	-0.8899612537529283	0.7115789473684211	0.8509301106035586	16/67	SDHC;NDUFS1;ATP6V1A;SDHB;ATP5F1B;PRKAG2;NDUFA10;LDHC;SDHD;ADK;NME5;ATP5MC3;NDUFS3;NDUFV1;SLC25A13;ADCY10	GLOM	GO_BP	no_proc_ieg	10098
GOBP_CELL_MORPHOGENESIS_INVOLVED_IN_NEURON_DIFFERENTIATION	-0.8899695825827233	0.8577777777777778	0.8516257272092376	80/407	AFG3L2;BMPR1B;GOLGA4;ADCY1;APOE;BCL2;PRKG1;HDAC6;HECW1;CYFIP2;CELSR3;SLC11A2;SEMA3C;USH1C;NHERF1;CDH1;ARHGAP33;MT3;FGFR2;COBL;VEGFA;ARHGEF28;SIPA1L1;PTPRD;NEDD4L;SEMA6D;BBS1;EPHA7;TSKU;FYN;CNTN1;CHRNA3;ULK1;SEMA4D;UNC5C;NRXN1;SPTBN4;STMN1;BAIAP2;PAX2;AUTS2;KIF13B;NDEL1;FOXB1;APLP2;ABI1;PTCH1;ANK3;SS18L1;SPP1;MAPK8IP2;PDLIM5;PTPRZ1;RPS6KA5;ARC;PTPRS;PARP6;SLC9A6;TNN;PARD6B;FLRT3;LZTS3;SPART;GLI3;TNIK;PLS1;RAC3;NPTX1;PTPRO;SULT4A1;SMAD4;CDHR1;ADCY10;SOS1;EVX1;EDN3;CDKL3;NDN;SLC25A46;BRAF	GLOM	GO_BP	no_proc_ieg	10098
GOBP_REGULATION_OF_VASCULAR_PERMEABILITY	-0.8904897824080014	0.6428571428571429	0.8510791756162023	4/33	DDAH1;APOE;TJP1;VEGFA	GLOM	GO_BP	no_proc_ieg	10098
GOBP_REGULATION_OF_STEROID_HORMONE_SECRETION	-0.891110352576142	0.6281800391389433	0.8502170586315657	5/19	DAB2;AGT;GDF9;CRY2;SPP1	GLOM	GO_BP	no_proc_ieg	10098
GOBP_POSITIVE_REGULATION_OF_STRIATED_MUSCLE_CELL_DIFFERENTIATION	-0.8913952160967539	0.6356107660455487	0.8502235802101987	8/29	BCL2;MYOD1;BMP10;NRG1;IGF1;MYF6;MYOG;AKAP6	GLOM	GO_BP	no_proc_ieg	10098
GOBP_REGULATION_OF_REPRODUCTIVE_PROCESS	-0.891977040090841	0.7382978723404255	0.8494810147114698	35/133	ACVR1B;NUPR1;TCP11;VEGFA;OVOL1;ZP2;GPR3;OVGP1;RGN;ZFPM2;UNC5C;DMRT1;GDF9;TEX11;TACR3;IGF1;KIT;INSR;CTNNB1;CRISP1;TACR1;OXT;GCM1;CLXN;ESR1;PRDM9;PIWIL2;CFAP69;PAEP;GJA1;SYCP2;NR5A1;HOXD13;CACNA1H;BMP7	GLOM	GO_BP	no_proc_ieg	10098
GOBP_CELL_PROJECTION_MORPHOGENESIS	-0.8922484481276767	0.8725274725274725	0.8495003778963566	83/470	AFG3L2;BMPR1B;GOLGA4;ADCY1;APOE;BCL2;EGFR;PRKG1;PRKN;KANK1;HDAC6;PRKCZ;HECW1;WEE1;CYFIP2;CELSR3;SLC11A2;SEMA3C;CDH1;ARHGAP33;VIL1;MT3;FGFR2;SPAG6;COBL;VEGFA;ARHGEF28;SIPA1L1;SRGAP2;PTPRD;NEDD4L;SEMA6D;EPHA7;TSKU;FYN;CPNE6;CNTN1;NGF;CHRNA3;ULK1;SEMA4D;UNC5C;RREB1;NRXN1;SPTBN4;STMN1;BAIAP2;PAX2;LRP2;AUTS2;KIF13B;NDEL1;FOXB1;APLP2;ABI1;PTCH1;ANK3;SS18L1;MYO9A;SPP1;MAPK8IP2;PDLIM5;PTPRZ1;RPS6KA5;ARC;PTPRS;PARP6;CTNNB1;ENPP2;SLC9A6;TNN;UNC13A;PARD6B;FLRT3;LZTS3;SPART;GLI3;TNIK;RAC3;NPTX1;PTPRO;SULT4A1;SMAD4	GLOM	GO_BP	no_proc_ieg	10098
GOBP_SEGMENTATION	-0.892605772486783	0.6918238993710691	0.8493559344566063	18/62	SEMA3C;TCAP;BMPR1A;COBL;PCSK6;CDX2;FOXB1;FRS2;ABI1;MYF6;FZD5;SMAD4;EPB41L5;TMED2;PRKDC;PCDH8;WT1;NKX3-1	GLOM	GO_BP	no_proc_ieg	10098
GOBP_NEGATIVE_REGULATION_OF_EXTRINSIC_APOPTOTIC_SIGNALING_PATHWAY_VIA_DEATH_DOMAIN_RECEPTORS	-0.8926948426395824	0.6182572614107884	0.8498372099269186	2/21	DDX3X;BMP5	GLOM	GO_BP	no_proc_ieg	10098
GOBP_PYRIMIDINE_NUCLEOTIDE_CATABOLIC_PROCESS	-0.8934630228325795	0.6222664015904572	0.8486354068340064	4/17	DPYS;UPB1;NEIL1;ENTPD5	GLOM	GO_BP	no_proc_ieg	10098
GOBP_PROTEIN_KINASE_A_SIGNALING	-0.8938266396168667	0.6337448559670782	0.8484283555315206	4/33	RDX;PRKG1;TCP11;EZR	GLOM	GO_BP	no_proc_ieg	10098
GOBP_REGULATION_OF_ATP_DEPENDENT_ACTIVITY	-0.8941568588870257	0.6450939457202505	0.8483665823632941	8/40	TNNT2;MYL3;ALDOB;SIRT1;OXA1L;RGN;MYBPC3;TNNI3	GLOM	GO_BP	no_proc_ieg	10098
GOBP_NEGATIVE_REGULATION_OF_CANONICAL_WNT_SIGNALING_PATHWAY	-0.8941949744300098	0.722567287784679	0.8490049289920678	22/87	APOE;PRKN;HECW1;NHERF1;AMFR;DAB2;DKK4;FZD6;NKX2-5;SOX10;CTNNB1;TNN;GLI3;FERMT1;PTPRO;MCC;SMAD4;CBY1;PTPRU;AXIN1;LMBR1L;FOXO1	GLOM	GO_BP	no_proc_ieg	10098
GOBP_NEGATIVE_REGULATION_OF_POTASSIUM_ION_TRANSPORT	-0.894993398636948	0.6260504201680672	0.8476358916434023	11/18	BIN1;NEDD4L;ANK3;ACTN2;NOS1;KEL;GRP;CAB39;KCNE2;KCNE5;PTK2B	GLOM	GO_BP	no_proc_ieg	10098
GOBP_ADHERENS_JUNCTION_ORGANIZATION	-0.8953245828507166	0.6727272727272727	0.8475206016368316	10/43	RDX;CDH1;TJP1;VEGFA;CDH9;CDH10;CDH15;DLG5;FERMT2;CTNNB1	GLOM	GO_BP	no_proc_ieg	10098
GOBP_STRIATED_MUSCLE_ADAPTATION	-0.8954770126253689	0.6162046908315565	0.8478178905972936	15/38	TCAP;MYOD1;GTF2IRD1;KLF15;BMP10;CAMK2G;MYOG;NPPA;MYOZ1;SMAD4;TNNI1;FOXO1;ACACB;GATA6;TRPC3	GLOM	GO_BP	no_proc_ieg	10098
GOBP_NEGATIVE_REGULATION_OF_TRANSMEMBRANE_RECEPTOR_PROTEIN_SERINE_THREONINE_KINASE_SIGNALING_PATHWAY	-0.8954833416044828	0.6905263157894737	0.8485288173245324	17/93	CIDEA;PBLD;MAGI2;CER1;ZNF451;CCN3;SIRT1;TMEM53;ONECUT2;ING2;SPRY2;OVOL2;LRP2;RASL11B;GDF15;TOB1;HTRA1	GLOM	GO_BP	no_proc_ieg	10098
GOBP_CELLULAR_RESPONSE_TO_OXYGEN_RADICAL	-0.8956306451765561	0.5918367346938775	0.8488818047539621	8/18	NQO1;MT3;NFE2L2;FANCC;BMP7;APOA4;CCS;MB	GLOM	GO_BP	no_proc_ieg	10098
GOBP_REGULATION_OF_PLATELET_DERIVED_GROWTH_FACTOR_RECEPTOR_SIGNALING_PATHWAY	-0.8958985612490513	0.5853174603174603	0.848900098407009	7/16	LOX;NHERF1;APOD;NDRG4;CBLB;F3;ADIPOQ	GLOM	GO_BP	no_proc_ieg	10098
GOBP_INTERLEUKIN_5_PRODUCTION	-0.8959697384828518	0.5955734406438632	0.8494255819955154	3/15	PRKCZ;IL9;PDE4D	GLOM	GO_BP	no_proc_ieg	10098
GOBP_GLUTAMATE_SECRETION	-0.8967549379611975	0.6203319502074689	0.8481765238106447	7/21	PRKG1;KMO;AVP;RAB3GAP1;GJA1;TRH;APBA1	GLOM	GO_BP	no_proc_ieg	10098
GOBP_SMOOTH_MUSCLE_TISSUE_DEVELOPMENT	-0.8975599866389736	0.5966735966735967	0.8469321335904632	5/16	STRA6;ZFAND5;PTCH1;TNN;PROX1	GLOM	GO_BP	no_proc_ieg	10098
GOBP_MICROVILLUS_ASSEMBLY	-0.897856038357704	0.5991902834008097	0.8469063783664696	6/18	NHERF1;EZR;MYO1A;RAP1GAP;KLF5;TNIK	GLOM	GO_BP	no_proc_ieg	10098
GOBP_PHARYNGEAL_SYSTEM_DEVELOPMENT	-0.8979131195731923	0.6065934065934065	0.8474850449572324	5/25	BMP5;BMPR1A;FOLR1;NKX2-5;PTCH1	GLOM	GO_BP	no_proc_ieg	10098
GOBP_GLYCEROPHOSPHOLIPID_BIOSYNTHETIC_PROCESS	-0.8980493117273557	0.7140039447731755	0.8478369843796704	44/129	LPIN1;CISH;DGKB;PIP5K1A;PIK3C2G;IMPA2;ETNK2;APOA1;ALOX15;SLC44A4;SH3YL1;IP6K2;UVRAG;PISD;APOA2;PIGB;CHPT1;NR1H4;PIK3CB;CHKA;PIK3R1;SOCS2;PGAP2;SLC30A5;PEMT;SYNJ2;AGPAT3;ETNK1;BMX;PCYT2;PIGV;MTMR6;PIGH;SOCS1;IMPA1;CDS1;PIGL;PLCG2;PGAP1;MTMR1;SOCS7;INPP5J;ITPKC;SOCS6	GLOM	GO_BP	no_proc_ieg	10098
GOBP_PEPTIDE_METABOLIC_PROCESS	-0.8982259426867281	0.6554621848739496	0.8481036806055852	12/53	BDH2;HAGH;CTSH;ACE;SLC1A1;MME;ANPEP;ENPEP;DMD;TRHDE;NFE2L2;PARL	GLOM	GO_BP	no_proc_ieg	10098
GOBP_NEGATIVE_REGULATION_OF_AMYLOID_PRECURSOR_PROTEIN_CATABOLIC_PROCESS	-0.8982933909284738	0.6211812627291242	0.8486575040496165	2/16	BIN1;APOE	GLOM	GO_BP	no_proc_ieg	10098
GOBP_MIDBRAIN_DEVELOPMENT	-0.8984544619263393	0.6630669546436285	0.8489573334125837	18/62	MAOB;CALM2;FGFR2;LRP6;FZD6;DLG5;MAPKAP1;FOXB1;S100A1;CTNNB1;NDUFS3;SOS1;PITX3;PLP1;FGF9;CKB;YWHAE;SMAD1	GLOM	GO_BP	no_proc_ieg	10098
GOBP_T_CELL_LINEAGE_COMMITMENT	-0.8987117818377114	0.592292089249493	0.8489880377275909	6/25	OPA1;BCL2;IL23A;IL6R;FOXN1;BRAF	GLOM	GO_BP	no_proc_ieg	10098
GOBP_FAT_CELL_DIFFERENTIATION	-0.8987459462161682	0.7163265306122449	0.8496241115859099	56/166	LPL;WNT10B;ARID5B;ALDH6A1;HDAC6;RETREG1;VEGFA;SIRT1;RORC;NOCT;BBS1;ZNF516;ASXL1;ZFPM2;RORA;PPARGC1A;RREB1;ZBTB16;ID4;FERMT2;CEBPB;SENP2;IL11;KLF5;RGS2;DLK2;FBXO9;CBY1;AXIN1;FTO;TRPV4;FOXO1;ADGRF1;ANGPTL8;GNB3;ALOXE3;BMP7;EBF2;ADRB3;LEP;PIAS1;ATAT1;SOCS1;PER2;CDS1;MB;UCP1;ADIPOQ;SLC2A4;ENPP1;SAV1;ADRB1;CNTN2;SLC7A10;PNPLA3;IL6	GLOM	GO_BP	no_proc_ieg	10098
GOBP_ENTRAINMENT_OF_CIRCADIAN_CLOCK	-0.8988650312548926	0.6120331950207469	0.8500766352307173	8/20	PER1;USP2;CRY2;PDE6B;BHLHE40;PPP1CC;PER3;PER2	GLOM	GO_BP	no_proc_ieg	10098
GOBP_REGULATION_OF_STEROL_TRANSPORT	-0.8991188946644431	0.6293279022403259	0.8501038071915226	8/37	APOE;EGF;PON1;APOA1;SIRT1;APOC3;APOA2;PTCH1	GLOM	GO_BP	no_proc_ieg	10098
GOBP_NEURON_PROJECTION_ORGANIZATION	-0.8993275547266251	0.6714876033057852	0.8502945965109755	18/73	NEDD9;APOE;HDAC6;ARHGAP33;SIPA1L1;PTPRD;FYN;BAIAP2;INSR;PDLIM5;ARC;LZTS3;PLS1;ADCY10;ZNF804A;GRIN2B;ABHD17B;ZMYND8	GLOM	GO_BP	no_proc_ieg	10098
GOBP_C21_STEROID_HORMONE_BIOSYNTHETIC_PROCESS	-0.899719422624315	0.5890688259109311	0.8500198257611211	3/16	BMP5;CYP11B2;DAB2	GLOM	GO_BP	no_proc_ieg	10098
GOBP_REGULATION_OF_PROTEIN_SECRETION	-0.8998657764142621	0.7463917525773196	0.8503992296845757	36/184	ANG;RBP4;RAB11FIP3;APOE;EGFR;PCK2;PRKN;PRKCE;ADCY8;F2RL1;SIRT3;PFKFB2;IRS2;CCN3;FOXA2;NR0B2;ADTRP;GHSR;ABAT;GNAZ;IGF1;MTNR1B;RFX3;DRD3;BMP8A;G6PC2;NR1H4;PLA2G1B;HNF4A;FGA;IL13;ARFIP1;GPLD1;KCNA5;CASR;EXPH5	GLOM	GO_BP	no_proc_ieg	10098
GOBP_RESPONSE_TO_VITAMIN_D	-0.9004635068452352	0.6156941649899397	0.8495424193915817	9/33	ALPL;CYP27B1;VDR;SPP1;KL;PENK;GDAP1;CASR;FGF23	GLOM	GO_BP	no_proc_ieg	10098
GOBP_NEGATIVE_REGULATION_OF_EXTRINSIC_APOPTOTIC_SIGNALING_PATHWAY	-0.9006063159404024	0.6780684104627767	0.849891387914453	25/71	DDX3X;BMP5;THBS1;BCL2;GATA1;EYA2;RIPK1;IGF1;NOL3;FGA;CSF2;EYA3;TERT;MCL1;EYA4;PAK5;RB1CC1;SIAH2;GCLC;TNFAIP3;IL19;FGB;PHIP;BCL2L1;FGG	GLOM	GO_BP	no_proc_ieg	10098
GOBP_REGULATION_OF_PROTEIN_CONTAINING_COMPLEX_DISASSEMBLY	-0.9006253747389421	0.6810699588477366	0.8505764387591994	22/86	RDX;HDAC6;F2RL1;VIL1;SPTBN2;DMTN;UVRAG;ASPH;SPTBN4;SCIN;INSR;ADD2;MAP6D1;CLEC16A;CLASP1;ACTN2;CLASP2;ATXN7;TRPV4;NAV3;IRAK3;SEMA5A	GLOM	GO_BP	no_proc_ieg	10098
GOBP_GAMMA_AMINOBUTYRIC_ACID_SIGNALING_PATHWAY	-0.9015382836030563	0.6077669902912621	0.8488823507526757	13/21	GABRR2;GABRB2;GABRA1;GABRA4;PHF24;GABRG3;CACNB4;GABRA5;GABRA3;GABRB1;HTR1A;PLCL1;GABRB3	GLOM	GO_BP	no_proc_ieg	10098
GOBP_POSITIVE_REGULATION_OF_MUSCLE_TISSUE_DEVELOPMENT	-0.9025361647998706	0.6103092783505155	0.8469223028751183	6/18	BCL2;MYOD1;MYF6;MYOG;CTNNB1;GJA1	GLOM	GO_BP	no_proc_ieg	10098
GOBP_ENERGY_RESERVE_METABOLIC_PROCESS	-0.9026920502446044	0.6408163265306123	0.8472709718778968	24/71	G6PC1;GYG2;IRS2;MT3;GNMT;LEPR;KHK;PRKAG2;PHKA2;IGF1;MC4R;KL;INSR;ACADM;PHKA1;GABARAPL1;ADCY10;ADGRF1;GYS2;PFKM;ADRB3;RB1CC1;PPP1CC;LEP	GLOM	GO_BP	no_proc_ieg	10098
GOBP_NUCLEOBASE_METABOLIC_PROCESS	-0.9033318049943562	0.6015779092702169	0.8463376009273444	6/34	DPYS;ALDH6A1;SHMT1;CPS1;CRMP1;ADK	GLOM	GO_BP	no_proc_ieg	10098
GOBP_REGULATION_OF_SYNAPSE_ASSEMBLY	-0.9034745080566728	0.66875	0.8466963919170004	18/87	CLSTN2;PTPN13;RAB17;CYFIP2;PTPRD;IL1RAPL2;EPHA7;SYNDIG1;GHSR;DLG5;SEMA4D;NRXN1;PDLIM5;PTPRS;CTNNB1;IQSEC2;FLRT3;OXT	GLOM	GO_BP	no_proc_ieg	10098
GOBP_PROTEIN_LOCALIZATION_TO_VACUOLE	-0.905572654317865	0.6388308977035491	0.8419308903934953	11/52	VPS13D;UMOD;AP3B1;CACNG5;LMBRD1;GCC2;UBAP1;CACNG2;VPS13C;RNF128;GPR137B	GLOM	GO_BP	no_proc_ieg	10098
GOBP_REGULATION_OF_TRANS_SYNAPTIC_SIGNALING	-0.9058439623444559	0.8017241379310345	0.841952005196169	75/339	USP46;CA2;ADCY1;PRKAR2B;CLSTN2;APOE;PLG;EGFR;PRKN;HDAC6;PRKCZ;KCNQ3;STAU1;PRKCE;ADCY8;CACNG5;CDH1;PREPL;ACE;SLC1A1;TSPOAP1;MME;KCNJ10;SIPA1L1;PTPRD;KMO;MPP2;CAMKV;EPHA7;FYN;DRD1;GHSR;NGF;CHRNA3;CPLX3;CHRM2;NRXN1;DLGAP2;CYP46A1;BAIAP2;KIT;ERC1;ADRA1A;RASGRF1;DRD3;SCGN;CACNG2;MAPK8IP2;ARC;KMT2A;PTPRS;SLC18A3;IQSEC2;UNC13A;TACR1;OXT;SHANK2;SLC8A2;BSN;ABHD6;GRIK5;GRIK3;GFAP;GRIN2B;RAB3GAP1;BRAF;CALB2;SLC6A4;ASIC1;CRH;CHRNB2;SYBU;ZMYND8;JAK2;DRD5	GLOM	GO_BP	no_proc_ieg	10098
GOBP_POSITIVE_REGULATION_OF_LIPID_BIOSYNTHETIC_PROCESS	-0.9058836737420347	0.6597938144329897	0.8425931536377843	13/61	PCK1;APOE;SIRT3;DAB2;CGA;RGN;MLXIPL;FGF1;NR1H4;KAT5;GPLD1;AVP;ABHD6	GLOM	GO_BP	no_proc_ieg	10098
GOBP_MRNA_TRANSCRIPTION	-0.907128221971332	0.6039215686274509	0.8401621254295779	6/42	AP3B1;NCOA2;NCBP3;NCOA1;VDR;HIPK3	GLOM	GO_BP	no_proc_ieg	10098
GOBP_TETRAPYRROLE_BIOSYNTHETIC_PROCESS	-0.9072974627655811	0.6016949152542372	0.8404365263664278	5/24	PGRMC1;SLC11A2;ALAD;ABCB7;FECH	GLOM	GO_BP	no_proc_ieg	10098
GOBP_SEROTONIN_TRANSPORT	-0.9081392703597219	0.6063829787234043	0.8389364244959581	7/18	MAOB;SLC22A2;SLC22A1;SLC18A3;SLC6A4;CRH;NOS1	GLOM	GO_BP	no_proc_ieg	10098
GOBP_PYRIMIDINE_NUCLEOBASE_METABOLIC_PROCESS	-0.9084308196937354	0.5838264299802761	0.838898363944804	4/19	DPYS;ALDH6A1;CPS1;CRMP1	GLOM	GO_BP	no_proc_ieg	10098
GOBP_CELLULAR_RESPONSE_TO_GLUCOSE_STARVATION	-0.9090648777223003	0.6	0.8379059563547334	6/31	BCL2;EIF2AK3;SIRT1;YWHAZ;NFE2L2;KAT5	GLOM	GO_BP	no_proc_ieg	10098
GOBP_OOCYTE_MATURATION	-0.9092433819012165	0.5952380952380952	0.8381521352611763	2/26	TUT4;ANG	GLOM	GO_BP	no_proc_ieg	10098
GOBP_EAR_MORPHOGENESIS	-0.9097997100697859	0.6601307189542484	0.8373930025232671	19/77	CHD7;TCAP;USH1C;HPN;NHERF1;FGFR2;SLC44A4;FZD6;INSIG2;SPRY2;PAX2;PRKRA;FZD2;PLS1;TFAP2A;SOBP;PROX1;DLX6;FOXG1	GLOM	GO_BP	no_proc_ieg	10098
GOBP_REGULATION_OF_CALCIUM_ION_TRANSMEMBRANE_TRANSPORTER_ACTIVITY	-0.9101121467447578	0.612	0.8372825981304364	9/44	CACNB2;CALML3;CALM2;CACNA2D1;ANK2;DMD;DRD3;AKAP6;NPPA	GLOM	GO_BP	no_proc_ieg	10098
GOBP_RESPONSE_TO_MITOCHONDRIAL_DEPOLARISATION	-0.9102011067785059	0.5951903807615231	0.8378093961962275	4/15	PRKN;HDAC6;MFN2;VPS13C	GLOM	GO_BP	no_proc_ieg	10098
GOBP_ERBB_SIGNALING_PATHWAY	-0.9106854031484776	0.6554621848739496	0.8372405811279089	24/92	SNX5;EGFR;PLCE1;PTPN3;CPNE3;EGF;SHC3;VIL1;AGT;NRG1;SPRY2;ERBIN;NEU3;ERBB4;GAREM1;TGFA;PTPRR;ZGPAT;SOS1;BRAF;BTC;CBLB;CUL5;KIF16B	GLOM	GO_BP	no_proc_ieg	10098
GOBP_ENDOCRINE_PANCREAS_DEVELOPMENT	-0.9110760285352468	0.6174089068825911	0.836897911602727	13/33	BMP5;EIF2AK3;FOXA2;ONECUT2;RFX3;IL6R;GIPR;GATA6;MNX1;SMO;IL6;RHEB;NEUROD1	GLOM	GO_BP	no_proc_ieg	10098
GOBP_VACUOLAR_TRANSPORT	-0.9112039596093278	0.6666666666666666	0.8373070140444305	16/93	CCDC91;BIN1;VPS13D;GPRASP1;PRKN;AP3B1;CACNG5;GCC2;UBAP1;CDX2;CACNG2;SLC30A3;CLEC16A;VTI1B;VPS13C;HMGXB4	GLOM	GO_BP	no_proc_ieg	10098
GOBP_REGULATION_OF_MRNA_METABOLIC_PROCESS	-0.9112525249134	0.6985446985446986	0.8379107736296284	19/180	RIDA;YTHDC1;PRDX6;TUT4;TRAF5;CSDE1;SRPK2;RBM47;MYOD1;YTHDF3;SAFB2;DCP1A;NOCT;A1CF;SF3B4;RBFOX1;GIGYF2;SRRM1;ARB2A	GLOM	GO_BP	no_proc_ieg	10098
GOBP_RESPONSE_TO_ANGIOTENSIN	-0.9119239118969295	0.602510460251046	0.8368273758885026	9/31	CA2;ACE;AGT;MAS1;KL;NFE2L2;FAT1;PRKCA;ACTN2	GLOM	GO_BP	no_proc_ieg	10098
GOBP_CD4_POSITIVE_ALPHA_BETA_T_CELL_PROLIFERATION	-0.9126572457809701	0.591919191919192	0.835580677764504	4/16	ARG2;RIPK2;CBLB;ITCH	GLOM	GO_BP	no_proc_ieg	10098
GOBP_INTRACELLULAR_PROTEIN_TRANSMEMBRANE_TRANSPORT	-0.914590216043396	0.5748502994011976	0.8310982667678016	7/21	PEX13;C2CD5;PEX7;PEX5;PEX1;PEX5L;GLP1R	GLOM	GO_BP	no_proc_ieg	10098
GOBP_REGULATION_OF_PROTEIN_DEACETYLATION	-0.9148765032952425	0.5737704918032787	0.8310700508090947	9/23	HDAC6;FRY;BEX4;NDN;TPPP;DYRK1A;MAPT;MBIP;KAT2B	GLOM	GO_BP	no_proc_ieg	10098
GOBP_POSITIVE_REGULATION_OF_MACROAUTOPHAGY	-0.9149302323179053	0.6200417536534447	0.8316520909902302	16/61	VPS13D;PRKN;SLC25A5;SIRT1;DCN;SNX4;ULK1;UVRAG;HSPB8;RIPK2;KAT5;SPTLC1;FBXO7;EPM2A;EIF2AK1;RAB3GAP1	GLOM	GO_BP	no_proc_ieg	10098
GOBP_NEGATIVE_REGULATION_OF_ACTIN_FILAMENT_POLYMERIZATION	-0.9150224295057469	0.5941422594142259	0.8321282510459603	8/37	RDX;KANK1;VIL1;SPTBN2;DMTN;SPTBN4;SCIN;ADD2	GLOM	GO_BP	no_proc_ieg	10098
GOBP_NEGATIVE_REGULATION_OF_RESPONSE_TO_ENDOPLASMIC_RETICULUM_STRESS	-0.9153140258498966	0.599601593625498	0.8320930104597668	3/30	USP25;OPA1;PRKN	GLOM	GO_BP	no_proc_ieg	10098
GOBP_POSITIVE_REGULATION_OF_ATP_DEPENDENT_ACTIVITY	-0.9156463114777438	0.560081466395112	0.831945871809564	5/27	TNNT2;MYL3;ALDOB;RGN;MYBPC3	GLOM	GO_BP	no_proc_ieg	10098
GOBP_REGULATION_OF_RESPONSE_TO_ENDOPLASMIC_RETICULUM_STRESS	-0.9170146548822725	0.6324110671936759	0.8289937860001545	8/59	USP25;OPA1;PRKN;MBTPS2;EIF2AK3;NUPR1;SIRT1;HERPUD1	GLOM	GO_BP	no_proc_ieg	10098
GOBP_MUSCLE_CELL_PROLIFERATION	-0.9173531608281972	0.673728813559322	0.8287931145079143	39/159	AIF1;ANG;RBP4;THBS1;APOE;EGFR;PRKG1;SERPINF2;ACE2;BMPR1A;FGFR2;CCN3;BMP10;PHB1;NKX2-5;ZFPM2;PPARGC1A;MDM2;NOX1;IGF1;FRS2;ERBB4;APOD;DBH;MYOG;CDKN1A;CTNNB1;MFN2;IL13;TACR1;IL6R;AKIRIN1;PIK3R1;TGFBR3;NDRG4;TERT;TBX5;MNAT1;GJA1	GLOM	GO_BP	no_proc_ieg	10098
GOBP_REGULATION_OF_DENDRITE_DEVELOPMENT	-0.9179980790112766	0.62	0.8278047643544582	12/73	BMP5;RAB17;HDAC6;HECW1;COBL;PTPRD;NEDD4L;CHRNA3;SEMA4D;BAIAP2;SS18L1;PARP6	GLOM	GO_BP	no_proc_ieg	10098
GOBP_LIMBIC_SYSTEM_DEVELOPMENT	-0.9188356643439172	0.6207584830339321	0.8261949706453444	30/100	HSD3B2;NEUROD6;FGFR2;NCOA1;BBS1;TSKU;DRD1;BCAN;NDNF;EMX2;MAS1;ID4;SRD5A2;FOXB1;PTPRS;CTNNB1;GLI3;PROP1;DLX2;PROX1;SCN2A;RAB3GAP1;CRH;EZH1;UBB;DAB1;YWHAE;OGDH;ATAT1;EPHA5	GLOM	GO_BP	no_proc_ieg	10098
GOBP_CELL_SURFACE_RECEPTOR_PROTEIN_TYROSINE_KINASE_SIGNALING_PATHWAY	-0.9190085373563252	0.7694013303769401	0.8264405944672722	98/449	PDK2;SNX5;SLC39A14;ARID5B;BMP5;SMARCC1;THBS1;NEDD9;EGFR;PLCE1;PTPN3;KANK1;CPNE3;PRKCZ;EGF;CYFIP2;HRG;LOX;EIF2AK3;NHERF1;SHC3;GHR;VIL1;SOS2;IRS2;MT3;COL4A5;FGFR2;VEGFA;ARHGEF28;SIRT1;SIPA1L1;DCN;RABGEF1;EPHA7;ZFAND5;GIGYF2;FYN;AGT;NRG1;SPRY2;GHSR;PDK4;NGF;CHRNA3;TXNIP;ERBIN;STMN1;BAIAP2;AHI1;C2CD5;NEU3;IGF1;KIT;FGF1;NDEL1;GDF15;FRS2;ABI1;ERBB4;MST1R;GAREM1;APOD;GPR21;STAP1;KL;INSR;FGFR4;DNAI1;CTNNB1;NR1H4;TGFA;PIK3CB;GPLD1;FLRT3;PIK3R1;CNKSR1;CSHL1;AHSG;PTPRR;ZGPAT;INSRR;NDRG4;MET;FGF23;XDH;SOS1;NDN;BRAF;SOCS2;COL4A6;BTC;LEPROT;ERCC2;FSTL4;ADAMTS12;CBLB;FOXO1	GLOM	GO_BP	no_proc_ieg	10098
GOBP_NERVE_DEVELOPMENT	-0.9190886139412842	0.6089743589743589	0.8269606282186791	19/65	AFG3L2;KCNQ3;CHD7;ACKR3;NGF;PAX2;SALL1;SCN1A;NAV2;CTNNB1;GLI3;GABRB2;NPTX1;TFAP2A;SCN2A;SLC25A46;CHRNB2;CNGB1;HOXD3	GLOM	GO_BP	no_proc_ieg	10098
GOBP_MELANOCYTE_DIFFERENTIATION	-0.9196251135264178	0.5762376237623762	0.8261533191749252	7/19	BCL2;TYRP1;KIT;OCA2;SOX10;GLI3;EDN3	GLOM	GO_BP	no_proc_ieg	10098
GOBP_VESICLE_TETHERING	-0.9198727272160069	0.5603271983640081	0.8262202960538935	2/15	TRAPPC9;TRAPPC6A	GLOM	GO_BP	no_proc_ieg	10098
GOBP_PROTEIN_LOCALIZATION_TO_LYSOSOME	-0.9211832675977002	0.5869565217391305	0.8233283170525074	4/36	AP3B1;CACNG5;LMBRD1;GCC2	GLOM	GO_BP	no_proc_ieg	10098
GOBP_ATRIAL_CARDIAC_MUSCLE_CELL_TO_AV_NODE_CELL_COMMUNICATION	-0.9218577229208285	0.5571142284569138	0.822194501089504	7/16	CACNB2;KCNJ3;ANK2;KCNA5;GJA1;SCN5A;RYR2	GLOM	GO_BP	no_proc_ieg	10098
GOBP_AXON_ENSHEATHMENT_IN_CENTRAL_NERVOUS_SYSTEM	-0.9220606741001849	0.5635245901639344	0.8223543285413177	9/20	MOBP;KCNJ10;ASPA;CNTN1;ID4;SOX10;PLP1;ERCC2;FA2H	GLOM	GO_BP	no_proc_ieg	10098
GOBP_CELL_JUNCTION_ASSEMBLY	-0.9223433215111575	0.7426160337552743	0.822319398210679	68/319	GJB1;CLSTN2;THBS1;CLDN10;PTPN13;PIP5K1A;BCL2;RAB17;CYFIP2;HRG;PKP4;CLDN14;LAMA3;CDH1;TJP1;ACE2;ACE;VEGFA;SRGAP2;PTPRD;CDH9;CDH10;IL1RAPL2;EPHA7;CLDN8;AGT;DRD1;TLN2;SYNDIG1;ANK2;CDH15;GHSR;DLG5;SPTBN2;DMTN;SEMA4D;NRXN1;CLDN9;ERBB4;APOD;MYO9A;PDLIM5;FZD5;CLDN7;FERMT2;PTPRS;ADD2;CTNNB1;NR1H4;IQSEC2;PARD6B;FLRT3;OXT;GABRB2;NPTX1;PTPRO;SHANK2;GABRA1;CDH18;CLASP1;EPB41L5;BSN;PRKCA;ACTN2;CLASP2;SLC25A46;TBX5;GJA1	GLOM	GO_BP	no_proc_ieg	10098
GOBP_MAINTENANCE_OF_BLOOD_BRAIN_BARRIER	-0.9224028427834182	0.5877712031558185	0.8228987592079312	5/29	TJP1;SLC1A1;VEGFA;TSPAN12;DMD	GLOM	GO_BP	no_proc_ieg	10098
GOBP_PEPTIDE_BIOSYNTHETIC_PROCESS	-0.9225125871392577	0.5491803278688525	0.8233451805487624	5/19	BDH2;HAGH;SLC1A1;DMD;NFE2L2	GLOM	GO_BP	no_proc_ieg	10098
GOBP_RESPONSE_TO_LEUKEMIA_INHIBITORY_FACTOR	-0.9231288007923935	0.6086956521739131	0.8223331700194119	11/71	ARID5B;PMM1;SLC25A5;SHMT1;GLDC;TFRC;SIRT1;PRDM5;SPRY2;PCOLCE2;CTH	GLOM	GO_BP	no_proc_ieg	10098
GOBP_REGULATION_OF_CELL_PROJECTION_ORGANIZATION	-0.9238384070729557	0.7368421052631579	0.8210676409266475	103/477	RDX;CDHR2;PRKCI;GOLGA4;RAB11FIP3;BMP5;EPS8L2;MAGI2;NEDD9;APOE;PLCE1;RAB17;CDHR5;KANK1;HDAC6;HECW1;HRG;USH1C;TENM3;F2RL1;CDH1;ARHGAP33;VIL1;MT3;EZR;COBL;RIT2;VEGFA;CBFA2T2;SIPA1L1;DAB2;PTPRD;NEDD4L;SH3YL1;SYNE2;ULK4;CAMK2G;EPHA7;TSKU;FYN;RAP1GAP;NR2F1;SPRY2;NDNF;CNTN1;CHRNA3;ULK1;DMTN;SEMA4D;RREB1;CRMP1;PTPRF;MDM2;BAIAP2;TBC1D19;ARHGAP24;AUTS2;KIF13B;KIT;NDEL1;SS18L1;STAP1;MYO9A;SPP1;PDLIM5;EVL;ARC;CDKL1;PTPRS;PARP6;NFE2L2;THOC2;ENPP2;KLF5;TNN;RGS2;LZTS3;SPART;AKIRIN1;PIK3R1;TNIK;EPS8L1;PLS1;PTPRO;IFT88;FBXO7;NDRG4;SEPTIN7;ADCY10;MAK;GFAP;ZNF804A;CDKL3;GRIN2B;BRAF;ABHD17B;CCP110;GLCE;CHRNB2;FSTL4;TBC1D1;TRPV4;ZMYND8	GLOM	GO_BP	no_proc_ieg	10098
GOBP_REGULATION_OF_CELLULAR_CATABOLIC_PROCESS	-0.9249620566948988	0.7117903930131004	0.8186330229341084	64/308	SNX5;DAPK1;GPD1;VPS13D;APOE;BCL2;MAPK8;PTPN3;PRKN;SLC25A5;HDAC6;SLC4A4;NNT;NUPR1;RRAGD;ATP6V1A;USP10;AADAC;FABP1;IRS2;MT3;RRAGB;ERCC4;LEPR;SIRT1;DCN;MTMR8;APOC3;DEPDC5;SNX4;ZKSCAN3;ULK1;UVRAG;MLXIPL;IGF1;MLYCD;ADRA1A;INSR;FZD5;KAT8;HSPB8;PHKA1;PARL;RIPK2;RFPL2;CLEC16A;PIK3CB;KAT5;GPLD1;SPTLC1;TAB2;VPS13C;DEPTOR;PACSIN3;FBXO7;EPM2A;MET;GPR137B;ADCY10;EIF2AK1;GFAP;FBXW7;RAB3GAP1;ATP6V0A1	GLOM	GO_BP	no_proc_ieg	10098
GOBP_REGULATION_OF_MUSCLE_TISSUE_DEVELOPMENT	-0.925261410375209	0.608	0.8184960673595189	8/35	WNT10B;BCL2;LOX;MYOD1;MYF6;MYOG;CTNNB1;TNN	GLOM	GO_BP	no_proc_ieg	10098
GOBP_REGULATION_OF_HORMONE_METABOLIC_PROCESS	-0.9254274743086562	0.5714285714285714	0.8187802805468211	5/30	BMP5;CYP27B1;HPN;AKR1C3;DAB2	GLOM	GO_BP	no_proc_ieg	10098
GOBP_POSITIVE_REGULATION_OF_TORC1_SIGNALING	-0.9259806921412821	0.5694716242661448	0.8179720165195666	4/32	SIK3;WDR59;RRAGD;RRAGB	GLOM	GO_BP	no_proc_ieg	10098
GOBP_SECONDARY_METABOLITE_BIOSYNTHETIC_PROCESS	-0.9260897119014552	0.5504950495049505	0.8184159942490855	4/20	BDH2;TYRP1;DCT;OCA2	GLOM	GO_BP	no_proc_ieg	10098
GOBP_POSITIVE_REGULATION_OF_SMAD_PROTEIN_SIGNAL_TRANSDUCTION	-0.9263609866654846	0.5851703406813628	0.8184173236799195	11/33	BMP5;ACVR2A;BMPR1A;DAB2;BMP10;SMAD4;GDF5;TGFBR3;GLCE;JAK2;BMP7	GLOM	GO_BP	no_proc_ieg	10098
GOBP_FOREBRAIN_NEURON_DEVELOPMENT	-0.9265187248206501	0.561822125813449	0.8186960695074772	6/19	FGFR2;NDNF;FOXG1;SECISBP2;UBB;OGDH	GLOM	GO_BP	no_proc_ieg	10098
GOBP_NEUROTROPHIN_SIGNALING_PATHWAY	-0.9266506552551956	0.5706106870229007	0.81905258840887	5/32	MAGI2;CYFIP2;AGT;SPRY2;NGF	GLOM	GO_BP	no_proc_ieg	10098
GOBP_POSITIVE_REGULATION_OF_PROTEIN_LOCALIZATION_TO_CELL_PERIPHERY	-0.9275420530159562	0.6008316008316008	0.8172605023730982	7/52	PRKCI;PGRMC1;EGFR;PRKCE;VIL1;EZR;RAB11FIP2	GLOM	GO_BP	no_proc_ieg	10098
GOBP_NUCLEOTIDE_SUGAR_BIOSYNTHETIC_PROCESS	-0.9276047800047982	0.567741935483871	0.8178259996546624	3/15	PMM1;UAP1;MPI	GLOM	GO_BP	no_proc_ieg	10098
GOBP_REGULATION_OF_DIGESTIVE_SYSTEM_PROCESS	-0.9285288585828148	0.562363238512035	0.8159439615088114	11/25	APOA1;GHSR;ABCG5;SLC22A5;APOA2;OXT;CRH;APOA4;LEP;PTGER3;TFF2	GLOM	GO_BP	no_proc_ieg	10098
GOBP_POSITIVE_REGULATION_OF_CELL_GROWTH	-0.9319349117216249	0.6135458167330677	0.8070356025404416	17/117	USP47;DDX3X;GOLGA4;BCL2;EGFR;PRKN;HPN;IL9;DNPH1;VEGFA;NEDD4L;SLC44A4;CPNE6;SEMA4D;MAPKAP1;SUPV3L1;IGF1	GLOM	GO_BP	no_proc_ieg	10098
GOBP_METALLO_SULFUR_CLUSTER_ASSEMBLY	-0.9323808212677863	0.5394190871369294	0.8065187462734509	6/18	HSPA9;NFS1;ABCB7;XDH;GLRX5;ISCA1	GLOM	GO_BP	no_proc_ieg	10098
GOBP_PROTEIN_KINASE_C_SIGNALING	-0.9324199335619747	0.5749486652977412	0.8071282499056326	7/28	SEZ6L;GPD1L;PRKCZ;VEGFA;ULK4;MAS1;ADRA1A	GLOM	GO_BP	no_proc_ieg	10098
GOBP_POSITIVE_REGULATION_OF_RESPONSE_TO_WOUNDING	-0.9327066254979186	0.5783365570599613	0.8070835750865695	7/60	APOH;THBS1;PLG;KANK1;SERPINF2;PRKCE;HRG	GLOM	GO_BP	no_proc_ieg	10098
GOBP_ACTIN_FILAMENT_DEPOLYMERIZATION	-0.9327102916839012	0.5748987854251012	0.8078122794218675	8/36	RDX;F2RL1;VIL1;SPTBN2;DMTN;SPTBN4;SCIN;ADD2	GLOM	GO_BP	no_proc_ieg	10098
GOBP_REGULATION_OF_NEURONAL_SYNAPTIC_PLASTICITY	-0.9328025201050902	0.5655737704918032	0.8083126704935206	9/37	APOE;KCNJ10;KIT;RASGRF1;ARC;KMT2A;SLC8A2;GRIN2B;RAB3GAP1	GLOM	GO_BP	no_proc_ieg	10098
GOBP_REGULATION_OF_RESPONSE_TO_WOUNDING	-0.9329278744857761	0.625	0.8087157016204568	29/133	APOH;KNG1;THBS1;APOE;PLG;PRKG1;KANK1;SERPINF2;PRKCE;HRG;F2RL1;VIL1;F11;FOXA2;ADTRP;APCS;PROC;DMTN;RREB1;PTPRF;SPP1;FERMT2;PTPRS;NFE2L2;FGA;MYOZ1;FERMT1;TSPAN8;CLASP1	GLOM	GO_BP	no_proc_ieg	10098
GOBP_REGULATION_OF_CYTOPLASMIC_TRANSLATION	-0.9333328465856084	0.5458089668615984	0.8083178584212187	7/17	CSDE1;PIWIL2;PARP16;LIN28A;NMNAT2;IMPACT;CPEB3	GLOM	GO_BP	no_proc_ieg	10098
GOBP_NEGATIVE_REGULATION_OF_MRNA_METABOLIC_PROCESS	-0.9337755243922659	0.5856573705179283	0.8077426966321802	15/58	TRAF5;CSDE1;RBM47;NOCT;A1CF;TOB1;NBAS;CIRBP;TENT5C;ELAVL1;SECISBP2;DYRK1A;TENT5A;THRAP3;TRAF3IP2	GLOM	GO_BP	no_proc_ieg	10098
GOBP_EXTRINSIC_APOPTOTIC_SIGNALING_PATHWAY_VIA_DEATH_DOMAIN_RECEPTORS	-0.9363113614504794	0.5743801652892562	0.8013395193996351	6/59	BMPR1B;DAPK1;DDX3X;BMP5;THBS1;BCL2	GLOM	GO_BP	no_proc_ieg	10098
GOBP_OLIGODENDROCYTE_DEVELOPMENT	-0.9370517792859638	0.5557729941291585	0.7999464734017383	14/35	MOBP;KCNJ10;ASPA;CNTN1;ID4;CERS6;SOX10;WASF3;HDAC11;PLP1;ERCC2;FA2H;ASCL1;TPPP	GLOM	GO_BP	no_proc_ieg	10098
GOBP_OVULATION_CYCLE	-0.9372958923929177	0.5734989648033126	0.8000106914321171	10/58	BMPR1B;EGFR;CA12;SCAPER;SIRT1;NCOA1;AFP;CGA;GDF9;OPRL1	GLOM	GO_BP	no_proc_ieg	10098
GOBP_PYRIMIDINE_DEOXYRIBONUCLEOTIDE_METABOLIC_PROCESS	-0.9378787729104338	0.5625	0.7990638705753083	4/18	DPYS;SHMT1;UPB1;NEIL1	GLOM	GO_BP	no_proc_ieg	10098
GOBP_REGULATION_OF_MACROAUTOPHAGY	-0.9379365007224462	0.642706131078224	0.7996342544895657	29/130	SNX5;VPS13D;MAPK8;PRKN;SLC25A5;HDAC6;NUPR1;ATP6V1A;SIRT1;DCN;MTMR8;SNX4;ULK1;UVRAG;FZD5;HSPB8;PARL;RIPK2;CLEC16A;KAT5;SPTLC1;VPS13C;FBXO7;EPM2A;ADCY10;EIF2AK1;FBXW7;RAB3GAP1;ATP6V0A1	GLOM	GO_BP	no_proc_ieg	10098
GOBP_RESPONSE_TO_DIETARY_EXCESS	-0.9380563507652783	0.5252100840336135	0.8000600430522	7/29	PCSK1N;APOE;SLC12A3;PPARGC1A;GDF15;MC4R;BMP8A	GLOM	GO_BP	no_proc_ieg	10098
GOBP_REGULATION_OF_ACTIN_FILAMENT_BUNDLE_ASSEMBLY	-0.9407392494209024	0.5685071574642127	0.793141431661608	17/77	RDX;PRKN;SERPINF2;TJP1;VIL1;APOA1;STMN1;EVL;FERMT2;ARHGEF5;PTGER4;TACR1;PIK3R1;CLASP1;MET;CLASP2;BRAF	GLOM	GO_BP	no_proc_ieg	10098
GOBP_MATERNAL_PLACENTA_DEVELOPMENT	-0.9408256289617245	0.5472837022132797	0.7936505116489081	6/26	CYP27B1;PRDX3;VDR;GHSR;PRDM1;SPP1	GLOM	GO_BP	no_proc_ieg	10098
GOBP_CELLULAR_RESPONSE_TO_GONADOTROPIN_STIMULUS	-0.9408469458406473	0.5403225806451613	0.7943328592925387	6/15	GATA1;WT1;SLC5A5;GATA6;PAX8;GCLC	GLOM	GO_BP	no_proc_ieg	10098
GOBP_ACTIN_FILAMENT_BUNDLE_ORGANIZATION	-0.9410991539930535	0.59375	0.7943807658832548	25/115	RDX;AIF1;NEDD9;PRKN;SERPINF2;USH1C;TJP1;VIL1;APOA1;EZR;DMTN;STMN1;BAIAP2;EVL;FERMT2;ADD2;ARHGEF5;PTGER4;TACR1;PIK3R1;PLS1;CLASP1;MET;CLASP2;BRAF	GLOM	GO_BP	no_proc_ieg	10098
GOBP_LIPOPROTEIN_METABOLIC_PROCESS	-0.9413825221161041	0.5854166666666667	0.7942717406238887	29/82	APOE;ZDHHC6;ABHD10;APOM;APOA1;ZDHHC4;APOC3;ALOX12B;ULK1;APOA2;ZDHHC13;APOD;PIGB;NPC1L1;APOLD1;RAB3GAP1;ABHD17B;PGAP2;ANGPTL8;APOA4;SLC30A5;PPM1A;PIGV;RB1CC1;LEP;PIGH;APOL5;PPM1B;PIGL	GLOM	GO_BP	no_proc_ieg	10098
GOBP_BIOMINERAL_TISSUE_DEVELOPMENT	-0.9415790346049819	0.6149068322981367	0.7944373497719204	25/124	ALPL;WNT10B;BMPR1B;LGR4;ACVR2A;CYP27B1;CER1;LOX;EIF2AK3;GATA1;BMPR1A;FGFR2;PTH1R;ALOX15;VDR;TMEM38B;AMBN;IGF1;SLC8A1;MEPE;TUFT1;SPP1;KL;CEBPB;SLC24A3	GLOM	GO_BP	no_proc_ieg	10098
GOBP_OSTEOBLAST_DIFFERENTIATION	-0.9419280717717791	0.5956607495069034	0.7941617988731103	36/154	ALPL;WNT10B;BMPR1B;LGR4;WWOX;ACVR2A;LOX;BMPR1A;FGFR2;PTH1R;VEGFA;NOCT;ATP5F1B;TMEM53;PHB1;SEMA4D;GDPD2;ID4;IGF1;HAND2;TOB1;PTCH1;SPP1;FERMT2;CEBPB;CTNNB1;PENK;TNN;IL6R;GLI3;CAT;RRAS2;SMAD4;FGF23;SUCO;TMT1A	GLOM	GO_BP	no_proc_ieg	10098
GOBP_REGULATION_OF_SYSTEMIC_ARTERIAL_BLOOD_PRESSURE_BY_CIRCULATORY_RENIN_ANGIOTENSIN	-0.9422288772387795	0.5283757338551859	0.7940324770292384	4/17	F2RL1;ACE2;ACE;ENPEP	GLOM	GO_BP	no_proc_ieg	10098
GOBP_RESPONSE_TO_ARSENIC_CONTAINING_SUBSTANCE	-0.9422435403898414	0.558	0.7947363445057667	5/22	DDX3X;ALAD;FECH;CDKN1A;CYP1A1	GLOM	GO_BP	no_proc_ieg	10098
GOBP_EPIDERMAL_CELL_DIFFERENTIATION	-0.9424863156076803	0.6135084427767354	0.7947452528890417	42/142	CYP27B1;PIP5K1A;SPINK5;USH1C;NHERF1;KRT75;AKR1C3;KRT81;OVOL1;SLC44A4;VDR;KRT76;OVOL2;TXNIP;IVL;PTCH1;SPRR3;KRT86;CDKN1A;LCE2B;CTNNB1;LORICRIN;SGPP1;ESRP1;PLS1;POU2F3;EXPH5;KRT6B;FOXN1;ERCC2;FA2H;TECTA;POU3F1;KRT4;SPRR1A;KLK5;KRT83;GRHL2;LATS1;SPRR1B;KRT1;GATA6	GLOM	GO_BP	no_proc_ieg	10098
GOBP_REGULATION_OF_RYANODINE_SENSITIVE_CALCIUM_RELEASE_CHANNEL_ACTIVITY	-0.9425780415212118	0.5163934426229508	0.795236987067139	4/15	CALML3;CALM2;DMD;AKAP6	GLOM	GO_BP	no_proc_ieg	10098
GOBP_POSITIVE_REGULATION_OF_AUTOPHAGY_OF_MITOCHONDRION	-0.94263845189312	0.5551181102362205	0.7957768124261952	3/15	VPS13D;PRKN;SLC25A5	GLOM	GO_BP	no_proc_ieg	10098
GOBP_MORPHOGENESIS_OF_A_POLARIZED_EPITHELIUM	-0.9429244321014107	0.5692307692307692	0.7956724209112478	10/41	NHERF1;EZR;FZD6;DLG5;AHI1;ERBB4;JHY;MYO9A;FZD2;FAT1	GLOM	GO_BP	no_proc_ieg	10098
GOBP_CELL_CELL_JUNCTION_ORGANIZATION	-0.9429656509993183	0.599601593625498	0.7963090135847082	31/149	RDX;PRKCI;GJB1;CLDN10;PKP4;F2RL1;CLDN14;CDH1;TJP1;ACE2;CXADR;ACE;VEGFA;CDH9;CDH10;CLDN8;AGT;TLN2;ANK2;CDH15;DLG5;CLDN9;FZD5;CLDN7;FERMT2;CTNNB1;NR1H4;PARD6B;PTPRO;CD177;CDH18	GLOM	GO_BP	no_proc_ieg	10098
GOBP_REGULATION_OF_PROGRAMMED_NECROTIC_CELL_DEATH	-0.9437753558173602	0.5311871227364185	0.7947336172169305	4/22	AIFM1;PRKN;NUPR1;RIPK1	GLOM	GO_BP	no_proc_ieg	10098
GOBP_ALTERNATIVE_MRNA_SPLICING_VIA_SPLICEOSOME	-0.9438568232617108	0.5816326530612245	0.79523347211006	6/44	YTHDC1;RBM47;ESRP2;MYOD1;RBFOX1;ARB2A	GLOM	GO_BP	no_proc_ieg	10098
GOBP_HORMONE_MEDIATED_SIGNALING_PATHWAY	-0.9439097423239841	0.5974842767295597	0.7958223993174983	31/139	NR3C2;SSTR2;ESR2;HDAC6;GHR;SAFB2;SIRT1;DAB2;NCOA1;PER1;PHB1;CGA;GHSR;ACSL1;ESRRG;CRY2;ADIPOR2;NCOR1;RXRG;SST;GTF2H1;RARB;KDM4C;ESR1;ESRRA;CRH;NR5A1;JAK2;FOXH1;DDX5;SAFB	GLOM	GO_BP	no_proc_ieg	10098
GOBP_RESPONSE_TO_NITRIC_OXIDE	-0.9440090323690494	0.5386178861788617	0.7962917708367447	2/16	AIFM1;DPEP1	GLOM	GO_BP	no_proc_ieg	10098
GOBP_CALCIUM_ION_TRANSMEMBRANE_IMPORT_INTO_CYTOSOL	-0.9440210101170472	0.5906183368869936	0.7970144223128922	41/148	GP5;BCL2;PLCE1;CHD7;PRKCE;CALML3;BDKRB1;CALM2;LIME1;CACNA2D1;CAPN3;TRPV6;FYN;DRD1;ANK2;PDE4D;TMEM38B;DMD;LETM1;CACNA1I;SLC8A1;ADRA1A;TMBIM6;TRPV5;AKAP6;P2RX2;PLA2G1B;NOL3;IL13;RYR3;SLC8A2;NALF2;GRIN2B;CACNA1D;ADCYAP1R1;TRPV4;TRPM2;CACNA1H;CACNA1E;CACNA1F;NOS1	GLOM	GO_BP	no_proc_ieg	10098
GOBP_SMOOTH_MUSCLE_CELL_PROLIFERATION	-0.9441460399187437	0.5894308943089431	0.797414105715797	30/114	AIF1;ANG;THBS1;APOE;EGFR;PRKG1;SERPINF2;ACE2;BMPR1A;FGFR2;CCN3;PHB1;PPARGC1A;MDM2;NOX1;IGF1;FRS2;APOD;DBH;CDKN1A;CTNNB1;MFN2;IL13;TACR1;IL6R;PIK3R1;NDRG4;TERT;MNAT1;GJA1	GLOM	GO_BP	no_proc_ieg	10098
GOBP_SYNAPTIC_TRANSMISSION_GLUTAMATERGIC	-0.9444959647697645	0.5855670103092784	0.797142727918192	17/73	EGFR;PRKN;HDAC6;CACNG5;KMO;DRD1;NRXN1;DRD3;CACNG2;MAPK8IP2;IQSEC2;UNC13A;GRIK5;GRIK3;SLC17A7;GRIN2B;RAB3GAP1	GLOM	GO_BP	no_proc_ieg	10098
GOBP_EPIDERMAL_GROWTH_FACTOR_RECEPTOR_SIGNALING_PATHWAY	-0.9452630347225627	0.5690376569037657	0.7956503925387872	19/76	SNX5;EGFR;PLCE1;PTPN3;EGF;SHC3;VIL1;AGT;SPRY2;ERBIN;NEU3;ERBB4;GAREM1;TGFA;ZGPAT;SOS1;BRAF;BTC;CBLB	GLOM	GO_BP	no_proc_ieg	10098
GOBP_PROTEIN_TARGETING_TO_VACUOLE	-0.947507440917647	0.5311203319502075	0.7898507749315204	3/29	VPS13D;AP3B1;GCC2	GLOM	GO_BP	no_proc_ieg	10098
GOBP_REGULATION_OF_AMIDE_METABOLIC_PROCESS	-0.947846172433401	0.5582329317269076	0.7895923646873725	10/48	PDK2;BIN1;APOE;SIRT3;ALDOB;PDK4;IGF1;PDK1;NFE2L2;NR1H4	GLOM	GO_BP	no_proc_ieg	10098
GOBP_SARCOPLASMIC_RETICULUM_CALCIUM_ION_TRANSPORT	-0.9485104472779673	0.5513078470824949	0.788416986591957	10/30	CHD7;CALM2;ANK2;PDE4D;TMEM38B;DMD;SLC8A1;AKAP6;NOL3;RYR3	GLOM	GO_BP	no_proc_ieg	10098
GOBP_POSITIVE_REGULATION_OF_PROTEIN_CONTAINING_COMPLEX_DISASSEMBLY	-0.9488480785778606	0.5183585313174947	0.7881852303120407	7/22	F2RL1;VIL1;UVRAG;INSR;ACTN2;TRPV4;SEMA5A	GLOM	GO_BP	no_proc_ieg	10098
GOBP_REGULATION_OF_RELEASE_OF_SEQUESTERED_CALCIUM_ION_INTO_CYTOSOL	-0.9497952692630693	0.5723684210526315	0.7861149094468983	13/63	CHD7;PRKCE;CALML3;BDKRB1;CALM2;LIME1;CAPN3;DRD1;ANK2;PDE4D;TMEM38B;DMD;SLC8A1	GLOM	GO_BP	no_proc_ieg	10098
GOBP_NEGATIVE_REGULATION_OF_PROTEIN_CONTAINING_COMPLEX_DISASSEMBLY	-0.9506463002110346	0.5273109243697479	0.7843531681356376	19/56	RDX;HDAC6;VIL1;SPTBN2;DMTN;SPTBN4;SCIN;ADD2;MAP6D1;CLEC16A;CLASP1;CLASP2;ATXN7;NAV3;IRAK3;APC2;SPTB;ADD3;APC	GLOM	GO_BP	no_proc_ieg	10098
GOBP_BODY_MORPHOGENESIS	-0.9510053155207353	0.5294117647058824	0.7840495965496229	10/40	STRA6;ARID5B;CRISPLD2;ASPH;PAX9;CLASP1;CLASP2;GREM2;RAB3GAP1;BRAF	GLOM	GO_BP	no_proc_ieg	10098
GOBP_PROTEIN_LOCALIZATION_TO_MITOCHONDRION	-0.9516711851492549	0.5742971887550201	0.7829087648773158	24/78	AIFM1;HSPA1L;MTCH2;PRKN;AP3B1;OXA1L;RNF186;MAIP1;FZD5;GRPEL1;MFN2;PARL;GDAP1;FBXO7;ADCY10;MIPEP;FBXW7;LEPROT;MFF;ARIH2;BNIP3L;AGK;MOAP1;MAPT	GLOM	GO_BP	no_proc_ieg	10098
GOBP_POSITIVE_REGULATION_OF_MRNA_METABOLIC_PROCESS	-0.9529211009319074	0.5342741935483871	0.7799576711391865	9/72	RIDA;PRDX6;TUT4;CSDE1;YTHDF3;DCP1A;NOCT;SF3B4;GIGYF2	GLOM	GO_BP	no_proc_ieg	10098
GOBP_REGULATION_OF_RNA_SPLICING	-0.9532133010630287	0.5522088353413654	0.7798294969300567	35/121	YTHDC1;PRDX6;CCNL1;SRPK2;RBM47;ESRP2;MYOD1;SF3B4;RBFOX1;SRRM1;ARB2A;MBNL2;CELF3;TMBIM6;ESRP1;CIRBP;PTBP2;PIK3R1;MBNL3;AFF2;ATXN7;RBM25;ENY2;DYRK1A;DDX5;THRAP3;JMJD6;HNRNPL;HNRNPF;REST;CLK4;SFSWAP;KAT2B;SON;RBM15B	GLOM	GO_BP	no_proc_ieg	10098
GOBP_PROTEIN_LOCALIZATION_TO_ENDOSOME	-0.9541499606772311	0.5239005736137667	0.777828753923926	3/16	RDX;EGF;EZR	GLOM	GO_BP	no_proc_ieg	10098
GOBP_WNT_SIGNALING_PATHWAY_PLANAR_CELL_POLARITY_PATHWAY	-0.9544335740554573	0.5231388329979879	0.7777937731195692	5/34	MAGI2;CELSR3;DAB2;FZD6;FZD7	GLOM	GO_BP	no_proc_ieg	10098
GOBP_POSITIVE_REGULATION_OF_PROTEIN_LOCALIZATION_TO_MEMBRANE	-0.9544871635570685	0.5291750503018109	0.7784015100662629	14/70	PRKCI;PGRMC1;EGFR;PRKN;PRKCE;VIL1;EZR;NECAB2;RAB11FIP2;FYN;C2CD5;ARHGEF16;ANK3;CACNG2	GLOM	GO_BP	no_proc_ieg	10098
GOBP_REGULATION_OF_CARDIAC_MUSCLE_CELL_PROLIFERATION	-0.9552758742968321	0.5147679324894515	0.7767737448272876	7/32	RBP4;BMPR1A;FGFR2;BMP10;NKX2-5;ZFPM2;ERBB4	GLOM	GO_BP	no_proc_ieg	10098
GOBP_MITOCHONDRIAL_OUTER_MEMBRANE_PERMEABILIZATION	-0.9563076426168293	0.5038910505836576	0.774401377704341	3/18	ACAA2;SLC25A5;EYA2	GLOM	GO_BP	no_proc_ieg	10098
GOBP_LYSOSOMAL_TRANSPORT	-0.9568378075334151	0.5422680412371134	0.7735868498306514	7/74	CCDC91;BIN1;GPRASP1;PRKN;AP3B1;CACNG5;GCC2	GLOM	GO_BP	no_proc_ieg	10098
GOBP_WNT_SIGNALING_PATHWAY	-0.9569221844638492	0.5942622950819673	0.7740825020712451	70/307	WNT10B;USP47;DDX3X;LGR4;WWOX;MAGI2;CMAHP;APOE;EGFR;PRKN;SDC1;KANK1;TNKS2;HECW1;EGF;CER1;LGR5;CELSR3;NHERF1;EDA;CDK14;FGFR2;LRP6;AMFR;DAB2;FOLR1;KLF15;DKK4;FZD6;TSKU;MBD2;NKX2-5;FZD7;NLK;SALL1;FZD5;FERMT2;SENP2;SOX10;CTNNB1;DIXDC1;TNN;FZD2;GLI3;TNIK;RTF1;RAC3;FERMT1;LRRFIP2;PTPRO;HMGXB4;MCC;SMAD4;AMOTL2;TERT;CBY1;PBXIP1;RNF138;PTPRU;AXIN1;SPIN1;LMBR1L;RNF146;FOXO1;TBL1X;RNF220;SEMA5A;TNKS;CELSR1;PPM1A	GLOM	GO_BP	no_proc_ieg	10098
GOBP_SENSORY_ORGAN_DEVELOPMENT	-0.9570339865800087	0.6190476190476191	0.7745187710700397	74/377	STRA6;WNT10B;PRKCI;BMPR1B;RBP4;SLC4A5;BMP5;BCL2;EGFR;RHO;CHD7;NEUROD6;CDK20;LGR5;CRYBB3;TCAP;USH1C;HPN;TENM3;SCAPER;NHERF1;FGFR2;SLC1A1;SALL2;VEGFA;SLC44A4;FZD6;TSPAN12;TSKU;INSIG2;SPRY2;HOXC13;RS1;GJA8;PDE6A;HSF4;AHI1;PAX2;BNC2;KIT;HAND2;FRS2;CRB1;PRKRA;MTNR1B;PDE6B;PRDM1;FZD5;PHACTR4;CTNNB1;MFN2;NEUROD4;ESRP1;FZD2;GLI3;FAT1;PLS1;GABRB2;RARB;CYP1A1;DLX2;IFT88;TFAP2A;SOBP;DZANK1;PROX1;SOS1;VSX1;SLC17A7;DLX6;RAB3GAP1;GJA1;PITX3;FOXG1	GLOM	GO_BP	no_proc_ieg	10098
GOBP_MITOCHONDRION_ORGANIZATION	-0.9573900907975789	0.6105476673427992	0.7742710946474575	68/307	AFG3L2;HSPA9;AIFM1;SLC4A5;OPA1;VPS13D;NDUFS1;HIGD1A;MTCH2;MICU1;BCL2;ACAA2;PRKN;SLC25A5;HDAC6;AP3B1;ZDHHC6;HMGCL;APOO;BIK;RETREG1;TFRC;CXADR;EYA2;DCN;PRDX3;OXA1L;NIPSNAP1;NDUFA10;FAM162A;PHB1;CHCHD3;MAIP1;ULK1;LETM1;PPARGC1A;SUPV3L1;SLC25A36;PISD;IGF1;ERBB4;BCL2L10;FZD5;MFN2;TACO1;COX7A2L;NOL3;PARL;CAMKMT;TMEM11;NDUFS3;VPS13C;NPTX1;LETMD1;GABARAPL1;GDAP1;FBXO7;AVP;SIRT5;TERT;ADCY10;EIF2AK1;PEX5;CLUH;SLC25A46;SLC30A9;FBXW7;SURF1	GLOM	GO_BP	no_proc_ieg	10098
GOBP_CELL_PROJECTION_ASSEMBLY	-0.959650790776855	0.613588110403397	0.7684269488118656	75/359	RDX;AIF1;RAB11FIP3;EPS8L2;PIP5K1A;PLCE1;RAB17;KANK1;HDAC6;DYNC2H1;CYFIP2;HRG;F2RL1;NHERF1;EZR;IFT57;SPAG6;IQCB1;COBL;TOGARAM1;KCNJ10;ARL3;MYO1A;SRGAP2;BBS1;SH3YL1;SYNE2;BBOF1;ONECUT2;RAP1GAP;CFAP74;SPAG16;UNC119B;ABCC4;DMTN;DNAI4;AHI1;TBC1D19;ARHGAP24;AUTS2;KIT;NDEL1;IFT81;IFT25;SCIN;NME5;RFX3;JHY;STAP1;EVL;CDKL1;DNAI1;SSX2IP;WASF3;KLF5;ATXN10;AKIRIN1;PIK3R1;TNIK;EPS8L1;VAV3;RAC3;PTPRO;IFT88;CLXN;RSPH6A;PCM1;SEPTIN7;DNAH7;CFAP69;ACTN2;CBY1;SPATA6;MAK;CDC14B	GLOM	GO_BP	no_proc_ieg	10098
GOBP_ADULT_BEHAVIOR	-0.9596944385318005	0.5316973415132924	0.769032033587479	19/108	USP46;NPY;PRKN;CHD7;SLC1A1;KCNJ10;FOXA2;BBS1;GIGYF2;DRD1;GHSR;ABAT;CHRNA3;SPTBN2;NRXN1;SPTBN4;DRD3;DBH;SCN1A	GLOM	GO_BP	no_proc_ieg	10098
GOBP_REGULATION_OF_MITOCHONDRIAL_MEMBRANE_PERMEABILITY	-0.9600278179921113	0.5159362549800797	0.7688107456703758	4/31	BCL2;ACAA2;SLC25A5;EYA2	GLOM	GO_BP	no_proc_ieg	10098
GOBP_CELL_DIFFERENTIATION_IN_SPINAL_CORD	-0.9600404155307597	0.5158730158730159	0.7695224126866952	5/26	DYNC2H1;ZC4H2;GIGYF2;PTCH1;GLI3	GLOM	GO_BP	no_proc_ieg	10098
GOBP_SYNAPSE_ORGANIZATION	-0.9603699071070633	0.6280087527352297	0.7693097190687691	69/337	SEPTIN11;CACNB2;AFG3L2;CLSTN2;NEDD9;PTPN13;APOE;SEZ6L;RAB17;HDAC6;STAU1;CYFIP2;ZC4H2;CDH1;ARHGAP33;COL4A5;EZR;SLC1A1;SIPA1L1;SRGAP2;PTPRD;CDH9;CDH10;IL1RAPL2;CAMKV;EPHA7;FYN;DRD1;TLN2;SYNDIG1;CPNE6;GHSR;BCAN;YWHAZ;DLG5;SPTBN2;SEMA4D;NRXN1;SPTBN4;PTPRF;BAIAP2;ERC1;ERBB4;SNTA1;ANK3;INSR;CACNG2;PDLIM5;FZD5;RPS6KA5;ARC;PTPRS;ADD2;SLC18A3;CTNNB1;WASF3;P2RX2;IQSEC2;FLRT3;OXT;LZTS3;GABRB2;RAC3;NPTX1;PTPRO;SHANK2;GABRA1;SLC8A2;BSN	GLOM	GO_BP	no_proc_ieg	10098
GOBP_REGULATION_OF_INTRINSIC_APOPTOTIC_SIGNALING_PATHWAY_BY_P53_CLASS_MEDIATOR	-0.9604119627510668	0.5180467091295117	0.7699445350665561	5/19	BCL2;PRKN;SIRT1;ING2;MDM2	GLOM	GO_BP	no_proc_ieg	10098
GOBP_RESPONSE_TO_INCREASED_OXYGEN_LEVELS	-0.9604603177820463	0.5104761904761905	0.7705737332768273	9/20	TXNRD2;ATP6V1A;NOX1;CDKN1A;CAT;CYP1A1;KCNA5;FOXO1;EPO	GLOM	GO_BP	no_proc_ieg	10098
GOBP_POSITIVE_REGULATION_OF_CHOLESTEROL_EFFLUX	-0.9605591232832394	0.5182926829268293	0.7710429854907044	5/20	APOE;PON1;APOA1;SIRT1;PTCH1	GLOM	GO_BP	no_proc_ieg	10098
GOBP_POSITIVE_REGULATION_OF_SMOOTH_MUSCLE_CONTRACTION	-0.9609023447663543	0.503030303030303	0.7707785985828977	7/23	GHSR;ABAT;TACR3;KIT;ADRA1A;TACR1;OXT	GLOM	GO_BP	no_proc_ieg	10098
GOBP_POSITIVE_REGULATION_OF_LIPID_LOCALIZATION	-0.960913171923916	0.5266393442622951	0.771486896831093	12/80	LPL;CIDEA;CYP4A11;APOE;ATP8A1;CYP4F2;PON1;APOA1;SIRT1;DAB2;HILPDA;ACSL1	GLOM	GO_BP	no_proc_ieg	10098
GOBP_VASOCONSTRICTION	-0.9614348994850244	0.5318275154004107	0.7707443800020511	30/75	EGFR;KCNMB2;ACE2;ACE;AGT;ADRA1D;FAAH;SLC8A1;MTNR1B;ADRA1A;SNTA1;DBH;ADRA2C;FGA;TACR1;KCNA5;CASR;AVP;EDN3;SLC6A4;DRD5;SCNN1B;HTR7;DOCK5;AVPR1B;LEP;ADRA1B;ADD3;KEL;PER2	GLOM	GO_BP	no_proc_ieg	10098
GOBP_ASPARTATE_TRANSMEMBRANE_TRANSPORT	-0.962486091988433	0.5091277890466531	0.7683936043391723	6/15	SLC1A5;SLC3A1;SLC1A1;SLC25A12;SLC25A13;GFAP	GLOM	GO_BP	no_proc_ieg	10098
GOBP_PROTEIN_DESTABILIZATION	-0.9625897533966639	0.4909819639278557	0.7688388975681114	8/37	PRKN;HDAC6;ISOC2;CTSH;SIRT1;CAPN3;MDM2;SENP2	GLOM	GO_BP	no_proc_ieg	10098
GOBP_NEGATIVE_REGULATION_OF_ACTIN_FILAMENT_DEPOLYMERIZATION	-0.9635433824856313	0.5188284518828452	0.7667334547883021	7/28	RDX;VIL1;SPTBN2;DMTN;SPTBN4;SCIN;ADD2	GLOM	GO_BP	no_proc_ieg	10098
GOBP_PHOSPHATIDYLINOSITOL_PHOSPHATE_BIOSYNTHETIC_PROCESS	-0.9635649828319448	0.5274509803921569	0.7674326280886616	6/42	CISH;PIP5K1A;PIK3C2G;IMPA2;IP6K2;UVRAG	GLOM	GO_BP	no_proc_ieg	10098
GOBP_CALCIUM_ION_TRANSPORT	-0.963709187400766	0.5975609756097561	0.7677495511289261	84/306	CACNB2;BIN1;AFG3L2;HSPA9;GP5;TRPM6;CYP27B1;MICU1;BCL2;PLCE1;CHD7;EGF;PRKCE;GJC2;CALML3;CACNG5;BDKRB1;MCHR1;CALM2;LIME1;ACE;PKD2L1;CACNA2D1;VDR;ATP2B3;CAPN3;TRPV6;CAMK2G;FYN;DRD1;ANK2;PKDREJ;PDE4D;TMEM38B;DMD;MAIP1;LETM1;CACNA1I;SLC8A1;ATP2C2;ADRA1A;CSN2;DRD3;TMBIM6;CACNG2;TRPM3;CTNNB1;TRPV5;RCVRN;AKAP6;SLC24A3;P2RX2;CLCA1;NPPA;PLA2G1B;NOL3;PDE4B;IL13;RYR3;CASR;PACSIN3;BSPRY;SLC8A2;NALF2;ATP1B1;SLC3A2;GRIN2B;CACNA1D;ASIC1;CRH;CHRNB2;PLP1;ADCYAP1R1;ATP2B2;TRPV4;TRPM2;CACNA1H;CNGB1;CACNA1E;CACNA2D2;CUL5;CACNA1F;MICU2;NOS1	GLOM	GO_BP	no_proc_ieg	10098
GOBP_REGULATION_OF_HEART_GROWTH	-0.964292351061729	0.5210643015521065	0.7667334827142968	18/49	RBP4;BMPR1A;FGFR2;BMP10;NKX2-5;ZFPM2;IGF1;ERBB4;AKAP6;RGS2;TGFBR3;PROX1;TBX5;ACACB;FGF9;WT1;GATA6;KCNK2	GLOM	GO_BP	no_proc_ieg	10098
GOBP_NEGATIVE_REGULATION_OF_STEM_CELL_PROLIFERATION	-0.9646919304655676	0.5088757396449705	0.7663240116297346	6/15	OVOL1;OVOL2;PTCH1;GLI3;RARB;FERMT1	GLOM	GO_BP	no_proc_ieg	10098
GOBP_PROTEIN_DEUBIQUITINATION	-0.9659197892810959	0.5375	0.7634527037789545	6/55	USP25;USP46;USP47;USP10;USP2;OTUD3	GLOM	GO_BP	no_proc_ieg	10098
GOBP_REGULATION_OF_TRANSMEMBRANE_RECEPTOR_PROTEIN_SERINE_THREONINE_KINASE_SIGNALING_PATHWAY	-0.9659502185019537	0.5419222903885481	0.7641130552083999	29/173	CIDEA;BMP5;PBLD;ACVR2A;THBS1;MAGI2;ACVR1B;CER1;LOX;ZNF451;BMPR1A;CCN3;SIRT1;DAB2;FOLR1;TMEM53;BMP10;PALS1;ONECUT2;ING2;PCSK6;SPRY2;OVOL2;DMRT1;LRP2;RASL11B;GDF15;TOB1;HTRA1	GLOM	GO_BP	no_proc_ieg	10098
GOBP_NEGATIVE_REGULATION_OF_LEUKOCYTE_MIGRATION	-0.9659644718163887	0.5290581162324649	0.7648215942895382	11/35	C5;BMP5;DPP4;CCN3;RABGEF1;ADTRP;GDF15;APOD;STAP1;PTGER4;CCL25	GLOM	GO_BP	no_proc_ieg	10098
GOBP_CEREBRAL_CORTEX_DEVELOPMENT	-0.9659765784589157	0.530938123752495	0.7655410912496388	17/88	TACC2;NPY;EGFR;TRAPPC9;NCOA1;SRGAP2;BBS1;SYNE2;PALS1;PEX13;EMX2;NDEL1;MCPH1;PTPRS;CTNNB1;DIXDC1;GLI3	GLOM	GO_BP	no_proc_ieg	10098
GOBP_CALCIUM_DEPENDENT_CELL_CELL_ADHESION_VIA_PLASMA_MEMBRANE_CELL_ADHESION_MOLECULES	-0.9660242506799794	0.5077821011673151	0.766174140539584	6/30	CDH16;CDH1;SELP;CDH9;CDH10;CDH15	GLOM	GO_BP	no_proc_ieg	10098
GOBP_NEGATIVE_REGULATION_OF_COLD_INDUCED_THERMOGENESIS	-0.9662020663851746	0.5282258064516129	0.766386082633893	4/39	WNT10B;LGR4;CIDEA;ACOT11	GLOM	GO_BP	no_proc_ieg	10098
GOBP_SYNAPSE_ASSEMBLY	-0.9665234612052565	0.5417558886509636	0.7661843849881541	31/147	CLSTN2;PTPN13;RAB17;CYFIP2;CDH1;SRGAP2;PTPRD;CDH9;IL1RAPL2;EPHA7;DRD1;SYNDIG1;GHSR;DLG5;SPTBN2;SEMA4D;NRXN1;ERBB4;PDLIM5;FZD5;PTPRS;ADD2;CTNNB1;IQSEC2;FLRT3;OXT;GABRB2;NPTX1;SHANK2;GABRA1;BSN	GLOM	GO_BP	no_proc_ieg	10098
GOBP_CEREBRAL_CORTEX_RADIALLY_ORIENTED_CELL_MIGRATION	-0.9686383497348497	0.5092783505154639	0.760717223151666	8/26	SRGAP2;SYNE2;NDEL1;CTNNB1;DIXDC1;GLI3;FOXG1;DAB1	GLOM	GO_BP	no_proc_ieg	10098
GOBP_ACIDIC_AMINO_ACID_TRANSPORT	-0.9688308767407026	0.5296523517382413	0.7608894499160914	14/51	SLC6A13;PRKG1;NHERF1;SLC3A1;SLC1A1;KCNJ10;KMO;ABAT;SLC25A12;AVP;SLC25A13;SLC17A7;RAB3GAP1;GJA1	GLOM	GO_BP	no_proc_ieg	10098
GOBP_CELLULAR_PIGMENTATION	-0.9689455806984448	0.4722222222222222	0.761342667910108	5/39	APOE;BCL2;RAB17;AP3B1;TYRP1	GLOM	GO_BP	no_proc_ieg	10098
GOBP_REGULATION_OF_HIPPO_SIGNALING	-0.9698315915315538	0.49809885931558934	0.7594303378285086	9/22	DLG5;WWC2;WWC1;SHANK2;FRMD1;CIT;YWHAE;STRN3;MAP2K3	GLOM	GO_BP	no_proc_ieg	10098
GOBP_NEGATIVE_REGULATION_OF_WNT_SIGNALING_PATHWAY	-0.9699170933583586	0.5379876796714579	0.7599495851562433	33/107	WWOX;APOE;PRKN;HECW1;CER1;NHERF1;AMFR;DAB2;DKK4;FZD6;TSKU;NKX2-5;NLK;SOX10;CTNNB1;TNN;GLI3;FERMT1;PTPRO;HMGXB4;MCC;SMAD4;CBY1;PTPRU;AXIN1;LMBR1L;FOXO1;FGF9;APC2;SIAH2;LATS1;CITED1;SOX30	GLOM	GO_BP	no_proc_ieg	10098
GOBP_NUCLEOSIDE_DIPHOSPHATE_METABOLIC_PROCESS	-0.9700485065900267	0.5122950819672131	0.7602953612430198	20/97	OGDHL;GPD1;FBP1;PGM1;SLC4A4;NUPR1;PFKFB2;ALDOB;PKLR;PRKAG2;DHTKD1;PRKAG1;PFKFB1;PGAM2;GALK1;MLXIPL;IGF1;NCOR1;ENTPD5;INSR	GLOM	GO_BP	no_proc_ieg	10098
GOBP_MODIFICATION_OF_SYNAPTIC_STRUCTURE	-0.9701739341334675	0.47950819672131145	0.7606830818241703	5/20	STAU1;CAMKV;DRD1;BAIAP2;WASF3	GLOM	GO_BP	no_proc_ieg	10098
GOBP_NEGATIVE_REGULATION_OF_STRIATED_MUSCLE_CELL_APOPTOTIC_PROCESS	-0.970721184112741	0.5247933884297521	0.7597667714401267	9/18	NUPR1;PPP1R10;NKX2-5;HAND2;NFE2L2;NOL3;SIRT5;JAK2;BMP7	GLOM	GO_BP	no_proc_ieg	10098
GOBP_CARDIAC_MUSCLE_CELL_PROLIFERATION	-0.9709952801496534	0.4794238683127572	0.7597378398076058	14/38	RBP4;BMPR1A;FGFR2;BMP10;NKX2-5;ZFPM2;ERBB4;TGFBR3;NDRG4;TBX5;FGF9;GATA6;SMAD1;KCNK2	GLOM	GO_BP	no_proc_ieg	10098
GOBP_REGULATION_OF_SKELETAL_MUSCLE_TISSUE_DEVELOPMENT	-0.9710039900783589	0.5088062622309197	0.7604642434427867	6/18	WNT10B;BCL2;MYOD1;MYF6;MYOG;CTNNB1	GLOM	GO_BP	no_proc_ieg	10098
GOBP_REGULATION_OF_APPETITE	-0.971166625575673	0.4765957446808511	0.7607329467956014	7/15	NPY;GHSR;GDF15;HTR4;LEP;CARTPT;SCTR	GLOM	GO_BP	no_proc_ieg	10098
GOBP_RESPONSE_TO_STEROL	-0.971422251123539	0.49183673469387756	0.7607507684766239	6/23	LRP6;RORC;INSIG2;RORA;PTCH1;GPLD1	GLOM	GO_BP	no_proc_ieg	10098
GOBP_CANONICAL_WNT_SIGNALING_PATHWAY	-0.9715716621397391	0.5360169491525424	0.761096240403333	23/204	WNT10B;USP47;DDX3X;LGR4;APOE;EGFR;PRKN;SDC1;KANK1;TNKS2;HECW1;EGF;LGR5;NHERF1;EDA;CDK14;FGFR2;LRP6;AMFR;DAB2;FOLR1;DKK4;FZD6	GLOM	GO_BP	no_proc_ieg	10098
GOBP_PROTEIN_COMPLEX_OLIGOMERIZATION	-0.9726030100214774	0.5213849287169042	0.7587684755094014	34/172	AQP2;OPA1;SLC1A5;TRPM6;MICU1;CRYZ;GLS;ALAD;SHMT1;ADCY8;KCNS1;KCNV2;KCNA4;GNMT;UPB1;KCNG2;KCNG1;PKD2L1;HSD17B8;OXA1L;MPP2;ACOT13;RS1;LETM1;CTH;KCNA10;DEFA5;EVL;ARC;CBR4;TRPM3;TRPV5;NOL3;RIPK2	GLOM	GO_BP	no_proc_ieg	10098
GOBP_NUCLEOTIDE_EXCISION_REPAIR	-0.9727891938476835	0.4838709677419355	0.7589675385768949	15/57	SMARCC1;POLD3;BCL7A;ERCC4;SIRT1;ACTL6B;ERCC8;POLA1;KAT5;FANCC;GTF2H1;SLC30A9;MNAT1;ERCC2;XPA	GLOM	GO_BP	no_proc_ieg	10098
GOBP_FATTY_ACYL_COA_METABOLIC_PROCESS	-0.9732304413156688	0.5031578947368421	0.7583795962277263	6/24	ACAT1;SLC27A2;ACOT7;ACSBG2;ACSL1;GCDH	GLOM	GO_BP	no_proc_ieg	10098
GOBP_POSITIVE_REGULATION_OF_GROWTH	-0.9740223869706003	0.5139186295503212	0.7567983525287483	33/189	USP47;DDX3X;GOLGA4;BCL2;EGFR;PRKN;CHD7;HPN;IL9;GHR;VIL1;MYOD1;BMPR1A;EZR;FGFR2;DNPH1;VEGFA;NEDD4L;SLC44A4;BMP10;CAPN3;TFCP2L1;CPNE6;GHSR;ZFPM2;SEMA4D;SPTBN4;MAPKAP1;SUPV3L1;IGF1;ERBB4;GPR21;INSR	GLOM	GO_BP	no_proc_ieg	10098
GOBP_CHAPERONE_COFACTOR_DEPENDENT_PROTEIN_REFOLDING	-0.9745652609892046	0.49606299212598426	0.7559150525642775	4/19	HSPA9;HSPA1L;DNAJB4;HSPA6	GLOM	GO_BP	no_proc_ieg	10098
GOBP_GLUTAMINE_METABOLIC_PROCESS	-0.9747208726571867	0.47551020408163264	0.7562213149617344	6/18	GLS;CPS1;NIT2;GLS2;NR1H4;ASL	GLOM	GO_BP	no_proc_ieg	10098
GOBP_MICROTUBULE_BASED_MOVEMENT	-0.9749028276871707	0.539714867617108	0.7564926236236184	73/221	OPA1;HDAC6;PRKCZ;DYNC2H1;STAU1;AP3B1;NHERF1;CFAP45;IFT57;SPAG6;ARL3;BBS1;SYNE2;RABGEF1;BBOF1;ING2;LZTFL1;LDHC;SPAG16;RGN;DNAI4;TACR3;DYNLRB1;KIF13B;NDEL1;IFT81;IFT25;NME5;RFX3;JHY;CELF3;DNAI1;SSX2IP;TACR1;SLC22A14;IFT88;CLXN;PGK2;RSPH6A;PCM1;DNAH7;CFAP69;ADCY10;MAK;DNAH9;SYBU;UBB;TEKT2;GAPDHS;TERF2;KIF16B;MAPT;KIF1B;STAU2;DNAAF1;KIF22;ASH1L;APC;SPG11;TUB;PIERCE1;DLG2;IFT46;DYNC2LI1;APBA1;SMCP;PLTP;CFAP20;MAPK8IP3;CFAP43;HAP1;DST;KIF5A	GLOM	GO_BP	no_proc_ieg	10098
GOBP_NEGATIVE_REGULATION_OF_NUCLEOTIDE_METABOLIC_PROCESS	-0.975834899485437	0.48443579766536965	0.7544766821706488	5/19	FBP1;NUPR1;ALDOB;PFKFB1;NCOR1	GLOM	GO_BP	no_proc_ieg	10098
GOBP_FACE_MORPHOGENESIS	-0.9767333769864993	0.4887525562372188	0.7525332980706632	5/24	STRA6;ARID5B;CRISPLD2;ASPH;PAX9	GLOM	GO_BP	no_proc_ieg	10098
GOBP_NADPH_REGENERATION	-0.9781826504501704	0.47704590818363274	0.7488118002110913	4/19	ALDH1L1;NNT;ALDOB;RBKS	GLOM	GO_BP	no_proc_ieg	10098
GOBP_NEURAL_TUBE_DEVELOPMENT	-0.9782553153796306	0.49798387096774194	0.7493570717730412	28/104	BMP5;OPA1;CDK20;SEMA3C;MTHFD1;IFT57;COBL;FOLR1;FZD6;SPINT2;OVOL2;PAX2;LRP2;FOXB1;PTCH1;PHACTR4;FZD2;KAT5;GLI3;PRKACB;CBY1;PROX1;TMED2;GPR161;RNF220;BMP7;CELSR1;SPINT1	GLOM	GO_BP	no_proc_ieg	10098
GOBP_REGULATION_OF_FATTY_ACID_BIOSYNTHETIC_PROCESS	-0.9784045807107696	0.45979381443298967	0.7496728476231274	13/36	SIRT1;APOC3;INSIG2;PDK4;RGN;ACADL;MLXIPL;ERLIN1;AVP;ERLIN2;APOA4;KLHL25;ABCD2	GLOM	GO_BP	no_proc_ieg	10098
GOBP_CGMP_MEDIATED_SIGNALING	-0.979628085961249	0.48303393213572854	0.7468676123538193	7/31	THBS1;NHERF4;APOE;PRKG1;AGT;MTNR1B;NPPA	GLOM	GO_BP	no_proc_ieg	10098
GOBP_LONG_TERM_SYNAPTIC_POTENTIATION	-0.9801841527607069	0.4967741935483871	0.745929420714022	20/66	ADCY1;APOE;PRKCZ;STAU1;ADCY8;SLC1A1;MME;MPP2;DRD1;CYP46A1;SCGN;ARC;SLC18A3;SHANK2;SLC8A2;GFAP;GRIN2B;BRAF;CALB2;CRH	GLOM	GO_BP	no_proc_ieg	10098
GOBP_POSITIVE_REGULATION_OF_SYNAPSE_ASSEMBLY	-0.9802126978705547	0.4827586206896552	0.7465932177408104	9/43	CLSTN2;PTPRD;SYNDIG1;DLG5;SEMA4D;NRXN1;IQSEC2;FLRT3;OXT	GLOM	GO_BP	no_proc_ieg	10098
GOBP_CYTOSOLIC_TRANSPORT	-0.9803665244930935	0.4860215053763441	0.7468993883180859	15/75	SNX5;CCDC91;DOP1A;PRKN;MAGEL2;GCC2;PREPL;AP1AR;SLC66A2;ERC1;RHOBTB3;VTI1B;ARFIP1;MON2;VPS13C	GLOM	GO_BP	no_proc_ieg	10098
GOBP_TYPE_B_PANCREATIC_CELL_PROLIFERATION	-0.9813916269496279	0.5019607843137255	0.7445766811126434	7/20	NUPR1;IRS2;CCN3;RASGRF1;ANGPTL8;WDR13;DACH1	GLOM	GO_BP	no_proc_ieg	10098
GOBP_RESPONSE_TO_HYPEROXIA	-0.9817324778845501	0.49320388349514566	0.7443031834254392	8/16	TXNRD2;NOX1;CDKN1A;CAT;CYP1A1;KCNA5;FOXO1;EPO	GLOM	GO_BP	no_proc_ieg	10098
GOBP_CELL_CELL_JUNCTION_ASSEMBLY	-0.981854213530904	0.4647058823529412	0.7446934716837074	34/108	GJB1;CLDN10;PKP4;CLDN14;CDH1;TJP1;ACE2;ACE;CDH9;CDH10;CLDN8;AGT;TLN2;ANK2;CDH15;DLG5;CLDN9;FZD5;CLDN7;CTNNB1;NR1H4;PARD6B;PTPRO;CDH18;PRKCA;TBX5;GJA1;TRPV4;CLDN6;EPB41L3;UGT8;PATJ;GRHL2;DLG1	GLOM	GO_BP	no_proc_ieg	10098
GOBP_POSITIVE_REGULATION_OF_MRNA_CATABOLIC_PROCESS	-0.9830616235823852	0.4911591355599214	0.7417215913693495	7/52	RIDA;TUT4;CSDE1;YTHDF3;DCP1A;NOCT;GIGYF2	GLOM	GO_BP	no_proc_ieg	10098
GOBP_FATTY_ACYL_COA_BIOSYNTHETIC_PROCESS	-0.9836730351287385	0.4774951076320939	0.7407208964440767	5/19	ACAT1;SLC27A2;ACSBG2;ACSL1;GCDH	GLOM	GO_BP	no_proc_ieg	10098
GOBP_L_ALPHA_AMINO_ACID_TRANSMEMBRANE_TRANSPORT	-0.9856633595624503	0.46723044397463004	0.7355031194836729	14/46	SLC1A5;ACE2;SLC3A1;SLC47A1;SLC1A1;KCNJ10;SLC7A9;SLC25A12;SLC22A2;SLC38A3;RGS2;SLC3A2;SLC25A13;SLC17A7	GLOM	GO_BP	no_proc_ieg	10098
GOBP_NEGATIVE_REGULATION_OF_INTRINSIC_APOPTOTIC_SIGNALING_PATHWAY_IN_RESPONSE_TO_DNA_DAMAGE	-0.9862943201910643	0.47789473684210526	0.7344280100232201	5/22	USP47;BCL2;SIRT1;ACKR3;ING2	GLOM	GO_BP	no_proc_ieg	10098
GOBP_APOPTOTIC_DNA_FRAGMENTATION	-0.9866147614464572	0.4797570850202429	0.7342491763906284	2/15	AIFM1;CIDEA	GLOM	GO_BP	no_proc_ieg	10098
GOBP_REGULATION_OF_ALTERNATIVE_MRNA_SPLICING_VIA_SPLICEOSOME	-0.9870847514298074	0.48148148148148145	0.7335872119667455	6/31	YTHDC1;RBM47;MYOD1;RBFOX1;ARB2A;CELF3	GLOM	GO_BP	no_proc_ieg	10098
GOBP_RNA_STABILIZATION	-0.9872854081694854	0.48902195608782434	0.7337489633012565	11/40	TRAF5;CSDE1;RBM47;NOCT;METTL1;CIRBP;TENT5C;ELAVL1;TENT5A;THRAP3;TRAF3IP2	GLOM	GO_BP	no_proc_ieg	10098
GOBP_PHOSPHATIDYLINOSITOL_MEDIATED_SIGNALING	-0.9877196299717541	0.4812623274161736	0.7331568216576406	2/19	PLCE1;PIK3C2G	GLOM	GO_BP	no_proc_ieg	10098
GOBP_REGULATION_OF_LYASE_ACTIVITY	-0.9878418993499827	0.47514910536779326	0.733527428923758	11/37	LGR4;LGR5;GUCA1B;DRD1;DRD3;CACNA1D;GLP1R;DRD5;GIPR;NOS1;NOS2	GLOM	GO_BP	no_proc_ieg	10098
GOBP_CYCLIC_NUCLEOTIDE_METABOLIC_PROCESS	-0.9880087635724273	0.47704590818363274	0.7338287706963699	7/35	PDE8A;ADCY1;ADCY8;PDE4D;RORA;NPPA;PDE4B	GLOM	GO_BP	no_proc_ieg	10098
GOBP_ENDOCRINE_HORMONE_SECRETION	-0.9881289621646191	0.48625792811839325	0.7342436278423935	13/45	RAB11FIP3;DAB2;TRPV6;AGT;CGA;GDF9;CRY2;SPP1;SMAD4;INHA;NPVF;GJA1;CRH	GLOM	GO_BP	no_proc_ieg	10098
GOBP_RESPONSE_TO_INTERLEUKIN_6	-0.9883843705656955	0.46487603305785125	0.7342382914494906	15/28	PCK1;CHI3L1;FOXA2;RIPK1;PHB1;IL6R;SMAD4;FGF23;JAK2;PTPRT;CITED1;FER;IL6;FGG;ST3GAL6	GLOM	GO_BP	no_proc_ieg	10098
GOBP_REGULATION_OF_FAT_CELL_DIFFERENTIATION	-0.9885938175079776	0.4570230607966457	0.7343944229622005	23/95	LPL;WNT10B;HDAC6;VEGFA;SIRT1;RORC;NOCT;ASXL1;ZFPM2;RORA;RREB1;ZBTB16;ID4;FERMT2;CEBPB;KLF5;DLK2;AXIN1;FTO;TRPV4;FOXO1;GNB3;BMP7	GLOM	GO_BP	no_proc_ieg	10098
GOBP_RESPONSE_TO_LEPTIN	-0.9898868306316433	0.4693446088794926	0.7313006004069453	4/18	MT3;LEPR;SIRT1;LRP2	GLOM	GO_BP	no_proc_ieg	10098
GOBP_SPLICEOSOMAL_COMPLEX_ASSEMBLY	-0.9904586053181177	0.474835886214442	0.7303560503611888	10/54	YTHDC1;SRPK2;SF3B4;USP39;DDX42;CELF3;DDX46;NOL3;PTBP2;GCFC2	GLOM	GO_BP	no_proc_ieg	10098
GOBP_ORGAN_GROWTH	-0.9916026064773718	0.48125	0.7277384700520713	39/114	RBP4;BCL2;PRKG1;CER1;BMPR1A;FGFR2;LEPR;BMP10;TSKU;CGA;SPRY2;NKX2-5;TMEM38B;ZFPM2;WWC2;BNC2;IGF1;ERBB4;ADRA1A;PDLIM5;AKAP6;RGS2;WWC1;RARB;ESR1;TGFBR3;NDRG4;PROX1;TBX5;SLC6A4;CACNA2D2;ACACB;FGF9;LEP;WT1;LATS1;GATA6;SMAD1;KCNK2	GLOM	GO_BP	no_proc_ieg	10098
GOBP_RETINA_DEVELOPMENT_IN_CAMERA_TYPE_EYE	-0.9920480784466692	0.4727626459143969	0.7271253796691327	32/102	BMPR1B;RBP4;SLC4A5;RHO;CHD7;USH1C;SCAPER;SLC1A1;TSPAN12;RS1;PDE6A;AHI1;PAX2;CRB1;PDE6B;PRDM1;NEUROD4;DLX2;TFAP2A;PROX1;VSX1;SLC17A7;ATP2B2;HPCA;IMPG2;DIO3;NR2E3;JMJD6;TUB;GPM6A;TULP1;HIPK1	GLOM	GO_BP	no_proc_ieg	10098
GOBP_DIENCEPHALON_DEVELOPMENT	-0.9925894744826425	0.4498069498069498	0.7262276426851112	18/61	CDH1;BMPR1A;NCOA1;NDNF;SRD5A2;FOXB1;SALL1;CTNNB1;PROP1;RAB3GAP1;CRH;CHRNB2;UBB;SEMA5A;OGDH;SMO;RAX;HAP1	GLOM	GO_BP	no_proc_ieg	10098
GOBP_POSITIVE_REGULATION_OF_OSTEOBLAST_DIFFERENTIATION	-0.9926592207160893	0.486328125	0.7267867571436186	12/49	WNT10B;BMPR1B;ACVR2A;BMPR1A;VEGFA;GDPD2;IGF1;FERMT2;CEBPB;CTNNB1;IL6R;GLI3	GLOM	GO_BP	no_proc_ieg	10098
GOBP_CENTRAL_NERVOUS_SYSTEM_NEURON_DEVELOPMENT	-0.9927772634148903	0.4959349593495935	0.7271641626731356	20/62	NPY;FGFR2;BRINP1;ARHGEF28;TSKU;PALS1;DRD1;NDNF;SPTBN4;NDEL1;RAC3;FOXG1;SECISBP2;CHRNB2;ASCL1;UBB;MAPT;LEP;OGDH;SPG11	GLOM	GO_BP	no_proc_ieg	10098
GOBP_VENTRAL_SPINAL_CORD_DEVELOPMENT	-0.9929761280892793	0.4491017964071856	0.727296735080282	8/28	DYNC2H1;ZC4H2;GIGYF2;PTCH1;GLI3;ASCL1;DAB1;MNX1	GLOM	GO_BP	no_proc_ieg	10098
GOBP_RESPONSE_TO_LEAD_ION	-0.9930530757997897	0.46322067594433397	0.7278053077461947	6/20	SLC34A1;ALAD;FECH;CAT;PPP2CB;MAPT	GLOM	GO_BP	no_proc_ieg	10098
GOBP_DEVELOPMENTAL_GROWTH_INVOLVED_IN_MORPHOGENESIS	-0.9931150446877253	0.4362549800796813	0.7283767085542452	38/172	GOLGA4;MAGI2;APOE;PRKG1;PRKN;HDAC6;PRKCZ;CYFIP2;CDH1;MT3;FGFR2;SPAG6;COBL;VEGFA;NEDD4L;EPHA7;CPNE6;SPRY2;ULK1;SEMA4D;AUTS2;FGF1;NDEL1;SPP1;SALL1;PTPRS;CTNNB1;SLC9A6;TNN;UNC13A;FLRT3;SPART;ESR1;EPB41L5;ADCY10;EDN3;CDKL3;NDN	GLOM	GO_BP	no_proc_ieg	10098
GOBP_L_AMINO_ACID_TRANSPORT	-0.9938526978717523	0.4658385093167702	0.7269237188283643	18/60	SLC1A5;LLGL2;ACE2;SLC3A1;SLC47A1;SLC1A1;KCNJ10;SLC7A9;KMO;SFXN1;SLC25A12;SLC22A2;SLC38A3;RGS2;SLC3A2;SLC25A13;SLC17A7;RAB3GAP1	GLOM	GO_BP	no_proc_ieg	10098
GOBP_DEVELOPMENTAL_CELL_GROWTH	-0.9946256717383805	0.4594594594594595	0.7253078680108848	33/167	GOLGA4;APOE;PRKG1;PRKN;HDAC6;PRKCZ;CYFIP2;CDH1;MT3;SPAG6;COBL;VEGFA;NEDD4L;EPHA7;CPNE6;ULK1;SEMA4D;GDF9;IGF1;AUTS2;NDEL1;ADRA1A;SPP1;PDLIM5;PTPRS;CTNNB1;AKAP6;SLC9A6;TNN;UNC13A;RGS2;FLRT3;SPART	GLOM	GO_BP	no_proc_ieg	10098
GOBP_NEPHRON_DEVELOPMENT	-0.9946638815868949	0.444015444015444	0.7259598254312474	25/118	ACAT1;LGR4;MAGI2;BCL2;PLCE1;SLC22A6;UMOD;VEGFA;KLF15;AGT;ENPEP;ASXL1;GREB1L;SLC22A1;AHI1;PAX2;FGF1;ERBB4;PTCH1;SALL1;CTNNB1;IL6R;GLI3;PTPRO;SMAD4	GLOM	GO_BP	no_proc_ieg	10098
GOBP_POSITIVE_REGULATION_OF_CELLULAR_CATABOLIC_PROCESS	-0.994947261099114	0.4684873949579832	0.7258827540606392	41/153	DAPK1;GPD1;VPS13D;APOE;PRKN;SLC25A5;SLC4A4;NNT;AADAC;FABP1;IRS2;SIRT1;DCN;DEPDC5;SNX4;ULK1;UVRAG;MLXIPL;IGF1;INSR;HSPB8;PHKA1;RIPK2;RFPL2;PIK3CB;KAT5;GPLD1;SPTLC1;DEPTOR;PACSIN3;FBXO7;EPM2A;ADCY10;EIF2AK1;RAB3GAP1;FOXO1;BNIP3L;GAPDHS;APOA4;ITCH;MOAP1	GLOM	GO_BP	no_proc_ieg	10098
GOBP_REGULATION_OF_NEUROTRANSMITTER_RECEPTOR_ACTIVITY	-0.9949852758396898	0.4750499001996008	0.7265422472879446	6/24	DAPK1;CACNG5;DLGAP2;CACNG2;MAPK8IP2;CNIH3	GLOM	GO_BP	no_proc_ieg	10098
GOBP_MUCUS_SECRETION	-0.9956954277884563	0.4524793388429752	0.7251937833474351	6/15	EGFR;PRKCE;ALOX12B;HTR4;SCNN1B;TRAF3IP2	GLOM	GO_BP	no_proc_ieg	10098
GOBP_EMBRYONIC_AXIS_SPECIFICATION	-0.9959146337849867	0.45867768595041325	0.7252726035237844	11/25	COBL;PCSK6;FRS2;PTCH1;FZD5;CTNNB1;SMAD4;EPB41L5;TMED2;WT1;SMAD2	GLOM	GO_BP	no_proc_ieg	10098
GOBP_HINDLIMB_MORPHOGENESIS	-0.9963222564420862	0.4587737843551797	0.7248588845898466	7/27	CHD7;BMPR1A;ZBTB16;PTCH1;CTNNB1;RARB;GDF5	GLOM	GO_BP	no_proc_ieg	10098
GOBP_MICROTUBULE_BUNDLE_FORMATION	-0.9963973357165936	0.4732510288065844	0.7253860737697893	24/59	SPAG6;TOGARAM1;BBOF1;CFAP74;SPAG16;DNAI4;JHY;CLIP1;DNAI1;CLXN;CLASP1;RSPH6A;DNAH7;CFAP69;TPPP;TEKT2;DNAAF1;LRRC61;PIERCE1;CFAP43;IFT56;FOXJ1;DNAH17;DNAI2	GLOM	GO_BP	no_proc_ieg	10098
GOBP_FEMALE_GAMETE_GENERATION	-0.9964089691756315	0.4601593625498008	0.7261137395342552	25/101	YTHDC1;TUT4;BMPR1B;ANG;BCL2;LGR5;FUT6;SIRT1;AFP;DMRT1;GDF9;IGF1;MSH4;DMC1;BCL2L10;KAT8;CTNNB1;BMP15;PRDM9;BRME1;PIWIL2;SOS1;SYCP2;TOB2;UBB	GLOM	GO_BP	no_proc_ieg	10098
GOBP_FEAR_RESPONSE	-0.9966978017521981	0.43951612903225806	0.7260642376579003	11/39	USP46;APOE;BCL2;DPP4;SLC1A1;BRINP1;DRD1;GRPR;MAPK8IP2;DBH;PENK	GLOM	GO_BP	no_proc_ieg	10098
GOBP_ANTERIOR_POSTERIOR_AXIS_SPECIFICATION	-0.9968155329658968	0.4725050916496945	0.7264739483029883	11/39	LEFTY1;CER1;FOXA2;CDX4;PCSK6;CDX2;FRS2;FZD5;CTNNB1;SMAD4;EPB41L5	GLOM	GO_BP	no_proc_ieg	10098
GOBP_CELLULAR_COMPONENT_ASSEMBLY_INVOLVED_IN_MORPHOGENESIS	-0.9970997180671521	0.4572025052192067	0.7263714533891472	27/89	TNNT2;VPS13B;MOBP;TCAP;NEBL;BMP10;NEB;CAPN3;PALS1;ANK2;FHOD3;CNTN1;NKX2-5;MYBPC3;MYOZ1;SMAD4;CLASP1;ACTN2;PROX1;AKAP13;CLASP2;ERCC2;TPPP;ZPBP;ACTL8;EPB41L3;UGT8	GLOM	GO_BP	no_proc_ieg	10098
GOBP_POSITIVE_REGULATION_OF_DNA_REPLICATION	-0.9978096119189346	0.43157894736842106	0.7249561585265302	3/31	LPIN1;EGFR;WEE1	GLOM	GO_BP	no_proc_ieg	10098
GOBP_NEGATIVE_REGULATION_OF_FATTY_ACID_BIOSYNTHETIC_PROCESS	-0.9983127615228509	0.45652173913043476	0.7242140434466627	6/16	SIRT1;APOC3;INSIG2;ACADL;ERLIN1;ERLIN2	GLOM	GO_BP	no_proc_ieg	10098
GOBP_POSITIVE_REGULATION_OF_FATTY_ACID_METABOLIC_PROCESS	-0.9988998085484696	0.47410358565737054	0.7232547141418401	8/30	FABP1;IRS2;GHSR;RGN;PPARGC1A;MLXIPL;MLYCD;GDF15	GLOM	GO_BP	no_proc_ieg	10098
GOBP_REGULATION_OF_BRANCHING_INVOLVED_IN_URETERIC_BUD_MORPHOGENESIS	-0.9994110764495283	0.48140900195694714	0.7224697876294602	3/16	LGR4;VEGFA;AGT	GLOM	GO_BP	no_proc_ieg	10098
GOBP_PERIPHERAL_NERVOUS_SYSTEM_AXON_ENSHEATHMENT	-0.9994416092886607	0.4688128772635815	0.7231488755521859	6/18	NDRG1;ADGRG6;PALS1;SLC25A46;FA2H;POU3F1	GLOM	GO_BP	no_proc_ieg	10098
GOBP_SPECIFICATION_OF_SYMMETRY	-1.000475093892131	0.4656964656964657	0.7208582270871945	29/76	ACVR2A;DYNC2H1;LEFTY1;CER1;CFAP45;IFT57;FOLR1;PCSK6;OVOL2;NKX2-5;AHI1;HAND2;RFX3;HAND1;DNAI1;CTNNB1;NDRG4;GREM2;GJA1;GALNT11;TMED2;FOXH1;DNAAF1;NKX3-2;PIERCE1;SMAD2;DYNC2LI1;MKS1;SMO	GLOM	GO_BP	no_proc_ieg	10098
GOBP_ESTABLISHMENT_OF_PROTEIN_LOCALIZATION_TO_VACUOLE	-1.0014721683883199	0.4387755102040816	0.7186031707755935	7/38	VPS13D;AP3B1;CACNG5;GCC2;UBAP1;CACNG2;VPS13C	GLOM	GO_BP	no_proc_ieg	10098
GOBP_NEURAL_TUBE_FORMATION	-1.0015464274831105	0.45621181262729127	0.7191370333242804	15/70	BMP5;OPA1;CDK20;MTHFD1;IFT57;COBL;FOLR1;FZD6;SPINT2;OVOL2;PAX2;LRP2;PTCH1;PHACTR4;FZD2	GLOM	GO_BP	no_proc_ieg	10098
GOBP_ADRENAL_GLAND_DEVELOPMENT	-1.0023754851390099	0.424901185770751	0.7173999288332413	9/24	STRA6;ARID5B;APOA1;INSR;SALL1;SMAD4;CRH;NR5A1;ASCL1	GLOM	GO_BP	no_proc_ieg	10098
GOBP_PEPTIDYL_SERINE_MODIFICATION	-1.0024194560552395	0.43670886075949367	0.7180328268959874	29/192	PRKCI;SGK2;PCK1;GPD1L;BCL2;EGFR;MAPK8;IFNA5;HDAC6;PRKCZ;PRKCE;EIF2AK3;SRPK2;TFRC;RPS6KA6;RIPK1;MAST1;HIPK3;CAMKV;IP6K2;SPRY2;PDE4D;NGF;DMD;ULK1;DMTN;SPTBN4;MAPKAP1;MLXIPL	GLOM	GO_BP	no_proc_ieg	10098
GOBP_NEGATIVE_REGULATION_OF_SMOOTH_MUSCLE_CELL_MIGRATION	-1.0027743716022368	0.4501915708812261	0.7177252732903986	4/16	AIF1;PRKG1;BMPR1A;SEMA6D	GLOM	GO_BP	no_proc_ieg	10098
GOBP_REGULATION_OF_POSTSYNAPTIC_MEMBRANE_POTENTIAL	-1.0046239406669182	0.4410569105691057	0.7129812545524954	41/98	GABRR2;PRKCZ;MPP2;ABAT;CHRNA3;NRXN1;BAIAP2;MAPK8IP2;P2RX2;GABRB2;GABRA1;SLC8A2;MET;GRIK5;GRIK3;GRIN2B;HTR3A;RAB3GAP1;CHRNB2;ZMYND8;RIMS1;GABRA4;GRM1;GRIA4;CHRNE;CUX2;CHRNA4;GRIN1;ADRB1;GABRG3;CHRNG;CHRND;GABRA5;RIMS2;GABRA3;GABRB1;NPFF;NLGN1;GRIA3;TRPV1;CHRNA9	GLOM	GO_BP	no_proc_ieg	10098
GOBP_PHOSPHOLIPID_METABOLIC_PROCESS	-1.0050325592408305	0.4302554027504912	0.7124941922365039	68/241	LPIN1;CISH;PRDX6;HMGCS2;LPL;PLPPR1;DGKB;PIP5K1A;PLCE1;PLAAT2;PIK3C2G;IMPA2;GDPD3;OSBPL10;PON1;PNLIPRP2;ETNK2;APOA1;IDI1;PLA2G2A;MTMR8;CHRM5;ALOX15;SLC44A4;SH3YL1;IP6K2;TMEM38B;UVRAG;PISD;APOA2;PIGB;CHPT1;ENPP2;NR1H4;PLA2G1B;SGPP1;PIK3CB;GPLD1;CHKA;SPTLC1;PIK3R1;SMPDL3A;ABHD6;LGALS13;SOCS2;PGAP2;GNB3;APOA4;SLC30A5;MTMR10;PEMT;SYNJ2;DHDDS;AGPAT3;ETNK1;BMX;PCYT2;PIGV;MTMR6;PIGH;SERINC1;OSBP;GATA6;SOCS1;IMPA1;PLA2G2D;CDS1;PIGL	GLOM	GO_BP	no_proc_ieg	10098
GOBP_BRANCH_ELONGATION_OF_AN_EPITHELIUM	-1.0053552785475737	0.4493927125506073	0.7122802399741927	5/15	FGFR2;SPRY2;FGF1;ESR1;HOXD13	GLOM	GO_BP	no_proc_ieg	10098
GOBP_REGULATION_OF_ORGANIC_ACID_TRANSPORT	-1.0064697216754335	0.4351297405189621	0.7096261294752056	20/60	THBS1;CYP4A11;PRKG1;CYP4F2;ACE2;IRS2;KMO;ABAT;ACSL1;SLC38A3;RGS2;OXT;AVP;RAB3GAP1;SLC10A1;AVPR1B;LEP;MAP2K6;PER2;TRH	GLOM	GO_BP	no_proc_ieg	10098
GOBP_SYNAPTIC_TRANSMISSION_DOPAMINERGIC	-1.0066215198630455	0.4143968871595331	0.7099020310839983	8/22	PRKN;DRD1;DRD3;SLC6A2;SLC6A4;CRH;CHRNB2;DRD5	GLOM	GO_BP	no_proc_ieg	10098
GOBP_RESPONSE_TO_ETHANOL	-1.0071538375600306	0.41855670103092785	0.7090516931371651	28/99	USP46;HMGCS2;MAOB;PRKCE;NQO1;ALAD;FGFR2;FYN;NR0B2;ABAT;ELK1;RGS7;DRD3;DBH;CLDN7;ARC;FECH;PENK;RGS2;IL13;TACR1;CAT;AVP;GRIN2B;CRH;CHRNB2;ADCYAP1R1;SLC10A1	GLOM	GO_BP	no_proc_ieg	10098
GOBP_ISOPRENOID_BIOSYNTHETIC_PROCESS	-1.0085571287728847	0.4305555555555556	0.705675687116279	10/24	HMGCS2;IDI1;ALDH8A1;AKR1C3;CYP1A1;BCO1;DHDDS;PDSS2;PRMT3;HMGCR	GLOM	GO_BP	no_proc_ieg	10098
GOBP_CELLULAR_RESPONSE_TO_GAMMA_RADIATION	-1.0086897027405444	0.4635514018691589	0.706036910598346	5/20	TSPYL5;MDM2;ELK1;CDKN1A;CRYAB	GLOM	GO_BP	no_proc_ieg	10098
GOBP_NEUROPEPTIDE_SIGNALING_PATHWAY	-1.0100520941570665	0.42685370741482964	0.7027792226862812	29/70	PCSK1N;SSTR2;NPY;TAC3;MCHR1;GRPR;PYY;OPRL1;NXPH3;PENK;GALR3;NPPA;CALCA;NPVF;NPY2R;PDYN;CARTPT;NTS;NTSR2;SORCS3;CRCP;NPBWR2;LTB4R;GRP;MC2R;TYRO3;NPFF;NXPH4;HCRTR1	GLOM	GO_BP	no_proc_ieg	10098
GOBP_POSITIVE_REGULATION_OF_CALCIUM_ION_TRANSMEMBRANE_TRANSPORT	-1.010823815879729	0.41700404858299595	0.7012311713361908	16/65	CACNB2;GJC2;CALML3;BDKRB1;CALM2;CACNA2D1;CAPN3;DRD1;ANK2;AKAP6;P2RX2;PLA2G1B;IL13;ATP1B1;PLP1;ADCYAP1R1	GLOM	GO_BP	no_proc_ieg	10098
GOBP_POSITIVE_REGULATION_OF_WNT_SIGNALING_PATHWAY	-1.0110261492763033	0.4087136929460581	0.7014165062290093	12/98	WNT10B;USP47;DDX3X;LGR4;EGFR;KANK1;TNKS2;EGF;LGR5;EDA;FGFR2;DAB2	GLOM	GO_BP	no_proc_ieg	10098
GOBP_SIGNALING_RECEPTOR_LIGAND_PRECURSOR_PROCESSING	-1.0110716227749277	0.42226487523992323	0.7020543850950958	7/32	PCSK1N;ACE2;DPP4;ACE;MME;ENPEP;PCSK6	GLOM	GO_BP	no_proc_ieg	10098
GOBP_GLYCOSYL_COMPOUND_METABOLIC_PROCESS	-1.0115569640333122	0.4344422700587084	0.7014009628200945	16/55	AKR1A1;MACROD1;SLC34A1;ABHD10;GBA3;GNMT;UPB1;DNPH1;CDADC1;AKR1C3;ADK;AKR1C4;NME5;CBR4;AKR7A2;PNP	GLOM	GO_BP	no_proc_ieg	10098
GOBP_HEAD_MORPHOGENESIS	-1.011662838304587	0.43204868154158216	0.7018251715604042	7/28	STRA6;ARID5B;CRISPLD2;ASPH;PAX9;RAB3GAP1;BRAF	GLOM	GO_BP	no_proc_ieg	10098
GOBP_RESPONSE_TO_RETINOIC_ACID	-1.0120356735213678	0.429769392033543	0.701511250455577	17/85	WNT10B;RBP4;PCK1;TFRC;FGFR2;CTSH;BRINP1;NCOA1;BRINP2;ASXL1;FZD7;PAX2;HAND2;PTCH1;RXRG;GJB3;HSD17B2	GLOM	GO_BP	no_proc_ieg	10098
GOBP_RESPONSE_TO_COLD	-1.012352237243473	0.44889779559118237	0.7013332634230686	5/29	PCSK1N;CIDEA;ACOT11;UCP3;EIF2AK3	GLOM	GO_BP	no_proc_ieg	10098
GOBP_CELL_FATE_COMMITMENT_INVOLVED_IN_FORMATION_OF_PRIMARY_GERM_LAYER	-1.0123569664469774	0.44834307992202727	0.7020833741343314	7/23	BMPR1A;EYA2;FZD7;PAX2;CTNNB1;TRIM15;RTF1	GLOM	GO_BP	no_proc_ieg	10098
GOBP_MITOCHONDRIAL_DEPOLARIZATION	-1.0125983161817216	0.4329268292682927	0.7021235360331549	4/22	ALB;BCL2;KCNQ3;DCN	GLOM	GO_BP	no_proc_ieg	10098
GOBP_RESPIRATORY_SYSTEM_DEVELOPMENT	-1.0138386677911626	0.4084507042253521	0.6991212534589136	27/165	STRA6;HMGCS2;RBP4;EGFR;CHD7;AP3B1;LOX;CHI3L1;ESRP2;EDA;BMPR1A;FGFR2;ASS1;CTSH;ACE;MME;VEGFA;ASXL1;SPRY2;YWHAZ;TMEM38B;ZFPM2;DLG5;CRISPLD2;FGF1;IFT25;ELK1	GLOM	GO_BP	no_proc_ieg	10098
GOBP_REGULATION_OF_MITOCHONDRIAL_GENE_EXPRESSION	-1.0144084033800451	0.4459203036053131	0.6982189838425586	4/16	RMND1;TSFM;KAT8;TACO1	GLOM	GO_BP	no_proc_ieg	10098
GOBP_PYRIMIDINE_CONTAINING_COMPOUND_CATABOLIC_PROCESS	-1.0144506018463897	0.4163568773234201	0.698863524130251	8/32	DPYS;ALDH6A1;UPB1;CDADC1;TET3;NEIL1;CRMP1;ENTPD5	GLOM	GO_BP	no_proc_ieg	10098
GOBP_CHLORIDE_TRANSPORT	-1.0153472803528072	0.42369477911646586	0.6969566397837819	22/82	CA2;CLCNKB;GABRR2;SLC12A6;SLC12A3;CLCN5;SLC1A1;ABCB1;CLCN6;CLIC5;OCA2;GABRQ;CLCA1;SLC26A3;GABRB2;FXYD3;CASR;GABRA1;SLC26A4;BEST2;SLC17A7;FXYD1	GLOM	GO_BP	no_proc_ieg	10098
GOBP_EPITHELIAL_TUBE_BRANCHING_INVOLVED_IN_LUNG_MORPHOGENESIS	-1.0154452350601275	0.425	0.6974296047875457	6/22	ESRP2;FGFR2;CTSH;SPRY2;DLG5;CTNNB1	GLOM	GO_BP	no_proc_ieg	10098
GOBP_VESICLE_MEDIATED_TRANSPORT_TO_THE_PLASMA_MEMBRANE	-1.0177136655746792	0.4012738853503185	0.6914705687923459	13/93	GOLGA4;RAB11FIP3;GGA2;RAB17;VPS13B;BLTP1;LLGL2;GCC2;PREPL;SLC1A1;ARL3;BBS1;SNX4	GLOM	GO_BP	no_proc_ieg	10098
GOBP_REGULATION_OF_VOLTAGE_GATED_CALCIUM_CHANNEL_ACTIVITY	-1.018084253119197	0.4204322200392927	0.6910931874783118	5/20	CACNB2;CACNA2D1;DMD;DRD3;NPPA	GLOM	GO_BP	no_proc_ieg	10098
GOBP_ACTIVATION_OF_PROTEIN_KINASE_ACTIVITY	-1.0183767877535483	0.42574257425742573	0.6909678824735831	16/63	TOM1L1;ANG;ADCY8;CHI3L1;MT3;IL23A;AGT;PHB1;NRG1;CHRNA3;IGF1;FGF1;INSR;ADRA2C;CALCA;IL6R	GLOM	GO_BP	no_proc_ieg	10098
GOBP_LIPID_DROPLET_ORGANIZATION	-1.01875735939759	0.43380855397148677	0.6906222210228512	9/24	CIDEA;PISD;KAT5;SPART;RAB3GAP1;CIDEB;PLIN2;TSPO2;CIDEC	GLOM	GO_BP	no_proc_ieg	10098
GOBP_CILIUM_ORGANIZATION	-1.0194548621237354	0.3772819472616633	0.6893642816220363	67/217	RAB11FIP3;NEDD9;RAB17;HDAC6;DYNC2H1;NHERF1;IFT57;SPAG6;IQCB1;TOGARAM1;KCNJ10;ARL3;BBS1;SYNE2;BBOF1;ONECUT2;CFAP74;SPAG16;UNC119B;ABCC4;DNAI4;AHI1;TBC1D19;IFT81;IFT25;NME5;RFX3;JHY;CDKL1;DNAI1;SSX2IP;ATXN10;IFT88;CLXN;RSPH6A;PCM1;SEPTIN7;DNAH7;CFAP69;CBY1;SPATA6;MAK;CDC14B;CCP110;GALNT11;TBC1D1;TEKT2;CDC14A;KCNF1;B9D1;DNAAF1;TBC1D15;LRRC61;NEK1;ATAT1;ABLIM1;TUB;TCTN2;PIERCE1;IFT46;DYNC2LI1;MKS1;CFAP20;CFAP43;TMEM80;HAP1;RPGRIP1	GLOM	GO_BP	no_proc_ieg	10098
GOBP_NEGATIVE_REGULATION_OF_PEPTIDE_SECRETION	-1.0195796837167859	0.42147117296222664	0.6897470727995928	12/35	PRKN;F2RL1;CCN3;GHSR;GNAZ;MTNR1B;BMP8A;CRH;FOXO1;ENY2;LEP;CARTPT	GLOM	GO_BP	no_proc_ieg	10098
GOBP_METANEPHROS_MORPHOGENESIS	-1.020654732024506	0.4077079107505071	0.6873207398354726	12/22	LGR4;PAX2;SALL1;CTNNB1;WT1;AGTR2;PAX8;SMO;FOXJ1;WNT7B;SOX9;SIX2	GLOM	GO_BP	no_proc_ieg	10098
GOBP_MOTOR_BEHAVIOR	-1.0210356619215377	0.4251497005988024	0.686985145956614	4/16	KCNQ3;DPP4;SLC1A1;GRPR	GLOM	GO_BP	no_proc_ieg	10098
GOBP_POSITIVE_REGULATION_OF_RECEPTOR_INTERNALIZATION	-1.0211374105978108	0.41649484536082476	0.6874664493714744	5/19	MAGI2;EGF;VEGFA;AHI1;INSR	GLOM	GO_BP	no_proc_ieg	10098
GOBP_MULTICELLULAR_ORGANISM_GROWTH	-1.0213661868666268	0.4247967479674797	0.687513569243434	29/103	AFG3L2;G6PC1;ARID5B;BCL2;CHD7;GHR;VIL1;ETNK2;EZR;GAMT;GIGYF2;GHSR;SPTBN2;SPTBN4;GDF15;PTCH1;GPR21;RBBP6;PLS1;RARB;GDF5;PEX5;SOS1;SOCS2;ERCC2;TMED2;FTO;SCNN1B;CACNA2D2	GLOM	GO_BP	no_proc_ieg	10098
GOBP_REGULATION_OF_PROTEIN_DEPOLYMERIZATION	-1.0214062771368815	0.39344262295081966	0.6881692584130891	22/62	RDX;HDAC6;F2RL1;VIL1;SPTBN2;DMTN;ASPH;SPTBN4;SCIN;ADD2;MAP6D1;CLASP1;ACTN2;CLASP2;ATXN7;TRPV4;NAV3;SEMA5A;APC2;SPTB;ADD3;APC	GLOM	GO_BP	no_proc_ieg	10098
GOBP_MALE_MEIOSIS_I	-1.0214370772948742	0.44274809160305345	0.6888293570075998	5/16	FOXJ3;ING2;DMC1;HSPA2;UBB	GLOM	GO_BP	no_proc_ieg	10098
GOBP_RESPONSE_TO_GONADOTROPIN	-1.0214414509994785	0.4044265593561368	0.689583386001157	10/24	GATA1;GHSR;MAS1;SRD5A2;TGFBR3;WT1;SLC5A5;GATA6;PAX8;GCLC	GLOM	GO_BP	no_proc_ieg	10098
GOBP_KIDNEY_MORPHOGENESIS	-1.0220203573175806	0.39387755102040817	0.6886001485473215	25/71	LGR4;BCL2;HNF1A;VEGFA;AGT;ASXL1;GREB1L;AHI1;PAX2;FGF1;ERBB4;PTCH1;SALL1;CTNNB1;GLI3;SMAD4;BMP7;WT1;DLG1;CITED1;GCNT4;AGTR2;PAX8;KLHL3;SMO	GLOM	GO_BP	no_proc_ieg	10098
GOBP_EMBRYONIC_EYE_MORPHOGENESIS	-1.0222896927213283	0.4049586776859504	0.6885305058558505	9/29	STRA6;PAX2;FRS2;FZD5;PHACTR4;RARB;TFAP2A;PROX1;BMP7	GLOM	GO_BP	no_proc_ieg	10098
GOBP_GLYCEROPHOSPHOLIPID_METABOLIC_PROCESS	-1.0231829700999338	0.39920948616600793	0.6866981233523297	34/189	LPIN1;CISH;PRDX6;DGKB;PIP5K1A;PLCE1;PLAAT2;PIK3C2G;IMPA2;GDPD3;OSBPL10;PON1;PNLIPRP2;ETNK2;APOA1;PLA2G2A;MTMR8;CHRM5;ALOX15;SLC44A4;SH3YL1;IP6K2;UVRAG;PISD;APOA2;PIGB;CHPT1;ENPP2;NR1H4;PLA2G1B;PIK3CB;GPLD1;CHKA;PIK3R1	GLOM	GO_BP	no_proc_ieg	10098
GOBP_CELL_COMMUNICATION_BY_ELECTRICAL_COUPLING	-1.0246384771983423	0.40718562874251496	0.6832452718533146	10/23	GJC2;CALM2;PDE4D;SLC8A1;ANK3;ATP1B1;TBX5;GJA1;ATP1A1;RYR2	GLOM	GO_BP	no_proc_ieg	10098
GOBP_REGULATION_OF_SMOOTHENED_SIGNALING_PATHWAY	-1.0249769469776562	0.42171189979123175	0.6829992587748819	16/50	DYNC2H1;CDK20;FGFR2;DLG5;RORA;IFT81;PTCH1;GLI3;PRKACB;TMED2;GPR161;FGF9;MKS1;SMO;ENPP1;TEDC2	GLOM	GO_BP	no_proc_ieg	10098
GOBP_SARCOMERE_ORGANIZATION	-1.0252921400861355	0.42105263157894735	0.68282101773716	10/34	TNNT2;TCAP;BMP10;CAPN3;FHOD3;MYBPC3;MYOZ1;ACTN2;PROX1;AKAP13	GLOM	GO_BP	no_proc_ieg	10098
GOBP_HETEROPHILIC_CELL_CELL_ADHESION_VIA_PLASMA_MEMBRANE_CELL_ADHESION_MOLECULES	-1.0253173779417348	0.41929133858267714	0.6835058236950536	8/34	UMOD;TENM3;CXADR;PTPRD;SELP;CRB1;PSG11;CD164	GLOM	GO_BP	no_proc_ieg	10098
GOBP_POSITIVE_REGULATION_OF_HEART_GROWTH	-1.025501130259351	0.37124463519313305	0.6837356469156939	14/29	BMPR1A;FGFR2;BMP10;ZFPM2;IGF1;ERBB4;AKAP6;TGFBR3;PROX1;TBX5;ACACB;FGF9;WT1;GATA6	GLOM	GO_BP	no_proc_ieg	10098
GOBP_HEMATOPOIETIC_STEM_CELL_DIFFERENTIATION	-1.0260300418092962	0.39763779527559057	0.6828949255569602	12/28	HSPA9;BCL2;ACE;NFE2L2;KAT5;LMBR1L;ERCC2;ITCH;PRKDC;N4BP2L2;CHD2;MLLT3	GLOM	GO_BP	no_proc_ieg	10098
GOBP_MECHANORECEPTOR_DIFFERENTIATION	-1.0269211950197488	0.39603960396039606	0.6810128593926432	9/39	USH1C;NHERF1;SLC44A4;TSKU;ESRP1;FZD2;PLS1;GABRB2;IFT88	GLOM	GO_BP	no_proc_ieg	10098
GOBP_RHYTHMIC_PROCESS	-1.0282973473970918	0.36929460580912865	0.677699544130237	69/223	BMPR1B;LGR4;ADCY1;EGFR;MAPK8;PRKG1;CA12;NFIL3;NCOA2;SCAPER;MAGEL2;ASS1;SIRT1;RORC;NOCT;NCOA1;PER1;USP2;AFP;MAPK10;NR0B2;CGA;RORA;PPARGC1A;GDF9;HLF;CRY2;ID4;NCOR1;MTNR1B;OPRL1;PDE6B;DRD3;KMT2A;BHLHE40;HNF4A;KAT5;KLF9;MTNR1A;CSF2;ESR1;CREM;PIWIL2;PROX1;FBXW7;SLC6A4;KDM2A;CRH;CHRNB2;NR5A1;HTR7;DYRK1A;AANAT;NRIP1;NOS2;DDX5;KDM5C;PRKDC;PPP1CC;LEP;THRAP3;PER3;SIAH2;CARTPT;NONO;MAP2K6;PER2;MC3R;HOMER1	GLOM	GO_BP	no_proc_ieg	10098
GOBP_PEPTIDYL_LYSINE_ACETYLATION	-1.028610371093449	0.41685144124168516	0.6774891747454131	5/15	NAT8;SIRT1;KLF15;NAT8B;KAT5	GLOM	GO_BP	no_proc_ieg	10098
GOBP_MRNA_SPLICE_SITE_RECOGNITION	-1.0291354190988629	0.41561181434599154	0.6767184140750243	4/20	YTHDC1;CELF3;NOL3;PTBP2	GLOM	GO_BP	no_proc_ieg	10098
GOBP_POSITIVE_REGULATION_OF_CATION_CHANNEL_ACTIVITY	-1.0296149664947705	0.40976645435244163	0.6760608133244863	9/32	CACNB2;CALML3;CALM2;CACNA2D1;ANK2;ANK3;KCNIP2;AKAP6;NPPA	GLOM	GO_BP	no_proc_ieg	10098
GOBP_MEMBRANE_REPOLARIZATION	-1.0297295204671661	0.38493723849372385	0.6765000835446846	19/41	KCNJ3;CACNA2D1;NEDD4L;KCNH6;ANK2;SNTA1;KCNIP2;AKAP6;NPPA;KCNA5;ATP1B1;ADCY10;CACNA1D;GJA1;NOS1;SCN5A;ATP1A1;YWHAE;AKAP9	GLOM	GO_BP	no_proc_ieg	10098
GOBP_REGULATION_OF_DENDRITE_MORPHOGENESIS	-1.030350480137701	0.3879668049792531	0.6754221264827339	12/51	HDAC6;HECW1;PTPRD;NEDD4L;CHRNA3;SEMA4D;BAIAP2;SS18L1;PARP6;TNIK;CDKL3;CHRNB2	GLOM	GO_BP	no_proc_ieg	10098
GOBP_NOREPINEPHRINE_TRANSPORT	-1.0306155516123787	0.3991769547325103	0.6754114988441241	7/19	GHSR;SLC22A2;SLC22A1;SLC6A2;ADRA2C;OXT;CRH	GLOM	GO_BP	no_proc_ieg	10098
GOBP_MUSCLE_ADAPTATION	-1.0318421199533467	0.36885245901639346	0.6724939889141718	24/75	GATM;TCAP;MYOD1;GTF2IRD1;KLF15;BMP10;CAMK2G;AGT;IGF1;HAND2;ADRA1A;MYOG;AKAP6;NPPA;NOL3;RGS2;MYOZ1;SMAD4;NFATC3;PRKCA;TNNI1;ADCY10;SGCA;FOXO1	GLOM	GO_BP	no_proc_ieg	10098
GOBP_SKELETAL_MUSCLE_TISSUE_REGENERATION	-1.034159279592162	0.40529531568228105	0.6664727427091257	10/27	WNT10B;MYOD1;CAPN3;FZD7;IGF1;KLF5;AKIRIN1;MYOZ1;GJA1;SGCA	GLOM	GO_BP	no_proc_ieg	10098
GOBP_MULTI_MULTICELLULAR_ORGANISM_PROCESS	-1.0349146765952144	0.3588709677419355	0.6650212721766068	32/158	ACVR2A;HSD11B2;CYP27B1;EDDM3A;BCL2;ACVR1B;AMBP;TAC3;ACE2;YTHDF3;ACE;VEGFA;A1CF;PRDX3;VDR;OVGP1;GHSR;PTGFR;CLIC5;ENDOU;PRDM1;SLC38A3;EPYC;SPP1;NPPA;RGS2;CALCA;TACR1;OXT;PSG11;PSG9;CYP1A1	GLOM	GO_BP	no_proc_ieg	10098
GOBP_POSITIVE_REGULATION_OF_LIPID_CATABOLIC_PROCESS	-1.0352170621807042	0.403921568627451	0.6648869110890427	5/19	PRKCE;AADAC;FABP1;IRS2;APOA2	GLOM	GO_BP	no_proc_ieg	10098
GOBP_REGULATION_OF_MUSCLE_ADAPTATION	-1.0355101578400392	0.38054968287526425	0.6647976179810734	20/54	GTF2IRD1;BMP10;CAMK2G;AGT;IGF1;HAND2;ADRA1A;MYOG;AKAP6;NOL3;RGS2;SMAD4;NFATC3;PRKCA;TNNI1;ADCY10;SGCA;FOXO1;SCN5A;ACACB	GLOM	GO_BP	no_proc_ieg	10098
GOBP_MESONEPHRIC_TUBULE_MORPHOGENESIS	-1.0356275365603507	0.37884615384615383	0.6652219548850128	12/51	LGR4;BCL2;VEGFA;AGT;GREB1L;PAX2;FGF1;PTCH1;SALL1;CTNNB1;GLI3;SMAD4	GLOM	GO_BP	no_proc_ieg	10098
GOBP_RELEASE_OF_SEQUESTERED_CALCIUM_ION_INTO_CYTOSOL_BY_ENDOPLASMIC_RETICULUM	-1.0358930204821206	0.40236686390532544	0.6651823633385064	10/27	CHD7;CALM2;ANK2;PDE4D;TMEM38B;DMD;SLC8A1;AKAP6;NOL3;RYR3	GLOM	GO_BP	no_proc_ieg	10098
GOBP_NEURON_FATE_SPECIFICATION	-1.0363117521883756	0.3983402489626556	0.6646802808735919	12/23	ESRP1;FEV;GLI3;SMAD4;ASCL1;MNX1;ATOH1;MYT1L;SOX9;LHX3;TLX3;NFIB	GLOM	GO_BP	no_proc_ieg	10098
GOBP_CD4_POSITIVE_OR_CD8_POSITIVE_ALPHA_BETA_T_CELL_LINEAGE_COMMITMENT	-1.036985292357383	0.40451745379876797	0.6635510230400805	3/20	OPA1;BCL2;IL23A	GLOM	GO_BP	no_proc_ieg	10098
GOBP_CHOLESTEROL_EFFLUX	-1.037206435277474	0.38293650793650796	0.6637030736684707	12/40	APOE;EGF;APOM;PON1;APOA1;SIRT1;APOC3;TSKU;ABCG5;APOA2;SOAT2;PTCH1	GLOM	GO_BP	no_proc_ieg	10098
GOBP_POSITIVE_REGULATION_OF_PEPTIDYL_THREONINE_PHOSPHORYLATION	-1.0376579753806927	0.40165631469979296	0.6631417094148548	7/21	EGF;CHI3L1;CALM2;PRKAG2;RIPK2;ADCY10;AXIN1	GLOM	GO_BP	no_proc_ieg	10098
GOBP_NEGATIVE_REGULATION_OF_FAT_CELL_DIFFERENTIATION	-1.0382821941963218	0.37524950099800397	0.6621094344404304	11/40	WNT10B;VEGFA;SIRT1;ASXL1;ZFPM2;RORA;ID4;FERMT2;AXIN1;TRPV4;FOXO1	GLOM	GO_BP	no_proc_ieg	10098
GOBP_REGULATION_OF_MRNA_SPLICING_VIA_SPLICEOSOME	-1.0385624286723623	0.3752535496957404	0.6620150915478985	9/70	YTHDC1;PRDX6;SRPK2;RBM47;MYOD1;SF3B4;RBFOX1;SRRM1;ARB2A	GLOM	GO_BP	no_proc_ieg	10098
GOBP_KETONE_BIOSYNTHETIC_PROCESS	-1.0387346419437595	0.3894736842105263	0.6622475764242846	12/34	BMP5;PRKG1;CYP11B2;AKR1C3;DAB2;SRD5A2;HSD17B3;SIRT5;COQ7;CACNA1H;PDSS2;COQ9	GLOM	GO_BP	no_proc_ieg	10098
GOBP_REGULATION_OF_CYTOSOLIC_CALCIUM_ION_CONCENTRATION	-1.0395561771223616	0.3822937625754527	0.6605466533052072	16/46	CACNB2;ADCY8;TSPOAP1;ATP2B3;GPR3;SCGN;CALCA;SLC8A2;CALB2;ATP2B2;CNGB1;RYR2;GRM1;YWHAE;FZD9;TRPC3	GLOM	GO_BP	no_proc_ieg	10098
GOBP_REGULATION_OF_CATECHOLAMINE_METABOLIC_PROCESS	-1.0408106549997445	0.39759036144578314	0.6576326925523349	6/15	PRKN;MAOB;ALDH2;DRD1;ABAT;TACR3	GLOM	GO_BP	no_proc_ieg	10098
GOBP_NEGATIVE_REGULATION_OF_SMALL_GTPASE_MEDIATED_SIGNAL_TRANSDUCTION	-1.040927990831996	0.36237623762376237	0.658064356254072	8/32	FBP1;KANK1;RABGEF1;SPRY2;MAPKAP1;STMN1;ARHGAP24;MFN2	GLOM	GO_BP	no_proc_ieg	10098
GOBP_PALLIUM_DEVELOPMENT	-1.0411247909410841	0.354	0.6582462485357449	33/133	HSD3B2;TACC2;NPY;EGFR;NEUROD6;TRAPPC9;NCOA1;SRGAP2;BBS1;SYNE2;TSKU;PALS1;DRD1;PEX13;BCAN;EMX2;MAS1;ID4;NDEL1;SRD5A2;MCPH1;PTPRS;CTNNB1;DIXDC1;GLI3;DLX2;PROX1;PEX5;SCN2A;FOXG1;EZH1;ASCL1;EMX1	GLOM	GO_BP	no_proc_ieg	10098
GOBP_UTERUS_DEVELOPMENT	-1.0417062239215027	0.4026717557251908	0.6572890328766992	5/16	STRA6;RBP4;GREB1L;SMAD4;ESR1	GLOM	GO_BP	no_proc_ieg	10098
GOBP_REGULATION_OF_TUBE_SIZE	-1.0439241753196162	0.350210970464135	0.6515394232715837	45/121	KNG1;APOE;EGFR;KCNMB2;PRKG1;SERPINF2;F2RL1;ACE2;ACE;VEGFA;AGT;DRD1;ADRA1D;FAAH;CPS1;SLC8A1;MTNR1B;ADRA1A;SNTA1;DBH;ADRA2C;NPPA;FGA;RGS2;CALCA;TACR1;KCNA5;CASR;AVP;EDN3;SLC6A4;DRD5;SCNN1B;HTR7;NOS1;DOCK5;ADRB3;AVPR1B;LEP;ADRA1B;ADD3;NTS;KEL;PER2;AGTR2	GLOM	GO_BP	no_proc_ieg	10098
GOBP_NEGATIVE_REGULATION_OF_CELL_PROJECTION_ORGANIZATION	-1.0443494676677338	0.3411016949152542	0.6510405384497636	34/132	APOE;KANK1;HDAC6;HRG;CDH1;MT3;RIT2;CBFA2T2;DAB2;EPHA7;TSKU;FYN;RAP1GAP;NR2F1;SPRY2;ULK1;CRMP1;MDM2;ARHGAP24;STAP1;SPP1;EVL;PTPRS;THOC2;SPART;PTPRO;MAK;GFAP;CDKL3;GRIN2B;CCP110;GLCE;FSTL4;TRPV4	GLOM	GO_BP	no_proc_ieg	10098
GOBP_PROTEIN_LOCALIZATION_TO_CELL_PERIPHERY	-1.0447010822685985	0.3116883116883117	0.6507369033208558	41/229	RDX;CACNB2;PRKCI;PGRMC1;GOLGA4;RAB11FIP3;NHERF4;PIP5K1A;GGA2;EGFR;PRKCZ;UMOD;PRKCE;NHERF1;CDH1;VIL1;GCC2;EZR;LRP6;DPP6;PREPL;SLC1A1;ARL3;DAB2;RAB11FIP2;ZDHHC4;BBS1;PALS1;LZTFL1;ANK2;GHSR;SPTBN4;C2CD5;STX7;LRRC15;ARHGEF16;ERBB4;ATP2C2;PTCH1;ANK3;CACNG2	GLOM	GO_BP	no_proc_ieg	10098
GOBP_BROWN_FAT_CELL_DIFFERENTIATION	-1.0455162463420584	0.39307535641547864	0.6490581140077112	19/37	ALDH6A1;SIRT1;ZNF516;PPARGC1A;RREB1;CEBPB;RGS2;FTO;TRPV4;BMP7;EBF2;ADRB3;LEP;MB;UCP1;ADIPOQ;SLC2A4;ADRB1;SLC7A10	GLOM	GO_BP	no_proc_ieg	10098
GOBP_MULTICELLULAR_ORGANISMAL_RESPONSE_TO_STRESS	-1.046574722258911	0.3487903225806452	0.6466734564194169	19/75	USP46;HMGCS2;THBS4;THBS1;APOE;BCL2;UMOD;DPP4;SLC1A1;BRINP1;DRD1;GRPR;SLC6A2;MAPK8IP2;DBH;PENK;P2RX2;CALCA;TACR1	GLOM	GO_BP	no_proc_ieg	10098
GOBP_BLOOD_COAGULATION_FIBRIN_CLOT_FORMATION	-1.0468247249534532	0.39094650205761317	0.6467072829081978	2/15	APOH;GP5	GLOM	GO_BP	no_proc_ieg	10098
GOBP_REGULATION_OF_DEVELOPMENTAL_GROWTH	-1.0469443839853212	0.3053763440860215	0.6471296597069486	72/235	AFG3L2;RBP4;GOLGA4;APOE;BCL2;PRKN;HDAC6;CHD7;CDH1;GHR;VIL1;MYOD1;MT3;BMPR1A;EZR;FGFR2;VEGFA;NEDD4L;GAMT;BMP10;CAPN3;EPHA7;CGA;CPNE6;GHSR;NKX2-5;ZFPM2;ULK1;SEMA4D;SPTBN4;WWC2;IGF1;GDF15;ERBB4;PTCH1;GPR21;SPP1;INSR;PTPRS;CDKN1A;AKAP6;UNC13A;RGS2;SPART;PLS1;WWC1;MYOZ1;GDF5;TGFBR3;ADCY10;PROX1;PEX5;CDKL3;TBX5;SLC6A4;SOCS2;FSTL4;FTO;CACNA2D2;SEMA5A;RIMS1;MAPT;ACACB;FGF9;ADRB3;IFRD1;LEP;KIAA0319;WT1;LATS1;MAP3K13;DIO3	GLOM	GO_BP	no_proc_ieg	10098
GOBP_REGULATION_OF_TRIGLYCERIDE_METABOLIC_PROCESS	-1.0470795195015765	0.36767676767676766	0.6474764838667495	12/28	APOE;AADAC;SIRT1;APOC3;RGN;KAT5;GPLD1;FBXW7;CIDEB;GNB3;APOA4;CIDEC	GLOM	GO_BP	no_proc_ieg	10098
GOBP_NEGATIVE_REGULATION_OF_GLIAL_CELL_DIFFERENTIATION	-1.0472374567201161	0.3949416342412451	0.647793055254234	6/17	ID4;DRD3;CTNNB1;DLX2;DAB1;LIN28A	GLOM	GO_BP	no_proc_ieg	10098
GOBP_FLUID_TRANSPORT	-1.048324467144536	0.35551330798479086	0.6453970292200337	3/27	AQP2;NHERF4;AQP6	GLOM	GO_BP	no_proc_ieg	10098
GOBP_NON_MOTILE_CILIUM_ASSEMBLY	-1.0490100293651157	0.405189620758483	0.644141349741974	14/39	DYNC2H1;IFT57;TOGARAM1;KCNJ10;BBS1;IFT88;PCM1;SEPTIN7;MAK;KCNF1;MKS1;TMEM80;HAP1;RPGRIP1	GLOM	GO_BP	no_proc_ieg	10098
GOBP_REGULATION_OF_INTRINSIC_APOPTOTIC_SIGNALING_PATHWAY	-1.0491337086038983	0.34243697478991597	0.6445205814725188	28/124	USP47;DDX3X;OPA1;PRODH;URI1;BCL2;PRKN;EIF2AK3;NHERF1;NUPR1;SIRT1;ACKR3;FYN;HERPUD1;ING2;MDM2;NOX1;PYCR1;PRKRA;NME5;TMBIM6;IVNS1ABP;CTNNB1;NFE2L2;NOL3;PARL;PIK3CB;NDUFS3	GLOM	GO_BP	no_proc_ieg	10098
GOBP_POSTSYNAPTIC_SPECIALIZATION_ASSEMBLY	-1.0496881910841507	0.38181818181818183	0.6436479631361928	5/19	PTPRD;SPTBN2;NRXN1;PTPRS;NPTX1	GLOM	GO_BP	no_proc_ieg	10098
GOBP_CARDIAC_SEPTUM_MORPHOGENESIS	-1.0501771669876194	0.3675564681724846	0.642989958845274	16/52	BMP5;CHD7;SEMA3C;BMPR1A;FGFR2;NKX2-5;ZFPM2;MDM2;LRP2;HAND1;DHRS3;FZD2;SMAD4;TGFBR3;PROX1;TBX5	GLOM	GO_BP	no_proc_ieg	10098
GOBP_REGULATION_OF_GLUCOSE_TRANSMEMBRANE_TRANSPORT	-1.050373363802988	0.3674698795180723	0.6431720570038222	24/51	PRKCI;IRS2;ACE;KLF15;PRKAG2;C2CD5;IGF1;INSR;NFE2L2;PLA2G1B;PIK3R1;TERT;BRAF;STXBP3;LEP;YES1;ADIPOQ;ENPP1;OPN3;FGF21;APPL2;CLTCL1;CREBL2;SLC1A2	GLOM	GO_BP	no_proc_ieg	10098
GOBP_CARDIAC_RIGHT_VENTRICLE_MORPHOGENESIS	-1.0506751540608474	0.38413361169102295	0.6430559498395888	7/16	CHD7;SEMA3C;BMPR1A;NKX2-5;ZFPM2;HAND2;HAND1	GLOM	GO_BP	no_proc_ieg	10098
GOBP_CARBOHYDRATE_DERIVATIVE_TRANSPORT	-1.0509549987185869	0.3503184713375796	0.6430357461654986	10/59	SLC37A4;GJB1;G6PC1;SLC5A2;SLC25A5;SLC28A1;SLC17A3;CR1;ABCC6;ABCC4	GLOM	GO_BP	no_proc_ieg	10098
GOBP_ENERGY_HOMEOSTASIS	-1.0516635679854993	0.35443037974683544	0.6417553098578587	14/60	PCSK1N;APOE;MAPK8;FMO4;SLC12A3;FMO1;LEPR;SIRT1;TSKU;PPARGC1A;MLXIPL;GDF15;MC4R;BMP8A	GLOM	GO_BP	no_proc_ieg	10098
GOBP_STEROID_HORMONE_BIOSYNTHETIC_PROCESS	-1.052556260194463	0.37166324435318276	0.6398556577109751	9/37	CYP17A1;HSD3B2;BMP5;CYP11B2;DAB2;HSD17B8;DHRS11;SRD5A2;HSD17B2	GLOM	GO_BP	no_proc_ieg	10098
GOBP_PROTEIN_ACYLATION	-1.0529992557049397	0.3864628820960699	0.6393059443292495	19/54	DDX3X;HDAC6;ZDHHC6;NAT8;SIRT1;ZDHHC4;KLF15;NAA16;CDYL;ZDHHC13;NAT8B;KAT5;FOXO1;PPM1A;AANAT;MAPT;NAA35;ATAT1;PPM1B	GLOM	GO_BP	no_proc_ieg	10098
GOBP_REGULATION_OF_CATION_CHANNEL_ACTIVITY	-1.0530588488783756	0.33877551020408164	0.6398757053819423	14/63	CACNB2;CALML3;KCNS1;CALM2;KCNG1;CACNA2D1;ANK2;FGF14;DMD;DRD3;ANK3;KCNIP2;AKAP6;NPPA	GLOM	GO_BP	no_proc_ieg	10098
GOBP_REGULATION_OF_CANONICAL_WNT_SIGNALING_PATHWAY	-1.0541078408581905	0.3261802575107296	0.6376147031710047	21/165	WNT10B;USP47;DDX3X;LGR4;APOE;EGFR;PRKN;KANK1;TNKS2;HECW1;EGF;LGR5;NHERF1;EDA;CDK14;FGFR2;AMFR;DAB2;FOLR1;DKK4;FZD6	GLOM	GO_BP	no_proc_ieg	10098
GOBP_INTESTINAL_LIPID_ABSORPTION	-1.0541420982760419	0.39344262295081966	0.6382859380553103	10/17	APOA1;ABCG5;FABP2;CEL;APOA2;SOAT2;NPC1L1;APOA4;PNLIP;LEP	GLOM	GO_BP	no_proc_ieg	10098
GOBP_PROTEIN_TETRAMERIZATION	-1.055481002542146	0.3333333333333333	0.6350825701701802	17/78	AQP2;TRPM6;CRYZ;GLS;SHMT1;GNMT;UPB1;PKD2L1;HSD17B8;OXA1L;ACOT13;CTH;DEFA5;EVL;CBR4;TRPM3;TRPV5	GLOM	GO_BP	no_proc_ieg	10098
GOBP_PHOSPHATIDIC_ACID_METABOLIC_PROCESS	-1.055992812098002	0.36926147704590817	0.6343454795564692	3/23	LPIN1;DGKB;PLA2G2A	GLOM	GO_BP	no_proc_ieg	10098
GOBP_DENDRITE_EXTENSION	-1.0561963103820584	0.363265306122449	0.6344889699629951	9/25	PRKN;CYFIP2;NEDD4L;CPNE6;AUTS2;SLC9A6;UNC13A;CDKL3;RIMS1	GLOM	GO_BP	no_proc_ieg	10098
GOBP_REGULATION_OF_ATP_METABOLIC_PROCESS	-1.0562409682859	0.3525773195876289	0.6351078349821307	11/54	GPD1;FBP1;SLC4A4;NUPR1;PRKAG2;PRKAG1;PFKFB1;MLXIPL;IGF1;NCOR1;INSR	GLOM	GO_BP	no_proc_ieg	10098
GOBP_EPITHELIAL_TUBE_FORMATION	-1.0563511271374562	0.34448818897637795	0.6355407012758224	20/93	BMP5;OPA1;EGF;CDK20;TCAP;MTHFD1;FGFR2;IFT57;COBL;FOLR1;FZD6;SPINT2;OVOL2;PAX2;LRP2;PTCH1;HAND1;PHACTR4;CTNNB1;FZD2	GLOM	GO_BP	no_proc_ieg	10098
GOBP_NEGATIVE_REGULATION_OF_SMOOTHENED_SIGNALING_PATHWAY	-1.0564476542013468	0.3807531380753138	0.6360106670374114	12/21	CDK20;PTCH1;GLI3;PRKACB;TMED2;GPR161;ENPP1;PTCH2;BTRC;GPR37L1;GPC3;HERC4	GLOM	GO_BP	no_proc_ieg	10098
GOBP_REGULATION_OF_CHOLESTEROL_EFFLUX	-1.057726598151957	0.3695652173913043	0.6330617155236125	5/24	APOE;EGF;PON1;APOA1;SIRT1	GLOM	GO_BP	no_proc_ieg	10098
GOBP_NEGATIVE_REGULATION_OF_ERBB_SIGNALING_PATHWAY	-1.0578601869466655	0.3860369609856263	0.6334405261882187	3/18	SNX5;EGFR;PTPN3	GLOM	GO_BP	no_proc_ieg	10098
GOBP_CELLULAR_RESPONSE_TO_ORGANIC_CYCLIC_COMPOUND	-1.0587103107510905	0.2727272727272727	0.6316787550665062	78/391	ALPL;NR3C2;HMGCS2;WNT10B;SSTR2;AIFM1;GPD1;FBP1;ADCY1;SLC34A1;CYP27B1;PCK1;URI1;EGFR;ESR2;PCK2;PRKN;HDAC6;SHMT1;ADCY8;SCNN1A;NHERF1;CDH1;GATA1;MYOD1;SAFB2;EZR;ASS1;LRP6;ACE;SLC1A1;AKR1C3;SIRT1;RORC;DAB2;FOLR1;PER1;VDR;FDX1;INSIG2;MBD2;DRD1;PHB1;ADTRP;ESRRG;TMEM38B;CPS1;RORA;DMTN;MDM2;CRY2;HCN4;HAND2;ELK1;SLC8A1;NCOR1;PTCH1;DRD3;SPP1;RXRG;MYOG;FECH;SOX10;CTNNB1;PENK;AKAP6;NR1H4;KAT5;GPLD1;SLC26A3;GABRB2;KLF9;CYP1A1;KDM4C;GDAP1;NSG2;RYR3;CASR	GLOM	GO_BP	no_proc_ieg	10098
GOBP_NEUROMUSCULAR_JUNCTION_DEVELOPMENT	-1.0590513494332772	0.35564853556485354	0.6314376673709118	10/44	CACNB2;AFG3L2;ZC4H2;COL4A5;SPTBN4;SNTA1;ANK3;CACNG2;SLC18A3;P2RX2	GLOM	GO_BP	no_proc_ieg	10098
GOBP_MODIFICATION_OF_POSTSYNAPTIC_STRUCTURE	-1.0592754405394813	0.3700787401574803	0.6315576883739181	5/16	STAU1;CAMKV;DRD1;BAIAP2;WASF3	GLOM	GO_BP	no_proc_ieg	10098
GOBP_MONOAMINE_TRANSPORT	-1.0597628893161362	0.35051546391752575	0.6309409198231195	17/63	PRKN;MAOB;CHRM5;DRD1;GHSR;ABAT;SDHD;SLC22A2;SLC22A1;DRD3;SLC6A2;SLC18A3;ADRA2C;OXT;SLC6A4;CRH;CHRNB2	GLOM	GO_BP	no_proc_ieg	10098
GOBP_PROTEIN_LOCALIZATION_TO_PLASMA_MEMBRANE	-1.0614972416384492	0.28728070175438597	0.6266402658194745	34/189	RDX;CACNB2;PRKCI;PGRMC1;GOLGA4;RAB11FIP3;NHERF4;PIP5K1A;GGA2;EGFR;PRKCZ;PRKCE;NHERF1;CDH1;VIL1;GCC2;EZR;LRP6;DPP6;PREPL;DAB2;RAB11FIP2;ZDHHC4;BBS1;PALS1;ANK2;SPTBN4;C2CD5;STX7;LRRC15;ARHGEF16;ATP2C2;PTCH1;ANK3	GLOM	GO_BP	no_proc_ieg	10098
GOBP_DEMETHYLATION	-1.0617618725719549	0.3695652173913043	0.6266221124160898	5/25	CYP3A43;CYP3A4;CYP2C8;TET3;A1CF	GLOM	GO_BP	no_proc_ieg	10098
GOBP_RUFFLE_ORGANIZATION	-1.0629723874439554	0.3684210526315789	0.6239107210485301	11/43	RDX;AIF1;EPS8L2;PIP5K1A;KANK1;COBL;SH3YL1;ARHGAP24;NDEL1;STAP1;EVL	GLOM	GO_BP	no_proc_ieg	10098
GOBP_POSITIVE_REGULATION_OF_BEHAVIOR	-1.063015237498252	0.3559670781893004	0.6245407751275646	5/17	STRA6;GHSR;GRPR;MTNR1B;PENK	GLOM	GO_BP	no_proc_ieg	10098
GOBP_SPERM_EGG_RECOGNITION	-1.0633007793709157	0.3545816733067729	0.6244619586577026	8/24	HSPA1L;FOLR1;ZP2;OVGP1;CRISP1;PAEP;ZPBP;SPAM1	GLOM	GO_BP	no_proc_ieg	10098
GOBP_GLYCEROLIPID_BIOSYNTHETIC_PROCESS	-1.0633449040890688	0.26464646464646463	0.625110365269762	30/153	LPIN1;CISH;ANG;PCK1;DGKB;PIP5K1A;PLCE1;PCK2;PIK3C2G;IMPA2;ETNK2;APOA1;SIRT1;ALOX15;SLC44A4;SH3YL1;IP6K2;ACSL1;RGN;UVRAG;PISD;APOA2;PIGB;CHPT1;NR1H4;PIK3CB;KAT5;GPLD1;CHKA;PIK3R1	GLOM	GO_BP	no_proc_ieg	10098
GOBP_SYNAPTIC_TRANSMISSION_GABAERGIC	-1.0634693456289877	0.341991341991342	0.6255136385857879	9/46	USP46;CA2;PRKCE;ALDH5A1;ADRA1A;TACR1;GABRB2;RAC3;GABRA1	GLOM	GO_BP	no_proc_ieg	10098
GOBP_MICROTUBULE_BASED_TRANSPORT	-1.0637626075338815	0.31392931392931395	0.6254605334111263	45/131	OPA1;HDAC6;PRKCZ;DYNC2H1;STAU1;AP3B1;NHERF1;CFAP45;IFT57;SPAG6;ARL3;SYNE2;RABGEF1;SPAG16;NDEL1;IFT81;IFT25;NME5;RFX3;JHY;DNAI1;SSX2IP;IFT88;PCM1;ADCY10;MAK;DNAH9;SYBU;UBB;TERF2;MAPT;KIF1B;STAU2;DNAAF1;SPG11;TUB;DLG2;IFT46;DYNC2LI1;APBA1;MAPK8IP3;CFAP43;HAP1;DST;KIF5A	GLOM	GO_BP	no_proc_ieg	10098
GOBP_MITOCHONDRIAL_ELECTRON_TRANSPORT_NADH_TO_UBIQUINONE	-1.06399041574861	0.3660531697341513	0.6255747003406892	5/24	NDUFS1;DLD;NDUFA10;NDUFS3;NDUFV1	GLOM	GO_BP	no_proc_ieg	10098
GOBP_CONNECTIVE_TISSUE_DEVELOPMENT	-1.064689133185246	0.2868217054263566	0.6243407167319145	45/206	HMGCS2;LPL;WNT10B;ACAT1;OTOR;BMPR1B;SLC39A14;ARID5B;BMP5;CER1;VPS13B;LOX;NCOA2;CHI3L1;EIF2AK3;GHR;BMPR1A;CCN3;PTH1R;SIRT1;RORC;NCOA1;BBS1;BMP10;TSKU;ZNF516;PPARGC1A;BMP8B;ZBTB16;ID4;HAND2;SCIN;BMP8A;EPYC;HAND1;CTNNB1;NR1H4;IL6R;GPLD1;SPART;GLI3;RARB;DLX2;CASR;GDF5	GLOM	GO_BP	no_proc_ieg	10098
GOBP_ADENYLATE_CYCLASE_ACTIVATING_G_PROTEIN_COUPLED_RECEPTOR_SIGNALING_PATHWAY	-1.0661957433983313	0.32382892057026474	0.6207131698262339	43/131	LGR4;ADCY1;PDE3B;GPR12;LGR5;ADCY8;NHERF1;ADGRG6;TCP11;PTH1R;RIT2;DRD1;GPR3;PDE4D;ADRA1D;PTGFR;MC4R;OPRL1;ADRA1A;DRD3;ADRA2C;AKAP6;PDE4B;PTGER4;CALCA;PRKCA;ADCY10;AKAP13;MC5R;GPR161;ADGRF1;GLP1R;DRD5;GIPR;NOS1;ADRB3;ADRA1B;CNR2;ADGRG3;ADM2;MC3R;SCTR;PTGER3	GLOM	GO_BP	no_proc_ieg	10098
GOBP_NEGATIVE_REGULATION_OF_INTRINSIC_APOPTOTIC_SIGNALING_PATHWAY_BY_P53_CLASS_MEDIATOR	-1.066198112154654	0.36069114470842334	0.6214679826607685	5/16	BCL2;PRKN;SIRT1;ING2;MDM2	GLOM	GO_BP	no_proc_ieg	10098
GOBP_NEGATIVE_REGULATION_OF_DEVELOPMENTAL_GROWTH	-1.0662630262355148	0.32335329341317365	0.6220444890509275	26/75	RBP4;HDAC6;CDH1;MT3;EPHA7;CGA;ULK1;WWC2;GDF15;PTCH1;SPP1;PTPRS;CDKN1A;RGS2;SPART;WWC1;MYOZ1;CDKL3;TBX5;SLC6A4;SOCS2;FSTL4;SEMA5A;ADRB3;IFRD1;KIAA0319	GLOM	GO_BP	no_proc_ieg	10098
GOBP_NEGATIVE_REGULATION_OF_MUSCLE_CELL_APOPTOTIC_PROCESS	-1.066721235034157	0.3379721669980119	0.6214672836078122	13/33	APOH;NUPR1;LRP6;PPP1R10;NKX2-5;IGF1;HAND2;NFE2L2;NOL3;ESR1;SIRT5;JAK2;BMP7	GLOM	GO_BP	no_proc_ieg	10098
GOBP_OLIGOPEPTIDE_TRANSPORT	-1.0668403701911164	0.3820662768031189	0.6218743942973454	5/15	CA2;SLC13A3;NHERF1;ABCC4;SLC15A1	GLOM	GO_BP	no_proc_ieg	10098
GOBP_CELLULAR_RESPONSE_TO_OSMOTIC_STRESS	-1.066882365323239	0.34685598377281945	0.6225134556767934	9/38	DDX3X;SLC12A6;FBP1;PCK1;MICU1;CAPN3;LETM1;NLK;SCN7A	GLOM	GO_BP	no_proc_ieg	10098
GOBP_NEUTRAL_AMINO_ACID_TRANSPORT	-1.0674813687308822	0.34860557768924305	0.6215649375973676	19/36	SLC1A5;LLGL2;ACE2;SLC3A1;SLC1A1;SLC7A9;SFXN1;SLC25A12;SLC38A3;RGS2;SLC3A2;SLC25A13;SLC6A7;LEP;SLC25A38;SLC6A14;SLC6A20;SLC6A15;SLC7A10	GLOM	GO_BP	no_proc_ieg	10098
GOBP_BINDING_OF_SPERM_TO_ZONA_PELLUCIDA	-1.0676729408386794	0.37014314928425357	0.6217792961487741	7/21	HSPA1L;ZP2;OVGP1;CRISP1;PAEP;ZPBP;SPAM1	GLOM	GO_BP	no_proc_ieg	10098
GOBP_REGULATION_OF_SYNAPTIC_TRANSMISSION_GLUTAMATERGIC	-1.0681607075163244	0.3319672131147541	0.6211522576030502	14/52	EGFR;HDAC6;CACNG5;KMO;DRD1;NRXN1;DRD3;CACNG2;MAPK8IP2;IQSEC2;UNC13A;GRIK3;GRIN2B;RAB3GAP1	GLOM	GO_BP	no_proc_ieg	10098
GOBP_TEMPERATURE_HOMEOSTASIS	-1.0690533039917731	0.2959830866807611	0.6193566336381792	45/142	ALPL;LPIN1;WNT10B;LGR4;GATM;CIDEA;ACOT11;G0S2;PRKAB1;LEPR;VEGFA;ACOT13;ZNF516;DRD1;GPR3;ABAT;ACSL1;ESRRG;PPARGC1A;ACADL;ADIPOR2;DBH;CEBPB;MFN2;IL13;OXT;LETMD1;ABHD6;DECR1;GJA1;FTO;FOXO1;JAK2;TRPM2;PEMT;CPT2;EBF2;ADRB3;ALDH1A1;LEP;MAP2K6;PER2;MC3R;APC;PTGER3	GLOM	GO_BP	no_proc_ieg	10098
GOBP_NEGATIVE_REGULATION_OF_INTRACELLULAR_STEROID_HORMONE_RECEPTOR_SIGNALING_PATHWAY	-1.0694780622145765	0.33884297520661155	0.618932191402194	6/27	SIRT1;DAB2;PER1;PHB1;CRY2;NCOR1	GLOM	GO_BP	no_proc_ieg	10098
GOBP_REGULATION_OF_MRNA_PROCESSING	-1.0699794446962143	0.3152610441767068	0.6182169522160148	27/84	YTHDC1;PRDX6;SRPK2;RBM47;MYOD1;SAFB2;SF3B4;RBFOX1;SRRM1;ARB2A;SLTM;CELF3;KAT8;CIRBP;RBM25;DYRK1A;DDX5;SAFB;THRAP3;MAGOHB;JMJD6;CDK9;HNRNPL;REST;SFSWAP;SON;RBM15B	GLOM	GO_BP	no_proc_ieg	10098
GOBP_REGULATION_OF_NUCLEOTIDE_BIOSYNTHETIC_PROCESS	-1.0703538915763913	0.34623217922606925	0.6178955217734212	7/20	PDK2;GUCA1B;PDK4;PDK1;ADCY10;NOS1;NOS2	GLOM	GO_BP	no_proc_ieg	10098
GOBP_POSITIVE_REGULATION_OF_G1_S_TRANSITION_OF_MITOTIC_CELL_CYCLE	-1.071399649409468	0.3367139959432049	0.6156280651471494	4/28	RDX;AIF1;DDX3X;EGFR	GLOM	GO_BP	no_proc_ieg	10098
GOBP_SECRETION_BY_TISSUE	-1.072427186549822	0.36764705882352944	0.6134673045989445	10/30	SLC4A5;EGFR;PRKCE;ALOX12B;CEL;COPA;HTR4;GJA1;SCNN1B;STATH	GLOM	GO_BP	no_proc_ieg	10098
GOBP_POSITIVE_REGULATION_OF_SMALL_MOLECULE_METABOLIC_PROCESS	-1.0724954498805515	0.29338842975206614	0.6140111907630312	34/103	GPD1;APOE;SLC4A4;PRKCE;FABP1;IRS2;APOA1;PTH1R;SIRT1;DAB2;GHSR;RGN;MAS1;PPARGC1A;MLXIPL;IGF1;MLYCD;FGF1;GDF15;INSR;NR1H4;PHKA1;GPLD1;GPT;AVP;ADCY10;ADCYAP1R1;FOXO1;GAPDHS;NOS1;APOA4;NOS2;AVPR1B;KLHL25	GLOM	GO_BP	no_proc_ieg	10098
GOBP_POSITIVE_REGULATION_OF_WOUND_HEALING	-1.0735096201298169	0.34146341463414637	0.6119169817976229	7/52	APOH;THBS1;PLG;KANK1;SERPINF2;PRKCE;HRG	GLOM	GO_BP	no_proc_ieg	10098
GOBP_PLACENTA_DEVELOPMENT	-1.07351905995327	0.31983805668016196	0.6126637477139875	25/114	ANG;BMP5;CYP27B1;PLG;EGFR;ETNK2;FGFR2;PLAC1;MME;NCOA1;PRDX3;VDR;CDX4;SPINT2;CDX2;GHSR;OVOL2;HTRA1;PRDM1;SPP1;HAND1;FZD5;GJB3;HSD17B2;CEBPB	GLOM	GO_BP	no_proc_ieg	10098
GOBP_OXIDATIVE_PHOSPHORYLATION	-1.0735432040990236	0.31932773109243695	0.6133559252433918	15/63	SDHC;NDUFS1;DLD;COX8A;NUPR1;SDHB;ATP5F1B;NDUFA10;SDHD;MLXIPL;COX6A2;COX7A2L;NDUFS3;CYC1;NDUFV1	GLOM	GO_BP	no_proc_ieg	10098
GOBP_REGULATION_OF_CALCIUM_ION_TRANSPORT_INTO_CYTOSOL	-1.0736523276877943	0.35833333333333334	0.6137882278825424	9/15	BCL2;TMBIM6;P2RX2;PLA2G1B;ADCYAP1R1;NOS1;EPO;TRPC3;GRIN1	GLOM	GO_BP	no_proc_ieg	10098
GOBP_RESPONSE_TO_TOPOLOGICALLY_INCORRECT_PROTEIN	-1.0738294487439137	0.29135338345864664	0.6140318198002606	21/101	THBS4;HSPA1L;THBS1;PRKN;HDAC6;UMOD;MBTPS2;EIF2AK3;AMFR;HERPUD1;UBXN4;DNAJB4;HSPA6;CTH;TMBIM6;HSPA4L;ERMP1;PARP6;HSPB8;MFN2;NFE2L2	GLOM	GO_BP	no_proc_ieg	10098
GOBP_TISSUE_HOMEOSTASIS	-1.0743351209314316	0.28270042194092826	0.6132858229213634	30/179	ALPL;MUC13;RBP4;PBLD;BCL2;EGFR;CUBN;RHO;VPS13B;USH1C;TJP1;ASCL3;GATA1;AIPL1;TFRC;CXADR;PTH1R;IQCB1;SLC1A1;VEGFA;NOX4;BBS1;TSPAN12;GIGYF2;ABCC6;PDK4;DMD;SLC22A5;MC4R;CRB1	GLOM	GO_BP	no_proc_ieg	10098
GOBP_HIPPO_SIGNALING	-1.075156980857285	0.3377862595419847	0.6116789051397074	13/32	DLG5;WWC2;WWC1;SHANK2;FRMD1;AMOTL2;TEAD1;CIT;LATS1;YWHAE;STRN3;SAV1;MAP2K3	GLOM	GO_BP	no_proc_ieg	10098
GOBP_PURINE_NUCLEOTIDE_TRANSPORT	-1.0761585416129975	0.3498964803312629	0.609442886723478	7/23	GJB1;SLC25A5;CR1;ABCC6;ABCC4;SLC25A17;ADCY10	GLOM	GO_BP	no_proc_ieg	10098
GOBP_RESPONSE_TO_OXYGEN_RADICAL	-1.0768306546929622	0.35845213849287166	0.6083123046543133	9/22	TXNRD2;UCP3;NQO1;MT3;NFE2L2;FANCC;BMP7;APOA4;CCS	GLOM	GO_BP	no_proc_ieg	10098
GOBP_NEGATIVE_REGULATION_OF_MONONUCLEAR_CELL_MIGRATION	-1.0771259237168147	0.36237623762376237	0.608167378078052	6/18	C5;BMP5;CCN3;ADTRP;APOD;STAP1	GLOM	GO_BP	no_proc_ieg	10098
GOBP_POSITIVE_REGULATION_OF_GLUCOSE_METABOLIC_PROCESS	-1.077171505087456	0.3406813627254509	0.6087993652458717	11/29	IRS2;SIRT1;RGN;PPARGC1A;IGF1;INSR;PHKA1;GPLD1;GPT;ADCY10;FOXO1	GLOM	GO_BP	no_proc_ieg	10098
GOBP_GLAND_DEVELOPMENT	-1.077266573005084	0.24307036247334754	0.6092806640698466	85/339	STRA6;HMGCS2;ACAT1;ARID5B;SMARCC1;ACO2;PCK1;BCL2;EGFR;HNF1A;PCK2;PTPN3;EGF;SEMA3C;CCKBR;HPN;NHERF1;CDH1;ASCL3;ESRP2;EDA;IRS2;UPB1;BMPR1A;APOA1;EZR;FGFR2;ASS1;COBL;VEGFA;NCOA1;TG;VDR;KRT76;TFCP2L1;ONECUT2;RAP1GAP;EDAR;ASXL1;CGA;BAAT;NRG1;RGN;NKX2-5;CPS1;RREB1;ID4;HAND2;FGF1;ELK1;FOXB1;FRS2;ERBB4;ATP2C2;CSN2;PTCH1;INSR;SALL1;CEBPB;SOX10;CTNNB1;ACADM;TGFA;MPST;GLI3;PROP1;CYP1A1;SMAD4;ESR1;FOXN1;TGFBR3;MET;XDH;PROX1;FBXW7;BRAF;GJA1;SOCS2;CRH;FA2H;NR5A1;HOXD13;JAK2;BMP7;ASCL1	GLOM	GO_BP	no_proc_ieg	10098
GOBP_HAIR_CELL_DIFFERENTIATION	-1.0777656319135225	0.3418467583497053	0.6086834367868891	9/32	SPINK5;USH1C;NHERF1;SLC44A4;CTNNB1;ESRP1;PLS1;ERCC2;TECTA	GLOM	GO_BP	no_proc_ieg	10098
GOBP_NEGATIVE_REGULATION_OF_EPIDERMAL_GROWTH_FACTOR_RECEPTOR_SIGNALING_PATHWAY	-1.078354767143559	0.3394308943089431	0.6078051443544802	3/15	SNX5;EGFR;PTPN3	GLOM	GO_BP	no_proc_ieg	10098
GOBP_GLUCOCORTICOID_BIOSYNTHETIC_PROCESS	-1.0785206733566854	0.35496957403651114	0.6080711901519147	3/15	CYP17A1;BMP5;CYP11B2	GLOM	GO_BP	no_proc_ieg	10098
GOBP_REACTIVE_NITROGEN_SPECIES_METABOLIC_PROCESS	-1.0792711058925188	0.30694980694980695	0.6065809593293267	13/63	DDAH1;ARG2;ACVR2A;MTARC1;APOE;GCHFR;MTARC2;SIRPA;NQO1;ASS1;RGN;CPS1;RORA	GLOM	GO_BP	no_proc_ieg	10098
GOBP_AMINO_ACID_IMPORT_ACROSS_PLASMA_MEMBRANE	-1.0794486408220092	0.334020618556701	0.6068179458027235	19/39	SLC6A13;SLC1A5;ACE2;SLC47A1;SLC1A1;KCNJ10;SLC22A2;SLC38A3;SLC22A4;RGS2;SLC3A2;GFAP;SLC6A7;TSPO2;GRM1;PER2;SLC6A14;SLC16A2;SLC6A20	GLOM	GO_BP	no_proc_ieg	10098
GOBP_NEGATIVE_REGULATION_OF_INTRACELLULAR_SIGNAL_TRANSDUCTION	-1.0797581244966192	0.21893491124260356	0.6067452250998175	91/383	USP47;DDX3X;FBP1;PRKAR2B;OPA1;THBS1;MAGI2;NHERF4;APOE;GPD1L;URI1;BCL2;PRKN;KANK1;WDR59;AMBP;SIRPA;LOX;PEBP1;F2RL1;NHERF1;SIRT3;USP10;ACE2;EZR;CCN3;SIRT1;DAB2;PER1;ACKR3;OTUD3;RPS6KA6;RIPK1;DEPDC5;HIPK3;RABGEF1;FYN;AGT;HERPUD1;ING2;PHB1;SPRY2;PPP1R10;OVOL2;YWHAZ;DLG5;RORA;WWC2;MAPKAP1;DUSP9;MDM2;STMN1;ARHGAP24;PYCR1;GDF15;NCOR1;BANK1;MTNR1B;MKRN2;NLK;OPRL1;NME5;DRD3;TMBIM6;DUSP2;RCAN1;IVNS1ABP;CTNNB1;MFN2;NFE2L2;NR1H4;NPPA;NOL3;PARL;RGS2;PIK3CB;TRIM15;NDUFS3;WWC1;MYOZ1;SHANK2;SMAD4;DEPTOR;ESR1;FBXO7;EPM2A;PTPRR;TGFBR3;PRKACB;MET;XDH	GLOM	GO_BP	no_proc_ieg	10098
GOBP_NEPHRON_MORPHOGENESIS	-1.0800808503154729	0.32233009708737864	0.6066508505663206	22/58	LGR4;BCL2;VEGFA;AGT;GREB1L;AHI1;PAX2;FGF1;ERBB4;PTCH1;SALL1;CTNNB1;GLI3;SMAD4;BMP7;WT1;DLG1;CITED1;AGTR2;PAX8;KLHL3;SMO	GLOM	GO_BP	no_proc_ieg	10098
GOBP_CELLULAR_RESPONSE_TO_CARBOHYDRATE_STIMULUS	-1.0811046128039794	0.3073770491803279	0.6045741754030305	22/110	SLC2A5;SLC39A14;SLC12A6;FBP1;PCK1;PCK2;PRKCE;ADCY8;IRS2;ACE;RAB11FIP2;CCDC186;FOXA2;NOX4;MLXIPL;PAX2;NR1H4;KAT5;GPLD1;NPTX1;SMAD4;CASR	GLOM	GO_BP	no_proc_ieg	10098
GOBP_REGULATION_OF_SPROUTING_ANGIOGENESIS	-1.0815471618958075	0.3359840954274354	0.6040417855796363	9/28	CEMIP2;THBS1;TJP1;VEGFA;GHSR;FGF1;S100A1;TNN;PIK3CB	GLOM	GO_BP	no_proc_ieg	10098
GOBP_NEGATIVE_REGULATION_OF_TOR_SIGNALING	-1.0820631937176008	0.32741617357001973	0.6034070794622781	8/43	WDR59;SIRT1;DEPDC5;YWHAZ;NLK;DEPTOR;EPM2A;PRKACB	GLOM	GO_BP	no_proc_ieg	10098
GOBP_NEGATIVE_REGULATION_OF_CYSTEINE_TYPE_ENDOPEPTIDASE_ACTIVITY_INVOLVED_IN_APOPTOTIC_PROCESS	-1.0826069054754328	0.3163265306122449	0.6026106058542372	10/35	USP47;DDX3X;THBS1;DPEP1;FABP1;VEGFA;PAX2;NOL3;AVP;CAAP1	GLOM	GO_BP	no_proc_ieg	10098
GOBP_MULTICELLULAR_ORGANISMAL_LEVEL_CHEMICAL_HOMEOSTASIS	-1.083394778707843	0.2921108742004264	0.6010956717868546	10/59	AQP2;CYP4A11;AQP6;CYP11B2;UMOD;SLC11A2;SCNN1A;CYP4F2;CTSH;VEGFA	GLOM	GO_BP	no_proc_ieg	10098
GOBP_DECIDUALIZATION	-1.084289557215358	0.34577603143418467	0.5993046929692122	4/19	CYP27B1;VDR;GHSR;SPP1	GLOM	GO_BP	no_proc_ieg	10098
GOBP_NEURAL_RETINA_DEVELOPMENT	-1.0843258642884543	0.3060428849902534	0.5999728213684521	25/53	RHO;USH1C;SLC1A1;TSPAN12;RS1;AHI1;CRB1;PRDM1;NEUROD4;DLX2;TFAP2A;VSX1;SLC17A7;ATP2B2;DIO3;GPM6A;HIPK1;RPGRIP1;PROM1;THY1;NEUROD1;NRL;DSCAM;GNAT1;SOX9	GLOM	GO_BP	no_proc_ieg	10098
GOBP_CALCIUM_ION_HOMEOSTASIS	-1.0844893919982461	0.24109014675052412	0.600272812041194	50/237	ALPL;CACNB2;AFG3L2;GP5;CYP27B1;APOE;MICU1;BCL2;PLCE1;CHD7;GPR12;UMOD;PRKCE;CALML3;ADCY8;BDKRB1;CALM2;PTH1R;LIME1;TSPOAP1;VDR;ATP2B3;CAPN3;TRPV6;ABCC6;HERPUD1;DRD1;GPR3;ANK2;PDE4D;RGN;TMEM38B;DMD;MAIP1;DMTN;LETM1;SLC8A1;ATP2C2;DRD3;SCGN;KL;TMBIM6;TNNI3;TRPV5;AKAP6;SLC24A3;NOL3;IL13;CALCA;PIK3CB	GLOM	GO_BP	no_proc_ieg	10098
GOBP_CELL_AGGREGATION	-1.08488866316937	0.35019455252918286	0.599938044833981	2/17	OTOR;BMPR1B	GLOM	GO_BP	no_proc_ieg	10098
GOBP_NEGATIVE_REGULATION_OF_PROTEOLYSIS_INVOLVED_IN_PROTEIN_CATABOLIC_PROCESS	-1.084901241735203	0.29193899782135074	0.6006805600332484	4/42	USP25;SMARCC1;ALAD;FHIT	GLOM	GO_BP	no_proc_ieg	10098
GOBP_TORC1_SIGNALING	-1.0850958963565527	0.2851485148514851	0.6009757652172659	12/59	SIK3;WDR59;RRAGD;RRAGB;DEPDC5;YWHAZ;NLK;LAMTOR3;CLEC16A;DEPTOR;PRKACB;GPR137B	GLOM	GO_BP	no_proc_ieg	10098
GOBP_ACUTE_PHASE_RESPONSE	-1.085665807624006	0.3039832285115304	0.6001345512853301	10/40	SERPINF2;TFRC;ASS1;APCS;CEBPB;IL6R;SERPINA1;IL22;AHSG;ORM2	GLOM	GO_BP	no_proc_ieg	10098
GOBP_INTRACELLULAR_GLUCOSE_HOMEOSTASIS	-1.0866730860732103	0.2685370741482966	0.5979962077311965	24/111	SLC39A14;SLC12A6;PCK1;PCK2;PRKCE;ADCY8;IRS2;ACE;SIRT1;RAB11FIP2;CCDC186;KLF15;FOXA2;NOX4;PPARGC1A;MLXIPL;PAX2;NR1H4;KAT5;GPLD1;PIK3R1;NPTX1;SMAD4;CASR	GLOM	GO_BP	no_proc_ieg	10098
GOBP_RESPONSE_TO_FATTY_ACID	-1.0869803543639687	0.3030927835051546	0.5978840845965087	10/48	HMGCS2;LPL;ALAD;GLDC;ASS1;AKR1C3;PDK4;ACSL1;CPS1;AKR1C4	GLOM	GO_BP	no_proc_ieg	10098
GOBP_PEPTIDE_TRANSPORT	-1.0871657078535542	0.2558139534883721	0.5980827125360384	54/189	RBP4;EGFR;HNF1A;PCK2;PRKN;CHD7;PRKCE;ADCY8;F2RL1;SIRT3;PFKFB2;IRS2;CCN3;RAB11FIP2;CCDC186;FOXA2;CAMK2G;NR0B2;GHSR;ABAT;GNAZ;CPLX3;MC4R;MTNR1B;RFX3;BMP8A;SLC15A1;G6PC2;NR1H4;HNF4A;FGA;GPLD1;AIMP1;KCNA5;CASR;MYRIP;EDN3;CRH;SYBU;TRPV4;FOXO1;JAK2;ENY2;GIPR;PFKM;STXBP3;NOS2;LEP;CARTPT;OSBP;PER2;EPHA5;RAB3A;PAX8	GLOM	GO_BP	no_proc_ieg	10098
GOBP_SYNAPTIC_VESICLE_MATURATION	-1.0872146595358252	0.33264033264033266	0.5987455768724159	11/18	ATP6V1A;ATP6V0A4;ATP6V1F;ATP6V0A1;RAB3A;PICALM;ATP6V1C1;ATP6V1G2;ATP6V1D;ATP6V1B2;ATP6V1E1	GLOM	GO_BP	no_proc_ieg	10098
GOBP_SUBPALLIUM_DEVELOPMENT	-1.0873179342409849	0.3441295546558704	0.5992207529440593	8/19	BBS1;DRD1;GLI3;RARB;DLX2;SECISBP2;ASCL1;OGDH	GLOM	GO_BP	no_proc_ieg	10098
GOBP_REGULATION_OF_FEEDING_BEHAVIOR	-1.087539374199555	0.3426124197002141	0.5993721853450884	8/15	LEPR;GHSR;TACR3;MC4R;GNB3;INSL5;MC3R;CFAP20	GLOM	GO_BP	no_proc_ieg	10098
GOBP_NEGATIVE_REGULATION_OF_SMOOTH_MUSCLE_CELL_PROLIFERATION	-1.0878808189724927	0.3346613545816733	0.5991325877806581	9/39	AIF1;ANG;APOE;PRKG1;ACE2;PPARGC1A;APOD;CDKN1A;MFN2	GLOM	GO_BP	no_proc_ieg	10098
GOBP_REGULATION_OF_RELEASE_OF_SEQUESTERED_CALCIUM_ION_INTO_CYTOSOL_BY_SARCOPLASMIC_RETICULUM	-1.0897598999446827	0.3489278752436647	0.5946946271362533	8/21	CHD7;CALM2;ANK2;PDE4D;TMEM38B;DMD;SLC8A1;AKAP6	GLOM	GO_BP	no_proc_ieg	10098
GOBP_NEGATIVE_REGULATION_OF_RESPONSE_TO_WOUNDING	-1.0905032216677866	0.30518234165067176	0.593373036067155	18/74	APOH;KNG1;THBS1;APOE;PLG;PRKG1;SERPINF2;HRG;F11;ADTRP;APCS;PROC;SPP1;PTPRS;FGA;MYOZ1;TSPAN8;CLASP1	GLOM	GO_BP	no_proc_ieg	10098
GOBP_BODY_FLUID_SECRETION	-1.090749358621372	0.3138075313807531	0.5934454683544221	20/67	SLC4A5;EGFR;PRKCE;VEGFA;NCOA1;VDR;GUCA1B;ALOX12B;SLC22A2;CEL;FOXB1;ERBB4;CSN2;COPA;HTR4;XDH;GJA1;SOCS2;SCNN1B;STATH	GLOM	GO_BP	no_proc_ieg	10098
GOBP_PHOSPHATIDYLCHOLINE_METABOLIC_PROCESS	-1.0923361320430371	0.2796780684104628	0.5898602066602572	13/51	PLAAT2;GDPD3;PON1;PNLIPRP2;APOA1;PLA2G2A;SLC44A4;APOA2;CHPT1;ENPP2;PLA2G1B;GPLD1;CHKA	GLOM	GO_BP	no_proc_ieg	10098
GOBP_NADH_METABOLIC_PROCESS	-1.0923586999501935	0.31334622823984526	0.5905658383055803	6/26	GPD1;GPD1L;PCK2;NQO1;ALDOB;PGAM2	GLOM	GO_BP	no_proc_ieg	10098
GOBP_SYNAPTIC_MEMBRANE_ADHESION	-1.0935071922818236	0.3320235756385069	0.5880516627558183	10/20	PTPRD;CDH9;CDH10;PTPRF;PTPRS;FLRT3;GPC4;PCDH8;IL1RAPL1;SLITRK5	GLOM	GO_BP	no_proc_ieg	10098
GOBP_MESODERMAL_CELL_DIFFERENTIATION	-1.0935484274104723	0.3169734151329243	0.5887322222381357	6/24	BMPR1A;FGFR2;EYA2;PAX2;TRIM15;GJA1	GLOM	GO_BP	no_proc_ieg	10098
GOBP_BONE_MINERALIZATION	-1.093784364568458	0.2504854368932039	0.5888188687488094	20/91	ALPL;WNT10B;BMPR1B;LGR4;ACVR2A;CYP27B1;CER1;LOX;EIF2AK3;GATA1;BMPR1A;FGFR2;PTH1R;ALOX15;VDR;TMEM38B;IGF1;SLC8A1;TUFT1;KL	GLOM	GO_BP	no_proc_ieg	10098
GOBP_REGULATION_OF_ENDOCRINE_PROCESS	-1.093893131503671	0.3059548254620123	0.5892924828474997	13/35	F2RL1;DAB2;AGT;GDF9;CRY2;SPP1;SMAD4;INHA;NPVF;GJA1;CRH;LEP;NKX3-1	GLOM	GO_BP	no_proc_ieg	10098
GOBP_REGULATION_OF_WNT_SIGNALING_PATHWAY	-1.0947766968732544	0.21548117154811716	0.5875917054827403	56/215	WNT10B;USP47;DDX3X;LGR4;WWOX;CMAHP;APOE;EGFR;PRKN;KANK1;TNKS2;HECW1;EGF;CER1;LGR5;NHERF1;EDA;CDK14;FGFR2;AMFR;DAB2;FOLR1;KLF15;DKK4;FZD6;TSKU;MBD2;NKX2-5;FZD7;NLK;SALL1;SENP2;SOX10;CTNNB1;DIXDC1;TNN;GLI3;FERMT1;PTPRO;HMGXB4;MCC;SMAD4;TERT;CBY1;PBXIP1;PTPRU;AXIN1;SPIN1;LMBR1L;RNF146;FOXO1;TBL1X;RNF220;SEMA5A;TNKS;PPM1A	GLOM	GO_BP	no_proc_ieg	10098
GOBP_RESPONSE_TO_AMINE	-1.0953586062651302	0.3089770354906054	0.5867665095744714	15/36	HDAC6;NQO1;GLDC;ASS1;SLC1A1;DRD1;CPS1;RGS7;DBH;RGS2;OXT;PITX3;ASIC1;JAK2;DRD5	GLOM	GO_BP	no_proc_ieg	10098
GOBP_THYROID_HORMONE_GENERATION	-1.0964079155616637	0.30443548387096775	0.5845942281456722	9/18	HPN;TG;DIO1;CGA;SLC5A5;PAX8;SLCO1C1;SLC16A2;DUOX2	GLOM	GO_BP	no_proc_ieg	10098
GOBP_RESPONSE_TO_TESTOSTERONE	-1.0964097370599082	0.3361522198731501	0.5853710584404195	12/31	HMGCS2;THBS1;NQO1;SIRT1;SRD5A2;ELK1;SPP1;AVP;CA9;HOXD13;EPO;NKX3-1	GLOM	GO_BP	no_proc_ieg	10098
GOBP_RESPONSE_TO_ACTIVITY	-1.0965225792591797	0.2804878048780488	0.5858385080043176	13/54	PCK1;UCP3;ALAD;CAPN3;AGT;ABCG5;MAS1;PPARGC1A;CRY2;KL;MYOG;OXT;CAT	GLOM	GO_BP	no_proc_ieg	10098
GOBP_ENDOTHELIAL_CELL_CHEMOTAXIS	-1.0976070503736648	0.32796780684104626	0.5834932196979908	5/18	THBS1;HRG;CCN3;VEGFA;FGF1	GLOM	GO_BP	no_proc_ieg	10098
GOBP_RESPONSE_TO_ACID_CHEMICAL	-1.0977744240814207	0.2759295499021526	0.5838115357995391	21/97	AQP2;HMGCS2;AIFM1;PCK1;EGFR;UMOD;NQO1;ALAD;RRAGD;RRAGB;ASS1;PKD2L1;VEGFA;FYN;GHSR;CPS1;BAIAP2;TMBIM6;CEBPB;LAMTOR3;SST	GLOM	GO_BP	no_proc_ieg	10098
GOBP_SIGNAL_RELEASE	-1.0981294872900451	0.1928721174004193	0.5835775310760547	82/342	RBP4;RAB11FIP3;EGFR;HNF1A;PCK2;PRKN;CHD7;MAOB;PRKCE;ADCY8;F2RL1;SIRT3;STX2;PFKFB2;IRS2;CCN3;PREPL;TSPOAP1;HRH3;DAB2;RAB11FIP2;CCDC186;KMO;FOXA2;SLC44A4;TRPV6;CAMK2G;AGT;NR0B2;CGA;SNX4;GHSR;ABAT;CHRNA3;GNAZ;CPLX3;ABCC4;NRXN1;GDF9;CRY2;MC4R;MTNR1B;RFX3;DRD3;BMP8A;SPP1;G6PC2;SLC18A3;ADRA2C;NR1H4;IL11;HNF4A;FGA;UNC13A;TACR1;SYT5;GPLD1;OXT;AIMP1;KCNA5;SMAD4;CASR;INHA;NPVF;FGF23;GRIK5;MYRIP;EDN3;RAB3GAP1;BRAF;SLC6A4;GJA1;ASIC1;CRH;CHRNB2;SYBU;CADPS;TRPV4;FOXO1;GLP1R;JAK2;ENY2	GLOM	GO_BP	no_proc_ieg	10098
GOBP_ACTIVIN_RECEPTOR_SIGNALING_PATHWAY	-1.0983362492633746	0.3255360623781676	0.5837722742194859	6/30	ACVR2A;MAGI2;ACVR1B;CER1;BMP10;DMRT1	GLOM	GO_BP	no_proc_ieg	10098
GOBP_REGULATION_OF_CARBOHYDRATE_BIOSYNTHETIC_PROCESS	-1.098437890428433	0.26907630522088355	0.5843084193399389	14/64	PDK2;FBP1;PRKG1;EGF;IRS2;GNMT;LEPR;PTH1R;SIRT1;MAS1;PPARGC1A;IGF1;INSR;ACADM	GLOM	GO_BP	no_proc_ieg	10098
GOBP_CELLULAR_RESPONSE_TO_PROSTAGLANDIN_STIMULUS	-1.0984747123751484	0.3273092369477912	0.5850065708021787	6/18	PRKCE;AKR1C3;PTGFR;TNFSF4;AKAP8;PTGER4	GLOM	GO_BP	no_proc_ieg	10098
GOBP_RESPIRATORY_SYSTEM_PROCESS	-1.0989043419962539	0.3198458574181118	0.5845621206009927	6/28	ADH5;AP3B1;GLS;ZFAND5;SPAG16;YWHAZ	GLOM	GO_BP	no_proc_ieg	10098
GOBP_REGULATION_OF_CELLULAR_RESPONSE_TO_INSULIN_STIMULUS	-1.0994329866276131	0.26954732510288065	0.5838529147645801	7/55	SNX5;ECHDC3;KANK1;PRKCZ;NCOA2;SIRT1;NCOA1	GLOM	GO_BP	no_proc_ieg	10098
GOBP_REGULATION_OF_PEPTIDYL_THREONINE_PHOSPHORYLATION	-1.0997044769101005	0.3125	0.5838690319184227	9/30	EGF;CHI3L1;CALM2;PRKAG2;SPRY2;DMTN;RIPK2;ADCY10;AXIN1	GLOM	GO_BP	no_proc_ieg	10098
GOBP_DOPAMINE_TRANSPORT	-1.100186437237935	0.29273504273504275	0.5832514279289857	8/33	PRKN;CHRM5;DRD1;ABAT;SLC22A2;SLC22A1;DRD3;SLC6A2	GLOM	GO_BP	no_proc_ieg	10098
GOBP_BEHAVIORAL_RESPONSE_TO_PAIN	-1.1003015780207177	0.342685370741483	0.5837181942687217	5/16	THBS4;THBS1;P2RX2;TACR1;ADAM11	GLOM	GO_BP	no_proc_ieg	10098
GOBP_CATECHOLAMINE_TRANSPORT	-1.1022448225906023	0.2832980972515856	0.579101116398284	14/51	PRKN;CHRM5;DRD1;GHSR;ABAT;SDHD;SLC22A2;SLC22A1;DRD3;SLC6A2;ADRA2C;OXT;CRH;CHRNB2	GLOM	GO_BP	no_proc_ieg	10098
GOBP_ESTABLISHMENT_OF_PROTEIN_LOCALIZATION_TO_PLASMA_MEMBRANE	-1.1024396826511016	0.30165289256198347	0.5793473795715145	7/44	RDX;GOLGA4;RAB11FIP3;GGA2;GCC2;PREPL;BBS1	GLOM	GO_BP	no_proc_ieg	10098
GOBP_NON_PROTEINOGENIC_AMINO_ACID_BIOSYNTHETIC_PROCESS	-1.1028831789291984	0.3151515151515151	0.5788344558876309	7/16	GAD1;UPB1;ABAT;CPS1;SRR;GAD2;ALDH1A1	GLOM	GO_BP	no_proc_ieg	10098
GOBP_NUCLEOSIDE_PHOSPHATE_BIOSYNTHETIC_PROCESS	-1.1032443064501136	0.22058823529411764	0.5786512172177796	40/183	PDK2;ACAT1;SLC27A2;ADCY1;SDHC;NDUFS1;PAPSS1;ACOT7;DLD;SHMT1;ADCY8;ATP6V1A;MTHFD1;QPRT;SDHB;PRPS1L1;ATP5F1B;KMO;ACSBG2;PRPSAP2;PRKAG2;GUCA1B;NDUFA10;LDHC;PDK4;SDHD;ACSL1;PDHA1;SLC22A13;ADK;MLYCD;GCDH;PDK1;NME5;ATP5MC3;MMUT;NPPA;HAAO;PNP;NDUFS3	GLOM	GO_BP	no_proc_ieg	10098
GOBP_NEGATIVE_REGULATION_OF_ACTIN_FILAMENT_BUNDLE_ASSEMBLY	-1.1038954119570712	0.3176229508196721	0.5776211476255493	7/22	PRKN;TJP1;STMN1;PIK3R1;CLASP1;MET;CLASP2	GLOM	GO_BP	no_proc_ieg	10098
GOBP_PEPTIDE_CATABOLIC_PROCESS	-1.1042261647373943	0.3286573146292585	0.577482827584776	7/15	CTSH;ACE;MME;ANPEP;ENPEP;TRHDE;ERAP2	GLOM	GO_BP	no_proc_ieg	10098
GOBP_REGULATION_OF_ADENYLATE_CYCLASE_ACTIVATING_G_PROTEIN_COUPLED_RECEPTOR_SIGNALING_PATHWAY	-1.1045524549226338	0.32098765432098764	0.5773199499603879	6/15	PDE3B;PDE4D;OPRL1;PDE4B;PRKCA;NOS1	GLOM	GO_BP	no_proc_ieg	10098
GOBP_NEGATIVE_REGULATION_OF_APOPTOTIC_SIGNALING_PATHWAY	-1.104918158253589	0.22874493927125505	0.5771009388421694	39/163	USP47;DDX3X;BMP5;OPA1;THBS1;URI1;BCL2;ACAA2;PRKN;SLC25A5;GATA1;EYA2;SIRT1;ACKR3;RIPK1;FYN;HERPUD1;ING2;MDM2;IGF1;PYCR1;CTH;NME5;TMBIM6;MAPK8IP2;IVNS1ABP;CTNNB1;NFE2L2;NOL3;PARL;FGA;PIK3CB;NDUFS3;CSF2;FBXO7;AVP;EYA3;CAAP1;TERT	GLOM	GO_BP	no_proc_ieg	10098
GOBP_RETINAL_GANGLION_CELL_AXON_GUIDANCE	-1.1053295195537685	0.3088803088803089	0.5767128251119371	3/18	BMPR1B;VEGFA;EPHA7	GLOM	GO_BP	no_proc_ieg	10098
GOBP_OLEFINIC_COMPOUND_BIOSYNTHETIC_PROCESS	-1.1057580402599698	0.3018867924528302	0.5762702305664391	6/21	BMP5;PRKG1;CYP11B2;AKR1C3;DAB2;SRD5A2	GLOM	GO_BP	no_proc_ieg	10098
GOBP_ANIMAL_ORGAN_REGENERATION	-1.1058569942526064	0.2830578512396694	0.5768207554697634	13/51	LPIN1;EGFR;PTPN3;GATA1;ACE;NR0B2;BAAT;RGN;PFKFB1;APOA2;PTCH1;CEBPB;CDKN1A	GLOM	GO_BP	no_proc_ieg	10098
GOBP_METANEPHRIC_NEPHRON_MORPHOGENESIS	-1.105984029292219	0.3137254901960784	0.5772863761238884	7/18	LGR4;PAX2;SALL1;CTNNB1;WT1;PAX8;SMO	GLOM	GO_BP	no_proc_ieg	10098
GOBP_REGENERATION	-1.1065112031277233	0.22567287784679088	0.5766013887256591	40/143	LPIN1;WNT10B;PLG;BCL2;EGFR;TEC;PTPN3;ASCL3;GATA1;MYOD1;CCN3;ACE;FOLR1;CAPN3;NR0B2;BAAT;RGN;ULK1;FZD7;PFKFB1;PTPRF;APOA2;IGF1;ERBB4;PTCH1;APOD;SPP1;OMG;CEBPB;PTPRS;CDKN1A;KLF5;AKIRIN1;MYOZ1;TGFBR3;GFAP;BRAF;PTPRU;GJA1;SGCA	GLOM	GO_BP	no_proc_ieg	10098
GOBP_HYPEROSMOTIC_RESPONSE	-1.1079797743301811	0.2965931863727455	0.573191287414147	8/18	FBP1;PCK1;MICU1;LETM1;SST;TRPV4;EPO;SLC2A1	GLOM	GO_BP	no_proc_ieg	10098
GOBP_RESPONSE_TO_OXYGEN_LEVELS	-1.109740508506658	0.20366598778004075	0.5690456693171649	63/249	ANG;DDAH1;AIFM1;THBS1;HSD11B2;NDRG1;PCK1;TXNRD2;BCL2;UCP3;ACAA2;PRKCE;ALAD;ATP6V1A;MYOD1;TFRC;FABP1;MT3;DPP4;FGFR2;PKLR;ACE;SLC1A1;VEGFA;SIRT1;HILPDA;FAM162A;MPL;ABAT;SDHD;NDNF;RORA;MDM2;NOX1;LTA;PDK1;TMBIM6;CDKN1A;PENK;NFE2L2;P2RX2;CLCA1;NOL3;PIK3CB;CAT;CYP1A1;KCNA5;SMAD4;CASR;CA9;TGFBR3;TERT;SCN2A;SLC6A4;CHRNB2;CRYAB;ERCC2;TRPV4;FOXO1;GAD2;BMP7;BNIP3L;NOS1	GLOM	GO_BP	no_proc_ieg	10098
GOBP_HEPATICOBILIARY_SYSTEM_DEVELOPMENT	-1.111135222091108	0.2588726513569937	0.5660452312576364	29/113	HMGCS2;ACAT1;ARID5B;ACO2;PCK1;EGFR;HNF1A;PCK2;PTPN3;HPN;UPB1;ASS1;COBL;ONECUT2;BAAT;RGN;CPS1;FGF1;ELK1;PTCH1;CEBPB;ACADM;TGFA;MPST;CYP1A1;TGFBR3;MET;PROX1;FBXW7	GLOM	GO_BP	no_proc_ieg	10098
GOBP_REGULATION_OF_BROWN_FAT_CELL_DIFFERENTIATION	-1.1111973333725986	0.3132780082987552	0.5666608979650651	10/17	SIRT1;RREB1;FTO;TRPV4;BMP7;LEP;SLC7A10;INS;PIM1;ZBTB7B	GLOM	GO_BP	no_proc_ieg	10098
GOBP_CELL_CELL_ADHESION_VIA_PLASMA_MEMBRANE_ADHESION_MOLECULES	-1.1112066247297527	0.22176591375770022	0.5674329353064349	38/168	CDHR2;CLSTN2;CLDN10;CDHR5;PCDHGB5;UMOD;CELSR3;CDH16;TENM3;CLDN14;CDH1;CXADR;APOA1;PTPRD;SELP;CDH9;CDH10;CLDN8;CDH15;DSC1;PTPRF;PCDH11X;CRB1;CLDN9;PCDHA2;CLDN7;MMP24;PTPRS;PIK3CB;FLRT3;PSG11;FAT1;CD177;CDH18;CDHR1;CD164;PTPRR;PCDHB12	GLOM	GO_BP	no_proc_ieg	10098
GOBP_ADENYLATE_CYCLASE_INHIBITING_G_PROTEIN_COUPLED_RECEPTOR_SIGNALING_PATHWAY	-1.1114891178165553	0.2608695652173913	0.5674278527011299	15/58	SSTR2;MCHR1;HRH3;CHRM5;GNAZ;CHRM2;HRH4;OPRL1;DRD3;HTR1F;RGS2;MTNR1A;CASR;GRIK3;NPY2R	GLOM	GO_BP	no_proc_ieg	10098
GOBP_PROTEIN_K48_LINKED_DEUBIQUITINATION	-1.1117537148065944	0.31769722814498935	0.5675359945250272	2/16	USP25;OTUD3	GLOM	GO_BP	no_proc_ieg	10098
GOBP_DENDRITIC_SPINE_MAINTENANCE	-1.1120202476955414	0.3191919191919192	0.5676111592885652	8/19	NEDD9;APOE;FYN;INSR;ZNF804A;GRIN2B;ABHD17B;ZMYND8	GLOM	GO_BP	no_proc_ieg	10098
GOBP_SLEEP	-1.1123149994800037	0.3277310924369748	0.5675791502882395	7/15	CACNA1I;MTNR1B;CSF2;CRH;CHRNB2;PER3;ADRB1	GLOM	GO_BP	no_proc_ieg	10098
GOBP_ADENYLATE_CYCLASE_ACTIVATING_ADRENERGIC_RECEPTOR_SIGNALING_PATHWAY	-1.113296203140826	0.2916666666666667	0.5655397330215035	10/20	DRD1;ADRA1D;ADRA1A;DRD3;ADRA2C;PDE4B;AKAP13;DRD5;ADRB3;ADRA1B	GLOM	GO_BP	no_proc_ieg	10098
GOBP_CARBOHYDRATE_DERIVATIVE_CATABOLIC_PROCESS	-1.1135294380581726	0.2	0.565718858933629	39/198	CEMIP2;PDE8A;ACAT1;OGDHL;GPD1;FBP1;DPYS;GPD1L;PGM1;ACOT7;SLC4A4;ABHD10;CHI3L1;NUPR1;GBA3;PFKFB2;LCT;PNLIPRP2;UPB1;ALDOB;PKLR;CDADC1;PRKAG2;DHTKD1;OVGP1;PRKAG1;PDE4D;NEIL1;RENBP;PFKFB1;PGAM2;GALK1;MLXIPL;NEU3;IGF1;MLYCD;FBXO17;NCOR1;ENTPD5	GLOM	GO_BP	no_proc_ieg	10098
GOBP_HEART_GROWTH	-1.1140182076607839	0.26124197002141325	0.5651622195182207	23/62	RBP4;PRKG1;BMPR1A;FGFR2;BMP10;NKX2-5;ZFPM2;IGF1;ERBB4;ADRA1A;PDLIM5;AKAP6;RGS2;TGFBR3;NDRG4;PROX1;TBX5;ACACB;FGF9;WT1;GATA6;SMAD1;KCNK2	GLOM	GO_BP	no_proc_ieg	10098
GOBP_REGULATION_OF_POTASSIUM_ION_TRANSPORT	-1.1142844045824425	0.26141078838174275	0.565233329009776	26/64	BIN1;KCNS1;DPP6;KCNG1;NEDD4L;DRD1;ANK2;RGS7;DRD3;ANK3;FHL1;KCNIP2;WWP2;AKAP6;NPPA;KCNA5;KCNIP1;ATP1B1;ACTN2;EDN3;CACNA1D;NOS1;KCNAB2;DLG1;YWHAE;KEL	GLOM	GO_BP	no_proc_ieg	10098
GOBP_SULFUR_COMPOUND_CATABOLIC_PROCESS	-1.1144493387424528	0.30019880715705766	0.5655905306879059	8/28	ACAT1;TST;ACOT7;DPEP1;FMO1;GGTLC1;AGXT;MLYCD	GLOM	GO_BP	no_proc_ieg	10098
GOBP_UBIQUITIN_DEPENDENT_PROTEIN_CATABOLIC_PROCESS_VIA_THE_MULTIVESICULAR_BODY_SORTING_PATHWAY	-1.1147922617600936	0.301255230125523	0.5654047801554277	3/20	TOM1L1;HDAC6;UBAP1	GLOM	GO_BP	no_proc_ieg	10098
GOBP_ADAPTIVE_THERMOGENESIS	-1.1157702871832633	0.21721311475409835	0.5635032882068531	45/133	ALPL;LPIN1;WNT10B;LGR4;GATM;CIDEA;ACOT11;G0S2;UCP3;SLC25A5;PRKAB1;LEPR;VEGFA;ACOT13;ZNF516;GPR3;ACSL1;ESRRG;PPARGC1A;ACADL;ADIPOR2;MC4R;BMP8A;DBH;CEBPB;MFN2;IL13;OXT;LETMD1;ABHD6;DECR1;GJA1;TRPV4;JAK2;PEMT;CPT2;EBF2;ADRB3;ALDH1A1;LEP;CKB;MAP2K6;PER2;SCTR;APC	GLOM	GO_BP	no_proc_ieg	10098
GOBP_CELLULAR_COMPONENT_MAINTENANCE	-1.115780313175561	0.278118609406953	0.5642839754608833	19/49	NEDD9;APOE;F2RL1;TJP1;FYN;ERC1;INSR;FERMT2;SHANK2;CD177;BSN;ZNF804A;GRIN2B;ABHD17B;ZMYND8;PARD6A;DLG1;RAB3A;HOMER1	GLOM	GO_BP	no_proc_ieg	10098
GOBP_OUTFLOW_TRACT_SEPTUM_MORPHOGENESIS	-1.1158502475497285	0.3111111111111111	0.5648793685116577	6/23	SEMA3C;BMPR1A;FGFR2;NKX2-5;ZFPM2;LRP2	GLOM	GO_BP	no_proc_ieg	10098
GOBP_NUCLEOTIDE_TRANSPORT	-1.1158619756188448	0.3117408906882591	0.5656529617707228	8/26	GJB1;SLC25A5;CR1;ABCC6;ABCC4;SLC25A36;SLC25A17;ADCY10	GLOM	GO_BP	no_proc_ieg	10098
GOBP_ECTODERM_DEVELOPMENT	-1.1173527995945216	0.2938775510204082	0.5623294321455877	7/16	STX2;BMPR1A;EDA2R;FZD7;CTNNB1;KRT6B;EPB41L5	GLOM	GO_BP	no_proc_ieg	10098
GOBP_NEGATIVE_REGULATION_OF_BLOOD_PRESSURE	-1.118115359729421	0.25327510917030566	0.5609222198196231	18/40	SNX5;BDKRB1;ABAT;OPRL1;ADRA1A;DRD3;KL;NPPA;CALCA;OXT;CRH;GLP1R;DRD5;NOS1;NOS2;ADRB3;AGTR2;ADM2	GLOM	GO_BP	no_proc_ieg	10098
GOBP_RESPONSE_TO_OSMOTIC_STRESS	-1.1198829851284033	0.25948103792415167	0.5568646024815459	13/56	DDX3X;SLC12A6;FBP1;PCK1;MICU1;TSC22D3;KMO;CAPN3;ABCB1;LETM1;NLK;SCN7A;SST	GLOM	GO_BP	no_proc_ieg	10098
GOBP_REGULATION_OF_INSULIN_SECRETION	-1.1215083117209845	0.1864406779661017	0.5531076210879811	38/118	RBP4;PCK2;PRKN;PRKCE;ADCY8;F2RL1;SIRT3;PFKFB2;IRS2;CCN3;FOXA2;NR0B2;GHSR;ABAT;GNAZ;MTNR1B;RFX3;BMP8A;G6PC2;NR1H4;HNF4A;GPLD1;KCNA5;CASR;MYRIP;CRH;SYBU;FOXO1;JAK2;ENY2;GIPR;PFKM;NOS2;LEP;CARTPT;OSBP;PER2;EPHA5	GLOM	GO_BP	no_proc_ieg	10098
GOBP_REGULATION_OF_PEPTIDE_TRANSPORT	-1.121663982670546	0.20545073375262055	0.5534727583591846	43/145	RBP4;EGFR;PCK2;PRKN;CHD7;PRKCE;ADCY8;F2RL1;SIRT3;PFKFB2;IRS2;CCN3;FOXA2;NR0B2;GHSR;ABAT;GNAZ;MTNR1B;RFX3;BMP8A;G6PC2;NR1H4;HNF4A;FGA;GPLD1;AIMP1;KCNA5;CASR;MYRIP;CRH;SYBU;FOXO1;JAK2;ENY2;GIPR;PFKM;NOS2;LEP;CARTPT;OSBP;PER2;EPHA5;PAX8	GLOM	GO_BP	no_proc_ieg	10098
GOBP_CARBOHYDRATE_PHOSPHORYLATION	-1.1226067822825165	0.29577464788732394	0.5517165182080779	8/19	FGGY;PFKFB2;RBKS;KHK;PFKFB1;GALK1;XYLB;TKFC	GLOM	GO_BP	no_proc_ieg	10098
GOBP_REGULATION_OF_SODIUM_ION_TRANSMEMBRANE_TRANSPORT	-1.1233182476069665	0.2613390928725702	0.5505267507498618	15/37	CHP2;GPD1L;PTPN3;HECW1;PRKCE;NEDD4L;FGF14;DMD;SNTA1;ANK3;FXYD3;ATP1B1;FXYD1;NOS1;SCN5A	GLOM	GO_BP	no_proc_ieg	10098
GOBP_REGULATION_OF_FATTY_ACID_TRANSPORT	-1.12392729048093	0.2974559686888454	0.5496665813371898	5/28	THBS1;CYP4A11;CYP4F2;IRS2;ACSL1	GLOM	GO_BP	no_proc_ieg	10098
GOBP_PROTEIN_KINASE_C_ACTIVATING_G_PROTEIN_COUPLED_RECEPTOR_SIGNALING_PATHWAY	-1.1247173861010997	0.3227176220806794	0.5482383881337836	3/20	CISH;DGKB;BDKRB1	GLOM	GO_BP	no_proc_ieg	10098
GOBP_NEGATIVE_REGULATION_OF_LIPID_LOCALIZATION	-1.1259949645733744	0.2845691382765531	0.5455082688103394	7/30	THBS1;EGF;CYP4F2;IRS2;APOC3;CRY2;APOA2	GLOM	GO_BP	no_proc_ieg	10098
GOBP_NEGATIVE_REGULATION_OF_PROTEIN_CATABOLIC_PROCESS	-1.1261833249924047	0.23839662447257384	0.5457943860583151	9/76	USP25;SMARCC1;EGFR;PTPN3;NQO1;ALAD;FHIT;FYN;PHB1	GLOM	GO_BP	no_proc_ieg	10098
GOBP_PROTEIN_HOMOTETRAMERIZATION	-1.12622227079512	0.23732251521298176	0.5464888640699846	19/55	AQP2;CRYZ;GLS;SHMT1;GNMT;UPB1;PKD2L1;ACOT13;CTH;DEFA5;EVL;CBR4;TRPV5;RYR3;CBY1;TRPM2;ACACB;MAT1A;ALDH9A1	GLOM	GO_BP	no_proc_ieg	10098
GOBP_EMBRYONIC_CAMERA_TYPE_EYE_DEVELOPMENT	-1.1266521478501759	0.29354207436399216	0.5460732153130973	9/29	STRA6;CDK20;PAX2;FRS2;FZD5;PHACTR4;TFAP2A;PROX1;BMP7	GLOM	GO_BP	no_proc_ieg	10098
GOBP_RETINA_LAYER_FORMATION	-1.1266982809826445	0.2965235173824131	0.5467407340075906	6/16	SLC1A1;TSPAN12;RS1;AHI1;CRB1;TFAP2A	GLOM	GO_BP	no_proc_ieg	10098
GOBP_REGULATION_OF_LIPID_LOCALIZATION	-1.1271988602168435	0.2202020202020202	0.5461694745834499	23/117	LPL;CIDEA;THBS1;CYP4A11;APOE;PRKN;EGF;ATP8A1;CYP4F2;PON1;IRS2;APOA1;SIRT1;DAB2;APOC3;HILPDA;AGT;ACSL1;GDF9;CRY2;APOA2;PTCH1;SPP1	GLOM	GO_BP	no_proc_ieg	10098
GOBP_REGULATION_OF_CARDIAC_CONDUCTION	-1.1275265180470844	0.30443548387096775	0.546088438383042	10/20	ACE2;ATP2B3;AGT;ANK2;NKX2-5;SLC8A1;SLC8A2;TBX5;ATP2B2;RYR2	GLOM	GO_BP	no_proc_ieg	10098
GOBP_REGULATION_OF_PLASMINOGEN_ACTIVATION	-1.1278793990193505	0.281947261663286	0.5459481569123859	3/17	THBS1;SERPINF2;HPN	GLOM	GO_BP	no_proc_ieg	10098
GOBP_REGULATION_OF_AMINE_METABOLIC_PROCESS	-1.1279062319664808	0.25296442687747034	0.5466643494166916	9/24	BHMT;PRKN;MAOB;ALDH2;DRD1;ABAT;TACR3;PAOX;NR1H4	GLOM	GO_BP	no_proc_ieg	10098
GOBP_VITAMIN_D_METABOLIC_PROCESS	-1.1281823133543936	0.286	0.5466943247071439	6/16	CYP27B1;CYP3A4;LRP2;CYP1A1;FGF23;GC	GLOM	GO_BP	no_proc_ieg	10098
GOBP_CAMERA_TYPE_EYE_PHOTORECEPTOR_CELL_DIFFERENTIATION	-1.1284609532141527	0.29365079365079366	0.5467591754835397	12/19	USH1C;DIO3;RPGRIP1;PROM1;THY1;NRL;DSCAM;GNAT1;SOX9;BBS4;SDK2;GNAT2	GLOM	GO_BP	no_proc_ieg	10098
GOBP_NEUROTRANSMITTER_TRANSPORT	-1.1286982427959462	0.20408163265306123	0.5468500226580711	40/135	SLC6A16;SLC6A13;PRKN;STX2;PREPL;SLC1A1;TSPOAP1;KCNJ10;HRH3;KMO;DRD1;SLC5A7;CHRNA3;CPLX3;NRXN1;SLC22A2;SLC22A1;DRD3;SLC6A2;SLC22A4;GABRQ;SLC18A3;UNC13A;SLC6A12;SYT5;GRIK5;GFAP;SLC6A8;SLC17A7;RAB3GAP1;BRAF;SLC6A4;ASIC1;CADPS;SLC6A7;SLC28A2;SLC29A2;NOS1;RIMS1;STXBP3	GLOM	GO_BP	no_proc_ieg	10098
GOBP_RESPONSE_TO_ALKALOID	-1.1290808678982651	0.2402464065708419	0.5465651011317386	21/78	SLC34A1;PRKCE;NQO1;ADCY8;SLC1A1;DRD1;ABAT;TMEM38B;MDM2;TACR3;SLC8A1;DRD3;ARC;OXT;RYR3;SLC6A4;PITX3;CRH;CHRNB2;DRD5;GAD2	GLOM	GO_BP	no_proc_ieg	10098
GOBP_PROTEIN_LOCALIZATION_TO_CILIUM	-1.1304064068942312	0.27835051546391754	0.5438722900139038	7/40	RAB11FIP3;DYNC2H1;CDK20;TULP2;ARL3;BBS1;LZTFL1	GLOM	GO_BP	no_proc_ieg	10098
GOBP_NEGATIVE_REGULATION_OF_TORC1_SIGNALING	-1.130885739380828	0.27720739219712526	0.5433540523796507	6/28	WDR59;DEPDC5;YWHAZ;NLK;DEPTOR;PRKACB	GLOM	GO_BP	no_proc_ieg	10098
GOBP_EXCRETION	-1.1312031480861473	0.25963488843813387	0.5433080313507772	8/23	SLC22A6;UMOD;NHERF1;ATP6V0A4;AGT;CHRNA3;ABCG2;TACR1	GLOM	GO_BP	no_proc_ieg	10098
GOBP_RHYTHMIC_BEHAVIOR	-1.1314297505399296	0.27606177606177607	0.5435179431624992	10/27	NCOA2;USP2;NCOR1;MTNR1B;OPRL1;CSF2;CRH;CHRNB2;PER3;MC3R	GLOM	GO_BP	no_proc_ieg	10098
GOBP_POST_GOLGI_VESICLE_MEDIATED_TRANSPORT	-1.132145138942773	0.24622030237580994	0.5424254127482486	16/74	CCDC91;DOP1A;GOLGA4;RAB11FIP3;GGA2;LLGL2;GCC2;PREPL;ARL3;BBS1;AP1AR;ANK3;VTI1B;SCAMP1;MON2;VPS13C	GLOM	GO_BP	no_proc_ieg	10098
GOBP_RESPONSE_TO_DEXAMETHASONE	-1.1326721732981981	0.2525458248472505	0.5417963696802434	8/34	PCK1;EGFR;PCK2;HDAC6;ASS1;ACE;GHSR;CPS1	GLOM	GO_BP	no_proc_ieg	10098
GOBP_EPITHELIAL_STRUCTURE_MAINTENANCE	-1.1326877797711352	0.2837022132796781	0.5425624736742537	4/24	MUC13;RBP4;PBLD;CXADR	GLOM	GO_BP	no_proc_ieg	10098
GOBP_IRON_ION_TRANSPORT	-1.1330882721083584	0.24680851063829787	0.5423567226661353	9/42	SLC39A14;FTL;SLC11A2;TFRC;HPX;SFXN1;ABCB7;SLC25A28;ASIC3	GLOM	GO_BP	no_proc_ieg	10098
GOBP_TISSUE_REGENERATION	-1.1339217681053586	0.24254473161033796	0.5409403843847861	17/55	WNT10B;PLG;TEC;ASCL3;MYOD1;CCN3;CAPN3;FZD7;IGF1;ERBB4;APOD;CDKN1A;KLF5;AKIRIN1;MYOZ1;GJA1;SGCA	GLOM	GO_BP	no_proc_ieg	10098
GOBP_PEROXISOME_PROLIFERATOR_ACTIVATED_RECEPTOR_SIGNALING_PATHWAY	-1.1341911330722363	0.2883435582822086	0.5410411085277164	5/16	NCOA2;SIRT1;NCOA1;ALOX15;ASXL1	GLOM	GO_BP	no_proc_ieg	10098
GOBP_BEHAVIOR	-1.1343144011311346	0.10480349344978165	0.5414941242988052	107/457	STRA6;USP46;THBS4;GATM;ADCY1;PRKAR2B;CLSTN2;NPY;ACVR2A;THBS1;NEDD9;EDDM3A;APOE;BCL2;EGFR;PRKN;PRKCZ;KCNQ3;CHD7;GAD1;GLS;SLC11A2;PRKCE;NCOA2;ADCY8;ATP8A1;ACE2;MCHR1;DPP4;LEPR;AMFR;ACE;SLC1A1;BRINP1;MME;KCNJ10;NCOA1;USP2;FOXA2;BBS1;GIGYF2;FYN;MBD2;DRD1;PEX13;GHSR;ABAT;GRPR;CNTN1;CHRNA3;SPTBN2;NRXN1;SPTBN4;PYY;AHI1;TACR3;DYNLRB1;KIT;HAND2;GDF15;FOXB1;MC4R;NCOR1;MTNR1B;OPRL1;RASGRF1;DRD3;INSR;MAPK8IP2;DBH;PTPRZ1;ARC;KMT2A;SCN1A;NAV2;RCAN1;PENK;GALR3;P2RX2;TACO1;CALCA;TACR1;FEV;OXT;GLI3;MTNR1A;SHANK2;CSF2;CASR;SLC8A2;SOBP;AVP;NDRG4;ADAM11;PCM1;CFAP69;AFF2;SCN2A;SLC25A46;GRIN2B;NPY2R;BRAF;ASL;SLC6A4;ASIC1;CRH;CHRNB2	GLOM	GO_BP	no_proc_ieg	10098
GOBP_NEGATIVE_REGULATION_OF_CATABOLIC_PROCESS	-1.134809405112069	0.14135021097046413	0.5409369796908953	34/227	USP25;CIDEA;FBP1;SMARCC1;BCL2;EGFR;PDE3B;PTPN3;HDAC6;TRAF5;NQO1;ALAD;CSDE1;NUPR1;RRAGD;RBM47;MT3;RRAGB;LEPR;FHIT;NOCT;A1CF;APOC3;FYN;PHB1;ZKSCAN3;RGN;PFKFB1;APOA2;ENDOU;NCOR1;TOB1;NBAS;ADRA1A	GLOM	GO_BP	no_proc_ieg	10098
GOBP_MEMBRANE_DEPOLARIZATION_DURING_CARDIAC_MUSCLE_CELL_ACTION_POTENTIAL	-1.1351106170709353	0.3108910891089109	0.5408787538272091	6/17	CACNB2;CACNA2D1;ANK2;HCN4;SLC8A1;ANK3	GLOM	GO_BP	no_proc_ieg	10098
GOBP_RESPONSE_TO_PROSTAGLANDIN	-1.1351977295358648	0.2591792656587473	0.5414931962671213	9/29	HMGCS2;PRKCE;AKR1C3;PTGFR;TNFSF4;AKAP8;PTGER4;OXT;TGFBR3	GLOM	GO_BP	no_proc_ieg	10098
GOBP_DEVELOPMENTAL_GROWTH	-1.136000896802494	0.10395010395010396	0.5402676206414088	119/463	STRA6;WNT10B;AFG3L2;BMPR1B;RBP4;GOLGA4;G6PC1;ARID5B;MAGI2;APOE;PLG;BCL2;TEC;PRKG1;PRKN;HDAC6;PRKCZ;CHD7;CER1;CYFIP2;SCAPER;CDH1;ASCL3;GHR;VIL1;MYOD1;MT3;ETNK2;BMPR1A;EZR;FGFR2;LEPR;CCN3;SPAG6;COBL;VEGFA;NEDD4L;GAMT;BMP10;CAPN3;EPHA7;GIGYF2;TSKU;CGA;CPNE6;SPRY2;GHSR;NKX2-5;TMEM38B;ZFPM2;ULK1;SPTBN2;SEMA4D;FZD7;SPTBN4;WWC2;GDF9;BNC2;IGF1;AUTS2;FGF1;NDEL1;GDF15;ERBB4;ADRA1A;PTCH1;APOD;GPR21;SPP1;INSR;PDLIM5;SALL1;PTPRS;SOX10;CDKN1A;CTNNB1;AKAP6;RBBP6;KLF5;SLC9A6;TNN;UNC13A;RGS2;FLRT3;SPART;AKIRIN1;GLI3;RTF1;PLS1;WWC1;MYOZ1;RARB;SMAD4;GDF5;ESR1;EPB41L5;TGFBR3;NDRG4;ADCY10;PROX1;PEX5;SOS1;EDN3;CDKL3;NDN;TBX5;SLC6A4;GJA1;SOCS2;SGCA;ERCC2;TMED2;FSTL4;FTO;HOXD13;SCNN1B;ARIH2;EMX1;CACNA2D2	GLOM	GO_BP	no_proc_ieg	10098
GOBP_CELLULAR_RESPONSE_TO_DEXAMETHASONE_STIMULUS	-1.1371654696911875	0.2862903225806452	0.5378249341437913	4/19	PCK1;EGFR;PCK2;ASS1	GLOM	GO_BP	no_proc_ieg	10098
GOBP_MUSCLE_TISSUE_DEVELOPMENT	-1.1373571329255943	0.14565217391304347	0.5381685303403089	68/291	STRA6;WNT10B;RBP4;BMP5;BCL2;TNNT2;PRKG1;CHD7;SEMA3C;LOX;TCAP;NEBL;NUPR1;MYL3;MYOD1;CXADR;BMPR1A;FGFR2;EYA2;VEGFA;NOX4;BMP10;NEB;ZFAND5;MBD2;NRG1;FHOD3;NKX2-5;ZFPM2;DMD;FZD7;HLF;IGF1;LRP2;HCN4;SLC8A1;FRS2;ERBB4;ADRA1A;PTCH1;MYBPC3;MYF6;HAND1;PDLIM5;MYOG;KAT8;RCAN1;TNNI3;CTNNB1;ACADM;AKAP6;P2RX2;NPPA;KLF5;TNN;RGS2;AKIRIN1;MYOZ1;RARB;SMAD4;TGFBR3;NDRG4;MYL7;ACTN2;CBY1;TNNI1;PROX1;AKAP13	GLOM	GO_BP	no_proc_ieg	10098
GOBP_POSITIVE_REGULATION_OF_COAGULATION	-1.1388074088520235	0.2613168724279835	0.5350344474306682	5/26	APOH;THBS1;PLG;SERPINF2;HRG	GLOM	GO_BP	no_proc_ieg	10098
GOBP_HYPOTHALAMUS_DEVELOPMENT	-1.1398548457736808	0.28112449799196787	0.5329755772507868	9/25	NCOA1;NDNF;SRD5A2;FOXB1;CTNNB1;PROP1;RAB3GAP1;CRH;UBB	GLOM	GO_BP	no_proc_ieg	10098
GOBP_REGULATION_OF_SYSTEMIC_ARTERIAL_BLOOD_PRESSURE_BY_RENIN_ANGIOTENSIN	-1.1399447531059113	0.27153558052434457	0.533535725081923	7/23	SERPINF2;F2RL1;ACE2;ACE;AGT;ENPEP;NOX1	GLOM	GO_BP	no_proc_ieg	10098
GOBP_CELL_DIFFERENTIATION_INVOLVED_IN_EMBRYONIC_PLACENTA_DEVELOPMENT	-1.141586568775566	0.2834331337325349	0.5299017649365843	6/20	PLG;SPINT2;PRDM1;HAND1;FZD5;GCM1	GLOM	GO_BP	no_proc_ieg	10098
GOBP_POSITIVE_REGULATION_OF_PEPTIDE_SECRETION	-1.1417607808930235	0.21748400852878466	0.530217265261759	21/82	RBP4;EGFR;PCK2;PRKCE;ADCY8;SIRT3;PFKFB2;IRS2;NR0B2;ABAT;NR1H4;FGA;GPLD1;AIMP1;CASR;MYRIP;CRH;SYBU;JAK2;GIPR;PFKM	GLOM	GO_BP	no_proc_ieg	10098
GOBP_NEGATIVE_REGULATION_OF_OXIDOREDUCTASE_ACTIVITY	-1.1426576270552888	0.26899383983572894	0.5285932760977587	5/16	CYP27B1;PRKN;HDAC6;MT3;OXA1L	GLOM	GO_BP	no_proc_ieg	10098
GOBP_NEUROTRANSMITTER_UPTAKE	-1.143240888401319	0.25	0.5278483214140111	14/36	SLC6A13;PRKN;KCNJ10;DRD1;SLC22A2;SLC22A1;DRD3;SLC6A2;SLC18A3;SLC6A12;GFAP;SLC6A4;SLC29A2;NOS1	GLOM	GO_BP	no_proc_ieg	10098
GOBP_CELLULAR_RESPONSE_TO_REACTIVE_OXYGEN_SPECIES	-1.1433018899677703	0.18162839248434237	0.5284599250320348	16/108	PDK2;AIFM1;EGFR;MAPK8;HDAC6;SIRPA;NQO1;FABP1;MT3;SIRT1;PRDX3;RIPK1;FYN;PEX13;OSER1;MDM2	GLOM	GO_BP	no_proc_ieg	10098
GOBP_RESPONSE_TO_EPIDERMAL_GROWTH_FACTOR	-1.143482273165071	0.2795031055900621	0.5287832118098136	9/29	PDE8A;EGFR;VIL1;DAB2;TPR;BAIAP2;PAX2;ERBB4;GAREM1	GLOM	GO_BP	no_proc_ieg	10098
GOBP_PEPTIDYL_CYSTEINE_MODIFICATION	-1.145613937210794	0.28112449799196787	0.5238291525975791	6/22	ZDHHC6;ACE;ZDHHC4;PRDX3;DMD;SNTA1	GLOM	GO_BP	no_proc_ieg	10098
GOBP_RESPONSE_TO_ALCOHOL	-1.1462156148061426	0.14315352697095435	0.5230750521058838	47/199	USP46;HMGCS2;AIFM1;HSD3B2;FBP1;ADCY1;PCK1;HDAC6;MAOB;PRKCE;NQO1;ALAD;ADCY8;SCNN1A;CDH1;SLC12A3;FGFR2;LRP6;ACE;AKR1C3;FDX1;FYN;NR0B2;ABAT;PTGFR;TNFSF4;MDM2;AKAP8;ELK1;RGS7;PTCH1;DRD3;DBH;CLDN7;ARC;FECH;CDKN1A;CTNNB1;PENK;PTGER4;RGS2;IL13;TACR1;GPLD1;OXT;CAT;KLF9	GLOM	GO_BP	no_proc_ieg	10098
GOBP_PROTEIN_ACETYLATION	-1.1468037610474564	0.22245762711864406	0.5223388860365421	13/38	DDX3X;HDAC6;NAT8;SIRT1;KLF15;NAA16;NAT8B;KAT5;FOXO1;AANAT;MAPT;NAA35;ATAT1	GLOM	GO_BP	no_proc_ieg	10098
GOBP_TRANSMISSION_OF_NERVE_IMPULSE	-1.1468660477874641	0.22138836772983114	0.5229778183307046	17/52	KCNMB2;KCNQ3;CACNG5;CHRM5;DRD1;GHSR;SPTBN4;CACNA1I;MTNR1B;ANK3;CACNG2;SCN1A;PENK;AVP;SCN2A;DRD5;CLCN1	GLOM	GO_BP	no_proc_ieg	10098
GOBP_PROTEIN_HOMOOLIGOMERIZATION	-1.1470798192100253	0.15079365079365079	0.5232586157772745	44/129	AQP2;SLC1A5;MICU1;CRYZ;GLS;ALAD;SHMT1;ADCY8;KCNS1;KCNV2;KCNA4;GNMT;UPB1;KCNG2;KCNG1;PKD2L1;MPP2;ACOT13;RS1;LETM1;CTH;KCNA10;DEFA5;EVL;ARC;CBR4;TRPV5;RIPK2;KCNA5;RYR3;CBY1;ELAVL1;ASIC1;KCNB2;KCTD2;TRPM2;ZBTB1;KCNF1;ACACB;MAT1A;ALDH9A1;TMEM70;KCNV1;PRND	GLOM	GO_BP	no_proc_ieg	10098
GOBP_SOMITOGENESIS	-1.147214431399157	0.25206611570247933	0.5236961980939094	14/43	SEMA3C;TCAP;BMPR1A;COBL;CDX2;FOXB1;ABI1;MYF6;SMAD4;EPB41L5;TMED2;PRKDC;PCDH8;NKX3-1	GLOM	GO_BP	no_proc_ieg	10098
GOBP_REGULATION_OF_CARDIAC_MUSCLE_CELL_ACTION_POTENTIAL	-1.1481368072281652	0.2556818181818182	0.5220167692726083	5/20	BIN1;CTNNA3;CXADR;ANK2;HCN4	GLOM	GO_BP	no_proc_ieg	10098
GOBP_INNER_EAR_MORPHOGENESIS	-1.1484690333090688	0.22317596566523606	0.521879857960296	19/64	CHD7;TCAP;USH1C;HPN;NHERF1;FGFR2;SLC44A4;FZD6;INSIG2;SPRY2;PAX2;FZD2;PLS1;TFAP2A;SOBP;PROX1;DLX6;FOXG1;TECTA	GLOM	GO_BP	no_proc_ieg	10098
GOBP_REGULATION_OF_HAIR_CYCLE	-1.148865148062021	0.2422360248447205	0.5216403643967839	9/25	WNT10B;PER1;DKK4;TSKU;FERMT1;SMAD4;FOXN1;TERT;FA2H	GLOM	GO_BP	no_proc_ieg	10098
GOBP_RESPONSE_TO_AMINO_ACID_STARVATION	-1.1510571552313014	0.2469879518072289	0.516718095520477	6/32	MAPK8;WDR59;EIF2AK3;RRAGD;RRAGB;DEPDC5	GLOM	GO_BP	no_proc_ieg	10098
GOBP_MAINTENANCE_OF_GASTROINTESTINAL_EPITHELIUM	-1.1511160366478455	0.258	0.5173757427205674	3/17	MUC13;RBP4;PBLD	GLOM	GO_BP	no_proc_ieg	10098
GOBP_REGULATION_OF_CALCIUM_ION_TRANSMEMBRANE_TRANSPORT	-1.151657689937319	0.1858974358974359	0.5167531799308893	28/123	CACNB2;BIN1;AFG3L2;BCL2;CHD7;PRKCE;GJC2;CALML3;BDKRB1;CALM2;LIME1;CACNA2D1;CAPN3;FYN;DRD1;ANK2;PDE4D;TMEM38B;DMD;SLC8A1;DRD3;TMBIM6;AKAP6;P2RX2;NPPA;PLA2G1B;PDE4B;IL13	GLOM	GO_BP	no_proc_ieg	10098
GOBP_PIGMENT_GRANULE_ORGANIZATION	-1.1516609905748996	0.24726477024070023	0.517555469025776	4/24	APOE;BCL2;AP3B1;TYRP1	GLOM	GO_BP	no_proc_ieg	10098
GOBP_RESPONSE_TO_SALT	-1.152084229770132	0.280561122244489	0.5172703107604623	3/18	ALPL;DAB2;ABCC6	GLOM	GO_BP	no_proc_ieg	10098
GOBP_ICOSANOID_SECRETION	-1.152406851012072	0.21052631578947367	0.5172234902132782	13/37	CYP4A11;CYP4F2;ACE;PLA2G2A;ABCC4;DRD3;PLA2G1B;OXT;NOS2;AVPR1B;LEP;MAP2K6;PLA2G2D	GLOM	GO_BP	no_proc_ieg	10098
GOBP_HOMOPHILIC_CELL_ADHESION_VIA_PLASMA_MEMBRANE_ADHESION_MOLECULES	-1.1532506518260404	0.19279661016949154	0.5157513090771304	20/91	CDHR2;CLSTN2;CDHR5;PCDHGB5;CELSR3;CDH16;TENM3;CDH1;CDH9;CDH10;CDH15;DSC1;PCDH11X;PCDHA2;PIK3CB;FAT1;CDH18;CDHR1;PTPRR;PCDHB12	GLOM	GO_BP	no_proc_ieg	10098
GOBP_STRIATED_MUSCLE_CELL_DEVELOPMENT	-1.1536493931699494	0.2165991902834008	0.5154744011913528	15/56	TNNT2;SDC1;TCAP;NEBL;BMP10;NEB;CAPN3;FHOD3;NKX2-5;MYBPC3;MYOZ1;SMAD4;ACTN2;PROX1;AKAP13	GLOM	GO_BP	no_proc_ieg	10098
GOBP_AXIS_ELONGATION	-1.1538084048677715	0.26534653465346536	0.5158734795506938	6/21	MAGI2;FGFR2;SPRY2;FGF1;ESR1;HOXD13	GLOM	GO_BP	no_proc_ieg	10098
GOBP_RESPONSE_TO_KETONE	-1.1551282877478315	0.13043478260869565	0.5132093499929612	43/166	HMGCS2;AIFM1;HSD3B2;FBP1;ADCY1;THBS1;PCK1;EGFR;UCP3;PCK2;HDAC6;MAOB;PRKCE;NQO1;NCOA2;ADCY8;SCNN1A;SLC12A3;ASS1;ACE;AKR1C3;SIRT1;NCOA1;FDX1;GHSR;TXNIP;CPS1;PTGFR;TNFSF4;AKAP8;SRD5A2;ELK1;SPP1;FECH;SOX10;CDKN1A;PTGER4;TACR1;OXT;KLF9;AVP;CA9;TGFBR3	GLOM	GO_BP	no_proc_ieg	10098
GOBP_ESTABLISHMENT_OR_MAINTENANCE_OF_BIPOLAR_CELL_POLARITY	-1.1562107429174135	0.24206349206349206	0.5112019686456922	13/40	PRKCI;PRKCZ;NHERF1;LLGL2;EZR;PALS1;CDX2;DLG5;ERBIN;CRB1;MYO9A;PARD6B;FAT1	GLOM	GO_BP	no_proc_ieg	10098
GOBP_POSITIVE_REGULATION_OF_INSULIN_SECRETION	-1.1566958008772648	0.19832985386221294	0.5107329544524479	18/60	RBP4;PCK2;PRKCE;ADCY8;SIRT3;PFKFB2;IRS2;NR0B2;ABAT;NR1H4;GPLD1;CASR;MYRIP;CRH;SYBU;JAK2;GIPR;PFKM	GLOM	GO_BP	no_proc_ieg	10098
GOBP_RIBOSE_PHOSPHATE_BIOSYNTHETIC_PROCESS	-1.1568490495175365	0.14644351464435146	0.5111298521344007	31/154	PDK2;ACAT1;SLC27A2;ADCY1;SDHC;NDUFS1;PAPSS1;ACOT7;DLD;ADCY8;ATP6V1A;MTHFD1;SDHB;PRPS1L1;ATP5F1B;ACSBG2;PRPSAP2;PRKAG2;NDUFA10;LDHC;PDK4;SDHD;ACSL1;PDHA1;ADK;MLYCD;GCDH;PDK1;NME5;ATP5MC3;MMUT	GLOM	GO_BP	no_proc_ieg	10098
GOBP_POSITIVE_REGULATION_OF_VASOCONSTRICTION	-1.1569213140385157	0.24173553719008264	0.5117605089724118	10/27	EGFR;ACE;ADRA1D;FAAH;ADRA1A;DBH;FGA;TACR1;CASR;AVP	GLOM	GO_BP	no_proc_ieg	10098
GOBP_REGULATION_OF_LIPID_TRANSPORT	-1.1570422264800095	0.174	0.5122606888822592	20/96	THBS1;CYP4A11;APOE;PRKN;EGF;ATP8A1;CYP4F2;PON1;IRS2;APOA1;SIRT1;DAB2;APOC3;AGT;ACSL1;GDF9;CRY2;APOA2;PTCH1;SPP1	GLOM	GO_BP	no_proc_ieg	10098
GOBP_CAMP_METABOLIC_PROCESS	-1.157192210769475	0.2745490981963928	0.5126926211912909	6/20	PDE8A;ADCY1;ADCY8;PDE4D;PDE4B;ADCY10	GLOM	GO_BP	no_proc_ieg	10098
GOBP_RESPONSE_TO_PURINE_CONTAINING_COMPOUND	-1.1576230180224325	0.1801980198019802	0.5122879979532176	42/109	HMGCS2;WNT10B;GPD1;FBP1;PCK1;SDC1;GATA1;EZR;ASS1;PKLR;PER1;FDX1;TMEM38B;CPS1;DMTN;PFKFB1;HCN4;SLC8A1;PENK;AKAP6;P2RX2;OXT;SLC26A3;RYR3;BCKDHB;BRAF;SLC6A4;TRPM2;AANAT;RYR2;WT1;CITED1;SLC5A5;GATA6;TRPC3;AKAP9;AQP8;ADIPOQ;ENPP1;ITPR2;DUOX2;STC1	GLOM	GO_BP	no_proc_ieg	10098
GOBP_REGULATION_OF_BODY_FLUID_LEVELS	-1.1577541692945668	0.11065573770491803	0.5126975283720606	66/278	APOH;AQP2;KNG1;GP5;SLC4A5;THBS1;HSD11B2;CYP4A11;DGKB;APOE;PLG;EGFR;TEC;PRKG1;AQP6;CYP11B2;UMOD;AP3B1;SERPINF2;PRKCE;HRG;SCNN1A;F2RL1;GATA1;CYP4F2;F11;VEGFA;NCOA1;SELP;FOXA2;VDR;FZD6;PROZ;F9;GUCA1B;ALOX12B;ADTRP;PROC;DMTN;SLC22A2;CEL;JMJD1C;FOXB1;ERBB4;OPRL1;HPS5;CSN2;F13B;ADRA2C;TRPV5;NFE2L2;CD40LG;HNF4A;FGA;PIK3CB;OXT;SERPINA1;VAV3;COPA;PTPRO;TSPAN8;AVP;PRKCA;PRKACB;HTR4;XDH	GLOM	GO_BP	no_proc_ieg	10098
GOBP_REGULATION_OF_MONOATOMIC_ION_TRANSPORT	-1.1585164099216185	0.09956709956709957	0.5115969754539775	83/310	CHP2;CA2;CACNB2;BIN1;AFG3L2;CLDN10;GPD1L;BCL2;PTPN3;CHD7;HECW1;EGF;MAOB;KCNJ16;PRKCE;GJC2;CALML3;BDKRB1;NHERF1;KCNS1;MCHR1;CALM2;KCNJ3;DPP6;KCNG1;LIME1;KCNJ15;ACE;KCNJ10;KCNJ1;PER1;CACNA2D1;NEDD4L;RIPK1;CAPN3;CAMK2G;FYN;PRSS8;ABCB1;DRD1;ANK2;FGF14;PDE4D;CNTN1;NKX2-5;TMEM38B;NKAIN1;DMD;SPTBN4;SLC8A1;RGS7;ATP2C2;SNTA1;DRD3;ANK3;TMBIM6;FHL1;KCNIP2;CTNNB1;WWP2;RCVRN;AKAP6;P2RX2;NPPA;PLA2G1B;PDE4B;IL13;FXYD3;SLC31A2;KCNA5;CASR;KCNIP1;PACSIN3;ATP1B1;ACTN2;EDN3;GRIN2B;CACNA1D;SLC6A4;FXYD1;CRH;PLP1;ADCYAP1R1	GLOM	GO_BP	no_proc_ieg	10098
GOBP_REGULATION_OF_MONOATOMIC_ION_TRANSMEMBRANE_TRANSPORT	-1.15888781997678	0.12418300653594772	0.5114543213661124	62/232	CHP2;CACNB2;BIN1;AFG3L2;GPD1L;BCL2;PTPN3;CHD7;HECW1;KCNJ16;PRKCE;GJC2;CALML3;BDKRB1;NHERF1;KCNS1;CALM2;KCNJ3;DPP6;KCNG1;LIME1;KCNJ15;KCNJ10;KCNJ1;CACNA2D1;NEDD4L;RIPK1;CAPN3;FYN;ABCB1;DRD1;ANK2;FGF14;PDE4D;TMEM38B;DMD;SLC8A1;RGS7;SNTA1;DRD3;ANK3;TMBIM6;FHL1;KCNIP2;WWP2;AKAP6;P2RX2;NPPA;PLA2G1B;PDE4B;IL13;FXYD3;SLC31A2;KCNIP1;ATP1B1;ACTN2;EDN3;GRIN2B;CACNA1D;FXYD1;PLP1;ADCYAP1R1	GLOM	GO_BP	no_proc_ieg	10098
GOBP_REGULATION_OF_WOUND_HEALING	-1.1599732969497285	0.1760154738878143	0.5093810977435868	19/108	APOH;KNG1;THBS1;APOE;PLG;PRKG1;KANK1;SERPINF2;PRKCE;HRG;F2RL1;VIL1;F11;FOXA2;ADTRP;APCS;PROC;DMTN;RREB1	GLOM	GO_BP	no_proc_ieg	10098
GOBP_ENERGY_DERIVATION_BY_OXIDATION_OF_ORGANIC_COMPOUNDS	-1.1600793968700853	0.13157894736842105	0.5099211444213457	65/195	OGDHL;GPD1;SDHC;G6PC1;ACO2;NDUFS1;DLD;ETFA;ACO1;COX8A;GYG2;NNT;NUPR1;SIRT3;IRS2;MT3;GNMT;LEPR;SDHB;ATP5F1B;COQ10B;OXA1L;KHK;PRKAG2;NDUFA10;SDHD;PDHA1;PPARGC1A;SLC25A12;PHKA2;MLXIPL;IGF1;ETFB;MC4R;KL;INSR;COX6A2;MFN2;ACADM;PHKA1;COX7A2L;NDUFS3;CYC1;CAT;GABARAPL1;NDUFV1;SLC25A13;ADCY10;SURF1;TRPV4;ADGRF1;GYS2;PFKM;NOS2;IDH3B;ETFDH;ADRB3;RB1CC1;PPP1CC;LEP;COQ9;IDH3A;COX5B;OGDH;PER2	GLOM	GO_BP	no_proc_ieg	10098
GOBP_REGULATION_OF_VASOCONSTRICTION	-1.1602026585788714	0.21285140562248997	0.510375357756792	24/58	EGFR;KCNMB2;ACE2;ACE;AGT;ADRA1D;FAAH;MTNR1B;ADRA1A;SNTA1;DBH;ADRA2C;FGA;TACR1;KCNA5;CASR;AVP;EDN3;DOCK5;AVPR1B;LEP;ADRA1B;ADD3;PER2	GLOM	GO_BP	no_proc_ieg	10098
GOBP_HYDROGEN_PEROXIDE_CATABOLIC_PROCESS	-1.1631184227068745	0.2485089463220676	0.5032983174159228	8/20	NNT;MT3;GPX3;PRDX3;HBE1;LPO;CAT;HBQ1	GLOM	GO_BP	no_proc_ieg	10098
GOBP_REGULATION_OF_SYNAPTIC_TRANSMISSION_GABAERGIC	-1.163632924900867	0.24829157175398633	0.5027699552715083	3/27	USP46;CA2;PRKCE	GLOM	GO_BP	no_proc_ieg	10098
GOBP_ADENYLATE_CYCLASE_MODULATING_G_PROTEIN_COUPLED_RECEPTOR_SIGNALING_PATHWAY	-1.1639211769537288	0.13390928725701945	0.5029054726529809	66/201	SSTR2;LGR4;ADCY1;PDE3B;GPR12;LGR5;ADCY8;NHERF1;MCHR1;ADGRG6;TCP11;PTH1R;RIT2;HRH3;CHRM5;DRD1;GPR3;PDE4D;ADRA1D;GNAZ;CHRM2;PTGFR;HRH4;MC4R;OPRL1;ADRA1A;DRD3;HTR1F;ADRA2C;GALR3;AKAP6;PDE4B;PTGER4;RGS2;CALCA;MTNR1A;CASR;PRKCA;PRKACB;HTR4;ADCY10;AKAP13;GRIK3;NPY2R;CACNA1D;MC5R;ADCYAP1R1;GPR161;ADGRF1;GLP1R;DRD5;GIPR;NOS1;GRM8;ADRB3;GRM1;CCR3;GLP2R;ADRA1B;CNR2;ADGRG3;ADM2;MC3R;SCTR;PTGER3;RGS1	GLOM	GO_BP	no_proc_ieg	10098
GOBP_REGULATION_OF_EXTRINSIC_APOPTOTIC_SIGNALING_PATHWAY_VIA_DEATH_DOMAIN_RECEPTORS	-1.1645428166589302	0.24335378323108384	0.5020620560066903	4/32	BMPR1B;DDX3X;BMP5;THBS1	GLOM	GO_BP	no_proc_ieg	10098
GOBP_ESTROGEN_METABOLIC_PROCESS	-1.1646595060602072	0.2326923076923077	0.5025414114815728	7/23	CYP3A4;CYP2C8;HSD17B8;DHRS11;HSD17B2;CYP1A1;CYP3A5	GLOM	GO_BP	no_proc_ieg	10098
GOBP_TUBE_FORMATION	-1.1655652571416903	0.16161616161616163	0.5010101776582039	23/102	BMP5;OPA1;EGF;CDK20;TCAP;MTHFD1;EDA;FGFR2;IFT57;COBL;VEGFA;FOLR1;FZD6;SPINT2;EDAR;OVOL2;YWHAZ;PAX2;LRP2;PTCH1;HAND1;PHACTR4;CTNNB1	GLOM	GO_BP	no_proc_ieg	10098
GOBP_REGULATION_OF_CYCLASE_ACTIVITY	-1.165852103243888	0.2334710743801653	0.5010751606471572	12/37	LGR4;MAPK8;LGR5;GUCA1B;DRD1;DRD3;CACNA1D;GLP1R;DRD5;GIPR;NOS1;NOS2	GLOM	GO_BP	no_proc_ieg	10098
GOBP_NEGATIVE_REGULATION_OF_PROTEIN_SECRETION	-1.1658729542410062	0.193158953722334	0.5018299369328405	11/50	RAB11FIP3;APOE;PRKN;F2RL1;CCN3;ADTRP;GHSR;GNAZ;MTNR1B;DRD3;BMP8A	GLOM	GO_BP	no_proc_ieg	10098
GOBP_BRAIN_MORPHOGENESIS	-1.1670189586664284	0.22857142857142856	0.49961656916182545	8/24	BBS1;FZD6;PAX2;FANCC;PROP1;SOS1;SLC6A4;EMX1	GLOM	GO_BP	no_proc_ieg	10098
GOBP_CIRCADIAN_REGULATION_OF_GENE_EXPRESSION	-1.1685285439231037	0.1976284584980237	0.49645585132194575	15/53	LGR4;NCOA2;SIRT1;RORC;NOCT;PER1;USP2;NR0B2;RORA;PPARGC1A;CRY2;ID4;DRD3;KMT2A;BHLHE40	GLOM	GO_BP	no_proc_ieg	10098
GOBP_RETINOIC_ACID_METABOLIC_PROCESS	-1.169737538680654	0.24008350730688935	0.4942408719653416	8/23	CYP3A4;CYP2C8;ALDH8A1;AKR1C3;ADH6;CYP1A1;CYP3A5;CYP2C18	GLOM	GO_BP	no_proc_ieg	10098
GOBP_EMBRYONIC_CAMERA_TYPE_EYE_MORPHOGENESIS	-1.1707547718551146	0.23780487804878048	0.49252266093035146	8/21	STRA6;PAX2;FRS2;FZD5;PHACTR4;TFAP2A;PROX1;BMP7	GLOM	GO_BP	no_proc_ieg	10098
GOBP_POST_EMBRYONIC_DEVELOPMENT	-1.1715793309376668	0.15527950310559005	0.4912661555575299	21/63	ARID5B;BCL2;SEMA3C;ACO1;ETNK2;FGFR2;VEGFA;ALDH5A1;GIGYF2;CRB1;PRDM1;FZD5;KMT2A;KAT8;MMUT;ACADM;NDN;ASL;ERCC2;JAK2;EMX1	GLOM	GO_BP	no_proc_ieg	10098
GOBP_MYOTUBE_CELL_DEVELOPMENT	-1.1728558419198853	0.2266949152542373	0.48866770046757557	8/28	WNT10B;BCL2;MYOD1;IGF1;MYF6;MYOG;RCAN1;P2RX2	GLOM	GO_BP	no_proc_ieg	10098
GOBP_AMINO_ACID_TRANSMEMBRANE_TRANSPORT	-1.1732094734213425	0.19313304721030042	0.4886206550557489	32/62	SLC6A13;SLC1A5;ACE2;SLC3A1;SLC47A1;SLC1A1;KCNJ10;SLC7A9;SFXN1;SLC25A12;SLC22A2;SLC7A4;SLC38A3;SLC22A4;RGS2;SLC6A12;SLC3A2;SLC25A13;GFAP;SLC17A7;SLC6A7;TSPO2;GRM1;SLC25A38;PER2;TTYH1;SLC6A14;SLC16A2;LRRC8D;SLC6A20;SLC6A15;SLC7A10	GLOM	GO_BP	no_proc_ieg	10098
GOBP_CALCIUM_ION_TRANSMEMBRANE_TRANSPORT	-1.1755350759105472	0.0970464135021097	0.48343210219916694	68/235	CACNB2;BIN1;AFG3L2;HSPA9;GP5;TRPM6;MICU1;BCL2;PLCE1;CHD7;PRKCE;GJC2;CALML3;CACNG5;BDKRB1;CALM2;LIME1;PKD2L1;CACNA2D1;ATP2B3;CAPN3;TRPV6;FYN;DRD1;ANK2;PKDREJ;PDE4D;TMEM38B;DMD;MAIP1;LETM1;CACNA1I;SLC8A1;ATP2C2;ADRA1A;DRD3;TMBIM6;CACNG2;TRPM3;TRPV5;AKAP6;SLC24A3;P2RX2;NPPA;PLA2G1B;NOL3;PDE4B;IL13;RYR3;SLC8A2;NALF2;ATP1B1;GRIN2B;CACNA1D;ASIC1;PLP1;ADCYAP1R1;ATP2B2;TRPV4;TRPM2;CACNA1H;CNGB1;CACNA1E;CACNA2D2;CUL5;CACNA1F;MICU2;NOS1	GLOM	GO_BP	no_proc_ieg	10098
GOBP_NUCLEOSIDE_DIPHOSPHATE_CATABOLIC_PROCESS	-1.1756104572546773	0.1706827309236948	0.48403978614112686	20/82	OGDHL;GPD1;FBP1;PGM1;SLC4A4;NUPR1;PFKFB2;ALDOB;PKLR;PRKAG2;DHTKD1;PRKAG1;PFKFB1;PGAM2;GALK1;MLXIPL;IGF1;NCOR1;ENTPD5;INSR	GLOM	GO_BP	no_proc_ieg	10098
GOBP_NEGATIVE_REGULATION_OF_RNA_CATABOLIC_PROCESS	-1.1759058118818417	0.21541501976284586	0.48404595064682987	15/49	TRAF5;CSDE1;RBM47;NOCT;A1CF;TOB1;NBAS;METTL1;CIRBP;TENT5C;ELAVL1;SECISBP2;TENT5A;THRAP3;TRAF3IP2	GLOM	GO_BP	no_proc_ieg	10098
GOBP_CARDIAC_SEPTUM_DEVELOPMENT	-1.1764071306827881	0.1814516129032258	0.48359619442271784	22/75	STRA6;MATR3;BMP5;CHD7;SEMA3C;BMPR1A;FGFR2;ANK2;NKX2-5;ZFPM2;MDM2;LRP2;FRS2;PRDM1;HAND1;SALL1;DHRS3;FZD2;SMAD4;TGFBR3;PROX1;TBX5	GLOM	GO_BP	no_proc_ieg	10098
GOBP_CEREBRAL_CORTEX_CELL_MIGRATION	-1.1774126859197698	0.20208333333333334	0.4818157155986501	10/35	EGFR;SRGAP2;SYNE2;PEX13;NDEL1;CTNNB1;DIXDC1;GLI3;PEX5;FOXG1	GLOM	GO_BP	no_proc_ieg	10098
GOBP_POSITIVE_REGULATION_OF_SYNAPTIC_TRANSMISSION	-1.178312862918973	0.15948275862068967	0.4802836345128968	34/117	CA2;ADCY1;CLSTN2;APOE;EGFR;HDAC6;PRKCZ;STAU1;PRKCE;ADCY8;CACNG5;SLC1A1;MME;KMO;MPP2;DRD1;NRXN1;CYP46A1;ADRA1A;SCGN;CACNG2;ARC;SLC18A3;IQSEC2;TACR1;OXT;SHANK2;SLC8A2;GFAP;GRIN2B;RAB3GAP1;BRAF;CALB2;CRH	GLOM	GO_BP	no_proc_ieg	10098
GOBP_DETECTION_OF_ABIOTIC_STIMULUS	-1.1797332100871738	0.15831663326653306	0.4773908549572483	32/94	RHO;TCAP;HPN;AIPL1;RGR;PKD2L1;FYN;PKDREJ;KIT;CRB1;RRH;PDE6B;MMP24;SCN1A;FECH;ASIC3;CTNNB1;RCVRN;CAMKMT;CALCA;TACR1;CNGB1;CACNA1F;PRDM12;ELOVL4;PHF24;UNC119;NR2E3;CDS1;TRPC3;OPN1SW;TULP1	GLOM	GO_BP	no_proc_ieg	10098
GOBP_DETECTION_OF_STIMULUS	-1.1799729981646212	0.11522633744855967	0.4776514216736455	64/198	CDHR2;TAS2R4;OR2F1;KCNMB2;RHO;TCAP;HPN;OR7A10;OR12D3;AIPL1;AZGP1;RGR;OR10H2;CALM2;OR3A3;PKD2L1;OR10H3;FYN;PKDREJ;OR10H1;OR52A1;KIT;LPO;CA6;OR1G1;CRB1;RRH;PDE6B;OR7A5;MMP24;SCN1A;FECH;KCNIP2;ASIC3;CTNNB1;RCVRN;OR2W1;P2RX2;TAS2R14;CAMKMT;CALCA;TACR1;OR12D2;OR1D2;TAS2R1;CASR;OR1F2P;OR2C1;PIP;OR1A1;OR5I1;OR3A1;TAS2R8;CNGB1;CACNA1F;PRDM12;TAS2R3;ELOVL4;DACH1;PHF24;OR2H1;OR10J1;OR2B2;RYR2	GLOM	GO_BP	no_proc_ieg	10098
GOBP_POSITIVE_REGULATION_OF_PROTEIN_LOCALIZATION_TO_PLASMA_MEMBRANE	-1.1801154689579223	0.19957983193277312	0.4780714894911279	7/41	PRKCI;PGRMC1;EGFR;PRKCE;VIL1;EZR;RAB11FIP2	GLOM	GO_BP	no_proc_ieg	10098
GOBP_AMIDE_TRANSPORT	-1.1804918189026954	0.11252653927813164	0.4779191637983373	61/230	CA2;RBP4;SLC13A3;EGFR;HNF1A;PCK2;PRKN;CHD7;UMOD;PRKCE;ADCY8;F2RL1;NHERF1;SIRT3;PFKFB2;IRS2;CCN3;RAB11FIP2;FOLR1;CCDC186;FOXA2;CAMK2G;ABCB1;SLC19A2;NR0B2;GHSR;ABAT;GNAZ;CPLX3;ABCC4;SLC14A2;LRP2;MC4R;MTNR1B;RFX3;BMP8A;SLC38A3;SLC15A1;G6PC2;NR1H4;SGPP1;HNF4A;ABCG2;FGA;GPLD1;AIMP1;KCNA5;CASR;MYRIP;EDN3;GJA1;CRH;SYBU;TRPV4;FOXO1;JAK2;ENY2;GIPR;PFKM;STXBP3;NOS2	GLOM	GO_BP	no_proc_ieg	10098
GOBP_NEGATIVE_REGULATION_OF_LIPID_METABOLIC_PROCESS	-1.1805770809596692	0.16393442622950818	0.4785179321308737	22/71	CIDEA;BMP5;CYP27B1;APOE;PDE3B;FMO4;FMO1;AKR1C3;SIRT1;APOC3;INSIG2;SLC22A13;ACADL;APOA2;ENDOU;NCOR1;APOD;ERLIN1;GPLD1;PROX1;ERLIN2;FBXW7	GLOM	GO_BP	no_proc_ieg	10098
GOBP_REGULATION_OF_MEMBRANE_DEPOLARIZATION	-1.1811866061037954	0.194	0.4778255544263817	12/36	ALB;GPD1L;BCL2;PTPN3;DCN;NEDD4L;HCN4;ANK3;FHL1;ADCY10;TBX5;GJA1	GLOM	GO_BP	no_proc_ieg	10098
GOBP_RESPONSE_TO_OXIDATIVE_STRESS	-1.1814110709014336	0.09473684210526316	0.4780461548129285	48/274	USP25;PDK2;PRDX6;AIF1;DAPK1;AIFM1;MSRA;SGK2;TXNRD2;APOE;BCL2;EGFR;UCP3;MAPK8;PRKN;SDC1;HDAC6;STAU1;SIRPA;NQO1;ALAD;STX2;FABP1;MT3;SLC1A1;SIRT1;GPX3;PRDX3;RIPK1;FYN;PEX13;NEIL1;TXNIP;OSER1;PPARGC1A;MAPKAP1;MDM2;ERCC8;PYCR1;LPO;GPX2;PRKRA;ALDH3B1;APOD;ERMP1;RCAN1;PENK;NFE2L2	GLOM	GO_BP	no_proc_ieg	10098
GOBP_TRANSITION_METAL_ION_TRANSPORT	-1.181481972120692	0.1724137931034483	0.4786777788335084	20/68	SLC39A14;FTL;SLC11A2;TFRC;MT3;SLC1A1;SLC39A4;HPX;SFXN1;ABCB7;ATP2C2;SLC25A28;ASIC3;SLC30A3;SLC31A2;LMTK2;SLC30A9;SLC39A6;TRPM2;SLC30A5	GLOM	GO_BP	no_proc_ieg	10098
GOBP_MUSCLE_SYSTEM_PROCESS	-1.1824324623536118	0.08502024291497975	0.47709197951685517	101/327	PPP1R12B;CACNB2;BIN1;SETD3;SSTR2;GATM;ARG2;GPD1L;TNNT2;PRKG1;TCAP;CTNNA3;MYL3;MYOD1;ACE2;CALM2;KCNJ3;GTF2IRD1;CACNA2D1;NEDD4L;GAMT;KLF15;BMP10;CAMK2G;AGT;DRD1;ANK2;GHSR;ABAT;PDE4D;NKX2-5;CHRNA3;TMEM38B;DTNA;DMD;CHRM2;ASPH;PGAM2;TACR3;IGF1;HCN4;KIT;HAND2;MYL5;SLC8A1;CKMT2;ADRA1A;SNTA1;MYBPC3;SCN7A;PDLIM5;MYOG;SCN1A;KCNIP2;TNNI3;ADRA2C;AKAP6;P2RX2;NPPA;NOL3;PDE4B;RGS2;CALCA;TACR1;OXT;MYOZ1;KCNA5;SMAD4;RYR3;NFATC3;ATP1B1;PRKCA;TNNI1;ADCY10;SCN2A;EDN3;SLC6A8;CACNA1D;GJA1;FXYD1;SGCA;CHRNB2;CRYAB;KCNB2;TRPV4;FOXO1;MYL11;SCNN1B;CACNA1H;HTR7;TPM2;NOS1;CLCN1;SCN5A;ATP1A1;DOCK5;ACACB;SMPX;ANKRD2;RYR2;CACNG1	GLOM	GO_BP	no_proc_ieg	10098
GOBP_NEGATIVE_REGULATION_OF_EPITHELIAL_TO_MESENCHYMAL_TRANSITION	-1.182557794006024	0.2364341085271318	0.47757848121823376	7/25	BMP5;HPN;VEGFA;FOXA2;SPRY2;OVOL2;KAT8	GLOM	GO_BP	no_proc_ieg	10098
GOBP_NEGATIVE_REGULATION_OF_PLASMA_MEMBRANE_BOUNDED_CELL_PROJECTION_ASSEMBLY	-1.1828000619039836	0.2208067940552017	0.4777286986930255	8/26	KANK1;HRG;RAP1GAP;ARHGAP24;STAP1;EVL;MAK;CCP110	GLOM	GO_BP	no_proc_ieg	10098
GOBP_PHENOL_CONTAINING_COMPOUND_BIOSYNTHETIC_PROCESS	-1.1831437925715766	0.20948616600790515	0.4777019731841043	10/36	PAH;ALDH2;DDC;TYRP1;DCT;HAND2;OCA2;KL;DBH;PNMT	GLOM	GO_BP	no_proc_ieg	10098
GOBP_REGULATION_OF_CELL_GROWTH	-1.1831590049488856	0.07142857142857142	0.4784802695279884	57/290	CISH;CDHR2;USP47;DDX3X;GOLGA4;FBP1;SGK2;CYP27B1;APOE;URI1;BCL2;EGFR;ESR2;PRKN;HDAC6;ACVR1B;IL17RB;HRG;BLTP1;BDKRB1;HPN;CDH1;IL9;TFRC;TSPYL2;MT3;CCN3;DNPH1;VEGFA;DAB2;NEDD4L;SLC44A4;BMP10;IP6K2;EPHA7;AGT;PHB1;CPNE6;DCBLD2;ULK1;SEMA4D;MAPKAP1;SUPV3L1;GDF9;IGF1;TP53TG5;SPP1;FHL1;PTPRS;CDKN1A;CHPT1;AKAP6;HNF4A;UNC13A;RGS2;NDUFS3;SPART	GLOM	GO_BP	no_proc_ieg	10098
GOBP_ERBB2_SIGNALING_PATHWAY	-1.1844768901700626	0.25766871165644173	0.4759395311234849	9/21	EGFR;CPNE3;EGF;NRG1;ERBB4;TGFA;PTPRR;BTC;CUL5	GLOM	GO_BP	no_proc_ieg	10098
GOBP_REGULATION_OF_LIPID_CATABOLIC_PROCESS	-1.184577633846228	0.21810699588477367	0.47649265801638935	10/44	CIDEA;PDE3B;PRKCE;AADAC;FABP1;IRS2;APOC3;APOA2;MLYCD;ENDOU	GLOM	GO_BP	no_proc_ieg	10098
GOBP_ACTIN_FILAMENT_BASED_MOVEMENT	-1.1846496465605922	0.1411042944785276	0.47714976123681774	33/102	MYO5C;CACNB2;BIN1;GPD1L;TNNT2;CTNNA3;VIL1;KCNJ3;MYO1A;CACNA2D1;NEDD4L;SYNE2;ANK2;PDE4D;HCN4;SNTA1;MYBPC3;SCN7A;SCN1A;PDE4B;KCNA5;EPB41L5;ADCY10;SCN2A;CACNA1D;GJA1;MYL11;NOS1;SCN5A;ATP1A1;RYR2;MYO19;DLG1	GLOM	GO_BP	no_proc_ieg	10098
GOBP_INTRINSIC_APOPTOTIC_SIGNALING_PATHWAY_IN_RESPONSE_TO_ENDOPLASMIC_RETICULUM_STRESS	-1.1849456421854832	0.18255578093306288	0.4772406287254658	10/46	AIFM1;OPA1;BCL2;PRKN;EIF2AK3;SIRT1;RNF186;HERPUD1;TMBIM6;CEBPB	GLOM	GO_BP	no_proc_ieg	10098
GOBP_UNSATURATED_FATTY_ACID_METABOLIC_PROCESS	-1.185307290650951	0.15821501014198783	0.4771630808980184	24/71	CYP2B6;ACAA1;CYP4A11;CES2;CYP2A13;CYP2C8;CYP4F2;AKR1C3;SIRT1;ALOX15;CYP2J2;ALOX12B;FAAH;AKR1C4;CYP2E1;CYP1A1;CYP2A6;AVP;ABHD6;CYP2C18;CYP2A7;ALOXE3;DECR2;ELOVL4	GLOM	GO_BP	no_proc_ieg	10098
GOBP_LOCOMOTORY_BEHAVIOR	-1.1856846969251758	0.12691466083150985	0.47706715875776423	39/144	APOE;PRKN;CHD7;GAD1;PRKCE;NCOA2;ADCY8;DPP4;SLC1A1;KCNJ10;USP2;FOXA2;GIGYF2;DRD1;PEX13;GHSR;ABAT;CNTN1;CHRNA3;SPTBN4;NCOR1;OPRL1;DRD3;DBH;SCN1A;NAV2;RCAN1;PENK;SHANK2;SOBP;AVP;SLC25A46;NPY2R;ASL;CRH;CHRNB2;KLHL1;GNB3;PAK5	GLOM	GO_BP	no_proc_ieg	10098
GOBP_REGULATION_OF_GROWTH	-1.1859302813478174	0.047109207708779445	0.4773200986911576	106/435	CISH;AFG3L2;CDHR2;USP47;DDX3X;RBP4;GOLGA4;FBP1;SGK2;MT1G;CYP27B1;APOE;URI1;BCL2;EGFR;ESR2;PRKN;HDAC6;ACVR1B;CHD7;IL17RB;HRG;BLTP1;BDKRB1;HPN;CDH1;MT1X;IL9;GHR;VIL1;MYOD1;TFRC;TSPYL2;MT3;BMPR1A;EZR;FGFR2;CCN3;DNPH1;MT1F;VEGFA;DAB2;NEDD4L;GAMT;SLC44A4;BMP10;CAPN3;IP6K2;TFCP2L1;EPHA7;AGT;PHB1;CGA;CPNE6;GHSR;NKX2-5;ZFPM2;DCBLD2;ULK1;SEMA4D;SPTBN4;WWC2;MAPKAP1;SUPV3L1;GDF9;IGF1;GDF15;TP53TG5;ERBB4;PTCH1;GPR21;SPP1;INSR;FHL1;PTPRS;CDKN1A;CHPT1;AKAP6;HNF4A;UNC13A;RGS2;NDUFS3;SPART;PLS1;WWC1;MYOZ1;CSHL1;SMAD4;GDF5;OSGIN2;AVP;TGFBR3;ADCY10;PROX1;PEX5;CDKL3;TBX5;SLC6A4;MT2A;GJA1;SOCS2;CRYAB;TEAD1;FSTL4;FTO;MT1M	GLOM	GO_BP	no_proc_ieg	10098
GOBP_ATP_METABOLIC_PROCESS	-1.1874237249571589	0.13333333333333333	0.4742546777896746	37/138	OGDHL;GPD1;FBP1;SDHC;NDUFS1;PGM1;SLC4A4;NUPR1;ATP6V1A;PFKFB2;ALDOB;PKLR;SDHB;ATP5F1B;PRKAG2;NDUFA10;DHTKD1;ABCC6;LDHC;PRKAG1;SDHD;OLA1;PFKFB1;PGAM2;GALK1;MLXIPL;IGF1;NCOR1;INSR;ATP5MC3;NDUFS3;NDUFV1;PGK2;ALDOC;ATP1B1;SLC25A13;ADCY10	GLOM	GO_BP	no_proc_ieg	10098
GOBP_NEPHRON_EPITHELIUM_DEVELOPMENT	-1.1878330398613355	0.1491395793499044	0.47398033319114247	21/90	ACAT1;LGR4;MAGI2;BCL2;SLC22A6;UMOD;VEGFA;KLF15;AGT;ASXL1;GREB1L;SLC22A1;AHI1;PAX2;FGF1;PTCH1;SALL1;CTNNB1;GLI3;PTPRO;SMAD4	GLOM	GO_BP	no_proc_ieg	10098
GOBP_REGULATION_OF_ACTION_POTENTIAL	-1.1899106431962665	0.19123505976095617	0.46945508827231996	19/40	BIN1;KCNQ3;CTNNA3;CXADR;CACNA2D1;ANK2;HCN4;MTNR1B;ADRA1A;TACR1;SLC8A2;CHRNB2;NOS1;SCN5A;RYR2;KCNAB2;DLG1;CNR2;AKAP9	GLOM	GO_BP	no_proc_ieg	10098
GOBP_REGULATION_OF_RAS_PROTEIN_SIGNAL_TRANSDUCTION	-1.1909123848757805	0.20168067226890757	0.4676813774093485	8/27	FBP1;RABGEF1;SPRY2;NGF;MAPKAP1;IGF1;RASGRF1;MFN2	GLOM	GO_BP	no_proc_ieg	10098
GOBP_ACTIN_MEDIATED_CELL_CONTRACTION	-1.1911225579868747	0.13827655310621242	0.4680132753450923	29/86	CACNB2;BIN1;GPD1L;TNNT2;CTNNA3;VIL1;KCNJ3;CACNA2D1;NEDD4L;ANK2;PDE4D;HCN4;SNTA1;MYBPC3;SCN7A;SCN1A;PDE4B;KCNA5;EPB41L5;ADCY10;SCN2A;CACNA1D;GJA1;MYL11;NOS1;SCN5A;ATP1A1;RYR2;DLG1	GLOM	GO_BP	no_proc_ieg	10098
GOBP_DEVELOPMENT_OF_PRIMARY_FEMALE_SEXUAL_CHARACTERISTICS	-1.1917755708798945	0.16877637130801687	0.4671549758792669	28/81	BMPR1B;ANG;ARID5B;BCL2;SCAPER;NUPR1;VEGFA;SIRT1;AFP;CGA;ZFPM2;GDF9;AMHR2;KIT;MSH4;DMC1;INSR;CEBPB;SMAD4;INHA;ESR1;ADCYAP1R1;NR5A1;UBB;NRIP1;DACH1;LEP;WT1	GLOM	GO_BP	no_proc_ieg	10098
GOBP_NEGATIVE_REGULATION_OF_CHEMOKINE_PRODUCTION	-1.1921975035227412	0.20905172413793102	0.4668720440286022	6/18	ARG2;SIRPA;F2RL1;ERBIN;APOD;NR1H4	GLOM	GO_BP	no_proc_ieg	10098
GOBP_AMINE_TRANSPORT	-1.1922135864871992	0.13900414937759337	0.4676410803247854	22/74	PRKG1;PRKN;ACE2;RHCG;KMO;DRD1;GHSR;ABAT;SDHD;CHRNA3;SLC22A2;DRD3;SLC38A3;SLC18A3;ADRA2C;RGS2;OXT;RHAG;AVP;RAB3GAP1;CRH;CHRNB2	GLOM	GO_BP	no_proc_ieg	10098
GOBP_AXIS_SPECIFICATION	-1.1930967669018626	0.17204301075268819	0.4663231824245532	19/64	LEFTY1;CER1;FUT6;BMPR1A;COBL;FOXA2;CDX4;PCSK6;CDX2;AHI1;IFT25;FRS2;PTCH1;FZD5;CTNNB1;SMAD4;EPB41L5;AXIN1;TMED2	GLOM	GO_BP	no_proc_ieg	10098
GOBP_MEMBRANE_DEPOLARIZATION_DURING_ACTION_POTENTIAL	-1.1932631419080046	0.2163265306122449	0.46679556702573244	8/22	CACNB2;PTPN3;CACNA2D1;ANK2;HCN4;SLC8A1;ANK3;SCN1A	GLOM	GO_BP	no_proc_ieg	10098
GOBP_POSITIVE_REGULATION_OF_CARBOHYDRATE_METABOLIC_PROCESS	-1.1937604150578596	0.19222903885480572	0.4663528748394691	20/59	GPD1;EGF;SLC4A4;PRKCE;IRS2;PTH1R;SIRT1;RGN;MAS1;PPARGC1A;MLXIPL;IGF1;INSR;PHKA1;GPLD1;GPT;ADCY10;ADCYAP1R1;FOXO1;GAPDHS	GLOM	GO_BP	no_proc_ieg	10098
GOBP_REGULATION_OF_COLLATERAL_SPROUTING	-1.1947800086185458	0.22469635627530365	0.46454888043825493	14/18	EPHA7;ULK1;SEMA4D;SPP1;PTPRS;SPART;FSTL4;IFRD1;RND2;CRABP2;DCC;ULK2;LPAR3;EFNA5	GLOM	GO_BP	no_proc_ieg	10098
GOBP_INSULIN_RECEPTOR_SIGNALING_PATHWAY	-1.1950772695804524	0.14519427402862986	0.46464802205594885	22/91	PDK2;SNX5;SLC39A14;SMARCC1;KANK1;PRKCZ;SOS2;IRS2;SIRT1;PDK4;BAIAP2;C2CD5;NDEL1;GPR21;INSR;DNAI1;NR1H4;GPLD1;PIK3R1;AHSG;INSRR;SOS1	GLOM	GO_BP	no_proc_ieg	10098
GOBP_METANEPHROS_DEVELOPMENT	-1.1961921703001899	0.14285714285714285	0.4627231737711995	16/66	AQP2;ACAT1;LGR4;BCL2;SLC22A6;UMOD;CTSH;GREB1L;DLG5;SLC22A1;PAX2;PTCH1;SALL1;CTNNB1;GLI3;SMAD4	GLOM	GO_BP	no_proc_ieg	10098
GOBP_DETECTION_OF_VISIBLE_LIGHT	-1.1973232433884116	0.2	0.46070931462683745	14/32	RHO;AIPL1;RGR;CRB1;RRH;PDE6B;CAMKMT;CNGB1;CACNA1F;ELOVL4;OPN1SW;TULP1;OPN3;CACNB4	GLOM	GO_BP	no_proc_ieg	10098
GOBP_CELLULAR_RESPONSE_TO_OXIDATIVE_STRESS	-1.1979104044835491	0.12343096234309624	0.46008878229102823	31/169	PDK2;AIF1;DAPK1;AIFM1;MSRA;EGFR;MAPK8;PRKN;HDAC6;STAU1;SIRPA;NQO1;STX2;FABP1;MT3;SLC1A1;SIRT1;PRDX3;RIPK1;FYN;PEX13;OSER1;PPARGC1A;MAPKAP1;MDM2;PYCR1;PRKRA;ALDH3B1;ERMP1;PENK;NFE2L2	GLOM	GO_BP	no_proc_ieg	10098
GOBP_CEREBRAL_CORTEX_NEURON_DIFFERENTIATION	-1.19796999008665	0.2151394422310757	0.4607724246108868	8/20	DRD1;ID4;RAC3;DLX2;CHD5;PEX5;ASCL1;EMX1	GLOM	GO_BP	no_proc_ieg	10098
GOBP_MUSCLE_CELL_CELLULAR_HOMEOSTASIS	-1.1982023381498073	0.21401515151515152	0.460946869648108	4/20	PLG;LOX;CAPN3;DMD	GLOM	GO_BP	no_proc_ieg	10098
GOBP_REGULATION_OF_HORMONE_SECRETION	-1.198619205914312	0.09421841541755889	0.460751603169984	59/193	RBP4;RAB11FIP3;EGFR;PCK2;PRKN;CHD7;PRKCE;ADCY8;F2RL1;SIRT3;PFKFB2;IRS2;CCN3;DAB2;FOXA2;AGT;NR0B2;SNX4;GHSR;ABAT;GNAZ;GDF9;CRY2;MTNR1B;RFX3;BMP8A;SPP1;G6PC2;NR1H4;IL11;HNF4A;FGA;TACR1;GPLD1;AIMP1;KCNA5;SMAD4;CASR;INHA;NPVF;FGF23;MYRIP;EDN3;GJA1;CRH;SYBU;FOXO1;JAK2;ENY2;GIPR;PFKM;NOS2;LEP;NKX3-1;CARTPT;OSBP;PER2;EPHA5;PAX8	GLOM	GO_BP	no_proc_ieg	10098
GOBP_REGULATION_OF_EXTRINSIC_APOPTOTIC_SIGNALING_PATHWAY_IN_ABSENCE_OF_LIGAND	-1.1994050440520803	0.21325051759834368	0.45972913835078777	11/32	WWOX;BCL2;GATA1;EYA2;RIPK1;PPP2R1B;CSF2;EYA3;TERT;MCL1;EYA4	GLOM	GO_BP	no_proc_ieg	10098
GOBP_CARDIOCYTE_DIFFERENTIATION	-1.1995667076061693	0.12842105263157894	0.46013787847102466	33/108	EGFR;PRKG1;SEMA3C;TCAP;NEBL;CXADR;BMPR1A;VEGFA;FOLR1;NOX4;BMP10;NEB;NRG1;FHOD3;NKX2-5;FZD7;IGF1;HAND2;SLC8A1;FRS2;ADRA1A;PDLIM5;ACADM;AKAP6;RGS2;RARB;SMAD4;TGFBR3;ACTN2;CBY1;PROX1;AKAP13;TBX5	GLOM	GO_BP	no_proc_ieg	10098
GOBP_SPERM_FLAGELLUM_ASSEMBLY	-1.2000766861246555	0.21637426900584794	0.459732762930729	6/19	SPAG6;BBOF1;SPAG16;IFT81;RSPH6A;CFAP69	GLOM	GO_BP	no_proc_ieg	10098
GOBP_DORSAL_VENTRAL_PATTERN_FORMATION	-1.2004964186588636	0.14822546972860126	0.45950245893295566	15/59	BMPR1B;DYNC2H1;CER1;BMPR1A;OVOL2;PTCH1;CTNNB1;GLI3;PROP1;GREM2;FOXG1;AXIN1;GPR161;RNF220;ASCL1	GLOM	GO_BP	no_proc_ieg	10098
GOBP_GOLGI_TO_PLASMA_MEMBRANE_PROTEIN_TRANSPORT	-1.2005140018747213	0.18924731182795698	0.4602866296894573	6/29	GOLGA4;RAB11FIP3;GGA2;GCC2;PREPL;BBS1	GLOM	GO_BP	no_proc_ieg	10098
GOBP_AMINE_BIOSYNTHETIC_PROCESS	-1.202230973170474	0.20901639344262296	0.45692458982072376	12/30	PAH;ALDH2;DDC;HAND2;KL;DBH;PAOX;PNMT;SULT1A2;SAT1;AANAT;ODC1	GLOM	GO_BP	no_proc_ieg	10098
GOBP_SENSORY_PERCEPTION_OF_BITTER_TASTE	-1.2030165422323604	0.228515625	0.4557766498619669	13/23	TAS2R4;AZGP1;LPO;CA6;TAS2R14;TAS2R1;PIP;TAS2R8;TAS2R3;TAS2R7;TAS2R9;TAS2R10;PIGR	GLOM	GO_BP	no_proc_ieg	10098
GOBP_CELL_PROLIFERATION_IN_FOREBRAIN	-1.2042364815702955	0.205078125	0.45344054273922146	6/18	FGFR2;EMX2;DCT;DIXDC1;GLI3;PCM1	GLOM	GO_BP	no_proc_ieg	10098
GOBP_EPIDERMIS_DEVELOPMENT	-1.2043113760587603	0.06374501992031872	0.4540749426889333	56/243	ALDH3A2;WNT10B;LGR4;CYP27B1;PIP5K1A;BCL2;EGFR;ACVR1B;AP3B1;SPINK5;LGR5;USH1C;NHERF1;LAMA3;EDA;KRT75;FGFR2;AKR1C3;KRT81;OVOL1;DKK4;SLC44A4;VDR;KRT76;FZD6;ALOX12B;EDAR;TGM5;EDA2R;OVOL2;HOXC13;DCT;TXNIP;KRT32;STMN1;IVL;KRTAP5-9;PTCH1;SPRR3;INSR;KRT86;CDKN1A;LCE2B;CTNNB1;LORICRIN;SGPP1;ESRP1;PLS1;FERMT1;POU2F3;SMAD4;EXPH5;KRT6B;FOXN1;MET;SOS1	GLOM	GO_BP	no_proc_ieg	10098
GOBP_POSITIVE_REGULATION_OF_MUSCLE_CONTRACTION	-1.2046396633397007	0.17708333333333334	0.4540800933754324	11/38	CACNB2;ACE2;GHSR;ABAT;TACR3;KIT;ADRA1A;NPPA;RGS2;TACR1;OXT	GLOM	GO_BP	no_proc_ieg	10098
GOBP_RESPONSE_TO_ORGANOPHOSPHORUS	-1.2055880907594916	0.13226452905811623	0.452482044479965	25/96	HMGCS2;WNT10B;GPD1;FBP1;PCK1;SDC1;GATA1;EZR;ASS1;PKLR;PER1;FDX1;CPS1;DMTN;PFKFB1;HCN4;PENK;AKAP6;P2RX2;OXT;SLC26A3;RYR3;BCKDHB;BRAF;SLC6A4	GLOM	GO_BP	no_proc_ieg	10098
GOBP_OOGENESIS	-1.206031996775004	0.12989690721649486	0.452318287636791	13/68	YTHDC1;TUT4;BMPR1B;ANG;BCL2;LGR5;FUT6;DMRT1;GDF9;IGF1;DMC1;KAT8;CTNNB1	GLOM	GO_BP	no_proc_ieg	10098
GOBP_CELLULAR_RESPONSE_TO_NITROGEN_COMPOUND	-1.2061957826050775	0.034334763948497854	0.45270734293550424	109/463	PDK2;LPIN1;SNX5;ECHDC3;CA2;HMGCS2;WNT10B;AFG3L2;PRKCI;SLC39A14;AIFM1;GPD1;FBP1;SLC34A1;SMARCC1;PCK1;PDE3B;PCK2;PRKN;KANK1;PRKCZ;CYP11B2;DPEP1;SHMT1;NCOA2;ADCY8;GOT1;SCNN1A;NHERF1;RRAGD;CDH1;GATA1;GHR;SOS2;IRS2;EZR;ASS1;PKLR;ACE;SLC1A1;SIRT1;HRH3;NCOA1;FOLR1;CHRM5;CACNA2D1;FDX1;FYN;AGT;INSIG2;DRD1;GHSR;PDK4;MAS1;CHRNA3;TMEM38B;CHRM2;CPS1;DMTN;MDM2;BAIAP2;HRH4;C2CD5;IGF1;HCN4;NDEL1;GDF15;SLC8A1;DRD3;GPR21;INSR;GPR173;DNAI1;CTNNB1;RGS10;PENK;NFE2L2;AKAP6;NR1H4;PLA2G1B;RIPK2;GPLD1;SLC26A3;PIK3R1;FAT1;GABRB2;GPT;CSHL1;NSG2;RYR3;AHSG;INSRR;PRKCA;ACTN2;KBTBD2;SOS1;HTR3A;SLC6A4;GJA1;SOCS2;CRH;CHRNB2;LEPROT;FOXO1;GLP1R;JAK2;DRD5;SCNN1B;TRPM2	GLOM	GO_BP	no_proc_ieg	10098
GOBP_COPULATION	-1.2063140086932103	0.22520661157024793	0.45321318210465916	6/18	ACVR2A;EDDM3A;ABAT;TACR1;OXT;SLC6A4	GLOM	GO_BP	no_proc_ieg	10098
GOBP_CARBOHYDRATE_HOMEOSTASIS	-1.206985212727662	0.10557768924302789	0.4524173867389569	40/173	PDK2;SLC39A14;SLC12A6;RBP4;G6PC1;PCK1;HNF1A;PCK2;PRKCE;ADCY8;IRS2;LEPR;ACE;SIRT1;RAB11FIP2;CCDC186;KLF15;FOXA2;NOX4;PDK4;PPARGC1A;CRY2;MLXIPL;PAX2;ADIPOR2;MTNR1B;PTCH1;GPR21;INSR;DBH;FGFR4;G6PC2;NR1H4;HNF4A;KAT5;GPLD1;PIK3R1;NPTX1;SMAD4;CASR	GLOM	GO_BP	no_proc_ieg	10098
GOBP_CARDIAC_CHAMBER_MORPHOGENESIS	-1.208343487397501	0.11960784313725491	0.44994616220141653	29/92	RBP4;BMP5;TNNT2;CHD7;SEMA3C;MYL3;ADGRG6;BMPR1A;FGFR2;BMP10;NRG1;OVOL2;NKX2-5;ZFPM2;MDM2;LRP2;HAND2;MYBPC3;HAND1;TNNI3;DHRS3;FZD2;SMAD4;TGFBR3;TNNI1;PROX1;SOS1;NPY2R;TBX5	GLOM	GO_BP	no_proc_ieg	10098
GOBP_PANCREAS_DEVELOPMENT	-1.2087026491882766	0.15384615384615385	0.44989388551102094	25/52	BMP5;HNF1A;EIF2AK3;FOXA2;ONECUT2;RFX3;INSR;CTNNB1;IL6R;MET;PROX1;GIPR;DNAAF1;GATA6;MNX1;NKX3-2;SMAD2;SMO;ZIC3;IL6;RHEB;SELENOT;NEUROD1;WLS;SOX9	GLOM	GO_BP	no_proc_ieg	10098
GOBP_CARBOHYDRATE_CATABOLIC_PROCESS	-1.2088109738586557	0.11180124223602485	0.4504660692952622	36/130	TREH;OGDHL;GPD1;FBP1;G6PC1;PGM1;SLC4A4;FUT6;NUPR1;GBA3;PFKFB2;MGAM;LCT;ALDOB;PKLR;RBKS;PRKAG2;DHTKD1;PRKAG1;PFKFB1;PGAM2;GALK1;MPI;MLXIPL;NEU3;IGF1;NCOR1;INSR;XYLB;PHKA1;PGD;GABARAPL1;TKFC;ENOSF1;PGK2;ALDOC	GLOM	GO_BP	no_proc_ieg	10098
GOBP_POSITIVE_REGULATION_OF_LIPID_METABOLIC_PROCESS	-1.2094570255367698	0.1393939393939394	0.44966586085323423	23/87	PCK1;APOE;PRKCE;SIRT3;AADAC;FABP1;IRS2;APOA1;DAB2;CGA;GHSR;RGN;PPARGC1A;MLXIPL;APOA2;MLYCD;FGF1;GDF15;NR1H4;KAT5;GPLD1;AVP;ABHD6	GLOM	GO_BP	no_proc_ieg	10098
GOBP_ORGANOPHOSPHATE_BIOSYNTHETIC_PROCESS	-1.2117433692801836	0.04008438818565401	0.44475595492819353	79/377	PDK2;LPIN1;CISH;DCXR;HMGCS2;ACAT1;AKR1A1;SLC27A2;ADCY1;SDHC;NDUFS1;PAPSS1;PCK1;DGKB;PIP5K1A;PRKG1;ACOT7;DLD;PIK3C2G;CRYL1;IMPA2;SHMT1;ADCY8;ATP6V1A;MTHFD1;SLC19A3;ETNK2;APOA1;QPRT;IDI1;PTH1R;SDHB;NFS1;PRPS1L1;ATP5F1B;SLC25A10;ALOX15;KMO;ACSBG2;SLC44A4;SH3YL1;PRPSAP2;IP6K2;PRKAG2;GUCA1B;NDUFA10;SLC19A2;LDHC;PDK4;SDHD;ACSL1;MAS1;TMEM38B;PDHA1;SLC22A13;CPS1;UVRAG;ADK;PISD;APOA2;MLYCD;GCDH;CKMT2;PDK1;NME5;PIGB;ATP5MC3;MMUT;XYLB;CHPT1;NR1H4;NPPA;HAAO;PIK3CB;PNP;NDUFS3;CHKA;SPTLC1;PIK3R1	GLOM	GO_BP	no_proc_ieg	10098
GOBP_TRABECULA_FORMATION	-1.2123509448801297	0.20528455284552846	0.44409484576628644	7/21	WNT10B;RBP4;ADGRG6;VEGFA;BMP10;OVOL2;NKX2-5	GLOM	GO_BP	no_proc_ieg	10098
GOBP_ACTIVATION_OF_ADENYLATE_CYCLASE_ACTIVITY	-1.2141721574685467	0.18762475049900199	0.4405191313558653	6/18	LGR4;LGR5;DRD1;GLP1R;DRD5;GIPR	GLOM	GO_BP	no_proc_ieg	10098
GOBP_POSITIVE_REGULATION_OF_LYASE_ACTIVITY	-1.2148466261598836	0.18548387096774194	0.43964737903703616	9/26	LGR4;LGR5;DRD1;CACNA1D;GLP1R;DRD5;GIPR;NOS1;NOS2	GLOM	GO_BP	no_proc_ieg	10098
GOBP_REGULATION_OF_ALCOHOL_BIOSYNTHETIC_PROCESS	-1.2148712729579492	0.18495934959349594	0.44041258018791835	9/39	BMP5;CYP27B1;APOE;PRKG1;MBTPS2;PTH1R;DAB2;MAS1;FGF1	GLOM	GO_BP	no_proc_ieg	10098
GOBP_CELL_GROWTH	-1.215415781577915	0.04883227176220807	0.4398644054719316	70/346	CISH;CDHR2;USP47;DDX3X;GOLGA4;FBP1;SGK2;CYP27B1;APOE;URI1;BCL2;EGFR;ESR2;PRKG1;PRKN;HDAC6;PRKCZ;ACVR1B;CYFIP2;IL17RB;HRG;BLTP1;BDKRB1;HPN;CDH1;IL9;TFRC;TSPYL2;MT3;CCN3;SPAG6;DNPH1;COBL;VEGFA;DAB2;NEDD4L;SLC44A4;BMP10;IP6K2;EPHA7;AGT;PHB1;CPNE6;DCBLD2;ULK1;SEMA4D;MAPKAP1;SUPV3L1;GDF9;IGF1;AUTS2;NDEL1;TP53TG5;ADRA1A;SPP1;PDLIM5;FHL1;PTPRS;CDKN1A;CHPT1;CTNNB1;AKAP6;SLC9A6;HNF4A;TNN;UNC13A;RGS2;NDUFS3;FLRT3;SPART	GLOM	GO_BP	no_proc_ieg	10098
GOBP_POSITIVE_REGULATION_OF_ORGANIC_ACID_TRANSPORT	-1.2179671070593026	0.1791044776119403	0.43445234457732235	14/37	CYP4A11;CYP4F2;ACE2;KMO;ABAT;ACSL1;SLC38A3;OXT;AVP;RAB3GAP1;AVPR1B;MAP2K6;TRH;ABCB11	GLOM	GO_BP	no_proc_ieg	10098
GOBP_ATP_BIOSYNTHETIC_PROCESS	-1.21827021346103	0.15019762845849802	0.43454748491242084	14/50	SDHC;NDUFS1;ATP6V1A;SDHB;ATP5F1B;PRKAG2;NDUFA10;LDHC;SDHD;ATP5MC3;NDUFS3;NDUFV1;SLC25A13;ADCY10	GLOM	GO_BP	no_proc_ieg	10098
GOBP_VENTRICULAR_SEPTUM_DEVELOPMENT	-1.218655483699671	0.16996047430830039	0.43443909928250607	16/48	STRA6;MATR3;BMPR1A;FGFR2;NKX2-5;ZFPM2;MDM2;LRP2;FRS2;PRDM1;SALL1;FZD2;SMAD4;TGFBR3;PROX1;TBX5	GLOM	GO_BP	no_proc_ieg	10098
GOBP_REGULATION_OF_CARDIAC_MUSCLE_CONTRACTION	-1.2192906002372979	0.14198782961460446	0.43372246413996357	24/56	BIN1;CTNNA3;ACE2;CALM2;BMP10;ANK2;PDE4D;NKX2-5;TMEM38B;DMD;HCN4;SLC8A1;ADRA1A;TNNI3;NPPA;PDE4B;RGS2;ATP1B1;ADCY10;NOS1;SCN5A;RYR2;DLG1;ADRA1B	GLOM	GO_BP	no_proc_ieg	10098
GOBP_ESTABLISHMENT_OF_PROTEIN_LOCALIZATION_TO_MITOCHONDRIAL_MEMBRANE	-1.2193676711880932	0.21357285429141717	0.43434323680208364	4/19	MTCH2;AP3B1;OXA1L;MAIP1	GLOM	GO_BP	no_proc_ieg	10098
GOBP_MALE_GENITALIA_DEVELOPMENT	-1.222114220267181	0.2055888223552894	0.42855093047886317	9/17	LGR4;BMP5;GREB1L;SRD5A2;CTNNB1;HSD17B3;SYCP2;HOXD13;WT1	GLOM	GO_BP	no_proc_ieg	10098
GOBP_POSITIVE_REGULATION_OF_CALCIUM_ION_TRANSMEMBRANE_TRANSPORTER_ACTIVITY	-1.2232868117491686	0.18875502008032127	0.42658007648404594	7/22	CACNB2;CALML3;CALM2;CACNA2D1;ANK2;AKAP6;ATP1B1	GLOM	GO_BP	no_proc_ieg	10098
GOBP_MESONEPHROS_DEVELOPMENT	-1.2256393002921062	0.14171656686626746	0.42167743704908095	19/76	LGR4;ARG2;BCL2;SDC1;CER1;FGFR2;VEGFA;AGT;GREB1L;ZBTB16;PAX2;FGF1;PTCH1;SALL1;CTNNB1;GLI3;CAT;RARB;SMAD4	GLOM	GO_BP	no_proc_ieg	10098
GOBP_POSITIVE_REGULATION_OF_ADENYLATE_CYCLASE_ACTIVITY	-1.2260457089944439	0.18613861386138614	0.4215302387833315	7/20	LGR4;LGR5;DRD1;CACNA1D;GLP1R;DRD5;GIPR	GLOM	GO_BP	no_proc_ieg	10098
GOBP_CELLULAR_RESPONSE_TO_ALCOHOL	-1.2267174717716847	0.11522633744855967	0.42075275178072824	21/78	AIFM1;FBP1;ADCY1;PCK1;PRKCE;ADCY8;SCNN1A;CDH1;LRP6;ACE;AKR1C3;FDX1;PTGFR;TNFSF4;MDM2;AKAP8;PTCH1;CTNNB1;PTGER4;GPLD1;KLF9	GLOM	GO_BP	no_proc_ieg	10098
GOBP_RESPONSE_TO_ESTRADIOL	-1.2277979543140873	0.1062992125984252	0.41906932935764085	29/91	SSTR2;AIFM1;SLC34A1;EGFR;ESR2;NQO1;MYOD1;ASS1;NCOA1;MBD2;GHSR;TXNIP;PTGFR;TACR3;OPRL1;PTCH1;MYOG;CTNNB1;PENK;TACR1;KAT5;OXT;CAT;ESR1;SLC6A4;SOCS2;CRYAB;ADCYAP1R1;BMP7	GLOM	GO_BP	no_proc_ieg	10098
GOBP_LIPID_HOMEOSTASIS	-1.2284170616410839	0.11244979919678715	0.4184196768180031	21/105	ACSM3;LPL;EPHX2;ACOX2;DDX3X;G6PC1;APOE;MTCH2;PNPLA4;GOT1;APOM;IRS2;APOA1;SIRT1;APOC3;TSKU;ABCG5;RORA;MLXIPL;APOA2;SOAT2	GLOM	GO_BP	no_proc_ieg	10098
GOBP_RESPONSE_TO_HYDROGEN_PEROXIDE	-1.228546288434632	0.1226215644820296	0.418910217783054	14/70	AIFM1;BCL2;SDC1;HDAC6;SIRPA;NQO1;FABP1;SIRT1;PRDX3;RIPK1;FYN;TXNIP;OSER1;MDM2	GLOM	GO_BP	no_proc_ieg	10098
GOBP_CARDIAC_VENTRICLE_MORPHOGENESIS	-1.2289714807555223	0.1383399209486166	0.41871438045337694	21/54	TNNT2;CHD7;SEMA3C;MYL3;BMPR1A;FGFR2;BMP10;NRG1;NKX2-5;ZFPM2;LRP2;HAND2;MYBPC3;HAND1;TNNI3;SMAD4;TGFBR3;TNNI1;PROX1;NPY2R;TBX5	GLOM	GO_BP	no_proc_ieg	10098
GOBP_LIPID_DIGESTION	-1.2304547032283002	0.19791666666666666	0.41600510457183026	10/16	PNLIPRP2;APOA1;ABCG5;CEL;APOA2;SOAT2;NPC1L1;APOA4;PNLIP;LEP	GLOM	GO_BP	no_proc_ieg	10098
GOBP_POSITIVE_REGULATION_OF_COLD_INDUCED_THERMOGENESIS	-1.2304943011279932	0.13278008298755187	0.4166994211864584	28/78	ALPL;LPIN1;GATM;G0S2;PRKAB1;LEPR;VEGFA;ZNF516;GPR3;ACSL1;ESRRG;PPARGC1A;ACADL;ADIPOR2;DBH;CEBPB;MFN2;IL13;OXT;LETMD1;DECR1;GJA1;JAK2;PEMT;CPT2;EBF2;ADRB3;LEP	GLOM	GO_BP	no_proc_ieg	10098
GOBP_MUSCLE_CONTRACTION	-1.2305870621282544	0.05510204081632653	0.4172782171093644	83/261	PPP1R12B;CACNB2;BIN1;SETD3;SSTR2;ARG2;GPD1L;TNNT2;PRKG1;TCAP;CTNNA3;MYL3;ACE2;CALM2;KCNJ3;CACNA2D1;NEDD4L;GAMT;BMP10;DRD1;ANK2;GHSR;ABAT;PDE4D;NKX2-5;CHRNA3;TMEM38B;DTNA;DMD;CHRM2;ASPH;PGAM2;TACR3;HCN4;KIT;MYL5;SLC8A1;CKMT2;ADRA1A;SNTA1;MYBPC3;SCN7A;SCN1A;KCNIP2;TNNI3;ADRA2C;P2RX2;NPPA;PDE4B;RGS2;CALCA;TACR1;OXT;KCNA5;RYR3;ATP1B1;TNNI1;ADCY10;SCN2A;EDN3;SLC6A8;CACNA1D;GJA1;FXYD1;SGCA;CHRNB2;CRYAB;KCNB2;TRPV4;MYL11;SCNN1B;CACNA1H;HTR7;TPM2;NOS1;CLCN1;SCN5A;ATP1A1;DOCK5;SMPX;ANKRD2;RYR2;CACNG1	GLOM	GO_BP	no_proc_ieg	10098
GOBP_RESPONSE_TO_REACTIVE_OXYGEN_SPECIES	-1.230795729295175	0.0759493670886076	0.41761565325406463	40/144	PDK2;AIFM1;TXNRD2;APOE;BCL2;EGFR;UCP3;MAPK8;SDC1;HDAC6;SIRPA;NQO1;FABP1;MT3;SIRT1;PRDX3;RIPK1;FYN;PEX13;TXNIP;OSER1;MDM2;APOD;NFE2L2;TACR1;FANCC;CAT;KCNA5;MET;PEX5;RLIG1;CRYAB;ADCYAP1R1;TRPM2;BMP7;APOA4;PPP2CB;MAPT;CCS;PAWR	GLOM	GO_BP	no_proc_ieg	10098
GOBP_LENS_MORPHOGENESIS_IN_CAMERA_TYPE_EYE	-1.2314472611041538	0.18895966029723993	0.4169002265119671	7/16	CTNNB1;PROX1;PITX3;BCAR3;HIPK1;ABI2;CRYGB	GLOM	GO_BP	no_proc_ieg	10098
GOBP_PHOSPHATIDYLCHOLINE_BIOSYNTHETIC_PROCESS	-1.2321634390625285	0.2053742802303263	0.4160903477138131	7/16	APOA1;SLC44A4;APOA2;CHPT1;CHKA;PEMT;CDS1	GLOM	GO_BP	no_proc_ieg	10098
GOBP_REGULATION_OF_KERATINOCYTE_PROLIFERATION	-1.233365234530287	0.15463917525773196	0.4140983162954905	9/31	FGFR2;IFT57;OVOL1;VDR;OVOL2;CRNN;EPB41L4B;PTCH1;KLF9	GLOM	GO_BP	no_proc_ieg	10098
GOBP_DETECTION_OF_MECHANICAL_STIMULUS	-1.2340761872798085	0.1653061224489796	0.41328840808105144	9/36	TCAP;HPN;PKD2L1;FYN;PKDREJ;KIT;SCN1A;ASIC3;CTNNB1	GLOM	GO_BP	no_proc_ieg	10098
GOBP_DIGESTIVE_TRACT_MORPHOGENESIS	-1.2342425796987702	0.17130620985010706	0.413665787949746	10/33	STRA6;BCL2;EGFR;FGFR2;OVOL2;AHI1;SOX10;CTNNB1;GLI3;EPB41L5	GLOM	GO_BP	no_proc_ieg	10098
GOBP_GOLGI_TO_PLASMA_MEMBRANE_TRANSPORT	-1.235683931175835	0.15555555555555556	0.4111611831130959	8/41	GOLGA4;RAB11FIP3;GGA2;LLGL2;GCC2;PREPL;ARL3;BBS1	GLOM	GO_BP	no_proc_ieg	10098
GOBP_POSITIVE_REGULATION_OF_TRANSMEMBRANE_TRANSPORT	-1.2380205433035263	0.07847082494969819	0.4066956455660555	41/148	CHP2;CA2;CACNB2;PRKCI;SLC34A1;GJC2;CALML3;BDKRB1;NHERF1;ACE2;IRS2;CALM2;CACNA2D1;KLF15;CAPN3;ABCB1;DRD1;ANK2;ACSL1;DMD;C2CD5;IGF1;RGS7;ANK3;INSR;KCNIP2;NFE2L2;AKAP6;P2RX2;NPPA;PLA2G1B;IL13;PIK3R1;ATP1B1;TERT;ACTN2;EDN3;BRAF;FXYD1;PLP1;ADCYAP1R1	GLOM	GO_BP	no_proc_ieg	10098
GOBP_POSITIVE_REGULATION_OF_HORMONE_SECRETION	-1.2385254697084527	0.08609271523178808	0.40632024038254283	28/107	RBP4;EGFR;PCK2;PRKCE;ADCY8;SIRT3;PFKFB2;IRS2;DAB2;NR0B2;SNX4;ABAT;SPP1;NR1H4;FGA;TACR1;GPLD1;AIMP1;SMAD4;CASR;INHA;MYRIP;EDN3;CRH;SYBU;JAK2;GIPR;PFKM	GLOM	GO_BP	no_proc_ieg	10098
GOBP_REGULATION_OF_STRIATED_MUSCLE_CONTRACTION	-1.2386952115781007	0.13617886178861788	0.40671622047466305	29/71	BIN1;CTNNA3;MYL3;ACE2;CALM2;BMP10;ANK2;PDE4D;NKX2-5;TMEM38B;DMD;HCN4;SLC8A1;ADRA1A;MYBPC3;TNNI3;NPPA;PDE4B;RGS2;ATP1B1;TNNI1;ADCY10;TRPV4;NOS1;SCN5A;ATP1A1;RYR2;DLG1;ADRA1B	GLOM	GO_BP	no_proc_ieg	10098
GOBP_GLYCEROLIPID_CATABOLIC_PROCESS	-1.2399642502932058	0.14682539682539683	0.4046682084327014	13/38	PRDX6;LPL;PNPLA4;GDPD3;AADAC;PNLIPRP2;APOC3;FAAH;CPS1;APOA2;ENPP2;GPLD1;ABHD6	GLOM	GO_BP	no_proc_ieg	10098
GOBP_REGULATION_OF_MULTICELLULAR_ORGANISM_GROWTH	-1.2417590360499415	0.13786008230452676	0.401433653032643	18/46	AFG3L2;BCL2;CHD7;GHR;VIL1;EZR;GAMT;GHSR;SPTBN4;GDF15;PTCH1;GPR21;PLS1;GDF5;PEX5;SOCS2;FTO;CACNA2D2	GLOM	GO_BP	no_proc_ieg	10098
GOBP_G_PROTEIN_COUPLED_SEROTONIN_RECEPTOR_SIGNALING_PATHWAY	-1.241824859703923	0.18448637316561844	0.4020890050469723	8/18	HRH3;CHRM5;GNAZ;CHRM2;HRH4;HTR1F;HTR4;HTR7	GLOM	GO_BP	no_proc_ieg	10098
GOBP_ANGIOTENSIN_ACTIVATED_SIGNALING_PATHWAY	-1.2419885760723386	0.17586912065439672	0.40250059180849634	6/15	CA2;ACE;AGT;MAS1;PRKCA;ACTN2	GLOM	GO_BP	no_proc_ieg	10098
GOBP_NEGATIVE_REGULATION_OF_CELL_GROWTH	-1.2421162916277255	0.08782435129740519	0.4030233118331377	38/134	CDHR2;DDX3X;FBP1;CYP27B1;BCL2;ESR2;HDAC6;ACVR1B;HRG;BDKRB1;CDH1;TSPYL2;MT3;CCN3;DAB2;BMP10;IP6K2;EPHA7;PHB1;DCBLD2;ULK1;GDF9;TP53TG5;SPP1;FHL1;PTPRS;CDKN1A;HNF4A;RGS2;NDUFS3;SPART;SMAD4;OSGIN2;CDKL3;GJA1;CRYAB;FSTL4;PRDM11	GLOM	GO_BP	no_proc_ieg	10098
GOBP_REGULATION_OF_STEROID_BIOSYNTHETIC_PROCESS	-1.2431438212628145	0.11608961303462322	0.4014598192679409	16/54	BMP5;CYP27B1;APOE;PRKG1;MBTPS2;AKR1C3;SIRT1;DAB2;INSIG2;CGA;FGF1;FGFR4;NR1H4;ERLIN1;PROX1;ERLIN2	GLOM	GO_BP	no_proc_ieg	10098
GOBP_CALCIUM_ION_IMPORT	-1.2440642214521733	0.11153119092627599	0.40023218062538285	22/61	CACNB2;MICU1;EGF;ACE;CACNA2D1;TRPV6;FYN;CACNA1I;SLC8A1;ATP2C2;CTNNB1;TRPV5;CASR;SLC8A2;NALF2;CACNA1D;CRH;TRPV4;TRPM2;CACNA1H;CACNA1E;CACNA1F	GLOM	GO_BP	no_proc_ieg	10098
GOBP_NEGATIVE_REGULATION_OF_HORMONE_SECRETION	-1.24411333591641	0.12915851272015655	0.4009126334148881	17/54	RAB11FIP3;PRKN;F2RL1;CCN3;GHSR;GNAZ;CRY2;MTNR1B;BMP8A;IL11;INHA;NPVF;FGF23;GJA1;CRH;FOXO1;ENY2	GLOM	GO_BP	no_proc_ieg	10098
GOBP_REGULATION_OF_ENDOPLASMIC_RETICULUM_STRESS_INDUCED_INTRINSIC_APOPTOTIC_SIGNALING_PATHWAY	-1.2459711394390838	0.16306483300589392	0.39765012696919033	6/22	OPA1;PRKN;EIF2AK3;SIRT1;HERPUD1;TMBIM6	GLOM	GO_BP	no_proc_ieg	10098
GOBP_CELLULAR_RESPONSE_TO_STEROID_HORMONE_STIMULUS	-1.2466023898324885	0.07628865979381444	0.3969430090974959	27/152	NR3C2;HMGCS2;SSTR2;AIFM1;PCK1;URI1;EGFR;ESR2;PCK2;HDAC6;SCNN1A;MYOD1;SAFB2;ASS1;ACE;AKR1C3;SIRT1;DAB2;PER1;PHB1;ADTRP;ESRRG;CRY2;NCOR1;RXRG;FECH;SOX10	GLOM	GO_BP	no_proc_ieg	10098
GOBP_POSITIVE_REGULATION_OF_NUCLEOTIDE_CATABOLIC_PROCESS	-1.2466472670206452	0.19189765458422176	0.397640320964738	5/18	GPD1;SLC4A4;MLXIPL;IGF1;INSR	GLOM	GO_BP	no_proc_ieg	10098
GOBP_EYE_MORPHOGENESIS	-1.247150510345927	0.08333333333333333	0.39730049761539693	29/112	STRA6;PRKCI;RBP4;BCL2;RHO;USH1C;TENM3;SLC1A1;VEGFA;TSPAN12;TSKU;RS1;AHI1;PAX2;FRS2;CRB1;PRDM1;FZD5;PHACTR4;CTNNB1;MFN2;GLI3;FAT1;RARB;TFAP2A;DZANK1;PROX1;VSX1;PITX3	GLOM	GO_BP	no_proc_ieg	10098
GOBP_RENAL_TUBULE_DEVELOPMENT	-1.2478921502416747	0.12403100775193798	0.3964683319812982	18/71	ACAT1;LGR4;BCL2;SLC22A6;UMOD;LGR5;VEGFA;AGT;GREB1L;SLC22A1;AHI1;PAX2;FGF1;PTCH1;SALL1;CTNNB1;GLI3;SMAD4	GLOM	GO_BP	no_proc_ieg	10098
GOBP_INTRINSIC_APOPTOTIC_SIGNALING_PATHWAY_IN_RESPONSE_TO_OXIDATIVE_STRESS	-1.248634215056666	0.14285714285714285	0.39566644790379973	18/47	PRODH;BCL2;PRKN;SIRT1;FYN;NOX1;PYCR1;PDK1;NME5;CTNNB1;NFE2L2;NOL3;FBXO7;ADCY10;FBXW7;MCL1;JAK2;STK24	GLOM	GO_BP	no_proc_ieg	10098
GOBP_GAMETE_GENERATION	-1.248804069849439	0.023706896551724137	0.396083087697169	106/440	YTHDC1;TUT4;BMPR1B;ANG;SSTR2;DDX3X;LGR4;CCNB1IP1;ACVR2A;SERPINA5;BCL2;PRKG1;AFF4;DLD;STAU1;VPS13B;AP3B1;LGR5;FUT6;DDX25;SCAPER;RNF114;CXADR;FOXJ3;TCP11;SPAG6;ADGB;ACE;DLEC1;SIRT1;AFP;GAMT;OVOL1;ACSBG2;GAL3ST1;BBOF1;SLC19A2;ING2;LZTFL1;PRKAG1;GHSR;SPAG16;RGN;MAS1;CYLC1;DMRT1;CDYL;PGAM2;ZBTB16;GDF9;TEX11;IGF1;FKBP6;KIT;IFT81;IFT25;OCA2;MKRN2;MSH4;DMC1;NME5;PTCH1;BCL2L10;PRDM1;CELF3;GJB3;SLCO4C1;KAT8;CTNNB1;RNF8;TESMIN;RGS2;KAT5;FANCC;SLC26A3;SLC22A14;CHD5;SMAD4;BMP15;TSPAN8;SPAG11B;SPATA6L;CATSPERB;PRDM9;CREM;RSPH6A;BRME1;PIWIL2;SEPTIN7;CFAP69;ADCY10;SOS1;SPATA6;NR6A1;MAK;ARID4B;NDN;PAEP;PACRG;GJA1;SPIN1;ADCYAP1R1;HSPA2;SYCP2;TOB2;GGNBP2	GLOM	GO_BP	no_proc_ieg	10098
GOBP_AEROBIC_RESPIRATION	-1.2494325349634172	0.10993657505285412	0.39547974851138684	24/98	OGDHL;SDHC;ACO2;NDUFS1;DLD;ACO1;COX8A;NNT;NUPR1;SIRT3;SDHB;ATP5F1B;OXA1L;NDUFA10;SDHD;PDHA1;MLXIPL;COX6A2;MFN2;COX7A2L;NDUFS3;CYC1;CAT;NDUFV1	GLOM	GO_BP	no_proc_ieg	10098
GOBP_POTASSIUM_ION_HOMEOSTASIS	-1.2512777787076406	0.15612648221343872	0.3922105115705961	6/24	SLC12A6;CYP11B2;UMOD;SLC12A3;ATP12A;KCNJ10	GLOM	GO_BP	no_proc_ieg	10098
GOBP_EXPLORATION_BEHAVIOR	-1.2514258644899425	0.14666666666666667	0.39266550154432034	8/26	APOE;GAD1;PRKCE;DPP4;BRINP1;ABAT;KMT2A;PENK	GLOM	GO_BP	no_proc_ieg	10098
GOBP_HORMONE_BIOSYNTHETIC_PROCESS	-1.2517124864121867	0.12761506276150628	0.3928416824890657	13/54	CYP17A1;HSD3B2;BMP5;CYP27B1;CYP11B2;DAB2;HSD17B8;TG;DIO1;FDX1;DHRS11;SRD5A2;HSD17B2	GLOM	GO_BP	no_proc_ieg	10098
GOBP_CELL_REDOX_HOMEOSTASIS	-1.2533161564970974	0.16255144032921812	0.3901042260561355	5/28	PRDX6;TXNRD2;NQO1;NNT;PRDX3	GLOM	GO_BP	no_proc_ieg	10098
GOBP_SENSORY_ORGAN_MORPHOGENESIS	-1.253577297064346	0.03821656050955414	0.39032257538435783	45/179	STRA6;PRKCI;RBP4;BCL2;RHO;CHD7;TCAP;USH1C;HPN;TENM3;NHERF1;FGFR2;SLC1A1;VEGFA;SLC44A4;FZD6;TSPAN12;TSKU;INSIG2;SPRY2;HOXC13;RS1;AHI1;PAX2;FRS2;CRB1;PRKRA;PRDM1;FZD5;PHACTR4;CTNNB1;MFN2;FZD2;GLI3;FAT1;PLS1;RARB;TFAP2A;SOBP;DZANK1;PROX1;VSX1;DLX6;PITX3;FOXG1	GLOM	GO_BP	no_proc_ieg	10098
GOBP_RESPONSE_TO_CARBOHYDRATE	-1.255112179372539	0.05776892430278884	0.38762635838291215	36/168	SLC2A5;HMGCS2;LPL;SLC39A14;SLC12A6;FBP1;THBS1;PCK1;PCK2;PRKCE;NQO1;ADCY8;PFKFB2;IRS2;PKLR;ACE;RAB11FIP2;CCDC186;FOXA2;NOX4;KHK;NR0B2;TXNIP;MLXIPL;APOA2;PAX2;P2RX2;NR1H4;HNF4A;KAT5;GPLD1;OXT;NPTX1;CAT;SMAD4;CASR	GLOM	GO_BP	no_proc_ieg	10098
GOBP_OVARIAN_FOLLICLE_DEVELOPMENT	-1.255342346238002	0.13763440860215054	0.3878261156776657	13/46	BMPR1B;ANG;BCL2;SCAPER;VEGFA;CGA;KIT;MSH4;DMC1;CEBPB;SMAD4;INHA;ESR1	GLOM	GO_BP	no_proc_ieg	10098
GOBP_REGULATION_OF_BLOOD_PRESSURE	-1.2554122762820843	0.06540084388185655	0.3884655316831379	57/149	ACSM3;SNX5;KLK1;SLC2A5;DDAH1;SLC4A5;NPY;HSD11B2;ADH5;CYP4A11;CYP11B2;UMOD;SERPINF2;BDKRB1;SCNN1A;F2RL1;CYP4F2;TAC3;ACE2;ACE;AGT;ENPEP;ABAT;RENBP;NOX1;TACR3;OPRL1;ADRA1A;DRD3;KL;NAV2;TNNI3;P2RX2;NPPA;CALCA;TACR1;OXT;PTPRO;ERAP2;AVP;EDN3;CRH;GLP1R;DRD5;SCNN1B;GNB3;NOS1;NOS2;ATP1A1;ADRB3;AVPR1B;LEP;CARTPT;CTSG;AGTR2;ADM2;MC3R	GLOM	GO_BP	no_proc_ieg	10098
GOBP_SOMITE_DEVELOPMENT	-1.2554934385552727	0.11293634496919917	0.389071380940432	18/55	SEMA3C;TCAP;MTHFD1;BMPR1A;COBL;CDX2;PPP2R3A;FOXB1;ABI1;PTCH1;MYF6;RBBP6;SMAD4;EPB41L5;TMED2;PRKDC;PCDH8;NKX3-1	GLOM	GO_BP	no_proc_ieg	10098
GOBP_CELLULAR_RESPONSE_TO_ANGIOTENSIN	-1.2563681717198305	0.1744421906693712	0.38802412768075506	8/24	CA2;ACE;AGT;MAS1;NFE2L2;FAT1;PRKCA;ACTN2	GLOM	GO_BP	no_proc_ieg	10098
GOBP_CALCIUM_INDEPENDENT_CELL_CELL_ADHESION_VIA_PLASMA_MEMBRANE_CELL_ADHESION_MOLECULES	-1.25781088264287	0.17338709677419356	0.38562608716691854	5/16	CLDN10;CLDN14;CLDN8;CLDN9;CLDN7	GLOM	GO_BP	no_proc_ieg	10098
GOBP_NEGATIVE_REGULATION_OF_SIGNAL_TRANSDUCTION_IN_ABSENCE_OF_LIGAND	-1.2600307097640062	0.14736842105263157	0.3815648046216839	9/23	BCL2;GATA1;EYA2;RIPK1;CSF2;EYA3;TERT;MCL1;EYA4	GLOM	GO_BP	no_proc_ieg	10098
GOBP_NEGATIVE_CHEMOTAXIS	-1.260613491577922	0.1592741935483871	0.3811140516194347	8/35	SEMA3C;DPP4;APOA1;SEMA6D;EPHA7;NRG1;SEMA4D;UNC5C	GLOM	GO_BP	no_proc_ieg	10098
GOBP_KERATINOCYTE_PROLIFERATION	-1.2619507159185734	0.1329243353783231	0.37902134766891177	11/40	FGFR2;IFT57;OVOL1;VDR;OVOL2;CRNN;EPB41L4B;PTCH1;CDKN1A;KLF9;FERMT1	GLOM	GO_BP	no_proc_ieg	10098
GOBP_REGULATION_OF_RUFFLE_ASSEMBLY	-1.2624522967572287	0.14489795918367346	0.37879245854790744	10/23	RDX;EPS8L2;KANK1;COBL;SH3YL1;ARHGAP24;NDEL1;STAP1;EVL;EPS8L1	GLOM	GO_BP	no_proc_ieg	10098
GOBP_SODIUM_ION_HOMEOSTASIS	-1.2626022141149835	0.1431451612903226	0.3792492890088768	10/37	CYP4A11;CYP11B2;UMOD;SCNN1A;SLC12A3;ATP12A;CYP4F2;AGT;SLC8A1;SCN7A	GLOM	GO_BP	no_proc_ieg	10098
GOBP_MONOSACCHARIDE_TRANSMEMBRANE_TRANSPORT	-1.2633868464124092	0.09163346613545817	0.37831341464010965	30/73	SLC2A5;PRKCI;SLC5A2;HNF1A;IRS2;ACE;KLF15;PRKAG2;DRD1;C2CD5;IGF1;INSR;NFE2L2;PLA2G1B;PIK3R1;TERT;BRAF;STXBP3;ACACB;LEP;SGCB;SLC5A1;SLC2A1;YES1;ADIPOQ;SLC2A4;ENPP1;OPN3;SLC23A2;FGF21	GLOM	GO_BP	no_proc_ieg	10098
GOBP_TRIGLYCERIDE_BIOSYNTHETIC_PROCESS	-1.2647589639164876	0.16837782340862423	0.3761936520355725	9/24	LPIN1;PCK1;PCK2;SIRT1;ACSL1;RGN;KAT5;GPLD1;FBXW7	GLOM	GO_BP	no_proc_ieg	10098
GOBP_NEGATIVE_REGULATION_OF_TRANSLATION	-1.264962412764258	0.10905349794238683	0.37650010163988684	13/66	RIDA;ANG;DAPK1;DDX3X;SHMT1;EIF2AK3;GIGYF2;LSM14A;TPR;BANK1;TOB1;CIRBP;RGS2	GLOM	GO_BP	no_proc_ieg	10098
GOBP_DIGESTIVE_SYSTEM_PROCESS	-1.26562362149698	0.10217391304347827	0.3758339742483578	19/76	MUC13;SLC2A5;RBP4;PBLD;ACO1;CCKBR;VIL1;FABP1;APOA1;EZR;CHRM5;VDR;GHSR;ABCG5;FABP2;CEL;SLC22A5;APOA2;SOAT2	GLOM	GO_BP	no_proc_ieg	10098
GOBP_INSULIN_SECRETION	-1.2664267906623272	0.06458333333333334	0.37487375193889794	46/142	RBP4;HNF1A;PCK2;PRKN;PRKCE;ADCY8;F2RL1;SIRT3;PFKFB2;IRS2;CCN3;RAB11FIP2;CCDC186;FOXA2;CAMK2G;NR0B2;GHSR;ABAT;GNAZ;CPLX3;MC4R;MTNR1B;RFX3;BMP8A;G6PC2;NR1H4;HNF4A;GPLD1;KCNA5;CASR;MYRIP;CRH;SYBU;FOXO1;JAK2;ENY2;GIPR;PFKM;STXBP3;NOS2;LEP;CARTPT;OSBP;PER2;EPHA5;RAB3A	GLOM	GO_BP	no_proc_ieg	10098
GOBP_REGULATION_OF_LIPID_METABOLIC_PROCESS	-1.2669797222374402	0.03829787234042553	0.37447097628518694	46/219	PDK2;EPHX2;CIDEA;BMP5;CYP27B1;PCK1;APOE;PDE3B;PRKG1;FMO4;MBTPS2;PRKCE;NCOA2;SIRT3;FMO1;AADAC;FABP1;IRS2;APOA1;AKR1C3;SIRT1;RORC;DAB2;CHRM5;APOC3;PRKAG2;INSIG2;CGA;GHSR;PDK4;RGN;SLC22A13;RORA;PPARGC1A;ACADL;MLXIPL;APOA2;MLYCD;KIT;FGF1;GDF15;ENDOU;NCOR1;FMO5;PDK1;APOD	GLOM	GO_BP	no_proc_ieg	10098
GOBP_ISOPRENOID_METABOLIC_PROCESS	-1.2677603431646551	0.10505050505050505	0.3736398255771693	32/92	ALDH3A2;HMGCS2;RBP4;ADH5;CYP3A4;EGFR;PNPLA4;CYP2C8;IDI1;ALDH8A1;AKR1C3;ADH6;PECR;PHYH;CEL;LRP2;AKR1C4;DHRS3;CYP2E1;CYP1A1;CYP3A5;CYP2C18;RLBP1;CRH;BCO1;RETSAT;PNLIP;DHDDS;RDH16;ADH7;PDSS2;ALDH1A1	GLOM	GO_BP	no_proc_ieg	10098
GOBP_REGULATION_OF_GLUCONEOGENESIS	-1.2696279530558632	0.14680851063829786	0.37045068459185926	8/30	PDK2;FBP1;GNMT;LEPR;SIRT1;PPARGC1A;ACADM;GPT	GLOM	GO_BP	no_proc_ieg	10098
GOBP_REGULATION_OF_SMOOTH_MUSCLE_CONTRACTION	-1.2696339995429597	0.12877263581488935	0.37121662190287047	15/42	SETD3;PRKG1;GHSR;ABAT;CHRNA3;CHRM2;TACR3;KIT;ADRA1A;TNNI3;ADRA2C;RGS2;CALCA;TACR1;OXT	GLOM	GO_BP	no_proc_ieg	10098
GOBP_CELLULAR_RESPONSE_TO_HYDROGEN_PEROXIDE	-1.2700008692161968	0.12043010752688173	0.3712282824893539	10/50	AIFM1;HDAC6;SIRPA;NQO1;FABP1;SIRT1;RIPK1;FYN;OSER1;MDM2	GLOM	GO_BP	no_proc_ieg	10098
GOBP_POLYOL_METABOLIC_PROCESS	-1.2701943823467576	0.09270216962524655	0.3716421174719402	14/73	QDPR;SLC34A1;CYP27B1;PCK1;CYP3A4;PCK2;PRKG1;IMPA2;GOT1;PTH1R;IP6K2;MAS1;GALK1;LRP2	GLOM	GO_BP	no_proc_ieg	10098
GOBP_WATER_TRANSPORT	-1.2703324280564916	0.181640625	0.3721499929972208	3/18	AQP2;NHERF4;AQP6	GLOM	GO_BP	no_proc_ieg	10098
GOBP_REGULATION_OF_NUCLEOTIDE_METABOLIC_PROCESS	-1.2706994467305381	0.09513742071881606	0.37213919439293525	16/68	PDK2;GPD1;FBP1;SLC4A4;NUPR1;ALDOB;PRKAG2;GUCA1B;PRKAG1;PDK4;PFKFB1;MLXIPL;IGF1;NCOR1;PDK1;INSR	GLOM	GO_BP	no_proc_ieg	10098
GOBP_REGULATION_OF_SYSTEMIC_ARTERIAL_BLOOD_PRESSURE_BY_HORMONE	-1.2713236867596747	0.13178294573643412	0.3714948026771278	9/33	HSD11B2;CYP11B2;SERPINF2;F2RL1;ACE2;ACE;AGT;ENPEP;NOX1	GLOM	GO_BP	no_proc_ieg	10098
GOBP_MITOCHONDRIAL_FUSION	-1.2718374633599423	0.15010141987829614	0.37116225112276263	12/24	AFG3L2;OPA1;MTCH2;PRKN;ZDHHC6;TFRC;CHCHD3;MFN2;PARL;GDAP1;MCL1;MFF	GLOM	GO_BP	no_proc_ieg	10098
GOBP_INNER_EAR_RECEPTOR_CELL_STEREOCILIUM_ORGANIZATION	-1.2727634138854345	0.1599229287090559	0.37004953838354626	6/17	USH1C;NHERF1;TSKU;PLS1;IFT88;TECTA	GLOM	GO_BP	no_proc_ieg	10098
GOBP_ENDOCRINE_PROCESS	-1.273451260238396	0.09	0.3694630783869554	29/75	RAB11FIP3;HSD11B2;CYP11B2;SERPINF2;F2RL1;ACE2;ACE;DAB2;TRPV6;AGT;ENPEP;CGA;GDF9;NOX1;CRY2;SPP1;TACR1;SMAD4;INHA;NPVF;EDN3;GJA1;CRH;DRD5;AVPR1B;LEP;NKX3-1;CTSG;AGTR2	GLOM	GO_BP	no_proc_ieg	10098
GOBP_PURINE_CONTAINING_COMPOUND_CATABOLIC_PROCESS	-1.274473926056781	0.08102766798418973	0.36806145978137245	24/108	PDE8A;ACAT1;OGDHL;GPD1;FBP1;PGM1;ACOT7;SLC4A4;NUPR1;PFKFB2;ALDOB;PKLR;DNPH1;PRKAG2;DHTKD1;PRKAG1;PDE4D;PFKFB1;PGAM2;GALK1;MLXIPL;IGF1;MLYCD;NCOR1	GLOM	GO_BP	no_proc_ieg	10098
GOBP_LIPID_IMPORT_INTO_CELL	-1.275022349945145	0.16265060240963855	0.3675828447230157	5/15	STRA6;SLC27A2;THBS1;IRS2;ACSL1	GLOM	GO_BP	no_proc_ieg	10098
GOBP_REGULATION_OF_TRANSPORTER_ACTIVITY	-1.276487960139408	0.06540084388185655	0.3652514357003772	33/140	CHP2;CACNB2;DAPK1;SGK2;GPD1L;BCL2;PTPN3;HECW1;PRKCE;CALML3;CACNG5;KCNS1;ACE2;CALM2;KCNG1;CACNA2D1;NEDD4L;RIPK1;ABCB1;ANK2;FGF14;DMD;APOA2;DRD3;ANK3;CACNG2;MAPK8IP2;CNIH3;FHL1;KCNIP2;WWP2;AKAP6;NPPA	GLOM	GO_BP	no_proc_ieg	10098
GOBP_NEGATIVE_REGULATION_OF_ORGANIC_ACID_TRANSPORT	-1.277202650826103	0.14489795918367346	0.3645150097408719	5/18	THBS1;PRKG1;CYP4F2;IRS2;ABAT	GLOM	GO_BP	no_proc_ieg	10098
GOBP_POSITIVE_REGULATION_OF_CANONICAL_WNT_SIGNALING_PATHWAY	-1.277338608819494	0.11491935483870967	0.3650645941167426	11/72	WNT10B;USP47;DDX3X;LGR4;EGFR;KANK1;TNKS2;EGF;LGR5;EDA;FGFR2	GLOM	GO_BP	no_proc_ieg	10098
GOBP_REGULATION_OF_PROTEIN_KINASE_C_SIGNALING	-1.2776197231474293	0.18110236220472442	0.3652154705050084	5/15	SEZ6L;GPD1L;VEGFA;ULK4;ADRA1A	GLOM	GO_BP	no_proc_ieg	10098
GOBP_RUFFLE_ASSEMBLY	-1.2777896445643726	0.14688128772635814	0.3656665705778646	11/33	RDX;AIF1;EPS8L2;PIP5K1A;KANK1;COBL;SH3YL1;ARHGAP24;NDEL1;STAP1;EVL	GLOM	GO_BP	no_proc_ieg	10098
GOBP_CELLULAR_RESPONSE_TO_GROWTH_HORMONE_STIMULUS	-1.2782378947322772	0.13184584178498987	0.36554632953470756	9/16	GHR;GDF15;PIK3R1;CSHL1;SOCS2;LEPROT;JAK2;GH2;PTPN1	GLOM	GO_BP	no_proc_ieg	10098
GOBP_PORPHYRIN_CONTAINING_COMPOUND_METABOLIC_PROCESS	-1.2784798372555235	0.12008281573498965	0.36583708718026325	11/39	BDH2;PGRMC1;ABCC2;AMBP;SLC11A2;ALAD;HPX;ABCB7;FECH;CYP1A1;EIF2AK1	GLOM	GO_BP	no_proc_ieg	10098
GOBP_HYDROGEN_PEROXIDE_METABOLIC_PROCESS	-1.279920918654545	0.1320754716981132	0.36350081642216153	14/37	EGFR;HDAC6;MAOB;NNT;MT3;GPX3;PRDX3;FYN;NOX1;HBE1;LPO;CAT;CYP1A1;HBQ1	GLOM	GO_BP	no_proc_ieg	10098
GOBP_REGULATION_OF_COAGULATION	-1.2801401543279822	0.09486166007905138	0.3638624260480021	14/63	APOH;KNG1;THBS1;APOE;PLG;PRKG1;SERPINF2;HRG;F2RL1;F11;FOXA2;ADTRP;PROC;DMTN	GLOM	GO_BP	no_proc_ieg	10098
GOBP_CALCIUM_ION_TRANSPORT_INTO_CYTOSOL	-1.2806782949109863	0.156312625250501	0.36349481181943516	13/22	BCL2;CACNA2D1;SLC8A1;ADRA1A;TMBIM6;P2RX2;PLA2G1B;ADCYAP1R1;NOS1;RYR2;EPO;TRPC3;GRIN1	GLOM	GO_BP	no_proc_ieg	10098
GOBP_STRIATED_MUSCLE_CONTRACTION	-1.281542639960333	0.043222003929273084	0.3624068212294999	40/142	CACNB2;BIN1;ARG2;GPD1L;TNNT2;TCAP;CTNNA3;MYL3;ACE2;CALM2;KCNJ3;CACNA2D1;NEDD4L;BMP10;ANK2;PDE4D;NKX2-5;TMEM38B;DTNA;DMD;PGAM2;HCN4;SLC8A1;ADRA1A;SNTA1;MYBPC3;SCN7A;SCN1A;TNNI3;NPPA;PDE4B;RGS2;KCNA5;RYR3;ATP1B1;TNNI1;ADCY10;SCN2A;CACNA1D;GJA1	GLOM	GO_BP	no_proc_ieg	10098
GOBP_INDOLE_CONTAINING_COMPOUND_METABOLIC_PROCESS	-1.2816301837547632	0.15536105032822758	0.36301768454656147	6/15	SLC34A1;ALDH2;DDC;KMO;GCDH;HAAO	GLOM	GO_BP	no_proc_ieg	10098
GOBP_NEGATIVE_REGULATION_OF_HYDROLASE_ACTIVITY	-1.2817262079040013	0.040983606557377046	0.3636411107793096	36/137	RDX;SERPINA4;BIN1;KNG1;USP47;SLC39A14;DDX3X;SERPINA6;THBS1;SERPINA5;URI1;DPEP1;SERPINA7;SPINK5;SERPINF2;HRG;FABP1;CR1;VEGFA;APOC3;NEIL1;APCS;PPP1R14D;CRY2;APOA2;PAX2;CSN2;TMBIM6;NOL3;RGS2;TERF1;SERPINA1;AHSG;AVP;CAAP1;SERPINI2	GLOM	GO_BP	no_proc_ieg	10098
GOBP_NEGATIVE_REGULATION_OF_PROTEASOMAL_PROTEIN_CATABOLIC_PROCESS	-1.2820709037091094	0.14049586776859505	0.36377049067862616	4/33	USP25;SMARCC1;ALAD;FHIT	GLOM	GO_BP	no_proc_ieg	10098
GOBP_CELL_COMMUNICATION_INVOLVED_IN_CARDIAC_CONDUCTION	-1.2823592863486026	0.10891089108910891	0.3639597304823356	18/43	CACNB2;CTNNA3;CXADR;CALM2;KCNJ3;CACNA2D1;ANK2;PDE4D;HCN4;SLC8A1;KCNA5;ATP1B1;CACNA1D;TBX5;GJA1;SCN5A;ATP1A1;RYR2	GLOM	GO_BP	no_proc_ieg	10098
GOBP_REGULATION_OF_GLUCOSE_IMPORT	-1.2850521623168851	0.1341222879684418	0.35899673861678755	21/39	PRKCI;IRS2;ACE;KLF15;PRKAG2;IGF1;INSR;NFE2L2;PLA2G1B;PIK3R1;TERT;STXBP3;LEP;ADIPOQ;ENPP1;OPN3;FGF21;APPL2;CLTCL1;CREBL2;SLC1A2	GLOM	GO_BP	no_proc_ieg	10098
GOBP_ORGANOPHOSPHATE_ESTER_TRANSPORT	-1.2858787201770618	0.09129511677282377	0.35799109880808405	20/89	SLC37A4;GJB1;G6PC1;APOE;SLC25A5;BLTP1;ATP8A1;OSBPL10;SLC17A3;CR1;APOA1;APOC3;SLC44A4;ATP11B;ABCB1;ABCC6;SLC66A2;ABCC4;SLC25A36;APOA2	GLOM	GO_BP	no_proc_ieg	10098
GOBP_REGULATION_OF_PEPTIDYL_SERINE_PHOSPHORYLATION	-1.286055289720131	0.07028112449799197	0.35841525627648413	27/82	GPD1L;BCL2;EGFR;IFNA5;HDAC6;TFRC;IP6K2;SPRY2;PDE4D;NGF;DMD;DMTN;SPTBN4;MAPKAP1;MLXIPL;IL11;RIPK2;AVP;BRAF;AXIN1;IFNA2;GGNBP2;NOS1;IFNW1;BCAR3;NTRK3;LATS1	GLOM	GO_BP	no_proc_ieg	10098
GOBP_ATP_SYNTHESIS_COUPLED_ELECTRON_TRANSPORT	-1.2860568451813499	0.12525252525252525	0.35922016890209596	12/43	SDHC;NDUFS1;DLD;COX8A;SDHB;NDUFA10;SDHD;COX6A2;COX7A2L;NDUFS3;CYC1;NDUFV1	GLOM	GO_BP	no_proc_ieg	10098
GOBP_SULFUR_COMPOUND_BIOSYNTHETIC_PROCESS	-1.2862730130473734	0.07142857142857142	0.359533130120489	28/116	PDK2;ACAT1;AKR1A1;SLC27A2;BHMT;PAPSS1;BHMT2;DLD;MTHFD1;CHST5;FMO1;SLC19A3;HAGH;GGTLC1;SLC1A1;ACSBG2;SLC19A2;PDK4;ACSL1;PDHA1;MLYCD;CTH;GCDH;PDK1;MMUT;CTNNB1;NFE2L2;MPST	GLOM	GO_BP	no_proc_ieg	10098
GOBP_REGULATION_OF_SODIUM_ION_TRANSMEMBRANE_TRANSPORTER_ACTIVITY	-1.2865111468073187	0.1392931392931393	0.35983349333662284	12/29	CHP2;GPD1L;PTPN3;HECW1;PRKCE;NEDD4L;FGF14;DMD;ANK3;FXYD3;ATP1B1;FXYD1	GLOM	GO_BP	no_proc_ieg	10098
GOBP_CENTRAL_NERVOUS_SYSTEM_NEURON_DIFFERENTIATION	-1.2865853108607452	0.044585987261146494	0.3604845297196907	32/118	BMPR1B;NPY;DYNC2H1;ZC4H2;BMPR1A;FGFR2;BRINP1;ARHGEF28;BRINP2;GIGYF2;TSKU;PALS1;DRD1;NDNF;RORA;SPTBN4;ID4;NDEL1;PTCH1;GLI3;RAC3;DLX2;CHD5;PROX1;PEX5;SLC25A46;FOXG1;SECISBP2;CHRNB2;ASCL1;EMX1;UBB	GLOM	GO_BP	no_proc_ieg	10098
GOBP_CELLULAR_RESPONSE_TO_CALCIUM_ION	-1.2874495253001434	0.11264822134387352	0.3594302812484201	11/50	CHP2;ADCY1;CPNE3;KCNQ3;DPEP1;ADCY8;AKR1C3;ALOX15;CAPN3;CPNE6;DMTN	GLOM	GO_BP	no_proc_ieg	10098
GOBP_REGULATION_OF_PRESYNAPTIC_MEMBRANE_POTENTIAL	-1.287865461417584	0.1377952755905512	0.3593714842524971	12/21	KCNA4;KCNJ3;SCN1A;GRIK5;GRIK3;GRIN2B;HTR3A;GRIA4;GABRA5;GABRB1;GRIA3;KCNMB4	GLOM	GO_BP	no_proc_ieg	10098
GOBP_ADRENERGIC_RECEPTOR_SIGNALING_PATHWAY	-1.2884994706438875	0.12629399585921325	0.3588798568331998	12/25	DRD1;PDE4D;ADRA1D;ADRA1A;DRD3;ADRA2C;PDE4B;RGS2;AKAP13;DRD5;ADRB3;ADRA1B	GLOM	GO_BP	no_proc_ieg	10098
GOBP_STRESS_GRANULE_ASSEMBLY	-1.288669583625848	0.12085769980506822	0.3593665329398946	5/26	DDX3X;CSDE1;USP10;YTHDF3;LSM14A	GLOM	GO_BP	no_proc_ieg	10098
GOBP_CELLULAR_RESPONSE_TO_STARVATION	-1.288755113543821	0.07615230460921844	0.36001384066380393	22/107	ALB;SLC34A1;PCK1;BCL2;MAPK8;WDR59;EIF2AK3;RRAGD;MYOD1;RRAGB;AKR1C3;SIRT1;DEPDC5;SLC39A4;PDK4;YWHAZ;SLC38A3;CDKN1A;NFE2L2;CLEC16A;KAT5;GABARAPL1	GLOM	GO_BP	no_proc_ieg	10098
GOBP_DOPAMINE_METABOLIC_PROCESS	-1.289098421550266	0.138	0.3601166382013868	11/33	PRKN;MAOB;ALDH2;MAOA;DDC;SLC1A1;DRD1;ABAT;TACR3;DRD3;DBH	GLOM	GO_BP	no_proc_ieg	10098
GOBP_CELL_CELL_SIGNALING_INVOLVED_IN_CARDIAC_CONDUCTION	-1.2892235460455483	0.10625	0.3606748378059666	12/25	CACNB2;CXADR;KCNJ3;CACNA2D1;ANK2;HCN4;KCNA5;CACNA1D;TBX5;GJA1;SCN5A;RYR2	GLOM	GO_BP	no_proc_ieg	10098
GOBP_VITAMIN_METABOLIC_PROCESS	-1.2898359260425345	0.07212475633528265	0.3600987406412156	15/80	ALPL;AKR1A1;MTHFD2;MCCC1;CYP27B1;CYP3A4;CUBN;NQO1;SHMT1;CYP4F2;SLC19A3;AKR1C3;FOLR1;SLC19A2;RGN	GLOM	GO_BP	no_proc_ieg	10098
GOBP_DEVELOPMENT_OF_PRIMARY_SEXUAL_CHARACTERISTICS	-1.2903399392620067	0.029350104821802937	0.359905272979683	37/175	BMPR1B;ANG;ARID5B;ACVR2A;BCL2;SDC1;CSDE1;BIK;SCAPER;NUPR1;GATA1;SAFB2;ACE;AKR1C3;VEGFA;SIRT1;PRPS1L1;NCOA1;AFP;ING2;CGA;MAS1;ZFPM2;DMRT1;GDF9;TEX11;AMHR2;LRP2;KIT;SRD5A2;RHOBTB3;MSH4;DMC1;INSR;SALL1;RNF38;CEBPB	GLOM	GO_BP	no_proc_ieg	10098
GOBP_FOREBRAIN_CELL_MIGRATION	-1.2922163896319319	0.09896907216494845	0.35682872956700173	13/47	EGFR;SRGAP2;SYNE2;DRD1;PEX13;EMX2;NDEL1;FOXB1;CTNNB1;DIXDC1;GLI3;PEX5;FOXG1	GLOM	GO_BP	no_proc_ieg	10098
GOBP_RESPONSE_TO_MINERALOCORTICOID	-1.2923265915067188	0.13473684210526315	0.3574338821992274	7/27	AIFM1;HSD3B2;HDAC6;MAOB;SCNN1A;SLC12A3;ACE	GLOM	GO_BP	no_proc_ieg	10098
GOBP_REGULATION_OF_POTASSIUM_ION_TRANSMEMBRANE_TRANSPORTER_ACTIVITY	-1.2943074822319638	0.11088295687885011	0.3541204298191736	16/31	KCNS1;KCNG1;NEDD4L;ANK2;ANK3;FHL1;KCNIP2;WWP2;AKAP6;NPPA;ATP1B1;ACTN2;CACNA1D;DLG1;YWHAE;AKAP9	GLOM	GO_BP	no_proc_ieg	10098
GOBP_MALE_GAMETE_GENERATION	-1.2946388456299232	0.014583333333333334	0.35422556354302237	84/335	YTHDC1;SSTR2;LGR4;CCNB1IP1;ACVR2A;SERPINA5;PRKG1;AFF4;DLD;VPS13B;AP3B1;DDX25;SCAPER;RNF114;FOXJ3;TCP11;SPAG6;ADGB;ACE;DLEC1;SIRT1;GAMT;OVOL1;ACSBG2;GAL3ST1;BBOF1;SLC19A2;ING2;LZTFL1;PRKAG1;GHSR;SPAG16;RGN;MAS1;CYLC1;DMRT1;CDYL;PGAM2;ZBTB16;TEX11;FKBP6;KIT;IFT81;IFT25;OCA2;MKRN2;MSH4;DMC1;NME5;PTCH1;BCL2L10;CELF3;GJB3;SLCO4C1;RNF8;TESMIN;RGS2;KAT5;SLC26A3;SLC22A14;CHD5;SMAD4;TSPAN8;SPAG11B;SPATA6L;CATSPERB;PRDM9;CREM;RSPH6A;BRME1;PIWIL2;SEPTIN7;CFAP69;ADCY10;SPATA6;MAK;ARID4B;PAEP;PACRG;GJA1;ADCYAP1R1;HSPA2;SYCP2;GGNBP2	GLOM	GO_BP	no_proc_ieg	10098
GOBP_AMIDE_BIOSYNTHETIC_PROCESS	-1.2954144403543846	0.06846473029045644	0.3533980593940192	35/103	PDK2;ACAT1;SLC27A2;ARG2;DLD;SIRT3;HAGH;ASS1;GGTLC1;SLC1A1;ACSBG2;GAL3ST1;ALOX12B;PDK4;ACSL1;PDHA1;CPS1;MLYCD;GCDH;PDK1;CERS6;MMUT;NFE2L2;SPTLC1;SPTLC3;ASL;FA2H;B3GALT1;ALOXE3;PEMT;AANAT;AGK;ELOVL4;UGT8;ACACB	GLOM	GO_BP	no_proc_ieg	10098
GOBP_CELLULAR_RESPIRATION	-1.2955123338390524	0.06918238993710692	0.3540299290715693	30/122	OGDHL;GPD1;SDHC;ACO2;NDUFS1;DLD;ETFA;ACO1;COX8A;NNT;NUPR1;SIRT3;SDHB;ATP5F1B;COQ10B;OXA1L;NDUFA10;SDHD;PDHA1;PPARGC1A;SLC25A12;MLXIPL;ETFB;COX6A2;MFN2;COX7A2L;NDUFS3;CYC1;CAT;NDUFV1	GLOM	GO_BP	no_proc_ieg	10098
GOBP_DIGESTION	-1.2966366845198516	0.06108597285067873	0.3524480142050786	34/92	MUC13;SLC2A5;RBP4;PBLD;ACO1;CCKBR;VIL1;FABP1;PNLIPRP2;APOA1;EZR;CHRM5;PRSS3;VDR;GHSR;ABCG5;PPARGC1A;FABP2;CEL;SLC22A5;APOA2;SOAT2;SST;PGC;OXT;PLS1;COPA;HTR4;NPC1L1;CRH;STATH;APOA4;CYP39A1;PNLIP	GLOM	GO_BP	no_proc_ieg	10098
GOBP_CALCIUM_ION_IMPORT_ACROSS_PLASMA_MEMBRANE	-1.296769061936524	0.11811023622047244	0.35300753430208864	14/32	CACNA2D1;TRPV6;FYN;CACNA1I;SLC8A1;TRPV5;SLC8A2;NALF2;CACNA1D;TRPV4;TRPM2;CACNA1H;CACNA1E;CACNA1F	GLOM	GO_BP	no_proc_ieg	10098
GOBP_NEGATIVE_REGULATION_OF_CARBOHYDRATE_METABOLIC_PROCESS	-1.2977531729993916	0.12903225806451613	0.35182387525422437	8/33	FBP1;PRKG1;PRKN;NUPR1;LEPR;FOXA2;PFKFB1;NCOR1	GLOM	GO_BP	no_proc_ieg	10098
GOBP_NEGATIVE_REGULATION_OF_PEPTIDASE_ACTIVITY	-1.2993747975271623	0.055201698513800426	0.3493189367989475	16/93	SERPINA4;BIN1;KNG1;USP47;DDX3X;SERPINA6;THBS1;SERPINA5;DPEP1;SERPINA7;SPINK5;SERPINF2;HRG;FABP1;CR1;VEGFA	GLOM	GO_BP	no_proc_ieg	10098
GOBP_ORGANIC_HYDROXY_COMPOUND_TRANSPORT	-1.3003597023232654	0.03253796095444685	0.3481502709999204	41/180	STRA6;AQP2;RBP4;ABCC2;SLC10A2;APOE;PRKN;EGF;MAOB;APOM;ABCD3;PON1;SLC19A3;APOA1;SIRT1;DAB2;CHRM5;APOC3;TSKU;AGT;SLC19A2;NR0B2;DRD1;GHSR;ABAT;SDHD;ABCG5;ABCC4;SLC16A7;SLC22A2;SLC22A1;APOA2;SOAT2;AKR1C4;PTCH1;DRD3;SLC6A2;SPP1;ASIC3;SLC18A3;ADRA2C	GLOM	GO_BP	no_proc_ieg	10098
GOBP_NUCLEUS_LOCALIZATION	-1.3012227496304094	0.13238289205702647	0.34726274962516035	4/22	BIN1;NHERF1;SIRT1;SYNE2	GLOM	GO_BP	no_proc_ieg	10098
GOBP_CELLULAR_RESPONSE_TO_PH	-1.3016247234067808	0.15369649805447472	0.34727551098049386	7/17	SCNN1A;PKD2L1;GPLD1;INSRR;GJA1;ASIC1;SCNN1B	GLOM	GO_BP	no_proc_ieg	10098
GOBP_RENAL_SYSTEM_PROCESS_INVOLVED_IN_REGULATION_OF_SYSTEMIC_ARTERIAL_BLOOD_PRESSURE	-1.302129799749473	0.1465863453815261	0.34698538959144815	7/23	HSD11B2;CYP4A11;CYP11B2;SERPINF2;F2RL1;CYP4F2;AGT	GLOM	GO_BP	no_proc_ieg	10098
GOBP_SKIN_EPIDERMIS_DEVELOPMENT	-1.303999720779651	0.059447983014861996	0.34400539877628794	25/88	WNT10B;LGR4;BCL2;EGFR;ACVR1B;AP3B1;SPINK5;LGR5;EDA;FGFR2;DKK4;FZD6;ALOX12B;EDAR;HOXC13;STMN1;CTNNB1;FERMT1;SMAD4;FOXN1;MET;SOS1;ERCC2;FA2H;ALOXE3	GLOM	GO_BP	no_proc_ieg	10098
GOBP_NEGATIVE_REGULATION_OF_HIPPO_SIGNALING	-1.3046638459124098	0.15500945179584122	0.3435122630887327	7/15	DLG5;WWC2;WWC1;SHANK2;CIT;STRN3;MAP2K3	GLOM	GO_BP	no_proc_ieg	10098
GOBP_NUCLEOSIDE_PHOSPHATE_CATABOLIC_PROCESS	-1.306272960882915	0.046	0.34112398889451495	30/129	PDE8A;ACAT1;OGDHL;GPD1;FBP1;DPYS;PGM1;ACOT7;SLC4A4;NUPR1;PFKFB2;UPB1;ALDOB;PKLR;FHIT;DNPH1;PRKAG2;DHTKD1;PRKAG1;PDE4D;NEIL1;PFKFB1;PGAM2;GALK1;MLXIPL;IGF1;MLYCD;NCOR1;ENTPD5;INSR	GLOM	GO_BP	no_proc_ieg	10098
GOBP_CAMERA_TYPE_EYE_MORPHOGENESIS	-1.306409151761753	0.05732484076433121	0.3416375182072512	25/90	STRA6;RBP4;RHO;USH1C;TENM3;SLC1A1;VEGFA;TSPAN12;TSKU;RS1;AHI1;PAX2;FRS2;CRB1;PRDM1;FZD5;PHACTR4;CTNNB1;MFN2;GLI3;FAT1;TFAP2A;PROX1;VSX1;PITX3	GLOM	GO_BP	no_proc_ieg	10098
GOBP_NEGATIVE_REGULATION_OF_WOUND_HEALING	-1.3084262136465565	0.07869481765834933	0.3384739918658665	12/58	APOH;KNG1;THBS1;APOE;PLG;PRKG1;SERPINF2;HRG;F11;ADTRP;APCS;PROC	GLOM	GO_BP	no_proc_ieg	10098
GOBP_MAMMARY_GLAND_ALVEOLUS_DEVELOPMENT	-1.3085594506825737	0.13051823416506717	0.33904589807430713	7/16	EGF;VEGFA;FOXB1;ERBB4;TGFA;ESR1;SOCS2	GLOM	GO_BP	no_proc_ieg	10098
GOBP_AMINO_ACID_TRANSPORT	-1.3097444470436113	0.04842105263157895	0.3374141389714519	48/105	SLC6A16;SLC6A13;SLC1A5;PRKG1;NHERF1;LLGL2;ACE2;SLC3A1;SLC47A1;SLC1A1;KCNJ10;SLC7A9;KMO;ABAT;SFXN1;SLC25A12;SLC22A2;SLC7A4;SLC38A3;SLC6A2;SLC22A4;RGS2;SLC6A12;AVP;SLC3A2;SLC25A13;GFAP;SLC6A8;SLC17A7;RAB3GAP1;SLC6A4;GJA1;SLC6A7;TSPO2;GRM1;LEP;SLC25A38;PER2;TTYH1;TRH;SLC6A14;APBA1;SLC16A2;LRRC8D;SLC6A20;SLC6A15;SLC7A10;CACNB4	GLOM	GO_BP	no_proc_ieg	10098
GOBP_PHOTOPERIODISM	-1.3102675883030037	0.14767932489451477	0.3371524796870219	9/17	PER1;USP2;CRY2;PDE6B;BHLHE40;AANAT;PPP1CC;PER3;PER2	GLOM	GO_BP	no_proc_ieg	10098
GOBP_CARDIAC_CHAMBER_DEVELOPMENT	-1.3133761158413888	0.03162055335968379	0.3317988287087218	36/118	STRA6;MATR3;RBP4;BMP5;TNNT2;CHD7;SEMA3C;MYL3;ADGRG6;BMPR1A;FGFR2;BMP10;NRG1;ANK2;OVOL2;NKX2-5;ZFPM2;GREB1L;MDM2;LRP2;HAND2;FRS2;PRDM1;MYBPC3;HAND1;SALL1;TNNI3;DHRS3;FZD2;SMAD4;TGFBR3;TNNI1;PROX1;SOS1;NPY2R;TBX5	GLOM	GO_BP	no_proc_ieg	10098
GOBP_VASODILATION	-1.3135673624146331	0.09533468559837728	0.3322926374102591	12/36	KNG1;APOE;EGFR;PRKG1;F2RL1;VEGFA;DRD1;CPS1;NPPA;RGS2;CALCA;CASR	GLOM	GO_BP	no_proc_ieg	10098
GOBP_CIRCADIAN_RHYTHM	-1.3137202601294196	0.026143790849673203	0.33276930040842573	55/147	LGR4;ADCY1;EGFR;MAPK8;PRKG1;NFIL3;NCOA2;MAGEL2;ASS1;SIRT1;RORC;NOCT;PER1;USP2;MAPK10;NR0B2;RORA;PPARGC1A;CRY2;ID4;NCOR1;MTNR1B;OPRL1;PDE6B;DRD3;KMT2A;BHLHE40;HNF4A;KAT5;KLF9;MTNR1A;CSF2;PIWIL2;PROX1;FBXW7;SLC6A4;KDM2A;CRH;CHRNB2;HTR7;DYRK1A;AANAT;NRIP1;NOS2;PRKDC;PPP1CC;LEP;THRAP3;PER3;SIAH2;CARTPT;NONO;PER2;MC3R;HOMER1	GLOM	GO_BP	no_proc_ieg	10098
GOBP_KIDNEY_EPITHELIUM_DEVELOPMENT	-1.3137697934770525	0.05823293172690763	0.33347955318227884	28/113	ACAT1;LGR4;ARG2;MAGI2;BCL2;SDC1;SLC22A6;CER1;UMOD;FGFR2;VEGFA;KLF15;EPHA7;AGT;ASXL1;GREB1L;SLC22A1;AHI1;PAX2;FGF1;PTCH1;SALL1;CTNNB1;GLI3;CAT;RARB;PTPRO;SMAD4	GLOM	GO_BP	no_proc_ieg	10098
GOBP_POSITIVE_REGULATION_OF_CELL_MORPHOGENESIS	-1.3161475256451052	0.11252653927813164	0.32950258347464617	16/29	HDAC6;PTPRD;MPL;BAIAP2;SS18L1;PARP6;CDKL3;STAU2;PRKDC;CUX2;IL1RAPL1;OBSL1;FZD4;EPHA4;CUL7;RELN	GLOM	GO_BP	no_proc_ieg	10098
GOBP_REGULATION_OF_TRANSMEMBRANE_TRANSPORT	-1.31683851475406	0.01735357917570499	0.32890165168401087	86/316	CHP2;CA2;CACNB2;BIN1;AFG3L2;PRKCI;DAPK1;SLC34A1;THBS1;GPD1L;BCL2;PTPN3;CHD7;HECW1;KCNJ16;PRKCE;GJC2;CALML3;CACNG5;BDKRB1;NHERF1;KCNS1;ACE2;IRS2;CALM2;KCNJ3;DPP6;KCNG1;LIME1;KCNJ15;ACE;KCNJ10;KCNJ1;CACNA2D1;NEDD4L;KLF15;RIPK1;CAPN3;PRKAG2;FYN;ABCB1;DRD1;ANK2;FGF14;ACSL1;PDE4D;TMEM38B;DMD;C2CD5;IGF1;SLC8A1;RGS7;SNTA1;DRD3;ANK3;INSR;TMBIM6;CACNG2;MAPK8IP2;CNIH3;FHL1;KCNIP2;WWP2;NFE2L2;AKAP6;P2RX2;NPPA;PLA2G1B;PDE4B;RGS2;IL13;PIK3R1;FXYD3;SLC31A2;KCNIP1;ATP1B1;TERT;ACTN2;EDN3;GRIN2B;BRAF;CACNA1D;FXYD1;CRH;PLP1;ADCYAP1R1	GLOM	GO_BP	no_proc_ieg	10098
GOBP_OOCYTE_DIFFERENTIATION	-1.3168931700659532	0.07157057654075547	0.32959658438306016	10/46	TUT4;ANG;BCL2;LGR5;FUT6;DMRT1;GDF9;IGF1;DMC1;CTNNB1	GLOM	GO_BP	no_proc_ieg	10098
GOBP_IRON_ION_TRANSMEMBRANE_TRANSPORT	-1.3169257035511255	0.12629399585921325	0.33036769832889645	4/15	SLC39A14;SLC11A2;ABCB7;SLC25A28	GLOM	GO_BP	no_proc_ieg	10098
GOBP_GLYCOSIDE_METABOLIC_PROCESS	-1.3170474657407165	0.12233009708737864	0.33095714236676754	8/16	AKR1A1;SLC34A1;ABHD10;GBA3;AKR1C3;AKR1C4;CBR4;AKR7A2	GLOM	GO_BP	no_proc_ieg	10098
GOBP_REGULATION_OF_MICROTUBULE_BASED_MOVEMENT	-1.3172083984502736	0.09832635983263599	0.3314698335880632	14/29	HDAC6;CFAP45;BBS1;RGN;TACR3;TACR1;CLXN;CFAP69;DNAAF1;APC;CFAP20;CFAP43;HAP1;CFAP298	GLOM	GO_BP	no_proc_ieg	10098
GOBP_POSITIVE_REGULATION_OF_AMINO_ACID_TRANSPORT	-1.317222974920677	0.14345114345114346	0.33228923104437863	6/17	ACE2;KMO;ABAT;SLC38A3;AVP;RAB3GAP1	GLOM	GO_BP	no_proc_ieg	10098
GOBP_STRIATED_MUSCLE_TISSUE_DEVELOPMENT	-1.3174019779073645	0.02553191489361702	0.3327767186905696	51/181	RBP4;BMP5;TNNT2;PRKG1;CHD7;SEMA3C;LOX;TCAP;NEBL;MYL3;CXADR;BMPR1A;FGFR2;EYA2;VEGFA;NOX4;BMP10;NEB;MBD2;NRG1;FHOD3;NKX2-5;ZFPM2;FZD7;IGF1;LRP2;HCN4;SLC8A1;FRS2;ERBB4;ADRA1A;MYBPC3;HAND1;PDLIM5;TNNI3;ACADM;AKAP6;NPPA;RGS2;RARB;SMAD4;TGFBR3;NDRG4;MYL7;ACTN2;CBY1;TNNI1;PROX1;AKAP13;TBX5;GJA1	GLOM	GO_BP	no_proc_ieg	10098
GOBP_GENERATION_OF_PRECURSOR_METABOLITES_AND_ENERGY	-1.3178384518133022	0.017543859649122806	0.3326598103200749	75/295	ACSS3;HMGCS2;ACAT1;OGDHL;GPD1;FBP1;SDHC;G6PC1;ALDH1L1;ACO2;NDUFS1;PGM1;DLD;ETFA;SLC4A4;HMGCL;ACO1;COX8A;GYG2;NNT;NUPR1;SIRT3;PFKFB2;TYRP1;MCHR1;IRS2;MT3;GNMT;ALDOB;LEPR;PKLR;SDHB;ATP5F1B;COQ10B;RBKS;OXA1L;KHK;FDX1;PRKAG2;NDUFA10;DHTKD1;PRKAG1;SDHD;PDHA1;PFKFB1;PGAM2;PPARGC1A;GALK1;SLC25A12;PHKA2;MLXIPL;IGF1;ETFB;MC4R;NCOR1;KL;INSR;FECH;COX6A2;XYLB;MFN2;ACADM;PHKA1;COX7A2L;NDUFS3;CYC1;PGD;CAT;GABARAPL1;NDUFV1;PGK2;ALDOC;AVP;SLC25A13;ADCY10	GLOM	GO_BP	no_proc_ieg	10098
GOBP_GLUTATHIONE_METABOLIC_PROCESS	-1.3184783941078337	0.10441767068273092	0.33218218668143346	8/35	GSTM4;DPEP1;GSTA4;NAT8;HAGH;GGTLC1;SLC1A1;GSTA3	GLOM	GO_BP	no_proc_ieg	10098
GOBP_CELLULAR_RESPONSE_TO_CHEMICAL_STRESS	-1.3192959382173388	0.032327586206896554	0.3313747313191132	44/217	PDK2;AIF1;PRKCI;DAPK1;DDX3X;SLC12A6;AIFM1;FBP1;MSRA;PCK1;MICU1;EGFR;MAPK8;PRKN;HDAC6;STAU1;SIRPA;NQO1;EIF2AK3;STX2;FABP1;MT3;SLC1A1;SIRT1;PRDX3;RIPK1;CAPN3;FYN;PEX13;OSER1;LETM1;PPARGC1A;MAPKAP1;MDM2;NOX1;PYCR1;GDF15;PRKRA;NLK;ALDH3B1;SCN7A;ERMP1;PENK;NFE2L2	GLOM	GO_BP	no_proc_ieg	10098
GOBP_REGULATION_OF_HEART_CONTRACTION	-1.319346896667812	0.02736842105263158	0.3321256508873127	61/159	CACNB2;BIN1;GPD1L;TNNT2;CTNNA3;MYL3;ACE2;CXADR;CALM2;KCNG2;KCNJ3;ACE;SLC1A1;CACNA2D1;ATP2B3;CYP2J2;BMP10;KCNH6;AGT;ANK2;PDE4D;NKX2-5;TMEM38B;DMD;CHRM2;SPTBN4;MDM2;TACR3;HCN4;SLC8A1;ADRA1A;SNTA1;S100A1;KCNIP2;TNNI3;NPPA;PDE4B;RGS2;OXT;KCNA5;SLC8A2;ATP1B1;ADCY10;EDN3;CACNA1D;TBX5;GJA1;FXYD1;ATP2B2;GLP1R;CACNA1H;NOS1;SCN5A;ATP1A1;RYR2;DLG1;YWHAE;ADRA1B;AGTR2;ADM2;MC3R	GLOM	GO_BP	no_proc_ieg	10098
GOBP_HEART_PROCESS	-1.3194672927220825	0.028112449799196786	0.3327293972600756	74/199	CACNB2;BIN1;GPD1L;TNNT2;TCAP;CTNNA3;MYL3;ACE2;CXADR;CALM2;KCNG2;KCNJ3;ACE;SLC1A1;CACNA2D1;NEDD4L;NOX4;ATP2B3;CYP2J2;BMP10;KCNH6;FYN;AGT;ANK2;PDE4D;NKX2-5;TMEM38B;DMD;CHRM2;SPTBN4;MDM2;TACR3;HCN4;SLC8A1;ADRA1A;SNTA1;MYBPC3;SCN7A;S100A1;SCN1A;KCNIP2;TNNI3;NPPA;PDE4B;RGS2;OXT;KCNA5;SLC8A2;ATP1B1;MYL7;TNNI1;ADCY10;AKAP13;SCN2A;EDN3;CACNA1D;TBX5;GJA1;FXYD1;ATP2B2;GLP1R;CACNA1H;NOS1;SCN5A;ATP1A1;RYR2;DLG1;YWHAE;ADRA1B;GATA6;MAP2K6;AGTR2;ADM2;MC3R	GLOM	GO_BP	no_proc_ieg	10098
GOBP_REGULATION_OF_SYSTEMIC_ARTERIAL_BLOOD_PRESSURE_MEDIATED_BY_A_CHEMICAL_SIGNAL	-1.319616106478429	0.09215686274509804	0.333266188359162	18/39	SLC2A5;HSD11B2;CYP11B2;SERPINF2;F2RL1;ACE2;ACE;AGT;ENPEP;NOX1;ADRA1A;TACR1;EDN3;DRD5;ADRB3;AVPR1B;CTSG;AGTR2	GLOM	GO_BP	no_proc_ieg	10098
GOBP_HEMOGLOBIN_METABOLIC_PROCESS	-1.320701316609726	0.12190082644628099	0.33192081674834994	8/16	HPX;AHSP;EPB42;FECH;CAT;INHA;EIF2AK1;EPO	GLOM	GO_BP	no_proc_ieg	10098
GOBP_NEGATIVE_REGULATION_OF_LIPID_CATABOLIC_PROCESS	-1.3226410308949708	0.16633266533066132	0.3288468110715911	8/18	CIDEA;PDE3B;APOC3;APOA2;ENDOU;GPLD1;CIDEC;ACACB	GLOM	GO_BP	no_proc_ieg	10098
GOBP_CARDIAC_CONDUCTION	-1.3239091773926115	0.06352459016393443	0.3272234616849659	28/75	CACNB2;BIN1;CTNNA3;ACE2;CXADR;CALM2;KCNJ3;ACE;CACNA2D1;ATP2B3;KCNH6;AGT;ANK2;PDE4D;NKX2-5;SPTBN4;HCN4;SLC8A1;KCNA5;SLC8A2;ATP1B1;CACNA1D;TBX5;GJA1;ATP2B2;SCN5A;ATP1A1;RYR2	GLOM	GO_BP	no_proc_ieg	10098
GOBP_NITRIC_OXIDE_MEDIATED_SIGNAL_TRANSDUCTION	-1.325548821464228	0.12869198312236288	0.3248268493669059	6/17	DDAH1;THBS1;APOE;VEGFA;AGT;NDNF	GLOM	GO_BP	no_proc_ieg	10098
GOBP_RESPONSE_TO_MUSCLE_STRETCH	-1.326126332619202	0.1324376199616123	0.32438867631470186	5/16	TCAP;DMD;SLC8A1;CTNNB1;NPPA	GLOM	GO_BP	no_proc_ieg	10098
GOBP_NEUROMUSCULAR_SYNAPTIC_TRANSMISSION	-1.326360552178549	0.13305613305613306	0.324760662098725	9/20	TSPOAP1;SLC5A7;CHRNA3;DTNA;ERC1;P2RX2;CHRNB2;KIF1B;RAB3A	GLOM	GO_BP	no_proc_ieg	10098
GOBP_REGULATION_OF_SYSTEM_PROCESS	-1.3283948222525175	0.006423982869379015	0.32133329989813975	143/408	LPIN1;PPP1R12B;CACNB2;BIN1;SETD3;APOE;GPD1L;EGFR;TNNT2;KCNMB2;PRKG1;PRKCZ;GLS;CTNNA3;EIF2AK3;F2RL1;NHERF1;MYL3;ACE2;CXADR;CALM2;APOA1;CCN3;KCNG2;KCNJ3;GTF2IRD1;ACE;SLC1A1;DAB2;CACNA2D1;ATP2B3;CYP2J2;BMP10;CAMK2G;KCNH6;AGT;ANK2;GHSR;ABAT;PDE4D;ADRA1D;ABCG5;FAAH;NKX2-5;CHRNA3;TMEM38B;DMD;CHRM2;NRXN1;SPTBN4;DLGAP2;GDF9;MDM2;BAIAP2;SLC22A5;CRY2;APOA2;TACR3;IGF1;HCN4;KIT;HAND2;MYL5;SLC8A1;MTNR1B;ADRA1A;SNTA1;MYBPC3;SPP1;DBH;MYOG;S100A1;SOX10;KCNIP2;TNNI3;ADRA2C;WASF3;AKAP6;NPPA;NOL3;PDE4B;FGA;RGS2;CALCA;TACR1;OXT;KCNA5;PTPRO;SMAD4;CASR;INHA;SLC8A2;NFATC3;AVP;ATP1B1;PRKCA;NPVF;TNNI1;ADCY10;EDN3;GRIN2B;CACNA1D;TBX5;GJA1;FXYD1;SGCA;CRH;KCNB2;FTO;ATP2B2;TRPV4;ZMYND8;FOXO1;GLP1R;CACNA1H;TPPP;NOS1;APOA4;RIMS1;SCN5A;ATP1A1;DOCK5;ACACB;RYR2;CACNG1;GRM1;AVPR1B;LEP;CDK18;DLG1;NKX3-1;CARTPT;YWHAE;ADRA1B;ADD3;PER2;AGTR2;ADM2;MC3R;CUX2;TRPC3;AKAP9;PTGER3	GLOM	GO_BP	no_proc_ieg	10098
GOBP_INNER_EAR_RECEPTOR_CELL_DEVELOPMENT	-1.3304948389667453	0.11764705882352941	0.3180125739258476	11/24	USH1C;NHERF1;TSKU;FZD2;PLS1;GABRB2;IFT88;TECTA;MKS1;GABRA5;MYO7A	GLOM	GO_BP	no_proc_ieg	10098
GOBP_CARBOHYDRATE_TRANSPORT	-1.330720255058795	0.04809619238476954	0.3184332073129359	30/81	SLC2A5;AQP2;PRKCI;SLC5A2;HNF1A;IRS2;ACE;KLF15;PRKAG2;DRD1;C2CD5;IGF1;INSR;NFE2L2;PLA2G1B;PIK3R1;TERT;BRAF;STXBP3;ACACB;LEP;SGCB;SLC5A1;SLC2A1;YES1;ADIPOQ;SLC2A4;ENPP1;OPN3;ABCB11	GLOM	GO_BP	no_proc_ieg	10098
GOBP_HORMONE_TRANSPORT	-1.331014328308557	0.016666666666666666	0.3187145840151141	67/239	RBP4;RAB11FIP3;EGFR;HNF1A;PCK2;PRKN;CHD7;SERPINA7;PRKCE;ADCY8;F2RL1;SIRT3;PFKFB2;IRS2;CCN3;DAB2;CRYM;RAB11FIP2;CCDC186;FOXA2;TRPV6;CAMK2G;AGT;NR0B2;CGA;SNX4;GHSR;ABAT;GNAZ;CPLX3;GDF9;CRY2;MC4R;MTNR1B;RFX3;BMP8A;SPP1;G6PC2;SLC17A4;NR1H4;IL11;HNF4A;FGA;TACR1;GPLD1;AIMP1;KCNA5;SMAD4;CASR;INHA;SLC3A2;NPVF;FGF23;MYRIP;EDN3;GJA1;CRH;SYBU;TRPV4;FOXO1;GLP1R;JAK2;ENY2;GIPR;PFKM;STXBP3;NOS2	GLOM	GO_BP	no_proc_ieg	10098
GOBP_REGULATION_OF_VENTRICULAR_CARDIAC_MUSCLE_CELL_MEMBRANE_REPOLARIZATION	-1.3315241449932396	0.13559322033898305	0.318557962249673	8/15	CACNA2D1;KCNH6;ANK2;SNTA1;GJA1;NOS1;SCN5A;AKAP9	GLOM	GO_BP	no_proc_ieg	10098
GOBP_EXCITATORY_SYNAPSE_ASSEMBLY	-1.3338515641866355	0.11377245508982035	0.3146142205914258	6/22	PTPN13;SRGAP2;PTPRD;NRXN1;PTPRS;NPTX1	GLOM	GO_BP	no_proc_ieg	10098
GOBP_CARDIAC_MUSCLE_CELL_CONTRACTION	-1.3344425980955599	0.07254901960784314	0.3143523858718677	24/64	CACNB2;BIN1;GPD1L;CTNNA3;KCNJ3;CACNA2D1;NEDD4L;ANK2;PDE4D;HCN4;SNTA1;SCN7A;SCN1A;PDE4B;KCNA5;ADCY10;SCN2A;CACNA1D;GJA1;NOS1;SCN5A;ATP1A1;RYR2;DLG1	GLOM	GO_BP	no_proc_ieg	10098
GOBP_SENSORY_PERCEPTION_OF_MECHANICAL_STIMULUS	-1.334831215487484	0.03292181069958848	0.3145227727893261	34/108	OTOR;EPS8L2;KCNQ3;CHD7;USH1C;HPN;NHERF1;ATP6V0A4;MYO1A;CRYM;ALDH7A1;FYN;COCH;SPRY2;CLIC5;SPTBN4;LRP2;KIT;EPYC;SCN1A;NAV2;ASIC3;P2RX2;SLC26A4;TFAP2A;SOBP;CACNA1D;AXIN1;CHRNB2;ATP2B2;TBL1X;TECTA;PPIP5K2;CDC14A	GLOM	GO_BP	no_proc_ieg	10098
GOBP_CARDIAC_MUSCLE_CELL_MEMBRANE_REPOLARIZATION	-1.3353479669155206	0.0975609756097561	0.31442850580551296	16/30	KCNJ3;CACNA2D1;KCNH6;ANK2;SNTA1;KCNIP2;NPPA;KCNA5;ATP1B1;CACNA1D;GJA1;NOS1;SCN5A;ATP1A1;YWHAE;AKAP9	GLOM	GO_BP	no_proc_ieg	10098
GOBP_PIGMENT_METABOLIC_PROCESS	-1.3357335378345385	0.06458333333333334	0.3145387411290748	13/57	BDH2;PGRMC1;ABCC2;BCL2;AMBP;SLC11A2;ALAD;LCT;TYRP1;HPX;DCT;ABCB7;OCA2	GLOM	GO_BP	no_proc_ieg	10098
GOBP_MOLTING_CYCLE	-1.3357357032263002	0.04487179487179487	0.31537728310572816	23/79	WNT10B;LGR4;BCL2;EGFR;ACVR1B;SPINK5;LGR5;EDA;FGFR2;PER1;DKK4;FZD6;TSKU;EDAR;HOXC13;CTNNB1;FERMT1;SMAD4;FOXN1;TERT;SOS1;ERCC2;FA2H	GLOM	GO_BP	no_proc_ieg	10098
GOBP_DETECTION_OF_LIGHT_STIMULUS	-1.3371852457096092	0.07459677419354839	0.3134437900158509	23/43	RHO;AIPL1;RGR;CRB1;RRH;PDE6B;FECH;RCVRN;CAMKMT;CNGB1;CACNA1F;ELOVL4;UNC119;NR2E3;CDS1;TRPC3;OPN1SW;TULP1;OPN3;CACNB4;GUCA1A;CEP250;GNAT1	GLOM	GO_BP	no_proc_ieg	10098
GOBP_CARBOHYDRATE_METABOLIC_PROCESS	-1.3378294076711674	0.0	0.31305816892726673	101/400	SLC37A4;PDK2;GLB1L2;DCXR;SLC2A5;AKR1A1;TREH;SLC39A14;OGDHL;RBP4;GPD1;FBP1;G6PC1;PMM1;SLC5A2;PCK1;GPD1L;PCK2;PRKG1;PRKN;PGM1;FGGY;EGF;SLC4A4;FUT6;PRKCE;NCOA2;GOT1;ALDH2;CHI3L1;GYG2;NUPR1;GBA3;CHST5;PFKFB2;ST8SIA5;SLC3A1;MGAM;LCT;IRS2;GNMT;ALDOB;LEPR;PKLR;PTH1R;SIRT1;RORC;SLC25A10;RBKS;FOXA2;KHK;PRKAG2;DHTKD1;OVGP1;FUT3;PRKAG1;PDK4;RGN;MAS1;PDHA1;RENBP;RORA;ALDH1B1;PFKFB1;PGAM2;PPARGC1A;GALK1;SLC25A12;PHKA2;MPI;MLXIPL;NEU3;IGF1;MLYCD;NCOR1;PDK1;APOD;KL;INSR;FBP2;G6PC2;XYLB;ACADM;PHKA1;AKR7A2;GPLD1;PC;PGD;GPT;CHST1;GABARAPL1;TKFC;ENOSF1;PGK2;ALDOC;MAN1A1;SLC3A2;GLO1;SLC25A13;ADCY10;KBTBD2	GLOM	GO_BP	no_proc_ieg	10098
GOBP_ORGANOPHOSPHATE_CATABOLIC_PROCESS	-1.339315325572096	0.026156941649899398	0.3109507532238985	45/164	PDE8A;PRDX6;ACAT1;OGDHL;GPD1;FBP1;DPYS;GPD1L;PGM1;ACOT7;GDPD3;SLC4A4;NUPR1;PON1;PFKFB2;PNLIPRP2;UPB1;ALDOB;PKLR;FHIT;DNPH1;PRKAG2;DHTKD1;PRKAG1;PDE4D;NEIL1;PFKFB1;PGAM2;GALK1;MLXIPL;APOA2;IGF1;MLYCD;NCOR1;ENTPD5;INSR;ENPP2;PDE4B;PNP;PGK2;SMPDL3A;ALDOC;ABHD6;XDH;NT5M	GLOM	GO_BP	no_proc_ieg	10098
GOBP_PHYSIOLOGICAL_CARDIAC_MUSCLE_HYPERTROPHY	-1.339933936837242	0.12096774193548387	0.31058494575063994	6/18	PRKG1;IGF1;ADRA1A;PDLIM5;AKAP6;RGS2	GLOM	GO_BP	no_proc_ieg	10098
GOBP_CELLULAR_RESPONSE_TO_STEROL	-1.3406754685926847	0.10993657505285412	0.30999443239861907	7/16	LRP6;RORC;INSIG2;RORA;PTCH1;GPLD1;GRAMD1C	GLOM	GO_BP	no_proc_ieg	10098
GOBP_NEGATIVE_REGULATION_OF_PROTEOLYSIS	-1.340999114726404	0.017699115044247787	0.31015232052846586	22/152	USP25;SERPINA4;BIN1;KNG1;USP47;DDX3X;SERPINA6;SMARCC1;THBS1;SERPINA5;PTPN3;HDAC6;DPEP1;SERPINA7;SPINK5;SERPINF2;HRG;ALAD;FABP1;CR1;FHIT;VEGFA	GLOM	GO_BP	no_proc_ieg	10098
GOBP_RESPONSE_TO_NUTRIENT	-1.3419135293156568	0.034623217922606926	0.30928048962842486	36/138	PDK2;ALPL;HMGCS2;LPL;SLC34A1;CYP27B1;EGFR;UCP3;NQO1;ALAD;NNT;TFRC;FABP1;ASS1;PKLR;AKR1C3;NCOA1;FOLR1;FOXA2;VDR;ACSL1;ABCG5;MDM2;MLXIPL;MLYCD;LTA;SPP1;KL;PENK;NR1H4;SST;CAT;CYP1A1;GDAP1;SHANK2;CASR	GLOM	GO_BP	no_proc_ieg	10098
GOBP_NEURON_INTRINSIC_APOPTOTIC_SIGNALING_PATHWAY_IN_RESPONSE_TO_OXIDATIVE_STRESS	-1.3426404759019124	0.1341222879684418	0.3086211864294301	8/20	PRODH;PRKN;PYCR1;CTNNB1;FBXO7;ADCY10;FBXW7;MCL1	GLOM	GO_BP	no_proc_ieg	10098
GOBP_VASCULAR_PROCESS_IN_CIRCULATORY_SYSTEM	-1.342763417019669	0.016597510373443983	0.30923661819381293	85/204	SLC22A8;KNG1;SLC6A13;DDAH1;ABCC2;SLC1A5;SLC13A3;APOE;EGFR;KCNMB2;PRKG1;SERPINF2;SLC4A4;ATP8A1;F2RL1;NHERF1;TJP1;TFRC;ACE2;LEPR;ACE;SLC1A1;VEGFA;AGT;ABCB1;DRD1;ADRA1D;FAAH;CPS1;ABCC4;SLC16A7;SLC22A2;SLC22A1;SLC22A5;LRP2;SLC8A1;MTNR1B;ADRA1A;SNTA1;SLC38A3;INSR;DBH;FERMT2;ADRA2C;SLC24A3;NPPA;ABCG2;FGA;RGS2;CALCA;TACR1;KCNA5;CASR;SLC8A2;AVP;EDN3;SLC6A4;TRPV4;DRD5;SCNN1B;HTR7;SLC28A2;SLC29A2;NOS1;DOCK5;ADRB3;AVPR1B;LEP;ADRA1B;SLC5A5;SLC19A1;ADD3;NTS;KEL;PER2;AGTR2;SLC5A1;SLCO1C1;SLC2A1;GCLC;SLC16A2;YES1;SLC2A4;SLC6A20;KAT2B	GLOM	GO_BP	no_proc_ieg	10098
GOBP_SPINAL_CORD_MOTOR_NEURON_DIFFERENTIATION	-1.3429847554152332	0.10429447852760736	0.30967092785821904	5/19	DYNC2H1;ZC4H2;GIGYF2;PTCH1;GLI3	GLOM	GO_BP	no_proc_ieg	10098
GOBP_MOLTING_CYCLE_PROCESS	-1.3436447077330846	0.05567010309278351	0.309279904282224	13/65	WNT10B;LGR4;BCL2;EGFR;ACVR1B;SPINK5;LGR5;EDA;FGFR2;DKK4;FZD6;EDAR;HOXC13	GLOM	GO_BP	no_proc_ieg	10098
GOBP_ELECTRON_TRANSPORT_CHAIN	-1.3440812974592982	0.06611570247933884	0.3093163746966366	19/63	GPD1;SDHC;NDUFS1;DLD;ETFA;COX8A;SDHB;FDX1;NDUFA10;SDHD;PPARGC1A;SLC25A12;ETFB;COX6A2;COX7A2L;NDUFS3;CYC1;NDUFV1;SLC25A13	GLOM	GO_BP	no_proc_ieg	10098
GOBP_MUSCLE_CELL_DEVELOPMENT	-1.344734324199097	0.031936127744510975	0.3089956348907723	37/135	BIN1;WNT10B;AFG3L2;BCL2;TNNT2;PRKG1;SDC1;LOX;TCAP;NEBL;MYOD1;CXADR;BMPR1A;VEGFA;BMP10;NEB;CAPN3;ANK2;FHOD3;NKX2-5;DMD;IGF1;SLC8A1;ADRA1A;MYBPC3;MYF6;PDLIM5;MYOG;RCAN1;AKAP6;P2RX2;RGS2;MYOZ1;SMAD4;ACTN2;PROX1;AKAP13	GLOM	GO_BP	no_proc_ieg	10098
GOBP_LONG_CHAIN_FATTY_ACID_TRANSPORT	-1.344882127802429	0.06526315789473684	0.30958385837800456	12/46	SLC27A2;THBS1;APOE;ABCD3;FABP1;IRS2;ACE;PLA2G2A;ACSL1;FABP2;DRD3;PLA2G1B	GLOM	GO_BP	no_proc_ieg	10098
GOBP_AXONEMAL_DYNEIN_COMPLEX_ASSEMBLY	-1.3449082405002093	0.10505050505050505	0.31040430699208726	12/17	DNAI4;DNAI1;CLXN;DNAH7;TEKT2;DNAAF1;LRRC61;DNAH17;DNAI2;DNAAF11;ZMYND10;TTC12	GLOM	GO_BP	no_proc_ieg	10098
GOBP_ALDEHYDE_BIOSYNTHETIC_PROCESS	-1.3464287571602849	0.1227364185110664	0.3081337215198759	5/16	BMP5;PCK1;CYP11B2;DAB2;SLC25A10	GLOM	GO_BP	no_proc_ieg	10098
GOBP_ADIPOSE_TISSUE_DEVELOPMENT	-1.3467338310226706	0.09090909090909091	0.3084001852198683	11/42	HMGCS2;LPL;ACAT1;ARID5B;VPS13B;NCOA2;SIRT1;RORC;NCOA1;ZNF516;PPARGC1A	GLOM	GO_BP	no_proc_ieg	10098
GOBP_SERTOLI_CELL_DIFFERENTIATION	-1.3490997342929134	0.09090909090909091	0.3046663400592252	6/19	SDC1;GATA1;SAFB2;DMRT1;ARID4B;NR5A1	GLOM	GO_BP	no_proc_ieg	10098
GOBP_PYRIDINE_CONTAINING_COMPOUND_CATABOLIC_PROCESS	-1.3496303949888449	0.0622568093385214	0.3046108341665188	20/76	OGDHL;GPD1;FBP1;PGM1;SLC4A4;NUPR1;PFKFB2;QPRT;ALDOB;PKLR;PRKAG2;DHTKD1;PRKAG1;PFKFB1;PGAM2;GALK1;MLXIPL;IGF1;NCOR1;INSR	GLOM	GO_BP	no_proc_ieg	10098
GOBP_NEUROTRANSMITTER_REUPTAKE	-1.3502100013265028	0.08167330677290836	0.3043802533557002	12/27	SLC6A13;PRKN;KCNJ10;DRD1;SLC22A2;SLC22A1;DRD3;SLC6A2;SLC18A3;SLC6A12;SLC6A4;NOS1	GLOM	GO_BP	no_proc_ieg	10098
GOBP_CATECHOL_CONTAINING_COMPOUND_METABOLIC_PROCESS	-1.3523116169253977	0.0709812108559499	0.3011689948606181	18/44	PRKN;PAH;MAOB;ALDH2;MAOA;DDC;SLC1A1;DRD1;ABAT;TACR3;HAND2;DRD3;KL;DBH;PNMT;AOC2;SULT1A2;CHRNB2	GLOM	GO_BP	no_proc_ieg	10098
GOBP_LIPID_BIOSYNTHETIC_PROCESS	-1.3524991973332565	0.004291845493562232	0.3016579381164968	143/481	LPIN1;ACSM3;CISH;ACSS3;HMGCS2;LPL;ACOX2;ACAT1;SLC27A2;ANG;GSTM4;CYP17A1;HSD3B2;BMP5;CYP27B1;PCK1;CYP3A4;DGKB;APOE;PIP5K1A;PLCE1;SCCPDH;PCK2;ACAA2;PRKG1;ACOT7;CYP11B2;PIK3C2G;OSBPL9;IMPA2;MBTPS2;FUT6;HMGCL;PRKAB1;SIRT3;CYP2C8;ABCD3;ST8SIA5;TM7SF2;ETNK2;APOA1;ACSM5;IDI1;GGTLC1;ALDH8A1;AKR1C3;SIRT1;DAB2;HSD17B8;ALOX15;APOC3;ACSBG2;SLC44A4;SH3YL1;FDX1;EBP;GAL3ST1;IP6K2;PRKAG2;ALOX12B;INSIG2;CGA;BAAT;PRKAG1;PDK4;ACSL1;PECR;RGN;TMEM38B;DHRS11;UVRAG;ACADL;CYP46A1;PISD;MLXIPL;APOA2;MLYCD;FGF1;SRD5A2;GCDH;AKR1C4;PIGB;FGFR4;CBR4;CERS6;HSD17B2;CHPT1;OLAH;NR1H4;PLA2G1B;ABCG2;CYB5R2;PIK3CB;CYP2E1;ERLIN1;KAT5;GPLD1;DHCR7;CHKA;SPTLC1;PIK3R1;HSD17B3;CYP1A1;PEX7;SPTLC3;AVP;ABHD6;PROX1;ERLIN2;NPC1L1;FBXW7;SOCS2;CRH;PGAP2;PLP1;FA2H;BCO1;B3GALT1;NR5A1;CACNA1H;ALOXE3;APOA4;SLC30A5;CYP39A1;PEMT;DECR2;AGK;SYNJ2;ELOVL4;DHDDS;AGPAT3;UGT8;ATP1A1;ETNK1;BMX;ACACB;PCYT2;PDSS2;PIGV;KLHL25;MTMR6;LEP;PIGH	GLOM	GO_BP	no_proc_ieg	10098
GOBP_NEGATIVE_REGULATION_OF_GROWTH	-1.3526497256056302	0.023060796645702306	0.3022101067796906	53/173	CDHR2;DDX3X;RBP4;FBP1;MT1G;CYP27B1;BCL2;ESR2;HDAC6;ACVR1B;HRG;BDKRB1;CDH1;MT1X;TSPYL2;MT3;CCN3;MT1F;DAB2;BMP10;IP6K2;EPHA7;PHB1;CGA;DCBLD2;ULK1;WWC2;GDF9;GDF15;TP53TG5;PTCH1;SPP1;FHL1;PTPRS;CDKN1A;HNF4A;RGS2;NDUFS3;SPART;WWC1;MYOZ1;SMAD4;OSGIN2;CDKL3;TBX5;SLC6A4;MT2A;GJA1;SOCS2;CRYAB;FSTL4;MT1M;PRDM11	GLOM	GO_BP	no_proc_ieg	10098
GOBP_RESPONSE_TO_CADMIUM_ION	-1.3535675713432804	0.08267716535433071	0.30137153389047877	16/43	SLC34A1;MT1G;EGFR;MAPK8;CER1;ALAD;MT1X;MT3;MT1F;MT4;KIT;HAAO;CAT;TERT;MT2A;MT1M	GLOM	GO_BP	no_proc_ieg	10098
GOBP_CELLULAR_RESPONSE_TO_KETONE	-1.354923570547927	0.04592901878914405	0.2995455517764695	23/79	AIFM1;FBP1;ADCY1;PCK1;EGFR;PCK2;PRKCE;ADCY8;SCNN1A;ASS1;ACE;AKR1C3;SIRT1;FDX1;PTGFR;TNFSF4;AKAP8;ELK1;SPP1;FECH;SOX10;PTGER4;KLF9	GLOM	GO_BP	no_proc_ieg	10098
GOBP_INORGANIC_ANION_TRANSMEMBRANE_TRANSPORT	-1.3549970595543723	0.04251012145748988	0.3002894273718532	27/86	SLC37A4;CLCNKB;GABRR2;SLC12A6;SLC34A1;AQP6;SLC12A3;CLCN5;SLC17A1;SLC1A1;SLC25A10;VDR;CLCN6;CLIC5;OCA2;GABRQ;SLC13A1;CLCA1;SLC26A3;GABRB2;FXYD3;CASR;GABRA1;SLC26A4;BEST2;SLC17A7;FXYD1	GLOM	GO_BP	no_proc_ieg	10098
GOBP_CELLULAR_RESPONSE_TO_NUTRIENT	-1.3556501495337696	0.061630218687872766	0.2999016022604616	14/44	PDK2;LPL;CYP27B1;NCOA1;FOLR1;FOXA2;VDR;MDM2;MLXIPL;PENK;NR1H4;GDAP1;CASR;FGF23	GLOM	GO_BP	no_proc_ieg	10098
GOBP_NEGATIVE_REGULATION_OF_REACTIVE_OXYGEN_SPECIES_METABOLIC_PROCESS	-1.3556520903610199	0.08118811881188119	0.30076066438969556	14/33	BCL2;PRKN;HDAC6;SIRT3;MT3;FYN;PAX2;ABCB7;PON3;TFAP2A;SIRT5;ADCY10;CRYAB;ACP5	GLOM	GO_BP	no_proc_ieg	10098
GOBP_GAMMA_AMINOBUTYRIC_ACID_TRANSPORT	-1.3563668346425888	0.1227364185110664	0.3002617928663605	8/16	SLC6A13;NHERF1;ABAT;SLC6A12;SLC6A8;TRH;APBA1;CACNB4	GLOM	GO_BP	no_proc_ieg	10098
GOBP_POSITIVE_REGULATION_OF_GLUCOSE_TRANSMEMBRANE_TRANSPORT	-1.3565691400649593	0.07926829268292683	0.30081088242668974	10/30	PRKCI;IRS2;KLF15;C2CD5;IGF1;INSR;NFE2L2;PIK3R1;TERT;BRAF	GLOM	GO_BP	no_proc_ieg	10098
GOBP_ORGANIC_CYCLIC_COMPOUND_CATABOLIC_PROCESS	-1.3579684570225254	0.003929273084479371	0.2991702607481796	80/414	RIDA;QDPR;PDE8A;ACAA1;EPHX2;ACAT1;TUT4;ANG;AIFM1;OGDHL;GPD1;CIDEA;FBP1;ABCC2;ALDH1L1;PRODH;CYP27B1;CYP3A4;DPYS;APOE;ALDH6A1;ALDH4A1;HPD;PGM1;ACOT7;DPEP1;PAH;MAOB;AMBP;TRAF5;SLC4A4;CSDE1;NUPR1;MAOA;RBM47;PON1;PFKFB2;HSD17B14;YTHDF3;FAH;UPB1;QPRT;ALDOB;PKLR;FHIT;DNPH1;ALDH8A1;CDADC1;DCP1A;NOCT;TET3;A1CF;KMO;PRKAG2;GIGYF2;DHTKD1;KYAT1;PRKAG1;PDE4D;RGN;NEIL1;ALLC;PFKFB1;PGAM2;GALK1;CRMP1;SUPV3L1;CYP46A1;MLXIPL;IGF1;MLYCD;SRD5A2;NCOR1;TOB1;NBAS;ENTPD5;SPP1;SMG7;INSR;DBH	GLOM	GO_BP	no_proc_ieg	10098
GOBP_INTESTINAL_EPITHELIAL_CELL_DIFFERENTIATION	-1.3592936581232822	0.09775967413441955	0.2975355232578075	9/21	NPY;CBFA2T2;CDX2;PYY;PRDM1;FZD5;CDKN1A;KLF5;SPDEF	GLOM	GO_BP	no_proc_ieg	10098
GOBP_SENSORY_PERCEPTION_OF_TASTE	-1.3602017212820483	0.08548707753479125	0.29671543681203	16/38	WNT10B;TAS2R4;SCNN1A;AZGP1;PKD2L1;LPO;CA6;ASIC3;P2RX2;TAS2R14;TAS2R1;PIP;ASIC1;TAS2R8;SCNN1B;TAS2R3	GLOM	GO_BP	no_proc_ieg	10098
GOBP_NEGATIVE_REGULATION_OF_KERATINOCYTE_PROLIFERATION	-1.361243561039997	0.10256410256410256	0.29553175609583787	6/16	FGFR2;IFT57;OVOL1;VDR;PTCH1;KLF9	GLOM	GO_BP	no_proc_ieg	10098
GOBP_SPERMATID_DIFFERENTIATION	-1.3623067919289817	0.04251012145748988	0.2943254271164963	30/105	CCNB1IP1;PRKG1;AFF4;DLD;VPS13B;DDX25;TCP11;SPAG6;ADGB;BBOF1;ING2;SPAG16;CDYL;KIT;IFT81;OCA2;DMC1;NME5;PTCH1;RNF8;KAT5;SLC26A3;SLC22A14;CHD5;RSPH6A;CFAP69;ADCY10;PAEP;PACRG;HSPA2	GLOM	GO_BP	no_proc_ieg	10098
GOBP_NEGATIVE_REGULATION_OF_FATTY_ACID_METABOLIC_PROCESS	-1.3630502331864605	0.1023454157782516	0.29390170199912863	12/28	FMO4;FMO1;SIRT1;APOC3;INSIG2;SLC22A13;ACADL;NCOR1;ERLIN1;ERLIN2;ACACB;KLHL25	GLOM	GO_BP	no_proc_ieg	10098
GOBP_NUCLEOTIDE_TRANSMEMBRANE_TRANSPORT	-1.363425070327256	0.12526096033402923	0.29411019472130806	7/15	SLC25A5;ABCC4;SLC25A36;SLC25A17;ADCY10;SLC19A1;LRRC8D	GLOM	GO_BP	no_proc_ieg	10098
GOBP_CARDIAC_VENTRICLE_DEVELOPMENT	-1.3634917222371898	0.03346456692913386	0.29484870732737023	29/87	STRA6;MATR3;TNNT2;CHD7;SEMA3C;MYL3;BMPR1A;FGFR2;BMP10;NRG1;NKX2-5;ZFPM2;GREB1L;MDM2;LRP2;HAND2;FRS2;PRDM1;MYBPC3;HAND1;SALL1;TNNI3;FZD2;SMAD4;TGFBR3;TNNI1;PROX1;NPY2R;TBX5	GLOM	GO_BP	no_proc_ieg	10098
GOBP_NEURONAL_ACTION_POTENTIAL	-1.3637165246772684	0.1	0.2953225051115938	7/23	KCNMB2;KCNQ3;DRD1;CACNA1I;MTNR1B;ANK3;SCN1A	GLOM	GO_BP	no_proc_ieg	10098
GOBP_ALCOHOL_CATABOLIC_PROCESS	-1.3639082429801395	0.07645875251509054	0.2958335533177735	11/24	APOE;ALDH2;AKR1C3;SULT1B1;ALDH1B1;CYP46A1;ALDH3B1;TKFC;SULT1A2;SULT2A1;CYP39A1	GLOM	GO_BP	no_proc_ieg	10098
GOBP_GLYCEROLIPID_METABOLIC_PROCESS	-1.3653454817333204	0.01383399209486166	0.2941205598873053	55/240	APOH;LPIN1;CISH;PRDX6;LPL;ANG;GPD1;G6PC1;PCK1;DGKB;APOE;PIP5K1A;PLCE1;PCK2;PLAAT2;PIK3C2G;PNPLA4;IMPA2;GDPD3;OSBPL10;PON1;AADAC;PNLIPRP2;ETNK2;APOA1;SIRT1;PLA2G2A;MTMR8;CHRM5;ALOX15;APOC3;SLC44A4;SH3YL1;GAL3ST1;IP6K2;INSIG2;ACSL1;RGN;FAAH;CPS1;UVRAG;PISD;APOA2;PIGB;SLC22A4;CHPT1;ENPP2;NR1H4;PLA2G1B;PIK3CB;KAT5;GPLD1;CHKA;PIK3R1;CAT	GLOM	GO_BP	no_proc_ieg	10098
GOBP_REGULATION_OF_HEART_RATE	-1.3655172990466584	0.03822937625754527	0.2946816524972407	23/80	CACNB2;BIN1;GPD1L;CTNNA3;CALM2;KCNJ3;ACE;SLC1A1;CACNA2D1;KCNH6;ANK2;PDE4D;DMD;SPTBN4;MDM2;TACR3;HCN4;SLC8A1;ADRA1A;SNTA1;NPPA;OXT;KCNA5	GLOM	GO_BP	no_proc_ieg	10098
GOBP_NEGATIVE_REGULATION_OF_SMALL_MOLECULE_METABOLIC_PROCESS	-1.3664077559243935	0.042735042735042736	0.2939348901167032	18/74	FBP1;BMP5;CYP27B1;APOE;PRKG1;FMO4;NUPR1;FMO1;ALDOB;LEPR;AKR1C3;SIRT1;APOC3;INSIG2;SLC22A13;PFKFB1;ACADL;NCOR1	GLOM	GO_BP	no_proc_ieg	10098
GOBP_CARDIAC_MUSCLE_CELL_DIFFERENTIATION	-1.3665495835148047	0.030042918454935622	0.29455776065265815	28/83	PRKG1;TCAP;NEBL;CXADR;BMPR1A;VEGFA;NOX4;BMP10;NEB;NRG1;FHOD3;NKX2-5;FZD7;IGF1;SLC8A1;FRS2;ADRA1A;PDLIM5;ACADM;AKAP6;RGS2;RARB;SMAD4;ACTN2;CBY1;PROX1;AKAP13;TBX5	GLOM	GO_BP	no_proc_ieg	10098
GOBP_PROTEIN_LIPID_COMPLEX_ASSEMBLY	-1.3672085407343457	0.104	0.2942520868144883	13/22	BIN1;APOE;APOM;APOA1;APOC3;APOA2;SOAT2;FECH;PRKACB;CIDEB;APOA4;PRKACG;PLAGL2	GLOM	GO_BP	no_proc_ieg	10098
GOBP_RESPONSE_TO_STEROID_HORMONE	-1.3675665264220402	0.004158004158004158	0.29455632709823254	57/249	ALPL;NR3C2;HMGCS2;SSTR2;AIFM1;HSD3B2;THBS1;HSD11B2;PCK1;URI1;BCL2;EGFR;UCP3;ESR2;PCK2;SDC1;HDAC6;MAOB;LOX;ALAD;NCOA2;GOT1;SCNN1A;SLC12A3;GHR;MYOD1;SAFB2;ASS1;ACE;AKR1C3;SIRT1;DAB2;NCOA1;PER1;PHB1;ADTRP;GHSR;ESRRG;TXNIP;CPS1;PFKFB1;MDM2;CRY2;APOA2;SRD5A2;NCOR1;SPP1;RXRG;FECH;SOX10;CDKN1A;SST;TACR1;OXT;KLF9;IL22;KDM4C	GLOM	GO_BP	no_proc_ieg	10098
GOBP_IMPORT_INTO_THE_MITOCHONDRION	-1.368896872460195	0.09683794466403162	0.2930971466999645	9/24	AFG3L2;HSPA9;TST;MICU1;SFXN1;MAIP1;SLC25A36;SLC25A28;GRPEL1	GLOM	GO_BP	no_proc_ieg	10098
GOBP_NEGATIVE_REGULATION_OF_CHEMOTAXIS	-1.3708296614113207	0.07231404958677685	0.29048737473688324	7/32	AIF1;C5;THBS1;HDAC6;HRG;DPP4;CCN3	GLOM	GO_BP	no_proc_ieg	10098
GOBP_RESPONSE_TO_PEPTIDE_HORMONE	-1.372166928209935	0.0	0.28895222782154223	83/315	PDK2;ALPL;LPIN1;SNX5;ECHDC3;CA2;HMGCS2;PRKCI;SLC39A14;FBP1;SLC34A1;SMARCC1;HSD11B2;PCK1;UCP3;PDE3B;PCK2;KANK1;PRKCZ;CYP11B2;NCOA2;ADCY8;GOT1;SCNN1A;GHR;SOS2;IRS2;ASS1;LRP6;PKLR;ACE;SIRT1;NCOA1;KLF15;KHK;AGT;INSIG2;GHSR;PDK4;MAS1;CPS1;PFKFB1;MDM2;BAIAP2;CRY2;C2CD5;NDEL1;GDF15;SRD5A2;MC4R;GPR21;KL;INSR;GPR173;DNAI1;NFE2L2;NR1H4;PLA2G1B;GPLD1;OXT;CYC1;VPS13C;PIK3R1;FAT1;CAT;GPT;CSHL1;AHSG;INSRR;TGFBR3;PRKCA;ACTN2;KBTBD2;SOS1;BRAF;SOCS2;LEPROT;TRPV4;FOXO1;GLP1R;JAK2;SCNN1B;BMP7	GLOM	GO_BP	no_proc_ieg	10098
GOBP_PROTEIN_LIPID_COMPLEX_ORGANIZATION	-1.3721712996124693	0.06477732793522267	0.289841359846261	20/43	LPL;BIN1;APOE;APOM;PON1;APOA1;PLA2G2A;APOC3;AGT;PCSK6;APOA2;SOAT2;FECH;NR1H4;ABCA5;PRKACB;CIDEB;APOA4;PRKACG;PLAGL2	GLOM	GO_BP	no_proc_ieg	10098
GOBP_FATTY_ACID_DERIVATIVE_BIOSYNTHETIC_PROCESS	-1.3729968886931827	0.07660455486542443	0.28919238510672274	10/30	ACSS3;HMGCS2;ACAT1;SLC27A2;HMGCL;GGTLC1;ALOX15;ACSBG2;ACSL1;GCDH	GLOM	GO_BP	no_proc_ieg	10098
GOBP_MICROVILLUS_ORGANIZATION	-1.3734020107186444	0.07346938775510205	0.2893575133026674	11/25	CDHR2;CDHR5;USH1C;NHERF1;VIL1;EZR;MYO1A;RAP1GAP;KLF5;TNIK;PLS1	GLOM	GO_BP	no_proc_ieg	10098
GOBP_TRIGLYCERIDE_CATABOLIC_PROCESS	-1.3741703468862383	0.10548523206751055	0.28882965616386974	6/17	LPL;PNPLA4;AADAC;PNLIPRP2;APOC3;CPS1	GLOM	GO_BP	no_proc_ieg	10098
GOBP_CAMP_MEDIATED_SIGNALING	-1.37615526871828	0.06868686868686869	0.2861076917968669	16/46	PDE8A;ADCY1;PDE1C;PDE3B;ADGRG6;GPR3;PDE4D;PDE6A;OPRL1;PDE6B;PDE4B;PEX5L;CRH;ADCYAP1R1;GLP1R;GIPR	GLOM	GO_BP	no_proc_ieg	10098
GOBP_CELLULAR_MODIFIED_AMINO_ACID_BIOSYNTHETIC_PROCESS	-1.3767070863387525	0.08382066276803118	0.28606236836140825	10/29	GATM;MTHFD1;HAGH;BBOX1;SLC1A1;GAMT;ALDH7A1;CKMT2;ACADM;NFE2L2	GLOM	GO_BP	no_proc_ieg	10098
GOBP_MUSCLE_ORGAN_MORPHOGENESIS	-1.3773151056308277	0.050200803212851405	0.2859027748453908	21/58	ARID5B;TNNT2;CHD7;TCAP;MYL3;BMPR1A;FGFR2;BMP10;NRG1;NKX2-5;ZFPM2;LRP2;MYBPC3;MYF6;HAND1;TNNI3;FZD2;SMAD4;TGFBR3;TNNI1;PROX1	GLOM	GO_BP	no_proc_ieg	10098
GOBP_TETRAPYRROLE_METABOLIC_PROCESS	-1.3782590915409336	0.043478260869565216	0.2850923578987201	13/44	BDH2;PGRMC1;ABCC2;CUBN;AMBP;SLC11A2;ALAD;HPX;ABCB7;FECH;CYP1A1;EIF2AK1;AMN	GLOM	GO_BP	no_proc_ieg	10098
GOBP_CELLULAR_PROCESS_INVOLVED_IN_REPRODUCTION_IN_MULTICELLULAR_ORGANISM	-1.380096052387014	0.006072874493927126	0.28251141385812667	51/212	YTHDC1;TUT4;BMPR1B;ANG;CCNB1IP1;SERPINA5;BCL2;PRKG1;AFF4;DLD;STAU1;VPS13B;LGR5;FUT6;DDX25;TCP11;SPAG6;ADGB;FOLR1;BBOF1;ING2;SPAG16;DMRT1;CDYL;ZBTB16;GDF9;IGF1;KIT;IFT81;OCA2;DMC1;NME5;PTCH1;PRDM1;KAT8;CTNNB1;RNF8;CRISP1;KAT5;FANCC;SLC26A3;SLC22A14;CHD5;RSPH6A;PIWIL2;CFAP69;ADCY10;ARID4B;NDN;PAEP;PACRG	GLOM	GO_BP	no_proc_ieg	10098
GOBP_REGULATION_OF_ACTIVIN_RECEPTOR_SIGNALING_PATHWAY	-1.3804972637590411	0.09330628803245436	0.28261123302064883	5/15	ACVR2A;MAGI2;ACVR1B;CER1;DMRT1	GLOM	GO_BP	no_proc_ieg	10098
GOBP_POSITIVE_REGULATION_OF_AMINE_TRANSPORT	-1.3808932302393686	0.0835117773019272	0.2827933432501582	11/32	ACE2;KMO;ABAT;SLC38A3;SLC18A3;OXT;AVP;RAB3GAP1;CHRNB2;CARTPT;TRH	GLOM	GO_BP	no_proc_ieg	10098
GOBP_RESPIRATORY_GASEOUS_EXCHANGE_BY_RESPIRATORY_SYSTEM	-1.3821401592494234	0.061507936507936505	0.28142023672730143	11/54	TRAF4;TAS2R4;ADH5;UCP3;AP3B1;GLS;SFTPB;ZFAND5;SPAG16;GRPR;YWHAZ	GLOM	GO_BP	no_proc_ieg	10098
GOBP_REGULATION_OF_CARBOHYDRATE_CATABOLIC_PROCESS	-1.3826455020596482	0.06465517241379311	0.28141266193279874	13/48	GPD1;FBP1;SLC4A4;NUPR1;ALDOB;PRKAG2;PRKAG1;PFKFB1;MLXIPL;IGF1;NCOR1;INSR;PHKA1	GLOM	GO_BP	no_proc_ieg	10098
GOBP_SENSORY_PERCEPTION_OF_LIGHT_STIMULUS	-1.3834499598044845	0.036734693877551024	0.280873420240284	69/143	CACNB2;GABRR2;RBP4;OPA1;RHO;CRYZ;CRYBB3;USH1C;AIPL1;NYX;TULP2;RGR;KCNJ10;BBS1;GUCA1B;ABCC6;RS1;CRX;CPLX3;CLIC5;PDE6A;PAX2;OAT;CABP1;CRB1;RRH;PDE6B;MYO9A;DHRS3;RCVRN;AOC2;EYA3;VSX1;RLBP1;ATXN7;CHRNB2;EYA4;CNGB1;CACNA1F;RIMS1;GRM8;SIX6;IMPG2;UNC119;NR2E3;MYO3A;ABLIM1;RDH11;OPN1SW;TULP1;LRAT;ARR3;MIP;RAX;RPGRIP1;TACSTD2;CACNB4;TRPM1;CRYBA2;NR2E1;MYO7A;GUCA1A;NRL;EFEMP1;CRYGB;KERA;CRYBB2;CEP250;GNAT1	GLOM	GO_BP	no_proc_ieg	10098
GOBP_REGULATION_OF_BLOOD_CIRCULATION	-1.3834767173377513	0.014028056112224449	0.2817339103944024	77/202	CACNB2;BIN1;GPD1L;EGFR;TNNT2;KCNMB2;CTNNA3;MYL3;ACE2;CXADR;CALM2;KCNG2;KCNJ3;ACE;SLC1A1;CACNA2D1;ATP2B3;CYP2J2;BMP10;KCNH6;AGT;ANK2;PDE4D;ADRA1D;FAAH;NKX2-5;TMEM38B;DMD;CHRM2;SPTBN4;MDM2;TACR3;HCN4;SLC8A1;MTNR1B;ADRA1A;SNTA1;DBH;S100A1;KCNIP2;TNNI3;ADRA2C;NPPA;PDE4B;FGA;RGS2;TACR1;OXT;KCNA5;CASR;SLC8A2;AVP;ATP1B1;ADCY10;EDN3;CACNA1D;TBX5;GJA1;FXYD1;ATP2B2;GLP1R;CACNA1H;NOS1;SCN5A;ATP1A1;DOCK5;RYR2;AVPR1B;LEP;DLG1;YWHAE;ADRA1B;ADD3;PER2;AGTR2;ADM2;MC3R	GLOM	GO_BP	no_proc_ieg	10098
GOBP_CELLULAR_RESPONSE_TO_GLUCOCORTICOID_STIMULUS	-1.3842825574286022	0.06134969325153374	0.28121223950872987	7/40	HMGCS2;SSTR2;PCK1;EGFR;PCK2;MYOD1;ASS1	GLOM	GO_BP	no_proc_ieg	10098
GOBP_QUINONE_METABOLIC_PROCESS	-1.3872479370728523	0.10821643286573146	0.2765304577434741	7/15	GPD1;NQO2;NQO1;CRYZL1;COQ7;PDSS2;COQ9	GLOM	GO_BP	no_proc_ieg	10098
GOBP_FEMALE_SEX_DIFFERENTIATION	-1.389115152115797	0.02553191489361702	0.2740270659720205	23/92	STRA6;BMPR1B;ANG;RBP4;ARID5B;BCL2;CHD7;SCAPER;NUPR1;VEGFA;SIRT1;AFP;CGA;ZFPM2;GDF9;AMHR2;LRP2;KIT;SRD5A2;MSH4;DMC1;INSR;CEBPB	GLOM	GO_BP	no_proc_ieg	10098
GOBP_REGULATION_OF_SODIUM_ION_TRANSPORT	-1.390467794510191	0.058823529411764705	0.2723885504355079	17/52	CHP2;GPD1L;PTPN3;HECW1;PRKCE;NHERF1;PER1;NEDD4L;PRSS8;FGF14;CNTN1;NKX2-5;NKAIN1;DMD;SPTBN4;SNTA1;ANK3	GLOM	GO_BP	no_proc_ieg	10098
GOBP_NADP_METABOLIC_PROCESS	-1.3905935208467075	0.08576998050682261	0.2730990302632693	12/37	DCXR;ALDH1L1;NQO1;NNT;FMO1;ALDOB;NOCT;RBKS;NOX1;FMO5;PC;PGD	GLOM	GO_BP	no_proc_ieg	10098
GOBP_REGULATION_OF_CELLULAR_RESPONSE_TO_HYPOXIA	-1.3916602072457591	0.09542743538767395	0.2720632501062292	5/15	DDAH1;TMBIM6;NFE2L2;NOL3;PIK3CB	GLOM	GO_BP	no_proc_ieg	10098
GOBP_MATING_BEHAVIOR	-1.3946890741712548	0.05555555555555555	0.2677318158012559	12/32	ACVR2A;EDDM3A;NCOA1;DRD1;ABAT;MAPK8IP2;TACR1;OXT;MTNR1A;AVP;SLC6A4;DRD5	GLOM	GO_BP	no_proc_ieg	10098
GOBP_POSITIVE_REGULATION_OF_STEROID_METABOLIC_PROCESS	-1.3948904809270124	0.09504950495049505	0.2682875119377036	5/18	APOE;APOA1;DAB2;CGA;FGF1	GLOM	GO_BP	no_proc_ieg	10098
GOBP_BILE_ACID_AND_BILE_SALT_TRANSPORT	-1.3972821351836247	0.07306889352818371	0.26495454007418767	6/20	ABCC2;SLC10A2;ABCD3;NR0B2;ABCC4;AKR1C4	GLOM	GO_BP	no_proc_ieg	10098
GOBP_CELLULAR_RESPONSE_TO_FATTY_ACID	-1.3976036722475813	0.07818930041152264	0.26521581316218856	8/29	HMGCS2;LPL;ASS1;AKR1C3;PDK4;CPS1;AKR1C4;NR1H4	GLOM	GO_BP	no_proc_ieg	10098
GOBP_TONGUE_DEVELOPMENT	-1.3977975301304078	0.06932773109243698	0.26578344737032666	8/15	WNT10B;EGFR;HOXC13;BNC2;KIT;HAND2;CTNNB1;GLI3	GLOM	GO_BP	no_proc_ieg	10098
GOBP_C21_STEROID_HORMONE_METABOLIC_PROCESS	-1.3978285621685689	0.079002079002079	0.26662492950108063	9/31	CYP17A1;HSD3B2;BMP5;CYP11B2;AKR1C3;DAB2;AFP;CYP46A1;AKR1C4	GLOM	GO_BP	no_proc_ieg	10098
GOBP_REGULATION_OF_MEMBRANE_POTENTIAL	-1.398527809526305	0.0	0.266328799697663	107/327	ALB;PPA2;CACNB2;BIN1;GABRR2;SLC34A1;NDUFS1;GPD1L;BCL2;KCNMB2;PTPN3;PRKN;PRKCZ;KCNH4;DLD;KCNQ3;SLC4A4;CTNNA3;NNT;KCNS1;KCNV2;KCNA4;CXADR;KCNG2;KCNJ3;KCNG1;KCNJ10;DCN;CACNA2D1;NEDD4L;PRDX3;MPP2;KCNH6;DRD1;KCNK5;ANK2;ABAT;GLRX;CHRNA3;DMD;NRXN1;BAIAP2;SLC25A36;HCN4;CACNA1I;PYCR1;SLC8A1;KCNA10;MTNR1B;ADRA1A;SNTA1;ANK3;SCN7A;CACNG2;MAPK8IP2;FHL1;KMT2A;KCNQ2;SCN1A;KCNIP2;GABRQ;WWP2;AKAP6;P2RX2;NPPA;TACR1;SPART;SLC26A3;GABRB2;KCNA5;GABRA1;SLC8A2;BEST2;ATP1B1;KCNK12;MET;ACTN2;ADCY10;GRIK5;SCN2A;GRIK3;GRIN2B;HTR3A;RAB3GAP1;CACNA1D;TBX5;SLC6A4;GJA1;FXYD1;ASIC1;CHRNB2;KCNB2;ZMYND8;CACNA1H;UBB;CNGB1;BNIP3L;NOS1;RIMS1;KCNK7;CLCN1;SCN5A;GABRA4;KCNF1;KCNK10;MAPT;ATP1A1	GLOM	GO_BP	no_proc_ieg	10098
GOBP_EXOCRINE_SYSTEM_DEVELOPMENT	-1.4000738693478105	0.07738095238095238	0.2646624191879196	10/35	EGFR;SEMA3C;ASCL3;ESRP2;EDA;FGFR2;TFCP2L1;EDAR;INSR;SOX10	GLOM	GO_BP	no_proc_ieg	10098
GOBP_NEGATIVE_REGULATION_OF_JNK_CASCADE	-1.4016796430886953	0.08928571428571429	0.2626819460087646	8/26	PRKN;AMBP;SIRPA;F2RL1;PER1;HIPK3;NCOR1;NPPA	GLOM	GO_BP	no_proc_ieg	10098
GOBP_RETINA_MORPHOGENESIS_IN_CAMERA_TYPE_EYE	-1.4017395024191008	0.056338028169014086	0.26346417417633666	22/39	RBP4;RHO;USH1C;SLC1A1;TSPAN12;RS1;AHI1;CRB1;PRDM1;TFAP2A;PROX1;VSX1;IMPG2;DIO3;HIPK1;RPGRIP1;PROM1;THY1;NRL;DSCAM;GNAT1;SOX9	GLOM	GO_BP	no_proc_ieg	10098
GOBP_RIBOSE_PHOSPHATE_METABOLIC_PROCESS	-1.4017618132659722	0.006263048016701462	0.26433023126932326	67/318	PDK2;ACSM3;PDE8A;HMGCS2;ACAT1;SLC27A2;OGDHL;GPD1;GLYAT;FBP1;ADCY1;SDHC;OPA1;ACSF2;ACOT11;NDUFS1;PIPOX;PAPSS1;DPYS;PGM1;ACOT7;DLD;SLC4A4;MCCC2;ADCY8;NUPR1;ATP6V1A;MTHFD1;PFKFB2;UPB1;ACSM5;ALDOB;PKLR;SDHB;PRPS1L1;ATP5F1B;SULT1B1;ACSBG2;PRPSAP2;PRKAG2;NDUFA10;DHTKD1;ABCC6;BAAT;LDHC;PRKAG1;PDK4;SDHD;OLA1;ACSL1;PDE4D;PDHA1;RORA;PFKFB1;PGAM2;GALK1;ADK;MLXIPL;IGF1;MLYCD;GCDH;NCOR1;ENTPD5;PDK1;NME5;INSR;ATP5MC3	GLOM	GO_BP	no_proc_ieg	10098
GOBP_POSITIVE_REGULATION_OF_PEPTIDYL_SERINE_PHOSPHORYLATION	-1.4019702818301598	0.048879837067209775	0.26487516323161436	20/58	BCL2;EGFR;IFNA5;HDAC6;TFRC;IP6K2;SPRY2;NGF;MAPKAP1;IL11;RIPK2;AVP;BRAF;AXIN1;IFNA2;NOS1;IFNW1;BCAR3;NTRK3;LATS1	GLOM	GO_BP	no_proc_ieg	10098
GOBP_REGULATION_OF_PH	-1.4022025157425386	0.034764826175869123	0.2653934639688631	18/66	PDK2;CA2;SLC4A5;BCL2;SLC4A4;CCKBR;ATP6V1A;ATP12A;ATP6V0A4;RHCG;ATP5F1B;PDK4;ATP6V1F;OCA2;SLC9A6;SLC26A3;SLC26A4;AVP	GLOM	GO_BP	no_proc_ieg	10098
GOBP_CARBOHYDRATE_BIOSYNTHETIC_PROCESS	-1.402255701785666	0.014925373134328358	0.2661837034269391	31/143	SLC37A4;PDK2;AKR1A1;SLC39A14;RBP4;GPD1;FBP1;G6PC1;PCK1;PCK2;PRKG1;PGM1;EGF;FUT6;GOT1;GYG2;IRS2;GNMT;ALDOB;LEPR;PTH1R;SIRT1;SLC25A10;FUT3;RGN;MAS1;PFKFB1;PGAM2;PPARGC1A;SLC25A12;IGF1	GLOM	GO_BP	no_proc_ieg	10098
GOBP_MEMBRANE_DEPOLARIZATION	-1.403484340984075	0.024742268041237112	0.2649322629729097	26/75	ALB;CACNB2;GPD1L;BCL2;PTPN3;PRKCZ;KCNQ3;DCN;CACNA2D1;NEDD4L;ANK2;CHRNA3;HCN4;SLC8A1;ANK3;CACNG2;FHL1;KMT2A;SCN1A;BEST2;ADCY10;CACNA1D;TBX5;SLC6A4;GJA1;CHRNB2	GLOM	GO_BP	no_proc_ieg	10098
GOBP_ORGANIC_ACID_TRANSMEMBRANE_TRANSPORT	-1.4037488143119692	0.023206751054852322	0.2653394937068235	39/92	SLC6A13;SLC1A5;THBS1;SLC13A3;ABCD3;ACE2;SLC3A1;SLC47A1;IRS2;SLC1A1;SLC13A2;KCNJ10;SLC7A9;SLC25A10;MPC1;ABCB1;SFXN1;ACSL1;SLC25A12;SLC16A7;SLC22A2;LRP2;SLC38A3;RGS2;SLC3A2;SLC25A13;GFAP;SLC6A8;SLC17A7;SLC6A7;TSPO2;CPT2;ACACB;GRM1;SLC25A38;SLC19A1;ABCD2;PER2;TTYH1	GLOM	GO_BP	no_proc_ieg	10098
GOBP_DICARBOXYLIC_ACID_TRANSPORT	-1.404534781742732	0.028225806451612902	0.26487752461024444	26/75	ABCC2;SLC1A5;SLC13A3;PRKG1;SLC22A6;SLC3A1;SLC1A1;SLC13A2;SLC22A7;KCNJ10;FOLR1;SLC25A10;KMO;SLC19A2;AGXT;ABAT;SLC25A12;LRP2;SLC26A3;SLC26A4;AVP;SLC25A13;GFAP;SLC17A7;RAB3GAP1;GJA1	GLOM	GO_BP	no_proc_ieg	10098
GOBP_G_PROTEIN_COUPLED_RECEPTOR_SIGNALING_PATHWAY_COUPLED_TO_CYCLIC_NUCLEOTIDE_SECOND_MESSENGER	-1.4051146479558418	0.04680851063829787	0.26479575291620644	21/46	SSTR2;NPY;PTH1R;HRH3;CHRM5;AGT;DRD1;CHRM2;HRH4;MTNR1B;HTR1F;GALR3;MTNR1A;HTR4;MC5R;HTR7;ADRB3;CNR2;AGTR2;MC3R;XCR1	GLOM	GO_BP	no_proc_ieg	10098
GOBP_CARDIAC_CELL_DEVELOPMENT	-1.4056809172995357	0.031055900621118012	0.2647506430518733	21/62	PRKG1;TCAP;NEBL;CXADR;BMPR1A;VEGFA;BMP10;NEB;FHOD3;NKX2-5;IGF1;SLC8A1;ADRA1A;PDLIM5;AKAP6;RGS2;SMAD4;TGFBR3;ACTN2;PROX1;TBX5	GLOM	GO_BP	no_proc_ieg	10098
GOBP_RESPONSE_TO_ZINC_ION	-1.4059865371517635	0.045816733067729085	0.2651131622391992	14/31	MT1G;ALAD;MT1X;MT3;ASS1;MT1F;KHK;CPS1;MT4;SLC30A3;HAAO;MT2A;MT1M;AANAT	GLOM	GO_BP	no_proc_ieg	10098
GOBP_RENAL_ABSORPTION	-1.4066139070825168	0.08713692946058091	0.26486884849826414	7/29	CLCNKB;SLC5A2;HNF1A;UMOD;NHERF1;SLC12A3;AKR1C3	GLOM	GO_BP	no_proc_ieg	10098
GOBP_STEROID_CATABOLIC_PROCESS	-1.4066613787990387	0.07246376811594203	0.2657267629704836	7/22	CYP27B1;CYP3A4;APOE;HSD17B14;CYP46A1;SRD5A2;SPP1	GLOM	GO_BP	no_proc_ieg	10098
GOBP_COLLATERAL_SPROUTING	-1.4079962348773354	0.07042253521126761	0.2642459394052804	9/24	PRKG1;HDAC6;COBL;EPHA7;ULK1;SEMA4D;SPP1;PTPRS;SPART	GLOM	GO_BP	no_proc_ieg	10098
GOBP_GASTRULATION_WITH_MOUTH_FORMING_SECOND	-1.4089596956374917	0.06693711967545639	0.26359788750731505	6/19	ACVR2A;FOXA2;FRS2;NAT8B;CTNNB1;SMAD4	GLOM	GO_BP	no_proc_ieg	10098
GOBP_PROSTAGLANDIN_TRANSPORT	-1.4123931449360647	0.059322033898305086	0.2586750287091012	7/27	SLC22A8;SLC22A6;SLC22A11;SLC22A7;ABCC4;SLC22A2;SLC22A1	GLOM	GO_BP	no_proc_ieg	10098
GOBP_CELLULAR_RESPONSE_TO_ESTRADIOL_STIMULUS	-1.4158385981509307	0.07129094412331406	0.2540093292571793	8/28	SSTR2;AIFM1;EGFR;ESR2;MYOD1;MYOG;KAT5;ESR1	GLOM	GO_BP	no_proc_ieg	10098
GOBP_NEUTRAL_LIPID_BIOSYNTHETIC_PROCESS	-1.4166094326544354	0.06903765690376569	0.2536683836824521	8/29	LPIN1;ANG;PCK1;PLCE1;PCK2;SIRT1;ACSL1;RGN	GLOM	GO_BP	no_proc_ieg	10098
GOBP_REGULATION_OF_OXIDATIVE_STRESS_INDUCED_INTRINSIC_APOPTOTIC_SIGNALING_PATHWAY	-1.4168817583008666	0.07484407484407485	0.25419984102646115	14/32	PRODH;PRKN;SIRT1;FYN;NOX1;PYCR1;NME5;CTNNB1;NFE2L2;NOL3;FBXO7;ADCY10;FBXW7;MCL1	GLOM	GO_BP	no_proc_ieg	10098
GOBP_PLASMINOGEN_ACTIVATION	-1.4172339766341975	0.0594059405940594	0.254500380869097	5/25	APOH;THBS1;SERPINF2;HPN;F11	GLOM	GO_BP	no_proc_ieg	10098
GOBP_STEROL_BIOSYNTHETIC_PROCESS	-1.4176663744124436	0.0389344262295082	0.2546675390967159	16/49	HMGCS2;APOE;ACAA2;MBTPS2;TM7SF2;APOA1;IDI1;EBP;PRKAG2;INSIG2;FGF1;CYB5R2;ERLIN1;DHCR7;ERLIN2;NPC1L1	GLOM	GO_BP	no_proc_ieg	10098
GOBP_PHOSPHATIDYLETHANOLAMINE_METABOLIC_PROCESS	-1.4193683031548867	0.08806262230919765	0.2527493382097023	10/20	LPIN1;PLAAT2;ETNK2;PLA2G2A;ALOX15;PISD;CHKA;ETNK1;PCYT2;PLA2G2D	GLOM	GO_BP	no_proc_ieg	10098
GOBP_REGULATION_OF_NUCLEOTIDE_CATABOLIC_PROCESS	-1.420153796288087	0.05360824742268041	0.25231940471995795	11/41	GPD1;FBP1;SLC4A4;NUPR1;PRKAG2;PRKAG1;PFKFB1;MLXIPL;IGF1;NCOR1;INSR	GLOM	GO_BP	no_proc_ieg	10098
GOBP_BIOGENIC_AMINE_METABOLIC_PROCESS	-1.4208422277050035	0.029106029106029108	0.25195483146470615	27/71	PRKN;HDAC6;PAH;MAOB;GDPD3;ALDH2;MAOA;DDC;AOC1;SLC1A1;SULT1B1;KMO;DRD1;ABAT;TACR3;HAND2;GCDH;DRD3;KL;DBH;PAOX;PNMT;HAAO;AOC2;SULT1A2;HNMT;CHRNB2	GLOM	GO_BP	no_proc_ieg	10098
GOBP_REGULATION_OF_MEMBRANE_REPOLARIZATION	-1.4210881994249247	0.060851926977687626	0.25249177279327395	15/27	CACNA2D1;NEDD4L;KCNH6;ANK2;SNTA1;AKAP6;NPPA;KCNA5;ADCY10;CACNA1D;GJA1;NOS1;SCN5A;YWHAE;AKAP9	GLOM	GO_BP	no_proc_ieg	10098
GOBP_REGULATION_OF_MUSCLE_SYSTEM_PROCESS	-1.4229932651973438	0.007952286282306162	0.2502408672699415	60/165	PPP1R12B;CACNB2;BIN1;SETD3;TNNT2;PRKG1;CTNNA3;MYL3;ACE2;CALM2;GTF2IRD1;BMP10;CAMK2G;AGT;ANK2;GHSR;ABAT;PDE4D;NKX2-5;CHRNA3;TMEM38B;DMD;CHRM2;TACR3;IGF1;HCN4;KIT;HAND2;MYL5;SLC8A1;ADRA1A;MYBPC3;MYOG;TNNI3;ADRA2C;AKAP6;NPPA;NOL3;PDE4B;RGS2;CALCA;TACR1;OXT;SMAD4;NFATC3;ATP1B1;PRKCA;TNNI1;ADCY10;SGCA;KCNB2;TRPV4;FOXO1;NOS1;SCN5A;ATP1A1;DOCK5;ACACB;RYR2;CACNG1	GLOM	GO_BP	no_proc_ieg	10098
GOBP_INHIBITORY_SYNAPSE_ASSEMBLY	-1.425314756134581	0.06986027944111776	0.24724694289582969	10/18	CLSTN2;SRGAP2;SEMA4D;GABRB2;GABRA1;GABRA4;GABRG3;GABRA5;GABRA3;SEMA4A	GLOM	GO_BP	no_proc_ieg	10098
GOBP_TRANSEPITHELIAL_TRANSPORT	-1.4260532541817035	0.049800796812749	0.24709636311163205	10/31	CLCNKB;ABCC2;CXADR;RHCG;SLC1A1;ABCB1;RHBG;ABCG2;GPLD1;CSF2	GLOM	GO_BP	no_proc_ieg	10098
GOBP_INTRACELLULAR_IRON_ION_HOMEOSTASIS	-1.4271043342051382	0.033264033264033266	0.2463693129066742	9/43	BDH2;SLC39A14;FTL;SLC11A2;ACO1;ATP6V1A;TFRC;HPX;ABCB7	GLOM	GO_BP	no_proc_ieg	10098
GOBP_LIPID_LOCALIZATION	-1.4276670271926983	0.0	0.24642791453625873	67/315	APOH;STRA6;SLC22A8;LPL;GULP1;SLC27A2;RBP4;CIDEA;ABCC2;VPS13D;THBS1;CYP4A11;SLC13A3;SLC10A2;APOE;SERPINA5;UCP3;PRKN;SLC22A6;EGF;OSBPL9;VPS13B;APOO;BLTP1;ATP8A1;APOM;OSBPL10;CYP4F2;ABCD3;PON1;FABP1;IRS2;APOA1;SLC22A11;ACE;SLC22A7;SIRT1;PLA2G2A;DAB2;SLC25A10;APOC3;HILPDA;ATP11B;TSKU;AGT;ABCB1;NR0B2;ACSL1;SLC66A2;ABCG5;ABCC4;FABP2;SLC22A2;GDF9;SLC22A1;PISD;CRY2;APOA2;SOAT2;AKR1C4;FABP7;LPA;PTCH1;DRD3;APOD;SPP1;ATP10B	GLOM	GO_BP	no_proc_ieg	10098
GOBP_VENTRICULAR_CARDIAC_MUSCLE_TISSUE_DEVELOPMENT	-1.4280909681000256	0.030364372469635626	0.24659754216042848	19/46	TNNT2;CHD7;MYL3;BMPR1A;FGFR2;BMP10;MBD2;NRG1;NKX2-5;ZFPM2;LRP2;MYBPC3;HAND1;TNNI3;SMAD4;TGFBR3;TNNI1;PROX1;TBX5	GLOM	GO_BP	no_proc_ieg	10098
GOBP_PROTON_TRANSMEMBRANE_TRANSPORT	-1.4288988474172724	0.031512605042016806	0.24605872192354897	27/84	CHP2;UCP3;SLC25A5;CYB5A;SLC11A2;COX8A;NNT;ATP6V1A;ATP12A;SLC47A1;ATP6V0A4;ATP5F1B;LETM1;SLC25A12;ATP6V1F;SLC15A1;ATP5MC3;SLC18A3;COX7A2L;SLC9A6;IL13;CYC1;ATP1B1;SLC25A13;SLC17A7;ATP6V0A1;SURF1	GLOM	GO_BP	no_proc_ieg	10098
GOBP_POSITIVE_REGULATION_OF_TRANSFORMING_GROWTH_FACTOR_BETA_PRODUCTION	-1.4300674852581976	0.08943089430894309	0.24519161944656276	5/16	THBS1;SERPINF2;BMPR1A;FERMT1;SERPINB7	GLOM	GO_BP	no_proc_ieg	10098
GOBP_SODIUM_ION_IMPORT_ACROSS_PLASMA_MEMBRANE	-1.4315267612210727	0.08817635270541083	0.24374161761907276	11/17	SLC34A1;SLC5A2;SCNN1A;HCN4;SLC8A1;SLC9A6;SCNN1B;SLC9A3;SLC5A1;SLC9A2;SLC9A5	GLOM	GO_BP	no_proc_ieg	10098
GOBP_FIBRINOLYSIS	-1.4319182460011832	0.06490872210953347	0.24396133858763316	6/25	APOH;THBS1;PLG;SERPINF2;HRG;F11	GLOM	GO_BP	no_proc_ieg	10098
GOBP_POSITIVE_REGULATION_OF_GLUCOSE_IMPORT	-1.4319319838374795	0.04780114722753346	0.2448830141502565	16/24	PRKCI;IRS2;KLF15;IGF1;INSR;NFE2L2;PIK3R1;TERT;ADIPOQ;OPN3;FGF21;CLTCL1;CREBL2;SLC1A2;INS;GPC3	GLOM	GO_BP	no_proc_ieg	10098
GOBP_CATECHOL_CONTAINING_COMPOUND_BIOSYNTHETIC_PROCESS	-1.4325724156411754	0.0641025641025641	0.24478997515784526	7/18	PAH;ALDH2;DDC;HAND2;KL;DBH;PNMT	GLOM	GO_BP	no_proc_ieg	10098
GOBP_MOTILE_CILIUM_ASSEMBLY	-1.4329573898282093	0.04878048780487805	0.24514718289732215	15/30	IFT57;SPAG6;BBOF1;SPAG16;AHI1;IFT81;JHY;RSPH6A;CFAP69;SPATA6;DNAAF1;MKS1;CFAP43;FOXJ1;ATMIN	GLOM	GO_BP	no_proc_ieg	10098
GOBP_INTRACILIARY_TRANSPORT	-1.4370603622916904	0.04150943396226415	0.23941072581684897	14/30	DYNC2H1;IFT57;ARL3;IFT81;IFT25;SSX2IP;IFT88;PCM1;MAK;TUB;IFT46;DYNC2LI1;IFT56;IFT22	GLOM	GO_BP	no_proc_ieg	10098
GOBP_NEGATIVE_REGULATION_OF_OXIDATIVE_STRESS_INDUCED_INTRINSIC_APOPTOTIC_SIGNALING_PATHWAY	-1.4370944743144756	0.07531380753138076	0.24028389466505007	9/22	PRKN;SIRT1;FYN;PYCR1;NME5;CTNNB1;NFE2L2;NOL3;FBXO7	GLOM	GO_BP	no_proc_ieg	10098
GOBP_CARDIAC_MUSCLE_CONTRACTION	-1.4384864464175815	0.01984126984126984	0.23903911200058925	36/111	CACNB2;BIN1;GPD1L;TNNT2;TCAP;CTNNA3;MYL3;ACE2;CALM2;KCNJ3;CACNA2D1;NEDD4L;BMP10;ANK2;PDE4D;NKX2-5;TMEM38B;DMD;HCN4;SLC8A1;ADRA1A;SNTA1;MYBPC3;SCN7A;SCN1A;TNNI3;NPPA;PDE4B;RGS2;KCNA5;ATP1B1;TNNI1;ADCY10;SCN2A;CACNA1D;GJA1	GLOM	GO_BP	no_proc_ieg	10098
GOBP_SALIVARY_GLAND_DEVELOPMENT	-1.4397180316146356	0.050314465408805034	0.2378893658132384	8/27	EGFR;SEMA3C;ASCL3;ESRP2;EDA;FGFR2;TFCP2L1;EDAR	GLOM	GO_BP	no_proc_ieg	10098
GOBP_REPRODUCTIVE_BEHAVIOR	-1.4403894438829004	0.04564315352697095	0.23771006166947065	16/41	ACVR2A;EDDM3A;BRINP1;NCOA1;MBD2;DRD1;ABAT;MAPK8IP2;DBH;TACR1;FEV;OXT;MTNR1A;AVP;SLC6A4;DRD5	GLOM	GO_BP	no_proc_ieg	10098
GOBP_PHOTORECEPTOR_CELL_MAINTENANCE	-1.4417360500265675	0.06464646464646465	0.2364576721194277	12/24	RHO;USH1C;IQCB1;BBS1;CRB1;CDHR1;MAK;CNGB1;TUB;TULP1;SLC2A1;PROM1	GLOM	GO_BP	no_proc_ieg	10098
GOBP_REGULATION_OF_CARDIAC_MUSCLE_CELL_MEMBRANE_REPOLARIZATION	-1.4423060448573828	0.07630522088353414	0.23652247008106358	11/19	CACNA2D1;KCNH6;ANK2;SNTA1;NPPA;KCNA5;CACNA1D;GJA1;NOS1;SCN5A;AKAP9	GLOM	GO_BP	no_proc_ieg	10098
GOBP_POTASSIUM_ION_IMPORT_ACROSS_PLASMA_MEMBRANE	-1.4423859323746595	0.04408817635270541	0.23735181384286597	10/36	SLC12A6;KCNJ16;SLC12A3;ATP12A;KCNJ3;KCNJ15;KCNJ10;KCNJ1;KCNK5;HCN4	GLOM	GO_BP	no_proc_ieg	10098
GOBP_REGULATION_OF_FATTY_ACID_METABOLIC_PROCESS	-1.4438287887122057	0.022821576763485476	0.23588652359644813	20/71	PDK2;FMO4;FMO1;FABP1;IRS2;SIRT1;APOC3;PRKAG2;INSIG2;GHSR;PDK4;RGN;SLC22A13;PPARGC1A;ACADL;MLXIPL;MLYCD;GDF15;NCOR1;PDK1	GLOM	GO_BP	no_proc_ieg	10098
GOBP_REGULATION_OF_ANDROGEN_RECEPTOR_SIGNALING_PATHWAY	-1.4439233663916575	0.06768558951965066	0.2367128598672001	9/21	HDAC6;SAFB2;SIRT1;DAB2;PHB1;NCOR1;KDM4C;FOXH1;DDX5	GLOM	GO_BP	no_proc_ieg	10098
GOBP_REGULATION_OF_CIRCADIAN_RHYTHM	-1.4449271817438412	0.010438413361169102	0.23618263709859952	32/83	ADCY1;MAPK8;PRKG1;MAGEL2;RORC;NOCT;PER1;USP2;MAPK10;RORA;PPARGC1A;CRY2;MTNR1B;OPRL1;PDE6B;BHLHE40;HNF4A;KAT5;CSF2;PIWIL2;PROX1;FBXW7;KDM2A;CRH;CHRNB2;PRKDC;PPP1CC;THRAP3;PER3;SIAH2;NONO;PER2	GLOM	GO_BP	no_proc_ieg	10098
GOBP_NEGATIVE_REGULATION_OF_COAGULATION	-1.4451412439551494	0.03992015968063872	0.23680747277410444	11/44	APOH;KNG1;THBS1;APOE;PLG;PRKG1;SERPINF2;HRG;F11;ADTRP;PROC	GLOM	GO_BP	no_proc_ieg	10098
GOBP_STEROL_METABOLIC_PROCESS	-1.4464458161596778	0.012345679012345678	0.23570388101840772	34/110	HMGCS2;EPHX2;CYP3A4;APOE;ACAA2;CUBN;CYP11B2;MBTPS2;PON1;TM7SF2;APOA1;LEPR;IDI1;FDX1;EBP;PRKAG2;TSKU;INSIG2;NR0B2;ACADL;CYP46A1;APOA2;SOAT2;FGF1;FMO5;FECH;NR1H4;CYB5R2;ERLIN1;DHCR7;CAT;ABCA5;ERLIN2;NPC1L1	GLOM	GO_BP	no_proc_ieg	10098
GOBP_STEROL_HOMEOSTASIS	-1.4466788251070104	0.028629856850715747	0.2362517848470518	17/57	ACSM3;LPL;EPHX2;G6PC1;APOE;APOM;APOA1;SIRT1;APOC3;TSKU;ABCG5;RORA;APOA2;SOAT2;FGFR4;NR1H4;HNF4A	GLOM	GO_BP	no_proc_ieg	10098
GOBP_C4_DICARBOXYLATE_TRANSPORT	-1.4467392373833468	0.06126482213438735	0.23714431919891293	8/21	SLC1A5;SLC13A3;SLC3A1;SLC1A1;SLC13A2;SLC25A10;ABAT;SLC25A12	GLOM	GO_BP	no_proc_ieg	10098
GOBP_REPRODUCTIVE_SYSTEM_DEVELOPMENT	-1.4473682427364838	0.0	0.23714096712038407	56/221	STRA6;BMPR1B;ANG;LGR4;RBP4;ARID5B;BMP5;SMARCC1;ACVR2A;BCL2;SDC1;CHD7;CSDE1;BIK;SCAPER;NUPR1;GATA1;SAFB2;FGFR2;ACE;AKR1C3;VEGFA;SIRT1;PRPS1L1;NCOA1;AFP;ING2;CGA;MAS1;ZFPM2;GREB1L;DMRT1;GDF9;TEX11;AMHR2;ID4;LRP2;KIT;SRD5A2;RHOBTB3;FRS2;MSH4;DMC1;PTCH1;INSR;PLEKHA5;SALL1;RNF38;CEBPB;CTNNB1;ADAM30;HSD17B3;SMAD4;MAMLD1;INHA;ESR1	GLOM	GO_BP	no_proc_ieg	10098
GOBP_POSITIVE_REGULATION_OF_CYCLASE_ACTIVITY	-1.4479311991734725	0.06134969325153374	0.237215022682589	10/26	LGR4;MAPK8;LGR5;DRD1;CACNA1D;GLP1R;DRD5;GIPR;NOS1;NOS2	GLOM	GO_BP	no_proc_ieg	10098
GOBP_RESPONSE_TO_CALCIUM_ION	-1.4491734406559182	0.014957264957264958	0.23617512548680755	38/100	CHP2;ADCY1;THBS1;EGFR;TNNT2;KCNMB2;SDC1;CPNE3;KCNQ3;DPEP1;ADCY8;CALM2;AKR1C3;ALOX15;CAPN3;TRPV6;CPNE6;TXNIP;DMTN;SLC25A12;CACNG2;KCNIP2;PENK;FGA;GPLD1;RYR3;CASR;SLC25A13;CPNE7;BRAF;MNAT1;TRPM2;GIPR;AANAT;SCN5A;HPCA;RYR2;TSHB	GLOM	GO_BP	no_proc_ieg	10098
GOBP_REGULATION_OF_RESPONSE_TO_NUTRIENT_LEVELS	-1.4494145140399293	0.06060606060606061	0.23680351040468375	9/25	NPY;CYP27B1;BCL2;GHR;MT3;VDR;GHSR;GDF15;NR1H4	GLOM	GO_BP	no_proc_ieg	10098
GOBP_REGULATION_OF_STEROID_METABOLIC_PROCESS	-1.4494440633898535	0.02074688796680498	0.237780775095251	21/70	EPHX2;BMP5;CYP27B1;APOE;PRKG1;MBTPS2;APOA1;AKR1C3;SIRT1;RORC;DAB2;INSIG2;CGA;RORA;ACADL;KIT;FGF1;FMO5;FGFR4;NR1H4;ERLIN1	GLOM	GO_BP	no_proc_ieg	10098
GOBP_REGULATION_OF_MUSCLE_CONTRACTION	-1.4494595869840472	0.01016260162601626	0.23876635693212095	46/121	PPP1R12B;CACNB2;BIN1;SETD3;TNNT2;PRKG1;CTNNA3;MYL3;ACE2;CALM2;BMP10;ANK2;GHSR;ABAT;PDE4D;NKX2-5;CHRNA3;TMEM38B;DMD;CHRM2;TACR3;HCN4;KIT;MYL5;SLC8A1;ADRA1A;MYBPC3;TNNI3;ADRA2C;NPPA;PDE4B;RGS2;CALCA;TACR1;OXT;ATP1B1;TNNI1;ADCY10;KCNB2;TRPV4;NOS1;SCN5A;ATP1A1;DOCK5;RYR2;CACNG1	GLOM	GO_BP	no_proc_ieg	10098
GOBP_CARDIAC_MUSCLE_CELL_ACTION_POTENTIAL_INVOLVED_IN_CONTRACTION	-1.44989135333965	0.03508771929824561	0.23913893875655565	20/47	CACNB2;BIN1;GPD1L;CTNNA3;KCNJ3;CACNA2D1;NEDD4L;ANK2;SNTA1;SCN7A;SCN1A;KCNA5;SCN2A;CACNA1D;GJA1;NOS1;SCN5A;ATP1A1;RYR2;DLG1	GLOM	GO_BP	no_proc_ieg	10098
GOBP_VENTRICULAR_CARDIAC_MUSCLE_CELL_MEMBRANE_REPOLARIZATION	-1.4511063046469954	0.06302521008403361	0.2380471596333415	14/20	KCNJ3;CACNA2D1;KCNH6;ANK2;SNTA1;GJA1;NOS1;SCN5A;AKAP9;SCN2B;KCND3;KCNE2;KCNE5;KCNQ1	GLOM	GO_BP	no_proc_ieg	10098
GOBP_THYROID_HORMONE_METABOLIC_PROCESS	-1.451119033061174	0.0653061224489796	0.23906182896039868	14/23	HPN;CRYM;TG;SULT1B1;DIO1;CGA;SULT2A1;DIO3;SLC5A5;GCNT4;PAX8;SLCO1C1;SLC16A2;DUOX2	GLOM	GO_BP	no_proc_ieg	10098
GOBP_TERTIARY_ALCOHOL_METABOLIC_PROCESS	-1.4517334697122386	0.08041237113402062	0.23911242858783943	8/19	AKR1A1;BMP5;HSD11B2;CYP11B2;AKR1C3;AKR1C4;CBR4;AKR7A2	GLOM	GO_BP	no_proc_ieg	10098
GOBP_MONOATOMIC_ANION_TRANSPORT	-1.4522415459611475	0.012552301255230125	0.23925542910790365	34/115	CA2;CLCNKB;SLC39A14;GABRR2;SLC12A6;SLC4A5;ABCC2;SLC22A6;SLC4A4;SLC12A3;CLCN5;SLC17A3;SLC17A1;SLC1A1;TG;RIPK1;ABCB1;ABCC6;CLCN6;ABCC4;CLIC5;OCA2;GABRQ;SLC17A4;SLC13A1;CCT8L2;CLCA1;SLC26A3;GABRB2;FXYD3;CASR;GABRA1;SLC26A4;BEST2	GLOM	GO_BP	no_proc_ieg	10098
GOBP_CELLULAR_RESPONSE_TO_OXYGEN_LEVELS	-1.4525405985919235	0.003976143141153081	0.23980761279137874	35/118	DDAH1;AIFM1;NDRG1;PCK1;BCL2;ACAA2;PRKCE;ATP6V1A;MYOD1;FABP1;MT3;FGFR2;VEGFA;SIRT1;HILPDA;FAM162A;MPL;SDHD;NDNF;RORA;MDM2;NOX1;PDK1;TMBIM6;NFE2L2;CLCA1;NOL3;PIK3CB;CASR;TERT;SCN2A;FOXO1;GAD2;BMP7;BNIP3L	GLOM	GO_BP	no_proc_ieg	10098
GOBP_RENAL_SYSTEM_DEVELOPMENT	-1.4542776815314735	0.0	0.2380222590390724	59/237	STRA6;AQP2;HMGCS2;ACAT1;LGR4;RBP4;SLC34A1;ARID5B;ARG2;MAGI2;CYP4A11;BCL2;PLCE1;HNF1A;SDC1;DYNC2H1;SLC22A6;CER1;UMOD;LGR5;DDC;FGFR2;ASS1;CTSH;ACE;MME;VEGFA;ARL3;OVOL1;KLF15;BMP10;EPHA7;AGT;ENPEP;ASXL1;EMX2;RGN;GREB1L;DLG5;ZBTB16;SLC22A1;AHI1;PAX2;LRP2;FGF1;IFT25;ERBB4;PTCH1;PRDM1;SALL1;CTNNB1;MPST;IL6R;GLI3;CAT;RARB;PTPRO;SMAD4;IFT88	GLOM	GO_BP	no_proc_ieg	10098
GOBP_MITOCHONDRIAL_TRANSPORT	-1.4553518612107463	0.008146639511201629	0.2371607023652592	30/96	AFG3L2;HSPA9;AIFM1;TST;MTCH2;MICU1;BCL2;UCP3;ACAA2;PRKN;SLC25A5;EYA2;MPC1;SFXN1;MAIP1;LETM1;SLC25A12;SLC25A36;ABCB7;SLC25A28;GRPEL1;NOL3;NPTX1;SLC25A13;ADCY10;SLC25A46;BNIP3L;MICU2;AGK;CPT2	GLOM	GO_BP	no_proc_ieg	10098
GOBP_FATTY_ACID_BIOSYNTHETIC_PROCESS	-1.456585707243489	0.021141649048625793	0.23625252607846153	41/112	ACSM3;LPL;GSTM4;CYP3A4;ACOT7;PRKAB1;CYP2C8;ABCD3;ACSM5;AKR1C3;SIRT1;HSD17B8;ALOX15;APOC3;ACSBG2;PRKAG2;ALOX12B;INSIG2;PRKAG1;PDK4;PECR;RGN;ACADL;MLXIPL;MLYCD;CBR4;OLAH;PLA2G1B;CYP2E1;ERLIN1;CYP1A1;AVP;ERLIN2;PLP1;FA2H;ALOXE3;APOA4;DECR2;ELOVL4;ACACB;KLHL25	GLOM	GO_BP	no_proc_ieg	10098
GOBP_DETECTION_OF_CHEMICAL_STIMULUS_INVOLVED_IN_SENSORY_PERCEPTION_OF_TASTE	-1.4578811732376236	0.054	0.23523835578926022	14/22	TAS2R4;AZGP1;PKD2L1;LPO;CA6;TAS2R14;TAS2R1;PIP;TAS2R8;TAS2R3;TAS2R7;TAS2R9;TAS2R10;PIGR	GLOM	GO_BP	no_proc_ieg	10098
GOBP_NEGATIVE_REGULATION_OF_INTRINSIC_APOPTOTIC_SIGNALING_PATHWAY	-1.4586091167212687	0.025477707006369428	0.23514363439395203	22/72	USP47;DDX3X;OPA1;URI1;BCL2;PRKN;SIRT1;ACKR3;FYN;HERPUD1;ING2;MDM2;PYCR1;NME5;TMBIM6;IVNS1ABP;CTNNB1;NFE2L2;NOL3;PARL;PIK3CB;NDUFS3	GLOM	GO_BP	no_proc_ieg	10098
GOBP_GLUCOSE_IMPORT	-1.4588494709291202	0.031683168316831684	0.23572385234978768	27/50	PRKCI;HNF1A;IRS2;ACE;KLF15;PRKAG2;DRD1;IGF1;INSR;NFE2L2;PLA2G1B;PIK3R1;TERT;STXBP3;ACACB;LEP;SGCB;SLC2A1;ADIPOQ;SLC2A4;ENPP1;OPN3;FGF21;APPL2;CLTCL1;CREBL2;SLC1A2	GLOM	GO_BP	no_proc_ieg	10098
GOBP_VITAMIN_BIOSYNTHETIC_PROCESS	-1.4591179923064803	0.03977272727272727	0.23636090467884233	6/19	AKR1A1;CYP27B1;CYP3A4;SLC19A3;SLC19A2;RGN	GLOM	GO_BP	no_proc_ieg	10098
GOBP_POSITIVE_REGULATION_OF_MUSCLE_HYPERTROPHY	-1.4595050622381682	0.06490872210953347	0.2367963593829482	9/18	BMP10;AGT;IGF1;HAND2;ADRA1A;AKAP6;NFATC3;PRKCA;ADCY10	GLOM	GO_BP	no_proc_ieg	10098
GOBP_ARACHIDONIC_ACID_METABOLIC_PROCESS	-1.4598262750302455	0.0496031746031746	0.23731589021333582	17/37	CYP2B6;CYP4A11;CYP2A13;CYP2C8;CYP4F2;AKR1C3;ALOX15;CYP2J2;ALOX12B;FAAH;CYP2E1;CYP1A1;CYP2A6;ABHD6;CYP2C18;CYP2A7;ALOXE3	GLOM	GO_BP	no_proc_ieg	10098
GOBP_RESPONSE_TO_GLUCAGON	-1.4602795813041272	0.06809338521400778	0.23777980315733277	6/20	HMGCS2;PCK1;ADCY8;ASS1;CPS1;PFKFB1	GLOM	GO_BP	no_proc_ieg	10098
GOBP_NEUTRAL_LIPID_CATABOLIC_PROCESS	-1.4614635685061454	0.060291060291060294	0.23681688347138627	10/21	LPL;PNPLA4;AADAC;PNLIPRP2;APOC3;FAAH;CPS1;APOA2;GPLD1;ABHD6	GLOM	GO_BP	no_proc_ieg	10098
GOBP_CIRCULATORY_SYSTEM_PROCESS	-1.4635068146609655	0.0	0.2346388967844152	169/459	SLC22A8;ACSM3;SNX5;KLK1;SLC2A5;CACNB2;BIN1;KNG1;SLC6A13;DDAH1;SLC4A5;ABCC2;NPY;SLC1A5;HSD11B2;ADH5;CYP4A11;SLC13A3;APOE;GPD1L;EGFR;TNNT2;KCNMB2;PRKG1;CYP11B2;CHD7;UMOD;SERPINF2;SLC4A4;TCAP;ATP8A1;BDKRB1;SCNN1A;CTNNA3;F2RL1;NHERF1;TJP1;MYL3;CYP4F2;TAC3;TFRC;ACE2;CXADR;CALM2;LEPR;KCNG2;KCNJ3;ACE;SLC1A1;VEGFA;CACNA2D1;NEDD4L;NOX4;ATP2B3;CYP2J2;BMP10;KCNH6;FYN;AGT;ABCB1;ENPEP;DRD1;ANK2;ABAT;PDE4D;ADRA1D;FAAH;NKX2-5;TMEM38B;DMD;RENBP;CHRM2;CPS1;ABCC4;SPTBN4;SLC16A7;SLC22A2;MDM2;NOX1;SLC22A1;SLC22A5;TACR3;LRP2;HCN4;SLC8A1;MTNR1B;OPRL1;ADRA1A;SNTA1;LPA;DRD3;SLC38A3;MYBPC3;KL;SCN7A;INSR;DBH;S100A1;FERMT2;SCN1A;NAV2;KCNIP2;TNNI3;ADRA2C;SLC24A3;P2RX2;NPPA;PDE4B;ABCG2;FGA;RGS2;CALCA;TACR1;OXT;KCNA5;PTPRO;CASR;SLC8A2;ERAP2;AVP;ATP1B1;MYL7;TNNI1;ADCY10;AKAP13;SCN2A;EDN3;CACNA1D;TBX5;SLC6A4;GJA1;FXYD1;CRH;ATP2B2;TRPV4;GLP1R;DRD5;SCNN1B;GNB3;CACNA1H;HTR7;SLC28A2;SLC29A2;NOS1;SCN5A;NOS2;ATP1A1;DOCK5;ADRB3;RYR2;AVPR1B;EPO;LEP;DLG1;CARTPT;YWHAE;CTSG;ADRA1B;SLC5A5;SLC19A1;ADD3;GATA6;NTS;KEL;MAP2K6;PER2;AGTR2;ADM2;MC3R	GLOM	GO_BP	no_proc_ieg	10098
GOBP_REGULATION_OF_CARBOHYDRATE_METABOLIC_PROCESS	-1.4641018666642631	0.0064794816414686825	0.23480717555793162	35/128	PDK2;GPD1;FBP1;PRKG1;PRKN;EGF;SLC4A4;PRKCE;NCOA2;NUPR1;IRS2;GNMT;ALDOB;LEPR;PTH1R;SIRT1;RORC;FOXA2;KHK;PRKAG2;PRKAG1;PDK4;RGN;MAS1;RORA;PFKFB1;PPARGC1A;MLXIPL;IGF1;MLYCD;NCOR1;PDK1;INSR;ACADM;PHKA1	GLOM	GO_BP	no_proc_ieg	10098
GOBP_EXPORT_ACROSS_PLASMA_MEMBRANE	-1.4645472657118288	0.027600849256900213	0.2352106645496446	19/45	SLC4A4;ATP12A;SLC47A1;SLC17A3;CALM2;ATP2B3;ABCB1;KCNK5;ABCC4;SLC22A2;SLC22A5;KCNIP2;NPPA;ABCG2;KCNA5;SLC8A2;ATP1B1;GJA1;FXYD1	GLOM	GO_BP	no_proc_ieg	10098
GOBP_POSITIVE_REGULATION_OF_CELLULAR_RESPONSE_TO_INSULIN_STIMULUS	-1.464992981072102	0.048625792811839326	0.23558497897422637	4/17	SNX5;ECHDC3;PRKCZ;SIRT1	GLOM	GO_BP	no_proc_ieg	10098
GOBP_RENAL_TUBULAR_SECRETION	-1.4657032028319117	0.06302521008403361	0.2355490560137393	5/16	SLC22A6;UMOD;NHERF1;ATP6V0A4;AGT	GLOM	GO_BP	no_proc_ieg	10098
GOBP_CELLULAR_RESPONSE_TO_HORMONE_STIMULUS	-1.4659128989986718	0.0	0.23628184606757466	102/434	PDK2;LPIN1;SNX5;RDX;ECHDC3;NR3C2;CA2;HMGCS2;WNT10B;PRKCI;SLC39A14;SSTR2;AIFM1;FBP1;SLC34A1;SMARCC1;PCK1;URI1;EGFR;UCP3;PDE3B;ESR2;PCK2;KANK1;HDAC6;PRKCZ;CYP11B2;PRKCE;NCOA2;ADCY8;GOT1;SCNN1A;GATA1;GHR;MYOD1;SOS2;IRS2;MT3;SAFB2;ASS1;LEPR;PKLR;CTSH;ACE;AKR1C3;SIRT1;DAB2;NCOA1;PER1;BCAS3;AGT;INSIG2;PHB1;CGA;ADTRP;GHSR;PDK4;ACSL1;ESRRG;MAS1;CPS1;PTGFR;TNFSF4;MDM2;BAIAP2;AKAP8;CRY2;C2CD5;NDEL1;GDF15;AKR1C4;ADIPOR2;NCOR1;GPR21;INSR;RXRG;GPR173;FECH;SOX10;DNAI1;NFE2L2;NR1H4;PLA2G1B;SST;PTGER4;GPLD1;PIK3R1;FAT1;GTF2H1;KLF9;RARB;GPT;CSHL1;KDM4C;ESR1;AHSG;INSRR;PRKCA;FGF23;ACTN2;KBTBD2;SOS1	GLOM	GO_BP	no_proc_ieg	10098
GOBP_CARDIAC_MUSCLE_CELL_ACTION_POTENTIAL	-1.4662610081956398	0.02529182879377432	0.2368503357017013	29/65	CACNB2;BIN1;GPD1L;CTNNA3;CXADR;KCNJ3;CACNA2D1;NEDD4L;KCNH6;ANK2;DMD;HCN4;SLC8A1;SNTA1;ANK3;SCN7A;SCN1A;KCNIP2;KCNA5;ATP1B1;SCN2A;CACNA1D;GJA1;NOS1;SCN5A;ATP1A1;RYR2;DLG1;YWHAE	GLOM	GO_BP	no_proc_ieg	10098
GOBP_RESPONSE_TO_MAGNESIUM_ION	-1.4678936506002709	0.07471264367816093	0.23526297600794105	8/15	FBP1;SLC34A1;THBS1;ABCC6;MDM2;ANK3;RYR3;FGF23	GLOM	GO_BP	no_proc_ieg	10098
GOBP_PHOTOTRANSDUCTION	-1.469701746574238	0.03543307086614173	0.23352970832917197	14/31	RHO;AIPL1;RGR;RRH;PDE6B;RCVRN;CAMKMT;CNGB1;UNC119;NR2E3;CDS1;TRPC3;OPN1SW;OPN3	GLOM	GO_BP	no_proc_ieg	10098
GOBP_PURINE_CONTAINING_COMPOUND_TRANSMEMBRANE_TRANSPORT	-1.4701430989230035	0.03418803418803419	0.23392792366683285	11/22	SLC25A5;SLC28A1;ABCC4;SLC22A2;SLC22A1;SLC25A17;ADCY10;SLC28A2;SLC29A2;SLC19A1;LRRC8D	GLOM	GO_BP	no_proc_ieg	10098
GOBP_HEART_TRABECULA_MORPHOGENESIS	-1.4707509902167095	0.05858585858585859	0.23405325231831298	9/24	RBP4;BMP5;CHD7;ADGRG6;BMPR1A;BMP10;NRG1;OVOL2;NKX2-5	GLOM	GO_BP	no_proc_ieg	10098
GOBP_VERY_LONG_CHAIN_FATTY_ACID_METABOLIC_PROCESS	-1.4713037594288894	0.05930470347648262	0.2343166974683416	6/22	ACAA1;ACOX2;SLC27A2;CYP4F2;ABCD3;ACSL1	GLOM	GO_BP	no_proc_ieg	10098
GOBP_NUCLEOBASE_CONTAINING_SMALL_MOLECULE_METABOLIC_PROCESS	-1.4713446548186966	0.0	0.2353866230041984	95/452	PDK2;ACSM3;DCXR;PDE8A;HMGCS2;ACAT1;SLC27A2;OGDHL;GPD1;GLYAT;FBP1;MACROD1;ADCY1;SDHC;PMM1;OPA1;ACSF2;ACOT11;ALDH1L1;CMAHP;NDUFS1;PIPOX;PAPSS1;DPYS;GPD1L;ALDH6A1;PCK2;PGM1;ACOT7;DLD;SLC4A4;NQO1;MCCC2;SHMT1;ADCY8;NNT;NUPR1;ATP6V1A;MTHFD1;PFKFB2;FMO1;GNMT;UPB1;QPRT;ACSM5;ALDOB;PKLR;FHIT;SDHB;DNPH1;CDADC1;NOCT;UAP1;PRPS1L1;ATP5F1B;SULT1B1;RBKS;KMO;ACSBG2;PRPSAP2;PRKAG2;GUCA1B;NDUFA10;DHTKD1;ABCC6;BAAT;LDHC;PRKAG1;PDK4;SDHD;OLA1;ACSL1;PDE4D;NEIL1;GLRX;PDHA1;SLC22A13;CPS1;RORA;PFKFB1;PGAM2;GALK1;CRMP1;ADK;NOX1;MPI;MLXIPL;IGF1;MLYCD;GCDH;NCOR1;FMO5;ENTPD5;PDK1;NME5	GLOM	GO_BP	no_proc_ieg	10098
GOBP_SPERM_MOTILITY	-1.471358910607278	0.015594541910331383	0.23652319876561725	24/51	CFAP45;SPAG6;BBOF1;ING2;LZTFL1;LDHC;SPAG16;RGN;TACR3;IFT81;CELF3;DNAI1;TACR1;SLC22A14;CLXN;PGK2;RSPH6A;CFAP69;TEKT2;GAPDHS;ASH1L;SMCP;PLTP;CFAP43	GLOM	GO_BP	no_proc_ieg	10098
GOBP_PROTEIN_CONTAINING_COMPLEX_REMODELING	-1.4715725219218403	0.04474708171206226	0.23732800649721567	10/29	LPL;APOE;APOM;PON1;APOA1;PLA2G2A;APOC3;AGT;PCSK6;APOA2	GLOM	GO_BP	no_proc_ieg	10098
GOBP_AMIDE_METABOLIC_PROCESS	-1.471683876436358	0.0	0.23828475605445726	59/290	PDK2;FTCD;ACSM3;PCSK1N;HMGCS2;BIN1;ACAT1;SLC27A2;GSTM4;MTHFD2;GLYAT;MCCC1;ARG2;ACSF2;ACOT11;PIPOX;APOE;ACOT7;DLD;PLAAT2;DPEP1;FUT6;SHMT1;GBA3;SIRT3;GSTA4;ACE2;NAT8;LCT;DPP4;HAGH;ACSM5;ALDOB;ASS1;GGTLC1;CTSH;ACE;SLC1A1;MME;GSTA3;FOLR1;ACSBG2;GAL3ST1;ALOX12B;ENPEP;BAAT;FUT3;PCSK6;PDK4;ACSL1;PDHA1;ALLC;RENBP;CPS1;CEL;NEU3;IGF1;MLYCD;GCDH	GLOM	GO_BP	no_proc_ieg	10098
GOBP_REGULATION_OF_SYSTEMIC_ARTERIAL_BLOOD_PRESSURE	-1.4733417131465831	0.01603206412825651	0.2366466105839059	27/78	KLK1;SLC2A5;DDAH1;SLC4A5;HSD11B2;CYP4A11;CYP11B2;SERPINF2;F2RL1;CYP4F2;ACE2;ACE;AGT;ENPEP;NOX1;ADRA1A;KL;NAV2;TNNI3;P2RX2;NPPA;CALCA;TACR1;PTPRO;AVP;EDN3;CRH	GLOM	GO_BP	no_proc_ieg	10098
GOBP_INORGANIC_ION_HOMEOSTASIS	-1.4752455939906868	0.0	0.23467041210832776	110/373	ALPL;CNNM2;BDH2;CACNB2;AFG3L2;SLC39A14;SLC12A6;GP5;SLC34A1;MT1G;CYP4A11;CYP27B1;APOE;FTL;MICU1;BCL2;PLCE1;CA12;CYP11B2;CHD7;GPR12;UMOD;AP3B1;SLC11A2;PRKCE;ACO1;CALML3;ADCY8;BDKRB1;SCNN1A;NHERF1;ATP6V1A;MT1X;SLC12A3;ATP12A;CYP4F2;TFRC;CALM2;MT3;PTH1R;RHCG;LIME1;MT1F;SLC1A1;TSPOAP1;KCNJ10;VDR;ATP2B3;CAPN3;TRPV6;AGT;SLC39A4;ABCC6;HPX;HERPUD1;RHBG;DRD1;GPR3;ANK2;PDE4D;RGN;TMEM38B;DMD;MAIP1;DMTN;LETM1;MT4;ABCB7;SLC8A1;EPB42;ATP2C2;DRD3;ANK3;SCGN;KL;SCN7A;TMBIM6;FGFR4;FECH;TNNI3;TRPV5;AKAP6;SLC24A3;NOL3;IL13;CALCA;PIK3CB;RHAG;SLC31A2;KCNA5;SMAD4;RYR3;CASR;SLC8A2;ATP1B1;FGF23;EIF2AK1;EDN3;SLC17A7;SLC30A9;SLC39A6;CALB2;MT2A;CCL1;ATP2B2;TRPV4;MT1M;DRD5;SCNN1B;TRPM2	GLOM	GO_BP	no_proc_ieg	10098
GOBP_CELLULAR_OXIDANT_DETOXIFICATION	-1.4762752132254484	0.01276595744680851	0.23420222024077134	24/64	ALB;PRDX6;TXNRD2;APOE;NQO1;NNT;APOM;FABP1;MT3;GPX3;PRDX3;KDM3B;HBE1;LPO;GPX2;NFE2L2;FANCC;CAT;HBQ1;GSTZ1;IPCEF1;BMP7;APOA4;CCS	GLOM	GO_BP	no_proc_ieg	10098
GOBP_LONG_CHAIN_FATTY_ACID_BIOSYNTHETIC_PROCESS	-1.4775101893959008	0.05765407554671968	0.2333376138652367	11/20	GSTM4;CYP3A4;ACOT7;CYP2C8;ALOX15;ACSBG2;ALOX12B;CYP2E1;CYP1A1;PLP1;ALOXE3	GLOM	GO_BP	no_proc_ieg	10098
GOBP_REGULATION_OF_SMALL_MOLECULE_METABOLIC_PROCESS	-1.4804165591993175	0.0	0.2298919310125606	57/224	PDK2;EPHX2;BHMT;GPD1;FBP1;BMP5;CYP27B1;APOE;PRKG1;PRKN;FMO4;MBTPS2;SLC4A4;PRKCE;NCOA2;NUPR1;FMO1;FABP1;IRS2;GNMT;APOA1;ALDOB;LEPR;PTH1R;AKR1C3;SIRT1;RORC;DAB2;APOC3;FOXA2;PRKAG2;GUCA1B;INSIG2;PRKAG1;GHSR;PDK4;RGN;MAS1;SLC22A13;RORA;PFKFB1;PPARGC1A;ACADL;MLXIPL;IGF1;MLYCD;KIT;FGF1;GDF15;NCOR1;FMO5;PDK1;INSR;FGFR4;ACADM;NR1H4;PHKA1	GLOM	GO_BP	no_proc_ieg	10098
GOBP_DIGESTIVE_SYSTEM_DEVELOPMENT	-1.4831056229803046	0.006134969325153374	0.22637511703205368	30/102	STRA6;HMGCS2;LGR4;NPY;BCL2;EGFR;CCKBR;FGFR2;ASS1;COBL;CBFA2T2;CDX2;OVOL2;CPS1;PYY;AHI1;KIT;PRDM1;INSR;SALL1;FZD5;SOX10;CDKN1A;CTNNB1;KLF5;GLI3;RARB;CYP1A1;SPDEF;EPB41L5	GLOM	GO_BP	no_proc_ieg	10098
GOBP_ANDROGEN_METABOLIC_PROCESS	-1.4837952987293126	0.038135593220338986	0.2263925952966891	10/25	CYP17A1;HSD3B2;CYP3A4;HSD17B8;SRD5A2;AKR1C4;SPP1;HSD17B2;HSD17B3;ESR1	GLOM	GO_BP	no_proc_ieg	10098
GOBP_EMBRYONIC_PLACENTA_MORPHOGENESIS	-1.483967299983225	0.03483606557377049	0.22729154566830806	10/19	BMP5;FGFR2;NCOA1;SPINT2;FZD5;GCM1;TMED2;BMP7;SPINT1;GRHL2	GLOM	GO_BP	no_proc_ieg	10098
GOBP_AMINE_METABOLIC_PROCESS	-1.4892667056175812	0.01440329218106996	0.21988918313179479	32/84	BHMT;PRKN;HDAC6;PAH;MAOB;GDPD3;ALDH2;MAOA;DDC;AOC1;SLC1A1;SULT1B1;KMO;ALDH7A1;DRD1;ABAT;TACR3;HAND2;GCDH;DRD3;KL;DBH;SULT1C2;PAOX;NR1H4;PNMT;HAAO;CYP1A1;AOC2;SULT1A2;HNMT;CHRNB2	GLOM	GO_BP	no_proc_ieg	10098
GOBP_POSITIVE_REGULATION_OF_SYNAPTIC_TRANSMISSION_GLUTAMATERGIC	-1.4935704395866178	0.03353057199211045	0.2142181971103345	10/27	EGFR;HDAC6;CACNG5;KMO;DRD1;NRXN1;CACNG2;IQSEC2;GRIN2B;RAB3GAP1	GLOM	GO_BP	no_proc_ieg	10098
GOBP_PYRIDINE_CONTAINING_COMPOUND_METABOLIC_PROCESS	-1.493925361690066	0.00392156862745098	0.21482297984445625	33/127	ALPL;DCXR;OGDHL;GPD1;FBP1;ALDH1L1;GPD1L;PCK2;PGM1;SLC4A4;NQO1;NNT;NUPR1;PFKFB2;FMO1;QPRT;ALDOB;PKLR;NOCT;RBKS;KMO;PRKAG2;DHTKD1;PRKAG1;SLC22A13;PFKFB1;PGAM2;GALK1;NOX1;MLXIPL;IGF1;NCOR1;FMO5	GLOM	GO_BP	no_proc_ieg	10098
GOBP_TRABECULA_MORPHOGENESIS	-1.4961478515034947	0.04518664047151277	0.21254905727354687	12/36	WNT10B;RBP4;BMP5;CHD7;ADGRG6;BMPR1A;VEGFA;BMP10;NRG1;OVOL2;NKX2-5;SEMA4D	GLOM	GO_BP	no_proc_ieg	10098
GOBP_RETINA_HOMEOSTASIS	-1.4968821701437747	0.043209876543209874	0.2125592175312561	13/31	RHO;USH1C;AIPL1;IQCB1;BBS1;CRB1;CDHR1;MAK;CNGB1;SLC28A2;TUB;TULP1;SLC2A1	GLOM	GO_BP	no_proc_ieg	10098
GOBP_NEUTRAL_LIPID_METABOLIC_PROCESS	-1.500596443838168	0.016842105263157894	0.20812083677662585	21/81	APOH;LPIN1;LPL;ANG;G6PC1;PCK1;DGKB;APOE;PLCE1;PCK2;PNPLA4;AADAC;PNLIPRP2;SIRT1;APOC3;INSIG2;ACSL1;RGN;FAAH;CPS1;APOA2	GLOM	GO_BP	no_proc_ieg	10098
GOBP_MONOATOMIC_ION_HOMEOSTASIS	-1.5016128963379478	0.0	0.2075466032466056	129/421	PDK2;ALPL;CNNM2;BDH2;CA2;CACNB2;AFG3L2;SLC39A14;SLC12A6;GP5;SLC4A5;MT1G;CYP4A11;CYP27B1;APOE;FTL;MICU1;BCL2;PLCE1;CA12;CYP11B2;CHD7;GPR12;UMOD;AP3B1;SLC11A2;SLC4A4;PRKCE;ACO1;CALML3;ADCY8;CCKBR;BDKRB1;SCNN1A;ATP6V1A;MT1X;SLC12A3;ATP12A;CYP4F2;TFRC;ATP6V0A4;CALM2;MT3;PTH1R;RHCG;LIME1;MT1F;SLC1A1;TSPOAP1;KCNJ10;ATP5F1B;VDR;ATP2B3;CAPN3;TRPV6;AGT;SLC39A4;ABCC6;HPX;HERPUD1;DRD1;GPR3;ANK2;PDK4;PDE4D;RGN;TMEM38B;DMD;MAIP1;CPS1;DMTN;LETM1;MT4;ATP6V1F;ABCB7;OCA2;SLC8A1;EPB42;ATP2C2;DRD3;ANK3;SCGN;KL;SCN7A;TMBIM6;FECH;TNNI3;TRPV5;AKAP6;SLC24A3;TESMIN;NOL3;SLC9A6;IL13;CALCA;PIK3CB;SLC26A3;RHAG;SLC31A2;LETMD1;KCNA5;SMAD4;RYR3;CASR;SLC26A4;SLC8A2;AVP;ATP1B1;FGF23;EIF2AK1;EDN3;SLC30A9;SLC39A6;ATP6V0A1;CALB2;MT2A;CCL1;CRH;ATP2B2;TRPV4;MT1M;DRD5;SCNN1B;TRPM2;CNGB1;SLC9A3;MICU2;NOS1;SLC30A5	GLOM	GO_BP	no_proc_ieg	10098
GOBP_TRIGLYCERIDE_METABOLIC_PROCESS	-1.5075056804342846	0.025157232704402517	0.2000011461277042	27/65	APOH;LPIN1;LPL;G6PC1;PCK1;APOE;PCK2;PNPLA4;AADAC;PNLIPRP2;SIRT1;APOC3;INSIG2;ACSL1;RGN;CPS1;APOA2;SLC22A4;KAT5;GPLD1;CAT;FBXW7;CIDEB;GNB3;LIPF;APOA4;CIDEC	GLOM	GO_BP	no_proc_ieg	10098
GOBP_HIGH_DENSITY_LIPOPROTEIN_PARTICLE_REMODELING	-1.5133898969431772	0.07520325203252033	0.19243604512072252	6/15	LPL;APOE;APOM;APOA1;APOC3;APOA2	GLOM	GO_BP	no_proc_ieg	10098
GOBP_CELLULAR_RESPONSE_TO_INSULIN_STIMULUS	-1.513655023808336	0.0020491803278688526	0.19308435390262246	40/151	PDK2;LPIN1;SNX5;ECHDC3;HMGCS2;PRKCI;SLC39A14;FBP1;SMARCC1;PCK1;PDE3B;PCK2;KANK1;PRKCZ;NCOA2;GOT1;GHR;SOS2;IRS2;PKLR;SIRT1;NCOA1;INSIG2;GHSR;PDK4;BAIAP2;C2CD5;NDEL1;GPR21;INSR;DNAI1;NR1H4;PLA2G1B;GPLD1;PIK3R1;GPT;AHSG;INSRR;KBTBD2;SOS1	GLOM	GO_BP	no_proc_ieg	10098
GOBP_GLUCOCORTICOID_METABOLIC_PROCESS	-1.514090211959701	0.05112474437627812	0.1935085894903517	6/24	CYP17A1;BMP5;SERPINA6;HSD11B2;CYP11B2;APOA1	GLOM	GO_BP	no_proc_ieg	10098
GOBP_CARDIAC_MYOFIBRIL_ASSEMBLY	-1.5151384270841148	0.04225352112676056	0.19303198377248065	7/16	TCAP;NEBL;NEB;FHOD3;NKX2-5;SMAD4;PROX1	GLOM	GO_BP	no_proc_ieg	10098
GOBP_CELL_CELL_ADHESION_MEDIATED_BY_CADHERIN	-1.5157004275640589	0.021739130434782608	0.1932902021441393	10/33	CDHR2;PLG;SERPINF2;CDH1;TJP1;VEGFA;CDH9;FOXA2;CDH10;CDH15	GLOM	GO_BP	no_proc_ieg	10098
GOBP_INTESTINAL_ABSORPTION	-1.516604131769032	0.029411764705882353	0.19319387677512612	12/34	SLC2A5;ACO1;VIL1;FABP1;APOA1;EZR;VDR;ABCG5;FABP2;CEL;APOA2;SOAT2	GLOM	GO_BP	no_proc_ieg	10098
GOBP_REGULATION_OF_CELLULAR_KETONE_METABOLIC_PROCESS	-1.517564708437283	0.0063025210084033615	0.19285030421799876	33/98	PDK2;BHMT;BMP5;PRKG1;FMO4;PRKCE;FMO1;FABP1;IRS2;AKR1C3;SIRT1;DAB2;APOC3;PRKAG2;INSIG2;GHSR;PDK4;RGN;SLC22A13;PPARGC1A;ACADL;MLXIPL;MLYCD;GDF15;NCOR1;PDK1;FGFR4;NR1H4;ERLIN1;AVP;SIRT5;PROX1;ERLIN2	GLOM	GO_BP	no_proc_ieg	10098
GOBP_VENTRICULAR_CARDIAC_MUSCLE_CELL_ACTION_POTENTIAL	-1.5193861772622619	0.038	0.1913294657628748	11/26	BIN1;GPD1L;CTNNA3;KCNJ3;NEDD4L;ANK2;SNTA1;NOS1;SCN5A;RYR2;DLG1	GLOM	GO_BP	no_proc_ieg	10098
GOBP_REGULATION_OF_GLUCOSE_METABOLIC_PROCESS	-1.5215826068073526	0.01002004008016032	0.18949269966915455	22/66	PDK2;FBP1;PRKN;NCOA2;IRS2;GNMT;LEPR;SIRT1;RORC;FOXA2;PDK4;RGN;RORA;PPARGC1A;IGF1;MLYCD;PDK1;INSR;ACADM;PHKA1;GPLD1;GPT	GLOM	GO_BP	no_proc_ieg	10098
GOBP_REGULATION_OF_CHOLESTEROL_METABOLIC_PROCESS	-1.5219309500037497	0.030303030303030304	0.19003357730761766	11/23	EPHX2;APOE;MBTPS2;APOA1;ACADL;FGF1;FMO5;NR1H4;ERLIN1;ERLIN2;GNB3	GLOM	GO_BP	no_proc_ieg	10098
GOBP_SYNAPTIC_TRANSMISSION_CHOLINERGIC	-1.5241371426846342	0.034274193548387094	0.18796194041784645	13/24	ANXA9;APOE;NQO1;RIC3;SLC5A7;CHRNA3;SLC18A3;TACR1;CHRNB2;CHRNE;CHRNA4;CHRNG;CHRND	GLOM	GO_BP	no_proc_ieg	10098
GOBP_EYE_PHOTORECEPTOR_CELL_DIFFERENTIATION	-1.524521229517389	0.03177570093457944	0.18841919923634745	20/31	PRKCI;USH1C;VEGFA;CRB1;PRDM1;DZANK1;DIO3;NR2E3;TULP1;RPGRIP1;PROM1;THY1;MYO7A;NRL;DSCAM;GNAT1;SOX9;CEP290;BBS4;SDK2	GLOM	GO_BP	no_proc_ieg	10098
GOBP_POSITIVE_REGULATION_OF_SODIUM_ION_TRANSPORT	-1.524898264584071	0.04086021505376344	0.18894287435924886	11/20	CHP2;GPD1L;PRSS8;CNTN1;NKX2-5;DMD;ANK3;ATP1B1;FXYD1;NOS1;SCN5A	GLOM	GO_BP	no_proc_ieg	10098
GOBP_THIOESTER_BIOSYNTHETIC_PROCESS	-1.5248989696037198	0.0273109243697479	0.1900413794427329	12/35	PDK2;ACAT1;SLC27A2;DLD;ACSBG2;PDK4;ACSL1;PDHA1;MLYCD;GCDH;PDK1;MMUT	GLOM	GO_BP	no_proc_ieg	10098
GOBP_CELLULAR_RESPONSE_TO_PEPTIDE_HORMONE_STIMULUS	-1.5250874999827815	0.0	0.19088989108945587	63/221	PDK2;LPIN1;SNX5;ECHDC3;CA2;HMGCS2;PRKCI;SLC39A14;FBP1;SMARCC1;PCK1;PDE3B;PCK2;KANK1;PRKCZ;CYP11B2;NCOA2;ADCY8;GOT1;SCNN1A;GHR;SOS2;IRS2;ASS1;PKLR;ACE;SIRT1;NCOA1;AGT;INSIG2;GHSR;PDK4;MAS1;CPS1;MDM2;BAIAP2;C2CD5;NDEL1;GDF15;GPR21;INSR;GPR173;DNAI1;NFE2L2;NR1H4;PLA2G1B;GPLD1;PIK3R1;FAT1;GPT;CSHL1;AHSG;INSRR;PRKCA;ACTN2;KBTBD2;SOS1;SOCS2;LEPROT;FOXO1;GLP1R;JAK2;SCNN1B	GLOM	GO_BP	no_proc_ieg	10098
GOBP_POSITIVE_REGULATION_OF_CIRCADIAN_RHYTHM	-1.5304110237855626	0.03373015873015873	0.18457881626410524	11/15	PRKG1;RORC;RORA;MTNR1B;KAT5;CRH;THRAP3;NKX2-1;NLGN1;BTRC;FBXW11	GLOM	GO_BP	no_proc_ieg	10098
GOBP_MODIFIED_AMINO_ACID_TRANSPORT	-1.531129305581272	0.036511156186612576	0.18460719061234007	15/28	SLC6A13;SLC13A3;NHERF1;SLC3A1;FOLR1;SLC7A9;SLC19A2;ABCC4;SLC22A1;SLC22A5;LRP2;SLC22A4;SLC6A12;SLC6A8;GJA1	GLOM	GO_BP	no_proc_ieg	10098
GOBP_CARDIAC_MUSCLE_TISSUE_MORPHOGENESIS	-1.531916368649212	0.02414486921529175	0.1846463943208954	18/44	TNNT2;CHD7;TCAP;MYL3;BMPR1A;FGFR2;BMP10;NRG1;NKX2-5;ZFPM2;LRP2;MYBPC3;HAND1;TNNI3;SMAD4;TGFBR3;TNNI1;PROX1	GLOM	GO_BP	no_proc_ieg	10098
GOBP_LABYRINTHINE_LAYER_MORPHOGENESIS	-1.5344236971568055	0.028629856850715747	0.18227966564918271	10/17	BMP5;FGFR2;NCOA1;SPINT2;FZD5;GCM1;TMED2;BMP7;SPINT1;GRHL2	GLOM	GO_BP	no_proc_ieg	10098
GOBP_RESPONSE_TO_INORGANIC_SUBSTANCE	-1.534599977737952	0.0	0.18313883148838878	96/382	ALPL;CHP2;AQP2;HMGCS2;AIFM1;FBP1;ADCY1;SLC34A1;MT1G;THBS1;NDRG1;TXNRD2;BCL2;EGFR;UCP3;TNNT2;KCNMB2;MAPK8;PRKN;SDC1;HDAC6;CPNE3;CYP11B2;KCNQ3;DPEP1;CER1;UMOD;IMPA2;MAOB;SIRPA;SLC11A2;NQO1;ALAD;ACO1;ADCY8;EIF2AK3;CDH1;MT1X;SLC12A3;TFRC;FABP1;CALM2;MT3;ASS1;PKLR;MT1F;SLC1A1;SLC13A2;PKD2L1;AKR1C3;KCNJ10;SIRT1;ALOX15;PRDX3;RIPK1;KHK;CAPN3;TRPV6;FYN;ABCC6;CPNE6;ABAT;TXNIP;CPS1;OSER1;DMTN;TNFSF4;PGAM2;SLC25A12;MT4;MDM2;KIT;PTCH1;ANK3;CACNG2;MYOG;KMT2A;FECH;KCNIP2;PENK;NFE2L2;SLC30A3;TESMIN;FGA;HAAO;TACR1;GPLD1;FANCC;NPTX1;CAT;CYP1A1;KCNA5;CSF2;IFT88;RYR3;CASR	GLOM	GO_BP	no_proc_ieg	10098
GOBP_RESPONSE_TO_INSULIN	-1.5353361807265016	0.0	0.18323394280316216	50/195	PDK2;ALPL;LPIN1;SNX5;ECHDC3;HMGCS2;PRKCI;SLC39A14;FBP1;SMARCC1;HSD11B2;PCK1;UCP3;PDE3B;PCK2;KANK1;PRKCZ;NCOA2;GOT1;GHR;SOS2;IRS2;PKLR;SIRT1;NCOA1;KLF15;KHK;INSIG2;GHSR;PDK4;PFKFB1;BAIAP2;CRY2;C2CD5;NDEL1;MC4R;GPR21;INSR;DNAI1;NR1H4;PLA2G1B;GPLD1;VPS13C;PIK3R1;CAT;GPT;AHSG;INSRR;KBTBD2;SOS1	GLOM	GO_BP	no_proc_ieg	10098
GOBP_NEURON_CELLULAR_HOMEOSTASIS	-1.536010946896321	0.008565310492505354	0.1834108199801908	15/54	CA2;CACNB2;PRKN;FGGY;ATP6V1A;ATP6V0A4;TSPOAP1;ATP2B3;ATP6V1F;SCGN;SLC6A2;HAAO;SLC8A2;ATP6V0A1;CALB2	GLOM	GO_BP	no_proc_ieg	10098
GOBP_GENITALIA_DEVELOPMENT	-1.536534125848788	0.01996007984031936	0.183784508589286	13/31	STRA6;LGR4;RBP4;BMP5;CHD7;GREB1L;LRP2;SRD5A2;CTNNB1;HSD17B3;ESR1;SYCP2;HOXD13	GLOM	GO_BP	no_proc_ieg	10098
GOBP_POSITIVE_REGULATION_OF_MULTICELLULAR_ORGANISM_GROWTH	-1.5371323482399868	0.02610441767068273	0.18418457093228824	10/23	BCL2;CHD7;GHR;VIL1;EZR;GHSR;SPTBN4;GPR21;PLS1;PEX5	GLOM	GO_BP	no_proc_ieg	10098
GOBP_CELLULAR_RESPONSE_TO_NUTRIENT_LEVELS	-1.5373326880099667	0.0020408163265306124	0.18502751202175677	41/166	ALB;PDK2;LPL;SLC34A1;CYP27B1;PCK1;BCL2;MAPK8;WDR59;PRKAB1;EIF2AK3;RRAGD;MYOD1;RRAGB;AKR1C3;SIRT1;NCOA1;FOLR1;OTUD3;FOXA2;VDR;DEPDC5;PRKAG2;SLC39A4;PRKAG1;PDK4;YWHAZ;ULK1;MAPKAP1;MDM2;MLXIPL;SLC38A3;CDKN1A;PENK;NFE2L2;NR1H4;CLEC16A;KAT5;GABARAPL1;GDAP1;CASR	GLOM	GO_BP	no_proc_ieg	10098
GOBP_MALE_SEX_DIFFERENTIATION	-1.5378452394396367	0.00205761316872428	0.18549542466041746	43/133	LGR4;ARID5B;BMP5;ACVR2A;BCL2;SDC1;CSDE1;BIK;SCAPER;NUPR1;GATA1;BMPR1A;SAFB2;ACE;AKR1C3;PRPS1L1;NCOA1;ING2;MAS1;ZFPM2;GREB1L;DMRT1;TEX11;AMHR2;LRP2;KIT;SRD5A2;RHOBTB3;INSR;RNF38;CTNNB1;ADAM30;HSD17B3;SMAD4;MAMLD1;INHA;ESR1;ARID4B;GJA1;SYCP2;NR5A1;HOXD13;UBB	GLOM	GO_BP	no_proc_ieg	10098
GOBP_FATTY_ACID_TRANSPORT	-1.5388884187776024	0.00437636761487965	0.1852043281198224	24/87	SLC22A8;SLC27A2;THBS1;CYP4A11;APOE;SLC22A6;CYP4F2;ABCD3;FABP1;IRS2;SLC22A11;ACE;SLC22A7;PLA2G2A;ACSL1;ABCC4;FABP2;SLC22A2;SLC22A1;FABP7;DRD3;SLC25A17;PLA2G1B;OXT	GLOM	GO_BP	no_proc_ieg	10098
GOBP_MONOCARBOXYLIC_ACID_BIOSYNTHETIC_PROCESS	-1.539932924384204	0.006550218340611353	0.18494859139156677	56/152	ACSM3;LPL;ACOX2;SLC27A2;GSTM4;GATM;CYP3A4;ACOT7;OSBPL9;PRKAB1;CYP2C8;ABCD3;ACSM5;PKLR;ALDH8A1;AKR1C3;SIRT1;HSD17B8;GAMT;ALOX15;APOC3;KMO;ACSBG2;PRKAG2;ALOX12B;INSIG2;BAAT;LDHC;PRKAG1;PDK4;PECR;RGN;ACADL;CYP46A1;MLXIPL;MLYCD;AKR1C4;FGFR4;CBR4;OLAH;NR1H4;PLA2G1B;CYP2E1;ERLIN1;CYP1A1;AVP;PROX1;ERLIN2;SRR;PLP1;FA2H;ALOXE3;APOA4;CYP39A1;DECR2;ELOVL4	GLOM	GO_BP	no_proc_ieg	10098
GOBP_TERPENOID_METABOLIC_PROCESS	-1.5420030484631386	0.009881422924901186	0.18336485233040062	30/66	ALDH3A2;HMGCS2;RBP4;ADH5;CYP3A4;EGFR;PNPLA4;CYP2C8;ALDH8A1;AKR1C3;ADH6;PECR;CEL;LRP2;AKR1C4;DHRS3;CYP2E1;CYP1A1;CYP3A5;CYP2C18;RLBP1;CRH;BCO1;RETSAT;PNLIP;RDH16;ADH7;ALDH1A1;PRMT3;RDH11	GLOM	GO_BP	no_proc_ieg	10098
GOBP_POLYOL_BIOSYNTHETIC_PROCESS	-1.5426605740948802	0.011976047904191617	0.18360248306006818	11/43	QDPR;CYP27B1;PCK1;CYP3A4;PCK2;PRKG1;IMPA2;GOT1;PTH1R;IP6K2;MAS1	GLOM	GO_BP	no_proc_ieg	10098
GOBP_RESPONSE_TO_STARVATION	-1.5445535720376984	0.0020491803278688526	0.18211471068120721	33/136	ALB;HMGCS2;ACAT1;SSTR2;SLC34A1;PCK1;BCL2;PCK2;MAPK8;WDR59;EIF2AK3;RRAGD;MYOD1;RRAGB;AKR1C3;SIRT1;BCAS3;DEPDC5;SLC39A4;PDK4;YWHAZ;ULK1;CPS1;PFKFB1;PPARGC1A;SLC38A3;CDKN1A;ACADM;NFE2L2;CLEC16A;KAT5;GPT;GABARAPL1	GLOM	GO_BP	no_proc_ieg	10098
GOBP_PEROXISOME_ORGANIZATION	-1.545698914632061	0.03643724696356275	0.1815976393229655	10/21	PEX19;ABCD3;PEX13;PEX3;PEX7;PEX5;PEX1;PEX5L;MFF;ABCD2	GLOM	GO_BP	no_proc_ieg	10098
GOBP_ACID_SECRETION	-1.547759596099463	0.023809523809523808	0.17980659172401844	16/32	UMOD;CCKBR;NHERF1;CHRM5;AGXT;ABAT;DRD3;CASR;SLC10A1;ACACB;TRH;PTGER3;APBA1;TFF2;ABCB11;CACNB4	GLOM	GO_BP	no_proc_ieg	10098
GOBP_ACTION_POTENTIAL	-1.550772348026087	0.003968253968253968	0.1767975952405471	53/125	CACNB2;BIN1;GPD1L;KCNMB2;PTPN3;KCNQ3;CTNNA3;KCNS1;KCNV2;KCNA4;CXADR;KCNG2;KCNJ3;KCNG1;CACNA2D1;NEDD4L;KCNH6;DRD1;ANK2;DMD;HCN4;CACNA1I;SLC8A1;KCNA10;MTNR1B;ADRA1A;SNTA1;ANK3;SCN7A;KCNQ2;SCN1A;KCNIP2;AKAP6;TACR1;KCNA5;SLC8A2;ATP1B1;SCN2A;CACNA1D;GJA1;CHRNB2;KCNB2;NOS1;CLCN1;SCN5A;KCNF1;ATP1A1;RYR2;KCNAB2;DLG1;KCNV1;YWHAE;CNR2	GLOM	GO_BP	no_proc_ieg	10098
GOBP_WATER_SOLUBLE_VITAMIN_METABOLIC_PROCESS	-1.551693301138655	0.013806706114398421	0.17662023869765667	10/40	ALPL;AKR1A1;MTHFD2;MCCC1;CUBN;SHMT1;SLC19A3;FOLR1;SLC19A2;RGN	GLOM	GO_BP	no_proc_ieg	10098
GOBP_AXONEME_ASSEMBLY	-1.5553042416353682	0.01593625498007968	0.17249820488459525	21/42	SPAG6;TOGARAM1;BBOF1;CFAP74;SPAG16;DNAI4;JHY;DNAI1;CLXN;RSPH6A;DNAH7;CFAP69;TEKT2;DNAAF1;LRRC61;PIERCE1;CFAP43;IFT56;FOXJ1;DNAH17;DNAI2	GLOM	GO_BP	no_proc_ieg	10098
GOBP_KERATINIZATION	-1.5563713862486581	0.019230769230769232	0.1721831479525899	17/33	KRT75;KRT81;KRT76;IVL;SPRR3;KRT86;LCE2B;LORICRIN;KRT6B;KRT4;SPRR1A;KLK5;KRT83;SPRR1B;KRT1;TGM3;KRT16	GLOM	GO_BP	no_proc_ieg	10098
GOBP_PROTEIN_QUALITY_CONTROL_FOR_MISFOLDED_OR_INCOMPLETELY_SYNTHESIZED_PROTEINS	-1.5569204661457665	0.027881040892193308	0.17252480243349258	3/15	AFG3L2;HDAC6;OXA1L	GLOM	GO_BP	no_proc_ieg	10098
GOBP_EYE_PHOTORECEPTOR_CELL_DEVELOPMENT	-1.5573215097798256	0.018656716417910446	0.17306894631765052	16/25	PRKCI;USH1C;VEGFA;CRB1;PRDM1;DZANK1;DIO3;NR2E3;TULP1;RPGRIP1;THY1;MYO7A;NRL;GNAT1;CEP290;BBS4	GLOM	GO_BP	no_proc_ieg	10098
GOBP_CELLULAR_RESPONSE_TO_INORGANIC_SUBSTANCE	-1.5588352316600107	0.0019801980198019802	0.17196661281857364	30/154	CHP2;AQP2;AIFM1;FBP1;ADCY1;SLC34A1;MT1G;EGFR;MAPK8;PRKN;CPNE3;CYP11B2;KCNQ3;DPEP1;CER1;NQO1;ALAD;ADCY8;EIF2AK3;CDH1;MT1X;SLC12A3;MT3;MT1F;SLC1A1;SLC13A2;AKR1C3;KCNJ10;ALOX15;CAPN3	GLOM	GO_BP	no_proc_ieg	10098
GOBP_PROTON_MOTIVE_FORCE_DRIVEN_ATP_SYNTHESIS	-1.559804805896406	0.02092050209205021	0.17177898964060823	10/33	SDHC;NDUFS1;ATP6V1A;SDHB;ATP5F1B;NDUFA10;SDHD;ATP5MC3;NDUFS3;NDUFV1	GLOM	GO_BP	no_proc_ieg	10098
GOBP_RESPONSE_TO_CAMP	-1.5658674350369988	0.010482180293501049	0.16489339003624726	33/64	HMGCS2;WNT10B;GPD1;FBP1;PCK1;SDC1;GATA1;EZR;ASS1;PKLR;PER1;FDX1;CPS1;DMTN;PFKFB1;HCN4;PENK;AKAP6;OXT;SLC26A3;BCKDHB;BRAF;AANAT;WT1;CITED1;SLC5A5;GATA6;AKAP9;AQP8;ADIPOQ;ITPR2;DUOX2;STC1	GLOM	GO_BP	no_proc_ieg	10098
GOBP_NEGATIVE_REGULATION_OF_LIPID_TRANSPORT	-1.5708548157060724	0.03187250996015936	0.1592673220605765	7/19	THBS1;EGF;CYP4F2;IRS2;APOC3;CRY2;APOA2	GLOM	GO_BP	no_proc_ieg	10098
GOBP_RESPONSE_TO_FOOD	-1.5709606692491536	0.03285420944558522	0.16023997217333746	13/27	NPY;HSD11B2;GHR;MT3;GHSR;CPS1;GAST;GDF15;OXT;CYP1A1;SCNN1B;LEP;CARTPT	GLOM	GO_BP	no_proc_ieg	10098
GOBP_PHENOL_CONTAINING_COMPOUND_METABOLIC_PROCESS	-1.5712045781720418	0.01160541586073501	0.1610451601200244	26/88	GPD1;BCL2;PRKN;PAH;MAOB;ALDH2;HPN;MAOA;DDC;TYRP1;FAH;SLC1A1;CRYM;TG;SULT1B1;DIO1;DRD1;CGA;ABAT;DCT;TACR3;HAND2;OCA2;DRD3;KL;DBH	GLOM	GO_BP	no_proc_ieg	10098
GOBP_ZINC_ION_TRANSPORT	-1.5712506495947172	0.03155818540433925	0.16209476361588876	9/16	SLC39A14;MT3;SLC1A1;SLC39A4;SLC30A3;SLC30A9;SLC39A6;TRPM2;SLC30A5	GLOM	GO_BP	no_proc_ieg	10098
GOBP_SEX_DIFFERENTIATION	-1.5720522354850057	0.0	0.1622274555645916	54/204	STRA6;CDKL2;BMPR1B;ANG;CYP17A1;LGR4;RBP4;ARID5B;BMP5;ACVR2A;BCL2;SDC1;CHD7;CSDE1;BIK;SCAPER;NUPR1;GATA1;BMPR1A;SAFB2;ACE;AKR1C3;VEGFA;SIRT1;PRPS1L1;NCOA1;AFP;ING2;CGA;MAS1;ZFPM2;GREB1L;DMRT1;GDF9;TEX11;AMHR2;LRP2;KIT;SRD5A2;RHOBTB3;MSH4;DMC1;INSR;SALL1;RNF38;CEBPB;CTNNB1;HNF4A;ADAM30;HSD17B3;SMAD4;MAMLD1;INHA;ESR1	GLOM	GO_BP	no_proc_ieg	10098
GOBP_MITOCHONDRIAL_TRANSMEMBRANE_TRANSPORT	-1.5752774113197392	0.00823045267489712	0.15920091478971962	16/49	AFG3L2;HSPA9;AIFM1;TST;MICU1;UCP3;SLC25A5;MPC1;SFXN1;MAIP1;LETM1;SLC25A12;SLC25A36;ABCB7;SLC25A28;GRPEL1	GLOM	GO_BP	no_proc_ieg	10098
GOBP_LONG_TERM_MEMORY	-1.5784443991249988	0.034623217922606926	0.15646469589968015	9/26	ADCY1;APOE;PRKCZ;ADCY8;RASGRF1;ARC;TACR1;CHST10;PJA2	GLOM	GO_BP	no_proc_ieg	10098
GOBP_REGULATION_OF_FATTY_ACID_OXIDATION	-1.5806471568171325	0.02795698924731183	0.15495833567348505	10/24	FMO4;FMO1;FABP1;IRS2;PRKAG2;PDK4;PPARGC1A;ACADL;MLYCD;GDF15	GLOM	GO_BP	no_proc_ieg	10098
GOBP_CELLULAR_RESPONSE_TO_CADMIUM_ION	-1.5825140023094786	0.02912621359223301	0.15366467017781135	8/24	MT1G;EGFR;MAPK8;CER1;MT1X;MT3;MT1F;MT4	GLOM	GO_BP	no_proc_ieg	10098
GOBP_ONE_CARBON_COMPOUND_TRANSPORT	-1.587056727727472	0.032692307692307694	0.1491816760567711	8/17	CA2;AQP6;UMOD;RHCG;RHBG;SLC14A2;HBE1;RHAG	GLOM	GO_BP	no_proc_ieg	10098
GOBP_NUCLEOSIDE_BISPHOSPHATE_BIOSYNTHETIC_PROCESS	-1.5872227687238571	0.018255578093306288	0.15015756518342993	14/42	PDK2;ACAT1;SLC27A2;PAPSS1;ACOT7;DLD;ACSBG2;PDK4;ACSL1;PDHA1;MLYCD;GCDH;PDK1;MMUT	GLOM	GO_BP	no_proc_ieg	10098
GOBP_SENSORY_PERCEPTION	-1.5872953797858496	0.0	0.15120165214041323	154/377	CACNB2;WNT10B;OTOR;GABRR2;RBP4;TAS2R4;OPA1;EPS8L2;OR2F1;KCNQ3;RHO;CRYZ;CHD7;CRYBB3;USH1C;SCNN1A;HPN;OR7A10;NHERF1;OR12D3;RETREG1;TAAR5;AIPL1;AZGP1;NYX;TULP2;RGR;OR10H2;ATP6V0A4;OR3A3;CCN3;PKD2L1;MME;OR10H3;KCNJ10;MYO1A;CRYM;BBS1;NIPSNAP1;ALDH7A1;GUCA1B;FYN;ABCC6;COCH;SPRY2;RS1;CRX;CPLX3;OR10H1;CLIC5;SPTBN4;PDE6A;PAX2;LRP2;OR52A1;KIT;LPO;OAT;CA6;OR1G1;CABP1;CRB1;OPRL1;RRH;PDE6B;OR7A5;EPYC;MYO9A;MMP24;SCN1A;NAV2;ASIC3;PENK;DHRS3;RCVRN;OR2W1;P2RX2;TAS2R14;FZD2;CALCA;OR12D2;OR1D2;TAS2R1;AOC2;SLC26A4;OR1F2P;BEST2;TFAP2A;SOBP;EYA3;CFAP69;OR2C1;VSX1;PIP;NDN;OR1A1;CACNA1D;RLBP1;ATXN7;AXIN1;ASIC1;CHRNB2;OR5I1;EYA4;ATP2B2;TBL1X;OR3A1;TAS2R8;SCNN1B;TECTA;ALOXE3;PPIP5K2;CNGB1;VN1R1;CACNA1F;PDYN;CDC14A;PRDM12;TAS2R3;RIMS1;GRM8;SIX6;PHF24;OR2H1;OR10J1;OR2B2;IMPG2;GRM1;TAS2R7;UNC119;NR2E3;MYO3A;NTSR2;RIPOR2;ABLIM1;RAB3A;RDH11;TUB;OPN1SW;CHRNA4;TULP1;TAS2R9;OR11A1;LRAT;TMEM100;ARR3;PGAP1;MIP;RAX;OR1F1;SMR3A;OPRPN;RPGRIP1;OR2J3	GLOM	GO_BP	no_proc_ieg	10098
GOBP_REGULATION_OF_HEART_RATE_BY_CARDIAC_CONDUCTION	-1.5874509596563848	0.01171875	0.15211367613329593	9/32	CACNB2;BIN1;CTNNA3;KCNJ3;ACE;CACNA2D1;KCNH6;ANK2;HCN4	GLOM	GO_BP	no_proc_ieg	10098
GOBP_HORMONE_METABOLIC_PROCESS	-1.5889988788658558	0.0	0.15152119749694465	75/176	PCSK1N;CYP17A1;RBP4;HSD3B2;BMP5;CYP27B1;CYP3A4;CYP11B2;PNPLA4;HPN;CYP2C8;GHR;ACE2;DPP4;ALDH8A1;ACE;AKR1C3;MME;DAB2;CRYM;HSD17B8;TG;SULT1B1;AFP;BBS1;DIO1;FDX1;ENPEP;CGA;ADH6;PCSK6;DHRS11;CEL;CYP46A1;SRD5A2;AKR1C4;SPP1;HSD17B2;DHRS3;DHCR7;HSD17B3;CYP1A1;CYP3A5;ESR1;CYP2C18;BCO1;NR5A1;SULT2A1;SCNN1B;GNB3;CACNA1H;CHST10;SLC30A5;RETSAT;AANAT;PNLIP;ATP1A1;RDH16;ADH7;ALDH1A1;LEP;CHST8;DIO3;BCHE;CTSG;SLC5A5;PRMT3;GCNT4;PAX8;RDH11;SLCO1C1;LRAT;UGT2B17;SLC16A2;REST	GLOM	GO_BP	no_proc_ieg	10098
GOBP_PURINE_CONTAINING_COMPOUND_METABOLIC_PROCESS	-1.589361524890282	0.0	0.15222439172258379	86/375	PDK2;ACSM3;DCXR;PDE8A;HMGCS2;ACAT1;SLC27A2;OGDHL;GPD1;GLYAT;FBP1;MACROD1;ADCY1;SDHC;G6PC1;OPA1;ACSF2;ACOT11;ALDH1L1;NDUFS1;PIPOX;PAPSS1;GPD1L;PCK2;PGM1;ACOT7;DLD;SLC4A4;NQO1;MCCC2;SHMT1;ADCY8;NNT;NUPR1;ATP6V1A;MTHFD1;PFKFB2;FMO1;SLC17A3;GNMT;SLC22A11;SLC17A1;QPRT;ACSM5;ALDOB;PKLR;FHIT;SDHB;DNPH1;NOCT;PRPS1L1;ATP5F1B;SULT1B1;RBKS;KMO;ACSBG2;PRPSAP2;PRKAG2;GUCA1B;NDUFA10;DHTKD1;ABCC6;BAAT;LDHC;PRKAG1;PDK4;SDHD;OLA1;ACSL1;PDE4D;PDHA1;SLC22A13;RORA;PFKFB1;PGAM2;GALK1;ADK;NOX1;MLXIPL;IGF1;MLYCD;GCDH;NCOR1;FMO5;PDK1;NME5	GLOM	GO_BP	no_proc_ieg	10098
GOBP_REGULATION_OF_HORMONE_LEVELS	-1.594960200818581	0.0	0.14691411688259007	139/395	PCSK1N;SLC39A14;CYP17A1;RBP4;HSD3B2;RAB11FIP3;BMP5;CYP27B1;CYP3A4;EGFR;HNF1A;PCK2;PRKN;CYP11B2;CHD7;PNPLA4;SERPINA7;PRKCE;ADCY8;HPN;F2RL1;SIRT3;CYP2C8;GHR;PFKFB2;ACE2;IRS2;DPP4;CCN3;ALDH8A1;ACE;AKR1C3;MME;DAB2;CRYM;RAB11FIP2;HSD17B8;TG;SULT1B1;CCDC186;AFP;FOXA2;BBS1;DIO1;FDX1;TRPV6;CAMK2G;AGT;NR0B2;ENPEP;CGA;ADH6;SNX4;PCSK6;GHSR;ABAT;GNAZ;CPLX3;DHRS11;CEL;CYP46A1;GDF9;CRY2;SRD5A2;AKR1C4;MC4R;MTNR1B;RFX3;BMP8A;SPP1;HSD17B2;G6PC2;DHRS3;SLC17A4;NR1H4;IL11;HNF4A;FGA;TACR1;GPLD1;DHCR7;AIMP1;HSD17B3;CYP1A1;KCNA5;CYP3A5;SMAD4;CASR;INHA;ESR1;SLC3A2;NPVF;CYP2C18;FGF23;MYRIP;EDN3;GJA1;CRH;SYBU;TRPV4;BCO1;FOXO1;NR5A1;SULT2A1;GLP1R;JAK2;ENY2;SCNN1B;GNB3;CACNA1H;GIPR;CHST10;SLC30A5;RETSAT;AANAT;PFKM;STXBP3;NOS2;PNLIP;ATP1A1;RDH16;ADH7;ALDH1A1;LEP;CHST8;NKX3-1;DIO3;CARTPT;BCHE;CTSG;SLC5A5;OSBP;PRMT3;GCNT4;PER2;EPHA5;RAB3A;PAX8;RDH11	GLOM	GO_BP	no_proc_ieg	10098
GOBP_RESPONSE_TO_CORTICOSTEROID	-1.5995703984121845	0.0	0.1428525625048654	27/114	ALPL;HMGCS2;SSTR2;AIFM1;HSD3B2;HSD11B2;PCK1;BCL2;EGFR;UCP3;PCK2;SDC1;HDAC6;MAOB;ALAD;GOT1;SCNN1A;SLC12A3;GHR;MYOD1;ASS1;ACE;AKR1C3;GHSR;CPS1;PFKFB1;APOA2	GLOM	GO_BP	no_proc_ieg	10098
GOBP_ALCOHOL_BIOSYNTHETIC_PROCESS	-1.6005280937185626	0.0	0.14283224025027247	23/102	QDPR;HMGCS2;BMP5;CYP27B1;PCK1;CYP3A4;APOE;PCK2;ACAA2;PRKG1;CYP11B2;IMPA2;MBTPS2;GOT1;TM7SF2;APOA1;IDI1;PTH1R;DAB2;EBP;IP6K2;INSIG2;MAS1	GLOM	GO_BP	no_proc_ieg	10098
GOBP_VENTRICULAR_CARDIAC_MUSCLE_TISSUE_MORPHOGENESIS	-1.604988536029661	0.010330578512396695	0.1387153480015427	17/36	TNNT2;CHD7;MYL3;BMPR1A;FGFR2;BMP10;NRG1;NKX2-5;ZFPM2;LRP2;MYBPC3;HAND1;TNNI3;SMAD4;TGFBR3;TNNI1;PROX1	GLOM	GO_BP	no_proc_ieg	10098
GOBP_REGULATION_OF_CILIUM_MOVEMENT	-1.6107228430148484	0.018072289156626505	0.13298979340722564	11/18	CFAP45;BBS1;RGN;TACR3;TACR1;CLXN;CFAP69;DNAAF1;CFAP20;CFAP43;CFAP298	GLOM	GO_BP	no_proc_ieg	10098
GOBP_REGULATION_OF_CILIUM_DEPENDENT_CELL_MOTILITY	-1.6122500194392653	0.024439918533604887	0.13226543755273595	7/15	CFAP45;BBS1;RGN;TACR3;TACR1;CLXN;CFAP69	GLOM	GO_BP	no_proc_ieg	10098
GOBP_DITERPENOID_METABOLIC_PROCESS	-1.6131947055964753	0.005917159763313609	0.13232381447977687	28/58	ALDH3A2;RBP4;ADH5;CYP3A4;EGFR;PNPLA4;CYP2C8;ALDH8A1;AKR1C3;ADH6;PECR;CEL;LRP2;AKR1C4;DHRS3;CYP1A1;CYP3A5;CYP2C18;RLBP1;CRH;BCO1;RETSAT;PNLIP;RDH16;ADH7;ALDH1A1;PRMT3;RDH11	GLOM	GO_BP	no_proc_ieg	10098
GOBP_PYRUVATE_METABOLIC_PROCESS	-1.6146276409325446	0.006024096385542169	0.13187331801463514	28/93	PDK2;OGDHL;GPD1;FBP1;PCK1;PCK2;PGM1;DLD;SLC4A4;NUPR1;PFKFB2;ALDOB;PKLR;PRKAG2;DHTKD1;LDHC;PRKAG1;PDK4;PDHA1;PFKFB1;PGAM2;GALK1;MLXIPL;IGF1;NCOR1;PDK1;LDHAL6B;INSR	GLOM	GO_BP	no_proc_ieg	10098
GOBP_POSITIVE_REGULATION_OF_BLOOD_PRESSURE	-1.6184632669438574	0.016260162601626018	0.12878612571765422	12/24	HSD11B2;ADH5;CYP11B2;TAC3;ACE;TACR3;ADRA1A;TACR1;OXT;AVP;GLP1R;DRD5	GLOM	GO_BP	no_proc_ieg	10098
GOBP_POTASSIUM_ION_TRANSPORT	-1.6249657645691147	0.0	0.12276618601761681	68/158	BIN1;SLC12A6;KCNMB2;KCNH4;KCNQ3;KCNJ16;HPN;SLC12A3;ATP12A;KCNS1;KCNV2;KCNA4;KCNG2;KCNJ3;DPP6;KCNG1;KCNJ15;PKD2L1;KCNJ10;KCNJ1;NEDD4L;KCNH6;DRD1;KCNK5;ANK2;TMEM38B;LETM1;HCN4;KCNA10;RGS7;DRD3;ANK3;FHL1;KCNQ2;KCNIP2;WWP2;AKAP6;SLC24A3;CCT8L2;NPPA;SLC9A6;FXYD3;KCNA5;KCNIP1;ATP1B1;KCNK12;ACTN2;EDN3;SLC17A7;CACNA1D;FXYD1;KCNB2;KCNJ4;CNGB1;SLC9A3;NOS1;KCNK7;KCNF1;KCNK10;ATP1A1;KCNAB2;DLG1;KCNV1;YWHAE;KEL;KCNK2;KCNJ6;AKAP9	GLOM	GO_BP	no_proc_ieg	10098
GOBP_REGULATION_OF_FIBRINOLYSIS	-1.6254790842095044	0.02217741935483871	0.12337340004078372	6/16	APOH;THBS1;PLG;SERPINF2;HRG;F11	GLOM	GO_BP	no_proc_ieg	10098
GOBP_ACTIVATION_OF_PROTEIN_KINASE_B_ACTIVITY	-1.6304093328715872	0.007782101167315175	0.11917778408108301	7/18	ANG;MT3;NRG1;IGF1;FGF1;INSR;ADRA2C	GLOM	GO_BP	no_proc_ieg	10098
GOBP_FOLIC_ACID_CONTAINING_COMPOUND_METABOLIC_PROCESS	-1.6324410909111202	0.02434077079107505	0.11820707726613518	7/18	FTCD;MTHFD2;ALDH1L1;SHMT1;MTHFD1;FOLR1;GGH	GLOM	GO_BP	no_proc_ieg	10098
GOBP_MULTICELLULAR_ORGANISMAL_LEVEL_WATER_HOMEOSTASIS	-1.633261792953276	0.014344262295081968	0.11843030705573399	7/26	AQP2;CYP4A11;AQP6;CYP11B2;UMOD;SCNN1A;CYP4F2	GLOM	GO_BP	no_proc_ieg	10098
GOBP_MONOCARBOXYLIC_ACID_TRANSPORT	-1.6374839302519948	0.002127659574468085	0.11529462873085713	52/122	SLC22A8;SLC27A2;SLC6A13;ABCC2;THBS1;CYP4A11;SLC10A2;APOE;SLC22A6;NHERF1;CYP4F2;ABCD3;FABP1;IRS2;SLC22A11;ACE;SLC22A7;PLA2G2A;MPC1;NR0B2;ACSL1;SLC22A13;ABCC4;SLC16A7;FABP2;SLC22A2;SLC22A1;AKR1C4;FABP7;DRD3;SLC25A17;PLA2G1B;ABCG2;SLC6A12;OXT;CASR;SLC16A4;SLC6A8;SLC10A1;PLIN2;TSPO2;NOS2;CPT2;ACACB;AVPR1B;LEP;MAP2K6;ABCD2;PLA2G2D;SLCO1A2;SLCO1C1;SLC2A1	GLOM	GO_BP	no_proc_ieg	10098
GOBP_ORGANIC_ACID_TRANSPORT	-1.6396025325305912	0.0	0.11431838003657967	95/233	SLC22A8;SLC27A2;SLC6A13;ABCC2;SLC1A5;THBS1;CYP4A11;SLC13A3;SLC10A2;APOE;PRKG1;SLC22A6;UMOD;NHERF1;LLGL2;CYP4F2;ABCD3;ACE2;SLC3A1;FABP1;SLC47A1;IRS2;SLC22A11;ACE;SLC1A1;SLC13A2;SLC22A7;KCNJ10;PLA2G2A;FOLR1;SLC7A9;SLC25A10;KMO;MPC1;ABCB1;ABCC6;SLC19A2;NR0B2;AGXT;ABAT;SFXN1;ACSL1;SLC22A13;ABCC4;SLC25A12;SLC16A7;FABP2;SLC22A2;SLC22A1;LRP2;AKR1C4;FABP7;DRD3;SLC38A3;SLC25A17;PLA2G1B;ABCG2;RGS2;SLC6A12;OXT;SLC26A3;CASR;SLC26A4;AVP;SLC16A4;SLC3A2;SLC25A13;GFAP;SLC6A8;SLC17A7;RAB3GAP1;GJA1;SLC10A1;SLC6A7;PLIN2;TSPO2;NOS2;CPT2;ACACB;GRM1;AVPR1B;LEP;SLC25A38;SLC19A1;MAP2K6;ABCD2;PER2;TTYH1;PLA2G2D;SLCO1A2;TRH;SLC26A1;SLCO1C1;SLC6A14;SLC2A1	GLOM	GO_BP	no_proc_ieg	10098
GOBP_LONG_CHAIN_FATTY_ACID_METABOLIC_PROCESS	-1.6402015136805257	0.0	0.11475679769777287	21/70	CYP2B6;ACAA1;SLC27A2;GSTM4;ACSF2;CYP4A11;CYP3A4;ACOT7;CYP2A13;CYP2C8;CYP4F2;ABCD3;AKR1C3;ALOX15;ACSBG2;CYP2J2;ALOX12B;ADTRP;ACSL1;FAAH;ACADL	GLOM	GO_BP	no_proc_ieg	10098
GOBP_PHOTORECEPTOR_CELL_DEVELOPMENT	-1.6421925158241923	0.013539651837524178	0.11381369058015468	19/34	PRKCI;USH1C;VEGFA;ARL3;BBS1;AHI1;CRB1;PRDM1;CDHR1;DZANK1;CNGB1;DIO3;NR2E3;TULP1;RPGRIP1;THY1;MYO7A;NRL;GNAT1	GLOM	GO_BP	no_proc_ieg	10098
GOBP_CILIUM_OR_FLAGELLUM_DEPENDENT_CELL_MOTILITY	-1.6429270083056788	0.005893909626719057	0.11405519776770025	30/64	DYNC2H1;CFAP45;SPAG6;BBS1;BBOF1;ING2;LZTFL1;LDHC;SPAG16;RGN;TACR3;IFT81;RFX3;CELF3;DNAI1;TACR1;SLC22A14;CLXN;PGK2;RSPH6A;DNAH7;CFAP69;DNAH9;TEKT2;GAPDHS;ASH1L;SMCP;PLTP;CFAP20;CFAP43	GLOM	GO_BP	no_proc_ieg	10098
GOBP_RESPONSE_TO_NUTRIENT_LEVELS	-1.6431403130624502	0.0	0.11490752980182116	108/364	ALB;PDK2;ALPL;PCSK1N;HMGCS2;LPL;ACAT1;SSTR2;FBP1;SLC34A1;NPY;HSD11B2;CYP27B1;PCK1;APOE;BCL2;EGFR;UCP3;PCK2;MAPK8;WDR59;NQO1;ALAD;PRKAB1;EIF2AK3;NNT;RRAGD;SLC12A3;GHR;MYOD1;TFRC;FABP1;MT3;RRAGB;ASS1;PKLR;ACE;AKR1C3;SIRT1;NCOA1;FOLR1;OTUD3;FOXA2;VDR;BCAS3;DEPDC5;PRKAG2;SLC39A4;MBD2;PRKAG1;GHSR;PDK4;ACSL1;ABCG5;YWHAZ;ULK1;CPS1;PFKFB1;PPARGC1A;MAPKAP1;MDM2;MLXIPL;GAST;PAX2;MLYCD;GDF15;SRD5A2;MC4R;LTA;BMP8A;SLC38A3;SPP1;KL;CDKN1A;PENK;ACADM;NFE2L2;NR1H4;SST;CLEC16A;KAT5;OXT;CAT;CYP1A1;GPT;CSHL1;GABARAPL1;GDAP1;SHANK2;CASR;SIRT5;HTR4;FGF23;PROX1;EIF2AK1;BCKDHB;ASL;SLC6A4;TRPV4;FOXO1;CIDEB;SLC10A1;SCNN1B;GAD2;BMP7;ASCL1;STK24;PLIN2	GLOM	GO_BP	no_proc_ieg	10098
GOBP_OLEFINIC_COMPOUND_METABOLIC_PROCESS	-1.6435488499556359	0.0	0.11549004189996198	46/109	CYP2B6;ACAA1;EPHX2;CYP17A1;RBP4;BMP5;HSD11B2;CYP4A11;CYP3A4;PRKG1;CYP11B2;PNPLA4;CYP2A13;CYP2C8;CYP4F2;ALDH8A1;AKR1C3;DAB2;AFP;ALOX15;CYP2J2;ALOX12B;ADH6;FAAH;CEL;CYP46A1;SRD5A2;AKR1C4;DHRS3;CYP2E1;HSD17B3;CYP1A1;CYP3A5;CYP2A6;ABHD6;CYP2C18;CYP2A7;BCO1;SCNN1B;CACNA1H;ALOXE3;RETSAT;PNLIP;RDH16;ADH7;ALDH1A1	GLOM	GO_BP	no_proc_ieg	10098
GOBP_FEEDING_BEHAVIOR	-1.646304785706714	0.0021231422505307855	0.1135795846608601	23/75	STRA6;USP46;NPY;GLS;ACE2;MCHR1;LEPR;ACE;GIGYF2;FYN;DRD1;PEX13;GHSR;PYY;TACR3;HAND2;GDF15;MC4R;OPRL1;GALR3;CALCA;TACR1;OXT	GLOM	GO_BP	no_proc_ieg	10098
GOBP_RESPONSE_TO_METAL_ION	-1.6467289397327958	0.0	0.11424370051600287	82/261	CHP2;AQP2;HMGCS2;FBP1;ADCY1;SLC34A1;MT1G;THBS1;NDRG1;BCL2;EGFR;TNNT2;KCNMB2;MAPK8;PRKN;SDC1;CPNE3;CYP11B2;KCNQ3;DPEP1;CER1;IMPA2;MAOB;SLC11A2;NQO1;ALAD;ACO1;ADCY8;EIF2AK3;CDH1;MT1X;TFRC;CALM2;MT3;ASS1;PKLR;MT1F;SLC1A1;SLC13A2;AKR1C3;KCNJ10;ALOX15;KHK;CAPN3;TRPV6;ABCC6;CPNE6;ABAT;TXNIP;CPS1;DMTN;PGAM2;SLC25A12;MT4;MDM2;KIT;ANK3;CACNG2;MYOG;KMT2A;FECH;KCNIP2;PENK;NFE2L2;SLC30A3;TESMIN;FGA;HAAO;GPLD1;NPTX1;CAT;CYP1A1;RYR3;CASR;TFAP2A;TERT;SLC25A13;FGF23;CPNE7;BRAF;MNAT1;MT2A	GLOM	GO_BP	no_proc_ieg	10098
GOBP_MITOCHONDRIAL_MEMBRANE_ORGANIZATION	-1.6568309892281328	0.006048387096774193	0.10540251347512393	15/66	AFG3L2;HSPA9;OPA1;MTCH2;MICU1;BCL2;ACAA2;SLC25A5;AP3B1;APOO;EYA2;OXA1L;CHCHD3;MAIP1;LETM1	GLOM	GO_BP	no_proc_ieg	10098
GOBP_PHOTORECEPTOR_CELL_DIFFERENTIATION	-1.662285923643504	0.005905511811023622	0.10117909143402526	23/40	PRKCI;USH1C;VEGFA;ARL3;BBS1;AHI1;CRB1;PRDM1;DLX2;CDHR1;DZANK1;CNGB1;DIO3;NR2E3;TULP1;RPGRIP1;PROM1;THY1;MYO7A;NRL;DSCAM;GNAT1;SOX9	GLOM	GO_BP	no_proc_ieg	10098
GOBP_ZYMOGEN_ACTIVATION	-1.6679797641084388	0.0020242914979757085	0.09727580411230673	13/47	APOH;MASP1;KLK1;THBS1;SERPINF2;CYFIP2;HPN;F11;CTSH;PRSS3;PRSS12;F9;ASPH	GLOM	GO_BP	no_proc_ieg	10098
GOBP_BILE_ACID_METABOLIC_PROCESS	-1.6704879500260839	0.01293103448275862	0.09572385457988214	17/32	ACAA1;ACOX2;SLC27A2;OSBPL9;ABCD3;SIRT1;BAAT;CYP46A1;KIT;AKR1C4;FGFR4;NR1H4;PROX1;SULT2A1;CYP39A1;LEP;OSBP	GLOM	GO_BP	no_proc_ieg	10098
GOBP_ALCOHOL_METABOLIC_PROCESS	-1.6740201072932384	0.0	0.09367871325780079	96/263	ALDH3A2;QDPR;HMGCS2;EPHX2;AKR1A1;RBP4;SLC34A1;BMP5;ACO2;HSD11B2;CYP27B1;PCK1;CYP3A4;APOE;PCK2;ACAA2;PRKG1;CUBN;CYP11B2;PNPLA4;IMPA2;MBTPS2;GDPD3;GOT1;ALDH2;CYP2C8;PON1;TM7SF2;APOA1;LEPR;IDI1;PTH1R;AKR1C3;DAB2;SULT1B1;FDX1;EBP;IP6K2;TSKU;INSIG2;NR0B2;ADH6;PECR;MAS1;ALDH1B1;GALK1;ACADL;CEL;CYP46A1;APOA2;SOAT2;IGF1;LRP2;FGF1;AKR1C4;FMO5;ALDH3B1;DBH;CBR4;FECH;DHRS3;NR1H4;SGPP1;AKR7A2;ERLIN1;DHCR7;SPTLC1;CAT;CYP1A1;CYP3A5;TKFC;ABCA5;SPTLC3;CYP2C18;ERLIN2;NPC1L1;PCBD1;SULT1A2;ADCYAP1R1;BCO1;SULT2A1;SCNN1B;GNB3;CACNA1H;PPIP5K2;APOA4;RETSAT;CYP39A1;PNLIP;IDH3B;DHDDS;RDH16;ADH7;AVPR1B;ALDH1A1;LEP	GLOM	GO_BP	no_proc_ieg	10098
GOBP_SULFUR_COMPOUND_METABOLIC_PROCESS	-1.6745027931982628	0.0	0.09409553815835268	51/214	PDK2;ACSM3;HMGCS2;ACAT1;AKR1A1;SLC27A2;GSTM4;BHMT;AHCY;GLYAT;MCCC1;MSRA;ACSF2;ACOT11;TST;PIPOX;PAPSS1;BHMT2;ACOT7;DLD;DPEP1;SUOX;MTHFD1;GSTA4;GHR;CHST5;FMO1;NAT8;SLC19A3;GNMT;HAGH;ACSM5;GGTLC1;SLC1A1;GSTA3;SULT1B1;SLC25A10;NOX4;ACSBG2;SLC19A2;AGXT;BAAT;AHCYL2;PDK4;ACSL1;PDHA1;CPS1;MLYCD;CTH;LPO;GCDH	GLOM	GO_BP	no_proc_ieg	10098
GOBP_RESPONSE_TO_THYROID_HORMONE	-1.6750432059631812	0.009433962264150943	0.09453858764111146	6/19	RDX;SLC34A1;HPN;CTSH;ACE;GHSR	GLOM	GO_BP	no_proc_ieg	10098
GOBP_INORGANIC_ION_IMPORT_ACROSS_PLASMA_MEMBRANE	-1.679643638053241	0.003968253968253968	0.09149248959933716	35/89	SLC39A14;SLC12A6;SLC34A1;SLC5A2;KCNJ16;SCNN1A;SLC12A3;ATP12A;KCNJ3;KCNJ15;KCNJ10;KCNJ1;CACNA2D1;TRPV6;FYN;SLC39A4;KCNK5;HCN4;CACNA1I;SLC8A1;TRPV5;SLC9A6;SLC8A2;NALF2;ATP1B1;SLC39A6;CACNA1D;TRPV4;KCNJ4;SCNN1B;TRPM2;CACNA1H;CACNA1E;SLC9A3;CACNA1F	GLOM	GO_BP	no_proc_ieg	10098
GOBP_ORGANIC_ACID_BIOSYNTHETIC_PROCESS	-1.684494300740149	0.0	0.08825638864060217	76/223	ACSM3;LPL;ACOX2;AKR1A1;SLC27A2;GSTM4;BHMT;GATM;CYP4A11;CYP3A4;BHMT2;ACOT7;PAH;OSBPL9;GAD1;GLS;SHMT1;GOT1;PRKAB1;CYP2C8;MTHFD1;ABCD3;FMO1;UPB1;ACSM5;ASS1;PKLR;GGTLC1;ALDH8A1;AKR1C3;SIRT1;HSD17B8;GAMT;ALOX15;APOC3;KMO;ACSBG2;PRKAG2;ALOX12B;INSIG2;AGXT;BAAT;LDHC;PRKAG1;PDK4;ABAT;PECR;RGN;CPS1;ACADL;CYP46A1;MLXIPL;PYCR1;MLYCD;CTH;GLUD2;OAT;AKR1C4;GLS2;FGFR4;CBR4;OLAH;NR1H4;PLA2G1B;HAAO;CYP2E1;ERLIN1;CYP1A1;AASS;AVP;PROX1;ERLIN2;PCBD1;MTHFD2L;ASL;SRR	GLOM	GO_BP	no_proc_ieg	10098
GOBP_MONOSACCHARIDE_METABOLIC_PROCESS	-1.6852445970561254	0.0	0.08850557695910585	60/176	SLC37A4;PDK2;DCXR;AKR1A1;SLC39A14;RBP4;GPD1;FBP1;G6PC1;PMM1;PCK1;PCK2;PRKN;PGM1;FGGY;FUT6;NCOA2;GOT1;PFKFB2;IRS2;GNMT;ALDOB;LEPR;SIRT1;RORC;SLC25A10;RBKS;FOXA2;KHK;PDK4;RGN;PDHA1;RORA;PFKFB1;PGAM2;PPARGC1A;GALK1;SLC25A12;MPI;IGF1;MLYCD;PDK1;APOD;INSR;FBP2;G6PC2;XYLB;ACADM;PHKA1;GPLD1;PC;PGD;GPT;CHST1;TKFC;PGK2;ALDOC;SLC25A13;ADCY10;KBTBD2	GLOM	GO_BP	no_proc_ieg	10098
GOBP_VITAMIN_TRANSPORT	-1.688610727294372	0.014522821576763486	0.08690465993970788	18/35	STRA6;CUBN;AFM;SLC47A1;SLC19A3;APOA1;FOLR1;SLC44A4;SLC19A2;SLC22A2;SLC22A1;LRP2;ABCG2;SLC22A14;NPC1L1;AMN;TTPA;GC	GLOM	GO_BP	no_proc_ieg	10098
GOBP_RETINOL_METABOLIC_PROCESS	-1.689163007970865	0.006185567010309278	0.08735102985552282	19/35	RBP4;CYP3A4;PNPLA4;CYP2C8;AKR1C3;ADH6;CEL;DHRS3;CYP1A1;CYP3A5;CYP2C18;BCO1;RETSAT;PNLIP;RDH16;ADH7;ALDH1A1;RDH11;LRAT	GLOM	GO_BP	no_proc_ieg	10098
GOBP_CELLULAR_RESPONSE_TO_CORTICOSTEROID_STIMULUS	-1.6928997663870788	0.010438413361169102	0.08541898231243636	11/47	HMGCS2;SSTR2;AIFM1;PCK1;EGFR;PCK2;SCNN1A;MYOD1;ASS1;ACE;AKR1C3	GLOM	GO_BP	no_proc_ieg	10098
GOBP_RESPONSE_TO_GROWTH_HORMONE	-1.6941643315889765	0.010245901639344262	0.08522667609315268	12/25	HMGCS2;SLC34A1;GHR;ASS1;GHSR;CPS1;GDF15;PIK3R1;CSHL1;SOCS2;LEPROT;JAK2	GLOM	GO_BP	no_proc_ieg	10098
GOBP_ORGANIC_CATION_TRANSPORT	-1.6941654896526626	0.002074688796680498	0.08616323297329721	25/68	SLC1A5;LLGL2;ACE2;SLC47A1;SLC19A3;SLC1A1;SLC44A4;SLC19A2;GHSR;SFXN1;SLC5A7;CHRNA3;SLC22A2;SLC22A1;SLC22A5;SLC38A3;SLC6A2;SLC22A4;SLC18A3;ADRA2C;SLC25A17;RGS2;SLC6A12;OXT;RHAG	GLOM	GO_BP	no_proc_ieg	10098
GOBP_AROMATIC_AMINO_ACID_METABOLIC_PROCESS	-1.694553055685022	0.013157894736842105	0.08678766972594049	11/20	QDPR;HPD;PAH;FAH;KMO;DCT;GCDH;OCA2;HAAO;PCBD1;GSTZ1	GLOM	GO_BP	no_proc_ieg	10098
GOBP_SULFUR_COMPOUND_TRANSPORT	-1.6947023349262398	0.001984126984126984	0.08762418189295514	20/40	SLC6A13;SLC13A3;NHERF1;SLC3A1;SLC47A1;SLC19A3;SLC1A1;SLC7A9;SLC25A10;SLC44A4;SLC19A2;ABCC4;SLC22A2;SLC22A1;SLC13A1;ABCG2;SLC26A3;SLC26A4;SLC3A2;GJA1	GLOM	GO_BP	no_proc_ieg	10098
GOBP_IMPORT_ACROSS_PLASMA_MEMBRANE	-1.6948180108062123	0.0	0.08851976442370596	71/146	SLC2A5;SLC6A13;SLC39A14;SLC12A6;SLC34A1;SLC5A2;SLC1A5;THBS1;KCNJ16;SCNN1A;NHERF1;SLC12A3;ATP12A;ACE2;SLC47A1;SLC28A1;IRS2;KCNJ3;KCNJ15;SLC1A1;KCNJ10;KCNJ1;CACNA2D1;TRPV6;FYN;SLC39A4;KCNK5;ACSL1;SLC22A2;LRP2;HCN4;CACNA1I;SLC8A1;SLC38A3;SLC15A1;SLC22A4;TRPV5;SLC9A6;RGS2;SLC8A2;NALF2;ATP1B1;SLC3A2;GFAP;SLC39A6;CACNA1D;TRPV4;KCNJ4;SLC6A7;SCNN1B;TRPM2;CACNA1H;CACNA1E;SLC9A3;CACNA1F;TSPO2;ATP1A1;GRM1;DLG1;SLC19A1;PER2;KCNJ6;SLC5A1;SLC6A14;SLC2A1;AQP8;SLC12A5;SLC16A2;LRRC8D;SLC6A20;AKAP5	GLOM	GO_BP	no_proc_ieg	10098
GOBP_ICOSANOID_TRANSPORT	-1.695299091586195	0.010416666666666666	0.08913204129354703	16/51	SLC22A8;ABCC2;CYP4A11;SLC22A6;CYP4F2;SLC22A11;ACE;SLC22A7;PLA2G2A;ABCC6;ABCC4;SLC22A2;SLC22A1;DRD3;PLA2G1B;OXT	GLOM	GO_BP	no_proc_ieg	10098
GOBP_RENAL_SYSTEM_PROCESS	-1.6957367650328443	0.0	0.08969707167766196	33/95	AQP2;CLCNKB;SLC4A5;SLC5A2;HSD11B2;CYP4A11;BCL2;HNF1A;AQP6;CYP11B2;SLC22A6;UMOD;SERPINF2;F2RL1;NHERF1;SLC12A3;CYP4F2;CLCN5;ATP6V0A4;AKR1C3;AGT;CHRNA3;OPRL1;TRPV5;ABCG2;TACR1;OXT;PTPRO;PON3;PRKACB;AMN;CHRNB2;BTC	GLOM	GO_BP	no_proc_ieg	10098
GOBP_BILE_ACID_BIOSYNTHETIC_PROCESS	-1.696154417909487	0.008583690987124463	0.09046202341830183	10/25	ACOX2;SLC27A2;OSBPL9;ABCD3;SIRT1;BAAT;CYP46A1;AKR1C4;FGFR4;NR1H4	GLOM	GO_BP	no_proc_ieg	10098
GOBP_VITAMIN_TRANSMEMBRANE_TRANSPORT	-1.705544204366891	0.005928853754940711	0.08321913689328347	8/15	STRA6;SLC47A1;SLC19A3;SLC44A4;SLC19A2;SLC22A2;SLC22A1;LRP2	GLOM	GO_BP	no_proc_ieg	10098
GOBP_INORGANIC_ANION_TRANSPORT	-1.7099184414614603	0.0	0.08076031727160743	41/116	SLC37A4;SLC22A8;CA2;CLCNKB;GABRR2;SLC12A6;SLC34A1;SLC4A5;AQP6;SLC22A6;SLC4A4;SLC12A3;CLCN5;SLC17A3;SLC22A11;SLC17A1;SLC1A1;TG;SLC25A10;VDR;ABCB1;ABCC6;CLCN6;CLIC5;CRY2;OCA2;CEBPB;GABRQ;SLC17A4;SLC13A1;CLCA1;SLC26A3;GABRB2;FXYD3;CASR;GABRA1;SLC26A4;BEST2;FGF23;SLC17A7;FXYD1	GLOM	GO_BP	no_proc_ieg	10098
GOBP_STEROID_BIOSYNTHETIC_PROCESS	-1.7101535454446768	0.0	0.08158398725320844	41/135	HMGCS2;ACOX2;SLC27A2;CYP17A1;HSD3B2;BMP5;CYP27B1;CYP3A4;APOE;ACAA2;PRKG1;CYP11B2;OSBPL9;MBTPS2;ABCD3;TM7SF2;APOA1;IDI1;AKR1C3;SIRT1;DAB2;HSD17B8;FDX1;EBP;PRKAG2;INSIG2;CGA;BAAT;DHRS11;CYP46A1;FGF1;SRD5A2;AKR1C4;FGFR4;HSD17B2;NR1H4;CYB5R2;ERLIN1;DHCR7;HSD17B3;CYP1A1	GLOM	GO_BP	no_proc_ieg	10098
GOBP_CILIUM_MOVEMENT	-1.7105996521161695	0.0	0.08237359402949786	37/81	DYNC2H1;NHERF1;CFAP45;SPAG6;BBS1;BBOF1;ING2;LZTFL1;LDHC;SPAG16;RGN;DNAI4;TACR3;IFT81;NME5;RFX3;JHY;CELF3;DNAI1;TACR1;SLC22A14;CLXN;PGK2;RSPH6A;DNAH7;CFAP69;ADCY10;DNAH9;TEKT2;GAPDHS;DNAAF1;ASH1L;PIERCE1;SMCP;PLTP;CFAP20;CFAP43	GLOM	GO_BP	no_proc_ieg	10098
GOBP_ACYLGLYCEROL_HOMEOSTASIS	-1.7176544534536995	0.0	0.07804941554883497	12/24	LPL;APOE;APOA1;SIRT1;APOC3;ABCG5;RORA;MLXIPL;NR1H4;HNF4A;ANGPTL8;APOA4	GLOM	GO_BP	no_proc_ieg	10098
GOBP_DETECTION_OF_STIMULUS_INVOLVED_IN_SENSORY_PERCEPTION	-1.7187613877457208	0.0	0.07834573601200154	63/110	TAS2R4;OR2F1;RHO;HPN;OR7A10;OR12D3;AZGP1;OR10H2;OR3A3;PKD2L1;OR10H3;FYN;OR10H1;OR52A1;KIT;LPO;CA6;OR1G1;CRB1;OR7A5;MMP24;SCN1A;ASIC3;OR2W1;TAS2R14;CALCA;OR12D2;OR1D2;TAS2R1;OR1F2P;OR2C1;PIP;OR1A1;OR5I1;OR3A1;TAS2R8;CNGB1;CACNA1F;PRDM12;TAS2R3;PHF24;OR2H1;OR10J1;OR2B2;TAS2R7;TULP1;TAS2R9;OR11A1;OR1F1;OR2J3;TAS2R10;CACNB4;OR7A17;PIGR;OR2S2;BACE1;OR7C2;PPEF1;SCN11A;CEP250;GNAT1;TRPV1;CHRNA9	GLOM	GO_BP	no_proc_ieg	10098
GOBP_RESPONSE_TO_XENOBIOTIC_STIMULUS	-1.7190790194278496	0.0	0.07904510593773766	112/320	CYP2B6;ACAA1;HMGCS2;USP47;GSTM4;GLYAT;FBP1;ADCY1;SLC34A1;ABCC2;AOX1;TPMT;THBS1;HSD11B2;BPHL;TXNRD2;CYP3A4;BCL2;EGFR;FMO4;KCNQ3;DPEP1;CRYZ;UMOD;MAOB;CES2;NQO1;SEMA3C;LOX;ALAD;CYP2A13;CDH1;CYP2C8;CYP4F2;GSTA4;TFRC;ABCD3;FMO1;AADAC;ASS1;ACE;SLC1A1;SLC22A7;RORC;GSTA3;SULT1B1;CYP2J2;ABCB1;ABCC6;DRD1;ABAT;ACSL1;EMX2;ABCG5;MAS1;TXNIP;CPS1;RORA;ABCC4;CYP46A1;MDM2;ALDH3A1;SLC22A1;APOA2;LPO;SRD5A2;LTA;FMO5;ADRA1A;PTCH1;DRD3;SLC6A2;FECH;TGIF1;SOX10;CDKN1A;CTNNB1;NFE2L2;SST;HNF4A;PDE4B;NR1I2;PNP;CYP2E1;GPLD1;CCNT1;VAV3;CAT;CYP1A1;PON3;CYP3A5;SHANK2;AOC2;CYP2A6;CA9;CYP2C18;S100A12;BRAF;SLC6A4;SULT1A2;SRR;CRH;CYP2A7;ADCYAP1R1;SULT2A1;SLC10A1;SCNN1B;GAD2;EMX1;PLIN2;SLC28A2;NOS1	GLOM	GO_BP	no_proc_ieg	10098
GOBP_VASCULAR_TRANSPORT	-1.7223901335244005	0.0	0.07763380629172628	23/62	SLC22A8;SLC6A13;ABCC2;SLC1A5;SLC13A3;APOE;SLC4A4;ATP8A1;NHERF1;TFRC;LEPR;SLC1A1;ABCB1;ABCC4;SLC16A7;SLC22A2;SLC22A1;SLC22A5;LRP2;SLC38A3;INSR;SLC24A3;ABCG2	GLOM	GO_BP	no_proc_ieg	10098
GOBP_CELLULAR_RESPONSE_TO_CAMP	-1.7278540224802157	0.004098360655737705	0.07446916712916365	22/39	WNT10B;GPD1;FBP1;PCK1;GATA1;EZR;ASS1;FDX1;CPS1;DMTN;HCN4;PENK;AKAP6;SLC26A3;AANAT;WT1;SLC5A5;AKAP9;AQP8;ADIPOQ;ITPR2;STC1	GLOM	GO_BP	no_proc_ieg	10098
GOBP_ORGANIC_ANION_TRANSPORT	-1.729682712199102	0.0	0.07382876166825013	93/288	SLC37A4;SLC22A8;SLC27A2;SLC6A13;SLC39A14;SLC4A5;G6PC1;ABCC2;SLC1A5;THBS1;CYP4A11;SLC13A3;SLC10A2;APOE;PRKG1;SLC25A5;SLC22A6;UMOD;SLC4A4;NHERF1;LLGL2;CYP4F2;ABCD3;ACE2;SLC3A1;FABP1;SLC47A1;SLC17A3;IRS2;CR1;SLC22A11;SLC17A1;ACE;SLC1A1;SLC13A2;SLC22A7;KCNJ10;PLA2G2A;FOLR1;SLC7A9;SLC25A10;KMO;MPC1;SLC44A4;SLC39A4;ABCB1;ABCC6;SLC19A2;NR0B2;AGXT;ABAT;SFXN1;ACSL1;SLC22A13;ABCC4;SLC25A12;SLC16A7;FABP2;SLC22A2;SLC22A1;LRP2;AKR1C4;FABP7;DRD3;SLC38A3;CA4;SLCO4C1;ASIC3;SLC17A4;SLC25A17;PLA2G1B;ABCG2;RGS2;CYB5R2;SLC6A12;OXT;SLC26A3;RHAG;SLC22A14;CASR;SLC26A4;BEST2;AVP;SLC16A4;SLC3A2;SLC25A13;ADCY10;GFAP;SLC6A8;SLC17A7;SLC39A6;RAB3GAP1;GJA1	GLOM	GO_BP	no_proc_ieg	10098
GOBP_XENOBIOTIC_TRANSPORT	-1.7323469364322712	0.008620689655172414	0.07276613004304971	16/34	SLC22A8;ABCC2;SLC22A6;SLC47A1;SLC17A3;ABCB1;ABCC4;SLC22A2;SLC22A1;SLC22A5;SLC22A4;ABCG2;NR1I2;GJA1;SLC28A2;SLC29A2	GLOM	GO_BP	no_proc_ieg	10098
GOBP_BICARBONATE_TRANSPORT	-1.7404151758919795	0.009578544061302681	0.06804056511955359	11/22	SLC39A14;SLC4A5;SLC4A4;SLC39A4;CA4;CYB5R2;SLC26A3;RHAG;SLC26A4;BEST2;SLC39A6	GLOM	GO_BP	no_proc_ieg	10098
GOBP_METANEPHRIC_EPITHELIUM_DEVELOPMENT	-1.743501124162778	0.00408997955010225	0.0667578628406408	6/22	ACAT1;LGR4;SLC22A6;UMOD;SLC22A1;PAX2	GLOM	GO_BP	no_proc_ieg	10098
GOBP_SERINE_FAMILY_AMINO_ACID_METABOLIC_PROCESS	-1.7520114593868799	0.007920792079207921	0.06203798605076421	9/22	RIDA;GLYAT;AMT;SHMT1;GLDC;MTHFD1;AGXT;BAAT;CTH	GLOM	GO_BP	no_proc_ieg	10098
GOBP_FATTY_ACID_DERIVATIVE_METABOLIC_PROCESS	-1.752300674950735	0.0	0.06272280484150351	16/44	ALDH3A2;ACSS3;HMGCS2;ACAT1;SLC27A2;CYP4A11;ACOT7;DPEP1;HMGCL;CYP4F2;TYRP1;GGTLC1;ALOX15;ACSBG2;ACSL1;PECR	GLOM	GO_BP	no_proc_ieg	10098
GOBP_ORGANIC_HYDROXY_COMPOUND_BIOSYNTHETIC_PROCESS	-1.7628786027417889	0.0	0.05690080431531156	59/179	QDPR;HMGCS2;ACOX2;SLC27A2;BMP5;CYP27B1;PCK1;CYP3A4;APOE;PCK2;ACAA2;PRKG1;CYP11B2;PAH;OSBPL9;IMPA2;MBTPS2;GOT1;ALDH2;DDC;ABCD3;TM7SF2;TYRP1;APOA1;IDI1;PTH1R;AKR1C3;SIRT1;DAB2;ALOX15;EBP;IP6K2;PRKAG2;INSIG2;BAAT;LDHC;DCT;MAS1;CYP46A1;HAND2;FGF1;SRD5A2;OCA2;AKR1C4;KL;DBH;FGFR4;NR1H4;PNMT;CYB5R2;ERLIN1;DHCR7;SPTLC1;HSD17B3;SPTLC3;PROX1;ERLIN2;NPC1L1;PCBD1	GLOM	GO_BP	no_proc_ieg	10098
GOBP_CELLULAR_KETONE_METABOLIC_PROCESS	-1.764120021656486	0.0	0.05681740840484745	55/161	PDK2;CYP2B6;AKR1A1;BHMT;CYP17A1;GPD1;BMP5;NQO2;HSD11B2;PRKG1;FMO4;CYP11B2;PRKCE;NQO1;CYP4F2;FMO1;FABP1;IRS2;HAGH;ALDH8A1;AKR1C3;SIRT1;DAB2;AFP;APOC3;KMO;PRKAG2;INSIG2;KYAT1;GHSR;PDK4;RGN;SLC22A13;PPARGC1A;ACADL;CYP46A1;MLXIPL;MLYCD;GDF15;SRD5A2;AKR1C4;NCOR1;PDK1;FGFR4;CBR4;CRYZL1;NR1H4;AKR7A2;ERLIN1;HSD17B3;AVP;SIRT5;GLO1;PROX1;ERLIN2	GLOM	GO_BP	no_proc_ieg	10098
GOBP_PTERIDINE_CONTAINING_COMPOUND_METABOLIC_PROCESS	-1.7682530373475716	0.006	0.05529777949501086	11/22	FTCD;QDPR;MTHFD2;ALDH1L1;SHMT1;MTHFD1;FOLR1;GGH;FOLH1;PCBD1;MTHFD2L	GLOM	GO_BP	no_proc_ieg	10098
GOBP_CELLULAR_RESPONSE_TO_TOXIC_SUBSTANCE	-1.7715691821180672	0.0	0.05381221867142362	29/89	ALB;PRDX6;AKR1A1;ADH5;MTARC1;TXNRD2;PTPN13;APOE;MTARC2;PRKN;ABTB2;NQO1;NNT;APOM;FABP1;MT3;GPX3;PRDX3;KDM3B;SLC22A2;SLC22A1;HBE1;LPO;GPX2;NFE2L2;ABCG2;FANCC;CAT;HBQ1	GLOM	GO_BP	no_proc_ieg	10098
GOBP_SECONDARY_METABOLIC_PROCESS	-1.771754133990348	0.0	0.05453163226099157	17/44	BDH2;AKR1A1;CYP3A4;BCL2;CYP2A13;FMO1;TYRP1;AKR1C3;DCT;OCA2;AKR1C4;CBR4;NFE2L2;AKR7A2;CYP1A1;CYP3A5;CYP2A6	GLOM	GO_BP	no_proc_ieg	10098
GOBP_TRICARBOXYLIC_ACID_CYCLE	-1.7793724613558406	0.0	0.05139033500851309	8/22	OGDHL;SDHC;ACO2;ACO1;NNT;SDHB;SDHD;PDHA1	GLOM	GO_BP	no_proc_ieg	10098
GOBP_RESPONSE_TO_COPPER_ION	-1.7795877528123194	0.002109704641350211	0.05212212204813821	12/25	AQP2;MT1G;MT1X;TFRC;MT3;MT1F;MT4;NFE2L2;CYP1A1;MT2A;MT1M;AANAT	GLOM	GO_BP	no_proc_ieg	10098
GOBP_RENAL_WATER_HOMEOSTASIS	-1.7804795869734114	0.005893909626719057	0.0523515828472437	6/19	AQP2;CYP4A11;AQP6;CYP11B2;UMOD;CYP4F2	GLOM	GO_BP	no_proc_ieg	10098
GOBP_RESPONSE_TO_IRON_ION	-1.7827020316948385	0.0	0.051822854300574255	9/26	BCL2;SLC11A2;ALAD;ACO1;TFRC;ABAT;MDM2;CYP1A1;TFAP2A	GLOM	GO_BP	no_proc_ieg	10098
GOBP_RESPONSE_TO_SALT_STRESS	-1.7925753054481117	0.004106776180698152	0.047413505225432	7/18	SLC12A6;FBP1;PCK1;MICU1;KMO;CAPN3;LETM1	GLOM	GO_BP	no_proc_ieg	10098
GOBP_BENZENE_CONTAINING_COMPOUND_METABOLIC_PROCESS	-1.8010864816402226	0.00392156862745098	0.044049658783252156	10/18	ACAA1;EPHX2;GSTM4;FAH;ALDH8A1;KMO;KYAT1;SRD5A2;HAAO;CYP2E1	GLOM	GO_BP	no_proc_ieg	10098
GOBP_SMALL_MOLECULE_BIOSYNTHETIC_PROCESS	-1.8118825130752203	0.0	0.039658136340974724	147/413	SLC37A4;PDK2;ACSM3;ACSS3;QDPR;HMGCS2;LPL;ACOX2;AKR1A1;SLC27A2;GSTM4;SLC39A14;BHMT;GATM;RBP4;GPD1;FBP1;G6PC1;BMP5;CYP4A11;CYP27B1;PCK1;CYP3A4;APOE;PCK2;ACAA2;BHMT2;PRKG1;PGM1;ACOT7;CYP11B2;PAH;OSBPL9;IMPA2;MBTPS2;GAD1;GLS;HMGCL;SHMT1;GOT1;PRKAB1;CYP2C8;MTHFD1;ABCD3;FMO1;TM7SF2;SLC19A3;GNMT;UPB1;APOA1;ACSM5;ALDOB;ASS1;LEPR;IDI1;PKLR;GGTLC1;PTH1R;DNPH1;ALDH8A1;AKR1C3;SIRT1;DAB2;HSD17B8;SLC25A10;GAMT;ALOX15;APOC3;KMO;ACSBG2;EBP;IP6K2;PRKAG2;ALOX12B;INSIG2;SLC19A2;AGXT;BAAT;LDHC;PRKAG1;PDK4;ABAT;PECR;RGN;MAS1;CPS1;PFKFB1;PGAM2;PPARGC1A;SLC25A12;ADK;ACADL;CYP46A1;MLXIPL;PYCR1;MLYCD;CTH;FGF1;SRD5A2;GLUD2;OAT;AKR1C4;GLS2;FBP2;DBH;FGFR4;CBR4;G6PC2;ACADM;OLAH;NR1H4;PLA2G1B;HAAO;PNP;CYP2E1;ERLIN1;PC;DHCR7;SPTLC1;PGD;HSD17B3;CYP1A1;GPT;AASS;PGK2;ALDOC;SPTLC3;AVP;SIRT5;SLC25A13;PROX1;ERLIN2;NPC1L1;PCBD1;MTHFD2L;ASL;SRR;PLP1;ADCYAP1R1;FA2H;BCO1;FOXO1;COQ7;CACNA1H;ALOXE3;GAD2;PPIP5K2	GLOM	GO_BP	no_proc_ieg	10098
GOBP_GLUCOSE_METABOLIC_PROCESS	-1.8146501600287883	0.0	0.03894691830133151	48/132	SLC37A4;PDK2;DCXR;SLC39A14;RBP4;GPD1;FBP1;G6PC1;PCK1;PCK2;PRKN;PGM1;NCOA2;GOT1;PFKFB2;IRS2;GNMT;ALDOB;LEPR;SIRT1;RORC;SLC25A10;FOXA2;PDK4;RGN;PDHA1;RORA;PFKFB1;PGAM2;PPARGC1A;SLC25A12;IGF1;MLYCD;PDK1;APOD;INSR;FBP2;G6PC2;ACADM;PHKA1;GPLD1;PC;GPT;PGK2;ALDOC;SLC25A13;ADCY10;KBTBD2	GLOM	GO_BP	no_proc_ieg	10098
GOBP_PEROXISOMAL_TRANSPORT	-1.817479626588903	0.006072874493927126	0.03855652144261431	8/15	PEX19;ABCD3;PEX13;PEX3;PEX7;PEX5;PEX1;PEX5L	GLOM	GO_BP	no_proc_ieg	10098
GOBP_REFLEX	-1.8210910371220617	0.004081632653061225	0.037543035736122735	9/16	USP46;AFG3L2;HPN;SLC1A1;ADRA1A;DRD3;CACNG2;GJA1;ASCL1	GLOM	GO_BP	no_proc_ieg	10098
GOBP_ORGANIC_HYDROXY_COMPOUND_METABOLIC_PROCESS	-1.8469881383591449	0.0	0.028674627798803535	120/402	ALPL;ALDH3A2;QDPR;ACAA1;HMGCS2;EPHX2;ACOX2;AKR1A1;SLC27A2;RBP4;GPD1;SLC34A1;BMP5;ACO2;HSD11B2;CYP4A11;CYP27B1;PCK1;CYP3A4;APOE;BCL2;PCK2;ACAA2;PRKG1;PRKN;CUBN;CYP11B2;PNPLA4;PAH;OSBPL9;IMPA2;MBTPS2;MAOB;GDPD3;NQO1;GOT1;ALDH2;HPN;MAOA;CYP2C8;CYP4F2;DDC;ABCD3;PON1;PFKFB2;TM7SF2;LCT;TYRP1;FAH;HAGH;APOA1;LEPR;IDI1;PTH1R;SLC1A1;AKR1C3;SIRT1;DAB2;CRYM;TG;SULT1B1;ALOX15;DIO1;FDX1;EBP;IP6K2;PRKAG2;TSKU;INSIG2;NR0B2;DRD1;CGA;BAAT;ADH6;LDHC;ABAT;PECR;DCT;MAS1;ALDH1B1;GALK1;ACADL;CEL;CYP46A1;APOA2;SOAT2;TACR3;IGF1;LRP2;KIT;HAND2;FGF1;SRD5A2;OCA2;AKR1C4;FMO5;ALDH3B1;LDHAL6B;DRD3;KL;DBH;FGFR4;CBR4;FECH;DHRS3;NR1H4;PNMT;SGPP1;AKR7A2;CYB5R2;CYP2E1;ERLIN1;DHCR7;SPTLC1;CAT;HSD17B3;CYP1A1;CYP3A5;TKFC;AOC2	GLOM	GO_BP	no_proc_ieg	10098
GOBP_EXTRACELLULAR_TRANSPORT	-1.856779004468763	0.0	0.026172707170102394	12/20	NHERF1;CFAP45;SPAG6;SPAG16;NME5;RFX3;JHY;DNAI1;WWP2;ADCY10;DNAH9;DNAAF1	GLOM	GO_BP	no_proc_ieg	10098
GOBP_STEROID_METABOLIC_PROCESS	-1.8733958589625013	0.0	0.021083214362466907	90/231	CYP2B6;ACAA1;HMGCS2;EPHX2;ACOX2;CYP3A43;BDH1;SLC27A2;CYP17A1;HSD3B2;G6PC1;BMP5;SERPINA6;HSD11B2;CYP27B1;CYP3A4;APOE;ACAA2;PRKG1;CUBN;CYP11B2;OSBPL9;MBTPS2;CYP2C8;ABCD3;PON1;TM7SF2;HSD17B14;APOA1;LEPR;IDI1;AKR1C3;SIRT1;RORC;DAB2;HSD17B8;AFP;FDX1;EBP;PRKAG2;TSKU;INSIG2;NR0B2;CGA;BAAT;DHRS11;RORA;ACADL;CYP46A1;APOA2;SOAT2;LRP2;KIT;FGF1;SRD5A2;AKR1C4;FMO5;SPP1;FGFR4;HSD17B2;FECH;NR1H4;NR1I2;CYB5R2;CYP2E1;ERLIN1;DHCR7;CAT;HSD17B3;CYP1A1;CYP3A5;SULT4A1;CYP2A6;ABCA5;ESR1;FGF23;PROX1;ERLIN2;NPC1L1;SULT1A2;CRH;NR5A1;SULT2A1;SCNN1B;GNB3;CACNA1H;GC;CHST10;APOA4;CYP39A1	GLOM	GO_BP	no_proc_ieg	10098
GOBP_CELLULAR_RESPONSE_TO_COPPER_ION	-1.8750773523510793	0.0	0.021030044412621456	10/17	AQP2;MT1G;MT1X;MT3;MT1F;MT4;NFE2L2;CYP1A1;MT2A;MT1M	GLOM	GO_BP	no_proc_ieg	10098
GOBP_AMINO_ACID_BIOSYNTHETIC_PROCESS	-1.879229862769494	0.0	0.020481224190316723	23/49	BHMT;BHMT2;PAH;GAD1;GLS;SHMT1;GOT1;MTHFD1;UPB1;ASS1;AGXT;ABAT;CPS1;PYCR1;CTH;GLUD2;OAT;GLS2;AASS;PCBD1;MTHFD2L;ASL;SRR	GLOM	GO_BP	no_proc_ieg	10098
GOBP_NUCLEOSIDE_BISPHOSPHATE_METABOLIC_PROCESS	-1.8833665266497992	0.0	0.019999930889416734	24/75	PDK2;ACSM3;HMGCS2;ACAT1;SLC27A2;GLYAT;ACSF2;ACOT11;PIPOX;PAPSS1;ACOT7;DLD;MCCC2;ACSM5;SULT1B1;ACSBG2;BAAT;PDK4;ACSL1;PDHA1;MLYCD;GCDH;PDK1;MMUT	GLOM	GO_BP	no_proc_ieg	10098
GOBP_ORGANIC_HYDROXY_COMPOUND_CATABOLIC_PROCESS	-1.8863353948692383	0.0	0.01977398742556934	21/41	CYP4A11;CYP27B1;CYP3A4;APOE;MAOB;ALDH2;MAOA;CYP4F2;LCT;FAH;AKR1C3;SULT1B1;ALDH1B1;CYP46A1;ALDH3B1;DBH;TKFC;FGF23;SULT1A2;SULT2A1;CYP39A1	GLOM	GO_BP	no_proc_ieg	10098
GOBP_CELLULAR_MODIFIED_AMINO_ACID_METABOLIC_PROCESS	-1.8944179188177848	0.0	0.01841337583301994	39/123	FTCD;GSTM4;BHMT;GATM;MTHFD2;ALDH1L1;PRODH;ALDH4A1;BHMT2;DPEP1;SHMT1;HPN;OSBPL10;MTHFD1;GSTA4;NAT8;SARDH;GNMT;HAGH;ASS1;BBOX1;GGTLC1;SLC1A1;GSTA3;CRYM;TG;FOLR1;SULT1B1;GAMT;DIO1;P4HA1;ALDH7A1;CGA;ACADL;GGH;CKMT2;SLC22A4;ACADM;NFE2L2	GLOM	GO_BP	no_proc_ieg	10098
GOBP_LIPID_CATABOLIC_PROCESS	-1.9025738208889496	0.0	0.017051082774621983	73/227	LPIN1;HAO2;PRDX6;BDH2;ACAA1;LPL;ACOX2;ACAT1;ACAD10;SLC27A2;CIDEA;AUH;ECI2;ACADS;CYP4A11;CYP27B1;PCK1;CYP3A4;APOE;PLCE1;PDE3B;PCK2;ACAA2;ACOT7;PLAAT2;ETFA;DPEP1;PNPLA4;GDPD3;PRKCE;GBA3;CYP4F2;ABCD3;AADAC;FABP1;HSD17B14;LCT;IRS2;PNLIPRP2;ECH1;AKR1C3;PLA2G2A;APOC3;ADTRP;PEX13;PHYH;IVD;FAAH;PCCA;CPS1;ACADL;CEL;CYP46A1;APOA2;NEU3;ETFB;MLYCD;SRD5A2;GCDH;ENDOU;ECI1;ALDH3B1;ECHDC2;SPP1;EHHADH;ACADM;ENPP2;SLC25A17;PLA2G1B;SGPP1;ECHDC1;PCCB;GPLD1	GLOM	GO_BP	no_proc_ieg	10098
GOBP_BRANCHED_CHAIN_AMINO_ACID_METABOLIC_PROCESS	-1.9095903698199987	0.0	0.016000344390408074	14/21	ACAT1;MCCC1;AUH;ALDH6A1;DLD;HMGCL;MCCC2;IVD;PCCA;HIBCH;PCCB;ACAD8;ACADSB;BCKDHB	GLOM	GO_BP	no_proc_ieg	10098
GOBP_INNER_MITOCHONDRIAL_MEMBRANE_ORGANIZATION	-1.9121272488640995	0.0	0.015903313259966634	9/25	AFG3L2;HSPA9;OPA1;MICU1;APOO;OXA1L;CHCHD3;MAIP1;LETM1	GLOM	GO_BP	no_proc_ieg	10098
GOBP_SENSORY_PERCEPTION_OF_CHEMICAL_STIMULUS	-1.9132567411807992	0.0	0.016068206145387176	45/96	WNT10B;TAS2R4;OR2F1;SCNN1A;OR7A10;OR12D3;TAAR5;AZGP1;OR10H2;OR3A3;PKD2L1;OR10H3;BBS1;OR10H1;OR52A1;LPO;CA6;OR1G1;OR7A5;NAV2;ASIC3;OR2W1;P2RX2;TAS2R14;FZD2;OR12D2;OR1D2;TAS2R1;OR1F2P;BEST2;CFAP69;OR2C1;PIP;OR1A1;ASIC1;OR5I1;OR3A1;TAS2R8;SCNN1B;CNGB1;VN1R1;TAS2R3;OR2H1;OR10J1;OR2B2	GLOM	GO_BP	no_proc_ieg	10098
GOBP_DETOXIFICATION	-1.9218730314633374	0.0	0.014877046913095809	42/95	ALB;PRDX6;AKR1A1;MT1G;ADH5;MTARC1;TXNRD2;APOE;MTARC2;NQO1;NNT;APOM;MT1X;FABP1;SLC47A1;SLC17A3;MT3;MT1F;GPX3;PRDX3;KDM3B;ABCB1;SLC22A2;MT4;SLC22A1;SLC22A5;HBE1;LPO;GPX2;NFE2L2;ABCG2;FANCC;CAT;HBQ1;MT2A;MT1M;GSTZ1;IPCEF1;BMP7;APOA4;LANCL1;CCS	GLOM	GO_BP	no_proc_ieg	10098
GOBP_INTRACELLULAR_ZINC_ION_HOMEOSTASIS	-1.933355856602577	0.0	0.01319788385547885	14/21	SLC39A14;MT1G;AP3B1;MT1X;MT3;MT1F;SLC1A1;SLC39A4;MT4;SLC30A9;SLC39A6;MT2A;MT1M;SLC30A5	GLOM	GO_BP	no_proc_ieg	10098
GOBP_ACYL_COA_METABOLIC_PROCESS	-1.934869287713532	0.0	0.013373604866095366	21/60	PDK2;ACSM3;HMGCS2;ACAT1;SLC27A2;GLYAT;ACSF2;ACOT11;PIPOX;ACOT7;DLD;ACSM5;ACSBG2;BAAT;PDK4;ACSL1;PDHA1;MLYCD;GCDH;PDK1;MMUT	GLOM	GO_BP	no_proc_ieg	10098
GOBP_SODIUM_ION_TRANSMEMBRANE_TRANSPORT	-1.9495595229283358	0.0	0.010937058683208984	54/120	SLC6A16;CHP2;SLC6A13;SLC34A1;SLC4A5;SLC5A2;SLC13A3;GPD1L;PTPN3;HECW1;SLC4A4;PRKCE;SCNN1A;SLC12A3;ATP12A;SLC17A3;SLC17A1;SLC13A2;PKD2L1;NEDD4L;FGF14;DMD;HCN4;SLC8A1;SNTA1;ANK3;SLC6A2;SCN7A;SCN1A;ASIC3;SLC17A4;SLC13A1;SLC24A3;NPPA;SLC9A6;SLC6A12;FXYD3;SLC8A2;ATP1B1;SLC3A2;SCN2A;SLC6A8;SLC17A7;SLC6A4;FXYD1;ASIC1;SLC6A7;SCNN1B;TRPM2;CNGB1;SLC9A3;NOS1;SCN5A;ATP1A1	GLOM	GO_BP	no_proc_ieg	10098
GOBP_PHOSPHATE_ION_TRANSPORT	-1.9523812076289995	0.0	0.0108306138428276	11/18	SLC37A4;SLC34A1;SLC17A3;SLC17A1;SLC25A10;VDR;CRY2;CEBPB;SLC17A4;FGF23;SLC17A7	GLOM	GO_BP	no_proc_ieg	10098
GOBP_ASPARTATE_FAMILY_AMINO_ACID_METABOLIC_PROCESS	-1.9581166436253001	0.0	0.010289678618198848	16/29	RIDA;BHMT;MSRA;PIPOX;BHMT2;GOT1;MTHFD1;GNMT;ASS1;ASPA;SLC25A12;NIT2;ASRGL1;AASS;SLC25A13;MTHFD2L	GLOM	GO_BP	no_proc_ieg	10098
GOBP_GLUTAMATE_METABOLIC_PROCESS	-1.959771303719928	0.0	0.010281739051363818	12/21	FTCD;PRODH2;PRODH;ALDH4A1;GAD1;GLS;GOT1;ALDH5A1;GLUD2;OAT;GLS2;NR1H4	GLOM	GO_BP	no_proc_ieg	10098
GOBP_METANEPHRIC_TUBULE_DEVELOPMENT	-1.9759943186248217	0.0	0.008334503573881036	6/18	ACAT1;LGR4;SLC22A6;UMOD;SLC22A1;PAX2	GLOM	GO_BP	no_proc_ieg	10098
GOBP_RESPONSE_TO_TOXIC_SUBSTANCE	-1.9962854605772107	0.0	0.006194963781367947	63/177	ALB;SLC22A8;PRDX6;EPHX2;AKR1A1;AIFM1;GLYAT;MT1G;NHERF4;ADH5;TRPM6;MTARC1;BPHL;TXNRD2;PTPN13;APOE;BCL2;MTARC2;PRKN;SDC1;ABTB2;MAOB;NQO1;ALAD;GJC2;NNT;NUPR1;APOM;CDH1;MT1X;ARHGAP33;DDC;PON1;FABP1;SLC47A1;SLC17A3;MT3;ASS1;MT1F;GPX3;PRDX3;KDM3B;ABCB1;CPS1;SLC22A2;MT4;MDM2;SLC22A1;SLC22A5;HBE1;LPO;GPX2;FECH;CDKN1A;PENK;NFE2L2;ABCG2;MPST;FANCC;CAT;CYP1A1;PON3;HBQ1	GLOM	GO_BP	no_proc_ieg	10098
GOBP_MONOSACCHARIDE_BIOSYNTHETIC_PROCESS	-1.997612583083688	0.0	0.0063025725094074305	31/67	SLC37A4;PDK2;AKR1A1;SLC39A14;RBP4;GPD1;FBP1;G6PC1;PCK1;PCK2;PGM1;GOT1;GNMT;ALDOB;LEPR;SIRT1;SLC25A10;RGN;PFKFB1;PGAM2;PPARGC1A;SLC25A12;FBP2;G6PC2;ACADM;PC;PGD;GPT;PGK2;ALDOC;SLC25A13	GLOM	GO_BP	no_proc_ieg	10098
GOBP_SULFUR_AMINO_ACID_METABOLIC_PROCESS	-2.0049544773354833	0.0	0.005590695609179076	14/26	BHMT;MSRA;TST;BHMT2;DPEP1;MTHFD1;FMO1;GNMT;NOX4;AGXT;CPS1;CTH;MMUT;MPST	GLOM	GO_BP	no_proc_ieg	10098
GOBP_L_AMINO_ACID_BIOSYNTHETIC_PROCESS	-2.006616259178309	0.0	0.005714183085688831	18/37	BHMT;BHMT2;PAH;GLS;SHMT1;GOT1;MTHFD1;ASS1;AGXT;PYCR1;CTH;GLUD2;OAT;GLS2;AASS;PCBD1;MTHFD2L;ASL	GLOM	GO_BP	no_proc_ieg	10098
GOBP_EPOXYGENASE_P450_PATHWAY	-2.0078376652879424	0.0	0.00581652666334296	11/15	CYP2B6;CYP4A11;CYP2A13;CYP2C8;CYP4F2;CYP2J2;CYP2E1;CYP1A1;CYP2A6;CYP2C18;CYP2A7	GLOM	GO_BP	no_proc_ieg	10098
GOBP_SODIUM_ION_TRANSPORT	-2.0112745288663114	0.0	0.0055612559006884095	69/155	SLC6A16;CHP2;CLCNKB;SLC6A13;SLC34A1;SLC4A5;SLC5A2;SLC13A3;SLC10A2;GPD1L;PTPN3;HECW1;UMOD;SLC4A4;PRKCE;SCNN1A;NHERF1;SLC12A3;ATP12A;SLC17A3;SLC17A1;SLC13A2;PKD2L1;PER1;NEDD4L;PRSS8;FGF14;SLC5A7;CNTN1;NKX2-5;NKAIN1;DMD;SPTBN4;SLC22A5;HCN4;SLC8A1;SNTA1;ANK3;SLC38A3;SLC6A2;SCN7A;SLC22A4;SCN1A;ASIC3;SLC17A4;SLC13A1;SLC24A3;NPPA;SLC9A6;SLC6A12;FXYD3;PON3;SLC8A2;ATP1B1;SLC3A2;SCN2A;SLC6A8;SLC17A7;SLC6A4;FXYD1;ASIC1;SLC10A1;SLC6A7;SCNN1B;TRPM2;CNGB1;SLC9A3;NOS1;SCN5A	GLOM	GO_BP	no_proc_ieg	10098
GOBP_GLUTAMINE_FAMILY_AMINO_ACID_METABOLIC_PROCESS	-2.0149811632638146	0.0	0.0055395492031837705	20/47	FTCD;PRODH2;DDAH1;ARG2;PRODH;ALDH4A1;GAD1;GLS;GOT1;FAH;ASS1;ALDH5A1;CPS1;NIT2;PYCR1;GLUD2;OAT;GLS2;NR1H4;ASRGL1	GLOM	GO_BP	no_proc_ieg	10098
GOBP_LIPID_MODIFICATION	-2.01767799857437	0.0	0.005581515485026073	70/135	HAO2;BDH2;ACAA1;EPHX2;ACOX2;ACAT1;ACAD10;SLC27A2;PLPPR1;AUH;ECI2;ACADS;ADH5;CYP3A4;DGKB;ACAA2;FMO4;ETFA;CYP2C8;CYP4F2;ABCD3;FMO1;FABP1;IRS2;ECH1;MTMR8;CHRM5;ALOX15;PRKAG2;ALOX12B;PEX13;PDK4;PHYH;IVD;PPARGC1A;ACADL;ETFB;MLYCD;GDF15;GCDH;ADIPOR2;ECI1;APOD;ECHDC2;EHHADH;ACADM;SLC25A17;SGPP1;ECHDC1;CYP2E1;CYP1A1;PEX7;CYP3A5;DECR1;PEX5;FA2H;B3GALT1;ALOXE3;MTMR10;DECR2;AGK;SYNJ2;CPT2;CRAT;ACACB;ETFDH;ADH7;KLHL25;MTMR6;LEP	GLOM	GO_BP	no_proc_ieg	10098
GOBP_NON_PROTEINOGENIC_AMINO_ACID_METABOLIC_PROCESS	-2.0202140598833145	0.0	0.0056267099423947045	25/55	DDAH1;BHMT;ARG2;PRODH;ALDH4A1;DPEP1;GAD1;MTHFD1;SARDH;GNMT;UPB1;ASS1;ALDH8A1;ALDH5A1;KMO;NOX4;P4HA1;KYAT1;ABAT;CPS1;CTH;MMUT;HNF4A;MPST;P4HA2	GLOM	GO_BP	no_proc_ieg	10098
GOBP_CELLULAR_LIPID_CATABOLIC_PROCESS	-2.036327746353694	0.0	0.004617969653926834	62/154	LPIN1;HAO2;PRDX6;BDH2;ACAA1;LPL;ACOX2;ACAT1;ACAD10;SLC27A2;AUH;ECI2;ACADS;CYP4A11;PCK1;PCK2;ACAA2;ACOT7;ETFA;PNPLA4;GDPD3;GBA3;CYP4F2;ABCD3;AADAC;FABP1;LCT;IRS2;PNLIPRP2;ECH1;AKR1C3;APOC3;ADTRP;PEX13;PHYH;IVD;FAAH;PCCA;CPS1;ACADL;CEL;APOA2;NEU3;ETFB;MLYCD;GCDH;ECI1;ALDH3B1;ECHDC2;EHHADH;ACADM;ENPP2;SLC25A17;SGPP1;ECHDC1;PCCB;GPLD1;PEX7;SMPDL3A;ABHD6;DECR1;PEX5	GLOM	GO_BP	no_proc_ieg	10098
GOBP_SENSORY_PERCEPTION_OF_SMELL	-2.0464839285829193	0.0	0.0040759751239335135	27/53	OR2F1;OR7A10;OR12D3;OR10H2;OR3A3;OR10H3;BBS1;OR10H1;OR52A1;OR1G1;OR7A5;NAV2;OR2W1;FZD2;OR12D2;OR1D2;OR1F2P;BEST2;CFAP69;OR2C1;OR1A1;OR5I1;OR3A1;CNGB1;OR2H1;OR10J1;OR2B2	GLOM	GO_BP	no_proc_ieg	10098
GOBP_CELLULAR_RESPONSE_TO_XENOBIOTIC_STIMULUS	-2.049330067230067	0.0	0.003984972154068958	59/137	CYP2B6;ACAA1;GSTM4;GLYAT;FBP1;ABCC2;AOX1;TPMT;BPHL;CYP3A4;EGFR;FMO4;KCNQ3;DPEP1;CRYZ;CES2;NQO1;CYP2A13;CYP2C8;CYP4F2;GSTA4;TFRC;FMO1;AADAC;SLC22A7;RORC;GSTA3;SULT1B1;CYP2J2;ABCB1;ACSL1;RORA;ABCC4;CYP46A1;ALDH3A1;SLC22A1;LPO;FMO5;SOX10;NFE2L2;HNF4A;PDE4B;NR1I2;CYP2E1;GPLD1;CYP1A1;PON3;CYP3A5;AOC2;CYP2A6;CYP2C18;S100A12;BRAF;SULT1A2;CYP2A7;SULT2A1;SLC10A1;SLC28A2;NOS1	GLOM	GO_BP	no_proc_ieg	10098
GOBP_CELLULAR_ALDEHYDE_METABOLIC_PROCESS	-2.0631795520188274	0.0	0.003685402569060277	26/56	ALPL;ALDH3A2;AKR1A1;BMP5;ADH5;PCK1;GRHPR;CYP11B2;AKR7A3;ALDH2;HAGH;ALDOB;ALDH8A1;AKR1C3;DAB2;SLC25A10;ALDH7A1;AGXT;ALDH3A1;ALDH3B1;AKR7A2;TKFC;GLO1;BCO1;SCNN1B;CACNA1H	GLOM	GO_BP	no_proc_ieg	10098
GOBP_PRIMARY_ALCOHOL_METABOLIC_PROCESS	-2.066386863193014	0.0	0.0037349990839648153	38/74	ALDH3A2;AKR1A1;RBP4;BMP5;HSD11B2;CYP3A4;CYP11B2;PNPLA4;GDPD3;ALDH2;CYP2C8;AKR1C3;DAB2;SULT1B1;ADH6;PECR;ALDH1B1;CEL;IGF1;AKR1C4;ALDH3B1;CBR4;DHRS3;AKR7A2;CYP1A1;CYP3A5;CYP2C18;SULT1A2;BCO1;SULT2A1;SCNN1B;CACNA1H;RETSAT;PNLIP;RDH16;ADH7;ALDH1A1;THTPA	GLOM	GO_BP	no_proc_ieg	10098
GOBP_ACETYL_COA_METABOLIC_PROCESS	-2.0840808245964144	0.0	0.0027760695438682308	9/24	PDK2;HMGCS2;ACAT1;PIPOX;DLD;PDK4;PDHA1;MLYCD;PDK1	GLOM	GO_BP	no_proc_ieg	10098
GOBP_BRANCHED_CHAIN_AMINO_ACID_CATABOLIC_PROCESS	-2.084438721444363	0.0	0.002922178467229717	12/17	ACAT1;MCCC1;AUH;ALDH6A1;DLD;HMGCL;MCCC2;IVD;HIBCH;ACAD8;ACADSB;BCKDHB	GLOM	GO_BP	no_proc_ieg	10098
GOBP_ONE_CARBON_METABOLIC_PROCESS	-2.101192315971391	0.0	0.0019584264859740606	18/29	CA2;AHCY;MTHFD2;ALDH1L1;CA12;CA5B;SHMT1;MTHFD1;CA10;GNMT;AHCYL2;SFXN1;CA6;CA4;CA14;CA3;CA9;MTHFD2L	GLOM	GO_BP	no_proc_ieg	10098
GOBP_GLUTAMINE_FAMILY_AMINO_ACID_CATABOLIC_PROCESS	-2.1014634205883356	0.0	0.0020217873428732213	16/17	PRODH2;DDAH1;ARG2;PRODH;ALDH4A1;GAD1;GLS;GOT1;FAH;GLUD2;OAT;GLS2;ASRGL1;GAD2;NOS1;NOS2	GLOM	GO_BP	no_proc_ieg	10098
GOBP_MONOCARBOXYLIC_ACID_METABOLIC_PROCESS	-2.1632249766668843	0.0	0.0009914534085243682	157/417	PDK2;LPIN1;FTCD;ALDH3A2;ACSM3;DCXR;ECHDC3;CYP2B6;HAO2;BDH2;ACAA1;LPL;ACOX2;ACAT1;ACAD10;AKR1A1;SLC27A2;GSTM4;OGDHL;GATM;GPD1;GLYAT;FBP1;MCCC1;PRKAR2B;AUH;ACSF2;ECI2;ACADS;ACOT11;ADH5;CYP4A11;PCK1;GRHPR;CYP3A4;UCP3;PCK2;ACAA2;PGM1;ACOT7;FMO4;DLD;ETFA;CRYL1;OSBPL9;GAD1;CES2;SLC4A4;ABHD10;PRKCE;CYP2A13;PRKAB1;NUPR1;CYP2C8;ACBD4;CYP4F2;ABCD3;PFKFB2;FMO1;FABP1;TYRP1;IRS2;FAH;HAGH;ACSM5;ALDOB;PKLR;ECH1;ALDH8A1;AKR1C3;SIRT1;HSD17B8;ALDH5A1;GAMT;ALOX15;APOC3;KMO;ACSBG2;CYP2J2;ASPA;PRKAG2;ALOX12B;INSIG2;DHTKD1;AGXT;BAAT;ADH6;ADTRP;PEX13;LDHC;PRKAG1;GHSR;PDK4;ABAT;ACSL1;PECR;PHYH;IVD;RGN;FAAH;PCCA;PDHA1;SLC22A13;PFKFB1;PGAM2;PPARGC1A;GALK1;ACADL;FABP2;CYP46A1;MLXIPL;IGF1;ETFB;MLYCD;KIT;GDF15;GCDH;AKR1C4;ADIPOR2;NCOR1;ECI1;PDK1;LDHAL6B;ECHDC2;INSR;FGFR4;CBR4;MMUT;XYLB;EHHADH;ACADM;OLAH;NR1H4;SLC25A17;PLA2G1B;ECHDC1;HAAO;CYP2E1;ERLIN1;PCCB;PC;PGD;CYP1A1;PEX7;CYP3A5;CYP2A6;PGK2;ALDOC;AVP;ABHD6;CYP2C18;PROX1;DECR1;PEX5;ERLIN2;ACADSB;SLC6A8	GLOM	GO_BP	no_proc_ieg	10098
GOBP_FATTY_ACID_METABOLIC_PROCESS	-2.17799507736113	0.0	0.0007050335349506618	104/262	PDK2;LPIN1;ALDH3A2;ACSM3;ECHDC3;CYP2B6;HAO2;BDH2;ACAA1;LPL;ACOX2;ACAT1;ACAD10;SLC27A2;GSTM4;PRKAR2B;AUH;ACSF2;ECI2;ACADS;ACOT11;ADH5;CYP4A11;PCK1;CYP3A4;UCP3;PCK2;ACAA2;ACOT7;FMO4;ETFA;CRYL1;CES2;CYP2A13;PRKAB1;CYP2C8;ACBD4;CYP4F2;ABCD3;FMO1;FABP1;TYRP1;IRS2;ACSM5;ECH1;AKR1C3;SIRT1;HSD17B8;ALOX15;APOC3;ACSBG2;CYP2J2;PRKAG2;ALOX12B;INSIG2;BAAT;ADTRP;PEX13;PRKAG1;GHSR;PDK4;ACSL1;PECR;PHYH;IVD;RGN;FAAH;PCCA;SLC22A13;PPARGC1A;ACADL;FABP2;MLXIPL;ETFB;MLYCD;GDF15;GCDH;AKR1C4;ADIPOR2;NCOR1;ECI1;PDK1;ECHDC2;CBR4;MMUT;EHHADH;ACADM;OLAH;SLC25A17;PLA2G1B;ECHDC1;CYP2E1;ERLIN1;PCCB;CYP1A1;PEX7;CYP2A6;AVP;ABHD6;CYP2C18;DECR1;PEX5;ERLIN2;ACADSB	GLOM	GO_BP	no_proc_ieg	10098
GOBP_XENOBIOTIC_CATABOLIC_PROCESS	-2.203237275778503	0.0	0.0004406459593441636	13/17	CYP2B6;ACAA1;GSTM4;TPMT;CYP3A4;FMO4;CRYZ;CYP2C8;ACSL1;NR1I2;CYP1A1;CYP3A5;CYP2A6	GLOM	GO_BP	no_proc_ieg	10098
GOBP_FATTY_ACID_BETA_OXIDATION	-2.2845380036733243	0.0	6.779168605294826e-05	35/55	BDH2;ACAA1;ACOX2;ACAT1;ACAD10;SLC27A2;AUH;ECI2;ACADS;ACAA2;ETFA;ABCD3;FABP1;IRS2;ECH1;IVD;ACADL;ETFB;MLYCD;GCDH;ECI1;ECHDC2;EHHADH;ACADM;SLC25A17;ECHDC1;PEX7;DECR1;PEX5;DECR2;CPT2;CRAT;ACACB;ETFDH;LEP	GLOM	GO_BP	no_proc_ieg	10098
GOBP_XENOBIOTIC_METABOLIC_PROCESS	-2.308554530231606	0.0	0.0	47/85	CYP2B6;ACAA1;GSTM4;GLYAT;ABCC2;AOX1;TPMT;BPHL;CYP3A4;FMO4;CRYZ;CES2;NQO1;CYP2A13;CYP2C8;CYP4F2;GSTA4;FMO1;AADAC;SLC22A7;RORC;GSTA3;SULT1B1;CYP2J2;ABCB1;ACSL1;RORA;ABCC4;CYP46A1;ALDH3A1;SLC22A1;LPO;FMO5;HNF4A;NR1I2;CYP2E1;CYP1A1;CYP3A5;AOC2;CYP2A6;CYP2C18;S100A12;SULT1A2;CYP2A7;SULT2A1;SLC28A2;NOS1	GLOM	GO_BP	no_proc_ieg	10098
GOBP_DICARBOXYLIC_ACID_METABOLIC_PROCESS	-2.3223928976259183	0.0	0.0	26/60	FTCD;PRODH2;OGDHL;MTHFD2;ALDH1L1;PRODH;PCK1;GRHPR;ALDH4A1;PCK2;GAD1;GLS;SHMT1;GOT1;MTHFD1;QPRT;ASS1;FOLR1;ALDH5A1;KMO;ASPA;PHYH;NIT2;GLUD2;OAT;GLS2	GLOM	GO_BP	no_proc_ieg	10098
GOBP_AMINO_ACID_METABOLIC_PROCESS	-2.3962517590385386	0.0	0.0	89/197	FTCD;RIDA;PRODH2;QDPR;ACAT1;DDAH1;BHMT;GLYAT;MCCC1;MSRA;ARG2;AUH;PEPD;PRODH;PIPOX;BPHL;ALDH6A1;ALDH4A1;HPD;BHMT2;AMT;DLD;ETFA;DPEP1;PAH;GAD1;GLS;HMGCL;MCCC2;SHMT1;GOT1;GLDC;NARS2;DARS1;MTHFD1;DDC;SARDH;FAH;GNMT;UPB1;ASS1;ART4;ALDH8A1;CRYM;ALDH5A1;KMO;NOX4;DIO1;ASPA;P4HA1;AGXT;BAAT;KYAT1;ABAT;IVD;PCCA;DCT;CPS1;SLC25A12;NIT2;ETFB;PYCR1;CTH;GCDH;OCA2;GLUD2;OAT;GLS2;HIBCH;MMUT;NR1H4;HNF4A;ASRGL1;SARS2;HAAO;MPST;PCCB;P4HA2;ACAD8;GPT;AASS;ENOSF1;SLC25A13;ACADSB;PCBD1;MTHFD2L;BCKDHB;ASL;SRR	GLOM	GO_BP	no_proc_ieg	10098
GOBP_LIPID_OXIDATION	-2.4163908243267493	0.0	0.0	53/84	HAO2;BDH2;ACAA1;ACOX2;ACAT1;ACAD10;SLC27A2;AUH;ECI2;ACADS;ADH5;ACAA2;FMO4;ETFA;CYP4F2;ABCD3;FMO1;FABP1;IRS2;ECH1;ALOX15;PRKAG2;ALOX12B;PEX13;PDK4;PHYH;IVD;PPARGC1A;ACADL;ETFB;MLYCD;GDF15;GCDH;ADIPOR2;ECI1;APOD;ECHDC2;EHHADH;ACADM;SLC25A17;ECHDC1;PEX7;DECR1;PEX5;ALOXE3;DECR2;CPT2;CRAT;ACACB;ETFDH;ADH7;KLHL25;LEP	GLOM	GO_BP	no_proc_ieg	10098
GOBP_L_AMINO_ACID_METABOLIC_PROCESS	-2.461426668096956	0.0	0.0	59/121	FTCD;RIDA;PRODH2;QDPR;DDAH1;BHMT;GLYAT;MCCC1;MSRA;ARG2;AUH;PRODH;PIPOX;ALDH4A1;HPD;BHMT2;AMT;PAH;GAD1;GLS;HMGCL;MCCC2;SHMT1;GOT1;GLDC;MTHFD1;FAH;GNMT;ASS1;ALDH8A1;ALDH5A1;KMO;ASPA;P4HA1;AGXT;BAAT;KYAT1;IVD;DCT;CPS1;SLC25A12;NIT2;PYCR1;CTH;OCA2;GLUD2;OAT;GLS2;NR1H4;ASRGL1;MPST;P4HA2;GPT;AASS;SLC25A13;PCBD1;MTHFD2L;ASL;SRR	GLOM	GO_BP	no_proc_ieg	10098
GOBP_SMALL_MOLECULE_CATABOLIC_PROCESS	-2.4963539523391924	0.0	0.0	130/263	LPIN1;FTCD;RIDA;DCXR;PRODH2;QDPR;HAO2;BDH2;ACAA1;ACOX2;ACAT1;ACAD10;AKR1A1;SLC27A2;DDAH1;MCCC1;ARG2;AUH;ECI2;ACADS;NQO2;ALDH1L1;TST;ADH5;CYP4A11;PRODH;CYP27B1;PIPOX;PCK1;CYP3A4;APOE;ALDH6A1;ALDH4A1;PCK2;ACAA2;HPD;PGM1;ACOT7;AMT;DLD;ETFA;DPEP1;PAH;CRYL1;GAD1;GLS;FUT6;HMGCL;MCCC2;SHMT1;GOT1;ALDH2;GLDC;CYP4F2;ABCD3;PON1;PFKFB2;FMO1;FABP1;SARDH;IRS2;FAH;UPB1;HAGH;QPRT;ALDOB;ECH1;ALDH8A1;CDADC1;AKR1C3;CRYM;SULT1B1;ALDH5A1;RBKS;KMO;AGXT;ADTRP;PEX13;KYAT1;LDHC;ABAT;PHYH;IVD;FAAH;PCCA;RENBP;ALDH1B1;PGAM2;GALK1;ACADL;CYP46A1;MPI;ETFB;MLYCD;GCDH;GLUD2;OAT;GLS2;ECI1;ALDH3B1;HIBCH;ECHDC2;XYLB;EHHADH;ACADM;SLC25A17;ASRGL1;ECHDC1;HAAO;MPST;PNP;PCCB;PGD;ACAD8;CYP1A1;PEX7;GPT;PON3;TKFC;AASS;PGK2;FGF23;XDH;ADCY10;DECR1;PEX5;ACADSB;BCKDHB;SULT1A2;HNMT	GLOM	GO_BP	no_proc_ieg	10098
GOBP_L_AMINO_ACID_CATABOLIC_PROCESS	-2.506596363229411	0.0	0.0	28/47	RIDA;PRODH2;QDPR;DDAH1;MCCC1;ARG2;AUH;PRODH;PIPOX;ALDH4A1;HPD;AMT;PAH;GAD1;GLS;HMGCL;MCCC2;SHMT1;GOT1;GLDC;FAH;ALDH8A1;AGXT;KYAT1;IVD;GLUD2;OAT;GLS2	GLOM	GO_BP	no_proc_ieg	10098
GOBP_ALPHA_AMINO_ACID_METABOLIC_PROCESS	-2.5367084781694076	0.0	0.0	73/145	FTCD;RIDA;PRODH2;QDPR;ACAT1;DDAH1;BHMT;GLYAT;MCCC1;MSRA;ARG2;AUH;PRODH;PIPOX;ALDH6A1;ALDH4A1;HPD;BHMT2;AMT;DPEP1;PAH;GAD1;GLS;HMGCL;MCCC2;SHMT1;GOT1;GLDC;MTHFD1;SARDH;FAH;GNMT;ASS1;ART4;ALDH8A1;CRYM;ALDH5A1;KMO;NOX4;ASPA;P4HA1;AGXT;BAAT;KYAT1;IVD;DCT;CPS1;SLC25A12;NIT2;PYCR1;CTH;GCDH;OCA2;GLUD2;OAT;GLS2;HIBCH;MMUT;NR1H4;HNF4A;ASRGL1;HAAO;MPST;P4HA2;ACAD8;GPT;AASS;SLC25A13;ACADSB;PCBD1;MTHFD2L;ASL;SRR	GLOM	GO_BP	no_proc_ieg	10098
GOBP_FATTY_ACID_CATABOLIC_PROCESS	-2.5530539430918724	0.0	0.0	42/73	LPIN1;HAO2;BDH2;ACAA1;ACOX2;ACAT1;ACAD10;SLC27A2;AUH;ECI2;ACADS;CYP4A11;PCK1;PCK2;ACAA2;ACOT7;ETFA;CYP4F2;ABCD3;FABP1;IRS2;ECH1;ADTRP;PEX13;PHYH;IVD;FAAH;PCCA;ACADL;ETFB;MLYCD;GCDH;ECI1;ECHDC2;EHHADH;ACADM;SLC25A17;ECHDC1;PCCB;PEX7;DECR1;PEX5	GLOM	GO_BP	no_proc_ieg	10098
GOBP_MONOCARBOXYLIC_ACID_CATABOLIC_PROCESS	-2.5642220913531264	0.0	0.0	48/89	LPIN1;DCXR;HAO2;BDH2;ACAA1;ACOX2;ACAT1;ACAD10;AKR1A1;SLC27A2;AUH;ECI2;ACADS;CYP4A11;PCK1;PCK2;ACAA2;ACOT7;ETFA;CRYL1;CYP4F2;ABCD3;FABP1;IRS2;FAH;ECH1;AGXT;ADTRP;PEX13;LDHC;PHYH;IVD;FAAH;PCCA;ACADL;ETFB;MLYCD;GCDH;ECI1;ECHDC2;XYLB;EHHADH;ACADM;SLC25A17;ECHDC1;PCCB;PGD;PEX7	GLOM	GO_BP	no_proc_ieg	10098
GOBP_AMINO_ACID_CATABOLIC_PROCESS	-2.6418481357373973	0.0	0.0	53/73	RIDA;PRODH2;QDPR;ACAT1;DDAH1;MCCC1;ARG2;AUH;PRODH;PIPOX;ALDH6A1;ALDH4A1;HPD;AMT;DLD;ETFA;PAH;GAD1;GLS;HMGCL;MCCC2;SHMT1;GOT1;GLDC;SARDH;FAH;ALDH8A1;CRYM;ALDH5A1;KMO;AGXT;KYAT1;ABAT;IVD;ETFB;GLUD2;OAT;GLS2;HIBCH;ASRGL1;HAAO;ACAD8;GPT;AASS;ENOSF1;ACADSB;BCKDHB;GSTZ1;GAD2;NOS1;NOS2;KYAT3;BCKDHA	GLOM	GO_BP	no_proc_ieg	10098
GOBP_ORGANIC_ACID_CATABOLIC_PROCESS	-2.7980837343342384	0.0	0.0	95/170	LPIN1;FTCD;RIDA;DCXR;PRODH2;QDPR;HAO2;BDH2;ACAA1;ACOX2;ACAT1;ACAD10;AKR1A1;SLC27A2;DDAH1;MCCC1;ARG2;AUH;ECI2;ACADS;ALDH1L1;TST;CYP4A11;PRODH;PIPOX;PCK1;ALDH6A1;ALDH4A1;PCK2;ACAA2;HPD;ACOT7;AMT;DLD;ETFA;DPEP1;PAH;CRYL1;GAD1;GLS;HMGCL;MCCC2;SHMT1;GOT1;GLDC;CYP4F2;ABCD3;PON1;FMO1;FABP1;SARDH;IRS2;FAH;QPRT;ECH1;ALDH8A1;CRYM;ALDH5A1;KMO;AGXT;ADTRP;PEX13;KYAT1;LDHC;ABAT;PHYH;IVD;FAAH;PCCA;RENBP;ACADL;ETFB;MLYCD;GCDH;GLUD2;OAT;GLS2;ECI1;HIBCH;ECHDC2;XYLB;EHHADH;ACADM;SLC25A17;ASRGL1;ECHDC1;HAAO;MPST;PCCB;PGD;ACAD8;PEX7;GPT;PON3;AASS	GLOM	GO_BP	no_proc_ieg	10098
